frame,raw_num_people,anomaly,track_id,conf_ok,boundary_ok,overlap_ok,conf_ls,conf_rs,conf_lw,conf_rw,ls_x,ls_y,rs_x,rs_y,lw_x,lw_y,rw_x,rw_y,shoulder_dist,wrist_dist,ratio,frontal,hands_now,consecutive_frames,confirmed
0,3,0,0,1,1,1,0.9878,0.9927,0.9004,0.9429,647.0,306.0,545.5,306.5,617.0,314.0,585.0,304.0,101.5012,33.5261,0.3303,1,1,1,0
0,3,0,1,1,1,1,0.9902,0.9902,0.9165,0.9263,955.5,356.0,850.5,352.0,916.0,386.5,891.0,385.0,105.0762,25.045,0.2384,1,1,1,0
0,3,0,2,1,1,1,0.9917,0.9927,0.9292,0.9365,796.0,344.5,694.0,352.5,746.0,374.0,728.5,378.5,102.3132,18.0693,0.1766,1,1,1,0
1,3,0,0,1,1,1,0.9878,0.9927,0.8999,0.9434,647.0,306.0,545.0,306.5,617.0,314.0,585.0,304.0,102.0012,33.5261,0.3287,1,1,2,0
1,3,0,1,1,1,1,0.9902,0.9907,0.9155,0.9272,955.5,356.0,851.0,352.5,915.5,385.0,891.0,384.5,104.5586,24.5051,0.2344,1,1,2,0
1,3,0,2,1,1,1,0.9917,0.9927,0.9287,0.9365,796.0,344.5,693.5,352.5,746.0,374.5,728.5,379.0,102.8117,18.0693,0.1758,1,1,2,0
2,3,0,1,1,1,1,0.9902,0.9907,0.917,0.9297,955.5,356.5,851.0,352.0,916.0,384.0,891.5,384.0,104.5968,24.5,0.2342,1,1,3,0
2,3,0,0,1,1,1,0.9873,0.9932,0.8965,0.9463,646.0,306.0,545.5,306.5,616.0,313.0,584.5,304.0,100.5012,32.7605,0.326,1,1,3,0
2,3,0,2,1,1,1,0.9917,0.9927,0.9282,0.9375,796.0,345.0,694.0,352.5,747.0,375.0,728.0,380.0,102.2754,19.6469,0.1921,1,1,3,0
3,3,0,0,1,1,1,0.9873,0.9932,0.8965,0.9458,646.0,306.0,545.5,306.5,616.0,313.5,584.5,304.0,100.5012,32.9014,0.3274,1,1,4,0
3,3,0,1,1,1,1,0.9902,0.9907,0.916,0.9297,955.5,356.5,851.0,352.0,916.0,383.5,891.5,384.0,104.5968,24.5051,0.2343,1,1,4,0
3,3,0,2,1,1,1,0.9917,0.9927,0.9277,0.9375,796.0,345.0,694.0,352.5,747.0,375.0,728.0,380.0,102.2754,19.6469,0.1921,1,1,4,0
4,3,0,0,1,1,1,0.9873,0.9927,0.8965,0.9448,646.0,306.0,545.0,306.5,616.5,314.0,585.0,303.5,101.0012,33.2039,0.3287,1,1,5,0
4,3,0,1,1,1,1,0.9907,0.9907,0.9194,0.9287,955.5,356.0,851.5,352.0,916.5,384.5,892.0,384.5,104.0769,24.5,0.2354,1,1,5,0
4,3,0,2,1,1,1,0.9917,0.9927,0.9297,0.9375,796.0,345.5,693.5,353.0,746.0,374.0,728.5,379.5,102.774,18.3439,0.1785,1,1,5,0
5,3,0,0,1,1,1,0.9868,0.9932,0.8955,0.9458,646.0,306.0,545.0,306.5,616.5,313.0,585.5,303.0,101.0012,32.573,0.3225,1,1,6,1
5,3,0,1,1,1,1,0.9902,0.9907,0.9175,0.9282,955.5,356.5,851.5,351.5,916.5,384.0,892.5,384.5,104.1201,24.0052,0.2306,1,1,6,1
5,3,0,2,1,1,1,0.9917,0.9927,0.9297,0.937,796.0,345.5,693.5,353.0,746.5,374.5,727.5,380.0,102.774,19.78,0.1925,1,1,6,1
6,3,0,0,1,1,1,0.9873,0.9927,0.8965,0.9438,646.0,305.0,545.0,306.0,616.0,312.0,585.0,303.0,101.005,32.28,0.3196,1,1,7,1
6,3,0,1,1,1,1,0.9902,0.9907,0.9185,0.9282,955.5,356.5,851.0,352.0,917.5,385.5,891.5,385.5,104.5968,26.0,0.2486,1,1,7,1
6,3,0,2,1,1,1,0.9917,0.9927,0.9297,0.936,797.0,345.5,693.5,353.5,746.5,377.0,728.0,382.5,103.8087,19.3003,0.1859,1,1,7,1
7,3,0,1,1,1,1,0.9902,0.9907,0.9175,0.9292,955.0,356.5,851.0,351.5,917.5,386.5,891.5,385.5,104.1201,26.0192,0.2499,1,1,8,1
7,3,0,0,1,1,1,0.9873,0.9932,0.8984,0.9458,646.0,305.0,544.5,306.0,616.5,313.0,585.0,303.5,101.5049,32.9014,0.3241,1,1,8,1
7,3,0,2,1,1,1,0.9917,0.9927,0.9282,0.937,797.0,346.0,694.0,354.0,747.5,378.0,727.0,382.5,103.3102,20.9881,0.2032,1,1,8,1
8,3,0,1,1,1,1,0.9902,0.9907,0.917,0.9292,955.0,356.5,851.0,351.5,917.5,386.5,891.5,385.5,104.1201,26.0192,0.2499,1,1,9,1
8,3,0,0,1,1,1,0.9873,0.9932,0.8979,0.9448,646.0,305.0,544.5,306.0,616.5,313.0,585.0,304.0,101.5049,32.7605,0.3227,1,1,9,1
8,3,0,2,1,1,1,0.9917,0.9927,0.9282,0.937,797.0,346.0,694.0,354.0,747.5,378.0,727.0,382.5,103.3102,20.9881,0.2032,1,1,9,1
9,3,0,1,1,1,1,0.9902,0.9907,0.9175,0.9287,956.0,356.0,851.5,352.0,917.5,385.0,892.5,385.5,104.5765,25.005,0.2391,1,1,10,1
9,3,0,0,1,1,1,0.9863,0.9937,0.8921,0.9487,646.0,305.5,545.0,306.5,616.5,313.0,585.0,303.5,101.005,32.9014,0.3257,1,1,10,1
9,3,0,2,1,1,1,0.9917,0.9922,0.9287,0.9346,797.0,346.0,694.0,353.5,748.0,380.0,728.0,385.0,103.2727,20.6155,0.1996,1,1,10,1
10,3,0,1,1,1,1,0.9902,0.9907,0.918,0.9292,956.0,356.5,851.5,352.0,917.5,384.5,892.5,386.0,104.5968,25.045,0.2394,1,1,11,1
10,3,0,0,1,1,1,0.9863,0.9937,0.8916,0.9482,646.0,305.5,544.5,306.0,616.5,312.5,585.0,303.5,101.5012,32.7605,0.3228,1,1,11,1
10,3,0,2,1,1,1,0.9917,0.9922,0.9292,0.9346,797.0,346.0,694.0,353.5,747.5,379.5,728.0,385.0,103.2727,20.2608,0.1962,1,1,11,1
11,3,0,1,1,1,1,0.9907,0.9907,0.9194,0.9307,955.5,356.5,852.0,352.0,918.0,386.0,893.5,383.0,103.5978,24.683,0.2383,1,1,12,1
11,3,0,0,1,1,1,0.9873,0.9937,0.895,0.9492,647.0,306.0,544.5,306.0,615.5,312.5,585.0,302.5,102.5,32.0975,0.3131,1,1,12,1
11,3,0,2,1,1,1,0.9922,0.9922,0.9312,0.9341,797.0,346.0,694.0,353.5,746.0,378.0,728.0,384.5,103.2727,19.1377,0.1853,1,1,12,1
12,3,0,1,1,1,1,0.9907,0.9907,0.9199,0.9302,955.5,356.5,852.0,352.0,918.0,386.0,893.0,383.0,103.5978,25.1794,0.243,1,1,13,1
12,3,0,0,1,1,1,0.9873,0.9937,0.8965,0.9497,647.0,306.0,544.5,306.0,615.5,312.5,585.0,302.5,102.5,32.0975,0.3131,1,1,13,1
12,3,0,2,1,1,1,0.9922,0.9922,0.9312,0.9336,797.0,346.0,694.0,353.5,746.0,378.0,728.0,384.5,103.2727,19.1377,0.1853,1,1,13,1
13,3,0,1,1,1,1,0.9907,0.9907,0.9214,0.9292,956.0,357.0,852.0,351.5,919.0,387.0,892.5,385.5,104.1453,26.5424,0.2549,1,1,14,1
13,3,0,0,1,1,1,0.9873,0.9932,0.8975,0.9478,646.5,305.5,544.5,306.5,616.5,313.0,585.0,303.5,102.0049,32.9014,0.3225,1,1,14,1
13,3,0,2,1,1,1,0.9917,0.9922,0.9292,0.9355,797.0,345.5,694.0,353.0,747.0,377.5,728.0,383.0,103.2727,19.78,0.1915,1,1,14,1
14,3,0,1,1,1,1,0.9907,0.9907,0.9194,0.9297,955.5,356.0,852.0,350.5,919.0,387.0,892.0,386.0,103.646,27.0185,0.2607,1,1,15,1
14,3,0,0,1,1,1,0.9873,0.9927,0.8975,0.9448,646.0,305.0,545.0,306.0,617.0,312.0,585.0,302.0,101.005,33.5261,0.3319,1,1,15,1
14,3,0,2,1,1,1,0.9922,0.9922,0.9331,0.9351,797.0,346.0,694.5,353.5,747.0,376.0,726.5,382.5,102.774,21.5058,0.2093,1,1,15,1
15,3,0,1,1,1,1,0.9907,0.9907,0.9199,0.9297,955.5,356.0,852.0,350.5,919.0,387.0,892.0,386.0,103.646,27.0185,0.2607,1,1,16,1
15,3,0,0,1,1,1,0.9873,0.9932,0.8975,0.9448,646.0,305.0,545.0,306.0,617.0,311.5,585.0,302.0,101.005,33.3804,0.3305,1,1,16,1
15,3,0,2,1,1,1,0.9922,0.9922,0.9336,0.9351,797.0,346.0,694.5,353.5,746.5,375.5,726.5,382.5,102.774,21.1896,0.2062,1,1,16,1
16,3,0,1,1,1,1,0.9907,0.9907,0.9209,0.9287,956.0,356.0,852.0,351.0,919.0,388.0,893.0,385.0,104.1201,26.1725,0.2514,1,1,17,1
16,3,0,0,1,1,1,0.9873,0.9932,0.8979,0.9463,646.0,304.5,545.0,305.5,616.5,312.5,584.0,303.0,101.005,33.86,0.3352,1,1,17,1
16,3,0,2,1,1,1,0.9922,0.9922,0.9341,0.9346,796.5,346.5,694.5,353.0,748.5,380.5,725.0,385.5,102.2069,24.026,0.2351,1,1,17,1
17,3,0,1,1,1,1,0.9907,0.9907,0.9204,0.9282,956.0,356.5,852.0,351.0,919.0,388.0,892.5,385.0,104.1453,26.6693,0.2561,1,1,18,1
17,3,0,0,1,1,1,0.9873,0.9932,0.8984,0.9458,646.0,304.5,545.0,305.5,616.5,312.0,584.0,303.0,101.005,33.7231,0.3339,1,1,18,1
17,3,0,2,1,1,1,0.9922,0.9922,0.9341,0.9346,796.5,346.5,694.5,353.0,749.0,380.0,725.0,385.5,102.2069,24.6221,0.2409,1,1,18,1
18,3,0,1,1,1,1,0.9912,0.9907,0.9248,0.9277,956.0,357.0,852.0,351.0,919.0,386.5,894.0,384.0,104.1729,25.1247,0.2412,1,1,19,1
18,3,0,0,1,1,1,0.9873,0.9932,0.8965,0.9468,646.0,305.0,545.0,306.0,617.0,313.0,585.0,303.0,101.005,33.5261,0.3319,1,1,19,1
18,3,0,2,1,1,1,0.9922,0.9922,0.9302,0.9336,796.0,346.0,694.0,353.0,750.0,381.5,727.5,387.0,102.2399,23.1625,0.2266,1,1,19,1
19,3,0,1,1,1,1,0.9912,0.9902,0.9248,0.9272,956.0,357.0,852.0,351.0,919.0,386.5,894.0,384.5,104.1729,25.0799,0.2408,1,1,20,1
19,3,0,0,1,1,1,0.9873,0.9932,0.896,0.9468,646.0,305.0,545.0,306.0,616.5,313.5,585.0,303.0,101.005,33.2039,0.3287,1,1,20,1
19,3,0,2,1,1,1,0.9922,0.9922,0.9302,0.9336,796.0,346.0,694.0,353.0,749.5,381.5,727.0,387.0,102.2399,23.1625,0.2266,1,1,20,1
20,3,0,1,1,1,1,0.9907,0.9907,0.9229,0.9287,956.5,357.0,853.0,351.5,919.5,387.0,894.0,385.0,103.646,25.5783,0.2468,1,1,21,1
20,3,0,0,1,1,1,0.9873,0.9932,0.897,0.9478,646.5,305.0,545.0,306.0,616.5,312.5,585.5,302.5,101.5049,32.573,0.3209,1,1,21,1
20,3,0,2,1,1,1,0.9917,0.9927,0.9307,0.9365,796.0,344.5,694.5,352.5,747.0,375.0,729.0,382.0,101.8148,19.3132,0.1897,1,1,21,1
21,3,0,1,1,1,1,0.9912,0.9907,0.9243,0.9272,956.5,357.0,853.0,351.5,919.5,387.5,894.0,385.0,103.646,25.6223,0.2472,1,1,22,1
21,3,0,0,1,1,1,0.9873,0.9932,0.8984,0.9468,647.0,305.0,545.0,306.5,616.0,312.0,585.5,302.0,102.011,32.0975,0.3146,1,1,22,1
21,3,0,2,1,1,1,0.9917,0.9927,0.9268,0.9365,796.0,344.5,694.5,352.5,747.5,375.5,729.5,379.5,101.8148,18.4391,0.1811,1,1,22,1
22,3,0,1,1,1,1,0.9912,0.9907,0.9243,0.9277,956.5,357.0,853.0,351.5,919.5,387.0,894.0,385.0,103.646,25.5783,0.2468,1,1,23,1
22,3,0,0,1,1,1,0.9873,0.9932,0.8984,0.9463,646.5,305.0,545.0,306.5,616.0,312.0,585.5,302.0,101.5111,32.0975,0.3162,1,1,23,1
22,3,0,2,1,1,1,0.9917,0.9927,0.9268,0.937,796.0,344.5,694.5,352.5,747.5,375.5,729.5,380.0,101.8148,18.554,0.1822,1,1,23,1
23,3,0,1,1,1,1,0.9912,0.9907,0.9268,0.9287,957.0,357.0,853.0,351.5,920.0,389.0,894.0,385.5,104.1453,26.2345,0.2519,1,1,24,1
23,3,0,0,1,1,1,0.9883,0.9927,0.9043,0.9434,646.0,305.0,544.5,305.5,615.5,312.5,583.0,302.5,101.5012,34.0037,0.335,1,1,24,1
23,3,0,2,1,1,1,0.9922,0.9922,0.9336,0.9355,796.0,344.5,694.5,353.0,747.5,373.5,726.5,377.5,101.8553,21.3776,0.2099,1,1,24,1
24,3,0,1,1,1,1,0.9912,0.9907,0.9268,0.9287,957.0,357.0,852.5,351.0,919.5,388.5,894.0,385.5,104.6721,25.6759,0.2453,1,1,25,1
24,3,0,0,1,1,1,0.9883,0.9927,0.9048,0.9438,646.0,305.0,544.5,306.0,615.5,313.0,583.0,303.0,101.5049,34.0037,0.335,1,1,25,1
24,3,0,2,1,1,1,0.9922,0.9922,0.9341,0.936,796.0,344.5,694.5,353.0,747.5,373.5,727.0,377.5,101.8553,20.8866,0.2051,1,1,25,1
25,3,0,1,1,1,1,0.9912,0.9902,0.9243,0.9272,957.5,357.0,852.5,351.5,920.0,389.0,894.5,386.5,105.1439,25.6223,0.2437,1,1,26,1
25,3,0,0,1,1,1,0.9883,0.9932,0.9038,0.9453,646.5,304.5,545.0,305.0,615.5,313.5,583.5,302.0,101.5012,34.0037,0.335,1,1,26,1
25,3,0,2,1,1,1,0.9922,0.9922,0.9351,0.9336,796.0,345.0,695.0,353.0,746.5,374.5,727.5,377.0,101.3163,19.1638,0.1891,1,1,26,1
26,3,0,1,1,1,1,0.9912,0.9902,0.9243,0.9268,957.5,357.0,852.5,351.0,920.0,389.0,895.0,386.5,105.1713,25.1247,0.2389,1,1,27,1
26,3,0,0,1,1,1,0.9883,0.9932,0.9043,0.9458,646.5,304.0,545.0,305.0,615.5,313.5,583.5,302.0,101.5049,34.0037,0.335,1,1,27,1
26,3,0,2,1,1,1,0.9922,0.9922,0.9351,0.9336,795.5,344.5,695.0,353.0,746.5,374.5,727.5,377.0,100.8588,19.1638,0.19,1,1,27,1
27,3,0,1,1,1,1,0.9912,0.9902,0.9253,0.9248,958.0,357.5,853.0,351.0,921.0,391.0,894.0,385.5,105.201,27.5545,0.2619,1,1,28,1
27,3,0,0,1,1,1,0.9873,0.9932,0.8979,0.9468,647.0,304.5,544.5,305.5,615.0,312.5,584.0,302.0,102.5049,32.73,0.3193,1,1,28,1
27,3,0,2,1,1,1,0.9922,0.9917,0.9336,0.9326,796.0,345.0,695.0,354.0,746.0,374.5,727.5,378.0,101.4002,18.8282,0.1857,1,1,28,1
28,3,0,1,1,1,1,0.9912,0.9902,0.9253,0.9253,958.0,357.5,853.0,351.0,921.0,391.5,894.0,385.5,105.201,27.6586,0.2629,1,1,29,1
28,3,0,0,1,1,1,0.9873,0.9932,0.8975,0.9468,647.0,305.0,544.5,306.0,615.0,312.5,584.0,301.5,102.5049,32.8938,0.3209,1,1,29,1
28,3,0,2,1,1,1,0.9922,0.9917,0.9336,0.9321,796.0,345.0,695.0,354.0,746.0,374.5,727.5,378.0,101.4002,18.8282,0.1857,1,1,29,1
29,3,0,1,1,1,1,0.9907,0.9907,0.9229,0.9287,958.0,357.0,853.0,351.5,923.0,392.5,894.5,386.5,105.1439,29.1247,0.277,1,1,30,1
29,3,0,0,1,1,1,0.9873,0.9932,0.8989,0.9478,646.5,305.0,544.5,306.0,615.5,311.5,584.5,301.5,102.0049,32.573,0.3193,1,1,30,1
29,3,0,2,1,1,1,0.9922,0.9917,0.9355,0.9316,796.0,345.0,695.0,354.0,746.0,374.5,728.5,378.0,101.4002,17.8466,0.176,1,1,30,1
30,3,0,1,1,1,1,0.9907,0.9907,0.9233,0.9282,958.0,357.0,853.5,351.5,923.0,392.5,894.0,386.0,104.6446,29.7195,0.284,1,1,31,1
30,3,0,0,1,1,1,0.9878,0.9932,0.8994,0.9478,646.5,305.0,544.5,305.5,615.5,311.5,584.5,301.5,102.0012,32.573,0.3193,1,1,31,1
30,3,0,2,1,1,1,0.9922,0.9917,0.9351,0.9316,796.0,345.0,695.0,354.0,746.0,374.5,728.5,378.0,101.4002,17.8466,0.176,1,1,31,1
31,3,0,1,1,1,1,0.9912,0.9902,0.9258,0.9268,958.0,357.5,853.0,351.0,922.0,392.5,894.5,386.0,105.201,28.2577,0.2686,1,1,32,1
31,3,0,0,1,1,1,0.9878,0.9937,0.9019,0.9487,646.0,305.0,544.0,306.0,615.5,311.5,584.0,302.5,102.0049,32.7605,0.3212,1,1,32,1
31,3,0,2,1,1,1,0.9922,0.9917,0.9351,0.9321,796.0,345.5,694.5,354.0,745.0,374.0,729.5,377.5,101.8553,15.8902,0.156,1,1,32,1
32,3,0,1,1,1,1,0.9917,0.9902,0.9282,0.9263,958.0,357.5,853.5,351.0,922.0,391.5,895.0,386.0,104.702,27.5545,0.2632,1,1,33,1
32,3,0,0,1,1,1,0.9878,0.9937,0.9009,0.9487,647.0,305.5,544.5,306.0,615.0,312.5,583.5,302.5,102.5012,33.0492,0.3224,1,1,33,1
32,3,0,2,1,1,1,0.9922,0.9917,0.936,0.9312,796.0,345.0,694.5,353.5,743.5,372.5,731.0,376.5,101.8553,13.1244,0.1289,1,1,33,1
33,3,0,1,1,1,1,0.9917,0.9902,0.9282,0.9258,958.0,357.5,853.5,351.0,922.0,391.5,895.0,386.0,104.702,27.5545,0.2632,1,1,34,1
33,3,0,0,1,1,1,0.9878,0.9937,0.9009,0.9487,647.0,305.5,544.5,306.0,615.0,312.5,583.5,302.5,102.5012,33.0492,0.3224,1,1,34,1
33,3,0,2,1,1,1,0.9922,0.9917,0.936,0.9312,796.0,345.0,694.5,353.5,743.5,372.5,731.0,376.5,101.8553,13.1244,0.1289,1,1,34,1
34,3,0,1,1,1,1,0.9912,0.9902,0.9282,0.9253,959.0,357.0,853.5,351.0,922.0,391.5,894.5,385.5,105.6705,28.1469,0.2664,1,1,35,1
34,3,0,0,1,1,1,0.9878,0.9927,0.9028,0.9448,646.0,305.0,544.0,306.0,615.0,312.5,583.0,303.0,102.0049,33.3804,0.3272,1,1,35,1
34,3,0,2,1,1,1,0.9922,0.9917,0.9336,0.9316,796.5,344.5,694.5,353.0,745.0,374.0,729.5,377.0,102.3536,15.7877,0.1542,1,1,35,1
35,3,0,1,1,1,1,0.9917,0.9902,0.9282,0.9253,959.0,357.0,853.5,351.0,922.0,391.5,894.5,385.5,105.6705,28.1469,0.2664,1,1,36,1
35,3,0,0,1,1,1,0.9878,0.9927,0.9023,0.9448,646.0,305.0,544.0,306.0,615.0,312.5,583.0,303.0,102.0049,33.3804,0.3272,1,1,36,1
35,3,0,2,1,1,1,0.9922,0.9917,0.9336,0.9316,796.5,344.5,694.5,353.5,745.0,374.0,729.5,377.0,102.3963,15.7877,0.1542,1,1,36,1
36,3,0,1,1,1,1,0.9917,0.9897,0.9287,0.9238,958.5,357.0,853.5,350.5,922.5,392.0,894.0,386.0,105.201,29.1247,0.2768,1,1,37,1
36,3,0,0,1,1,1,0.9878,0.9927,0.9019,0.9434,646.0,305.0,544.0,306.0,615.0,312.5,583.5,303.0,102.0049,32.9014,0.3225,1,1,37,1
36,3,0,2,1,1,1,0.9937,0.9922,0.9468,0.938,795.5,345.5,694.5,352.0,745.0,373.5,730.5,376.5,101.2089,14.8071,0.1463,1,1,37,1
37,3,0,1,1,1,1,0.9917,0.9897,0.9292,0.9238,958.5,357.0,853.5,350.5,922.5,392.0,894.0,386.5,105.201,29.0259,0.2759,1,1,38,1
37,3,0,0,1,1,1,0.9878,0.9927,0.9028,0.9438,646.0,305.0,544.0,306.0,615.0,312.5,583.5,303.5,102.0049,32.7605,0.3212,1,1,38,1
37,3,0,2,1,1,1,0.9922,0.9917,0.9336,0.9321,796.0,345.0,694.0,353.5,745.0,374.0,730.0,378.0,102.3536,15.5242,0.1517,1,1,38,1
38,3,0,1,1,1,1,0.9912,0.9902,0.9268,0.9258,958.5,357.0,853.5,351.0,922.5,392.5,895.0,385.0,105.1713,28.5044,0.271,1,1,39,1
38,3,0,0,1,1,1,0.9873,0.9927,0.8989,0.9443,646.0,305.0,544.0,306.0,616.0,313.0,584.0,304.5,102.0049,33.1097,0.3246,1,1,39,1
38,3,0,2,1,1,1,0.9917,0.9917,0.9312,0.9316,797.0,345.0,693.5,353.5,745.5,374.5,730.0,377.0,103.8484,15.7003,0.1512,1,1,39,1
39,3,0,1,1,1,1,0.9912,0.9902,0.9268,0.9253,959.0,357.0,854.0,350.5,922.5,392.5,895.0,385.0,105.201,28.5044,0.271,1,1,40,1
39,3,0,0,1,1,1,0.9873,0.9927,0.8984,0.9443,646.0,305.0,544.0,306.0,616.0,313.0,584.0,304.5,102.0049,33.1097,0.3246,1,1,40,1
39,3,0,2,1,1,1,0.9917,0.9917,0.9307,0.9312,796.5,345.0,693.5,353.5,745.5,374.5,730.5,377.0,103.3501,15.2069,0.1471,1,1,40,1
40,3,0,1,1,1,1,0.9912,0.9907,0.9258,0.9287,958.5,357.0,853.5,351.0,923.5,393.0,895.5,384.5,105.1713,29.2617,0.2782,1,1,41,1
40,3,0,0,1,1,1,0.9873,0.9932,0.8975,0.9463,646.0,304.5,544.0,306.0,616.0,313.0,583.0,304.0,102.011,34.2053,0.3353,1,1,41,1
40,3,0,2,1,1,1,0.9917,0.9917,0.9316,0.9336,796.5,345.0,694.5,354.0,747.0,374.5,729.0,378.0,102.3963,18.3371,0.1791,1,1,41,1
41,3,0,1,1,1,1,0.9912,0.9907,0.9258,0.9287,958.5,357.0,853.5,351.0,923.5,393.0,895.5,385.0,105.1713,29.1204,0.2769,1,1,42,1
41,3,0,0,1,1,1,0.9873,0.9932,0.8975,0.9463,646.0,304.5,544.0,306.0,616.0,313.0,583.0,304.5,102.011,34.0771,0.3341,1,1,42,1
41,3,0,2,1,1,1,0.9917,0.9917,0.9316,0.9336,796.5,345.0,694.5,354.0,747.0,374.5,729.0,378.0,102.3963,18.3371,0.1791,1,1,42,1
42,3,0,1,1,1,1,0.9912,0.9902,0.9277,0.9253,959.0,357.0,854.0,351.0,924.0,394.0,894.0,385.0,105.1713,31.3209,0.2978,1,1,43,1
42,3,0,0,1,1,1,0.9878,0.9932,0.9028,0.9458,645.5,305.0,544.0,305.5,615.0,312.5,584.0,303.0,101.5012,32.423,0.3194,1,1,43,1
42,3,0,2,1,1,1,0.9922,0.9917,0.9336,0.9312,796.5,345.0,694.0,353.5,747.0,376.0,729.5,378.5,102.8518,17.6777,0.1719,1,1,43,1
43,3,0,1,1,1,1,0.9912,0.9902,0.9253,0.9268,959.0,357.5,854.0,351.0,922.5,392.0,895.0,385.0,105.201,28.3769,0.2697,1,1,44,1
43,3,0,0,1,1,1,0.9878,0.9932,0.8989,0.9448,645.0,305.0,543.5,306.0,615.5,312.5,584.0,303.0,101.5049,32.9014,0.3241,1,1,44,1
43,3,0,2,1,1,1,0.9922,0.9917,0.9331,0.9321,796.5,345.0,694.0,353.0,746.0,374.5,730.0,378.0,102.8117,16.3783,0.1593,1,1,44,1
44,3,0,1,1,1,1,0.9912,0.9902,0.9248,0.9268,959.0,357.5,854.0,351.0,922.5,391.5,895.0,384.5,105.201,28.3769,0.2697,1,1,45,1
44,3,0,0,1,1,1,0.9878,0.9932,0.8989,0.9448,645.0,305.0,543.5,306.0,615.5,312.5,584.0,303.0,101.5049,32.9014,0.3241,1,1,45,1
44,3,0,2,1,1,1,0.9922,0.9917,0.9331,0.9321,796.5,345.0,694.0,353.0,746.0,374.5,730.0,378.0,102.8117,16.3783,0.1593,1,1,45,1
45,3,0,1,1,1,1,0.9912,0.9897,0.9282,0.9233,959.0,357.5,853.5,351.0,922.0,391.5,895.0,384.0,105.7,28.0223,0.2651,1,1,46,1
45,3,0,0,1,1,1,0.9878,0.9932,0.9014,0.9453,645.0,305.0,543.5,305.5,615.5,312.5,583.5,303.0,101.5012,33.3804,0.3289,1,1,46,1
45,3,0,2,1,1,1,0.9922,0.9917,0.9336,0.9331,796.0,345.5,693.5,353.5,747.0,375.0,730.0,378.5,102.8117,17.3566,0.1688,1,1,46,1
46,3,0,1,1,1,1,0.9912,0.9897,0.9282,0.9238,959.0,357.5,853.5,351.0,922.0,391.5,895.0,384.0,105.7,28.0223,0.2651,1,1,47,1
46,3,0,0,1,1,1,0.9878,0.9932,0.9014,0.9453,645.0,305.0,543.5,306.0,615.5,312.5,584.0,303.0,101.5049,32.9014,0.3241,1,1,47,1
46,3,0,2,1,1,1,0.9922,0.9917,0.9331,0.9326,796.0,345.5,694.0,353.5,747.0,374.5,730.0,378.5,102.3132,17.4642,0.1707,1,1,47,1
47,3,0,1,1,1,1,0.9917,0.9897,0.9312,0.9224,958.5,357.5,853.5,350.0,922.0,390.0,894.5,385.0,105.2675,27.9508,0.2655,1,1,48,1
47,3,0,0,1,1,1,0.9878,0.9932,0.9004,0.9482,646.0,305.0,544.0,305.5,615.5,313.0,582.5,303.5,102.0012,34.3402,0.3367,1,1,48,1
47,3,0,2,1,1,1,0.9922,0.9917,0.9341,0.9326,796.0,345.5,694.5,353.5,747.0,375.5,730.0,379.0,101.8148,17.3566,0.1705,1,1,48,1
48,3,0,1,1,1,1,0.9917,0.9897,0.9307,0.9224,958.5,357.5,854.0,350.0,922.0,390.5,894.5,385.0,104.7688,28.0446,0.2677,1,1,49,1
48,3,0,0,1,1,1,0.9878,0.9932,0.9004,0.9482,646.0,305.0,544.0,305.5,615.5,313.5,582.5,303.5,102.0012,34.4819,0.3381,1,1,49,1
48,3,0,2,1,1,1,0.9922,0.9917,0.9346,0.9326,796.0,345.5,694.5,353.5,747.0,375.5,730.0,379.0,101.8148,17.3566,0.1705,1,1,49,1
49,3,0,1,1,1,1,0.9912,0.9897,0.9263,0.9243,958.5,356.5,853.5,350.5,922.0,391.0,894.5,384.5,105.1713,28.2577,0.2687,1,1,50,1
49,3,0,0,1,1,1,0.9878,0.9932,0.9009,0.9478,645.5,305.5,544.0,306.0,615.5,314.0,583.0,304.0,101.5012,34.0037,0.335,1,1,50,1
49,3,0,2,1,1,1,0.9922,0.9917,0.9346,0.9316,796.0,345.0,694.0,353.5,746.5,374.5,729.0,379.0,102.3536,18.0693,0.1765,1,1,50,1
50,3,0,1,1,1,1,0.9917,0.9902,0.9302,0.9248,958.0,356.5,853.5,350.0,922.0,391.0,894.0,384.0,104.702,28.8617,0.2757,1,1,51,1
50,3,0,0,1,1,1,0.9878,0.9932,0.9019,0.9463,645.0,306.0,543.5,306.0,615.0,314.0,582.5,304.5,101.5,33.86,0.3336,1,1,51,1
50,3,0,2,1,1,1,0.9922,0.9917,0.9365,0.9331,796.0,345.0,694.5,353.5,746.5,373.0,729.5,378.5,101.8553,17.8676,0.1754,1,1,51,1
51,3,0,1,1,1,1,0.9917,0.9902,0.9292,0.9248,958.0,356.5,853.5,350.0,922.5,391.0,894.0,384.0,104.702,29.3471,0.2803,1,1,52,1
51,3,0,0,1,1,1,0.9878,0.9932,0.9014,0.9458,645.0,305.5,544.0,306.0,615.0,313.5,582.5,304.5,101.0012,33.7231,0.3339,1,1,52,1
51,3,0,2,1,1,1,0.9922,0.9917,0.9355,0.9331,796.0,345.0,694.5,353.5,746.5,373.5,729.5,378.5,101.8553,17.72,0.174,1,1,52,1
52,3,0,1,1,1,1,0.9917,0.9902,0.9277,0.9258,957.5,356.0,853.0,350.5,922.5,391.5,894.5,384.0,104.6446,28.9871,0.277,1,1,53,1
52,3,0,0,1,1,1,0.9883,0.9927,0.9043,0.9448,645.0,306.0,543.5,306.0,615.0,315.0,582.0,305.0,101.5,34.4819,0.3397,1,1,53,1
52,3,0,2,1,1,1,0.9922,0.9917,0.9346,0.9316,796.5,345.0,694.5,353.5,745.5,374.5,730.5,378.5,102.3536,15.5242,0.1517,1,1,53,1
53,3,0,1,1,1,1,0.9917,0.9902,0.9277,0.9258,957.5,356.0,853.0,350.5,922.5,391.5,894.5,384.0,104.6446,28.9871,0.277,1,1,54,1
53,3,0,0,1,1,1,0.9883,0.9932,0.9038,0.9453,645.0,306.0,543.5,306.0,615.0,315.0,582.0,305.0,101.5,34.4819,0.3397,1,1,54,1
53,3,0,2,1,1,1,0.9922,0.9917,0.9346,0.9316,796.5,345.0,694.5,353.5,745.5,374.5,730.5,378.5,102.3536,15.5242,0.1517,1,1,54,1
54,3,0,1,1,1,1,0.9912,0.9897,0.9258,0.9243,958.0,356.5,853.0,351.0,922.5,392.5,893.5,384.5,105.1439,30.0832,0.2861,1,1,55,1
54,3,0,0,1,1,1,0.9878,0.9932,0.9038,0.9463,644.5,305.5,544.0,305.5,615.0,314.5,583.0,303.0,100.5,34.0037,0.3383,1,1,55,1
54,3,0,2,1,1,1,0.9922,0.9917,0.9346,0.9321,796.0,345.0,694.5,353.5,745.5,373.5,729.5,378.0,101.8553,16.6208,0.1632,1,1,55,1
55,3,0,1,1,1,1,0.9912,0.9897,0.9258,0.9243,958.0,356.5,853.0,350.5,922.5,392.5,893.5,384.5,105.1713,30.0832,0.286,1,1,56,1
55,3,0,0,1,1,1,0.9878,0.9932,0.9033,0.9468,644.5,305.5,543.5,305.5,615.0,314.0,583.0,303.0,101.0,33.8378,0.335,1,1,56,1
55,3,0,2,1,1,1,0.9922,0.9917,0.9351,0.9326,796.0,345.0,694.5,353.5,745.5,373.5,729.5,378.0,101.8553,16.6208,0.1632,1,1,56,1
56,3,0,1,1,1,1,0.9907,0.9902,0.9229,0.9258,957.5,356.0,853.0,351.0,922.5,392.5,893.5,385.5,104.6195,29.8329,0.2852,1,1,57,1
56,3,0,0,1,1,1,0.9878,0.9932,0.9023,0.9458,645.0,305.5,544.0,305.0,615.0,314.0,583.0,303.0,101.0012,33.8378,0.335,1,1,57,1
56,3,0,2,1,1,1,0.9922,0.9912,0.9346,0.9307,796.0,345.0,694.5,354.0,746.0,373.5,730.0,378.0,101.8982,16.6208,0.1631,1,1,57,1
57,3,0,1,1,1,1,0.9912,0.9902,0.9263,0.9268,957.5,356.0,853.0,350.5,922.0,392.5,893.5,386.0,104.6446,29.2318,0.2793,1,1,58,1
57,3,0,0,1,1,1,0.9883,0.9927,0.9067,0.9453,645.0,305.0,544.5,305.5,615.0,315.0,582.0,304.5,100.5012,34.6302,0.3446,1,1,58,1
57,3,0,2,1,1,1,0.9922,0.9917,0.9326,0.9321,796.5,344.5,694.5,354.0,745.0,372.0,730.5,377.0,102.4414,15.3379,0.1497,1,1,58,1
58,3,0,1,1,1,1,0.9912,0.9902,0.9263,0.9268,957.5,356.0,853.0,350.5,922.0,392.5,893.5,386.0,104.6446,29.2318,0.2793,1,1,59,1
58,3,0,0,1,1,1,0.9883,0.9927,0.9072,0.9453,645.0,305.0,544.0,305.5,615.0,314.5,582.0,304.5,101.0012,34.4819,0.3414,1,1,59,1
58,3,0,2,1,1,1,0.9922,0.9917,0.9326,0.9321,796.5,344.5,694.5,354.0,745.0,372.0,730.5,377.0,102.4414,15.3379,0.1497,1,1,59,1
59,3,0,1,1,1,1,0.9917,0.9897,0.9297,0.9233,957.5,356.0,853.0,350.5,922.0,391.0,893.5,385.5,104.6446,29.0259,0.2774,1,1,60,1
59,3,0,0,1,1,1,0.9883,0.9927,0.9072,0.9438,645.0,305.0,544.0,305.0,615.0,315.0,582.5,305.0,101.0,34.0037,0.3367,1,1,60,1
59,3,0,2,1,1,1,0.9922,0.9917,0.9326,0.9326,796.0,345.0,694.0,354.0,746.5,373.5,729.0,378.5,102.3963,18.2003,0.1777,1,1,60,1
60,3,0,1,1,1,1,0.9917,0.9897,0.9297,0.9233,957.5,356.0,853.0,350.5,922.0,391.0,894.0,385.5,104.6446,28.5351,0.2727,1,1,61,1
60,3,0,0,1,1,1,0.9883,0.9927,0.9077,0.9438,645.0,305.0,544.0,305.0,615.0,315.0,582.5,305.0,101.0,34.0037,0.3367,1,1,61,1
60,3,0,2,1,1,1,0.9922,0.9917,0.9326,0.9331,796.0,345.0,694.0,354.0,746.5,374.0,729.5,378.5,102.3963,17.5855,0.1717,1,1,61,1
61,3,0,1,1,1,1,0.9917,0.9897,0.9292,0.9233,957.5,356.0,852.5,351.0,922.5,391.5,893.5,386.0,105.119,29.5169,0.2808,1,1,62,1
61,3,0,0,1,1,1,0.9883,0.9927,0.9058,0.9453,645.0,304.5,544.0,304.5,615.0,314.0,582.0,303.5,101.0,34.6302,0.3429,1,1,62,1
61,3,0,2,1,1,1,0.9922,0.9917,0.9351,0.9331,796.0,345.0,694.5,353.5,745.5,373.5,730.0,378.5,101.8553,16.2865,0.1599,1,1,62,1
62,3,0,1,1,1,1,0.9917,0.9897,0.9297,0.9238,957.5,356.0,852.5,351.0,922.0,391.5,893.5,386.0,105.119,29.0259,0.2761,1,1,63,1
62,3,0,0,1,1,1,0.9883,0.9927,0.9062,0.9453,645.0,304.5,544.0,305.0,615.0,314.0,582.0,303.5,101.0012,34.6302,0.3429,1,1,63,1
62,3,0,2,1,1,1,0.9922,0.9917,0.9351,0.9326,796.0,345.0,694.5,353.5,745.5,373.5,730.0,379.0,101.8553,16.4469,0.1615,1,1,63,1
63,3,0,1,1,1,1,0.9912,0.9897,0.9268,0.9229,957.5,355.5,853.0,350.5,922.0,390.0,894.0,385.5,104.6195,28.3593,0.2711,1,1,64,1
63,3,0,0,1,1,1,0.9883,0.9922,0.9067,0.9424,644.5,305.0,544.0,305.5,615.0,314.0,583.0,304.0,100.5012,33.5261,0.3336,1,1,64,1
63,3,0,2,1,1,1,0.9922,0.9917,0.9336,0.9316,796.0,344.5,694.5,353.5,746.0,374.0,729.0,380.0,101.8982,18.0278,0.1769,1,1,64,1
64,3,0,1,1,1,1,0.9912,0.9897,0.9268,0.9229,957.5,355.5,853.0,351.0,922.0,390.0,894.0,385.5,104.5968,28.3593,0.2711,1,1,65,1
64,3,0,0,1,1,1,0.9883,0.9922,0.9067,0.9424,644.5,305.0,544.0,305.5,615.0,314.0,583.0,304.0,100.5012,33.5261,0.3336,1,1,65,1
64,3,0,2,1,1,1,0.9922,0.9917,0.9341,0.9321,796.0,344.5,694.0,353.5,746.0,373.5,729.0,380.0,102.3963,18.2003,0.1777,1,1,65,1
65,3,0,1,1,1,1,0.9912,0.9902,0.9268,0.9253,957.5,356.5,853.0,351.5,923.5,392.0,894.0,385.0,104.6195,30.3191,0.2898,1,1,66,1
65,3,0,0,1,1,1,0.9878,0.9927,0.9033,0.9448,645.0,305.5,544.0,306.0,615.0,314.0,583.0,304.0,101.0012,33.5261,0.3319,1,1,66,1
65,3,0,2,1,1,1,0.9922,0.9917,0.9326,0.9326,796.0,345.0,694.0,354.5,745.5,373.5,729.0,379.0,102.4414,17.3925,0.1698,1,1,66,1
66,3,0,1,1,1,1,0.9912,0.9902,0.9263,0.9248,957.5,356.5,853.0,351.5,924.0,392.0,894.0,385.0,104.6195,30.8058,0.2945,1,1,67,1
66,3,0,0,1,1,1,0.9878,0.9927,0.9043,0.9448,645.0,305.5,544.0,306.0,615.0,314.5,583.0,304.0,101.0012,33.6786,0.3334,1,1,67,1
66,3,0,2,1,1,1,0.9922,0.9917,0.9326,0.9326,796.0,345.0,694.0,354.5,745.5,373.5,729.0,379.5,102.4414,17.557,0.1714,1,1,67,1
67,3,0,1,1,1,1,0.9917,0.9902,0.9282,0.9253,957.5,356.0,853.0,351.5,925.0,394.5,892.5,386.0,104.5968,33.5932,0.3212,1,1,68,1
67,3,0,0,1,1,1,0.9878,0.9932,0.9023,0.9468,645.0,305.0,544.0,306.0,615.5,314.0,583.5,304.5,101.005,33.3804,0.3305,1,1,68,1
67,3,0,2,1,1,1,0.9922,0.9917,0.9351,0.9326,796.0,344.5,694.0,354.5,745.5,373.5,728.5,378.5,102.489,17.72,0.1729,1,1,68,1
68,3,0,1,1,1,1,0.9917,0.9902,0.9297,0.9258,957.5,356.0,852.5,351.0,924.5,394.5,892.5,386.0,105.119,33.1097,0.315,1,1,69,1
68,3,0,0,1,1,1,0.9873,0.9937,0.8975,0.9497,645.5,305.5,544.0,306.0,615.5,313.5,583.0,304.0,101.5012,33.86,0.3336,1,1,69,1
68,3,0,2,1,1,1,0.9922,0.9922,0.9316,0.9346,796.0,345.0,694.0,355.0,746.5,374.0,729.0,379.0,102.489,18.2003,0.1776,1,1,69,1
69,3,0,1,1,1,1,0.9917,0.9902,0.9292,0.9253,957.5,356.0,852.5,351.0,924.5,394.5,892.5,386.0,105.119,33.1097,0.315,1,1,70,1
69,3,0,0,1,1,1,0.9873,0.9937,0.8984,0.9497,645.5,305.5,544.0,306.0,615.5,313.0,583.0,304.5,101.5012,33.5932,0.331,1,1,70,1
69,3,0,2,1,1,1,0.9922,0.9922,0.9321,0.9346,796.0,345.0,694.0,355.0,747.0,374.5,729.0,379.0,102.489,18.554,0.181,1,1,70,1
70,3,0,1,1,1,1,0.9917,0.9902,0.9287,0.9243,957.0,356.5,852.5,351.5,922.5,392.0,893.5,385.0,104.6195,29.8329,0.2852,1,1,71,1
70,3,0,0,1,1,1,0.9878,0.9932,0.9004,0.9482,645.5,305.5,544.0,306.0,615.0,314.0,583.5,304.0,101.5012,33.0492,0.3256,1,1,71,1
70,3,0,2,1,1,1,0.9917,0.9917,0.9312,0.9312,796.0,344.5,694.5,355.0,746.0,375.5,728.5,382.5,102.0417,18.8481,0.1847,1,1,71,1
71,3,0,1,1,1,1,0.9917,0.9902,0.9282,0.9243,957.0,356.0,852.5,351.0,922.5,392.5,893.5,385.5,104.6195,29.8329,0.2852,1,1,72,1
71,3,0,0,1,1,1,0.9873,0.9932,0.8994,0.9482,646.0,305.5,544.0,306.0,615.0,314.0,583.5,304.5,102.0012,32.9014,0.3226,1,1,72,1
71,3,0,2,1,1,1,0.9917,0.9917,0.9312,0.9316,796.0,344.5,694.5,355.0,746.0,375.5,728.5,382.0,102.0417,18.6682,0.1829,1,1,72,1
72,3,0,1,1,1,1,0.9917,0.9897,0.9282,0.9233,957.5,356.5,852.5,351.5,922.5,392.0,893.5,385.5,105.119,29.7195,0.2827,1,1,73,1
72,3,0,0,1,1,1,0.9873,0.9932,0.8994,0.9478,646.0,305.0,544.0,306.0,615.0,313.0,584.0,304.0,102.0049,32.28,0.3165,1,1,73,1
72,3,0,2,1,1,1,0.9917,0.9912,0.9297,0.9302,797.0,345.0,694.5,355.5,745.5,376.0,728.0,383.0,103.0364,18.8481,0.1829,1,1,73,1
73,3,0,1,1,1,1,0.9917,0.9897,0.9282,0.9229,957.0,356.5,852.5,351.5,922.5,392.0,893.0,385.5,104.6195,30.2076,0.2887,1,1,74,1
73,3,0,0,1,1,1,0.9873,0.9932,0.8999,0.9478,646.0,305.0,544.0,306.0,615.0,313.0,584.0,304.0,102.0049,32.28,0.3165,1,1,74,1
73,3,0,2,1,1,1,0.9917,0.9917,0.9302,0.9307,797.0,345.0,695.0,355.5,745.5,376.0,728.0,383.0,102.539,18.8481,0.1838,1,1,74,1
74,3,0,1,1,1,1,0.9912,0.9902,0.9268,0.9258,957.0,356.0,852.0,351.5,922.5,391.5,894.0,386.0,105.0964,29.0259,0.2762,1,1,75,1
74,3,0,0,1,1,1,0.9873,0.9937,0.8989,0.9497,646.0,305.0,544.0,306.0,615.5,313.5,583.0,304.0,102.0049,33.86,0.3319,1,1,75,1
74,3,0,2,1,1,1,0.9927,0.9912,0.938,0.9282,797.0,344.5,695.5,356.0,746.5,375.5,727.0,382.0,102.1494,20.5548,0.2012,1,1,75,1
75,3,0,1,1,1,1,0.9912,0.9902,0.9263,0.9258,957.0,356.0,852.0,351.5,922.5,391.5,894.0,385.5,105.0964,29.1247,0.2771,1,1,76,1
75,3,0,0,1,1,1,0.9873,0.9937,0.8989,0.9497,646.0,305.0,544.0,306.0,615.5,313.5,583.0,304.0,102.0049,33.86,0.3319,1,1,76,1
75,3,0,2,1,1,1,0.9927,0.9912,0.939,0.9287,797.0,344.5,695.5,355.5,746.5,375.5,727.0,382.0,102.0943,20.5548,0.2013,1,1,76,1
76,3,0,1,1,1,1,0.9912,0.9902,0.9263,0.9253,957.5,356.0,852.5,352.0,923.0,392.0,894.0,386.0,105.0762,29.6142,0.2818,1,1,77,1
76,3,0,0,1,1,1,0.9878,0.9932,0.9009,0.9482,646.0,305.0,544.0,305.5,615.0,314.0,583.0,304.0,102.0012,33.5261,0.3287,1,1,77,1
76,3,0,2,1,1,1,0.9932,0.9912,0.9438,0.9282,795.5,344.0,694.5,355.5,746.5,374.0,728.0,379.5,101.6526,19.3003,0.1899,1,1,77,1
77,3,0,1,1,1,1,0.9912,0.9902,0.9263,0.9253,957.5,356.0,852.5,352.0,923.0,392.0,894.0,386.5,105.0762,29.5169,0.2809,1,1,78,1
77,3,0,0,1,1,1,0.9878,0.9932,0.9009,0.9482,646.0,305.0,544.0,305.5,615.0,313.5,583.0,304.0,102.0012,33.3804,0.3273,1,1,78,1
77,3,0,2,1,1,1,0.9932,0.9912,0.9438,0.9287,795.5,344.0,694.5,355.5,746.5,374.0,728.0,379.5,101.6526,19.3003,0.1899,1,1,78,1
78,3,0,1,1,1,1,0.9917,0.9902,0.9307,0.9263,957.0,356.0,852.5,351.5,923.0,392.0,893.5,385.0,104.5968,30.3191,0.2899,1,1,79,1
78,3,0,0,1,1,1,0.9878,0.9937,0.9009,0.9517,646.0,304.5,544.5,305.5,615.0,314.0,583.0,303.5,101.5049,33.6786,0.3318,1,1,79,1
78,3,0,2,1,1,1,0.9932,0.9912,0.9434,0.9312,795.0,345.0,694.0,356.5,747.5,376.0,728.0,381.5,101.6526,20.2608,0.1993,1,1,79,1
79,3,0,1,1,1,1,0.9917,0.9902,0.9316,0.9263,956.5,355.5,853.5,351.5,923.5,390.5,893.5,384.0,103.0776,30.6961,0.2978,1,1,80,1
79,3,0,0,1,1,1,0.9878,0.9937,0.9009,0.9517,646.0,303.0,544.0,304.0,614.5,312.0,582.5,303.0,102.0049,33.2415,0.3259,1,1,80,1
79,3,0,2,1,1,1,0.9937,0.9907,0.9497,0.9292,794.5,344.5,693.5,357.0,750.5,377.5,727.5,381.0,101.7706,23.2648,0.2286,1,1,80,1
80,3,0,1,1,1,1,0.9917,0.9902,0.9316,0.9258,956.5,355.5,853.5,351.5,923.5,390.5,893.5,384.0,103.0776,30.6961,0.2978,1,1,81,1
80,3,0,0,1,1,1,0.9878,0.9937,0.9004,0.9517,646.0,303.0,544.0,304.0,615.0,312.0,583.0,303.0,102.0049,33.2415,0.3259,1,1,81,1
80,3,0,2,1,1,1,0.9937,0.9902,0.9497,0.9287,794.5,344.5,693.0,357.0,750.5,377.5,727.0,381.0,102.2668,23.7592,0.2323,1,1,81,1
81,3,0,1,1,1,1,0.9922,0.9897,0.9336,0.9224,956.5,356.5,853.5,351.5,924.0,391.0,894.0,382.5,103.1213,31.1809,0.3024,1,1,82,1
81,3,0,0,1,1,1,0.9873,0.9937,0.9004,0.9512,646.0,303.5,544.0,305.0,615.5,313.0,582.5,303.0,102.011,34.4819,0.338,1,1,82,1
81,3,0,2,1,1,1,0.9937,0.9893,0.9541,0.9243,793.0,345.0,693.5,359.0,751.0,377.5,727.0,381.0,100.4801,24.2539,0.2414,1,1,82,1
82,3,0,1,1,1,1,0.9922,0.9897,0.9336,0.9219,956.5,356.5,853.5,352.0,924.0,391.0,893.5,382.5,103.0983,31.6623,0.3071,1,1,83,1
82,3,0,0,1,1,1,0.9878,0.9937,0.9009,0.9512,646.0,303.5,544.0,305.0,615.5,313.0,582.5,303.0,102.011,34.4819,0.338,1,1,83,1
82,3,0,2,1,1,1,0.9937,0.9893,0.9536,0.9248,793.0,345.0,693.0,359.0,751.5,377.5,727.0,380.5,100.9752,24.683,0.2444,1,1,83,1
83,3,0,1,1,1,1,0.9917,0.9897,0.9316,0.9238,956.5,356.0,853.5,352.0,924.5,392.0,893.5,384.5,103.0776,31.8944,0.3094,1,1,84,1
83,3,0,0,1,1,1,0.9878,0.9932,0.9014,0.9487,646.0,303.5,544.5,305.5,615.5,313.5,582.5,304.0,101.5197,34.3402,0.3383,1,1,84,1
83,3,0,2,1,1,1,0.9937,0.9897,0.9526,0.9287,792.5,344.5,693.0,359.0,750.5,377.0,727.5,380.0,100.551,23.1948,0.2307,1,1,84,1
84,3,0,1,1,1,1,0.9917,0.9897,0.9321,0.9238,956.5,356.0,853.5,352.0,924.5,392.0,893.5,384.0,103.0776,32.0156,0.3106,1,1,85,1
84,3,0,0,1,1,1,0.9917,0.9932,0.9326,0.9399,641.0,307.5,542.5,302.5,602.5,314.0,574.0,308.0,98.6268,29.1247,0.2953,1,1,85,1
84,3,0,2,1,1,1,0.9937,0.9897,0.9521,0.9287,792.5,344.5,693.0,359.0,750.5,377.0,727.5,380.0,100.551,23.1948,0.2307,1,1,85,1
85,3,0,1,1,1,1,0.9922,0.9897,0.9346,0.9229,956.5,355.5,854.0,351.5,924.0,391.5,894.0,384.5,102.578,30.8058,0.3003,1,1,86,1
85,3,0,0,1,1,1,0.9883,0.9937,0.9058,0.9502,646.5,303.5,544.5,305.0,615.0,313.0,582.0,305.0,102.011,33.9559,0.3329,1,1,86,1
85,3,0,2,1,1,1,0.9941,0.9888,0.959,0.9248,792.0,344.5,694.0,360.0,749.5,375.5,725.0,379.5,99.2182,24.8244,0.2502,1,1,86,1
86,3,0,1,1,1,1,0.9922,0.9897,0.9341,0.9243,956.5,356.0,854.0,352.0,924.0,389.5,894.5,384.0,102.578,30.0083,0.2925,1,1,87,1
86,3,0,0,1,1,1,0.9878,0.9932,0.9019,0.9482,646.0,301.5,544.5,303.0,616.0,313.5,581.5,305.0,101.5111,35.5317,0.35,1,1,87,1
86,3,0,2,1,1,1,0.9956,0.9873,0.9688,0.9189,793.5,343.5,695.5,358.0,749.0,376.0,723.5,379.5,99.0669,25.7391,0.2598,1,1,87,1
87,3,0,1,1,1,1,0.9922,0.9897,0.9341,0.9243,956.5,356.0,854.5,352.0,924.5,390.0,894.5,384.0,102.0784,30.5941,0.2997,1,1,88,1
87,3,0,0,1,1,1,0.9878,0.9932,0.9019,0.9482,646.0,302.0,544.0,303.5,616.0,313.5,581.5,305.0,102.011,35.5317,0.3483,1,1,88,1
87,3,0,2,1,1,1,0.9956,0.9873,0.9688,0.9185,793.5,343.5,695.5,358.0,749.0,376.0,723.0,380.0,99.0669,26.3059,0.2655,1,1,88,1
88,3,0,1,1,1,1,0.9922,0.9902,0.9326,0.9258,957.0,355.5,853.5,351.0,925.5,393.5,894.5,385.0,103.5978,32.1442,0.3103,1,1,89,1
88,3,0,0,1,1,1,0.9878,0.9932,0.9033,0.9492,645.5,302.0,544.0,303.5,616.0,314.5,582.5,305.0,101.5111,34.821,0.343,1,1,89,1
88,3,0,2,1,1,1,0.9951,0.9878,0.9663,0.9219,793.0,345.0,694.5,359.0,747.5,373.0,724.0,378.0,99.4899,24.026,0.2415,1,1,89,1
89,3,0,1,1,1,1,0.9922,0.9902,0.9326,0.9258,957.0,355.5,853.5,351.0,925.5,393.0,894.5,385.0,103.5978,32.0156,0.309,1,1,90,1
89,3,0,0,1,1,1,0.9878,0.9932,0.9038,0.9487,645.5,302.0,544.0,303.0,616.0,315.0,582.5,305.0,101.5049,34.9607,0.3444,1,1,90,1
89,3,0,2,1,1,1,0.9951,0.9878,0.9663,0.9224,792.5,345.0,694.5,359.0,747.5,373.0,724.0,378.0,98.9949,24.026,0.2427,1,1,90,1
90,3,0,1,1,1,1,0.9917,0.9897,0.9321,0.9238,957.0,356.0,854.0,351.0,924.5,391.5,894.5,385.0,103.1213,30.6961,0.2977,1,1,91,1
90,3,0,0,1,1,1,0.9917,0.9932,0.9302,0.9419,641.0,307.5,542.5,302.0,603.0,314.0,574.0,307.5,98.6534,29.7195,0.3013,1,1,91,1
90,3,0,2,1,1,1,0.9941,0.9893,0.9585,0.9248,791.0,346.0,692.0,361.0,748.5,372.5,721.5,379.5,100.1299,27.8927,0.2786,1,1,91,1
91,3,0,1,1,1,1,0.9917,0.9897,0.9312,0.9243,957.0,356.0,853.5,351.5,924.5,391.5,895.0,384.5,103.5978,30.3191,0.2927,1,1,92,1
91,3,0,0,1,1,1,0.9917,0.9932,0.9297,0.9419,641.0,307.5,542.5,302.0,603.0,314.0,574.0,307.5,98.6534,29.7195,0.3013,1,1,92,1
91,3,0,2,1,1,1,0.9941,0.9893,0.9585,0.9243,791.5,346.0,692.5,361.0,748.5,372.5,721.0,379.5,100.1299,28.3769,0.2834,1,1,92,1
92,3,0,1,1,1,1,0.9917,0.9897,0.9312,0.9248,957.0,356.0,853.0,351.0,925.0,393.0,894.5,384.5,104.1201,31.6623,0.3041,1,1,93,1
92,3,0,0,1,1,1,0.9878,0.9932,0.9004,0.9482,645.5,303.5,544.0,305.0,615.5,312.5,583.0,304.5,101.5111,33.4701,0.3297,1,1,93,1
92,3,0,2,1,1,1,0.9946,0.9897,0.9585,0.9263,791.0,346.0,692.0,360.0,748.0,372.0,719.5,379.5,99.985,29.4703,0.2947,1,1,93,1
93,3,0,1,1,1,1,0.9917,0.9902,0.9307,0.9258,957.0,356.0,853.0,351.5,926.0,394.0,893.5,386.5,104.0973,33.3542,0.3204,1,1,94,1
93,3,0,0,1,1,1,0.9878,0.9932,0.9009,0.9478,645.0,303.0,543.5,304.0,616.5,312.0,583.0,304.5,101.5049,34.3293,0.3382,1,1,94,1
93,3,0,2,1,1,1,0.9941,0.9893,0.958,0.9263,791.0,346.0,692.5,360.0,749.0,373.5,720.0,379.5,99.4899,29.6142,0.2977,1,1,94,1
94,3,0,1,1,1,1,0.9917,0.9902,0.9307,0.9263,957.0,356.0,853.0,351.5,926.0,394.0,893.5,386.5,104.0973,33.3542,0.3204,1,1,95,1
94,3,0,0,1,1,1,0.9878,0.9932,0.9009,0.9482,645.0,303.0,543.5,304.0,616.5,312.0,583.0,304.5,101.5049,34.3293,0.3382,1,1,95,1
94,3,0,2,1,1,1,0.9941,0.9897,0.958,0.9268,791.0,346.0,692.5,359.5,749.5,373.5,720.0,379.5,99.4208,30.104,0.3028,1,1,95,1
95,3,0,1,1,1,1,0.9917,0.9897,0.9312,0.9243,957.5,356.0,853.5,351.5,925.5,394.0,894.5,386.0,104.0973,32.0156,0.3076,1,1,96,1
95,3,0,0,1,1,1,0.9878,0.9932,0.9009,0.9448,645.0,303.0,543.5,304.0,615.5,312.0,583.5,305.0,101.5049,32.7567,0.3227,1,1,96,1
95,3,0,2,1,1,1,0.9941,0.9893,0.9585,0.9258,791.0,346.5,692.5,360.0,748.5,374.5,719.5,380.5,99.4208,29.6142,0.2979,1,1,96,1
96,3,0,1,1,1,1,0.9917,0.9897,0.9312,0.9243,957.5,356.0,853.5,351.5,925.5,394.0,894.5,386.0,104.0973,32.0156,0.3076,1,1,97,1
96,3,0,0,1,1,1,0.9878,0.9932,0.9004,0.9453,645.0,303.0,543.5,304.0,615.5,312.0,583.5,305.0,101.5049,32.7567,0.3227,1,1,97,1
96,3,0,2,1,1,1,0.9941,0.9893,0.9585,0.9258,791.0,346.5,692.5,360.0,748.5,374.5,719.5,380.5,99.4208,29.6142,0.2979,1,1,97,1
97,3,0,1,1,1,1,0.9922,0.9897,0.9331,0.9248,957.5,356.0,854.0,351.5,926.0,394.5,893.0,387.0,103.5978,33.8415,0.3267,1,1,98,1
97,3,0,0,1,1,1,0.9873,0.9932,0.8965,0.9473,645.5,303.0,543.5,304.0,616.5,312.0,583.0,305.0,102.0049,34.2235,0.3355,1,1,98,1
97,3,0,2,1,1,1,0.9941,0.9893,0.9585,0.9268,791.5,346.0,693.0,359.5,748.0,373.0,721.0,379.0,99.4208,27.6586,0.2782,1,1,98,1
98,3,0,1,1,1,1,0.9922,0.9897,0.9336,0.9248,957.5,356.0,854.0,351.5,926.0,394.5,893.0,387.0,103.5978,33.8415,0.3267,1,1,99,1
98,3,0,0,1,1,1,0.9873,0.9932,0.8965,0.9473,645.5,303.0,543.5,304.0,616.5,311.5,583.0,305.0,102.0049,34.1248,0.3345,1,1,99,1
98,3,0,2,1,1,1,0.9941,0.9893,0.959,0.9272,791.5,346.0,693.0,359.5,748.0,373.0,721.0,379.0,99.4208,27.6586,0.2782,1,1,99,1
99,3,0,1,1,1,1,0.9922,0.9902,0.9341,0.9243,957.5,355.5,853.5,351.0,924.5,392.0,894.0,386.5,104.0973,30.9919,0.2977,1,1,100,1
99,3,0,0,1,1,1,0.9878,0.9932,0.9028,0.9463,645.0,303.0,544.0,304.0,616.0,312.0,582.5,305.0,101.005,34.2235,0.3388,1,1,100,1
99,3,0,2,1,1,1,0.9941,0.9888,0.9595,0.9263,792.5,346.0,693.5,359.5,748.5,373.5,722.0,379.0,99.9162,27.0647,0.2709,1,1,100,1
100,3,0,1,1,1,1,0.9922,0.9902,0.9341,0.9243,957.5,355.5,853.5,351.0,924.5,392.0,894.0,386.5,104.0973,30.9919,0.2977,1,1,101,1
100,3,0,0,1,1,1,0.9878,0.9932,0.9028,0.9463,645.0,303.0,544.0,304.0,616.0,312.0,582.5,305.0,101.005,34.2235,0.3388,1,1,101,1
100,3,0,2,1,1,1,0.9941,0.9888,0.9595,0.9258,792.5,346.0,693.5,359.0,748.5,373.5,722.0,379.0,99.8499,27.0647,0.2711,1,1,101,1
101,3,0,1,1,1,1,0.9922,0.9897,0.9346,0.9238,957.5,356.0,854.0,351.5,924.0,392.5,894.5,386.0,103.5978,30.2076,0.2916,1,1,102,1
101,3,0,0,1,1,1,0.9873,0.9927,0.8989,0.9453,645.0,302.5,544.0,303.5,616.0,313.0,582.0,303.5,101.005,35.3023,0.3495,1,1,102,1
101,3,0,2,1,1,1,0.9941,0.9888,0.9575,0.9248,793.0,346.5,693.0,359.5,749.5,376.0,723.5,380.0,100.8415,26.3059,0.2609,1,1,102,1
102,3,0,1,1,1,1,0.9922,0.9897,0.9346,0.9243,957.0,355.5,854.0,351.0,924.0,393.0,894.5,386.0,103.0983,30.3191,0.2941,1,1,103,1
102,3,0,0,1,1,1,0.9873,0.9927,0.8994,0.9453,645.0,303.0,544.0,303.5,616.0,312.5,582.0,303.5,101.0012,35.171,0.3482,1,1,103,1
102,3,0,2,1,1,1,0.9941,0.9888,0.9575,0.9243,793.0,346.5,693.0,359.5,749.5,376.0,723.5,380.0,100.8415,26.3059,0.2609,1,1,103,1
103,3,0,1,1,1,1,0.9922,0.9897,0.9331,0.9248,957.5,356.0,854.0,351.5,924.5,392.5,894.5,384.5,103.5978,31.0483,0.2997,1,1,104,1
103,3,0,0,1,1,1,0.9878,0.9932,0.9009,0.9478,646.0,302.5,544.0,303.5,616.0,313.0,581.5,305.0,102.0049,35.4154,0.3472,1,1,104,1
103,3,0,2,1,1,1,0.9941,0.9883,0.9585,0.9233,793.5,346.5,694.0,359.5,750.5,376.0,723.0,380.0,100.3457,27.7894,0.2769,1,1,104,1
104,3,0,1,1,1,1,0.9917,0.9897,0.9307,0.9229,957.5,356.0,853.5,351.5,927.0,394.5,894.0,385.5,104.0973,34.2053,0.3286,1,1,105,1
104,3,0,0,1,1,1,0.9878,0.9932,0.8999,0.9478,645.5,303.0,544.0,304.0,616.5,313.0,582.0,305.0,101.5049,35.4154,0.3489,1,1,105,1
104,3,0,2,1,1,1,0.9941,0.9873,0.96,0.917,794.0,346.5,694.5,359.0,751.5,380.0,722.0,383.0,100.2821,29.6522,0.2957,1,1,105,1
105,3,0,1,1,1,1,0.9917,0.9897,0.9307,0.9224,957.5,356.0,853.5,351.5,927.0,394.5,894.0,385.5,104.0973,34.2053,0.3286,1,1,106,1
105,3,0,0,1,1,1,0.9873,0.9932,0.8989,0.9473,645.5,303.5,544.0,304.0,616.5,313.0,582.0,305.5,101.5012,35.3058,0.3478,1,1,106,1
105,3,0,2,1,1,1,0.9941,0.9873,0.9595,0.9165,794.0,346.5,694.5,359.0,751.5,380.0,722.0,382.5,100.2821,29.6057,0.2952,1,1,106,1
106,3,0,1,1,1,1,0.9922,0.9897,0.9326,0.9233,957.5,356.0,853.5,352.0,927.0,395.5,893.5,385.5,104.0769,34.9607,0.3359,1,1,107,1
106,3,0,0,1,1,1,0.9873,0.9932,0.8984,0.9482,645.5,303.0,544.0,303.5,616.0,313.5,581.5,305.5,101.5012,35.4154,0.3489,1,1,107,1
106,3,0,2,1,1,1,0.9937,0.9863,0.9536,0.9229,792.0,354.0,695.0,361.0,752.5,376.5,732.0,361.0,97.2522,25.7002,0.2643,1,1,107,1
107,3,0,1,1,1,1,0.9922,0.9897,0.9326,0.9238,957.5,356.0,853.5,352.0,927.0,395.0,893.5,385.5,104.0769,34.821,0.3346,1,1,108,1
107,3,0,0,1,1,1,0.9873,0.9932,0.8989,0.9482,645.5,303.0,544.0,303.5,616.0,313.5,581.5,305.5,101.5012,35.4154,0.3489,1,1,108,1
107,3,0,2,1,1,1,0.9941,0.9873,0.9585,0.917,794.0,346.0,694.5,358.5,752.5,380.5,722.5,383.0,100.2821,30.104,0.3002,1,1,108,1
108,3,0,1,1,1,1,0.9917,0.9902,0.9297,0.9258,957.0,356.0,853.5,352.0,927.0,397.0,894.5,385.5,103.5773,34.4746,0.3328,1,1,109,1
108,3,0,0,1,1,1,0.9873,0.9932,0.897,0.9478,645.5,303.5,544.0,304.0,616.5,314.0,581.5,306.5,101.5012,35.7946,0.3527,1,1,109,1
108,3,0,2,1,1,1,0.9941,0.9883,0.958,0.9209,794.0,346.0,694.5,358.0,753.0,381.5,723.5,383.0,100.221,29.5381,0.2947,1,1,109,1
109,3,0,1,1,1,1,0.9917,0.9902,0.9292,0.9258,957.0,356.0,853.5,352.0,927.0,397.0,894.5,385.0,103.5773,34.6446,0.3345,1,1,110,1
109,3,0,0,1,1,1,0.9873,0.9932,0.897,0.9482,645.5,303.5,544.0,304.0,616.5,314.0,581.5,307.0,101.5012,35.6931,0.3517,1,1,110,1
109,3,0,2,1,1,1,0.9941,0.9883,0.958,0.9209,794.0,346.0,694.5,358.0,753.0,381.5,723.5,383.0,100.221,29.5381,0.2947,1,1,110,1
110,3,0,1,1,1,1,0.9917,0.9902,0.9307,0.9268,957.0,356.0,852.5,352.0,926.5,396.0,894.0,385.5,104.5765,34.1541,0.3266,1,1,111,1
110,3,0,0,1,1,1,0.9873,0.9927,0.8979,0.9453,645.0,303.5,544.0,304.5,616.5,313.0,582.5,305.5,101.005,34.8174,0.3447,1,1,111,1
110,3,0,2,1,1,1,0.9946,0.9888,0.9585,0.9214,794.0,345.0,694.0,358.0,749.5,376.5,723.0,380.5,100.8415,26.8002,0.2658,1,1,111,1
111,3,0,1,1,1,1,0.9917,0.9902,0.9312,0.9272,957.0,356.0,852.5,352.0,926.5,395.5,894.0,385.5,104.5765,34.0037,0.3252,1,1,112,1
111,3,0,0,1,1,1,0.9873,0.9932,0.8984,0.9453,645.0,303.5,544.0,304.5,616.5,313.5,582.5,305.5,101.005,34.9285,0.3458,1,1,112,1
111,3,0,2,1,1,1,0.9946,0.9888,0.9585,0.9214,794.0,345.0,694.0,358.0,749.5,376.5,723.0,381.0,100.8415,26.8794,0.2666,1,1,112,1
112,3,0,1,1,1,1,0.9917,0.9897,0.9312,0.9233,957.0,356.0,852.5,351.5,925.0,394.0,894.5,385.5,104.5968,31.6623,0.3027,1,1,113,1
112,3,0,0,1,1,1,0.9878,0.9932,0.9009,0.9458,645.0,303.5,544.0,305.0,615.0,312.0,581.5,305.0,101.0111,34.2235,0.3388,1,1,113,1
112,3,0,2,1,1,1,0.9941,0.9893,0.9551,0.9224,795.0,345.0,693.0,357.0,750.0,378.0,724.0,383.0,102.7035,26.4764,0.2578,1,1,113,1
113,3,0,1,1,1,1,0.9917,0.9897,0.9312,0.9238,956.5,356.0,853.0,352.0,925.0,394.0,894.5,385.5,103.5773,31.6623,0.3057,1,1,114,1
113,3,0,0,1,1,1,0.9878,0.9932,0.9009,0.9458,645.0,303.5,544.0,305.0,615.0,312.0,581.5,304.5,101.0111,34.3293,0.3399,1,1,114,1
113,3,0,2,1,1,1,0.9941,0.9893,0.9551,0.9219,794.5,345.0,693.0,357.0,750.0,378.0,724.0,383.0,102.2069,26.4764,0.259,1,1,114,1
114,3,0,1,1,1,1,0.9922,0.9897,0.9321,0.9243,957.0,356.0,852.5,351.5,924.0,393.5,893.0,385.0,104.5968,32.1442,0.3073,1,1,115,1
114,3,0,0,1,1,1,0.9873,0.9927,0.8989,0.9448,644.5,303.5,544.0,305.0,615.0,313.0,582.5,304.0,100.5112,33.7231,0.3355,1,1,115,1
114,3,0,2,1,1,1,0.9937,0.9907,0.9473,0.9292,794.5,345.0,692.0,356.5,750.5,379.5,723.0,384.0,103.1431,27.8657,0.2702,1,1,115,1
115,3,0,1,1,1,1,0.9922,0.9897,0.9316,0.9219,957.0,356.0,852.0,351.0,923.0,392.0,893.0,384.5,105.119,30.9233,0.2942,1,1,116,1
115,3,0,0,1,1,1,0.9873,0.9932,0.896,0.9463,645.0,304.5,543.5,306.0,615.0,312.5,582.0,305.0,101.5111,33.8415,0.3334,1,1,116,1
115,3,0,2,1,1,1,0.9932,0.9912,0.9385,0.9287,795.5,344.5,693.0,355.0,751.5,383.5,724.5,389.0,103.0364,27.5545,0.2674,1,1,116,1
116,3,0,1,1,1,1,0.9922,0.9897,0.9321,0.9224,957.0,356.0,852.0,351.0,923.0,392.0,893.0,384.5,105.119,30.9233,0.2942,1,1,117,1
116,3,0,0,1,1,1,0.9873,0.9932,0.8965,0.9463,645.0,304.5,543.5,305.5,615.0,312.5,582.0,305.0,101.5049,33.8415,0.3334,1,1,117,1
116,3,0,2,1,1,1,0.9932,0.9912,0.938,0.9282,795.5,344.5,692.5,355.0,751.5,383.5,724.0,389.0,103.5338,28.0446,0.2709,1,1,117,1
117,3,0,1,1,1,1,0.9917,0.9897,0.9277,0.9238,957.0,356.5,852.0,352.0,923.5,392.0,893.5,384.5,105.0964,30.9233,0.2942,1,1,118,1
117,3,0,0,1,1,1,0.9873,0.9932,0.897,0.9463,645.0,304.5,544.5,306.0,615.5,313.5,582.0,306.5,100.5112,34.2235,0.3405,1,1,118,1
117,3,0,2,1,1,1,0.9917,0.9922,0.9263,0.9346,797.5,344.0,694.0,355.0,751.5,386.5,726.5,392.0,104.0829,25.5979,0.2459,1,1,118,1
118,3,0,1,1,1,1,0.9917,0.9897,0.9277,0.9238,957.0,356.5,852.0,352.0,923.5,392.0,893.5,384.5,105.0964,30.9233,0.2942,1,1,119,1
118,3,0,0,1,1,1,0.9873,0.9932,0.8975,0.9468,645.0,304.5,544.5,306.0,615.5,313.5,582.0,306.5,100.5112,34.2235,0.3405,1,1,119,1
118,3,0,2,1,1,1,0.9917,0.9922,0.9263,0.9351,797.5,344.0,694.0,355.0,751.5,387.0,726.5,392.0,104.0829,25.4951,0.2449,1,1,119,1
119,3,0,1,1,1,1,0.9922,0.9902,0.9307,0.9238,956.0,356.0,851.5,351.5,925.5,395.5,893.5,384.5,104.5968,33.8378,0.3235,1,1,120,1
119,3,0,0,1,1,1,0.9883,0.9927,0.9038,0.9443,644.5,305.0,544.0,306.0,614.5,314.0,582.0,307.0,100.505,33.2453,0.3308,1,1,120,1
119,3,0,2,1,1,1,0.9922,0.9912,0.9331,0.9268,798.0,344.0,694.0,353.5,751.0,387.0,727.0,391.0,104.433,24.3311,0.233,1,1,120,1
120,3,0,1,1,1,1,0.9922,0.9902,0.9307,0.9233,956.0,356.0,851.5,351.5,925.5,395.5,893.5,384.5,104.5968,33.8378,0.3235,1,1,121,1
120,3,0,0,1,1,1,0.9883,0.9927,0.9033,0.9443,644.5,305.0,544.0,306.0,614.5,313.5,582.0,306.5,100.505,33.2453,0.3308,1,1,121,1
120,3,0,2,1,1,1,0.9922,0.9912,0.9331,0.9268,798.0,344.0,694.0,353.5,751.0,387.0,727.0,391.0,104.433,24.3311,0.233,1,1,121,1
121,3,0,1,1,1,1,0.9912,0.9902,0.9248,0.9268,955.5,356.5,850.5,351.5,923.5,394.0,894.0,385.0,105.119,30.8423,0.2934,1,1,122,1
121,3,0,0,1,1,1,0.9878,0.9932,0.9009,0.9448,644.5,305.5,544.0,307.0,614.5,313.0,582.0,306.0,100.5112,33.2453,0.3308,1,1,122,1
121,3,0,2,1,1,1,0.9917,0.9922,0.9282,0.9312,799.0,344.5,694.0,353.0,750.0,387.5,726.5,392.0,105.3435,23.927,0.2271,1,1,122,1
122,3,0,1,1,1,1,0.9912,0.9902,0.9253,0.9272,956.0,356.0,851.5,351.5,921.0,389.5,894.5,383.5,104.5968,27.1708,0.2598,1,1,123,1
122,3,0,0,1,1,1,0.9878,0.9932,0.8979,0.9458,645.5,305.5,544.0,307.0,614.5,313.0,583.0,305.5,101.5111,32.3805,0.319,1,1,123,1
122,3,0,2,1,1,1,0.9917,0.9917,0.9287,0.9302,799.5,344.5,694.5,353.5,749.0,388.0,727.0,392.5,105.385,22.4555,0.2131,1,1,123,1
123,3,0,1,1,1,1,0.9912,0.9902,0.9253,0.9272,956.0,356.5,851.0,351.5,921.0,390.0,894.5,383.5,105.119,27.2855,0.2596,1,1,124,1
123,3,0,0,1,1,1,0.9878,0.9932,0.8989,0.9458,645.5,305.5,544.0,307.0,614.5,313.0,583.0,305.5,101.5111,32.3805,0.319,1,1,124,1
123,3,0,2,1,1,1,0.9917,0.9917,0.9282,0.9297,799.5,344.5,694.5,353.5,749.0,388.0,727.0,392.5,105.385,22.4555,0.2131,1,1,124,1
124,3,0,1,1,1,1,0.9912,0.9902,0.9248,0.9263,955.5,356.0,851.0,351.5,919.5,389.5,894.5,383.5,104.5968,25.7099,0.2458,1,1,125,1
124,3,0,0,1,1,1,0.9873,0.9927,0.897,0.9434,644.0,306.0,543.5,307.5,615.0,315.0,582.5,307.0,100.5112,33.4701,0.333,1,1,125,1
124,3,0,2,1,1,1,0.9922,0.9922,0.9302,0.9341,800.0,345.0,694.0,352.5,749.0,388.0,726.5,392.0,106.265,22.8528,0.2151,1,1,125,1
125,3,0,1,1,1,1,0.9912,0.9902,0.9253,0.9268,955.5,356.0,851.0,351.5,919.5,389.5,894.5,383.5,104.5968,25.7099,0.2458,1,1,126,1
125,3,0,0,1,1,1,0.9873,0.9927,0.897,0.9434,644.0,306.0,543.5,307.5,615.0,314.5,582.5,307.0,100.5112,33.3542,0.3318,1,1,126,1
125,3,0,2,1,1,1,0.9922,0.9922,0.9297,0.9341,800.0,345.0,694.0,352.5,749.0,388.0,726.5,392.0,106.265,22.8528,0.2151,1,1,126,1
126,3,0,1,1,1,1,0.9912,0.9902,0.9248,0.9268,955.5,356.0,851.0,352.0,919.5,388.5,895.0,383.5,104.5765,25.005,0.2391,1,1,127,1
126,3,0,0,1,1,1,0.9873,0.9932,0.8965,0.9463,645.0,305.5,544.0,307.5,614.5,314.0,582.0,306.0,101.0198,33.4701,0.3313,1,1,127,1
126,3,0,2,1,1,1,0.9922,0.9927,0.9297,0.9351,800.0,345.0,694.0,352.5,749.5,388.0,726.0,392.0,106.265,23.838,0.2243,1,1,127,1
127,3,0,1,1,1,1,0.9912,0.9902,0.9248,0.9268,955.5,356.0,851.0,352.0,919.5,388.0,895.0,383.5,104.5765,24.9098,0.2382,1,1,128,1
127,3,0,0,1,1,1,0.9873,0.9932,0.897,0.9463,644.5,305.5,544.0,307.5,614.5,313.5,581.5,306.0,100.5199,33.8415,0.3367,1,1,128,1
127,3,0,2,1,1,1,0.9922,0.9927,0.9297,0.9351,799.5,345.0,694.0,352.5,749.5,388.0,726.0,392.0,105.7663,23.838,0.2254,1,1,128,1
128,3,0,1,1,1,1,0.9917,0.9902,0.9268,0.9263,955.0,355.5,851.5,351.0,920.0,389.0,893.5,384.5,103.5978,26.8794,0.2595,1,1,129,1
128,3,0,0,1,1,1,0.9868,0.9927,0.896,0.9434,645.0,306.0,544.0,308.0,614.5,313.5,582.5,306.5,101.0198,32.7567,0.3243,1,1,129,1
128,3,0,2,1,1,1,0.9922,0.9927,0.9307,0.9351,799.5,345.0,694.0,352.5,749.0,388.0,726.5,391.5,105.7663,22.7706,0.2153,1,1,129,1
129,3,0,1,1,1,1,0.9917,0.9907,0.9272,0.9272,955.5,355.5,851.0,351.5,918.5,387.0,894.5,383.5,104.5765,24.2539,0.2319,1,1,130,1
129,3,0,0,1,1,1,0.9873,0.9932,0.8984,0.9453,645.0,306.0,544.0,307.0,614.0,314.0,582.0,306.0,101.005,32.9848,0.3266,1,1,130,1
129,3,0,2,1,1,1,0.9927,0.9927,0.9326,0.936,799.5,345.0,694.0,352.0,748.0,387.0,725.0,392.0,105.732,23.5372,0.2226,1,1,130,1
130,3,0,1,1,1,1,0.9917,0.9907,0.9277,0.9277,955.5,355.5,851.0,351.5,918.5,387.0,894.5,383.5,104.5765,24.2539,0.2319,1,1,131,1
130,3,0,0,1,1,1,0.9873,0.9932,0.8989,0.9458,645.0,306.0,544.0,307.0,614.0,314.0,582.0,306.0,101.005,32.9848,0.3266,1,1,131,1
130,3,0,2,1,1,1,0.9922,0.9927,0.9326,0.9355,799.5,345.0,694.0,352.0,748.0,386.5,725.5,392.0,105.732,23.1625,0.2191,1,1,131,1
131,3,0,1,1,1,1,0.9917,0.9902,0.9272,0.9243,955.5,356.0,851.0,351.5,917.5,386.5,894.0,384.0,104.5968,23.6326,0.2259,1,1,132,1
131,3,0,0,1,1,1,0.9873,0.9932,0.8965,0.9448,646.0,306.0,544.5,307.0,614.0,314.0,582.5,305.0,101.5049,32.7605,0.3227,1,1,132,1
131,3,0,2,1,1,1,0.9927,0.9922,0.9326,0.9336,800.5,345.0,694.5,352.5,749.5,387.5,726.0,392.0,106.265,23.927,0.2252,1,1,132,1
132,3,0,1,1,1,1,0.9917,0.9902,0.9277,0.9243,955.5,356.0,851.0,351.5,917.5,386.5,894.0,384.0,104.5968,23.6326,0.2259,1,1,133,1
132,3,0,0,1,1,1,0.9873,0.9932,0.895,0.9448,646.0,306.0,544.5,307.0,614.0,314.0,582.5,305.0,101.5049,32.7605,0.3227,1,1,133,1
132,3,0,2,1,1,1,0.9922,0.9927,0.9321,0.9341,800.5,345.0,694.5,352.5,749.5,387.5,726.0,392.0,106.265,23.927,0.2252,1,1,133,1
133,3,0,1,1,1,1,0.9912,0.9897,0.9272,0.9238,955.5,356.5,851.0,351.5,919.0,387.0,893.5,384.5,104.6195,25.6223,0.2449,1,1,134,1
133,3,0,0,1,1,1,0.9878,0.9932,0.9009,0.9448,645.5,306.0,544.0,307.0,614.5,314.0,582.5,306.0,101.5049,32.9848,0.325,1,1,134,1
133,3,0,2,1,1,1,0.9922,0.9927,0.9321,0.9351,799.5,345.5,694.0,352.0,748.5,387.5,727.0,392.5,105.7,22.0737,0.2088,1,1,134,1
134,3,0,1,1,1,1,0.9912,0.9897,0.9272,0.9238,955.5,356.5,851.0,351.5,919.0,387.0,893.5,384.5,104.6195,25.6223,0.2449,1,1,135,1
134,3,0,0,1,1,1,0.9878,0.9932,0.9009,0.9443,645.5,306.0,544.0,307.0,614.5,313.5,582.5,306.5,101.5049,32.7567,0.3227,1,1,135,1
134,3,0,2,1,1,1,0.9922,0.9927,0.9316,0.9351,799.5,345.5,694.0,352.0,748.5,387.5,727.0,392.5,105.7,22.0737,0.2088,1,1,135,1
135,3,0,1,1,1,1,0.9912,0.9902,0.9263,0.9248,955.5,356.0,851.0,351.5,919.5,388.0,893.5,384.5,104.5968,26.2345,0.2508,1,1,136,1
135,3,0,0,1,1,1,0.9878,0.9932,0.9009,0.9443,645.5,306.0,544.0,307.5,615.5,314.0,583.0,306.0,101.5111,33.4701,0.3297,1,1,136,1
135,3,0,2,1,1,1,0.9922,0.9922,0.9316,0.9316,800.0,345.0,694.5,352.0,748.0,387.5,727.0,391.5,105.732,21.3776,0.2022,1,1,136,1
136,3,0,1,1,1,1,0.9912,0.9902,0.9263,0.9248,955.0,356.0,851.0,351.5,919.5,388.5,893.5,385.0,104.0973,26.2345,0.252,1,1,137,1
136,3,0,0,1,1,1,0.9878,0.9932,0.9009,0.9448,645.0,306.0,544.0,307.5,615.5,314.0,583.0,306.0,101.0111,33.4701,0.3314,1,1,137,1
136,3,0,2,1,1,1,0.9922,0.9922,0.9316,0.9316,800.0,345.0,694.5,352.0,748.0,387.5,727.0,391.5,105.732,21.3776,0.2022,1,1,137,1
137,3,0,1,1,1,1,0.9912,0.9902,0.9248,0.9253,955.5,355.5,851.5,351.5,918.5,387.0,892.5,385.5,104.0769,26.0432,0.2502,1,1,138,1
137,3,0,0,1,1,1,0.9878,0.9932,0.9009,0.9463,646.0,305.5,544.5,307.0,615.5,313.5,583.0,305.5,101.5111,33.4701,0.3297,1,1,138,1
137,3,0,2,1,1,1,0.9927,0.9922,0.9331,0.9321,800.0,344.5,695.0,351.5,749.0,388.0,728.0,392.5,105.2331,21.4767,0.2041,1,1,138,1
138,3,0,1,1,1,1,0.9912,0.9902,0.9248,0.9253,955.5,355.5,851.5,351.5,918.5,387.0,892.5,385.5,104.0769,26.0432,0.2502,1,1,139,1
138,3,0,0,1,1,1,0.9878,0.9932,0.9009,0.9468,646.0,305.5,544.5,307.0,615.5,313.0,583.0,306.0,101.5111,33.2453,0.3275,1,1,139,1
138,3,0,2,1,1,1,0.9927,0.9922,0.9331,0.9321,800.0,344.5,695.0,351.5,749.0,388.0,727.5,392.0,105.2331,21.8689,0.2078,1,1,139,1
139,3,0,1,1,1,1,0.9912,0.9902,0.9233,0.9243,955.0,355.5,851.0,351.5,919.5,388.0,892.5,384.5,104.0769,27.2259,0.2616,1,1,140,1
139,3,0,0,1,1,1,0.9878,0.9927,0.9009,0.9429,645.0,305.5,544.0,307.0,615.0,314.0,583.0,306.0,101.0111,32.9848,0.3265,1,1,140,1
139,3,0,2,1,1,1,0.9927,0.9922,0.9326,0.9321,800.0,344.5,694.5,352.0,748.5,388.0,726.5,390.0,105.7663,22.0907,0.2089,1,1,140,1
140,3,0,1,1,1,1,0.9912,0.9902,0.9238,0.9268,955.0,356.0,851.0,351.5,920.5,389.0,893.0,384.5,104.0973,27.8657,0.2677,1,1,141,1
140,3,0,0,1,1,1,0.9873,0.9932,0.8979,0.9448,646.0,305.5,544.5,307.5,615.5,313.0,582.5,306.0,101.5197,33.7343,0.3323,1,1,141,1
140,3,0,2,1,1,1,0.9922,0.9922,0.9326,0.9316,800.5,345.0,694.5,352.5,748.0,387.5,725.5,390.0,106.265,22.6385,0.213,1,1,141,1
141,3,0,1,1,1,1,0.9912,0.9902,0.9238,0.9268,955.0,356.0,851.0,351.5,920.5,389.0,893.0,385.0,104.0973,27.7894,0.267,1,1,142,1
141,3,0,0,1,1,1,0.9873,0.9932,0.8984,0.9448,645.5,306.0,544.5,307.5,615.5,313.0,582.0,306.0,101.0111,34.2235,0.3388,1,1,142,1
141,3,0,2,1,1,1,0.9922,0.9922,0.9321,0.9312,800.5,345.0,694.5,352.5,748.0,387.5,725.5,390.0,106.265,22.6385,0.213,1,1,142,1
142,3,0,1,1,1,1,0.9907,0.9902,0.9229,0.9253,955.0,356.0,850.5,351.5,919.0,387.5,893.0,383.0,104.5968,26.3865,0.2523,1,1,143,1
142,3,0,0,1,1,1,0.9873,0.9932,0.896,0.9438,646.0,306.0,543.5,307.0,616.0,313.0,582.5,305.0,102.5049,34.442,0.336,1,1,143,1
142,3,0,2,1,1,1,0.9922,0.9922,0.9316,0.9331,800.0,345.0,694.5,352.0,748.5,387.5,725.0,390.5,105.732,23.6907,0.2241,1,1,143,1
143,3,0,1,1,1,1,0.9912,0.9902,0.9238,0.9253,955.0,356.0,850.5,351.5,919.5,388.0,893.0,383.5,104.5968,26.8794,0.257,1,1,144,1
143,3,0,0,1,1,1,0.9873,0.9932,0.896,0.9438,645.5,306.0,543.5,307.0,616.0,313.0,582.5,305.0,102.0049,34.442,0.3377,1,1,144,1
143,3,0,2,1,1,1,0.9922,0.9922,0.9316,0.9326,800.0,345.0,694.5,352.0,748.5,387.5,725.0,390.5,105.732,23.6907,0.2241,1,1,144,1
144,3,0,1,1,1,1,0.9912,0.9907,0.9229,0.9277,955.0,356.5,850.5,351.5,919.5,387.5,892.0,385.0,104.6195,27.6134,0.2639,1,1,145,1
144,3,0,0,1,1,1,0.9873,0.9927,0.8965,0.9429,645.5,306.0,544.0,307.0,615.5,313.0,582.5,306.0,101.5049,33.7343,0.3323,1,1,145,1
144,3,0,2,1,1,1,0.9927,0.9922,0.9331,0.9336,800.0,345.0,694.5,352.0,748.0,387.0,726.0,390.0,105.732,22.2036,0.21,1,1,145,1
145,3,0,1,1,1,1,0.9907,0.9907,0.9224,0.9272,955.0,356.0,851.0,351.5,919.5,387.5,892.0,385.0,104.0973,27.6134,0.2653,1,1,146,1
145,3,0,0,1,1,1,0.9873,0.9927,0.8965,0.9429,645.5,306.0,544.0,307.0,615.5,313.0,582.5,306.0,101.5049,33.7343,0.3323,1,1,146,1
145,3,0,2,1,1,1,0.9927,0.9922,0.9336,0.9336,800.0,345.0,695.0,352.0,747.5,387.0,726.0,390.0,105.2331,21.7083,0.2063,1,1,146,1
146,3,0,1,1,1,1,0.9912,0.9902,0.9243,0.9268,955.0,356.5,850.5,351.5,917.5,386.5,892.5,383.5,104.6195,25.1794,0.2407,1,1,147,1
146,3,0,0,1,1,1,0.9878,0.9932,0.8975,0.9443,645.5,305.5,544.0,307.0,616.0,314.0,582.5,307.0,101.5111,34.2235,0.3371,1,1,147,1
146,3,0,2,1,1,1,0.9922,0.9927,0.9302,0.9336,800.5,344.5,695.0,352.0,749.0,388.0,726.0,390.5,105.7663,23.1355,0.2187,1,1,147,1
147,3,0,1,1,1,1,0.9912,0.9902,0.9243,0.9268,955.0,356.5,850.5,351.5,917.5,386.5,892.5,383.5,104.6195,25.1794,0.2407,1,1,148,1
147,3,0,0,1,1,1,0.9878,0.9932,0.8979,0.9438,645.5,305.5,544.0,307.0,616.0,314.0,582.5,307.0,101.5111,34.2235,0.3371,1,1,148,1
147,3,0,2,1,1,1,0.9922,0.9927,0.9307,0.9341,800.5,344.5,695.0,352.0,749.0,388.0,726.0,390.0,105.7663,23.0868,0.2183,1,1,148,1
148,3,0,1,1,1,1,0.9907,0.9902,0.9224,0.9268,955.0,356.5,851.0,352.0,918.5,387.0,893.0,383.0,104.0973,25.8118,0.248,1,1,149,1
148,3,0,0,1,1,1,0.9873,0.9932,0.897,0.9458,646.0,305.5,544.5,307.0,616.0,312.0,582.5,304.0,101.5111,34.442,0.3393,1,1,149,1
148,3,0,2,1,1,1,0.9922,0.9927,0.9292,0.9351,800.0,345.0,695.0,352.5,748.5,387.5,726.0,390.5,105.2675,22.6991,0.2156,1,1,149,1
149,3,0,1,1,1,1,0.9912,0.9907,0.9224,0.9272,955.0,356.5,851.0,352.0,918.5,387.0,893.0,383.0,104.0973,25.8118,0.248,1,1,150,1
149,3,0,0,1,1,1,0.9873,0.9932,0.897,0.9458,646.0,305.5,544.5,307.0,616.0,312.0,582.5,304.0,101.5111,34.442,0.3393,1,1,150,1
149,3,0,2,1,1,1,0.9922,0.9927,0.9282,0.9351,800.0,345.0,695.0,352.5,748.5,387.5,726.0,390.5,105.2675,22.6991,0.2156,1,1,150,1
150,3,0,1,1,1,1,0.9907,0.9907,0.9219,0.9282,955.0,356.5,850.5,352.5,919.5,387.0,892.5,384.0,104.5765,27.1662,0.2598,1,1,151,1
150,3,0,0,1,1,1,0.9868,0.9932,0.8921,0.9448,646.0,305.5,544.5,307.0,616.0,313.0,583.0,305.0,101.5111,33.9559,0.3345,1,1,151,1
150,3,0,2,1,1,1,0.9917,0.9927,0.9268,0.9365,800.0,344.5,694.5,352.0,750.0,389.0,726.5,391.0,105.7663,23.585,0.223,1,1,151,1
151,3,0,1,1,1,1,0.9912,0.9907,0.9248,0.9277,955.0,357.0,850.5,352.5,918.0,386.5,893.0,383.5,104.5968,25.1794,0.2407,1,1,152,1
151,3,0,0,1,1,1,0.9873,0.9932,0.895,0.9463,646.0,305.0,544.5,306.5,616.0,312.5,582.5,305.0,101.5111,34.3293,0.3382,1,1,152,1
151,3,0,2,1,1,1,0.9922,0.9927,0.9277,0.936,800.0,345.0,694.5,352.0,749.0,387.5,726.0,390.0,105.732,23.1355,0.2188,1,1,152,1
152,3,0,1,1,1,1,0.9912,0.9907,0.9248,0.9277,955.0,356.5,850.5,352.5,918.0,386.5,893.0,383.5,104.5765,25.1794,0.2408,1,1,153,1
152,3,0,0,1,1,1,0.9873,0.9932,0.896,0.9463,645.5,305.5,544.5,306.5,615.5,313.0,582.5,305.5,101.005,33.8415,0.335,1,1,153,1
152,3,0,2,1,1,1,0.9922,0.9927,0.9282,0.936,800.0,344.5,694.5,352.0,749.0,387.5,726.0,390.0,105.7663,23.1355,0.2187,1,1,153,1
153,3,0,1,1,1,1,0.9912,0.9907,0.9233,0.9272,955.0,356.0,850.5,352.0,918.0,386.5,893.0,382.5,104.5765,25.318,0.2421,1,1,154,1
153,3,0,0,1,1,1,0.9868,0.9937,0.8936,0.9492,645.5,305.5,544.0,306.5,616.0,312.0,583.5,305.0,101.5049,33.2453,0.3275,1,1,154,1
153,3,0,2,1,1,1,0.9922,0.9927,0.9287,0.9355,800.0,345.0,695.0,352.0,749.5,388.0,725.5,390.5,105.2331,24.1299,0.2293,1,1,154,1
154,3,0,1,1,1,1,0.9912,0.9907,0.9238,0.9272,955.0,356.5,850.5,352.0,918.0,386.5,893.0,382.5,104.5968,25.318,0.2421,1,1,155,1
154,3,0,0,1,1,1,0.9868,0.9937,0.8931,0.9487,646.0,305.5,544.0,306.5,616.0,312.0,583.5,305.0,102.0049,33.2453,0.3259,1,1,155,1
154,3,0,2,1,1,1,0.9922,0.9927,0.9287,0.9355,800.0,345.0,695.0,352.0,749.5,388.0,725.5,390.5,105.2331,24.1299,0.2293,1,1,155,1
155,3,0,1,1,1,1,0.9912,0.9902,0.9243,0.9253,955.0,356.5,850.5,352.0,918.0,387.0,893.5,382.5,104.5968,24.9098,0.2382,1,1,156,1
155,3,0,0,1,1,1,0.9873,0.9932,0.895,0.9453,646.5,306.0,544.5,307.0,616.0,313.0,583.5,305.0,102.0049,33.4701,0.3281,1,1,156,1
155,3,0,2,1,1,1,0.9922,0.9922,0.9287,0.9336,800.0,345.0,695.0,352.5,749.0,387.5,725.0,391.0,105.2675,24.2539,0.2304,1,1,156,1
156,3,0,1,1,1,1,0.9912,0.9902,0.9243,0.9248,955.0,356.5,850.5,352.0,918.5,387.0,893.5,382.5,104.5968,25.4018,0.2429,1,1,157,1
156,3,0,0,1,1,1,0.9868,0.9932,0.895,0.9448,646.5,306.0,544.5,307.0,616.0,313.0,583.5,305.0,102.0049,33.4701,0.3281,1,1,157,1
156,3,0,2,1,1,1,0.9922,0.9922,0.9292,0.9331,800.0,345.0,695.0,352.5,749.0,387.5,725.0,391.0,105.2675,24.2539,0.2304,1,1,157,1
157,3,0,1,1,1,1,0.9912,0.9902,0.9248,0.9253,954.5,356.0,850.5,351.5,918.0,386.0,893.0,383.5,104.0973,25.1247,0.2414,1,1,158,1
157,3,0,0,1,1,1,0.9873,0.9932,0.896,0.9458,646.0,306.0,544.5,307.0,616.5,312.5,583.0,306.0,101.5049,34.1248,0.3362,1,1,158,1
157,3,0,2,1,1,1,0.9922,0.9922,0.9282,0.9336,800.0,344.5,694.5,352.5,751.0,388.5,725.5,392.5,105.8029,25.8118,0.244,1,1,158,1
158,3,0,1,1,1,1,0.9912,0.9902,0.9238,0.9263,955.0,356.5,850.5,352.5,918.0,387.0,892.5,383.5,104.5765,25.7391,0.2461,1,1,159,1
158,3,0,0,1,1,1,0.9868,0.9927,0.894,0.9443,646.0,306.0,544.5,307.0,616.0,312.5,583.5,306.0,101.5049,33.1436,0.3265,1,1,159,1
158,3,0,2,1,1,1,0.9922,0.9927,0.9302,0.9341,799.5,345.0,694.5,352.5,750.0,388.5,725.0,391.5,105.2675,25.1794,0.2392,1,1,159,1
159,3,0,1,1,1,1,0.9912,0.9902,0.9238,0.9263,955.0,356.5,850.5,352.0,918.0,386.5,893.0,383.5,104.5968,25.1794,0.2407,1,1,160,1
159,3,0,0,1,1,1,0.9868,0.9927,0.894,0.9438,646.0,306.0,544.5,307.0,616.0,312.0,584.0,306.0,101.5049,32.5576,0.3207,1,1,160,1
159,3,0,2,1,1,1,0.9922,0.9922,0.9292,0.9336,799.5,345.0,694.5,352.5,750.0,388.5,724.5,392.0,105.2675,25.7391,0.2445,1,1,160,1
160,3,0,1,1,1,1,0.9912,0.9902,0.9268,0.9243,955.5,357.0,851.0,351.5,918.0,386.0,893.0,383.5,104.6446,25.1247,0.2401,1,1,161,1
160,3,0,0,1,1,1,0.9868,0.9927,0.895,0.9448,646.0,305.5,544.5,306.5,616.0,312.5,583.0,305.0,101.5049,33.8415,0.3334,1,1,161,1
160,3,0,2,1,1,1,0.9922,0.9922,0.9307,0.9346,799.0,345.0,694.5,352.0,749.0,388.0,726.0,393.0,104.7342,23.5372,0.2247,1,1,161,1
161,3,0,1,1,1,1,0.9912,0.9902,0.9268,0.9243,955.5,357.0,851.0,351.5,918.0,386.0,893.0,383.5,104.6446,25.1247,0.2401,1,1,162,1
161,3,0,0,1,1,1,0.9868,0.9927,0.896,0.9443,645.5,305.5,544.5,306.5,616.0,312.5,583.0,305.0,101.005,33.8415,0.335,1,1,162,1
161,3,0,2,1,1,1,0.9922,0.9922,0.9307,0.9341,799.0,345.0,694.5,352.0,749.0,388.0,726.0,393.0,104.7342,23.5372,0.2247,1,1,162,1
162,3,0,1,1,1,1,0.9912,0.9902,0.9258,0.9248,955.0,356.5,851.0,351.5,919.0,388.0,893.0,383.5,104.1201,26.3865,0.2534,1,1,163,1
162,3,0,0,1,1,1,0.9868,0.9932,0.8921,0.9463,645.5,305.0,544.0,306.5,616.0,312.0,583.0,306.0,101.5111,33.541,0.3304,1,1,163,1
162,3,0,2,1,1,1,0.9922,0.9927,0.9307,0.9351,799.0,345.0,694.5,353.0,748.5,387.5,725.0,392.5,104.8058,24.026,0.2292,1,1,163,1
163,3,0,1,1,1,1,0.9912,0.9902,0.9253,0.9248,955.0,356.5,851.0,351.5,919.5,388.0,893.0,383.5,104.1201,26.8794,0.2582,1,1,164,1
163,3,0,0,1,1,1,0.9868,0.9932,0.8926,0.9463,645.5,305.5,544.0,306.5,616.0,312.0,583.0,306.0,101.5049,33.541,0.3304,1,1,164,1
163,3,0,2,1,1,1,0.9922,0.9927,0.9302,0.9351,799.0,344.5,694.5,353.0,749.0,387.5,725.0,392.0,104.8451,24.4182,0.2329,1,1,164,1
164,3,0,1,1,1,1,0.9912,0.9902,0.9243,0.9263,955.5,357.0,851.5,351.5,921.0,390.5,893.0,385.0,104.1453,28.5351,0.274,1,1,165,1
164,3,0,0,1,1,1,0.9873,0.9932,0.8999,0.9463,645.0,305.0,544.5,306.5,615.5,313.5,582.5,306.0,100.5112,33.8415,0.3367,1,1,165,1
164,3,0,2,1,1,1,0.9922,0.9922,0.9321,0.9341,799.5,345.0,694.0,353.0,749.0,388.0,725.5,393.0,105.8029,24.026,0.2271,1,1,165,1
165,3,0,1,1,1,1,0.9912,0.9902,0.9263,0.9253,956.0,356.5,851.5,352.0,920.5,390.0,894.0,384.0,104.5968,27.1708,0.2598,1,1,166,1
165,3,0,0,1,1,1,0.9878,0.9927,0.9019,0.9448,645.0,305.5,544.0,306.5,616.0,313.5,582.5,306.0,101.005,34.3293,0.3399,1,1,166,1
165,3,0,2,1,1,1,0.9922,0.9927,0.9312,0.9351,799.5,344.5,694.5,353.0,749.0,388.0,726.5,393.0,105.3435,23.0489,0.2188,1,1,166,1
166,3,0,1,1,1,1,0.9912,0.9902,0.9258,0.9253,956.0,356.5,851.0,352.0,920.5,390.0,894.0,384.0,105.0964,27.1708,0.2585,1,1,167,1
166,3,0,0,1,1,1,0.9878,0.9932,0.9014,0.9453,645.0,305.5,544.0,307.0,616.0,313.5,582.5,306.0,101.0111,34.3293,0.3399,1,1,167,1
166,3,0,2,1,1,1,0.9922,0.9927,0.9307,0.9351,799.5,344.5,694.5,353.0,749.0,388.0,726.5,393.0,105.3435,23.0489,0.2188,1,1,167,1
167,3,0,1,1,1,1,0.9917,0.9897,0.9292,0.9229,955.5,357.0,851.0,351.5,922.5,390.5,892.5,384.5,104.6446,30.5941,0.2924,1,1,168,1
167,3,0,0,1,1,1,0.9873,0.9927,0.897,0.9438,645.0,305.5,544.0,306.5,616.0,312.5,582.5,304.5,101.005,34.442,0.341,1,1,168,1
167,3,0,2,1,1,1,0.9922,0.9922,0.9312,0.9307,799.5,345.0,694.0,353.0,749.0,388.0,725.5,392.0,105.8029,23.838,0.2253,1,1,168,1
168,3,0,1,1,1,1,0.9917,0.9897,0.9297,0.9229,955.5,357.0,851.0,351.5,923.0,391.0,892.5,384.5,104.6446,31.1849,0.298,1,1,169,1
168,3,0,0,1,1,1,0.9873,0.9927,0.897,0.9434,645.5,305.5,544.0,306.5,616.0,312.5,582.5,304.5,101.5049,34.442,0.3393,1,1,169,1
168,3,0,2,1,1,1,0.9922,0.9917,0.9307,0.9302,799.5,345.0,694.0,353.5,748.5,388.0,725.5,392.0,105.8419,23.3452,0.2206,1,1,169,1
169,3,0,1,1,1,1,0.9917,0.9902,0.9302,0.9248,956.0,356.5,851.5,351.5,923.5,392.5,892.5,384.0,104.6195,32.1442,0.3072,1,1,170,1
169,3,0,0,1,1,1,0.9873,0.9927,0.896,0.9443,644.5,305.5,543.5,306.5,615.0,312.0,583.5,306.0,101.005,32.0663,0.3175,1,1,170,1
169,3,0,2,1,1,1,0.9927,0.9922,0.9336,0.9307,799.5,345.0,694.0,353.5,749.0,388.0,725.0,391.5,105.8419,24.2539,0.2292,1,1,170,1
170,3,0,1,1,1,1,0.9917,0.9902,0.9297,0.9248,956.0,356.5,851.5,351.5,923.5,392.5,892.5,384.0,104.6195,32.1442,0.3072,1,1,171,1
170,3,0,0,1,1,1,0.9873,0.9927,0.8955,0.9438,644.5,305.5,543.5,307.0,615.0,312.0,583.5,306.0,101.0111,32.0663,0.3175,1,1,171,1
170,3,0,2,1,1,1,0.9927,0.9922,0.9336,0.9312,799.5,345.0,694.0,353.5,749.0,388.0,725.0,391.0,105.8419,24.1868,0.2285,1,1,171,1
171,3,0,1,1,1,1,0.9917,0.9902,0.9302,0.9253,956.5,357.0,852.0,352.5,923.0,394.0,892.0,386.0,104.5968,32.0156,0.3061,1,1,172,1
171,3,0,0,1,1,1,0.9878,0.9937,0.8999,0.9492,644.5,305.0,543.5,306.5,614.5,313.5,582.5,304.5,101.0111,33.2415,0.3291,1,1,172,1
171,3,0,2,1,1,1,0.9927,0.9922,0.9355,0.9321,799.5,345.0,694.0,353.5,747.5,387.5,725.5,390.5,105.8419,22.2036,0.2098,1,1,172,1
172,3,0,1,1,1,1,0.9917,0.9902,0.9302,0.9253,956.5,357.0,852.0,352.5,923.5,394.0,892.0,386.0,104.5968,32.5,0.3107,1,1,173,1
172,3,0,0,1,1,1,0.9878,0.9937,0.8994,0.9492,644.5,305.5,543.5,306.5,614.5,313.5,582.5,304.5,101.005,33.2415,0.3291,1,1,173,1
172,3,0,2,1,1,1,0.9927,0.9922,0.9355,0.9326,799.5,345.0,694.0,353.5,747.5,387.5,725.5,390.5,105.8419,22.2036,0.2098,1,1,173,1
173,3,0,1,1,1,1,0.9922,0.9902,0.9326,0.9258,956.5,357.0,852.0,351.5,923.5,393.5,892.0,387.0,104.6446,32.1636,0.3074,1,1,174,1
173,3,0,0,1,1,1,0.9873,0.9937,0.8945,0.9497,645.0,306.0,543.5,307.0,615.5,313.0,583.0,304.5,101.5049,33.5932,0.331,1,1,174,1
173,3,0,2,1,1,1,0.9927,0.9922,0.9331,0.9341,799.0,345.0,694.0,353.5,748.5,387.5,726.0,391.5,105.3435,22.8528,0.2169,1,1,174,1
174,3,0,1,1,1,1,0.9922,0.9897,0.9326,0.9224,957.0,357.0,852.5,352.0,923.0,392.0,892.5,385.5,104.6195,31.1849,0.2981,1,1,175,1
174,3,0,0,1,1,1,0.9868,0.9937,0.895,0.9478,645.0,306.0,544.0,307.0,615.5,313.5,582.5,304.5,101.005,34.2053,0.3386,1,1,175,1
174,3,0,2,1,1,1,0.9922,0.9922,0.9331,0.9321,799.0,344.5,694.0,353.5,749.0,387.5,726.5,391.0,105.385,22.7706,0.2161,1,1,175,1
175,3,0,1,1,1,1,0.9922,0.9897,0.9326,0.9224,957.0,357.0,852.5,352.0,923.0,392.0,892.5,385.5,104.6195,31.1849,0.2981,1,1,176,1
175,3,0,0,1,1,1,0.9868,0.9932,0.895,0.9478,645.0,306.0,544.0,307.0,615.5,313.5,582.5,305.0,101.005,34.0771,0.3374,1,1,176,1
175,3,0,2,1,1,1,0.9927,0.9922,0.9336,0.9326,799.0,344.5,694.0,353.5,749.0,387.5,726.5,391.0,105.385,22.7706,0.2161,1,1,176,1
176,3,0,1,1,1,1,0.9922,0.9897,0.9346,0.9209,957.5,357.0,852.0,351.5,922.5,394.0,893.0,386.0,105.6433,30.5655,0.2893,1,1,177,1
176,3,0,0,1,1,1,0.9873,0.9932,0.897,0.9473,645.0,306.0,544.0,307.0,615.0,313.0,583.0,304.5,101.005,33.1097,0.3278,1,1,177,1
176,3,0,2,1,1,1,0.9927,0.9922,0.9336,0.9312,798.5,344.5,694.0,353.0,749.0,387.5,726.0,390.5,104.8451,23.1948,0.2212,1,1,177,1
177,3,0,1,1,1,1,0.9922,0.9897,0.9346,0.9209,957.5,357.0,852.0,351.5,922.5,394.0,893.0,386.0,105.6433,30.5655,0.2893,1,1,178,1
177,3,0,0,1,1,1,0.9873,0.9932,0.8965,0.9473,645.0,306.0,544.0,307.0,615.0,313.0,583.0,304.5,101.005,33.1097,0.3278,1,1,178,1
177,3,0,2,1,1,1,0.9927,0.9922,0.9336,0.9312,798.5,344.5,694.0,353.0,749.0,387.5,726.0,390.5,104.8451,23.1948,0.2212,1,1,178,1
178,3,0,1,1,1,1,0.9922,0.9897,0.9336,0.9214,958.0,357.0,852.5,351.5,924.0,395.0,892.0,386.5,105.6433,33.1097,0.3134,1,1,179,1
178,3,0,0,1,1,1,0.9868,0.9932,0.8921,0.9473,644.5,306.0,543.5,307.0,615.5,313.0,583.0,305.0,101.005,33.4701,0.3314,1,1,179,1
178,3,0,2,1,1,1,0.9922,0.9922,0.9312,0.9312,799.0,345.0,694.0,353.5,749.0,387.5,725.0,390.5,105.3435,24.1868,0.2296,1,1,179,1
179,3,0,1,1,1,1,0.9922,0.9897,0.9336,0.9214,957.5,357.0,852.5,351.5,924.0,395.0,892.0,386.0,105.1439,33.2415,0.3162,1,1,180,1
179,3,0,0,1,1,1,0.9868,0.9937,0.8916,0.9478,644.5,306.0,543.5,307.0,615.0,313.0,583.0,305.0,101.005,32.9848,0.3266,1,1,180,1
179,3,0,2,1,1,1,0.9922,0.9922,0.9307,0.9312,799.0,345.0,694.0,353.5,749.0,387.5,725.0,390.5,105.3435,24.1868,0.2296,1,1,180,1
180,3,0,1,1,1,1,0.9922,0.9897,0.9321,0.9224,957.0,357.0,852.0,351.5,924.5,396.5,892.5,386.0,105.1439,33.6786,0.3203,1,1,181,1
180,3,0,0,1,1,1,0.9873,0.9937,0.8955,0.9507,644.0,306.0,543.0,307.0,615.0,313.0,583.0,305.5,101.005,32.8672,0.3254,1,1,181,1
180,3,0,2,1,1,1,0.9927,0.9922,0.9331,0.9312,799.0,344.5,693.5,353.0,749.0,387.5,725.5,391.0,105.8419,23.7592,0.2245,1,1,181,1
181,3,0,1,1,1,1,0.9922,0.9897,0.9326,0.9224,957.0,357.0,852.0,351.5,924.5,396.5,892.5,386.0,105.1439,33.6786,0.3203,1,1,182,1
181,3,0,0,1,1,1,0.9873,0.9937,0.8955,0.9507,644.0,306.0,543.0,306.5,615.0,312.5,583.0,305.5,101.0012,32.7567,0.3243,1,1,182,1
181,3,0,2,1,1,1,0.9927,0.9922,0.9331,0.9321,799.0,344.5,693.5,353.0,749.0,387.5,726.0,391.0,105.8419,23.2648,0.2198,1,1,182,1
182,3,0,1,1,1,1,0.9917,0.9902,0.9307,0.9258,957.5,356.0,852.0,351.0,923.0,394.5,892.5,386.0,105.6184,31.6623,0.2998,1,1,183,1
182,3,0,0,1,1,1,0.9873,0.9927,0.8955,0.9438,644.0,306.0,543.5,307.0,615.5,313.0,583.5,305.5,100.505,32.8672,0.327,1,1,183,1
182,3,0,2,1,1,1,0.9927,0.9917,0.9326,0.9302,799.0,345.0,693.5,353.0,750.0,388.5,725.5,390.5,105.8029,24.5815,0.2323,1,1,183,1
183,3,0,1,1,1,1,0.9917,0.9902,0.9307,0.9253,957.5,356.0,852.5,351.0,923.0,394.5,893.0,386.0,105.119,31.1809,0.2966,1,1,184,1
183,3,0,0,1,1,1,0.9873,0.9927,0.895,0.9438,644.0,306.0,543.5,307.0,615.5,313.0,584.0,305.5,100.505,32.3805,0.3222,1,1,184,1
183,3,0,2,1,1,1,0.9927,0.9917,0.9326,0.9302,799.0,344.5,693.5,353.0,750.0,388.5,725.5,390.5,105.8419,24.5815,0.2322,1,1,184,1
184,3,0,1,1,1,1,0.9922,0.9902,0.9321,0.9238,957.5,356.5,853.0,350.5,924.5,395.0,892.5,386.0,104.6721,33.2415,0.3176,1,1,185,1
184,3,0,0,1,1,1,0.9868,0.9927,0.8931,0.9438,644.0,306.0,543.5,307.5,614.5,313.0,583.0,306.0,100.5112,32.2684,0.321,1,1,185,1
184,3,0,2,1,1,1,0.9922,0.9922,0.9316,0.9307,799.0,344.5,693.5,353.5,749.5,387.5,726.0,390.0,105.8832,23.6326,0.2232,1,1,185,1
185,3,0,1,1,1,1,0.9922,0.9902,0.9321,0.9238,957.0,356.5,853.0,350.5,924.0,395.0,892.5,386.0,104.1729,32.7605,0.3145,1,1,186,1
185,3,0,0,1,1,1,0.9868,0.9927,0.8936,0.9438,644.0,306.0,543.5,307.5,614.5,313.0,583.0,306.0,100.5112,32.2684,0.321,1,1,186,1
185,3,0,2,1,1,1,0.9922,0.9922,0.9312,0.9312,799.0,344.5,693.5,354.0,749.5,387.5,726.0,390.0,105.9269,23.6326,0.2231,1,1,186,1
186,3,0,1,1,1,1,0.9922,0.9907,0.9307,0.9272,957.0,356.5,852.5,350.5,926.0,397.5,891.5,387.0,104.6721,36.0624,0.3445,1,1,187,1
186,3,0,0,1,1,1,0.9863,0.9932,0.8916,0.9458,643.5,306.5,543.0,307.5,615.0,313.0,583.5,305.5,100.505,32.3805,0.3222,1,1,187,1
186,3,0,2,1,1,1,0.9927,0.9922,0.9346,0.9326,799.0,345.0,693.5,353.0,749.5,387.5,725.0,391.0,105.8029,24.7487,0.2339,1,1,187,1
187,3,0,1,1,1,1,0.9922,0.9902,0.9321,0.9248,958.0,356.0,853.5,350.5,925.0,394.5,892.5,386.5,104.6446,33.4701,0.3198,1,1,188,1
187,3,0,0,1,1,1,0.9868,0.9927,0.894,0.9443,644.0,306.0,543.5,307.0,615.5,312.5,583.5,305.0,100.505,32.8672,0.327,1,1,188,1
187,3,0,2,1,1,1,0.9927,0.9917,0.9351,0.9297,798.5,345.0,693.5,353.5,749.5,388.0,724.5,391.5,105.3435,25.2438,0.2396,1,1,188,1
188,3,0,1,1,1,1,0.9922,0.9902,0.9321,0.9243,958.0,356.0,853.5,350.5,925.0,394.5,892.5,386.5,104.6446,33.4701,0.3198,1,1,189,1
188,3,0,0,1,1,1,0.9868,0.9927,0.894,0.9443,644.0,306.0,543.5,307.0,615.5,312.5,583.0,305.5,100.505,33.2453,0.3308,1,1,189,1
188,3,0,2,1,1,1,0.9927,0.9917,0.9351,0.9302,798.5,345.0,693.5,353.5,749.5,388.0,724.5,391.0,105.3435,25.1794,0.239,1,1,189,1
189,3,0,1,1,1,1,0.9917,0.9902,0.9302,0.9258,957.0,356.5,853.0,351.0,925.5,394.5,893.0,386.0,104.1453,33.5932,0.3226,1,1,190,1
189,3,0,0,1,1,1,0.9868,0.9932,0.8931,0.9458,644.5,306.5,543.0,307.5,615.5,312.0,583.5,306.0,101.5049,32.5576,0.3207,1,1,190,1
189,3,0,2,1,1,1,0.9922,0.9917,0.9336,0.9312,798.5,345.0,693.0,353.5,750.0,388.5,726.5,392.0,105.8419,23.7592,0.2245,1,1,190,1
190,3,0,1,1,1,1,0.9917,0.9902,0.9297,0.9258,957.0,356.5,853.0,351.0,925.0,394.5,893.0,386.0,104.1453,33.1097,0.3179,1,1,191,1
190,3,0,0,1,1,1,0.9868,0.9932,0.8931,0.9458,644.5,306.5,543.0,307.5,615.5,312.0,583.5,305.0,101.5049,32.7567,0.3227,1,1,191,1
190,3,0,2,1,1,1,0.9927,0.9917,0.9336,0.9312,798.5,345.0,693.5,353.5,750.0,388.5,726.0,391.5,105.3435,24.1868,0.2296,1,1,191,1
191,3,0,1,1,1,1,0.9917,0.9907,0.9282,0.9287,957.0,356.5,852.5,351.0,924.0,392.0,893.0,385.5,104.6446,31.6741,0.3027,1,1,192,1
191,3,0,0,1,1,1,0.9873,0.9927,0.8965,0.9429,643.0,306.0,542.5,307.0,616.0,313.5,583.0,306.0,100.505,33.8415,0.3367,1,1,192,1
191,3,0,2,1,1,1,0.9927,0.9917,0.9346,0.9287,798.5,344.5,693.0,353.0,749.5,388.0,725.0,391.0,105.8419,24.683,0.2332,1,1,192,1
192,3,0,1,1,1,1,0.9917,0.9907,0.9287,0.9282,957.0,356.5,852.5,351.0,924.0,392.0,893.0,385.5,104.6446,31.6741,0.3027,1,1,193,1
192,3,0,0,1,1,1,0.9873,0.9927,0.897,0.9429,643.0,306.5,542.5,307.0,616.0,313.5,583.0,306.0,100.5012,33.8415,0.3367,1,1,193,1
192,3,0,2,1,1,1,0.9927,0.9917,0.9346,0.9292,798.5,344.5,693.0,353.0,749.5,388.0,725.0,391.0,105.8419,24.683,0.2332,1,1,193,1
193,3,0,1,1,1,1,0.9917,0.9902,0.9312,0.9263,956.5,356.0,852.5,351.5,925.5,394.0,892.5,385.5,104.0973,34.0771,0.3274,1,1,194,1
193,3,0,0,1,1,1,0.9873,0.9927,0.897,0.9419,643.0,306.5,543.0,307.0,615.0,313.5,582.5,305.0,100.0012,33.5932,0.3359,1,1,194,1
193,3,0,2,1,1,1,0.9927,0.9917,0.936,0.9297,798.0,345.0,693.0,353.0,749.5,387.0,724.5,391.0,105.3043,25.318,0.2404,1,1,194,1
194,3,0,1,1,1,1,0.9917,0.9907,0.9287,0.9287,956.5,355.5,852.5,351.5,927.0,395.0,892.0,386.0,104.0769,36.1386,0.3472,1,1,195,1
194,3,0,0,1,1,1,0.9873,0.9922,0.8975,0.9414,642.5,307.0,543.0,307.0,615.0,314.0,582.5,306.0,99.5,33.4701,0.3364,1,1,195,1
194,3,0,2,1,1,1,0.9927,0.9917,0.936,0.9302,798.0,345.0,693.0,353.0,749.5,386.5,724.0,389.5,105.3043,25.6759,0.2438,1,1,195,1
195,3,0,1,1,1,1,0.9917,0.9907,0.9292,0.9287,956.5,355.5,852.5,351.5,927.5,395.0,892.0,386.0,104.0769,36.6231,0.3519,1,1,196,1
195,3,0,0,1,1,1,0.9873,0.9927,0.8984,0.9419,642.5,307.0,543.0,307.0,615.0,314.0,582.0,306.0,99.5,33.9559,0.3413,1,1,196,1
195,3,0,2,1,1,1,0.9927,0.9917,0.936,0.9297,798.0,345.0,693.0,353.0,749.5,386.5,724.0,389.5,105.3043,25.6759,0.2438,1,1,196,1
196,3,0,1,1,1,1,0.9917,0.9912,0.9272,0.9316,956.5,355.5,853.0,351.0,926.5,392.5,893.0,386.0,103.5978,34.1248,0.3294,1,1,197,1
196,3,0,0,1,1,1,0.9873,0.9927,0.896,0.9443,643.5,307.0,543.0,307.0,615.5,313.5,583.0,305.0,100.5,33.5932,0.3343,1,1,197,1
196,3,0,2,1,1,1,0.9927,0.9917,0.937,0.9292,798.0,345.0,693.0,353.0,749.5,386.5,723.5,390.5,105.3043,26.3059,0.2498,1,1,197,1
197,3,0,1,1,1,1,0.9917,0.9907,0.9277,0.9312,956.5,355.5,853.0,351.0,926.5,392.5,893.0,386.0,103.5978,34.1248,0.3294,1,1,198,1
197,3,0,0,1,1,1,0.9873,0.9927,0.8965,0.9438,643.5,307.0,543.0,307.0,616.0,314.0,583.0,305.0,100.5,34.2053,0.3404,1,1,198,1
197,3,0,2,1,1,1,0.9927,0.9917,0.9365,0.9287,798.0,345.0,693.0,353.0,749.0,386.5,723.5,390.5,105.3043,25.8118,0.2451,1,1,198,1
198,3,0,1,1,1,1,0.9917,0.9912,0.9272,0.9312,956.5,355.5,852.5,351.5,928.0,395.0,892.0,386.0,104.0769,37.108,0.3565,1,1,199,1
198,3,0,0,1,1,1,0.9878,0.9927,0.9004,0.9429,643.0,306.5,542.5,306.5,616.0,314.5,583.0,306.0,100.5,34.0771,0.3391,1,1,199,1
198,3,0,2,1,1,1,0.9927,0.9922,0.936,0.9316,797.5,345.0,693.0,353.0,750.0,386.0,723.0,390.5,104.8058,27.3724,0.2612,1,1,199,1
199,3,0,1,1,1,1,0.9917,0.9912,0.9268,0.9312,956.5,355.5,852.5,351.5,928.0,395.0,892.0,386.0,104.0769,37.108,0.3565,1,1,200,1
199,3,0,0,1,1,1,0.9878,0.9927,0.9004,0.9429,643.0,306.5,542.5,306.5,616.0,315.0,583.0,306.5,100.5,34.0771,0.3391,1,1,200,1
199,3,0,2,1,1,1,0.9927,0.9922,0.9365,0.9316,797.5,345.0,693.0,353.0,750.0,386.0,723.5,390.5,104.8058,26.8794,0.2565,1,1,200,1
200,3,0,1,1,1,1,0.9917,0.9912,0.9263,0.9326,956.5,355.5,852.5,351.5,927.5,395.0,892.5,386.0,104.0769,36.1386,0.3472,1,1,201,1
200,3,0,0,1,1,1,0.9878,0.9927,0.9009,0.9419,643.0,306.5,542.5,306.5,615.5,314.5,582.5,307.0,100.5,33.8415,0.3367,1,1,201,1
200,3,0,2,1,1,1,0.9927,0.9917,0.9355,0.9312,797.0,345.0,692.5,353.0,750.0,385.5,724.5,391.0,104.8058,26.0864,0.2489,1,1,201,1
201,3,0,1,1,1,1,0.9917,0.9912,0.9268,0.9302,956.0,355.0,852.0,351.0,929.5,397.5,891.5,386.5,104.0769,39.5601,0.3801,1,1,202,1
201,3,0,0,1,1,1,0.9878,0.9927,0.8989,0.9443,643.0,307.0,542.0,307.0,616.0,313.5,583.0,307.0,101.0,33.6341,0.333,1,1,202,1
201,3,0,2,1,1,1,0.9927,0.9917,0.9351,0.9312,797.0,345.0,692.5,353.0,750.5,386.0,725.0,390.0,104.8058,25.8118,0.2463,1,1,202,1
202,3,0,1,1,1,1,0.9917,0.9912,0.9272,0.9302,956.0,355.0,852.0,351.0,929.5,397.5,891.5,386.5,104.0769,39.5601,0.3801,1,1,203,1
202,3,0,0,1,1,1,0.9878,0.9927,0.8989,0.9438,642.5,307.0,542.0,307.0,615.5,313.5,583.0,307.0,100.5,33.1436,0.3298,1,1,203,1
202,3,0,2,1,1,1,0.9927,0.9922,0.9351,0.9316,797.0,345.0,692.5,352.5,750.5,386.0,725.0,390.0,104.7688,25.8118,0.2464,1,1,203,1
203,3,0,1,1,1,1,0.9912,0.9912,0.9263,0.9321,956.0,355.5,852.5,351.5,929.5,396.5,891.5,385.0,103.5773,39.702,0.3833,1,1,204,1
203,3,0,0,1,1,1,0.9878,0.9927,0.9004,0.9419,643.0,306.5,542.5,307.0,615.0,314.0,582.5,306.0,100.5012,33.4701,0.333,1,1,204,1
203,3,0,2,1,1,1,0.9927,0.9917,0.9341,0.9307,798.0,344.5,692.5,353.0,750.0,386.0,724.5,391.0,105.8419,25.9856,0.2455,1,1,204,1
204,3,0,1,1,1,1,0.9912,0.9912,0.9263,0.9321,956.0,355.5,852.5,351.5,929.5,396.0,891.5,385.0,103.5773,39.5601,0.3819,1,1,205,1
204,3,0,0,1,1,1,0.9878,0.9927,0.9014,0.9419,642.5,306.5,542.5,307.0,615.0,314.0,582.5,306.0,100.0012,33.4701,0.3347,1,1,205,1
204,3,0,2,1,1,1,0.9927,0.9917,0.9346,0.9312,798.0,344.5,692.5,353.0,750.0,386.0,724.5,390.5,105.8419,25.894,0.2446,1,1,205,1
205,3,0,1,1,1,1,0.9917,0.9912,0.9277,0.9316,956.0,355.0,852.5,350.5,928.0,393.0,892.5,384.5,103.5978,36.5034,0.3524,1,1,206,1
205,3,0,0,1,1,1,0.9878,0.9922,0.9023,0.9404,643.5,306.5,543.0,307.0,615.5,314.0,583.0,306.0,100.5012,33.4701,0.333,1,1,206,1
205,3,0,2,1,1,1,0.9927,0.9917,0.9336,0.9307,797.5,345.0,692.0,353.0,749.5,385.5,724.5,391.0,105.8029,25.5979,0.2419,1,1,206,1
206,3,0,1,1,1,1,0.9917,0.9912,0.9268,0.9316,956.0,355.0,852.5,350.5,928.0,393.0,892.5,384.5,103.5978,36.5034,0.3524,1,1,207,1
206,3,0,0,1,1,1,0.9878,0.9922,0.9023,0.9404,643.5,307.0,543.0,307.0,615.5,314.5,583.0,306.0,100.5,33.5932,0.3343,1,1,207,1
206,3,0,2,1,1,1,0.9927,0.9917,0.9341,0.9307,797.5,345.0,692.0,353.0,749.5,385.5,724.5,391.0,105.8029,25.5979,0.2419,1,1,207,1
207,3,0,1,1,1,1,0.9912,0.9912,0.9263,0.9326,956.5,356.0,853.0,351.5,926.5,392.0,893.0,385.5,103.5978,34.1248,0.3294,1,1,208,1
207,3,0,0,1,1,1,0.9878,0.9922,0.9014,0.9404,643.0,306.5,542.5,307.0,616.0,314.0,582.5,307.0,100.5012,34.2235,0.3405,1,1,208,1
207,3,0,2,1,1,1,0.9927,0.9922,0.9341,0.9331,798.0,345.0,692.5,353.0,749.0,384.5,723.5,391.0,105.8029,26.3154,0.2487,1,1,208,1
208,3,0,1,1,1,1,0.9912,0.9912,0.9258,0.9326,956.5,356.0,853.0,351.5,926.5,392.5,893.0,385.5,103.5978,34.2235,0.3304,1,1,209,1
208,3,0,0,1,1,1,0.9878,0.9922,0.9009,0.9404,643.0,306.5,542.5,307.0,616.0,314.0,582.0,307.0,100.5012,34.7131,0.3454,1,1,209,1
208,3,0,2,1,1,1,0.9927,0.9922,0.9341,0.9326,798.0,345.0,692.5,353.0,749.0,384.5,723.5,390.5,105.8029,26.1964,0.2476,1,1,209,1
209,3,0,1,1,1,1,0.9917,0.9907,0.9287,0.9297,956.5,355.5,852.5,351.0,924.5,390.5,892.5,385.0,104.0973,32.4692,0.3119,1,1,210,1
209,3,0,0,1,1,1,0.9873,0.9927,0.8989,0.9429,643.0,306.5,542.5,306.5,615.5,314.5,582.5,306.0,100.5,34.0771,0.3391,1,1,210,1
209,3,0,2,1,1,1,0.9922,0.9922,0.9302,0.9321,797.5,344.5,692.5,352.5,749.5,385.5,723.5,391.0,105.3043,26.5754,0.2524,1,1,210,1
210,3,0,1,1,1,1,0.9917,0.9907,0.9287,0.9292,956.5,355.5,852.5,351.0,924.5,390.0,892.5,385.0,104.0973,32.3883,0.3111,1,1,211,1
210,3,0,0,1,1,1,0.9873,0.9927,0.8984,0.9424,643.0,307.0,542.5,306.5,615.5,314.5,582.5,306.0,100.5012,34.0771,0.3391,1,1,211,1
210,3,0,2,1,1,1,0.9922,0.9922,0.9307,0.9326,797.5,344.5,692.5,352.5,749.5,385.5,723.5,391.0,105.3043,26.5754,0.2524,1,1,211,1
211,3,0,1,1,1,1,0.9917,0.9907,0.9302,0.9277,956.5,356.0,852.5,351.5,926.5,392.0,892.5,384.5,104.0973,34.8174,0.3345,1,1,212,1
211,3,0,0,1,1,1,0.9878,0.9927,0.8994,0.9424,643.0,306.5,542.5,307.0,615.5,313.0,582.5,306.5,100.5012,33.6341,0.3347,1,1,212,1
211,3,0,2,1,1,1,0.9922,0.9922,0.9321,0.9316,798.0,344.0,692.5,352.5,749.5,385.5,723.0,390.5,105.8419,26.9676,0.2548,1,1,212,1
212,3,0,1,1,1,1,0.9917,0.9907,0.9277,0.9302,956.5,356.0,852.5,351.5,926.0,392.0,892.5,384.0,104.0973,34.442,0.3309,1,1,213,1
212,3,0,0,1,1,1,0.9878,0.9922,0.8999,0.9399,642.5,306.5,542.0,306.5,615.5,313.0,583.0,306.5,100.5,33.1436,0.3298,1,1,213,1
212,3,0,2,1,1,1,0.9922,0.9922,0.9292,0.9312,797.5,344.0,692.0,353.0,749.0,386.5,722.5,390.5,105.8832,26.8002,0.2531,1,1,213,1
213,3,0,1,1,1,1,0.9917,0.9907,0.9272,0.9302,956.5,356.0,852.5,351.5,926.0,392.0,892.5,384.0,104.0973,34.442,0.3309,1,1,214,1
213,3,0,0,1,1,1,0.9878,0.9922,0.9004,0.9404,642.5,306.5,542.0,307.0,615.5,313.0,583.0,307.0,100.5012,33.0492,0.3288,1,1,214,1
213,3,0,2,1,1,1,0.9922,0.9922,0.9292,0.9312,797.5,344.0,692.0,353.0,749.0,386.5,723.0,390.5,105.8832,26.3059,0.2484,1,1,214,1
214,3,0,1,1,1,1,0.9917,0.9907,0.9277,0.9297,956.5,356.5,852.5,351.5,927.5,393.0,893.0,384.0,104.1201,35.6546,0.3424,1,1,215,1
214,3,0,0,1,1,1,0.9878,0.9922,0.9028,0.9414,642.0,306.5,542.0,306.5,615.0,313.0,583.5,306.0,100.0,32.2684,0.3227,1,1,215,1
214,3,0,2,1,1,1,0.9927,0.9917,0.9331,0.9302,797.5,344.5,692.0,353.0,749.0,385.5,722.0,391.0,105.8419,27.5545,0.2603,1,1,215,1
215,3,0,1,1,1,1,0.9917,0.9907,0.9272,0.9297,957.0,356.5,853.0,351.5,927.5,393.0,893.0,384.0,104.1201,35.6546,0.3424,1,1,216,1
215,3,0,0,1,1,1,0.9878,0.9927,0.9028,0.9419,642.0,306.5,542.0,306.5,615.0,313.0,583.5,306.5,100.0,32.1636,0.3216,1,1,216,1
215,3,0,2,1,1,1,0.9927,0.9917,0.9336,0.9302,797.5,344.5,692.0,353.0,749.0,385.5,722.0,391.0,105.8419,27.5545,0.2603,1,1,216,1
216,3,0,1,1,1,1,0.9912,0.9907,0.9268,0.9287,957.0,356.5,853.0,351.5,927.0,394.0,894.0,383.5,104.1201,34.6302,0.3326,1,1,217,1
216,3,0,0,1,1,1,0.9878,0.9927,0.8999,0.9414,643.0,307.0,542.0,307.0,615.5,312.5,585.0,304.0,101.0,31.6623,0.3135,1,1,217,1
216,3,0,2,1,1,1,0.9922,0.9922,0.9312,0.9316,797.5,344.5,691.5,353.0,748.0,384.0,723.5,388.5,106.3403,24.9098,0.2342,1,1,217,1
217,3,0,1,1,1,1,0.9912,0.9907,0.9268,0.9287,957.5,356.5,853.0,351.5,927.0,394.0,894.0,383.5,104.6195,34.6302,0.331,1,1,218,1
217,3,0,0,1,1,1,0.9878,0.9927,0.8999,0.9419,643.0,307.0,542.0,307.0,615.5,312.5,585.0,304.0,101.0,31.6623,0.3135,1,1,218,1
217,3,0,2,1,1,1,0.9922,0.9922,0.9312,0.9321,797.5,344.5,691.5,353.0,748.0,384.0,723.5,388.5,106.3403,24.9098,0.2342,1,1,218,1
218,3,0,1,1,1,1,0.9917,0.9907,0.9282,0.9297,957.5,356.5,853.0,351.5,927.0,393.5,892.5,384.0,104.6195,35.7841,0.342,1,1,219,1
218,3,0,0,1,1,1,0.9873,0.9927,0.8975,0.9419,643.0,306.0,542.0,306.5,616.0,311.5,584.5,305.0,101.0012,32.1636,0.3184,1,1,219,1
218,3,0,2,1,1,1,0.9927,0.9917,0.9336,0.9307,797.5,344.5,691.5,353.0,747.5,384.0,723.0,388.5,106.3403,24.9098,0.2342,1,1,219,1
219,3,0,1,1,1,1,0.9917,0.9907,0.9282,0.9302,957.5,356.5,853.0,351.5,927.0,393.5,892.5,384.0,104.6195,35.7841,0.342,1,1,220,1
219,3,0,0,1,1,1,0.9873,0.9927,0.8975,0.9419,643.0,306.0,542.0,306.0,616.0,312.0,584.5,305.0,101.0,32.2684,0.3195,1,1,220,1
219,3,0,2,1,1,1,0.9927,0.9922,0.9331,0.9312,797.5,344.5,691.5,353.0,747.5,384.0,723.0,388.5,106.3403,24.9098,0.2342,1,1,220,1
220,3,0,1,1,1,1,0.9917,0.9907,0.9272,0.9307,957.0,356.5,853.5,350.5,927.5,390.5,894.0,383.5,103.6738,34.2235,0.3301,1,1,221,1
220,3,0,0,1,1,1,0.9873,0.9927,0.8965,0.9419,643.5,306.0,542.0,306.5,615.5,311.5,585.5,304.5,101.5012,30.8058,0.3035,1,1,221,1
220,3,0,2,1,1,1,0.9922,0.9922,0.9316,0.9316,797.5,344.5,691.5,353.0,749.0,385.0,722.5,389.0,106.3403,26.8002,0.252,1,1,221,1
221,3,0,1,1,1,1,0.9917,0.9907,0.9272,0.9302,957.0,356.0,853.5,350.5,927.0,390.5,894.0,383.5,103.646,33.7343,0.3255,1,1,222,1
221,3,0,0,1,1,1,0.9873,0.9927,0.8955,0.9419,643.5,306.0,542.5,306.5,615.5,311.5,585.5,304.5,101.0012,30.8058,0.305,1,1,222,1
221,3,0,2,1,1,1,0.9922,0.9922,0.9316,0.9312,797.5,344.5,691.5,353.0,748.5,385.0,722.5,389.0,106.3403,26.3059,0.2474,1,1,222,1
222,3,0,1,1,1,1,0.9912,0.9912,0.9263,0.9321,957.5,356.0,854.0,351.0,926.5,388.5,895.0,382.5,103.6207,32.0663,0.3095,1,1,223,1
222,3,0,0,1,1,1,0.9878,0.9922,0.9014,0.9414,643.0,306.0,542.5,306.5,615.0,312.0,584.5,305.0,100.5012,31.293,0.3114,1,1,223,1
222,3,0,2,1,1,1,0.9927,0.9922,0.9341,0.9316,797.0,344.0,691.5,352.5,747.5,383.5,723.5,389.0,105.8419,24.6221,0.2326,1,1,223,1
223,3,0,1,1,1,1,0.9912,0.9907,0.9248,0.9316,958.0,356.5,854.0,351.5,926.5,388.5,894.5,383.5,104.1201,32.3883,0.3111,1,1,224,1
223,3,0,0,1,1,1,0.9873,0.9927,0.8965,0.9424,643.0,306.0,542.0,306.5,616.0,312.5,584.0,305.0,101.0012,32.8672,0.3254,1,1,224,1
223,3,0,2,1,1,1,0.9922,0.9917,0.9312,0.9302,797.5,344.5,691.5,352.5,747.0,383.5,723.5,387.5,106.3015,23.838,0.2242,1,1,224,1
224,3,0,1,1,1,1,0.9912,0.9907,0.9248,0.9316,958.0,357.0,854.0,351.5,926.5,388.5,894.5,383.5,104.1453,32.3883,0.311,1,1,225,1
224,3,0,0,1,1,1,0.9873,0.9927,0.8975,0.9429,643.0,306.0,542.0,306.5,615.5,312.5,584.0,305.0,101.0012,32.3805,0.3206,1,1,225,1
224,3,0,2,1,1,1,0.9922,0.9917,0.9307,0.9302,797.5,344.5,691.5,353.0,747.0,383.5,723.0,387.5,106.3403,24.3311,0.2288,1,1,225,1
225,3,0,1,1,1,1,0.9912,0.9912,0.9272,0.9336,958.0,357.5,854.0,352.0,926.5,389.5,894.5,384.0,104.1453,32.4692,0.3118,1,1,226,1
225,3,0,0,1,1,1,0.9878,0.9927,0.8989,0.9434,643.0,306.0,542.0,306.5,616.0,313.0,583.5,305.0,101.0012,33.4701,0.3314,1,1,226,1
225,3,0,2,1,1,1,0.9927,0.9917,0.9355,0.9297,797.0,344.5,691.5,353.0,747.5,382.5,723.0,386.5,105.8419,24.8244,0.2345,1,1,226,1
226,3,0,1,1,1,1,0.9912,0.9912,0.9272,0.9331,958.0,357.5,854.0,352.0,926.5,389.5,894.5,384.0,104.1453,32.4692,0.3118,1,1,227,1
226,3,0,0,1,1,1,0.9878,0.9927,0.8989,0.9429,643.0,305.5,542.0,306.0,616.0,313.0,583.5,305.0,101.0012,33.4701,0.3314,1,1,227,1
226,3,0,2,1,1,1,0.9927,0.9917,0.9355,0.9292,797.0,344.5,691.5,353.0,747.5,382.5,723.0,386.5,105.8419,24.8244,0.2345,1,1,227,1
227,3,0,1,1,1,1,0.9917,0.9907,0.9297,0.9302,959.0,357.0,854.5,351.5,925.5,387.5,893.5,385.5,104.6446,32.0624,0.3064,1,1,228,1
227,3,0,0,1,1,1,0.9878,0.9927,0.9023,0.9434,643.0,305.5,542.5,306.5,616.0,313.5,583.5,306.0,100.505,33.3542,0.3319,1,1,228,1
227,3,0,2,1,1,1,0.9927,0.9917,0.9341,0.9307,797.5,344.0,692.0,353.0,748.5,383.0,723.0,387.5,105.8832,25.894,0.2446,1,1,228,1
228,3,0,1,1,1,1,0.9917,0.9907,0.9297,0.9302,959.0,357.0,854.5,351.5,925.5,387.5,894.0,385.5,104.6446,31.5634,0.3016,1,1,229,1
228,3,0,0,1,1,1,0.9878,0.9927,0.9019,0.9434,643.0,305.5,542.5,306.5,616.0,313.5,583.5,305.5,100.505,33.4701,0.333,1,1,229,1
228,3,0,2,1,1,1,0.9927,0.9917,0.9346,0.9307,797.5,344.0,692.0,353.0,748.5,383.0,723.0,387.5,105.8832,25.894,0.2446,1,1,229,1
229,3,0,1,1,1,1,0.9917,0.9907,0.9297,0.9302,959.0,357.0,855.5,352.0,925.5,386.0,894.0,384.0,103.6207,31.5634,0.3046,1,1,230,1
229,3,0,0,1,1,1,0.9878,0.9927,0.8994,0.9419,643.5,306.0,542.0,306.5,616.0,313.0,584.0,305.5,101.5012,32.8672,0.3238,1,1,230,1
229,3,0,2,1,1,1,0.9927,0.9917,0.9355,0.9287,797.5,344.0,691.5,353.0,749.0,384.5,723.5,388.0,106.3814,25.7391,0.242,1,1,230,1
230,3,0,1,1,1,1,0.9912,0.9907,0.9268,0.9312,959.5,356.5,856.0,351.5,923.0,384.5,895.5,383.5,103.6207,27.5182,0.2656,1,1,231,1
230,3,0,0,1,1,1,0.9873,0.9927,0.895,0.9438,643.5,305.5,542.0,306.5,616.5,313.0,585.5,304.5,101.5049,32.1442,0.3167,1,1,231,1
230,3,0,2,1,1,1,0.9941,0.9917,0.9517,0.9346,797.5,345.0,692.0,352.5,748.5,383.5,726.0,385.5,105.7663,22.5887,0.2136,1,1,231,1
231,3,0,1,1,1,1,0.9912,0.9907,0.9268,0.9312,959.5,356.5,856.0,351.5,923.0,384.5,895.5,383.5,103.6207,27.5182,0.2656,1,1,232,1
231,3,0,0,1,1,1,0.9873,0.9927,0.895,0.9438,643.5,305.5,542.0,306.5,616.5,313.0,585.5,305.0,101.5049,32.0156,0.3154,1,1,232,1
231,3,0,2,1,1,1,0.9927,0.9917,0.936,0.9292,797.5,344.5,691.5,353.5,748.0,384.0,724.0,386.5,106.3814,24.1299,0.2268,1,1,232,1
232,3,0,1,1,1,1,0.9917,0.9907,0.9302,0.9292,959.5,356.5,856.5,352.0,924.0,383.5,894.0,384.0,103.0983,30.0042,0.291,1,1,233,1
232,3,0,0,1,1,1,0.9878,0.9922,0.9019,0.9409,643.0,306.0,542.0,307.0,616.0,313.0,584.5,304.5,101.005,32.6267,0.323,1,1,233,1
232,3,0,2,1,1,1,0.9927,0.9917,0.9341,0.9307,798.0,344.0,691.5,353.5,749.0,384.0,724.5,387.0,106.9229,24.683,0.2308,1,1,233,1
233,3,0,1,1,1,1,0.9917,0.9907,0.9302,0.9292,959.5,356.5,856.5,352.0,924.0,384.0,894.0,384.0,103.0983,30.0,0.291,1,1,234,1
233,3,0,0,1,1,1,0.9878,0.9927,0.9019,0.9414,643.5,306.0,542.0,307.0,616.5,313.0,584.5,305.0,101.5049,32.9848,0.325,1,1,234,1
233,3,0,2,1,1,1,0.9927,0.9917,0.9341,0.9307,798.0,344.0,691.5,353.5,749.0,384.0,724.5,387.0,106.9229,24.683,0.2308,1,1,234,1
234,3,0,1,1,1,1,0.9917,0.9907,0.9307,0.9287,959.5,356.5,856.0,351.5,924.0,383.5,894.5,383.0,103.6207,29.5042,0.2847,1,1,235,1
234,3,0,0,1,1,1,0.9878,0.9922,0.9004,0.9414,643.0,306.0,542.5,307.0,615.5,312.5,584.0,304.5,100.505,32.5,0.3234,1,1,235,1
234,3,0,2,1,1,1,0.9927,0.9917,0.9341,0.9292,798.0,344.0,691.5,353.0,749.0,383.5,724.5,387.5,106.8796,24.8244,0.2323,1,1,235,1
235,3,0,1,1,1,1,0.9917,0.9902,0.9302,0.9282,959.5,356.5,856.0,351.5,924.0,383.5,894.5,383.0,103.6207,29.5042,0.2847,1,1,236,1
235,3,0,0,1,1,1,0.9878,0.9927,0.9004,0.9414,643.0,306.0,542.5,306.5,615.5,312.5,584.0,304.0,100.5012,32.6267,0.3246,1,1,236,1
235,3,0,2,1,1,1,0.9927,0.9917,0.9341,0.9287,798.0,344.0,691.5,353.5,749.0,383.5,724.5,387.0,106.9229,24.7487,0.2315,1,1,236,1
236,3,0,1,1,1,1,0.9917,0.9912,0.9297,0.9326,959.5,356.0,856.0,352.0,924.0,382.5,895.0,383.5,103.5773,29.0172,0.2802,1,1,237,1
236,3,0,0,1,1,1,0.9873,0.9927,0.8975,0.9424,642.5,305.0,542.5,306.5,615.5,311.0,584.5,305.0,100.0112,31.5753,0.3157,1,1,237,1
236,3,0,2,1,1,1,0.9927,0.9917,0.9346,0.9302,798.5,344.0,691.5,353.5,748.5,384.0,723.5,387.5,107.4209,25.2438,0.235,1,1,237,1
237,3,0,1,1,1,1,0.9917,0.9907,0.9287,0.9307,959.5,356.0,856.0,352.0,925.0,384.5,895.0,384.5,103.5773,30.0,0.2896,1,1,238,1
237,3,0,0,1,1,1,0.9873,0.9927,0.897,0.9424,643.0,305.5,542.5,307.0,615.5,311.5,584.0,304.5,100.5112,32.2684,0.321,1,1,238,1
237,3,0,2,1,1,1,0.9927,0.9917,0.9355,0.9297,797.5,344.0,692.0,353.5,749.0,384.0,723.5,387.0,105.9269,25.6759,0.2424,1,1,238,1
238,3,0,1,1,1,1,0.9917,0.9907,0.9287,0.9312,959.5,356.0,856.0,352.0,925.0,384.5,895.0,384.5,103.5773,30.0,0.2896,1,1,239,1
238,3,0,0,1,1,1,0.9873,0.9927,0.8975,0.9429,643.0,305.5,542.5,307.0,615.5,311.0,584.0,304.0,100.5112,32.2684,0.321,1,1,239,1
238,3,0,2,1,1,1,0.9927,0.9917,0.936,0.9302,797.5,344.0,692.0,353.0,749.0,384.0,723.5,387.0,105.8832,25.6759,0.2425,1,1,239,1
239,3,0,1,1,1,1,0.9917,0.9902,0.9302,0.9282,960.0,356.0,856.0,352.0,923.0,384.5,894.5,382.5,104.0769,28.5701,0.2745,1,1,240,1
239,3,0,0,1,1,1,0.9873,0.9927,0.896,0.9434,644.0,306.0,542.5,307.0,615.5,313.0,583.5,305.5,101.5049,32.8672,0.3238,1,1,240,1
239,3,0,2,1,1,1,0.9927,0.9917,0.9341,0.9277,799.0,344.5,693.0,353.5,749.0,387.0,723.0,390.0,106.3814,26.1725,0.246,1,1,240,1
240,3,0,1,1,1,1,0.9917,0.9902,0.9302,0.9282,959.5,356.0,856.0,352.0,923.0,384.5,894.5,382.5,103.5773,28.5701,0.2758,1,1,241,1
240,3,0,0,1,1,1,0.9868,0.9927,0.896,0.9438,643.5,306.0,542.5,307.0,615.5,313.0,583.5,305.5,101.005,32.8672,0.3254,1,1,241,1
240,3,0,2,1,1,1,0.9927,0.9917,0.9341,0.9277,799.0,344.0,693.0,353.0,749.0,387.0,723.0,390.0,106.3814,26.1725,0.246,1,1,241,1
241,3,0,1,1,1,1,0.9917,0.9907,0.9321,0.9287,960.0,356.5,856.0,352.0,923.0,385.0,894.0,383.5,104.0973,29.0388,0.279,1,1,242,1
241,3,0,0,1,1,1,0.9878,0.9927,0.9004,0.9424,643.0,306.0,542.5,307.0,615.5,313.0,585.0,304.5,100.505,31.6623,0.315,1,1,242,1
241,3,0,2,1,1,1,0.9927,0.9917,0.9355,0.9302,798.0,344.0,692.5,352.5,748.5,384.5,723.0,388.5,105.8419,25.8118,0.2439,1,1,242,1
242,3,0,1,1,1,1,0.9917,0.9907,0.9321,0.9287,960.0,356.5,856.0,352.0,923.0,384.5,894.0,384.0,104.0973,29.0043,0.2786,1,1,243,1
242,3,0,0,1,1,1,0.9878,0.9927,0.9004,0.9424,643.5,306.0,542.5,307.0,615.5,313.0,584.5,304.5,101.005,32.1442,0.3182,1,1,243,1
242,3,0,2,1,1,1,0.9927,0.9917,0.9351,0.9307,798.0,343.5,692.5,352.5,748.5,384.5,723.0,388.5,105.8832,25.8118,0.2438,1,1,243,1
243,3,0,1,1,1,1,0.9917,0.9907,0.9312,0.9316,959.0,357.0,855.5,352.0,924.0,384.0,894.5,384.0,103.6207,29.5,0.2847,1,1,244,1
243,3,0,0,1,1,1,0.9873,0.9927,0.8979,0.9438,643.0,305.5,542.0,307.0,615.5,312.5,583.5,305.5,101.0111,32.7567,0.3243,1,1,244,1
243,3,0,2,1,1,1,0.9927,0.9917,0.936,0.9277,798.5,343.5,693.0,352.5,748.5,385.5,723.0,389.5,105.8832,25.8118,0.2438,1,1,244,1
244,3,0,1,1,1,1,0.9917,0.9907,0.9312,0.9316,959.0,356.5,855.5,352.0,924.5,384.0,894.5,383.5,103.5978,30.0042,0.2896,1,1,245,1
244,3,0,0,1,1,1,0.9873,0.9927,0.8975,0.9438,643.0,305.5,542.0,307.0,615.5,312.5,583.5,305.5,101.0111,32.7567,0.3243,1,1,245,1
244,3,0,2,1,1,1,0.9927,0.9917,0.936,0.9277,798.5,343.5,693.0,352.5,748.5,385.0,723.0,389.5,105.8832,25.894,0.2446,1,1,245,1
245,3,0,1,1,1,1,0.9922,0.9907,0.9321,0.9292,959.0,356.5,855.5,352.0,925.5,383.0,894.5,382.5,103.5978,31.004,0.2993,1,1,246,1
245,3,0,0,1,1,1,0.9868,0.9927,0.8945,0.9438,643.5,306.0,542.0,307.0,614.5,311.5,583.0,305.0,101.5049,32.1636,0.3169,1,1,246,1
245,3,0,2,1,1,1,0.9927,0.9912,0.9346,0.9253,798.5,344.0,693.0,353.0,749.5,386.0,722.5,390.0,105.8832,27.2947,0.2578,1,1,246,1
246,3,0,1,1,1,1,0.9917,0.9907,0.9316,0.9297,959.0,356.5,856.0,352.0,925.5,383.0,894.5,382.5,103.0983,31.004,0.3007,1,1,247,1
246,3,0,0,1,1,1,0.9873,0.9927,0.895,0.9438,643.5,306.0,542.0,307.0,614.5,311.5,583.0,304.5,101.5049,32.2684,0.3179,1,1,247,1
246,3,0,2,1,1,1,0.9927,0.9912,0.9341,0.9253,798.5,344.0,693.0,353.0,749.5,386.0,722.5,390.0,105.8832,27.2947,0.2578,1,1,247,1
247,3,0,1,1,1,1,0.9922,0.9907,0.9326,0.9282,959.5,356.5,856.0,351.5,926.5,387.0,894.0,382.5,103.6207,32.8101,0.3166,1,1,248,1
247,3,0,0,1,1,1,0.9873,0.9927,0.8979,0.9443,643.0,305.5,542.0,307.0,615.5,314.0,583.0,306.0,101.0111,33.4701,0.3314,1,1,248,1
247,3,0,2,1,1,1,0.9927,0.9912,0.9331,0.9258,798.5,343.5,693.0,353.0,749.5,386.0,723.0,389.5,105.9269,26.7301,0.2523,1,1,248,1
248,3,0,1,1,1,1,0.9917,0.9907,0.9287,0.9292,959.0,356.5,855.5,352.0,925.5,386.5,894.5,385.0,103.5978,31.0363,0.2996,1,1,249,1
248,3,0,0,1,1,1,0.9878,0.9927,0.8989,0.9424,643.5,305.5,542.0,307.0,615.0,313.0,583.0,307.0,101.5111,32.5576,0.3207,1,1,249,1
248,3,0,2,1,1,1,0.9927,0.9912,0.9336,0.9248,798.5,344.5,693.0,353.0,747.5,386.0,724.0,389.0,105.8419,23.6907,0.2238,1,1,249,1
249,3,0,1,1,1,1,0.9917,0.9907,0.9292,0.9292,959.0,356.5,855.0,352.0,925.5,386.0,894.5,385.0,104.0973,31.0161,0.298,1,1,250,1
249,3,0,0,1,1,1,0.9878,0.9927,0.8984,0.9419,643.5,305.5,542.0,307.0,615.0,313.0,583.0,307.0,101.5111,32.5576,0.3207,1,1,250,1
249,3,0,2,1,1,1,0.9927,0.9912,0.9336,0.9248,798.5,344.5,692.5,353.0,747.5,386.5,724.0,389.5,106.3403,23.6907,0.2228,1,1,250,1
250,3,0,1,1,1,1,0.9912,0.9907,0.9263,0.9312,959.0,356.5,855.5,351.5,925.5,384.5,894.5,385.0,103.6207,31.004,0.2992,1,1,251,1
250,3,0,0,1,1,1,0.9878,0.9932,0.8975,0.9458,643.5,305.5,542.5,307.0,614.5,312.0,582.5,306.0,101.0111,32.5576,0.3223,1,1,251,1
250,3,0,2,1,1,1,0.9927,0.9917,0.9355,0.9282,799.0,344.5,693.0,353.0,748.5,385.5,723.5,388.5,106.3403,25.1794,0.2368,1,1,251,1
251,3,0,1,1,1,1,0.9912,0.9912,0.9268,0.9316,959.0,356.5,855.5,351.5,925.0,384.0,894.5,385.0,103.6207,30.5164,0.2945,1,1,252,1
251,3,0,0,1,1,1,0.9878,0.9932,0.8975,0.9458,643.5,305.5,542.0,307.0,614.5,312.0,582.5,306.0,101.5111,32.5576,0.3207,1,1,252,1
251,3,0,2,1,1,1,0.9927,0.9912,0.9351,0.9277,799.0,344.5,693.0,353.0,748.5,385.5,723.5,388.5,106.3403,25.1794,0.2368,1,1,252,1
252,3,0,1,1,1,1,0.9917,0.9912,0.9282,0.9331,959.0,356.5,856.0,351.5,924.5,384.0,895.5,384.0,103.1213,29.0,0.2812,1,1,253,1
252,3,0,0,1,1,1,0.9873,0.9932,0.8975,0.9453,643.5,306.0,542.5,307.0,615.0,312.0,583.0,305.0,101.005,32.7567,0.3243,1,1,253,1
252,3,0,2,1,1,1,0.9927,0.9912,0.9355,0.9272,799.0,344.0,693.0,353.0,748.5,385.0,723.5,389.0,106.3814,25.318,0.238,1,1,253,1
253,3,0,1,1,1,1,0.9912,0.9912,0.9282,0.9331,959.0,356.5,855.5,351.5,924.5,383.5,895.5,384.0,103.6207,29.0043,0.2799,1,1,254,1
253,3,0,0,1,1,1,0.9873,0.9932,0.8975,0.9453,643.5,306.0,542.5,307.0,615.0,312.0,583.0,305.0,101.005,32.7567,0.3243,1,1,254,1
253,3,0,2,1,1,1,0.9927,0.9912,0.9355,0.9272,799.0,344.0,693.0,353.0,748.5,385.0,723.5,389.0,106.3814,25.318,0.238,1,1,254,1
254,3,0,1,1,1,1,0.9917,0.9907,0.9287,0.9297,959.5,357.0,855.5,352.0,925.5,384.5,895.5,384.0,104.1201,30.0042,0.2882,1,1,255,1
254,3,0,0,1,1,1,0.9878,0.9932,0.8989,0.9453,643.0,305.5,542.5,307.0,615.5,313.0,582.5,306.5,100.5112,33.6341,0.3346,1,1,255,1
254,3,0,2,1,1,1,0.9927,0.9917,0.9365,0.9287,798.5,344.0,692.5,353.0,748.5,385.0,723.5,388.5,106.3814,25.2438,0.2373,1,1,255,1
255,3,0,1,1,1,1,0.9917,0.9907,0.9287,0.9302,959.5,357.0,855.5,352.0,925.5,384.5,896.0,384.0,104.1201,29.5042,0.2834,1,1,256,1
255,3,0,0,1,1,1,0.9878,0.9932,0.8989,0.9453,643.0,305.5,542.5,307.0,615.5,313.0,582.5,306.0,100.5112,33.7343,0.3356,1,1,256,1
255,3,0,2,1,1,1,0.9927,0.9917,0.936,0.9287,798.5,344.0,692.5,353.0,748.5,385.0,723.5,388.5,106.3814,25.2438,0.2373,1,1,256,1
256,3,0,1,1,1,1,0.9912,0.9907,0.9258,0.9307,959.5,357.0,855.5,352.0,927.0,386.5,894.5,383.5,104.1201,32.6382,0.3135,1,1,257,1
256,3,0,0,1,1,1,0.9878,0.9932,0.8984,0.9468,643.5,306.0,542.5,308.0,614.5,312.0,582.0,306.0,101.0198,33.0492,0.3272,1,1,257,1
256,3,0,2,1,1,1,0.9927,0.9917,0.9351,0.9302,799.0,344.5,692.5,353.0,749.0,386.5,723.5,389.0,106.8387,25.6223,0.2398,1,1,257,1
257,3,0,1,1,1,1,0.9912,0.9907,0.9258,0.9312,959.5,357.0,855.5,352.0,927.0,386.5,895.0,383.5,104.1201,32.1403,0.3087,1,1,258,1
257,3,0,0,1,1,1,0.9878,0.9932,0.8984,0.9468,643.5,306.0,542.5,307.5,614.5,312.0,582.5,306.0,101.0111,32.5576,0.3223,1,1,258,1
257,3,0,2,1,1,1,0.9927,0.9917,0.9355,0.9307,798.5,344.0,692.5,353.0,749.0,386.5,723.5,389.0,106.3814,25.6223,0.2409,1,1,258,1
258,3,0,1,1,1,1,0.9917,0.9912,0.9277,0.9321,959.5,357.0,855.5,352.0,927.5,387.5,894.5,383.5,104.1201,33.2415,0.3193,1,1,259,1
258,3,0,0,1,1,1,0.9873,0.9927,0.8989,0.9438,643.0,305.5,542.5,307.0,615.0,313.0,582.5,306.0,100.5112,33.2453,0.3308,1,1,259,1
258,3,0,2,1,1,1,0.9927,0.9922,0.9365,0.9312,799.0,344.0,692.5,353.5,749.5,386.0,722.5,388.5,106.9229,27.1155,0.2536,1,1,259,1
259,3,0,1,1,1,1,0.9917,0.9907,0.9312,0.9282,959.5,357.0,856.0,352.0,928.5,388.5,894.5,382.5,103.6207,34.5254,0.3332,1,1,260,1
259,3,0,0,1,1,1,0.9873,0.9927,0.897,0.9438,643.5,305.5,542.5,307.0,615.0,311.5,583.0,306.0,101.0111,32.4692,0.3214,1,1,260,1
259,3,0,2,1,1,1,0.9927,0.9917,0.9346,0.9287,799.0,344.0,693.0,353.5,749.5,386.0,723.5,389.0,106.4249,26.1725,0.2459,1,1,260,1
260,3,0,1,1,1,1,0.9917,0.9902,0.9316,0.9282,959.5,357.0,856.0,352.0,928.5,388.5,894.5,382.5,103.6207,34.5254,0.3332,1,1,261,1
260,3,0,0,1,1,1,0.9873,0.9927,0.8965,0.9438,643.5,305.5,542.5,307.0,615.0,311.5,583.0,306.0,101.0111,32.4692,0.3214,1,1,261,1
260,3,0,2,1,1,1,0.9927,0.9917,0.9351,0.9287,799.0,344.0,693.0,353.5,749.5,386.0,723.5,388.5,106.4249,26.1199,0.2454,1,1,261,1
261,3,0,1,1,1,1,0.9917,0.9907,0.9292,0.9287,960.0,357.0,856.5,351.5,929.0,388.5,894.0,382.5,103.646,35.5106,0.3426,1,1,262,1
261,3,0,0,1,1,1,0.9873,0.9927,0.8984,0.9434,643.0,305.0,543.0,307.0,615.0,312.0,583.5,305.5,100.02,32.1636,0.3216,1,1,262,1
261,3,0,2,1,1,1,0.9927,0.9917,0.9365,0.9312,799.0,344.0,693.0,353.5,749.5,386.0,722.5,388.0,106.4249,27.074,0.2544,1,1,262,1
262,3,0,1,1,1,1,0.9917,0.9907,0.9297,0.9287,960.0,357.0,856.5,351.5,929.0,388.5,894.0,382.5,103.646,35.5106,0.3426,1,1,263,1
262,3,0,0,1,1,1,0.9873,0.9927,0.8979,0.9434,643.0,305.5,543.0,307.0,615.5,312.0,583.5,305.0,100.0112,32.7567,0.3275,1,1,263,1
262,3,0,2,1,1,1,0.9927,0.9917,0.9365,0.9312,799.0,344.0,693.0,353.5,749.5,386.0,722.5,388.0,106.4249,27.074,0.2544,1,1,263,1
263,3,0,1,1,1,1,0.9917,0.9907,0.9302,0.9297,960.0,357.0,856.5,351.5,928.5,389.5,893.5,384.0,103.646,35.4295,0.3418,1,1,264,1
263,3,0,0,1,1,1,0.9868,0.9932,0.895,0.9458,644.0,305.0,543.0,307.0,615.5,312.0,584.0,304.0,101.0198,32.5,0.3217,1,1,264,1
263,3,0,2,1,1,1,0.9941,0.9917,0.9526,0.9331,799.0,345.0,693.5,352.5,748.5,385.5,725.0,386.5,105.7663,23.5213,0.2224,1,1,264,1
264,3,0,1,1,1,1,0.9917,0.9907,0.9302,0.9297,960.0,357.0,856.5,351.5,928.5,389.5,893.5,384.0,103.646,35.4295,0.3418,1,1,265,1
264,3,0,0,1,1,1,0.9873,0.9932,0.895,0.9453,644.0,305.5,543.0,307.0,615.0,312.0,583.5,304.0,101.0111,32.5,0.3217,1,1,265,1
264,3,0,2,1,1,1,0.9941,0.9917,0.9521,0.9336,799.0,345.0,693.5,352.5,748.5,385.5,725.0,386.5,105.7663,23.5213,0.2224,1,1,265,1
265,3,0,1,1,1,1,0.9922,0.9907,0.9316,0.9277,960.5,357.0,856.5,351.5,929.0,390.5,893.5,383.5,104.1453,36.1836,0.3474,1,1,266,1
265,3,0,0,1,1,1,0.9873,0.9927,0.8984,0.9429,643.5,305.0,543.0,307.0,616.0,312.0,584.0,305.0,100.5199,32.7567,0.3259,1,1,266,1
265,3,0,2,1,1,1,0.9932,0.9917,0.937,0.9302,799.0,344.0,693.0,353.5,749.0,385.5,723.5,387.5,106.4249,25.5783,0.2403,1,1,266,1
266,3,0,1,1,1,1,0.9922,0.9902,0.9316,0.9268,960.5,357.0,857.0,352.0,929.0,393.0,894.0,383.5,103.6207,36.2664,0.35,1,1,267,1
266,3,0,0,1,1,1,0.9873,0.9927,0.8965,0.9443,644.5,305.0,543.0,306.5,616.0,313.0,584.0,305.5,101.5111,32.8672,0.3238,1,1,267,1
266,3,0,2,1,1,1,0.9922,0.9917,0.9331,0.9277,799.0,344.0,693.0,353.5,748.5,385.5,724.0,387.5,106.4249,24.5815,0.231,1,1,267,1
267,3,0,1,1,1,1,0.9922,0.9902,0.9321,0.9268,960.5,357.0,857.0,352.0,929.0,393.0,894.0,383.5,103.6207,36.2664,0.35,1,1,268,1
267,3,0,0,1,1,1,0.9873,0.9932,0.897,0.9448,644.5,305.0,543.0,306.5,616.0,312.5,584.0,305.5,101.5111,32.7567,0.3227,1,1,268,1
267,3,0,2,1,1,1,0.9927,0.9917,0.9336,0.9277,799.0,344.0,693.0,353.5,748.5,385.5,724.0,387.5,106.4249,24.5815,0.231,1,1,268,1
268,3,0,1,1,1,1,0.9922,0.9902,0.9336,0.9268,961.5,357.5,857.5,352.5,929.0,392.0,894.0,382.0,104.1201,36.4005,0.3496,1,1,269,1
268,3,0,0,1,1,1,0.9868,0.9932,0.8926,0.9463,644.0,305.5,543.0,307.0,616.0,312.5,583.0,305.0,101.0111,33.8415,0.335,1,1,269,1
268,3,0,2,1,1,1,0.9927,0.9917,0.9346,0.9302,799.0,343.5,693.0,353.0,748.0,385.5,724.5,386.5,106.4249,23.5213,0.221,1,1,269,1
269,3,0,1,1,1,1,0.9922,0.9902,0.9331,0.9268,961.5,357.5,857.5,352.5,929.0,392.0,894.0,382.0,104.1201,36.4005,0.3496,1,1,270,1
269,3,0,0,1,1,1,0.9868,0.9932,0.8926,0.9458,644.0,305.5,543.0,307.0,616.0,312.5,583.0,304.5,101.0111,33.9559,0.3362,1,1,270,1
269,3,0,2,1,1,1,0.9927,0.9917,0.9346,0.9302,799.0,343.5,693.0,353.0,748.5,385.5,724.5,387.0,106.4249,24.0468,0.226,1,1,270,1
270,3,0,1,1,1,1,0.9922,0.9907,0.9316,0.9287,961.0,358.0,857.0,352.5,930.0,392.5,894.0,383.0,104.1453,37.2324,0.3575,1,1,271,1
270,3,0,0,1,1,1,0.9873,0.9927,0.896,0.9429,644.5,305.5,543.0,307.5,616.0,313.0,584.0,304.5,101.5197,33.1097,0.3261,1,1,271,1
270,3,0,2,1,1,1,0.9927,0.9917,0.9341,0.9297,799.0,343.5,693.0,353.5,748.5,385.5,724.0,387.5,106.4707,24.5815,0.2309,1,1,271,1
271,3,0,1,1,1,1,0.9922,0.9907,0.9321,0.9287,961.0,358.0,857.0,352.5,930.0,393.0,893.5,383.0,104.1453,37.8451,0.3634,1,1,272,1
271,3,0,0,1,1,1,0.9873,0.9927,0.897,0.9434,644.5,306.0,543.0,307.5,616.0,313.0,583.5,304.5,101.5111,33.5932,0.3309,1,1,272,1
271,3,0,2,1,1,1,0.9927,0.9917,0.9351,0.9307,799.0,343.5,693.0,353.5,748.5,385.5,724.0,387.0,106.4707,24.5459,0.2305,1,1,272,1
272,3,0,1,1,1,1,0.9917,0.9907,0.9302,0.9297,961.0,358.0,857.5,353.0,928.0,390.5,895.0,383.5,103.6207,33.7343,0.3256,1,1,273,1
272,3,0,0,1,1,1,0.9873,0.9927,0.8975,0.9434,644.5,306.0,543.5,307.0,616.0,313.0,583.5,304.0,101.005,33.7231,0.3339,1,1,273,1
272,3,0,2,1,1,1,0.9927,0.9917,0.9331,0.9302,799.0,344.0,693.0,353.5,747.5,386.0,724.0,388.0,106.4249,23.585,0.2216,1,1,273,1
273,3,0,1,1,1,1,0.9917,0.9907,0.9287,0.9287,961.5,357.5,857.5,352.5,927.0,389.0,895.0,382.5,104.1201,32.6535,0.3136,1,1,274,1
273,3,0,0,1,1,1,0.9873,0.9932,0.8965,0.9453,644.0,305.0,543.0,306.5,616.5,312.5,584.0,306.0,101.0111,33.1436,0.3281,1,1,274,1
273,3,0,2,1,1,1,0.9927,0.9917,0.9346,0.9277,799.0,344.0,693.0,353.5,749.0,386.5,724.0,388.5,106.4249,25.0799,0.2357,1,1,274,1
274,3,0,1,1,1,1,0.9917,0.9907,0.9287,0.9287,961.5,357.5,857.5,352.5,927.0,389.0,895.0,382.5,104.1201,32.6535,0.3136,1,1,275,1
274,3,0,0,1,1,1,0.9873,0.9932,0.8965,0.9453,644.5,305.5,543.0,307.0,616.5,312.5,584.0,306.0,101.5111,33.1436,0.3265,1,1,275,1
274,3,0,2,1,1,1,0.9927,0.9917,0.9346,0.9277,799.0,344.0,693.0,353.5,749.0,386.5,724.0,388.5,106.4249,25.0799,0.2357,1,1,275,1
275,3,0,1,1,1,1,0.9917,0.9907,0.9287,0.9287,961.0,357.5,857.5,352.0,928.0,389.0,895.5,384.0,103.646,32.8824,0.3173,1,1,276,1
275,3,0,0,1,1,1,0.9873,0.9932,0.895,0.9463,644.5,305.5,543.0,307.0,616.5,312.0,584.5,305.0,101.5111,32.7567,0.3227,1,1,276,1
275,3,0,2,1,1,1,0.9927,0.9922,0.9365,0.9316,798.5,344.0,692.5,353.0,748.5,385.0,724.0,388.5,106.3814,24.7487,0.2326,1,1,276,1
276,3,0,1,1,1,1,0.9917,0.9907,0.9287,0.9287,961.0,357.5,857.5,352.0,928.0,389.0,895.5,384.0,103.646,32.8824,0.3173,1,1,277,1
276,3,0,0,1,1,1,0.9873,0.9932,0.895,0.9458,644.5,305.5,543.0,307.0,616.0,312.0,584.5,304.5,101.5111,32.3805,0.319,1,1,277,1
276,3,0,2,1,1,1,0.9927,0.9922,0.936,0.9316,798.5,344.0,693.0,353.0,749.0,385.0,724.0,388.0,105.8832,25.1794,0.2378,1,1,277,1
277,3,0,1,1,1,1,0.9922,0.9907,0.9321,0.9282,961.0,358.0,857.5,352.0,926.0,387.0,895.5,383.0,103.6738,30.7612,0.2967,1,1,278,1
277,3,0,0,1,1,1,0.9873,0.9932,0.896,0.9448,644.5,305.5,543.0,307.0,616.5,311.5,584.5,305.0,101.5111,32.6535,0.3217,1,1,278,1
277,3,0,2,1,1,1,0.9927,0.9922,0.9341,0.9321,798.0,344.0,693.0,353.0,748.5,384.0,724.0,387.5,105.385,24.7487,0.2348,1,1,278,1
278,3,0,1,1,1,1,0.9922,0.9907,0.9316,0.9282,961.0,358.0,857.5,352.5,926.0,387.0,895.5,383.0,103.646,30.7612,0.2968,1,1,279,1
278,3,0,0,1,1,1,0.9873,0.9932,0.8955,0.9448,644.5,305.5,543.0,307.0,616.5,311.5,584.5,305.0,101.5111,32.6535,0.3217,1,1,279,1
278,3,0,2,1,1,1,0.9927,0.9922,0.9346,0.9321,798.0,344.0,693.0,353.0,748.5,384.0,724.5,387.5,105.385,24.2539,0.2301,1,1,279,1
279,3,0,1,1,1,1,0.9922,0.9907,0.9336,0.9287,961.0,358.0,858.0,352.0,929.0,391.0,895.0,383.5,103.1746,34.8174,0.3375,1,1,280,1
279,3,0,0,1,1,1,0.9868,0.9932,0.894,0.9463,645.0,305.5,543.5,307.0,616.0,311.5,583.5,304.0,101.5111,33.3542,0.3286,1,1,280,1
279,3,0,2,1,1,1,0.9927,0.9917,0.9355,0.9292,798.5,344.0,693.0,353.0,748.0,384.0,723.0,387.5,105.8832,25.2438,0.2384,1,1,280,1
280,3,0,1,1,1,1,0.9922,0.9907,0.9336,0.9282,961.0,358.0,858.0,352.0,929.0,391.0,895.0,384.0,103.1746,34.7131,0.3365,1,1,281,1
280,3,0,0,1,1,1,0.9868,0.9932,0.894,0.9463,645.0,305.5,543.5,307.0,616.0,311.5,583.5,304.5,101.5111,33.2453,0.3275,1,1,281,1
280,3,0,2,1,1,1,0.9927,0.9917,0.9351,0.9292,798.5,344.0,693.0,353.0,748.0,384.0,723.0,387.5,105.8832,25.2438,0.2384,1,1,281,1
281,3,0,1,1,1,1,0.9922,0.9902,0.9321,0.9268,961.0,357.5,858.0,352.0,927.0,386.5,894.5,384.0,103.1467,32.596,0.316,1,1,282,1
281,3,0,0,1,1,1,0.9868,0.9932,0.8906,0.9453,645.0,305.5,543.5,307.0,616.0,312.0,584.0,304.5,101.5111,32.8672,0.3238,1,1,282,1
281,3,0,2,1,1,1,0.9927,0.9917,0.9331,0.9287,799.0,344.5,692.5,353.0,748.5,385.0,724.0,387.0,106.8387,24.5815,0.2301,1,1,282,1
282,3,0,1,1,1,1,0.9922,0.9902,0.9321,0.9268,961.5,357.5,858.0,352.0,927.0,386.5,894.5,384.0,103.646,32.596,0.3145,1,1,283,1
282,3,0,0,1,1,1,0.9868,0.9932,0.8906,0.9458,645.0,305.5,543.5,307.0,616.5,312.0,584.5,304.5,101.5111,32.8672,0.3238,1,1,283,1
282,3,0,2,1,1,1,0.9927,0.9917,0.9331,0.9282,799.0,344.5,692.5,353.0,748.5,385.0,724.0,387.0,106.8387,24.5815,0.2301,1,1,283,1
283,3,0,1,1,1,1,0.9917,0.9907,0.9316,0.9277,962.5,358.0,858.5,352.5,928.5,389.5,895.0,384.0,104.1453,33.9485,0.326,1,1,284,1
283,3,0,0,1,1,1,0.9868,0.9932,0.8911,0.9463,645.0,305.5,543.5,307.0,616.5,312.0,585.0,304.5,101.5111,32.3805,0.319,1,1,284,1
283,3,0,2,1,1,1,0.9927,0.9917,0.9336,0.9292,798.0,344.0,692.5,353.0,747.0,385.0,725.0,386.0,105.8832,22.0227,0.208,1,1,284,1
284,3,0,1,1,1,1,0.9917,0.9907,0.9297,0.9292,962.0,357.5,858.5,352.5,928.5,389.0,895.5,385.0,103.6207,33.2415,0.3208,1,1,285,1
284,3,0,0,1,1,1,0.9868,0.9932,0.8926,0.9443,645.0,305.0,544.0,306.5,617.0,311.5,584.5,304.5,101.0111,33.2453,0.3291,1,1,285,1
284,3,0,2,1,1,1,0.9927,0.9917,0.9346,0.9287,798.0,344.0,692.5,353.0,746.5,383.5,723.5,386.0,105.8832,23.1355,0.2185,1,1,285,1
285,3,0,1,1,1,1,0.9917,0.9907,0.9302,0.9297,962.0,357.5,858.5,352.5,928.5,389.0,895.0,385.0,103.6207,33.738,0.3256,1,1,286,1
285,3,0,0,1,1,1,0.9868,0.9932,0.8926,0.9443,645.0,305.0,544.0,306.5,617.0,311.5,584.5,304.5,101.0111,33.2453,0.3291,1,1,286,1
285,3,0,2,1,1,1,0.9927,0.9917,0.9346,0.9287,798.0,344.0,692.5,353.0,746.5,383.5,724.0,386.0,105.8832,22.6385,0.2138,1,1,286,1
286,3,0,1,1,1,1,0.9912,0.9907,0.9272,0.9292,962.0,357.0,858.0,352.5,927.5,387.0,895.5,385.5,104.0973,32.0351,0.3077,1,1,287,1
286,3,0,0,1,1,1,0.9863,0.9932,0.8901,0.9448,645.5,305.5,544.0,307.0,616.5,312.0,586.0,304.5,101.5111,31.4086,0.3094,1,1,287,1
286,3,0,2,1,1,1,0.9927,0.9917,0.9341,0.9297,798.0,344.5,692.0,353.0,747.0,384.5,723.0,386.0,106.3403,24.0468,0.2261,1,1,287,1
287,3,0,1,1,1,1,0.9912,0.9907,0.9272,0.9287,962.0,357.0,858.0,352.5,927.5,387.0,895.5,385.5,104.0973,32.0351,0.3077,1,1,288,1
287,3,0,0,1,1,1,0.9868,0.9932,0.8911,0.9458,645.5,305.5,544.0,306.5,616.5,312.0,586.0,304.5,101.5049,31.4086,0.3094,1,1,288,1
287,3,0,2,1,1,1,0.9927,0.9917,0.9336,0.9297,798.5,344.5,692.5,353.0,747.0,384.5,723.0,386.5,106.3403,24.0832,0.2265,1,1,288,1
288,3,0,1,1,1,1,0.9917,0.9907,0.9302,0.9302,961.5,357.0,858.5,352.0,928.5,389.5,895.0,386.0,103.1213,33.6823,0.3266,1,1,289,1
288,3,0,0,1,1,1,0.9863,0.9932,0.8901,0.9458,645.5,305.5,544.0,306.5,617.5,313.0,586.0,304.5,101.5049,32.6267,0.3214,1,1,289,1
288,3,0,2,1,1,1,0.9927,0.9917,0.9351,0.9312,798.0,344.5,692.5,353.5,747.5,385.0,723.5,387.5,105.8832,24.1299,0.2279,1,1,289,1
289,3,0,1,1,1,1,0.9917,0.9907,0.9302,0.9297,961.5,357.0,858.0,352.5,928.5,389.5,895.0,386.0,103.5978,33.6823,0.3251,1,1,290,1
289,3,0,0,1,1,1,0.9863,0.9932,0.8896,0.9453,645.0,305.0,544.0,306.5,617.5,313.0,586.5,304.5,101.0111,32.1442,0.3182,1,1,290,1
289,3,0,2,1,1,1,0.9927,0.9917,0.9351,0.9307,798.0,344.5,692.5,354.0,747.5,385.0,723.5,387.0,105.9269,24.0832,0.2274,1,1,290,1
290,3,0,1,1,1,1,0.9917,0.9907,0.9282,0.9292,962.0,357.0,858.0,352.0,927.5,387.5,895.0,386.5,104.1201,32.5154,0.3123,1,1,291,1
290,3,0,0,1,1,1,0.9868,0.9932,0.895,0.9458,646.0,305.0,544.5,306.5,616.5,311.5,586.0,303.0,101.5111,31.6623,0.3119,1,1,291,1
290,3,0,2,1,1,1,0.9927,0.9917,0.9351,0.9297,798.0,343.5,693.0,353.0,747.0,385.0,724.5,387.5,105.4289,22.6385,0.2147,1,1,291,1
291,3,0,1,1,1,1,0.9917,0.9907,0.9287,0.9292,962.0,357.0,858.0,352.0,927.5,388.0,895.0,386.5,104.1201,32.5346,0.3125,1,1,292,1
291,3,0,0,1,1,1,0.9868,0.9932,0.894,0.9458,646.0,305.0,544.5,306.5,616.5,311.0,585.5,303.5,101.5111,31.8944,0.3142,1,1,292,1
291,3,0,2,1,1,1,0.9927,0.9917,0.9346,0.9297,798.0,344.0,693.0,353.0,747.5,385.0,724.5,388.0,105.385,23.1948,0.2201,1,1,292,1
292,3,0,1,1,1,1,0.9917,0.9912,0.9282,0.9307,961.5,357.0,858.5,352.0,927.5,387.0,895.0,386.5,103.1213,32.5038,0.3152,1,1,293,1
292,3,0,0,1,1,1,0.9868,0.9937,0.8911,0.9487,645.5,305.0,544.5,306.5,616.5,311.5,587.0,304.0,101.0111,30.4385,0.3013,1,1,293,1
292,3,0,2,1,1,1,0.9927,0.9922,0.9346,0.9312,797.5,344.5,692.0,353.5,747.5,384.0,723.0,387.5,105.8832,24.7487,0.2337,1,1,293,1
293,3,0,1,1,1,1,0.9917,0.9912,0.9287,0.9307,962.0,357.0,858.5,352.0,927.5,387.0,895.0,386.5,103.6207,32.5038,0.3137,1,1,294,1
293,3,0,0,1,1,1,0.9868,0.9937,0.8906,0.9482,645.5,305.0,544.5,306.0,616.5,311.5,587.0,304.0,101.005,30.4385,0.3014,1,1,294,1
293,3,0,2,1,1,1,0.9927,0.9922,0.9346,0.9307,797.5,344.5,692.0,353.5,747.0,384.0,723.0,387.5,105.8832,24.2539,0.2291,1,1,294,1
294,3,0,1,1,1,1,0.9917,0.9912,0.9297,0.9326,962.0,356.5,858.5,352.0,927.0,386.5,895.5,385.5,103.5978,31.5159,0.3042,1,1,295,1
294,3,0,0,1,1,1,0.9863,0.9932,0.8906,0.9463,646.5,305.0,545.0,306.0,617.0,312.0,586.0,303.5,101.5049,32.1442,0.3167,1,1,295,1
294,3,0,2,1,1,1,0.9927,0.9922,0.9341,0.9312,798.0,344.0,693.0,353.5,747.0,385.0,723.5,387.5,105.4289,23.6326,0.2242,1,1,295,1
295,3,0,1,1,1,1,0.9917,0.9912,0.9282,0.9316,962.5,356.5,859.0,352.0,927.5,386.0,896.0,384.5,103.5978,31.5357,0.3044,1,1,296,1
295,3,0,0,1,1,1,0.9868,0.9927,0.894,0.9429,646.5,305.0,545.0,306.0,617.5,312.5,585.5,304.0,101.5049,33.1097,0.3262,1,1,296,1
295,3,0,2,1,1,1,0.9927,0.9917,0.9336,0.9302,798.0,344.0,693.0,353.5,748.5,385.0,723.0,387.5,105.4289,25.6223,0.243,1,1,296,1
296,3,0,1,1,1,1,0.9917,0.9912,0.9282,0.9312,962.5,356.5,859.0,352.0,927.5,386.0,896.0,384.5,103.5978,31.5357,0.3044,1,1,297,1
296,3,0,0,1,1,1,0.9868,0.9927,0.8936,0.9429,646.5,305.0,545.0,306.5,617.5,312.0,585.5,304.5,101.5111,32.8672,0.3238,1,1,297,1
296,3,0,2,1,1,1,0.9927,0.9917,0.9331,0.9302,798.0,344.0,693.0,353.5,748.5,385.0,723.0,387.5,105.4289,25.6223,0.243,1,1,297,1
297,3,0,1,1,1,1,0.9912,0.9912,0.9243,0.9331,962.5,356.5,859.0,352.0,926.5,385.0,896.0,385.0,103.5978,30.5,0.2944,1,1,298,1
297,3,0,0,1,1,1,0.9868,0.9932,0.8945,0.9453,647.0,305.0,545.0,307.0,617.5,313.0,586.0,303.5,102.0196,32.9014,0.3225,1,1,298,1
297,3,0,2,1,1,1,0.9927,0.9917,0.9341,0.9307,798.0,344.5,693.0,354.0,747.5,384.0,723.5,387.0,105.4289,24.1868,0.2294,1,1,298,1
298,3,0,1,1,1,1,0.9912,0.9912,0.9238,0.9326,962.0,356.5,859.0,352.0,927.0,385.0,896.0,385.0,103.0983,31.0,0.3007,1,1,299,1
298,3,0,0,1,1,1,0.9868,0.9932,0.8936,0.9448,647.0,305.0,545.0,306.5,617.5,312.5,586.0,303.5,102.011,32.7605,0.3211,1,1,299,1
298,3,0,2,1,1,1,0.9927,0.9917,0.9341,0.9307,798.0,344.5,693.0,354.0,747.5,384.0,723.5,387.5,105.4289,24.2539,0.23,1,1,299,1
299,3,0,1,1,1,1,0.9912,0.9912,0.9268,0.9331,962.0,356.5,859.5,352.5,927.5,385.5,896.0,385.0,102.578,31.504,0.3071,1,1,300,1
299,3,0,0,1,1,1,0.9868,0.9932,0.8926,0.9438,647.0,305.0,545.0,306.5,618.0,313.0,585.0,303.5,102.011,34.3402,0.3366,1,1,300,1
299,3,0,2,1,1,1,0.9927,0.9917,0.9336,0.9302,797.5,344.0,692.5,353.5,748.0,384.5,724.0,387.0,105.4289,24.1299,0.2289,1,1,300,1
