frame,raw_num_people,anomaly,track_id,conf_ok,boundary_ok,overlap_ok,conf_ls,conf_rs,conf_lw,conf_rw,ls_x,ls_y,rs_x,rs_y,lw_x,lw_y,rw_x,rw_y,shoulder_dist,wrist_dist,ratio,frontal,hands_now,consecutive_frames,confirmed
0,3,0,0,1,1,1,0.9937,0.9893,0.9414,0.9155,632.0,299.0,513.0,299.5,568.5,295.0,536.5,288.0,119.0011,32.7567,0.2753,1,1,1,0
0,3,0,1,1,1,1,0.9932,0.9854,0.9385,0.895,935.5,355.0,821.5,353.0,894.0,396.5,865.5,380.0,114.0175,32.9317,0.2888,1,1,1,0
0,3,0,2,1,1,1,0.9863,0.9937,0.8882,0.9468,778.5,343.5,667.5,349.0,739.0,384.5,701.0,378.5,111.1362,38.4708,0.3462,1,1,1,0
1,3,0,0,1,1,1,0.9937,0.9897,0.9395,0.916,632.5,299.0,513.0,299.5,568.5,294.5,537.5,286.5,119.501,32.0156,0.2679,1,1,2,0
1,3,0,1,1,1,1,0.9922,0.9863,0.9341,0.8999,936.0,355.0,822.5,353.5,898.0,402.0,866.5,381.5,113.5099,37.5832,0.3311,1,1,2,0
1,3,0,2,1,1,1,0.9863,0.9932,0.8882,0.9448,779.0,343.5,667.5,349.0,737.5,385.0,702.0,378.0,111.6356,36.1836,0.3241,1,1,2,0
2,3,0,0,1,1,1,0.9937,0.9897,0.9395,0.9165,632.5,299.0,513.0,299.5,568.5,294.5,537.5,286.5,119.501,32.0156,0.2679,1,1,3,0
2,3,0,1,1,1,1,0.9927,0.9863,0.9346,0.8994,936.0,355.0,822.5,353.5,898.0,402.5,866.5,381.5,113.5099,37.8583,0.3335,1,1,3,0
2,3,0,2,1,1,1,0.9863,0.9932,0.8882,0.9458,779.0,343.5,667.5,349.0,738.0,385.0,702.0,377.5,111.6356,36.773,0.3294,1,1,3,0
3,3,0,0,1,1,1,0.9937,0.9893,0.9395,0.9141,632.5,299.0,513.0,299.5,569.5,295.0,539.0,286.0,119.501,31.8002,0.2661,1,1,4,0
3,3,0,1,1,1,1,0.9927,0.9858,0.936,0.8979,936.5,355.0,823.0,353.0,897.0,401.5,866.0,380.5,113.5176,37.4433,0.3298,1,1,4,0
3,3,0,2,1,1,1,0.9863,0.9932,0.8892,0.9438,778.5,343.5,667.0,349.0,738.0,384.0,701.5,378.5,111.6356,36.9121,0.3306,1,1,4,0
4,3,0,0,1,1,1,0.9937,0.9888,0.9395,0.9131,632.5,299.0,513.0,299.5,569.5,295.0,539.0,286.0,119.501,31.8002,0.2661,1,1,5,0
4,3,0,1,1,1,1,0.9927,0.9858,0.9355,0.8984,936.5,355.0,823.0,353.0,897.5,403.0,866.5,380.5,113.5176,38.3047,0.3374,1,1,5,0
4,3,0,2,1,1,1,0.9863,0.9932,0.8867,0.9448,779.0,343.5,667.0,349.0,738.0,384.5,701.5,378.0,112.135,37.0742,0.3306,1,1,5,0
5,3,0,0,1,1,1,0.9937,0.9888,0.9395,0.9126,633.0,299.0,513.0,300.0,570.0,294.0,539.0,286.5,120.0042,31.8944,0.2658,1,1,6,1
5,3,0,1,1,1,1,0.9927,0.9854,0.9375,0.895,937.5,355.5,823.0,353.0,896.5,401.5,866.0,381.5,114.5273,36.4726,0.3185,1,1,6,1
5,3,0,2,1,1,1,0.9868,0.9932,0.8901,0.9434,778.5,344.0,666.5,349.0,737.0,383.5,701.5,378.5,112.1116,35.8504,0.3198,1,1,6,1
6,3,0,0,1,1,1,0.9937,0.9893,0.939,0.915,632.5,299.0,513.5,300.0,570.5,294.5,539.5,285.5,119.0042,32.28,0.2713,1,1,7,1
6,3,0,1,1,1,1,0.9927,0.9893,0.9424,0.915,936.0,353.0,825.5,356.0,899.0,404.0,867.5,383.5,110.5407,37.5832,0.34,1,1,7,1
6,3,0,2,1,1,1,0.9863,0.9932,0.8872,0.9453,778.5,344.5,666.5,350.0,739.0,383.5,701.0,378.5,112.135,38.3275,0.3418,1,1,7,1
7,3,0,0,1,1,1,0.9937,0.9893,0.939,0.9146,633.0,299.0,513.5,300.0,570.5,295.0,540.0,286.0,119.5042,31.8002,0.2661,1,1,8,1
7,3,0,1,1,1,1,0.9927,0.9893,0.9424,0.9155,936.0,353.0,825.5,356.0,899.0,403.0,867.5,383.5,110.5407,37.0473,0.3351,1,1,8,1
7,3,0,2,1,1,1,0.9863,0.9932,0.8872,0.9448,778.5,344.5,666.5,350.0,739.0,383.0,701.0,378.0,112.135,38.3275,0.3418,1,1,8,1
8,3,0,0,1,1,1,0.9932,0.9893,0.938,0.915,633.0,298.5,513.5,299.5,570.5,295.0,540.0,287.0,119.5042,31.5317,0.2639,1,1,9,1
8,3,0,2,1,1,1,0.9868,0.9932,0.8916,0.9438,778.5,344.5,666.0,349.5,738.0,384.0,701.0,378.0,112.6111,37.4833,0.3329,1,1,9,1
8,3,0,1,1,1,1,0.9927,0.9893,0.9424,0.916,936.0,352.5,826.0,355.0,900.5,404.0,867.0,384.0,110.0284,39.016,0.3546,1,1,9,1
9,3,0,0,1,1,1,0.9932,0.9893,0.9385,0.915,633.0,298.5,513.5,299.5,570.5,295.0,540.0,287.0,119.5042,31.5317,0.2639,1,1,10,1
9,3,0,2,1,1,1,0.9868,0.9932,0.8916,0.9438,778.5,344.5,666.0,349.5,738.0,384.5,701.5,378.5,112.6111,36.9899,0.3285,1,1,10,1
9,3,0,1,1,1,1,0.9927,0.9897,0.9424,0.916,936.5,352.5,826.0,355.5,900.0,404.0,867.0,383.0,110.5407,39.1152,0.3539,1,1,10,1
10,3,0,0,1,1,1,0.9932,0.9893,0.9385,0.9141,633.5,299.0,514.0,300.0,571.5,295.5,540.0,287.0,119.5042,32.6267,0.273,1,1,11,1
10,3,0,2,1,1,1,0.9868,0.9932,0.8916,0.9448,778.5,344.5,666.5,350.0,737.0,384.0,700.5,379.5,112.135,36.7764,0.328,1,1,11,1
10,3,0,1,1,1,1,0.9927,0.9893,0.9434,0.916,936.0,353.0,826.5,355.5,898.0,400.0,870.5,379.5,109.5285,34.3001,0.3132,1,1,11,1
11,3,0,0,1,1,1,0.9932,0.9893,0.9385,0.9141,633.5,299.0,514.0,300.0,571.5,295.5,540.0,286.5,119.5042,32.7605,0.2741,1,1,12,1
11,3,0,2,1,1,1,0.9868,0.9932,0.8921,0.9448,778.5,344.5,666.5,350.0,737.0,384.5,700.0,380.0,112.135,37.2726,0.3324,1,1,12,1
11,3,0,1,1,1,1,0.9927,0.9893,0.9434,0.9165,936.0,353.0,826.5,355.5,897.5,399.5,870.5,379.0,109.5285,33.9006,0.3095,1,1,12,1
12,3,0,0,1,1,1,0.9932,0.9893,0.9385,0.9131,633.5,299.0,514.0,300.0,571.5,295.5,540.0,287.0,119.5042,32.6267,0.273,1,1,13,1
12,3,0,2,1,1,1,0.9873,0.9932,0.8945,0.9429,779.0,344.5,667.0,349.5,737.5,384.0,700.0,379.5,112.1116,37.769,0.3369,1,1,13,1
12,3,0,1,1,1,1,0.9927,0.9893,0.9438,0.915,937.0,353.0,827.0,355.5,896.0,395.5,870.5,378.5,110.0284,30.6472,0.2785,1,1,13,1
13,3,0,0,1,1,1,0.9932,0.9893,0.9375,0.9136,633.5,298.0,514.5,299.0,572.0,295.5,539.0,287.0,119.0042,34.0771,0.2864,1,1,14,1
13,3,0,2,1,1,1,0.9868,0.9932,0.8916,0.9434,778.5,344.0,667.0,349.0,738.0,384.0,699.5,379.5,111.6121,38.7621,0.3473,1,1,14,1
13,3,0,1,1,1,1,0.9927,0.9897,0.9434,0.9185,937.0,352.5,827.0,356.0,897.0,393.0,872.0,377.5,110.0557,29.4151,0.2673,1,1,14,1
14,3,0,0,1,1,1,0.9932,0.9888,0.938,0.9126,633.5,298.0,514.5,299.0,572.0,295.5,539.0,287.0,119.0042,34.0771,0.2864,1,1,15,1
14,3,0,2,1,1,1,0.9868,0.9932,0.8916,0.9434,778.5,344.0,667.0,349.0,737.5,384.0,699.5,379.5,111.6121,38.2655,0.3428,1,1,15,1
14,3,0,1,1,1,1,0.9927,0.9897,0.9434,0.9185,937.0,352.5,827.0,356.0,897.0,393.0,872.0,377.5,110.0557,29.4151,0.2673,1,1,15,1
15,3,0,0,1,1,1,0.9932,0.9888,0.9375,0.9126,633.5,298.0,514.5,299.5,571.0,294.5,540.5,285.5,119.0095,31.8002,0.2672,1,1,16,1
15,3,0,2,1,1,1,0.9868,0.9927,0.8936,0.9424,779.0,344.5,667.0,350.0,737.5,383.0,699.0,379.0,112.135,38.7072,0.3452,1,1,16,1
15,3,0,1,1,1,1,0.9927,0.9893,0.9443,0.918,937.0,352.5,827.5,355.0,897.0,392.5,872.0,378.5,109.5285,28.6531,0.2616,1,1,16,1
16,3,0,0,1,1,1,0.9932,0.9888,0.9375,0.9126,633.5,298.5,514.5,299.5,571.0,294.5,540.5,285.5,119.0042,31.8002,0.2672,1,1,17,1
16,3,0,2,1,1,1,0.9868,0.9927,0.8936,0.9424,779.0,344.5,667.0,350.0,737.0,383.0,699.0,379.0,112.135,38.2099,0.3407,1,1,17,1
16,3,0,1,1,1,1,0.9927,0.9897,0.9443,0.9185,937.0,352.5,827.5,355.0,897.0,392.5,872.0,378.5,109.5285,28.6531,0.2616,1,1,17,1
17,3,0,0,1,1,1,0.9922,0.9863,0.9497,0.9097,628.5,299.0,514.0,297.5,570.0,296.5,542.5,288.0,114.5098,28.7837,0.2514,1,1,18,1
17,3,0,2,1,1,1,0.9868,0.9932,0.8906,0.9448,779.5,344.5,667.0,350.0,737.5,383.5,700.5,378.0,112.6344,37.4066,0.3321,1,1,18,1
17,3,0,1,1,1,1,0.9927,0.9897,0.9424,0.9194,937.0,352.5,828.5,356.0,895.0,391.0,873.0,375.5,108.5564,26.9119,0.2479,1,1,18,1
18,3,0,0,1,1,1,0.9922,0.9863,0.9497,0.9097,628.5,298.5,514.0,297.5,570.0,296.5,542.5,288.0,114.5044,28.7837,0.2514,1,1,19,1
18,3,0,2,1,1,1,0.9868,0.9932,0.8906,0.9443,779.5,344.5,667.0,350.0,737.5,383.5,700.5,378.0,112.6344,37.4066,0.3321,1,1,19,1
18,3,0,1,1,1,1,0.9927,0.9897,0.9424,0.9194,937.0,352.5,828.5,356.0,895.0,391.0,873.0,375.5,108.5564,26.9119,0.2479,1,1,19,1
19,3,0,0,1,1,1,0.9932,0.9893,0.9375,0.9141,633.5,298.5,515.0,299.5,571.0,295.0,539.5,286.0,118.5042,32.7605,0.2765,1,1,20,1
19,3,0,2,1,1,1,0.9863,0.9932,0.8906,0.9443,779.5,344.0,667.5,350.0,736.0,382.0,700.0,378.0,112.1606,36.2215,0.3229,1,1,20,1
19,3,0,1,1,1,1,0.9927,0.9893,0.9448,0.9185,937.5,353.0,827.5,356.5,897.0,392.0,872.0,377.0,110.0557,29.1548,0.2649,1,1,20,1
20,3,0,0,1,1,1,0.9932,0.9893,0.938,0.9136,634.0,298.5,515.0,299.5,570.0,294.0,539.5,286.5,119.0042,31.4086,0.2639,1,1,21,1
20,3,0,2,1,1,1,0.9863,0.9932,0.8892,0.9438,780.0,345.0,667.5,350.0,736.0,382.0,701.5,377.5,112.6111,34.7922,0.309,1,1,21,1
20,3,0,1,1,1,1,0.9927,0.9897,0.9424,0.918,938.0,352.5,828.0,356.0,896.5,395.0,872.0,376.5,110.0557,30.7002,0.279,1,1,21,1
21,3,0,0,1,1,1,0.9932,0.9893,0.938,0.9131,634.0,298.5,515.0,299.5,570.0,294.0,539.5,286.5,119.0042,31.4086,0.2639,1,1,22,1
21,3,0,2,1,1,1,0.9863,0.9932,0.8892,0.9443,780.0,344.5,667.5,350.0,735.5,382.0,701.0,377.5,112.6344,34.7922,0.3089,1,1,22,1
21,3,0,1,1,1,1,0.9927,0.9897,0.9424,0.918,938.0,352.5,828.0,356.0,896.5,395.0,872.0,376.5,110.0557,30.7002,0.279,1,1,22,1
22,3,0,0,1,1,1,0.9932,0.9888,0.9375,0.9116,633.5,298.5,515.0,300.0,570.5,294.5,539.0,287.0,118.5095,32.3805,0.2732,1,1,23,1
22,3,0,2,1,1,1,0.9858,0.9932,0.8862,0.9448,780.0,345.0,667.0,350.5,738.0,384.5,701.5,379.0,113.1338,36.9121,0.3263,1,1,23,1
22,3,0,1,1,1,1,0.9927,0.9893,0.9424,0.9155,938.0,352.5,828.0,356.5,894.5,393.5,872.5,376.5,110.0727,27.8029,0.2526,1,1,23,1
23,3,0,0,1,1,1,0.9932,0.9888,0.9375,0.9116,633.5,298.5,515.0,300.0,570.5,294.5,538.5,287.0,118.5095,32.8672,0.2773,1,1,24,1
23,3,0,2,1,1,1,0.9863,0.9932,0.8867,0.9443,780.5,345.0,667.0,350.5,738.0,384.5,701.5,379.5,113.6332,36.8409,0.3242,1,1,24,1
23,3,0,1,1,1,1,0.9927,0.9893,0.9424,0.916,938.0,352.5,828.5,356.5,894.0,393.5,872.5,376.5,109.573,27.4089,0.2501,1,1,24,1
24,3,0,0,1,1,1,0.9932,0.9888,0.9385,0.9126,633.5,299.0,515.0,300.5,570.5,294.5,538.5,287.0,118.5095,32.8672,0.2773,1,1,25,1
24,3,0,2,1,1,1,0.9858,0.9932,0.8862,0.9458,780.5,345.0,668.0,350.5,739.0,383.0,701.0,377.0,112.6344,38.4708,0.3416,1,1,25,1
24,3,0,1,1,1,1,0.9927,0.9893,0.9434,0.917,937.5,352.0,828.5,356.0,894.5,392.5,871.0,380.0,109.0734,26.6177,0.244,1,1,25,1
25,3,0,0,1,1,1,0.9932,0.9888,0.9385,0.9126,633.5,299.0,515.0,300.5,571.0,294.5,538.5,286.5,118.5095,33.4701,0.2824,1,1,26,1
25,3,0,2,1,1,1,0.9858,0.9932,0.8862,0.9458,780.5,345.0,668.0,350.5,739.0,383.5,701.0,377.5,112.6344,38.4708,0.3416,1,1,26,1
25,3,0,1,1,1,1,0.9927,0.9893,0.9434,0.917,937.5,352.0,828.5,355.5,894.5,392.5,871.0,380.0,109.0562,26.6177,0.2441,1,1,26,1
26,3,0,0,1,1,1,0.9932,0.9888,0.9385,0.9116,633.5,298.5,514.5,300.0,571.0,294.5,539.5,287.0,119.0095,32.3805,0.2721,1,1,27,1
26,3,0,2,1,1,1,0.9863,0.9937,0.8857,0.9468,779.5,344.5,667.5,349.5,739.5,382.5,701.5,378.0,112.1116,38.2655,0.3413,1,1,27,1
26,3,0,1,1,1,1,0.9932,0.9893,0.9468,0.9146,938.0,352.0,828.5,355.5,895.0,390.5,871.0,379.5,109.5559,26.4008,0.241,1,1,27,1
27,3,0,0,1,1,1,0.9932,0.9888,0.939,0.9116,633.5,298.5,514.5,300.0,570.5,294.5,539.5,287.0,119.0095,31.8944,0.268,1,1,28,1
27,3,0,2,1,1,1,0.9863,0.9937,0.8862,0.9468,780.0,344.5,667.5,349.5,739.5,382.5,701.5,378.0,112.6111,38.2655,0.3398,1,1,28,1
27,3,0,1,1,1,1,0.9932,0.9893,0.9468,0.9146,938.0,352.5,828.5,355.5,895.0,390.5,870.5,379.5,109.5411,26.8561,0.2452,1,1,28,1
28,3,0,0,1,1,1,0.9932,0.9888,0.9375,0.9097,633.5,298.5,515.0,300.0,570.5,294.5,540.0,286.5,118.5095,31.5317,0.2661,1,1,29,1
28,3,0,2,1,1,1,0.9858,0.9932,0.8838,0.9463,780.0,344.5,667.5,350.0,739.5,384.0,701.0,378.5,112.6344,38.8909,0.3453,1,1,29,1
28,3,0,1,1,1,1,0.9927,0.9893,0.9438,0.9146,938.0,352.5,828.5,356.0,897.0,394.0,871.5,379.5,109.5559,29.3343,0.2678,1,1,29,1
29,3,0,0,1,1,1,0.9932,0.9888,0.9375,0.9102,633.5,298.5,515.0,300.0,570.5,294.5,540.0,286.5,118.5095,31.5317,0.2661,1,1,30,1
29,3,0,2,1,1,1,0.9858,0.9932,0.8843,0.9458,780.0,345.0,667.0,350.0,739.5,384.0,701.0,378.5,113.1106,38.8909,0.3438,1,1,30,1
29,3,0,1,1,1,1,0.9927,0.9893,0.9434,0.9146,938.0,352.5,828.5,356.0,897.0,394.0,871.5,379.5,109.5559,29.3343,0.2678,1,1,30,1
30,3,0,0,1,1,1,0.9932,0.9888,0.9355,0.9116,633.5,298.0,514.5,300.5,572.0,295.0,539.5,286.5,119.0263,33.5932,0.2822,1,1,31,1
30,3,0,2,1,1,1,0.9858,0.9937,0.8843,0.9463,780.5,345.0,667.5,350.5,739.0,383.0,701.5,377.0,113.1338,37.977,0.3357,1,1,31,1
30,3,0,1,1,1,1,0.9927,0.9893,0.9448,0.915,938.0,352.5,828.5,356.0,892.0,389.5,871.5,375.5,109.5559,24.8244,0.2266,1,1,31,1
31,3,0,0,1,1,1,0.9932,0.9883,0.9375,0.9062,634.0,298.5,514.5,301.0,571.5,295.5,540.0,287.0,119.5261,32.6267,0.273,1,1,32,1
31,3,0,2,1,1,1,0.9863,0.9927,0.8896,0.9419,780.5,345.0,667.0,350.5,737.5,381.0,702.0,377.5,113.6332,35.6721,0.3139,1,1,32,1
31,3,0,1,1,1,1,0.9927,0.9888,0.9448,0.9136,938.0,352.0,828.5,355.5,892.5,388.0,872.0,376.0,109.5559,23.7539,0.2168,1,1,32,1
32,3,0,0,1,1,1,0.9932,0.9883,0.9375,0.9062,634.0,298.5,514.5,301.0,571.5,295.5,540.0,287.0,119.5261,32.6267,0.273,1,1,33,1
32,3,0,2,1,1,1,0.9863,0.9927,0.8896,0.9419,780.5,345.0,667.0,350.5,737.5,381.0,702.0,377.5,113.6332,35.6721,0.3139,1,1,33,1
32,3,0,1,1,1,1,0.9927,0.9888,0.9448,0.9136,938.0,352.0,828.5,355.5,892.5,388.0,872.0,376.0,109.5559,23.7539,0.2168,1,1,33,1
33,3,0,0,1,1,1,0.9932,0.9883,0.9365,0.9072,634.0,298.5,515.0,300.5,571.0,295.0,541.0,286.0,119.0168,31.3209,0.2632,1,1,34,1
33,3,0,2,1,1,1,0.9863,0.9932,0.8887,0.9434,780.5,344.5,668.0,350.0,739.5,383.0,700.5,377.0,112.6344,39.4588,0.3503,1,1,34,1
33,3,0,1,1,1,1,0.9932,0.9888,0.9448,0.9136,938.0,351.5,829.0,355.5,895.0,390.0,870.0,379.0,109.0734,27.313,0.2504,1,1,34,1
34,3,0,0,1,1,1,0.9932,0.9883,0.9365,0.9077,634.0,298.5,515.0,300.5,571.0,295.0,541.0,286.5,119.0168,31.1809,0.262,1,1,35,1
34,3,0,2,1,1,1,0.9863,0.9932,0.8882,0.9438,780.5,344.5,668.0,350.0,739.5,382.5,700.5,377.0,112.6344,39.3859,0.3497,1,1,35,1
34,3,0,1,1,1,1,0.9932,0.9888,0.9448,0.9136,938.0,352.0,829.0,355.5,895.0,390.0,870.0,379.0,109.0562,27.313,0.2504,1,1,35,1
35,3,0,0,1,1,1,0.9932,0.9888,0.9375,0.9087,634.0,298.0,515.0,300.5,572.0,295.0,540.5,287.0,119.0263,32.5,0.273,1,1,36,1
35,3,0,2,1,1,1,0.9868,0.9932,0.8901,0.9434,780.5,345.0,667.5,350.5,738.5,384.0,700.5,378.5,113.1338,38.396,0.3394,1,1,36,1
35,3,0,1,1,1,1,0.9927,0.9893,0.9438,0.9155,938.0,351.0,828.5,355.5,895.0,389.0,871.5,377.5,109.5924,26.163,0.2387,1,1,36,1
36,3,0,0,1,1,1,0.9932,0.9888,0.937,0.9082,634.0,298.5,515.0,301.0,572.0,295.0,540.5,287.0,119.0263,32.5,0.273,1,1,37,1
36,3,0,2,1,1,1,0.9863,0.9932,0.8901,0.9434,780.5,345.0,667.5,350.5,738.5,384.0,701.0,378.5,113.1338,37.9012,0.335,1,1,37,1
36,3,0,1,1,1,1,0.9927,0.9893,0.9438,0.915,938.0,351.0,828.5,355.5,895.0,389.0,871.5,377.5,109.5924,26.163,0.2387,1,1,37,1
37,3,0,0,1,1,1,0.9932,0.9883,0.9365,0.9062,634.5,299.0,515.0,301.0,572.0,295.0,541.5,286.0,119.5167,31.8002,0.2661,1,1,38,1
37,3,0,2,1,1,1,0.9868,0.9932,0.8906,0.9434,780.5,345.0,667.0,350.5,739.0,383.0,700.5,378.0,113.6332,38.8233,0.3417,1,1,38,1
37,3,0,1,1,1,1,0.9927,0.9893,0.9429,0.916,938.0,351.5,829.0,355.0,894.5,390.5,872.0,376.5,109.0562,26.5,0.243,1,1,38,1
38,3,0,0,1,1,1,0.9932,0.9883,0.9365,0.9062,634.5,299.0,515.0,301.0,572.0,295.0,542.0,286.5,119.5167,31.1809,0.2609,1,1,39,1
38,3,0,2,1,1,1,0.9868,0.9932,0.8906,0.9434,780.5,345.0,666.5,350.5,739.0,383.0,700.5,378.0,114.1326,38.8233,0.3402,1,1,39,1
38,3,0,1,1,1,1,0.9927,0.9893,0.9429,0.9165,938.0,351.0,829.0,355.0,894.5,391.0,872.0,376.5,109.0734,26.7675,0.2454,1,1,39,1
39,3,0,0,1,1,1,0.9932,0.9883,0.936,0.9077,634.0,298.0,515.0,301.0,571.5,296.0,541.5,286.0,119.0378,31.6228,0.2657,1,1,40,1
39,3,0,2,1,1,1,0.9858,0.9932,0.8862,0.9448,780.5,345.0,666.5,350.5,740.0,383.5,699.5,379.0,114.1326,40.7492,0.357,1,1,40,1
39,3,0,1,1,1,1,0.9927,0.9888,0.9434,0.9141,938.0,352.0,829.5,355.5,895.0,390.0,872.5,377.0,108.5564,25.9856,0.2394,1,1,40,1
40,3,0,0,1,1,1,0.9932,0.9883,0.936,0.9072,634.0,298.0,515.0,301.0,571.5,296.0,541.5,286.0,119.0378,31.6228,0.2657,1,1,41,1
40,3,0,2,1,1,1,0.9858,0.9932,0.8862,0.9448,781.0,345.0,666.5,350.5,740.0,383.5,699.5,379.0,114.632,40.7492,0.3555,1,1,41,1
40,3,0,1,1,1,1,0.9927,0.9888,0.9434,0.9141,938.0,352.0,829.5,355.5,895.5,390.0,872.5,377.5,108.5564,26.1773,0.2411,1,1,41,1
41,3,0,0,1,1,1,0.9932,0.9883,0.9365,0.9053,634.0,298.5,515.5,301.5,572.5,297.0,542.5,286.5,118.538,31.7844,0.2681,1,1,42,1
41,3,0,2,1,1,1,0.9863,0.9932,0.8901,0.9438,780.5,344.5,666.5,350.0,740.0,384.0,700.0,378.5,114.1326,40.3764,0.3538,1,1,42,1
41,3,0,1,1,1,1,0.9927,0.9888,0.9438,0.9141,938.5,351.5,829.5,355.5,894.0,389.5,872.5,377.0,109.0734,24.8697,0.228,1,1,42,1
42,3,0,0,1,1,1,0.9932,0.9883,0.936,0.9048,634.5,298.5,515.5,301.5,572.5,297.0,543.0,285.5,119.0378,31.6623,0.266,1,1,43,1
42,3,0,2,1,1,1,0.9873,0.9927,0.896,0.9409,781.0,344.5,666.5,350.0,739.0,386.0,700.0,379.5,114.632,39.538,0.3449,1,1,43,1
42,3,0,1,1,1,1,0.9927,0.9888,0.9434,0.9131,938.5,351.5,829.5,355.0,895.0,388.5,872.0,378.5,109.0562,25.0799,0.23,1,1,43,1
43,3,0,0,1,1,1,0.9932,0.9883,0.936,0.9048,634.5,298.5,516.0,301.0,572.5,297.0,543.0,285.5,118.5264,31.6623,0.2671,1,1,44,1
43,3,0,2,1,1,1,0.9873,0.9927,0.8955,0.9409,780.5,344.5,666.5,350.0,739.0,386.0,700.0,379.0,114.1326,39.6232,0.3472,1,1,44,1
43,3,0,1,1,1,1,0.9927,0.9888,0.9434,0.9136,938.0,351.5,829.5,355.0,895.0,388.5,872.0,378.5,108.5564,25.0799,0.231,1,1,44,1
44,3,0,0,1,1,1,0.9932,0.9883,0.9355,0.9053,634.0,298.0,515.0,301.5,572.0,296.5,543.0,286.0,119.0515,30.8423,0.2591,1,1,45,1
44,3,0,2,1,1,1,0.9868,0.9927,0.8931,0.9424,781.0,345.0,667.0,350.0,738.5,385.5,700.5,379.0,114.1096,38.5519,0.3378,1,1,45,1
44,3,0,1,1,1,1,0.9927,0.9888,0.9443,0.9121,938.5,352.0,830.0,355.0,894.0,388.0,873.0,378.5,108.5415,23.0489,0.2124,1,1,45,1
45,3,0,0,1,1,1,0.9932,0.9883,0.9355,0.9058,634.0,298.0,515.0,301.5,572.0,296.5,543.0,286.0,119.0515,30.8423,0.2591,1,1,46,1
45,3,0,2,1,1,1,0.9868,0.9927,0.8926,0.9424,780.5,345.0,667.0,350.0,738.5,385.5,701.0,379.0,113.6101,38.0592,0.335,1,1,46,1
45,3,0,1,1,1,1,0.9927,0.9888,0.9438,0.9121,938.5,352.0,830.0,355.0,894.0,387.5,873.0,378.5,108.5415,22.8473,0.2105,1,1,46,1
46,3,0,0,1,1,1,0.9932,0.9883,0.9365,0.9043,634.0,298.5,514.5,301.5,571.5,297.0,543.0,287.5,119.5377,30.0416,0.2513,1,1,47,1
46,3,0,2,1,1,1,0.9868,0.9932,0.8911,0.9434,781.0,345.0,667.0,350.0,738.0,385.5,700.5,379.0,114.1096,38.0592,0.3335,1,1,47,1
46,3,0,1,1,1,1,0.9927,0.9893,0.9419,0.915,938.0,352.0,829.0,355.0,894.5,390.0,874.0,378.5,109.0413,23.5053,0.2156,1,1,47,1
47,3,0,0,1,1,1,0.9932,0.9883,0.9365,0.9043,634.0,298.5,514.5,301.5,571.5,297.0,543.0,287.5,119.5377,30.0416,0.2513,1,1,48,1
47,3,0,2,1,1,1,0.9868,0.9932,0.8916,0.9429,781.0,345.0,667.0,350.0,737.5,385.5,700.5,379.0,114.1096,37.5666,0.3292,1,1,48,1
47,3,0,1,1,1,1,0.9927,0.9893,0.9419,0.915,938.0,351.5,829.0,355.0,894.5,390.0,874.0,378.5,109.0562,23.5053,0.2155,1,1,48,1
48,3,0,0,1,1,1,0.9932,0.9883,0.9355,0.9053,634.0,298.5,515.0,302.0,572.0,296.5,542.0,287.0,119.0515,31.4682,0.2643,1,1,49,1
48,3,0,2,1,1,1,0.9858,0.9932,0.8853,0.9448,781.5,345.5,667.5,351.0,739.5,386.5,700.5,379.5,114.1326,39.6232,0.3472,1,1,49,1
48,3,0,1,1,1,1,0.9917,0.9897,0.9355,0.9204,938.0,351.5,829.0,355.0,894.5,387.0,872.5,379.5,109.0562,23.2433,0.2131,1,1,49,1
49,3,0,0,1,1,1,0.9932,0.9883,0.936,0.9038,634.0,298.0,515.0,301.5,572.0,297.0,542.5,287.5,119.0515,30.9919,0.2603,1,1,50,1
49,3,0,2,1,1,1,0.9858,0.9932,0.8862,0.9438,781.5,345.5,667.0,351.0,740.0,388.0,700.5,380.5,114.632,40.2057,0.3507,1,1,50,1
49,3,0,1,1,1,1,0.9912,0.9902,0.9326,0.9238,938.0,351.0,829.0,354.5,895.5,387.5,873.0,378.0,109.0562,24.4233,0.224,1,1,50,1
50,3,0,0,1,1,1,0.9932,0.9883,0.936,0.9033,634.0,298.0,515.0,301.5,572.0,297.0,542.5,288.0,119.0515,30.8423,0.2591,1,1,51,1
50,3,0,2,1,1,1,0.9858,0.9932,0.8862,0.9438,782.0,345.5,667.0,351.0,740.0,388.0,700.5,380.5,115.1314,40.2057,0.3492,1,1,51,1
50,3,0,1,1,1,1,0.9912,0.9902,0.9326,0.9238,938.0,350.5,829.0,354.5,895.5,387.5,873.0,378.0,109.0734,24.4233,0.2239,1,1,51,1
51,3,0,0,1,1,1,0.9932,0.9883,0.9355,0.9038,633.5,298.0,515.0,301.5,572.5,297.5,542.5,287.0,118.5517,31.7844,0.2681,1,1,52,1
51,3,0,2,1,1,1,0.9858,0.9932,0.8853,0.9448,782.0,345.5,667.5,351.0,740.5,389.5,700.0,380.5,114.632,41.488,0.3619,1,1,52,1
51,3,0,1,1,1,1,0.9917,0.9897,0.937,0.9189,938.0,351.0,830.0,354.0,893.5,385.5,873.0,377.0,108.0417,22.1923,0.2054,1,1,52,1
52,3,0,0,1,1,1,0.9932,0.9878,0.9355,0.9033,633.5,298.0,515.0,301.5,572.5,297.5,542.5,286.5,118.5517,31.9531,0.2695,1,1,53,1
52,3,0,2,1,1,1,0.9858,0.9932,0.8853,0.9448,782.0,345.5,667.5,351.0,740.5,389.5,700.0,380.5,114.632,41.488,0.3619,1,1,53,1
52,3,0,1,1,1,1,0.9917,0.9897,0.937,0.9189,938.0,351.0,830.5,354.0,893.5,385.5,873.0,377.0,107.5419,22.1923,0.2064,1,1,53,1
53,3,0,0,1,1,1,0.9932,0.9878,0.9355,0.9009,633.5,298.5,514.5,301.5,572.5,297.0,542.5,287.5,119.0378,31.4682,0.2644,1,1,54,1
53,3,0,2,1,1,1,0.9858,0.9932,0.8828,0.9443,782.5,346.0,667.5,351.5,742.0,392.0,700.0,381.5,115.1314,43.2926,0.376,1,1,54,1
53,3,0,1,1,1,1,0.9922,0.9893,0.9385,0.916,938.0,351.5,830.5,354.5,895.0,385.5,873.0,378.0,107.5419,23.2433,0.2161,1,1,54,1
54,3,0,0,1,1,1,0.9932,0.9878,0.936,0.9014,633.5,298.5,514.5,301.5,572.5,297.0,542.0,288.0,119.0378,31.8002,0.2671,1,1,55,1
54,3,0,2,1,1,1,0.9858,0.9932,0.8823,0.9448,782.5,346.0,667.5,351.5,742.0,392.0,700.0,381.5,115.1314,43.2926,0.376,1,1,55,1
54,3,0,1,1,1,1,0.9922,0.9893,0.9385,0.916,938.0,351.5,830.0,354.5,895.0,385.0,873.0,378.0,108.0417,23.0868,0.2137,1,1,55,1
55,3,0,0,1,1,1,0.9932,0.9878,0.936,0.9009,633.5,298.0,514.5,301.5,572.5,298.5,542.5,288.0,119.0515,31.7844,0.267,1,1,56,1
55,3,0,2,1,1,1,0.9858,0.9932,0.8843,0.9448,782.0,345.5,667.0,351.0,741.5,390.5,700.0,381.5,115.1314,42.4647,0.3688,1,1,56,1
55,3,0,1,1,1,1,0.9922,0.9893,0.9399,0.916,938.0,351.5,830.5,354.5,894.0,385.0,873.5,377.0,107.5419,22.0057,0.2046,1,1,56,1
56,3,0,0,1,1,1,0.9932,0.9878,0.9351,0.9009,634.0,298.5,514.5,301.5,572.0,297.5,543.5,288.5,119.5377,29.8873,0.25,1,1,57,1
56,3,0,2,1,1,1,0.9854,0.9932,0.8799,0.9453,782.5,346.0,667.0,351.0,740.5,389.5,703.0,380.5,115.6082,38.5649,0.3336,1,1,57,1
56,3,0,1,1,1,1,0.9922,0.9893,0.9395,0.915,938.5,351.5,830.5,354.5,894.0,386.0,873.5,376.0,108.0417,22.809,0.2111,1,1,57,1
57,3,0,0,1,1,1,0.9932,0.9878,0.9351,0.9014,634.0,298.5,514.5,301.5,572.0,297.5,543.5,288.5,119.5377,29.8873,0.25,1,1,58,1
57,3,0,2,1,1,1,0.9854,0.9932,0.8794,0.9453,782.5,346.0,667.0,351.0,740.0,389.5,702.5,380.0,115.6082,38.6846,0.3346,1,1,58,1
57,3,0,1,1,1,1,0.9922,0.9893,0.9395,0.915,938.5,351.5,830.5,354.5,894.0,386.0,873.5,376.0,108.0417,22.809,0.2111,1,1,58,1
58,3,0,0,1,1,1,0.9927,0.9883,0.9336,0.9043,633.5,298.5,514.5,301.5,572.5,298.0,542.5,288.0,119.0378,31.6228,0.2657,1,1,59,1
58,3,0,2,1,1,1,0.9849,0.9937,0.8755,0.9473,782.5,345.5,667.5,351.0,741.5,389.0,702.5,379.5,115.1314,40.1404,0.3486,1,1,59,1
58,3,0,1,1,1,1,0.9922,0.9893,0.9385,0.915,938.5,351.5,830.0,355.0,896.0,388.0,873.5,379.5,108.5564,24.052,0.2216,1,1,59,1
59,3,0,0,1,1,1,0.9927,0.9883,0.9341,0.9043,633.5,298.5,515.0,301.5,572.5,298.0,542.5,288.0,118.538,31.6228,0.2668,1,1,60,1
59,3,0,2,1,1,1,0.9849,0.9937,0.8755,0.9478,782.5,345.5,667.5,351.0,741.5,389.0,702.5,379.5,115.1314,40.1404,0.3486,1,1,60,1
59,3,0,1,1,1,1,0.9922,0.9893,0.9385,0.915,938.0,352.0,830.0,355.0,896.0,388.0,873.5,379.5,108.0417,24.052,0.2226,1,1,60,1
60,3,0,0,1,1,1,0.9932,0.9878,0.9355,0.9038,634.0,298.5,515.0,302.0,573.0,298.0,542.5,288.0,119.0515,32.0975,0.2696,1,1,61,1
60,3,0,2,1,1,1,0.9854,0.9932,0.8818,0.9458,783.0,345.0,668.5,350.5,740.0,387.5,702.0,379.0,114.632,38.9391,0.3397,1,1,61,1
60,3,0,1,1,1,1,0.9922,0.9893,0.9395,0.917,938.5,351.5,830.0,355.0,895.5,387.5,874.0,377.5,108.5564,23.7118,0.2184,1,1,61,1
61,3,0,0,1,1,1,0.9932,0.9878,0.936,0.9033,634.0,298.5,515.0,302.0,573.0,298.0,542.5,288.0,119.0515,32.0975,0.2696,1,1,62,1
61,3,0,2,1,1,1,0.9858,0.9932,0.8833,0.9458,783.0,345.5,668.5,351.0,740.0,387.5,702.0,379.0,114.632,38.9391,0.3397,1,1,62,1
61,3,0,1,1,1,1,0.9922,0.9893,0.9399,0.917,938.5,351.5,830.0,355.0,895.5,388.0,874.0,377.5,108.5564,23.927,0.2204,1,1,62,1
62,3,0,0,1,1,1,0.9932,0.9883,0.9346,0.9048,634.0,298.5,515.0,301.5,572.5,298.5,543.0,288.0,119.0378,31.3129,0.2631,1,1,63,1
62,3,0,2,1,1,1,0.9849,0.9937,0.8789,0.9468,783.0,345.0,668.5,350.5,738.0,387.0,702.5,379.5,114.632,36.2836,0.3165,1,1,63,1
62,3,0,1,1,1,1,0.9922,0.9893,0.9375,0.9155,938.5,351.5,830.0,355.5,895.0,388.0,874.0,377.0,108.5737,23.7065,0.2183,1,1,63,1
63,3,0,0,1,1,1,0.9932,0.9883,0.9346,0.9048,634.0,298.5,515.0,301.5,572.5,298.0,543.0,288.0,119.0378,31.1488,0.2617,1,1,64,1
63,3,0,2,1,1,1,0.9854,0.9937,0.8794,0.9468,783.0,345.5,668.5,350.5,738.0,387.0,702.0,379.0,114.6091,36.8782,0.3218,1,1,64,1
63,3,0,1,1,1,1,0.9922,0.9893,0.9375,0.9155,938.0,351.5,830.0,355.5,895.0,387.5,874.0,376.5,108.074,23.7065,0.2194,1,1,64,1
64,3,0,0,1,1,1,0.9927,0.9878,0.9341,0.9028,634.0,298.5,515.0,301.5,573.5,299.0,542.5,288.5,119.0378,32.73,0.275,1,1,65,1
64,3,0,2,1,1,1,0.9849,0.9937,0.8784,0.9468,783.0,345.0,669.0,350.0,739.0,386.0,702.5,381.0,114.1096,36.8409,0.3229,1,1,65,1
64,3,0,1,1,1,1,0.9922,0.9893,0.939,0.915,938.0,351.0,830.5,354.5,894.5,387.0,873.5,377.0,107.557,23.2594,0.2163,1,1,65,1
65,3,0,0,1,1,1,0.9927,0.9878,0.9346,0.9028,634.0,298.0,515.0,301.5,573.5,299.0,542.5,288.5,119.0515,32.73,0.2749,1,1,66,1
65,3,0,2,1,1,1,0.9849,0.9937,0.8784,0.9468,783.0,345.0,669.0,350.0,739.0,386.0,702.5,381.0,114.1096,36.8409,0.3229,1,1,66,1
65,3,0,1,1,1,1,0.9922,0.9893,0.939,0.915,938.0,351.0,830.5,354.5,895.0,387.0,874.0,377.0,107.557,23.2594,0.2163,1,1,66,1
66,3,0,0,1,1,1,0.9927,0.9883,0.9336,0.9038,634.0,298.0,515.5,301.5,574.0,298.5,542.0,287.0,118.5517,34.0037,0.2868,1,1,67,1
66,3,0,2,1,1,1,0.9844,0.9937,0.8726,0.9482,783.5,344.0,669.5,350.5,741.0,387.5,702.0,379.5,114.1852,39.8121,0.3487,1,1,67,1
66,3,0,1,1,1,1,0.9917,0.9893,0.936,0.916,938.5,351.5,830.0,355.5,896.0,389.5,873.0,378.5,108.5737,25.4951,0.2348,1,1,67,1
67,3,0,0,1,1,1,0.9927,0.9888,0.9341,0.9072,634.0,298.0,515.5,301.5,574.0,298.0,542.5,288.0,118.5517,33.0492,0.2788,1,1,68,1
67,3,0,2,1,1,1,0.9839,0.9941,0.8701,0.9517,783.5,344.0,670.0,351.0,742.5,388.0,703.0,378.5,113.7157,40.6263,0.3573,1,1,68,1
67,3,0,1,1,1,1,0.9917,0.9897,0.9365,0.9199,938.5,351.5,830.5,355.0,894.5,389.5,874.5,375.0,108.0567,24.7032,0.2286,1,1,68,1
68,3,0,0,1,1,1,0.9927,0.9888,0.9341,0.9072,634.0,298.0,515.5,301.5,574.0,298.0,542.5,288.0,118.5517,33.0492,0.2788,1,1,69,1
68,3,0,2,1,1,1,0.9839,0.9941,0.8696,0.9517,783.5,344.0,670.0,351.0,742.5,388.0,702.5,378.5,113.7157,41.1127,0.3615,1,1,69,1
68,3,0,1,1,1,1,0.9917,0.9897,0.9365,0.9194,938.5,351.5,830.5,355.0,894.5,389.5,874.5,374.5,108.0567,25.0,0.2314,1,1,69,1
69,3,0,0,1,1,1,0.9932,0.9888,0.9346,0.9082,634.0,298.0,515.5,301.5,574.0,298.5,543.0,287.5,118.5517,32.8938,0.2775,1,1,70,1
69,3,0,2,1,1,1,0.9839,0.9941,0.8701,0.9521,784.0,344.0,670.0,350.5,742.0,387.5,702.0,378.0,114.1852,41.1127,0.3601,1,1,70,1
69,3,0,1,1,1,1,0.9917,0.9897,0.9351,0.9199,938.5,351.0,831.0,355.0,895.0,388.5,875.0,375.5,107.5744,23.8537,0.2217,1,1,70,1
70,3,0,0,1,1,1,0.9932,0.9888,0.9341,0.9082,634.0,298.0,515.5,301.5,574.0,298.5,543.0,287.5,118.5517,32.8938,0.2775,1,1,71,1
70,3,0,2,1,1,1,0.9839,0.9941,0.8706,0.9521,784.0,344.0,670.0,350.5,742.0,387.5,702.0,378.0,114.1852,41.1127,0.3601,1,1,71,1
70,3,0,1,1,1,1,0.9917,0.9897,0.9355,0.9194,939.0,351.0,831.0,355.0,895.0,388.5,875.0,375.5,108.074,23.8537,0.2207,1,1,71,1
71,3,0,0,1,1,1,0.9927,0.9888,0.9336,0.9082,633.5,297.5,515.0,301.0,574.0,299.0,542.5,287.0,118.5517,33.7083,0.2843,1,1,72,1
71,3,0,2,1,1,1,0.9839,0.9941,0.8696,0.9517,784.0,344.5,670.5,351.0,742.5,388.0,701.5,378.5,113.686,42.0862,0.3702,1,1,72,1
71,3,0,1,1,1,1,0.9917,0.9897,0.9341,0.9194,939.0,351.5,831.5,355.0,894.0,389.0,875.5,376.5,107.557,22.3271,0.2076,1,1,72,1
72,3,0,0,1,1,1,0.9927,0.9888,0.9341,0.9082,633.5,297.5,515.0,301.0,574.0,299.0,542.5,287.0,118.5517,33.7083,0.2843,1,1,73,1
72,3,0,2,1,1,1,0.9839,0.9941,0.8691,0.9517,784.0,344.5,670.5,351.0,742.5,388.0,701.5,378.5,113.686,42.0862,0.3702,1,1,73,1
72,3,0,1,1,1,1,0.9917,0.9897,0.9341,0.9194,939.0,351.5,831.5,355.0,894.0,389.5,875.5,376.5,107.557,22.6108,0.2102,1,1,73,1
73,3,0,0,1,1,1,0.9927,0.9888,0.9321,0.9097,633.5,298.0,515.0,301.5,574.5,299.0,542.5,289.5,118.5517,33.3804,0.2816,1,1,74,1
73,3,0,2,1,1,1,0.9834,0.9941,0.8667,0.9526,784.0,344.5,671.0,351.0,742.5,388.5,701.0,378.0,113.1868,42.8077,0.3782,1,1,74,1
73,3,0,1,1,1,1,0.9917,0.9897,0.9336,0.9199,939.0,352.0,831.0,355.5,895.5,388.5,876.0,375.5,108.0567,23.4361,0.2169,1,1,74,1
74,3,0,0,1,1,1,0.9927,0.9888,0.9326,0.9097,633.5,298.0,515.0,301.5,574.5,299.5,542.0,289.0,118.5517,34.1541,0.2881,1,1,75,1
74,3,0,2,1,1,1,0.9834,0.9941,0.8662,0.9526,784.0,344.5,671.0,351.0,743.0,389.0,701.0,378.5,113.1868,43.2926,0.3825,1,1,75,1
74,3,0,1,1,1,1,0.9917,0.9897,0.9336,0.9199,939.0,352.0,831.0,355.5,895.5,389.0,876.0,375.5,108.0567,23.7171,0.2195,1,1,75,1
75,3,0,0,1,1,1,0.9932,0.9888,0.9346,0.9087,633.5,298.0,515.0,301.0,575.5,299.5,542.0,288.5,118.538,35.2598,0.2975,1,1,76,1
75,3,0,2,1,1,1,0.9839,0.9937,0.8721,0.9502,784.0,345.0,670.5,351.0,743.0,387.5,701.0,378.0,113.6585,43.061,0.3789,1,1,76,1
75,3,0,1,1,1,1,0.9917,0.9897,0.9336,0.9204,939.0,351.5,831.5,355.0,895.5,388.0,876.5,375.0,107.557,23.0217,0.214,1,1,76,1
76,3,0,0,1,1,1,0.9927,0.9888,0.9341,0.9087,633.5,298.0,515.0,301.0,575.0,299.5,542.0,289.0,118.538,34.6302,0.2921,1,1,77,1
76,3,0,2,1,1,1,0.9839,0.9937,0.8716,0.9502,784.0,345.0,670.5,351.0,743.5,387.5,701.5,378.0,113.6585,43.061,0.3789,1,1,77,1
76,3,0,1,1,1,1,0.9917,0.9897,0.9331,0.9204,939.0,351.5,831.5,355.0,895.5,388.0,876.5,375.0,107.557,23.0217,0.214,1,1,77,1
77,3,0,0,1,1,1,0.9927,0.9883,0.9336,0.9067,633.5,298.0,515.0,301.5,574.5,298.5,541.5,289.0,118.5517,34.3402,0.2897,1,1,78,1
77,3,0,2,1,1,1,0.9839,0.9941,0.8726,0.9507,783.5,345.0,671.0,351.0,742.5,387.5,702.0,378.0,112.6599,41.5993,0.3692,1,1,78,1
77,3,0,1,1,1,1,0.9917,0.9897,0.9346,0.9209,939.0,351.5,831.0,354.5,896.5,388.5,876.0,377.5,108.0417,23.2648,0.2153,1,1,78,1
78,3,0,0,1,1,1,0.9932,0.9888,0.9355,0.9082,633.5,298.5,515.0,301.5,574.0,299.0,542.0,289.0,118.538,33.5261,0.2828,1,1,79,1
78,3,0,2,1,1,1,0.9844,0.9941,0.875,0.9507,784.0,344.5,670.5,350.5,742.5,389.5,702.0,379.0,113.6585,41.839,0.3681,1,1,79,1
78,3,0,1,1,1,1,0.9917,0.9897,0.9351,0.9194,939.0,351.5,831.5,354.5,894.5,388.0,877.0,376.0,107.5419,21.2191,0.1973,1,1,79,1
79,3,0,0,1,1,1,0.9932,0.9888,0.9355,0.9082,633.5,298.5,515.0,301.5,574.0,299.0,542.0,289.0,118.538,33.5261,0.2828,1,1,80,1
79,3,0,2,1,1,1,0.9844,0.9941,0.875,0.9507,784.0,344.5,670.5,350.5,742.5,389.5,702.0,379.0,113.6585,41.839,0.3681,1,1,80,1
79,3,0,1,1,1,1,0.9917,0.9897,0.9351,0.9194,939.0,351.0,831.5,354.5,894.5,388.0,877.0,376.0,107.557,21.2191,0.1973,1,1,80,1
80,3,0,0,1,1,1,0.9932,0.9888,0.9355,0.9087,633.5,298.0,515.5,301.0,575.0,299.5,542.5,286.5,118.0381,35.0036,0.2965,1,1,81,1
80,3,0,2,1,1,1,0.9854,0.9937,0.8809,0.9468,784.0,345.0,671.0,350.5,742.5,388.0,700.5,378.5,113.1338,43.061,0.3806,1,1,81,1
80,3,0,1,1,1,1,0.9917,0.9902,0.9341,0.9214,939.5,351.0,831.5,354.5,895.0,387.0,877.0,374.0,108.0567,22.2036,0.2055,1,1,81,1
81,3,0,0,1,1,1,0.9932,0.9888,0.936,0.9087,633.5,298.0,515.5,301.0,575.0,299.5,542.5,286.5,118.0381,35.0036,0.2965,1,1,82,1
81,3,0,2,1,1,1,0.9854,0.9937,0.8813,0.9468,784.0,344.5,671.0,350.5,742.5,388.0,701.0,378.0,113.1592,42.6878,0.3772,1,1,82,1
81,3,0,1,1,1,1,0.9917,0.9902,0.9341,0.9214,939.0,351.0,831.5,354.5,895.0,387.0,877.0,374.0,107.557,22.2036,0.2064,1,1,82,1
82,3,0,0,1,1,1,0.9932,0.9883,0.9355,0.9072,633.5,298.0,516.0,301.5,575.0,299.5,542.0,287.0,117.5521,35.2881,0.3002,1,1,83,1
82,3,0,2,1,1,1,0.9849,0.9937,0.8804,0.9473,784.5,345.5,670.5,351.0,742.5,387.5,701.0,377.5,114.1326,42.6878,0.374,1,1,83,1
82,3,0,1,1,1,1,0.9917,0.9897,0.9355,0.9185,939.0,351.0,832.0,354.5,894.5,387.5,877.5,374.0,107.0572,21.7083,0.2028,1,1,83,1
83,3,0,0,1,1,1,0.9932,0.9883,0.9355,0.9067,634.0,298.0,516.0,301.0,575.0,299.5,542.0,287.0,118.0381,35.2881,0.299,1,1,84,1
83,3,0,2,1,1,1,0.9849,0.9932,0.8813,0.9468,784.5,345.0,670.5,351.0,742.5,388.0,700.5,377.5,114.1578,43.2926,0.3792,1,1,84,1
83,3,0,1,1,1,1,0.9917,0.9897,0.9351,0.9189,939.0,351.0,832.0,354.5,894.5,388.0,878.0,374.0,107.0572,21.6391,0.2021,1,1,84,1
84,3,0,0,1,1,1,0.9932,0.9883,0.9375,0.9072,633.0,298.5,515.0,301.5,573.5,298.0,540.5,286.5,118.0381,34.9464,0.2961,1,1,85,1
84,3,0,2,1,1,1,0.9849,0.9932,0.8813,0.9463,784.5,345.0,671.0,351.0,743.0,389.5,701.5,377.5,113.6585,43.2001,0.3801,1,1,85,1
84,3,0,1,1,1,1,0.9917,0.9897,0.9336,0.9194,939.5,350.5,832.0,354.0,896.0,389.0,877.0,376.5,107.557,22.7431,0.2115,1,1,85,1
85,3,0,0,1,1,1,0.9932,0.9883,0.9355,0.9072,632.5,298.0,514.5,301.0,574.0,298.5,541.0,286.5,118.0381,35.1141,0.2975,1,1,86,1
85,3,0,2,1,1,1,0.9844,0.9937,0.877,0.9487,784.0,345.0,671.0,350.5,743.5,388.5,701.5,377.5,113.1338,43.4166,0.3838,1,1,86,1
85,3,0,1,1,1,1,0.9912,0.9902,0.9312,0.9209,939.0,351.0,831.5,354.5,895.5,389.0,878.5,375.5,107.557,21.7083,0.2018,1,1,86,1
86,3,0,0,1,1,1,0.9932,0.9883,0.9355,0.9072,632.5,298.5,514.5,301.0,574.0,298.5,541.0,286.5,118.0265,35.1141,0.2975,1,1,87,1
86,3,0,2,1,1,1,0.9849,0.9937,0.8774,0.9487,784.0,345.0,671.0,350.5,743.5,388.5,701.0,377.5,113.1338,43.9005,0.388,1,1,87,1
86,3,0,1,1,1,1,0.9912,0.9902,0.9312,0.9209,939.0,351.0,831.5,354.5,895.5,389.0,878.5,375.5,107.557,21.7083,0.2018,1,1,87,1
87,3,0,0,1,1,1,0.9932,0.9888,0.9351,0.9097,632.5,298.5,514.5,301.5,573.5,299.0,540.0,286.5,118.0381,35.7561,0.3029,1,1,88,1
87,3,0,2,1,1,1,0.9844,0.9937,0.875,0.9492,784.0,344.5,671.0,350.0,744.0,387.5,701.5,377.0,113.1338,43.7778,0.387,1,1,88,1
87,3,0,1,1,1,1,0.9912,0.9897,0.9321,0.9194,939.5,351.0,832.0,354.5,894.0,387.0,877.0,375.5,107.557,20.5244,0.1908,1,1,88,1
88,3,0,0,1,1,1,0.9932,0.9888,0.9355,0.9097,632.5,298.5,514.5,301.5,573.5,299.0,540.0,287.0,118.0381,35.5844,0.3015,1,1,89,1
88,3,0,2,1,1,1,0.9844,0.9937,0.8755,0.9492,784.0,344.5,671.0,350.0,743.5,387.5,701.5,377.0,113.1338,43.2926,0.3827,1,1,89,1
88,3,0,1,1,1,1,0.9912,0.9897,0.9321,0.9189,939.5,351.0,832.0,354.0,894.5,387.0,877.0,375.5,107.5419,20.9404,0.1947,1,1,89,1
89,3,0,0,1,1,1,0.9932,0.9883,0.9365,0.9082,632.0,299.0,514.5,301.5,572.5,297.5,540.0,285.0,117.5266,34.821,0.2963,1,1,90,1
89,3,0,2,1,1,1,0.9839,0.9937,0.873,0.9502,784.0,345.0,671.0,350.0,743.5,388.5,702.0,376.5,113.1106,43.2001,0.3819,1,1,90,1
89,3,0,1,1,1,1,0.9917,0.9897,0.9331,0.9189,939.0,351.0,832.0,354.0,895.5,389.0,877.5,377.5,107.042,21.36,0.1995,1,1,90,1
90,3,0,0,1,1,1,0.9932,0.9888,0.936,0.9087,632.0,299.0,514.5,301.5,572.5,297.5,540.0,285.0,117.5266,34.821,0.2963,1,1,91,1
90,3,0,2,1,1,1,0.9839,0.9937,0.873,0.9502,784.0,345.0,670.5,350.0,744.0,388.5,702.0,377.0,113.6101,43.546,0.3833,1,1,91,1
90,3,0,1,1,1,1,0.9917,0.9897,0.9331,0.9189,939.0,351.0,832.0,353.5,895.5,388.5,877.5,377.5,107.0292,21.095,0.1971,1,1,91,1
91,3,0,0,1,1,1,0.9932,0.9888,0.9341,0.9097,632.5,299.0,514.0,302.0,572.0,298.0,540.0,287.0,118.538,33.8378,0.2855,1,1,92,1
91,3,0,2,1,1,1,0.9839,0.9941,0.8696,0.9512,784.5,345.0,671.0,350.0,743.5,389.0,701.5,376.5,113.6101,43.8207,0.3857,1,1,92,1
91,3,0,1,1,1,1,0.9912,0.9897,0.9312,0.9189,939.0,351.0,831.5,354.0,896.0,391.0,877.5,377.5,107.5419,22.902,0.213,1,1,92,1
92,3,0,0,1,1,1,0.9927,0.9888,0.9336,0.9116,631.5,298.5,514.0,301.0,572.5,297.0,539.5,286.5,117.5266,34.6302,0.2947,1,1,93,1
92,3,0,2,1,1,1,0.9829,0.9941,0.8623,0.9541,784.0,345.5,670.5,350.5,743.5,387.5,701.0,376.5,113.6101,43.9005,0.3864,1,1,93,1
92,3,0,1,1,1,1,0.9917,0.9897,0.9321,0.9194,939.5,351.0,832.0,354.0,895.5,391.0,877.5,379.0,107.5419,21.6333,0.2012,1,1,93,1
93,3,0,0,1,1,1,0.9927,0.9893,0.9336,0.9121,631.5,298.5,514.0,301.0,572.5,297.0,539.5,286.5,117.5266,34.6302,0.2947,1,1,94,1
93,3,0,2,1,1,1,0.9829,0.9946,0.8628,0.9541,784.0,345.0,670.5,350.5,743.5,388.0,701.0,376.5,113.6332,44.0284,0.3875,1,1,94,1
93,3,0,1,1,1,1,0.9917,0.9897,0.9326,0.9194,939.5,351.0,832.0,354.0,895.5,390.5,877.5,379.0,107.5419,21.36,0.1986,1,1,94,1
94,3,0,0,1,1,1,0.9927,0.9888,0.9341,0.9102,631.5,298.5,513.5,301.0,571.5,297.5,539.5,286.0,118.0265,34.0037,0.2881,1,1,95,1
94,3,0,2,1,1,1,0.9819,0.9946,0.8555,0.9551,783.5,345.5,670.5,351.0,745.5,389.0,700.5,377.0,113.1338,46.5725,0.4117,1,1,95,1
94,3,0,1,1,1,1,0.9912,0.9902,0.9307,0.9204,939.5,351.0,832.0,354.0,896.5,391.0,877.0,379.0,107.5419,22.8965,0.2129,1,1,95,1
95,3,0,0,1,1,1,0.9927,0.9888,0.9341,0.9106,631.5,298.5,513.5,301.0,571.5,297.5,539.5,286.0,118.0265,34.0037,0.2881,1,1,96,1
95,3,0,2,1,1,1,0.9814,0.9946,0.855,0.9556,783.5,345.5,670.5,351.0,745.5,389.0,701.0,377.0,113.1338,46.0896,0.4074,1,1,96,1
95,3,0,1,1,1,1,0.9912,0.9902,0.9307,0.9204,939.0,351.0,832.0,354.0,896.5,391.0,877.0,379.0,107.042,22.8965,0.2139,1,1,96,1
96,3,0,0,1,1,1,0.9927,0.9888,0.9336,0.9126,631.0,298.5,513.0,301.5,571.0,296.5,539.0,285.0,118.0381,34.0037,0.2881,1,1,97,1
96,3,0,2,1,1,1,0.9819,0.9946,0.854,0.957,783.0,346.0,670.5,351.0,745.5,390.5,700.5,377.0,112.6111,46.9814,0.4172,1,1,97,1
96,3,0,1,1,1,1,0.9917,0.9902,0.9331,0.9224,939.0,351.0,832.0,354.0,896.0,390.5,877.0,378.0,107.042,22.7431,0.2125,1,1,97,1
97,3,0,0,1,1,1,0.9927,0.9888,0.9336,0.9121,631.0,298.0,513.0,301.0,571.0,296.5,539.0,285.5,118.0381,33.8378,0.2867,1,1,98,1
97,3,0,2,1,1,1,0.9834,0.9951,0.8511,0.9551,783.0,344.0,670.5,351.5,746.5,393.0,701.0,379.5,112.7497,47.4605,0.4209,1,1,98,1
97,3,0,1,1,1,1,0.9917,0.9902,0.9331,0.9224,939.5,351.0,832.0,354.5,896.0,390.0,877.0,378.0,107.557,22.4722,0.2089,1,1,98,1
98,3,0,0,1,1,1,0.9927,0.9893,0.9321,0.9131,631.0,299.0,512.5,301.5,571.0,297.0,538.0,286.5,118.5264,34.6302,0.2922,1,1,99,1
98,3,0,2,1,1,1,0.9829,0.9951,0.8472,0.9565,783.0,344.0,671.0,351.5,747.5,392.5,700.5,379.0,112.2508,48.9004,0.4356,1,1,99,1
98,3,0,1,1,1,1,0.9917,0.9902,0.9326,0.9224,939.0,351.0,832.0,354.0,896.5,389.5,876.5,377.5,107.042,23.3238,0.2179,1,1,99,1
99,3,0,0,1,1,1,0.9927,0.9893,0.9326,0.9131,631.0,299.0,512.5,301.5,571.0,297.0,538.0,286.5,118.5264,34.6302,0.2922,1,1,100,1
99,3,0,2,1,1,1,0.9829,0.9951,0.8472,0.9565,783.5,344.0,671.0,351.5,747.5,392.5,701.0,379.0,112.7497,48.42,0.4294,1,1,100,1
99,3,0,1,1,1,1,0.9917,0.9902,0.9326,0.9224,939.0,351.0,832.0,354.0,896.5,389.5,876.5,378.0,107.042,23.0705,0.2155,1,1,100,1
100,3,0,0,1,1,1,0.9927,0.9893,0.9326,0.915,631.0,299.0,512.5,302.0,570.0,296.0,538.5,286.0,118.538,33.0492,0.2788,1,1,101,1
100,3,0,2,1,1,1,0.9824,0.9951,0.8447,0.9575,784.0,344.5,672.0,352.5,746.5,390.0,700.5,376.0,112.2854,48.0833,0.4282,1,1,101,1
100,3,0,1,1,1,1,0.9912,0.9902,0.9316,0.9219,939.5,351.0,832.0,354.5,895.5,389.5,877.5,375.5,107.557,22.8035,0.212,1,1,101,1
101,3,0,0,1,1,1,0.9927,0.9893,0.9331,0.9155,630.5,299.0,512.0,302.0,570.5,296.0,538.5,285.5,118.538,33.6786,0.2841,1,1,102,1
101,3,0,2,1,1,1,0.9819,0.9951,0.8442,0.9575,784.0,344.5,672.0,352.5,746.5,390.0,700.5,375.5,112.2854,48.2312,0.4295,1,1,102,1
101,3,0,1,1,1,1,0.9917,0.9902,0.9316,0.9219,939.5,351.0,831.5,354.5,895.5,389.5,877.5,376.0,108.0567,22.5,0.2082,1,1,102,1
102,3,0,0,1,1,1,0.9927,0.9893,0.9326,0.915,631.0,299.0,512.5,301.0,569.5,295.5,538.5,284.5,118.5169,32.8938,0.2775,1,1,103,1
102,3,0,2,1,1,1,0.9805,0.9951,0.8457,0.9575,784.0,346.0,671.5,352.0,745.0,387.0,700.5,373.0,112.6599,46.6503,0.4141,1,1,103,1
102,3,0,1,1,1,1,0.9917,0.9902,0.9331,0.9219,939.5,350.5,831.5,354.5,896.0,391.0,876.5,375.0,108.074,25.224,0.2334,1,1,103,1
103,3,0,0,1,1,1,0.9927,0.9893,0.9336,0.9141,630.0,299.0,512.0,301.0,570.0,295.0,539.0,284.0,118.0169,32.8938,0.2787,1,1,104,1
103,3,0,2,1,1,1,0.9805,0.9951,0.8442,0.958,783.5,346.5,671.5,351.5,746.0,388.5,700.0,375.0,112.1116,47.9401,0.4276,1,1,104,1
103,3,0,1,1,1,1,0.9917,0.9902,0.9326,0.9219,939.0,351.0,831.5,354.0,897.0,389.0,876.0,377.5,107.5419,23.9426,0.2226,1,1,104,1
104,3,0,0,1,1,1,0.9927,0.9893,0.9336,0.9141,630.0,299.0,512.0,301.0,570.0,295.0,539.0,284.0,118.0169,32.8938,0.2787,1,1,105,1
104,3,0,2,1,1,1,0.9805,0.9951,0.8442,0.958,783.5,346.5,671.5,351.5,746.0,388.5,700.5,375.0,112.1116,47.4605,0.4233,1,1,105,1
104,3,0,1,1,1,1,0.9917,0.9902,0.9326,0.9219,939.0,351.0,831.5,354.0,897.0,389.0,876.0,377.0,107.5419,24.1868,0.2249,1,1,105,1
105,3,0,0,1,1,1,0.9927,0.9893,0.9341,0.9146,630.5,299.0,512.0,301.5,570.0,296.5,538.0,286.5,118.5264,33.5261,0.2829,1,1,106,1
105,3,0,2,1,1,1,0.981,0.9946,0.8481,0.957,784.0,346.5,671.0,352.0,746.5,389.0,699.0,376.0,113.1338,49.2468,0.4353,1,1,106,1
105,3,0,1,1,1,1,0.9917,0.9902,0.9326,0.9219,939.0,351.0,831.5,354.5,895.5,387.0,876.0,377.0,107.557,21.9146,0.2037,1,1,106,1
106,3,0,0,1,1,1,0.9927,0.9893,0.9341,0.915,630.5,299.0,512.0,301.5,570.5,296.5,538.0,286.5,118.5264,34.0037,0.2869,1,1,107,1
106,3,0,2,1,1,1,0.9824,0.9951,0.8457,0.9565,784.0,345.0,671.0,352.5,747.5,391.0,700.0,378.5,113.2486,49.1172,0.4337,1,1,107,1
106,3,0,1,1,1,1,0.9917,0.9902,0.9326,0.9219,939.0,351.0,831.5,354.5,895.5,387.0,876.0,377.5,107.557,21.691,0.2017,1,1,107,1
107,3,0,0,1,1,1,0.9927,0.9893,0.9336,0.9155,630.0,299.5,512.0,302.0,569.5,296.0,537.5,287.0,118.0265,33.2415,0.2816,1,1,108,1
107,3,0,2,1,1,1,0.9814,0.9951,0.8516,0.9575,783.5,345.0,671.0,351.0,746.5,389.0,699.0,375.5,112.6599,49.3812,0.4383,1,1,108,1
107,3,0,1,1,1,1,0.9917,0.9902,0.9351,0.9214,939.5,350.5,832.0,354.5,895.0,388.5,876.5,377.0,107.5744,21.783,0.2025,1,1,108,1
108,3,0,0,1,1,1,0.9927,0.9893,0.9336,0.916,630.0,299.5,512.0,302.0,569.5,296.0,537.5,287.0,118.0265,33.2415,0.2816,1,1,109,1
108,3,0,2,1,1,1,0.9814,0.9951,0.8511,0.9575,783.5,345.0,671.5,351.5,746.0,389.0,699.0,375.5,112.1885,48.9004,0.4359,1,1,109,1
108,3,0,1,1,1,1,0.9917,0.9902,0.9355,0.9214,939.5,350.5,832.0,354.5,895.5,388.5,876.5,377.0,107.5744,22.2092,0.2065,1,1,109,1
109,3,0,0,1,1,1,0.9922,0.9854,0.9517,0.9048,626.0,300.5,510.75,299.5,569.0,300.0,541.0,294.0,115.2543,28.6356,0.2485,1,1,110,1
109,3,0,2,1,1,1,0.9814,0.9946,0.8535,0.957,783.5,345.5,670.5,351.0,746.0,388.5,698.5,376.0,113.1338,49.1172,0.4342,1,1,110,1
109,3,0,1,1,1,1,0.9917,0.9902,0.9341,0.9209,940.0,351.0,831.5,354.5,894.5,389.0,876.5,376.0,108.5564,22.2036,0.2045,1,1,110,1
110,3,0,0,1,1,1,0.9922,0.9854,0.9512,0.9048,626.0,300.5,510.75,299.5,569.0,300.0,541.0,294.0,115.2543,28.6356,0.2485,1,1,111,1
110,3,0,2,1,1,1,0.9819,0.9946,0.8535,0.957,783.5,345.0,671.0,351.0,746.0,388.5,698.5,376.0,112.6599,49.1172,0.436,1,1,111,1
110,3,0,1,1,1,1,0.9917,0.9902,0.9341,0.9209,940.0,351.5,831.5,354.5,894.5,389.0,876.5,376.0,108.5415,22.2036,0.2046,1,1,111,1
111,3,0,0,1,1,1,0.9927,0.9863,0.9526,0.9092,626.5,300.5,511.25,299.5,569.5,301.0,541.0,294.5,115.2543,29.2318,0.2536,1,1,112,1
111,3,0,2,1,1,1,0.9839,0.9951,0.8589,0.9551,783.0,344.0,670.5,352.0,745.5,388.5,700.0,377.5,112.7841,46.8108,0.415,1,1,112,1
111,3,0,1,1,1,1,0.9917,0.9902,0.9336,0.9214,940.0,351.0,831.5,354.0,895.0,387.5,876.5,377.5,108.5415,21.0297,0.1937,1,1,112,1
112,3,0,0,1,1,1,0.9927,0.9863,0.9526,0.9092,626.5,300.5,511.25,299.5,569.5,300.5,541.0,294.0,115.2543,29.2318,0.2536,1,1,113,1
112,3,0,2,1,1,1,0.9819,0.9946,0.8569,0.9561,783.5,345.5,670.5,351.5,744.5,387.0,699.0,374.5,113.1592,47.1858,0.417,1,1,113,1
112,3,0,1,1,1,1,0.9917,0.9902,0.9341,0.9209,940.0,351.0,831.5,354.0,895.0,387.0,876.5,377.5,108.5415,20.7966,0.1916,1,1,113,1
113,3,0,0,1,1,1,0.9932,0.9897,0.9355,0.918,630.5,299.0,512.5,302.0,569.5,296.5,536.5,288.0,118.0381,34.0771,0.2887,1,1,114,1
113,3,0,2,1,1,1,0.9839,0.9951,0.8599,0.9541,783.5,344.0,670.5,352.0,744.5,388.0,701.0,376.0,113.2828,45.1248,0.3983,1,1,114,1
113,3,0,1,1,1,1,0.9912,0.9902,0.9321,0.9209,940.0,351.0,831.5,354.5,894.5,388.5,876.5,377.5,108.5564,21.095,0.1943,1,1,114,1
114,3,0,0,1,1,1,0.9922,0.9863,0.9512,0.9092,626.5,301.0,511.0,300.0,569.5,301.0,540.5,294.5,115.5043,29.7195,0.2573,1,1,115,1
114,3,0,2,1,1,1,0.9849,0.9946,0.8667,0.9517,784.0,343.5,670.0,352.5,743.5,387.5,701.0,375.0,114.3547,44.3001,0.3874,1,1,115,1
114,3,0,1,1,1,1,0.9912,0.9902,0.9312,0.9224,939.0,350.5,832.0,354.5,896.5,389.5,878.0,377.0,107.0747,22.3271,0.2085,1,1,115,1
115,3,0,0,1,1,1,0.9932,0.9893,0.9365,0.916,631.0,299.5,512.0,302.0,569.5,297.5,537.0,288.0,119.0263,33.86,0.2845,1,1,116,1
115,3,0,2,1,1,1,0.9849,0.9946,0.8667,0.9517,784.0,343.5,670.0,352.5,743.0,387.5,701.0,375.0,114.3547,43.8207,0.3832,1,1,116,1
115,3,0,1,1,1,1,0.9912,0.9902,0.9312,0.9224,939.5,350.5,832.0,354.5,896.5,389.5,878.0,377.0,107.5744,22.3271,0.2076,1,1,116,1
116,3,0,0,1,1,1,0.9927,0.9868,0.9521,0.9121,626.0,300.0,511.5,299.5,569.5,301.0,541.0,294.5,114.5011,29.2318,0.2553,1,1,117,1
116,3,0,2,1,1,1,0.9844,0.9946,0.8594,0.9517,783.5,343.0,670.5,352.5,745.0,387.0,700.5,375.0,113.3986,46.0896,0.4064,1,1,117,1
116,3,0,1,1,1,1,0.9917,0.9902,0.9326,0.9219,939.5,350.5,832.0,354.5,895.5,387.5,877.5,375.0,107.5744,21.9146,0.2037,1,1,117,1
117,3,0,0,1,1,1,0.9927,0.9868,0.9521,0.9121,626.0,300.0,511.25,299.5,569.5,301.0,541.0,294.0,114.7511,29.3471,0.2557,1,1,118,1
117,3,0,2,1,1,1,0.9824,0.9946,0.8584,0.9541,783.5,345.0,671.0,351.5,744.0,385.0,700.0,372.0,112.6876,45.8803,0.4071,1,1,118,1
117,3,0,1,1,1,1,0.9917,0.9902,0.9326,0.9219,939.5,350.5,832.0,354.5,895.5,387.5,877.5,375.0,107.5744,21.9146,0.2037,1,1,118,1
118,3,0,0,1,1,1,0.9932,0.9897,0.938,0.916,631.0,299.0,513.0,301.5,569.5,297.0,537.5,288.0,118.0265,33.2415,0.2816,1,1,119,1
118,3,0,2,1,1,1,0.9854,0.9941,0.8721,0.9497,783.5,343.0,669.5,352.0,742.5,386.0,701.0,375.0,114.3547,42.9331,0.3754,1,1,119,1
118,3,0,1,1,1,1,0.9912,0.9902,0.9307,0.9209,940.0,351.0,832.0,355.0,895.0,389.0,876.5,375.5,108.074,22.902,0.2119,1,1,119,1
119,3,0,0,1,1,1,0.9932,0.9893,0.938,0.916,631.0,299.0,513.0,301.5,569.0,297.0,538.0,288.5,118.0265,32.1442,0.2723,1,1,120,1
119,3,0,2,1,1,1,0.9834,0.9941,0.8657,0.9517,783.5,345.0,670.0,351.5,741.5,384.0,700.0,372.5,113.686,43.0639,0.3788,1,1,120,1
119,3,0,1,1,1,1,0.9912,0.9902,0.9312,0.9209,940.0,351.0,832.0,355.0,895.0,389.5,876.5,376.0,108.074,22.902,0.2119,1,1,120,1
120,3,0,0,1,1,1,0.9932,0.9893,0.9385,0.9155,631.0,299.5,512.5,302.0,569.5,297.0,537.5,288.5,118.5264,33.1097,0.2793,1,1,121,1
120,3,0,2,1,1,1,0.9829,0.9941,0.8657,0.9526,784.0,345.0,670.0,352.0,742.0,386.5,699.5,373.5,114.2147,44.4438,0.3891,1,1,121,1
120,3,0,1,1,1,1,0.9917,0.9902,0.9326,0.9219,940.0,351.0,832.0,355.0,895.0,390.0,878.0,374.5,108.074,23.0054,0.2129,1,1,121,1
121,3,0,0,1,1,1,0.9937,0.9888,0.9404,0.9136,631.0,299.5,512.5,302.0,569.5,297.0,538.0,288.0,118.5264,32.7605,0.2764,1,1,122,1
121,3,0,2,1,1,1,0.9844,0.9941,0.874,0.9512,783.0,345.0,670.0,351.5,743.0,387.0,698.5,375.0,113.1868,46.0896,0.4072,1,1,122,1
121,3,0,1,1,1,1,0.9917,0.9902,0.9331,0.9209,940.0,351.0,831.5,355.0,895.0,390.5,877.5,375.5,108.5737,23.0489,0.2123,1,1,122,1
122,3,0,0,1,1,1,0.9937,0.9893,0.9404,0.9136,631.0,300.0,512.5,302.0,569.5,297.5,538.0,288.0,118.5169,32.9014,0.2776,1,1,123,1
122,3,0,2,1,1,1,0.9844,0.9941,0.874,0.9512,783.0,345.0,670.0,351.0,743.0,387.0,698.5,375.0,113.1592,46.0896,0.4073,1,1,123,1
122,3,0,1,1,1,1,0.9917,0.9902,0.9336,0.9209,940.0,351.0,831.5,355.0,895.0,390.5,877.5,375.5,108.5737,23.0489,0.2123,1,1,123,1
123,3,0,0,1,1,1,0.9932,0.9888,0.9395,0.9126,631.0,299.5,512.5,302.0,570.0,297.0,537.5,288.5,118.5264,33.5932,0.2834,1,1,124,1
123,3,0,2,1,1,1,0.9863,0.9941,0.8784,0.9468,783.0,343.5,669.5,352.0,744.5,390.0,699.0,378.0,113.8178,47.0558,0.4134,1,1,124,1
123,3,0,1,1,1,1,0.9917,0.9902,0.9326,0.9229,940.5,351.0,831.5,355.0,896.0,390.5,877.5,374.0,109.0734,24.7891,0.2273,1,1,124,1
124,3,0,0,1,1,1,0.9937,0.9888,0.9395,0.9121,631.0,299.5,512.5,302.0,570.0,297.0,537.5,288.5,118.5264,33.5932,0.2834,1,1,125,1
124,3,0,2,1,1,1,0.9863,0.9941,0.8779,0.9463,783.0,343.5,669.5,352.0,745.0,390.0,699.0,378.0,113.8178,47.5395,0.4177,1,1,125,1
124,3,0,1,1,1,1,0.9917,0.9902,0.9331,0.9229,940.0,351.0,831.5,355.0,896.0,391.0,877.5,374.0,108.5737,25.1247,0.2314,1,1,125,1
125,3,0,0,1,1,1,0.9922,0.9863,0.9512,0.9097,626.5,300.5,511.0,300.0,568.5,299.0,541.0,293.0,115.5011,28.1469,0.2437,1,1,126,1
125,3,0,2,1,1,1,0.9863,0.9941,0.8809,0.9473,784.0,343.0,669.5,352.5,744.0,392.0,699.0,380.0,114.8934,46.5725,0.4054,1,1,126,1
125,3,0,1,1,1,1,0.9917,0.9902,0.9341,0.9219,940.0,351.0,831.5,355.0,896.0,389.0,877.5,374.0,108.5737,23.817,0.2194,1,1,126,1
126,3,0,0,1,1,1,0.9932,0.9893,0.938,0.9141,631.5,299.5,512.5,302.5,569.0,296.0,538.0,288.0,119.0378,32.0156,0.269,1,1,127,1
126,3,0,2,1,1,1,0.9863,0.9941,0.8804,0.9473,784.0,343.0,670.0,352.5,744.0,392.0,699.0,379.5,114.3951,46.7039,0.4083,1,1,127,1
126,3,0,1,1,1,1,0.9917,0.9902,0.9336,0.9219,940.0,351.0,831.5,355.0,896.0,389.0,877.5,374.0,108.5737,23.817,0.2194,1,1,127,1
127,3,0,0,1,1,1,0.9932,0.9893,0.938,0.9136,631.5,299.5,513.0,302.5,568.5,296.0,538.5,287.5,118.538,31.1809,0.263,1,1,128,1
127,3,0,2,1,1,1,0.9844,0.9941,0.8745,0.9507,784.0,345.5,670.0,352.5,742.5,386.5,698.0,375.5,114.2147,45.8394,0.4013,1,1,128,1
127,3,0,1,1,1,1,0.9917,0.9902,0.936,0.9209,940.0,351.0,832.0,355.0,895.5,387.5,877.0,375.0,108.074,22.3271,0.2066,1,1,128,1
128,3,0,0,1,1,1,0.9932,0.9888,0.9375,0.9111,631.0,299.5,512.5,302.5,570.0,296.5,538.0,287.0,118.538,33.3804,0.2816,1,1,129,1
128,3,0,2,1,1,1,0.9844,0.9941,0.8726,0.9507,783.5,345.0,670.0,352.0,742.0,386.5,698.5,375.0,113.7157,44.9944,0.3957,1,1,129,1
128,3,0,1,1,1,1,0.9917,0.9902,0.9355,0.9204,939.5,351.5,831.0,355.0,896.5,390.5,877.0,375.0,108.5564,24.9098,0.2295,1,1,129,1
129,3,0,0,1,1,1,0.9932,0.9888,0.9375,0.9111,631.0,299.5,512.0,302.5,570.0,296.5,538.0,287.0,119.0378,33.3804,0.2804,1,1,130,1
129,3,0,2,1,1,1,0.9844,0.9941,0.8726,0.9507,783.5,345.0,670.0,352.0,742.0,386.5,698.5,375.5,113.7157,44.8693,0.3946,1,1,130,1
129,3,0,1,1,1,1,0.9917,0.9902,0.9355,0.9204,939.5,351.5,831.0,355.0,896.5,390.5,877.0,375.0,108.5564,24.9098,0.2295,1,1,130,1
130,3,0,0,1,1,1,0.9932,0.9888,0.9375,0.9121,631.5,299.5,513.0,303.0,570.0,297.0,537.5,287.5,118.5517,33.86,0.2856,1,1,131,1
130,3,0,2,1,1,1,0.9858,0.9941,0.877,0.9473,783.0,343.5,669.5,353.0,744.0,388.5,699.5,378.5,113.8969,45.6098,0.4004,1,1,131,1
130,3,0,1,1,1,1,0.9917,0.9897,0.9336,0.9194,940.0,352.0,831.5,355.5,896.0,390.0,877.0,376.0,108.5564,23.6008,0.2174,1,1,131,1
131,3,0,0,1,1,1,0.9932,0.9888,0.9375,0.9121,631.5,299.5,513.0,303.0,570.0,297.0,537.5,287.5,118.5517,33.86,0.2856,1,1,132,1
131,3,0,2,1,1,1,0.9839,0.9941,0.8706,0.9517,783.5,345.5,670.0,352.5,743.0,386.5,698.5,375.5,113.7157,45.8394,0.4031,1,1,132,1
131,3,0,1,1,1,1,0.9917,0.9897,0.9331,0.9194,940.0,352.0,831.5,355.5,896.0,390.0,876.5,377.0,108.5564,23.4361,0.2159,1,1,132,1
132,3,0,0,1,1,1,0.9932,0.9888,0.937,0.9106,631.0,300.0,512.0,303.0,569.5,296.0,538.5,288.5,119.0378,31.8944,0.2679,1,1,133,1
132,3,0,2,1,1,1,0.9858,0.9941,0.876,0.9482,783.0,343.0,669.0,352.0,743.0,390.0,699.0,380.0,114.3547,45.1221,0.3946,1,1,133,1
132,3,0,1,1,1,1,0.9912,0.9902,0.9292,0.9229,940.0,351.0,831.5,355.0,896.0,391.5,876.5,374.5,108.5737,25.8699,0.2383,1,1,133,1
133,3,0,0,1,1,1,0.9932,0.9888,0.937,0.9111,631.5,300.0,512.0,303.0,569.5,296.0,538.5,288.5,119.5377,31.8944,0.2668,1,1,134,1
133,3,0,2,1,1,1,0.9858,0.9941,0.8765,0.9482,783.0,343.0,669.0,352.0,743.5,390.0,699.0,380.0,114.3547,45.6098,0.3988,1,1,134,1
133,3,0,1,1,1,1,0.9912,0.9902,0.9292,0.9229,940.0,351.0,831.5,355.0,896.0,391.5,876.5,374.5,108.5737,25.8699,0.2383,1,1,134,1
134,3,0,0,1,1,1,0.9932,0.9888,0.937,0.9106,631.5,299.5,512.5,303.0,570.0,296.0,539.0,287.0,119.0515,32.28,0.2711,1,1,135,1
134,3,0,2,1,1,1,0.9844,0.9941,0.873,0.9512,783.5,345.5,670.0,352.0,744.0,388.5,699.0,377.0,113.686,46.4462,0.4085,1,1,135,1
134,3,0,1,1,1,1,0.9917,0.9902,0.9341,0.9229,939.5,351.5,831.5,355.0,895.5,389.0,876.0,376.0,108.0567,23.4361,0.2169,1,1,135,1
135,3,0,0,1,1,1,0.9932,0.9888,0.937,0.9106,631.5,299.5,512.5,303.0,570.0,296.0,539.0,287.0,119.0515,32.28,0.2711,1,1,136,1
135,3,0,2,1,1,1,0.9844,0.9941,0.873,0.9512,783.5,345.5,670.0,352.0,744.0,388.5,699.0,377.5,113.686,46.3249,0.4075,1,1,136,1
135,3,0,1,1,1,1,0.9917,0.9902,0.9341,0.9229,939.5,351.5,831.5,355.0,895.5,389.0,876.0,376.0,108.0567,23.4361,0.2169,1,1,136,1
136,3,0,0,1,1,1,0.9932,0.9888,0.936,0.9116,632.0,299.0,513.0,303.0,570.5,296.0,539.0,287.0,119.0672,32.7605,0.2751,1,1,137,1
136,3,0,2,1,1,1,0.9839,0.9941,0.8691,0.9512,783.5,345.5,670.0,351.5,742.5,387.5,699.5,376.5,113.6585,44.3847,0.3905,1,1,137,1
136,3,0,1,1,1,1,0.9917,0.9902,0.9331,0.9219,940.0,352.0,831.0,355.5,895.0,389.5,876.5,373.5,109.0562,24.4591,0.2243,1,1,137,1
137,3,0,0,1,1,1,0.9932,0.9888,0.936,0.9116,632.0,299.0,513.0,303.0,570.5,296.0,539.0,287.5,119.0672,32.6267,0.274,1,1,138,1
137,3,0,2,1,1,1,0.9839,0.9941,0.8696,0.9512,783.0,345.5,670.0,351.5,742.5,387.5,699.5,377.0,113.1592,44.2634,0.3912,1,1,138,1
137,3,0,1,1,1,1,0.9917,0.9902,0.9331,0.9219,940.0,352.0,831.5,355.5,895.0,389.5,876.5,373.5,108.5564,24.4591,0.2253,1,1,138,1
138,3,0,0,1,1,1,0.9932,0.9888,0.936,0.9116,632.0,299.0,513.5,302.5,571.5,297.5,538.5,288.0,118.5517,34.3402,0.2897,1,1,139,1
138,3,0,2,1,1,1,0.9849,0.9937,0.8765,0.9487,783.5,346.0,669.5,352.0,741.5,385.5,699.5,375.0,114.1578,43.2926,0.3792,1,1,139,1
138,3,0,1,1,1,1,0.9917,0.9902,0.9341,0.9209,939.5,351.5,830.5,354.5,895.0,389.5,877.0,374.5,109.0413,23.4307,0.2149,1,1,139,1
139,3,0,0,1,1,1,0.9927,0.9893,0.9331,0.9136,632.0,299.0,513.0,302.5,572.0,297.0,539.0,288.0,119.0515,34.2053,0.2873,1,1,140,1
139,3,0,2,1,1,1,0.9849,0.9941,0.8755,0.9512,783.0,345.0,670.0,351.0,741.5,385.5,699.5,375.0,113.1592,43.2926,0.3826,1,1,140,1
139,3,0,1,1,1,1,0.9917,0.9902,0.9351,0.9204,939.5,352.0,830.5,355.0,895.0,387.0,875.5,375.5,109.0413,22.6385,0.2076,1,1,140,1
140,3,0,0,1,1,1,0.9927,0.9893,0.9336,0.9141,632.0,299.0,513.5,302.5,572.0,297.0,539.5,288.0,118.5517,33.7231,0.2845,1,1,141,1
140,3,0,2,1,1,1,0.9849,0.9941,0.8755,0.9507,783.0,345.0,670.0,351.0,741.5,385.5,699.5,375.0,113.1592,43.2926,0.3826,1,1,141,1
140,3,0,1,1,1,1,0.9917,0.9902,0.9355,0.9209,939.5,352.0,830.5,355.0,895.0,387.0,875.5,376.0,109.0413,22.3886,0.2053,1,1,141,1
141,3,0,0,1,1,1,0.9927,0.9888,0.9336,0.9106,632.5,299.0,514.0,302.5,573.0,298.0,540.5,286.0,118.5517,34.6446,0.2922,1,1,142,1
141,3,0,2,1,1,1,0.9849,0.9941,0.8765,0.9502,783.0,345.0,670.0,351.5,740.5,387.0,699.5,374.5,113.1868,42.8632,0.3787,1,1,142,1
141,3,0,1,1,1,1,0.9917,0.9902,0.9346,0.9204,940.0,352.0,831.0,355.5,894.5,386.5,876.0,376.0,109.0562,21.272,0.1951,1,1,142,1
142,3,0,0,1,1,1,0.9927,0.9888,0.9336,0.9106,632.5,299.0,514.0,302.5,573.0,298.0,540.0,286.5,118.5517,34.9464,0.2948,1,1,143,1
142,3,0,2,1,1,1,0.9868,0.9941,0.8813,0.9458,782.5,343.0,669.5,352.0,741.5,389.0,700.5,377.0,113.3578,42.72,0.3769,1,1,143,1
142,3,0,1,1,1,1,0.9917,0.9902,0.9346,0.9204,940.0,352.0,831.0,355.5,894.5,387.0,876.0,376.0,109.0562,21.5232,0.1974,1,1,143,1
143,3,0,0,1,1,1,0.9932,0.9888,0.9355,0.9106,632.5,299.0,513.5,302.5,572.5,298.0,540.0,287.0,119.0515,34.3111,0.2882,1,1,144,1
143,3,0,2,1,1,1,0.9849,0.9941,0.8779,0.9502,783.0,345.0,669.5,351.0,740.0,385.0,700.0,375.0,113.6585,41.2311,0.3628,1,1,144,1
143,3,0,1,1,1,1,0.9917,0.9902,0.9341,0.9219,940.0,351.5,831.0,355.0,895.0,388.5,875.5,376.5,109.0562,22.8965,0.21,1,1,144,1
144,3,0,0,1,1,1,0.9932,0.9888,0.9355,0.9106,632.5,299.0,513.5,302.5,572.5,298.0,540.0,287.0,119.0515,34.3111,0.2882,1,1,145,1
144,3,0,2,1,1,1,0.9849,0.9941,0.8774,0.9507,782.5,345.0,669.5,351.0,740.0,385.0,700.0,375.0,113.1592,41.2311,0.3644,1,1,145,1
144,3,0,1,1,1,1,0.9917,0.9902,0.9341,0.9224,940.0,351.5,831.0,355.5,895.0,389.0,875.5,376.5,109.0734,23.1625,0.2124,1,1,145,1
145,3,0,0,1,1,1,0.9932,0.9888,0.9351,0.9087,633.0,299.0,514.0,302.5,572.0,297.5,540.5,287.0,119.0515,33.2039,0.2789,1,1,146,1
145,3,0,2,1,1,1,0.9849,0.9941,0.8779,0.9502,782.5,344.5,669.5,350.5,740.5,386.5,699.5,375.0,113.1592,42.5823,0.3763,1,1,146,1
145,3,0,1,1,1,1,0.9917,0.9902,0.9346,0.9219,939.0,351.5,830.5,355.0,894.5,389.5,875.5,375.5,108.5564,23.6008,0.2174,1,1,146,1
146,3,0,0,1,1,1,0.9932,0.9888,0.9346,0.9087,633.0,299.0,514.0,302.5,572.0,297.5,540.5,287.5,119.0515,33.0492,0.2776,1,1,147,1
146,3,0,2,1,1,1,0.9849,0.9941,0.8784,0.9502,782.5,344.5,669.5,350.5,741.0,386.0,699.5,375.0,113.1592,42.9331,0.3794,1,1,147,1
146,3,0,1,1,1,1,0.9917,0.9902,0.9346,0.9224,939.0,351.5,830.5,355.0,894.5,389.5,875.5,376.0,108.5564,23.3077,0.2147,1,1,147,1
147,3,0,0,1,1,1,0.9932,0.9888,0.9346,0.9087,633.0,299.0,514.5,302.5,573.0,298.5,541.0,286.5,118.5517,34.176,0.2883,1,1,148,1
147,3,0,2,1,1,1,0.9854,0.9941,0.8794,0.9502,783.0,344.5,669.5,350.5,740.5,385.0,699.0,374.5,113.6585,42.8077,0.3766,1,1,148,1
147,3,0,1,1,1,1,0.9917,0.9902,0.9341,0.9214,939.0,351.5,831.0,354.5,894.5,389.0,874.5,379.5,108.0417,22.1416,0.2049,1,1,148,1
148,3,0,0,1,1,1,0.9932,0.9888,0.9346,0.9087,633.0,299.0,514.5,302.5,573.0,298.5,541.0,286.5,118.5517,34.176,0.2883,1,1,149,1
148,3,0,2,1,1,1,0.9873,0.9941,0.8862,0.9458,782.0,342.5,669.0,351.0,741.0,387.0,700.0,377.5,113.3192,42.0862,0.3714,1,1,149,1
148,3,0,1,1,1,1,0.9917,0.9902,0.9341,0.9219,939.0,351.5,831.0,354.5,894.5,389.0,874.5,379.5,108.0417,22.1416,0.2049,1,1,149,1
149,3,0,0,1,1,1,0.9932,0.9888,0.9355,0.9067,633.0,299.0,515.0,302.5,572.5,298.5,541.5,288.0,118.0519,32.73,0.2773,1,1,150,1
149,3,0,2,1,1,1,0.9854,0.9937,0.8818,0.9482,783.0,345.0,669.5,351.0,739.0,385.0,700.0,375.0,113.6585,40.2616,0.3542,1,1,150,1
149,3,0,1,1,1,1,0.9917,0.9902,0.9341,0.9219,939.0,352.0,830.5,355.0,894.5,389.5,875.0,377.5,108.5415,22.8965,0.2109,1,1,150,1
150,3,0,0,1,1,1,0.9927,0.9883,0.9336,0.9048,633.0,299.0,514.5,302.0,573.5,298.5,542.5,288.0,118.538,32.73,0.2761,1,1,151,1
150,3,0,2,1,1,1,0.9854,0.9937,0.8818,0.9473,783.0,345.0,669.5,350.5,739.0,385.5,699.5,377.0,113.6332,40.4042,0.3556,1,1,151,1
150,3,0,1,1,1,1,0.9917,0.9897,0.9351,0.9194,939.0,352.0,830.5,354.5,895.0,388.0,874.5,378.5,108.5288,22.5942,0.2082,1,1,151,1
151,3,0,0,1,1,1,0.9927,0.9883,0.9336,0.9043,633.5,299.0,514.5,302.0,573.5,299.0,542.5,288.0,119.0378,32.8938,0.2763,1,1,152,1
151,3,0,2,1,1,1,0.9854,0.9937,0.8818,0.9473,783.0,345.0,669.5,350.5,739.0,385.5,699.5,377.0,113.6332,40.4042,0.3556,1,1,152,1
151,3,0,1,1,1,1,0.9917,0.9897,0.9355,0.9199,939.0,352.0,830.0,355.0,895.0,388.5,874.5,378.5,109.0413,22.809,0.2092,1,1,152,1
152,3,0,0,1,1,1,0.9927,0.9883,0.9321,0.9053,634.0,299.0,515.0,302.0,573.0,298.0,543.0,288.5,119.0378,31.4682,0.2644,1,1,153,1
152,3,0,2,1,1,1,0.9849,0.9941,0.8755,0.9507,783.0,345.0,669.0,351.0,741.0,387.0,699.5,376.5,114.1578,42.8077,0.375,1,1,153,1
152,3,0,1,1,1,1,0.9917,0.9902,0.9331,0.9214,939.0,351.5,830.5,355.0,894.5,388.5,876.0,376.0,108.5564,22.3271,0.2057,1,1,153,1
153,3,0,0,1,1,1,0.9927,0.9883,0.9316,0.9053,634.0,299.0,515.0,302.0,573.0,298.0,543.0,288.5,119.0378,31.4682,0.2644,1,1,154,1
153,3,0,2,1,1,1,0.9849,0.9941,0.8755,0.9502,783.0,345.0,669.5,351.0,741.0,387.0,699.5,376.0,113.6585,42.9331,0.3777,1,1,154,1
153,3,0,1,1,1,1,0.9917,0.9902,0.9331,0.9209,939.0,351.5,830.5,354.5,894.5,388.5,876.0,376.0,108.5415,22.3271,0.2057,1,1,154,1
154,3,0,0,1,1,1,0.9927,0.9883,0.9312,0.9053,634.5,299.0,515.5,302.5,573.0,298.0,543.5,288.0,119.0515,31.1488,0.2616,1,1,155,1
154,3,0,2,1,1,1,0.9849,0.9937,0.876,0.9492,783.0,345.0,669.5,351.0,740.5,386.5,700.0,376.5,113.6585,41.7163,0.367,1,1,155,1
154,3,0,1,1,1,1,0.9917,0.9897,0.9341,0.9194,939.5,352.0,831.0,355.0,893.5,386.0,876.0,376.0,108.5415,20.1556,0.1857,1,1,155,1
155,3,0,0,1,1,1,0.9927,0.9883,0.9312,0.9048,634.5,299.0,515.5,302.5,573.0,298.0,543.5,288.0,119.0515,31.1488,0.2616,1,1,156,1
155,3,0,2,1,1,1,0.9849,0.9937,0.8765,0.9492,783.0,345.0,669.5,351.0,740.0,386.5,700.0,376.5,113.6585,41.2311,0.3628,1,1,156,1
155,3,0,1,1,1,1,0.9917,0.9897,0.9341,0.9194,939.5,351.5,831.0,355.0,894.0,386.0,876.0,376.0,108.5564,20.5913,0.1897,1,1,156,1
156,3,0,0,1,1,1,0.9927,0.9883,0.9336,0.9033,635.0,298.5,516.0,302.0,573.0,298.0,544.0,289.5,119.0515,30.22,0.2538,1,1,157,1
156,3,0,2,1,1,1,0.9854,0.9937,0.8799,0.9482,783.0,345.0,669.5,351.0,740.0,387.0,700.0,376.0,113.6585,41.4849,0.365,1,1,157,1
156,3,0,1,1,1,1,0.9917,0.9897,0.9351,0.9189,940.0,351.5,831.0,355.0,893.5,389.0,876.0,374.5,109.0562,22.7266,0.2084,1,1,157,1
157,3,0,0,1,1,1,0.9927,0.9883,0.9326,0.9043,635.0,298.5,516.5,302.0,574.0,297.5,543.0,289.5,118.5517,32.0156,0.2701,1,1,158,1
157,3,0,2,1,1,1,0.9854,0.9937,0.8809,0.9482,782.5,344.5,670.0,350.5,739.0,385.0,699.5,375.5,112.6599,40.6263,0.3606,1,1,158,1
157,3,0,1,1,1,1,0.9917,0.9897,0.9346,0.918,939.5,351.5,830.5,355.0,894.5,390.0,876.0,375.0,109.0562,23.817,0.2184,1,1,158,1
158,3,0,0,1,1,1,0.9927,0.9883,0.9326,0.9038,635.0,299.0,516.0,302.0,574.0,297.5,543.0,289.5,119.0378,32.0156,0.269,1,1,159,1
158,3,0,2,1,1,1,0.9854,0.9937,0.8809,0.9482,782.5,345.0,670.0,350.5,739.0,385.0,699.5,375.5,112.6344,40.6263,0.3607,1,1,159,1
158,3,0,1,1,1,1,0.9917,0.9897,0.9351,0.918,939.5,351.5,830.5,354.5,894.5,390.0,875.5,375.0,109.0413,24.2074,0.222,1,1,159,1
159,3,0,0,1,1,1,0.9927,0.9883,0.9316,0.9053,635.5,298.5,517.0,302.0,574.5,298.5,544.0,290.0,118.5517,31.6623,0.2671,1,1,160,1
159,3,0,2,1,1,1,0.9858,0.9937,0.8843,0.9473,782.5,344.5,670.0,350.0,740.0,386.5,699.5,377.0,112.6344,41.5993,0.3693,1,1,160,1
159,3,0,1,1,1,1,0.9917,0.9902,0.9341,0.9219,939.5,351.5,831.0,354.5,894.5,389.0,876.0,374.0,108.5415,23.817,0.2194,1,1,160,1
160,3,0,0,1,1,1,0.9927,0.9883,0.9316,0.9053,635.5,298.5,517.0,302.0,574.5,298.5,544.5,290.0,118.5517,31.1809,0.263,1,1,161,1
160,3,0,2,1,1,1,0.9858,0.9937,0.8843,0.9473,783.0,344.5,670.0,350.0,740.0,386.5,699.5,377.0,113.1338,41.5993,0.3677,1,1,161,1
160,3,0,1,1,1,1,0.9917,0.9902,0.9346,0.9214,939.5,351.5,831.0,354.5,894.5,389.0,876.0,374.0,108.5415,23.817,0.2194,1,1,161,1
161,3,0,0,1,1,1,0.9927,0.9888,0.9321,0.9067,635.5,298.5,517.0,302.0,575.0,297.5,544.5,290.0,118.5517,31.4086,0.2649,1,1,162,1
161,3,0,2,1,1,1,0.9854,0.9937,0.8804,0.9492,782.5,344.5,670.0,350.0,740.0,388.0,700.0,377.5,112.6344,41.3552,0.3672,1,1,162,1
161,3,0,1,1,1,1,0.9917,0.9902,0.9355,0.9204,940.0,351.0,831.0,354.5,894.0,389.5,876.5,373.5,109.0562,23.7118,0.2174,1,1,162,1
162,3,0,0,1,1,1,0.9927,0.9888,0.9321,0.9062,635.5,298.5,517.0,302.0,575.0,297.5,544.5,290.0,118.5517,31.4086,0.2649,1,1,163,1
162,3,0,2,1,1,1,0.9854,0.9937,0.8813,0.9487,782.5,344.5,670.0,350.5,740.0,388.0,700.0,377.5,112.6599,41.3552,0.3671,1,1,163,1
162,3,0,1,1,1,1,0.9917,0.9902,0.9355,0.9204,940.0,351.0,831.0,354.5,894.0,389.5,876.5,373.5,109.0562,23.7118,0.2174,1,1,163,1
163,3,0,0,1,1,1,0.9927,0.9883,0.9336,0.9028,636.0,298.5,517.5,301.5,574.5,297.5,546.0,289.5,118.538,29.6015,0.2497,1,1,164,1
163,3,0,2,1,1,1,0.9854,0.9937,0.8833,0.9468,783.0,345.0,670.0,350.5,739.5,384.5,699.5,376.0,113.1338,40.8932,0.3615,1,1,164,1
163,3,0,1,1,1,1,0.9917,0.9902,0.9341,0.9214,939.0,351.5,831.0,354.5,894.5,387.0,876.0,376.0,108.0417,21.5232,0.1992,1,1,164,1
164,3,0,0,1,1,1,0.9927,0.9878,0.9331,0.9028,636.0,298.0,517.5,301.0,574.0,297.0,546.0,288.5,118.538,29.2617,0.2469,1,1,165,1
164,3,0,2,1,1,1,0.9854,0.9937,0.8804,0.9468,782.5,345.0,670.0,350.5,739.0,385.0,700.0,376.0,112.6344,40.025,0.3554,1,1,165,1
164,3,0,1,1,1,1,0.9917,0.9897,0.9336,0.9199,939.0,351.5,831.0,354.5,895.0,387.5,874.5,380.5,108.0417,21.6622,0.2005,1,1,165,1
165,3,0,0,1,1,1,0.9927,0.9878,0.9331,0.9033,636.0,298.0,517.5,301.0,574.0,297.0,546.0,288.5,118.538,29.2617,0.2469,1,1,166,1
165,3,0,2,1,1,1,0.9854,0.9937,0.8809,0.9468,782.5,345.0,670.0,350.5,739.0,385.0,700.0,376.0,112.6344,40.025,0.3554,1,1,166,1
165,3,0,1,1,1,1,0.9917,0.9897,0.9341,0.9194,939.0,351.5,831.0,354.5,895.0,387.5,874.5,380.5,108.0417,21.6622,0.2005,1,1,166,1
166,3,0,0,1,1,1,0.9927,0.9883,0.9312,0.9062,636.5,298.5,518.0,301.0,574.0,297.0,546.5,291.0,118.5264,28.1469,0.2375,1,1,167,1
166,3,0,2,1,1,1,0.9849,0.9937,0.8794,0.9492,782.5,345.0,669.5,350.5,739.5,385.0,700.0,376.0,113.1338,40.5123,0.3581,1,1,167,1
166,3,0,1,1,1,1,0.9917,0.9897,0.9351,0.9194,939.5,352.0,831.0,355.0,895.0,387.0,874.0,378.0,108.5415,22.8473,0.2105,1,1,167,1
167,3,0,0,1,1,1,0.9927,0.9883,0.9307,0.9058,636.5,298.5,518.0,301.0,574.0,297.0,546.5,291.0,118.5264,28.1469,0.2375,1,1,168,1
167,3,0,2,1,1,1,0.9849,0.9937,0.8799,0.9487,782.5,345.0,669.5,350.5,740.0,385.0,700.0,376.0,113.1338,41.0,0.3624,1,1,168,1
167,3,0,1,1,1,1,0.9917,0.9897,0.9351,0.9194,939.5,352.0,831.0,355.0,895.0,387.0,874.0,378.0,108.5415,22.8473,0.2105,1,1,168,1
168,3,0,0,1,1,1,0.9927,0.9888,0.9307,0.9072,636.5,298.5,518.0,301.5,574.5,297.0,547.0,290.5,118.538,28.2577,0.2384,1,1,169,1
168,3,0,2,1,1,1,0.9854,0.9937,0.8828,0.9487,782.5,344.5,670.0,350.0,740.0,385.0,698.5,377.0,112.6344,42.2641,0.3752,1,1,169,1
168,3,0,1,1,1,1,0.9917,0.9897,0.9351,0.9199,939.0,351.5,831.0,354.5,894.5,386.5,874.5,377.0,108.0417,22.1416,0.2049,1,1,169,1
169,3,0,0,1,1,1,0.9927,0.9888,0.9307,0.9072,636.5,298.5,518.0,301.5,574.5,297.0,547.0,290.5,118.538,28.2577,0.2384,1,1,170,1
169,3,0,2,1,1,1,0.9854,0.9937,0.8828,0.9487,782.5,344.5,670.0,350.0,740.0,385.0,698.5,377.0,112.6344,42.2641,0.3752,1,1,170,1
169,3,0,1,1,1,1,0.9917,0.9897,0.9351,0.9199,939.0,351.5,831.0,354.5,894.5,386.5,874.5,377.0,108.0417,22.1416,0.2049,1,1,170,1
170,3,0,0,1,1,1,0.9922,0.9888,0.9282,0.9082,636.5,298.0,517.5,301.0,575.5,298.5,548.0,290.5,119.0378,28.64,0.2406,1,1,171,1
170,3,0,2,1,1,1,0.9854,0.9937,0.8813,0.9482,782.5,344.5,670.5,350.0,738.5,384.0,700.0,375.0,112.135,39.538,0.3526,1,1,171,1
170,3,0,1,1,1,1,0.9922,0.9902,0.936,0.9194,939.0,351.5,831.0,354.0,894.5,386.5,873.0,381.0,108.0289,22.1923,0.2054,1,1,171,1
171,3,0,0,1,1,1,0.9917,0.9868,0.939,0.9028,632.5,298.5,516.5,298.0,575.5,299.5,551.0,294.5,116.0011,25.005,0.2156,1,1,172,1
171,3,0,2,1,1,1,0.9854,0.9937,0.8813,0.9482,782.5,344.5,670.5,350.5,739.0,384.0,700.0,374.5,112.1606,40.1404,0.3579,1,1,172,1
171,3,0,1,1,1,1,0.9922,0.9902,0.936,0.9199,939.0,351.5,831.0,354.0,894.5,386.5,873.0,381.0,108.0289,22.1923,0.2054,1,1,172,1
172,3,0,0,1,1,1,0.9922,0.9888,0.9277,0.9092,636.5,298.5,517.5,301.0,576.0,298.5,548.0,290.5,119.0263,29.1204,0.2447,1,1,173,1
172,3,0,2,1,1,1,0.9854,0.9937,0.8813,0.9487,783.0,344.5,670.0,350.5,739.0,384.0,700.0,375.5,113.1592,39.9155,0.3527,1,1,173,1
172,3,0,1,1,1,1,0.9922,0.9897,0.9365,0.9189,939.0,351.5,831.5,354.5,894.0,385.0,874.0,377.5,107.5419,21.36,0.1986,1,1,173,1
173,3,0,0,1,1,1,0.9917,0.9868,0.9385,0.9038,632.0,298.5,516.5,298.0,576.0,299.0,551.0,294.5,115.5011,25.4018,0.2199,1,1,174,1
173,3,0,2,1,1,1,0.9854,0.9937,0.8818,0.9487,783.0,344.5,670.0,350.5,739.5,384.0,700.0,375.5,113.1592,40.4042,0.3571,1,1,174,1
173,3,0,1,1,1,1,0.9922,0.9897,0.9365,0.9189,939.0,351.5,831.5,354.5,894.0,385.0,874.0,377.5,107.5419,21.36,0.1986,1,1,174,1
174,3,0,0,1,1,1,0.9927,0.9883,0.9297,0.9058,637.0,299.0,518.5,301.0,576.0,298.0,547.5,291.0,118.5169,29.3471,0.2476,1,1,175,1
174,3,0,2,1,1,1,0.9854,0.9937,0.8818,0.9468,783.0,345.0,670.5,350.5,740.0,385.0,701.0,375.5,112.6344,40.1404,0.3564,1,1,175,1
174,3,0,1,1,1,1,0.9922,0.9897,0.9365,0.9194,939.0,351.5,831.0,354.5,895.5,386.5,875.0,377.0,108.0417,22.5942,0.2091,1,1,175,1
175,3,0,0,1,1,1,0.9917,0.9863,0.9409,0.8989,633.0,299.0,517.5,297.5,575.5,298.5,550.5,296.0,115.5097,25.1247,0.2175,1,1,176,1
175,3,0,2,1,1,1,0.9858,0.9932,0.8867,0.9468,783.5,345.0,670.5,350.0,740.0,383.5,699.5,376.0,113.1106,41.1886,0.3641,1,1,176,1
175,3,0,1,1,1,1,0.9917,0.9897,0.9346,0.9199,939.0,351.5,831.5,354.5,894.5,385.5,875.0,376.0,107.5419,21.691,0.2017,1,1,176,1
176,3,0,0,1,1,1,0.9917,0.9863,0.9404,0.8994,633.0,299.0,517.5,297.5,575.0,298.5,550.5,296.0,115.5097,24.6272,0.2132,1,1,177,1
176,3,0,2,1,1,1,0.9858,0.9932,0.8872,0.9463,783.5,345.0,670.5,350.0,740.0,383.5,699.5,376.0,113.1106,41.1886,0.3641,1,1,177,1
176,3,0,1,1,1,1,0.9917,0.9897,0.9346,0.9194,939.0,351.5,831.5,354.5,894.5,385.5,875.0,376.0,107.5419,21.691,0.2017,1,1,177,1
177,3,0,0,1,1,1,0.9917,0.9858,0.9414,0.8975,633.0,299.0,517.5,298.0,574.5,298.0,551.0,294.5,115.5043,23.7592,0.2057,1,1,178,1
177,3,0,2,1,1,1,0.9868,0.9932,0.8936,0.9434,783.0,345.0,670.5,349.5,738.5,383.5,700.5,377.0,112.59,38.5519,0.3424,1,1,178,1
177,3,0,1,1,1,1,0.9912,0.9902,0.9316,0.9209,939.0,351.0,831.5,354.5,895.0,387.5,876.0,376.0,107.557,22.2092,0.2065,1,1,178,1
178,3,0,0,1,1,1,0.9917,0.9858,0.9419,0.8975,633.0,299.0,517.5,297.5,575.0,298.0,550.5,294.5,115.5097,24.7487,0.2143,1,1,179,1
178,3,0,2,1,1,1,0.9868,0.9932,0.8931,0.9438,783.0,345.0,670.5,349.5,738.5,383.5,700.5,377.0,112.59,38.5519,0.3424,1,1,179,1
178,3,0,1,1,1,1,0.9912,0.9902,0.9316,0.9209,939.0,351.0,831.5,354.0,895.0,387.5,876.0,376.0,107.5419,22.2092,0.2065,1,1,179,1
179,3,0,0,1,1,1,0.9917,0.9858,0.9414,0.8984,633.0,298.5,518.0,298.0,575.0,298.5,551.5,293.5,115.0011,24.026,0.2089,1,1,180,1
179,3,0,2,1,1,1,0.9863,0.9927,0.8921,0.9424,783.5,345.0,670.5,350.0,738.5,384.0,700.0,376.5,113.1106,39.2237,0.3468,1,1,180,1
179,3,0,1,1,1,1,0.9917,0.9897,0.9341,0.9204,939.5,350.5,832.0,354.0,895.0,383.0,876.0,376.0,107.557,20.2485,0.1883,1,1,180,1
180,3,0,0,1,1,1,0.9917,0.9858,0.9409,0.8979,633.0,298.5,517.5,297.5,575.0,298.5,551.5,293.5,115.5043,24.026,0.208,1,1,181,1
180,3,0,2,1,1,1,0.9863,0.9927,0.8921,0.9424,783.5,345.0,670.5,350.0,738.5,384.0,700.0,377.0,113.1106,39.1312,0.346,1,1,181,1
180,3,0,1,1,1,1,0.9917,0.9897,0.9341,0.9204,939.5,350.5,832.0,354.0,895.0,383.0,876.0,376.0,107.557,20.2485,0.1883,1,1,181,1
181,3,0,0,1,1,1,0.9917,0.9863,0.9424,0.9009,633.0,298.5,517.0,297.5,576.0,299.0,552.0,295.0,116.0043,24.3311,0.2097,1,1,182,1
181,3,0,2,1,1,1,0.9868,0.9927,0.8945,0.9424,783.0,345.0,670.0,350.0,738.5,385.5,700.5,377.5,113.1106,38.833,0.3433,1,1,182,1
181,3,0,1,1,1,1,0.9917,0.9902,0.9326,0.9214,939.5,351.0,831.5,354.5,894.0,384.0,876.0,373.0,108.0567,21.095,0.1952,1,1,182,1
182,3,0,0,1,1,1,0.9917,0.9863,0.9424,0.9019,632.5,298.5,517.5,297.5,576.0,299.0,551.5,295.5,115.0043,24.7487,0.2152,1,1,183,1
182,3,0,2,1,1,1,0.9868,0.9927,0.894,0.9424,783.0,345.0,670.0,350.0,738.5,385.5,700.0,377.5,113.1106,39.3224,0.3476,1,1,183,1
182,3,0,1,1,1,1,0.9917,0.9902,0.9326,0.9209,939.5,351.0,831.5,355.0,894.0,384.5,876.0,373.0,108.074,21.36,0.1976,1,1,183,1
183,3,0,0,1,1,1,0.9927,0.9878,0.9326,0.9023,637.5,298.5,518.5,300.5,575.5,298.0,548.5,292.0,119.0168,27.6586,0.2324,1,1,184,1
183,3,0,2,1,1,1,0.9868,0.9927,0.895,0.9424,783.5,345.0,670.5,349.5,737.5,382.0,701.0,376.0,113.0896,36.9899,0.3271,1,1,184,1
183,3,0,1,1,1,1,0.9917,0.9897,0.9336,0.9194,940.0,351.0,831.5,354.5,895.0,386.0,876.5,374.5,108.5564,21.783,0.2007,1,1,184,1
184,3,0,0,1,1,1,0.9927,0.9878,0.9326,0.9023,638.0,298.5,518.5,300.5,575.5,297.5,548.0,292.0,119.5167,28.0446,0.2347,1,1,185,1
184,3,0,2,1,1,1,0.9868,0.9927,0.895,0.9424,783.5,344.5,670.5,349.5,737.5,382.0,701.0,376.0,113.1106,36.9899,0.327,1,1,185,1
184,3,0,1,1,1,1,0.9917,0.9902,0.9336,0.9194,940.0,351.0,831.5,355.0,895.0,386.5,876.5,374.5,108.5737,22.0511,0.2031,1,1,185,1
185,3,0,0,1,1,1,0.9917,0.9858,0.9419,0.8979,633.5,298.5,517.5,298.0,575.0,298.5,551.0,294.5,116.0011,24.3311,0.2097,1,1,186,1
185,3,0,2,1,1,1,0.9868,0.9927,0.894,0.9429,783.0,344.5,670.5,349.0,739.0,384.0,700.5,377.0,112.59,39.1312,0.3476,1,1,186,1
185,3,0,1,1,1,1,0.9917,0.9897,0.9341,0.9189,940.0,351.5,832.0,354.5,893.5,383.0,876.5,375.0,108.0417,18.7883,0.1739,1,1,186,1
186,3,0,0,1,1,1,0.9917,0.9863,0.9414,0.8989,633.0,299.0,517.5,297.5,576.5,299.0,551.0,295.5,115.5097,25.7391,0.2228,1,1,187,1
186,3,0,2,1,1,1,0.9863,0.9927,0.8921,0.9424,783.5,344.5,670.5,349.0,738.5,383.0,700.5,377.0,113.0896,38.4708,0.3402,1,1,187,1
186,3,0,1,1,1,1,0.9917,0.9897,0.9331,0.9194,940.0,351.5,831.5,354.5,895.5,384.0,877.0,375.5,108.5415,20.3593,0.1876,1,1,187,1
187,3,0,0,1,1,1,0.9917,0.9863,0.9414,0.8989,633.0,299.0,517.5,297.5,576.5,299.0,551.0,295.5,115.5097,25.7391,0.2228,1,1,188,1
187,3,0,2,1,1,1,0.9863,0.9927,0.8921,0.9424,783.5,344.5,670.5,349.0,738.5,382.5,700.5,377.0,113.0896,38.396,0.3395,1,1,188,1
187,3,0,1,1,1,1,0.9917,0.9897,0.9336,0.9194,940.0,351.5,831.5,354.5,895.5,384.0,877.0,375.5,108.5415,20.3593,0.1876,1,1,188,1
188,3,0,0,1,1,1,0.9922,0.9858,0.9443,0.8979,633.0,299.0,518.0,297.5,576.5,299.0,550.5,297.0,115.0098,26.0768,0.2267,1,1,189,1
188,3,0,2,1,1,1,0.9868,0.9927,0.8931,0.9424,783.5,345.0,670.5,350.0,739.0,384.0,700.5,377.0,113.1106,39.1312,0.346,1,1,189,1
188,3,0,1,1,1,1,0.9917,0.9902,0.9326,0.9204,941.0,352.0,832.0,355.0,896.0,387.0,877.0,375.0,109.0413,22.4722,0.2061,1,1,189,1
189,3,0,0,1,1,1,0.9922,0.9858,0.9443,0.8975,633.0,299.0,518.0,297.5,576.5,299.0,550.5,297.0,115.0098,26.0768,0.2267,1,1,190,1
189,3,0,2,1,1,1,0.9868,0.9927,0.8936,0.9424,783.5,345.0,670.5,350.0,739.0,384.0,700.5,377.0,113.1106,39.1312,0.346,1,1,190,1
189,3,0,1,1,1,1,0.9917,0.9902,0.9326,0.9209,941.0,352.0,832.0,355.0,896.0,387.0,877.0,375.0,109.0413,22.4722,0.2061,1,1,190,1
190,3,0,0,1,1,1,0.9927,0.9878,0.9341,0.8989,637.5,299.0,518.0,300.5,576.0,297.5,547.5,292.5,119.5094,28.9353,0.2421,1,1,191,1
190,3,0,2,1,1,1,0.9868,0.9927,0.8965,0.9419,783.0,344.5,670.5,349.5,739.5,384.5,700.5,377.0,112.6111,39.7146,0.3527,1,1,191,1
190,3,0,1,1,1,1,0.9917,0.9897,0.9331,0.9199,940.0,351.5,832.0,354.5,896.0,387.0,878.5,373.0,108.0417,22.4109,0.2074,1,1,191,1
191,3,0,0,1,1,1,0.9917,0.9858,0.9424,0.8965,633.0,298.5,517.5,297.5,576.0,299.0,550.5,297.0,115.5043,25.5783,0.2214,1,1,192,1
191,3,0,2,1,1,1,0.9873,0.9927,0.897,0.9419,783.0,345.0,670.5,349.5,739.5,385.0,701.0,377.5,112.59,39.2237,0.3484,1,1,192,1
191,3,0,1,1,1,1,0.9917,0.9902,0.9331,0.9204,940.0,351.5,832.0,354.5,896.0,387.0,878.5,373.5,108.0417,22.102,0.2046,1,1,192,1
192,3,0,0,1,1,1,0.9917,0.9858,0.9409,0.8955,633.5,299.5,517.5,297.5,576.0,298.5,551.5,296.0,116.0172,24.6272,0.2123,1,1,193,1
192,3,0,2,1,1,1,0.9868,0.9927,0.8936,0.9429,783.0,345.0,670.5,350.0,739.5,385.0,700.5,377.0,112.6111,39.8121,0.3535,1,1,193,1
192,3,0,1,1,1,1,0.9917,0.9897,0.9341,0.9194,940.0,351.5,831.5,354.5,897.0,387.5,878.5,374.0,108.5415,22.902,0.211,1,1,193,1
193,3,0,0,1,1,1,0.9932,0.9878,0.9346,0.8994,637.5,298.5,518.0,300.0,575.5,297.0,548.0,292.0,119.5094,27.9508,0.2339,1,1,194,1
193,3,0,2,1,1,1,0.9873,0.9922,0.8975,0.9395,783.0,345.0,670.5,349.5,737.5,384.0,700.5,377.5,112.59,37.5666,0.3337,1,1,194,1
193,3,0,1,1,1,1,0.9917,0.9897,0.9341,0.9185,940.0,351.5,832.0,354.0,897.0,387.0,878.5,375.5,108.0289,21.783,0.2016,1,1,194,1
194,3,0,0,1,1,1,0.9922,0.9858,0.9434,0.897,633.5,298.5,517.5,297.0,575.5,299.0,550.5,296.0,116.0097,25.1794,0.217,1,1,195,1
194,3,0,2,1,1,1,0.9873,0.9922,0.8975,0.9395,783.0,345.0,670.5,349.5,738.0,384.0,700.0,377.0,112.59,38.6394,0.3432,1,1,195,1
194,3,0,1,1,1,1,0.9917,0.9897,0.9341,0.918,940.0,351.5,832.0,354.0,897.0,387.5,878.0,376.0,108.0289,22.2092,0.2056,1,1,195,1
195,3,0,0,1,1,1,0.9922,0.9858,0.9424,0.897,633.0,299.0,516.5,298.0,575.5,299.0,550.0,296.0,116.5043,25.6759,0.2204,1,1,196,1
195,3,0,2,1,1,1,0.9873,0.9927,0.8989,0.9409,783.5,345.0,670.5,350.5,738.5,384.0,700.5,375.0,113.1338,39.0512,0.3452,1,1,196,1
195,3,0,1,1,1,1,0.9917,0.9897,0.9346,0.9185,940.0,351.5,832.0,354.5,897.0,387.0,878.5,376.0,108.0417,21.5232,0.1992,1,1,196,1
196,3,0,0,1,1,1,0.9922,0.9858,0.9424,0.8965,633.0,299.0,516.5,298.0,575.5,299.0,550.0,296.0,116.5043,25.6759,0.2204,1,1,197,1
196,3,0,2,1,1,1,0.9873,0.9927,0.8989,0.9409,783.5,345.0,670.5,350.0,738.5,384.0,700.5,375.0,113.1106,39.0512,0.3452,1,1,197,1
196,3,0,1,1,1,1,0.9917,0.9897,0.9346,0.9189,940.0,351.5,832.0,354.5,897.0,387.0,878.5,376.0,108.0417,21.5232,0.1992,1,1,197,1
197,3,0,0,1,1,1,0.9922,0.9858,0.9434,0.8979,632.5,298.5,517.0,297.5,575.0,298.0,550.0,296.0,115.5043,25.0799,0.2171,1,1,198,1
197,3,0,2,1,1,1,0.9873,0.9922,0.9004,0.9395,783.5,344.5,670.0,350.0,738.5,384.0,699.5,377.0,113.6332,39.6232,0.3487,1,1,198,1
197,3,0,1,1,1,1,0.9917,0.9897,0.9331,0.9194,940.0,351.5,832.5,355.0,897.5,388.5,880.0,373.0,107.557,23.3773,0.2173,1,1,198,1
198,3,0,0,1,1,1,0.9922,0.9858,0.9434,0.8975,632.5,298.5,517.0,297.5,575.0,298.0,550.0,296.0,115.5043,25.0799,0.2171,1,1,199,1
198,3,0,2,1,1,1,0.9873,0.9922,0.9004,0.939,783.5,345.0,670.0,350.0,738.5,384.0,699.5,377.0,113.6101,39.6232,0.3488,1,1,199,1
198,3,0,1,1,1,1,0.9917,0.9897,0.9336,0.9194,940.5,351.0,832.5,355.0,897.5,388.5,880.0,373.5,108.074,23.0489,0.2133,1,1,199,1
199,3,0,0,1,1,1,0.9922,0.9854,0.9438,0.894,632.5,299.0,517.0,298.0,574.0,298.0,549.5,297.0,115.5043,24.5204,0.2123,1,1,200,1
199,3,0,2,1,1,1,0.9868,0.9927,0.8965,0.9424,783.0,344.5,670.0,350.0,739.5,384.0,700.0,376.0,113.1338,40.302,0.3562,1,1,200,1
199,3,0,1,1,1,1,0.9912,0.9897,0.9326,0.9194,940.0,351.0,832.0,355.0,898.0,390.5,879.5,374.5,108.074,24.4591,0.2263,1,1,200,1
200,3,0,0,1,1,1,0.9932,0.9878,0.9355,0.9019,637.0,298.5,517.0,301.0,574.0,296.5,545.5,292.5,120.026,28.7793,0.2398,1,1,201,1
200,3,0,2,1,1,1,0.9868,0.9927,0.8965,0.9414,783.0,345.0,669.5,350.0,738.0,383.5,701.0,377.0,113.6101,37.5666,0.3307,1,1,201,1
200,3,0,1,1,1,1,0.9912,0.9897,0.9326,0.9199,940.0,351.5,832.0,354.5,897.0,387.0,878.5,375.5,108.0417,21.783,0.2016,1,1,201,1
201,3,0,0,1,1,1,0.9932,0.9878,0.936,0.9019,637.0,298.5,517.0,301.5,574.0,296.5,545.0,292.5,120.0375,29.2746,0.2439,1,1,202,1
201,3,0,2,1,1,1,0.9868,0.9927,0.896,0.9419,783.0,345.0,669.5,350.0,738.5,383.5,701.0,377.0,113.6101,38.0592,0.335,1,1,202,1
201,3,0,1,1,1,1,0.9917,0.9897,0.9326,0.9199,940.0,351.5,832.0,354.5,897.5,387.0,878.5,375.5,108.0417,22.2092,0.2056,1,1,202,1
202,3,0,0,1,1,1,0.9922,0.9858,0.9429,0.897,632.5,298.5,516.0,298.5,574.0,297.5,548.5,296.5,116.5,25.5196,0.2191,1,1,203,1
202,3,0,2,1,1,1,0.9873,0.9927,0.8989,0.9404,783.0,345.5,670.0,350.5,740.0,385.5,700.5,376.5,113.1106,40.5123,0.3582,1,1,203,1
202,3,0,1,1,1,1,0.9917,0.9897,0.9326,0.9199,940.0,351.0,832.0,354.5,897.5,389.0,879.0,374.5,108.0567,23.5053,0.2175,1,1,203,1
203,3,0,0,1,1,1,0.9922,0.9858,0.9434,0.8975,632.5,299.0,516.5,298.5,574.0,297.5,549.0,296.5,116.0011,25.02,0.2157,1,1,204,1
203,3,0,2,1,1,1,0.9873,0.9927,0.8989,0.9399,783.0,345.5,670.0,350.5,739.5,385.5,700.5,376.5,113.1106,40.025,0.3539,1,1,204,1
203,3,0,1,1,1,1,0.9917,0.9902,0.9326,0.9204,940.0,351.0,832.0,354.5,897.5,390.0,879.0,374.5,108.0567,24.135,0.2234,1,1,204,1
204,3,0,0,1,1,1,0.9922,0.9858,0.9443,0.8975,632.0,299.0,516.5,299.0,573.5,297.0,548.0,296.0,115.5,25.5196,0.2209,1,1,205,1
204,3,0,2,1,1,1,0.9878,0.9922,0.9023,0.9395,783.5,345.0,670.5,350.0,739.5,385.5,700.5,376.0,113.1106,40.1404,0.3549,1,1,205,1
204,3,0,1,1,1,1,0.9912,0.9897,0.9326,0.9194,940.5,351.0,832.5,354.0,898.0,388.5,879.5,376.0,108.0417,22.3271,0.2067,1,1,205,1
205,3,0,0,1,1,1,0.9932,0.9878,0.9375,0.9014,637.0,298.5,517.5,301.5,574.0,296.0,545.0,292.0,119.5377,29.2746,0.2449,1,1,206,1
205,3,0,2,1,1,1,0.9878,0.9922,0.9028,0.9395,783.5,345.0,670.5,350.0,739.5,385.5,700.5,376.0,113.1106,40.1404,0.3549,1,1,206,1
205,3,0,1,1,1,1,0.9912,0.9897,0.9326,0.9194,940.5,351.0,832.5,354.0,898.0,388.5,879.5,376.0,108.0417,22.3271,0.2067,1,1,206,1
206,3,0,0,1,1,1,0.9932,0.9883,0.9351,0.9028,637.0,298.5,517.0,302.0,573.5,296.0,545.5,292.0,120.051,28.2843,0.2356,1,1,207,1
206,3,0,2,1,1,1,0.9893,0.9927,0.9072,0.936,783.0,342.5,669.5,350.5,740.0,387.5,700.0,380.0,113.7816,40.6971,0.3577,1,1,207,1
206,3,0,1,1,1,1,0.9917,0.9902,0.9336,0.9209,940.0,350.5,832.5,354.0,898.0,389.0,880.0,374.0,107.557,23.4307,0.2178,1,1,207,1
207,3,0,0,1,1,1,0.9932,0.9883,0.9355,0.9033,637.0,298.5,517.0,302.0,573.5,296.0,545.5,292.0,120.051,28.2843,0.2356,1,1,208,1
207,3,0,2,1,1,1,0.9873,0.9927,0.8994,0.9409,783.5,345.0,670.0,350.0,739.5,385.5,699.5,377.0,113.6101,40.8932,0.3599,1,1,208,1
207,3,0,1,1,1,1,0.9917,0.9902,0.9336,0.9209,940.5,350.5,832.5,354.0,898.0,389.5,880.0,374.0,108.0567,23.7539,0.2198,1,1,208,1
208,3,0,0,1,1,1,0.9932,0.9878,0.9365,0.9009,636.5,299.0,516.5,302.0,572.5,295.0,545.0,292.0,120.0375,27.6632,0.2305,1,1,209,1
208,3,0,2,1,1,1,0.9873,0.9927,0.8975,0.9419,783.0,344.5,670.0,350.0,739.0,385.5,699.0,378.0,113.1338,40.6971,0.3597,1,1,209,1
208,3,0,1,1,1,1,0.9917,0.9897,0.9351,0.9194,941.0,350.5,832.0,354.0,898.5,391.0,879.0,377.0,109.0562,24.0052,0.2201,1,1,209,1
209,3,0,0,1,1,1,0.9922,0.9854,0.9434,0.8926,632.0,299.5,516.0,299.0,572.5,296.5,548.0,296.5,116.0011,24.5,0.2112,1,1,210,1
209,3,0,2,1,1,1,0.9873,0.9927,0.8979,0.9419,783.0,344.5,670.0,350.0,739.0,385.5,699.0,378.0,113.1338,40.6971,0.3597,1,1,210,1
209,3,0,1,1,1,1,0.9917,0.9897,0.9351,0.9194,940.5,350.5,832.0,354.0,898.5,391.0,879.0,377.0,108.5564,24.0052,0.2211,1,1,210,1
210,3,0,0,1,1,1,0.9937,0.9873,0.9395,0.8994,636.5,299.0,517.0,302.0,572.5,295.0,544.5,290.5,119.5377,28.3593,0.2372,1,1,211,1
210,3,0,2,1,1,1,0.9883,0.9922,0.9058,0.938,783.0,345.0,670.0,350.0,738.5,385.5,699.0,376.5,113.1106,40.5123,0.3582,1,1,211,1
210,3,0,1,1,1,1,0.9912,0.9902,0.9316,0.9214,940.5,351.0,832.0,354.0,899.0,389.0,880.0,376.0,108.5415,23.0217,0.2121,1,1,211,1
211,3,0,0,1,1,1,0.9922,0.9854,0.9453,0.894,631.5,299.0,516.0,299.0,572.5,295.5,548.0,294.0,115.5,24.5459,0.2125,1,1,212,1
211,3,0,2,1,1,1,0.9878,0.9927,0.9009,0.9404,783.0,344.5,670.0,350.0,740.0,386.0,699.0,376.5,113.1338,42.0862,0.372,1,1,212,1
211,3,0,1,1,1,1,0.9917,0.9902,0.9326,0.9199,940.0,351.0,832.5,354.0,898.0,391.5,880.0,375.5,107.5419,24.0832,0.2239,1,1,212,1
212,3,0,0,1,1,1,0.9922,0.9854,0.9458,0.8945,631.5,299.0,516.0,299.0,572.5,295.5,548.0,294.0,115.5,24.5459,0.2125,1,1,213,1
212,3,0,2,1,1,1,0.9878,0.9927,0.9009,0.9404,783.0,344.5,670.0,350.0,739.5,386.0,699.0,376.5,113.1338,41.5993,0.3677,1,1,213,1
212,3,0,1,1,1,1,0.9917,0.9902,0.9326,0.9199,940.0,351.0,832.5,354.0,898.0,391.5,879.5,375.5,107.5419,24.4591,0.2274,1,1,213,1
213,3,0,0,1,1,1,0.9932,0.9878,0.938,0.9028,635.5,299.0,517.0,301.5,573.5,295.0,544.5,289.5,118.5264,29.5169,0.249,1,1,214,1
213,3,0,2,1,1,1,0.9893,0.9927,0.9058,0.9375,782.5,343.5,669.0,351.0,740.5,388.0,699.5,379.0,113.7475,41.9762,0.369,1,1,214,1
213,3,0,1,1,1,1,0.9917,0.9897,0.9341,0.9194,940.5,351.0,832.0,354.5,897.0,389.0,880.0,375.5,108.5564,21.7083,0.2,1,1,214,1
214,3,0,0,1,1,1,0.9932,0.9878,0.938,0.9028,636.0,299.0,516.5,301.5,573.5,295.0,544.5,289.5,119.5261,29.5169,0.2469,1,1,215,1
214,3,0,2,1,1,1,0.9893,0.9927,0.9067,0.9375,782.5,343.5,669.0,351.0,740.0,388.0,699.5,378.5,113.7475,41.5993,0.3657,1,1,215,1
214,3,0,1,1,1,1,0.9917,0.9897,0.9336,0.9189,940.5,351.5,832.0,354.5,896.5,389.0,880.0,375.5,108.5415,21.319,0.1964,1,1,215,1
215,3,0,0,1,1,1,0.9932,0.9878,0.937,0.9023,636.0,298.5,516.5,302.0,573.0,296.0,544.0,288.0,119.5512,30.0832,0.2516,1,1,216,1
215,3,0,2,1,1,1,0.9893,0.9927,0.9058,0.9355,783.0,343.0,669.0,351.0,740.5,389.5,700.0,379.0,114.2804,41.839,0.3661,1,1,216,1
215,3,0,1,1,1,1,0.9917,0.9897,0.9326,0.9189,941.0,351.0,833.0,354.0,897.0,390.0,879.5,376.5,108.0417,22.102,0.2046,1,1,216,1
216,3,0,0,1,1,1,0.9932,0.9878,0.937,0.9019,636.0,299.0,516.5,302.0,573.0,296.0,544.0,288.0,119.5377,30.0832,0.2517,1,1,217,1
216,3,0,2,1,1,1,0.9893,0.9927,0.9058,0.9355,783.0,343.0,669.0,351.0,740.5,389.5,700.0,379.0,114.2804,41.839,0.3661,1,1,217,1
216,3,0,1,1,1,1,0.9917,0.9897,0.9321,0.9185,941.0,351.0,833.0,354.0,897.0,390.0,879.5,376.5,108.0417,22.102,0.2046,1,1,217,1
217,3,0,0,1,1,1,0.9937,0.9878,0.9395,0.9009,635.5,299.0,516.5,301.5,573.5,296.5,544.0,289.5,119.0263,30.3191,0.2547,1,1,218,1
217,3,0,2,1,1,1,0.9883,0.9922,0.9033,0.9395,783.0,345.0,669.0,350.5,740.0,388.0,699.5,376.5,114.1326,42.1011,0.3689,1,1,218,1
217,3,0,1,1,1,1,0.9917,0.9897,0.9346,0.9175,940.5,351.5,832.5,354.5,897.0,388.5,879.5,376.0,108.0417,21.5058,0.1991,1,1,218,1
218,3,0,0,1,1,1,0.9937,0.9878,0.9399,0.9014,635.5,299.0,516.5,301.5,574.0,296.5,544.0,289.5,119.0263,30.8058,0.2588,1,1,219,1
218,3,0,2,1,1,1,0.9883,0.9922,0.9028,0.9395,783.0,345.0,669.0,350.5,739.5,388.0,699.5,376.5,114.1326,41.6203,0.3647,1,1,219,1
218,3,0,1,1,1,1,0.9917,0.9897,0.9346,0.9175,940.5,351.5,832.5,354.0,896.5,388.5,879.5,375.5,108.0289,21.4009,0.1981,1,1,219,1
219,3,0,0,1,1,1,0.9932,0.9878,0.939,0.9014,635.5,298.5,517.0,301.0,573.0,296.5,544.0,290.5,118.5264,29.6142,0.2499,1,1,220,1
219,3,0,2,1,1,1,0.9873,0.9922,0.8999,0.9395,783.0,345.0,669.0,350.5,740.0,385.5,699.0,376.5,114.1326,41.9762,0.3678,1,1,220,1
219,3,0,1,1,1,1,0.9917,0.9897,0.9351,0.9185,940.5,352.0,833.0,354.5,897.0,389.0,880.5,375.0,107.5291,21.6391,0.2012,1,1,220,1
220,3,0,0,1,1,1,0.9932,0.9878,0.939,0.9019,635.5,298.5,517.0,301.0,573.0,296.5,544.0,290.5,118.5264,29.6142,0.2499,1,1,221,1
220,3,0,2,1,1,1,0.9878,0.9922,0.9004,0.9395,783.0,345.0,669.0,350.5,740.0,385.5,699.5,376.5,114.1326,41.488,0.3635,1,1,221,1
220,3,0,1,1,1,1,0.9917,0.9897,0.9346,0.9185,940.5,352.0,833.0,354.5,897.0,389.0,880.5,375.0,107.5291,21.6391,0.2012,1,1,221,1
221,3,0,0,1,1,1,0.9932,0.9878,0.9375,0.9019,635.0,299.0,516.5,302.0,573.5,296.5,544.0,289.0,118.538,30.4385,0.2568,1,1,222,1
221,3,0,2,1,1,1,0.9873,0.9927,0.8984,0.9399,783.0,345.5,669.0,351.0,740.0,385.0,698.5,376.5,114.1326,42.3615,0.3712,1,1,222,1
221,3,0,1,1,1,1,0.9917,0.9897,0.9351,0.917,941.0,352.0,832.5,354.5,897.0,389.0,880.0,376.5,108.5288,21.1009,0.1944,1,1,222,1
222,3,0,0,1,1,1,0.9932,0.9878,0.938,0.9033,635.0,298.5,516.5,302.0,574.5,297.5,543.5,289.0,118.5517,32.1442,0.2711,1,1,223,1
222,3,0,2,1,1,1,0.9878,0.9922,0.9014,0.9385,783.0,345.0,669.0,350.5,738.5,384.0,699.0,377.0,114.1326,40.1155,0.3515,1,1,223,1
222,3,0,1,1,1,1,0.9917,0.9897,0.9351,0.9175,940.5,352.0,832.0,354.5,898.0,389.0,880.0,375.0,108.5288,22.8035,0.2101,1,1,223,1
223,3,0,0,1,1,1,0.9932,0.9878,0.938,0.9028,635.0,298.5,516.5,302.0,574.5,297.5,543.5,289.0,118.5517,32.1442,0.2711,1,1,224,1
223,3,0,2,1,1,1,0.9878,0.9922,0.9014,0.939,783.0,345.5,669.0,350.5,738.5,384.0,699.0,377.0,114.1096,40.1155,0.3516,1,1,224,1
223,3,0,1,1,1,1,0.9917,0.9897,0.9351,0.918,940.5,352.0,832.0,354.5,898.0,389.0,880.0,375.0,108.5288,22.8035,0.2101,1,1,224,1
224,3,0,0,1,1,1,0.9932,0.9883,0.9365,0.9043,635.0,299.0,516.0,302.0,574.0,297.5,543.5,289.5,119.0378,31.5317,0.2649,1,1,225,1
224,3,0,2,1,1,1,0.9873,0.9927,0.8989,0.9399,783.0,345.0,669.0,351.0,739.5,385.0,698.0,376.5,114.1578,42.3615,0.3711,1,1,225,1
224,3,0,1,1,1,1,0.9917,0.9897,0.936,0.9189,940.5,351.5,832.5,354.5,897.0,389.5,880.0,374.5,108.0417,22.6716,0.2098,1,1,225,1
225,3,0,0,1,1,1,0.9932,0.9883,0.9365,0.9048,635.0,299.0,516.0,302.0,574.0,297.5,543.5,289.5,119.0378,31.5317,0.2649,1,1,226,1
225,3,0,2,1,1,1,0.9873,0.9927,0.8984,0.9399,783.0,345.5,669.0,351.0,739.5,385.0,698.0,376.5,114.1326,42.3615,0.3712,1,1,226,1
225,3,0,1,1,1,1,0.9917,0.9897,0.936,0.9189,940.5,351.5,832.5,354.5,897.5,389.5,880.0,374.5,108.0417,23.0489,0.2133,1,1,226,1
226,3,0,0,1,1,1,0.9932,0.9883,0.9355,0.9028,635.0,299.0,516.0,302.0,573.5,297.0,544.0,289.0,119.0378,30.5655,0.2568,1,1,227,1
226,3,0,2,1,1,1,0.9893,0.9922,0.9038,0.9346,782.5,343.0,668.5,351.0,740.0,386.5,699.5,380.0,114.2804,41.0183,0.3589,1,1,227,1
226,3,0,1,1,1,1,0.9917,0.9897,0.9351,0.9189,940.0,351.0,832.0,354.0,896.0,388.0,880.0,375.0,108.0417,20.6155,0.1908,1,1,227,1
227,3,0,0,1,1,1,0.9932,0.9878,0.9355,0.9023,635.0,299.0,516.0,302.0,573.5,297.0,544.0,289.0,119.0378,30.5655,0.2568,1,1,228,1
227,3,0,2,1,1,1,0.9873,0.9922,0.8975,0.9399,783.0,345.0,669.0,350.0,739.5,384.5,699.0,377.0,114.1096,41.1886,0.361,1,1,228,1
227,3,0,1,1,1,1,0.9917,0.9897,0.9351,0.9185,940.0,351.0,832.0,354.0,896.0,388.0,880.0,375.0,108.0417,20.6155,0.1908,1,1,228,1
228,3,0,0,1,1,1,0.9932,0.9883,0.936,0.9038,635.5,299.0,516.5,301.5,574.5,297.5,544.0,289.0,119.0263,31.6623,0.266,1,1,229,1
228,3,0,2,1,1,1,0.9873,0.9927,0.8989,0.9399,782.5,345.0,669.0,350.0,737.5,383.5,699.5,377.5,113.6101,38.4708,0.3386,1,1,229,1
228,3,0,1,1,1,1,0.9917,0.9897,0.9351,0.918,941.0,351.0,832.5,354.5,896.5,390.5,880.0,375.5,108.5564,22.2991,0.2054,1,1,229,1
229,3,0,0,1,1,1,0.9932,0.9878,0.937,0.9009,635.5,299.0,516.0,302.0,573.5,297.5,544.5,289.5,119.5377,30.0832,0.2517,1,1,230,1
229,3,0,2,1,1,1,0.9878,0.9922,0.9023,0.9385,782.5,345.0,669.0,350.0,737.5,385.0,698.5,377.0,113.6101,39.8121,0.3504,1,1,230,1
229,3,0,1,1,1,1,0.9917,0.9897,0.9355,0.9175,941.0,351.0,832.0,354.5,896.5,390.5,879.0,377.5,109.0562,21.8002,0.1999,1,1,230,1
230,3,0,0,1,1,1,0.9932,0.9878,0.937,0.9009,635.5,298.5,516.0,302.0,573.5,297.5,544.5,289.0,119.5512,30.22,0.2528,1,1,231,1
230,3,0,2,1,1,1,0.9878,0.9922,0.9019,0.9385,783.0,345.0,669.0,350.0,737.5,385.5,698.5,377.0,114.1096,39.9155,0.3498,1,1,231,1
230,3,0,1,1,1,1,0.9917,0.9897,0.9355,0.917,941.0,351.0,832.5,354.5,896.0,390.0,879.0,377.0,108.5564,21.4009,0.1971,1,1,231,1
231,3,0,0,1,1,1,0.9932,0.9883,0.936,0.9048,635.0,298.5,516.0,302.5,573.0,297.0,543.5,289.0,119.0672,30.5655,0.2567,1,1,232,1
231,3,0,2,1,1,1,0.9878,0.9922,0.9023,0.9385,783.0,345.0,669.0,350.5,737.0,383.0,698.0,376.5,114.1326,39.538,0.3464,1,1,232,1
231,3,0,1,1,1,1,0.9917,0.9897,0.9341,0.9199,940.5,351.0,832.5,354.5,896.0,390.0,880.0,375.0,108.0567,21.9317,0.203,1,1,232,1
232,3,0,0,1,1,1,0.9932,0.9883,0.9365,0.9048,635.0,299.0,516.0,302.5,573.0,297.0,543.5,289.0,119.0515,30.5655,0.2567,1,1,233,1
232,3,0,2,1,1,1,0.9878,0.9922,0.9019,0.9385,783.0,345.5,669.0,350.5,737.0,383.0,698.0,376.0,114.1096,39.6232,0.3472,1,1,233,1
232,3,0,1,1,1,1,0.9917,0.9897,0.9341,0.9204,940.5,351.0,832.5,354.5,896.0,390.5,880.0,375.0,108.0567,22.2767,0.2062,1,1,233,1
233,3,0,0,1,1,1,0.9932,0.9883,0.9365,0.9048,635.0,298.5,516.5,302.0,573.0,296.0,543.5,288.5,118.5517,30.4385,0.2568,1,1,234,1
233,3,0,2,1,1,1,0.9878,0.9922,0.8989,0.939,783.0,345.5,669.0,351.0,737.5,383.5,698.5,377.5,114.1326,39.4588,0.3457,1,1,234,1
233,3,0,1,1,1,1,0.9917,0.9902,0.9351,0.9199,940.5,351.5,832.0,354.5,896.0,387.0,878.5,375.5,108.5415,20.9404,0.1929,1,1,234,1
234,3,0,0,1,1,1,0.9932,0.9883,0.9365,0.9043,635.0,298.5,516.5,302.0,573.0,296.0,543.5,288.0,118.5517,30.5655,0.2578,1,1,235,1
234,3,0,2,1,1,1,0.9878,0.9922,0.8989,0.939,783.0,345.5,669.0,351.0,737.5,383.5,698.5,377.5,114.1326,39.4588,0.3457,1,1,235,1
234,3,0,1,1,1,1,0.9917,0.9897,0.9351,0.9199,940.5,351.5,832.0,354.5,896.0,387.0,878.5,375.5,108.5415,20.9404,0.1929,1,1,235,1
235,3,0,0,1,1,1,0.9932,0.9883,0.937,0.9038,635.0,298.5,516.0,302.0,573.0,297.0,544.0,288.0,119.0515,30.3645,0.2551,1,1,236,1
235,3,0,2,1,1,1,0.9873,0.9927,0.8975,0.9409,782.5,345.0,669.0,350.5,738.5,384.0,698.5,377.5,113.6332,40.5247,0.3566,1,1,236,1
235,3,0,1,1,1,1,0.9917,0.9897,0.9365,0.9185,940.5,351.0,831.5,354.5,895.5,386.5,879.0,374.5,109.0562,20.4022,0.1871,1,1,236,1
236,3,0,0,1,1,1,0.9932,0.9883,0.9365,0.9028,635.5,299.0,516.0,303.0,573.0,296.0,543.5,288.5,119.5669,30.4385,0.2546,1,1,237,1
236,3,0,2,1,1,1,0.9878,0.9927,0.9004,0.9399,782.5,345.0,669.0,350.5,738.5,385.0,698.0,379.0,113.6332,40.942,0.3603,1,1,237,1
236,3,0,1,1,1,1,0.9917,0.9897,0.9355,0.9189,940.0,351.5,832.0,354.5,896.0,387.5,879.5,375.5,108.0417,20.4022,0.1888,1,1,237,1
237,3,0,0,1,1,1,0.9932,0.9883,0.9365,0.9028,635.5,299.0,516.0,303.0,573.0,296.0,543.5,288.5,119.5669,30.4385,0.2546,1,1,238,1
237,3,0,2,1,1,1,0.9878,0.9927,0.8994,0.9399,782.5,345.0,669.0,350.5,738.5,385.0,698.0,379.0,113.6332,40.942,0.3603,1,1,238,1
237,3,0,1,1,1,1,0.9917,0.9897,0.9355,0.9189,940.0,351.5,832.0,354.5,896.0,387.5,879.5,375.5,108.0417,20.4022,0.1888,1,1,238,1
238,3,0,0,1,1,1,0.9932,0.9878,0.9341,0.9019,635.0,298.5,516.5,302.0,573.0,297.0,544.0,289.0,118.5517,30.0832,0.2538,1,1,239,1
238,3,0,2,1,1,1,0.9878,0.9922,0.9009,0.938,782.5,345.0,669.0,350.5,738.0,385.0,698.0,378.0,113.6332,40.6079,0.3574,1,1,239,1
238,3,0,1,1,1,1,0.9917,0.9897,0.9355,0.918,940.0,351.5,832.0,354.5,896.0,387.0,878.0,376.5,108.0417,20.8387,0.1929,1,1,239,1
239,3,0,0,1,1,1,0.9932,0.9878,0.9346,0.9023,635.0,298.5,516.0,302.0,572.5,296.5,544.0,289.0,119.0515,29.4703,0.2475,1,1,240,1
239,3,0,2,1,1,1,0.9878,0.9922,0.9009,0.938,782.5,345.0,669.0,350.5,738.0,385.0,698.0,378.0,113.6332,40.6079,0.3574,1,1,240,1
239,3,0,1,1,1,1,0.9917,0.9897,0.9355,0.918,940.0,351.5,832.0,354.5,896.0,387.0,878.0,376.5,108.0417,20.8387,0.1929,1,1,240,1
240,3,0,0,1,1,1,0.9932,0.9883,0.9355,0.9043,635.0,298.5,516.0,302.0,573.5,297.5,544.0,289.5,119.0515,30.5655,0.2567,1,1,241,1
240,3,0,2,1,1,1,0.9873,0.9927,0.8965,0.9419,782.5,345.0,669.0,350.5,739.0,384.5,699.0,376.5,113.6332,40.7922,0.359,1,1,241,1
240,3,0,1,1,1,1,0.9917,0.9897,0.936,0.9194,939.5,351.5,831.5,354.5,896.0,388.5,877.0,375.5,108.0417,23.0217,0.2131,1,1,241,1
241,3,0,0,1,1,1,0.9932,0.9883,0.936,0.9038,635.0,298.5,516.0,302.0,573.5,297.0,544.0,289.5,119.0515,30.4385,0.2557,1,1,242,1
241,3,0,2,1,1,1,0.9873,0.9927,0.897,0.9419,782.5,344.5,669.0,350.5,739.0,384.5,699.0,376.5,113.6585,40.7922,0.3589,1,1,242,1
241,3,0,1,1,1,1,0.9917,0.9897,0.936,0.9194,939.5,351.5,831.5,355.0,896.0,388.5,877.0,375.5,108.0567,23.0217,0.2131,1,1,242,1
242,3,0,0,1,1,1,0.9932,0.9888,0.9365,0.9067,634.5,298.5,516.0,302.0,573.5,297.0,544.0,288.5,118.5517,30.7002,0.259,1,1,243,1
242,3,0,2,1,1,1,0.9868,0.9927,0.894,0.9429,783.0,345.0,669.0,351.0,740.0,384.5,698.5,377.5,114.1578,42.0862,0.3687,1,1,243,1
242,3,0,1,1,1,1,0.9917,0.9897,0.9351,0.9199,939.5,351.5,831.5,354.5,896.0,386.5,876.0,376.5,108.0417,22.3607,0.207,1,1,243,1
243,3,0,0,1,1,1,0.9932,0.9888,0.936,0.9072,634.5,298.5,516.0,302.0,573.5,297.0,544.0,288.0,118.5517,30.8423,0.2602,1,1,244,1
243,3,0,2,1,1,1,0.9868,0.9932,0.8936,0.9429,783.0,345.0,669.5,351.0,740.5,384.0,698.5,377.5,113.6585,42.5,0.3739,1,1,244,1
243,3,0,1,1,1,1,0.9917,0.9897,0.9346,0.9199,939.5,351.5,832.0,354.5,896.0,386.5,876.0,376.5,107.5419,22.3607,0.2079,1,1,244,1
244,3,0,0,1,1,1,0.9932,0.9888,0.9351,0.9067,635.0,298.5,515.5,302.0,574.0,297.5,544.0,289.5,119.5512,31.0483,0.2597,1,1,245,1
244,3,0,2,1,1,1,0.9873,0.9932,0.8945,0.9429,782.5,345.5,669.0,351.5,738.5,384.5,698.5,377.5,113.6585,40.6079,0.3573,1,1,245,1
244,3,0,1,1,1,1,0.9917,0.9902,0.9341,0.9214,939.5,352.0,831.0,355.0,895.0,384.0,876.5,374.5,108.5415,20.7966,0.1916,1,1,245,1
245,3,0,0,1,1,1,0.9932,0.9888,0.9351,0.9072,634.5,298.5,515.5,302.5,574.5,297.5,544.0,289.5,119.0672,31.5317,0.2648,1,1,246,1
245,3,0,2,1,1,1,0.9873,0.9932,0.8945,0.9429,782.5,345.5,669.0,351.5,739.0,384.5,698.5,377.5,113.6585,41.1005,0.3616,1,1,246,1
245,3,0,1,1,1,1,0.9917,0.9902,0.9341,0.9219,940.0,352.0,831.0,355.0,895.0,384.0,876.5,374.0,109.0413,21.0297,0.1929,1,1,246,1
246,3,0,0,1,1,1,0.9932,0.9883,0.9355,0.9028,635.5,299.0,516.0,303.0,573.5,296.0,543.5,289.0,119.5669,30.8058,0.2576,1,1,247,1
246,3,0,2,1,1,1,0.9873,0.9927,0.897,0.9424,783.0,345.0,669.0,351.0,739.0,384.5,699.0,376.0,114.1578,40.8932,0.3582,1,1,247,1
246,3,0,1,1,1,1,0.9917,0.9897,0.936,0.9199,939.5,352.0,831.5,355.0,896.0,386.5,876.5,376.0,108.0417,22.1472,0.205,1,1,247,1
247,3,0,0,1,1,1,0.9932,0.9883,0.936,0.9053,634.5,299.0,515.5,303.0,572.5,296.5,544.0,287.0,119.0672,30.0416,0.2523,1,1,248,1
247,3,0,2,1,1,1,0.9873,0.9927,0.8979,0.9414,783.5,345.5,669.0,351.0,739.5,384.5,698.5,376.0,114.632,41.8718,0.3653,1,1,248,1
247,3,0,1,1,1,1,0.9917,0.9902,0.9355,0.9238,939.0,351.5,831.0,355.0,895.5,386.0,877.0,373.5,108.0567,22.3271,0.2066,1,1,248,1
248,3,0,0,1,1,1,0.9932,0.9883,0.936,0.9053,635.0,299.0,515.5,303.0,572.5,296.5,544.0,287.0,119.5669,30.0416,0.2513,1,1,249,1
248,3,0,2,1,1,1,0.9873,0.9927,0.8979,0.9414,783.5,345.0,669.0,351.0,739.5,384.5,698.5,376.0,114.6571,41.8718,0.3652,1,1,249,1
248,3,0,1,1,1,1,0.9917,0.9902,0.936,0.9233,939.0,351.5,831.0,355.0,895.5,386.0,877.0,373.5,108.0567,22.3271,0.2066,1,1,249,1
249,3,0,0,1,1,1,0.9932,0.9883,0.9365,0.9048,634.5,299.0,515.0,302.5,573.0,296.5,543.5,289.5,119.5512,30.3191,0.2536,1,1,250,1
249,3,0,2,1,1,1,0.9873,0.9927,0.897,0.9409,782.5,345.0,669.0,350.5,741.0,384.5,697.5,378.0,113.6332,43.983,0.3871,1,1,250,1
249,3,0,1,1,1,1,0.9917,0.9897,0.936,0.9189,939.0,351.5,831.5,354.5,896.0,384.5,876.0,377.0,107.5419,21.36,0.1986,1,1,250,1
250,3,0,0,1,1,1,0.9932,0.9883,0.9365,0.9048,634.5,299.0,515.0,302.5,573.5,296.5,543.5,289.5,119.5512,30.8058,0.2577,1,1,251,1
250,3,0,2,1,1,1,0.9873,0.9927,0.8965,0.9409,783.0,345.0,669.0,350.5,741.0,384.0,697.5,377.5,114.1326,43.983,0.3854,1,1,251,1
250,3,0,1,1,1,1,0.9917,0.9897,0.936,0.9189,938.5,351.5,831.5,354.5,896.0,384.5,876.0,377.0,107.042,21.36,0.1995,1,1,251,1
251,3,0,0,1,1,1,0.9932,0.9883,0.9351,0.9048,634.5,298.5,515.0,302.5,573.0,297.0,543.5,289.0,119.5669,30.5655,0.2556,1,1,252,1
251,3,0,2,1,1,1,0.9873,0.9927,0.8975,0.9409,783.0,345.0,669.0,351.0,739.0,384.0,698.0,378.0,114.1578,41.4367,0.363,1,1,252,1
251,3,0,1,1,1,1,0.9917,0.9897,0.9355,0.9199,938.5,351.0,831.0,354.5,896.0,387.0,876.0,373.5,107.557,24.1299,0.2243,1,1,252,1
252,3,0,0,1,1,1,0.9932,0.9883,0.9351,0.9053,634.5,298.5,515.0,302.5,573.0,297.0,543.5,289.0,119.5669,30.5655,0.2556,1,1,253,1
252,3,0,2,1,1,1,0.9873,0.9927,0.897,0.9414,783.0,345.0,669.0,351.0,739.0,384.0,698.0,378.0,114.1578,41.4367,0.363,1,1,253,1
252,3,0,1,1,1,1,0.9917,0.9897,0.936,0.9204,938.5,351.0,831.0,354.5,896.0,387.0,876.0,373.5,107.557,24.1299,0.2243,1,1,253,1
253,3,0,0,1,1,1,0.9927,0.9883,0.9341,0.9062,634.5,299.0,515.0,302.5,573.0,297.0,542.5,289.5,119.5512,31.4086,0.2627,1,1,254,1
253,3,0,2,1,1,1,0.9868,0.9932,0.8931,0.9434,783.0,345.0,669.0,351.0,739.0,383.0,699.0,376.0,114.1578,40.6079,0.3557,1,1,254,1
253,3,0,1,1,1,1,0.9917,0.9897,0.937,0.9209,939.0,351.5,830.5,355.0,894.0,385.0,875.5,374.5,108.5564,21.272,0.196,1,1,254,1
254,3,0,0,1,1,1,0.9927,0.9883,0.9336,0.9062,634.5,299.0,515.0,302.5,573.0,297.0,542.5,289.5,119.5512,31.4086,0.2627,1,1,255,1
254,3,0,2,1,1,1,0.9868,0.9932,0.8931,0.9434,783.0,345.5,669.0,351.0,739.0,383.0,699.0,376.0,114.1326,40.6079,0.3558,1,1,255,1
254,3,0,1,1,1,1,0.9922,0.9897,0.937,0.9209,939.0,351.5,830.5,355.0,894.0,385.0,875.5,375.0,108.5564,21.0297,0.1937,1,1,255,1
255,3,0,0,1,1,1,0.9932,0.9878,0.9355,0.9028,634.0,299.0,514.5,302.5,573.5,297.5,542.5,288.5,119.5512,32.28,0.27,1,1,256,1
255,3,0,2,1,1,1,0.9868,0.9927,0.8931,0.9419,782.5,345.0,669.0,351.0,738.0,383.0,698.5,376.5,113.6585,40.0312,0.3522,1,1,256,1
255,3,0,1,1,1,1,0.9917,0.9897,0.9365,0.9189,939.0,351.5,830.5,355.0,894.5,385.5,875.0,375.0,108.5564,22.1472,0.204,1,1,256,1
256,3,0,0,1,1,1,0.9932,0.9878,0.9355,0.9033,634.0,299.0,515.0,302.5,573.5,297.5,542.5,288.5,119.0515,32.28,0.2711,1,1,257,1
256,3,0,2,1,1,1,0.9868,0.9927,0.8931,0.9424,782.5,345.0,669.0,351.0,738.0,383.0,698.5,376.5,113.6585,40.0312,0.3522,1,1,257,1
256,3,0,1,1,1,1,0.9917,0.9897,0.9365,0.9194,939.0,351.5,830.5,355.0,894.5,385.5,875.0,375.0,108.5564,22.1472,0.204,1,1,257,1
257,3,0,0,1,1,1,0.9927,0.9883,0.9341,0.9058,634.0,299.0,515.0,302.5,574.5,298.5,542.0,289.0,119.0515,33.86,0.2844,1,1,258,1
257,3,0,2,1,1,1,0.9868,0.9932,0.8921,0.9434,783.0,345.0,669.5,351.0,737.5,380.0,699.5,375.0,113.6585,38.3275,0.3372,1,1,258,1
257,3,0,1,1,1,1,0.9917,0.9897,0.9365,0.9199,939.0,351.5,830.5,355.5,894.0,384.5,875.0,374.5,108.5737,21.4709,0.1978,1,1,258,1
258,3,0,0,1,1,1,0.9932,0.9888,0.9341,0.9062,634.0,298.5,515.0,302.5,574.0,299.0,542.0,289.0,119.0672,33.5261,0.2816,1,1,259,1
258,3,0,2,1,1,1,0.9868,0.9927,0.895,0.9414,782.5,345.0,669.0,351.0,737.0,380.5,700.0,375.0,113.6585,37.4066,0.3291,1,1,259,1
258,3,0,1,1,1,1,0.9922,0.9902,0.937,0.9204,939.0,351.5,830.5,355.0,895.0,386.0,874.5,375.0,108.5564,23.2648,0.2143,1,1,259,1
259,3,0,0,1,1,1,0.9932,0.9888,0.9341,0.9072,634.0,298.5,514.5,302.5,574.0,299.0,542.0,289.0,119.5669,33.5261,0.2804,1,1,260,1
259,3,0,2,1,1,1,0.9868,0.9927,0.8945,0.9419,782.5,345.0,669.0,351.0,737.0,380.5,700.0,375.0,113.6585,37.4066,0.3291,1,1,260,1
259,3,0,1,1,1,1,0.9922,0.9897,0.937,0.9204,939.0,351.5,830.5,355.0,895.0,386.0,874.5,375.0,108.5564,23.2648,0.2143,1,1,260,1
260,3,0,0,1,1,1,0.9927,0.9883,0.9336,0.9048,633.5,299.0,514.5,302.5,573.5,298.0,542.0,289.5,119.0515,32.6267,0.2741,1,1,261,1
260,3,0,2,1,1,1,0.9863,0.9932,0.8887,0.9434,783.0,345.0,669.0,351.0,738.0,381.0,699.5,375.0,114.1578,38.9647,0.3413,1,1,261,1
260,3,0,1,1,1,1,0.9917,0.9897,0.9365,0.9194,939.0,351.5,830.5,355.5,895.0,385.0,875.0,373.5,108.5737,23.0705,0.2125,1,1,261,1
261,3,0,0,1,1,1,0.9927,0.9883,0.9336,0.9048,633.5,299.0,514.5,302.5,573.5,298.0,542.0,289.5,119.0515,32.6267,0.2741,1,1,262,1
261,3,0,2,1,1,1,0.9863,0.9932,0.8887,0.9434,783.0,345.0,669.0,351.0,738.5,381.0,699.5,375.0,114.1578,39.4588,0.3457,1,1,262,1
261,3,0,1,1,1,1,0.9917,0.9897,0.9365,0.9194,939.0,351.5,830.5,355.5,895.0,385.0,875.0,373.5,108.5737,23.0705,0.2125,1,1,262,1
262,3,0,0,1,1,1,0.9932,0.9888,0.9346,0.9077,633.5,298.5,514.5,302.0,574.0,298.5,542.0,288.5,119.0515,33.5261,0.2816,1,1,263,1
262,3,0,2,1,1,1,0.9868,0.9932,0.8916,0.9443,782.5,345.0,669.0,350.5,737.0,379.5,699.5,374.5,113.6332,37.8319,0.3329,1,1,263,1
262,3,0,1,1,1,1,0.9922,0.9897,0.9375,0.9194,939.0,351.5,830.5,355.5,896.0,387.0,874.0,376.5,108.5737,24.3772,0.2245,1,1,263,1
263,3,0,0,1,1,1,0.9932,0.9888,0.9351,0.9072,633.5,298.5,514.5,302.0,574.0,298.5,542.0,288.5,119.0515,33.5261,0.2816,1,1,264,1
263,3,0,2,1,1,1,0.9868,0.9932,0.8926,0.9438,782.5,345.0,669.0,350.5,737.0,379.5,699.5,374.5,113.6332,37.8319,0.3329,1,1,264,1
263,3,0,1,1,1,1,0.9922,0.9897,0.9375,0.9194,939.0,351.5,830.5,355.5,896.0,387.0,874.0,376.5,108.5737,24.3772,0.2245,1,1,264,1
264,3,0,0,1,1,1,0.9927,0.9888,0.9341,0.9092,633.5,299.0,514.5,302.5,574.0,299.0,541.0,288.5,119.0515,34.6302,0.2909,1,1,265,1
264,3,0,2,1,1,1,0.9868,0.9932,0.8916,0.9443,782.5,345.0,669.0,351.0,738.0,381.0,699.5,375.0,113.6585,38.9647,0.3428,1,1,265,1
264,3,0,1,1,1,1,0.9922,0.9897,0.938,0.9189,938.5,351.5,830.5,355.5,896.0,387.5,874.5,376.0,108.074,24.3824,0.2256,1,1,265,1
265,3,0,0,1,1,1,0.9932,0.9888,0.9351,0.9097,633.0,299.0,514.5,302.0,574.5,300.0,541.5,287.0,118.538,35.4683,0.2992,1,1,266,1
265,3,0,2,1,1,1,0.9863,0.9932,0.8901,0.9438,783.0,345.5,669.0,351.0,739.0,381.0,700.0,374.0,114.1326,39.6232,0.3472,1,1,266,1
265,3,0,1,1,1,1,0.9922,0.9897,0.9385,0.9194,938.0,351.5,831.0,355.0,896.0,386.5,874.5,374.5,107.0572,24.6221,0.23,1,1,266,1
266,3,0,0,1,1,1,0.9932,0.9888,0.9351,0.9097,633.5,299.0,514.5,302.0,574.5,300.0,541.5,287.5,119.0378,35.2881,0.2964,1,1,267,1
266,3,0,2,1,1,1,0.9863,0.9932,0.8901,0.9443,783.0,345.5,669.0,351.0,739.0,381.0,700.0,374.5,114.1326,39.538,0.3464,1,1,267,1
266,3,0,1,1,1,1,0.9922,0.9897,0.938,0.9194,938.0,352.0,830.5,355.0,896.0,386.0,874.5,374.5,107.5419,24.3824,0.2267,1,1,267,1
267,3,0,0,1,1,1,0.9932,0.9893,0.9341,0.9116,633.0,299.0,514.0,302.5,573.5,298.5,541.5,288.0,119.0515,33.6786,0.2829,1,1,268,1
267,3,0,2,1,1,1,0.9863,0.9932,0.8906,0.9443,782.5,345.5,668.5,351.0,738.5,381.5,700.5,376.0,114.1326,38.396,0.3364,1,1,268,1
267,3,0,1,1,1,1,0.9922,0.9897,0.939,0.9194,938.0,351.5,830.5,355.0,895.0,385.0,875.0,373.5,107.557,23.0705,0.2145,1,1,268,1
268,3,0,0,1,1,1,0.9932,0.9893,0.9341,0.9116,633.5,299.0,514.0,302.5,573.5,298.5,541.0,288.0,119.5512,34.1541,0.2857,1,1,269,1
268,3,0,2,1,1,1,0.9863,0.9932,0.8901,0.9448,782.5,345.5,668.5,351.0,738.5,381.0,700.5,376.0,114.1326,38.3275,0.3358,1,1,269,1
268,3,0,1,1,1,1,0.9922,0.9897,0.939,0.9194,938.0,351.5,830.5,355.0,895.0,385.0,875.0,374.0,107.557,22.8254,0.2122,1,1,269,1
269,3,0,0,1,1,1,0.9932,0.9893,0.9346,0.9121,633.0,299.5,513.5,302.5,572.5,298.0,541.0,287.5,119.5377,33.2039,0.2778,1,1,270,1
269,3,0,2,1,1,1,0.9863,0.9932,0.8892,0.9458,783.0,345.5,668.5,351.0,738.0,381.0,700.5,375.5,114.632,37.9012,0.3306,1,1,270,1
269,3,0,1,1,1,1,0.9917,0.9897,0.938,0.9199,938.0,352.0,830.5,355.5,895.0,385.0,874.0,374.0,107.557,23.7065,0.2204,1,1,270,1
270,3,0,0,1,1,1,0.9932,0.9893,0.9346,0.9116,633.0,299.5,513.5,302.5,572.5,298.0,541.5,287.5,119.5377,32.73,0.2738,1,1,271,1
270,3,0,2,1,1,1,0.9863,0.9932,0.8896,0.9453,783.0,345.5,668.5,351.0,738.0,381.0,701.0,375.5,114.632,37.4066,0.3263,1,1,271,1
270,3,0,1,1,1,1,0.9917,0.9897,0.938,0.9194,938.0,352.0,830.5,355.5,895.0,385.0,874.0,374.0,107.557,23.7065,0.2204,1,1,271,1
271,3,0,0,1,1,1,0.9927,0.9893,0.9326,0.9126,633.0,299.5,513.0,302.5,573.0,298.0,541.0,288.5,120.0375,33.3804,0.2781,1,1,272,1
271,3,0,2,1,1,1,0.9863,0.9932,0.8901,0.9443,782.0,345.5,668.0,350.5,737.5,381.0,700.5,376.0,114.1096,37.3363,0.3272,1,1,272,1
271,3,0,1,1,1,1,0.9917,0.9897,0.9365,0.9199,938.0,352.0,830.0,355.5,896.0,386.0,874.0,373.5,108.0567,25.3032,0.2342,1,1,272,1
272,3,0,0,1,1,1,0.9927,0.9883,0.9351,0.9072,633.0,299.5,513.0,302.5,573.5,298.5,541.5,287.5,120.0375,33.8378,0.2819,1,1,273,1
272,3,0,2,1,1,1,0.9863,0.9932,0.8901,0.9434,782.0,345.0,668.5,351.0,738.0,382.5,700.5,377.0,113.6585,37.9012,0.3335,1,1,273,1
272,3,0,1,1,1,1,0.9922,0.9897,0.9385,0.9175,938.5,352.0,830.5,355.5,895.0,386.0,873.5,371.0,108.0567,26.2155,0.2426,1,1,273,1
273,3,0,0,1,1,1,0.9932,0.9883,0.9351,0.9072,633.0,299.5,513.0,302.5,573.5,298.5,541.0,287.5,120.0375,34.3111,0.2858,1,1,274,1
273,3,0,2,1,1,1,0.9863,0.9932,0.8906,0.9434,782.0,345.0,668.5,351.0,738.0,382.5,700.5,377.0,113.6585,37.9012,0.3335,1,1,274,1
273,3,0,1,1,1,1,0.9922,0.9897,0.9385,0.918,938.5,351.5,830.5,355.5,895.0,386.0,873.5,371.0,108.074,26.2155,0.2426,1,1,274,1
274,3,0,0,1,1,1,0.9932,0.9888,0.9365,0.9102,633.0,299.5,513.5,302.0,574.0,299.5,541.0,289.5,119.5261,34.4819,0.2885,1,1,275,1
274,3,0,2,1,1,1,0.9868,0.9932,0.8931,0.9438,782.0,345.0,668.5,350.5,739.0,381.5,700.5,375.0,113.6332,39.0448,0.3436,1,1,275,1
274,3,0,1,1,1,1,0.9922,0.9897,0.938,0.918,938.0,352.0,830.0,355.5,897.5,387.0,873.5,375.5,108.0567,26.613,0.2463,1,1,275,1
275,3,0,0,1,1,1,0.9932,0.9888,0.9365,0.9102,633.0,299.5,513.5,302.0,574.0,299.5,541.0,289.0,119.5261,34.6302,0.2897,1,1,276,1
275,3,0,2,1,1,1,0.9868,0.9932,0.8931,0.9438,782.0,345.0,668.5,350.5,739.0,381.5,700.5,375.0,113.6332,39.0448,0.3436,1,1,276,1
275,3,0,1,1,1,1,0.9922,0.9897,0.938,0.9189,938.0,352.0,830.0,356.0,897.5,386.5,873.5,375.5,108.074,26.4008,0.2443,1,1,276,1
276,3,0,0,1,1,1,0.9932,0.9888,0.9355,0.9102,633.0,300.0,513.0,302.5,574.0,299.0,541.0,287.5,120.026,34.9464,0.2912,1,1,277,1
276,3,0,2,1,1,1,0.9868,0.9932,0.8926,0.9434,782.0,345.0,668.0,351.0,737.0,380.5,700.0,376.5,114.1578,37.2156,0.326,1,1,277,1
276,3,0,1,1,1,1,0.9922,0.9893,0.9385,0.9165,938.0,351.5,830.0,355.5,896.5,385.5,873.5,375.5,108.074,25.0799,0.2321,1,1,277,1
277,3,0,0,1,1,1,0.9932,0.9888,0.936,0.9102,633.0,300.0,513.0,302.5,574.0,299.0,541.0,287.5,120.026,34.9464,0.2912,1,1,278,1
277,3,0,2,1,1,1,0.9868,0.9927,0.8931,0.9434,782.0,345.0,668.0,350.5,737.0,380.5,700.0,376.5,114.1326,37.2156,0.3261,1,1,278,1
277,3,0,1,1,1,1,0.9922,0.9893,0.9385,0.9165,938.0,351.5,830.0,355.5,896.5,385.5,873.5,376.0,108.074,24.8847,0.2303,1,1,278,1
278,3,0,0,1,1,1,0.9927,0.9888,0.9346,0.9097,633.0,299.5,513.0,302.5,574.0,299.5,539.5,288.5,120.0375,36.2112,0.3017,1,1,279,1
278,3,0,2,1,1,1,0.9868,0.9927,0.8921,0.9429,782.5,345.5,668.5,351.0,738.5,381.5,699.5,375.0,114.1326,39.538,0.3464,1,1,279,1
278,3,0,1,1,1,1,0.9922,0.9897,0.939,0.9175,938.0,352.0,830.5,355.5,895.0,382.5,872.0,378.0,107.557,23.4361,0.2179,1,1,279,1
279,3,0,0,1,1,1,0.9927,0.9888,0.9346,0.9097,633.0,299.5,513.0,302.5,574.0,299.0,539.5,288.5,120.0375,36.0624,0.3004,1,1,280,1
279,3,0,2,1,1,1,0.9868,0.9932,0.8916,0.9429,782.5,345.5,668.5,351.0,738.5,381.5,699.5,375.0,114.1326,39.538,0.3464,1,1,280,1
279,3,0,1,1,1,1,0.9922,0.9893,0.9385,0.917,938.0,352.0,830.5,355.5,895.0,382.0,872.5,378.0,107.557,22.8528,0.2125,1,1,280,1
280,3,0,0,1,1,1,0.9932,0.9888,0.936,0.9097,633.0,299.5,513.5,302.0,574.5,300.0,540.0,287.5,119.5261,36.6947,0.307,1,1,281,1
280,3,0,2,1,1,1,0.9873,0.9932,0.894,0.9429,782.0,345.0,668.5,351.5,739.0,382.0,699.0,375.0,113.686,40.6079,0.3572,1,1,281,1
280,3,0,1,1,1,1,0.9922,0.9897,0.9399,0.918,938.0,352.0,830.0,355.5,896.5,384.0,873.0,376.0,108.0567,24.8244,0.2297,1,1,281,1
281,3,0,0,1,1,1,0.9932,0.9888,0.936,0.9097,633.0,299.5,513.5,302.0,574.5,300.0,540.0,287.5,119.5261,36.6947,0.307,1,1,282,1
281,3,0,2,1,1,1,0.9873,0.9932,0.8945,0.9429,782.0,345.0,668.5,351.5,739.0,382.0,699.0,375.0,113.686,40.6079,0.3572,1,1,282,1
281,3,0,1,1,1,1,0.9922,0.9897,0.9395,0.918,938.0,352.0,830.0,355.5,896.5,383.5,873.0,376.0,108.0567,24.6678,0.2283,1,1,282,1
282,3,0,0,1,1,1,0.9932,0.9893,0.9355,0.9111,633.0,299.5,513.5,302.0,574.0,299.0,540.5,288.0,119.5261,35.2598,0.295,1,1,283,1
282,3,0,2,1,1,1,0.9868,0.9927,0.8926,0.9424,782.5,345.0,668.0,351.0,739.0,381.5,699.5,375.0,114.6571,40.0312,0.3491,1,1,283,1
282,3,0,1,1,1,1,0.9922,0.9897,0.938,0.9194,938.0,351.5,829.5,355.5,898.0,388.0,873.0,377.0,108.5737,27.313,0.2516,1,1,283,1
283,3,0,0,1,1,1,0.9932,0.9888,0.936,0.9092,633.0,299.5,513.5,302.0,573.0,298.0,540.5,287.0,119.5261,34.3111,0.2871,1,1,284,1
283,3,0,2,1,1,1,0.9863,0.9932,0.8892,0.9434,782.5,345.5,668.0,351.5,738.0,381.0,701.0,375.0,114.6571,37.4833,0.3269,1,1,284,1
283,3,0,1,1,1,1,0.9922,0.9897,0.9375,0.918,939.0,352.0,830.0,356.0,894.5,383.5,872.0,378.0,109.0734,23.1625,0.2124,1,1,284,1
284,3,0,0,1,1,1,0.9932,0.9888,0.936,0.9092,633.0,299.5,513.5,302.0,573.0,298.0,540.5,287.0,119.5261,34.3111,0.2871,1,1,285,1
284,3,0,2,1,1,1,0.9863,0.9932,0.8896,0.9434,782.5,345.5,668.0,351.5,738.0,381.0,701.0,375.0,114.6571,37.4833,0.3269,1,1,285,1
284,3,0,1,1,1,1,0.9922,0.9897,0.9375,0.9189,938.5,352.0,830.0,355.5,894.5,383.5,872.0,378.0,108.5564,23.1625,0.2134,1,1,285,1
285,3,0,0,1,1,1,0.9932,0.9893,0.9351,0.9126,633.0,299.5,513.0,302.0,573.0,299.0,541.0,287.0,120.026,34.176,0.2847,1,1,286,1
285,3,0,2,1,1,1,0.9868,0.9932,0.8921,0.9429,782.0,345.5,668.0,352.0,737.5,381.5,699.5,376.0,114.1852,38.396,0.3363,1,1,286,1
285,3,0,1,1,1,1,0.9917,0.9897,0.937,0.9204,939.0,352.0,830.0,356.0,896.5,384.5,873.0,377.5,109.0734,24.5204,0.2248,1,1,286,1
286,3,0,0,1,1,1,0.9932,0.9893,0.9351,0.9126,633.0,299.5,513.0,302.0,573.0,299.0,541.0,287.0,120.026,34.176,0.2847,1,1,287,1
286,3,0,2,1,1,1,0.9868,0.9932,0.8926,0.9434,782.0,345.5,668.0,352.0,737.5,381.5,699.5,376.0,114.1852,38.396,0.3363,1,1,287,1
286,3,0,1,1,1,1,0.9917,0.9897,0.937,0.9204,939.0,352.0,830.0,356.0,896.5,385.0,873.0,377.5,109.0734,24.6678,0.2262,1,1,287,1
287,3,0,0,1,1,1,0.9932,0.9888,0.9385,0.9097,632.5,299.5,513.0,302.0,572.5,298.0,540.5,287.5,119.5261,33.6786,0.2818,1,1,288,1
287,3,0,2,1,1,1,0.9868,0.9932,0.8931,0.9429,782.0,345.5,667.5,351.5,737.5,382.0,698.5,377.5,114.6571,39.2588,0.3424,1,1,288,1
287,3,0,1,1,1,1,0.9917,0.9897,0.936,0.918,938.0,352.0,830.0,356.0,895.5,385.0,872.5,376.5,108.074,24.5204,0.2269,1,1,288,1
288,3,0,0,1,1,1,0.9932,0.9888,0.9385,0.9102,632.5,299.5,513.0,302.0,572.5,298.0,540.5,287.5,119.5261,33.6786,0.2818,1,1,289,1
288,3,0,2,1,1,1,0.9868,0.9932,0.8936,0.9429,782.0,345.5,667.5,351.5,737.5,382.0,698.5,377.5,114.6571,39.2588,0.3424,1,1,289,1
288,3,0,1,1,1,1,0.9917,0.9897,0.936,0.9185,938.0,352.0,830.0,356.0,895.5,385.0,872.5,376.5,108.074,24.5204,0.2269,1,1,289,1
289,3,0,0,1,1,1,0.9932,0.9893,0.938,0.9126,632.5,300.0,513.0,302.5,572.5,298.0,540.0,286.5,119.5261,34.4746,0.2884,1,1,290,1
289,3,0,2,1,1,1,0.9868,0.9932,0.8926,0.9438,781.5,345.5,667.5,351.5,739.5,384.0,699.0,376.0,114.1578,41.2826,0.3616,1,1,290,1
289,3,0,1,1,1,1,0.9917,0.9897,0.937,0.9199,938.5,352.5,829.5,355.5,894.5,382.5,872.0,376.0,109.0413,23.4201,0.2148,1,1,290,1
290,3,0,0,1,1,1,0.9932,0.9893,0.938,0.9121,632.5,300.0,513.0,302.5,572.5,297.5,540.0,286.5,119.5261,34.3111,0.2871,1,1,291,1
290,3,0,2,1,1,1,0.9868,0.9932,0.8926,0.9438,781.5,345.5,667.5,351.5,739.5,384.0,699.0,376.0,114.1578,41.2826,0.3616,1,1,291,1
290,3,0,1,1,1,1,0.9917,0.9897,0.937,0.9199,938.5,352.5,829.5,355.5,894.0,383.0,872.0,376.0,109.0413,23.0868,0.2117,1,1,291,1
291,3,0,0,1,1,1,0.9932,0.9888,0.9365,0.9102,632.5,300.0,512.5,302.5,571.0,297.0,540.0,287.0,120.026,32.573,0.2714,1,1,292,1
291,3,0,2,1,1,1,0.9868,0.9932,0.8911,0.9429,781.5,345.5,667.0,351.5,739.0,383.0,699.0,377.5,114.6571,40.3764,0.3521,1,1,292,1
291,3,0,1,1,1,1,0.9922,0.9897,0.938,0.9194,939.0,352.5,830.0,356.0,896.0,384.5,872.0,376.5,109.0562,25.2982,0.232,1,1,292,1
292,3,0,0,1,1,1,0.9932,0.9888,0.9365,0.9106,632.5,300.0,512.5,302.5,570.5,297.0,540.0,287.0,120.026,32.0975,0.2674,1,1,293,1
292,3,0,2,1,1,1,0.9868,0.9927,0.8906,0.9424,781.5,345.0,667.0,351.5,739.0,383.0,699.0,377.0,114.6843,40.4475,0.3527,1,1,293,1
292,3,0,1,1,1,1,0.9922,0.9897,0.938,0.9199,939.0,352.5,830.0,356.0,896.0,384.5,872.0,376.5,109.0562,25.2982,0.232,1,1,293,1
293,3,0,0,1,1,1,0.9932,0.9893,0.9365,0.9126,632.5,300.0,512.5,302.5,570.5,297.5,540.5,287.0,120.026,31.7844,0.2648,1,1,294,1
293,3,0,2,1,1,1,0.9873,0.9927,0.895,0.9414,781.5,345.0,667.0,351.0,739.0,384.5,698.5,378.5,114.6571,40.942,0.3571,1,1,294,1
293,3,0,1,1,1,1,0.9917,0.9897,0.937,0.9189,939.0,352.0,830.5,355.5,895.5,384.0,872.5,376.5,108.5564,24.1919,0.2229,1,1,294,1
294,3,0,0,1,1,1,0.9932,0.9893,0.9365,0.9131,632.5,299.5,512.0,302.5,570.5,297.0,540.0,287.0,120.5373,32.0975,0.2663,1,1,295,1
294,3,0,2,1,1,1,0.9873,0.9927,0.8945,0.9419,781.0,345.0,667.0,351.5,738.5,384.0,698.0,378.5,114.1852,40.8718,0.3579,1,1,295,1
294,3,0,1,1,1,1,0.9917,0.9897,0.9375,0.9199,939.0,352.0,830.5,356.0,895.0,383.0,872.5,376.0,108.5737,23.5637,0.217,1,1,295,1
295,3,0,0,1,1,1,0.9932,0.9893,0.9365,0.9131,632.5,299.5,512.5,302.5,571.0,297.0,540.0,287.0,120.0375,32.573,0.2714,1,1,296,1
295,3,0,2,1,1,1,0.9873,0.9927,0.8945,0.9419,781.0,345.0,667.0,351.5,738.0,383.5,698.0,378.5,114.1852,40.3113,0.353,1,1,296,1
295,3,0,1,1,1,1,0.9917,0.9897,0.9375,0.9199,939.0,352.0,830.0,356.0,895.0,383.0,872.5,376.0,109.0734,23.5637,0.216,1,1,296,1
296,3,0,0,1,1,1,0.9932,0.9888,0.9375,0.9116,632.5,299.5,512.0,303.0,570.5,297.5,539.5,288.0,120.5508,32.423,0.269,1,1,297,1
296,3,0,2,1,1,1,0.9868,0.9932,0.8921,0.9438,781.5,345.0,667.0,352.0,738.5,385.0,699.0,378.0,114.7138,40.1155,0.3497,1,1,297,1
296,3,0,1,1,1,1,0.9922,0.9897,0.938,0.9204,938.5,352.0,830.5,356.0,895.5,383.5,873.0,375.5,108.074,23.8799,0.221,1,1,297,1
297,3,0,0,1,1,1,0.9932,0.9888,0.9375,0.9116,632.5,299.5,512.5,303.0,570.5,297.5,539.5,288.0,120.051,32.423,0.2701,1,1,298,1
297,3,0,2,1,1,1,0.9868,0.9932,0.8921,0.9438,781.5,345.0,667.0,352.0,738.5,385.0,699.0,378.0,114.7138,40.1155,0.3497,1,1,298,1
297,3,0,1,1,1,1,0.9922,0.9897,0.9385,0.9204,938.5,352.0,830.5,356.0,895.5,383.5,873.0,375.5,108.074,23.8799,0.221,1,1,298,1
298,3,0,0,1,1,1,0.9932,0.9893,0.9365,0.9141,632.0,299.5,512.0,303.0,570.0,297.5,539.5,287.5,120.051,32.0975,0.2674,1,1,299,1
298,3,0,2,1,1,1,0.9868,0.9932,0.8916,0.9429,781.5,345.0,667.5,352.0,737.5,384.0,699.5,378.0,114.2147,38.4708,0.3368,1,1,299,1
298,3,0,1,1,1,1,0.9917,0.9897,0.9375,0.9194,938.5,352.5,829.5,356.5,895.5,382.0,872.5,376.0,109.0734,23.7697,0.2179,1,1,299,1
299,3,0,0,1,1,1,0.9932,0.9893,0.9365,0.9136,632.0,299.5,512.0,303.0,570.0,297.5,539.5,287.5,120.051,32.0975,0.2674,1,1,300,1
299,3,0,2,1,1,1,0.9868,0.9932,0.8911,0.9429,781.5,345.0,667.5,352.0,737.5,384.0,700.0,378.0,114.2147,37.977,0.3325,1,1,300,1
299,3,0,1,1,1,1,0.9917,0.9897,0.938,0.9194,938.5,352.5,829.5,356.5,895.5,382.0,873.0,376.0,109.0734,23.2863,0.2135,1,1,300,1
