frame,raw_num_people,anomaly,track_id,conf_ok,boundary_ok,overlap_ok,conf_ls,conf_rs,conf_lw,conf_rw,ls_x,ls_y,rs_x,rs_y,lw_x,lw_y,rw_x,rw_y,shoulder_dist,wrist_dist,ratio,frontal,hands_now,consecutive_frames,confirmed
0,3,0,0,1,1,1,0.9883,0.9805,0.8911,0.8345,1198.0,336.5,987.5,346.5,1033.0,497.5,1169.0,484.0,210.7374,136.6684,0.6485,1,0,0,0
0,3,0,1,1,1,1,0.9834,0.9829,0.9004,0.9043,222.25,265.0,43.625,273.0,89.0,396.5,203.75,399.0,178.8041,114.7772,0.6419,1,0,0,0
0,3,0,2,1,1,1,0.9805,0.9888,0.8169,0.8604,864.0,367.5,652.0,328.0,627.0,525.0,752.0,516.5,215.6484,125.2887,0.581,1,0,0,0
1,3,0,0,1,1,1,0.9897,0.9805,0.8892,0.8135,1192.0,336.0,982.0,347.0,1027.0,501.0,1166.0,485.0,210.2879,139.9178,0.6654,1,0,0,0
1,3,0,1,1,1,1,0.9873,0.9849,0.916,0.8843,239.25,266.5,52.625,272.5,88.625,399.0,220.25,398.0,186.7214,131.6288,0.7049,1,0,0,0
1,3,0,2,1,1,1,0.981,0.9883,0.8247,0.8608,858.0,364.5,648.5,330.5,627.0,530.0,753.0,516.0,212.241,126.7754,0.5973,1,0,0,0
2,3,0,0,1,1,1,0.9897,0.981,0.8882,0.8154,1192.0,336.0,981.5,347.0,1027.0,500.5,1166.0,485.0,210.7872,139.8615,0.6635,1,0,0,0
2,3,0,1,1,1,1,0.9873,0.9849,0.9155,0.8848,239.25,267.0,52.5,273.0,88.8125,399.0,220.75,398.0,186.8464,131.9413,0.7061,1,0,0,0
2,3,0,2,1,1,1,0.981,0.9888,0.8252,0.8608,858.5,364.5,648.5,330.5,627.0,529.5,753.0,515.5,212.7346,126.7754,0.5959,1,0,0,0
3,3,0,0,1,1,1,0.9878,0.9863,0.8589,0.8301,1185.0,341.5,977.0,351.5,1021.0,499.5,1162.0,491.0,208.2402,141.256,0.6783,1,0,0,0
3,3,0,2,1,1,1,0.9839,0.9863,0.8813,0.8584,854.0,358.5,632.5,329.0,619.5,534.0,753.5,516.0,223.4558,135.2036,0.6051,1,0,0,0
3,3,0,1,1,1,1,0.9849,0.9868,0.9062,0.9048,251.75,264.5,68.0,273.0,96.375,399.5,230.75,399.5,183.9465,134.375,0.7305,1,0,0,0
4,3,0,0,1,1,1,0.9873,0.9863,0.8574,0.8315,1185.0,341.0,977.0,351.5,1021.0,500.0,1162.0,491.0,208.2649,141.2869,0.6784,1,0,0,0
4,3,0,2,1,1,1,0.9839,0.9863,0.8818,0.8574,854.0,358.5,632.5,328.5,618.0,533.0,753.5,515.0,223.5224,136.6903,0.6115,1,0,0,0
4,3,0,1,1,1,1,0.9844,0.9873,0.9048,0.9053,251.5,264.0,68.0,273.0,96.5,399.5,231.875,400.0,183.7206,135.3759,0.7369,1,0,0,0
5,3,0,0,1,1,1,0.9873,0.9863,0.855,0.832,1181.0,340.5,972.5,350.5,1015.0,499.0,1162.0,490.5,208.7397,147.2455,0.7054,1,0,0,0
5,3,0,2,1,1,1,0.9883,0.981,0.9067,0.8413,833.0,352.0,628.5,329.5,627.5,546.5,755.0,513.0,205.7341,131.8275,0.6408,1,0,0,0
5,3,0,1,1,1,1,0.9819,0.9868,0.8936,0.9136,261.25,264.0,83.375,268.0,126.4375,392.0,238.375,401.0,177.92,112.2987,0.6312,1,0,0,0
6,3,0,0,1,1,1,0.9873,0.9863,0.8545,0.832,1181.0,340.5,972.5,350.5,1015.5,499.0,1163.0,490.0,208.7397,147.7743,0.7079,1,0,0,0
6,3,0,2,1,1,1,0.9883,0.981,0.9062,0.8428,833.0,352.0,628.5,330.0,628.5,547.0,754.5,513.5,205.68,130.3773,0.6339,1,0,0,0
6,3,0,1,1,1,1,0.9819,0.9868,0.894,0.9131,261.25,264.0,83.5625,268.0,125.625,392.0,238.25,401.5,177.7325,113.025,0.6359,1,0,0,0
7,3,0,0,1,1,1,0.9873,0.9868,0.856,0.8384,1179.0,341.0,970.0,351.0,1015.0,500.0,1160.0,490.0,209.2391,145.3444,0.6946,1,0,0,0
7,3,0,2,1,1,1,0.9863,0.9883,0.8589,0.8506,824.0,356.0,618.0,339.0,630.0,538.0,729.0,512.0,206.7003,102.3572,0.4952,1,1,1,0
7,3,0,1,1,1,1,0.9814,0.9878,0.8931,0.9165,276.5,265.5,96.75,266.5,132.375,390.5,252.625,400.0,179.7528,120.6247,0.6711,1,0,0,0
8,3,0,0,1,1,1,0.9873,0.9868,0.856,0.8384,1179.0,341.0,970.0,350.5,1015.0,499.5,1160.0,489.5,209.2158,145.3444,0.6947,1,0,0,0
8,3,0,2,1,1,1,0.9863,0.9883,0.8599,0.8511,824.0,356.0,618.0,339.0,631.0,538.0,728.0,512.0,206.7003,100.4241,0.4858,1,1,2,0
8,3,0,1,1,1,1,0.9814,0.9878,0.8926,0.917,276.75,265.5,96.6875,266.5,132.125,390.5,253.0,400.0,180.0653,121.2477,0.6734,1,0,0,0
9,3,0,0,1,1,1,0.9873,0.9868,0.853,0.8403,1178.0,340.5,968.5,350.5,1015.5,499.5,1160.0,490.0,209.7385,144.8119,0.6904,1,0,0,0
9,3,0,2,1,1,1,0.9873,0.9868,0.8667,0.8364,810.5,354.0,606.0,338.5,611.5,528.5,725.0,509.0,205.0866,115.1629,0.5615,1,0,0,0
9,3,0,1,1,1,1,0.9839,0.9844,0.9014,0.9058,290.5,268.0,109.5625,264.0,146.25,392.5,269.5,396.0,180.9817,123.2997,0.6813,1,0,0,0
10,3,0,0,1,1,1,0.9878,0.9863,0.8584,0.833,1178.0,341.0,969.5,351.0,1014.0,500.0,1159.0,490.0,208.7397,145.3444,0.6963,1,0,0,0
10,3,0,2,1,1,1,0.9883,0.9849,0.876,0.812,796.0,350.5,589.0,341.0,590.0,524.0,719.0,502.0,207.2179,130.8625,0.6315,1,0,0,0
10,3,0,1,1,1,1,0.9849,0.9863,0.9165,0.9116,307.25,270.0,122.3125,264.0,150.625,396.0,283.5,398.0,185.0348,132.8901,0.7182,1,0,0,0
11,3,0,0,1,1,1,0.9878,0.9863,0.8579,0.833,1178.0,341.0,969.0,351.0,1014.0,500.0,1160.0,489.5,209.2391,146.3771,0.6996,1,0,0,0
11,3,0,2,1,1,1,0.9888,0.9849,0.8765,0.811,796.0,350.5,589.0,340.5,589.5,524.0,719.0,501.5,207.2414,131.4401,0.6342,1,0,0,0
11,3,0,1,1,1,1,0.9849,0.9863,0.916,0.9116,307.25,270.0,122.625,264.0,150.75,396.0,283.25,398.0,184.7225,132.5151,0.7174,1,0,0,0
12,3,0,2,1,1,1,0.9849,0.9839,0.897,0.856,786.0,350.0,575.5,344.0,578.5,519.5,697.5,498.5,210.5855,120.8387,0.5738,1,0,0,0
12,3,0,0,1,1,1,0.9878,0.9873,0.8569,0.8369,1181.0,341.5,970.0,351.5,1015.0,499.0,1163.0,489.5,211.2368,148.3046,0.7021,1,0,0,0
12,3,0,1,1,1,1,0.9858,0.9834,0.9146,0.8882,318.5,266.5,131.5,258.0,171.75,390.0,285.5,395.5,187.1931,113.8829,0.6084,1,0,0,0
13,3,0,2,1,1,1,0.9849,0.9834,0.8975,0.8555,786.0,350.0,575.5,344.0,578.5,520.0,697.5,499.0,210.5855,120.8387,0.5738,1,0,0,0
13,3,0,0,1,1,1,0.9888,0.9854,0.8594,0.8369,1179.0,341.5,974.0,348.0,1018.0,500.0,1165.0,484.5,205.103,147.8149,0.7207,1,0,0,0
13,3,0,1,1,1,1,0.9858,0.9829,0.915,0.8872,318.5,266.5,131.5,258.0,171.375,390.0,285.0,395.5,187.1931,113.758,0.6077,1,0,0,0
14,3,0,0,1,1,1,0.9878,0.9868,0.8618,0.8345,1185.0,342.5,974.5,352.0,1017.5,498.0,1163.0,490.0,210.7143,145.7198,0.6916,1,0,0,0
14,3,0,2,1,1,1,0.9849,0.9834,0.8965,0.8555,770.0,351.5,559.0,346.0,565.5,519.0,689.0,500.0,211.0717,124.953,0.592,1,0,0,0
14,3,0,1,1,1,1,0.9844,0.9824,0.9053,0.8765,333.25,263.0,143.5,257.0,201.75,404.0,293.25,397.0,189.8448,91.7674,0.4834,1,1,1,0
15,3,0,0,1,1,1,0.9878,0.9868,0.8613,0.835,1184.0,342.5,974.5,352.0,1017.5,498.0,1163.0,490.5,209.7153,145.6932,0.6947,1,0,0,0
15,3,0,2,1,1,1,0.9849,0.9834,0.897,0.8555,770.0,351.0,559.5,346.0,566.0,519.0,688.5,500.0,210.5594,123.9647,0.5887,1,0,0,0
15,3,0,1,1,1,1,0.9844,0.9824,0.9048,0.876,333.5,263.0,143.75,257.5,201.75,404.0,293.5,396.5,189.8297,92.056,0.4849,1,1,2,0
16,3,0,0,1,1,1,0.9897,0.981,0.8892,0.8203,1192.0,337.0,979.0,348.0,1023.5,500.5,1166.0,485.5,213.2838,143.2873,0.6718,1,0,0,0
16,3,0,2,1,1,1,0.9863,0.9854,0.874,0.8447,751.0,356.0,552.0,349.5,554.0,512.0,671.5,496.5,199.1061,118.5179,0.5953,1,0,0,0
16,3,0,1,1,1,1,0.9829,0.9824,0.9033,0.8789,339.0,266.0,148.5,254.5,208.25,404.5,298.0,396.0,190.8468,90.1516,0.4724,1,1,3,0
17,3,0,0,1,1,1,0.9893,0.9814,0.8896,0.8213,1198.0,336.0,983.0,347.0,1025.0,498.0,1169.0,485.5,215.2812,144.5415,0.6714,1,0,0,0
17,3,0,2,1,1,1,0.9888,0.9819,0.8784,0.8257,733.5,351.5,540.0,349.0,544.0,514.5,670.0,493.0,193.5161,127.8212,0.6605,1,0,0,0
17,3,0,1,1,1,1,0.9819,0.9863,0.9019,0.9097,340.5,270.0,158.25,254.5,201.75,393.0,311.75,402.5,182.9079,110.4095,0.6036,1,0,0,0
18,3,0,0,1,1,1,0.9893,0.9814,0.8896,0.8223,1198.0,336.5,983.0,347.0,1025.0,498.0,1169.0,485.0,215.2562,144.5856,0.6717,1,0,0,0
18,3,0,2,1,1,1,0.9888,0.9819,0.8779,0.8252,733.5,351.5,540.0,349.0,543.5,514.5,670.0,493.0,193.5161,128.3141,0.6631,1,0,0,0
18,3,0,1,1,1,1,0.9819,0.9863,0.9019,0.9097,340.5,270.0,158.125,254.5,201.75,393.0,312.0,402.5,183.0325,110.6585,0.6046,1,0,0,0
19,3,0,0,1,1,1,0.9888,0.9844,0.8975,0.8311,1208.0,338.0,986.5,350.0,1025.0,493.0,1174.0,487.5,221.8248,149.1015,0.6722,1,0,0,0
19,3,0,2,1,1,1,0.9897,0.9751,0.9126,0.8223,724.0,351.5,529.0,350.0,537.0,525.0,657.5,495.0,195.0058,124.1783,0.6368,1,0,0,0
19,3,0,1,1,1,1,0.979,0.9878,0.8882,0.918,346.75,271.5,163.0,253.5,211.125,396.5,317.5,406.5,184.6295,106.844,0.5787,1,0,0,0
20,3,0,0,1,1,1,0.9888,0.9844,0.8975,0.8311,1208.0,338.0,986.5,350.0,1025.0,493.0,1174.0,488.0,221.8248,149.0839,0.6721,1,0,0,0
20,3,0,2,1,1,1,0.9897,0.9751,0.9131,0.8228,724.0,351.5,528.5,350.0,537.0,525.0,657.5,495.0,195.5058,124.1783,0.6352,1,0,0,0
20,3,0,1,1,1,1,0.979,0.9878,0.8882,0.918,346.5,271.5,163.125,253.5,211.0,396.0,317.5,406.0,184.2563,106.9685,0.5805,1,0,0,0
21,3,0,0,1,1,1,0.9883,0.9849,0.894,0.8408,1216.0,339.0,992.5,349.5,1030.0,492.0,1184.0,487.5,223.7465,154.0657,0.6886,1,0,0,0
21,3,0,2,1,1,1,0.9854,0.9849,0.8662,0.8301,716.0,355.5,510.25,358.5,519.0,516.0,641.5,496.0,205.7719,124.1219,0.6032,1,0,0,0
21,3,0,1,1,1,1,0.978,0.9888,0.8843,0.9229,348.0,273.5,165.0,250.0,210.0,397.5,321.0,408.0,184.5027,111.4955,0.6043,1,0,0,0
22,3,0,0,1,1,1,0.9883,0.9849,0.8945,0.8408,1216.0,338.5,993.0,349.0,1030.0,492.0,1184.0,487.5,223.2471,154.0657,0.6901,1,0,0,0
22,3,0,2,1,1,1,0.9907,0.9785,0.8818,0.7827,708.5,354.0,512.5,354.5,533.5,515.5,641.0,488.0,196.0006,110.9617,0.5661,1,0,0,0
22,3,0,1,1,1,1,0.978,0.9888,0.8843,0.9229,348.25,273.5,165.0,250.0,210.0,397.5,321.0,408.0,184.7507,111.4955,0.6035,1,0,0,0
23,3,0,0,1,1,1,0.9878,0.9858,0.8911,0.8481,1222.0,341.0,1000.0,349.5,1033.0,491.5,1187.0,490.5,222.1627,154.0032,0.6932,1,0,0,0
23,3,0,2,1,1,1,0.9858,0.9844,0.873,0.8286,709.0,354.5,503.25,357.5,513.5,515.5,658.0,494.0,205.7719,146.0907,0.71,1,0,0,0
23,3,0,1,1,1,1,0.9819,0.9863,0.894,0.9136,349.5,275.0,168.0,248.0,214.875,400.5,318.5,406.5,183.4973,103.7986,0.5657,1,0,0,0
24,3,0,2,1,1,1,0.9854,0.9844,0.8765,0.8423,700.5,352.0,495.75,355.5,511.0,515.0,655.5,493.0,204.7799,146.1651,0.7138,1,0,0,0
24,3,0,0,1,1,1,0.9878,0.9863,0.8843,0.8438,1227.0,341.0,1006.0,351.0,1039.0,491.0,1195.0,487.0,221.2261,156.0513,0.7054,1,0,0,0
24,3,0,1,1,1,1,0.9814,0.9863,0.8945,0.9126,350.5,278.0,171.25,249.0,218.5,400.5,316.5,407.5,181.5807,98.2497,0.5411,1,0,0,0
25,3,0,2,1,1,1,0.9854,0.9844,0.877,0.8423,700.5,351.5,496.0,355.5,511.0,514.5,655.0,493.0,204.5391,145.5962,0.7118,1,0,0,0
25,3,0,0,1,1,1,0.9878,0.9863,0.8843,0.8438,1227.0,341.0,1006.5,351.0,1039.0,491.0,1196.0,487.0,220.7266,157.0509,0.7115,1,0,0,0
25,3,0,1,1,1,1,0.9814,0.9863,0.8945,0.9131,350.5,278.0,171.0,249.0,218.75,400.5,316.25,407.5,181.8275,97.751,0.5376,1,0,0,0
26,3,0,2,1,1,1,0.9854,0.9858,0.8682,0.8467,695.0,352.0,487.75,356.5,512.5,513.0,654.0,492.5,207.2988,142.9773,0.6897,1,0,0,0
26,3,0,0,1,1,1,0.9863,0.9883,0.8691,0.8545,1232.0,339.5,1012.0,349.0,1048.0,488.5,1199.0,483.0,220.205,151.1001,0.6862,1,0,0,0
26,3,0,1,1,1,1,0.9814,0.9863,0.8926,0.9121,350.5,278.5,172.0,247.5,217.125,401.0,317.75,405.5,181.1719,100.7256,0.556,1,0,0,0
27,3,0,2,1,1,1,0.9854,0.9858,0.8677,0.8467,695.5,352.0,487.75,356.5,512.5,513.0,654.0,492.5,207.7987,142.9773,0.6881,1,0,0,0
27,3,0,0,1,1,1,0.9863,0.9878,0.8696,0.8545,1232.0,339.5,1012.0,349.0,1048.0,488.5,1199.0,483.0,220.205,151.1001,0.6862,1,0,0,0
27,3,0,1,1,1,1,0.9814,0.9863,0.8936,0.9116,350.5,278.5,172.125,247.5,217.0,400.5,317.75,405.5,181.0487,100.874,0.5572,1,0,0,0
28,3,0,2,1,1,1,0.9854,0.9863,0.8682,0.8521,692.0,351.0,483.75,357.5,515.0,512.5,655.5,490.0,208.3514,142.2902,0.6829,1,0,0,0
28,3,0,0,1,1,1,0.9829,0.9888,0.7959,0.8662,1232.0,343.0,1025.0,344.5,1058.0,488.5,1209.0,477.5,207.0054,151.4001,0.7314,1,0,0,0
28,3,0,1,1,1,1,0.9814,0.9868,0.8921,0.9141,349.0,278.0,170.875,246.5,213.375,400.0,318.25,403.5,180.8888,104.9334,0.5801,1,0,0,0
29,3,0,2,1,1,1,0.9854,0.9863,0.8682,0.8525,692.0,351.0,483.5,357.5,514.5,512.5,655.0,490.0,208.6013,142.2902,0.6821,1,0,0,0
29,3,0,0,1,1,1,0.9829,0.9888,0.7949,0.8667,1232.0,343.0,1025.0,344.5,1058.0,489.0,1209.0,478.0,207.0054,151.4001,0.7314,1,0,0,0
29,3,0,1,1,1,1,0.9814,0.9868,0.8921,0.9141,348.5,278.0,171.0,246.5,213.5,400.0,318.5,403.5,180.2734,105.0583,0.5828,1,0,0,0
30,3,0,0,1,1,1,0.9805,0.9888,0.7754,0.8696,1236.0,343.0,1032.0,345.5,1060.0,490.0,1211.0,476.5,204.0153,151.6023,0.7431,1,0,0,0
30,3,0,2,1,1,1,0.9858,0.9858,0.874,0.8491,691.0,349.0,480.5,356.0,515.5,509.5,653.5,489.0,210.6164,139.5143,0.6624,1,0,0,0
30,3,0,1,1,1,1,0.9814,0.9868,0.8921,0.915,345.75,277.5,168.0,244.0,207.125,399.0,313.75,403.0,180.8793,106.7,0.5899,1,0,0,0
31,3,0,0,1,1,1,0.9805,0.9888,0.7754,0.8696,1236.0,343.5,1032.0,345.5,1061.0,490.5,1212.0,476.5,204.0098,151.6476,0.7433,1,0,0,0
31,3,0,2,1,1,1,0.9858,0.9858,0.874,0.8496,691.0,349.5,480.5,356.0,515.5,509.5,653.5,489.0,210.6003,139.5143,0.6625,1,0,0,0
31,3,0,1,1,1,1,0.9814,0.9868,0.8926,0.9146,345.5,277.5,168.0,244.5,207.375,399.0,313.5,403.0,180.5415,106.2004,0.5882,1,0,0,0
32,3,0,0,1,1,1,0.979,0.9888,0.7681,0.8691,1239.0,344.0,1037.0,346.0,1065.0,492.0,1214.0,478.0,202.0099,149.6563,0.7408,1,0,0,0
32,3,0,2,1,1,1,0.9868,0.9863,0.8721,0.8428,691.5,348.5,480.25,354.5,516.0,509.5,661.5,491.5,211.3352,146.6092,0.6937,1,0,0,0
32,3,0,1,1,1,1,0.9829,0.9854,0.9023,0.9097,340.5,278.0,164.375,243.5,202.75,392.0,303.75,397.5,179.4722,101.1496,0.5636,1,0,0,0
33,3,0,0,1,1,1,0.979,0.9888,0.7686,0.8691,1239.0,344.0,1037.0,345.5,1064.0,492.0,1214.0,478.0,202.0056,150.6519,0.7458,1,0,0,0
33,3,0,2,1,1,1,0.9868,0.9863,0.8721,0.8428,691.5,348.0,480.25,354.5,516.0,509.5,661.5,491.5,211.35,146.6092,0.6937,1,0,0,0
33,3,0,1,1,1,1,0.9834,0.9854,0.9023,0.9097,340.5,278.0,164.5,243.5,202.75,392.0,303.75,397.5,179.3495,101.1496,0.564,1,0,0,0
34,3,0,0,1,1,1,0.9766,0.9893,0.749,0.874,1241.0,344.0,1039.0,345.0,1067.0,491.0,1216.0,480.0,202.0025,149.4055,0.7396,1,0,0,0
34,3,0,2,1,1,1,0.9863,0.9863,0.8677,0.8477,692.0,346.5,482.75,354.0,522.0,508.0,666.0,491.0,209.3844,145.0,0.6925,1,0,0,0
34,3,0,1,1,1,1,0.9771,0.9883,0.8848,0.9219,335.0,279.5,160.625,247.0,195.375,388.0,298.5,402.5,177.3778,104.1394,0.5871,1,0,0,0
35,3,0,0,1,1,1,0.9766,0.9893,0.7544,0.8779,1242.0,343.5,1042.0,344.0,1067.0,490.5,1218.0,480.0,200.0006,151.3646,0.7568,1,0,0,0
35,3,0,2,1,1,1,0.9868,0.9873,0.8647,0.8428,695.5,346.5,485.25,354.0,526.5,507.5,670.0,490.0,210.3837,144.5631,0.6871,1,0,0,0
35,3,0,1,1,1,1,0.978,0.9878,0.8882,0.9199,325.25,279.5,152.25,249.5,175.375,388.5,284.5,402.5,175.5819,110.0194,0.6266,1,0,0,0
36,3,0,0,1,1,1,0.9761,0.9893,0.7549,0.8779,1242.0,343.5,1042.0,344.0,1068.0,490.5,1218.0,480.0,200.0006,150.3671,0.7518,1,0,0,0
36,3,0,2,1,1,1,0.9868,0.9873,0.8652,0.8423,696.0,346.5,485.25,354.0,526.5,507.5,669.5,490.0,210.8834,144.0668,0.6832,1,0,0,0
36,3,0,1,1,1,1,0.978,0.9878,0.8887,0.9199,325.25,279.5,152.125,249.5,175.5,389.0,284.75,403.0,175.7051,110.1434,0.6269,1,0,0,0
37,3,0,0,1,1,1,0.9766,0.9888,0.7622,0.8765,1242.0,343.5,1043.0,343.5,1066.0,489.0,1218.0,479.0,199.0,152.3286,0.7655,1,0,0,0
37,3,0,2,1,1,1,0.9873,0.9868,0.8735,0.8408,700.0,346.0,490.25,352.5,529.0,504.5,672.5,493.0,209.8507,143.9601,0.686,1,0,0,0
37,3,0,1,1,1,1,0.9795,0.9868,0.894,0.917,313.5,280.0,140.25,252.0,162.5,386.5,270.75,399.5,175.498,109.0278,0.6212,1,0,0,0
38,3,0,0,1,1,1,0.9766,0.9888,0.7622,0.877,1242.0,343.5,1043.0,343.5,1066.0,489.0,1217.0,479.0,199.0,151.3308,0.7605,1,0,0,0
38,3,0,2,1,1,1,0.9873,0.9868,0.873,0.8413,700.0,346.0,490.25,352.0,529.0,505.0,672.0,493.0,209.8358,143.5026,0.6839,1,0,0,0
38,3,0,1,1,1,1,0.9795,0.9868,0.8931,0.9175,313.5,280.0,140.25,252.0,162.625,386.5,270.5,399.5,175.498,108.6555,0.6191,1,0,0,0
39,3,0,0,1,1,1,0.9775,0.9888,0.7729,0.8784,1242.0,344.5,1042.0,344.5,1067.0,489.0,1216.0,478.0,200.0,149.4055,0.747,1,0,0,0
39,3,0,2,1,1,1,0.9883,0.9858,0.8809,0.8242,705.0,345.5,494.5,352.5,528.0,503.5,673.5,493.0,210.6164,145.8784,0.6926,1,0,0,0
39,3,0,1,1,1,1,0.9761,0.9883,0.8721,0.9263,302.75,277.5,128.375,251.5,156.5,392.5,268.25,398.0,176.3027,111.8853,0.6346,1,0,0,0
40,3,0,0,1,1,1,0.9775,0.9888,0.7734,0.8779,1242.0,344.5,1042.0,344.5,1067.0,489.0,1216.0,478.0,200.0,149.4055,0.747,1,0,0,0
40,3,0,2,1,1,1,0.9883,0.9858,0.8813,0.8232,705.0,345.5,494.5,352.5,528.0,503.5,673.5,493.0,210.6164,145.8784,0.6926,1,0,0,0
40,3,0,1,1,1,1,0.9761,0.9883,0.8721,0.9263,302.75,277.5,128.375,251.5,156.75,392.5,268.25,398.0,176.3027,111.6356,0.6332,1,0,0,0
41,3,0,0,1,1,1,0.978,0.9878,0.7788,0.8711,1241.0,345.0,1041.0,345.0,1063.0,486.0,1215.0,476.0,200.0,152.3286,0.7616,1,0,0,0
41,3,0,2,1,1,1,0.9902,0.9819,0.8691,0.8003,703.0,346.0,506.5,348.0,545.0,501.5,673.5,488.0,196.5102,129.2072,0.6575,1,0,0,0
41,3,0,1,1,1,1,0.978,0.9873,0.8716,0.917,293.5,277.5,115.875,253.5,143.0,391.0,258.25,397.5,179.2391,115.4332,0.644,1,0,0,0
42,3,0,0,1,1,1,0.978,0.9878,0.7788,0.8711,1240.0,345.0,1041.0,345.0,1063.0,486.5,1215.0,476.0,199.0,152.3622,0.7656,1,0,0,0
42,3,0,2,1,1,1,0.9907,0.9819,0.8691,0.7998,703.0,346.0,506.5,348.0,545.5,502.0,673.5,488.0,196.5102,128.7633,0.6553,1,0,0,0
42,3,0,1,1,1,1,0.978,0.9873,0.8716,0.917,293.5,277.5,115.75,253.0,142.875,391.0,258.25,397.5,179.4305,115.558,0.644,1,0,0,0
43,3,0,2,1,1,1,0.9902,0.9824,0.8711,0.8071,710.0,348.0,514.0,347.5,551.5,499.0,680.0,485.5,196.0006,129.2072,0.6592,1,0,0,0
43,3,0,0,1,1,1,0.981,0.9873,0.7979,0.8623,1239.0,345.0,1040.0,345.5,1059.0,487.5,1217.0,474.0,199.0006,158.5757,0.7969,1,0,0,0
43,3,0,1,1,1,1,0.9756,0.9888,0.8691,0.9224,284.5,277.0,105.625,259.5,134.75,387.0,245.0,401.0,179.729,111.1353,0.6183,1,0,0,0
44,3,0,2,1,1,1,0.9902,0.9824,0.8711,0.8076,710.0,347.5,514.5,347.5,551.0,499.0,680.5,485.5,195.5,130.2018,0.666,1,0,0,0
44,3,0,0,1,1,1,0.981,0.9873,0.7969,0.8628,1240.0,345.0,1039.0,346.0,1059.0,487.5,1217.0,474.0,201.0025,158.5757,0.7889,1,0,0,0
44,3,0,1,1,1,1,0.9756,0.9888,0.8691,0.9224,284.75,277.0,105.625,259.5,134.75,387.0,245.125,401.0,179.9778,111.2593,0.6182,1,0,0,0
45,3,0,2,1,1,1,0.9883,0.9839,0.8628,0.8335,720.5,348.0,529.5,347.5,566.0,502.0,692.0,482.0,191.0007,127.5774,0.6679,1,0,0,0
45,3,0,0,1,1,1,0.9819,0.9878,0.8022,0.8647,1236.0,345.0,1034.0,346.5,1056.0,485.5,1211.0,474.0,202.0056,155.426,0.7694,1,0,0,0
45,3,0,1,1,1,1,0.9771,0.9883,0.8701,0.917,274.25,278.5,100.125,264.0,130.25,391.0,236.5,403.0,174.7277,106.9255,0.612,1,0,0,0
46,3,0,2,1,1,1,0.9878,0.9863,0.8662,0.8354,733.0,349.0,539.0,350.0,573.5,497.5,701.0,485.5,194.0026,128.0635,0.6601,1,0,0,0
46,3,0,0,1,1,1,0.9863,0.9854,0.8711,0.8501,1232.0,341.0,1019.5,345.0,1048.0,488.5,1197.0,481.0,212.5376,149.1886,0.7019,1,0,0,0
46,3,0,1,1,1,1,0.9854,0.9839,0.8965,0.8896,266.0,285.0,94.375,266.0,126.375,391.5,226.625,399.5,172.6735,100.5687,0.5824,1,0,0,0
47,3,0,2,1,1,1,0.9878,0.9863,0.8662,0.835,733.0,349.0,539.0,350.0,573.0,498.0,701.0,485.5,194.0026,128.6089,0.6629,1,0,0,0
47,3,0,0,1,1,1,0.9863,0.9854,0.8711,0.8496,1232.0,341.5,1019.5,345.0,1048.0,488.5,1197.0,481.0,212.5288,149.1886,0.702,1,0,0,0
47,3,0,1,1,1,1,0.9854,0.9839,0.896,0.8896,266.0,285.0,94.3125,266.0,126.375,391.5,226.5,399.5,172.7356,100.4441,0.5815,1,0,0,0
48,3,0,2,1,1,1,0.9878,0.98,0.8901,0.8335,743.5,349.0,551.5,347.0,587.0,508.0,713.5,486.0,192.0104,128.3988,0.6687,1,0,0,0
48,3,0,0,1,1,1,0.9868,0.9858,0.8843,0.8452,1231.0,344.0,1015.5,348.5,1033.0,486.0,1191.0,479.0,215.547,158.155,0.7337,1,0,0,0
48,3,0,1,1,1,1,0.9829,0.9858,0.8916,0.8931,253.5,282.0,86.0,266.5,106.625,396.0,216.0,405.0,168.2156,109.7447,0.6524,1,0,0,0
49,3,0,2,1,1,1,0.9878,0.98,0.8911,0.832,743.5,349.5,551.5,347.0,586.5,507.5,713.5,486.0,192.0163,128.807,0.6708,1,0,0,0
49,3,0,0,1,1,1,0.9873,0.9834,0.8838,0.8389,1226.0,342.0,1015.0,345.5,1038.0,489.5,1189.0,481.5,211.029,151.2118,0.7165,1,0,0,0
49,3,0,1,1,1,1,0.9829,0.9858,0.8916,0.8936,253.25,282.0,86.0625,266.5,107.125,396.0,216.0,405.0,167.9045,109.2464,0.6506,1,0,0,0
50,3,0,0,1,1,1,0.9873,0.9849,0.8936,0.8428,1224.0,345.0,1010.0,347.5,1030.0,487.5,1179.0,479.0,214.0146,149.2423,0.6973,1,0,0,0
50,3,0,2,1,1,1,0.9878,0.9819,0.8789,0.8232,756.5,352.0,566.0,347.0,597.0,508.0,723.0,488.0,190.5656,127.5774,0.6695,1,0,0,0
50,3,0,1,1,1,1,0.9834,0.9854,0.8877,0.8896,248.75,281.5,81.5,268.0,96.125,394.5,213.75,402.0,167.794,117.8639,0.7024,1,0,0,0
51,3,0,0,1,1,1,0.9873,0.9849,0.8936,0.8428,1224.0,345.0,1010.0,348.0,1030.0,487.5,1179.0,479.5,214.021,149.2146,0.6972,1,0,0,0
51,3,0,2,1,1,1,0.9878,0.9819,0.8794,0.8237,756.5,352.0,566.0,347.0,597.0,508.0,723.0,488.0,190.5656,127.5774,0.6695,1,0,0,0
51,3,0,1,1,1,1,0.9829,0.9854,0.8867,0.8896,248.75,281.5,81.4375,268.0,96.25,394.5,213.5,402.0,167.8563,117.4896,0.6999,1,0,0,0
52,3,0,0,1,1,1,0.9873,0.9849,0.8931,0.8447,1218.0,348.0,1004.0,348.0,1028.0,490.5,1175.0,481.5,214.0,147.2753,0.6882,1,0,0,0
52,3,0,2,1,1,1,0.9897,0.9824,0.8716,0.8154,768.0,354.5,581.0,348.5,612.0,501.0,735.5,486.0,187.0962,124.4076,0.6649,1,0,0,0
52,3,0,1,1,1,1,0.9839,0.9883,0.897,0.9043,249.75,281.0,72.625,271.5,93.375,392.0,215.5,398.5,177.3796,122.2979,0.6895,1,0,0,0
53,3,0,0,1,1,1,0.9878,0.981,0.8926,0.8345,1205.0,345.5,1003.0,344.5,1026.0,494.5,1167.0,481.5,202.0025,141.598,0.701,1,0,0,0
53,3,0,2,1,1,1,0.9883,0.979,0.8955,0.8364,781.5,351.0,594.5,348.0,633.5,508.0,747.0,483.0,187.0241,116.2207,0.6214,1,0,0,0
53,3,0,1,1,1,1,0.9834,0.9888,0.8906,0.9082,246.5,281.0,69.25,274.0,93.8125,390.5,215.0,396.5,177.3882,121.3359,0.684,1,0,0,0
54,3,0,0,1,1,1,0.9878,0.981,0.8931,0.834,1205.0,345.5,1003.0,344.5,1027.0,494.5,1167.0,481.5,202.0025,140.6023,0.696,1,0,0,0
54,3,0,2,1,1,1,0.9883,0.979,0.8955,0.8359,781.5,351.5,594.5,348.0,634.0,508.0,747.0,483.0,187.0328,115.7325,0.6188,1,0,0,0
54,3,0,1,1,1,1,0.9834,0.9888,0.8911,0.9082,246.75,281.0,69.25,274.0,93.625,390.5,215.25,397.0,177.638,121.7986,0.6857,1,0,0,0
55,3,0,2,1,1,1,0.9888,0.9805,0.8892,0.8262,794.0,351.5,607.5,349.0,643.5,509.5,755.5,481.0,186.5168,115.5692,0.6196,1,0,0,0
55,3,0,0,1,1,1,0.9888,0.979,0.9033,0.8271,1201.0,346.0,998.0,345.0,1022.0,496.5,1160.0,482.5,203.0025,138.7083,0.6833,1,0,0,0
55,3,0,1,1,1,1,0.9839,0.9854,0.895,0.8975,239.25,279.0,68.6875,273.0,95.0,388.0,213.5,392.0,170.668,118.5675,0.6947,1,0,0,0
56,3,0,2,1,1,1,0.9888,0.9805,0.8892,0.8262,794.0,351.5,607.5,349.0,643.5,509.5,755.5,481.0,186.5168,115.5692,0.6196,1,0,0,0
56,3,0,0,1,1,1,0.9888,0.979,0.9033,0.8276,1201.0,346.0,998.0,345.0,1022.0,496.5,1160.0,482.5,203.0025,138.7083,0.6833,1,0,0,0
56,3,0,1,1,1,1,0.9839,0.9854,0.8945,0.8975,239.25,279.0,68.75,273.0,94.875,388.0,213.5,392.0,170.6055,118.6924,0.6957,1,0,0,0
57,3,0,0,1,1,1,0.9888,0.98,0.8945,0.8267,1196.0,345.0,992.5,344.0,1018.0,498.0,1155.0,481.0,203.5025,138.0507,0.6784,1,0,0,0
57,3,0,2,1,1,1,0.9888,0.9795,0.8926,0.8208,804.0,352.5,619.0,350.0,654.5,510.0,768.5,484.0,185.0169,116.9273,0.632,1,0,0,0
57,3,0,1,1,1,1,0.9839,0.9878,0.8975,0.9058,242.75,277.0,63.625,276.0,91.9375,388.5,222.625,388.0,179.1278,130.6885,0.7296,1,0,0,0
58,3,0,0,1,1,1,0.9888,0.98,0.8945,0.8267,1196.0,345.0,992.5,344.5,1018.0,498.0,1155.0,481.0,203.5006,138.0507,0.6784,1,0,0,0
58,3,0,2,1,1,1,0.9888,0.9795,0.8926,0.8208,804.0,352.5,619.0,350.0,654.5,510.0,768.5,484.0,185.0169,116.9273,0.632,1,0,0,0
58,3,0,1,1,1,1,0.9839,0.9878,0.8975,0.9058,242.75,277.0,63.5625,276.0,92.0,388.0,222.625,388.0,179.1903,130.625,0.729,1,0,0,0
59,3,0,0,1,1,1,0.9888,0.98,0.8921,0.8232,1191.0,344.5,989.0,343.0,1013.5,495.5,1147.0,479.5,202.0056,134.4554,0.6656,1,0,0,0
59,3,0,1,1,1,1,0.9844,0.9878,0.8979,0.9048,241.75,276.5,63.1875,276.5,93.1875,385.0,221.75,386.0,178.5625,128.5664,0.72,1,0,0,0
59,3,0,2,1,1,1,0.9888,0.9795,0.8931,0.8125,813.0,354.0,628.5,352.5,661.0,512.0,773.5,486.0,184.5061,115.4654,0.6258,1,0,0,0
60,3,0,0,1,1,1,0.9868,0.9863,0.8677,0.8428,1184.0,350.5,986.5,348.5,1004.5,489.5,1144.0,484.0,197.5101,139.6084,0.7068,1,0,0,0
60,3,0,1,1,1,1,0.9834,0.9878,0.8926,0.9048,244.0,274.5,63.875,277.5,94.5,384.5,226.125,382.0,180.15,131.6487,0.7308,1,0,0,0
60,3,0,2,1,1,1,0.9893,0.9795,0.8936,0.8047,820.5,354.0,637.0,352.0,662.0,511.0,777.0,488.0,183.5109,117.2774,0.6391,1,0,0,0
61,3,0,0,1,1,1,0.9868,0.9863,0.8677,0.8438,1184.0,350.5,986.5,349.0,1004.5,489.5,1144.0,484.0,197.5057,139.6084,0.7069,1,0,0,0
61,3,0,1,1,1,1,0.9834,0.9878,0.8931,0.9043,244.0,274.5,63.8125,277.5,94.5,384.5,226.125,382.0,180.2125,131.6487,0.7305,1,0,0,0
61,3,0,2,1,1,1,0.9893,0.9795,0.894,0.8047,820.5,354.0,637.0,352.0,662.5,511.0,777.0,488.5,183.5109,116.6898,0.6359,1,0,0,0
62,3,0,0,1,1,1,0.9883,0.9844,0.8652,0.8301,1178.0,349.0,984.0,346.5,999.0,488.0,1145.0,475.5,194.0161,146.5341,0.7553,1,0,0,0
62,3,0,1,1,1,1,0.9834,0.9878,0.8965,0.9102,245.0,273.0,66.375,277.5,97.375,384.0,229.375,382.0,178.6817,132.0152,0.7388,1,0,0,0
62,3,0,2,1,1,1,0.9902,0.9756,0.9087,0.8174,827.0,353.0,649.5,349.5,662.5,504.0,771.5,486.5,177.5345,110.3959,0.6218,1,0,0,0
63,3,0,0,1,1,1,0.9883,0.9844,0.8643,0.8306,1178.0,349.0,984.0,347.0,999.0,488.5,1145.0,475.5,194.0103,146.5776,0.7555,1,0,0,0
63,3,0,1,1,1,1,0.9834,0.9878,0.8965,0.9102,245.25,273.5,66.375,277.5,97.4375,384.0,229.75,382.0,178.9197,132.3276,0.7396,1,0,0,0
63,3,0,2,1,1,1,0.9902,0.9756,0.9092,0.8174,827.0,352.5,649.5,349.5,662.5,504.0,771.5,486.5,177.5254,110.3959,0.6219,1,0,0,0
64,3,0,2,1,1,1,0.9907,0.9766,0.8931,0.7861,826.5,354.5,650.5,349.5,660.5,498.0,777.5,481.0,176.071,118.2286,0.6715,1,0,0,0
64,3,0,0,1,1,1,0.9873,0.9854,0.8535,0.8364,1174.0,348.5,980.0,348.0,999.5,490.5,1141.0,477.0,194.0006,142.1425,0.7327,1,0,0,0
64,3,0,1,1,1,1,0.9834,0.9834,0.9028,0.9014,242.25,273.0,71.75,275.5,105.625,382.0,222.0,385.5,170.5183,116.4276,0.6828,1,0,0,0
65,3,0,2,1,1,1,0.9907,0.9766,0.8936,0.7866,826.5,354.5,651.0,349.5,660.5,497.5,778.0,481.0,175.5712,118.6529,0.6758,1,0,0,0
65,3,0,0,1,1,1,0.9873,0.9854,0.853,0.8369,1174.0,348.5,980.0,348.5,999.5,490.5,1141.0,477.5,194.0,142.0959,0.7325,1,0,0,0
65,3,0,1,1,1,1,0.9834,0.9834,0.9028,0.9014,242.375,273.0,71.6875,275.5,105.875,382.0,222.25,385.5,170.7058,116.4276,0.682,1,0,0,0
66,3,0,0,1,1,1,0.9878,0.9854,0.8579,0.8369,1170.0,348.0,978.0,347.0,999.5,489.0,1138.0,477.0,192.0026,139.0189,0.724,1,0,0,0
66,3,0,1,1,1,1,0.9839,0.9834,0.9062,0.8999,247.25,273.5,77.25,276.0,111.125,381.0,227.125,385.5,170.0184,116.0873,0.6828,1,0,0,0
66,3,0,2,1,1,1,0.9902,0.9771,0.8955,0.7949,828.0,353.0,655.0,347.0,663.0,495.5,779.0,479.0,173.104,117.1676,0.6769,1,0,0,0
67,3,0,0,1,1,1,0.9878,0.9854,0.8584,0.8359,1170.0,348.0,977.5,347.0,1000.0,489.0,1138.0,477.0,192.5026,138.5208,0.7196,1,0,0,0
67,3,0,1,1,1,1,0.9839,0.9834,0.9067,0.8999,247.0,273.5,77.25,276.0,111.0,381.0,227.0,386.0,169.7684,116.1077,0.6839,1,0,0,0
67,3,0,2,1,1,1,0.9902,0.9771,0.895,0.7949,828.0,353.0,654.5,347.0,663.0,495.5,778.5,478.5,173.6037,116.7444,0.6725,1,0,0,0
68,3,0,0,1,1,1,0.9873,0.9854,0.856,0.8379,1167.0,348.0,975.5,348.0,999.5,488.5,1136.0,478.0,191.5,136.9033,0.7149,1,0,0,0
68,3,0,2,1,1,1,0.9902,0.978,0.8936,0.7983,829.0,353.5,657.0,346.0,662.5,494.0,778.5,478.0,172.1634,117.0982,0.6802,1,0,0,0
68,3,0,1,1,1,1,0.9829,0.9844,0.9033,0.9053,252.625,274.5,83.25,276.5,114.875,381.0,235.25,388.0,169.3868,120.5784,0.7119,1,0,0,0
69,3,0,0,1,1,1,0.9873,0.9854,0.856,0.8374,1167.0,348.0,975.5,348.0,999.5,488.5,1136.0,478.0,191.5,136.9033,0.7149,1,0,0,0
69,3,0,2,1,1,1,0.9902,0.978,0.8931,0.7988,828.5,353.0,657.0,346.0,662.5,494.5,778.5,478.0,171.6428,117.1676,0.6826,1,0,0,0
69,3,0,1,1,1,1,0.9829,0.9844,0.9033,0.9053,252.5,274.5,83.25,276.5,115.0,381.0,235.25,388.0,169.2618,120.4536,0.7116,1,0,0,0
70,3,0,0,1,1,1,0.9873,0.9858,0.853,0.8403,1166.0,348.5,974.5,348.5,999.5,489.5,1136.0,478.0,191.5,136.9836,0.7153,1,0,0,0
70,3,0,2,1,1,1,0.9907,0.9771,0.8979,0.7954,829.0,353.0,658.0,344.5,661.0,492.0,776.5,476.0,171.2111,116.603,0.681,1,0,0,0
70,3,0,1,1,1,1,0.9819,0.9868,0.8979,0.9155,263.25,272.0,89.9375,277.0,136.375,379.5,240.0,387.5,173.3846,103.9333,0.5994,1,0,0,0
71,3,0,0,1,1,1,0.9873,0.9858,0.8521,0.8403,1166.0,348.5,975.0,348.5,999.5,489.5,1136.0,478.0,191.0,136.9836,0.7172,1,0,0,0
71,3,0,2,1,1,1,0.9907,0.9771,0.8979,0.7959,829.0,353.0,658.0,344.5,661.5,492.0,776.0,475.5,171.2111,115.6828,0.6757,1,0,0,0
71,3,0,1,1,1,1,0.9819,0.9868,0.8975,0.916,263.25,272.0,89.9375,277.0,136.25,380.0,240.0,387.5,173.3846,104.0207,0.5999,1,0,0,0
72,3,0,0,1,1,1,0.9873,0.9858,0.8525,0.8438,1167.0,349.0,975.0,349.0,999.0,487.5,1136.0,477.5,192.0,137.3645,0.7154,1,0,0,0
72,3,0,2,1,1,1,0.9907,0.9775,0.8975,0.8003,828.0,353.5,655.5,344.0,662.0,491.5,774.0,475.0,172.7614,113.2089,0.6553,1,0,0,0
72,3,0,1,1,1,1,0.9849,0.9834,0.9048,0.9058,272.0,276.0,100.5,277.0,147.375,379.0,256.0,381.5,171.5029,108.6538,0.6335,1,0,0,0
73,3,0,0,1,1,1,0.9873,0.9854,0.8579,0.8457,1170.0,348.5,978.5,349.0,997.0,486.5,1136.0,478.0,191.5007,139.2596,0.7272,1,0,0,0
73,3,0,2,1,1,1,0.9897,0.9795,0.9038,0.813,825.5,353.0,653.0,343.5,659.0,494.0,774.5,481.5,172.7614,116.1744,0.6725,1,0,0,0
73,3,0,1,1,1,1,0.9834,0.9849,0.8999,0.9121,281.0,276.0,110.0625,276.5,159.125,379.5,265.5,381.5,170.9382,106.3938,0.6224,1,0,0,0
74,3,0,0,1,1,1,0.9873,0.9854,0.8589,0.8462,1170.0,349.0,978.5,349.0,997.5,487.0,1135.0,478.0,191.5,137.7942,0.7196,1,0,0,0
74,3,0,2,1,1,1,0.9897,0.9795,0.9043,0.8125,825.5,353.0,653.0,343.5,659.0,494.0,774.0,481.5,172.7614,115.6774,0.6696,1,0,0,0
74,3,0,1,1,1,1,0.9834,0.9849,0.9004,0.9121,281.0,276.5,110.0625,276.5,159.125,379.5,265.5,381.5,170.9375,106.3938,0.6224,1,0,0,0
75,3,0,0,1,1,1,0.9878,0.9849,0.8647,0.8369,1174.0,349.0,982.5,349.5,996.0,486.5,1143.0,478.0,191.5007,147.2455,0.7689,1,0,0,0
75,3,0,2,1,1,1,0.9902,0.9805,0.9028,0.8135,821.5,354.0,649.5,343.0,658.5,493.0,768.5,478.0,172.3514,111.018,0.6441,1,0,0,0
75,3,0,1,1,1,1,0.9883,0.9839,0.9116,0.9033,289.5,278.5,124.625,277.0,178.5,377.5,277.75,381.0,164.8818,99.3117,0.6023,1,0,0,0
76,3,0,0,1,1,1,0.9878,0.9849,0.8652,0.8369,1174.0,349.0,982.5,349.5,996.5,486.5,1143.0,477.5,191.5007,146.7762,0.7665,1,0,0,0
76,3,0,2,1,1,1,0.9902,0.9805,0.9028,0.814,821.5,354.0,649.5,343.0,658.5,493.0,769.0,478.0,172.3514,111.5135,0.647,1,0,0,0
76,3,0,1,1,1,1,0.9883,0.9839,0.9121,0.9033,289.5,278.5,124.5,277.0,178.5,377.5,277.75,381.0,165.0068,99.3117,0.6019,1,0,0,0
77,3,0,0,1,1,1,0.9863,0.9863,0.8647,0.8438,1179.0,351.0,986.0,350.5,997.5,486.0,1143.0,482.0,193.0006,145.555,0.7542,1,0,0,0
77,3,0,1,1,1,1,0.9863,0.9863,0.9194,0.9058,300.5,275.0,139.125,275.5,186.125,377.5,298.0,382.0,161.3758,111.9655,0.6938,1,0,0,0
77,3,0,2,1,1,1,0.9907,0.98,0.9043,0.8042,818.0,353.0,644.0,342.5,657.5,494.5,765.5,475.5,174.3165,109.6586,0.6291,1,0,0,0
78,3,0,0,1,1,1,0.9863,0.9863,0.8647,0.8438,1179.0,351.0,986.0,350.5,997.5,486.0,1143.0,482.0,193.0006,145.555,0.7542,1,0,0,0
78,3,0,1,1,1,1,0.9863,0.9863,0.9194,0.9058,300.5,275.0,139.125,275.5,186.5,377.5,298.0,382.0,161.3758,111.5908,0.6915,1,0,0,0
78,3,0,2,1,1,1,0.9907,0.98,0.9043,0.8047,818.0,353.0,644.0,342.5,658.0,494.5,765.0,475.5,174.3165,108.6738,0.6234,1,0,0,0
79,3,0,0,1,1,1,0.9873,0.9863,0.8701,0.8369,1185.0,351.5,989.5,350.5,1004.0,486.5,1148.0,483.0,195.5026,144.0425,0.7368,1,0,0,0
79,3,0,2,1,1,1,0.9883,0.9785,0.9028,0.8276,812.0,351.5,637.5,341.5,653.5,498.5,754.0,475.0,174.7863,103.2109,0.5905,1,0,0,0
79,3,0,1,1,1,1,0.9858,0.9829,0.9224,0.9038,308.0,277.0,152.125,275.0,203.0,375.5,301.25,386.0,155.8878,98.8095,0.6338,1,0,0,0
80,3,0,0,1,1,1,0.9873,0.9863,0.8701,0.8369,1185.0,351.5,989.5,350.5,1004.0,486.5,1148.0,483.0,195.5026,144.0425,0.7368,1,0,0,0
80,3,0,2,1,1,1,0.9883,0.9785,0.9023,0.8276,812.0,351.5,637.5,341.5,653.5,498.5,754.0,475.0,174.7863,103.2109,0.5905,1,0,0,0
80,3,0,1,1,1,1,0.9858,0.9834,0.9229,0.9038,308.0,277.0,152.25,275.0,203.25,375.0,301.25,386.0,155.7628,98.6154,0.6331,1,0,0,0
81,3,0,0,1,1,1,0.9878,0.9858,0.8765,0.8306,1192.0,352.0,993.5,349.5,1009.5,486.0,1155.0,482.5,198.5157,145.5421,0.7332,1,0,0,0
81,3,0,2,1,1,1,0.9883,0.978,0.9072,0.8384,802.0,349.5,628.5,340.5,652.0,496.0,744.5,471.0,173.7333,95.8188,0.5515,1,0,0,0
81,3,0,1,1,1,1,0.9858,0.9849,0.9229,0.9087,324.25,277.0,162.5,275.5,215.875,378.0,315.0,387.0,161.757,99.5327,0.6153,1,0,0,0
82,3,0,0,1,1,1,0.9897,0.9795,0.9014,0.8135,1197.0,347.5,995.0,341.5,1018.5,495.5,1154.0,480.5,202.0891,136.3277,0.6746,1,0,0,0
82,3,0,2,1,1,1,0.9873,0.9785,0.9038,0.853,790.0,349.5,619.0,339.5,644.0,490.5,738.5,470.5,171.2921,96.5932,0.5639,1,0,0,0
82,3,0,1,1,1,1,0.9849,0.9873,0.9126,0.9175,336.0,278.0,174.625,278.0,227.625,383.0,326.0,391.5,161.375,98.7415,0.6119,1,0,0,0
83,3,0,0,1,1,1,0.9897,0.9795,0.9014,0.8135,1197.0,347.5,995.0,341.5,1018.5,495.5,1155.0,480.5,202.0891,137.3217,0.6795,1,0,0,0
83,3,0,2,1,1,1,0.9873,0.9785,0.9038,0.853,790.0,349.5,619.0,339.0,644.0,490.5,738.5,470.5,171.3221,96.5932,0.5638,1,0,0,0
83,3,0,1,1,1,1,0.9849,0.9873,0.9131,0.9175,336.0,277.5,174.5,278.0,227.625,383.0,326.0,391.5,161.5008,98.7415,0.6114,1,0,0,0
84,3,0,0,1,1,1,0.9893,0.9805,0.8979,0.8198,1200.0,350.0,999.5,341.5,1021.5,497.0,1156.0,481.5,200.6801,135.3902,0.6747,1,0,0,0
84,3,0,2,1,1,1,0.9873,0.9795,0.896,0.8501,780.5,349.0,611.0,339.0,634.5,488.0,729.5,470.0,169.7947,96.6902,0.5695,1,0,0,0
84,3,0,1,1,1,1,0.9863,0.9868,0.9199,0.9126,345.75,281.0,188.125,277.5,233.375,385.0,343.0,387.5,157.6639,109.6535,0.6955,1,0,0,0
85,3,0,0,1,1,1,0.9878,0.9868,0.8765,0.8442,1200.0,355.5,1002.0,348.5,1020.0,489.5,1158.0,483.5,198.1237,138.1304,0.6972,1,0,0,0
85,3,0,2,1,1,1,0.9873,0.9795,0.896,0.8506,781.0,349.0,611.0,339.0,634.5,488.0,729.5,470.5,170.2939,96.5984,0.5672,1,0,0,0
85,3,0,1,1,1,1,0.9863,0.9868,0.9194,0.9131,345.75,281.0,188.125,277.5,233.125,385.5,343.25,388.0,157.6639,110.1534,0.6987,1,0,0,0
86,3,0,0,1,1,1,0.9883,0.9805,0.8975,0.8271,1203.0,351.5,1003.5,341.5,1026.0,498.5,1155.0,482.0,199.7505,130.051,0.6511,1,0,0,0
86,3,0,1,1,1,1,0.9873,0.9878,0.9224,0.9141,357.5,280.0,199.125,275.0,241.75,383.5,351.5,388.0,158.4539,109.8422,0.6932,1,0,0,0
86,3,0,2,1,1,1,0.9854,0.981,0.9023,0.8574,772.0,348.5,600.0,342.5,629.0,487.5,707.0,465.0,172.1046,81.1804,0.4717,1,1,1,0
87,3,0,0,1,1,1,0.9883,0.9805,0.897,0.8262,1203.0,351.5,1003.5,341.5,1026.0,498.5,1155.0,482.0,199.7505,130.051,0.6511,1,0,0,0
87,3,0,1,1,1,1,0.9873,0.9878,0.9224,0.9136,357.5,280.5,199.125,275.0,241.125,384.0,351.5,388.0,158.4705,110.4475,0.697,1,0,0,0
87,3,0,2,1,1,1,0.9883,0.979,0.8989,0.8438,771.5,349.5,603.0,340.0,628.0,488.5,713.0,468.5,168.7676,87.3212,0.5174,1,0,0,0
88,3,0,0,1,1,1,0.9883,0.9814,0.8931,0.8296,1203.0,352.0,1004.0,341.5,1026.0,497.0,1155.0,483.0,199.2768,129.7575,0.6511,1,0,0,0
88,3,0,2,1,1,1,0.9888,0.9829,0.8818,0.8521,759.5,355.5,593.0,344.0,619.0,490.5,706.5,467.0,166.8967,90.6008,0.5429,1,0,0,0
88,3,0,1,1,1,1,0.9883,0.9873,0.9316,0.9165,363.25,279.5,207.25,274.5,257.5,377.5,349.25,386.5,156.0801,92.1904,0.5907,1,0,0,0
89,3,0,0,1,1,1,0.9878,0.981,0.8955,0.8359,1204.0,351.0,1006.0,341.5,1029.0,496.0,1156.0,481.5,198.2278,127.8251,0.6448,1,0,0,0
89,3,0,2,1,1,1,0.9854,0.9819,0.8838,0.8555,752.5,353.5,584.0,344.0,607.5,497.0,697.5,474.0,168.7676,92.8924,0.5504,1,0,0,0
89,3,0,1,1,1,1,0.9883,0.9878,0.9312,0.917,368.25,280.5,215.25,274.5,268.0,377.5,356.5,388.0,153.1176,89.1207,0.582,1,0,0,0
90,3,0,0,1,1,1,0.9878,0.981,0.8955,0.8354,1204.0,351.0,1006.0,341.5,1029.0,496.0,1156.0,481.5,198.2278,127.8251,0.6448,1,0,0,0
90,3,0,2,1,1,1,0.9854,0.9819,0.8838,0.855,752.5,353.5,584.0,344.0,607.5,497.0,697.5,474.0,168.7676,92.8924,0.5504,1,0,0,0
90,3,0,1,1,1,1,0.9883,0.9878,0.9312,0.9165,368.25,280.5,215.25,275.0,268.0,377.5,356.5,388.0,153.0988,89.1207,0.5821,1,0,0,0
91,3,0,2,1,1,1,0.9863,0.9819,0.8848,0.8506,745.5,354.5,576.5,344.5,600.0,497.0,692.5,475.0,169.2956,95.0802,0.5616,1,0,0,0
91,3,0,0,1,1,1,0.9878,0.9805,0.8965,0.8359,1202.0,350.5,1006.5,343.0,1029.0,494.5,1158.0,481.0,195.6438,129.7045,0.663,1,0,0,0
91,3,0,1,1,1,1,0.9873,0.9883,0.9277,0.9209,374.5,281.5,221.75,274.0,273.25,377.5,362.75,389.5,152.934,90.3009,0.5905,1,0,0,0
92,3,0,2,1,1,1,0.9863,0.9819,0.8843,0.8511,745.5,354.5,576.5,344.5,600.0,497.0,693.0,475.0,169.2956,95.5667,0.5645,1,0,0,0
92,3,0,0,1,1,1,0.9878,0.9805,0.897,0.8354,1202.0,350.5,1006.5,343.0,1029.0,494.5,1158.0,481.0,195.6438,129.7045,0.663,1,0,0,0
92,3,0,1,1,1,1,0.9873,0.9883,0.9277,0.9209,374.5,281.5,221.75,274.0,273.25,378.0,362.75,389.5,152.934,90.2358,0.59,1,0,0,0
93,3,0,2,1,1,1,0.9863,0.9814,0.8887,0.8535,740.0,352.0,570.5,344.0,597.0,497.0,687.5,469.5,169.6887,94.5859,0.5574,1,0,0,0
93,3,0,0,1,1,1,0.9878,0.9795,0.9009,0.8354,1202.0,350.0,1007.0,343.5,1029.0,494.0,1158.0,481.0,195.1083,129.6534,0.6645,1,0,0,0
93,3,0,1,1,1,1,0.9873,0.9863,0.9238,0.9155,374.5,283.0,224.75,271.0,279.0,376.0,365.5,387.0,150.23,87.1966,0.5804,1,0,0,0
94,3,0,2,1,1,1,0.9863,0.9814,0.8887,0.8535,740.0,352.0,570.5,344.0,597.0,497.0,687.5,470.0,169.6887,94.4418,0.5566,1,0,0,0
94,3,0,0,1,1,1,0.9878,0.9795,0.9009,0.8354,1201.0,350.5,1007.0,343.5,1029.0,494.0,1158.0,480.5,194.1262,129.7045,0.6681,1,0,0,0
94,3,0,1,1,1,1,0.9873,0.9863,0.9238,0.9155,374.5,283.0,225.0,271.0,279.25,376.0,365.5,387.0,149.9808,86.9486,0.5797,1,0,0,0
95,3,0,2,1,1,1,0.9873,0.9805,0.8906,0.8438,734.0,350.5,565.5,344.0,595.0,494.5,687.0,465.5,168.6253,96.4624,0.5721,1,0,0,0
95,3,0,0,1,1,1,0.9878,0.9858,0.8862,0.8462,1198.0,354.0,1004.0,349.0,1021.5,488.0,1160.0,481.5,194.0644,138.6524,0.7145,1,0,0,0
95,3,0,1,1,1,1,0.9888,0.9824,0.939,0.8892,382.0,280.0,226.625,270.0,287.0,373.5,362.0,379.5,155.6965,75.2396,0.4832,1,1,1,0
96,3,0,2,1,1,1,0.9873,0.98,0.894,0.8452,731.0,349.5,563.5,343.5,594.0,493.5,687.0,466.5,167.6074,96.8401,0.5778,1,0,0,0
96,3,0,0,1,1,1,0.9873,0.9863,0.8794,0.8486,1195.0,354.0,1001.5,350.0,1018.0,488.0,1161.0,479.0,193.5413,143.2829,0.7403,1,0,0,0
96,3,0,1,1,1,1,0.9888,0.9834,0.938,0.896,383.5,281.5,228.125,271.0,288.0,372.0,361.5,380.0,155.7294,73.9341,0.4748,1,1,2,0
97,3,0,2,1,1,1,0.9873,0.98,0.894,0.8457,730.5,349.5,563.5,343.5,594.0,493.5,687.0,466.5,167.1077,96.8401,0.5795,1,0,0,0
97,3,0,0,1,1,1,0.9873,0.9863,0.8789,0.8486,1195.0,354.0,1001.5,350.0,1018.0,488.0,1161.0,479.0,193.5413,143.2829,0.7403,1,0,0,0
97,3,0,1,1,1,1,0.9878,0.9878,0.9268,0.9224,380.0,284.0,229.75,271.0,284.75,372.0,364.0,384.5,150.8113,80.2297,0.532,1,0,0,0
98,3,0,0,1,1,1,0.9868,0.9873,0.8696,0.8506,1188.0,355.0,996.5,351.5,1015.0,486.5,1161.0,477.0,191.532,146.3087,0.7639,1,0,0,0
98,3,0,2,1,1,1,0.9868,0.9805,0.8887,0.8521,728.5,349.0,562.0,344.0,596.0,492.5,691.5,465.0,166.5751,99.3806,0.5966,1,0,0,0
98,3,0,1,1,1,1,0.9883,0.9878,0.9272,0.918,380.75,285.0,229.375,272.0,281.0,373.5,364.5,385.5,151.9322,84.3579,0.5552,1,0,0,0
99,3,0,0,1,1,1,0.9868,0.9873,0.8701,0.8506,1188.0,355.0,996.5,351.5,1014.5,486.5,1161.0,477.0,191.532,146.8077,0.7665,1,0,0,0
99,3,0,2,1,1,1,0.9868,0.9805,0.8882,0.8521,728.5,349.0,562.0,344.0,595.5,492.5,691.5,465.0,166.5751,99.8612,0.5995,1,0,0,0
99,3,0,1,1,1,1,0.9883,0.9873,0.9272,0.918,380.75,285.0,229.375,272.0,281.0,373.5,364.5,385.5,151.9322,84.3579,0.5552,1,0,0,0
100,3,0,0,1,1,1,0.9868,0.9863,0.8721,0.8418,1183.0,354.0,993.0,352.5,1009.0,482.5,1158.0,474.0,190.0059,149.2423,0.7855,1,0,0,0
100,3,0,2,1,1,1,0.9858,0.9814,0.8853,0.8608,728.0,347.0,562.0,344.0,602.0,491.0,691.5,461.5,166.0271,94.2364,0.5676,1,0,0,0
100,3,0,1,1,1,1,0.9888,0.9873,0.9268,0.9136,380.0,285.0,229.125,272.5,278.0,374.0,363.0,387.5,151.3919,86.0654,0.5685,1,0,0,0
101,3,0,0,1,1,1,0.9868,0.9863,0.8716,0.8418,1183.0,354.0,993.0,352.5,1009.0,482.5,1158.0,474.0,190.0059,149.2423,0.7855,1,0,0,0
101,3,0,2,1,1,1,0.9858,0.9814,0.8853,0.8608,728.0,347.0,561.5,344.0,601.5,491.0,692.0,461.5,166.527,95.1867,0.5716,1,0,0,0
101,3,0,1,1,1,1,0.9883,0.9873,0.9263,0.9141,380.0,285.0,229.0,272.5,278.0,374.0,363.25,387.5,151.5165,86.3123,0.5697,1,0,0,0
102,3,0,2,1,1,1,0.9858,0.9824,0.877,0.8599,730.0,347.0,563.0,344.5,602.5,490.0,695.0,461.0,167.0187,96.9394,0.5804,1,0,0,0
102,3,0,0,1,1,1,0.9863,0.9863,0.8677,0.8452,1176.0,352.0,989.0,350.0,1004.0,481.5,1151.0,470.5,187.0107,147.411,0.7882,1,0,0,0
102,3,0,1,1,1,1,0.9878,0.9878,0.9219,0.9155,379.75,285.5,228.875,273.0,278.5,374.0,362.75,388.0,151.3919,85.4053,0.5641,1,0,0,0
103,3,0,2,1,1,1,0.9858,0.9824,0.877,0.8604,730.0,346.5,563.0,344.5,602.0,490.0,695.0,461.0,167.012,97.4166,0.5833,1,0,0,0
103,3,0,0,1,1,1,0.9863,0.9863,0.8677,0.8457,1176.0,352.0,989.0,350.0,1003.5,482.0,1152.0,471.0,187.0107,148.9069,0.7962,1,0,0,0
103,3,0,1,1,1,1,0.9878,0.9878,0.9219,0.916,379.5,285.5,229.0,273.0,278.5,374.0,363.0,388.0,151.0182,85.6519,0.5672,1,0,0,0
104,3,0,0,1,1,1,0.9878,0.9849,0.8647,0.8398,1169.0,350.0,982.0,347.5,1000.0,479.0,1144.0,462.5,187.0167,144.9422,0.775,1,0,0,0
104,3,0,2,1,1,1,0.9858,0.9824,0.8799,0.8608,733.0,346.5,566.0,344.5,604.0,486.0,696.5,460.0,167.012,96.0846,0.5753,1,0,0,0
104,3,0,1,1,1,1,0.9888,0.9878,0.9253,0.9131,377.75,284.5,227.25,275.0,275.0,376.0,360.75,389.0,150.7995,86.7298,0.5751,1,0,0,0
105,3,0,0,1,1,1,0.9878,0.9849,0.8652,0.8398,1169.0,350.0,982.5,347.5,1001.0,478.5,1144.0,462.5,186.5168,143.8923,0.7715,1,0,0,0
105,3,0,2,1,1,1,0.9858,0.9824,0.8799,0.8608,733.0,346.0,566.0,344.0,604.0,486.0,696.5,460.0,167.012,96.0846,0.5753,1,0,0,0
105,3,0,1,1,1,1,0.9888,0.9878,0.9248,0.9131,377.75,284.5,227.5,274.5,275.0,376.0,360.75,389.0,150.5824,86.7298,0.576,1,0,0,0
106,3,0,0,1,1,1,0.9888,0.9814,0.8828,0.8267,1167.0,347.0,977.5,346.0,995.5,482.5,1132.0,467.5,189.5026,137.3217,0.7246,1,0,0,0
106,3,0,2,1,1,1,0.9849,0.9824,0.8774,0.8657,738.0,346.0,570.0,343.0,609.5,486.5,703.0,463.5,168.0268,96.2873,0.573,1,0,0,0
106,3,0,1,1,1,1,0.9888,0.9883,0.9224,0.9136,375.75,284.5,224.75,276.0,273.0,377.5,360.0,387.5,151.239,87.5728,0.579,1,0,0,0
107,3,0,0,1,1,1,0.9888,0.9814,0.8828,0.8271,1167.0,347.0,977.5,346.0,995.5,482.5,1132.0,467.5,189.5026,137.3217,0.7246,1,0,0,0
107,3,0,2,1,1,1,0.9849,0.9824,0.877,0.8662,738.0,346.0,570.0,343.0,610.0,486.5,703.0,463.5,168.0268,95.8019,0.5702,1,0,0,0
107,3,0,1,1,1,1,0.9888,0.9883,0.9224,0.9136,376.0,284.5,224.75,276.0,272.75,377.5,360.0,387.5,151.4887,87.8212,0.5797,1,0,0,0
108,3,0,0,1,1,1,0.9893,0.9814,0.8853,0.8213,1162.0,347.0,972.0,347.0,988.0,484.0,1123.0,470.5,190.0,135.6733,0.7141,1,0,0,0
108,3,0,2,1,1,1,0.9868,0.9849,0.8735,0.8613,745.0,348.0,577.5,344.5,614.5,482.5,714.0,460.5,167.5366,101.9031,0.6082,1,0,0,0
108,3,0,1,1,1,1,0.9873,0.9897,0.915,0.9204,374.75,282.5,222.625,278.5,269.0,380.5,359.75,388.5,152.1776,91.1019,0.5987,1,0,0,0
109,3,0,0,1,1,1,0.9897,0.98,0.8916,0.8149,1156.0,346.5,970.0,347.5,980.0,487.0,1113.0,476.5,186.0027,133.4138,0.7173,1,0,0,0
109,3,0,1,1,1,1,0.9873,0.9897,0.9141,0.9189,371.75,282.0,220.875,280.0,271.25,381.5,357.5,388.0,150.8883,86.4946,0.5732,1,0,0,0
109,3,0,2,1,1,1,0.9863,0.9795,0.9062,0.8604,750.0,346.0,585.5,345.0,627.0,477.5,711.0,457.0,164.503,86.4653,0.5256,1,0,0,0
110,3,0,0,1,1,1,0.9897,0.98,0.8911,0.8159,1156.0,346.5,970.0,347.0,980.0,487.0,1113.0,476.5,186.0007,133.4138,0.7173,1,0,0,0
110,3,0,1,1,1,1,0.9873,0.9897,0.9141,0.9185,371.75,282.0,220.875,280.0,271.5,381.5,358.0,388.5,150.8883,86.7828,0.5751,1,0,0,0
110,3,0,2,1,1,1,0.9863,0.9795,0.9062,0.8604,750.0,346.0,586.0,345.0,626.5,477.5,711.0,457.0,164.003,86.9511,0.5302,1,0,0,0
111,3,0,0,1,1,1,0.9897,0.9795,0.8945,0.8193,1151.0,347.0,969.5,347.0,980.0,486.0,1114.0,474.0,181.5,134.5362,0.7412,1,0,0,0
111,3,0,2,1,1,1,0.9854,0.9805,0.897,0.8604,760.5,349.5,600.0,346.5,639.5,477.0,729.0,461.0,160.528,90.9189,0.5664,1,0,0,0
111,3,0,1,1,1,1,0.9873,0.9893,0.9126,0.9146,370.25,281.0,217.375,282.0,260.5,384.0,354.5,390.0,152.8783,94.1913,0.6161,1,0,0,0
112,3,0,0,1,1,1,0.9897,0.9795,0.894,0.8198,1151.0,347.0,969.0,347.0,979.5,486.0,1114.0,474.0,182.0,135.0343,0.7419,1,0,0,0
112,3,0,2,1,1,1,0.9854,0.9805,0.9033,0.8633,760.5,348.5,596.5,347.0,642.0,476.0,723.0,456.0,164.0069,83.4326,0.5087,1,0,0,0
112,3,0,1,1,1,1,0.9873,0.9893,0.9126,0.915,370.25,281.0,217.375,282.0,260.75,384.0,354.5,390.0,152.8783,93.9418,0.6145,1,0,0,0
113,3,0,0,1,1,1,0.9897,0.98,0.8926,0.8286,1150.0,347.0,968.0,348.5,983.0,484.5,1111.0,470.0,182.0062,128.8187,0.7078,1,0,0,0
113,3,0,2,1,1,1,0.9878,0.9785,0.9209,0.8569,768.0,349.5,611.5,347.5,652.5,476.0,739.0,460.5,156.5128,87.8778,0.5615,1,0,0,0
113,3,0,1,1,1,1,0.9912,0.9868,0.9199,0.8975,364.75,283.0,213.25,281.5,248.875,386.5,343.0,389.5,151.5074,94.1728,0.6216,1,0,0,0
114,3,0,0,1,1,1,0.9897,0.98,0.8926,0.8286,1150.0,347.0,968.0,348.0,983.0,484.5,1111.0,470.0,182.0027,128.8187,0.7078,1,0,0,0
114,3,0,2,1,1,1,0.9878,0.9785,0.9204,0.8564,768.0,349.5,611.5,347.0,652.5,476.0,739.0,460.5,156.52,87.8778,0.5614,1,0,0,0
114,3,0,1,1,1,1,0.9912,0.9868,0.9204,0.8975,364.75,283.0,213.375,281.5,248.875,386.5,343.0,390.0,151.3824,94.1901,0.6222,1,0,0,0
115,3,0,0,1,1,1,0.9893,0.979,0.8945,0.8267,1149.0,346.5,968.0,347.5,982.5,482.5,1111.0,466.5,181.0028,129.4923,0.7154,1,0,0,0
115,3,0,2,1,1,1,0.9893,0.9785,0.915,0.856,779.5,348.5,623.0,348.0,666.0,484.0,752.0,460.5,156.5008,89.153,0.5697,1,0,0,0
115,3,0,1,1,1,1,0.9922,0.9858,0.9209,0.8833,360.75,283.0,210.5,283.5,238.125,389.5,333.75,392.0,150.2508,95.6577,0.6367,1,0,0,0
116,3,0,0,1,1,1,0.9893,0.979,0.8945,0.8267,1149.0,346.5,968.5,347.5,982.0,482.5,1111.0,466.5,180.5028,129.9885,0.7201,1,0,0,0
116,3,0,2,1,1,1,0.9893,0.9785,0.915,0.8555,779.5,348.5,623.0,348.0,666.0,484.0,752.5,460.5,156.5008,89.6354,0.5727,1,0,0,0
116,3,0,1,1,1,1,0.9922,0.9858,0.9209,0.8843,360.75,283.0,210.5,283.5,238.5,389.5,333.75,392.0,150.2508,95.2828,0.6342,1,0,0,0
117,3,0,1,1,1,1,0.9922,0.9854,0.9238,0.8809,356.5,285.0,208.125,283.0,233.0,391.5,330.5,392.0,148.3885,97.5013,0.6571,1,0,0,0
117,3,0,0,1,1,1,0.9893,0.9785,0.896,0.8218,1151.0,345.5,969.5,347.5,984.5,482.0,1110.0,465.0,181.511,126.6462,0.6977,1,0,0,0
117,3,0,2,1,1,1,0.9873,0.9805,0.9014,0.8628,789.0,352.5,632.5,349.0,677.0,484.0,759.0,462.5,156.5391,84.7718,0.5415,1,0,0,0
118,3,0,0,1,1,1,0.9893,0.978,0.897,0.8228,1154.0,346.0,973.5,347.5,993.0,480.5,1117.0,461.5,180.5062,125.4472,0.695,1,0,0,0
118,3,0,2,1,1,1,0.9878,0.979,0.9043,0.8472,798.5,354.5,643.0,350.0,680.5,485.0,763.0,464.5,155.5651,85.0088,0.5465,1,0,0,0
118,3,0,1,1,1,1,0.9927,0.9863,0.9229,0.8877,352.25,284.0,203.75,282.0,229.875,391.5,326.75,391.0,148.5135,96.8763,0.6523,1,0,0,0
119,3,0,0,1,1,1,0.9893,0.978,0.897,0.8232,1154.0,346.0,974.0,347.5,993.0,480.5,1117.0,461.5,180.0062,125.4472,0.6969,1,0,0,0
119,3,0,2,1,1,1,0.9878,0.979,0.9038,0.8472,798.5,354.5,642.5,350.0,680.5,485.0,763.0,464.5,156.0649,85.0088,0.5447,1,0,0,0
119,3,0,1,1,1,1,0.9922,0.9863,0.9224,0.8882,352.25,284.0,203.75,282.0,230.0,391.0,326.5,391.0,148.5135,96.5,0.6498,1,0,0,0
120,3,0,0,1,1,1,0.9897,0.978,0.8999,0.8228,1159.0,346.0,977.5,348.5,1005.0,478.0,1120.0,460.5,181.5172,116.3239,0.6408,1,0,0,0
120,3,0,2,1,1,1,0.9873,0.9795,0.9082,0.8608,806.5,353.5,651.0,350.0,691.0,486.5,762.5,463.5,155.5394,75.1083,0.4829,1,1,1,0
120,3,0,1,1,1,1,0.9927,0.9863,0.9219,0.8862,349.0,284.5,199.5,283.0,230.875,393.5,322.5,393.0,149.5075,91.6264,0.6129,1,0,0,0
121,3,0,0,1,1,1,0.9897,0.978,0.8999,0.8232,1159.0,346.0,977.5,348.5,1004.5,478.0,1120.0,460.5,181.5172,116.8182,0.6436,1,0,0,0
121,3,0,2,1,1,1,0.9873,0.9795,0.9082,0.8604,806.5,354.0,651.0,350.0,691.0,486.5,762.5,463.5,155.5514,75.1083,0.4829,1,1,2,0
121,3,0,1,1,1,1,0.9927,0.9863,0.9219,0.8862,349.0,284.5,199.375,283.0,230.625,393.5,322.5,393.0,149.6325,91.8764,0.614,1,0,0,0
122,3,0,0,1,1,1,0.9897,0.978,0.9028,0.8232,1164.0,345.5,981.5,348.5,1018.0,477.5,1126.0,460.5,182.5247,109.3298,0.599,1,0,0,0
122,3,0,1,1,1,1,0.9927,0.9858,0.9219,0.8818,346.5,283.5,198.75,283.5,232.25,396.5,324.0,394.5,147.75,91.7718,0.6211,1,0,0,0
122,3,0,2,1,1,1,0.9873,0.9795,0.9106,0.8589,813.0,354.0,658.5,350.0,694.5,485.5,778.5,463.0,154.5518,86.9612,0.5627,1,0,0,0
123,3,0,0,1,1,1,0.9897,0.978,0.9028,0.8232,1164.0,345.5,981.5,348.5,1018.0,478.0,1126.0,460.5,182.5247,109.4086,0.5994,1,0,0,0
123,3,0,1,1,1,1,0.9927,0.9858,0.9214,0.8818,346.5,283.5,198.75,283.5,232.375,396.5,324.0,395.0,147.75,91.6373,0.6202,1,0,0,0
123,3,0,2,1,1,1,0.9873,0.9795,0.9106,0.8589,813.0,354.0,659.0,350.0,694.0,485.5,778.5,463.0,154.0519,87.4443,0.5676,1,0,0,0
124,3,0,0,1,1,1,0.9883,0.978,0.9019,0.8413,1171.0,348.5,990.0,350.5,1022.5,483.0,1133.0,462.5,181.011,112.3855,0.6209,1,0,0,0
124,3,0,1,1,1,1,0.9932,0.9854,0.9307,0.8828,346.0,282.5,197.5,283.5,234.75,395.0,321.5,395.0,148.5034,86.75,0.5842,1,0,0,0
124,3,0,2,1,1,1,0.9888,0.9771,0.9224,0.8491,817.0,354.0,664.0,349.5,694.0,478.0,779.0,461.0,153.0662,86.6833,0.5663,1,0,0,0
125,3,0,0,1,1,1,0.9873,0.9795,0.895,0.8472,1176.0,348.5,995.5,349.5,1026.0,484.5,1139.0,464.5,180.5028,114.7563,0.6358,1,0,0,0
125,3,0,1,1,1,1,0.9937,0.9844,0.9346,0.8779,344.75,281.0,196.75,283.0,235.625,392.0,321.25,392.5,148.0135,85.6265,0.5785,1,0,0,0
125,3,0,2,1,1,1,0.9878,0.9756,0.9268,0.8472,822.5,351.0,667.5,349.0,695.5,473.0,772.5,457.0,155.0129,78.6448,0.5073,1,0,0,0
126,3,0,0,1,1,1,0.9893,0.9785,0.9019,0.8325,1175.0,346.5,992.0,347.0,1029.0,482.5,1140.0,463.0,183.0007,112.6998,0.6158,1,0,0,0
126,3,0,1,1,1,1,0.9937,0.9844,0.9346,0.8779,344.75,280.5,196.625,283.0,235.75,392.0,321.25,392.5,148.1461,85.5015,0.5771,1,0,0,0
126,3,0,2,1,1,1,0.9878,0.9756,0.9268,0.8472,822.5,351.0,667.5,348.5,695.5,473.0,772.5,457.0,155.0202,78.6448,0.5073,1,0,0,0
127,3,0,0,1,1,1,0.9878,0.9839,0.8882,0.8428,1178.0,350.0,995.5,352.0,1028.0,479.0,1151.0,463.5,182.511,123.9728,0.6793,1,0,0,0
127,3,0,1,1,1,1,0.9937,0.9844,0.9331,0.8774,345.0,280.5,196.125,283.0,235.5,393.0,321.75,393.0,148.896,86.25,0.5793,1,0,0,0
127,3,0,2,1,1,1,0.9878,0.9756,0.9292,0.8491,825.5,349.0,672.0,346.5,700.0,471.5,770.5,458.0,153.5204,71.7809,0.4676,1,1,1,0
128,3,0,0,1,1,1,0.9878,0.9839,0.8882,0.8428,1178.0,350.0,995.5,352.0,1028.0,479.0,1151.0,463.5,182.511,123.9728,0.6793,1,0,0,0
128,3,0,1,1,1,1,0.9937,0.9844,0.9331,0.8779,345.0,280.5,196.125,283.5,235.625,393.0,321.75,393.0,148.9052,86.125,0.5784,1,0,0,0
128,3,0,2,1,1,1,0.9878,0.9756,0.9292,0.8481,825.5,349.0,672.0,346.5,700.0,471.5,770.5,458.0,153.5204,71.7809,0.4676,1,1,2,0
129,3,0,0,1,1,1,0.9878,0.9854,0.8818,0.8501,1183.0,350.5,998.0,352.0,1030.0,478.0,1160.0,464.0,185.0061,130.7517,0.7067,1,0,0,0
129,3,0,1,1,1,1,0.9932,0.9844,0.9341,0.8857,346.0,280.5,197.25,283.5,239.25,392.0,322.0,393.5,148.7802,82.7636,0.5563,1,0,0,0
129,3,0,2,1,1,1,0.9883,0.9756,0.9312,0.8496,827.0,348.0,674.5,345.0,703.0,468.5,768.5,456.5,152.5295,66.5902,0.4366,1,1,3,0
130,3,0,0,1,1,1,0.9878,0.9854,0.8818,0.8501,1183.0,350.5,998.0,352.0,1030.0,478.0,1160.0,463.5,185.0061,130.8062,0.707,1,0,0,0
130,3,0,1,1,1,1,0.9932,0.9844,0.9336,0.8853,346.0,280.5,197.25,283.5,239.625,391.5,322.0,393.5,148.7802,82.3993,0.5538,1,0,0,0
130,3,0,2,1,1,1,0.9883,0.9756,0.9312,0.8501,827.0,348.0,674.5,345.0,702.5,468.5,768.5,456.5,152.5295,67.082,0.4398,1,1,4,0
131,3,0,0,1,1,1,0.9873,0.9858,0.8799,0.856,1186.0,350.0,1000.5,352.0,1032.0,477.5,1160.0,462.5,185.5108,128.8759,0.6947,1,0,0,0
131,3,0,1,1,1,1,0.9932,0.9849,0.9316,0.8862,348.25,280.5,200.0,284.0,239.25,392.0,324.75,393.0,148.2913,85.5058,0.5766,1,0,0,0
131,3,0,2,1,1,1,0.9883,0.9746,0.9326,0.8467,828.0,347.5,676.0,343.0,703.5,469.0,769.0,456.0,152.0666,66.7776,0.4391,1,1,5,0
132,3,0,0,1,1,1,0.9873,0.9858,0.877,0.8564,1189.0,349.5,1003.0,352.0,1032.0,477.5,1160.0,461.5,186.0168,128.9961,0.6935,1,0,0,0
132,3,0,1,1,1,1,0.9922,0.9858,0.9277,0.897,351.5,280.5,203.0,284.5,246.625,391.0,326.75,394.0,148.5539,80.1811,0.5397,1,0,0,0
132,3,0,2,1,1,1,0.9878,0.9746,0.9316,0.8472,827.0,347.0,675.5,343.0,701.0,468.0,769.5,455.0,151.5528,69.7227,0.4601,1,1,6,1
133,3,0,0,1,1,1,0.9873,0.9863,0.877,0.8569,1189.0,349.5,1003.0,352.0,1032.0,477.5,1160.0,461.5,186.0168,128.9961,0.6935,1,0,0,0
133,3,0,1,1,1,1,0.9922,0.9858,0.9277,0.897,351.5,280.5,203.125,284.5,246.625,391.0,326.75,394.0,148.4289,80.1811,0.5402,1,0,0,0
133,3,0,2,1,1,1,0.9878,0.9746,0.9321,0.8467,827.0,347.0,675.5,343.0,700.5,468.0,769.5,455.5,151.5528,70.1231,0.4627,1,1,7,1
134,3,0,0,1,1,1,0.9873,0.9858,0.877,0.8511,1190.0,350.5,1003.5,352.5,1031.0,477.5,1163.0,461.0,186.5107,133.0273,0.7132,1,0,0,0
134,3,0,1,1,1,1,0.9912,0.9868,0.9209,0.9058,358.0,280.0,208.875,285.0,258.25,388.5,333.5,393.0,149.2088,75.3844,0.5052,1,0,0,0
134,3,0,2,1,1,1,0.9873,0.9766,0.9282,0.8579,824.5,347.5,673.5,342.5,703.0,469.0,769.5,454.5,151.0828,68.0625,0.4505,1,1,8,1
135,3,0,0,1,1,1,0.9873,0.9858,0.8774,0.8506,1190.0,350.5,1003.5,352.5,1031.0,477.5,1162.0,461.0,186.5107,132.035,0.7079,1,0,0,0
135,3,0,1,1,1,1,0.9912,0.9868,0.9209,0.9053,358.0,280.0,209.0,285.0,258.25,388.5,333.5,393.0,149.0839,75.3844,0.5057,1,0,0,0
135,3,0,2,1,1,1,0.9873,0.9766,0.9277,0.8584,824.5,347.5,673.5,342.5,702.5,469.0,770.0,454.5,151.0828,69.0398,0.457,1,1,9,1
136,3,0,0,1,1,1,0.9873,0.9863,0.8765,0.8535,1191.0,350.5,1004.0,352.0,1031.0,477.0,1163.0,461.5,187.006,132.9069,0.7107,1,0,0,0
136,3,0,1,1,1,1,0.9902,0.9873,0.9268,0.9082,361.5,281.0,216.0,287.0,263.75,389.0,343.25,395.5,145.6237,79.7653,0.5477,1,0,0,0
136,3,0,2,1,1,1,0.9873,0.9766,0.9287,0.8584,821.5,348.0,670.5,343.0,700.5,468.0,769.5,453.0,151.0828,70.6116,0.4674,1,1,10,1
137,3,0,0,1,1,1,0.9873,0.9863,0.8765,0.8535,1191.0,350.5,1004.5,352.0,1031.0,476.5,1163.0,461.5,186.506,132.8495,0.7123,1,0,0,0
137,3,0,1,1,1,1,0.9902,0.9873,0.9268,0.9082,361.5,281.0,216.0,287.5,263.5,389.0,343.25,395.0,145.6451,79.9754,0.5491,1,0,0,0
137,3,0,2,1,1,1,0.9873,0.9766,0.9292,0.8584,821.5,348.0,670.5,343.5,700.5,468.0,769.5,453.0,151.067,70.6116,0.4674,1,1,11,1
138,3,0,0,1,1,1,0.9868,0.9863,0.8774,0.8589,1192.0,351.0,1005.5,352.0,1031.0,476.0,1162.0,461.0,186.5027,131.856,0.707,1,0,0,0
138,3,0,1,1,1,1,0.9907,0.9878,0.9321,0.9111,370.25,280.5,224.625,287.0,274.0,386.5,354.0,394.0,145.77,80.3508,0.5512,1,0,0,0
138,3,0,2,1,1,1,0.9888,0.9785,0.9272,0.8647,817.0,352.0,668.5,343.5,690.0,471.0,771.5,457.0,148.7431,82.6937,0.556,1,0,0,0
139,3,0,0,1,1,1,0.9868,0.9863,0.877,0.8594,1192.0,351.0,1005.5,352.0,1031.0,476.0,1162.0,461.0,186.5027,131.856,0.707,1,0,0,0
139,3,0,1,1,1,1,0.9907,0.9878,0.9321,0.9111,370.0,280.5,224.5,287.0,274.0,386.5,354.0,394.5,145.6451,80.399,0.552,1,0,0,0
139,3,0,2,1,1,1,0.9888,0.9785,0.9277,0.8652,817.0,352.0,668.5,343.5,690.0,471.0,771.5,457.5,148.7431,82.6105,0.5554,1,0,0,0
140,3,0,0,1,1,1,0.9873,0.9858,0.8818,0.8574,1192.0,351.5,1006.0,352.0,1031.0,475.5,1161.0,461.0,186.0007,130.8062,0.7033,1,0,0,0
140,3,0,1,1,1,1,0.9917,0.9873,0.9419,0.9087,379.0,280.0,233.625,288.0,279.25,388.0,365.25,391.0,145.595,86.0523,0.591,1,0,0,0
140,3,0,2,1,1,1,0.9883,0.978,0.9253,0.8623,810.5,353.0,662.5,344.0,687.0,471.0,768.5,454.0,148.2734,83.2541,0.5615,1,0,0,0
141,3,0,0,1,1,1,0.9873,0.9858,0.8813,0.8574,1192.0,351.0,1005.5,352.0,1031.0,475.5,1161.0,461.0,186.5027,130.8062,0.7014,1,0,0,0
141,3,0,1,1,1,1,0.9917,0.9873,0.9414,0.9087,379.25,280.0,233.5,288.0,278.75,388.0,365.5,391.0,145.9694,86.8019,0.5947,1,0,0,0
141,3,0,2,1,1,1,0.9883,0.978,0.9253,0.8628,810.5,353.0,662.5,344.0,686.5,471.0,768.5,454.0,148.2734,83.7437,0.5648,1,0,0,0
142,3,0,0,1,1,1,0.9873,0.9858,0.8843,0.8584,1193.0,351.5,1006.5,352.0,1031.0,475.0,1160.0,460.5,186.5007,129.8124,0.696,1,0,0,0
142,3,0,2,1,1,1,0.9883,0.978,0.9229,0.8613,804.0,354.0,656.0,344.5,679.5,472.5,763.5,452.0,148.3046,86.4653,0.583,1,0,0,0
142,3,0,1,1,1,1,0.9912,0.9868,0.9297,0.9106,388.5,282.0,244.375,289.0,292.5,389.0,376.75,389.0,144.2949,84.25,0.5839,1,0,0,0
143,3,0,0,1,1,1,0.9873,0.9858,0.8843,0.8589,1193.0,351.5,1006.0,352.0,1031.0,475.0,1160.0,461.0,187.0007,129.7575,0.6939,1,0,0,0
143,3,0,2,1,1,1,0.9883,0.978,0.9229,0.8613,804.0,354.5,656.0,344.5,679.5,472.5,763.5,452.0,148.3375,86.4653,0.5829,1,0,0,0
143,3,0,1,1,1,1,0.9902,0.9883,0.9321,0.9126,390.0,281.0,244.875,289.0,290.25,387.5,377.5,389.5,145.3453,87.2729,0.6005,1,0,0,0
144,3,0,0,1,1,1,0.9868,0.9858,0.8828,0.8608,1193.0,352.0,1007.5,352.0,1032.0,475.5,1159.0,460.5,185.5,127.8828,0.6894,1,0,0,0
144,3,0,2,1,1,1,0.9902,0.979,0.9194,0.8643,794.5,355.5,652.5,343.0,673.5,475.0,754.0,448.5,142.5491,84.7496,0.5945,1,0,0,0
144,3,0,1,1,1,1,0.9917,0.9839,0.9277,0.8911,401.25,285.0,259.0,288.5,297.5,391.5,389.0,390.5,142.2931,91.5055,0.6431,1,0,0,0
145,3,0,0,1,1,1,0.9868,0.9858,0.8843,0.8608,1194.0,352.5,1008.0,352.0,1031.0,475.0,1161.0,460.0,186.0007,130.8625,0.7036,1,0,0,0
145,3,0,1,1,1,1,0.9917,0.9849,0.9287,0.8979,409.25,285.5,267.75,289.0,313.5,390.5,395.0,392.5,141.5433,81.5245,0.576,1,0,0,0
145,3,0,2,1,1,1,0.9893,0.9736,0.9312,0.8481,785.0,355.0,641.0,345.0,663.0,467.5,745.5,446.5,144.3468,85.1308,0.5898,1,0,0,0
146,3,0,0,1,1,1,0.9868,0.9858,0.8838,0.8608,1194.0,352.5,1008.0,352.5,1031.0,475.0,1161.0,460.0,186.0,130.8625,0.7036,1,0,0,0
146,3,0,1,1,1,1,0.9917,0.9849,0.9292,0.897,409.25,285.5,267.5,289.0,313.5,390.5,394.75,392.5,141.7932,81.2746,0.5732,1,0,0,0
146,3,0,2,1,1,1,0.9893,0.9736,0.9312,0.8481,785.0,355.0,641.0,345.0,662.5,467.5,745.5,446.0,144.3468,85.7394,0.594,1,0,0,0
147,3,0,0,1,1,1,0.9873,0.9854,0.8882,0.8569,1195.0,352.5,1009.0,352.5,1030.0,475.5,1160.0,460.5,186.0,130.8625,0.7036,1,0,0,0
147,3,0,1,1,1,1,0.9893,0.9878,0.9287,0.9097,417.5,283.0,274.5,292.0,324.25,389.5,409.0,392.5,143.2829,84.8031,0.5919,1,0,0,0
147,3,0,2,1,1,1,0.9888,0.9795,0.9282,0.8652,773.0,355.5,629.5,346.0,656.0,464.5,736.5,454.0,143.8141,81.1819,0.5645,1,0,0,0
148,3,0,0,1,1,1,0.9873,0.9854,0.8882,0.8569,1195.0,352.5,1009.0,352.5,1030.0,475.5,1160.0,460.5,186.0,130.8625,0.7036,1,0,0,0
148,3,0,1,1,1,1,0.9893,0.9878,0.9287,0.9092,417.5,283.0,274.5,292.0,324.5,389.0,409.0,392.0,143.2829,84.5532,0.5901,1,0,0,0
148,3,0,2,1,1,1,0.9888,0.9795,0.9287,0.8643,773.0,356.0,629.5,346.0,655.5,464.5,736.5,454.0,143.848,81.6777,0.5678,1,0,0,0
149,3,0,0,1,1,1,0.9878,0.9854,0.8892,0.855,1194.0,352.0,1009.0,352.0,1031.0,476.0,1158.0,460.5,185.0,127.9424,0.6916,1,0,0,0
149,3,0,1,1,1,1,0.9878,0.9893,0.9194,0.9209,420.0,283.5,280.75,290.0,341.5,384.0,417.5,391.5,139.4016,76.3692,0.5478,1,0,0,0
149,3,0,2,1,1,1,0.9897,0.979,0.9287,0.8569,761.0,355.0,622.0,345.0,650.0,468.5,725.0,454.5,139.3592,76.2955,0.5475,1,0,0,0
150,3,0,0,1,1,1,0.9878,0.9854,0.8892,0.855,1195.0,352.0,1009.0,352.0,1031.0,476.0,1158.0,460.5,186.0,127.9424,0.6879,1,0,0,0
150,3,0,1,1,1,1,0.9878,0.9893,0.9194,0.9209,420.0,283.5,280.75,290.0,341.75,384.0,417.5,391.5,139.4016,76.1204,0.5461,1,0,0,0
150,3,0,2,1,1,1,0.9897,0.979,0.9292,0.8569,761.5,355.0,622.0,345.0,650.0,468.5,725.0,454.5,139.858,76.2955,0.5455,1,0,0,0
151,3,0,0,1,1,1,0.9873,0.9849,0.8921,0.856,1195.0,353.0,1010.5,353.0,1032.0,474.5,1158.0,460.5,184.5,126.7754,0.6871,1,0,0,0
151,3,0,1,1,1,1,0.9888,0.9883,0.9282,0.916,422.0,283.5,283.25,289.0,345.0,382.0,418.0,391.0,138.859,73.5527,0.5297,1,0,0,0
151,3,0,2,1,1,1,0.9888,0.98,0.9229,0.8682,754.0,355.0,613.0,345.5,639.5,469.5,713.0,455.0,141.3197,74.9166,0.5301,1,0,0,0
152,3,0,0,1,1,1,0.9873,0.9849,0.8921,0.856,1195.0,353.0,1010.5,352.5,1031.0,474.5,1158.0,460.5,184.5007,127.7693,0.6925,1,0,0,0
152,3,0,1,1,1,1,0.9888,0.9883,0.9282,0.916,422.0,283.5,283.25,289.0,345.0,382.0,418.25,391.0,138.859,73.8008,0.5315,1,0,0,0
152,3,0,2,1,1,1,0.9888,0.98,0.9229,0.8682,754.0,354.5,613.0,345.5,639.5,469.5,713.0,455.0,141.2869,74.9166,0.5302,1,0,0,0
153,3,0,0,1,1,1,0.9878,0.9849,0.8965,0.8574,1196.0,353.0,1012.0,353.0,1032.0,474.5,1158.0,460.5,184.0,126.7754,0.689,1,0,0,0
153,3,0,1,1,1,1,0.9897,0.9883,0.9287,0.9131,423.5,284.0,283.75,290.0,345.0,383.0,420.25,390.5,139.8787,75.6228,0.5406,1,0,0,0
153,3,0,2,1,1,1,0.9888,0.9805,0.9209,0.8672,748.0,355.0,605.0,346.0,630.5,468.5,712.0,453.0,143.2829,82.9608,0.579,1,0,0,0
154,3,0,0,1,1,1,0.9878,0.9849,0.8955,0.8564,1197.0,353.0,1012.0,353.0,1033.0,474.5,1156.0,459.5,185.0,123.9113,0.6698,1,0,0,0
154,3,0,1,1,1,1,0.9893,0.9883,0.9272,0.9131,423.75,285.5,282.5,292.5,342.5,388.0,421.0,391.0,141.4233,78.5573,0.5555,1,0,0,0
154,3,0,2,1,1,1,0.9888,0.98,0.9204,0.8652,743.0,354.5,598.0,345.5,622.0,467.5,710.0,454.0,145.279,89.0295,0.6128,1,0,0,0
155,3,0,0,1,1,1,0.9878,0.9849,0.8955,0.8569,1197.0,353.0,1012.5,353.0,1033.0,474.5,1156.0,459.5,184.5,123.9113,0.6716,1,0,0,0
155,3,0,1,1,1,1,0.9893,0.9883,0.9277,0.9131,423.5,285.5,282.5,292.5,342.5,388.0,421.5,391.0,141.1737,79.0569,0.56,1,0,0,0
155,3,0,2,1,1,1,0.9888,0.98,0.9199,0.8652,743.0,354.5,598.0,345.5,622.0,467.5,710.0,454.0,145.279,89.0295,0.6128,1,0,0,0
156,3,0,0,1,1,1,0.9878,0.9849,0.8945,0.8579,1197.0,353.5,1013.0,352.5,1034.0,474.5,1157.0,460.0,184.0027,123.8517,0.6731,1,0,0,0
156,3,0,1,1,1,1,0.9878,0.9897,0.9131,0.918,422.5,286.0,279.75,294.0,340.0,390.5,416.75,395.5,142.974,76.9127,0.5379,1,0,0,0
156,3,0,2,1,1,1,0.9883,0.98,0.9209,0.8691,739.5,352.5,594.0,344.5,621.0,466.0,704.0,452.5,145.7198,84.0907,0.5771,1,0,0,0
157,3,0,0,1,1,1,0.9878,0.9854,0.8936,0.8584,1197.0,353.5,1013.0,352.5,1033.0,474.5,1157.0,460.0,184.0027,124.8449,0.6785,1,0,0,0
157,3,0,1,1,1,1,0.9878,0.9897,0.9131,0.918,422.5,286.0,279.75,294.0,340.0,390.5,417.0,395.5,142.974,77.1622,0.5397,1,0,0,0
157,3,0,2,1,1,1,0.9888,0.98,0.9214,0.8691,740.0,352.5,594.0,344.5,621.0,466.0,703.5,452.5,146.219,83.5972,0.5717,1,0,0,0
158,3,0,0,1,1,1,0.9878,0.9849,0.896,0.8589,1198.0,353.0,1014.0,352.0,1033.0,474.5,1160.0,460.0,184.0027,127.8251,0.6947,1,0,0,0
158,3,0,1,1,1,1,0.9878,0.9893,0.9131,0.9146,420.0,285.5,274.75,294.5,328.5,392.0,409.0,396.0,145.5286,80.5993,0.5538,1,0,0,0
158,3,0,2,1,1,1,0.9917,0.979,0.9282,0.8623,736.0,352.5,593.5,343.5,620.0,466.5,699.0,451.0,142.7839,80.5062,0.5638,1,0,0,0
159,3,0,0,1,1,1,0.9878,0.9849,0.896,0.8589,1198.0,353.0,1014.0,352.0,1033.0,474.5,1160.0,460.0,184.0027,127.8251,0.6947,1,0,0,0
159,3,0,1,1,1,1,0.9878,0.9893,0.9136,0.9146,420.25,285.5,274.5,294.5,328.5,392.0,409.0,396.0,146.0276,80.5993,0.5519,1,0,0,0
159,3,0,2,1,1,1,0.9917,0.9785,0.9282,0.8618,736.0,352.5,593.5,343.5,620.5,466.5,699.0,451.0,142.7839,80.0156,0.5604,1,0,0,0
160,3,0,0,1,1,1,0.9878,0.9854,0.8931,0.8574,1198.0,353.0,1014.0,352.0,1033.0,475.0,1161.0,460.5,184.0027,128.8187,0.7001,1,0,0,0
160,3,0,1,1,1,1,0.9878,0.9897,0.9126,0.918,412.5,287.0,265.0,294.0,315.25,394.5,402.5,395.0,147.666,87.2514,0.5909,1,0,0,0
160,3,0,2,1,1,1,0.9917,0.9775,0.9292,0.8589,734.5,351.0,592.0,343.0,619.0,464.5,696.5,449.0,142.7244,79.0348,0.5538,1,0,0,0
161,3,0,0,1,1,1,0.9883,0.9849,0.897,0.855,1200.0,354.0,1015.0,352.0,1031.0,476.0,1163.0,460.5,185.0108,132.9069,0.7184,1,0,0,0
161,3,0,1,1,1,1,0.9907,0.9844,0.9175,0.8906,399.5,288.5,254.125,290.5,298.0,393.0,390.5,397.0,145.3888,92.5864,0.6368,1,0,0,0
161,3,0,2,1,1,1,0.9917,0.9785,0.9287,0.8628,733.5,350.5,592.0,343.0,620.0,463.0,696.0,447.0,141.6986,77.666,0.5481,1,0,0,0
162,3,0,0,1,1,1,0.9883,0.9849,0.8975,0.855,1199.0,354.0,1015.0,352.0,1031.0,476.0,1163.0,460.5,184.0109,132.9069,0.7223,1,0,0,0
162,3,0,1,1,1,1,0.9907,0.9844,0.9175,0.8906,399.25,288.5,254.25,290.5,298.0,393.0,390.25,397.5,145.0138,92.3597,0.6369,1,0,0,0
162,3,0,2,1,1,1,0.9917,0.9785,0.9287,0.8633,733.0,350.5,591.5,343.0,620.0,463.0,696.0,447.0,141.6986,77.666,0.5481,1,0,0,0
163,3,0,0,1,1,1,0.9878,0.9849,0.8931,0.8521,1200.0,354.0,1015.5,352.0,1033.0,475.5,1163.0,461.5,184.5108,130.7517,0.7086,1,0,0,0
163,3,0,1,1,1,1,0.9893,0.9854,0.9219,0.9072,391.25,282.0,242.0,286.0,295.5,389.5,384.5,393.5,149.3036,89.0898,0.5967,1,0,0,0
163,3,0,2,1,1,1,0.9912,0.978,0.9282,0.8643,734.0,350.5,592.5,343.0,618.5,464.0,700.0,447.0,141.6986,83.2541,0.5875,1,0,0,0
164,3,0,0,1,1,1,0.9878,0.9854,0.8926,0.853,1200.0,354.0,1015.5,352.0,1034.0,475.0,1163.0,461.0,184.5108,129.7575,0.7033,1,0,0,0
164,3,0,1,1,1,1,0.9888,0.9854,0.9214,0.9077,391.5,282.0,242.0,286.0,295.5,389.5,384.5,393.5,149.5535,89.0898,0.5957,1,0,0,0
164,3,0,2,1,1,1,0.9912,0.978,0.9282,0.8633,734.0,350.5,592.5,343.0,619.0,464.0,700.0,447.5,141.6986,82.6635,0.5834,1,0,0,0
165,3,0,0,1,1,1,0.9883,0.9849,0.8975,0.8511,1202.0,353.5,1017.0,353.0,1033.0,475.5,1163.0,461.5,185.0007,130.7517,0.7068,1,0,0,0
165,3,0,1,1,1,1,0.9907,0.9814,0.9355,0.8926,382.0,279.5,228.25,281.0,282.0,383.0,376.0,385.0,153.7573,94.0213,0.6115,1,0,0,0
165,3,0,2,1,1,1,0.9912,0.979,0.9263,0.8662,735.5,351.0,595.0,343.0,623.0,466.0,701.5,444.5,140.7276,81.391,0.5784,1,0,0,0
166,3,0,0,1,1,1,0.9883,0.9849,0.8975,0.8506,1202.0,353.5,1017.0,353.0,1033.0,475.5,1163.0,461.5,185.0007,130.7517,0.7068,1,0,0,0
166,3,0,1,1,1,1,0.9907,0.9814,0.936,0.8921,382.0,279.5,228.25,281.0,282.0,383.0,376.0,385.0,153.7573,94.0213,0.6115,1,0,0,0
166,3,0,2,1,1,1,0.9912,0.9785,0.9268,0.8657,736.0,350.5,595.0,343.0,623.0,466.0,701.5,444.5,141.1993,81.391,0.5764,1,0,0,0
167,3,0,0,1,1,1,0.9883,0.9854,0.896,0.854,1204.0,353.5,1018.0,353.0,1034.0,476.0,1163.0,462.0,186.0007,129.7575,0.6976,1,0,0,0
167,3,0,1,1,1,1,0.9888,0.9868,0.9233,0.9092,369.5,278.0,219.875,281.0,272.75,379.0,363.25,387.0,149.6551,90.8529,0.6071,1,0,0,0
167,3,0,2,1,1,1,0.9888,0.979,0.9268,0.8687,739.0,350.0,599.0,343.5,626.5,464.5,704.5,444.5,140.1508,80.5233,0.5745,1,0,0,0
168,3,0,0,1,1,1,0.9883,0.9849,0.8975,0.8486,1205.0,353.5,1020.0,352.0,1033.0,476.5,1167.0,462.0,185.0061,134.7822,0.7285,1,0,0,0
168,3,0,1,1,1,1,0.9902,0.9849,0.9214,0.9023,361.75,279.0,208.75,280.0,252.75,381.5,349.5,386.5,153.0033,96.8791,0.6332,1,0,0,0
168,3,0,2,1,1,1,0.9893,0.9785,0.9287,0.8633,744.5,350.5,605.0,343.0,629.5,463.5,711.0,445.5,139.7015,83.4641,0.5974,1,0,0,0
169,3,0,0,1,1,1,0.9883,0.9849,0.8975,0.8486,1205.0,353.5,1020.0,352.0,1033.0,476.5,1167.0,462.0,185.0061,134.7822,0.7285,1,0,0,0
169,3,0,1,1,1,1,0.9902,0.9849,0.9214,0.9023,361.75,279.0,208.625,280.0,252.25,381.5,349.25,386.5,153.1283,97.1288,0.6343,1,0,0,0
169,3,0,2,1,1,1,0.9893,0.9785,0.9287,0.8633,744.5,350.0,605.0,343.0,629.5,463.5,711.0,445.5,139.6755,83.4641,0.5976,1,0,0,0
170,3,0,0,1,1,1,0.9888,0.9844,0.8994,0.8447,1205.0,353.0,1020.5,352.0,1034.0,476.0,1168.0,461.5,184.5027,134.7822,0.7305,1,0,0,0
170,3,0,1,1,1,1,0.9902,0.9844,0.918,0.8965,355.5,278.0,200.0,279.0,241.875,381.5,342.75,385.0,155.5032,100.9357,0.6491,1,0,0,0
170,3,0,2,1,1,1,0.9893,0.9795,0.9312,0.8701,749.5,351.5,612.0,342.0,637.5,462.0,714.0,446.0,137.8278,78.1553,0.5671,1,0,0,0
171,3,0,0,1,1,1,0.9888,0.9844,0.8994,0.8442,1205.0,353.0,1020.5,352.0,1034.0,476.0,1168.0,461.5,184.5027,134.7822,0.7305,1,0,0,0
171,3,0,1,1,1,1,0.9902,0.9844,0.9185,0.8965,355.5,278.0,200.0,279.0,241.75,381.5,342.75,385.5,155.5032,101.0792,0.65,1,0,0,0
171,3,0,2,1,1,1,0.9893,0.979,0.9312,0.8696,749.5,352.0,612.0,342.0,637.5,462.0,714.0,446.0,137.8632,78.1553,0.5669,1,0,0,0
172,3,0,0,1,1,1,0.9883,0.9844,0.8984,0.8447,1206.0,353.0,1021.5,351.0,1035.0,476.5,1167.0,461.5,184.5108,132.8495,0.72,1,0,0,0
172,3,0,1,1,1,1,0.9902,0.9854,0.9126,0.8975,349.0,276.5,191.0,278.5,235.125,378.5,338.5,383.0,158.0127,103.4729,0.6548,1,0,0,0
172,3,0,2,1,1,1,0.9902,0.9785,0.9385,0.8652,755.5,353.0,619.0,344.0,646.0,460.0,729.0,448.0,136.7964,83.863,0.613,1,0,0,0
173,3,0,0,1,1,1,0.9883,0.9844,0.8989,0.8442,1206.0,353.0,1021.5,351.0,1036.0,476.5,1166.0,461.5,184.5108,130.8625,0.7092,1,0,0,0
173,3,0,1,1,1,1,0.9902,0.9854,0.9121,0.8984,349.0,276.5,191.0,278.5,235.25,379.0,338.75,383.0,158.0127,103.5773,0.6555,1,0,0,0
173,3,0,2,1,1,1,0.9902,0.9785,0.938,0.8657,755.5,353.0,619.5,344.0,645.5,460.0,729.0,448.0,136.2975,84.3579,0.6189,1,0,0,0
174,3,0,1,1,1,1,0.9907,0.9863,0.9141,0.9019,344.0,276.0,183.875,279.0,235.75,378.5,333.5,382.0,160.1531,97.8126,0.6107,1,0,0,0
174,3,0,0,1,1,1,0.9883,0.9849,0.896,0.8486,1207.0,354.0,1022.0,351.0,1036.0,476.5,1169.0,461.0,185.0243,133.9001,0.7237,1,0,0,0
174,3,0,2,1,1,1,0.9902,0.979,0.9404,0.8706,764.5,353.5,628.0,346.0,654.0,457.0,740.0,445.5,136.7059,86.7655,0.6347,1,0,0,0
175,3,0,1,1,1,1,0.9907,0.9863,0.9141,0.9019,344.25,276.0,183.875,279.0,235.375,378.0,333.25,382.0,160.4031,97.9567,0.6107,1,0,0,0
175,3,0,0,1,1,1,0.9883,0.9849,0.8965,0.8486,1206.0,354.0,1021.5,351.0,1036.0,476.5,1168.0,461.0,184.5244,132.9069,0.7203,1,0,0,0
175,3,0,2,1,1,1,0.9902,0.979,0.9409,0.8711,764.5,353.5,628.0,346.0,654.0,457.0,740.0,445.0,136.7059,86.8332,0.6352,1,0,0,0
176,3,0,1,1,1,1,0.9917,0.9863,0.9224,0.9019,341.75,277.0,179.125,279.0,232.625,377.5,331.0,380.5,162.6373,98.4207,0.6052,1,0,0,0
176,3,0,0,1,1,1,0.9878,0.9849,0.894,0.8521,1208.0,353.5,1021.5,351.5,1037.0,475.5,1169.0,461.0,186.5107,132.794,0.712,1,0,0,0
176,3,0,2,1,1,1,0.9917,0.9746,0.9443,0.8564,776.0,353.0,637.0,346.0,661.5,464.0,745.5,439.5,139.1761,87.5,0.6287,1,0,0,0
177,3,0,1,1,1,1,0.9917,0.9863,0.9224,0.9019,341.75,277.0,179.375,279.5,232.875,377.5,331.0,380.5,162.3942,98.1708,0.6045,1,0,0,0
177,3,0,0,1,1,1,0.9878,0.9849,0.8945,0.8521,1208.0,353.5,1022.0,351.5,1037.0,475.5,1169.0,461.5,186.0108,132.7403,0.7136,1,0,0,0
177,3,0,2,1,1,1,0.9917,0.9746,0.9443,0.8564,776.0,353.0,637.0,346.0,661.0,464.0,745.5,440.0,139.1761,87.8422,0.6312,1,0,0,0
178,3,0,0,1,1,1,0.9878,0.9849,0.894,0.854,1207.0,353.0,1022.0,350.5,1038.0,476.0,1168.0,462.5,185.0169,130.6991,0.7064,1,0,0,0
178,3,0,1,1,1,1,0.9917,0.9854,0.9224,0.896,339.5,278.0,175.75,279.5,226.625,377.0,329.5,379.0,163.7569,102.8944,0.6283,1,0,0,0
178,3,0,2,1,1,1,0.9883,0.9839,0.9321,0.897,783.0,354.5,645.0,349.5,674.5,463.5,754.0,446.0,138.0906,81.4033,0.5895,1,0,0,0
179,3,0,0,1,1,1,0.9878,0.9814,0.9126,0.8516,1211.0,351.0,1020.0,349.0,1043.0,477.5,1160.0,463.5,191.0105,117.8346,0.6169,1,0,0,0
179,3,0,1,1,1,1,0.9932,0.9858,0.9243,0.8901,338.25,278.0,175.125,279.5,223.75,377.5,326.5,376.5,163.1319,102.7549,0.6299,1,0,0,0
179,3,0,2,1,1,1,0.9912,0.9795,0.9307,0.876,792.5,357.0,659.0,349.0,685.0,468.0,764.0,448.0,133.7395,81.4923,0.6093,1,0,0,0
180,3,0,0,1,1,1,0.9878,0.9814,0.9126,0.8511,1211.0,351.0,1020.0,348.5,1043.0,477.0,1160.0,463.5,191.0164,117.7763,0.6166,1,0,0,0
180,3,0,1,1,1,1,0.9932,0.9858,0.9243,0.8906,338.25,278.0,175.0,279.5,223.75,377.5,326.5,376.5,163.2569,102.7549,0.6294,1,0,0,0
180,3,0,2,1,1,1,0.9912,0.9795,0.9307,0.876,792.5,357.0,659.0,349.0,684.5,468.0,764.0,448.0,133.7395,81.9771,0.613,1,0,0,0
181,3,0,1,1,1,1,0.9902,0.9897,0.9175,0.9116,339.25,275.0,175.75,279.5,219.25,380.5,332.5,381.0,163.5619,113.2511,0.6924,1,0,0,0
181,3,0,0,1,1,1,0.9878,0.9849,0.8945,0.854,1209.0,353.5,1022.5,351.0,1038.0,474.5,1167.0,462.5,186.5168,129.5569,0.6946,1,0,0,0
181,3,0,2,1,1,1,0.9893,0.981,0.9292,0.8818,799.5,354.5,663.5,349.5,694.5,465.5,770.0,446.5,136.0919,77.854,0.5721,1,0,0,0
182,3,0,1,1,1,1,0.9902,0.9897,0.9175,0.9111,339.25,275.0,175.625,279.5,219.125,380.5,332.5,381.0,163.6869,113.3761,0.6926,1,0,0,0
182,3,0,0,1,1,1,0.9878,0.9849,0.8945,0.8545,1209.0,353.5,1022.5,351.0,1038.0,474.5,1167.0,462.5,186.5168,129.5569,0.6946,1,0,0,0
182,3,0,2,1,1,1,0.9893,0.981,0.9292,0.8823,799.5,354.5,664.0,349.5,694.5,465.5,770.0,446.5,135.5922,77.854,0.5742,1,0,0,0
183,3,0,1,1,1,1,0.9893,0.9902,0.9092,0.9106,338.75,276.0,176.25,279.5,219.375,381.0,330.25,383.5,162.5377,110.9032,0.6823,1,0,0,0
183,3,0,0,1,1,1,0.9878,0.9849,0.8936,0.8521,1209.0,353.0,1022.5,350.5,1038.0,473.5,1167.0,462.5,186.5168,129.4681,0.6941,1,0,0,0
183,3,0,2,1,1,1,0.9907,0.981,0.9395,0.8779,806.5,352.0,672.0,348.5,702.5,466.5,773.5,451.5,134.5455,72.5672,0.5394,1,0,0,0
184,3,0,1,1,1,1,0.9893,0.9902,0.9097,0.9102,338.5,276.0,176.25,279.5,219.0,381.0,331.0,383.0,162.2877,112.0179,0.6902,1,0,0,0
184,3,0,0,1,1,1,0.9878,0.9849,0.8931,0.8525,1209.0,353.0,1022.5,350.5,1038.0,473.5,1167.0,462.0,186.5168,129.5116,0.6944,1,0,0,0
184,3,0,2,1,1,1,0.9907,0.981,0.9395,0.8779,806.5,352.0,672.0,348.5,702.5,466.5,773.5,451.0,134.5455,72.6722,0.5401,1,0,0,0
185,3,0,0,1,1,1,0.9878,0.9849,0.895,0.853,1209.0,353.0,1022.0,350.0,1038.0,472.5,1165.0,462.0,187.0241,127.4333,0.6814,1,0,0,0
185,3,0,1,1,1,1,0.9893,0.9897,0.9097,0.9062,339.25,276.0,175.875,278.0,216.125,381.5,330.0,384.0,163.3872,113.9024,0.6971,1,0,0,0
185,3,0,2,1,1,1,0.9902,0.9819,0.936,0.8828,813.0,353.5,678.5,349.5,705.0,463.5,783.5,450.5,134.5595,79.5692,0.5913,1,0,0,0
186,3,0,0,1,1,1,0.9878,0.9849,0.895,0.8535,1209.0,353.0,1022.0,350.0,1038.0,472.5,1165.0,462.0,187.0241,127.4333,0.6814,1,0,0,0
186,3,0,1,1,1,1,0.9893,0.9897,0.9106,0.9053,339.5,276.0,175.75,278.0,216.0,382.0,330.0,384.0,163.7622,114.0175,0.6962,1,0,0,0
186,3,0,2,1,1,1,0.9902,0.9819,0.936,0.8828,813.5,353.5,678.5,349.5,705.0,463.5,783.0,450.5,135.0592,79.0759,0.5855,1,0,0,0
187,3,0,1,1,1,1,0.9893,0.9897,0.9116,0.9077,339.75,277.0,176.375,277.0,219.875,382.5,326.0,385.0,163.375,106.1544,0.6498,1,0,0,0
187,3,0,0,1,1,1,0.9878,0.9849,0.8945,0.8521,1209.0,353.0,1022.0,350.0,1037.0,473.0,1166.0,462.5,187.0241,129.4266,0.692,1,0,0,0
187,3,0,2,1,1,1,0.9907,0.9819,0.9399,0.8828,818.0,353.0,684.0,348.0,715.0,460.0,786.0,447.0,134.0933,72.1803,0.5383,1,0,0,0
188,3,0,1,1,1,1,0.9893,0.9897,0.9116,0.9077,339.75,277.0,176.5,277.0,220.0,382.5,326.0,385.0,163.25,106.0295,0.6495,1,0,0,0
188,3,0,0,1,1,1,0.9878,0.9849,0.8945,0.8521,1209.0,353.0,1022.0,350.0,1037.0,473.0,1166.0,462.5,187.0241,129.4266,0.692,1,0,0,0
188,3,0,2,1,1,1,0.9907,0.9819,0.9404,0.8828,818.0,353.0,684.0,348.0,715.0,460.0,786.0,447.0,134.0933,72.1803,0.5383,1,0,0,0
189,3,0,1,1,1,1,0.9893,0.9897,0.9136,0.9106,340.5,278.0,176.375,277.5,220.5,384.0,323.0,388.5,164.1258,102.5987,0.6251,1,0,0,0
189,3,0,0,1,1,1,0.9873,0.9785,0.9033,0.8374,1206.0,349.5,1022.5,345.0,1044.0,481.0,1159.0,466.0,183.5552,115.9741,0.6318,1,0,0,0
189,3,0,2,1,1,1,0.9917,0.98,0.9468,0.8716,820.5,353.0,688.0,346.5,712.0,459.0,783.5,448.5,132.6593,72.2669,0.5448,1,0,0,0
190,3,0,0,1,1,1,0.9878,0.9785,0.9058,0.8374,1206.0,350.0,1022.0,345.0,1043.0,480.0,1159.0,465.5,184.0679,116.9027,0.6351,1,0,0,0
190,3,0,1,1,1,1,0.9897,0.9868,0.916,0.9038,339.75,280.0,177.75,279.5,219.5,389.0,320.25,390.0,162.0008,100.755,0.6219,1,0,0,0
190,3,0,2,1,1,1,0.9912,0.9814,0.9434,0.8799,824.0,352.5,690.5,345.5,713.0,456.5,787.0,447.5,133.6834,74.5453,0.5576,1,0,0,0
191,3,0,0,1,1,1,0.9878,0.978,0.9058,0.8374,1206.0,350.0,1022.0,345.0,1043.0,480.0,1159.0,465.5,184.0679,116.9027,0.6351,1,0,0,0
191,3,0,1,1,1,1,0.9893,0.9873,0.915,0.9043,339.75,280.0,177.75,280.0,219.75,389.0,320.0,390.5,162.0,100.2612,0.6189,1,0,0,0
191,3,0,2,1,1,1,0.9912,0.9814,0.9434,0.8794,823.5,352.5,690.5,345.5,713.0,456.5,786.5,448.0,133.1841,73.9899,0.5555,1,0,0,0
192,3,0,0,1,1,1,0.9878,0.9785,0.9048,0.8369,1207.0,350.0,1022.5,345.0,1042.0,480.5,1160.0,466.0,184.5677,118.8876,0.6441,1,0,0,0
192,3,0,1,1,1,1,0.9888,0.9858,0.915,0.8979,341.75,280.0,178.0,279.5,218.125,391.5,320.5,392.0,163.7508,102.3762,0.6252,1,0,0,0
192,3,0,2,1,1,1,0.9912,0.9814,0.9434,0.8784,826.0,352.5,692.5,344.0,712.5,455.0,791.5,445.0,133.7703,79.6304,0.5953,1,0,0,0
193,3,0,0,1,1,1,0.9878,0.9785,0.9048,0.8369,1206.0,350.5,1022.5,345.0,1042.0,480.5,1160.0,466.0,183.5824,118.8876,0.6476,1,0,0,0
193,3,0,1,1,1,1,0.9888,0.9858,0.915,0.8984,341.75,280.0,178.0,279.5,218.25,391.5,320.5,392.0,163.7508,102.2512,0.6244,1,0,0,0
193,3,0,2,1,1,1,0.9912,0.9814,0.9429,0.8784,826.0,352.5,692.5,344.0,713.0,455.0,792.0,445.0,133.7703,79.6304,0.5953,1,0,0,0
194,3,0,1,1,1,1,0.9873,0.9858,0.9092,0.9009,342.0,280.0,178.25,278.5,220.25,393.5,320.5,395.0,163.7569,100.2612,0.6123,1,0,0,0
194,3,0,0,1,1,1,0.9873,0.9795,0.8994,0.8428,1207.0,350.0,1022.0,345.0,1043.0,480.5,1160.0,466.0,185.0676,117.8951,0.637,1,0,0,0
194,3,0,2,1,1,1,0.9907,0.981,0.9409,0.8745,826.5,353.0,693.5,343.0,711.5,453.5,791.5,444.0,133.3754,80.5621,0.604,1,0,0,0
195,3,0,1,1,1,1,0.9873,0.9858,0.9087,0.9014,342.0,280.0,178.25,278.5,220.5,393.5,320.5,395.0,163.7569,100.0112,0.6107,1,0,0,0
195,3,0,0,1,1,1,0.9873,0.9795,0.8989,0.8428,1207.0,350.5,1022.0,345.0,1043.0,480.5,1160.0,466.0,185.0817,117.8951,0.637,1,0,0,0
195,3,0,2,1,1,1,0.9907,0.981,0.9404,0.875,826.5,353.0,693.0,343.0,711.0,453.5,791.5,444.0,133.874,81.0586,0.6055,1,0,0,0
196,3,0,1,1,1,1,0.9868,0.9863,0.9043,0.9043,344.0,279.0,179.375,276.0,218.75,391.0,322.0,394.5,164.6523,103.3093,0.6274,1,0,0,0
196,3,0,0,1,1,1,0.9868,0.9795,0.8994,0.8438,1206.0,350.0,1022.5,345.0,1044.0,480.5,1162.0,466.5,183.5681,118.8276,0.6473,1,0,0,0
196,3,0,2,1,1,1,0.9907,0.9819,0.9385,0.8794,825.0,353.5,692.0,342.0,711.0,453.5,794.0,443.0,133.4963,83.6615,0.6267,1,0,0,0
197,3,0,0,1,1,1,0.9863,0.9805,0.8936,0.8467,1206.0,350.0,1023.0,345.5,1044.0,480.5,1163.0,466.0,183.0553,119.8801,0.6549,1,0,0,0
197,3,0,1,1,1,1,0.9878,0.9893,0.9048,0.9062,348.0,276.0,180.875,273.5,218.75,391.0,328.5,392.5,167.1437,109.7603,0.6567,1,0,0,0
197,3,0,2,1,1,1,0.9902,0.9805,0.9399,0.873,821.5,353.5,690.0,342.5,706.0,456.5,789.5,445.5,131.9593,84.2214,0.6382,1,0,0,0
198,3,0,0,1,1,1,0.9863,0.9805,0.894,0.8467,1206.0,350.0,1023.0,345.5,1044.0,480.5,1163.0,466.0,183.0553,119.8801,0.6549,1,0,0,0
198,3,0,1,1,1,1,0.9878,0.9893,0.9048,0.9058,348.0,276.0,180.75,273.5,218.875,391.5,328.75,392.5,167.2687,109.8796,0.6569,1,0,0,0
198,3,0,2,1,1,1,0.9902,0.9805,0.9395,0.8735,821.5,353.5,690.0,343.0,706.0,456.5,789.5,445.0,131.9185,84.2882,0.6389,1,0,0,0
199,3,0,1,1,1,1,0.9902,0.9878,0.897,0.8926,347.5,279.0,181.125,271.5,224.5,392.0,328.25,392.0,166.544,103.75,0.623,1,0,0,0
199,3,0,0,1,1,1,0.9868,0.9795,0.8975,0.8447,1206.0,349.5,1023.0,345.0,1045.0,480.5,1163.0,466.5,183.0553,118.8276,0.6491,1,0,0,0
199,3,0,2,1,1,1,0.9897,0.981,0.9365,0.8784,818.0,354.5,686.0,342.5,701.0,459.5,782.5,443.0,132.5443,83.1535,0.6274,1,0,0,0
200,3,0,1,1,1,1,0.9907,0.9878,0.8975,0.8926,347.5,279.0,181.0,271.5,224.375,392.0,328.25,392.0,166.6688,103.875,0.6232,1,0,0,0
200,3,0,0,1,1,1,0.9868,0.9795,0.8979,0.8442,1206.0,349.5,1023.0,345.0,1044.0,480.0,1163.0,466.5,183.0553,119.7633,0.6542,1,0,0,0
200,3,0,2,1,1,1,0.9897,0.9814,0.9365,0.8784,818.0,354.5,686.0,342.5,701.0,459.5,782.5,443.0,132.5443,83.1535,0.6274,1,0,0,0
201,3,0,1,1,1,1,0.9902,0.9873,0.895,0.8882,350.5,279.5,184.0,270.5,228.375,391.5,330.25,396.5,166.7431,101.9976,0.6117,1,0,0,0
201,3,0,0,1,1,1,0.9868,0.9795,0.8979,0.8457,1206.0,349.5,1023.0,345.0,1045.0,481.0,1161.0,466.0,183.0553,116.9658,0.639,1,0,0,0
201,3,0,2,1,1,1,0.9907,0.9814,0.9424,0.8784,813.0,353.0,684.0,344.0,699.0,460.5,767.0,443.0,129.3136,70.2157,0.543,1,0,0,0
202,3,0,1,1,1,1,0.9902,0.9873,0.8955,0.8882,350.75,279.5,184.0,270.5,228.25,391.0,330.25,396.5,166.9927,102.1482,0.6117,1,0,0,0
202,3,0,0,1,1,1,0.9868,0.9795,0.8979,0.8457,1206.0,349.5,1022.5,345.0,1045.0,481.0,1161.0,466.0,183.5552,116.9658,0.6372,1,0,0,0
202,3,0,2,1,1,1,0.9907,0.9814,0.9424,0.8784,813.0,353.0,684.0,344.0,699.0,460.5,767.0,443.0,129.3136,70.2157,0.543,1,0,0,0
203,3,0,1,1,1,1,0.9888,0.9888,0.8779,0.8984,354.5,280.5,186.625,272.0,245.125,394.0,335.75,400.0,168.0901,90.8234,0.5403,1,0,0,0
203,3,0,0,1,1,1,0.9868,0.9795,0.8984,0.8433,1206.0,349.5,1023.0,345.5,1045.0,481.0,1162.0,466.0,183.0437,117.9576,0.6444,1,0,0,0
203,3,0,2,1,1,1,0.9902,0.9814,0.9409,0.8813,806.5,353.5,678.0,345.0,696.0,459.0,765.5,440.5,128.7808,71.9201,0.5585,1,0,0,0
204,3,0,1,1,1,1,0.9854,0.9907,0.8789,0.9077,364.25,279.0,190.625,274.5,245.5,394.0,344.75,401.0,173.6833,99.4965,0.5729,1,0,0,0
204,3,0,0,1,1,1,0.9873,0.9795,0.8989,0.8408,1206.0,350.0,1023.0,345.5,1043.0,479.5,1162.0,465.5,183.0553,119.8207,0.6546,1,0,0,0
204,3,0,2,1,1,1,0.9902,0.9819,0.9404,0.8872,798.5,353.5,670.5,346.5,691.0,459.5,760.5,438.5,128.1913,72.6034,0.5664,1,0,0,0
205,3,0,1,1,1,1,0.9854,0.9907,0.8789,0.9077,364.25,279.0,190.625,274.5,245.125,394.0,344.75,401.0,173.6833,99.8706,0.575,1,0,0,0
205,3,0,0,1,1,1,0.9873,0.9795,0.8994,0.8408,1206.0,350.0,1023.0,345.5,1043.0,479.5,1162.0,465.5,183.0553,119.8207,0.6546,1,0,0,0
205,3,0,2,1,1,1,0.9902,0.9819,0.9404,0.8872,798.5,354.0,670.5,346.5,691.0,459.5,760.5,438.5,128.2195,72.6034,0.5662,1,0,0,0
206,3,0,1,1,1,1,0.9839,0.9912,0.877,0.9175,371.25,280.5,195.5,275.5,250.75,395.5,350.25,403.0,175.8211,99.7823,0.5675,1,0,0,0
206,3,0,0,1,1,1,0.9873,0.9858,0.8901,0.8608,1210.0,354.5,1023.0,351.5,1037.0,473.0,1171.0,462.0,187.0241,134.4507,0.7189,1,0,0,0
206,3,0,2,1,1,1,0.9873,0.9834,0.9399,0.9019,789.0,353.5,660.5,349.5,678.5,459.0,752.5,431.5,128.5622,78.9446,0.6141,1,0,0,0
207,3,0,1,1,1,1,0.9839,0.9912,0.8765,0.918,371.25,281.0,195.5,275.5,250.75,395.5,350.25,403.0,175.836,99.7823,0.5675,1,0,0,0
207,3,0,0,1,1,1,0.9873,0.9858,0.8901,0.8608,1210.0,354.5,1023.0,351.5,1037.0,473.0,1171.0,462.0,187.0241,134.4507,0.7189,1,0,0,0
207,3,0,2,1,1,1,0.9873,0.9834,0.9399,0.9019,789.0,353.5,660.5,349.0,678.0,458.5,752.5,432.0,128.5788,79.0728,0.615,1,0,0,0
208,3,0,1,1,1,1,0.9839,0.9912,0.8813,0.9185,376.5,278.5,200.5,274.0,248.625,394.5,355.0,403.0,176.0575,106.7141,0.6061,1,0,0,0
208,3,0,0,1,1,1,0.9868,0.9829,0.9053,0.8589,1212.0,352.0,1021.0,350.0,1041.0,477.0,1165.0,463.5,191.0105,124.7327,0.653,1,0,0,0
208,3,0,2,1,1,1,0.9888,0.9824,0.9448,0.896,781.0,354.0,651.0,348.5,667.5,456.0,734.0,438.0,130.1163,68.893,0.5295,1,0,0,0
209,3,0,1,1,1,1,0.9839,0.9912,0.8813,0.9185,376.25,279.0,200.5,274.0,248.75,394.5,355.0,403.0,175.8211,106.5895,0.6062,1,0,0,0
209,3,0,0,1,1,1,0.9868,0.9829,0.9053,0.8599,1212.0,352.0,1021.0,350.0,1041.0,477.0,1165.0,463.5,191.0105,124.7327,0.653,1,0,0,0
209,3,0,2,1,1,1,0.9888,0.9824,0.9448,0.8965,781.0,354.0,651.0,348.5,667.5,456.0,734.0,438.0,130.1163,68.893,0.5295,1,0,0,0
210,3,0,1,1,1,1,0.9873,0.9883,0.8901,0.9102,376.5,277.0,205.125,270.5,258.5,391.0,361.0,398.0,171.4982,102.7387,0.5991,1,0,0,0
210,3,0,0,1,1,1,0.9868,0.9829,0.9072,0.8579,1212.0,351.5,1021.0,350.0,1040.0,476.5,1165.0,463.0,191.0059,125.7269,0.6582,1,0,0,0
210,3,0,2,1,1,1,0.9927,0.9868,0.9419,0.8975,768.0,357.0,643.0,347.5,658.0,453.0,727.5,445.5,125.3605,69.9035,0.5576,1,0,0,0
211,3,0,1,1,1,1,0.9873,0.9883,0.8906,0.9097,376.5,277.0,205.25,270.5,258.25,391.0,360.75,398.5,171.3733,102.774,0.5997,1,0,0,0
211,3,0,0,1,1,1,0.9873,0.9829,0.9072,0.8579,1212.0,351.5,1021.0,350.0,1040.0,476.0,1166.0,463.0,191.0059,126.6689,0.6632,1,0,0,0
211,3,0,2,1,1,1,0.9932,0.9868,0.9424,0.897,768.0,357.0,643.0,348.0,657.5,453.0,727.5,445.5,125.3236,70.4006,0.5618,1,0,0,0
212,3,0,1,1,1,1,0.9878,0.9858,0.9028,0.8989,383.0,274.0,211.0,268.0,265.75,391.5,366.0,398.0,172.1046,100.4605,0.5837,1,0,0,0
212,3,0,0,1,1,1,0.9878,0.9824,0.9092,0.8511,1212.0,351.5,1021.5,350.0,1040.0,476.0,1164.0,463.0,190.5059,124.6796,0.6545,1,0,0,0
212,3,0,2,1,1,1,0.9922,0.9805,0.9502,0.8794,757.0,358.5,632.5,348.5,639.5,458.0,717.5,443.0,124.901,79.4292,0.6359,1,0,0,0
213,3,0,1,1,1,1,0.9878,0.9858,0.9023,0.8989,382.75,274.0,211.0,268.0,266.0,392.0,366.0,398.5,171.8548,100.211,0.5831,1,0,0,0
213,3,0,0,1,1,1,0.9873,0.9829,0.9082,0.8525,1212.0,351.5,1021.5,350.0,1041.0,476.0,1164.0,463.0,190.5059,123.6851,0.6492,1,0,0,0
213,3,0,2,1,1,1,0.9917,0.9805,0.9502,0.8799,757.0,358.5,632.5,348.5,640.0,458.0,717.5,443.0,124.901,78.9383,0.632,1,0,0,0
214,3,0,0,1,1,1,0.9878,0.9829,0.9102,0.8511,1213.0,351.5,1022.5,350.5,1041.0,476.5,1166.0,463.0,190.5026,125.7269,0.66,1,0,0,0
214,3,0,1,1,1,1,0.9829,0.9873,0.8921,0.9097,387.25,271.5,216.25,269.0,268.5,392.5,371.0,406.5,171.0183,103.4517,0.6049,1,0,0,0
214,3,0,2,1,1,1,0.9922,0.979,0.9517,0.8721,746.0,358.5,623.5,348.5,633.0,461.0,698.0,445.5,122.9075,66.8225,0.5437,1,0,0,0
215,3,0,0,1,1,1,0.9878,0.9829,0.9102,0.8511,1213.0,351.5,1022.0,350.5,1041.0,476.5,1165.0,463.0,191.0026,124.7327,0.653,1,0,0,0
215,3,0,1,1,1,1,0.9829,0.9873,0.8921,0.9102,387.25,271.5,216.25,269.0,268.5,392.5,371.0,406.5,171.0183,103.4517,0.6049,1,0,0,0
215,3,0,2,1,1,1,0.9922,0.979,0.9517,0.8721,746.0,358.5,624.0,348.5,633.0,461.0,698.0,445.5,122.4091,66.8225,0.5459,1,0,0,0
216,3,0,1,1,1,1,0.981,0.9888,0.8809,0.9175,395.5,270.5,220.5,268.0,274.0,390.0,382.25,400.5,175.0179,108.758,0.6214,1,0,0,0
216,3,0,0,1,1,1,0.9873,0.9829,0.9072,0.8545,1213.0,352.0,1022.0,350.0,1042.0,477.0,1167.0,463.0,191.0105,125.7816,0.6585,1,0,0,0
216,3,0,2,1,1,1,0.9927,0.9805,0.9512,0.877,738.5,358.0,616.5,347.5,630.5,460.0,694.0,444.0,122.451,65.4847,0.5348,1,0,0,0
217,3,0,1,1,1,1,0.9805,0.9888,0.8774,0.9175,401.75,268.0,222.0,267.0,276.0,388.0,384.5,398.0,179.7528,108.9599,0.6062,1,0,0,0
217,3,0,0,1,1,1,0.9878,0.9819,0.9121,0.8452,1213.0,351.5,1023.0,351.0,1040.0,477.0,1167.0,463.0,190.0007,127.7693,0.6725,1,0,0,0
217,3,0,2,1,1,1,0.9927,0.9834,0.9521,0.8916,731.0,355.0,607.0,347.0,632.0,458.0,687.5,439.0,124.2578,58.6622,0.4721,1,1,1,0
218,3,0,1,1,1,1,0.9805,0.9888,0.877,0.9175,401.75,268.0,222.125,267.0,276.0,388.0,384.5,398.0,179.6278,108.9599,0.6066,1,0,0,0
218,3,0,0,1,1,1,0.9878,0.9819,0.9116,0.8452,1213.0,351.5,1023.0,351.0,1040.0,477.0,1167.0,463.0,190.0007,127.7693,0.6725,1,0,0,0
218,3,0,2,1,1,1,0.9927,0.9834,0.9521,0.8916,731.0,355.0,607.0,347.0,632.0,458.0,687.5,439.0,124.2578,58.6622,0.4721,1,1,2,0
219,3,0,1,1,1,1,0.9805,0.9897,0.8711,0.918,405.5,267.0,223.375,265.0,276.75,386.0,386.25,398.5,182.136,110.2112,0.6051,1,0,0,0
219,3,0,0,1,1,1,0.9878,0.9824,0.9106,0.8491,1213.0,352.0,1022.5,351.0,1042.0,477.5,1166.0,463.5,190.5026,124.7878,0.655,1,0,0,0
219,3,0,2,1,1,1,0.9932,0.9814,0.9448,0.8828,725.5,358.0,601.0,345.0,620.0,457.0,691.5,437.5,125.1769,74.1114,0.5921,1,0,0,0
220,3,0,1,1,1,1,0.9805,0.9897,0.8711,0.918,405.75,267.0,223.5,265.0,277.25,386.0,386.25,398.5,182.261,109.7144,0.602,1,0,0,0
220,3,0,0,1,1,1,0.9878,0.9824,0.9106,0.8496,1214.0,352.0,1022.5,351.0,1041.0,477.5,1166.0,463.0,191.5026,125.8382,0.6571,1,0,0,0
220,3,0,2,1,1,1,0.9932,0.9814,0.9448,0.8828,726.0,358.0,601.0,345.0,620.0,457.0,691.0,437.5,125.6742,73.6291,0.5859,1,0,0,0
221,3,0,1,1,1,1,0.981,0.9897,0.8726,0.917,409.25,267.0,225.5,265.0,276.0,389.0,390.0,400.0,183.7609,114.5295,0.6233,1,0,0,0
221,3,0,0,1,1,1,0.9873,0.9824,0.9077,0.8496,1214.0,351.0,1023.0,351.5,1040.0,477.5,1169.0,463.0,191.0007,129.8124,0.6796,1,0,0,0
221,3,0,2,1,1,1,0.9932,0.98,0.9541,0.8765,717.5,352.0,594.0,345.0,611.5,455.0,685.5,433.5,123.6982,77.06,0.623,1,0,0,0
222,3,0,1,1,1,1,0.981,0.9897,0.8716,0.917,409.0,267.0,225.625,265.0,276.5,389.0,390.0,400.0,183.3859,114.0318,0.6218,1,0,0,0
222,3,0,0,1,1,1,0.9873,0.9854,0.8916,0.8535,1212.0,354.5,1026.0,353.5,1034.0,475.5,1175.0,462.5,186.0027,141.598,0.7613,1,0,0,0
222,3,0,2,1,1,1,0.9932,0.98,0.9541,0.8765,717.5,352.0,594.0,345.0,611.5,455.0,685.5,433.5,123.6982,77.06,0.623,1,0,0,0
223,3,0,1,1,1,1,0.9814,0.9897,0.8716,0.9136,409.75,268.0,225.625,264.0,276.0,389.5,392.5,402.0,184.1684,117.1687,0.6362,1,0,0,0
223,3,0,0,1,1,1,0.9878,0.9814,0.9126,0.8467,1213.0,351.0,1022.5,351.0,1039.0,478.5,1167.0,465.0,190.5,128.7099,0.6756,1,0,0,0
223,3,0,2,1,1,1,0.9927,0.9805,0.9502,0.8779,714.0,350.5,589.5,344.0,611.0,454.0,684.0,432.5,124.6696,76.1003,0.6104,1,0,0,0
224,3,0,1,1,1,1,0.9814,0.9897,0.8711,0.9136,410.0,268.0,225.75,264.0,276.0,389.5,392.0,401.5,184.2934,116.619,0.6328,1,0,0,0
224,3,0,0,1,1,1,0.9878,0.9849,0.895,0.8516,1211.0,354.5,1026.0,353.0,1033.0,476.0,1173.0,464.0,185.0061,140.5133,0.7595,1,0,0,0
224,3,0,2,1,1,1,0.9927,0.9805,0.9502,0.8779,714.0,350.5,589.5,344.0,611.5,454.0,684.0,432.5,124.6696,75.6208,0.6066,1,0,0,0
225,3,0,1,1,1,1,0.9805,0.9902,0.8672,0.9175,410.75,268.0,225.0,263.5,280.25,390.5,393.0,402.0,185.8045,113.335,0.61,1,0,0,0
225,3,0,0,1,1,1,0.9878,0.9849,0.8926,0.8496,1209.0,354.0,1024.0,352.0,1033.0,477.0,1172.0,464.0,185.0108,139.6066,0.7546,1,0,0,0
225,3,0,2,1,1,1,0.9927,0.9805,0.9487,0.8794,711.0,351.0,587.0,345.0,608.5,451.5,678.5,429.5,124.1451,73.3757,0.591,1,0,0,0
226,3,0,1,1,1,1,0.9839,0.9854,0.8882,0.9014,407.0,268.5,225.25,262.0,283.0,391.5,395.25,399.0,181.8662,112.5003,0.6186,1,0,0,0
226,3,0,0,1,1,1,0.9883,0.9849,0.894,0.8452,1208.0,353.5,1024.0,352.5,1032.0,478.0,1172.0,464.5,184.0027,140.6494,0.7644,1,0,0,0
226,3,0,2,1,1,1,0.9932,0.9858,0.9399,0.8853,708.0,350.0,584.0,345.5,603.5,446.0,682.0,435.5,124.0816,79.1991,0.6383,1,0,0,0
227,3,0,1,1,1,1,0.9839,0.9854,0.8877,0.9019,407.25,268.5,225.375,262.0,283.0,391.5,395.25,399.0,181.9911,112.5003,0.6182,1,0,0,0
227,3,0,0,1,1,1,0.9883,0.9849,0.8945,0.8457,1208.0,353.5,1024.0,352.5,1032.0,478.0,1173.0,465.0,184.0027,141.598,0.7695,1,0,0,0
227,3,0,2,1,1,1,0.9927,0.9814,0.9492,0.8853,707.0,350.0,584.0,345.0,605.0,450.0,678.5,431.5,123.1016,75.7925,0.6157,1,0,0,0
228,3,0,1,1,1,1,0.9805,0.9897,0.873,0.9194,411.0,266.0,224.25,264.0,285.75,389.0,396.75,402.0,186.7607,111.7587,0.5984,1,0,0,0
228,3,0,0,1,1,1,0.9883,0.9849,0.895,0.8457,1206.0,354.0,1022.0,353.0,1029.0,477.5,1172.0,465.0,184.0027,143.5453,0.7801,1,0,0,0
228,3,0,2,1,1,1,0.9932,0.9873,0.9375,0.8936,704.5,347.5,580.5,344.0,602.5,444.5,682.0,435.0,124.0494,80.0656,0.6454,1,0,0,0
229,3,0,1,1,1,1,0.9839,0.9854,0.8896,0.9038,406.5,267.5,225.25,262.0,286.5,390.5,398.0,399.5,181.3334,111.8626,0.6169,1,0,0,0
229,3,0,0,1,1,1,0.9883,0.9849,0.895,0.8452,1206.0,354.0,1022.0,353.0,1029.0,477.5,1172.0,465.0,184.0027,143.5453,0.7801,1,0,0,0
229,3,0,2,1,1,1,0.9927,0.9873,0.9375,0.8936,704.5,347.5,580.5,344.0,602.5,444.5,682.0,435.0,124.0494,80.0656,0.6454,1,0,0,0
230,3,0,1,1,1,1,0.9834,0.9858,0.8862,0.9077,406.0,267.0,223.75,263.5,288.25,388.0,399.75,397.0,182.2836,111.8626,0.6137,1,0,0,0
230,3,0,0,1,1,1,0.9888,0.9849,0.897,0.8438,1203.0,354.0,1018.5,354.0,1028.0,478.0,1170.0,464.0,184.5,142.6885,0.7734,1,0,0,0
230,3,0,2,1,1,1,0.9932,0.9873,0.9385,0.8926,702.5,347.5,578.0,345.0,601.0,444.5,680.5,435.5,124.5251,80.0078,0.6425,1,0,0,0
231,3,0,1,1,1,1,0.9834,0.9858,0.8867,0.9082,406.0,267.0,223.75,263.0,288.25,388.0,399.75,397.0,182.2939,111.8626,0.6136,1,0,0,0
231,3,0,0,1,1,1,0.9888,0.9849,0.897,0.8433,1203.0,354.0,1018.5,354.5,1028.0,478.0,1170.0,464.0,184.5007,142.6885,0.7734,1,0,0,0
231,3,0,2,1,1,1,0.9932,0.9873,0.9395,0.8926,702.0,347.5,578.0,345.0,601.0,444.5,680.0,435.5,124.0252,79.511,0.6411,1,0,0,0
232,3,0,1,1,1,1,0.9844,0.9883,0.8916,0.9077,408.0,267.5,223.125,266.0,286.75,389.0,403.0,397.0,184.8811,116.5249,0.6303,1,0,0,0
232,3,0,0,1,1,1,0.9878,0.9858,0.8882,0.8535,1200.0,354.0,1014.5,355.0,1027.0,479.0,1169.0,464.0,185.5027,142.7901,0.7697,1,0,0,0
232,3,0,2,1,1,1,0.9937,0.9873,0.9424,0.895,701.5,347.0,576.5,346.5,602.5,445.0,678.5,436.0,125.001,76.531,0.6122,1,0,0,0
233,3,0,1,1,1,1,0.9863,0.9858,0.8955,0.8975,403.5,271.0,219.75,265.0,290.0,394.0,396.25,403.0,183.8479,106.6305,0.58,1,0,0,0
233,3,0,0,1,1,1,0.9863,0.9863,0.8779,0.8618,1197.0,355.0,1011.0,355.5,1024.0,480.0,1168.0,464.5,186.0007,144.8318,0.7787,1,0,0,0
233,3,0,2,1,1,1,0.9932,0.9868,0.9414,0.8906,699.5,346.5,575.0,347.5,602.5,445.5,677.0,436.0,124.504,75.1033,0.6032,1,0,0,0
234,3,0,1,1,1,1,0.9863,0.9858,0.8965,0.8975,403.5,271.0,219.75,265.0,290.25,394.0,396.25,403.0,183.8479,106.3814,0.5786,1,0,0,0
234,3,0,0,1,1,1,0.9863,0.9863,0.8784,0.8613,1197.0,355.0,1011.0,355.5,1024.0,480.0,1168.0,465.0,186.0007,144.7791,0.7784,1,0,0,0
234,3,0,2,1,1,1,0.9932,0.9868,0.9414,0.8911,699.5,346.5,575.0,347.5,602.5,445.5,677.0,436.5,124.504,75.0417,0.6027,1,0,0,0
235,3,0,1,1,1,1,0.9844,0.9858,0.8818,0.9023,400.5,271.0,215.75,262.0,293.25,396.5,392.0,402.5,184.9691,98.9321,0.5349,1,0,0,0
235,3,0,0,1,1,1,0.9868,0.9863,0.875,0.8545,1193.0,355.0,1006.0,357.0,1020.0,481.0,1168.0,467.0,187.0107,148.6607,0.7949,1,0,0,0
235,3,0,2,1,1,1,0.9937,0.9863,0.9424,0.8877,698.0,346.5,574.0,347.5,602.5,445.0,677.0,435.5,124.004,75.1033,0.6057,1,0,0,0
236,3,0,1,1,1,1,0.9844,0.9858,0.8818,0.9019,400.5,271.0,215.75,262.0,293.5,396.5,392.0,402.5,184.9691,98.6826,0.5335,1,0,0,0
236,3,0,0,1,1,1,0.9868,0.9863,0.8755,0.8545,1193.0,355.0,1006.0,357.0,1020.0,481.5,1167.0,467.0,187.0107,147.7134,0.7899,1,0,0,0
236,3,0,2,1,1,1,0.9937,0.9863,0.9424,0.8882,697.5,346.5,574.0,347.5,602.5,445.0,677.0,435.5,123.504,75.1033,0.6081,1,0,0,0
237,3,0,0,1,1,1,0.9878,0.9854,0.8789,0.8433,1188.0,353.0,1000.0,356.0,1017.5,482.0,1167.0,469.0,188.0239,150.0642,0.7981,1,0,0,0
237,3,0,1,1,1,1,0.9863,0.9863,0.8901,0.8999,398.5,269.5,212.25,260.5,288.25,395.0,389.0,402.5,186.4673,101.0288,0.5418,1,0,0,0
237,3,0,2,1,1,1,0.9937,0.9863,0.9429,0.8896,697.5,346.0,573.5,348.5,602.0,444.5,676.0,435.0,124.0252,74.6073,0.6015,1,0,0,0
238,3,0,0,1,1,1,0.9878,0.9854,0.8789,0.8428,1188.0,353.0,1000.0,356.0,1017.5,482.0,1167.0,469.0,188.0239,150.0642,0.7981,1,0,0,0
238,3,0,1,1,1,1,0.9863,0.9863,0.8906,0.8994,398.5,269.5,212.0,261.0,288.0,395.0,389.0,402.5,186.6936,101.2781,0.5425,1,0,0,0
238,3,0,2,1,1,1,0.9937,0.9863,0.9429,0.8896,697.5,346.0,573.5,348.5,602.0,444.5,676.5,435.0,124.0252,75.1033,0.6055,1,0,0,0
239,3,0,0,1,1,1,0.9868,0.9858,0.874,0.8491,1181.0,351.0,995.5,356.0,1018.0,483.0,1164.0,467.5,185.5674,146.8205,0.7912,1,0,0,0
239,3,0,1,1,1,1,0.9849,0.9883,0.8901,0.9033,393.75,261.0,206.25,255.0,281.75,391.0,385.25,404.0,187.596,104.3132,0.5561,1,0,0,0
239,3,0,2,1,1,1,0.9937,0.9868,0.9419,0.8926,696.5,346.0,573.0,349.0,602.5,444.5,678.5,434.0,123.5364,76.7219,0.621,1,0,0,0
240,3,0,1,1,1,1,0.9834,0.9883,0.8877,0.9092,386.0,258.0,199.25,254.0,275.25,391.5,382.5,403.0,186.7928,107.8648,0.5775,1,0,0,0
240,3,0,0,1,1,1,0.9858,0.9863,0.8657,0.8545,1173.0,349.5,987.0,355.5,1012.5,483.0,1160.0,467.0,186.0967,148.3653,0.7972,1,0,0,0
240,3,0,2,1,1,1,0.9937,0.9863,0.9429,0.8862,696.5,346.5,572.5,349.5,602.0,444.0,677.0,434.0,124.0363,75.6637,0.61,1,0,0,0
241,3,0,1,1,1,1,0.9834,0.9883,0.8872,0.9092,386.0,258.0,199.25,254.5,275.25,391.5,382.5,403.0,186.7828,107.8648,0.5775,1,0,0,0
241,3,0,0,1,1,1,0.9858,0.9863,0.8657,0.854,1173.0,349.5,987.0,355.5,1012.5,483.5,1160.0,467.0,186.0967,148.42,0.7975,1,0,0,0
241,3,0,2,1,1,1,0.9937,0.9863,0.9429,0.8867,696.5,346.0,572.5,349.0,602.0,444.5,677.0,434.0,124.0363,75.7314,0.6106,1,0,0,0
242,3,0,1,1,1,1,0.9854,0.9868,0.9033,0.9058,380.25,256.0,193.5,252.5,270.0,387.5,377.5,402.0,186.7828,108.4735,0.5807,1,0,0,0
242,3,0,0,1,1,1,0.9878,0.9849,0.8608,0.8457,1166.0,349.5,979.0,354.5,1007.5,484.0,1151.0,462.5,187.0668,145.1017,0.7757,1,0,0,0
242,3,0,2,1,1,1,0.9937,0.9868,0.9419,0.8892,696.5,346.5,572.5,349.5,603.0,445.0,677.5,433.0,124.0363,75.4603,0.6084,1,0,0,0
243,3,0,1,1,1,1,0.9854,0.9868,0.9033,0.9058,380.25,256.0,193.5,252.5,270.0,387.5,377.5,402.0,186.7828,108.4735,0.5807,1,0,0,0
243,3,0,0,1,1,1,0.9878,0.9849,0.8608,0.8457,1166.0,349.5,979.0,354.5,1007.5,484.0,1151.0,462.5,187.0668,145.1017,0.7757,1,0,0,0
243,3,0,2,1,1,1,0.9937,0.9868,0.9419,0.8896,696.5,346.5,572.5,349.5,603.0,445.0,677.5,433.0,124.0363,75.4603,0.6084,1,0,0,0
244,3,0,1,1,1,1,0.9849,0.9902,0.8892,0.9136,377.25,252.5,183.875,251.5,258.0,383.0,378.0,398.0,193.3776,120.9339,0.6254,1,0,0,0
244,3,0,0,1,1,1,0.9883,0.9829,0.8726,0.8398,1158.0,349.0,974.0,353.0,1001.0,480.0,1139.0,460.0,184.0435,139.4417,0.7577,1,0,0,0
244,3,0,2,1,1,1,0.9937,0.9873,0.9438,0.8931,697.0,346.0,573.0,349.0,603.5,444.5,675.5,434.0,124.0363,72.7616,0.5866,1,0,0,0
245,3,0,1,1,1,1,0.9844,0.9902,0.8887,0.9141,377.5,252.5,183.75,252.0,258.0,383.5,377.75,398.0,193.7506,120.6247,0.6226,1,0,0,0
245,3,0,0,1,1,1,0.9883,0.9829,0.8726,0.8389,1158.0,349.0,974.0,353.0,1001.0,480.0,1139.0,460.0,184.0435,139.4417,0.7577,1,0,0,0
245,3,0,2,1,1,1,0.9937,0.9873,0.9438,0.8926,697.0,346.0,573.0,349.0,603.5,445.0,675.5,434.0,124.0363,72.8354,0.5872,1,0,0,0
246,3,0,1,1,1,1,0.9849,0.9902,0.8882,0.9077,374.0,250.0,175.25,250.0,240.125,388.0,377.0,400.5,198.75,137.4446,0.6915,1,0,0,0
246,3,0,0,1,1,1,0.9893,0.979,0.8887,0.8213,1152.0,344.5,966.0,348.5,992.0,483.5,1126.0,467.0,186.043,135.012,0.7257,1,0,0,0
246,3,0,2,1,1,1,0.9937,0.9878,0.9448,0.8955,698.0,346.0,574.0,349.0,603.0,444.0,676.5,432.5,124.0363,74.3942,0.5998,1,0,0,0
247,3,0,1,1,1,1,0.9849,0.9897,0.8892,0.9072,374.25,250.0,175.375,250.0,239.625,388.0,377.0,401.0,198.875,137.9887,0.6938,1,0,0,0
247,3,0,0,1,1,1,0.9893,0.979,0.8882,0.8213,1152.0,344.5,966.0,348.5,992.0,483.5,1127.0,467.0,186.043,136.0046,0.731,1,0,0,0
247,3,0,2,1,1,1,0.9937,0.9878,0.9448,0.8955,698.0,346.0,573.5,349.0,603.0,444.0,676.5,433.0,124.5361,74.3186,0.5968,1,0,0,0
248,3,0,1,1,1,1,0.9849,0.9893,0.8911,0.9043,370.0,250.5,166.875,250.0,226.0,392.0,374.5,398.5,203.1256,148.6422,0.7318,1,0,0,0
248,3,0,2,1,1,1,0.9941,0.9868,0.9468,0.8916,699.0,346.0,575.0,349.0,602.5,443.5,675.5,432.5,124.0363,73.8241,0.5952,1,0,0,0
248,3,0,0,1,1,1,0.9873,0.9844,0.895,0.8438,1152.0,346.0,953.0,354.0,972.0,482.0,1122.0,467.0,199.1607,150.7481,0.7569,1,0,0,0
249,3,0,1,1,1,1,0.9849,0.9893,0.8906,0.9053,370.25,250.5,166.875,250.0,226.75,392.0,374.5,398.5,203.3756,147.8929,0.7272,1,0,0,0
249,3,0,0,1,1,1,0.9873,0.9844,0.895,0.8433,1152.0,346.0,953.0,354.0,972.0,482.0,1122.0,467.0,199.1607,150.7481,0.7569,1,0,0,0
249,3,0,2,1,1,1,0.9941,0.9868,0.9468,0.8916,699.0,346.5,575.0,349.0,602.5,443.5,675.5,432.5,124.0252,73.8241,0.5952,1,0,0,0
250,3,0,1,1,1,1,0.9854,0.9888,0.8931,0.9004,366.75,249.0,160.625,248.5,227.75,392.0,367.5,401.5,206.1256,140.0725,0.6795,1,0,0,0
250,3,0,0,1,1,1,0.9878,0.9844,0.896,0.8438,1146.0,348.0,945.5,354.5,968.0,484.5,1114.0,473.0,200.6053,146.4522,0.7301,1,0,0,0
250,3,0,2,1,1,1,0.9941,0.9873,0.9468,0.8926,701.0,346.0,577.0,349.0,603.5,444.0,676.5,433.0,124.0363,73.8241,0.5952,1,0,0,0
251,3,0,1,1,1,1,0.9854,0.9888,0.8931,0.9014,366.75,249.0,160.625,248.5,228.0,392.0,367.25,401.5,206.1256,139.5737,0.6771,1,0,0,0
251,3,0,0,1,1,1,0.9873,0.9844,0.8965,0.8438,1146.0,348.0,945.5,354.5,968.0,484.5,1114.0,473.0,200.6053,146.4522,0.7301,1,0,0,0
251,3,0,2,1,1,1,0.9941,0.9873,0.9468,0.8926,701.0,346.0,576.5,349.0,603.5,443.5,676.0,433.0,124.5361,73.2564,0.5882,1,0,0,0
252,3,0,1,1,1,1,0.9888,0.9854,0.8965,0.894,360.5,250.0,156.25,245.5,241.625,390.5,359.5,396.5,204.2996,118.0276,0.5777,1,0,0,0
252,3,0,0,1,1,1,0.9878,0.9844,0.897,0.8467,1142.0,346.5,941.5,355.0,968.0,487.0,1110.0,476.0,200.6801,142.4254,0.7097,1,0,0,0
252,3,0,2,1,1,1,0.9937,0.9868,0.9443,0.8916,702.5,346.0,578.5,349.0,604.5,443.5,679.5,431.5,124.0363,75.9539,0.6124,1,0,0,0
253,3,0,1,1,1,1,0.9854,0.9883,0.8945,0.9009,365.25,245.0,153.25,246.0,223.5,389.5,364.25,399.0,212.0024,141.0702,0.6654,1,0,0,0
253,3,0,0,1,1,1,0.9878,0.9839,0.8989,0.8457,1139.0,345.0,938.0,353.5,967.5,488.0,1106.0,478.5,201.1796,138.8254,0.6901,1,0,0,0
253,3,0,2,1,1,1,0.9937,0.9863,0.9458,0.8862,704.0,347.0,580.5,349.5,605.5,444.0,679.5,432.5,123.5253,74.8883,0.6063,1,0,0,0
254,3,0,1,1,1,1,0.9854,0.9883,0.8945,0.9004,365.25,244.5,153.5,246.0,223.5,389.5,364.25,399.0,211.7553,141.0702,0.6662,1,0,0,0
254,3,0,0,1,1,1,0.9878,0.9839,0.8989,0.8462,1139.0,345.0,938.0,353.5,967.5,488.0,1107.0,479.0,201.1796,139.79,0.6949,1,0,0,0
254,3,0,2,1,1,1,0.9937,0.9863,0.9453,0.8862,704.0,347.0,580.5,349.5,605.5,444.0,679.5,432.5,123.5253,74.8883,0.6063,1,0,0,0
255,3,0,1,1,1,1,0.9868,0.9888,0.8965,0.8945,366.5,243.5,151.875,245.0,217.5,390.0,366.0,399.5,214.6302,148.8036,0.6933,1,0,0,0
255,3,0,0,1,1,1,0.9878,0.9839,0.8975,0.8447,1139.0,344.0,936.0,354.0,966.5,489.0,1107.0,479.0,203.2462,140.8554,0.693,1,0,0,0
255,3,0,2,1,1,1,0.9937,0.9858,0.9438,0.8823,707.0,346.5,583.0,349.0,607.0,445.0,682.0,432.5,124.0252,76.0345,0.6131,1,0,0,0
256,3,0,1,1,1,1,0.9868,0.9888,0.8965,0.895,366.5,243.5,152.0,245.0,217.75,390.0,366.0,399.5,214.5052,148.5541,0.6925,1,0,0,0
256,3,0,0,1,1,1,0.9878,0.9839,0.8975,0.8442,1139.0,344.0,936.0,354.0,966.5,489.0,1107.0,479.0,203.2462,140.8554,0.693,1,0,0,0
256,3,0,2,1,1,1,0.9937,0.9858,0.9438,0.8823,707.0,346.5,583.0,349.0,607.0,445.0,682.0,432.5,124.0252,76.0345,0.6131,1,0,0,0
257,3,0,1,1,1,1,0.9863,0.9897,0.8882,0.8979,368.5,242.0,152.625,244.0,222.125,390.5,366.0,401.5,215.8843,144.2949,0.6684,1,0,0,0
257,3,0,0,1,1,1,0.9878,0.9844,0.8945,0.8447,1139.0,344.5,935.0,354.0,967.5,489.0,1106.0,480.0,204.2211,138.7921,0.6796,1,0,0,0
257,3,0,2,1,1,1,0.9922,0.9819,0.9434,0.8828,709.0,346.0,587.0,346.0,609.0,450.0,679.5,426.5,122.0,74.3135,0.6091,1,0,0,0
258,3,0,1,1,1,1,0.9863,0.9897,0.8882,0.8979,368.5,242.0,152.75,244.5,222.25,390.5,366.0,401.5,215.7645,144.1703,0.6682,1,0,0,0
258,3,0,0,1,1,1,0.9878,0.9844,0.8945,0.8452,1139.0,344.5,935.0,354.0,967.5,489.0,1107.0,480.0,204.2211,139.79,0.6845,1,0,0,0
258,3,0,2,1,1,1,0.9922,0.9819,0.9438,0.8828,709.0,346.0,587.0,346.5,609.0,450.5,680.0,427.0,122.001,74.788,0.613,1,0,0,0
259,3,0,1,1,1,1,0.9858,0.9893,0.8887,0.9004,374.25,242.5,156.0,244.5,230.75,391.0,368.25,402.0,218.2592,137.9393,0.632,1,0,0,0
259,3,0,0,1,1,1,0.9878,0.9839,0.8965,0.8413,1141.0,345.0,936.5,354.0,967.0,489.5,1107.0,481.5,204.6979,140.2284,0.6851,1,0,0,0
259,3,0,2,1,1,1,0.9922,0.9814,0.9399,0.874,714.0,348.5,588.0,346.5,609.5,448.0,689.0,428.0,126.0159,81.9771,0.6505,1,0,0,0
260,3,0,1,1,1,1,0.9849,0.9888,0.8911,0.9009,382.5,242.5,161.75,246.0,228.5,393.5,370.0,406.0,220.7777,142.051,0.6434,1,0,0,0
260,3,0,0,1,1,1,0.9883,0.9839,0.8979,0.8398,1144.0,345.5,939.5,353.5,969.5,489.5,1105.0,483.0,204.6564,135.6558,0.6628,1,0,0,0
260,3,0,2,1,1,1,0.9912,0.9844,0.9341,0.8921,715.5,348.0,592.0,347.5,615.5,446.0,691.0,426.0,123.501,78.1041,0.6324,1,0,0,0
261,3,0,1,1,1,1,0.9849,0.9888,0.8916,0.9004,382.5,242.5,161.75,246.0,228.375,393.5,370.5,406.0,220.7777,142.6736,0.6462,1,0,0,0
261,3,0,0,1,1,1,0.9883,0.9839,0.8979,0.8398,1144.0,345.5,939.0,353.5,969.5,489.5,1105.0,483.0,205.156,135.6558,0.6612,1,0,0,0
261,3,0,2,1,1,1,0.9912,0.9844,0.9346,0.8921,715.5,348.0,592.0,347.5,615.5,446.0,691.0,426.0,123.501,78.1041,0.6324,1,0,0,0
262,3,0,1,1,1,1,0.9839,0.9893,0.8877,0.9053,391.25,243.5,170.0,249.0,237.125,392.0,373.25,407.0,221.3184,136.949,0.6188,1,0,0,0
262,3,0,0,1,1,1,0.9883,0.9844,0.897,0.8384,1149.0,346.5,942.5,354.0,969.5,488.5,1108.0,481.5,206.6362,138.6768,0.6711,1,0,0,0
262,3,0,2,1,1,1,0.9873,0.9829,0.9341,0.8916,718.5,343.0,595.0,346.0,622.5,446.5,690.5,420.0,123.5364,72.9812,0.5908,1,0,0,0
263,3,0,1,1,1,1,0.9839,0.9893,0.8877,0.9053,391.0,243.5,169.875,249.0,237.125,392.0,373.0,407.0,221.1934,136.7005,0.618,1,0,0,0
263,3,0,0,1,1,1,0.9883,0.9844,0.897,0.8379,1149.0,346.0,942.5,354.0,969.0,488.5,1108.0,481.5,206.6549,139.1761,0.6735,1,0,0,0
263,3,0,2,1,1,1,0.9873,0.9829,0.9341,0.8916,718.5,343.0,595.0,346.5,622.5,446.0,690.5,420.0,123.5496,72.8011,0.5892,1,0,0,0
264,3,0,1,1,1,1,0.9824,0.9902,0.8735,0.9072,401.0,244.0,183.0,248.5,236.25,394.0,380.0,408.0,218.0464,144.4301,0.6624,1,0,0,0
264,3,0,0,1,1,1,0.9883,0.9844,0.896,0.8325,1154.0,346.0,949.0,352.0,972.0,489.0,1115.0,479.5,205.0878,143.3152,0.6988,1,0,0,0
264,3,0,2,1,1,1,0.9917,0.9834,0.938,0.8867,722.0,351.0,598.0,346.5,621.5,445.0,699.5,430.0,124.0816,79.4292,0.6401,1,0,0,0
265,3,0,1,1,1,1,0.9824,0.9902,0.874,0.9067,401.25,244.0,182.875,248.5,236.25,394.0,380.0,408.5,218.4214,144.4795,0.6615,1,0,0,0
265,3,0,0,1,1,1,0.9883,0.9844,0.896,0.8325,1154.0,346.0,949.0,352.0,972.0,489.5,1115.0,480.0,205.0878,143.3152,0.6988,1,0,0,0
265,3,0,2,1,1,1,0.9912,0.9834,0.9375,0.8872,722.0,351.0,598.0,346.5,621.5,445.0,699.5,430.0,124.0816,79.4292,0.6401,1,0,0,0
266,3,0,1,1,1,1,0.9878,0.9858,0.9116,0.8804,412.25,246.0,200.5,246.5,247.0,394.0,382.25,418.0,211.7506,137.3629,0.6487,1,0,0,0
266,3,0,0,1,1,1,0.9878,0.9849,0.8931,0.834,1162.0,345.0,954.0,351.0,978.5,489.0,1120.0,477.5,208.0865,141.9665,0.6822,1,0,0,0
266,3,0,2,1,1,1,0.9907,0.9839,0.9336,0.8906,725.5,352.0,600.0,346.5,624.0,443.5,700.0,429.5,125.6205,77.2787,0.6152,1,0,0,0
267,3,0,1,1,1,1,0.9883,0.9863,0.9141,0.8809,428.0,250.0,219.125,245.5,254.0,394.0,397.5,415.5,208.9235,145.1017,0.6945,1,0,0,0
267,3,0,0,1,1,1,0.9897,0.9795,0.8906,0.814,1162.0,344.0,964.5,345.0,988.0,488.0,1127.0,478.5,197.5025,139.3243,0.7054,1,0,0,0
267,3,0,2,1,1,1,0.9912,0.9824,0.939,0.8838,729.5,351.5,604.5,345.0,625.5,444.5,705.0,429.5,125.1689,80.9027,0.6463,1,0,0,0
268,3,0,1,1,1,1,0.9883,0.9863,0.9141,0.8804,428.0,250.0,219.25,246.0,254.0,393.5,397.5,415.5,208.7883,145.1766,0.6953,1,0,0,0
268,3,0,0,1,1,1,0.9897,0.9795,0.8906,0.8145,1162.0,344.0,964.5,345.0,987.5,488.0,1127.0,478.5,197.5025,139.8231,0.708,1,0,0,0
268,3,0,2,1,1,1,0.9912,0.9824,0.9395,0.8843,729.5,351.5,604.5,345.0,625.5,444.5,705.0,429.5,125.1689,80.9027,0.6463,1,0,0,0
269,3,0,1,1,1,1,0.9873,0.9873,0.9102,0.8843,445.75,250.5,231.875,241.0,265.75,392.5,409.5,415.5,214.0859,145.5784,0.68,1,0,0,0
269,3,0,0,1,1,1,0.9888,0.9829,0.8789,0.8311,1166.0,346.5,974.5,347.0,995.0,483.5,1141.0,474.0,191.5007,146.3087,0.764,1,0,0,0
269,3,0,2,1,1,1,0.9912,0.9814,0.9409,0.8784,734.0,352.0,608.5,344.0,630.5,441.5,707.5,428.0,125.7547,78.1745,0.6216,1,0,0,0
270,3,0,1,1,1,1,0.9873,0.9873,0.9106,0.8843,445.75,250.5,231.875,241.0,265.75,392.5,409.5,416.0,214.0859,145.6582,0.6804,1,0,0,0
270,3,0,0,1,1,1,0.9888,0.9829,0.8789,0.8315,1166.0,346.5,974.5,347.5,995.0,484.0,1141.0,474.0,191.5026,146.3421,0.7642,1,0,0,0
270,3,0,2,1,1,1,0.9912,0.9814,0.9409,0.8784,734.0,352.0,608.5,344.0,630.5,441.5,707.5,428.0,125.7547,78.1745,0.6216,1,0,0,0
271,3,0,1,1,1,1,0.9854,0.9893,0.8877,0.8892,459.5,251.0,241.875,240.0,274.5,390.5,427.0,410.5,217.9028,153.8059,0.7058,1,0,0,0
271,3,0,0,1,1,1,0.9888,0.9839,0.877,0.832,1175.0,347.0,978.5,348.0,995.5,484.0,1149.0,472.0,196.5025,153.9683,0.7835,1,0,0,0
271,3,0,2,1,1,1,0.9912,0.9819,0.9409,0.8809,737.0,353.0,613.0,344.5,638.5,443.5,713.0,430.5,124.291,75.6257,0.6085,1,0,0,0
272,3,0,1,1,1,1,0.9854,0.9893,0.8882,0.8887,459.5,251.0,242.0,240.0,274.5,390.5,426.5,410.5,217.778,153.3101,0.704,1,0,0,0
272,3,0,0,1,1,1,0.9873,0.9858,0.8735,0.8413,1176.0,348.0,976.0,351.0,992.0,485.0,1148.0,479.0,200.0225,156.1153,0.7805,1,0,0,0
272,3,0,2,1,1,1,0.9912,0.9819,0.9409,0.8804,737.0,353.0,613.0,344.5,638.5,443.0,713.0,430.5,124.291,75.5414,0.6078,1,0,0,0
273,3,0,0,1,1,1,0.9883,0.9858,0.8809,0.8369,1183.0,347.5,980.5,349.5,994.5,485.5,1150.0,479.5,202.5099,155.6157,0.7684,1,0,0,0
273,3,0,1,1,1,1,0.9883,0.9873,0.8911,0.8838,463.5,253.5,252.75,237.0,298.5,390.0,437.5,404.5,211.3949,139.7542,0.6611,1,0,0,0
273,3,0,2,1,1,1,0.9912,0.9834,0.9365,0.8853,740.0,355.0,616.5,346.5,642.0,445.5,721.5,432.5,123.7922,80.5559,0.6507,1,0,0,0
274,3,0,0,1,1,1,0.9883,0.9858,0.8804,0.8369,1183.0,347.5,981.0,349.5,994.5,485.5,1150.0,479.5,202.0099,155.6157,0.7703,1,0,0,0
274,3,0,1,1,1,1,0.9883,0.9873,0.8911,0.8838,463.5,253.5,252.875,237.0,298.5,390.0,437.5,404.5,211.2703,139.7542,0.6615,1,0,0,0
274,3,0,2,1,1,1,0.9912,0.9834,0.9365,0.8853,740.0,355.0,616.5,346.5,642.0,445.5,721.5,432.5,123.7922,80.5559,0.6507,1,0,0,0
275,3,0,1,1,1,1,0.9883,0.9873,0.8945,0.8843,470.25,251.5,259.75,236.0,311.25,391.5,449.0,410.0,211.0699,138.9867,0.6585,1,0,0,0
275,3,0,0,1,1,1,0.9883,0.9844,0.8926,0.8354,1191.0,347.5,989.0,349.0,1002.0,485.0,1156.0,476.5,202.0056,154.2344,0.7635,1,0,0,0
275,3,0,2,1,1,1,0.9912,0.9834,0.938,0.8862,743.0,356.0,619.0,346.5,642.0,447.0,726.0,433.0,124.3634,85.1587,0.6848,1,0,0,0
276,3,0,1,1,1,1,0.9878,0.9883,0.9014,0.8853,476.25,249.0,265.0,234.0,321.0,391.5,453.5,412.0,211.7819,134.0765,0.6331,1,0,0,0
276,3,0,0,1,1,1,0.9883,0.9858,0.8862,0.8438,1196.0,347.5,993.5,347.0,1008.5,484.5,1165.0,475.5,202.5006,156.7586,0.7741,1,0,0,0
276,3,0,2,1,1,1,0.9912,0.9844,0.939,0.8916,744.0,355.5,622.5,345.5,651.0,444.5,729.5,433.0,121.9108,79.3379,0.6508,1,0,0,0
277,3,0,1,1,1,1,0.9883,0.9883,0.9014,0.8848,476.25,249.0,265.0,234.0,321.0,391.5,453.25,412.0,211.7819,133.8294,0.6319,1,0,0,0
277,3,0,0,1,1,1,0.9883,0.9858,0.8862,0.8438,1196.0,347.0,993.5,347.0,1009.0,484.5,1164.0,475.0,202.5,155.2909,0.7669,1,0,0,0
277,3,0,2,1,1,1,0.9912,0.9849,0.939,0.8921,744.0,355.5,622.5,346.0,651.0,444.5,729.5,433.0,121.8708,79.3379,0.651,1,0,0,0
278,3,0,1,1,1,1,0.9883,0.9888,0.8994,0.8818,481.25,250.0,268.75,235.0,327.75,393.0,459.5,409.5,213.0288,132.7792,0.6233,1,0,0,0
278,3,0,0,1,1,1,0.9897,0.9819,0.9131,0.8228,1208.0,344.5,994.0,346.0,1016.5,491.0,1166.0,478.5,214.0053,150.0217,0.701,1,0,0,0
278,3,0,2,1,1,1,0.9912,0.9858,0.936,0.8965,745.0,353.5,625.0,344.0,655.5,443.0,730.5,432.5,120.3755,75.7314,0.6291,1,0,0,0
279,3,0,1,1,1,1,0.9883,0.9888,0.8994,0.8818,481.25,250.0,268.5,235.0,327.75,393.0,459.5,410.0,213.2781,132.8422,0.6229,1,0,0,0
279,3,0,0,1,1,1,0.9897,0.9819,0.9131,0.8223,1208.0,344.5,994.0,346.0,1016.0,491.0,1166.0,478.5,214.0053,150.5199,0.7033,1,0,0,0
279,3,0,2,1,1,1,0.9912,0.9858,0.936,0.896,745.0,354.0,625.0,344.0,655.5,443.0,730.5,433.0,120.4159,75.6637,0.6284,1,0,0,0
280,3,0,1,1,1,1,0.9873,0.9883,0.8989,0.8882,484.25,250.5,272.75,235.0,334.0,391.5,459.0,407.0,212.0672,125.9573,0.594,1,0,0,0
280,3,0,0,1,1,1,0.9893,0.9829,0.9082,0.8296,1214.0,346.0,999.5,347.5,1020.0,491.0,1172.0,482.0,214.5052,152.2662,0.7098,1,0,0,0
280,3,0,2,1,1,1,0.9912,0.9863,0.9351,0.9004,745.5,354.0,625.5,344.0,655.0,443.0,731.0,432.5,120.4159,76.7219,0.6371,1,0,0,0
281,3,0,1,1,1,1,0.9868,0.9883,0.8984,0.8887,484.25,250.5,273.0,235.0,334.0,391.5,458.75,407.0,211.8179,125.7092,0.5935,1,0,0,0
281,3,0,0,1,1,1,0.9893,0.9829,0.9082,0.8296,1214.0,346.0,999.5,347.5,1019.5,491.0,1172.0,482.0,214.5052,152.7653,0.7122,1,0,0,0
281,3,0,2,1,1,1,0.9912,0.9863,0.9346,0.9004,746.0,354.0,625.5,344.0,655.0,443.0,731.0,433.0,120.9142,76.6551,0.634,1,0,0,0
282,3,0,1,1,1,1,0.9868,0.9888,0.8965,0.8887,485.75,249.5,273.5,235.0,333.5,391.5,461.5,407.5,212.7447,128.9961,0.6063,1,0,0,0
282,3,0,0,1,1,1,0.9888,0.9839,0.9048,0.833,1218.0,347.0,1002.0,347.5,1022.0,490.0,1177.0,483.5,216.0006,155.1362,0.7182,1,0,0,0
282,3,0,2,1,1,1,0.9907,0.9863,0.9351,0.8994,746.0,353.5,627.0,344.5,657.0,443.5,732.0,434.0,119.3399,75.5993,0.6335,1,0,0,0
283,3,0,1,1,1,1,0.9868,0.9888,0.8965,0.8887,485.5,249.5,273.5,235.0,333.75,392.0,462.0,407.5,212.4953,129.1833,0.6079,1,0,0,0
283,3,0,0,1,1,1,0.9888,0.9839,0.9048,0.833,1218.0,347.0,1002.0,347.5,1022.0,490.0,1177.0,483.5,216.0006,155.1362,0.7182,1,0,0,0
283,3,0,2,1,1,1,0.9907,0.9863,0.9351,0.9004,746.0,353.5,627.0,344.5,657.0,443.5,732.0,434.5,119.3399,75.5381,0.633,1,0,0,0
284,3,0,1,1,1,1,0.9863,0.9893,0.8911,0.8926,488.75,248.0,274.75,234.5,335.0,393.0,473.5,403.5,214.4254,138.8974,0.6478,1,0,0,0
284,3,0,0,1,1,1,0.9888,0.9834,0.9072,0.8369,1222.0,347.0,1005.5,348.0,1023.0,488.0,1175.0,482.0,216.5023,152.1184,0.7026,1,0,0,0
284,3,0,2,1,1,1,0.9927,0.9873,0.9194,0.8892,749.0,355.0,624.5,346.0,659.0,448.0,733.0,434.5,124.8249,75.2213,0.6026,1,0,0,0
285,3,0,1,1,1,1,0.9863,0.9893,0.8911,0.8926,488.75,248.0,274.75,234.5,335.25,393.0,473.25,403.5,214.4254,138.3989,0.6454,1,0,0,0
285,3,0,0,1,1,1,0.9883,0.9834,0.9067,0.8374,1222.0,347.0,1006.0,347.5,1023.0,488.0,1175.0,482.0,216.0006,152.1184,0.7042,1,0,0,0
285,3,0,2,1,1,1,0.9927,0.9873,0.9194,0.8892,749.0,355.0,624.5,346.0,659.5,448.0,733.0,434.5,124.8249,74.7295,0.5987,1,0,0,0
286,3,0,1,1,1,1,0.9863,0.9893,0.8916,0.8906,493.0,246.0,276.5,235.0,333.5,389.0,483.0,400.0,216.7793,149.9041,0.6915,1,0,0,0
286,3,0,0,1,1,1,0.9878,0.9839,0.9014,0.8379,1227.0,347.0,1009.0,346.0,1028.0,488.0,1177.0,481.0,218.0023,149.1643,0.6842,1,0,0,0
286,3,0,2,1,1,1,0.9927,0.9878,0.9189,0.8906,749.0,355.5,624.0,347.0,659.0,449.5,736.5,435.0,125.2887,78.8448,0.6293,1,0,0,0
287,3,0,1,1,1,1,0.9863,0.9893,0.8916,0.8911,492.75,246.0,276.5,235.0,333.5,389.5,482.75,400.0,216.5296,149.6189,0.691,1,0,0,0
287,3,0,0,1,1,1,0.9883,0.9834,0.9019,0.8369,1228.0,347.0,1009.0,346.0,1028.0,488.0,1177.0,481.0,219.0023,149.1643,0.6811,1,0,0,0
287,3,0,2,1,1,1,0.9927,0.9878,0.9189,0.8906,749.0,355.5,624.0,347.5,659.0,449.5,736.5,435.0,125.2557,78.8448,0.6295,1,0,0,0
288,3,0,1,1,1,1,0.9868,0.9888,0.8989,0.8916,496.0,245.0,279.0,235.5,338.0,388.5,486.5,402.0,217.2078,149.1124,0.6865,1,0,0,0
288,3,0,0,1,1,1,0.9873,0.9849,0.897,0.8452,1227.0,347.5,1010.0,346.0,1030.0,487.5,1182.0,481.5,217.0052,152.1184,0.701,1,0,0,0
288,3,0,2,1,1,1,0.9927,0.9878,0.9204,0.8892,748.0,354.0,624.5,347.5,660.0,449.5,737.5,435.5,123.6709,78.7544,0.6368,1,0,0,0
289,3,0,0,1,1,1,0.9873,0.9858,0.8911,0.8486,1227.0,348.0,1009.5,346.0,1030.0,488.0,1183.0,481.0,217.5092,153.16,0.7042,1,0,0,0
289,3,0,1,1,1,1,0.9868,0.9888,0.8965,0.8901,497.25,245.5,279.75,236.5,337.25,389.5,489.5,402.0,217.6861,152.7623,0.7018,1,0,0,0
289,3,0,2,1,1,1,0.9927,0.9873,0.9229,0.8892,748.0,353.5,624.0,348.0,661.0,450.0,736.0,435.5,124.1219,76.3888,0.6154,1,0,0,0
290,3,0,0,1,1,1,0.9873,0.9858,0.8911,0.8486,1227.0,348.0,1009.5,346.0,1030.0,488.0,1183.0,481.0,217.5092,153.16,0.7042,1,0,0,0
290,3,0,1,1,1,1,0.9868,0.9888,0.8965,0.8901,497.0,245.5,279.75,237.0,337.25,389.5,489.5,402.0,217.4162,152.7623,0.7026,1,0,0,0
290,3,0,2,1,1,1,0.9927,0.9873,0.9224,0.8892,748.0,353.5,624.0,348.0,661.0,450.0,736.0,435.5,124.1219,76.3888,0.6154,1,0,0,0
291,3,0,1,1,1,1,0.9873,0.9883,0.9048,0.8882,493.0,246.0,278.5,237.5,330.0,387.0,487.0,402.0,214.6683,157.7149,0.7347,1,0,0,0
291,3,0,0,1,1,1,0.9873,0.9858,0.8911,0.8481,1226.0,347.0,1008.5,346.0,1030.0,488.0,1184.0,481.0,217.5023,154.159,0.7088,1,0,0,0
291,3,0,2,1,1,1,0.9927,0.9873,0.9219,0.8877,747.0,353.5,622.5,348.5,661.5,451.0,737.0,436.0,124.6004,76.9756,0.6178,1,0,0,0
292,3,0,1,1,1,1,0.9873,0.9883,0.9048,0.8887,493.0,246.0,278.5,237.5,330.0,387.0,487.0,402.0,214.6683,157.7149,0.7347,1,0,0,0
292,3,0,0,1,1,1,0.9873,0.9858,0.8911,0.8481,1226.0,347.0,1008.0,346.0,1030.0,488.0,1184.0,481.0,218.0023,154.159,0.7071,1,0,0,0
292,3,0,2,1,1,1,0.9927,0.9873,0.9214,0.8882,747.0,353.5,622.5,349.0,661.5,451.0,736.5,436.5,124.5813,76.3888,0.6132,1,0,0,0
293,3,0,0,1,1,1,0.9873,0.9858,0.8892,0.8472,1224.0,347.0,1006.0,346.0,1030.0,487.5,1183.0,482.0,218.0023,153.0988,0.7023,1,0,0,0
293,3,0,1,1,1,1,0.9873,0.9883,0.9028,0.8901,489.75,246.5,275.25,237.0,324.25,386.0,483.0,396.0,214.7103,159.0646,0.7408,1,0,0,0
293,3,0,2,1,1,1,0.9927,0.9868,0.9194,0.8843,746.5,353.0,622.0,350.0,660.5,451.0,737.5,436.0,124.5361,78.4474,0.6299,1,0,0,0
294,3,0,0,1,1,1,0.9873,0.9858,0.8887,0.8472,1224.0,347.5,1006.0,346.0,1030.0,487.5,1183.0,482.0,218.0052,153.0988,0.7023,1,0,0,0
294,3,0,1,1,1,1,0.9873,0.9883,0.9028,0.8901,489.75,246.0,275.25,237.0,324.0,386.5,483.0,396.0,214.6887,159.2836,0.7419,1,0,0,0
294,3,0,2,1,1,1,0.9927,0.9868,0.9194,0.8848,746.5,353.0,622.0,350.0,660.5,451.0,737.5,435.5,124.5361,78.5446,0.6307,1,0,0,0
295,3,0,0,1,1,1,0.9883,0.9844,0.8989,0.8369,1223.0,348.0,1003.5,347.0,1026.0,489.0,1182.0,482.5,219.5023,156.1354,0.7113,1,0,0,0
295,3,0,1,1,1,1,0.9873,0.9878,0.9019,0.8882,482.75,246.5,271.0,238.5,323.0,382.0,477.5,394.0,211.9011,154.9653,0.7313,1,0,0,0
295,3,0,2,1,1,1,0.9927,0.9868,0.9175,0.8809,745.0,354.0,620.0,350.5,658.5,451.0,738.0,435.0,125.049,81.0941,0.6485,1,0,0,0
296,3,0,0,1,1,1,0.9883,0.9849,0.8979,0.8384,1219.0,346.5,1000.5,347.5,1025.0,489.0,1181.0,483.0,218.5023,156.1153,0.7145,1,0,0,0
296,3,0,1,1,1,1,0.9878,0.9873,0.9014,0.8799,479.5,248.5,269.0,241.5,323.75,379.5,472.5,394.0,210.6164,149.4551,0.7096,1,0,0,0
296,3,0,2,1,1,1,0.9912,0.9858,0.9336,0.895,741.5,353.0,621.0,348.5,658.0,447.5,739.0,435.5,120.584,81.8841,0.6791,1,0,0,0
297,3,0,0,1,1,1,0.9883,0.9849,0.8984,0.8379,1219.0,346.5,1001.0,347.0,1025.0,489.0,1180.0,483.0,218.0006,155.1161,0.7115,1,0,0,0
297,3,0,1,1,1,1,0.9878,0.9878,0.9014,0.8799,479.5,248.5,269.25,241.5,323.75,379.5,472.5,393.5,210.3665,149.4074,0.7102,1,0,0,0
297,3,0,2,1,1,1,0.9912,0.9858,0.9341,0.895,741.0,353.0,621.0,348.0,658.0,447.5,739.5,435.5,120.1041,82.3787,0.6859,1,0,0,0
298,3,0,0,1,1,1,0.9888,0.9849,0.8989,0.8354,1216.0,345.0,997.5,346.5,1023.5,488.5,1181.0,482.5,218.5051,157.6142,0.7213,1,0,0,0
298,3,0,1,1,1,1,0.9868,0.9878,0.895,0.8843,471.0,250.0,263.0,244.0,308.0,378.0,467.25,395.5,208.0865,160.2087,0.7699,1,0,0,0
298,3,0,2,1,1,1,0.9912,0.9849,0.9336,0.8916,740.5,355.0,618.0,349.5,658.0,450.0,738.0,436.5,122.6234,81.1311,0.6616,1,0,0,0
299,3,0,0,1,1,1,0.9888,0.9849,0.8984,0.8354,1216.0,345.0,997.5,346.5,1023.5,489.0,1181.0,482.5,218.5051,157.6341,0.7214,1,0,0,0
299,3,0,1,1,1,1,0.9868,0.9878,0.895,0.8848,471.0,250.0,263.0,244.0,307.75,378.0,467.5,395.5,208.0865,160.7057,0.7723,1,0,0,0
299,3,0,2,1,1,1,0.9912,0.9849,0.9336,0.8921,741.0,354.5,617.5,349.5,658.0,450.0,738.0,436.5,123.6012,81.1311,0.6564,1,0,0,0
300,3,0,0,1,1,1,0.9888,0.9854,0.8975,0.8379,1214.0,344.5,995.5,347.5,1021.0,489.5,1180.0,482.5,218.5206,159.154,0.7283,1,0,0,0
300,3,0,1,1,1,1,0.9863,0.9907,0.8682,0.8926,465.0,250.0,252.625,247.0,301.5,381.5,453.5,395.5,212.3962,152.6434,0.7187,1,0,0,0
300,3,0,2,1,1,1,0.9907,0.9854,0.9287,0.895,738.0,354.5,616.0,349.0,659.5,449.5,733.0,435.5,122.1239,74.8215,0.6127,1,0,0,0
301,3,0,0,1,1,1,0.9888,0.9854,0.8979,0.8384,1214.0,344.5,995.5,347.5,1020.5,490.0,1180.0,482.5,218.5206,159.6762,0.7307,1,0,0,0
301,3,0,1,1,1,1,0.9863,0.9907,0.8672,0.8936,464.75,250.0,252.5,247.0,301.5,381.5,453.25,396.0,212.2712,152.4412,0.7181,1,0,0,0
301,3,0,2,1,1,1,0.9907,0.9854,0.9292,0.895,738.0,354.5,615.5,349.0,660.0,449.5,733.0,435.5,122.6234,74.3303,0.6062,1,0,0,0
302,3,0,0,1,1,1,0.9888,0.9849,0.8975,0.8379,1213.0,344.5,994.0,348.5,1020.5,491.0,1178.0,482.5,219.0365,157.7292,0.7201,1,0,0,0
302,3,0,1,1,1,1,0.9839,0.9897,0.8809,0.8965,456.25,254.0,245.25,250.5,279.5,378.5,450.75,394.5,211.029,171.9958,0.815,1,0,0,0
302,3,0,2,1,1,1,0.9912,0.9849,0.9326,0.8936,736.5,353.0,614.0,348.5,659.5,448.5,732.5,435.5,122.5826,74.1485,0.6049,1,0,0,0
303,3,0,0,1,1,1,0.9888,0.9844,0.8999,0.8369,1213.0,344.0,993.5,348.5,1021.0,491.0,1177.0,481.5,219.5461,156.289,0.7119,1,0,0,0
303,3,0,1,1,1,1,0.9868,0.9873,0.9038,0.8809,445.0,254.0,237.0,251.5,266.5,384.0,429.0,400.0,208.015,163.2858,0.785,1,0,0,0
303,3,0,2,1,1,1,0.9902,0.9844,0.9277,0.8936,735.0,351.0,612.0,348.0,660.0,449.5,731.5,436.0,123.0366,72.7633,0.5914,1,0,0,0
304,3,0,0,1,1,1,0.9888,0.9849,0.8994,0.8374,1213.0,344.0,993.5,349.0,1021.0,490.5,1177.0,481.5,219.5569,156.2594,0.7117,1,0,0,0
304,3,0,1,1,1,1,0.9868,0.9873,0.9038,0.8809,444.5,254.0,237.0,251.5,266.5,384.0,429.0,400.0,207.5151,163.2858,0.7869,1,0,0,0
304,3,0,2,1,1,1,0.9902,0.9844,0.9277,0.894,735.0,351.0,612.0,348.0,660.0,449.5,731.5,436.0,123.0366,72.7633,0.5914,1,0,0,0
305,3,0,0,1,1,1,0.9897,0.9839,0.9028,0.8237,1213.0,343.0,993.0,349.0,1019.0,492.0,1178.0,481.5,220.0818,159.3463,0.724,1,0,0,0
305,3,0,1,1,1,1,0.9893,0.9844,0.8999,0.877,426.75,260.0,227.5,252.0,269.25,378.5,419.0,394.5,199.4105,150.6023,0.7552,1,0,0,0
305,3,0,2,1,1,1,0.9897,0.9839,0.9268,0.8931,732.5,351.0,608.5,349.0,656.0,450.5,729.5,435.5,124.0161,75.015,0.6049,1,0,0,0
306,3,0,0,1,1,1,0.9897,0.9839,0.9033,0.8232,1214.0,343.0,993.0,349.0,1019.0,492.0,1178.0,482.0,221.0814,159.3142,0.7206,1,0,0,0
306,3,0,1,1,1,1,0.9893,0.9844,0.8994,0.8765,426.75,260.0,227.375,252.0,269.25,378.0,419.0,394.5,199.5354,150.6563,0.755,1,0,0,0
306,3,0,2,1,1,1,0.9897,0.9839,0.9268,0.8936,732.5,351.0,608.5,349.0,656.0,451.0,730.0,435.5,124.0161,75.6059,0.6096,1,0,0,0
307,3,0,1,1,1,1,0.9863,0.9878,0.9014,0.894,420.0,255.0,216.0,254.0,254.75,381.5,417.0,393.0,204.0025,162.657,0.7973,1,0,0,0
307,3,0,0,1,1,1,0.9897,0.9834,0.9043,0.8213,1214.0,344.0,993.5,350.0,1018.5,491.5,1177.0,482.5,220.5816,158.7553,0.7197,1,0,0,0
307,3,0,2,1,1,1,0.9888,0.9849,0.9194,0.8984,728.0,349.5,605.0,349.0,652.0,450.5,726.0,434.5,123.001,75.71,0.6155,1,0,0,0
308,3,0,1,1,1,1,0.9863,0.9878,0.9014,0.8945,420.0,255.0,216.25,254.0,254.75,381.5,417.0,393.0,203.7525,162.657,0.7983,1,0,0,0
308,3,0,0,1,1,1,0.9897,0.9834,0.9048,0.8213,1214.0,343.5,993.5,350.0,1018.5,491.5,1177.0,482.5,220.5958,158.7553,0.7197,1,0,0,0
308,3,0,2,1,1,1,0.9888,0.9849,0.9194,0.8979,728.0,349.5,605.5,349.0,652.0,450.5,726.5,434.5,122.501,76.1988,0.622,1,0,0,0
309,3,0,0,1,1,1,0.9893,0.9844,0.9014,0.8267,1215.0,343.5,994.0,350.0,1018.5,491.5,1180.0,484.0,221.0956,161.6741,0.7312,1,0,0,0
309,3,0,1,1,1,1,0.9849,0.9873,0.8979,0.8984,412.5,257.0,210.125,259.0,258.25,384.5,408.75,397.0,202.3849,151.0182,0.7462,1,0,0,0
309,3,0,2,1,1,1,0.9897,0.9829,0.9258,0.8887,726.5,349.0,601.5,348.5,649.0,451.5,723.5,434.0,125.001,76.5278,0.6122,1,0,0,0
310,3,0,0,1,1,1,0.9893,0.9844,0.9019,0.8267,1215.0,343.5,994.0,350.0,1018.5,491.5,1180.0,484.0,221.0956,161.6741,0.7312,1,0,0,0
310,3,0,1,1,1,1,0.9849,0.9873,0.8975,0.8989,412.5,257.0,210.125,258.5,258.0,384.5,409.0,396.5,202.3806,151.4761,0.7485,1,0,0,0
310,3,0,2,1,1,1,0.9897,0.9829,0.9258,0.8887,726.5,349.0,601.5,348.5,649.0,451.5,723.0,434.0,125.001,76.0411,0.6083,1,0,0,0
311,3,0,0,1,1,1,0.9893,0.9839,0.9019,0.8276,1215.0,344.0,994.5,349.0,1020.5,491.5,1180.0,485.0,220.5567,159.6324,0.7238,1,0,0,0
311,3,0,1,1,1,1,0.9858,0.9878,0.8984,0.9004,401.0,259.0,201.875,258.5,251.875,390.5,394.25,407.5,199.1256,143.3863,0.7201,1,0,0,0
311,3,0,2,1,1,1,0.9893,0.9839,0.9219,0.895,723.0,348.0,598.5,348.5,647.5,451.5,722.0,434.5,124.501,76.415,0.6138,1,0,0,0
312,3,0,0,1,1,1,0.9883,0.9849,0.8965,0.8384,1216.0,344.5,996.0,348.5,1022.0,490.5,1181.0,484.0,220.0364,159.1328,0.7232,1,0,0,0
312,3,0,1,1,1,1,0.9834,0.9902,0.8657,0.9067,397.5,257.0,193.5,257.0,251.125,389.0,387.75,401.0,204.0,137.151,0.6723,1,0,0,0
312,3,0,2,1,1,1,0.9883,0.9839,0.9165,0.896,721.0,348.5,596.5,349.0,649.0,451.0,724.0,435.5,124.501,76.5849,0.6151,1,0,0,0
313,3,0,0,1,1,1,0.9883,0.9849,0.8965,0.8379,1216.0,344.5,996.0,348.5,1022.0,490.5,1181.0,484.0,220.0364,159.1328,0.7232,1,0,0,0
313,3,0,1,1,1,1,0.9834,0.9902,0.8662,0.9062,397.25,257.0,193.5,257.0,251.0,389.0,387.5,401.0,203.75,137.0265,0.6725,1,0,0,0
313,3,0,2,1,1,1,0.9883,0.9839,0.9165,0.896,721.0,348.5,596.5,349.0,649.0,451.0,724.0,435.5,124.501,76.5849,0.6151,1,0,0,0
314,3,0,0,1,1,1,0.9883,0.9849,0.8945,0.8403,1218.0,344.5,997.0,348.5,1023.5,489.5,1179.0,484.0,221.0362,155.5972,0.7039,1,0,0,0
314,3,0,1,1,1,1,0.9844,0.9897,0.8706,0.9033,392.0,254.0,189.75,254.0,245.25,380.5,382.5,394.0,202.25,137.9123,0.6819,1,0,0,0
314,3,0,2,1,1,1,0.9907,0.9805,0.9258,0.8838,720.5,350.0,597.5,349.5,653.5,454.5,723.0,437.0,123.001,71.6694,0.5827,1,0,0,0
315,3,0,0,1,1,1,0.9883,0.9849,0.8945,0.8403,1218.0,344.5,997.5,348.5,1023.5,489.5,1179.0,484.0,220.5363,155.5972,0.7055,1,0,0,0
315,3,0,1,1,1,1,0.9844,0.9897,0.8706,0.9038,392.0,254.0,189.625,254.5,245.25,381.0,382.5,394.0,202.3756,137.8643,0.6812,1,0,0,0
315,3,0,2,1,1,1,0.9907,0.9805,0.9258,0.8843,720.5,350.0,597.5,349.5,653.5,454.5,723.0,437.0,123.001,71.6694,0.5827,1,0,0,0
316,3,0,0,1,1,1,0.9878,0.9854,0.8911,0.8423,1220.0,345.5,998.5,349.0,1024.0,488.5,1181.0,482.5,221.5277,157.1146,0.7092,1,0,0,0
316,3,0,1,1,1,1,0.9844,0.9897,0.8696,0.9038,388.0,254.0,187.875,253.0,240.875,378.0,379.5,393.0,200.1275,139.4342,0.6967,1,0,0,0
316,3,0,2,1,1,1,0.9902,0.98,0.9233,0.8838,718.0,351.0,595.0,349.5,651.5,457.5,720.0,438.5,123.0091,71.0862,0.5779,1,0,0,0
317,3,0,0,1,1,1,0.9878,0.9854,0.8901,0.8423,1220.0,345.5,998.5,349.0,1024.0,488.5,1182.0,483.0,221.5277,158.0957,0.7137,1,0,0,0
317,3,0,1,1,1,1,0.9844,0.9897,0.8687,0.9038,388.25,254.0,187.875,253.0,241.0,378.5,379.5,393.0,200.3775,139.257,0.695,1,0,0,0
317,3,0,2,1,1,1,0.9902,0.98,0.9238,0.8843,718.0,351.0,595.5,349.5,651.5,457.5,720.0,438.5,122.5092,71.0862,0.5803,1,0,0,0
318,3,0,0,1,1,1,0.9878,0.9854,0.8936,0.8447,1221.0,346.0,1001.0,349.0,1027.0,487.5,1184.0,482.0,220.0205,157.0963,0.714,1,0,0,0
318,3,0,1,1,1,1,0.9834,0.9893,0.8711,0.9082,385.25,254.5,187.375,251.0,246.625,374.0,375.75,393.5,197.906,130.5891,0.6599,1,0,0,0
318,3,0,2,1,1,1,0.9902,0.98,0.9224,0.8848,715.5,352.5,595.0,349.5,648.5,458.0,718.0,439.0,120.5373,72.0503,0.5977,1,0,0,0
319,3,0,0,1,1,1,0.9878,0.9854,0.8936,0.8447,1221.0,346.5,1001.0,349.5,1026.0,487.5,1184.0,482.0,220.0205,158.0957,0.7186,1,0,0,0
319,3,0,1,1,1,1,0.9834,0.9893,0.8711,0.9087,385.25,254.5,187.375,251.5,246.5,374.0,375.75,393.5,197.8977,130.7127,0.6605,1,0,0,0
319,3,0,2,1,1,1,0.9902,0.98,0.9224,0.8843,715.5,352.5,595.0,349.5,648.0,458.0,718.0,439.0,120.5373,72.5328,0.6017,1,0,0,0
320,3,0,0,1,1,1,0.9873,0.9854,0.8921,0.8457,1223.0,346.5,1003.0,349.5,1028.0,487.0,1188.0,482.0,220.0205,160.0781,0.7276,1,0,0,0
320,3,0,1,1,1,1,0.9824,0.9897,0.8691,0.9136,382.5,255.5,187.0,251.5,251.25,372.5,374.0,391.0,195.5409,124.1363,0.6348,1,0,0,0
320,3,0,2,1,1,1,0.9897,0.98,0.9219,0.8882,714.0,352.0,595.5,348.0,649.5,459.5,716.5,440.5,118.5675,69.6419,0.5874,1,0,0,0
321,3,0,0,1,1,1,0.9873,0.9854,0.8921,0.8457,1222.0,346.5,1003.0,349.5,1028.0,487.0,1188.0,482.0,219.0205,160.0781,0.7309,1,0,0,0
321,3,0,1,1,1,1,0.9824,0.9897,0.8691,0.9136,382.75,255.5,186.875,251.5,251.5,373.0,373.75,391.0,195.9158,123.568,0.6307,1,0,0,0
321,3,0,2,1,1,1,0.9897,0.98,0.9219,0.8882,714.0,352.0,595.5,348.0,649.5,459.5,716.5,440.5,118.5675,69.6419,0.5874,1,0,0,0
322,3,0,0,1,1,1,0.9873,0.9858,0.8901,0.8467,1224.0,346.0,1005.0,349.0,1029.0,487.0,1188.0,482.0,219.0205,159.0786,0.7263,1,0,0,0
322,3,0,1,1,1,1,0.9824,0.9893,0.8706,0.9136,380.0,256.0,186.25,254.0,248.75,375.0,375.0,391.5,193.7603,127.3237,0.6571,1,0,0,0
322,3,0,2,1,1,1,0.9888,0.98,0.917,0.8901,713.0,353.0,595.5,348.0,650.0,461.0,713.5,441.0,117.6063,66.5751,0.5661,1,0,0,0
323,3,0,0,1,1,1,0.9868,0.9858,0.8882,0.8472,1227.0,346.5,1007.5,350.5,1032.0,487.0,1191.0,481.5,219.5364,159.0951,0.7247,1,0,0,0
323,3,0,1,1,1,1,0.9834,0.9888,0.875,0.9092,378.5,257.5,186.5,256.5,248.25,372.0,371.5,393.0,192.0026,125.0262,0.6512,1,0,0,0
323,3,0,2,1,1,1,0.9902,0.9775,0.9282,0.8843,712.5,350.0,594.5,346.0,650.5,464.0,710.0,445.0,118.0678,62.46,0.529,1,0,0,0
324,3,0,0,1,1,1,0.9868,0.9858,0.8882,0.8472,1227.0,346.5,1007.5,350.5,1032.0,486.5,1191.0,481.5,219.5364,159.0786,0.7246,1,0,0,0
324,3,0,1,1,1,1,0.9834,0.9888,0.8755,0.9092,378.5,257.5,186.625,256.5,248.75,372.0,371.5,392.5,191.8776,124.45,0.6486,1,0,0,0
324,3,0,2,1,1,1,0.9902,0.9775,0.9282,0.8848,712.5,350.0,594.0,346.5,651.0,464.0,709.5,445.0,118.5517,61.5081,0.5188,1,0,0,0
325,3,0,0,1,1,1,0.9868,0.9858,0.8882,0.8457,1229.0,347.5,1009.5,350.5,1033.0,487.0,1190.0,481.5,219.5205,157.0963,0.7156,1,0,0,0
325,3,0,1,1,1,1,0.9834,0.9883,0.8789,0.9102,378.5,260.0,187.875,260.5,251.0,374.5,373.75,392.0,190.6257,123.9912,0.6504,1,0,0,0
325,3,0,2,1,1,1,0.9902,0.9775,0.9287,0.8843,714.0,349.0,594.0,346.0,647.5,464.5,711.5,448.0,120.0375,66.0927,0.5506,1,0,0,0
326,3,0,0,1,1,1,0.9868,0.9858,0.8882,0.8462,1229.0,347.5,1009.5,350.5,1033.0,487.0,1191.0,481.5,219.5205,158.0957,0.7202,1,0,0,0
326,3,0,1,1,1,1,0.9834,0.9883,0.8789,0.9102,378.5,260.0,188.0,260.5,250.875,374.5,373.75,392.0,190.5007,124.1149,0.6515,1,0,0,0
326,3,0,2,1,1,1,0.9902,0.9775,0.9282,0.8843,714.0,349.0,594.0,346.0,647.5,464.5,711.5,448.0,120.0375,66.0927,0.5506,1,0,0,0
327,3,0,0,1,1,1,0.9868,0.9858,0.8887,0.8467,1229.0,347.0,1010.0,350.0,1034.0,487.5,1188.0,481.0,219.0205,154.1371,0.7038,1,0,0,0
327,3,0,1,1,1,1,0.9839,0.9878,0.8843,0.9077,379.0,262.5,191.5,263.5,256.75,378.0,379.0,393.0,187.5027,123.1668,0.6569,1,0,0,0
327,3,0,2,1,1,1,0.9907,0.978,0.9316,0.8867,715.0,348.0,594.5,345.0,645.0,463.0,712.5,445.0,120.5373,69.8588,0.5796,1,0,0,0
328,3,0,0,1,1,1,0.9868,0.9858,0.8887,0.8462,1229.0,347.0,1010.5,350.0,1034.0,487.5,1188.0,481.0,218.5206,154.1371,0.7054,1,0,0,0
328,3,0,1,1,1,1,0.9839,0.9878,0.8843,0.9077,378.75,262.5,191.5,263.5,257.0,378.0,379.0,393.5,187.2527,122.9807,0.6568,1,0,0,0
328,3,0,2,1,1,1,0.9907,0.978,0.9316,0.8867,715.0,348.0,594.5,344.5,645.0,463.0,712.5,445.0,120.5508,69.8588,0.5795,1,0,0,0
329,3,0,0,1,1,1,0.9868,0.9858,0.8862,0.8486,1230.0,347.0,1010.5,349.0,1034.0,488.0,1189.0,481.5,219.5091,155.1362,0.7067,1,0,0,0
329,3,0,1,1,1,1,0.9844,0.9878,0.8853,0.9038,380.0,264.0,194.75,265.0,259.5,382.5,380.5,397.5,185.2527,121.9262,0.6582,1,0,0,0
329,3,0,2,1,1,1,0.9907,0.9775,0.9326,0.8828,717.5,347.0,595.0,344.0,645.0,463.0,710.5,443.0,122.5367,68.4854,0.5589,1,0,0,0
330,3,0,0,1,1,1,0.9868,0.9858,0.8867,0.8486,1230.0,347.0,1010.5,349.0,1034.0,488.0,1189.0,481.5,219.5091,155.1362,0.7067,1,0,0,0
330,3,0,1,1,1,1,0.9844,0.9878,0.8848,0.9038,380.0,264.0,194.75,265.0,259.5,382.5,380.5,397.5,185.2527,121.9262,0.6582,1,0,0,0
330,3,0,2,1,1,1,0.9907,0.9775,0.9326,0.8828,717.5,347.0,595.0,344.0,645.0,462.5,710.5,443.0,122.5367,68.3411,0.5577,1,0,0,0
331,3,0,0,1,1,1,0.9863,0.9858,0.8867,0.8516,1229.0,347.0,1011.0,349.0,1035.0,488.5,1188.0,481.0,218.0092,153.1837,0.7026,1,0,0,0
331,3,0,1,1,1,1,0.9844,0.9873,0.8877,0.8994,381.0,266.0,197.5,265.5,263.75,385.5,378.0,400.0,183.5007,115.1665,0.6276,1,0,0,0
331,3,0,2,1,1,1,0.9912,0.9771,0.9341,0.8789,719.5,347.5,595.5,343.0,644.5,464.0,711.0,443.5,124.0816,69.5881,0.5608,1,0,0,0
332,3,0,0,1,1,1,0.9863,0.9858,0.8882,0.8501,1230.0,347.5,1009.5,349.0,1033.0,488.0,1187.0,480.0,220.5051,154.2077,0.6993,1,0,0,0
332,3,0,1,1,1,1,0.9844,0.9868,0.8882,0.8979,381.5,266.5,200.75,265.0,267.25,390.0,371.5,408.0,180.7562,105.7925,0.5853,1,0,0,0
332,3,0,2,1,1,1,0.9912,0.9766,0.9341,0.8735,722.5,348.0,596.0,343.0,643.5,464.0,711.0,442.5,126.5988,70.8414,0.5596,1,0,0,0
333,3,0,0,1,1,1,0.9868,0.9858,0.8882,0.8496,1229.0,347.5,1010.0,349.0,1033.0,488.0,1188.0,480.0,219.0051,155.2063,0.7087,1,0,0,0
333,3,0,1,1,1,1,0.9844,0.9868,0.8882,0.8979,381.5,266.0,200.75,265.0,267.5,390.0,371.5,408.0,180.7528,105.5462,0.5839,1,0,0,0
333,3,0,2,1,1,1,0.9912,0.9766,0.9341,0.8726,722.0,347.5,596.0,343.0,644.0,464.0,711.0,442.5,126.0803,70.3651,0.5581,1,0,0,0
334,3,0,0,1,1,1,0.9868,0.9858,0.8882,0.8481,1228.0,348.0,1008.0,349.0,1030.0,488.0,1188.0,480.0,220.0023,158.2024,0.7191,1,0,0,0
334,3,0,1,1,1,1,0.9868,0.9839,0.8936,0.8906,383.75,270.5,202.375,267.0,272.75,398.0,374.25,405.5,181.4088,101.7767,0.561,1,0,0,0
334,3,0,2,1,1,1,0.9912,0.9766,0.9331,0.8701,725.5,348.5,596.0,342.5,643.5,464.0,714.0,444.5,129.6389,73.1471,0.5642,1,0,0,0
335,3,0,0,1,1,1,0.9868,0.9858,0.8887,0.8481,1228.0,348.0,1008.0,349.0,1030.0,488.0,1188.0,480.5,220.0023,158.1779,0.719,1,0,0,0
335,3,0,1,1,1,1,0.9868,0.9839,0.8936,0.8906,384.0,270.5,202.5,267.0,272.75,398.0,374.0,405.5,181.5337,101.5274,0.5593,1,0,0,0
335,3,0,2,1,1,1,0.9912,0.9766,0.9331,0.8706,725.5,348.5,596.0,342.5,643.0,464.0,714.0,444.5,129.6389,73.6291,0.568,1,0,0,0
336,3,0,0,1,1,1,0.9868,0.9849,0.8916,0.8477,1226.0,348.5,1006.0,347.5,1028.0,489.0,1182.0,482.0,220.0023,154.159,0.7007,1,0,0,0
336,3,0,1,1,1,1,0.9868,0.9844,0.8926,0.8901,383.75,270.0,203.75,267.0,271.25,399.5,374.0,406.0,180.025,102.9554,0.5719,1,0,0,0
336,3,0,2,1,1,1,0.9912,0.9766,0.9331,0.8696,729.0,349.5,598.0,343.0,643.5,465.0,719.0,443.5,131.1612,78.5016,0.5985,1,0,0,0
337,3,0,0,1,1,1,0.9868,0.9849,0.8916,0.8477,1226.0,348.5,1006.0,347.5,1028.0,489.0,1182.0,482.0,220.0023,154.159,0.7007,1,0,0,0
337,3,0,1,1,1,1,0.9868,0.9844,0.8926,0.8896,383.75,270.0,203.875,267.0,271.25,399.5,374.0,406.5,179.9,102.9882,0.5725,1,0,0,0
337,3,0,2,1,1,1,0.9912,0.9766,0.9331,0.8696,729.0,349.0,598.5,343.0,643.0,465.0,719.5,444.0,130.6379,79.33,0.6073,1,0,0,0
338,3,0,0,1,1,1,0.9873,0.9844,0.8975,0.8467,1224.0,348.0,1003.5,347.5,1026.0,489.5,1180.0,480.0,220.5006,154.2927,0.6997,1,0,0,0
338,3,0,1,1,1,1,0.9873,0.9834,0.8989,0.8887,382.75,266.5,203.75,264.0,270.25,395.5,376.0,403.5,179.0175,106.0522,0.5924,1,0,0,0
338,3,0,2,1,1,1,0.9868,0.9829,0.9087,0.8862,732.5,354.5,601.0,346.0,649.0,461.5,726.0,444.5,131.7744,78.8543,0.5984,1,0,0,0
339,3,0,0,1,1,1,0.9878,0.9839,0.8989,0.8394,1222.0,348.0,1002.5,346.5,1023.5,489.5,1178.0,481.0,219.5051,154.7336,0.7049,1,0,0,0
339,3,0,1,1,1,1,0.9878,0.9824,0.9014,0.8828,382.75,266.0,203.625,262.0,268.75,392.0,373.75,402.5,179.1697,105.5237,0.589,1,0,0,0
339,3,0,2,1,1,1,0.9868,0.9834,0.9062,0.8838,738.5,357.0,604.5,348.5,654.0,463.0,728.5,448.0,134.2693,75.9951,0.566,1,0,0,0
340,3,0,0,1,1,1,0.9878,0.9839,0.8989,0.8384,1222.0,348.0,1002.5,346.5,1023.5,489.0,1178.0,481.0,219.5051,154.707,0.7048,1,0,0,0
340,3,0,1,1,1,1,0.9878,0.9824,0.9014,0.8828,382.75,266.0,203.75,262.0,268.75,392.0,373.5,402.5,179.0447,105.2749,0.588,1,0,0,0
340,3,0,2,1,1,1,0.9868,0.9829,0.9062,0.8838,738.5,357.0,604.5,348.5,654.0,463.5,728.5,448.0,134.2693,76.0953,0.5667,1,0,0,0
341,3,0,0,1,1,1,0.9883,0.9839,0.9004,0.8359,1220.0,347.0,1000.0,346.0,1022.0,490.0,1176.0,480.5,220.0023,154.2927,0.7013,1,0,0,0
341,3,0,1,1,1,1,0.9878,0.9829,0.9014,0.8838,382.75,267.0,204.25,264.0,266.5,393.5,376.5,399.5,178.5252,110.1635,0.6171,1,0,0,0
341,3,0,2,1,1,1,0.9873,0.9829,0.9102,0.8838,743.5,359.0,609.5,350.0,661.5,465.0,732.0,449.0,134.3019,72.2928,0.5383,1,0,0,0
342,3,0,0,1,1,1,0.9883,0.9839,0.9004,0.8359,1220.0,347.0,1000.0,346.0,1022.0,490.0,1176.0,480.5,220.0023,154.2927,0.7013,1,0,0,0
342,3,0,1,1,1,1,0.9878,0.9829,0.9019,0.8838,382.75,267.0,204.25,263.5,266.5,393.5,376.5,399.5,178.5343,110.1635,0.617,1,0,0,0
342,3,0,2,1,1,1,0.9873,0.9829,0.9102,0.8833,743.5,358.5,609.5,350.0,661.5,465.0,732.0,449.0,134.2693,72.2928,0.5384,1,0,0,0
343,3,0,0,1,1,1,0.9883,0.9844,0.8994,0.8369,1218.0,347.0,997.5,346.0,1020.0,489.5,1175.0,480.5,220.5023,155.2611,0.7041,1,0,0,0
343,3,0,1,1,1,1,0.9878,0.9834,0.8994,0.8862,382.0,267.0,203.875,263.5,264.25,389.5,374.0,394.0,178.1594,109.8422,0.6165,1,0,0,0
343,3,0,2,1,1,1,0.9888,0.9829,0.9209,0.8804,750.0,356.0,617.5,349.5,662.0,464.5,739.5,448.0,132.6593,79.237,0.5973,1,0,0,0
344,3,0,0,1,1,1,0.9883,0.9844,0.8989,0.8374,1218.0,347.0,997.5,346.0,1020.0,489.5,1176.0,480.5,220.5023,156.2594,0.7087,1,0,0,0
344,3,0,1,1,1,1,0.9878,0.9834,0.8999,0.8862,382.25,267.0,204.0,263.5,264.25,389.5,374.0,394.0,178.2844,109.8422,0.6161,1,0,0,0
344,3,0,2,1,1,1,0.9888,0.9829,0.9214,0.8799,750.0,356.0,617.5,349.5,662.0,464.0,739.5,448.0,132.6593,79.1344,0.5965,1,0,0,0
345,3,0,0,1,1,1,0.9883,0.9844,0.8979,0.8384,1216.0,347.0,995.5,346.0,1018.5,490.5,1174.0,481.5,220.5023,155.7602,0.7064,1,0,0,0
345,3,0,1,1,1,1,0.9844,0.9873,0.894,0.9058,376.0,265.0,202.25,263.0,265.75,380.5,367.0,394.5,173.7615,102.2133,0.5882,1,0,0,0
345,3,0,2,1,1,1,0.9897,0.981,0.9331,0.8721,757.5,352.0,625.0,347.0,664.0,460.5,744.0,443.0,132.5943,81.8917,0.6176,1,0,0,0
346,3,0,0,1,1,1,0.9883,0.9844,0.8979,0.8384,1216.0,347.0,995.5,346.0,1018.5,490.5,1174.0,481.5,220.5023,155.7602,0.7064,1,0,0,0
346,3,0,1,1,1,1,0.9844,0.9868,0.894,0.9058,375.75,265.0,202.5,263.0,265.75,380.5,367.0,395.0,173.2615,102.283,0.5903,1,0,0,0
346,3,0,2,1,1,1,0.9912,0.9824,0.916,0.8633,760.5,353.0,622.5,347.0,663.0,464.0,740.5,441.5,138.1304,80.7001,0.5842,1,0,0,0
347,3,0,0,1,1,1,0.9878,0.9814,0.8931,0.8345,1211.0,344.0,997.5,342.5,1021.5,496.0,1174.0,483.0,213.5053,153.0531,0.7169,1,0,0,0
347,3,0,1,1,1,1,0.9829,0.9873,0.8916,0.9126,373.0,266.0,198.75,262.0,262.25,379.0,364.25,393.5,174.2959,103.0255,0.5911,1,0,0,0
347,3,0,2,1,1,1,0.9897,0.9795,0.9331,0.8667,766.5,352.0,629.0,346.5,662.5,459.0,753.0,443.5,137.61,91.8178,0.6672,1,0,0,0
348,3,0,0,1,1,1,0.9883,0.9849,0.895,0.8389,1214.0,345.0,994.0,346.0,1018.0,491.5,1171.0,483.5,220.0023,153.209,0.6964,1,0,0,0
348,3,0,1,1,1,1,0.9844,0.9888,0.8999,0.9106,373.5,268.0,197.125,264.5,248.25,381.0,370.25,392.5,176.4097,122.5408,0.6946,1,0,0,0
348,3,0,2,1,1,1,0.9888,0.981,0.9277,0.8711,775.5,352.5,634.5,346.0,665.5,458.5,759.5,441.0,141.1497,95.6151,0.6774,1,0,0,0
349,3,0,0,1,1,1,0.9883,0.9849,0.895,0.8389,1214.0,345.0,993.5,346.0,1018.5,491.5,1171.0,483.5,220.5023,152.7097,0.6926,1,0,0,0
349,3,0,1,1,1,1,0.9844,0.9888,0.8999,0.9106,373.5,268.0,197.125,264.5,248.125,381.0,370.0,392.5,176.4097,122.4164,0.6939,1,0,0,0
349,3,0,2,1,1,1,0.9888,0.981,0.9282,0.8711,775.5,353.0,635.0,346.5,665.5,458.5,759.0,441.0,140.6503,95.1236,0.6763,1,0,0,0
350,3,0,0,1,1,1,0.9878,0.9849,0.895,0.8398,1214.0,345.0,994.5,345.5,1019.0,491.5,1172.0,483.0,219.5006,153.2359,0.6981,1,0,0,0
350,3,0,1,1,1,1,0.9854,0.9888,0.9014,0.9082,368.25,268.5,192.0,266.0,245.125,379.5,362.0,389.5,176.2677,117.302,0.6655,1,0,0,0
350,3,0,2,1,1,1,0.9912,0.9751,0.9263,0.8491,782.5,355.0,641.0,345.5,668.5,465.5,761.5,439.0,141.8185,96.7019,0.6819,1,0,0,0
351,3,0,0,1,1,1,0.9883,0.9814,0.8921,0.834,1210.0,343.5,997.5,342.0,1021.0,496.0,1173.0,483.5,212.5053,152.5131,0.7177,1,0,0,0
351,3,0,1,1,1,1,0.9854,0.9888,0.9014,0.9082,368.25,268.5,192.0,266.0,245.125,379.5,362.0,389.5,176.2677,117.302,0.6655,1,0,0,0
351,3,0,2,1,1,1,0.9912,0.9751,0.9263,0.8496,782.5,355.0,641.0,345.5,668.5,465.5,761.5,438.5,141.8185,96.8401,0.6828,1,0,0,0
352,3,0,0,1,1,1,0.9883,0.9849,0.8931,0.8394,1214.0,345.0,993.5,345.5,1019.5,492.0,1173.0,484.0,220.5006,153.7083,0.6971,1,0,0,0
352,3,0,1,1,1,1,0.9858,0.9863,0.9116,0.9014,360.5,270.5,185.75,268.0,230.75,384.5,356.0,387.0,174.7679,125.2749,0.7168,1,0,0,0
352,3,0,2,1,1,1,0.9907,0.9775,0.9248,0.8618,789.5,354.5,649.0,343.0,678.5,468.0,767.5,444.0,140.9699,92.1792,0.6539,1,0,0,0
353,3,0,0,1,1,1,0.9883,0.9849,0.8931,0.8394,1214.0,345.0,993.5,345.5,1019.5,492.0,1173.0,483.5,220.5006,153.7352,0.6972,1,0,0,0
353,3,0,1,1,1,1,0.9858,0.9863,0.9116,0.9014,360.5,270.5,185.625,268.0,231.0,384.0,356.5,387.0,174.8929,125.5359,0.7178,1,0,0,0
353,3,0,2,1,1,1,0.9907,0.9775,0.9243,0.8618,789.5,354.5,649.0,343.0,678.0,468.0,767.5,444.0,140.9699,92.662,0.6573,1,0,0,0
354,3,0,0,1,1,1,0.9883,0.9819,0.8911,0.8296,1210.0,343.0,996.0,342.0,1023.0,496.5,1173.0,484.0,214.0023,150.5199,0.7034,1,0,0,0
354,3,0,1,1,1,1,0.9834,0.9844,0.8975,0.9077,349.5,273.0,173.75,268.0,225.25,383.0,339.75,388.0,175.8211,114.6091,0.6519,1,0,0,0
354,3,0,2,1,1,1,0.9883,0.9771,0.9229,0.8594,794.5,354.0,653.0,346.0,687.5,462.5,772.0,445.0,141.726,86.2931,0.6089,1,0,0,0
355,3,0,0,1,1,1,0.9883,0.9819,0.8911,0.8301,1210.0,343.5,996.0,342.0,1023.0,496.5,1173.0,484.0,214.0053,150.5199,0.7033,1,0,0,0
355,3,0,1,1,1,1,0.9834,0.9844,0.8975,0.9072,349.25,273.0,173.75,268.0,226.0,383.0,339.5,388.0,175.5712,113.6101,0.6471,1,0,0,0
355,3,0,2,1,1,1,0.9883,0.9775,0.9229,0.8604,794.5,353.5,653.0,345.5,688.0,463.5,771.5,445.5,141.726,85.4181,0.6027,1,0,0,0
356,3,0,0,1,1,1,0.9883,0.9824,0.8882,0.8325,1210.0,343.5,996.0,342.5,1023.5,496.5,1173.0,483.0,214.0023,150.1083,0.7014,1,0,0,0
356,3,0,1,1,1,1,0.98,0.9888,0.8818,0.9204,343.0,271.5,165.5,268.0,214.125,382.5,331.5,392.5,177.5345,117.8002,0.6635,1,0,0,0
356,3,0,2,1,1,1,0.9878,0.979,0.9189,0.8633,801.0,354.0,657.5,346.0,691.5,463.0,777.0,447.5,143.7228,86.8936,0.6046,1,0,0,0
357,3,0,0,1,1,1,0.9883,0.9824,0.8882,0.833,1210.0,343.0,996.0,342.5,1023.5,496.5,1173.0,483.0,214.0006,150.1083,0.7014,1,0,0,0
357,3,0,1,1,1,1,0.98,0.9888,0.8818,0.9204,343.0,272.0,165.375,268.0,213.875,383.0,331.5,393.0,177.67,118.0493,0.6644,1,0,0,0
357,3,0,2,1,1,1,0.9883,0.979,0.9194,0.8633,801.0,354.0,657.5,346.5,691.5,463.0,777.0,447.0,143.6959,86.9842,0.6053,1,0,0,0
358,3,0,0,1,1,1,0.9888,0.9819,0.8921,0.8301,1210.0,343.5,996.0,342.5,1022.0,496.5,1173.0,484.5,214.0023,151.4761,0.7078,1,0,0,0
358,3,0,1,1,1,1,0.9819,0.9878,0.8916,0.9165,332.75,270.0,158.25,267.5,210.25,380.0,318.5,391.0,174.5179,108.8075,0.6235,1,0,0,0
358,3,0,2,1,1,1,0.9878,0.979,0.9189,0.8652,807.0,354.5,664.0,345.5,700.5,463.5,783.0,449.0,143.2829,83.7646,0.5846,1,0,0,0
359,3,0,0,1,1,1,0.9888,0.9819,0.8916,0.8301,1210.0,343.5,996.0,342.5,1022.0,496.5,1173.0,484.5,214.0023,151.4761,0.7078,1,0,0,0
359,3,0,1,1,1,1,0.9819,0.9878,0.8916,0.9165,332.75,270.0,158.25,267.0,210.25,380.0,318.5,391.0,174.5258,108.8075,0.6234,1,0,0,0
359,3,0,2,1,1,1,0.9878,0.979,0.9189,0.8647,807.0,355.0,664.0,345.5,700.5,463.5,783.0,449.0,143.3152,83.7646,0.5845,1,0,0,0
360,3,0,0,1,1,1,0.9888,0.9819,0.8916,0.8281,1210.0,343.5,995.5,342.0,1023.0,496.5,1174.0,483.0,214.5052,151.6023,0.7068,1,0,0,0
360,3,0,1,1,1,1,0.9829,0.9858,0.8984,0.9067,323.0,271.5,152.0,268.0,201.0,379.0,307.0,392.5,171.0358,106.8562,0.6248,1,0,0,0
360,3,0,2,1,1,1,0.9873,0.98,0.9155,0.8672,810.5,355.5,667.0,346.5,704.0,463.0,788.5,450.0,143.782,85.4942,0.5946,1,0,0,0
361,3,0,0,1,1,1,0.9888,0.9814,0.8945,0.8306,1210.0,343.5,996.0,342.0,1023.5,497.5,1174.0,484.0,214.0053,151.1043,0.7061,1,0,0,0
361,3,0,1,1,1,1,0.9863,0.9854,0.8965,0.9009,314.75,276.0,144.5,273.5,199.5,387.5,299.75,394.0,170.2684,100.4605,0.59,1,0,0,0
361,3,0,2,1,1,1,0.9878,0.98,0.9214,0.8696,814.0,356.0,671.5,345.5,709.5,465.0,789.0,453.0,142.8863,80.4006,0.5627,1,0,0,0
362,3,0,0,1,1,1,0.9888,0.9814,0.895,0.8301,1210.0,343.5,996.0,342.5,1023.5,497.5,1174.0,484.0,214.0023,151.1043,0.7061,1,0,0,0
362,3,0,1,1,1,1,0.9863,0.9854,0.8965,0.9009,314.75,276.0,144.5,273.5,199.5,387.5,299.75,394.5,170.2684,100.4941,0.5902,1,0,0,0
362,3,0,2,1,1,1,0.9878,0.98,0.9209,0.8696,814.0,356.0,671.5,345.5,709.5,465.0,789.0,453.0,142.8863,80.4006,0.5627,1,0,0,0
363,3,0,0,1,1,1,0.9888,0.9814,0.8931,0.8271,1210.0,343.5,996.0,342.5,1024.0,497.0,1175.0,483.5,214.0023,151.6023,0.7084,1,0,0,0
363,3,0,1,1,1,1,0.9873,0.9868,0.9092,0.8882,309.0,277.5,136.125,277.0,175.375,391.5,290.0,393.5,172.8757,114.6424,0.6631,1,0,0,0
363,3,0,2,1,1,1,0.9883,0.981,0.9229,0.8696,817.5,356.0,675.5,343.5,712.5,466.5,792.0,455.0,142.5491,80.3275,0.5635,1,0,0,0
364,3,0,0,1,1,1,0.9888,0.9814,0.8931,0.8271,1211.0,343.5,996.0,342.0,1024.0,497.0,1175.0,483.5,215.0052,151.6023,0.7051,1,0,0,0
364,3,0,1,1,1,1,0.9873,0.9868,0.9097,0.8887,309.0,277.5,136.25,277.0,175.25,391.5,289.75,394.0,172.7507,114.5273,0.663,1,0,0,0
364,3,0,2,1,1,1,0.9883,0.981,0.9224,0.8696,817.5,356.0,675.5,344.0,712.5,466.5,792.5,455.0,142.5061,80.8223,0.5671,1,0,0,0
365,3,0,0,1,1,1,0.9883,0.9819,0.8901,0.8301,1211.0,342.0,996.0,342.0,1024.0,496.5,1176.0,483.0,215.0,152.5983,0.7098,1,0,0,0
365,3,0,1,1,1,1,0.9883,0.9863,0.8882,0.8916,299.25,281.0,130.25,278.0,174.75,391.0,282.25,396.0,169.0266,107.6162,0.6367,1,0,0,0
365,3,0,2,1,1,1,0.9888,0.98,0.9233,0.8618,820.0,357.0,679.0,344.0,713.0,468.0,793.5,457.5,141.598,81.1819,0.5733,1,0,0,0
366,3,0,0,1,1,1,0.9883,0.9819,0.8901,0.8296,1211.0,342.5,996.0,342.0,1024.0,496.5,1176.0,483.0,215.0006,152.5983,0.7098,1,0,0,0
366,3,0,1,1,1,1,0.9883,0.9868,0.8882,0.8926,299.0,281.0,130.375,278.0,174.875,391.0,282.25,396.0,168.6517,107.4914,0.6374,1,0,0,0
366,3,0,2,1,1,1,0.9888,0.9761,0.9312,0.8442,822.0,354.0,676.0,343.5,713.5,467.0,786.0,450.5,146.3771,74.3539,0.508,1,0,0,0
367,3,0,0,1,1,1,0.9888,0.9819,0.8906,0.8286,1212.0,343.0,996.0,342.5,1025.0,496.5,1175.0,484.0,216.0006,150.5199,0.6968,1,0,0,0
367,3,0,1,1,1,1,0.9888,0.9854,0.895,0.8892,295.25,279.5,126.875,276.0,169.125,389.0,279.0,393.0,168.4114,109.9478,0.6529,1,0,0,0
367,3,0,2,1,1,1,0.9878,0.98,0.9204,0.8633,822.0,356.5,681.0,343.0,713.5,468.5,792.0,458.0,141.6448,79.1991,0.5591,1,0,0,0
368,3,0,0,1,1,1,0.9883,0.9819,0.8896,0.8345,1212.0,343.0,996.0,343.0,1025.0,496.5,1176.0,484.5,216.0,151.4761,0.7013,1,0,0,0
368,3,0,1,1,1,1,0.9878,0.9858,0.8906,0.8979,292.75,278.0,123.5,272.5,181.375,382.0,277.5,386.5,169.3393,96.2303,0.5683,1,0,0,0
368,3,0,2,1,1,1,0.9878,0.98,0.9199,0.8662,823.0,357.0,682.0,343.0,713.5,469.5,788.0,460.0,141.6933,75.1033,0.53,1,0,0,0
369,3,0,0,1,1,1,0.9883,0.9819,0.8896,0.834,1212.0,343.0,996.0,343.0,1025.0,496.5,1176.0,484.5,216.0,151.4761,0.7013,1,0,0,0
369,3,0,1,1,1,1,0.9878,0.9858,0.8906,0.8979,292.75,278.0,123.5,272.5,181.125,382.0,277.75,386.0,169.3393,96.7078,0.5711,1,0,0,0
369,3,0,2,1,1,1,0.9878,0.98,0.9199,0.8662,823.0,356.5,682.0,343.0,713.5,469.0,788.0,460.0,141.6448,75.0417,0.5298,1,0,0,0
370,3,0,0,1,1,1,0.9878,0.9829,0.8843,0.8354,1212.0,343.0,996.0,342.0,1027.0,497.0,1177.0,485.0,216.0023,150.4792,0.6967,1,0,0,0
370,3,0,1,1,1,1,0.9873,0.9849,0.894,0.9014,289.0,275.0,120.75,271.0,175.125,380.5,277.0,384.0,168.2975,101.9351,0.6057,1,0,0,0
370,3,0,2,1,1,1,0.9868,0.9775,0.9243,0.8555,826.0,353.0,678.0,342.5,713.5,467.5,781.5,453.5,148.372,69.4262,0.4679,1,1,1,0
371,3,0,0,1,1,1,0.9878,0.9829,0.8843,0.8354,1212.0,343.0,996.0,342.0,1027.0,497.0,1177.0,485.5,216.0023,150.4402,0.6965,1,0,0,0
371,3,0,1,1,1,1,0.9873,0.9849,0.894,0.9009,289.25,275.0,120.75,271.0,175.0,380.5,277.0,384.0,168.5475,102.06,0.6055,1,0,0,0
371,3,0,2,1,1,1,0.9868,0.9775,0.9243,0.8555,826.0,353.0,678.0,342.0,713.5,467.5,781.5,453.5,148.4082,69.4262,0.4678,1,1,2,0
372,3,0,0,1,1,1,0.9883,0.9829,0.8862,0.833,1212.0,343.0,996.0,342.0,1026.0,496.0,1176.0,485.0,216.0023,150.4028,0.6963,1,0,0,0
372,3,0,1,1,1,1,0.9878,0.9849,0.8955,0.8989,287.0,274.5,118.625,271.0,171.0,379.0,274.25,382.0,168.4114,103.2936,0.6133,1,0,0,0
372,3,0,2,1,1,1,0.9878,0.9771,0.9268,0.8506,825.5,353.0,678.0,342.5,710.5,468.0,777.5,454.0,147.8733,68.4471,0.4629,1,1,3,0
373,3,0,0,1,1,1,0.9883,0.9829,0.8857,0.8335,1212.0,343.0,996.0,342.0,1026.0,496.0,1177.0,485.0,216.0023,151.4001,0.7009,1,0,0,0
373,3,0,1,1,1,1,0.9878,0.9854,0.8955,0.8994,286.75,274.5,118.625,271.0,171.375,379.0,274.25,382.0,168.1614,102.9187,0.612,1,0,0,0
373,3,0,2,1,1,1,0.9878,0.9771,0.9272,0.8506,825.5,353.0,678.0,342.0,710.5,468.0,777.5,454.0,147.9096,68.4471,0.4628,1,1,4,0
374,3,0,0,1,1,1,0.9888,0.9819,0.8901,0.8271,1213.0,343.0,996.0,342.0,1025.0,495.5,1177.0,485.0,217.0023,152.3622,0.7021,1,0,0,0
374,3,0,1,1,1,1,0.9888,0.9844,0.9014,0.8965,286.0,274.5,117.75,273.0,164.0,380.0,273.5,381.5,168.2567,109.5103,0.6509,1,0,0,0
374,3,0,2,1,1,1,0.9883,0.9785,0.9253,0.855,824.0,353.0,680.0,343.0,712.5,469.0,778.0,458.0,144.3468,66.4172,0.4601,1,1,5,0
375,3,0,0,1,1,1,0.9888,0.9824,0.8877,0.8271,1213.0,343.0,996.0,342.0,1026.0,496.0,1177.0,485.5,217.0023,151.3646,0.6975,1,0,0,0
375,3,0,1,1,1,1,0.9893,0.9839,0.9062,0.8921,285.25,272.0,116.625,273.0,160.375,379.0,272.5,380.0,168.628,112.1295,0.665,1,0,0,0
375,3,0,2,1,1,1,0.9878,0.9805,0.9209,0.8691,820.5,354.5,676.5,342.0,704.5,469.0,777.0,459.5,144.5415,73.1198,0.5059,1,0,0,0
376,3,0,0,1,1,1,0.9888,0.9824,0.8882,0.8271,1213.0,343.0,996.0,342.0,1026.0,496.0,1177.0,485.5,217.0023,151.3646,0.6975,1,0,0,0
376,3,0,1,1,1,1,0.9893,0.9839,0.9062,0.8921,285.25,272.0,116.75,273.0,160.25,379.0,272.5,380.0,168.503,112.2545,0.6662,1,0,0,0
376,3,0,2,1,1,1,0.9878,0.9805,0.9209,0.8691,820.5,354.0,676.5,341.5,704.5,469.0,777.0,460.0,144.5415,73.0565,0.5054,1,0,0,0
377,3,0,0,1,1,1,0.9883,0.9819,0.8901,0.8311,1212.0,344.0,996.0,342.0,1026.0,496.0,1176.0,484.5,216.0093,150.4402,0.6965,1,0,0,0
377,3,0,1,1,1,1,0.9888,0.9849,0.9062,0.8994,286.0,271.0,118.375,274.5,171.625,378.5,273.0,380.5,167.6615,101.3947,0.6048,1,0,0,0
377,3,0,2,1,1,1,0.9883,0.98,0.9219,0.8657,817.5,356.5,672.0,345.0,703.0,473.5,780.0,458.5,145.9538,78.4474,0.5375,1,0,0,0
378,3,0,0,1,1,1,0.9883,0.9819,0.8901,0.8311,1212.0,343.5,996.0,342.0,1026.0,496.0,1176.0,484.5,216.0052,150.4402,0.6965,1,0,0,0
378,3,0,1,1,1,1,0.9888,0.9849,0.9058,0.8994,286.0,271.0,118.25,275.0,171.625,378.5,273.25,380.5,167.7977,101.6447,0.6058,1,0,0,0
378,3,0,2,1,1,1,0.9883,0.9795,0.9219,0.8652,817.5,356.0,672.0,345.0,703.0,473.5,780.0,458.5,145.9152,78.4474,0.5376,1,0,0,0
379,3,0,0,1,1,1,0.9888,0.9824,0.8872,0.8271,1212.0,344.5,995.5,343.0,1026.0,496.0,1178.0,484.0,216.5052,152.4729,0.7042,1,0,0,0
379,3,0,2,1,1,1,0.9878,0.98,0.9165,0.8672,813.5,358.5,667.5,346.0,697.5,476.5,774.5,459.5,146.5341,78.8543,0.5381,1,0,0,0
379,3,0,1,1,1,1,0.9893,0.9844,0.9092,0.8965,287.0,270.5,120.75,275.0,175.0,378.0,273.25,380.5,166.3109,98.2818,0.591,1,0,0,0
380,3,0,0,1,1,1,0.9888,0.9824,0.8872,0.8271,1212.0,344.5,995.5,343.0,1027.0,496.0,1178.0,483.5,216.5052,151.5165,0.6998,1,0,0,0
380,3,0,2,1,1,1,0.9873,0.9805,0.916,0.8677,813.5,358.5,667.5,346.0,697.5,476.5,774.5,459.5,146.5341,78.8543,0.5381,1,0,0,0
380,3,0,1,1,1,1,0.9893,0.9839,0.9092,0.8955,287.25,270.5,120.75,275.0,174.5,377.5,273.25,380.5,166.5608,98.7956,0.5932,1,0,0,0
381,3,0,0,1,1,1,0.9883,0.9819,0.8901,0.8286,1213.0,344.0,996.5,343.0,1026.0,495.0,1177.0,482.5,216.5023,151.5165,0.6998,1,0,0,0
381,3,0,2,1,1,1,0.9873,0.9795,0.9136,0.8618,807.0,358.5,659.5,346.5,686.0,477.0,769.5,458.5,147.9873,85.5249,0.5779,1,0,0,0
381,3,0,1,1,1,1,0.9893,0.9844,0.9082,0.8965,289.25,271.0,123.0,277.0,175.125,379.5,277.5,381.0,166.3582,102.386,0.6155,1,0,0,0
382,3,0,0,1,1,1,0.9883,0.9819,0.8906,0.8286,1213.0,344.0,997.0,343.0,1026.0,495.0,1177.0,482.5,216.0023,151.5165,0.7015,1,0,0,0
382,3,0,2,1,1,1,0.9878,0.9795,0.9141,0.8623,807.0,358.5,659.5,346.0,686.0,477.0,769.5,458.5,148.0287,85.5249,0.5778,1,0,0,0
382,3,0,1,1,1,1,0.9893,0.9844,0.9082,0.8965,289.25,271.0,122.875,277.0,175.125,379.5,277.5,380.5,166.4832,102.3799,0.615,1,0,0,0
383,3,0,0,1,1,1,0.9883,0.9849,0.8936,0.832,1218.0,345.5,994.0,346.0,1024.0,490.5,1176.0,482.5,224.0006,152.2104,0.6795,1,0,0,0
383,3,0,1,1,1,1,0.9863,0.9883,0.9043,0.9058,296.25,269.5,126.625,278.0,166.625,382.0,289.0,378.5,169.8378,122.425,0.7208,1,0,0,0
383,3,0,2,1,1,1,0.9902,0.9785,0.9141,0.8521,801.5,359.0,654.5,346.0,678.0,473.5,760.5,449.5,147.5737,85.92,0.5822,1,0,0,0
384,3,0,0,1,1,1,0.9883,0.9849,0.8945,0.8335,1218.0,346.0,994.5,346.0,1022.5,491.0,1176.0,482.5,223.5,153.7352,0.6879,1,0,0,0
384,3,0,1,1,1,1,0.9863,0.9883,0.9033,0.9033,299.0,270.5,132.5,277.5,173.125,381.0,291.25,381.0,166.6471,118.125,0.7088,1,0,0,0
384,3,0,2,1,1,1,0.9907,0.9775,0.9204,0.8535,794.0,356.5,649.5,342.5,675.5,473.5,752.0,450.5,145.1766,79.8827,0.5502,1,0,0,0
385,3,0,0,1,1,1,0.9883,0.9849,0.895,0.8335,1218.0,346.0,994.5,346.0,1022.5,491.0,1176.0,482.0,223.5,153.7636,0.688,1,0,0,0
385,3,0,1,1,1,1,0.9863,0.9883,0.9038,0.9028,298.75,270.5,132.625,277.5,172.75,381.0,291.5,381.0,166.2724,118.75,0.7142,1,0,0,0
385,3,0,2,1,1,1,0.9907,0.9775,0.9204,0.8535,794.0,356.5,649.5,342.5,675.5,473.5,752.0,450.5,145.1766,79.8827,0.5502,1,0,0,0
386,3,0,0,1,1,1,0.9883,0.9844,0.8955,0.8335,1218.0,346.0,995.0,346.5,1023.5,490.5,1177.0,481.5,223.0006,153.7636,0.6895,1,0,0,0
386,3,0,1,1,1,1,0.9868,0.9883,0.9053,0.9023,303.0,270.5,138.125,277.5,176.125,381.5,295.75,383.0,165.0235,119.6344,0.725,1,0,0,0
386,3,0,2,1,1,1,0.9897,0.979,0.9116,0.8599,787.5,357.5,640.5,345.5,672.0,474.5,753.0,447.5,147.489,85.3815,0.5789,1,0,0,0
387,3,0,0,1,1,1,0.9883,0.9844,0.895,0.8335,1218.0,346.0,995.0,347.0,1023.5,490.5,1177.0,481.5,223.0022,153.7636,0.6895,1,0,0,0
387,3,0,1,1,1,1,0.9868,0.9883,0.9048,0.9019,303.25,270.5,138.125,277.5,176.0,381.5,296.0,383.0,165.2733,120.0094,0.7261,1,0,0,0
387,3,0,2,1,1,1,0.9897,0.979,0.9116,0.8608,787.0,357.5,640.5,345.5,672.0,474.0,753.0,447.5,146.9906,85.2247,0.5798,1,0,0,0
388,3,0,0,1,1,1,0.9883,0.9844,0.8975,0.832,1217.0,346.0,994.5,347.0,1021.5,490.0,1176.0,482.5,222.5022,154.6819,0.6952,1,0,0,0
388,3,0,1,1,1,1,0.9878,0.9883,0.9102,0.9014,306.75,271.0,144.875,279.0,185.75,378.0,299.75,381.5,162.0726,114.0537,0.7037,1,0,0,0
388,3,0,2,1,1,1,0.9897,0.9746,0.9258,0.8442,779.0,354.0,628.5,344.5,662.5,467.0,746.0,447.0,150.7995,85.8618,0.5694,1,0,0,0
389,3,0,0,1,1,1,0.9883,0.9844,0.897,0.832,1218.0,346.5,994.5,347.0,1021.0,490.0,1176.0,482.0,223.5006,155.2063,0.6944,1,0,0,0
389,3,0,1,1,1,1,0.9878,0.9883,0.9106,0.9014,307.0,271.0,144.75,279.0,185.75,378.0,299.5,381.5,162.4471,113.8038,0.7006,1,0,0,0
389,3,0,2,1,1,1,0.9897,0.9746,0.9258,0.8447,779.0,354.0,628.5,344.5,662.5,467.0,746.5,447.0,150.7995,86.3481,0.5726,1,0,0,0
390,3,0,0,1,1,1,0.9883,0.9844,0.8955,0.8345,1218.0,346.0,994.5,346.5,1022.0,490.0,1176.0,482.0,223.5006,154.2077,0.69,1,0,0,0
390,3,0,1,1,1,1,0.9883,0.9863,0.916,0.8984,310.75,271.5,152.375,277.0,202.0,376.0,300.5,383.0,158.4705,98.7484,0.6231,1,0,0,0
390,3,0,2,1,1,1,0.9883,0.978,0.9263,0.8569,769.0,353.0,622.5,344.5,651.0,463.5,738.0,450.5,146.7464,87.9659,0.5994,1,0,0,0
391,3,0,0,1,1,1,0.9883,0.9844,0.8955,0.835,1217.0,346.0,994.5,346.5,1022.0,490.0,1176.0,482.0,222.5006,154.2077,0.6931,1,0,0,0
391,3,0,1,1,1,1,0.9883,0.9863,0.917,0.8979,310.75,271.5,152.25,277.0,201.625,376.0,300.5,383.0,158.5954,99.1225,0.625,1,0,0,0
391,3,0,2,1,1,1,0.9883,0.978,0.9268,0.8569,769.0,353.0,622.5,344.5,651.0,463.5,738.0,450.5,146.7464,87.9659,0.5994,1,0,0,0
392,3,0,0,1,1,1,0.9883,0.9844,0.8965,0.835,1218.0,346.5,995.0,347.0,1022.5,490.5,1175.0,482.5,223.0006,152.7097,0.6848,1,0,0,0
392,3,0,1,1,1,1,0.9888,0.9819,0.918,0.8896,320.5,274.0,159.5,277.5,208.0,378.0,309.5,378.5,161.038,101.5012,0.6303,1,0,0,0
392,3,0,2,1,1,1,0.9883,0.9756,0.9292,0.8491,761.0,352.0,615.0,342.5,642.0,465.0,725.0,453.5,146.3087,83.7929,0.5727,1,0,0,0
393,3,0,0,1,1,1,0.9883,0.9844,0.897,0.834,1217.0,346.5,995.0,347.0,1022.5,491.0,1175.0,482.5,222.0006,152.7367,0.688,1,0,0,0
393,3,0,1,1,1,1,0.9888,0.9819,0.9185,0.8892,320.5,274.0,159.25,277.5,207.75,378.0,309.25,378.5,161.288,101.5012,0.6293,1,0,0,0
393,3,0,2,1,1,1,0.9883,0.9756,0.9292,0.8496,761.0,352.0,614.5,342.5,642.0,465.0,725.5,454.0,146.8077,84.2214,0.5737,1,0,0,0
394,3,0,0,1,1,1,0.9883,0.9844,0.8994,0.8325,1217.0,345.5,995.5,347.0,1022.0,491.0,1175.0,482.5,221.5051,153.2359,0.6918,1,0,0,0
394,3,0,1,1,1,1,0.9897,0.9819,0.9233,0.8813,327.5,276.0,169.0,278.0,214.625,379.0,319.0,379.0,158.5126,104.375,0.6585,1,0,0,0
394,3,0,2,1,1,1,0.9858,0.9829,0.9165,0.8828,758.0,353.0,605.5,345.5,635.0,464.5,721.5,451.5,152.6843,87.4714,0.5729,1,0,0,0
395,3,0,0,1,1,1,0.9883,0.9844,0.8994,0.8325,1217.0,345.5,995.5,347.0,1022.5,491.0,1175.0,483.0,221.5051,152.7097,0.6894,1,0,0,0
395,3,0,1,1,1,1,0.9897,0.9819,0.9233,0.8818,327.5,276.0,169.0,278.0,214.625,379.0,319.0,379.0,158.5126,104.375,0.6585,1,0,0,0
395,3,0,2,1,1,1,0.9858,0.9829,0.9165,0.8823,758.0,353.0,605.5,345.5,635.0,464.5,722.0,451.0,152.6843,88.0412,0.5766,1,0,0,0
396,3,0,0,1,1,1,0.9883,0.9844,0.8984,0.833,1217.0,345.5,995.0,347.0,1022.0,491.0,1175.0,483.5,222.0051,153.1837,0.69,1,0,0,0
396,3,0,1,1,1,1,0.9883,0.9839,0.916,0.8945,334.5,277.0,177.875,278.5,225.875,383.0,324.5,384.0,156.6322,98.6301,0.6297,1,0,0,0
396,3,0,2,1,1,1,0.9863,0.9775,0.9126,0.8574,748.5,355.5,597.0,346.5,625.0,473.0,713.5,455.0,151.7671,90.312,0.5951,1,0,0,0
397,3,0,0,1,1,1,0.9883,0.9839,0.8999,0.8354,1216.0,346.0,996.0,346.5,1023.5,490.5,1174.0,483.5,220.0006,150.6627,0.6848,1,0,0,0
397,3,0,1,1,1,1,0.9907,0.9863,0.9067,0.8931,342.0,282.0,190.5,277.0,235.375,382.0,328.25,385.5,151.5825,92.9409,0.6131,1,0,0,0
397,3,0,2,1,1,1,0.9897,0.9785,0.9106,0.8535,743.5,358.5,591.0,348.0,615.5,475.5,709.5,457.5,152.861,95.7079,0.6261,1,0,0,0
398,3,0,0,1,1,1,0.9883,0.9839,0.8994,0.8354,1216.0,346.0,996.0,347.0,1024.0,490.5,1174.0,483.5,220.0023,150.1632,0.6826,1,0,0,0
398,3,0,1,1,1,1,0.9907,0.9863,0.9062,0.8926,342.0,282.0,190.375,277.0,235.375,382.0,328.25,385.5,151.7074,92.9409,0.6126,1,0,0,0
398,3,0,2,1,1,1,0.9897,0.9785,0.9106,0.8535,743.5,358.5,591.0,348.0,615.5,475.5,709.5,457.5,152.861,95.7079,0.6261,1,0,0,0
399,3,0,0,1,1,1,0.9883,0.9844,0.8994,0.8345,1216.0,345.5,996.0,346.5,1023.0,490.5,1174.0,483.5,220.0023,151.1622,0.6871,1,0,0,0
399,3,0,1,1,1,1,0.9907,0.9858,0.9087,0.8896,350.25,283.0,199.75,276.5,239.875,384.0,335.75,388.0,150.6403,95.9584,0.637,1,0,0,0
399,3,0,2,1,1,1,0.9897,0.9785,0.9102,0.8516,738.5,356.5,587.0,347.0,611.5,476.0,697.0,454.0,151.7976,88.285,0.5816,1,0,0,0
400,3,0,0,1,1,1,0.9883,0.9844,0.8994,0.8335,1216.0,345.5,996.0,346.5,1023.0,490.5,1174.0,483.0,220.0023,151.1861,0.6872,1,0,0,0
400,3,0,1,1,1,1,0.9907,0.9858,0.9097,0.8887,350.25,283.0,199.75,277.0,239.5,384.0,335.5,388.0,150.6196,96.0833,0.6379,1,0,0,0
400,3,0,2,1,1,1,0.9897,0.9785,0.9102,0.8516,738.5,356.5,586.5,347.0,612.0,476.0,697.0,454.0,152.2966,87.8009,0.5765,1,0,0,0
401,3,0,0,1,1,1,0.9883,0.9844,0.8984,0.8384,1216.0,346.0,996.0,347.0,1021.0,490.0,1174.0,483.0,220.0023,153.16,0.6962,1,0,0,0
401,3,0,2,1,1,1,0.9912,0.978,0.9194,0.8447,734.0,355.5,582.0,346.0,609.0,475.0,687.0,454.0,152.2966,80.7775,0.5304,1,0,0,0
401,3,0,1,1,1,1,0.9912,0.9868,0.915,0.895,356.0,284.0,204.0,277.0,241.5,382.5,341.25,385.5,152.1611,99.7951,0.6559,1,0,0,0
402,3,0,0,1,1,1,0.9883,0.9844,0.8989,0.8384,1216.0,346.0,996.0,347.0,1021.0,490.0,1174.0,483.0,220.0023,153.16,0.6962,1,0,0,0
402,3,0,2,1,1,1,0.9917,0.978,0.9194,0.8442,733.5,355.5,582.0,346.0,609.0,475.0,687.0,453.5,151.7976,80.9089,0.533,1,0,0,0
402,3,0,1,1,1,1,0.9912,0.9868,0.9155,0.895,356.0,284.5,204.0,277.0,241.5,382.5,341.0,385.5,152.1849,99.5452,0.6541,1,0,0,0
403,3,0,0,1,1,1,0.9888,0.9839,0.9019,0.834,1216.0,346.0,996.0,347.0,1019.5,490.5,1174.0,484.0,220.0023,154.6367,0.7029,1,0,0,0
403,3,0,2,1,1,1,0.9922,0.9785,0.9224,0.8442,729.5,355.0,578.0,346.0,606.0,478.5,686.0,452.0,151.7671,84.2748,0.5553,1,0,0,0
403,3,0,1,1,1,1,0.9902,0.9868,0.9131,0.9019,359.75,285.0,209.0,275.0,251.375,379.5,343.0,386.5,151.0813,91.892,0.6082,1,0,0,0
404,3,0,0,1,1,1,0.9888,0.9839,0.9004,0.833,1216.0,346.0,996.0,347.5,1020.5,492.0,1174.0,484.5,220.0051,153.6831,0.6985,1,0,0,0
404,3,0,2,1,1,1,0.9922,0.979,0.9219,0.8438,726.5,353.5,575.0,345.5,607.0,480.0,682.5,451.5,151.7111,80.7001,0.5319,1,0,0,0
404,3,0,1,1,1,1,0.9902,0.9873,0.915,0.9077,362.5,285.0,215.0,276.0,266.75,378.5,347.5,386.0,147.7743,81.0975,0.5488,1,0,0,0
405,3,0,0,1,1,1,0.9888,0.9844,0.9004,0.833,1216.0,346.0,996.0,347.5,1020.5,492.0,1174.0,484.0,220.0051,153.7083,0.6987,1,0,0,0
405,3,0,2,1,1,1,0.9922,0.979,0.9219,0.8442,726.5,353.5,575.0,345.5,607.0,480.0,683.0,451.5,151.7111,81.168,0.535,1,0,0,0
405,3,0,1,1,1,1,0.9902,0.9873,0.9146,0.9082,362.75,285.0,215.0,276.0,266.5,378.5,347.25,385.5,148.0239,81.0528,0.5476,1,0,0,0
406,3,0,0,1,1,1,0.9883,0.9844,0.8999,0.8345,1216.0,345.5,996.0,347.0,1021.0,491.5,1172.0,484.5,220.0051,151.1622,0.6871,1,0,0,0
406,3,0,2,1,1,1,0.9922,0.98,0.9189,0.8452,723.0,352.5,570.0,344.5,605.5,480.0,680.5,450.5,153.209,80.5931,0.526,1,0,0,0
406,3,0,1,1,1,1,0.9907,0.9868,0.9224,0.9048,365.25,285.0,217.5,276.5,266.75,376.5,346.25,384.0,147.9943,79.853,0.5396,1,0,0,0
407,3,0,0,1,1,1,0.9883,0.9844,0.8999,0.834,1216.0,346.0,996.5,347.0,1021.0,492.0,1172.0,485.0,219.5023,151.1622,0.6887,1,0,0,0
407,3,0,2,1,1,1,0.9922,0.98,0.9189,0.8452,723.0,352.0,569.5,344.5,605.5,480.0,680.5,450.5,153.6831,80.5931,0.5244,1,0,0,0
407,3,0,1,1,1,1,0.9907,0.9868,0.9224,0.9048,365.25,285.0,217.5,276.5,266.75,376.5,346.25,384.0,147.9943,79.853,0.5396,1,0,0,0
408,3,0,0,1,1,1,0.9883,0.9844,0.8975,0.8369,1216.0,345.5,995.5,347.0,1021.0,491.5,1172.0,484.5,220.5051,151.1622,0.6855,1,0,0,0
408,3,0,2,1,1,1,0.9897,0.979,0.9111,0.8442,721.0,351.0,567.0,344.5,601.0,480.0,685.5,454.0,154.1371,88.4096,0.5736,1,0,0,0
408,3,0,1,1,1,1,0.9893,0.9897,0.9258,0.9165,368.0,282.0,220.0,279.5,271.75,377.0,352.5,387.0,148.0211,81.3668,0.5497,1,0,0,0
409,3,0,0,1,1,1,0.9883,0.9849,0.897,0.8364,1216.0,345.5,995.5,347.0,1021.0,491.5,1173.0,484.5,220.5051,152.1611,0.6901,1,0,0,0
409,3,0,2,1,1,1,0.9897,0.979,0.9121,0.8438,721.0,351.0,567.0,344.5,601.0,480.0,685.0,453.5,154.1371,88.0809,0.5714,1,0,0,0
409,3,0,1,1,1,1,0.9893,0.9897,0.9258,0.917,368.0,282.0,220.0,279.5,271.5,377.0,352.5,386.5,148.0211,81.5552,0.551,1,0,0,0
410,3,0,0,1,1,1,0.9883,0.9844,0.8989,0.8364,1216.0,345.5,996.0,347.5,1020.5,492.5,1173.0,485.0,220.0091,152.6843,0.694,1,0,0,0
410,3,0,2,1,1,1,0.9897,0.9756,0.9199,0.8306,719.5,350.0,567.0,344.0,600.0,479.5,681.0,454.0,152.618,84.9191,0.5564,1,0,0,0
410,3,0,1,1,1,1,0.9893,0.9902,0.9258,0.9209,368.5,283.0,220.75,281.0,270.5,376.5,353.5,385.5,147.7635,83.4865,0.565,1,0,0,0
411,3,0,0,1,1,1,0.9883,0.9844,0.8994,0.8374,1216.0,345.5,995.5,348.0,1020.5,492.0,1174.0,484.5,220.5142,153.6831,0.6969,1,0,0,0
411,3,0,2,1,1,1,0.9902,0.9795,0.9116,0.8428,717.5,350.5,562.5,344.5,598.5,478.5,681.0,456.5,155.1161,85.383,0.5504,1,0,0,0
411,3,0,1,1,1,1,0.9888,0.9902,0.9219,0.9199,367.75,283.5,222.0,281.5,273.5,375.0,351.5,385.0,145.7637,78.6384,0.5395,1,0,0,0
412,3,0,0,1,1,1,0.9883,0.9844,0.8994,0.8374,1216.0,345.5,995.5,348.0,1020.5,492.0,1174.0,484.5,220.5142,153.6831,0.6969,1,0,0,0
412,3,0,2,1,1,1,0.9902,0.9795,0.9116,0.8423,717.5,350.5,562.5,344.5,598.0,479.0,681.0,456.5,155.1161,85.9956,0.5544,1,0,0,0
412,3,0,1,1,1,1,0.9888,0.9897,0.9219,0.9189,367.5,283.5,222.0,281.5,273.0,374.5,352.0,385.0,145.5137,79.6947,0.5477,1,0,0,0
413,3,0,0,1,1,1,0.9888,0.9839,0.9009,0.832,1216.0,345.5,995.5,348.0,1020.5,492.5,1174.0,484.5,220.5142,153.7083,0.697,1,0,0,0
413,3,0,2,1,1,1,0.9902,0.9785,0.9131,0.8389,716.0,350.0,560.5,344.0,595.0,478.5,679.5,456.0,155.6157,87.4443,0.5619,1,0,0,0
413,3,0,1,1,1,1,0.9888,0.9902,0.9229,0.9199,367.25,284.0,222.125,282.5,273.0,375.0,352.75,385.0,145.1328,80.3745,0.5538,1,0,0,0
414,3,0,0,1,1,1,0.9888,0.9839,0.9009,0.832,1216.0,345.5,995.5,348.0,1020.5,492.5,1174.0,484.5,220.5142,153.7083,0.697,1,0,0,0
414,3,0,2,1,1,1,0.9902,0.979,0.9131,0.8394,716.0,350.0,560.0,344.0,595.0,478.5,679.5,456.0,156.1153,87.4443,0.5601,1,0,0,0
414,3,0,1,1,1,1,0.9888,0.9902,0.9229,0.9204,367.25,284.0,222.125,282.5,273.25,375.0,353.0,385.0,145.1328,80.3745,0.5538,1,0,0,0
415,3,0,0,1,1,1,0.9888,0.9839,0.9033,0.832,1215.0,345.0,995.0,348.0,1020.0,491.5,1173.0,484.5,220.0205,153.16,0.6961,1,0,0,0
415,3,0,2,1,1,1,0.9902,0.9785,0.9141,0.8398,715.0,350.5,559.5,343.5,593.0,477.0,678.0,455.5,155.6575,87.677,0.5633,1,0,0,0
415,3,0,1,1,1,1,0.9888,0.9897,0.9204,0.9165,367.0,285.0,221.75,284.0,270.75,375.0,354.0,383.5,145.2534,83.6828,0.5761,1,0,0,0
416,3,0,0,1,1,1,0.9888,0.9834,0.9043,0.8311,1216.0,345.0,995.0,348.0,1020.0,491.5,1172.0,484.0,221.0204,152.1849,0.6886,1,0,0,0
416,3,0,2,1,1,1,0.9902,0.9785,0.9136,0.8398,715.0,350.5,559.5,343.5,593.0,477.0,677.5,455.5,155.6575,87.1923,0.5602,1,0,0,0
416,3,0,1,1,1,1,0.9888,0.9897,0.9199,0.916,366.75,285.0,221.75,284.0,270.75,375.0,353.5,383.5,145.0034,83.1854,0.5737,1,0,0,0
417,3,0,0,1,1,1,0.9888,0.9834,0.9043,0.8286,1216.0,345.5,995.5,348.0,1017.5,492.5,1175.0,484.5,220.5142,157.703,0.7152,1,0,0,0
417,3,0,2,1,1,1,0.9907,0.9727,0.9253,0.8149,716.0,350.5,562.5,344.0,591.5,476.5,671.0,453.0,153.6376,82.9005,0.5396,1,0,0,0
417,3,0,1,1,1,1,0.9883,0.9897,0.9155,0.9141,365.75,286.0,220.375,284.0,270.25,376.0,354.0,383.0,145.3888,84.042,0.5781,1,0,0,0
418,3,0,0,1,1,1,0.9888,0.9834,0.9038,0.8286,1216.0,345.5,995.5,348.0,1018.0,492.0,1175.0,484.5,220.5142,157.179,0.7128,1,0,0,0
418,3,0,2,1,1,1,0.9907,0.9727,0.9253,0.8154,716.0,350.0,562.0,344.0,591.5,476.5,670.5,453.0,154.1168,82.4212,0.5348,1,0,0,0
418,3,0,1,1,1,1,0.9883,0.9897,0.9155,0.9136,365.5,286.0,220.375,284.0,270.5,376.0,354.0,383.0,145.1388,83.7929,0.5773,1,0,0,0
419,3,0,0,1,1,1,0.9888,0.9834,0.9033,0.8301,1216.0,345.0,995.0,348.0,1018.5,492.5,1173.0,484.5,221.0204,154.707,0.7,1,0,0,0
419,3,0,2,1,1,1,0.9902,0.9775,0.9146,0.835,715.5,350.0,560.0,343.0,592.0,475.0,670.0,453.5,155.6575,80.9089,0.5198,1,0,0,0
419,3,0,1,1,1,1,0.9883,0.9897,0.9146,0.9141,363.5,285.5,218.625,284.0,269.0,376.5,353.5,384.0,144.8828,84.8322,0.5855,1,0,0,0
420,3,0,0,1,1,1,0.9893,0.98,0.9004,0.8223,1212.0,343.0,997.5,343.5,1021.5,496.0,1174.0,483.5,214.5006,153.0114,0.7133,1,0,0,0
420,3,0,2,1,1,1,0.9902,0.9727,0.9263,0.8208,717.5,349.5,563.0,344.0,591.0,478.0,672.0,454.5,154.5979,84.3401,0.5455,1,0,0,0
420,3,0,1,1,1,1,0.9897,0.9873,0.9082,0.9023,361.0,289.0,215.25,283.5,262.75,376.0,348.25,380.5,145.8537,85.6183,0.587,1,0,0,0
421,3,0,0,1,1,1,0.9893,0.98,0.9009,0.8213,1212.0,343.0,997.5,343.5,1021.5,496.0,1174.0,483.0,214.5006,153.0531,0.7135,1,0,0,0
421,3,0,2,1,1,1,0.9902,0.9727,0.9263,0.8198,717.5,349.5,563.0,344.0,591.0,477.5,672.0,454.5,154.5979,84.2021,0.5447,1,0,0,0
421,3,0,1,1,1,1,0.9897,0.9873,0.9082,0.9028,361.0,289.0,215.25,283.5,263.5,376.0,348.0,380.5,145.8537,84.6197,0.5802,1,0,0,0
422,3,0,0,1,1,1,0.9888,0.9834,0.9048,0.8262,1216.0,344.0,994.5,347.0,1018.5,491.0,1172.0,484.0,221.5203,153.6595,0.6937,1,0,0,0
422,3,0,1,1,1,1,0.9888,0.9878,0.8999,0.9072,359.25,289.5,213.125,284.0,261.5,375.5,347.75,379.0,146.2285,86.321,0.5903,1,0,0,0
422,3,0,2,1,1,1,0.9893,0.9746,0.9194,0.8301,720.0,349.0,565.0,344.5,591.5,481.0,680.5,456.0,155.0653,92.4446,0.5962,1,0,0,0
423,3,0,0,1,1,1,0.9888,0.9834,0.9043,0.8267,1216.0,344.0,995.0,347.0,1018.5,491.0,1172.0,484.0,221.0204,153.6595,0.6952,1,0,0,0
423,3,0,1,1,1,1,0.9888,0.9878,0.8999,0.9072,359.5,289.5,213.0,284.0,261.75,376.0,347.75,379.0,146.6032,86.0523,0.587,1,0,0,0
423,3,0,2,1,1,1,0.9893,0.9746,0.9194,0.8301,720.0,349.0,565.0,344.5,591.5,481.0,680.5,456.0,155.0653,92.4446,0.5962,1,0,0,0
424,3,0,0,1,1,1,0.9888,0.9834,0.9038,0.8281,1216.0,344.0,995.0,347.0,1018.5,491.0,1171.0,483.5,221.0204,152.6843,0.6908,1,0,0,0
424,3,0,1,1,1,1,0.9893,0.9888,0.9009,0.9126,357.75,289.0,210.125,283.0,258.5,376.5,343.5,379.0,147.7469,85.0368,0.5756,1,0,0,0
424,3,0,2,1,1,1,0.9888,0.9805,0.9048,0.8525,723.0,351.0,564.0,345.0,592.0,484.0,686.5,461.0,159.1132,97.2587,0.6113,1,0,0,0
425,3,0,0,1,1,1,0.9888,0.9834,0.9038,0.8286,1216.0,344.0,995.0,347.0,1019.0,491.5,1171.0,483.5,221.0204,152.2104,0.6887,1,0,0,0
425,3,0,1,1,1,1,0.9897,0.9888,0.9014,0.9126,357.75,289.0,210.0,283.0,258.75,376.5,343.5,379.0,147.8718,84.7869,0.5734,1,0,0,0
425,3,0,2,1,1,1,0.9888,0.9805,0.9048,0.8525,723.0,351.0,564.0,345.0,591.5,484.0,686.5,461.0,159.1132,97.7446,0.6143,1,0,0,0
426,3,0,0,1,1,1,0.9888,0.9834,0.9033,0.8267,1216.0,344.5,995.0,347.5,1017.0,491.5,1172.0,483.0,221.0204,155.2329,0.7023,1,0,0,0
426,3,0,1,1,1,1,0.9897,0.9873,0.9019,0.9009,355.5,290.5,207.25,284.5,245.625,379.0,339.0,381.0,148.3714,93.3964,0.6295,1,0,0,0
426,3,0,2,1,1,1,0.9878,0.9824,0.8965,0.8647,728.0,351.0,568.0,346.0,596.5,485.5,691.0,460.5,160.0781,97.751,0.6106,1,0,0,0
427,3,0,0,1,1,1,0.9888,0.9834,0.9028,0.8271,1216.0,344.5,995.0,347.5,1017.0,491.5,1172.0,483.0,221.0204,155.2329,0.7023,1,0,0,0
427,3,0,1,1,1,1,0.9897,0.9873,0.9019,0.9009,355.5,290.5,207.25,284.5,245.75,379.0,339.0,381.0,148.3714,93.2714,0.6286,1,0,0,0
427,3,0,2,1,1,1,0.9878,0.9829,0.8965,0.8647,727.5,351.0,568.0,346.0,597.0,485.5,691.0,460.5,159.5784,97.2677,0.6095,1,0,0,0
428,3,0,0,1,1,1,0.9888,0.9834,0.9038,0.8262,1216.0,344.0,995.0,347.0,1017.5,490.5,1172.0,481.5,221.0204,154.7619,0.7002,1,0,0,0
428,3,0,1,1,1,1,0.9897,0.9883,0.8989,0.9043,353.75,291.5,205.625,284.0,247.75,380.0,334.25,382.5,148.3148,86.5361,0.5835,1,0,0,0
428,3,0,2,1,1,1,0.9902,0.9829,0.8989,0.8604,733.0,353.0,575.5,346.0,600.0,488.5,687.0,458.0,157.6555,92.1914,0.5848,1,0,0,0
429,3,0,0,1,1,1,0.9888,0.9834,0.9038,0.8267,1216.0,344.0,995.0,347.0,1017.5,490.5,1172.0,481.5,221.0204,154.7619,0.7002,1,0,0,0
429,3,0,1,1,1,1,0.9897,0.9883,0.8989,0.9043,353.75,291.5,205.5,284.0,247.75,380.0,334.25,382.5,148.4396,86.5361,0.583,1,0,0,0
429,3,0,2,1,1,1,0.9902,0.9824,0.8989,0.8599,733.0,353.0,575.5,346.0,600.0,488.5,687.0,458.0,157.6555,92.1914,0.5848,1,0,0,0
430,3,0,0,1,1,1,0.9893,0.9834,0.9033,0.8228,1217.0,345.0,995.0,347.5,1016.0,491.0,1174.0,481.0,222.0141,158.3161,0.7131,1,0,0,0
430,3,0,1,1,1,1,0.9902,0.9873,0.9048,0.9004,351.25,291.0,203.75,282.5,241.125,380.5,328.25,382.0,147.7447,87.1379,0.5898,1,0,0,0
430,3,0,2,1,1,1,0.9888,0.9819,0.8887,0.8545,741.0,357.0,582.5,349.0,601.5,490.0,691.0,465.0,158.7018,92.926,0.5855,1,0,0,0
431,3,0,0,1,1,1,0.9893,0.9834,0.9038,0.8223,1217.0,345.0,995.0,348.0,1016.5,490.5,1174.0,481.0,222.0203,157.7862,0.7107,1,0,0,0
431,3,0,1,1,1,1,0.9902,0.9873,0.9048,0.9004,351.25,291.0,203.75,282.5,241.0,380.5,328.25,382.0,147.7447,87.2629,0.5906,1,0,0,0
431,3,0,2,1,1,1,0.9888,0.9819,0.8892,0.8545,741.0,357.0,583.0,349.0,601.5,490.0,691.0,465.5,158.2024,92.7928,0.5865,1,0,0,0
432,3,0,0,1,1,1,0.9888,0.9839,0.8984,0.8257,1217.0,345.0,994.0,347.5,1016.0,490.0,1178.0,480.5,223.014,162.2783,0.7277,1,0,0,0
432,3,0,1,1,1,1,0.9902,0.9868,0.9033,0.894,349.5,292.5,202.75,283.5,237.25,385.0,329.25,383.5,147.0257,92.0122,0.6258,1,0,0,0
432,3,0,2,1,1,1,0.9834,0.9834,0.8755,0.8726,750.0,355.5,588.5,349.0,617.5,494.0,700.0,466.0,161.6308,87.122,0.539,1,0,0,0
433,3,0,0,1,1,1,0.9888,0.9839,0.8984,0.8267,1218.0,344.5,994.0,347.0,1017.0,489.5,1177.0,480.0,224.014,160.2818,0.7155,1,0,0,0
433,3,0,1,1,1,1,0.9897,0.9868,0.9023,0.895,347.5,292.0,200.75,283.5,234.0,384.0,328.0,383.5,146.996,94.0013,0.6395,1,0,0,0
433,3,0,2,1,1,1,0.9849,0.9819,0.8965,0.8667,758.0,350.0,592.5,348.0,624.5,484.0,708.0,458.5,165.5121,87.3069,0.5275,1,0,0,0
434,3,0,0,1,1,1,0.9888,0.9839,0.8989,0.8267,1218.0,345.0,994.0,347.0,1017.0,489.5,1177.0,480.0,224.0089,160.2818,0.7155,1,0,0,0
434,3,0,1,1,1,1,0.9897,0.9868,0.9023,0.895,347.5,292.0,200.75,283.5,234.125,384.0,328.0,383.5,146.996,93.8763,0.6386,1,0,0,0
434,3,0,2,1,1,1,0.9849,0.9819,0.8965,0.8667,758.0,350.0,592.5,348.0,624.5,484.0,708.5,458.5,165.5121,87.7852,0.5304,1,0,0,0
435,3,0,0,1,1,1,0.9888,0.9839,0.8994,0.8271,1218.0,345.0,994.5,347.0,1017.5,489.0,1177.0,479.0,223.5089,159.8132,0.715,1,0,0,0
435,3,0,2,1,1,1,0.9849,0.9819,0.9004,0.8657,768.0,347.5,600.0,345.0,635.0,482.0,722.5,457.0,168.0186,91.0014,0.5416,1,0,0,0
435,3,0,1,1,1,1,0.9902,0.9868,0.9072,0.8945,345.25,292.0,198.875,284.0,229.625,382.0,324.0,380.5,146.5935,94.3869,0.6439,1,0,0,0
436,3,0,0,1,1,1,0.9888,0.9839,0.8994,0.8271,1218.0,345.0,994.5,347.0,1017.5,489.5,1178.0,479.0,223.5089,160.8431,0.7196,1,0,0,0
436,3,0,2,1,1,1,0.9849,0.9819,0.9004,0.8652,768.0,347.5,600.0,345.0,635.0,482.0,722.5,457.0,168.0186,91.0014,0.5416,1,0,0,0
436,3,0,1,1,1,1,0.9902,0.9868,0.9072,0.894,345.25,292.0,199.0,284.0,229.375,382.0,324.0,380.5,146.4686,94.6369,0.6461,1,0,0,0
437,3,0,0,1,1,1,0.9888,0.9839,0.8989,0.8267,1218.0,345.0,995.0,347.0,1017.5,489.0,1177.0,480.0,223.009,159.7537,0.7164,1,0,0,0
437,3,0,2,1,1,1,0.9873,0.9761,0.9092,0.8477,778.0,350.0,615.5,346.0,645.5,485.0,738.0,461.0,162.5492,95.5628,0.5879,1,0,0,0
437,3,0,1,1,1,1,0.9907,0.9878,0.9067,0.8984,343.75,291.5,196.5,283.5,229.625,383.0,323.0,380.0,147.4672,93.4232,0.6335,1,0,0,0
438,3,0,0,1,1,1,0.9888,0.9839,0.8989,0.8262,1218.0,345.0,995.0,347.0,1017.5,489.0,1177.0,480.0,223.009,159.7537,0.7164,1,0,0,0
438,3,0,2,1,1,1,0.9873,0.9761,0.9092,0.8481,778.0,350.0,615.0,346.0,645.5,485.0,738.0,461.0,163.0491,95.5628,0.5861,1,0,0,0
438,3,0,1,1,1,1,0.9907,0.9878,0.9067,0.8984,343.75,291.5,196.5,283.5,229.125,383.5,323.25,380.0,147.4672,94.1901,0.6387,1,0,0,0
439,3,0,0,1,1,1,0.9888,0.9839,0.8994,0.8267,1218.0,345.0,995.5,347.0,1018.0,489.5,1175.0,480.5,222.509,157.2578,0.7067,1,0,0,0
439,3,0,2,1,1,1,0.9878,0.979,0.9072,0.8569,787.0,349.0,620.0,344.5,654.0,488.0,746.0,461.5,167.0606,95.7405,0.5731,1,0,0,0
439,3,0,1,1,1,1,0.9893,0.9888,0.9141,0.9028,343.25,289.0,193.75,284.5,228.25,382.5,324.5,381.5,149.5677,96.2552,0.6436,1,0,0,0
440,3,0,0,1,1,1,0.9888,0.9839,0.8979,0.8237,1219.0,344.5,995.5,346.5,1016.0,490.0,1177.0,479.0,223.5089,161.3753,0.722,1,0,0,0
440,3,0,2,1,1,1,0.9878,0.9805,0.8989,0.8462,799.0,349.5,628.0,345.5,658.0,493.5,754.0,463.5,171.0468,100.5783,0.588,1,0,0,0
440,3,0,1,1,1,1,0.9883,0.9888,0.9111,0.9053,341.5,289.5,191.625,285.0,229.125,383.0,322.25,382.0,149.9425,93.1304,0.6211,1,0,0,0
441,3,0,0,1,1,1,0.9888,0.9839,0.8979,0.8237,1219.0,344.5,995.5,346.5,1016.0,490.0,1177.0,479.5,223.5089,161.342,0.7219,1,0,0,0
441,3,0,2,1,1,1,0.9883,0.98,0.8994,0.8447,799.0,349.5,628.0,346.0,657.0,493.5,755.0,463.5,171.0358,102.489,0.5992,1,0,0,0
441,3,0,1,1,1,1,0.9883,0.9893,0.9111,0.9053,341.5,289.5,191.5,285.0,229.0,383.0,322.25,382.0,150.0675,93.2554,0.6214,1,0,0,0
442,3,0,0,1,1,1,0.9888,0.9839,0.8979,0.8208,1218.0,344.5,994.5,346.5,1017.5,490.0,1178.0,480.0,223.5089,160.8112,0.7195,1,0,0,0
442,3,0,2,1,1,1,0.9878,0.9805,0.8989,0.8413,807.0,351.0,634.5,347.0,659.5,494.0,754.5,469.0,172.5464,98.2344,0.5693,1,0,0,0
442,3,0,1,1,1,1,0.9888,0.9878,0.9121,0.8975,339.25,290.0,189.875,286.5,229.0,383.5,321.75,382.5,149.416,92.7554,0.6208,1,0,0,0
443,3,0,0,1,1,1,0.9888,0.9839,0.8979,0.8208,1219.0,344.5,994.5,346.5,1017.5,490.0,1177.0,480.0,224.5089,159.8132,0.7118,1,0,0,0
443,3,0,2,1,1,1,0.9888,0.9829,0.8843,0.8369,807.0,353.5,634.0,349.0,658.5,491.5,759.5,467.0,173.0585,103.9291,0.6005,1,0,0,0
443,3,0,1,1,1,1,0.9878,0.9863,0.9038,0.895,339.0,290.0,189.75,286.0,232.75,384.0,318.75,383.5,149.3036,86.0015,0.576,1,0,0,0
444,3,0,0,1,1,1,0.9888,0.9834,0.9004,0.8232,1218.0,344.0,994.5,346.0,1018.5,490.0,1176.0,481.5,223.5089,157.7292,0.7057,1,0,0,0
444,3,0,2,1,1,1,0.9893,0.9819,0.8921,0.8286,813.5,355.5,640.0,349.0,660.0,491.0,762.5,473.5,173.6217,103.9832,0.5989,1,0,0,0
444,3,0,1,1,1,1,0.9883,0.9873,0.9038,0.9004,336.5,289.0,188.5,285.0,232.25,383.5,318.25,383.0,148.054,86.0015,0.5809,1,0,0,0
445,3,0,0,1,1,1,0.9888,0.9834,0.9004,0.8232,1218.0,344.0,994.5,346.5,1018.5,490.0,1175.0,481.5,223.514,156.7307,0.7012,1,0,0,0
445,3,0,2,1,1,1,0.9893,0.9819,0.8921,0.8286,813.5,355.5,640.0,349.0,660.0,491.0,762.5,473.0,173.6217,104.0685,0.5994,1,0,0,0
445,3,0,1,1,1,1,0.9883,0.9873,0.9043,0.9004,336.5,289.0,188.5,285.0,232.5,384.0,318.0,383.0,148.054,85.5058,0.5775,1,0,0,0
446,3,0,0,1,1,1,0.9888,0.981,0.8945,0.8203,1214.0,343.0,997.0,343.0,1021.0,495.0,1176.0,482.5,217.0,155.5032,0.7166,1,0,0,0
446,3,0,1,1,1,1,0.9883,0.9868,0.9038,0.897,335.0,290.0,187.25,285.0,229.25,382.5,318.75,382.5,147.8346,89.5,0.6054,1,0,0,0
446,3,0,2,1,1,1,0.9888,0.9819,0.8916,0.8301,816.5,355.5,645.5,347.5,662.0,492.5,768.5,475.5,171.187,107.8483,0.63,1,0,0,0
447,3,0,0,1,1,1,0.9888,0.981,0.894,0.8237,1214.0,343.0,997.5,343.0,1021.5,495.0,1177.0,483.0,216.5,155.9623,0.7204,1,0,0,0
447,3,0,1,1,1,1,0.9883,0.9873,0.9038,0.9009,334.0,289.0,185.25,284.5,227.875,383.0,318.0,384.0,148.8181,90.1305,0.6056,1,0,0,0
447,3,0,2,1,1,1,0.9897,0.9819,0.8804,0.8301,819.5,358.5,647.0,348.5,667.0,492.5,772.5,470.0,172.7896,107.8726,0.6243,1,0,0,0
448,3,0,0,1,1,1,0.9888,0.981,0.8945,0.8237,1214.0,343.0,997.5,343.0,1021.5,495.0,1177.0,482.5,216.5,156.0016,0.7206,1,0,0,0
448,3,0,1,1,1,1,0.9883,0.9873,0.9038,0.9009,334.25,289.0,185.25,284.5,227.875,383.0,317.75,383.5,149.0679,89.8764,0.6029,1,0,0,0
448,3,0,2,1,1,1,0.9897,0.9819,0.8813,0.8286,819.0,358.0,647.0,348.5,666.5,492.5,772.5,470.0,172.2622,108.3617,0.6291,1,0,0,0
449,3,0,0,1,1,1,0.9888,0.981,0.8955,0.8242,1213.0,343.0,997.5,343.0,1022.5,495.0,1176.0,482.5,215.5,154.0081,0.7147,1,0,0,0
449,3,0,1,1,1,1,0.9883,0.9863,0.9053,0.8979,333.5,289.0,185.125,284.0,229.5,383.0,316.0,383.5,148.4592,86.5014,0.5827,1,0,0,0
449,3,0,2,1,1,1,0.9902,0.98,0.9009,0.8301,826.0,355.5,653.0,344.0,666.0,497.0,765.0,478.0,173.3818,100.8067,0.5814,1,0,0,0
450,3,0,0,1,1,1,0.9888,0.981,0.8955,0.8242,1213.0,343.0,997.5,343.0,1022.5,494.5,1177.0,482.5,215.5,154.9653,0.7191,1,0,0,0
450,3,0,1,1,1,1,0.9888,0.9883,0.9126,0.9019,333.0,289.5,185.125,284.5,226.5,382.0,317.75,383.5,147.9595,91.2623,0.6168,1,0,0,0
450,3,0,2,1,1,1,0.9902,0.98,0.9009,0.8306,825.5,355.5,653.0,344.0,666.0,497.0,764.5,478.0,172.8829,100.3158,0.5803,1,0,0,0
451,3,0,0,1,1,1,0.9888,0.9814,0.8926,0.8252,1213.0,343.0,996.5,343.5,1022.5,494.0,1176.0,483.0,216.5006,153.8936,0.7108,1,0,0,0
451,3,0,1,1,1,1,0.9883,0.9863,0.9092,0.8975,332.5,289.0,183.5,284.0,227.375,382.5,315.5,383.5,149.0839,88.1307,0.5911,1,0,0,0
451,3,0,2,1,1,1,0.9902,0.979,0.9019,0.8271,828.5,355.0,654.5,342.5,669.0,498.0,770.5,480.0,174.4484,103.0837,0.5909,1,0,0,0
452,3,0,0,1,1,1,0.9888,0.9814,0.8926,0.8242,1213.0,343.0,996.5,343.5,1022.5,494.0,1176.0,483.0,216.5006,153.8936,0.7108,1,0,0,0
452,3,0,2,1,1,1,0.9902,0.979,0.9014,0.8276,828.5,355.0,654.5,342.5,669.0,498.0,770.5,480.0,174.4484,103.0837,0.5909,1,0,0,0
452,3,0,1,1,1,1,0.9883,0.9863,0.9092,0.8979,332.5,289.0,183.5,284.0,227.625,382.5,315.5,383.5,149.0839,87.8807,0.5895,1,0,0,0
453,3,0,0,1,1,1,0.9888,0.981,0.895,0.8223,1213.0,343.0,996.5,343.0,1022.0,495.0,1175.0,484.0,216.5,153.3949,0.7085,1,0,0,0
453,3,0,2,1,1,1,0.9902,0.9795,0.8989,0.8252,830.0,354.5,655.5,341.0,669.0,498.0,773.5,480.5,175.0214,105.9552,0.6054,1,0,0,0
453,3,0,1,1,1,1,0.9883,0.9883,0.9121,0.9004,330.75,289.0,182.625,284.0,224.25,381.5,317.5,382.0,148.2094,93.2513,0.6292,1,0,0,0
454,3,0,0,1,1,1,0.9888,0.981,0.8955,0.8218,1213.0,343.0,996.5,343.0,1022.0,495.0,1175.0,484.0,216.5,153.3949,0.7085,1,0,0,0
454,3,0,2,1,1,1,0.9902,0.9795,0.8989,0.8252,830.0,354.5,655.5,341.0,669.0,498.0,773.5,480.5,175.0214,105.9552,0.6054,1,0,0,0
454,3,0,1,1,1,1,0.9883,0.9883,0.9121,0.9009,330.75,289.0,182.625,284.0,224.75,381.5,317.5,382.0,148.2094,92.7513,0.6258,1,0,0,0
455,3,0,0,1,1,1,0.9893,0.9805,0.8979,0.8188,1212.0,343.0,996.0,342.0,1022.5,495.5,1174.0,484.0,216.0023,151.9358,0.7034,1,0,0,0
455,3,0,2,1,1,1,0.9902,0.9795,0.8979,0.8223,830.0,354.5,655.0,340.0,668.0,499.0,772.5,479.5,175.5997,106.3038,0.6054,1,0,0,0
455,3,0,1,1,1,1,0.9888,0.9883,0.9136,0.9033,330.25,288.5,181.875,284.0,224.125,381.5,316.5,382.5,148.4432,92.3804,0.6223,1,0,0,0
456,3,0,0,1,1,1,0.9888,0.9805,0.8975,0.8252,1212.0,342.5,997.0,342.0,1025.0,496.5,1173.0,483.5,215.0006,148.5698,0.691,1,0,0,0
456,3,0,1,1,1,1,0.9888,0.9878,0.9165,0.8989,330.5,288.0,181.625,284.0,220.75,380.5,318.0,382.0,148.9287,97.2616,0.6531,1,0,0,0
456,3,0,2,1,1,1,0.9902,0.9795,0.8984,0.8232,829.5,354.0,653.0,340.0,666.5,501.5,771.5,479.5,177.0544,107.28,0.6059,1,0,0,0
457,3,0,0,1,1,1,0.9888,0.9805,0.8979,0.8242,1212.0,342.5,996.5,342.0,1025.0,496.5,1173.0,483.5,215.5006,148.5698,0.6894,1,0,0,0
457,3,0,1,1,1,1,0.9888,0.9878,0.9165,0.8989,330.5,288.0,181.625,284.0,220.75,381.0,318.0,382.0,148.9287,97.2551,0.653,1,0,0,0
457,3,0,2,1,1,1,0.9902,0.9795,0.8984,0.8232,829.5,354.0,653.5,340.0,666.5,501.5,772.0,479.0,176.5559,107.8726,0.611,1,0,0,0
458,3,0,0,1,1,1,0.9888,0.9805,0.8984,0.8223,1212.0,343.0,996.5,342.5,1023.0,496.5,1175.0,484.0,215.5006,152.5131,0.7077,1,0,0,0
458,3,0,1,1,1,1,0.9897,0.9878,0.9219,0.9014,330.0,287.5,181.0,284.0,219.625,380.5,316.75,383.0,149.0411,97.1572,0.6519,1,0,0,0
458,3,0,2,1,1,1,0.9902,0.9805,0.896,0.8296,827.0,355.0,649.5,342.0,664.0,503.5,774.0,481.5,177.9754,112.1784,0.6303,1,0,0,0
459,3,0,0,1,1,1,0.9888,0.98,0.8984,0.8218,1212.0,343.0,996.5,342.5,1023.5,496.5,1175.0,484.0,215.5006,152.0148,0.7054,1,0,0,0
459,3,0,1,1,1,1,0.9897,0.9883,0.9214,0.9014,330.25,287.5,181.0,284.0,219.75,380.5,316.75,383.0,149.291,97.0322,0.65,1,0,0,0
459,3,0,2,1,1,1,0.9902,0.9805,0.896,0.8286,827.0,355.0,649.5,342.0,664.0,503.5,774.0,481.5,177.9754,112.1784,0.6303,1,0,0,0
460,3,0,0,1,1,1,0.9888,0.9805,0.8975,0.8247,1211.0,343.0,997.0,343.0,1024.0,496.5,1175.0,483.0,214.0,151.6023,0.7084,1,0,0,0
460,3,0,1,1,1,1,0.9893,0.9883,0.9199,0.9009,329.5,287.0,180.625,284.0,218.375,379.5,315.75,382.0,148.9052,97.4071,0.6542,1,0,0,0
460,3,0,2,1,1,1,0.9878,0.9814,0.8887,0.8232,824.5,354.5,643.0,344.0,657.5,502.0,772.5,484.5,181.8035,116.3239,0.6398,1,0,0,0
461,3,0,0,1,1,1,0.9888,0.9805,0.8975,0.8242,1211.0,343.0,997.0,343.0,1023.5,496.5,1175.0,483.5,214.0,152.0567,0.7105,1,0,0,0
461,3,0,1,1,1,1,0.9893,0.9883,0.9194,0.9014,329.5,287.0,180.75,284.0,218.5,379.5,315.75,382.0,148.7802,97.2821,0.6539,1,0,0,0
461,3,0,2,1,1,1,0.9878,0.9814,0.8887,0.8228,824.0,354.5,643.5,344.0,658.0,502.0,773.0,485.0,180.8051,116.2497,0.643,1,0,0,0
462,3,0,0,1,1,1,0.9888,0.98,0.8989,0.8218,1210.0,343.5,996.0,344.0,1022.0,497.5,1174.0,483.5,214.0006,152.6434,0.7133,1,0,0,0
462,3,0,1,1,1,1,0.9888,0.9883,0.9146,0.9038,329.0,287.5,180.625,285.0,220.25,380.5,315.75,382.0,148.3961,95.5118,0.6436,1,0,0,0
462,3,0,2,1,1,1,0.9883,0.9839,0.9014,0.8379,821.5,356.0,636.5,348.5,654.0,499.5,764.0,485.0,185.152,110.9516,0.5992,1,0,0,0
463,3,0,0,1,1,1,0.9888,0.98,0.8989,0.8218,1210.0,343.5,996.0,343.5,1022.0,497.0,1174.0,483.5,214.0,152.5983,0.7131,1,0,0,0
463,3,0,1,1,1,1,0.9888,0.9883,0.915,0.9038,329.0,288.0,180.75,285.0,220.375,380.5,316.0,382.0,148.2804,95.6368,0.645,1,0,0,0
463,3,0,2,1,1,1,0.9883,0.9839,0.9019,0.8384,821.5,356.0,636.5,348.5,654.0,499.5,764.0,485.0,185.152,110.9516,0.5992,1,0,0,0
464,3,0,0,1,1,1,0.9893,0.98,0.8999,0.8193,1210.0,344.5,995.5,344.0,1020.5,496.5,1175.0,484.0,214.5006,155.0048,0.7226,1,0,0,0
464,3,0,2,1,1,1,0.9873,0.9814,0.8828,0.834,813.5,356.0,631.5,347.5,657.0,512.0,766.0,486.0,182.1984,112.058,0.615,1,0,0,0
464,3,0,1,1,1,1,0.9893,0.9878,0.9194,0.8989,329.25,287.0,180.875,284.5,218.25,379.5,314.75,382.0,148.3961,96.5324,0.6505,1,0,0,0
465,3,0,0,1,1,1,0.9893,0.98,0.9004,0.8198,1209.0,344.5,996.0,344.0,1021.0,496.0,1174.0,483.5,213.0006,153.5098,0.7207,1,0,0,0
465,3,0,2,1,1,1,0.9873,0.9814,0.8828,0.834,813.5,356.0,631.5,347.5,657.0,512.0,766.5,486.0,182.1984,112.5444,0.6177,1,0,0,0
465,3,0,1,1,1,1,0.9893,0.9873,0.9194,0.8989,329.25,287.0,180.875,284.5,218.25,379.5,314.75,382.5,148.3961,96.5466,0.6506,1,0,0,0
466,3,0,0,1,1,1,0.9893,0.98,0.8994,0.8193,1210.0,344.5,996.0,344.0,1020.5,496.5,1175.0,484.0,214.0006,155.0048,0.7243,1,0,0,0
466,3,0,2,1,1,1,0.9868,0.9795,0.8926,0.8389,803.0,361.5,621.0,352.0,647.0,512.5,760.5,484.5,182.2478,116.9027,0.6414,1,0,0,0
466,3,0,1,1,1,1,0.9893,0.9873,0.9219,0.8989,329.75,287.0,180.5,284.5,219.125,380.0,314.75,382.0,149.2709,95.6459,0.6408,1,0,0,0
467,3,0,0,1,1,1,0.9893,0.98,0.9004,0.8198,1210.0,344.5,996.0,344.0,1020.5,496.0,1175.0,484.0,214.0006,154.9653,0.7241,1,0,0,0
467,3,0,2,1,1,1,0.9868,0.9795,0.8926,0.8394,803.0,361.5,621.0,352.0,647.0,512.5,761.0,484.0,182.2478,117.5085,0.6448,1,0,0,0
467,3,0,1,1,1,1,0.9897,0.9873,0.9219,0.8989,329.5,286.5,180.5,284.0,218.875,380.0,314.5,382.0,149.021,95.6459,0.6418,1,0,0,0
468,3,0,0,1,1,1,0.9893,0.98,0.9004,0.8159,1209.0,344.5,995.5,344.0,1020.5,498.0,1173.0,484.5,213.5006,153.0964,0.7171,1,0,0,0
468,3,0,2,1,1,1,0.9863,0.9814,0.8843,0.8511,793.0,360.5,609.5,350.5,636.5,510.0,749.5,485.0,183.7723,115.7325,0.6298,1,0,0,0
468,3,0,1,1,1,1,0.9893,0.9878,0.918,0.8975,329.0,287.0,180.625,285.0,219.875,380.0,314.0,381.0,148.3885,94.1303,0.6344,1,0,0,0
469,3,0,0,1,1,1,0.9893,0.98,0.9009,0.8174,1209.0,344.5,995.5,344.0,1018.5,497.0,1173.0,484.5,213.5006,155.0048,0.726,1,0,0,0
469,3,0,2,1,1,1,0.9888,0.9814,0.8828,0.8223,784.5,354.0,599.0,345.5,619.0,501.0,740.5,486.5,185.6946,122.3622,0.6589,1,0,0,0
469,3,0,1,1,1,1,0.9893,0.9878,0.9204,0.8994,329.25,287.5,180.375,285.0,220.625,380.5,314.0,381.5,148.896,93.3804,0.6272,1,0,0,0
470,3,0,0,1,1,1,0.9893,0.98,0.9009,0.8174,1209.0,345.0,995.0,344.0,1018.5,497.0,1173.0,484.5,214.0023,155.0048,0.7243,1,0,0,0
470,3,0,2,1,1,1,0.9888,0.9814,0.8828,0.8223,784.0,354.5,599.0,345.5,619.0,501.0,740.5,486.5,185.2188,122.3622,0.6606,1,0,0,0
470,3,0,1,1,1,1,0.9893,0.9878,0.9204,0.8994,329.25,287.5,180.375,285.0,220.5,381.0,314.25,381.5,148.896,93.7513,0.6296,1,0,0,0
471,3,0,0,1,1,1,0.9893,0.9795,0.9033,0.8188,1209.0,345.5,995.0,344.5,1019.0,497.0,1174.0,484.0,214.0023,155.5442,0.7268,1,0,0,0
471,3,0,2,1,1,1,0.9893,0.9805,0.8901,0.8228,774.5,352.0,587.5,342.5,605.5,499.0,727.5,483.0,187.2412,123.0447,0.6571,1,0,0,0
471,3,0,1,1,1,1,0.9893,0.9878,0.9175,0.8994,329.0,289.0,180.75,285.5,220.75,380.5,314.25,381.0,148.2913,93.5013,0.6305,1,0,0,0
472,3,0,0,1,1,1,0.9893,0.9795,0.9033,0.8193,1209.0,345.5,995.0,344.5,1019.0,496.5,1174.0,484.0,214.0023,155.5032,0.7266,1,0,0,0
472,3,0,2,1,1,1,0.9897,0.98,0.8906,0.8223,774.5,352.0,587.5,342.5,605.5,499.5,727.5,483.0,187.2412,123.1107,0.6575,1,0,0,0
472,3,0,1,1,1,1,0.9893,0.9878,0.9175,0.8989,329.0,289.0,180.75,285.5,220.75,380.5,314.0,381.0,148.2913,93.2513,0.6288,1,0,0,0
473,3,0,0,1,1,1,0.9893,0.9795,0.9028,0.8203,1208.0,345.0,995.5,344.5,1020.0,496.0,1174.0,483.5,212.5006,154.5065,0.7271,1,0,0,0
473,3,0,1,1,1,1,0.9888,0.9883,0.9146,0.8989,328.75,288.0,180.75,285.0,219.625,381.0,315.25,381.5,148.0304,95.6263,0.646,1,0,0,0
473,3,0,2,1,1,1,0.9868,0.9849,0.8877,0.8438,767.0,353.0,574.5,345.5,591.0,500.5,717.0,482.0,192.646,127.3509,0.6611,1,0,0,0
474,3,0,0,1,1,1,0.9893,0.9795,0.9033,0.8198,1208.0,345.5,995.5,344.0,1020.0,496.0,1174.0,483.5,212.5053,154.5065,0.7271,1,0,0,0
474,3,0,1,1,1,1,0.9888,0.9878,0.915,0.8989,328.75,288.0,180.75,285.0,219.625,381.0,315.25,382.0,148.0304,95.6302,0.646,1,0,0,0
474,3,0,2,1,1,1,0.9868,0.9849,0.8877,0.8438,767.0,353.0,574.5,346.0,591.0,500.5,716.5,482.0,192.6272,126.8562,0.6586,1,0,0,0
475,3,0,0,1,1,1,0.9893,0.98,0.9009,0.8213,1208.0,345.5,996.0,344.5,1022.0,496.5,1174.0,484.0,212.0024,152.5131,0.7194,1,0,0,0
475,3,0,2,1,1,1,0.9883,0.981,0.8877,0.8218,753.0,353.0,564.5,344.5,582.5,504.0,709.0,484.5,188.6915,127.9941,0.6783,1,0,0,0
475,3,0,1,1,1,1,0.9893,0.9883,0.9165,0.9014,328.75,289.0,180.875,285.0,222.375,382.0,314.25,382.0,147.9291,91.875,0.6211,1,0,0,0
476,3,0,0,1,1,1,0.9893,0.98,0.9004,0.8198,1208.0,345.5,995.5,345.0,1023.0,496.5,1173.0,485.0,212.5006,150.4402,0.708,1,0,0,0
476,3,0,2,1,1,1,0.9873,0.9868,0.8643,0.8418,744.0,359.0,551.5,351.5,576.0,500.0,702.0,488.5,192.646,126.5237,0.6568,1,0,0,0
476,3,0,1,1,1,1,0.9888,0.9883,0.916,0.9014,329.0,289.5,182.75,285.0,224.125,382.5,314.75,383.5,146.3192,90.6305,0.6194,1,0,0,0
477,3,0,0,1,1,1,0.9893,0.98,0.9004,0.8198,1208.0,346.0,995.0,345.5,1023.0,496.5,1173.0,485.0,213.0006,150.4402,0.7063,1,0,0,0
477,3,0,2,1,1,1,0.9873,0.9868,0.8647,0.8423,744.0,359.0,551.0,351.5,576.0,500.0,702.5,488.5,193.1457,127.0217,0.6576,1,0,0,0
477,3,0,1,1,1,1,0.9888,0.9883,0.916,0.9014,328.75,289.5,182.875,284.5,224.0,382.5,314.5,383.5,145.9607,90.5055,0.6201,1,0,0,0
478,3,0,2,1,1,1,0.9883,0.9868,0.8667,0.835,734.0,357.0,541.0,350.5,558.5,499.5,685.0,489.0,193.1094,126.935,0.6573,1,0,0,0
478,3,0,0,1,1,1,0.9893,0.979,0.9043,0.8174,1208.0,345.5,995.0,345.0,1022.0,497.0,1171.0,484.0,213.0006,149.566,0.7022,1,0,0,0
478,3,0,1,1,1,1,0.9888,0.9883,0.9141,0.9028,330.0,290.0,183.625,285.0,225.125,383.0,315.0,383.0,146.4604,89.875,0.6136,1,0,0,0
479,3,0,0,1,1,1,0.9893,0.979,0.9043,0.8179,1208.0,345.5,995.0,345.0,1022.0,497.0,1171.0,484.0,213.0006,149.566,0.7022,1,0,0,0
479,3,0,2,1,1,1,0.9883,0.9868,0.8672,0.8345,734.0,357.0,541.0,350.5,558.0,499.5,685.5,489.5,193.1094,127.8916,0.6623,1,0,0,0
479,3,0,1,1,1,1,0.9888,0.9883,0.9141,0.9033,330.0,290.0,183.625,285.0,225.25,383.0,315.0,382.5,146.4604,89.7514,0.6128,1,0,0,0
480,3,0,2,1,1,1,0.9897,0.9844,0.8677,0.8184,726.5,353.5,533.5,347.5,556.5,502.0,684.0,486.0,193.0932,128.5,0.6655,1,0,0,0
480,3,0,0,1,1,1,0.9893,0.9795,0.9028,0.8174,1208.0,345.0,995.0,344.5,1021.0,496.0,1173.0,484.0,213.0006,152.4729,0.7158,1,0,0,0
480,3,0,1,1,1,1,0.9883,0.9883,0.9116,0.8994,331.0,291.0,184.375,285.5,223.5,384.0,317.25,382.5,146.7281,93.762,0.639,1,0,0,0
481,3,0,2,1,1,1,0.9897,0.9844,0.8682,0.8184,726.5,353.5,533.5,347.0,556.5,502.0,683.5,486.0,193.1094,128.0039,0.6629,1,0,0,0
481,3,0,0,1,1,1,0.9893,0.9795,0.9028,0.8174,1208.0,345.0,995.0,344.5,1021.5,496.5,1173.0,484.0,213.0006,152.0148,0.7137,1,0,0,0
481,3,0,1,1,1,1,0.9888,0.9883,0.9126,0.8984,331.0,290.5,184.25,285.5,223.25,383.5,317.5,382.0,146.8352,94.2619,0.642,1,0,0,0
482,3,0,2,1,1,1,0.9897,0.9839,0.8657,0.8154,720.0,351.0,526.0,348.0,553.5,505.0,684.0,487.5,194.0232,131.6681,0.6786,1,0,0,0
482,3,0,0,1,1,1,0.9893,0.98,0.9009,0.8203,1209.0,345.0,994.5,344.5,1022.0,495.5,1174.0,484.0,214.5006,152.4344,0.7106,1,0,0,0
482,3,0,1,1,1,1,0.9893,0.9878,0.915,0.8965,331.0,290.5,185.0,285.5,221.75,383.5,319.5,382.0,146.0856,97.7615,0.6692,1,0,0,0
483,3,0,2,1,1,1,0.9902,0.9829,0.8711,0.8066,714.5,351.0,518.0,348.0,552.0,508.5,678.0,489.5,196.5229,127.4245,0.6484,1,0,0,0
483,3,0,0,1,1,1,0.9893,0.98,0.9004,0.8218,1209.0,345.5,995.0,344.5,1021.0,495.5,1174.0,485.0,214.0023,153.3599,0.7166,1,0,0,0
483,3,0,1,1,1,1,0.9888,0.9878,0.9141,0.8989,331.0,291.5,185.625,285.5,226.125,385.0,318.0,383.0,145.4988,91.8968,0.6316,1,0,0,0
484,3,0,2,1,1,1,0.9902,0.9829,0.8711,0.8062,714.5,351.0,518.0,348.0,552.0,508.5,678.0,489.5,196.5229,127.4245,0.6484,1,0,0,0
484,3,0,0,1,1,1,0.9893,0.98,0.9004,0.8218,1209.0,345.5,995.0,344.5,1021.0,495.5,1174.0,485.0,214.0023,153.3599,0.7166,1,0,0,0
484,3,0,1,1,1,1,0.9888,0.9878,0.9141,0.8989,331.0,291.5,185.75,285.5,226.25,385.0,318.0,383.0,145.3739,91.7718,0.6313,1,0,0,0
485,3,0,2,1,1,1,0.9902,0.9824,0.8677,0.8042,712.0,351.5,513.5,349.0,549.5,508.0,678.5,493.0,198.5157,129.8692,0.6542,1,0,0,0
485,3,0,0,1,1,1,0.9888,0.9829,0.9048,0.8301,1213.0,347.5,993.0,348.5,1019.0,493.0,1172.0,484.0,220.0023,153.2645,0.6966,1,0,0,0
485,3,0,1,1,1,1,0.9888,0.9854,0.9131,0.8931,331.5,291.5,185.75,284.0,228.125,383.5,317.25,382.0,145.9428,89.1376,0.6108,1,0,0,0
486,3,0,2,1,1,1,0.9902,0.9824,0.8677,0.8037,712.0,351.0,513.5,348.5,549.5,507.5,679.0,493.0,198.5157,130.3092,0.6564,1,0,0,0
486,3,0,0,1,1,1,0.9888,0.9829,0.9048,0.8301,1213.0,347.5,993.0,348.5,1019.0,493.0,1171.0,484.5,220.0023,152.2375,0.692,1,0,0,0
486,3,0,1,1,1,1,0.9888,0.9883,0.9175,0.9038,331.25,292.0,186.0,284.5,224.375,382.5,319.75,382.0,145.4435,95.3763,0.6558,1,0,0,0
487,3,0,2,1,1,1,0.9902,0.9834,0.8623,0.8052,710.0,351.0,511.0,349.0,548.5,509.0,680.0,493.0,199.01,132.4698,0.6656,1,0,0,0
487,3,0,0,1,1,1,0.9893,0.98,0.9009,0.8213,1209.0,345.0,995.5,344.5,1020.0,497.0,1173.0,484.5,213.5006,153.5098,0.719,1,0,0,0
487,3,0,1,1,1,1,0.9893,0.9849,0.915,0.8892,331.75,291.0,185.75,284.0,228.75,383.5,317.25,381.0,146.1677,88.5353,0.6057,1,0,0,0
488,3,0,2,1,1,1,0.9902,0.9834,0.8623,0.8052,710.0,351.0,511.0,349.0,549.0,508.0,680.0,493.0,199.01,131.856,0.6626,1,0,0,0
488,3,0,0,1,1,1,0.9893,0.98,0.9004,0.8213,1209.0,344.5,995.5,344.5,1020.0,497.0,1173.0,484.5,213.5,153.5098,0.719,1,0,0,0
488,3,0,1,1,1,1,0.9893,0.9849,0.915,0.8887,331.75,291.5,185.5,284.0,228.875,383.5,317.25,381.0,146.4422,88.4104,0.6037,1,0,0,0
489,3,0,2,1,1,1,0.9897,0.9834,0.8623,0.8081,710.5,349.5,510.5,349.0,549.0,507.5,681.0,493.5,200.0006,132.7403,0.6637,1,0,0,0
489,3,0,0,1,1,1,0.9893,0.98,0.9014,0.8218,1209.0,344.5,996.5,344.0,1021.0,496.0,1173.0,484.0,212.5006,152.4729,0.7175,1,0,0,0
489,3,0,1,1,1,1,0.9893,0.9849,0.917,0.8906,332.25,291.5,185.25,284.5,227.75,383.0,317.25,381.0,147.1666,89.5223,0.6083,1,0,0,0
490,3,0,0,1,1,1,0.9893,0.9795,0.9019,0.8218,1209.0,344.5,996.5,344.0,1021.0,496.0,1173.0,484.0,212.5006,152.4729,0.7175,1,0,0,0
490,3,0,2,1,1,1,0.9897,0.9829,0.8633,0.8076,710.5,349.5,510.75,349.0,549.0,508.0,681.0,493.5,199.7506,132.794,0.6648,1,0,0,0
490,3,0,1,1,1,1,0.9893,0.9849,0.9175,0.8896,332.25,291.5,185.0,284.5,227.625,383.0,317.5,381.0,147.4163,89.8973,0.6098,1,0,0,0
491,3,0,2,1,1,1,0.9897,0.9844,0.8579,0.8145,712.0,350.0,511.5,349.0,549.5,512.0,682.0,493.5,200.5025,133.7853,0.6672,1,0,0,0
491,3,0,0,1,1,1,0.9888,0.9805,0.8999,0.8262,1210.0,344.5,996.0,343.5,1021.5,495.0,1174.0,483.5,214.0023,152.933,0.7146,1,0,0,0
491,3,0,1,1,1,1,0.9888,0.9858,0.9131,0.8965,332.0,291.0,185.125,284.0,231.75,383.5,315.75,382.0,147.0417,84.0134,0.5714,1,0,0,0
492,3,0,2,1,1,1,0.9897,0.9844,0.8569,0.8145,715.5,350.0,515.5,348.0,551.0,516.0,690.0,497.0,200.01,140.2926,0.7014,1,0,0,0
492,3,0,0,1,1,1,0.9888,0.9805,0.8984,0.8237,1210.0,344.5,995.5,344.0,1020.0,495.5,1174.0,483.0,214.5006,154.5065,0.7203,1,0,0,0
492,3,0,1,1,1,1,0.9883,0.9863,0.9092,0.8989,331.25,291.0,184.5,284.0,231.125,384.0,316.0,383.0,146.9169,84.8809,0.5777,1,0,0,0
493,3,0,2,1,1,1,0.9897,0.9844,0.8569,0.8145,715.5,350.0,515.5,348.0,551.0,516.0,690.0,497.0,200.01,140.2926,0.7014,1,0,0,0
493,3,0,0,1,1,1,0.9888,0.9805,0.8984,0.8242,1210.0,344.5,996.0,344.0,1020.0,495.5,1174.0,483.0,214.0006,154.5065,0.722,1,0,0,0
493,3,0,1,1,1,1,0.9883,0.9863,0.9082,0.8989,331.0,291.0,184.5,284.0,231.125,384.0,316.0,383.0,146.6671,84.8809,0.5787,1,0,0,0
494,3,0,2,1,1,1,0.9888,0.9854,0.8506,0.8257,722.5,352.0,520.0,350.0,556.0,520.0,691.5,495.0,202.5099,137.787,0.6804,1,0,0,0
494,3,0,0,1,1,1,0.9888,0.9805,0.8979,0.8237,1212.0,344.5,996.0,344.0,1020.5,495.0,1175.0,482.5,216.0006,155.0048,0.7176,1,0,0,0
494,3,0,1,1,1,1,0.9883,0.9863,0.9072,0.8965,331.0,290.0,184.25,284.5,229.75,385.0,317.0,383.0,146.853,87.2729,0.5943,1,0,0,0
495,3,0,2,1,1,1,0.9888,0.9854,0.8496,0.8262,722.5,352.0,520.0,349.5,556.0,520.0,691.5,495.0,202.5154,137.787,0.6804,1,0,0,0
495,3,0,0,1,1,1,0.9888,0.9805,0.8975,0.8242,1212.0,344.0,996.0,344.0,1020.5,495.5,1175.0,483.0,216.0,155.0048,0.7176,1,0,0,0
495,3,0,1,1,1,1,0.9883,0.9863,0.9072,0.8965,331.0,290.0,184.125,284.5,229.625,385.0,317.0,383.5,146.9779,87.3879,0.5946,1,0,0,0
496,3,0,2,1,1,1,0.9873,0.9878,0.8452,0.8306,731.5,352.0,527.5,351.0,553.5,514.0,695.5,501.5,204.0025,142.5491,0.6988,1,0,0,0
496,3,0,0,1,1,1,0.9893,0.9805,0.8994,0.8223,1212.0,344.0,996.5,344.0,1020.0,496.0,1173.0,482.5,215.5,153.5944,0.7127,1,0,0,0
496,3,0,1,1,1,1,0.9888,0.9893,0.9121,0.9058,329.5,290.0,184.5,285.0,226.5,384.0,316.5,383.0,145.0862,90.0056,0.6204,1,0,0,0
497,3,0,2,1,1,1,0.9873,0.9878,0.8452,0.8301,732.0,352.5,527.5,351.0,553.5,514.5,695.5,502.0,204.5055,142.5491,0.697,1,0,0,0
497,3,0,0,1,1,1,0.9893,0.9805,0.8994,0.8218,1212.0,344.0,996.5,344.0,1020.0,496.0,1173.0,482.5,215.5,153.5944,0.7127,1,0,0,0
497,3,0,1,1,1,1,0.9888,0.9888,0.9126,0.9053,329.5,290.0,184.5,284.5,226.5,384.0,316.5,383.0,145.1043,90.0056,0.6203,1,0,0,0
498,3,0,0,1,1,1,0.9893,0.9834,0.9028,0.8252,1217.0,346.0,994.0,347.5,1017.0,490.5,1174.0,481.5,223.005,157.2578,0.7052,1,0,0,0
498,3,0,2,1,1,1,0.9868,0.9878,0.8477,0.8408,742.0,354.5,535.5,353.0,562.5,519.5,700.0,504.5,206.5054,138.3158,0.6698,1,0,0,0
498,3,0,1,1,1,1,0.9888,0.9888,0.9136,0.9038,329.5,290.0,184.75,285.5,225.75,384.0,317.0,382.5,144.8199,91.2623,0.6302,1,0,0,0
499,3,0,0,1,1,1,0.9893,0.9805,0.8989,0.8208,1213.0,344.0,996.5,344.0,1019.5,495.0,1175.0,483.0,216.5,155.9623,0.7204,1,0,0,0
499,3,0,2,1,1,1,0.9868,0.9873,0.8481,0.8408,742.0,354.5,535.5,353.0,562.5,519.5,700.0,504.5,206.5054,138.3158,0.6698,1,0,0,0
499,3,0,1,1,1,1,0.9888,0.9888,0.9141,0.9058,329.5,290.0,184.75,285.0,226.125,384.0,316.75,382.5,144.8363,90.6374,0.6258,1,0,0,0
500,3,0,0,1,1,1,0.9888,0.9834,0.9038,0.8267,1216.0,346.0,995.0,347.5,1017.5,489.5,1174.0,481.0,221.0051,156.7307,0.7092,1,0,0,0
500,3,0,2,1,1,1,0.9873,0.9858,0.8721,0.8345,753.0,356.5,544.0,354.0,566.5,522.0,714.5,505.0,209.015,148.9732,0.7127,1,0,0,0
500,3,0,1,1,1,1,0.9888,0.9868,0.9092,0.8984,331.25,291.0,183.5,286.0,228.875,386.0,315.5,383.0,147.8346,86.6769,0.5863,1,0,0,0
501,3,0,0,1,1,1,0.9888,0.9834,0.9043,0.8262,1216.0,346.5,995.0,347.5,1017.0,490.0,1173.0,481.0,221.0023,156.2594,0.707,1,0,0,0
501,3,0,2,1,1,1,0.9873,0.9858,0.8726,0.834,753.0,356.5,544.0,354.0,567.0,522.0,714.5,505.0,209.015,148.4764,0.7104,1,0,0,0
501,3,0,1,1,1,1,0.9888,0.9868,0.9097,0.8984,331.25,291.0,183.5,286.0,229.0,386.0,315.5,383.0,147.8346,86.552,0.5855,1,0,0,0
502,3,0,2,1,1,1,0.9873,0.9868,0.8745,0.8345,767.0,353.5,552.0,352.0,581.0,513.5,715.5,500.5,215.0052,135.1268,0.6285,1,0,0,0
502,3,0,0,1,1,1,0.9888,0.9839,0.9019,0.8267,1217.0,346.0,994.5,347.0,1016.5,489.5,1175.0,481.0,222.5022,158.7278,0.7134,1,0,0,0
502,3,0,1,1,1,1,0.9893,0.9888,0.9175,0.9053,329.5,290.0,184.375,285.5,227.875,383.5,316.0,382.5,145.1948,88.1307,0.607,1,0,0,0
503,3,0,0,1,1,1,0.9888,0.9839,0.8994,0.8291,1217.0,346.0,994.5,347.0,1017.5,489.0,1176.0,481.0,222.5022,158.7018,0.7133,1,0,0,0
503,3,0,2,1,1,1,0.9863,0.9883,0.8589,0.8403,781.0,351.0,563.5,347.0,583.5,510.0,735.0,497.5,217.5368,152.0148,0.6988,1,0,0,0
503,3,0,1,1,1,1,0.9893,0.9868,0.9126,0.9014,330.75,290.0,182.75,285.0,228.125,385.0,315.0,382.0,148.0844,86.9268,0.587,1,0,0,0
504,3,0,0,1,1,1,0.9888,0.9814,0.895,0.8271,1213.0,344.0,997.0,343.0,1020.5,493.5,1176.0,482.5,216.0023,155.8886,0.7217,1,0,0,0
504,3,0,2,1,1,1,0.9863,0.9883,0.8589,0.8408,781.0,351.0,563.5,347.0,583.5,510.0,735.0,497.5,217.5368,152.0148,0.6988,1,0,0,0
504,3,0,1,1,1,1,0.9888,0.9868,0.9121,0.9014,330.5,290.0,182.75,285.5,228.125,385.5,315.0,382.0,147.8185,86.9455,0.5882,1,0,0,0
505,3,0,0,1,1,1,0.9888,0.9839,0.8989,0.8301,1218.0,347.0,995.0,347.0,1019.0,489.0,1177.0,480.5,223.0,158.2285,0.7095,1,0,0,0
505,3,0,2,1,1,1,0.9878,0.9878,0.8496,0.8237,791.5,350.5,574.0,342.5,596.5,519.0,743.5,498.0,217.6471,148.4924,0.6823,1,0,0,0
505,3,0,1,1,1,1,0.9888,0.9888,0.9141,0.9048,328.75,290.0,183.125,286.0,227.125,384.0,314.5,383.0,145.6799,87.3807,0.5998,1,0,0,0
506,3,0,0,1,1,1,0.9888,0.9839,0.8989,0.8301,1217.0,347.0,995.5,347.0,1019.0,489.0,1177.0,480.5,221.5,158.2285,0.7143,1,0,0,0
506,3,0,2,1,1,1,0.9878,0.9878,0.8496,0.8232,791.5,350.5,574.0,342.5,596.5,519.0,743.5,498.0,217.6471,148.4924,0.6823,1,0,0,0
506,3,0,1,1,1,1,0.9888,0.9888,0.9136,0.9043,328.75,290.0,183.0,286.0,227.25,384.0,314.75,383.0,145.8049,87.5057,0.6002,1,0,0,0
507,3,0,0,1,1,1,0.9888,0.9839,0.9004,0.8291,1217.0,346.0,994.5,346.0,1018.0,489.0,1177.0,480.0,222.5,159.2545,0.7158,1,0,0,0
507,3,0,2,1,1,1,0.9873,0.9897,0.8364,0.8394,803.0,353.5,590.5,341.0,614.0,518.0,746.5,499.5,212.8673,133.7853,0.6285,1,0,0,0
507,3,0,1,1,1,1,0.9893,0.9883,0.9175,0.9033,328.25,289.5,182.75,286.0,222.875,383.0,316.0,382.5,145.5421,93.1263,0.6399,1,0,0,0
508,3,0,0,1,1,1,0.9888,0.981,0.8955,0.8267,1212.0,344.0,997.0,342.0,1021.0,493.5,1177.0,482.0,215.0093,156.4233,0.7275,1,0,0,0
508,3,0,2,1,1,1,0.9873,0.9897,0.8364,0.8394,803.0,353.5,590.5,341.0,614.0,517.5,746.5,500.0,212.8673,133.6507,0.6279,1,0,0,0
508,3,0,1,1,1,1,0.9893,0.9883,0.917,0.9033,328.5,289.5,182.75,286.5,222.75,383.0,316.0,382.5,145.7809,93.2513,0.6397,1,0,0,0
509,3,0,0,1,1,1,0.9883,0.9839,0.8994,0.834,1217.0,346.5,995.5,346.5,1019.0,489.0,1176.0,479.5,221.5,157.2872,0.7101,1,0,0,0
509,3,0,2,1,1,1,0.9863,0.9888,0.8428,0.8423,816.5,357.0,604.0,343.5,624.0,521.5,753.5,505.5,212.9284,130.4847,0.6128,1,0,0,0
509,3,0,1,1,1,1,0.9893,0.9878,0.9175,0.8999,328.5,289.5,183.125,286.5,222.5,382.5,315.75,383.0,145.406,93.2513,0.6413,1,0,0,0
510,3,0,0,1,1,1,0.9883,0.9839,0.8989,0.8345,1217.0,346.5,995.5,346.5,1019.0,489.0,1176.0,479.5,221.5,157.2872,0.7101,1,0,0,0
510,3,0,2,1,1,1,0.9863,0.9888,0.8428,0.8428,816.5,357.0,604.0,343.5,623.5,522.0,753.5,505.5,212.9284,131.0429,0.6154,1,0,0,0
510,3,0,1,1,1,1,0.9893,0.9878,0.918,0.8994,328.5,289.5,183.125,286.0,222.625,382.5,315.75,383.0,145.4171,93.1263,0.6404,1,0,0,0
511,3,0,0,1,1,1,0.9883,0.9814,0.8936,0.8315,1212.0,343.5,997.5,341.5,1023.0,494.5,1176.0,482.0,214.5093,153.5098,0.7156,1,0,0,0
511,3,0,2,1,1,1,0.9868,0.9883,0.8525,0.8296,828.0,357.5,607.5,343.0,626.5,525.5,763.0,509.0,220.9762,137.4936,0.6222,1,0,0,0
511,3,0,1,1,1,1,0.9888,0.9883,0.916,0.9009,328.25,289.0,182.875,286.5,223.875,382.5,315.5,382.0,145.3965,91.6264,0.6302,1,0,0,0
512,3,0,0,1,1,1,0.9883,0.9814,0.894,0.8315,1212.0,343.5,998.5,341.0,1023.0,495.0,1176.0,482.0,213.5146,153.5513,0.7192,1,0,0,0
512,3,0,2,1,1,1,0.9873,0.9873,0.8779,0.8423,838.0,353.5,612.5,339.0,634.0,533.0,769.5,515.0,225.9657,136.6903,0.6049,1,0,0,0
512,3,0,1,1,1,1,0.9888,0.9883,0.915,0.8999,328.0,289.5,182.75,287.0,223.5,383.0,314.75,383.5,145.2715,91.2514,0.6281,1,0,0,0
513,3,0,0,1,1,1,0.9883,0.9814,0.894,0.8315,1212.0,343.5,998.5,341.0,1023.0,495.5,1176.0,482.0,213.5146,153.5944,0.7194,1,0,0,0
513,3,0,2,1,1,1,0.9873,0.9888,0.8467,0.8301,836.0,356.5,613.0,341.0,632.5,531.0,770.0,513.0,223.538,138.6732,0.6204,1,0,0,0
513,3,0,1,1,1,1,0.9888,0.9883,0.915,0.9004,328.0,289.0,182.75,287.0,223.5,383.0,314.5,383.5,145.2638,91.0014,0.6265,1,0,0,0
514,3,0,0,1,1,1,0.9883,0.9814,0.8926,0.8296,1213.0,344.0,997.0,341.5,1023.0,494.5,1178.0,482.0,216.0145,155.5032,0.7199,1,0,0,0
514,3,0,2,1,1,1,0.9868,0.9893,0.8433,0.8335,843.5,356.5,618.5,339.0,628.5,527.5,777.0,510.0,225.6795,149.5276,0.6626,1,0,0,0
514,3,0,1,1,1,1,0.9888,0.9888,0.9136,0.9028,328.0,289.0,182.625,286.0,224.875,382.5,314.75,383.5,145.406,89.8806,0.6181,1,0,0,0
515,3,0,0,1,1,1,0.9883,0.9814,0.8931,0.8296,1213.0,344.0,997.0,341.5,1023.0,494.5,1178.0,482.0,216.0145,155.5032,0.7199,1,0,0,0
515,3,0,2,1,1,1,0.9868,0.9893,0.8433,0.8335,843.0,356.5,618.5,339.0,628.5,527.5,776.5,510.0,225.181,149.031,0.6618,1,0,0,0
515,3,0,1,1,1,1,0.9888,0.9888,0.9136,0.9028,328.0,289.0,182.625,286.5,225.0,382.5,314.75,383.5,145.3965,89.7556,0.6173,1,0,0,0
516,3,0,0,1,1,1,0.9883,0.981,0.8955,0.8301,1213.0,344.0,997.5,342.0,1024.0,493.5,1179.0,481.0,215.5093,155.5032,0.7216,1,0,0,0
516,3,0,2,1,1,1,0.9868,0.9893,0.8433,0.8325,851.0,355.0,622.0,338.0,630.0,530.0,779.0,512.5,229.6301,150.0242,0.6533,1,0,0,0
516,3,0,1,1,1,1,0.9888,0.9883,0.9136,0.9023,328.0,289.0,181.75,286.5,222.875,383.0,315.5,383.0,146.2714,92.625,0.6332,1,0,0,0
517,3,0,0,1,1,1,0.9883,0.9814,0.8955,0.8301,1213.0,344.0,997.0,341.5,1023.5,493.5,1179.0,481.5,216.0145,155.9623,0.722,1,0,0,0
517,3,0,2,1,1,1,0.9868,0.9893,0.8428,0.833,850.5,355.0,622.0,338.0,630.5,530.0,779.5,512.0,229.1315,150.0833,0.655,1,0,0,0
517,3,0,1,1,1,1,0.9888,0.9883,0.9136,0.9019,328.0,289.0,181.75,286.5,222.875,383.0,315.75,383.0,146.2714,92.875,0.6349,1,0,0,0
518,3,0,0,1,1,1,0.9883,0.9819,0.8916,0.8296,1213.0,344.5,997.0,342.0,1024.0,494.5,1179.0,482.0,216.0145,155.5032,0.7199,1,0,0,0
518,3,0,2,1,1,1,0.9863,0.9897,0.8413,0.8354,853.0,354.0,622.5,336.0,630.5,531.0,782.5,515.5,231.2018,152.7883,0.6608,1,0,0,0
518,3,0,1,1,1,1,0.9888,0.9888,0.9146,0.9062,328.0,289.5,182.0,287.0,224.25,382.5,314.5,384.0,146.0214,90.2625,0.6181,1,0,0,0
519,3,0,0,1,1,1,0.9883,0.9819,0.8926,0.8301,1214.0,344.0,997.0,341.5,1025.0,494.0,1180.0,483.0,217.0144,155.3898,0.716,1,0,0,0
519,3,0,2,1,1,1,0.9849,0.9897,0.8267,0.8481,851.5,356.0,625.5,337.0,631.0,529.0,772.5,516.5,226.7973,142.051,0.6263,1,0,0,0
519,3,0,1,1,1,1,0.9878,0.9893,0.9082,0.9087,327.5,289.5,182.25,286.5,227.125,382.5,313.5,383.0,145.281,86.3764,0.5945,1,0,0,0
520,3,0,0,1,1,1,0.9883,0.9814,0.8926,0.8301,1214.0,344.0,996.5,341.5,1025.0,494.0,1180.0,483.0,217.5144,155.3898,0.7144,1,0,0,0
520,3,0,2,1,1,1,0.9849,0.9897,0.8267,0.8477,851.5,356.0,625.5,336.5,631.5,529.0,772.0,516.5,226.8397,141.055,0.6218,1,0,0,0
520,3,0,1,1,1,1,0.9878,0.9893,0.9082,0.9087,327.5,289.5,182.25,286.5,227.125,382.0,313.5,383.0,145.281,86.3808,0.5946,1,0,0,0
521,3,0,0,1,1,1,0.9883,0.9814,0.8936,0.8296,1213.0,344.5,998.0,342.0,1026.0,494.0,1179.0,482.5,215.0145,153.4316,0.7136,1,0,0,0
521,3,0,2,1,1,1,0.9849,0.9897,0.8286,0.853,850.0,356.0,624.0,335.5,626.5,530.0,774.0,519.0,226.9279,147.9096,0.6518,1,0,0,0
521,3,0,1,1,1,1,0.9888,0.9893,0.9155,0.9072,328.25,289.0,182.0,286.0,223.375,382.0,314.25,384.0,146.2808,90.897,0.6214,1,0,0,0
522,3,0,0,1,1,1,0.9883,0.9814,0.8931,0.8301,1213.0,344.5,997.5,342.0,1026.0,494.5,1179.0,482.0,215.5145,153.5098,0.7123,1,0,0,0
522,3,0,2,1,1,1,0.9858,0.9897,0.8384,0.8379,851.5,355.0,619.5,335.0,623.0,531.5,788.0,520.0,232.8605,165.4003,0.7103,1,0,0,0
522,3,0,1,1,1,1,0.9888,0.9893,0.915,0.9082,328.0,289.0,181.875,286.5,223.5,382.0,314.25,383.5,146.1464,90.7624,0.621,1,0,0,0
523,3,0,0,1,1,1,0.9883,0.9805,0.897,0.8291,1212.0,344.0,999.0,341.5,1026.0,494.5,1177.0,483.0,213.0147,151.4373,0.7109,1,0,0,0
523,3,0,2,1,1,1,0.9868,0.9868,0.877,0.8433,850.0,351.0,614.0,333.5,621.0,537.0,781.5,523.5,236.6479,161.0668,0.6806,1,0,0,0
523,3,0,1,1,1,1,0.9888,0.9893,0.9136,0.9077,328.0,289.5,181.75,287.0,223.375,382.5,313.5,384.0,146.2714,90.1375,0.6162,1,0,0,0
524,3,0,0,1,1,1,0.9883,0.9805,0.8975,0.8286,1212.0,344.0,998.5,341.5,1025.0,494.5,1177.0,483.0,213.5146,152.4344,0.7139,1,0,0,0
524,3,0,2,1,1,1,0.9863,0.9893,0.8408,0.8354,846.0,354.5,615.5,336.0,620.5,534.0,783.5,520.5,231.2412,163.5581,0.7073,1,0,0,0
524,3,0,1,1,1,1,0.9888,0.9893,0.9131,0.9082,328.0,289.5,181.75,286.5,223.625,382.5,313.5,384.0,146.2808,89.8875,0.6145,1,0,0,0
525,3,0,0,1,1,1,0.9883,0.981,0.896,0.8281,1212.0,344.5,997.5,341.5,1026.0,494.5,1176.0,482.5,214.521,150.4792,0.7015,1,0,0,0
525,3,0,2,1,1,1,0.9858,0.9863,0.8779,0.8525,842.0,349.0,609.0,333.5,623.0,542.0,775.0,525.5,233.515,152.8929,0.6547,1,0,0,0
525,3,0,1,1,1,1,0.9897,0.9893,0.9219,0.9097,328.0,289.0,181.0,287.0,220.375,382.0,314.25,382.5,147.0136,93.8763,0.6386,1,0,0,0
526,3,0,0,1,1,1,0.9883,0.981,0.8955,0.8286,1212.0,345.0,998.0,342.0,1026.0,494.5,1176.0,483.0,214.021,150.4402,0.7029,1,0,0,0
526,3,0,2,1,1,1,0.9858,0.9863,0.8779,0.8525,842.0,349.0,609.0,334.0,623.0,542.0,775.0,526.0,233.4823,152.8398,0.6546,1,0,0,0
526,3,0,1,1,1,1,0.9897,0.9893,0.9224,0.9097,328.0,289.0,180.875,287.0,220.5,381.5,314.25,382.5,147.1386,93.7553,0.6372,1,0,0,0
527,3,0,0,1,1,1,0.9888,0.9805,0.8984,0.8281,1212.0,344.5,998.5,342.0,1025.0,495.0,1175.0,483.0,213.5146,150.4792,0.7048,1,0,0,0
527,3,0,2,1,1,1,0.9858,0.9888,0.8413,0.8408,827.0,354.5,602.5,339.5,617.0,540.5,773.0,522.5,225.0006,157.035,0.6979,1,0,0,0
527,3,0,1,1,1,1,0.9888,0.9888,0.9058,0.9092,327.0,290.0,180.75,287.0,224.0,383.0,313.5,382.5,146.2808,89.5014,0.6118,1,0,0,0
528,3,0,0,1,1,1,0.9883,0.9805,0.8975,0.8291,1212.0,345.0,998.5,342.5,1025.0,496.0,1175.0,482.5,213.5146,150.6063,0.7054,1,0,0,0
528,3,0,2,1,1,1,0.9863,0.9888,0.834,0.8364,816.5,356.0,589.0,342.5,611.5,548.0,766.0,523.0,227.9002,156.5096,0.6867,1,0,0,0
528,3,0,1,1,1,1,0.9888,0.9883,0.9053,0.9062,327.0,290.0,181.25,286.5,223.75,382.5,314.5,381.5,145.792,90.7555,0.6225,1,0,0,0
529,3,0,0,1,1,1,0.9883,0.9805,0.8975,0.8296,1212.0,345.0,998.5,342.5,1025.0,496.0,1175.0,482.5,213.5146,150.6063,0.7054,1,0,0,0
529,3,0,2,1,1,1,0.9863,0.9888,0.834,0.8359,816.5,356.0,589.0,342.0,611.5,548.0,765.5,523.0,227.9304,156.016,0.6845,1,0,0,0
529,3,0,1,1,1,1,0.9888,0.9883,0.9048,0.9072,327.0,290.0,181.375,286.5,223.75,382.5,314.5,381.5,145.6671,90.7555,0.623,1,0,0,0
530,3,0,2,1,1,1,0.9854,0.9893,0.8262,0.854,804.5,355.5,575.5,343.0,597.5,549.0,750.5,519.5,229.3409,155.818,0.6794,1,0,0,0
530,3,0,0,1,1,1,0.9888,0.98,0.8999,0.8276,1212.0,345.0,998.0,342.5,1026.0,495.0,1174.0,482.0,214.0146,148.5698,0.6942,1,0,0,0
530,3,0,1,1,1,1,0.9893,0.9888,0.9082,0.9092,327.5,290.0,181.0,286.5,222.875,382.0,313.75,380.0,146.5418,90.897,0.6203,1,0,0,0
531,3,0,0,1,1,1,0.9888,0.9805,0.8994,0.8281,1212.0,345.0,998.0,342.0,1026.0,495.0,1174.0,482.0,214.021,148.5698,0.6942,1,0,0,0
531,3,0,2,1,1,1,0.9854,0.9893,0.8257,0.8545,804.5,356.0,575.5,343.5,597.0,548.5,750.5,519.5,229.3409,156.2154,0.6811,1,0,0,0
531,3,0,1,1,1,1,0.9893,0.9888,0.9087,0.9092,327.5,290.0,181.0,286.5,222.875,382.0,313.75,380.0,146.5418,90.897,0.6203,1,0,0,0
532,3,0,0,1,1,1,0.9888,0.9805,0.8984,0.8242,1212.0,345.0,998.0,342.0,1025.0,494.5,1175.0,482.0,214.021,150.5199,0.7033,1,0,0,0
532,3,0,2,1,1,1,0.9834,0.9897,0.833,0.855,801.0,351.5,563.5,343.5,583.5,539.0,736.0,522.0,237.6347,153.4446,0.6457,1,0,0,0
532,3,0,1,1,1,1,0.9888,0.9878,0.9077,0.9033,327.0,290.0,181.875,286.5,223.125,382.0,314.0,380.5,145.1672,90.8874,0.6261,1,0,0,0
533,3,0,0,1,1,1,0.9888,0.9805,0.8984,0.8242,1212.0,345.0,998.0,342.0,1025.0,494.5,1175.0,482.0,214.021,150.5199,0.7033,1,0,0,0
533,3,0,2,1,1,1,0.9834,0.9897,0.833,0.855,801.0,351.5,563.5,343.5,583.5,538.5,735.5,522.0,237.6347,152.8929,0.6434,1,0,0,0
533,3,0,1,1,1,1,0.9888,0.9878,0.9062,0.9048,327.25,290.0,182.0,286.5,223.875,382.0,313.5,381.0,145.2922,89.6306,0.6169,1,0,0,0
534,3,0,2,1,1,1,0.9863,0.9863,0.8765,0.8428,794.0,345.0,551.0,338.0,571.5,545.0,726.0,527.0,243.1008,155.545,0.6398,1,0,0,0
534,3,0,0,1,1,1,0.9888,0.9805,0.8989,0.8242,1212.0,344.5,998.0,342.0,1022.5,495.0,1175.0,482.5,214.0146,153.0114,0.715,1,0,0,0
534,3,0,1,1,1,1,0.9893,0.9883,0.9072,0.9048,327.25,289.5,182.25,286.0,223.875,382.0,313.5,379.5,145.0422,89.6599,0.6182,1,0,0,0
535,3,0,2,1,1,1,0.9863,0.9868,0.8765,0.8433,794.0,344.5,551.0,338.0,571.0,545.0,726.0,527.0,243.0869,156.0417,0.6419,1,0,0,0
535,3,0,0,1,1,1,0.9888,0.9805,0.8984,0.8242,1212.0,344.5,998.0,342.0,1022.5,495.0,1175.0,482.5,214.0146,153.0114,0.715,1,0,0,0
535,3,0,1,1,1,1,0.9893,0.9883,0.9077,0.9048,327.0,289.5,182.0,286.0,224.125,381.5,313.5,379.5,145.0422,89.3974,0.6164,1,0,0,0
536,3,0,2,1,1,1,0.9873,0.9863,0.8809,0.8413,784.0,346.0,540.5,337.5,561.0,542.5,721.0,525.0,243.6483,160.9542,0.6606,1,0,0,0
536,3,0,0,1,1,1,0.9888,0.981,0.8965,0.8271,1212.0,344.5,997.5,342.5,1024.0,494.5,1176.0,482.0,214.5093,152.5131,0.711,1,0,0,0
536,3,0,1,1,1,1,0.9888,0.9878,0.9053,0.9048,327.25,290.0,182.5,286.5,226.625,382.0,313.75,381.0,144.7923,87.1307,0.6018,1,0,0,0
537,3,0,2,1,1,1,0.9873,0.9863,0.8813,0.8408,784.5,346.0,540.5,337.5,561.0,542.5,721.0,525.0,244.148,160.9542,0.6592,1,0,0,0
537,3,0,0,1,1,1,0.9888,0.9839,0.9014,0.8301,1216.0,347.0,995.0,346.5,1020.5,489.5,1176.0,481.0,221.0006,155.7321,0.7047,1,0,0,0
537,3,0,1,1,1,1,0.9893,0.9888,0.9189,0.9062,328.0,289.5,182.5,286.5,224.75,380.5,314.0,381.5,145.5309,89.2556,0.6133,1,0,0,0
538,3,0,0,1,1,1,0.9888,0.9834,0.9033,0.8286,1217.0,347.0,995.5,347.0,1019.0,490.5,1177.0,481.0,221.5,158.2853,0.7146,1,0,0,0
538,3,0,2,1,1,1,0.9878,0.9873,0.8574,0.8232,770.5,349.0,532.5,339.5,552.5,536.0,711.5,522.5,238.1895,159.5721,0.6699,1,0,0,0
538,3,0,1,1,1,1,0.9888,0.9893,0.9131,0.9092,328.25,290.0,182.75,287.0,227.75,381.5,313.75,382.5,145.5309,86.0058,0.591,1,0,0,0
539,3,0,0,1,1,1,0.9888,0.9834,0.9033,0.8281,1218.0,347.0,995.5,347.0,1019.0,490.0,1177.0,481.0,222.5,158.2561,0.7113,1,0,0,0
539,3,0,2,1,1,1,0.9878,0.9878,0.8574,0.8228,770.5,349.0,532.0,339.5,552.5,536.0,711.5,522.5,238.6891,159.5721,0.6685,1,0,0,0
539,3,0,1,1,1,1,0.9888,0.9893,0.9136,0.9087,328.25,290.0,182.75,287.0,227.5,381.5,313.75,382.5,145.5309,86.2558,0.5927,1,0,0,0
540,3,0,0,1,1,1,0.9888,0.9834,0.9033,0.832,1216.0,347.0,996.5,346.5,1020.0,489.5,1176.0,481.0,219.5006,156.2314,0.7118,1,0,0,0
540,3,0,2,1,1,1,0.9873,0.9878,0.853,0.8301,762.0,348.5,524.0,339.0,550.0,540.0,709.0,522.5,238.1895,159.9602,0.6716,1,0,0,0
540,3,0,1,1,1,1,0.9893,0.9868,0.9116,0.9004,327.5,290.0,181.75,286.5,223.75,382.0,315.75,379.5,145.792,92.034,0.6313,1,0,0,0
541,3,0,0,1,1,1,0.9883,0.9805,0.8984,0.8296,1211.0,345.0,999.0,342.5,1024.0,494.5,1176.0,482.0,212.0147,152.5131,0.7194,1,0,0,0
541,3,0,2,1,1,1,0.9878,0.9883,0.8457,0.8252,758.0,349.0,517.5,337.0,543.0,544.0,704.5,524.0,240.7992,162.7337,0.6758,1,0,0,0
541,3,0,1,1,1,1,0.9897,0.9878,0.9248,0.9009,328.75,289.5,182.0,287.5,220.25,380.5,317.0,379.0,146.7636,96.7616,0.6593,1,0,0,0
542,3,0,0,1,1,1,0.9883,0.9834,0.9033,0.832,1216.0,347.0,996.5,346.5,1020.5,490.0,1176.0,480.5,219.5006,155.7899,0.7097,1,0,0,0
542,3,0,2,1,1,1,0.9878,0.9883,0.8457,0.8252,758.0,349.0,517.5,336.5,543.0,544.0,704.0,524.0,240.8246,162.2375,0.6737,1,0,0,0
542,3,0,1,1,1,1,0.9897,0.9878,0.9248,0.9014,328.75,289.5,182.0,287.5,220.5,380.5,317.0,379.5,146.7636,96.5052,0.6576,1,0,0,0
543,3,0,0,1,1,1,0.9888,0.9805,0.8979,0.8271,1211.0,345.0,999.5,342.0,1023.0,494.5,1177.0,482.5,211.5213,154.4668,0.7303,1,0,0,0
543,3,0,2,1,1,1,0.9863,0.9893,0.832,0.8369,753.0,346.5,512.0,336.0,543.5,546.5,709.0,522.0,241.2286,167.3036,0.6935,1,0,0,0
543,3,0,1,1,1,1,0.9893,0.9858,0.9146,0.897,329.5,289.0,182.5,287.0,226.0,383.0,314.25,380.5,147.0136,88.2854,0.6005,1,0,0,0
544,3,0,0,1,1,1,0.9888,0.9805,0.8979,0.8276,1211.0,345.0,999.0,342.0,1023.0,494.5,1177.0,482.0,212.0212,154.5065,0.7287,1,0,0,0
544,3,0,2,1,1,1,0.9863,0.9893,0.832,0.8364,753.0,346.5,512.0,336.0,543.5,546.5,709.0,522.0,241.2286,167.3036,0.6935,1,0,0,0
544,3,0,1,1,1,1,0.9893,0.9858,0.915,0.897,329.5,289.0,182.375,287.0,225.75,383.0,314.5,380.5,147.1386,88.7852,0.6034,1,0,0,0
545,3,0,0,1,1,1,0.9888,0.981,0.896,0.8271,1211.0,345.5,999.5,342.5,1025.0,494.5,1178.0,482.5,211.5213,153.4699,0.7256,1,0,0,0
545,3,0,2,1,1,1,0.9868,0.9893,0.8296,0.8335,750.0,345.0,507.25,338.0,540.5,544.5,708.0,518.5,242.8509,169.5059,0.698,1,0,0,0
545,3,0,1,1,1,1,0.9897,0.9883,0.9238,0.9038,329.0,288.5,182.875,287.0,223.5,380.5,316.5,379.5,146.1327,93.0054,0.6364,1,0,0,0
546,3,0,0,1,1,1,0.9888,0.981,0.8955,0.8271,1212.0,345.5,999.5,342.5,1025.0,494.5,1178.0,482.5,212.5212,153.4699,0.7221,1,0,0,0
546,3,0,2,1,1,1,0.9868,0.9893,0.8296,0.833,750.0,345.0,507.0,338.0,540.5,544.5,708.0,518.5,243.1008,169.5059,0.6973,1,0,0,0
546,3,0,1,1,1,1,0.9893,0.9863,0.9146,0.8989,329.5,289.0,182.5,286.5,226.25,382.0,313.75,380.5,147.0213,87.5129,0.5952,1,0,0,0
547,3,0,0,1,1,1,0.9888,0.9805,0.8965,0.8267,1211.0,345.0,999.5,342.0,1025.0,495.0,1177.0,483.0,211.5213,152.4729,0.7208,1,0,0,0
547,3,0,2,1,1,1,0.9863,0.9893,0.8286,0.8345,748.5,344.0,503.0,338.0,537.5,544.5,708.5,519.0,245.5733,172.8909,0.704,1,0,0,0
547,3,0,1,1,1,1,0.9897,0.9858,0.9194,0.8965,330.0,289.0,183.0,286.5,225.0,381.5,314.25,379.0,147.0213,89.285,0.6073,1,0,0,0
548,3,0,0,1,1,1,0.9888,0.9829,0.9048,0.8296,1216.0,347.0,997.5,346.5,1022.0,490.0,1176.0,481.5,218.5006,154.2344,0.7059,1,0,0,0
548,3,0,2,1,1,1,0.9868,0.9893,0.8271,0.8301,748.0,345.0,500.0,339.5,535.0,544.0,708.0,519.0,248.061,174.797,0.7047,1,0,0,0
548,3,0,1,1,1,1,0.9893,0.9858,0.9165,0.8975,330.5,289.5,184.25,286.0,226.125,381.0,314.75,379.5,146.2919,88.6377,0.6059,1,0,0,0
549,3,0,0,1,1,1,0.9888,0.9834,0.9038,0.8286,1216.0,347.0,997.5,346.5,1022.0,490.0,1176.0,481.5,218.5006,154.2344,0.7059,1,0,0,0
549,3,0,2,1,1,1,0.9868,0.9893,0.8267,0.8301,748.0,345.0,500.0,339.5,535.0,544.0,708.0,519.5,248.061,174.7262,0.7044,1,0,0,0
549,3,0,1,1,1,1,0.9893,0.9858,0.9165,0.8979,330.25,289.5,184.25,286.5,226.125,381.0,314.75,379.5,146.0308,88.6377,0.607,1,0,0,0
550,3,0,0,1,1,1,0.9883,0.981,0.8965,0.8286,1211.0,346.0,999.5,342.5,1026.0,494.0,1177.0,483.0,211.529,151.4001,0.7157,1,0,0,0
550,3,0,2,1,1,1,0.9868,0.9893,0.8232,0.8281,749.5,345.5,498.0,340.0,532.5,541.0,706.5,519.5,251.5601,175.3233,0.6969,1,0,0,0
550,3,0,1,1,1,1,0.9893,0.9873,0.9136,0.9033,329.0,290.0,183.875,287.0,226.375,381.0,317.0,379.0,145.156,90.6471,0.6245,1,0,0,0
551,3,0,0,1,1,1,0.9888,0.981,0.8965,0.8281,1211.0,346.0,999.5,342.5,1025.0,494.0,1177.0,482.5,211.529,152.4344,0.7206,1,0,0,0
551,3,0,2,1,1,1,0.9868,0.9893,0.8237,0.8281,749.0,345.0,498.25,340.0,532.5,541.0,706.5,519.0,250.7998,175.3853,0.6993,1,0,0,0
551,3,0,1,1,1,1,0.9893,0.9873,0.9141,0.9033,329.0,290.0,184.0,287.0,226.375,381.0,317.0,379.0,145.031,90.6471,0.625,1,0,0,0
552,3,0,0,1,1,1,0.9888,0.9834,0.9014,0.8281,1216.0,347.5,997.0,347.0,1021.0,490.5,1176.0,483.0,219.0006,155.1813,0.7086,1,0,0,0
552,3,0,2,1,1,1,0.9868,0.9893,0.8242,0.8286,749.0,345.0,498.75,339.5,532.5,540.0,704.5,520.0,250.3104,173.1589,0.6918,1,0,0,0
552,3,0,1,1,1,1,0.9893,0.9873,0.9126,0.9038,329.0,289.5,184.5,286.5,226.125,381.0,317.5,378.5,144.5311,91.4092,0.6325,1,0,0,0
553,3,0,0,1,1,1,0.9888,0.9834,0.9014,0.8276,1216.0,347.0,997.5,347.0,1021.5,490.5,1176.0,483.0,218.5,154.6819,0.7079,1,0,0,0
553,3,0,2,1,1,1,0.9868,0.9893,0.8247,0.8291,749.0,345.0,498.75,339.5,532.0,540.0,704.5,520.0,250.3104,173.6555,0.6938,1,0,0,0
553,3,0,1,1,1,1,0.9893,0.9873,0.9121,0.9043,329.0,290.0,184.25,286.5,226.125,381.0,317.5,379.0,144.7923,91.3969,0.6312,1,0,0,0
554,3,0,0,1,1,1,0.9888,0.981,0.8965,0.8262,1212.0,345.0,999.0,343.0,1024.0,495.5,1177.0,484.5,213.0094,153.3949,0.7201,1,0,0,0
554,3,0,2,1,1,1,0.9863,0.9893,0.8223,0.832,749.0,345.0,499.5,339.5,532.5,540.0,708.0,520.0,249.5606,176.6359,0.7078,1,0,0,0
554,3,0,1,1,1,1,0.9893,0.9873,0.9131,0.9038,329.5,289.5,184.0,286.5,225.875,381.0,318.5,378.5,145.5309,92.6587,0.6367,1,0,0,0
555,3,0,0,1,1,1,0.9888,0.9839,0.9028,0.8315,1216.0,347.0,997.5,347.0,1022.0,491.0,1176.0,483.5,218.5,154.1825,0.7056,1,0,0,0
555,3,0,2,1,1,1,0.9863,0.9893,0.8242,0.8359,748.5,345.0,502.0,340.0,536.0,544.0,711.5,522.5,246.5507,176.812,0.7171,1,0,0,0
555,3,0,1,1,1,1,0.9893,0.9868,0.916,0.9028,331.0,289.0,184.875,287.0,227.0,381.5,315.75,379.0,146.1387,88.7852,0.6075,1,0,0,0
556,3,0,0,1,1,1,0.9888,0.9834,0.9028,0.8311,1216.0,347.0,997.5,347.0,1022.0,491.0,1176.0,484.0,218.5,154.159,0.7055,1,0,0,0
556,3,0,2,1,1,1,0.9863,0.9893,0.8252,0.8359,748.5,345.0,502.0,340.0,536.0,544.0,711.0,522.0,246.5507,176.3774,0.7154,1,0,0,0
556,3,0,1,1,1,1,0.9893,0.9868,0.916,0.9023,331.0,289.0,184.75,287.0,227.0,381.5,315.75,379.0,146.2637,88.7852,0.607,1,0,0,0
557,3,0,0,1,1,1,0.9888,0.9834,0.9014,0.8286,1216.0,347.0,997.0,347.5,1023.0,490.5,1176.0,483.0,219.0006,153.1837,0.6995,1,0,0,0
557,3,0,2,1,1,1,0.9858,0.9893,0.8223,0.8369,749.0,345.0,501.5,340.0,537.0,543.0,714.0,521.5,247.5505,178.301,0.7203,1,0,0,0
557,3,0,1,1,1,1,0.9888,0.9873,0.9106,0.9062,330.5,290.0,184.0,286.5,227.125,382.0,318.75,379.0,146.5418,91.6741,0.6256,1,0,0,0
558,3,0,0,1,1,1,0.9888,0.981,0.897,0.8252,1212.0,345.0,999.5,343.5,1026.0,495.0,1177.0,484.0,212.5053,151.4001,0.7125,1,0,0,0
558,3,0,2,1,1,1,0.9858,0.9893,0.8223,0.8369,749.0,345.0,501.75,340.0,537.0,543.5,714.0,521.5,247.3006,178.362,0.7212,1,0,0,0
558,3,0,1,1,1,1,0.9888,0.9873,0.9106,0.9058,330.5,290.0,184.0,286.5,227.0,382.0,318.75,379.5,146.5418,91.7841,0.6263,1,0,0,0
559,3,0,0,1,1,1,0.9888,0.9839,0.8994,0.8296,1216.0,346.5,996.5,347.0,1023.0,491.5,1176.0,484.0,219.5006,153.1837,0.6979,1,0,0,0
559,3,0,2,1,1,1,0.9863,0.9893,0.8203,0.8335,748.5,343.5,499.0,339.5,537.0,544.0,715.5,521.0,249.5321,179.9757,0.7213,1,0,0,0
559,3,0,1,1,1,1,0.9902,0.9878,0.9268,0.9009,330.75,289.0,185.5,286.5,223.125,381.5,319.75,378.5,145.2715,96.6716,0.6655,1,0,0,0
560,3,0,0,1,1,1,0.9888,0.9839,0.8999,0.8296,1216.0,346.5,996.5,347.0,1022.5,491.5,1176.0,484.0,219.5006,153.6831,0.7001,1,0,0,0
560,3,0,2,1,1,1,0.9863,0.9893,0.8198,0.834,748.5,343.5,499.25,340.0,537.5,543.5,715.5,521.0,249.2746,179.4164,0.7198,1,0,0,0
560,3,0,1,1,1,1,0.9902,0.9878,0.9268,0.9009,330.75,289.0,185.625,287.0,223.375,381.5,319.5,378.5,145.1388,96.1718,0.6626,1,0,0,0
561,3,0,0,1,1,1,0.9888,0.981,0.8955,0.8237,1212.0,344.0,998.0,343.5,1026.0,495.0,1176.0,484.5,214.0006,150.3671,0.7026,1,0,0,0
561,3,0,2,1,1,1,0.9868,0.9897,0.8188,0.8281,746.0,342.0,495.5,339.5,532.5,541.0,711.0,521.5,250.5125,179.562,0.7168,1,0,0,0
561,3,0,1,1,1,1,0.9888,0.9873,0.9106,0.9028,330.25,290.5,184.75,287.0,225.625,383.5,318.5,380.5,145.5421,92.9234,0.6385,1,0,0,0
562,3,0,0,1,1,1,0.9888,0.9839,0.8999,0.8276,1216.0,346.0,996.0,347.5,1022.0,490.5,1176.0,484.0,220.0051,154.1371,0.7006,1,0,0,0
562,3,0,2,1,1,1,0.9868,0.9897,0.8188,0.8281,746.0,342.0,495.5,339.5,533.0,541.0,710.5,521.5,250.5125,178.5679,0.7128,1,0,0,0
562,3,0,1,1,1,1,0.9888,0.9873,0.9106,0.9028,330.0,290.5,185.0,287.0,225.5,383.5,318.5,380.5,145.0422,93.0484,0.6415,1,0,0,0
563,3,0,0,1,1,1,0.9888,0.9839,0.8994,0.8315,1216.0,346.0,996.0,347.5,1022.5,490.5,1174.0,483.5,220.0051,151.6616,0.6894,1,0,0,0
563,3,0,2,1,1,1,0.9873,0.9893,0.8223,0.8257,742.0,343.0,492.0,339.5,530.0,541.5,708.0,522.0,250.0245,179.0649,0.7162,1,0,0,0
563,3,0,1,1,1,1,0.9888,0.9878,0.9116,0.9072,329.5,290.5,184.75,287.0,226.5,384.0,318.0,380.5,144.7923,91.5669,0.6324,1,0,0,0
564,3,0,0,1,1,1,0.9883,0.9839,0.8999,0.8325,1217.0,346.0,997.0,347.0,1022.5,490.0,1174.0,484.5,220.0023,151.5998,0.6891,1,0,0,0
564,3,0,2,1,1,1,0.9883,0.9888,0.8296,0.8101,739.0,342.0,485.5,338.0,528.0,542.0,704.5,525.5,253.5316,177.2696,0.6992,1,0,0,0
564,3,0,1,1,1,1,0.9893,0.9873,0.9141,0.9062,331.0,290.0,184.75,287.0,227.375,384.0,317.25,382.0,146.2808,89.8973,0.6146,1,0,0,0
565,3,0,0,1,1,1,0.9883,0.9839,0.8999,0.8325,1217.0,346.0,996.5,347.0,1023.0,490.0,1174.0,484.5,220.5023,151.1001,0.6853,1,0,0,0
565,3,0,2,1,1,1,0.9883,0.9888,0.8301,0.8101,739.0,342.0,485.5,338.0,528.0,542.0,704.5,525.5,253.5316,177.2696,0.6992,1,0,0,0
565,3,0,1,1,1,1,0.9888,0.9873,0.9136,0.9072,331.25,290.0,184.5,287.0,227.625,384.5,317.0,382.0,146.7807,89.41,0.6091,1,0,0,0
566,3,0,0,1,1,1,0.9883,0.9834,0.9023,0.833,1216.0,346.0,996.5,347.0,1023.0,491.5,1174.0,484.5,219.5023,151.1622,0.6887,1,0,0,0
566,3,0,2,1,1,1,0.9888,0.9883,0.8047,0.8232,731.0,344.0,483.25,339.0,547.0,561.0,690.0,524.0,247.8004,147.7092,0.5961,1,0,0,0
566,3,0,1,1,1,1,0.9888,0.9873,0.9136,0.9062,331.0,290.0,185.0,287.0,227.75,384.5,315.5,383.0,146.0308,87.7628,0.601,1,0,0,0
567,3,0,0,1,1,1,0.9883,0.9834,0.9028,0.8335,1216.0,346.5,996.5,347.0,1023.0,491.5,1174.0,484.5,219.5006,151.1622,0.6887,1,0,0,0
567,3,0,2,1,1,1,0.9888,0.9883,0.8052,0.8228,731.5,344.0,483.25,339.0,548.0,561.0,690.5,524.0,248.3003,147.2252,0.5929,1,0,0,0
567,3,0,1,1,1,1,0.9893,0.9873,0.9146,0.9053,331.0,290.0,184.75,287.0,226.875,384.0,315.75,382.5,146.2808,88.8877,0.6077,1,0,0,0
568,3,0,0,1,1,1,0.9883,0.9839,0.9023,0.8345,1216.0,347.0,996.5,347.5,1022.5,490.0,1174.0,483.5,219.5006,151.6394,0.6908,1,0,0,0
568,3,0,2,1,1,1,0.9893,0.9878,0.8154,0.8188,726.0,343.5,478.5,341.0,543.5,554.0,680.5,521.5,247.5126,140.8022,0.5689,1,0,0,0
568,3,0,1,1,1,1,0.9893,0.9878,0.9136,0.9058,329.5,291.0,184.75,287.0,226.875,385.0,318.0,382.5,144.8053,91.1593,0.6295,1,0,0,0
569,3,0,0,1,1,1,0.9883,0.9839,0.9023,0.834,1216.0,346.5,996.5,347.5,1022.5,490.0,1173.0,484.0,219.5023,150.6196,0.6862,1,0,0,0
569,3,0,2,1,1,1,0.9893,0.9878,0.8164,0.8184,726.0,343.0,478.5,341.0,543.0,554.0,680.0,521.5,247.5081,140.8022,0.5689,1,0,0,0
569,3,0,1,1,1,1,0.9893,0.9878,0.9141,0.9062,329.5,291.0,184.75,287.0,226.75,385.0,318.0,382.0,144.8053,91.2993,0.6305,1,0,0,0
570,3,0,0,1,1,1,0.9883,0.9834,0.9038,0.8364,1216.0,346.5,996.5,347.0,1022.5,490.0,1173.0,483.5,219.5006,150.6403,0.6863,1,0,0,0
570,3,0,2,1,1,1,0.9897,0.9868,0.8286,0.8169,723.0,344.0,475.0,342.5,542.0,551.0,678.0,520.5,248.0045,139.3781,0.562,1,0,0,0
570,3,0,1,1,1,1,0.9897,0.9878,0.9155,0.9067,329.5,290.0,183.75,286.5,227.0,384.5,317.75,381.0,145.792,90.8175,0.6229,1,0,0,0
571,3,0,0,1,1,1,0.9883,0.9839,0.9038,0.8359,1216.0,346.5,996.5,347.0,1022.5,490.5,1173.0,483.5,219.5006,150.6627,0.6864,1,0,0,0
571,3,0,2,1,1,1,0.9897,0.9868,0.8276,0.8169,723.0,344.0,474.75,342.5,542.0,551.0,678.0,520.5,248.2545,139.3781,0.5614,1,0,0,0
571,3,0,1,1,1,1,0.9897,0.9878,0.915,0.9062,329.5,290.0,183.75,286.5,226.875,384.5,317.75,381.0,145.792,90.9424,0.6238,1,0,0,0
572,3,0,0,1,1,1,0.9888,0.9834,0.9028,0.832,1216.0,346.5,996.5,347.0,1021.5,489.5,1173.0,483.0,219.5006,151.6394,0.6908,1,0,0,0
572,3,0,2,1,1,1,0.9897,0.9878,0.8247,0.8193,724.0,341.0,475.5,341.5,539.5,553.0,685.0,520.0,248.5005,149.1953,0.6004,1,0,0,0
572,3,0,1,1,1,1,0.9897,0.9883,0.9131,0.9067,329.5,291.0,183.0,286.0,225.75,385.0,317.25,382.5,146.5853,91.5341,0.6244,1,0,0,0
573,3,0,0,1,1,1,0.9888,0.9839,0.9023,0.8325,1216.0,346.5,996.5,347.0,1021.5,489.5,1173.0,483.0,219.5006,151.6394,0.6908,1,0,0,0
573,3,0,2,1,1,1,0.9897,0.9873,0.8252,0.8188,724.0,341.0,475.5,341.5,539.5,552.5,684.5,519.5,248.5005,148.7078,0.5984,1,0,0,0
573,3,0,1,1,1,1,0.9897,0.9883,0.9131,0.9067,329.5,291.0,182.875,286.5,225.75,384.5,317.25,382.5,146.694,91.5219,0.6239,1,0,0,0
574,4,1,0,1,1,1,0.9888,0.981,0.8975,0.8286,1212.0,344.5,998.5,343.0,1025.0,494.0,1175.0,482.5,213.5053,150.4402,0.7046,1,0,0,0
574,4,1,2,1,1,1,0.9893,0.9878,0.8154,0.8218,726.0,339.5,478.5,340.5,546.5,554.0,695.5,517.0,247.502,153.5252,0.6203,1,0,0,0
574,4,1,1,1,1,1,0.9897,0.9883,0.9111,0.9067,329.25,290.0,181.0,286.0,226.625,384.5,317.0,381.0,148.304,90.4427,0.6098,1,0,0,0
574,4,1,3,0,0,1,0.6567,0.73,0.2362,0.3154,29.1562,348.5,98.0,343.0,22.5312,448.0,134.75,413.5,69.0631,117.4023,1.6999,0,0,0,0
575,4,1,0,1,1,1,0.9888,0.981,0.8975,0.8291,1212.0,344.5,998.5,343.0,1025.0,494.0,1175.0,482.5,213.5053,150.4402,0.7046,1,0,0,0
575,4,1,2,1,1,1,0.9893,0.9878,0.8154,0.8208,726.0,339.5,478.5,340.5,547.0,554.0,695.5,516.5,247.502,153.1617,0.6188,1,0,0,0
575,4,1,1,1,1,1,0.9897,0.9883,0.9111,0.9072,329.25,290.0,181.0,286.0,226.75,384.5,317.0,381.0,148.304,90.3178,0.609,1,0,0,0
575,4,1,3,0,0,1,0.6538,0.7295,0.2362,0.3176,29.2969,348.5,97.75,343.0,22.9219,447.0,135.125,412.5,68.6737,117.3874,1.7093,0,0,0,0
576,3,0,0,1,1,1,0.9888,0.9839,0.9028,0.832,1216.0,346.5,996.0,347.0,1020.5,490.0,1176.0,482.0,220.0006,155.7057,0.7078,1,0,0,0
576,3,0,2,1,1,1,0.9888,0.9878,0.8154,0.8242,728.5,340.0,485.75,341.5,557.5,553.5,698.5,516.5,242.7546,145.7738,0.6005,1,0,0,0
576,3,0,1,1,1,1,0.9897,0.9878,0.9141,0.9062,328.25,289.0,182.375,285.5,225.0,384.0,316.0,382.0,145.917,91.022,0.6238,1,0,0,0
577,3,0,0,1,1,1,0.9888,0.981,0.8965,0.8291,1212.0,344.0,998.5,342.5,1023.5,494.0,1177.0,482.5,213.5053,153.9302,0.721,1,0,0,0
577,3,0,2,1,1,1,0.9883,0.9883,0.8345,0.8223,736.5,341.0,494.5,341.0,552.0,544.0,695.5,520.0,242.0,145.4931,0.6012,1,0,0,0
577,3,0,1,1,1,1,0.9893,0.9883,0.9175,0.9043,327.5,288.5,181.75,286.0,223.875,384.0,315.5,383.5,145.7714,91.6264,0.6286,1,0,0,0
578,3,0,0,1,1,1,0.9888,0.9839,0.9023,0.833,1217.0,346.0,996.5,346.0,1020.5,489.5,1176.0,481.5,220.5,155.7057,0.7061,1,0,0,0
578,3,0,2,1,1,1,0.9883,0.9883,0.8345,0.8228,736.5,341.0,494.5,341.0,552.0,544.5,695.5,520.5,242.0,145.4931,0.6012,1,0,0,0
578,3,0,1,1,1,1,0.9893,0.9883,0.918,0.9038,327.5,288.5,181.75,286.0,223.625,384.0,315.25,383.5,145.7714,91.6264,0.6286,1,0,0,0
579,3,0,0,1,1,1,0.9888,0.9834,0.9033,0.8311,1216.0,346.0,995.5,346.5,1018.5,489.0,1175.0,481.0,220.5006,156.7043,0.7107,1,0,0,0
579,3,0,2,1,1,1,0.9873,0.9888,0.8364,0.834,745.5,342.5,505.0,343.0,561.5,540.5,695.0,522.5,240.5005,134.708,0.5601,1,0,0,0
579,3,0,1,1,1,1,0.9888,0.9888,0.9106,0.9033,326.5,289.5,181.0,286.0,223.625,384.5,314.0,384.5,145.5421,90.375,0.621,1,0,0,0
580,3,0,0,1,1,1,0.9888,0.9834,0.9033,0.8311,1216.0,346.0,995.5,346.5,1018.5,489.0,1176.0,481.0,220.5006,157.703,0.7152,1,0,0,0
580,3,0,2,1,1,1,0.9873,0.9888,0.8359,0.834,745.5,342.5,505.0,343.0,561.5,541.0,695.0,522.5,240.5005,134.7757,0.5604,1,0,0,0
580,3,0,1,1,1,1,0.9888,0.9888,0.9111,0.9033,326.5,289.5,181.0,286.0,223.5,384.5,314.0,384.5,145.5421,90.5,0.6218,1,0,0,0
581,3,0,0,1,1,1,0.9888,0.9839,0.9019,0.8286,1216.0,346.0,995.5,346.0,1018.5,488.5,1176.0,480.5,220.5,157.703,0.7152,1,0,0,0
581,3,0,2,1,1,1,0.9897,0.9849,0.8901,0.8154,765.5,339.0,521.0,340.0,560.0,540.0,723.0,524.0,244.502,163.7834,0.6699,1,0,0,0
581,3,0,1,1,1,1,0.9888,0.9888,0.9092,0.9014,327.0,289.0,180.25,286.5,220.25,384.5,315.0,383.0,146.7713,94.7619,0.6456,1,0,0,0
582,3,0,0,1,1,1,0.9888,0.9839,0.9019,0.8286,1216.0,346.0,995.5,346.0,1018.5,489.0,1176.0,480.5,220.5,157.7292,0.7153,1,0,0,0
582,3,0,2,1,1,1,0.9897,0.9849,0.8901,0.8164,765.5,339.0,521.0,340.0,560.0,540.5,723.0,524.0,244.502,163.833,0.6701,1,0,0,0
582,3,0,1,1,1,1,0.9888,0.9888,0.9097,0.9009,327.0,289.0,180.25,286.5,220.0,384.5,315.25,383.0,146.7713,95.2618,0.649,1,0,0,0
583,3,0,0,1,1,1,0.9888,0.9839,0.9004,0.8311,1216.0,346.5,995.5,346.5,1017.5,488.5,1176.0,479.5,220.5,158.7553,0.72,1,0,0,0
583,3,0,2,1,1,1,0.9858,0.9888,0.8345,0.8345,775.5,347.5,536.0,349.0,570.0,540.5,743.0,526.5,239.5047,173.5655,0.7247,1,0,0,0
583,3,0,1,1,1,1,0.9888,0.9883,0.9019,0.9038,326.0,291.0,178.875,286.5,219.75,384.0,312.25,382.5,147.1938,92.5122,0.6285,1,0,0,0
584,3,0,0,1,1,1,0.9888,0.9839,0.9009,0.8296,1216.0,346.0,995.0,346.5,1018.0,488.5,1175.0,480.0,221.0006,157.2299,0.7114,1,0,0,0
584,3,0,2,1,1,1,0.9873,0.9878,0.8359,0.834,783.0,350.5,556.0,349.0,607.0,548.5,740.5,519.0,227.005,136.7205,0.6023,1,0,0,0
584,3,0,1,1,1,1,0.9897,0.9888,0.9189,0.9038,326.0,290.0,178.375,286.5,217.125,383.0,311.5,383.5,147.6665,94.3763,0.6391,1,0,0,0
585,3,0,0,1,1,1,0.9888,0.9839,0.9009,0.8301,1216.0,346.0,995.0,346.5,1018.5,488.5,1175.0,480.0,221.0006,156.7307,0.7092,1,0,0,0
585,3,0,2,1,1,1,0.9873,0.9878,0.8359,0.8335,783.0,350.5,556.0,349.0,608.0,548.5,740.5,519.0,227.005,135.7442,0.598,1,0,0,0
585,3,0,1,1,1,1,0.9897,0.9888,0.9189,0.9038,326.0,290.0,178.25,286.5,217.25,383.0,311.25,383.5,147.7914,94.0013,0.636,1,0,0,0
586,3,0,0,1,1,1,0.9883,0.981,0.895,0.8296,1211.0,343.5,997.5,341.5,1021.0,493.0,1176.0,480.0,213.5094,155.5442,0.7285,1,0,0,0
586,3,0,2,1,1,1,0.9863,0.9888,0.8335,0.8442,797.0,352.5,571.5,350.5,618.5,545.5,757.0,519.0,225.5089,141.0124,0.6253,1,0,0,0
586,3,0,1,1,1,1,0.9897,0.9888,0.9189,0.9028,325.5,289.0,177.75,286.0,215.75,381.0,310.5,382.0,147.7805,94.7553,0.6412,1,0,0,0
587,3,0,0,1,1,1,0.9883,0.981,0.895,0.8296,1211.0,343.5,997.5,341.5,1021.0,493.0,1176.0,480.0,213.5094,155.5442,0.7285,1,0,0,0
587,3,0,2,1,1,1,0.9868,0.9888,0.8335,0.8442,797.5,352.5,571.0,350.5,618.5,545.5,757.0,519.0,226.5088,141.0124,0.6225,1,0,0,0
587,3,0,1,1,1,1,0.9897,0.9888,0.9194,0.9028,325.5,289.0,177.75,286.0,215.875,381.0,310.5,381.5,147.7805,94.6263,0.6403,1,0,0,0
588,3,0,0,1,1,1,0.9883,0.981,0.8965,0.8296,1211.0,344.0,997.5,342.0,1021.0,493.0,1175.0,480.0,213.5094,154.5477,0.7238,1,0,0,0
588,3,0,2,1,1,1,0.9863,0.9878,0.8452,0.8394,808.5,355.0,589.0,348.0,617.0,540.0,758.0,520.5,219.6116,142.342,0.6482,1,0,0,0
588,3,0,1,1,1,1,0.9897,0.9893,0.918,0.9053,324.75,288.5,177.625,284.5,217.5,380.5,308.5,382.0,147.1794,91.0124,0.6184,1,0,0,0
589,3,0,0,1,1,1,0.9888,0.9805,0.8965,0.8291,1211.0,344.0,997.5,342.0,1021.0,493.0,1175.0,480.0,213.5094,154.5477,0.7238,1,0,0,0
589,3,0,2,1,1,1,0.9863,0.9878,0.8457,0.8398,808.5,355.0,589.5,348.0,616.5,540.0,757.5,520.5,219.1118,142.342,0.6496,1,0,0,0
589,3,0,1,1,1,1,0.9897,0.9888,0.918,0.9058,324.75,288.5,177.625,284.5,217.25,380.5,308.75,382.5,147.1794,91.5219,0.6218,1,0,0,0
590,3,0,0,1,1,1,0.9888,0.981,0.8945,0.8242,1211.0,343.5,996.5,341.5,1020.0,493.0,1174.0,480.0,214.5093,154.5477,0.7205,1,0,0,0
590,3,0,2,1,1,1,0.9873,0.9849,0.8887,0.8398,823.0,352.5,598.0,344.0,612.0,540.5,769.0,523.5,225.1605,157.9177,0.7014,1,0,0,0
590,3,0,1,1,1,1,0.9893,0.9893,0.915,0.9077,324.0,288.0,177.25,284.0,217.625,380.5,309.0,382.5,146.8045,91.3969,0.6226,1,0,0,0
591,3,0,0,1,1,1,0.9888,0.981,0.8955,0.8281,1210.0,343.5,997.0,341.5,1021.0,493.5,1175.0,481.0,213.0094,154.5065,0.7254,1,0,0,0
591,3,0,2,1,1,1,0.9858,0.9868,0.8755,0.855,831.5,352.0,604.5,344.0,620.5,540.5,777.5,522.0,227.1409,158.0862,0.696,1,0,0,0
591,3,0,1,1,1,1,0.9893,0.9897,0.9141,0.9102,323.5,287.0,176.5,283.5,217.25,379.5,309.75,383.0,147.0417,92.5662,0.6295,1,0,0,0
592,3,0,0,1,1,1,0.9888,0.981,0.8955,0.8281,1210.0,343.5,997.0,341.5,1021.0,493.5,1175.0,481.0,213.0094,154.5065,0.7254,1,0,0,0
592,3,0,2,1,1,1,0.9858,0.9868,0.8755,0.8545,831.5,352.0,604.5,344.0,620.5,540.5,778.0,521.5,227.1409,158.6419,0.6984,1,0,0,0
592,3,0,1,1,1,1,0.9893,0.9897,0.9136,0.9097,323.75,287.0,176.625,283.5,217.375,379.5,310.0,383.0,147.1666,92.6911,0.6298,1,0,0,0
593,3,0,0,1,1,1,0.9888,0.9814,0.8931,0.8271,1211.0,343.5,997.0,341.5,1020.5,494.0,1176.0,481.0,214.0093,156.0425,0.7291,1,0,0,0
593,3,0,2,1,1,1,0.9863,0.9883,0.8525,0.8447,832.0,351.5,609.5,344.0,624.0,528.5,771.0,514.5,222.6264,147.6652,0.6633,1,0,0,0
593,3,0,1,1,1,1,0.9888,0.9897,0.9092,0.9121,322.0,287.0,176.0,283.0,217.0,380.0,312.5,382.5,146.0548,95.5327,0.6541,1,0,0,0
594,3,0,0,1,1,1,0.9888,0.9814,0.8931,0.8276,1210.0,343.5,997.0,341.5,1020.5,494.0,1176.0,481.0,213.0094,156.0425,0.7326,1,0,0,0
594,3,0,2,1,1,1,0.9863,0.9883,0.8525,0.8442,831.5,351.5,609.5,344.0,624.0,528.5,771.0,514.5,222.1267,147.6652,0.6648,1,0,0,0
594,3,0,1,1,1,1,0.9888,0.9897,0.9092,0.9116,322.0,287.0,176.0,283.0,217.0,380.0,312.5,382.5,146.0548,95.5327,0.6541,1,0,0,0
595,3,0,0,1,1,1,0.9883,0.9814,0.8901,0.8311,1210.0,344.0,996.5,341.5,1022.0,493.0,1176.0,480.0,213.5146,154.5477,0.7238,1,0,0,0
595,3,0,2,1,1,1,0.9873,0.9878,0.8623,0.8345,833.0,350.0,610.5,343.0,625.5,525.0,767.0,511.0,222.6101,142.1909,0.6387,1,0,0,0
595,3,0,1,1,1,1,0.9878,0.9907,0.9004,0.918,322.25,286.5,175.75,283.0,219.5,379.5,311.0,382.0,146.5418,91.5341,0.6246,1,0,0,0
596,3,0,0,1,1,1,0.9883,0.9814,0.8901,0.8315,1210.0,344.0,996.5,341.5,1022.0,493.0,1176.0,480.0,213.5146,154.5477,0.7238,1,0,0,0
596,3,0,2,1,1,1,0.9873,0.9878,0.8623,0.8345,833.0,350.0,610.5,343.0,625.0,525.0,767.5,511.0,222.6101,143.1861,0.6432,1,0,0,0
596,3,0,1,1,1,1,0.9878,0.9907,0.9004,0.9175,322.25,286.5,175.75,283.0,219.5,379.5,311.25,382.0,146.5418,91.7841,0.6263,1,0,0,0
597,3,0,0,1,1,1,0.9883,0.9814,0.8906,0.8345,1210.0,343.5,997.0,341.0,1022.5,494.0,1176.0,480.5,213.0147,154.0925,0.7234,1,0,0,0
597,3,0,2,1,1,1,0.9873,0.9878,0.8633,0.835,832.5,350.5,611.5,342.5,626.5,524.0,770.0,512.0,221.1447,144.0009,0.6512,1,0,0,0
597,3,0,1,1,1,1,0.9873,0.9922,0.894,0.9268,322.0,286.0,174.75,283.5,221.5,379.0,309.5,382.5,147.2712,88.0696,0.598,1,0,0,0
598,3,0,0,1,1,1,0.9883,0.9814,0.8906,0.834,1210.0,344.0,996.5,341.5,1022.5,494.5,1176.0,480.5,213.5146,154.1371,0.7219,1,0,0,0
598,3,0,2,1,1,1,0.9873,0.9878,0.8638,0.8359,832.5,350.5,611.5,343.0,626.5,524.0,769.5,511.5,221.1272,143.5453,0.6492,1,0,0,0
598,3,0,1,1,1,1,0.9873,0.9922,0.894,0.9268,322.0,286.0,174.75,283.5,222.0,379.5,309.0,382.5,147.2712,87.0517,0.5911,1,0,0,0
599,3,0,0,1,1,1,0.9883,0.9814,0.8901,0.833,1209.0,344.0,996.0,341.5,1022.0,494.5,1175.0,481.0,213.0147,153.5944,0.7211,1,0,0,0
599,3,0,2,1,1,1,0.9878,0.9878,0.8657,0.8276,830.5,351.0,610.5,342.5,621.0,520.5,765.0,506.0,220.1641,144.7282,0.6574,1,0,0,0
599,3,0,1,1,1,1,0.9863,0.9922,0.8906,0.9282,321.5,286.5,174.125,283.5,220.375,379.5,310.5,383.0,147.4055,90.1929,0.6119,1,0,0,0
600,3,0,0,1,1,1,0.9878,0.9814,0.8901,0.8354,1209.0,344.5,996.5,342.0,1023.5,495.0,1174.0,481.0,212.5147,151.1498,0.7112,1,0,0,0
600,3,0,2,1,1,1,0.9873,0.9883,0.8555,0.8394,824.0,352.0,614.5,344.0,623.5,518.5,762.5,504.0,209.6527,139.7542,0.6666,1,0,0,0
600,3,0,1,1,1,1,0.9868,0.9917,0.894,0.9248,321.5,286.5,173.75,284.0,216.0,380.5,310.75,384.0,147.7711,94.8146,0.6416,1,0,0,0
601,3,0,0,1,1,1,0.9878,0.9814,0.8901,0.8354,1209.0,344.0,996.5,342.0,1024.0,495.0,1174.0,481.0,212.5094,150.6519,0.7089,1,0,0,0
601,3,0,2,1,1,1,0.9873,0.9883,0.855,0.8394,824.0,352.0,614.5,344.0,624.0,518.0,762.5,504.0,209.6527,139.2058,0.664,1,0,0,0
601,3,0,1,1,1,1,0.9868,0.9917,0.8945,0.9248,321.5,286.5,173.875,284.0,215.75,380.5,310.5,384.0,147.6462,94.8146,0.6422,1,0,0,0
602,3,0,0,1,1,1,0.9883,0.981,0.8945,0.8301,1209.0,344.5,996.5,342.5,1021.5,496.0,1174.0,481.5,212.5094,153.1878,0.7209,1,0,0,0
602,3,0,2,1,1,1,0.9878,0.9878,0.8574,0.8374,817.5,352.0,610.5,342.0,615.5,515.0,758.0,497.5,207.2414,143.5705,0.6928,1,0,0,0
602,3,0,1,1,1,1,0.9854,0.9917,0.8838,0.9268,321.5,287.5,175.0,284.5,218.875,382.5,312.5,385.5,146.5307,93.6731,0.6393,1,0,0,0
603,3,0,0,1,1,1,0.9883,0.981,0.895,0.8301,1209.0,344.5,996.5,342.5,1021.5,496.0,1174.0,482.0,212.5094,153.1413,0.7206,1,0,0,0
603,3,0,2,1,1,1,0.9878,0.9878,0.8574,0.8379,817.5,352.0,610.5,342.0,615.5,515.0,758.0,498.0,207.2414,143.5105,0.6925,1,0,0,0
603,3,0,1,1,1,1,0.9858,0.9917,0.8838,0.9268,321.5,287.5,174.875,285.0,218.875,383.0,312.5,385.5,146.6463,93.6584,0.6387,1,0,0,0
604,3,0,0,1,1,1,0.9888,0.9805,0.8955,0.8267,1209.0,345.0,996.5,343.0,1020.5,496.0,1173.0,482.0,212.5094,153.1413,0.7206,1,0,0,0
604,3,0,2,1,1,1,0.9878,0.9868,0.8643,0.835,807.0,350.0,605.5,341.5,606.5,509.5,751.0,492.0,201.6792,145.5558,0.7217,1,0,0,0
604,3,0,1,1,1,1,0.9858,0.9912,0.8706,0.9253,322.0,289.0,173.5,285.5,228.5,387.5,313.25,387.5,148.5412,84.75,0.5705,1,0,0,0
605,3,0,0,1,1,1,0.9888,0.9805,0.8955,0.8267,1209.0,345.0,996.0,343.5,1020.5,496.0,1173.0,482.0,213.0053,153.1413,0.719,1,0,0,0
605,3,0,2,1,1,1,0.9873,0.9868,0.8643,0.8354,807.0,350.0,605.5,341.5,607.0,509.5,751.0,492.0,201.6792,145.0595,0.7193,1,0,0,0
605,3,0,1,1,1,1,0.9858,0.9912,0.8701,0.9253,322.0,289.0,173.5,285.5,228.75,387.5,313.25,387.5,148.5412,84.5,0.5689,1,0,0,0
606,3,0,0,1,1,1,0.9888,0.9805,0.896,0.8271,1208.0,344.5,996.5,343.0,1021.0,495.0,1174.0,482.5,211.5053,153.5098,0.7258,1,0,0,0
606,3,0,2,1,1,1,0.9902,0.9834,0.8726,0.8086,794.0,350.5,594.5,340.5,609.5,511.0,742.0,488.5,199.7505,134.3968,0.6728,1,0,0,0
606,3,0,1,1,1,1,0.9849,0.9907,0.8696,0.9258,324.0,290.0,175.25,285.5,229.875,388.0,315.0,388.5,148.8181,85.1265,0.572,1,0,0,0
607,3,0,0,1,1,1,0.9888,0.9839,0.8999,0.832,1214.0,347.0,993.5,347.0,1018.5,491.0,1173.0,481.5,220.5,154.7918,0.702,1,0,0,0
607,3,0,2,1,1,1,0.9902,0.9834,0.8721,0.8086,794.0,350.5,594.0,340.5,609.5,511.0,741.5,488.5,200.2498,133.9039,0.6687,1,0,0,0
607,3,0,1,1,1,1,0.9839,0.9902,0.8662,0.9253,325.0,288.0,174.375,284.0,231.25,388.5,315.5,390.5,150.6781,84.2737,0.5593,1,0,0,0
608,3,0,0,1,1,1,0.9883,0.981,0.895,0.8306,1209.0,345.0,996.5,343.0,1021.5,494.5,1175.0,482.0,212.5094,154.0081,0.7247,1,0,0,0
608,3,0,2,1,1,1,0.9912,0.981,0.8848,0.7856,783.5,348.5,583.0,342.5,593.5,523.0,743.5,495.5,200.5898,152.5,0.7603,1,0,0,0
608,3,0,1,1,1,1,0.9839,0.9907,0.8643,0.9253,329.0,289.5,176.75,286.0,232.0,390.0,316.75,391.5,152.2902,84.7633,0.5566,1,0,0,0
609,3,0,0,1,1,1,0.9883,0.981,0.8945,0.8311,1209.0,344.5,996.5,343.0,1021.5,494.5,1175.0,482.0,212.5053,154.0081,0.7247,1,0,0,0
609,3,0,2,1,1,1,0.9912,0.981,0.8853,0.7852,783.5,348.5,583.0,342.5,593.5,523.0,743.5,495.5,200.5898,152.5,0.7603,1,0,0,0
609,3,0,1,1,1,1,0.9839,0.9907,0.8643,0.9253,329.0,289.5,176.75,286.0,231.75,390.0,316.75,392.0,152.2902,85.0235,0.5583,1,0,0,0
610,3,0,0,1,1,1,0.9888,0.9834,0.9014,0.832,1214.0,347.5,993.0,347.5,1018.5,492.0,1172.0,483.0,221.0,153.7636,0.6958,1,0,0,0
610,3,0,2,1,1,1,0.9863,0.9858,0.8774,0.8403,770.0,355.5,570.5,352.0,578.0,514.5,724.0,494.0,199.5307,147.4322,0.7389,1,0,0,0
610,3,0,1,1,1,1,0.9844,0.9902,0.8706,0.9189,333.0,290.0,181.25,286.0,232.125,394.0,318.25,393.5,151.8027,86.1265,0.5674,1,0,0,0
611,3,0,0,1,1,1,0.9888,0.9805,0.8984,0.8276,1208.0,345.5,995.5,343.5,1022.0,495.0,1174.0,483.5,212.5094,152.4344,0.7173,1,0,0,0
611,3,0,2,1,1,1,0.9883,0.9814,0.8857,0.8203,753.5,356.0,561.0,350.5,573.5,523.0,704.0,491.5,192.5786,134.2479,0.6971,1,0,0,0
611,3,0,1,1,1,1,0.9868,0.9907,0.8926,0.9146,337.5,289.0,186.875,283.5,225.5,394.0,323.75,389.5,150.7254,98.353,0.6525,1,0,0,0
612,3,0,0,1,1,1,0.9888,0.9805,0.8989,0.8276,1208.0,345.5,995.5,344.0,1021.5,495.0,1174.0,483.0,212.5053,152.9714,0.7198,1,0,0,0
612,3,0,2,1,1,1,0.9883,0.9814,0.8857,0.8208,753.5,356.5,561.0,350.5,573.0,523.0,704.0,491.5,192.5935,134.734,0.6996,1,0,0,0
612,3,0,1,1,1,1,0.9868,0.9907,0.8931,0.9141,337.5,288.5,186.875,283.5,225.25,394.0,323.75,389.5,150.708,98.6027,0.6543,1,0,0,0
613,3,0,2,1,1,1,0.9868,0.9863,0.8677,0.8394,741.0,360.0,549.5,354.5,561.5,514.0,689.0,501.0,191.579,128.161,0.669,1,0,0,0
613,3,0,0,1,1,1,0.9888,0.9834,0.9028,0.8325,1213.0,347.0,993.0,348.0,1018.0,491.5,1172.0,482.5,220.0023,154.2628,0.7012,1,0,0,0
613,3,0,1,1,1,1,0.9863,0.9917,0.8887,0.9214,343.25,286.0,189.0,280.5,223.75,392.5,329.5,388.0,154.348,105.8457,0.6858,1,0,0,0
614,3,0,2,1,1,1,0.9873,0.9863,0.8677,0.8389,741.0,360.0,549.0,354.5,561.5,514.0,689.0,501.0,192.0788,128.161,0.6672,1,0,0,0
614,3,0,0,1,1,1,0.9888,0.98,0.8989,0.8267,1208.0,345.5,995.5,344.0,1021.0,495.5,1173.0,483.0,212.5053,152.5131,0.7177,1,0,0,0
614,3,0,1,1,1,1,0.9863,0.9917,0.8892,0.9219,343.25,286.0,188.875,280.5,223.5,392.5,329.5,387.5,154.4729,106.1179,0.687,1,0,0,0
615,3,0,2,1,1,1,0.9893,0.9834,0.8721,0.8198,726.5,358.5,537.5,353.0,550.0,516.0,678.5,495.0,189.08,130.2046,0.6886,1,0,0,0
615,3,0,0,1,1,1,0.9888,0.9805,0.897,0.8242,1208.0,345.0,995.0,344.0,1021.5,496.5,1174.0,483.0,213.0023,153.0964,0.7188,1,0,0,0
615,3,0,1,1,1,1,0.9888,0.9893,0.8838,0.9058,345.5,286.0,192.625,279.5,224.75,389.0,330.25,386.5,153.0131,105.5296,0.6897,1,0,0,0
616,3,0,2,1,1,1,0.9893,0.9834,0.8726,0.8203,726.5,358.5,537.5,353.0,550.0,516.0,678.5,495.0,189.08,130.2046,0.6886,1,0,0,0
616,3,0,0,1,1,1,0.9888,0.9805,0.8965,0.8252,1208.0,345.0,995.0,344.0,1021.5,496.5,1173.0,483.0,213.0023,152.1003,0.7141,1,0,0,0
616,3,0,1,1,1,1,0.9888,0.9893,0.8833,0.9058,345.5,286.0,192.75,279.5,224.875,389.0,330.25,386.5,152.8882,105.4047,0.6894,1,0,0,0
617,3,0,2,1,1,1,0.9907,0.9819,0.8789,0.7935,713.5,358.5,526.0,353.0,541.5,517.0,671.0,497.0,187.5806,131.0353,0.6986,1,0,0,0
617,3,0,0,1,1,1,0.9888,0.9805,0.8965,0.8257,1208.0,345.5,995.5,344.0,1020.0,497.5,1174.0,484.5,212.5053,154.5477,0.7273,1,0,0,0
617,3,0,1,1,1,1,0.9893,0.9888,0.8901,0.9004,351.25,285.0,198.5,278.0,227.5,389.0,334.0,387.5,152.9103,106.5106,0.6966,1,0,0,0
618,3,0,2,1,1,1,0.9907,0.9819,0.8784,0.7949,713.5,358.5,526.0,353.0,541.5,517.0,671.0,497.0,187.5806,131.0353,0.6986,1,0,0,0
618,3,0,0,1,1,1,0.9888,0.9805,0.8965,0.8257,1208.0,345.5,995.5,344.0,1020.0,497.5,1174.0,484.5,212.5053,154.5477,0.7273,1,0,0,0
618,3,0,1,1,1,1,0.9893,0.9888,0.8896,0.9004,351.0,285.0,198.5,278.0,227.375,389.0,334.0,387.5,152.6606,106.6356,0.6985,1,0,0,0
619,3,0,0,1,1,1,0.9883,0.9844,0.8975,0.8325,1213.0,347.0,993.0,348.0,1017.5,493.5,1174.0,484.0,220.0023,156.7881,0.7127,1,0,0,0
619,3,0,2,1,1,1,0.9912,0.979,0.8896,0.7837,708.5,353.0,517.5,350.5,529.0,517.0,664.0,491.0,191.0164,137.4809,0.7197,1,0,0,0
619,3,0,1,1,1,1,0.9888,0.9883,0.8892,0.9004,357.5,286.0,203.375,276.0,232.125,388.5,340.5,389.5,154.4491,108.3796,0.7017,1,0,0,0
620,3,0,0,1,1,1,0.9888,0.9844,0.8994,0.8311,1213.0,347.0,993.5,348.5,1017.5,493.0,1172.0,484.0,219.5051,154.7619,0.705,1,0,0,0
620,3,0,2,1,1,1,0.9922,0.9756,0.9062,0.7778,702.0,349.0,512.5,348.0,529.0,511.0,649.0,489.0,189.5026,122.0,0.6438,1,0,0,0
620,3,0,1,1,1,1,0.9883,0.9878,0.8916,0.9048,364.0,284.5,208.75,275.0,240.875,387.5,346.5,389.0,155.5404,105.6357,0.6792,1,0,0,0
621,3,0,0,1,1,1,0.9888,0.9844,0.8994,0.8311,1213.0,347.0,993.5,348.5,1017.5,493.0,1172.0,484.0,219.5051,154.7619,0.705,1,0,0,0
621,3,0,2,1,1,1,0.9922,0.9756,0.9062,0.7778,702.0,349.0,512.5,348.0,529.0,511.0,649.0,489.0,189.5026,122.0,0.6438,1,0,0,0
621,3,0,1,1,1,1,0.9883,0.9878,0.8916,0.9048,364.25,284.5,208.75,275.0,241.0,387.5,346.5,389.0,155.7899,105.5107,0.6773,1,0,0,0
622,3,0,0,1,1,1,0.9888,0.9805,0.8965,0.8276,1208.0,345.5,995.5,344.0,1020.5,496.0,1173.0,484.0,212.5053,152.9714,0.7198,1,0,0,0
622,3,0,1,1,1,1,0.9849,0.9907,0.895,0.9185,373.25,281.0,214.75,273.0,245.25,388.5,355.0,390.5,158.7018,109.7682,0.6917,1,0,0,0
622,3,0,2,1,1,1,0.9902,0.9785,0.9028,0.8008,696.5,346.5,503.75,345.5,527.0,509.0,648.0,487.5,192.7526,122.8953,0.6376,1,0,0,0
623,3,0,0,1,1,1,0.9888,0.9805,0.8965,0.8276,1208.0,345.5,995.5,344.0,1020.0,496.0,1173.0,483.5,212.5053,153.5098,0.7224,1,0,0,0
623,3,0,1,1,1,1,0.9849,0.9907,0.8955,0.9185,373.25,281.0,214.75,273.0,245.375,388.5,354.5,390.5,158.7018,109.1433,0.6877,1,0,0,0
623,3,0,2,1,1,1,0.9902,0.9785,0.9033,0.8003,696.5,346.5,504.0,345.5,527.0,509.0,648.0,487.5,192.5026,122.8953,0.6384,1,0,0,0
624,3,0,0,1,1,1,0.9888,0.9839,0.8994,0.8315,1212.0,346.5,992.5,348.0,1016.5,492.0,1172.0,484.0,219.5051,155.7057,0.7093,1,0,0,0
624,3,0,2,1,1,1,0.9888,0.9805,0.895,0.8203,694.5,345.5,502.5,344.0,527.5,504.5,649.5,487.0,192.0059,123.2487,0.6419,1,0,0,0
624,3,0,1,1,1,1,0.9844,0.9902,0.8975,0.9185,379.75,282.5,221.0,272.5,248.0,389.5,359.0,391.5,159.0646,111.018,0.6979,1,0,0,0
625,3,0,0,1,1,1,0.9888,0.9805,0.8975,0.8232,1208.0,345.0,995.0,344.0,1018.0,496.0,1173.0,484.0,213.0023,155.4638,0.7299,1,0,0,0
625,3,0,2,1,1,1,0.9888,0.9805,0.895,0.8198,694.5,345.5,502.25,344.0,527.5,504.0,649.5,487.0,192.2559,123.1787,0.6407,1,0,0,0
625,3,0,1,1,1,1,0.9844,0.9902,0.897,0.9189,380.0,282.5,220.875,273.0,247.75,389.5,359.25,391.0,159.4083,111.5101,0.6995,1,0,0,0
626,3,0,0,1,1,1,0.9888,0.981,0.8955,0.8257,1208.0,345.0,995.5,345.0,1019.5,496.0,1174.0,483.5,212.5,155.0048,0.7294,1,0,0,0
626,3,0,2,1,1,1,0.9888,0.98,0.8975,0.8276,693.0,345.0,500.75,343.0,527.0,504.0,651.0,486.0,192.2604,125.2996,0.6517,1,0,0,0
626,3,0,1,1,1,1,0.9858,0.9873,0.9097,0.9087,377.75,282.5,224.0,270.5,250.875,388.0,361.0,393.5,154.2176,110.2623,0.715,1,0,0,0
627,3,0,0,1,1,1,0.9888,0.9839,0.8999,0.8306,1212.0,346.5,993.0,348.5,1016.0,492.5,1172.0,483.5,219.0091,156.2594,0.7135,1,0,0,0
627,3,0,2,1,1,1,0.9893,0.9785,0.9028,0.8169,691.0,344.0,499.5,344.5,525.5,505.0,649.0,484.0,191.5007,125.2727,0.6542,1,0,0,0
627,3,0,1,1,1,1,0.9878,0.9868,0.9214,0.9058,382.5,281.0,227.125,270.0,251.25,385.5,365.0,392.5,155.7639,113.9652,0.7317,1,0,0,0
628,3,0,0,1,1,1,0.9888,0.9839,0.8999,0.8301,1212.0,347.0,993.0,348.5,1016.0,492.5,1173.0,483.5,219.0051,157.2578,0.7181,1,0,0,0
628,3,0,2,1,1,1,0.9893,0.9785,0.9028,0.8169,691.5,344.0,499.25,344.5,525.5,505.0,649.5,484.0,192.2507,125.7657,0.6542,1,0,0,0
628,3,0,1,1,1,1,0.9878,0.9868,0.9214,0.9058,382.5,281.0,227.25,270.0,251.25,385.5,365.0,392.5,155.6392,113.9652,0.7322,1,0,0,0
629,3,0,0,1,1,1,0.9888,0.9805,0.897,0.8247,1208.0,345.0,995.5,344.0,1020.0,497.0,1174.0,483.5,212.5024,154.5906,0.7275,1,0,0,0
629,3,0,2,1,1,1,0.9922,0.9727,0.9209,0.79,692.5,342.0,507.5,344.0,531.0,498.0,638.5,478.5,185.0108,109.2543,0.5905,1,0,0,0
629,3,0,1,1,1,1,0.9878,0.9858,0.9229,0.9033,386.25,281.0,228.875,269.0,253.5,383.5,367.5,393.5,157.8318,114.4378,0.7251,1,0,0,0
630,3,0,0,1,1,1,0.9888,0.9805,0.897,0.8247,1208.0,345.0,995.5,344.0,1020.0,497.0,1174.0,483.5,212.5024,154.5906,0.7275,1,0,0,0
630,3,0,2,1,1,1,0.9922,0.9731,0.9204,0.791,692.5,342.5,507.5,344.0,531.0,498.0,638.5,478.5,185.0061,109.2543,0.5905,1,0,0,0
630,3,0,1,1,1,1,0.9878,0.9858,0.9233,0.9028,386.25,281.0,229.0,269.0,253.5,383.5,367.0,393.5,157.7072,113.9397,0.7225,1,0,0,0
631,3,0,0,1,1,1,0.9888,0.9805,0.8975,0.8237,1207.0,345.0,996.0,344.5,1020.0,497.0,1174.0,484.5,211.0006,154.5065,0.7323,1,0,0,0
631,3,0,2,1,1,1,0.9922,0.9741,0.916,0.7876,695.0,342.5,510.5,344.5,536.0,498.5,642.5,478.0,184.5108,108.4551,0.5878,1,0,0,0
631,3,0,1,1,1,1,0.9897,0.9819,0.9272,0.8813,394.25,282.5,232.0,270.0,254.25,386.0,367.5,389.0,162.7308,113.2897,0.6962,1,0,0,0
632,3,0,0,1,1,1,0.9888,0.9805,0.8975,0.8247,1207.0,345.0,996.0,344.0,1020.0,497.0,1174.0,484.0,211.0024,154.5477,0.7324,1,0,0,0
632,3,0,2,1,1,1,0.9922,0.9741,0.916,0.7876,695.0,342.5,510.5,344.5,536.0,498.5,642.5,478.0,184.5108,108.4551,0.5878,1,0,0,0
632,3,0,1,1,1,1,0.9878,0.9858,0.9219,0.8989,389.25,282.0,230.0,268.5,258.0,382.5,371.5,393.0,159.8212,113.9846,0.7132,1,0,0,0
633,3,0,0,1,1,1,0.9888,0.98,0.8989,0.8267,1207.0,345.5,996.0,344.5,1020.5,496.0,1174.0,483.5,211.0024,154.0081,0.7299,1,0,0,0
633,3,0,2,1,1,1,0.9912,0.9756,0.9097,0.8042,697.5,342.0,517.5,343.0,542.5,497.0,647.5,480.0,180.0028,106.3673,0.5909,1,0,0,0
633,3,0,1,1,1,1,0.9897,0.9819,0.9248,0.876,396.75,283.0,232.875,269.5,255.375,387.0,370.75,389.0,164.4301,115.3923,0.7018,1,0,0,0
634,3,0,0,1,1,1,0.9888,0.98,0.8999,0.8262,1207.0,345.5,995.5,344.5,1020.5,496.0,1174.0,483.0,211.5024,154.0495,0.7284,1,0,0,0
634,3,0,2,1,1,1,0.9912,0.9751,0.9106,0.8037,697.5,342.0,517.0,343.0,542.0,497.0,647.5,480.0,180.5028,106.8609,0.592,1,0,0,0
634,3,0,1,1,1,1,0.9893,0.9829,0.9185,0.8789,394.5,283.0,233.0,268.0,255.875,384.0,373.5,388.0,162.1951,117.693,0.7256,1,0,0,0
635,3,0,0,1,1,1,0.9888,0.9839,0.8999,0.833,1212.0,347.0,993.0,348.0,1018.0,493.0,1171.0,483.0,219.0023,153.3264,0.7001,1,0,0,0
635,3,0,2,1,1,1,0.9907,0.9766,0.9048,0.8013,703.0,343.0,522.0,344.0,547.5,497.0,659.5,480.5,181.0028,113.2089,0.6255,1,0,0,0
635,3,0,1,1,1,1,0.9868,0.9868,0.9106,0.8955,396.0,282.0,229.625,270.0,260.75,386.5,375.5,394.5,166.8072,115.0285,0.6896,1,0,0,0
636,3,0,0,1,1,1,0.9883,0.9839,0.8994,0.8335,1211.0,346.5,993.0,348.5,1018.5,494.0,1172.0,484.0,218.0092,153.8254,0.7056,1,0,0,0
636,3,0,1,1,1,1,0.9863,0.9873,0.9033,0.896,396.25,283.0,230.625,270.0,264.25,387.0,377.0,396.5,166.1344,113.1495,0.6811,1,0,0,0
636,3,0,2,1,1,1,0.9888,0.9756,0.9072,0.8325,709.5,346.5,528.5,347.0,561.0,499.0,670.5,478.5,181.0007,111.4024,0.6155,1,0,0,0
637,3,0,0,1,1,1,0.9888,0.9805,0.8989,0.8252,1207.0,345.0,995.0,344.5,1021.5,497.0,1173.0,484.0,212.0006,152.0567,0.7172,1,0,0,0
637,3,0,1,1,1,1,0.9863,0.9873,0.9033,0.896,396.25,283.0,230.5,270.0,264.5,387.0,377.0,396.0,166.259,112.8594,0.6788,1,0,0,0
637,3,0,2,1,1,1,0.9888,0.9756,0.9072,0.8325,709.5,346.5,528.5,347.0,561.0,499.0,670.5,478.5,181.0007,111.4024,0.6155,1,0,0,0
638,3,0,0,1,1,1,0.9893,0.98,0.8994,0.8208,1207.0,345.5,995.0,344.0,1021.5,496.5,1172.0,484.5,212.0053,150.9776,0.7121,1,0,0,0
638,3,0,2,1,1,1,0.9893,0.9766,0.9053,0.8242,720.0,346.0,541.5,345.0,577.0,497.0,686.0,474.5,178.5028,111.298,0.6235,1,0,0,0
638,3,0,1,1,1,1,0.9858,0.9878,0.9014,0.8975,396.5,282.5,230.5,270.0,270.75,388.5,376.5,396.0,166.47,106.0156,0.6368,1,0,0,0
639,3,0,0,1,1,1,0.9888,0.9839,0.9004,0.8291,1212.0,347.0,992.5,347.5,1019.0,493.0,1170.0,485.0,219.5006,151.2118,0.6889,1,0,0,0
639,3,0,2,1,1,1,0.9893,0.9766,0.9053,0.8242,720.0,346.0,541.5,345.0,577.5,497.0,685.5,474.5,178.5028,110.3189,0.618,1,0,0,0
639,3,0,1,1,1,1,0.9858,0.9878,0.9014,0.8975,396.5,282.5,230.625,270.0,270.5,388.0,376.5,396.0,166.3453,106.3015,0.639,1,0,0,0
640,3,0,0,1,1,1,0.9888,0.9839,0.8999,0.832,1212.0,346.5,992.0,347.5,1020.0,493.5,1170.0,484.0,220.0023,150.3005,0.6832,1,0,0,0
640,3,0,2,1,1,1,0.9878,0.9795,0.894,0.8384,731.0,348.0,554.0,345.5,589.5,499.0,694.0,472.0,177.0177,107.9317,0.6097,1,0,0,0
640,3,0,1,1,1,1,0.9868,0.9878,0.9014,0.8931,396.5,280.0,229.25,269.0,269.0,390.0,378.25,395.5,167.6113,109.3884,0.6526,1,0,0,0
641,3,0,0,1,1,1,0.9888,0.9839,0.8994,0.832,1212.0,346.5,992.0,347.5,1020.0,493.5,1170.0,484.0,220.0023,150.3005,0.6832,1,0,0,0
641,3,0,2,1,1,1,0.9878,0.979,0.894,0.8384,731.0,348.5,554.0,345.5,589.5,499.0,694.0,472.0,177.0254,107.9317,0.6097,1,0,0,0
641,3,0,1,1,1,1,0.9863,0.9878,0.9014,0.8936,396.5,280.0,229.25,269.0,269.0,390.0,378.25,395.5,167.6113,109.3884,0.6526,1,0,0,0
642,3,0,0,1,1,1,0.9888,0.98,0.8989,0.8228,1207.0,345.0,995.0,344.0,1022.5,497.5,1171.0,484.0,212.0024,149.1124,0.7034,1,0,0,0
642,3,0,1,1,1,1,0.9858,0.9878,0.8994,0.8965,393.75,278.0,226.75,268.5,267.75,386.0,378.0,394.0,167.27,110.5399,0.6608,1,0,0,0
642,3,0,2,1,1,1,0.9873,0.9839,0.8716,0.8447,744.0,352.5,568.0,347.5,604.5,496.5,711.0,474.0,176.071,108.8508,0.6182,1,0,0,0
643,3,0,0,1,1,1,0.9888,0.9839,0.9014,0.8311,1212.0,346.5,992.5,347.5,1020.0,493.0,1170.0,484.0,219.5023,150.2698,0.6846,1,0,0,0
643,3,0,1,1,1,1,0.9858,0.9878,0.8999,0.8965,393.75,278.0,226.75,268.5,267.75,386.0,378.0,394.0,167.27,110.5399,0.6608,1,0,0,0
643,3,0,2,1,1,1,0.9878,0.9839,0.8716,0.8452,744.0,352.5,568.0,347.5,604.5,496.5,711.0,473.5,176.071,108.9553,0.6188,1,0,0,0
644,3,0,0,1,1,1,0.9888,0.98,0.8989,0.8228,1208.0,345.0,995.0,344.5,1022.5,497.0,1173.0,484.0,213.0006,151.0604,0.7092,1,0,0,0
644,3,0,1,1,1,1,0.9849,0.9873,0.8994,0.9028,392.5,277.0,224.375,268.0,270.5,384.5,377.75,392.5,168.3657,107.548,0.6388,1,0,0,0
644,3,0,2,1,1,1,0.9888,0.979,0.894,0.8379,757.0,352.0,587.5,347.0,620.0,500.0,719.0,481.5,169.5737,100.7137,0.5939,1,0,0,0
645,3,0,0,1,1,1,0.9888,0.98,0.8989,0.8223,1208.0,345.0,995.5,344.5,1022.5,497.0,1173.0,484.5,212.5006,151.0182,0.7107,1,0,0,0
645,3,0,1,1,1,1,0.9849,0.9878,0.8994,0.9033,392.5,277.0,224.5,268.0,270.75,384.5,377.5,392.5,168.2409,107.0493,0.6363,1,0,0,0
645,3,0,2,1,1,1,0.9888,0.979,0.8945,0.8374,757.0,352.0,587.5,347.0,620.0,500.0,719.0,481.5,169.5737,100.7137,0.5939,1,0,0,0
646,3,0,0,1,1,1,0.9883,0.9834,0.9009,0.8311,1214.0,347.0,993.0,348.0,1020.0,493.0,1171.0,484.0,221.0023,151.268,0.6845,1,0,0,0
646,3,0,1,1,1,1,0.9844,0.9878,0.895,0.9077,388.5,276.0,219.0,268.0,265.0,385.0,378.5,392.5,169.6887,113.7475,0.6703,1,0,0,0
646,3,0,2,1,1,1,0.9888,0.9775,0.8994,0.8325,769.0,356.0,598.5,348.0,632.0,498.0,734.5,480.5,170.6876,103.9832,0.6092,1,0,0,0
647,3,0,0,1,1,1,0.9888,0.98,0.8999,0.8257,1209.0,345.0,996.0,344.0,1022.5,497.5,1173.0,484.0,213.0023,151.1043,0.7094,1,0,0,0
647,3,0,1,1,1,1,0.9844,0.9878,0.8955,0.9072,388.25,276.0,219.0,268.0,265.25,385.0,378.5,392.5,169.439,113.4981,0.6698,1,0,0,0
647,3,0,2,1,1,1,0.9888,0.9775,0.8989,0.8325,769.0,356.0,599.0,348.0,632.0,498.0,734.5,481.0,170.1881,103.9002,0.6105,1,0,0,0
648,3,0,0,1,1,1,0.9888,0.9805,0.8965,0.8232,1208.0,344.5,996.0,343.5,1022.0,497.0,1173.0,485.0,212.0024,151.4761,0.7145,1,0,0,0
648,3,0,2,1,1,1,0.9873,0.9736,0.9121,0.8394,782.0,360.0,614.0,352.0,645.0,499.0,746.0,479.5,168.1904,102.8652,0.6116,1,0,0,0
648,3,0,1,1,1,1,0.9839,0.9878,0.894,0.9102,384.0,276.0,215.375,268.0,263.5,387.0,375.75,396.0,168.8147,112.6102,0.6671,1,0,0,0
649,3,0,0,1,1,1,0.9888,0.9805,0.896,0.8276,1209.0,344.5,995.5,343.0,1023.5,496.0,1174.0,485.0,213.5053,150.9015,0.7068,1,0,0,0
649,3,0,1,1,1,1,0.9878,0.9849,0.9028,0.8931,380.25,278.0,209.875,266.5,256.75,386.0,371.25,391.0,170.7627,114.6091,0.6712,1,0,0,0
649,3,0,2,1,1,1,0.9883,0.978,0.9028,0.8389,794.5,358.0,627.5,350.0,659.5,503.5,756.0,480.5,167.1915,99.2031,0.5933,1,0,0,0
650,3,0,0,1,1,1,0.9888,0.9805,0.8965,0.8271,1210.0,344.5,995.0,343.0,1023.0,496.0,1174.0,485.0,215.0052,151.4001,0.7042,1,0,0,0
650,3,0,1,1,1,1,0.9878,0.9849,0.9033,0.8931,380.25,278.0,209.875,266.5,257.0,386.5,371.25,391.0,170.7627,114.3386,0.6696,1,0,0,0
650,3,0,2,1,1,1,0.9883,0.978,0.9028,0.8384,795.0,358.0,627.5,350.0,659.0,503.5,756.0,480.5,167.6909,99.6895,0.5945,1,0,0,0
651,3,0,0,1,1,1,0.9888,0.981,0.895,0.8232,1210.0,344.0,995.5,343.5,1023.0,497.0,1174.0,484.5,214.5006,151.5165,0.7064,1,0,0,0
651,3,0,2,1,1,1,0.9878,0.979,0.896,0.8335,806.0,358.5,638.0,349.0,662.5,501.5,765.5,480.0,168.2684,105.22,0.6253,1,0,0,0
651,3,0,1,1,1,1,0.9849,0.9897,0.894,0.9116,377.5,276.0,205.875,266.0,249.5,387.5,373.5,393.0,171.9161,124.1219,0.722,1,0,0,0
652,3,0,0,1,1,1,0.9888,0.981,0.8945,0.8237,1209.0,344.0,995.5,343.0,1023.0,497.0,1174.0,484.5,213.5023,151.5165,0.7097,1,0,0,0
652,3,0,1,1,1,1,0.9849,0.9897,0.894,0.9116,377.5,276.0,205.75,266.0,249.5,387.5,373.5,393.0,172.0409,124.1219,0.7215,1,0,0,0
652,3,0,2,1,1,1,0.9878,0.979,0.8955,0.8335,806.0,358.5,638.0,349.5,662.5,501.5,765.5,480.0,168.2409,105.22,0.6254,1,0,0,0
653,3,0,0,1,1,1,0.9888,0.981,0.894,0.8257,1210.0,345.0,996.0,344.0,1024.0,497.0,1173.0,484.5,214.0023,149.5234,0.6987,1,0,0,0
653,3,0,1,1,1,1,0.9868,0.9883,0.9014,0.8955,373.0,271.0,196.75,263.0,234.625,386.0,362.0,393.0,176.4315,127.5672,0.723,1,0,0,0
653,3,0,2,1,1,1,0.9878,0.979,0.8994,0.8384,814.0,356.0,646.0,347.0,672.0,501.5,766.0,476.5,168.2409,97.2677,0.5781,1,0,0,0
654,3,0,0,1,1,1,0.9888,0.981,0.894,0.8257,1210.0,345.0,996.0,344.0,1024.0,497.0,1173.0,484.5,214.0023,149.5234,0.6987,1,0,0,0
654,3,0,1,1,1,1,0.9863,0.9883,0.9014,0.8955,372.75,271.0,196.875,263.0,234.875,386.0,362.0,393.0,176.0569,127.3176,0.7232,1,0,0,0
654,3,0,2,1,1,1,0.9893,0.9824,0.8916,0.8354,814.5,358.0,646.0,348.5,672.0,497.5,771.5,474.5,168.7676,102.1237,0.6051,1,0,0,0
655,3,0,0,1,1,1,0.9888,0.981,0.894,0.8262,1209.0,344.5,995.5,344.0,1024.0,498.0,1172.0,485.0,213.5006,148.5698,0.6959,1,0,0,0
655,3,0,1,1,1,1,0.9873,0.9873,0.9062,0.8892,366.75,269.0,189.625,265.0,226.5,388.0,360.75,390.0,177.1702,134.2649,0.7578,1,0,0,0
655,3,0,2,1,1,1,0.9893,0.9829,0.8931,0.8438,819.0,355.5,652.5,345.5,679.5,494.5,772.0,471.5,166.8,95.3166,0.5714,1,0,0,0
656,3,0,0,1,1,1,0.9888,0.981,0.8936,0.8262,1209.0,344.0,994.5,343.5,1025.0,498.0,1173.0,485.0,214.5006,148.5698,0.6926,1,0,0,0
656,3,0,1,1,1,1,0.9863,0.9873,0.9038,0.895,360.5,268.5,182.125,264.0,220.75,390.0,355.0,390.5,178.4318,134.2509,0.7524,1,0,0,0
656,3,0,2,1,1,1,0.9893,0.981,0.9023,0.8369,824.0,354.5,658.0,344.5,687.0,489.5,778.5,470.0,166.3009,93.5548,0.5626,1,0,0,0
657,3,0,0,1,1,1,0.9888,0.981,0.8936,0.8262,1210.0,344.0,994.5,343.5,1025.0,498.0,1173.0,485.0,215.5006,148.5698,0.6894,1,0,0,0
657,3,0,1,1,1,1,0.9863,0.9873,0.9038,0.8955,360.5,268.5,182.25,264.0,221.0,390.0,355.0,390.5,178.3068,134.0009,0.7515,1,0,0,0
657,3,0,2,1,1,1,0.9893,0.981,0.9023,0.8369,824.0,354.5,658.0,344.5,686.5,490.0,779.0,470.0,166.3009,94.6375,0.5691,1,0,0,0
658,3,0,0,1,1,1,0.9888,0.9805,0.895,0.8252,1209.0,344.0,995.0,343.0,1026.0,497.5,1172.0,485.5,214.0023,146.4923,0.6845,1,0,0,0
658,3,0,1,1,1,1,0.9844,0.9854,0.8931,0.8999,350.5,271.0,171.25,261.5,223.125,390.0,338.5,391.0,179.5016,115.3793,0.6428,1,0,0,0
658,3,0,2,1,1,1,0.9873,0.9775,0.9175,0.8442,825.0,350.0,659.5,342.5,690.0,485.0,769.0,463.0,165.6699,82.0061,0.495,1,1,1,0
659,3,0,0,1,1,1,0.9888,0.981,0.895,0.8252,1209.0,344.0,995.0,343.5,1025.0,497.5,1172.0,485.5,214.0006,147.489,0.6892,1,0,0,0
659,3,0,1,1,1,1,0.9844,0.9854,0.8926,0.9004,350.5,270.5,171.125,261.0,223.125,390.0,338.5,391.0,179.6264,115.3793,0.6423,1,0,0,0
659,3,0,2,1,1,1,0.9873,0.978,0.917,0.8447,825.0,350.0,659.5,342.0,690.5,484.5,768.5,463.0,165.6932,80.9089,0.4883,1,1,2,0
660,3,0,0,1,1,1,0.9888,0.981,0.8945,0.8252,1210.0,344.0,995.0,343.0,1025.0,498.0,1172.0,484.5,215.0023,147.6186,0.6866,1,0,0,0
660,3,0,1,1,1,1,0.98,0.9897,0.8726,0.9175,346.0,268.0,161.25,262.0,213.875,389.0,336.0,395.0,184.8474,122.2723,0.6615,1,0,0,0
660,3,0,2,1,1,1,0.9863,0.9785,0.9141,0.8486,827.0,350.0,663.0,341.0,694.5,485.0,772.5,462.5,164.2468,81.1804,0.4943,1,1,3,0
661,3,0,0,1,1,1,0.9888,0.981,0.895,0.8257,1210.0,344.0,995.0,343.0,1025.0,498.0,1172.0,484.5,215.0023,147.6186,0.6866,1,0,0,0
661,3,0,1,1,1,1,0.9834,0.9858,0.8862,0.9058,343.5,269.5,161.0,260.0,213.625,391.5,336.0,392.5,182.7471,122.3791,0.6697,1,0,0,0
661,3,0,2,1,1,1,0.9863,0.9785,0.9141,0.8486,827.0,350.0,663.0,341.0,694.5,485.0,772.5,462.5,164.2468,81.1804,0.4943,1,1,4,0
662,3,0,0,1,1,1,0.9888,0.9805,0.8965,0.8271,1210.0,344.0,995.0,343.0,1023.0,497.5,1172.0,484.5,215.0023,149.566,0.6956,1,0,0,0
662,3,0,1,1,1,1,0.981,0.9893,0.8726,0.9146,338.25,268.0,155.75,261.0,202.0,388.0,330.75,395.5,182.6342,128.9683,0.7062,1,0,0,0
662,3,0,2,1,1,1,0.9858,0.9785,0.9141,0.8525,828.0,350.5,665.0,341.0,693.5,483.0,777.0,461.0,163.2766,86.3496,0.5289,1,0,0,0
663,3,0,0,1,1,1,0.9888,0.981,0.895,0.8223,1210.0,344.5,994.5,342.5,1022.0,498.0,1173.0,484.5,215.5093,151.6023,0.7035,1,0,0,0
663,3,0,1,1,1,1,0.9805,0.9893,0.873,0.9185,332.5,268.0,151.5,262.5,203.125,390.5,323.25,399.5,181.0835,120.4617,0.6652,1,0,0,0
663,3,0,2,1,1,1,0.9858,0.9785,0.9141,0.8555,826.5,349.5,664.0,341.0,694.5,481.0,777.5,459.0,162.7222,85.8662,0.5277,1,0,0,0
664,3,0,0,1,1,1,0.9893,0.981,0.895,0.8218,1210.0,344.5,995.0,342.5,1021.5,498.0,1173.0,484.5,215.0093,152.1003,0.7074,1,0,0,0
664,3,0,1,1,1,1,0.9805,0.9893,0.8726,0.9185,332.75,268.0,151.25,263.0,203.0,390.5,323.25,400.0,181.5689,120.6247,0.6643,1,0,0,0
664,3,0,2,1,1,1,0.9858,0.9785,0.9146,0.855,826.5,349.5,664.0,341.0,694.5,481.0,777.5,459.0,162.7222,85.8662,0.5277,1,0,0,0
665,3,0,0,1,1,1,0.9888,0.9805,0.8955,0.8271,1209.0,344.0,995.0,342.5,1023.0,497.5,1174.0,484.0,214.0053,151.6023,0.7084,1,0,0,0
665,3,0,1,1,1,1,0.9834,0.9883,0.8828,0.9048,327.5,267.0,146.375,262.0,197.25,389.0,316.25,400.5,181.194,119.5544,0.6598,1,0,0,0
665,3,0,2,1,1,1,0.9863,0.9785,0.915,0.8535,823.5,350.0,661.5,341.0,689.5,480.5,775.0,458.5,162.2498,88.285,0.5441,1,0,0,0
666,3,0,0,1,1,1,0.9888,0.9805,0.896,0.8262,1210.0,344.5,995.0,342.5,1023.0,497.5,1173.0,484.0,215.0093,150.6063,0.7005,1,0,0,0
666,3,0,1,1,1,1,0.9834,0.9883,0.8828,0.9053,327.75,266.5,146.5,262.0,197.25,389.0,316.25,400.5,181.3059,119.5544,0.6594,1,0,0,0
666,3,0,2,1,1,1,0.9863,0.9785,0.915,0.854,823.5,350.0,661.5,341.0,689.5,480.5,775.5,458.5,162.2498,88.7694,0.5471,1,0,0,0
667,3,0,0,1,1,1,0.9888,0.981,0.895,0.8262,1210.0,344.5,995.5,343.0,1021.5,496.5,1174.0,483.0,214.5052,153.0964,0.7137,1,0,0,0
667,3,0,1,1,1,1,0.9844,0.9878,0.8838,0.8989,323.0,266.5,141.0,261.0,193.625,389.5,316.5,398.0,182.0831,123.1686,0.6764,1,0,0,0
667,3,0,2,1,1,1,0.9888,0.9824,0.8989,0.8467,823.0,356.0,660.0,343.0,682.5,483.0,783.5,464.0,163.5176,102.7716,0.6285,1,0,0,0
668,3,0,0,1,1,1,0.9888,0.981,0.895,0.8267,1210.0,344.0,995.5,343.0,1022.0,496.5,1174.0,483.0,214.5023,152.5983,0.7114,1,0,0,0
668,3,0,1,1,1,1,0.9844,0.9878,0.8833,0.8989,323.0,266.5,140.875,261.0,193.5,389.0,316.5,398.0,182.208,123.3288,0.6769,1,0,0,0
668,3,0,2,1,1,1,0.9888,0.9824,0.8989,0.8467,823.0,356.0,660.0,343.0,682.0,483.0,783.5,464.0,163.5176,103.263,0.6315,1,0,0,0
669,3,0,0,1,1,1,0.9888,0.981,0.895,0.8257,1210.0,344.0,995.0,343.0,1021.5,496.0,1173.0,483.0,215.0023,152.0567,0.7072,1,0,0,0
669,3,0,1,1,1,1,0.9824,0.9888,0.873,0.9116,321.25,264.5,137.25,262.0,194.5,385.5,315.0,394.5,184.017,120.8356,0.6567,1,0,0,0
669,3,0,2,1,1,1,0.9893,0.9819,0.9019,0.8452,818.0,357.0,655.0,343.5,679.0,484.0,779.0,462.0,163.5581,102.3914,0.626,1,0,0,0
670,3,0,0,1,1,1,0.9888,0.981,0.8955,0.8242,1210.0,344.0,995.0,343.0,1021.0,495.5,1174.0,483.0,215.0023,153.5098,0.714,1,0,0,0
670,3,0,1,1,1,1,0.9824,0.9888,0.874,0.9116,321.0,264.5,137.375,262.0,194.5,385.5,315.0,394.5,183.642,120.8356,0.658,1,0,0,0
670,3,0,2,1,1,1,0.9868,0.979,0.9092,0.856,816.0,355.0,655.5,342.0,680.0,484.5,772.5,463.5,161.0256,94.8538,0.5891,1,0,0,0
671,3,0,0,1,1,1,0.9888,0.9814,0.8906,0.8242,1210.0,343.0,995.0,342.5,1022.0,496.0,1174.0,482.5,215.0006,152.5983,0.7098,1,0,0,0
671,3,0,1,1,1,1,0.9829,0.9888,0.8789,0.9136,317.75,263.0,134.5,261.0,196.5,384.0,308.75,395.5,183.2609,112.8375,0.6157,1,0,0,0
671,3,0,2,1,1,1,0.9888,0.9824,0.8965,0.8516,810.5,357.5,650.0,342.0,673.5,482.0,771.0,458.0,161.2467,100.4104,0.6227,1,0,0,0
672,3,0,0,1,1,1,0.9888,0.9814,0.8916,0.8237,1210.0,343.0,995.5,342.5,1023.0,495.0,1175.0,481.0,214.5006,152.6434,0.7116,1,0,0,0
672,3,0,1,1,1,1,0.9829,0.9888,0.8765,0.9121,316.5,263.0,132.0,261.0,195.0,384.0,307.5,396.5,184.5108,113.1923,0.6135,1,0,0,0
672,3,0,2,1,1,1,0.9897,0.9795,0.9097,0.8589,799.5,358.0,646.5,341.5,670.5,481.5,757.5,454.5,153.8871,91.0934,0.5919,1,0,0,0
673,3,0,0,1,1,1,0.9888,0.9814,0.8916,0.8237,1210.0,343.0,995.5,342.5,1023.0,495.0,1175.0,481.0,214.5006,152.6434,0.7116,1,0,0,0
673,3,0,1,1,1,1,0.9829,0.9888,0.8765,0.9121,316.25,263.0,132.0,261.0,195.0,383.5,307.5,397.0,184.2609,113.3071,0.6149,1,0,0,0
673,3,0,2,1,1,1,0.9897,0.9795,0.9097,0.8589,799.0,358.0,646.5,341.5,670.5,481.5,757.5,454.0,153.39,91.2428,0.5948,1,0,0,0
674,3,0,0,1,1,1,0.9883,0.9844,0.895,0.8315,1214.0,345.0,993.0,345.5,1020.5,491.0,1173.0,482.0,221.0006,152.7653,0.6912,1,0,0,0
674,3,0,1,1,1,1,0.9834,0.9883,0.8823,0.9077,316.0,263.0,130.75,262.0,190.125,387.5,308.0,399.5,185.2527,118.4842,0.6396,1,0,0,0
674,3,0,2,1,1,1,0.9868,0.9785,0.9072,0.8594,788.0,357.0,635.0,345.0,664.0,483.0,752.0,459.0,153.4699,91.214,0.5943,1,0,0,0
675,3,0,0,1,1,1,0.9888,0.9814,0.8921,0.8257,1210.0,343.5,996.0,342.0,1023.0,495.5,1173.0,482.0,214.0053,150.6063,0.7038,1,0,0,0
675,3,0,1,1,1,1,0.9834,0.9883,0.8823,0.9077,316.0,263.0,130.625,262.0,190.125,387.5,308.0,400.0,185.3777,118.5359,0.6394,1,0,0,0
675,3,0,2,1,1,1,0.9868,0.9785,0.9072,0.8594,788.0,357.0,635.0,345.0,664.0,483.0,752.0,459.0,153.4699,91.214,0.5943,1,0,0,0
676,3,0,0,1,1,1,0.9883,0.9844,0.895,0.833,1214.0,345.0,992.5,345.5,1018.5,491.0,1173.0,481.5,221.5006,154.7918,0.6988,1,0,0,0
676,3,0,1,1,1,1,0.9839,0.9878,0.8818,0.9019,317.5,262.5,132.0,263.0,188.0,388.0,306.0,402.5,185.5007,118.8876,0.6409,1,0,0,0
676,3,0,2,1,1,1,0.9883,0.9697,0.9272,0.8315,777.0,359.0,627.5,347.0,652.0,483.0,741.0,460.5,149.9808,91.8001,0.6121,1,0,0,0
677,3,0,0,1,1,1,0.9883,0.9814,0.8926,0.8267,1209.0,343.5,995.5,342.0,1020.5,495.5,1174.0,482.5,213.5053,154.0495,0.7215,1,0,0,0
677,3,0,1,1,1,1,0.9839,0.9878,0.8818,0.9023,317.75,262.5,132.0,263.0,188.0,388.0,305.75,402.5,185.7507,118.6394,0.6387,1,0,0,0
677,3,0,2,1,1,1,0.9883,0.9697,0.9277,0.8311,777.0,359.0,628.0,347.0,652.0,483.0,741.0,460.5,149.4824,91.8001,0.6141,1,0,0,0
678,3,0,0,1,1,1,0.9883,0.9844,0.896,0.8345,1214.0,345.0,993.0,346.0,1017.5,490.0,1173.0,480.5,221.0023,155.7899,0.7049,1,0,0,0
678,3,0,1,1,1,1,0.9844,0.9873,0.8848,0.8979,320.5,263.0,133.75,263.5,187.25,390.0,301.5,405.5,186.7507,115.2966,0.6174,1,0,0,0
678,3,0,2,1,1,1,0.9868,0.9771,0.9214,0.8477,769.0,356.0,615.5,347.0,645.5,481.5,724.5,462.0,153.7636,81.3711,0.5292,1,0,0,0
679,3,0,0,1,1,1,0.9883,0.9844,0.896,0.834,1214.0,345.0,993.0,346.5,1017.5,490.5,1173.0,481.0,221.0051,155.7899,0.7049,1,0,0,0
679,3,0,1,1,1,1,0.9844,0.9873,0.8843,0.8984,320.25,263.0,133.625,263.5,187.5,390.0,301.5,405.0,186.6257,114.9826,0.6161,1,0,0,0
679,3,0,2,1,1,1,0.9868,0.9771,0.9214,0.8481,768.5,356.5,615.5,347.0,645.5,481.5,724.5,462.0,153.2947,81.3711,0.5308,1,0,0,0
680,3,0,0,1,1,1,0.9883,0.9844,0.896,0.833,1213.0,345.0,992.5,346.0,1017.0,490.0,1172.0,480.5,220.5023,155.2909,0.7043,1,0,0,0
680,3,0,1,1,1,1,0.9854,0.9873,0.8872,0.8892,321.5,263.5,135.375,262.5,178.875,392.0,299.75,409.0,186.1277,122.0646,0.6558,1,0,0,0
680,3,0,2,1,1,1,0.9858,0.9814,0.9023,0.8691,753.5,361.5,605.5,349.0,635.5,485.5,717.5,464.0,148.5269,84.7718,0.5708,1,0,0,0
681,3,0,0,1,1,1,0.9888,0.981,0.8931,0.8262,1209.0,343.5,995.5,342.0,1019.5,493.5,1173.0,481.0,213.5053,154.0081,0.7213,1,0,0,0
681,3,0,1,1,1,1,0.9854,0.9873,0.8872,0.8896,321.5,263.5,135.375,263.0,178.625,392.0,299.75,409.0,186.1257,122.3122,0.6571,1,0,0,0
681,3,0,2,1,1,1,0.9858,0.9814,0.9014,0.8691,753.5,361.5,605.5,349.0,635.0,485.0,718.0,464.0,148.5269,85.6154,0.5764,1,0,0,0
682,3,0,0,1,1,1,0.9883,0.9844,0.8979,0.8335,1214.0,345.5,992.5,346.0,1017.0,490.0,1173.0,479.5,221.5006,156.353,0.7059,1,0,0,0
682,3,0,1,1,1,1,0.9849,0.9873,0.8862,0.8916,324.5,266.0,138.875,262.0,182.125,395.0,301.5,409.5,185.6681,120.2524,0.6477,1,0,0,0
682,3,0,2,1,1,1,0.9863,0.9805,0.9038,0.8652,745.0,361.5,595.5,350.0,626.5,488.0,707.5,463.0,149.9417,84.7703,0.5654,1,0,0,0
683,3,0,0,1,1,1,0.9883,0.9844,0.8984,0.833,1214.0,345.5,992.5,346.0,1017.0,490.0,1173.0,479.5,221.5006,156.353,0.7059,1,0,0,0
683,3,0,1,1,1,1,0.9849,0.9873,0.8862,0.8916,324.5,266.0,138.875,262.0,182.375,395.0,301.25,409.5,185.6681,119.7561,0.645,1,0,0,0
683,3,0,2,1,1,1,0.9863,0.9805,0.9033,0.8652,745.0,361.5,595.5,350.0,626.5,487.5,707.5,463.5,149.9417,84.4808,0.5634,1,0,0,0
684,3,0,0,1,1,1,0.9888,0.9844,0.8975,0.8306,1213.0,345.0,992.5,347.0,1016.0,491.0,1174.0,480.5,220.5091,158.3485,0.7181,1,0,0,0
684,3,0,1,1,1,1,0.9849,0.9873,0.8882,0.8882,329.75,267.5,144.25,263.5,183.75,396.0,302.0,410.5,185.5431,119.1357,0.6421,1,0,0,0
684,3,0,2,1,1,1,0.9902,0.981,0.9106,0.8643,738.0,361.0,590.5,347.0,616.0,482.5,698.0,463.5,148.1629,84.1724,0.5681,1,0,0,0
685,3,0,0,1,1,1,0.9888,0.9844,0.8989,0.8306,1213.0,345.5,992.5,347.0,1015.0,492.0,1171.0,481.5,220.5051,156.353,0.7091,1,0,0,0
685,3,0,1,1,1,1,0.9883,0.9839,0.9028,0.8804,337.5,270.0,150.75,263.5,191.625,396.5,313.5,407.5,186.8631,122.3704,0.6549,1,0,0,0
685,3,0,2,1,1,1,0.9917,0.9805,0.9209,0.8623,732.0,358.0,585.0,346.0,612.5,481.5,693.0,460.5,147.489,83.1941,0.5641,1,0,0,0
686,3,0,0,1,1,1,0.9888,0.9844,0.8989,0.8301,1213.0,345.5,992.5,347.0,1015.5,492.0,1171.0,481.5,220.5051,155.8541,0.7068,1,0,0,0
686,3,0,1,1,1,1,0.9883,0.9839,0.9023,0.8804,337.5,270.0,150.75,263.5,191.625,396.5,313.5,407.5,186.8631,122.3704,0.6549,1,0,0,0
686,3,0,2,1,1,1,0.9917,0.9805,0.9209,0.8623,732.0,357.5,584.5,346.0,612.5,481.0,693.0,460.5,147.9476,83.0692,0.5615,1,0,0,0
687,3,0,0,1,1,1,0.9888,0.9844,0.8989,0.8335,1213.0,345.5,992.5,347.0,1015.0,491.5,1170.0,482.5,220.5051,155.2611,0.7041,1,0,0,0
687,3,0,1,1,1,1,0.9868,0.9849,0.895,0.8857,341.5,264.5,155.625,257.5,191.25,396.0,320.5,407.0,186.0068,129.7172,0.6974,1,0,0,0
687,3,0,2,1,1,1,0.9927,0.9785,0.9287,0.8491,726.0,354.5,578.0,346.0,607.0,472.5,681.5,452.5,148.2439,77.1379,0.5203,1,0,0,0
688,3,0,0,1,1,1,0.9888,0.9844,0.8989,0.833,1212.0,345.5,992.5,347.0,1015.0,491.5,1170.0,482.5,219.5051,155.2611,0.7073,1,0,0,0
688,3,0,1,1,1,1,0.9868,0.9854,0.895,0.8857,341.5,264.5,155.75,257.5,191.125,396.0,320.5,407.0,185.8819,129.8418,0.6985,1,0,0,0
688,3,0,2,1,1,1,0.9927,0.9785,0.9287,0.8491,726.0,354.5,578.0,346.0,606.5,472.5,681.5,452.5,148.2439,77.6209,0.5236,1,0,0,0
689,3,0,1,1,1,1,0.9893,0.9873,0.8804,0.8853,350.5,263.0,160.125,257.0,191.875,397.5,325.5,404.5,190.4695,133.8082,0.7025,1,0,0,0
689,3,0,0,1,1,1,0.9883,0.9844,0.897,0.8359,1212.0,345.5,992.5,347.0,1015.0,491.5,1170.0,482.5,219.5051,155.2611,0.7073,1,0,0,0
689,3,0,2,1,1,1,0.9927,0.978,0.9307,0.8467,720.5,352.0,574.0,345.0,603.5,471.5,673.5,449.0,146.6671,73.5272,0.5013,1,0,0,0
690,3,0,1,1,1,1,0.9893,0.9873,0.8813,0.8848,350.5,263.5,160.5,257.0,192.0,397.0,325.75,404.5,190.1112,133.9601,0.7046,1,0,0,0
690,3,0,0,1,1,1,0.9883,0.9844,0.897,0.8354,1212.0,345.0,992.5,347.0,1015.0,491.5,1171.0,482.5,219.5091,156.2594,0.7119,1,0,0,0
690,3,0,2,1,1,1,0.9927,0.9775,0.9307,0.8462,720.5,352.0,574.0,345.0,603.5,471.5,673.5,449.0,146.6671,73.5272,0.5013,1,0,0,0
691,3,0,0,1,1,1,0.9888,0.9844,0.8989,0.8311,1212.0,345.0,993.0,347.5,1016.0,493.0,1170.0,483.5,219.0143,154.2927,0.7045,1,0,0,0
691,3,0,1,1,1,1,0.9854,0.9883,0.8975,0.8989,362.25,259.0,167.125,256.5,197.0,394.5,335.5,405.5,195.141,138.9361,0.712,1,0,0,0
691,3,0,2,1,1,1,0.9922,0.978,0.9282,0.8525,717.5,350.0,571.5,344.5,605.5,471.0,671.0,445.5,146.1036,70.2887,0.4811,1,1,1,0
692,3,0,1,1,1,1,0.9854,0.9883,0.9023,0.9043,373.75,258.0,176.75,255.5,208.0,394.0,343.75,401.5,197.0159,135.957,0.6901,1,0,0,0
692,3,0,0,1,1,1,0.9883,0.9839,0.8989,0.8335,1212.0,346.0,992.5,347.5,1016.0,492.5,1170.0,483.0,219.5051,154.2927,0.7029,1,0,0,0
692,3,0,2,1,1,1,0.9897,0.9795,0.9229,0.8662,716.0,349.0,568.5,346.0,606.5,470.0,678.0,448.0,147.5305,74.8081,0.5071,1,0,0,0
693,3,0,1,1,1,1,0.9854,0.9883,0.9023,0.9043,373.5,258.0,176.75,255.5,208.0,394.0,343.75,401.5,196.7659,135.957,0.691,1,0,0,0
693,3,0,0,1,1,1,0.9883,0.9839,0.8994,0.8335,1212.0,346.0,993.0,347.5,1016.0,492.5,1170.0,483.0,219.0051,154.2927,0.7045,1,0,0,0
693,3,0,2,1,1,1,0.9897,0.9795,0.9224,0.8662,716.0,349.0,568.0,346.0,606.5,470.0,678.0,448.0,148.0304,74.8081,0.5054,1,0,0,0
694,3,0,0,1,1,1,0.9883,0.9844,0.8989,0.8335,1212.0,346.0,993.5,346.5,1017.5,493.0,1170.0,484.5,218.5006,152.7367,0.699,1,0,0,0
694,3,0,1,1,1,1,0.9839,0.9893,0.8989,0.9136,382.75,255.5,182.75,253.0,210.75,392.5,359.75,398.5,200.0156,149.1208,0.7455,1,0,0,0
694,3,0,2,1,1,1,0.9897,0.9785,0.9224,0.8608,715.5,348.0,568.0,346.0,606.5,468.5,678.5,448.5,147.5136,74.7262,0.5066,1,0,0,0
695,3,0,0,1,1,1,0.9883,0.9844,0.8989,0.8335,1212.0,345.5,993.5,346.5,1017.5,493.0,1170.0,484.5,218.5023,152.7367,0.699,1,0,0,0
695,3,0,1,1,1,1,0.9839,0.9893,0.8989,0.9136,382.75,255.5,182.75,253.0,210.75,392.5,360.0,398.5,200.0156,149.3706,0.7468,1,0,0,0
695,3,0,2,1,1,1,0.9897,0.9785,0.9224,0.8613,715.5,348.0,568.0,346.0,606.5,468.5,678.5,448.5,147.5136,74.7262,0.5066,1,0,0,0
696,3,0,0,1,1,1,0.9888,0.9844,0.8975,0.832,1212.0,345.0,993.0,346.0,1018.0,493.0,1170.0,484.5,219.0023,152.2375,0.6951,1,0,0,0
696,3,0,1,1,1,1,0.9824,0.9878,0.8882,0.9121,385.5,252.0,189.25,249.5,233.625,387.0,367.75,401.0,196.2659,134.8537,0.6871,1,0,0,0
696,3,0,2,1,1,1,0.9897,0.978,0.9238,0.8608,716.5,348.0,569.0,345.5,607.0,467.5,681.5,447.0,147.5212,77.269,0.5238,1,0,0,0
697,3,0,0,1,1,1,0.9888,0.9844,0.8975,0.8315,1212.0,345.0,992.5,346.0,1018.0,493.0,1170.0,485.0,219.5023,152.2104,0.6934,1,0,0,0
697,3,0,1,1,1,1,0.9829,0.9878,0.8887,0.9126,385.5,251.5,189.25,249.5,233.0,387.0,367.75,401.0,196.2602,135.4753,0.6903,1,0,0,0
697,3,0,2,1,1,1,0.9897,0.978,0.9243,0.8608,716.5,348.5,569.0,345.5,606.5,467.0,681.5,447.0,147.5305,77.6209,0.5261,1,0,0,0
698,3,0,0,1,1,1,0.9883,0.9844,0.897,0.8345,1212.0,345.5,992.0,347.0,1018.5,492.0,1171.0,483.5,220.0051,152.7367,0.6942,1,0,0,0
698,3,0,1,1,1,1,0.9819,0.9878,0.8936,0.918,395.5,249.5,197.0,247.5,241.125,387.5,375.5,403.0,198.5101,135.266,0.6814,1,0,0,0
698,3,0,2,1,1,1,0.9922,0.9756,0.9331,0.8521,718.0,349.0,575.0,345.0,607.0,468.5,682.0,445.5,143.0559,78.4474,0.5484,1,0,0,0
699,3,0,0,1,1,1,0.9883,0.9844,0.8965,0.833,1213.0,345.0,992.5,347.0,1018.5,493.0,1171.0,484.0,220.5091,152.7653,0.6928,1,0,0,0
699,3,0,1,1,1,1,0.9819,0.9883,0.8916,0.9189,403.75,247.5,203.125,246.0,246.125,389.0,380.0,402.5,200.6306,134.554,0.6707,1,0,0,0
699,3,0,2,1,1,1,0.9917,0.9766,0.9292,0.8574,721.0,348.0,579.0,343.0,611.0,469.5,690.0,448.0,142.088,81.8734,0.5762,1,0,0,0
700,3,0,0,1,1,1,0.9883,0.9844,0.8975,0.833,1213.0,345.0,993.0,347.0,1018.5,492.5,1171.0,484.0,220.0091,152.7367,0.6942,1,0,0,0
700,3,0,1,1,1,1,0.9819,0.9883,0.8921,0.9185,403.75,247.5,203.125,246.0,246.25,389.0,380.0,402.5,200.6306,134.4296,0.67,1,0,0,0
700,3,0,2,1,1,1,0.9917,0.9766,0.9292,0.8574,721.0,348.0,579.0,343.0,611.0,469.5,690.0,448.0,142.088,81.8734,0.5762,1,0,0,0
701,3,0,0,1,1,1,0.9878,0.9844,0.8955,0.8394,1212.0,346.0,993.0,347.5,1020.5,493.0,1172.0,484.0,219.0051,151.7671,0.693,1,0,0,0
701,3,0,1,1,1,1,0.9829,0.9883,0.8975,0.9141,409.5,246.0,206.25,244.0,243.625,389.0,381.0,406.0,203.2598,138.4229,0.681,1,0,0,0
701,3,0,2,1,1,1,0.9912,0.9761,0.9272,0.8574,726.5,349.0,584.5,342.5,615.0,467.5,697.0,447.0,142.1487,84.5237,0.5946,1,0,0,0
702,3,0,0,1,1,1,0.9878,0.9844,0.896,0.8389,1212.0,346.5,993.0,347.5,1020.5,493.0,1172.0,484.0,219.0023,151.7671,0.693,1,0,0,0
702,3,0,1,1,1,1,0.9829,0.9883,0.8975,0.9141,409.5,246.0,206.375,244.0,243.75,389.0,381.0,406.0,203.1348,138.2988,0.6808,1,0,0,0
702,3,0,2,1,1,1,0.9912,0.9761,0.9272,0.8574,726.5,349.0,584.5,342.5,615.0,467.5,697.0,447.0,142.1487,84.5237,0.5946,1,0,0,0
703,3,0,0,1,1,1,0.9888,0.9839,0.9004,0.832,1212.0,346.0,992.5,347.5,1018.0,493.0,1171.0,484.5,219.5051,153.2359,0.6981,1,0,0,0
703,3,0,1,1,1,1,0.9834,0.9883,0.894,0.9097,414.25,247.0,209.375,244.0,241.375,387.0,386.0,403.0,204.897,145.5074,0.7101,1,0,0,0
703,3,0,2,1,1,1,0.9893,0.9771,0.9282,0.8599,731.5,348.0,587.5,344.0,619.0,464.0,702.0,447.5,144.0555,84.6242,0.5874,1,0,0,0
704,3,0,0,1,1,1,0.9888,0.9839,0.8999,0.832,1212.0,346.0,993.0,347.0,1018.0,493.0,1171.0,484.5,219.0023,153.2359,0.6997,1,0,0,0
704,3,0,1,1,1,1,0.9834,0.9883,0.894,0.9097,414.25,247.0,209.375,244.0,241.0,387.0,386.0,403.5,204.897,145.9358,0.7122,1,0,0,0
704,3,0,2,1,1,1,0.9893,0.9771,0.9282,0.8599,731.5,348.0,587.5,344.0,619.0,464.0,702.0,447.5,144.0555,84.6242,0.5874,1,0,0,0
705,3,0,0,1,1,1,0.9883,0.9839,0.9014,0.835,1212.0,347.0,993.0,348.0,1020.0,494.0,1169.0,485.0,219.0023,149.2716,0.6816,1,0,0,0
705,3,0,1,1,1,1,0.9844,0.9878,0.8975,0.9082,416.75,250.0,215.25,244.0,242.375,385.0,400.0,401.5,201.5893,158.4862,0.7862,1,0,0,0
705,3,0,2,1,1,1,0.9888,0.9785,0.9243,0.8652,739.0,349.5,595.0,344.0,625.5,464.0,707.0,448.5,144.105,82.9608,0.5757,1,0,0,0
706,3,0,0,1,1,1,0.9883,0.9839,0.9009,0.8354,1212.0,347.0,993.0,348.0,1020.0,494.0,1169.0,485.0,219.0023,149.2716,0.6816,1,0,0,0
706,3,0,1,1,1,1,0.9844,0.9878,0.8975,0.9077,417.0,250.0,215.25,243.5,242.5,385.0,400.0,402.0,201.8547,158.4148,0.7848,1,0,0,0
706,3,0,2,1,1,1,0.9888,0.9785,0.9238,0.8657,739.0,350.0,595.0,344.0,626.0,464.0,707.0,448.5,144.1249,82.4697,0.5722,1,0,0,0
707,3,0,0,1,1,1,0.9883,0.9839,0.8989,0.8369,1212.0,346.0,993.5,347.0,1018.5,494.0,1169.0,485.0,218.5023,150.7689,0.69,1,0,0,0
707,3,0,1,1,1,1,0.9849,0.9883,0.8965,0.9067,419.5,249.0,217.875,245.5,247.625,385.5,406.5,398.0,201.6554,159.366,0.7903,1,0,0,0
707,3,0,2,1,1,1,0.9888,0.9795,0.9263,0.8706,747.0,351.5,604.0,346.0,637.0,463.0,717.0,450.5,143.1057,80.9707,0.5658,1,0,0,0
708,3,0,0,1,1,1,0.9878,0.9844,0.896,0.8398,1213.0,346.5,993.0,347.0,1019.0,493.5,1168.0,485.0,220.0006,149.2423,0.6784,1,0,0,0
708,3,0,1,1,1,1,0.9849,0.9878,0.9014,0.9053,420.25,250.0,216.5,244.5,247.25,385.5,409.5,398.0,203.8242,162.7308,0.7984,1,0,0,0
708,3,0,2,1,1,1,0.9897,0.9785,0.9331,0.8657,755.0,352.0,615.0,348.0,651.5,462.0,730.0,450.0,140.0571,79.4119,0.567,1,0,0,0
709,3,0,0,1,1,1,0.9878,0.9844,0.8955,0.8398,1212.0,346.5,993.0,347.0,1019.0,493.5,1169.0,485.0,219.0006,150.2406,0.686,1,0,0,0
709,3,0,1,1,1,1,0.9849,0.9878,0.9014,0.9048,420.0,250.0,216.375,244.5,246.875,385.5,409.25,398.0,203.6993,162.8554,0.7995,1,0,0,0
709,3,0,2,1,1,1,0.9897,0.9785,0.9331,0.8652,755.0,352.0,615.0,348.0,651.5,462.0,730.0,450.0,140.0571,79.4119,0.567,1,0,0,0
710,3,0,0,1,1,1,0.9883,0.9844,0.8979,0.834,1214.0,346.0,992.5,347.0,1019.0,493.5,1169.0,484.5,221.5023,150.2698,0.6784,1,0,0,0
710,3,0,1,1,1,1,0.9858,0.9873,0.9048,0.8989,420.25,248.0,215.375,243.0,246.875,383.5,410.0,397.0,204.936,163.6827,0.7987,1,0,0,0
710,3,0,2,1,1,1,0.9917,0.9736,0.9414,0.8481,765.0,352.0,627.0,347.0,661.0,464.0,737.0,443.5,138.0906,78.7163,0.57,1,0,0,0
711,3,0,0,1,1,1,0.9883,0.9844,0.8979,0.834,1214.0,346.0,992.5,347.0,1019.0,493.5,1169.0,484.5,221.5023,150.2698,0.6784,1,0,0,0
711,3,0,1,1,1,1,0.9858,0.9873,0.9048,0.8989,420.5,248.0,215.375,243.0,246.625,383.5,410.0,397.0,205.1859,163.9318,0.7989,1,0,0,0
711,3,0,2,1,1,1,0.9917,0.9736,0.9414,0.8481,765.0,352.5,627.0,347.0,661.0,464.0,737.0,443.5,138.1096,78.7163,0.57,1,0,0,0
712,3,0,1,1,1,1,0.9858,0.9878,0.8994,0.8975,420.25,247.0,213.875,243.5,249.5,385.0,411.0,397.5,206.4047,161.983,0.7848,1,0,0,0
712,3,0,0,1,1,1,0.9883,0.9844,0.8979,0.8345,1214.0,345.5,993.0,346.5,1020.0,493.5,1168.0,484.0,221.0023,148.3046,0.6711,1,0,0,0
712,3,0,2,1,1,1,0.9902,0.9785,0.9312,0.8711,775.5,354.0,634.0,348.0,669.5,464.5,746.5,443.5,141.6272,79.8123,0.5635,1,0,0,0
713,3,0,0,1,1,1,0.9883,0.9844,0.8979,0.8345,1214.0,345.5,993.0,347.0,1020.0,493.5,1168.0,484.0,221.0051,148.3046,0.671,1,0,0,0
713,3,0,1,1,1,1,0.9858,0.9878,0.9004,0.897,420.0,247.0,213.875,243.5,249.5,385.0,410.75,397.5,206.1547,161.7338,0.7845,1,0,0,0
713,3,0,2,1,1,1,0.9902,0.9785,0.9312,0.8706,775.5,354.0,634.0,348.0,669.5,464.0,746.0,443.5,141.6272,79.1991,0.5592,1,0,0,0
714,3,0,1,1,1,1,0.9863,0.9873,0.9043,0.8931,420.0,246.0,211.375,244.0,247.0,385.0,413.5,399.0,208.6346,167.0876,0.8009,1,0,0,0
714,3,0,0,1,1,1,0.9883,0.9844,0.897,0.8359,1213.0,345.5,992.5,347.0,1020.5,493.5,1168.0,484.0,220.5051,147.8056,0.6703,1,0,0,0
714,3,0,2,1,1,1,0.9912,0.979,0.9248,0.8711,784.5,357.0,649.0,349.0,678.5,470.5,749.5,447.5,135.736,74.6324,0.5498,1,0,0,0
715,3,0,1,1,1,1,0.9863,0.9873,0.9038,0.8931,420.0,246.0,211.375,244.0,246.875,385.0,413.5,399.0,208.6346,167.2121,0.8015,1,0,0,0
715,3,0,0,1,1,1,0.9883,0.9844,0.897,0.8359,1213.0,345.5,992.5,347.0,1020.0,493.5,1169.0,484.0,220.5051,149.3025,0.6771,1,0,0,0
715,3,0,2,1,1,1,0.9893,0.981,0.9263,0.8813,785.0,355.5,644.5,349.5,681.5,469.0,752.0,450.0,140.6281,73.0154,0.5192,1,0,0,0
716,3,0,1,1,1,1,0.9873,0.9873,0.9038,0.8867,418.0,245.0,207.25,244.5,243.625,382.0,413.5,398.5,210.7506,170.6744,0.8098,1,0,0,0
716,3,0,0,1,1,1,0.9883,0.9814,0.8931,0.832,1209.0,343.5,995.5,343.0,1025.0,498.5,1171.0,484.0,213.5006,146.7183,0.6872,1,0,0,0
716,3,0,2,1,1,1,0.9907,0.9785,0.9238,0.8687,791.5,358.0,657.0,349.0,689.5,470.5,757.5,450.0,134.8008,71.0229,0.5269,1,0,0,0
717,3,0,1,1,1,1,0.9873,0.9873,0.9038,0.8872,418.0,244.5,207.5,244.5,244.0,382.0,413.0,398.5,210.5,169.8036,0.8067,1,0,0,0
717,3,0,0,1,1,1,0.9883,0.981,0.894,0.8311,1209.0,343.5,995.5,343.0,1025.0,498.5,1171.0,484.0,213.5006,146.7183,0.6872,1,0,0,0
717,3,0,2,1,1,1,0.9907,0.9785,0.9238,0.8682,791.5,358.0,657.0,349.0,689.5,471.0,757.5,450.0,134.8008,71.1688,0.528,1,0,0,0
718,3,0,1,1,1,1,0.9873,0.9873,0.9009,0.8857,414.0,244.5,203.25,245.0,243.625,381.0,412.5,397.5,210.7506,169.6792,0.8051,1,0,0,0
718,3,0,0,1,1,1,0.9888,0.9805,0.897,0.8286,1208.0,343.5,995.5,343.0,1024.0,498.0,1171.0,483.5,212.5006,147.7134,0.6951,1,0,0,0
718,3,0,2,1,1,1,0.9888,0.9805,0.9253,0.8794,797.0,355.5,658.5,350.0,693.0,468.0,767.0,451.5,138.6092,75.8172,0.547,1,0,0,0
719,3,0,1,1,1,1,0.9873,0.9873,0.9009,0.8862,414.0,244.5,203.25,245.0,243.75,381.0,412.5,397.5,210.7506,169.5547,0.8045,1,0,0,0
719,3,0,0,1,1,1,0.9888,0.9805,0.897,0.8286,1208.0,343.5,995.5,343.0,1024.0,498.0,1171.0,483.5,212.5006,147.7134,0.6951,1,0,0,0
719,3,0,2,1,1,1,0.9888,0.9805,0.9253,0.8794,797.0,355.5,658.0,350.0,693.0,468.0,767.0,451.5,139.1088,75.8172,0.545,1,0,0,0
720,3,0,1,1,1,1,0.9868,0.9873,0.8994,0.8882,409.25,247.0,197.5,247.5,248.0,384.0,411.5,398.5,211.7506,164.1417,0.7752,1,0,0,0
720,3,0,0,1,1,1,0.9888,0.9805,0.8975,0.8252,1208.0,344.0,994.5,343.0,1024.0,498.0,1171.0,484.0,213.5023,147.6652,0.6916,1,0,0,0
720,3,0,2,1,1,1,0.9902,0.9795,0.9336,0.8711,802.0,355.0,663.5,348.5,698.5,465.0,767.5,447.5,138.6524,71.1846,0.5134,1,0,0,0
721,3,0,1,1,1,1,0.9849,0.9883,0.8916,0.9014,404.75,248.5,191.5,247.5,249.5,389.0,410.5,403.0,213.2523,161.6075,0.7578,1,0,0,0
721,3,0,0,1,1,1,0.9888,0.9805,0.8975,0.8242,1208.0,344.0,995.0,343.5,1023.0,497.0,1174.0,483.0,213.0006,151.6476,0.712,1,0,0,0
721,3,0,2,1,1,1,0.9902,0.9805,0.9331,0.8716,805.0,354.0,668.0,346.0,700.5,465.5,771.5,449.5,137.2334,72.7805,0.5303,1,0,0,0
722,3,0,1,1,1,1,0.9844,0.9883,0.8916,0.9019,404.75,248.5,191.375,247.5,249.75,389.0,410.0,403.0,213.3773,160.8604,0.7539,1,0,0,0
722,3,0,0,1,1,1,0.9888,0.9805,0.8975,0.8237,1208.0,344.5,995.0,343.5,1023.0,497.0,1173.0,483.5,213.0023,150.6063,0.7071,1,0,0,0
722,3,0,2,1,1,1,0.9902,0.9805,0.9331,0.8711,805.0,354.0,668.0,346.0,700.5,465.5,771.5,449.5,137.2334,72.7805,0.5303,1,0,0,0
723,3,0,1,1,1,1,0.9844,0.9902,0.8799,0.897,402.0,244.0,183.75,243.0,245.0,389.5,409.0,396.0,218.2523,164.1288,0.752,1,0,0,0
723,3,0,0,1,1,1,0.9888,0.9805,0.8984,0.8252,1208.0,344.0,995.0,343.0,1025.0,498.0,1172.0,483.0,213.0023,147.7633,0.6937,1,0,0,0
723,3,0,2,1,1,1,0.9907,0.98,0.9375,0.8677,807.5,354.0,671.5,345.5,702.0,463.5,770.5,449.5,136.2654,69.916,0.5131,1,0,0,0
724,3,0,1,1,1,1,0.9844,0.9902,0.8794,0.897,402.0,244.0,183.625,243.0,245.0,389.0,409.5,395.5,218.3773,164.6284,0.7539,1,0,0,0
724,3,0,0,1,1,1,0.9888,0.9805,0.8979,0.8257,1208.0,344.0,995.0,343.0,1025.0,498.0,1172.0,483.0,213.0023,147.7633,0.6937,1,0,0,0
724,3,0,2,1,1,1,0.9907,0.98,0.938,0.8672,807.5,354.0,671.5,345.5,702.0,463.0,770.5,449.5,136.2654,69.8176,0.5124,1,0,0,0
725,3,0,1,1,1,1,0.9858,0.9912,0.8716,0.8921,398.0,239.5,176.25,240.0,242.625,392.5,408.5,394.5,221.7506,165.8871,0.7481,1,0,0,0
725,3,0,0,1,1,1,0.9888,0.98,0.8989,0.8237,1207.0,344.0,995.0,343.0,1025.0,498.0,1170.0,482.5,212.0024,145.8261,0.6879,1,0,0,0
725,3,0,2,1,1,1,0.9912,0.979,0.9385,0.8633,808.5,354.0,673.5,345.0,701.0,463.5,770.5,452.0,135.2997,70.445,0.5207,1,0,0,0
726,3,0,1,1,1,1,0.9858,0.9912,0.8711,0.8926,398.0,239.5,176.125,240.0,242.625,393.0,408.5,394.0,221.8756,165.878,0.7476,1,0,0,0
726,3,0,0,1,1,1,0.9893,0.98,0.8994,0.8223,1207.0,344.0,995.0,343.0,1025.0,498.5,1170.0,483.0,212.0024,145.8261,0.6879,1,0,0,0
726,3,0,2,1,1,1,0.9912,0.9795,0.9385,0.8643,808.5,354.5,673.5,345.0,701.0,464.0,771.0,452.0,135.3338,71.0211,0.5248,1,0,0,0
727,3,0,1,1,1,1,0.9868,0.9907,0.8779,0.8892,396.0,234.0,171.125,238.5,243.625,391.0,403.5,397.0,224.92,159.9875,0.7113,1,0,0,0
727,3,0,0,1,1,1,0.9888,0.9805,0.8965,0.8232,1207.0,343.5,995.0,342.5,1025.0,498.0,1172.0,482.5,212.0024,147.8149,0.6972,1,0,0,0
727,3,0,2,1,1,1,0.9912,0.979,0.9395,0.8638,808.0,354.5,674.5,345.5,700.5,463.0,769.0,449.5,133.803,69.8176,0.5218,1,0,0,0
728,3,0,1,1,1,1,0.9863,0.9907,0.8828,0.895,389.0,231.25,164.25,236.5,243.0,388.0,397.75,395.5,224.8113,154.9316,0.6892,1,0,0,0
728,3,0,0,1,1,1,0.9893,0.9805,0.8975,0.8223,1208.0,344.0,995.0,343.0,1022.0,497.5,1172.0,482.5,213.0023,150.7481,0.7077,1,0,0,0
728,3,0,2,1,1,1,0.9907,0.979,0.9375,0.8657,808.0,354.0,675.0,345.5,699.5,463.0,770.0,447.5,133.2713,72.1838,0.5416,1,0,0,0
729,3,0,1,1,1,1,0.9863,0.9907,0.8828,0.8955,389.0,231.25,164.125,236.5,243.0,388.0,398.0,395.5,224.9363,155.1813,0.6899,1,0,0,0
729,3,0,0,1,1,1,0.9893,0.9805,0.8975,0.8223,1207.0,344.0,995.0,343.0,1022.0,497.0,1172.0,482.5,212.0024,150.6992,0.7108,1,0,0,0
729,3,0,2,1,1,1,0.9907,0.979,0.937,0.8657,808.0,354.0,675.0,345.5,699.5,463.0,770.0,447.5,133.2713,72.1838,0.5416,1,0,0,0
730,3,0,1,1,1,1,0.9863,0.9897,0.8916,0.897,385.5,231.0,157.375,235.0,233.5,384.5,393.25,397.5,228.1601,160.2781,0.7025,1,0,0,0
730,3,0,0,1,1,1,0.9893,0.9805,0.8975,0.8223,1208.0,344.0,995.0,343.0,1022.5,496.5,1172.0,481.5,213.0023,150.2506,0.7054,1,0,0,0
730,3,0,2,1,1,1,0.9902,0.979,0.9355,0.8662,807.0,354.5,675.0,346.0,699.0,464.0,770.0,448.0,132.2734,72.7805,0.5502,1,0,0,0
731,3,0,1,1,1,1,0.9863,0.9897,0.8911,0.897,385.5,231.0,157.5,235.5,233.5,384.5,393.25,397.5,228.0444,160.2781,0.7028,1,0,0,0
731,3,0,0,1,1,1,0.9893,0.9805,0.8975,0.8223,1208.0,344.0,994.5,343.0,1022.5,496.0,1172.0,481.5,213.5023,150.2015,0.7035,1,0,0,0
731,3,0,2,1,1,1,0.9902,0.979,0.9355,0.8657,807.0,354.5,675.0,346.0,699.0,464.0,770.5,448.0,132.2734,73.2683,0.5539,1,0,0,0
732,3,0,1,1,1,1,0.9873,0.9902,0.8916,0.8945,381.0,230.75,150.0,232.5,228.375,383.0,389.25,398.0,231.0066,161.5728,0.6994,1,0,0,0
732,3,0,0,1,1,1,0.9888,0.9805,0.8965,0.8242,1207.0,343.5,994.5,343.0,1022.0,495.5,1172.0,481.0,212.5006,150.6992,0.7092,1,0,0,0
732,3,0,2,1,1,1,0.9897,0.9795,0.9341,0.8701,806.0,354.0,673.5,345.5,696.0,462.0,769.0,445.5,132.7724,74.8415,0.5637,1,0,0,0
733,3,0,1,1,1,1,0.9873,0.9902,0.8911,0.894,381.0,230.5,150.0,232.5,228.375,383.5,389.5,398.5,231.0087,161.8217,0.7005,1,0,0,0
733,3,0,0,1,1,1,0.9893,0.9805,0.8975,0.8232,1207.0,343.5,994.5,343.0,1021.0,495.5,1172.0,481.0,212.5006,151.6946,0.7139,1,0,0,0
733,3,0,2,1,1,1,0.9897,0.98,0.9336,0.8711,806.0,354.0,673.5,345.5,696.0,462.0,769.0,445.5,132.7724,74.8415,0.5637,1,0,0,0
734,3,0,1,1,1,1,0.9888,0.9897,0.8994,0.8848,378.0,229.5,142.75,229.75,217.875,381.0,386.5,402.5,235.2501,169.9901,0.7226,1,0,0,0
734,3,0,0,1,1,1,0.9888,0.9805,0.8965,0.8252,1207.0,344.0,994.5,342.5,1021.0,495.0,1171.0,480.5,212.5053,150.6992,0.7092,1,0,0,0
734,3,0,2,1,1,1,0.9902,0.981,0.9351,0.877,803.0,354.5,671.0,345.0,697.0,462.0,767.5,445.5,132.3414,72.4051,0.5471,1,0,0,0
735,3,0,1,1,1,1,0.9883,0.9893,0.8975,0.8828,372.5,229.25,132.75,229.5,206.25,381.0,383.75,403.0,239.7501,178.8582,0.746,1,0,0,0
735,3,0,0,1,1,1,0.9883,0.981,0.894,0.8315,1206.0,343.5,995.0,342.0,1021.5,495.5,1170.0,479.5,211.0053,149.3595,0.7078,1,0,0,0
735,3,0,2,1,1,1,0.9854,0.9824,0.9302,0.895,799.5,350.0,667.5,346.0,696.0,460.5,759.0,435.0,132.0606,67.9651,0.5147,1,0,0,0
736,3,0,1,1,1,1,0.9883,0.9893,0.8979,0.8828,372.25,229.25,132.875,229.5,206.75,380.5,383.5,403.0,239.3751,178.1764,0.7443,1,0,0,0
736,3,0,0,1,1,1,0.9883,0.9805,0.895,0.8315,1206.0,343.5,995.0,342.0,1022.0,495.5,1170.0,479.5,211.0053,148.8624,0.7055,1,0,0,0
736,3,0,2,1,1,1,0.9854,0.9824,0.9302,0.895,799.5,350.5,667.5,346.0,696.0,460.5,759.0,435.0,132.0767,67.9651,0.5146,1,0,0,0
737,3,0,1,1,1,1,0.9883,0.9883,0.9038,0.8862,367.75,227.5,126.75,230.25,193.625,383.0,375.5,397.0,241.0157,182.413,0.7569,1,0,0,0
737,3,0,0,1,1,1,0.9883,0.9839,0.8994,0.8369,1211.0,346.0,992.0,346.5,1018.0,491.0,1168.0,480.0,219.0006,150.4028,0.6868,1,0,0,0
737,3,0,2,1,1,1,0.9897,0.9819,0.9346,0.8843,795.0,353.0,663.5,346.0,688.5,459.5,762.0,438.0,131.6862,76.58,0.5815,1,0,0,0
738,3,0,1,1,1,1,0.9883,0.9883,0.9038,0.8862,368.0,227.75,126.75,230.5,193.5,383.0,375.5,397.5,241.2657,182.5767,0.7567,1,0,0,0
738,3,0,0,1,1,1,0.9883,0.9839,0.8994,0.8369,1211.0,346.0,992.0,346.5,1018.0,491.0,1168.0,480.0,219.0006,150.4028,0.6868,1,0,0,0
738,3,0,2,1,1,1,0.9897,0.9819,0.9346,0.8843,795.0,353.0,663.5,346.0,688.5,459.5,762.0,438.0,131.6862,76.58,0.5815,1,0,0,0
739,3,0,1,1,1,1,0.9883,0.9883,0.9028,0.8848,363.5,226.0,121.3125,230.5,191.75,388.0,370.25,398.5,242.2293,178.8086,0.7382,1,0,0,0
739,3,0,0,1,1,1,0.9883,0.9839,0.8989,0.8354,1211.0,345.0,992.0,345.5,1018.0,490.5,1167.0,478.5,219.0006,149.4824,0.6826,1,0,0,0
739,3,0,2,1,1,1,0.9897,0.979,0.9321,0.8711,789.0,356.0,656.5,345.5,675.0,457.5,761.5,435.5,132.9154,89.2539,0.6715,1,0,0,0
740,3,0,1,1,1,1,0.9883,0.9883,0.9028,0.8848,363.5,226.25,121.3125,230.5,191.625,387.5,370.25,398.5,242.2248,178.9634,0.7388,1,0,0,0
740,3,0,0,1,1,1,0.9883,0.9839,0.8989,0.8354,1211.0,345.0,992.0,345.5,1018.0,490.5,1167.0,478.5,219.0006,149.4824,0.6826,1,0,0,0
740,3,0,2,1,1,1,0.9897,0.9795,0.9321,0.8716,789.0,356.0,656.5,345.5,675.0,458.0,761.5,435.5,132.9154,89.3784,0.6724,1,0,0,0
741,3,0,1,1,1,1,0.9883,0.9888,0.8975,0.8833,359.75,226.0,116.375,233.0,185.375,389.5,365.5,404.0,243.4756,180.7077,0.7422,1,0,0,0
741,3,0,0,1,1,1,0.9883,0.9839,0.9004,0.8354,1212.0,345.5,992.5,346.0,1017.0,490.0,1166.0,478.0,219.5006,149.4824,0.681,1,0,0,0
741,3,0,2,1,1,1,0.9878,0.9824,0.938,0.8901,783.0,351.0,650.5,346.0,671.0,454.5,740.0,432.5,132.5943,72.4224,0.5462,1,0,0,0
742,3,0,1,1,1,1,0.9883,0.9893,0.8975,0.8828,359.75,226.0,116.625,233.0,184.875,389.5,365.5,404.0,243.2258,181.2061,0.745,1,0,0,0
742,3,0,0,1,1,1,0.9888,0.9839,0.9004,0.834,1212.0,345.5,992.0,345.5,1017.5,490.0,1167.0,478.0,220.0,149.9808,0.6817,1,0,0,0
742,3,0,2,1,1,1,0.9878,0.9819,0.938,0.8892,783.0,351.5,650.5,345.5,670.5,454.5,740.5,433.0,132.6358,73.2274,0.5521,1,0,0,0
743,3,0,1,1,1,1,0.9883,0.9888,0.9004,0.8848,357.5,223.75,112.875,231.5,185.5,389.5,366.75,400.0,244.7477,181.5539,0.7418,1,0,0,0
743,3,0,0,1,1,1,0.9883,0.9839,0.8989,0.834,1212.0,345.0,992.0,345.0,1017.5,491.0,1167.0,479.5,220.0,149.9417,0.6816,1,0,0,0
743,3,0,2,1,1,1,0.9922,0.9766,0.9468,0.8579,774.5,353.5,644.5,344.0,660.0,453.0,734.5,433.5,130.3467,77.0097,0.5908,1,0,0,0
744,3,0,1,1,1,1,0.9883,0.9883,0.9033,0.8862,357.0,222.0,110.375,228.0,183.75,387.0,366.75,397.0,246.698,183.273,0.7429,1,0,0,0
744,3,0,0,1,1,1,0.9883,0.9844,0.8979,0.8379,1212.0,345.5,993.0,346.0,1018.0,490.0,1170.0,478.5,219.0006,152.4344,0.696,1,0,0,0
744,3,0,2,1,1,1,0.9917,0.981,0.9463,0.876,765.5,353.5,634.5,344.0,654.0,446.5,732.0,436.5,131.344,78.6384,0.5987,1,0,0,0
745,3,0,1,1,1,1,0.9883,0.9883,0.9038,0.8867,357.0,222.0,110.375,227.75,183.375,387.0,366.5,397.0,246.692,183.3978,0.7434,1,0,0,0
745,3,0,0,1,1,1,0.9883,0.9844,0.8979,0.8374,1212.0,345.5,993.0,345.5,1017.5,490.0,1171.0,478.5,219.0,153.9302,0.7029,1,0,0,0
745,3,0,2,1,1,1,0.9917,0.981,0.9458,0.876,765.5,353.0,634.5,343.5,654.0,446.5,732.0,436.5,131.344,78.6384,0.5987,1,0,0,0
746,3,0,1,1,1,1,0.9888,0.9883,0.9077,0.8848,359.5,219.5,110.5625,225.5,182.625,385.0,365.5,397.0,249.0098,183.2683,0.736,1,0,0,0
746,3,0,0,1,1,1,0.9883,0.9839,0.8999,0.8359,1213.0,345.0,993.5,346.0,1018.5,489.5,1170.0,478.5,219.5023,151.8988,0.692,1,0,0,0
746,3,0,2,1,1,1,0.9912,0.9814,0.9419,0.877,755.5,354.5,626.0,345.0,640.5,454.5,723.5,439.5,129.848,84.3445,0.6496,1,0,0,0
747,3,0,1,1,1,1,0.9888,0.9883,0.9077,0.8848,359.5,219.5,110.6875,225.75,182.5,384.5,365.5,397.0,248.891,183.4264,0.737,1,0,0,0
747,3,0,0,1,1,1,0.9883,0.9839,0.8999,0.8359,1213.0,345.0,993.5,346.0,1018.5,489.0,1170.0,478.0,219.5023,151.8988,0.692,1,0,0,0
747,3,0,2,1,1,1,0.9912,0.9814,0.9419,0.877,755.5,354.5,626.0,344.5,640.5,454.5,723.5,439.5,129.8855,84.3445,0.6494,1,0,0,0
748,3,0,1,1,1,1,0.9888,0.9888,0.9033,0.8843,364.75,217.0,113.625,223.75,183.875,386.0,366.5,397.5,251.2157,182.9867,0.7284,1,0,0,0
748,3,0,0,1,1,1,0.9888,0.9839,0.9014,0.834,1213.0,345.0,993.5,346.0,1016.5,490.0,1171.0,479.5,219.5023,154.8564,0.7055,1,0,0,0
748,3,0,2,1,1,1,0.9912,0.9805,0.9443,0.8765,747.0,353.5,620.0,344.5,633.0,455.5,704.5,439.5,127.3185,73.2683,0.5755,1,0,0,0
749,3,0,1,1,1,1,0.9888,0.9888,0.9028,0.8843,364.75,217.0,113.5,223.75,184.125,386.0,366.5,398.0,251.3407,182.7694,0.7272,1,0,0,0
749,3,0,0,1,1,1,0.9888,0.9839,0.9014,0.834,1213.0,345.0,993.5,346.0,1016.5,490.0,1171.0,479.5,219.5023,154.8564,0.7055,1,0,0,0
749,3,0,2,1,1,1,0.9912,0.9805,0.9443,0.876,747.0,353.5,620.0,344.5,633.0,455.5,704.0,439.5,127.3185,72.7805,0.5716,1,0,0,0
750,3,0,1,1,1,1,0.9888,0.9888,0.9033,0.8848,371.5,215.75,117.875,222.5,190.125,388.0,367.75,401.5,253.7148,178.1373,0.7021,1,0,0,0
750,3,0,0,1,1,1,0.9883,0.9844,0.8999,0.8354,1213.0,345.0,994.0,347.0,1017.0,490.0,1172.0,479.0,219.0091,155.3898,0.7095,1,0,0,0
750,3,0,2,1,1,1,0.9912,0.98,0.9419,0.8726,740.0,354.0,613.5,346.0,628.0,457.5,702.0,440.0,126.7527,76.0411,0.5999,1,0,0,0
751,3,0,1,1,1,1,0.9888,0.9888,0.9033,0.8848,371.25,215.5,118.1875,222.5,190.0,388.0,367.75,402.0,253.1593,178.3005,0.7043,1,0,0,0
751,3,0,0,1,1,1,0.9888,0.9844,0.8999,0.835,1213.0,345.0,993.5,347.0,1016.5,490.5,1172.0,479.0,219.5091,155.9247,0.7103,1,0,0,0
751,3,0,2,1,1,1,0.9912,0.98,0.9419,0.8726,740.0,354.0,613.5,346.0,628.5,457.5,702.0,440.5,126.7527,75.4404,0.5952,1,0,0,0
752,3,0,1,1,1,1,0.9883,0.9897,0.9004,0.8911,378.25,218.0,124.9375,222.5,198.0,385.0,370.5,403.5,253.3525,173.4892,0.6848,1,0,0,0
752,3,0,0,1,1,1,0.9883,0.9844,0.8989,0.8364,1213.0,345.0,993.5,347.0,1016.5,490.0,1174.0,479.0,219.5091,157.8837,0.7193,1,0,0,0
752,3,0,2,1,1,1,0.9907,0.9805,0.9385,0.8774,734.0,355.0,605.0,346.0,627.0,459.5,701.5,440.5,129.3136,76.8847,0.5946,1,0,0,0
753,3,0,1,1,1,1,0.9878,0.9897,0.9004,0.8916,378.25,218.25,125.0,222.5,199.0,385.0,370.25,403.0,253.2857,172.1934,0.6798,1,0,0,0
753,3,0,0,1,1,1,0.9883,0.9844,0.8989,0.8369,1212.0,345.0,993.5,347.5,1016.5,490.0,1174.0,479.0,218.5143,157.8837,0.7225,1,0,0,0
753,3,0,2,1,1,1,0.9907,0.9805,0.9385,0.877,734.0,354.5,605.0,346.0,627.0,459.0,701.5,440.5,129.2797,76.7626,0.5938,1,0,0,0
754,3,0,1,1,1,1,0.9873,0.9888,0.9028,0.8906,385.0,224.0,133.5,226.75,203.0,383.0,373.5,410.5,251.515,172.7035,0.6867,1,0,0,0
754,3,0,0,1,1,1,0.9883,0.9844,0.8984,0.8354,1213.0,345.0,993.5,347.0,1017.0,490.0,1175.0,479.0,219.5091,158.3824,0.7215,1,0,0,0
754,3,0,2,1,1,1,0.9897,0.9819,0.9312,0.8872,728.5,356.0,599.5,348.5,627.0,457.5,698.5,439.0,129.2178,73.8546,0.5716,1,0,0,0
755,3,0,1,1,1,1,0.9873,0.9888,0.9028,0.8906,385.0,223.75,133.5,226.75,203.25,383.0,373.5,410.5,251.5179,172.4567,0.6857,1,0,0,0
755,3,0,0,1,1,1,0.9883,0.9844,0.8984,0.8354,1213.0,345.0,993.5,347.0,1017.0,490.0,1175.0,479.0,219.5091,158.3824,0.7215,1,0,0,0
755,3,0,2,1,1,1,0.9897,0.9819,0.9312,0.8872,728.5,356.0,599.5,348.5,626.5,457.5,698.5,439.0,129.2178,74.3388,0.5753,1,0,0,0
756,3,0,1,1,1,1,0.9863,0.9883,0.8989,0.8848,397.25,223.0,146.0,231.25,205.5,385.0,377.0,416.5,251.3854,174.3689,0.6936,1,0,0,0
756,3,0,0,1,1,1,0.9883,0.9849,0.897,0.8354,1214.0,345.0,994.0,347.0,1016.5,490.0,1175.0,480.0,220.0091,158.8151,0.7219,1,0,0,0
756,3,0,2,1,1,1,0.9893,0.9814,0.9297,0.8877,725.0,355.0,596.0,348.0,624.5,456.0,697.0,436.0,129.1898,75.208,0.5822,1,0,0,0
757,3,0,1,1,1,1,0.9854,0.9883,0.8911,0.8804,407.75,223.25,154.25,228.5,202.375,379.5,389.0,408.0,253.5544,188.7886,0.7446,1,0,0,0
757,3,0,0,1,1,1,0.9883,0.9844,0.8984,0.835,1214.0,345.5,994.0,347.0,1017.0,491.0,1174.0,481.5,220.0051,157.2872,0.7149,1,0,0,0
757,3,0,2,1,1,1,0.9863,0.9844,0.9312,0.9038,723.0,346.5,592.5,347.0,624.5,457.0,691.0,429.0,130.501,72.1543,0.5529,1,0,0,0
758,3,0,1,1,1,1,0.9854,0.9883,0.8906,0.8799,407.5,223.0,154.0,228.5,202.375,380.0,389.5,408.0,253.5597,189.2083,0.7462,1,0,0,0
758,3,0,0,1,1,1,0.9888,0.9844,0.8989,0.834,1214.0,345.5,994.0,347.0,1017.0,491.0,1174.0,481.5,220.0051,157.2872,0.7149,1,0,0,0
758,3,0,2,1,1,1,0.9917,0.9805,0.9355,0.8818,723.5,355.0,597.0,346.0,620.0,457.0,692.0,437.0,126.8198,74.7262,0.5892,1,0,0,0
759,3,0,1,1,1,1,0.9839,0.9888,0.8843,0.8862,412.25,225.75,160.125,228.5,204.5,383.5,385.0,416.0,252.14,183.4026,0.7274,1,0,0,0
759,3,0,0,1,1,1,0.9888,0.9844,0.8994,0.8354,1214.0,345.5,994.0,347.0,1017.0,491.0,1172.0,482.0,220.0051,155.2611,0.7057,1,0,0,0
759,3,0,2,1,1,1,0.9922,0.9795,0.938,0.8774,722.0,353.5,595.0,347.0,617.0,456.5,692.5,437.5,127.1662,77.854,0.6122,1,0,0,0
760,3,0,1,1,1,1,0.9839,0.9888,0.8843,0.8862,412.25,225.75,159.875,228.75,204.75,383.0,385.0,416.0,252.3928,183.2459,0.726,1,0,0,0
760,3,0,0,1,1,1,0.9888,0.9844,0.8994,0.835,1214.0,345.5,994.0,347.0,1017.0,490.5,1172.0,482.0,220.0051,155.2329,0.7056,1,0,0,0
760,3,0,2,1,1,1,0.9922,0.9795,0.938,0.8765,722.0,353.5,595.0,346.5,617.0,456.5,692.0,437.5,127.1928,77.3692,0.6083,1,0,0,0
761,3,0,1,1,1,1,0.9863,0.9868,0.9082,0.8906,411.0,224.75,166.125,223.75,223.125,381.5,382.5,415.5,244.877,162.9613,0.6655,1,0,0,0
761,3,0,0,1,1,1,0.9883,0.9844,0.8984,0.8379,1214.0,345.5,994.5,347.0,1017.5,491.0,1173.0,483.5,219.5051,155.6808,0.7092,1,0,0,0
761,3,0,2,1,1,1,0.9873,0.9844,0.9346,0.9053,719.5,345.0,589.5,346.5,622.5,457.0,690.5,429.0,130.0087,73.5391,0.5656,1,0,0,0
762,3,0,1,1,1,1,0.9863,0.9868,0.9072,0.8906,411.25,224.5,166.25,224.0,222.625,381.5,382.0,415.5,245.0005,162.9613,0.6651,1,0,0,0
762,3,0,0,1,1,1,0.9883,0.9844,0.8979,0.8379,1214.0,345.5,994.5,347.0,1017.0,491.5,1173.0,483.5,219.5051,156.205,0.7116,1,0,0,0
762,3,0,2,1,1,1,0.9873,0.9844,0.9351,0.9053,719.5,345.0,589.5,346.5,622.5,457.0,690.5,428.5,130.0087,73.7309,0.5671,1,0,0,0
763,3,0,1,1,1,1,0.9854,0.9858,0.9141,0.8975,416.75,225.25,175.625,225.5,228.125,385.0,379.0,428.5,241.1251,157.0207,0.6512,1,0,0,0
763,3,0,0,1,1,1,0.9883,0.9844,0.8994,0.835,1214.0,345.5,994.0,347.0,1017.0,491.0,1172.0,483.0,220.0051,155.2063,0.7055,1,0,0,0
763,3,0,2,1,1,1,0.9863,0.9844,0.9316,0.9067,720.0,344.5,589.0,347.0,623.0,456.5,691.0,429.5,131.0239,73.1642,0.5584,1,0,0,0
764,3,0,1,1,1,1,0.9858,0.9858,0.915,0.895,423.75,225.75,179.875,224.25,236.0,383.5,389.0,429.5,243.8796,159.7655,0.6551,1,0,0,0
764,3,0,0,1,1,1,0.9883,0.9844,0.9004,0.8359,1214.0,345.0,995.0,346.0,1018.0,492.0,1171.0,483.5,219.0023,153.2359,0.6997,1,0,0,0
764,3,0,2,1,1,1,0.9922,0.979,0.9385,0.8774,722.0,353.0,596.0,347.0,619.0,454.0,693.5,436.0,126.1428,76.6437,0.6076,1,0,0,0
765,3,0,1,1,1,1,0.9858,0.9858,0.915,0.895,423.5,226.0,180.0,224.25,236.0,383.5,389.0,429.5,243.5063,159.7655,0.6561,1,0,0,0
765,3,0,0,1,1,1,0.9888,0.9844,0.9004,0.8359,1214.0,345.0,995.0,346.0,1018.0,492.0,1171.0,483.5,219.0023,153.2359,0.6997,1,0,0,0
765,3,0,2,1,1,1,0.9922,0.979,0.9385,0.877,722.0,353.0,596.0,347.0,619.0,454.0,693.5,436.0,126.1428,76.6437,0.6076,1,0,0,0
766,3,0,1,1,1,1,0.9868,0.9854,0.918,0.8853,429.75,226.75,186.25,223.0,242.875,387.5,402.0,427.5,243.5289,164.0755,0.6737,1,0,0,0
766,3,0,0,1,1,1,0.9888,0.9844,0.9004,0.835,1214.0,345.5,995.0,346.5,1017.5,492.0,1170.0,484.0,219.0023,152.7097,0.6973,1,0,0,0
766,3,0,2,1,1,1,0.9932,0.979,0.9463,0.8809,723.0,349.5,597.0,346.0,627.0,455.5,693.0,436.0,126.0486,68.8204,0.546,1,0,0,0
767,3,0,1,1,1,1,0.9868,0.9854,0.918,0.8853,429.75,226.75,186.25,223.0,242.75,387.5,402.0,428.0,243.5289,164.3192,0.6747,1,0,0,0
767,3,0,0,1,1,1,0.9888,0.9844,0.8999,0.8345,1214.0,345.5,995.0,346.5,1017.5,492.0,1170.0,484.0,219.0023,152.7097,0.6973,1,0,0,0
767,3,0,2,1,1,1,0.9932,0.979,0.9458,0.8809,723.0,350.0,597.0,346.0,627.0,455.0,693.0,436.0,126.0635,68.6804,0.5448,1,0,0,0
768,3,0,1,1,1,1,0.9868,0.9854,0.918,0.8843,432.25,227.5,188.75,222.75,243.875,386.5,403.0,427.0,243.5463,164.1981,0.6742,1,0,0,0
768,3,0,0,1,1,1,0.9883,0.9844,0.8989,0.8364,1214.0,346.0,995.5,347.0,1018.0,491.0,1171.0,483.0,218.5023,153.209,0.7012,1,0,0,0
768,3,0,2,1,1,1,0.9897,0.9819,0.9336,0.8916,726.5,354.0,598.0,350.5,624.5,451.0,700.0,435.5,128.5477,77.0746,0.5996,1,0,0,0
769,3,0,1,1,1,1,0.9868,0.9854,0.918,0.8843,432.25,227.5,189.0,222.75,243.75,386.5,402.5,427.5,243.2964,163.959,0.6739,1,0,0,0
769,3,0,0,1,1,1,0.9883,0.9844,0.8999,0.8354,1214.0,345.5,995.5,346.5,1017.5,491.5,1171.0,483.0,218.5023,153.7352,0.7036,1,0,0,0
769,3,0,2,1,1,1,0.9907,0.9844,0.9395,0.9004,726.0,351.0,597.0,350.0,627.0,450.0,696.5,434.5,129.0039,71.2074,0.552,1,0,0,0
770,3,0,1,1,1,1,0.9868,0.9854,0.9189,0.8843,433.75,227.75,191.625,222.25,247.5,384.5,405.25,428.5,242.1875,163.7714,0.6762,1,0,0,0
770,3,0,0,1,1,1,0.9883,0.9844,0.8979,0.8389,1214.0,346.0,995.5,347.0,1018.0,492.0,1172.0,483.5,218.5023,154.2344,0.7059,1,0,0,0
770,3,0,2,1,1,1,0.9897,0.9814,0.9355,0.8887,730.0,355.0,601.5,351.0,626.0,453.0,704.0,438.0,128.5622,79.4292,0.6178,1,0,0,0
771,3,0,1,1,1,1,0.9868,0.9854,0.918,0.8843,435.75,229.0,193.25,222.5,249.25,382.5,408.5,425.0,242.5871,164.8236,0.6794,1,0,0,0
771,3,0,0,1,1,1,0.9883,0.9844,0.8999,0.8389,1214.0,346.0,995.5,347.0,1020.0,492.0,1171.0,483.0,218.5023,151.268,0.6923,1,0,0,0
771,3,0,2,1,1,1,0.9907,0.981,0.9409,0.8862,735.0,353.5,607.5,350.0,628.0,451.5,706.0,436.5,127.548,79.4292,0.6227,1,0,0,0
772,3,0,1,1,1,1,0.9868,0.9854,0.918,0.8843,436.0,228.75,193.25,222.25,249.5,382.5,408.5,425.0,242.837,164.582,0.6777,1,0,0,0
772,3,0,0,1,1,1,0.9883,0.9844,0.8994,0.8389,1214.0,346.0,995.5,347.0,1020.0,492.0,1171.0,483.0,218.5023,151.268,0.6923,1,0,0,0
772,3,0,2,1,1,1,0.9907,0.981,0.9409,0.8862,735.0,353.5,608.0,350.0,628.0,452.0,706.0,436.5,127.0482,79.5252,0.6259,1,0,0,0
773,3,0,1,1,1,1,0.9868,0.9849,0.9209,0.8848,436.0,230.25,193.25,222.5,250.625,382.0,407.5,426.5,242.8737,163.0645,0.6714,1,0,0,0
773,3,0,0,1,1,1,0.9883,0.9844,0.8984,0.8384,1214.0,346.0,995.0,346.5,1020.5,491.0,1171.0,483.0,219.0006,150.7125,0.6882,1,0,0,0
773,3,0,2,1,1,1,0.9917,0.9824,0.9453,0.8931,740.5,352.5,613.0,349.5,636.0,452.5,716.0,435.5,127.5353,81.7863,0.6413,1,0,0,0
774,3,0,1,1,1,1,0.9868,0.9849,0.9214,0.8848,436.0,230.0,193.375,222.5,250.5,382.0,407.5,426.5,242.7409,163.1847,0.6723,1,0,0,0
774,3,0,0,1,1,1,0.9883,0.9844,0.8989,0.8379,1214.0,346.0,995.0,346.5,1020.0,491.5,1171.0,483.0,219.0006,151.239,0.6906,1,0,0,0
774,3,0,2,1,1,1,0.9917,0.9829,0.9453,0.8936,740.5,352.5,613.5,349.5,636.0,452.5,715.5,435.5,127.0354,81.2973,0.64,1,0,0,0
775,3,0,1,1,1,1,0.9868,0.9849,0.9238,0.8862,434.0,230.5,193.0,223.5,250.375,381.0,407.5,424.0,241.1016,162.9026,0.6757,1,0,0,0
775,3,0,0,1,1,1,0.9883,0.9844,0.8979,0.8374,1214.0,345.5,995.0,346.5,1020.5,491.0,1171.0,483.0,219.0023,150.7125,0.6882,1,0,0,0
775,3,0,2,1,1,1,0.9917,0.9839,0.9448,0.8975,747.0,353.0,619.5,349.5,649.0,448.5,726.5,434.0,127.548,78.8448,0.6182,1,0,0,0
776,3,0,1,1,1,1,0.9868,0.9849,0.9229,0.8857,434.25,230.5,193.125,223.5,250.625,380.5,407.5,424.0,241.2266,162.7944,0.6749,1,0,0,0
776,3,0,0,1,1,1,0.9883,0.9844,0.8984,0.8374,1214.0,345.5,995.0,346.5,1020.5,491.0,1171.0,483.0,219.0023,150.7125,0.6882,1,0,0,0
776,3,0,2,1,1,1,0.9917,0.9839,0.9448,0.8975,747.0,353.0,619.5,349.5,649.0,448.5,726.5,434.0,127.548,78.8448,0.6182,1,0,0,0
777,3,0,1,1,1,1,0.9868,0.9854,0.9204,0.8906,430.25,231.5,192.0,224.5,250.5,380.5,408.0,419.0,238.3528,162.1373,0.6802,1,0,0,0
777,3,0,0,1,1,1,0.9883,0.9844,0.8975,0.8359,1215.0,346.0,995.0,347.0,1020.5,490.5,1172.0,483.5,220.0023,151.6616,0.6894,1,0,0,0
777,3,0,2,1,1,1,0.9917,0.9839,0.9453,0.897,753.5,351.5,625.0,349.5,656.0,445.0,736.0,432.0,128.5156,81.0494,0.6307,1,0,0,0
778,3,0,1,1,1,1,0.9868,0.9854,0.9199,0.8901,430.25,231.5,192.0,224.25,250.5,380.5,408.25,419.0,238.3603,162.3801,0.6812,1,0,0,0
778,3,0,0,1,1,1,0.9883,0.9844,0.8975,0.8359,1214.0,346.0,995.0,347.0,1021.0,490.0,1172.0,483.5,219.0023,151.1398,0.6901,1,0,0,0
778,3,0,2,1,1,1,0.9917,0.9839,0.9448,0.8975,753.5,351.5,625.0,349.5,655.5,445.0,736.0,432.0,128.5156,81.5429,0.6345,1,0,0,0
779,3,0,1,1,1,1,0.9863,0.9863,0.9165,0.8965,424.75,230.5,189.0,223.75,248.0,381.0,414.5,411.0,235.8466,169.1811,0.7173,1,0,0,0
779,3,0,0,1,1,1,0.9883,0.9844,0.897,0.8374,1214.0,346.0,995.0,347.0,1021.0,491.0,1171.0,483.5,219.0023,150.1874,0.6858,1,0,0,0
779,3,0,2,1,1,1,0.9937,0.9854,0.9414,0.8887,758.0,349.5,629.5,348.0,658.5,446.0,736.0,431.0,128.5088,78.9383,0.6143,1,0,0,0
780,3,0,1,1,1,1,0.9868,0.9858,0.9165,0.8926,425.25,230.5,187.125,225.75,243.125,380.5,418.5,404.0,238.1724,176.9425,0.7429,1,0,0,0
780,3,0,0,1,1,1,0.9883,0.9844,0.8979,0.8413,1215.0,346.5,995.0,348.0,1021.0,491.5,1170.0,483.5,220.0051,149.2146,0.6782,1,0,0,0
780,3,0,2,1,1,1,0.9932,0.9873,0.9443,0.9038,763.5,349.5,635.5,348.5,662.5,445.0,741.0,432.5,128.0039,79.489,0.621,1,0,0,0
781,3,0,1,1,1,1,0.9868,0.9858,0.9165,0.8926,425.25,230.5,187.125,225.75,243.25,380.5,418.25,404.0,238.1724,176.5708,0.7414,1,0,0,0
781,3,0,0,1,1,1,0.9883,0.9844,0.8984,0.8413,1214.0,346.5,995.0,347.5,1021.0,491.5,1170.0,483.5,219.0023,149.2146,0.6813,1,0,0,0
781,3,0,2,1,1,1,0.9932,0.9873,0.9443,0.9038,763.5,349.5,635.5,348.5,662.5,445.0,741.5,433.0,128.0039,79.9062,0.6242,1,0,0,0
782,3,0,1,1,1,1,0.9863,0.9858,0.9111,0.8906,419.0,233.5,183.25,229.0,236.75,378.5,412.5,407.0,235.7929,178.0458,0.7551,1,0,0,0
782,3,0,0,1,1,1,0.9878,0.9844,0.8975,0.8423,1215.0,346.5,995.5,347.5,1022.0,491.0,1171.0,483.0,219.5023,149.2146,0.6798,1,0,0,0
782,3,0,2,1,1,1,0.9932,0.9863,0.9434,0.895,770.0,349.0,642.5,347.5,667.0,447.0,750.0,433.5,127.5088,84.0907,0.6595,1,0,0,0
783,3,0,1,1,1,1,0.9863,0.9863,0.9111,0.8911,419.0,233.5,183.125,229.0,236.625,378.5,412.5,406.5,235.9179,178.0899,0.7549,1,0,0,0
783,3,0,0,1,1,1,0.9878,0.9844,0.8975,0.8423,1215.0,347.0,995.5,347.5,1022.5,491.0,1171.0,483.0,219.5006,148.7153,0.6775,1,0,0,0
783,3,0,2,1,1,1,0.9932,0.9863,0.9434,0.8955,770.0,349.0,642.5,347.5,667.0,447.0,750.0,433.5,127.5088,84.0907,0.6595,1,0,0,0
784,3,0,1,1,1,1,0.9854,0.9863,0.9087,0.8945,415.25,234.0,180.0,229.25,242.0,377.0,406.0,400.0,235.2979,165.605,0.7038,1,0,0,0
784,3,0,0,1,1,1,0.9883,0.9844,0.897,0.8374,1215.0,346.0,994.5,347.0,1021.5,491.5,1171.0,483.5,220.5023,149.7139,0.679,1,0,0,0
784,3,0,2,1,1,1,0.9907,0.9819,0.9355,0.8901,778.0,351.5,649.5,348.5,678.0,452.0,757.0,435.5,128.535,80.7047,0.6279,1,0,0,0
785,3,0,1,1,1,1,0.9858,0.9863,0.9087,0.894,415.0,234.0,180.0,229.0,242.375,377.5,406.0,400.0,235.0532,165.1647,0.7027,1,0,0,0
785,3,0,0,1,1,1,0.9883,0.9844,0.8975,0.8364,1215.0,346.0,994.5,347.5,1021.0,491.0,1171.0,484.0,220.5051,150.1632,0.681,1,0,0,0
785,3,0,2,1,1,1,0.9907,0.9819,0.9355,0.8896,778.0,351.5,649.5,348.5,678.0,452.0,757.0,435.5,128.535,80.7047,0.6279,1,0,0,0
786,3,0,1,1,1,1,0.9839,0.9893,0.8774,0.8857,414.25,230.0,172.25,229.0,229.75,374.5,402.75,395.0,242.0021,174.2104,0.7199,1,0,0,0
786,3,0,0,1,1,1,0.9883,0.9844,0.8989,0.8374,1215.0,346.5,995.0,347.5,1022.5,492.0,1171.0,484.0,220.0023,148.7153,0.676,1,0,0,0
786,3,0,2,1,1,1,0.9907,0.9824,0.9365,0.8936,784.0,353.5,658.0,350.0,690.5,455.5,756.5,437.5,126.0486,68.4105,0.5427,1,0,0,0
787,3,0,1,1,1,1,0.9834,0.9893,0.8765,0.8853,414.0,230.0,172.125,229.0,229.75,374.5,402.5,395.0,241.8771,173.9621,0.7192,1,0,0,0
787,3,0,0,1,1,1,0.9883,0.9844,0.8984,0.8369,1215.0,346.5,995.0,347.5,1022.5,492.0,1170.0,484.0,220.0023,147.7168,0.6714,1,0,0,0
787,3,0,2,1,1,1,0.9907,0.9824,0.937,0.8936,784.0,353.5,658.0,350.0,690.5,455.5,756.5,437.5,126.0486,68.4105,0.5427,1,0,0,0
788,3,0,1,1,1,1,0.9844,0.9897,0.8774,0.8857,407.5,230.0,165.625,229.5,222.875,369.5,404.5,392.0,241.8755,183.0134,0.7566,1,0,0,0
788,3,0,0,1,1,1,0.9883,0.9844,0.8989,0.8398,1215.0,346.5,994.5,347.0,1021.0,492.0,1174.0,482.5,220.5006,153.2947,0.6952,1,0,0,0
788,3,0,2,1,1,1,0.9912,0.9834,0.9419,0.8965,788.5,352.5,664.0,351.0,694.5,459.5,759.5,440.0,124.509,67.862,0.545,1,0,0,0
789,3,0,1,1,1,1,0.9844,0.9897,0.8779,0.8857,407.25,230.0,165.5,229.5,222.875,369.5,404.25,392.5,241.7505,182.8275,0.7563,1,0,0,0
789,3,0,0,1,1,1,0.9883,0.9844,0.8989,0.8398,1215.0,346.5,994.5,347.0,1021.5,491.5,1174.0,482.5,220.5006,152.7653,0.6928,1,0,0,0
789,3,0,2,1,1,1,0.9912,0.9834,0.9419,0.897,788.5,352.5,664.0,351.0,694.5,459.5,759.5,440.0,124.509,67.862,0.545,1,0,0,0
790,3,0,1,1,1,1,0.9849,0.9897,0.8848,0.8906,399.75,230.25,158.75,230.75,222.0,372.0,406.0,390.0,241.0005,184.8783,0.7671,1,0,0,0
790,3,0,0,1,1,1,0.9888,0.9839,0.9004,0.835,1215.0,346.0,994.5,347.5,1021.0,492.0,1173.0,483.5,220.5051,152.2375,0.6904,1,0,0,0
790,3,0,2,1,1,1,0.9907,0.9829,0.9424,0.895,794.0,352.5,668.0,351.0,698.0,460.5,761.5,441.5,126.0089,66.2816,0.526,1,0,0,0
791,3,0,1,1,1,1,0.9858,0.9893,0.8931,0.894,392.0,232.0,151.25,232.5,223.75,372.0,400.25,390.0,240.7505,177.4155,0.7369,1,0,0,0
791,3,0,0,1,1,1,0.9883,0.9844,0.8979,0.8364,1215.0,345.5,994.5,347.0,1021.0,492.0,1172.0,482.5,220.5051,151.2985,0.6861,1,0,0,0
791,3,0,2,1,1,1,0.9912,0.9834,0.9424,0.8945,797.5,352.5,672.5,351.0,700.0,462.0,761.0,443.0,125.009,63.8905,0.5111,1,0,0,0
792,3,0,1,1,1,1,0.9858,0.9893,0.8936,0.894,391.75,232.0,151.25,232.5,224.0,372.0,400.5,390.0,240.5005,177.4155,0.7377,1,0,0,0
792,3,0,0,1,1,1,0.9883,0.9844,0.8975,0.8369,1215.0,345.0,994.5,347.0,1021.0,492.0,1172.0,482.5,220.5091,151.2985,0.6861,1,0,0,0
792,3,0,2,1,1,1,0.9912,0.9834,0.9424,0.8945,797.5,352.5,672.5,351.0,700.0,462.0,761.0,443.0,125.009,63.8905,0.5111,1,0,0,0
793,3,0,1,1,1,1,0.9873,0.9893,0.8994,0.8896,385.75,233.0,144.5,234.5,226.75,377.0,397.0,394.0,241.2547,171.0966,0.7092,1,0,0,0
793,3,0,0,1,1,1,0.9883,0.9849,0.8965,0.8384,1216.0,346.0,993.5,347.0,1021.0,492.0,1170.0,483.0,222.5022,149.2716,0.6709,1,0,0,0
793,3,0,2,1,1,1,0.9912,0.9824,0.9438,0.8867,800.0,352.0,676.0,349.5,702.0,461.5,761.0,443.0,124.0252,61.8324,0.4985,1,1,1,0
794,3,0,1,1,1,1,0.9873,0.9893,0.8994,0.8896,385.75,233.0,144.5,234.5,226.75,377.0,397.0,394.0,241.2547,171.0966,0.7092,1,0,0,0
794,3,0,0,1,1,1,0.9883,0.9849,0.8965,0.8384,1216.0,346.0,993.5,347.0,1021.0,492.0,1170.0,483.0,222.5022,149.2716,0.6709,1,0,0,0
794,3,0,2,1,1,1,0.9912,0.9824,0.9438,0.8867,800.5,352.0,676.0,349.5,702.0,462.0,761.0,443.0,124.5251,61.9839,0.4978,1,1,2,0
795,3,0,1,1,1,1,0.9878,0.9893,0.897,0.8853,379.0,233.0,141.125,235.0,218.125,380.5,396.0,398.0,237.8834,178.7338,0.7514,1,0,0,0
795,3,0,0,1,1,1,0.9888,0.9844,0.8979,0.8345,1215.0,346.0,993.5,347.5,1020.5,492.0,1170.0,483.0,221.5051,149.7707,0.6761,1,0,0,0
795,3,0,2,1,1,1,0.9917,0.9814,0.9478,0.8818,802.0,353.0,678.5,349.0,701.0,460.5,759.5,444.0,123.5648,60.7824,0.4919,1,1,3,0
796,3,0,1,1,1,1,0.9878,0.9893,0.8975,0.8853,379.0,233.0,141.125,235.0,218.5,380.0,395.5,398.0,237.8834,177.9129,0.7479,1,0,0,0
796,3,0,0,1,1,1,0.9888,0.9844,0.8984,0.8345,1215.0,345.5,993.5,347.5,1020.5,492.0,1170.0,483.0,221.509,149.7707,0.6761,1,0,0,0
796,3,0,2,1,1,1,0.9917,0.9814,0.9478,0.8818,802.0,353.0,678.5,349.0,701.0,460.5,759.5,444.0,123.5648,60.7824,0.4919,1,1,4,0
797,3,0,1,1,1,1,0.9868,0.9893,0.895,0.8931,375.5,232.0,139.75,235.0,231.5,378.0,398.0,392.0,235.7691,167.0876,0.7087,1,0,0,0
797,3,0,0,1,1,1,0.9883,0.9849,0.8979,0.8379,1215.0,346.0,993.5,346.5,1020.5,492.5,1172.0,482.5,221.5006,151.8297,0.6855,1,0,0,0
797,3,0,2,1,1,1,0.9917,0.9814,0.9482,0.8813,803.5,353.0,680.0,348.0,702.0,460.0,760.5,444.0,123.6012,60.6486,0.4907,1,1,5,0
798,3,0,1,1,1,1,0.9873,0.9893,0.895,0.8926,375.75,232.0,139.5,235.0,231.25,378.0,398.0,392.5,236.269,167.3792,0.7084,1,0,0,0
798,3,0,0,1,1,1,0.9883,0.9849,0.8975,0.8379,1215.0,346.0,993.5,347.0,1021.0,492.5,1172.0,482.0,221.5023,151.3646,0.6834,1,0,0,0
798,3,0,2,1,1,1,0.9917,0.9814,0.9482,0.8818,803.5,353.0,680.0,348.0,702.0,460.0,760.5,444.0,123.6012,60.6486,0.4907,1,1,6,1
799,3,0,1,1,1,1,0.9873,0.9893,0.8931,0.8901,374.0,230.0,139.75,235.0,240.875,374.0,398.25,389.0,234.3034,158.0882,0.6747,1,0,0,0
799,3,0,0,1,1,1,0.9888,0.9814,0.8945,0.8296,1210.0,343.5,996.5,343.0,1022.5,496.0,1174.0,482.0,213.5006,152.1455,0.7126,1,0,0,0
799,3,0,2,1,1,1,0.9917,0.9819,0.9473,0.8833,804.0,354.0,680.5,347.5,701.0,459.5,762.5,444.0,123.6709,63.4232,0.5128,1,0,0,0
800,3,0,1,1,1,1,0.9873,0.9893,0.8916,0.8882,375.75,227.5,142.25,235.0,238.5,372.5,399.5,389.5,233.6204,161.895,0.693,1,0,0,0
800,3,0,0,1,1,1,0.9883,0.9814,0.895,0.8301,1210.0,343.5,997.0,343.0,1021.5,495.0,1173.0,481.5,213.0006,152.1003,0.7141,1,0,0,0
800,3,0,2,1,1,1,0.9912,0.9824,0.9438,0.8838,803.0,354.5,680.5,348.0,700.5,459.5,764.0,443.5,122.6723,65.4847,0.5338,1,0,0,0
801,3,0,1,1,1,1,0.9873,0.9893,0.8916,0.8887,375.5,227.75,142.25,235.0,238.625,372.5,399.5,389.5,233.3626,161.7707,0.6932,1,0,0,0
801,3,0,0,1,1,1,0.9883,0.9814,0.895,0.8306,1210.0,343.0,997.0,343.0,1021.5,495.0,1173.0,481.5,213.0,152.1003,0.7141,1,0,0,0
801,3,0,2,1,1,1,0.9912,0.9824,0.9434,0.8838,803.0,355.0,680.5,348.0,700.5,459.5,764.5,444.0,122.6998,65.8502,0.5367,1,0,0,0
802,3,0,1,1,1,1,0.9868,0.9897,0.8843,0.8916,376.5,227.5,146.75,235.5,246.5,373.0,403.0,382.5,229.8892,156.7881,0.682,1,0,0,0
802,3,0,0,1,1,1,0.9888,0.9844,0.9004,0.835,1216.0,346.0,993.5,347.0,1021.0,489.5,1174.0,480.0,222.5022,153.2947,0.689,1,0,0,0
802,3,0,2,1,1,1,0.9912,0.9834,0.9434,0.8906,803.0,355.0,680.0,347.5,698.0,459.0,767.0,442.5,123.2284,70.9454,0.5757,1,0,0,0
803,3,0,1,1,1,1,0.9868,0.9897,0.8843,0.8916,376.5,227.5,146.75,236.0,246.5,373.0,402.75,383.0,229.9072,156.5697,0.681,1,0,0,0
803,3,0,0,1,1,1,0.9888,0.981,0.896,0.8296,1211.0,343.5,996.0,343.0,1023.5,493.5,1174.0,481.0,215.0006,151.0182,0.7024,1,0,0,0
803,3,0,2,1,1,1,0.9912,0.9834,0.9434,0.8901,803.0,355.0,680.0,347.5,698.0,459.0,767.0,442.5,123.2284,70.9454,0.5757,1,0,0,0
804,3,0,1,1,1,1,0.9858,0.9902,0.8755,0.894,379.25,229.5,152.875,237.0,249.25,373.0,405.0,382.5,226.4992,156.0395,0.6889,1,0,0,0
804,3,0,0,1,1,1,0.9888,0.9814,0.8936,0.8296,1211.0,343.5,996.5,343.0,1023.0,494.0,1174.0,480.5,214.5006,151.6023,0.7068,1,0,0,0
804,3,0,2,1,1,1,0.9912,0.9849,0.9409,0.8984,801.5,354.5,678.5,346.5,698.0,458.5,767.5,441.0,123.2599,71.6694,0.5814,1,0,0,0
805,3,0,1,1,1,1,0.9858,0.9897,0.8765,0.8843,383.5,231.0,160.5,238.5,247.125,373.0,406.5,384.5,223.1261,159.7894,0.7161,1,0,0,0
805,3,0,0,1,1,1,0.9888,0.9819,0.8916,0.8291,1211.0,343.0,996.0,343.0,1022.0,494.5,1175.0,480.5,215.0,153.6392,0.7146,1,0,0,0
805,3,0,2,1,1,1,0.9907,0.9858,0.9404,0.9053,799.0,354.0,675.5,346.0,698.5,455.0,766.0,439.0,123.7588,69.3704,0.5605,1,0,0,0
806,3,0,1,1,1,1,0.9858,0.9897,0.876,0.8838,383.5,230.75,160.5,239.0,246.875,373.0,406.75,384.5,223.1526,160.2881,0.7183,1,0,0,0
806,3,0,0,1,1,1,0.9888,0.9819,0.8916,0.8291,1211.0,343.0,996.0,343.0,1022.0,494.5,1175.0,480.0,215.0,153.6856,0.7148,1,0,0,0
806,3,0,2,1,1,1,0.9907,0.9858,0.9404,0.9053,799.0,354.0,675.5,346.0,698.5,455.0,766.0,439.0,123.7588,69.3704,0.5605,1,0,0,0
807,3,0,1,1,1,1,0.9854,0.9888,0.8838,0.8887,388.75,234.0,170.125,241.0,258.25,374.0,411.25,380.0,218.737,153.1176,0.7,1,0,0,0
807,3,0,0,1,1,1,0.9888,0.9849,0.897,0.8354,1216.0,345.5,994.0,346.5,1018.0,490.5,1174.0,479.5,222.0023,156.3873,0.7044,1,0,0,0
807,3,0,2,1,1,1,0.9912,0.9849,0.9404,0.8984,796.0,353.0,672.5,346.5,693.0,453.0,764.0,436.0,123.6709,73.0068,0.5903,1,0,0,0
808,3,0,1,1,1,1,0.9849,0.9888,0.8833,0.8882,389.0,234.0,170.25,241.0,258.25,374.0,411.75,380.0,218.862,153.6172,0.7019,1,0,0,0
808,3,0,0,1,1,1,0.9888,0.9849,0.8965,0.8354,1216.0,345.5,993.5,347.0,1018.0,490.5,1174.0,479.5,222.5051,156.3873,0.7028,1,0,0,0
808,3,0,2,1,1,1,0.9912,0.9849,0.9404,0.8984,796.0,353.0,672.0,346.5,693.0,453.0,764.0,436.0,124.1702,73.0068,0.588,1,0,0,0
809,3,0,1,1,1,1,0.9854,0.9858,0.9062,0.9004,398.0,239.5,183.25,242.0,266.75,374.0,418.5,386.0,214.7646,152.2237,0.7088,1,0,0,0
809,3,0,0,1,1,1,0.9883,0.9849,0.895,0.8374,1216.0,346.0,994.5,347.0,1016.5,488.5,1175.0,478.5,221.5023,158.8151,0.717,1,0,0,0
809,3,0,2,1,1,1,0.9907,0.9849,0.9404,0.9028,792.5,353.0,669.5,347.5,691.5,454.0,763.0,435.0,123.1229,73.9814,0.6009,1,0,0,0
810,3,0,1,1,1,1,0.9854,0.9858,0.9058,0.9004,398.0,239.5,183.25,242.0,267.5,374.0,418.0,385.5,214.7646,150.9387,0.7028,1,0,0,0
810,3,0,0,1,1,1,0.9883,0.9849,0.895,0.8369,1216.0,346.0,994.0,347.0,1016.5,488.5,1175.0,478.5,222.0023,158.8151,0.7154,1,0,0,0
810,3,0,2,1,1,1,0.9907,0.9849,0.9404,0.9033,792.5,353.0,669.5,347.5,691.5,454.0,763.0,435.0,123.1229,73.9814,0.6009,1,0,0,0
811,3,0,0,1,1,1,0.9888,0.9844,0.8989,0.8364,1216.0,346.0,994.0,346.5,1017.5,489.5,1173.0,479.5,222.0006,155.8212,0.7019,1,0,0,0
811,3,0,1,1,1,1,0.9873,0.9858,0.9097,0.8862,411.5,240.0,196.5,242.5,259.25,374.0,429.0,388.0,215.0145,170.3263,0.7922,1,0,0,0
811,3,0,2,1,1,1,0.9912,0.9844,0.9414,0.8984,790.0,356.0,665.0,347.5,691.0,447.5,760.0,432.0,125.2887,70.7195,0.5645,1,0,0,0
812,3,0,0,1,1,1,0.9888,0.9844,0.8989,0.8369,1216.0,346.0,994.0,346.5,1017.5,489.5,1173.0,479.5,222.0006,155.8212,0.7019,1,0,0,0
812,3,0,1,1,1,1,0.9873,0.9858,0.9097,0.8857,411.5,240.0,196.5,242.5,259.0,373.5,429.0,388.0,215.0145,170.6173,0.7935,1,0,0,0
812,3,0,2,1,1,1,0.9912,0.9844,0.9414,0.8979,790.0,356.0,665.0,347.5,691.0,447.5,760.0,432.0,125.2887,70.7195,0.5645,1,0,0,0
813,3,0,0,1,1,1,0.9888,0.9844,0.8989,0.8335,1216.0,345.5,994.0,346.5,1018.0,490.0,1175.0,479.5,222.0023,157.3507,0.7088,1,0,0,0
813,3,0,1,1,1,1,0.9873,0.9873,0.9014,0.8828,423.25,241.5,209.0,244.0,279.0,380.0,444.0,393.0,214.2646,165.5113,0.7725,1,0,0,0
813,3,0,2,1,1,1,0.9912,0.9844,0.9404,0.8999,786.5,355.5,661.5,347.5,687.0,447.5,759.5,431.0,125.2557,74.3539,0.5936,1,0,0,0
814,3,0,0,1,1,1,0.9888,0.9844,0.8989,0.833,1216.0,345.5,994.0,346.5,1018.0,490.0,1174.0,479.5,222.0023,156.353,0.7043,1,0,0,0
814,3,0,1,1,1,1,0.9878,0.9873,0.9019,0.8823,423.5,241.5,208.875,244.0,279.25,379.5,443.75,393.0,214.6396,165.053,0.769,1,0,0,0
814,3,0,2,1,1,1,0.9912,0.9844,0.9404,0.8994,786.5,356.0,661.5,347.5,686.5,447.5,759.0,431.0,125.2887,74.3539,0.5935,1,0,0,0
815,3,0,0,1,1,1,0.9888,0.9844,0.8979,0.8335,1216.0,346.0,993.5,347.0,1017.0,491.0,1173.0,481.5,222.5022,156.289,0.7024,1,0,0,0
815,3,0,1,1,1,1,0.9858,0.9888,0.8882,0.8936,433.5,243.5,223.125,247.0,300.75,386.0,457.0,394.0,210.4041,156.4547,0.7436,1,0,0,0
815,3,0,2,1,1,1,0.9912,0.9834,0.9404,0.894,783.0,354.5,658.0,346.5,684.5,449.5,755.5,430.5,125.2557,73.4983,0.5868,1,0,0,0
816,3,0,0,1,1,1,0.9883,0.9844,0.8979,0.8359,1216.0,346.0,994.0,346.5,1017.5,491.0,1173.0,482.0,222.0006,155.7602,0.7016,1,0,0,0
816,3,0,1,1,1,1,0.9858,0.9888,0.8896,0.895,439.25,244.5,234.25,248.0,316.5,387.5,457.75,393.5,205.0299,141.3774,0.6895,1,0,0,0
816,3,0,2,1,1,1,0.9917,0.9829,0.9424,0.8926,780.0,353.5,654.5,346.0,679.0,448.5,755.0,430.5,125.7239,78.1025,0.6212,1,0,0,0
817,3,0,0,1,1,1,0.9883,0.9844,0.8979,0.8364,1216.0,346.0,994.0,346.5,1018.0,491.0,1173.0,482.0,222.0006,155.2611,0.6994,1,0,0,0
817,3,0,1,1,1,1,0.9858,0.9888,0.8892,0.8945,439.5,244.5,234.25,248.5,316.25,387.5,458.0,393.0,205.289,141.8567,0.691,1,0,0,0
817,3,0,2,1,1,1,0.9917,0.9829,0.9424,0.8926,780.0,353.5,654.0,346.0,679.0,448.5,755.0,430.5,126.223,78.1025,0.6188,1,0,0,0
818,3,0,0,1,1,1,0.9883,0.9849,0.8975,0.8384,1215.0,345.5,993.5,346.5,1017.5,491.0,1172.0,481.5,221.5023,154.7918,0.6988,1,0,0,0
818,3,0,1,1,1,1,0.9839,0.9897,0.876,0.9014,444.25,247.0,243.75,249.0,332.5,392.0,465.75,391.0,200.51,133.2538,0.6646,1,0,0,0
818,3,0,2,1,1,1,0.9927,0.9858,0.9414,0.8906,776.5,351.0,652.0,346.5,671.0,445.0,758.5,429.5,124.5813,88.8623,0.7133,1,0,0,0
819,3,0,0,1,1,1,0.9883,0.9849,0.897,0.8384,1215.0,346.0,993.5,346.5,1018.0,491.0,1173.0,481.5,221.5006,155.2909,0.7011,1,0,0,0
819,3,0,1,1,1,1,0.9839,0.9897,0.876,0.9009,444.0,247.0,243.875,249.0,332.5,392.0,465.75,391.0,200.135,133.2538,0.6658,1,0,0,0
819,3,0,2,1,1,1,0.9927,0.9858,0.9414,0.8911,776.5,351.0,652.0,346.5,671.0,445.0,758.5,429.5,124.5813,88.8623,0.7133,1,0,0,0
820,3,0,0,1,1,1,0.9883,0.9844,0.8975,0.8369,1215.0,346.0,994.0,347.0,1017.0,492.0,1173.0,482.0,221.0023,156.3202,0.7073,1,0,0,0
820,3,0,1,1,1,1,0.9849,0.9863,0.9014,0.9062,448.75,249.0,250.5,247.0,333.25,387.5,469.0,394.5,198.2601,135.9304,0.6856,1,0,0,0
820,3,0,2,1,1,1,0.9927,0.9858,0.9414,0.8911,774.0,351.0,650.0,347.0,669.0,445.0,755.0,430.0,124.0645,87.2983,0.7037,1,0,0,0
821,3,0,0,1,1,1,0.9883,0.9844,0.8975,0.8379,1215.0,346.0,994.0,347.0,1017.0,492.0,1173.0,481.5,221.0023,156.353,0.7075,1,0,0,0
821,3,0,1,1,1,1,0.9849,0.9863,0.9009,0.9067,448.75,249.0,250.5,247.0,333.5,387.5,469.0,394.5,198.2601,135.6807,0.6844,1,0,0,0
821,3,0,2,1,1,1,0.9927,0.9858,0.9409,0.8916,774.0,351.0,650.0,347.0,669.0,444.5,755.0,430.0,124.0645,87.2138,0.703,1,0,0,0
822,3,0,0,1,1,1,0.9883,0.9849,0.897,0.8369,1216.0,346.0,994.5,347.0,1019.5,492.5,1172.0,482.0,221.5023,152.861,0.6901,1,0,0,0
822,3,0,1,1,1,1,0.9844,0.9868,0.9004,0.9082,454.5,247.0,256.25,246.5,337.75,387.5,472.25,394.0,198.2506,134.657,0.6792,1,0,0,0
822,3,0,2,1,1,1,0.9927,0.9863,0.9414,0.894,772.0,350.5,648.5,346.5,667.5,443.0,756.0,430.0,123.5648,89.4497,0.7239,1,0,0,0
823,3,0,0,1,1,1,0.9883,0.9849,0.897,0.8369,1216.0,346.0,994.5,347.0,1019.5,492.5,1172.0,482.0,221.5023,152.861,0.6901,1,0,0,0
823,3,0,1,1,1,1,0.9849,0.9868,0.9009,0.9082,454.5,246.5,256.0,246.0,337.75,387.5,472.25,394.5,198.5006,134.682,0.6785,1,0,0,0
823,3,0,2,1,1,1,0.9927,0.9863,0.9409,0.8936,772.0,350.5,648.5,346.5,667.5,443.0,756.0,430.0,123.5648,89.4497,0.7239,1,0,0,0
824,3,0,1,1,1,1,0.9849,0.9873,0.8975,0.9072,459.5,247.0,261.5,247.0,340.5,388.5,472.5,393.5,198.0,132.0947,0.6671,1,0,0,0
824,3,0,0,1,1,1,0.9883,0.9844,0.8979,0.8379,1215.0,346.0,994.5,346.5,1019.0,491.5,1173.0,482.0,220.5006,154.2927,0.6997,1,0,0,0
824,3,0,2,1,1,1,0.9932,0.9863,0.9443,0.895,769.5,350.0,645.5,345.5,666.0,443.0,748.5,432.5,124.0816,83.1655,0.6702,1,0,0,0
825,3,0,1,1,1,1,0.9849,0.9873,0.8975,0.9077,459.5,247.0,261.5,247.0,340.25,389.0,472.5,393.5,198.0,132.3265,0.6683,1,0,0,0
825,3,0,0,1,1,1,0.9883,0.9844,0.8984,0.8369,1215.0,346.0,994.5,346.5,1019.0,491.5,1173.0,482.5,220.5006,154.2628,0.6996,1,0,0,0
825,3,0,2,1,1,1,0.9932,0.9863,0.9443,0.8945,769.5,349.5,645.5,345.5,666.0,443.0,748.5,433.0,124.0645,83.1039,0.6698,1,0,0,0
826,3,0,1,1,1,1,0.9839,0.9878,0.896,0.9111,462.25,247.5,264.5,247.0,345.0,388.0,470.0,392.5,197.7506,125.081,0.6325,1,0,0,0
826,3,0,0,1,1,1,0.9883,0.9844,0.8975,0.8408,1215.0,346.0,995.0,346.5,1019.5,491.0,1172.0,482.5,220.0006,152.7367,0.6943,1,0,0,0
826,3,0,2,1,1,1,0.9932,0.9868,0.9443,0.8994,767.5,348.5,644.0,344.5,665.0,443.0,743.0,433.0,123.5648,78.6384,0.6364,1,0,0,0
827,3,0,0,1,1,1,0.9883,0.9849,0.8965,0.8389,1216.0,346.0,995.0,347.0,1019.5,492.0,1175.0,482.5,221.0023,155.7899,0.7049,1,0,0,0
827,3,0,1,1,1,1,0.9839,0.9873,0.9009,0.9126,464.0,248.0,266.5,247.0,343.5,387.0,468.25,392.0,197.5025,124.8502,0.6321,1,0,0,0
827,3,0,2,1,1,1,0.9932,0.9873,0.9424,0.9019,767.0,349.0,642.5,344.5,664.0,442.0,743.5,432.0,124.5813,80.1265,0.6432,1,0,0,0
828,3,0,0,1,1,1,0.9883,0.9849,0.896,0.8389,1216.0,346.0,995.0,347.0,1020.0,492.0,1174.0,482.5,221.0023,154.2927,0.6982,1,0,0,0
828,3,0,1,1,1,1,0.9839,0.9873,0.9004,0.9121,464.0,248.0,266.5,247.0,343.5,387.5,468.25,392.0,197.5025,124.8311,0.632,1,0,0,0
828,3,0,2,1,1,1,0.9932,0.9873,0.9429,0.9019,766.5,349.0,642.5,344.0,664.0,442.0,743.5,431.5,124.1008,80.1904,0.6462,1,0,0,0
829,3,0,0,1,1,1,0.9883,0.9849,0.895,0.8379,1216.0,346.0,994.5,347.0,1020.0,491.5,1174.0,482.5,221.5023,154.2628,0.6964,1,0,0,0
829,3,0,1,1,1,1,0.9849,0.9878,0.8965,0.9058,463.5,246.5,262.25,245.5,342.5,388.0,462.0,397.5,201.2525,119.877,0.5957,1,0,0,0
829,3,0,2,1,1,1,0.9932,0.9878,0.9443,0.9043,766.0,349.0,641.5,344.5,663.5,442.5,742.5,431.0,124.5813,79.8326,0.6408,1,0,0,0
830,3,0,0,1,1,1,0.9883,0.9849,0.895,0.8374,1216.0,346.0,994.5,347.0,1020.0,491.5,1174.0,482.0,221.5023,154.2927,0.6966,1,0,0,0
830,3,0,1,1,1,1,0.9849,0.9878,0.8965,0.9053,463.5,246.5,262.5,245.0,342.0,388.0,462.0,397.5,201.0056,120.3755,0.5989,1,0,0,0
830,3,0,2,1,1,1,0.9932,0.9878,0.9438,0.9038,766.0,349.0,641.5,344.5,664.0,442.5,742.5,431.0,124.5813,79.3379,0.6368,1,0,0,0
831,3,0,0,1,1,1,0.9883,0.9849,0.894,0.8408,1215.0,346.0,994.5,346.0,1021.0,491.5,1175.0,482.5,220.5,154.2628,0.6996,1,0,0,0
831,3,0,1,1,1,1,0.9844,0.9873,0.897,0.9082,460.25,247.5,260.25,244.0,343.0,388.5,457.0,398.0,200.0306,114.3951,0.5719,1,0,0,0
831,3,0,2,1,1,1,0.9927,0.9873,0.9414,0.9014,765.0,349.5,640.5,345.0,664.0,442.5,743.0,431.5,124.5813,79.7621,0.6402,1,0,0,0
832,3,0,0,1,1,1,0.9883,0.9849,0.8945,0.8408,1215.0,346.0,994.5,346.5,1020.5,491.5,1176.0,482.5,220.5006,155.7602,0.7064,1,0,0,0
832,3,0,1,1,1,1,0.9844,0.9873,0.897,0.9082,460.0,247.5,260.25,244.0,342.5,388.5,456.75,398.0,199.7807,114.6443,0.5739,1,0,0,0
832,3,0,2,1,1,1,0.9927,0.9873,0.9414,0.9014,765.0,349.5,640.5,345.0,664.0,442.5,743.0,431.5,124.5813,79.7621,0.6402,1,0,0,0
833,3,0,0,1,1,1,0.9883,0.9854,0.8936,0.8398,1217.0,346.0,995.5,346.5,1021.0,492.0,1175.0,483.0,221.5006,154.2628,0.6964,1,0,0,0
833,3,0,1,1,1,1,0.9854,0.9868,0.9014,0.9033,457.0,249.0,256.5,244.0,336.75,385.5,452.25,397.0,200.5623,116.0711,0.5787,1,0,0,0
833,3,0,2,1,1,1,0.9932,0.9873,0.9434,0.9023,764.5,349.5,640.0,345.5,663.5,443.0,743.0,432.0,124.5642,80.2574,0.6443,1,0,0,0
834,3,0,0,1,1,1,0.9883,0.9849,0.896,0.8369,1217.0,347.0,996.5,346.0,1021.5,492.5,1174.0,483.0,220.5023,152.7956,0.6929,1,0,0,0
834,3,0,1,1,1,1,0.9854,0.9863,0.9028,0.9014,450.25,249.0,251.0,243.0,336.0,386.5,444.0,397.5,199.3403,108.5587,0.5446,1,0,0,0
834,3,0,2,1,1,1,0.9932,0.9873,0.9434,0.9028,763.5,349.5,639.5,345.5,664.0,443.0,743.0,432.5,124.0645,79.6947,0.6424,1,0,0,0
835,3,0,0,1,1,1,0.9883,0.9849,0.8965,0.8364,1217.0,347.0,996.5,346.0,1022.0,492.0,1174.0,482.5,220.5023,152.2966,0.6907,1,0,0,0
835,3,0,1,1,1,1,0.9854,0.9863,0.9028,0.9014,450.5,249.0,251.125,243.0,335.5,387.0,444.5,397.5,199.4653,109.5046,0.549,1,0,0,0
835,3,0,2,1,1,1,0.9932,0.9873,0.9438,0.9028,764.0,349.5,639.5,345.5,664.0,443.0,743.0,432.5,124.5642,79.6947,0.6398,1,0,0,0
836,3,0,0,1,1,1,0.9883,0.9849,0.8945,0.8394,1218.0,348.0,997.0,346.0,1021.5,492.5,1176.0,484.0,221.009,154.7336,0.7001,1,0,0,0
836,3,0,1,1,1,1,0.9829,0.9897,0.8872,0.9121,446.75,251.5,246.75,247.5,327.5,382.5,452.5,388.0,200.04,125.1209,0.6255,1,0,0,0
836,3,0,2,1,1,1,0.9932,0.9878,0.9438,0.9043,763.5,350.0,639.0,346.0,664.0,443.5,743.0,433.5,124.5642,79.6304,0.6393,1,0,0,0
837,3,0,0,1,1,1,0.9883,0.9849,0.8945,0.8394,1218.0,348.0,997.0,346.0,1021.0,492.5,1176.0,484.0,221.009,155.2329,0.7024,1,0,0,0
837,3,0,1,1,1,1,0.9829,0.9897,0.8872,0.9121,446.75,251.5,246.5,248.0,328.0,382.5,452.0,388.0,200.2806,124.1219,0.6197,1,0,0,0
837,3,0,2,1,1,1,0.9932,0.9878,0.9438,0.9043,763.5,350.0,639.0,345.5,664.0,443.5,743.0,433.5,124.5813,79.6304,0.6392,1,0,0,0
838,3,0,0,1,1,1,0.9883,0.9844,0.8975,0.835,1220.0,348.5,999.0,345.0,1021.5,493.0,1176.0,484.5,221.0277,154.7336,0.7001,1,0,0,0
838,3,0,1,1,1,1,0.9849,0.9888,0.8936,0.9048,440.75,250.5,239.25,248.5,316.25,384.0,445.0,395.0,201.5099,129.219,0.6413,1,0,0,0
838,3,0,2,1,1,1,0.9932,0.9883,0.9443,0.9058,763.5,350.0,639.0,346.0,664.5,444.0,743.5,434.5,124.5642,79.5692,0.6388,1,0,0,0
839,3,0,0,1,1,1,0.9883,0.9844,0.8975,0.8354,1220.0,348.5,999.0,345.0,1022.0,493.0,1176.0,484.5,221.0277,154.2344,0.6978,1,0,0,0
839,3,0,1,1,1,1,0.9844,0.9888,0.8936,0.9053,440.75,250.5,239.125,248.5,316.75,383.5,445.5,394.5,201.6349,129.219,0.6409,1,0,0,0
839,3,0,2,1,1,1,0.9932,0.9883,0.9438,0.9062,763.5,350.0,639.0,346.0,664.5,444.0,743.5,434.5,124.5642,79.5692,0.6388,1,0,0,0
