frame,raw_num_people,anomaly,track_id,conf_ok,boundary_ok,overlap_ok,conf_ls,conf_rs,conf_lw,conf_rw,ls_x,ls_y,rs_x,rs_y,lw_x,lw_y,rw_x,rw_y,shoulder_dist,wrist_dist,ratio,frontal,hands_now,consecutive_frames,confirmed
0,3,0,0,1,1,1,0.9878,0.9897,0.9126,0.9258,597.0,290.5,464.75,291.5,539.0,298.0,503.25,291.5,132.2538,36.3361,0.2747,1,1,1,0
0,3,0,1,1,1,1,0.9883,0.9922,0.8936,0.9297,780.5,337.5,648.0,345.5,732.0,398.5,698.5,393.5,132.7413,33.8711,0.2552,1,1,1,0
0,3,0,2,1,1,1,0.9897,0.9907,0.915,0.917,953.5,345.0,833.0,349.5,907.5,393.0,888.5,379.0,120.584,23.6008,0.1957,1,1,1,0
1,3,0,0,1,1,1,0.9878,0.9893,0.9136,0.9258,597.0,290.5,465.25,291.0,539.0,297.0,503.75,291.0,131.7509,35.757,0.2714,1,1,2,0
1,3,0,1,1,1,1,0.9883,0.9917,0.8926,0.9292,780.5,338.0,647.5,346.0,733.0,402.0,700.0,392.5,133.2404,34.3402,0.2577,1,1,2,0
1,3,0,2,1,1,1,0.9897,0.9902,0.9146,0.9155,952.5,345.5,833.0,349.5,906.0,390.5,890.5,376.5,119.5669,20.8866,0.1747,1,1,2,0
2,3,0,0,1,1,1,0.9878,0.9893,0.9136,0.9258,597.0,291.0,465.5,291.5,539.0,297.0,503.5,291.0,131.501,36.0035,0.2738,1,1,3,0
2,3,0,1,1,1,1,0.9883,0.9917,0.8916,0.9302,780.5,338.0,647.5,346.0,733.0,401.5,700.0,392.5,133.2404,34.2053,0.2567,1,1,3,0
2,3,0,2,1,1,1,0.9897,0.9902,0.9141,0.9155,953.0,345.5,833.5,349.5,906.5,391.0,890.0,377.0,119.5669,21.6391,0.181,1,1,3,0
3,3,0,0,1,1,1,0.9878,0.9893,0.9141,0.9258,597.5,290.5,466.0,291.5,539.5,296.5,504.25,289.0,131.5038,36.039,0.2741,1,1,4,0
3,3,0,1,1,1,1,0.9883,0.9917,0.895,0.9287,780.5,338.0,647.5,345.5,732.0,401.0,700.0,391.5,133.2113,33.3804,0.2506,1,1,4,0
3,3,0,2,1,1,1,0.9897,0.9907,0.916,0.9165,952.5,345.0,833.5,349.0,908.0,392.0,890.5,378.0,119.0672,22.4109,0.1882,1,1,4,0
4,3,0,0,1,1,1,0.9878,0.9893,0.9141,0.9258,597.5,290.5,466.0,291.5,539.5,296.0,504.25,289.5,131.5038,35.8443,0.2726,1,1,5,0
4,3,0,1,1,1,1,0.9883,0.9917,0.8945,0.9292,780.5,338.0,647.5,345.5,732.5,401.0,699.5,392.0,133.2113,34.2053,0.2568,1,1,5,0
4,3,0,2,1,1,1,0.9897,0.9907,0.9165,0.917,952.5,345.5,833.5,349.0,908.5,392.0,890.0,377.5,119.0515,23.5053,0.1974,1,1,5,0
5,3,0,0,1,1,1,0.9878,0.9897,0.9126,0.9263,597.5,290.5,465.75,291.5,539.5,294.5,504.75,289.0,131.7538,35.1826,0.267,1,1,6,1
5,3,0,1,1,1,1,0.9883,0.9917,0.8955,0.9277,780.0,338.0,647.0,345.0,731.0,399.0,700.5,391.0,133.1841,31.5317,0.2368,1,1,6,1
5,3,0,2,1,1,1,0.9897,0.9902,0.9146,0.915,952.0,345.5,833.5,348.5,907.5,391.0,890.5,376.5,118.538,22.3439,0.1885,1,1,6,1
6,3,0,0,1,1,1,0.9878,0.9897,0.9146,0.9268,597.5,290.0,466.0,291.0,540.0,294.5,504.5,289.0,131.5038,35.9235,0.2732,1,1,7,1
6,3,0,1,1,1,1,0.9888,0.9917,0.8965,0.9287,780.5,338.0,647.5,345.5,730.5,399.5,700.5,393.0,133.2113,30.6961,0.2304,1,1,7,1
6,3,0,2,1,1,1,0.9897,0.9902,0.916,0.9146,952.5,346.0,834.0,348.5,906.0,389.5,890.5,376.5,118.5264,20.2299,0.1707,1,1,7,1
7,3,0,0,1,1,1,0.9878,0.9897,0.9141,0.9268,597.5,290.0,466.25,291.0,540.0,294.5,504.5,289.0,131.2538,35.9235,0.2737,1,1,8,1
7,3,0,1,1,1,1,0.9883,0.9917,0.8955,0.9287,780.5,338.0,647.5,345.5,730.5,399.5,700.5,393.0,133.2113,30.6961,0.2304,1,1,8,1
7,3,0,2,1,1,1,0.9897,0.9902,0.916,0.9155,952.5,345.5,834.0,348.5,906.5,390.0,890.5,375.5,118.538,21.5928,0.1822,1,1,8,1
8,3,0,0,1,1,1,0.9883,0.9893,0.9165,0.9248,597.5,291.0,466.5,291.0,540.5,295.5,504.25,290.0,131.0,36.6649,0.2799,1,1,9,1
8,3,0,1,1,1,1,0.9883,0.9917,0.896,0.9297,780.0,338.0,647.5,346.0,730.5,398.5,700.5,392.5,132.7413,30.5941,0.2305,1,1,9,1
8,3,0,2,1,1,1,0.9897,0.9902,0.915,0.916,952.5,345.5,834.5,348.5,907.5,389.5,890.0,377.0,118.0381,21.5058,0.1822,1,1,9,1
9,3,0,0,1,1,1,0.9883,0.9893,0.9165,0.9248,597.5,290.5,466.5,291.0,540.5,295.0,504.25,290.5,131.001,36.5282,0.2788,1,1,10,1
9,3,0,1,1,1,1,0.9883,0.9917,0.8955,0.9297,780.0,338.0,647.5,346.0,730.5,399.0,700.5,392.0,132.7413,30.8058,0.2321,1,1,10,1
9,3,0,2,1,1,1,0.9897,0.9902,0.915,0.9155,952.5,345.5,834.5,348.5,907.0,389.5,890.5,376.0,118.0381,21.319,0.1806,1,1,10,1
10,3,0,0,1,1,1,0.9883,0.9893,0.9175,0.9243,598.0,291.5,466.75,291.0,540.0,296.0,504.75,291.0,131.251,35.6028,0.2713,1,1,11,1
10,3,0,1,1,1,1,0.9883,0.9922,0.895,0.9312,780.0,338.0,646.5,346.0,730.5,398.5,700.5,393.0,133.7395,30.5,0.2281,1,1,11,1
10,3,0,2,1,1,1,0.9897,0.9907,0.916,0.9185,952.5,345.0,834.5,348.5,907.0,388.5,891.5,377.0,118.0519,19.3003,0.1635,1,1,11,1
11,3,0,0,1,1,1,0.9883,0.9893,0.918,0.9248,598.0,291.5,466.75,291.0,540.0,296.0,504.75,291.0,131.251,35.6028,0.2713,1,1,12,1
11,3,0,1,1,1,1,0.9883,0.9922,0.895,0.9312,779.5,338.0,646.5,346.0,730.0,399.0,700.5,393.0,133.2404,30.104,0.2259,1,1,12,1
11,3,0,2,1,1,1,0.9897,0.9907,0.916,0.9185,952.5,345.0,834.5,348.5,907.0,388.5,891.5,376.5,118.0519,19.6023,0.166,1,1,12,1
12,3,0,0,1,1,1,0.9883,0.9893,0.9175,0.9248,598.5,291.0,467.25,290.5,540.0,295.5,504.25,291.0,131.251,36.0321,0.2745,1,1,13,1
12,3,0,1,1,1,1,0.9883,0.9917,0.8965,0.9297,779.5,338.0,646.5,345.5,729.5,396.5,699.5,394.0,133.2113,30.104,0.226,1,1,13,1
12,3,0,2,1,1,1,0.9897,0.9907,0.915,0.918,952.5,345.0,834.0,348.5,908.0,388.5,891.0,375.5,118.5517,21.4009,0.1805,1,1,13,1
13,3,0,0,1,1,1,0.9883,0.9893,0.9175,0.9253,598.5,291.0,467.25,290.5,540.0,295.5,504.25,291.0,131.251,36.0321,0.2745,1,1,14,1
13,3,0,1,1,1,1,0.9883,0.9917,0.8965,0.9297,779.5,337.5,646.5,345.5,729.0,396.5,699.5,394.5,133.2404,29.5677,0.2219,1,1,14,1
13,3,0,2,1,1,1,0.9897,0.9907,0.915,0.9175,952.5,345.0,834.0,348.5,907.5,388.0,891.0,376.0,118.5517,20.4022,0.1721,1,1,14,1
14,3,0,0,1,1,1,0.9878,0.9893,0.916,0.9248,598.5,291.0,467.0,291.0,540.0,295.5,504.5,290.5,131.5,35.8504,0.2726,1,1,15,1
14,3,0,1,1,1,1,0.9883,0.9917,0.8926,0.9307,779.5,337.5,647.0,345.5,731.0,399.0,699.5,396.0,132.7413,31.6425,0.2384,1,1,15,1
14,3,0,2,1,1,1,0.9897,0.9902,0.915,0.917,953.0,345.5,834.5,349.0,907.0,387.5,890.5,375.0,118.5517,20.7002,0.1746,1,1,15,1
15,3,0,0,1,1,1,0.9878,0.9893,0.916,0.9253,598.5,291.0,467.0,291.0,539.5,295.5,504.5,290.5,131.5,35.3553,0.2689,1,1,16,1
15,3,0,1,1,1,1,0.9883,0.9922,0.8931,0.9312,779.5,337.5,647.0,345.5,730.5,399.0,699.5,396.5,132.7413,31.1006,0.2343,1,1,16,1
15,3,0,2,1,1,1,0.9897,0.9902,0.915,0.917,953.0,345.5,834.5,349.0,907.0,388.0,890.5,375.0,118.5517,21.006,0.1772,1,1,16,1
16,3,0,0,1,1,1,0.9883,0.9897,0.9189,0.9277,598.0,291.0,467.0,291.0,540.5,296.0,504.25,292.0,131.0,36.47,0.2784,1,1,17,1
16,3,0,1,1,1,1,0.9878,0.9922,0.8911,0.9321,779.5,337.0,647.0,345.5,731.0,398.0,699.0,395.5,132.7724,32.0975,0.2417,1,1,17,1
16,3,0,2,1,1,1,0.9897,0.9907,0.9141,0.9175,953.0,345.0,834.0,349.0,908.0,389.0,890.0,377.5,119.0672,21.36,0.1794,1,1,17,1
17,3,0,1,1,1,1,0.9878,0.9922,0.8906,0.9326,779.0,337.5,647.5,346.0,731.5,399.0,699.0,395.0,131.7744,32.7452,0.2485,1,1,18,1
17,3,0,0,1,1,1,0.9883,0.9893,0.9175,0.9258,598.5,291.5,467.0,291.0,540.5,296.5,504.25,291.5,131.501,36.5932,0.2783,1,1,18,1
17,3,0,2,1,1,1,0.9897,0.9907,0.9155,0.9194,953.0,344.5,834.5,348.5,907.0,389.0,890.5,374.0,118.5675,22.2991,0.1881,1,1,18,1
18,3,0,1,1,1,1,0.9878,0.9922,0.8906,0.9326,779.0,337.5,647.5,346.0,732.0,399.0,699.0,395.0,131.7744,33.2415,0.2523,1,1,19,1
18,3,0,0,1,1,1,0.9883,0.9893,0.9175,0.9258,598.5,291.5,467.0,291.0,540.5,296.5,504.25,292.0,131.501,36.5282,0.2778,1,1,19,1
18,3,0,2,1,1,1,0.9897,0.9907,0.915,0.9194,953.0,345.0,834.5,348.5,907.0,388.5,890.5,374.0,118.5517,21.9659,0.1853,1,1,19,1
19,3,0,0,1,1,1,0.9883,0.9893,0.9175,0.9263,598.5,291.5,467.5,291.0,541.0,295.5,504.5,291.0,131.001,36.7764,0.2807,1,1,20,1
19,3,0,1,1,1,1,0.9883,0.9922,0.8965,0.9312,780.0,337.5,647.5,346.0,731.5,399.0,698.0,397.0,132.7724,33.5596,0.2528,1,1,20,1
19,3,0,2,1,1,1,0.9897,0.9907,0.9165,0.9189,953.0,345.0,834.0,348.5,906.0,387.0,890.5,375.5,119.0515,19.3003,0.1621,1,1,20,1
20,3,0,0,1,1,1,0.9883,0.9893,0.918,0.9258,599.0,291.0,467.5,291.0,541.0,295.5,504.75,291.0,131.5,36.5282,0.2778,1,1,21,1
20,3,0,1,1,1,1,0.9883,0.9922,0.896,0.9312,780.0,337.5,647.5,345.5,731.5,398.5,698.0,397.0,132.7413,33.5336,0.2526,1,1,21,1
20,3,0,2,1,1,1,0.9897,0.9907,0.916,0.9189,953.0,345.0,834.0,348.5,906.5,387.0,890.5,375.5,119.0515,19.7041,0.1655,1,1,21,1
21,3,0,0,1,1,1,0.9883,0.9897,0.918,0.9272,598.5,291.0,467.0,290.5,541.0,296.0,504.0,292.0,131.501,37.2156,0.283,1,1,22,1
21,3,0,1,1,1,1,0.9888,0.9917,0.8984,0.9292,780.0,337.5,647.5,346.0,732.0,400.0,697.5,396.0,132.7724,34.7311,0.2616,1,1,22,1
21,3,0,2,1,1,1,0.9897,0.9902,0.916,0.917,953.0,345.5,834.0,349.0,906.0,389.0,891.0,374.0,119.0515,21.2132,0.1782,1,1,22,1
22,3,0,0,1,1,1,0.9883,0.9897,0.918,0.9272,598.5,291.0,467.0,290.5,541.0,296.0,504.0,292.0,131.501,37.2156,0.283,1,1,23,1
22,3,0,1,1,1,1,0.9888,0.9917,0.8989,0.9292,780.0,337.5,647.5,346.0,732.0,400.0,697.5,396.0,132.7724,34.7311,0.2616,1,1,23,1
22,3,0,2,1,1,1,0.9897,0.9902,0.916,0.917,953.0,345.5,834.5,349.0,906.0,388.5,891.0,374.0,118.5517,20.8626,0.176,1,1,23,1
23,3,0,0,1,1,1,0.9883,0.9893,0.9175,0.9268,598.5,290.0,467.0,290.5,541.0,295.5,504.75,292.0,131.501,36.4186,0.2769,1,1,24,1
23,3,0,1,1,1,1,0.9883,0.9917,0.8955,0.9302,780.5,337.5,647.5,346.0,732.0,400.0,698.5,395.0,133.2713,33.8711,0.2542,1,1,24,1
23,3,0,2,1,1,1,0.9893,0.9907,0.9136,0.9185,952.5,345.0,834.5,349.0,906.0,386.5,891.0,373.0,118.0678,20.1804,0.1709,1,1,24,1
24,3,0,0,1,1,1,0.9883,0.9893,0.918,0.9248,598.5,291.0,467.25,291.0,541.0,297.0,504.5,291.5,131.25,36.9121,0.2812,1,1,25,1
24,3,0,1,1,1,1,0.9883,0.9917,0.895,0.9287,780.5,337.5,647.0,346.0,733.0,402.5,698.0,396.5,133.7703,35.5106,0.2655,1,1,25,1
24,3,0,2,1,1,1,0.9897,0.9907,0.9146,0.9194,952.5,345.5,834.0,349.5,906.5,389.0,890.0,374.5,118.5675,21.9659,0.1853,1,1,25,1
25,3,0,0,1,1,1,0.9883,0.9893,0.918,0.9248,598.5,291.0,467.25,291.0,540.5,296.5,504.75,291.5,131.25,36.098,0.275,1,1,26,1
25,3,0,1,1,1,1,0.9883,0.9917,0.895,0.9292,780.5,337.5,647.0,346.0,733.0,402.5,698.5,396.5,133.7703,35.0179,0.2618,1,1,26,1
25,3,0,2,1,1,1,0.9897,0.9907,0.9146,0.9194,952.0,345.5,834.0,349.5,906.5,388.5,890.0,374.5,118.0678,21.6391,0.1833,1,1,26,1
26,3,0,0,1,1,1,0.9883,0.9897,0.917,0.9268,598.0,291.0,467.25,291.0,540.5,296.0,505.25,291.0,130.75,35.6028,0.2723,1,1,27,1
26,3,0,1,1,1,1,0.9883,0.9917,0.8945,0.9292,780.0,337.5,647.5,346.0,734.0,404.0,698.5,397.5,132.7724,36.0902,0.2718,1,1,27,1
26,3,0,2,1,1,1,0.9897,0.9907,0.9146,0.9185,952.0,346.0,833.5,350.0,906.0,388.5,890.0,374.0,118.5675,21.5928,0.1821,1,1,27,1
27,3,0,0,1,1,1,0.9883,0.9893,0.917,0.9268,598.0,291.0,467.5,291.0,540.5,296.0,505.0,291.0,130.5,35.8504,0.2747,1,1,28,1
27,3,0,1,1,1,1,0.9883,0.9917,0.8945,0.9297,780.0,337.5,647.5,346.0,733.5,404.0,698.5,397.5,132.7724,35.5985,0.2681,1,1,28,1
27,3,0,2,1,1,1,0.9897,0.9907,0.915,0.9185,952.0,346.0,833.5,350.0,906.0,388.5,890.0,374.0,118.5675,21.5928,0.1821,1,1,28,1
28,3,0,0,1,1,1,0.9883,0.9893,0.916,0.9263,598.5,291.0,467.0,291.0,540.5,296.0,505.0,291.5,131.5,35.7841,0.2721,1,1,29,1
28,3,0,1,1,1,1,0.9883,0.9917,0.895,0.9292,780.5,338.0,648.0,346.0,733.5,401.5,698.0,397.0,132.7413,35.7841,0.2696,1,1,29,1
28,3,0,2,1,1,1,0.9897,0.9902,0.915,0.916,952.5,346.5,833.5,350.5,906.5,391.0,889.5,373.5,119.0672,24.3977,0.2049,1,1,29,1
29,3,0,0,1,1,1,0.9883,0.9893,0.9165,0.9258,598.5,291.0,467.25,291.0,540.5,296.0,505.0,291.5,131.25,35.7841,0.2726,1,1,30,1
29,3,0,1,1,1,1,0.9883,0.9917,0.895,0.9287,780.5,338.0,648.0,346.0,733.5,401.5,698.0,397.0,132.7413,35.7841,0.2696,1,1,30,1
29,3,0,2,1,1,1,0.9897,0.9902,0.915,0.916,952.5,346.5,833.5,350.5,907.0,391.0,889.5,373.5,119.0672,24.7487,0.2079,1,1,30,1
30,3,0,0,1,1,1,0.9878,0.9897,0.9155,0.9277,599.0,290.5,467.25,291.0,541.0,295.5,506.0,291.0,131.7509,35.2881,0.2678,1,1,31,1
30,3,0,1,1,1,1,0.9883,0.9917,0.8945,0.9302,781.0,338.0,648.0,345.5,734.0,401.5,698.5,398.0,133.2113,35.6721,0.2678,1,1,31,1
30,3,0,2,1,1,1,0.9897,0.9902,0.9141,0.917,952.5,346.0,833.5,350.5,906.0,387.5,889.0,374.0,119.0851,21.7083,0.1823,1,1,31,1
31,3,0,0,1,1,1,0.9883,0.9897,0.916,0.9287,599.0,290.0,467.75,290.5,542.0,297.0,505.75,292.0,131.251,36.5932,0.2788,1,1,32,1
31,3,0,1,1,1,1,0.9878,0.9917,0.8926,0.9312,781.5,338.0,648.0,346.0,733.0,399.5,698.5,397.0,133.7395,34.5905,0.2586,1,1,32,1
31,3,0,2,1,1,1,0.9897,0.9902,0.916,0.915,952.5,345.5,834.0,350.5,906.0,388.5,890.0,374.5,118.6054,21.2603,0.1793,1,1,32,1
32,3,0,0,1,1,1,0.9878,0.9897,0.916,0.9287,599.0,290.0,467.75,291.0,542.0,297.0,505.75,292.0,131.2538,36.5932,0.2788,1,1,33,1
32,3,0,1,1,1,1,0.9878,0.9917,0.8926,0.9312,781.5,338.0,648.0,346.0,733.0,400.0,698.5,397.5,133.7395,34.5905,0.2586,1,1,33,1
32,3,0,2,1,1,1,0.9897,0.9902,0.916,0.9155,952.5,346.0,834.0,350.5,906.0,388.5,890.0,374.0,118.5854,21.5928,0.1821,1,1,33,1
33,3,0,0,1,1,1,0.9878,0.9897,0.915,0.9287,599.5,290.0,467.5,290.5,541.5,297.0,506.5,291.5,132.0009,35.4295,0.2684,1,1,34,1
33,3,0,1,1,1,1,0.9883,0.9917,0.896,0.9302,781.5,338.0,649.0,346.5,732.5,397.0,698.5,397.5,132.7724,34.0037,0.2561,1,1,34,1
33,3,0,2,1,1,1,0.9902,0.9902,0.918,0.915,952.5,345.5,834.0,349.5,905.5,388.5,890.0,373.0,118.5675,21.9203,0.1849,1,1,34,1
34,3,0,0,1,1,1,0.9878,0.9897,0.9146,0.9287,599.5,290.0,467.5,291.0,541.5,297.0,506.5,292.0,132.0038,35.3553,0.2678,1,1,35,1
34,3,0,1,1,1,1,0.9883,0.9917,0.8965,0.9302,781.5,338.0,648.5,346.5,733.0,397.0,698.5,397.0,133.2713,34.5,0.2589,1,1,35,1
34,3,0,2,1,1,1,0.9902,0.9902,0.918,0.9155,952.5,345.5,834.0,349.5,905.5,388.5,889.5,373.0,118.5675,22.2767,0.1879,1,1,35,1
35,3,0,0,1,1,1,0.9878,0.9897,0.915,0.9297,600.0,290.0,467.5,290.5,541.5,297.0,506.75,291.5,132.5009,35.1826,0.2655,1,1,36,1
35,3,0,1,1,1,1,0.9888,0.9917,0.8979,0.9302,782.0,338.0,649.5,346.0,732.5,395.5,699.0,397.5,132.7413,33.5596,0.2528,1,1,36,1
35,3,0,2,1,1,1,0.9902,0.9902,0.9189,0.9165,952.5,346.0,834.0,350.0,905.0,386.5,889.0,372.0,118.5675,21.5928,0.1821,1,1,36,1
36,3,0,0,1,1,1,0.9878,0.9897,0.915,0.9292,600.0,290.0,467.5,290.5,541.0,297.0,506.75,291.5,132.5009,34.6888,0.2618,1,1,37,1
36,3,0,1,1,1,1,0.9888,0.9917,0.8979,0.9302,782.0,338.0,649.5,346.0,732.5,396.0,698.5,397.5,132.7413,34.0331,0.2564,1,1,37,1
36,3,0,2,1,1,1,0.9902,0.9902,0.9189,0.917,952.5,346.0,834.0,350.5,904.5,387.0,889.0,372.0,118.5854,21.5697,0.1819,1,1,37,1
37,3,0,0,1,1,1,0.9878,0.9897,0.9136,0.9287,600.0,290.0,467.5,290.5,541.0,296.5,506.75,292.0,132.5009,34.5444,0.2607,1,1,38,1
37,3,0,1,1,1,1,0.9883,0.9917,0.895,0.9307,782.0,338.0,649.5,345.5,732.0,395.0,698.5,397.5,132.7121,33.5932,0.2531,1,1,38,1
37,3,0,2,1,1,1,0.9897,0.9902,0.917,0.9146,952.5,345.5,834.0,350.0,905.5,387.0,889.5,373.5,118.5854,20.9344,0.1765,1,1,38,1
38,3,0,0,1,1,1,0.9878,0.9897,0.9136,0.9287,600.0,290.5,467.25,291.0,541.0,296.5,506.75,292.0,132.7509,34.5444,0.2602,1,1,39,1
38,3,0,1,1,1,1,0.9883,0.9917,0.895,0.9307,782.0,338.0,649.5,346.0,732.0,395.0,698.5,397.5,132.7413,33.5932,0.2531,1,1,39,1
38,3,0,2,1,1,1,0.9897,0.9902,0.9175,0.9146,952.5,345.5,834.0,350.0,905.0,387.0,889.5,373.5,118.5854,20.5548,0.1733,1,1,39,1
39,3,0,0,1,1,1,0.9878,0.9897,0.9131,0.9287,599.5,290.0,467.0,290.0,542.5,296.5,507.0,290.5,132.5,36.0035,0.2717,1,1,40,1
39,3,0,1,1,1,1,0.9868,0.9927,0.8872,0.9272,782.0,336.0,649.5,344.5,723.0,393.0,700.0,406.0,132.7724,26.4197,0.199,1,1,40,1
39,3,0,2,1,1,1,0.9902,0.9902,0.9189,0.9175,951.5,344.5,833.5,349.0,905.0,387.5,889.5,374.5,118.0858,20.2299,0.1713,1,1,40,1
40,3,0,0,1,1,1,0.9878,0.9897,0.9136,0.9287,599.5,290.0,467.25,290.0,542.5,296.5,507.0,290.5,132.25,36.0035,0.2722,1,1,41,1
40,3,0,1,1,1,1,0.9868,0.9927,0.8877,0.9272,782.0,336.0,649.5,344.5,723.0,393.0,700.0,406.0,132.7724,26.4197,0.199,1,1,41,1
40,3,0,2,1,1,1,0.9902,0.9902,0.9189,0.917,951.5,344.5,833.5,349.0,905.0,387.5,889.5,374.5,118.0858,20.2299,0.1713,1,1,41,1
41,3,0,0,1,1,1,0.9878,0.9897,0.9136,0.9277,600.0,290.0,467.75,290.5,542.5,296.5,507.0,291.0,132.2509,35.9235,0.2716,1,1,42,1
41,3,0,1,1,1,1,0.9868,0.9927,0.8843,0.9282,782.5,336.0,650.0,344.5,723.5,395.0,700.0,405.0,132.7724,25.5392,0.1924,1,1,42,1
41,3,0,2,1,1,1,0.9902,0.9907,0.918,0.9189,952.0,344.5,833.0,349.0,904.0,385.5,888.5,371.5,119.0851,20.8866,0.1754,1,1,42,1
42,3,0,0,1,1,1,0.9878,0.9897,0.9136,0.9277,600.0,290.0,467.75,290.0,542.5,296.5,507.0,291.5,132.25,35.8504,0.2711,1,1,43,1
42,3,0,1,1,1,1,0.9868,0.9927,0.8843,0.9287,782.0,336.0,650.0,344.5,723.5,395.0,700.0,405.0,132.2734,25.5392,0.1931,1,1,43,1
42,3,0,2,1,1,1,0.9902,0.9907,0.918,0.9189,952.0,344.5,833.0,349.0,904.0,385.5,888.5,371.0,119.0851,21.225,0.1782,1,1,43,1
43,3,0,0,1,1,1,0.9878,0.9897,0.9146,0.9272,600.0,290.0,468.0,290.5,542.5,296.5,507.0,291.0,132.0009,35.9235,0.2721,1,1,44,1
43,3,0,1,1,1,1,0.9873,0.9922,0.8896,0.9258,783.0,335.5,650.5,344.5,723.5,393.0,699.5,404.5,132.8053,26.613,0.2004,1,1,44,1
43,3,0,2,1,1,1,0.9902,0.9902,0.9185,0.9146,952.0,345.0,833.0,349.5,904.5,385.5,888.5,373.0,119.0851,20.3039,0.1705,1,1,44,1
44,3,0,0,1,1,1,0.9878,0.9897,0.9141,0.9287,600.0,290.0,467.75,290.5,542.5,296.5,506.75,290.5,132.2509,36.25,0.2741,1,1,45,1
44,3,0,1,1,1,1,0.9868,0.9927,0.8862,0.9263,783.0,336.0,651.0,345.0,724.0,393.5,699.0,404.5,132.3065,27.313,0.2064,1,1,45,1
44,3,0,2,1,1,1,0.9902,0.9902,0.9194,0.9141,952.0,345.0,834.0,349.5,904.5,385.0,889.0,372.0,118.0858,20.2299,0.1713,1,1,45,1
45,3,0,0,1,1,1,0.9878,0.9897,0.9141,0.9287,599.5,290.0,468.0,290.5,543.0,296.5,507.0,290.5,131.501,36.4966,0.2775,1,1,46,1
45,3,0,1,1,1,1,0.9868,0.9927,0.8867,0.9263,782.5,336.0,651.0,345.0,723.5,393.5,698.5,405.0,131.8076,27.5182,0.2088,1,1,46,1
45,3,0,2,1,1,1,0.9902,0.9902,0.9194,0.9141,952.0,345.5,833.5,349.5,904.5,385.0,889.0,372.5,118.5675,19.9123,0.1679,1,1,46,1
46,3,0,0,1,1,1,0.9878,0.9897,0.9146,0.9287,599.5,290.0,467.5,290.0,543.0,297.5,507.25,292.0,132.0,36.1706,0.274,1,1,47,1
46,3,0,1,1,1,1,0.9858,0.9927,0.8804,0.9292,783.0,336.0,651.0,345.0,723.5,392.0,699.5,403.0,132.3065,26.4008,0.1995,1,1,47,1
46,3,0,2,1,1,1,0.9902,0.9897,0.9194,0.9121,952.5,345.5,834.0,349.5,905.0,385.5,888.5,374.0,118.5675,20.1122,0.1696,1,1,47,1
47,3,0,0,1,1,1,0.9878,0.9897,0.9141,0.9287,599.5,290.0,467.5,290.0,543.0,297.5,507.5,291.5,132.0,36.0035,0.2728,1,1,48,1
47,3,0,1,1,1,1,0.9858,0.9927,0.8794,0.9292,783.0,336.0,651.0,345.0,724.0,392.0,699.5,403.0,132.3065,26.8561,0.203,1,1,48,1
47,3,0,2,1,1,1,0.9902,0.9897,0.9194,0.9121,952.5,345.5,834.0,349.5,905.0,385.0,888.5,374.0,118.5675,19.8305,0.1673,1,1,48,1
48,3,0,0,1,1,1,0.9873,0.9897,0.9121,0.9297,600.5,290.0,467.5,290.5,542.0,298.0,508.5,291.5,133.0009,34.1248,0.2566,1,1,49,1
48,3,0,1,1,1,1,0.9863,0.9927,0.8813,0.9297,783.5,336.0,651.0,344.5,724.5,395.5,700.0,404.5,132.7724,26.1008,0.1966,1,1,49,1
48,3,0,2,1,1,1,0.9902,0.9902,0.9199,0.9165,953.5,345.5,835.0,350.0,904.0,386.0,890.0,370.5,118.5854,20.8866,0.1761,1,1,49,1
49,3,0,0,1,1,1,0.9873,0.9897,0.9121,0.9292,600.5,290.0,467.5,290.5,542.0,298.0,508.5,291.5,133.0009,34.1248,0.2566,1,1,50,1
49,3,0,1,1,1,1,0.9863,0.9927,0.8813,0.9292,783.5,336.0,651.0,344.5,724.5,395.0,700.0,404.5,132.7724,26.2774,0.1979,1,1,50,1
49,3,0,2,1,1,1,0.9902,0.9902,0.9199,0.9165,953.0,345.5,835.0,350.0,904.5,385.5,890.0,370.5,118.0858,20.8626,0.1767,1,1,50,1
50,3,0,0,1,1,1,0.9878,0.9897,0.9136,0.9277,600.5,290.0,468.0,291.0,542.0,296.5,508.25,292.0,132.5038,34.0487,0.257,1,1,51,1
50,3,0,1,1,1,1,0.9863,0.9927,0.8818,0.9297,783.5,336.0,651.0,344.5,725.0,394.5,700.0,404.5,132.7724,26.9258,0.2028,1,1,51,1
50,3,0,2,1,1,1,0.9907,0.9902,0.9209,0.9131,952.5,345.0,834.5,349.0,904.0,385.0,889.5,374.5,118.0678,17.9025,0.1516,1,1,51,1
51,3,0,0,1,1,1,0.9878,0.9897,0.9136,0.9277,600.5,290.0,468.0,291.0,542.0,296.5,508.25,292.0,132.5038,34.0487,0.257,1,1,52,1
51,3,0,1,1,1,1,0.9863,0.9927,0.8818,0.9297,784.0,336.0,651.0,344.5,725.0,394.5,700.0,404.5,133.2713,26.9258,0.202,1,1,52,1
51,3,0,2,1,1,1,0.9907,0.9902,0.9214,0.9131,952.5,345.0,834.5,349.0,904.0,385.0,889.5,374.5,118.0678,17.9025,0.1516,1,1,52,1
52,3,0,0,1,1,1,0.9878,0.9897,0.9136,0.9272,600.5,290.5,468.0,291.0,542.5,297.0,508.0,291.5,132.5009,34.9357,0.2637,1,1,53,1
52,3,0,1,1,1,1,0.9858,0.9927,0.8789,0.9297,784.0,336.0,651.0,344.5,724.5,393.5,700.5,404.0,133.2713,26.1964,0.1966,1,1,53,1
52,3,0,2,1,1,1,0.9902,0.9902,0.9185,0.916,952.5,345.5,834.0,349.5,904.0,385.0,890.0,375.0,118.5675,17.2047,0.1451,1,1,53,1
53,3,0,0,1,1,1,0.9878,0.9897,0.9136,0.9272,600.5,290.0,467.5,290.5,542.0,297.5,508.0,292.0,133.0009,34.442,0.259,1,1,54,1
53,3,0,1,1,1,1,0.9858,0.9932,0.877,0.9287,784.0,336.5,650.5,345.0,724.0,393.0,700.0,405.0,133.7703,26.8328,0.2006,1,1,54,1
53,3,0,2,1,1,1,0.9897,0.9902,0.9165,0.916,952.0,345.5,834.0,349.0,905.0,384.0,890.5,374.0,118.0519,17.6139,0.1492,1,1,54,1
54,3,0,0,1,1,1,0.9878,0.9897,0.9136,0.9272,600.5,290.0,467.5,290.5,542.0,298.0,508.0,292.5,133.0009,34.442,0.259,1,1,55,1
54,3,0,1,1,1,1,0.9858,0.9927,0.8774,0.9282,784.0,336.5,650.5,345.0,724.0,393.0,700.0,405.0,133.7703,26.8328,0.2006,1,1,55,1
54,3,0,2,1,1,1,0.9897,0.9902,0.9165,0.916,952.0,345.5,834.0,349.0,905.0,384.0,890.5,374.0,118.0519,17.6139,0.1492,1,1,55,1
55,3,0,0,1,1,1,0.9878,0.9893,0.915,0.9268,600.0,290.0,467.5,291.0,542.0,297.5,507.75,292.5,132.5038,34.613,0.2612,1,1,56,1
55,3,0,1,1,1,1,0.9863,0.9927,0.8813,0.9282,784.5,336.5,651.5,345.0,724.0,393.5,699.5,405.5,133.2713,27.2809,0.2047,1,1,56,1
55,3,0,2,1,1,1,0.9902,0.9902,0.9194,0.9155,952.5,346.0,834.5,349.5,906.0,383.5,890.5,374.5,118.0519,17.9234,0.1518,1,1,56,1
56,3,0,0,1,1,1,0.9878,0.9893,0.915,0.9268,600.0,290.0,467.5,291.0,542.0,297.5,507.75,292.5,132.5038,34.613,0.2612,1,1,57,1
56,3,0,1,1,1,1,0.9863,0.9927,0.8809,0.9287,784.5,336.5,651.5,345.0,724.0,393.5,699.5,405.5,133.2713,27.2809,0.2047,1,1,57,1
56,3,0,2,1,1,1,0.9902,0.9902,0.9194,0.9155,952.5,345.5,834.5,349.5,906.0,383.5,890.5,374.5,118.0678,17.9234,0.1518,1,1,57,1
57,3,0,0,1,1,1,0.9873,0.9893,0.9136,0.9263,600.0,290.0,467.5,291.0,542.0,297.5,507.5,293.0,132.5038,34.7922,0.2626,1,1,58,1
57,3,0,1,1,1,1,0.9863,0.9927,0.8809,0.9282,784.5,336.0,652.0,344.5,725.0,394.5,701.0,405.0,132.7724,26.1964,0.1973,1,1,58,1
57,3,0,2,1,1,1,0.9897,0.9897,0.9165,0.9131,953.0,346.0,834.5,350.0,906.0,385.5,891.0,376.0,118.5675,17.7553,0.1497,1,1,58,1
58,3,0,0,1,1,1,0.9878,0.9893,0.9136,0.9268,600.0,290.0,467.5,291.0,542.0,297.0,507.5,292.5,132.5038,34.7922,0.2626,1,1,59,1
58,3,0,1,1,1,1,0.9863,0.9927,0.8804,0.9282,784.5,336.0,652.0,344.5,725.0,394.5,701.0,404.5,132.7724,26.0,0.1958,1,1,59,1
58,3,0,2,1,1,1,0.9897,0.9897,0.9165,0.9131,953.0,346.0,834.5,350.0,906.0,385.5,891.0,376.0,118.5675,17.7553,0.1497,1,1,59,1
59,3,0,0,1,1,1,0.9878,0.9897,0.915,0.9282,600.0,290.0,467.5,291.0,542.0,298.0,507.5,293.0,132.5038,34.8604,0.2631,1,1,60,1
59,3,0,1,1,1,1,0.9863,0.9932,0.8818,0.9292,785.0,336.5,651.5,345.0,726.0,395.5,701.0,405.5,133.7703,26.9258,0.2013,1,1,60,1
59,3,0,2,1,1,1,0.9897,0.9902,0.9175,0.9155,953.0,345.5,834.5,350.0,905.0,384.0,890.5,376.5,118.5854,16.3248,0.1377,1,1,60,1
60,3,0,0,1,1,1,0.9878,0.9897,0.9136,0.9272,599.5,290.0,467.0,291.0,542.0,298.0,507.0,294.0,132.5038,35.2278,0.2659,1,1,61,1
60,3,0,1,1,1,1,0.9868,0.9927,0.8853,0.9272,785.0,336.0,652.5,344.5,724.5,393.5,701.0,404.5,132.7724,25.9471,0.1954,1,1,61,1
60,3,0,2,1,1,1,0.9897,0.9902,0.9155,0.915,953.0,346.0,834.5,350.0,906.0,384.5,890.5,377.5,118.5675,17.0074,0.1434,1,1,61,1
61,3,0,0,1,1,1,0.9878,0.9897,0.9136,0.9272,599.5,290.0,467.0,291.0,542.0,298.0,506.75,294.5,132.5038,35.4233,0.2673,1,1,62,1
61,3,0,1,1,1,1,0.9868,0.9927,0.8848,0.9272,785.0,336.0,652.5,344.5,725.0,394.0,701.0,404.5,132.7724,26.1964,0.1973,1,1,62,1
61,3,0,2,1,1,1,0.9897,0.9902,0.915,0.915,953.0,346.0,834.0,350.5,906.0,384.5,890.5,378.0,119.0851,16.8077,0.1411,1,1,62,1
62,3,0,0,1,1,1,0.9873,0.9893,0.9131,0.9253,599.5,290.0,467.25,291.0,541.5,298.0,506.5,295.0,132.2538,35.1283,0.2656,1,1,63,1
62,3,0,1,1,1,1,0.9863,0.9927,0.8804,0.9277,785.0,337.0,652.0,345.0,726.0,395.0,702.0,404.5,133.2404,25.8118,0.1937,1,1,63,1
62,3,0,2,1,1,1,0.9897,0.9902,0.9141,0.9136,953.0,346.5,834.0,350.5,905.5,384.0,891.0,377.0,119.0672,16.1012,0.1352,1,1,63,1
63,3,0,0,1,1,1,0.9873,0.9893,0.9131,0.9258,599.5,290.5,467.25,291.0,541.5,298.0,506.5,295.0,132.2509,35.1283,0.2656,1,1,64,1
63,3,0,1,1,1,1,0.9863,0.9927,0.8799,0.9277,785.0,337.0,652.0,345.0,726.0,395.0,702.5,404.5,133.2404,25.3476,0.1902,1,1,64,1
63,3,0,2,1,1,1,0.9897,0.9902,0.9141,0.9141,953.0,346.5,834.0,350.5,905.5,384.0,891.0,377.0,119.0672,16.1012,0.1352,1,1,64,1
64,3,0,0,1,1,1,0.9873,0.9897,0.9111,0.9268,599.5,291.0,467.0,291.5,541.5,297.0,507.0,293.5,132.5009,34.6771,0.2617,1,1,65,1
64,3,0,1,1,1,1,0.9863,0.9927,0.8809,0.9282,785.5,336.5,652.5,345.0,725.0,395.0,702.0,404.5,133.2713,24.8847,0.1867,1,1,65,1
64,3,0,2,1,1,1,0.9897,0.9902,0.9146,0.9155,952.5,346.5,834.0,350.0,906.0,383.0,893.0,374.5,118.5517,15.5322,0.131,1,1,65,1
65,3,0,0,1,1,1,0.9873,0.9897,0.9116,0.9268,599.5,291.0,467.0,291.5,541.5,297.0,507.0,293.5,132.5009,34.6771,0.2617,1,1,66,1
65,3,0,1,1,1,1,0.9863,0.9927,0.8809,0.9282,785.0,337.0,652.5,345.0,725.0,395.0,702.0,404.5,132.7413,24.8847,0.1875,1,1,66,1
65,3,0,2,1,1,1,0.9897,0.9902,0.9141,0.916,952.5,346.5,834.0,350.0,906.0,383.0,893.0,374.5,118.5517,15.5322,0.131,1,1,66,1
66,3,0,0,1,1,1,0.9878,0.9893,0.9146,0.9268,599.0,290.5,467.0,291.0,542.0,298.0,506.5,295.0,132.0009,35.6265,0.2699,1,1,67,1
66,3,0,1,1,1,1,0.9863,0.9927,0.8818,0.9287,785.5,337.0,652.5,345.0,726.0,396.5,702.0,405.5,133.2404,25.632,0.1924,1,1,67,1
66,3,0,2,1,1,1,0.9897,0.9902,0.916,0.916,953.0,346.0,834.0,350.5,905.5,382.0,893.0,375.5,119.0851,14.089,0.1183,1,1,67,1
67,3,0,0,1,1,1,0.9878,0.9893,0.915,0.9253,599.0,291.0,467.0,291.5,541.5,298.0,506.5,295.0,132.0009,35.1283,0.2661,1,1,68,1
67,3,0,2,1,1,1,0.9897,0.9902,0.9141,0.9165,953.0,346.0,834.0,351.0,907.5,383.5,893.0,375.0,119.105,16.8077,0.1411,1,1,68,1
67,3,0,1,1,1,1,0.9863,0.9927,0.8843,0.9268,785.5,337.5,652.0,346.0,725.0,394.5,702.0,404.5,133.7703,25.0799,0.1875,1,1,68,1
68,3,0,0,1,1,1,0.9878,0.9893,0.915,0.9253,599.0,291.0,467.0,292.0,542.0,298.0,506.5,294.5,132.0038,35.6721,0.2702,1,1,69,1
68,3,0,2,1,1,1,0.9897,0.9902,0.9141,0.9165,953.0,346.0,834.0,351.0,908.0,383.5,893.0,375.0,119.105,17.2409,0.1448,1,1,69,1
68,3,0,1,1,1,1,0.9863,0.9927,0.8848,0.9263,785.5,337.5,652.0,346.0,725.0,394.5,701.5,404.5,133.7703,25.5392,0.1909,1,1,69,1
69,3,0,0,1,1,1,0.9878,0.9893,0.9165,0.9253,599.0,291.0,467.0,292.0,542.0,299.0,506.5,295.0,132.0038,35.7246,0.2706,1,1,70,1
69,3,0,1,1,1,1,0.9863,0.9927,0.8843,0.9272,786.0,338.0,652.5,346.5,725.0,394.5,701.5,406.0,133.7703,26.163,0.1956,1,1,70,1
69,3,0,2,1,1,1,0.9897,0.9902,0.916,0.916,953.0,346.0,834.5,350.5,906.0,382.5,893.5,374.0,118.5854,15.1162,0.1275,1,1,70,1
70,3,0,0,1,1,1,0.9878,0.9893,0.9165,0.9248,599.0,291.0,467.0,292.0,542.0,298.5,506.25,295.0,132.0038,35.9209,0.2721,1,1,71,1
70,3,0,1,1,1,1,0.9863,0.9927,0.8843,0.9272,786.0,338.0,652.5,346.5,725.0,394.5,701.0,406.0,133.7703,26.613,0.1989,1,1,71,1
70,3,0,2,1,1,1,0.9897,0.9902,0.916,0.9155,953.0,346.0,834.0,350.5,906.0,382.5,893.5,374.0,119.0851,15.1162,0.1269,1,1,71,1
71,3,0,0,1,1,1,0.9878,0.9888,0.9165,0.9238,599.5,290.5,467.5,291.5,542.0,298.0,506.25,295.5,132.0038,35.8373,0.2715,1,1,72,1
71,3,0,1,1,1,1,0.9863,0.9927,0.8828,0.9263,786.0,337.5,652.5,346.5,725.0,393.0,701.0,406.5,133.803,27.5363,0.2058,1,1,72,1
71,3,0,2,1,1,1,0.9893,0.9902,0.9136,0.9165,952.5,345.5,834.5,351.0,906.5,382.5,893.5,374.0,118.1281,15.5322,0.1315,1,1,72,1
72,3,0,0,1,1,1,0.9878,0.9888,0.916,0.9238,599.0,290.5,467.5,291.0,542.0,298.0,506.25,295.5,131.501,35.8373,0.2725,1,1,73,1
72,3,0,1,1,1,1,0.9863,0.9927,0.8828,0.9263,786.5,337.5,652.5,346.5,724.5,393.0,701.5,406.5,134.3019,26.6693,0.1986,1,1,73,1
72,3,0,2,1,1,1,0.9897,0.9902,0.9136,0.9165,952.5,345.5,834.5,351.0,906.5,382.5,893.5,374.5,118.1281,15.2643,0.1292,1,1,73,1
73,3,0,0,1,1,1,0.9883,0.9893,0.9175,0.9243,599.0,290.5,467.0,291.0,542.5,298.5,506.25,296.0,132.0009,36.3361,0.2753,1,1,74,1
73,3,0,1,1,1,1,0.9858,0.9927,0.8813,0.9272,786.0,337.5,652.5,346.0,726.0,395.5,702.0,406.5,133.7703,26.4008,0.1974,1,1,74,1
73,3,0,2,1,1,1,0.9893,0.9907,0.9126,0.9175,953.0,345.5,834.0,351.0,905.5,382.5,893.0,372.0,119.127,16.3248,0.137,1,1,74,1
74,3,0,0,1,1,1,0.9883,0.9893,0.917,0.9243,599.0,290.5,467.0,291.0,542.5,298.5,506.25,296.5,132.0009,36.3051,0.275,1,1,75,1
74,3,0,1,1,1,1,0.9863,0.9927,0.8813,0.9272,786.0,337.5,652.5,346.0,726.0,395.5,701.5,406.0,133.7703,26.6552,0.1993,1,1,75,1
74,3,0,2,1,1,1,0.9893,0.9907,0.9126,0.9175,953.0,345.5,834.0,351.0,905.5,382.5,893.0,372.0,119.127,16.3248,0.137,1,1,75,1
75,3,0,0,1,1,1,0.9878,0.9888,0.915,0.9238,599.0,291.0,467.0,292.0,542.0,299.0,506.5,296.0,132.0038,35.6265,0.2699,1,1,76,1
75,3,0,1,1,1,1,0.9858,0.9927,0.8804,0.9272,785.5,337.5,652.5,345.5,726.5,397.0,702.0,405.0,133.2404,25.773,0.1934,1,1,76,1
75,3,0,2,1,1,1,0.9893,0.9902,0.9131,0.9165,953.0,346.0,834.5,351.0,905.0,382.0,894.0,372.0,118.6054,14.8661,0.1253,1,1,76,1
76,3,0,0,1,1,1,0.9878,0.9888,0.9155,0.9238,599.0,291.5,467.25,292.0,542.0,299.0,506.75,296.0,131.7509,35.3774,0.2685,1,1,77,1
76,3,0,1,1,1,1,0.9858,0.9927,0.8804,0.9272,786.0,337.5,652.5,345.5,726.5,397.0,702.0,405.0,133.7395,25.773,0.1927,1,1,77,1
76,3,0,2,1,1,1,0.9893,0.9902,0.9136,0.916,953.0,346.0,834.5,351.0,905.0,382.0,894.0,372.0,118.6054,14.8661,0.1253,1,1,77,1
77,3,0,0,1,1,1,0.9878,0.9893,0.915,0.9253,599.0,291.0,467.0,291.5,542.0,299.0,507.0,297.0,132.0009,35.0571,0.2656,1,1,78,1
77,3,0,2,1,1,1,0.9893,0.9902,0.9126,0.917,953.0,346.0,834.5,351.5,905.0,382.0,894.0,371.5,118.6276,15.2069,0.1282,1,1,78,1
77,3,0,1,1,1,1,0.9863,0.9927,0.8823,0.9268,785.5,337.0,652.5,345.5,724.0,396.0,702.5,405.0,133.2713,23.3077,0.1749,1,1,78,1
78,3,0,0,1,1,1,0.9878,0.9893,0.915,0.9253,599.0,291.0,467.0,291.5,542.0,299.0,507.0,297.0,132.0009,35.0571,0.2656,1,1,79,1
78,3,0,2,1,1,1,0.9893,0.9902,0.9126,0.917,953.0,346.0,834.5,351.5,905.0,382.0,894.0,371.5,118.6276,15.2069,0.1282,1,1,79,1
78,3,0,1,1,1,1,0.9863,0.9927,0.8818,0.9268,785.5,337.0,652.5,345.5,724.0,396.0,702.5,405.0,133.2713,23.3077,0.1749,1,1,79,1
79,3,0,0,1,1,1,0.9878,0.9893,0.915,0.9258,599.0,291.0,467.0,291.5,542.0,298.5,506.75,297.0,132.0009,35.2819,0.2673,1,1,80,1
79,3,0,2,1,1,1,0.9897,0.9907,0.9146,0.917,953.0,346.0,834.0,351.0,905.5,382.5,895.0,373.0,119.105,14.1598,0.1189,1,1,80,1
79,3,0,1,1,1,1,0.9863,0.9927,0.8813,0.9277,785.0,337.0,652.0,345.0,723.5,394.5,702.5,405.0,133.2404,23.4787,0.1762,1,1,80,1
80,3,0,0,1,1,1,0.9878,0.9888,0.915,0.9248,599.0,292.0,467.0,292.0,541.5,298.5,506.75,296.5,132.0,34.8075,0.2637,1,1,81,1
80,3,0,1,1,1,1,0.9858,0.9927,0.8784,0.9272,785.0,336.5,652.0,345.0,724.0,394.5,702.0,405.0,133.2713,24.3772,0.1829,1,1,81,1
80,3,0,2,1,1,1,0.9897,0.9902,0.9141,0.916,953.5,346.0,834.5,351.5,906.0,382.5,893.0,372.5,119.127,16.4012,0.1377,1,1,81,1
81,3,0,0,1,1,1,0.9878,0.9888,0.915,0.9248,599.0,291.5,467.0,292.0,541.5,298.5,506.75,296.5,132.0009,34.8075,0.2637,1,1,82,1
81,3,0,1,1,1,1,0.9858,0.9927,0.8784,0.9282,784.5,336.5,652.0,345.0,724.0,394.5,702.0,404.5,132.7724,24.1661,0.182,1,1,82,1
81,3,0,2,1,1,1,0.9897,0.9902,0.9136,0.916,953.5,346.0,834.5,351.5,906.0,382.5,893.0,372.0,119.127,16.7108,0.1403,1,1,82,1
82,3,0,0,1,1,1,0.9873,0.9893,0.9126,0.9268,599.0,291.5,466.5,292.0,541.5,298.0,507.25,297.0,132.5009,34.2646,0.2586,1,1,83,1
82,3,0,1,1,1,1,0.9863,0.9927,0.8828,0.9282,784.5,336.5,651.5,344.5,724.0,395.0,702.5,404.5,133.2404,23.5053,0.1764,1,1,83,1
82,3,0,2,1,1,1,0.9897,0.9902,0.915,0.9165,953.5,346.0,835.0,351.5,905.0,383.0,893.0,371.5,118.6276,16.6208,0.1401,1,1,83,1
83,3,0,0,1,1,1,0.9873,0.9893,0.9126,0.9268,599.0,291.0,466.75,292.0,541.5,298.0,507.25,297.0,132.2538,34.2646,0.2591,1,1,84,1
83,3,0,1,1,1,1,0.9863,0.9927,0.8823,0.9282,784.5,336.5,651.5,345.0,724.0,395.5,702.5,404.5,133.2713,23.3077,0.1749,1,1,84,1
83,3,0,2,1,1,1,0.9897,0.9902,0.915,0.916,953.5,346.0,835.0,351.5,904.5,383.0,893.0,371.5,118.6276,16.2635,0.1371,1,1,84,1
84,3,0,0,1,1,1,0.9873,0.9893,0.9131,0.9258,599.0,290.5,467.5,291.5,542.0,298.5,507.25,296.5,131.5038,34.8075,0.2647,1,1,85,1
84,3,0,1,1,1,1,0.9868,0.9927,0.8843,0.9258,784.0,336.5,651.5,345.0,724.0,397.0,702.0,404.0,132.7724,23.0868,0.1739,1,1,85,1
84,3,0,2,1,1,1,0.9897,0.9902,0.9141,0.916,953.5,346.5,834.5,351.5,904.0,381.5,893.0,368.5,119.105,17.0294,0.143,1,1,85,1
85,3,0,0,1,1,1,0.9873,0.9893,0.9131,0.9258,599.0,290.5,467.25,291.5,542.0,298.5,507.25,296.0,131.7538,34.8398,0.2644,1,1,86,1
85,3,0,1,1,1,1,0.9868,0.9927,0.8848,0.9253,784.0,336.5,651.5,345.0,724.0,397.0,702.0,404.5,132.7724,23.2433,0.1751,1,1,86,1
85,3,0,2,1,1,1,0.9897,0.9902,0.9141,0.9165,953.5,347.0,835.0,351.5,904.0,381.5,893.0,368.5,118.5854,17.0294,0.1436,1,1,86,1
86,3,0,0,1,1,1,0.9878,0.9897,0.9141,0.9272,599.0,291.0,467.25,291.5,541.0,299.0,507.0,297.5,131.7509,34.0331,0.2583,1,1,87,1
86,3,0,1,1,1,1,0.9878,0.9922,0.8901,0.9326,783.5,338.5,651.5,347.0,733.5,400.5,700.0,396.5,132.2734,33.738,0.2551,1,1,87,1
86,3,0,2,1,1,1,0.9897,0.9902,0.915,0.9146,953.5,346.5,834.5,351.5,905.5,383.0,893.0,369.0,119.105,18.7683,0.1576,1,1,87,1
87,3,0,0,1,1,1,0.9878,0.9897,0.9141,0.9268,599.0,291.0,467.0,292.0,541.5,299.0,507.0,297.5,132.0038,34.5326,0.2616,1,1,88,1
87,3,0,1,1,1,1,0.9863,0.9927,0.8813,0.9277,783.5,336.0,651.5,344.5,725.0,399.0,702.0,403.5,132.2734,23.4361,0.1772,1,1,88,1
87,3,0,2,1,1,1,0.9897,0.9902,0.915,0.9146,953.5,346.5,834.5,351.5,905.5,383.0,893.0,369.0,119.105,18.7683,0.1576,1,1,88,1
88,3,0,0,1,1,1,0.9873,0.9893,0.9141,0.9253,599.0,291.0,467.25,292.0,541.5,299.0,506.75,297.0,131.7538,34.8075,0.2642,1,1,89,1
88,3,0,1,1,1,1,0.9863,0.9922,0.8809,0.9253,783.0,335.5,651.0,344.5,724.0,396.5,701.5,403.5,132.3065,23.5637,0.1781,1,1,89,1
88,3,0,2,1,1,1,0.9893,0.9902,0.9116,0.9155,953.5,346.0,834.5,351.0,905.0,383.5,893.5,370.0,119.105,17.7341,0.1489,1,1,89,1
89,3,0,0,1,1,1,0.9873,0.9897,0.9126,0.9272,598.5,291.0,466.75,292.0,541.5,298.5,507.25,296.0,131.7538,34.3411,0.2606,1,1,90,1
89,3,0,1,1,1,1,0.9863,0.9927,0.8813,0.9268,783.0,336.0,650.5,344.5,722.5,393.5,701.0,403.5,132.7724,23.7118,0.1786,1,1,90,1
89,3,0,2,1,1,1,0.9893,0.9902,0.9131,0.9141,953.0,346.0,834.5,350.5,904.5,382.5,892.5,371.5,118.5854,16.2788,0.1373,1,1,90,1
90,3,0,0,1,1,1,0.9873,0.9897,0.9126,0.9272,598.5,291.0,467.0,292.0,541.5,299.0,507.25,295.5,131.5038,34.4284,0.2618,1,1,91,1
90,3,0,1,1,1,1,0.9863,0.9927,0.8818,0.9268,783.0,336.0,650.5,344.5,722.5,393.5,701.0,403.5,132.7724,23.7118,0.1786,1,1,91,1
90,3,0,2,1,1,1,0.9893,0.9902,0.9131,0.9141,953.0,346.0,834.5,350.5,904.5,382.5,892.0,371.5,118.5854,16.6508,0.1404,1,1,91,1
91,3,0,0,1,1,1,0.9878,0.9897,0.9141,0.9268,599.0,291.0,467.5,292.0,541.5,298.0,507.0,296.0,131.5038,34.5579,0.2628,1,1,92,1
91,3,0,1,1,1,1,0.9868,0.9922,0.8843,0.9253,783.0,336.0,651.0,345.0,724.0,396.0,701.0,402.0,132.3065,23.7697,0.1797,1,1,92,1
91,3,0,2,1,1,1,0.9893,0.9902,0.9131,0.9165,953.0,346.0,834.5,351.0,906.0,382.5,892.0,369.5,118.6054,19.105,0.1611,1,1,92,1
92,3,0,0,1,1,1,0.9878,0.9897,0.9141,0.9268,599.0,291.0,467.25,292.0,541.5,298.5,507.0,296.0,131.7538,34.5905,0.2625,1,1,93,1
92,3,0,1,1,1,1,0.9868,0.9922,0.8843,0.9253,783.0,336.5,651.0,345.0,724.0,396.0,701.0,402.0,132.2734,23.7697,0.1797,1,1,93,1
92,3,0,2,1,1,1,0.9893,0.9902,0.9131,0.9165,953.5,346.0,834.5,351.0,905.5,382.5,892.0,369.5,119.105,18.7417,0.1574,1,1,93,1
93,3,0,0,1,1,1,0.9873,0.9893,0.9116,0.9263,599.0,291.0,467.25,292.0,542.0,299.0,506.75,296.0,131.7538,35.3774,0.2685,1,1,94,1
93,3,0,1,1,1,1,0.9868,0.9922,0.8857,0.9248,782.0,336.0,651.0,344.5,724.5,396.5,701.0,403.5,131.2755,24.5204,0.1868,1,1,94,1
93,3,0,2,1,1,1,0.9897,0.9902,0.9146,0.9155,953.5,346.0,834.5,350.5,905.0,383.5,892.0,371.5,119.0851,17.6918,0.1486,1,1,94,1
94,3,0,0,1,1,1,0.9873,0.9897,0.9102,0.9277,599.0,291.0,467.0,292.0,541.5,298.0,507.25,295.0,132.0038,34.3811,0.2605,1,1,95,1
94,3,0,1,1,1,1,0.9873,0.9922,0.8882,0.9233,782.0,336.0,651.0,345.0,723.5,395.0,701.0,404.0,131.3088,24.2332,0.1846,1,1,95,1
94,3,0,2,1,1,1,0.9897,0.9902,0.916,0.9131,953.0,345.5,834.5,350.0,905.5,385.0,891.5,373.0,118.5854,18.4391,0.1555,1,1,95,1
95,3,0,0,1,1,1,0.9873,0.9897,0.9106,0.9272,599.0,291.0,467.0,292.0,541.5,298.0,507.25,295.0,132.0038,34.3811,0.2605,1,1,96,1
95,3,0,1,1,1,1,0.9873,0.9922,0.8882,0.9233,782.0,336.0,651.0,345.0,723.5,395.0,701.0,404.0,131.3088,24.2332,0.1846,1,1,96,1
95,3,0,2,1,1,1,0.9897,0.9902,0.916,0.9131,953.0,346.0,834.5,350.0,905.5,385.0,891.5,373.5,118.5675,18.1177,0.1528,1,1,96,1
96,3,0,0,1,1,1,0.9868,0.9897,0.9097,0.9277,599.0,290.5,467.25,291.5,542.0,298.5,507.75,295.0,131.7538,34.4284,0.2613,1,1,97,1
96,3,0,1,1,1,1,0.9878,0.9917,0.8916,0.9199,782.0,336.0,651.0,344.5,724.0,396.0,700.5,404.0,131.2755,24.8244,0.1891,1,1,97,1
96,3,0,2,1,1,1,0.9897,0.9902,0.9141,0.9141,953.0,346.0,834.5,350.0,907.0,385.0,891.0,375.5,118.5675,18.6078,0.1569,1,1,97,1
97,3,0,0,1,1,1,0.9868,0.9897,0.9092,0.9272,599.0,291.0,467.25,291.5,542.0,298.5,507.75,295.0,131.7509,34.4284,0.2613,1,1,98,1
97,3,0,1,1,1,1,0.9878,0.9917,0.8916,0.9199,782.0,336.0,651.0,345.0,724.0,396.0,700.5,404.0,131.3088,24.8244,0.1891,1,1,98,1
97,3,0,2,1,1,1,0.9893,0.9902,0.9136,0.9136,953.0,346.0,834.5,350.0,907.0,385.0,891.0,375.5,118.5675,18.6078,0.1569,1,1,98,1
98,3,0,0,1,1,1,0.9873,0.9897,0.9106,0.9287,599.0,291.0,467.0,291.5,541.5,298.0,507.75,294.5,132.0009,33.931,0.2571,1,1,99,1
98,3,0,1,1,1,1,0.9873,0.9922,0.8896,0.9229,782.0,335.5,651.0,345.0,724.5,396.5,700.5,404.5,131.344,25.2982,0.1926,1,1,99,1
98,3,0,2,1,1,1,0.9897,0.9902,0.9136,0.9141,952.5,346.0,834.0,350.5,906.0,385.5,890.5,375.0,118.5854,18.7216,0.1579,1,1,99,1
99,3,0,0,1,1,1,0.9873,0.9897,0.9106,0.9282,599.0,291.0,467.0,291.5,541.5,298.0,507.75,294.5,132.0009,33.931,0.2571,1,1,100,1
99,3,0,1,1,1,1,0.9873,0.9922,0.8892,0.9229,782.0,336.0,651.0,345.0,724.0,396.5,700.5,404.5,131.3088,24.8244,0.1891,1,1,100,1
99,3,0,2,1,1,1,0.9897,0.9902,0.9136,0.9141,952.5,346.0,834.0,350.5,906.0,385.5,890.5,375.0,118.5854,18.7216,0.1579,1,1,100,1
100,3,0,0,1,1,1,0.9868,0.9897,0.9097,0.9287,599.0,290.5,467.0,291.5,542.5,299.0,507.5,294.5,132.0038,35.2881,0.2673,1,1,101,1
100,3,0,1,1,1,1,0.9868,0.9922,0.8872,0.9248,782.0,335.5,650.5,345.0,724.0,396.0,700.5,404.5,131.8427,24.99,0.1895,1,1,101,1
100,3,0,2,1,1,1,0.9897,0.9902,0.915,0.915,953.0,346.0,834.5,351.0,906.0,386.0,890.0,374.5,118.6054,19.7041,0.1661,1,1,101,1
101,3,0,0,1,1,1,0.9868,0.9897,0.9097,0.9287,599.0,291.0,467.0,291.5,542.5,299.0,507.5,295.0,132.0009,35.2278,0.2669,1,1,102,1
101,3,0,1,1,1,1,0.9868,0.9922,0.8867,0.9243,782.0,335.5,650.5,345.0,724.0,396.0,700.5,404.5,131.8427,24.99,0.1895,1,1,102,1
101,3,0,2,1,1,1,0.9897,0.9902,0.915,0.915,953.0,346.0,834.5,350.5,906.0,386.0,890.0,374.5,118.5854,19.7041,0.1662,1,1,102,1
102,3,0,0,1,1,1,0.9868,0.9897,0.9092,0.9292,599.0,291.0,466.75,292.0,542.0,299.0,507.75,296.5,132.2538,34.3411,0.2597,1,1,103,1
102,3,0,1,1,1,1,0.9868,0.9922,0.8838,0.9229,782.0,335.5,651.0,344.5,723.0,394.5,700.5,404.5,131.3088,24.6221,0.1875,1,1,103,1
102,3,0,2,1,1,1,0.9897,0.9897,0.917,0.9121,952.5,346.0,833.5,351.0,904.0,385.0,888.5,373.5,119.105,19.3003,0.162,1,1,103,1
103,3,0,0,1,1,1,0.9863,0.9897,0.9072,0.9282,599.5,291.0,467.0,292.0,542.0,299.0,508.0,294.0,132.5038,34.3657,0.2594,1,1,104,1
103,3,0,1,1,1,1,0.9868,0.9922,0.8862,0.9214,782.0,335.5,651.0,344.5,724.0,394.0,699.5,404.5,131.3088,26.6552,0.203,1,1,104,1
103,3,0,2,1,1,1,0.9897,0.9897,0.916,0.9106,952.5,346.5,833.5,351.0,905.0,384.5,889.0,374.5,119.0851,18.868,0.1584,1,1,104,1
104,3,0,0,1,1,1,0.9863,0.9897,0.9072,0.9282,599.0,291.0,467.0,292.0,542.0,298.5,508.0,294.0,132.0038,34.2965,0.2598,1,1,105,1
104,3,0,1,1,1,1,0.9868,0.9917,0.8872,0.9214,782.0,335.5,651.0,344.0,724.0,394.5,699.5,404.5,131.2755,26.4622,0.2016,1,1,105,1
104,3,0,2,1,1,1,0.9897,0.9897,0.916,0.9106,952.5,346.5,834.0,351.0,905.0,384.5,889.0,374.5,118.5854,18.868,0.1591,1,1,105,1
105,3,0,0,1,1,1,0.9868,0.9897,0.9097,0.9282,599.0,290.5,467.0,291.5,542.5,299.0,508.0,296.0,132.0038,34.6302,0.2623,1,1,106,1
105,3,0,1,1,1,1,0.9868,0.9922,0.8857,0.9233,782.5,335.5,650.5,344.5,725.5,396.0,701.0,405.0,132.3065,26.1008,0.1973,1,1,106,1
105,3,0,2,1,1,1,0.9897,0.9902,0.9175,0.915,952.5,345.5,834.0,350.5,905.0,386.0,888.0,374.5,118.6054,20.5244,0.173,1,1,106,1
106,3,0,0,1,1,1,0.9868,0.9897,0.9097,0.9282,599.0,290.5,467.0,291.5,542.5,299.0,508.0,296.0,132.0038,34.6302,0.2623,1,1,107,1
106,3,0,1,1,1,1,0.9868,0.9922,0.8857,0.9233,782.0,335.5,650.5,344.5,725.0,396.0,701.5,405.0,131.8076,25.1645,0.1909,1,1,107,1
106,3,0,2,1,1,1,0.9897,0.9902,0.9175,0.915,952.0,345.5,834.0,350.5,905.0,386.0,888.0,374.5,118.1059,20.5244,0.1738,1,1,107,1
107,3,0,0,1,1,1,0.9868,0.9897,0.9097,0.9297,599.5,290.0,467.25,291.0,542.0,299.0,508.25,295.0,132.2538,33.9862,0.257,1,1,108,1
107,3,0,1,1,1,1,0.9863,0.9927,0.8818,0.9268,782.0,335.5,650.5,345.0,726.0,396.5,700.5,404.5,131.8427,26.7255,0.2027,1,1,108,1
107,3,0,2,1,1,1,0.9897,0.9902,0.9165,0.9136,952.0,346.0,833.5,350.5,904.5,385.5,888.5,374.0,118.5854,19.7041,0.1662,1,1,108,1
108,3,0,0,1,1,1,0.9868,0.9897,0.9097,0.9297,599.5,290.0,467.25,291.5,542.0,299.0,508.25,295.0,132.2585,33.9862,0.257,1,1,109,1
108,3,0,1,1,1,1,0.9863,0.9927,0.8818,0.9268,782.0,335.5,650.5,345.0,726.0,396.5,700.5,405.0,131.8427,26.8794,0.2039,1,1,109,1
108,3,0,2,1,1,1,0.9897,0.9902,0.9165,0.9136,952.0,346.0,833.5,351.0,905.0,385.5,888.5,374.0,118.6054,20.1122,0.1696,1,1,109,1
109,3,0,0,1,1,1,0.9873,0.9897,0.9111,0.9282,599.5,290.5,467.5,291.5,541.5,299.5,508.25,296.5,132.0038,33.3851,0.2529,1,1,110,1
109,3,0,1,1,1,1,0.9868,0.9922,0.8843,0.9248,782.5,335.5,650.5,344.5,725.0,395.5,701.0,403.0,132.3065,25.1446,0.19,1,1,110,1
109,3,0,2,1,1,1,0.9897,0.9902,0.915,0.916,952.0,345.5,833.5,351.0,905.0,386.5,888.0,374.0,118.6276,21.1009,0.1779,1,1,110,1
110,3,0,0,1,1,1,0.9873,0.9897,0.9106,0.9282,599.5,290.5,467.5,291.5,541.5,299.5,508.25,296.5,132.0038,33.3851,0.2529,1,1,111,1
110,3,0,1,1,1,1,0.9868,0.9922,0.8843,0.9248,783.0,335.5,650.5,344.5,725.0,395.5,701.0,403.0,132.8053,25.1446,0.1893,1,1,111,1
110,3,0,2,1,1,1,0.9897,0.9902,0.915,0.916,952.0,345.5,833.5,351.5,905.0,386.5,888.0,374.0,118.6518,21.1009,0.1778,1,1,111,1
111,3,0,0,1,1,1,0.9873,0.9897,0.9102,0.9282,600.0,290.5,468.0,292.0,541.5,299.0,507.5,296.5,132.0085,34.0918,0.2583,1,1,112,1
111,3,0,1,1,1,1,0.9873,0.9927,0.8882,0.9258,782.0,335.0,650.5,344.0,725.5,396.0,700.0,405.5,131.8076,27.2121,0.2065,1,1,112,1
111,3,0,2,1,1,1,0.9897,0.9902,0.915,0.9155,952.5,346.0,833.5,351.5,903.5,385.0,888.5,373.5,119.127,18.9011,0.1587,1,1,112,1
112,3,0,0,1,1,1,0.9873,0.9897,0.9097,0.9282,600.0,290.5,468.0,292.0,541.5,299.0,507.5,296.5,132.0085,34.0918,0.2583,1,1,113,1
112,3,0,1,1,1,1,0.9873,0.9927,0.8882,0.9258,782.0,335.0,650.5,344.5,725.0,396.0,700.0,405.0,131.8427,26.5707,0.2015,1,1,113,1
112,3,0,2,1,1,1,0.9897,0.9902,0.915,0.9155,952.5,346.0,833.5,351.5,903.0,385.0,888.5,373.5,119.127,18.5068,0.1554,1,1,113,1
113,3,0,0,1,1,1,0.9873,0.9897,0.9126,0.9268,599.5,291.0,467.5,291.5,542.0,300.0,508.5,296.0,132.0009,33.738,0.2556,1,1,114,1
113,3,0,1,1,1,1,0.9868,0.9922,0.8862,0.9243,782.0,335.5,650.5,344.5,726.5,398.5,700.0,405.0,131.8076,27.2855,0.207,1,1,114,1
113,3,0,2,1,1,1,0.9897,0.9902,0.915,0.915,952.5,346.0,833.5,351.5,905.0,385.0,887.5,373.0,119.127,21.2191,0.1781,1,1,114,1
114,3,0,0,1,1,1,0.9873,0.9897,0.9126,0.9268,599.5,291.0,467.5,291.5,541.5,300.0,508.5,296.5,132.0009,33.1851,0.2514,1,1,115,1
114,3,0,1,1,1,1,0.9868,0.9922,0.8862,0.9243,782.0,335.5,650.5,344.5,726.5,398.5,700.5,405.0,131.8076,26.8002,0.2033,1,1,115,1
114,3,0,2,1,1,1,0.9897,0.9902,0.915,0.915,952.5,346.0,833.5,351.5,905.0,385.0,887.0,373.0,119.127,21.6333,0.1816,1,1,115,1
115,3,0,0,1,1,1,0.9873,0.9897,0.9116,0.9277,600.0,290.0,467.5,291.0,542.0,300.0,508.25,296.5,132.5038,33.931,0.2561,1,1,116,1
115,3,0,1,1,1,1,0.9863,0.9927,0.8804,0.9277,782.5,335.0,650.5,344.5,726.0,396.0,700.0,404.0,132.3414,27.2029,0.2056,1,1,116,1
115,3,0,2,1,1,1,0.9893,0.9902,0.9131,0.915,952.5,346.0,834.0,351.5,904.5,385.5,888.0,371.5,118.6276,21.6391,0.1824,1,1,116,1
116,3,0,0,1,1,1,0.9873,0.9897,0.9126,0.9282,600.0,291.0,467.75,291.5,542.0,298.5,508.0,298.0,132.2509,34.0037,0.2571,1,1,117,1
116,3,0,1,1,1,1,0.9863,0.9927,0.8818,0.9268,782.0,336.0,650.5,344.5,727.0,397.5,700.0,404.5,131.7744,27.8927,0.2117,1,1,117,1
116,3,0,2,1,1,1,0.9897,0.9902,0.915,0.9146,952.5,346.5,834.0,351.5,904.5,386.0,887.0,372.5,118.6054,22.102,0.1863,1,1,117,1
117,3,0,0,1,1,1,0.9873,0.9897,0.9121,0.9282,600.0,291.0,467.75,291.5,542.0,298.5,508.0,297.5,132.2509,34.0147,0.2572,1,1,118,1
117,3,0,1,1,1,1,0.9878,0.9922,0.8906,0.9321,782.5,338.0,651.0,346.5,736.0,399.5,698.5,397.5,131.7744,37.5533,0.285,1,1,118,1
117,3,0,2,1,1,1,0.9897,0.9902,0.9155,0.915,952.5,346.5,834.0,351.5,904.5,386.0,887.0,372.5,118.6054,22.102,0.1863,1,1,118,1
118,3,0,0,1,1,1,0.9868,0.9897,0.9097,0.9287,599.5,291.0,467.5,292.0,542.5,298.0,508.25,294.5,132.0038,34.4284,0.2608,1,1,119,1
118,3,0,1,1,1,1,0.9863,0.9927,0.8813,0.9282,782.5,335.5,650.5,344.5,726.0,396.5,700.5,404.5,132.3065,26.7255,0.202,1,1,119,1
118,3,0,2,1,1,1,0.9897,0.9907,0.9155,0.9165,952.5,346.0,834.0,351.0,904.5,386.0,887.5,372.5,118.6054,21.7083,0.183,1,1,119,1
119,3,0,0,1,1,1,0.9868,0.9897,0.9097,0.9287,599.5,291.0,467.5,292.0,542.0,298.0,508.5,295.0,132.0038,33.6341,0.2548,1,1,120,1
119,3,0,1,1,1,1,0.9878,0.9922,0.8906,0.9331,782.5,338.5,650.5,346.5,735.0,398.5,699.0,398.0,132.2422,36.0035,0.2723,1,1,120,1
119,3,0,2,1,1,1,0.9897,0.9907,0.9155,0.9165,952.5,346.0,834.0,351.0,904.0,386.0,887.5,371.5,118.6054,21.9659,0.1852,1,1,120,1
120,3,0,0,1,1,1,0.9868,0.9897,0.9087,0.9297,599.5,290.5,467.0,292.0,542.5,300.0,508.75,296.0,132.5085,33.9862,0.2565,1,1,121,1
120,3,0,1,1,1,1,0.9868,0.9927,0.8843,0.9258,782.5,335.5,651.0,344.5,726.0,397.0,700.0,405.5,131.8076,27.3542,0.2075,1,1,121,1
120,3,0,2,1,1,1,0.9897,0.9902,0.9165,0.915,952.5,345.5,834.0,351.0,904.5,387.0,887.5,373.5,118.6276,21.7083,0.183,1,1,121,1
121,3,0,0,1,1,1,0.9868,0.9897,0.9092,0.9297,599.5,290.5,467.25,291.5,542.5,300.0,509.0,296.0,132.2538,33.738,0.2551,1,1,122,1
121,3,0,1,1,1,1,0.9868,0.9927,0.8843,0.9258,782.5,335.5,651.0,344.5,726.0,397.0,700.0,405.0,131.8076,27.2029,0.2064,1,1,122,1
121,3,0,2,1,1,1,0.9897,0.9902,0.9165,0.9146,952.5,345.5,834.0,351.0,904.5,387.0,887.5,373.5,118.6276,21.7083,0.183,1,1,122,1
122,3,0,0,1,1,1,0.9868,0.9893,0.9097,0.9272,599.5,290.5,467.75,292.0,542.0,299.0,507.75,297.5,131.7585,34.2828,0.2602,1,1,123,1
122,3,0,1,1,1,1,0.9863,0.9922,0.8833,0.9258,782.5,336.0,650.5,344.5,726.0,396.0,701.0,404.5,132.2734,26.4055,0.1996,1,1,123,1
122,3,0,2,1,1,1,0.9897,0.9902,0.915,0.9141,952.0,345.5,833.5,351.0,906.5,388.5,887.0,373.5,118.6276,24.6018,0.2074,1,1,123,1
123,3,0,0,1,1,1,0.9873,0.9897,0.9106,0.9282,600.0,291.0,468.0,292.0,542.0,299.0,508.0,296.0,132.0038,34.1321,0.2586,1,1,124,1
123,3,0,1,1,1,1,0.9863,0.9922,0.8833,0.9258,782.5,336.0,650.5,345.0,724.0,392.0,700.5,402.5,132.3065,25.7391,0.1945,1,1,124,1
123,3,0,2,1,1,1,0.9897,0.9902,0.9155,0.9141,951.5,346.0,834.0,351.0,906.5,388.0,887.0,372.0,117.6063,25.224,0.2145,1,1,124,1
124,3,0,0,1,1,1,0.9873,0.9897,0.9106,0.9282,600.0,291.0,468.0,292.0,542.0,299.0,508.0,296.0,132.0038,34.1321,0.2586,1,1,125,1
124,3,0,1,1,1,1,0.9863,0.9927,0.8838,0.9263,782.5,335.5,650.5,344.5,724.0,392.5,700.0,402.5,132.3065,26.0,0.1965,1,1,125,1
124,3,0,2,1,1,1,0.9897,0.9902,0.916,0.9136,951.5,346.0,834.0,351.0,906.5,388.0,887.0,372.0,117.6063,25.224,0.2145,1,1,125,1
125,4,1,0,1,1,1,0.9868,0.9897,0.9097,0.9282,599.5,291.0,467.75,292.0,542.0,299.0,508.0,295.0,131.7538,34.2345,0.2598,1,1,126,1
125,4,1,1,1,1,1,0.9863,0.9927,0.8823,0.9263,782.0,336.0,650.5,344.5,724.0,392.5,700.5,404.0,131.7744,26.163,0.1985,1,1,126,1
125,4,1,2,1,1,1,0.9897,0.9902,0.9155,0.9146,951.5,346.0,834.0,350.5,907.0,388.5,887.0,372.5,117.5861,25.6125,0.2178,1,1,126,1
125,4,1,3,0,0,1,0.0128,0.0221,0.026,0.0398,1279.0,553.5,1268.0,555.5,1229.0,696.0,1226.0,694.5,11.1803,3.3541,0.3,0,0,0,0
126,4,1,0,1,1,1,0.9868,0.9897,0.9097,0.9282,599.5,291.0,467.75,292.0,542.0,299.0,508.0,295.0,131.7538,34.2345,0.2598,1,1,127,1
126,4,1,1,1,1,1,0.9863,0.9927,0.8823,0.9263,782.5,336.0,650.5,345.0,724.0,393.0,700.0,403.5,132.3065,26.1964,0.198,1,1,127,1
126,4,1,2,1,1,1,0.9897,0.9902,0.915,0.9146,952.0,346.0,834.0,350.5,907.0,388.5,887.0,372.5,118.0858,25.6125,0.2169,1,1,127,1
126,4,1,3,0,0,1,0.0128,0.0225,0.026,0.0401,1279.0,553.0,1268.0,555.0,1229.0,696.0,1226.0,694.5,11.1803,3.3541,0.3,0,0,0,0
127,3,0,0,1,1,1,0.9873,0.9897,0.9111,0.9277,599.5,291.0,467.75,292.0,542.0,299.0,508.0,296.0,131.7538,34.1321,0.2591,1,1,128,1
127,3,0,1,1,1,1,0.9863,0.9927,0.8813,0.9268,782.5,336.5,650.5,345.0,725.5,395.0,701.5,403.0,132.2734,25.2982,0.1913,1,1,128,1
127,3,0,2,1,1,1,0.9902,0.9902,0.9175,0.9146,952.0,345.5,834.0,350.5,905.0,387.5,886.5,374.0,118.1059,22.902,0.1939,1,1,128,1
128,3,0,0,1,1,1,0.9873,0.9897,0.9106,0.9282,599.5,291.0,467.75,292.0,542.0,299.0,508.0,296.0,131.7538,34.1321,0.2591,1,1,129,1
128,3,0,1,1,1,1,0.9863,0.9927,0.8813,0.9272,782.0,336.5,650.5,345.0,725.0,395.0,701.5,403.0,131.7744,24.8244,0.1884,1,1,129,1
128,3,0,2,1,1,1,0.9902,0.9902,0.9175,0.9146,952.0,345.5,834.0,350.5,905.0,388.0,887.0,374.0,118.1059,22.8035,0.1931,1,1,129,1
129,3,0,0,1,1,1,0.9873,0.9897,0.9106,0.9277,600.0,291.0,467.5,292.0,542.0,299.0,508.75,296.5,132.5038,33.3439,0.2516,1,1,130,1
129,3,0,1,1,1,1,0.9863,0.9927,0.8813,0.9263,782.0,336.0,650.5,345.0,725.5,395.0,701.0,403.0,131.8076,25.773,0.1955,1,1,130,1
129,3,0,2,1,1,1,0.9897,0.9902,0.916,0.9141,952.0,346.0,834.0,350.5,905.5,388.0,887.0,373.5,118.0858,23.5053,0.1991,1,1,130,1
130,3,0,0,1,1,1,0.9873,0.9897,0.9111,0.9277,600.0,291.0,467.75,292.0,542.0,300.0,508.0,298.0,132.2538,34.0588,0.2575,1,1,131,1
130,3,0,1,1,1,1,0.9863,0.9927,0.8809,0.9268,782.5,336.0,650.5,345.0,724.5,394.0,701.5,402.5,132.3065,24.5204,0.1853,1,1,131,1
130,3,0,2,1,1,1,0.9897,0.9902,0.9155,0.9146,952.0,345.5,834.0,350.5,905.0,387.0,887.5,373.0,118.1059,22.4109,0.1898,1,1,131,1
131,3,0,0,1,1,1,0.9873,0.9897,0.9111,0.9277,600.0,291.0,467.75,292.0,542.0,300.0,508.0,298.0,132.2538,34.0588,0.2575,1,1,132,1
131,3,0,1,1,1,1,0.9863,0.9927,0.8804,0.9272,782.5,336.0,650.5,345.0,724.5,394.0,701.5,402.5,132.3065,24.5204,0.1853,1,1,132,1
131,3,0,2,1,1,1,0.9897,0.9902,0.916,0.9146,952.0,345.5,834.0,350.5,905.0,387.0,887.0,373.0,118.1059,22.8035,0.1931,1,1,132,1
132,3,0,0,1,1,1,0.9873,0.9897,0.9111,0.9297,599.5,291.0,467.5,292.0,542.0,300.0,508.5,297.5,132.0038,33.5932,0.2545,1,1,133,1
132,3,0,1,1,1,1,0.9868,0.9927,0.8853,0.9268,783.0,336.0,651.0,345.0,724.0,394.0,701.0,403.0,132.3065,24.6982,0.1867,1,1,133,1
132,3,0,2,1,1,1,0.9902,0.9902,0.918,0.9155,951.5,346.0,833.5,350.0,906.5,387.0,886.0,376.0,118.0678,23.2648,0.197,1,1,133,1
133,3,0,0,1,1,1,0.9873,0.9897,0.9116,0.9297,599.5,291.0,467.5,292.0,542.0,300.0,508.25,297.5,132.0038,33.8425,0.2564,1,1,134,1
133,3,0,1,1,1,1,0.9883,0.9922,0.8955,0.9307,783.0,338.5,651.0,347.0,733.5,396.0,699.0,396.0,132.2734,34.5,0.2608,1,1,134,1
133,3,0,2,1,1,1,0.9902,0.9902,0.918,0.916,951.5,346.0,833.5,350.0,907.0,387.0,886.0,376.0,118.0678,23.7065,0.2008,1,1,134,1
134,3,0,0,1,1,1,0.9873,0.9897,0.9121,0.9292,599.0,291.5,468.0,292.0,542.5,299.0,508.0,296.0,131.001,34.6302,0.2644,1,1,135,1
134,3,0,1,1,1,1,0.9868,0.9927,0.8843,0.9277,782.5,336.5,651.0,345.0,725.0,395.5,699.0,404.5,131.7744,27.5136,0.2088,1,1,135,1
134,3,0,2,1,1,1,0.9902,0.9907,0.9185,0.917,952.0,346.0,834.0,350.0,906.5,386.0,886.5,374.5,118.0678,23.0705,0.1954,1,1,135,1
135,3,0,0,1,1,1,0.9873,0.9897,0.9121,0.9292,599.0,291.5,468.0,292.0,542.0,299.0,508.0,296.0,131.001,34.1321,0.2605,1,1,136,1
135,3,0,1,1,1,1,0.9868,0.9927,0.8848,0.9277,782.5,336.5,651.0,345.0,725.0,395.5,699.0,404.5,131.7744,27.5136,0.2088,1,1,136,1
135,3,0,2,1,1,1,0.9902,0.9907,0.9189,0.917,952.0,346.5,834.0,350.5,906.0,385.5,886.5,374.0,118.0678,22.6385,0.1917,1,1,136,1
136,3,0,0,1,1,1,0.9873,0.9897,0.9116,0.9287,599.0,291.0,467.25,292.0,542.0,299.5,507.75,296.5,131.7538,34.3811,0.2609,1,1,137,1
136,3,0,1,1,1,1,0.9873,0.9922,0.8901,0.9248,782.0,336.5,651.0,345.0,724.5,394.5,699.5,404.5,131.2755,26.9258,0.2051,1,1,137,1
136,3,0,2,1,1,1,0.9902,0.9902,0.918,0.9165,952.0,346.0,834.5,350.5,906.5,386.5,887.0,372.0,117.5861,24.3002,0.2067,1,1,137,1
137,3,0,0,1,1,1,0.9873,0.9897,0.9116,0.9282,599.0,291.0,467.5,292.0,542.0,299.5,507.75,296.5,131.5038,34.3811,0.2614,1,1,138,1
137,3,0,1,1,1,1,0.9873,0.9922,0.8887,0.9248,782.5,336.5,650.5,344.5,725.0,395.0,699.5,405.0,132.2422,27.3907,0.2071,1,1,138,1
137,3,0,2,1,1,1,0.9902,0.9902,0.9175,0.9165,952.0,346.0,834.5,350.5,906.0,386.5,887.0,372.0,117.5861,23.9008,0.2033,1,1,138,1
138,3,0,0,1,1,1,0.9873,0.9893,0.9126,0.9268,599.0,291.0,467.75,292.0,542.5,299.0,507.25,297.0,131.2538,35.3067,0.269,1,1,139,1
138,3,0,1,1,1,1,0.9863,0.9927,0.8843,0.9258,783.0,336.0,651.0,345.0,725.0,394.0,700.5,404.0,132.3065,26.4622,0.2,1,1,139,1
138,3,0,2,1,1,1,0.9897,0.9902,0.916,0.9155,952.5,346.0,835.0,350.5,906.5,389.0,887.5,372.0,117.5861,25.4951,0.2168,1,1,139,1
139,3,0,0,1,1,1,0.9873,0.9897,0.9116,0.9272,599.5,291.0,468.0,292.0,542.0,300.0,507.5,298.0,131.5038,34.5579,0.2628,1,1,140,1
139,3,0,1,1,1,1,0.9863,0.9927,0.8833,0.9272,783.0,336.0,651.5,345.0,724.5,393.5,699.5,405.0,131.8076,27.5182,0.2088,1,1,140,1
139,3,0,2,1,1,1,0.9902,0.9902,0.917,0.915,953.0,346.5,834.5,351.0,905.5,388.5,887.5,372.0,118.5854,24.4182,0.2059,1,1,140,1
140,3,0,0,1,1,1,0.9873,0.9893,0.9121,0.9268,599.5,291.0,468.0,292.5,542.0,300.0,507.5,298.0,131.5086,34.5579,0.2628,1,1,141,1
140,3,0,1,1,1,1,0.9863,0.9927,0.8833,0.9272,783.0,336.0,651.0,344.5,724.5,394.0,700.0,405.0,132.2734,26.8561,0.203,1,1,141,1
140,3,0,2,1,1,1,0.9902,0.9902,0.917,0.9146,953.0,346.5,834.5,351.0,905.5,388.5,887.5,372.0,118.5854,24.4182,0.2059,1,1,141,1
141,3,0,0,1,1,1,0.9873,0.9897,0.9116,0.9272,599.5,291.5,468.25,292.0,542.5,300.0,507.5,298.0,131.251,35.0571,0.2671,1,1,142,1
141,3,0,1,1,1,1,0.9863,0.9927,0.8823,0.9272,783.0,335.5,651.0,344.5,724.0,393.0,700.0,405.0,132.3065,26.8328,0.2028,1,1,142,1
141,3,0,2,1,1,1,0.9902,0.9897,0.9189,0.9116,953.5,346.0,834.5,350.5,905.5,389.0,887.0,372.0,119.0851,25.1247,0.211,1,1,142,1
142,3,0,0,1,1,1,0.9873,0.9897,0.9116,0.9272,599.5,291.0,468.5,292.0,542.0,300.0,507.5,298.0,131.0038,34.5579,0.2638,1,1,143,1
142,3,0,1,1,1,1,0.9863,0.9927,0.8823,0.9268,783.0,335.5,651.0,344.5,724.0,393.0,700.0,405.0,132.3065,26.8328,0.2028,1,1,143,1
142,3,0,2,1,1,1,0.9902,0.9897,0.9189,0.9116,953.0,346.0,834.5,350.5,905.5,389.0,887.0,372.0,118.5854,25.1247,0.2119,1,1,143,1
143,3,0,0,1,1,1,0.9873,0.9897,0.9131,0.9268,599.0,291.5,468.0,293.0,542.5,300.0,507.25,298.5,131.0086,35.2819,0.2693,1,1,144,1
143,3,0,1,1,1,1,0.9863,0.9927,0.8818,0.9277,783.0,336.0,651.0,344.5,724.5,393.5,701.0,403.5,132.2734,25.5392,0.1931,1,1,144,1
143,3,0,2,1,1,1,0.9902,0.9902,0.9189,0.9136,954.0,346.5,834.5,351.0,905.5,388.0,887.0,372.5,119.5847,24.135,0.2018,1,1,144,1
144,3,0,0,1,1,1,0.9873,0.9897,0.9126,0.9272,599.0,291.5,467.75,293.0,542.5,300.0,507.25,298.5,131.2586,35.2819,0.2688,1,1,145,1
144,3,0,1,1,1,1,0.9863,0.9927,0.8818,0.9277,783.0,336.0,651.0,344.5,724.5,394.0,701.0,403.5,132.2734,25.3476,0.1916,1,1,145,1
144,3,0,2,1,1,1,0.9902,0.9902,0.9185,0.9131,954.0,346.5,834.5,351.0,905.5,388.0,887.0,372.5,119.5847,24.135,0.2018,1,1,145,1
145,3,0,0,1,1,1,0.9873,0.9893,0.9116,0.9263,599.0,291.5,467.25,292.5,542.0,300.0,507.5,299.5,131.7538,34.5036,0.2619,1,1,146,1
145,3,0,1,1,1,1,0.9863,0.9927,0.8828,0.9263,783.0,336.0,651.5,344.5,726.0,395.0,700.5,404.0,131.7744,27.0416,0.2052,1,1,146,1
145,3,0,2,1,1,1,0.9902,0.9897,0.918,0.9126,953.5,346.5,835.0,350.5,905.0,386.5,887.5,373.0,118.5675,22.102,0.1864,1,1,146,1
146,3,0,0,1,1,1,0.9873,0.9893,0.9121,0.9263,598.5,291.5,467.25,292.5,542.0,300.0,507.25,299.5,131.2538,34.7536,0.2648,1,1,147,1
146,3,0,1,1,1,1,0.9863,0.9927,0.8823,0.9268,783.0,336.0,651.0,345.0,726.0,395.0,700.5,404.0,132.3065,27.0416,0.2044,1,1,147,1
146,3,0,2,1,1,1,0.9902,0.9897,0.918,0.9131,953.5,346.5,835.0,350.5,905.0,386.5,887.5,373.0,118.5675,22.102,0.1864,1,1,147,1
147,3,0,0,1,1,1,0.9873,0.9897,0.9131,0.9282,599.0,291.5,467.5,292.5,542.5,300.5,507.75,297.0,131.5038,34.9258,0.2656,1,1,148,1
147,3,0,1,1,1,1,0.9863,0.9927,0.8823,0.9277,783.0,336.0,651.5,344.5,724.5,394.5,701.0,404.0,131.7744,25.3476,0.1924,1,1,148,1
147,3,0,2,1,1,1,0.9902,0.9902,0.9175,0.9141,954.0,346.0,835.0,350.5,904.5,387.5,889.0,372.5,119.0851,21.5697,0.1811,1,1,148,1
148,3,0,0,1,1,1,0.9873,0.9897,0.9126,0.9282,599.0,291.5,467.5,292.0,542.5,300.5,507.75,297.5,131.501,34.8793,0.2652,1,1,149,1
148,3,0,1,1,1,1,0.9863,0.9927,0.8818,0.9277,783.0,336.0,651.5,344.5,724.5,394.5,701.0,404.0,131.7744,25.3476,0.1924,1,1,149,1
148,3,0,2,1,1,1,0.9902,0.9902,0.9175,0.9141,954.0,346.0,835.0,350.5,904.5,387.5,889.0,372.5,119.0851,21.5697,0.1811,1,1,149,1
149,3,0,0,1,1,1,0.9868,0.9897,0.9106,0.9277,599.0,291.0,467.0,292.0,542.5,301.0,507.5,298.5,132.0038,35.0892,0.2658,1,1,150,1
149,3,0,1,1,1,1,0.9878,0.9922,0.8906,0.9326,783.0,338.5,651.5,346.5,734.0,397.0,699.0,398.5,131.7431,35.0321,0.2659,1,1,150,1
149,3,0,2,1,1,1,0.9897,0.9902,0.9165,0.9141,954.5,346.5,835.0,350.5,904.5,386.5,889.0,374.0,119.5669,19.9123,0.1665,1,1,150,1
150,3,0,0,1,1,1,0.9873,0.9897,0.9111,0.9287,598.5,291.0,467.0,292.0,542.0,300.0,507.25,298.5,131.5038,34.7824,0.2645,1,1,151,1
150,3,0,1,1,1,1,0.9878,0.9927,0.8901,0.9341,783.0,338.5,651.5,347.0,734.0,396.0,699.5,397.5,131.7744,34.5326,0.2621,1,1,151,1
150,3,0,2,1,1,1,0.9902,0.9902,0.9175,0.9141,954.5,346.5,834.5,350.5,904.0,385.0,888.0,373.5,120.0666,19.7041,0.1641,1,1,151,1
151,3,0,0,1,1,1,0.9873,0.9897,0.9111,0.9287,599.0,291.0,467.0,292.0,542.0,300.0,507.0,298.5,132.0038,35.0321,0.2654,1,1,152,1
151,3,0,1,1,1,1,0.9878,0.9922,0.8901,0.9341,783.0,338.5,651.0,347.0,734.0,396.0,699.5,397.5,132.2734,34.5326,0.2611,1,1,152,1
151,3,0,2,1,1,1,0.9902,0.9902,0.9175,0.9141,954.5,346.5,834.5,350.5,904.5,385.0,888.0,373.5,120.0666,20.1122,0.1675,1,1,152,1
152,3,0,0,1,1,1,0.9873,0.9897,0.9116,0.9282,599.0,291.0,467.0,292.0,542.0,300.5,507.25,298.5,132.0038,34.8075,0.2637,1,1,153,1
152,3,0,1,1,1,1,0.9863,0.9927,0.8809,0.9282,784.0,336.0,651.0,344.5,724.5,394.5,701.0,404.0,133.2713,25.3476,0.1902,1,1,153,1
152,3,0,2,1,1,1,0.9897,0.9902,0.9165,0.9131,954.0,347.5,835.0,350.5,904.5,383.5,889.0,373.0,119.0378,18.7216,0.1573,1,1,153,1
153,3,0,0,1,1,1,0.9873,0.9897,0.9116,0.9282,599.0,291.0,467.0,292.0,542.0,301.0,507.25,298.5,132.0038,34.8398,0.2639,1,1,154,1
153,3,0,1,1,1,1,0.9863,0.9927,0.8809,0.9277,783.5,336.0,651.0,344.5,725.0,394.5,701.0,404.5,132.7724,26.0,0.1958,1,1,154,1
153,3,0,2,1,1,1,0.9897,0.9902,0.917,0.9131,954.5,347.0,835.0,350.5,904.5,383.5,889.0,373.0,119.5512,18.7216,0.1566,1,1,154,1
154,3,0,0,1,1,1,0.9873,0.9897,0.9121,0.9292,599.0,291.0,467.0,292.0,542.0,301.0,507.5,298.0,132.0038,34.6302,0.2623,1,1,155,1
154,3,0,1,1,1,1,0.9863,0.9927,0.8799,0.9272,784.0,336.0,651.5,345.0,723.5,394.0,700.0,403.0,132.8053,25.1645,0.1895,1,1,155,1
154,3,0,2,1,1,1,0.9897,0.9897,0.9165,0.9116,954.0,347.0,835.0,350.5,904.5,383.5,888.5,372.0,119.0515,19.7041,0.1655,1,1,155,1
155,3,0,0,1,1,1,0.9873,0.9897,0.9121,0.9292,599.0,291.0,467.0,292.0,542.0,301.0,507.25,298.0,132.0038,34.8793,0.2642,1,1,156,1
155,3,0,1,1,1,1,0.9873,0.9922,0.8882,0.9326,783.5,338.5,651.5,347.5,733.0,396.0,698.5,396.5,132.3065,34.5036,0.2608,1,1,156,1
155,3,0,2,1,1,1,0.9897,0.9897,0.916,0.9111,954.0,346.5,835.0,350.5,904.0,384.0,889.0,371.5,119.0672,19.5256,0.164,1,1,156,1
156,3,0,0,1,1,1,0.9868,0.9897,0.9092,0.9297,599.0,290.5,467.5,292.0,541.5,300.0,507.5,298.0,131.5086,34.0588,0.259,1,1,157,1
156,3,0,2,1,1,1,0.9897,0.9902,0.9165,0.9141,954.5,347.0,835.5,351.0,903.5,382.0,889.0,372.0,119.0672,17.6139,0.1479,1,1,157,1
156,3,0,1,1,1,1,0.9858,0.9932,0.8755,0.9302,784.5,336.0,651.5,345.0,724.0,392.5,702.5,403.5,133.3042,24.1506,0.1812,1,1,157,1
157,3,0,0,1,1,1,0.9868,0.9897,0.9092,0.9297,599.0,291.0,467.5,292.0,541.5,299.5,507.5,298.0,131.5038,34.0331,0.2588,1,1,158,1
157,3,0,2,1,1,1,0.9897,0.9902,0.9165,0.9141,955.0,347.5,835.5,351.5,903.0,382.0,889.0,372.0,119.5669,17.2047,0.1439,1,1,158,1
157,3,0,1,1,1,1,0.9858,0.9932,0.8755,0.9302,784.5,336.0,651.5,345.0,724.0,393.0,702.5,403.5,133.3042,23.927,0.1795,1,1,158,1
158,3,0,0,1,1,1,0.9873,0.9897,0.9116,0.9282,599.0,291.0,467.25,292.0,542.0,300.0,507.75,298.5,131.7538,34.2828,0.2602,1,1,159,1
158,3,0,2,1,1,1,0.9902,0.9902,0.9175,0.9146,955.0,347.0,835.5,351.5,904.0,384.0,888.5,373.5,119.5847,18.7216,0.1566,1,1,159,1
158,3,0,1,1,1,1,0.9858,0.9932,0.8789,0.9307,784.5,336.5,651.5,345.0,724.0,392.0,702.5,403.0,133.2713,24.1506,0.1812,1,1,159,1
159,3,0,0,1,1,1,0.9868,0.9897,0.9102,0.9272,599.5,290.5,467.5,292.0,542.0,300.0,506.5,297.5,132.0085,35.5879,0.2696,1,1,160,1
159,3,0,2,1,1,1,0.9897,0.9897,0.917,0.9126,955.0,346.5,835.5,351.0,905.0,384.5,889.0,374.0,119.5847,19.1377,0.16,1,1,160,1
159,3,0,1,1,1,1,0.9858,0.9927,0.8779,0.9292,784.5,336.0,651.5,345.0,724.5,392.5,702.5,404.0,133.3042,24.8244,0.1862,1,1,160,1
160,3,0,0,1,1,1,0.9873,0.9893,0.9106,0.9272,599.5,290.5,467.5,292.0,542.0,300.0,506.5,297.5,132.0085,35.5879,0.2696,1,1,161,1
160,3,0,2,1,1,1,0.9897,0.9897,0.9165,0.9116,955.0,346.5,835.5,351.0,905.0,384.5,889.0,374.0,119.5847,19.1377,0.16,1,1,161,1
160,3,0,1,1,1,1,0.9858,0.9927,0.8774,0.9292,784.0,336.0,651.5,344.5,724.5,392.5,702.5,404.0,132.7724,24.8244,0.187,1,1,161,1
161,3,0,0,1,1,1,0.9868,0.9897,0.9092,0.9272,599.0,290.5,467.25,292.0,541.5,299.0,506.75,296.0,131.7585,34.8793,0.2647,1,1,162,1
161,3,0,1,1,1,1,0.9863,0.9927,0.8813,0.9287,784.5,336.5,651.5,345.5,724.5,393.0,700.5,405.5,133.3042,27.0601,0.203,1,1,162,1
161,3,0,2,1,1,1,0.9897,0.9902,0.916,0.9146,955.0,346.5,836.0,351.5,906.5,384.0,889.5,373.0,119.105,20.2485,0.17,1,1,162,1
162,3,0,0,1,1,1,0.9868,0.9897,0.9097,0.9272,599.0,290.5,467.25,292.0,541.5,299.5,506.75,296.5,131.7585,34.8793,0.2647,1,1,163,1
162,3,0,1,1,1,1,0.9863,0.9927,0.8818,0.9287,784.5,336.5,651.5,345.5,724.5,393.0,700.5,405.5,133.3042,27.0601,0.203,1,1,163,1
162,3,0,2,1,1,1,0.9897,0.9902,0.916,0.9146,955.0,346.5,836.0,351.5,906.5,384.5,889.5,373.0,119.105,20.5244,0.1723,1,1,163,1
163,3,0,0,1,1,1,0.9868,0.9897,0.9092,0.9282,599.5,290.0,467.5,291.5,542.0,300.0,507.5,298.0,132.0085,34.5579,0.2618,1,1,164,1
163,3,0,1,1,1,1,0.9863,0.9927,0.8804,0.9272,785.0,336.5,652.0,345.5,723.5,393.0,701.0,405.0,133.3042,25.5,0.1913,1,1,164,1
163,3,0,2,1,1,1,0.9897,0.9897,0.9146,0.9126,954.5,346.5,836.0,351.0,907.0,384.0,890.5,373.0,118.5854,19.8305,0.1672,1,1,164,1
164,3,0,0,1,1,1,0.9868,0.9897,0.9092,0.9282,599.5,290.0,467.25,291.0,542.0,300.0,507.5,298.0,132.2538,34.5579,0.2613,1,1,165,1
164,3,0,1,1,1,1,0.9863,0.9927,0.8804,0.9272,785.0,336.5,652.0,346.0,723.5,393.0,701.0,405.5,133.3389,25.7391,0.193,1,1,165,1
164,3,0,2,1,1,1,0.9897,0.9897,0.9146,0.9126,954.5,347.0,836.0,351.0,907.0,384.0,890.5,373.0,118.5675,19.8305,0.1673,1,1,165,1
165,3,0,0,1,1,1,0.9873,0.9897,0.9102,0.9282,599.5,291.0,467.5,292.0,542.0,300.0,508.0,296.0,132.0038,34.2345,0.2593,1,1,166,1
165,3,0,2,1,1,1,0.9893,0.9902,0.9136,0.915,954.5,346.5,836.0,351.0,906.0,382.0,890.5,371.0,118.5854,19.0066,0.1603,1,1,166,1
165,3,0,1,1,1,1,0.9863,0.9927,0.8828,0.9272,785.0,336.5,651.5,345.5,724.5,393.5,701.5,405.5,133.803,25.9422,0.1939,1,1,166,1
166,3,0,0,1,1,1,0.9868,0.9897,0.9092,0.9287,599.5,291.0,467.5,292.0,542.0,299.0,507.75,297.0,132.0038,34.3083,0.2599,1,1,167,1
166,3,0,1,1,1,1,0.9863,0.9927,0.8818,0.9272,785.5,336.5,652.0,345.5,725.0,393.5,701.5,404.5,133.803,25.9471,0.1939,1,1,167,1
166,3,0,2,1,1,1,0.9893,0.9907,0.9136,0.918,955.0,346.0,836.0,351.0,907.0,383.0,889.0,370.0,119.105,22.2036,0.1864,1,1,167,1
167,3,0,0,1,1,1,0.9868,0.9897,0.9097,0.9287,599.5,291.0,467.5,292.0,542.0,299.0,507.75,297.0,132.0038,34.3083,0.2599,1,1,168,1
167,3,0,2,1,1,1,0.9893,0.9907,0.9141,0.9175,955.0,346.0,836.0,351.0,907.0,383.0,889.0,370.0,119.105,22.2036,0.1864,1,1,168,1
167,3,0,1,1,1,1,0.9863,0.9927,0.8818,0.9268,785.5,336.5,652.0,345.5,725.0,393.5,701.5,404.5,133.803,25.9471,0.1939,1,1,168,1
168,3,0,0,1,1,1,0.9868,0.9897,0.9082,0.9287,599.0,291.0,467.25,292.0,542.0,299.0,507.25,296.5,131.7538,34.8398,0.2644,1,1,169,1
168,3,0,1,1,1,1,0.9868,0.9927,0.8857,0.9272,785.5,336.0,652.5,345.5,724.0,392.0,700.0,406.5,133.3389,28.0401,0.2103,1,1,169,1
168,3,0,2,1,1,1,0.9897,0.9902,0.9155,0.9165,955.0,345.0,836.5,350.5,906.0,382.5,890.0,371.0,118.6276,19.7041,0.1661,1,1,169,1
169,3,0,0,1,1,1,0.9868,0.9897,0.9082,0.9287,599.5,290.5,467.25,292.0,542.0,299.0,507.25,296.5,132.2585,34.8398,0.2634,1,1,170,1
169,3,0,1,1,1,1,0.9863,0.9927,0.8853,0.9272,785.5,336.0,652.5,345.5,724.0,392.0,700.0,406.5,133.3389,28.0401,0.2103,1,1,170,1
169,3,0,2,1,1,1,0.9897,0.9902,0.9155,0.9165,954.5,345.0,836.5,350.5,906.0,382.5,890.0,371.0,118.1281,19.7041,0.1668,1,1,170,1
170,3,0,0,1,1,1,0.9868,0.9897,0.9082,0.9292,599.5,291.0,467.0,292.0,542.5,300.0,507.75,297.5,132.5038,34.8398,0.2629,1,1,171,1
170,3,0,1,1,1,1,0.9868,0.9922,0.8853,0.9258,785.0,336.0,652.5,345.0,724.0,393.5,702.0,404.5,132.8053,24.5967,0.1852,1,1,171,1
170,3,0,2,1,1,1,0.9893,0.9907,0.9131,0.9189,955.0,345.5,836.0,350.5,905.5,381.0,890.5,369.0,119.105,19.2094,0.1613,1,1,171,1
171,3,0,0,1,1,1,0.9868,0.9897,0.9082,0.9292,599.5,291.0,467.0,292.0,542.5,300.0,507.75,298.0,132.5038,34.8075,0.2627,1,1,172,1
171,3,0,1,1,1,1,0.9868,0.9922,0.8853,0.9258,785.0,336.0,652.5,345.0,724.0,393.5,702.0,404.0,132.8053,24.3772,0.1836,1,1,172,1
171,3,0,2,1,1,1,0.9893,0.9907,0.9131,0.9189,955.0,345.5,836.0,350.5,905.5,381.0,890.5,369.0,119.105,19.2094,0.1613,1,1,172,1
172,3,0,0,1,1,1,0.9868,0.9897,0.9087,0.9292,599.5,290.5,467.25,291.5,542.5,299.5,507.5,296.0,132.2538,35.1746,0.266,1,1,173,1
172,3,0,1,1,1,1,0.9863,0.9927,0.8843,0.9268,785.0,336.0,652.0,345.0,724.5,393.0,702.0,405.0,133.3042,25.5,0.1913,1,1,173,1
172,3,0,2,1,1,1,0.9893,0.9907,0.9136,0.918,955.0,345.0,836.5,350.5,907.0,383.0,890.5,372.0,118.6276,19.8305,0.1672,1,1,173,1
173,3,0,0,1,1,1,0.9868,0.9897,0.9087,0.9292,599.5,290.5,467.25,291.5,542.5,299.0,507.5,295.5,132.2538,35.1746,0.266,1,1,174,1
173,3,0,1,1,1,1,0.9863,0.9927,0.8843,0.9268,785.0,335.5,652.0,345.0,724.5,393.0,702.0,405.0,133.3389,25.5,0.1912,1,1,174,1
173,3,0,2,1,1,1,0.9893,0.9907,0.9136,0.9175,955.0,345.0,836.0,350.5,907.0,382.5,891.0,372.0,119.127,19.1377,0.1606,1,1,174,1
174,3,0,0,1,1,1,0.9863,0.9897,0.9082,0.9292,600.0,290.5,467.5,292.0,542.0,299.0,508.25,294.5,132.5085,34.0487,0.257,1,1,175,1
174,3,0,1,1,1,1,0.9863,0.9927,0.8838,0.9272,785.0,335.5,652.0,344.5,723.0,392.5,702.5,404.0,133.3042,23.5053,0.1763,1,1,175,1
174,3,0,2,1,1,1,0.9893,0.9907,0.9126,0.9185,955.5,345.5,836.0,351.5,907.0,383.5,890.5,371.5,119.6505,20.4022,0.1705,1,1,175,1
175,3,0,0,1,1,1,0.9868,0.9897,0.9092,0.9287,600.0,291.0,467.5,292.0,542.0,299.0,508.25,295.5,132.5038,33.931,0.2561,1,1,176,1
175,3,0,1,1,1,1,0.9863,0.9927,0.8843,0.9277,785.0,335.5,651.5,345.0,723.5,392.0,702.0,404.0,133.8376,24.6221,0.184,1,1,176,1
175,3,0,2,1,1,1,0.9897,0.9907,0.9146,0.918,955.0,345.5,835.5,351.5,906.0,381.5,889.0,371.0,119.6505,19.9812,0.167,1,1,176,1
176,3,0,0,1,1,1,0.9868,0.9897,0.9092,0.9287,600.0,291.0,467.75,292.0,541.5,298.5,508.25,295.5,132.2538,33.3851,0.2524,1,1,177,1
176,3,0,1,1,1,1,0.9863,0.9927,0.8838,0.9277,785.0,335.5,651.5,344.5,723.5,392.0,701.5,404.0,133.803,25.0599,0.1873,1,1,177,1
176,3,0,2,1,1,1,0.9893,0.9907,0.9146,0.918,955.0,345.5,835.5,351.5,906.0,381.5,889.0,371.0,119.6505,19.9812,0.167,1,1,177,1
177,3,0,0,1,1,1,0.9868,0.9897,0.9092,0.9292,599.5,291.0,467.5,291.5,542.0,300.0,508.75,294.5,132.0009,33.7018,0.2553,1,1,178,1
177,3,0,1,1,1,1,0.9863,0.9927,0.8818,0.9287,785.5,336.0,652.0,345.5,724.0,391.5,701.5,403.5,133.8376,25.5,0.1905,1,1,178,1
177,3,0,2,1,1,1,0.9897,0.9907,0.9146,0.9185,955.0,345.5,836.0,351.5,906.5,381.0,890.5,371.5,119.1512,18.6078,0.1562,1,1,178,1
178,3,0,0,1,1,1,0.9868,0.9897,0.9092,0.9292,599.5,291.0,467.5,291.5,542.0,300.0,508.75,294.5,132.0009,33.7018,0.2553,1,1,179,1
178,3,0,1,1,1,1,0.9863,0.9927,0.8813,0.9292,785.5,336.0,652.0,345.5,724.0,391.5,701.0,404.0,133.8376,26.1773,0.1956,1,1,179,1
178,3,0,2,1,1,1,0.9897,0.9907,0.9146,0.9185,955.0,345.5,836.0,351.5,906.5,381.0,890.5,371.0,119.1512,18.868,0.1584,1,1,179,1
179,3,0,0,1,1,1,0.9868,0.9897,0.9106,0.9287,599.5,290.5,467.5,291.5,542.0,299.5,508.5,298.5,132.0038,33.5149,0.2539,1,1,180,1
179,3,0,1,1,1,1,0.9868,0.9927,0.8857,0.9282,785.0,336.0,652.0,345.0,724.5,392.0,701.5,404.5,133.3042,26.1773,0.1964,1,1,180,1
179,3,0,2,1,1,1,0.9897,0.9907,0.9141,0.9185,955.0,346.0,836.0,351.0,908.0,381.5,891.5,372.5,119.105,18.7949,0.1578,1,1,180,1
180,3,0,0,1,1,1,0.9868,0.9897,0.9106,0.9287,599.5,290.5,467.5,291.5,541.5,299.5,508.5,298.5,132.0038,33.0151,0.2501,1,1,181,1
180,3,0,1,1,1,1,0.9863,0.9927,0.8857,0.9282,785.0,336.0,652.0,345.0,724.5,392.0,701.5,404.5,133.3042,26.1773,0.1964,1,1,181,1
180,3,0,2,1,1,1,0.9897,0.9907,0.9141,0.9185,955.0,346.0,836.0,351.0,908.0,381.5,891.0,372.5,119.105,19.2354,0.1615,1,1,181,1
181,3,0,0,1,1,1,0.9873,0.9897,0.9106,0.9282,600.0,290.5,467.75,291.5,542.0,299.0,509.0,295.0,132.2538,33.2415,0.2513,1,1,182,1
181,3,0,2,1,1,1,0.9897,0.9907,0.916,0.918,955.5,345.5,836.0,351.0,908.5,383.0,890.5,370.0,119.6265,22.2036,0.1856,1,1,182,1
181,3,0,1,1,1,1,0.9868,0.9927,0.8877,0.9268,785.0,336.0,651.5,345.0,723.0,390.5,701.5,405.5,133.803,26.2155,0.1959,1,1,182,1
182,3,0,0,1,1,1,0.9873,0.9897,0.9106,0.9287,600.0,291.0,467.5,291.5,542.0,299.5,509.0,295.0,132.5009,33.3054,0.2514,1,1,183,1
182,3,0,2,1,1,1,0.9897,0.9863,0.9253,0.9111,952.5,351.5,835.0,351.0,918.5,383.0,892.0,372.0,117.5011,28.6923,0.2442,1,1,183,1
182,3,0,1,1,1,1,0.9868,0.9927,0.8877,0.9268,784.5,335.5,651.5,344.5,723.0,390.5,701.5,405.0,133.3042,25.9326,0.1945,1,1,183,1
183,3,0,0,1,1,1,0.9868,0.9897,0.9102,0.9292,600.0,290.5,468.25,291.5,542.0,299.5,508.75,296.0,131.7538,33.4337,0.2538,1,1,184,1
183,3,0,1,1,1,1,0.9863,0.9927,0.8843,0.9272,785.0,336.0,652.0,345.0,724.0,390.0,702.0,404.0,133.3042,26.0768,0.1956,1,1,184,1
183,3,0,2,1,1,1,0.9893,0.9907,0.9126,0.9185,956.0,345.5,836.0,351.0,908.5,383.5,890.0,372.0,120.126,21.783,0.1813,1,1,184,1
184,3,0,0,1,1,1,0.9868,0.9897,0.9097,0.9287,600.0,290.5,468.25,291.5,542.0,299.5,508.5,296.0,131.7538,33.6823,0.2556,1,1,185,1
184,3,0,1,1,1,1,0.9863,0.9927,0.8838,0.9272,785.0,335.5,652.0,345.0,724.0,390.5,702.0,404.0,133.3389,25.8118,0.1936,1,1,185,1
184,3,0,2,1,1,1,0.9893,0.9907,0.9126,0.9185,956.0,345.5,836.5,351.0,908.5,383.5,890.0,372.0,119.6265,21.783,0.1821,1,1,185,1
185,3,0,0,1,1,1,0.9868,0.9897,0.9082,0.9292,600.0,290.0,468.0,291.5,542.0,299.5,509.0,296.0,132.0085,33.1851,0.2514,1,1,186,1
185,3,0,2,1,1,1,0.9893,0.9907,0.9111,0.9194,956.0,345.5,836.5,351.0,909.0,383.5,890.0,372.0,119.6265,22.2092,0.1857,1,1,186,1
185,3,0,1,1,1,1,0.9863,0.9927,0.8823,0.9277,785.5,335.5,652.0,345.0,725.0,391.0,701.5,404.5,133.8376,27.1017,0.2025,1,1,186,1
186,3,0,0,1,1,1,0.9868,0.9897,0.9082,0.9287,600.0,290.0,468.0,291.5,541.5,300.0,508.75,296.0,132.0085,32.9934,0.2499,1,1,187,1
186,3,0,2,1,1,1,0.9893,0.9907,0.9111,0.9199,956.0,345.5,836.5,351.0,909.0,383.5,890.0,372.0,119.6265,22.2092,0.1857,1,1,187,1
186,3,0,1,1,1,1,0.9863,0.9927,0.8828,0.9277,785.5,335.5,652.0,345.0,725.0,391.0,701.5,404.5,133.8376,27.1017,0.2025,1,1,187,1
187,3,0,0,1,1,1,0.9868,0.9897,0.9097,0.9292,600.5,290.0,468.25,291.5,542.0,300.0,508.5,295.5,132.2585,33.8009,0.2556,1,1,188,1
187,3,0,2,1,1,1,0.9893,0.9912,0.9116,0.9219,956.0,345.5,837.0,351.0,910.0,384.0,891.0,372.5,119.127,22.2092,0.1864,1,1,188,1
187,3,0,1,1,1,1,0.9863,0.9927,0.8848,0.9277,785.5,336.5,652.0,346.0,723.5,390.5,700.0,405.5,133.8376,27.8792,0.2083,1,1,188,1
188,3,0,0,1,1,1,0.9868,0.9897,0.9097,0.9292,600.5,290.0,468.0,292.0,542.0,300.0,508.25,297.0,132.5151,33.8831,0.2557,1,1,189,1
188,3,0,2,1,1,1,0.9888,0.9912,0.9087,0.9229,955.5,345.5,836.5,352.0,910.0,383.0,889.5,372.0,119.1774,23.2648,0.1952,1,1,189,1
188,3,0,1,1,1,1,0.9868,0.9927,0.8862,0.9277,785.5,335.5,652.0,345.0,724.5,391.0,700.0,405.5,133.8376,28.4693,0.2127,1,1,189,1
189,3,0,0,1,1,1,0.9868,0.9897,0.9097,0.9292,600.5,290.0,468.0,291.5,542.0,300.0,508.25,297.0,132.5085,33.8831,0.2557,1,1,190,1
189,3,0,2,1,1,1,0.9888,0.9912,0.9092,0.9229,955.5,345.5,836.5,352.0,910.0,383.0,889.5,372.0,119.1774,23.2648,0.1952,1,1,190,1
189,3,0,1,1,1,1,0.9868,0.9927,0.8857,0.9277,785.5,335.5,652.0,345.0,724.5,391.5,700.5,405.0,133.8376,27.5363,0.2057,1,1,190,1
190,3,0,0,1,1,1,0.9868,0.9897,0.9097,0.9282,600.5,290.5,468.0,292.0,541.5,299.0,508.0,296.5,132.5085,33.5932,0.2535,1,1,191,1
190,3,0,2,1,1,1,0.9883,0.9873,0.9146,0.9185,952.5,351.0,835.0,352.0,921.5,386.0,893.5,373.5,117.5043,30.6635,0.261,1,1,191,1
190,3,0,1,1,1,1,0.9863,0.9922,0.8853,0.9263,785.5,336.0,652.0,345.5,723.0,390.0,701.5,404.0,133.8376,25.6564,0.1917,1,1,191,1
191,3,0,0,1,1,1,0.9868,0.9897,0.9092,0.9282,600.5,290.5,468.0,292.0,542.0,299.0,507.75,296.5,132.5085,34.3411,0.2592,1,1,192,1
191,3,0,2,1,1,1,0.9883,0.9873,0.9146,0.9185,952.5,351.0,835.0,352.0,922.0,386.0,893.5,373.5,117.5043,31.1207,0.2648,1,1,192,1
191,3,0,1,1,1,1,0.9863,0.9927,0.8848,0.9263,785.5,336.0,652.0,345.5,723.0,390.0,701.5,404.0,133.8376,25.6564,0.1917,1,1,192,1
192,3,0,0,1,1,1,0.9868,0.9897,0.9092,0.9292,600.5,289.5,468.0,291.0,542.0,299.5,508.5,296.0,132.5085,33.6823,0.2542,1,1,193,1
192,3,0,2,1,1,1,0.9883,0.9917,0.9048,0.9258,956.5,345.0,837.0,352.5,910.5,384.5,890.5,369.5,119.7351,25.0,0.2088,1,1,193,1
192,3,0,1,1,1,1,0.9863,0.9927,0.8843,0.9263,785.5,336.0,652.0,345.0,723.0,390.0,701.0,405.0,133.803,26.6271,0.199,1,1,193,1
193,3,0,0,1,1,1,0.9868,0.9897,0.9097,0.9297,601.0,290.0,468.0,291.5,542.0,299.5,508.5,296.0,133.0085,33.6823,0.2532,1,1,194,1
193,3,0,2,1,1,1,0.9883,0.9873,0.915,0.9194,953.0,351.0,835.5,352.0,922.0,385.0,892.5,372.0,117.5043,32.2374,0.2744,1,1,194,1
193,3,0,1,1,1,1,0.9863,0.9927,0.8843,0.9268,785.5,336.0,652.0,345.0,723.5,390.0,701.0,405.0,133.803,27.0416,0.2021,1,1,194,1
194,3,0,0,1,1,1,0.9868,0.9897,0.9072,0.9287,600.5,290.0,468.0,291.5,542.0,299.0,508.75,295.5,132.5085,33.4337,0.2523,1,1,195,1
194,3,0,2,1,1,1,0.9883,0.9878,0.9131,0.9194,953.5,352.0,836.0,354.0,922.0,386.0,893.0,372.0,117.517,32.2025,0.274,1,1,195,1
194,3,0,1,1,1,1,0.9863,0.9927,0.8799,0.9287,785.5,335.5,651.5,345.0,725.0,392.0,701.5,404.0,134.3363,26.3865,0.1964,1,1,195,1
195,3,0,0,1,1,1,0.9873,0.9897,0.9106,0.9287,600.5,289.0,468.0,291.0,542.0,299.5,508.0,297.5,132.5151,34.0588,0.257,1,1,196,1
195,3,0,2,1,1,1,0.9883,0.9873,0.915,0.9189,954.0,351.5,836.0,353.5,920.5,384.5,894.0,373.0,118.0169,28.8877,0.2448,1,1,196,1
195,3,0,1,1,1,1,0.9863,0.9927,0.8818,0.9287,785.5,336.0,651.5,345.5,724.5,392.0,701.5,404.0,134.3363,25.9422,0.1931,1,1,196,1
196,3,0,0,1,1,1,0.9873,0.9897,0.9106,0.9287,600.5,289.0,468.0,291.0,542.0,299.5,508.0,297.0,132.5151,34.0918,0.2573,1,1,197,1
196,3,0,2,1,1,1,0.9883,0.9873,0.915,0.9189,954.0,351.5,836.0,353.5,920.5,384.5,894.0,373.0,118.0169,28.8877,0.2448,1,1,197,1
196,3,0,1,1,1,1,0.9863,0.9927,0.8818,0.9287,785.5,336.0,651.5,345.5,724.5,392.0,701.5,404.5,134.3363,26.1773,0.1949,1,1,197,1
197,3,0,0,1,1,1,0.9873,0.9897,0.9106,0.9292,601.0,290.0,468.0,292.0,541.5,299.0,508.5,297.0,133.015,33.0606,0.2485,1,1,198,1
197,3,0,1,1,1,1,0.9858,0.9927,0.8779,0.9287,785.5,336.0,651.0,345.5,725.5,392.5,701.5,404.5,134.8351,26.8328,0.199,1,1,198,1
197,3,0,2,1,1,1,0.9883,0.9873,0.916,0.917,954.0,351.5,836.0,352.5,921.5,385.5,894.0,372.5,118.0042,30.4179,0.2578,1,1,198,1
198,3,0,0,1,1,1,0.9873,0.9897,0.9102,0.9292,601.0,290.0,468.0,292.0,541.5,299.0,508.5,297.0,133.015,33.0606,0.2485,1,1,199,1
198,3,0,1,1,1,1,0.9858,0.9927,0.877,0.9287,785.5,336.0,651.0,345.5,725.5,392.5,701.5,404.5,134.8351,26.8328,0.199,1,1,199,1
198,3,0,2,1,1,1,0.9883,0.9873,0.916,0.917,954.0,351.5,836.0,352.5,921.0,385.0,894.0,372.5,118.0042,29.7532,0.2521,1,1,199,1
199,3,0,0,1,1,1,0.9873,0.9902,0.9111,0.9307,600.5,290.0,468.0,292.0,542.5,299.5,508.75,296.0,132.5151,33.931,0.2561,1,1,200,1
199,3,0,1,1,1,1,0.9854,0.9932,0.8735,0.9316,786.0,336.0,651.0,346.0,726.0,392.0,701.0,405.0,135.3699,28.178,0.2082,1,1,200,1
199,3,0,2,1,1,1,0.9883,0.9878,0.915,0.9194,954.0,351.0,836.0,352.5,923.0,387.0,893.0,374.0,118.0095,32.6956,0.2771,1,1,200,1
200,3,0,0,1,1,1,0.9873,0.9902,0.9111,0.9307,600.5,290.0,468.0,292.0,542.5,299.5,508.75,296.0,132.5151,33.931,0.2561,1,1,201,1
200,3,0,1,1,1,1,0.9854,0.9932,0.873,0.9316,786.0,336.0,651.0,346.0,726.0,392.0,701.0,405.0,135.3699,28.178,0.2082,1,1,201,1
200,3,0,2,1,1,1,0.9883,0.9878,0.915,0.9194,954.0,351.0,836.0,352.5,923.0,387.0,893.0,374.0,118.0095,32.6956,0.2771,1,1,201,1
201,3,0,0,1,1,1,0.9873,0.9902,0.9106,0.9302,600.5,290.0,468.0,292.0,542.5,300.0,508.5,296.5,132.5151,34.1797,0.2579,1,1,202,1
201,3,0,1,1,1,1,0.9854,0.9932,0.8735,0.9321,785.5,335.5,651.5,345.5,726.5,392.0,700.5,405.0,134.3726,29.0689,0.2163,1,1,202,1
201,3,0,2,1,1,1,0.9883,0.9873,0.9155,0.9165,953.5,352.0,836.0,353.0,923.5,387.5,893.0,375.0,117.5043,32.9621,0.2805,1,1,202,1
202,3,0,0,1,1,1,0.9868,0.9897,0.9092,0.9302,601.0,290.0,468.0,292.0,542.0,299.0,508.5,296.0,133.015,33.6341,0.2529,1,1,203,1
202,3,0,1,1,1,1,0.9849,0.9932,0.8711,0.9321,785.5,335.5,651.0,345.5,725.5,391.5,700.5,405.0,134.8712,28.4121,0.2107,1,1,203,1
202,3,0,2,1,1,1,0.9888,0.9863,0.9194,0.9141,954.0,352.0,836.0,353.0,922.0,385.0,892.0,376.0,118.0042,31.3209,0.2654,1,1,203,1
203,3,0,0,1,1,1,0.9868,0.9897,0.9092,0.9297,601.0,290.0,468.0,292.0,542.0,299.0,508.5,296.0,133.015,33.6341,0.2529,1,1,204,1
203,3,0,1,1,1,1,0.9849,0.9932,0.8711,0.9321,785.5,335.5,651.0,345.5,725.5,391.5,700.5,405.0,134.8712,28.4121,0.2107,1,1,204,1
203,3,0,2,1,1,1,0.9888,0.9868,0.9194,0.9141,954.0,352.0,836.0,353.0,922.0,385.0,892.0,376.0,118.0042,31.3209,0.2654,1,1,204,1
204,3,0,0,1,1,1,0.9873,0.9897,0.9111,0.9297,601.0,290.0,468.25,292.0,542.0,299.5,508.5,295.5,132.7651,33.738,0.2541,1,1,205,1
204,3,0,1,1,1,1,0.9849,0.9932,0.8721,0.9316,785.0,336.0,651.0,345.5,726.5,393.0,701.0,405.0,134.3363,28.1824,0.2098,1,1,205,1
204,3,0,2,1,1,1,0.9883,0.9873,0.9136,0.9185,954.0,352.0,836.5,353.0,923.0,385.5,892.5,373.0,117.5043,32.9621,0.2805,1,1,205,1
205,3,0,0,1,1,1,0.9873,0.9897,0.9106,0.9297,601.0,290.0,468.25,292.0,542.0,299.5,508.5,295.0,132.7651,33.8009,0.2546,1,1,206,1
205,3,0,2,1,1,1,0.9883,0.9873,0.9131,0.9189,954.0,352.0,836.5,353.0,923.0,385.5,892.5,373.0,117.5043,32.9621,0.2805,1,1,206,1
205,3,0,1,1,1,1,0.9849,0.9932,0.8716,0.9321,785.0,336.0,651.0,345.5,726.5,393.0,701.0,405.5,134.3363,28.3989,0.2114,1,1,206,1
206,3,0,0,1,1,1,0.9868,0.9897,0.9102,0.9297,601.0,290.0,468.25,292.0,542.5,299.5,509.0,294.0,132.7651,33.9485,0.2557,1,1,207,1
206,3,0,1,1,1,1,0.9849,0.9932,0.8706,0.9321,785.0,336.0,651.0,346.0,727.5,394.0,700.0,405.5,134.3726,29.8077,0.2218,1,1,207,1
206,3,0,2,1,1,1,0.9883,0.9912,0.9053,0.9233,957.0,346.5,837.5,352.5,913.0,384.5,889.5,373.0,119.6505,26.163,0.2187,1,1,207,1
207,3,0,0,1,1,1,0.9868,0.9897,0.9102,0.9297,601.0,290.0,468.25,292.0,542.5,299.0,508.75,294.0,132.7651,34.1184,0.257,1,1,208,1
207,3,0,1,1,1,1,0.9849,0.9932,0.8701,0.9321,785.0,336.0,651.0,346.0,728.0,394.0,700.5,405.5,134.3726,29.8077,0.2218,1,1,208,1
207,3,0,2,1,1,1,0.9883,0.9873,0.9155,0.918,953.5,352.0,836.0,352.0,924.0,386.5,892.0,375.0,117.5,34.0037,0.2894,1,1,208,1
208,3,0,0,1,1,1,0.9873,0.9897,0.9106,0.9302,601.0,290.0,468.25,292.0,542.5,299.0,508.75,296.5,132.7651,33.8425,0.2549,1,1,209,1
208,3,0,1,1,1,1,0.9849,0.9932,0.8711,0.9326,785.0,336.0,651.0,345.5,728.0,393.5,700.0,403.5,134.3363,29.7321,0.2213,1,1,209,1
208,3,0,2,1,1,1,0.9888,0.9873,0.9189,0.9165,954.0,351.0,836.5,351.5,923.0,388.0,892.0,376.5,117.5011,33.0643,0.2814,1,1,209,1
209,3,0,0,1,1,1,0.9873,0.9897,0.9111,0.9297,601.0,290.0,468.5,292.0,542.5,299.0,508.75,296.5,132.5151,33.8425,0.2554,1,1,210,1
209,3,0,1,1,1,1,0.9849,0.9932,0.8721,0.9321,785.0,336.0,651.0,345.5,728.0,393.5,700.0,404.0,134.3363,29.904,0.2226,1,1,210,1
209,3,0,2,1,1,1,0.9888,0.9873,0.9189,0.916,954.0,351.0,836.5,351.5,923.0,388.0,892.0,376.5,117.5011,33.0643,0.2814,1,1,210,1
210,3,0,0,1,1,1,0.9868,0.9897,0.9102,0.9292,601.0,290.5,468.25,292.5,542.5,299.0,509.25,295.0,132.7651,33.4897,0.2522,1,1,211,1
210,3,0,2,1,1,1,0.9888,0.9912,0.9087,0.9243,957.0,345.5,838.5,351.5,910.5,382.5,890.5,371.0,118.6518,23.0705,0.1944,1,1,211,1
210,3,0,1,1,1,1,0.9849,0.9932,0.8706,0.9331,784.0,336.0,651.0,345.5,727.5,395.0,700.5,403.5,133.3389,28.3064,0.2123,1,1,211,1
211,3,0,0,1,1,1,0.9868,0.9897,0.9097,0.9297,601.0,291.0,468.25,292.5,542.5,300.0,509.0,296.5,132.7585,33.6823,0.2537,1,1,212,1
211,3,0,2,1,1,1,0.9888,0.9907,0.9077,0.9209,957.0,346.0,838.5,351.0,911.5,383.5,892.0,374.5,118.6054,21.4767,0.1811,1,1,212,1
211,3,0,1,1,1,1,0.9854,0.9932,0.873,0.9321,784.0,336.0,650.5,345.5,727.5,395.5,700.5,403.5,133.8376,28.1603,0.2104,1,1,212,1
212,3,0,0,1,1,1,0.9868,0.9897,0.9102,0.9292,601.0,291.0,468.25,292.5,542.5,300.0,509.25,296.5,132.7585,33.4337,0.2518,1,1,213,1
212,3,0,2,1,1,1,0.9888,0.9907,0.9077,0.9209,957.0,346.0,838.5,351.0,911.5,384.0,892.0,374.5,118.6054,21.691,0.1829,1,1,213,1
212,3,0,1,1,1,1,0.9854,0.9932,0.873,0.9321,784.0,336.0,650.5,345.5,727.5,395.0,700.5,403.5,133.8376,28.3064,0.2115,1,1,213,1
213,3,0,0,1,1,1,0.9873,0.9897,0.9111,0.9297,601.0,290.5,468.5,292.0,542.5,300.0,509.0,296.0,132.5085,33.738,0.2546,1,1,214,1
213,3,0,2,1,1,1,0.9888,0.9912,0.9097,0.9219,957.0,346.0,838.5,351.0,912.5,384.5,891.0,371.5,118.6054,25.1247,0.2118,1,1,214,1
213,3,0,1,1,1,1,0.9863,0.9927,0.8789,0.9375,783.0,338.0,650.5,347.5,737.0,399.0,698.5,398.5,132.8401,38.5032,0.2898,1,1,214,1
214,3,0,0,1,1,1,0.9873,0.9897,0.9111,0.9297,601.0,290.5,468.5,292.0,542.5,300.0,509.0,296.0,132.5085,33.738,0.2546,1,1,215,1
214,3,0,2,1,1,1,0.9888,0.9912,0.9097,0.9219,957.0,346.0,838.5,351.0,912.0,384.0,891.0,372.0,118.6054,24.1868,0.2039,1,1,215,1
214,3,0,1,1,1,1,0.9863,0.9927,0.8789,0.938,783.0,338.0,650.5,347.5,736.5,399.0,698.5,398.5,132.8401,38.0033,0.2861,1,1,215,1
215,3,0,0,1,1,1,0.9873,0.9897,0.9116,0.9297,601.0,290.5,468.75,292.5,542.5,299.0,508.25,296.5,132.2651,34.3411,0.2596,1,1,216,1
215,3,0,1,1,1,1,0.9863,0.9927,0.8789,0.936,782.5,337.5,650.0,347.0,735.0,399.0,698.5,396.5,132.8401,36.5855,0.2754,1,1,216,1
215,3,0,2,1,1,1,0.9888,0.9907,0.9067,0.9209,957.0,346.0,838.5,352.0,913.0,384.5,891.0,371.5,118.6518,25.5539,0.2154,1,1,216,1
216,3,0,0,1,1,1,0.9873,0.9897,0.9121,0.9302,601.0,290.5,468.75,292.5,542.5,299.0,508.25,296.5,132.2651,34.3411,0.2596,1,1,217,1
216,3,0,1,1,1,1,0.9863,0.9927,0.8789,0.9365,782.5,337.5,650.0,347.0,735.0,399.0,698.5,397.0,132.8401,36.5548,0.2752,1,1,217,1
216,3,0,2,1,1,1,0.9888,0.9907,0.9067,0.9209,957.0,346.0,838.5,352.0,913.0,385.0,891.0,371.5,118.6518,25.8118,0.2175,1,1,217,1
217,3,0,0,1,1,1,0.9873,0.9897,0.9116,0.9292,601.0,291.0,468.5,292.5,542.5,299.5,509.0,297.0,132.5085,33.5932,0.2535,1,1,218,1
217,3,0,1,1,1,1,0.9863,0.9927,0.8799,0.936,781.5,338.0,650.0,346.5,735.5,399.0,699.5,397.0,131.7744,36.0555,0.2736,1,1,218,1
217,3,0,2,1,1,1,0.9888,0.9912,0.9072,0.9224,957.0,346.5,838.5,352.0,913.0,383.5,891.0,373.5,118.6276,24.1661,0.2037,1,1,218,1
218,3,0,0,1,1,1,0.9873,0.9897,0.9111,0.9292,601.0,291.0,468.5,292.5,542.5,299.5,509.0,297.5,132.5085,33.5596,0.2533,1,1,219,1
218,3,0,1,1,1,1,0.9854,0.9932,0.8706,0.9307,782.0,335.5,649.5,344.5,727.5,397.5,701.5,403.5,132.8053,26.6833,0.2009,1,1,219,1
218,3,0,2,1,1,1,0.9888,0.9912,0.9077,0.9219,956.5,346.5,838.0,352.0,913.0,383.5,891.0,373.5,118.6276,24.1661,0.2037,1,1,219,1
219,3,0,0,1,1,1,0.9868,0.9897,0.9102,0.9292,601.0,291.0,468.75,292.5,543.0,300.0,508.5,297.0,132.2585,34.6302,0.2618,1,1,220,1
219,3,0,1,1,1,1,0.9854,0.9932,0.8745,0.9297,782.0,335.5,650.0,345.0,725.0,394.5,701.0,404.0,132.3414,25.8118,0.195,1,1,220,1
219,3,0,2,1,1,1,0.9893,0.9863,0.9224,0.9126,954.0,352.0,837.0,351.5,921.0,384.0,892.5,377.0,117.0011,29.3471,0.2508,1,1,220,1
220,3,0,0,1,1,1,0.9868,0.9897,0.9106,0.9292,601.0,291.0,468.75,292.5,543.0,300.0,508.5,297.0,132.2585,34.6302,0.2618,1,1,221,1
220,3,0,1,1,1,1,0.9854,0.9932,0.8745,0.9302,782.0,335.5,650.0,345.0,725.0,394.5,701.5,404.0,132.3414,25.3476,0.1915,1,1,221,1
220,3,0,2,1,1,1,0.9888,0.9907,0.9097,0.9204,956.5,346.5,837.5,352.0,912.0,382.0,891.0,376.0,119.127,21.8403,0.1833,1,1,221,1
221,3,0,0,1,1,1,0.9873,0.9902,0.9111,0.9302,601.0,291.0,468.75,292.5,542.5,300.0,508.5,297.0,132.2585,34.1321,0.2581,1,1,222,1
221,3,0,1,1,1,1,0.9873,0.9927,0.8872,0.936,782.0,337.5,650.0,346.5,734.5,398.5,698.5,398.0,132.3065,36.0035,0.2721,1,1,222,1
221,3,0,2,1,1,1,0.9888,0.9912,0.9102,0.9243,956.5,346.0,837.5,351.0,912.0,382.5,891.0,375.0,119.105,22.2991,0.1872,1,1,222,1
222,3,0,0,1,1,1,0.9873,0.9897,0.9116,0.9297,601.0,291.0,468.75,293.0,542.5,300.0,508.5,297.0,132.2651,34.1321,0.2581,1,1,223,1
222,3,0,2,1,1,1,0.9888,0.9912,0.9102,0.9248,956.0,346.0,837.5,351.0,912.0,382.5,891.0,375.0,118.6054,22.2991,0.188,1,1,223,1
222,3,0,1,1,1,1,0.9873,0.9927,0.8867,0.9365,781.5,337.5,650.0,346.5,734.5,398.5,698.5,398.0,131.8076,36.0035,0.2732,1,1,223,1
223,3,0,0,1,1,1,0.9873,0.9897,0.9116,0.9302,601.0,290.5,468.75,292.0,543.0,300.0,508.75,297.0,132.2585,34.3811,0.26,1,1,224,1
223,3,0,1,1,1,1,0.9858,0.9932,0.8755,0.9326,782.0,335.0,650.5,345.0,727.5,398.0,700.5,404.0,131.8797,27.6586,0.2097,1,1,224,1
223,3,0,2,1,1,1,0.9888,0.9912,0.9082,0.9233,956.5,346.0,838.0,352.0,910.0,382.0,890.5,374.0,118.6518,21.0772,0.1776,1,1,224,1
224,3,0,0,1,1,1,0.9873,0.9897,0.9116,0.9292,601.5,291.0,469.25,293.0,542.5,300.0,508.75,297.5,132.2651,33.8425,0.2559,1,1,225,1
224,3,0,1,1,1,1,0.9873,0.9927,0.8862,0.936,781.5,337.5,650.0,347.5,734.5,397.5,698.0,396.0,131.8797,36.5308,0.277,1,1,225,1
224,3,0,2,1,1,1,0.9888,0.9912,0.9082,0.9224,956.5,346.0,837.5,352.0,910.5,383.0,890.5,373.5,119.1512,22.1416,0.1858,1,1,225,1
225,3,0,0,1,1,1,0.9873,0.9897,0.9116,0.9292,601.5,291.0,469.25,293.0,542.5,300.0,508.75,298.0,132.2651,33.8092,0.2556,1,1,226,1
225,3,0,1,1,1,1,0.9858,0.9932,0.876,0.9316,782.0,335.5,650.0,345.5,726.5,396.0,700.0,403.0,132.3782,27.4089,0.2071,1,1,226,1
225,3,0,2,1,1,1,0.9888,0.9912,0.9082,0.9224,957.0,346.0,837.5,351.5,910.5,383.0,890.5,373.5,119.6265,22.1416,0.1851,1,1,226,1
226,3,0,0,1,1,1,0.9873,0.9897,0.9106,0.9292,601.0,291.0,469.0,293.0,542.5,300.0,508.75,296.5,132.0152,33.931,0.257,1,1,227,1
226,3,0,1,1,1,1,0.9873,0.9927,0.8843,0.936,781.0,337.5,649.5,347.0,734.5,397.5,697.5,396.5,131.8427,37.0135,0.2807,1,1,227,1
226,3,0,2,1,1,1,0.9888,0.9912,0.9082,0.9214,956.5,346.5,837.5,351.5,910.5,382.5,891.0,374.5,119.105,21.0772,0.177,1,1,227,1
227,3,0,0,1,1,1,0.9873,0.9897,0.9111,0.9287,601.0,291.0,469.0,293.0,542.5,299.5,508.75,296.5,132.0152,33.8831,0.2567,1,1,228,1
227,3,0,1,1,1,1,0.9868,0.9927,0.8843,0.936,781.0,337.5,649.5,347.0,734.5,397.5,697.5,396.5,131.8427,37.0135,0.2807,1,1,228,1
227,3,0,2,1,1,1,0.9888,0.9907,0.9082,0.9214,956.5,346.5,837.5,351.5,910.5,382.0,891.0,374.0,119.105,21.0772,0.177,1,1,228,1
228,3,0,0,1,1,1,0.9873,0.9897,0.9126,0.9292,601.0,290.5,469.25,292.5,543.0,299.5,508.25,297.0,131.7652,34.8398,0.2644,1,1,229,1
228,3,0,1,1,1,1,0.9868,0.9927,0.8828,0.936,781.0,338.0,650.0,347.5,735.5,399.5,697.5,397.0,131.344,38.0821,0.2899,1,1,229,1
228,3,0,2,1,1,1,0.9888,0.9907,0.9092,0.9199,956.5,346.5,837.5,351.5,911.5,383.5,890.5,374.0,119.105,23.0489,0.1935,1,1,229,1
229,3,0,0,1,1,1,0.9873,0.9897,0.9126,0.9292,601.0,290.5,469.25,292.5,543.0,299.5,508.25,297.0,131.7652,34.8398,0.2644,1,1,230,1
229,3,0,1,1,1,1,0.9854,0.9932,0.874,0.9321,781.5,335.0,650.0,345.0,726.5,398.0,699.5,404.0,131.8797,27.6586,0.2097,1,1,230,1
229,3,0,2,1,1,1,0.9888,0.9907,0.9097,0.9199,956.0,346.5,837.5,351.5,911.5,383.0,890.5,374.0,118.6054,22.8473,0.1926,1,1,230,1
230,3,0,2,1,1,1,0.9893,0.9907,0.9121,0.9204,956.5,346.5,838.0,351.5,912.0,384.0,891.0,372.5,118.6054,23.9426,0.2019,1,1,231,1
230,3,0,0,1,1,1,0.9873,0.9897,0.9116,0.9297,601.0,291.0,469.0,293.0,543.5,300.0,508.5,296.0,132.0152,35.2278,0.2668,1,1,231,1
230,3,0,1,1,1,1,0.9873,0.9927,0.8877,0.9355,781.0,337.5,649.5,347.0,733.5,397.5,698.0,397.0,131.8427,35.5035,0.2693,1,1,231,1
231,3,0,0,1,1,1,0.9873,0.9897,0.9126,0.9292,601.5,291.5,469.25,293.0,543.5,300.0,508.5,296.0,132.2585,35.2278,0.2664,1,1,232,1
231,3,0,1,1,1,1,0.9858,0.9932,0.8779,0.9302,780.5,335.0,649.0,345.0,724.0,395.0,699.5,404.0,131.8797,26.1008,0.1979,1,1,232,1
231,3,0,2,1,1,1,0.9893,0.9907,0.9116,0.9199,956.5,346.5,838.0,351.0,910.5,382.0,891.0,371.5,118.5854,22.1472,0.1868,1,1,232,1
232,3,0,0,1,1,1,0.9873,0.9897,0.9126,0.9292,601.5,291.5,469.25,293.0,543.5,300.0,508.5,296.0,132.2585,35.2278,0.2664,1,1,233,1
232,3,0,2,1,1,1,0.9893,0.9907,0.9116,0.9199,956.5,346.5,838.0,351.0,910.0,382.0,891.0,371.5,118.5854,21.7083,0.1831,1,1,233,1
232,3,0,1,1,1,1,0.9858,0.9932,0.8774,0.9302,781.0,335.0,649.0,345.0,724.0,395.0,699.5,404.0,132.3782,26.1008,0.1972,1,1,233,1
233,3,0,0,1,1,1,0.9873,0.9897,0.9116,0.9302,601.5,291.0,469.0,293.0,543.5,300.0,508.75,296.5,132.5151,34.9258,0.2636,1,1,234,1
233,3,0,1,1,1,1,0.9873,0.9922,0.8862,0.9336,780.0,337.5,649.0,347.0,733.0,397.0,698.0,397.0,131.344,35.0,0.2665,1,1,234,1
233,3,0,2,1,1,1,0.9888,0.9863,0.9194,0.9121,953.5,352.0,837.0,351.0,920.5,384.0,892.5,374.0,116.5043,29.7321,0.2552,1,1,234,1
234,3,0,0,1,1,1,0.9868,0.9897,0.9111,0.9302,601.0,291.0,469.0,293.0,543.5,300.0,508.5,296.5,132.0152,35.1746,0.2664,1,1,235,1
234,3,0,1,1,1,1,0.9873,0.9922,0.8867,0.9336,780.5,337.5,649.0,346.5,733.0,397.0,698.0,397.0,131.8076,35.0,0.2655,1,1,235,1
234,3,0,2,1,1,1,0.9888,0.9907,0.9087,0.9194,956.0,346.0,837.5,351.0,911.0,382.5,890.5,372.0,118.6054,23.0326,0.1942,1,1,235,1
235,3,0,0,1,1,1,0.9873,0.9897,0.9116,0.9297,601.0,291.0,469.0,293.0,543.5,300.5,508.5,297.0,132.0152,35.1746,0.2664,1,1,236,1
235,3,0,1,1,1,1,0.9873,0.9922,0.8862,0.9341,780.5,337.5,649.0,347.0,734.0,399.0,698.0,396.5,131.8427,36.0867,0.2737,1,1,236,1
235,3,0,2,1,1,1,0.9888,0.9907,0.9092,0.9209,956.0,346.5,837.5,351.5,910.5,381.0,890.5,370.5,118.6054,22.5887,0.1905,1,1,236,1
236,3,0,0,1,1,1,0.9873,0.9897,0.9111,0.9302,601.0,291.0,468.75,293.0,543.5,300.5,508.5,297.0,132.2651,35.1746,0.2659,1,1,237,1
236,3,0,1,1,1,1,0.9873,0.9922,0.8862,0.9341,780.5,337.5,649.0,347.0,734.0,399.0,698.0,396.0,131.8427,36.1248,0.274,1,1,237,1
236,3,0,2,1,1,1,0.9888,0.9907,0.9092,0.9209,956.0,346.0,837.5,351.0,910.0,381.0,890.5,370.5,118.6054,22.1472,0.1867,1,1,237,1
237,3,0,0,1,1,1,0.9868,0.9902,0.9097,0.9302,601.5,291.0,469.25,293.0,543.5,300.5,508.5,296.5,132.2651,35.2278,0.2663,1,1,238,1
237,3,0,1,1,1,1,0.9858,0.9932,0.876,0.9307,781.0,335.0,649.5,345.0,726.0,397.0,701.0,403.0,131.8797,25.7099,0.1949,1,1,238,1
237,3,0,2,1,1,1,0.9893,0.9863,0.9214,0.9126,953.5,352.5,837.0,351.0,919.5,381.0,892.5,372.0,116.5097,28.4605,0.2443,1,1,238,1
238,4,1,0,1,1,1,0.9868,0.9897,0.9097,0.9302,601.5,291.0,469.25,293.0,543.5,300.5,508.0,297.5,132.2651,35.6265,0.2694,1,1,239,1
238,4,1,1,1,1,1,0.9873,0.9922,0.8882,0.9336,781.0,337.5,649.5,347.0,735.0,398.5,698.0,396.0,131.8427,37.0844,0.2813,1,1,239,1
238,4,1,2,1,1,1,0.9893,0.9907,0.9116,0.9194,956.0,346.5,838.0,350.5,910.0,380.0,890.5,369.5,118.0678,22.1472,0.1876,1,1,239,1
238,4,1,4,0,0,1,0.0142,0.0278,0.0291,0.0498,1278.0,553.5,1268.0,555.0,1221.0,702.0,1217.0,702.0,10.1119,4.0,0.3956,0,0,0,0
239,4,1,0,1,1,1,0.9868,0.9897,0.9092,0.9297,601.5,291.0,469.5,293.0,543.5,300.5,508.0,297.5,132.0152,35.6265,0.2699,1,1,240,1
239,4,1,1,1,1,1,0.9873,0.9922,0.8877,0.9341,780.5,337.5,649.5,347.0,735.0,398.5,698.0,396.5,131.344,37.054,0.2821,1,1,240,1
239,4,1,2,1,1,1,0.9893,0.9863,0.9219,0.9121,953.5,352.5,837.0,350.0,919.0,381.0,892.5,371.5,116.5268,28.1514,0.2416,1,1,240,1
239,4,1,4,0,0,1,0.0142,0.0278,0.0291,0.0498,1278.0,553.5,1268.0,555.0,1221.0,702.0,1216.0,702.0,10.1119,5.0,0.4945,0,0,0,0
240,3,0,0,1,1,1,0.9868,0.9902,0.9092,0.9307,601.5,291.0,469.0,293.0,543.0,299.0,508.5,295.5,132.5151,34.6771,0.2617,1,1,241,1
240,3,0,2,1,1,1,0.9893,0.9907,0.9116,0.9194,956.0,346.0,838.0,350.5,909.0,378.5,890.0,369.5,118.0858,21.0238,0.178,1,1,241,1
240,3,0,1,1,1,1,0.9873,0.9922,0.8872,0.9341,781.0,337.5,650.0,347.0,734.5,397.0,697.0,397.0,131.344,37.5,0.2855,1,1,241,1
241,3,0,0,1,1,1,0.9868,0.9902,0.9097,0.9312,601.5,291.0,469.25,293.0,543.0,299.5,508.5,295.5,132.2651,34.7311,0.2626,1,1,242,1
241,3,0,2,1,1,1,0.9893,0.9907,0.9121,0.9194,956.0,346.0,838.0,350.5,909.0,378.5,890.0,369.5,118.0858,21.0238,0.178,1,1,242,1
241,3,0,1,1,1,1,0.9858,0.9932,0.877,0.9302,781.5,335.0,650.0,345.5,725.0,395.0,699.0,404.0,131.9185,27.5136,0.2086,1,1,242,1
242,3,0,0,1,1,1,0.9868,0.9897,0.9097,0.9292,601.5,291.0,469.0,293.5,543.0,299.5,508.5,297.5,132.5236,34.5579,0.2608,1,1,243,1
242,3,0,2,1,1,1,0.9893,0.9907,0.9121,0.9194,956.0,346.5,838.0,350.5,909.0,378.5,891.0,367.0,118.0678,21.36,0.1809,1,1,243,1
242,3,0,1,1,1,1,0.9873,0.9922,0.8862,0.9346,781.0,337.5,650.0,347.5,735.0,397.5,698.0,396.0,131.3811,37.0304,0.2819,1,1,243,1
243,3,0,0,1,1,1,0.9868,0.9897,0.9097,0.9297,601.5,291.0,469.0,293.5,543.0,299.5,508.5,297.5,132.5236,34.5579,0.2608,1,1,244,1
243,3,0,2,1,1,1,0.9893,0.9907,0.9121,0.9199,956.0,346.5,838.0,350.5,909.0,379.0,891.0,367.0,118.0678,21.6333,0.1832,1,1,244,1
243,3,0,1,1,1,1,0.9868,0.9922,0.8853,0.9351,781.0,337.5,650.0,347.5,735.0,397.5,698.0,396.0,131.3811,37.0304,0.2819,1,1,244,1
244,3,0,0,1,1,1,0.9873,0.9897,0.9111,0.9282,602.0,291.0,469.25,293.0,543.5,300.0,508.25,297.5,132.7651,35.3385,0.2662,1,1,245,1
244,3,0,2,1,1,1,0.9888,0.9907,0.9106,0.918,956.5,346.5,838.5,350.5,910.5,380.5,891.0,370.0,118.0678,22.1472,0.1876,1,1,245,1
244,3,0,1,1,1,1,0.9858,0.9927,0.8779,0.9307,781.5,335.0,650.0,345.0,726.0,395.5,699.0,403.0,131.8797,28.0223,0.2125,1,1,245,1
245,3,0,0,1,1,1,0.9873,0.9897,0.9111,0.9282,602.0,291.0,469.0,293.0,543.5,300.0,508.25,297.5,133.015,35.3385,0.2657,1,1,246,1
245,3,0,2,1,1,1,0.9888,0.9907,0.9106,0.918,956.5,346.5,838.5,350.5,910.5,380.5,891.0,370.0,118.0678,22.1472,0.1876,1,1,246,1
245,3,0,1,1,1,1,0.9858,0.9927,0.8779,0.9302,781.5,335.0,650.0,345.0,725.5,395.5,699.0,403.0,131.8797,27.5409,0.2088,1,1,246,1
246,3,0,2,1,1,1,0.9893,0.9907,0.9126,0.9189,957.0,346.0,838.5,350.5,911.5,382.5,891.5,372.5,118.5854,22.3607,0.1886,1,1,247,1
246,3,0,0,1,1,1,0.9873,0.9897,0.9111,0.9292,602.0,291.5,469.0,293.5,543.5,300.5,508.5,298.0,133.015,35.0892,0.2638,1,1,247,1
246,3,0,1,1,1,1,0.9858,0.9932,0.8765,0.9307,781.5,335.0,650.0,345.5,726.0,395.5,699.5,402.0,131.9185,27.2855,0.2068,1,1,247,1
247,3,0,0,1,1,1,0.9873,0.9897,0.9111,0.9287,601.5,291.5,469.0,293.5,543.5,300.0,508.75,298.5,132.5151,34.7824,0.2625,1,1,248,1
247,3,0,2,1,1,1,0.9888,0.9907,0.9106,0.9189,956.5,346.0,839.0,350.0,911.5,381.0,891.0,371.0,117.5681,22.809,0.194,1,1,248,1
247,3,0,1,1,1,1,0.9858,0.9927,0.8765,0.9292,782.0,335.0,650.0,346.0,725.5,394.0,698.5,403.0,132.4575,28.4605,0.2149,1,1,248,1
248,3,0,0,1,1,1,0.9873,0.9897,0.9111,0.9287,601.5,291.5,469.25,293.5,543.5,300.0,508.75,298.5,132.2651,34.7824,0.263,1,1,249,1
248,3,0,2,1,1,1,0.9888,0.9907,0.9106,0.9189,956.5,346.0,839.0,350.5,911.5,381.0,891.0,371.0,117.5861,22.809,0.194,1,1,249,1
248,3,0,1,1,1,1,0.9858,0.9927,0.877,0.9297,782.0,335.0,649.5,345.5,725.5,394.0,698.5,403.0,132.9154,28.4605,0.2141,1,1,249,1
249,3,0,2,1,1,1,0.9893,0.9907,0.9126,0.9189,956.5,346.0,838.5,350.0,912.0,383.5,891.0,373.5,118.0678,23.2594,0.197,1,1,250,1
249,3,0,0,1,1,1,0.9873,0.9897,0.9111,0.9287,601.5,291.5,469.0,293.5,544.0,300.5,508.5,298.5,132.5151,35.5563,0.2683,1,1,250,1
249,3,0,1,1,1,1,0.9863,0.9927,0.8794,0.9297,781.5,335.0,649.5,345.0,727.0,395.5,699.5,403.0,132.3782,28.5044,0.2153,1,1,250,1
250,3,0,0,1,1,1,0.9873,0.9897,0.9106,0.9282,601.5,291.5,469.0,293.5,544.0,301.0,508.5,298.5,132.5151,35.5879,0.2686,1,1,251,1
250,3,0,2,1,1,1,0.9893,0.9907,0.9126,0.9189,956.5,346.0,838.5,350.0,912.0,383.5,891.0,373.0,118.0678,23.4787,0.1989,1,1,251,1
250,3,0,1,1,1,1,0.9863,0.9927,0.8794,0.9297,781.5,335.0,649.5,345.0,727.0,395.5,699.5,403.0,132.3782,28.5044,0.2153,1,1,251,1
251,3,0,0,1,1,1,0.9873,0.9897,0.9111,0.9297,601.5,290.5,469.0,293.0,544.5,301.0,508.25,295.5,132.5236,36.6649,0.2767,1,1,252,1
251,3,0,2,1,1,1,0.9888,0.9907,0.9097,0.9189,957.0,346.0,839.0,350.5,911.5,382.5,891.5,370.5,118.0858,23.3238,0.1975,1,1,252,1
251,3,0,1,1,1,1,0.9873,0.9922,0.8862,0.9336,781.0,337.0,650.5,347.0,735.5,398.0,697.0,397.0,130.8826,38.513,0.2943,1,1,252,1
252,3,0,0,1,1,1,0.9873,0.9897,0.9111,0.9297,602.0,290.5,469.0,293.0,544.5,300.5,508.25,295.5,133.0235,36.5932,0.2751,1,1,253,1
252,3,0,2,1,1,1,0.9888,0.9907,0.9102,0.9189,957.0,345.5,839.0,350.5,911.5,383.0,891.5,370.5,118.1059,23.585,0.1997,1,1,253,1
252,3,0,1,1,1,1,0.9873,0.9922,0.8862,0.9331,781.0,337.0,650.5,347.0,735.5,398.5,697.0,397.0,130.8826,38.5292,0.2944,1,1,253,1
253,3,0,0,1,1,1,0.9868,0.9897,0.9092,0.9282,602.0,291.5,469.5,293.5,544.5,301.0,508.25,297.5,132.5151,36.4186,0.2748,1,1,254,1
253,3,0,2,1,1,1,0.9893,0.9863,0.9229,0.9131,954.0,352.0,837.5,350.5,922.5,386.0,893.0,372.5,116.5097,32.4423,0.2785,1,1,254,1
253,3,0,1,1,1,1,0.9858,0.9927,0.876,0.9302,782.0,334.5,649.5,345.0,726.5,396.0,699.0,403.5,132.9154,28.5044,0.2145,1,1,254,1
254,3,0,0,1,1,1,0.9868,0.9897,0.9092,0.9282,602.0,291.5,469.5,293.0,544.0,301.0,508.25,297.5,132.5085,35.9209,0.2711,1,1,255,1
254,3,0,2,1,1,1,0.9893,0.9863,0.9229,0.9131,954.0,352.0,837.5,350.5,922.5,386.0,893.0,373.0,116.5097,32.2374,0.2767,1,1,255,1
254,3,0,1,1,1,1,0.9858,0.9927,0.8755,0.9302,782.0,335.0,649.5,345.0,726.5,396.0,699.0,403.5,132.8768,28.5044,0.2145,1,1,255,1
255,3,0,0,1,1,1,0.9873,0.9897,0.9111,0.9277,602.0,291.5,469.5,293.5,544.5,301.0,508.0,297.5,132.5151,36.6674,0.2767,1,1,256,1
255,3,0,2,1,1,1,0.9893,0.9902,0.9126,0.918,957.0,346.0,839.0,350.0,912.0,383.5,891.0,370.5,118.0678,24.6982,0.2092,1,1,256,1
255,3,0,1,1,1,1,0.9858,0.9927,0.877,0.9287,781.0,335.0,649.5,345.0,726.0,394.0,699.0,403.5,131.8797,28.6225,0.217,1,1,256,1
256,3,0,0,1,1,1,0.9873,0.9897,0.9106,0.9277,602.0,291.5,469.5,293.5,544.5,301.0,508.0,297.0,132.5151,36.7185,0.2771,1,1,257,1
256,3,0,2,1,1,1,0.9893,0.9858,0.9238,0.9106,954.5,352.0,838.0,350.0,921.0,384.5,892.5,372.5,116.5172,30.9233,0.2654,1,1,257,1
256,3,0,1,1,1,1,0.9858,0.9927,0.877,0.9292,781.0,335.0,649.5,345.0,726.0,394.0,699.0,403.5,131.8797,28.6225,0.217,1,1,257,1
257,3,0,0,1,1,1,0.9873,0.9897,0.9126,0.9287,602.0,291.5,469.5,293.5,544.5,300.5,508.0,296.5,132.5151,36.7185,0.2771,1,1,258,1
257,3,0,2,1,1,1,0.9897,0.9863,0.9248,0.9116,955.0,352.0,838.0,351.0,921.5,386.0,892.5,374.5,117.0043,31.197,0.2666,1,1,258,1
257,3,0,1,1,1,1,0.9858,0.9927,0.8784,0.9287,781.0,335.0,649.5,345.0,726.0,395.5,698.5,404.0,131.8797,28.7837,0.2183,1,1,258,1
258,3,0,0,1,1,1,0.9873,0.9897,0.9126,0.9287,602.0,291.5,469.5,293.5,544.5,300.5,508.0,296.5,132.5151,36.7185,0.2771,1,1,259,1
258,3,0,2,1,1,1,0.9893,0.9907,0.9141,0.918,957.5,346.0,839.0,350.5,912.0,384.0,890.5,373.0,118.5854,24.1506,0.2037,1,1,259,1
258,3,0,1,1,1,1,0.9858,0.9927,0.8784,0.9287,781.0,335.0,649.5,345.0,726.0,395.5,698.5,404.0,131.8797,28.7837,0.2183,1,1,259,1
259,3,0,0,1,1,1,0.9873,0.9897,0.9141,0.9272,602.5,291.0,470.0,293.0,544.5,300.5,508.5,296.5,132.5151,36.2215,0.2733,1,1,260,1
259,3,0,2,1,1,1,0.9893,0.9863,0.9233,0.9106,954.5,352.0,837.5,351.0,921.0,383.5,893.0,372.0,117.0043,30.2696,0.2587,1,1,260,1
259,3,0,1,1,1,1,0.9863,0.9927,0.8818,0.9282,781.0,334.5,649.5,345.0,726.5,396.5,699.0,404.5,131.9185,28.64,0.2171,1,1,260,1
260,3,0,2,1,1,1,0.9893,0.9907,0.9136,0.9199,957.5,346.0,839.5,351.0,913.0,384.0,891.5,370.0,118.1059,25.6564,0.2172,1,1,261,1
260,3,0,0,1,1,1,0.9878,0.9897,0.9141,0.9287,602.0,291.0,469.5,293.0,545.0,301.0,508.75,297.5,132.5151,36.4186,0.2748,1,1,261,1
260,3,0,1,1,1,1,0.9863,0.9927,0.8823,0.9287,781.0,334.5,650.0,345.0,727.0,396.5,698.5,403.0,131.4201,29.2318,0.2224,1,1,261,1
261,3,0,2,1,1,1,0.9893,0.9907,0.9131,0.9204,957.5,346.0,839.5,351.0,913.0,383.5,891.0,370.0,118.1059,25.8118,0.2185,1,1,262,1
261,3,0,0,1,1,1,0.9878,0.9897,0.9141,0.9287,602.0,291.0,469.5,293.0,545.0,301.0,508.75,297.5,132.5151,36.4186,0.2748,1,1,262,1
261,3,0,1,1,1,1,0.9863,0.9927,0.8828,0.9282,781.0,335.0,650.0,345.0,726.5,396.5,698.5,403.0,131.3811,28.7446,0.2188,1,1,262,1
262,3,0,0,1,1,1,0.9873,0.9897,0.9136,0.9282,602.5,290.5,470.0,293.0,545.0,300.5,508.5,297.5,132.5236,36.6231,0.2764,1,1,263,1
262,3,0,2,1,1,1,0.9893,0.9868,0.9229,0.9131,955.0,352.0,838.0,351.0,921.0,385.0,892.5,373.0,117.0043,30.9233,0.2643,1,1,263,1
262,3,0,1,1,1,1,0.9863,0.9927,0.8838,0.9277,781.5,334.5,649.5,345.0,726.0,396.0,698.5,404.5,132.417,28.7837,0.2174,1,1,263,1
263,3,0,0,1,1,1,0.9873,0.9897,0.9131,0.9287,602.5,291.0,469.75,293.0,545.0,300.5,508.75,297.0,132.7651,36.4186,0.2743,1,1,264,1
263,3,0,2,1,1,1,0.9893,0.9907,0.9131,0.9185,957.5,346.5,839.5,351.0,911.5,383.5,891.0,370.0,118.0858,24.5459,0.2079,1,1,264,1
263,3,0,1,1,1,1,0.9878,0.9917,0.8931,0.9312,781.0,336.5,650.0,346.5,735.0,398.0,696.5,397.0,131.3811,38.513,0.2931,1,1,264,1
264,3,0,0,1,1,1,0.9878,0.9897,0.9146,0.9272,603.0,291.0,470.25,293.0,544.5,300.5,508.75,295.0,132.7651,36.1706,0.2724,1,1,265,1
264,3,0,2,1,1,1,0.9893,0.9863,0.9229,0.9106,956.0,353.0,839.0,351.5,923.0,386.5,892.0,373.0,117.0096,33.812,0.289,1,1,265,1
264,3,0,1,1,1,1,0.9883,0.9917,0.8955,0.9302,781.5,337.5,650.5,347.0,732.5,395.5,697.0,396.5,131.344,35.5141,0.2704,1,1,265,1
265,3,0,0,1,1,1,0.9878,0.9897,0.9146,0.9272,603.0,291.0,470.25,293.0,544.5,300.5,509.0,295.5,132.7651,35.8504,0.27,1,1,266,1
265,3,0,2,1,1,1,0.9893,0.9863,0.9224,0.9111,956.0,352.5,839.0,352.0,923.0,386.5,892.0,373.0,117.0011,33.812,0.289,1,1,266,1
265,3,0,1,1,1,1,0.9883,0.9917,0.8955,0.9302,781.5,337.5,650.5,347.0,732.5,396.0,697.0,396.5,131.344,35.5035,0.2703,1,1,266,1
266,3,0,2,1,1,1,0.9893,0.9868,0.9233,0.9136,955.5,352.0,838.5,351.0,922.0,386.0,893.0,374.5,117.0043,31.197,0.2666,1,1,267,1
266,3,0,0,1,1,1,0.9873,0.9897,0.9136,0.9277,603.0,291.0,470.25,292.5,544.5,300.0,509.25,297.0,132.7585,35.3774,0.2665,1,1,267,1
266,3,0,1,1,1,1,0.9878,0.9922,0.8911,0.9326,781.0,337.5,650.0,347.0,733.5,397.0,697.0,396.5,131.344,36.5034,0.2779,1,1,267,1
267,3,0,0,1,1,1,0.9873,0.9897,0.9131,0.9292,602.5,290.5,469.5,292.0,544.0,300.0,509.5,296.5,133.0085,34.6771,0.2607,1,1,268,1
267,3,0,2,1,1,1,0.9897,0.9907,0.9146,0.9199,958.0,346.0,840.0,350.5,911.5,384.0,891.0,371.0,118.0858,24.2745,0.2056,1,1,268,1
267,3,0,1,1,1,1,0.9863,0.9927,0.8828,0.9287,781.0,335.0,650.0,345.5,724.5,395.5,698.5,403.0,131.4201,27.0601,0.2059,1,1,268,1
268,3,0,0,1,1,1,0.9873,0.9897,0.9126,0.9292,602.5,290.5,469.75,292.0,544.0,300.0,509.25,296.0,132.7585,34.9795,0.2635,1,1,269,1
268,3,0,2,1,1,1,0.9893,0.9868,0.9229,0.9136,955.5,352.0,838.0,351.0,921.0,385.0,893.0,373.0,117.5043,30.4631,0.2593,1,1,269,1
268,3,0,1,1,1,1,0.9878,0.9922,0.8931,0.9331,780.5,338.0,650.0,347.5,734.0,398.0,696.5,396.0,130.8453,37.5533,0.287,1,1,269,1
269,3,0,0,1,1,1,0.9873,0.9893,0.9136,0.9268,603.0,291.0,470.0,292.5,544.0,299.5,509.25,296.0,133.0085,34.9258,0.2626,1,1,270,1
269,3,0,2,1,1,1,0.9893,0.9863,0.9238,0.9106,955.5,352.0,837.5,351.0,921.0,386.5,892.5,374.0,118.0042,31.1207,0.2637,1,1,270,1
269,3,0,1,1,1,1,0.9873,0.9922,0.8887,0.9331,781.0,337.5,650.0,347.5,734.5,398.0,696.0,396.0,131.3811,38.5519,0.2934,1,1,270,1
270,3,0,0,1,1,1,0.9873,0.9893,0.9136,0.9268,603.0,291.0,470.0,292.5,544.0,300.0,509.25,296.0,133.0085,34.9795,0.263,1,1,271,1
270,3,0,2,1,1,1,0.9897,0.9907,0.9141,0.9175,958.0,346.0,839.0,351.0,911.5,385.0,890.5,371.5,119.105,24.965,0.2096,1,1,271,1
270,3,0,1,1,1,1,0.9873,0.9922,0.8887,0.9331,781.0,337.5,650.0,347.5,734.5,398.0,696.0,396.0,131.3811,38.5519,0.2934,1,1,271,1
271,3,0,0,1,1,1,0.9878,0.9897,0.9141,0.9272,602.5,290.5,470.0,292.0,544.0,300.0,509.25,297.0,132.5085,34.8793,0.2632,1,1,272,1
271,3,0,2,1,1,1,0.9893,0.9858,0.9214,0.9092,955.0,352.0,838.0,351.5,923.0,387.0,893.0,373.5,117.0011,32.8976,0.2812,1,1,272,1
271,3,0,1,1,1,1,0.9873,0.9922,0.8892,0.9326,780.5,337.5,650.0,347.5,734.0,397.5,696.5,396.0,130.8826,37.53,0.2867,1,1,272,1
272,3,0,0,1,1,1,0.9878,0.9897,0.9141,0.9272,603.0,290.5,470.0,292.0,544.0,300.0,509.0,297.0,133.0085,35.1283,0.2641,1,1,273,1
272,3,0,2,1,1,1,0.9907,0.9868,0.9224,0.9019,957.0,351.5,834.5,350.0,918.0,386.5,887.0,370.5,122.5092,34.8855,0.2848,1,1,273,1
272,3,0,1,1,1,1,0.9873,0.9922,0.8892,0.9326,780.5,337.5,650.0,347.0,734.5,397.5,696.5,396.0,130.8453,38.0296,0.2906,1,1,273,1
273,3,0,0,1,1,1,0.9873,0.9897,0.9136,0.9268,602.5,291.0,470.0,292.0,544.0,299.5,509.25,295.0,132.5038,35.0402,0.2644,1,1,274,1
273,3,0,2,1,1,1,0.9897,0.9863,0.9238,0.9102,955.0,352.0,837.5,352.0,921.0,386.0,892.5,374.5,117.5,30.7327,0.2616,1,1,274,1
273,3,0,1,1,1,1,0.9858,0.9927,0.8799,0.9287,781.0,335.5,650.0,345.5,725.0,392.5,698.5,402.5,131.3811,28.324,0.2156,1,1,274,1
274,3,0,0,1,1,1,0.9873,0.9897,0.9121,0.9277,603.0,290.5,470.0,292.5,544.0,300.0,509.0,294.0,133.015,35.5106,0.267,1,1,275,1
274,3,0,2,1,1,1,0.9893,0.9858,0.9229,0.9087,955.0,352.0,837.5,351.0,920.5,386.5,893.0,375.5,117.5043,29.6184,0.2521,1,1,275,1
274,3,0,1,1,1,1,0.9863,0.9927,0.8809,0.9287,781.5,335.0,650.5,345.0,725.5,393.0,699.0,402.0,131.3811,27.9866,0.213,1,1,275,1
275,3,0,0,1,1,1,0.9873,0.9897,0.9121,0.9277,603.0,290.5,470.0,292.5,544.0,300.5,509.0,294.0,133.015,35.5985,0.2676,1,1,276,1
275,3,0,2,1,1,1,0.9893,0.9902,0.9121,0.9155,957.5,346.5,838.5,351.5,910.5,385.0,891.0,374.0,119.105,22.3886,0.188,1,1,276,1
275,3,0,1,1,1,1,0.9863,0.9927,0.8809,0.9287,782.0,335.0,650.5,345.0,725.5,393.0,699.0,402.0,131.8797,27.9866,0.2122,1,1,276,1
276,3,0,0,1,1,1,0.9873,0.9897,0.9136,0.9268,602.5,291.0,470.5,292.0,544.0,300.5,509.25,296.5,132.0038,34.9795,0.265,1,1,277,1
276,3,0,2,1,1,1,0.9893,0.9863,0.9214,0.9097,955.0,352.0,837.0,351.0,920.0,385.5,891.5,375.5,118.0042,30.2035,0.256,1,1,277,1
276,3,0,1,1,1,1,0.9863,0.9927,0.8818,0.9297,782.0,335.0,650.0,345.0,725.0,392.0,698.5,402.0,132.3782,28.324,0.214,1,1,277,1
277,3,0,0,1,1,1,0.9873,0.9897,0.9136,0.9268,602.5,290.5,470.5,292.0,544.0,300.0,509.25,296.5,132.0085,34.9258,0.2646,1,1,278,1
277,3,0,2,1,1,1,0.9893,0.9858,0.9214,0.9097,955.0,352.0,837.0,351.0,920.0,385.5,891.5,375.5,118.0042,30.2035,0.256,1,1,278,1
277,3,0,1,1,1,1,0.9863,0.9927,0.8813,0.9297,782.0,335.0,650.0,345.0,725.0,392.0,698.5,402.0,132.3782,28.324,0.214,1,1,278,1
278,3,0,0,1,1,1,0.9873,0.9897,0.9131,0.9268,602.5,291.0,470.5,292.0,544.0,300.0,508.75,297.5,132.0038,35.3385,0.2677,1,1,279,1
278,3,0,2,1,1,1,0.9897,0.9902,0.9141,0.9155,957.5,346.0,838.5,351.0,911.5,384.5,889.5,374.5,119.105,24.1661,0.2029,1,1,279,1
278,3,0,1,1,1,1,0.9863,0.9927,0.8843,0.9272,781.5,335.0,650.5,345.0,725.5,393.0,698.0,403.0,131.3811,29.2617,0.2227,1,1,279,1
279,3,0,0,1,1,1,0.9873,0.9897,0.9126,0.9268,602.5,291.0,470.5,292.0,544.0,300.0,509.0,297.5,132.0038,35.0892,0.2658,1,1,280,1
279,3,0,2,1,1,1,0.9897,0.9902,0.9136,0.916,957.5,346.0,838.5,351.0,911.5,384.5,889.5,374.5,119.105,24.1661,0.2029,1,1,280,1
279,3,0,1,1,1,1,0.9863,0.9927,0.8843,0.9272,781.0,335.0,650.0,344.5,725.5,392.5,698.0,403.0,131.344,29.4364,0.2241,1,1,280,1
280,3,0,0,1,1,1,0.9873,0.9897,0.9126,0.9272,602.5,290.5,470.25,292.0,544.0,300.0,508.75,296.0,132.2585,35.4762,0.2682,1,1,281,1
280,3,0,2,1,1,1,0.9897,0.9902,0.9165,0.9131,957.0,346.0,838.5,351.0,911.5,386.0,888.5,373.0,118.6054,26.4197,0.2228,1,1,281,1
280,3,0,1,1,1,1,0.9863,0.9927,0.8818,0.9292,781.0,335.0,649.5,345.0,725.0,391.5,699.0,402.0,131.8797,28.0401,0.2126,1,1,281,1
281,3,0,0,1,1,1,0.9873,0.9897,0.9131,0.9277,602.5,290.5,470.0,292.0,544.0,300.0,508.75,296.0,132.5085,35.4762,0.2677,1,1,282,1
281,3,0,2,1,1,1,0.9897,0.9854,0.9263,0.9067,955.0,352.0,837.5,351.0,921.5,388.0,890.0,374.5,117.5043,34.271,0.2917,1,1,282,1
281,3,0,1,1,1,1,0.9863,0.9927,0.8813,0.9292,781.0,335.0,649.5,345.0,725.0,391.5,699.0,402.0,131.8797,28.0401,0.2126,1,1,282,1
282,3,0,0,1,1,1,0.9878,0.9893,0.915,0.9253,603.0,290.0,470.5,292.0,544.0,299.5,508.75,295.5,132.5151,35.4762,0.2677,1,1,283,1
282,3,0,2,1,1,1,0.9897,0.9902,0.9155,0.9141,957.0,346.0,838.5,351.0,911.0,384.5,889.0,374.0,118.6054,24.3772,0.2055,1,1,283,1
282,3,0,1,1,1,1,0.9863,0.9927,0.8818,0.9277,781.0,335.0,649.5,345.0,726.0,395.0,699.0,402.5,131.8797,28.0223,0.2125,1,1,283,1
283,3,0,0,1,1,1,0.9873,0.9897,0.9136,0.9282,603.0,290.0,470.5,292.0,544.5,300.0,508.75,297.5,132.5151,35.8373,0.2704,1,1,284,1
283,3,0,2,1,1,1,0.9897,0.9858,0.9253,0.9082,955.0,351.5,838.5,351.0,919.0,385.0,890.5,374.0,116.5011,30.5491,0.2622,1,1,284,1
283,3,0,1,1,1,1,0.9863,0.9927,0.8838,0.9268,781.0,335.0,650.0,345.0,725.0,394.5,698.5,404.0,131.3811,28.1514,0.2143,1,1,284,1
284,3,0,0,1,1,1,0.9873,0.9897,0.9136,0.9282,603.0,290.0,470.5,292.0,544.5,300.0,509.0,297.5,132.5151,35.5879,0.2686,1,1,285,1
284,3,0,2,1,1,1,0.9897,0.9858,0.9253,0.9087,955.0,351.5,838.5,351.0,919.0,385.0,890.5,374.0,116.5011,30.5491,0.2622,1,1,285,1
284,3,0,1,1,1,1,0.9863,0.9927,0.8833,0.9268,781.0,335.0,650.0,345.0,725.0,394.0,698.5,404.0,131.3811,28.324,0.2156,1,1,285,1
285,3,0,0,1,1,1,0.9873,0.9897,0.9131,0.9287,603.0,290.0,470.5,292.0,544.5,300.0,509.0,297.5,132.5151,35.5879,0.2686,1,1,286,1
285,3,0,2,1,1,1,0.9893,0.9858,0.9238,0.9087,955.5,351.0,838.0,351.0,918.5,385.5,890.0,375.0,117.5,30.3727,0.2585,1,1,286,1
285,3,0,1,1,1,1,0.9868,0.9927,0.8857,0.9272,781.5,335.0,650.0,345.5,725.5,394.0,698.5,403.0,131.9185,28.4605,0.2157,1,1,286,1
286,3,0,0,1,1,1,0.9873,0.9897,0.9136,0.9287,603.0,290.0,470.5,292.0,544.5,300.0,509.0,297.0,132.5151,35.6265,0.2688,1,1,287,1
286,3,0,2,1,1,1,0.9897,0.9858,0.9238,0.9082,955.5,351.0,838.0,351.0,918.5,385.5,890.0,375.0,117.5,30.3727,0.2585,1,1,287,1
286,3,0,1,1,1,1,0.9868,0.9927,0.8853,0.9272,781.5,335.0,650.0,345.0,725.5,394.5,699.0,403.0,131.8797,27.8298,0.211,1,1,287,1
287,3,0,2,1,1,1,0.9897,0.9902,0.915,0.9165,957.5,346.0,839.0,351.0,911.0,384.5,888.0,374.5,118.6054,25.0799,0.2115,1,1,288,1
287,3,0,0,1,1,1,0.9873,0.9897,0.9126,0.9292,603.0,290.5,470.0,292.5,544.5,300.0,509.75,296.0,133.015,34.9795,0.263,1,1,288,1
287,3,0,1,1,1,1,0.9863,0.9927,0.8838,0.9282,781.0,335.5,649.5,345.5,725.0,394.0,698.0,403.5,131.8797,28.6225,0.217,1,1,288,1
288,3,0,2,1,1,1,0.9897,0.9902,0.9146,0.9165,957.5,345.5,839.0,351.0,911.0,384.5,888.0,374.5,118.6276,25.0799,0.2114,1,1,289,1
288,3,0,0,1,1,1,0.9873,0.9897,0.9121,0.9292,603.0,291.0,470.0,292.5,544.5,300.0,510.0,295.5,133.0085,34.7922,0.2616,1,1,289,1
288,3,0,1,1,1,1,0.9863,0.9927,0.8838,0.9277,781.0,335.5,650.0,345.5,725.0,394.0,698.0,403.5,131.3811,28.6225,0.2179,1,1,289,1
289,3,0,0,1,1,1,0.9873,0.9897,0.9136,0.9292,603.0,291.0,470.0,292.5,545.0,300.0,509.5,295.0,133.0085,35.8504,0.2695,1,1,290,1
289,3,0,2,1,1,1,0.9897,0.9863,0.9243,0.9102,954.5,351.0,837.5,351.0,920.5,386.5,888.5,377.5,117.0,33.2415,0.2841,1,1,290,1
289,3,0,1,1,1,1,0.9863,0.9927,0.8828,0.9282,781.0,335.0,649.5,345.0,725.0,393.5,698.5,403.5,131.8797,28.324,0.2148,1,1,290,1
290,3,0,0,1,1,1,0.9873,0.9897,0.9136,0.9292,603.0,291.0,470.0,293.0,545.0,300.0,509.5,295.5,133.015,35.7841,0.269,1,1,291,1
290,3,0,2,1,1,1,0.9893,0.9902,0.9141,0.915,957.5,345.5,839.0,350.5,911.0,384.5,887.0,376.0,118.6054,25.4608,0.2147,1,1,291,1
290,3,0,1,1,1,1,0.9863,0.9927,0.8828,0.9277,781.0,335.0,649.5,345.0,725.0,393.5,698.5,403.5,131.8797,28.324,0.2148,1,1,291,1
291,3,0,2,1,1,1,0.9893,0.9907,0.9111,0.917,957.0,346.0,838.0,350.5,912.0,386.0,888.0,375.0,119.0851,26.4008,0.2217,1,1,292,1
291,3,0,0,1,1,1,0.9873,0.9897,0.9131,0.9272,603.0,291.0,470.0,293.0,544.5,300.0,509.25,296.5,133.015,35.4233,0.2663,1,1,292,1
291,3,0,1,1,1,1,0.9878,0.9917,0.894,0.9302,780.0,337.0,649.5,346.5,733.0,395.5,697.0,396.0,130.8453,36.0035,0.2752,1,1,292,1
292,3,0,2,1,1,1,0.9893,0.9907,0.9116,0.9165,957.0,346.0,838.0,350.5,912.0,386.0,888.0,375.0,119.0851,26.4008,0.2217,1,1,293,1
292,3,0,0,1,1,1,0.9873,0.9897,0.9131,0.9272,603.0,291.0,470.0,293.0,544.5,300.0,509.25,296.5,133.015,35.4233,0.2663,1,1,293,1
292,3,0,1,1,1,1,0.9878,0.9917,0.8936,0.9302,780.0,337.0,649.5,346.5,733.5,396.0,697.0,396.0,130.8453,36.5,0.279,1,1,293,1
293,3,0,0,1,1,1,0.9878,0.9893,0.915,0.9263,603.0,291.0,470.0,292.5,544.5,300.5,509.0,297.0,133.0085,35.6721,0.2682,1,1,294,1
293,3,0,2,1,1,1,0.9897,0.9863,0.9233,0.9097,954.5,352.0,836.5,352.0,920.0,387.0,890.5,375.0,118.0,31.8473,0.2699,1,1,294,1
293,3,0,1,1,1,1,0.9878,0.9917,0.8945,0.9287,780.0,337.5,649.5,347.0,733.0,396.0,697.0,396.5,130.8453,36.0035,0.2752,1,1,294,1
294,3,0,0,1,1,1,0.9873,0.9893,0.9141,0.9268,603.0,291.0,470.0,292.5,544.5,300.5,509.0,296.5,133.0085,35.7246,0.2686,1,1,295,1
294,3,0,2,1,1,1,0.9893,0.9858,0.9233,0.9092,954.5,352.0,836.5,352.0,920.0,386.5,890.5,375.0,118.0,31.6623,0.2683,1,1,295,1
294,3,0,1,1,1,1,0.9883,0.9917,0.895,0.9282,780.0,337.5,649.5,347.0,733.0,396.0,697.0,396.5,130.8453,36.0035,0.2752,1,1,295,1
295,3,0,0,1,1,1,0.9873,0.9897,0.9126,0.9277,603.0,290.5,470.25,292.5,545.0,301.0,509.0,297.5,132.7651,36.1697,0.2724,1,1,296,1
295,3,0,2,1,1,1,0.9893,0.9863,0.9224,0.9116,954.5,352.0,837.0,351.0,920.5,386.0,890.5,375.5,117.5043,31.7844,0.2705,1,1,296,1
295,3,0,1,1,1,1,0.9883,0.9912,0.8955,0.9272,780.5,337.5,649.5,347.5,733.0,397.0,697.0,396.5,131.3811,36.0035,0.274,1,1,296,1
296,3,0,0,1,1,1,0.9873,0.9897,0.9126,0.9282,602.5,291.0,469.75,293.0,545.0,301.0,509.0,297.5,132.7651,36.1697,0.2724,1,1,297,1
296,3,0,2,1,1,1,0.9888,0.9902,0.9097,0.9165,957.5,346.0,838.5,350.5,912.0,386.0,888.5,374.0,119.0851,26.3865,0.2216,1,1,297,1
296,3,0,1,1,1,1,0.9888,0.9912,0.8994,0.9248,781.0,338.0,649.5,347.0,732.5,396.5,696.0,397.0,131.8076,36.5034,0.2769,1,1,297,1
297,3,0,0,1,1,1,0.9873,0.9897,0.9126,0.9287,602.5,291.0,469.5,293.0,545.0,301.0,509.0,297.0,133.015,36.2215,0.2723,1,1,298,1
297,3,0,2,1,1,1,0.9893,0.9868,0.9219,0.9121,955.0,351.5,837.5,351.0,921.0,388.0,890.5,376.0,117.5011,32.7758,0.2789,1,1,298,1
297,3,0,1,1,1,1,0.9883,0.9912,0.8989,0.9248,780.5,337.5,649.5,347.0,732.5,396.5,696.0,397.0,131.344,36.5034,0.2779,1,1,298,1
298,3,0,0,1,1,1,0.9873,0.9897,0.9121,0.9292,602.5,291.0,469.5,293.0,545.0,301.5,509.0,296.0,133.015,36.4177,0.2738,1,1,299,1
298,3,0,2,1,1,1,0.9893,0.9907,0.9126,0.9175,958.0,346.0,838.5,350.5,911.0,385.0,888.5,374.5,119.5847,24.8294,0.2076,1,1,299,1
298,3,0,1,1,1,1,0.9883,0.9912,0.8975,0.9263,780.5,338.0,649.5,347.0,731.0,395.0,696.5,397.0,131.3088,34.5579,0.2632,1,1,299,1
299,3,0,0,1,1,1,0.9873,0.9897,0.9121,0.9292,602.5,291.0,469.5,293.0,544.5,301.5,509.0,296.0,133.015,35.9235,0.2701,1,1,300,1
299,3,0,2,1,1,1,0.9897,0.9863,0.9243,0.9111,955.0,352.0,837.5,351.0,920.0,386.5,890.0,376.0,117.5043,31.7844,0.2705,1,1,300,1
299,3,0,1,1,1,1,0.9888,0.9912,0.8984,0.9258,780.0,338.0,649.5,347.0,731.0,395.0,696.5,397.0,130.81,34.5579,0.2642,1,1,300,1
