frame,raw_num_people,anomaly,track_id,conf_ok,boundary_ok,overlap_ok,conf_ls,conf_rs,conf_lw,conf_rw,ls_x,ls_y,rs_x,rs_y,lw_x,lw_y,rw_x,rw_y,shoulder_dist,wrist_dist,ratio,frontal,hands_now,consecutive_frames,confirmed
0,3,0,0,1,1,1,0.9878,0.9829,0.8921,0.8594,1047.0,348.5,866.0,341.5,1003.0,394.0,949.5,361.0,181.1353,62.859,0.347,1,1,1,0
0,3,0,1,1,1,1,0.9868,0.9863,0.8804,0.8862,773.5,338.0,593.0,341.0,712.0,411.0,670.0,415.0,180.5249,42.19,0.2337,1,1,1,0
0,3,0,2,1,1,1,0.9839,0.9893,0.9014,0.9189,533.0,256.0,350.0,255.0,459.0,272.0,406.75,266.5,183.0027,52.5387,0.2871,1,1,1,0
1,3,0,0,1,1,1,0.9878,0.9829,0.8916,0.8599,1047.0,348.5,866.0,341.5,1003.0,394.5,949.5,361.0,181.1353,63.1229,0.3485,1,1,2,0
1,3,0,1,1,1,1,0.9868,0.9863,0.8809,0.8853,773.0,338.0,593.0,341.0,712.0,411.0,670.0,415.0,180.025,42.19,0.2344,1,1,2,0
1,3,0,2,1,1,1,0.9834,0.9893,0.9014,0.9189,532.5,256.0,350.0,254.5,459.0,272.0,406.75,266.5,182.5062,52.5387,0.2879,1,1,2,0
2,3,0,0,1,1,1,0.9878,0.9829,0.8901,0.8618,1048.0,349.0,866.0,342.0,1002.5,394.0,949.5,361.5,182.1346,62.1711,0.3413,1,1,3,0
2,3,0,1,1,1,1,0.9873,0.9863,0.8828,0.8862,773.0,337.0,593.0,340.5,711.0,411.0,670.0,414.0,180.034,41.1096,0.2283,1,1,3,0
2,3,0,2,1,1,1,0.9839,0.9897,0.9009,0.9189,533.0,256.0,350.5,255.0,459.0,272.0,407.0,266.5,182.5027,52.2901,0.2865,1,1,3,0
3,3,0,0,1,1,1,0.9878,0.9829,0.8906,0.8618,1048.0,349.5,866.0,342.0,1002.5,394.0,949.0,362.0,182.1545,62.3398,0.3422,1,1,4,0
3,3,0,1,1,1,1,0.9824,0.9893,0.8643,0.9102,770.0,335.5,596.5,338.5,713.5,410.5,670.5,415.0,173.5259,43.2348,0.2492,1,1,4,0
3,3,0,2,1,1,1,0.9834,0.9893,0.9009,0.9189,533.0,256.0,350.25,255.0,459.0,272.0,407.0,267.0,182.7527,52.2398,0.2858,1,1,4,0
4,3,0,0,1,1,1,0.9883,0.9829,0.8931,0.8604,1049.0,349.0,866.5,341.5,999.5,394.0,949.0,363.0,182.654,59.2558,0.3244,1,1,5,0
4,3,0,2,1,1,1,0.9839,0.9893,0.9028,0.9194,533.5,256.0,350.75,254.5,459.5,270.5,407.75,266.0,182.7562,51.9453,0.2842,1,1,5,0
4,3,0,1,1,1,1,0.9873,0.9858,0.8809,0.8833,773.0,337.0,592.5,340.5,710.0,410.5,671.0,414.5,180.5339,39.2046,0.2172,1,1,5,0
5,3,0,0,1,1,1,0.9883,0.9829,0.894,0.8589,1049.0,349.5,866.0,341.5,999.5,393.5,949.0,362.5,183.1748,59.2558,0.3235,1,1,6,1
5,3,0,1,1,1,1,0.9873,0.9858,0.8818,0.8833,773.0,337.0,593.0,340.5,710.5,411.0,671.0,415.0,180.034,39.702,0.2205,1,1,6,1
5,3,0,2,1,1,1,0.9839,0.9893,0.9033,0.9194,533.5,256.0,350.75,254.5,459.0,270.5,407.75,266.0,182.7562,51.4472,0.2815,1,1,6,1
6,3,0,0,1,1,1,0.9883,0.9824,0.8965,0.8579,1049.0,348.5,866.5,341.0,999.0,392.5,948.5,365.5,182.654,57.2647,0.3135,1,1,7,1
6,3,0,2,1,1,1,0.9839,0.9893,0.9033,0.9185,534.0,256.5,351.25,255.0,459.25,271.0,407.5,267.0,182.7562,51.9044,0.284,1,1,7,1
6,3,0,1,1,1,1,0.9873,0.9854,0.8828,0.8809,772.0,337.0,592.0,340.5,709.0,411.5,671.0,414.5,180.034,38.1182,0.2117,1,1,7,1
7,3,0,0,1,1,1,0.9888,0.9819,0.8984,0.854,1050.0,348.5,867.0,341.5,1000.0,396.0,947.5,367.0,183.1338,59.9771,0.3275,1,1,8,1
7,3,0,1,1,1,1,0.9819,0.9888,0.8594,0.9087,768.5,335.5,594.5,339.0,711.0,412.0,669.5,413.0,174.0352,41.512,0.2385,1,1,8,1
7,3,0,2,1,1,1,0.9844,0.9893,0.9048,0.9175,533.0,257.5,350.75,255.5,459.0,272.0,407.25,267.5,182.261,51.9453,0.285,1,1,8,1
8,3,0,0,1,1,1,0.9888,0.9819,0.8989,0.854,1050.0,348.5,867.0,341.5,1000.5,396.5,947.5,367.0,183.1338,60.6568,0.3312,1,1,9,1
8,3,0,1,1,1,1,0.9868,0.9858,0.8784,0.8838,771.5,337.0,592.0,341.0,709.0,412.5,668.5,412.0,179.5446,40.5031,0.2256,1,1,9,1
8,3,0,2,1,1,1,0.9844,0.9893,0.9043,0.9175,533.0,257.0,351.0,255.5,459.25,272.0,407.25,267.5,182.0062,52.1943,0.2868,1,1,9,1
9,3,0,0,1,1,1,0.9883,0.9824,0.8931,0.8574,1050.0,348.0,867.0,341.0,1000.0,394.5,947.5,367.0,183.1338,59.2663,0.3236,1,1,10,1
9,3,0,2,1,1,1,0.9839,0.9893,0.9023,0.9194,534.0,257.0,351.0,256.0,459.75,272.0,407.25,267.0,183.0027,52.7376,0.2882,1,1,10,1
9,3,0,1,1,1,1,0.9824,0.9858,0.8765,0.8984,769.5,330.5,595.0,338.0,713.0,410.5,667.0,404.5,174.6611,46.3897,0.2656,1,1,10,1
10,3,0,0,1,1,1,0.9883,0.9824,0.8931,0.8579,1050.0,348.0,867.0,341.0,1000.0,395.0,947.5,367.0,183.1338,59.5,0.3249,1,1,11,1
10,3,0,2,1,1,1,0.9839,0.9893,0.9023,0.9189,534.0,257.0,351.0,255.5,459.5,271.5,407.25,267.0,183.0061,52.4434,0.2866,1,1,11,1
10,3,0,1,1,1,1,0.9824,0.9858,0.8765,0.8984,769.5,330.5,595.0,338.0,713.0,410.5,667.0,404.5,174.6611,46.3897,0.2656,1,1,11,1
11,3,0,0,1,1,1,0.9878,0.9824,0.8931,0.8589,1049.0,347.5,867.5,341.0,1000.0,395.5,947.0,366.5,181.6164,60.4152,0.3327,1,1,12,1
11,3,0,2,1,1,1,0.9839,0.9893,0.9019,0.9189,534.0,257.0,351.25,255.5,459.5,272.0,407.5,267.0,182.7562,52.2398,0.2858,1,1,12,1
11,3,0,1,1,1,1,0.9829,0.9854,0.8818,0.8965,768.5,330.0,594.5,337.5,712.0,409.0,667.5,404.5,174.1616,44.7269,0.2568,1,1,12,1
12,3,0,0,1,1,1,0.9883,0.9824,0.8936,0.8599,1049.0,347.5,867.5,341.0,1000.0,395.5,947.5,366.0,181.6164,60.2204,0.3316,1,1,13,1
12,3,0,2,1,1,1,0.9839,0.9893,0.9014,0.9189,534.0,257.0,351.25,255.5,459.5,272.0,407.5,267.0,182.7562,52.2398,0.2858,1,1,13,1
12,3,0,1,1,1,1,0.9829,0.9858,0.8813,0.8965,768.5,330.0,594.5,337.0,712.0,409.5,667.5,405.0,174.1407,44.7269,0.2568,1,1,13,1
13,4,1,0,1,1,1,0.9883,0.9824,0.8945,0.8604,1049.0,347.0,868.0,340.5,999.0,393.5,947.0,367.0,181.1167,58.3631,0.3222,1,1,14,1
13,4,1,2,1,1,1,0.9839,0.9893,0.9019,0.9194,534.0,256.5,351.25,254.5,459.5,272.0,407.75,267.0,182.7609,51.991,0.2845,1,1,14,1
13,4,1,1,1,1,1,0.9829,0.9849,0.8838,0.895,767.5,330.5,594.0,338.0,711.5,410.0,665.0,405.5,173.662,46.7172,0.269,1,1,14,1
13,4,1,3,0,0,1,0.0193,0.0774,0.0306,0.1216,1277.0,554.5,1272.0,557.5,1207.0,700.0,1210.0,685.0,5.831,15.2971,2.6234,0,0,0,0
14,4,1,0,1,1,1,0.9868,0.9868,0.8872,0.8794,1044.0,349.0,870.5,344.0,997.5,395.5,951.0,368.5,173.572,53.7703,0.3098,1,1,15,1
14,4,1,2,1,1,1,0.9839,0.9893,0.9033,0.9185,534.0,257.0,351.25,254.0,459.75,271.0,407.25,266.0,182.7746,52.7376,0.2885,1,1,15,1
14,4,1,1,1,1,1,0.9839,0.9839,0.8901,0.8901,767.0,331.0,594.5,337.5,711.0,408.5,663.5,406.0,172.6224,47.5657,0.2755,1,1,15,1
14,4,1,3,0,0,1,0.0193,0.0768,0.0319,0.1243,1276.0,556.0,1272.0,558.5,1205.0,699.0,1207.0,684.0,4.717,15.1327,3.2081,0,0,0,0
15,4,1,0,1,1,1,0.9878,0.9824,0.8955,0.8628,1049.0,347.0,868.0,340.0,1000.5,395.5,947.0,366.0,181.1353,61.0942,0.3373,1,1,16,1
15,4,1,2,1,1,1,0.9839,0.9893,0.9033,0.918,534.0,257.0,351.25,254.0,459.75,271.5,407.0,266.5,182.7746,52.9864,0.2899,1,1,16,1
15,4,1,1,1,1,1,0.9839,0.9839,0.8901,0.8896,767.0,331.0,594.5,337.5,711.0,409.0,663.5,406.5,172.6224,47.5657,0.2755,1,1,16,1
15,4,1,3,0,0,1,0.0194,0.0768,0.0321,0.1245,1276.0,556.0,1272.0,558.5,1205.0,699.0,1207.0,684.0,4.717,15.1327,3.2081,0,0,0,0
16,3,0,0,1,1,1,0.9883,0.9824,0.8989,0.8604,1049.0,347.0,868.5,340.0,1000.0,393.5,945.0,368.5,180.6357,60.4152,0.3345,1,1,17,1
16,3,0,2,1,1,1,0.9839,0.9893,0.9033,0.9185,534.0,257.0,351.75,254.0,460.0,272.0,407.5,265.5,182.2747,52.9009,0.2902,1,1,17,1
16,3,0,1,1,1,1,0.9839,0.9839,0.8906,0.8882,767.0,330.5,594.5,337.5,711.0,409.0,664.5,405.5,172.642,46.6315,0.2701,1,1,17,1
17,3,0,0,1,1,1,0.9883,0.9824,0.8989,0.8613,1049.0,347.5,868.5,340.0,1000.0,393.5,945.0,368.5,180.6557,60.4152,0.3344,1,1,18,1
17,3,0,2,1,1,1,0.9839,0.9893,0.9033,0.9185,534.0,257.0,351.75,254.0,460.0,272.0,407.5,266.0,182.2747,52.8417,0.2899,1,1,18,1
17,3,0,1,1,1,1,0.9839,0.9839,0.8906,0.8882,767.0,330.5,594.5,337.5,711.0,408.5,664.0,406.0,172.642,47.0664,0.2726,1,1,18,1
18,3,0,0,1,1,1,0.9883,0.9824,0.897,0.8584,1050.0,347.5,868.0,340.0,998.5,392.0,945.5,367.0,182.1545,58.6003,0.3217,1,1,19,1
18,3,0,2,1,1,1,0.9834,0.9897,0.9004,0.9204,534.0,256.5,351.25,254.0,460.5,273.0,407.0,267.5,182.7671,53.782,0.2943,1,1,19,1
18,3,0,1,1,1,1,0.9829,0.9849,0.8813,0.8936,767.5,330.5,594.0,338.0,709.5,409.5,664.5,405.0,173.662,45.2244,0.2604,1,1,19,1
19,3,0,0,1,1,1,0.9883,0.9824,0.8965,0.8579,1050.0,347.5,868.0,340.0,998.5,391.5,945.5,367.0,182.1545,58.3888,0.3205,1,1,20,1
19,3,0,2,1,1,1,0.9834,0.9897,0.9004,0.9204,534.0,256.5,351.5,254.0,460.5,273.0,407.0,267.5,182.5171,53.782,0.2947,1,1,20,1
19,3,0,1,1,1,1,0.9829,0.9849,0.8818,0.8936,767.5,330.5,594.0,338.0,709.5,409.5,664.5,405.0,173.662,45.2244,0.2604,1,1,20,1
20,3,0,0,1,1,1,0.9888,0.9819,0.9014,0.856,1048.0,347.5,868.5,339.0,997.0,388.0,946.0,365.5,179.7011,55.7427,0.3102,1,1,21,1
20,3,0,2,1,1,1,0.9834,0.9893,0.9004,0.9199,534.5,256.0,351.5,253.0,460.0,272.0,407.5,266.0,183.0246,52.8417,0.2887,1,1,21,1
20,3,0,1,1,1,1,0.9834,0.9844,0.8857,0.8892,768.0,331.0,594.5,338.0,711.0,412.0,664.0,406.5,173.6412,47.3207,0.2725,1,1,21,1
21,3,0,0,1,1,1,0.9888,0.9819,0.9014,0.856,1048.0,347.5,868.5,339.0,997.5,388.5,946.0,365.5,179.7011,56.4026,0.3139,1,1,22,1
21,3,0,2,1,1,1,0.9834,0.9893,0.9004,0.9199,534.5,256.0,351.5,253.0,460.0,271.5,407.25,266.0,183.0246,53.036,0.2898,1,1,22,1
21,3,0,1,1,1,1,0.9839,0.9844,0.8862,0.8892,768.0,331.0,594.5,338.0,711.0,412.0,664.0,406.5,173.6412,47.3207,0.2725,1,1,22,1
22,4,1,0,1,1,1,0.9893,0.9814,0.9033,0.8535,1049.0,347.0,869.0,339.0,994.0,384.5,945.0,368.0,180.1777,51.7035,0.287,1,1,23,1
22,4,1,2,1,1,1,0.9839,0.9893,0.9028,0.9194,534.5,255.0,352.25,253.0,460.0,272.5,408.0,266.0,182.261,52.4047,0.2875,1,1,23,1
22,4,1,1,1,1,1,0.9873,0.9844,0.8862,0.8774,771.0,337.0,591.5,341.5,704.0,413.5,665.5,410.0,179.5564,38.6588,0.2153,1,1,23,1
22,4,1,4,0,0,1,0.0177,0.0723,0.0325,0.1251,1276.0,558.5,1272.0,560.5,1203.0,700.5,1208.0,686.0,4.4721,15.3379,3.4297,0,0,0,0
23,4,1,0,1,1,1,0.9893,0.9814,0.9033,0.8535,1049.0,347.0,869.0,338.5,994.0,384.5,945.0,368.0,180.2006,51.7035,0.2869,1,1,24,1
23,4,1,2,1,1,1,0.9834,0.9893,0.9023,0.9199,534.5,255.0,352.0,253.0,460.25,272.0,408.0,266.0,182.511,52.5934,0.2882,1,1,24,1
23,4,1,1,1,1,1,0.9834,0.9849,0.8843,0.8916,769.0,331.0,594.5,338.0,709.5,411.0,664.0,407.5,174.6403,45.6344,0.2613,1,1,24,1
23,4,1,4,0,0,1,0.0178,0.072,0.0326,0.1251,1276.0,559.5,1272.0,561.0,1202.0,700.5,1207.0,686.0,4.272,15.3379,3.5903,0,0,0,0
24,3,0,0,1,1,1,0.9893,0.9814,0.9014,0.853,1048.0,347.0,868.5,338.5,996.0,385.0,946.5,364.0,179.7011,53.7703,0.2992,1,1,25,1
24,3,0,2,1,1,1,0.9839,0.9893,0.9048,0.9175,535.0,255.5,352.5,253.0,460.0,271.0,408.5,266.0,182.5171,51.7421,0.2835,1,1,25,1
24,3,0,1,1,1,1,0.9766,0.9897,0.8296,0.9038,771.0,327.5,593.5,339.0,702.5,407.5,666.0,411.5,177.8721,36.7185,0.2064,1,1,25,1
25,3,0,0,1,1,1,0.9888,0.9814,0.9009,0.8535,1048.0,348.0,868.0,339.0,994.5,381.0,947.0,361.5,180.2249,51.3469,0.2849,1,1,26,1
25,3,0,2,1,1,1,0.9839,0.9893,0.9038,0.9189,534.0,255.0,352.25,253.0,459.5,270.0,408.0,265.5,181.761,51.6962,0.2844,1,1,26,1
25,3,0,1,1,1,1,0.9878,0.9844,0.8877,0.875,772.0,337.0,592.0,341.5,703.5,414.5,667.5,412.0,180.0562,36.0867,0.2004,1,1,26,1
26,3,0,0,1,1,1,0.9888,0.9814,0.9004,0.854,1048.0,348.0,867.5,339.0,994.5,381.0,947.0,361.0,180.7242,51.5388,0.2852,1,1,27,1
26,3,0,2,1,1,1,0.9839,0.9893,0.9038,0.9189,534.0,255.0,352.25,253.0,459.5,270.0,407.75,265.5,181.761,51.9453,0.2858,1,1,27,1
26,3,0,1,1,1,1,0.9878,0.9844,0.8882,0.875,772.0,337.5,592.0,341.5,703.5,414.5,667.5,412.0,180.0444,36.0867,0.2004,1,1,27,1
27,3,0,0,1,1,1,0.9883,0.9819,0.8975,0.8574,1047.0,347.5,867.0,340.0,995.0,382.0,948.5,360.5,180.1562,51.2299,0.2844,1,1,28,1
27,3,0,2,1,1,1,0.9834,0.9893,0.9014,0.9204,535.0,255.0,351.75,253.0,459.75,270.5,408.0,266.0,183.2609,51.9453,0.2834,1,1,28,1
27,3,0,1,1,1,1,0.9878,0.9839,0.8906,0.8721,772.0,337.5,591.5,342.5,704.5,413.5,668.0,413.0,180.5692,36.5034,0.2022,1,1,28,1
28,3,0,0,1,1,1,0.9883,0.9819,0.8979,0.8574,1047.0,347.5,867.0,340.0,994.5,382.0,948.5,360.5,180.1562,50.7765,0.2818,1,1,29,1
28,3,0,2,1,1,1,0.9834,0.9897,0.9014,0.9204,535.0,255.0,351.75,253.0,460.0,270.5,408.0,266.0,183.2609,52.1943,0.2848,1,1,29,1
28,3,0,1,1,1,1,0.9878,0.9839,0.8901,0.8721,772.0,337.5,591.5,342.5,705.0,413.5,668.0,413.0,180.5692,37.0034,0.2049,1,1,29,1
29,3,0,0,1,1,1,0.9888,0.981,0.9019,0.8525,1047.0,347.5,867.5,340.0,997.5,386.0,948.0,361.5,179.6566,55.2313,0.3074,1,1,30,1
29,3,0,2,1,1,1,0.9834,0.9893,0.9019,0.9194,535.0,254.5,351.75,253.0,460.0,270.0,408.5,265.5,183.2561,51.6962,0.2821,1,1,30,1
29,3,0,1,1,1,1,0.9878,0.9844,0.8887,0.8745,773.0,337.5,591.5,342.0,704.5,412.0,668.0,413.0,181.5558,36.5137,0.2011,1,1,30,1
30,3,0,0,1,1,1,0.9888,0.981,0.9019,0.8521,1047.0,347.5,867.5,340.0,997.0,385.5,948.0,362.0,179.6566,54.3438,0.3025,1,1,31,1
30,3,0,2,1,1,1,0.9834,0.9893,0.9014,0.9199,535.0,254.5,351.75,253.0,460.0,270.0,408.5,265.5,183.2561,51.6962,0.2821,1,1,31,1
30,3,0,1,1,1,1,0.9878,0.9844,0.8887,0.8745,773.0,337.5,591.5,342.0,704.5,412.0,668.0,413.0,181.5558,36.5137,0.2011,1,1,31,1
31,3,0,0,1,1,1,0.9883,0.9814,0.8984,0.8569,1046.0,347.0,867.0,340.5,999.5,389.5,948.5,360.5,179.118,58.6686,0.3275,1,1,32,1
31,3,0,2,1,1,1,0.9834,0.9897,0.9014,0.9199,534.0,254.5,351.5,253.0,460.0,269.5,408.0,265.5,182.5062,52.1536,0.2858,1,1,32,1
31,3,0,1,1,1,1,0.9878,0.9844,0.8901,0.8726,773.5,337.5,592.5,342.0,707.0,413.0,668.0,414.0,181.0559,39.0128,0.2155,1,1,32,1
32,3,0,0,1,1,1,0.9883,0.9814,0.8979,0.8574,1046.0,347.0,866.5,340.5,999.5,389.0,948.5,360.5,179.6176,58.423,0.3253,1,1,33,1
32,3,0,2,1,1,1,0.9839,0.9897,0.9014,0.9199,534.0,254.5,351.5,253.0,460.0,269.5,408.0,266.0,182.5062,52.1177,0.2856,1,1,33,1
32,3,0,1,1,1,1,0.9878,0.9844,0.8901,0.8726,773.5,337.5,593.0,342.0,707.0,413.0,668.0,414.0,180.5561,39.0128,0.2161,1,1,33,1
33,4,1,0,1,1,1,0.9893,0.9814,0.9028,0.855,1046.0,346.5,866.5,340.0,1001.0,393.0,947.5,361.5,179.6176,62.0846,0.3456,1,1,34,1
33,4,1,2,1,1,1,0.9839,0.9893,0.9033,0.9194,534.0,255.0,351.5,254.0,460.25,270.0,408.0,265.5,182.5027,52.4434,0.2874,1,1,34,1
33,4,1,1,1,1,1,0.9883,0.9839,0.8911,0.8706,774.0,337.5,593.0,342.0,706.0,413.5,669.5,415.0,181.0559,36.5308,0.2018,1,1,34,1
33,4,1,5,0,0,1,0.0187,0.0715,0.0321,0.1195,1276.0,564.0,1272.0,566.5,1207.0,698.5,1211.0,684.0,4.717,15.0416,3.1888,0,0,0,0
34,4,1,0,1,1,1,0.9893,0.9814,0.9028,0.8545,1046.0,346.5,866.5,340.0,1001.0,393.0,947.5,361.5,179.6176,62.0846,0.3456,1,1,35,1
34,4,1,2,1,1,1,0.9839,0.9893,0.9033,0.9194,534.0,255.0,351.5,254.0,460.25,270.0,408.0,265.5,182.5027,52.4434,0.2874,1,1,35,1
34,4,1,1,1,1,1,0.9883,0.9839,0.8911,0.8706,774.0,337.5,593.0,342.0,706.0,413.5,669.5,414.5,181.0559,36.5137,0.2017,1,1,35,1
34,4,1,5,0,0,1,0.0187,0.0717,0.0319,0.1195,1276.0,564.0,1272.0,566.5,1207.0,699.0,1211.0,684.0,4.717,15.5242,3.2911,0,0,0,0
35,3,0,0,1,1,1,0.9888,0.9814,0.9014,0.8579,1045.0,346.5,866.0,340.5,999.5,391.0,947.5,362.5,179.1005,59.298,0.3311,1,1,36,1
35,3,0,1,1,1,1,0.9883,0.9849,0.8887,0.8726,774.5,337.5,592.5,342.0,706.0,413.0,670.5,415.0,182.0556,35.5563,0.1953,1,1,36,1
35,3,0,2,1,1,1,0.9839,0.9893,0.9028,0.9185,533.0,254.5,351.25,254.0,459.5,269.5,407.75,266.0,181.7507,51.8682,0.2854,1,1,36,1
36,3,0,0,1,1,1,0.9883,0.9819,0.897,0.8604,1045.0,347.0,865.5,341.0,995.5,385.5,948.0,361.5,179.6003,53.2189,0.2963,1,1,37,1
36,3,0,2,1,1,1,0.9839,0.9893,0.9028,0.9175,533.0,254.5,351.0,254.0,459.25,269.0,408.25,265.0,182.0007,51.1566,0.2811,1,1,37,1
36,3,0,1,1,1,1,0.9883,0.9844,0.8892,0.8726,774.5,337.5,593.0,341.5,705.5,412.5,672.0,417.5,181.5441,33.8711,0.1866,1,1,37,1
37,3,0,0,1,1,1,0.9883,0.9819,0.897,0.8608,1045.0,347.0,865.5,341.0,996.0,385.5,948.0,361.5,179.6003,53.6656,0.2988,1,1,38,1
37,3,0,2,1,1,1,0.9839,0.9893,0.9028,0.9175,533.0,254.5,351.0,254.0,459.25,269.0,408.25,265.0,182.0007,51.1566,0.2811,1,1,38,1
37,3,0,1,1,1,1,0.9878,0.9844,0.8892,0.8726,775.0,337.5,593.0,341.5,705.5,412.5,672.0,417.0,182.044,33.8009,0.1857,1,1,38,1
38,4,1,0,1,1,1,0.9883,0.9819,0.8955,0.8618,1044.0,347.0,865.0,341.0,995.5,384.5,949.0,360.5,179.1005,52.3283,0.2922,1,1,39,1
38,4,1,2,1,1,1,0.9844,0.9893,0.9028,0.9175,533.0,254.0,350.5,253.5,459.0,269.0,408.0,265.0,182.5007,51.1566,0.2803,1,1,39,1
38,4,1,1,1,1,1,0.9878,0.9844,0.8892,0.8706,775.5,337.5,593.0,341.5,706.0,412.0,673.5,416.5,182.5438,32.8101,0.1797,1,1,39,1
38,4,1,6,0,0,1,0.019,0.0689,0.0338,0.1205,1275.0,568.5,1273.0,571.5,1201.0,701.0,1206.0,687.5,3.6056,14.3962,3.9928,0,0,0,0
39,4,1,0,1,1,1,0.9883,0.9819,0.896,0.8623,1044.0,347.0,865.0,341.0,995.5,384.5,949.0,360.5,179.1005,52.3283,0.2922,1,1,40,1
39,4,1,2,1,1,1,0.9844,0.9893,0.9028,0.9175,533.0,254.0,350.5,253.5,459.0,269.0,408.0,265.0,182.5007,51.1566,0.2803,1,1,40,1
39,4,1,1,1,1,1,0.9883,0.9844,0.8896,0.8706,775.5,337.5,593.0,341.5,706.0,412.0,673.5,416.5,182.5438,32.8101,0.1797,1,1,40,1
39,4,1,6,0,0,1,0.0184,0.0692,0.033,0.1201,1275.0,568.0,1273.0,571.5,1202.0,701.0,1207.0,687.0,4.0311,14.8661,3.6878,0,0,0,0
40,4,1,0,1,1,1,0.9883,0.9819,0.8994,0.8613,1043.0,346.5,865.0,341.0,994.5,383.0,949.0,360.5,178.085,50.7592,0.285,1,1,41,1
40,4,1,1,1,1,1,0.9883,0.9844,0.8901,0.8721,775.5,337.5,593.0,342.0,707.0,412.0,673.5,416.0,182.5555,33.738,0.1848,1,1,41,1
40,4,1,2,1,1,1,0.9839,0.9897,0.8994,0.9204,533.0,253.0,350.25,254.0,458.5,269.5,408.75,265.0,182.7527,49.9531,0.2733,1,1,41,1
40,4,1,6,0,0,1,0.0194,0.0746,0.0337,0.1259,1275.0,571.0,1272.0,574.0,1203.0,699.0,1208.0,684.5,4.2426,15.3379,3.6152,0,0,0,0
41,4,1,0,1,1,1,0.9883,0.9819,0.8989,0.8618,1043.0,346.5,865.0,341.0,994.5,383.0,948.5,360.5,178.085,51.2079,0.2875,1,1,42,1
41,4,1,1,1,1,1,0.9883,0.9844,0.8901,0.8721,775.5,337.5,593.0,342.0,706.5,412.0,673.5,416.0,182.5555,33.2415,0.1821,1,1,42,1
41,4,1,2,1,1,1,0.9839,0.9897,0.8999,0.9199,533.0,253.0,350.25,254.0,458.5,269.5,408.75,265.0,182.7527,49.9531,0.2733,1,1,42,1
41,4,1,6,0,0,1,0.0197,0.0757,0.0342,0.1271,1274.0,569.5,1272.0,573.0,1203.0,699.5,1208.0,685.0,4.0311,15.3379,3.8049,0,0,0,0
42,3,0,0,1,1,1,0.9883,0.9814,0.8994,0.8618,1043.0,346.0,864.5,341.0,995.5,384.5,949.5,359.0,178.57,52.5952,0.2945,1,1,43,1
42,3,0,1,1,1,1,0.9883,0.9839,0.8931,0.8691,776.0,338.0,593.0,342.0,707.5,412.0,672.5,414.5,183.0437,35.0892,0.1917,1,1,43,1
42,3,0,2,1,1,1,0.9844,0.9897,0.8999,0.9189,532.0,254.0,349.75,254.5,458.25,269.5,408.5,265.0,182.2507,49.9531,0.2741,1,1,43,1
43,3,0,1,1,1,1,0.9883,0.9839,0.8926,0.8706,776.0,337.5,593.0,342.0,707.5,412.0,671.5,413.0,183.0553,36.0139,0.1967,1,1,44,1
43,3,0,0,1,1,1,0.9883,0.9814,0.8984,0.8589,1042.0,346.0,865.0,341.5,996.0,385.5,949.0,360.5,177.0572,53.2353,0.3007,1,1,44,1
43,3,0,2,1,1,1,0.9844,0.9897,0.9004,0.9185,532.5,254.5,350.25,255.0,458.0,269.0,408.25,266.0,182.2507,49.8404,0.2735,1,1,44,1
44,3,0,1,1,1,1,0.9883,0.9839,0.8931,0.8701,776.0,337.5,593.5,342.0,707.5,412.0,671.5,413.0,182.5555,36.0139,0.1973,1,1,45,1
44,3,0,0,1,1,1,0.9883,0.9814,0.8979,0.8589,1042.0,346.0,865.0,341.5,996.0,385.5,949.0,360.5,177.0572,53.2353,0.3007,1,1,45,1
44,3,0,2,1,1,1,0.9844,0.9897,0.9004,0.9185,532.5,254.5,350.5,255.0,457.75,269.0,408.25,265.5,182.0007,49.6236,0.2727,1,1,45,1
45,3,0,0,1,1,1,0.9883,0.9814,0.8989,0.856,1042.0,346.0,863.5,341.0,995.5,385.5,948.5,362.5,178.57,52.3259,0.293,1,1,46,1
45,3,0,1,1,1,1,0.9883,0.9839,0.8936,0.8706,776.0,337.5,593.0,342.0,706.5,410.5,671.0,414.0,183.0553,35.6721,0.1949,1,1,46,1
45,3,0,2,1,1,1,0.9844,0.9897,0.8994,0.918,533.0,254.5,350.5,255.0,458.0,270.0,408.75,265.0,182.5007,49.5032,0.2712,1,1,46,1
46,3,0,0,1,1,1,0.9883,0.9814,0.8989,0.8564,1042.0,346.5,863.5,341.5,995.5,386.0,948.5,362.5,178.57,52.5476,0.2943,1,1,47,1
46,3,0,1,1,1,1,0.9883,0.9839,0.8936,0.8701,776.0,337.5,593.0,342.0,706.5,410.5,671.0,414.0,183.0553,35.6721,0.1949,1,1,47,1
46,3,0,2,1,1,1,0.9844,0.9897,0.8999,0.9185,532.5,254.5,350.5,255.0,458.0,269.5,408.75,265.0,182.0007,49.4552,0.2717,1,1,47,1
47,3,0,0,1,1,1,0.9883,0.981,0.9009,0.8574,1042.0,347.0,863.5,341.0,995.0,384.0,948.5,363.5,178.6008,50.8183,0.2845,1,1,48,1
47,3,0,1,1,1,1,0.9883,0.9839,0.8926,0.8691,776.0,337.0,592.5,342.0,706.5,411.0,671.5,414.5,183.5681,35.1746,0.1916,1,1,48,1
47,3,0,2,1,1,1,0.9849,0.9897,0.9033,0.917,533.0,255.0,350.25,255.0,458.5,270.0,408.5,266.0,182.75,50.1597,0.2745,1,1,48,1
48,3,0,0,1,1,1,0.9883,0.981,0.9009,0.8574,1042.0,347.0,863.5,341.0,995.0,384.5,948.5,363.5,178.6008,51.0221,0.2857,1,1,49,1
48,3,0,1,1,1,1,0.9883,0.9839,0.8921,0.8696,776.0,337.5,592.5,342.0,706.5,411.0,671.5,414.5,183.5552,35.1746,0.1916,1,1,49,1
48,3,0,2,1,1,1,0.9849,0.9897,0.9038,0.9175,532.5,254.5,350.5,255.0,458.5,270.0,408.5,266.0,182.0007,50.1597,0.2756,1,1,49,1
49,3,0,0,1,1,1,0.9883,0.9814,0.8999,0.8594,1042.0,347.0,864.0,341.0,995.5,385.5,949.5,361.5,178.1011,51.8845,0.2913,1,1,50,1
49,3,0,1,1,1,1,0.9883,0.9844,0.8921,0.8701,776.0,337.0,593.0,342.0,707.0,411.0,671.0,414.0,183.0683,36.1248,0.1973,1,1,50,1
49,3,0,2,1,1,1,0.9844,0.9897,0.9038,0.918,533.0,254.5,350.5,255.0,458.5,270.5,408.75,267.0,182.5007,49.873,0.2733,1,1,50,1
50,3,0,0,1,1,1,0.9883,0.9814,0.9009,0.8584,1042.0,348.0,864.0,341.5,996.5,387.0,948.5,362.0,178.1186,54.1202,0.3038,1,1,51,1
50,3,0,1,1,1,1,0.9883,0.9844,0.8921,0.8696,775.5,337.0,593.0,342.0,706.5,410.0,671.0,413.5,182.5685,35.6721,0.1954,1,1,51,1
50,3,0,2,1,1,1,0.9844,0.9897,0.9023,0.9189,532.5,254.0,350.75,254.5,458.5,270.5,408.75,267.0,181.7507,49.873,0.2744,1,1,51,1
51,3,0,1,1,1,1,0.9883,0.9844,0.8921,0.8691,775.5,337.0,593.0,342.0,706.5,410.0,671.0,413.5,182.5685,35.6721,0.1954,1,1,52,1
51,3,0,0,1,1,1,0.9883,0.9814,0.9004,0.8579,1042.0,347.5,864.0,341.0,996.0,386.5,948.5,362.0,178.1186,53.4462,0.3001,1,1,52,1
51,3,0,2,1,1,1,0.9844,0.9897,0.9023,0.9189,532.5,254.0,350.75,254.5,458.0,270.5,408.75,267.0,181.7507,49.3742,0.2717,1,1,52,1
52,3,0,0,1,1,1,0.9883,0.9814,0.8989,0.8579,1042.0,348.0,864.0,341.0,998.0,389.5,948.5,364.0,178.1376,55.6821,0.3126,1,1,53,1
52,3,0,1,1,1,1,0.9883,0.9839,0.8926,0.8696,775.5,337.5,593.0,342.0,706.0,409.5,671.0,413.0,182.5555,35.1746,0.1927,1,1,53,1
52,3,0,2,1,1,1,0.9844,0.9902,0.9004,0.9209,532.0,254.5,350.75,255.0,458.5,269.5,408.0,266.5,181.2507,50.589,0.2791,1,1,53,1
53,3,0,0,1,1,1,0.9883,0.9814,0.8989,0.8579,1042.0,348.0,864.0,341.0,998.0,389.5,948.5,364.0,178.1376,55.6821,0.3126,1,1,54,1
53,3,0,1,1,1,1,0.9883,0.9839,0.8926,0.8696,775.5,337.5,593.0,342.0,706.0,409.5,671.0,413.5,182.5555,35.2278,0.193,1,1,54,1
53,3,0,2,1,1,1,0.9844,0.9902,0.9004,0.9214,532.0,254.5,350.75,255.0,458.5,269.5,408.0,266.5,181.2507,50.589,0.2791,1,1,54,1
54,3,0,0,1,1,1,0.9883,0.9814,0.8994,0.8599,1043.0,348.0,865.0,341.5,999.0,391.5,948.0,365.0,178.1186,57.4739,0.3227,1,1,55,1
54,3,0,1,1,1,1,0.9883,0.9844,0.8926,0.8716,775.0,337.0,593.0,342.0,706.0,409.5,670.0,413.0,182.0687,36.1697,0.1987,1,1,55,1
54,3,0,2,1,1,1,0.9844,0.9897,0.9009,0.9204,532.0,254.0,350.5,254.5,458.0,269.5,407.5,266.5,181.5007,50.589,0.2787,1,1,55,1
55,3,0,0,1,1,1,0.9883,0.9814,0.8989,0.8599,1043.0,348.0,865.0,341.5,999.0,391.5,948.5,365.0,178.1186,57.0307,0.3202,1,1,56,1
55,3,0,1,1,1,1,0.9883,0.9844,0.8926,0.8711,775.0,337.0,593.0,342.0,706.0,409.5,670.0,413.5,182.0687,36.2215,0.1989,1,1,56,1
55,3,0,2,1,1,1,0.9844,0.9897,0.9009,0.9204,532.0,254.0,350.5,254.5,458.0,269.5,407.5,266.5,181.5007,50.589,0.2787,1,1,56,1
56,3,0,0,1,1,1,0.9878,0.9819,0.8965,0.8618,1043.0,348.5,864.5,341.5,998.0,388.0,949.5,362.5,178.6372,54.7951,0.3067,1,1,57,1
56,3,0,1,1,1,1,0.9883,0.9844,0.8926,0.8711,775.0,337.0,593.0,341.5,706.5,409.5,671.0,414.5,182.0556,35.8504,0.1969,1,1,57,1
56,3,0,2,1,1,1,0.9844,0.9897,0.9014,0.9194,533.0,254.0,350.75,254.5,458.5,269.5,408.25,266.5,182.2507,50.3395,0.2762,1,1,57,1
57,3,0,0,1,1,1,0.9878,0.9819,0.8965,0.8618,1043.0,348.5,864.5,341.5,998.5,388.5,949.5,363.0,178.6372,55.2381,0.3092,1,1,58,1
57,3,0,1,1,1,1,0.9883,0.9844,0.8926,0.8711,775.0,337.0,593.0,341.5,706.5,409.0,671.0,414.5,182.0556,35.9235,0.1973,1,1,58,1
57,3,0,2,1,1,1,0.9844,0.9897,0.9014,0.9194,533.0,254.0,350.5,254.5,458.25,269.5,408.0,266.5,182.5007,50.3395,0.2758,1,1,58,1
58,3,0,0,1,1,1,0.9883,0.9819,0.8965,0.8604,1044.0,348.0,864.5,341.5,1000.0,391.0,949.0,364.0,179.6176,57.7062,0.3213,1,1,59,1
58,3,0,1,1,1,1,0.9888,0.9844,0.8931,0.8716,775.0,336.5,593.5,341.5,707.0,409.0,670.5,413.5,181.5689,36.7764,0.2025,1,1,59,1
58,3,0,2,1,1,1,0.9844,0.9897,0.9019,0.9199,533.0,254.5,350.75,254.5,458.0,268.0,408.0,267.0,182.25,50.01,0.2744,1,1,59,1
59,3,0,0,1,1,1,0.9883,0.9819,0.897,0.8604,1044.0,348.0,864.5,341.5,999.5,390.5,949.0,364.0,179.6176,57.0307,0.3175,1,1,60,1
59,3,0,1,1,1,1,0.9888,0.9844,0.894,0.8716,775.0,336.5,593.5,341.0,707.0,409.0,670.5,413.5,181.5558,36.7764,0.2026,1,1,60,1
59,3,0,2,1,1,1,0.9839,0.9897,0.9009,0.9204,533.0,254.5,350.75,254.5,458.0,268.0,408.0,267.0,182.25,50.01,0.2744,1,1,60,1
60,3,0,0,1,1,1,0.9883,0.9819,0.896,0.8584,1044.0,348.0,865.5,341.5,1000.0,389.5,950.5,361.5,178.6183,56.8705,0.3184,1,1,61,1
60,3,0,1,1,1,1,0.9883,0.9844,0.8916,0.873,775.0,336.5,593.5,341.5,707.0,409.5,670.0,413.5,181.5689,37.2156,0.205,1,1,61,1
60,3,0,2,1,1,1,0.9844,0.9902,0.9004,0.9204,533.0,254.5,350.25,255.0,458.25,268.5,408.5,266.5,182.7507,49.7902,0.2724,1,1,61,1
61,3,0,0,1,1,1,0.9883,0.9819,0.8965,0.8599,1044.0,347.5,866.0,341.5,1000.0,389.5,950.0,362.0,178.1011,57.0636,0.3204,1,1,62,1
61,3,0,1,1,1,1,0.9883,0.9844,0.8911,0.874,775.0,337.0,593.0,341.5,707.5,409.0,670.5,414.0,182.0556,37.3363,0.2051,1,1,62,1
61,3,0,2,1,1,1,0.9839,0.9897,0.9014,0.9214,533.0,254.0,350.5,255.0,458.75,270.0,408.0,267.0,182.5027,50.8386,0.2786,1,1,62,1
62,3,0,0,1,1,1,0.9883,0.9819,0.897,0.8594,1044.0,347.5,866.0,341.5,1000.0,389.5,950.0,362.0,178.1011,57.0636,0.3204,1,1,63,1
62,3,0,1,1,1,1,0.9883,0.9844,0.8916,0.8735,775.0,337.0,593.0,341.5,707.5,409.0,671.0,414.0,182.0556,36.8409,0.2024,1,1,63,1
62,3,0,2,1,1,1,0.9839,0.9897,0.9019,0.9214,533.0,254.0,350.5,254.5,458.75,270.0,408.5,267.0,182.5007,50.3395,0.2758,1,1,63,1
63,3,0,0,1,1,1,0.9883,0.9814,0.9004,0.8599,1044.0,347.5,866.5,341.0,1002.0,392.5,950.0,361.5,177.619,60.5392,0.3408,1,1,64,1
63,3,0,1,1,1,1,0.9883,0.9844,0.8916,0.8716,775.5,337.0,593.0,342.0,708.0,410.0,671.5,414.5,182.5685,36.7764,0.2014,1,1,64,1
63,3,0,2,1,1,1,0.9844,0.9897,0.9004,0.9199,532.5,255.0,351.0,255.0,458.5,269.5,408.0,267.5,181.5,50.5396,0.2785,1,1,64,1
64,3,0,0,1,1,1,0.9883,0.9814,0.9004,0.8594,1044.0,347.5,866.5,341.5,1002.0,392.5,950.0,362.0,177.6014,60.2847,0.3394,1,1,65,1
64,3,0,1,1,1,1,0.9883,0.9844,0.8916,0.8716,775.5,337.0,593.0,341.5,708.0,410.0,671.5,414.5,182.5555,36.7764,0.2015,1,1,65,1
64,3,0,2,1,1,1,0.9839,0.9897,0.9004,0.9199,533.0,254.5,351.0,255.0,458.25,269.5,408.0,267.5,182.0007,50.2898,0.2763,1,1,65,1
65,3,0,0,1,1,1,0.9888,0.981,0.9019,0.8545,1044.0,347.5,866.5,340.5,1001.5,391.0,950.5,361.0,177.638,59.1692,0.3331,1,1,66,1
65,3,0,1,1,1,1,0.9883,0.9844,0.8916,0.8706,775.5,336.5,593.0,341.5,707.0,409.5,672.0,414.5,182.5685,35.3553,0.1937,1,1,66,1
65,3,0,2,1,1,1,0.9839,0.9897,0.8999,0.9199,532.0,254.5,350.75,255.0,458.0,268.5,408.25,267.0,181.2507,49.7726,0.2746,1,1,66,1
66,3,0,0,1,1,1,0.9888,0.981,0.9023,0.854,1044.0,347.5,866.5,340.5,1001.5,391.0,950.5,361.0,177.638,59.1692,0.3331,1,1,67,1
66,3,0,1,1,1,1,0.9883,0.9844,0.8916,0.8701,775.5,336.5,593.0,341.5,707.0,409.5,672.0,414.5,182.5685,35.3553,0.1937,1,1,67,1
66,3,0,2,1,1,1,0.9839,0.9897,0.8994,0.9199,532.5,254.5,350.75,255.0,458.0,269.0,408.0,267.5,181.7507,50.0225,0.2752,1,1,67,1
67,3,0,0,1,1,1,0.9893,0.9805,0.9053,0.8511,1044.0,348.0,866.0,341.0,1001.0,390.5,949.0,362.5,178.1376,59.0593,0.3315,1,1,68,1
67,3,0,1,1,1,1,0.9888,0.9844,0.894,0.8701,776.0,336.5,593.5,342.0,707.0,409.5,671.5,413.5,182.5829,35.7246,0.1957,1,1,68,1
67,3,0,2,1,1,1,0.9839,0.9897,0.8999,0.9199,532.5,254.0,350.75,254.5,457.5,268.5,408.25,267.0,181.7507,49.2728,0.2711,1,1,68,1
68,3,0,0,1,1,1,0.9893,0.9805,0.9053,0.8516,1044.0,348.0,866.0,341.0,1001.0,390.5,949.0,362.5,178.1376,59.0593,0.3315,1,1,69,1
68,3,0,1,1,1,1,0.9888,0.9844,0.8936,0.8701,776.0,336.5,593.0,342.0,707.0,409.5,671.5,413.5,183.0826,35.7246,0.1951,1,1,69,1
68,3,0,2,1,1,1,0.9839,0.9897,0.8994,0.9199,532.5,254.0,350.75,254.5,457.5,268.5,408.5,267.0,181.7507,49.023,0.2697,1,1,69,1
69,3,0,0,1,1,1,0.9893,0.9805,0.9053,0.8501,1045.0,348.0,866.0,341.0,1001.0,389.5,949.5,362.5,179.1368,58.1485,0.3246,1,1,70,1
69,3,0,1,1,1,1,0.9883,0.9844,0.8926,0.8716,776.0,336.5,593.5,342.0,707.0,409.0,671.5,414.0,182.5829,35.8504,0.1964,1,1,70,1
69,3,0,2,1,1,1,0.9839,0.9897,0.9019,0.9189,532.5,254.0,351.0,254.5,457.0,268.5,408.25,267.0,181.5007,48.7731,0.2687,1,1,70,1
70,3,0,0,1,1,1,0.9893,0.9805,0.9058,0.8496,1045.0,348.0,866.0,341.0,1001.0,390.5,949.0,363.0,179.1368,58.8239,0.3284,1,1,71,1
70,3,0,1,1,1,1,0.9883,0.9844,0.8921,0.8716,776.0,336.5,593.5,342.0,707.0,409.0,671.5,414.0,182.5829,35.8504,0.1964,1,1,71,1
70,3,0,2,1,1,1,0.9839,0.9897,0.9014,0.9189,532.0,254.0,351.0,254.5,457.0,268.0,408.25,267.0,181.0007,48.7603,0.2694,1,1,71,1
71,3,0,0,1,1,1,0.9893,0.9805,0.9043,0.8486,1045.0,348.0,866.5,341.0,1000.5,390.0,949.5,362.0,178.6372,58.1808,0.3257,1,1,72,1
71,3,0,1,1,1,1,0.9883,0.9844,0.8926,0.8701,776.0,337.0,593.0,342.5,707.0,408.5,671.0,414.0,183.0826,36.4177,0.1989,1,1,72,1
71,3,0,2,1,1,1,0.9844,0.9897,0.9028,0.9194,532.5,254.5,351.0,255.0,457.25,269.5,408.25,267.5,181.5007,49.0408,0.2702,1,1,72,1
72,3,0,0,1,1,1,0.9893,0.981,0.9053,0.8535,1046.0,347.0,866.5,342.0,1002.5,393.0,948.5,363.5,179.5696,61.5325,0.3427,1,1,73,1
72,3,0,1,1,1,1,0.9888,0.9844,0.895,0.8711,776.0,337.0,593.0,342.5,706.0,408.0,671.0,414.5,183.0826,35.5985,0.1944,1,1,73,1
72,3,0,2,1,1,1,0.9844,0.9897,0.9014,0.9185,532.5,255.0,351.25,255.0,458.0,271.0,407.25,269.5,181.25,50.7722,0.2801,1,1,73,1
73,3,0,0,1,1,1,0.9893,0.981,0.9053,0.854,1046.0,347.0,866.5,342.0,1002.5,393.0,948.5,363.5,179.5696,61.5325,0.3427,1,1,74,1
73,3,0,1,1,1,1,0.9888,0.9844,0.8955,0.8706,776.0,337.0,593.0,342.5,706.0,408.0,671.0,414.5,183.0826,35.5985,0.1944,1,1,74,1
73,3,0,2,1,1,1,0.9844,0.9897,0.9014,0.9185,532.5,255.0,351.25,255.5,458.0,270.5,407.5,269.5,181.2507,50.5099,0.2787,1,1,74,1
74,3,0,0,1,1,1,0.9888,0.981,0.9038,0.853,1046.0,347.0,866.5,342.0,1002.5,393.0,950.0,363.0,179.5696,60.4669,0.3367,1,1,75,1
74,3,0,1,1,1,1,0.9883,0.9839,0.8931,0.8706,776.5,337.0,594.0,342.5,706.5,408.0,672.0,414.0,182.5829,35.0179,0.1918,1,1,75,1
74,3,0,2,1,1,1,0.9844,0.9897,0.9019,0.9194,533.0,253.5,350.75,254.5,459.0,271.0,408.0,269.5,182.2527,51.0221,0.28,1,1,75,1
75,3,0,0,1,1,1,0.9888,0.981,0.9038,0.853,1046.0,347.0,866.5,342.0,1003.0,393.5,950.0,362.5,179.5696,61.4003,0.3419,1,1,76,1
75,3,0,1,1,1,1,0.9883,0.9844,0.8931,0.8711,776.5,337.0,594.0,342.5,706.5,408.0,672.0,413.5,182.5829,34.9357,0.1913,1,1,76,1
75,3,0,2,1,1,1,0.9839,0.9897,0.9014,0.9199,533.0,253.5,351.0,254.5,459.0,271.0,408.0,269.5,182.0027,51.0221,0.2803,1,1,76,1
76,3,0,0,1,1,1,0.9883,0.9819,0.8984,0.8584,1045.0,346.5,868.0,341.5,1002.5,391.5,950.0,360.0,177.0706,61.225,0.3458,1,1,77,1
76,3,0,1,1,1,1,0.9888,0.9839,0.8965,0.8682,776.5,337.0,594.0,342.5,707.0,408.5,671.0,414.5,182.5829,36.4966,0.1999,1,1,77,1
76,3,0,2,1,1,1,0.9888,0.9849,0.915,0.8979,534.5,258.0,350.5,257.0,451.0,273.5,404.25,265.0,184.0027,47.5164,0.2582,1,1,77,1
77,3,0,0,1,1,1,0.9883,0.9819,0.8984,0.8584,1045.0,346.5,868.0,341.5,1002.5,391.5,950.0,360.5,177.0706,60.9693,0.3443,1,1,78,1
77,3,0,1,1,1,1,0.9888,0.9839,0.8965,0.8677,776.5,337.0,594.0,342.0,707.0,408.0,671.0,414.5,182.5685,36.5821,0.2004,1,1,78,1
77,3,0,2,1,1,1,0.9888,0.9849,0.915,0.8979,534.5,258.0,350.5,257.0,451.0,273.5,404.25,265.5,184.0027,47.4296,0.2578,1,1,78,1
78,3,0,0,1,1,1,0.9888,0.981,0.9014,0.855,1045.0,347.0,867.5,342.0,1002.5,391.5,950.0,361.5,177.5704,60.4669,0.3405,1,1,79,1
78,3,0,1,1,1,1,0.9883,0.9839,0.8926,0.8682,776.5,337.0,593.5,342.5,706.0,408.5,672.0,414.5,183.0826,34.5254,0.1886,1,1,79,1
78,3,0,2,1,1,1,0.9839,0.9897,0.8989,0.9209,532.0,254.0,350.75,254.5,459.0,271.0,407.75,270.0,181.2507,51.2598,0.2828,1,1,79,1
79,3,0,0,1,1,1,0.9888,0.9814,0.9028,0.8574,1046.0,347.0,867.0,342.5,1005.5,399.0,950.0,362.0,179.0566,66.7027,0.3725,1,1,80,1
79,3,0,2,1,1,1,0.9839,0.9902,0.9004,0.9219,532.5,254.0,350.75,254.5,458.5,270.5,408.0,269.0,181.7507,50.5223,0.278,1,1,80,1
79,3,0,1,1,1,1,0.9888,0.9839,0.895,0.8691,776.0,336.5,593.0,342.0,707.0,408.0,671.0,414.5,183.0826,36.5821,0.1998,1,1,80,1
80,3,0,0,1,1,1,0.9888,0.9814,0.9023,0.8574,1046.0,347.0,867.0,342.5,1005.5,399.0,950.0,362.0,179.0566,66.7027,0.3725,1,1,81,1
80,3,0,2,1,1,1,0.9839,0.9902,0.9004,0.9219,532.5,254.0,350.75,254.5,458.0,270.0,408.0,269.0,181.7507,50.01,0.2752,1,1,81,1
80,3,0,1,1,1,1,0.9888,0.9839,0.8945,0.8696,776.0,336.5,593.0,342.0,707.0,408.0,671.5,414.5,183.0826,36.0902,0.1971,1,1,81,1
81,3,0,0,1,1,1,0.9883,0.9814,0.9014,0.8574,1046.0,347.5,868.0,342.0,1004.0,395.0,950.5,360.5,178.085,63.6592,0.3575,1,1,82,1
81,3,0,1,1,1,1,0.9888,0.9839,0.8955,0.8682,776.5,336.5,594.0,341.5,706.0,408.5,672.5,415.0,182.5685,34.1248,0.1869,1,1,82,1
81,3,0,2,1,1,1,0.9839,0.9897,0.9004,0.9199,533.0,254.5,351.0,255.0,459.0,271.0,408.0,269.5,182.0007,51.0221,0.2803,1,1,82,1
82,3,0,0,1,1,1,0.9888,0.9814,0.9014,0.8574,1046.0,347.5,868.0,342.0,1003.5,395.0,951.0,360.5,178.085,62.8212,0.3528,1,1,83,1
82,3,0,1,1,1,1,0.9888,0.9839,0.8955,0.8682,776.5,336.5,594.0,341.5,706.0,408.5,672.5,415.0,182.5685,34.1248,0.1869,1,1,83,1
82,3,0,2,1,1,1,0.9839,0.9897,0.9004,0.9199,533.0,254.5,351.25,255.0,459.25,271.0,408.0,269.5,181.7507,51.2719,0.2821,1,1,83,1
83,3,0,0,1,1,1,0.9883,0.9819,0.8989,0.8604,1047.0,347.5,868.5,342.0,1003.5,392.5,950.0,360.5,178.5847,62.3398,0.3491,1,1,84,1
83,3,0,1,1,1,1,0.9888,0.9839,0.8965,0.8672,776.0,336.0,594.0,341.0,705.0,406.5,670.0,412.5,182.0687,35.5106,0.195,1,1,84,1
83,3,0,2,1,1,1,0.9839,0.9897,0.9004,0.9214,533.0,255.0,351.0,255.5,459.5,271.5,408.25,269.0,182.0007,51.3109,0.2819,1,1,84,1
84,3,0,0,1,1,1,0.9883,0.9819,0.8989,0.8604,1047.0,347.5,868.5,342.0,1003.5,392.5,950.0,360.5,178.5847,62.3398,0.3491,1,1,85,1
84,3,0,1,1,1,1,0.9888,0.9839,0.897,0.8667,776.0,336.0,594.0,341.0,705.0,406.5,670.5,412.5,182.0687,35.0179,0.1923,1,1,85,1
84,3,0,2,1,1,1,0.9839,0.9897,0.8999,0.9214,533.0,255.0,351.0,255.5,459.5,271.5,408.25,269.0,182.0007,51.3109,0.2819,1,1,85,1
85,3,0,0,1,1,1,0.9883,0.9819,0.8979,0.8594,1048.0,347.5,868.0,342.5,1003.5,393.5,951.0,358.5,180.0694,63.0971,0.3504,1,1,86,1
85,3,0,1,1,1,1,0.9888,0.9839,0.894,0.8672,776.5,336.0,594.0,341.0,704.5,406.0,670.5,412.5,182.5685,34.6157,0.1896,1,1,86,1
85,3,0,2,1,1,1,0.9839,0.9897,0.9004,0.9214,533.0,255.0,351.0,255.0,459.5,270.5,408.0,270.0,182.0,51.5024,0.283,1,1,86,1
86,3,0,0,1,1,1,0.9878,0.9819,0.8965,0.8599,1049.0,348.0,869.0,343.0,1004.0,396.0,951.5,356.5,180.0694,65.7001,0.3649,1,1,87,1
86,3,0,1,1,1,1,0.9883,0.9844,0.8901,0.8711,776.5,336.0,594.0,341.5,706.5,408.0,670.5,413.5,182.5829,36.4177,0.1995,1,1,87,1
86,3,0,2,1,1,1,0.9839,0.9897,0.9004,0.9194,533.0,255.0,351.0,255.0,459.25,269.5,408.25,269.5,182.0,51.0,0.2802,1,1,87,1
87,3,0,0,1,1,1,0.9878,0.9819,0.8965,0.8594,1049.0,348.0,869.0,343.0,1003.5,395.5,951.5,356.5,180.0694,65.0,0.361,1,1,88,1
87,3,0,1,1,1,1,0.9883,0.9849,0.8901,0.8711,776.5,336.0,594.0,341.5,706.0,407.5,670.5,413.5,182.5829,36.0035,0.1972,1,1,88,1
87,3,0,2,1,1,1,0.9839,0.9897,0.9004,0.9194,533.0,255.0,351.0,255.0,459.25,269.5,408.0,269.5,182.0,51.25,0.2816,1,1,88,1
88,4,1,0,1,1,1,0.9883,0.9824,0.8975,0.8599,1050.0,348.0,869.0,343.0,1004.0,396.0,952.0,357.5,181.069,64.7012,0.3573,1,1,89,1
88,4,1,1,1,1,1,0.9888,0.9839,0.8931,0.8687,776.0,336.0,593.0,342.0,705.5,407.0,672.0,414.0,183.0983,34.2235,0.1869,1,1,89,1
88,4,1,2,1,1,1,0.9839,0.9897,0.9019,0.9185,533.0,255.0,351.25,255.0,459.0,269.5,408.5,269.0,181.75,50.5025,0.2779,1,1,89,1
88,4,1,7,0,0,1,0.0162,0.0788,0.0333,0.1519,1278.0,557.5,1273.0,560.5,1201.0,701.0,1202.0,687.0,5.831,14.0357,2.4071,0,0,0,0
89,4,1,0,1,1,1,0.9883,0.9824,0.897,0.8599,1050.0,348.0,869.0,343.0,1004.0,396.0,952.0,357.5,181.069,64.7012,0.3573,1,1,90,1
89,4,1,1,1,1,1,0.9888,0.9839,0.8931,0.8691,776.0,336.0,593.0,342.0,705.5,407.0,672.0,414.0,183.0983,34.2235,0.1869,1,1,90,1
89,4,1,2,1,1,1,0.9839,0.9897,0.9019,0.9185,533.0,255.0,351.25,255.0,459.0,269.5,408.5,268.5,181.75,50.5099,0.2779,1,1,90,1
89,4,1,7,0,0,1,0.0162,0.0788,0.0332,0.1516,1278.0,557.5,1273.0,560.5,1201.0,701.5,1202.0,687.5,5.831,14.0357,2.4071,0,0,0,0
90,3,0,0,1,1,1,0.9883,0.9824,0.8975,0.8584,1050.0,347.5,869.5,342.0,1003.5,395.0,951.5,357.5,180.5838,64.1112,0.355,1,1,91,1
90,3,0,1,1,1,1,0.9888,0.9844,0.894,0.8706,776.0,336.0,593.5,341.5,707.0,407.0,671.0,412.5,182.5829,36.4177,0.1995,1,1,91,1
90,3,0,2,1,1,1,0.9839,0.9897,0.9009,0.9199,533.0,255.0,351.0,254.5,459.0,270.0,408.25,270.0,182.0007,50.75,0.2788,1,1,91,1
91,3,0,0,1,1,1,0.9883,0.9819,0.8975,0.8584,1050.0,347.5,869.5,342.0,1003.5,394.5,951.5,357.5,180.5838,63.8201,0.3534,1,1,92,1
91,3,0,1,1,1,1,0.9888,0.9839,0.8945,0.8706,776.0,336.0,593.5,341.5,707.0,407.0,671.0,412.5,182.5829,36.4177,0.1995,1,1,92,1
91,3,0,2,1,1,1,0.9839,0.9897,0.9009,0.9199,533.0,255.0,351.0,254.5,459.0,270.0,408.5,270.0,182.0007,50.5,0.2775,1,1,92,1
92,4,1,1,1,1,1,0.9888,0.9839,0.8965,0.8682,776.0,336.0,593.0,342.0,706.0,406.5,672.0,413.0,183.0983,34.6157,0.1891,1,1,93,1
92,4,1,0,1,1,1,0.9878,0.9824,0.894,0.8623,1051.0,347.0,870.0,342.0,1003.0,392.0,952.0,356.0,181.069,62.426,0.3448,1,1,93,1
92,4,1,2,1,1,1,0.9839,0.9897,0.9004,0.9189,532.0,255.0,350.75,255.0,458.5,270.0,408.25,269.0,181.25,50.2599,0.2773,1,1,93,1
92,4,1,8,0,0,1,0.0177,0.0814,0.0302,0.1326,1276.0,557.0,1272.0,561.0,1206.0,701.0,1208.0,686.5,5.6569,14.6373,2.5875,0,0,0,0
93,3,0,1,1,1,1,0.9888,0.9839,0.896,0.8682,776.0,336.0,593.5,342.0,706.0,406.5,671.5,413.0,182.5986,35.107,0.1923,1,1,94,1
93,3,0,0,1,1,1,0.9878,0.9829,0.894,0.8628,1051.0,347.0,870.0,342.0,1004.0,393.0,952.0,356.0,181.069,63.8201,0.3525,1,1,94,1
93,3,0,2,1,1,1,0.9839,0.9897,0.8999,0.9189,532.5,254.5,350.75,255.0,458.5,270.0,408.5,269.0,181.7507,50.01,0.2752,1,1,94,1
94,3,0,1,1,1,1,0.9888,0.9839,0.8955,0.8687,776.0,336.0,593.0,342.0,706.5,407.0,672.0,413.0,183.0983,35.0179,0.1913,1,1,95,1
94,3,0,0,1,1,1,0.9878,0.9829,0.8945,0.8657,1051.0,347.0,870.5,342.5,1006.0,397.0,950.5,357.5,180.5561,68.1212,0.3773,1,1,95,1
94,3,0,2,1,1,1,0.9839,0.9897,0.9009,0.9194,533.5,255.0,351.0,255.0,459.0,271.0,408.5,270.0,182.5,50.5099,0.2768,1,1,95,1
95,3,0,1,1,1,1,0.9888,0.9839,0.8955,0.8682,776.0,336.0,593.0,342.0,706.5,406.5,671.5,413.5,183.0983,35.6931,0.1949,1,1,96,1
95,3,0,0,1,1,1,0.9878,0.9829,0.894,0.8657,1051.0,347.0,870.5,342.5,1006.0,396.5,950.5,357.5,180.5561,67.8325,0.3757,1,1,96,1
95,3,0,2,1,1,1,0.9839,0.9897,0.9014,0.9194,533.0,255.0,351.0,255.0,459.0,271.0,408.5,270.0,182.0,50.5099,0.2775,1,1,96,1
96,4,1,1,1,1,1,0.9888,0.9839,0.896,0.8677,776.0,336.0,593.0,342.0,706.0,406.5,672.0,413.0,183.0983,34.6157,0.1891,1,1,97,1
96,4,1,0,1,1,1,0.9878,0.9829,0.8936,0.8647,1051.0,347.0,871.0,342.5,1007.0,396.0,951.0,358.0,180.0562,67.6757,0.3759,1,1,97,1
96,4,1,2,1,1,1,0.9888,0.9849,0.915,0.8979,534.0,259.0,350.75,257.5,452.0,273.5,404.0,265.0,183.2561,48.7468,0.266,1,1,97,1
96,4,1,9,0,0,1,0.0163,0.0793,0.0298,0.1381,1276.0,566.5,1272.0,569.5,1211.0,696.0,1212.0,682.5,5.0,13.537,2.7074,0,0,0,0
97,4,1,1,1,1,1,0.9888,0.9839,0.8955,0.8667,776.0,336.5,593.0,342.5,706.5,407.0,672.0,413.0,183.0983,35.0179,0.1913,1,1,98,1
97,4,1,0,1,1,1,0.9868,0.9873,0.8867,0.8813,1047.0,350.0,873.5,346.5,1002.5,393.5,954.0,363.0,173.5353,57.2931,0.3302,1,1,98,1
97,4,1,2,1,1,1,0.9839,0.9897,0.9023,0.9209,533.0,254.5,351.5,255.0,458.5,271.0,408.25,269.0,181.5007,50.2898,0.2771,1,1,98,1
97,4,1,9,0,0,1,0.018,0.0853,0.031,0.1398,1276.0,560.0,1272.0,563.5,1206.0,699.5,1208.0,685.5,5.3151,14.1421,2.6608,0,0,0,0
98,4,1,1,1,1,1,0.9888,0.9839,0.896,0.8667,775.5,336.5,593.0,342.5,706.5,407.0,672.0,413.0,182.5986,35.0179,0.1918,1,1,99,1
98,4,1,0,1,1,1,0.9868,0.9873,0.8862,0.8818,1047.0,350.0,873.5,346.5,1002.5,393.5,954.0,363.0,173.5353,57.2931,0.3302,1,1,99,1
98,4,1,2,1,1,1,0.9839,0.9897,0.9028,0.9209,533.0,254.5,351.5,255.0,458.5,271.0,408.25,269.5,181.5007,50.2724,0.277,1,1,99,1
98,4,1,9,0,0,1,0.0181,0.0862,0.0309,0.1403,1276.0,559.5,1272.0,562.5,1206.0,699.5,1208.0,685.0,5.0,14.6373,2.9275,0,0,0,0
99,3,0,1,1,1,1,0.9888,0.9839,0.895,0.8687,776.0,336.0,593.0,342.5,706.0,407.5,673.0,412.0,183.1154,33.3054,0.1819,1,1,100,1
99,3,0,0,1,1,1,0.9863,0.9873,0.8843,0.8813,1047.0,349.5,874.0,346.0,1003.0,393.5,955.5,360.0,173.0354,58.1249,0.3359,1,1,100,1
99,3,0,2,1,1,1,0.9883,0.9849,0.915,0.8984,534.0,259.0,351.25,257.5,451.0,272.0,404.25,264.5,182.7562,47.3478,0.2591,1,1,100,1
100,3,0,1,1,1,1,0.9888,0.9839,0.895,0.8691,776.0,336.0,593.0,342.5,706.0,407.0,673.0,412.0,183.1154,33.3766,0.1823,1,1,101,1
100,3,0,0,1,1,1,0.9863,0.9873,0.8848,0.8809,1047.0,349.5,874.0,346.0,1002.5,393.0,955.5,360.0,173.0354,57.4282,0.3319,1,1,101,1
100,3,0,2,1,1,1,0.9888,0.9849,0.916,0.8979,534.0,259.0,351.25,257.5,451.0,272.0,404.25,265.0,182.7562,47.2712,0.2587,1,1,101,1
101,4,1,1,1,1,1,0.9888,0.9839,0.8965,0.8677,776.0,336.0,593.5,342.5,707.5,408.0,671.0,413.0,182.6157,36.8409,0.2017,1,1,102,1
101,4,1,0,1,1,1,0.9863,0.9873,0.8853,0.8828,1048.0,349.5,873.5,346.0,1002.0,389.5,954.5,361.0,174.5351,55.394,0.3174,1,1,102,1
101,4,1,2,1,1,1,0.9888,0.9849,0.916,0.897,534.0,259.0,351.0,257.0,451.25,273.0,404.0,265.0,183.0109,47.9225,0.2619,1,1,102,1
101,4,1,10,0,0,1,0.0175,0.082,0.0311,0.1405,1276.0,566.5,1272.0,568.5,1208.0,699.5,1209.0,686.0,4.4721,13.537,3.027,0,0,0,0
102,4,1,1,1,1,1,0.9888,0.9839,0.8965,0.8677,776.0,336.0,593.5,342.5,707.5,408.0,671.0,413.0,182.6157,36.8409,0.2017,1,1,103,1
102,4,1,0,1,1,1,0.9863,0.9873,0.8853,0.8828,1048.0,349.5,873.5,346.0,1002.0,389.5,954.5,361.0,174.5351,55.394,0.3174,1,1,103,1
102,4,1,2,1,1,1,0.9888,0.9849,0.916,0.897,534.0,259.0,351.0,257.0,451.25,273.0,404.0,265.0,183.0109,47.9225,0.2619,1,1,103,1
102,4,1,10,0,0,1,0.0172,0.0811,0.0311,0.1409,1276.0,567.0,1272.0,569.0,1208.0,699.0,1209.0,686.0,4.4721,13.0384,2.9155,0,0,0,0
103,4,1,1,1,1,1,0.9888,0.9839,0.8975,0.8677,775.5,336.0,593.0,342.5,707.5,408.0,671.5,414.5,182.6157,36.5821,0.2003,1,1,104,1
103,4,1,0,1,1,1,0.9863,0.9878,0.8843,0.8867,1048.0,349.5,874.0,346.0,1002.0,388.5,954.5,360.5,174.0352,55.1385,0.3168,1,1,104,1
103,4,1,2,1,1,1,0.9888,0.9849,0.9165,0.8975,534.0,259.5,350.75,258.0,450.75,273.0,403.75,264.5,183.2561,47.7624,0.2606,1,1,104,1
103,4,1,10,0,0,1,0.0168,0.0788,0.0295,0.137,1277.0,567.5,1273.0,570.0,1208.0,697.0,1211.0,682.5,4.717,14.8071,3.1391,0,0,0,0
104,4,1,0,1,1,1,0.9863,0.9878,0.8848,0.8862,1047.0,349.5,874.0,346.0,1002.0,388.5,954.5,360.5,173.0354,55.1385,0.3187,1,1,105,1
104,4,1,1,1,1,1,0.9888,0.9839,0.8975,0.8677,775.5,336.0,593.0,342.5,707.5,408.0,671.5,414.5,182.6157,36.5821,0.2003,1,1,105,1
104,4,1,2,1,1,1,0.9839,0.9897,0.9014,0.9204,533.0,255.0,351.0,255.0,458.25,270.5,408.0,269.5,182.0,50.2599,0.2762,1,1,105,1
104,4,1,10,0,0,1,0.0167,0.079,0.0298,0.1379,1276.0,566.0,1273.0,568.5,1208.0,697.0,1211.0,682.5,3.9051,14.8071,3.7917,0,0,0,0
105,4,1,0,1,1,1,0.9863,0.9878,0.8843,0.8853,1048.0,350.0,874.0,346.0,1002.5,388.0,954.5,362.0,174.046,54.5894,0.3136,1,1,106,1
105,4,1,1,1,1,1,0.9888,0.9839,0.897,0.8677,775.5,336.0,592.5,342.5,708.0,408.0,672.0,414.5,183.1154,36.5821,0.1998,1,1,106,1
105,4,1,2,1,1,1,0.9839,0.9897,0.9019,0.9219,533.0,254.5,351.25,254.5,458.5,270.5,408.0,269.5,181.75,50.5099,0.2779,1,1,106,1
105,4,1,10,0,0,1,0.0179,0.084,0.0342,0.1514,1276.0,560.0,1271.0,562.5,1203.0,701.0,1205.0,686.0,5.5902,15.1327,2.707,0,0,0,0
106,4,1,0,1,1,1,0.9863,0.9873,0.8848,0.8838,1048.0,349.0,873.5,345.5,1002.5,387.0,955.0,362.5,174.5351,53.4462,0.3062,1,1,107,1
106,4,1,1,1,1,1,0.9888,0.9839,0.895,0.8682,776.0,336.0,592.5,342.5,706.5,407.0,673.0,413.0,183.6151,34.0331,0.1854,1,1,107,1
106,4,1,2,1,1,1,0.9839,0.9897,0.9014,0.9204,533.0,254.5,351.5,255.0,459.25,271.0,408.25,269.5,181.5007,51.0221,0.2811,1,1,107,1
106,4,1,10,0,0,1,0.0158,0.0799,0.0303,0.1443,1276.0,561.0,1272.0,563.5,1210.0,699.5,1212.0,685.0,4.717,14.6373,3.1031,0,0,0,0
107,4,1,0,1,1,1,0.9863,0.9873,0.8843,0.8838,1048.0,349.0,873.5,345.5,1002.0,387.0,955.0,362.0,174.5351,53.2353,0.305,1,1,108,1
107,4,1,1,1,1,1,0.9888,0.9839,0.8945,0.8682,776.0,336.0,592.5,342.5,706.5,407.0,673.0,413.0,183.6151,34.0331,0.1854,1,1,108,1
107,4,1,2,1,1,1,0.9839,0.9897,0.9009,0.9204,533.0,254.5,351.5,255.0,459.25,271.0,408.25,269.0,181.5007,51.0392,0.2812,1,1,108,1
107,4,1,10,0,0,1,0.016,0.0793,0.0307,0.1443,1276.0,561.5,1272.0,564.0,1210.0,699.0,1212.0,685.0,4.717,14.1421,2.9981,0,0,0,0
108,3,0,0,1,1,1,0.9863,0.9873,0.8838,0.8833,1048.0,349.0,873.5,346.0,1003.0,388.5,955.5,362.0,174.5258,54.3921,0.3117,1,1,109,1
108,3,0,1,1,1,1,0.9888,0.9839,0.894,0.8677,776.0,336.0,593.0,343.0,708.0,408.5,672.5,413.0,183.1338,35.7841,0.1954,1,1,109,1
108,3,0,2,1,1,1,0.9839,0.9897,0.9014,0.9204,533.0,254.5,351.0,255.0,458.5,271.0,408.0,269.0,182.0007,50.5396,0.2777,1,1,109,1
109,3,0,0,1,1,1,0.9863,0.9873,0.8838,0.8833,1048.0,349.0,873.5,346.0,1003.0,388.5,955.5,362.5,174.5258,54.1503,0.3103,1,1,110,1
109,3,0,1,1,1,1,0.9888,0.9839,0.894,0.8677,776.0,336.0,593.0,343.0,708.0,408.5,672.5,413.0,183.1338,35.7841,0.1954,1,1,110,1
109,3,0,2,1,1,1,0.9839,0.9897,0.9014,0.9209,533.0,254.5,351.0,255.0,458.5,271.0,408.0,269.0,182.0007,50.5396,0.2777,1,1,110,1
110,3,0,0,1,1,1,0.9863,0.9873,0.8843,0.8848,1048.0,349.0,873.5,346.0,1001.5,387.0,955.5,362.0,174.5258,52.3546,0.3,1,1,111,1
110,3,0,1,1,1,1,0.9888,0.9839,0.8945,0.8701,776.0,336.5,593.0,343.0,707.5,407.5,671.5,412.0,183.1154,36.2802,0.1981,1,1,111,1
110,3,0,2,1,1,1,0.9839,0.9897,0.9028,0.9204,533.5,255.0,351.0,255.0,459.5,271.0,408.0,269.0,182.5,51.5388,0.2824,1,1,111,1
111,3,0,0,1,1,1,0.9863,0.9873,0.8843,0.8848,1048.0,349.0,873.5,346.0,1001.5,386.5,955.0,362.5,174.5258,52.3283,0.2998,1,1,112,1
111,3,0,1,1,1,1,0.9888,0.9839,0.895,0.8696,776.0,336.5,593.0,343.0,707.5,407.5,672.0,412.5,183.1154,35.8504,0.1958,1,1,112,1
111,3,0,2,1,1,1,0.9888,0.9844,0.9165,0.8975,534.0,259.0,350.5,257.5,452.0,273.5,403.75,264.5,183.5061,49.0822,0.2675,1,1,112,1
112,3,0,0,1,1,1,0.9863,0.9873,0.8862,0.8862,1048.0,348.5,873.5,346.0,1000.0,385.5,955.0,362.5,174.5179,50.5371,0.2896,1,1,113,1
112,3,0,1,1,1,1,0.9888,0.9834,0.8965,0.8672,775.5,336.5,593.0,342.5,707.5,408.0,671.5,411.0,182.5986,36.1248,0.1978,1,1,113,1
112,3,0,2,1,1,1,0.9883,0.9844,0.915,0.8979,534.0,259.0,350.0,257.5,451.25,273.0,403.5,265.0,184.0061,48.4155,0.2631,1,1,113,1
113,3,0,0,1,1,1,0.9863,0.9873,0.8862,0.8853,1048.0,348.5,873.5,346.0,1000.0,386.0,955.0,364.5,174.5179,49.8723,0.2858,1,1,114,1
113,3,0,1,1,1,1,0.9888,0.9839,0.894,0.8677,775.5,337.0,593.0,343.0,707.5,409.0,671.0,412.5,182.5986,36.6674,0.2008,1,1,114,1
113,3,0,2,1,1,1,0.9839,0.9897,0.9028,0.9209,533.0,255.0,350.75,254.5,459.25,271.5,408.25,270.0,182.2507,51.0221,0.28,1,1,114,1
114,3,0,0,1,1,1,0.9863,0.9873,0.8867,0.8853,1048.0,349.0,873.5,346.0,1000.5,386.0,955.0,364.5,174.5258,50.324,0.2883,1,1,115,1
114,3,0,1,1,1,1,0.9888,0.9839,0.894,0.8682,776.0,337.0,593.0,343.0,707.5,409.0,671.0,412.5,183.0983,36.6674,0.2003,1,1,115,1
114,3,0,2,1,1,1,0.9839,0.9897,0.9033,0.9204,533.0,255.0,350.75,254.5,459.5,271.5,408.25,269.5,182.2507,51.289,0.2814,1,1,115,1
115,3,0,0,1,1,1,0.9858,0.9873,0.8862,0.8853,1048.0,349.0,873.5,346.5,1000.5,385.5,955.0,363.5,174.5179,50.5396,0.2896,1,1,116,1
115,3,0,1,1,1,1,0.9888,0.9839,0.896,0.8682,775.5,336.5,593.0,342.5,707.0,409.0,671.0,413.0,182.5986,36.2215,0.1984,1,1,116,1
115,3,0,2,1,1,1,0.9839,0.9897,0.9028,0.9194,533.0,254.5,351.0,254.5,459.5,271.5,408.25,269.5,182.0,51.289,0.2818,1,1,116,1
116,3,0,0,1,1,1,0.9858,0.9873,0.8867,0.8853,1048.0,349.0,873.5,346.5,1000.5,385.5,955.5,363.5,174.5179,50.0899,0.287,1,1,117,1
116,3,0,1,1,1,1,0.9888,0.9839,0.8965,0.8682,775.5,336.5,593.0,342.5,707.0,408.5,671.0,413.0,182.5986,36.2802,0.1987,1,1,117,1
116,3,0,2,1,1,1,0.9839,0.9897,0.9028,0.9194,533.0,254.5,351.0,254.5,459.5,271.5,408.0,269.5,182.0,51.5388,0.2832,1,1,117,1
117,3,0,0,1,1,1,0.9863,0.9873,0.8843,0.8848,1047.0,348.5,873.5,345.5,1000.5,385.5,955.0,363.5,173.5259,50.5396,0.2913,1,1,118,1
117,3,0,1,1,1,1,0.9883,0.9839,0.8945,0.8696,776.0,336.5,593.5,343.0,707.0,407.5,670.5,412.5,182.6157,36.8409,0.2017,1,1,118,1
117,3,0,2,1,1,1,0.9839,0.9897,0.9033,0.9219,533.0,254.0,351.0,254.5,459.5,271.5,408.0,269.0,182.0007,51.5606,0.2833,1,1,118,1
118,3,0,0,1,1,1,0.9863,0.9873,0.8843,0.8848,1048.0,348.5,873.5,345.5,1000.5,385.5,955.0,363.5,174.5258,50.5396,0.2896,1,1,119,1
118,3,0,1,1,1,1,0.9883,0.9839,0.8945,0.8696,776.0,336.5,593.5,343.0,707.0,407.5,670.5,412.5,182.6157,36.8409,0.2017,1,1,119,1
118,3,0,2,1,1,1,0.9839,0.9897,0.9033,0.9214,533.0,254.0,351.0,254.5,459.5,271.5,408.0,269.0,182.0007,51.5606,0.2833,1,1,119,1
119,3,0,0,1,1,1,0.9863,0.9873,0.8848,0.8828,1048.0,348.5,873.0,345.5,1001.0,385.5,955.5,363.0,175.0257,50.7592,0.29,1,1,120,1
119,3,0,1,1,1,1,0.9883,0.9839,0.8936,0.8691,775.0,336.5,592.5,343.0,708.0,408.0,671.0,412.5,182.6157,37.2726,0.2041,1,1,120,1
119,3,0,2,1,1,1,0.9839,0.9897,0.9023,0.9214,533.0,254.5,350.75,255.0,459.5,271.5,407.5,269.0,182.2507,52.0601,0.2857,1,1,120,1
120,3,0,0,1,1,1,0.9863,0.9873,0.8848,0.8828,1048.0,348.5,873.0,345.5,1001.0,385.5,955.5,363.5,175.0257,50.5396,0.2888,1,1,121,1
120,3,0,1,1,1,1,0.9883,0.9839,0.8936,0.8691,775.5,336.5,593.0,343.0,708.0,408.0,671.0,412.5,182.6157,37.2726,0.2041,1,1,121,1
120,3,0,2,1,1,1,0.9839,0.9897,0.9023,0.9219,533.0,254.5,350.75,255.0,459.5,271.5,407.75,269.0,182.2507,51.8104,0.2843,1,1,121,1
121,3,0,0,1,1,1,0.9868,0.9873,0.8867,0.8833,1048.0,348.5,873.0,345.5,1003.0,388.5,955.0,363.5,175.0257,54.1202,0.3092,1,1,122,1
121,3,0,1,1,1,1,0.9883,0.9844,0.8931,0.8716,775.5,336.0,593.0,342.5,707.5,407.5,670.5,412.5,182.6157,37.3363,0.2045,1,1,122,1
121,3,0,2,1,1,1,0.9834,0.9897,0.9014,0.9204,533.0,254.0,351.0,254.5,459.5,270.5,408.25,269.0,182.0007,51.2719,0.2817,1,1,122,1
122,3,0,0,1,1,1,0.9868,0.9873,0.8887,0.8838,1047.0,348.5,873.5,345.0,1004.5,390.0,955.0,362.5,173.5353,56.626,0.3263,1,1,123,1
122,3,0,1,1,1,1,0.9888,0.9844,0.8945,0.8706,775.5,336.0,593.0,342.5,707.5,407.5,670.0,413.5,182.6157,37.977,0.208,1,1,123,1
122,3,0,2,1,1,1,0.9839,0.9897,0.9028,0.9214,533.0,254.0,350.75,254.0,459.5,270.0,408.5,270.0,182.25,51.0,0.2798,1,1,123,1
123,3,0,0,1,1,1,0.9868,0.9873,0.8887,0.8843,1047.0,348.5,873.5,345.0,1004.5,390.0,955.0,362.5,173.5353,56.626,0.3263,1,1,124,1
123,3,0,1,1,1,1,0.9888,0.9844,0.8945,0.8706,775.5,336.0,593.0,342.5,707.5,407.0,670.0,413.0,182.6157,37.977,0.208,1,1,124,1
123,3,0,2,1,1,1,0.9839,0.9897,0.9028,0.9219,533.0,254.0,351.0,254.0,459.5,270.0,408.5,270.0,182.0,51.0,0.2802,1,1,124,1
124,4,1,0,1,1,1,0.9868,0.9868,0.8901,0.8828,1047.0,348.5,873.5,345.0,1004.0,389.5,955.0,363.5,173.5353,55.4707,0.3197,1,1,125,1
124,4,1,1,1,1,1,0.9888,0.9839,0.8965,0.8706,775.0,336.5,592.5,342.5,707.5,407.5,671.0,414.0,182.5986,37.0742,0.203,1,1,125,1
124,4,1,2,1,1,1,0.9839,0.9897,0.9014,0.9214,533.0,254.0,351.0,254.5,459.0,270.0,408.5,269.0,182.0007,50.5099,0.2775,1,1,125,1
124,4,1,11,0,0,1,0.0171,0.0771,0.0304,0.1342,1276.0,572.5,1273.0,574.5,1201.0,699.0,1205.0,685.5,3.6056,14.0801,3.9051,0,0,0,0
125,4,1,0,1,1,1,0.9868,0.9868,0.8901,0.8828,1047.0,348.5,873.5,345.0,1004.0,389.5,955.0,363.5,173.5353,55.4707,0.3197,1,1,126,1
125,4,1,1,1,1,1,0.9888,0.9839,0.8965,0.8711,775.0,336.5,592.5,342.5,707.5,407.5,671.0,414.0,182.5986,37.0742,0.203,1,1,126,1
125,4,1,2,1,1,1,0.9839,0.9897,0.9014,0.9214,533.5,254.0,351.0,254.5,459.0,270.0,408.5,269.0,182.5007,50.5099,0.2768,1,1,126,1
125,4,1,11,0,0,1,0.0172,0.0771,0.0304,0.1338,1276.0,573.0,1272.0,575.0,1201.0,699.0,1205.0,685.5,4.4721,14.0801,3.1484,0,0,0,0
126,3,0,0,1,1,1,0.9868,0.9868,0.8921,0.8813,1047.0,349.0,873.5,345.5,1002.5,388.0,955.0,362.5,173.5353,53.912,0.3107,1,1,127,1
126,3,0,1,1,1,1,0.9883,0.9844,0.8936,0.8716,775.5,336.0,593.0,342.5,707.5,407.0,672.0,413.5,182.6157,36.0902,0.1976,1,1,127,1
126,3,0,2,1,1,1,0.9883,0.9844,0.915,0.8994,535.0,257.5,351.25,256.5,451.25,271.5,404.0,263.0,183.7527,48.0085,0.2613,1,1,127,1
127,3,0,0,1,1,1,0.9868,0.9868,0.8916,0.8813,1047.0,349.0,874.0,345.5,1002.5,388.0,955.0,362.5,173.0354,53.912,0.3116,1,1,128,1
127,3,0,1,1,1,1,0.9883,0.9844,0.8936,0.8726,775.5,336.0,593.0,342.5,707.5,407.0,672.0,413.5,182.6157,36.0902,0.1976,1,1,128,1
127,3,0,2,1,1,1,0.9883,0.9844,0.915,0.8994,535.0,258.0,351.5,256.5,451.5,271.5,404.0,263.0,183.5061,48.2545,0.263,1,1,128,1
128,3,0,0,1,1,1,0.9868,0.9873,0.8882,0.8823,1047.0,348.5,873.5,345.0,1004.0,389.5,954.5,363.0,173.5353,56.1471,0.3235,1,1,129,1
128,3,0,1,1,1,1,0.9883,0.9839,0.8931,0.8716,775.5,336.0,593.5,342.5,708.0,408.0,673.0,414.0,182.116,35.5106,0.195,1,1,129,1
128,3,0,2,1,1,1,0.9883,0.9844,0.915,0.8994,535.0,257.5,351.25,256.0,451.5,271.5,404.5,264.5,183.7561,47.5184,0.2586,1,1,129,1
129,3,0,0,1,1,1,0.9868,0.9868,0.8887,0.8813,1047.0,348.5,873.5,345.0,1003.5,389.0,955.0,363.0,173.5353,55.0295,0.3171,1,1,130,1
129,3,0,1,1,1,1,0.9883,0.9839,0.8936,0.8716,775.5,336.0,593.5,342.5,708.0,407.5,673.0,414.0,182.116,35.5985,0.1955,1,1,130,1
129,3,0,2,1,1,1,0.9883,0.9844,0.915,0.8989,535.0,257.5,351.0,256.0,451.5,271.5,404.25,264.5,184.0061,47.7657,0.2596,1,1,130,1
130,3,0,0,1,1,1,0.9868,0.9873,0.8906,0.8828,1047.0,349.0,873.0,344.5,1002.5,387.0,955.5,362.0,174.0582,53.2353,0.3058,1,1,131,1
130,3,0,1,1,1,1,0.9883,0.9844,0.8931,0.8735,775.5,335.5,593.0,342.5,708.0,408.0,673.0,413.5,182.6342,35.4295,0.194,1,1,131,1
130,3,0,2,1,1,1,0.9834,0.9893,0.9023,0.9199,534.0,253.0,351.5,253.0,459.5,268.5,408.75,269.5,182.5,50.7599,0.2781,1,1,131,1
131,3,0,0,1,1,1,0.9868,0.9873,0.8906,0.8833,1047.0,349.0,873.0,345.0,1002.5,387.5,955.5,362.0,174.046,53.472,0.3072,1,1,132,1
131,3,0,1,1,1,1,0.9883,0.9844,0.8936,0.873,775.5,336.0,593.0,342.5,708.0,408.0,673.0,413.5,182.6157,35.4295,0.194,1,1,132,1
131,3,0,2,1,1,1,0.9834,0.9897,0.9023,0.9204,534.0,253.0,351.5,253.5,459.5,268.5,408.5,269.5,182.5007,51.0098,0.2795,1,1,132,1
132,3,0,0,1,1,1,0.9863,0.9873,0.8887,0.8853,1047.0,349.5,873.0,345.5,1001.5,388.0,955.5,361.5,174.046,53.0872,0.305,1,1,133,1
132,3,0,1,1,1,1,0.9888,0.9839,0.8955,0.8711,776.0,336.0,593.0,342.5,707.0,407.5,672.0,415.5,183.1154,35.9026,0.1961,1,1,133,1
132,3,0,2,1,1,1,0.9839,0.9897,0.9028,0.9204,534.5,253.0,351.25,253.0,460.0,268.0,409.0,269.0,183.25,51.0098,0.2784,1,1,133,1
133,3,0,0,1,1,1,0.9868,0.9873,0.8877,0.8848,1047.0,349.0,873.0,345.0,1002.0,388.0,955.0,362.0,174.046,53.7122,0.3086,1,1,134,1
133,3,0,1,1,1,1,0.9883,0.9839,0.8945,0.8716,775.5,335.5,593.5,342.0,708.0,407.5,671.5,414.0,182.116,37.0742,0.2036,1,1,134,1
133,3,0,2,1,1,1,0.9839,0.9897,0.9004,0.9194,535.0,252.5,352.0,252.5,460.0,268.5,409.5,269.0,183.0,50.5025,0.276,1,1,134,1
134,3,0,0,1,1,1,0.9868,0.9873,0.8877,0.8843,1047.0,349.0,873.0,345.0,1002.0,388.0,955.0,362.0,174.046,53.7122,0.3086,1,1,135,1
134,3,0,1,1,1,1,0.9883,0.9839,0.8945,0.8716,775.5,335.5,593.5,341.5,708.0,407.5,671.5,414.0,182.0989,37.0742,0.2036,1,1,135,1
134,3,0,2,1,1,1,0.9888,0.9844,0.915,0.897,536.0,257.0,351.75,255.5,452.0,271.5,404.75,264.0,184.2561,47.8415,0.2596,1,1,135,1
135,3,0,0,1,1,1,0.9863,0.9873,0.8853,0.8823,1047.0,348.5,872.5,345.0,1002.0,389.0,954.5,362.5,174.5351,54.3921,0.3116,1,1,136,1
135,3,0,1,1,1,1,0.9888,0.9834,0.8965,0.8687,775.5,335.5,593.5,342.0,708.0,408.0,671.0,414.0,182.116,37.4833,0.2058,1,1,136,1
135,3,0,2,1,1,1,0.9839,0.9897,0.9023,0.9204,535.0,252.0,352.25,252.5,459.75,269.0,409.25,268.5,182.7507,50.5025,0.2763,1,1,136,1
136,3,0,0,1,1,1,0.9863,0.9873,0.8848,0.8828,1047.0,348.5,872.5,345.0,1002.0,389.0,954.5,362.0,174.5351,54.6374,0.313,1,1,137,1
136,3,0,1,1,1,1,0.9888,0.9839,0.8965,0.8691,775.5,335.5,593.5,342.0,707.5,408.0,671.0,414.5,182.116,37.0742,0.2036,1,1,137,1
136,3,0,2,1,1,1,0.9839,0.9897,0.9019,0.9209,535.0,252.0,352.25,252.5,460.0,268.5,409.25,268.5,182.7507,50.75,0.2777,1,1,137,1
137,3,0,0,1,1,1,0.9863,0.9819,0.8916,0.8701,1047.0,347.0,875.0,343.0,1006.5,392.0,953.5,361.5,172.0465,61.1494,0.3554,1,1,138,1
137,3,0,1,1,1,1,0.9888,0.9839,0.896,0.8696,775.5,336.0,593.5,342.0,707.0,407.0,671.0,413.0,182.0989,36.4966,0.2004,1,1,138,1
137,3,0,2,1,1,1,0.9888,0.9844,0.9165,0.8979,536.0,257.0,352.0,256.0,451.5,271.0,404.75,264.5,184.0027,47.1997,0.2565,1,1,138,1
138,3,0,0,1,1,1,0.9863,0.9814,0.8916,0.8696,1047.0,347.0,874.5,343.0,1006.5,392.0,953.5,361.0,172.5464,61.4003,0.3558,1,1,139,1
138,3,0,1,1,1,1,0.9888,0.9839,0.896,0.8696,775.5,335.5,594.0,342.0,707.0,407.0,671.5,413.0,181.6164,36.0035,0.1982,1,1,139,1
138,3,0,2,1,1,1,0.9888,0.9849,0.9165,0.8984,536.0,257.0,352.0,256.0,451.5,271.0,404.75,264.5,184.0027,47.1997,0.2565,1,1,139,1
139,3,0,0,1,1,1,0.9868,0.9873,0.8872,0.8823,1046.0,348.5,872.5,344.5,1001.0,390.5,955.0,362.0,173.5461,54.1133,0.3118,1,1,140,1
139,3,0,1,1,1,1,0.9883,0.9839,0.895,0.8701,775.0,335.5,594.0,342.0,707.0,407.0,671.5,414.0,181.1167,36.1836,0.1998,1,1,140,1
139,3,0,2,1,1,1,0.9883,0.9849,0.9141,0.8975,536.5,257.0,352.0,255.5,451.5,271.0,405.0,264.0,184.5061,47.0239,0.2549,1,1,140,1
140,3,0,0,1,1,1,0.9868,0.9873,0.8872,0.8828,1046.0,348.5,872.5,344.5,1001.0,390.5,955.0,362.0,173.5461,54.1133,0.3118,1,1,141,1
140,3,0,2,1,1,1,0.9883,0.9849,0.9146,0.8975,536.5,257.5,352.0,255.5,451.25,271.0,405.0,264.0,184.5108,46.7767,0.2535,1,1,141,1
140,3,0,1,1,1,1,0.9883,0.9839,0.895,0.8706,775.0,335.5,594.0,341.5,707.0,407.0,671.5,413.5,181.0994,36.0902,0.1993,1,1,141,1
141,3,0,0,1,1,1,0.9878,0.9824,0.897,0.8647,1051.0,346.5,870.5,341.0,1005.0,392.0,951.5,358.0,180.5838,63.3897,0.351,1,1,142,1
141,3,0,2,1,1,1,0.9883,0.9849,0.9136,0.8999,536.5,257.0,352.0,256.0,451.75,271.0,405.5,264.0,184.5027,46.7767,0.2535,1,1,142,1
141,3,0,1,1,1,1,0.9888,0.9834,0.897,0.8701,775.0,335.5,594.0,341.5,706.5,406.0,671.0,414.0,181.0994,36.3902,0.2009,1,1,142,1
142,3,0,0,1,1,1,0.9878,0.9824,0.895,0.8623,1051.0,347.0,870.0,341.0,1005.0,392.5,951.5,358.0,181.0994,63.6592,0.3515,1,1,143,1
142,3,0,1,1,1,1,0.9888,0.9839,0.897,0.8701,775.0,335.5,593.0,341.5,706.0,405.5,671.0,413.0,182.0989,35.7946,0.1966,1,1,143,1
142,3,0,2,1,1,1,0.9883,0.9854,0.9141,0.9019,537.0,257.0,352.25,255.5,452.25,271.0,405.5,264.5,184.7561,47.1997,0.2555,1,1,143,1
143,3,0,0,1,1,1,0.9878,0.9824,0.895,0.8623,1051.0,347.0,870.0,341.0,1005.0,392.5,951.5,358.5,181.0994,63.3897,0.35,1,1,144,1
143,3,0,2,1,1,1,0.9883,0.9854,0.9141,0.9019,536.5,257.0,352.25,255.5,452.25,271.0,405.5,264.5,184.2561,47.1997,0.2562,1,1,144,1
143,3,0,1,1,1,1,0.9888,0.9839,0.8975,0.8696,775.0,335.5,593.0,341.5,706.0,405.5,671.0,413.0,182.0989,35.7946,0.1966,1,1,144,1
144,3,0,0,1,1,1,0.9868,0.9873,0.8862,0.8818,1046.0,349.0,872.0,345.0,1002.0,393.5,954.5,362.0,174.046,56.9956,0.3275,1,1,145,1
144,3,0,1,1,1,1,0.9888,0.9839,0.8965,0.8696,775.0,335.5,593.0,341.5,705.5,406.0,672.0,415.0,182.0989,34.6879,0.1905,1,1,145,1
144,3,0,2,1,1,1,0.9888,0.9849,0.9175,0.8999,537.0,257.0,352.5,255.5,452.75,271.0,405.25,265.0,184.5061,47.8774,0.2595,1,1,145,1
145,3,0,0,1,1,1,0.9868,0.9873,0.8862,0.8818,1046.0,349.0,872.0,345.0,1002.0,393.5,954.5,362.0,174.046,56.9956,0.3275,1,1,146,1
145,3,0,1,1,1,1,0.9888,0.9839,0.8965,0.8691,775.0,335.5,593.0,341.0,705.5,406.0,672.0,415.0,182.0831,34.6879,0.1905,1,1,146,1
145,3,0,2,1,1,1,0.9888,0.9849,0.9175,0.8994,537.0,257.0,352.5,255.5,452.75,271.5,405.5,265.0,184.5061,47.695,0.2585,1,1,146,1
146,3,0,0,1,1,1,0.9878,0.9824,0.8965,0.8667,1050.0,347.0,870.5,341.0,1003.0,390.5,951.5,358.0,179.6003,60.8975,0.3391,1,1,147,1
146,3,0,1,1,1,1,0.9888,0.9829,0.8994,0.8677,775.0,335.5,593.5,341.5,705.5,405.5,672.0,413.5,181.5991,34.442,0.1897,1,1,147,1
146,3,0,2,1,1,1,0.9888,0.9849,0.917,0.9009,536.5,257.0,352.25,255.5,452.5,270.5,405.0,265.0,184.2561,47.8174,0.2595,1,1,147,1
147,3,0,0,1,1,1,0.9878,0.9824,0.8965,0.8667,1050.0,347.0,870.0,341.0,1003.0,390.0,951.0,358.0,180.1,61.0574,0.339,1,1,148,1
147,3,0,1,1,1,1,0.9888,0.9834,0.8989,0.8682,775.0,335.5,593.5,341.5,705.0,405.5,672.0,413.5,181.5991,33.9559,0.187,1,1,148,1
147,3,0,2,1,1,1,0.9888,0.9849,0.917,0.9009,537.0,257.0,352.25,256.0,452.5,270.5,405.0,265.0,184.7527,47.8174,0.2588,1,1,148,1
148,4,1,0,1,1,1,0.9878,0.9824,0.897,0.8652,1050.0,346.5,870.5,341.0,1003.0,389.5,950.5,360.0,179.5842,60.2204,0.3353,1,1,149,1
148,4,1,1,1,1,1,0.9888,0.9829,0.8994,0.8662,774.5,335.5,593.5,341.5,704.5,405.5,671.0,414.5,181.0994,34.6879,0.1915,1,1,149,1
148,4,1,2,1,1,1,0.9883,0.9849,0.9155,0.9004,537.0,257.0,352.5,256.0,452.5,271.0,405.25,264.5,184.5027,47.695,0.2585,1,1,149,1
148,4,1,12,0,0,1,0.0174,0.0814,0.0314,0.136,1274.0,555.0,1271.0,559.0,1205.0,704.0,1206.0,690.0,5.0,14.0357,2.8071,0,0,0,0
149,3,0,0,1,1,1,0.9868,0.9868,0.8882,0.8804,1046.0,349.0,872.5,344.5,1000.0,390.5,954.0,363.0,173.5583,53.5934,0.3088,1,1,150,1
149,3,0,1,1,1,1,0.9888,0.9834,0.8975,0.8672,774.5,335.5,593.5,341.0,704.5,406.5,671.5,414.5,181.0835,33.9559,0.1875,1,1,150,1
149,3,0,2,1,1,1,0.9883,0.9849,0.9146,0.8989,537.0,257.0,352.75,255.5,452.75,271.5,405.0,264.5,184.2561,48.2604,0.2619,1,1,150,1
150,3,0,0,1,1,1,0.9868,0.9868,0.8882,0.8799,1046.0,349.0,872.0,344.5,1000.0,390.5,954.0,363.0,174.0582,53.5934,0.3079,1,1,151,1
150,3,0,1,1,1,1,0.9888,0.9834,0.897,0.8672,774.5,335.5,593.5,341.0,704.5,406.0,671.5,414.5,181.0835,34.0771,0.1882,1,1,151,1
150,3,0,2,1,1,1,0.9883,0.9849,0.915,0.8994,537.0,257.0,352.75,256.0,453.0,271.5,405.0,265.0,184.2527,48.4381,0.2629,1,1,151,1
151,3,0,0,1,1,1,0.9878,0.9824,0.8965,0.8628,1050.0,347.0,870.0,341.0,1003.0,390.0,950.5,359.0,180.1,60.9693,0.3385,1,1,152,1
151,3,0,1,1,1,1,0.9888,0.9839,0.8945,0.8687,775.0,335.5,593.0,341.5,705.5,407.0,671.5,415.0,182.0989,34.9285,0.1918,1,1,152,1
151,3,0,2,1,1,1,0.9883,0.9844,0.9165,0.8989,537.0,257.5,352.5,256.0,453.0,271.5,405.5,265.0,184.5061,47.9427,0.2598,1,1,152,1
152,3,0,0,1,1,1,0.9878,0.9824,0.897,0.8623,1050.0,347.0,870.0,341.0,1003.0,390.0,950.5,359.0,180.1,60.9693,0.3385,1,1,153,1
152,3,0,1,1,1,1,0.9888,0.9839,0.895,0.8687,775.0,335.5,593.5,341.5,705.5,407.0,672.0,415.0,181.5991,34.442,0.1897,1,1,153,1
152,3,0,2,1,1,1,0.9883,0.9844,0.9165,0.8989,537.0,257.5,352.5,256.0,453.0,271.5,405.25,265.0,184.5061,48.1904,0.2612,1,1,153,1
153,3,0,0,1,1,1,0.9878,0.9824,0.896,0.8628,1050.0,347.0,870.0,341.0,1003.5,392.0,950.0,359.5,180.1,62.5979,0.3476,1,1,154,1
153,3,0,1,1,1,1,0.9888,0.9839,0.895,0.8701,775.0,335.5,593.5,341.5,705.0,406.5,671.0,414.5,181.5991,34.9285,0.1923,1,1,154,1
153,3,0,2,1,1,1,0.9883,0.9849,0.916,0.8994,536.5,257.5,352.5,256.0,452.5,271.0,405.25,265.0,184.0061,47.6294,0.2588,1,1,154,1
154,3,0,0,1,1,1,0.9878,0.9824,0.8965,0.8628,1050.0,347.0,870.0,341.0,1003.5,392.0,950.0,359.5,180.1,62.5979,0.3476,1,1,155,1
154,3,0,1,1,1,1,0.9888,0.9839,0.895,0.8701,775.0,335.5,593.5,341.5,705.0,406.5,671.0,414.5,181.5991,34.9285,0.1923,1,1,155,1
154,3,0,2,1,1,1,0.9883,0.9849,0.916,0.8994,536.5,257.5,352.5,256.0,452.5,271.0,405.25,265.0,184.0061,47.6294,0.2588,1,1,155,1
155,3,0,0,1,1,1,0.9878,0.9824,0.8955,0.8638,1050.0,346.5,870.0,341.0,1003.5,392.0,950.0,360.0,180.084,62.3398,0.3462,1,1,156,1
155,3,0,1,1,1,1,0.9883,0.9839,0.895,0.8696,775.0,335.5,593.0,341.5,704.5,405.5,671.0,414.0,182.0989,34.5615,0.1898,1,1,156,1
155,3,0,2,1,1,1,0.9839,0.9897,0.9023,0.9199,535.0,253.0,353.0,253.0,461.0,268.5,409.75,270.0,182.0,51.2719,0.2817,1,1,156,1
156,3,0,0,1,1,1,0.9863,0.9868,0.8872,0.8809,1045.0,349.0,872.0,345.0,1000.0,392.0,954.0,363.0,173.0462,54.3783,0.3142,1,1,157,1
156,3,0,1,1,1,1,0.9883,0.9839,0.895,0.8696,775.0,335.5,593.0,341.5,704.5,405.5,671.5,413.5,182.0989,33.9559,0.1865,1,1,157,1
156,3,0,2,1,1,1,0.9839,0.9897,0.9023,0.9199,535.0,253.0,353.25,253.5,461.0,268.5,409.75,270.0,181.7507,51.2719,0.2821,1,1,157,1
157,3,0,0,1,1,1,0.9878,0.9824,0.8975,0.8652,1049.0,346.5,869.0,341.0,1005.0,395.0,950.5,360.0,180.084,64.7707,0.3597,1,1,158,1
157,3,0,1,1,1,1,0.9883,0.9839,0.8945,0.8696,774.5,335.5,593.0,341.5,705.5,406.5,670.5,413.5,181.5991,35.6931,0.1965,1,1,158,1
157,3,0,2,1,1,1,0.9888,0.9849,0.916,0.8999,536.5,257.5,352.25,256.0,452.5,271.0,405.5,265.0,184.2561,47.3814,0.2571,1,1,158,1
158,4,1,0,1,1,1,0.9878,0.9824,0.8965,0.8682,1048.0,346.5,869.0,341.0,1004.5,394.0,950.5,359.5,179.0845,64.08,0.3578,1,1,159,1
158,4,1,2,1,1,1,0.9888,0.9849,0.917,0.8989,536.0,257.5,352.0,256.0,451.75,270.5,405.5,265.5,184.0061,46.5195,0.2528,1,1,159,1
158,4,1,1,1,1,1,0.9883,0.9839,0.895,0.8706,774.5,336.0,593.5,342.0,706.0,407.5,670.0,414.0,181.0994,36.5821,0.202,1,1,159,1
158,4,1,13,0,0,1,0.0163,0.0672,0.0303,0.1214,1275.0,567.5,1272.0,570.5,1203.0,698.5,1207.0,685.0,4.2426,14.0801,3.3187,0,0,0,0
159,4,1,0,1,1,1,0.9878,0.9824,0.897,0.8682,1049.0,346.5,869.0,341.0,1004.5,394.0,951.0,359.5,180.084,63.6592,0.3535,1,1,160,1
159,4,1,2,1,1,1,0.9888,0.9849,0.917,0.8989,536.0,257.5,352.0,256.0,451.75,270.5,405.5,265.5,184.0061,46.5195,0.2528,1,1,160,1
159,4,1,1,1,1,1,0.9883,0.9839,0.895,0.8706,774.5,336.0,593.5,342.0,706.0,407.0,670.0,414.0,181.0994,36.6742,0.2025,1,1,160,1
159,4,1,13,0,0,1,0.0163,0.0672,0.0306,0.122,1275.0,567.5,1272.0,571.0,1202.0,698.0,1207.0,685.0,4.6098,13.9284,3.0215,0,0,0,0
160,4,1,0,1,1,1,0.9873,0.9829,0.8936,0.8677,1049.0,346.5,869.0,342.0,1004.0,394.5,951.0,357.5,180.0562,64.6375,0.359,1,1,161,1
160,4,1,2,1,1,1,0.9839,0.9902,0.8994,0.9214,535.0,253.0,352.5,253.5,460.0,268.5,409.75,270.0,182.5007,50.2724,0.2755,1,1,161,1
160,4,1,1,1,1,1,0.9883,0.9839,0.8926,0.8716,775.5,336.0,594.0,342.0,706.0,407.5,670.0,414.5,181.5991,36.6742,0.202,1,1,161,1
160,4,1,13,0,0,1,0.0152,0.0707,0.029,0.1312,1278.0,563.0,1273.0,566.5,1207.0,697.0,1209.0,683.5,6.1033,13.6473,2.2361,0,0,0,0
161,4,1,0,1,1,1,0.9873,0.9829,0.8931,0.8672,1049.0,346.5,869.0,342.0,1004.0,394.5,951.0,357.5,180.0562,64.6375,0.359,1,1,162,1
161,4,1,2,1,1,1,0.9888,0.9854,0.9136,0.9004,536.0,257.0,352.0,256.0,451.75,270.5,405.5,266.0,184.0027,46.4684,0.2525,1,1,162,1
161,4,1,1,1,1,1,0.9883,0.9839,0.8931,0.8716,775.5,336.0,594.0,342.0,706.0,407.5,670.0,414.0,181.5991,36.5821,0.2014,1,1,162,1
161,4,1,13,0,0,1,0.0153,0.0712,0.029,0.1309,1277.0,563.0,1273.0,566.5,1207.0,697.0,1208.0,683.5,5.3151,13.537,2.5469,0,0,0,0
162,3,0,0,1,1,1,0.9878,0.9824,0.896,0.8638,1049.0,346.5,869.0,341.5,1003.5,393.0,950.5,358.0,180.0694,63.5138,0.3527,1,1,163,1
162,3,0,2,1,1,1,0.9888,0.9854,0.9126,0.8999,536.0,257.5,351.5,256.5,451.75,271.0,405.0,266.0,184.5027,47.0166,0.2548,1,1,163,1
162,3,0,1,1,1,1,0.9883,0.9839,0.8955,0.8711,775.0,336.0,593.5,342.0,706.0,407.0,670.0,414.5,181.5991,36.773,0.2025,1,1,163,1
163,3,0,0,1,1,1,0.9878,0.9824,0.896,0.8638,1048.0,346.5,869.0,341.0,1003.5,393.0,950.5,358.0,179.0845,63.5138,0.3547,1,1,164,1
163,3,0,2,1,1,1,0.9888,0.9854,0.9131,0.8994,536.0,257.5,351.5,256.5,451.75,271.0,405.0,266.0,184.5027,47.0166,0.2548,1,1,164,1
163,3,0,1,1,1,1,0.9883,0.9839,0.895,0.8716,775.0,336.0,593.5,342.0,706.0,407.0,670.0,414.5,181.5991,36.773,0.2025,1,1,164,1
164,3,0,0,1,1,1,0.9873,0.9829,0.8926,0.8662,1048.0,347.0,869.0,341.5,1000.5,387.5,951.5,356.0,179.0845,58.2516,0.3253,1,1,165,1
164,3,0,2,1,1,1,0.9839,0.9902,0.8989,0.9209,534.0,253.0,352.0,255.0,459.5,268.5,409.25,271.0,182.011,50.3122,0.2764,1,1,165,1
164,3,0,1,1,1,1,0.9888,0.9839,0.8984,0.8687,775.0,336.0,593.5,342.0,705.5,407.0,670.5,413.5,181.5991,35.5985,0.196,1,1,165,1
165,3,0,0,1,1,1,0.9873,0.9824,0.8931,0.8652,1048.0,347.0,868.5,341.5,1000.5,387.5,951.5,355.5,179.5842,58.5235,0.3259,1,1,166,1
165,3,0,2,1,1,1,0.9839,0.9902,0.8989,0.9209,534.5,253.0,352.0,254.5,459.5,268.5,409.25,271.0,182.5062,50.3122,0.2757,1,1,166,1
165,3,0,1,1,1,1,0.9888,0.9839,0.8979,0.8691,775.0,336.0,593.5,342.0,705.5,406.5,670.5,413.5,181.5991,35.6931,0.1965,1,1,166,1
166,3,0,0,1,1,1,0.9878,0.9824,0.895,0.8628,1048.0,346.5,869.0,342.0,1003.0,393.5,951.0,356.5,179.0566,63.8201,0.3564,1,1,167,1
166,3,0,1,1,1,1,0.9888,0.9834,0.8975,0.8662,775.5,336.0,592.5,342.0,706.0,408.0,671.5,415.0,183.0983,35.203,0.1923,1,1,167,1
166,3,0,2,1,1,1,0.9849,0.9902,0.9014,0.9194,534.0,254.0,351.25,255.0,459.25,269.5,408.75,271.5,182.7527,50.5396,0.2765,1,1,167,1
167,3,0,0,1,1,1,0.9878,0.9824,0.8945,0.8633,1048.0,347.0,869.0,342.0,1003.0,393.5,950.5,356.5,179.0698,64.2281,0.3587,1,1,168,1
167,3,0,1,1,1,1,0.9888,0.9834,0.8975,0.8662,775.0,336.0,593.0,342.0,706.5,408.0,672.0,415.0,182.0989,35.203,0.1933,1,1,168,1
167,3,0,2,1,1,1,0.9849,0.9902,0.9014,0.9194,534.0,254.0,351.5,255.5,459.5,270.0,408.75,272.0,182.5062,50.7894,0.2783,1,1,168,1
168,3,0,0,1,1,1,0.9878,0.9824,0.895,0.8604,1048.0,347.0,868.5,342.0,1001.0,390.5,950.0,358.0,179.5696,60.4752,0.3368,1,1,169,1
168,3,0,2,1,1,1,0.9849,0.9902,0.9028,0.918,534.0,254.0,351.5,256.0,458.5,270.0,408.25,272.0,182.511,50.2898,0.2755,1,1,169,1
168,3,0,1,1,1,1,0.9888,0.9839,0.8945,0.8677,775.0,336.0,593.0,342.0,706.5,407.0,671.0,415.5,182.0989,36.5034,0.2005,1,1,169,1
169,3,0,0,1,1,1,0.9873,0.9824,0.8936,0.8647,1048.0,347.0,868.5,341.5,1000.0,388.0,951.0,358.0,179.5842,57.4543,0.3199,1,1,170,1
169,3,0,2,1,1,1,0.9854,0.9902,0.9038,0.9165,535.0,254.5,351.75,256.0,458.0,268.5,409.0,271.5,183.2561,49.0918,0.2679,1,1,170,1
169,3,0,1,1,1,1,0.9888,0.9839,0.8955,0.8691,775.5,336.0,593.5,342.0,706.0,407.0,671.0,414.5,182.0989,35.7946,0.1966,1,1,170,1
170,3,0,0,1,1,1,0.9873,0.9824,0.8936,0.8647,1048.0,347.0,868.5,341.5,1000.0,388.0,950.5,358.0,179.5842,57.8813,0.3223,1,1,171,1
170,3,0,2,1,1,1,0.9854,0.9902,0.9038,0.9165,535.0,254.5,351.75,256.0,458.0,269.0,409.0,271.5,183.2561,49.0637,0.2677,1,1,171,1
170,3,0,1,1,1,1,0.9888,0.9839,0.895,0.8691,775.5,336.0,593.5,342.0,706.0,407.0,671.0,414.5,182.0989,35.7946,0.1966,1,1,171,1
171,3,0,0,1,1,1,0.9878,0.9819,0.8965,0.8623,1047.0,347.0,868.5,341.0,1000.0,389.0,950.5,358.5,178.6008,58.1421,0.3255,1,1,172,1
171,3,0,2,1,1,1,0.9854,0.9902,0.9023,0.9185,534.5,255.0,351.25,257.0,458.0,268.5,408.25,272.5,183.2609,49.9105,0.2723,1,1,172,1
171,3,0,1,1,1,1,0.9883,0.9844,0.8931,0.8711,775.5,336.0,593.0,342.0,706.0,407.0,671.5,414.5,182.5986,35.3058,0.1934,1,1,172,1
172,3,0,0,1,1,1,0.9878,0.9819,0.897,0.8618,1047.0,347.0,868.5,341.0,1000.0,389.0,950.5,358.5,178.6008,58.1421,0.3255,1,1,173,1
172,3,0,2,1,1,1,0.9854,0.9902,0.9023,0.918,535.0,255.0,351.25,257.0,458.0,268.5,408.25,272.5,183.7609,49.9105,0.2716,1,1,173,1
172,3,0,1,1,1,1,0.9883,0.9844,0.8931,0.8711,775.5,336.0,593.0,342.0,706.0,407.0,671.5,414.5,182.5986,35.3058,0.1934,1,1,173,1
173,3,0,0,1,1,1,0.9863,0.9814,0.8911,0.8662,1043.0,346.5,872.5,343.0,1001.5,392.0,952.5,360.0,170.5359,58.5235,0.3432,1,1,174,1
173,3,0,2,1,1,1,0.9854,0.9902,0.9019,0.9175,534.0,255.5,351.25,257.5,457.75,268.5,408.25,273.0,182.7609,49.7041,0.272,1,1,174,1
173,3,0,1,1,1,1,0.9888,0.9839,0.8965,0.8682,775.5,336.0,593.0,342.0,706.5,407.5,671.5,415.0,182.5986,35.7946,0.196,1,1,174,1
174,3,0,0,1,1,1,0.9878,0.9824,0.8965,0.8643,1047.0,346.5,868.5,341.0,1000.5,390.5,950.0,359.0,178.5847,59.5189,0.3333,1,1,175,1
174,3,0,2,1,1,1,0.9854,0.9902,0.9023,0.918,534.0,255.5,351.25,257.5,458.0,268.5,408.25,272.5,182.7609,49.9105,0.2731,1,1,175,1
174,3,0,1,1,1,1,0.9888,0.9839,0.8965,0.8677,775.5,336.0,593.0,342.0,706.5,407.5,671.5,414.5,182.5986,35.6931,0.1955,1,1,175,1
175,3,0,0,1,1,1,0.9878,0.9824,0.8955,0.8633,1046.0,346.5,868.5,341.0,1000.5,389.0,950.0,358.5,177.5852,58.9958,0.3322,1,1,176,1
175,3,0,1,1,1,1,0.9883,0.9839,0.894,0.8711,775.0,336.0,593.5,342.5,707.5,408.5,670.5,414.5,181.6164,37.4833,0.2064,1,1,176,1
175,3,0,2,1,1,1,0.9854,0.9902,0.9028,0.9165,534.5,255.0,351.75,257.5,458.25,268.0,408.5,272.0,182.7671,49.9105,0.2731,1,1,176,1
176,3,0,0,1,1,1,0.9878,0.9824,0.8955,0.8633,1046.0,346.5,868.5,341.0,1000.5,389.0,950.0,359.0,177.5852,58.7388,0.3308,1,1,177,1
176,3,0,1,1,1,1,0.9883,0.9844,0.894,0.8711,775.5,335.5,594.0,342.5,707.5,408.5,670.5,414.5,181.6349,37.4833,0.2064,1,1,177,1
176,3,0,2,1,1,1,0.9854,0.9902,0.9023,0.9165,534.5,255.0,351.75,257.5,458.0,268.0,408.5,272.0,182.7671,49.6614,0.2717,1,1,177,1
177,4,1,0,1,1,1,0.9878,0.9819,0.8965,0.8638,1046.0,346.5,869.0,341.5,1000.5,391.0,950.0,360.0,177.0706,59.2558,0.3346,1,1,178,1
177,4,1,2,1,1,1,0.9854,0.9902,0.9023,0.9165,534.0,255.5,351.5,258.0,458.75,269.5,408.5,271.5,182.5171,50.2898,0.2755,1,1,178,1
177,4,1,1,1,1,1,0.9883,0.9839,0.895,0.8701,775.5,336.0,594.0,342.5,706.5,407.5,669.5,414.5,181.6164,37.6563,0.2073,1,1,178,1
177,4,1,14,0,0,1,0.0155,0.0687,0.0274,0.1172,1274.0,567.0,1272.0,571.0,1211.0,699.0,1214.0,684.5,4.4721,14.8071,3.311,0,0,0,0
178,3,0,0,1,1,1,0.9878,0.9819,0.8965,0.8618,1046.0,346.5,869.0,341.0,999.5,388.0,949.5,359.5,177.0854,57.5522,0.325,1,1,179,1
178,3,0,1,1,1,1,0.9888,0.9834,0.897,0.8682,775.5,336.0,593.0,342.5,706.0,407.0,671.0,415.0,182.6157,35.9026,0.1966,1,1,179,1
178,3,0,2,1,1,1,0.9854,0.9902,0.9038,0.9185,534.0,256.0,351.75,258.0,459.0,270.0,409.0,272.5,182.261,50.0625,0.2747,1,1,179,1
179,3,0,0,1,1,1,0.9878,0.9819,0.8965,0.8618,1046.0,346.5,869.0,341.0,999.5,388.0,949.5,359.5,177.0854,57.5522,0.325,1,1,180,1
179,3,0,2,1,1,1,0.9854,0.9902,0.9033,0.9185,534.0,256.0,351.5,258.0,459.25,270.0,409.0,272.5,182.511,50.3122,0.2757,1,1,180,1
179,3,0,1,1,1,1,0.9888,0.9834,0.8965,0.8687,775.5,336.0,593.5,342.5,706.0,407.0,671.0,415.0,182.116,35.9026,0.1971,1,1,180,1
180,3,0,0,1,1,1,0.9878,0.9819,0.9004,0.8652,1045.0,347.0,868.5,341.0,997.0,384.0,949.5,359.5,176.602,53.4462,0.3026,1,1,181,1
180,3,0,2,1,1,1,0.9893,0.9854,0.9146,0.8955,536.5,261.0,351.25,260.0,451.5,271.5,405.5,268.5,185.2527,46.0977,0.2488,1,1,181,1
180,3,0,1,1,1,1,0.9888,0.9844,0.895,0.8721,774.5,336.0,593.5,343.0,707.0,407.0,670.0,414.0,181.1353,37.6563,0.2079,1,1,181,1
181,3,0,0,1,1,1,0.9878,0.9819,0.9004,0.8652,1046.0,347.0,868.5,341.0,997.0,384.0,949.5,359.5,177.6014,53.4462,0.3009,1,1,182,1
181,3,0,2,1,1,1,0.9893,0.9854,0.915,0.895,536.0,261.0,351.25,260.0,451.5,271.5,405.5,269.0,184.7527,46.0679,0.2493,1,1,182,1
181,3,0,1,1,1,1,0.9888,0.9844,0.895,0.8721,774.5,336.0,593.5,343.0,707.0,407.0,669.5,414.5,181.1353,38.2426,0.2111,1,1,182,1
182,3,0,0,1,1,1,0.9873,0.9819,0.895,0.8652,1046.0,347.0,868.5,341.0,997.5,384.5,949.5,360.5,177.6014,53.6656,0.3022,1,1,183,1
182,3,0,2,1,1,1,0.9854,0.9907,0.9023,0.9194,535.0,256.5,351.5,258.0,458.5,269.5,409.5,273.5,183.5061,49.163,0.2679,1,1,183,1
182,3,0,1,1,1,1,0.9888,0.9839,0.8965,0.8682,775.0,335.5,593.5,342.5,706.0,407.0,669.5,414.0,181.6349,37.1652,0.2046,1,1,183,1
183,3,0,0,1,1,1,0.9873,0.9819,0.895,0.8647,1047.0,347.0,868.5,341.0,997.5,384.5,949.5,360.5,178.6008,53.6656,0.3005,1,1,184,1
183,3,0,2,1,1,1,0.9854,0.9907,0.9023,0.9194,535.0,256.5,351.25,258.0,458.5,269.5,409.5,273.5,183.7561,49.163,0.2675,1,1,184,1
183,3,0,1,1,1,1,0.9888,0.9839,0.896,0.8682,775.0,336.0,593.5,342.5,706.0,407.0,669.5,414.0,181.6164,37.1652,0.2046,1,1,184,1
184,3,0,0,1,1,1,0.9873,0.9829,0.8911,0.8672,1046.0,346.5,868.0,341.5,996.0,382.5,950.0,358.5,178.0702,51.8845,0.2914,1,1,185,1
184,3,0,2,1,1,1,0.9854,0.9902,0.9038,0.9194,535.0,256.5,352.0,258.0,458.25,269.5,409.75,275.0,183.0061,48.8109,0.2667,1,1,185,1
184,3,0,1,1,1,1,0.9888,0.9834,0.8965,0.8672,775.0,336.0,593.5,342.5,706.0,407.0,671.5,415.0,181.6164,35.4154,0.195,1,1,185,1
185,3,0,0,1,1,1,0.9873,0.9824,0.894,0.8662,1046.0,346.0,868.5,341.5,998.5,386.5,949.5,360.0,177.557,55.7068,0.3137,1,1,186,1
185,3,0,2,1,1,1,0.9854,0.9907,0.9023,0.918,534.0,256.0,351.75,257.5,458.25,270.0,409.0,274.0,182.2562,49.4122,0.2711,1,1,186,1
185,3,0,1,1,1,1,0.9888,0.9839,0.894,0.8687,775.0,335.5,593.0,342.5,705.0,406.5,670.0,414.5,182.1346,35.9026,0.1971,1,1,186,1
186,3,0,0,1,1,1,0.9873,0.9824,0.8936,0.8662,1046.0,346.0,868.5,341.5,998.5,386.5,949.5,360.0,177.557,55.7068,0.3137,1,1,187,1
186,3,0,2,1,1,1,0.9854,0.9907,0.9023,0.918,534.0,256.0,351.75,257.5,458.5,270.0,409.0,274.0,182.2562,49.6614,0.2725,1,1,187,1
186,3,0,1,1,1,1,0.9888,0.9839,0.8945,0.8682,775.0,335.5,593.0,342.5,705.0,406.5,670.0,414.5,182.1346,35.9026,0.1971,1,1,187,1
187,3,0,0,1,1,1,0.9873,0.9829,0.8916,0.8657,1047.0,346.0,868.0,342.0,999.5,388.5,950.5,359.5,179.0447,56.9386,0.318,1,1,188,1
187,3,0,2,1,1,1,0.9854,0.9907,0.9023,0.9189,534.0,255.5,351.75,257.5,458.0,270.0,409.5,274.0,182.261,48.6647,0.267,1,1,188,1
187,3,0,1,1,1,1,0.9888,0.9839,0.8955,0.8682,775.0,335.5,593.5,342.5,704.0,406.0,670.0,414.5,181.6349,35.0464,0.1929,1,1,188,1
188,3,0,0,1,1,1,0.9873,0.9829,0.8916,0.8662,1047.0,346.0,868.0,342.0,999.0,387.5,950.0,359.5,179.0447,56.4358,0.3152,1,1,189,1
188,3,0,2,1,1,1,0.9854,0.9902,0.9023,0.9189,534.0,255.5,351.75,257.5,458.0,270.0,409.25,274.0,182.261,48.9138,0.2684,1,1,189,1
188,3,0,1,1,1,1,0.9839,0.9878,0.8735,0.8984,771.0,334.0,596.5,341.5,706.0,405.0,671.5,416.0,174.6611,36.2112,0.2073,1,1,189,1
189,4,1,0,1,1,1,0.9873,0.9824,0.8926,0.8662,1047.0,345.5,868.5,341.0,998.5,385.5,949.5,360.0,178.5567,55.2381,0.3094,1,1,190,1
189,4,1,1,1,1,1,0.9888,0.9839,0.8975,0.8682,775.0,335.5,594.0,342.0,705.0,404.5,669.0,414.0,181.1167,37.2324,0.2056,1,1,190,1
189,4,1,2,1,1,1,0.9897,0.9854,0.9175,0.897,536.0,260.0,351.75,259.5,451.0,272.5,405.25,270.0,184.2507,45.8183,0.2487,1,1,190,1
189,4,1,15,0,0,1,0.0179,0.0712,0.0308,0.1205,1273.0,571.0,1272.0,575.0,1206.0,699.0,1212.0,684.0,4.1231,16.1555,3.9183,0,0,0,0
190,4,1,0,1,1,1,0.9873,0.9824,0.8926,0.8667,1047.0,345.5,868.5,341.0,998.5,385.5,950.0,359.5,178.5567,55.0295,0.3082,1,1,191,1
190,4,1,1,1,1,1,0.9888,0.9839,0.8975,0.8682,775.0,335.0,593.5,342.0,705.0,404.5,669.0,414.0,181.6349,37.2324,0.205,1,1,191,1
190,4,1,2,1,1,1,0.9897,0.9854,0.9175,0.897,536.0,260.0,351.75,259.5,451.0,272.0,405.25,270.0,184.2507,45.7937,0.2485,1,1,191,1
190,4,1,15,0,0,1,0.0176,0.0704,0.0304,0.1195,1273.0,571.5,1272.0,575.0,1206.0,699.0,1212.0,684.0,3.6401,16.1555,4.4383,0,0,0,0
191,3,0,0,1,1,1,0.9878,0.9829,0.8945,0.8677,1047.0,345.5,868.5,341.5,998.5,387.0,949.5,360.5,178.5448,55.7068,0.312,1,1,192,1
191,3,0,1,1,1,1,0.9888,0.9839,0.8984,0.8687,774.5,335.5,593.0,342.0,704.0,405.5,671.0,416.0,181.6164,34.6302,0.1907,1,1,192,1
191,3,0,2,1,1,1,0.9858,0.9902,0.9048,0.918,535.0,256.0,351.75,258.0,459.0,270.5,410.0,273.5,183.2609,49.0918,0.2679,1,1,192,1
192,3,0,0,1,1,1,0.9878,0.9829,0.8945,0.8677,1047.0,346.0,868.5,341.5,998.5,386.5,949.5,360.5,178.5567,55.4707,0.3107,1,1,193,1
192,3,0,1,1,1,1,0.9888,0.9834,0.8984,0.8687,774.5,335.5,593.0,342.0,703.5,405.5,671.0,416.0,181.6164,34.1541,0.1881,1,1,193,1
192,3,0,2,1,1,1,0.9858,0.9902,0.9048,0.9185,535.0,256.0,351.75,258.0,459.0,270.0,410.0,273.5,183.2609,49.1248,0.2681,1,1,193,1
193,3,0,0,1,1,1,0.9873,0.9829,0.8936,0.8667,1047.0,345.5,868.5,341.5,999.5,387.0,950.5,359.0,178.5448,56.4358,0.3161,1,1,194,1
193,3,0,1,1,1,1,0.9893,0.9834,0.8989,0.8672,774.0,335.0,593.0,341.5,704.0,405.5,670.0,414.5,181.1167,35.171,0.1942,1,1,194,1
193,3,0,2,1,1,1,0.9897,0.9858,0.9175,0.897,536.0,260.0,351.5,259.5,450.75,270.5,406.25,269.5,184.5007,44.5112,0.2413,1,1,194,1
194,3,0,0,1,1,1,0.9878,0.9824,0.8955,0.8662,1046.0,346.0,868.0,341.5,1000.0,388.5,949.5,360.0,178.0569,57.9871,0.3257,1,1,195,1
194,3,0,1,1,1,1,0.9888,0.9839,0.8975,0.8696,774.0,335.5,593.0,342.0,703.0,405.0,669.0,412.5,181.1167,34.8174,0.1922,1,1,195,1
194,3,0,2,1,1,1,0.9897,0.9858,0.9165,0.8975,536.5,260.0,351.5,259.5,451.0,271.5,406.5,270.0,185.0007,44.5253,0.2407,1,1,195,1
195,3,0,0,1,1,1,0.9878,0.9824,0.8955,0.8662,1046.0,346.0,868.0,341.0,1000.0,388.5,950.0,360.0,178.0702,57.5522,0.3232,1,1,196,1
195,3,0,1,1,1,1,0.9888,0.9839,0.897,0.8696,774.5,335.5,593.0,342.0,702.5,405.0,669.0,412.5,181.6164,34.3293,0.189,1,1,196,1
195,3,0,2,1,1,1,0.9897,0.9854,0.917,0.897,536.5,260.0,351.5,259.5,451.0,271.5,406.5,270.0,185.0007,44.5253,0.2407,1,1,196,1
196,3,0,0,1,1,1,0.9878,0.9824,0.8931,0.8647,1047.0,346.0,868.0,341.5,1000.0,388.0,950.5,358.0,179.0566,57.8813,0.3233,1,1,197,1
196,3,0,1,1,1,1,0.9893,0.9839,0.8984,0.8682,774.0,336.0,593.5,342.0,704.5,405.0,668.0,412.0,180.5997,37.1652,0.2058,1,1,197,1
196,3,0,2,1,1,1,0.9854,0.9902,0.9033,0.9175,535.0,256.5,352.25,258.0,458.0,270.0,410.5,274.5,182.7562,47.7127,0.2611,1,1,197,1
197,3,0,0,1,1,1,0.9873,0.9824,0.8926,0.8647,1047.0,346.0,868.0,341.5,1000.0,388.0,950.5,358.0,179.0566,57.8813,0.3233,1,1,198,1
197,3,0,1,1,1,1,0.9893,0.9839,0.8984,0.8682,774.0,335.5,593.5,342.0,704.5,405.0,668.0,412.5,180.617,37.2626,0.2063,1,1,198,1
197,3,0,2,1,1,1,0.9854,0.9902,0.9038,0.9175,535.0,256.5,352.5,258.0,458.0,270.0,410.5,274.5,182.5062,47.7127,0.2614,1,1,198,1
198,3,0,0,1,1,1,0.9873,0.9829,0.8906,0.8667,1047.0,346.0,868.0,341.5,1001.0,388.5,950.5,357.5,179.0566,59.2558,0.3309,1,1,199,1
198,3,0,2,1,1,1,0.9897,0.9854,0.918,0.895,536.5,260.5,352.0,260.0,451.0,272.5,407.5,270.5,184.5007,43.546,0.236,1,1,199,1
198,3,0,1,1,1,1,0.9844,0.9873,0.8804,0.8975,770.0,334.5,596.0,341.5,705.0,402.5,669.0,413.0,174.1407,37.5,0.2153,1,1,199,1
199,3,0,0,1,1,1,0.9873,0.9829,0.8901,0.8677,1047.0,346.0,868.0,341.5,1001.0,388.0,950.5,357.5,179.0566,58.9958,0.3295,1,1,200,1
199,3,0,2,1,1,1,0.9897,0.9854,0.918,0.895,536.5,260.5,352.0,259.5,451.0,272.5,407.25,270.5,184.5027,43.7957,0.2374,1,1,200,1
199,3,0,1,1,1,1,0.9888,0.9834,0.8984,0.8691,774.0,335.5,593.0,342.5,703.5,403.0,667.5,412.0,181.1353,37.108,0.2049,1,1,200,1
200,3,0,0,1,1,1,0.9878,0.9829,0.8931,0.8647,1047.0,345.5,868.5,341.5,1001.5,390.5,950.0,358.5,178.5448,60.6321,0.3396,1,1,201,1
200,3,0,2,1,1,1,0.9897,0.9854,0.9185,0.895,536.0,260.5,352.25,259.0,450.25,273.0,408.0,271.5,183.7561,42.2766,0.2301,1,1,201,1
200,3,0,1,1,1,1,0.9893,0.9834,0.9014,0.8691,773.0,335.0,593.5,342.0,703.0,402.0,666.5,411.5,179.6364,37.716,0.21,1,1,201,1
201,3,0,0,1,1,1,0.9878,0.9829,0.8931,0.8652,1047.0,345.5,868.5,342.0,1001.5,390.0,950.0,358.0,178.5343,60.6321,0.3396,1,1,202,1
201,3,0,2,1,1,1,0.9897,0.9854,0.9189,0.8955,536.0,260.0,352.25,259.0,450.25,273.0,408.0,271.0,183.7527,42.2973,0.2302,1,1,202,1
201,3,0,1,1,1,1,0.9893,0.9834,0.9014,0.8682,773.0,335.0,593.5,342.0,703.0,402.0,666.5,411.0,179.6364,37.5932,0.2093,1,1,202,1
202,3,0,0,1,1,1,0.9878,0.9829,0.8921,0.8643,1048.0,346.0,869.0,342.0,1001.5,389.5,951.0,356.0,179.0447,60.6012,0.3385,1,1,203,1
202,3,0,1,1,1,1,0.9897,0.9824,0.9043,0.8628,773.0,335.5,593.0,342.0,702.5,402.0,667.0,413.0,180.1173,37.1652,0.2063,1,1,203,1
202,3,0,2,1,1,1,0.9897,0.9854,0.9189,0.8965,536.5,260.5,352.0,259.5,450.5,273.5,407.5,271.0,184.5027,43.0726,0.2335,1,1,203,1
203,3,0,0,1,1,1,0.9878,0.9829,0.8921,0.8643,1048.0,346.0,869.0,342.0,1001.5,389.5,951.0,356.0,179.0447,60.6012,0.3385,1,1,204,1
203,3,0,1,1,1,1,0.9897,0.9824,0.9043,0.8623,773.0,335.5,593.0,342.5,703.0,402.0,667.5,413.0,180.1361,37.1652,0.2063,1,1,204,1
203,3,0,2,1,1,1,0.9897,0.9854,0.9189,0.8965,536.5,260.5,352.0,259.0,450.75,273.5,407.5,271.5,184.5061,43.2962,0.2347,1,1,204,1
204,3,0,0,1,1,1,0.9878,0.9829,0.8955,0.8643,1048.0,345.5,869.0,342.0,1002.0,391.0,951.0,356.5,179.0342,61.5731,0.3439,1,1,205,1
204,3,0,1,1,1,1,0.9897,0.9829,0.9033,0.8638,773.0,334.5,594.0,342.0,703.0,403.0,668.0,412.0,179.1571,36.1386,0.2017,1,1,205,1
204,3,0,2,1,1,1,0.9897,0.9854,0.9185,0.897,536.5,260.0,352.0,259.0,451.0,274.0,407.75,271.5,184.5027,43.3222,0.2348,1,1,205,1
205,3,0,0,1,1,1,0.9878,0.9829,0.8931,0.8633,1049.0,346.0,869.5,342.5,1002.5,392.0,951.5,355.0,179.5341,63.0079,0.351,1,1,206,1
205,3,0,1,1,1,1,0.9893,0.9829,0.9028,0.8618,773.0,334.5,594.0,342.0,702.5,404.0,667.0,412.0,179.1571,36.3902,0.2031,1,1,206,1
205,3,0,2,1,1,1,0.9858,0.9902,0.9058,0.9194,535.5,256.0,352.0,257.0,458.75,272.5,411.25,276.0,183.5027,47.6288,0.2596,1,1,206,1
206,3,0,0,1,1,1,0.9878,0.9829,0.8936,0.8638,1049.0,346.0,869.5,342.5,1002.0,392.0,951.5,354.5,179.5341,62.9007,0.3504,1,1,207,1
206,3,0,1,1,1,1,0.9897,0.9829,0.9028,0.8618,773.0,334.5,594.0,342.0,702.5,404.0,667.0,412.0,179.1571,36.3902,0.2031,1,1,207,1
206,3,0,2,1,1,1,0.9858,0.9902,0.9058,0.9189,536.0,256.0,352.0,257.0,458.75,272.5,411.25,276.5,184.0027,47.6681,0.2591,1,1,207,1
207,3,0,0,1,1,1,0.9868,0.9873,0.8853,0.8804,1044.0,347.0,871.0,346.5,999.0,393.0,954.5,358.0,173.0007,56.6149,0.3273,1,1,208,1
207,3,0,2,1,1,1,0.9858,0.9902,0.9053,0.9175,537.0,256.5,352.75,257.5,458.0,273.0,411.5,277.0,184.2527,46.6717,0.2533,1,1,208,1
207,3,0,1,1,1,1,0.9893,0.9824,0.9014,0.8623,773.0,334.5,593.5,342.5,702.0,402.0,666.5,411.5,179.6782,36.7491,0.2045,1,1,208,1
208,3,0,0,1,1,1,0.9863,0.9819,0.8877,0.8691,1046.0,345.5,874.0,345.0,1003.0,393.5,954.0,355.5,172.0007,62.0081,0.3605,1,1,209,1
208,3,0,2,1,1,1,0.9858,0.9902,0.9053,0.9175,537.0,256.0,352.75,257.5,458.0,273.0,411.5,277.0,184.2561,46.6717,0.2533,1,1,209,1
208,3,0,1,1,1,1,0.9893,0.9824,0.9014,0.8623,773.0,334.5,593.5,342.5,702.0,402.0,666.5,411.0,179.6782,36.6231,0.2038,1,1,209,1
209,3,0,0,1,1,1,0.9858,0.9824,0.8848,0.8706,1046.0,345.5,873.5,344.5,1002.5,392.0,954.0,355.5,172.5029,60.7001,0.3519,1,1,210,1
209,3,0,2,1,1,1,0.9858,0.9902,0.9043,0.9175,536.0,256.5,352.75,257.5,458.5,273.0,410.5,276.5,183.2527,48.1274,0.2626,1,1,210,1
209,3,0,1,1,1,1,0.9893,0.9829,0.9023,0.8628,772.5,334.0,593.5,342.5,703.5,403.5,667.0,411.0,179.2017,37.2626,0.2079,1,1,210,1
210,3,0,0,1,1,1,0.9858,0.9824,0.8853,0.8706,1046.0,345.0,873.5,344.5,1002.5,392.0,954.0,355.5,172.5007,60.7001,0.3519,1,1,211,1
210,3,0,2,1,1,1,0.9858,0.9902,0.9043,0.9175,536.0,256.5,352.75,257.5,458.5,273.0,410.75,276.5,183.2527,47.8781,0.2613,1,1,211,1
210,3,0,1,1,1,1,0.9893,0.9829,0.9014,0.8633,772.5,334.0,593.5,342.5,703.5,403.5,667.0,411.0,179.2017,37.2626,0.2079,1,1,211,1
211,3,0,0,1,1,1,0.9858,0.9819,0.8887,0.8701,1046.0,346.0,873.5,344.5,1002.0,390.0,954.0,355.0,172.5065,59.4054,0.3444,1,1,212,1
211,3,0,1,1,1,1,0.9897,0.9829,0.9043,0.8623,772.5,334.5,593.0,343.0,704.5,404.5,666.5,412.0,179.7011,38.7331,0.2155,1,1,212,1
211,3,0,2,1,1,1,0.9854,0.9902,0.9038,0.917,536.0,256.0,352.5,257.5,458.25,272.0,410.75,276.0,183.5061,47.6681,0.2598,1,1,212,1
212,3,0,0,1,1,1,0.9858,0.9819,0.8882,0.8701,1046.0,345.5,873.5,344.5,1001.5,390.0,954.0,354.5,172.5029,59.3001,0.3438,1,1,213,1
212,3,0,1,1,1,1,0.9897,0.9829,0.9038,0.8623,772.5,334.5,593.0,343.0,705.0,404.5,666.5,412.0,179.7011,39.2237,0.2183,1,1,213,1
212,3,0,2,1,1,1,0.9897,0.9854,0.9199,0.8955,537.0,260.5,352.25,259.0,451.0,273.5,407.0,271.5,184.7561,44.0454,0.2384,1,1,213,1
213,3,0,0,1,1,1,0.9878,0.9824,0.8936,0.8643,1050.0,346.0,869.5,342.0,999.5,386.5,951.0,356.0,180.5443,57.2931,0.3173,1,1,214,1
213,3,0,2,1,1,1,0.9897,0.9854,0.9194,0.895,537.0,260.5,352.25,259.5,450.75,274.0,407.0,271.5,184.7527,43.8214,0.2372,1,1,214,1
213,3,0,1,1,1,1,0.9897,0.9824,0.9043,0.8608,772.5,334.5,593.5,342.5,704.5,405.0,666.0,410.0,179.1787,38.8233,0.2167,1,1,214,1
214,3,0,0,1,1,1,0.9863,0.9814,0.8901,0.8667,1046.0,346.0,874.0,344.0,1000.5,387.0,954.0,357.0,172.0116,55.3376,0.3217,1,1,215,1
214,3,0,1,1,1,1,0.9897,0.9829,0.9038,0.8618,772.5,334.5,593.0,342.5,704.5,405.0,666.5,411.0,179.6782,38.4708,0.2141,1,1,215,1
214,3,0,2,1,1,1,0.9897,0.9849,0.9194,0.894,537.0,261.0,352.25,260.0,450.25,273.5,407.0,272.0,184.7527,43.276,0.2342,1,1,215,1
215,3,0,0,1,1,1,0.9878,0.9824,0.894,0.8643,1050.0,345.5,869.5,342.0,1000.0,386.0,951.5,356.5,180.5339,56.7671,0.3144,1,1,216,1
215,3,0,1,1,1,1,0.9897,0.9829,0.9038,0.8613,772.5,334.5,593.0,342.5,704.5,405.0,666.5,411.0,179.6782,38.4708,0.2141,1,1,216,1
215,3,0,2,1,1,1,0.9854,0.9902,0.9038,0.9165,536.0,256.5,352.25,258.0,457.75,271.5,410.75,277.0,183.7561,47.3207,0.2575,1,1,216,1
216,3,0,0,1,1,1,0.9858,0.9819,0.8901,0.8706,1046.0,345.5,874.0,344.5,1000.0,386.0,953.5,357.5,172.0029,54.539,0.3171,1,1,217,1
216,3,0,1,1,1,1,0.9897,0.9829,0.9033,0.8633,773.0,335.0,593.5,343.0,704.0,405.0,666.0,411.0,179.6782,38.4708,0.2141,1,1,217,1
216,3,0,2,1,1,1,0.9858,0.9897,0.9053,0.9146,536.0,256.5,352.75,257.5,457.5,271.0,410.5,277.0,183.2527,47.3814,0.2586,1,1,217,1
217,3,0,0,1,1,1,0.9863,0.9819,0.8901,0.8706,1046.0,345.0,874.0,344.5,1000.0,386.0,953.5,357.0,172.0007,54.8019,0.3186,1,1,218,1
217,3,0,1,1,1,1,0.9897,0.9829,0.9033,0.8633,773.0,335.0,593.5,343.0,704.0,405.0,666.0,411.0,179.6782,38.4708,0.2141,1,1,218,1
217,3,0,2,1,1,1,0.9858,0.9897,0.9053,0.9146,536.0,256.5,352.5,257.5,458.0,271.0,410.5,277.0,183.5027,47.8774,0.2609,1,1,218,1
218,4,1,0,1,1,1,0.9858,0.9819,0.8901,0.8721,1046.0,345.5,874.5,344.0,999.5,385.0,953.5,357.0,171.5066,53.8516,0.314,1,1,219,1
218,4,1,2,1,1,1,0.9858,0.9902,0.9062,0.9155,536.0,256.0,352.5,257.5,457.75,271.0,410.75,276.0,183.5061,47.2652,0.2576,1,1,219,1
218,4,1,1,1,1,1,0.9897,0.9824,0.9058,0.8613,773.0,335.0,593.5,343.0,703.0,403.0,666.5,410.5,179.6782,37.2626,0.2074,1,1,219,1
218,4,1,16,0,0,1,0.0167,0.0746,0.0303,0.1311,1276.0,563.5,1272.0,566.5,1212.0,696.5,1215.0,682.0,5.0,14.8071,2.9614,0,0,0,0
219,4,1,0,1,1,1,0.9858,0.9819,0.8901,0.8726,1046.0,345.5,874.5,344.0,999.5,384.5,953.5,357.0,171.5066,53.5934,0.3125,1,1,220,1
219,4,1,2,1,1,1,0.9858,0.9902,0.9058,0.9155,536.0,256.0,352.5,257.0,458.0,271.0,411.0,276.0,183.5027,47.2652,0.2576,1,1,220,1
219,4,1,1,1,1,1,0.9897,0.9824,0.9058,0.8613,772.5,335.5,593.0,343.0,703.5,403.0,666.5,410.5,179.6566,37.7525,0.2101,1,1,220,1
219,4,1,16,0,0,1,0.0167,0.0743,0.0306,0.1322,1276.0,563.5,1272.0,566.5,1211.0,696.0,1214.0,682.0,5.0,14.3178,2.8636,0,0,0,0
220,3,0,0,1,1,1,0.9868,0.9878,0.8882,0.8867,1046.0,347.0,871.5,346.0,995.0,382.0,954.0,361.0,174.5029,46.0652,0.264,1,1,221,1
220,3,0,2,1,1,1,0.9858,0.9897,0.9072,0.9165,536.0,255.5,352.75,257.5,458.25,271.5,410.25,275.5,183.2609,48.1664,0.2628,1,1,221,1
220,3,0,1,1,1,1,0.9897,0.9829,0.9038,0.8652,772.5,335.0,593.0,343.0,702.5,402.0,666.5,410.0,179.6782,36.8782,0.2052,1,1,221,1
221,4,1,0,1,1,1,0.9854,0.9824,0.8853,0.8745,1046.0,345.0,874.5,344.0,1001.5,386.0,954.0,357.0,171.5029,55.6529,0.3245,1,1,222,1
221,4,1,1,1,1,1,0.9893,0.9829,0.9028,0.8643,773.0,335.5,593.0,343.0,702.5,403.0,667.5,411.0,180.1562,35.9026,0.1993,1,1,222,1
221,4,1,2,1,1,1,0.9858,0.9897,0.9062,0.9146,536.0,255.5,353.0,257.5,457.75,270.5,410.25,275.5,183.0109,47.7624,0.261,1,1,222,1
221,4,1,17,0,0,1,0.0158,0.0731,0.0304,0.1333,1275.0,565.5,1272.0,569.5,1207.0,700.0,1210.0,685.5,5.0,14.8071,2.9614,0,0,0,0
222,4,1,0,1,1,1,0.9863,0.9878,0.8823,0.8867,1046.0,347.0,871.5,345.5,997.0,385.0,954.5,359.5,174.5064,49.5631,0.284,1,1,223,1
222,4,1,1,1,1,1,0.9893,0.9829,0.9028,0.8638,773.0,335.5,593.0,343.0,702.5,402.5,667.5,411.0,180.1562,36.0174,0.1999,1,1,223,1
222,4,1,2,1,1,1,0.9858,0.9897,0.9067,0.915,536.0,255.5,353.0,257.5,457.5,271.0,410.0,275.5,183.0109,47.7127,0.2607,1,1,223,1
222,4,1,17,0,0,1,0.0162,0.0735,0.0307,0.1331,1275.0,566.0,1272.0,570.0,1206.0,700.0,1209.0,686.0,5.0,14.3178,2.8636,0,0,0,0
223,3,0,0,1,1,1,0.9858,0.9878,0.8813,0.8872,1046.0,347.0,871.5,346.0,997.0,386.0,955.0,358.5,174.5029,50.2021,0.2877,1,1,224,1
223,3,0,1,1,1,1,0.9893,0.9829,0.9004,0.8647,773.0,335.0,593.0,343.0,702.0,403.0,668.5,411.5,180.1777,34.5615,0.1918,1,1,224,1
223,3,0,2,1,1,1,0.9858,0.9897,0.9053,0.915,535.5,255.0,353.25,257.0,457.25,270.0,410.5,275.0,182.261,47.0166,0.258,1,1,224,1
224,3,0,0,1,1,1,0.9858,0.9878,0.8813,0.8872,1046.0,347.0,871.5,346.0,997.0,385.5,955.0,358.5,174.5029,49.93,0.2861,1,1,225,1
224,3,0,1,1,1,1,0.9893,0.9829,0.9009,0.8647,773.0,335.0,593.0,343.0,702.5,403.0,668.5,411.5,180.1777,35.0464,0.1945,1,1,225,1
224,3,0,2,1,1,1,0.9858,0.9897,0.9058,0.9146,536.0,255.0,353.25,256.5,457.5,270.0,410.25,275.0,182.7562,47.5138,0.26,1,1,225,1
225,4,1,0,1,1,1,0.9858,0.9824,0.8872,0.8755,1046.0,345.0,875.0,344.0,1002.5,388.0,954.0,356.0,171.0029,58.1055,0.3398,1,1,226,1
225,4,1,1,1,1,1,0.9893,0.9829,0.9023,0.8657,773.5,335.5,593.0,343.0,701.5,401.5,669.0,412.5,180.6557,34.3111,0.1899,1,1,226,1
225,4,1,2,1,1,1,0.9897,0.9849,0.9194,0.8906,537.0,259.5,353.0,258.5,449.5,271.5,406.75,270.0,184.0027,42.7763,0.2325,1,1,226,1
225,4,1,18,0,0,1,0.0167,0.0725,0.0291,0.1251,1275.0,566.0,1272.0,569.5,1201.0,699.0,1206.0,684.0,4.6098,15.8114,3.43,0,0,0,0
226,4,1,0,1,1,1,0.9858,0.9824,0.8867,0.8755,1046.0,345.0,874.5,344.0,1002.5,388.0,954.0,356.0,171.5029,58.1055,0.3388,1,1,227,1
226,4,1,1,1,1,1,0.9893,0.9829,0.9023,0.8657,773.5,335.5,593.0,343.0,701.5,401.5,669.0,412.5,180.6557,34.3111,0.1899,1,1,227,1
226,4,1,2,1,1,1,0.9858,0.9897,0.9048,0.9141,535.5,255.5,353.0,257.0,457.25,269.0,410.5,275.0,182.5062,47.1335,0.2583,1,1,227,1
226,4,1,18,0,0,1,0.0168,0.0723,0.0292,0.1245,1275.0,566.0,1272.0,570.0,1201.0,699.0,1206.0,684.5,5.0,15.3379,3.0676,0,0,0,0
227,4,1,1,1,1,1,0.9893,0.9834,0.8999,0.8662,773.0,335.0,593.0,343.0,702.5,402.0,668.5,411.5,180.1777,35.3023,0.1959,1,1,228,1
227,4,1,0,1,1,1,0.9858,0.9878,0.8843,0.8877,1045.0,346.5,872.0,345.0,997.0,385.0,955.0,359.0,173.0065,49.3964,0.2855,1,1,228,1
227,4,1,2,1,1,1,0.9897,0.9849,0.9199,0.8921,537.0,259.5,353.0,258.5,449.5,271.5,406.5,269.0,184.0027,43.0726,0.2341,1,1,228,1
227,4,1,18,0,0,1,0.0151,0.0725,0.0281,0.1273,1275.0,559.0,1271.0,563.5,1208.0,700.0,1209.0,686.0,6.0208,14.0357,2.3312,0,0,0,0
228,4,1,0,1,1,1,0.9854,0.9824,0.8853,0.876,1046.0,345.0,874.5,344.0,1001.0,386.0,954.0,356.0,171.5029,55.7584,0.3251,1,1,229,1
228,4,1,1,1,1,1,0.9893,0.9834,0.8994,0.8662,773.0,335.0,593.0,343.5,702.5,402.0,668.5,411.5,180.2006,35.3023,0.1959,1,1,229,1
228,4,1,2,1,1,1,0.9897,0.9849,0.9199,0.8921,537.0,259.5,353.0,258.5,449.5,271.5,406.75,269.5,184.0027,42.7968,0.2326,1,1,229,1
228,4,1,18,0,0,1,0.0151,0.0728,0.0279,0.1271,1275.0,559.0,1271.0,563.5,1209.0,699.5,1209.0,685.5,6.0208,14.0,2.3253,0,0,0,0
229,3,0,0,1,1,1,0.9863,0.9878,0.8853,0.8867,1046.0,347.0,872.0,345.5,997.5,386.0,954.5,359.0,174.0065,50.774,0.2918,1,1,230,1
229,3,0,1,1,1,1,0.9893,0.9834,0.8989,0.8647,773.5,335.0,593.0,343.5,703.0,403.5,669.0,412.0,180.7,35.0464,0.1939,1,1,230,1
229,3,0,2,1,1,1,0.9858,0.9902,0.9058,0.9165,535.5,255.0,353.0,256.5,457.5,269.0,409.75,274.0,182.5062,48.0111,0.2631,1,1,230,1
230,4,1,0,1,1,1,0.9868,0.9873,0.8872,0.8848,1046.0,347.5,871.5,345.0,997.0,385.0,954.0,361.0,174.5179,49.2443,0.2822,1,1,231,1
230,4,1,1,1,1,1,0.9893,0.9834,0.8994,0.8643,773.5,335.0,593.0,343.0,703.0,404.0,669.5,412.5,180.6772,34.5615,0.1913,1,1,231,1
230,4,1,2,1,1,1,0.9858,0.9897,0.9053,0.9155,535.0,254.5,353.0,256.0,458.25,270.0,409.5,273.5,182.0062,48.8755,0.2685,1,1,231,1
230,4,1,19,0,0,1,0.0171,0.0765,0.0302,0.1306,1276.0,557.5,1271.0,561.0,1201.0,699.5,1206.0,684.0,6.1033,16.2865,2.6685,0,0,0,0
231,4,1,0,1,1,1,0.9863,0.9878,0.8862,0.8853,1046.0,347.5,872.0,345.0,997.0,385.0,954.0,360.5,174.018,49.4899,0.2844,1,1,232,1
231,4,1,1,1,1,1,0.9893,0.9834,0.8994,0.8643,773.5,335.0,593.0,343.0,703.0,404.0,669.5,412.5,180.6772,34.5615,0.1913,1,1,232,1
231,4,1,2,1,1,1,0.9897,0.9849,0.9209,0.8926,536.5,259.0,353.0,258.0,450.25,272.0,405.75,269.0,183.5027,44.601,0.2431,1,1,232,1
231,4,1,19,0,0,1,0.0173,0.0768,0.0304,0.1311,1276.0,557.0,1272.0,561.0,1202.0,699.5,1206.0,684.0,5.6569,16.0078,2.8298,0,0,0,0
232,4,1,0,1,1,1,0.9868,0.9878,0.8862,0.8867,1046.0,347.0,872.0,345.5,997.5,386.5,953.5,360.5,174.0065,51.1077,0.2937,1,1,233,1
232,4,1,1,1,1,1,0.9893,0.9834,0.9009,0.8657,773.5,335.0,593.0,343.5,703.0,402.5,668.0,412.0,180.7,36.2664,0.2007,1,1,233,1
232,4,1,2,1,1,1,0.9897,0.9849,0.9199,0.8936,536.5,259.0,352.5,258.5,450.75,272.5,405.25,270.0,184.0007,45.5686,0.2477,1,1,233,1
232,4,1,19,0,0,1,0.0163,0.0785,0.032,0.1467,1278.0,554.0,1272.0,556.5,1205.0,697.5,1208.0,681.5,6.5,16.2788,2.5044,0,0,0,0
233,4,1,0,1,1,1,0.9858,0.9824,0.8862,0.874,1046.0,345.0,875.0,344.0,1001.5,387.0,953.0,358.0,171.0029,56.5088,0.3305,1,1,234,1
233,4,1,1,1,1,1,0.9893,0.9834,0.9009,0.8657,773.5,335.0,593.0,343.5,703.0,402.5,668.0,412.0,180.7,36.2664,0.2007,1,1,234,1
233,4,1,2,1,1,1,0.9897,0.9849,0.9199,0.8936,536.0,259.0,352.5,258.0,450.75,272.5,405.25,270.5,183.5027,45.5439,0.2482,1,1,234,1
233,4,1,19,0,0,1,0.0163,0.0779,0.032,0.1465,1277.0,554.0,1272.0,557.0,1205.0,697.0,1208.0,681.5,5.831,15.7877,2.7076,0,0,0,0
234,3,0,0,1,1,1,0.9854,0.9824,0.8887,0.8765,1046.0,345.5,874.5,344.0,1000.5,386.5,953.5,356.5,171.5066,55.7584,0.3251,1,1,235,1
234,3,0,1,1,1,1,0.9888,0.9839,0.8965,0.8677,773.5,335.5,593.0,343.5,703.5,404.5,670.0,412.5,180.6772,34.442,0.1906,1,1,235,1
234,3,0,2,1,1,1,0.9854,0.9902,0.9043,0.918,535.0,254.5,353.0,257.0,459.0,270.5,409.0,274.0,182.0172,50.1224,0.2754,1,1,235,1
235,3,0,0,1,1,1,0.9868,0.9829,0.8916,0.8745,1049.0,345.0,870.5,342.0,1000.5,385.5,951.0,356.5,178.5252,57.3694,0.3214,1,1,236,1
235,3,0,1,1,1,1,0.9888,0.9834,0.897,0.8672,773.5,335.5,593.0,343.5,704.0,404.5,670.0,413.0,180.6772,35.0464,0.194,1,1,236,1
235,3,0,2,1,1,1,0.9854,0.9902,0.9048,0.918,535.0,254.5,353.25,257.0,459.0,270.5,408.75,274.0,181.7672,50.3717,0.2771,1,1,236,1
236,3,0,0,1,1,1,0.9858,0.9824,0.8882,0.874,1046.0,345.5,874.0,343.0,1002.0,387.0,952.5,357.5,172.0182,57.6238,0.335,1,1,237,1
236,3,0,1,1,1,1,0.9888,0.9839,0.8965,0.8677,774.0,335.5,593.0,343.5,703.0,404.0,671.0,413.0,181.1767,33.2415,0.1835,1,1,237,1
236,3,0,2,1,1,1,0.9858,0.9897,0.9058,0.916,535.5,254.0,353.0,257.0,459.0,270.0,409.5,273.0,182.5247,49.5908,0.2717,1,1,237,1
237,3,0,0,1,1,1,0.9858,0.9824,0.8877,0.874,1046.0,345.5,874.0,343.0,1002.0,387.0,952.5,357.5,172.0182,57.6238,0.335,1,1,238,1
237,3,0,1,1,1,1,0.9888,0.9839,0.8965,0.8672,774.0,335.5,592.5,343.5,702.5,404.0,671.0,413.0,181.6762,32.7605,0.1803,1,1,238,1
237,3,0,2,1,1,1,0.9858,0.9897,0.9058,0.9165,535.5,254.0,353.25,257.0,458.5,270.0,409.5,273.0,182.2747,49.0918,0.2693,1,1,238,1
238,3,0,0,1,1,1,0.9854,0.9824,0.8862,0.876,1046.0,345.5,874.5,343.0,1001.5,386.5,953.0,357.5,171.5182,56.5088,0.3295,1,1,239,1
238,3,0,2,1,1,1,0.9897,0.9854,0.9185,0.895,536.5,258.5,352.75,258.5,450.0,271.0,405.25,268.5,183.75,44.8198,0.2439,1,1,239,1
238,3,0,1,1,1,1,0.9888,0.9839,0.8975,0.8682,774.0,335.5,593.0,344.0,703.0,403.0,669.0,413.0,181.1995,35.4401,0.1956,1,1,239,1
239,3,0,0,1,1,1,0.9854,0.9824,0.8862,0.876,1046.0,345.5,874.5,343.0,1001.5,387.0,953.0,358.0,171.5182,56.5088,0.3295,1,1,240,1
239,3,0,2,1,1,1,0.9897,0.9854,0.9185,0.895,536.5,258.5,352.75,258.5,450.0,271.0,405.5,268.5,183.75,44.5702,0.2426,1,1,240,1
239,3,0,1,1,1,1,0.9888,0.9839,0.8975,0.8682,774.0,335.5,593.0,344.0,703.0,403.0,669.0,413.0,181.1995,35.4401,0.1956,1,1,240,1
240,3,0,0,1,1,1,0.9854,0.9824,0.8843,0.874,1046.0,345.0,874.5,343.5,1001.0,386.0,953.5,357.0,171.5066,55.6529,0.3245,1,1,241,1
240,3,0,1,1,1,1,0.9888,0.9834,0.8989,0.8657,774.0,335.5,594.0,343.5,704.0,403.5,669.0,412.5,180.1777,36.1386,0.2006,1,1,241,1
240,3,0,2,1,1,1,0.9897,0.9854,0.9185,0.8955,537.0,258.5,353.25,258.5,451.0,272.0,405.25,269.0,183.75,45.8483,0.2495,1,1,241,1
241,3,0,0,1,1,1,0.9854,0.9824,0.8848,0.876,1046.0,345.0,875.5,343.5,1000.0,384.5,954.0,356.0,170.5066,54.1133,0.3174,1,1,242,1
241,3,0,1,1,1,1,0.9888,0.9834,0.897,0.8667,774.5,336.0,593.5,344.0,704.5,405.5,669.5,413.0,181.1767,35.7946,0.1976,1,1,242,1
241,3,0,2,1,1,1,0.9858,0.9902,0.9048,0.918,535.5,254.0,353.0,256.0,459.0,270.0,408.75,274.0,182.511,50.409,0.2762,1,1,242,1
242,3,0,0,1,1,1,0.9854,0.9824,0.8848,0.876,1046.0,345.0,875.0,344.0,1000.0,384.5,954.0,356.0,171.0029,54.1133,0.3164,1,1,243,1
242,3,0,1,1,1,1,0.9888,0.9839,0.897,0.8667,774.5,336.0,593.5,344.0,705.0,405.5,669.5,413.5,181.1767,36.3902,0.2009,1,1,243,1
242,3,0,2,1,1,1,0.9858,0.9902,0.9048,0.918,535.5,254.0,353.0,256.0,459.25,270.0,409.0,274.0,182.511,50.409,0.2762,1,1,243,1
243,3,0,0,1,1,1,0.9868,0.9834,0.8892,0.8721,1049.0,345.5,870.0,341.5,999.5,384.5,950.0,357.5,179.0447,56.3848,0.3149,1,1,244,1
243,3,0,1,1,1,1,0.9893,0.9834,0.8984,0.8643,774.5,336.0,593.0,344.0,704.0,405.0,668.5,412.5,181.6762,36.2836,0.1997,1,1,244,1
243,3,0,2,1,1,1,0.9858,0.9902,0.9053,0.917,536.0,254.0,352.5,256.0,459.0,269.5,409.5,274.0,183.5109,49.7041,0.2709,1,1,244,1
244,3,0,0,1,1,1,0.9868,0.9834,0.8892,0.8721,1049.0,345.5,870.0,341.5,999.5,384.5,950.0,357.5,179.0447,56.3848,0.3149,1,1,245,1
244,3,0,1,1,1,1,0.9893,0.9834,0.8984,0.8643,774.5,336.0,593.0,344.0,704.0,405.0,668.5,413.0,181.6762,36.3902,0.2003,1,1,245,1
244,3,0,2,1,1,1,0.9858,0.9902,0.9053,0.9175,536.0,254.0,352.5,256.0,458.75,269.5,409.5,274.0,183.5109,49.4552,0.2695,1,1,245,1
245,3,0,0,1,1,1,0.9854,0.9824,0.8877,0.8745,1045.0,346.0,874.0,343.0,1001.0,387.0,953.5,357.0,171.0263,56.1805,0.3285,1,1,246,1
245,3,0,2,1,1,1,0.9897,0.9849,0.9189,0.8945,537.0,258.0,353.25,258.0,451.5,271.5,405.5,268.0,183.75,46.133,0.2511,1,1,246,1
245,3,0,1,1,1,1,0.9888,0.9834,0.8975,0.8667,774.0,336.0,593.0,344.0,704.0,404.5,669.5,413.0,181.1767,35.5317,0.1961,1,1,246,1
246,3,0,0,1,1,1,0.9858,0.9819,0.8882,0.874,1045.0,346.0,874.0,343.0,1001.5,387.0,953.5,357.5,171.0263,56.3405,0.3294,1,1,247,1
246,3,0,2,1,1,1,0.9897,0.9849,0.9189,0.895,537.0,258.0,353.25,258.0,451.25,271.5,405.5,268.0,183.75,45.8837,0.2497,1,1,247,1
246,3,0,1,1,1,1,0.9888,0.9834,0.8975,0.8667,774.0,336.0,593.5,344.5,704.0,404.5,669.5,413.0,180.7,35.5317,0.1966,1,1,247,1
247,3,0,0,1,1,1,0.9873,0.9829,0.8931,0.8721,1048.0,346.0,869.5,341.0,999.0,384.0,950.0,358.0,178.57,55.4707,0.3106,1,1,248,1
247,3,0,1,1,1,1,0.9893,0.9834,0.8989,0.8633,774.5,336.0,593.0,343.5,703.0,404.5,669.5,412.5,181.6549,34.442,0.1896,1,1,248,1
247,3,0,2,1,1,1,0.9897,0.9849,0.9199,0.8945,536.5,258.0,353.0,258.0,451.0,270.5,405.75,269.0,183.5,45.2749,0.2467,1,1,248,1
248,3,0,0,1,1,1,0.9873,0.9829,0.8926,0.8726,1048.0,346.0,869.5,341.0,999.0,384.5,950.5,358.0,178.57,55.2675,0.3095,1,1,249,1
248,3,0,1,1,1,1,0.9893,0.9834,0.8989,0.8628,774.5,336.0,593.0,343.5,703.0,404.5,669.5,412.5,181.6549,34.442,0.1896,1,1,249,1
248,3,0,2,1,1,1,0.9897,0.9849,0.9199,0.8945,537.0,258.0,353.0,258.0,451.0,270.5,405.75,269.0,184.0,45.2749,0.2461,1,1,249,1
249,3,0,0,1,1,1,0.9868,0.9834,0.8892,0.8735,1048.0,345.5,869.0,341.0,1000.5,386.0,950.5,357.5,179.0566,57.5522,0.3214,1,1,250,1
249,3,0,2,1,1,1,0.9897,0.9854,0.916,0.894,536.5,258.5,352.25,258.5,450.25,270.0,406.0,268.5,184.25,44.2754,0.2403,1,1,250,1
249,3,0,1,1,1,1,0.9888,0.9834,0.8984,0.8643,774.0,335.5,593.0,343.0,703.5,404.0,669.0,412.0,181.1553,35.4154,0.1955,1,1,250,1
250,3,0,0,1,1,1,0.9854,0.9824,0.8857,0.8755,1045.0,345.0,874.0,343.0,999.5,384.5,954.0,357.0,171.0117,53.1648,0.3109,1,1,251,1
250,3,0,1,1,1,1,0.9888,0.9839,0.8965,0.8682,774.0,335.5,593.5,343.5,703.0,402.5,669.0,412.0,180.6772,35.3023,0.1954,1,1,251,1
250,3,0,2,1,1,1,0.9854,0.9902,0.9058,0.918,535.0,254.5,352.75,257.0,457.75,268.5,409.75,273.0,182.2671,48.2105,0.2645,1,1,251,1
251,3,0,0,1,1,1,0.9854,0.9824,0.8857,0.8755,1045.0,345.0,874.0,343.0,999.5,384.5,954.0,357.0,171.0117,53.1648,0.3109,1,1,252,1
251,3,0,1,1,1,1,0.9888,0.9834,0.8965,0.8682,774.0,335.5,593.0,343.5,703.0,402.5,669.0,412.0,181.1767,35.3023,0.1948,1,1,252,1
251,3,0,2,1,1,1,0.9854,0.9902,0.9058,0.918,535.0,254.5,352.75,257.0,458.0,268.5,409.75,273.0,182.2671,48.4594,0.2659,1,1,252,1
252,3,0,0,1,1,1,0.9873,0.9829,0.8936,0.8735,1047.0,346.0,869.5,341.5,999.0,384.0,950.5,357.5,177.557,55.2675,0.3113,1,1,253,1
252,3,0,1,1,1,1,0.9888,0.9834,0.8984,0.8672,774.5,335.5,594.0,343.0,703.5,403.5,668.5,413.5,180.6557,36.4005,0.2015,1,1,253,1
252,3,0,2,1,1,1,0.9854,0.9902,0.9038,0.918,534.0,254.0,352.5,256.5,458.0,270.0,409.5,273.5,181.5172,48.6261,0.2679,1,1,253,1
253,3,0,0,1,1,1,0.9858,0.9819,0.8892,0.8745,1044.0,346.0,873.5,343.0,1000.0,385.0,953.0,358.0,170.5264,54.2033,0.3179,1,1,254,1
253,3,0,1,1,1,1,0.9888,0.9834,0.8979,0.8677,774.5,335.5,594.0,343.0,703.5,403.5,668.5,413.5,180.6557,36.4005,0.2015,1,1,254,1
253,3,0,2,1,1,1,0.9854,0.9902,0.9038,0.918,534.5,254.0,352.75,256.5,458.0,270.0,409.5,273.5,181.7672,48.6261,0.2675,1,1,254,1
254,3,0,0,1,1,1,0.9873,0.9829,0.895,0.8735,1047.0,346.5,869.0,341.5,999.0,385.0,949.5,358.0,178.0702,56.3848,0.3166,1,1,255,1
254,3,0,2,1,1,1,0.9897,0.9854,0.917,0.896,536.5,258.5,352.25,258.5,449.5,270.5,405.25,268.5,184.25,44.2952,0.2404,1,1,255,1
254,3,0,1,1,1,1,0.9888,0.9839,0.8975,0.8682,775.0,335.5,593.5,343.0,703.5,404.5,669.0,413.5,181.6549,35.6546,0.1963,1,1,255,1
255,3,0,0,1,1,1,0.9873,0.9829,0.8955,0.874,1047.0,346.5,869.0,341.5,999.0,385.0,949.5,358.0,178.0702,56.3848,0.3166,1,1,256,1
255,3,0,2,1,1,1,0.9854,0.9902,0.9038,0.9185,535.0,254.0,352.5,257.0,457.5,268.5,409.0,273.0,182.5247,48.7083,0.2669,1,1,256,1
255,3,0,1,1,1,1,0.9888,0.9839,0.8975,0.8687,774.5,335.5,593.5,343.0,703.5,404.5,669.0,413.5,181.1553,35.6546,0.1968,1,1,256,1
256,3,0,0,1,1,1,0.9873,0.9824,0.894,0.8721,1046.0,346.5,869.0,341.5,999.0,384.5,950.0,359.0,177.0706,55.2381,0.312,1,1,257,1
256,3,0,1,1,1,1,0.9888,0.9834,0.8975,0.8667,774.5,336.0,593.5,343.5,704.0,404.5,671.0,414.0,181.1553,34.3402,0.1896,1,1,257,1
256,3,0,2,1,1,1,0.9854,0.9902,0.9038,0.9185,534.0,254.5,352.25,257.0,457.5,268.5,409.5,272.5,181.7672,48.1664,0.265,1,1,257,1
257,3,0,0,1,1,1,0.9868,0.9824,0.8926,0.8726,1046.0,346.0,869.0,341.5,997.5,383.0,950.5,358.5,177.0572,53.0024,0.2994,1,1,258,1
257,3,0,2,1,1,1,0.9858,0.9902,0.9048,0.917,535.0,255.5,352.25,258.0,457.5,269.0,409.0,272.5,182.7671,48.6261,0.2661,1,1,258,1
257,3,0,1,1,1,1,0.9888,0.9839,0.895,0.8691,774.5,335.5,593.5,343.5,704.5,404.5,670.0,413.5,181.1767,35.6546,0.1968,1,1,258,1
258,3,0,0,1,1,1,0.9868,0.9824,0.8931,0.8726,1046.0,346.0,869.5,341.5,998.0,383.0,950.0,359.0,176.5574,53.6656,0.304,1,1,259,1
258,3,0,2,1,1,1,0.9858,0.9902,0.9048,0.917,535.0,255.0,352.25,258.0,457.5,269.0,408.75,272.0,182.7746,48.8422,0.2672,1,1,259,1
258,3,0,1,1,1,1,0.9888,0.9839,0.8955,0.8691,774.5,335.5,593.5,343.5,704.5,404.5,670.0,414.0,181.1767,35.7841,0.1975,1,1,259,1
259,3,0,0,1,1,1,0.9868,0.9829,0.8921,0.8716,1046.0,346.5,869.0,341.5,997.0,381.5,950.0,360.0,177.0706,51.6841,0.2919,1,1,260,1
259,3,0,1,1,1,1,0.9888,0.9839,0.896,0.8682,774.5,335.5,593.5,343.5,704.0,404.0,669.0,413.0,181.1767,36.1386,0.1995,1,1,260,1
259,3,0,2,1,1,1,0.9858,0.9902,0.9033,0.9175,535.0,255.0,352.0,258.0,457.5,269.5,409.25,272.0,183.0246,48.3147,0.264,1,1,260,1
260,3,0,0,1,1,1,0.9868,0.9824,0.8916,0.8711,1046.0,346.5,869.0,341.5,997.0,382.0,950.0,360.0,177.0706,51.8941,0.2931,1,1,261,1
260,3,0,1,1,1,1,0.9839,0.9873,0.8765,0.8975,771.0,334.5,596.5,342.5,706.0,403.5,670.5,414.0,174.6833,37.0203,0.2119,1,1,261,1
260,3,0,2,1,1,1,0.9858,0.9902,0.9033,0.9175,535.0,255.0,352.0,258.0,457.5,269.5,409.25,272.0,183.0246,48.3147,0.264,1,1,261,1
261,3,0,0,1,1,1,0.9868,0.9829,0.8901,0.8726,1045.0,346.5,868.5,342.0,997.0,381.0,950.5,358.0,176.5574,51.8773,0.2938,1,1,262,1
261,3,0,1,1,1,1,0.9888,0.9834,0.8984,0.8643,774.5,335.5,593.5,343.0,704.0,404.0,669.5,413.5,181.1553,35.7841,0.1975,1,1,262,1
261,3,0,2,1,1,1,0.9858,0.9902,0.9038,0.918,535.0,255.0,352.0,258.0,457.25,270.0,409.25,273.0,183.0246,48.0937,0.2628,1,1,262,1
262,3,0,0,1,1,1,0.9868,0.9829,0.8906,0.8721,1045.0,346.5,869.0,342.0,997.0,381.0,950.5,358.0,176.0575,51.8773,0.2947,1,1,263,1
262,3,0,1,1,1,1,0.9888,0.9829,0.8984,0.8643,774.5,335.5,593.5,343.0,704.0,404.0,669.5,414.0,181.1553,35.9201,0.1983,1,1,263,1
262,3,0,2,1,1,1,0.9858,0.9902,0.9043,0.918,535.0,255.0,352.0,258.0,457.25,270.5,409.25,273.0,183.0246,48.0651,0.2626,1,1,263,1
263,3,0,0,1,1,1,0.9868,0.9829,0.8911,0.874,1045.0,346.0,869.0,342.0,998.0,383.0,950.0,359.5,176.0454,53.4439,0.3036,1,1,264,1
263,3,0,1,1,1,1,0.9893,0.9829,0.8994,0.8638,774.5,335.5,593.5,343.5,703.0,404.0,670.5,414.0,181.1767,34.0037,0.1877,1,1,264,1
263,3,0,2,1,1,1,0.9854,0.9902,0.9043,0.917,535.5,254.5,352.25,257.5,457.5,271.5,409.0,274.0,183.2746,48.5644,0.265,1,1,264,1
264,3,0,0,1,1,1,0.9868,0.9829,0.8906,0.874,1045.0,346.0,869.5,342.0,998.0,382.5,950.0,359.5,175.5456,53.2259,0.3032,1,1,265,1
264,3,0,1,1,1,1,0.9893,0.9829,0.8999,0.8638,774.5,335.5,593.5,343.5,703.5,404.0,670.5,414.0,181.1767,34.4819,0.1903,1,1,265,1
264,3,0,2,1,1,1,0.9854,0.9902,0.9043,0.917,535.0,254.5,352.25,257.5,457.5,271.5,409.0,274.0,182.7746,48.5644,0.2657,1,1,265,1
265,3,0,0,1,1,1,0.9868,0.9829,0.8896,0.873,1045.0,346.5,869.0,342.0,998.0,383.0,950.5,358.5,176.0575,53.4462,0.3036,1,1,266,1
265,3,0,1,1,1,1,0.9893,0.9829,0.8999,0.8647,775.0,335.5,594.0,343.5,703.0,403.5,670.5,414.0,181.1767,34.1541,0.1885,1,1,266,1
265,3,0,2,1,1,1,0.9858,0.9902,0.9038,0.9165,535.0,255.5,352.0,258.0,456.75,270.5,409.75,274.0,183.0171,47.1301,0.2575,1,1,266,1
266,3,0,0,1,1,1,0.9868,0.9829,0.8901,0.8721,1045.0,346.5,869.0,342.0,998.0,384.0,950.0,359.0,176.0575,54.1202,0.3074,1,1,267,1
266,3,0,1,1,1,1,0.9888,0.9834,0.8975,0.8667,775.0,335.5,594.0,343.5,703.0,402.5,669.5,413.5,181.1767,35.2598,0.1946,1,1,267,1
266,3,0,2,1,1,1,0.9858,0.9902,0.9038,0.9155,535.0,256.0,352.0,258.5,457.0,270.5,409.5,275.5,183.0171,47.7624,0.261,1,1,267,1
267,3,0,0,1,1,1,0.9868,0.9829,0.8901,0.8711,1045.0,346.5,869.0,342.0,998.0,384.0,950.0,359.0,176.0575,54.1202,0.3074,1,1,268,1
267,3,0,1,1,1,1,0.9888,0.9834,0.8979,0.8667,775.0,335.5,594.0,343.5,703.0,402.5,669.5,413.5,181.1767,35.2598,0.1946,1,1,268,1
267,3,0,2,1,1,1,0.9858,0.9902,0.9033,0.9155,535.0,256.0,352.0,258.5,457.0,270.5,409.5,275.0,183.0171,47.7127,0.2607,1,1,268,1
268,3,0,0,1,1,1,0.9863,0.9829,0.8901,0.8726,1046.0,347.0,869.0,343.0,998.0,385.0,950.5,358.5,177.0452,54.3921,0.3072,1,1,269,1
268,3,0,1,1,1,1,0.9844,0.9873,0.8799,0.8955,770.5,334.5,596.5,342.5,704.5,402.0,672.0,415.0,174.1838,35.0036,0.201,1,1,269,1
268,3,0,2,1,1,1,0.9858,0.9902,0.9028,0.916,535.0,256.0,352.0,258.5,457.5,271.5,410.0,275.0,183.0171,47.6288,0.2602,1,1,269,1
269,3,0,0,1,1,1,0.9863,0.9829,0.8892,0.8735,1046.0,346.5,869.0,343.0,998.0,385.0,950.5,358.5,177.0346,54.3921,0.3072,1,1,270,1
269,3,0,1,1,1,1,0.9844,0.9873,0.8794,0.8955,770.5,334.5,596.5,342.5,705.0,401.5,671.5,415.0,174.1838,36.1179,0.2074,1,1,270,1
269,3,0,2,1,1,1,0.9858,0.9902,0.9033,0.916,535.0,256.0,352.0,258.5,457.75,271.5,410.0,275.0,183.0171,47.8781,0.2616,1,1,270,1
270,3,0,0,1,1,1,0.9863,0.9829,0.8887,0.8735,1045.0,347.0,868.5,343.0,997.5,382.5,950.5,358.5,176.5453,52.7731,0.2989,1,1,271,1
270,3,0,1,1,1,1,0.9844,0.9873,0.8794,0.8945,771.0,334.5,596.5,343.0,705.0,402.0,672.5,415.5,174.7069,35.1923,0.2014,1,1,271,1
270,3,0,2,1,1,1,0.9854,0.9902,0.9028,0.9165,535.0,255.5,352.0,258.0,456.75,270.0,409.5,275.0,183.0171,47.5138,0.2596,1,1,271,1
271,3,0,0,1,1,1,0.9863,0.9829,0.8882,0.873,1045.0,347.0,868.5,343.0,997.5,382.5,950.5,358.5,176.5453,52.7731,0.2989,1,1,272,1
271,3,0,1,1,1,1,0.9844,0.9868,0.8794,0.8945,771.0,334.5,596.5,343.0,705.0,402.0,672.5,415.0,174.7069,35.0036,0.2004,1,1,272,1
271,3,0,2,1,1,1,0.9858,0.9902,0.9028,0.917,535.0,255.5,352.0,258.0,456.75,270.0,409.5,275.0,183.0171,47.5138,0.2596,1,1,272,1
272,3,0,0,1,1,1,0.9868,0.9824,0.8921,0.8711,1046.0,347.0,868.5,343.0,996.5,381.5,950.5,359.0,177.5451,51.2079,0.2884,1,1,273,1
272,3,0,1,1,1,1,0.9893,0.9829,0.9004,0.8618,775.0,335.5,594.0,343.5,704.0,404.0,671.5,414.0,181.1767,34.0037,0.1877,1,1,273,1
272,3,0,2,1,1,1,0.9897,0.9849,0.918,0.8926,536.5,260.0,351.5,260.5,449.5,273.0,405.5,270.5,185.0007,44.071,0.2382,1,1,273,1
273,3,0,0,1,1,1,0.9868,0.9824,0.8916,0.8711,1046.0,347.0,868.5,343.0,996.5,381.0,950.5,359.0,177.5451,50.9902,0.2872,1,1,274,1
273,3,0,1,1,1,1,0.9893,0.9829,0.9004,0.8618,775.0,335.5,594.0,344.0,704.0,404.0,671.5,414.0,181.1995,34.0037,0.1877,1,1,274,1
273,3,0,2,1,1,1,0.9897,0.9849,0.918,0.8921,537.0,260.0,351.25,260.5,449.5,273.0,405.5,271.0,185.7507,44.0454,0.2371,1,1,274,1
274,3,0,0,1,1,1,0.9868,0.9824,0.8926,0.8716,1045.0,347.0,869.0,342.5,997.5,382.5,950.5,359.0,176.0575,52.5476,0.2985,1,1,275,1
274,3,0,2,1,1,1,0.9897,0.9854,0.9194,0.894,536.0,259.5,351.25,260.0,449.5,273.0,406.5,270.5,184.7507,43.0726,0.2331,1,1,275,1
274,3,0,1,1,1,1,0.9893,0.9824,0.9019,0.8618,775.0,335.5,593.5,343.5,704.0,403.5,671.0,413.5,181.6762,34.4819,0.1898,1,1,275,1
275,3,0,0,1,1,1,0.9868,0.9824,0.8921,0.8721,1045.0,347.0,869.0,342.5,997.5,382.0,950.5,359.0,176.0575,52.3259,0.2972,1,1,276,1
275,3,0,1,1,1,1,0.9893,0.9829,0.9014,0.8618,774.5,335.5,593.5,343.5,704.0,403.5,671.0,413.5,181.1767,34.4819,0.1903,1,1,276,1
275,3,0,2,1,1,1,0.9897,0.9854,0.9194,0.894,536.0,260.0,351.25,260.0,449.5,273.0,406.5,271.0,184.75,43.0465,0.233,1,1,276,1
276,3,0,0,1,1,1,0.9868,0.9829,0.8911,0.8726,1045.0,347.0,869.0,342.5,999.0,385.5,951.0,358.0,176.0575,55.3195,0.3142,1,1,277,1
276,3,0,1,1,1,1,0.9893,0.9829,0.8999,0.8633,775.0,335.5,594.0,343.5,704.5,404.0,671.0,413.5,181.1767,34.821,0.1922,1,1,277,1
276,3,0,2,1,1,1,0.9854,0.9902,0.9033,0.918,534.0,255.5,351.5,258.5,456.75,271.5,410.25,273.5,182.5247,46.543,0.255,1,1,277,1
277,3,0,0,1,1,1,0.9868,0.9819,0.8931,0.8696,1045.0,347.5,869.0,342.5,998.5,384.0,950.5,359.0,176.071,54.1202,0.3074,1,1,278,1
277,3,0,1,1,1,1,0.9888,0.9824,0.8999,0.8623,775.0,335.5,594.0,343.5,703.0,403.0,670.5,413.0,181.1767,34.0037,0.1877,1,1,278,1
277,3,0,2,1,1,1,0.9854,0.9902,0.9043,0.9155,534.5,255.5,352.0,258.0,456.5,271.0,409.5,275.5,182.5171,47.2149,0.2587,1,1,278,1
278,3,0,0,1,1,1,0.9868,0.9819,0.8931,0.8696,1045.0,347.5,869.0,342.5,998.0,384.0,950.5,359.0,176.071,53.6773,0.3049,1,1,279,1
278,3,0,1,1,1,1,0.9888,0.9829,0.8994,0.8623,775.5,335.5,594.0,343.5,703.0,403.0,670.5,413.0,181.6762,34.0037,0.1872,1,1,279,1
278,3,0,2,1,1,1,0.9897,0.9849,0.9194,0.8926,537.0,260.0,351.5,260.0,449.25,273.0,405.75,271.0,185.5,43.546,0.2347,1,1,279,1
279,4,1,0,1,1,1,0.9868,0.9824,0.8921,0.8716,1045.0,347.0,868.5,342.5,999.5,387.5,950.5,359.0,176.5574,56.6855,0.3211,1,1,280,1
279,4,1,1,1,1,1,0.9849,0.9868,0.8838,0.8921,771.0,335.0,597.0,343.0,705.5,403.0,673.0,414.0,174.1838,34.3111,0.197,1,1,280,1
279,4,1,2,1,1,1,0.9897,0.9854,0.9194,0.894,536.0,259.5,351.25,260.0,449.5,274.0,405.75,271.0,184.7507,43.8527,0.2374,1,1,280,1
279,4,1,20,0,0,1,0.0168,0.0763,0.0304,0.134,1276.0,565.0,1272.0,569.0,1205.0,701.5,1209.0,686.5,5.6569,15.5242,2.7443,0,0,0,0
280,4,1,0,1,1,1,0.9868,0.9824,0.8921,0.8716,1045.0,347.0,868.5,342.5,999.5,387.5,950.5,359.0,176.5574,56.6855,0.3211,1,1,281,1
280,4,1,1,1,1,1,0.9893,0.9829,0.9014,0.8618,775.0,336.0,594.5,344.0,704.0,403.5,671.5,413.0,180.6772,33.86,0.1874,1,1,281,1
280,4,1,2,1,1,1,0.9854,0.9902,0.9038,0.9175,534.5,255.0,351.75,258.0,456.75,272.0,409.5,274.5,182.7746,47.3161,0.2589,1,1,281,1
280,4,1,20,0,0,1,0.0166,0.076,0.03,0.1331,1276.0,565.0,1272.0,569.0,1206.0,701.0,1210.0,686.0,5.6569,15.5242,2.7443,0,0,0,0
281,4,1,0,1,1,1,0.9868,0.9824,0.8921,0.8696,1046.0,347.0,869.0,342.0,998.0,384.5,951.0,358.5,177.0706,53.7122,0.3033,1,1,282,1
281,4,1,2,1,1,1,0.9858,0.9902,0.9038,0.9165,534.0,255.5,351.25,258.0,456.75,272.0,409.5,275.5,182.7671,47.3795,0.2592,1,1,282,1
281,4,1,1,1,1,1,0.9893,0.9829,0.9014,0.8628,775.5,335.5,594.0,343.5,703.5,402.5,671.5,413.0,181.6762,33.6786,0.1854,1,1,282,1
281,4,1,20,0,0,1,0.0175,0.079,0.0316,0.1388,1277.0,563.5,1272.0,567.5,1201.0,700.0,1206.0,684.5,6.4031,16.2865,2.5435,0,0,0,0
282,4,1,0,1,1,1,0.9868,0.9824,0.8921,0.8696,1046.0,347.0,869.0,342.0,998.0,384.5,951.0,358.5,177.0706,53.7122,0.3033,1,1,283,1
282,4,1,1,1,1,1,0.9893,0.9829,0.9004,0.8628,775.5,335.5,594.0,343.5,703.5,402.5,671.5,413.0,181.6762,33.6786,0.1854,1,1,283,1
282,4,1,2,1,1,1,0.9858,0.9902,0.9038,0.9165,534.0,255.5,351.5,258.0,456.75,272.0,409.5,275.5,182.5171,47.3795,0.2596,1,1,283,1
282,4,1,20,0,0,1,0.0176,0.0788,0.0317,0.1383,1277.0,563.5,1272.0,567.5,1202.0,700.0,1206.0,684.5,6.4031,16.0078,2.5,0,0,0,0
283,3,0,0,1,1,1,0.9873,0.9824,0.8931,0.8672,1046.0,347.5,869.0,342.5,997.5,384.0,950.5,358.5,177.0706,53.472,0.302,1,1,284,1
283,3,0,1,1,1,1,0.9893,0.9829,0.9014,0.8618,776.0,335.5,594.0,344.0,703.5,403.0,671.0,413.0,182.1984,34.0037,0.1866,1,1,284,1
283,3,0,2,1,1,1,0.9854,0.9902,0.9033,0.917,534.0,255.0,351.5,258.0,456.5,271.0,408.75,274.0,182.5247,47.8441,0.2621,1,1,284,1
284,3,0,0,1,1,1,0.9873,0.9824,0.8931,0.8672,1046.0,347.5,869.0,342.5,997.5,384.0,950.5,359.0,177.0706,53.2353,0.3006,1,1,285,1
284,3,0,1,1,1,1,0.9893,0.9829,0.9014,0.8623,776.0,335.5,594.0,344.0,703.5,403.0,671.0,413.5,182.1984,34.1541,0.1875,1,1,285,1
284,3,0,2,1,1,1,0.9858,0.9902,0.9033,0.917,534.0,255.0,351.5,258.0,456.5,271.0,408.75,274.0,182.5247,47.8441,0.2621,1,1,285,1
285,4,1,0,1,1,1,0.9868,0.9829,0.8916,0.8701,1047.0,347.5,869.0,343.0,997.5,383.5,951.0,358.0,178.0569,53.033,0.2978,1,1,286,1
285,4,1,1,1,1,1,0.9893,0.9824,0.9019,0.8618,776.0,336.0,594.5,344.0,703.5,403.0,671.5,413.0,181.6762,33.5261,0.1845,1,1,286,1
285,4,1,2,1,1,1,0.9854,0.9902,0.9038,0.918,534.0,255.0,351.0,258.0,456.5,270.0,408.25,272.5,183.0246,48.3147,0.264,1,1,286,1
285,4,1,21,0,0,1,0.0159,0.0749,0.0302,0.1354,1276.0,564.0,1272.0,568.0,1203.0,699.5,1207.0,684.0,5.6569,16.0078,2.8298,0,0,0,0
286,4,1,0,1,1,1,0.9873,0.9824,0.8916,0.8672,1047.0,347.5,869.0,343.0,999.5,387.0,950.0,359.5,178.0569,56.626,0.318,1,1,287,1
286,4,1,1,1,1,1,0.9893,0.9829,0.9004,0.8623,776.0,336.0,594.5,344.5,704.0,404.0,672.0,413.5,181.6989,33.3804,0.1837,1,1,287,1
286,4,1,2,1,1,1,0.9897,0.9849,0.9194,0.8945,535.0,259.0,351.0,260.0,449.0,271.5,404.5,268.5,184.0027,44.601,0.2424,1,1,287,1
286,4,1,21,0,0,1,0.0163,0.0823,0.0294,0.1385,1274.0,562.0,1271.0,566.5,1216.0,697.0,1216.0,683.0,5.4083,14.0,2.5886,0,0,0,0
287,4,1,0,1,1,1,0.9873,0.9824,0.8916,0.8677,1047.0,347.5,869.0,343.0,999.5,387.0,950.0,359.5,178.0569,56.626,0.318,1,1,288,1
287,4,1,1,1,1,1,0.9893,0.9829,0.9004,0.8628,776.0,336.0,594.5,344.5,704.5,404.0,672.5,413.5,181.6989,33.3804,0.1837,1,1,288,1
287,4,1,2,1,1,1,0.9854,0.9902,0.9038,0.918,534.0,255.0,351.0,258.0,456.5,269.5,408.0,273.0,183.0246,48.6261,0.2657,1,1,288,1
287,4,1,21,0,0,1,0.0162,0.0825,0.0293,0.1388,1275.0,561.5,1271.0,566.0,1216.0,697.0,1216.0,683.0,6.0208,14.0,2.3253,0,0,0,0
288,4,1,0,1,1,1,0.9873,0.9824,0.895,0.8677,1047.0,347.0,869.0,343.0,1003.5,394.0,950.0,360.0,178.0449,63.3897,0.356,1,1,289,1
288,4,1,1,1,1,1,0.9893,0.9824,0.9014,0.8613,776.0,336.0,595.0,343.5,705.0,404.0,671.0,413.5,181.1553,35.3023,0.1949,1,1,289,1
288,4,1,2,1,1,1,0.9897,0.9849,0.9185,0.8931,535.0,259.0,351.0,260.0,449.75,273.0,403.5,270.0,184.0027,46.3472,0.2519,1,1,289,1
288,4,1,21,0,0,1,0.0187,0.0763,0.0308,0.1239,1277.0,556.0,1272.0,559.5,1203.0,703.0,1208.0,686.0,6.1033,17.72,2.9034,0,0,0,0
289,4,1,0,1,1,1,0.9878,0.9824,0.895,0.8672,1047.0,347.0,869.0,343.0,1003.5,394.0,950.0,360.0,178.0449,63.3897,0.356,1,1,290,1
289,4,1,1,1,1,1,0.9893,0.9824,0.9014,0.8613,776.0,336.0,595.0,343.5,705.0,404.0,671.0,413.5,181.1553,35.3023,0.1949,1,1,290,1
289,4,1,2,1,1,1,0.9897,0.9849,0.918,0.8931,535.0,259.0,351.0,260.0,449.75,273.0,403.5,270.0,184.0027,46.3472,0.2519,1,1,290,1
289,4,1,21,0,0,1,0.0186,0.0763,0.0308,0.1243,1277.0,556.0,1272.0,559.5,1203.0,702.5,1208.0,686.0,6.1033,17.2409,2.8249,0,0,0,0
290,3,0,0,1,1,1,0.9873,0.9824,0.894,0.8652,1047.0,347.0,869.5,343.0,1002.0,390.0,950.0,359.0,177.5451,60.5392,0.341,1,1,291,1
290,3,0,1,1,1,1,0.9888,0.9829,0.8989,0.8647,776.0,336.0,595.0,344.0,705.0,404.5,671.0,413.0,181.1767,35.0464,0.1934,1,1,291,1
290,3,0,2,1,1,1,0.9854,0.9902,0.9048,0.918,533.0,255.0,351.0,258.0,456.0,269.5,408.0,274.0,182.0247,48.2105,0.2649,1,1,291,1
291,3,0,0,1,1,1,0.9873,0.9824,0.894,0.8657,1047.0,347.0,869.0,343.0,1001.5,390.0,950.0,359.0,178.0449,60.1103,0.3376,1,1,292,1
291,3,0,1,1,1,1,0.9888,0.9829,0.8994,0.8643,776.0,336.0,595.0,344.0,705.0,404.5,671.0,413.0,181.1767,35.0464,0.1934,1,1,292,1
291,3,0,2,1,1,1,0.9854,0.9902,0.9048,0.918,533.0,255.0,351.0,258.0,456.0,270.0,408.0,274.5,182.0247,48.2105,0.2649,1,1,292,1
292,4,1,0,1,1,1,0.9878,0.9824,0.896,0.8643,1047.0,347.0,869.5,343.0,1003.0,394.5,949.5,360.0,177.5451,63.6592,0.3586,1,1,293,1
292,4,1,1,1,1,1,0.9888,0.9829,0.9004,0.8633,776.0,336.0,595.0,343.5,705.0,404.0,672.0,414.5,181.1553,34.6302,0.1912,1,1,293,1
292,4,1,2,1,1,1,0.9854,0.9902,0.9038,0.917,534.0,254.5,351.5,258.0,455.75,269.5,407.75,273.5,182.5336,48.1664,0.2639,1,1,293,1
292,4,1,22,0,0,1,0.0188,0.0788,0.0317,0.1298,1274.0,565.5,1271.0,570.0,1201.0,704.0,1206.0,688.5,5.4083,16.2865,3.0114,0,0,0,0
293,3,0,0,1,1,1,0.9883,0.9819,0.8984,0.8599,1048.0,347.0,869.5,343.0,1002.5,392.0,948.5,361.0,178.5448,62.2656,0.3487,1,1,294,1
293,3,0,1,1,1,1,0.9888,0.9829,0.8989,0.8633,776.5,336.0,594.5,343.5,704.5,403.5,672.5,414.5,182.1545,33.8378,0.1858,1,1,294,1
293,3,0,2,1,1,1,0.9854,0.9897,0.9048,0.9175,534.0,254.5,351.75,257.5,456.0,270.0,408.0,274.0,182.2747,48.1664,0.2643,1,1,294,1
294,3,0,0,1,1,1,0.9883,0.9819,0.8984,0.8604,1048.0,347.0,869.5,343.0,1002.5,392.0,948.5,361.0,178.5448,62.2656,0.3487,1,1,295,1
294,3,0,1,1,1,1,0.9888,0.9829,0.8994,0.8628,776.5,336.0,594.5,343.5,704.5,403.5,672.5,414.5,182.1545,33.8378,0.1858,1,1,295,1
294,3,0,2,1,1,1,0.9854,0.9897,0.9048,0.917,534.0,254.5,351.75,257.5,455.75,270.0,407.75,274.0,182.2747,48.1664,0.2643,1,1,295,1
295,3,0,0,1,1,1,0.9878,0.9819,0.8994,0.8633,1048.0,346.5,870.0,343.0,1000.5,388.0,948.5,360.0,178.0344,59.0593,0.3317,1,1,296,1
295,3,0,1,1,1,1,0.9888,0.9829,0.9004,0.8638,776.5,336.0,595.0,343.5,704.5,404.0,671.0,414.0,181.6549,34.9607,0.1925,1,1,296,1
295,3,0,2,1,1,1,0.9897,0.9849,0.9189,0.8936,535.0,259.0,351.25,260.0,449.0,271.5,404.5,269.5,183.7527,44.5449,0.2424,1,1,296,1
296,3,0,0,1,1,1,0.9878,0.9819,0.8994,0.8633,1049.0,346.5,870.0,343.0,1000.5,388.0,948.5,360.0,179.0342,59.0593,0.3299,1,1,297,1
296,3,0,1,1,1,1,0.9893,0.9829,0.9004,0.8638,776.5,336.0,595.0,343.5,704.5,404.0,671.0,414.0,181.6549,34.9607,0.1925,1,1,297,1
296,3,0,2,1,1,1,0.9897,0.9849,0.9189,0.8936,535.0,259.0,351.5,260.0,449.0,271.5,404.25,269.5,183.5027,44.7947,0.2441,1,1,297,1
297,3,0,0,1,1,1,0.9878,0.9824,0.8965,0.8652,1048.0,346.5,870.0,342.5,1001.5,390.5,948.5,360.5,178.0449,60.9016,0.3421,1,1,298,1
297,3,0,1,1,1,1,0.9893,0.9829,0.9009,0.8633,776.0,335.5,594.5,343.5,704.0,404.0,671.5,413.5,181.6762,33.86,0.1864,1,1,298,1
297,3,0,2,1,1,1,0.9854,0.9902,0.9048,0.918,533.5,254.0,351.5,257.5,456.0,269.0,408.0,273.0,182.0337,48.1664,0.2646,1,1,298,1
298,3,0,0,1,1,1,0.9878,0.9824,0.8965,0.8657,1048.0,346.5,869.5,342.5,1001.5,390.5,948.5,360.0,178.5448,61.1494,0.3425,1,1,299,1
298,3,0,1,1,1,1,0.9893,0.9829,0.9009,0.8633,776.0,335.5,594.5,343.0,704.5,404.0,671.5,413.5,181.6549,34.3402,0.189,1,1,299,1
298,3,0,2,1,1,1,0.9854,0.9902,0.9053,0.918,533.5,254.0,351.75,257.5,456.0,269.0,408.25,273.0,181.7837,47.9172,0.2636,1,1,299,1
299,3,0,0,1,1,1,0.9873,0.9824,0.8945,0.8672,1048.0,347.0,869.5,343.0,1002.5,391.0,949.5,360.0,178.5448,61.4003,0.3439,1,1,300,1
299,3,0,1,1,1,1,0.9893,0.9829,0.8994,0.8633,776.5,335.5,594.0,343.0,704.5,403.5,671.0,412.0,182.654,34.5615,0.1892,1,1,300,1
299,3,0,2,1,1,1,0.9854,0.9902,0.9023,0.9175,533.0,253.0,352.0,257.0,455.5,268.5,407.75,271.0,181.0442,47.8154,0.2641,1,1,300,1
