frame,raw_num_people,anomaly,track_id,conf_ok,boundary_ok,overlap_ok,conf_ls,conf_rs,conf_lw,conf_rw,ls_x,ls_y,rs_x,rs_y,lw_x,lw_y,rw_x,rw_y,shoulder_dist,wrist_dist,ratio,frontal,hands_now,consecutive_frames,confirmed
0,3,0,0,1,1,1,0.9893,0.9902,0.9155,0.8955,484.75,232.0,265.25,228.0,390.0,242.0,335.5,238.5,219.5364,54.6123,0.2488,1,1,1,0
0,3,0,1,1,1,1,0.9888,0.9858,0.877,0.8481,1122.0,350.0,893.5,343.5,1038.0,394.5,988.0,368.0,228.5924,56.5884,0.2476,1,1,1,0
0,3,0,2,1,1,1,0.9834,0.9878,0.8657,0.8911,786.0,328.5,578.0,334.0,700.5,406.5,651.5,414.5,208.0727,49.6488,0.2386,1,1,1,0
1,3,0,0,1,1,1,0.9888,0.9902,0.9136,0.897,484.5,232.0,264.25,227.25,389.5,241.0,335.0,239.0,220.3012,54.5367,0.2476,1,1,2,0
1,3,0,1,1,1,1,0.9893,0.9854,0.8823,0.8452,1122.0,350.0,893.5,343.0,1039.0,393.0,986.0,367.0,228.6072,59.0339,0.2582,1,1,2,0
1,3,0,2,1,1,1,0.9839,0.9873,0.8706,0.8872,786.0,328.5,578.0,334.0,699.5,404.5,651.0,415.0,208.0727,49.6236,0.2385,1,1,2,0
2,3,0,0,1,1,1,0.9888,0.9902,0.9136,0.897,484.75,232.0,264.25,227.25,390.0,242.0,335.0,239.5,220.5512,55.0568,0.2496,1,1,3,0
2,3,0,1,1,1,1,0.9888,0.9854,0.8813,0.8447,1122.0,350.0,893.0,343.0,1038.0,393.5,986.0,366.5,229.107,58.5918,0.2557,1,1,3,0
2,3,0,2,1,1,1,0.9839,0.9873,0.8711,0.8867,786.0,329.0,578.0,334.0,699.5,405.0,651.0,415.5,208.0601,49.6236,0.2385,1,1,3,0
3,3,0,0,1,1,1,0.9888,0.9902,0.9136,0.8979,484.25,232.0,262.25,227.25,388.5,240.0,335.25,239.0,222.0508,53.2594,0.2399,1,1,4,0
3,3,0,1,1,1,1,0.9888,0.9858,0.8818,0.8496,1122.0,350.5,894.0,343.5,1040.0,395.0,985.0,368.5,228.1074,61.0512,0.2676,1,1,4,0
3,3,0,2,1,1,1,0.9839,0.9873,0.8726,0.8877,785.5,329.0,578.0,333.5,699.5,403.5,650.5,415.5,207.5488,50.448,0.2431,1,1,4,0
4,3,0,0,1,1,1,0.9888,0.9902,0.9146,0.8984,484.25,231.5,262.5,227.0,388.75,240.5,334.75,239.0,221.7957,54.0208,0.2436,1,1,5,0
4,3,0,1,1,1,1,0.9888,0.9854,0.8828,0.8486,1122.0,350.5,894.0,343.0,1039.0,394.5,985.0,368.5,228.1233,59.9333,0.2627,1,1,5,0
4,3,0,2,1,1,1,0.9839,0.9873,0.8721,0.8882,785.5,328.5,578.0,333.5,699.5,404.5,650.0,416.5,207.5602,50.9338,0.2454,1,1,5,0
5,3,0,0,1,1,1,0.9888,0.9897,0.915,0.8989,484.25,232.0,262.25,226.25,390.5,241.0,337.0,237.0,222.0745,53.6493,0.2416,1,1,6,1
5,3,0,1,1,1,1,0.9888,0.9858,0.8809,0.8496,1122.0,350.5,894.0,344.0,1040.0,396.0,985.5,363.5,228.0926,63.4547,0.2782,1,1,6,1
5,3,0,2,1,1,1,0.9844,0.9873,0.8735,0.8867,786.0,328.5,578.5,333.0,699.5,404.5,650.5,416.0,207.5488,50.3314,0.2425,1,1,6,1
6,3,0,0,1,1,1,0.9888,0.9897,0.915,0.8989,484.25,232.0,261.25,225.75,391.0,240.0,338.0,235.5,223.0876,53.1907,0.2384,1,1,7,1
6,3,0,1,1,1,1,0.9888,0.9854,0.8848,0.8481,1121.0,350.0,894.0,343.5,1037.0,389.0,983.5,365.0,227.093,58.6366,0.2582,1,1,7,1
6,3,0,2,1,1,1,0.9839,0.9873,0.8716,0.8877,786.5,328.0,578.5,333.5,700.0,405.0,650.5,417.5,208.0727,51.0539,0.2454,1,1,7,1
7,3,0,0,1,1,1,0.9888,0.9897,0.9155,0.8989,484.25,231.75,261.25,225.5,391.0,240.0,337.75,235.5,223.0876,53.4398,0.2395,1,1,8,1
7,3,0,1,1,1,1,0.9888,0.9854,0.8843,0.8486,1121.0,350.0,894.0,343.5,1036.0,389.0,983.5,364.0,227.093,58.1485,0.2561,1,1,8,1
7,3,0,2,1,1,1,0.9839,0.9873,0.8721,0.8872,786.5,328.0,578.5,333.5,700.0,405.0,651.0,417.0,208.0727,50.448,0.2425,1,1,8,1
8,3,0,0,1,1,1,0.9888,0.9902,0.9121,0.8984,483.75,232.0,260.75,226.0,392.0,241.0,337.0,236.0,223.0807,55.2268,0.2476,1,1,9,1
8,3,0,1,1,1,1,0.9888,0.9858,0.8828,0.8486,1122.0,349.5,894.0,344.5,1036.0,390.0,982.0,365.0,228.0548,59.5063,0.2609,1,1,9,1
8,3,0,2,1,1,1,0.9839,0.9873,0.874,0.8872,786.5,327.5,578.0,333.0,700.5,406.0,650.5,418.0,208.5725,51.4198,0.2465,1,1,9,1
9,3,0,0,1,1,1,0.9888,0.9902,0.9126,0.8984,483.75,232.0,260.5,226.0,392.0,241.0,337.25,236.0,223.3306,54.9778,0.2462,1,1,10,1
9,3,0,1,1,1,1,0.9888,0.9858,0.8828,0.8491,1122.0,349.5,894.0,344.5,1036.0,390.0,982.0,365.0,228.0548,59.5063,0.2609,1,1,10,1
9,3,0,2,1,1,1,0.9839,0.9868,0.874,0.8872,787.0,327.5,578.5,333.5,700.5,406.0,650.5,418.0,208.5863,51.4198,0.2465,1,1,10,1
10,3,0,0,1,1,1,0.9888,0.9902,0.9121,0.8989,483.25,231.5,260.5,226.25,391.25,241.0,335.5,240.0,222.8119,55.759,0.2503,1,1,11,1
10,3,0,1,1,1,1,0.9888,0.9854,0.8853,0.8472,1121.0,349.0,894.0,344.5,1032.0,384.5,982.0,365.0,227.0446,53.668,0.2364,1,1,11,1
10,3,0,2,1,1,1,0.9844,0.9873,0.8711,0.8848,787.0,328.0,577.5,334.0,701.0,409.0,649.5,416.0,209.5859,51.9736,0.248,1,1,11,1
11,3,0,0,1,1,1,0.9888,0.9902,0.9126,0.8989,483.25,231.5,260.25,226.25,391.5,241.0,335.5,240.0,223.0618,56.0089,0.2511,1,1,12,1
11,3,0,1,1,1,1,0.9888,0.9854,0.8853,0.8477,1121.0,349.0,894.0,344.5,1032.0,384.5,981.5,365.5,227.0446,53.956,0.2376,1,1,12,1
11,3,0,2,1,1,1,0.9844,0.9873,0.8711,0.8848,787.0,328.0,577.5,334.0,701.0,409.0,649.5,416.0,209.5859,51.9736,0.248,1,1,12,1
12,3,0,0,1,1,1,0.9893,0.9902,0.9136,0.895,482.75,233.0,260.25,226.75,391.5,243.5,334.5,243.0,222.5878,57.0022,0.2561,1,1,13,1
12,3,0,1,1,1,1,0.9888,0.9854,0.8848,0.8477,1120.0,348.5,894.0,344.0,1033.0,385.5,981.0,364.5,226.0448,56.0803,0.2481,1,1,13,1
12,3,0,2,1,1,1,0.9849,0.9873,0.8716,0.8823,787.0,328.0,577.0,334.5,700.5,409.5,649.0,415.5,210.1006,51.8483,0.2468,1,1,13,1
13,3,0,0,1,1,1,0.9888,0.9902,0.9116,0.896,482.0,233.0,261.0,228.75,391.5,245.5,334.25,243.0,221.0409,57.3046,0.2592,1,1,14,1
13,3,0,1,1,1,1,0.9893,0.9849,0.8848,0.8433,1120.0,349.0,893.5,343.5,1032.0,386.0,980.5,364.5,226.5668,55.8077,0.2463,1,1,14,1
13,3,0,2,1,1,1,0.9844,0.9873,0.8721,0.8848,787.5,328.0,577.0,334.5,699.5,408.5,650.0,414.5,210.6003,49.8623,0.2368,1,1,14,1
14,3,0,0,1,1,1,0.9888,0.9902,0.9116,0.896,482.0,233.0,260.75,228.5,391.5,246.0,334.25,243.0,221.2958,57.3285,0.2591,1,1,15,1
14,3,0,1,1,1,1,0.9893,0.9849,0.8848,0.8433,1120.0,349.0,894.0,343.5,1032.0,386.0,981.0,364.0,226.0669,55.5428,0.2457,1,1,15,1
14,3,0,2,1,1,1,0.9844,0.9873,0.8726,0.8848,787.0,328.0,577.0,334.5,699.5,408.5,650.0,414.5,210.1006,49.8623,0.2373,1,1,15,1
15,3,0,0,1,1,1,0.9888,0.9897,0.9141,0.896,482.0,232.0,260.5,228.0,391.0,245.5,335.0,242.0,221.5361,56.1093,0.2533,1,1,16,1
15,3,0,1,1,1,1,0.9888,0.9854,0.8843,0.8472,1120.0,349.5,893.0,344.0,1036.0,391.5,979.5,366.5,227.0666,61.7839,0.2721,1,1,16,1
15,3,0,2,1,1,1,0.9844,0.9873,0.8721,0.8843,787.0,328.5,577.0,335.0,697.0,407.0,650.0,415.5,210.1006,47.7624,0.2273,1,1,16,1
16,3,0,0,1,1,1,0.9888,0.9897,0.9146,0.8955,482.25,232.5,260.5,228.0,391.0,245.5,335.0,242.0,221.7957,56.1093,0.253,1,1,17,1
16,3,0,1,1,1,1,0.9893,0.9854,0.8843,0.8472,1120.0,349.5,893.0,344.0,1036.0,391.5,979.5,366.5,227.0666,61.7839,0.2721,1,1,17,1
16,3,0,2,1,1,1,0.9844,0.9873,0.8716,0.8848,787.0,328.5,577.0,334.5,697.0,407.0,650.0,415.5,210.0857,47.7624,0.2273,1,1,17,1
17,3,0,0,1,1,1,0.9888,0.9902,0.9131,0.8975,480.75,231.75,259.5,227.25,390.0,244.5,334.5,242.5,221.2958,55.536,0.251,1,1,18,1
17,3,0,1,1,1,1,0.9893,0.9854,0.8853,0.8467,1119.0,349.0,893.5,343.5,1035.0,391.0,977.5,369.5,225.5671,61.3881,0.2722,1,1,18,1
17,3,0,2,1,1,1,0.9839,0.9873,0.8716,0.8862,786.5,328.5,576.5,334.5,697.0,406.5,648.5,415.5,210.0857,49.328,0.2348,1,1,18,1
18,3,0,0,1,1,1,0.9888,0.9902,0.9136,0.897,480.75,231.75,259.5,227.25,390.5,245.0,334.5,243.0,221.2958,56.0357,0.2532,1,1,19,1
18,3,0,1,1,1,1,0.9893,0.9854,0.8853,0.8462,1119.0,349.0,893.0,343.5,1035.0,391.0,977.5,369.5,226.0669,61.3881,0.2715,1,1,19,1
18,3,0,2,1,1,1,0.9839,0.9873,0.8716,0.8862,786.0,328.5,576.5,334.5,697.0,406.0,649.0,415.5,209.5859,48.9311,0.2335,1,1,19,1
19,3,0,0,1,1,1,0.9888,0.9902,0.9126,0.8975,479.75,231.25,259.75,227.5,390.5,244.5,335.25,242.0,220.032,55.3065,0.2514,1,1,20,1
19,3,0,1,1,1,1,0.9893,0.9858,0.8823,0.8486,1119.0,349.0,892.5,343.0,1036.0,392.0,979.0,365.0,226.5795,63.0714,0.2784,1,1,20,1
19,3,0,2,1,1,1,0.9844,0.9868,0.875,0.8848,786.0,328.5,576.5,334.5,698.0,407.0,648.5,415.0,209.5859,50.1423,0.2392,1,1,20,1
20,3,0,0,1,1,1,0.9888,0.9902,0.9126,0.8975,479.75,231.25,259.75,227.5,390.25,244.0,335.0,242.0,220.032,55.2862,0.2513,1,1,21,1
20,3,0,1,1,1,1,0.9893,0.9858,0.8823,0.8486,1119.0,349.0,892.5,343.0,1035.0,391.5,979.0,364.5,226.5795,62.1691,0.2744,1,1,21,1
20,3,0,2,1,1,1,0.9844,0.9873,0.874,0.8853,786.0,328.5,577.0,334.5,698.0,407.0,648.5,415.5,209.0861,50.2245,0.2402,1,1,21,1
21,3,0,0,1,1,1,0.9888,0.9902,0.9126,0.8975,479.75,231.5,259.5,227.0,389.75,244.0,334.5,242.5,220.296,55.2704,0.2509,1,1,22,1
21,3,0,1,1,1,1,0.9893,0.9858,0.8838,0.8481,1118.0,349.0,892.0,342.5,1035.0,390.0,979.0,366.5,226.0935,60.731,0.2686,1,1,22,1
21,3,0,2,1,1,1,0.9844,0.9873,0.873,0.8838,786.0,329.0,576.0,335.0,697.5,405.5,649.5,414.0,210.0857,48.7468,0.232,1,1,22,1
22,3,0,0,1,1,1,0.9888,0.9902,0.9126,0.8979,479.25,232.0,259.0,227.5,388.5,243.0,335.0,241.5,220.296,53.521,0.243,1,1,23,1
22,3,0,1,1,1,1,0.9888,0.9858,0.8804,0.8496,1118.0,349.0,892.0,343.0,1036.0,391.0,979.5,363.5,226.0796,62.8371,0.2779,1,1,23,1
22,3,0,2,1,1,1,0.9839,0.9873,0.8721,0.8862,786.0,330.0,576.0,336.0,698.0,408.0,648.0,414.5,210.0857,50.4207,0.24,1,1,23,1
23,3,0,0,1,1,1,0.9888,0.9897,0.9131,0.8975,479.5,232.0,259.0,227.5,388.5,243.0,335.0,242.0,220.5459,53.5093,0.2426,1,1,24,1
23,3,0,1,1,1,1,0.9888,0.9858,0.8809,0.8501,1118.0,349.0,892.5,343.0,1036.0,391.0,979.5,364.0,225.5798,62.6199,0.2776,1,1,24,1
23,3,0,2,1,1,1,0.9839,0.9873,0.8721,0.8862,786.0,330.0,576.0,336.0,697.5,407.5,648.0,414.5,210.0857,49.9925,0.238,1,1,24,1
24,3,0,0,1,1,1,0.9883,0.9902,0.9121,0.8989,479.75,232.0,258.75,227.5,387.5,242.0,335.5,240.0,221.0458,52.0384,0.2354,1,1,25,1
24,3,0,1,1,1,1,0.9893,0.9863,0.8789,0.8481,1119.0,349.0,891.0,343.0,1033.0,388.5,981.0,357.5,228.0789,60.5392,0.2654,1,1,25,1
24,3,0,2,1,1,1,0.9849,0.9868,0.876,0.8828,785.5,329.5,576.0,335.0,696.0,408.0,647.5,415.5,209.5722,49.0765,0.2342,1,1,25,1
25,3,0,0,1,1,1,0.9883,0.9902,0.9121,0.8989,479.5,232.0,258.75,227.75,387.5,242.0,335.5,240.5,220.7909,52.0216,0.2356,1,1,26,1
25,3,0,1,1,1,1,0.9893,0.9863,0.8794,0.8486,1119.0,349.0,891.0,343.0,1033.0,388.5,981.0,357.5,228.0789,60.5392,0.2654,1,1,26,1
25,3,0,2,1,1,1,0.9849,0.9868,0.8765,0.8828,785.5,329.5,576.0,335.0,696.0,408.0,647.5,415.5,209.5722,49.0765,0.2342,1,1,26,1
26,3,0,0,1,1,1,0.9888,0.9902,0.9121,0.897,480.25,231.5,258.0,227.0,388.0,244.5,334.5,241.0,222.2956,53.6144,0.2412,1,1,27,1
26,3,0,1,1,1,1,0.9888,0.9868,0.873,0.8516,1119.0,348.0,892.0,343.0,1036.0,393.5,982.0,353.5,227.0551,67.2012,0.296,1,1,27,1
26,3,0,2,1,1,1,0.9849,0.9868,0.875,0.8828,785.5,329.5,575.5,335.5,698.0,410.0,647.5,415.0,210.0857,50.7469,0.2416,1,1,27,1
27,3,0,0,1,1,1,0.9888,0.9902,0.9121,0.897,480.25,231.5,258.0,227.0,388.0,244.5,334.25,241.0,222.2956,53.8638,0.2423,1,1,28,1
27,3,0,1,1,1,1,0.9888,0.9868,0.873,0.8521,1119.0,348.0,892.0,343.0,1036.0,393.5,981.5,354.5,227.0551,67.0168,0.2952,1,1,28,1
27,3,0,2,1,1,1,0.9849,0.9868,0.875,0.8828,785.5,329.5,575.5,335.5,698.0,410.0,647.0,414.5,210.0857,51.1981,0.2437,1,1,28,1
28,3,0,0,1,1,1,0.9883,0.9902,0.9116,0.8984,479.75,231.75,257.25,227.25,387.5,244.5,333.5,241.5,222.5455,54.0833,0.243,1,1,29,1
28,3,0,1,1,1,1,0.9888,0.9863,0.874,0.8516,1119.0,348.0,892.0,343.0,1035.0,390.0,980.5,357.5,227.0551,63.4547,0.2795,1,1,29,1
28,3,0,2,1,1,1,0.9849,0.9868,0.877,0.8813,785.5,330.0,575.5,335.5,698.0,410.0,647.0,414.0,210.072,51.1566,0.2435,1,1,29,1
29,3,0,0,1,1,1,0.9883,0.9902,0.9116,0.8984,479.75,231.5,257.25,227.0,387.5,244.5,333.5,241.5,222.5455,54.0833,0.243,1,1,30,1
29,3,0,1,1,1,1,0.9888,0.9863,0.874,0.8516,1119.0,348.0,892.0,342.5,1035.0,390.0,980.5,357.0,227.0666,63.7122,0.2806,1,1,30,1
29,3,0,2,1,1,1,0.9849,0.9868,0.877,0.8818,785.5,330.0,575.5,335.5,698.0,410.0,647.0,414.0,210.072,51.1566,0.2435,1,1,30,1
30,3,0,0,1,1,1,0.9883,0.9902,0.9116,0.9009,478.75,231.5,256.25,226.75,386.75,243.5,334.0,240.0,222.5507,52.866,0.2375,1,1,31,1
30,3,0,1,1,1,1,0.9888,0.9863,0.8765,0.8506,1118.0,349.0,892.0,343.0,1033.0,387.5,980.0,361.5,226.0796,59.0339,0.2611,1,1,31,1
30,3,0,2,1,1,1,0.9844,0.9868,0.876,0.8843,785.5,330.0,576.0,335.5,698.5,410.0,646.5,414.5,209.5722,52.1943,0.2491,1,1,31,1
31,3,0,0,1,1,1,0.9883,0.9902,0.9116,0.9009,479.0,231.5,256.5,226.75,386.75,243.5,334.0,240.5,222.5507,52.8352,0.2374,1,1,32,1
31,3,0,1,1,1,1,0.9888,0.9863,0.877,0.8506,1118.0,349.0,892.0,343.0,1034.0,387.5,980.0,361.0,226.0796,60.1519,0.2661,1,1,32,1
31,3,0,2,1,1,1,0.9844,0.9868,0.876,0.8843,785.0,330.0,576.0,335.5,698.5,410.0,646.5,414.0,209.0724,52.1536,0.2495,1,1,32,1
32,3,0,0,1,1,1,0.9878,0.9902,0.9106,0.9009,478.25,232.0,256.0,226.75,386.5,243.0,333.75,240.5,222.312,52.8092,0.2375,1,1,33,1
32,3,0,1,1,1,1,0.9888,0.9863,0.876,0.8501,1118.0,349.0,892.0,343.5,1036.0,391.0,979.5,361.5,226.0669,63.7377,0.2819,1,1,33,1
32,3,0,2,1,1,1,0.9844,0.9868,0.874,0.8833,785.5,329.5,576.0,335.5,697.5,409.0,648.0,412.0,209.5859,49.5908,0.2366,1,1,33,1
33,3,0,0,1,1,1,0.9878,0.9897,0.9121,0.9019,479.0,231.5,256.25,227.0,386.0,243.0,334.0,240.5,222.7954,52.0601,0.2337,1,1,34,1
33,3,0,1,1,1,1,0.9888,0.9863,0.8784,0.8486,1119.0,349.5,891.5,343.5,1035.0,389.0,978.0,363.5,227.5791,62.444,0.2744,1,1,34,1
33,3,0,2,1,1,1,0.9849,0.9868,0.8765,0.8818,785.0,330.0,576.5,335.0,697.5,409.5,647.5,413.5,208.5599,50.1597,0.2405,1,1,34,1
34,3,0,0,1,1,1,0.9878,0.9897,0.9121,0.9019,479.0,231.5,256.25,227.0,386.0,243.0,334.0,240.5,222.7954,52.0601,0.2337,1,1,35,1
34,3,0,1,1,1,1,0.9844,0.9883,0.8672,0.8716,1113.0,348.5,898.5,347.5,1039.0,382.5,976.5,369.5,214.5023,63.8377,0.2976,1,1,35,1
34,3,0,2,1,1,1,0.9849,0.9868,0.877,0.8813,785.0,330.0,576.5,335.0,697.5,410.0,647.5,413.5,208.5599,50.1224,0.2403,1,1,35,1
35,3,0,0,1,1,1,0.9873,0.9902,0.9092,0.9048,478.0,230.5,256.0,227.5,386.5,244.0,334.5,240.0,222.0203,52.1536,0.2349,1,1,36,1
35,3,0,1,1,1,1,0.9888,0.9858,0.8799,0.8506,1118.0,349.0,892.0,343.5,1034.0,389.0,978.5,361.5,226.0669,61.9395,0.274,1,1,36,1
35,3,0,2,1,1,1,0.9844,0.9873,0.8726,0.8843,785.0,330.0,576.0,336.0,697.0,410.0,648.0,412.5,209.0861,49.0637,0.2347,1,1,36,1
36,3,0,0,1,1,1,0.9873,0.9902,0.9092,0.9048,478.0,230.75,256.0,227.5,386.5,244.0,334.25,240.0,222.0238,52.4029,0.236,1,1,37,1
36,3,0,1,1,1,1,0.9844,0.9883,0.8696,0.8721,1112.0,348.5,898.0,348.0,1039.0,383.0,977.0,367.0,214.0006,64.0312,0.2992,1,1,37,1
36,3,0,2,1,1,1,0.9844,0.9873,0.8721,0.8843,785.0,330.0,576.0,336.0,697.0,410.0,648.0,412.5,209.0861,49.0637,0.2347,1,1,37,1
37,3,0,0,1,1,1,0.9878,0.9902,0.9092,0.9043,477.75,231.25,255.75,228.0,386.25,242.0,334.25,240.0,222.0238,52.0384,0.2344,1,1,38,1
37,3,0,1,1,1,1,0.9844,0.9888,0.8682,0.8726,1112.0,348.0,898.0,348.0,1038.0,382.5,977.5,367.5,214.0,62.3318,0.2913,1,1,38,1
37,3,0,2,1,1,1,0.9844,0.9873,0.8735,0.8848,785.0,330.5,575.5,336.0,697.0,410.5,646.0,415.0,209.5722,51.1981,0.2443,1,1,38,1
38,3,0,0,1,1,1,0.9873,0.9902,0.9087,0.9043,477.75,231.0,255.75,227.75,386.0,242.0,334.25,240.0,222.0238,51.7886,0.2333,1,1,39,1
38,3,0,1,1,1,1,0.9844,0.9888,0.8677,0.8726,1112.0,348.5,898.0,348.0,1038.0,382.5,977.5,367.5,214.0006,62.3318,0.2913,1,1,39,1
38,3,0,2,1,1,1,0.9844,0.9873,0.8735,0.8843,785.0,330.5,575.5,336.0,697.0,410.5,646.0,415.5,209.5722,51.2445,0.2445,1,1,39,1
39,3,0,0,1,1,1,0.9878,0.9902,0.9092,0.9038,477.75,231.25,255.25,228.25,386.5,243.5,333.5,240.5,222.5202,53.0848,0.2386,1,1,40,1
39,3,0,1,1,1,1,0.9888,0.9863,0.8804,0.8506,1118.0,349.0,890.5,344.0,1034.0,389.0,979.0,361.0,227.5549,61.7171,0.2712,1,1,40,1
39,3,0,2,1,1,1,0.9844,0.9868,0.8726,0.8828,784.5,330.0,575.5,336.0,697.5,411.0,646.0,415.0,209.0861,51.6551,0.2471,1,1,40,1
40,3,0,0,1,1,1,0.9878,0.9902,0.9092,0.9038,477.75,231.5,255.375,228.25,386.5,243.0,333.75,240.5,222.3987,52.8092,0.2375,1,1,41,1
40,3,0,1,1,1,1,0.9888,0.9863,0.8804,0.8506,1118.0,349.0,890.5,343.5,1034.0,388.5,979.0,361.0,227.5665,61.4919,0.2702,1,1,41,1
40,3,0,2,1,1,1,0.9844,0.9868,0.873,0.8828,785.0,330.5,575.5,336.0,697.5,411.0,646.5,415.0,209.5722,51.1566,0.2441,1,1,41,1
41,3,0,0,1,1,1,0.9873,0.9902,0.9097,0.9053,478.25,231.0,255.5,228.25,387.5,244.0,334.0,239.5,222.767,53.6889,0.241,1,1,42,1
41,3,0,1,1,1,1,0.9844,0.9883,0.8691,0.8716,1111.0,348.5,897.0,348.5,1038.0,383.5,976.5,369.5,214.0,63.0734,0.2947,1,1,42,1
41,3,0,2,1,1,1,0.9849,0.9868,0.876,0.8818,785.0,330.5,575.5,336.0,697.0,410.0,646.5,414.0,209.5722,50.6582,0.2417,1,1,42,1
42,3,0,0,1,1,1,0.9873,0.9902,0.9097,0.9053,478.75,231.0,255.875,228.0,387.5,244.5,333.5,240.5,222.8952,54.1479,0.2429,1,1,43,1
42,3,0,1,1,1,1,0.9844,0.9883,0.8706,0.8716,1111.0,348.5,896.5,348.0,1038.0,381.0,976.0,368.5,214.5006,63.2475,0.2949,1,1,43,1
42,3,0,2,1,1,1,0.9849,0.9863,0.8789,0.8799,784.5,330.0,576.0,335.5,697.5,409.0,647.0,413.5,208.5725,50.7001,0.2431,1,1,43,1
43,3,0,0,1,1,1,0.9873,0.9902,0.9097,0.9053,478.75,231.0,255.875,228.0,387.5,244.5,333.75,240.5,222.8952,53.8986,0.2418,1,1,44,1
43,3,0,1,1,1,1,0.9844,0.9883,0.8711,0.8711,1111.0,348.5,896.5,348.5,1037.0,381.0,976.0,368.5,214.5,62.2676,0.2903,1,1,44,1
43,3,0,2,1,1,1,0.9849,0.9863,0.8789,0.8799,785.0,330.0,576.0,335.0,697.0,409.0,647.0,413.5,209.0598,50.2021,0.2401,1,1,44,1
44,3,0,0,1,1,1,0.9873,0.9902,0.9097,0.9038,478.75,231.75,255.75,229.0,386.5,244.0,333.25,241.5,223.017,53.3087,0.239,1,1,45,1
44,3,0,1,1,1,1,0.9844,0.9883,0.8721,0.8735,1111.0,347.5,897.0,347.5,1039.0,383.0,976.0,368.5,214.0,64.6471,0.3021,1,1,45,1
44,3,0,2,1,1,1,0.9849,0.9863,0.8779,0.8799,784.5,330.0,576.0,335.5,698.0,411.0,646.0,414.0,208.5725,52.0865,0.2497,1,1,45,1
45,3,0,0,1,1,1,0.9873,0.9902,0.9092,0.9043,478.5,231.5,255.75,228.75,386.5,244.0,333.0,241.5,222.767,53.5584,0.2404,1,1,46,1
45,3,0,1,1,1,1,0.9844,0.9883,0.8721,0.874,1111.0,347.5,897.5,347.5,1039.0,383.0,976.0,368.5,213.5,64.6471,0.3028,1,1,46,1
45,3,0,2,1,1,1,0.9849,0.9863,0.8784,0.8794,784.5,330.0,576.0,335.5,698.0,411.0,646.0,414.0,208.5725,52.0865,0.2497,1,1,46,1
46,3,0,0,1,1,1,0.9873,0.9902,0.9082,0.9043,479.75,231.5,256.75,229.25,386.5,244.0,333.75,240.5,223.0114,52.866,0.2371,1,1,47,1
46,3,0,1,1,1,1,0.9844,0.9883,0.8735,0.8745,1110.0,347.5,898.0,347.0,1039.0,382.5,975.0,371.0,212.0006,65.025,0.3067,1,1,47,1
46,3,0,2,1,1,1,0.9849,0.9863,0.8804,0.8794,784.0,330.0,576.0,335.0,697.5,409.0,645.5,414.5,208.0601,52.2901,0.2513,1,1,47,1
47,3,0,0,1,1,1,0.9873,0.9902,0.9082,0.9038,479.5,231.5,256.75,229.25,386.5,244.0,333.75,240.5,222.7614,52.866,0.2373,1,1,48,1
47,3,0,1,1,1,1,0.9844,0.9883,0.8735,0.874,1110.0,347.5,898.0,347.5,1039.0,382.5,975.0,371.0,212.0,65.025,0.3067,1,1,48,1
47,3,0,2,1,1,1,0.9849,0.9863,0.8799,0.8799,784.0,330.0,576.0,335.0,697.5,409.0,645.5,414.5,208.0601,52.2901,0.2513,1,1,48,1
48,3,0,0,1,1,1,0.9873,0.9902,0.9092,0.9033,478.75,232.0,256.5,229.5,387.0,244.0,333.5,241.5,222.2641,53.5584,0.241,1,1,49,1
48,3,0,1,1,1,1,0.9844,0.9883,0.8726,0.873,1111.0,348.5,898.0,347.5,1039.0,382.0,974.5,371.0,213.0023,65.4313,0.3072,1,1,49,1
48,3,0,2,1,1,1,0.9849,0.9863,0.8784,0.8809,784.0,329.5,576.0,334.5,697.0,409.5,644.5,415.5,208.0601,52.8417,0.254,1,1,49,1
49,3,0,0,1,1,1,0.9873,0.9902,0.9082,0.9053,478.5,231.75,256.75,229.75,387.0,244.5,333.5,241.5,221.759,53.584,0.2416,1,1,50,1
49,3,0,1,1,1,1,0.9844,0.9883,0.8701,0.8735,1111.0,348.0,897.5,347.5,1038.0,380.0,977.0,367.0,213.5006,62.3699,0.2921,1,1,50,1
49,3,0,2,1,1,1,0.9844,0.9863,0.8765,0.8823,783.5,330.0,576.0,335.0,697.5,410.0,644.0,416.0,207.5602,53.8354,0.2594,1,1,50,1
50,3,0,0,1,1,1,0.9873,0.9902,0.9082,0.9053,478.75,231.75,256.75,230.0,387.25,244.0,333.5,241.5,222.0069,53.8081,0.2424,1,1,51,1
50,3,0,1,1,1,1,0.9844,0.9883,0.8701,0.873,1111.0,348.0,897.5,347.5,1038.0,380.0,977.0,367.0,213.5006,62.3699,0.2921,1,1,51,1
50,3,0,2,1,1,1,0.9844,0.9863,0.877,0.8823,783.5,329.5,576.0,335.0,698.0,410.0,644.0,415.5,207.5729,54.2794,0.2615,1,1,51,1
51,3,0,0,1,1,1,0.9873,0.9902,0.9082,0.9043,479.0,232.0,257.0,230.25,386.0,244.0,333.75,241.0,222.0069,52.3361,0.2357,1,1,52,1
51,3,0,1,1,1,1,0.9849,0.9888,0.8706,0.8745,1110.0,348.0,897.0,348.0,1038.0,380.5,976.5,366.5,213.0,63.0734,0.2961,1,1,52,1
51,3,0,2,1,1,1,0.9844,0.9868,0.873,0.8848,783.5,329.5,576.0,335.0,697.5,407.5,645.5,413.5,207.5729,52.345,0.2522,1,1,52,1
52,3,0,0,1,1,1,0.9873,0.9902,0.9077,0.9038,479.25,232.0,257.0,230.25,386.0,243.5,333.75,241.0,222.2569,52.3098,0.2354,1,1,53,1
52,3,0,1,1,1,1,0.9849,0.9888,0.8716,0.874,1110.0,348.0,897.0,348.0,1038.0,380.5,976.5,366.5,213.0,63.0734,0.2961,1,1,53,1
52,3,0,2,1,1,1,0.9844,0.9868,0.8735,0.8843,783.5,329.5,576.0,335.5,697.5,408.0,645.5,413.5,207.5867,52.2901,0.2519,1,1,53,1
53,3,0,0,1,1,1,0.9873,0.9902,0.9077,0.9058,479.0,231.5,256.75,229.5,386.0,243.0,334.0,241.0,222.259,52.0384,0.2341,1,1,54,1
53,3,0,1,1,1,1,0.9844,0.9888,0.8613,0.8735,1112.0,349.0,897.0,348.5,1041.0,385.5,978.0,365.5,215.0006,66.0984,0.3074,1,1,54,1
53,3,0,2,1,1,1,0.9844,0.9868,0.8735,0.8823,783.0,330.0,575.0,335.0,694.5,404.0,645.5,413.5,208.0601,49.9124,0.2399,1,1,54,1
54,3,0,0,1,1,1,0.9873,0.9902,0.9082,0.9058,479.0,231.25,256.75,229.5,386.25,243.0,334.0,241.0,222.2569,52.2883,0.2353,1,1,55,1
54,3,0,1,1,1,1,0.9839,0.9888,0.8613,0.8735,1112.0,348.5,897.0,348.0,1041.0,385.0,978.0,365.5,215.0006,65.9488,0.3067,1,1,55,1
54,3,0,2,1,1,1,0.9844,0.9868,0.874,0.8823,783.0,330.0,575.0,335.5,694.5,404.0,645.5,413.5,208.0727,49.9124,0.2399,1,1,55,1
55,3,0,0,1,1,1,0.9868,0.9907,0.9058,0.9067,478.75,232.5,256.5,229.75,388.0,245.5,333.75,242.0,222.267,54.3628,0.2446,1,1,56,1
55,3,0,1,1,1,1,0.9849,0.9888,0.8652,0.873,1112.0,349.0,897.0,349.0,1046.0,392.5,977.5,369.5,215.0,72.2582,0.3361,1,1,56,1
55,3,0,2,1,1,1,0.9844,0.9868,0.8745,0.8843,783.0,329.5,575.0,335.0,694.0,405.0,644.0,415.5,208.0727,51.0906,0.2455,1,1,56,1
56,3,0,0,1,1,1,0.9868,0.9907,0.9058,0.9067,478.75,232.0,256.5,229.75,388.0,245.5,333.75,242.0,222.2614,54.3628,0.2446,1,1,57,1
56,3,0,1,1,1,1,0.9888,0.9868,0.876,0.8535,1117.0,349.5,890.5,344.5,1040.0,397.5,978.5,365.0,226.5552,69.5593,0.307,1,1,57,1
56,3,0,2,1,1,1,0.9844,0.9868,0.8745,0.8843,783.0,329.5,575.0,335.0,694.0,405.5,644.0,415.5,208.0727,50.9902,0.2451,1,1,57,1
57,3,0,0,1,1,1,0.9868,0.9902,0.9067,0.9082,479.0,231.75,255.875,229.5,388.0,244.5,333.5,242.0,223.1363,54.5573,0.2445,1,1,58,1
57,3,0,1,1,1,1,0.9849,0.9888,0.8677,0.8726,1111.0,348.0,897.0,348.0,1041.0,384.0,978.5,369.0,214.0,64.2748,0.3003,1,1,58,1
57,3,0,2,1,1,1,0.9844,0.9868,0.8755,0.8828,783.0,329.5,575.0,335.0,693.0,404.0,644.5,414.5,208.0727,49.6236,0.2385,1,1,58,1
58,3,0,0,1,1,1,0.9868,0.9902,0.9058,0.9077,479.0,232.0,256.5,229.25,387.75,244.0,334.0,242.0,222.517,53.7872,0.2417,1,1,59,1
58,3,0,1,1,1,1,0.9888,0.9863,0.877,0.8545,1117.0,348.5,891.0,343.5,1035.0,387.5,980.0,363.0,226.0553,60.21,0.2664,1,1,59,1
58,3,0,2,1,1,1,0.9854,0.9863,0.8794,0.877,782.5,329.5,575.0,335.0,692.5,405.0,645.0,414.0,207.5729,48.3451,0.2329,1,1,59,1
59,3,0,0,1,1,1,0.9868,0.9902,0.9058,0.9077,479.25,232.5,256.5,229.5,387.75,244.0,334.0,242.0,222.7702,53.7872,0.2414,1,1,60,1
59,3,0,1,1,1,1,0.9888,0.9863,0.8774,0.854,1117.0,348.5,891.0,343.5,1035.0,387.5,980.0,363.5,226.0553,60.0083,0.2655,1,1,60,1
59,3,0,2,1,1,1,0.9854,0.9863,0.8789,0.877,783.0,329.5,575.0,335.0,692.5,405.0,645.0,414.0,208.0727,48.3451,0.2323,1,1,60,1
60,3,0,0,1,1,1,0.9868,0.9902,0.9058,0.9072,479.25,232.5,256.25,229.25,388.5,245.0,334.0,242.0,223.0237,54.5825,0.2447,1,1,61,1
60,3,0,1,1,1,1,0.9888,0.9863,0.877,0.8506,1118.0,348.5,891.5,344.5,1033.0,385.5,981.5,361.5,226.5353,56.8177,0.2508,1,1,61,1
60,3,0,2,1,1,1,0.9854,0.9858,0.8818,0.876,782.0,329.0,575.0,335.0,691.5,403.5,646.0,412.0,207.0869,46.2871,0.2235,1,1,61,1
61,3,0,0,1,1,1,0.9868,0.9902,0.9058,0.9072,479.0,232.5,256.5,229.5,388.25,244.5,334.0,242.0,222.5202,54.3076,0.2441,1,1,62,1
61,3,0,1,1,1,1,0.9888,0.9863,0.877,0.8511,1118.0,348.5,891.5,344.5,1033.0,386.0,981.0,361.5,226.5353,57.4826,0.2537,1,1,62,1
61,3,0,2,1,1,1,0.9854,0.9858,0.8818,0.876,782.0,329.0,575.0,335.0,691.5,404.0,646.0,412.0,207.0869,46.1979,0.2231,1,1,62,1
62,3,0,0,1,1,1,0.9868,0.9902,0.9058,0.9072,479.75,232.5,256.5,229.0,388.5,245.5,334.0,242.5,223.2774,54.5825,0.2445,1,1,63,1
62,3,0,1,1,1,1,0.9888,0.9863,0.8779,0.8486,1118.0,349.0,891.5,344.5,1035.0,389.0,981.0,364.5,226.5447,59.298,0.2617,1,1,63,1
62,3,0,2,1,1,1,0.9858,0.9854,0.8848,0.8755,782.0,329.0,575.5,335.0,691.5,404.5,646.0,412.5,206.5871,46.1979,0.2236,1,1,63,1
63,3,0,0,1,1,1,0.9868,0.9902,0.9058,0.9072,479.75,232.5,256.5,229.0,388.5,245.5,334.0,242.0,223.2774,54.6123,0.2446,1,1,64,1
63,3,0,1,1,1,1,0.9888,0.9863,0.8779,0.8486,1118.0,349.0,891.5,344.5,1035.0,388.5,980.5,364.5,226.5447,59.5504,0.2629,1,1,64,1
63,3,0,2,1,1,1,0.9858,0.9854,0.8848,0.8755,782.0,329.0,575.5,335.0,691.5,404.5,646.0,412.0,206.5871,46.114,0.2232,1,1,64,1
64,3,0,0,1,1,1,0.9868,0.9902,0.9062,0.9082,479.5,232.0,256.25,229.25,388.0,245.5,334.25,242.0,223.2669,53.8638,0.2413,1,1,65,1
64,3,0,1,1,1,1,0.9883,0.9868,0.8726,0.8521,1118.0,349.0,891.0,345.5,1035.0,389.5,983.0,361.5,227.027,59.0593,0.2601,1,1,65,1
64,3,0,2,1,1,1,0.9858,0.9854,0.8843,0.8755,782.0,330.0,575.5,335.0,693.5,405.5,645.0,413.0,206.5605,49.0765,0.2376,1,1,65,1
65,3,0,0,1,1,1,0.9868,0.9902,0.9062,0.9082,479.5,232.0,256.25,229.25,388.0,245.0,334.5,242.0,223.2669,53.584,0.24,1,1,66,1
65,3,0,1,1,1,1,0.9883,0.9868,0.8721,0.8525,1118.0,349.0,891.0,345.5,1036.0,390.5,983.0,361.5,227.027,60.4152,0.2661,1,1,66,1
65,3,0,2,1,1,1,0.9858,0.9854,0.8843,0.875,782.0,329.5,575.5,334.5,693.5,406.0,645.0,413.0,206.5605,49.0026,0.2372,1,1,66,1
66,3,0,0,1,1,1,0.9868,0.9902,0.9072,0.9077,479.25,232.0,256.5,228.5,388.25,245.5,334.0,242.5,222.7775,54.3329,0.2439,1,1,67,1
66,3,0,1,1,1,1,0.9888,0.9863,0.8765,0.8545,1118.0,349.0,892.0,344.5,1035.0,389.5,981.5,365.0,226.0448,58.843,0.2603,1,1,67,1
66,3,0,2,1,1,1,0.9858,0.9854,0.8862,0.875,781.5,329.0,576.0,334.0,692.0,404.5,645.0,414.0,205.5608,47.9505,0.2333,1,1,67,1
67,3,0,0,1,1,1,0.9868,0.9902,0.9067,0.9082,479.5,232.0,256.5,228.5,388.25,245.5,334.0,242.5,223.0275,54.3329,0.2436,1,1,68,1
67,3,0,1,1,1,1,0.9888,0.9863,0.8765,0.854,1118.0,349.0,892.0,345.0,1035.0,390.0,981.5,364.5,226.0354,59.2663,0.2622,1,1,68,1
67,3,0,2,1,1,1,0.9858,0.9854,0.8862,0.875,781.5,329.0,576.0,334.0,692.0,404.5,645.0,414.0,205.5608,47.9505,0.2333,1,1,68,1
68,3,0,0,1,1,1,0.9868,0.9902,0.9072,0.9067,479.5,232.0,256.25,228.5,388.25,246.0,334.25,242.0,223.2774,54.1479,0.2425,1,1,69,1
68,3,0,1,1,1,1,0.9888,0.9863,0.876,0.855,1118.0,349.0,892.0,345.0,1037.0,392.5,981.5,365.5,226.0354,61.7191,0.2731,1,1,69,1
68,3,0,2,1,1,1,0.9863,0.9854,0.8882,0.873,781.5,329.0,575.5,334.0,692.0,405.5,646.5,412.5,206.0607,46.0353,0.2234,1,1,69,1
69,3,0,0,1,1,1,0.9868,0.9902,0.9072,0.9072,479.5,232.0,256.25,228.25,388.25,245.5,334.0,241.5,223.2815,54.3973,0.2436,1,1,70,1
69,3,0,1,1,1,1,0.9888,0.9863,0.876,0.8545,1118.0,348.5,892.0,345.0,1037.0,392.5,982.0,365.5,226.0271,61.2699,0.2711,1,1,70,1
69,3,0,2,1,1,1,0.9863,0.9854,0.8882,0.873,781.5,329.0,575.5,334.0,692.0,405.5,646.5,413.0,206.0607,46.114,0.2238,1,1,70,1
70,3,0,0,1,1,1,0.9868,0.9902,0.9077,0.9072,479.75,231.75,256.0,228.5,388.0,245.0,334.25,241.5,223.7736,53.8638,0.2407,1,1,71,1
70,3,0,1,1,1,1,0.9883,0.9868,0.8696,0.855,1119.0,348.0,892.0,345.5,1037.0,392.5,985.0,355.5,227.0138,63.8201,0.2811,1,1,71,1
70,3,0,2,1,1,1,0.9858,0.9854,0.8857,0.8745,781.0,329.0,575.0,334.0,691.0,403.5,646.5,412.5,206.0607,45.401,0.2203,1,1,71,1
71,3,0,0,1,1,1,0.9868,0.9902,0.9082,0.9077,479.75,231.75,256.25,228.25,388.5,245.5,333.75,242.5,223.5274,54.8321,0.2453,1,1,72,1
71,3,0,1,1,1,1,0.9883,0.9868,0.873,0.8555,1118.0,348.5,891.5,346.0,1033.0,388.0,985.5,353.0,226.5138,59.0021,0.2605,1,1,72,1
71,3,0,2,1,1,1,0.9858,0.9854,0.8862,0.876,781.0,329.0,575.0,334.0,692.5,404.0,645.0,413.5,206.0607,48.4407,0.2351,1,1,72,1
72,3,0,0,1,1,1,0.9868,0.9902,0.9082,0.9077,479.5,231.75,256.25,228.25,388.5,245.5,333.75,242.5,223.2774,54.8321,0.2456,1,1,73,1
72,3,0,1,1,1,1,0.9883,0.9868,0.8721,0.8555,1118.0,348.5,891.5,345.5,1033.0,388.5,985.5,353.0,226.5199,59.3001,0.2618,1,1,73,1
72,3,0,2,1,1,1,0.9858,0.9854,0.8862,0.876,781.0,329.0,575.0,334.0,692.5,404.5,645.0,413.5,206.0607,48.3451,0.2346,1,1,73,1
73,3,0,0,1,1,1,0.9868,0.9902,0.9067,0.9082,479.5,231.5,256.25,228.25,388.5,245.0,334.0,242.0,223.2737,54.5825,0.2445,1,1,74,1
73,3,0,1,1,1,1,0.9883,0.9868,0.8726,0.855,1119.0,348.5,891.5,345.5,1034.0,388.5,984.5,357.5,227.5198,58.4059,0.2567,1,1,74,1
73,3,0,2,1,1,1,0.9858,0.9854,0.8853,0.875,782.0,329.0,575.0,334.0,693.0,404.5,645.5,412.0,207.0604,48.0885,0.2322,1,1,74,1
74,3,0,0,1,1,1,0.9868,0.9902,0.9067,0.9077,479.75,231.5,256.0,228.25,388.5,245.0,334.0,242.5,223.7736,54.5573,0.2438,1,1,75,1
74,3,0,1,1,1,1,0.9883,0.9868,0.873,0.8555,1119.0,348.5,891.5,345.5,1035.0,388.5,984.5,357.5,227.5198,59.2558,0.2604,1,1,75,1
74,3,0,2,1,1,1,0.9858,0.9854,0.8853,0.8745,782.0,329.0,575.0,334.0,693.0,404.5,645.5,412.0,207.0604,48.0885,0.2322,1,1,75,1
75,3,0,0,1,1,1,0.9863,0.9902,0.9062,0.9072,479.5,231.75,256.0,228.25,389.0,246.0,334.75,241.5,223.5274,54.4363,0.2435,1,1,76,1
75,3,0,1,1,1,1,0.9883,0.9863,0.873,0.8564,1118.0,349.0,892.0,346.0,1036.0,390.5,984.0,362.5,226.0199,59.0593,0.2613,1,1,76,1
75,3,0,2,1,1,1,0.9858,0.9858,0.8843,0.877,782.0,329.0,575.5,334.0,691.5,402.5,646.5,412.0,206.5605,45.9918,0.2227,1,1,76,1
76,3,0,0,1,1,1,0.9863,0.9902,0.9062,0.9072,479.75,231.5,256.0,228.0,389.0,246.0,334.75,241.5,223.7774,54.4363,0.2433,1,1,77,1
76,3,0,1,1,1,1,0.9883,0.9863,0.873,0.8564,1118.0,348.5,892.0,346.0,1036.0,390.0,984.0,362.5,226.0138,58.8239,0.2603,1,1,77,1
76,3,0,2,1,1,1,0.9854,0.9858,0.8843,0.877,781.5,329.0,575.5,334.0,691.5,402.5,646.5,412.0,206.0607,45.9918,0.2232,1,1,77,1
77,3,0,0,1,1,1,0.9868,0.9902,0.9058,0.9072,479.25,231.5,255.875,227.75,388.5,245.0,334.0,242.5,223.4065,54.5573,0.2442,1,1,78,1
77,3,0,1,1,1,1,0.9883,0.9863,0.873,0.8555,1118.0,348.5,892.0,345.0,1036.0,390.5,983.5,364.0,226.0271,58.809,0.2602,1,1,78,1
77,3,0,2,1,1,1,0.9854,0.9858,0.8833,0.8774,781.5,329.0,575.0,334.5,692.5,404.5,645.5,412.5,206.5732,47.676,0.2308,1,1,78,1
78,3,0,0,1,1,1,0.9868,0.9902,0.9058,0.9072,479.0,231.25,255.875,227.75,387.5,244.0,334.5,242.0,223.1524,53.0377,0.2377,1,1,79,1
78,3,0,1,1,1,1,0.9883,0.9863,0.8721,0.8574,1118.0,348.5,892.0,346.0,1037.0,393.0,984.5,362.0,226.0138,60.9693,0.2698,1,1,79,1
78,3,0,2,1,1,1,0.9858,0.9858,0.8838,0.876,782.0,329.0,575.5,335.0,692.5,404.5,646.0,411.5,206.5871,47.0239,0.2276,1,1,79,1
79,3,0,0,1,1,1,0.9863,0.9902,0.9053,0.9072,479.0,231.0,255.75,227.75,387.5,244.0,334.5,242.0,223.2737,53.0377,0.2375,1,1,80,1
79,3,0,1,1,1,1,0.9878,0.9863,0.8716,0.8579,1118.0,348.5,892.0,346.0,1037.0,393.0,984.5,362.0,226.0138,60.9693,0.2698,1,1,80,1
79,3,0,2,1,1,1,0.9858,0.9858,0.8843,0.876,782.0,329.0,575.5,335.0,692.5,404.5,646.0,411.5,206.5871,47.0239,0.2276,1,1,80,1
80,3,0,0,1,1,1,0.9868,0.9902,0.9058,0.9062,479.5,231.25,256.0,228.0,388.25,245.5,334.5,241.5,223.5236,53.8986,0.2411,1,1,81,1
80,3,0,1,1,1,1,0.9883,0.9863,0.8735,0.8545,1118.0,348.5,891.5,345.5,1038.0,392.5,983.0,366.0,226.5199,61.0512,0.2695,1,1,81,1
80,3,0,2,1,1,1,0.9858,0.9858,0.8843,0.8755,782.5,329.0,575.5,335.0,691.5,404.0,646.0,412.0,207.0869,46.1979,0.2231,1,1,81,1
81,3,0,0,1,1,1,0.9868,0.9902,0.9058,0.9062,479.5,231.25,256.0,228.0,388.25,245.0,334.25,241.5,223.5236,54.1133,0.2421,1,1,82,1
81,3,0,1,1,1,1,0.9883,0.9863,0.873,0.8545,1118.0,348.5,892.0,345.5,1039.0,392.5,983.0,366.0,226.0199,61.9536,0.2741,1,1,82,1
81,3,0,2,1,1,1,0.9858,0.9858,0.8838,0.8755,782.5,329.0,575.5,335.0,691.5,404.0,646.0,411.5,207.0869,46.114,0.2227,1,1,82,1
82,3,0,0,1,1,1,0.9863,0.9902,0.9053,0.9062,480.0,231.5,255.75,227.5,388.0,244.0,334.0,242.0,224.2857,54.037,0.2409,1,1,83,1
82,3,0,1,1,1,1,0.9883,0.9863,0.8745,0.854,1118.0,349.0,891.0,346.0,1038.0,391.0,982.0,365.5,227.0198,61.5325,0.271,1,1,83,1
82,3,0,2,1,1,1,0.9858,0.9854,0.8853,0.8755,782.0,329.0,575.5,335.0,691.5,404.5,647.0,412.0,206.5871,45.1276,0.2184,1,1,83,1
83,3,0,0,1,1,1,0.9868,0.9902,0.9053,0.9062,479.75,231.5,255.75,227.75,388.0,244.0,334.25,241.5,224.0314,53.8081,0.2402,1,1,84,1
83,3,0,1,1,1,1,0.9883,0.9858,0.8755,0.8535,1118.0,349.0,891.0,346.0,1038.0,391.0,982.0,366.0,227.0198,61.327,0.2701,1,1,84,1
83,3,0,2,1,1,1,0.9858,0.9854,0.8848,0.8765,782.0,329.5,575.5,335.0,691.5,404.5,647.0,411.5,206.5732,45.0472,0.2181,1,1,84,1
84,3,0,0,1,1,1,0.9868,0.9902,0.9082,0.9062,480.0,231.75,256.0,227.75,387.75,244.0,334.0,242.5,224.0357,53.7709,0.24,1,1,85,1
84,3,0,1,1,1,1,0.9883,0.9858,0.8779,0.855,1117.0,349.0,891.0,345.5,1035.0,385.0,981.0,363.0,226.0271,58.3095,0.258,1,1,85,1
84,3,0,2,1,1,1,0.9863,0.9849,0.8887,0.873,782.0,329.0,575.5,334.5,693.0,405.5,647.0,412.0,206.5732,46.457,0.2249,1,1,85,1
85,3,0,0,1,1,1,0.9868,0.9902,0.9072,0.9058,479.5,231.75,256.5,227.5,387.75,244.5,334.25,241.5,223.0405,53.584,0.2402,1,1,86,1
85,3,0,1,1,1,1,0.9883,0.9858,0.8784,0.8584,1117.0,348.5,892.0,346.0,1037.0,388.0,982.0,368.0,225.0139,58.5235,0.2601,1,1,86,1
85,3,0,2,1,1,1,0.9863,0.9854,0.8882,0.8735,782.0,329.0,576.0,334.5,692.0,405.5,647.5,411.0,206.0734,44.8386,0.2176,1,1,86,1
86,3,0,0,1,1,1,0.9868,0.9902,0.9072,0.9058,479.5,231.75,256.5,227.5,387.75,244.5,334.5,242.0,223.0405,53.3087,0.239,1,1,87,1
86,3,0,1,1,1,1,0.9883,0.9858,0.8779,0.8584,1117.0,348.5,892.0,346.0,1037.0,388.0,982.0,367.5,225.0139,58.6963,0.2609,1,1,87,1
86,3,0,2,1,1,1,0.9863,0.9854,0.8882,0.873,782.0,329.0,576.0,334.5,692.0,405.5,647.5,411.0,206.0734,44.8386,0.2176,1,1,87,1
87,3,0,0,1,1,1,0.9868,0.9902,0.9082,0.9058,479.25,231.5,256.25,227.5,387.0,244.0,334.0,242.0,223.0359,53.0377,0.2378,1,1,88,1
87,3,0,1,1,1,1,0.9883,0.9863,0.8745,0.8574,1117.0,348.0,891.5,345.5,1039.0,394.0,981.5,368.5,225.5139,62.9007,0.2789,1,1,88,1
87,3,0,2,1,1,1,0.9863,0.9854,0.8862,0.8726,782.0,329.0,576.0,334.0,694.0,406.5,646.0,412.0,206.0607,48.3141,0.2345,1,1,88,1
88,3,0,0,1,1,1,0.9868,0.9902,0.9077,0.9058,479.5,231.5,256.25,227.5,387.0,244.0,334.0,242.0,223.2858,53.0377,0.2375,1,1,89,1
88,3,0,1,1,1,1,0.9883,0.9863,0.8745,0.8569,1117.0,348.0,891.0,345.0,1039.0,394.0,981.5,369.0,226.0199,62.6997,0.2774,1,1,89,1
88,3,0,2,1,1,1,0.9863,0.9854,0.8862,0.8726,782.0,329.0,576.0,334.0,694.0,406.5,646.0,412.0,206.0607,48.3141,0.2345,1,1,89,1
89,3,0,0,1,1,1,0.9868,0.9902,0.9067,0.9067,479.0,231.0,256.25,227.75,387.5,244.5,333.75,242.5,222.7737,53.7872,0.2414,1,1,90,1
89,3,0,1,1,1,1,0.9883,0.9863,0.875,0.8599,1116.0,348.5,891.0,345.5,1036.0,389.0,980.0,366.0,225.02,60.5392,0.269,1,1,90,1
89,3,0,2,1,1,1,0.9863,0.9849,0.8892,0.8721,781.0,329.0,575.5,334.5,693.5,406.5,645.0,413.0,205.5736,48.9336,0.238,1,1,90,1
90,3,0,0,1,1,1,0.9868,0.9902,0.9062,0.9067,479.25,231.0,256.25,227.75,387.5,244.5,333.75,242.5,223.0237,53.7872,0.2412,1,1,91,1
90,3,0,1,1,1,1,0.9883,0.9863,0.875,0.8599,1116.0,348.5,891.0,345.5,1037.0,389.0,980.0,365.5,225.02,61.6543,0.274,1,1,91,1
90,3,0,2,1,1,1,0.9863,0.9849,0.8892,0.8721,781.0,329.0,575.5,334.5,693.5,407.0,645.0,413.0,205.5736,48.8697,0.2377,1,1,91,1
91,3,0,0,1,1,1,0.9868,0.9902,0.9067,0.9048,479.25,231.0,256.75,227.25,387.25,244.0,333.5,242.0,222.5316,53.7872,0.2417,1,1,92,1
91,3,0,1,1,1,1,0.9844,0.9888,0.8687,0.877,1109.0,347.5,896.5,349.0,1039.0,379.5,978.5,372.0,212.5053,60.9631,0.2869,1,1,92,1
91,3,0,2,1,1,1,0.9863,0.9849,0.8887,0.874,780.5,329.0,575.5,334.0,692.0,406.0,646.0,412.5,205.061,46.457,0.2266,1,1,92,1
92,3,0,0,1,1,1,0.9868,0.9902,0.9067,0.9048,479.5,231.0,256.75,227.5,387.25,243.5,333.5,242.0,222.7775,53.7709,0.2414,1,1,93,1
92,3,0,1,1,1,1,0.9844,0.9888,0.8687,0.877,1109.0,347.5,896.0,349.0,1039.0,379.5,978.5,372.0,213.0053,60.9631,0.2862,1,1,93,1
92,3,0,2,1,1,1,0.9863,0.9849,0.8887,0.874,780.5,329.0,575.5,334.0,692.0,406.0,646.0,412.5,205.061,46.457,0.2266,1,1,93,1
93,3,0,0,1,1,1,0.9868,0.9902,0.9062,0.9043,479.75,231.75,256.5,227.75,387.5,244.0,334.0,242.0,223.2858,53.5374,0.2398,1,1,94,1
93,3,0,1,1,1,1,0.9844,0.9888,0.8672,0.8765,1108.0,348.0,895.5,349.0,1038.0,380.0,979.0,372.5,212.5024,59.4748,0.2799,1,1,94,1
93,3,0,2,1,1,1,0.9863,0.9849,0.8882,0.873,781.0,329.0,575.5,334.0,692.5,405.5,646.0,411.5,205.5608,46.8855,0.2281,1,1,94,1
94,3,0,0,1,1,1,0.9873,0.9902,0.9067,0.9038,480.0,232.0,256.5,227.75,387.75,243.5,334.25,241.0,223.5404,53.5584,0.2396,1,1,95,1
94,3,0,1,1,1,1,0.9839,0.9888,0.8682,0.8799,1108.0,348.0,895.5,349.5,1039.0,378.0,979.0,367.0,212.5053,61.0,0.2871,1,1,95,1
94,3,0,2,1,1,1,0.9858,0.9854,0.8877,0.875,781.0,328.5,575.5,334.0,692.0,404.5,645.5,411.5,205.5736,47.0239,0.2287,1,1,95,1
95,3,0,0,1,1,1,0.9873,0.9902,0.9067,0.9038,480.0,232.0,256.75,228.0,387.5,244.0,334.25,241.5,223.2858,53.3087,0.2387,1,1,96,1
95,3,0,1,1,1,1,0.9839,0.9888,0.8682,0.8794,1108.0,348.0,895.5,349.5,1038.0,378.0,979.0,367.0,212.5053,60.0167,0.2824,1,1,96,1
95,3,0,2,1,1,1,0.9858,0.9854,0.8877,0.8755,781.0,328.5,575.5,334.0,692.5,404.5,645.5,411.5,205.5736,47.5184,0.2312,1,1,96,1
96,3,0,0,1,1,1,0.9873,0.9902,0.9082,0.9033,480.5,232.0,257.0,227.75,387.75,242.5,333.5,242.0,223.5404,54.2523,0.2427,1,1,97,1
96,3,0,1,1,1,1,0.9844,0.9888,0.8677,0.8789,1107.0,348.0,894.5,350.0,1038.0,377.5,979.0,367.5,212.5094,59.8415,0.2816,1,1,97,1
96,3,0,2,1,1,1,0.9858,0.9854,0.8872,0.8745,781.0,329.0,575.0,334.0,692.0,404.5,645.5,410.0,206.0607,46.8241,0.2272,1,1,97,1
97,3,0,0,1,1,1,0.9873,0.9902,0.9082,0.9038,480.5,232.0,256.75,227.75,387.5,242.5,333.5,242.0,223.7904,54.0023,0.2413,1,1,98,1
97,3,0,1,1,1,1,0.9839,0.9888,0.8677,0.8794,1107.0,348.0,894.5,350.0,1038.0,377.5,979.0,367.5,212.5094,59.8415,0.2816,1,1,98,1
97,3,0,2,1,1,1,0.9858,0.9854,0.8877,0.874,781.0,328.5,575.0,334.0,692.0,405.0,645.5,410.5,206.0734,46.8241,0.2272,1,1,98,1
98,3,0,0,1,1,1,0.9868,0.9902,0.9058,0.9048,480.75,231.5,257.0,227.75,387.5,243.0,334.0,242.0,223.7814,53.5093,0.2391,1,1,99,1
98,3,0,1,1,1,1,0.9844,0.9888,0.8682,0.8765,1106.0,348.0,894.5,350.0,1040.0,380.0,978.5,367.0,211.5095,62.859,0.2972,1,1,99,1
98,3,0,2,1,1,1,0.9858,0.9858,0.8833,0.8774,781.0,328.0,575.0,334.0,691.5,403.5,645.0,411.0,206.0874,47.101,0.2285,1,1,99,1
99,3,0,0,1,1,1,0.9868,0.9902,0.9053,0.9053,480.75,231.5,257.0,227.75,387.5,242.5,334.0,242.0,223.7814,53.5023,0.2391,1,1,100,1
99,3,0,1,1,1,1,0.9844,0.9888,0.8687,0.877,1106.0,348.0,894.5,350.0,1039.0,379.5,978.5,366.5,211.5095,61.8809,0.2926,1,1,100,1
99,3,0,2,1,1,1,0.9858,0.9858,0.8828,0.8779,781.0,328.0,575.0,334.0,691.5,403.5,645.0,411.0,206.0874,47.101,0.2285,1,1,100,1
100,3,0,0,1,1,1,0.9868,0.9902,0.9067,0.9058,480.5,231.5,257.5,227.75,387.5,242.0,334.25,241.5,223.0315,53.2523,0.2388,1,1,101,1
100,3,0,1,1,1,1,0.9844,0.9888,0.8662,0.8765,1106.0,347.5,894.0,350.0,1040.0,381.5,979.0,367.0,212.0147,62.6997,0.2957,1,1,101,1
100,3,0,2,1,1,1,0.9858,0.9858,0.8818,0.8779,781.5,328.0,575.0,334.0,691.5,404.0,646.0,409.5,206.5871,45.8312,0.2218,1,1,101,1
101,3,0,0,1,1,1,0.9873,0.9902,0.9072,0.9053,480.25,231.75,257.25,228.0,387.5,242.0,334.25,241.5,223.0315,53.2523,0.2388,1,1,102,1
101,3,0,1,1,1,1,0.9844,0.9888,0.8667,0.877,1106.0,347.5,893.5,350.0,1040.0,381.5,978.5,367.5,212.5147,63.0734,0.2968,1,1,102,1
101,3,0,2,1,1,1,0.9858,0.9858,0.8818,0.8779,781.5,328.0,575.0,334.0,691.5,404.0,646.0,409.0,206.5871,45.7739,0.2216,1,1,102,1
102,3,0,0,1,1,1,0.9868,0.9902,0.9072,0.9058,480.5,231.75,257.25,227.25,388.5,243.5,333.5,242.0,223.2953,55.0205,0.2464,1,1,103,1
102,3,0,1,1,1,1,0.9844,0.9888,0.8657,0.8779,1106.0,347.5,894.0,350.5,1041.0,385.0,979.0,366.5,212.0212,64.7012,0.3052,1,1,103,1
102,3,0,2,1,1,1,0.9854,0.9863,0.8784,0.8799,781.0,328.0,574.0,334.5,692.0,406.0,645.0,411.5,207.102,47.3207,0.2285,1,1,103,1
103,3,0,0,1,1,1,0.9868,0.9902,0.9072,0.9058,480.5,231.75,257.25,227.25,388.25,243.5,333.75,241.5,223.2953,54.5367,0.2442,1,1,104,1
103,3,0,1,1,1,1,0.9844,0.9888,0.8657,0.8779,1106.0,348.0,894.0,351.0,1041.0,385.0,979.0,366.5,212.0212,64.7012,0.3052,1,1,104,1
103,3,0,2,1,1,1,0.9854,0.9863,0.8784,0.8799,781.5,328.0,574.0,334.5,692.0,405.5,644.5,411.5,207.6018,47.8774,0.2306,1,1,104,1
104,3,0,0,1,1,1,0.9873,0.9902,0.9058,0.9038,480.25,232.0,257.5,227.25,388.5,244.0,333.5,243.0,222.8006,55.0091,0.2469,1,1,105,1
104,3,0,1,1,1,1,0.9844,0.9888,0.8662,0.8794,1106.0,348.0,894.0,350.5,1040.0,383.5,977.5,369.0,212.0147,64.16,0.3026,1,1,105,1
104,3,0,2,1,1,1,0.9839,0.9868,0.8716,0.8867,781.0,328.5,574.0,335.0,692.0,405.0,646.5,410.5,207.102,45.8312,0.2213,1,1,105,1
105,3,0,0,1,1,1,0.9868,0.9902,0.9062,0.9072,480.5,231.75,257.0,227.0,388.75,244.5,334.25,243.0,223.5505,54.5206,0.2439,1,1,106,1
105,3,0,1,1,1,1,0.9844,0.9893,0.8613,0.8789,1106.0,346.5,894.0,349.0,1040.0,382.0,978.5,368.0,212.0147,63.0734,0.2975,1,1,106,1
105,3,0,2,1,1,1,0.9829,0.9873,0.8682,0.8906,782.5,328.0,575.0,335.0,692.0,403.0,646.5,411.0,207.618,46.1979,0.2225,1,1,106,1
106,3,0,0,1,1,1,0.9868,0.9902,0.9062,0.9072,480.5,231.75,257.25,226.75,388.5,245.0,334.25,243.0,223.306,54.2869,0.2431,1,1,107,1
106,3,0,1,1,1,1,0.9844,0.9893,0.8618,0.8789,1106.0,346.5,893.5,349.0,1040.0,382.0,978.5,368.0,212.5147,63.0734,0.2968,1,1,107,1
106,3,0,2,1,1,1,0.9829,0.9873,0.8682,0.8906,782.5,328.0,574.5,335.0,692.0,403.0,646.5,411.0,208.1178,46.1979,0.222,1,1,107,1
107,3,0,0,1,1,1,0.9868,0.9902,0.9067,0.9062,481.0,232.0,257.5,227.0,390.25,247.0,333.5,243.5,223.5559,56.8578,0.2543,1,1,108,1
107,3,0,1,1,1,1,0.9839,0.9893,0.8579,0.8818,1107.0,348.0,893.5,350.5,1040.0,382.0,979.0,363.5,213.5146,63.7436,0.2985,1,1,108,1
107,3,0,2,1,1,1,0.9829,0.9873,0.8677,0.8906,782.0,328.0,575.0,334.5,692.0,404.0,648.0,410.0,207.102,44.4072,0.2144,1,1,108,1
108,3,0,0,1,1,1,0.9868,0.9902,0.9067,0.9058,481.0,232.0,257.5,227.0,390.25,247.0,333.75,244.0,223.5559,56.5796,0.2531,1,1,109,1
108,3,0,1,1,1,1,0.9839,0.9893,0.8584,0.8818,1106.0,347.5,894.0,350.5,1040.0,382.0,979.0,363.5,212.0212,63.7436,0.3006,1,1,109,1
108,3,0,2,1,1,1,0.9829,0.9868,0.8682,0.8901,782.0,328.0,575.0,334.5,692.5,404.0,648.0,410.5,207.102,44.9722,0.2172,1,1,109,1
109,3,0,0,1,1,1,0.9868,0.9902,0.9062,0.9053,481.25,231.5,258.0,227.5,390.0,247.5,333.75,244.0,223.2858,56.3588,0.2524,1,1,110,1
109,3,0,1,1,1,1,0.9844,0.9893,0.8633,0.8804,1106.0,347.5,893.0,350.0,1041.0,382.5,979.5,365.0,213.0147,63.9414,0.3002,1,1,110,1
109,3,0,2,1,1,1,0.9824,0.9873,0.8662,0.8931,782.0,328.5,574.5,335.0,694.0,405.0,646.5,412.0,207.6018,48.013,0.2313,1,1,110,1
110,3,0,0,1,1,1,0.9868,0.9902,0.9058,0.9053,481.25,231.5,258.0,227.5,390.0,247.5,333.75,243.5,223.2858,56.392,0.2526,1,1,111,1
110,3,0,1,1,1,1,0.9844,0.9893,0.8638,0.8804,1106.0,347.5,893.5,350.0,1041.0,383.0,979.0,364.5,212.5147,64.7012,0.3045,1,1,111,1
110,3,0,2,1,1,1,0.9824,0.9873,0.8662,0.8926,782.0,328.5,574.5,335.0,694.0,405.5,646.5,412.0,207.6018,47.9427,0.2309,1,1,111,1
111,3,0,0,1,1,1,0.9868,0.9902,0.9048,0.9067,481.5,231.75,257.75,227.5,390.5,247.0,334.5,243.0,223.7904,56.1427,0.2509,1,1,112,1
111,3,0,1,1,1,1,0.9839,0.9893,0.8623,0.8813,1106.0,348.0,893.5,350.0,1042.0,383.5,978.0,367.0,212.5094,66.0927,0.311,1,1,112,1
111,3,0,2,1,1,1,0.9829,0.9873,0.8667,0.8906,783.0,328.5,575.0,334.5,692.5,403.0,645.5,411.0,208.0865,47.676,0.2291,1,1,112,1
112,3,0,0,1,1,1,0.9863,0.9902,0.9048,0.9072,481.25,231.5,257.5,227.0,390.0,246.5,334.75,243.5,223.7952,55.3314,0.2472,1,1,113,1
112,3,0,1,1,1,1,0.9844,0.9893,0.8643,0.8794,1107.0,348.0,893.5,349.5,1042.0,384.5,977.5,368.5,213.5053,66.4549,0.3113,1,1,113,1
112,3,0,2,1,1,1,0.9834,0.9868,0.8711,0.8892,783.0,329.0,575.5,334.5,692.5,402.5,645.5,412.0,207.5729,47.9505,0.231,1,1,113,1
113,3,0,0,1,1,1,0.9868,0.9902,0.9048,0.9072,481.25,231.5,257.5,227.25,389.75,246.5,334.75,243.5,223.7904,55.0818,0.2461,1,1,114,1
113,3,0,1,1,1,1,0.9844,0.9893,0.8643,0.8794,1107.0,348.0,893.5,349.5,1042.0,385.0,977.5,368.5,213.5053,66.577,0.3118,1,1,114,1
113,3,0,2,1,1,1,0.9834,0.9868,0.8711,0.8892,783.0,329.0,575.5,335.0,692.5,403.0,646.0,412.0,207.5867,47.363,0.2282,1,1,114,1
114,3,0,0,1,1,1,0.9868,0.9907,0.9043,0.9077,481.5,232.0,257.5,228.25,390.5,247.5,334.25,243.5,224.0314,56.392,0.2517,1,1,115,1
114,3,0,1,1,1,1,0.9844,0.9893,0.8647,0.8804,1107.0,348.0,894.0,349.5,1042.0,384.0,978.0,366.0,213.0053,66.4831,0.3121,1,1,115,1
114,3,0,2,1,1,1,0.9829,0.9868,0.8711,0.8916,783.0,329.0,575.5,335.0,692.5,404.0,646.0,412.0,207.5867,47.1832,0.2273,1,1,115,1
115,3,0,0,1,1,1,0.9863,0.9907,0.9038,0.9077,481.5,232.0,257.75,228.0,390.25,247.5,334.25,244.0,223.7858,56.1093,0.2507,1,1,116,1
115,3,0,1,1,1,1,0.9844,0.9893,0.8652,0.8804,1107.0,348.0,894.0,349.5,1042.0,384.0,977.5,366.0,213.0053,66.9645,0.3144,1,1,116,1
115,3,0,2,1,1,1,0.9829,0.9868,0.8711,0.8911,783.0,329.0,575.5,335.0,692.5,404.0,646.0,412.0,207.5867,47.1832,0.2273,1,1,116,1
116,3,0,0,1,1,1,0.9868,0.9902,0.9058,0.9072,481.25,232.0,257.5,227.75,389.5,246.5,334.0,244.5,223.7904,55.536,0.2482,1,1,117,1
116,3,0,1,1,1,1,0.9839,0.9893,0.8633,0.8813,1106.0,348.0,894.5,349.5,1041.0,382.5,976.5,367.5,211.5053,66.2212,0.3131,1,1,117,1
116,3,0,2,1,1,1,0.9829,0.9868,0.8701,0.8926,783.0,328.5,575.5,335.0,694.0,404.5,647.0,412.0,207.6018,47.5946,0.2293,1,1,117,1
117,3,0,0,1,1,1,0.9868,0.9902,0.9053,0.9072,481.5,232.0,257.5,227.75,389.5,246.5,334.0,244.5,224.0403,55.536,0.2479,1,1,118,1
117,3,0,1,1,1,1,0.9839,0.9893,0.8633,0.8809,1106.0,348.0,894.5,349.5,1041.0,383.0,976.5,367.5,211.5053,66.3363,0.3136,1,1,118,1
117,3,0,2,1,1,1,0.9829,0.9868,0.8701,0.8926,783.0,328.5,575.5,335.0,694.0,405.0,647.0,412.0,207.6018,47.5184,0.2289,1,1,118,1
118,3,0,0,1,1,1,0.9868,0.9902,0.9058,0.9058,481.75,231.75,257.75,228.0,390.5,248.5,334.5,243.5,224.0314,56.2228,0.251,1,1,119,1
118,3,0,1,1,1,1,0.9844,0.9893,0.8633,0.8809,1106.0,348.0,894.5,349.5,1043.0,387.0,977.0,367.5,211.5053,68.8204,0.3254,1,1,119,1
118,3,0,2,1,1,1,0.9824,0.9873,0.8662,0.8945,783.0,328.5,575.5,335.5,693.5,404.5,646.5,410.5,207.618,47.3814,0.2282,1,1,119,1
119,3,0,0,1,1,1,0.9868,0.9907,0.9043,0.9062,481.25,231.75,257.5,228.0,390.0,247.5,334.25,244.0,223.7814,55.8598,0.2496,1,1,120,1
119,3,0,1,1,1,1,0.9839,0.9893,0.8628,0.8828,1107.0,347.5,895.0,349.5,1043.0,384.5,979.0,362.5,212.0094,67.6757,0.3192,1,1,120,1
119,3,0,2,1,1,1,0.9824,0.9873,0.8672,0.8936,783.0,329.0,576.0,335.5,694.5,404.0,645.5,411.5,207.102,49.5707,0.2394,1,1,120,1
120,3,0,0,1,1,1,0.9868,0.9907,0.9038,0.9062,481.0,232.0,257.5,228.0,390.25,247.5,334.5,244.0,223.5358,55.8598,0.2499,1,1,121,1
120,3,0,1,1,1,1,0.9839,0.9893,0.8618,0.8823,1107.0,347.5,895.0,349.5,1043.0,385.0,979.0,362.0,212.0094,68.0074,0.3208,1,1,121,1
120,3,0,2,1,1,1,0.9824,0.9873,0.8667,0.894,783.0,329.0,575.5,335.5,694.5,404.5,645.5,411.5,207.6018,49.4975,0.2384,1,1,121,1
121,3,0,0,1,1,1,0.9868,0.9907,0.9038,0.9072,481.0,232.5,257.75,228.5,390.0,248.0,333.5,245.0,223.2858,56.5796,0.2534,1,1,122,1
121,3,0,1,1,1,1,0.9844,0.9893,0.8628,0.8799,1107.0,348.0,894.5,349.5,1043.0,385.0,978.5,363.5,212.5053,67.989,0.3199,1,1,122,1
121,3,0,2,1,1,1,0.9829,0.9873,0.8682,0.8916,783.0,328.5,576.0,335.0,693.5,404.5,647.5,410.5,207.102,46.3897,0.224,1,1,122,1
122,3,0,0,1,1,1,0.9868,0.9907,0.9038,0.9072,481.0,232.0,257.75,228.5,390.0,248.0,333.5,244.5,223.2774,56.6083,0.2535,1,1,123,1
122,3,0,1,1,1,1,0.9839,0.9893,0.8633,0.8809,1107.0,348.0,894.5,350.0,1042.0,384.5,978.5,363.5,212.5094,66.8824,0.3147,1,1,123,1
122,3,0,2,1,1,1,0.9829,0.9873,0.8682,0.8921,783.5,328.5,575.5,335.0,693.5,404.5,647.0,410.5,208.1015,46.8855,0.2253,1,1,123,1
123,3,0,0,1,1,1,0.9863,0.9907,0.9043,0.9082,481.5,232.0,257.5,228.25,390.5,248.0,333.75,244.5,224.0314,56.8578,0.2538,1,1,124,1
123,3,0,1,1,1,1,0.9839,0.9893,0.8628,0.8799,1107.0,348.0,894.5,350.5,1042.0,384.0,978.0,365.0,212.5147,66.7608,0.3141,1,1,124,1
123,3,0,2,1,1,1,0.9824,0.9873,0.8682,0.8926,783.0,328.5,576.0,335.5,693.5,404.0,647.0,410.0,207.1183,46.8855,0.2264,1,1,124,1
124,3,0,0,1,1,1,0.9863,0.9907,0.9038,0.9082,481.25,232.0,257.75,228.25,390.5,248.0,333.75,244.5,223.5315,56.8578,0.2544,1,1,125,1
124,3,0,1,1,1,1,0.9839,0.9893,0.8628,0.8804,1107.0,348.0,894.5,350.0,1042.0,383.5,978.0,365.0,212.5094,66.6202,0.3135,1,1,125,1
124,3,0,2,1,1,1,0.9824,0.9873,0.8687,0.8926,783.0,328.5,576.0,335.0,693.5,404.0,647.0,410.5,207.102,46.9521,0.2267,1,1,125,1
125,3,0,0,1,1,1,0.9868,0.9902,0.9048,0.9067,481.5,232.5,257.75,228.5,390.0,248.0,334.0,244.5,223.7858,56.1093,0.2507,1,1,126,1
125,3,0,1,1,1,1,0.9839,0.9893,0.8608,0.8828,1108.0,347.5,895.0,350.0,1042.0,383.0,980.0,358.5,213.0147,66.6652,0.313,1,1,126,1
125,3,0,2,1,1,1,0.9829,0.9868,0.8701,0.8916,783.0,328.5,576.0,335.5,694.0,404.5,647.5,410.5,207.1183,46.8855,0.2264,1,1,126,1
126,3,0,0,1,1,1,0.9868,0.9902,0.9053,0.9067,481.25,232.5,257.75,228.5,390.25,248.0,334.0,244.5,223.5358,56.3588,0.2521,1,1,127,1
126,3,0,1,1,1,1,0.9839,0.9893,0.8608,0.8823,1108.0,347.5,895.0,350.0,1042.0,382.5,980.0,358.5,213.0147,66.4831,0.3121,1,1,127,1
126,3,0,2,1,1,1,0.9829,0.9868,0.8706,0.8916,783.0,328.5,576.0,335.0,694.0,404.5,647.5,410.5,207.102,46.8855,0.2264,1,1,127,1
127,3,0,0,1,1,1,0.9868,0.9902,0.9048,0.9067,481.25,232.5,258.25,228.5,389.75,248.5,333.75,244.5,223.0359,56.1427,0.2517,1,1,128,1
127,3,0,1,1,1,1,0.9834,0.9897,0.8584,0.8823,1108.0,347.5,894.5,351.0,1042.0,383.0,980.0,357.5,213.5287,67.0392,0.314,1,1,128,1
127,3,0,2,1,1,1,0.9829,0.9868,0.8691,0.8911,783.0,328.5,576.5,335.0,694.0,404.0,647.0,410.5,206.6023,47.4473,0.2297,1,1,128,1
128,3,0,0,1,1,1,0.9868,0.9902,0.9053,0.9072,481.25,232.5,258.25,228.5,389.5,248.5,333.75,245.0,223.0359,55.8598,0.2505,1,1,129,1
128,3,0,1,1,1,1,0.9834,0.9893,0.8589,0.8823,1108.0,347.5,894.5,351.0,1042.0,383.0,980.0,357.5,213.5287,67.0392,0.314,1,1,129,1
128,3,0,2,1,1,1,0.9829,0.9868,0.8691,0.8911,783.0,328.5,576.5,335.0,694.0,404.0,647.0,411.0,206.6023,47.5184,0.23,1,1,129,1
129,3,0,0,1,1,1,0.9868,0.9902,0.9048,0.9072,481.5,232.5,258.0,228.75,389.75,248.5,334.5,244.0,223.5315,55.433,0.248,1,1,130,1
129,3,0,1,1,1,1,0.9834,0.9893,0.8604,0.8843,1107.0,347.0,895.5,350.5,1040.0,379.5,981.0,355.5,211.529,63.6946,0.3011,1,1,130,1
129,3,0,2,1,1,1,0.9839,0.9863,0.876,0.8872,783.5,328.0,576.5,334.5,693.0,404.0,647.5,410.5,207.102,45.9619,0.2219,1,1,130,1
130,3,0,0,1,1,1,0.9868,0.9907,0.9048,0.9077,481.75,231.75,257.75,228.5,390.25,249.0,334.5,244.5,224.0236,55.9313,0.2497,1,1,131,1
130,3,0,1,1,1,1,0.9839,0.9893,0.8628,0.8818,1107.0,346.5,895.5,349.5,1040.0,380.5,980.0,358.0,211.5213,64.08,0.3029,1,1,131,1
130,3,0,2,1,1,1,0.9844,0.9863,0.8779,0.8853,783.0,327.5,576.0,334.0,691.5,404.5,647.5,411.0,207.102,44.4775,0.2148,1,1,131,1
131,3,0,0,1,1,1,0.9863,0.9907,0.9043,0.9072,481.75,231.5,257.75,228.25,390.5,249.0,334.5,244.5,224.0236,56.1805,0.2508,1,1,132,1
131,3,0,1,1,1,1,0.9839,0.9893,0.8633,0.8818,1108.0,346.5,895.5,349.5,1040.0,380.5,980.0,358.0,212.5212,64.08,0.3015,1,1,132,1
131,3,0,2,1,1,1,0.9844,0.9863,0.8779,0.8853,783.0,327.5,576.0,334.0,691.5,404.5,648.0,411.0,207.102,43.983,0.2124,1,1,132,1
132,3,0,0,1,1,1,0.9863,0.9907,0.9033,0.9077,481.75,231.75,257.5,228.5,390.25,249.0,334.5,244.0,224.2735,55.9738,0.2496,1,1,133,1
132,3,0,1,1,1,1,0.9839,0.9893,0.8628,0.8818,1108.0,346.5,895.0,350.0,1041.0,380.5,981.0,357.5,213.0288,64.2573,0.3016,1,1,133,1
132,3,0,2,1,1,1,0.9844,0.9858,0.8818,0.8857,782.0,327.5,577.5,334.0,691.5,403.5,646.5,412.0,204.6033,45.7957,0.2238,1,1,133,1
133,3,0,0,1,1,1,0.9863,0.9907,0.9033,0.9077,481.5,231.75,257.5,228.75,390.0,248.5,334.75,244.0,224.0201,55.433,0.2474,1,1,134,1
133,3,0,1,1,1,1,0.9839,0.9893,0.8623,0.8818,1108.0,346.5,895.0,350.0,1041.0,380.5,981.5,357.0,213.0288,63.9727,0.3003,1,1,134,1
133,3,0,2,1,1,1,0.9844,0.9858,0.8818,0.8857,782.5,327.5,577.0,334.0,691.5,403.5,646.0,412.0,205.6028,46.2871,0.2251,1,1,134,1
134,3,0,0,1,1,1,0.9868,0.9902,0.9048,0.9062,481.75,232.0,257.5,229.0,390.25,249.0,334.5,244.5,224.2701,55.9313,0.2494,1,1,135,1
134,3,0,1,1,1,1,0.9839,0.9893,0.8613,0.8804,1108.0,346.5,895.0,349.5,1041.0,381.5,979.5,360.5,213.0211,64.9865,0.3051,1,1,135,1
134,3,0,2,1,1,1,0.9844,0.9858,0.8813,0.8848,782.0,328.0,577.0,334.0,692.5,404.5,646.5,412.0,205.0878,46.6074,0.2273,1,1,135,1
135,3,0,0,1,1,1,0.9868,0.9902,0.9048,0.9067,482.0,232.0,257.75,229.0,390.25,249.0,334.5,244.5,224.2701,55.9313,0.2494,1,1,136,1
135,3,0,1,1,1,1,0.9839,0.9893,0.8613,0.8799,1108.0,346.5,895.0,349.5,1042.0,382.5,979.5,360.0,213.0211,66.4267,0.3118,1,1,136,1
135,3,0,2,1,1,1,0.9844,0.9858,0.8818,0.8843,782.0,328.0,577.0,334.0,692.5,404.5,646.5,412.0,205.0878,46.6074,0.2273,1,1,136,1
136,3,0,0,1,1,1,0.9863,0.9902,0.9043,0.9077,481.75,232.0,257.5,228.75,390.5,248.5,334.5,245.0,224.2735,56.1093,0.2502,1,1,137,1
136,3,0,1,1,1,1,0.9844,0.9893,0.8633,0.8789,1108.0,347.0,894.0,350.0,1042.0,382.5,979.0,363.5,214.021,65.8027,0.3075,1,1,137,1
136,3,0,2,1,1,1,0.9844,0.9863,0.8784,0.8843,783.0,328.0,576.0,334.0,692.5,403.5,647.0,411.5,207.0869,46.1979,0.2231,1,1,137,1
137,3,0,0,1,1,1,0.9863,0.9902,0.9048,0.9077,481.5,231.75,257.75,228.5,390.5,249.0,334.75,245.0,223.7736,55.8933,0.2498,1,1,138,1
137,3,0,1,1,1,1,0.9844,0.9893,0.8633,0.8789,1108.0,347.0,894.0,350.0,1042.0,382.5,979.5,363.0,214.021,65.4714,0.3059,1,1,138,1
137,3,0,2,1,1,1,0.9844,0.9863,0.8789,0.8843,783.0,328.0,576.0,334.0,692.5,403.5,647.0,412.0,207.0869,46.2871,0.2235,1,1,138,1
138,3,0,0,1,1,1,0.9863,0.9902,0.9058,0.9077,481.25,232.0,258.0,229.25,390.5,248.0,334.25,246.0,223.2669,56.2855,0.2521,1,1,139,1
138,3,0,1,1,1,1,0.9844,0.9893,0.8647,0.8804,1108.0,347.0,895.0,350.0,1041.0,381.5,980.5,358.0,213.0211,64.9038,0.3047,1,1,139,1
138,3,0,2,1,1,1,0.9844,0.9863,0.8784,0.8833,783.0,327.0,576.0,334.0,691.0,402.5,647.0,411.0,207.1183,44.8135,0.2164,1,1,139,1
139,3,0,0,1,1,1,0.9868,0.9902,0.9058,0.9077,481.25,232.0,258.25,229.25,390.5,248.0,334.0,245.5,223.017,56.5553,0.2536,1,1,140,1
139,3,0,1,1,1,1,0.9839,0.9893,0.8643,0.8804,1108.0,347.0,895.0,350.0,1042.0,381.5,980.0,358.0,213.0211,66.3042,0.3113,1,1,140,1
139,3,0,2,1,1,1,0.9844,0.9863,0.8779,0.8833,783.0,327.5,576.5,334.0,691.0,402.5,647.0,411.0,206.6023,44.8135,0.2169,1,1,140,1
140,3,0,0,1,1,1,0.9873,0.9902,0.9072,0.9043,481.0,232.5,257.5,230.25,388.5,249.0,331.5,246.5,223.5113,57.0548,0.2553,1,1,141,1
140,3,0,1,1,1,1,0.9839,0.9893,0.8623,0.8823,1108.0,346.5,895.0,350.5,1040.0,379.0,981.5,354.5,213.0376,63.4232,0.2977,1,1,141,1
140,3,0,2,1,1,1,0.9844,0.9863,0.8794,0.8828,783.0,327.0,576.5,334.0,691.5,403.0,647.0,411.0,206.6186,45.2134,0.2188,1,1,141,1
141,3,0,0,1,1,1,0.9863,0.9907,0.9038,0.9087,481.25,231.0,256.25,229.25,388.0,246.0,331.75,245.0,225.0068,56.2589,0.25,1,1,142,1
141,3,0,1,1,1,1,0.9844,0.9888,0.8667,0.8784,1107.0,347.5,894.0,350.5,1043.0,384.5,978.5,363.5,213.0211,67.8325,0.3184,1,1,142,1
141,3,0,2,1,1,1,0.9849,0.9858,0.8813,0.8809,782.5,327.5,577.0,334.0,690.5,401.5,647.0,410.0,205.6028,44.3227,0.2156,1,1,142,1
142,3,0,0,1,1,1,0.9863,0.9907,0.9038,0.9087,481.25,230.75,256.25,229.25,388.0,246.0,331.75,245.0,225.005,56.2589,0.25,1,1,143,1
142,3,0,1,1,1,1,0.9844,0.9888,0.8667,0.8784,1107.0,347.5,894.0,350.5,1043.0,384.5,978.5,363.5,213.0211,67.8325,0.3184,1,1,143,1
142,3,0,2,1,1,1,0.9849,0.9858,0.8818,0.8809,782.5,327.5,577.0,334.0,690.5,401.0,647.0,410.0,205.6028,44.4213,0.2161,1,1,143,1
143,3,0,0,1,1,1,0.9868,0.9902,0.9048,0.9058,480.0,230.0,257.25,228.75,384.5,245.0,328.0,240.5,222.7535,56.6789,0.2544,1,1,144,1
143,3,0,1,1,1,1,0.9839,0.9888,0.8677,0.8818,1107.0,347.5,894.0,351.0,1040.0,379.5,979.0,361.5,213.0288,63.6003,0.2986,1,1,144,1
143,3,0,2,1,1,1,0.9854,0.9858,0.8823,0.8774,782.0,327.0,576.5,333.5,690.5,401.5,647.0,410.0,205.6028,44.3227,0.2156,1,1,144,1
144,3,0,0,1,1,1,0.9868,0.9902,0.9048,0.9062,480.0,230.0,257.5,228.5,384.75,245.0,328.25,241.0,222.5051,56.6414,0.2546,1,1,145,1
144,3,0,1,1,1,1,0.9839,0.9888,0.8677,0.8818,1107.0,347.5,894.0,351.0,1040.0,379.5,979.5,361.5,213.0288,63.1209,0.2963,1,1,145,1
144,3,0,2,1,1,1,0.9854,0.9858,0.8818,0.8774,782.0,327.0,576.5,333.5,690.0,401.5,647.5,410.0,205.6028,43.3417,0.2108,1,1,145,1
145,3,0,0,1,1,1,0.9878,0.9897,0.9116,0.8989,481.5,231.0,258.5,229.5,383.75,244.0,324.0,235.5,223.005,60.3516,0.2706,1,1,146,1
145,3,0,1,1,1,1,0.9839,0.9888,0.8667,0.8804,1107.0,347.0,894.0,350.5,1040.0,380.0,978.5,364.0,213.0288,63.5472,0.2983,1,1,146,1
145,3,0,2,1,1,1,0.9854,0.9858,0.8833,0.8774,782.5,327.0,576.5,333.5,692.0,404.0,647.5,409.5,206.1025,44.8386,0.2176,1,1,146,1
146,3,0,0,1,1,1,0.9878,0.9897,0.9116,0.8989,481.75,230.75,258.5,229.5,383.5,244.0,324.0,235.5,223.2535,60.1041,0.2692,1,1,147,1
146,3,0,1,1,1,1,0.9839,0.9888,0.8667,0.8804,1107.0,347.0,894.0,350.5,1041.0,380.0,978.5,364.0,213.0288,64.5155,0.3028,1,1,147,1
146,3,0,2,1,1,1,0.9854,0.9858,0.8838,0.877,782.5,327.0,576.5,334.0,692.0,404.0,647.5,409.5,206.1189,44.8386,0.2175,1,1,147,1
147,3,0,0,1,1,1,0.9883,0.9897,0.9106,0.8965,481.5,231.0,260.25,231.25,382.5,242.0,324.5,230.0,221.2501,59.2284,0.2677,1,1,148,1
147,3,0,1,1,1,1,0.9844,0.9888,0.8667,0.8804,1107.0,347.5,894.0,351.0,1042.0,382.5,977.5,365.5,213.0288,66.7027,0.3131,1,1,148,1
147,3,0,2,1,1,1,0.9858,0.9858,0.8828,0.876,782.5,326.0,576.0,333.5,692.0,405.5,648.0,410.5,206.6362,44.2832,0.2143,1,1,148,1
148,3,0,0,1,1,1,0.9883,0.9897,0.9106,0.8936,480.5,231.0,260.25,232.5,381.5,241.5,323.25,226.75,220.2551,60.0885,0.2728,1,1,149,1
148,3,0,1,1,1,1,0.9844,0.9893,0.8662,0.8784,1107.0,347.0,893.5,351.0,1043.0,383.5,977.0,366.0,213.5375,68.2807,0.3198,1,1,149,1
148,3,0,2,1,1,1,0.9863,0.9858,0.8843,0.8716,783.0,327.0,576.0,334.0,693.0,406.0,648.0,410.0,207.1183,45.1774,0.2181,1,1,149,1
149,3,0,0,1,1,1,0.9883,0.9897,0.9106,0.8936,480.25,230.75,260.0,232.5,381.5,242.0,323.25,227.0,220.257,60.1503,0.2731,1,1,150,1
149,3,0,1,1,1,1,0.9883,0.9863,0.8716,0.8584,1114.0,348.5,887.5,347.0,1039.0,388.5,978.5,361.0,226.505,66.4568,0.2934,1,1,150,1
149,3,0,2,1,1,1,0.9863,0.9858,0.8843,0.8716,783.0,327.0,576.0,334.0,693.0,406.0,648.0,410.0,207.1183,45.1774,0.2181,1,1,150,1
150,3,0,0,1,1,1,0.9888,0.9902,0.9092,0.895,478.75,231.0,259.5,233.5,380.75,240.0,323.0,226.0,219.2643,59.4227,0.271,1,1,151,1
150,3,0,1,1,1,1,0.9878,0.9863,0.8706,0.8604,1115.0,348.0,887.5,347.5,1036.0,383.0,980.5,355.0,227.5005,62.1631,0.2732,1,1,151,1
150,3,0,2,1,1,1,0.9863,0.9858,0.8823,0.8726,783.0,326.0,576.5,333.5,691.0,404.5,649.0,409.0,206.6362,42.2404,0.2044,1,1,151,1
151,3,0,0,1,1,1,0.9888,0.9902,0.9092,0.895,478.5,231.0,259.25,233.5,381.0,240.5,323.0,226.0,219.2643,59.785,0.2727,1,1,152,1
151,3,0,1,1,1,1,0.9844,0.9893,0.8652,0.8784,1108.0,346.5,893.5,351.5,1040.0,376.5,980.0,361.5,214.5583,61.8466,0.2883,1,1,152,1
151,3,0,2,1,1,1,0.9863,0.9858,0.8828,0.8721,783.0,326.0,576.0,333.5,691.0,404.5,649.0,409.0,207.1358,42.2404,0.2039,1,1,152,1
152,3,0,0,1,1,1,0.9883,0.9902,0.9082,0.8955,478.0,230.75,259.0,233.5,381.25,239.0,323.5,225.5,219.0173,59.3069,0.2708,1,1,153,1
152,3,0,1,1,1,1,0.9844,0.9883,0.8604,0.873,1111.0,344.0,888.0,346.5,1039.0,383.5,982.5,360.0,223.014,61.1923,0.2744,1,1,153,1
152,3,0,2,1,1,1,0.9863,0.9858,0.8857,0.8706,783.0,327.0,577.0,333.5,692.5,406.0,647.5,410.5,206.1025,45.2244,0.2194,1,1,153,1
153,3,0,0,1,1,1,0.9883,0.9902,0.9087,0.8955,478.0,230.5,259.0,233.5,381.25,239.5,323.5,225.5,219.0205,59.4227,0.2713,1,1,154,1
153,3,0,1,1,1,1,0.9844,0.9883,0.8599,0.8735,1111.0,344.0,888.0,346.5,1039.0,384.0,982.5,360.0,223.014,61.3861,0.2753,1,1,154,1
153,3,0,2,1,1,1,0.9863,0.9858,0.8853,0.8706,783.0,326.5,576.5,333.5,693.0,406.0,647.5,410.0,206.6186,45.6755,0.2211,1,1,154,1
154,3,0,0,1,1,1,0.9883,0.9897,0.9106,0.8955,479.25,230.0,259.75,233.5,380.5,239.0,324.0,225.0,219.5279,58.2087,0.2652,1,1,155,1
154,3,0,1,1,1,1,0.9844,0.9888,0.8569,0.8755,1111.0,344.5,888.0,347.0,1040.0,384.5,984.5,357.0,223.014,61.9395,0.2777,1,1,155,1
154,3,0,2,1,1,1,0.9858,0.9858,0.8828,0.8735,783.0,327.0,576.5,333.5,694.5,407.0,647.0,411.5,206.6023,47.7127,0.2309,1,1,155,1
155,3,0,1,1,1,1,0.9878,0.9868,0.8652,0.8618,1114.0,348.0,887.0,347.5,1039.0,388.5,982.5,355.0,227.0006,65.6849,0.2894,1,1,156,1
155,3,0,0,1,1,1,0.9883,0.9893,0.9136,0.8945,481.25,227.25,261.5,231.0,380.75,237.0,324.75,224.0,219.782,57.4891,0.2616,1,1,156,1
155,3,0,2,1,1,1,0.9858,0.9858,0.8828,0.8755,783.0,327.0,576.5,333.5,693.0,405.0,648.0,412.0,206.6023,45.5412,0.2204,1,1,156,1
156,3,0,1,1,1,1,0.9878,0.9868,0.8647,0.8613,1114.0,348.0,887.0,348.0,1039.0,388.5,982.5,355.0,227.0,65.6849,0.2894,1,1,157,1
156,3,0,0,1,1,1,0.9883,0.9893,0.9136,0.8945,481.25,227.0,261.25,231.0,380.75,237.5,324.75,224.0,220.0364,57.6043,0.2618,1,1,157,1
156,3,0,2,1,1,1,0.9858,0.9858,0.8828,0.8755,782.5,327.0,576.5,333.5,693.0,405.0,648.0,411.5,206.1025,45.467,0.2206,1,1,157,1
157,3,0,0,1,1,1,0.9878,0.9897,0.9102,0.897,480.0,226.75,261.5,231.5,381.5,238.0,324.0,224.5,218.5516,59.0635,0.2702,1,1,158,1
157,3,0,1,1,1,1,0.9878,0.9868,0.8672,0.8613,1114.0,349.0,887.0,348.0,1037.0,384.0,982.0,357.0,227.0022,61.2699,0.2699,1,1,158,1
157,3,0,2,1,1,1,0.9858,0.9863,0.8818,0.874,783.0,327.0,576.0,334.0,692.5,405.0,647.0,412.5,207.1183,46.114,0.2226,1,1,158,1
158,3,0,0,1,1,1,0.9878,0.9897,0.9106,0.897,480.0,227.0,261.5,231.5,381.25,238.0,324.0,224.5,218.5463,58.8202,0.2691,1,1,159,1
158,3,0,1,1,1,1,0.9878,0.9868,0.8672,0.8618,1114.0,349.0,887.0,348.5,1037.0,384.0,982.0,357.0,227.0006,61.2699,0.2699,1,1,159,1
158,3,0,2,1,1,1,0.9863,0.9858,0.8818,0.8735,783.0,327.0,576.0,334.0,692.5,405.0,647.0,412.5,207.1183,46.114,0.2226,1,1,159,1
159,3,0,0,1,1,1,0.9883,0.9897,0.9116,0.895,480.0,228.75,261.5,233.0,381.0,239.5,322.75,226.25,218.5413,59.738,0.2733,1,1,160,1
159,3,0,1,1,1,1,0.9878,0.9868,0.8647,0.8618,1115.0,348.5,886.5,348.0,1038.0,387.0,986.0,344.5,228.5005,67.1584,0.2939,1,1,160,1
159,3,0,2,1,1,1,0.9858,0.9863,0.8809,0.8765,782.5,327.0,575.5,334.0,691.5,404.0,647.5,412.0,207.1183,44.7214,0.2159,1,1,160,1
160,3,0,0,1,1,1,0.9883,0.9897,0.9116,0.895,479.75,228.75,261.5,233.0,381.0,239.0,322.5,226.0,218.2914,59.927,0.2745,1,1,161,1
160,3,0,1,1,1,1,0.9844,0.9888,0.855,0.876,1111.0,344.5,887.5,347.0,1040.0,386.0,989.0,348.0,223.514,63.6003,0.2845,1,1,161,1
160,3,0,2,1,1,1,0.9858,0.9863,0.8809,0.877,782.5,327.0,575.5,333.5,691.5,404.0,647.5,412.0,207.102,44.7214,0.2159,1,1,161,1
161,3,0,0,1,1,1,0.9888,0.9902,0.9126,0.8965,479.0,230.5,259.25,233.5,382.5,242.0,323.0,228.0,219.7705,61.1249,0.2781,1,1,162,1
161,3,0,1,1,1,1,0.9839,0.9888,0.8589,0.8784,1111.0,344.0,888.0,347.0,1037.0,380.0,988.0,348.0,223.0202,58.5235,0.2624,1,1,162,1
161,3,0,2,1,1,1,0.9858,0.9858,0.8828,0.8765,783.0,327.0,576.5,333.5,690.5,403.5,647.0,411.0,206.6023,44.1418,0.2137,1,1,162,1
162,3,0,0,1,1,1,0.9888,0.9902,0.9126,0.8965,479.25,230.75,259.0,233.5,382.25,242.0,323.0,228.0,220.2672,60.8815,0.2764,1,1,163,1
162,3,0,1,1,1,1,0.9839,0.9883,0.8594,0.8784,1111.0,344.0,888.5,347.5,1037.0,379.5,988.0,348.5,222.5275,57.9828,0.2606,1,1,163,1
162,3,0,2,1,1,1,0.9858,0.9858,0.8828,0.8765,783.0,327.0,576.5,333.5,690.5,404.0,647.0,411.0,206.6023,44.0596,0.2133,1,1,163,1
163,3,0,0,1,1,1,0.9878,0.9897,0.9121,0.9009,477.75,231.0,257.25,232.5,384.5,244.5,324.0,231.5,220.5051,61.8809,0.2806,1,1,164,1
163,3,0,1,1,1,1,0.9839,0.9888,0.8579,0.8789,1112.0,344.0,888.0,347.0,1036.0,378.0,988.0,349.5,224.0201,55.8234,0.2492,1,1,164,1
163,3,0,2,1,1,1,0.9854,0.9858,0.8833,0.8784,782.0,327.0,576.0,333.5,693.0,406.0,646.0,412.0,206.1025,47.3814,0.2299,1,1,164,1
164,3,0,0,1,1,1,0.9878,0.9897,0.9126,0.9004,477.75,231.0,257.25,232.5,384.5,244.5,324.0,231.5,220.5051,61.8809,0.2806,1,1,165,1
164,3,0,1,1,1,1,0.9839,0.9888,0.8569,0.8789,1112.0,344.0,888.0,347.5,1037.0,378.5,988.0,349.5,224.0273,56.9386,0.2542,1,1,165,1
164,3,0,2,1,1,1,0.9854,0.9858,0.8833,0.8779,782.0,327.5,576.0,333.5,693.0,406.0,646.0,412.0,206.0874,47.3814,0.2299,1,1,165,1
165,3,0,0,1,1,1,0.9878,0.9902,0.9106,0.9038,477.75,230.0,255.75,231.5,386.0,246.0,327.0,235.5,222.0051,59.927,0.2699,1,1,166,1
165,3,0,1,1,1,1,0.9844,0.9883,0.8623,0.8774,1112.0,344.0,888.5,346.5,1036.0,377.0,987.0,350.5,223.514,55.7068,0.2492,1,1,166,1
165,3,0,2,1,1,1,0.9854,0.9854,0.8848,0.8779,781.0,328.0,576.0,334.0,693.0,405.5,645.0,412.5,205.0878,48.5077,0.2365,1,1,166,1
166,3,0,0,1,1,1,0.9878,0.9902,0.9082,0.9038,479.0,230.0,256.0,231.5,388.25,249.0,332.0,239.5,223.005,57.0466,0.2558,1,1,167,1
166,3,0,1,1,1,1,0.9844,0.9883,0.8608,0.8765,1112.0,344.5,888.5,346.5,1038.0,382.5,987.5,350.0,223.5089,60.0541,0.2687,1,1,167,1
166,3,0,2,1,1,1,0.9854,0.9858,0.8833,0.8779,781.0,327.5,575.5,333.5,692.0,405.0,645.5,411.0,205.5876,46.8855,0.2281,1,1,167,1
167,3,0,0,1,1,1,0.9873,0.9902,0.9082,0.9038,479.0,230.0,256.0,231.5,388.0,249.0,332.0,239.5,223.005,56.8001,0.2547,1,1,168,1
167,3,0,1,1,1,1,0.9844,0.9883,0.8604,0.877,1112.0,344.5,888.5,346.0,1038.0,382.5,987.5,350.0,223.505,60.0541,0.2687,1,1,168,1
167,3,0,2,1,1,1,0.9854,0.9858,0.8833,0.8774,781.0,327.5,575.5,333.5,692.0,405.0,645.5,411.0,205.5876,46.8855,0.2281,1,1,168,1
168,3,0,0,1,1,1,0.9873,0.9902,0.9077,0.9058,478.25,229.0,255.75,230.0,388.5,251.5,332.5,245.0,222.5022,56.376,0.2534,1,1,169,1
168,3,0,1,1,1,1,0.9844,0.9883,0.8613,0.876,1112.0,344.5,889.0,346.0,1038.0,384.0,986.0,352.0,223.005,61.0574,0.2738,1,1,169,1
168,3,0,2,1,1,1,0.9854,0.9854,0.8838,0.8779,780.0,327.5,575.5,333.5,692.0,405.5,645.5,410.0,204.588,46.7172,0.2283,1,1,169,1
169,3,0,0,1,1,1,0.9873,0.9902,0.9077,0.9058,478.25,229.0,255.875,230.0,388.25,251.5,332.5,245.5,222.3772,56.0719,0.2521,1,1,170,1
169,3,0,1,1,1,1,0.9844,0.9883,0.8608,0.876,1112.0,344.5,889.0,346.5,1038.0,384.0,986.0,351.5,223.009,61.3209,0.275,1,1,170,1
169,3,0,2,1,1,1,0.9854,0.9858,0.8833,0.8779,780.0,327.5,575.5,333.5,692.0,405.0,645.5,410.0,204.588,46.768,0.2286,1,1,170,1
170,3,0,0,1,1,1,0.9868,0.9902,0.9077,0.9053,478.75,228.0,257.0,228.5,387.0,249.0,332.5,244.5,221.7506,54.6855,0.2466,1,1,171,1
170,3,0,1,1,1,1,0.9834,0.9893,0.8608,0.8809,1110.0,347.5,894.5,351.0,1039.0,376.0,984.0,354.5,215.5284,59.0529,0.274,1,1,171,1
170,3,0,2,1,1,1,0.9858,0.9854,0.8843,0.877,780.5,327.0,575.5,333.0,691.0,404.5,646.5,409.5,205.0878,44.78,0.2183,1,1,171,1
171,3,0,0,1,1,1,0.9868,0.9902,0.9077,0.9053,478.5,228.0,257.0,228.5,386.75,249.0,332.5,244.5,221.5006,54.4363,0.2458,1,1,172,1
171,3,0,1,1,1,1,0.9834,0.9893,0.8608,0.8804,1109.0,347.5,894.5,351.0,1039.0,375.5,984.0,354.0,214.5286,59.0529,0.2753,1,1,172,1
171,3,0,2,1,1,1,0.9854,0.9858,0.8838,0.8779,780.0,327.0,575.5,333.5,691.0,404.5,647.0,409.5,204.6033,44.2832,0.2164,1,1,172,1
172,3,0,0,1,1,1,0.9868,0.9897,0.9082,0.9043,478.5,228.0,257.0,228.25,385.75,248.0,332.0,246.0,221.5001,53.7872,0.2428,1,1,173,1
172,3,0,1,1,1,1,0.9878,0.9868,0.8706,0.8633,1116.0,348.5,888.0,347.5,1032.0,378.5,986.0,344.0,228.0022,57.5,0.2522,1,1,173,1
172,3,0,2,1,1,1,0.9854,0.9854,0.8848,0.8774,780.5,327.0,576.0,333.5,691.5,404.0,646.0,410.5,204.6033,45.9619,0.2246,1,1,173,1
173,3,0,0,1,1,1,0.9868,0.9897,0.9082,0.9048,478.5,228.0,257.0,228.25,385.75,248.0,332.0,245.5,221.5001,53.8081,0.2429,1,1,174,1
173,3,0,1,1,1,1,0.9878,0.9868,0.8706,0.8633,1116.0,348.5,888.0,347.5,1032.0,378.5,986.0,344.0,228.0022,57.5,0.2522,1,1,174,1
173,3,0,2,1,1,1,0.9854,0.9854,0.8848,0.877,780.5,327.0,576.0,333.5,691.5,404.0,646.0,410.0,204.6033,45.8939,0.2243,1,1,174,1
174,3,0,0,1,1,1,0.9868,0.9897,0.9087,0.9067,478.75,227.75,255.875,228.0,386.5,247.0,333.0,245.0,222.8751,53.5374,0.2402,1,1,175,1
174,3,0,1,1,1,1,0.9829,0.9893,0.8579,0.8833,1110.0,347.5,895.0,351.5,1039.0,376.5,983.5,353.5,215.0372,60.077,0.2794,1,1,175,1
174,3,0,2,1,1,1,0.9854,0.9858,0.8833,0.8779,780.0,327.0,575.5,333.5,691.0,403.5,647.0,409.5,204.6033,44.4072,0.217,1,1,175,1
175,3,0,0,1,1,1,0.9868,0.9897,0.9087,0.9067,478.75,227.75,255.875,228.0,386.5,247.0,333.0,245.0,222.8751,53.5374,0.2402,1,1,176,1
175,3,0,1,1,1,1,0.9829,0.9893,0.8584,0.8833,1110.0,347.5,895.0,351.5,1039.0,377.0,983.5,353.0,215.0372,60.4669,0.2812,1,1,176,1
175,3,0,2,1,1,1,0.9854,0.9858,0.8828,0.8779,780.0,327.5,575.5,333.5,691.5,404.0,647.0,409.5,204.588,44.8386,0.2192,1,1,176,1
176,3,0,0,1,1,1,0.9868,0.9897,0.9092,0.9058,478.25,227.5,256.25,227.0,386.0,246.0,334.0,244.0,222.0006,52.0384,0.2344,1,1,177,1
176,3,0,1,1,1,1,0.9829,0.9893,0.8584,0.8848,1110.0,347.5,895.5,351.0,1038.0,374.5,982.5,354.5,214.5286,58.9936,0.275,1,1,177,1
176,3,0,2,1,1,1,0.9854,0.9858,0.8823,0.8784,780.0,327.0,575.5,333.5,692.0,404.0,647.0,409.0,204.6033,45.2769,0.2213,1,1,177,1
177,3,0,0,1,1,1,0.9863,0.9897,0.9097,0.9058,478.75,226.75,255.875,226.5,386.25,246.0,334.0,244.0,222.8751,52.2883,0.2346,1,1,178,1
177,3,0,1,1,1,1,0.9829,0.9893,0.8584,0.8848,1109.0,347.0,895.0,351.0,1037.0,374.5,983.0,354.0,214.0374,57.7603,0.2699,1,1,178,1
177,3,0,2,1,1,1,0.9854,0.9854,0.8838,0.8789,780.0,326.5,576.0,333.5,690.5,404.5,646.0,410.0,204.1201,44.8386,0.2197,1,1,178,1
178,3,0,0,1,1,1,0.9863,0.9897,0.9097,0.9058,478.75,226.75,255.875,226.5,386.25,246.0,334.0,244.0,222.8751,52.2883,0.2346,1,1,179,1
178,3,0,1,1,1,1,0.9829,0.9893,0.8579,0.8853,1109.0,347.0,895.0,351.0,1037.0,374.5,983.0,354.0,214.0374,57.7603,0.2699,1,1,179,1
178,3,0,2,1,1,1,0.9854,0.9854,0.8838,0.8789,780.0,326.5,576.0,333.5,690.5,404.5,646.0,410.5,204.1201,44.9027,0.22,1,1,179,1
179,3,0,0,1,1,1,0.9868,0.9897,0.9102,0.9038,478.75,227.0,256.75,226.25,386.25,246.0,333.5,244.5,222.0013,52.7713,0.2377,1,1,180,1
179,3,0,1,1,1,1,0.9829,0.9897,0.8574,0.8853,1109.0,348.0,894.0,352.5,1038.0,378.0,983.5,353.0,215.0471,59.9604,0.2788,1,1,180,1
179,3,0,2,1,1,1,0.9854,0.9858,0.8833,0.8789,780.0,327.0,575.5,333.0,691.0,404.0,646.5,410.0,204.588,44.9027,0.2195,1,1,180,1
180,3,0,0,1,1,1,0.9868,0.9897,0.9102,0.9033,478.75,227.0,256.75,226.25,386.25,246.0,333.5,244.5,222.0013,52.7713,0.2377,1,1,181,1
180,3,0,1,1,1,1,0.9829,0.9897,0.8579,0.8853,1109.0,348.0,894.0,352.5,1038.0,378.0,983.5,353.0,215.0471,59.9604,0.2788,1,1,181,1
180,3,0,2,1,1,1,0.9854,0.9858,0.8833,0.8789,780.0,327.0,575.5,333.5,691.0,404.0,646.5,410.0,204.6033,44.9027,0.2195,1,1,181,1
181,3,0,0,1,1,1,0.9868,0.9897,0.9097,0.9058,479.0,226.25,257.0,225.75,386.75,245.5,333.75,244.0,222.0006,53.0212,0.2388,1,1,182,1
181,3,0,1,1,1,1,0.9834,0.9893,0.8608,0.8843,1108.0,347.5,893.5,352.0,1039.0,380.5,981.5,357.5,214.5472,61.9294,0.2887,1,1,182,1
181,3,0,2,1,1,1,0.9854,0.9858,0.8818,0.8779,780.0,327.0,575.0,333.5,691.0,406.0,645.0,411.5,205.103,46.3276,0.2259,1,1,182,1
182,3,0,0,1,1,1,0.9868,0.9897,0.9097,0.9058,479.0,226.25,257.25,226.0,386.75,245.5,333.75,244.0,221.7501,53.0212,0.2391,1,1,183,1
182,3,0,1,1,1,1,0.9834,0.9893,0.8613,0.8843,1108.0,348.0,893.5,352.0,1039.0,380.5,981.5,358.0,214.5373,61.7454,0.2878,1,1,183,1
182,3,0,2,1,1,1,0.9854,0.9858,0.8818,0.8779,780.0,327.0,575.0,333.5,691.0,406.0,645.0,411.5,205.103,46.3276,0.2259,1,1,183,1
183,3,0,0,1,1,1,0.9863,0.9897,0.9077,0.9067,478.75,227.0,256.0,225.75,388.0,246.0,333.5,244.5,222.7535,54.5206,0.2448,1,1,184,1
183,3,0,1,1,1,1,0.9834,0.9893,0.8623,0.8857,1107.0,348.0,894.0,351.5,1041.0,381.0,980.5,359.0,213.0288,64.3758,0.3022,1,1,184,1
183,3,0,2,1,1,1,0.9858,0.9854,0.8857,0.8765,780.0,327.0,575.5,333.0,690.0,406.0,645.0,413.5,204.588,45.6207,0.223,1,1,184,1
184,3,0,0,1,1,1,0.9863,0.9897,0.9072,0.9082,479.0,226.5,256.75,225.5,388.75,246.5,334.5,243.0,222.2522,54.3628,0.2446,1,1,185,1
184,3,0,1,1,1,1,0.9839,0.9893,0.8638,0.8843,1106.0,348.0,893.0,352.0,1041.0,381.0,979.0,362.0,213.0376,64.846,0.3044,1,1,185,1
184,3,0,2,1,1,1,0.9858,0.9854,0.8862,0.8745,780.0,327.0,575.5,333.0,690.0,405.5,644.5,413.0,204.588,46.114,0.2254,1,1,185,1
185,3,0,0,1,1,1,0.9863,0.9897,0.9072,0.9082,479.0,226.5,256.5,225.5,389.0,246.5,334.5,243.0,222.5022,54.6123,0.2454,1,1,186,1
185,3,0,1,1,1,1,0.9839,0.9893,0.8633,0.8848,1106.0,348.0,893.0,352.0,1041.0,381.0,979.0,362.0,213.0376,64.846,0.3044,1,1,186,1
185,3,0,2,1,1,1,0.9858,0.9854,0.8867,0.8745,780.0,327.0,575.5,333.0,690.0,405.5,644.5,413.0,204.588,46.114,0.2254,1,1,186,1
186,3,0,0,1,1,1,0.9863,0.9897,0.9092,0.9077,479.0,226.75,256.5,225.25,388.5,247.0,334.25,242.5,222.5051,54.4363,0.2447,1,1,187,1
186,3,0,1,1,1,1,0.9839,0.9893,0.8643,0.8838,1106.0,348.5,893.0,351.5,1042.0,382.5,977.0,365.5,213.0211,67.1863,0.3154,1,1,187,1
186,3,0,2,1,1,1,0.9858,0.9849,0.8892,0.875,780.0,327.0,576.0,333.0,690.0,405.0,645.5,411.0,204.0882,44.9027,0.22,1,1,187,1
187,3,0,0,1,1,1,0.9863,0.9897,0.9092,0.9077,479.25,226.75,256.5,225.25,388.5,247.0,334.5,242.5,222.7551,54.1872,0.2433,1,1,188,1
187,3,0,1,1,1,1,0.9839,0.9893,0.8647,0.8838,1106.0,348.5,893.0,352.0,1042.0,382.5,977.0,366.0,213.0288,67.0615,0.3148,1,1,188,1
187,3,0,2,1,1,1,0.9858,0.9849,0.8892,0.875,780.0,327.0,576.0,333.0,690.0,405.0,645.0,411.5,204.0882,45.467,0.2228,1,1,188,1
188,3,0,0,1,1,1,0.9858,0.9897,0.9082,0.9082,479.25,226.0,256.75,225.0,388.25,246.5,334.25,243.0,222.5022,54.1133,0.2432,1,1,189,1
188,3,0,1,1,1,1,0.9839,0.9893,0.8657,0.8843,1106.0,348.0,893.5,351.5,1042.0,385.0,975.5,370.5,212.5288,68.0625,0.3203,1,1,189,1
188,3,0,2,1,1,1,0.9858,0.9849,0.8892,0.875,780.0,327.0,576.0,333.0,690.5,406.5,646.0,411.0,204.0882,44.7269,0.2192,1,1,189,1
189,3,0,0,1,1,1,0.9858,0.9897,0.9082,0.9087,479.5,226.0,256.75,225.0,388.25,246.5,334.25,243.0,222.7522,54.1133,0.2429,1,1,190,1
189,3,0,1,1,1,1,0.9844,0.9893,0.8662,0.8838,1106.0,348.0,893.0,351.5,1042.0,385.5,975.5,370.5,213.0288,68.1707,0.32,1,1,190,1
189,3,0,2,1,1,1,0.9858,0.9849,0.8892,0.875,779.5,327.0,576.5,333.5,691.0,406.5,646.0,411.0,203.104,45.2244,0.2227,1,1,190,1
190,3,0,0,1,1,1,0.9858,0.9897,0.9082,0.9097,478.75,226.0,257.0,225.0,388.5,246.5,334.5,243.5,221.7523,54.0833,0.2439,1,1,191,1
190,3,0,1,1,1,1,0.9839,0.9893,0.8647,0.8853,1106.0,348.0,892.5,352.0,1040.0,382.0,975.5,368.5,213.5375,65.8976,0.3086,1,1,191,1
190,3,0,2,1,1,1,0.9858,0.9849,0.8901,0.8745,779.5,327.0,576.0,333.0,691.0,407.0,644.5,412.0,203.5884,46.768,0.2297,1,1,191,1
191,3,0,0,1,1,1,0.9858,0.9897,0.9087,0.9102,479.25,225.5,257.5,225.0,388.5,247.0,334.5,243.5,221.7506,54.1133,0.244,1,1,192,1
191,3,0,1,1,1,1,0.9839,0.9893,0.8628,0.8833,1106.0,348.0,892.0,352.5,1041.0,383.5,975.0,369.0,214.0473,67.574,0.3157,1,1,192,1
191,3,0,2,1,1,1,0.9858,0.9849,0.8901,0.8755,779.0,327.0,576.0,333.0,688.0,405.0,644.5,412.5,203.0887,44.1418,0.2174,1,1,192,1
192,3,0,0,1,1,1,0.9858,0.9897,0.9087,0.9102,479.5,225.5,257.5,225.0,388.5,247.0,334.5,243.5,222.0006,54.1133,0.2438,1,1,193,1
192,3,0,1,1,1,1,0.9839,0.9893,0.8628,0.8838,1106.0,348.0,892.0,352.5,1041.0,384.0,975.0,369.0,214.0473,67.6831,0.3162,1,1,193,1
192,3,0,2,1,1,1,0.9858,0.9849,0.8901,0.875,779.0,327.0,576.0,333.0,688.5,405.0,644.5,412.5,203.0887,44.6346,0.2198,1,1,193,1
193,3,0,0,1,1,1,0.9858,0.9897,0.9077,0.9106,479.75,225.75,257.25,225.0,387.75,246.5,334.75,243.0,222.5013,53.1154,0.2387,1,1,194,1
193,3,0,1,1,1,1,0.9839,0.9893,0.8633,0.8843,1106.0,348.5,893.0,352.0,1040.0,383.5,975.5,366.0,213.0288,66.8319,0.3137,1,1,194,1
193,3,0,2,1,1,1,0.9858,0.9849,0.8892,0.8755,779.0,327.0,576.0,333.0,689.5,405.0,645.5,411.5,203.0887,44.4775,0.219,1,1,194,1
194,3,0,0,1,1,1,0.9858,0.9897,0.9072,0.9106,479.75,225.75,257.25,225.25,388.0,246.5,334.75,243.0,222.5006,53.3649,0.2398,1,1,195,1
194,3,0,1,1,1,1,0.9839,0.9893,0.8633,0.8843,1106.0,348.5,893.0,352.0,1040.0,383.5,975.0,366.0,213.0288,67.3146,0.316,1,1,195,1
194,3,0,2,1,1,1,0.9858,0.9849,0.8896,0.875,779.0,327.0,576.0,333.0,689.5,405.0,645.5,412.0,203.0887,44.5533,0.2194,1,1,195,1
195,3,0,0,1,1,1,0.9858,0.9897,0.9082,0.9092,480.75,226.25,257.5,225.5,388.5,248.0,334.5,244.5,223.2513,54.1133,0.2424,1,1,196,1
195,3,0,1,1,1,1,0.9839,0.9897,0.8608,0.8838,1105.0,348.0,892.0,351.0,1040.0,384.5,975.0,367.5,213.0211,67.1863,0.3154,1,1,196,1
195,3,0,2,1,1,1,0.9863,0.9849,0.8906,0.873,779.5,327.0,576.0,333.0,689.0,405.0,645.0,412.5,203.5884,44.6346,0.2192,1,1,196,1
196,3,0,0,1,1,1,0.9858,0.9897,0.9082,0.9092,480.75,226.0,257.5,225.5,388.5,248.0,334.5,244.0,223.2506,54.1479,0.2425,1,1,197,1
196,3,0,1,1,1,1,0.9839,0.9897,0.8608,0.8838,1105.0,348.0,892.0,351.0,1039.0,384.0,975.5,367.0,213.0211,65.7362,0.3086,1,1,197,1
196,3,0,2,1,1,1,0.9863,0.9849,0.8906,0.8735,779.0,327.0,576.0,333.0,689.0,405.0,645.0,412.5,203.0887,44.6346,0.2198,1,1,197,1
197,3,0,0,1,1,1,0.9858,0.9897,0.9072,0.9097,480.75,226.5,257.5,225.25,388.75,248.0,334.0,244.5,223.2535,54.8618,0.2457,1,1,198,1
197,3,0,1,1,1,1,0.9839,0.9897,0.8613,0.8857,1105.0,348.5,892.0,352.0,1039.0,383.5,975.5,364.0,213.0288,66.4267,0.3118,1,1,198,1
197,3,0,2,1,1,1,0.9863,0.9849,0.8887,0.874,779.0,327.0,575.0,333.0,688.0,403.0,647.0,409.0,204.0882,41.4367,0.203,1,1,198,1
198,3,0,0,1,1,1,0.9858,0.9897,0.9072,0.9097,480.5,226.5,257.5,225.25,388.75,248.0,333.75,245.0,223.0035,55.0818,0.247,1,1,199,1
198,3,0,1,1,1,1,0.9839,0.9897,0.8618,0.8862,1105.0,348.5,892.5,352.0,1039.0,383.5,975.5,364.5,212.5288,66.2816,0.3119,1,1,199,1
198,3,0,2,1,1,1,0.9858,0.9849,0.8887,0.8735,779.0,327.0,575.0,333.0,688.0,403.0,647.0,409.0,204.0882,41.4367,0.203,1,1,199,1
199,3,0,0,1,1,1,0.9858,0.9897,0.9058,0.9092,480.75,225.75,258.0,225.0,388.5,247.0,334.0,245.0,222.7513,54.5367,0.2448,1,1,200,1
199,3,0,1,1,1,1,0.9839,0.9897,0.8599,0.8848,1105.0,348.5,891.0,351.5,1039.0,384.5,976.0,364.5,214.021,66.0984,0.3088,1,1,200,1
199,3,0,2,1,1,1,0.9863,0.9849,0.8901,0.8735,779.0,327.0,575.5,333.0,688.5,403.0,646.0,407.5,203.5884,42.7376,0.2099,1,1,200,1
200,3,0,0,1,1,1,0.9858,0.9897,0.9058,0.9092,480.75,225.5,258.25,225.0,388.5,247.0,334.0,244.5,222.5006,54.5573,0.2452,1,1,201,1
200,3,0,1,1,1,1,0.9839,0.9897,0.8604,0.8848,1104.0,348.5,891.5,351.5,1039.0,384.5,976.0,365.0,212.5212,65.9488,0.3103,1,1,201,1
200,3,0,2,1,1,1,0.9863,0.9849,0.8901,0.873,779.0,327.0,575.5,333.0,688.5,403.0,646.0,407.5,203.5884,42.7376,0.2099,1,1,201,1
201,3,0,0,1,1,1,0.9858,0.9897,0.9067,0.9097,481.0,225.75,257.75,225.0,388.5,247.0,334.0,245.5,223.2513,54.5206,0.2442,1,1,202,1
201,3,0,1,1,1,1,0.9839,0.9893,0.8628,0.8857,1104.0,348.5,891.5,351.5,1039.0,383.5,974.5,367.0,212.5212,66.577,0.3133,1,1,202,1
201,3,0,2,1,1,1,0.9863,0.9849,0.8901,0.8721,779.0,327.0,575.0,333.0,687.0,402.0,645.5,407.5,204.0882,41.8629,0.2051,1,1,202,1
202,3,0,0,1,1,1,0.9858,0.9897,0.9058,0.9092,480.75,226.5,258.5,225.5,387.75,246.0,333.5,245.5,222.2522,54.2523,0.2441,1,1,203,1
202,3,0,1,1,1,1,0.9839,0.9893,0.8647,0.8872,1104.0,349.0,891.5,351.5,1039.0,383.0,975.5,365.5,212.5147,65.8673,0.3099,1,1,203,1
202,3,0,2,1,1,1,0.9863,0.9844,0.8911,0.8711,779.0,327.0,575.0,333.5,685.0,401.0,645.5,406.5,204.1035,39.8811,0.1954,1,1,203,1
203,3,0,0,1,1,1,0.9858,0.9897,0.9058,0.9092,480.75,226.25,258.25,225.5,388.0,246.0,333.5,245.5,222.5013,54.5023,0.245,1,1,204,1
203,3,0,1,1,1,1,0.9839,0.9893,0.8647,0.8872,1104.0,348.5,891.5,351.0,1039.0,382.5,975.5,366.0,212.5147,65.6087,0.3087,1,1,204,1
203,3,0,2,1,1,1,0.9863,0.9844,0.8911,0.8711,779.0,327.0,575.0,333.5,685.0,401.0,645.5,406.5,204.1035,39.8811,0.1954,1,1,204,1
204,3,0,0,1,1,1,0.9858,0.9902,0.9048,0.9087,481.25,226.75,258.5,226.0,388.5,248.0,333.75,246.0,222.7513,54.7865,0.246,1,1,205,1
204,3,0,1,1,1,1,0.9839,0.9897,0.8604,0.8853,1104.0,349.0,891.0,351.5,1038.0,382.5,976.0,365.5,213.0147,64.2884,0.3018,1,1,205,1
204,3,0,2,1,1,1,0.9868,0.9844,0.8931,0.8691,779.0,327.0,574.5,333.0,686.0,401.5,645.5,406.5,204.588,40.8075,0.1995,1,1,205,1
205,3,0,0,1,1,1,0.9858,0.9902,0.9048,0.9087,481.25,227.0,258.25,226.0,388.5,248.0,333.75,246.0,223.0022,54.7865,0.2457,1,1,206,1
205,3,0,1,1,1,1,0.9839,0.9897,0.8608,0.8853,1104.0,349.0,891.0,351.5,1038.0,382.0,976.0,365.5,213.0147,64.158,0.3012,1,1,206,1
205,3,0,2,1,1,1,0.9868,0.9844,0.8936,0.8687,779.0,327.0,574.5,333.5,686.0,401.5,645.5,406.5,204.6033,40.8075,0.1994,1,1,206,1
206,3,0,0,1,1,1,0.9858,0.9902,0.9043,0.9097,481.5,227.0,258.75,226.25,388.5,248.0,333.75,246.0,222.7513,54.7865,0.246,1,1,207,1
206,3,0,1,1,1,1,0.9839,0.9897,0.8604,0.8867,1104.0,348.5,891.5,350.5,1039.0,386.0,974.0,367.0,212.5094,67.72,0.3187,1,1,207,1
206,3,0,2,1,1,1,0.9868,0.9844,0.8945,0.8701,779.0,327.0,574.5,333.5,686.0,402.0,645.0,408.5,204.6033,41.512,0.2029,1,1,207,1
207,3,0,0,1,1,1,0.9858,0.9902,0.9043,0.9097,481.5,227.0,258.75,226.0,388.5,248.0,333.75,246.5,222.7522,54.7705,0.2459,1,1,208,1
207,3,0,1,1,1,1,0.9839,0.9897,0.8608,0.8872,1104.0,348.5,891.5,350.5,1039.0,385.5,974.0,367.0,212.5094,67.5814,0.318,1,1,208,1
207,3,0,2,1,1,1,0.9868,0.9839,0.895,0.8696,779.0,327.0,574.5,333.5,686.0,402.0,645.0,408.5,204.6033,41.512,0.2029,1,1,208,1
208,3,0,0,1,1,1,0.9858,0.9902,0.9043,0.9092,482.25,226.75,259.0,225.75,388.5,247.5,333.25,247.0,223.2522,55.2523,0.2475,1,1,209,1
208,3,0,1,1,1,1,0.9839,0.9897,0.8604,0.8857,1104.0,349.5,891.0,350.5,1040.0,386.0,974.0,368.0,213.0023,68.4105,0.3212,1,1,209,1
208,3,0,2,1,1,1,0.9863,0.9844,0.8931,0.8706,779.0,327.0,574.0,333.5,684.0,399.0,645.5,407.5,205.103,39.4271,0.1922,1,1,209,1
209,3,0,0,1,1,1,0.9858,0.9902,0.9043,0.9092,482.25,226.5,259.0,225.5,388.5,247.0,333.25,247.0,223.2522,55.25,0.2475,1,1,210,1
209,3,0,1,1,1,1,0.9839,0.9897,0.8608,0.8862,1104.0,349.5,890.5,350.5,1040.0,386.0,974.0,368.0,213.5023,68.4105,0.3204,1,1,210,1
209,3,0,2,1,1,1,0.9863,0.9844,0.8926,0.8711,779.0,327.0,574.0,333.5,684.0,399.0,645.5,408.0,205.103,39.538,0.1928,1,1,210,1
210,3,0,0,1,1,1,0.9858,0.9902,0.9033,0.9092,482.5,227.0,259.0,226.0,388.5,248.5,333.0,248.0,223.5022,55.5023,0.2483,1,1,211,1
210,3,0,1,1,1,1,0.9834,0.9897,0.8569,0.8877,1104.0,349.5,891.5,351.0,1040.0,384.5,975.5,363.5,212.5053,67.8325,0.3192,1,1,211,1
210,3,0,2,1,1,1,0.9863,0.9844,0.8906,0.8735,779.0,327.0,574.0,333.5,684.0,399.5,646.0,407.5,205.103,38.833,0.1893,1,1,211,1
211,3,0,0,1,1,1,0.9858,0.9902,0.9033,0.9092,482.5,227.25,259.0,226.0,388.5,248.5,333.0,248.0,223.5035,55.5023,0.2483,1,1,212,1
211,3,0,1,1,1,1,0.9834,0.9897,0.8569,0.8867,1104.0,349.5,891.0,351.5,1039.0,384.5,975.0,364.5,213.0094,67.0522,0.3148,1,1,212,1
211,3,0,2,1,1,1,0.9863,0.9844,0.8906,0.8726,779.0,327.0,573.5,333.5,684.0,400.0,645.5,408.0,205.6028,39.3224,0.1913,1,1,212,1
212,3,0,0,1,1,1,0.9854,0.9897,0.9048,0.9097,482.0,226.75,259.25,225.5,389.0,249.0,333.75,248.0,222.7535,55.259,0.2481,1,1,213,1
212,3,0,1,1,1,1,0.9834,0.9897,0.8594,0.8882,1103.0,349.0,891.5,351.5,1039.0,386.0,975.0,362.5,211.5148,68.1781,0.3223,1,1,213,1
212,3,0,2,1,1,1,0.9858,0.9844,0.8896,0.874,778.0,326.5,574.0,333.5,683.5,399.5,645.5,408.0,204.1201,38.9391,0.1908,1,1,213,1
213,3,0,0,1,1,1,0.9858,0.9902,0.9028,0.9087,482.5,228.5,259.25,227.0,389.0,248.0,334.0,248.0,223.255,55.0,0.2464,1,1,214,1
213,3,0,1,1,1,1,0.9829,0.9897,0.8569,0.8901,1105.0,349.5,891.5,351.5,1036.0,381.5,977.0,360.5,213.5094,62.6259,0.2933,1,1,214,1
213,3,0,2,1,1,1,0.9858,0.9849,0.8892,0.8735,778.0,326.5,573.5,333.5,687.0,403.5,647.0,410.5,204.6198,40.6079,0.1985,1,1,214,1
214,3,0,0,1,1,1,0.9858,0.9902,0.9028,0.9087,482.5,228.25,259.25,227.0,389.0,248.0,334.0,248.0,223.2535,55.0,0.2464,1,1,215,1
214,3,0,1,1,1,1,0.9829,0.9897,0.8569,0.8901,1105.0,349.5,891.0,351.5,1036.0,381.5,977.0,360.5,214.0093,62.6259,0.2926,1,1,215,1
214,3,0,2,1,1,1,0.9858,0.9849,0.8896,0.874,778.0,326.5,573.5,333.5,687.0,403.5,647.0,410.5,204.6198,40.6079,0.1985,1,1,215,1
215,3,0,0,1,1,1,0.9858,0.9902,0.9023,0.9097,483.25,227.0,259.5,226.0,388.75,247.5,333.5,247.5,223.7522,55.25,0.2469,1,1,216,1
215,3,0,1,1,1,1,0.9829,0.9897,0.8574,0.8892,1104.0,348.5,891.5,351.5,1038.0,385.5,978.0,357.5,212.5212,66.2118,0.3116,1,1,216,1
215,3,0,2,1,1,1,0.9863,0.9844,0.8926,0.8711,778.0,326.0,574.0,333.5,685.5,402.5,646.5,410.5,204.1378,39.8121,0.195,1,1,216,1
216,3,0,0,1,1,1,0.9858,0.9902,0.9028,0.9097,483.25,227.0,259.5,226.0,388.75,247.5,333.5,247.5,223.7522,55.25,0.2469,1,1,217,1
216,3,0,1,1,1,1,0.9829,0.9897,0.8574,0.8892,1104.0,348.5,891.5,351.5,1037.0,385.5,978.0,357.5,212.5212,65.307,0.3073,1,1,217,1
216,3,0,2,1,1,1,0.9863,0.9844,0.8931,0.8716,777.5,326.5,574.0,333.5,685.5,402.5,646.5,410.5,203.6204,39.8121,0.1955,1,1,217,1
217,3,0,0,1,1,1,0.9858,0.9902,0.9028,0.9082,482.75,227.75,259.5,226.25,388.5,248.0,333.5,248.0,223.255,55.0,0.2464,1,1,218,1
217,3,0,1,1,1,1,0.9829,0.9897,0.8584,0.8896,1103.0,349.0,890.5,351.5,1038.0,384.0,976.5,361.0,212.5147,65.6601,0.309,1,1,218,1
217,3,0,2,1,1,1,0.9858,0.9844,0.8921,0.874,777.5,326.5,574.0,333.5,685.5,403.0,647.0,409.0,203.6204,38.9647,0.1914,1,1,218,1
218,3,0,0,1,1,1,0.9858,0.9902,0.9028,0.9082,482.75,227.75,259.5,226.25,388.5,248.0,333.5,248.0,223.255,55.0,0.2464,1,1,219,1
218,3,0,1,1,1,1,0.9829,0.9897,0.8584,0.8896,1103.0,349.0,890.5,351.5,1038.0,383.5,976.5,360.5,212.5147,65.6601,0.309,1,1,219,1
218,3,0,2,1,1,1,0.9858,0.9844,0.8921,0.874,777.5,326.5,574.0,334.0,685.5,403.0,647.0,408.5,203.6382,38.8909,0.191,1,1,219,1
219,3,0,0,1,1,1,0.9858,0.9902,0.9014,0.9082,482.75,228.0,259.75,226.5,388.5,248.0,334.0,248.0,223.005,54.5,0.2444,1,1,220,1
219,3,0,1,1,1,1,0.9834,0.9897,0.8613,0.8892,1103.0,349.0,891.5,350.5,1038.0,383.5,976.5,361.0,211.5053,65.4866,0.3096,1,1,220,1
219,3,0,2,1,1,1,0.9858,0.9849,0.8896,0.8765,777.0,326.5,573.5,333.5,685.0,403.0,646.5,409.5,203.6204,39.0448,0.1918,1,1,220,1
220,3,0,0,1,1,1,0.9858,0.9902,0.9014,0.9087,483.25,228.0,260.0,226.75,389.0,249.0,333.75,248.0,223.2535,55.259,0.2475,1,1,221,1
220,3,0,1,1,1,1,0.9834,0.9897,0.8618,0.8882,1103.0,349.0,891.0,350.0,1038.0,384.0,976.0,364.0,212.0024,65.146,0.3073,1,1,221,1
220,3,0,2,1,1,1,0.9858,0.9849,0.8882,0.876,778.0,327.0,574.0,333.5,683.0,401.5,646.0,412.0,204.1035,38.461,0.1884,1,1,221,1
221,3,0,0,1,1,1,0.9858,0.9902,0.9014,0.9087,483.25,228.25,259.75,226.75,389.0,249.0,333.75,248.0,223.505,55.259,0.2472,1,1,222,1
221,3,0,1,1,1,1,0.9834,0.9897,0.8618,0.8887,1103.0,349.0,891.5,350.0,1038.0,384.0,976.0,363.5,211.5024,65.3012,0.3087,1,1,222,1
221,3,0,2,1,1,1,0.9858,0.9849,0.8882,0.8765,778.0,326.5,574.0,333.0,682.5,401.5,646.0,412.0,204.1035,37.9803,0.1861,1,1,222,1
222,3,0,0,1,1,1,0.9858,0.9902,0.9023,0.9097,482.5,228.5,259.75,227.0,388.5,249.0,334.0,247.5,222.7551,54.5206,0.2448,1,1,223,1
222,3,0,1,1,1,1,0.9834,0.9897,0.8613,0.8882,1104.0,349.5,891.0,351.0,1038.0,381.5,976.0,363.0,213.0053,64.7012,0.3038,1,1,223,1
222,3,0,2,1,1,1,0.9854,0.9849,0.8877,0.8779,777.0,326.5,574.0,333.0,684.0,402.0,646.0,413.0,203.104,39.5601,0.1948,1,1,223,1
223,3,0,0,1,1,1,0.9858,0.9902,0.9023,0.9097,482.5,228.5,260.0,227.0,388.5,249.0,334.0,247.5,222.5051,54.5206,0.245,1,1,224,1
223,3,0,1,1,1,1,0.9834,0.9897,0.8608,0.8882,1104.0,349.5,891.0,351.0,1037.0,381.0,976.0,363.0,213.0053,63.6003,0.2986,1,1,224,1
223,3,0,2,1,1,1,0.9858,0.9849,0.8872,0.8774,777.0,326.5,574.0,333.0,684.0,402.0,646.0,413.0,203.104,39.5601,0.1948,1,1,224,1
224,3,0,0,1,1,1,0.9854,0.9902,0.9014,0.9097,482.75,228.25,259.25,226.5,389.5,250.0,334.5,248.0,223.5069,55.0364,0.2462,1,1,225,1
224,3,0,1,1,1,1,0.9834,0.9893,0.8633,0.8882,1104.0,349.5,891.0,351.0,1038.0,382.5,976.0,362.0,213.0053,65.3012,0.3066,1,1,225,1
224,3,0,2,1,1,1,0.9819,0.9883,0.8711,0.897,779.5,330.5,574.5,338.0,684.0,398.5,643.0,415.5,205.1371,44.3847,0.2164,1,1,225,1
225,3,0,0,1,1,1,0.9854,0.9902,0.9019,0.9097,482.75,228.25,259.25,226.5,389.25,250.0,334.5,248.0,223.5069,54.7865,0.2451,1,1,226,1
225,3,0,1,1,1,1,0.9834,0.9893,0.8628,0.8882,1104.0,349.5,891.0,351.0,1038.0,383.0,976.0,362.0,213.0053,65.4599,0.3073,1,1,226,1
225,3,0,2,1,1,1,0.9854,0.9849,0.8882,0.8774,776.5,327.0,574.0,332.5,684.5,403.0,645.5,413.5,202.5747,40.3887,0.1994,1,1,226,1
226,3,0,0,1,1,1,0.9858,0.9902,0.9028,0.9102,483.5,229.0,260.0,227.25,389.0,249.5,334.75,247.5,223.5069,54.2869,0.2429,1,1,227,1
226,3,0,1,1,1,1,0.9839,0.9897,0.8608,0.8867,1104.0,349.5,890.5,350.0,1040.0,385.0,976.5,363.0,213.5006,67.2031,0.3148,1,1,227,1
226,3,0,2,1,1,1,0.9858,0.9849,0.8867,0.876,777.5,326.5,573.0,332.5,683.5,402.0,646.0,410.5,204.588,38.4513,0.1879,1,1,227,1
227,3,0,0,1,1,1,0.9854,0.9902,0.9023,0.9102,483.5,229.0,259.75,227.0,389.5,250.0,334.5,248.5,223.7589,55.0205,0.2459,1,1,228,1
227,3,0,1,1,1,1,0.9839,0.9897,0.8608,0.8872,1104.0,350.0,890.5,350.5,1040.0,385.0,976.0,364.0,213.5006,67.3573,0.3155,1,1,228,1
227,3,0,2,1,1,1,0.9854,0.9849,0.8882,0.8784,777.0,327.0,574.0,333.0,682.0,400.0,646.0,411.0,203.0887,37.6431,0.1854,1,1,228,1
228,3,0,0,1,1,1,0.9854,0.9902,0.9023,0.9097,483.75,229.0,259.75,227.0,389.5,250.0,334.5,248.5,224.0089,55.0205,0.2456,1,1,229,1
228,3,0,1,1,1,1,0.9834,0.9897,0.8604,0.8872,1104.0,349.5,890.5,350.5,1040.0,384.5,976.0,364.0,213.5023,67.2031,0.3148,1,1,229,1
228,3,0,2,1,1,1,0.9854,0.9849,0.8882,0.8784,777.0,327.0,574.0,333.0,682.0,400.0,646.0,410.5,203.0887,37.5,0.1846,1,1,229,1
229,3,0,0,1,1,1,0.9858,0.9897,0.9038,0.9082,484.0,228.5,260.25,227.0,389.5,250.0,334.75,249.0,223.755,54.7591,0.2447,1,1,230,1
229,3,0,1,1,1,1,0.9839,0.9893,0.8628,0.8862,1104.0,349.0,890.5,350.0,1042.0,388.0,975.0,366.0,213.5023,70.5195,0.3303,1,1,230,1
229,3,0,2,1,1,1,0.9854,0.9849,0.8872,0.8784,777.0,327.0,573.5,333.5,683.5,403.0,645.0,411.0,203.6038,39.3224,0.1931,1,1,230,1
230,3,0,0,1,1,1,0.9858,0.9897,0.9043,0.9082,484.0,228.5,260.5,227.0,389.5,250.0,334.75,249.0,223.505,54.7591,0.245,1,1,231,1
230,3,0,1,1,1,1,0.9839,0.9893,0.8628,0.8862,1104.0,349.5,890.5,350.0,1042.0,388.0,974.5,366.5,213.5006,70.8414,0.3318,1,1,231,1
230,3,0,2,1,1,1,0.9854,0.9849,0.8872,0.8784,777.0,327.5,573.5,333.5,683.5,403.0,645.5,410.5,203.5884,38.7331,0.1903,1,1,231,1
231,3,0,0,1,1,1,0.9858,0.9902,0.9033,0.9087,483.75,228.5,259.75,226.75,390.0,250.0,334.75,248.5,224.0068,55.2704,0.2467,1,1,232,1
231,3,0,1,1,1,1,0.9839,0.9893,0.8633,0.8862,1104.0,349.5,891.0,350.5,1039.0,384.5,976.0,364.0,213.0023,66.2514,0.311,1,1,232,1
231,3,0,2,1,1,1,0.9854,0.9849,0.8872,0.877,777.5,327.0,573.0,334.0,685.0,403.5,646.0,410.5,204.6198,39.6232,0.1936,1,1,232,1
232,3,0,0,1,1,1,0.9858,0.9902,0.9033,0.9092,483.75,228.5,260.0,226.5,389.75,250.0,334.75,248.5,223.7589,55.0205,0.2459,1,1,233,1
232,3,0,1,1,1,1,0.9839,0.9893,0.8633,0.8857,1104.0,349.5,891.0,350.5,1039.0,384.5,976.0,364.0,213.0023,66.2514,0.311,1,1,233,1
232,3,0,2,1,1,1,0.9854,0.9849,0.8867,0.8774,777.0,327.0,573.0,334.0,685.0,403.5,646.0,410.5,204.1201,39.6232,0.1941,1,1,233,1
233,3,0,0,1,1,1,0.9854,0.9902,0.9023,0.9097,484.0,229.0,260.5,227.0,390.25,250.5,335.0,248.0,223.5089,55.3065,0.2474,1,1,234,1
233,3,0,1,1,1,1,0.9839,0.9897,0.8608,0.8853,1105.0,349.5,890.5,351.0,1040.0,386.0,976.0,361.5,214.5052,68.5292,0.3195,1,1,234,1
233,3,0,2,1,1,1,0.9854,0.9849,0.8872,0.8779,777.0,327.0,573.5,334.0,684.0,402.5,645.5,410.0,203.6204,39.2237,0.1926,1,1,234,1
234,3,0,0,1,1,1,0.9854,0.9902,0.9023,0.9097,484.0,228.75,260.5,227.25,390.25,250.5,335.0,248.0,223.505,55.3065,0.2475,1,1,235,1
234,3,0,1,1,1,1,0.9839,0.9897,0.8608,0.8857,1105.0,349.5,890.5,351.5,1040.0,386.5,976.0,361.5,214.5093,68.7095,0.3203,1,1,235,1
234,3,0,2,1,1,1,0.9854,0.9849,0.8872,0.8779,777.0,327.0,573.5,334.0,684.0,402.5,645.5,410.0,203.6204,39.2237,0.1926,1,1,235,1
235,3,0,0,1,1,1,0.9854,0.9902,0.9014,0.9097,484.5,228.0,261.25,226.75,390.0,249.0,335.0,246.5,223.2535,55.0568,0.2466,1,1,236,1
235,3,0,1,1,1,1,0.9839,0.9897,0.8623,0.8848,1104.0,349.5,890.5,351.0,1039.0,382.0,975.5,364.0,213.5053,66.0019,0.3091,1,1,236,1
235,3,0,2,1,1,1,0.9858,0.9844,0.8896,0.8765,777.5,326.5,573.0,333.0,682.5,400.5,645.5,410.5,204.6033,38.3275,0.1873,1,1,236,1
236,3,0,0,1,1,1,0.9854,0.9902,0.9019,0.9097,484.5,228.25,261.25,227.0,389.75,249.0,335.0,246.5,223.2535,54.807,0.2455,1,1,237,1
236,3,0,1,1,1,1,0.9839,0.9897,0.8633,0.8848,1104.0,349.5,890.5,351.0,1039.0,381.5,975.5,363.5,213.5053,66.0019,0.3091,1,1,237,1
236,3,0,2,1,1,1,0.9858,0.9849,0.8896,0.8765,777.5,326.5,573.5,333.0,682.5,400.5,645.0,410.5,204.1035,38.8104,0.1902,1,1,237,1
237,3,0,0,1,1,1,0.9854,0.9902,0.8999,0.9106,484.75,227.75,260.75,226.5,390.5,249.5,335.75,245.5,224.0035,54.8959,0.2451,1,1,238,1
237,3,0,1,1,1,1,0.9839,0.9897,0.8623,0.8848,1104.0,348.5,890.5,350.5,1039.0,383.0,975.0,364.5,213.5094,66.6202,0.312,1,1,238,1
237,3,0,2,1,1,1,0.9854,0.9849,0.8877,0.8774,778.0,327.0,573.5,333.5,682.0,399.5,645.5,410.0,204.6033,37.9803,0.1856,1,1,238,1
238,3,0,0,1,1,1,0.9854,0.9902,0.9014,0.9102,484.5,228.0,260.5,226.75,390.5,249.5,335.75,246.0,224.0035,54.8618,0.2449,1,1,239,1
238,3,0,1,1,1,1,0.9839,0.9893,0.8638,0.8838,1105.0,349.0,890.5,351.0,1038.0,382.5,974.5,364.5,214.5093,66.0019,0.3077,1,1,239,1
238,3,0,2,1,1,1,0.9849,0.9849,0.8848,0.8804,778.0,327.0,573.5,333.5,683.5,402.5,645.5,411.5,204.6033,39.0512,0.1909,1,1,239,1
239,3,0,0,1,1,1,0.9854,0.9902,0.9014,0.9102,484.25,228.25,260.75,227.0,390.5,249.5,335.5,246.5,223.5035,55.0818,0.2464,1,1,240,1
239,3,0,1,1,1,1,0.9839,0.9893,0.8633,0.8833,1105.0,349.0,890.5,351.0,1038.0,382.5,974.5,365.0,214.5093,65.8673,0.3071,1,1,240,1
239,3,0,2,1,1,1,0.9849,0.9849,0.8853,0.8804,778.0,327.0,573.5,333.5,683.5,402.0,645.5,411.5,204.6033,39.1695,0.1914,1,1,240,1
240,3,0,0,1,1,1,0.9854,0.9902,0.9014,0.9102,484.5,228.5,260.25,227.0,390.5,249.0,335.75,246.0,224.255,54.8321,0.2445,1,1,241,1
240,3,0,1,1,1,1,0.9839,0.9893,0.8638,0.8843,1105.0,349.0,890.5,350.0,1039.0,383.0,975.0,367.0,214.5023,65.9697,0.3075,1,1,241,1
240,3,0,2,1,1,1,0.9854,0.9849,0.8882,0.8774,777.5,327.0,574.0,333.5,683.5,401.0,645.5,410.5,203.6038,39.1695,0.1924,1,1,241,1
241,3,0,0,1,1,1,0.9854,0.9902,0.9014,0.9097,484.75,228.75,260.25,227.0,390.5,249.0,335.75,246.0,224.5068,54.8321,0.2442,1,1,242,1
241,3,0,1,1,1,1,0.9839,0.9893,0.8638,0.8843,1105.0,349.0,890.5,350.0,1039.0,383.0,975.0,367.0,214.5023,65.9697,0.3075,1,1,242,1
241,3,0,2,1,1,1,0.9854,0.9849,0.8877,0.8779,778.0,327.0,574.0,334.0,683.5,401.0,645.5,410.5,204.1201,39.1695,0.1919,1,1,242,1
242,3,0,0,1,1,1,0.9854,0.9902,0.9014,0.9102,485.5,228.5,260.75,227.0,392.0,250.0,335.5,246.0,224.755,56.6414,0.252,1,1,243,1
242,3,0,1,1,1,1,0.9839,0.9893,0.8618,0.8843,1105.0,349.0,890.5,350.5,1038.0,382.0,975.5,365.5,214.5052,64.6413,0.3014,1,1,243,1
242,3,0,2,1,1,1,0.9854,0.9849,0.8882,0.8789,777.0,327.0,573.5,333.5,684.5,401.5,646.0,409.5,203.6038,39.3224,0.1931,1,1,243,1
243,3,0,0,1,1,1,0.9854,0.9902,0.9014,0.9102,485.5,228.25,260.75,226.75,391.5,250.0,335.5,246.0,224.755,56.1427,0.2498,1,1,244,1
243,3,0,1,1,1,1,0.9839,0.9893,0.8618,0.8843,1105.0,349.0,890.5,350.5,1038.0,382.5,975.5,366.0,214.5052,64.6413,0.3014,1,1,244,1
243,3,0,2,1,1,1,0.9854,0.9849,0.8882,0.8789,777.0,327.0,573.5,333.5,685.0,402.0,646.0,409.5,203.6038,39.7146,0.1951,1,1,244,1
244,3,0,0,1,1,1,0.9854,0.9902,0.9014,0.9111,484.75,229.0,261.0,227.25,391.75,251.0,335.5,246.5,223.7568,56.4297,0.2522,1,1,245,1
244,3,0,1,1,1,1,0.9839,0.9893,0.8633,0.8862,1104.0,348.5,890.5,350.0,1041.0,386.5,975.5,364.0,213.5053,69.2568,0.3244,1,1,245,1
244,3,0,2,1,1,1,0.9854,0.9849,0.8862,0.8789,777.0,327.0,573.5,333.0,682.5,400.0,645.0,411.5,203.5884,39.2237,0.1927,1,1,245,1
245,3,0,0,1,1,1,0.9854,0.9902,0.9014,0.9106,484.75,229.0,261.0,227.5,392.0,251.0,335.5,246.5,223.755,56.6789,0.2533,1,1,246,1
245,3,0,1,1,1,1,0.9839,0.9893,0.8633,0.8857,1104.0,348.5,890.5,350.0,1040.0,386.5,976.0,364.0,213.5053,67.8399,0.3177,1,1,246,1
245,3,0,2,1,1,1,0.9854,0.9849,0.8867,0.8789,777.0,327.0,573.5,333.0,682.5,399.5,645.5,411.5,203.5884,38.8973,0.1911,1,1,246,1
246,3,0,0,1,1,1,0.9854,0.9902,0.9023,0.9106,484.5,228.75,260.75,226.75,392.0,251.0,335.25,246.0,223.7589,56.9698,0.2546,1,1,247,1
246,3,0,1,1,1,1,0.9839,0.9893,0.8643,0.8853,1105.0,348.0,891.0,350.5,1037.0,381.0,975.5,365.5,214.0146,63.4232,0.2963,1,1,247,1
246,3,0,2,1,1,1,0.9854,0.9849,0.8877,0.8765,777.5,327.5,573.0,333.0,685.0,403.5,645.5,413.5,204.5739,40.7462,0.1992,1,1,247,1
247,3,0,0,1,1,1,0.9858,0.9902,0.9023,0.9106,484.5,229.0,260.75,227.0,392.25,251.0,335.25,246.5,223.7589,57.1774,0.2555,1,1,248,1
247,3,0,1,1,1,1,0.9839,0.9893,0.8652,0.8853,1104.0,348.0,891.0,350.5,1037.0,381.0,975.5,365.5,213.0147,63.4232,0.2977,1,1,248,1
247,3,0,2,1,1,1,0.9854,0.9849,0.8877,0.8765,777.0,327.5,573.0,333.0,685.5,404.0,645.5,413.0,204.0741,41.0,0.2009,1,1,248,1
248,3,0,0,1,1,1,0.9858,0.9902,0.9033,0.9102,485.0,229.5,261.25,227.25,391.25,249.0,335.25,247.5,223.7613,56.0201,0.2504,1,1,249,1
248,3,0,1,1,1,1,0.9834,0.9893,0.8618,0.8862,1105.0,348.5,891.5,351.0,1036.0,379.0,976.0,361.5,213.5146,62.5,0.2927,1,1,249,1
248,3,0,2,1,1,1,0.9854,0.9849,0.8877,0.877,777.0,327.0,573.5,333.0,684.0,402.5,646.0,412.0,203.5884,39.1695,0.1924,1,1,249,1
249,3,0,0,1,1,1,0.9854,0.9902,0.9014,0.9106,484.75,229.25,261.0,227.75,392.0,248.5,335.5,246.0,223.755,56.5553,0.2528,1,1,250,1
249,3,0,1,1,1,1,0.9839,0.9893,0.8628,0.8838,1105.0,349.0,890.5,351.0,1036.0,380.0,976.5,362.5,214.5093,62.0202,0.2891,1,1,250,1
249,3,0,2,1,1,1,0.9858,0.9849,0.8892,0.8755,777.5,327.5,573.5,333.5,684.0,401.0,646.5,408.5,204.0882,38.2426,0.1874,1,1,250,1
250,3,0,0,1,1,1,0.9854,0.9902,0.9019,0.9106,485.0,229.5,261.0,227.75,392.0,248.5,335.5,246.0,224.0068,56.5553,0.2525,1,1,251,1
250,3,0,1,1,1,1,0.9839,0.9893,0.8623,0.8838,1105.0,349.0,890.5,351.0,1036.0,379.5,976.0,362.5,214.5093,62.3618,0.2907,1,1,251,1
250,3,0,2,1,1,1,0.9858,0.9849,0.8896,0.8755,777.5,327.5,573.5,333.5,684.0,400.5,646.5,408.5,204.0882,38.3438,0.1879,1,1,251,1
251,3,0,0,1,1,1,0.9854,0.9902,0.9028,0.9102,485.25,229.5,261.25,227.5,392.0,249.5,335.5,247.0,224.0089,56.5553,0.2525,1,1,252,1
251,3,0,1,1,1,1,0.9839,0.9893,0.8638,0.8838,1106.0,349.0,891.0,351.0,1038.0,382.5,975.0,364.5,215.0093,65.521,0.3047,1,1,252,1
251,3,0,2,1,1,1,0.9858,0.9849,0.8892,0.8755,777.5,328.0,573.5,333.0,684.0,402.0,644.5,413.0,204.0613,41.003,0.2009,1,1,252,1
252,3,0,0,1,1,1,0.9854,0.9902,0.9028,0.9102,485.25,229.5,261.0,227.5,392.0,249.5,335.5,246.5,224.2589,56.5796,0.2523,1,1,253,1
252,3,0,1,1,1,1,0.9839,0.9893,0.8638,0.8838,1106.0,349.0,891.0,351.0,1038.0,382.5,975.0,364.5,215.0093,65.521,0.3047,1,1,253,1
252,3,0,2,1,1,1,0.9858,0.9849,0.8896,0.875,777.5,328.0,573.5,333.0,684.0,402.0,644.5,413.0,204.0613,41.003,0.2009,1,1,253,1
253,3,0,0,1,1,1,0.9858,0.9902,0.9028,0.9097,485.25,229.5,261.25,227.25,392.0,249.0,335.5,246.5,224.0113,56.5553,0.2525,1,1,254,1
253,3,0,1,1,1,1,0.9834,0.9893,0.8608,0.8853,1105.0,348.5,891.0,350.5,1037.0,381.0,975.5,364.0,214.0093,63.8063,0.2981,1,1,254,1
253,3,0,2,1,1,1,0.9854,0.9849,0.8862,0.8784,777.0,327.5,574.0,334.0,686.0,404.5,644.5,413.0,203.104,42.3615,0.2086,1,1,254,1
254,3,0,0,1,1,1,0.9858,0.9902,0.9028,0.9092,485.25,229.5,261.25,227.25,392.0,249.0,335.5,246.0,224.0113,56.5796,0.2526,1,1,255,1
254,3,0,1,1,1,1,0.9834,0.9893,0.8608,0.8853,1106.0,348.5,890.5,350.5,1037.0,381.0,975.5,364.0,215.5093,63.8063,0.2961,1,1,255,1
254,3,0,2,1,1,1,0.9854,0.9849,0.8862,0.8784,777.0,327.5,574.0,334.0,686.0,404.5,644.5,413.0,203.104,42.3615,0.2086,1,1,255,1
255,3,0,0,1,1,1,0.9858,0.9902,0.9038,0.9082,485.0,229.5,261.75,227.0,392.0,248.0,335.0,246.5,223.264,57.0197,0.2554,1,1,256,1
255,3,0,1,1,1,1,0.9834,0.9893,0.8594,0.8857,1106.0,349.0,891.0,351.0,1037.0,381.5,977.5,361.5,215.0093,62.7714,0.2919,1,1,256,1
255,3,0,2,1,1,1,0.9854,0.9849,0.8853,0.8779,778.0,327.5,574.0,333.5,686.0,404.0,645.5,411.5,204.0882,41.1886,0.2018,1,1,256,1
256,3,0,0,1,1,1,0.9858,0.9902,0.9043,0.9097,485.25,229.25,261.5,226.5,391.25,248.0,335.0,247.0,223.7669,56.2589,0.2514,1,1,257,1
256,3,0,1,1,1,1,0.9839,0.9893,0.8618,0.8833,1105.0,349.5,891.0,351.5,1039.0,382.0,976.5,366.5,214.0093,64.3933,0.3009,1,1,257,1
256,3,0,2,1,1,1,0.9854,0.9849,0.8857,0.8784,778.0,328.0,574.0,333.5,686.5,404.0,646.0,411.5,204.0741,41.1886,0.2018,1,1,257,1
257,3,0,0,1,1,1,0.9858,0.9902,0.9043,0.9097,485.25,229.25,261.5,226.5,391.5,248.0,335.0,247.0,223.7669,56.5088,0.2525,1,1,258,1
257,3,0,1,1,1,1,0.9839,0.9893,0.8613,0.8838,1105.0,349.5,891.0,351.5,1039.0,382.0,976.5,366.5,214.0093,64.3933,0.3009,1,1,258,1
257,3,0,2,1,1,1,0.9854,0.9849,0.8857,0.8784,778.0,328.0,574.0,333.5,686.0,404.0,646.0,411.5,204.0741,40.6971,0.1994,1,1,258,1
258,3,0,0,1,1,1,0.9858,0.9902,0.9038,0.9092,485.75,229.0,261.75,227.0,391.0,247.0,335.5,246.0,224.0089,55.509,0.2478,1,1,259,1
258,3,0,1,1,1,1,0.9839,0.9893,0.8618,0.8838,1106.0,349.5,890.5,351.5,1039.0,381.5,977.5,364.5,215.5093,63.8063,0.2961,1,1,259,1
258,3,0,2,1,1,1,0.9854,0.9854,0.8848,0.8789,778.0,327.0,575.0,333.0,685.5,403.5,645.0,413.5,203.0887,41.7163,0.2054,1,1,259,1
259,3,0,0,1,1,1,0.9858,0.9902,0.9038,0.9092,485.75,229.0,261.75,227.0,391.0,247.0,335.5,246.0,224.0089,55.509,0.2478,1,1,260,1
259,3,0,1,1,1,1,0.9839,0.9893,0.8618,0.8843,1106.0,349.5,890.5,351.5,1039.0,382.0,977.5,364.0,215.5093,64.08,0.2973,1,1,260,1
259,3,0,2,1,1,1,0.9854,0.9854,0.8843,0.8789,778.0,327.0,574.5,333.0,685.5,403.5,645.0,413.5,203.5884,41.7163,0.2049,1,1,260,1
260,3,0,0,1,1,1,0.9858,0.9902,0.9043,0.9097,486.25,229.25,262.25,227.0,390.75,246.5,336.0,244.0,224.0113,54.807,0.2447,1,1,261,1
260,3,0,1,1,1,1,0.9839,0.9893,0.8613,0.8848,1106.0,349.0,891.5,350.5,1041.0,387.0,976.0,367.0,214.5052,68.0074,0.317,1,1,261,1
260,3,0,2,1,1,1,0.9854,0.9854,0.8833,0.8784,778.5,327.0,574.5,333.0,684.5,402.5,646.5,412.5,204.0882,39.2938,0.1925,1,1,261,1
261,3,0,0,1,1,1,0.9858,0.9902,0.9043,0.9097,486.25,229.0,262.25,227.0,391.0,246.5,336.0,244.0,224.0089,55.0568,0.2458,1,1,262,1
261,3,0,1,1,1,1,0.9839,0.9893,0.8608,0.8848,1106.0,349.0,891.0,350.5,1041.0,387.0,976.0,367.0,215.0052,68.0074,0.3163,1,1,262,1
261,3,0,2,1,1,1,0.9854,0.9854,0.8833,0.8784,778.5,327.0,574.5,333.0,684.5,402.0,647.0,412.5,204.0882,38.9423,0.1908,1,1,262,1
262,3,0,0,1,1,1,0.9858,0.9897,0.9053,0.9092,486.5,229.75,262.25,227.0,391.75,247.0,335.75,244.5,224.2669,56.0558,0.25,1,1,263,1
262,3,0,1,1,1,1,0.9844,0.9893,0.8638,0.8828,1106.0,349.5,891.0,350.5,1043.0,389.0,976.0,367.5,215.0023,70.3651,0.3273,1,1,263,1
262,3,0,2,1,1,1,0.9854,0.9849,0.8857,0.8789,778.0,327.0,575.0,332.5,685.0,403.0,646.5,414.0,203.0745,40.0406,0.1972,1,1,263,1
263,3,0,0,1,1,1,0.9858,0.9897,0.9043,0.9082,487.0,229.25,262.75,227.0,391.0,246.5,336.0,244.5,224.2613,55.0364,0.2454,1,1,264,1
263,3,0,1,1,1,1,0.9834,0.9893,0.8604,0.8857,1106.0,348.5,891.0,351.0,1042.0,387.5,977.5,363.0,215.0145,68.9964,0.3209,1,1,264,1
263,3,0,2,1,1,1,0.9854,0.9849,0.8857,0.8784,778.5,327.5,575.0,333.5,686.0,402.5,646.0,414.0,203.5884,41.6203,0.2044,1,1,264,1
264,3,0,0,1,1,1,0.9858,0.9897,0.9043,0.9082,487.0,229.0,263.0,227.0,391.0,246.5,335.75,244.0,224.0089,55.3065,0.2469,1,1,265,1
264,3,0,1,1,1,1,0.9834,0.9893,0.8604,0.8857,1106.0,348.5,891.0,351.0,1043.0,388.0,977.5,363.0,215.0145,70.1088,0.3261,1,1,265,1
264,3,0,2,1,1,1,0.9854,0.9849,0.8857,0.8779,778.0,327.5,575.0,333.5,686.0,403.0,646.0,414.5,203.0887,41.6203,0.2049,1,1,265,1
265,3,0,0,1,1,1,0.9858,0.9897,0.9043,0.9062,486.75,229.25,263.0,227.25,391.0,246.0,335.75,243.5,223.7589,55.3065,0.2472,1,1,266,1
265,3,0,1,1,1,1,0.9834,0.9897,0.8594,0.8853,1106.0,348.5,892.0,351.0,1044.0,389.5,977.0,365.0,214.0146,71.339,0.3333,1,1,266,1
265,3,0,2,1,1,1,0.9854,0.9854,0.8853,0.877,778.5,327.0,575.0,333.0,686.0,402.5,647.0,413.0,203.5884,40.3887,0.1984,1,1,266,1
266,3,0,0,1,1,1,0.9858,0.9897,0.9038,0.9062,486.5,229.25,263.25,227.25,391.25,246.0,336.0,243.5,223.259,55.3065,0.2477,1,1,267,1
266,3,0,1,1,1,1,0.9834,0.9893,0.8599,0.8853,1106.0,348.5,892.0,351.0,1044.0,389.5,977.0,365.5,214.0146,71.1688,0.3325,1,1,267,1
266,3,0,2,1,1,1,0.9854,0.9854,0.8853,0.8774,778.5,327.0,575.0,333.0,686.0,402.5,647.0,413.0,203.5884,40.3887,0.1984,1,1,267,1
267,3,0,0,1,1,1,0.9858,0.9897,0.9043,0.9087,485.75,229.25,263.5,227.75,390.75,244.5,336.75,243.5,222.2551,54.0093,0.243,1,1,268,1
267,3,0,1,1,1,1,0.9834,0.9893,0.8604,0.8853,1108.0,348.5,892.0,351.0,1040.0,379.5,980.5,359.0,216.0145,62.9325,0.2913,1,1,268,1
267,3,0,2,1,1,1,0.9849,0.9858,0.8813,0.8809,779.0,327.0,574.5,334.0,689.0,407.0,646.5,413.0,204.6198,42.9214,0.2098,1,1,268,1
268,3,0,0,1,1,1,0.9858,0.9897,0.9043,0.9082,485.75,229.0,263.25,227.5,390.75,244.5,336.5,243.5,222.5051,54.2592,0.2439,1,1,269,1
268,3,0,1,1,1,1,0.9834,0.9893,0.8604,0.8848,1108.0,348.5,892.0,351.0,1040.0,379.0,980.5,358.5,216.0145,62.9325,0.2913,1,1,269,1
268,3,0,2,1,1,1,0.9849,0.9858,0.8809,0.8813,779.0,327.0,574.5,334.0,689.5,407.0,646.5,413.0,204.6198,43.4166,0.2122,1,1,269,1
269,3,0,0,1,1,1,0.9858,0.9902,0.9043,0.9082,486.5,229.5,263.0,228.0,391.25,246.0,336.75,244.5,223.505,54.5206,0.2439,1,1,270,1
269,3,0,1,1,1,1,0.9834,0.9893,0.8618,0.8843,1107.0,348.5,892.0,351.0,1040.0,379.5,978.5,361.5,215.0145,64.08,0.298,1,1,270,1
269,3,0,2,1,1,1,0.9849,0.9858,0.8828,0.8804,778.0,327.0,575.5,333.0,689.5,407.0,646.5,413.5,202.5889,43.4885,0.2147,1,1,270,1
270,3,0,0,1,1,1,0.9858,0.9902,0.9043,0.9087,486.5,229.5,263.0,227.75,391.25,246.0,336.5,244.5,223.5069,54.7705,0.2451,1,1,271,1
270,3,0,1,1,1,1,0.9834,0.9893,0.8618,0.8848,1107.0,348.5,892.0,351.0,1040.0,379.5,978.5,361.5,215.0145,64.08,0.298,1,1,271,1
270,3,0,2,1,1,1,0.9849,0.9858,0.8823,0.8804,778.5,327.0,575.5,333.0,689.5,407.0,646.5,413.5,203.0887,43.4885,0.2141,1,1,271,1
271,3,0,0,1,1,1,0.9858,0.9897,0.9053,0.9087,488.0,229.25,263.5,227.75,392.0,247.0,337.0,245.0,224.505,55.0364,0.2451,1,1,272,1
271,3,0,1,1,1,1,0.9834,0.9893,0.8643,0.8853,1107.0,348.0,893.0,351.0,1037.0,375.0,978.0,363.0,214.021,60.208,0.2813,1,1,272,1
271,3,0,2,1,1,1,0.9849,0.9854,0.8838,0.8804,779.0,327.0,575.0,333.0,689.5,406.5,647.5,413.0,204.0882,42.5,0.2082,1,1,272,1
272,3,0,0,1,1,1,0.9858,0.9897,0.9053,0.9087,487.75,229.25,263.5,227.5,392.0,247.0,337.0,244.5,224.2568,55.0568,0.2455,1,1,273,1
272,3,0,1,1,1,1,0.9834,0.9893,0.8643,0.8853,1107.0,348.0,893.0,351.0,1037.0,374.5,978.0,363.0,214.021,60.1103,0.2809,1,1,273,1
272,3,0,2,1,1,1,0.9849,0.9854,0.8833,0.8804,779.0,327.0,575.0,333.0,690.0,406.5,647.5,413.0,204.0882,42.9942,0.2107,1,1,273,1
273,3,0,0,1,1,1,0.9858,0.9897,0.9048,0.9077,488.25,229.75,263.5,228.0,392.5,247.0,337.75,244.5,224.7568,54.807,0.2439,1,1,274,1
273,3,0,1,1,1,1,0.9839,0.9893,0.8608,0.8828,1107.0,348.0,893.0,351.5,1040.0,382.0,979.0,359.5,214.0286,65.0173,0.3038,1,1,274,1
273,3,0,2,1,1,1,0.9849,0.9854,0.8828,0.8804,778.5,328.0,575.5,333.5,691.5,407.5,646.5,413.0,203.0745,45.3349,0.2232,1,1,274,1
274,3,0,0,1,1,1,0.9858,0.9897,0.9048,0.9082,488.5,229.75,264.0,227.75,393.5,248.5,337.75,244.5,224.5089,55.8933,0.249,1,1,275,1
274,3,0,1,1,1,1,0.9834,0.9893,0.8618,0.8853,1107.0,348.5,892.5,352.0,1037.0,375.5,979.5,359.0,214.5286,59.8206,0.2788,1,1,275,1
274,3,0,2,1,1,1,0.9849,0.9858,0.8804,0.8813,779.0,327.5,575.0,333.5,690.5,407.0,645.5,413.5,204.0882,45.467,0.2228,1,1,275,1
275,3,0,0,1,1,1,0.9858,0.9897,0.9048,0.9082,488.25,229.75,263.75,228.0,393.5,248.0,337.75,244.5,224.5068,55.8598,0.2488,1,1,276,1
275,3,0,1,1,1,1,0.9834,0.9893,0.8613,0.8848,1108.0,348.5,892.5,352.0,1037.0,376.5,979.5,359.0,215.5284,60.1041,0.2789,1,1,276,1
275,3,0,2,1,1,1,0.9849,0.9858,0.8809,0.8809,779.0,327.5,575.0,333.5,690.5,406.5,645.5,413.5,204.0882,45.5412,0.2231,1,1,276,1
276,3,0,0,1,1,1,0.9863,0.9897,0.9053,0.9072,488.25,229.75,263.75,228.0,393.5,248.0,337.75,244.5,224.5068,55.8598,0.2488,1,1,277,1
276,3,0,1,1,1,1,0.9834,0.9893,0.8599,0.8857,1107.0,348.5,893.0,352.0,1039.0,376.5,979.5,359.5,214.0286,61.8809,0.2891,1,1,277,1
276,3,0,2,1,1,1,0.9844,0.9858,0.8799,0.8828,779.0,327.0,575.0,333.5,691.0,406.5,646.5,413.0,204.1035,44.9722,0.2203,1,1,277,1
277,3,0,0,1,1,1,0.9858,0.9902,0.9048,0.9072,488.25,229.75,263.75,228.0,393.5,248.0,337.5,244.5,224.5068,56.1093,0.2499,1,1,278,1
277,3,0,1,1,1,1,0.9829,0.9897,0.8594,0.8862,1108.0,348.5,893.0,352.0,1039.0,376.5,979.5,359.0,215.0285,62.0202,0.2884,1,1,278,1
277,3,0,2,1,1,1,0.9844,0.9858,0.8789,0.8828,779.0,327.0,575.0,333.5,691.0,406.5,646.5,413.5,204.1035,45.0472,0.2207,1,1,278,1
278,3,0,0,1,1,1,0.9858,0.9902,0.9033,0.9072,488.75,229.25,264.75,228.25,394.0,248.5,338.0,243.5,224.0022,56.2228,0.251,1,1,279,1
278,3,0,1,1,1,1,0.9829,0.9893,0.8618,0.8853,1107.0,348.0,894.0,351.0,1039.0,376.5,980.0,358.5,213.0211,61.6847,0.2896,1,1,279,1
278,3,0,2,1,1,1,0.9844,0.9858,0.8804,0.8828,779.5,327.0,575.5,333.5,691.0,407.5,645.5,415.5,204.1035,46.1979,0.2263,1,1,279,1
279,3,0,0,1,1,1,0.9858,0.9902,0.9033,0.9072,488.75,229.5,264.5,228.25,394.0,248.5,338.25,244.0,224.2535,55.9313,0.2494,1,1,280,1
279,3,0,1,1,1,1,0.9829,0.9893,0.8608,0.8853,1107.0,348.0,894.0,351.0,1039.0,377.0,980.0,358.5,213.0211,61.8324,0.2903,1,1,280,1
279,3,0,2,1,1,1,0.9844,0.9858,0.8804,0.8833,779.0,327.0,575.5,334.0,691.0,407.5,645.5,415.0,203.6204,46.114,0.2265,1,1,280,1
280,3,0,0,1,1,1,0.9858,0.9902,0.9033,0.9072,489.0,230.25,265.0,229.25,394.0,249.0,338.5,242.5,224.0022,55.8793,0.2495,1,1,281,1
280,3,0,1,1,1,1,0.9873,0.9868,0.8696,0.8682,1115.0,349.0,887.0,348.0,1034.0,381.5,982.0,349.0,228.0022,61.3209,0.2689,1,1,281,1
280,3,0,2,1,1,1,0.9844,0.9863,0.876,0.8843,779.5,328.0,574.5,334.5,692.0,409.0,645.5,416.5,205.103,47.101,0.2296,1,1,281,1
281,3,0,0,1,1,1,0.9858,0.9902,0.9038,0.9067,488.75,230.25,265.0,229.25,394.5,249.0,338.5,242.5,223.7522,56.376,0.252,1,1,282,1
281,3,0,1,1,1,1,0.9834,0.9897,0.8579,0.8853,1108.0,348.0,893.5,351.5,1039.0,377.0,981.5,355.5,214.5286,61.3881,0.2862,1,1,282,1
281,3,0,2,1,1,1,0.9844,0.9863,0.876,0.8843,779.5,328.0,574.5,334.5,692.0,409.0,645.5,416.5,205.103,47.101,0.2296,1,1,282,1
282,3,0,0,1,1,1,0.9858,0.9902,0.9023,0.9072,489.25,230.0,264.5,229.0,394.5,249.0,338.75,243.5,224.7522,56.0206,0.2493,1,1,283,1
282,3,0,1,1,1,1,0.9834,0.9897,0.8584,0.8853,1109.0,348.0,894.0,351.0,1038.0,376.5,983.0,353.0,215.0209,59.8101,0.2782,1,1,283,1
282,3,0,2,1,1,1,0.9844,0.9858,0.8779,0.8823,780.0,327.5,575.0,335.0,692.0,408.0,647.0,414.0,205.1371,45.3982,0.2213,1,1,283,1
283,3,0,0,1,1,1,0.9858,0.9902,0.9028,0.9072,489.0,230.0,264.5,229.0,394.5,249.0,338.75,243.5,224.5022,56.0206,0.2495,1,1,284,1
283,3,0,1,1,1,1,0.9834,0.9897,0.8579,0.8862,1109.0,348.0,894.0,351.5,1038.0,376.5,983.0,353.0,215.0285,59.8101,0.2781,1,1,284,1
283,3,0,2,1,1,1,0.9844,0.9858,0.8779,0.8828,780.0,327.5,575.0,334.5,692.0,408.0,647.5,413.5,205.1195,44.8386,0.2186,1,1,284,1
284,3,0,0,1,1,1,0.9863,0.9902,0.9038,0.9058,489.25,230.5,264.75,229.5,394.75,249.5,338.5,242.5,224.5022,56.6839,0.2525,1,1,285,1
284,3,0,1,1,1,1,0.9829,0.9897,0.8589,0.8867,1109.0,347.5,894.5,351.0,1037.0,374.5,983.5,351.5,214.5286,58.2344,0.2715,1,1,285,1
284,3,0,2,1,1,1,0.9849,0.9858,0.8784,0.8804,781.0,327.5,574.5,335.0,691.5,407.0,646.5,414.0,206.6362,45.5412,0.2204,1,1,285,1
285,3,0,0,1,1,1,0.9863,0.9858,0.9116,0.8906,493.5,232.5,266.0,228.5,389.25,251.5,337.5,240.5,227.5352,52.9062,0.2325,1,1,286,1
285,3,0,1,1,1,1,0.9829,0.9897,0.8555,0.8867,1109.0,347.5,894.0,351.5,1039.0,376.0,984.5,350.0,215.0372,60.3842,0.2808,1,1,286,1
285,3,0,2,1,1,1,0.9849,0.9858,0.8804,0.8823,780.0,328.0,575.0,334.0,691.5,405.0,646.0,413.5,205.0878,46.2871,0.2257,1,1,286,1
286,3,0,0,1,1,1,0.9863,0.9858,0.9121,0.8906,493.75,232.5,266.0,228.5,389.25,251.5,337.5,240.5,227.7851,52.9062,0.2323,1,1,287,1
286,3,0,1,1,1,1,0.9834,0.9888,0.855,0.8838,1111.0,344.5,888.5,346.5,1036.0,380.0,987.0,347.0,222.509,59.0762,0.2655,1,1,287,1
286,3,0,2,1,1,1,0.9844,0.9858,0.8804,0.8828,780.0,328.0,575.0,334.0,691.0,405.0,646.0,413.5,205.0878,45.7957,0.2233,1,1,287,1
287,3,0,0,1,1,1,0.9858,0.9902,0.9038,0.9062,489.75,230.5,265.25,229.25,394.5,248.5,339.5,243.0,224.5035,55.2743,0.2462,1,1,288,1
287,3,0,1,1,1,1,0.9829,0.9897,0.8535,0.8857,1109.0,348.0,893.5,351.0,1038.0,375.5,985.0,349.5,215.5209,59.0339,0.2739,1,1,288,1
287,3,0,2,1,1,1,0.9849,0.9858,0.8813,0.8818,780.0,327.5,575.5,334.0,689.0,403.5,648.0,411.5,204.6033,41.7732,0.2042,1,1,288,1
288,3,0,0,1,1,1,0.9863,0.9858,0.9121,0.8916,493.75,232.5,266.25,228.75,389.0,251.0,337.75,241.5,227.5309,52.1231,0.2291,1,1,289,1
288,3,0,1,1,1,1,0.9829,0.9897,0.8535,0.8862,1109.0,348.0,893.5,351.0,1039.0,375.5,985.0,349.5,215.5209,59.9333,0.2781,1,1,289,1
288,3,0,2,1,1,1,0.9849,0.9858,0.8813,0.8818,780.0,327.5,575.0,334.0,689.5,403.5,648.0,411.5,205.103,42.2641,0.2061,1,1,289,1
289,3,0,0,1,1,1,0.9863,0.9902,0.9038,0.9048,490.5,230.5,265.25,229.0,394.75,249.5,339.5,243.0,225.255,55.631,0.247,1,1,290,1
289,3,0,1,1,1,1,0.9834,0.9893,0.8506,0.8828,1112.0,345.0,888.0,346.0,1039.0,385.5,987.5,347.0,224.0022,64.3001,0.2871,1,1,290,1
289,3,0,2,1,1,1,0.9849,0.9858,0.8799,0.8818,781.0,327.0,575.0,334.0,690.5,403.5,647.0,411.0,206.1189,44.1418,0.2142,1,1,290,1
290,3,0,0,1,1,1,0.9863,0.9902,0.9043,0.9048,490.75,230.5,265.5,228.75,394.75,249.5,339.5,243.5,225.2568,55.5748,0.2467,1,1,291,1
290,3,0,1,1,1,1,0.9829,0.9897,0.853,0.8853,1110.0,348.0,894.0,351.0,1041.0,381.0,985.0,350.0,216.0208,64.0078,0.2963,1,1,291,1
290,3,0,2,1,1,1,0.9849,0.9858,0.8804,0.8813,781.0,327.5,575.0,334.0,690.0,403.5,647.0,411.0,206.1025,43.6492,0.2118,1,1,291,1
291,3,0,0,1,1,1,0.9863,0.9902,0.9033,0.9058,490.5,230.75,265.25,229.0,394.75,249.5,340.0,242.5,225.2568,55.1957,0.245,1,1,292,1
291,3,0,1,1,1,1,0.9873,0.9873,0.8638,0.8667,1116.0,349.0,886.5,347.5,1036.0,383.0,984.5,346.5,229.5049,63.1229,0.275,1,1,292,1
291,3,0,2,1,1,1,0.9849,0.9858,0.8804,0.8813,781.0,327.5,576.0,334.0,690.0,403.0,647.5,410.5,205.103,43.1567,0.2104,1,1,292,1
292,3,0,0,1,1,1,0.9863,0.9863,0.9106,0.8931,494.0,232.0,266.5,228.5,390.0,252.5,337.75,242.0,227.5269,53.2946,0.2342,1,1,293,1
292,3,0,1,1,1,1,0.9829,0.9897,0.8564,0.8862,1109.0,347.5,894.0,350.5,1038.0,375.5,983.5,354.0,215.0209,58.5875,0.2725,1,1,293,1
292,3,0,2,1,1,1,0.9849,0.9858,0.8804,0.8818,781.0,327.0,576.0,334.0,691.0,403.0,647.5,411.0,205.1195,44.2295,0.2156,1,1,293,1
293,3,0,0,1,1,1,0.9863,0.9863,0.9106,0.8931,494.25,232.0,266.75,228.75,390.25,252.5,337.5,242.0,227.5232,53.7849,0.2364,1,1,294,1
293,3,0,1,1,1,1,0.9829,0.9897,0.8564,0.8862,1109.0,347.5,894.0,350.5,1038.0,375.5,983.5,354.5,215.0209,58.4059,0.2716,1,1,294,1
293,3,0,2,1,1,1,0.9849,0.9858,0.8799,0.8818,781.0,327.5,575.5,334.0,691.0,403.0,647.5,411.0,205.6028,44.2295,0.2151,1,1,294,1
294,3,0,0,1,1,1,0.9863,0.9863,0.9111,0.895,494.25,232.5,266.75,229.25,390.5,253.0,338.0,242.0,227.5232,53.64,0.2358,1,1,295,1
294,3,0,1,1,1,1,0.9829,0.9897,0.8574,0.8862,1109.0,347.5,895.0,350.0,1039.0,376.5,982.5,355.5,214.0146,60.2764,0.2816,1,1,295,1
294,3,0,2,1,1,1,0.9849,0.9858,0.8813,0.8823,781.0,327.0,575.5,334.0,691.5,403.5,648.0,409.0,205.6192,43.8463,0.2132,1,1,295,1
295,3,0,0,1,1,1,0.9863,0.9863,0.9111,0.8945,494.5,233.0,266.75,229.5,390.5,253.0,338.0,242.0,227.7769,53.64,0.2355,1,1,296,1
295,3,0,1,1,1,1,0.9829,0.9897,0.8584,0.8862,1109.0,347.5,895.0,350.0,1039.0,375.0,982.5,355.5,214.0146,59.7704,0.2793,1,1,296,1
295,3,0,2,1,1,1,0.9849,0.9858,0.8813,0.8818,781.0,327.0,575.5,334.0,691.5,403.5,648.0,409.0,205.6192,43.8463,0.2132,1,1,296,1
296,3,0,0,1,1,1,0.9858,0.9863,0.9097,0.895,493.75,232.5,266.75,229.5,391.25,253.5,338.0,241.5,227.0198,54.5854,0.2404,1,1,297,1
296,3,0,1,1,1,1,0.9829,0.9897,0.8594,0.8872,1109.0,347.5,894.5,350.5,1039.0,377.0,983.0,355.0,214.521,60.1664,0.2805,1,1,297,1
296,3,0,2,1,1,1,0.9849,0.9858,0.8813,0.8828,781.0,327.5,576.0,334.0,692.5,404.5,645.5,412.5,205.103,47.676,0.2324,1,1,297,1
297,3,0,0,1,1,1,0.9858,0.9863,0.9092,0.8955,494.0,232.5,266.5,229.5,391.25,253.5,337.75,241.5,227.5198,54.8293,0.241,1,1,298,1
297,3,0,1,1,1,1,0.9829,0.9897,0.8599,0.8872,1109.0,347.5,894.5,350.5,1039.0,377.0,983.0,354.5,214.521,60.3511,0.2813,1,1,298,1
297,3,0,2,1,1,1,0.9849,0.9858,0.8818,0.8823,781.0,327.5,575.5,334.0,693.0,405.0,645.5,412.5,205.6028,48.0885,0.2339,1,1,298,1
298,3,0,0,1,1,1,0.9858,0.9863,0.9097,0.8965,493.75,233.0,266.5,230.0,390.75,252.0,338.25,241.5,227.2698,53.5397,0.2356,1,1,299,1
298,3,0,1,1,1,1,0.9829,0.9897,0.8579,0.8872,1108.0,347.0,894.5,349.5,1040.0,377.5,982.5,355.0,213.5146,61.7454,0.2892,1,1,299,1
298,3,0,2,1,1,1,0.9849,0.9858,0.8804,0.8818,781.5,328.5,575.0,334.5,693.0,405.5,647.0,412.0,206.5871,46.457,0.2249,1,1,299,1
299,3,0,0,1,1,1,0.9858,0.9863,0.9102,0.8955,494.0,233.0,267.0,229.5,390.0,251.5,338.5,242.0,227.027,52.3689,0.2307,1,1,300,1
299,3,0,1,1,1,1,0.9829,0.9897,0.856,0.8896,1108.0,347.0,894.5,350.0,1039.0,375.0,983.0,353.5,213.5211,59.9854,0.2809,1,1,300,1
299,3,0,2,1,1,1,0.9849,0.9858,0.8809,0.8823,781.5,328.0,576.0,334.5,692.5,405.0,646.5,410.5,205.6028,46.3276,0.2253,1,1,300,1
