frame,raw_num_people,anomaly,track_id,conf_ok,boundary_ok,overlap_ok,conf_ls,conf_rs,conf_lw,conf_rw,ls_x,ls_y,rs_x,rs_y,lw_x,lw_y,rw_x,rw_y,shoulder_dist,wrist_dist,ratio,frontal,hands_now,consecutive_frames,confirmed
0,1,0,0,0,1,1,0.8809,0.9853,0.3593,0.8457,562.7785,343.5836,541.0358,351.9998,589.2655,516.7486,545.2366,531.3516,23.3148,46.3874,1.9896,0,0,0,0
1,1,0,0,0,1,1,0.8801,0.9852,0.3596,0.8459,563.238,343.5706,540.8398,352.0023,589.1952,516.3624,545.1246,531.3362,23.9327,46.5449,1.9448,0,0,0,0
2,1,0,0,0,1,1,0.88,0.9849,0.362,0.8454,565.4235,343.4607,539.4386,350.7081,588.9282,516.1061,547.1577,529.3502,26.9767,43.8199,1.6244,0,0,0,0
3,1,0,0,0,1,1,0.8808,0.9849,0.3654,0.8462,565.2646,343.5151,539.4604,350.7454,589.471,516.1142,547.2416,529.5234,26.7981,44.3072,1.6534,0,0,0,0
4,2,1,0,0,1,1,0.8722,0.9836,0.346,0.8351,563.81,344.1892,539.4698,351.2052,591.4066,515.373,551.0274,528.1903,25.3311,42.3647,1.6724,0,0,0,0
4,2,1,1,0,0,1,0.0143,0.047,0.0329,0.0861,1266.58,625.9016,1267.4717,631.6391,1246.6664,720.0,1248.2545,720.0,5.8064,1.5881,0.2735,0,0,0,0
5,2,1,0,0,1,1,0.8711,0.9835,0.3437,0.8342,563.5694,344.0514,539.4104,350.9929,590.8377,515.429,550.3662,527.7973,25.1364,42.3193,1.6836,0,0,0,0
5,2,1,1,0,0,1,0.0142,0.0485,0.0324,0.0873,1266.2091,630.2622,1267.2043,635.931,1246.1871,720.0,1247.8193,720.0,5.7554,1.6322,0.2836,0,0,0,0
6,2,1,0,0,1,1,0.8859,0.985,0.3764,0.8476,563.4862,343.0252,538.7559,349.7544,590.5506,517.4336,554.1784,531.6168,25.6295,39.0398,1.5232,0,0,0,0
6,2,1,1,0,0,1,0.014,0.0561,0.0307,0.0956,1263.1426,630.9677,1265.2191,636.6034,1246.0436,719.9322,1247.9528,718.6298,6.0061,2.3111,0.3848,0,0,0,0
7,2,1,0,0,1,1,0.8858,0.985,0.3764,0.8476,563.413,343.084,538.7223,349.7085,590.5152,517.0898,553.9185,531.3609,25.564,39.2808,1.5366,0,0,0,0
7,2,1,1,0,0,1,0.0148,0.0568,0.0314,0.0941,1263.2065,629.1483,1265.5112,634.8312,1246.2737,719.6116,1247.9106,718.6513,6.1325,1.8979,0.3095,0,0,0,0
8,2,1,0,0,1,1,0.885,0.9845,0.3672,0.8406,560.065,343.3353,539.6443,350.0362,592.5991,517.273,561.645,529.8526,21.4921,33.4127,1.5546,0,0,0,0
8,2,1,1,0,0,1,0.0124,0.0481,0.0312,0.0945,1262.3285,648.6414,1263.9307,653.2705,1246.6313,719.3706,1251.0865,716.6818,4.8985,5.2037,1.0623,0,0,0,0
9,2,1,0,0,1,1,0.8863,0.9848,0.3721,0.8436,560.6394,343.265,539.5832,349.8962,592.9009,516.98,561.4959,529.6926,22.0757,33.8804,1.5347,0,0,0,0
9,2,1,1,0,0,1,0.0125,0.0488,0.0309,0.0941,1262.4514,646.3464,1264.181,651.108,1246.9486,719.2682,1251.1543,716.6664,5.0661,4.9454,0.9762,0,0,0,0
10,2,1,0,0,1,1,0.8841,0.9847,0.3764,0.8482,560.9376,343.4061,539.0746,350.1257,593.2563,517.7981,567.1111,528.9016,22.8724,28.4053,1.2419,0,0,0,0
10,2,1,1,0,0,1,0.0153,0.0517,0.032,0.0865,1264.0939,620.8705,1266.3701,626.8,1245.994,715.6381,1249.7267,715.4647,6.3513,3.7367,0.5883,0,0,0,0
11,2,1,0,0,1,1,0.884,0.9846,0.3767,0.848,560.9173,343.4554,539.0916,350.1174,593.1842,518.0053,567.1004,529.0098,22.8198,28.3101,1.2406,0,0,0,0
11,2,1,1,0,0,1,0.0155,0.0525,0.0324,0.0873,1264.0538,621.898,1266.1284,627.8502,1245.8699,715.5153,1249.6416,715.4356,6.3033,3.7726,0.5985,0,0,0,0
12,2,1,0,0,1,1,0.8934,0.9861,0.3977,0.8595,561.6521,343.5427,538.947,350.1334,594.3579,514.6686,568.075,528.2642,23.6423,29.591,1.2516,0,0,0,0
12,2,1,1,0,0,1,0.0149,0.0451,0.0335,0.0806,1257.9431,655.5514,1261.4457,660.0926,1242.1426,719.911,1250.9385,716.2236,5.7351,9.5375,1.663,0,0,0,0
13,2,1,0,1,1,1,0.895,0.9864,0.4021,0.8611,560.5792,343.341,539.2734,350.7946,593.1888,514.9922,569.3809,529.2074,22.5719,27.7288,1.2285,0,0,0,0
13,2,1,1,0,0,1,0.0168,0.047,0.0342,0.0776,1263.7186,607.662,1266.6754,614.2434,1244.8937,714.0326,1250.8585,713.345,7.2151,6.0043,0.8322,0,0,0,0
14,2,1,0,1,1,1,0.8948,0.9863,0.4012,0.8605,560.4525,343.3388,539.3178,350.7676,593.0992,514.9794,569.3704,529.204,22.4023,27.6658,1.235,0,0,0,0
14,2,1,1,0,0,1,0.0168,0.0474,0.0342,0.0779,1263.3436,610.3232,1266.331,616.909,1245.0396,714.347,1251.3368,713.4237,7.2317,6.3646,0.8801,0,0,0,0
15,2,1,0,1,1,1,0.892,0.9858,0.4005,0.8576,561.7036,343.7372,539.7374,351.538,593.7058,516.9547,564.8394,531.4859,23.3103,32.3176,1.3864,0,0,0,0
15,2,1,1,0,0,1,0.0159,0.0442,0.0392,0.0861,1266.0844,603.7162,1265.3688,608.6858,1242.4216,708.4094,1251.4554,716.07,5.0209,11.8446,2.3591,0,0,0,0
16,2,1,0,1,1,1,0.8918,0.9858,0.4002,0.8575,561.599,343.7675,539.7517,351.5733,593.679,516.931,564.7908,531.5357,23.1999,32.3701,1.3953,0,0,0,0
16,2,1,1,0,0,1,0.0155,0.0441,0.0388,0.0865,1265.7275,606.7613,1264.7695,611.7661,1242.2614,708.638,1251.1324,716.576,5.0957,11.904,2.3361,0,0,0,0
17,2,1,0,1,1,1,0.8986,0.9872,0.4051,0.8626,562.2474,344.1555,541.1292,352.2846,594.6326,517.403,564.5726,532.7232,22.6288,33.7389,1.491,0,0,0,0
17,2,1,1,0,0,1,0.0155,0.0427,0.0356,0.0797,1266.2076,617.9641,1264.5831,623.7069,1244.9043,704.4349,1254.5668,712.3048,5.9681,12.4619,2.0881,0,0,0,0
18,2,1,0,1,1,1,0.8986,0.9872,0.4046,0.8623,562.172,344.1018,541.1952,352.2862,594.6371,517.3836,564.5584,532.7294,22.5169,33.7672,1.4996,0,0,0,0
18,2,1,1,0,0,1,0.0155,0.0433,0.0356,0.0805,1266.0775,617.3888,1264.353,623.1625,1244.8263,704.6609,1254.8213,712.4168,6.0257,12.6513,2.0995,0,0,0,0
19,1,0,0,1,1,1,0.8988,0.9872,0.402,0.861,563.6914,345.0894,542.0996,352.7341,593.0735,521.3112,559.9526,535.2061,22.9053,35.9175,1.5681,0,0,0,0
20,1,0,0,1,1,1,0.899,0.9872,0.4028,0.8611,563.7224,345.1231,542.0926,352.7504,593.185,521.2899,559.9878,535.1947,22.9352,35.9916,1.5693,0,0,0,0
21,2,1,0,0,1,1,0.8862,0.9857,0.3813,0.8533,564.3246,346.1731,543.7041,353.4683,589.9092,527.5314,557.5296,537.6828,21.873,33.9336,1.5514,0,0,0,0
21,2,1,2,0,0,1,0.0132,0.0363,0.0311,0.0699,1259.3251,659.4422,1263.551,664.782,1244.0723,719.911,1252.7705,716.7676,6.8096,9.2488,1.3582,0,0,0,0
22,1,0,0,0,1,1,0.8897,0.9859,0.3936,0.8562,566.164,346.3988,545.4008,353.4022,589.4776,526.2815,559.442,535.859,21.9126,31.5257,1.4387,0,0,0,0
23,1,0,0,0,1,1,0.89,0.9859,0.3944,0.8566,566.1336,346.382,545.438,353.3998,589.412,526.1824,559.4011,535.8216,21.853,31.5208,1.4424,0,0,0,0
24,1,0,0,0,1,1,0.8851,0.986,0.369,0.8525,568.1022,346.7331,547.5268,353.3039,591.948,526.0482,564.23,534.6606,21.5992,29.0251,1.3438,0,0,0,0
25,1,0,0,0,1,1,0.8851,0.986,0.3689,0.8524,567.9774,346.717,547.5766,353.313,591.8142,526.0343,564.2882,534.6282,21.4406,28.8363,1.3449,0,0,0,0
26,1,0,0,0,1,1,0.8883,0.9866,0.375,0.8556,564.9024,345.6235,551.414,352.0579,589.6958,521.4874,569.5824,531.6606,14.9445,22.5398,1.5082,0,0,0,0
27,1,0,0,0,1,1,0.8881,0.9866,0.3741,0.8553,564.8366,345.5545,551.4784,351.9993,589.5126,521.4488,569.604,531.5944,14.8316,22.3447,1.5066,0,0,0,0
28,1,0,0,0,1,1,0.8938,0.9874,0.3634,0.8508,561.635,345.0952,553.9522,352.1715,587.6103,520.0538,575.1092,529.4507,10.4451,15.639,1.4973,0,0,0,0
29,1,0,0,0,1,1,0.8945,0.9877,0.3542,0.8471,561.6701,344.0936,555.2528,351.7494,586.5518,521.7964,577.1514,532.1074,9.9897,13.953,1.3967,0,0,0,0
30,1,0,0,0,1,1,0.8947,0.9877,0.354,0.8472,561.4296,344.0999,555.2843,351.7688,586.6296,521.777,577.2272,532.11,9.8274,13.9706,1.4216,0,0,0,0
31,1,0,0,0,1,1,0.9051,0.9893,0.387,0.866,565.066,345.7288,554.6,353.548,587.6768,522.8465,576.976,532.882,13.0644,14.6703,1.1229,0,0,0,0
32,1,0,0,0,1,1,0.9051,0.9893,0.3871,0.866,565.0882,345.7288,554.5876,353.5441,587.7047,522.838,576.9704,532.9124,13.0896,14.7213,1.1247,0,0,0,0
33,1,0,0,0,1,1,0.9021,0.9896,0.3732,0.8665,564.9422,345.8588,558.4749,354.1135,583.3104,520.6402,573.16,533.9178,10.4865,16.7129,1.5938,0,0,0,0
34,1,0,0,0,1,1,0.9019,0.9896,0.3718,0.8658,564.809,345.824,558.5324,354.0957,583.0919,520.6056,573.202,533.8852,10.3834,16.5578,1.5946,0,0,0,0
35,1,0,0,1,1,1,0.924,0.9875,0.4936,0.866,570.3835,343.6156,563.9941,355.3694,576.8928,518.6692,568.3888,533.4028,13.3782,17.0116,1.2716,0,0,0,0
36,1,0,0,1,1,1,0.924,0.9875,0.4934,0.866,570.3338,343.5744,564.0166,355.3306,576.7894,518.6914,568.3947,533.3752,13.3461,16.9141,1.2673,0,0,0,0
37,1,0,0,1,1,1,0.9244,0.9875,0.5364,0.8831,579.1326,345.4049,567.4536,355.1871,589.0407,525.5916,576.6167,536.7204,15.2345,16.6796,1.0949,0,0,0,0
38,1,0,0,1,1,1,0.927,0.9882,0.5141,0.8762,574.6266,346.3904,577.1846,355.5857,590.6784,524.6686,592.7518,533.1374,9.5445,8.719,0.9135,0,0,0,0
39,1,0,0,1,1,1,0.9267,0.9881,0.5137,0.876,574.7279,346.3914,577.1492,355.5841,590.5649,524.5278,592.594,532.98,9.5063,8.6923,0.9144,0,0,0,0
40,1,0,0,1,1,1,0.9343,0.9895,0.6026,0.9121,581.5764,346.4192,583.2506,353.9528,604.4266,525.189,612.2744,527.7978,7.7174,8.27,1.0716,0,0,0,0
41,1,0,0,1,1,1,0.9343,0.9895,0.6021,0.912,581.533,346.3828,583.2845,353.9818,604.3948,525.219,612.3662,527.853,7.7982,8.3953,1.0766,0,0,0,0
42,1,0,0,1,1,1,0.9242,0.988,0.6538,0.9255,586.9461,344.4422,584.5811,350.1585,613.6608,520.9301,635.5106,519.0026,6.1863,21.9346,3.5457,0,0,0,0
43,1,0,0,1,1,1,0.9243,0.9881,0.6539,0.9256,586.9634,344.412,584.6114,350.1852,613.5658,520.8363,635.5444,518.9752,6.2339,22.0573,3.5383,0,0,0,0
44,1,0,0,1,1,1,0.9287,0.9898,0.5643,0.9134,591.6769,345.1966,595.6494,348.9272,613.5717,512.1138,650.7815,511.2282,5.4496,37.2203,6.8299,0,0,0,0
45,1,0,0,1,1,1,0.9314,0.9906,0.6552,0.9332,591.2995,343.1765,594.1338,350.5804,612.7646,508.587,650.4627,510.3726,7.9279,37.7404,4.7604,0,0,0,0
46,1,0,0,1,1,1,0.9584,0.9925,0.6852,0.9362,595.1394,346.037,607.9873,349.8119,566.4599,527.8134,670.2056,512.8686,13.3909,104.8166,7.8274,0,0,0,0
47,1,0,0,1,1,1,0.9585,0.9925,0.6855,0.9362,595.0568,346.0206,608.0124,349.7971,566.4032,527.8518,670.1916,512.9182,13.4948,104.8572,7.7702,0,0,0,0
48,1,0,0,1,1,1,0.953,0.9918,0.6509,0.9281,603.761,349.5606,618.2566,349.7186,591.7332,525.8264,676.003,512.0452,14.4965,85.3892,5.8903,0,0,0,0
49,1,0,0,1,1,1,0.9425,0.9909,0.602,0.9166,616.0278,350.0967,627.335,351.0782,638.4208,518.812,677.335,513.2608,11.3497,39.3082,3.4634,0,0,0,0
50,1,0,0,1,1,1,0.9427,0.9909,0.6023,0.9167,616.0926,350.1145,627.3549,351.1078,638.4573,518.8375,677.4356,513.3148,11.3061,39.3676,3.482,0,0,0,0
51,2,1,0,1,1,1,0.9461,0.9922,0.6014,0.9229,631.179,348.9566,639.8938,355.5338,660.0403,517.1166,679.302,518.5108,10.9183,19.3121,1.7688,0,0,0,0
51,2,1,3,0,0,1,0.0123,0.0323,0.03,0.0639,1259.0476,654.7342,1261.5127,661.3148,1242.8386,714.1948,1252.4894,711.6092,7.0272,9.9911,1.4218,0,0,0,0
52,2,1,0,1,1,1,0.9461,0.9922,0.6015,0.923,631.2369,348.9804,639.8819,355.5278,660.1228,517.1218,679.3188,518.5384,10.8446,19.2482,1.7749,0,0,0,0
52,2,1,3,0,0,1,0.0124,0.0324,0.0303,0.0642,1259.0004,654.8636,1261.428,661.4304,1242.7655,714.135,1252.4216,711.533,7.0012,10.0006,1.4284,0,0,0,0
53,1,0,0,1,1,1,0.9378,0.9915,0.6753,0.9421,642.6502,348.7182,643.4563,351.6524,673.769,516.7154,678.5172,521.2222,3.0429,6.5465,2.1514,0,0,0,0
54,1,0,0,1,1,1,0.9378,0.9915,0.6752,0.9422,642.654,348.7141,643.5012,351.6656,673.7056,516.7423,678.5264,521.2102,3.0707,6.5729,2.1405,0,0,0,0
55,1,0,0,1,1,1,0.9337,0.991,0.6274,0.9304,660.5302,349.0454,653.3678,349.5952,677.2055,517.594,673.897,519.1483,7.1834,3.6554,0.5089,0,0,0,0
56,1,0,0,1,1,1,0.9337,0.991,0.6273,0.9304,660.524,349.0365,653.3784,349.5974,677.194,517.597,673.8984,519.1514,7.1676,3.6438,0.5084,0,0,0,0
57,1,0,0,1,1,1,0.9106,0.9888,0.5477,0.9138,671.0229,346.7194,663.852,347.2568,678.4933,512.0078,673.2027,516.245,7.1911,6.7782,0.9426,0,0,0,0
58,1,0,0,1,1,1,0.9129,0.9897,0.4906,0.9035,676.2561,347.8923,672.4534,347.4347,687.4506,505.7976,670.755,519.6023,3.8302,21.6636,5.6561,0,0,0,0
59,1,0,0,1,1,1,0.9127,0.9897,0.4902,0.9035,676.3858,347.9085,672.4456,347.4036,687.4912,505.8436,670.7348,519.6462,3.9724,21.7092,5.465,0,0,0,0
60,3,1,0,1,1,1,0.9168,0.9871,0.4801,0.8732,693.2403,347.2302,680.794,347.7387,702.2818,509.3604,666.9852,525.4414,12.4567,38.7872,3.1138,0,0,0,0
60,3,1,4,0,0,0,0.0405,0.0798,0.0447,0.0759,1258.785,654.9132,1256.6969,659.4604,1240.4067,709.2414,1253.5905,710.5683,5.0037,13.2503,2.6481,0,0,0,0
60,3,1,5,0,0,0,0.0939,0.1217,0.0611,0.0527,1251.3268,611.074,1258.578,609.7176,1221.7567,709.9474,1235.4684,702.4404,7.377,15.6322,2.119,0,0,0,0
61,3,1,0,1,1,1,0.9168,0.9871,0.4802,0.8734,693.0926,347.1878,680.858,347.7506,702.2479,509.2704,666.9648,525.4485,12.2476,38.8153,3.1692,0,0,0,0
61,3,1,4,0,0,0,0.0403,0.0796,0.0445,0.0759,1258.7994,654.8772,1256.6847,659.4125,1240.5059,709.224,1253.6448,710.5126,5.0041,13.202,2.6382,0,0,0,0
61,3,1,5,0,0,0,0.0938,0.1216,0.0611,0.0527,1251.3235,611.007,1258.5604,609.6546,1221.8114,709.9004,1235.501,702.3794,7.3622,15.6196,2.1216,0,0,0,0
62,1,0,0,1,1,1,0.9431,0.9925,0.5215,0.9013,699.4694,349.5029,692.39,347.2467,718.5894,511.8348,669.3977,525.5345,7.4302,51.0637,6.8724,0,0,0,0
63,1,0,0,1,1,1,0.943,0.9925,0.5205,0.9009,699.3538,349.5045,692.446,347.2507,718.474,511.7844,669.3491,525.4358,7.2661,50.9863,7.017,0,0,0,0
64,2,1,0,1,1,1,0.9728,0.9967,0.7264,0.9555,708.4372,351.1578,697.4743,350.8843,759.0432,482.8263,671.4868,531.3574,10.9663,100.107,9.1286,0,0,0,0
64,2,1,6,0,0,1,0.0908,0.1158,0.0611,0.0529,1249.6884,610.1681,1256.2096,608.7443,1226.2908,706.3346,1238.3428,699.5942,6.6749,13.8088,2.0688,0,0,0,0
65,2,1,0,1,1,1,0.9492,0.9966,0.7464,0.9745,725.1194,362.4415,707.8484,355.545,777.634,483.9278,677.1188,527.5792,18.597,109.5845,5.8926,0,0,0,0
65,2,1,6,0,0,1,0.0795,0.0987,0.0525,0.044,1251.1992,623.2039,1259.6307,622.2631,1222.5266,712.1891,1236.43,705.0293,8.4838,15.6387,1.8433,0,0,0,0
66,2,1,0,1,1,1,0.9494,0.9966,0.7468,0.9745,725.1172,362.4404,707.8538,355.5442,777.8478,484.0127,677.1309,527.5615,18.5898,109.7287,5.9026,0,0,0,0
66,2,1,6,0,0,1,0.0805,0.0995,0.0525,0.0438,1251.0751,623.3953,1259.4827,622.4196,1222.2687,712.3809,1236.2617,705.286,8.464,15.6889,1.8536,0,0,0,0
67,2,1,0,1,1,1,0.9661,0.9977,0.7827,0.9787,737.0454,359.8781,712.9434,353.8831,797.9746,481.4586,691.4955,529.2011,24.8364,116.6925,4.6984,0,0,0,0
67,2,1,6,0,0,1,0.0508,0.0586,0.0471,0.033,1246.9681,626.5781,1250.849,625.6491,1221.869,708.7766,1229.0089,704.7438,3.9905,8.2001,2.0549,0,0,0,0
68,2,1,0,1,1,1,0.9661,0.9977,0.7826,0.9787,737.0869,359.9125,712.9244,353.9177,797.9838,481.4666,691.5136,529.206,24.8951,116.6831,4.687,0,0,0,0
68,2,1,6,0,0,1,0.0506,0.0587,0.047,0.0331,1247.0177,626.6898,1250.8477,625.8202,1221.955,708.8616,1229.144,704.8366,3.9274,8.2391,2.0978,0,0,0,0
69,2,1,0,1,1,1,0.9632,0.9973,0.7766,0.9752,752.1018,361.9846,725.9788,357.4712,807.2866,483.3852,706.8544,528.4088,26.51,110.0625,4.1517,0,0,0,0
69,2,1,6,0,0,1,0.091,0.1129,0.0709,0.0614,1251.1748,609.474,1257.683,608.0978,1226.3668,705.4592,1236.4329,698.8777,6.6521,12.0267,1.808,0,0,0,0
70,2,1,0,1,1,1,0.9631,0.9973,0.7764,0.9752,752.075,361.9736,725.971,357.4321,807.2656,483.4088,706.761,528.307,26.4962,110.0774,4.1545,0,0,0,0
70,2,1,6,0,0,1,0.0907,0.1125,0.0709,0.0613,1251.1213,609.3398,1257.6453,607.9153,1226.4445,705.4934,1236.4967,698.8958,6.6776,12.0239,1.8006,0,0,0,0
71,3,1,0,1,1,1,0.9684,0.9971,0.7604,0.9668,758.233,362.5185,737.3102,360.4877,811.995,488.28,721.2062,546.3326,21.0211,107.7622,5.1264,0,0,0,0
71,3,1,6,0,0,0,0.0823,0.1082,0.0639,0.0587,1248.801,612.8067,1255.286,611.2194,1225.3124,707.6752,1235.564,701.2236,6.6764,12.1127,1.8143,0,0,0,0
71,3,1,7,0,0,0,0.0424,0.0892,0.0494,0.089,1261.3789,656.7176,1259.2542,660.9312,1242.4716,707.5832,1254.941,710.3442,4.719,12.7715,2.7064,0,0,0,0
72,3,1,0,1,1,1,0.9684,0.9971,0.7605,0.9668,758.2339,362.5248,737.3084,360.449,812.0281,488.2665,721.2123,546.3386,21.0281,107.7955,5.1263,0,0,0,0
72,3,1,6,0,0,0,0.083,0.11,0.0645,0.06,1248.8566,612.144,1255.2472,610.6054,1225.4132,707.4433,1235.6172,700.9712,6.5732,12.0834,1.8383,0,0,0,0
72,3,1,7,0,0,0,0.0423,0.0894,0.0495,0.0896,1261.5377,655.6582,1259.3481,659.8524,1242.439,707.3903,1254.8691,710.0575,4.7312,12.7131,2.6871,0,0,0,0
73,3,1,0,1,1,1,0.9669,0.9972,0.7799,0.972,769.292,360.7714,747.2682,357.721,813.8454,495.59,742.5916,549.05,22.2341,89.0789,4.0064,0,0,0,0
73,3,1,6,0,0,0,0.0873,0.1055,0.06,0.0486,1248.3297,619.4714,1256.8596,617.8662,1222.423,711.3853,1233.621,704.8421,8.6796,12.9695,1.4942,0,0,0,0
73,3,1,7,0,0,0,0.0448,0.0843,0.049,0.0792,1259.4098,666.8611,1257.1248,670.896,1238.8588,710.9684,1253.6765,713.4743,4.6371,15.0282,3.2409,0,0,0,0
74,3,1,0,1,1,1,0.9609,0.9963,0.6787,0.9554,782.0586,357.0394,759.2898,358.7623,811.8346,502.3722,750.8008,538.3135,22.8339,70.8301,3.102,0,0,0,0
74,3,1,7,0,0,0,0.034,0.0757,0.0444,0.0839,1259.769,657.5232,1257.0273,661.4739,1242.1387,711.4494,1253.7755,712.3836,4.8088,11.6743,2.4277,0,0,0,0
74,3,1,6,0,0,0,0.0783,0.1092,0.0571,0.0561,1250.0367,610.1034,1257.6699,608.2497,1225.6218,711.872,1236.935,705.3855,7.855,13.0409,1.6602,0,0,0,0
75,3,1,0,1,1,1,0.961,0.9963,0.6795,0.9555,782.0498,356.9811,759.2346,358.7012,811.8378,502.341,750.8263,538.3272,22.88,70.8337,3.0959,0,0,0,0
75,3,1,7,0,0,0,0.0343,0.0756,0.0442,0.0826,1259.3188,660.1622,1256.6306,664.2378,1241.8357,712.1224,1253.5964,713.0656,4.8823,11.7985,2.4166,0,0,0,0
75,3,1,6,0,0,0,0.079,0.1086,0.0563,0.0541,1249.8223,611.8007,1257.6051,609.898,1224.9143,712.7868,1236.4491,706.2954,8.012,13.2359,1.652,0,0,0,0
76,2,1,0,1,1,1,0.9682,0.9964,0.6822,0.9502,797.6736,354.5368,759.3028,361.3223,806.0935,521.081,775.0696,527.7266,38.9661,31.7276,0.8142,0,0,0,0
76,2,1,7,0,0,1,0.0306,0.0723,0.0399,0.0791,1259.3119,659.4774,1256.1517,663.5966,1241.5966,714.3934,1253.3993,716.531,5.1917,11.9947,2.3104,0,0,0,0
77,2,1,0,1,1,1,0.9682,0.9964,0.682,0.9502,797.579,354.5618,759.3269,361.3429,805.9452,521.144,775.0627,527.7035,38.8485,31.5714,0.8127,0,0,0,0
77,2,1,7,0,0,1,0.0309,0.0727,0.0403,0.0796,1259.3413,659.5084,1256.2019,663.6173,1241.5643,714.3294,1253.4504,716.4408,5.171,12.0722,2.3346,0,0,0,0
78,2,1,0,1,1,1,0.9513,0.9933,0.6373,0.9303,811.6012,353.4552,765.924,355.9778,817.3968,530.2918,785.7392,527.9875,45.7467,31.7413,0.6938,0,0,0,0
78,2,1,7,0,0,1,0.0323,0.0813,0.0403,0.0852,1259.5657,650.5736,1257.6125,654.66,1243.3192,710.32,1254.8344,712.835,4.5292,11.7866,2.6023,0,0,0,0
79,2,1,0,1,1,1,0.9514,0.9933,0.6368,0.9303,811.5468,353.5042,765.9374,355.9844,817.391,530.3028,785.7184,527.9868,45.6767,31.7571,0.6953,0,0,0,0
79,2,1,7,0,0,1,0.0323,0.0814,0.0402,0.085,1259.5873,650.6733,1257.6005,654.7561,1243.3303,710.2152,1254.9797,712.8452,4.5406,11.9426,2.6302,0,0,0,0
80,2,1,0,1,1,1,0.9497,0.9934,0.5644,0.9185,831.2734,354.9902,766.7373,352.4913,828.6642,522.2985,790.2489,525.6168,64.5845,38.5583,0.597,0,0,0,0
80,2,1,7,0,0,1,0.0338,0.0842,0.0409,0.0869,1259.5206,641.2532,1258.8092,644.4392,1242.5532,709.0174,1254.9097,710.7556,3.2644,12.4781,3.8225,0,0,0,0
81,2,1,0,1,1,1,0.9497,0.9934,0.5642,0.9184,831.2412,355.0118,766.7588,352.5125,828.613,522.3458,790.2492,525.6549,64.5309,38.5063,0.5967,0,0,0,0
81,2,1,7,0,0,1,0.034,0.0851,0.041,0.0876,1259.4974,640.2068,1258.9795,643.3911,1242.7256,708.6418,1254.9413,710.3404,3.2261,12.3332,3.8229,0,0,0,0
82,2,1,0,1,1,1,0.9621,0.9958,0.7439,0.9631,843.549,357.6553,767.7998,354.6481,843.2183,517.8061,788.1278,524.77,75.8088,55.5289,0.7325,0,0,0,0
82,2,1,7,0,0,1,0.0313,0.0866,0.039,0.0916,1260.0042,650.0374,1257.7638,652.6396,1241.9535,710.1914,1253.9846,713.1845,3.4338,12.3978,3.6106,0,0,0,0
83,2,1,0,1,1,1,0.9621,0.9958,0.7444,0.9632,843.5133,357.6453,767.8278,354.6544,843.3043,517.906,788.1766,524.7584,75.7446,55.5519,0.7334,0,0,0,0
83,2,1,7,0,0,1,0.0301,0.0844,0.0386,0.0916,1260.1038,650.7588,1257.6594,653.2588,1241.9746,710.0576,1254.0349,712.7523,3.4963,12.3577,3.5345,0,0,0,0
84,2,1,0,1,1,1,0.9713,0.9949,0.7408,0.9487,855.299,356.6328,767.6108,353.7975,839.5826,488.5718,776.6327,524.014,87.734,72.2415,0.8234,0,0,0,0
84,2,1,7,0,0,1,0.0305,0.0927,0.0383,0.097,1260.1964,655.91,1257.0602,658.9948,1240.869,712.357,1252.8851,714.5885,4.399,12.2216,2.7782,0,0,0,0
85,2,1,0,1,1,1,0.9787,0.994,0.8136,0.9436,865.8683,358.8489,767.9914,355.541,850.8842,510.5926,765.3656,519.6972,97.9327,86.0018,0.8782,0,0,0,0
85,2,1,7,0,0,1,0.0231,0.0828,0.0344,0.1008,1260.5566,666.3066,1255.8082,668.098,1241.4292,714.3006,1249.675,717.0798,5.0751,8.7016,1.7146,0,0,0,0
86,2,1,0,1,1,1,0.9786,0.9939,0.813,0.9434,865.889,358.8298,767.9696,355.5484,850.6471,509.8388,765.4056,519.8282,97.9745,85.8248,0.876,0,0,0,0
86,2,1,7,0,0,1,0.0233,0.0833,0.0344,0.101,1260.4364,666.8754,1255.7291,668.6798,1241.428,714.3084,1249.6401,717.0891,5.0413,8.6702,1.7198,0,0,0,0
87,3,1,0,1,1,1,0.991,0.9933,0.9357,0.9448,869.8809,358.8997,769.2121,354.5216,875.7483,515.4945,756.702,524.1955,100.764,119.3639,1.1846,0,0,0,0
87,3,1,7,0,0,0,0.0366,0.132,0.0406,0.1231,1261.0065,627.5736,1260.2534,630.2843,1243.7678,709.1584,1250.8735,713.1535,2.8134,8.1518,2.8975,0,0,0,0
87,3,1,8,0,0,0,0.0472,0.0631,0.0495,0.0418,1251.0338,606.6608,1253.0685,606.039,1228.1127,710.3154,1234.098,706.3731,2.1275,7.167,3.3687,0,0,0,0
88,3,1,0,1,1,1,0.9909,0.9933,0.9346,0.9448,869.9412,358.9653,769.1823,354.5786,875.7247,516.3956,756.7082,524.2124,100.8543,119.2729,1.1826,0,0,0,0
88,3,1,7,0,0,0,0.0367,0.1329,0.0405,0.1233,1261.055,627.1321,1260.2292,629.8366,1243.6294,709.44,1250.621,713.4729,2.8278,8.0713,2.8543,0,0,0,0
88,3,1,8,0,0,0,0.0475,0.0635,0.0499,0.0422,1251.0668,606.5049,1253.1412,605.8252,1227.84,710.5198,1233.921,706.5332,2.183,7.2713,3.3309,0,0,0,0
89,2,1,0,1,1,1,0.9949,0.988,0.9619,0.9154,874.788,355.3536,772.8823,355.8161,895.2924,503.1961,754.2318,522.7173,101.9067,142.4049,1.3974,0,0,0,0
89,2,1,7,0,0,1,0.0251,0.0868,0.0354,0.1007,1260.703,649.7277,1256.8821,652.2546,1239.4346,714.0772,1245.6521,716.1568,4.5809,6.5561,1.4312,0,0,0,0
90,2,1,0,1,1,1,0.9949,0.988,0.9619,0.9153,874.7997,355.3637,772.8197,355.8585,895.2833,503.2074,754.2671,522.7832,101.9812,142.3685,1.396,0,0,0,0
90,2,1,7,0,0,1,0.025,0.0866,0.0355,0.1009,1260.7526,649.768,1256.8572,652.3148,1239.413,714.1116,1245.5948,716.2956,4.6541,6.5563,1.4087,0,0,0,0
91,2,1,0,1,1,1,0.9962,0.9856,0.9613,0.8673,877.4749,353.4591,776.904,352.3013,904.0963,510.8822,753.6994,520.6733,100.5775,150.7152,1.4985,0,0,0,0
91,2,1,7,0,0,1,0.016,0.064,0.0318,0.1001,1264.5123,631.0074,1258.6755,632.8832,1239.4899,715.187,1243.1366,719.0182,6.1308,5.2893,0.8627,0,0,0,0
92,2,1,0,1,1,1,0.9962,0.9856,0.961,0.8675,877.4288,353.5301,776.8914,352.3038,904.0463,510.9951,753.7231,520.66,100.5449,150.6336,1.4982,0,0,0,0
92,2,1,7,0,0,1,0.0163,0.0656,0.0317,0.1005,1264.3005,631.983,1258.5215,633.9388,1239.5641,715.366,1243.0302,719.3151,6.101,5.2545,0.8612,0,0,0,0
93,2,1,0,1,1,1,0.9965,0.9849,0.9631,0.857,882.3246,355.2065,782.0954,354.6948,916.0449,514.9336,758.4518,523.9358,100.2305,157.85,1.5749,0,0,0,0
93,2,1,7,0,0,1,0.0097,0.0401,0.0252,0.0789,1265.4392,643.0848,1259.6436,646.8922,1242.1913,713.6006,1247.2579,720.0,6.9344,8.1623,1.1771,0,0,0,0
94,2,1,0,1,1,1,0.9967,0.982,0.9657,0.8394,889.0074,357.9482,790.1956,357.757,923.8317,525.0396,762.3374,523.928,98.812,161.4981,1.6344,0,0,0,0
94,2,1,7,0,0,1,0.0107,0.0433,0.0252,0.0765,1262.1752,650.977,1259.5206,655.6094,1241.1595,713.6133,1246.8662,720.0,5.339,8.5648,1.6042,0,0,0,0
95,2,1,0,1,1,1,0.9967,0.982,0.9657,0.8392,889.0314,357.9779,790.2022,357.765,923.8202,525.0494,762.317,523.9474,98.8295,161.507,1.6342,0,0,0,0
95,2,1,7,0,0,1,0.0108,0.0431,0.0252,0.0764,1262.0912,651.7068,1259.4818,656.327,1241.0935,713.6685,1246.8917,720.0,5.3062,8.5853,1.618,0,0,0,0
96,2,1,0,1,1,1,0.9954,0.9773,0.9689,0.8629,892.6216,362.5298,794.4792,359.5965,931.362,538.3332,769.7662,528.3053,98.1863,161.9066,1.649,0,0,0,0
96,2,1,7,0,0,1,0.0111,0.0455,0.0213,0.067,1263.5182,625.2362,1260.0562,631.8692,1246.2722,712.4556,1248.138,720.0,7.4822,7.7717,1.0387,0,0,0,0
97,2,1,0,1,1,1,0.9954,0.9772,0.969,0.8628,892.6179,362.5239,794.4814,359.5836,931.343,538.3261,769.7498,528.2486,98.1806,161.9071,1.6491,0,0,0,0
97,2,1,7,0,0,1,0.0113,0.0457,0.0213,0.0665,1263.5658,623.69,1260.1613,630.3896,1246.3351,712.407,1248.0581,720.0,7.515,7.7861,1.0361,0,0,0,0
98,2,1,0,1,1,1,0.9958,0.9767,0.9658,0.8392,897.0082,362.6889,800.2892,359.5053,930.4079,541.999,777.7786,528.73,96.7714,153.205,1.5832,0,0,0,0
98,2,1,7,0,0,1,0.0106,0.0394,0.0233,0.0682,1268.3568,613.7588,1263.8386,619.8336,1247.2621,709.4958,1249.2826,717.2506,7.5708,8.0136,1.0585,0,0,0,0
99,2,1,0,1,1,1,0.9958,0.9767,0.9658,0.8393,897.007,362.6957,800.2778,359.4964,930.4207,542.0024,777.7925,528.7094,96.7821,153.2059,1.583,0,0,0,0
99,2,1,7,0,0,1,0.0106,0.0395,0.0234,0.0683,1268.3483,613.4599,1263.8761,619.5394,1247.2565,709.5163,1249.2972,717.2878,7.5472,8.035,1.0646,0,0,0,0
100,1,0,0,1,1,1,0.9962,0.9721,0.969,0.8166,897.4145,361.3647,804.6432,357.9346,925.8655,545.8639,782.8504,528.7278,92.8348,144.0382,1.5516,0,0,0,0
101,1,0,0,1,1,1,0.9975,0.9447,0.9788,0.6807,892.9152,357.2331,810.9918,355.5947,916.27,547.0678,792.5937,533.0942,81.9398,124.4632,1.519,0,0,0,0
102,1,0,0,1,1,1,0.9975,0.9446,0.9787,0.6804,892.9243,357.2455,810.9522,355.6248,916.2785,547.0304,792.6869,533.1991,81.9882,124.3631,1.5168,0,0,0,0
103,1,0,0,1,1,1,0.9979,0.9013,0.9785,0.495,886.4777,356.7791,817.42,354.5777,899.9713,548.7416,822.3486,545.0872,69.0928,77.7087,1.1247,0,0,0,0
104,1,0,0,1,1,1,0.9979,0.9013,0.9785,0.4947,886.4368,356.7756,817.4264,354.5571,899.9888,548.7205,822.4903,544.9965,69.0461,77.588,1.1237,0,0,0,0
105,1,0,0,1,1,1,0.9964,0.8993,0.9572,0.4379,878.0524,352.3593,820.6046,352.742,873.1773,545.9569,816.588,547.9193,57.4492,56.6233,0.9856,0,0,0,0
106,1,0,0,1,1,1,0.9964,0.8993,0.9571,0.438,878.051,352.3554,820.6142,352.7458,873.1486,545.9937,816.5096,547.823,57.4381,56.6686,0.9866,0,0,0,0
107,1,0,0,1,1,1,0.9958,0.8879,0.9539,0.44,866.2988,353.7783,826.0011,351.6365,855.8073,544.1613,819.263,543.6914,40.3546,36.5472,0.9057,0,0,0,0
108,1,0,0,1,1,1,0.9967,0.8922,0.9593,0.4188,852.9901,353.4873,827.1084,351.3102,836.851,543.3484,812.713,538.8783,25.9731,24.5485,0.9451,0,0,0,0
109,1,0,0,1,1,1,0.9967,0.8923,0.9593,0.4189,852.9814,353.5077,827.09,351.3223,836.8364,543.365,812.627,538.796,25.9835,24.6368,0.9482,0,0,0,0
110,1,0,0,0,1,1,0.9984,0.9107,0.9723,0.3854,825.8164,353.1657,843.7963,350.3083,811.6371,545.576,809.7568,537.1858,18.2056,8.5982,0.4723,0,0,0,0
111,1,0,0,0,1,1,0.9984,0.9106,0.9725,0.3858,825.7765,353.0994,843.8968,350.2234,811.7329,545.5439,809.8451,537.064,18.3471,8.6875,0.4735,0,0,0,0
112,1,0,0,1,1,1,0.9972,0.8433,0.9851,0.4972,826.8864,355.4264,808.9801,353.69,788.4781,543.2296,795.804,531.3188,17.9904,13.9835,0.7773,0,0,0,0
113,1,0,0,1,1,1,0.9972,0.8436,0.9851,0.4974,826.9127,355.4374,808.9378,353.7092,788.4589,543.2488,795.7797,531.3131,18.0579,14.002,0.7754,0,0,0,0
114,1,0,0,1,1,1,0.9973,0.8795,0.983,0.5912,815.7371,357.7388,792.4598,358.0354,776.6164,537.9663,772.1116,533.443,23.2792,6.3838,0.2742,0,0,0,0
115,1,0,0,1,1,1,0.9973,0.8793,0.9829,0.5894,815.584,357.7294,792.8072,357.9866,776.4816,537.8806,773.3798,533.2085,22.7782,5.608,0.2462,0,0,0,0
116,1,0,0,1,1,1,0.9956,0.8673,0.9795,0.5944,798.2308,359.4034,773.752,364.0928,757.7404,537.3154,753.1847,540.5292,24.9239,5.5752,0.2237,0,0,0,0
117,1,0,0,1,1,1,0.9956,0.8672,0.9795,0.5945,798.2676,359.3762,773.6622,364.1068,757.7422,537.321,753.1042,540.5767,25.056,5.6667,0.2262,0,0,0,0
118,1,0,0,1,1,1,0.9947,0.8263,0.9753,0.5389,778.0284,364.0168,758.1027,363.3494,743.42,543.2664,741.4334,538.8082,19.9369,4.8808,0.2448,0,0,0,0
119,1,0,0,1,1,1,0.9953,0.8605,0.9817,0.5995,778.4629,362.7016,759.0254,359.5883,747.8392,546.2531,746.1134,542.7589,19.6852,3.8972,0.198,0,0,0,0
120,1,0,0,1,1,1,0.9975,0.8243,0.9867,0.4687,756.148,358.7883,733.1485,359.9996,739.1432,547.9825,714.823,542.8983,23.0313,24.8459,1.0788,0,0,0,0
121,1,0,0,1,1,1,0.997,0.8139,0.9831,0.4538,735.5152,356.0914,711.0992,356.7892,728.745,545.1078,704.161,541.3104,24.4259,24.8754,1.0184,0,0,0,0
122,1,0,0,1,1,1,0.997,0.8141,0.9831,0.4552,735.5338,356.062,711.0152,356.7263,728.8094,545.0684,704.0981,541.1397,24.5276,25.0216,1.0201,0,0,0,0
123,1,0,0,0,1,1,0.9952,0.8207,0.9416,0.299,717.1486,353.231,700.2104,348.8082,720.6742,545.9752,691.026,538.302,17.5061,30.6251,1.7494,0,0,0,0
124,1,0,0,0,1,1,0.9952,0.8205,0.9416,0.2992,717.156,353.2764,700.2489,348.8746,720.7171,546.005,690.992,538.3596,17.4707,30.6926,1.7568,0,0,0,0
125,1,0,0,0,1,1,0.9961,0.8139,0.9626,0.3295,699.1286,353.4549,680.6634,348.7406,719.432,547.4692,682.4259,536.4531,19.0576,38.611,2.026,0,0,0,0
126,1,0,0,0,1,1,0.9961,0.8143,0.9626,0.3305,699.1422,353.4476,680.7931,348.7462,719.3158,547.4684,682.6913,536.638,18.9419,38.1923,2.0163,0,0,0,0
127,1,0,0,0,1,1,0.9961,0.8689,0.9533,0.3774,684.5954,349.8887,662.6461,345.6392,708.738,548.2395,649.383,538.3734,22.3569,60.1694,2.6913,0,0,0,0
128,1,0,0,0,1,1,0.9961,0.8683,0.9531,0.3761,684.5774,349.8654,662.6728,345.5967,708.6902,548.2452,649.5272,538.4014,22.3167,59.9764,2.6875,0,0,0,0
129,1,0,0,1,1,1,0.9962,0.8811,0.9552,0.4074,668.9467,348.1676,640.3256,345.4377,700.309,546.3514,615.9556,534.5296,28.751,85.1778,2.9626,0,0,0,0
130,1,0,0,1,1,1,0.9982,0.9417,0.9805,0.629,653.2282,349.0951,617.3362,347.0896,684.4683,541.1759,568.6233,516.365,35.948,118.4722,3.2957,0,0,0,0
131,1,0,0,1,1,1,0.9982,0.9418,0.9804,0.6293,653.1948,349.1384,617.2907,347.0996,684.4702,541.197,568.5952,516.414,35.9619,118.4956,3.295,0,0,0,0
132,1,0,0,1,1,1,0.9974,0.9456,0.9765,0.6424,634.2526,352.1807,600.516,351.293,668.7589,546.4938,542.9388,522.299,33.7482,128.1253,3.7965,0,0,0,0
133,1,0,0,1,1,1,0.9974,0.9456,0.9765,0.6422,634.2672,352.1792,600.5032,351.2942,668.784,546.4936,542.9353,522.3126,33.7756,128.1507,3.7942,0,0,0,0
134,1,0,0,1,1,1,0.9968,0.9515,0.9582,0.6157,621.311,354.8563,582.3785,352.8767,642.476,561.1226,536.1295,513.6252,38.9828,116.4714,2.9878,0,0,0,0
135,1,0,0,1,1,1,0.9968,0.9515,0.9581,0.6155,621.3177,354.8084,582.2875,352.8702,642.421,560.9059,536.1961,513.4974,39.0783,116.3241,2.9767,0,0,0,0
136,1,0,0,1,1,1,0.9973,0.9465,0.9676,0.6176,600.3565,359.1796,567.0091,354.9448,617.5323,560.3482,515.0134,523.8828,33.6152,108.811,3.237,0,0,0,0
137,1,0,0,1,1,1,0.9943,0.9333,0.9623,0.6441,581.6061,362.1718,543.2374,358.3262,593.377,565.331,503.065,534.158,38.5609,95.5406,2.4777,0,0,0,0
138,1,0,0,1,1,1,0.9943,0.9333,0.9623,0.6441,581.5886,362.1821,543.2312,358.3422,593.364,565.3739,503.034,534.1384,38.5492,95.578,2.4794,0,0,0,0
139,1,0,0,0,1,1,0.9946,0.7147,0.9628,0.2792,555.8786,361.7082,525.7158,353.8926,560.0116,570.6403,493.5947,544.4776,31.1589,71.3841,2.291,0,0,0,0
140,1,0,0,0,1,1,0.9946,0.7144,0.9629,0.2807,555.895,361.6403,525.6515,353.8406,560.015,570.6722,493.5801,544.4167,31.2331,71.4349,2.2872,0,0,0,0
141,1,0,0,1,1,1,0.9962,0.9169,0.967,0.5147,536.7964,363.7933,506.2357,354.8203,527.9031,577.218,474.2658,548.1088,31.8507,61.027,1.916,0,0,0,0
142,1,0,0,1,1,1,0.9962,0.9172,0.9673,0.5161,536.8162,363.7968,506.302,354.7637,527.883,577.2867,474.2531,547.9832,31.8232,61.1135,1.9204,0,0,0,0
143,1,0,0,0,1,1,0.9915,0.7445,0.8757,0.1629,512.6327,356.8182,502.4028,346.971,491.2552,577.3494,467.529,549.5702,14.1993,36.5324,2.5728,0,0,0,0
144,1,0,0,0,1,1,0.9915,0.7449,0.8755,0.163,512.6111,356.8526,502.4271,346.992,491.2464,577.478,467.5778,549.677,14.1755,36.5117,2.5757,0,0,0,0
145,1,0,0,0,1,1,0.9934,0.7443,0.909,0.1745,493.483,352.1777,485.796,342.3133,456.2312,557.0586,447.1495,544.1248,12.5058,15.8038,1.2637,0,0,0,0
146,1,0,0,0,1,1,0.9949,0.8466,0.9383,0.2848,471.4942,351.2908,468.3404,342.3664,430.0452,557.0475,426.1772,544.1593,9.4653,13.4561,1.4216,0,0,0,0
147,1,0,0,0,1,1,0.9949,0.8466,0.9383,0.2851,471.5158,351.2818,468.3278,342.3686,430.0207,557.11,426.153,544.1704,9.4661,13.5052,1.4267,0,0,0,0
148,1,0,0,0,1,1,0.9973,0.8509,0.9751,0.3908,459.3057,352.2276,459.4457,340.9568,399.4904,541.8606,416.7037,511.9665,11.2717,34.4957,3.0604,0,0,0,0
149,1,0,0,0,1,1,0.9973,0.8512,0.9751,0.3912,459.2972,352.2134,459.4496,340.9422,399.429,541.8412,416.7016,512.0026,11.2722,34.4773,3.0586,0,0,0,0
150,1,0,0,1,1,1,0.9975,0.8695,0.9844,0.4849,442.2354,345.951,427.0716,339.773,370.669,534.459,383.949,516.2612,16.3739,22.5281,1.3759,0,0,0,0
151,1,0,0,1,1,1,0.9975,0.8699,0.9844,0.4854,442.251,345.9448,427.0236,339.7249,370.6276,534.483,383.7636,516.1552,16.4486,22.5491,1.3709,0,0,0,0
152,1,0,0,1,1,1,0.9956,0.8875,0.9618,0.4345,420.1047,346.4641,422.2402,336.3768,342.1819,526.439,355.0121,525.417,10.3108,12.8709,1.2483,0,0,0,0
153,1,0,0,1,1,1,0.9956,0.8873,0.9618,0.4343,420.1397,346.4672,422.2915,336.3973,342.1576,526.5066,355.087,525.5438,10.2972,12.9652,1.2591,0,0,0,0
154,1,0,0,1,1,1,0.9975,0.8845,0.9808,0.4657,397.9372,349.0936,411.4148,340.9676,315.8118,529.0165,339.8858,521.2284,15.7378,25.3024,1.6078,0,0,0,0
155,1,0,0,1,1,1,0.9975,0.8843,0.9808,0.4649,397.9322,349.0754,411.5158,340.9566,315.7995,528.9462,340.2037,521.1457,15.825,25.6206,1.619,0,0,0,0
156,1,0,0,1,1,1,0.9979,0.8985,0.9786,0.4527,376.2206,348.3826,391.2707,340.8796,299.1702,527.9754,313.1919,518.1124,16.8166,17.1431,1.0194,0,0,0,0
157,1,0,0,1,1,1,0.9948,0.8855,0.9583,0.4471,357.9289,351.3413,366.6759,343.4448,285.9235,526.982,300.7862,527.6906,11.7841,14.8796,1.2627,0,0,0,0
158,1,0,0,1,1,1,0.9948,0.8855,0.9583,0.447,357.9643,351.3351,366.6075,343.438,285.9082,526.9976,300.6973,527.7102,11.7077,14.8062,1.2647,0,0,0,0
159,1,0,0,1,1,1,0.9964,0.9074,0.9678,0.4592,341.4234,352.7135,351.6577,344.9077,269.0926,540.5349,283.3466,527.029,12.8714,19.6364,1.5256,0,0,0,0
160,1,0,0,1,1,1,0.9964,0.9075,0.9678,0.4595,341.4096,352.8226,351.5759,344.9397,269.0158,540.5821,283.3618,527.0784,12.8644,19.7017,1.5315,0,0,0,0
161,1,0,0,0,1,1,0.9964,0.8256,0.9611,0.2856,319.9389,351.0611,325.1695,341.1476,266.1586,543.5797,269.2305,533.3557,11.2088,10.6755,0.9524,0,0,0,0
162,1,0,0,0,1,1,0.9964,0.8253,0.961,0.2857,319.9902,350.9877,325.0668,341.1153,266.2096,543.5655,269.1881,533.2156,11.1012,10.7699,0.9702,0,0,0,0
163,1,0,0,0,1,1,0.9948,0.7732,0.9595,0.2968,307.6472,347.2886,296.7,340.7775,261.0845,549.6827,254.6742,543.9062,12.7372,8.629,0.6775,0,0,0,0
164,1,0,0,0,1,1,0.9948,0.7733,0.9596,0.2972,307.6683,347.2696,296.6852,340.7753,261.0912,549.6634,254.6963,543.8976,12.7595,8.6104,0.6748,0,0,0,0
165,1,0,0,0,1,1,0.9938,0.8119,0.9147,0.2464,293.0003,344.8486,282.4686,338.107,258.9197,550.4889,246.35,542.3686,12.5046,14.9645,1.1967,0,0,0,0
166,1,0,0,0,1,1,0.9959,0.8563,0.9468,0.2986,273.305,342.722,272.8442,332.1843,260.6095,554.002,240.1267,545.3083,10.5479,22.2514,2.1096,0,0,0,0
167,1,0,0,0,1,1,0.9959,0.8559,0.9467,0.2981,273.3162,342.712,272.9611,332.1782,260.5765,554.0415,240.0839,545.3664,10.5398,22.2532,2.1113,0,0,0,0
168,1,0,0,0,1,1,0.9974,0.845,0.9623,0.2965,260.8501,341.9831,255.5452,333.2268,260.9866,558.1844,218.1907,543.672,10.2379,45.1895,4.4139,0,0,0,0
169,1,0,0,0,1,1,0.9974,0.8443,0.9622,0.2958,260.8179,341.9725,255.5986,333.2122,261.0139,558.1988,218.3636,543.6796,10.1973,45.0539,4.4182,0,0,0,0
170,1,0,0,0,1,1,0.9977,0.8373,0.9618,0.2397,249.0014,343.9113,242.8308,333.9885,257.3725,557.6042,216.9798,547.518,11.685,41.6329,3.5629,0,0,0,0
171,1,0,0,0,1,1,0.9977,0.8373,0.9618,0.2396,248.9802,343.8846,242.8915,333.9407,257.3714,557.6326,217.1203,547.5286,11.6599,41.4999,3.5592,0,0,0,0
172,1,0,0,0,1,1,0.9983,0.888,0.9717,0.339,237.6912,344.9146,225.3,337.2122,249.9988,563.0218,177.677,534.9883,14.5901,77.565,5.3163,0,0,0,0
173,1,0,0,0,1,1,0.9955,0.8322,0.9146,0.2106,224.8904,345.1306,217.6045,339.4096,232.5319,569.8501,179.074,564.1154,9.2636,53.7646,5.8039,0,0,0,0
174,1,0,0,0,1,1,0.9956,0.8318,0.9151,0.2086,224.8706,345.2491,217.7674,339.457,232.5859,569.9428,179.0226,564.1204,9.1653,53.8788,5.8786,0,0,0,0
175,1,0,0,0,1,1,0.9947,0.8404,0.9167,0.2575,211.7358,346.1828,204.4091,339.6562,221.1811,568.8234,157.0227,557.5008,9.812,65.1498,6.6398,0,0,0,0
176,1,0,0,0,1,1,0.9947,0.8405,0.9163,0.2562,211.6926,346.234,204.4632,339.7249,221.1728,568.7904,157.2796,557.7674,9.728,64.8372,6.665,0,0,0,0
177,1,0,0,1,1,1,0.9974,0.8907,0.9643,0.4063,196.8666,353.2338,186.3785,340.4766,200.1259,576.0126,117.9644,546.99,16.5151,87.1368,5.2762,0,0,0,0
178,1,0,0,1,1,1,0.9974,0.8919,0.9644,0.4094,196.8864,353.22,186.1715,340.4365,200.0449,575.904,117.8329,546.8062,16.6801,87.2095,5.2283,0,0,0,0
179,1,0,0,1,1,1,0.9971,0.9114,0.9712,0.5137,185.2967,354.0444,155.9671,342.6453,175.6242,571.878,107.51,542.21,31.4669,74.2949,2.361,0,0,0,0
180,1,0,0,0,1,1,0.9958,0.8499,0.9605,0.3782,174.5601,354.62,139.8354,343.1786,152.2548,570.5475,93.8401,550.033,36.561,61.9122,1.6934,0,0,0,0
181,1,0,0,0,1,1,0.9958,0.8514,0.9606,0.3806,174.4469,354.6166,140.0368,343.1441,152.3447,570.6612,93.5403,549.805,36.2722,62.3935,1.7201,0,0,0,0
182,1,0,0,0,1,1,0.9943,0.8703,0.9147,0.3111,161.6456,347.5464,135.6707,339.2991,125.5377,563.8152,94.423,551.466,27.2527,33.4758,1.2283,0,0,0,0
183,1,0,0,0,1,1,0.9943,0.8698,0.9146,0.3106,161.7019,347.5646,135.6872,339.3466,125.4405,563.91,94.6041,551.5036,27.2818,33.2385,1.2183,0,0,0,0
184,1,0,0,1,1,1,0.996,0.8889,0.9598,0.4656,152.5395,346.4804,123.1118,333.7384,97.8816,560.7263,56.043,532.2352,32.0679,50.6183,1.5785,0,0,0,0
185,1,0,0,1,1,1,0.996,0.8892,0.9598,0.4674,152.6095,346.4612,122.9718,333.6953,97.9323,560.7241,56.1518,532.2044,32.2701,50.5864,1.5676,0,0,0,0
186,1,0,0,1,1,1,0.996,0.89,0.96,0.429,143.3927,342.1226,124.0998,327.665,74.2058,548.4456,61.5723,536.6444,24.1088,17.2879,0.7171,0,0,0,0
187,1,0,0,1,1,1,0.996,0.89,0.96,0.4301,143.4419,342.1315,123.9384,327.7078,74.1984,548.4538,61.4248,536.683,24.2576,17.37,0.7161,0,0,0,0
188,1,0,0,1,1,1,0.9902,0.8962,0.9204,0.4588,148.4046,342.4696,104.2635,331.5434,61.069,539.4507,51.4551,524.0014,45.4732,18.1964,0.4002,0,0,0,0
189,1,0,0,1,1,1,0.9902,0.8961,0.9205,0.4587,148.3735,342.5017,104.3148,331.5739,61.0777,539.4409,51.5371,523.6632,45.3937,18.438,0.4062,0,0,0,0
190,1,0,0,1,1,1,0.9911,0.8801,0.9489,0.5171,154.5989,340.2216,77.1538,330.7607,64.7213,535.0225,40.9301,476.944,78.0208,62.7625,0.8044,0,0,0,0
191,1,0,0,1,1,1,0.9912,0.8801,0.9493,0.5183,154.6547,340.2176,76.8944,330.7246,64.7641,534.9448,40.775,475.311,78.3376,64.2781,0.8205,0,0,0,0
192,1,0,0,1,0,1,0.9967,0.8931,0.9795,0.5891,144.6494,336.6024,53.7549,332.9277,91.1648,529.3607,28.2259,416.1674,90.9687,129.5146,1.4237,0,0,0,0
193,1,0,0,1,0,1,0.9965,0.9244,0.9739,0.6097,141.5209,336.9178,36.5438,337.878,106.073,536.5604,14.8952,527.371,104.9815,91.6397,0.8729,0,0,0,0
194,1,0,0,1,0,1,0.9965,0.9244,0.9738,0.6091,141.5155,336.9108,36.4993,337.8744,106.1341,536.5089,14.6645,527.8612,105.0205,91.8774,0.8749,0,0,0,0
195,1,0,0,0,0,1,0.9905,0.8336,0.9356,0.3897,143.8388,339.9541,16.4202,341.2123,126.4351,538.419,15.3672,517.9372,127.4249,112.9407,0.8863,0,0,0,0
196,1,0,0,0,0,1,0.9905,0.8334,0.9356,0.3891,143.817,340.0089,16.4594,341.3199,126.2635,538.6234,15.2255,519.0297,127.3643,112.7535,0.8853,0,0,0,0
197,1,0,0,0,0,1,0.9935,0.7545,0.9312,0.2424,133.0245,341.5975,1.9332,341.7831,145.4016,541.5879,11.6209,472.3629,131.0914,150.6299,1.149,0,0,0,0
198,1,0,0,0,0,1,0.9934,0.7538,0.9308,0.2417,132.9781,341.7257,1.9436,341.8108,145.4247,541.6374,11.59,472.0664,131.0345,150.8372,1.1511,0,0,0,0
199,1,0,0,0,0,1,0.9863,0.7874,0.8963,0.3222,128.076,336.4325,0.0,339.8911,157.5085,537.8,12.1977,441.8306,128.1226,174.1418,1.3592,0,0,0,0
200,1,0,0,0,0,1,0.9863,0.7878,0.8962,0.3225,128.1426,336.4971,0.0,339.8667,157.4484,537.8573,12.249,441.9067,128.1869,174.0384,1.3577,0,0,0,0
201,1,0,0,0,0,1,0.9822,0.7598,0.8707,0.2976,123.6704,333.9606,0.0,337.0083,161.0486,535.8817,14.7319,449.767,123.708,169.7772,1.3724,0,0,0,0
202,1,0,0,0,0,1,0.988,0.7415,0.8652,0.2289,116.9563,338.7671,0.0,339.0948,158.7694,536.1432,14.1745,467.6064,116.9567,160.0156,1.3682,0,0,0,0
203,1,0,0,0,0,1,0.988,0.7403,0.8649,0.2278,116.9309,338.7485,0.0,339.0912,158.7608,536.0064,14.168,467.6531,116.9314,159.9351,1.3678,0,0,0,0
204,1,0,0,1,0,1,0.9773,0.8787,0.8635,0.5138,115.4741,332.3934,0.0,338.3717,152.8567,537.1094,11.2091,571.099,115.6287,145.6686,1.2598,0,0,0,0
205,1,0,0,1,0,1,0.9773,0.8787,0.8632,0.5133,115.5082,332.4578,0.0,338.3853,152.8562,537.15,11.1851,571.1576,115.6602,145.6956,1.2597,0,0,0,0
206,1,0,0,1,0,1,0.9694,0.9191,0.8152,0.6121,121.3452,336.254,3.23,341.4785,144.7814,536.5896,10.555,566.712,118.2307,137.5648,1.1635,0,0,0,0
207,1,0,0,1,0,1,0.9693,0.9194,0.8153,0.6136,121.224,336.2708,3.318,341.5072,144.7451,536.5182,10.533,566.7384,118.0222,137.5724,1.1656,0,0,0,0
208,1,0,0,1,0,1,0.9219,0.9475,0.6304,0.7158,124.3606,338.436,8.5766,345.213,97.2938,471.703,21.1491,572.7904,115.9821,126.557,1.0912,0,0,0,0
209,1,0,0,1,0,1,0.9088,0.9787,0.5017,0.8331,123.2651,342.1138,16.4986,343.2094,113.6022,519.7979,39.1707,564.5372,106.7721,86.8427,0.8133,0,0,0,0
210,1,0,0,1,0,1,0.9088,0.9787,0.5024,0.8336,123.2178,342.0792,16.4573,343.1664,113.477,519.3028,39.1882,564.4174,106.766,86.9146,0.8141,0,0,0,0
211,1,0,0,1,0,1,0.9151,0.984,0.6122,0.8958,130.973,343.5691,26.6756,344.3706,109.458,528.673,61.9208,571.1198,104.3004,63.7299,0.611,0,0,0,0
212,1,0,0,1,0,1,0.9146,0.9839,0.6114,0.8955,130.8871,343.6066,26.7162,344.4486,109.433,528.2346,61.857,571.1345,104.1743,64.0615,0.6149,0,0,0,0
213,1,0,0,1,1,1,0.9129,0.9864,0.6687,0.9267,147.2617,348.4512,40.1592,350.4555,147.2778,569.9883,75.7018,574.1524,107.1213,71.697,0.6693,0,0,0,0
214,1,0,0,1,1,1,0.9131,0.9864,0.6685,0.9266,147.2521,348.4995,40.0255,350.4187,147.9834,570.9998,75.7967,574.1388,107.2438,72.2549,0.6737,0,0,0,0
215,1,0,0,1,1,1,0.9118,0.9886,0.6384,0.9321,168.4354,356.5266,56.8926,350.5183,176.9614,586.7546,92.2958,585.0205,111.7045,84.6833,0.7581,0,0,0,0
216,1,0,0,1,1,1,0.9231,0.9904,0.6006,0.9286,183.1151,358.3565,82.1828,352.0893,202.9477,598.956,97.7041,584.4329,101.1267,106.241,1.0506,0,0,0,0
217,1,0,0,1,1,1,0.9229,0.9904,0.6006,0.9287,183.0295,358.2963,82.2284,352.0646,202.6357,598.5927,97.7562,584.4048,100.9935,105.8348,1.0479,0,0,0,0
218,1,0,0,1,1,1,0.8762,0.9812,0.5577,0.9056,203.1072,353.2252,108.7567,349.1931,224.6957,589.6244,97.9134,586.7168,94.4366,126.8156,1.3429,0,0,0,0
219,1,0,0,1,1,1,0.877,0.9813,0.5592,0.9059,203.4843,352.9877,108.8248,349.1442,224.9109,589.3122,97.849,586.7146,94.7374,127.0885,1.3415,0,0,0,0
220,1,0,0,1,1,1,0.9315,0.9857,0.6982,0.9174,229.5296,348.3052,129.9908,345.164,223.5229,490.8956,100.6207,587.6474,99.5883,156.4157,1.5706,0,0,0,0
221,1,0,0,1,1,1,0.9315,0.9857,0.6994,0.9177,229.4774,348.2614,129.9582,345.2182,223.1871,489.3158,100.6627,587.6372,99.5656,157.0966,1.5778,0,0,0,0
222,1,0,0,1,1,1,0.9582,0.9926,0.7233,0.9336,252.3539,341.7551,156.1927,341.1021,256.9354,518.8979,106.9852,584.935,96.1634,163.8474,1.7038,0,0,0,0
223,1,0,0,1,1,1,0.9581,0.9926,0.7228,0.9335,252.2839,341.8165,156.2393,341.1273,257.0906,519.5204,106.9611,584.9298,96.0471,163.7597,1.705,0,0,0,0
224,1,0,0,1,1,1,0.9294,0.9935,0.652,0.9501,273.2147,343.5504,174.9107,340.3326,334.7336,536.7236,125.1352,582.7404,98.3567,214.5904,2.1818,0,0,0,0
225,1,0,0,1,1,1,0.9294,0.9935,0.6522,0.9501,273.2036,343.5356,174.9266,340.3269,334.7226,536.8637,125.1584,582.6662,98.3295,214.5112,2.1816,0,0,0,0
226,1,0,0,1,1,1,0.9702,0.9943,0.7758,0.947,294.4766,343.386,196.421,339.4934,367.0142,519.126,149.7904,579.0294,98.1329,225.3321,2.2962,0,0,0,0
227,1,0,0,1,1,1,0.9702,0.9943,0.7758,0.947,294.52,343.353,196.4382,339.3953,367.0522,519.065,149.5962,579.011,98.1616,225.5674,2.2979,0,0,0,0
228,1,0,0,1,1,1,0.9727,0.9949,0.778,0.9466,314.0349,340.4241,216.5065,341.7587,399.4447,513.0924,176.2684,570.7823,97.5375,230.512,2.3633,0,0,0,0
229,1,0,0,1,1,1,0.9742,0.9957,0.7474,0.9408,330.9411,345.0022,239.3894,350.6743,421.832,506.302,196.1064,583.5936,91.7273,238.5918,2.6011,0,0,0,0
230,1,0,0,1,1,1,0.9743,0.9957,0.7501,0.9413,331.1509,345.011,239.1611,350.4027,421.9286,506.5112,197.0379,581.8454,92.1477,237.1731,2.5738,0,0,0,0
231,1,0,0,1,1,1,0.9739,0.9945,0.7325,0.9262,355.6206,349.5973,263.9689,350.9791,452.7814,515.3166,229.6165,594.3796,91.662,236.7564,2.5829,0,0,0,0
232,1,0,0,1,1,1,0.974,0.9946,0.733,0.9265,355.5617,349.5765,263.9861,350.9854,452.7074,515.2386,229.5877,594.3465,91.5864,236.7287,2.5848,0,0,0,0
233,1,0,0,1,1,1,0.9699,0.9932,0.7299,0.9141,365.1388,350.888,291.5734,361.592,465.7855,517.9396,258.4107,602.0141,74.34,223.7696,3.0101,0,0,0,0
234,1,0,0,1,1,1,0.9697,0.9932,0.7293,0.9142,365.0456,350.8411,291.7313,361.6162,465.6501,517.776,258.3276,602.0841,74.1019,223.8091,3.0203,0,0,0,0
235,1,0,0,1,1,1,0.9698,0.993,0.7361,0.921,387.87,353.2904,318.7572,364.0914,485.4404,534.7848,301.9395,617.8723,69.9516,201.4351,2.8796,0,0,0,0
236,1,0,0,1,1,1,0.9698,0.993,0.7361,0.9211,387.6607,353.2323,318.8092,364.0603,485.4294,534.7727,301.9338,617.8236,69.6977,201.4152,2.8898,0,0,0,0
237,1,0,0,1,1,1,0.9643,0.9889,0.7182,0.8991,402.1202,354.3873,350.3083,365.6142,499.4723,545.2136,341.2547,612.6618,53.0143,171.9944,3.2443,0,0,0,0
238,1,0,0,1,1,1,0.9638,0.993,0.6979,0.9189,410.3141,354.915,387.1892,367.0611,507.8409,544.8059,393.7146,635.3087,26.1206,145.6556,5.5763,0,0,0,0
239,1,0,0,1,1,1,0.9639,0.993,0.6984,0.9188,410.374,354.9725,387.2304,367.0086,507.9478,544.8088,393.6572,634.9109,26.0863,145.536,5.579,0,0,0,0
240,1,0,0,1,1,1,0.9482,0.9886,0.68,0.9103,442.7586,349.8242,411.0926,363.9087,499.2711,550.6196,425.2934,625.4256,34.657,105.2075,3.0357,0,0,0,0
241,1,0,0,1,1,1,0.9482,0.9886,0.6797,0.9101,442.7396,349.8148,411.1086,363.9234,499.2073,550.6114,425.3256,625.5537,34.6348,105.2372,3.0385,0,0,0,0
242,1,0,0,1,1,1,0.9207,0.9865,0.5555,0.8872,460.8368,342.3627,441.0532,357.0932,515.701,561.019,489.4726,597.4806,24.6652,44.9152,1.821,0,0,0,0
243,1,0,0,1,1,1,0.9207,0.9865,0.5552,0.8871,461.0734,342.2698,440.9324,357.0639,515.7371,560.9347,489.3951,597.3858,24.9905,44.9732,1.7996,0,0,0,0
244,1,0,0,1,1,1,0.916,0.9797,0.4693,0.8141,473.7154,330.1426,471.9256,347.5973,519.0263,573.619,519.9596,598.0888,17.5462,24.4875,1.3956,0,0,0,0
245,1,0,0,1,1,1,0.9105,0.9838,0.4312,0.8333,493.7542,331.0209,502.2837,341.9275,555.4284,565.9322,565.3664,585.3592,13.8458,21.8214,1.576,0,0,0,0
246,1,0,0,1,1,1,0.9105,0.9838,0.4305,0.8328,493.7284,331.0726,502.3743,342.0231,555.5152,565.956,565.3419,585.5084,13.9522,21.8829,1.5684,0,0,0,0
247,1,0,0,1,1,1,0.8834,0.9895,0.4821,0.9169,522.1926,331.0988,520.513,337.471,577.3545,558.0823,606.3092,577.3992,6.5898,34.8069,5.2819,0,0,0,0
248,1,0,0,1,1,1,0.8839,0.9895,0.4829,0.9171,522.2411,331.1305,520.5224,337.5317,577.317,558.0814,606.3537,577.4218,6.6279,34.8882,5.2638,0,0,0,0
249,1,0,0,1,1,1,0.8996,0.9808,0.4991,0.8711,546.5318,332.4377,542.9292,336.28,613.5686,564.2174,639.8142,572.9931,5.2671,27.674,5.2542,0,0,0,0
250,1,0,0,1,1,1,0.8994,0.9807,0.499,0.8711,546.1968,332.4607,542.9922,336.3457,613.4468,564.0791,639.6985,572.8387,5.0362,27.6745,5.4951,0,0,0,0
251,1,0,0,1,1,1,0.9346,0.9842,0.6476,0.9082,584.5136,333.9588,564.7185,340.7683,640.336,562.4173,660.2474,572.495,20.9336,22.3164,1.0661,0,0,0,0
252,1,0,0,1,1,1,0.9273,0.9889,0.6746,0.9308,598.0797,332.8812,587.4493,345.1727,652.2232,553.3108,684.5252,575.741,16.2507,39.326,2.42,0,0,0,0
253,1,0,0,1,1,1,0.9273,0.9889,0.6745,0.9308,598.0846,332.9053,587.4324,345.1972,652.1906,553.295,684.5444,575.7342,16.2653,39.3736,2.4207,0,0,0,0
254,1,0,0,1,1,1,0.9245,0.9901,0.6639,0.9339,632.903,342.1824,615.5772,350.6372,688.7636,573.0564,704.9873,587.9986,19.2787,22.0562,1.1441,0,0,0,0
255,1,0,0,1,1,1,0.9244,0.9901,0.6635,0.9339,632.843,342.171,615.6132,350.6516,688.774,572.9665,704.843,587.8258,19.2038,21.8864,1.1397,0,0,0,0
256,1,0,0,1,1,1,0.8903,0.9889,0.5942,0.9285,647.0508,347.2037,642.043,354.2972,705.9513,574.4687,716.2874,601.107,8.6831,28.5732,3.2907,0,0,0,0
257,1,0,0,1,1,1,0.8903,0.9889,0.594,0.9284,647.0326,347.1742,642.0806,354.2974,705.9342,574.417,716.2367,601.1628,8.6754,28.6615,3.3038,0,0,0,0
258,1,0,0,1,1,1,0.9136,0.9818,0.4547,0.8163,680.6565,351.18,680.8348,360.9341,724.8763,596.9139,725.859,608.2182,9.7557,11.3469,1.1631,0,0,0,0
259,1,0,0,1,1,1,0.9132,0.9817,0.4531,0.8154,680.6254,351.3043,680.8428,361.0938,724.7508,596.7287,725.9108,608.1735,9.7918,11.5035,1.1748,0,0,0,0
260,1,0,0,1,1,1,0.9133,0.9835,0.5442,0.8614,717.4202,347.1088,703.1295,362.3268,753.2996,591.0362,732.879,620.0638,20.8761,35.4908,1.7001,0,0,0,0
261,1,0,0,1,1,1,0.9131,0.9834,0.5435,0.8611,717.4098,347.1078,703.0668,362.316,753.3898,591.0412,732.8638,620.0064,20.9048,35.5008,1.6982,0,0,0,0
262,1,0,0,1,1,1,0.912,0.9823,0.4369,0.8152,745.3531,339.7056,729.495,355.9573,766.9124,584.5731,731.407,619.9014,22.7067,50.087,2.2058,0,0,0,0
263,1,0,0,1,1,1,0.912,0.9822,0.4382,0.8156,745.5086,339.6151,729.3436,356.0791,766.7333,584.1175,731.3744,619.875,23.0732,50.2877,2.1795,0,0,0,0
264,1,0,0,0,1,1,0.8938,0.9789,0.3773,0.7713,767.6474,339.4314,753.6724,354.3596,783.0368,595.914,739.745,618.84,20.4488,48.9875,2.3956,0,0,0,0
265,1,0,0,0,1,1,0.91,0.9864,0.3775,0.8051,787.9546,340.1362,775.0138,350.5253,802.8398,584.685,757.3962,618.1887,16.5952,56.459,3.4021,0,0,0,0
266,1,0,0,0,1,1,0.9099,0.9864,0.3767,0.8046,787.875,340.0332,775.1364,350.463,802.6268,584.6048,757.4159,618.1022,16.4637,56.2681,3.4177,0,0,0,0
267,1,0,0,1,1,1,0.9385,0.9874,0.4482,0.8054,818.2658,337.0405,797.5214,346.2154,843.7665,582.5786,764.2044,617.7605,22.6828,86.9937,3.8352,0,0,0,0
268,1,0,0,1,1,1,0.9386,0.9874,0.4487,0.8054,818.2761,337.0528,797.4986,346.205,843.882,582.4623,764.1834,617.7206,22.7039,87.1494,3.8385,0,0,0,0
269,1,0,0,1,1,1,0.954,0.9918,0.6509,0.9055,852.6766,339.0531,816.1444,349.5262,908.8881,525.8108,789.1792,621.0444,38.0038,152.9696,4.0251,0,0,0,0
270,1,0,0,1,1,1,0.9544,0.9919,0.6538,0.9067,852.5044,339.0744,816.076,349.5481,908.9487,525.3056,789.1416,621.0542,37.9042,153.3673,4.0462,0,0,0,0
271,1,0,0,1,1,1,0.9524,0.9958,0.6448,0.9446,871.6166,345.0462,839.9269,350.3201,964.3572,533.0791,813.9016,620.9005,32.1256,174.211,5.4228,0,0,0,0
272,1,0,0,1,1,1,0.963,0.9906,0.6918,0.9027,881.3403,341.9882,868.4955,353.7792,991.5751,526.5286,842.1196,623.3993,17.4361,178.1035,10.2146,0,0,0,0
273,1,0,0,1,1,1,0.9629,0.9906,0.6914,0.9028,881.1543,341.9988,868.5649,353.7496,991.4908,526.405,842.1096,623.3482,17.2213,178.0807,10.3407,0,0,0,0
274,1,0,0,1,1,1,0.9472,0.9914,0.6579,0.9148,910.9344,349.1124,891.9064,356.331,1011.8236,523.8055,878.1747,642.7926,20.3513,178.9412,8.7926,0,0,0,0
275,1,0,0,1,1,1,0.9477,0.9915,0.658,0.9148,910.7335,349.1459,891.9601,356.6284,1012.3206,524.0524,878.1954,642.844,20.2096,179.1676,8.8655,0,0,0,0
276,1,0,0,1,1,1,0.9561,0.988,0.7177,0.9022,940.6429,353.8544,918.0847,361.0283,1051.5653,552.48,912.9885,650.5632,23.6715,169.7759,7.1722,0,0,0,0
277,1,0,0,1,1,1,0.9559,0.988,0.7176,0.9023,940.6662,353.9059,918.1085,361.0561,1051.58,552.5008,912.9669,650.5634,23.6638,169.7936,7.1753,0,0,0,0
278,1,0,0,1,1,1,0.9467,0.983,0.6764,0.8773,960.2426,357.9759,945.2661,370.1451,1058.8884,561.9166,957.7955,651.3648,19.2973,134.9843,6.995,0,0,0,0
279,1,0,0,1,1,1,0.9444,0.99,0.6201,0.8984,972.8318,356.3624,978.3043,363.3287,1059.5321,567.7254,1003.3276,654.297,8.8587,103.2161,11.6514,0,0,0,0
280,1,0,0,1,1,1,0.9444,0.99,0.6202,0.8984,972.729,356.3705,978.2172,363.3054,1059.5275,567.7972,1003.3254,654.3291,8.8438,103.1816,11.6671,0,0,0,0
281,1,0,0,1,1,1,0.9048,0.981,0.4318,0.8187,989.3649,346.8393,1011.7649,354.006,1051.479,614.4314,1051.4508,648.638,23.5186,34.2066,1.4545,0,0,0,0
282,1,0,0,1,1,1,0.9051,0.981,0.4335,0.8191,989.4534,346.8723,1011.6223,354.0986,1051.4028,612.9014,1051.3506,648.5492,23.3169,35.6478,1.5288,0,0,0,0
283,1,0,0,1,1,1,0.9211,0.9915,0.4809,0.896,1014.3822,345.7064,1035.0217,351.885,1093.0793,617.1882,1099.8488,643.9574,21.5445,27.6118,1.2816,0,0,0,0
284,1,0,0,1,1,1,0.9209,0.9915,0.4807,0.8959,1014.3808,345.7239,1035.0273,351.8652,1093.1152,617.2814,1099.8661,644.05,21.5406,27.6067,1.2816,0,0,0,0
285,1,0,0,1,1,1,0.9339,0.991,0.4628,0.883,1031.9323,342.0406,1060.5686,347.4816,1133.5155,616.234,1152.083,623.99,29.1487,20.1223,0.6903,0,0,0,0
286,1,0,0,1,1,1,0.9339,0.991,0.4629,0.8831,1031.992,342.0808,1060.5347,347.4996,1133.5643,616.3528,1152.0879,623.9896,29.0526,20.036,0.6896,0,0,0,0
287,1,0,0,1,1,1,0.9279,0.982,0.4591,0.8148,1060.8368,339.7158,1077.3137,348.2023,1157.683,584.4638,1191.2792,616.1044,18.5341,46.1501,2.49,0,0,0,0
288,1,0,0,1,1,1,0.9283,0.9821,0.4611,0.8158,1061.0852,339.7128,1077.2507,348.237,1157.6887,584.4384,1191.1272,616.0242,18.2753,45.9978,2.5169,0,0,0,0
289,1,0,0,1,1,1,0.9387,0.9893,0.5303,0.8782,1074.9675,337.4426,1093.1929,343.577,1162.5901,566.9886,1220.1794,602.378,19.23,67.594,3.515,0,0,0,0
290,1,0,0,1,1,1,0.9431,0.9916,0.6215,0.9179,1104.9694,338.3319,1103.0397,343.6818,1175.0826,530.1888,1224.5416,595.1806,5.6872,81.6708,14.3604,0,0,0,0
291,1,0,0,1,1,1,0.9431,0.9916,0.6218,0.918,1104.8904,338.2718,1103.0778,343.6594,1174.8116,529.6284,1224.5548,595.1584,5.6843,82.2713,14.4734,0,0,0,0
292,1,0,0,1,1,1,0.9434,0.9923,0.5805,0.9136,1129.9248,346.4628,1111.6415,347.8834,1204.6208,570.7486,1224.6796,604.1438,18.3384,38.9563,2.1243,0,0,0,0
293,1,0,0,1,1,1,0.9434,0.9923,0.5806,0.9136,1129.9222,346.529,1111.6394,347.8656,1204.7268,571.0188,1224.6519,604.1724,18.3316,38.6803,2.11,0,0,0,0
294,1,0,0,1,1,1,0.9435,0.9933,0.6253,0.9315,1170.9452,350.0786,1111.627,353.4153,1219.4102,585.7281,1215.2485,613.9352,59.412,28.5125,0.4799,0,0,0,0
295,1,0,0,1,1,1,0.9434,0.9933,0.6248,0.9314,1170.9089,349.9972,1111.7025,353.4072,1219.3413,585.4764,1215.2382,613.9359,59.3045,28.7537,0.4848,0,0,0,0
296,1,0,0,1,1,1,0.9296,0.9872,0.5539,0.8694,1206.0103,355.8866,1115.4637,359.6854,1236.562,589.422,1190.9633,636.5082,90.6262,65.5465,0.7233,0,0,0,0
297,1,0,0,1,1,1,0.9298,0.9872,0.5548,0.8695,1205.7054,355.7579,1115.586,359.6852,1235.9664,588.2156,1191.0616,636.5285,90.2049,65.9589,0.7312,0,0,0,0
298,1,0,0,1,0,1,0.9243,0.9869,0.5069,0.8411,1250.3903,364.8822,1115.1799,362.1634,1254.5308,562.5096,1151.1489,635.1521,135.2377,126.3516,0.9343,0,0,0,0
299,1,0,0,1,0,1,0.9243,0.9869,0.5068,0.841,1250.3744,364.855,1115.2048,362.1809,1254.534,562.434,1151.2137,635.2374,135.196,126.394,0.9349,0,0,0,0
300,1,0,0,0,0,1,0.8746,0.9808,0.3224,0.7245,1277.5565,362.5684,1119.6107,361.2878,1264.3029,557.5813,1123.6265,637.8432,157.951,161.9624,1.0254,0,0,0,0
301,1,0,0,0,0,1,0.818,0.9745,0.305,0.7331,1280.0,357.1721,1128.9801,359.685,1263.983,559.1828,1099.968,634.1129,151.0408,180.3204,1.1939,0,0,0,0
302,1,0,0,0,0,1,0.8184,0.9745,0.3062,0.734,1280.0,357.1389,1129.0232,359.645,1264.0192,558.0736,1099.8828,634.0026,150.9976,180.8479,1.1977,0,0,0,0
303,1,0,0,0,0,1,0.7623,0.9696,0.2518,0.7076,1280.0,358.7218,1138.5681,360.0794,1255.8647,581.8636,1086.4962,627.299,141.4384,175.357,1.2398,0,0,0,0
304,1,0,0,0,0,1,0.7622,0.9696,0.2517,0.7075,1280.0,358.7176,1138.5568,360.0807,1255.7601,582.0739,1086.5099,627.2768,141.4498,175.1826,1.2385,0,0,0,0
305,1,0,0,0,0,1,0.7451,0.9677,0.2593,0.7256,1280.0,355.6716,1147.8513,358.0697,1243.5537,607.6384,1079.3037,619.9708,132.1704,164.7123,1.2462,0,0,0,0
306,1,0,0,0,0,1,0.7449,0.9676,0.2592,0.7255,1280.0,355.6764,1147.8545,358.0676,1243.2742,607.5709,1079.3252,620.0372,132.1671,164.4222,1.244,0,0,0,0
307,1,0,0,0,0,1,0.7656,0.9708,0.2784,0.7631,1280.0,365.4988,1153.1525,358.3599,1268.72,669.3134,1086.721,621.09,127.0483,188.2794,1.482,0,0,0,0
308,1,0,0,1,0,1,0.8183,0.975,0.4015,0.8287,1280.0,362.6922,1154.3193,358.282,1263.2242,655.6236,1096.2905,621.467,125.758,170.3923,1.3549,0,0,0,0
309,1,0,0,1,0,1,0.8182,0.975,0.4013,0.8286,1280.0,362.6881,1154.3386,358.2678,1263.2214,655.5914,1096.3047,621.4404,125.7391,170.3746,1.355,0,0,0,0
310,1,0,0,0,0,1,0.8364,0.9533,0.3567,0.6723,1280.0,368.51,1149.299,360.4725,1247.5027,638.7316,1109.0947,615.2354,130.9479,140.3881,1.0721,0,0,0,0
311,1,0,0,0,0,1,0.8361,0.9533,0.3553,0.672,1280.0,368.796,1149.4083,360.4804,1246.5969,638.5044,1108.9015,615.7954,130.8562,139.5555,1.0665,0,0,0,0
312,1,0,0,1,0,1,0.9609,0.917,0.69,0.4951,1268.5653,359.857,1147.3358,358.5001,1210.2948,623.9029,1136.8022,595.645,121.2371,78.7379,0.6495,0,0,0,0
313,1,0,0,1,0,1,0.9608,0.9166,0.6893,0.4936,1268.5493,359.7825,1147.3385,358.5083,1210.1796,623.9427,1136.5294,595.9034,121.2175,78.807,0.6501,0,0,0,0
314,1,0,0,1,0,1,0.9838,0.9065,0.88,0.5144,1255.4265,364.9203,1138.8828,364.7519,1175.3639,629.3618,1107.0966,623.4217,116.5438,68.5253,0.588,0,0,0,0
315,1,0,0,1,1,1,0.976,0.92,0.7916,0.5441,1245.8442,363.6171,1128.887,357.6951,1145.1641,624.4849,1089.7997,626.7094,117.1071,55.409,0.4731,0,0,0,0
316,1,0,0,1,1,1,0.976,0.9202,0.7915,0.5442,1245.8448,363.5984,1128.9266,357.656,1145.1501,624.5036,1089.6976,626.6949,117.0691,55.4958,0.474,0,0,0,0
317,1,0,0,1,1,1,0.985,0.8732,0.8621,0.4368,1217.972,363.667,1106.4972,353.8343,1128.0214,623.9574,1061.8346,613.1692,111.9077,67.0602,0.5992,0,0,0,0
318,1,0,0,1,1,1,0.985,0.873,0.8619,0.436,1217.9906,363.6329,1106.3939,353.8215,1128.0913,623.9497,1061.803,613.1814,112.0272,67.1573,0.5995,0,0,0,0
319,1,0,0,1,1,1,0.9954,0.8704,0.9633,0.4736,1184.0585,362.6552,1095.5338,355.2224,1120.4407,634.461,1054.9714,625.3711,88.8361,66.0973,0.744,0,0,0,0
320,1,0,0,1,1,1,0.9954,0.8703,0.9633,0.4735,1183.9585,362.6019,1095.59,355.1962,1120.5116,634.458,1055.0072,625.4813,88.6783,66.1166,0.7456,0,0,0,0
321,1,0,0,1,1,1,0.993,0.9064,0.9147,0.4019,1165.8198,356.8287,1076.9083,351.0657,1121.108,653.7048,1046.2596,632.1932,89.0981,77.8783,0.8741,0,0,0,0
322,1,0,0,0,1,1,0.993,0.9056,0.9142,0.3998,1165.8088,356.8269,1076.8408,350.9328,1121.1018,653.7654,1045.9678,632.3369,89.163,78.1301,0.8763,0,0,0,0
323,1,0,0,0,1,1,0.996,0.8483,0.9615,0.3939,1144.6697,358.7524,1045.9008,353.7023,1133.8855,661.0568,1008.6561,629.9372,98.8979,129.0381,1.3048,0,0,0,0
324,1,0,0,0,1,1,0.996,0.848,0.9615,0.3935,1144.678,358.7566,1045.9574,353.6528,1133.8801,661.063,1008.5873,629.7998,98.8524,129.1343,1.3063,0,0,0,0
325,1,0,0,1,1,1,0.9961,0.9367,0.9584,0.586,1129.0471,358.3613,1020.4244,353.4037,1144.043,667.7927,969.2268,622.1918,108.7358,180.6658,1.6615,0,0,0,0
326,1,0,0,1,1,1,0.9959,0.9392,0.9441,0.5842,1108.2205,357.3714,998.9401,350.1433,1154.1588,674.4182,929.1901,605.0453,109.5192,235.422,2.1496,0,0,0,0
327,1,0,0,1,1,1,0.9959,0.9394,0.944,0.5864,1108.2025,357.3673,998.9733,349.9312,1154.2274,674.367,928.7364,602.2912,109.482,236.7301,2.1623,0,0,0,0
328,1,0,0,1,1,1,0.9948,0.9644,0.9287,0.6749,1087.9011,354.6594,975.9697,348.1678,1162.1942,666.4633,874.9823,578.2282,112.1195,300.4599,2.6798,0,0,0,0
329,1,0,0,1,1,1,0.9948,0.9645,0.9285,0.6744,1087.8628,354.6821,976.0565,348.2079,1162.1738,666.5678,875.1743,578.2123,111.9936,300.2923,2.6813,0,0,0,0
330,1,0,0,1,1,1,0.9943,0.9569,0.9338,0.668,1064.2037,357.7881,955.6804,350.7465,1154.6174,659.8067,840.8923,577.435,108.7516,324.3587,2.9826,0,0,0,0
331,1,0,0,1,1,1,0.9943,0.9569,0.9339,0.6678,1064.1914,357.7709,955.7349,350.7325,1154.6946,659.7096,840.972,577.3742,108.6847,324.347,2.9843,0,0,0,0
332,1,0,0,1,1,1,0.9941,0.9534,0.9288,0.6589,1036.9713,357.5934,933.4351,350.2621,1144.7352,664.2735,813.5628,575.8542,103.7955,342.7728,3.3024,0,0,0,0
333,1,0,0,1,1,1,0.9941,0.9535,0.9289,0.6588,1036.8241,357.62,933.4998,350.1599,1144.7894,664.0682,813.6562,575.7072,103.5932,342.7199,3.3083,0,0,0,0
334,1,0,0,1,1,1,0.9936,0.95,0.9331,0.6757,1006.2329,360.7132,912.9236,357.9734,1108.3904,668.763,780.0236,586.4789,93.3495,338.5194,3.6264,0,0,0,0
335,1,0,0,1,1,1,0.9937,0.9497,0.9337,0.6746,1006.2803,360.7304,913.1948,358.1058,1108.3407,668.8734,779.8817,586.563,93.1225,338.6153,3.6362,0,0,0,0
336,1,0,0,1,1,1,0.9944,0.958,0.9269,0.6555,971.6254,365.9668,895.5486,353.9788,1078.4989,669.629,769.3144,595.4815,77.0156,317.9512,4.1284,0,0,0,0
337,1,0,0,1,1,1,0.9938,0.9579,0.919,0.6336,947.938,363.2548,877.9667,355.5125,1026.5259,680.8922,772.7508,609.486,70.3984,263.6298,3.7448,0,0,0,0
338,1,0,0,1,1,1,0.9938,0.9579,0.919,0.6337,947.9158,363.2119,877.8732,355.5051,1026.6587,680.7945,772.7088,609.5742,70.4653,263.7478,3.7429,0,0,0,0
339,1,0,0,1,1,1,0.9908,0.9449,0.8906,0.5476,913.286,359.4815,857.8297,348.5351,919.9659,682.7326,776.9418,624.9648,56.5263,154.2499,2.7288,0,0,0,0
340,1,0,0,1,1,1,0.9907,0.9448,0.8907,0.5475,913.1877,359.4231,857.835,348.4852,919.9237,682.705,776.9316,624.9007,56.4231,154.2339,2.7335,0,0,0,0
341,1,0,0,1,0,1,0.9918,0.8907,0.9251,0.4508,881.6558,353.1083,844.1511,347.1748,884.3438,699.1306,766.7347,651.7921,37.9712,126.7787,3.3388,0,0,0,0
342,1,0,0,1,0,1,0.9918,0.891,0.9248,0.452,881.6388,353.162,844.2097,347.1934,884.1862,699.0548,766.8861,651.3269,37.902,126.6383,3.3412,0,0,0,0
343,1,0,0,0,0,1,0.9927,0.789,0.8868,0.1898,842.1104,344.8684,833.0778,335.2967,794.5777,693.051,754.3479,673.6936,13.1607,44.6446,3.3923,0,0,0,0
344,1,0,0,0,1,1,0.9915,0.825,0.8667,0.2211,817.406,337.904,801.443,332.8856,736.5786,669.977,713.2361,658.7012,16.7332,25.9233,1.5492,0,0,0,0
345,1,0,0,0,1,1,0.9915,0.8248,0.8668,0.2211,817.3992,337.8801,801.376,332.8574,736.5434,669.9948,713.2318,658.7173,16.7919,25.8962,1.5422,0,0,0,0
346,1,0,0,0,1,1,0.9953,0.8189,0.9228,0.1909,775.0719,337.334,798.161,333.2646,670.905,648.307,664.932,633.193,23.445,16.2514,0.6932,0,0,0,0
347,1,0,0,0,1,1,0.9953,0.82,0.9229,0.1917,775.0923,337.3355,798.1695,333.2486,670.745,648.273,664.8747,633.2975,23.4363,16.0849,0.6863,0,0,0,0
348,1,0,0,1,1,1,0.9921,0.8863,0.9534,0.426,765.5976,336.7551,740.2192,336.6475,615.325,635.135,622.0134,637.6911,25.3786,7.1603,0.2821,0,0,0,0
349,1,0,0,1,1,1,0.9921,0.887,0.9539,0.4279,765.6116,336.7555,740.0908,336.7079,614.7068,635.9,621.436,638.3848,25.5209,7.1734,0.2811,0,0,0,0
350,1,0,0,1,1,1,0.9945,0.8949,0.9489,0.4155,722.6473,336.0744,728.473,332.0046,558.0969,615.3244,580.7402,604.392,7.1064,25.1442,3.5382,0,0,0,0
351,1,0,0,1,1,1,0.9923,0.9133,0.9335,0.4479,697.0812,342.3163,693.8036,338.7371,491.2826,629.3072,513.209,622.6272,4.8532,22.9214,4.723,0,0,0,0
352,1,0,0,1,1,1,0.9924,0.9134,0.9337,0.4485,697.1286,342.2214,693.8288,338.7344,491.5138,629.1626,513.2083,622.6834,4.8008,22.6414,4.7162,0,0,0,0
353,1,0,0,1,1,1,0.9949,0.906,0.9452,0.4229,655.0748,352.3631,676.617,341.8544,447.0794,638.9798,499.5792,607.2722,23.9687,61.3319,2.5588,0,0,0,0
354,1,0,0,1,1,1,0.9949,0.9062,0.9454,0.4245,655.0295,352.3624,676.5199,341.8984,447.2116,638.9846,499.492,607.4628,23.9026,61.0479,2.554,0,0,0,0
355,1,0,0,1,1,1,0.992,0.8955,0.9313,0.4231,628.2871,357.0207,641.9876,345.9833,430.3444,626.476,484.9284,603.3105,17.5934,59.2963,3.3704,0,0,0,0
356,1,0,0,1,1,1,0.992,0.8956,0.9312,0.4233,628.3046,357.0112,641.9496,345.9876,430.3564,626.4504,484.8289,603.2816,17.5416,59.195,3.3746,0,0,0,0
357,1,0,0,0,1,1,0.9943,0.876,0.9352,0.3537,588.326,357.2555,615.9728,341.3186,407.7277,643.8976,469.8688,597.2479,31.9113,77.7028,2.435,0,0,0,0
358,1,0,0,0,1,1,0.9943,0.876,0.9351,0.3524,588.073,357.1126,615.8814,341.3888,407.7836,643.9778,469.4994,597.5956,31.9459,77.2019,2.4166,0,0,0,0
359,1,0,0,0,1,1,0.9917,0.8843,0.9228,0.3563,552.0746,346.1756,560.7866,337.2422,420.2832,655.1964,441.5508,635.6067,12.4782,28.9148,2.3172,0,0,0,0
360,1,0,0,0,1,1,0.9917,0.8842,0.9228,0.356,552.0328,346.1594,560.835,337.2013,420.284,655.2222,441.6781,635.5276,12.5589,29.079,2.3154,0,0,0,0
361,1,0,0,0,1,1,0.9949,0.8552,0.8861,0.204,514.4692,348.2445,548.1383,334.5749,432.0124,646.8778,424.978,625.2598,36.3382,22.7338,0.6256,0,0,0,0
362,1,0,0,0,1,1,0.9924,0.8892,0.8848,0.2686,497.3816,349.1998,498.7608,335.0796,421.6054,674.5355,423.922,659.3222,14.1873,15.3887,1.0847,0,0,0,0
363,1,0,0,0,1,1,0.9923,0.8887,0.8847,0.268,497.2148,349.2367,498.3756,335.1244,421.6624,674.4676,423.8216,659.3363,14.16,15.2845,1.0794,0,0,0,0
364,1,0,0,0,1,1,0.9937,0.8192,0.9302,0.2722,473.798,340.9032,480.8954,330.904,426.8624,683.8849,408.8953,667.5854,12.262,24.2588,1.9784,0,0,0,0
365,1,0,0,0,1,1,0.9937,0.8192,0.9303,0.2723,473.7848,340.9161,480.9118,330.9354,426.8333,683.9076,408.8764,667.6051,12.2642,24.2533,1.9776,0,0,0,0
366,1,0,0,0,1,1,0.9958,0.844,0.9379,0.3,450.9471,336.5118,450.7918,322.3878,435.3231,681.2122,354.4673,624.5111,14.1249,98.7556,6.9916,0,0,0,0
367,1,0,0,0,1,1,0.9958,0.844,0.938,0.3006,450.9216,336.3974,450.9958,322.3598,435.2624,681.1767,354.6219,624.223,14.0379,98.725,7.0328,0,0,0,0
368,1,0,0,0,1,1,0.9956,0.8546,0.9293,0.3115,430.7508,339.4544,421.0788,327.0758,437.3501,682.265,326.4755,609.4265,15.7091,132.6598,8.4448,0,0,0,0
369,1,0,0,0,1,1,0.9956,0.8521,0.929,0.3051,430.4886,339.3278,421.3995,326.8918,437.6524,682.5628,327.1465,611.9308,15.4034,131.1504,8.5144,0,0,0,0
370,1,0,0,1,0,1,0.9961,0.9226,0.9431,0.4654,409.1911,336.4908,403.6809,321.0733,421.0968,696.8858,276.7496,574.2916,16.3726,189.3818,11.567,0,0,0,0
371,1,0,0,1,0,1,0.9961,0.9227,0.9433,0.4655,409.1506,336.53,403.606,321.2137,421.1612,696.6014,276.644,574.3023,16.289,189.3206,11.6226,0,0,0,0
372,1,0,0,1,0,1,0.9903,0.9257,0.8894,0.5,393.9598,342.0662,373.5734,326.6642,413.4702,701.4444,249.5823,582.0008,25.5504,202.7955,7.9371,0,0,0,0
373,1,0,0,1,0,1,0.9964,0.9262,0.9508,0.5008,362.7788,339.8718,359.1866,327.7221,386.2223,693.8602,242.6204,580.759,12.6696,182.7932,14.4277,0,0,0,0
374,1,0,0,1,0,1,0.9964,0.9262,0.9508,0.5012,362.8784,339.8636,358.9625,327.741,386.2422,693.7656,242.5594,580.7918,12.7394,182.7781,14.3474,0,0,0,0
375,1,0,0,1,0,1,0.9963,0.9087,0.9502,0.4555,341.4538,346.8076,336.8789,327.073,345.7933,699.0896,235.4254,602.1487,20.2579,146.8967,7.2513,0,0,0,0
376,1,0,0,1,0,1,0.9963,0.9087,0.9504,0.4557,341.4301,346.8011,336.934,327.0935,345.8446,699.2076,235.4611,602.0808,20.214,147.0311,7.2737,0,0,0,0
377,1,0,0,1,0,1,0.9914,0.8678,0.9095,0.4023,323.4219,353.5865,314.0473,338.9616,294.3413,703.1878,225.3297,630.3126,17.3716,100.3663,5.7776,0,0,0,0
378,1,0,0,1,0,1,0.9914,0.8676,0.9089,0.4012,323.4136,353.6758,313.8314,339.0565,294.2982,703.309,225.3036,630.3552,17.4798,100.4117,5.7444,0,0,0,0
379,1,0,0,0,0,1,0.9931,0.865,0.8799,0.2386,301.863,345.5997,295.7512,337.6245,253.9842,702.0633,218.6068,683.5996,10.0478,39.9058,3.9716,0,0,0,0
380,1,0,0,0,0,1,0.9927,0.8959,0.8243,0.267,297.6898,345.4557,275.8506,332.8901,196.0018,697.5042,184.4196,673.4757,25.1961,26.6743,1.0587,0,0,0,0
381,1,0,0,0,0,1,0.9926,0.8959,0.8237,0.2669,297.6322,345.4363,276.0396,332.8445,195.9056,697.6266,184.5686,673.5091,24.9959,26.6492,1.0661,0,0,0,0
382,1,0,0,0,1,1,0.9954,0.8744,0.9399,0.3356,294.6715,340.718,262.5758,326.8851,184.7042,672.143,170.3232,643.344,34.9497,32.19,0.921,0,0,0,0
383,1,0,0,0,1,1,0.9954,0.8744,0.94,0.3358,294.6742,340.7336,262.6939,326.8706,184.9011,672.0558,170.3958,643.1784,34.8557,32.3157,0.9271,0,0,0,0
384,1,0,0,0,1,1,0.9961,0.8955,0.9533,0.3765,301.9,340.4284,237.81,330.565,190.5612,648.6576,165.5863,634.8438,64.8445,28.5406,0.4401,0,0,0,0
385,1,0,0,0,1,1,0.9961,0.8953,0.9532,0.377,301.8063,340.4215,237.9274,330.5997,190.4436,648.7976,165.4931,635.0086,64.6297,28.5073,0.4411,0,0,0,0
386,1,0,0,1,1,1,0.9959,0.9221,0.9527,0.4915,312.1168,341.0486,205.3812,329.4037,195.156,641.613,163.7064,624.9328,107.3689,35.5993,0.3316,0,0,0,0
387,1,0,0,1,1,1,0.9951,0.9522,0.9407,0.5928,325.0056,342.1063,170.5802,334.8169,221.6605,638.6565,151.9744,627.2982,154.5973,70.6057,0.4567,0,0,0,0
388,1,0,0,1,1,1,0.9951,0.9522,0.9408,0.5925,325.0366,342.1302,170.6163,334.8698,221.6701,638.6282,152.0967,627.3152,154.5909,70.4872,0.456,0,0,0,0
389,1,0,0,1,1,1,0.9924,0.9806,0.9049,0.7318,328.2034,339.3506,150.1205,337.5326,263.8517,643.3891,111.4154,647.2544,178.0922,152.4853,0.8562,0,0,0,0
390,1,0,0,1,1,1,0.9924,0.9807,0.9059,0.7338,328.2363,339.3301,150.1737,337.5953,263.8763,643.2086,111.0922,647.6646,178.071,152.8491,0.8584,0,0,0,0
391,1,0,0,1,1,1,0.989,0.9906,0.858,0.8479,337.2854,338.4652,130.0314,336.4254,296.141,647.3722,71.112,655.3014,207.264,225.1687,1.0864,0,0,0,0
392,1,0,0,1,1,1,0.989,0.9906,0.8578,0.8482,337.249,338.4857,130.1006,336.4622,296.1404,647.3784,71.1648,655.2786,207.1583,225.1143,1.0867,0,0,0,0
393,1,0,0,1,0,1,0.9877,0.9929,0.7982,0.8181,335.2646,336.859,110.3538,346.219,331.2733,667.7856,62.829,716.4574,225.1055,272.821,1.212,0,0,0,0
394,1,0,0,1,0,1,0.9877,0.9929,0.7979,0.8175,335.2556,336.8137,110.3905,346.2401,331.2745,667.7036,62.7986,716.5554,225.0626,272.8842,1.2125,0,0,0,0
395,1,0,0,1,0,1,0.9898,0.9947,0.6819,0.7698,340.6829,340.2142,100.5366,339.5236,354.2584,662.3099,50.5247,698.6976,240.1473,305.9057,1.2738,0,0,0,0
396,1,0,0,1,0,1,0.9898,0.9946,0.682,0.7696,340.679,340.1583,100.543,339.5389,354.279,662.3629,50.5839,698.8814,240.1367,305.8829,1.2738,0,0,0,0
397,1,0,0,1,1,1,0.9886,0.9948,0.6725,0.7926,334.4459,337.9396,101.6401,332.3196,362.9512,663.887,35.6302,689.2308,232.8736,328.3006,1.4098,0,0,0,0
398,1,0,0,1,0,1,0.9882,0.9922,0.6561,0.7407,330.9144,339.187,97.359,335.0535,364.4204,657.1692,29.5902,682.2301,233.592,335.7667,1.4374,0,0,0,0
399,1,0,0,1,0,1,0.9882,0.9923,0.6577,0.7424,330.8612,339.2363,97.4584,335.0195,364.3984,657.0263,29.6024,682.0336,233.4409,335.7286,1.4382,0,0,0,0
400,1,0,0,1,1,1,0.9877,0.9918,0.6479,0.7337,328.5242,338.6569,95.6358,334.9151,365.7368,654.9528,35.8254,684.9149,232.9184,331.2691,1.4223,0,0,0,0
401,1,0,0,1,1,1,0.9877,0.9918,0.649,0.7344,328.4407,338.5745,95.6834,334.9212,365.7179,654.8662,35.8386,684.8758,232.7859,331.2415,1.4229,0,0,0,0
402,1,0,0,1,0,1,0.9869,0.9909,0.6301,0.712,330.4109,342.1259,96.0829,339.6249,381.4518,658.8432,45.675,691.4928,234.3413,337.3605,1.4396,0,0,0,0
403,1,0,0,1,0,1,0.9869,0.9909,0.6313,0.7133,330.3757,342.0124,96.1393,339.634,381.4007,658.8904,45.7591,691.5625,234.2485,337.228,1.4396,0,0,0,0
404,1,0,0,1,0,1,0.9864,0.993,0.6102,0.7182,335.084,339.9196,99.311,347.5073,398.408,667.6316,61.8204,720.0,235.895,340.6371,1.444,0,0,0,0
405,1,0,0,1,0,1,0.9865,0.9931,0.6126,0.7196,335.0342,339.8145,99.3586,347.3874,398.4408,667.5655,61.9062,720.0,235.7973,340.595,1.4444,0,0,0,0
406,1,0,0,1,0,1,0.9861,0.9935,0.5726,0.7153,345.6339,344.265,109.217,346.782,422.3406,677.7661,72.0951,720.0,236.4303,352.7827,1.4921,0,0,0,0
407,1,0,0,1,0,1,0.9862,0.9935,0.573,0.7154,345.6948,344.4077,109.323,346.6902,422.3732,677.5805,71.9645,720.0,236.3828,352.9669,1.4932,0,0,0,0
408,1,0,0,1,0,1,0.9877,0.9939,0.6574,0.778,357.9558,345.0957,120.1706,350.8645,435.1621,665.4456,73.2877,720.0,237.8552,365.9635,1.5386,0,0,0,0
409,1,0,0,1,0,1,0.9846,0.9941,0.6758,0.8172,365.0894,348.8472,130.6439,348.8864,442.9365,659.6237,81.3838,720.0,234.4455,366.5592,1.5635,0,0,0,0
410,1,0,0,1,0,1,0.9847,0.9941,0.6776,0.8177,365.093,348.8231,130.6005,348.9494,442.8968,659.6196,81.3295,720.0,234.4926,366.5743,1.5633,0,0,0,0
411,1,0,0,1,0,1,0.9851,0.9917,0.6013,0.7476,374.6852,348.1591,158.6404,346.3336,452.086,684.4508,124.2425,702.2661,216.0525,328.3272,1.5197,0,0,0,0
412,1,0,0,1,0,1,0.9851,0.9916,0.5992,0.7459,374.7502,348.3155,158.5003,346.4051,452.1816,684.6678,124.4639,702.0464,216.2583,328.1783,1.5175,0,0,0,0
413,1,0,0,1,0,1,0.9792,0.9934,0.6776,0.8402,390.4612,339.6158,187.5154,339.0534,458.8648,672.1757,130.1848,720.0,202.9465,332.1411,1.6366,0,0,0,0
414,1,0,0,1,0,1,0.9792,0.9934,0.6782,0.8406,390.5222,339.5898,187.4441,339.0708,458.8886,672.0686,130.0293,720.0,203.0788,332.3339,1.6365,0,0,0,0
415,1,0,0,1,0,1,0.9508,0.991,0.4191,0.8049,391.8872,338.5323,215.0384,333.8787,462.5894,696.9951,199.3618,714.0734,176.9099,263.781,1.491,0,0,0,0
416,1,0,0,0,0,1,0.9122,0.9865,0.3327,0.7327,396.2977,332.5448,242.474,329.0383,433.9734,608.8254,210.0903,720.0,153.8637,249.9668,1.6246,0,0,0,0
417,1,0,0,0,0,1,0.9122,0.9865,0.3325,0.7327,396.3718,332.6084,242.403,329.0378,434.2846,608.9518,210.2282,720.0,154.0102,250.0659,1.6237,0,0,0,0
418,1,0,0,0,1,1,0.8652,0.9756,0.3604,0.7606,416.1121,318.7318,271.9946,327.223,460.6748,504.6628,300.778,649.5791,144.3675,215.7956,1.4948,0,0,0,0
419,1,0,0,0,1,1,0.8653,0.9757,0.361,0.7613,416.1053,318.7902,272.184,327.2753,460.7572,504.7957,300.8041,649.3406,144.1712,215.5881,1.4954,0,0,0,0
420,1,0,0,1,0,1,0.9215,0.988,0.444,0.7834,431.3727,319.0695,307.112,327.9654,472.2502,516.9736,299.3074,720.0,124.5787,266.7,2.1408,0,0,0,0
421,1,0,0,1,0,1,0.9215,0.988,0.4441,0.7835,431.3621,319.0351,307.0677,327.957,472.2238,516.9871,299.3112,720.0,124.6142,266.6702,2.14,0,0,0,0
422,1,0,0,0,0,1,0.9045,0.9801,0.2294,0.5933,454.4836,327.1567,336.9537,331.7927,496.4076,643.0271,343.3779,720.0,117.6214,171.2978,1.4563,0,0,0,0
423,1,0,0,0,0,1,0.8995,0.9834,0.2951,0.7015,483.6236,339.456,370.754,342.8447,539.1882,625.685,371.9012,720.0,112.9205,192.0422,1.7007,0,0,0,0
424,1,0,0,0,0,1,0.8994,0.9834,0.2957,0.7021,483.776,339.3385,370.7966,342.6866,539.1222,624.9502,371.7959,720.0,113.0289,192.4383,1.7026,0,0,0,0
425,1,0,0,0,0,1,0.8984,0.9854,0.2595,0.6917,513.3696,349.9258,410.4212,357.9346,564.0085,634.6932,407.4533,720.0,103.2594,178.2885,1.7266,0,0,0,0
426,1,0,0,0,0,1,0.898,0.9854,0.2586,0.6912,513.2761,349.9738,410.5217,357.787,564.4958,634.3924,407.6279,720.0,103.051,178.707,1.7342,0,0,0,0
427,1,0,0,0,0,1,0.8941,0.9799,0.2269,0.6361,554.515,363.651,450.9734,363.9251,619.1117,672.9144,461.6084,720.0,103.542,164.3908,1.5877,0,0,0,0
428,1,0,0,0,0,1,0.8937,0.9798,0.226,0.6349,554.4312,363.7753,451.08,364.0245,618.9555,672.7093,461.6914,720.0,103.3515,164.2206,1.589,0,0,0,0
429,1,0,0,0,0,1,0.8758,0.9699,0.2579,0.6463,591.7822,374.0054,497.2588,377.2092,666.8731,682.216,511.4664,720.0,94.5777,159.934,1.691,0,0,0,0
430,1,0,0,0,0,1,0.8765,0.9702,0.2599,0.6487,592.0542,373.9442,497.1844,377.2996,667.0265,682.1976,511.0726,720.0,94.9293,160.47,1.6904,0,0,0,0
431,1,0,0,0,0,1,0.862,0.9658,0.1725,0.5094,637.6979,364.0172,543.0058,374.2024,680.7458,677.118,569.4746,720.0,95.2383,119.2482,1.2521,0,0,0,0
432,1,0,0,0,0,1,0.8624,0.9659,0.1727,0.5093,637.557,363.8645,543.0465,374.2,680.8636,676.2156,569.4857,720.0,95.0739,119.6751,1.2588,0,0,0,0
433,1,0,0,0,0,1,0.866,0.9724,0.2127,0.6115,682.5389,353.6247,584.963,357.2208,715.5324,664.3648,600.9092,719.2376,97.6421,127.0807,1.3015,0,0,0,0
434,1,0,0,0,0,1,0.8881,0.9784,0.1934,0.5794,720.8912,350.5326,621.191,354.5894,759.2956,698.1566,654.648,720.0,99.7827,106.9031,1.0714,0,0,0,0
435,1,0,0,0,0,1,0.8881,0.9784,0.1936,0.5796,721.0558,350.5252,621.1334,354.5834,759.0176,698.1378,654.4924,720.0,100.0047,106.787,1.0678,0,0,0,0
436,1,0,0,0,0,1,0.8855,0.9817,0.2149,0.6324,753.1998,339.1721,651.3166,343.4308,791.7779,658.7575,691.9033,720.0,101.9722,117.1562,1.1489,0,0,0,0
437,1,0,0,0,0,1,0.8856,0.9818,0.2135,0.6309,753.3581,339.2067,651.376,343.4346,791.8651,659.9984,691.9729,720.0,102.0697,116.5274,1.1416,0,0,0,0
438,1,0,0,0,0,1,0.9173,0.9843,0.2597,0.6586,791.887,335.9726,679.1187,340.9033,840.3561,678.2578,721.8407,720.0,112.876,125.6515,1.1132,0,0,0,0
439,1,0,0,0,0,1,0.9172,0.9843,0.2592,0.6577,791.8576,336.0356,679.0834,340.9394,840.1575,677.982,721.8246,720.0,112.8808,125.5714,1.1124,0,0,0,0
440,1,0,0,0,0,1,0.9089,0.988,0.2086,0.6477,820.353,332.3043,708.8418,335.5431,868.834,672.0186,757.9441,720.0,111.5582,120.8254,1.0831,0,0,0,0
441,1,0,0,0,0,1,0.9096,0.988,0.2086,0.6476,820.5854,332.3669,708.7232,335.5541,870.6609,673.7846,758.0739,720.0,111.9077,121.7033,1.0875,0,0,0,0
442,1,0,0,1,0,1,0.9601,0.9831,0.5355,0.7469,851.8513,340.234,731.7506,333.0622,972.2178,684.092,770.1976,720.0,120.3146,205.1866,1.7054,0,0,0,0
443,1,0,0,1,0,1,0.9602,0.983,0.5358,0.7467,851.7721,340.169,731.7701,333.0134,972.113,684.0454,770.1112,720.0,120.2152,205.1767,1.7067,0,0,0,0
444,1,0,0,1,0,1,0.973,0.9863,0.6425,0.7669,880.4677,334.8639,749.3608,340.4056,1001.4146,676.0716,790.8266,720.0,131.2239,215.1208,1.6393,0,0,0,0
445,1,0,0,1,0,1,0.9734,0.9807,0.7141,0.7894,893.2184,332.0494,782.7035,335.215,1021.4218,674.1477,824.921,720.0,110.5602,201.7796,1.8251,0,0,0,0
446,1,0,0,1,0,1,0.9734,0.9807,0.714,0.789,893.325,332.0624,782.5835,335.2003,1021.5181,674.2546,824.8431,720.0,110.786,201.925,1.8227,0,0,0,0
447,1,0,0,1,0,1,0.9692,0.985,0.6211,0.7799,900.6088,335.3641,821.8445,340.6794,1022.1638,678.34,861.701,720.0,78.9435,165.7826,2.1,0,0,0,0
448,1,0,0,1,0,1,0.9691,0.985,0.6206,0.7798,900.5298,335.3605,821.9331,340.6578,1022.1464,678.3526,861.7136,720.0,78.775,165.7504,2.1041,0,0,0,0
449,1,0,0,0,0,1,0.926,0.9841,0.3234,0.706,889.7081,333.6608,867.1711,334.6178,999.6487,682.2558,933.1174,720.0,22.5573,76.4921,3.391,0,0,0,0
450,1,0,0,0,0,1,0.9259,0.984,0.3205,0.7025,889.6785,333.8752,867.2557,334.7046,1001.5387,682.2541,932.2902,720.0,22.4381,78.8676,3.5149,0,0,0,0
451,1,0,0,0,0,1,0.9079,0.9738,0.1232,0.3101,888.3798,335.7311,899.2195,350.2076,1000.2252,696.6988,1002.3249,720.0,18.085,23.3957,1.2936,0,0,0,0
452,1,0,0,0,0,1,0.8886,0.9673,0.1198,0.2909,880.4969,322.2466,956.0851,362.9537,1022.787,654.2359,1049.572,714.576,85.8525,66.0178,0.769,0,0,0,0
453,1,0,0,0,0,1,0.8887,0.9673,0.1198,0.291,880.4639,322.185,956.0533,362.9892,1022.808,654.0221,1049.6866,714.5022,85.8996,66.1838,0.7705,0,0,0,0
454,1,0,0,0,0,1,0.8875,0.97,0.164,0.3897,866.924,323.24,1020.554,358.7314,1009.1154,667.1934,1119.0198,707.9462,157.6764,117.2168,0.7434,0,0,0,0
455,1,0,0,0,0,1,0.8874,0.9697,0.1641,0.3885,867.0693,323.3051,1020.2242,358.564,1011.4956,666.7184,1118.9735,707.8651,157.1611,115.085,0.7323,0,0,0,0
456,1,0,0,0,0,1,0.9808,0.9839,0.4127,0.322,867.7167,317.5112,1101.895,360.4503,841.4556,651.6116,1117.089,716.8927,238.0825,283.2586,1.1897,0,0,0,0
457,1,0,0,0,0,1,0.9808,0.984,0.4118,0.3218,867.5996,317.5804,1102.047,360.32,841.8652,651.4578,1117.382,716.9332,238.3113,283.1899,1.1883,0,0,0,0
458,1,0,0,0,0,1,0.9915,0.9846,0.5774,0.2959,873.0364,330.2823,1145.0544,352.3536,812.3784,698.4926,1151.7921,720.0,272.912,340.0944,1.2462,0,0,0,0
459,1,0,0,0,0,1,0.9937,0.9867,0.5493,0.2498,863.9664,335.4651,1168.0463,362.5029,818.166,720.0,1140.6765,712.2569,305.2795,322.6034,1.0567,0,0,0,0
460,1,0,0,0,0,1,0.9937,0.9867,0.5503,0.2497,864.044,335.4089,1167.9423,362.3436,818.2602,720.0,1140.795,712.2412,305.0895,322.6282,1.0575,0,0,0,0
461,1,0,0,0,0,1,0.9952,0.9858,0.6006,0.2358,873.205,331.3307,1172.5414,353.9149,811.6155,720.0,1137.6588,707.0636,300.1871,326.2999,1.087,0,0,0,0
462,1,0,0,0,0,1,0.9952,0.9859,0.6013,0.2365,873.2433,331.2705,1172.564,353.8034,811.7268,720.0,1137.7778,706.9494,300.1676,326.312,1.0871,0,0,0,0
463,1,0,0,0,0,1,0.9955,0.9863,0.6391,0.2811,876.8676,330.8539,1167.259,347.2974,817.338,720.0,1138.3463,700.1592,290.8567,321.6208,1.1058,0,0,0,0
464,1,0,0,0,0,1,0.9955,0.9863,0.6392,0.281,876.9849,330.9352,1167.2549,347.2803,817.3216,720.0,1138.3655,699.7439,290.7298,321.6823,1.1065,0,0,0,0
465,1,0,0,0,0,1,0.9926,0.98,0.6124,0.2844,883.0292,335.1669,1155.4587,339.2692,805.8953,720.0,1153.9435,700.925,272.4604,348.5705,1.2793,0,0,0,0
466,1,0,0,0,0,1,0.9925,0.98,0.6127,0.2849,883.1255,335.148,1155.3817,339.2545,805.8122,720.0,1153.7539,700.7356,272.2872,348.4746,1.2798,0,0,0,0
467,1,0,0,0,0,1,0.9927,0.9774,0.6474,0.3493,891.6937,331.0802,1129.7131,331.6102,858.1135,715.2841,1113.1519,651.931,238.02,262.7893,1.1041,0,0,0,0
468,1,0,0,0,0,1,0.9927,0.9774,0.6473,0.3491,891.6931,331.061,1129.7905,331.6104,858.0712,715.0935,1113.0728,651.6304,238.098,262.7801,1.1037,0,0,0,0
469,1,0,0,0,0,1,0.9932,0.9586,0.5977,0.1919,892.7371,330.0836,1104.7952,324.636,878.323,720.0,1024.0125,689.7836,212.1281,148.79,0.7014,0,0,0,0
470,1,0,0,0,0,1,0.9918,0.9531,0.5745,0.1976,895.4795,328.6256,1077.3962,321.0647,878.7092,720.0,949.6392,688.1634,182.0738,77.7473,0.427,0,0,0,0
471,1,0,0,0,0,1,0.9918,0.9532,0.575,0.1979,895.5607,328.6232,1077.4016,321.0271,878.6763,720.0,949.4997,688.1563,181.9995,77.6529,0.4267,0,0,0,0
472,1,0,0,0,0,1,0.9915,0.941,0.6545,0.2344,884.7118,329.09,1048.7517,322.8129,897.3221,720.0,950.795,685.2962,164.16,63.7472,0.3883,0,0,0,0
473,1,0,0,0,0,1,0.9915,0.9408,0.6543,0.234,884.637,329.0116,1048.7418,322.7874,897.363,720.0,950.8853,685.2906,164.2228,63.7917,0.3884,0,0,0,0
474,1,0,0,0,0,1,0.9913,0.9139,0.6628,0.1717,869.6201,325.2451,1018.5861,318.0052,892.0262,720.0,934.7003,704.0305,149.1418,45.5642,0.3055,0,0,0,0
475,1,0,0,0,0,1,0.9913,0.914,0.6625,0.1717,869.573,325.2167,1018.4828,317.9857,892.0044,720.0,934.7434,704.0706,149.0853,45.6111,0.3059,0,0,0,0
476,1,0,0,0,0,1,0.9919,0.9195,0.6447,0.1822,855.5877,330.7055,991.9825,320.0719,868.9174,720.0,919.5854,703.8456,136.8087,53.181,0.3887,0,0,0,0
477,1,0,0,0,0,1,0.9919,0.9195,0.6448,0.1826,855.5287,330.7002,991.9958,320.0581,869.0049,720.0,920.0096,703.761,136.8814,53.5274,0.391,0,0,0,0
478,1,0,0,0,0,1,0.9858,0.8667,0.4694,0.1122,831.4093,338.4732,964.2449,319.6226,835.7932,720.0,875.4518,670.9696,134.1664,63.0618,0.47,0,0,0,0
479,1,0,0,0,0,1,0.9856,0.8663,0.4648,0.1114,831.3291,338.6312,964.2907,319.8335,835.7508,720.0,875.5216,671.1476,134.2838,62.9942,0.4691,0,0,0,0
480,1,0,0,0,0,1,0.9875,0.8966,0.5746,0.1279,806.1644,334.7508,949.6425,318.6153,790.1618,720.0,839.3942,704.2998,144.3825,51.6753,0.3579,0,0,0,0
481,1,0,0,0,0,1,0.992,0.9215,0.6099,0.1674,784.902,334.4703,914.1717,316.4488,739.987,720.0,787.5391,683.8247,130.5199,59.7483,0.4578,0,0,0,0
482,1,0,0,0,0,1,0.992,0.9214,0.6107,0.1675,784.8982,334.4409,914.1127,316.4229,740.0454,720.0,787.5102,683.9074,130.4647,59.6287,0.457,0,0,0,0
483,1,0,0,0,0,1,0.9951,0.9248,0.7652,0.1683,759.2473,327.1664,891.5214,317.3049,686.1404,715.7141,722.8992,690.9494,132.6411,44.3227,0.3342,0,0,0,0
484,1,0,0,0,0,1,0.9952,0.9256,0.7667,0.1694,759.2459,327.0629,891.4615,317.2288,686.1288,715.6122,722.7646,690.9188,132.5808,44.1808,0.3332,0,0,0,0
485,1,0,0,0,0,1,0.9939,0.9175,0.6971,0.128,730.9226,329.7958,873.8542,315.6594,636.1224,707.3308,711.3161,676.1922,143.6289,81.3861,0.5666,0,0,0,0
486,1,0,0,0,0,1,0.9939,0.9178,0.6996,0.1291,731.0808,329.6128,873.7444,315.6085,636.3012,707.0448,710.9992,676.2455,143.3493,80.7984,0.5636,0,0,0,0
487,1,0,0,0,0,1,0.9958,0.9222,0.8078,0.1736,707.0314,333.0888,840.8595,322.4688,587.0583,700.3742,657.2794,663.2942,134.2488,79.4098,0.5915,0,0,0,0
488,1,0,0,0,1,1,0.995,0.9364,0.8117,0.2254,677.508,341.8464,811.81,322.1467,540.4054,685.9148,603.5782,660.4994,135.7391,68.0937,0.5017,0,0,0,0
489,1,0,0,0,1,1,0.995,0.9362,0.8114,0.2249,677.456,341.8649,811.7899,322.1626,540.1108,686.0324,603.1926,660.4173,135.771,68.0841,0.5015,0,0,0,0
490,1,0,0,0,0,1,0.9966,0.9456,0.8095,0.2101,649.4647,352.366,784.9806,332.3972,483.9616,715.6532,567.4797,670.2414,136.9792,95.0658,0.694,0,0,0,0
491,1,0,0,0,0,1,0.9966,0.9457,0.81,0.2102,649.5484,352.195,784.8304,332.1752,483.8806,715.6969,567.162,670.2531,136.7553,94.8732,0.6937,0,0,0,0
492,1,0,0,0,1,1,0.9963,0.9522,0.8436,0.2871,626.5001,358.2461,750.4812,331.5005,463.4699,688.2997,558.0396,642.0066,126.8332,105.2924,0.8302,0,0,0,0
493,1,0,0,0,1,1,0.9963,0.9523,0.8438,0.2876,626.4096,358.188,750.536,331.4129,463.5055,688.1532,557.8759,642.284,126.9814,104.9273,0.8263,0,0,0,0
494,2,1,0,0,1,1,0.9947,0.9461,0.6984,0.2168,596.63,365.7805,709.7123,340.1082,445.8844,687.8876,510.9444,617.8144,115.9598,95.6193,0.8246,0,0,0,0
494,2,1,9,0,1,1,0.7365,0.7131,0.0987,0.069,68.2869,356.0503,91.7813,354.3374,31.3591,398.5156,66.1902,401.0016,23.5567,34.9197,1.4824,0,0,0,0
495,1,0,0,0,0,1,0.9945,0.9433,0.845,0.2919,553.373,361.0746,675.7549,343.2677,419.4916,691.1922,474.6999,662.0322,123.6706,62.4361,0.5049,0,0,0,0
496,1,0,0,0,0,1,0.9945,0.9434,0.8451,0.2919,553.3546,361.1154,675.6646,343.277,419.4832,691.2329,474.7992,662.0082,123.6041,62.5615,0.5061,0,0,0,0
497,1,0,0,0,0,1,0.9965,0.9464,0.8667,0.2765,525.7732,352.2712,642.3174,339.2556,409.2417,699.9365,455.7666,660.896,117.2687,60.735,0.5179,0,0,0,0
498,1,0,0,0,0,1,0.9964,0.9462,0.8662,0.2758,525.6499,352.384,642.2044,339.2819,409.1504,700.0735,455.5099,660.979,117.2886,60.643,0.517,0,0,0,0
499,1,0,0,0,0,1,0.9925,0.9489,0.6783,0.2655,502.3955,347.2766,605.0644,334.9832,405.8855,698.2282,437.545,672.6438,103.4023,40.7049,0.3937,0,0,0,0
500,1,0,0,0,0,1,0.9925,0.9488,0.6779,0.265,502.434,347.2956,604.8544,335.0723,405.7445,698.4253,436.8834,673.05,103.1472,40.1689,0.3894,0,0,0,0
501,1,0,0,0,0,1,0.9941,0.9397,0.7898,0.2735,476.909,347.5394,575.96,336.3435,396.6266,714.6551,414.8934,674.8092,99.6817,43.8335,0.4397,0,0,0,0
502,1,0,0,0,0,1,0.9941,0.9397,0.7894,0.273,476.8297,347.6303,576.151,336.3871,396.633,714.7148,415.0191,674.8612,99.9557,43.8903,0.4391,0,0,0,0
503,1,0,0,0,0,1,0.9903,0.9126,0.686,0.228,456.2988,342.1016,546.9045,329.1634,394.2516,694.7654,404.097,651.4479,91.5248,44.4223,0.4854,0,0,0,0
504,1,0,0,0,0,1,0.9949,0.9149,0.805,0.216,430.3528,339.1808,529.7328,319.216,382.7948,702.9448,397.4098,658.6506,101.3656,46.643,0.4601,0,0,0,0
505,1,0,0,0,0,1,0.9949,0.9149,0.8049,0.2158,430.3535,339.1768,529.7616,319.2242,382.8192,702.9024,397.3946,658.5314,101.3907,46.7036,0.4606,0,0,0,0
506,1,0,0,0,0,1,0.9917,0.9255,0.6735,0.2204,407.0046,339.5652,504.612,319.3516,366.8258,711.258,385.7382,666.889,99.6785,48.2316,0.4839,0,0,0,0
507,1,0,0,0,0,1,0.9917,0.9254,0.6756,0.2209,406.9587,339.5418,504.705,319.3251,366.8032,711.2518,385.6112,666.7824,99.8151,48.2832,0.4837,0,0,0,0
508,1,0,0,0,0,1,0.9934,0.9304,0.7505,0.266,381.1662,335.0576,483.706,322.3776,351.2105,690.0372,380.7067,660.315,103.3208,41.8741,0.4053,0,0,0,0
509,1,0,0,0,0,1,0.9934,0.9304,0.7503,0.2659,381.1925,335.078,483.702,322.3801,351.1769,690.0914,380.642,660.3718,103.293,41.8503,0.4052,0,0,0,0
510,1,0,0,0,0,1,0.9911,0.9133,0.6441,0.188,350.7858,341.6037,468.2432,319.5114,318.5379,701.1896,375.9858,647.5666,119.517,78.5856,0.6575,0,0,0,0
511,1,0,0,0,0,1,0.9911,0.9133,0.6428,0.1874,350.7237,341.6652,468.3803,319.4344,318.4586,701.1093,375.8592,647.2282,119.7384,78.7274,0.6575,0,0,0,0
512,1,0,0,0,0,1,0.9857,0.9265,0.5286,0.2373,311.7316,347.6424,442.9608,323.0402,281.5024,703.4383,407.156,610.9298,133.5154,156.0341,1.1687,0,0,0,0
513,1,0,0,0,0,1,0.9857,0.9264,0.5295,0.238,311.7174,347.6948,442.9542,323.1167,281.5965,703.3091,407.6052,610.5602,133.5185,156.4626,1.1718,0,0,0,0
514,1,0,0,0,0,1,0.9854,0.9546,0.4292,0.2215,274.0138,355.675,427.8229,334.9986,245.3404,713.6111,387.8006,639.0928,155.1926,160.7728,1.036,0,0,0,0
515,1,0,0,0,0,1,0.9854,0.9546,0.4283,0.2214,274.0086,355.7195,427.8514,334.9725,245.4748,713.5575,388.1424,639.0204,155.2354,160.9653,1.0369,0,0,0,0
516,1,0,0,0,0,1,0.9819,0.9465,0.3978,0.1887,227.4381,370.4371,425.2403,342.1362,198.0128,719.9732,372.4309,629.889,199.8165,196.3079,0.9824,0,0,0,0
517,1,0,0,0,0,1,0.9778,0.9636,0.4197,0.2965,188.5861,375.5428,397.1122,354.4162,151.8173,720.0,393.3258,677.9206,209.5936,245.1469,1.1696,0,0,0,0
518,1,0,0,0,0,1,0.9778,0.9636,0.4212,0.2974,188.7442,375.2738,397.0386,354.3282,151.6984,720.0,393.1288,678.475,209.3449,244.9755,1.1702,0,0,0,0
519,1,0,0,1,0,1,0.9902,0.9888,0.4951,0.4962,158.482,355.964,367.1438,345.3674,130.7394,703.2906,405.3309,682.2558,208.9307,275.396,1.3181,0,0,0,0
520,1,0,0,1,0,1,0.9901,0.9888,0.4967,0.4986,158.6297,355.626,367.3256,345.4027,130.2448,703.0322,405.0384,681.9897,208.9461,275.5981,1.319,0,0,0,0
521,1,0,0,1,0,1,0.993,0.9933,0.4882,0.5291,146.3548,345.2398,353.8618,340.5557,113.4085,694.6037,407.2444,685.9528,207.5599,293.9632,1.4163,0,0,0,0
522,1,0,0,1,0,1,0.993,0.9933,0.4875,0.5293,146.3587,345.3468,353.995,340.5464,113.3656,694.9515,407.325,686.3177,207.6917,294.0861,1.416,0,0,0,0
523,1,0,0,1,1,1,0.9893,0.9942,0.5071,0.6835,147.3566,336.0756,330.662,334.4298,104.812,669.85,402.7786,665.2826,183.3128,298.0016,1.6256,0,0,0,0
524,1,0,0,0,1,1,0.9821,0.9947,0.3794,0.6967,146.6019,330.2314,318.4155,327.7614,141.1965,651.1716,398.4189,677.933,171.8314,258.6108,1.505,0,0,0,0
525,1,0,0,0,1,1,0.982,0.9947,0.3779,0.6962,146.5888,330.2768,318.3694,327.8165,141.2966,651.1925,398.3345,677.9363,171.7983,258.4254,1.5042,0,0,0,0
526,1,0,0,0,0,1,0.9641,0.996,0.3072,0.7762,158.9217,330.9412,302.9808,327.6876,233.4724,630.9706,378.8417,692.5584,144.0958,157.8775,1.0956,0,0,0,0
527,1,0,0,0,0,1,0.9642,0.996,0.3072,0.7761,158.8346,330.941,302.9885,327.8257,232.9828,630.7281,378.8588,692.5703,144.1876,158.4433,1.0989,0,0,0,0
528,1,0,0,0,0,1,0.9502,0.9943,0.3233,0.7939,184.7089,328.4338,293.8309,327.0922,293.5444,646.704,348.5894,690.818,109.1303,70.5407,0.6464,0,0,0,0
529,1,0,0,0,0,1,0.9502,0.9943,0.3235,0.7938,184.7894,328.4003,293.785,327.0505,293.9632,646.8791,348.5766,690.9364,109.0039,70.1689,0.6437,0,0,0,0
530,1,0,0,0,0,1,0.9365,0.994,0.3354,0.819,203.1394,323.7608,295.1196,325.8344,296.0834,645.0802,329.8485,699.414,92.0036,63.9706,0.6953,0,0,0,0
531,1,0,0,0,0,1,0.9314,0.9943,0.3242,0.8195,217.8114,324.4938,302.5396,326.5196,284.9322,633.3714,316.1655,695.3359,84.7525,69.391,0.8187,0,0,0,0
532,1,0,0,0,0,1,0.9313,0.9942,0.3239,0.8194,217.8101,324.4928,302.5608,326.4866,284.9638,633.5744,316.1838,695.4034,84.7741,69.2641,0.817,0,0,0,0
533,1,0,0,0,0,1,0.9293,0.9923,0.259,0.7563,257.3894,329.5505,302.3072,332.2556,318.6126,660.8068,331.9768,711.4387,44.9992,52.366,1.1637,0,0,0,0
534,1,0,0,0,0,1,0.9292,0.9923,0.2583,0.7564,257.1588,329.5275,302.3565,332.1042,318.2382,661.1377,331.8548,711.4485,45.2711,52.1209,1.1513,0,0,0,0
535,1,0,0,1,0,1,0.9356,0.9927,0.5034,0.8768,283.3734,333.6792,318.0422,334.3104,367.8144,605.799,336.8049,707.1338,34.6745,105.9732,3.0562,0,0,0,0
536,1,0,0,1,0,1,0.9353,0.9927,0.5029,0.8766,283.2712,333.7125,318.0795,334.3203,367.5976,605.8104,336.7404,707.2927,34.8136,106.0699,3.0468,0,0,0,0
537,1,0,0,1,0,1,0.9327,0.9934,0.4689,0.8749,299.6721,327.9993,340.9096,334.108,385.942,602.0569,364.8931,704.9273,41.6875,105.0018,2.5188,0,0,0,0
538,1,0,0,1,0,1,0.9326,0.9934,0.4689,0.875,299.6898,328.0044,340.8806,334.1224,385.9534,602.0152,364.8746,704.9202,41.6426,105.0416,2.5225,0,0,0,0
539,1,0,0,1,0,1,0.9111,0.9927,0.4195,0.8696,335.4747,326.6389,357.1269,330.0889,406.0542,603.9563,383.5048,700.0288,21.9253,98.6834,4.5009,0,0,0,0
540,1,0,0,1,0,1,0.9111,0.9927,0.4195,0.8697,335.4368,326.6761,357.1224,330.1053,406.1632,603.9464,383.5646,700.0796,21.955,98.7537,4.498,0,0,0,0
541,1,0,0,0,1,1,0.8942,0.9891,0.3613,0.8259,356.9294,325.2781,387.0392,330.8638,426.1724,624.2832,432.9146,686.6465,30.6235,62.7267,2.0483,0,0,0,0
542,1,0,0,1,0,1,0.9119,0.9922,0.445,0.8873,394.6601,332.0907,412.1945,332.3728,458.159,625.396,472.4612,690.3145,17.5367,66.4753,3.7906,0,0,0,0
543,1,0,0,1,0,1,0.9117,0.9922,0.4449,0.8873,394.8873,332.1871,412.1094,332.4178,458.3217,625.4966,472.3908,690.3235,17.2236,66.336,3.8515,0,0,0,0
544,1,0,0,1,1,1,0.9342,0.9928,0.4702,0.8687,418.4731,324.0971,443.5482,331.3996,501.3294,605.6008,526.4064,682.0932,26.1168,80.4982,3.0822,0,0,0,0
545,1,0,0,1,1,1,0.934,0.9928,0.4698,0.8685,418.4886,324.0906,443.5606,331.4243,501.3831,605.4204,526.4401,682.0871,26.1225,80.6575,3.0877,0,0,0,0
546,1,0,0,1,1,1,0.928,0.9897,0.4791,0.865,442.908,327.506,473.7056,325.3199,533.8162,632.7886,554.6665,654.3606,30.875,30.0014,0.9717,0,0,0,0
547,1,0,0,1,1,1,0.9279,0.9897,0.4794,0.8652,442.9382,327.4506,473.6934,325.12,533.6439,632.6552,554.5876,654.05,30.8434,29.9396,0.9707,0,0,0,0
548,1,0,0,0,1,1,0.9208,0.9915,0.3835,0.8663,468.7824,326.8656,501.5966,324.8682,585.3532,637.8318,596.4275,653.8898,32.875,19.5064,0.5934,0,0,0,0
549,1,0,0,0,1,1,0.921,0.9915,0.384,0.8663,468.6968,326.778,501.7408,324.9194,584.8064,636.9625,596.3637,653.3528,33.0963,20.0552,0.606,0,0,0,0
550,1,0,0,1,1,1,0.9247,0.9887,0.4566,0.8571,493.6954,335.1863,528.5946,330.2503,599.5929,631.6738,634.1064,653.611,35.2465,40.8953,1.1603,0,0,0,0
551,1,0,0,1,1,1,0.9248,0.9887,0.4567,0.8574,493.6641,335.2213,528.6788,330.263,599.899,632.0164,634.271,653.7591,35.364,40.6716,1.1501,0,0,0,0
552,1,0,0,1,1,1,0.935,0.9921,0.4504,0.8629,538.1979,334.5371,555.8276,332.596,636.0683,622.9955,667.1864,656.7938,17.7363,45.942,2.5903,0,0,0,0
553,1,0,0,1,1,1,0.9265,0.9889,0.507,0.8648,567.8908,344.4818,581.0906,342.1176,659.739,626.7042,686.4754,650.2956,13.4099,35.6566,2.659,0,0,0,0
554,1,0,0,1,1,1,0.9267,0.9889,0.5077,0.8649,567.8998,344.4588,581.0641,342.1547,659.6432,626.2956,686.5974,650.3648,13.3644,36.1366,2.7039,0,0,0,0
555,1,0,0,1,1,1,0.9335,0.9919,0.4886,0.8831,614.5524,349.5416,616.8958,346.0506,696.9528,639.8268,714.7638,667.9977,4.2045,33.3291,7.9271,0,0,0,0
556,1,0,0,1,1,1,0.9334,0.9919,0.4883,0.8829,614.5583,349.6064,616.9732,346.0474,697.003,639.6236,714.7747,668.0371,4.301,33.5136,7.792,0,0,0,0
557,1,0,0,1,1,1,0.8995,0.9904,0.4702,0.8986,638.261,352.2887,650.0426,352.0504,713.3775,640.0128,731.25,669.5836,11.784,34.5522,2.9321,0,0,0,0
558,1,0,0,1,1,1,0.8996,0.9904,0.4697,0.8986,637.9305,352.3526,650.1484,352.1234,713.2422,640.0722,731.273,669.5922,12.22,34.591,2.8307,0,0,0,0
559,1,0,0,1,1,1,0.9246,0.9907,0.5051,0.8847,667.6916,349.0576,690.19,351.4854,744.771,645.007,760.6222,685.0312,22.629,43.0488,1.9024,0,0,0,0
560,1,0,0,1,1,1,0.8794,0.9743,0.4383,0.8073,701.5492,338.0756,722.8313,347.8752,764.7885,656.64,776.0431,688.0409,23.4299,33.3569,1.4237,0,0,0,0
561,1,0,0,1,1,1,0.8794,0.9743,0.4383,0.8074,701.5678,338.0796,722.8422,347.881,764.8086,656.645,776.0294,688.0365,23.4236,33.3367,1.4232,0,0,0,0
562,1,0,0,1,1,1,0.8981,0.9815,0.4249,0.8062,733.4868,335.1313,757.2985,341.64,793.3462,656.6931,793.5854,689.0182,24.6852,32.326,1.3095,0,0,0,0
563,1,0,0,1,1,1,0.8981,0.9815,0.4231,0.8049,733.3414,335.1584,757.3896,341.7279,793.271,656.5785,793.592,689.083,24.9293,32.5061,1.3039,0,0,0,0
564,1,0,0,0,1,1,0.8271,0.9845,0.3977,0.8774,767.9874,337.6476,783.8634,341.9307,827.1296,645.9986,810.0074,689.1964,16.4436,46.4675,2.8259,0,0,0,0
565,1,0,0,0,1,1,0.8287,0.9846,0.3994,0.878,767.9188,338.0923,783.737,342.3996,827.0802,646.1916,810.073,689.4506,16.3943,46.4821,2.8353,0,0,0,0
566,1,0,0,0,0,1,0.8803,0.9825,0.3621,0.8085,797.8826,333.7805,817.0385,341.7204,846.1758,659.154,833.4954,700.9906,20.7362,43.716,2.1082,0,0,0,0
567,1,0,0,1,1,1,0.8794,0.989,0.4353,0.8845,831.9312,334.8876,841.5859,343.4718,890.36,621.9475,855.0938,683.6004,12.919,71.0266,5.4978,0,0,0,0
568,1,0,0,1,1,1,0.8797,0.989,0.4367,0.885,832.5072,334.7791,841.4985,343.4646,891.3972,621.3217,855.2046,683.6042,12.5013,72.0349,5.7622,0,0,0,0
569,1,0,0,1,1,1,0.9163,0.9833,0.4582,0.8264,858.4641,332.604,869.0482,341.834,936.665,616.4829,870.7646,689.3844,14.0434,98.2725,6.9978,0,0,0,0
570,1,0,0,1,1,1,0.9163,0.9833,0.4567,0.8257,858.619,332.6376,869.1028,341.9244,936.216,616.8094,870.7356,689.296,14.0055,97.6831,6.9746,0,0,0,0
571,1,0,0,1,1,1,0.9373,0.9844,0.6573,0.8973,902.5612,341.7974,887.1315,341.0686,1034.4062,585.0952,907.8358,686.7012,15.4469,162.3079,10.5075,0,0,0,0
572,1,0,0,1,1,1,0.937,0.9844,0.6569,0.8974,902.0605,341.6515,887.4049,340.8868,1034.2256,585.1366,907.809,686.678,14.6755,162.1476,11.0489,0,0,0,0
573,1,0,0,1,0,1,0.9504,0.9922,0.6027,0.895,922.2996,342.1585,923.5079,345.251,1053.6183,577.33,944.6101,711.405,3.3201,172.7973,52.0451,0,0,0,0
574,1,0,0,1,0,1,0.9504,0.9922,0.6029,0.8949,922.3234,342.2104,923.4615,345.2955,1053.7355,577.3592,944.6055,711.4378,3.2884,172.877,52.5718,0,0,0,0
575,1,0,0,1,0,1,0.9384,0.9819,0.6122,0.8431,950.2126,347.2351,947.5012,353.3729,1068.7449,586.0611,988.6936,710.2419,6.71,147.7467,22.0189,0,0,0,0
576,1,0,0,1,0,1,0.932,0.985,0.603,0.873,968.4124,351.0274,993.0054,359.9369,1092.239,597.2517,1037.7953,706.8084,26.1572,122.3389,4.6771,0,0,0,0
577,1,0,0,1,0,1,0.932,0.985,0.6034,0.8732,968.4928,351.1495,992.9394,360.0024,1092.2787,597.3081,1037.9138,706.7756,26.0002,122.2239,4.7009,0,0,0,0
578,1,0,0,1,0,1,0.9083,0.9744,0.4618,0.7803,1002.4465,359.007,1019.2438,369.9805,1096.4668,618.1205,1086.0299,720.0,20.0641,102.4127,5.1043,0,0,0,0
579,1,0,0,1,0,1,0.9079,0.9743,0.4607,0.7796,1002.4736,359.3012,1019.432,370.2348,1096.5383,618.1784,1086.195,720.0,20.1775,102.3457,5.0723,0,0,0,0
580,1,0,0,0,0,1,0.9019,0.9893,0.284,0.7801,1005.3859,357.955,1070.6272,363.8004,1117.4224,656.3488,1158.1753,701.8015,65.5026,61.0472,0.932,0,0,0,0
581,1,0,0,0,0,1,0.9017,0.9892,0.2831,0.7792,1005.5598,358.0052,1070.4949,363.7677,1117.939,656.4442,1158.4426,701.9771,65.1902,60.9408,0.9348,0,0,0,0
582,1,0,0,0,1,1,0.9112,0.9796,0.3975,0.8031,1032.123,351.5872,1106.1433,359.039,1187.6709,651.499,1209.1901,674.8784,74.3944,31.7753,0.4271,0,0,0,0
583,1,0,0,0,1,1,0.9113,0.9796,0.3982,0.8035,1032.2301,351.5688,1106.1779,359.0123,1187.724,651.5434,1209.1561,674.8814,74.3214,31.6859,0.4263,0,0,0,0
584,1,0,0,0,0,1,0.9233,0.9876,0.2188,0.6672,1041.5177,354.4971,1149.1149,357.059,1172.1265,628.7984,1261.7109,664.8896,107.6277,96.5813,0.8974,0,0,0,0
585,1,0,0,0,0,1,0.9237,0.9877,0.219,0.6674,1041.3246,354.5126,1149.1769,357.0138,1171.2544,628.584,1261.7662,664.849,107.8813,97.5066,0.9038,0,0,0,0
586,1,0,0,1,0,1,0.9788,0.9892,0.5206,0.6876,1059.0386,340.6145,1191.0555,354.1548,1061.1274,608.2748,1280.0,648.0984,132.7095,222.466,1.6763,0,0,0,0
587,1,0,0,1,0,1,0.9789,0.9892,0.5212,0.687,1059.0121,340.6371,1191.0841,354.1662,1061.2052,608.3052,1280.0,648.2002,132.7632,222.4023,1.6752,0,0,0,0
588,1,0,0,1,0,1,0.9885,0.9829,0.6335,0.5283,1069.339,341.5512,1233.1145,352.1712,1055.7802,629.6097,1275.5018,635.737,164.1195,219.8071,1.3393,0,0,0,0
589,1,0,0,0,0,1,0.9906,0.9637,0.657,0.3282,1078.2731,345.5522,1257.9735,346.8478,1047.5298,639.0023,1251.645,612.7196,179.7051,205.8004,1.1452,0,0,0,0
590,1,0,0,0,0,1,0.9906,0.9639,0.6572,0.3295,1078.3241,345.5902,1257.954,346.8427,1047.3826,638.8889,1251.633,612.5794,179.6342,205.938,1.1464,0,0,0,0
591,1,0,0,0,0,1,0.9905,0.9068,0.7064,0.1706,1088.4584,346.8076,1280.0,348.7089,1039.9651,632.9864,1209.4568,601.6747,191.5511,172.3597,0.8998,0,0,0,0
592,1,0,0,0,0,1,0.9905,0.9064,0.7066,0.1697,1088.4694,346.7826,1280.0,348.7268,1039.9381,632.9856,1208.9751,601.7542,191.5405,171.8979,0.8974,0,0,0,0
593,1,0,0,0,0,1,0.9933,0.854,0.7826,0.1116,1102.5378,344.5029,1280.0,342.947,1040.3483,636.5102,1182.4628,599.2576,177.469,146.9159,0.8278,0,0,0,0
594,1,0,0,0,0,1,0.9933,0.8543,0.7824,0.1115,1102.4908,344.5375,1280.0,342.9928,1040.2712,636.6083,1182.5051,599.4765,177.5159,147.0008,0.8281,0,0,0,0
595,1,0,0,0,0,1,0.9933,0.8332,0.7854,0.1017,1109.6499,341.0343,1280.0,338.9981,1050.9991,642.7378,1179.1278,601.7672,170.3623,134.5197,0.7896,0,0,0,0
596,1,0,0,0,0,1,0.9942,0.8498,0.7623,0.0936,1113.9933,339.3824,1280.0,336.1218,1062.7437,644.3854,1183.8811,605.0553,166.0387,127.3622,0.7671,0,0,0,0
597,1,0,0,0,0,1,0.9942,0.8502,0.7629,0.094,1113.9978,339.312,1280.0,336.0615,1062.7528,644.352,1184.1827,605.059,166.034,127.629,0.7687,0,0,0,0
598,1,0,0,0,0,1,0.9949,0.8626,0.8045,0.1204,1113.955,342.2448,1280.0,336.5688,1064.055,645.2698,1186.8116,604.3204,166.142,129.4065,0.7789,0,0,0,0
599,1,0,0,0,0,1,0.9949,0.8624,0.8048,0.1205,1114.0266,342.2566,1280.0,336.5768,1064.0806,645.3056,1186.9781,604.254,166.0705,129.5726,0.7802,0,0,0,0
600,1,0,0,0,0,1,0.9869,0.851,0.7314,0.2137,1124.8285,341.2023,1269.1116,339.0779,1067.9777,647.9196,1214.0002,593.4734,144.2987,155.8428,1.08,0,0,0,0
601,1,0,0,0,0,1,0.9868,0.8506,0.7306,0.213,1124.8746,341.1844,1269.1239,339.0804,1068.0398,647.6653,1213.6746,593.3294,144.2646,155.4409,1.0775,0,0,0,0
602,1,0,0,0,0,1,0.9896,0.8859,0.7838,0.2916,1126.478,344.2125,1257.4138,338.9159,1062.1097,654.4302,1206.7957,590.3087,131.0429,158.2579,1.2077,0,0,0,0
603,1,0,0,0,1,1,0.9967,0.9431,0.8867,0.3437,1109.2699,347.8063,1231.1198,341.4134,1058.7938,649.9342,1212.0016,617.3324,122.0174,156.6381,1.2837,0,0,0,0
604,1,0,0,0,1,1,0.9967,0.9431,0.8867,0.3442,1109.2366,347.8214,1231.1807,341.3412,1058.7667,649.9457,1212.2262,617.197,122.1162,156.9149,1.285,0,0,0,0
605,1,0,0,0,1,1,0.9974,0.9237,0.9072,0.2731,1099.8047,352.6022,1207.7463,344.8229,1043.3204,654.9256,1103.6307,611.7169,108.2216,74.1912,0.6855,0,0,0,0
606,1,0,0,0,1,1,0.9974,0.9236,0.9075,0.2731,1099.8329,352.6536,1207.8456,344.7738,1042.9346,655.2271,1104.3363,611.6906,108.2997,75.2701,0.695,0,0,0,0
607,1,0,0,0,1,1,0.9957,0.9226,0.8968,0.2788,1088.8695,354.1828,1199.903,342.6566,1025.4153,643.2855,1069.9058,613.8418,111.6301,53.351,0.4779,0,0,0,0
608,1,0,0,0,1,1,0.9957,0.9228,0.8967,0.2788,1088.8627,354.1739,1199.9086,342.5916,1025.403,643.3924,1069.9584,613.8296,111.6483,53.4709,0.4789,0,0,0,0
609,1,0,0,0,1,1,0.9956,0.9357,0.8655,0.343,1077.39,355.1741,1169.7515,344.5218,1013.8165,634.1505,1050.2264,596.7742,92.9737,52.1792,0.5612,0,0,0,0
610,1,0,0,0,1,1,0.9956,0.9359,0.8655,0.3433,1077.2878,355.0611,1169.7261,344.4504,1013.7678,634.1842,1050.1989,596.6334,93.0452,52.3191,0.5623,0,0,0,0
611,1,0,0,0,1,1,0.9976,0.9115,0.9265,0.2747,1066.7981,351.002,1146.5972,340.447,982.7645,624.9926,1023.562,592.521,80.4941,52.1424,0.6478,0,0,0,0
612,1,0,0,0,1,1,0.9976,0.9118,0.9263,0.2746,1066.7498,350.9978,1146.9414,340.3897,982.7442,625.0784,1023.7881,592.3426,80.8902,52.4998,0.649,0,0,0,0
613,1,0,0,0,1,1,0.9972,0.8936,0.9466,0.3368,1051.382,353.7974,1124.864,342.9645,970.4613,601.4879,993.0706,577.2134,74.2763,33.1728,0.4466,0,0,0,0
614,1,0,0,0,1,1,0.9946,0.9188,0.9174,0.3806,1040.2104,348.1329,1116.6857,340.161,940.9711,577.4625,1095.6124,592.187,76.8896,155.3408,2.0203,0,0,0,0
615,1,0,0,0,1,1,0.9946,0.9189,0.9171,0.3808,1040.1968,348.2225,1116.6144,340.22,940.9974,577.289,1096.7474,592.377,76.8355,156.4792,2.0365,0,0,0,0
616,1,0,0,0,1,1,0.9976,0.9055,0.9547,0.3456,1023.9127,357.2076,1080.343,346.2091,905.4771,574.576,950.769,560.7942,57.4921,47.3424,0.8235,0,0,0,0
617,1,0,0,0,1,1,0.9976,0.9055,0.9548,0.3453,1023.9038,357.2333,1080.3876,346.1987,905.4919,574.5484,950.8484,560.6936,57.5515,47.4254,0.8241,0,0,0,0
618,1,0,0,0,1,1,0.9944,0.9151,0.9216,0.3764,1005.7443,355.7609,1061.1794,344.5448,883.4653,582.5045,944.4713,566.6552,56.5584,63.0312,1.1144,0,0,0,0
619,1,0,0,0,1,1,0.9944,0.9152,0.9216,0.377,1005.7539,355.709,1061.4036,344.4589,883.4756,582.5025,944.6251,566.5543,56.7754,63.195,1.1131,0,0,0,0
620,1,0,0,0,1,1,0.9972,0.8856,0.9501,0.3017,986.8295,358.7906,1033.5186,350.2704,868.3047,583.2576,915.8543,567.9301,47.4601,49.959,1.0527,0,0,0,0
621,1,0,0,0,1,1,0.9972,0.8862,0.95,0.3026,986.6773,358.7916,1033.1716,350.3175,868.416,583.2398,915.6801,568.0358,47.2603,49.6494,1.0506,0,0,0,0
622,1,0,0,0,1,1,0.9971,0.8759,0.9448,0.2795,960.1643,363.2284,1007.6646,353.6843,859.3131,582.34,892.3494,569.2179,48.4496,35.5469,0.7337,0,0,0,0
623,1,0,0,0,1,1,0.9971,0.8756,0.9448,0.2791,960.2016,363.2218,1007.6073,353.6732,859.3401,582.3298,892.3718,569.203,48.3578,35.5444,0.735,0,0,0,0
624,1,0,0,0,1,1,0.9944,0.8883,0.9435,0.3754,936.7448,368.7089,984.1653,354.0379,848.3901,601.7842,884.0548,588.1082,49.6381,38.1969,0.7695,0,0,0,0
625,1,0,0,0,1,1,0.9935,0.8407,0.8929,0.2201,915.6143,362.7841,957.5431,352.0614,842.4224,611.1336,864.5433,583.9771,43.2782,35.0258,0.8093,0,0,0,0
626,1,0,0,0,1,1,0.9935,0.8408,0.893,0.22,915.5343,362.8382,957.5116,351.9349,842.4619,611.1599,864.6606,583.837,43.3702,35.204,0.8117,0,0,0,0
627,1,0,0,0,1,1,0.9937,0.7597,0.9053,0.1955,892.9698,353.4112,917.2728,344.6868,849.7201,603.8314,847.4133,574.8706,25.8215,29.0526,1.1251,0,0,0,0
628,1,0,0,0,1,1,0.9937,0.7599,0.9053,0.1951,892.9432,353.3914,917.3771,344.7026,849.6785,603.7978,847.4604,574.9398,25.9327,28.943,1.1161,0,0,0,0
629,1,0,0,0,1,1,0.9934,0.8115,0.8902,0.2053,871.5667,351.3507,887.9697,342.373,847.0082,602.6272,843.6353,579.9333,18.6991,22.9432,1.227,0,0,0,0
630,1,0,0,0,1,1,0.9934,0.8118,0.8901,0.2053,871.5472,351.3588,887.9463,342.4028,847.0304,602.6206,843.6291,580.0143,18.6853,22.8607,1.2235,0,0,0,0
631,1,0,0,0,1,1,0.9888,0.7547,0.8565,0.1973,850.4243,346.979,858.3074,336.6952,841.0805,607.5327,829.5276,586.3282,12.9575,24.1475,1.8636,0,0,0,0
632,1,0,0,0,1,1,0.9957,0.8577,0.9542,0.3738,834.44,349.547,825.844,336.3361,835.4394,607.3717,765.355,550.8186,15.7613,90.056,5.7137,0,0,0,0
633,1,0,0,0,1,1,0.9957,0.8574,0.9542,0.3733,834.3864,349.606,825.7746,336.3547,835.5035,607.4128,765.4735,550.9706,15.8038,89.944,5.6913,0,0,0,0
634,1,0,0,1,1,1,0.9961,0.8798,0.9732,0.506,816.732,348.9371,795.7094,339.358,822.8192,603.9464,736.7945,536.9199,23.102,109.0541,4.7205,0,0,0,0
635,1,0,0,1,1,1,0.9961,0.8801,0.9732,0.5067,816.7456,348.9078,795.6942,339.3518,822.8186,603.9575,736.7526,536.8568,23.1188,109.1323,4.7205,0,0,0,0
636,1,0,0,1,1,1,0.9968,0.9004,0.9649,0.4598,786.9904,349.2915,785.5322,339.8935,809.2557,610.4243,709.7431,527.1446,9.5105,129.7624,13.6442,0,0,0,0
637,1,0,0,1,1,1,0.9968,0.9004,0.9649,0.4601,787.1089,349.2776,785.4867,339.8798,809.2884,610.4181,709.7022,527.1988,9.5368,129.78,13.6083,0,0,0,0
638,1,0,0,1,1,1,0.9937,0.9248,0.9501,0.5658,772.6386,350.3776,753.1246,339.1439,796.2324,611.734,685.0634,524.6957,22.5165,141.1886,6.2705,0,0,0,0
639,1,0,0,1,1,1,0.9948,0.9125,0.9554,0.5296,742.7872,350.5606,732.9158,347.9682,772.7596,616.4156,663.0105,523.5028,10.2061,143.7972,14.0893,0,0,0,0
640,1,0,0,1,1,1,0.9948,0.9124,0.9553,0.53,742.834,350.562,732.8756,347.9111,772.7185,616.513,663.0498,523.4709,10.3051,143.8195,13.9561,0,0,0,0
641,1,0,0,1,1,1,0.9964,0.8806,0.9662,0.4652,714.0216,357.8876,711.4602,347.2992,735.7346,628.3398,641.735,532.868,10.8938,133.9805,12.2988,0,0,0,0
642,1,0,0,1,1,1,0.9964,0.8804,0.9662,0.4648,713.9852,357.8793,711.4386,347.2925,735.753,628.3178,641.7975,532.8822,10.8887,133.9237,12.2993,0,0,0,0
643,1,0,0,0,1,1,0.9964,0.88,0.952,0.384,690.289,364.5773,682.6629,350.6564,701.4129,637.4556,625.7308,551.2602,15.8729,114.7059,7.2265,0,0,0,0
644,1,0,0,0,1,1,0.9964,0.8801,0.952,0.3839,690.289,364.5383,682.6656,350.6224,701.3914,637.4358,625.7473,551.2734,15.8672,114.656,7.226,0,0,0,0
645,1,0,0,0,1,1,0.9908,0.7448,0.8841,0.1963,658.2914,366.0943,663.9257,352.2827,658.858,644.7688,612.2342,610.8876,14.9166,57.6344,3.8638,0,0,0,0
646,1,0,0,0,1,1,0.9907,0.7478,0.8846,0.2002,658.5158,366.2752,663.7876,352.4455,658.8621,645.1407,612.1686,610.9295,14.8004,57.8852,3.9111,0,0,0,0
647,1,0,0,0,1,1,0.987,0.7392,0.8956,0.2294,628.2146,368.6121,633.9837,353.2503,610.8169,639.9022,587.0666,609.1282,16.4094,38.873,2.369,0,0,0,0
648,1,0,0,0,1,1,0.987,0.739,0.8954,0.229,628.1931,368.6234,634.0362,353.2742,610.7909,639.92,587.0738,609.0496,16.4237,38.9293,2.3703,0,0,0,0
649,1,0,0,0,1,1,0.9853,0.7677,0.8465,0.2099,598.4608,359.0412,607.7,343.155,571.224,634.1797,544.8696,589.1486,18.3777,52.1762,2.8391,0,0,0,0
650,1,0,0,0,1,1,0.9872,0.7275,0.8913,0.2354,572.8844,352.6337,595.5129,335.6341,510.3164,609.3412,500.8138,549.6094,28.3025,60.483,2.137,0,0,0,0
651,1,0,0,0,1,1,0.9867,0.725,0.8875,0.2336,572.797,352.8948,595.5186,335.7155,509.6996,609.4751,500.34,549.2246,28.4852,60.9731,2.1405,0,0,0,0
652,1,0,0,0,1,1,0.9815,0.6232,0.8218,0.1461,550.5364,350.1395,566.1909,330.2638,471.9992,576.9354,488.6321,515.0548,25.3002,64.0769,2.5327,0,0,0,0
653,1,0,0,0,1,1,0.9815,0.622,0.8215,0.1458,550.4688,350.1724,566.167,330.2302,471.8426,576.7164,488.6122,512.987,25.3796,65.8988,2.5965,0,0,0,0
654,1,0,0,0,1,1,0.9944,0.8759,0.9216,0.3047,515.6499,342.3484,566.803,329.469,443.9483,557.1258,464.761,532.683,52.7496,32.1033,0.6086,0,0,0,0
655,1,0,0,0,1,1,0.9927,0.8693,0.8764,0.2839,519.122,341.0341,561.6004,330.9363,446.9561,560.1022,459.4874,526.919,43.6621,35.4706,0.8124,0,0,0,0
656,1,0,0,0,1,1,0.9968,0.9015,0.9467,0.3746,490.9614,345.3043,557.2718,332.7388,389.979,558.7698,446.6406,529.7952,67.4904,63.6401,0.943,0,0,0,0
657,1,0,0,0,1,1,0.9968,0.9013,0.9469,0.3753,491.0145,345.2885,557.1594,332.6738,390.0109,558.7333,446.3038,529.4024,67.337,63.4759,0.9427,0,0,0,0
658,1,0,0,0,1,1,0.997,0.9128,0.9498,0.3713,473.6588,342.403,540.6062,335.5095,353.7855,551.9142,431.8971,525.288,67.3013,82.525,1.2262,0,0,0,0
659,1,0,0,0,1,1,0.997,0.9127,0.9497,0.3706,473.6888,342.3807,540.745,335.5028,353.8546,551.8612,432.5034,525.2639,67.4081,83.0244,1.2317,0,0,0,0
660,1,0,0,1,1,1,0.9979,0.9087,0.9717,0.4206,453.089,345.2196,521.1499,337.3158,328.7605,548.3668,449.7562,548.349,68.5183,120.9957,1.7659,0,0,0,0
661,1,0,0,1,1,1,0.9972,0.9273,0.9619,0.502,426.1226,351.7476,505.3224,345.4819,311.8928,547.3683,503.714,559.5412,79.4473,192.2071,2.4193,0,0,0,0
662,1,0,0,1,1,1,0.9972,0.9271,0.9618,0.5009,426.117,351.789,505.3019,345.5822,311.8496,547.3868,503.5598,559.8306,79.4278,192.1137,2.4187,0,0,0,0
663,1,0,0,1,1,1,0.9965,0.9308,0.9565,0.504,412.7982,347.9903,485.5519,346.6955,294.366,555.4364,477.3098,551.5122,72.7652,182.9859,2.5147,0,0,0,0
664,1,0,0,1,1,1,0.9965,0.9308,0.9565,0.5036,412.7783,347.9542,485.6388,346.7571,294.3485,555.4358,477.138,551.5746,72.8704,182.8303,2.509,0,0,0,0
665,1,0,0,0,1,1,0.9973,0.8971,0.9522,0.3405,394.6133,353.7053,458.8092,344.9156,282.9423,566.6854,351.4685,524.7436,64.7949,80.3428,1.24,0,0,0,0
666,1,0,0,0,1,1,0.9973,0.8969,0.9523,0.34,394.611,353.6754,458.8178,344.9175,283.044,566.5832,351.6326,524.7896,64.8014,80.3187,1.2395,0,0,0,0
667,1,0,0,0,1,1,0.9969,0.8643,0.9524,0.2865,374.7912,355.09,440.527,341.0244,278.3995,578.5778,343.7419,526.4182,67.2239,83.6077,1.2437,0,0,0,0
668,1,0,0,0,1,1,0.9938,0.8775,0.9402,0.3779,355.9508,352.5382,428.1383,338.3959,280.2845,578.9206,341.2515,520.5456,73.5598,84.4073,1.1475,0,0,0,0
669,1,0,0,0,1,1,0.9938,0.8773,0.9404,0.3783,355.9595,352.5628,428.0735,338.3248,280.3039,578.9258,341.3364,520.092,73.5061,84.7725,1.1533,0,0,0,0
670,1,0,0,0,1,1,0.9913,0.8718,0.891,0.3143,338.316,351.8258,408.3226,337.5576,279.4666,585.4878,316.1011,534.2336,71.4458,63.0007,0.8818,0,0,0,0
671,1,0,0,0,1,1,0.9913,0.8718,0.891,0.3143,338.3532,351.8413,408.5093,337.5333,279.4421,585.5044,316.3154,533.8441,71.6003,63.4699,0.8864,0,0,0,0
672,1,0,0,0,1,1,0.9931,0.8639,0.9445,0.381,326.4945,347.1237,402.3579,332.3366,265.1497,581.7098,314.6144,513.6622,77.2911,84.1262,1.0884,0,0,0,0
673,1,0,0,0,1,1,0.9931,0.8638,0.9445,0.3804,326.5122,347.1811,402.4834,332.3926,265.1716,581.652,314.8652,513.5326,77.3971,84.319,1.0894,0,0,0,0
674,1,0,0,0,1,1,0.9923,0.8942,0.8948,0.3464,297.0856,351.2362,397.1368,337.3489,257.5702,587.047,311.9592,530.8636,101.0105,78.1967,0.7741,0,0,0,0
675,1,0,0,1,1,1,0.9919,0.9484,0.8785,0.5232,275.1659,351.2958,389.1788,337.4462,245.8237,585.498,345.5986,515.7918,114.851,121.7127,1.0597,0,0,0,0
676,1,0,0,1,1,1,0.9919,0.9486,0.8785,0.5242,275.0961,351.2378,389.1394,337.452,245.8519,585.3686,345.778,515.6559,114.8734,121.8404,1.0606,0,0,0,0
677,1,0,0,1,1,1,0.9909,0.9729,0.8144,0.6001,248.8822,350.4304,382.2373,339.3107,227.6813,589.1981,342.8604,520.7278,133.8179,133.9941,1.0013,0,0,0,0
678,1,0,0,1,1,1,0.991,0.9728,0.8141,0.5982,248.9297,350.4469,382.3132,339.3642,227.6503,589.351,342.797,521.2244,133.8431,133.7909,0.9996,0,0,0,0
679,1,0,0,1,1,1,0.977,0.9671,0.7142,0.6324,236.0246,346.8057,369.4236,340.6423,203.7812,586.3124,349.8004,520.7047,133.5413,160.0811,1.1987,0,0,0,0
680,1,0,0,1,1,1,0.977,0.9672,0.7141,0.6331,236.0482,346.7525,369.3324,340.6542,203.6947,586.1053,349.9472,520.7168,133.4236,160.2044,1.2007,0,0,0,0
681,1,0,0,1,1,1,0.9816,0.9756,0.739,0.6748,221.0194,345.611,357.0804,343.2818,190.3799,578.1839,341.4169,540.4951,136.0809,155.6683,1.1439,0,0,0,0
682,1,0,0,1,1,1,0.9816,0.9756,0.739,0.6744,220.9173,345.6285,357.0225,343.291,190.3869,578.182,341.2064,540.4752,136.1253,155.4616,1.142,0,0,0,0
683,1,0,0,1,1,1,0.9858,0.9834,0.7394,0.7081,209.7406,342.6239,344.8412,344.0518,177.2806,574.5697,339.8144,560.321,135.1081,163.1572,1.2076,0,0,0,0
684,1,0,0,1,1,1,0.9858,0.9834,0.7399,0.7083,209.8362,342.6035,344.8116,344.0328,177.302,574.558,339.9562,560.2346,134.983,163.2836,1.2097,0,0,0,0
685,1,0,0,1,1,1,0.9868,0.9903,0.6844,0.7672,204.4546,344.3583,337.3744,344.8807,164.4153,567.2392,355.4216,552.5524,132.9208,191.5701,1.4412,0,0,0,0
686,1,0,0,1,1,1,0.9893,0.9919,0.7217,0.8036,199.7692,345.8028,325.5972,344.9964,155.5554,564.1003,365.9012,552.3902,125.8305,210.6715,1.6742,0,0,0,0
687,1,0,0,1,1,1,0.9892,0.9919,0.7206,0.8032,199.7062,345.7562,325.6076,345.0202,155.5611,564.146,365.9125,552.3514,125.9035,210.6818,1.6734,0,0,0,0
688,1,0,0,1,1,1,0.9841,0.9906,0.6808,0.8263,202.1356,344.8561,313.192,344.5674,173.0055,570.0957,370.2835,559.314,111.0568,197.5724,1.779,0,0,0,0
689,1,0,0,1,1,1,0.9841,0.9906,0.6799,0.8263,202.0718,344.8441,313.1564,344.5542,173.0539,570.126,370.2364,559.2918,111.0849,197.4799,1.7777,0,0,0,0
690,1,0,0,0,1,1,0.9699,0.9941,0.3547,0.778,198.6696,345.8068,309.2654,341.273,233.6306,554.7724,369.4171,567.603,110.6886,136.3913,1.2322,0,0,0,0
691,1,0,0,0,1,1,0.9699,0.9941,0.3545,0.7785,198.6164,345.7786,309.217,341.2623,233.8324,554.6702,369.4906,567.6264,110.6927,136.2755,1.2311,0,0,0,0
692,1,0,0,1,1,1,0.9628,0.9928,0.427,0.8257,204.9832,339.9518,304.0048,339.2642,246.9716,515.0447,363.0817,556.0594,99.024,123.1412,1.2435,0,0,0,0
693,1,0,0,1,1,1,0.9626,0.9928,0.4266,0.8257,204.8816,340.0112,304.0706,339.3735,246.9785,515.4236,363.1201,556.1704,99.191,123.082,1.2409,0,0,0,0
694,1,0,0,1,1,1,0.9554,0.9953,0.4063,0.8668,222.7283,341.7128,300.0514,339.8604,267.2524,552.4865,356.2296,559.5745,77.3453,89.259,1.154,0,0,0,0
695,1,0,0,1,1,1,0.9554,0.9953,0.4055,0.8663,222.856,341.6787,300.0848,339.922,267.9094,552.2902,356.295,559.6304,77.2488,88.6899,1.1481,0,0,0,0
696,1,0,0,1,1,1,0.9457,0.9948,0.4503,0.8863,233.6398,340.6356,303.1878,343.1626,263.3959,551.8271,348.6686,559.0486,69.5939,85.5779,1.2297,0,0,0,0
697,1,0,0,1,1,1,0.9393,0.9951,0.4699,0.9042,252.7612,338.3284,309.2807,343.2521,274.692,549.2191,343.5975,564.369,56.7335,70.5514,1.2436,0,0,0,0
698,1,0,0,1,1,1,0.9393,0.9951,0.47,0.9043,252.7432,338.3212,309.355,343.2688,274.5428,549.1982,343.6104,564.3978,56.8276,70.7203,1.2445,0,0,0,0
699,1,0,0,1,1,1,0.9287,0.9949,0.4314,0.8989,275.401,339.3178,313.5761,347.4385,312.564,543.6366,343.5008,566.3082,39.0292,38.3548,0.9827,0,0,0,0
700,1,0,0,1,1,1,0.9288,0.9949,0.4314,0.899,275.3914,339.293,313.5726,347.4415,312.465,543.6212,343.4684,566.3097,39.0411,38.4185,0.9841,0,0,0,0
701,1,0,0,1,1,1,0.9542,0.9958,0.5441,0.9156,301.8307,343.7045,324.5059,351.7232,362.4124,537.9006,358.3433,570.5859,24.0513,32.9376,1.3695,0,0,0,0
702,1,0,0,1,1,1,0.9543,0.9958,0.5442,0.9157,301.8159,343.7083,324.4658,351.7944,362.2564,537.7558,358.2845,570.5252,24.05,33.0091,1.3725,0,0,0,0
703,1,0,0,1,1,1,0.9502,0.9956,0.5592,0.9255,323.8914,347.1608,341.5835,357.516,379.5877,529.9409,373.1987,565.2562,20.4998,35.8886,1.7507,0,0,0,0
704,1,0,0,1,1,1,0.9361,0.9952,0.5034,0.9222,348.1692,347.3676,359.7755,356.705,400.9249,529.5309,394.6318,561.5626,14.8961,32.644,2.1915,0,0,0,0
705,1,0,0,1,1,1,0.9362,0.9952,0.5032,0.9222,348.1714,347.38,359.721,356.7543,400.9144,529.5478,394.6384,561.622,14.8752,32.6825,2.1971,0,0,0,0
706,1,0,0,1,1,1,0.9398,0.9934,0.4754,0.8847,365.127,346.1072,376.962,359.4773,415.9338,531.7859,425.6808,556.4754,17.8557,26.5439,1.4866,0,0,0,0
707,1,0,0,1,1,1,0.9399,0.9934,0.4765,0.885,365.16,346.1556,376.9854,359.4307,416.1022,531.7818,425.7018,556.4032,17.7783,26.4266,1.4865,0,0,0,0
708,1,0,0,1,1,1,0.9308,0.9928,0.4728,0.8937,384.7306,343.5958,402.7968,355.2994,440.3544,544.6314,451.7988,563.5388,21.5259,22.1012,1.0267,0,0,0,0
709,1,0,0,1,1,1,0.9306,0.9928,0.4722,0.8935,384.6736,343.6129,402.784,355.3373,440.3478,544.7172,451.8378,563.5742,21.5742,22.0818,1.0235,0,0,0,0
710,1,0,0,1,1,1,0.9035,0.9859,0.4243,0.8589,408.1012,338.6633,417.1982,350.1877,470.6636,527.8456,470.6044,541.3626,14.6822,13.5172,0.9207,0,0,0,0
711,1,0,0,1,1,1,0.9465,0.99,0.601,0.9052,426.2738,337.8926,441.7145,348.7091,508.291,534.414,521.627,542.2276,18.8524,15.4564,0.8199,0,0,0,0
712,1,0,0,1,1,1,0.9465,0.9899,0.6014,0.9052,426.2546,337.8388,441.5997,348.5719,508.4412,534.4291,521.596,542.2568,18.7263,15.3076,0.8174,0,0,0,0
713,1,0,0,1,1,1,0.9476,0.9908,0.6612,0.9283,443.076,336.12,457.9198,344.983,515.1247,519.1106,543.833,519.1394,17.2885,28.7083,1.6605,0,0,0,0
714,1,0,0,1,1,1,0.9475,0.9908,0.6616,0.9284,443.195,336.1277,457.8698,344.9578,515.25,519.0775,543.747,519.1273,17.1267,28.4971,1.6639,0,0,0,0
715,1,0,0,1,1,1,0.9359,0.9903,0.646,0.9342,460.4846,336.4584,473.2254,345.2056,537.5492,517.1559,571.5796,518.2855,15.4546,34.0492,2.2032,0,0,0,0
716,1,0,0,1,1,1,0.9359,0.9903,0.6457,0.9341,460.4344,336.4832,473.2356,345.1845,537.7506,517.2324,571.597,518.272,15.4785,33.8623,2.1877,0,0,0,0
717,1,0,0,1,1,1,0.914,0.9854,0.4914,0.8889,478.3142,339.0981,487.9662,344.1744,553.2264,526.2082,599.0646,526.9197,10.9055,45.8437,4.2037,0,0,0,0
718,1,0,0,1,1,1,0.9143,0.9854,0.4919,0.8888,478.2858,339.1809,487.8975,344.3048,552.8822,526.1714,598.8585,526.8382,10.8921,45.9812,4.2215,0,0,0,0
719,1,0,0,1,1,1,0.9093,0.9816,0.563,0.9019,494.3606,342.1799,511.5224,348.1491,547.9756,522.2956,610.7232,523.3714,18.1703,62.7569,3.4538,0,0,0,0
720,1,0,0,1,1,1,0.9092,0.9816,0.5631,0.9019,494.3946,342.1431,511.5236,348.1628,548.0796,522.2314,610.758,523.4122,18.156,62.6895,3.4528,0,0,0,0
721,1,0,0,1,1,1,0.9009,0.9904,0.6481,0.9481,512.1924,343.4284,524.4605,351.457,520.7942,540.5136,623.8156,526.0334,14.6617,104.0341,7.0956,0,0,0,0
722,1,0,0,1,1,1,0.917,0.9843,0.5679,0.9012,538.8284,346.8858,544.3846,352.2888,607.2732,539.5616,635.4334,543.8917,7.7501,28.4912,3.6762,0,0,0,0
723,1,0,0,1,1,1,0.9166,0.9842,0.5687,0.9018,538.7649,346.8874,544.2458,352.2605,607.226,539.4306,635.3986,543.8188,7.6753,28.5122,3.7148,0,0,0,0
724,1,0,0,1,1,1,0.9341,0.9878,0.5618,0.8936,556.719,345.3007,567.572,355.8506,604.8902,542.5315,639.1446,555.8011,15.1356,36.7347,2.427,0,0,0,0
725,1,0,0,1,1,1,0.934,0.9877,0.5616,0.8935,556.8754,345.3373,567.5494,355.8299,605.1822,542.6346,639.1086,555.798,14.9676,36.3906,2.4313,0,0,0,0
726,1,0,0,1,1,1,0.9215,0.9873,0.5458,0.8978,584.7346,342.4251,582.3337,352.5079,627.1828,542.5374,634.5583,557.5475,10.3647,16.7243,1.6136,0,0,0,0
727,1,0,0,1,1,1,0.9215,0.9874,0.5455,0.8978,584.7276,342.4069,582.3343,352.538,627.1759,542.4658,634.5588,557.5722,10.41,16.8139,1.6152,0,0,0,0
728,1,0,0,0,1,1,0.9002,0.9871,0.3906,0.8604,605.6037,340.8217,595.3432,347.9916,649.2924,541.3998,633.3932,555.7338,12.5174,21.4067,1.7102,0,0,0,0
729,1,0,0,0,1,1,0.9,0.9871,0.3904,0.8603,605.5934,340.8422,595.319,347.9946,649.299,541.4076,633.3626,555.7301,12.5188,21.4267,1.7116,0,0,0,0
730,1,0,0,0,1,1,0.8863,0.9876,0.358,0.8636,616.386,338.5855,612.1475,345.7566,660.9714,545.3949,638.4845,555.4516,8.33,24.6333,2.9572,0,0,0,0
731,1,0,0,0,1,1,0.8869,0.9877,0.3596,0.8644,616.433,338.6027,612.1522,345.7838,661.334,545.2556,638.3845,555.461,8.3602,25.1164,3.0043,0,0,0,0
732,1,0,0,1,1,1,0.9465,0.991,0.5602,0.8923,632.1335,337.9653,628.6761,349.4364,674.3594,540.5508,643.4332,556.76,11.9809,34.9166,2.9144,0,0,0,0
733,1,0,0,1,1,1,0.9452,0.9924,0.6913,0.9417,659.0974,340.5984,636.5645,349.9492,702.9626,527.5189,648.8152,558.9416,24.396,62.6046,2.5662,0,0,0,0
734,1,0,0,1,1,1,0.9455,0.9924,0.6906,0.9413,659.0363,340.6679,636.5041,350.0463,702.9582,527.7478,648.8406,559.028,24.4061,62.5073,2.5611,0,0,0,0
735,1,0,0,1,1,1,0.9574,0.9946,0.7142,0.9525,671.0652,343.5795,656.235,350.1843,722.8076,496.5908,656.5932,565.6167,16.2344,95.6499,5.8918,0,0,0,0
736,1,0,0,1,1,1,0.957,0.9946,0.7152,0.9528,671.1663,343.588,656.188,350.1878,722.9499,496.7492,656.6025,565.6062,16.3679,95.6204,5.8419,0,0,0,0
737,1,0,0,1,1,1,0.966,0.9939,0.7269,0.9395,692.0982,342.315,670.282,352.8241,755.5126,498.0478,667.5728,570.8744,24.2154,114.1802,4.7152,0,0,0,0
738,1,0,0,1,1,1,0.9661,0.994,0.7271,0.9396,692.2965,342.3808,670.2102,352.8779,755.6486,497.9834,667.5703,570.8773,24.4538,114.3298,4.6753,0,0,0,0
739,1,0,0,1,1,1,0.9573,0.9886,0.8019,0.9461,708.4104,345.4274,685.4964,356.8576,773.6864,500.2979,686.8969,573.4555,25.6066,113.5097,4.4328,0,0,0,0
740,1,0,0,1,1,1,0.9453,0.9957,0.6619,0.9556,718.3587,356.3932,707.3476,356.3967,788.8607,510.1134,721.5156,573.7455,11.011,92.652,8.4145,0,0,0,0
741,1,0,0,1,1,1,0.9454,0.9957,0.6623,0.9556,718.5542,356.4226,707.362,356.4169,789.0465,510.2472,721.484,573.737,11.1922,92.7128,8.2837,0,0,0,0
742,1,0,0,1,1,1,0.9377,0.9955,0.6577,0.9584,739.023,360.9352,726.606,362.8294,803.3682,515.698,738.0954,580.7724,12.5607,92.1695,7.3379,0,0,0,0
743,1,0,0,1,1,1,0.9379,0.9955,0.6577,0.9584,738.9762,360.9398,726.6524,362.858,803.493,515.7559,738.0532,580.963,12.4722,92.3814,7.407,0,0,0,0
744,1,0,0,1,1,1,0.9438,0.9946,0.6801,0.9528,752.6054,357.3573,749.5978,364.9043,814.1862,526.5838,769.5956,576.9267,8.1242,67.2512,8.2779,0,0,0,0
745,1,0,0,1,1,1,0.9441,0.9946,0.6805,0.9527,752.4497,357.4147,749.5436,364.7664,814.143,526.4898,769.5528,576.8854,7.9052,67.2904,8.5121,0,0,0,0
746,1,0,0,1,1,1,0.9208,0.9944,0.5672,0.9461,774.1278,356.3153,766.4026,365.4633,833.4978,550.876,803.2744,583.2179,11.9735,44.2657,3.697,0,0,0,0
747,1,0,0,1,1,1,0.9393,0.9918,0.5546,0.9024,784.0282,349.1807,793.4041,360.3968,838.1974,560.2194,839.9585,580.1012,14.6188,19.9597,1.3653,0,0,0,0
748,1,0,0,1,1,1,0.9394,0.9919,0.5554,0.9027,784.1504,349.2018,793.3768,360.3808,838.325,560.253,839.9806,580.1032,14.4947,19.9191,1.3742,0,0,0,0
749,1,0,0,0,1,1,0.9248,0.9919,0.3921,0.8709,796.0958,346.6335,814.4954,356.6914,858.1116,534.5057,866.7499,560.9222,20.9691,27.7931,1.3254,0,0,0,0
750,1,0,0,0,1,1,0.925,0.9919,0.3935,0.8715,796.253,346.64,814.4002,356.6922,858.1796,534.4374,866.6859,560.848,20.7454,27.7467,1.3375,0,0,0,0
751,1,0,0,0,1,1,0.9097,0.9863,0.3017,0.7869,803.5434,347.9671,835.6014,354.3414,870.6976,548.5424,896.95,558.0944,32.6856,27.9361,0.8547,0,0,0,0
752,1,0,0,0,1,1,0.9076,0.9859,0.2952,0.7819,803.7459,347.8439,835.4012,354.2576,870.1329,548.7853,896.024,558.7848,32.2985,27.755,0.8593,0,0,0,0
753,1,0,0,0,1,1,0.9131,0.9869,0.2889,0.7834,806.3876,345.3652,856.0923,350.6424,851.817,547.5732,917.8302,547.0742,49.9841,66.0151,1.3207,0,0,0,0
754,1,0,0,0,1,1,0.9125,0.9868,0.2885,0.7836,806.2408,345.3387,856.0291,350.6076,851.5732,547.3844,917.7247,547.0774,50.0663,66.1523,1.3213,0,0,0,0
755,1,0,0,1,1,1,0.9706,0.9921,0.7008,0.9169,810.72,343.7286,873.1523,350.796,800.9553,539.9035,949.2949,540.539,62.8311,148.3409,2.3609,0,0,0,0
756,1,0,0,1,1,1,0.9705,0.9921,0.7008,0.9168,810.735,343.6887,873.1635,350.7905,800.9996,539.8958,949.2567,540.5655,62.8312,148.2586,2.3596,0,0,0,0
757,1,0,0,1,1,1,0.9743,0.9905,0.7458,0.8851,807.5216,345.493,897.9351,348.6164,792.744,536.0766,964.8112,540.2608,90.4674,172.1181,1.9025,0,0,0,0
758,1,0,0,1,1,1,0.9677,0.9848,0.7428,0.8784,812.6448,346.4026,911.563,350.4278,796.3186,536.2856,967.891,538.6624,99.0001,171.5888,1.7332,0,0,0,0
759,1,0,0,1,1,1,0.9679,0.9849,0.7425,0.8786,812.6148,346.3828,911.5748,350.4162,796.3552,536.3438,967.9354,538.7899,99.0422,171.5976,1.7326,0,0,0,0
760,1,0,0,1,1,1,0.9722,0.9778,0.7893,0.8427,816.0158,350.4205,926.9277,351.2432,798.796,531.3674,969.2311,536.8105,110.915,170.522,1.5374,0,0,0,0
761,1,0,0,1,1,1,0.9722,0.9778,0.7893,0.8427,816.0423,350.4333,926.9207,351.241,798.757,531.4027,969.2375,536.8352,110.8814,170.5671,1.5383,0,0,0,0
762,1,0,0,1,1,1,0.9855,0.9811,0.7881,0.7675,821.5122,352.7184,941.6498,348.382,801.5472,540.1677,963.7687,537.946,120.2158,162.2367,1.3495,0,0,0,0
763,1,0,0,1,1,1,0.9855,0.9811,0.7875,0.7676,821.4754,352.7936,941.6404,348.4645,801.6044,540.1128,963.7683,537.9265,120.2429,162.1787,1.3488,0,0,0,0
764,1,0,0,1,1,1,0.9913,0.9807,0.8328,0.7242,824.4702,350.9546,944.9673,347.2197,797.4788,539.2322,956.8809,535.872,120.5551,159.4375,1.3225,0,0,0,0
765,1,0,0,1,1,1,0.9913,0.9808,0.8327,0.7247,824.466,350.9682,944.9374,347.2103,797.4828,539.1636,956.9913,535.71,120.53,159.5459,1.3237,0,0,0,0
766,1,0,0,1,1,1,0.9936,0.9799,0.8562,0.6919,824.1966,352.7031,940.8026,347.9262,798.1532,542.4738,946.6424,532.6924,116.7039,148.8111,1.2751,0,0,0,0
767,1,0,0,1,1,1,0.9936,0.9799,0.8559,0.6919,824.1527,352.7322,940.819,347.9379,798.1828,542.4297,946.6047,532.6668,116.7648,148.7427,1.2739,0,0,0,0
768,1,0,0,1,1,1,0.9939,0.9668,0.8549,0.5764,826.2995,353.8444,932.6955,345.7918,792.2216,544.7078,915.8494,503.0688,106.7003,130.4517,1.2226,0,0,0,0
769,1,0,0,1,1,1,0.9967,0.9748,0.932,0.6566,825.1002,355.9496,923.8638,347.0212,792.214,541.7631,921.5537,541.3382,99.1664,129.3404,1.3043,0,0,0,0
770,1,0,0,1,1,1,0.9968,0.9748,0.9323,0.6559,825.1106,355.9306,923.8792,347.0015,792.2165,541.8123,921.3591,541.2218,99.1714,129.1439,1.3022,0,0,0,0
771,1,0,0,1,1,1,0.9972,0.96,0.9416,0.5628,826.3626,356.4982,911.7987,346.6015,791.089,549.2843,890.7312,517.5852,86.0074,104.5629,1.2157,0,0,0,0
772,1,0,0,1,1,1,0.9972,0.96,0.9416,0.5631,826.3446,356.5527,911.7474,346.6141,791.0558,549.2484,890.8513,517.6006,85.9792,104.6936,1.2177,0,0,0,0
773,1,0,0,1,1,1,0.9961,0.9401,0.9105,0.4231,823.618,352.1085,898.6066,344.599,793.7631,555.2276,874.4822,523.8912,75.3636,86.5884,1.1489,0,0,0,0
774,1,0,0,1,1,1,0.9961,0.9402,0.9107,0.4235,823.627,352.098,898.6071,344.5894,793.7591,555.1955,874.5035,523.8318,75.3551,86.6219,1.1495,0,0,0,0
775,1,0,0,1,1,1,0.9962,0.9412,0.9168,0.4486,818.142,350.527,887.9514,341.2686,792.8988,554.7796,868.1565,520.4614,70.4207,82.7131,1.1746,0,0,0,0
776,1,0,0,1,1,1,0.9957,0.9265,0.9117,0.4084,814.4776,347.8783,883.3024,338.2084,790.9988,550.5099,861.3825,523.4927,69.5008,75.391,1.0847,0,0,0,0
777,1,0,0,1,1,1,0.9957,0.9268,0.9121,0.4102,814.511,347.8311,883.2369,338.1247,790.9632,550.4467,861.9147,523.2636,69.4079,75.9805,1.0947,0,0,0,0
778,1,0,0,1,1,1,0.9954,0.9419,0.9068,0.4464,808.8997,346.4386,879.5178,336.7883,789.1662,548.0826,868.9835,518.7832,71.2744,85.0251,1.1929,0,0,0,0
779,1,0,0,1,1,1,0.9954,0.9418,0.9067,0.4454,808.9132,346.4141,879.5463,336.7824,789.1743,548.1394,868.9103,518.9372,71.2868,84.9153,1.1912,0,0,0,0
780,1,0,0,0,1,1,0.9948,0.9289,0.8904,0.3818,803.1934,347.7098,871.6764,339.3214,784.0574,545.7516,850.2446,522.3243,68.9948,70.211,1.0176,0,0,0,0
781,1,0,0,0,1,1,0.9948,0.9288,0.8902,0.3817,803.1967,347.7236,871.7117,339.316,784.0624,545.6706,850.3674,522.1239,69.0289,70.3619,1.0193,0,0,0,0
782,1,0,0,0,1,1,0.9937,0.9046,0.8753,0.3149,798.5306,349.8638,859.9041,343.2304,775.7299,550.9546,828.775,528.245,61.7308,57.7019,0.9347,0,0,0,0
783,1,0,0,0,1,1,0.9961,0.8906,0.9358,0.3352,788.8647,353.7856,847.1767,344.19,771.3759,554.0764,817.472,535.5404,59.0963,49.6833,0.8407,0,0,0,0
784,1,0,0,0,1,1,0.9961,0.8899,0.936,0.3338,788.8819,353.763,847.125,344.2557,771.4026,554.0976,817.1196,535.7524,59.014,49.2605,0.8347,0,0,0,0
785,1,0,0,0,1,1,0.9961,0.8661,0.9601,0.3817,783.6605,352.196,835.1026,345.4615,762.4722,551.8262,806.8676,531.2267,51.881,48.9417,0.9433,0,0,0,0
786,1,0,0,0,1,1,0.9961,0.8658,0.9599,0.3805,783.6,352.1765,835.152,345.4754,762.5216,551.8086,807.0618,531.1661,51.9858,49.0911,0.9443,0,0,0,0
787,1,0,0,1,1,1,0.9924,0.8358,0.9519,0.4489,778.7592,355.138,809.6778,348.2267,751.4504,545.5236,782.6778,523.395,31.6817,38.273,1.208,0,0,0,0
788,1,0,0,1,1,1,0.9924,0.836,0.952,0.4486,778.8168,355.087,809.6972,348.207,751.4744,545.4829,782.4928,523.4354,31.6375,38.0556,1.2029,0,0,0,0
789,1,0,0,0,1,1,0.9926,0.8097,0.9481,0.3906,771.061,362.0908,801.6688,352.7362,740.4664,548.2286,768.0281,532.529,32.0054,31.7194,0.9911,0,0,0,0
790,1,0,0,0,1,1,0.9926,0.8103,0.9479,0.3907,771.0856,361.9925,801.6776,352.6714,740.4365,548.1613,768.0836,532.5353,31.9806,31.7574,0.993,0,0,0,0
791,1,0,0,0,1,1,0.995,0.8011,0.9665,0.3616,755.1536,366.5533,790.71,353.6708,720.854,554.9333,759.0623,529.5954,37.8182,45.8462,1.2123,0,0,0,0
792,1,0,0,0,1,1,0.995,0.8009,0.9663,0.3613,755.123,366.5138,790.742,353.6279,720.8977,554.883,759.1176,529.547,37.8782,45.8549,1.2106,0,0,0,0
793,1,0,0,0,1,1,0.9961,0.8138,0.9737,0.3821,742.2506,368.1452,769.7636,358.5268,697.7346,554.19,732.6628,537.7398,29.1458,38.6082,1.3247,0,0,0,0
794,1,0,0,1,1,1,0.9946,0.8408,0.9694,0.4755,727.1546,369.0435,743.6013,360.5593,672.0614,541.0882,687.4152,527.7707,18.5062,20.3248,1.0983,0,0,0,0
795,1,0,0,1,1,1,0.9946,0.8407,0.9693,0.475,727.1161,369.046,743.812,360.6164,672.1302,541.1295,687.4995,527.9134,18.7033,20.2702,1.0838,0,0,0,0
796,1,0,0,1,1,1,0.9921,0.874,0.952,0.4871,710.6916,362.6952,742.4893,352.727,656.4583,519.1882,685.769,514.2599,33.3235,29.7221,0.8919,0,0,0,0
797,1,0,0,1,1,1,0.9921,0.8739,0.952,0.4874,710.7022,362.684,742.5368,352.7154,656.512,519.1692,685.6057,514.231,33.3588,29.5099,0.8846,0,0,0,0
798,1,0,0,0,1,1,0.9977,0.882,0.9665,0.3538,692.0044,353.9241,724.5703,347.8952,631.4416,518.9171,654.5393,504.4438,33.1192,27.2577,0.823,0,0,0,0
799,1,0,0,0,1,1,0.9977,0.8821,0.9667,0.3558,691.9978,353.9797,724.6898,347.8774,631.435,518.9625,654.9556,504.5659,33.2567,27.5768,0.8292,0,0,0,0
800,1,0,0,1,1,1,0.996,0.9155,0.9559,0.4452,678.3562,353.3461,712.999,343.8755,609.8677,509.5988,635.0948,501.8262,35.914,26.3974,0.735,0,0,0,0
801,1,0,0,1,1,1,0.996,0.9156,0.9558,0.4455,678.3648,353.3618,712.973,343.8724,609.8484,509.5974,634.9964,501.877,35.8857,26.3064,0.7331,0,0,0,0
802,1,0,0,0,1,1,0.9963,0.8944,0.9597,0.389,668.0704,350.4669,696.0154,342.3862,595.7433,505.762,614.766,500.9575,29.0899,19.62,0.6745,0,0,0,0
803,1,0,0,0,1,1,0.9974,0.8998,0.9501,0.303,658.7669,346.279,688.07,341.3234,584.4554,496.714,605.4419,491.9298,29.7192,21.5249,0.7243,0,0,0,0
804,1,0,0,0,1,1,0.9974,0.9,0.9503,0.3037,658.8007,346.2919,688.0409,341.3065,584.437,496.747,605.4101,491.8855,29.6621,21.5291,0.7258,0,0,0,0
805,1,0,0,0,1,1,0.9971,0.8903,0.9456,0.2926,648.7834,346.6119,677.9131,341.7401,575.4834,500.6608,598.8015,492.833,29.5342,24.5969,0.8328,0,0,0,0
806,1,0,0,0,1,1,0.9971,0.8905,0.9455,0.2922,648.733,346.6002,678.0689,341.6874,575.5178,500.6758,599.0319,492.8562,29.7445,24.7802,0.8331,0,0,0,0
807,1,0,0,0,1,1,0.9965,0.8754,0.9406,0.2868,637.1056,345.9542,666.0698,342.2905,572.8824,507.9892,593.9482,497.7621,29.195,23.4171,0.8021,0,0,0,0
808,1,0,0,0,1,1,0.9965,0.8754,0.9405,0.287,637.0978,345.9594,666.0907,342.274,572.9584,507.9646,594.0214,497.739,29.2262,23.414,0.8011,0,0,0,0
809,1,0,0,0,1,1,0.9952,0.8607,0.9287,0.2704,627.4189,348.7102,653.517,343.16,578.481,512.3442,590.351,504.998,26.6817,13.9594,0.5232,0,0,0,0
810,1,0,0,0,1,1,0.9967,0.8669,0.9612,0.3351,621.2834,350.3666,635.6487,345.358,577.8734,524.2808,579.726,516.737,15.2134,7.7679,0.5106,0,0,0,0
811,1,0,0,0,1,1,0.9967,0.8661,0.9607,0.3327,621.3137,350.3964,635.6721,345.3869,578.141,523.8902,579.926,516.2188,15.2072,7.8764,0.5179,0,0,0,0
812,1,0,0,0,1,1,0.9968,0.8803,0.9596,0.3581,610.5411,352.701,626.3094,344.0356,578.6272,531.7272,573.2428,515.7621,17.9925,16.8487,0.9364,0,0,0,0
813,1,0,0,0,1,1,0.9968,0.8802,0.9596,0.3583,610.5276,352.6711,626.314,344.0211,578.6527,531.7132,573.2692,515.7542,18.0008,16.8425,0.9357,0,0,0,0
814,1,0,0,1,1,1,0.9969,0.8939,0.9626,0.4106,600.125,354.6298,613.1676,345.4475,582.5453,541.1815,553.4898,514.8227,15.9507,39.2302,2.4595,0,0,0,0
815,1,0,0,1,1,1,0.9969,0.8939,0.9626,0.4105,600.0864,354.6331,613.2612,345.4436,582.553,541.0816,553.6436,514.778,16.0631,39.085,2.4332,0,0,0,0
816,1,0,0,1,1,1,0.9932,0.9365,0.9515,0.6475,586.3568,356.8162,602.1138,358.061,582.2508,542.2838,531.1052,507.3952,15.8061,61.9119,3.917,0,0,0,0
817,1,0,0,1,1,1,0.991,0.9185,0.9534,0.6347,580.1542,356.3243,586.6108,353.668,576.5703,547.783,521.4915,513.0959,6.9816,65.0913,9.3232,0,0,0,0
818,1,0,0,1,1,1,0.991,0.9185,0.9535,0.635,580.1372,356.3338,586.5846,353.6763,576.5758,547.6396,521.5422,513.2704,6.9736,64.884,9.3043,0,0,0,0
819,1,0,0,1,1,1,0.9937,0.8902,0.9424,0.4737,563.4184,354.866,578.4074,347.4133,555.661,546.0979,517.7764,518.7188,16.7395,46.7425,2.7923,0,0,0,0
820,1,0,0,1,1,1,0.9937,0.8899,0.9424,0.473,563.405,354.872,578.3746,347.3952,555.654,546.0746,517.8014,518.7518,16.733,46.6835,2.7899,0,0,0,0
821,1,0,0,0,1,1,0.9799,0.7557,0.9022,0.3504,548.8096,352.4808,577.8898,344.4604,542.1304,543.3597,558.1664,520.1859,30.166,28.1812,0.9342,0,0,0,0
822,1,0,0,0,1,1,0.9797,0.7552,0.9006,0.3488,548.7586,352.557,577.9257,344.4415,541.9784,543.349,558.0772,520.0042,30.2752,28.3576,0.9367,0,0,0,0
823,1,0,0,0,1,1,0.9549,0.7321,0.8221,0.3524,526.1215,352.8431,582.419,347.4807,512.4542,541.4656,545.9986,521.1006,56.5524,39.2424,0.6939,0,0,0,0
824,1,0,0,0,1,1,0.9549,0.7318,0.8222,0.3523,526.0806,352.8118,582.3264,347.4592,512.5166,541.3792,546.1264,521.0192,56.4999,39.2956,0.6955,0,0,0,0
825,1,0,0,0,1,1,0.9713,0.8264,0.7478,0.3157,513.0194,353.954,579.6422,345.2314,494.4905,548.997,540.794,526.4154,67.1914,51.5165,0.7667,0,0,0,0
826,1,0,0,0,1,1,0.9715,0.8268,0.7494,0.3164,513.0507,353.9244,579.651,345.2319,494.5126,549.0508,540.886,526.4474,67.1651,51.5888,0.7681,0,0,0,0
827,1,0,0,1,1,1,0.9798,0.9026,0.802,0.4741,497.9703,354.367,578.3526,343.2702,482.5018,543.4162,539.7526,511.3915,81.1446,65.5991,0.8084,0,0,0,0
828,1,0,0,1,1,1,0.9733,0.9563,0.7334,0.6684,478.6884,353.9083,573.0948,342.9992,463.8452,535.3282,551.3066,508.3979,95.0346,91.5136,0.963,0,0,0,0
829,1,0,0,1,1,1,0.9733,0.9565,0.7332,0.6696,478.7132,353.9226,573.0719,343.033,463.8783,535.3269,551.5,508.349,94.985,91.6809,0.9652,0,0,0,0
830,1,0,0,1,1,1,0.9731,0.9799,0.6727,0.7825,466.7827,352.1422,565.4392,344.8724,455.9328,534.7685,579.2473,515.477,98.924,124.8145,1.2617,0,0,0,0
831,1,0,0,1,1,1,0.9731,0.9799,0.6734,0.783,466.7841,352.0888,565.3758,344.8683,455.9446,534.7251,579.2755,515.5126,98.8557,124.8184,1.2626,0,0,0,0
832,1,0,0,1,1,1,0.9763,0.9844,0.6639,0.798,459.4106,352.1525,564.076,346.3194,450.8469,533.328,587.4302,523.2567,104.8278,136.9541,1.3065,0,0,0,0
833,1,0,0,1,1,1,0.9764,0.9844,0.6653,0.7985,459.4355,352.1692,564.1492,346.3115,450.807,533.313,587.4252,523.0848,104.8774,137.0005,1.3063,0,0,0,0
834,1,0,0,1,1,1,0.9819,0.9883,0.6921,0.8205,456.3454,349.8098,563.2536,345.636,445.456,530.6876,592.378,522.4624,106.9897,147.1521,1.3754,0,0,0,0
835,1,0,0,1,1,1,0.982,0.9883,0.6932,0.8208,456.3212,349.8221,563.2126,345.7043,445.3638,530.721,592.4925,522.575,106.9707,147.354,1.3775,0,0,0,0
836,1,0,0,1,1,1,0.9819,0.9885,0.6861,0.8088,460.9646,346.2918,567.391,347.1967,444.7288,527.2672,596.2732,525.545,106.4303,151.5541,1.424,0,0,0,0
837,1,0,0,1,1,1,0.9817,0.9885,0.6848,0.8086,460.9579,346.2892,567.3412,347.1868,444.7088,527.2834,596.1944,525.6581,106.3871,151.4943,1.424,0,0,0,0
838,1,0,0,1,1,1,0.985,0.9908,0.6975,0.8169,467.1504,344.738,570.9342,348.2813,448.4244,523.3806,601.4906,525.3301,103.8442,153.0786,1.4741,0,0,0,0
839,1,0,0,1,1,1,0.9857,0.9908,0.7051,0.8082,475.7715,342.7979,576.1039,349.2799,452.5838,522.7408,607.1914,530.4986,100.5415,154.8021,1.5397,0,0,0,0
840,1,0,0,1,1,1,0.9857,0.9908,0.7056,0.8084,475.8172,342.8053,576.17,349.315,452.5032,522.6958,607.1828,530.4862,100.5637,154.8757,1.5401,0,0,0,0
841,1,0,0,1,1,1,0.9882,0.9943,0.7685,0.8728,489.7994,342.7819,582.8498,351.7528,460.2158,518.6224,614.2042,532.7788,93.4818,154.6377,1.6542,0,0,0,0
