frame,raw_num_people,anomaly,track_id,conf_ok,boundary_ok,overlap_ok,conf_ls,conf_rs,conf_lw,conf_rw,ls_x,ls_y,rs_x,rs_y,lw_x,lw_y,rw_x,rw_y,shoulder_dist,wrist_dist,ratio,frontal,hands_now,consecutive_frames,confirmed
0,2,0,0,0,1,1,0.8891,0.9803,0.336,0.7438,161.7793,332.9954,55.9819,326.2265,193.8619,632.7354,81.1691,675.4084,106.0137,120.5017,1.1367,0,0,0,0
0,2,0,1,0,1,1,0.994,0.86,0.8998,0.2804,1042.5901,347.9509,1048.1968,338.7488,1002.4183,604.2525,979.8358,580.6206,10.7756,32.6869,3.0334,0,0,0,0
1,2,0,0,0,1,1,0.8898,0.9805,0.3486,0.752,161.6852,331.363,55.9016,327.2146,196.1659,628.4494,82.9428,674.0854,105.8649,122.0743,1.1531,0,0,0,0
1,2,0,1,0,1,1,0.9962,0.8514,0.9413,0.3183,1038.7212,347.1296,1041.6685,338.4855,1003.0406,606.3576,967.6652,578.8726,9.1327,44.7979,4.9052,0,0,0,0
2,2,0,0,0,1,1,0.8887,0.9806,0.3403,0.7486,161.7286,331.3338,56.5963,327.0575,195.5488,630.7285,82.4205,675.0984,105.2192,121.5183,1.1549,0,0,0,0
2,2,0,1,0,1,1,0.9962,0.8506,0.9411,0.3138,1038.3726,346.9779,1041.9242,338.5014,1003.1053,606.6035,968.0189,579.5509,9.1906,44.3047,4.8207,0,0,0,0
3,2,0,0,0,1,1,0.8825,0.9802,0.3097,0.7321,161.8254,332.638,57.1431,327.9587,194.0254,638.3942,83.0543,676.7125,104.7869,117.4004,1.1204,0,0,0,0
3,2,0,1,0,1,1,0.9966,0.8504,0.9444,0.3071,1033.6636,347.4628,1041.5111,341.3596,1001.5226,608.4979,966.0687,581.7156,9.9415,44.4328,4.4694,0,0,0,0
4,2,0,0,0,1,1,0.8828,0.9803,0.3136,0.736,161.7574,332.8317,57.2631,328.0608,193.9417,638.0778,82.9031,676.2026,104.6031,117.4014,1.1224,0,0,0,0
4,2,0,1,0,1,1,0.9965,0.8479,0.9435,0.3021,1033.693,347.0012,1041.2434,341.7803,1001.787,607.7464,965.8149,581.4148,9.1797,44.5796,4.8563,0,0,0,0
5,2,0,0,0,1,1,0.9056,0.9846,0.3999,0.7869,164.7262,330.9275,62.5213,329.5327,192.2813,631.7384,80.3301,687.1367,102.2145,124.9082,1.222,0,0,0,0
5,2,0,1,0,1,1,0.9966,0.8524,0.9514,0.3415,1033.712,346.9148,1033.925,340.1812,1000.2876,604.9824,964.6312,575.8794,6.7371,46.0257,6.8317,0,0,0,0
6,2,0,0,0,1,1,0.9054,0.9846,0.3975,0.7855,164.9724,330.9825,62.4828,329.6898,192.1252,632.544,80.4693,687.7454,102.4977,124.5562,1.2152,0,0,0,0
6,2,0,1,0,1,1,0.9966,0.8516,0.9511,0.3384,1033.5137,346.8741,1034.1119,340.0078,1000.1366,605.148,964.7071,576.299,6.8923,45.6892,6.629,0,0,0,0
7,2,0,0,0,0,1,0.8969,0.9838,0.3784,0.7834,167.9181,334.1737,65.9678,329.8942,193.4279,642.2876,80.4262,690.0927,102.0401,122.6976,1.2024,0,0,0,0
7,2,0,1,0,1,1,0.9966,0.8445,0.9552,0.3549,1030.6163,346.2422,1031.6144,338.0963,1001.2567,606.2169,963.1103,571.5512,8.2068,51.5447,6.2807,0,0,0,0
8,2,0,0,1,1,1,0.9147,0.987,0.4371,0.8225,171.3348,336.6636,71.4716,327.1098,194.9604,638.6062,77.8509,686.0466,100.3192,126.3536,1.2595,0,0,0,0
8,2,0,1,0,1,1,0.9969,0.8547,0.959,0.3743,1028.0354,345.7528,1030.4562,339.7555,1001.2035,607.2104,959.2484,568.178,6.4675,57.3041,8.8604,0,0,0,0
9,2,0,0,1,1,1,0.9142,0.987,0.4368,0.8234,171.1043,336.305,71.8717,326.749,194.6156,638.9276,77.7766,685.8537,99.6916,125.9103,1.263,0,0,0,0
9,2,0,1,0,1,1,0.9969,0.8535,0.9589,0.3718,1028.0532,345.6539,1030.3849,339.506,1000.6547,607.6484,959.3469,568.7324,6.5752,56.7519,8.6312,0,0,0,0
10,2,0,0,1,1,1,0.9145,0.9876,0.4242,0.8216,177.2195,336.8263,74.0316,325.453,193.4278,644.3074,75.1313,687.0697,103.8127,125.7882,1.2117,0,0,0,0
10,2,0,1,0,1,1,0.9967,0.8693,0.9538,0.352,1026.57,347.9596,1021.1941,343.465,1001.0067,612.4459,958.1338,573.6526,7.0072,57.8187,8.2513,0,0,0,0
11,2,0,0,1,1,1,0.913,0.9874,0.42,0.8197,177.3742,336.9511,73.8508,325.6592,193.6005,644.323,75.4665,686.9485,104.1374,125.5889,1.206,0,0,0,0
11,2,0,1,0,1,1,0.9967,0.8685,0.9535,0.349,1026.5724,348.0337,1021.2808,343.4386,1001.2222,612.5556,958.4902,574.1518,7.0083,57.4533,8.1979,0,0,0,0
12,2,0,0,1,1,1,0.9145,0.988,0.4274,0.8272,180.7289,335.4006,81.8364,323.1232,193.484,641.743,78.739,677.1217,99.6517,120.0752,1.2049,0,0,0,0
12,2,0,1,1,1,1,0.9968,0.8995,0.9598,0.4631,1025.6906,350.3163,1003.436,347.1684,1013.0516,614.533,954.1289,575.294,22.476,70.7926,3.1497,0,0,0,0
13,2,0,0,1,1,1,0.9151,0.9881,0.4283,0.8274,180.9102,335.5212,81.6226,323.4072,194.1532,642.1292,78.8272,677.2262,100.0239,120.5483,1.2052,0,0,0,0
13,2,0,1,1,1,1,0.9968,0.8997,0.9596,0.4631,1025.6552,350.3608,1003.3943,347.1344,1012.9603,614.9294,953.94,575.5384,22.4934,70.9581,3.1546,0,0,0,0
14,2,0,0,1,1,1,0.9182,0.989,0.4508,0.8427,189.409,342.4457,86.4712,325.6249,193.3511,643.5489,81.9037,678.6226,104.3031,116.8361,1.1202,0,0,0,0
14,2,0,1,1,1,1,0.9962,0.8981,0.9569,0.4876,1019.7592,351.1897,992.9034,351.7299,1024.1079,617.0698,947.4633,569.4731,26.8612,90.2211,3.3588,0,0,0,0
15,2,0,0,1,1,1,0.9258,0.9905,0.4644,0.8494,197.7338,341.9674,94.5342,327.2308,199.2882,632.3478,86.4125,675.6492,104.2465,120.8964,1.1597,0,0,0,0
15,2,0,1,1,1,1,0.9958,0.9084,0.9532,0.5312,1011.9226,350.892,977.6746,351.393,1034.0331,606.4308,927.8879,560.5682,34.2517,115.6295,3.3759,0,0,0,0
16,2,0,0,1,1,1,0.9261,0.9906,0.4658,0.8501,197.8445,342.0358,94.4629,327.2446,199.4243,632.6975,86.4274,675.638,104.4343,120.8808,1.1575,0,0,0,0
16,2,0,1,1,1,1,0.9958,0.909,0.9534,0.5323,1011.8604,350.8791,977.517,351.4312,1033.9753,606.1746,927.4438,560.6156,34.3478,115.8645,3.3733,0,0,0,0
17,2,0,0,1,1,1,0.9293,0.9915,0.4192,0.8436,211.14,339.2579,101.8254,326.5455,222.2792,645.4554,88.3489,668.9964,110.0514,135.9835,1.2356,0,0,0,0
17,2,0,1,1,1,1,0.9954,0.9006,0.9597,0.5582,997.9594,352.4298,956.6434,353.5725,1048.0796,600.9488,902.6451,559.586,41.3318,151.202,3.6583,0,0,0,0
18,2,0,0,1,1,1,0.9293,0.9915,0.4193,0.8435,211.1122,339.2361,101.7634,326.711,222.4309,645.3156,88.0014,669.0301,110.0639,136.5053,1.2402,0,0,0,0
18,2,0,1,1,1,1,0.9954,0.9007,0.9598,0.5587,997.9551,352.4484,956.586,353.5634,1047.9757,601.004,902.5248,559.5798,41.3842,151.2346,3.6544,0,0,0,0
19,2,0,1,1,1,1,0.9958,0.904,0.9646,0.5829,984.3907,352.6042,938.3024,356.3406,1048.0134,594.727,876.9535,551.1532,46.2395,176.5225,3.8176,0,0,0,0
19,2,0,0,1,1,1,0.9274,0.9867,0.4346,0.8008,221.0841,339.5484,113.166,325.8246,236.5983,635.4413,92.6278,666.861,108.7873,147.3591,1.3546,0,0,0,0
20,2,0,1,1,1,1,0.9958,0.9042,0.9647,0.5835,984.4031,352.5109,938.3392,356.2108,1048.0825,594.7196,876.8559,551.274,46.2123,176.6525,3.8226,0,0,0,0
20,2,0,0,1,1,1,0.9272,0.9866,0.436,0.8013,221.0427,339.6342,113.0804,325.7615,236.7443,635.1714,92.6276,666.7783,108.8499,147.5419,1.3555,0,0,0,0
21,2,0,1,1,1,1,0.9961,0.9333,0.9574,0.5961,964.4892,357.4519,927.8276,356.5283,1043.6078,602.3868,856.0403,546.9908,36.6733,195.5767,5.333,0,0,0,0
21,2,0,0,1,1,1,0.9321,0.9919,0.447,0.8567,237.262,347.908,124.9496,330.3128,249.6931,641.9475,97.0499,669.3418,113.6823,155.0819,1.3642,0,0,0,0
22,2,0,1,1,1,1,0.9922,0.9053,0.9629,0.6778,946.6045,356.4518,905.7999,357.4398,1033.9333,601.2128,834.4604,555.6826,40.8165,204.6032,5.0128,0,0,0,0
22,2,0,0,1,1,1,0.9276,0.9923,0.4207,0.8581,248.9082,355.6697,146.5771,332.3054,249.3873,655.973,110.8073,687.6108,104.9645,142.1456,1.3542,0,0,0,0
23,2,0,1,1,1,1,0.9923,0.9058,0.9628,0.6775,946.5853,356.4537,905.947,357.4553,1033.9618,601.24,834.6426,555.7649,40.6506,204.441,5.0292,0,0,0,0
23,2,0,0,1,1,1,0.9275,0.9922,0.4205,0.8581,248.914,355.7381,146.5777,332.2965,249.0941,656.0977,110.8351,687.5642,104.9868,141.7945,1.3506,0,0,0,0
24,2,0,0,1,0,1,0.922,0.9906,0.4172,0.8436,262.1334,353.8735,164.0983,334.9926,257.3229,649.517,107.0631,694.315,99.8367,156.7957,1.5705,0,0,0,0
24,2,0,1,1,1,1,0.9929,0.8961,0.9505,0.5984,920.6287,360.9908,890.102,358.6629,1011.0822,600.2662,818.9165,555.32,30.6153,197.352,6.4462,0,0,0,0
25,2,0,0,1,0,1,0.9224,0.9906,0.4186,0.8442,262.3562,353.9803,164.0162,334.9886,257.9116,650.1493,107.073,694.2398,100.1571,157.1505,1.569,0,0,0,0
25,2,0,1,1,1,1,0.9929,0.8959,0.9504,0.5984,920.4929,360.8371,890.0878,358.5474,1011.0182,600.201,818.9558,555.4107,30.4912,197.216,6.468,0,0,0,0
26,2,0,0,1,1,1,0.9157,0.9905,0.4384,0.8589,285.2273,345.3671,187.3038,333.8566,290.9462,642.4198,133.3623,685.4016,98.5977,163.3405,1.6566,0,0,0,0
26,2,0,1,1,1,1,0.9928,0.9199,0.9522,0.6297,898.2334,359.3201,872.1199,355.3182,961.7375,596.6801,813.4895,561.1036,26.4183,152.457,5.7709,0,0,0,0
27,2,0,0,1,1,1,0.9157,0.9905,0.4382,0.8589,285.2158,345.4286,187.3308,333.8849,290.7248,642.5972,133.317,685.4778,98.5634,163.144,1.6552,0,0,0,0
27,2,0,1,1,1,1,0.9927,0.9198,0.952,0.6297,898.2358,359.3567,872.0949,355.3242,961.6418,596.6694,813.5223,561.0725,26.4501,152.337,5.7594,0,0,0,0
28,2,0,0,1,1,1,0.9205,0.992,0.4387,0.873,302.3014,348.656,211.9691,333.2946,312.4801,651.4174,155.9967,687.1731,91.6292,160.5164,1.7518,0,0,0,0
28,2,0,1,1,1,1,0.9941,0.8842,0.941,0.4986,873.119,359.1487,851.1407,352.8973,918.2897,630.9958,812.2688,559.4568,22.85,127.8994,5.5973,0,0,0,0
29,2,0,0,1,1,1,0.9205,0.992,0.4386,0.873,302.2889,348.6421,211.9434,333.2767,312.5211,651.7196,156.0129,687.083,91.6428,160.4537,1.7509,0,0,0,0
29,2,0,1,1,1,1,0.9941,0.8843,0.941,0.4986,873.1138,359.1288,851.1304,352.8941,918.3379,630.9187,812.2591,559.4687,22.8504,127.8977,5.5972,0,0,0,0
30,2,0,0,0,1,1,0.9209,0.9916,0.3675,0.8163,325.5988,352.9792,223.0706,343.0583,329.5165,646.454,184.257,689.82,103.0071,151.5946,1.4717,0,0,0,0
30,2,0,1,1,1,1,0.9884,0.8207,0.922,0.4126,844.9193,355.9795,835.051,344.476,872.9753,657.4265,803.0176,571.655,15.1563,110.6835,7.3028,0,0,0,0
31,2,0,0,0,1,1,0.9203,0.9916,0.367,0.8175,325.5031,352.9607,223.205,342.927,328.5837,646.2626,184.2401,689.5139,102.7889,150.6843,1.466,0,0,0,0
31,2,0,1,1,1,1,0.9884,0.8207,0.922,0.4123,844.9014,355.9362,835.1804,344.4122,873.1257,657.5966,803.0826,571.7241,15.0765,110.8157,7.3502,0,0,0,0
32,2,0,0,1,1,1,0.9234,0.9912,0.4336,0.8589,349.2202,342.9606,254.197,334.3692,363.915,638.2058,216.4407,674.8853,95.4108,151.9673,1.5928,0,0,0,0
32,2,0,1,0,0,1,0.9927,0.7326,0.8729,0.151,827.8816,358.5208,824.5574,346.3476,814.728,694.0252,793.1803,643.332,12.6189,55.0827,4.3651,0,0,0,0
33,2,0,0,1,0,1,0.9105,0.9888,0.4231,0.8415,359.9646,339.711,285.7198,332.4852,382.5269,648.2981,255.8117,694.6038,74.5956,134.911,1.8086,0,0,0,0
33,2,0,1,0,1,1,0.989,0.7271,0.8709,0.1919,802.0412,340.8794,800.5406,339.016,783.8856,619.2865,775.557,603.339,2.3925,17.9914,7.5201,0,0,0,0
34,2,0,0,1,0,1,0.9101,0.9888,0.4203,0.8402,359.6221,339.6528,285.6567,332.6927,382.3885,649.3941,255.9278,694.8504,74.2921,134.3822,1.8088,0,0,0,0
34,2,0,1,0,1,1,0.9891,0.7275,0.8713,0.192,801.9755,340.8398,800.6471,338.954,783.9646,619.3578,775.9314,603.2749,2.3067,17.9776,7.7937,0,0,0,0
35,2,0,1,0,1,1,0.9955,0.7483,0.9368,0.1989,771.5794,337.1142,787.7488,336.5997,737.7738,603.7571,734.316,585.817,16.1776,18.2703,1.1294,0,0,0,0
35,2,0,0,0,1,1,0.8841,0.9911,0.3465,0.8577,370.8721,332.0216,315.1887,328.8685,390.0156,613.8503,305.2545,660.2352,55.7726,96.623,1.7324,0,0,0,0
36,2,0,1,0,1,1,0.9955,0.7484,0.9368,0.1989,771.5686,337.1059,787.7906,336.5918,737.7934,603.7186,734.2778,585.8281,16.23,18.2326,1.1234,0,0,0,0
36,2,0,0,0,1,1,0.8842,0.9911,0.3471,0.8581,370.8657,331.9573,315.2283,328.8584,390.0405,613.7104,305.2718,660.3206,55.7237,96.738,1.736,0,0,0,0
37,2,0,0,1,0,1,0.8981,0.9866,0.4589,0.8601,393.631,326.0437,344.7486,320.2953,415.2234,653.0454,337.572,694.0964,49.2192,87.8347,1.7846,0,0,0,0
37,2,0,1,0,1,1,0.9946,0.76,0.9431,0.2724,756.9114,340.8158,765.7566,339.8325,696.6942,583.7832,699.6036,557.2859,8.8997,26.6566,2.9952,0,0,0,0
38,2,0,0,1,0,1,0.8982,0.9866,0.4583,0.8598,393.5368,326.017,344.8113,320.3405,415.1212,653.0274,337.5423,694.1352,49.0551,87.7971,1.7898,0,0,0,0
38,2,0,1,0,1,1,0.9946,0.7599,0.9431,0.2723,756.9316,340.828,765.8185,339.8213,696.5741,583.7545,699.6294,557.2064,8.9437,26.7234,2.988,0,0,0,0
39,2,0,1,0,1,1,0.9928,0.8475,0.9074,0.3025,731.6286,340.2214,746.954,341.4728,659.4997,553.82,671.5752,539.884,15.3765,18.4398,1.1992,0,0,0,0
39,2,0,0,1,1,1,0.9011,0.9919,0.4318,0.8891,415.4175,334.2866,373.2232,323.2295,466.829,609.3308,397.8138,684.6346,43.619,102.1458,2.3418,0,0,0,0
40,2,0,1,0,1,1,0.9928,0.8476,0.9075,0.3026,731.5902,340.1713,746.7323,341.4868,659.6388,553.6964,671.6075,539.9798,15.1991,18.2042,1.1977,0,0,0,0
40,2,0,0,1,1,1,0.9013,0.9919,0.4323,0.8891,415.7734,334.2289,373.1806,323.0838,466.8672,609.4906,397.7149,684.5276,44.0269,102.042,2.3177,0,0,0,0
41,2,0,0,1,1,1,0.9107,0.9916,0.4475,0.8826,426.5655,324.0275,402.7966,319.3755,487.6952,615.4936,423.1898,684.1358,24.2199,94.195,3.8892,0,0,0,0
41,2,0,1,0,1,1,0.9957,0.8059,0.9454,0.2723,706.0959,345.702,726.2108,343.2825,615.1944,567.1726,635.0032,548.7214,20.2599,27.0709,1.3362,0,0,0,0
42,2,0,0,1,0,1,0.9185,0.9931,0.4768,0.897,452.8762,338.5895,433.0137,330.708,503.2476,622.349,449.8152,695.5724,21.3691,90.6458,4.2419,0,0,0,0
42,2,0,1,0,1,1,0.995,0.791,0.9457,0.2616,682.2704,353.4601,701.1412,351.5468,585.7425,565.8432,603.627,550.9776,18.9675,23.2561,1.2261,0,0,0,0
43,2,0,0,1,0,1,0.9186,0.9931,0.4768,0.897,452.8832,338.7786,433.0914,330.8303,503.1967,622.3457,449.8086,695.6238,21.3282,90.6641,4.2509,0,0,0,0
43,2,0,1,0,1,1,0.995,0.7908,0.9456,0.2611,682.1588,353.3917,701.2477,351.4671,585.7069,565.882,603.5152,550.9548,19.1856,23.2369,1.2112,0,0,0,0
44,2,0,0,0,1,0,0.9105,0.993,0.362,0.8648,484.7911,336.872,459.8281,332.759,533.833,639.4543,477.4536,682.4164,25.2995,70.8829,2.8017,0,0,0,0
44,2,0,1,0,1,0,0.9938,0.6455,0.9434,0.1721,654.2628,358.4846,678.0608,354.6928,567.7664,557.1906,581.8612,531.5066,24.0982,29.2972,1.2157,0,0,0,0
45,2,0,0,0,1,0,0.9105,0.9931,0.362,0.8648,484.8137,336.9432,459.8069,332.803,533.8958,639.3857,477.4676,682.4027,25.3472,70.955,2.7993,0,0,0,0
45,2,0,1,0,1,0,0.9938,0.6456,0.9436,0.1725,654.318,358.4964,677.9808,354.7357,567.7923,557.1304,581.7586,531.5252,23.9597,29.1665,1.2173,0,0,0,0
46,2,0,0,1,1,0,0.9018,0.9913,0.4653,0.8863,538.0615,341.0479,477.8018,339.3898,577.8116,556.29,496.439,688.8014,60.2825,155.5017,2.5795,0,0,0,0
46,2,0,1,0,1,0,0.933,0.5449,0.7142,0.2038,627.2142,339.911,627.6947,341.4657,556.1032,567.8506,573.9851,564.5568,1.6272,18.1827,11.1739,0,0,0,0
47,2,0,0,1,1,0,0.8494,0.9803,0.407,0.8408,538.1725,344.3948,476.5508,347.3717,565.8258,559.3492,498.2883,671.6446,61.6935,131.0404,2.1241,0,0,0,0
47,2,0,1,0,1,0,0.9328,0.5459,0.7152,0.2057,627.1521,339.9403,627.6573,341.5781,556.4654,567.7091,574.2328,564.4902,1.714,18.0566,10.535,0,0,0,0
48,1,0,0,0,1,1,0.8768,0.9902,0.3577,0.8713,553.6836,348.721,513.3702,338.7341,603.159,642.7404,529.7831,680.1264,41.532,82.3514,1.9828,0,0,0,0
49,1,0,0,1,1,1,0.9241,0.9926,0.4879,0.9003,579.5932,341.7428,533.88,331.2693,610.259,661.9464,539.3651,689.3352,46.8975,76.0006,1.6206,0,0,0,0
50,1,0,0,1,1,1,0.9238,0.9926,0.4872,0.9001,579.5562,341.6426,533.8798,331.3179,610.1206,661.4033,539.3619,689.3502,46.8288,76.0777,1.6246,0,0,0,0
51,1,0,0,0,0,1,0.873,0.98,0.2945,0.7386,593.2581,329.089,565.8438,328.5187,618.9964,646.0588,557.0946,696.1056,27.4203,79.6022,2.903,0,0,0,0
52,1,0,0,0,0,1,0.8732,0.98,0.2945,0.7386,593.331,329.1747,565.8553,328.5457,618.9651,646.0521,557.0507,696.3282,27.4828,79.7563,2.902,0,0,0,0
53,2,0,0,0,1,0,0.9073,0.9852,0.3359,0.7435,614.8172,330.0494,588.5138,327.8519,648.3563,631.3509,574.4078,687.5766,26.3949,92.8963,3.5195,0,0,0,0
53,2,0,2,0,1,0,0.9187,0.7078,0.3865,0.124,539.1236,349.7778,511.1618,351.638,519.3103,614.2564,516.2956,632.5569,28.0235,18.5471,0.6618,0,0,0,0
54,2,0,0,0,1,0,0.9072,0.9851,0.3362,0.7436,614.7472,329.9934,588.5287,327.7908,648.229,631.1389,574.3964,687.5261,26.3108,92.902,3.5309,0,0,0,0
54,2,0,2,0,1,0,0.9182,0.708,0.3849,0.124,539.1664,349.7884,511.0781,351.65,519.375,613.79,516.2834,632.5443,28.1499,19.0074,0.6752,0,0,0,0
55,2,0,0,0,0,0,0.8981,0.9882,0.3439,0.798,632.039,330.3713,615.2512,332.4844,673.5208,628.6718,583.7683,703.0002,16.9203,116.5343,6.8873,0,0,0,0
55,2,0,2,0,1,0,0.9712,0.7394,0.6696,0.1628,534.4636,354.5111,507.6964,346.2062,531.1498,615.3302,481.4965,593.2329,28.026,54.3483,1.9392,0,0,0,0
56,2,0,0,0,0,0,0.8981,0.9882,0.3438,0.7979,632.0394,330.3526,615.2744,332.4985,673.4462,628.6546,583.807,703.0295,16.9018,116.4767,6.8914,0,0,0,0
56,2,0,2,0,1,0,0.9712,0.7403,0.6701,0.1636,534.471,354.5362,507.6476,346.1958,531.116,615.1935,481.1574,592.8748,28.0903,54.7173,1.9479,0,0,0,0
57,2,0,0,1,0,1,0.9192,0.9878,0.4301,0.8318,679.2527,338.5258,631.7314,334.6544,710.7851,663.1346,620.2725,708.1552,47.6787,101.091,2.1203,0,0,0,0
57,2,0,2,1,1,1,0.992,0.8958,0.9449,0.5155,498.9244,341.774,475.8441,336.3777,511.0533,596.643,421.287,535.6148,23.7028,108.5469,4.5795,0,0,0,0
58,2,0,0,1,0,1,0.9226,0.988,0.4669,0.8433,696.4856,336.3354,656.1569,334.4885,745.5774,615.3698,649.7048,695.0852,40.371,124.6841,3.0885,0,0,0,0
58,2,0,2,1,1,1,0.9914,0.9131,0.9466,0.6042,474.8796,345.8291,450.4734,342.2819,504.8398,598.5262,385.0423,528.6914,24.6626,138.6663,5.6225,0,0,0,0
59,2,0,0,1,0,1,0.9227,0.988,0.4673,0.8433,696.5066,336.3746,656.1195,334.5367,745.601,615.3879,649.6506,695.0626,40.4289,124.7178,3.0849,0,0,0,0
59,2,0,2,1,1,1,0.9914,0.9129,0.9467,0.6037,474.904,345.8692,450.4774,342.2838,504.8284,598.5166,385.137,528.6558,24.6883,138.5877,5.6135,0,0,0,0
60,2,0,0,0,0,1,0.901,0.9845,0.3066,0.7398,712.2514,330.399,689.8512,342.1785,747.4109,662.4186,683.6088,720.0,25.3086,85.9438,3.3958,0,0,0,0
60,2,0,2,1,1,1,0.9955,0.8732,0.9578,0.4576,447.289,353.892,427.8863,350.4526,477.065,600.438,365.4263,529.7176,19.7051,132.1535,6.7066,0,0,0,0
61,2,0,0,0,0,1,0.901,0.9845,0.3058,0.7389,712.234,330.448,689.8559,342.1792,747.1874,662.6675,683.617,720.0,25.2667,85.6049,3.3881,0,0,0,0
61,2,0,2,1,1,1,0.9955,0.8734,0.9579,0.4586,447.3352,353.8825,428.046,350.4432,477.0302,600.5302,365.4628,529.6856,19.5934,132.1599,6.7451,0,0,0,0
62,2,0,0,0,0,1,0.8931,0.9922,0.3526,0.86,745.3976,338.676,721.4794,346.3396,778.504,646.6603,719.6228,714.8804,25.116,90.1164,3.588,0,0,0,0
62,2,0,2,0,1,1,0.9774,0.834,0.8363,0.3662,415.9791,356.0645,416.1876,347.1156,344.0017,535.612,348.4191,527.8485,8.9513,8.9322,0.9979,0,0,0,0
63,2,0,0,0,0,1,0.8927,0.9923,0.3517,0.8601,745.188,338.4042,721.549,346.0292,777.9824,646.5716,719.5706,714.8883,24.8383,89.8839,3.6188,0,0,0,0
63,2,0,2,0,1,1,0.9775,0.8362,0.8363,0.369,416.2515,355.9357,415.9166,347.2642,343.9043,536.1126,348.3023,528.068,8.678,9.1684,1.0565,0,0,0,0
64,2,0,0,0,0,1,0.9036,0.9926,0.3597,0.8613,769.5526,328.1483,758.8518,336.4688,784.7505,655.9586,750.3632,711.9004,13.555,65.6656,4.8444,0,0,0,0
64,2,0,2,0,1,1,0.9693,0.7048,0.7204,0.1812,393.2214,373.0218,393.7956,357.1193,386.8427,616.5501,338.4198,566.0086,15.9129,69.9945,4.3986,0,0,0,0
65,2,0,0,0,0,1,0.9039,0.9926,0.3595,0.8614,769.4218,328.3708,758.9654,336.5026,784.672,656.5941,750.4804,711.9983,13.2461,65.1052,4.915,0,0,0,0
65,2,0,2,0,1,1,0.9701,0.7075,0.7228,0.1812,393.4563,373.4576,393.6766,357.3799,387.8513,617.9104,338.4959,566.3366,16.0792,71.3849,4.4396,0,0,0,0
66,2,0,0,0,0,1,0.89,0.9932,0.3989,0.8907,795.9293,321.2882,793.4504,327.8844,826.2342,614.5132,800.645,710.2044,7.0466,99.0535,14.0569,0,0,0,0
66,2,0,2,0,0,1,0.9863,0.6475,0.7509,0.0835,364.154,363.2058,364.6831,351.732,331.1215,699.0174,322.5584,669.4986,11.4859,30.7358,2.6759,0,0,0,0
67,2,0,0,0,0,1,0.8897,0.9932,0.3984,0.8904,796.0564,321.134,793.4586,327.9309,826.0462,613.9289,800.7696,710.2746,7.2764,99.6063,13.689,0,0,0,0
67,2,0,2,0,0,1,0.9864,0.65,0.752,0.0842,364.0396,363.1224,364.5656,351.8817,330.9814,700.6222,322.4971,670.9818,11.253,30.8307,2.7398,0,0,0,0
68,2,0,0,1,0,1,0.9176,0.9933,0.4225,0.8825,822.8546,326.9333,817.6617,329.95,868.8876,646.7981,841.4083,708.3712,6.0055,67.4267,11.2275,0,0,0,0
68,2,0,2,0,1,1,0.9852,0.6871,0.7939,0.1179,337.4339,346.795,351.3385,339.0585,309.4505,640.1856,294.4628,621.81,15.912,23.7128,1.4902,0,0,0,0
69,2,0,2,0,1,1,0.9925,0.7542,0.8713,0.1612,311.7751,346.4973,341.2475,333.2577,266.1634,597.5458,277.7283,558.0014,32.3096,41.2007,1.2752,0,0,0,0
69,2,0,0,1,0,1,0.913,0.9928,0.4977,0.9056,849.3569,331.124,846.8206,329.6052,899.4149,632.567,881.6268,698.3474,2.9563,68.1431,23.0502,0,0,0,0
70,2,0,2,0,1,1,0.9924,0.7542,0.871,0.1616,311.9086,346.3777,341.1446,333.2599,266.1876,597.4679,277.4581,557.9874,32.0441,41.0577,1.2813,0,0,0,0
70,2,0,0,1,0,1,0.9131,0.9929,0.4984,0.9058,849.4887,331.0745,846.784,329.5485,899.5788,632.5616,881.6239,698.3358,3.1055,68.1807,21.955,0,0,0,0
71,2,0,0,1,0,1,0.8967,0.9928,0.4778,0.9153,883.0953,337.5166,863.7618,332.4337,922.4945,635.1222,913.3375,691.1258,19.9905,56.7473,2.8387,0,0,0,0
71,2,0,2,0,1,1,0.9923,0.8445,0.8854,0.2865,286.8029,345.8672,319.4646,331.478,213.088,578.6767,229.3123,547.1842,35.6909,35.4261,0.9926,0,0,0,0
72,2,0,0,1,0,1,0.8966,0.9928,0.4778,0.9153,883.1832,337.5934,863.7373,332.5672,922.4611,635.0673,913.3602,691.1014,20.085,56.7683,2.8264,0,0,0,0
72,2,0,2,0,1,1,0.9923,0.8442,0.8854,0.2857,286.7166,345.8259,319.612,331.4218,213.1275,578.7038,229.6206,546.9596,35.9107,35.7732,0.9962,0,0,0,0
73,2,0,0,1,0,1,0.901,0.9913,0.469,0.8972,907.4497,336.7418,894.8818,326.849,951.7606,646.9736,948.6357,691.9716,15.9944,45.1063,2.8201,0,0,0,0
73,2,0,2,1,1,1,0.9907,0.9259,0.9431,0.6395,257.8681,331.4804,316.9115,326.3224,168.2905,556.3802,346.8018,556.0278,59.2683,178.5116,3.0119,0,0,0,0
74,2,0,0,1,0,1,0.9006,0.9913,0.4677,0.8968,907.5679,336.5116,894.8663,326.7609,951.7163,646.9253,948.6153,691.9318,16.0127,45.1132,2.8173,0,0,0,0
74,2,0,2,1,1,1,0.9905,0.9262,0.9424,0.6405,257.6596,331.4516,317.0276,326.3706,169.1112,556.502,346.7843,556.0856,59.585,177.6736,2.9819,0,0,0,0
75,2,0,0,1,0,1,0.9005,0.9926,0.5154,0.9193,945.7982,338.9511,911.9216,333.0268,990.9037,619.8468,968.7123,692.0963,34.3907,75.5808,2.1977,0,0,0,0
75,2,0,2,1,1,1,0.9925,0.9211,0.9475,0.6056,237.907,337.097,303.7786,326.6807,120.5121,548.9447,336.6628,556.2013,66.6901,216.2724,3.2429,0,0,0,0
76,2,0,0,1,0,1,0.9007,0.9926,0.5157,0.9192,945.8082,338.9234,911.923,332.9372,991.0071,619.8244,968.7059,692.0774,34.4099,75.6164,2.1975,0,0,0,0
76,2,0,2,1,1,1,0.9924,0.9212,0.9471,0.6059,237.7403,337.0864,303.7916,326.7377,120.4623,549.0534,336.6955,556.2332,66.8571,216.3524,3.236,0,0,0,0
77,2,0,2,1,1,1,0.9966,0.9318,0.9525,0.5476,214.5644,348.7655,299.3139,336.8768,86.7027,555.9844,322.2661,561.481,85.5793,235.6275,2.7533,0,0,0,0
77,2,0,0,1,0,1,0.9151,0.9878,0.4948,0.8646,967.3764,342.5607,937.5389,341.1616,1010.2552,652.86,997.6226,700.0171,29.8703,48.8198,1.6344,0,0,0,0
78,2,0,2,1,1,1,0.9954,0.9566,0.9188,0.6042,198.9455,351.8019,294.394,342.5546,68.2831,552.7026,305.6796,572.2452,95.8954,238.1996,2.484,0,0,0,0
78,2,0,0,1,0,1,0.9125,0.9935,0.5159,0.9177,1005.4684,347.0701,963.6454,343.5482,1038.5713,641.0348,1006.8154,696.8927,41.971,64.2538,1.5309,0,0,0,0
79,2,0,2,1,1,1,0.9953,0.9566,0.9188,0.6044,198.9538,351.7949,294.3851,342.5192,68.2227,552.7122,305.7507,572.1668,95.8811,238.3234,2.4856,0,0,0,0
79,2,0,0,1,0,1,0.9125,0.9935,0.5167,0.918,1005.4926,347.0007,963.7272,343.3914,1038.4077,641.0735,1006.7009,696.8278,41.9211,64.1394,1.53,0,0,0,0
80,2,0,2,1,1,1,0.9931,0.9613,0.8803,0.6228,179.5756,359.6494,285.9242,347.7272,68.1682,566.5472,285.3078,574.1504,107.0148,217.2726,2.0303,0,0,0,0
80,2,0,0,1,0,1,0.9262,0.9929,0.4549,0.8782,1035.7478,342.7738,987.4457,346.7201,1082.7273,648.8938,1004.3928,717.064,48.4631,103.8434,2.1427,0,0,0,0
81,2,0,2,1,1,1,0.9931,0.9614,0.8802,0.6233,179.5267,359.685,285.9377,347.738,68.1976,566.5601,285.3261,574.1425,107.0796,217.2609,2.029,0,0,0,0
81,2,0,0,1,0,1,0.9263,0.9929,0.4549,0.8782,1035.7434,342.7495,987.4555,346.6626,1082.6816,648.9168,1004.3876,717.0358,48.4462,103.7793,2.1422,0,0,0,0
82,2,0,2,1,1,1,0.991,0.9549,0.8581,0.5492,166.9602,360.2603,282.3676,350.6026,72.6223,567.2429,272.132,570.2635,115.8108,199.5325,1.7229,0,0,0,0
82,2,0,0,0,0,1,0.8917,0.9911,0.3218,0.8359,1059.0099,351.4747,1000.2712,344.2806,1074.0732,642.807,1001.9282,698.2479,59.1776,90.9868,1.5375,0,0,0,0
83,2,0,2,1,1,1,0.9909,0.9548,0.8575,0.5492,166.8984,360.3202,282.3951,350.657,72.626,567.1988,272.1656,570.2129,115.9002,199.5624,1.7218,0,0,0,0
83,2,0,0,0,0,1,0.8921,0.9911,0.3224,0.8361,1058.9181,351.4542,1000.3541,344.2911,1074.2585,642.8412,1002.0588,698.3263,59.0004,91.0571,1.5433,0,0,0,0
84,2,0,2,1,1,1,0.9847,0.9738,0.7696,0.6702,141.7235,360.9496,278.5451,354.2092,73.7406,577.0089,263.4162,553.9353,136.9875,191.0739,1.3948,0,0,0,0
84,2,0,0,0,0,1,0.9287,0.9902,0.3981,0.8011,1106.8245,357.9883,1010.9489,350.3578,1112.9122,633.4216,1006.1826,691.6296,96.1787,121.5706,1.264,0,0,0,0
85,2,0,2,1,1,1,0.9863,0.9875,0.6932,0.7401,126.5888,352.0186,268.9523,349.2414,77.5891,580.0744,257.2192,547.9301,142.3905,182.4835,1.2816,0,0,0,0
85,2,0,0,1,0,1,0.9603,0.9922,0.5089,0.8261,1136.8654,351.0119,1020.3233,342.893,1170.8253,652.095,1003.1479,697.0204,116.8245,173.5915,1.4859,0,0,0,0
86,2,0,2,1,1,1,0.9863,0.9875,0.693,0.74,126.6103,351.9964,268.9632,349.2398,77.6438,580.06,257.2696,547.9834,142.3795,182.4673,1.2816,0,0,0,0
86,2,0,0,1,0,1,0.9602,0.9922,0.5091,0.8261,1136.7458,350.9878,1020.3878,342.8954,1170.8585,651.8698,1003.2484,697.0424,116.6391,173.5907,1.4883,0,0,0,0
87,2,0,2,1,1,1,0.9827,0.99,0.6619,0.7836,125.7182,343.5763,265.6552,347.4142,82.9074,575.3444,249.8706,547.8246,139.9896,169.216,1.2088,0,0,0,0
87,2,0,0,1,1,1,0.9627,0.9933,0.5798,0.8635,1169.1287,355.5662,1024.7982,343.3088,1199.7343,637.2512,1001.2709,687.463,144.85,204.7168,1.4133,0,0,0,0
88,2,0,2,1,1,1,0.9826,0.99,0.6616,0.7835,125.7359,343.5331,265.612,347.384,82.8814,575.3197,249.7736,547.8491,139.9291,169.138,1.2087,0,0,0,0
88,2,0,0,1,1,1,0.9627,0.9933,0.5801,0.8637,1169.1077,355.5884,1024.7671,343.3488,1199.7561,637.236,1001.3099,687.4454,144.8586,204.6994,1.4131,0,0,0,0
89,2,0,2,1,1,1,0.987,0.9909,0.7025,0.7971,129.2041,337.8505,254.6376,340.5563,91.2482,571.3629,251.2254,543.7406,125.4626,162.3444,1.294,0,0,0,0
89,2,0,0,1,0,1,0.9712,0.993,0.6036,0.8353,1189.0015,359.1145,1034.126,348.4434,1239.0754,645.9043,1004.0952,694.364,155.2427,239.9252,1.5455,0,0,0,0
90,2,0,2,1,1,1,0.987,0.9909,0.703,0.7974,129.2354,337.8028,254.6489,340.5693,91.2765,571.3595,251.1894,543.7058,125.444,162.2864,1.2937,0,0,0,0
90,2,0,0,1,0,1,0.9711,0.993,0.6033,0.8356,1188.9468,359.1553,1034.1418,348.4503,1239.0518,645.9648,1004.0831,694.3876,155.1746,239.9063,1.546,0,0,0,0
91,2,0,0,1,0,1,0.9666,0.9938,0.6228,0.8592,1215.0378,362.9979,1040.1687,359.447,1265.4944,633.492,1011.858,705.5259,174.9052,263.667,1.5075,0,0,0,0
91,2,0,2,1,1,1,0.9828,0.9898,0.6393,0.7856,138.9451,332.6444,245.407,337.6138,112.4504,571.5056,260.265,544.3152,106.5779,150.2946,1.4102,0,0,0,0
92,2,0,0,1,0,1,0.9667,0.9937,0.6233,0.8593,1215.0385,363.0619,1040.1622,359.4748,1265.5729,633.5045,1011.8591,705.4892,174.913,263.728,1.5078,0,0,0,0
92,2,0,2,1,1,1,0.9828,0.9898,0.6396,0.7856,138.9506,332.6412,245.4196,337.6144,112.4103,571.5238,260.2492,544.3431,106.5851,150.3167,1.4103,0,0,0,0
93,2,0,0,1,0,1,0.9498,0.991,0.5544,0.8424,1236.5825,361.1284,1052.7596,358.1486,1280.0,623.2418,1028.2524,701.2156,183.847,263.5465,1.4335,0,0,0,0
93,2,0,2,1,1,1,0.9803,0.991,0.6161,0.8112,143.7493,333.3097,242.5673,338.641,117.6874,563.8908,264.8644,542.4868,98.9618,148.7252,1.5029,0,0,0,0
94,2,0,0,1,0,1,0.9553,0.9909,0.4353,0.7445,1247.5731,358.4601,1063.3223,355.235,1272.4844,613.9001,1027.5814,696.3296,184.2791,258.4029,1.4022,0,0,0,0
94,2,0,2,1,1,1,0.9811,0.99,0.6381,0.8003,150.0104,334.4153,244.3081,343.1601,118.2271,562.2451,274.2114,541.9422,94.7023,157.3001,1.661,0,0,0,0
95,2,0,0,1,0,1,0.9554,0.9909,0.4354,0.7446,1247.5995,358.4424,1063.3014,355.227,1272.4785,613.9324,1027.5793,696.3606,184.3261,258.3989,1.4019,0,0,0,0
95,2,0,2,1,1,1,0.9811,0.99,0.6382,0.8004,150.1012,334.3558,244.35,343.1217,118.2313,562.2472,274.1648,541.9244,94.6556,157.2522,1.6613,0,0,0,0
96,2,0,0,0,0,1,0.9341,0.9906,0.2989,0.7033,1263.146,358.205,1068.6997,357.608,1259.9641,655.7702,1038.4225,699.3266,194.4472,225.7828,1.1612,0,0,0,0
96,2,0,2,1,1,1,0.9705,0.9909,0.756,0.8987,162.1031,338.5023,243.1977,346.1569,121.778,565.04,293.5628,540.2141,81.4551,173.5694,2.1309,0,0,0,0
97,2,0,0,0,0,1,0.9341,0.9906,0.2987,0.7031,1263.1469,358.2001,1068.6814,357.6017,1259.9545,655.7956,1038.4362,699.3702,194.4664,225.7634,1.1609,0,0,0,0
97,2,0,2,1,1,1,0.9705,0.9909,0.7557,0.8987,162.0947,338.5121,243.1988,346.1578,121.7739,565.0198,293.5376,540.183,81.4637,173.5501,2.1304,0,0,0,0
98,2,0,0,0,0,1,0.9097,0.9875,0.1974,0.596,1272.8861,355.4039,1072.5889,355.1363,1257.1406,664.4884,1047.7944,691.3985,200.2974,211.0687,1.0538,0,0,0,0
98,2,0,2,1,1,1,0.978,0.992,0.7194,0.8997,183.3708,340.5298,245.1822,344.0904,140.336,560.2093,308.5932,541.2964,61.9139,169.3169,2.7347,0,0,0,0
99,2,0,0,0,0,1,0.909,0.9874,0.1973,0.5957,1273.0529,355.5173,1072.5608,355.1652,1257.0203,664.4129,1047.7334,691.0439,200.4924,210.9744,1.0523,0,0,0,0
99,2,0,2,1,1,1,0.9775,0.9921,0.714,0.8997,183.5506,340.3584,245.1902,344.0392,140.5623,559.9412,308.6269,541.2474,61.7494,169.1011,2.7385,0,0,0,0
100,2,0,0,0,0,1,0.8689,0.983,0.159,0.5545,1278.4421,352.268,1078.0468,354.9737,1254.6917,667.047,1050.6658,686.0556,200.4137,204.9095,1.0224,0,0,0,0
100,2,0,2,1,1,1,0.9413,0.9922,0.7302,0.9467,196.2115,341.2816,247.8602,345.0065,146.5601,560.2631,322.5826,540.804,51.7828,177.0948,3.42,0,0,0,0
101,2,0,0,0,0,1,0.8688,0.983,0.1592,0.5559,1278.4476,352.139,1078.1058,354.8986,1254.8134,667.0546,1050.6372,685.9726,200.3608,205.0507,1.0234,0,0,0,0
101,2,0,2,1,1,1,0.9409,0.9921,0.7298,0.9469,196.2707,341.2099,247.8868,344.8582,146.6261,560.2461,322.5826,540.8617,51.7448,177.0211,3.421,0,0,0,0
102,2,0,0,0,0,1,0.8249,0.9778,0.1562,0.5647,1280.0,351.4387,1085.1382,356.0067,1253.1677,651.077,1049.0195,668.6636,194.9154,204.9043,1.0512,0,0,0,0
102,2,0,2,1,1,1,0.9492,0.9935,0.7117,0.9466,219.6101,335.1089,258.0317,339.9632,171.1238,548.6458,332.8055,539.1228,38.7271,161.9619,4.1821,0,0,0,0
103,2,0,0,0,0,1,0.8248,0.9778,0.1561,0.5643,1280.0,351.382,1085.1458,355.9781,1253.0892,650.7746,1048.901,668.4491,194.9084,204.9518,1.0515,0,0,0,0
103,2,0,2,1,1,1,0.9498,0.9935,0.7146,0.9469,219.7327,335.1452,258.0545,340.2145,170.8074,548.7564,332.9332,539.1986,38.6556,162.4073,4.2014,0,0,0,0
104,2,0,0,0,0,1,0.7522,0.9693,0.1476,0.5782,1280.0,352.9008,1096.9817,356.6206,1251.0145,656.686,1048.8604,657.6292,183.0561,202.1564,1.1043,0,0,0,0
104,2,0,2,1,1,1,0.9484,0.9949,0.6588,0.9446,238.309,338.9854,278.961,344.5754,209.4105,538.4342,344.8832,537.0082,41.0346,135.4802,3.3016,0,0,0,0
105,2,0,0,0,0,1,0.7522,0.9693,0.1476,0.5781,1280.0,352.8741,1097.007,356.6041,1251.0856,656.6198,1048.8652,657.654,183.0311,202.223,1.1049,0,0,0,0
105,2,0,2,1,1,1,0.9487,0.9949,0.6585,0.9445,238.272,339.0182,279.0118,344.672,209.387,538.5147,344.9327,537.0002,41.1303,135.5542,3.2957,0,0,0,0
106,2,0,0,0,0,1,0.6819,0.9602,0.1467,0.5931,1280.0,353.316,1107.9838,355.9647,1241.8448,652.5462,1048.1312,651.1295,172.0366,193.7188,1.126,0,0,0,0
106,2,0,2,1,1,1,0.9374,0.9914,0.4739,0.8739,272.2182,336.1004,296.2574,342.6127,321.2271,545.9691,359.1808,552.4849,24.9058,38.509,1.5462,0,0,0,0
107,2,0,0,0,0,1,0.6784,0.9588,0.1527,0.6039,1280.0,349.0432,1114.9521,354.1736,1236.5446,648.0874,1049.0183,649.8946,165.1276,187.535,1.1357,0,0,0,0
107,2,0,2,1,1,1,0.9287,0.986,0.4993,0.8521,289.437,334.2667,312.9461,346.0258,350.7794,544.8346,366.0349,556.9292,26.2861,19.4682,0.7406,0,0,0,0
108,2,0,0,0,0,1,0.6827,0.9593,0.1532,0.6034,1280.0,348.8908,1114.7578,354.2047,1236.7262,647.8016,1049.028,649.9406,165.3276,187.7104,1.1354,0,0,0,0
108,2,0,2,1,1,1,0.9288,0.986,0.5,0.8524,289.4639,334.2718,312.9458,346.0383,350.7857,544.845,366.0401,556.9392,26.2649,19.4671,0.7412,0,0,0,0
109,2,0,0,0,0,1,0.701,0.9597,0.1692,0.6208,1280.0,347.6257,1121.149,353.8752,1230.5719,656.6892,1052.5725,653.0259,158.9738,178.0371,1.1199,0,0,0,0
109,2,0,2,1,1,1,0.9177,0.992,0.4546,0.8965,311.1033,335.574,331.5375,345.2714,361.6568,541.102,365.6556,564.2517,22.6184,23.4925,1.0386,0,0,0,0
110,2,0,0,0,0,1,0.7016,0.9598,0.1692,0.6207,1280.0,347.606,1121.1699,353.8677,1230.8368,656.9676,1052.6418,652.7884,158.9535,178.2439,1.1214,0,0,0,0
110,2,0,2,1,1,1,0.9175,0.992,0.454,0.8964,311.1044,335.5592,331.5364,345.252,361.6174,541.3983,365.7207,564.3786,22.6145,23.3437,1.0322,0,0,0,0
111,2,0,0,0,0,1,0.7055,0.9577,0.1769,0.6296,1280.0,348.3555,1123.1461,355.1153,1229.3632,661.3504,1057.1505,653.1466,156.9995,172.4079,1.0981,0,0,0,0
111,2,0,2,1,1,1,0.9219,0.9889,0.4843,0.8763,333.7866,331.6644,343.8473,339.2354,373.103,547.7982,365.9913,566.0301,12.5912,19.5699,1.5542,0,0,0,0
112,2,0,0,0,0,1,0.7057,0.9577,0.1771,0.6298,1280.0,348.3059,1123.1705,355.1011,1229.4006,661.3404,1057.1536,653.1386,156.9766,172.4422,1.0985,0,0,0,0
112,2,0,2,1,1,1,0.9219,0.9889,0.4839,0.8761,333.7642,331.6547,343.8644,339.2461,373.0993,547.7497,365.9983,566.0461,12.6349,19.626,1.5533,0,0,0,0
113,2,0,0,0,0,1,0.7365,0.9553,0.1909,0.6174,1280.0,343.699,1123.0334,352.9712,1237.7424,672.1504,1062.41,651.7018,157.2402,176.5208,1.1226,0,0,0,0
113,2,0,2,1,1,1,0.9162,0.9843,0.5544,0.8851,369.1154,328.3904,356.1602,337.8699,395.9324,544.0255,364.2691,564.958,16.053,37.957,2.3645,0,0,0,0
114,2,0,0,0,0,1,0.8052,0.9596,0.3688,0.7588,1280.0,337.9084,1126.7278,347.542,1259.607,679.5855,1063.2518,654.714,153.5747,197.9241,1.2888,0,0,0,0
114,2,0,2,1,1,1,0.9348,0.9928,0.5879,0.9268,383.0645,331.5463,375.2805,338.413,422.3738,542.771,368.9226,567.0702,10.3799,58.7153,5.6566,0,0,0,0
115,2,0,0,0,0,1,0.8062,0.9598,0.3704,0.7597,1280.0,337.9528,1126.7511,347.5352,1259.6534,679.8294,1063.2561,654.6662,153.5482,198.0028,1.2895,0,0,0,0
115,2,0,2,1,1,1,0.9347,0.9928,0.5879,0.9268,383.0794,331.5606,375.2872,338.4214,422.4293,542.7943,368.9284,567.054,10.3821,58.7442,5.6582,0,0,0,0
116,2,0,0,1,0,1,0.8924,0.9616,0.5313,0.7712,1269.7064,336.3122,1118.2007,344.8638,1267.3542,667.111,1065.1274,650.176,151.7469,202.9347,1.3373,0,0,0,0
116,2,0,2,1,1,1,0.9422,0.9948,0.6775,0.9546,411.1599,343.4546,386.1102,345.8618,455.5948,525.063,382.8562,568.0344,25.1651,84.4833,3.3572,0,0,0,0
117,2,0,0,1,0,1,0.8924,0.9617,0.5311,0.7711,1269.715,336.3055,1118.2036,344.8556,1267.3584,667.1068,1065.1467,650.1685,151.7524,202.9198,1.3372,0,0,0,0
117,2,0,2,1,1,1,0.9422,0.9948,0.6776,0.9546,411.1915,343.4496,386.0936,345.8506,455.6195,525.0198,382.8629,568.0237,25.2125,84.5154,3.3521,0,0,0,0
118,2,0,0,1,0,1,0.9366,0.9136,0.5087,0.4688,1258.6172,337.3458,1106.8374,351.4832,1235.4689,662.6052,1060.8887,662.2146,152.4368,174.5806,1.1453,0,0,0,0
118,2,0,2,1,1,1,0.9601,0.9953,0.6676,0.9368,438.4098,345.1678,406.114,348.33,490.8512,489.9232,391.2504,577.5569,32.4502,132.6649,4.0883,0,0,0,0
119,2,0,0,1,0,1,0.9369,0.9133,0.5102,0.4686,1258.5476,337.1917,1106.7661,351.2878,1235.4327,662.5526,1060.9064,662.153,152.4347,174.5268,1.1449,0,0,0,0
119,2,0,2,1,1,1,0.9568,0.9948,0.6701,0.9361,441.6628,344.6843,406.9208,346.8302,492.6565,492.258,390.4379,575.5696,34.8082,131.8691,3.7884,0,0,0,0
120,2,0,0,1,1,1,0.9494,0.8783,0.6406,0.4676,1239.5721,339.1713,1103.4108,347.6775,1218.261,658.4927,1066.7542,645.3172,136.4268,152.0787,1.1147,0,0,0,0
120,2,0,2,1,1,1,0.9715,0.9956,0.7153,0.9379,462.7636,346.4708,425.5924,352.9602,529.8028,508.6384,404.8878,582.0069,37.7334,144.8678,3.8393,0,0,0,0
121,2,0,0,1,0,1,0.9878,0.9273,0.832,0.479,1211.3285,341.2695,1088.0327,351.8562,1183.1536,699.9542,1060.0321,662.6922,123.7495,128.6365,1.0395,0,0,0,0
121,2,0,2,1,1,1,0.9582,0.9961,0.7161,0.9596,479.0016,358.492,449.1876,359.0447,551.9192,509.7586,440.5093,585.7598,29.8192,134.8642,4.5227,0,0,0,0
122,2,0,0,1,0,1,0.9877,0.9276,0.8315,0.4802,1211.4048,341.3255,1087.9979,351.8298,1183.125,700.0168,1059.8081,662.577,123.8531,128.8751,1.0405,0,0,0,0
122,2,0,2,1,1,1,0.9581,0.9961,0.7161,0.9596,478.9588,358.4212,449.1824,359.0754,551.6272,509.535,440.5706,585.8118,29.7837,134.7283,4.5236,0,0,0,0
123,2,0,0,1,0,1,0.9921,0.9267,0.8545,0.4211,1187.3591,334.9855,1073.7063,348.6286,1167.2498,708.8542,1054.9489,686.1842,114.4688,114.5662,1.0009,0,0,0,0
123,2,0,2,1,1,1,0.9667,0.9959,0.6735,0.9366,487.404,358.7421,477.1884,363.9421,562.5926,515.7389,464.9046,601.932,11.4629,130.2773,11.3652,0,0,0,0
124,2,0,0,1,0,1,0.9921,0.9268,0.8545,0.4218,1187.3937,335.0192,1073.7119,348.5971,1167.1947,708.9648,1054.8702,686.1148,114.4897,114.6251,1.0012,0,0,0,0
124,2,0,2,1,1,1,0.9668,0.996,0.6736,0.9367,487.4278,358.761,477.1443,363.9455,562.6314,515.757,464.8644,601.9276,11.5165,130.3218,11.3161,0,0,0,0
125,2,0,0,0,1,1,0.9935,0.9074,0.9053,0.3938,1157.7012,327.372,1056.3741,339.0995,1151.8132,682.434,1010.2919,636.0456,102.0034,148.9301,1.46,0,0,0,0
125,2,0,2,1,1,1,0.9655,0.9949,0.6902,0.9342,507.1452,354.2587,502.4868,363.5677,571.5489,524.7198,494.0655,595.898,10.4095,105.214,10.1075,0,0,0,0
126,2,0,0,0,1,1,0.9935,0.9074,0.9054,0.3935,1157.6465,327.3668,1056.485,339.0806,1151.6351,682.5486,1010.3247,636.0896,101.8374,148.7518,1.4607,0,0,0,0
126,2,0,2,1,1,1,0.9655,0.9949,0.6904,0.9343,507.1414,354.2713,502.4774,363.5779,571.5614,524.7314,494.0568,595.7783,10.4099,105.1409,10.1001,0,0,0,0
127,2,0,0,1,1,1,0.9949,0.9203,0.918,0.4254,1135.941,326.3345,1041.3881,334.048,1140.3083,682.4538,992.5499,642.2864,94.8671,153.1208,1.6141,0,0,0,0
127,2,0,2,1,1,1,0.9174,0.9854,0.5075,0.8573,530.3056,356.0984,518.919,360.009,578.95,531.0757,539.1918,582.9422,12.0393,65.3518,5.4282,0,0,0,0
128,2,0,0,1,1,1,0.9949,0.9204,0.918,0.4252,1135.964,326.335,1041.2863,334.1104,1140.3623,682.4622,992.5274,642.4427,94.9965,153.1559,1.6122,0,0,0,0
128,2,0,2,1,1,1,0.9172,0.9853,0.5074,0.8574,530.1885,356.0728,518.9478,360.0082,578.9284,531.0647,539.2085,582.9274,11.9096,65.3254,5.4851,0,0,0,0
129,2,0,0,1,1,1,0.9949,0.9305,0.9158,0.4547,1118.6613,325.8572,1021.5829,335.4098,1126.2723,680.365,962.0835,659.3244,97.5472,165.5315,1.6969,0,0,0,0
129,2,0,2,1,1,1,0.9238,0.9852,0.6075,0.899,556.3958,343.2189,541.1338,352.8589,598.758,549.45,582.0174,571.7719,18.0515,27.9019,1.5457,0,0,0,0
130,2,0,0,1,1,1,0.9918,0.9263,0.9083,0.517,1097.2085,325.0134,999.9466,335.9794,1112.4719,664.6577,952.0093,633.2162,97.8781,163.514,1.6706,0,0,0,0
130,2,0,2,1,1,1,0.9205,0.9855,0.6406,0.9156,567.7871,340.0245,564.1192,346.3505,626.9564,550.8936,626.3962,562.7004,7.3124,11.82,1.6164,0,0,0,0
131,2,0,0,1,1,1,0.9918,0.9264,0.9082,0.517,1097.3184,325.0328,999.9059,335.9863,1112.5758,664.6348,952.0074,633.2284,98.0264,163.611,1.6691,0,0,0,0
131,2,0,2,1,1,1,0.9204,0.9855,0.6401,0.9154,567.6886,339.9966,564.1649,346.3408,626.903,550.8922,626.3956,562.695,7.257,11.8138,1.6279,0,0,0,0
132,2,0,0,1,1,1,0.9927,0.927,0.9146,0.5459,1078.4358,327.5675,987.8436,333.0292,1097.5161,664.5904,949.5811,607.8054,90.7567,158.4592,1.746,0,0,0,0
132,2,0,2,1,1,1,0.9295,0.9885,0.6015,0.9135,586.4762,338.7074,584.5039,345.508,647.6574,541.0744,659.2912,552.4242,7.0808,16.2532,2.2954,0,0,0,0
133,2,0,0,1,1,1,0.9927,0.927,0.9145,0.5454,1078.5388,327.6013,987.8906,333.0136,1097.4749,664.6478,949.4775,608.2048,90.8097,158.3952,1.7443,0,0,0,0
133,2,0,2,1,1,1,0.9295,0.9885,0.6025,0.9138,586.6718,338.8083,584.419,345.492,647.834,541.2317,659.2708,552.4634,7.0531,16.0297,2.2727,0,0,0,0
134,2,0,0,1,1,1,0.9956,0.9403,0.942,0.5802,1060.9404,327.4711,962.7651,340.7916,1095.1447,684.1382,882.5555,643.2632,99.0748,216.4831,2.185,0,0,0,0
134,2,0,2,1,1,1,0.9173,0.9836,0.6622,0.9226,613.6411,333.065,603.1699,339.8041,678.1665,524.4809,688.912,529.1921,12.4524,11.7329,0.9422,0,0,0,0
135,2,0,0,1,1,1,0.9956,0.9409,0.9417,0.5811,1060.956,327.5672,962.5331,341.0108,1095.1741,684.127,881.78,643.7162,99.3368,217.1867,2.1864,0,0,0,0
135,2,0,2,1,1,1,0.9173,0.9836,0.6629,0.9229,613.6615,333.1242,603.1753,339.7686,678.163,524.419,688.816,529.1662,12.414,11.6629,0.9395,0,0,0,0
136,2,0,0,1,0,1,0.9955,0.9335,0.9457,0.5739,1031.9308,331.4037,947.9447,345.9021,1068.3978,696.9406,866.9745,651.2194,85.2283,206.5473,2.4235,0,0,0,0
136,2,0,2,1,1,1,0.9359,0.9892,0.6553,0.9325,630.8648,337.5214,619.6904,339.7155,696.2532,521.153,715.6394,525.7393,11.3877,19.9213,1.7494,0,0,0,0
137,2,0,0,1,0,1,0.9956,0.9336,0.9457,0.5741,1031.8894,331.4268,947.9999,345.9068,1068.354,696.9914,866.8835,651.2864,85.13,206.5897,2.4268,0,0,0,0
137,2,0,2,1,1,1,0.9363,0.9893,0.6566,0.933,630.8484,337.461,619.7397,339.7162,696.4977,521.103,716.0616,525.7792,11.3353,20.1151,1.7746,0,0,0,0
138,2,0,0,1,0,1,0.9943,0.9342,0.907,0.5327,1014.0405,335.9533,926.6737,342.8708,1043.8302,692.7436,861.0884,651.0753,87.6402,187.4322,2.1387,0,0,0,0
138,2,0,2,1,1,1,0.9467,0.9921,0.6966,0.9455,647.289,337.3608,640.5658,345.5023,704.6054,508.9424,747.3216,523.6885,10.5587,45.1898,4.2798,0,0,0,0
139,2,0,0,1,0,1,0.9943,0.9342,0.9073,0.5329,1014.0083,335.8435,926.6144,342.7923,1043.7969,692.7477,861.0561,651.1437,87.6697,187.4169,2.1378,0,0,0,0
139,2,0,2,1,1,1,0.9468,0.9921,0.6969,0.9455,647.0924,337.2925,640.4096,345.4921,704.4572,508.9293,747.3944,523.7057,10.578,45.4087,4.2927,0,0,0,0
140,2,0,0,1,0,1,0.9955,0.9356,0.8872,0.4084,989.4463,344.111,900.3464,342.3649,998.6433,707.1444,843.209,656.8752,89.117,163.361,1.8331,0,0,0,0
140,2,0,2,1,1,1,0.9343,0.9912,0.6832,0.9457,670.8212,343.0492,659.9406,347.4778,734.8174,514.0834,768.6227,531.0854,11.7473,37.84,3.2212,0,0,0,0
141,2,0,0,1,0,1,0.9955,0.9355,0.8872,0.4081,989.4871,344.1252,900.4088,342.3491,998.5713,707.1654,843.1971,656.9248,89.096,163.295,1.8328,0,0,0,0
141,2,0,2,1,1,1,0.9343,0.9912,0.6832,0.9457,670.8338,343.049,659.9474,347.4673,734.8936,514.1017,768.6271,531.1048,11.7487,37.7764,3.2154,0,0,0,0
142,2,0,0,0,0,1,0.9955,0.888,0.9139,0.3295,959.5614,332.9476,895.1357,333.0318,960.0203,702.2764,844.9594,671.2733,64.4257,119.1646,1.8496,0,0,0,0
142,2,0,2,1,1,1,0.928,0.9901,0.6802,0.938,685.9334,347.3708,679.469,353.0088,760.7099,525.2486,777.6441,542.5031,8.5777,24.1762,2.8185,0,0,0,0
143,2,0,0,0,1,0,0.9937,0.8905,0.8474,0.2923,928.6085,326.8854,881.7494,313.9596,908.6003,687.6155,853.4736,607.1318,48.6092,97.553,2.0069,0,0,0,0
143,2,0,2,1,1,0,0.8979,0.9836,0.5978,0.9079,698.9475,349.8344,705.8268,360.15,769.4648,541.0647,784.183,549.5727,12.3991,17.0003,1.3711,0,0,0,0
144,2,0,0,0,1,0,0.9937,0.8905,0.8473,0.2928,928.5189,326.8154,881.9023,313.8225,908.804,687.5002,853.7501,606.669,48.3934,97.7989,2.0209,0,0,0,0
144,2,0,2,1,1,0,0.898,0.9836,0.5982,0.9081,698.9353,349.7541,705.7994,360.1043,769.3556,540.9062,784.0502,549.464,12.4194,17.0049,1.3692,0,0,0,0
145,2,0,0,0,0,0,0.9943,0.8435,0.8638,0.2365,905.335,322.3938,823.1358,316.1802,885.798,706.6274,782.0808,619.9577,82.4337,135.1624,1.6397,0,0,0,0
145,2,0,2,0,1,0,0.728,0.9689,0.3504,0.8652,721.6778,351.9324,727.6244,356.192,780.3316,551.9002,783.0344,558.5521,7.3148,7.1801,0.9816,0,0,0,0
146,2,0,0,0,0,0,0.9943,0.8433,0.8644,0.2363,905.2081,322.3137,823.1162,316.2223,885.766,706.8012,782.0556,620.1016,82.3175,135.1764,1.6421,0,0,0,0
146,2,0,2,0,1,0,0.7277,0.9689,0.3502,0.8651,721.5778,351.9132,727.6554,356.1922,780.3246,552.0327,783.0212,558.706,7.4329,7.1974,0.9683,0,0,0,0
147,1,0,0,0,0,1,0.996,0.8755,0.8985,0.2968,862.4252,319.8555,835.3988,306.0256,843.8574,716.591,791.4604,601.748,30.3594,126.2315,4.1579,0,0,0,0
148,1,0,0,0,0,1,0.996,0.8752,0.8983,0.295,862.3822,319.755,835.6112,305.9844,843.7737,716.6819,791.5708,602.1242,30.105,125.8912,4.1817,0,0,0,0
149,1,0,0,0,0,1,0.9948,0.8937,0.8947,0.3252,850.8394,316.628,765.5613,322.8546,802.6338,701.6017,715.0658,687.099,85.5052,88.7608,1.0381,0,0,0,0
150,1,0,0,0,0,1,0.9942,0.888,0.883,0.2784,822.8953,315.2216,770.224,315.1493,752.1668,710.9475,724.513,677.7276,52.6714,43.2239,0.8206,0,0,0,0
151,1,0,0,0,0,1,0.9942,0.8878,0.8829,0.2781,822.7078,315.2316,770.401,315.0786,752.0707,711.1086,724.4374,677.6574,52.3069,43.3887,0.8295,0,0,0,0
152,1,0,0,0,0,1,0.9973,0.8688,0.9554,0.3238,768.5912,313.3984,761.4286,310.9501,713.28,701.9803,693.8292,672.6584,7.5696,35.1867,4.6484,0,0,0,0
153,1,0,0,0,0,1,0.9973,0.8688,0.9554,0.3238,768.613,313.428,761.4098,310.9642,713.2102,701.971,693.9197,672.5814,7.613,35.1549,4.6178,0,0,0,0
154,1,0,0,0,0,1,0.9977,0.8917,0.9526,0.3251,734.7924,310.7349,738.001,307.0997,690.2088,691.9225,686.5306,659.2834,4.8487,32.8458,6.7742,0,0,0,0
155,1,0,0,0,0,1,0.9977,0.8914,0.9525,0.325,734.6212,310.5938,737.8689,307.0843,689.9984,692.1694,686.6422,659.2868,4.7816,33.0535,6.9126,0,0,0,0
156,2,0,0,0,0,0,0.9959,0.8621,0.8903,0.209,709.5062,323.4406,731.846,312.208,652.3156,697.0807,671.3378,659.1198,25.0047,42.4603,1.6981,0,0,0,0
156,2,0,3,0,1,0,0.8891,0.9699,0.3758,0.7275,825.1598,350.1088,795.6116,349.2596,853.8099,538.3141,843.5736,554.7744,29.5603,19.3836,0.6557,0,0,0,0
157,2,0,0,0,0,1,0.9967,0.9006,0.9194,0.3085,686.9185,324.8774,676.5384,317.7189,630.6912,697.78,624.9426,675.4027,12.6092,23.1038,1.8323,0,0,0,0
157,2,0,3,1,1,1,0.9107,0.9878,0.425,0.8581,816.7238,340.9409,808.5028,339.6825,858.8199,547.7898,849.6721,547.5804,8.3167,9.1502,1.1002,0,0,0,0
158,2,0,0,0,0,1,0.9967,0.9003,0.9194,0.3079,686.852,324.918,676.4494,317.7604,630.6848,697.7499,624.841,675.4288,12.6272,23.0733,1.8273,0,0,0,0
158,2,0,3,1,1,1,0.9103,0.9878,0.4239,0.8576,816.708,340.953,808.5252,339.6784,858.8472,547.7964,849.6598,547.6058,8.2816,9.1894,1.1096,0,0,0,0
159,2,0,0,0,0,1,0.9964,0.9047,0.9149,0.3018,651.6155,321.5889,631.7186,317.0261,605.3744,696.3007,569.1628,656.1837,20.4133,54.043,2.6474,0,0,0,0
159,2,0,3,0,1,1,0.939,0.9911,0.3778,0.8168,781.1686,337.2153,839.3928,349.5787,829.0276,538.4618,874.28,567.1266,59.5223,53.5673,0.9,0,0,0,0
160,2,0,0,0,0,1,0.9964,0.9047,0.9152,0.3026,651.6422,321.6386,631.8094,317.0305,605.3494,696.3289,569.1356,656.0384,20.3612,54.1734,2.6606,0,0,0,0
160,2,0,3,0,1,1,0.9388,0.9911,0.3781,0.817,781.2177,337.1712,839.3591,349.5116,829.1107,538.4908,874.2217,567.1064,59.4366,53.4215,0.8988,0,0,0,0
161,2,0,3,0,1,1,0.9216,0.9897,0.3394,0.8107,785.828,339.3757,858.8646,350.3894,842.7889,545.1309,892.6014,566.9004,73.8622,54.3617,0.736,0,0,0,0
161,2,0,0,1,0,1,0.9969,0.8883,0.9405,0.4142,613.4214,316.2514,611.6898,303.944,585.5474,696.347,551.0537,490.9092,12.4285,208.3135,16.7609,0,0,0,0
162,2,0,3,0,1,1,0.9219,0.9897,0.3394,0.8105,785.7965,339.4031,858.832,350.4193,842.7033,545.1676,892.6503,566.9736,73.8617,54.4995,0.7379,0,0,0,0
162,2,0,0,1,0,1,0.9969,0.8882,0.9405,0.4134,613.3673,316.3447,611.6786,304.101,585.5196,696.4945,551.0234,491.2074,12.3596,208.1652,16.8425,0,0,0,0
163,2,0,3,1,1,1,0.9236,0.9842,0.4177,0.7819,790.6048,340.5099,881.1312,350.4567,822.244,508.9812,912.9761,565.055,91.0711,106.6611,1.1712,0,0,0,0
163,2,0,0,1,0,1,0.995,0.8507,0.9332,0.424,587.1846,309.1785,549.4056,304.4724,568.6412,698.0378,511.8496,473.1942,38.071,231.9051,6.0914,0,0,0,0
164,2,0,3,1,1,1,0.9236,0.9842,0.4182,0.7817,790.6316,340.4849,881.1075,350.4891,821.935,508.8861,912.9045,565.1842,91.0274,106.9809,1.1753,0,0,0,0
164,2,0,0,1,0,1,0.995,0.8509,0.9332,0.424,587.1394,309.1326,549.3175,304.4644,568.7109,698.0304,511.8772,473.4666,38.1088,231.644,6.0785,0,0,0,0
165,2,0,3,1,1,1,0.9697,0.978,0.6604,0.7201,798.654,348.1272,906.8023,352.5665,799.0647,527.61,934.4794,559.6156,108.2393,139.1456,1.2855,0,0,0,0
165,2,0,0,0,0,1,0.9919,0.8269,0.8475,0.2746,559.9911,309.8866,530.1345,306.9352,535.2787,705.1271,492.257,553.2198,30.0021,157.8819,5.2624,0,0,0,0
166,2,0,3,1,1,1,0.9866,0.98,0.7918,0.7149,801.589,350.2705,922.0735,350.8278,781.4458,540.7646,946.2278,554.144,120.4858,165.3242,1.3721,0,0,0,0
166,2,0,0,0,0,1,0.9957,0.8039,0.925,0.2289,526.015,311.7941,510.548,311.9485,517.187,701.1051,472.2584,647.1285,15.4677,70.2286,4.5403,0,0,0,0
167,2,0,3,1,1,1,0.9866,0.98,0.7919,0.7148,801.591,350.2799,922.0682,350.819,781.462,540.7619,946.2604,554.2066,120.4784,165.346,1.3724,0,0,0,0
167,2,0,0,0,0,1,0.9957,0.8055,0.9258,0.2307,526.091,311.8,510.4924,312.0151,517.2954,700.9946,472.4741,647.2405,15.6,69.9889,4.4865,0,0,0,0
168,2,0,3,1,1,1,0.9882,0.978,0.8378,0.7102,804.866,348.244,926.0709,347.2781,766.6025,537.7535,963.8647,549.0048,121.2087,197.5829,1.6301,0,0,0,0
168,2,0,0,0,0,1,0.996,0.8491,0.9092,0.2346,505.4546,314.4428,484.4188,311.1972,482.4922,702.9714,441.8764,630.1414,21.2847,83.3898,3.9178,0,0,0,0
169,2,0,3,1,1,1,0.9882,0.978,0.8379,0.7101,804.8661,348.242,926.062,347.2831,766.5976,537.7356,963.8774,549.0206,121.1997,197.6023,1.6304,0,0,0,0
169,2,0,0,0,0,1,0.996,0.8489,0.9092,0.2344,505.3877,314.3922,484.5294,311.1636,482.5042,702.9468,442.0556,630.0897,21.1067,83.3322,3.9481,0,0,0,0
170,2,0,3,1,1,1,0.9902,0.9793,0.8532,0.7115,806.6627,348.0657,927.4802,344.706,758.7152,534.9724,965.8309,548.0684,120.8642,207.5294,1.717,0,0,0,0
170,2,0,0,0,0,1,0.9952,0.7839,0.9253,0.2368,469.0606,309.5183,469.7842,307.542,453.4838,701.3024,413.7726,620.635,2.1046,89.9122,42.7219,0,0,0,0
171,2,0,3,1,1,1,0.9902,0.9793,0.8536,0.7115,806.7004,348.0276,927.514,344.6856,758.6872,534.9219,965.8115,548.136,120.8599,207.5454,1.7172,0,0,0,0
171,2,0,0,0,0,1,0.9953,0.7846,0.926,0.2384,469.0988,309.4893,469.476,307.4248,453.4418,701.2822,413.6579,620.8995,2.0987,89.6892,42.736,0,0,0,0
172,2,0,3,1,1,1,0.9946,0.9805,0.8828,0.6819,811.2057,347.5623,931.7079,342.913,766.8862,535.2908,961.8693,547.3916,120.5919,195.3582,1.62,0,0,0,0
172,2,0,0,0,0,1,0.9921,0.8259,0.8158,0.1832,448.9902,321.9812,432.7838,316.4939,402.5821,705.4727,378.2217,646.0761,17.11,64.198,3.7521,0,0,0,0
173,2,0,3,1,1,1,0.9946,0.9805,0.883,0.6816,811.2257,347.5676,931.7281,342.9177,766.9049,535.2894,961.7726,547.3805,120.5921,195.2424,1.619,0,0,0,0
173,2,0,0,0,0,1,0.9921,0.8255,0.8142,0.1829,449.0534,322.0243,432.7252,316.4631,402.5928,705.6906,378.2029,645.6692,17.2494,64.7877,3.7559,0,0,0,0
174,2,0,3,1,1,1,0.994,0.9755,0.8881,0.7086,815.3046,348.1072,929.1968,343.0244,776.4234,543.1375,952.9785,550.4458,114.0056,176.7063,1.55,0,0,0,0
174,2,0,0,0,0,1,0.9873,0.7967,0.6888,0.1323,411.3974,329.6952,412.8038,315.252,374.0702,712.637,349.8873,610.8706,14.5115,104.6002,7.2081,0,0,0,0
175,2,0,3,1,1,1,0.994,0.9755,0.888,0.7093,815.259,348.1404,929.1935,342.919,776.5789,543.1183,953.2786,550.1563,114.0541,176.8398,1.5505,0,0,0,0
175,2,0,0,0,0,1,0.9874,0.7961,0.6903,0.1325,411.4599,329.6501,413.0743,315.1532,374.0236,712.4886,350.0018,610.6878,14.5865,104.5966,7.1708,0,0,0,0
176,2,0,3,1,1,1,0.9939,0.9743,0.8851,0.6969,817.8922,346.1468,920.99,340.0043,786.8846,543.7251,930.2087,554.0868,103.2806,143.6981,1.3913,0,0,0,0
176,2,0,0,0,0,1,0.9895,0.8262,0.6868,0.1225,375.8752,332.1787,385.5767,318.713,310.0041,718.5387,306.3754,666.0684,16.5965,52.5957,3.1691,0,0,0,0
177,2,0,0,0,0,1,0.986,0.7758,0.6821,0.0988,336.4587,328.8761,367.0172,319.8986,269.0006,720.0,258.5273,678.9922,31.8499,42.3242,1.3289,0,0,0,0
177,2,0,3,1,1,1,0.994,0.9685,0.8915,0.6744,819.9492,346.2818,912.6967,337.2998,803.9504,551.5037,911.1183,535.6598,93.1813,108.3328,1.1626,0,0,0,0
178,2,0,0,0,0,1,0.9859,0.7745,0.6792,0.0977,336.4626,328.935,367.0812,319.9144,268.9207,720.0,258.4134,678.9281,31.9197,42.3946,1.3282,0,0,0,0
178,2,0,3,1,1,1,0.994,0.9684,0.8915,0.6734,819.97,346.3042,912.7124,337.284,803.9256,551.5739,910.7224,535.3336,93.18,108.0245,1.1593,0,0,0,0
179,2,0,0,0,0,1,0.989,0.8718,0.7427,0.1637,291.3921,332.4704,343.7476,316.3886,200.9819,720.0,219.6048,697.2016,54.7697,29.4377,0.5375,0,0,0,0
179,2,0,3,1,1,1,0.996,0.9634,0.9062,0.5601,812.4424,343.9299,907.2176,333.9033,810.033,555.8209,890.965,517.8952,95.3041,89.3776,0.9378,0,0,0,0
180,2,0,0,0,0,1,0.989,0.871,0.7414,0.1622,291.4829,332.521,343.534,316.3222,200.981,720.0,219.5898,697.0738,54.5135,29.5279,0.5417,0,0,0,0
180,2,0,3,1,1,1,0.996,0.9636,0.9062,0.562,812.4406,343.9499,907.2029,333.9166,810.0572,555.7547,891.4639,518.0774,95.2919,89.703,0.9413,0,0,0,0
181,2,0,0,0,0,1,0.9936,0.9259,0.7742,0.2128,239.2488,320.7601,355.9256,314.385,153.1946,720.0,180.3276,698.06,116.8508,34.8935,0.2986,0,0,0,0
181,2,0,3,1,1,1,0.9952,0.9481,0.8891,0.4845,809.8257,343.658,893.1353,332.6306,809.797,563.9804,868.8212,510.6493,84.0362,79.5492,0.9466,0,0,0,0
182,2,0,0,0,0,1,0.9936,0.9261,0.7742,0.2129,239.176,320.8122,355.8236,314.3229,153.155,720.0,180.199,698.105,116.828,34.7962,0.2978,0,0,0,0
182,2,0,3,1,1,1,0.9952,0.948,0.8892,0.4847,809.847,343.6539,893.0825,332.6311,809.8628,563.958,868.8742,510.603,83.9622,79.5556,0.9475,0,0,0,0
183,2,0,0,0,0,1,0.9945,0.941,0.6835,0.1781,209.9039,320.7586,341.2121,311.9572,113.7603,720.0,209.762,691.3966,131.6028,100.1722,0.7612,0,0,0,0
183,2,0,3,0,1,1,0.9951,0.9168,0.8849,0.3591,805.6824,346.7232,883.8093,334.9497,804.3744,581.0036,854.347,541.6168,79.009,63.6285,0.8053,0,0,0,0
184,2,0,0,0,0,1,0.9945,0.9406,0.6816,0.1759,210.0301,320.8375,340.893,312.0807,113.7261,720.0,205.1755,691.2952,131.1555,95.8486,0.7308,0,0,0,0
184,2,0,3,0,1,1,0.9951,0.9168,0.885,0.3591,805.6972,346.7209,883.8011,334.9666,804.3828,581.0052,854.3414,541.613,78.9834,63.6207,0.8055,0,0,0,0
185,2,0,0,0,0,1,0.9953,0.9457,0.7975,0.2645,177.617,320.8265,333.4777,307.9706,88.0036,719.5423,295.1439,686.8398,156.39,209.7059,1.3409,0,0,0,0
185,2,0,3,0,1,1,0.9971,0.9108,0.939,0.3485,797.4156,347.562,875.1689,334.7416,795.4976,577.6366,837.8168,549.8105,78.8033,50.6479,0.6427,0,0,0,0
186,2,0,0,1,0,1,0.9935,0.9705,0.8039,0.4965,147.9467,316.8306,309.763,309.9046,58.3816,697.6554,329.7572,663.7954,161.9645,273.4798,1.6885,0,0,0,0
186,2,0,3,0,1,1,0.9965,0.8793,0.9296,0.293,789.6791,348.7013,859.4137,336.562,773.8186,584.079,813.8484,541.4901,70.7833,58.4482,0.8257,0,0,0,0
187,2,0,0,1,0,1,0.9935,0.9715,0.8053,0.5079,147.9369,317.0855,309.5582,309.4496,58.3439,697.5071,329.9568,662.969,161.8016,273.8,1.6922,0,0,0,0
187,2,0,3,0,1,1,0.9965,0.879,0.9297,0.2922,789.7093,348.6606,859.4772,336.5648,773.7574,584.0459,813.6036,541.3274,70.8087,58.4174,0.825,0,0,0,0
188,2,0,0,0,0,1,0.9923,0.9672,0.6928,0.334,123.1013,311.5707,304.5497,311.9939,26.3143,699.7141,284.0248,673.4736,181.4488,259.0429,1.4276,0,0,0,0
188,2,0,3,0,1,1,0.9968,0.8925,0.94,0.3429,783.4314,346.3727,843.406,336.4764,750.7164,574.3222,796.4872,542.9745,60.7855,55.4766,0.9127,0,0,0,0
189,2,0,0,0,0,1,0.9923,0.9673,0.6933,0.3348,123.157,311.5926,304.5069,311.9672,26.3455,699.761,284.133,673.3595,181.3503,259.1359,1.4289,0,0,0,0
189,2,0,3,0,1,1,0.9968,0.8924,0.94,0.3431,783.4572,346.3591,843.393,336.4874,750.6908,574.3442,796.5006,543.0266,60.7433,55.4918,0.9135,0,0,0,0
190,2,0,0,0,0,1,0.9913,0.9674,0.6812,0.3442,99.0177,315.191,295.151,318.692,19.0236,706.4399,284.0423,671.6292,196.1645,267.2952,1.3626,0,0,0,0
190,2,0,3,0,1,1,0.9932,0.8757,0.881,0.2855,777.0594,343.7302,825.1881,334.1499,730.7227,561.5658,769.95,532.7674,49.0729,48.6635,0.9917,0,0,0,0
191,2,0,0,0,0,1,0.9914,0.9674,0.683,0.3438,99.1885,315.0964,295.2154,318.6011,18.6858,706.3242,283.5838,671.3656,196.0583,267.1947,1.3628,0,0,0,0
191,2,0,3,0,1,1,0.9931,0.8753,0.8805,0.2848,777.0806,343.7081,825.1967,334.1323,730.7298,561.6282,769.9418,532.7931,49.0597,48.6729,0.9921,0,0,0,0
192,2,0,0,1,0,1,0.9845,0.9749,0.5858,0.4056,90.2347,324.4264,287.122,323.1694,0.0,690.3582,271.8554,662.7567,196.8913,273.2529,1.3878,0,0,0,0
192,2,0,3,0,1,1,0.9962,0.8804,0.9477,0.3511,763.9131,343.7838,807.7827,334.084,709.8683,542.3672,748.9078,526.88,44.9292,41.9993,0.9348,0,0,0,0
193,2,0,0,1,0,1,0.9899,0.9804,0.627,0.4598,81.2835,333.2413,274.4248,330.6704,4.5026,693.5009,254.0987,653.7034,193.1584,252.7489,1.3085,0,0,0,0
193,2,0,3,1,1,1,0.9947,0.9164,0.9508,0.5075,750.0353,345.9334,788.194,336.7182,678.2577,538.68,711.1073,530.2089,39.2556,33.9243,0.8642,0,0,0,0
194,2,0,0,1,0,1,0.9899,0.9803,0.6269,0.4577,81.3044,333.2726,274.4721,330.6126,4.5567,693.4882,253.8721,653.3231,193.186,252.53,1.3072,0,0,0,0
194,2,0,3,1,1,1,0.9947,0.9165,0.9509,0.5073,750.1932,345.7806,788.2446,336.676,678.2779,538.6743,710.9619,530.334,39.1255,33.7314,0.8621,0,0,0,0
195,2,0,0,1,0,1,0.9853,0.9791,0.5205,0.4633,70.8341,330.7984,272.5601,323.2916,23.7625,659.034,248.3557,635.6742,201.8656,225.8047,1.1186,0,0,0,0
195,2,0,3,1,1,1,0.9941,0.9119,0.9535,0.5398,735.31,345.4072,767.7182,338.0655,666.1356,531.034,691.0089,527.9232,33.2295,25.0671,0.7544,0,0,0,0
196,2,0,0,1,0,1,0.9853,0.9791,0.5204,0.4629,70.8168,330.7912,272.5788,323.2872,23.7504,659.0752,248.3502,635.6972,201.9015,225.8132,1.1184,0,0,0,0
196,2,0,3,1,1,1,0.9941,0.9118,0.9535,0.539,735.2819,345.4074,767.7776,338.0289,666.0873,531.0584,691.0438,527.8576,33.3228,25.1609,0.7551,0,0,0,0
197,2,0,0,1,0,1,0.9821,0.984,0.5001,0.5618,61.9494,332.7082,270.9359,323.7314,27.8867,647.9204,251.9616,627.8876,209.1793,224.9685,1.0755,0,0,0,0
197,2,0,3,1,1,1,0.9958,0.911,0.9614,0.5116,721.211,351.4201,744.8294,347.0804,643.5258,537.1726,669.6466,535.5125,24.0138,26.1735,1.0899,0,0,0,0
198,2,0,0,1,0,1,0.9821,0.984,0.5003,0.5612,61.9782,332.7111,270.9476,323.7278,27.8573,647.9065,252.0558,627.9122,209.1624,225.0884,1.0761,0,0,0,0
198,2,0,3,1,1,1,0.9958,0.9111,0.9613,0.5129,721.088,351.4688,744.8454,347.1276,643.5726,537.0676,669.8484,535.5587,24.1508,26.319,1.0898,0,0,0,0
199,2,0,0,1,0,1,0.983,0.985,0.5712,0.584,53.5441,328.4422,268.6235,326.8188,12.8614,651.5292,245.1016,634.5538,215.0855,232.8597,1.0826,0,0,0,0
199,2,0,3,1,1,1,0.9959,0.8811,0.9689,0.5273,701.6343,358.8684,726.5711,349.7404,621.2722,544.5872,659.1829,524.5418,26.555,42.884,1.6149,0,0,0,0
200,2,0,0,1,0,1,0.983,0.985,0.57,0.5842,53.554,328.4802,268.5996,326.8251,12.8759,651.5206,245.1312,634.5144,215.0519,232.8771,1.0829,0,0,0,0
200,2,0,3,1,1,1,0.9959,0.8808,0.9689,0.5271,701.6526,358.8206,726.5649,349.7259,621.2689,544.576,659.0508,524.5954,26.5205,42.7398,1.6116,0,0,0,0
201,2,0,0,1,0,1,0.9789,0.9864,0.4844,0.5652,47.282,326.963,266.5051,328.4588,18.6143,641.2596,249.0955,646.2583,219.2282,230.5354,1.0516,0,0,0,0
201,2,0,3,1,1,1,0.994,0.9002,0.9467,0.4834,682.4814,358.6399,701.0146,349.9366,617.2956,549.2514,640.7508,534.8207,20.4751,27.5389,1.345,0,0,0,0
202,2,0,0,1,0,1,0.9785,0.9899,0.4196,0.5713,39.247,326.8833,264.5188,329.5188,21.771,642.9638,257.5632,661.11,225.2872,236.4894,1.0497,0,0,0,0
202,2,0,3,0,1,1,0.995,0.8809,0.9415,0.3704,665.588,354.132,675.8896,346.187,618.711,554.952,624.0063,538.964,13.0095,16.8421,1.2946,0,0,0,0
203,2,0,0,1,0,1,0.9785,0.9899,0.4192,0.5713,39.2445,326.8773,264.5104,329.5364,21.7781,642.9884,257.6115,661.4481,225.2815,236.5548,1.05,0,0,0,0
203,2,0,3,0,1,1,0.995,0.8811,0.9416,0.3708,665.5714,354.1349,675.8368,346.2282,618.7078,554.9936,623.9601,539.0596,12.9573,16.7774,1.2948,0,0,0,0
204,2,0,0,0,0,1,0.9722,0.9911,0.3647,0.5924,33.7527,324.0679,261.2893,331.9991,22.5565,625.5816,263.3784,674.5271,227.6748,245.7454,1.0794,0,0,0,0
204,2,0,3,0,1,1,0.9915,0.8048,0.8994,0.278,648.3299,349.536,657.3256,344.9553,615.2972,561.6684,610.3542,542.0039,10.0948,20.2763,2.0086,0,0,0,0
205,2,0,0,0,0,1,0.9722,0.9911,0.3648,0.5922,33.7511,324.0614,261.2704,332.0117,22.5111,625.5406,263.3373,674.5858,227.6582,245.7696,1.0796,0,0,0,0
205,2,0,3,0,1,1,0.9915,0.8048,0.8992,0.2777,648.2766,349.5912,657.4575,344.9886,615.3054,561.676,610.407,542.0188,10.27,20.2583,1.9726,0,0,0,0
206,2,0,0,0,0,1,0.9572,0.9909,0.2505,0.5402,26.502,322.2622,255.5536,336.8016,48.4123,617.7361,274.2877,684.2293,229.5126,235.4592,1.0259,0,0,0,0
206,2,0,3,0,1,1,0.9926,0.8037,0.9139,0.2661,631.7405,350.149,630.7195,345.3694,609.7312,565.9166,594.4405,544.9234,4.8874,25.9716,5.314,0,0,0,0
207,2,0,0,0,0,1,0.957,0.9908,0.2492,0.5396,26.4177,322.3687,255.6094,336.8502,48.7053,618.2531,274.4112,684.654,229.6488,235.2705,1.0245,0,0,0,0
207,2,0,3,0,1,1,0.9927,0.8039,0.9146,0.2653,631.9188,350.0935,630.925,345.395,609.8114,566.0574,594.497,544.7657,4.8024,26.2272,5.4612,0,0,0,0
208,2,0,0,0,0,1,0.952,0.9899,0.2308,0.5131,23.7144,321.1877,251.7816,337.9355,58.6965,592.9391,274.8133,673.5598,228.6813,230.6647,1.0087,0,0,0,0
208,2,0,3,0,1,1,0.9939,0.7902,0.9176,0.2256,615.2002,346.6483,617.4704,341.0674,601.537,560.4464,581.4782,549.084,6.025,23.0533,3.8263,0,0,0,0
209,2,0,0,0,0,1,0.9519,0.99,0.2306,0.5135,23.6636,321.1496,251.8089,337.915,58.5803,592.3908,274.769,673.5946,228.7604,230.9363,1.0095,0,0,0,0
209,2,0,3,0,1,1,0.9939,0.7899,0.9175,0.226,615.2134,346.7124,617.4668,341.1257,601.5758,560.624,581.4968,549.2608,6.024,23.0714,3.8299,0,0,0,0
210,2,0,0,0,0,1,0.9243,0.9887,0.1652,0.4976,16.9324,321.4646,246.2674,337.7413,86.6078,574.0796,277.3751,680.4695,229.9119,218.4284,0.9501,0,0,0,0
210,2,0,3,0,1,1,0.993,0.8047,0.8942,0.2298,597.1224,344.3945,594.8161,340.2356,592.8413,565.9938,557.0456,542.8073,4.7556,42.6492,8.9683,0,0,0,0
211,2,0,0,0,0,1,0.9244,0.9887,0.1653,0.4976,16.9497,321.4324,246.2713,337.7102,86.5626,573.913,277.21,680.139,229.8986,218.2439,0.9493,0,0,0,0
211,2,0,3,0,1,1,0.993,0.8053,0.8943,0.2306,597.1172,344.43,594.8044,340.2814,592.8786,565.9833,557.0188,542.9212,4.7497,42.6355,8.9765,0,0,0,0
212,2,0,0,0,0,1,0.9198,0.9893,0.155,0.5361,15.1935,325.3385,238.5516,333.0864,103.4123,586.8808,279.9196,682.5964,223.4924,200.7892,0.8984,0,0,0,0
212,2,0,3,0,1,1,0.9919,0.7858,0.887,0.2299,579.0327,345.5671,580.082,340.7683,584.6872,572.3208,527.717,536.7973,4.9122,67.138,13.6677,0,0,0,0
213,2,0,0,0,0,1,0.9199,0.9894,0.1551,0.5364,15.2266,325.3244,238.5369,333.098,103.323,586.8692,279.8439,682.6894,223.4456,200.851,0.8989,0,0,0,0
213,2,0,3,0,1,1,0.9919,0.786,0.8869,0.2305,579.0208,345.5191,580.0661,340.7562,584.5963,572.3098,527.6038,536.8016,4.8762,67.149,13.7707,0,0,0,0
214,2,0,0,0,0,1,0.9088,0.9889,0.1255,0.5404,10.8974,328.3656,232.2237,329.138,110.9984,610.4831,282.4197,683.733,221.3276,186.4157,0.8423,0,0,0,0
214,2,0,3,0,1,1,0.9949,0.7129,0.9428,0.1833,558.8948,347.1489,555.4271,343.6962,577.0395,567.5908,546.2934,562.619,4.8935,31.1456,6.3647,0,0,0,0
215,2,0,0,0,0,1,0.9153,0.9896,0.0998,0.5042,7.185,329.1417,224.6189,327.9792,137.7964,626.2676,285.3413,680.1874,217.437,157.0886,0.7225,0,0,0,0
215,2,0,3,0,1,1,0.9952,0.8309,0.9105,0.2131,545.0496,352.8054,519.6231,350.4204,555.2716,578.1587,496.0658,571.2514,25.5381,59.6074,2.3341,0,0,0,0
216,2,0,0,0,0,1,0.9153,0.9896,0.0998,0.5039,7.1706,329.1119,224.6483,327.975,137.7145,626.3445,285.4093,680.3906,217.4807,157.2729,0.7232,0,0,0,0
216,2,0,3,0,1,1,0.9952,0.8307,0.9105,0.213,545.0414,352.7677,519.5346,350.4284,555.2253,578.2094,495.9126,571.3646,25.6139,59.7063,2.331,0,0,0,0
217,2,0,0,0,0,1,0.9407,0.9934,0.1582,0.6272,12.5872,322.6612,223.1462,326.626,105.4386,617.4738,283.0175,668.896,210.5963,184.8743,0.8779,0,0,0,0
217,2,0,3,0,1,1,0.9941,0.8163,0.9401,0.3121,518.0596,353.8347,527.352,352.763,518.3332,584.8216,486.2392,557.3244,9.3541,42.2625,4.5181,0,0,0,0
218,2,0,0,0,0,1,0.9411,0.9935,0.1595,0.6289,12.6098,322.5433,223.2251,326.6015,105.0059,617.1089,282.9288,668.6068,210.6543,185.2257,0.8793,0,0,0,0
218,2,0,3,0,1,1,0.9941,0.8163,0.9401,0.3118,518.0116,353.8981,527.3594,352.7862,518.3082,584.8723,486.3568,557.436,9.4137,42.1147,4.4738,0,0,0,0
219,2,0,0,0,0,1,0.965,0.9962,0.247,0.7235,26.9435,318.3168,220.8284,326.9364,82.6191,600.368,285.0999,672.4585,194.0764,214.9314,1.1075,0,0,0,0
219,2,0,3,0,1,1,0.9944,0.7143,0.9,0.1216,496.6605,363.04,514.619,356.0151,487.2206,594.874,474.7306,573.4246,19.2836,24.8209,1.2872,0,0,0,0
220,2,0,0,0,0,1,0.965,0.9962,0.247,0.7234,26.9544,318.222,220.8604,326.9131,82.8228,600.0534,285.1002,672.51,194.1007,214.8629,1.107,0,0,0,0
220,2,0,3,0,1,1,0.9944,0.7138,0.8997,0.1215,496.6612,363.0794,514.6172,356.0312,487.203,594.8738,474.7358,573.3597,19.2898,24.8654,1.289,0,0,0,0
221,2,0,0,0,1,1,0.9743,0.9971,0.3116,0.758,37.0539,321.9246,225.7102,329.1612,47.698,624.3674,287.526,683.0872,188.7951,246.9119,1.3078,0,0,0,0
221,2,0,3,0,1,1,0.9907,0.7753,0.9138,0.2507,477.3078,357.5106,499.6537,353.3822,446.6796,592.6294,461.3507,561.3587,22.724,34.5412,1.52,0,0,0,0
222,2,0,0,0,1,1,0.9782,0.9976,0.3228,0.7565,57.56,315.2622,233.659,329.5424,54.8514,616.4817,294.1025,687.9386,176.6771,249.6941,1.4133,0,0,0,0
222,2,0,3,0,1,1,0.9958,0.9016,0.913,0.2885,453.307,353.9819,491.7086,347.7278,411.5524,585.9658,439.5096,560.7868,38.9075,37.6244,0.967,0,0,0,0
223,2,0,0,0,1,1,0.9782,0.9976,0.3227,0.7558,57.3873,315.305,233.6475,329.5143,53.6464,617.3168,293.9194,687.6505,176.832,250.3556,1.4158,0,0,0,0
223,2,0,3,0,1,1,0.9958,0.9021,0.9132,0.2891,453.3888,354.0618,491.3964,347.8592,411.4588,585.9268,439.6542,560.9156,38.5105,37.69,0.9787,0,0,0,0
224,2,0,0,0,0,1,0.974,0.9972,0.2845,0.7305,88.9612,313.0454,244.8169,325.5582,159.5074,617.7796,304.8367,699.5382,156.3572,166.7486,1.0665,0,0,0,0
224,2,0,3,1,1,1,0.997,0.9632,0.9469,0.6485,427.2262,354.4967,492.0292,339.9255,376.2849,560.2186,488.024,510.8698,66.421,122.1513,1.839,0,0,0,0
225,2,0,0,0,0,1,0.974,0.9972,0.2844,0.7304,88.9528,313.0558,244.8177,325.5775,159.552,617.734,304.8386,699.5618,156.3671,166.7453,1.0664,0,0,0,0
225,2,0,3,1,1,1,0.997,0.9632,0.9469,0.6485,427.2342,354.4892,492.0175,339.9234,376.2948,560.2492,488.0585,510.9068,66.4007,122.1712,1.8399,0,0,0,0
226,2,0,0,0,0,1,0.9663,0.9971,0.2426,0.7525,127.214,322.2796,266.9918,327.1002,232.2836,644.9894,308.4335,703.1472,139.8609,95.8183,0.6851,0,0,0,0
226,2,0,3,1,1,1,0.995,0.9578,0.9425,0.6938,405.4014,348.9851,483.2824,336.174,351.9885,541.5129,482.3579,536.4078,78.9277,130.4693,1.653,0,0,0,0
227,2,0,0,0,0,1,0.9663,0.9971,0.2426,0.7522,127.0944,322.287,266.9284,327.046,232.5426,644.7379,308.4384,703.172,139.9149,95.7848,0.6846,0,0,0,0
227,2,0,3,1,1,1,0.995,0.9577,0.9424,0.6932,405.4326,349.0065,483.3203,336.2461,352.0273,541.3169,482.365,536.5002,78.9261,130.4266,1.6525,0,0,0,0
228,2,0,3,1,1,0,0.9921,0.972,0.8777,0.7262,381.935,351.6373,481.9718,337.4557,332.1068,553.1816,482.3536,536.0582,101.037,151.2194,1.4967,0,0,0,0
228,2,0,0,0,0,0,0.9139,0.9924,0.1286,0.588,152.489,321.3004,279.616,334.7152,266.9776,629.1449,309.182,699.5192,127.8328,82.0594,0.6419,0,0,0,0
229,2,0,0,0,0,0,0.9369,0.9943,0.3245,0.807,199.3387,320.4939,305.1123,329.3037,283.3847,643.1795,337.166,698.6322,106.1398,77.2491,0.7278,0,0,0,0
229,2,0,3,1,1,0,0.8864,0.9476,0.4843,0.7198,368.7333,343.3336,465.1966,339.6065,398.3472,543.1664,477.0914,536.9032,96.5352,78.993,0.8183,0,0,0,0
230,2,0,0,0,0,0,0.9369,0.9943,0.3248,0.8068,199.3512,320.5419,305.08,329.2821,283.5204,643.2064,337.1259,698.6674,106.0895,77.1328,0.7271,0,0,0,0
230,2,0,3,1,1,0,0.8865,0.9474,0.4842,0.7187,368.851,343.3461,465.1596,339.6894,398.7063,543.2403,476.993,536.9995,96.3781,78.5351,0.8149,0,0,0,0
231,2,0,3,0,1,0,0.8298,0.9595,0.2853,0.6969,354.2489,337.681,453.7552,340.4048,423.622,546.4792,474.082,542.7228,99.5435,50.5996,0.5083,0,0,0,0
231,2,0,0,0,1,0,0.9418,0.9907,0.221,0.5979,221.9918,315.9238,328.6488,332.5754,308.1992,633.4204,364.4547,684.0766,107.949,75.7016,0.7013,0,0,0,0
232,2,0,3,0,1,0,0.8297,0.9594,0.2846,0.6956,354.2059,337.7024,453.7318,340.4188,423.7166,546.6607,474.0171,542.8065,99.5629,50.4479,0.5067,0,0,0,0
232,2,0,0,0,1,0,0.9416,0.9907,0.22,0.5973,222.0765,316.0748,328.5788,332.6063,308.1746,633.7378,364.5136,684.0108,107.7777,75.508,0.7006,0,0,0,0
233,2,0,0,0,0,0,0.9035,0.9927,0.2431,0.7811,292.7675,324.3936,323.0045,325.9861,353.5896,655.547,379.0471,705.2808,30.2789,55.8708,1.8452,0,0,0,0
233,2,0,3,1,1,0,0.87,0.9224,0.4515,0.6604,407.809,335.7429,438.242,334.4564,484.0266,552.4082,479.7442,551.8405,30.4602,4.3198,0.1418,0,0,0,0
234,2,0,0,0,0,0,0.9036,0.9927,0.2431,0.781,292.834,324.3221,322.9845,326.0158,353.6532,655.3915,378.9168,705.1328,30.1981,55.7894,1.8474,0,0,0,0
234,2,0,3,1,1,0,0.869,0.9241,0.4499,0.6658,407.2334,335.9357,438.9186,334.7241,483.8337,552.3585,480.1488,551.3846,31.7083,3.8115,0.1202,0,0,0,0
235,3,1,0,0,0,0,0.9269,0.9942,0.3135,0.8109,314.7663,320.9209,360.5816,323.9454,380.0251,624.1564,404.524,692.7939,45.915,72.8787,1.5873,0,0,0,0
235,3,1,3,0,1,0,0.7456,0.4457,0.4216,0.1515,437.4059,327.4883,408.9849,325.2078,498.0193,553.8679,453.1426,577.9103,28.5123,50.9113,1.7856,0,0,0,0
235,3,1,4,1,1,0,0.8959,0.9429,0.5233,0.7028,425.5502,328.5581,411.858,327.0704,491.966,552.7289,458.0207,597.599,13.7729,56.2638,4.0851,0,0,0,0
236,3,1,0,0,0,0,0.9268,0.9942,0.3143,0.8115,315.4902,321.0522,359.9655,323.8522,380.5513,624.1714,404.4138,692.688,44.5634,72.553,1.6281,0,0,0,0
236,3,1,3,0,1,0,0.7459,0.4452,0.4225,0.1513,437.4204,327.5048,408.9903,325.212,498.0275,553.884,453.0954,577.958,28.5224,50.975,1.7872,0,0,0,0
236,3,1,4,1,1,0,0.8961,0.9428,0.5241,0.7026,425.7806,328.6034,411.6987,327.0664,491.968,552.7852,457.9854,597.734,14.1656,56.349,3.9779,0,0,0,0
237,2,0,0,1,1,0,0.9443,0.9898,0.5589,0.8598,387.9042,326.3414,357.523,329.2031,480.6384,558.537,441.1639,677.6952,30.5156,125.5266,4.1135,0,0,0,0
237,2,0,3,0,1,0,0.7679,0.3487,0.6125,0.1462,456.509,334.2876,402.9412,331.6351,499.058,552.4872,446.624,581.2073,53.6334,59.7843,1.1147,0,0,0,0
238,1,0,0,1,1,1,0.9447,0.9846,0.6883,0.8787,426.3723,334.1252,373.9022,330.961,487.4602,555.1364,454.5392,678.3437,52.5654,127.5298,2.4261,0,0,0,0
239,1,0,0,1,1,1,0.9447,0.9846,0.6884,0.8788,426.2848,334.1471,373.8703,331.0759,487.381,555.0226,454.385,677.7489,52.5043,127.0845,2.4205,0,0,0,0
240,1,0,0,1,1,1,0.9536,0.9943,0.6385,0.9108,414.987,330.56,414.8958,335.4647,499.3914,541.9773,499.2382,681.1296,4.9056,139.1524,28.3662,0,0,0,0
241,1,0,0,1,1,1,0.9536,0.9943,0.6383,0.9108,415.0568,330.5408,414.8792,335.4573,499.408,542.0402,499.22,681.1364,4.9197,139.0963,28.2733,0,0,0,0
242,1,0,0,1,1,1,0.9446,0.9951,0.4484,0.8739,393.3089,339.2608,451.0902,342.3488,441.1552,605.0962,527.7766,684.3888,57.8637,117.4332,2.0295,0,0,0,0
243,1,0,0,1,1,1,0.9445,0.9951,0.4482,0.8738,393.4329,339.3019,451.0768,342.3352,441.4493,605.317,527.7702,684.486,57.7236,117.1283,2.0291,0,0,0,0
244,2,0,0,1,1,0,0.9369,0.9892,0.436,0.8003,432.8126,327.9264,480.7169,334.3718,447.492,603.8354,538.8463,681.8662,48.3359,120.1434,2.4856,0,0,0,0
244,2,0,5,0,1,0,0.7528,0.7849,0.2159,0.2178,386.6672,334.6804,401.9978,339.241,326.786,537.915,324.8398,534.1341,15.9945,4.2525,0.2659,0,0,0,0
245,2,0,0,1,1,0,0.9371,0.9892,0.4362,0.8003,432.9312,327.9036,480.7961,334.4328,447.9788,604.0532,539.0108,681.9274,48.3081,119.7966,2.4798,0,0,0,0
245,2,0,5,0,1,0,0.7547,0.7865,0.216,0.2176,386.5863,334.725,401.9938,339.2724,326.7428,537.8529,324.798,534.1366,16.0645,4.1944,0.2611,0,0,0,0
246,2,0,0,1,1,0,0.9364,0.9918,0.4438,0.847,486.2962,332.7818,499.3264,344.6047,515.4999,634.8963,548.4792,687.1111,17.5946,61.7577,3.51,0,0,0,0
246,2,0,5,0,1,0,0.9178,0.9039,0.4409,0.3693,380.151,339.6922,471.5785,343.1292,351.1933,537.0187,383.3998,553.9752,91.4921,36.3976,0.3978,0,0,0,0
247,2,0,0,1,1,0,0.9362,0.9917,0.4441,0.8472,486.4612,332.8035,499.2331,344.5884,516.1066,635.1204,548.3709,687.0434,17.3783,61.131,3.5177,0,0,0,0
247,2,0,5,0,1,0,0.9177,0.9043,0.4406,0.3701,380.1914,339.7263,471.5072,343.1708,351.2633,537.0274,383.269,553.9504,91.3807,36.2044,0.3962,0,0,0,0
248,2,0,0,0,1,0,0.8569,0.9857,0.2831,0.8013,536.668,326.575,516.558,331.0788,558.2513,651.4358,547.4062,674.1802,20.6081,25.1977,1.2227,0,0,0,0
248,2,0,5,1,1,0,0.9419,0.9678,0.5616,0.6664,398.1518,335.7983,459.5346,340.3846,370.4414,528.489,431.1774,571.861,61.5538,74.6323,1.2125,0,0,0,0
249,2,0,0,1,0,0,0.9139,0.9889,0.4113,0.8394,552.7157,329.4174,544.7948,330.2794,606.9005,638.526,556.2138,691.7416,7.9676,73.4919,9.2238,0,0,0,0
249,2,0,5,1,1,0,0.9448,0.9612,0.4102,0.5126,397.2727,335.59,478.9414,342.3945,373.7792,533.4564,426.5678,547.3238,81.9517,54.5797,0.666,0,0,0,0
250,2,0,0,1,0,0,0.9139,0.9889,0.4111,0.8392,552.7142,329.4748,544.8272,330.3398,606.9236,638.8523,556.2798,691.7872,7.9342,73.2591,9.2333,0,0,0,0
250,2,0,5,1,1,0,0.9447,0.9612,0.4099,0.5128,397.2782,335.5935,478.8468,342.4005,373.8371,533.4436,426.5885,547.2808,81.852,54.5361,0.6663,0,0,0,0
251,2,0,0,1,1,0,0.9105,0.9845,0.4367,0.8329,572.6048,322.721,565.6421,327.4994,605.2982,655.0691,580.8814,689.9436,8.4446,42.5723,5.0414,0,0,0,0
251,2,0,5,0,1,0,0.9317,0.9719,0.3216,0.5657,406.8172,337.7692,482.8876,345.1476,398.8543,530.0318,448.2074,544.334,76.4274,51.3837,0.6723,0,0,0,0
252,2,0,0,1,1,0,0.9104,0.9845,0.4367,0.8329,572.6249,322.7358,565.6664,327.5249,605.2458,655.0074,580.8889,689.9755,8.4472,42.6148,5.0448,0,0,0,0
252,2,0,5,0,1,0,0.9316,0.9719,0.3212,0.5655,406.8167,337.7704,482.8954,345.153,398.8849,530.0628,448.241,544.3553,76.436,51.3838,0.6722,0,0,0,0
253,2,0,0,1,1,1,0.9046,0.9862,0.4036,0.837,608.5642,323.7854,598.7489,322.9329,649.7594,666.4464,586.2438,682.6724,9.8523,65.5554,6.6538,0,0,0,0
253,2,0,5,0,1,1,0.9323,0.9872,0.369,0.7774,419.1473,342.514,483.2075,346.706,412.1142,532.2427,498.9597,532.2508,64.1972,86.8455,1.3528,0,0,0,0
254,2,0,0,1,1,1,0.9046,0.9862,0.404,0.8373,608.5676,323.7978,598.6854,322.8546,649.6996,666.7324,586.1637,682.6261,9.9272,65.4937,6.5974,0,0,0,0
254,2,0,5,0,1,1,0.9321,0.9872,0.368,0.7767,419.1062,342.4817,483.2303,346.6652,412.1092,532.3262,499.082,531.8948,64.2605,86.9738,1.3535,0,0,0,0
255,2,0,0,0,0,1,0.9204,0.9887,0.343,0.7934,619.903,325.0174,617.6017,324.63,668.0534,676.4292,612.5899,698.2855,2.3337,59.6146,25.5449,0,0,0,0
255,2,0,5,1,1,1,0.9491,0.9905,0.5945,0.9005,434.4181,339.1439,479.6398,341.1364,428.928,527.7734,538.0972,492.1924,45.2655,114.8212,2.5366,0,0,0,0
256,2,0,0,0,0,1,0.9205,0.9887,0.3432,0.7937,619.9114,325.0674,617.5959,324.6845,668.1474,676.5716,612.6704,698.2573,2.347,59.5648,25.3792,0,0,0,0
256,2,0,5,1,1,1,0.9491,0.9905,0.5944,0.9005,434.4123,339.1677,479.63,341.1634,428.9235,527.7842,538.1114,492.1526,45.2618,114.8547,2.5376,0,0,0,0
257,2,0,0,0,1,1,0.9033,0.9853,0.3176,0.7655,648.6458,326.8846,637.5541,328.1754,676.8258,641.8615,625.0398,688.0313,11.1666,69.379,6.2131,0,0,0,0
257,2,0,5,1,1,1,0.9211,0.9896,0.471,0.8918,459.8212,339.2214,480.9898,340.0975,470.9001,519.4718,542.7115,509.4288,21.1867,72.5102,3.4224,0,0,0,0
258,2,0,0,0,1,1,0.8523,0.9875,0.3461,0.8619,680.8291,333.7448,662.522,324.934,713.0756,602.5114,645.2701,632.1941,20.317,74.0178,3.6431,0,0,0,0
258,2,0,5,1,1,1,0.9033,0.9888,0.5173,0.9157,478.5151,339.029,488.4216,340.0192,526.6456,500.828,545.7093,503.896,9.9559,19.309,1.9395,0,0,0,0
259,2,0,0,0,1,1,0.8522,0.9875,0.3459,0.8618,680.8311,333.7352,662.5171,324.9514,712.9256,602.3772,645.2392,632.138,20.3115,73.9402,3.6403,0,0,0,0
259,2,0,5,1,1,1,0.9033,0.9888,0.5175,0.9158,478.5606,339.0248,488.408,340.0122,526.7038,500.8106,545.7181,503.8936,9.8967,19.2625,1.9464,0,0,0,0
260,2,0,0,1,0,1,0.9118,0.9891,0.4347,0.8476,699.2764,331.7346,683.4466,339.6604,741.5135,647.332,673.0462,702.806,17.7031,88.1199,4.9776,0,0,0,0
260,2,0,5,1,1,1,0.9122,0.9905,0.5363,0.9236,492.9551,342.9826,496.3032,344.0853,526.9276,505.4646,545.0706,510.2098,3.525,18.7532,5.3201,0,0,0,0
261,2,0,0,1,0,1,0.9118,0.9891,0.4341,0.8474,699.1408,331.7063,683.529,339.6765,741.371,647.341,673.0481,702.8069,17.5287,88.0027,5.0205,0,0,0,0
261,2,0,5,1,1,1,0.912,0.9904,0.5357,0.9234,492.9446,342.9841,496.3324,344.0831,527.2177,505.3942,545.077,510.1737,3.5616,18.4878,5.1909,0,0,0,0
262,2,0,0,0,0,1,0.8885,0.9837,0.3681,0.8003,735.7278,330.4638,713.6627,339.213,762.217,646.1394,698.5848,704.8186,23.7364,86.5581,3.6466,0,0,0,0
262,2,0,5,1,1,1,0.8979,0.9856,0.5358,0.9023,503.7876,343.1932,510.282,349.8753,532.1629,511.2079,551.7624,519.0606,9.3181,21.1141,2.2659,0,0,0,0
263,2,0,0,0,0,1,0.8888,0.9837,0.3696,0.8014,735.9866,330.5917,713.556,339.2397,762.3975,646.2174,698.6512,704.9215,24.0399,86.6589,3.6048,0,0,0,0
263,2,0,5,1,1,1,0.8979,0.9856,0.5367,0.9027,503.8116,343.1631,510.2813,349.7886,532.2974,511.1862,551.7078,518.969,9.2603,20.9126,2.2583,0,0,0,0
264,2,0,0,0,0,1,0.9116,0.9873,0.3927,0.7983,758.671,328.2576,745.7288,341.1298,780.3523,628.615,729.565,708.7912,18.2536,94.9082,5.1994,0,0,0,0
264,2,0,5,1,1,1,0.8877,0.9853,0.5153,0.8984,514.7446,350.1265,519.5638,356.2219,544.2352,532.1758,558.858,535.736,7.7704,15.05,1.9368,0,0,0,0
265,2,0,0,0,0,1,0.9075,0.9854,0.3577,0.7769,790.6242,317.9016,776.3504,332.1485,810.675,626.0968,770.459,691.3438,20.1671,76.6452,3.8005,0,0,0,0
265,2,0,5,1,1,1,0.9014,0.9841,0.5216,0.8784,528.8498,344.727,535.3518,353.369,552.6811,527.0733,558.0628,537.9171,10.8148,12.1058,1.1194,0,0,0,0
266,2,0,0,0,0,1,0.9076,0.9854,0.3576,0.7769,790.5493,317.9221,776.3824,332.1329,810.6237,626.2208,770.5064,691.3032,20.066,76.4533,3.8101,0,0,0,0
266,2,0,5,1,1,1,0.9019,0.9843,0.5233,0.8793,529.5089,344.7803,535.3884,353.3968,553.125,527.0462,558.0602,537.9071,10.4314,11.9296,1.1436,0,0,0,0
267,2,0,0,0,1,1,0.9321,0.9903,0.3615,0.791,801.4842,316.9695,799.7889,331.956,838.724,592.9418,806.8802,680.0502,15.0822,92.7464,6.1494,0,0,0,0
267,2,0,5,0,1,1,0.8568,0.9828,0.3478,0.8504,555.275,343.7607,545.901,349.3323,577.2802,525.819,560.3312,534.6518,10.9048,19.1125,1.7527,0,0,0,0
268,2,0,0,0,1,1,0.9319,0.9903,0.3605,0.7905,801.4644,317.1271,799.7143,332.044,838.9576,593.9224,806.8192,680.1679,15.0192,92.0389,6.1281,0,0,0,0
268,2,0,5,0,1,1,0.8563,0.9828,0.3471,0.8502,555.3432,343.7352,545.876,349.2683,577.2252,525.8046,560.3352,534.5912,10.9656,19.0388,1.7362,0,0,0,0
269,2,0,0,0,1,1,0.9042,0.9914,0.3324,0.8448,835.9995,324.9817,824.991,329.9473,884.2581,645.6595,860.1478,675.0264,12.0766,37.9963,3.1463,0,0,0,0
269,2,0,5,1,1,1,0.8873,0.9798,0.4667,0.8539,566.5471,342.8113,560.5702,350.4162,575.6702,525.5094,562.468,535.766,9.6726,16.7181,1.7284,0,0,0,0
270,2,0,0,0,1,1,0.9045,0.9915,0.3336,0.8454,836.1798,325.0968,824.8148,330.0345,884.9802,645.7671,860.1827,674.9012,12.3914,38.2585,3.0875,0,0,0,0
270,2,0,5,1,1,1,0.8874,0.9799,0.4667,0.8539,566.5398,342.7485,560.6155,350.3779,575.6439,525.5152,562.4463,535.7463,9.6595,16.6989,1.7288,0,0,0,0
271,2,0,0,0,1,1,0.8874,0.9915,0.3662,0.875,853.1605,331.0252,854.7758,325.7532,918.9078,630.4801,901.2756,682.8101,5.5139,55.2207,10.0148,0,0,0,0
271,2,0,5,1,1,1,0.9235,0.989,0.4881,0.8888,583.3634,345.7114,573.8877,348.4691,602.2262,523.8594,572.1714,530.5673,9.8688,30.7942,3.1204,0,0,0,0
272,2,0,0,0,1,1,0.8877,0.9915,0.3666,0.8751,853.1538,330.9913,854.7606,325.7883,918.9069,630.3433,901.2814,682.8492,5.4454,55.3852,10.171,0,0,0,0
272,2,0,5,1,1,1,0.9237,0.9891,0.4893,0.8893,583.3378,345.6683,573.8539,348.4213,602.4824,523.8172,572.1641,530.5802,9.8754,31.0634,3.1455,0,0,0,0
273,2,0,5,1,1,1,0.9327,0.9912,0.5075,0.9029,596.133,345.9538,584.616,347.39,617.8075,524.894,582.0054,531.5164,11.6062,36.4094,3.1371,0,0,0,0
273,2,0,0,1,1,1,0.918,0.9911,0.4637,0.876,866.9443,332.8246,882.5505,332.3304,921.5143,636.3968,938.4009,673.5036,15.614,40.7686,2.611,0,0,0,0
274,2,0,0,1,1,1,0.9101,0.983,0.4638,0.8295,903.4216,326.2366,895.7209,330.6486,960.8836,622.5958,969.0714,669.7698,8.875,47.8792,5.3948,0,0,0,0
274,2,0,5,1,1,1,0.9622,0.9933,0.658,0.9238,607.5102,343.9499,600.2696,347.6036,651.7306,495.7286,593.1357,536.3043,8.1103,71.2724,8.7878,0,0,0,0
275,2,0,0,1,1,1,0.91,0.983,0.4637,0.8294,903.3734,326.1995,895.6414,330.7007,960.7978,622.2667,969.1414,669.8409,8.9468,48.3003,5.3986,0,0,0,0
275,2,0,5,1,1,1,0.9621,0.9932,0.6573,0.9237,607.6646,343.9964,600.3628,347.6734,651.7733,495.7582,593.1521,536.3322,8.1754,71.2931,8.7204,0,0,0,0
276,2,0,0,1,1,1,0.9017,0.9885,0.53,0.894,928.3676,338.2536,919.9722,333.8307,989.4379,626.8816,997.763,671.9914,9.4892,45.8715,4.8341,0,0,0,0
276,2,0,5,1,1,1,0.9719,0.9958,0.7105,0.9452,623.995,344.7686,609.8249,347.8156,673.7196,487.9298,604.7256,539.0296,14.494,85.8566,5.9236,0,0,0,0
277,2,0,0,1,1,1,0.9016,0.9885,0.5295,0.8938,928.2867,338.2999,919.9854,333.8407,989.3819,626.981,997.7778,671.9848,9.4232,45.7804,4.8583,0,0,0,0
277,2,0,5,1,1,1,0.9719,0.9958,0.7105,0.9452,624.0064,344.7709,609.8376,347.8271,673.7272,487.907,604.7158,539.0038,14.4946,85.8688,5.9242,0,0,0,0
278,2,0,0,1,1,1,0.889,0.9883,0.5357,0.9035,951.2552,340.6744,940.5484,337.8512,1008.0411,628.7002,1014.8794,676.6762,11.0727,48.4609,4.3766,0,0,0,0
278,2,0,5,1,1,1,0.9673,0.9953,0.7239,0.9494,638.0486,351.1275,623.5114,351.0634,690.7616,491.7697,619.7936,538.2054,14.5373,84.81,5.834,0,0,0,0
279,2,0,0,1,1,1,0.8894,0.9883,0.5368,0.9039,951.3569,340.8172,940.6084,337.7902,1008.3861,629.0396,1014.7699,676.5326,11.1666,47.92,4.2914,0,0,0,0
279,2,0,5,1,1,1,0.9672,0.9953,0.7236,0.9494,638.1248,351.0177,623.6617,350.9751,690.778,491.6298,619.7368,538.0899,14.4632,84.8846,5.869,0,0,0,0
280,2,0,5,1,1,1,0.9658,0.997,0.7137,0.9609,644.8762,355.5068,636.4506,350.5002,701.8176,488.5952,650.1396,541.6078,9.8009,74.0334,7.5537,0,0,0,0
280,2,0,0,1,1,1,0.9116,0.9846,0.4927,0.8536,983.0352,334.4767,962.301,338.1618,1032.0747,642.0671,1032.902,689.1294,21.0591,47.0696,2.2351,0,0,0,0
281,2,0,5,1,1,1,0.9658,0.997,0.7137,0.9608,644.8777,355.5021,636.4493,350.491,701.8216,488.5781,650.1281,541.577,9.8055,74.0344,7.5503,0,0,0,0
281,2,0,0,1,1,1,0.9117,0.9846,0.4927,0.8535,983.0486,334.4879,962.2969,338.1688,1032.0847,642.0732,1032.879,689.1434,21.0756,47.077,2.2337,0,0,0,0
282,2,0,5,1,1,1,0.959,0.9968,0.7038,0.9629,662.6392,360.9439,651.8766,356.9588,713.8128,496.533,661.617,545.5626,11.4767,71.6121,6.2398,0,0,0,0
282,2,0,0,1,0,1,0.8749,0.9899,0.4207,0.8916,1013.4727,338.9465,981.9243,337.7666,1067.1606,642.2228,1026.865,691.1322,31.5704,63.3709,2.0073,0,0,0,0
283,2,0,5,1,1,1,0.959,0.9968,0.7038,0.9629,662.6666,360.9632,651.8922,357.024,713.7885,496.5242,661.6308,545.5707,11.4718,71.596,6.241,0,0,0,0
283,2,0,0,1,0,1,0.8745,0.9898,0.4202,0.8916,1013.4631,338.8702,982.0057,337.7692,1067.0956,642.0666,1026.8439,691.1222,31.4766,63.4559,2.016,0,0,0,0
284,2,0,5,1,1,1,0.9719,0.9961,0.7336,0.9528,685.309,357.3367,672.1182,361.2108,731.2204,506.3134,677.9217,548.0095,13.7479,67.6707,4.9222,0,0,0,0
284,2,0,0,0,1,1,0.9095,0.9921,0.3951,0.8764,1035.4255,340.4962,1012.9964,339.6471,1088.7865,633.1795,1027.4536,678.374,22.4452,76.1857,3.3943,0,0,0,0
285,2,0,5,1,1,1,0.9719,0.9961,0.7336,0.9528,685.3072,357.353,672.141,361.2225,731.214,506.341,677.9096,548.0077,13.7231,67.657,4.9302,0,0,0,0
285,2,0,0,0,1,1,0.9095,0.9921,0.3952,0.8764,1035.4591,340.4879,1013.0044,339.6373,1088.8694,633.0192,1027.4003,678.3105,22.4708,76.3528,3.3979,0,0,0,0
286,2,0,0,1,1,1,0.9058,0.993,0.4063,0.8859,1065.7505,344.4145,1034.9263,335.5383,1105.4034,626.0248,1026.755,685.8954,32.0768,98.8436,3.0815,0,0,0,0
286,2,0,5,1,1,1,0.9461,0.995,0.6087,0.9388,691.7094,361.3783,688.337,363.6768,733.9116,533.7016,709.448,549.218,4.0811,28.9694,7.0984,0,0,0,0
287,2,0,0,1,1,1,0.9235,0.9922,0.4101,0.8567,1090.8345,340.3012,1049.8939,335.5352,1123.9629,635.7818,1018.4692,684.6013,41.217,116.2423,2.8202,0,0,0,0
287,2,0,5,1,1,1,0.9008,0.9929,0.509,0.9298,713.2329,360.1862,703.2016,360.8528,748.9394,538.7336,722.7618,544.6048,10.0534,26.8279,2.6685,0,0,0,0
288,2,0,0,1,1,1,0.9235,0.9922,0.4098,0.8566,1090.8429,340.3348,1049.8811,335.6213,1123.9489,635.8368,1018.6433,684.798,41.2321,116.1312,2.8165,0,0,0,0
288,2,0,5,1,1,1,0.9008,0.9929,0.5089,0.9298,713.2284,360.17,703.2133,360.8546,748.9312,538.7093,722.7665,544.5783,10.0384,26.8149,2.6712,0,0,0,0
289,3,1,0,0,1,1,0.9253,0.9926,0.3925,0.8597,1114.9266,346.3435,1061.9296,337.6518,1141.8257,652.4127,1027.5961,688.8874,53.7051,119.9117,2.2328,0,0,0,0
289,3,1,5,1,1,0,0.9084,0.9936,0.5529,0.945,729.3592,354.7872,718.9512,356.275,760.9369,533.7083,745.7111,540.7212,10.5137,16.7632,1.5944,0,0,0,0
289,3,1,6,0,1,0,0.8415,0.9787,0.2721,0.796,724.5628,351.2984,716.781,351.1144,761.6178,531.8412,737.3007,543.7691,7.784,27.0849,3.4796,0,0,0,0
290,3,1,0,0,1,1,0.9252,0.9926,0.3925,0.8598,1114.888,346.3345,1061.9325,337.6569,1141.7347,652.382,1027.5544,688.8468,53.6617,119.8617,2.2337,0,0,0,0
290,3,1,5,1,1,0,0.9083,0.9936,0.553,0.945,729.3557,354.7884,718.9464,356.281,760.9634,533.7058,745.7017,540.7219,10.5158,16.7972,1.5973,0,0,0,0
290,3,1,6,0,1,0,0.8414,0.9787,0.2719,0.7958,724.567,351.3133,716.7774,351.1317,761.6438,531.84,737.3008,543.7856,7.7918,27.116,3.4801,0,0,0,0
291,3,1,0,1,1,1,0.9362,0.9934,0.4117,0.8591,1154.3452,354.8709,1056.7623,339.5819,1162.1932,647.2926,1041.9215,676.645,98.7733,123.8017,1.2534,0,0,0,0
291,3,1,5,1,1,0,0.9077,0.9907,0.5632,0.9322,742.7134,348.8774,733.0614,355.3734,778.12,522.8476,766.313,528.625,11.6345,13.1448,1.1298,0,0,0,0
291,3,1,7,0,1,0,0.8357,0.9794,0.2606,0.796,741.4125,349.2748,729.9534,353.3506,780.9168,529.3952,763.7076,535.3321,12.1623,18.2045,1.4968,0,0,0,0
292,3,1,0,1,1,1,0.9362,0.9934,0.412,0.8594,1154.3484,354.8415,1056.8081,339.6106,1162.2533,647.2038,1041.9082,676.6352,98.7223,123.8917,1.255,0,0,0,0
292,3,1,5,1,1,0,0.9079,0.9907,0.5634,0.9323,742.7298,348.8893,733.0702,355.3918,778.1559,522.8514,766.3281,528.6477,11.6442,13.1717,1.1312,0,0,0,0
292,3,1,7,0,1,0,0.8354,0.9794,0.2605,0.7961,741.4082,349.2876,729.9762,353.3786,780.9344,529.3969,763.7248,535.3506,12.142,18.2104,1.4998,0,0,0,0
293,2,0,0,1,1,1,0.9506,0.993,0.446,0.8514,1176.0724,355.8696,1058.1141,337.1332,1194.4459,656.1082,1041.3077,673.86,119.437,154.1637,1.2908,0,0,0,0
293,2,0,5,1,1,1,0.912,0.985,0.4965,0.878,749.8938,346.0116,742.7253,354.1525,781.6324,516.3935,778.098,529.2917,10.8471,13.3737,1.2329,0,0,0,0
294,2,0,0,1,1,1,0.9627,0.9941,0.5357,0.8696,1190.5417,352.7544,1055.4987,340.3679,1230.1848,643.136,1040.6254,676.7287,135.61,192.513,1.4196,0,0,0,0
294,2,0,5,1,1,1,0.9079,0.9861,0.4968,0.8914,759.8749,343.4917,751.0003,351.7532,785.3888,511.274,785.5464,528.4475,12.1248,17.1742,1.4165,0,0,0,0
295,2,0,0,1,1,1,0.9626,0.9941,0.535,0.8694,1190.5662,352.7721,1055.4806,340.4227,1230.2137,643.2436,1040.6353,676.826,135.6489,192.53,1.4193,0,0,0,0
295,2,0,5,1,1,1,0.9079,0.9861,0.4973,0.8916,759.8405,343.4567,750.9992,351.7429,785.3172,511.1734,785.5446,528.4082,12.1174,17.2362,1.4224,0,0,0,0
296,2,0,0,1,0,1,0.9597,0.9934,0.6657,0.9026,1213.7289,358.9701,1053.3977,346.0845,1250.0573,632.175,1035.7992,682.9148,160.8481,220.1841,1.3689,0,0,0,0
296,2,0,5,1,1,1,0.9251,0.9884,0.5694,0.911,780.4878,343.7752,754.469,349.5646,802.5164,511.5752,786.1992,527.0719,26.6552,22.5033,0.8442,0,0,0,0
297,2,0,0,1,0,1,0.9597,0.9934,0.6662,0.9027,1213.7538,359.0497,1053.4034,346.1227,1250.105,632.1832,1035.8114,682.9212,160.8706,220.2183,1.3689,0,0,0,0
297,2,0,5,1,1,1,0.925,0.9884,0.5693,0.911,780.4999,343.7625,754.455,349.5597,802.5208,511.5177,786.2166,527.0674,26.6822,22.5303,0.8444,0,0,0,0
298,2,0,0,1,0,1,0.9669,0.9919,0.7218,0.8991,1229.3907,356.215,1045.7949,345.2709,1262.7797,629.592,1029.1798,683.3804,183.9217,239.7125,1.3033,0,0,0,0
298,2,0,5,1,1,1,0.9155,0.9879,0.5766,0.9126,799.4889,345.2902,754.9763,350.007,807.193,502.797,777.9409,525.118,44.7618,36.7955,0.822,0,0,0,0
299,2,0,0,1,0,1,0.967,0.992,0.7225,0.8993,1229.3019,356.2552,1045.7472,345.312,1262.7694,629.8468,1029.1647,683.5406,183.8806,239.6961,1.3035,0,0,0,0
299,2,0,5,1,1,1,0.9158,0.9879,0.5765,0.9127,799.4649,345.4466,754.9798,350.0398,807.5842,503.3754,777.9834,525.2004,44.7217,36.7769,0.8224,0,0,0,0
300,2,0,0,1,0,1,0.9641,0.9923,0.6673,0.8872,1235.9241,356.976,1044.0143,346.6924,1279.5741,627.3528,1014.9874,677.2322,192.1851,269.2472,1.401,0,0,0,0
300,2,0,5,1,1,1,0.9254,0.9889,0.5949,0.909,817.3131,347.5225,759.048,348.4635,814.4123,499.5618,772.0074,526.621,58.2727,50.3028,0.8632,0,0,0,0
301,2,0,0,1,0,1,0.9723,0.9946,0.6463,0.8698,1240.5197,354.7715,1040.4169,349.0041,1280.0,619.7702,987.4218,663.8274,200.1859,295.8768,1.478,0,0,0,0
301,2,0,5,1,1,1,0.9433,0.9924,0.6454,0.9302,834.0102,352.3369,764.158,350.0882,824.5802,474.3536,767.3852,522.586,69.8883,74.8173,1.0705,0,0,0,0
302,2,0,0,1,0,1,0.9723,0.9946,0.6466,0.87,1240.4719,354.7394,1040.4312,348.9889,1280.0,619.6888,987.3629,663.7238,200.1234,295.9317,1.4787,0,0,0,0
302,2,0,5,1,1,1,0.9434,0.9924,0.6457,0.9303,834.0806,352.3789,764.0932,350.1528,824.6736,474.0282,767.421,522.67,70.0227,75.1258,1.0729,0,0,0,0
303,2,0,0,1,0,1,0.973,0.9928,0.5779,0.8021,1238.8765,353.1146,1037.2473,349.509,1272.6002,610.7734,980.6469,667.4704,201.6614,297.4076,1.4748,0,0,0,0
303,2,0,5,1,1,1,0.9578,0.9946,0.7258,0.9504,853.2452,358.5052,770.3651,352.7833,836.187,462.5506,762.6938,525.9984,83.0774,97.0922,1.1687,0,0,0,0
304,2,0,0,1,0,1,0.9729,0.9928,0.5778,0.8025,1238.8823,353.116,1037.2982,349.4719,1272.5767,610.7843,980.5847,667.6962,201.617,297.4866,1.4755,0,0,0,0
304,2,0,5,1,1,1,0.9577,0.9946,0.7251,0.9503,853.2578,358.5298,770.3889,352.783,836.0728,463.0928,762.6333,525.7942,83.0679,96.5652,1.1625,0,0,0,0
305,2,0,0,1,0,1,0.9781,0.9934,0.5873,0.7911,1234.1527,352.9096,1029.6003,352.5177,1272.2108,614.2746,965.3838,680.6004,204.5527,313.9139,1.5346,0,0,0,0
305,2,0,5,1,1,1,0.9721,0.9956,0.7844,0.9583,865.4181,367.0452,775.4332,355.1577,871.6557,536.8572,756.9244,527.1004,90.7667,115.1454,1.2686,0,0,0,0
306,2,0,0,1,0,1,0.9781,0.9934,0.5881,0.7915,1234.1683,352.871,1029.6313,352.4914,1272.207,614.2564,965.3397,680.6012,204.5373,313.9573,1.535,0,0,0,0
306,2,0,5,1,1,1,0.9718,0.9956,0.7819,0.9581,865.4581,367.043,775.4086,355.1816,871.5766,537.264,756.977,527.1143,90.8273,115.0483,1.2667,0,0,0,0
307,2,0,0,1,0,1,0.9812,0.9927,0.5866,0.7515,1227.6838,350.4624,1020.6955,353.9805,1271.021,615.1324,957.5369,677.5321,207.0182,319.6341,1.544,0,0,0,0
307,2,0,5,1,1,1,0.984,0.9955,0.8643,0.9547,876.0129,367.0696,779.819,356.1879,887.18,522.7616,751.3638,529.6527,96.8075,135.9909,1.4048,0,0,0,0
308,2,0,0,1,0,1,0.9812,0.9927,0.5866,0.7516,1227.6882,350.4479,1020.7081,353.9717,1271.0261,615.1108,957.5276,677.5322,207.0101,319.6526,1.5441,0,0,0,0
308,2,0,5,1,1,1,0.984,0.9955,0.8643,0.9547,876.0094,367.0811,779.8122,356.2059,887.1769,522.7566,751.367,529.6458,96.81,135.9845,1.4047,0,0,0,0
309,2,0,0,1,0,1,0.9822,0.9926,0.7025,0.8087,1226.0747,350.2366,1006.8542,357.5187,1280.0,631.0056,950.0557,683.8608,219.3414,334.151,1.5234,0,0,0,0
309,2,0,5,1,1,1,0.9857,0.9934,0.8907,0.9442,885.0001,364.3565,784.028,354.8529,900.3818,519.6608,747.2216,526.2874,101.4184,153.3036,1.5116,0,0,0,0
310,2,0,0,1,0,1,0.9862,0.9914,0.7515,0.8004,1217.0509,346.0231,1000.5744,355.8031,1280.0,641.9574,946.6224,672.2834,216.6973,334.754,1.5448,0,0,0,0
310,2,0,5,1,1,1,0.988,0.9936,0.9132,0.9422,888.3273,360.2478,785.0402,353.2887,904.8317,519.8269,747.0822,522.8445,103.5213,157.7783,1.5241,0,0,0,0
311,2,0,0,1,0,1,0.9862,0.9914,0.7515,0.8003,1217.0636,346.0251,1000.5684,355.8057,1280.0,641.977,946.6263,672.285,216.716,334.7486,1.5446,0,0,0,0
311,2,0,5,1,1,1,0.988,0.9936,0.9131,0.9422,888.3176,360.2709,785.0287,353.3139,904.8275,519.8363,747.0786,522.8464,103.5229,157.7776,1.5241,0,0,0,0
312,2,0,0,1,0,1,0.9887,0.9898,0.789,0.7819,1209.4414,340.1684,997.2235,354.0144,1275.703,641.2712,942.1295,671.7079,212.6691,334.9592,1.575,0,0,0,0
312,2,0,5,1,1,1,0.9921,0.9928,0.9184,0.9232,892.404,358.9962,786.2595,354.2406,910.3622,523.3712,745.3194,519.851,106.2509,165.0804,1.5537,0,0,0,0
313,2,0,0,1,0,1,0.9886,0.9898,0.7888,0.782,1209.4576,340.1768,997.21,354.0116,1275.6853,641.2606,942.124,671.695,212.698,334.9468,1.5748,0,0,0,0
313,2,0,5,1,1,1,0.9921,0.9927,0.9185,0.9231,892.4028,358.9993,786.2558,354.2433,910.3391,523.3726,745.3258,519.857,106.2534,165.0506,1.5534,0,0,0,0
314,2,0,0,1,0,1,0.9909,0.9856,0.8276,0.7451,1198.0968,339.6007,993.8149,355.152,1260.6438,662.1194,941.2032,670.2186,204.873,319.5433,1.5597,0,0,0,0
314,2,0,5,1,1,1,0.9929,0.9918,0.9298,0.919,893.1901,355.9108,787.2525,353.3112,911.6133,524.025,745.2188,519.4715,105.9695,166.4568,1.5708,0,0,0,0
315,2,0,0,1,0,1,0.9909,0.9855,0.8284,0.7446,1198.1737,339.5015,993.7759,355.1212,1260.4749,661.8262,941.1349,670.2642,204.9937,319.4514,1.5583,0,0,0,0
315,2,0,5,1,1,1,0.9929,0.9918,0.9295,0.9195,893.1429,355.8502,787.2583,353.3085,911.6324,524.0192,745.2505,519.4466,105.9151,166.4447,1.5715,0,0,0,0
316,2,0,0,1,1,1,0.9908,0.9789,0.8268,0.7104,1180.6237,338.0283,998.2716,348.6406,1235.8213,670.4677,938.4232,667.1482,182.6606,297.4167,1.6282,0,0,0,0
316,2,0,5,1,1,1,0.9936,0.9902,0.9553,0.922,890.7095,351.8353,785.261,350.2067,905.3363,520.0968,744.9168,519.917,105.4611,160.4197,1.5211,0,0,0,0
317,2,0,0,1,1,1,0.9909,0.979,0.8273,0.7105,1180.6807,337.9157,998.296,348.6322,1235.9875,670.3432,938.5085,666.9558,182.6992,297.4984,1.6284,0,0,0,0
317,2,0,5,1,1,1,0.9936,0.9902,0.9552,0.9224,890.743,351.8189,785.2706,350.1887,905.3168,520.0823,744.8902,520.0308,105.485,160.4267,1.5208,0,0,0,0
318,2,0,0,1,1,1,0.9922,0.9694,0.8874,0.6678,1166.4397,336.2482,993.1125,350.8382,1216.4683,680.1684,940.0449,654.5368,173.9402,277.6092,1.596,0,0,0,0
318,2,0,5,1,1,1,0.9958,0.9864,0.9641,0.8824,885.663,354.4938,781.539,351.5872,898.481,524.4508,743.2912,520.8159,104.1646,155.2323,1.4903,0,0,0,0
319,2,0,0,1,1,1,0.9922,0.9695,0.8873,0.668,1166.391,336.1655,993.2728,350.8223,1216.3966,680.3488,940.0884,654.5763,173.7376,277.5076,1.5973,0,0,0,0
319,2,0,5,1,1,1,0.9958,0.9865,0.9641,0.8824,885.6337,354.4519,781.5251,351.5502,898.5029,524.4315,743.2774,520.7498,104.149,155.2691,1.4908,0,0,0,0
320,2,0,0,1,1,1,0.9921,0.9628,0.8687,0.5946,1152.0553,337.5419,993.9413,347.6824,1184.7285,682.6892,941.2659,649.4678,158.4389,245.7187,1.5509,0,0,0,0
320,2,0,5,1,1,1,0.9961,0.9813,0.9703,0.8623,877.7045,351.7256,777.754,350.8766,893.1246,523.95,739.7555,521.8736,99.9541,153.3832,1.5345,0,0,0,0
321,2,0,0,1,1,1,0.9921,0.9628,0.8685,0.5933,1152.1147,337.6498,993.9611,347.768,1184.6154,682.6396,941.2836,649.4854,158.477,245.58,1.5496,0,0,0,0
321,2,0,5,1,1,1,0.9961,0.9814,0.9703,0.8625,877.6625,351.6929,777.7724,350.854,893.1351,523.9344,739.7956,521.8344,99.8937,153.354,1.5352,0,0,0,0
322,2,0,0,1,1,1,0.9926,0.9618,0.8888,0.6357,1140.653,337.7946,988.6116,350.1202,1170.1807,681.9161,944.799,654.0685,152.5401,227.0956,1.4888,0,0,0,0
322,2,0,5,1,1,1,0.9962,0.9809,0.9764,0.881,862.7955,347.6946,769.2499,350.9798,884.6813,523.1396,734.4828,522.9734,93.6033,150.1986,1.6046,0,0,0,0
323,2,0,0,1,0,1,0.9936,0.9537,0.9239,0.6567,1120.0061,339.8218,976.6279,354.3318,1152.9757,692.5042,941.155,658.0033,144.1106,214.6121,1.4892,0,0,0,0
323,2,0,5,1,1,1,0.9967,0.9777,0.9786,0.8641,849.3165,348.0019,761.8067,349.9309,872.2725,528.8328,728.8664,524.2053,87.531,143.4807,1.6392,0,0,0,0
324,2,0,0,1,0,1,0.9936,0.9537,0.9239,0.6568,1119.9404,339.8655,976.6447,354.377,1152.9583,692.4408,941.166,658.0086,144.0287,214.5729,1.4898,0,0,0,0
324,2,0,5,1,1,1,0.9967,0.9777,0.9786,0.8641,849.31,347.9918,761.7968,349.9339,872.2626,528.851,728.83,524.3053,87.5347,143.5046,1.6394,0,0,0,0
325,2,0,0,1,0,1,0.9942,0.9341,0.939,0.614,1100.0178,340.4724,971.5034,350.1548,1126.2793,701.8412,944.4049,650.655,128.8786,188.94,1.466,0,0,0,0
325,2,0,5,1,1,1,0.9968,0.972,0.9795,0.8372,833.9136,352.3252,750.4141,353.9415,861.9595,532.6378,717.9254,534.2456,83.5151,144.043,1.7248,0,0,0,0
326,2,0,0,1,0,1,0.9942,0.9341,0.9389,0.6139,1100.0408,340.4578,971.509,350.1591,1126.2244,701.8258,944.416,650.6629,128.8973,188.8701,1.4653,0,0,0,0
326,2,0,5,1,1,1,0.9968,0.972,0.9795,0.8372,833.9087,352.3242,750.3974,353.9454,861.9765,532.6132,717.9969,534.1407,83.527,143.9877,1.7238,0,0,0,0
327,2,0,0,1,0,1,0.99,0.9226,0.877,0.5003,1086.244,342.3058,971.6438,344.6803,1078.0378,692.3536,949.9207,648.5696,114.6248,135.3922,1.1812,0,0,0,0
327,2,0,5,1,1,1,0.9963,0.9661,0.9741,0.7907,818.2484,353.6214,733.2658,357.192,839.6665,530.6707,704.5982,537.019,85.0575,135.2175,1.5897,0,0,0,0
328,2,0,0,1,0,1,0.99,0.9225,0.8771,0.5002,1086.3,342.2152,971.6326,344.6789,1078.0121,692.3808,949.9764,648.638,114.6939,135.3018,1.1797,0,0,0,0
328,2,0,5,1,1,1,0.9963,0.966,0.9742,0.7908,818.2276,353.6237,733.2774,357.2069,839.6403,530.7192,704.6474,536.9413,85.0259,135.1361,1.5894,0,0,0,0
329,2,0,0,0,0,1,0.9922,0.912,0.8717,0.3982,1068.8356,337.8782,968.6046,337.8586,1054.1953,704.8347,943.8523,660.7756,100.231,118.8141,1.1854,0,0,0,0
329,2,0,5,1,1,1,0.9968,0.9591,0.9778,0.7618,800.3601,351.6004,719.5355,353.9314,820.4823,533.3054,691.9592,536.8159,80.8582,128.5711,1.5901,0,0,0,0
330,2,0,0,0,0,1,0.9955,0.892,0.9129,0.3531,1055.6647,333.6278,961.9434,332.5809,1041.6973,705.8716,924.4122,673.6678,93.7271,121.626,1.2977,0,0,0,0
330,2,0,5,1,1,1,0.9966,0.9428,0.9844,0.7693,782.2466,350.076,703.7116,348.4428,806.1829,533.9378,682.6988,527.0732,78.552,123.6748,1.5744,0,0,0,0
331,2,0,0,0,0,1,0.9955,0.892,0.9127,0.3528,1055.6478,333.6569,961.9435,332.5976,1041.6733,705.9327,924.3389,673.7896,93.7103,121.6575,1.2982,0,0,0,0
331,2,0,5,1,1,1,0.9966,0.9431,0.9844,0.7703,782.2424,350.0844,703.7064,348.4886,806.1921,533.9314,682.522,527.2322,78.5522,123.8514,1.5767,0,0,0,0
332,2,0,0,0,0,1,0.9934,0.8761,0.8761,0.318,1035.2906,333.6652,952.6536,329.6477,1021.9548,702.4884,909.7046,670.0471,82.7347,116.8441,1.4123,0,0,0,0
332,2,0,5,1,1,1,0.9968,0.9574,0.9793,0.7764,764.4128,350.3454,687.3957,351.4873,790.2902,538.1156,661.2912,535.0928,77.0256,129.0344,1.6752,0,0,0,0
333,2,0,0,0,0,1,0.9934,0.876,0.8757,0.3176,1035.3695,333.6465,952.6232,329.6453,1021.8718,702.5055,909.6418,670.0097,82.843,116.8398,1.4104,0,0,0,0
333,2,0,5,1,1,1,0.9968,0.9575,0.9793,0.7768,764.4318,350.3607,687.3843,351.5092,790.2862,538.1496,661.253,535.186,77.056,129.0674,1.675,0,0,0,0
334,2,0,0,0,0,1,0.9924,0.8532,0.8593,0.2778,1012.3087,330.0658,949.2041,324.0659,991.1909,706.7688,902.5214,681.5485,63.3891,92.1865,1.4543,0,0,0,0
334,2,0,5,1,1,1,0.9967,0.9616,0.9826,0.8301,750.5018,352.1589,670.4638,352.8818,769.6612,537.8676,647.1298,520.1457,80.0413,123.8064,1.5468,0,0,0,0
335,2,0,0,0,0,1,0.9924,0.8523,0.8586,0.2769,1012.3151,329.9864,949.121,324.1702,991.3037,706.9026,902.761,681.4854,63.4612,92.1187,1.4516,0,0,0,0
335,2,0,5,1,1,1,0.9967,0.9616,0.9826,0.8301,750.4945,352.2432,670.3958,352.9196,769.5602,537.8204,647.1186,520.2959,80.1016,123.6894,1.5442,0,0,0,0
336,2,0,0,0,0,1,0.9953,0.8471,0.9062,0.2542,989.7908,325.291,925.3237,318.6109,966.9332,709.3195,880.8442,675.7388,64.8123,92.4066,1.4258,0,0,0,0
336,2,0,5,1,1,1,0.9964,0.9656,0.97,0.7912,736.3968,353.8088,658.8428,354.4427,751.3303,539.9434,631.6258,519.1667,77.5565,121.4942,1.5665,0,0,0,0
337,2,0,5,1,1,1,0.9976,0.9652,0.9827,0.7834,718.072,348.7503,652.4211,348.1834,731.1692,534.5891,619.9197,516.2599,65.6533,112.7493,1.7173,0,0,0,0
337,2,0,0,0,0,1,0.9929,0.8758,0.9179,0.3616,968.5846,323.1064,900.2484,317.5703,946.6378,711.7202,857.6357,673.4724,68.5601,96.8724,1.413,0,0,0,0
338,2,0,5,1,1,1,0.9976,0.9651,0.9828,0.7833,718.1628,348.701,652.5089,348.1332,731.1618,534.5896,619.8903,516.2914,65.6564,112.7659,1.7175,0,0,0,0
338,2,0,0,0,0,1,0.9929,0.8756,0.9178,0.3613,968.5855,323.1094,900.3035,317.5544,946.7528,711.5168,857.585,673.3073,68.5076,97.0097,1.416,0,0,0,0
339,2,0,5,1,1,1,0.997,0.9675,0.9731,0.7764,708.726,352.5544,645.1462,352.3672,715.0528,533.2408,611.5552,511.2258,63.5801,105.8131,1.6642,0,0,0,0
339,2,0,0,0,0,1,0.9938,0.8621,0.8755,0.2778,945.0477,322.0736,889.3865,322.9342,919.5114,701.9348,835.211,671.2696,55.6679,89.7046,1.6114,0,0,0,0
340,2,0,5,1,1,1,0.997,0.9675,0.9731,0.7764,708.7122,352.5789,645.1595,352.3712,715.031,533.2465,611.562,511.2201,63.553,105.7875,1.6646,0,0,0,0
340,2,0,0,0,0,1,0.9938,0.8622,0.8757,0.2781,945.0693,322.0673,889.3345,322.9163,919.4947,701.9224,835.1047,671.2952,55.7412,89.7758,1.6106,0,0,0,0
341,2,0,0,0,0,1,0.9944,0.8506,0.8998,0.2517,914.7053,321.9588,869.0399,322.6131,874.0885,715.2973,814.1768,665.7572,45.6701,77.7408,1.7022,0,0,0,0
341,2,0,5,1,1,1,0.9967,0.9593,0.9699,0.7432,697.0857,352.0684,638.4342,351.828,699.6847,539.5555,602.7584,513.054,58.652,100.4841,1.7132,0,0,0,0
342,2,0,0,0,0,1,0.9945,0.8511,0.9001,0.2522,914.6868,321.9924,869.1011,322.5746,874.083,715.266,814.2554,665.887,45.5893,77.5734,1.7016,0,0,0,0
342,2,0,5,1,1,1,0.9967,0.9593,0.97,0.7432,697.0901,352.0905,638.4386,351.8416,699.6789,539.5338,602.7366,512.9968,58.652,100.5088,1.7136,0,0,0,0
343,2,0,5,1,1,1,0.996,0.9576,0.9679,0.7337,682.6769,353.1628,626.4414,350.5708,690.4577,539.9875,592.287,516.564,56.2952,100.9264,1.7928,0,0,0,0
343,2,0,0,0,0,1,0.9964,0.8792,0.939,0.3396,887.7247,327.3911,839.3396,327.3177,858.0993,712.7178,790.7164,657.456,48.3851,87.1455,1.8011,0,0,0,0
344,2,0,5,1,1,1,0.996,0.9576,0.9679,0.7337,682.6698,353.1692,626.4392,350.5696,690.488,540.0256,592.2856,516.5886,56.2907,100.9605,1.7936,0,0,0,0
344,2,0,0,0,0,1,0.9965,0.8791,0.9391,0.3396,887.6846,327.4064,839.4499,327.2867,858.0685,712.6378,790.7648,657.0572,48.2348,87.2868,1.8096,0,0,0,0
345,2,0,5,1,1,1,0.9955,0.949,0.9674,0.7165,666.9594,351.9434,617.7815,351.0876,674.8736,545.2809,587.3298,519.9113,49.1854,91.1457,1.8531,0,0,0,0
345,2,0,0,0,0,1,0.9961,0.835,0.9325,0.2757,849.3305,330.6496,812.4687,328.9279,822.8741,719.5365,747.1476,637.8045,36.902,111.4209,3.0194,0,0,0,0
346,2,0,0,0,0,1,0.9916,0.7836,0.8599,0.207,823.508,332.6467,776.0659,336.896,796.0852,705.7047,726.7402,611.4671,47.632,117.0019,2.4564,0,0,0,0
346,2,0,5,1,1,1,0.9916,0.9037,0.9488,0.6505,643.5322,352.5869,601.2652,351.8944,651.983,545.4296,575.6662,533.3686,42.2726,77.2639,1.8278,0,0,0,0
347,2,0,0,0,0,1,0.9916,0.7833,0.8596,0.2065,823.4302,332.6797,776.2108,336.8959,796.0075,705.9112,726.7857,611.6434,47.4072,116.9534,2.467,0,0,0,0
347,2,0,5,1,1,1,0.9916,0.9034,0.9487,0.6498,643.5154,352.5886,601.3086,351.891,652.04,545.4192,575.6902,533.3709,42.2127,77.2946,1.8311,0,0,0,0
348,2,0,5,1,1,0,0.9869,0.9057,0.8489,0.4577,633.9433,354.8677,603.3384,350.1922,637.335,558.948,586.0834,542.5086,30.9599,53.8235,1.7385,0,0,0,0
348,2,0,0,0,1,0,0.9919,0.8627,0.853,0.3086,779.7048,328.8938,726.2328,319.7284,761.1308,683.055,681.4122,577.6084,54.2519,132.1895,2.4366,0,0,0,0
349,2,0,5,1,1,0,0.9869,0.9057,0.849,0.4577,633.9278,354.8822,603.3634,350.1894,637.3304,558.9918,586.1151,542.5148,30.9225,53.8005,1.7399,0,0,0,0
349,2,0,0,0,1,0,0.992,0.8627,0.8533,0.3085,779.712,328.8958,726.2,319.7327,761.1325,683.1625,681.3576,577.6686,54.2909,132.2611,2.4362,0,0,0,0
350,2,0,0,0,0,0,0.9948,0.853,0.8679,0.2607,737.47,324.7046,709.0738,314.409,721.4334,698.5844,653.6957,609.5542,30.2051,111.8694,3.7037,0,0,0,0
350,2,0,5,0,1,0,0.9873,0.8083,0.8871,0.3395,609.5888,352.0783,592.8288,347.6141,608.8186,559.1144,567.8064,545.6184,17.3444,43.1758,2.4893,0,0,0,0
351,2,0,0,0,0,0,0.9948,0.8537,0.8686,0.262,737.3138,324.5794,709.2951,314.4521,721.8502,698.3618,653.4906,609.7788,29.7928,111.8926,3.7557,0,0,0,0
351,2,0,5,0,1,0,0.9873,0.8092,0.8868,0.3406,609.5627,352.1664,592.8075,347.7577,608.8091,559.1734,567.6381,545.4756,17.3255,43.3898,2.5044,0,0,0,0
352,2,0,0,1,1,0,0.9767,0.8483,0.8657,0.5571,712.3398,325.1459,664.5182,318.4348,692.3134,657.6083,605.3262,309.6672,48.2903,358.6499,7.427,0,0,0,0
352,2,0,5,0,1,0,0.839,0.6888,0.4682,0.3115,604.9317,360.7622,579.751,361.9716,607.3656,498.1238,581.2644,319.351,25.2098,180.6682,7.1666,0,0,0,0
353,2,0,0,1,1,0,0.9765,0.8485,0.865,0.5582,712.7132,325.156,664.6258,318.5661,692.6319,657.5592,605.681,309.9064,48.5368,358.3614,7.3833,0,0,0,0
353,2,0,5,0,1,0,0.8391,0.6901,0.4685,0.3129,604.9154,360.5272,579.5098,362.0053,607.4796,496.6314,581.4448,319.2166,25.4485,179.3149,7.0462,0,0,0,0
354,1,0,0,1,0,1,0.9943,0.8594,0.9381,0.4286,680.6003,320.4044,625.3618,320.303,653.1411,697.5949,562.9363,581.838,55.2386,146.7534,2.6567,0,0,0,0
355,1,0,0,1,0,1,0.9943,0.8598,0.9371,0.4222,680.7348,320.8571,625.1101,321.2745,653.3772,698.237,561.8495,603.8952,55.6262,131.4446,2.363,0,0,0,0
356,1,0,0,1,1,1,0.9954,0.8723,0.9579,0.4794,652.4463,316.3617,595.6256,302.7805,610.6442,683.5546,543.2866,342.6474,58.4212,347.4978,5.9481,0,0,0,0
357,1,0,0,1,1,1,0.9953,0.8727,0.9581,0.4831,652.6278,316.4391,595.4692,302.8312,610.5998,683.4256,542.5206,336.9666,58.7561,353.0846,6.0093,0,0,0,0
358,1,0,0,0,1,1,0.9955,0.866,0.9184,0.318,613.0793,315.0476,580.3662,312.6869,579.3356,688.5077,506.9905,656.5414,32.7981,79.0927,2.4115,0,0,0,0
359,1,0,0,0,1,1,0.9963,0.8965,0.9415,0.3457,581.476,318.4816,549.7732,322.7164,548.4348,681.9068,489.8996,654.9843,31.9845,64.4296,2.0144,0,0,0,0
360,1,0,0,0,1,1,0.9963,0.8968,0.9415,0.3464,581.5215,318.4988,549.7086,322.7357,548.409,681.9044,489.8327,654.9351,32.0938,64.4866,2.0093,0,0,0,0
361,1,0,0,1,1,1,0.9958,0.9086,0.9211,0.4063,554.5779,317.771,524.1596,313.9454,515.4982,681.2292,458.6556,642.4847,30.658,68.7912,2.2438,0,0,0,0
362,1,0,0,1,1,1,0.9958,0.908,0.9209,0.4045,554.6385,317.6448,524.0076,313.9655,515.3892,681.2728,458.6194,642.804,30.8511,68.5759,2.2228,0,0,0,0
363,1,0,0,0,0,1,0.9959,0.8887,0.9196,0.2889,511.574,322.976,521.5794,317.9026,470.6271,693.6061,448.8592,660.2248,11.2182,39.8516,3.5524,0,0,0,0
364,1,0,0,0,0,1,0.9959,0.8885,0.9196,0.2887,511.6143,322.9851,521.4574,317.9372,470.6583,693.6734,448.822,660.2892,11.062,39.8914,3.6062,0,0,0,0
365,1,0,0,0,0,1,0.994,0.8346,0.8439,0.1926,488.0596,337.3896,478.301,323.7664,445.8866,716.3948,433.458,634.9536,16.7578,82.3841,4.9162,0,0,0,0
366,1,0,0,0,0,1,0.9943,0.8522,0.834,0.1577,447.6442,329.456,452.9276,319.4473,398.2192,710.669,375.595,669.2636,11.3177,47.1832,4.169,0,0,0,0
367,1,0,0,0,0,1,0.9943,0.8524,0.8342,0.1578,447.5978,329.4507,453.0376,319.4478,398.1339,710.7172,375.5967,669.4387,11.3863,47.0302,4.1304,0,0,0,0
368,1,0,0,0,0,1,0.9881,0.8745,0.7068,0.1684,408.5939,339.628,437.5661,319.3974,338.4117,710.99,346.3664,680.6272,35.3365,31.3875,0.8882,0,0,0,0
369,1,0,0,0,0,1,0.9881,0.8746,0.7064,0.1682,408.5127,339.6356,437.8529,319.3779,338.457,710.9339,346.6488,680.5302,35.6542,31.4879,0.8831,0,0,0,0
370,1,0,0,0,0,1,0.9915,0.8557,0.7452,0.1609,372.0299,336.098,406.3096,323.8043,298.0642,720.0,288.7112,671.4796,36.4175,49.4136,1.3569,0,0,0,0
371,1,0,0,0,0,1,0.9915,0.8555,0.7445,0.1602,371.9332,336.0033,406.6168,323.8,298.3128,720.0,289.1269,670.9872,36.7677,49.8661,1.3562,0,0,0,0
372,1,0,0,0,0,1,0.9878,0.8512,0.6957,0.1259,338.9992,327.1418,378.99,321.8605,262.9223,714.8294,269.6902,682.6629,40.338,32.8708,0.8149,0,0,0,0
373,1,0,0,0,0,1,0.9925,0.8837,0.7068,0.1343,299.6366,327.5535,376.802,317.7342,183.5918,720.0,202.6355,697.3012,77.7876,29.6293,0.3809,0,0,0,0
374,1,0,0,0,0,1,0.9925,0.8842,0.7067,0.1348,299.6217,327.6011,376.8652,317.7702,183.5394,720.0,202.5928,697.3392,77.8665,29.6066,0.3802,0,0,0,0
375,1,0,0,0,0,1,0.9967,0.9518,0.8239,0.2276,251.6816,326.1489,385.5892,318.6438,145.4979,720.0,211.8122,687.4405,134.1178,73.8764,0.5508,0,0,0,0
376,1,0,0,0,0,1,0.9967,0.9515,0.8218,0.2258,251.7257,326.1376,385.5306,318.625,145.2284,720.0,210.6795,687.9222,134.0156,72.8892,0.5439,0,0,0,0
377,2,0,0,0,0,0,0.9941,0.9455,0.7653,0.2919,218.9268,324.7389,374.0964,316.7966,113.9844,706.826,332.6221,626.2954,155.3727,232.997,1.4996,0,0,0,0
377,2,0,8,0,1,0,0.8957,0.5325,0.5518,0.1595,405.1975,336.7917,348.676,334.8214,391.3567,551.102,369.8141,526.643,56.5558,32.5934,0.5763,0,0,0,0
378,2,0,0,0,0,0,0.9941,0.9455,0.7686,0.2927,218.9652,324.4936,374.0598,316.7391,114.1388,706.8786,332.0474,626.7118,155.2883,232.1872,1.4952,0,0,0,0
378,2,0,8,0,1,0,0.8956,0.5328,0.5513,0.1597,405.2217,336.7907,348.7478,334.8378,391.22,551.1203,369.7068,526.5684,56.5076,32.6438,0.5777,0,0,0,0
379,3,1,0,1,0,0,0.9942,0.9495,0.821,0.4059,199.234,320.037,354.9663,313.1643,64.8342,703.6324,369.6384,597.1348,155.8839,322.8736,2.0712,0,0,0,0
379,3,1,8,0,1,0,0.9048,0.6761,0.2017,0.0461,390.1826,338.2232,341.7857,336.1108,408.4519,517.6229,390.3204,507.191,48.443,20.9183,0.4318,0,0,0,0
379,3,1,9,0,1,0,0.951,0.5916,0.7253,0.183,394.9556,335.4092,342.892,336.9291,403.7594,545.841,373.149,541.4698,52.0857,30.9209,0.5937,0,0,0,0
380,3,1,0,1,0,0,0.9942,0.9495,0.8207,0.4059,199.175,320.0383,354.9413,313.1871,64.7672,703.7166,369.5806,597.2326,155.9168,322.8778,2.0708,0,0,0,0
380,3,1,8,0,1,0,0.905,0.6763,0.2017,0.0461,390.1041,338.2702,341.9023,336.1503,408.4325,517.7273,390.374,507.2793,48.2484,20.8631,0.4324,0,0,0,0
380,3,1,9,0,1,0,0.951,0.5917,0.7249,0.1827,394.9119,335.4329,342.965,336.9422,403.7158,545.8426,373.1085,541.5144,51.9688,30.9117,0.5948,0,0,0,0
381,2,0,0,0,0,0,0.9921,0.9387,0.7285,0.3263,179.3472,327.011,334.7718,311.3136,31.0038,697.5774,334.6927,601.9472,156.2152,318.3898,2.0381,0,0,0,0
381,2,0,8,0,1,0,0.988,0.826,0.868,0.3102,384.9436,339.2207,333.7182,339.2815,381.3521,555.6061,373.8729,540.1439,51.2255,17.1761,0.3353,0,0,0,0
382,2,0,0,0,0,0,0.9891,0.9439,0.7106,0.3797,161.7316,337.4109,315.813,316.7549,32.2551,692.9139,324.4272,589.7651,155.4599,309.8455,1.9931,0,0,0,0
382,2,0,8,0,1,0,0.9846,0.781,0.8604,0.2765,372.9845,341.4556,309.0937,338.6174,387.6532,552.5918,334.3103,535.9872,63.9538,55.8675,0.8736,0,0,0,0
383,2,0,0,0,0,0,0.9891,0.9439,0.7108,0.3799,161.7688,337.3624,315.7732,316.8153,32.1758,692.8139,324.372,589.7589,155.3691,309.8369,1.9942,0,0,0,0
383,2,0,8,0,1,0,0.9846,0.7809,0.8606,0.2766,372.9846,341.4241,309.0557,338.6249,387.6639,552.5684,334.2782,535.9753,63.9901,55.905,0.8736,0,0,0,0
384,2,0,0,0,0,0,0.9944,0.97,0.7331,0.3951,141.6749,344.241,321.689,321.1548,0.0,695.0273,339.2935,597.9866,181.4883,352.898,1.9445,0,0,0,0
384,2,0,8,0,1,0,0.9821,0.781,0.8589,0.3034,359.8796,342.6743,310.0918,337.1982,388.5942,554.8888,358.2915,545.4394,50.088,31.7418,0.6337,0,0,0,0
385,2,0,0,0,0,0,0.9944,0.97,0.7331,0.3954,141.6699,344.2636,321.7098,321.1053,0.0,695.0982,339.4025,597.9015,181.5232,353.0457,1.9449,0,0,0,0
385,2,0,8,0,1,0,0.9821,0.7813,0.8587,0.3041,359.7846,342.6124,310.06,337.1229,388.6699,554.9096,358.463,545.4334,50.0267,31.6585,0.6328,0,0,0,0
386,2,0,0,1,0,0,0.9925,0.9772,0.7257,0.4724,137.4132,335.7292,319.1315,329.6083,9.9871,684.2138,318.3946,653.4422,181.8214,309.9388,1.7046,0,0,0,0
386,2,0,8,0,1,0,0.9749,0.6995,0.806,0.2179,356.5022,340.2107,288.447,336.3741,377.7548,572.2693,317.6416,562.2975,68.1633,60.9348,0.894,0,0,0,0
387,2,0,0,1,0,0,0.9926,0.9773,0.7254,0.4717,137.4271,335.9118,319.3345,329.8296,9.9309,684.4375,317.8564,653.7911,182.0091,309.4468,1.7002,0,0,0,0
387,2,0,8,0,1,0,0.9742,0.6983,0.8011,0.2171,356.4662,340.0632,288.2594,336.1824,377.6532,572.6533,317.1431,561.8845,68.3172,61.4609,0.8996,0,0,0,0
388,3,1,0,0,0,0,0.9937,0.9782,0.7265,0.3724,112.2381,322.9246,312.0007,330.0311,16.5385,676.8136,319.4471,657.8308,199.889,303.5028,1.5184,0,0,0,0
388,3,1,8,0,1,0,0.8896,0.7284,0.2134,0.0758,343.8724,339.1765,288.183,336.0486,330.1429,451.7814,293.9304,429.8832,55.7772,42.3188,0.7587,0,0,0,0
388,3,1,10,0,1,0,0.9146,0.7339,0.5322,0.2528,345.5427,343.2055,289.7472,339.1078,321.8534,550.7046,305.4674,543.811,55.9457,17.7771,0.3178,0,0,0,0
389,3,1,0,0,0,0,0.9936,0.9782,0.7269,0.3739,112.4136,322.8597,311.8974,329.9919,16.509,676.8986,319.3707,657.562,199.6112,303.4784,1.5203,0,0,0,0
389,3,1,8,0,1,0,0.8896,0.7278,0.2138,0.0759,343.8484,339.3692,288.0577,336.2448,330.304,452.1483,293.8718,430.1144,55.8782,42.577,0.762,0,0,0,0
389,3,1,10,0,1,0,0.9154,0.7324,0.5358,0.2522,345.6366,343.3692,289.4537,339.1856,322.7575,551.957,305.4976,544.49,56.3385,18.8058,0.3338,0,0,0,0
390,3,1,0,1,0,0,0.9886,0.9808,0.6987,0.4842,108.5173,327.6638,300.1942,325.8547,11.6353,661.0376,302.572,654.8864,191.6854,291.0017,1.5181,0,0,0,0
390,3,1,8,0,1,0,0.9114,0.7563,0.1239,0.0365,315.4695,341.9253,308.7498,336.0532,321.7284,470.2226,321.2814,462.0644,8.9239,8.1705,0.9156,0,0,0,0
390,3,1,10,0,1,0,0.9033,0.7067,0.473,0.2134,322.1508,344.9172,307.0238,336.8375,309.5072,564.4022,304.7705,563.5296,17.1496,4.8164,0.2808,0,0,0,0
391,3,1,0,1,0,0,0.9886,0.9808,0.699,0.4842,108.497,327.623,300.1946,325.8665,11.8215,660.689,302.595,654.8937,191.7056,290.8312,1.5171,0,0,0,0
391,3,1,8,0,1,0,0.9113,0.7558,0.1244,0.0367,315.5742,341.8504,308.6029,335.9968,321.8214,470.2807,321.2425,462.1087,9.1029,8.1925,0.9,0,0,0,0
391,3,1,10,0,1,0,0.9031,0.7064,0.473,0.2135,322.2141,344.9031,306.935,336.8236,309.5701,564.386,304.7991,563.5476,17.2838,4.8441,0.2803,0,0,0,0
392,2,0,0,1,0,0,0.9869,0.9782,0.683,0.4642,96.7061,327.2896,295.6836,327.6243,9.4984,655.4064,295.5831,648.0514,198.9778,286.1792,1.4382,0,0,0,0
392,2,0,8,0,1,0,0.9142,0.8484,0.0763,0.0431,293.657,338.0501,323.4086,330.2381,314.0536,470.0653,324.5578,461.5779,30.7601,13.5046,0.439,0,0,0,0
393,3,1,0,1,0,0,0.9851,0.9763,0.6342,0.4087,83.3622,326.8664,294.3593,332.213,3.5183,656.8614,295.6575,661.1849,211.0649,292.1712,1.3843,0,0,0,0
393,3,1,8,0,1,0,0.9199,0.7984,0.1448,0.0577,292.0034,338.0176,308.1512,331.6257,309.3687,444.6743,323.6419,432.9168,17.3668,18.4922,1.0648,0,0,0,0
393,3,1,11,0,1,0,0.9353,0.8674,0.473,0.2818,301.2593,338.5312,300.6209,338.0712,308.1966,554.4079,289.2822,569.3602,0.7868,24.1107,30.6435,0,0,0,0
394,3,1,0,1,0,0,0.9851,0.9764,0.6337,0.4091,83.3508,326.9186,294.3614,332.2181,3.4337,657.0471,295.7214,661.1994,211.0771,292.3172,1.3849,0,0,0,0
394,3,1,8,0,1,0,0.92,0.7977,0.1457,0.0577,292.3229,338.0369,307.8143,331.6985,309.5884,444.726,323.3655,432.9472,16.7379,18.1258,1.0829,0,0,0,0
394,3,1,11,0,1,0,0.9356,0.8673,0.4742,0.2817,301.4332,338.5922,300.3966,338.1404,308.2509,554.4688,289.2101,569.381,1.1307,24.1852,21.3889,0,0,0,0
395,3,1,0,1,0,0,0.9821,0.9834,0.5346,0.4445,69.7229,326.3176,288.4693,330.2501,8.6715,663.0526,295.9159,670.7943,218.7818,287.3487,1.3134,0,0,0,0
395,3,1,11,1,1,0,0.9526,0.9272,0.5382,0.4329,288.3712,344.7234,288.399,339.7156,283.8472,598.5393,285.6214,592.7411,5.0078,6.0636,1.2108,0,0,0,0
395,3,1,8,0,1,0,0.862,0.6713,0.0966,0.0338,297.9822,335.87,291.3601,330.7086,295.5921,415.2255,297.5925,402.1296,8.396,13.2477,1.5779,0,0,0,0
396,3,1,0,1,0,0,0.9821,0.9834,0.5347,0.4443,69.7068,326.3504,288.528,330.2828,8.7021,663.1258,295.9304,670.8768,218.8566,287.3329,1.3129,0,0,0,0
396,3,1,11,1,1,0,0.9525,0.9275,0.5376,0.4336,288.2211,344.7665,288.4959,339.7546,283.7298,598.6888,285.6519,592.844,5.0194,6.1527,1.2258,0,0,0,0
396,3,1,8,0,1,0,0.8615,0.6707,0.0961,0.0336,297.9098,335.9045,291.5114,330.7229,295.5234,415.129,297.7332,402.0698,8.2334,13.2448,1.6087,0,0,0,0
397,3,1,0,1,0,0,0.9782,0.9875,0.4646,0.4904,58.9413,322.6208,278.9391,328.6048,10.3925,633.6242,289.152,659.5666,220.0791,279.9641,1.2721,0,0,0,0
397,3,1,11,1,1,0,0.9435,0.9258,0.5187,0.4577,275.5069,344.3272,279.9124,338.1043,290.7706,591.3657,281.8183,594.3638,7.6244,9.441,1.2383,0,0,0,0
397,3,1,12,0,1,0,0.8594,0.7058,0.0763,0.0332,267.8794,336.9388,299.1632,330.185,267.87,401.3154,304.7972,396.81,32.0046,37.201,1.1624,0,0,0,0
398,3,1,0,1,0,0,0.9781,0.9875,0.4627,0.4888,58.7436,322.6293,278.9856,328.7254,10.2889,633.6066,289.0859,659.4246,220.3263,279.9899,1.2708,0,0,0,0
398,3,1,11,1,1,0,0.9435,0.9255,0.5182,0.4561,275.5517,344.3005,279.9512,338.1014,290.8006,591.1229,281.7791,594.0312,7.6015,9.4787,1.2469,0,0,0,0
398,3,1,12,0,1,0,0.8595,0.7055,0.0764,0.0331,267.8787,336.9249,299.2125,330.1663,267.8028,401.0363,304.7521,396.5906,32.0543,37.2158,1.161,0,0,0,0
399,2,0,0,0,0,0,0.9714,0.9906,0.3452,0.5245,41.7737,326.4576,266.3434,334.5342,24.4019,631.1004,284.0302,645.9952,224.7149,260.0552,1.1573,0,0,0,0
399,2,0,11,1,1,0,0.9189,0.9282,0.4801,0.5225,243.0421,348.0188,278.6605,341.3742,270.8202,587.6956,282.1132,587.1639,36.2329,11.3055,0.312,0,0,0,0
400,2,0,0,0,0,0,0.9713,0.9906,0.3452,0.5246,41.8128,326.4126,266.3066,334.5089,24.4623,631.1934,284.0764,646.2616,224.6398,260.0509,1.1576,0,0,0,0
400,2,0,11,1,1,0,0.9189,0.9286,0.4799,0.5233,242.7724,348.045,278.6902,341.4088,270.4082,587.8151,282.1458,587.4404,36.5257,11.7436,0.3215,0,0,0,0
401,2,0,0,0,0,0,0.9676,0.9907,0.3583,0.5715,40.3758,323.7121,253.4127,334.0002,28.6734,607.7242,289.4888,637.7396,213.2852,262.5369,1.2309,0,0,0,0
401,2,0,11,1,1,0,0.9037,0.9248,0.4877,0.566,240.4659,346.4429,266.8646,340.8469,270.0854,579.5656,289.6125,587.4331,26.9854,21.0524,0.7801,0,0,0,0
402,2,0,0,0,0,0,0.9584,0.9926,0.2574,0.5921,28.2176,324.4908,237.029,335.277,45.9709,598.4358,305.841,638.4852,209.0898,262.938,1.2575,0,0,0,0
402,2,0,11,1,1,0,0.9006,0.8988,0.5184,0.5266,245.262,352.7828,249.7634,345.8001,282.5272,579.9718,290.53,587.235,8.3078,10.8074,1.3009,0,0,0,0
403,2,0,0,0,0,0,0.9583,0.9926,0.2571,0.5921,28.2372,324.4514,236.968,335.2488,45.9686,598.4201,305.9246,638.5196,209.0099,263.0305,1.2585,0,0,0,0
403,2,0,11,1,1,0,0.9005,0.899,0.5183,0.5273,245.1328,352.7762,249.8199,345.7964,282.3638,579.9366,290.5885,587.2244,8.4075,10.989,1.3071,0,0,0,0
404,1,0,0,0,0,1,0.9629,0.9945,0.2242,0.6279,25.4783,323.9277,220.7118,330.1367,67.6074,597.8749,304.3419,637.6131,195.3321,240.0466,1.2289,0,0,0,0
405,1,0,0,0,0,1,0.9628,0.9945,0.224,0.6282,25.4768,323.9392,220.735,330.1318,67.4404,597.9569,304.3169,637.4976,195.3564,240.1539,1.2293,0,0,0,0
406,1,0,0,0,0,1,0.9484,0.9944,0.1873,0.6333,26.0936,320.4086,213.4522,330.3141,119.7773,561.864,303.468,628.2343,187.6202,195.3132,1.041,0,0,0,0
407,1,0,0,0,0,1,0.9485,0.9944,0.1872,0.6341,26.1054,320.35,213.4633,330.3287,120.1798,561.393,303.3548,628.2062,187.6235,194.9797,1.0392,0,0,0,0
408,1,0,0,0,0,1,0.9579,0.9956,0.184,0.6453,29.4107,318.6633,212.5604,326.736,118.6202,566.586,292.4101,632.9522,183.3275,186.0307,1.0147,0,0,0,0
409,1,0,0,0,1,1,0.9708,0.9965,0.2333,0.6959,31.7597,319.0418,208.0447,326.5988,129.054,602.193,284.0606,653.4818,176.4469,163.2716,0.9253,0,0,0,0
410,1,0,0,0,1,1,0.9709,0.9965,0.2338,0.6965,31.7404,319.0246,208.0364,326.5685,128.6914,602.1812,284.0365,653.3058,176.4573,163.5415,0.9268,0,0,0,0
411,1,0,0,0,1,1,0.9623,0.9961,0.2594,0.748,42.4704,316.6815,200.2077,326.1113,151.9724,624.359,277.4738,664.7344,158.0189,131.8362,0.8343,0,0,0,0
412,1,0,0,0,1,1,0.9624,0.9961,0.2591,0.7477,42.4487,316.7126,200.281,326.1765,151.5479,624.6638,277.575,664.9084,158.1157,132.2968,0.8367,0,0,0,0
413,1,0,0,0,1,1,0.965,0.9962,0.3365,0.7802,54.9749,317.3877,199.3223,323.7235,162.514,598.7154,258.0899,659.6148,144.4864,113.3292,0.7844,0,0,0,0
414,1,0,0,0,1,1,0.965,0.9962,0.3366,0.7805,54.9105,317.3104,199.271,323.6943,162.1481,598.8764,258.0737,659.6076,144.5016,113.5341,0.7857,0,0,0,0
415,1,0,0,0,1,1,0.9608,0.9943,0.3719,0.7648,81.5906,313.0872,197.0744,321.1807,238.4528,554.4108,257.2846,673.5882,115.7671,120.6561,1.0422,0,0,0,0
416,1,0,0,0,1,1,0.9608,0.9943,0.3723,0.765,81.6892,313.1038,197.0336,321.1835,238.5319,554.4348,257.2873,673.6441,115.627,120.6757,1.0437,0,0,0,0
417,1,0,0,1,1,1,0.9528,0.9936,0.404,0.7924,105.8392,309.6776,205.3948,319.046,252.9212,547.8054,248.6554,675.6378,99.9954,127.9036,1.2791,0,0,0,0
418,2,0,0,0,1,0,0.926,0.992,0.3046,0.7729,136.7458,322.2916,221.437,325.5208,151.2757,614.4976,241.8705,673.0953,84.7527,107.894,1.273,0,0,0,0
418,2,0,13,0,1,0,0.8463,0.9757,0.3218,0.7694,133.6454,347.3155,77.1082,340.5447,82.7177,574.4064,84.134,593.2554,56.9412,18.9021,0.332,0,0,0,0
419,2,0,0,0,1,0,0.9256,0.992,0.3047,0.7735,137.1105,322.3708,221.2692,325.4968,151.541,614.536,241.8225,672.9779,84.2168,107.5463,1.277,0,0,0,0
419,2,0,13,0,1,0,0.8464,0.9758,0.3215,0.77,134.3087,347.4827,77.0593,340.6341,83.1044,574.437,84.3646,593.2082,57.6576,18.8134,0.3263,0,0,0,0
420,2,0,0,0,0,0,0.9119,0.9911,0.3076,0.8047,190.3415,327.796,233.4113,329.3032,225.9415,660.2031,248.546,699.7854,43.0962,45.582,1.0577,0,0,0,0
420,2,0,13,0,1,0,0.8944,0.9869,0.3241,0.8136,193.2555,345.8596,77.6212,341.516,139.2668,563.2132,47.065,575.826,115.7158,93.0605,0.8042,0,0,0,0
421,2,0,0,0,0,0,0.9118,0.9911,0.3075,0.8047,190.2992,327.7912,233.4256,329.3069,225.9604,660.1399,248.5574,699.7636,43.1531,45.6144,1.057,0,0,0,0
421,2,0,13,0,1,0,0.8945,0.9869,0.3242,0.8135,193.2604,345.8078,77.6459,341.4659,139.3333,563.1992,47.0952,575.8404,115.6959,93.1003,0.8047,0,0,0,0
422,2,0,0,0,1,0,0.9177,0.9884,0.3103,0.76,234.3246,328.3894,243.8128,327.6384,291.405,645.4977,249.9787,675.2298,9.518,50.9914,5.3574,0,0,0,0
422,2,0,13,1,1,0,0.9064,0.9849,0.4509,0.8335,182.4735,347.6996,70.2742,345.3714,138.4336,533.3252,49.7847,560.649,112.2234,92.7643,0.8266,0,0,0,0
423,2,0,0,0,1,0,0.9175,0.9884,0.3103,0.7601,234.6328,328.4517,243.603,327.6474,291.4468,645.9893,249.655,675.9032,9.0062,51.3945,5.7066,0,0,0,0
423,2,0,13,1,1,0,0.9072,0.985,0.4536,0.8345,182.6252,347.7155,70.1997,345.5643,138.7383,533.0636,49.9174,560.6827,112.4461,93.016,0.8272,0,0,0,0
424,2,0,0,0,1,0,0.9004,0.9868,0.3042,0.7651,259.6416,324.8703,261.8495,324.2232,299.8826,629.5708,280.9739,653.0022,2.3008,30.1092,13.0867,0,0,0,0
424,2,0,13,1,1,0,0.9544,0.9895,0.5603,0.8633,184.3846,348.3931,67.8854,346.6376,193.8432,522.4252,44.8133,584.8759,116.5124,161.5859,1.3869,0,0,0,0
425,2,0,0,0,1,0,0.9,0.9868,0.3024,0.7638,259.8747,324.8511,261.787,324.2059,300.0878,630.0175,280.8464,653.3034,2.0183,30.2071,14.9669,0,0,0,0
425,2,0,13,1,1,0,0.9544,0.9895,0.5603,0.8632,184.254,348.3122,67.7986,346.6149,193.3616,522.4954,44.7119,585.045,116.4677,161.2736,1.3847,0,0,0,0
426,2,0,13,1,1,0,0.9537,0.9903,0.5504,0.8629,188.7782,346.5586,64.9019,345.2072,195.7448,511.6569,44.7075,586.0366,123.8837,168.3586,1.359,0,0,0,0
426,2,0,0,0,1,0,0.9032,0.9857,0.34,0.7803,282.9286,322.5829,282.248,323.6416,326.05,633.5172,295.7185,669.878,1.2585,47.3508,37.6235,0,0,0,0
427,2,0,13,1,1,0,0.9537,0.9903,0.5503,0.8628,188.7906,346.607,64.8442,345.282,195.7402,511.6433,44.6163,586.1439,123.9534,168.4897,1.3593,0,0,0,0
427,2,0,0,0,1,0,0.9029,0.9857,0.3406,0.781,282.9042,322.4426,282.445,323.61,325.8786,633.444,295.8064,669.7456,1.2545,47.1396,37.5766,0,0,0,0
428,2,0,0,0,1,1,0.9048,0.99,0.3096,0.8216,295.4528,323.4594,297.9035,319.0802,347.9822,634.108,331.0298,648.2945,5.0184,22.1051,4.4048,0,0,0,0
428,2,0,13,1,1,1,0.9642,0.9921,0.6345,0.8936,191.7411,346.6538,59.3351,342.0364,192.6377,527.8437,40.4077,586.0022,132.4865,162.9613,1.23,0,0,0,0
429,2,0,0,0,1,1,0.9048,0.99,0.3103,0.8219,295.6918,323.4891,297.8013,319.0734,348.0279,633.7676,330.8806,648.1895,4.8937,22.4058,4.5785,0,0,0,0
429,2,0,13,1,1,1,0.9643,0.9921,0.635,0.8937,191.7152,346.7078,59.2849,342.0295,192.6006,527.8537,40.4021,586.0346,132.5129,162.9398,1.2296,0,0,0,0
430,2,0,13,1,1,1,0.9648,0.9953,0.734,0.9477,193.5004,347.1342,62.3096,343.9508,187.392,544.4894,45.4035,565.6668,131.2294,143.559,1.094,0,0,0,0
430,2,0,0,0,1,1,0.9172,0.9884,0.3885,0.817,324.7548,329.968,322.6314,328.0326,375.4374,631.2316,362.4531,654.1769,2.8731,26.3643,9.1762,0,0,0,0
431,2,0,13,1,1,1,0.9789,0.9937,0.8131,0.9348,197.4694,346.3228,63.1951,346.3199,233.553,530.0609,49.9452,566.2878,134.2743,187.1475,1.3938,0,0,0,0
431,2,0,0,1,1,1,0.8977,0.9824,0.4465,0.8197,338.4797,320.0635,343.309,323.1452,367.0855,591.5494,386.8537,638.3015,5.7289,50.7597,8.8603,0,0,0,0
432,2,0,13,1,1,1,0.9788,0.9936,0.8127,0.9347,197.4588,346.3326,63.1652,346.2994,233.4794,530.0497,49.9795,566.3158,134.2936,187.0494,1.3928,0,0,0,0
432,2,0,0,1,1,1,0.8979,0.9825,0.4476,0.8202,338.1128,319.8545,343.4163,323.0866,366.5995,590.6591,386.8144,638.1718,6.2108,51.6343,8.3136,0,0,0,0
433,2,0,13,1,1,1,0.9796,0.9936,0.823,0.9372,201.0704,347.0912,69.8639,348.2602,237.1232,535.0879,54.1004,566.3606,131.2117,185.6754,1.4151,0,0,0,0
433,2,0,0,1,1,1,0.9102,0.9862,0.4808,0.8407,355.496,316.53,366.1355,324.0536,389.8461,584.2983,415.6394,642.0907,13.0309,63.2871,4.8567,0,0,0,0
434,2,0,13,1,1,1,0.9796,0.9936,0.8231,0.9372,201.0733,347.0862,69.8391,348.2426,237.0382,535.1085,54.1173,566.3661,131.2392,185.5723,1.414,0,0,0,0
434,2,0,0,1,1,1,0.9104,0.9862,0.4814,0.8407,355.1754,316.5036,366.2634,324.1063,389.4927,584.1743,415.9986,642.6288,13.4441,64.1833,4.7741,0,0,0,0
435,2,0,13,1,1,1,0.9803,0.9944,0.8312,0.9432,205.2963,347.5516,81.1912,346.053,237.0758,536.8094,64.1521,564.1861,124.1141,175.0775,1.4106,0,0,0,0
435,2,0,0,1,1,1,0.8958,0.9807,0.5301,0.8525,389.3831,320.5797,389.7928,328.1107,440.1303,576.9098,446.4178,652.5108,7.5421,75.862,10.0584,0,0,0,0
436,2,0,13,1,1,1,0.9803,0.9944,0.8316,0.9434,205.3078,347.4933,81.2885,346.0146,237.0287,536.664,64.1107,564.0584,124.0281,175.0745,1.4116,0,0,0,0
436,2,0,0,1,1,1,0.8957,0.9807,0.5282,0.8517,388.6315,320.51,389.9874,328.214,439.7342,577.0568,446.515,652.5237,7.8224,75.7709,9.6864,0,0,0,0
437,2,0,13,1,1,1,0.982,0.9938,0.8343,0.9418,210.3041,344.4675,83.6396,341.8391,242.1335,533.975,67.0973,566.9306,126.6918,178.1116,1.4059,0,0,0,0
437,2,0,0,1,1,1,0.877,0.9903,0.4991,0.9063,420.6152,329.5218,408.6682,330.0262,451.6746,566.2848,453.4098,653.9314,11.9576,87.6638,7.3312,0,0,0,0
438,2,0,13,1,1,1,0.9798,0.994,0.8163,0.9427,216.3197,346.4702,87.7677,343.4503,248.0686,530.6556,76.1839,563.001,128.5875,174.9016,1.3602,0,0,0,0
438,2,0,0,1,1,1,0.9183,0.9895,0.4731,0.873,450.6852,333.8304,429.6654,336.3902,495.439,599.4288,476.3661,661.183,21.1752,64.6325,3.0523,0,0,0,0
439,2,0,13,1,1,1,0.9798,0.9941,0.8163,0.9428,216.3421,346.4895,87.763,343.4401,248.0484,530.6738,76.1903,563.0048,128.6152,174.8729,1.3597,0,0,0,0
439,2,0,0,1,1,1,0.9184,0.9895,0.4737,0.8732,450.7106,333.8206,429.6601,336.3918,495.4246,599.435,476.367,661.0508,21.207,64.4956,3.0412,0,0,0,0
440,2,0,13,1,1,1,0.9772,0.9951,0.8097,0.9487,223.9731,351.0362,97.6195,345.9751,253.8491,530.7796,84.0683,557.4606,126.455,171.8645,1.3591,0,0,0,0
440,2,0,0,0,1,1,0.8632,0.9879,0.3628,0.856,471.8122,331.2066,468.1056,338.8464,516.6421,595.9072,494.6816,652.4095,8.4916,60.6199,7.1388,0,0,0,0
441,2,0,13,1,1,1,0.9773,0.9951,0.8101,0.949,223.9616,351.0189,97.6311,345.953,253.839,530.775,84.0345,557.5592,126.4321,171.9039,1.3597,0,0,0,0
441,2,0,0,0,1,1,0.8633,0.9879,0.3628,0.8561,471.9032,331.2219,468.0868,338.8663,516.7403,595.8166,494.6534,652.3506,8.5441,60.6953,7.1038,0,0,0,0
442,2,0,13,1,1,1,0.968,0.9928,0.8294,0.9499,231.6769,348.5464,106.7062,345.4083,261.6428,538.0888,91.6467,561.7466,125.0101,171.6344,1.373,0,0,0,0
442,2,0,0,1,1,1,0.9112,0.9871,0.4299,0.8372,501.2755,322.0917,490.8498,328.6403,535.4196,616.1738,504.4126,652.2992,12.3118,47.6075,3.8668,0,0,0,0
443,2,0,13,1,1,1,0.968,0.9928,0.8289,0.95,231.7118,348.5514,106.7074,345.4726,261.6561,538.1314,91.6717,561.7301,125.0423,171.6147,1.3725,0,0,0,0
443,2,0,0,1,1,1,0.9109,0.9871,0.4278,0.8362,501.4254,322.1279,490.7784,328.6212,535.373,616.3646,504.1517,652.2827,12.4707,47.5908,3.8162,0,0,0,0
444,2,0,13,1,1,1,0.973,0.993,0.8135,0.9441,239.7499,347.3845,117.3162,345.275,266.8624,539.6013,97.3322,560.711,122.4519,170.8394,1.3952,0,0,0,0
444,2,0,0,0,1,1,0.8735,0.9891,0.357,0.863,526.586,327.3726,513.8358,331.2452,556.8972,603.3905,524.0938,636.3746,13.3253,46.5189,3.491,0,0,0,0
445,2,0,13,1,1,1,0.9735,0.9937,0.8094,0.9467,242.8182,346.3076,122.9554,344.1995,276.1347,532.9618,101.8421,561.8404,119.8813,176.6689,1.4737,0,0,0,0
445,2,0,0,1,1,1,0.8453,0.9898,0.4123,0.9093,558.3692,323.1245,532.8971,324.4638,596.8452,594.0562,541.7678,639.5259,25.5073,71.4213,2.8,0,0,0,0
446,2,0,13,1,1,1,0.9735,0.9937,0.8092,0.9468,242.8314,346.3351,123.0056,344.2618,276.135,532.9938,101.7513,561.8184,119.8437,176.7499,1.4748,0,0,0,0
446,2,0,0,1,1,1,0.8449,0.9898,0.4124,0.9093,558.229,323.0244,532.9555,324.4696,596.614,593.562,541.8388,639.7038,25.3148,71.6198,2.8292,0,0,0,0
447,2,0,13,1,1,1,0.9744,0.9943,0.8085,0.9485,248.8438,348.7126,129.1034,343.3194,282.7674,532.5037,107.2813,561.2376,119.8618,177.823,1.4836,0,0,0,0
447,2,0,0,1,1,1,0.9179,0.9883,0.4545,0.8544,573.8002,321.7855,556.73,325.7731,603.6609,598.0384,561.1904,642.3106,17.5297,61.3497,3.4997,0,0,0,0
448,2,0,13,1,1,1,0.9743,0.9943,0.8081,0.9483,248.8686,348.7284,129.1445,343.3019,282.7798,532.4748,107.216,561.1414,119.847,177.8888,1.4843,0,0,0,0
448,2,0,0,1,1,1,0.9179,0.9883,0.4542,0.8544,573.801,321.8274,556.761,325.7358,603.7336,598.3268,561.1595,642.252,17.4825,61.1718,3.499,0,0,0,0
449,2,0,13,1,1,1,0.9731,0.9945,0.8001,0.9497,252.9632,345.544,135.7951,341.6383,284.6685,534.1946,112.7138,559.9788,117.2332,173.8771,1.4832,0,0,0,0
449,2,0,0,1,1,1,0.9074,0.9828,0.4729,0.8392,599.6318,323.9259,576.0744,333.4422,622.1453,579.8542,580.995,632.8241,25.4069,67.0758,2.6401,0,0,0,0
450,2,0,13,1,1,1,0.9731,0.9945,0.8001,0.9497,252.9638,345.5486,135.8102,341.6277,284.669,534.2038,112.7075,560.015,117.2192,173.8879,1.4834,0,0,0,0
450,2,0,0,1,1,1,0.907,0.9827,0.4724,0.839,599.7638,323.9698,576.1082,333.4372,622.1194,579.9125,580.9546,632.8206,25.4799,67.0359,2.6309,0,0,0,0
451,2,0,13,1,1,1,0.9718,0.9943,0.7882,0.9449,258.3343,346.6387,142.4079,341.6299,288.1572,537.6016,117.2367,564.386,116.0346,173.0064,1.491,0,0,0,0
451,2,0,0,1,1,1,0.9145,0.9856,0.5424,0.8767,618.4442,325.4181,601.0794,329.4104,651.8884,582.5568,602.2956,632.474,17.8179,70.3647,3.9491,0,0,0,0
452,2,0,13,1,1,1,0.9718,0.9943,0.7881,0.9449,258.3061,346.6122,142.4143,341.6098,288.1362,537.6138,117.2401,564.4262,115.9998,172.9867,1.4913,0,0,0,0
452,2,0,0,1,1,1,0.9142,0.9856,0.5413,0.8763,618.3942,325.419,601.0894,329.415,651.8258,582.6551,602.308,632.497,17.7602,70.2583,3.9559,0,0,0,0
453,2,0,13,1,1,1,0.9798,0.9934,0.8305,0.9409,261.4579,346.2461,148.9206,342.9804,290.2276,538.8274,117.3018,562.0396,112.5847,174.4767,1.5497,0,0,0,0
453,2,0,0,1,1,1,0.903,0.9924,0.4016,0.8881,638.245,327.8996,622.5116,332.6562,681.046,585.8046,623.3839,636.8746,16.4367,77.0263,4.6862,0,0,0,0
454,2,0,13,1,1,1,0.9759,0.9954,0.7667,0.9433,263.3897,352.1097,152.6217,344.8351,293.5592,541.084,123.8763,565.8194,111.0066,171.4764,1.5447,0,0,0,0
454,2,0,0,0,1,1,0.8716,0.9911,0.3826,0.8894,658.8684,326.959,654.5106,334.7891,710.5504,575.1864,644.0272,634.6574,8.9611,89.2309,9.9576,0,0,0,0
455,2,0,13,1,1,1,0.9759,0.9954,0.7667,0.9433,263.3811,352.0972,152.6171,344.8302,293.5567,541.0678,123.868,565.8222,111.0022,171.4847,1.5449,0,0,0,0
455,2,0,0,0,1,1,0.872,0.9911,0.383,0.8896,658.7688,327.0209,654.5564,334.7893,710.5664,575.8052,644.037,634.6452,8.837,88.816,10.0505,0,0,0,0
456,2,0,13,1,1,1,0.9573,0.9931,0.7936,0.9486,271.1992,349.2883,164.3566,344.2316,295.8334,540.169,129.61,565.0232,106.9622,168.0713,1.5713,0,0,0,0
456,2,0,0,1,1,1,0.926,0.9876,0.5609,0.8771,692.6261,331.344,671.9986,340.0778,738.7248,590.8346,665.2764,653.1036,22.4003,96.2918,4.2987,0,0,0,0
457,2,0,13,1,1,1,0.9573,0.9931,0.7937,0.9486,271.2089,349.276,164.3655,344.2192,295.8467,540.1682,129.5994,564.9964,106.963,168.0911,1.5715,0,0,0,0
457,2,0,0,1,1,1,0.9262,0.9876,0.562,0.8775,692.6866,331.305,671.9974,340.0867,738.8542,590.4105,665.2594,652.9745,22.4758,96.5942,4.2977,0,0,0,0
458,2,0,13,1,1,1,0.9745,0.9934,0.8027,0.9403,275.9638,351.4417,170.0763,345.5092,304.8689,544.8584,134.3887,568.755,106.0535,172.1468,1.6232,0,0,0,0
458,2,0,0,0,1,1,0.9109,0.9927,0.3813,0.8696,717.0294,334.7382,697.9774,346.0079,770.9202,610.0188,701.0368,671.1108,22.1357,92.8219,4.1933,0,0,0,0
459,2,0,13,1,1,1,0.9745,0.9934,0.8022,0.94,276.009,351.4797,170.0575,345.5325,304.8944,544.9966,134.3715,568.8514,106.1182,172.1834,1.6226,0,0,0,0
459,2,0,0,0,1,1,0.9108,0.9927,0.3795,0.8691,716.91,334.7954,697.9511,345.9658,770.3834,610.7634,700.9314,670.9246,22.005,91.8855,4.1757,0,0,0,0
460,2,0,13,1,1,1,0.9746,0.9942,0.8002,0.9449,281.4732,350.8854,178.492,344.3569,309.3451,543.3396,141.773,567.6931,103.1878,169.3325,1.641,0,0,0,0
460,2,0,0,0,1,1,0.8927,0.9801,0.3609,0.7601,736.8676,327.9864,732.0118,337.209,762.6018,614.6192,725.4526,665.466,10.4229,62.9719,6.0417,0,0,0,0
461,2,0,13,1,1,1,0.9746,0.9942,0.8002,0.945,281.4384,350.8598,178.4257,344.3076,309.3771,543.345,141.763,567.7384,103.2209,169.3798,1.6409,0,0,0,0
461,2,0,0,0,1,1,0.8925,0.9801,0.3592,0.7592,736.6224,327.8644,732.0714,337.1706,762.6488,614.7712,725.4839,665.4682,10.3595,62.8604,6.0679,0,0,0,0
462,2,0,13,1,1,1,0.9695,0.9955,0.7425,0.9478,289.2102,360.5889,188.3309,351.1127,316.2882,542.9851,151.4281,570.2875,101.3234,167.1055,1.6492,0,0,0,0
462,2,0,0,0,1,1,0.8999,0.9849,0.3759,0.7951,762.1703,319.8727,754.7984,333.5296,789.4982,606.9223,760.229,660.7118,15.5195,61.2371,3.9458,0,0,0,0
463,2,0,13,1,1,1,0.9695,0.9955,0.7425,0.9478,289.2291,360.6124,188.2524,351.1707,316.3213,542.9972,151.507,570.3312,101.4171,167.0656,1.6473,0,0,0,0
463,2,0,0,0,1,1,0.8997,0.9849,0.3761,0.7951,762.3068,319.9178,754.7328,333.5081,789.5322,606.9442,760.0467,660.6599,15.5583,61.2761,3.9385,0,0,0,0
464,2,0,13,1,1,1,0.9699,0.9941,0.7697,0.9411,297.2524,355.961,199.8319,352.4684,321.322,544.069,163.2645,575.5039,97.4831,161.1531,1.6531,0,0,0,0
464,2,0,0,0,1,1,0.8754,0.9902,0.3168,0.8549,785.2978,322.2863,779.421,326.6516,819.769,602.4286,800.736,651.5266,7.3207,52.6579,7.193,0,0,0,0
465,2,0,13,1,1,1,0.9699,0.9941,0.7698,0.9411,297.263,355.9359,199.8292,352.4451,321.2444,543.9256,163.2335,575.5298,97.4964,161.1406,1.6528,0,0,0,0
465,2,0,0,0,1,1,0.8755,0.9902,0.317,0.8549,785.2422,322.3269,779.488,326.6889,820.0314,602.6828,800.8064,651.6402,7.2206,52.5967,7.2842,0,0,0,0
466,2,0,13,1,1,1,0.9601,0.9948,0.7461,0.9508,303.7897,353.7058,213.1095,352.2367,325.8908,543.2588,181.878,578.5628,90.692,148.277,1.635,0,0,0,0
466,2,0,0,0,1,1,0.876,0.9921,0.3902,0.8999,802.243,327.8168,801.1273,327.0588,857.461,612.9754,826.6976,672.3155,1.3488,66.8403,49.5567,0,0,0,0
467,2,0,13,1,1,1,0.9707,0.9942,0.7305,0.9316,311.5947,353.6884,219.5794,351.9909,333.7245,539.5246,198.0227,586.1278,92.031,143.4811,1.5591,0,0,0,0
467,2,0,0,0,1,1,0.9163,0.9929,0.3825,0.8805,822.9598,327.0762,826.5656,330.4241,883.7665,622.9102,866.8867,649.2819,4.9205,31.3113,6.3635,0,0,0,0
468,2,0,13,1,1,1,0.9707,0.9942,0.7302,0.9316,311.6213,353.7116,219.6342,351.9596,333.7427,539.54,198.0358,586.0586,92.0038,143.4585,1.5593,0,0,0,0
468,2,0,0,0,1,1,0.9171,0.9929,0.3867,0.8818,823.3217,327.1578,826.405,330.3238,885.7892,622.2088,866.7717,648.7124,4.4192,32.6207,7.3815,0,0,0,0
469,2,0,13,1,1,1,0.9559,0.9933,0.7451,0.9502,319.3052,353.7178,231.3858,350.0951,337.6195,543.8472,224.7505,578.5194,87.994,118.0745,1.3418,0,0,0,0
469,2,0,0,1,1,1,0.8694,0.9898,0.4806,0.9104,848.3004,328.392,846.6504,326.6278,902.5972,602.264,896.1367,647.7464,2.4156,45.9388,19.0177,0,0,0,0
470,2,0,13,1,1,1,0.9559,0.9933,0.7451,0.9502,319.3192,353.6962,231.3674,350.0707,337.6029,543.8508,224.7792,578.537,88.0264,118.0352,1.3409,0,0,0,0
470,2,0,0,0,1,1,0.9138,0.9834,0.3989,0.7871,846.8782,324.185,849.8191,328.5723,896.0787,610.6092,895.8051,642.7552,5.2817,32.147,6.0865,0,0,0,0
471,2,0,13,1,1,1,0.9432,0.9919,0.6848,0.9388,324.5676,349.5868,248.4524,346.4186,337.5205,557.4848,252.1235,579.6882,76.1811,88.2363,1.1582,0,0,0,0
471,2,0,0,1,1,1,0.8877,0.9928,0.4124,0.9029,866.7111,334.4391,868.2671,331.1574,915.6554,604.8618,917.8383,644.6822,3.6319,39.8802,10.9805,0,0,0,0
472,2,0,13,1,1,1,0.9431,0.9919,0.6844,0.9387,324.6376,349.6379,248.4521,346.439,337.2708,557.6198,252.0412,579.5225,76.2526,87.9989,1.154,0,0,0,0
472,2,0,0,1,1,1,0.8877,0.9928,0.413,0.9031,867.0284,334.4468,868.1866,331.1295,916.1105,604.8508,917.769,644.6474,3.5136,39.8311,11.3361,0,0,0,0
473,2,0,0,1,1,1,0.8834,0.9884,0.528,0.9037,895.0236,334.6929,890.2339,337.3506,940.7884,601.296,943.5194,653.0948,5.4777,51.8707,9.4695,0,0,0,0
473,2,0,13,1,1,1,0.9042,0.9826,0.5374,0.8809,334.2287,342.7098,266.6836,341.7114,339.6856,564.958,266.2956,579.8315,67.5524,74.882,1.1085,0,0,0,0
474,2,0,0,1,1,1,0.8736,0.9903,0.5537,0.9312,933.3404,343.6998,907.8689,340.442,994.7453,604.6811,959.6212,659.8076,25.679,65.3654,2.5455,0,0,0,0
474,2,0,13,1,1,1,0.9073,0.9829,0.5028,0.8612,332.6964,336.7366,290.8916,343.2349,342.517,568.7723,299.7576,577.1518,42.3069,43.5728,1.0299,0,0,0,0
475,2,0,0,1,1,1,0.8735,0.9903,0.5537,0.9312,933.3419,343.5813,907.8902,340.4804,994.7228,604.6468,959.6982,659.9547,25.6399,65.4651,2.5532,0,0,0,0
475,2,0,13,1,1,1,0.9075,0.9829,0.5049,0.8625,333.076,337.0079,290.7467,343.3919,342.8349,568.8659,299.7102,577.1414,42.808,43.9116,1.0258,0,0,0,0
476,2,0,13,1,1,1,0.8715,0.9862,0.5975,0.9282,349.9292,339.3914,308.5536,345.3099,360.602,555.6563,333.1706,573.9413,41.7967,32.967,0.7887,0,0,0,0
476,2,0,0,1,1,1,0.9135,0.9913,0.4616,0.8876,947.0386,337.6349,935.5809,339.915,997.5857,619.673,970.8193,662.9253,11.6823,50.8645,4.354,0,0,0,0
477,2,0,13,1,1,1,0.8714,0.9862,0.5975,0.9282,349.9386,339.3762,308.5525,345.3019,360.5647,555.6353,333.1741,573.959,41.8081,32.9545,0.7882,0,0,0,0
477,2,0,0,1,1,1,0.9135,0.9913,0.4616,0.8876,947.0401,337.6445,935.5735,339.923,997.5754,619.6717,970.8034,662.8917,11.6908,50.84,4.3487,0,0,0,0
478,2,0,0,0,1,1,0.9057,0.9927,0.3729,0.8765,962.6198,339.2018,956.8135,345.8702,1022.8405,600.1056,984.577,661.9036,8.842,72.6848,8.2204,0,0,0,0
478,2,0,13,1,1,1,0.9214,0.9936,0.5377,0.9231,343.9762,336.6472,341.1429,341.9446,379.5795,558.5776,359.886,572.5579,6.0075,24.1513,4.0202,0,0,0,0
479,2,0,0,0,1,1,0.9056,0.9927,0.3728,0.8763,962.7355,339.191,956.7804,345.9186,1023.0472,599.6825,984.5004,661.8736,8.9846,73.1682,8.1437,0,0,0,0
479,2,0,13,1,1,1,0.9214,0.9936,0.5379,0.9232,344.0245,336.5868,341.1241,341.9079,379.6712,558.4391,359.7214,572.576,6.0602,24.4509,4.0347,0,0,0,0
480,2,0,0,1,1,1,0.8805,0.9918,0.4352,0.9057,999.6616,338.2103,968.0156,338.229,1039.1984,609.7566,982.5841,667.0929,31.6459,80.5768,2.5462,0,0,0,0
480,2,0,13,1,1,1,0.9171,0.9852,0.5604,0.8889,370.7027,335.4357,354.9638,343.7071,401.3064,565.6134,390.2916,572.5974,17.78,13.0423,0.7335,0,0,0,0
481,2,0,0,1,1,1,0.8998,0.9935,0.4874,0.9208,1032.4296,339.31,976.2106,341.2424,1054.8718,597.2366,988.832,663.7128,56.2522,93.7035,1.6658,0,0,0,0
481,2,0,13,1,1,1,0.9244,0.987,0.6194,0.9077,399.6338,340.4734,371.3492,347.0515,427.1602,563.2993,413.5995,577.0666,29.0395,19.3243,0.6654,0,0,0,0
482,2,0,0,1,1,1,0.8995,0.9935,0.4874,0.9208,1032.3368,339.421,976.2464,341.2108,1055.1262,597.0304,988.7966,663.6309,56.1189,93.9961,1.6749,0,0,0,0
482,2,0,13,1,1,1,0.9242,0.987,0.6185,0.9075,399.6987,340.5021,371.3909,347.043,427.1804,563.2044,413.5706,577.0678,29.0536,19.4273,0.6687,0,0,0,0
483,2,0,0,1,1,1,0.9228,0.9888,0.4958,0.865,1055.7845,346.0806,981.9734,346.4913,1076.6809,625.8344,991.4373,667.1256,73.8123,94.7177,1.2832,0,0,0,0
483,2,0,13,1,1,1,0.9067,0.9917,0.6234,0.9431,424.1916,346.9676,400.328,353.2667,451.6449,558.4766,430.9788,578.4306,24.6809,28.7272,1.1639,0,0,0,0
484,2,0,0,1,1,1,0.9226,0.9888,0.4952,0.8648,1055.8789,346.0678,981.8936,346.4306,1076.936,626.1989,991.4132,667.1966,73.9862,94.8418,1.2819,0,0,0,0
484,2,0,13,1,1,1,0.9073,0.9918,0.6213,0.9426,423.8667,346.9502,400.5532,353.2504,451.7013,558.5632,431.0162,578.4441,24.1498,28.69,1.188,0,0,0,0
485,2,0,0,1,1,1,0.9245,0.9923,0.4565,0.8862,1072.1794,354.3322,998.8772,346.6546,1104.5,614.8424,1002.3056,653.4992,73.7032,109.2614,1.4825,0,0,0,0
485,2,0,13,1,1,1,0.9253,0.9917,0.5535,0.917,451.0164,346.0896,426.4678,354.0946,490.619,561.2499,458.2311,584.7124,25.8208,39.9934,1.5489,0,0,0,0
486,2,0,0,1,1,1,0.9244,0.9923,0.4564,0.886,1072.3209,354.3686,998.8003,346.6613,1104.413,614.9972,1002.2545,653.5626,73.9235,109.1954,1.4771,0,0,0,0
486,2,0,13,1,1,1,0.9252,0.9917,0.5532,0.9168,450.9698,346.0978,426.516,354.1184,490.6232,561.2478,458.2447,584.7432,25.7356,40.005,1.5545,0,0,0,0
487,2,0,0,1,1,1,0.9404,0.9923,0.5511,0.893,1092.6288,352.6028,1005.7715,345.2468,1139.4248,601.0555,1007.5903,641.1756,87.1682,137.8041,1.5809,0,0,0,0
487,2,0,13,1,1,1,0.932,0.9936,0.6249,0.9395,473.3042,348.2681,447.4749,354.0629,520.9834,560.4333,470.534,585.5974,26.4713,56.3771,2.1297,0,0,0,0
488,2,0,0,1,1,1,0.9404,0.9923,0.5507,0.893,1092.6823,352.6689,1005.7372,345.2313,1139.5381,601.3264,1007.5489,641.1728,87.2625,137.8727,1.58,0,0,0,0
488,2,0,13,1,1,1,0.9321,0.9936,0.6249,0.9395,473.2565,348.2407,447.5062,354.0632,520.9591,560.4284,470.5634,585.6004,26.4004,56.3325,2.1338,0,0,0,0
489,2,0,0,1,1,1,0.9421,0.9931,0.6006,0.9085,1116.0118,356.5155,1012.7123,349.9383,1147.7705,614.6663,1007.4145,652.2188,103.5087,145.2928,1.4037,0,0,0,0
489,2,0,13,0,1,1,0.87,0.9843,0.3741,0.8539,501.766,346.2407,461.4524,349.4547,528.838,570.925,482.863,592.2686,40.4415,50.6878,1.2534,0,0,0,0
490,2,0,0,1,1,1,0.9568,0.9933,0.6157,0.8911,1129.3844,355.7135,1019.796,351.216,1164.4631,608.6512,1008.5071,662.9059,109.6806,165.1238,1.5055,0,0,0,0
490,2,0,13,1,1,1,0.9179,0.9857,0.4774,0.8588,518.8293,342.3262,482.0322,347.9766,542.2952,572.7425,493.004,587.1375,37.2284,51.3502,1.3793,0,0,0,0
491,2,0,0,1,1,1,0.9568,0.9933,0.6158,0.891,1129.364,355.7186,1019.7463,351.2197,1164.4664,608.6156,1008.524,662.9582,109.71,165.1398,1.5052,0,0,0,0
491,2,0,13,1,1,1,0.9177,0.9856,0.4776,0.859,518.8712,342.352,481.9907,347.9702,542.3046,572.7834,493.0213,587.1178,37.306,51.3257,1.3758,0,0,0,0
492,2,0,0,1,1,1,0.9587,0.9922,0.6693,0.8982,1143.0076,354.9736,1026.474,352.8217,1174.4246,625.0716,1014.7673,672.4106,116.5534,166.5275,1.4288,0,0,0,0
492,2,0,13,1,1,1,0.944,0.9915,0.6032,0.9097,530.7628,346.5232,505.1333,350.4366,577.5762,543.3301,514.3901,588.9682,25.9266,77.9444,3.0064,0,0,0,0
493,2,0,0,1,1,1,0.9587,0.9922,0.6694,0.8982,1143.0422,355.0098,1026.4407,352.8415,1174.4545,625.075,1014.772,672.3952,116.6217,166.5463,1.4281,0,0,0,0
493,2,0,13,1,1,1,0.9437,0.9914,0.6022,0.9094,530.7646,346.466,505.0899,350.3873,577.4306,543.5042,514.3678,588.9374,25.9724,77.7244,2.9926,0,0,0,0
494,2,0,0,1,1,1,0.9634,0.9933,0.605,0.8731,1161.5237,357.3587,1031.1207,352.9684,1192.8682,626.933,1021.1834,685.2226,130.4768,181.31,1.3896,0,0,0,0
494,2,0,13,1,1,1,0.9646,0.993,0.7396,0.9347,564.4624,339.2986,518.2605,345.6106,613.6814,524.4368,523.6563,589.4182,46.6311,111.0274,2.381,0,0,0,0
495,2,0,0,1,1,1,0.9634,0.9933,0.604,0.873,1161.5302,357.5151,1031.1189,352.9662,1192.9865,628.0702,1021.0754,685.452,130.4906,181.2349,1.3889,0,0,0,0
495,2,0,13,1,1,1,0.9647,0.9931,0.7393,0.9346,564.3992,339.3352,518.18,345.7241,613.6901,524.1596,523.7298,589.6875,46.6587,111.2958,2.3853,0,0,0,0
496,2,0,13,1,1,1,0.9674,0.994,0.715,0.9298,574.315,346.1644,538.3594,351.4846,642.2248,520.2574,541.507,592.8052,36.347,124.1259,3.415,0,0,0,0
496,2,0,0,1,1,1,0.9664,0.9939,0.6488,0.8879,1171.7242,358.8495,1035.5508,353.97,1204.0659,613.2846,1022.5624,684.3081,136.2609,194.9048,1.4304,0,0,0,0
497,2,0,13,1,1,1,0.9674,0.9941,0.7146,0.9296,574.5858,345.9234,538.4078,351.5012,642.0044,520.1044,541.3716,592.7688,36.6054,124.1252,3.3909,0,0,0,0
497,2,0,0,1,1,1,0.9666,0.9939,0.6495,0.8879,1171.8224,358.8126,1035.3594,354.0903,1204.1787,613.578,1022.5134,683.9506,136.5447,194.8194,1.4268,0,0,0,0
498,2,0,13,1,1,1,0.9696,0.9932,0.7073,0.9167,591.8202,344.2197,559.0093,353.9108,665.336,519.0928,557.759,595.8604,34.2122,132.1593,3.8629,0,0,0,0
498,2,0,0,1,1,1,0.9543,0.9929,0.6431,0.8999,1191.2529,354.8392,1036.9741,352.7872,1216.0732,629.6126,1027.2806,685.0174,154.2925,196.7545,1.2752,0,0,0,0
499,2,0,13,1,1,1,0.9697,0.9932,0.7077,0.9167,592.0224,344.2006,558.9583,353.8338,665.3462,519.0443,557.5343,595.6048,34.4389,132.2306,3.8396,0,0,0,0
499,2,0,0,1,1,1,0.9543,0.9929,0.6433,0.8999,1191.2288,354.821,1036.9756,352.7788,1215.8882,629.4196,1027.2998,685.0398,154.2667,196.6194,1.2745,0,0,0,0
500,2,0,0,1,1,1,0.9651,0.9945,0.6227,0.8852,1206.502,358.8084,1041.185,356.3573,1245.264,641.2522,1035.719,687.9645,165.3351,214.6885,1.2985,0,0,0,0
500,2,0,13,1,1,1,0.9645,0.9954,0.6744,0.933,609.1969,351.9688,580.0086,357.4393,683.7256,510.4158,585.552,603.509,29.6965,135.2938,4.5559,0,0,0,0
501,2,0,0,1,1,1,0.9651,0.9945,0.6223,0.8853,1206.4569,358.894,1041.1837,356.3592,1245.3975,641.511,1035.7633,687.957,165.2926,214.7177,1.299,0,0,0,0
501,2,0,13,1,1,1,0.9645,0.9954,0.6744,0.9329,609.117,351.9588,580.0745,357.452,683.7092,510.4074,585.5801,603.5093,29.5575,135.2675,4.5764,0,0,0,0
502,2,0,0,1,0,1,0.9676,0.9924,0.6786,0.8883,1217.7147,358.0533,1044.9093,354.0276,1253.7996,624.8524,1044.9275,677.8732,172.8523,215.4965,1.2467,0,0,0,0
502,2,0,13,1,1,1,0.9709,0.9941,0.6997,0.9164,623.747,351.4076,604.257,360.4628,705.991,525.9788,596.2104,607.5108,21.4909,136.7453,6.363,0,0,0,0
