frame,raw_num_people,anomaly,track_id,conf_ok,boundary_ok,overlap_ok,conf_ls,conf_rs,conf_lw,conf_rw,ls_x,ls_y,rs_x,rs_y,lw_x,lw_y,rw_x,rw_y,shoulder_dist,wrist_dist,ratio,frontal,hands_now,consecutive_frames,confirmed
0,3,1,0,1,1,1,0.9915,0.9855,0.9308,0.8837,637.7448,210.9508,373.1077,201.9434,516.2407,218.6056,451.9376,202.9771,264.7904,66.1751,0.2499,1,1,1,0
0,3,1,1,1,1,1,0.9876,0.9871,0.8695,0.8608,1030.6533,340.2574,761.5182,330.4622,972.5923,453.5334,866.3516,430.8656,269.3133,108.632,0.4034,1,1,1,0
0,3,1,2,0,0,1,0.009,0.0645,0.0244,0.1472,1273.708,574.1618,1273.6743,578.1504,1238.523,683.4046,1226.1628,685.8327,3.9886,12.5963,3.1581,0,0,0,0
1,3,1,0,1,1,1,0.9915,0.9854,0.931,0.8836,637.8219,210.8455,373.0944,202.0058,516.1344,218.58,452.016,202.879,264.8751,66.0128,0.2492,1,1,2,0
1,3,1,1,1,1,1,0.9875,0.9871,0.8693,0.8613,1030.7031,340.2328,761.411,330.6974,972.7034,453.8106,866.3464,430.6758,269.4609,108.844,0.4039,1,1,2,0
1,3,1,2,0,0,1,0.0089,0.0642,0.0244,0.1483,1274.1385,573.3838,1273.7637,577.4212,1238.5768,683.0474,1226.5012,685.4054,4.0547,12.3036,3.0344,0,0,0,0
2,3,1,0,1,1,1,0.9915,0.9856,0.9301,0.8829,637.8114,210.923,372.9594,201.6084,516.2043,218.1369,452.0316,202.3592,265.0157,66.0839,0.2494,1,1,3,0
2,3,1,1,1,1,1,0.9874,0.9875,0.8662,0.8624,1030.4392,340.1062,761.5574,330.5668,970.8975,453.2878,863.287,432.4918,269.051,109.6016,0.4074,1,1,3,0
2,3,1,2,0,0,1,0.0124,0.0695,0.028,0.1367,1270.4048,584.635,1278.0248,587.566,1243.2178,677.6374,1231.4037,685.4691,8.1643,14.1742,1.7361,0,0,0,0
3,3,1,0,1,1,1,0.9915,0.9857,0.9299,0.8827,637.7885,210.9248,372.8488,201.6988,516.2508,218.1619,452.1044,202.1461,265.1003,66.1156,0.2494,1,1,4,0
3,3,1,1,1,1,1,0.9874,0.9875,0.8661,0.8622,1030.4,339.9036,761.359,330.428,970.4838,452.8874,863.7151,432.2655,269.2078,108.7419,0.4039,1,1,4,0
3,3,1,2,0,0,1,0.0119,0.0686,0.0274,0.1368,1270.7736,584.6888,1278.2566,587.5786,1243.5298,677.2281,1231.6394,685.0404,8.0217,14.2272,1.7736,0,0,0,0
4,3,1,0,1,1,1,0.9915,0.986,0.9286,0.8836,638.7508,210.5136,373.0604,201.6776,516.4436,217.4464,452.4143,201.1274,265.8373,66.0762,0.2486,1,1,5,0
4,3,1,1,1,1,1,0.9873,0.9877,0.8629,0.8625,1031.5148,339.147,762.9308,330.4263,971.7371,455.3946,865.0245,433.1082,268.7256,109.0149,0.4057,1,1,5,0
4,3,1,2,0,0,1,0.0127,0.0745,0.027,0.1397,1271.4286,581.8758,1278.9556,585.091,1243.3208,678.3032,1229.9343,686.7646,8.1849,15.8365,1.9348,0,0,0,0
5,3,1,0,1,1,1,0.9916,0.9859,0.9295,0.8839,638.5706,210.08,372.907,200.9934,516.0255,216.8342,452.702,200.649,265.819,65.3591,0.2459,1,1,6,1
5,3,1,1,1,1,1,0.987,0.9875,0.8648,0.8652,1031.78,339.1619,761.9316,330.4239,970.3022,455.2719,863.8323,434.2218,269.9898,108.5309,0.402,1,1,6,1
5,3,1,2,0,0,1,0.0126,0.0715,0.0276,0.138,1271.1868,586.3336,1278.6364,589.2619,1240.7651,680.2146,1227.8702,688.1558,8.0044,15.144,1.892,0,0,0,0
6,3,1,0,1,1,1,0.9916,0.9859,0.9296,0.8836,638.663,210.0753,372.978,200.9873,515.964,216.9234,452.5886,200.7626,265.8404,65.4035,0.246,1,1,7,1
6,3,1,1,1,1,1,0.987,0.9876,0.8641,0.8654,1031.8496,339.1677,762.0586,330.5159,970.0923,454.9324,863.997,434.0092,269.9298,108.1387,0.4006,1,1,7,1
6,3,1,2,0,0,1,0.0128,0.0713,0.0281,0.1378,1270.9873,586.7219,1278.4319,589.7328,1241.2885,680.0272,1228.7942,687.9972,8.0304,14.8198,1.8455,0,0,0,0
7,2,0,0,1,1,1,0.9915,0.9857,0.9302,0.8843,638.0694,210.3143,372.9277,200.6966,516.0177,216.7843,453.288,200.1888,265.3161,64.8878,0.2446,1,1,8,1
7,2,0,1,1,1,1,0.9873,0.9872,0.8674,0.8627,1030.8718,339.4766,761.9512,330.1194,971.5771,455.6338,864.3825,433.4016,269.0834,109.4758,0.4068,1,1,8,1
8,2,0,0,1,1,1,0.9915,0.9858,0.9302,0.8847,638.0837,210.2822,373.0351,200.6912,516.0912,216.8994,453.2842,200.1787,265.2221,64.9946,0.2451,1,1,9,1
8,2,0,1,1,1,1,0.9873,0.9871,0.868,0.8626,1030.9023,339.4078,761.9296,330.1056,971.4641,455.608,864.2972,433.4734,269.1336,109.4289,0.4066,1,1,9,1
9,3,1,0,1,1,1,0.9876,0.9896,0.9127,0.9067,635.393,207.0164,372.8135,201.412,514.2091,214.7451,457.4888,207.786,262.6394,57.1457,0.2176,1,1,10,1
9,3,1,1,1,1,1,0.9871,0.9871,0.8679,0.864,1030.5361,340.2922,762.5496,329.8874,970.9871,456.0902,864.8943,432.7934,268.1885,108.6205,0.405,1,1,10,1
9,3,1,3,0,0,1,0.0121,0.0726,0.0268,0.1389,1268.8875,586.5429,1277.9952,589.3492,1239.7349,679.8076,1224.8699,689.3144,9.5303,17.6451,1.8515,0,0,0,0
10,3,1,0,1,1,1,0.9875,0.9896,0.9127,0.9069,635.3807,207.0235,372.8233,201.3893,514.1684,214.6832,457.4391,207.9931,262.6178,57.1224,0.2175,1,1,11,1
10,3,1,1,1,1,1,0.9871,0.9871,0.868,0.864,1030.5714,340.3118,762.6218,329.8462,970.9958,456.1051,864.9789,432.841,268.1539,108.5395,0.4048,1,1,11,1
10,3,1,3,0,0,1,0.0122,0.0726,0.0269,0.1391,1268.992,586.544,1277.9849,589.3674,1239.9656,679.5926,1225.147,689.1369,9.4257,17.6263,1.87,0,0,0,0
11,3,1,0,1,1,1,0.9917,0.9856,0.9314,0.8822,639.2956,210.7007,372.6624,200.8326,515.7382,218.4106,452.8257,201.7386,266.8156,65.0841,0.2439,1,1,12,1
11,3,1,1,1,1,1,0.9873,0.9869,0.8694,0.863,1030.3428,340.3609,762.5562,330.042,971.5915,457.012,865.723,432.531,267.9853,108.6622,0.4055,1,1,12,1
11,3,1,3,0,0,1,0.0117,0.0691,0.0253,0.134,1270.332,586.739,1278.9473,589.2433,1239.0708,679.1925,1223.3726,688.8108,8.9718,18.4105,2.052,0,0,0,0
12,3,1,0,1,1,1,0.9879,0.9895,0.9138,0.9047,635.6638,207.3626,372.4939,201.2358,514.2985,216.0328,456.6586,209.23,263.2412,58.04,0.2205,1,1,13,1
12,3,1,1,1,1,1,0.9873,0.9869,0.8694,0.8627,1030.2797,340.327,762.4964,330.0906,971.6741,457.1046,866.202,432.1368,267.9788,108.3871,0.4045,1,1,13,1
12,3,1,3,0,0,1,0.0118,0.0689,0.0256,0.1336,1270.1602,587.8327,1278.7198,590.3554,1238.6188,679.586,1223.1099,689.2185,8.9237,18.2568,2.0459,0,0,0,0
13,3,1,0,1,1,1,0.9917,0.9856,0.9309,0.8823,639.5803,210.3087,372.2475,200.947,515.3774,217.8004,452.1076,202.2629,267.4967,65.1497,0.2436,1,1,14,1
13,3,1,1,1,1,1,0.9875,0.9871,0.8676,0.8603,1031.5348,340.2748,762.0695,330.5209,970.8292,455.8485,867.6348,431.0469,269.6417,106.133,0.3936,1,1,14,1
13,3,1,3,0,0,1,0.0114,0.0671,0.0263,0.1339,1268.2124,590.055,1277.4451,593.0076,1236.8387,681.5924,1223.6211,691.0047,9.6933,16.2265,1.674,0,0,0,0
14,2,0,0,1,1,1,0.9917,0.9856,0.9311,0.8813,639.823,210.2266,372.3452,201.4584,515.0255,218.2996,452.4112,202.1153,267.6215,64.6722,0.2417,1,1,15,1
14,2,0,1,1,1,1,0.9876,0.987,0.8683,0.858,1032.1005,340.4224,761.6984,331.3876,972.4717,459.3264,866.9776,431.1928,270.5529,109.1811,0.4035,1,1,15,1
15,2,0,0,1,1,1,0.9917,0.9856,0.931,0.8814,639.8136,210.2357,372.3986,201.5113,515.0117,218.2965,452.3914,202.1678,267.5573,64.664,0.2417,1,1,16,1
15,2,0,1,1,1,1,0.9876,0.987,0.8684,0.858,1032.1119,340.4436,761.6938,331.391,972.3834,459.1444,867.15,431.1094,270.5697,108.9037,0.4025,1,1,16,1
16,3,1,0,1,1,1,0.9876,0.9896,0.9128,0.907,635.7618,206.3765,372.2089,201.3724,513.5522,215.2049,456.1506,210.6975,263.6004,57.5782,0.2184,1,1,17,1
16,3,1,1,1,1,1,0.9874,0.987,0.8669,0.8589,1032.7385,341.009,761.4669,332.1706,971.2542,458.1248,867.5726,431.5894,271.4155,107.0233,0.3943,1,1,17,1
16,3,1,4,0,0,1,0.0096,0.0786,0.0306,0.1928,1270.5026,567.3535,1268.0043,568.8042,1242.3295,676.1776,1231.324,679.919,2.8889,11.6241,4.0237,0,0,0,0
17,3,1,0,1,1,1,0.9876,0.9896,0.9127,0.907,635.7872,206.4141,372.2523,201.3871,513.5876,215.2124,456.1858,210.6672,263.5828,57.5814,0.2185,1,1,18,1
17,3,1,1,1,1,1,0.9874,0.987,0.867,0.8594,1032.6945,341.0443,761.7086,332.2106,971.6121,458.5334,867.7343,431.5395,271.1298,107.3278,0.3959,1,1,18,1
17,3,1,4,0,0,1,0.0095,0.0782,0.0303,0.1924,1270.3883,568.4938,1267.959,570.0858,1242.3962,676.2752,1231.5928,680.1531,2.9045,11.4784,3.952,0,0,0,0
18,3,1,0,1,1,1,0.9877,0.9894,0.9145,0.907,636.2733,206.2129,372.7905,201.5247,513.4392,214.7456,455.5808,211.2763,263.5245,57.9623,0.22,1,1,19,1
18,3,1,1,1,1,1,0.9872,0.987,0.8666,0.8618,1032.1217,340.4026,762.4942,331.9711,971.4684,458.1686,866.5387,431.5312,269.7594,108.258,0.4013,1,1,19,1
18,3,1,4,0,0,1,0.0124,0.0738,0.0271,0.1425,1269.0438,595.8585,1276.7172,598.7804,1237.675,680.3666,1223.5925,689.873,8.2108,16.9908,2.0693,0,0,0,0
19,3,1,0,1,1,1,0.9877,0.9895,0.9144,0.9069,636.3547,206.2399,372.7649,201.5679,513.4414,214.7195,455.5414,211.2921,263.6312,58.0013,0.22,1,1,20,1
19,3,1,1,1,1,1,0.9871,0.9871,0.8658,0.8618,1032.1646,340.3608,762.5766,332.0434,971.3956,458.179,866.5117,431.4815,269.7162,108.2284,0.4013,1,1,20,1
19,3,1,4,0,0,1,0.0125,0.0743,0.0273,0.1424,1268.5753,596.6124,1276.4069,599.6042,1237.5302,680.7802,1223.6646,690.2756,8.3836,16.8053,2.0046,0,0,0,0
20,3,1,0,1,1,1,0.9877,0.9895,0.9136,0.9068,636.1092,205.4814,372.6337,201.0117,513.5538,214.6752,455.975,210.1755,263.5133,57.7544,0.2192,1,1,21,1
20,3,1,1,1,1,1,0.9876,0.9872,0.8665,0.8578,1032.3162,341.0648,761.29,332.9151,970.7037,454.554,864.769,432.8884,271.1487,108.1276,0.3988,1,1,21,1
20,3,1,4,0,0,1,0.0118,0.071,0.0261,0.1354,1268.621,584.0976,1277.4045,587.242,1238.3463,679.9669,1223.9934,688.546,9.3294,16.7214,1.7923,0,0,0,0
21,3,1,0,1,1,1,0.9876,0.9895,0.9137,0.907,636.0874,205.4949,372.5451,200.921,513.5151,214.7135,456.0706,210.169,263.582,57.6239,0.2186,1,1,22,1
21,3,1,1,1,1,1,0.9876,0.9872,0.867,0.8582,1032.1838,340.9508,761.5435,332.8319,970.7106,454.5606,864.7916,432.7412,270.7621,108.1431,0.3994,1,1,22,1
21,3,1,4,0,0,1,0.0118,0.0724,0.026,0.1376,1269.3685,583.3759,1277.7992,586.5374,1238.8182,678.8692,1223.665,687.6023,9.004,17.4896,1.9424,0,0,0,0
22,3,1,0,1,1,1,0.9874,0.9894,0.9131,0.908,635.5131,204.9856,373.4017,200.7248,513.4334,215.2497,455.6046,211.3038,262.1461,57.9633,0.2211,1,1,23,1
22,3,1,1,1,1,1,0.9875,0.9874,0.8645,0.8598,1032.0063,340.0046,761.9977,331.4587,971.2224,452.5055,866.8887,431.1099,270.1439,106.5049,0.3943,1,1,23,1
22,3,1,4,0,0,1,0.0127,0.0764,0.0281,0.1456,1269.2686,587.3042,1277.2112,589.981,1239.0034,681.0346,1224.423,690.4044,8.3816,17.3316,2.0678,0,0,0,0
23,3,1,0,1,1,1,0.9874,0.9894,0.9132,0.9078,635.5532,204.9911,373.4661,200.7421,513.3946,215.2077,455.5798,211.2972,262.1215,57.9469,0.2211,1,1,24,1
23,3,1,1,1,1,1,0.9875,0.9874,0.8644,0.8597,1032.0381,340.0302,761.9248,331.4816,971.1718,452.4944,866.8714,431.1095,270.2485,106.4701,0.394,1,1,24,1
23,3,1,4,0,0,1,0.0126,0.0763,0.028,0.1454,1269.2255,587.2882,1277.1968,589.967,1239.0262,680.9955,1224.3976,690.3587,8.4094,17.3686,2.0654,0,0,0,0
24,3,1,0,1,1,1,0.988,0.9894,0.914,0.9039,636.6327,205.935,373.215,201.8452,514.6898,216.2026,455.766,211.1446,263.4495,59.1405,0.2245,1,1,25,1
24,3,1,1,1,1,1,0.9872,0.9876,0.8614,0.8607,1031.9652,339.9008,762.149,331.2515,969.8165,451.2724,867.9057,430.9378,269.9548,103.9197,0.385,1,1,25,1
24,3,1,4,0,0,1,0.0098,0.0785,0.0301,0.186,1269.6011,568.5279,1267.8228,570.2254,1239.2164,678.8758,1229.0834,682.9861,2.4585,10.935,4.4478,0,0,0,0
25,2,0,0,1,1,1,0.9878,0.9896,0.9133,0.9062,636.9538,206.1276,373.5664,202.0561,514.0864,215.1044,456.0626,211.3576,263.4189,58.1447,0.2207,1,1,26,1
25,2,0,1,1,1,1,0.9872,0.9878,0.8594,0.8607,1032.6483,340.8752,761.6728,331.8108,972.3002,452.8505,867.2779,431.7345,271.127,107.1241,0.3951,1,1,26,1
26,2,0,0,1,1,1,0.9878,0.9896,0.9131,0.9062,636.971,206.114,373.5433,202.0744,514.1049,215.1088,456.0678,211.3453,263.4586,58.159,0.2208,1,1,27,1
26,2,0,1,1,1,1,0.9872,0.9878,0.8596,0.8607,1032.6521,340.9311,761.6492,331.8742,972.3237,452.8788,867.2444,431.7581,271.1542,107.1808,0.3953,1,1,27,1
27,2,0,0,1,1,1,0.9878,0.9895,0.9139,0.9056,636.868,206.0042,374.6456,202.2077,513.615,214.588,456.6158,210.0878,262.2499,57.1765,0.218,1,1,28,1
27,2,0,1,1,1,1,0.9873,0.9879,0.8591,0.861,1032.8033,340.3951,761.6934,331.5299,973.0599,454.5852,868.8203,429.8634,271.2549,107.1312,0.3949,1,1,28,1
28,2,0,0,1,1,1,0.9878,0.9895,0.9139,0.9057,636.838,205.9928,374.6448,202.1859,513.6304,214.5512,456.6338,210.0856,262.2208,57.1713,0.218,1,1,29,1
28,2,0,1,1,1,1,0.9873,0.9879,0.8591,0.8611,1032.7882,340.3705,761.7646,331.5134,973.0668,454.6396,868.7761,429.9278,271.1683,107.1785,0.3952,1,1,29,1
29,2,0,0,1,1,1,0.988,0.9895,0.9142,0.9039,637.4528,206.022,375.0971,202.9612,513.7219,214.158,456.782,208.4507,262.3735,57.2253,0.2181,1,1,30,1
29,2,0,1,1,1,1,0.9871,0.9879,0.8578,0.862,1032.6578,339.5384,762.2004,331.2382,973.1382,453.5567,869.7173,430.2713,270.5848,106.0099,0.3918,1,1,30,1
30,2,0,0,1,1,1,0.988,0.9894,0.9142,0.9039,637.4474,206.0123,375.0866,202.9491,513.7176,214.1499,456.766,208.4483,262.3787,57.2364,0.2181,1,1,31,1
30,2,0,1,1,1,1,0.9871,0.9879,0.8578,0.8619,1032.7048,339.5207,762.2499,331.2583,973.1411,453.5512,869.7598,430.2595,270.5811,105.9727,0.3916,1,1,31,1
31,2,0,0,1,1,1,0.988,0.9894,0.9144,0.9038,636.8782,206.1507,375.0316,202.2075,513.685,213.95,456.9895,208.2422,261.8763,56.9821,0.2176,1,1,32,1
31,2,0,1,1,1,1,0.9871,0.9879,0.8585,0.8619,1032.7728,339.9004,761.8822,331.0828,972.351,451.8239,868.9643,429.8804,271.0342,105.6897,0.3899,1,1,32,1
32,2,0,0,1,1,1,0.988,0.9894,0.9144,0.9038,636.8654,206.2093,375.026,202.2233,513.6538,213.9339,456.9584,208.2605,261.8697,56.9786,0.2176,1,1,33,1
32,2,0,1,1,1,1,0.9872,0.9879,0.8585,0.8618,1032.7529,339.9232,761.8175,331.0957,972.3494,451.8266,868.9361,429.8614,271.0792,105.7203,0.39,1,1,33,1
33,2,0,0,1,1,1,0.988,0.9894,0.9146,0.9043,636.812,206.7468,374.5594,202.0598,514.4546,214.0728,458.2497,205.5584,262.2944,56.8462,0.2167,1,1,34,1
33,2,0,1,1,1,1,0.987,0.9877,0.8612,0.8645,1032.1633,340.715,762.4231,331.2744,970.9127,448.1226,869.0989,428.6682,269.9054,103.6558,0.384,1,1,34,1
34,2,0,0,1,1,1,0.9879,0.9895,0.9132,0.9046,636.849,206.9018,374.738,201.7631,515.469,214.2746,457.7051,205.8043,262.1614,58.3816,0.2227,1,1,35,1
34,2,0,1,1,1,1,0.9872,0.9874,0.8646,0.8623,1032.6583,341.3906,762.86,331.6126,970.9425,446.4146,871.1272,427.7832,269.9754,101.5393,0.3761,1,1,35,1
35,2,0,0,1,1,1,0.9879,0.9895,0.9131,0.9046,636.8538,206.9018,374.7439,201.7562,515.4574,214.2557,457.7024,205.8054,262.1604,58.37,0.2226,1,1,36,1
35,2,0,1,1,1,1,0.9872,0.9874,0.8646,0.8623,1032.676,341.3786,762.8476,331.6079,970.9586,446.4308,871.1075,427.7774,270.0052,101.5785,0.3762,1,1,36,1
36,2,0,0,1,1,1,0.988,0.9894,0.9135,0.9034,637.0841,206.8318,374.7164,201.7538,515.615,213.6886,458.3032,204.2138,262.4168,58.0897,0.2214,1,1,37,1
36,2,0,1,1,1,1,0.9877,0.9875,0.8639,0.8585,1032.8363,341.2427,761.951,331.6077,971.6884,444.9424,872.5379,425.4828,271.0567,101.042,0.3728,1,1,37,1
37,2,0,0,1,1,1,0.988,0.9894,0.9136,0.9035,637.0602,206.792,374.7333,201.7161,515.6164,213.6657,458.3416,204.1755,262.3759,58.0557,0.2213,1,1,38,1
37,2,0,1,1,1,1,0.9877,0.9875,0.8639,0.8586,1032.737,341.1778,761.997,331.5534,971.6769,444.9638,872.5788,425.4309,270.9111,101.0048,0.3728,1,1,38,1
38,3,1,0,1,1,1,0.9882,0.9895,0.9133,0.9018,637.3364,207.5791,374.5744,201.4408,516.5202,214.0973,458.2538,204.4117,262.8337,59.0659,0.2247,1,1,39,1
38,3,1,1,1,1,1,0.9873,0.9874,0.8649,0.863,1031.9493,341.0948,762.4259,331.1293,972.1807,446.2594,870.2211,425.7402,269.7076,104.0038,0.3856,1,1,39,1
38,3,1,5,0,0,1,0.01,0.0765,0.0311,0.1881,1270.2717,568.8928,1268.8865,569.5362,1238.636,679.2613,1228.737,682.5409,1.5274,10.4281,6.8275,0,0,0,0
39,3,1,0,1,1,1,0.9882,0.9895,0.9133,0.9018,637.3308,207.5683,374.5812,201.4146,516.5363,214.1012,458.2854,204.4002,262.8216,59.0532,0.2247,1,1,40,1
39,3,1,1,1,1,1,0.9873,0.9874,0.8649,0.863,1031.9354,341.104,762.4901,331.1272,972.1667,446.2773,870.337,425.6616,269.63,103.8957,0.3853,1,1,40,1
39,3,1,5,0,0,1,0.01,0.0767,0.0312,0.1889,1270.3574,568.7748,1268.9303,569.3528,1238.5419,679.341,1228.442,682.4756,1.5397,10.5751,6.8682,0,0,0,0
40,3,1,0,1,1,1,0.9881,0.9894,0.9135,0.9021,637.1814,207.8563,375.244,201.287,517.3738,214.2091,459.353,203.2843,262.0197,59.0403,0.2253,1,1,41,1
40,3,1,1,1,1,1,0.987,0.9876,0.8628,0.8656,1032.3295,340.6079,764.0596,330.7067,971.6733,446.7349,869.2557,425.7596,268.4525,104.5434,0.3894,1,1,41,1
40,3,1,5,0,0,1,0.0125,0.0687,0.0269,0.1322,1270.3374,589.002,1279.1558,591.5945,1235.3433,681.891,1223.0288,690.404,9.1916,14.9705,1.6287,0,0,0,0
41,2,0,0,1,1,1,0.9882,0.9894,0.9147,0.9024,637.2496,207.9406,376.1383,200.925,517.8968,214.0742,459.1474,204.4025,261.2055,59.5402,0.2279,1,1,42,1
41,2,0,1,1,1,1,0.9873,0.9876,0.8627,0.8628,1031.9335,340.5262,764.1896,331.1564,969.7888,445.5919,871.3734,425.7889,267.9078,100.388,0.3747,1,1,42,1
42,2,0,0,1,1,1,0.9882,0.9894,0.9147,0.9025,637.2533,207.9219,376.1546,200.924,517.8444,214.057,459.1448,204.417,261.1925,59.4859,0.2277,1,1,43,1
42,2,0,1,1,1,1,0.9873,0.9876,0.8628,0.8628,1031.9177,340.5174,764.1584,331.1501,969.7905,445.5799,871.3246,425.814,267.9232,100.4302,0.3748,1,1,43,1
43,3,1,0,1,1,1,0.9879,0.9896,0.9123,0.9041,637.0122,208.1625,375.6849,201.1291,518.6052,214.974,458.2362,207.0569,261.4219,60.8858,0.2329,1,1,44,1
43,3,1,1,1,1,1,0.9877,0.9877,0.8617,0.8588,1032.6025,340.5664,763.8373,331.04,970.694,447.6733,870.5354,427.2335,268.934,102.2229,0.3801,1,1,44,1
43,3,1,6,0,0,1,0.0137,0.0772,0.0291,0.1402,1268.2628,583.4624,1277.4255,586.5412,1237.2123,681.1968,1224.2627,689.6378,9.6662,15.4577,1.5992,0,0,0,0
44,3,1,0,1,1,1,0.9879,0.9896,0.9123,0.904,636.992,208.1262,375.6658,201.1141,518.5603,214.9539,458.2236,207.0196,261.4202,60.8561,0.2328,1,1,45,1
44,3,1,1,1,1,1,0.9877,0.9877,0.8616,0.8589,1032.6067,340.5566,763.8154,331.0196,970.7169,447.7724,870.5569,427.2334,268.9604,102.2442,0.3801,1,1,45,1
44,3,1,6,0,0,1,0.0138,0.0773,0.0293,0.1402,1268.1135,583.9093,1277.2789,587.0664,1237.6047,680.8469,1224.8234,689.2396,9.6939,15.2905,1.5773,0,0,0,0
45,2,0,0,1,1,1,0.9879,0.9896,0.912,0.9045,637.409,208.2448,375.858,201.6074,519.361,215.2848,458.6607,206.1716,261.6352,61.3806,0.2346,1,1,46,1
45,2,0,1,1,1,1,0.9874,0.9881,0.8573,0.8611,1032.102,340.3298,763.423,331.3407,971.343,447.6047,870.5676,426.7689,268.8293,102.9068,0.3828,1,1,46,1
46,2,0,0,1,1,1,0.9879,0.9896,0.912,0.9046,637.3563,208.2346,375.8604,201.597,519.3676,215.2905,458.6333,206.1923,261.5801,61.412,0.2348,1,1,47,1
46,2,0,1,1,1,1,0.9874,0.9881,0.8574,0.8612,1032.065,340.3181,763.4594,331.3286,971.3019,447.583,870.5609,426.8152,268.7559,102.8594,0.3827,1,1,47,1
47,2,0,0,1,1,1,0.988,0.9895,0.9129,0.9034,637.525,208.9659,375.6103,201.6678,519.9934,216.3844,458.01,207.3503,262.0163,62.6382,0.2391,1,1,48,1
47,2,0,1,1,1,1,0.9871,0.988,0.8583,0.8632,1031.5876,340.5959,762.669,332.1169,971.4283,448.4032,868.7074,427.7478,269.0523,104.7771,0.3894,1,1,48,1
48,2,0,0,1,1,1,0.9883,0.9897,0.9128,0.9024,637.4777,208.3007,375.6477,201.5849,520.6708,215.9621,458.2838,205.429,261.9161,63.2699,0.2416,1,1,49,1
48,2,0,1,1,1,1,0.9871,0.9882,0.8556,0.8632,1030.5963,339.5592,761.857,331.9612,971.2714,447.9654,868.5874,426.4878,268.8468,104.9061,0.3902,1,1,49,1
49,2,0,0,1,1,1,0.9883,0.9897,0.9128,0.9024,637.4974,208.3091,375.6456,201.5853,520.6836,215.9827,458.277,205.42,261.9381,63.2943,0.2416,1,1,50,1
49,2,0,1,1,1,1,0.9871,0.9882,0.8555,0.8633,1030.5813,339.5593,761.8308,331.973,971.2873,447.9828,868.6024,426.4757,268.8575,104.913,0.3902,1,1,50,1
50,2,0,0,1,1,1,0.988,0.9895,0.9135,0.9038,636.8915,208.4613,375.971,201.5157,518.156,214.0119,458.2028,206.5943,261.0129,60.4103,0.2314,1,1,51,1
50,2,0,1,1,1,1,0.9872,0.9882,0.856,0.8621,1030.3123,339.8142,762.0636,331.8979,970.6153,445.8458,869.38,426.7936,268.3654,103.0125,0.3839,1,1,51,1
51,2,0,0,1,1,1,0.988,0.9895,0.9135,0.9037,636.9248,208.4478,375.9744,201.4849,518.1008,213.9604,458.2022,206.5716,261.0433,60.3527,0.2312,1,1,52,1
51,2,0,1,1,1,1,0.9872,0.9882,0.8559,0.862,1030.4253,339.825,762.0568,331.92,970.8166,446.0886,869.0582,427.0097,268.4849,103.5315,0.3856,1,1,52,1
52,3,1,0,1,1,1,0.988,0.9895,0.9142,0.9043,637.4787,208.364,375.3728,201.4268,518.4914,214.8358,459.1682,205.4884,262.1977,60.055,0.229,1,1,53,1
52,3,1,1,1,1,1,0.9872,0.988,0.8579,0.8617,1029.5109,340.1216,762.576,332.6915,972.1825,448.8264,868.4562,428.9958,267.0382,105.6049,0.3955,1,1,53,1
52,3,1,7,0,0,1,0.0131,0.0735,0.0285,0.136,1266.9993,584.0062,1277.2828,588.0918,1238.9241,676.8578,1225.872,685.861,11.0654,15.8561,1.4329,0,0,0,0
53,3,1,0,1,1,1,0.988,0.9895,0.9142,0.9043,637.5336,208.4875,375.2764,201.4752,518.5168,214.8737,459.1804,205.658,262.3509,60.0479,0.2289,1,1,54,1
53,3,1,1,1,1,1,0.9872,0.988,0.8579,0.8619,1029.5426,340.0565,762.6226,332.7162,972.0488,448.7733,868.4825,428.9154,267.0209,105.4529,0.3949,1,1,54,1
53,3,1,7,0,0,1,0.013,0.0731,0.0283,0.1357,1267.0359,583.9129,1277.3492,588.0218,1239.0238,676.7554,1226.0076,685.6263,11.1017,15.7517,1.4189,0,0,0,0
54,3,1,0,1,1,1,0.9881,0.9897,0.9121,0.9028,637.3878,208.6871,375.2462,202.3995,518.4764,214.6722,458.759,206.4083,262.217,60.2865,0.2299,1,1,55,1
54,3,1,1,1,1,1,0.9872,0.9881,0.8566,0.8623,1029.1165,339.0359,762.3422,332.0532,973.8223,451.4775,868.5766,430.405,266.8656,107.3345,0.4022,1,1,55,1
54,3,1,7,0,0,1,0.0131,0.0723,0.0284,0.1331,1268.3696,581.4694,1277.4752,585.3614,1238.4476,678.6226,1226.663,685.0824,9.9025,13.4391,1.3571,0,0,0,0
55,3,1,0,1,1,1,0.9882,0.9897,0.9121,0.9026,637.4326,208.7316,375.1708,202.4066,518.4002,214.6734,458.7602,206.4921,262.3381,60.1986,0.2295,1,1,56,1
55,3,1,1,1,1,1,0.9872,0.9881,0.8562,0.8623,1029.0962,339.0444,762.236,332.1468,974.1474,452.1518,868.3796,430.5716,266.9494,107.9469,0.4044,1,1,56,1
55,3,1,7,0,0,1,0.0131,0.0723,0.0284,0.1326,1268.2773,581.279,1277.5415,585.1252,1238.203,678.7948,1226.2389,685.3888,10.0308,13.6609,1.3619,0,0,0,0
56,3,1,0,1,1,1,0.9881,0.9896,0.9122,0.9026,637.5968,208.6114,375.4547,202.0541,518.2518,214.2075,459.3746,205.2672,262.2241,59.5521,0.2271,1,1,57,1
56,3,1,1,1,1,1,0.9872,0.9882,0.8562,0.8626,1029.0159,338.9216,762.1884,332.4296,973.795,450.8112,869.3491,428.7576,266.9064,106.7488,0.3999,1,1,57,1
56,3,1,7,0,0,1,0.0113,0.0705,0.0255,0.1353,1269.3557,579.9573,1278.2133,583.4737,1239.2375,679.596,1228.3973,686.6129,9.53,12.9131,1.355,0,0,0,0
57,3,1,0,1,1,1,0.9881,0.9896,0.9123,0.9026,637.5929,208.5996,375.4537,202.027,518.2524,214.2056,459.3722,205.3012,262.2216,59.5497,0.2271,1,1,58,1
57,3,1,1,1,1,1,0.9872,0.9882,0.8563,0.8625,1029.0101,338.9563,762.1278,332.4531,973.8034,450.7926,869.3345,428.7973,266.9615,106.7593,0.3999,1,1,58,1
57,3,1,7,0,0,1,0.0114,0.0709,0.0256,0.136,1269.3372,579.9698,1278.1979,583.4741,1239.1904,679.6444,1228.288,686.7066,9.5285,12.99,1.3633,0,0,0,0
58,2,0,0,1,1,1,0.9878,0.9896,0.9119,0.9046,637.461,208.8947,375.2148,202.2027,518.338,214.4862,459.8862,205.0942,262.3316,59.2017,0.2257,1,1,59,1
58,2,0,1,1,1,1,0.9874,0.9881,0.8571,0.8616,1029.5741,339.1442,761.5806,332.6964,974.7355,452.091,869.5729,429.0622,268.0711,107.6546,0.4016,1,1,59,1
59,2,0,0,1,1,1,0.9878,0.9896,0.9119,0.9046,637.4181,208.9271,375.1854,202.236,518.3581,214.4931,459.875,205.0954,262.3181,59.2333,0.2258,1,1,60,1
59,2,0,1,1,1,1,0.9874,0.9881,0.857,0.8619,1029.5527,339.0867,761.5476,332.6831,974.618,451.9834,869.6494,429.0664,268.0816,107.4412,0.4008,1,1,60,1
60,2,0,0,1,1,1,0.988,0.9896,0.9116,0.9019,637.9238,208.734,375.3235,202.4438,518.4278,215.4562,458.262,207.2954,262.6757,60.7168,0.2311,1,1,61,1
60,2,0,1,1,1,1,0.9874,0.9878,0.8601,0.8618,1029.3553,339.7452,760.1582,333.325,975.2979,452.1999,872.046,427.6578,269.2737,106.1285,0.3941,1,1,61,1
61,3,1,0,1,1,1,0.9879,0.9896,0.9108,0.9017,638.3482,208.0443,375.5282,202.4116,518.3407,215.8777,458.3416,208.3072,262.8803,60.4748,0.23,1,1,62,1
61,3,1,1,1,1,1,0.9871,0.9879,0.8589,0.865,1027.9727,340.422,759.384,332.9836,975.952,451.2418,868.712,428.8708,268.6916,109.5485,0.4077,1,1,62,1
61,3,1,8,0,0,1,0.0123,0.0717,0.0283,0.1425,1270.2286,586.2968,1277.7477,589.5116,1243.8789,676.2495,1233.5787,683.6762,8.1775,12.6984,1.5528,0,0,0,0
62,3,1,0,1,1,1,0.9879,0.9896,0.9108,0.9018,638.3536,208.0482,375.562,202.4065,518.3386,215.8936,458.3467,208.2974,262.8521,60.4709,0.2301,1,1,63,1
62,3,1,1,1,1,1,0.9871,0.9879,0.8589,0.8649,1027.9906,340.4199,759.421,332.9696,975.9385,451.2761,868.7416,428.906,268.673,109.5061,0.4076,1,1,63,1
62,3,1,8,0,0,1,0.0123,0.0716,0.0283,0.1425,1270.2452,586.3435,1277.7563,589.5614,1243.8835,676.2536,1233.602,683.6778,8.1714,12.6818,1.552,0,0,0,0
63,3,1,0,1,1,1,0.9881,0.9896,0.912,0.9018,638.1847,208.4661,375.7468,202.3931,518.4108,215.0411,458.6202,206.3776,262.5082,60.415,0.2301,1,1,64,1
63,3,1,1,1,1,1,0.9872,0.9879,0.8585,0.8641,1027.2169,340.6392,757.6104,332.808,975.7294,450.2612,870.2282,427.6802,269.7202,107.8907,0.4,1,1,64,1
63,3,1,8,0,0,1,0.0138,0.0798,0.0289,0.1445,1268.5916,585.4983,1278.2388,588.6008,1237.2078,681.1202,1223.4731,689.9746,10.1338,16.3413,1.6126,0,0,0,0
64,3,1,0,1,1,1,0.988,0.9896,0.9119,0.9019,638.1924,208.4548,375.7444,202.3891,518.3802,215.0369,458.6244,206.3838,262.5181,60.379,0.23,1,1,65,1
64,3,1,1,1,1,1,0.9872,0.9879,0.8585,0.864,1027.2432,340.7015,757.5472,332.8748,975.7313,450.2568,870.2335,427.728,269.8095,107.8765,0.3998,1,1,65,1
64,3,1,8,0,0,1,0.0137,0.0797,0.0287,0.1446,1268.7826,584.9118,1278.3794,587.9642,1237.4061,681.0628,1223.597,689.8756,10.0705,16.3816,1.6267,0,0,0,0
65,3,1,0,1,1,1,0.988,0.9897,0.9116,0.9028,638.2596,208.9321,375.3768,202.837,519.2226,216.4161,458.2636,207.6875,262.9535,61.5808,0.2342,1,1,66,1
65,3,1,1,1,1,1,0.9869,0.9879,0.8571,0.8671,1025.1593,340.2023,756.5753,332.3164,974.97,449.3843,873.198,425.8746,268.6997,104.4521,0.3887,1,1,66,1
65,3,1,8,0,0,1,0.0118,0.0718,0.0275,0.1452,1270.1798,598.3116,1278.8549,600.8178,1237.0908,683.2796,1224.1635,690.5702,9.0298,14.8414,1.6436,0,0,0,0
66,3,1,0,1,1,1,0.988,0.9897,0.9116,0.9029,638.2466,208.9251,375.36,202.8162,519.2206,216.4368,458.273,207.6992,262.9576,61.5707,0.2341,1,1,67,1
66,3,1,1,1,1,1,0.9869,0.9879,0.8571,0.8672,1025.1312,340.1598,756.58,332.3107,974.9763,449.3976,873.2195,425.8494,268.6659,104.446,0.3888,1,1,67,1
66,3,1,8,0,0,1,0.0118,0.0717,0.0275,0.1451,1270.1858,598.297,1278.8586,600.822,1237.1748,683.2098,1224.2759,690.5114,9.0329,14.8221,1.6409,0,0,0,0
67,2,0,0,1,1,1,0.9878,0.9896,0.9119,0.9035,638.1812,208.6546,376.0693,203.2484,518.187,215.4785,458.5144,207.8564,262.1677,60.1573,0.2295,1,1,68,1
67,2,0,1,1,1,1,0.9871,0.9882,0.854,0.8661,1024.4248,339.9226,755.7256,332.608,974.8426,448.8792,873.6183,426.4161,268.7988,103.6868,0.3857,1,1,68,1
68,2,0,0,1,1,1,0.9878,0.9896,0.912,0.9035,638.195,208.661,376.0774,203.2495,518.1618,215.4232,458.4874,207.9069,262.1735,60.1458,0.2294,1,1,69,1
68,2,0,1,1,1,1,0.9871,0.9882,0.854,0.8661,1024.4116,339.9012,755.7576,332.5957,974.8431,448.9419,873.6304,426.439,268.7534,103.6841,0.3858,1,1,69,1
69,2,0,0,1,1,1,0.9876,0.9896,0.9109,0.9048,637.8842,209.0674,376.3985,203.5813,518.7224,215.571,458.8021,208.1448,261.5433,60.3787,0.2309,1,1,70,1
69,2,0,1,1,1,1,0.9865,0.9885,0.8495,0.87,1023.3635,339.8059,756.063,332.1345,975.5103,449.0084,875.7076,426.0659,267.4107,102.4058,0.383,1,1,70,1
70,2,0,0,1,1,1,0.9876,0.9895,0.9112,0.9043,637.8918,209.3757,375.86,203.5748,518.9888,216.1712,458.574,209.1246,262.0961,60.8244,0.2321,1,1,71,1
70,2,0,1,1,1,1,0.9867,0.9885,0.8491,0.8687,1022.7661,340.1781,754.578,332.1474,977.3909,451.7243,875.7425,426.995,268.3082,104.6133,0.3899,1,1,71,1
71,2,0,0,1,1,1,0.9876,0.9895,0.9113,0.9042,637.884,209.376,375.892,203.577,518.9656,216.2027,458.5488,209.1894,262.0562,60.8224,0.2321,1,1,72,1
71,2,0,1,1,1,1,0.9867,0.9885,0.8491,0.8688,1022.7664,340.1819,754.6522,332.1514,977.3804,451.7011,875.7089,427.0334,268.2344,104.6212,0.39,1,1,72,1
72,2,0,0,1,1,1,0.988,0.9896,0.9104,0.9017,638.3906,208.8683,375.6452,203.6404,519.3354,216.3288,458.6824,209.3169,262.7974,61.0571,0.2323,1,1,73,1
72,2,0,1,1,1,1,0.9867,0.9885,0.8482,0.8681,1023.1533,340.5864,754.0592,332.8774,977.7119,452.786,875.8703,427.0189,269.2045,105.0507,0.3902,1,1,73,1
73,2,0,0,1,1,1,0.988,0.9896,0.9104,0.9017,638.4048,208.8599,375.6532,203.6449,519.3545,216.3766,458.6888,209.36,262.8033,61.0702,0.2324,1,1,74,1
73,2,0,1,1,1,1,0.9867,0.9885,0.8482,0.8683,1023.1376,340.6057,754.0653,332.9185,977.7026,452.8124,875.815,427.023,269.1821,105.1008,0.3904,1,1,74,1
74,3,1,0,1,1,1,0.988,0.9897,0.9106,0.9017,638.7514,208.561,374.693,203.5761,518.6832,215.5152,458.3632,209.226,264.1054,60.6469,0.2296,1,1,75,1
74,3,1,1,1,1,1,0.9867,0.9888,0.8452,0.8675,1023.6031,340.6196,754.2508,332.5889,977.4769,451.3993,876.8591,426.4994,269.472,103.653,0.3847,1,1,75,1
74,3,1,9,0,0,1,0.0126,0.0732,0.0285,0.1417,1268.5243,587.9553,1276.8143,591.4646,1243.0657,675.7271,1233.5902,682.6869,9.0022,11.7568,1.306,0,0,0,0
75,3,1,0,1,1,1,0.9881,0.9897,0.9109,0.9015,638.7222,208.5325,374.6976,203.5323,518.7,215.5183,458.37,209.3138,264.0719,60.6481,0.2297,1,1,76,1
75,3,1,1,1,1,1,0.9867,0.9888,0.8451,0.8674,1023.6041,340.6422,754.1998,332.6342,977.4753,451.3956,876.9221,426.5531,269.5232,103.5766,0.3843,1,1,76,1
75,3,1,9,0,0,1,0.0127,0.0739,0.0284,0.1421,1268.4257,587.2182,1276.9045,590.7572,1242.7993,675.8937,1232.9694,683.0118,9.1878,12.1366,1.3209,0,0,0,0
76,3,1,0,1,1,1,0.988,0.9897,0.9108,0.9015,638.697,209.2634,374.7608,204.2534,518.3816,215.9806,457.9516,209.6414,263.9838,60.7615,0.2302,1,1,77,1
76,3,1,1,1,1,1,0.9863,0.9886,0.8464,0.8701,1023.759,340.4494,754.9304,331.7286,976.8406,450.6658,875.5695,427.8652,268.97,103.8061,0.3859,1,1,77,1
76,3,1,9,0,0,1,0.0159,0.1272,0.0256,0.1786,1267.47,555.4176,1269.281,558.0284,1235.6321,677.5102,1231.7979,675.354,3.1775,4.3989,1.3844,0,0,0,0
77,3,1,0,1,1,1,0.9881,0.9897,0.9107,0.901,638.7978,209.3865,375.0387,204.3639,518.2491,216.0704,458.6838,208.153,263.8069,60.0892,0.2278,1,1,78,1
77,3,1,1,1,1,1,0.986,0.9889,0.8431,0.8722,1023.9579,340.1262,755.9252,331.7024,976.9406,451.1023,871.9926,429.9923,268.165,107.05,0.3992,1,1,78,1
77,3,1,9,0,0,1,0.0134,0.0784,0.029,0.1427,1266.4253,587.7136,1275.882,591.4292,1240.8771,680.6837,1232.3401,687.906,10.1604,11.1822,1.1006,0,0,0,0
78,3,1,0,1,1,1,0.9881,0.9897,0.9108,0.901,638.8198,209.3788,375.0334,204.3249,518.2464,216.0586,458.692,208.1738,263.8348,60.0742,0.2277,1,1,79,1
78,3,1,1,1,1,1,0.986,0.9889,0.8432,0.8722,1023.947,340.1256,755.9434,331.6565,976.8628,450.9726,872.0168,429.9994,268.1374,106.9231,0.3988,1,1,79,1
78,3,1,9,0,0,1,0.0134,0.0782,0.029,0.1426,1266.4543,587.8549,1275.8905,591.5624,1240.8369,680.6959,1232.2926,687.9174,10.1384,11.1873,1.1035,0,0,0,0
79,3,1,0,1,1,1,0.9879,0.9896,0.9114,0.9023,638.0418,208.8382,375.1192,203.4128,518.2781,216.5556,458.7402,207.7266,262.9787,60.189,0.2289,1,1,80,1
79,3,1,1,1,1,1,0.9861,0.9887,0.8454,0.8707,1024.5894,340.459,755.5338,331.0841,976.2278,450.5708,872.1554,430.0708,269.2188,106.0722,0.394,1,1,80,1
79,3,1,9,0,0,1,0.0174,0.1375,0.0266,0.1808,1266.156,553.5249,1268.7151,556.854,1241.6119,672.1994,1238.6139,669.6866,4.199,3.9118,0.9316,0,0,0,0
80,3,1,0,1,1,1,0.9879,0.9896,0.9114,0.9023,638.0604,208.8544,375.1058,203.4026,518.2522,216.5558,458.7588,207.7418,263.0111,60.1427,0.2287,1,1,81,1
80,3,1,1,1,1,1,0.9861,0.9887,0.8455,0.8708,1024.6102,340.4934,755.5718,331.0978,976.2159,450.611,872.1969,430.0808,269.2024,106.0256,0.3939,1,1,81,1
80,3,1,9,0,0,1,0.0174,0.1374,0.0265,0.18,1266.1271,553.637,1268.7153,556.9792,1241.3871,672.252,1238.52,669.7734,4.2272,3.7899,0.8965,0,0,0,0
81,3,1,0,1,1,1,0.9878,0.9896,0.9113,0.9032,637.9302,208.732,375.4088,203.2282,518.7231,216.0576,458.713,207.7877,262.579,60.5772,0.2307,1,1,82,1
81,3,1,1,1,1,1,0.9861,0.9889,0.8434,0.8708,1025.5627,340.8198,756.0196,331.5311,976.8366,451.1004,872.9936,429.2122,269.7032,106.1247,0.3935,1,1,82,1
81,3,1,9,0,0,1,0.0093,0.0785,0.0307,0.1935,1268.388,566.7981,1268.0074,568.671,1241.5238,677.0473,1231.684,680.9419,1.9112,10.5826,5.5372,0,0,0,0
82,3,1,0,1,1,1,0.9878,0.9896,0.9112,0.9033,637.9116,208.7276,375.415,203.2289,518.7182,216.0558,458.747,207.7462,262.5543,60.5441,0.2306,1,1,83,1
82,3,1,1,1,1,1,0.9861,0.9889,0.8434,0.8707,1025.6031,340.8371,756.0296,331.5702,976.8947,451.284,872.9929,429.2019,269.7327,106.2224,0.3938,1,1,83,1
82,3,1,9,0,0,1,0.0093,0.0784,0.0307,0.1935,1268.4366,566.7569,1268.0176,568.6454,1241.5345,677.0192,1231.7115,680.9184,1.9344,10.5686,5.4634,0,0,0,0
83,3,1,0,1,1,1,0.9878,0.9898,0.9106,0.9038,637.0177,209.0739,374.8293,203.044,517.8514,216.3532,457.7479,209.6194,262.2577,60.4795,0.2306,1,1,84,1
83,3,1,1,1,1,1,0.9862,0.9887,0.8452,0.8705,1025.0009,340.2676,756.0276,331.166,977.1825,451.6674,871.6265,429.4484,269.1272,107.8692,0.4008,1,1,84,1
83,3,1,9,0,0,1,0.0172,0.1281,0.0259,0.1668,1265.1598,558.542,1267.7869,561.9954,1237.0237,677.9016,1234.9025,677.6443,4.3391,2.1368,0.4924,0,0,0,0
84,3,1,0,1,1,1,0.9878,0.9898,0.9106,0.9038,637.0296,209.0876,374.8086,203.0396,517.8408,216.34,457.7519,209.6184,262.2907,60.4637,0.2305,1,1,85,1
84,3,1,1,1,1,1,0.9862,0.9887,0.8453,0.8705,1024.9867,340.2728,756.0036,331.1642,977.1884,451.6628,871.5933,429.4677,269.1373,107.9024,0.4009,1,1,85,1
84,3,1,9,0,0,1,0.0171,0.128,0.0259,0.1665,1265.1409,558.5916,1267.7926,562.0466,1237.0393,677.9456,1234.9767,677.6264,4.3553,2.0872,0.4792,0,0,0,0
85,3,1,0,1,1,1,0.9877,0.9897,0.9114,0.9053,636.9574,208.8801,374.6554,202.8797,517.6665,215.5315,457.9014,207.8251,262.3706,60.2599,0.2297,1,1,86,1
85,3,1,1,1,1,1,0.9864,0.9888,0.8459,0.869,1025.6975,340.4912,755.2267,331.6321,977.1833,450.7392,873.0227,427.6546,270.6159,106.6881,0.3942,1,1,86,1
85,3,1,9,0,0,1,0.0093,0.0801,0.0308,0.1958,1268.4606,568.1557,1267.3647,570.6858,1244.4099,672.3465,1237.677,674.8814,2.7572,7.1943,2.6093,0,0,0,0
86,2,0,0,1,1,1,0.9878,0.9898,0.9102,0.9036,636.4302,208.2192,374.7812,202.7559,516.4966,214.5692,458.4926,206.5488,261.706,58.5559,0.2237,1,1,87,1
86,2,0,1,1,1,1,0.9862,0.9887,0.846,0.8707,1025.1812,340.4206,756.0624,331.2543,976.3943,449.1054,873.7045,427.7653,269.2748,104.8837,0.3895,1,1,87,1
87,2,0,0,1,1,1,0.9878,0.9897,0.9102,0.9037,636.4184,208.2147,374.8173,202.7247,516.5292,214.569,458.4629,206.5714,261.6587,58.6145,0.224,1,1,88,1
87,2,0,1,1,1,1,0.9862,0.9887,0.8461,0.8705,1025.2238,340.3557,756.053,331.2251,976.3904,449.0918,873.8076,427.6555,269.3256,104.7987,0.3891,1,1,88,1
88,2,0,0,1,1,1,0.9877,0.9898,0.9105,0.9049,636.1998,208.5065,373.8052,202.5256,516.6521,215.3682,457.3879,208.1629,262.4627,59.7006,0.2275,1,1,89,1
88,2,0,1,1,1,1,0.986,0.9885,0.8485,0.8736,1024.7628,340.7252,757.0592,330.8893,977.7023,450.355,873.3716,426.5967,267.8842,107.0016,0.3994,1,1,89,1
89,2,0,0,1,1,1,0.9877,0.9898,0.9105,0.9049,636.2145,208.5024,373.7995,202.5253,516.6518,215.3733,457.3936,208.17,262.483,59.6945,0.2274,1,1,90,1
89,2,0,1,1,1,1,0.986,0.9885,0.8484,0.8735,1024.7836,340.7163,757.0377,330.8858,977.7113,450.3788,873.4089,426.5922,267.9263,106.9803,0.3993,1,1,90,1
90,2,0,0,1,1,1,0.9878,0.9897,0.911,0.9043,635.1982,208.7943,373.4584,203.2991,516.4146,215.4506,457.3396,208.087,261.7975,59.5322,0.2274,1,1,91,1
90,2,0,1,1,1,1,0.9859,0.9885,0.8484,0.875,1024.5898,340.5503,757.2013,330.8251,978.0154,450.6506,874.3558,426.4612,267.5653,106.4445,0.3978,1,1,91,1
91,2,0,0,1,1,1,0.9878,0.9897,0.9109,0.9043,635.2148,208.8154,373.4216,203.3024,516.4,215.4506,457.342,208.1094,261.8513,59.5126,0.2273,1,1,92,1
91,2,0,1,1,1,1,0.9859,0.9885,0.8486,0.875,1024.5343,340.5803,757.2068,330.796,978.0499,450.6523,874.3119,426.4947,267.5066,106.5136,0.3982,1,1,92,1
92,2,0,0,1,1,1,0.9876,0.9896,0.9116,0.9057,634.8718,208.7999,374.3781,203.0142,516.9173,216.8263,457.4117,208.3466,260.558,60.1068,0.2307,1,1,93,1
92,2,0,1,1,1,1,0.9861,0.9885,0.8494,0.8739,1024.9393,339.9857,756.6634,331.1606,977.6138,451.3525,870.6256,427.8921,268.4211,109.5302,0.4081,1,1,93,1
93,2,0,0,1,1,1,0.9876,0.9896,0.9115,0.9058,634.7934,208.8265,374.377,202.9852,516.9292,216.7641,457.4214,208.2076,260.4818,60.1198,0.2308,1,1,94,1
93,2,0,1,1,1,1,0.986,0.9885,0.8492,0.8743,1024.9004,339.9798,756.6941,331.11,977.5219,451.2584,870.5017,427.9356,268.3529,109.532,0.4082,1,1,94,1
94,2,0,0,1,1,1,0.9877,0.9898,0.9113,0.9057,634.2612,208.438,374.3275,203.0937,514.5637,214.624,457.621,208.257,259.9886,57.2975,0.2204,1,1,95,1
94,2,0,1,1,1,1,0.9861,0.9885,0.8501,0.8731,1025.675,339.8679,756.7317,331.8184,977.2224,450.251,871.6842,427.9918,269.0638,107.86,0.4009,1,1,95,1
95,2,0,0,1,1,1,0.9877,0.9898,0.9113,0.9056,634.2236,208.4368,374.3471,203.0985,514.6206,214.6258,457.5178,208.3971,259.9313,57.4415,0.221,1,1,96,1
95,2,0,1,1,1,1,0.9861,0.9885,0.8501,0.8734,1025.7472,339.9582,756.694,331.892,977.2715,450.2934,871.5813,427.9584,269.174,108.0244,0.4013,1,1,96,1
96,3,1,0,1,1,1,0.9878,0.9897,0.9123,0.9054,633.7053,208.9246,373.4642,203.123,514.2046,215.9254,455.8652,211.4893,260.3057,58.5078,0.2248,1,1,97,1
96,3,1,1,1,1,1,0.9865,0.9887,0.8479,0.8697,1026.1759,339.557,755.7896,332.1074,976.4155,449.5574,873.4558,427.6374,270.489,105.2672,0.3892,1,1,97,1
96,3,1,10,0,0,1,0.0095,0.0821,0.0302,0.1954,1269.4363,565.5185,1267.9806,567.5251,1242.2075,675.5194,1232.8611,677.9298,2.479,9.6522,3.8936,0,0,0,0
97,2,0,0,1,1,1,0.9915,0.9857,0.9292,0.8826,636.8422,211.2105,372.7425,203.1374,514.6728,216.5908,451.0655,203.4307,264.2231,64.9544,0.2458,1,1,98,1
97,2,0,1,1,1,1,0.9867,0.9887,0.8487,0.8682,1026.2104,338.7176,754.8864,332.4088,976.8683,449.8077,873.4458,428.075,271.3974,105.6813,0.3894,1,1,98,1
98,2,0,0,1,1,1,0.9915,0.9857,0.9291,0.8827,636.7854,211.2327,372.7567,203.1327,514.6418,216.5091,451.0224,203.3646,264.1529,64.9632,0.2459,1,1,99,1
98,2,0,1,1,1,1,0.9867,0.9887,0.8485,0.868,1026.238,338.7002,754.9646,332.3849,976.9153,449.8758,873.4328,428.1134,271.3469,105.7461,0.3897,1,1,99,1
99,2,0,0,1,1,1,0.9915,0.9856,0.9297,0.8827,635.9476,211.0474,371.8943,202.3177,513.5517,216.1079,451.4201,203.9375,264.1976,63.3124,0.2396,1,1,100,1
99,2,0,1,1,1,1,0.9867,0.9887,0.8487,0.868,1026.0515,338.8387,754.6518,332.855,976.1479,449.3784,871.004,428.8435,271.4656,107.1304,0.3946,1,1,100,1
100,2,0,0,1,1,1,0.9915,0.9856,0.9297,0.8825,635.9956,211.0137,371.8822,202.3447,513.6092,216.1934,451.4304,203.9658,264.2557,63.3698,0.2398,1,1,101,1
100,2,0,1,1,1,1,0.9867,0.9887,0.8485,0.868,1026.089,338.862,754.6844,332.8591,976.1232,449.3832,871.082,428.8198,271.471,107.035,0.3943,1,1,101,1
101,3,1,0,1,1,1,0.9917,0.9853,0.9307,0.8804,635.638,210.927,371.0174,201.9621,512.9627,215.9912,450.5254,205.2559,264.7724,63.3536,0.2393,1,1,102,1
101,3,1,1,1,1,1,0.9866,0.9887,0.8493,0.8687,1026.218,337.7102,756.0574,332.0034,976.5867,449.7806,869.6164,430.402,270.2209,108.7114,0.4023,1,1,102,1
101,3,1,11,0,0,1,0.0112,0.07,0.0274,0.1414,1267.5603,587.9448,1275.6605,592.2585,1244.237,676.6245,1236.7246,682.8594,9.1772,9.7627,1.0638,0,0,0,0
102,3,1,0,1,1,1,0.9917,0.9853,0.9307,0.8805,635.5878,210.9294,371.0589,202.01,512.9334,215.9766,450.5278,205.2093,264.6792,63.3276,0.2393,1,1,103,1
102,3,1,1,1,1,1,0.9866,0.9887,0.8496,0.8687,1026.1187,337.7165,756.0662,331.9692,976.5356,449.7246,869.536,430.4054,270.1136,108.7296,0.4025,1,1,103,1
102,3,1,11,0,0,1,0.0086,0.0806,0.03,0.2075,1270.9484,561.5102,1268.092,564.1096,1245.62,669.6002,1237.9155,669.6622,3.8621,7.7047,1.995,0,0,0,0
103,2,0,0,1,1,1,0.9917,0.9854,0.9305,0.8802,635.9466,211.4971,371.4175,202.8873,513.549,216.5384,450.6972,204.4471,264.6693,64.0043,0.2418,1,1,104,1
103,2,0,1,1,1,1,0.9869,0.9888,0.8497,0.8675,1025.9021,337.7504,755.3606,333.9538,975.5975,450.1066,868.0212,429.5584,270.5681,109.5212,0.4048,1,1,104,1
104,2,0,0,1,1,1,0.9917,0.9855,0.9305,0.8802,635.9762,211.5467,371.3988,202.8592,513.5409,216.4884,450.7365,204.3801,264.72,63.9609,0.2416,1,1,105,1
104,2,0,1,1,1,1,0.9869,0.9889,0.8494,0.8675,1025.9546,337.7564,755.2875,333.9719,975.4602,449.8616,867.993,429.5537,270.6936,109.3692,0.404,1,1,105,1
105,2,0,0,1,1,1,0.9917,0.9855,0.9298,0.8802,635.5772,211.2457,371.2019,203.1371,512.7838,216.551,449.6411,204.8771,264.4996,64.2128,0.2428,1,1,106,1
105,2,0,1,1,1,1,0.9871,0.9891,0.847,0.8664,1026.6766,337.2905,754.7796,333.4399,974.8805,449.0248,868.4749,430.0162,271.9242,108.0902,0.3975,1,1,106,1
106,2,0,0,1,1,1,0.9918,0.9854,0.9302,0.8794,635.3373,210.9386,370.41,202.8997,512.1817,216.1368,449.241,205.1117,265.0493,63.8991,0.2411,1,1,107,1
106,2,0,1,1,1,1,0.9868,0.9889,0.8471,0.8674,1025.708,337.2234,754.9964,333.1022,975.5969,449.7285,867.3407,431.3498,270.743,109.8052,0.4056,1,1,107,1
107,2,0,0,1,1,1,0.9917,0.9854,0.9302,0.8795,635.3268,210.9541,370.4176,202.9108,512.1924,216.1282,449.2442,205.1408,265.0313,63.8999,0.2411,1,1,108,1
107,2,0,1,1,1,1,0.9868,0.9889,0.8471,0.8675,1025.6829,337.1996,755.0264,333.0922,975.5925,449.7166,867.3663,431.331,270.6877,109.7768,0.4055,1,1,108,1
108,2,0,0,1,1,1,0.9916,0.9853,0.9305,0.8818,633.944,210.9638,369.4594,203.1242,511.2976,215.6808,449.6129,205.3755,264.6007,62.5397,0.2364,1,1,109,1
108,2,0,1,1,1,1,0.9869,0.989,0.8456,0.8657,1025.9523,337.2772,753.6615,333.464,976.5966,450.1924,869.7628,429.9644,272.3175,108.732,0.3993,1,1,109,1
109,2,0,0,1,1,1,0.9916,0.9853,0.9306,0.8818,633.9466,210.9346,369.4468,203.0782,511.298,215.7565,449.5722,205.4688,264.6165,62.5773,0.2365,1,1,110,1
109,2,0,1,1,1,1,0.9869,0.989,0.8459,0.8657,1025.9199,337.3697,753.6694,333.5482,976.6187,450.1473,869.9096,429.9013,272.2773,108.6128,0.3989,1,1,110,1
110,3,1,0,1,1,1,0.9919,0.985,0.9318,0.8784,634.007,211.7027,369.0757,203.6087,510.4788,214.9186,448.5116,206.0032,265.0549,62.6053,0.2362,1,1,111,1
110,3,1,1,1,1,1,0.9869,0.9889,0.8467,0.8657,1025.8928,337.9227,753.7227,333.813,976.5973,450.2704,872.7014,428.2321,272.2011,106.2075,0.3902,1,1,111,1
110,3,1,12,0,0,1,0.0087,0.0807,0.0294,0.2021,1270.8457,564.6304,1268.4891,566.4919,1240.2417,678.6328,1231.9589,679.8218,3.0031,8.3678,2.7864,0,0,0,0
111,3,1,0,1,1,1,0.9919,0.985,0.9317,0.8783,633.9492,211.6906,369.0235,203.6346,510.4786,214.8514,448.5312,206.0279,265.0482,62.5726,0.2361,1,1,112,1
111,3,1,1,1,1,1,0.9868,0.9888,0.8472,0.866,1025.8495,337.8107,753.7407,333.7006,976.5886,450.3777,872.614,428.3832,272.1398,106.2755,0.3905,1,1,112,1
111,3,1,12,0,0,1,0.0088,0.0811,0.0296,0.2038,1270.9246,565.3084,1268.5247,567.018,1239.9491,679.3448,1231.335,680.4992,2.9466,8.6912,2.9496,0,0,0,0
112,3,1,0,1,1,1,0.992,0.9851,0.9317,0.8769,633.888,211.9191,368.4398,203.5246,510.0872,214.7216,448.592,206.7728,265.5809,62.0067,0.2335,1,1,113,1
112,3,1,1,1,1,1,0.9871,0.989,0.846,0.8641,1025.7451,337.7683,753.0521,333.9163,975.3733,450.3114,873.762,428.132,272.7202,104.0037,0.3814,1,1,113,1
112,3,1,12,0,0,1,0.0086,0.0734,0.0289,0.189,1270.9452,570.7264,1268.4314,572.6806,1238.4142,678.456,1229.5675,681.6267,3.184,9.3977,2.9516,0,0,0,0
113,3,1,0,1,1,1,0.992,0.9849,0.9323,0.8761,633.2486,211.7896,368.0274,203.5168,509.3314,214.228,448.0804,206.7096,265.3502,61.7107,0.2326,1,1,114,1
113,3,1,1,1,1,1,0.9873,0.9889,0.8455,0.8608,1026.0034,338.1454,752.3128,334.6114,976.4232,451.2238,874.5635,428.289,273.7134,104.4098,0.3815,1,1,114,1
113,3,1,12,0,0,1,0.0088,0.0759,0.0291,0.1926,1271.0797,564.3442,1268.5684,566.5436,1239.8997,677.1802,1230.9398,680.753,3.3383,9.6459,2.8895,0,0,0,0
114,3,1,0,1,1,1,0.992,0.9849,0.9323,0.8761,633.2598,211.7897,368.0273,203.526,509.307,214.2596,448.0864,206.7064,265.3612,61.6848,0.2325,1,1,115,1
114,3,1,1,1,1,1,0.9873,0.9889,0.8456,0.8609,1025.9341,338.0952,752.3831,334.6,976.4186,451.2635,874.5377,428.2914,273.5733,104.4387,0.3818,1,1,115,1
114,3,1,12,0,0,1,0.0088,0.076,0.0291,0.1927,1271.0776,564.3834,1268.5502,566.5803,1239.9126,677.0796,1231.0284,680.6054,3.3488,9.5582,2.8542,0,0,0,0
115,2,0,0,1,1,1,0.992,0.9845,0.9336,0.8768,632.6936,211.8697,367.552,203.2635,508.9598,214.1221,447.7258,207.7372,265.2813,61.566,0.2321,1,1,116,1
115,2,0,1,1,1,1,0.9875,0.9889,0.8463,0.8593,1026.0037,337.7692,752.3059,334.6841,976.2054,452.0257,874.2546,427.9826,273.7151,104.7475,0.3827,1,1,116,1
116,2,0,0,1,1,1,0.992,0.9845,0.9337,0.8767,632.746,211.8867,367.5577,203.2826,508.9668,214.112,447.733,207.709,265.3278,61.5676,0.232,1,1,117,1
116,2,0,1,1,1,1,0.9875,0.9889,0.8462,0.8594,1025.968,337.6904,752.453,334.6159,976.2195,452.0588,874.8618,427.5599,273.5323,104.2764,0.3812,1,1,117,1
117,2,0,0,1,1,1,0.992,0.9848,0.9322,0.8765,632.856,211.9938,367.977,203.6208,510.192,217.0606,446.9072,210.3938,265.0114,63.635,0.2401,1,1,118,1
117,2,0,1,1,1,1,0.9873,0.9889,0.8456,0.8609,1025.904,337.758,752.4754,334.3605,976.389,451.3783,875.1344,427.9645,273.4497,103.9264,0.3801,1,1,118,1
118,2,0,0,1,1,1,0.992,0.9848,0.9322,0.8765,632.8428,211.9578,368.0122,203.6034,510.1908,217.0899,446.9473,210.38,264.9623,63.5985,0.24,1,1,119,1
118,2,0,1,1,1,1,0.9873,0.9889,0.8456,0.861,1025.888,337.7492,752.4867,334.3566,976.3821,451.3606,875.0759,428.0092,273.4223,103.9626,0.3802,1,1,119,1
119,2,0,0,1,1,1,0.9921,0.9849,0.9321,0.8751,632.4375,212.0108,366.6889,203.327,509.8024,216.2863,446.9232,208.9703,265.8904,63.3034,0.2381,1,1,120,1
119,2,0,1,1,1,1,0.9875,0.9891,0.8428,0.8594,1026.5304,338.1843,752.593,335.4071,977.5775,452.3607,874.6326,427.2912,273.9515,105.9534,0.3868,1,1,120,1
120,2,0,0,1,1,1,0.9921,0.9849,0.9321,0.8752,632.4136,212.0153,366.7256,203.3296,509.8004,216.2712,446.9484,208.9562,265.83,63.2763,0.238,1,1,121,1
120,2,0,1,1,1,1,0.9875,0.9892,0.8427,0.8593,1026.5464,338.2009,752.6505,335.43,977.6411,452.4215,874.4889,427.4474,273.9099,106.1324,0.3875,1,1,121,1
121,2,0,0,1,1,1,0.9921,0.9848,0.9329,0.8764,631.9112,212.1745,366.3833,202.9486,509.5057,215.4679,446.8948,208.9274,265.6882,62.9515,0.2369,1,1,122,1
121,2,0,1,1,1,1,0.9876,0.9892,0.8437,0.8595,1026.2959,337.7947,752.955,335.3294,976.9051,450.9914,872.9211,428.62,273.352,106.3633,0.3891,1,1,122,1
122,2,0,0,1,1,1,0.9921,0.9847,0.9335,0.8767,631.6172,212.6113,366.1373,203.2271,509.3167,215.5021,446.3244,210.454,265.6457,63.1943,0.2379,1,1,123,1
122,2,0,1,1,1,1,0.9875,0.989,0.8454,0.8604,1025.9691,337.6033,752.4121,335.5046,977.5751,451.9168,873.7488,427.9817,273.5651,106.5495,0.3895,1,1,123,1
123,2,0,0,1,1,1,0.9921,0.9847,0.9335,0.8768,631.6288,212.6113,366.1386,203.25,509.2764,215.5018,446.3058,210.501,265.6553,63.1688,0.2378,1,1,124,1
123,2,0,1,1,1,1,0.9875,0.989,0.8454,0.8605,1025.9575,337.6211,752.4162,335.5099,977.5738,451.9212,873.7557,428.0154,273.5494,106.5348,0.3895,1,1,124,1
124,2,0,0,1,1,1,0.9921,0.9849,0.9332,0.8767,631.2974,212.6017,365.6832,203.1219,508.826,215.3903,446.4672,210.6596,265.7833,62.538,0.2353,1,1,125,1
124,2,0,1,1,1,1,0.9876,0.989,0.8455,0.8594,1025.5222,337.6116,751.2066,335.763,977.0634,451.174,871.6324,428.9664,274.3218,107.7444,0.3928,1,1,125,1
125,2,0,0,1,1,1,0.9921,0.9849,0.9331,0.8768,631.283,212.6153,365.707,203.1357,508.8103,215.3785,446.4373,210.6557,265.7451,62.5515,0.2354,1,1,126,1
125,2,0,1,1,1,1,0.9876,0.989,0.8455,0.8595,1025.5154,337.6271,751.2124,335.7755,977.0558,451.1726,871.6644,428.952,274.3092,107.7084,0.3927,1,1,126,1
126,2,0,0,1,1,1,0.992,0.9848,0.9333,0.8784,630.8202,212.8979,365.3576,202.9922,508.8904,215.2042,447.1211,209.4352,265.6472,62.0381,0.2335,1,1,127,1
126,2,0,1,1,1,1,0.9873,0.9889,0.8473,0.8628,1024.8965,337.5578,752.0666,335.6232,976.3159,449.6754,870.1602,429.2296,272.8368,108.1067,0.3962,1,1,127,1
127,2,0,0,1,1,1,0.992,0.9848,0.9332,0.8784,630.7466,212.9244,365.3208,202.9718,508.9866,215.2844,447.0214,209.626,265.6123,62.2231,0.2343,1,1,128,1
127,2,0,1,1,1,1,0.9873,0.9889,0.8473,0.8633,1024.8356,337.5925,752.2044,335.6505,976.2602,449.6405,869.9108,429.3516,272.6381,108.2674,0.3971,1,1,128,1
128,2,0,0,1,1,1,0.992,0.9848,0.933,0.8774,630.3544,213.1378,365.2282,202.9773,509.6273,216.2368,446.8587,210.7117,265.3208,63.0113,0.2375,1,1,129,1
128,2,0,1,1,1,1,0.9874,0.989,0.8467,0.8619,1025.1532,337.2699,750.9236,335.5202,975.4034,448.9124,867.6235,430.182,274.2351,109.3953,0.3989,1,1,129,1
129,2,0,0,1,1,1,0.9921,0.9848,0.9331,0.8775,630.3214,213.1172,365.2464,202.9703,509.6312,216.2373,446.7946,210.7078,265.2692,63.0793,0.2378,1,1,130,1
129,2,0,1,1,1,1,0.9875,0.989,0.847,0.8618,1025.1892,337.2753,750.8755,335.4999,975.45,448.945,867.4919,430.258,274.3195,109.5634,0.3994,1,1,130,1
130,2,0,0,1,1,1,0.992,0.9846,0.9334,0.8767,629.9356,213.4987,365.9228,203.1694,509.5658,216.9236,446.4838,210.4974,264.2148,63.4084,0.24,1,1,131,1
130,2,0,1,1,1,1,0.9873,0.989,0.8452,0.8627,1023.693,337.1642,751.7192,335.2037,974.1592,446.7408,868.1949,429.5639,271.9808,107.3475,0.3947,1,1,131,1
131,2,0,0,1,1,1,0.992,0.9846,0.9333,0.8766,629.9222,213.4821,365.9397,203.1417,509.6112,217.0052,446.4717,210.5654,264.185,63.4671,0.2402,1,1,132,1
131,2,0,1,1,1,1,0.9873,0.989,0.8452,0.8628,1023.7177,337.1562,751.7812,335.188,974.1807,446.7284,868.1813,429.5752,271.9437,107.3782,0.3949,1,1,132,1
132,2,0,0,1,1,1,0.9923,0.9844,0.9346,0.874,629.7298,213.4587,365.7503,202.4583,509.2912,217.076,446.1388,211.0118,264.2086,63.4428,0.2401,1,1,133,1
132,2,0,1,1,1,1,0.9889,0.986,0.8327,0.8227,1025.5128,348.9089,749.201,343.2704,967.2639,445.5168,873.1972,433.0684,276.3693,94.8868,0.3433,1,1,133,1
133,3,1,0,1,1,1,0.9922,0.9842,0.9347,0.8747,628.9904,213.4269,365.3159,202.4557,509.6892,218.4419,445.4958,211.7044,263.9027,64.546,0.2446,1,1,134,1
133,3,1,1,1,1,1,0.989,0.986,0.8325,0.823,1024.5884,348.7133,748.761,343.1717,966.1667,445.2448,871.879,433.9356,275.883,94.9635,0.3442,1,1,134,1
133,3,1,13,0,0,1,0.0071,0.0587,0.0215,0.1481,1276.0658,572.5147,1273.5422,576.866,1240.7946,684.8357,1231.936,687.1924,5.0301,9.1666,1.8223,0,0,0,0
134,3,1,0,1,1,1,0.9921,0.9843,0.9346,0.8749,629.0093,213.4169,365.3604,202.4245,509.7253,218.4588,445.447,211.714,263.8779,64.6312,0.2449,1,1,135,1
134,3,1,1,1,1,1,0.989,0.986,0.8326,0.823,1024.5447,348.7439,748.7114,343.166,966.1083,445.2321,871.8295,433.9193,275.8896,94.9552,0.3442,1,1,135,1
134,3,1,13,0,0,1,0.007,0.0587,0.0214,0.1482,1276.0381,571.9752,1273.5793,576.3387,1240.408,685.1352,1231.5089,687.3896,5.0085,9.1802,1.8329,0,0,0,0
135,2,0,1,1,1,1,0.9873,0.9891,0.8441,0.8643,1021.4716,338.0594,748.5995,335.0563,972.4586,445.7135,868.4504,427.3732,272.8887,105.6128,0.387,1,1,136,1
135,2,0,0,1,1,1,0.9922,0.9842,0.935,0.8746,629.2378,213.6924,365.3033,202.5854,510.0024,219.6496,446.002,211.682,264.1682,64.4946,0.2441,1,1,136,1
136,2,0,1,1,1,1,0.9873,0.9891,0.844,0.8641,1021.4641,338.0354,748.5886,335.0391,972.4404,445.7146,868.4297,427.3904,272.8919,105.6124,0.387,1,1,137,1
136,2,0,0,1,1,1,0.9922,0.9842,0.9351,0.8743,629.2511,213.6788,365.3415,202.5541,509.952,219.5513,446.0218,211.6028,264.1439,64.4224,0.2439,1,1,137,1
137,2,0,1,1,1,1,0.9874,0.989,0.8457,0.8632,1021.2286,337.7449,748.83,335.2931,971.1321,444.8441,865.9128,428.5045,272.4097,106.4804,0.3909,1,1,138,1
137,2,0,0,1,1,1,0.9921,0.9842,0.9351,0.8755,628.659,214.0745,365.3259,202.1527,509.6093,219.6048,445.5176,212.0093,263.6029,64.5403,0.2448,1,1,138,1
138,2,0,1,1,1,1,0.9874,0.989,0.8458,0.8629,1021.2277,337.8166,748.7747,335.3773,971.1576,444.8048,866.4733,428.1732,272.4639,105.9973,0.389,1,1,139,1
138,2,0,0,1,1,1,0.9922,0.9842,0.9351,0.8754,628.6634,214.1476,365.2754,202.1809,509.6087,219.5956,445.472,211.979,263.6596,64.5874,0.245,1,1,139,1
139,3,1,1,1,1,1,0.9872,0.989,0.8465,0.8659,1020.1389,337.53,748.9098,335.0492,970.6213,443.6071,865.6797,428.512,271.2404,106.0216,0.3909,1,1,140,1
139,3,1,0,1,1,1,0.9922,0.984,0.9358,0.8747,628.3291,214.3116,364.755,201.7225,509.8066,219.9935,445.4218,212.4734,263.8746,64.8225,0.2457,1,1,140,1
139,3,1,14,0,0,1,0.0081,0.0615,0.0238,0.1472,1273.0419,573.734,1273.1565,578.3576,1235.9519,687.6278,1226.721,689.3391,4.625,9.3883,2.0299,0,0,0,0
140,3,1,1,1,1,1,0.9872,0.989,0.8465,0.866,1020.1415,337.5178,748.9316,335.0166,970.6202,443.6218,865.6801,428.541,271.2214,106.0183,0.3909,1,1,141,1
140,3,1,0,1,1,1,0.9922,0.984,0.9358,0.8747,628.326,214.3006,364.7717,201.7013,509.8113,219.9793,445.4393,212.4659,263.8553,64.809,0.2456,1,1,141,1
140,3,1,14,0,0,1,0.0081,0.0614,0.0237,0.1471,1273.0691,573.8329,1273.1875,578.4546,1235.97,687.595,1226.7612,689.318,4.6232,9.3685,2.0264,0,0,0,0
141,3,1,1,1,1,1,0.9867,0.9891,0.8437,0.8677,1019.3345,337.4337,749.6844,335.2272,970.2072,443.8454,865.8887,428.8449,269.6591,105.3914,0.3908,1,1,142,1
141,3,1,0,1,1,1,0.9923,0.9841,0.9359,0.8734,628.4746,214.482,364.8559,202.1141,510.089,220.5722,445.0378,212.5629,263.9086,65.5424,0.2484,1,1,142,1
141,3,1,14,0,0,1,0.0164,0.1357,0.0261,0.1835,1267.5875,551.2682,1268.7083,554.2506,1229.8314,684.7586,1228.2573,681.2217,3.186,3.8713,1.2151,0,0,0,0
142,3,1,1,1,1,1,0.9864,0.9891,0.8426,0.8709,1019.1102,337.5499,749.5694,334.7294,969.8906,443.452,865.9153,427.8646,269.5556,105.1372,0.39,1,1,143,1
142,3,1,0,1,1,1,0.9923,0.984,0.9359,0.8734,628.3095,214.4789,364.397,202.1302,509.7047,219.9505,444.8909,212.7727,264.2013,65.2101,0.2468,1,1,143,1
142,3,1,14,0,0,1,0.0162,0.1353,0.0255,0.1812,1267.4122,557.0382,1268.9026,559.9331,1226.4081,689.4044,1225.3,683.901,3.2561,5.6139,1.7241,0,0,0,0
143,3,1,1,1,1,1,0.9864,0.9891,0.8427,0.8709,1019.1057,337.5659,749.6319,334.7131,969.9197,443.4594,865.9429,427.8686,269.4889,105.1392,0.3901,1,1,144,1
143,3,1,0,1,1,1,0.9923,0.9839,0.9359,0.8735,628.2953,214.4774,364.4076,202.1155,509.7154,219.9437,444.8704,212.7946,264.177,65.2379,0.2469,1,1,144,1
143,3,1,14,0,0,1,0.0162,0.1358,0.0255,0.1818,1267.509,556.7492,1268.9722,559.6106,1226.4297,689.2978,1225.261,683.6904,3.2138,5.7278,1.7822,0,0,0,0
144,2,0,1,1,1,1,0.9861,0.9889,0.8455,0.8743,1017.0505,337.4371,749.7304,334.7368,969.4512,442.8879,865.5402,429.076,267.3338,104.8249,0.3921,1,1,145,1
144,2,0,0,1,1,1,0.9921,0.9841,0.935,0.875,628.6443,214.375,364.9003,202.1408,510.0024,219.9321,445.536,213.1027,264.0276,64.8271,0.2455,1,1,145,1
145,2,0,1,1,1,1,0.9861,0.9889,0.8455,0.8743,1017.0851,337.4801,749.7202,334.7553,969.496,442.9296,865.5506,429.1004,267.3788,104.8613,0.3922,1,1,146,1
145,2,0,0,1,1,1,0.9921,0.9841,0.935,0.875,628.6352,214.3831,364.9032,202.1449,510.0122,219.9213,445.5556,213.0715,264.0157,64.8196,0.2455,1,1,146,1
146,2,0,1,1,1,1,0.9861,0.9888,0.8469,0.8749,1016.8705,337.8686,748.9628,334.8867,969.5687,443.4738,864.5254,430.0542,267.9244,105.8971,0.3952,1,1,147,1
146,2,0,0,1,1,1,0.9922,0.984,0.9355,0.8739,629.1066,213.8856,365.5477,202.4101,510.0274,220.117,445.2846,212.9998,263.8085,65.1328,0.2469,1,1,147,1
147,2,0,1,1,1,1,0.9861,0.9888,0.8465,0.8749,1016.8805,337.889,748.9442,334.8977,969.4357,443.2168,864.6855,430.1052,267.953,105.5675,0.394,1,1,148,1
147,2,0,0,1,1,1,0.9922,0.984,0.9355,0.8739,629.0668,213.9287,365.5374,202.4343,510.0174,220.1744,445.3111,212.9588,263.78,65.1074,0.2468,1,1,148,1
148,2,0,1,1,1,1,0.9864,0.9886,0.8506,0.8737,1016.7532,338.0767,747.95,334.7622,968.081,441.6248,865.0325,428.7106,268.8236,103.8545,0.3863,1,1,149,1
148,2,0,0,1,1,1,0.9924,0.984,0.9354,0.8719,628.614,214.1187,365.3705,202.1517,510.3531,220.899,445.3162,213.5076,263.5154,65.4555,0.2484,1,1,149,1
149,2,0,1,1,1,1,0.9866,0.9889,0.8471,0.8729,1015.9268,337.8307,747.4418,334.956,968.5734,441.8407,864.4951,428.422,268.5004,104.9397,0.3908,1,1,150,1
149,2,0,0,1,1,1,0.9924,0.9841,0.9352,0.8721,628.5548,214.3317,365.4594,202.1142,510.6268,221.8426,445.1169,213.6026,263.379,66.0261,0.2507,1,1,150,1
150,2,0,1,1,1,1,0.9866,0.9889,0.8473,0.873,1015.9717,337.8732,747.449,334.9672,968.4995,441.7682,864.4644,428.3932,268.5384,104.8914,0.3906,1,1,151,1
150,2,0,0,1,1,1,0.9924,0.9841,0.9352,0.872,628.5609,214.3259,365.4572,202.126,510.6204,221.8038,445.069,213.5767,263.3865,66.0657,0.2508,1,1,151,1
151,3,1,1,1,1,1,0.9866,0.9888,0.8481,0.8723,1016.4672,338.0538,746.9354,335.3234,970.0458,443.506,864.553,428.0393,269.5456,106.6206,0.3956,1,1,152,1
151,3,1,0,1,1,1,0.9922,0.984,0.9356,0.8744,628.6504,213.8021,365.6644,201.8871,510.5912,222.237,445.0222,213.6639,263.2559,66.1271,0.2512,1,1,152,1
151,3,1,15,0,0,1,0.0173,0.1359,0.0265,0.1806,1267.9784,550.1916,1268.6759,553.5114,1234.6539,679.8516,1234.1302,674.6783,3.3922,5.1998,1.5328,0,0,0,0
152,3,1,1,1,1,1,0.9866,0.9888,0.8478,0.8723,1016.4494,338.0365,746.9506,335.3267,970.0659,443.509,864.562,428.0412,269.5125,106.6318,0.3956,1,1,153,1
152,3,1,0,1,1,1,0.9922,0.984,0.9356,0.8744,628.6548,213.7462,365.7208,201.834,510.6358,222.232,445.0128,213.6293,263.2037,66.1845,0.2515,1,1,153,1
152,3,1,15,0,0,1,0.0172,0.1354,0.0264,0.18,1267.9039,550.5314,1268.6892,553.8518,1234.4907,680.1201,1234.0538,674.9861,3.4121,5.1526,1.5101,0,0,0,0
153,3,1,1,1,1,1,0.9864,0.9887,0.847,0.8729,1015.4027,338.7976,747.366,335.7982,970.151,443.4358,864.9296,427.415,268.0535,106.434,0.3971,1,1,154,1
153,3,1,0,1,1,1,0.9923,0.9842,0.9356,0.8733,628.888,213.7001,364.764,202.0467,510.8608,222.1211,445.1021,213.678,264.3809,66.2984,0.2508,1,1,154,1
153,3,1,15,0,0,1,0.0158,0.1236,0.0244,0.1709,1267.532,561.7373,1270.2607,564.3278,1226.9225,685.091,1227.6803,680.6564,3.7626,4.4989,1.1957,0,0,0,0
154,3,1,1,1,1,1,0.9864,0.9887,0.847,0.8729,1015.4206,338.8328,747.372,335.826,970.1458,443.4284,864.715,427.5539,268.0654,106.6192,0.3977,1,1,155,1
154,3,1,0,1,1,1,0.9923,0.9842,0.9356,0.8733,628.9005,213.7004,364.7517,202.0346,510.8808,222.0908,445.099,213.7187,264.4063,66.3123,0.2508,1,1,155,1
154,3,1,15,0,0,1,0.0158,0.1226,0.0243,0.1691,1267.335,562.2799,1270.3623,564.9251,1226.6365,685.1414,1227.8422,680.7656,4.0202,4.5389,1.129,0,0,0,0
155,3,1,1,1,1,1,0.9869,0.9887,0.8488,0.87,1016.1339,338.8576,745.3913,335.8714,970.4639,443.4059,867.2893,426.3474,270.7591,104.5753,0.3862,1,1,156,1
155,3,1,0,1,1,1,0.9923,0.9841,0.9357,0.8736,628.3806,213.9958,364.6374,201.9932,509.7173,220.2056,445.0964,212.8282,264.0162,65.0407,0.2464,1,1,156,1
155,3,1,15,0,0,1,0.016,0.1267,0.0248,0.1745,1269.115,553.5306,1268.9335,555.9223,1229.5756,685.1838,1228.1797,682.6035,2.3986,2.9337,1.2231,0,0,0,0
156,3,1,1,1,1,1,0.9869,0.9887,0.849,0.87,1016.1191,338.8993,745.339,335.8904,970.4747,443.4482,867.2498,426.4182,270.7969,104.6202,0.3863,1,1,157,1
156,3,1,0,1,1,1,0.9923,0.984,0.9358,0.8738,628.3813,213.9768,364.651,201.9618,509.7182,220.1934,445.102,212.7965,264.0038,65.0382,0.2464,1,1,157,1
156,3,1,15,0,0,1,0.016,0.1269,0.0248,0.1751,1269.1985,553.4926,1269.0209,555.8335,1229.5516,685.055,1228.1422,682.3307,2.3477,3.0674,1.3066,0,0,0,0
157,2,0,1,1,1,1,0.9862,0.989,0.8436,0.8739,1016.2926,338.1851,747.9931,335.4452,970.6676,444.9547,864.1413,428.3799,268.3135,107.8081,0.4018,1,1,158,1
157,2,0,0,1,1,1,0.9923,0.9838,0.9366,0.8735,628.6778,213.8997,364.8849,201.8286,509.5955,221.1533,445.04,212.455,264.0689,65.1388,0.2467,1,1,158,1
158,3,1,1,1,1,1,0.9865,0.989,0.8436,0.8715,1016.609,338.4092,747.5994,334.7952,971.3256,445.6028,866.8847,427.8946,269.0339,105.9315,0.3937,1,1,159,1
158,3,1,0,1,1,1,0.9922,0.9841,0.9357,0.8742,628.3869,213.6275,364.7294,202.0063,509.6169,220.735,445.3334,212.5672,263.9135,64.8004,0.2455,1,1,159,1
158,3,1,16,0,0,1,0.018,0.1276,0.0274,0.1706,1266.4994,559.3617,1267.3417,562.3301,1232.2653,680.5444,1229.947,678.6887,3.0856,2.9695,0.9624,0,0,0,0
159,3,1,1,1,1,1,0.9865,0.989,0.8436,0.8717,1016.6108,338.4248,747.5913,334.7916,971.2635,445.5351,866.9064,427.8965,269.0441,105.8373,0.3934,1,1,160,1
159,3,1,0,1,1,1,0.9922,0.9841,0.9357,0.8742,628.3798,213.6225,364.709,201.9823,509.614,220.7416,445.3615,212.5633,263.9277,64.7709,0.2454,1,1,160,1
159,3,1,16,0,0,1,0.018,0.1277,0.0274,0.1707,1266.4673,559.3216,1267.3354,562.312,1232.3829,680.3816,1230.0953,678.5432,3.1139,2.9348,0.9425,0,0,0,0
160,3,1,1,1,1,1,0.9861,0.989,0.8437,0.874,1017.7649,338.8345,748.7356,335.0227,970.3964,444.3544,866.2814,428.3436,269.0563,105.3388,0.3915,1,1,161,1
160,3,1,0,1,1,1,0.9923,0.9842,0.9347,0.873,628.5332,213.4711,364.241,201.5738,510.0636,221.2802,443.9695,214.7994,264.5599,66.4111,0.251,1,1,161,1
160,3,1,16,0,0,1,0.0163,0.1273,0.0255,0.1756,1268.3075,552.5852,1268.9154,555.5472,1238.3511,676.055,1235.9956,673.2912,3.0238,3.6313,1.2009,0,0,0,0
161,3,1,1,1,1,1,0.9861,0.989,0.8433,0.874,1017.8027,338.8362,748.7292,334.977,970.3586,444.2806,866.2695,428.3067,269.1012,105.3077,0.3913,1,1,162,1
161,3,1,0,1,1,1,0.9923,0.9842,0.9347,0.8729,628.5504,213.4693,364.2353,201.5387,510.0065,221.2855,443.9458,214.8042,264.5842,66.3779,0.2509,1,1,162,1
161,3,1,16,0,0,1,0.0165,0.1275,0.0255,0.1742,1268.096,552.7282,1268.8846,555.8119,1238.7871,675.6189,1236.7898,672.8517,3.1829,3.4127,1.0722,0,0,0,0
162,3,1,1,1,1,1,0.9861,0.9893,0.84,0.8732,1019.9304,338.6927,749.5848,335.0109,969.6116,442.169,867.2995,427.541,270.3707,103.3525,0.3823,1,1,163,1
162,3,1,0,1,1,1,0.9922,0.9841,0.935,0.8743,628.8888,213.329,364.9154,201.5271,510.2574,221.6002,445.0021,213.6543,264.2371,65.7373,0.2488,1,1,163,1
162,3,1,16,0,0,1,0.0172,0.1317,0.0258,0.1727,1265.9049,554.3056,1267.594,557.9642,1236.4153,678.1544,1236.5564,674.5413,4.0297,3.6159,0.8973,0,0,0,0
163,3,1,1,1,1,1,0.9861,0.9893,0.8401,0.8732,1019.8273,338.6258,749.7522,335.0118,969.7567,442.4588,867.2356,427.5494,270.0994,103.5996,0.3836,1,1,164,1
163,3,1,0,1,1,1,0.9922,0.9841,0.935,0.8741,628.8518,213.5057,364.829,201.613,510.3194,221.6776,445.0318,213.7205,264.2906,65.7707,0.2489,1,1,164,1
163,3,1,16,0,0,1,0.0177,0.1328,0.0258,0.1709,1265.6501,554.5024,1267.6124,558.3098,1236.1178,677.9172,1236.7365,674.2817,4.2833,3.6878,0.861,0,0,0,0
164,2,0,1,1,1,1,0.9867,0.9892,0.8439,0.8691,1020.8814,339.4437,749.9363,335.2896,971.4908,442.9646,868.1069,427.9775,270.977,104.4646,0.3855,1,1,165,1
164,2,0,0,1,1,1,0.9923,0.9842,0.9348,0.8732,628.4467,213.4672,364.4948,201.5055,509.5887,220.943,444.8236,213.29,264.2228,65.2157,0.2468,1,1,165,1
165,2,0,1,1,1,1,0.9867,0.9891,0.8445,0.8693,1020.8459,339.2618,750.01,335.0875,971.478,443.025,867.916,428.4586,270.8681,104.5815,0.3861,1,1,166,1
165,2,0,0,1,1,1,0.9923,0.9842,0.9348,0.8734,628.4884,213.3604,364.7197,201.4985,509.7675,220.958,444.8221,213.2858,264.0354,65.397,0.2477,1,1,166,1
166,2,0,1,1,1,1,0.9867,0.9892,0.8444,0.8687,1023.1452,340.2684,751.4461,335.171,975.2383,447.8502,867.2581,430.2031,271.7469,109.4127,0.4026,1,1,167,1
166,2,0,0,1,1,1,0.9923,0.9841,0.9353,0.8739,628.3911,213.2352,364.3705,201.6283,509.8646,220.9498,445.2484,212.9518,264.2756,65.1092,0.2464,1,1,167,1
167,2,0,1,1,1,1,0.9867,0.9891,0.8445,0.8685,1023.2223,340.2775,751.4584,335.1677,975.3452,447.9402,867.1195,430.2317,271.8119,109.6649,0.4035,1,1,168,1
167,2,0,0,1,1,1,0.9923,0.9841,0.9353,0.8739,628.3759,213.2298,364.4126,201.6136,509.8164,220.9562,445.2718,212.9356,264.2188,65.0411,0.2462,1,1,168,1
168,2,0,0,1,1,1,0.9921,0.9842,0.9343,0.8757,629.1322,213.1627,364.9351,201.7806,509.8274,220.9135,445.6065,212.8281,264.4421,64.7278,0.2448,1,1,169,1
168,2,0,1,1,1,1,0.9862,0.9891,0.8431,0.8716,1024.5818,340.8766,754.1941,334.7319,977.6111,451.1831,866.3808,430.5295,270.4575,113.1316,0.4183,1,1,169,1
169,2,0,0,1,1,1,0.992,0.9843,0.9345,0.877,628.9826,213.1071,364.7596,201.7004,508.674,219.9206,446.0834,212.4607,264.4691,63.0337,0.2383,1,1,170,1
169,2,0,1,1,1,1,0.9863,0.989,0.8436,0.8701,1026.6711,342.1879,754.8526,333.8012,978.3705,452.9848,864.6042,432.885,271.9478,115.5282,0.4248,1,1,170,1
170,2,0,0,1,1,1,0.992,0.9843,0.9345,0.877,628.9838,213.0821,364.7725,201.6841,508.685,219.9376,446.0913,212.4615,264.457,63.0385,0.2384,1,1,171,1
170,2,0,1,1,1,1,0.9863,0.989,0.8436,0.8703,1026.5925,342.1742,754.9158,333.7755,978.3905,452.9251,864.6367,432.8438,271.8065,115.5127,0.425,1,1,171,1
171,3,1,0,1,1,1,0.992,0.9842,0.9348,0.8769,628.036,213.193,364.2074,200.7693,509.5629,220.3142,445.6756,212.5296,264.1209,64.3598,0.2437,1,1,172,1
171,3,1,1,1,1,1,0.9871,0.9894,0.8404,0.8652,1029.8259,345.6476,755.9038,332.0108,979.1993,457.1752,865.2962,432.0768,274.2614,116.6356,0.4253,1,1,172,1
171,3,1,17,0,0,1,0.0127,0.0743,0.0284,0.1472,1270.4921,585.7522,1279.0648,588.0124,1244.3076,674.0218,1233.2838,680.7293,8.8657,12.9041,1.4555,0,0,0,0
172,3,1,0,1,1,1,0.992,0.9842,0.9348,0.877,628.0435,213.1875,364.2093,200.7716,509.566,220.3204,445.674,212.5126,264.1262,64.3673,0.2437,1,1,173,1
172,3,1,1,1,1,1,0.9871,0.9894,0.8405,0.8652,1029.8589,345.6787,755.9065,332.071,979.3572,457.4214,865.2794,432.188,274.2901,116.8352,0.426,1,1,173,1
172,3,1,17,0,0,1,0.0127,0.0743,0.0284,0.1472,1270.5267,585.6886,1279.0822,587.9622,1244.323,673.9945,1233.3274,680.7019,8.8523,12.8799,1.455,0,0,0,0
173,2,0,0,1,1,1,0.992,0.9843,0.9347,0.8779,629.1027,213.2561,365.4388,200.8086,509.4569,221.11,445.1058,213.3844,263.9576,64.8132,0.2455,1,1,174,1
173,2,0,1,1,1,1,0.9865,0.9891,0.8488,0.8705,1034.7819,349.4262,764.1887,329.1588,979.0894,455.947,867.7751,428.1672,271.3511,114.7283,0.4228,1,1,174,1
174,2,0,0,1,1,1,0.992,0.9843,0.9347,0.8777,629.0667,213.2334,365.4326,200.8116,509.324,221.0352,445.0939,213.4092,263.9266,64.6812,0.2451,1,1,175,1
174,2,0,1,1,1,1,0.9865,0.9891,0.8489,0.8705,1034.7755,349.4163,764.1801,329.165,979.0823,455.9796,867.757,428.1538,271.3521,114.7502,0.4229,1,1,175,1
175,2,0,0,1,1,1,0.992,0.9845,0.9338,0.8786,629.1643,212.8165,364.8129,200.3254,509.0847,220.6496,445.7144,212.3541,264.6464,63.911,0.2415,1,1,176,1
175,2,0,1,1,1,1,0.9863,0.9893,0.8461,0.8718,1039.862,353.2382,768.857,326.8482,975.7981,454.4084,867.6015,426.1306,272.2869,111.8308,0.4107,1,1,176,1
176,2,0,0,1,1,1,0.992,0.9845,0.9338,0.8785,629.1898,212.822,364.7595,200.3395,509.0873,220.664,445.7048,212.3636,264.7248,63.9238,0.2415,1,1,177,1
176,2,0,1,1,1,1,0.9863,0.9893,0.8461,0.8719,1039.8397,353.2416,768.8634,326.8332,975.7579,454.359,867.6147,426.1472,272.2602,111.7625,0.4105,1,1,177,1
177,2,0,0,1,1,1,0.9921,0.9846,0.9344,0.8783,629.312,212.6898,364.2132,200.3094,508.5481,219.9379,446.1084,211.2776,265.3877,63.0374,0.2375,1,1,178,1
177,2,0,1,1,1,1,0.9865,0.9892,0.8473,0.8694,1041.4246,356.0002,769.8219,326.7862,972.908,451.3692,869.2627,422.32,273.1693,107.6393,0.394,1,1,178,1
178,3,1,0,1,1,1,0.992,0.9847,0.9333,0.8788,629.6516,212.4122,364.6221,200.2697,506.8785,218.2796,446.9646,210.0547,265.3075,60.4758,0.2279,1,1,179,1
178,3,1,1,1,1,1,0.986,0.9894,0.8426,0.8705,1042.0117,354.9298,768.9466,329.358,970.1848,444.7113,873.8965,414.7739,274.2598,100.8349,0.3677,1,1,179,1
178,3,1,18,0,0,1,0.0263,0.1308,0.0311,0.144,1265.7196,560.3971,1269.7775,560.6,1231.5339,684.0036,1231.9728,683.2996,4.0629,0.8296,0.2042,0,0,0,0
179,3,1,0,1,1,1,0.992,0.9847,0.9333,0.8788,629.6406,212.3797,364.6689,200.2484,506.8744,218.2578,446.9618,210.014,265.2492,60.477,0.228,1,1,180,1
179,3,1,1,1,1,1,0.986,0.9894,0.8424,0.8706,1041.9688,354.928,768.932,329.3492,970.2065,444.7202,873.8339,414.9152,274.2323,100.8762,0.3678,1,1,180,1
179,3,1,18,0,0,1,0.0261,0.1305,0.0309,0.1442,1265.8611,560.4928,1269.8386,560.6522,1231.5613,683.5628,1231.8445,682.8413,3.9807,0.7751,0.1947,0,0,0,0
180,3,1,0,1,1,1,0.992,0.9849,0.9326,0.8795,629.625,212.5536,364.7265,200.7576,507.7162,217.7406,446.9091,210.2331,265.1609,61.2688,0.2311,1,1,181,1
180,3,1,1,1,1,1,0.9861,0.9891,0.8489,0.8708,1038.1866,349.852,768.1783,332.0267,969.4201,438.6211,872.6296,412.0448,270.5961,100.3728,0.3709,1,1,181,1
180,3,1,18,0,0,1,0.0125,0.0866,0.0247,0.1467,1268.559,581.4098,1279.0044,583.8224,1237.3229,685.5847,1224.0156,693.5088,10.7204,15.4879,1.4447,0,0,0,0
181,3,1,0,1,1,1,0.992,0.9848,0.9327,0.8795,629.6158,212.5586,364.7294,200.7492,507.7392,217.7573,446.9263,210.2463,265.1495,61.2749,0.2311,1,1,182,1
181,3,1,1,1,1,1,0.9861,0.9891,0.8487,0.8707,1038.2306,349.8786,768.1493,332.0763,969.6608,438.8826,872.4927,412.1691,270.6674,100.7733,0.3723,1,1,182,1
181,3,1,18,0,0,1,0.0125,0.0865,0.0248,0.1466,1268.699,581.0422,1278.9471,583.4922,1237.7434,685.2732,1224.5023,693.2318,10.5369,15.4488,1.4662,0,0,0,0
182,3,1,0,1,1,1,0.992,0.9846,0.9335,0.8792,630.755,212.6775,363.9378,200.6768,507.0466,215.6026,447.66,207.9398,267.087,59.8791,0.2242,1,1,183,1
182,3,1,1,1,1,1,0.9864,0.9882,0.856,0.8682,1034.3752,345.0742,762.8933,335.1999,966.7149,433.0852,872.0134,414.2246,271.6614,96.5614,0.3554,1,1,183,1
182,3,1,18,0,0,1,0.0127,0.0779,0.0278,0.1461,1265.9387,598.1242,1273.9729,602.1353,1236.1458,684.4882,1224.7648,693.2042,8.9798,14.3351,1.5964,0,0,0,0
183,3,1,0,1,1,1,0.992,0.9846,0.9335,0.8792,630.7182,212.6718,363.9486,200.692,507.0113,215.4336,447.6925,207.9084,267.0384,59.7942,0.2239,1,1,184,1
183,3,1,1,1,1,1,0.9864,0.9882,0.8557,0.868,1034.3184,344.9919,762.8356,335.2594,966.6284,433.0047,872.0374,414.0188,271.6572,96.4776,0.3551,1,1,184,1
183,3,1,18,0,0,1,0.0126,0.0779,0.0276,0.1462,1265.9434,598.2313,1273.9714,602.2998,1236.4049,684.2204,1225.0172,693.0052,9.0001,14.3824,1.598,0,0,0,0
184,2,0,0,1,1,1,0.992,0.985,0.9317,0.8789,631.9372,211.8324,364.9272,200.7313,508.5218,215.5274,448.3398,207.6238,267.2408,60.6987,0.2271,1,1,185,1
184,2,0,1,1,1,1,0.9863,0.9874,0.86,0.8691,1028.0216,338.091,758.377,340.66,970.7279,437.616,866.1047,420.4315,269.6568,106.0251,0.3932,1,1,185,1
185,2,0,0,1,1,1,0.992,0.9848,0.9329,0.8785,632.0714,210.7734,366.4155,200.3623,507.7553,214.7472,449.1725,206.9241,265.8598,59.1028,0.2223,1,1,186,1
185,2,0,1,1,1,1,0.9864,0.988,0.8542,0.8714,1021.2375,335.552,753.2689,341.3683,970.9666,437.7959,868.0141,421.4219,268.0317,104.2464,0.3889,1,1,186,1
186,2,0,0,1,1,1,0.992,0.9848,0.933,0.8784,632.0548,210.7792,366.3975,200.3361,507.7595,214.7689,449.085,206.978,265.8625,59.1895,0.2226,1,1,187,1
186,2,0,1,1,1,1,0.9864,0.988,0.8542,0.8713,1021.2291,335.4899,753.3164,341.3287,970.9811,437.8161,867.8599,421.5108,267.9763,104.4023,0.3896,1,1,187,1
187,2,0,0,1,1,1,0.992,0.9847,0.9329,0.8785,632.1064,210.6749,366.9714,200.1037,507.9916,215.2252,450.0548,206.0852,265.3456,58.6534,0.221,1,1,188,1
187,2,0,1,1,1,1,0.9861,0.9879,0.8521,0.8733,1017.9717,337.8887,753.068,339.4722,974.2336,440.4662,870.9642,422.0324,264.9085,104.9017,0.396,1,1,188,1
188,2,0,0,1,1,1,0.992,0.9847,0.9329,0.8785,632.0772,210.6614,367.0146,200.1072,508.0297,215.209,450.0312,206.0484,265.2726,58.7175,0.2213,1,1,189,1
188,2,0,1,1,1,1,0.9861,0.9879,0.8521,0.8733,1017.967,337.903,753.1236,339.4863,974.2358,440.4848,870.9893,422.0211,264.8482,104.8845,0.396,1,1,189,1
189,2,0,0,1,1,1,0.9919,0.9851,0.9315,0.8797,631.9787,210.8789,367.9254,200.7216,509.016,215.2188,450.5001,205.3018,264.2486,59.3502,0.2246,1,1,190,1
189,2,0,1,1,1,1,0.985,0.9885,0.8396,0.8812,1013.6933,343.8914,752.3628,338.1179,971.6694,437.7422,872.1926,420.4142,261.3942,100.9747,0.3863,1,1,190,1
190,2,0,0,1,1,1,0.9918,0.9851,0.9314,0.8798,631.9681,210.8562,367.9456,200.6959,509.0434,215.2106,450.5104,205.2543,264.218,59.3738,0.2247,1,1,191,1
190,2,0,1,1,1,1,0.985,0.9885,0.8395,0.8811,1013.6743,343.9098,752.2794,338.1438,971.6467,437.7114,872.1689,420.4814,261.4584,100.9589,0.3861,1,1,191,1
191,2,0,0,1,1,1,0.9918,0.9852,0.9311,0.8809,632.2605,211.4552,367.6219,200.7008,508.8522,215.7105,449.1416,206.4493,264.857,60.4246,0.2281,1,1,192,1
191,2,0,1,1,1,1,0.9845,0.988,0.8442,0.885,1012.6062,348.5192,750.1932,335.6943,970.0703,438.1229,873.4231,420.2398,262.7262,98.2878,0.3741,1,1,192,1
192,2,0,0,1,1,1,0.9918,0.9852,0.9311,0.8809,632.2461,211.4614,367.646,200.6851,508.8379,215.6992,449.2263,206.449,264.8194,60.3251,0.2278,1,1,193,1
192,2,0,1,1,1,1,0.9845,0.988,0.8442,0.885,1012.5953,348.4883,750.1972,335.6852,970.0919,438.1388,873.4207,420.2258,262.7103,98.3168,0.3742,1,1,193,1
193,2,0,0,1,1,1,0.9916,0.9852,0.9309,0.8826,632.6442,211.3573,368.433,200.6924,509.4406,215.8021,449.1464,206.7773,264.4263,60.9659,0.2306,1,1,194,1
193,2,0,1,1,1,1,0.9845,0.9875,0.8482,0.8856,1012.4351,350.2948,748.5364,334.3902,969.7976,439.4815,874.4312,418.0624,264.3775,97.7422,0.3697,1,1,194,1
194,3,1,0,1,1,1,0.9875,0.9894,0.9098,0.9043,629.7943,208.0932,368.8742,201.5826,509.1902,216.0446,453.2875,215.8488,261.0014,55.903,0.2142,1,1,195,1
194,3,1,1,1,1,1,0.9836,0.9878,0.8456,0.8909,1012.7375,347.08,750.1904,333.9104,966.0715,436.1015,868.8918,421.2172,262.8772,98.3129,0.374,1,1,195,1
194,3,1,19,0,0,1,0.0201,0.1278,0.0286,0.1608,1264.8348,561.1902,1267.5205,565.5531,1226.9446,688.4552,1227.5492,687.7876,5.1233,0.9007,0.1758,0,0,0,0
195,3,1,0,1,1,1,0.9875,0.9894,0.9098,0.9043,629.7846,208.0704,368.8875,201.5456,509.1229,215.9264,453.3138,215.8068,260.9786,55.8093,0.2138,1,1,196,1
195,3,1,1,1,1,1,0.9835,0.9878,0.8458,0.8912,1012.5612,346.8755,750.3265,333.7574,966.1326,436.1692,868.9638,421.1652,262.5626,98.3203,0.3745,1,1,196,1
195,3,1,19,0,0,1,0.0203,0.128,0.0287,0.1602,1264.6958,561.3548,1267.471,565.7891,1227.098,688.2846,1227.887,687.5992,5.2311,1.0451,0.1998,0,0,0,0
196,3,1,0,1,1,1,0.9875,0.9895,0.9092,0.9048,628.5584,208.9911,369.0036,201.7846,510.5872,219.3816,454.7944,215.1037,259.6548,55.9566,0.2155,1,1,197,1
196,3,1,1,1,1,1,0.9839,0.9884,0.8431,0.8896,1013.8556,342.8302,751.4236,332.913,962.4019,433.0498,866.5327,423.4271,262.6193,96.351,0.3669,1,1,197,1
196,3,1,19,0,0,1,0.0193,0.1305,0.0289,0.1726,1265.8953,553.6574,1268.8336,557.4458,1228.8792,682.847,1228.2902,677.923,4.7944,4.9592,1.0344,0,0,0,0
197,3,1,0,1,1,1,0.9875,0.9895,0.9092,0.9048,628.5532,208.987,368.9828,201.7953,510.5844,219.3816,454.786,215.1052,259.67,55.9619,0.2155,1,1,198,1
197,3,1,1,1,1,1,0.9839,0.9884,0.8432,0.8897,1013.85,342.8371,751.4188,332.9129,962.429,433.0618,866.5613,423.4396,262.6187,96.3494,0.3669,1,1,198,1
197,3,1,19,0,0,1,0.0193,0.1305,0.0289,0.1726,1265.8618,553.7403,1268.8242,557.5288,1228.8218,682.8842,1228.2681,677.9585,4.8093,4.9567,1.0307,0,0,0,0
198,3,1,0,1,1,1,0.992,0.9854,0.93,0.8787,630.3842,214.1849,368.7283,200.5503,510.4514,222.9937,450.7263,208.869,262.0108,61.3727,0.2342,1,1,199,1
198,3,1,1,1,1,1,0.9849,0.9888,0.8413,0.8835,1014.8352,339.6135,750.5998,334.7205,966.454,435.8869,866.1808,421.8593,264.2806,101.2496,0.3831,1,1,199,1
198,3,1,19,0,0,1,0.0185,0.1267,0.0273,0.1676,1266.1895,556.6372,1268.2657,560.7374,1229.4141,683.7912,1230.2836,680.5447,4.596,3.361,0.7313,0,0,0,0
199,3,1,0,1,1,1,0.992,0.9854,0.9302,0.8787,630.3902,214.1892,368.7302,200.5372,510.4214,222.9298,450.7502,208.8395,262.016,61.3121,0.234,1,1,200,1
199,3,1,1,1,1,1,0.9849,0.9888,0.8412,0.8834,1014.8705,339.646,750.5777,334.7203,966.478,435.9271,866.1836,421.9132,264.3387,101.2688,0.3831,1,1,200,1
199,3,1,19,0,0,1,0.0186,0.1272,0.0275,0.1683,1266.1766,556.6455,1268.1918,560.7492,1229.736,683.786,1230.2211,680.6356,4.5717,3.1876,0.6972,0,0,0,0
200,2,0,0,1,1,1,0.9923,0.9856,0.9293,0.8744,628.7935,215.6584,365.1864,196.6238,509.009,225.0976,448.315,211.8649,264.2935,62.1199,0.235,1,1,201,1
200,2,0,1,1,1,1,0.9852,0.9888,0.8411,0.8813,1014.4483,339.1472,749.7614,335.4352,970.7975,440.214,865.5831,422.3558,264.713,106.7193,0.4032,1,1,201,1
201,2,0,0,1,1,1,0.9923,0.9856,0.9293,0.8744,628.7672,215.6826,365.1736,196.6086,508.9115,225.0116,448.3196,211.8968,264.2828,61.995,0.2346,1,1,202,1
201,2,0,1,1,1,1,0.9852,0.9889,0.841,0.8813,1014.4363,339.1376,749.7406,335.5072,970.834,440.2908,865.5238,422.3632,264.7206,106.8252,0.4035,1,1,202,1
202,2,0,0,1,1,1,0.9922,0.9857,0.9298,0.8784,627.7177,215.8179,363.8583,196.4811,509.1202,225.393,447.0806,214.0805,264.567,63.0625,0.2384,1,1,203,1
202,2,0,1,1,1,1,0.9854,0.9887,0.8418,0.8803,1012.8234,339.6561,748.7299,335.8554,969.3768,437.3827,868.6599,420.298,264.1209,102.1557,0.3868,1,1,203,1
203,2,0,0,1,1,1,0.9922,0.9857,0.9299,0.8784,627.7382,215.786,363.8958,196.5607,509.1364,225.4224,447.1151,214.037,264.542,63.0577,0.2384,1,1,204,1
203,2,0,1,1,1,1,0.9854,0.9887,0.8419,0.8801,1012.9032,339.6662,748.6839,335.904,969.4626,437.516,868.5583,420.3387,264.2461,102.356,0.3874,1,1,204,1
204,2,0,0,1,1,1,0.988,0.9903,0.9063,0.9042,627.148,209.0472,365.326,200.2823,509.1688,222.7618,452.5662,217.9955,261.9687,56.803,0.2168,1,1,205,1
204,2,0,1,1,1,1,0.9854,0.9886,0.8431,0.8811,1011.9689,339.4612,748.7786,334.5664,969.7758,438.4192,866.7848,422.5111,263.2358,104.2124,0.3959,1,1,205,1
205,2,0,1,1,1,1,0.9858,0.9887,0.8432,0.8792,1010.9528,338.8366,749.0826,333.0048,971.2666,440.1793,865.6886,425.414,261.9351,106.6055,0.407,1,1,206,1
205,2,0,0,1,1,1,0.9888,0.9903,0.9079,0.8982,630.8026,207.8568,366.4551,203.1596,510.8709,220.7671,453.8488,218.3838,264.3892,57.0719,0.2159,1,1,206,1
206,2,0,1,1,1,1,0.9858,0.9886,0.8434,0.8793,1010.9574,338.8475,749.0768,333.0151,971.2877,440.2072,865.713,425.3896,261.9456,106.6095,0.407,1,1,207,1
206,2,0,0,1,1,1,0.9888,0.9903,0.9079,0.8983,630.7361,207.8103,366.4775,203.1411,510.834,220.7796,453.8252,218.4753,264.2998,57.0554,0.2159,1,1,207,1
207,2,0,1,1,1,1,0.9853,0.9884,0.8455,0.8821,1010.6334,338.4631,749.6732,332.1366,971.9285,440.5169,866.89,425.835,261.0368,106.0596,0.4063,1,1,208,1
207,2,0,0,1,1,1,0.9887,0.9902,0.9085,0.8995,632.784,207.3944,368.2612,202.3463,511.2215,221.4919,456.4034,217.4886,264.571,54.9641,0.2077,1,1,208,1
208,2,0,1,1,1,1,0.9853,0.9884,0.8456,0.8821,1010.6191,338.408,749.6496,332.0697,971.9012,440.4388,866.9222,425.8464,261.0464,105.9884,0.406,1,1,209,1
208,2,0,0,1,1,1,0.9887,0.9902,0.9085,0.8995,632.786,207.3818,368.2648,202.316,511.2336,221.4716,456.4182,217.4462,264.5696,54.9631,0.2077,1,1,209,1
209,2,0,0,1,1,1,0.9888,0.9904,0.9065,0.8978,632.1916,210.5379,366.1924,199.1023,506.6042,225.4841,455.4844,214.7838,266.2449,52.2277,0.1962,1,1,210,1
209,2,0,1,1,1,1,0.9854,0.9885,0.8473,0.8831,1012.5059,337.3873,749.6938,331.4886,973.0502,440.1072,867.96,424.1972,262.8783,106.2877,0.4043,1,1,210,1
210,2,0,0,1,1,1,0.9888,0.9904,0.9064,0.8978,632.1924,210.5194,366.1968,199.0892,506.5828,225.4906,455.4514,214.8371,266.2411,52.2295,0.1962,1,1,211,1
210,2,0,1,1,1,1,0.9854,0.9884,0.8473,0.8831,1012.519,337.38,749.645,331.4742,973.0397,440.0984,867.9816,424.1911,262.9403,106.2556,0.4041,1,1,211,1
211,3,1,0,1,1,1,0.9927,0.9848,0.9357,0.8714,633.0152,218.0589,368.5614,194.1804,505.9627,229.8956,449.6587,211.9803,265.5297,59.0855,0.2225,1,1,212,1
211,3,1,1,1,1,1,0.9858,0.988,0.855,0.8795,1014.9977,337.2767,750.4857,333.2181,973.6645,438.9244,868.8263,422.9838,264.5432,106.0431,0.4009,1,1,212,1
211,3,1,20,0,0,1,0.0121,0.0742,0.0254,0.1317,1270.3113,576.9306,1278.2139,581.709,1236.4365,682.159,1226.4684,687.7683,9.2349,11.438,1.2386,0,0,0,0
212,3,1,0,1,1,1,0.9927,0.9848,0.9357,0.8714,633.012,218.0693,368.5477,194.1742,505.9735,229.8527,449.715,211.9318,265.5417,59.0439,0.2224,1,1,213,1
212,3,1,1,1,1,1,0.9858,0.9879,0.855,0.8794,1015.0024,337.274,750.4618,333.2244,973.6816,438.911,868.8774,422.9781,264.5716,106.0083,0.4007,1,1,213,1
212,3,1,20,0,0,1,0.0121,0.0744,0.0255,0.1318,1270.2479,576.8906,1278.1345,581.6792,1236.5917,682.0252,1226.5736,687.7049,9.2265,11.5161,1.2482,0,0,0,0
213,3,1,0,1,1,1,0.9902,0.9904,0.9105,0.8894,627.7834,217.1326,364.1756,193.7737,498.9742,228.0556,448.9962,215.205,264.6407,51.6036,0.195,1,1,214,1
213,3,1,1,1,1,1,0.9858,0.9878,0.8566,0.8796,1017.4918,337.7404,749.852,333.605,975.6512,438.0649,872.7518,417.7134,267.6718,104.8927,0.3919,1,1,214,1
213,3,1,20,0,0,1,0.0094,0.0832,0.0304,0.2002,1271.3921,564.1882,1267.9896,566.0623,1237.0796,682.269,1228.4713,683.3323,3.8845,8.6737,2.2329,0,0,0,0
214,3,1,0,1,1,1,0.9893,0.9904,0.9091,0.8971,628.7374,215.3119,365.7548,195.7096,503.3424,226.8818,445.5806,222.2552,263.7121,57.9468,0.2197,1,1,215,1
214,3,1,1,1,1,1,0.9861,0.9881,0.8532,0.8781,1017.5475,337.8008,751.5562,332.4149,976.5152,438.8578,874.7612,416.5477,266.0457,104.1711,0.3916,1,1,215,1
214,3,1,20,0,0,1,0.01,0.0828,0.0315,0.1927,1269.1361,567.653,1267.1661,569.9654,1237.914,683.9288,1230.8434,686.6278,3.0378,7.5682,2.4913,0,0,0,0
215,3,1,0,1,1,1,0.9893,0.9904,0.9091,0.8972,628.7388,215.3162,365.7571,195.7327,503.3544,226.8917,445.6236,222.2476,263.7098,57.9173,0.2196,1,1,216,1
215,3,1,1,1,1,1,0.9861,0.9881,0.8533,0.8782,1017.521,337.8151,751.5558,332.4246,976.4563,438.7232,874.8043,416.5492,266.0199,104.0424,0.3911,1,1,216,1
215,3,1,20,0,0,1,0.01,0.0827,0.0315,0.1926,1269.1552,567.6462,1267.1831,569.9544,1237.9475,683.8364,1230.8942,686.5349,3.0359,7.5519,2.4875,0,0,0,0
216,3,1,0,1,1,1,0.9889,0.9906,0.9083,0.8987,630.6514,211.1854,368.7257,200.7272,510.628,225.7124,451.5441,220.6592,262.1344,59.2995,0.2262,1,1,217,1
216,3,1,1,1,1,1,0.9853,0.9881,0.8534,0.8839,1017.7166,337.9516,755.3018,331.604,977.1752,439.4411,874.5967,417.4591,262.4915,104.9073,0.3997,1,1,217,1
216,3,1,20,0,0,1,0.0096,0.0791,0.0315,0.1985,1271.0961,568.5955,1268.2251,571.2994,1239.9464,679.5951,1232.5706,681.1082,3.9438,7.5295,1.9092,0,0,0,0
217,3,1,0,1,1,1,0.9889,0.9906,0.9082,0.8987,630.6142,211.1683,368.7497,200.7157,510.6144,225.6974,451.5543,220.6529,262.0731,59.2752,0.2262,1,1,218,1
217,3,1,1,1,1,1,0.9853,0.9881,0.8534,0.8839,1017.6936,337.9386,755.3446,331.5996,977.1534,439.406,874.5458,417.5384,262.4256,104.9119,0.3998,1,1,218,1
217,3,1,20,0,0,1,0.0095,0.0791,0.0315,0.1986,1271.0977,568.5786,1268.2156,571.2907,1239.9017,679.6632,1232.4777,681.2047,3.9575,7.5824,1.9159,0,0,0,0
218,3,1,0,1,1,1,0.989,0.9906,0.9064,0.898,631.4208,209.3335,367.7789,202.4132,512.7276,222.3536,455.3908,217.8486,263.7328,57.5135,0.2181,1,1,219,1
218,3,1,1,1,1,1,0.9851,0.9877,0.8555,0.8845,1018.8673,339.7839,756.8248,331.0214,977.4802,439.4852,875.9246,416.2315,262.189,104.1839,0.3974,1,1,219,1
218,3,1,20,0,0,1,0.0106,0.0862,0.0336,0.2073,1271.4602,562.6126,1268.7681,565.0346,1239.3887,679.4362,1229.7561,680.0612,3.6213,9.6528,2.6656,0,0,0,0
219,3,1,0,1,1,1,0.989,0.9906,0.9064,0.8978,631.4398,209.2814,367.7238,202.3276,512.6416,222.2381,455.3562,217.8306,263.8076,57.4547,0.2178,1,1,220,1
219,3,1,1,1,1,1,0.9851,0.9877,0.8556,0.8844,1018.7278,339.738,756.9178,330.9436,977.5977,439.706,875.8655,416.2985,261.9577,104.3904,0.3985,1,1,220,1
219,3,1,20,0,0,1,0.0106,0.086,0.0335,0.2061,1271.5065,562.6819,1268.7496,565.1205,1238.935,679.7156,1229.4072,680.4134,3.6806,9.5533,2.5956,0,0,0,0
220,2,0,0,1,1,1,0.9888,0.9906,0.9048,0.8999,629.5086,212.6325,366.0025,199.4173,509.1353,225.3314,457.3137,213.6278,263.8373,53.1267,0.2014,1,1,221,1
220,2,0,1,1,1,1,0.9847,0.9873,0.8607,0.8873,1018.9193,339.9516,757.4436,331.6439,976.9584,438.7348,874.9476,418.5077,261.6077,103.9968,0.3975,1,1,221,1
221,2,0,0,1,1,1,0.9896,0.9908,0.9059,0.8964,625.5525,217.4411,363.3367,196.8768,507.5001,229.2687,451.1058,220.1684,263.021,57.1237,0.2172,1,1,222,1
221,2,0,1,1,1,1,0.986,0.9876,0.8587,0.8775,1020.2778,340.7362,753.4425,333.4316,977.3884,439.7135,876.4052,417.1333,266.9352,103.477,0.3876,1,1,222,1
222,2,0,0,1,1,1,0.9896,0.9908,0.9059,0.8964,625.612,217.4163,363.3021,196.8591,507.4271,229.1501,451.2554,219.9251,263.1142,56.9242,0.2163,1,1,223,1
222,2,0,1,1,1,1,0.986,0.9876,0.8586,0.8774,1020.3282,340.7471,753.439,333.4181,977.5145,439.9772,876.3304,417.2316,266.9899,103.7091,0.3884,1,1,223,1
223,3,1,0,1,1,1,0.9895,0.9903,0.9094,0.8962,625.6247,218.3856,362.8435,196.6458,508.4045,231.6679,446.57,228.4385,263.6789,61.9187,0.2348,1,1,224,1
223,3,1,1,1,1,1,0.9861,0.9876,0.8595,0.8771,1020.3668,339.731,754.8382,332.7408,977.7707,440.76,875.2578,418.25,265.6205,104.9552,0.3951,1,1,224,1
223,3,1,21,0,0,1,0.0098,0.0779,0.031,0.1911,1272.1843,561.1925,1268.4213,563.7646,1236.592,680.458,1227.1273,684.2018,4.5581,10.1783,2.233,0,0,0,0
224,3,1,0,1,1,1,0.9895,0.9904,0.9093,0.8962,625.6052,218.3716,362.8201,196.6316,508.3995,231.6744,446.561,228.4473,263.6828,61.9226,0.2348,1,1,225,1
224,3,1,1,1,1,1,0.9861,0.9876,0.8596,0.8772,1020.3388,339.7372,754.8551,332.7352,977.7551,440.7506,875.2688,418.2637,265.576,104.9242,0.3951,1,1,225,1
224,3,1,21,0,0,1,0.0098,0.0778,0.031,0.1913,1272.2117,561.145,1268.4377,563.712,1236.6517,680.2459,1227.1595,683.8956,4.5642,10.1697,2.2281,0,0,0,0
225,3,1,0,1,1,1,0.9916,0.9861,0.9286,0.8835,632.5936,214.4742,367.8048,200.708,515.105,227.5173,448.2028,217.759,265.1464,67.6101,0.255,1,1,226,1
225,3,1,1,1,1,1,0.9857,0.9874,0.8607,0.8805,1019.8224,338.3422,757.7226,330.813,977.1786,440.1518,875.0921,418.6527,262.208,104.3257,0.3979,1,1,226,1
225,3,1,21,0,0,1,0.0099,0.0802,0.031,0.1953,1273.4282,556.5772,1268.9307,559.1054,1241.0502,674.9222,1233.1504,675.2894,5.1594,7.9083,1.5328,0,0,0,0
226,3,1,0,1,1,1,0.9916,0.9861,0.9286,0.8835,632.5962,214.4903,367.83,200.7195,515.1384,227.5308,448.1902,217.7762,265.124,67.655,0.2552,1,1,227,1
226,3,1,1,1,1,1,0.9857,0.9874,0.8607,0.8804,1019.8124,338.3414,757.715,330.8228,977.1664,440.1427,875.0844,418.6222,262.2052,104.3258,0.3979,1,1,227,1
226,3,1,21,0,0,1,0.0099,0.0802,0.031,0.1952,1273.4313,556.515,1268.916,559.0442,1241.038,674.9864,1233.1003,675.353,5.1753,7.9461,1.5354,0,0,0,0
227,2,0,0,1,1,1,0.9891,0.9902,0.9104,0.8973,631.0578,210.8497,368.9639,203.9741,517.0005,222.9218,457.4974,222.0364,262.1841,59.5097,0.227,1,1,228,1
227,2,0,1,1,1,1,0.985,0.9874,0.8595,0.8854,1019.08,339.0486,758.0955,332.0872,977.556,439.9666,873.4984,419.289,261.0773,106.0922,0.4064,1,1,228,1
228,2,0,0,1,1,1,0.9891,0.9902,0.9103,0.8973,631.0686,210.8515,368.9544,203.9677,517.0227,222.9028,457.4784,222.0254,262.2045,59.5508,0.2271,1,1,229,1
228,2,0,1,1,1,1,0.985,0.9874,0.8594,0.8854,1019.0942,339.0518,758.0686,332.0966,977.5908,439.987,873.4882,419.295,261.1182,106.139,0.4065,1,1,229,1
229,2,0,0,1,1,1,0.9892,0.9901,0.9107,0.8966,630.8624,214.3816,367.9595,203.6418,512.4001,225.6217,459.272,217.3992,263.1221,53.7607,0.2043,1,1,230,1
229,2,0,1,1,1,1,0.9852,0.9873,0.8614,0.8843,1018.3587,337.9909,758.4568,330.8215,976.9708,440.6508,874.2526,421.0122,260.0008,104.5787,0.4022,1,1,230,1
230,2,0,0,1,1,1,0.9923,0.9858,0.9313,0.8768,632.5216,222.4726,367.375,200.6682,510.1897,226.0979,451.3876,209.2286,266.0416,61.1739,0.2299,1,1,231,1
230,2,0,1,1,1,1,0.986,0.9875,0.8597,0.8768,1019.0114,340.0078,754.7781,333.244,978.0333,441.6916,878.4828,420.0326,264.3199,101.8794,0.3854,1,1,231,1
231,2,0,0,1,1,1,0.9923,0.9858,0.9312,0.8768,632.5404,222.4902,367.4253,200.6655,510.223,226.1088,451.3618,209.25,266.0119,61.2279,0.2302,1,1,232,1
231,2,0,1,1,1,1,0.986,0.9875,0.8598,0.8768,1018.9975,340.0388,754.8146,333.2394,978.0283,441.6874,878.4824,420.0356,264.2704,101.8734,0.3855,1,1,232,1
232,2,0,0,1,1,1,0.992,0.986,0.9296,0.8786,636.6208,219.6791,370.5148,199.4625,514.253,227.2465,447.6713,218.3352,266.8728,67.1755,0.2517,1,1,233,1
232,2,0,1,1,1,1,0.9862,0.9876,0.8585,0.8762,1018.0493,339.5691,753.7816,332.4868,979.1318,442.247,879.1607,420.6122,264.3626,102.2854,0.3869,1,1,233,1
233,2,0,0,1,1,1,0.992,0.986,0.9296,0.8786,636.6229,219.6906,370.5117,199.4722,514.2469,227.24,447.6439,218.3482,266.8782,67.1939,0.2518,1,1,234,1
233,2,0,1,1,1,1,0.9862,0.9875,0.8586,0.8761,1018.0667,339.5814,753.7722,332.4835,979.1172,442.2525,879.1561,420.598,264.3898,102.2797,0.3869,1,1,234,1
234,2,0,0,1,1,1,0.9885,0.9903,0.9088,0.9007,638.5314,209.1238,375.3264,202.3723,515.6712,222.9273,455.6615,223.1792,263.2916,60.0102,0.2279,1,1,235,1
234,2,0,1,1,1,1,0.9854,0.988,0.8531,0.8827,1017.4752,337.9358,755.1217,330.6477,978.9601,442.4042,877.2245,420.086,262.4547,104.1548,0.3968,1,1,235,1
235,2,0,0,1,1,1,0.9885,0.9903,0.9089,0.9006,638.5574,209.0716,375.3187,202.323,515.6543,222.9994,455.6718,223.2182,263.3252,59.9829,0.2278,1,1,236,1
235,2,0,1,1,1,1,0.9853,0.988,0.8531,0.8828,1017.4709,337.8795,755.0691,330.6273,978.9712,442.3192,876.9788,420.3199,262.502,104.338,0.3975,1,1,236,1
236,3,1,0,1,1,1,0.9888,0.9902,0.9106,0.9007,636.6512,207.6952,372.1606,203.1487,516.0863,232.485,456.4732,214.4698,264.5297,62.2757,0.2354,1,1,237,1
236,3,1,1,1,1,1,0.985,0.9877,0.8568,0.8864,1016.7911,336.9116,756.4917,330.1066,978.9312,441.6756,875.5065,420.666,260.3883,105.5371,0.4053,1,1,237,1
236,3,1,22,0,0,1,0.0095,0.085,0.03,0.203,1271.7184,563.379,1268.367,566.0388,1237.3794,682.3796,1228.8619,685.044,4.2786,8.9245,2.0858,0,0,0,0
237,3,1,0,1,1,1,0.9889,0.9902,0.9108,0.9006,636.622,207.6907,372.2235,203.1531,516.1399,232.5506,456.4624,214.4298,264.4374,62.3681,0.2359,1,1,238,1
237,3,1,1,1,1,1,0.985,0.9877,0.8569,0.8866,1016.9472,336.9731,756.5182,330.2746,979.0577,441.889,875.3708,420.8458,260.5151,105.8007,0.4061,1,1,238,1
237,3,1,22,0,0,1,0.0095,0.0856,0.0301,0.2033,1271.7014,563.3324,1268.3003,566.0268,1237.0896,683.2718,1228.3766,686.4552,4.3391,9.2764,2.1378,0,0,0,0
238,2,0,0,1,1,1,0.9924,0.9853,0.9348,0.88,632.1188,214.2707,368.6426,194.1292,508.7797,234.8766,451.0602,211.2624,264.2449,62.3632,0.236,1,1,239,1
238,2,0,1,1,1,1,0.9858,0.9879,0.855,0.8802,1016.8498,338.014,752.4986,332.833,976.9568,440.028,872.9091,420.8486,264.402,105.8006,0.4002,1,1,239,1
239,2,0,0,1,1,1,0.9924,0.9853,0.9348,0.88,632.0916,214.3382,368.6136,194.1588,508.8092,235.028,451.0166,211.3606,264.2495,62.451,0.2363,1,1,240,1
239,2,0,1,1,1,1,0.9858,0.9878,0.8551,0.8799,1016.8432,338.0499,752.5254,332.8591,976.963,440.0266,872.9379,420.7678,264.3688,105.7928,0.4002,1,1,240,1
240,2,0,0,1,1,1,0.9895,0.9905,0.9098,0.8984,630.413,213.3248,363.8867,192.7188,510.2393,229.8097,442.7732,222.1518,267.3216,67.8993,0.254,1,1,241,1
240,2,0,1,1,1,1,0.9865,0.9876,0.8582,0.875,1016.7043,339.0786,748.7699,334.3781,977.2101,439.657,875.0273,418.0784,267.9757,104.4365,0.3897,1,1,241,1
241,2,0,0,1,1,1,0.9924,0.986,0.9316,0.8776,633.3106,213.211,370.0516,195.4516,512.1858,226.6879,445.5512,218.6616,263.8573,67.1162,0.2544,1,1,242,1
241,2,0,1,1,1,1,0.9859,0.9883,0.8508,0.8792,1016.185,339.4252,748.916,334.3764,976.1689,439.3097,873.9862,416.9702,267.3167,104.5962,0.3913,1,1,242,1
242,2,0,0,1,1,1,0.9924,0.986,0.9316,0.8777,633.2892,213.2079,370.0631,195.4507,512.2166,226.6966,445.5354,218.681,263.8244,67.1613,0.2546,1,1,243,1
242,2,0,1,1,1,1,0.9859,0.9883,0.8509,0.8793,1016.1857,339.3818,748.9466,334.3589,976.1629,439.2985,873.9382,416.981,267.2863,104.6325,0.3915,1,1,243,1
243,2,0,0,1,1,1,0.9883,0.9904,0.9072,0.9042,633.833,204.3899,370.3626,199.7928,511.1211,225.0603,444.7073,225.2101,263.5106,66.414,0.252,1,1,244,1
243,2,0,1,1,1,1,0.9851,0.9881,0.8528,0.8853,1016.2371,338.5718,751.045,333.2507,975.929,439.2738,871.0745,417.1812,265.2455,107.1566,0.404,1,1,244,1
244,2,0,0,1,1,1,0.9883,0.9904,0.9071,0.9043,633.804,204.4066,370.3894,199.7921,511.1054,225.053,444.7196,225.1875,263.455,66.3861,0.252,1,1,245,1
244,2,0,1,1,1,1,0.9851,0.9881,0.8528,0.8853,1016.1994,338.596,751.0318,333.2815,975.9337,439.278,871.0705,417.211,265.2208,107.1598,0.404,1,1,245,1
245,2,0,0,1,1,1,0.9889,0.9899,0.9141,0.8985,630.7571,206.474,365.327,199.2336,499.6478,230.9377,449.1432,209.7968,265.5288,54.7508,0.2062,1,1,246,1
245,2,0,1,1,1,1,0.9855,0.9881,0.8548,0.8837,1016.7167,338.128,751.8254,332.3071,974.7958,439.03,869.9618,419.3524,264.9552,106.6648,0.4026,1,1,246,1
246,2,0,0,1,1,1,0.9889,0.9899,0.914,0.8986,630.7998,206.461,365.3306,199.2271,499.6123,230.8555,449.1762,209.738,265.5677,54.6786,0.2059,1,1,247,1
246,2,0,1,1,1,1,0.9855,0.9881,0.8547,0.8838,1016.7827,338.1609,751.8338,332.3129,974.7816,439.019,869.9669,419.3807,265.0134,106.6385,0.4024,1,1,247,1
247,2,0,1,1,1,1,0.9869,0.9875,0.8591,0.8695,1018.408,341.1481,745.8296,336.365,975.4149,440.1798,872.6273,419.0348,272.6203,104.94,0.3849,1,1,248,1
247,2,0,0,1,1,1,0.9901,0.9902,0.915,0.8939,625.31,212.2973,361.8784,194.6394,501.4884,230.0043,436.3318,216.6173,264.0228,66.5175,0.2519,1,1,248,1
248,2,0,1,1,1,1,0.9869,0.9875,0.8591,0.8695,1018.3789,341.173,745.8163,336.3977,975.4105,440.1736,872.49,419.0921,272.6044,105.0574,0.3854,1,1,249,1
248,2,0,0,1,1,1,0.9901,0.9902,0.9149,0.894,625.3186,212.3043,361.9202,194.6528,501.4944,229.9936,436.3885,216.5788,263.9892,66.4735,0.2518,1,1,249,1
249,2,0,1,1,1,1,0.9872,0.9871,0.863,0.8658,1019.6567,341.6452,746.5064,336.3298,976.4618,441.4193,872.6302,422.4498,273.202,105.5501,0.3863,1,1,250,1
249,2,0,0,1,1,1,0.989,0.9909,0.907,0.9012,630.7407,208.4369,367.0352,196.7915,504.6186,225.237,441.6897,222.619,263.9625,62.9833,0.2386,1,1,250,1
250,2,0,1,1,1,1,0.9855,0.9877,0.8552,0.8794,1018.6935,340.4272,751.086,333.9023,976.54,440.9375,871.5245,423.1222,267.687,106.5159,0.3979,1,1,251,1
250,2,0,0,1,1,1,0.9892,0.9906,0.91,0.8977,631.2699,204.8488,366.9701,200.5578,506.5831,221.5292,443.0852,224.4123,264.3346,63.5633,0.2405,1,1,251,1
251,2,0,1,1,1,1,0.9855,0.9878,0.8552,0.8794,1018.6372,340.3207,751.0896,333.8138,976.5201,440.9674,871.403,423.1662,267.6268,106.6138,0.3984,1,1,252,1
251,2,0,0,1,1,1,0.9892,0.9906,0.91,0.8977,631.2546,204.8948,366.9495,200.5728,506.5818,221.5759,443.0211,224.4964,264.3405,63.6277,0.2407,1,1,252,1
252,2,0,0,1,1,1,0.9892,0.9895,0.9182,0.8986,626.6002,204.5424,362.0756,199.1276,500.5849,234.3251,448.7776,212.9824,264.58,56.0313,0.2118,1,1,253,1
252,2,0,1,1,1,1,0.9881,0.9854,0.8421,0.8433,1021.3558,351.8757,749.0138,341.9135,970.6451,442.6116,874.8912,425.5768,272.5242,97.2574,0.3569,1,1,253,1
253,2,0,0,1,1,1,0.9892,0.9895,0.9182,0.8986,626.5998,204.537,362.0598,199.1248,500.5696,234.3379,448.7622,212.9926,264.5955,56.0324,0.2118,1,1,254,1
253,2,0,1,1,1,1,0.9881,0.9854,0.8421,0.8433,1021.3384,351.8802,749.0308,341.912,970.6425,442.6086,874.8851,425.5916,272.4899,97.2577,0.3569,1,1,254,1
254,2,0,0,1,1,1,0.9902,0.9899,0.916,0.8911,624.4518,208.2664,358.4202,195.366,501.5042,235.5804,436.3708,221.9062,266.3442,66.5533,0.2499,1,1,255,1
254,2,0,1,1,1,1,0.9866,0.9874,0.8607,0.8715,1020.4488,341.4512,750.0844,335.7342,978.0873,441.985,874.1542,419.4628,270.4249,106.3454,0.3933,1,1,255,1
255,2,0,0,1,1,1,0.9902,0.9899,0.916,0.8911,624.3416,208.2848,358.3688,195.3776,501.4708,235.519,436.314,221.8845,266.2858,66.568,0.25,1,1,256,1
255,2,0,1,1,1,1,0.9866,0.9874,0.8606,0.8715,1020.4933,341.4446,750.0493,335.7494,978.0797,441.9682,874.03,419.6232,270.5039,106.422,0.3934,1,1,256,1
256,2,0,0,1,1,1,0.9902,0.9906,0.9092,0.8893,628.1544,205.0688,359.6615,197.458,504.1263,223.5582,438.1669,222.1123,268.6007,65.9753,0.2456,1,1,257,1
256,2,0,1,1,1,1,0.987,0.9869,0.8653,0.8677,1021.7023,342.1034,748.8395,336.1482,977.9388,441.4106,873.8397,420.8566,272.9278,106.1089,0.3888,1,1,257,1
257,2,0,0,1,1,1,0.9886,0.9906,0.9074,0.9017,626.3452,199.1332,358.0573,202.8212,502.0958,221.6085,438.3353,225.3234,268.3133,63.8686,0.238,1,1,258,1
257,2,0,1,1,1,1,0.9863,0.9871,0.8642,0.8735,1021.0625,341.7592,751.8884,335.1585,977.9753,440.7741,873.4953,420.4046,269.2551,106.4471,0.3953,1,1,258,1
258,2,0,0,1,1,1,0.9886,0.9906,0.9074,0.9018,626.3008,199.1149,358.012,202.7763,502.152,221.6551,438.3936,225.2647,268.3138,63.8605,0.238,1,1,259,1
258,2,0,1,1,1,1,0.9863,0.987,0.8644,0.8737,1021.0254,341.8193,751.8732,335.1842,978.0099,440.8518,873.4413,420.4698,269.234,106.5365,0.3957,1,1,259,1
259,2,0,0,1,1,1,0.9927,0.9846,0.9369,0.874,627.4812,200.8851,356.5664,202.104,499.8004,228.8965,428.5775,217.8984,270.9175,72.067,0.266,1,1,260,1
259,2,0,1,1,1,1,0.9863,0.9868,0.8669,0.8743,1021.1194,341.5442,753.4626,334.8306,978.8428,442.2882,873.5768,420.7996,267.7409,107.4369,0.4013,1,1,260,1
260,2,0,0,1,1,1,0.9926,0.9846,0.937,0.874,627.4094,200.9015,356.5771,202.0456,499.8335,228.8884,428.622,217.8813,270.8348,72.0572,0.2661,1,1,261,1
260,2,0,1,1,1,1,0.9863,0.9868,0.867,0.8739,1021.2296,341.5885,753.388,334.9562,978.8825,442.3016,873.5729,420.685,267.9237,107.5053,0.4013,1,1,261,1
261,2,0,0,1,1,1,0.9894,0.991,0.9187,0.9007,616.4392,198.0149,347.8075,201.9737,491.962,223.9614,429.6975,216.0576,268.6609,62.7642,0.2336,1,1,262,1
261,2,0,1,1,1,1,0.9867,0.9868,0.8672,0.8701,1022.2454,342.3766,752.6545,336.9957,978.4436,441.609,873.5884,420.7772,269.6446,106.9045,0.3965,1,1,262,1
262,2,0,0,1,1,1,0.9894,0.991,0.9188,0.9007,616.4372,198.0202,347.8108,201.9857,491.9636,223.9625,429.689,216.0674,268.6557,62.773,0.2337,1,1,263,1
262,2,0,1,1,1,1,0.9867,0.9868,0.867,0.8701,1022.2369,342.396,752.6354,337.0362,978.4681,441.6155,873.6061,420.755,269.6547,106.9168,0.3965,1,1,263,1
263,2,0,0,1,1,1,0.9904,0.9912,0.9169,0.8928,613.3274,201.0559,346.0056,201.253,493.4478,222.1318,427.1961,213.9535,267.3219,66.7545,0.2497,1,1,264,1
263,2,0,1,1,1,1,0.9868,0.9868,0.8669,0.8693,1021.8134,342.134,751.4908,336.1618,977.3928,440.3326,874.0603,421.3552,270.3885,105.0606,0.3886,1,1,264,1
264,2,0,0,1,1,1,0.9905,0.991,0.9178,0.889,611.5556,201.2392,347.008,202.9794,496.6406,222.0071,427.9743,214.039,264.5534,69.1271,0.2613,1,1,265,1
264,2,0,1,1,1,1,0.9884,0.9845,0.8462,0.8343,1023.6573,353.1642,748.5921,344.4861,972.5114,442.4677,877.0267,424.1022,275.2021,97.2349,0.3533,1,1,265,1
265,2,0,0,1,1,1,0.9906,0.991,0.9178,0.889,611.5611,201.251,347.004,202.97,496.6533,222.0021,427.9602,214.0758,264.5627,69.1489,0.2614,1,1,266,1
265,2,0,1,1,1,1,0.9884,0.9845,0.8463,0.8344,1023.6667,353.185,748.576,344.5014,972.5126,442.4972,877.0179,424.1624,275.2277,97.2388,0.3533,1,1,266,1
266,2,0,0,1,1,1,0.9905,0.9894,0.9126,0.8838,617.0158,198.8173,349.2949,201.7164,498.1276,224.0551,424.3606,213.7986,267.7366,74.4767,0.2782,1,1,267,1
266,2,0,1,1,1,1,0.9847,0.9912,0.8264,0.8812,1021.6604,350.2828,747.3905,340.1475,987.3398,437.8987,881.7165,422.6184,274.4571,106.7229,0.3889,1,1,267,1
267,2,0,0,1,1,1,0.9906,0.9894,0.9127,0.8837,616.9776,198.7598,349.2782,201.718,498.1168,224.069,424.36,213.8306,267.7158,74.464,0.2781,1,1,268,1
267,2,0,1,1,1,1,0.9847,0.9912,0.8263,0.8811,1021.6982,350.4348,747.3114,340.2902,987.4732,438.0062,881.6863,422.6216,274.5742,106.8998,0.3893,1,1,268,1
268,2,0,0,1,1,1,0.9904,0.991,0.9189,0.8921,612.0711,199.0647,348.2696,204.2564,496.4607,218.8901,427.6244,210.2606,263.8526,69.3751,0.2629,1,1,269,1
268,2,0,1,1,1,1,0.9883,0.9844,0.8422,0.8311,1024.1827,353.1979,748.4798,343.3362,972.4426,441.0639,876.8115,424.607,275.8792,97.0367,0.3517,1,1,269,1
269,2,0,0,1,1,1,0.9904,0.9911,0.9188,0.8921,612.1099,199.0884,348.236,204.2712,496.518,219.0685,427.4823,210.4654,263.9249,69.5697,0.2636,1,1,270,1
269,2,0,1,1,1,1,0.9882,0.9844,0.8416,0.8309,1024.3052,353.2611,748.4259,343.3811,972.3319,440.8392,876.9106,424.388,276.0561,96.8291,0.3508,1,1,270,1
270,2,0,0,1,1,1,0.9906,0.9911,0.917,0.8887,611.8458,200.2255,347.8428,204.2269,496.6324,218.066,428.815,205.731,264.0333,68.9301,0.2611,1,1,271,1
270,2,0,1,1,1,1,0.9881,0.9844,0.8355,0.8267,1024.4875,353.9458,747.2494,344.0193,973.2704,442.8192,876.6844,426.065,277.4158,98.0284,0.3534,1,1,271,1
271,2,0,0,1,1,1,0.9906,0.9912,0.917,0.8886,611.8894,200.1538,347.8778,204.1538,496.6434,218.0861,428.854,205.6711,264.0419,68.9169,0.261,1,1,272,1
271,2,0,1,1,1,1,0.988,0.9844,0.8356,0.827,1024.4664,353.877,747.2292,344.057,973.2292,442.7328,876.8161,425.8788,277.4111,97.8751,0.3528,1,1,272,1
272,2,0,0,1,1,1,0.9904,0.991,0.9171,0.8904,611.0174,200.3935,347.5523,202.8436,497.6584,218.6203,430.2971,204.8535,263.4766,68.7536,0.2609,1,1,273,1
272,2,0,1,1,1,1,0.9881,0.9847,0.8384,0.8325,1024.0295,353.5662,747.7558,343.4068,972.7811,442.8848,876.6136,425.6644,276.4605,97.6971,0.3534,1,1,273,1
273,2,0,0,1,1,1,0.9904,0.991,0.9172,0.8904,611.0246,200.4178,347.5494,202.8428,497.6674,218.6071,430.3358,204.8255,263.4863,68.7275,0.2608,1,1,274,1
273,2,0,1,1,1,1,0.9881,0.9846,0.8383,0.832,1024.0848,353.6597,747.5171,343.5702,972.8223,442.8874,876.6152,425.657,276.7517,97.7379,0.3532,1,1,274,1
274,2,0,0,1,1,1,0.9905,0.9908,0.9185,0.8885,611.6526,201.344,347.2143,202.4298,496.9259,218.1973,430.0868,204.7308,264.4405,68.1822,0.2578,1,1,275,1
274,2,0,1,1,1,1,0.987,0.9871,0.8637,0.8672,1022.9011,341.6002,750.9438,335.2735,978.4823,441.6654,874.2961,421.4375,272.0309,106.1316,0.3901,1,1,275,1
275,2,0,0,1,1,1,0.9905,0.9908,0.9186,0.8885,611.6414,201.3781,347.2038,202.4289,496.9294,218.2074,430.0684,204.7373,264.4396,68.2044,0.2579,1,1,276,1
275,2,0,1,1,1,1,0.987,0.9871,0.8637,0.8672,1022.8986,341.5954,750.926,335.279,978.48,441.601,874.2921,421.3922,272.0459,106.1297,0.3901,1,1,276,1
276,2,0,0,1,1,1,0.9902,0.991,0.9176,0.8923,612.4866,200.9972,348.0447,204.2897,496.9145,217.0276,429.8957,204.8819,264.4624,68.1105,0.2575,1,1,277,1
276,2,0,1,1,1,1,0.987,0.9868,0.8668,0.8665,1023.4328,341.9908,751.5738,335.283,978.218,441.5841,872.5864,422.9404,271.9418,107.2642,0.3944,1,1,277,1
277,2,0,0,1,1,1,0.99,0.991,0.9179,0.8936,613.3496,201.2364,348.8708,205.8404,496.344,215.3707,430.1219,203.0778,264.5189,67.3534,0.2546,1,1,278,1
277,2,0,1,1,1,1,0.9871,0.9869,0.867,0.8655,1023.4102,341.8392,751.953,335.7505,977.8678,441.8811,874.3964,421.5413,271.5256,105.4516,0.3884,1,1,278,1
278,2,0,0,1,1,1,0.99,0.991,0.918,0.8936,613.3402,201.2864,348.7906,205.8265,496.3602,215.4334,430.054,203.2063,264.5886,67.4241,0.2548,1,1,279,1
278,2,0,1,1,1,1,0.9871,0.9869,0.8671,0.8653,1023.4359,341.8264,751.9406,335.7187,977.8442,441.8787,874.4275,421.548,271.564,105.3962,0.3881,1,1,279,1
279,3,1,0,1,1,1,0.9898,0.9909,0.9173,0.8951,614.5042,200.3078,349.4896,205.2791,496.8901,215.9569,430.0097,203.8309,265.0611,67.9708,0.2564,1,1,280,1
279,3,1,1,1,1,1,0.9869,0.987,0.864,0.8668,1022.5793,341.7131,751.3798,335.5588,977.4847,441.3583,873.6683,422.0189,271.2694,105.6023,0.3893,1,1,280,1
279,3,1,23,0,0,1,0.0093,0.0789,0.0307,0.1976,1269.6879,572.1692,1267.7334,574.9826,1239.9128,679.9936,1234.97,683.064,3.4258,5.8189,1.6986,0,0,0,0
280,3,1,0,1,1,1,0.9898,0.9909,0.9173,0.8952,614.515,200.2887,349.4945,205.2734,496.9451,215.9595,430.0074,203.8478,265.0674,68.0246,0.2566,1,1,281,1
280,3,1,1,1,1,1,0.9868,0.9871,0.8639,0.8669,1022.593,341.7517,751.4218,335.5858,977.5025,441.3504,873.6221,422.0359,271.2413,105.6607,0.3895,1,1,281,1
280,3,1,23,0,0,1,0.0094,0.079,0.0308,0.1977,1269.6097,572.2513,1267.6876,575.0726,1239.8363,680.1502,1234.9083,683.2318,3.4138,5.8121,1.7025,0,0,0,0
281,3,1,0,1,1,1,0.99,0.9907,0.9178,0.8911,614.1515,201.6726,349.654,206.5467,496.7758,216.1033,429.1376,204.4903,264.5423,68.6279,0.2594,1,1,282,1
281,3,1,1,1,1,1,0.987,0.9873,0.8621,0.8659,1023.4313,342.2769,751.3944,335.878,977.8033,441.4353,873.9531,420.8974,272.1122,105.8615,0.389,1,1,282,1
281,3,1,23,0,0,1,0.0095,0.0844,0.0311,0.206,1270.8562,563.3198,1268.0833,565.6376,1240.9274,679.0995,1232.5146,682.6316,3.614,9.1241,2.5246,0,0,0,0
282,3,1,0,1,1,1,0.99,0.9907,0.9178,0.8911,614.1516,201.6697,349.6606,206.5568,496.8043,216.1133,429.1328,204.519,264.5361,68.6575,0.2595,1,1,283,1
282,3,1,1,1,1,1,0.987,0.9873,0.8622,0.8659,1023.4106,342.2653,751.386,335.8702,977.8079,441.4287,873.995,420.9052,272.0998,105.8221,0.3889,1,1,283,1
282,3,1,23,0,0,1,0.0096,0.0845,0.0312,0.2061,1270.8022,563.3734,1268.0663,565.6881,1240.925,679.133,1232.479,682.6889,3.5838,9.164,2.5571,0,0,0,0
283,2,0,0,1,1,1,0.9901,0.9906,0.9187,0.8897,613.4494,203.0306,349.8717,206.8906,496.7946,215.6887,429.3568,205.2302,263.606,68.2439,0.2589,1,1,284,1
283,2,0,1,1,1,1,0.9865,0.9874,0.8602,0.8697,1022.5418,342.2835,751.7376,335.9814,977.5893,442.4072,871.5999,422.4212,270.8776,107.8573,0.3982,1,1,284,1
284,2,0,0,1,1,1,0.9902,0.9905,0.9186,0.8873,613.2581,203.8569,350.1319,207.7377,496.3294,215.8906,429.5396,205.7161,263.1548,67.5603,0.2567,1,1,285,1
284,2,0,1,1,1,1,0.9866,0.9877,0.8581,0.8681,1023.1686,342.7132,750.4142,336.687,977.0239,442.3774,869.2988,424.9848,272.821,109.1201,0.4,1,1,285,1
285,2,0,0,1,1,1,0.9902,0.9905,0.9186,0.8874,613.2672,203.8576,350.1192,207.74,496.3452,215.8938,429.5551,205.6874,263.1767,67.5654,0.2567,1,1,286,1
285,2,0,1,1,1,1,0.9866,0.9877,0.8582,0.8682,1023.1559,342.6999,750.3826,336.6849,977.0215,442.3846,869.2792,424.983,272.8396,109.1386,0.4,1,1,286,1
286,2,0,0,1,1,1,0.9901,0.9901,0.9205,0.8865,613.8807,204.624,351.3414,208.2004,496.712,217.3613,429.0672,209.3214,262.5636,68.121,0.2594,1,1,287,1
286,2,0,1,1,1,1,0.9872,0.9878,0.8595,0.8645,1023.9198,340.773,750.3574,336.2664,978.3398,444.3087,868.3696,426.0344,273.5995,111.4783,0.4075,1,1,287,1
287,2,0,0,1,1,1,0.9901,0.9901,0.9204,0.8865,613.8852,204.6539,351.2996,208.2024,496.6946,217.3207,429.0876,209.2692,262.6095,68.0847,0.2593,1,1,288,1
287,2,0,1,1,1,1,0.9871,0.9878,0.8595,0.865,1023.9219,340.713,750.4378,336.1901,978.3554,444.3142,867.7948,426.3869,273.5214,112.0046,0.4095,1,1,288,1
288,2,0,0,1,1,1,0.9899,0.9898,0.9214,0.8868,614.2223,205.5646,352.3894,207.9683,496.2976,216.5989,429.628,210.6478,261.8439,66.9346,0.2556,1,1,289,1
288,2,0,1,1,1,1,0.9872,0.9874,0.8635,0.8637,1023.3259,340.4443,750.628,336.625,977.2473,443.4594,870.8548,425.835,272.7247,107.8424,0.3954,1,1,289,1
289,2,0,0,1,1,1,0.9899,0.9898,0.9214,0.8867,614.2514,205.5345,352.3736,207.9148,496.3298,216.6075,429.5862,210.7705,261.8887,66.9983,0.2558,1,1,290,1
289,2,0,1,1,1,1,0.9872,0.9874,0.8637,0.8639,1023.3123,340.4777,750.699,336.6029,977.3276,443.5225,870.8772,425.859,272.6408,107.9059,0.3958,1,1,290,1
290,2,0,0,1,1,1,0.9903,0.9897,0.9217,0.8815,614.8566,206.5998,353.6232,207.7214,497.4632,218.5838,430.7384,213.0678,261.2358,66.9523,0.2563,1,1,291,1
290,2,0,1,1,1,1,0.9871,0.9875,0.8628,0.8654,1023.573,340.7152,750.862,336.8746,976.8127,442.6918,872.0577,424.4461,272.7381,106.3321,0.3899,1,1,291,1
291,3,1,0,1,1,1,0.9904,0.99,0.9202,0.8823,616.4105,207.0715,354.7715,208.0111,497.9069,218.7824,430.6402,216.0698,261.6407,67.3214,0.2573,1,1,292,1
291,3,1,1,1,1,1,0.987,0.9878,0.8594,0.8661,1022.8293,340.2157,751.3518,335.9142,976.4517,442.3052,871.3975,423.6056,271.5116,106.7055,0.393,1,1,292,1
291,3,1,24,0,0,1,0.0098,0.0827,0.0316,0.2054,1271.7295,564.0453,1268.2286,567.3965,1242.715,675.8638,1235.1636,677.4644,4.8463,7.7192,1.5928,0,0,0,0
292,2,0,0,1,1,1,0.9904,0.99,0.9202,0.8822,616.369,207.0818,354.7691,208.0368,497.9084,218.7778,430.6284,216.1022,261.6016,67.3332,0.2574,1,1,293,1
292,2,0,1,1,1,1,0.9871,0.9878,0.8592,0.866,1022.8495,340.2694,751.2104,336.0242,976.4061,442.3252,871.3074,423.616,271.6724,106.751,0.3929,1,1,293,1
293,3,1,0,1,1,1,0.9903,0.9902,0.9193,0.8831,617.6606,206.6568,356.65,208.1414,498.4032,219.3094,431.2672,217.4879,261.0148,67.1607,0.2573,1,1,294,1
293,3,1,1,1,1,1,0.9873,0.9884,0.8531,0.8644,1022.1272,339.4838,748.972,335.7032,975.8023,441.2728,871.3771,422.3845,273.1813,106.1197,0.3885,1,1,294,1
293,3,1,25,0,0,1,0.0095,0.0794,0.0315,0.2003,1270.9556,569.0822,1268.193,572.129,1237.14,681.9229,1228.7896,685.0106,4.1128,8.903,2.1647,0,0,0,0
294,3,1,0,1,1,1,0.9903,0.9902,0.9193,0.8831,617.6752,206.6555,356.6375,208.1298,498.3929,219.2932,431.2778,217.4629,261.0418,67.1401,0.2572,1,1,295,1
294,3,1,1,1,1,1,0.9873,0.9884,0.8531,0.8644,1022.1561,339.4716,748.9936,335.69,975.8048,441.2758,871.3484,422.403,273.1888,106.1476,0.3886,1,1,295,1
294,3,1,25,0,0,1,0.0095,0.0796,0.0316,0.2008,1270.9658,568.9128,1268.19,571.9414,1237.0719,682.0094,1228.6151,685.0797,4.1083,8.9969,2.1899,0,0,0,0
295,2,0,0,1,1,1,0.9904,0.9901,0.9213,0.8834,617.5012,207.1843,356.8803,208.1784,499.2255,219.4028,432.5274,215.0776,260.6228,66.8383,0.2565,1,1,296,1
295,2,0,1,1,1,1,0.9872,0.9882,0.8552,0.8643,1021.8058,339.0906,749.5714,335.0489,975.4038,440.7442,870.7689,421.946,272.2644,106.3101,0.3905,1,1,296,1
296,2,0,0,1,1,1,0.9904,0.9901,0.9215,0.8834,617.4828,207.175,356.8631,208.2024,499.1672,219.3114,432.5114,215.0471,260.6216,66.792,0.2563,1,1,297,1
296,2,0,1,1,1,1,0.9872,0.9882,0.8553,0.8643,1021.8136,339.1354,749.6194,335.0783,975.4313,440.7984,870.7328,422.0432,272.2244,106.3651,0.3907,1,1,297,1
297,2,0,0,1,1,1,0.9906,0.9902,0.9205,0.8817,618.5666,207.4393,356.8983,208.061,499.9466,219.5585,432.3358,215.7848,261.669,67.716,0.2588,1,1,298,1
297,2,0,1,1,1,1,0.9874,0.988,0.8573,0.8638,1021.9239,338.5405,749.8419,334.4606,975.1277,441.2617,871.1689,420.8072,272.1126,105.9519,0.3894,1,1,298,1
298,2,0,0,1,1,1,0.9906,0.9902,0.9205,0.8819,618.5264,207.4318,356.8752,208.0672,499.87,219.4741,432.3932,215.6834,261.652,67.5831,0.2583,1,1,299,1
298,2,0,1,1,1,1,0.9874,0.988,0.8574,0.8638,1021.9554,338.539,749.8274,334.5087,975.1224,441.2405,871.171,420.7925,272.1578,105.9435,0.3893,1,1,299,1
299,2,0,0,1,1,1,0.9906,0.9903,0.9201,0.8829,619.3727,207.5673,357.4776,208.1487,500.635,220.2399,434.4806,213.6961,261.8957,66.4772,0.2538,1,1,300,1
299,2,0,1,1,1,1,0.9877,0.988,0.8578,0.8619,1022.158,337.2718,749.484,333.8186,974.2809,440.1342,871.5673,421.2007,272.6958,104.4441,0.383,1,1,300,1
