frame,raw_num_people,anomaly,track_id,conf_ok,boundary_ok,overlap_ok,conf_ls,conf_rs,conf_lw,conf_rw,ls_x,ls_y,rs_x,rs_y,lw_x,lw_y,rw_x,rw_y,shoulder_dist,wrist_dist,ratio,frontal,hands_now,consecutive_frames,confirmed
0,3,0,0,1,1,1,0.9878,0.9895,0.9125,0.9258,596.5454,290.6024,464.7502,291.4371,539.2298,298.2204,503.3594,291.7669,131.7979,36.4464,0.2765,1,1,1,0
0,3,0,1,1,1,1,0.9883,0.992,0.8933,0.9298,780.6675,337.442,647.8088,345.3081,732.2666,398.4106,698.5192,393.5961,133.0914,34.0892,0.2561,1,1,1,0
0,3,0,2,1,1,1,0.9898,0.9905,0.9154,0.917,953.3506,345.1174,832.9338,349.8131,907.3864,393.0118,888.7908,378.8915,120.5083,23.3491,0.1938,1,1,1,0
1,3,0,0,1,1,1,0.9878,0.9894,0.9137,0.9258,596.9306,290.6216,465.233,291.3611,539.163,297.3179,503.7826,291.1368,131.6996,35.9164,0.2727,1,1,2,0
1,3,0,1,1,1,1,0.9881,0.9919,0.8922,0.9295,780.4782,338.1756,647.3279,345.6696,733.1524,401.923,699.9868,392.2496,133.361,34.5476,0.2591,1,1,2,0
1,3,0,2,1,1,1,0.9897,0.9903,0.9148,0.9153,952.5344,345.4572,833.1466,349.2454,906.0174,390.1477,890.2124,376.5502,119.4478,20.8492,0.1745,1,1,2,0
2,3,0,0,1,1,1,0.9878,0.9894,0.9137,0.9256,597.0338,290.642,465.3795,291.3573,539.2368,297.2139,503.5816,291.161,131.6562,36.1653,0.2747,1,1,3,0
2,3,0,1,1,1,1,0.9881,0.9919,0.8917,0.9297,780.619,338.1839,647.3919,345.8325,732.9756,401.4769,699.8884,392.3441,133.4465,34.3245,0.2572,1,1,3,0
2,3,0,2,1,1,1,0.9896,0.9903,0.9145,0.9153,952.7358,345.428,833.2342,349.3266,906.3242,390.6896,889.8263,376.82,119.5652,21.5534,0.1803,1,1,3,0
3,3,0,0,1,1,1,0.9879,0.9894,0.9147,0.9254,597.3416,290.5403,465.9252,291.4878,539.4333,296.3983,504.2777,289.6391,131.4198,35.7995,0.2724,1,1,4,0
3,3,0,1,1,1,1,0.9885,0.9918,0.895,0.9289,780.4386,337.9738,647.3534,345.4514,732.2508,400.886,699.9261,391.5226,133.2952,33.6536,0.2525,1,1,4,0
3,3,0,2,1,1,1,0.9899,0.9905,0.916,0.9168,952.4519,345.2125,833.2724,349.019,908.1408,391.9586,890.2565,377.8114,119.2403,22.8034,0.1912,1,1,4,0
4,3,0,0,1,1,1,0.988,0.9894,0.9148,0.9256,597.4301,290.4958,465.8639,291.4317,539.3232,296.1857,504.2764,289.5437,131.5696,35.6706,0.2711,1,1,5,0
4,3,0,1,1,1,1,0.9884,0.9919,0.8947,0.9294,780.4107,337.9972,647.4346,345.3308,732.6802,400.9296,699.7456,391.8597,133.1782,34.1606,0.2565,1,1,5,0
4,3,0,2,1,1,1,0.9899,0.9905,0.9166,0.9169,952.5067,345.3004,833.4526,349.0545,908.3436,392.0532,889.98,377.6298,119.1133,23.3507,0.196,1,1,5,0
5,3,0,0,1,1,1,0.9877,0.9895,0.9131,0.9261,597.3604,290.4258,465.6494,291.3312,539.3574,294.4358,504.6466,288.65,131.7142,35.1897,0.2672,1,1,6,1
5,3,0,1,1,1,1,0.9884,0.9916,0.8955,0.9278,780.1334,338.1005,647.0811,345.2725,730.8135,398.9786,700.5388,391.1033,133.2454,31.2822,0.2348,1,1,6,1
5,3,0,2,1,1,1,0.9896,0.9902,0.9148,0.9147,952.198,345.5918,833.5756,348.5195,907.3417,390.6652,890.58,376.3734,118.6586,22.0275,0.1856,1,1,6,1
6,3,0,0,1,1,1,0.9878,0.9894,0.9147,0.9265,597.5038,290.186,466.1625,291.0165,539.9391,294.5147,504.5365,288.8053,131.3439,35.86,0.273,1,1,7,1
6,3,0,1,1,1,1,0.9885,0.9917,0.8962,0.9287,780.4483,338.0869,647.464,345.3645,730.575,399.2087,700.4792,392.7478,133.1833,30.7815,0.2311,1,1,7,1
6,3,0,2,1,1,1,0.9899,0.9902,0.9165,0.9148,952.3345,345.8688,833.8206,348.526,906.2441,389.4991,890.4936,376.4114,118.5437,20.4785,0.1728,1,1,7,1
7,3,0,0,1,1,1,0.9878,0.9895,0.9145,0.9266,597.488,290.1621,466.1812,291.0713,539.9538,294.536,504.5685,288.8538,131.31,35.8386,0.2729,1,1,8,1
7,3,0,1,1,1,1,0.9885,0.9917,0.8961,0.9287,780.5182,338.0742,647.4916,345.4424,730.4468,399.4892,700.587,392.7236,133.2304,30.6167,0.2298,1,1,8,1
7,3,0,2,1,1,1,0.9898,0.9903,0.9162,0.9154,952.3712,345.7485,833.9013,348.6378,906.2984,390.1028,890.7201,375.3361,118.5051,21.4648,0.1811,1,1,8,1
8,3,0,0,1,1,1,0.9881,0.9892,0.9166,0.9247,597.6219,290.7633,466.4834,290.8214,540.4552,295.2507,504.2638,290.0268,131.1386,36.5665,0.2788,1,1,9,1
8,3,0,1,1,1,1,0.9885,0.9918,0.8964,0.9293,780.0234,338.1608,647.4562,345.8278,730.3532,398.51,700.5136,392.024,132.7888,30.5362,0.23,1,1,9,1
8,3,0,2,1,1,1,0.9897,0.9904,0.9151,0.9158,952.4872,345.6828,834.2447,348.4249,907.5647,389.5226,890.2318,377.0228,118.2743,21.37,0.1807,1,1,9,1
9,3,0,0,1,1,1,0.9881,0.9893,0.9164,0.9251,597.5868,290.7428,466.4439,290.8808,540.3864,295.1972,504.1692,290.204,131.1429,36.5598,0.2788,1,1,10,1
9,3,0,1,1,1,1,0.9885,0.9918,0.8962,0.9295,780.0176,338.0484,647.4014,345.8417,730.2924,398.8087,700.4189,392.1187,132.8449,30.6135,0.2304,1,1,10,1
9,3,0,2,1,1,1,0.9897,0.9903,0.9151,0.9157,952.5137,345.6384,834.262,348.4776,907.2453,389.5252,890.5777,376.4226,118.2858,21.2011,0.1792,1,1,10,1
10,3,0,0,1,1,1,0.9882,0.9892,0.9177,0.9247,598.0403,291.4388,466.7352,291.0596,539.7734,295.4893,504.599,290.871,131.3056,35.4763,0.2702,1,1,11,1
10,3,0,1,1,1,1,0.9884,0.992,0.895,0.931,779.7946,338.0634,646.791,345.7918,730.272,398.6922,700.5794,393.0745,133.2279,30.2193,0.2268,1,1,11,1
10,3,0,2,1,1,1,0.9898,0.9906,0.9158,0.9183,952.5088,345.203,834.1939,348.3524,906.7419,388.2734,891.2114,376.9488,118.3568,19.2208,0.1624,1,1,11,1
11,3,0,0,1,1,1,0.9883,0.9891,0.918,0.9245,598.0098,291.4985,466.7232,291.1097,539.7655,295.534,504.5976,291.0576,131.2871,35.4517,0.27,1,1,12,1
11,3,0,1,1,1,1,0.9884,0.992,0.8946,0.9311,779.6855,338.0446,646.6822,345.7574,730.202,398.7481,700.6945,392.915,133.2268,30.0785,0.2258,1,1,12,1
11,3,0,2,1,1,1,0.9897,0.9907,0.9155,0.9185,952.5147,345.1663,834.2063,348.3258,906.6743,388.3234,891.2101,376.6257,118.3506,19.3901,0.1638,1,1,12,1
12,3,0,0,1,1,1,0.9882,0.9892,0.9175,0.9249,598.458,291.2657,467.2586,290.7172,540.044,295.4552,504.2496,290.9364,131.2006,36.0786,0.275,1,1,13,1
12,3,0,1,1,1,1,0.9885,0.9918,0.8964,0.9297,779.3096,337.798,646.5244,345.3579,729.2562,396.3629,699.5548,394.2493,133.0003,29.7766,0.2239,1,1,13,1
12,3,0,2,1,1,1,0.9897,0.9906,0.9155,0.9175,952.4547,345.2492,834.164,348.731,907.7639,388.6527,890.86,375.443,118.342,21.4531,0.1813,1,1,13,1
13,3,0,0,1,1,1,0.9882,0.9892,0.9176,0.925,598.4386,291.2942,467.2746,290.7615,540.0012,295.3868,504.2548,290.9496,131.1651,36.0207,0.2746,1,1,14,1
13,3,0,1,1,1,1,0.9885,0.9918,0.8965,0.9297,779.3964,337.7236,646.5874,345.3545,729.2852,396.4186,699.62,394.4192,133.0281,29.7325,0.2235,1,1,14,1
13,3,0,2,1,1,1,0.9897,0.9906,0.9156,0.9175,952.5153,345.23,834.1302,348.7184,907.3981,388.3138,891.0473,375.7297,118.4364,20.6326,0.1742,1,1,14,1
14,3,0,0,1,1,1,0.988,0.9892,0.9163,0.9249,598.3886,291.0969,467.0391,290.8088,539.8562,295.223,504.4904,290.4944,131.3499,35.6804,0.2716,1,1,15,1
14,3,0,1,1,1,1,0.9881,0.992,0.8932,0.9311,779.422,337.4371,647.0464,345.3137,730.7947,398.7748,699.5424,396.1707,132.6098,31.3606,0.2365,1,1,15,1
14,3,0,2,1,1,1,0.9897,0.9905,0.9151,0.9169,952.9005,345.543,834.5464,348.8898,906.8751,387.2678,890.6274,375.2465,118.4015,20.2114,0.1707,1,1,15,1
15,3,0,0,1,1,1,0.988,0.9893,0.9163,0.925,598.3072,291.1502,466.9962,290.8528,539.8209,295.2391,504.4844,290.4956,131.3113,35.6534,0.2715,1,1,16,1
15,3,0,1,1,1,1,0.9882,0.992,0.8933,0.9312,779.451,337.429,647.1024,345.3633,730.7802,398.8963,699.5522,396.2794,132.5862,31.3374,0.2364,1,1,16,1
15,3,0,2,1,1,1,0.9897,0.9905,0.9155,0.9168,952.9073,345.5354,834.5439,348.9096,907.1927,387.9816,890.5961,375.1456,118.4116,20.9812,0.1772,1,1,16,1
16,3,0,1,1,1,1,0.9879,0.9921,0.8911,0.9323,779.3198,337.3673,647.098,345.7014,731.2603,397.719,699.2224,395.5911,132.4842,32.1085,0.2424,1,1,17,1
16,3,0,0,1,1,1,0.9884,0.9896,0.9191,0.9274,598.1074,291.0432,467.0016,290.9174,540.5918,295.7565,504.1187,291.9352,131.1059,36.6726,0.2797,1,1,17,1
16,3,0,2,1,1,1,0.9895,0.9905,0.9139,0.9173,952.9989,345.2001,834.0266,349.1986,908.0173,389.3136,889.7924,377.3163,119.0395,21.8194,0.1833,1,1,17,1
17,3,0,1,1,1,1,0.9879,0.9922,0.8907,0.9331,779.1178,337.5053,647.2414,346.0061,731.8646,398.9557,699.0794,394.7486,132.1502,33.054,0.2501,1,1,18,1
17,3,0,0,1,1,1,0.9882,0.9893,0.9176,0.9258,598.3194,291.6292,467.0588,291.199,540.6462,296.2524,504.2808,291.5643,131.2614,36.6664,0.2793,1,1,18,1
17,3,0,2,1,1,1,0.9897,0.9907,0.9156,0.9192,952.9286,344.8318,834.5764,348.547,906.8856,388.8445,890.3387,373.9874,118.4105,22.2381,0.1878,1,1,18,1
18,3,0,1,1,1,1,0.988,0.9922,0.8912,0.9328,779.1804,337.4742,647.2838,345.9946,731.8991,398.9938,698.9848,394.8684,132.1715,33.1718,0.251,1,1,19,1
18,3,0,0,1,1,1,0.9882,0.9893,0.9175,0.9258,598.3282,291.6232,467.053,291.2176,540.6342,296.2546,504.2222,291.671,131.2758,36.6993,0.2796,1,1,19,1
18,3,0,2,1,1,1,0.9897,0.9907,0.9155,0.9191,952.9529,344.856,834.5846,348.5077,906.851,388.6937,890.3756,373.9509,118.4246,22.1085,0.1867,1,1,19,1
19,3,0,0,1,1,1,0.9882,0.9894,0.9177,0.926,598.6132,291.3224,467.2896,291.2629,540.7506,295.5118,504.6034,290.966,131.3236,36.432,0.2774,1,1,20,1
19,3,0,1,1,1,1,0.9884,0.9919,0.8963,0.9311,779.8096,337.4368,647.7106,345.879,731.6885,398.7817,698.1864,396.7471,132.3685,33.5639,0.2536,1,1,20,1
19,3,0,2,1,1,1,0.9898,0.9907,0.9164,0.9189,952.7812,344.96,834.0745,348.5924,906.2529,387.0841,890.5845,375.4079,118.7623,19.5405,0.1645,1,1,20,1
20,3,0,0,1,1,1,0.9882,0.9894,0.9178,0.926,598.6412,291.3483,467.2844,291.2466,540.7954,295.5406,504.6316,290.9402,131.3568,36.4552,0.2775,1,1,21,1
20,3,0,1,1,1,1,0.9884,0.9919,0.8963,0.9312,779.7983,337.4486,647.7046,345.8453,731.6811,398.6982,698.1765,396.8767,132.3603,33.5541,0.2535,1,1,21,1
20,3,0,2,1,1,1,0.9898,0.9907,0.9163,0.919,952.8,344.9857,834.0934,348.6084,906.3705,387.016,890.5219,375.3728,118.7619,19.6659,0.1656,1,1,21,1
21,3,0,0,1,1,1,0.9884,0.9895,0.9188,0.9266,598.2372,290.7633,467.048,290.6293,541.0114,296.1846,504.0798,292.1001,131.1892,37.1568,0.2832,1,1,22,1
21,3,0,1,1,1,1,0.9887,0.9917,0.8986,0.9296,779.8774,337.7444,647.3826,346.1683,731.8088,400.1777,697.716,396.0088,132.7623,34.3467,0.2587,1,1,22,1
21,3,0,2,1,1,1,0.9898,0.9904,0.9161,0.9169,952.8328,345.3963,834.2196,349.2503,905.7967,388.6432,890.7702,373.9542,118.6758,21.0134,0.1771,1,1,22,1
22,3,0,0,1,1,1,0.9884,0.9895,0.9188,0.9266,598.2516,290.7546,467.047,290.6256,541.011,296.1924,504.0823,292.1138,131.2047,37.1532,0.2832,1,1,23,1
22,3,0,1,1,1,1,0.9887,0.9918,0.8985,0.9296,779.8778,337.7291,647.391,346.1551,731.7882,400.2206,697.7336,396.0225,132.7546,34.3124,0.2585,1,1,23,1
22,3,0,2,1,1,1,0.9898,0.9904,0.9161,0.9169,952.8287,345.396,834.2076,349.2552,905.7454,388.6343,890.7779,373.9187,118.6839,20.9899,0.1769,1,1,23,1
23,3,0,0,1,1,1,0.9882,0.9894,0.9174,0.9264,598.4215,290.3281,466.9978,290.3921,540.9727,295.7874,504.8106,291.6869,131.4238,36.3939,0.2769,1,1,24,1
23,3,0,1,1,1,1,0.9883,0.9918,0.8954,0.9301,780.5972,337.3162,647.7566,346.0338,732.0722,399.9026,698.674,395.192,133.1264,33.7288,0.2534,1,1,24,1
23,3,0,2,1,1,1,0.9895,0.9906,0.9136,0.9182,952.6174,344.8422,834.6662,348.9458,906.0315,386.652,891.092,372.9354,118.0225,20.2813,0.1718,1,1,24,1
24,3,0,0,1,1,1,0.9883,0.9892,0.9182,0.9248,598.5686,290.8906,467.1814,290.7906,540.7332,296.522,504.5958,291.614,131.3873,36.4691,0.2776,1,1,25,1
24,3,0,1,1,1,1,0.9884,0.9918,0.8952,0.9291,780.1662,337.5184,647.3274,345.8936,733.2207,402.5834,698.2978,396.3256,133.1026,35.4792,0.2666,1,1,25,1
24,3,0,2,1,1,1,0.9897,0.9908,0.915,0.9191,952.28,345.2413,833.9615,349.336,906.6815,388.8527,889.8049,374.4191,118.3893,22.207,0.1876,1,1,25,1
25,3,0,0,1,1,1,0.9883,0.9893,0.9181,0.9249,598.5436,290.9247,467.185,290.8122,540.7362,296.4764,504.6016,291.5925,131.3588,36.4631,0.2776,1,1,26,1
25,3,0,1,1,1,1,0.9884,0.9918,0.895,0.9293,780.1798,337.5131,647.2924,345.9166,733.2627,402.616,698.2828,396.291,133.1528,35.5471,0.267,1,1,26,1
25,3,0,2,1,1,1,0.9897,0.9908,0.915,0.9191,952.3068,345.2718,833.9748,349.3328,906.6367,388.751,889.8203,374.397,118.4016,22.1095,0.1867,1,1,26,1
26,3,0,0,1,1,1,0.9881,0.9895,0.9172,0.9267,598.1401,290.7422,467.3528,291.1019,540.526,295.7515,505.1358,290.9191,130.7877,35.7186,0.2731,1,1,27,1
26,3,0,1,1,1,1,0.9884,0.9919,0.8948,0.9296,780.2168,337.7391,647.4762,346.0953,733.7613,403.9558,698.505,397.6373,133.0034,35.818,0.2693,1,1,27,1
26,3,0,2,1,1,1,0.9897,0.9907,0.9153,0.9183,952.2409,345.8318,833.6156,349.8778,906.0216,388.3064,889.9676,373.9632,118.6943,21.5281,0.1814,1,1,27,1
27,3,0,0,1,1,1,0.9881,0.9895,0.9171,0.9267,598.1322,290.7178,467.3376,291.0756,540.54,295.7576,505.1487,290.9152,130.7951,35.7211,0.2731,1,1,28,1
27,3,0,1,1,1,1,0.9884,0.9919,0.8947,0.9296,780.2232,337.7395,647.4678,346.0946,733.7428,403.9108,698.4972,397.6244,133.018,35.8018,0.2692,1,1,28,1
27,3,0,2,1,1,1,0.9897,0.9906,0.9154,0.9182,952.2163,345.8488,833.6065,349.8757,905.9816,388.2688,889.9953,373.9898,118.6781,21.4348,0.1806,1,1,28,1
28,3,0,0,1,1,1,0.988,0.9894,0.916,0.9261,598.4132,291.2051,467.1888,291.3005,540.602,296.052,504.9365,291.7505,131.2245,35.9239,0.2738,1,1,29,1
28,3,0,1,1,1,1,0.9885,0.9918,0.8958,0.9289,780.3468,337.9664,648.0394,345.9344,733.4013,401.49,698.018,396.9942,132.5471,35.6677,0.2691,1,1,29,1
28,3,0,2,1,1,1,0.9896,0.9903,0.9151,0.9161,952.4684,346.3013,833.4028,350.4248,906.7324,390.662,889.4747,373.5619,119.137,24.2949,0.2039,1,1,29,1
29,3,0,0,1,1,1,0.988,0.9894,0.916,0.9261,598.4206,291.1969,467.1874,291.2912,540.5921,296.0478,504.9529,291.7261,131.2332,35.9003,0.2736,1,1,30,1
29,3,0,1,1,1,1,0.9884,0.9918,0.8957,0.9289,780.3513,337.9574,648.0446,345.9343,733.3918,401.4952,698.0078,397.0058,132.547,35.6677,0.2691,1,1,30,1
29,3,0,2,1,1,1,0.9896,0.9903,0.9151,0.9161,952.4813,346.2957,833.4055,350.4344,906.7513,390.6682,889.4514,373.5519,119.1476,24.3363,0.2043,1,1,30,1
30,3,0,0,1,1,1,0.988,0.9896,0.9158,0.9275,599.2567,290.6678,467.4582,290.8635,540.8087,295.5745,506.1773,290.667,131.7987,34.9774,0.2654,1,1,31,1
30,3,0,1,1,1,1,0.9884,0.9919,0.8947,0.9301,780.8446,337.9782,648.0376,345.7678,733.8597,401.4689,698.3554,398.2943,133.0353,35.6459,0.2679,1,1,31,1
30,3,0,2,1,1,1,0.9896,0.9904,0.9146,0.9169,952.6539,345.757,833.554,350.2206,906.1326,387.1742,889.2504,374.1625,119.1835,21.3147,0.1788,1,1,31,1
31,3,0,0,1,1,1,0.988,0.9897,0.9163,0.9281,598.8846,290.3599,467.6771,290.6415,542.1346,297.2799,505.8008,291.8632,131.2078,36.7354,0.28,1,1,32,1
31,3,0,1,1,1,1,0.988,0.9919,0.893,0.9306,781.6144,337.923,648.2128,346.13,733.1417,399.636,698.674,397.2428,133.6538,34.5508,0.2585,1,1,32,1
31,3,0,2,1,1,1,0.9897,0.9902,0.9162,0.9153,952.511,345.6908,833.869,350.2804,906.0536,388.6307,890.0288,374.288,118.7308,21.506,0.1811,1,1,32,1
32,3,0,0,1,1,1,0.988,0.9897,0.9162,0.9282,598.897,290.355,467.6722,290.6503,542.1416,297.291,505.8156,291.8266,131.2252,36.7347,0.2799,1,1,33,1
32,3,0,1,1,1,1,0.988,0.9919,0.8929,0.9306,781.5863,337.9185,648.2069,346.1344,733.1622,399.6465,698.669,397.2813,133.6322,34.5742,0.2587,1,1,33,1
32,3,0,2,1,1,1,0.9897,0.9902,0.9162,0.9153,952.4976,345.6851,833.8554,350.2638,906.0713,388.6134,890.0719,374.2683,118.7306,21.4887,0.181,1,1,33,1
33,3,0,0,1,1,1,0.9879,0.9899,0.9148,0.9288,599.3943,290.1292,467.3338,290.5043,541.6174,297.2285,506.4544,291.8727,132.061,35.5685,0.2693,1,1,34,1
33,3,0,1,1,1,1,0.9884,0.9918,0.8962,0.9301,781.4612,337.8707,648.7052,346.2621,732.697,396.891,698.3504,397.3376,133.021,34.3495,0.2582,1,1,34,1
33,3,0,2,1,1,1,0.9901,0.9902,0.9184,0.915,952.2495,345.2874,833.9323,349.554,905.7306,388.3536,889.8788,372.8143,118.3941,22.198,0.1875,1,1,34,1
34,3,0,0,1,1,1,0.9879,0.9899,0.9147,0.9287,599.3722,290.1316,467.3614,290.5109,541.5932,297.227,506.4534,291.8653,132.0114,35.5465,0.2693,1,1,35,1
34,3,0,1,1,1,1,0.9884,0.9918,0.8962,0.93,781.4645,337.8547,648.6959,346.2594,732.7357,396.944,698.2906,397.319,133.0343,34.4472,0.2589,1,1,35,1
34,3,0,2,1,1,1,0.9901,0.9902,0.9184,0.9149,952.2606,345.2974,833.9237,349.5478,905.7463,388.3519,889.8384,372.8709,118.4132,22.1973,0.1875,1,1,35,1
35,3,0,0,1,1,1,0.9878,0.99,0.915,0.9296,599.6615,290.2493,467.4634,290.586,541.3703,296.8932,506.7548,291.6373,132.1985,35.0122,0.2648,1,1,36,1
35,3,0,1,1,1,1,0.9885,0.9918,0.8981,0.9299,781.8415,337.9182,649.3324,346.0149,732.3196,395.6665,698.7366,397.6276,132.7562,33.6402,0.2534,1,1,36,1
35,3,0,2,1,1,1,0.9902,0.9904,0.9194,0.9165,952.369,345.8088,833.9726,350.2102,904.9456,386.6561,888.8933,372.006,118.4781,21.7325,0.1834,1,1,36,1
36,3,0,0,1,1,1,0.9878,0.99,0.915,0.9297,599.6371,290.2139,467.4314,290.5634,541.3845,296.9162,506.756,291.6012,132.2062,35.0341,0.265,1,1,37,1
36,3,0,1,1,1,1,0.9885,0.9918,0.8981,0.9299,781.8296,337.9058,649.3249,346.0028,732.3065,395.707,698.7586,397.5983,132.7519,33.6012,0.2531,1,1,37,1
36,3,0,2,1,1,1,0.9902,0.9904,0.9194,0.9166,952.4221,345.7984,833.9673,350.2454,904.8553,387.0253,888.8464,372.054,118.5383,21.9186,0.1849,1,1,37,1
37,3,0,0,1,1,1,0.9876,0.9898,0.9135,0.9285,599.7759,290.2892,467.371,290.6204,541.198,296.5625,506.8433,291.8818,132.4052,34.6721,0.2619,1,1,38,1
37,3,0,1,1,1,1,0.9882,0.9919,0.8955,0.9305,781.8034,338.0394,649.5296,345.7511,732.101,395.007,698.5618,397.3432,132.4984,33.6206,0.2537,1,1,38,1
37,3,0,2,1,1,1,0.9899,0.9901,0.9175,0.9145,952.4488,345.5557,833.6679,350.0436,905.4172,387.1603,889.64,373.8862,118.8656,20.6184,0.1735,1,1,38,1
38,3,0,0,1,1,1,0.9876,0.9898,0.9135,0.9285,599.7743,290.2913,467.3973,290.6078,541.207,296.5853,506.8044,292.0031,132.3774,34.7065,0.2622,1,1,39,1
38,3,0,1,1,1,1,0.9883,0.9919,0.8957,0.9304,781.7984,338.0566,649.5218,345.7724,732.1578,395.0968,698.562,397.328,132.5015,33.6697,0.2541,1,1,39,1
38,3,0,2,1,1,1,0.9899,0.9901,0.9176,0.9145,952.4414,345.5738,833.66,350.0607,905.422,387.1634,889.6318,373.8706,118.8661,20.6405,0.1736,1,1,39,1
39,3,0,0,1,1,1,0.9876,0.9898,0.9136,0.9285,599.5133,289.9476,467.189,290.2822,542.4492,296.613,507.1214,290.4244,132.3247,35.8657,0.271,1,1,40,1
39,3,0,1,1,1,1,0.987,0.9926,0.8879,0.9272,781.9544,335.9248,649.6661,344.5029,722.7266,392.9949,699.8825,405.7162,132.5661,26.1474,0.1972,1,1,40,1
39,3,0,2,1,1,1,0.9902,0.9904,0.9191,0.917,951.718,344.5853,833.5502,348.714,905.1957,387.654,889.5038,374.6225,118.2399,20.3975,0.1725,1,1,40,1
40,3,0,0,1,1,1,0.9876,0.9898,0.9135,0.9285,599.5108,289.9589,467.1787,290.2925,542.4701,296.6592,507.1162,290.4002,132.3325,35.9036,0.2713,1,1,41,1
40,3,0,1,1,1,1,0.987,0.9926,0.8878,0.9272,781.9724,335.9232,649.6802,344.5036,722.7351,393.0236,699.9026,405.6864,132.5702,26.1087,0.1969,1,1,41,1
40,3,0,2,1,1,1,0.9902,0.9904,0.9191,0.917,951.7243,344.5916,833.5506,348.7204,905.1647,387.6434,889.4942,374.5448,118.2458,20.424,0.1727,1,1,41,1
41,3,0,0,1,1,1,0.9876,0.9897,0.9138,0.9275,599.8578,289.8693,467.6729,290.4259,542.2713,296.4466,506.9866,291.2444,132.186,35.6662,0.2698,1,1,42,1
41,3,0,1,1,1,1,0.9867,0.9927,0.8843,0.928,782.3092,336.0071,649.9172,344.5572,723.3982,394.7724,699.989,404.9573,132.6678,25.5288,0.1924,1,1,42,1
41,3,0,2,1,1,1,0.9901,0.9906,0.9182,0.9186,951.928,344.682,833.1836,348.9572,904.2339,385.6237,888.4697,371.4684,118.8214,21.1868,0.1783,1,1,42,1
42,3,0,0,1,1,1,0.9876,0.9897,0.9138,0.9275,599.8514,289.8798,467.6805,290.4198,542.2672,296.4462,506.9906,291.2278,132.1721,35.6604,0.2698,1,1,43,1
42,3,0,1,1,1,1,0.9867,0.9927,0.8841,0.928,782.3022,336.0078,649.9228,344.5531,723.4106,394.8081,700.0371,404.9851,132.655,25.493,0.1922,1,1,43,1
42,3,0,2,1,1,1,0.9901,0.9906,0.9182,0.9186,951.9216,344.683,833.1804,348.9611,904.2351,385.6368,888.463,371.482,118.8183,21.1924,0.1784,1,1,43,1
43,3,0,0,1,1,1,0.9878,0.9897,0.9148,0.9275,599.9052,289.799,467.9991,290.5114,542.585,296.7394,507.0648,291.1848,131.9081,35.9519,0.2726,1,1,44,1
43,3,0,1,1,1,1,0.9873,0.9924,0.8895,0.9257,782.5994,335.5452,650.5017,344.3996,723.263,392.9962,699.5612,404.6254,132.3941,26.4011,0.1994,1,1,44,1
43,3,0,2,1,1,1,0.9902,0.9902,0.9187,0.9148,952.0557,344.905,833.2304,349.2482,904.3848,385.5564,888.3564,373.1185,118.9046,20.2882,0.1706,1,1,44,1
44,3,0,0,1,1,1,0.9878,0.9898,0.9145,0.9284,599.6804,290.031,467.825,290.521,542.8199,296.7057,506.972,290.9638,131.8563,36.3048,0.2753,1,1,45,1
44,3,0,1,1,1,1,0.9869,0.9925,0.8864,0.9261,782.7236,336.0806,650.8495,344.8428,723.7849,393.542,698.5946,404.5291,132.1649,27.4821,0.2079,1,1,45,1
44,3,0,2,1,1,1,0.9902,0.9901,0.9193,0.9141,952.2375,345.3915,833.787,349.5824,904.3912,384.9727,889.1313,372.2782,118.5247,19.8497,0.1675,1,1,45,1
45,3,0,0,1,1,1,0.9878,0.9898,0.9145,0.9284,599.679,290.0421,467.8526,290.5228,542.8142,296.682,506.9422,290.9582,131.8272,36.3257,0.2756,1,1,46,1
45,3,0,1,1,1,1,0.987,0.9925,0.8865,0.9261,782.7351,336.0781,650.8544,344.8483,723.8038,393.5204,698.5976,404.5023,132.172,27.4947,0.208,1,1,46,1
45,3,0,2,1,1,1,0.9902,0.9901,0.9194,0.9141,952.2553,345.4151,833.7813,349.5995,904.4034,385.059,889.1082,372.2916,118.5479,19.9236,0.1681,1,1,46,1
46,3,0,0,1,1,1,0.9878,0.9898,0.915,0.9283,599.4644,289.9424,467.5462,290.4261,543.1352,297.1981,507.3619,291.8385,131.9191,36.1726,0.2742,1,1,47,1
46,3,0,1,1,1,1,0.9861,0.9928,0.8804,0.9292,782.8034,336.0934,650.8462,344.9366,723.8306,392.1438,699.6588,403.059,132.2531,26.522,0.2005,1,1,47,1
46,3,0,2,1,1,1,0.9902,0.9898,0.9198,0.912,952.528,345.523,833.8518,349.5917,904.7634,385.3108,888.7032,374.2016,118.746,19.5281,0.1645,1,1,47,1
47,3,0,0,1,1,1,0.9878,0.9898,0.9149,0.9282,599.4795,289.965,467.5282,290.4369,543.1338,297.277,507.3888,291.8691,131.9521,36.1517,0.274,1,1,48,1
47,3,0,1,1,1,1,0.986,0.9928,0.8798,0.9295,782.8238,336.1194,650.8127,344.9541,723.8554,392.097,699.6998,403.0743,132.3064,26.5328,0.2005,1,1,48,1
47,3,0,2,1,1,1,0.9902,0.9898,0.9198,0.912,952.5103,345.5485,833.8758,349.5927,904.7973,385.0862,888.6757,374.2055,118.7034,19.4498,0.1639,1,1,48,1
48,3,0,0,1,1,1,0.9872,0.9899,0.9119,0.9298,600.3896,289.8768,467.5363,290.5305,541.9763,297.8229,508.5393,291.3694,132.8548,34.0541,0.2563,1,1,49,1
48,3,0,1,1,1,1,0.9863,0.9929,0.8814,0.9296,783.5859,335.9591,651.1568,344.3534,724.2875,395.1237,699.9759,404.4097,132.6949,26.0247,0.1961,1,1,49,1
48,3,0,2,1,1,1,0.9903,0.9903,0.9202,0.9164,953.2677,345.3124,834.8526,349.8814,904.2598,385.7817,889.9819,370.6182,118.5033,20.8277,0.1758,1,1,49,1
49,3,0,0,1,1,1,0.9873,0.9899,0.9119,0.9298,600.3952,289.8916,467.5457,290.5276,541.979,297.8274,508.5279,291.3716,132.8511,34.0683,0.2564,1,1,50,1
49,3,0,1,1,1,1,0.9863,0.9929,0.8814,0.9297,783.5658,335.9204,651.1343,344.3252,724.2826,395.1296,699.9606,404.3815,132.698,26.0222,0.1961,1,1,50,1
49,3,0,2,1,1,1,0.9903,0.9903,0.9203,0.9163,953.2711,345.3184,834.8798,349.8989,904.2971,385.7643,889.9719,370.5547,118.4798,20.8936,0.1763,1,1,50,1
50,3,0,0,1,1,1,0.9876,0.9896,0.9138,0.9275,600.6855,290.4585,467.866,291.0304,542.0025,296.6794,508.1552,291.896,132.8207,34.1836,0.2574,1,1,51,1
50,3,0,1,1,1,1,0.9864,0.9929,0.8821,0.9298,783.6938,336.1613,650.8343,344.4915,725.2581,394.677,700.0724,404.4794,133.1205,27.0261,0.203,1,1,51,1
50,3,0,2,1,1,1,0.9905,0.99,0.9212,0.913,952.4893,345.2381,834.4611,349.1197,903.8734,385.0956,889.2599,374.3678,118.0919,18.1283,0.1535,1,1,51,1
51,3,0,0,1,1,1,0.9876,0.9896,0.9139,0.9275,600.673,290.4739,467.8578,291.0463,542.0335,296.6634,508.1507,291.8723,132.8164,34.2199,0.2576,1,1,52,1
51,3,0,1,1,1,1,0.9864,0.9929,0.882,0.9298,783.7058,336.1838,650.8138,344.4948,725.2434,394.6924,700.0654,404.4736,133.1517,27.0113,0.2029,1,1,52,1
51,3,0,2,1,1,1,0.9906,0.99,0.9213,0.913,952.5087,345.1614,834.4872,349.0506,903.8486,385.1622,889.2635,374.4956,118.0855,18.0693,0.153,1,1,52,1
52,3,0,0,1,1,1,0.9876,0.9896,0.9135,0.9272,600.4485,290.5569,467.922,291.2646,542.4951,297.1677,508.097,291.8385,132.5283,34.8085,0.2626,1,1,53,1
52,3,0,1,1,1,1,0.986,0.9929,0.8792,0.9298,783.7752,336.1898,651.0638,344.8549,724.3897,393.2384,700.3992,403.9062,132.994,26.2554,0.1974,1,1,53,1
52,3,0,2,1,1,1,0.9902,0.9904,0.9185,0.9158,952.3575,345.4278,833.8593,349.2102,904.1562,385.2927,890.2015,375.0788,118.5585,17.2933,0.1459,1,1,53,1
53,3,0,0,1,1,1,0.9876,0.9895,0.9137,0.9269,600.2663,289.9072,467.4748,290.6841,541.9408,297.5889,507.9044,292.2766,132.7938,34.4484,0.2594,1,1,54,1
53,3,0,1,1,1,1,0.9859,0.9929,0.8772,0.9286,783.7995,336.5939,650.6957,345.0519,723.9882,392.981,699.9006,404.8084,133.3723,26.8346,0.2012,1,1,54,1
53,3,0,2,1,1,1,0.99,0.9903,0.9169,0.9157,952.0814,345.4601,834.2456,348.7681,904.7964,384.0744,890.4351,374.1387,117.8823,17.4632,0.1481,1,1,54,1
54,3,0,0,1,1,1,0.9876,0.9895,0.9137,0.927,600.2526,289.886,467.4686,290.6844,541.9748,297.7016,507.8946,292.3042,132.7864,34.505,0.2599,1,1,55,1
54,3,0,1,1,1,1,0.9859,0.9929,0.8771,0.9286,783.8636,336.558,650.7464,345.0414,724.0276,393.0178,699.9232,404.7768,133.3872,26.8197,0.2011,1,1,55,1
54,3,0,2,1,1,1,0.9899,0.9904,0.9167,0.9158,952.0771,345.43,834.2502,348.7623,904.8694,384.1743,890.4482,373.9782,117.874,17.6616,0.1498,1,1,55,1
55,3,0,0,1,1,1,0.9878,0.9895,0.915,0.9266,600.039,289.971,467.4684,290.9645,542.1584,297.4766,507.687,292.681,132.5743,34.8034,0.2625,1,1,56,1
55,3,0,1,1,1,1,0.9863,0.9928,0.8811,0.9283,784.446,336.3838,651.4652,345.2998,723.9001,393.5864,699.4452,405.4081,133.2794,27.1624,0.2038,1,1,56,1
55,3,0,2,1,1,1,0.9903,0.9903,0.9196,0.9155,952.7179,345.7379,834.8248,349.3155,905.7499,383.5257,890.4611,374.5792,117.9474,17.7141,0.1502,1,1,56,1
56,3,0,0,1,1,1,0.9878,0.9895,0.915,0.9266,600.0358,289.9626,467.4652,290.9537,542.1558,297.5007,507.667,292.6894,132.5743,34.8229,0.2627,1,1,57,1
56,3,0,1,1,1,1,0.9863,0.9928,0.8812,0.9283,784.4464,336.3799,651.4646,345.2921,723.9115,393.5968,699.4456,405.4273,133.2801,27.1762,0.2039,1,1,57,1
56,3,0,2,1,1,1,0.9903,0.9903,0.9196,0.9155,952.7161,345.7355,834.8188,349.3065,905.7505,383.5546,890.4702,374.6222,117.9513,17.6995,0.1501,1,1,57,1
57,3,0,0,1,1,1,0.9876,0.9894,0.9138,0.9261,599.6766,290.2135,467.4132,291.178,542.1629,297.381,507.5196,292.5674,132.267,34.9761,0.2644,1,1,58,1
57,3,0,1,1,1,1,0.9863,0.9927,0.8808,0.9278,784.5536,336.0138,651.9441,344.7838,724.7128,394.425,700.9524,404.6768,132.8991,25.8777,0.1947,1,1,58,1
57,3,0,2,1,1,1,0.9899,0.99,0.9164,0.9129,953.0485,345.967,834.5146,349.7324,905.7269,385.3698,890.9625,375.9389,118.5937,17.5194,0.1477,1,1,58,1
58,3,0,0,1,1,1,0.9876,0.9894,0.914,0.9262,599.681,290.2152,467.4212,291.162,542.1482,297.3788,507.5281,292.5301,132.2632,34.958,0.2643,1,1,59,1
58,3,0,1,1,1,1,0.9863,0.9927,0.8808,0.9278,784.5492,336.0116,651.9612,344.7729,724.7372,394.4918,700.9628,404.6358,132.8771,25.8481,0.1945,1,1,59,1
58,3,0,2,1,1,1,0.9899,0.99,0.9164,0.9131,953.0496,345.9455,834.5122,349.7404,905.7145,385.4485,890.957,375.9559,118.5981,17.5468,0.148,1,1,59,1
59,3,0,0,1,1,1,0.9878,0.9897,0.915,0.9284,599.9296,290.0946,467.38,291.2052,542.1219,298.0076,507.4416,293.0318,132.5542,35.0354,0.2643,1,1,60,1
59,3,0,1,1,1,1,0.9865,0.9929,0.8826,0.9288,784.6642,336.2834,651.7982,344.8624,725.7732,395.2499,701.0878,405.4864,133.1426,26.7237,0.2007,1,1,60,1
59,3,0,2,1,1,1,0.99,0.9903,0.9176,0.9153,953.029,345.7916,834.698,349.9909,905.061,384.0457,890.4922,376.3641,118.4055,16.4699,0.1391,1,1,60,1
60,3,0,0,1,1,1,0.9876,0.9895,0.9136,0.9272,599.5262,289.9787,467.1108,290.9054,542.261,298.3624,507.0128,294.101,132.4186,35.5048,0.2681,1,1,61,1
60,3,0,1,1,1,1,0.9867,0.9926,0.8846,0.9268,784.7668,336.1365,652.2558,344.4754,724.8192,393.5253,700.9565,404.6268,132.7732,26.3187,0.1982,1,1,61,1
60,3,0,2,1,1,1,0.9897,0.9902,0.9153,0.915,952.8954,345.924,834.2848,350.3406,905.9961,384.699,890.6128,377.8388,118.6929,16.8437,0.1419,1,1,61,1
61,3,0,0,1,1,1,0.9876,0.9896,0.9136,0.9273,599.5196,289.9442,467.109,290.8892,542.2774,298.3995,507.016,294.1116,132.4139,35.5212,0.2683,1,1,62,1
61,3,0,1,1,1,1,0.9867,0.9926,0.8849,0.9269,784.7762,336.1122,652.2622,344.4663,724.8155,393.4951,700.9188,404.5775,132.7771,26.3415,0.1984,1,1,62,1
61,3,0,2,1,1,1,0.9897,0.9902,0.9153,0.9149,952.8873,345.9414,834.2732,350.3496,905.9218,384.5711,890.6016,377.8646,118.696,16.7238,0.1409,1,1,62,1
62,3,0,0,1,1,1,0.9875,0.9893,0.913,0.9255,599.6176,290.5502,467.3617,291.2532,541.4434,297.7276,506.6618,294.9201,132.2578,34.8948,0.2638,1,1,63,1
62,3,0,1,1,1,1,0.9862,0.9927,0.8806,0.9273,785.1088,336.709,652.0258,344.969,725.8759,395.237,702.227,404.5128,133.339,25.403,0.1905,1,1,63,1
62,3,0,2,1,1,1,0.9896,0.9901,0.9145,0.9134,952.7638,346.5894,833.9181,350.5822,905.3419,383.9068,891.1685,376.937,118.9128,15.7944,0.1328,1,1,63,1
63,3,0,0,1,1,1,0.9875,0.9893,0.913,0.9255,599.6156,290.5134,467.3545,291.2296,541.4344,297.7994,506.6624,294.9496,132.263,34.8886,0.2638,1,1,64,1
63,3,0,1,1,1,1,0.9862,0.9927,0.8803,0.9275,785.1384,336.7238,652.0232,344.993,725.7983,395.1763,702.2737,404.5305,133.3718,25.3162,0.1898,1,1,64,1
63,3,0,2,1,1,1,0.9896,0.9901,0.9144,0.9135,952.7356,346.6094,833.9092,350.5788,905.3218,383.9618,891.2053,376.9463,118.8926,15.7637,0.1326,1,1,64,1
64,3,0,0,1,1,1,0.9873,0.9895,0.9115,0.9265,599.343,290.8259,467.0439,291.5731,541.3504,297.3436,507.0013,293.7034,132.3012,34.5415,0.2611,1,1,65,1
64,3,0,1,1,1,1,0.9863,0.9927,0.8813,0.928,785.4974,336.7556,652.3092,345.0048,725.063,394.8118,701.9628,404.6691,133.4435,25.1155,0.1882,1,1,65,1
64,3,0,2,1,1,1,0.9896,0.9902,0.9147,0.9154,952.7466,346.4383,834.0104,350.1901,906.037,382.8742,892.7054,374.6974,118.7955,15.6394,0.1316,1,1,65,1
65,3,0,0,1,1,1,0.9873,0.9895,0.9115,0.9266,599.3118,290.8338,467.0558,291.5978,541.3888,297.3548,506.9982,293.7022,132.2582,34.584,0.2615,1,1,66,1
65,3,0,1,1,1,1,0.9863,0.9928,0.8813,0.9281,785.4992,336.7887,652.2949,345.0418,725.0832,394.7974,701.9381,404.6191,133.4598,25.1427,0.1884,1,1,66,1
65,3,0,2,1,1,1,0.9896,0.9903,0.9148,0.9155,952.7287,346.4318,833.9972,350.1834,906.0106,382.8126,892.7048,374.7002,118.7907,15.5838,0.1312,1,1,66,1
66,3,0,0,1,1,1,0.9878,0.9894,0.9147,0.9266,599.154,290.7091,467.1414,291.2824,541.8974,298.1492,506.4318,295.2404,132.014,35.5847,0.2696,1,1,67,1
66,3,0,2,1,1,1,0.9898,0.9903,0.9159,0.916,953.1692,345.9836,834.0721,350.4264,905.4825,381.9711,892.8878,375.3494,119.1799,14.2294,0.1194,1,1,67,1
66,3,0,1,1,1,1,0.9863,0.9928,0.8822,0.9285,785.5088,337.1458,652.331,345.2737,725.8322,396.3728,701.97,405.3744,133.4255,25.5036,0.1911,1,1,67,1
67,3,0,0,1,1,1,0.9878,0.9892,0.915,0.925,599.0024,290.7058,466.9508,291.6305,541.7564,298.4668,506.5504,294.5128,132.0548,35.4274,0.2683,1,1,68,1
67,3,0,2,1,1,1,0.9896,0.9903,0.9142,0.9161,952.9829,346.1084,834.0828,350.9131,907.7437,383.3719,892.9837,375.0262,118.9971,16.956,0.1425,1,1,68,1
67,3,0,1,1,1,1,0.9865,0.9925,0.8846,0.9263,785.3364,337.6734,651.9582,345.8201,724.7689,394.3016,701.8652,404.5308,133.6268,25.0842,0.1877,1,1,68,1
68,3,0,0,1,1,1,0.9878,0.9892,0.9151,0.9249,598.9916,290.7154,466.9622,291.6214,541.7186,298.4238,506.5216,294.5338,132.0325,35.4113,0.2682,1,1,69,1
68,3,0,2,1,1,1,0.9896,0.9904,0.9143,0.9162,952.9786,346.1039,834.0834,350.9088,907.7237,383.386,892.9988,374.9728,118.9923,16.9589,0.1425,1,1,69,1
68,3,0,1,1,1,1,0.9865,0.9925,0.8846,0.9264,785.3212,337.7014,651.9512,345.8553,724.7772,394.3596,701.8616,404.5775,133.619,25.0904,0.1878,1,1,69,1
69,3,0,0,1,1,1,0.9879,0.9892,0.9164,0.9252,599.1534,290.8395,467.0554,291.6332,542.0426,298.7602,506.3664,295.0991,132.1004,35.8635,0.2715,1,1,70,1
69,3,0,2,1,1,1,0.9898,0.9903,0.9161,0.9158,952.8694,345.9074,834.3216,350.5119,906.1794,382.3636,893.457,374.1716,118.6372,15.1317,0.1275,1,1,70,1
69,3,0,1,1,1,1,0.9864,0.9925,0.8843,0.9271,785.961,337.845,652.5221,346.3684,724.8116,394.372,701.1961,405.6814,133.7109,26.1839,0.1958,1,1,70,1
70,3,0,0,1,1,1,0.9879,0.9892,0.9164,0.9252,599.1594,290.8302,467.064,291.6289,542.052,298.7565,506.353,295.0913,132.0978,35.8867,0.2717,1,1,71,1
70,3,0,2,1,1,1,0.9898,0.9903,0.9161,0.9157,952.8491,345.8888,834.3136,350.4941,906.1788,382.3427,893.4921,374.1594,118.6249,15.0971,0.1273,1,1,71,1
70,3,0,1,1,1,1,0.9864,0.9925,0.8842,0.9271,785.9602,337.8336,652.5208,346.3648,724.8372,394.388,701.2136,405.6446,133.7118,26.1685,0.1957,1,1,71,1
71,3,0,0,1,1,1,0.9879,0.9889,0.9162,0.9239,599.2523,290.4357,467.5088,291.393,541.7034,298.2328,506.1612,295.553,131.747,35.6431,0.2705,1,1,72,1
71,3,0,1,1,1,1,0.9863,0.9925,0.8829,0.9264,786.3348,337.6995,652.5699,346.4238,724.7614,393.2377,701.2817,406.4385,134.0492,26.9362,0.2009,1,1,72,1
71,3,0,2,1,1,1,0.9895,0.9904,0.9137,0.9166,952.6417,345.6374,834.359,350.9314,906.5958,382.3553,893.603,374.2294,118.4011,15.3246,0.1294,1,1,72,1
72,3,0,0,1,1,1,0.9879,0.9889,0.9162,0.9238,599.2616,290.4246,467.5077,291.3692,541.7018,298.2211,506.1987,295.575,131.7572,35.6016,0.2702,1,1,73,1
72,3,0,1,1,1,1,0.9863,0.9925,0.883,0.9264,786.3135,337.6947,652.551,346.4077,724.707,393.18,701.2854,406.4612,134.0459,26.9251,0.2009,1,1,73,1
72,3,0,2,1,1,1,0.9895,0.9904,0.9138,0.9167,952.6378,345.6222,834.3638,350.9308,906.5535,382.2963,893.6248,374.2675,118.393,15.2188,0.1285,1,1,73,1
73,3,0,0,1,1,1,0.988,0.989,0.9169,0.9245,598.9646,290.5698,467.22,291.2451,542.2837,298.7506,506.285,296.3,131.7464,36.082,0.2739,1,1,74,1
73,3,0,2,1,1,1,0.9894,0.9905,0.9128,0.9175,952.8286,345.72,833.969,350.8844,905.581,382.4088,893.0756,372.2897,118.9718,16.0866,0.1352,1,1,74,1
73,3,0,1,1,1,1,0.9861,0.9926,0.8816,0.9272,786.0258,337.4906,652.5632,345.8259,725.8122,395.3863,701.9044,406.2709,133.7226,26.269,0.1964,1,1,74,1
74,3,0,0,1,1,1,0.988,0.989,0.9169,0.9245,598.9452,290.5676,467.2298,291.24,542.2902,298.7418,506.2942,296.2897,131.717,36.0795,0.2739,1,1,75,1
74,3,0,2,1,1,1,0.9894,0.9905,0.9128,0.9175,952.8201,345.6756,833.9926,350.852,905.4972,382.3974,893.1016,372.2584,118.9402,16.0141,0.1346,1,1,75,1
74,3,0,1,1,1,1,0.9862,0.9925,0.8818,0.9271,786.0121,337.4706,652.5808,345.8106,725.8436,395.409,701.8911,406.2707,133.6916,26.3002,0.1967,1,1,75,1
75,3,0,0,1,1,1,0.9878,0.9889,0.9154,0.9235,598.917,291.3867,467.1652,291.8682,542.1383,299.0776,506.616,296.1262,131.7527,35.6447,0.2705,1,1,76,1
75,3,0,2,1,1,1,0.9895,0.9904,0.9134,0.9162,952.7979,346.0838,834.3169,351.122,904.9999,381.869,893.9467,372.4104,118.588,14.5478,0.1227,1,1,76,1
75,3,0,1,1,1,1,0.986,0.9926,0.8804,0.9272,785.4886,337.4591,652.3476,345.6272,726.5018,396.8829,702.1338,405.162,133.3914,25.7361,0.1929,1,1,76,1
76,3,0,0,1,1,1,0.9878,0.9889,0.9154,0.9235,598.9172,291.429,467.1787,291.8911,542.1098,299.069,506.6224,296.161,131.7393,35.6064,0.2703,1,1,77,1
76,3,0,2,1,1,1,0.9895,0.9904,0.9135,0.9162,952.7977,346.0707,834.3448,351.104,905.0218,381.8489,893.9697,372.39,118.5599,14.5471,0.1227,1,1,77,1
76,3,0,1,1,1,1,0.986,0.9926,0.8806,0.9272,785.4866,337.4549,652.3384,345.6005,726.4322,396.8322,702.1269,405.138,133.3972,25.6853,0.1925,1,1,77,1
77,3,0,0,1,1,1,0.9878,0.9891,0.9149,0.9248,598.6776,291.1969,467.0182,291.5103,541.8268,299.1518,507.0522,296.7787,131.6597,34.8556,0.2647,1,1,78,1
77,3,0,2,1,1,1,0.9893,0.9904,0.9126,0.9168,952.9996,346.258,834.2932,351.6562,905.1812,382.0085,894.1452,371.5798,118.8291,15.1839,0.1278,1,1,78,1
77,3,0,1,1,1,1,0.9863,0.9925,0.8825,0.9266,785.2628,337.3215,652.3903,345.4415,724.0452,395.729,702.644,405.1133,133.1204,23.3683,0.1755,1,1,78,1
78,3,0,0,1,1,1,0.9878,0.9891,0.915,0.9249,598.6747,291.1818,467.0206,291.4925,541.8648,299.15,507.0224,296.7306,131.6544,34.9262,0.2653,1,1,79,1
78,3,0,2,1,1,1,0.9893,0.9904,0.9126,0.9168,953.0035,346.2534,834.274,351.6381,905.1566,381.9794,894.1633,371.6832,118.8515,15.062,0.1267,1,1,79,1
78,3,0,1,1,1,1,0.9863,0.9925,0.8822,0.9268,785.2892,337.3283,652.3936,345.458,724.0671,395.6656,702.6428,405.087,133.1441,23.4043,0.1758,1,1,79,1
79,3,0,0,1,1,1,0.9878,0.9893,0.915,0.9256,598.8175,291.1026,467.208,291.6144,541.8106,298.5778,506.9004,296.4607,131.6105,34.9743,0.2657,1,1,80,1
79,3,0,2,1,1,1,0.9897,0.9905,0.9146,0.9168,952.9534,345.9851,834.244,350.9473,905.5544,382.5253,895.0839,373.289,118.813,13.9621,0.1175,1,1,80,1
79,3,0,1,1,1,1,0.9863,0.9927,0.8818,0.9276,784.7518,337.0818,651.8056,345.1121,723.3128,394.7395,702.445,405.0817,133.1885,23.29,0.1749,1,1,80,1
80,3,0,0,1,1,1,0.9877,0.989,0.915,0.9246,598.8,291.6482,466.962,291.9077,541.5733,298.815,506.8716,296.2798,131.8382,34.7941,0.2639,1,1,81,1
80,3,0,2,1,1,1,0.9896,0.9904,0.9141,0.9158,953.3513,346.2564,834.4928,351.2867,906.1584,382.6863,892.9175,372.3665,118.9649,16.7875,0.1411,1,1,81,1
80,3,0,1,1,1,1,0.9859,0.9927,0.8788,0.9276,784.6934,336.7868,651.946,345.1563,724.0045,394.5952,702.061,404.5775,133.0109,24.1074,0.1812,1,1,81,1
81,3,0,0,1,1,1,0.9877,0.9891,0.9148,0.9246,598.7598,291.632,466.9496,291.9222,541.5896,298.8604,506.8112,296.3701,131.8105,34.8674,0.2645,1,1,82,1
81,3,0,1,1,1,1,0.9859,0.9927,0.8787,0.9277,784.7004,336.776,651.9572,345.1398,724.0144,394.6388,702.0606,404.5742,133.0065,24.0974,0.1812,1,1,82,1
81,3,0,2,1,1,1,0.9896,0.9904,0.9139,0.916,953.3279,346.2487,834.4972,351.2896,906.106,382.5834,892.9076,372.2626,118.9376,16.7546,0.1409,1,1,82,1
82,3,0,0,1,1,1,0.9874,0.9894,0.9129,0.9262,598.6592,291.4396,466.6488,291.9508,541.592,298.5454,507.3082,297.1992,132.0114,34.3102,0.2599,1,1,83,1
82,3,0,1,1,1,1,0.9864,0.9927,0.8827,0.9279,784.5044,336.5644,651.7328,344.7922,723.9858,395.4104,702.4829,404.7468,133.0264,23.4423,0.1762,1,1,83,1
82,3,0,2,1,1,1,0.9897,0.9905,0.9149,0.9164,953.4506,346.1597,834.8087,351.1442,904.7805,382.957,893.0839,371.3385,118.7465,16.4864,0.1388,1,1,83,1
83,3,0,0,1,1,1,0.9875,0.9893,0.913,0.9262,598.6722,291.4385,466.6655,291.9447,541.5996,298.547,507.3055,297.1351,132.0077,34.3232,0.26,1,1,84,1
83,3,0,1,1,1,1,0.9864,0.9927,0.8826,0.9279,784.5134,336.5873,651.7276,344.8128,723.9355,395.4166,702.5096,404.7254,133.0403,23.3607,0.1756,1,1,84,1
83,3,0,2,1,1,1,0.9897,0.9905,0.915,0.9164,953.4631,346.1894,834.8304,351.1551,904.7321,382.8704,893.0713,371.2554,118.7366,16.4585,0.1386,1,1,84,1
84,3,0,0,1,1,1,0.9873,0.9892,0.9128,0.9258,598.7335,290.629,467.2596,291.5167,541.7873,298.7107,507.1198,296.242,131.477,34.7552,0.2643,1,1,85,1
84,3,0,1,1,1,1,0.9881,0.992,0.8939,0.9308,784.0874,339.1767,651.5914,346.9738,732.653,398.964,700.1771,397.3974,132.7252,32.5136,0.245,1,1,85,1
84,3,0,2,1,1,1,0.9896,0.9904,0.9145,0.9165,953.6346,346.7092,834.7266,351.447,904.3173,381.5171,892.7783,368.8186,119.0024,17.1581,0.1442,1,1,85,1
85,3,0,0,1,1,1,0.9873,0.9892,0.9128,0.9258,598.7274,290.62,467.259,291.5215,541.784,298.718,507.1192,296.2375,131.4714,34.7534,0.2643,1,1,86,1
85,3,0,1,1,1,1,0.9881,0.992,0.8939,0.9308,784.0874,339.1682,651.5898,346.9698,732.6519,398.9738,700.169,397.4177,132.727,32.5201,0.245,1,1,86,1
85,3,0,2,1,1,1,0.9896,0.9904,0.9145,0.9165,953.6392,346.7094,834.7299,351.4413,904.3058,381.5085,892.7892,368.8219,119.0034,17.1342,0.144,1,1,86,1
86,3,0,0,1,1,1,0.9876,0.9895,0.9141,0.9268,598.7301,290.8175,467.1224,291.628,541.304,299.2574,507.0442,297.464,131.6103,34.3067,0.2607,1,1,87,1
86,3,0,1,1,1,1,0.9877,0.9923,0.8901,0.9327,783.601,338.608,651.3656,346.8652,733.5257,400.5178,700.1474,396.6749,132.493,33.5988,0.2536,1,1,87,1
86,3,0,2,1,1,1,0.9897,0.9902,0.9155,0.9148,953.3765,346.4225,834.591,351.3282,905.6008,383.1706,892.9627,369.1604,118.8868,18.8682,0.1587,1,1,87,1
87,3,0,0,1,1,1,0.9876,0.9895,0.914,0.9268,598.7252,290.8069,467.1194,291.6155,541.2984,299.2792,507.0531,297.472,131.6083,34.2929,0.2606,1,1,88,1
87,3,0,1,1,1,1,0.9877,0.9923,0.8901,0.9327,783.629,338.624,651.3956,346.8671,733.53,400.517,700.1426,396.667,132.4901,33.6086,0.2537,1,1,88,1
87,3,0,2,1,1,1,0.9897,0.9902,0.9155,0.9147,953.3868,346.4297,834.6034,351.3206,905.5941,383.178,892.9722,369.1989,118.8841,18.8342,0.1584,1,1,88,1
88,3,0,0,1,1,1,0.9874,0.9892,0.9136,0.9253,598.6442,291.1179,467.2809,291.7951,541.3745,299.0688,506.9028,296.8502,131.3651,34.543,0.263,1,1,89,1
88,3,0,1,1,1,1,0.9877,0.992,0.8903,0.9304,783.247,338.3638,651.1778,346.5942,732.6824,398.5128,699.4182,396.4317,132.3254,33.3292,0.2519,1,1,89,1
88,3,0,2,1,1,1,0.9892,0.9903,0.9118,0.9153,953.684,346.0665,834.553,351.1205,904.9898,383.3608,893.5655,370.4047,119.2381,17.2736,0.1449,1,1,89,1
89,3,0,0,1,1,1,0.9874,0.9895,0.9128,0.9269,598.3768,291.2798,466.793,291.9695,541.519,299.0411,507.361,296.0466,131.5855,34.2891,0.2606,1,1,90,1
89,3,0,1,1,1,1,0.9863,0.9925,0.8815,0.9263,782.8726,335.9874,650.5548,344.6401,722.5757,393.5008,700.7035,403.6078,132.6004,24.0945,0.1817,1,1,90,1
89,3,0,2,1,1,1,0.9893,0.9901,0.913,0.9139,953.2725,345.9867,834.3277,350.5222,904.678,382.5236,892.3696,371.6582,119.0313,16.4182,0.1379,1,1,90,1
90,3,0,0,1,1,1,0.9874,0.9895,0.9128,0.9269,598.3914,291.2762,466.8044,291.957,541.5069,299.057,507.3664,296.0245,131.5888,34.2749,0.2605,1,1,91,1
90,3,0,1,1,1,1,0.9863,0.9925,0.8814,0.9263,782.8517,335.9769,650.5638,344.6114,722.516,393.4365,700.7258,403.6118,132.5693,24.0489,0.1814,1,1,91,1
90,3,0,2,1,1,1,0.9894,0.9901,0.913,0.9139,953.2711,346.0025,834.3334,350.5248,904.6562,382.5063,892.3735,371.6414,119.0236,16.3985,0.1378,1,1,91,1
91,3,0,0,1,1,1,0.9876,0.9895,0.9141,0.9268,598.7948,291.1938,467.3476,292.0958,541.5868,298.3716,506.9092,296.0074,131.4503,34.7581,0.2644,1,1,92,1
91,3,0,1,1,1,1,0.9868,0.9924,0.8851,0.9252,783.0615,336.1507,650.8786,345.0484,724.2714,395.8947,701.2542,402.3236,132.482,23.8982,0.1804,1,1,92,1
91,3,0,2,1,1,1,0.9894,0.9904,0.9136,0.9166,953.309,346.1684,834.5518,350.9703,905.7061,382.4499,891.7734,369.4826,118.8543,19.0334,0.1601,1,1,92,1
92,3,0,0,1,1,1,0.9877,0.9895,0.9143,0.9268,598.7844,291.1634,467.3256,292.0846,541.5432,298.3677,506.9412,296.1222,131.4621,34.6749,0.2638,1,1,93,1
92,3,0,1,1,1,1,0.9868,0.9924,0.8849,0.9253,783.0894,336.178,650.8764,345.0998,724.3082,395.8807,701.1765,402.2974,132.5136,24.0052,0.1812,1,1,93,1
92,3,0,2,1,1,1,0.9894,0.9904,0.9136,0.9167,953.3039,346.1527,834.5536,350.9644,905.7162,382.4568,891.7702,369.4853,118.8477,19.046,0.1603,1,1,93,1
93,3,0,0,1,1,1,0.9872,0.9894,0.9116,0.9264,599.0848,291.1554,467.3454,291.7999,541.9748,299.3328,506.8084,296.284,131.741,35.2983,0.2679,1,1,94,1
93,3,0,1,1,1,1,0.9883,0.9917,0.8956,0.9293,782.7061,338.4024,651.0576,346.9079,733.4751,398.6459,699.4671,396.6998,131.923,34.0636,0.2582,1,1,94,1
93,3,0,2,1,1,1,0.9897,0.9904,0.9146,0.9157,953.3706,346.133,834.5529,350.5289,905.2097,383.6756,892.228,371.4879,118.899,17.8062,0.1498,1,1,94,1
94,3,0,0,1,1,1,0.9871,0.9897,0.9103,0.9276,598.8037,290.8372,467.0949,291.8725,541.585,298.4469,507.2413,294.9557,131.7129,34.5207,0.2621,1,1,95,1
94,3,0,1,1,1,1,0.9871,0.9922,0.8881,0.9235,782.2252,335.7966,651.0396,344.9874,723.4638,395.0972,700.9132,404.0296,131.5071,24.2552,0.1844,1,1,95,1
94,3,0,2,1,1,1,0.9899,0.9902,0.9159,0.9135,952.9558,345.7978,834.413,349.8648,905.4085,385.2229,891.7012,373.3557,118.6125,18.1306,0.1529,1,1,95,1
95,3,0,0,1,1,1,0.9871,0.9897,0.9103,0.9276,598.7944,290.8565,467.0768,291.8915,541.5763,298.4828,507.231,295.0038,131.7217,34.521,0.2621,1,1,96,1
95,3,0,1,1,1,1,0.9871,0.9922,0.8881,0.9236,782.2306,335.8107,651.0503,345.0077,723.4576,395.08,700.9195,403.972,131.5023,24.2288,0.1842,1,1,96,1
95,3,0,2,1,1,1,0.9899,0.9902,0.916,0.9134,952.9513,345.7896,834.426,349.8775,905.3644,385.2656,891.7261,373.3118,118.5958,18.1355,0.1529,1,1,96,1
96,3,0,0,1,1,1,0.9869,0.9896,0.9094,0.9273,598.8672,290.7421,467.2528,291.6025,541.869,298.9484,507.5915,295.2296,131.6173,34.4786,0.262,1,1,97,1
96,3,0,1,1,1,1,0.9889,0.9911,0.9011,0.9239,782.4316,338.5388,651.1466,346.9907,733.0639,398.0341,698.7263,396.9357,131.5568,34.3552,0.2611,1,1,97,1
96,3,0,2,1,1,1,0.9895,0.9901,0.9138,0.9139,952.9836,345.9659,834.3019,349.9743,907.0312,384.8563,890.7556,375.3323,118.7494,18.8574,0.1588,1,1,97,1
97,3,0,0,1,1,1,0.9869,0.9896,0.9094,0.9272,598.8614,290.7509,467.2618,291.5916,541.8375,298.9448,507.587,295.2344,131.6024,34.4509,0.2618,1,1,98,1
97,3,0,1,1,1,1,0.9889,0.9911,0.9012,0.9238,782.4257,338.5062,651.1574,346.9589,733.0712,398.073,698.7404,396.966,131.5402,34.3487,0.2611,1,1,98,1
97,3,0,2,1,1,1,0.9895,0.9901,0.9137,0.9138,952.9993,345.962,834.3084,349.9877,907.023,384.8954,890.7511,375.3078,118.7592,18.8865,0.159,1,1,98,1
98,3,0,0,1,1,1,0.9871,0.9898,0.9106,0.9286,599.049,290.7992,467.1114,291.6222,541.8028,298.1778,507.8798,294.6896,131.9402,34.1019,0.2585,1,1,99,1
98,3,0,1,1,1,1,0.9873,0.9921,0.8896,0.9225,781.83,335.627,650.8387,344.8764,724.3282,396.3854,700.3842,404.3177,131.3174,25.2237,0.1921,1,1,99,1
98,3,0,2,1,1,1,0.9896,0.9903,0.9138,0.9144,952.5877,346.1278,834.2364,350.4202,906.2891,385.7255,890.2787,375.0346,118.4292,19.2516,0.1626,1,1,99,1
99,3,0,0,1,1,1,0.9871,0.9898,0.9105,0.9285,599.0666,290.805,467.1324,291.6327,541.8558,298.2499,507.8325,294.7902,131.9367,34.1988,0.2592,1,1,100,1
99,3,0,1,1,1,1,0.9873,0.9921,0.8895,0.9225,781.8264,335.6592,650.8325,344.8974,724.2764,396.2572,700.3976,404.3045,131.3193,25.1983,0.1919,1,1,100,1
99,3,0,2,1,1,1,0.9896,0.9902,0.9138,0.9143,952.5797,346.142,834.2262,350.4218,906.2773,385.6234,890.2869,375.1904,118.4309,19.093,0.1612,1,1,100,1
100,3,0,0,1,1,1,0.9869,0.9898,0.9094,0.9289,599.0738,290.76,467.0026,291.5823,542.5546,299.2536,507.6018,294.468,132.0738,35.2789,0.2671,1,1,101,1
100,3,0,1,1,1,1,0.987,0.9923,0.8875,0.9245,782.1034,335.7324,650.557,344.8326,724.2378,396.0277,700.331,404.7108,131.8608,25.4348,0.1929,1,1,101,1
100,3,0,2,1,1,1,0.9898,0.9903,0.9152,0.915,953.0278,346.0606,834.2799,350.776,906.0899,386.022,890.0351,374.714,118.8415,19.6374,0.1652,1,1,101,1
101,3,0,0,1,1,1,0.9869,0.9898,0.9093,0.9289,599.0647,290.7781,467.0004,291.5842,542.5913,299.2618,507.5975,294.4588,132.0668,35.3219,0.2675,1,1,102,1
101,3,0,1,1,1,1,0.987,0.9923,0.8874,0.9245,782.0811,335.7317,650.5494,344.8333,724.242,395.9979,700.3213,404.7347,131.8463,25.4664,0.1932,1,1,102,1
101,3,0,2,1,1,1,0.9898,0.9903,0.9152,0.915,953.0231,346.0632,834.2714,350.7783,906.0746,385.9889,890.0327,374.746,118.8453,19.5895,0.1648,1,1,102,1
102,3,0,0,1,1,1,0.9867,0.9898,0.909,0.9295,598.9078,290.8012,466.7572,291.8295,541.9166,298.985,507.6312,296.435,132.1547,34.3801,0.2602,1,1,103,1
102,3,0,1,1,1,1,0.9882,0.9916,0.8943,0.9273,782.5796,337.8156,651.1952,346.7386,732.661,396.7701,698.846,397.1334,131.6869,33.8169,0.2568,1,1,103,1
102,3,0,2,1,1,1,0.9899,0.9898,0.9173,0.9118,952.48,346.0893,833.5385,350.964,904.3077,385.1655,888.5524,373.5477,119.0413,19.5755,0.1644,1,1,103,1
103,3,0,0,1,1,1,0.9865,0.9897,0.9071,0.9284,599.3108,290.9155,466.8932,291.8656,542.1082,298.6513,507.989,294.2856,132.4211,34.3974,0.2598,1,1,104,1
103,3,0,1,1,1,1,0.9869,0.992,0.8869,0.9215,782.0304,335.4371,650.8719,344.2738,723.733,394.2667,699.6066,404.5248,131.4558,26.2166,0.1994,1,1,104,1
103,3,0,2,1,1,1,0.9898,0.9897,0.9163,0.9108,952.4128,346.6359,833.6922,351.1009,905.3302,384.5028,889.0081,374.6356,118.8045,19.0729,0.1605,1,1,104,1
104,3,0,0,1,1,1,0.9866,0.9897,0.9072,0.9285,599.3099,290.9053,466.8852,291.862,542.0958,298.6372,507.9814,294.2718,132.4282,34.3925,0.2597,1,1,105,1
104,3,0,1,1,1,1,0.987,0.992,0.887,0.9217,781.9794,335.4219,650.8388,344.2539,723.7774,394.3278,699.6294,404.5254,131.4377,26.213,0.1994,1,1,105,1
104,3,0,2,1,1,1,0.9898,0.9897,0.9163,0.9108,952.4128,346.6324,833.6867,351.0859,905.3298,384.5301,889.0,374.6222,118.8096,19.1005,0.1608,1,1,105,1
105,3,0,0,1,1,1,0.9869,0.9897,0.9098,0.9284,599.1023,290.6347,467.1694,291.6103,542.38,299.0438,507.8156,295.7991,131.9365,34.7164,0.2631,1,1,106,1
105,3,0,1,1,1,1,0.9869,0.9922,0.8859,0.9232,782.2925,335.8128,650.5964,344.6184,725.3405,396.0841,701.275,404.9274,131.9901,25.6389,0.1942,1,1,106,1
105,3,0,2,1,1,1,0.99,0.9902,0.9177,0.9147,952.2756,345.4463,833.7855,350.4155,905.0968,385.7348,888.0187,374.6782,118.5943,20.3447,0.1715,1,1,106,1
106,3,0,0,1,1,1,0.9869,0.9897,0.9097,0.9284,599.1172,290.6272,467.189,291.5816,542.364,299.0011,507.8254,295.7976,131.9317,34.6869,0.2629,1,1,107,1
106,3,0,1,1,1,1,0.9869,0.9922,0.8859,0.9233,782.2778,335.8074,650.571,344.6138,725.3369,396.0618,701.3016,404.9483,132.0008,25.6255,0.1941,1,1,107,1
106,3,0,2,1,1,1,0.9901,0.9902,0.9178,0.9147,952.2828,345.4429,833.788,350.4234,905.0826,385.7237,888.0177,374.6644,118.5995,20.3351,0.1715,1,1,107,1
107,3,0,0,1,1,1,0.9869,0.9899,0.9095,0.9297,599.4963,290.3837,467.2516,291.4112,542.086,298.7084,508.2436,295.1292,132.2487,34.0312,0.2573,1,1,108,1
107,3,0,1,1,1,1,0.9864,0.9926,0.8817,0.9266,781.9634,335.5459,650.3154,344.7221,726.2196,396.5991,700.6648,404.6614,131.9674,26.7964,0.2031,1,1,108,1
107,3,0,2,1,1,1,0.9899,0.99,0.9169,0.9134,952.0735,345.8238,833.6416,350.7809,904.6578,385.2446,888.4009,374.1242,118.5356,19.6965,0.1662,1,1,108,1
108,3,0,0,1,1,1,0.9869,0.9899,0.9096,0.9298,599.5228,290.3926,467.2478,291.4154,542.0866,298.7166,508.2522,295.1207,132.2789,34.025,0.2572,1,1,109,1
108,3,0,1,1,1,1,0.9864,0.9926,0.8818,0.9266,781.9748,335.5637,650.3142,344.7279,726.2054,396.5626,700.5996,404.6911,131.9791,26.865,0.2036,1,1,109,1
108,3,0,2,1,1,1,0.99,0.99,0.917,0.9134,952.0784,345.8363,833.6416,350.7962,904.751,385.3634,888.3845,374.1929,118.5407,19.8152,0.1672,1,1,109,1
109,3,0,0,1,1,1,0.9872,0.9898,0.9109,0.9284,599.4846,290.6846,467.4072,291.4886,541.7594,299.568,508.2311,296.5935,132.0798,33.66,0.2548,1,1,110,1
109,3,0,1,1,1,1,0.9868,0.9924,0.8849,0.9247,782.4809,335.5299,650.6123,344.6477,725.327,395.5657,701.0374,403.192,132.1834,25.4587,0.1926,1,1,110,1
109,3,0,2,1,1,1,0.9897,0.9904,0.915,0.9163,952.2793,345.6412,833.3972,351.2493,905.1405,386.3254,887.8804,373.8638,119.0143,21.2886,0.1789,1,1,110,1
110,3,0,0,1,1,1,0.9872,0.9898,0.9109,0.9284,599.4828,290.681,467.4051,291.4867,541.7252,299.5513,508.2614,296.5724,132.0802,33.596,0.2544,1,1,111,1
110,3,0,1,1,1,1,0.9868,0.9924,0.885,0.9247,782.4828,335.5258,650.6096,344.6474,725.3557,395.6076,701.0318,403.2068,132.1882,25.4834,0.1928,1,1,111,1
110,3,0,2,1,1,1,0.9897,0.9904,0.915,0.9162,952.2819,345.6625,833.3888,351.2758,905.1371,386.3294,887.877,373.8663,119.0254,21.2895,0.1789,1,1,111,1
111,3,0,0,1,1,1,0.9871,0.9898,0.9102,0.928,599.784,290.6426,468.1726,291.8583,541.59,299.2256,507.5386,296.278,131.617,34.1788,0.2597,1,1,112,1
111,3,0,1,1,1,1,0.9872,0.9925,0.8884,0.9259,782.2176,334.9963,650.4872,344.3525,725.5296,395.9303,699.7932,405.3402,132.0621,27.4026,0.2075,1,1,112,1
111,3,0,2,1,1,1,0.9898,0.9903,0.9154,0.9151,952.4488,345.7542,833.5365,351.4064,903.3569,385.0511,888.4647,373.5576,119.0465,18.8116,0.158,1,1,112,1
112,3,0,0,1,1,1,0.9871,0.9898,0.9101,0.928,599.7888,290.6336,468.1765,291.8652,541.576,299.2241,507.5505,296.2746,131.618,34.153,0.2595,1,1,113,1
112,3,0,1,1,1,1,0.9872,0.9925,0.8883,0.926,782.2294,334.9913,650.4936,344.3498,725.5484,395.9805,699.7572,405.3351,132.0678,27.4353,0.2077,1,1,113,1
112,3,0,2,1,1,1,0.9898,0.9903,0.9154,0.9152,952.45,345.7521,833.5448,351.4039,903.3663,385.0399,888.4601,373.5916,119.0394,18.7951,0.1579,1,1,113,1
113,3,0,0,1,1,1,0.9873,0.9895,0.9123,0.927,599.5599,290.7709,467.4292,291.5985,541.8969,299.7055,508.3902,296.3956,132.1332,33.6698,0.2548,1,1,114,1
113,3,0,1,1,1,1,0.987,0.9924,0.8859,0.9244,782.004,335.3357,650.523,344.2616,726.661,398.2452,700.3195,405.0968,131.7836,27.218,0.2065,1,1,114,1
113,3,0,2,1,1,1,0.9897,0.9903,0.915,0.9152,952.5263,346.2259,833.5362,351.4761,905.1267,384.8983,887.1807,373.1601,119.1059,21.444,0.18,1,1,114,1
114,3,0,0,1,1,1,0.9873,0.9895,0.9123,0.927,599.5722,290.7712,467.4233,291.6103,541.8962,299.7314,508.4103,296.4077,132.1516,33.6505,0.2546,1,1,115,1
114,3,0,1,1,1,1,0.987,0.9924,0.8861,0.9245,782.0014,335.3048,650.5208,344.2436,726.5869,398.2086,700.336,405.0427,131.7841,27.1259,0.2058,1,1,115,1
114,3,0,2,1,1,1,0.9897,0.9903,0.9151,0.9152,952.5318,346.2124,833.5322,351.4808,905.1212,384.9055,887.2065,373.186,119.1162,21.4075,0.1797,1,1,115,1
115,3,0,0,1,1,1,0.9872,0.9896,0.9119,0.9279,599.7985,290.3509,467.6286,291.3435,542.1413,299.7418,508.0861,296.2391,132.1736,34.2349,0.259,1,1,116,1
115,3,0,1,1,1,1,0.9863,0.9926,0.8811,0.9272,782.5898,335.2293,650.7156,344.3622,725.5688,395.9594,700.194,404.305,132.1901,26.7119,0.2021,1,1,116,1
115,3,0,2,1,1,1,0.9895,0.9903,0.9133,0.9151,952.5107,346.0629,833.8854,351.2584,904.3231,385.1474,888.1302,371.4591,118.739,21.2033,0.1786,1,1,116,1
116,3,0,0,1,1,1,0.9874,0.9897,0.9125,0.9281,599.779,290.7552,467.8105,291.464,541.8876,298.7079,508.2106,297.5358,131.9704,33.6973,0.2553,1,1,117,1
116,3,0,1,1,1,1,0.9879,0.9922,0.891,0.9321,782.4046,338.0495,650.7184,346.4114,735.9904,399.7754,698.6184,397.6966,131.9515,37.4298,0.2837,1,1,117,1
116,3,0,2,1,1,1,0.9898,0.9903,0.9153,0.9147,952.5912,346.3021,833.9352,351.5703,904.6243,385.8707,887.2167,372.5678,118.7728,21.9088,0.1845,1,1,117,1
117,3,0,0,1,1,1,0.9874,0.9897,0.9126,0.928,599.7845,290.7447,467.8164,291.4557,541.8871,298.7066,508.2094,297.5549,131.97,33.6974,0.2553,1,1,118,1
117,3,0,1,1,1,1,0.9879,0.9922,0.8911,0.9322,782.4011,338.0392,650.7159,346.3998,735.9672,399.7541,698.619,397.7103,131.9504,37.4041,0.2835,1,1,118,1
117,3,0,2,1,1,1,0.9898,0.9903,0.9154,0.9148,952.5811,346.2966,833.927,351.5536,904.6174,385.8648,887.2326,372.5418,118.7706,21.9029,0.1844,1,1,118,1
118,3,0,0,1,1,1,0.9869,0.9898,0.9096,0.9287,599.6206,290.8433,467.3966,291.7706,542.319,298.1775,508.3906,294.4236,132.2272,34.1355,0.2582,1,1,119,1
118,3,0,1,1,1,1,0.9864,0.9927,0.8812,0.928,782.3786,335.7471,650.397,344.3046,725.9074,396.2286,700.3042,404.7292,132.2587,26.9774,0.204,1,1,119,1
118,3,0,2,1,1,1,0.9899,0.9905,0.9158,0.9162,952.4766,345.7646,833.8299,350.8581,904.4027,386.3166,887.4357,372.3649,118.7559,21.9666,0.185,1,1,119,1
119,3,0,0,1,1,1,0.9869,0.9898,0.9096,0.9286,599.6572,290.8475,467.3972,291.799,542.289,298.2591,508.4602,294.2906,132.2635,34.0609,0.2575,1,1,120,1
119,3,0,1,1,1,1,0.9864,0.9927,0.8812,0.928,782.3232,335.7849,650.3332,344.3493,725.9566,396.2774,700.3069,404.8602,132.2676,27.0477,0.2045,1,1,120,1
119,3,0,2,1,1,1,0.9899,0.9905,0.916,0.9164,952.4671,345.786,833.8606,350.9196,904.1357,386.0073,887.4669,371.7966,118.7176,21.9042,0.1845,1,1,120,1
120,3,0,0,1,1,1,0.9868,0.9899,0.9091,0.9297,599.5098,290.5136,467.1194,291.6918,542.4344,299.7482,508.9395,295.7382,132.3957,33.734,0.2548,1,1,121,1
120,3,0,1,1,1,1,0.9867,0.9925,0.8841,0.9257,782.5401,335.6606,650.8073,344.4333,726.0892,396.8628,699.97,405.4176,132.0246,27.4844,0.2082,1,1,121,1
120,3,0,2,1,1,1,0.99,0.9902,0.917,0.9144,952.5851,345.6632,834.0644,350.9491,904.4647,387.0806,887.2672,373.5856,118.6386,21.8602,0.1843,1,1,121,1
121,3,0,0,1,1,1,0.9868,0.9899,0.9091,0.9298,599.5224,290.5209,467.1394,291.6911,542.441,299.7698,508.9606,295.6853,132.3882,33.7287,0.2548,1,1,122,1
121,3,0,1,1,1,1,0.9867,0.9925,0.8842,0.9257,782.5734,335.6564,650.8279,344.4424,726.2069,397.0045,699.9578,405.4235,132.0381,27.5662,0.2088,1,1,122,1
121,3,0,2,1,1,1,0.99,0.9902,0.917,0.9146,952.6206,345.6611,834.0862,350.9677,904.5013,387.0875,887.2431,373.6269,118.6531,21.8868,0.1845,1,1,122,1
122,3,0,0,1,1,1,0.9868,0.9894,0.9096,0.9269,599.649,290.7538,467.6866,291.927,541.7815,299.1604,507.7375,297.7145,131.9675,34.0747,0.2582,1,1,123,1
122,3,0,1,1,1,1,0.9864,0.9924,0.8829,0.9255,782.2442,335.7977,650.5328,344.4418,726.0094,395.8804,701.171,404.6843,131.9948,26.3526,0.1996,1,1,123,1
122,3,0,2,1,1,1,0.9898,0.9901,0.9154,0.9139,952.0153,345.7612,833.3564,351.1959,906.5125,388.7141,886.7291,373.6196,118.7833,24.8842,0.2095,1,1,123,1
123,3,0,0,1,1,1,0.9871,0.9898,0.9108,0.9283,600.0033,290.7532,468.0134,292.2358,541.857,299.0176,507.9729,296.0164,131.9983,34.0167,0.2577,1,1,124,1
123,3,0,1,1,1,1,0.9865,0.9924,0.8836,0.9261,782.519,335.8129,650.6338,344.77,723.9732,392.144,700.349,402.8458,132.189,25.9351,0.1962,1,1,124,1
123,3,0,2,1,1,1,0.9898,0.9901,0.9157,0.9138,951.6698,345.9286,833.865,351.0161,906.4783,387.9682,886.8853,372.0507,117.9147,25.2439,0.2141,1,1,124,1
124,3,0,0,1,1,1,0.9871,0.9898,0.9108,0.9283,600.015,290.7576,468.0182,292.2254,541.8388,299.0206,507.9513,295.9956,132.005,34.0223,0.2577,1,1,125,1
124,3,0,1,1,1,1,0.9865,0.9924,0.8837,0.9261,782.5189,335.8106,650.6584,344.7567,724.0922,392.3056,700.2996,402.8772,132.1637,26.0355,0.197,1,1,125,1
124,3,0,2,1,1,1,0.9898,0.9901,0.9158,0.9138,951.6765,345.9366,833.8244,351.0092,906.5316,388.0254,886.8671,372.0778,117.9611,25.3184,0.2146,1,1,125,1
125,4,1,0,1,1,1,0.9871,0.9898,0.91,0.928,599.4032,290.8717,467.7852,292.0714,542.2083,298.9232,507.9588,295.414,131.6235,34.4288,0.2616,1,1,126,1
125,4,1,1,1,1,1,0.9865,0.9925,0.8826,0.9263,782.3916,335.8953,650.5754,344.74,723.8144,392.8533,700.239,403.7948,132.1126,25.9907,0.1967,1,1,126,1
125,4,1,2,1,1,1,0.9899,0.9903,0.9155,0.9145,951.7507,345.9376,834.0235,350.729,906.8713,388.4217,886.95,372.3534,117.8247,25.5938,0.2172,1,1,126,1
125,4,1,3,0,0,1,0.0127,0.0221,0.0257,0.0399,1278.8453,553.3691,1268.2397,555.392,1229.0321,695.8582,1225.6494,694.4834,10.7968,3.6514,0.3382,0,0,0,0
126,4,1,0,1,1,1,0.987,0.9898,0.9098,0.9281,599.3863,290.8772,467.759,292.0833,542.2149,298.9274,507.9592,295.4338,131.6328,34.4334,0.2616,1,1,127,1
126,4,1,1,1,1,1,0.9865,0.9925,0.8827,0.9263,782.3896,335.9008,650.5779,344.7427,723.8245,392.8189,700.2075,403.7932,132.1079,26.0422,0.1971,1,1,127,1
126,4,1,2,1,1,1,0.9899,0.9903,0.9156,0.9145,951.7559,345.9303,834.0314,350.7214,906.8713,388.4698,886.9635,372.3268,117.822,25.6304,0.2175,1,1,127,1
126,4,1,3,0,0,1,0.0127,0.0222,0.0257,0.0399,1278.8604,553.065,1268.2416,555.096,1229.1663,695.911,1225.7648,694.463,10.8113,3.6968,0.3419,0,0,0,0
127,3,0,0,1,1,1,0.9871,0.9896,0.9109,0.9278,599.458,291.0934,467.6656,291.9311,542.229,298.7874,508.1019,295.998,131.7951,34.241,0.2598,1,1,128,1
127,3,0,1,1,1,1,0.9864,0.9926,0.8815,0.9268,782.4078,336.3352,650.4634,345.0809,725.2707,394.6702,701.428,403.3468,132.2339,25.3723,0.1919,1,1,128,1
127,3,0,2,1,1,1,0.9902,0.9903,0.9179,0.9144,951.9017,345.7034,833.8982,350.4975,905.171,387.7772,886.7745,373.9541,118.1009,23.011,0.1948,1,1,128,1
128,3,0,0,1,1,1,0.9871,0.9897,0.9109,0.9279,599.4749,291.0911,467.6695,291.9327,542.2286,298.7987,508.1174,295.9939,131.8081,34.2263,0.2597,1,1,129,1
128,3,0,1,1,1,1,0.9864,0.9926,0.8815,0.9268,782.4172,336.3351,650.4749,345.0859,725.2834,394.6795,701.4246,403.348,132.2321,25.3848,0.192,1,1,129,1
128,3,0,2,1,1,1,0.9902,0.9903,0.9179,0.9144,951.8934,345.6858,833.9024,350.4866,905.1906,387.7822,886.7621,373.9682,118.0887,23.0313,0.195,1,1,129,1
129,3,0,0,1,1,1,0.9872,0.9897,0.9112,0.9278,599.7583,291.0615,467.572,291.865,542.0782,299.3924,508.5267,296.6472,132.1888,33.6636,0.2547,1,1,130,1
129,3,0,1,1,1,1,0.9864,0.9926,0.8811,0.9262,782.3346,336.1362,650.562,344.8368,725.6338,395.0433,700.7292,403.0306,132.0595,26.1541,0.198,1,1,130,1
129,3,0,2,1,1,1,0.99,0.9902,0.9168,0.9138,951.814,345.8554,833.8672,350.6605,905.3738,388.1026,886.804,373.7305,118.0446,23.4818,0.1989,1,1,130,1
130,3,0,0,1,1,1,0.9871,0.9897,0.9109,0.9278,599.7306,291.0753,467.6626,292.1909,542.1103,300.2341,507.975,297.9694,132.0726,34.2104,0.259,1,1,131,1
130,3,0,1,1,1,1,0.9864,0.9927,0.881,0.9269,782.549,335.8475,650.488,344.8456,724.3774,393.9575,701.2424,402.603,132.3672,24.6977,0.1866,1,1,131,1
130,3,0,2,1,1,1,0.9899,0.9902,0.9159,0.9145,951.9494,345.8094,833.8809,350.5728,905.1073,386.9783,887.2225,372.8345,118.1645,22.8017,0.193,1,1,131,1
131,3,0,0,1,1,1,0.9871,0.9897,0.9109,0.9278,599.7432,291.0713,467.6649,292.1912,542.1008,300.2389,507.964,297.9488,132.083,34.2136,0.259,1,1,132,1
131,3,0,1,1,1,1,0.9864,0.9927,0.8809,0.927,782.5454,335.834,650.4894,344.8447,724.3954,393.9862,701.2539,402.6068,132.363,24.695,0.1866,1,1,132,1
131,3,0,2,1,1,1,0.9899,0.9902,0.916,0.9146,951.9551,345.8124,833.8814,350.5902,905.0594,386.9966,887.2447,372.8361,118.1702,22.7571,0.1926,1,1,132,1
132,3,0,0,1,1,1,0.9872,0.9899,0.9114,0.9295,599.5144,290.8091,467.5817,291.7908,541.9774,300.0311,508.3303,297.2623,131.9363,33.7608,0.2559,1,1,133,1
132,3,0,1,1,1,1,0.9884,0.992,0.8956,0.9309,782.855,338.4173,651.0178,346.8527,733.5335,396.0746,698.9122,396.0848,132.1067,34.6213,0.2621,1,1,133,1
132,3,0,2,1,1,1,0.9902,0.9904,0.9181,0.9158,951.5472,346.0221,833.4389,349.9789,906.7014,386.9266,885.9767,376.1136,118.1746,23.3758,0.1978,1,1,133,1
133,3,0,0,1,1,1,0.9872,0.9899,0.9115,0.9295,599.5189,290.8066,467.5812,291.7785,541.979,300.0546,508.3178,297.2386,131.9413,33.7788,0.256,1,1,134,1
133,3,0,1,1,1,1,0.9884,0.992,0.8955,0.9309,782.852,338.4183,651.0146,346.8533,733.5143,396.0777,698.9328,396.0654,132.1068,34.5814,0.2618,1,1,134,1
133,3,0,2,1,1,1,0.9902,0.9904,0.9181,0.9158,951.5513,346.0204,833.4348,349.9858,906.7224,386.9364,885.9426,376.114,118.1831,23.4291,0.1982,1,1,134,1
134,3,0,0,1,1,1,0.9874,0.9899,0.9123,0.929,599.1267,291.4346,467.8603,292.251,542.3099,299.3731,507.8903,296.0126,131.2689,34.5832,0.2635,1,1,135,1
134,3,0,1,1,1,1,0.9868,0.9927,0.8845,0.9278,782.5252,336.3139,650.848,344.8783,725.0844,395.4292,698.8653,404.3404,131.9555,27.692,0.2099,1,1,135,1
134,3,0,2,1,1,1,0.9903,0.9906,0.9188,0.917,951.7234,346.2701,833.7737,350.198,906.4387,385.8928,886.6213,374.2906,118.0152,22.9639,0.1946,1,1,135,1
135,3,0,0,1,1,1,0.9874,0.9899,0.9124,0.929,599.1415,291.4469,467.879,292.258,542.3161,299.3905,507.8654,296.0687,131.265,34.6105,0.2637,1,1,136,1
135,3,0,1,1,1,1,0.9868,0.9927,0.8846,0.928,782.542,336.3049,650.8355,344.8635,725.124,395.4857,698.9216,404.2999,131.9843,27.6452,0.2095,1,1,136,1
135,3,0,2,1,1,1,0.9903,0.9906,0.9192,0.9169,951.7645,346.2968,833.808,350.2232,906.1825,385.7592,886.6198,374.1726,118.0219,22.7365,0.1926,1,1,136,1
136,3,0,0,1,1,1,0.9873,0.9898,0.9118,0.9285,599.0169,291.3545,467.2817,292.0948,542.2408,299.4898,507.6633,296.4342,131.7373,34.7123,0.2635,1,1,137,1
136,3,0,1,1,1,1,0.9873,0.9923,0.8898,0.9247,782.2716,336.3153,650.7947,344.653,724.6895,394.4046,699.6414,404.728,131.741,27.0921,0.2056,1,1,137,1
136,3,0,2,1,1,1,0.9901,0.9904,0.9181,0.9165,951.9225,346.2579,834.425,350.3773,906.3145,386.391,886.9877,372.3007,117.5697,23.9178,0.2034,1,1,137,1
137,3,0,0,1,1,1,0.9873,0.9898,0.9117,0.9282,599.0151,291.3676,467.266,292.094,542.2138,299.5929,507.7155,296.969,131.7511,34.5979,0.2626,1,1,138,1
137,3,0,1,1,1,1,0.9873,0.9923,0.8893,0.9246,782.3196,336.3442,650.757,344.6234,724.99,394.7585,699.6125,404.8333,131.8229,27.3043,0.2071,1,1,138,1
137,3,0,2,1,1,1,0.9901,0.9904,0.9177,0.9165,951.887,346.2028,834.3672,350.3642,906.2742,386.395,886.9489,372.241,117.5934,23.9541,0.2037,1,1,138,1
138,3,0,0,1,1,1,0.9873,0.9895,0.9124,0.9271,599.2843,291.3602,467.8642,292.2568,542.3846,299.1185,507.2301,296.7775,131.4232,35.2324,0.2681,1,1,139,1
138,3,0,1,1,1,1,0.9866,0.9924,0.8843,0.9256,782.8199,335.8082,651.0237,344.5934,724.9223,393.9406,700.5864,403.8366,132.0887,26.271,0.1989,1,1,139,1
138,3,0,2,1,1,1,0.9899,0.9903,0.9162,0.9153,952.7061,346.0017,834.7348,350.6581,906.6057,388.9234,887.2891,372.2893,118.0632,25.4916,0.2159,1,1,139,1
139,3,0,0,1,1,1,0.9872,0.9895,0.912,0.9273,599.4636,291.2957,467.9482,292.3878,542.0044,299.9721,507.388,298.2502,131.52,34.6593,0.2635,1,1,140,1
139,3,0,1,1,1,1,0.9865,0.9926,0.8837,0.9269,782.9172,335.8722,651.253,344.6472,724.492,393.6783,699.8438,405.0557,131.9563,27.1473,0.2057,1,1,140,1
139,3,0,2,1,1,1,0.99,0.9903,0.917,0.9149,953.2971,346.4891,834.3994,351.026,905.7048,388.5638,887.4739,371.9595,118.9843,24.659,0.2072,1,1,140,1
140,3,0,0,1,1,1,0.9872,0.9895,0.9121,0.9272,599.4562,291.3032,467.9331,292.4038,541.9978,299.9876,507.388,298.2448,131.5277,34.6537,0.2635,1,1,141,1
140,3,0,1,1,1,1,0.9865,0.9926,0.8837,0.927,782.9114,335.8502,651.2365,344.652,724.4886,393.7244,699.8599,405.0723,131.9687,27.1172,0.2055,1,1,141,1
140,3,0,2,1,1,1,0.99,0.9903,0.917,0.9149,953.2856,346.4784,834.4046,351.0138,905.679,388.5636,887.4885,371.9366,118.9675,24.6445,0.2072,1,1,141,1
141,3,0,0,1,1,1,0.9873,0.9895,0.9122,0.9272,599.6238,291.3336,468.3226,292.3221,542.1706,300.0315,507.5013,298.1554,131.3049,34.7201,0.2644,1,1,142,1
141,3,0,1,1,1,1,0.9865,0.9926,0.883,0.9266,783.2,335.663,651.0986,344.3542,724.1202,392.826,700.181,404.8934,132.3869,26.8087,0.2025,1,1,142,1
141,3,0,2,1,1,1,0.9902,0.9898,0.919,0.9115,953.3937,346.3422,834.6649,350.4134,905.2694,388.7908,886.5964,372.0823,118.7985,25.057,0.2109,1,1,142,1
142,3,0,0,1,1,1,0.9873,0.9895,0.9121,0.9273,599.6324,291.3367,468.3274,292.3291,542.1726,300.0457,507.4909,298.1676,131.3087,34.7326,0.2645,1,1,143,1
142,3,0,1,1,1,1,0.9865,0.9926,0.8829,0.9267,783.2122,335.6633,651.0952,344.378,724.168,392.8726,700.1748,404.8807,132.4041,26.8304,0.2026,1,1,143,1
142,3,0,2,1,1,1,0.9902,0.9899,0.9189,0.9115,953.3997,346.3519,834.6779,350.4248,905.2448,388.7918,886.6192,372.047,118.7916,25.0459,0.2108,1,1,143,1
143,3,0,0,1,1,1,0.9874,0.9895,0.913,0.9269,599.1706,291.6606,467.8584,292.7633,542.3236,299.8842,507.2402,298.4392,131.3169,35.1132,0.2674,1,1,144,1
143,3,0,1,1,1,1,0.9864,0.9927,0.8819,0.9276,783.1684,336.0276,651.0641,344.6586,724.3532,393.767,700.9246,403.8394,132.386,25.5019,0.1926,1,1,144,1
143,3,0,2,1,1,1,0.9902,0.99,0.9187,0.9133,953.8237,346.631,834.5775,350.8991,905.207,388.2233,887.0577,372.4072,119.3226,24.0738,0.2018,1,1,144,1
144,3,0,0,1,1,1,0.9874,0.9895,0.9129,0.9269,599.1604,291.6428,467.8549,292.7527,542.3504,299.9003,507.231,298.4614,131.3101,35.1489,0.2677,1,1,145,1
144,3,0,1,1,1,1,0.9864,0.9927,0.8818,0.9275,783.1867,336.0096,651.0789,344.6386,724.3363,393.7628,700.8921,403.8369,132.3893,25.517,0.1927,1,1,145,1
144,3,0,2,1,1,1,0.9901,0.99,0.9186,0.9132,953.8038,346.6542,834.569,350.8944,905.2274,388.2082,887.0717,372.4208,119.3101,24.0598,0.2017,1,1,145,1
145,3,0,0,1,1,1,0.9872,0.9893,0.912,0.9262,598.591,291.5944,467.3082,292.5029,542.2099,300.2662,507.3008,299.3112,131.2859,34.9222,0.266,1,1,146,1
145,3,0,1,1,1,1,0.9865,0.9925,0.8832,0.9264,783.2576,336.3032,651.2536,344.8181,725.7384,394.8126,700.692,404.2569,132.2783,26.7679,0.2024,1,1,146,1
145,3,0,2,1,1,1,0.9901,0.9899,0.9182,0.9127,953.6704,346.7847,834.9975,350.787,905.1196,386.4247,887.4606,372.9945,118.7404,22.1858,0.1868,1,1,146,1
146,3,0,0,1,1,1,0.9872,0.9893,0.912,0.9262,598.6028,291.5959,467.3193,292.5145,542.2086,300.2314,507.2927,299.3638,131.2867,34.9267,0.266,1,1,147,1
146,3,0,1,1,1,1,0.9865,0.9925,0.8831,0.9264,783.2607,336.2986,651.2548,344.8208,725.7311,394.8135,700.679,404.2674,132.2807,26.7765,0.2024,1,1,147,1
146,3,0,2,1,1,1,0.9901,0.99,0.9182,0.9127,953.6755,346.7851,835.0,350.7763,905.0966,386.4075,887.4799,373.0374,118.7425,22.1158,0.1862,1,1,147,1
147,3,0,0,1,1,1,0.9875,0.9897,0.9128,0.9279,598.8592,291.5354,467.4222,292.283,542.3842,300.3686,507.8204,297.5469,131.4392,34.6787,0.2638,1,1,148,1
147,3,0,1,1,1,1,0.9865,0.9927,0.8827,0.9275,783.115,335.958,651.26,344.7021,724.5575,394.5452,701.3286,403.9556,132.1446,25.0627,0.1897,1,1,148,1
147,3,0,2,1,1,1,0.9901,0.9902,0.9176,0.9137,954.0493,346.2202,834.9342,350.362,904.2996,387.4486,889.0138,372.6085,119.1871,21.3045,0.1787,1,1,148,1
148,3,0,0,1,1,1,0.9875,0.9897,0.9127,0.9279,598.8466,291.5283,467.4163,292.3032,542.3898,300.3461,507.7996,297.4929,131.4325,34.7077,0.2641,1,1,149,1
148,3,0,1,1,1,1,0.9865,0.9927,0.8826,0.9275,783.1215,335.9656,651.2544,344.7136,724.5635,394.5536,701.3126,403.9585,132.1569,25.081,0.1898,1,1,149,1
148,3,0,2,1,1,1,0.9901,0.9902,0.9175,0.9136,954.0413,346.2295,834.9348,350.3715,904.2952,387.4567,889.0001,372.5903,119.1785,21.3296,0.179,1,1,149,1
149,3,0,0,1,1,1,0.987,0.9895,0.9105,0.9274,598.6756,291.0882,466.9604,291.9602,542.3904,301.0928,507.6412,298.4094,131.7181,34.8527,0.2646,1,1,150,1
149,3,0,1,1,1,1,0.9878,0.9922,0.8909,0.9322,783.1158,338.385,651.612,346.5764,734.1294,397.1555,699.2843,398.3035,131.7586,34.8641,0.2646,1,1,150,1
149,3,0,2,1,1,1,0.9899,0.9903,0.9164,0.9143,954.5865,346.3438,834.9062,350.419,904.5121,386.5463,888.8276,373.9445,119.7497,20.1198,0.168,1,1,150,1
150,3,0,0,1,1,1,0.9872,0.9897,0.911,0.9283,598.6964,290.9743,467.0617,292.0028,541.8501,300.2178,507.1744,298.5514,131.6388,34.7157,0.2637,1,1,151,1
150,3,0,1,1,1,1,0.9878,0.9924,0.8906,0.9338,783.0167,338.4402,651.3756,346.8584,734.0946,395.7035,699.3108,397.4731,131.91,34.8289,0.264,1,1,151,1
150,3,0,2,1,1,1,0.9901,0.9903,0.9175,0.9142,954.3457,346.6986,834.7331,350.486,904.3145,384.861,888.0537,373.5966,119.6726,19.7813,0.1653,1,1,151,1
151,3,0,0,1,1,1,0.9872,0.9897,0.911,0.9283,598.6841,290.9886,467.0608,292.009,541.8438,300.211,507.1612,298.5627,131.6273,34.7216,0.2638,1,1,152,1
151,3,0,1,1,1,1,0.9878,0.9924,0.8906,0.9338,783.0093,338.4274,651.381,346.8488,734.102,395.7323,699.3088,397.4986,131.8974,34.838,0.2641,1,1,152,1
151,3,0,2,1,1,1,0.9901,0.9903,0.9176,0.9142,954.3412,346.6869,834.7404,350.4824,904.3204,384.9172,888.0585,373.5944,119.661,19.8155,0.1656,1,1,152,1
152,3,0,0,1,1,1,0.9873,0.9897,0.9116,0.9282,598.8307,291.3468,466.9314,292.3013,542.1339,300.7553,507.164,298.2897,131.9028,35.0568,0.2658,1,1,153,1
152,3,0,1,1,1,1,0.9876,0.9923,0.8891,0.9332,783.3548,338.7797,651.3124,346.8454,733.8075,396.6387,699.2886,397.715,132.2885,34.5357,0.2611,1,1,153,1
152,3,0,2,1,1,1,0.99,0.9901,0.917,0.913,954.3152,347.2416,835.1032,350.6281,904.5083,383.4344,889.2501,373.0608,119.2601,18.4505,0.1547,1,1,153,1
153,3,0,0,1,1,1,0.9873,0.9897,0.9116,0.9282,598.8304,291.3418,466.9322,292.2969,542.1367,300.7605,507.1612,298.2774,131.9017,35.0636,0.2658,1,1,154,1
153,3,0,1,1,1,1,0.9876,0.9923,0.8891,0.9332,783.3582,338.8063,651.2995,346.877,733.7934,396.627,699.2758,397.7486,132.3051,34.5357,0.261,1,1,154,1
153,3,0,2,1,1,1,0.99,0.9901,0.9171,0.913,954.3121,347.2154,835.1384,350.5862,904.4951,383.4335,889.2665,372.9566,119.2214,18.4845,0.155,1,1,154,1
154,3,0,0,1,1,1,0.9872,0.9897,0.9121,0.9289,598.9936,290.6526,467.1552,291.728,542.0747,300.9371,507.3673,297.9955,131.8427,34.8319,0.2642,1,1,155,1
154,3,0,1,1,1,1,0.9875,0.9923,0.8879,0.9326,783.4948,338.5462,651.5689,347.2362,732.839,396.0047,698.5393,396.4815,132.2117,34.3031,0.2595,1,1,155,1
154,3,0,2,1,1,1,0.9899,0.9899,0.9164,0.9115,954.2913,346.9617,834.9878,350.736,904.1503,383.6243,888.6355,371.8959,119.3632,19.449,0.1629,1,1,155,1
155,3,0,0,1,1,1,0.9872,0.9897,0.9122,0.9289,598.965,290.6037,467.1524,291.7211,542.1048,301.0,507.3102,298.0398,131.8174,34.9204,0.2649,1,1,156,1
155,3,0,1,1,1,1,0.9874,0.9923,0.8878,0.9327,783.4128,338.5831,651.5782,347.2297,732.992,395.9591,698.4806,396.5149,132.1178,34.516,0.2613,1,1,156,1
155,3,0,2,1,1,1,0.9899,0.9899,0.9165,0.9113,954.1709,346.8746,835.0058,350.627,904.2318,383.6461,888.657,371.775,119.2241,19.5831,0.1643,1,1,156,1
156,3,0,0,1,1,1,0.987,0.9899,0.9094,0.9293,599.04,290.6866,467.5874,292.1239,541.4838,299.6622,507.4284,297.717,131.4605,34.1108,0.2595,1,1,157,1
156,3,0,2,1,1,1,0.99,0.9903,0.9168,0.9142,954.7739,347.3055,835.4284,351.2799,903.1227,381.841,888.8036,371.9175,119.4117,17.4216,0.1459,1,1,157,1
156,3,0,1,1,1,1,0.9857,0.993,0.876,0.9303,784.6709,335.9387,651.4562,344.9021,724.0426,392.3865,702.6527,403.4746,133.5159,24.093,0.1805,1,1,157,1
157,3,0,0,1,1,1,0.987,0.99,0.9093,0.9294,598.9713,290.6591,467.4968,292.1161,541.5018,299.7969,507.4504,298.2081,131.4826,34.0883,0.2593,1,1,158,1
157,3,0,2,1,1,1,0.99,0.9903,0.9168,0.9142,954.7767,347.2594,835.4721,351.3024,903.127,381.8376,888.7877,371.8473,119.3731,17.4763,0.1464,1,1,158,1
157,3,0,1,1,1,1,0.9858,0.993,0.8762,0.93,784.6355,336.0424,651.4164,344.915,724.1938,392.7549,702.676,403.4985,133.5143,24.0509,0.1801,1,1,158,1
158,3,0,0,1,1,1,0.9873,0.9897,0.9118,0.9283,598.9612,290.7863,467.1821,291.7486,541.9348,299.8908,507.6201,298.3487,131.7826,34.3493,0.2607,1,1,159,1
158,3,0,2,1,1,1,0.99,0.9903,0.9175,0.9147,955.0595,346.8403,835.6514,351.3201,904.1046,383.759,888.7409,373.454,119.4921,18.4997,0.1548,1,1,159,1
158,3,0,1,1,1,1,0.986,0.9929,0.8791,0.9302,784.614,336.5026,651.3854,345.1538,724.3621,391.7371,702.3756,402.8038,133.5092,24.6146,0.1844,1,1,159,1
159,3,0,0,1,1,1,0.9871,0.9895,0.9106,0.927,599.2572,290.5195,467.5358,291.6761,541.9268,299.8694,506.4828,297.4394,131.7265,35.5273,0.2697,1,1,160,1
159,3,0,2,1,1,1,0.9899,0.9899,0.9171,0.9122,955.1053,346.566,835.6155,351.1699,904.9748,384.281,888.8411,374.1612,119.5785,19.0449,0.1593,1,1,160,1
159,3,0,1,1,1,1,0.9859,0.9929,0.8781,0.9293,784.5048,336.169,651.6568,344.8029,724.4165,392.2862,702.4974,404.1563,133.1283,24.9269,0.1872,1,1,160,1
160,3,0,0,1,1,1,0.987,0.9895,0.9105,0.9271,599.2655,290.5017,467.5314,291.6742,541.8634,299.794,506.5502,297.2615,131.7393,35.404,0.2687,1,1,161,1
160,3,0,2,1,1,1,0.9899,0.9899,0.9167,0.912,955.0997,346.5907,835.5864,351.2154,904.9653,384.3577,888.8312,374.1106,119.6028,19.1131,0.1598,1,1,161,1
160,3,0,1,1,1,1,0.9859,0.9928,0.8779,0.929,784.5372,336.1503,651.6838,344.789,724.5158,392.4037,702.4286,404.1092,133.1339,24.9973,0.1878,1,1,161,1
161,3,0,0,1,1,1,0.987,0.9896,0.9094,0.9272,599.0928,290.618,467.3244,291.712,541.6674,299.2984,506.8925,296.2646,131.7729,34.907,0.2649,1,1,162,1
161,3,0,2,1,1,1,0.9898,0.9901,0.9164,0.9144,954.9153,346.7622,835.8526,351.379,906.3291,384.2256,889.7111,372.884,119.1522,20.1194,0.1689,1,1,162,1
161,3,0,1,1,1,1,0.9863,0.9927,0.8816,0.9285,784.7135,336.4434,651.6565,345.3848,724.5982,393.0825,700.8204,405.5809,133.3571,26.8626,0.2014,1,1,162,1
162,3,0,0,1,1,1,0.987,0.9896,0.9094,0.9272,599.092,290.5934,467.3263,291.705,541.667,299.3246,506.8956,296.2267,131.7704,34.9092,0.2649,1,1,163,1
162,3,0,2,1,1,1,0.9898,0.9901,0.9164,0.9144,954.9107,346.7464,835.887,351.3585,906.3402,384.2516,889.7285,372.8407,119.113,20.1533,0.1692,1,1,163,1
162,3,0,1,1,1,1,0.9863,0.9927,0.8817,0.9285,784.711,336.4273,651.6599,345.3861,724.5428,393.0315,700.8191,405.5994,133.3524,26.8471,0.2013,1,1,163,1
163,3,0,0,1,1,1,0.9869,0.9897,0.9092,0.9283,599.2323,290.2563,467.3001,291.414,542.0362,300.2291,507.4364,297.7595,131.9373,34.6878,0.2629,1,1,164,1
163,3,0,2,1,1,1,0.9896,0.9899,0.915,0.9124,954.6485,346.8257,835.8024,351.096,906.889,383.9563,890.7717,373.0162,118.9228,19.4796,0.1638,1,1,164,1
163,3,0,1,1,1,1,0.9861,0.9926,0.8807,0.9272,785.0192,336.487,651.8706,345.6538,723.5748,392.9772,700.8794,405.3633,133.4637,25.8553,0.1937,1,1,164,1
164,3,0,0,1,1,1,0.9869,0.9897,0.9092,0.9283,599.2232,290.255,467.2741,291.41,542.0208,300.2225,507.3967,297.9342,131.9541,34.6997,0.263,1,1,165,1
164,3,0,2,1,1,1,0.9896,0.9899,0.915,0.9125,954.6333,346.8156,835.8474,351.0614,906.8734,383.9685,890.7612,372.9388,118.8617,19.5258,0.1643,1,1,165,1
164,3,0,1,1,1,1,0.9861,0.9926,0.8809,0.9271,785.0152,336.4982,651.8442,345.651,723.5792,392.9646,700.7812,405.4066,133.4851,25.9721,0.1946,1,1,165,1
165,3,0,0,1,1,1,0.9871,0.9897,0.9103,0.9281,599.4958,290.9286,467.4864,291.7254,541.844,299.6456,508.0578,295.8156,132.0119,34.0026,0.2576,1,1,166,1
165,3,0,2,1,1,1,0.9895,0.9902,0.914,0.9151,954.5609,346.641,836.0205,350.7639,906.1944,382.0327,890.4949,371.0106,118.612,19.1824,0.1617,1,1,166,1
165,3,0,1,1,1,1,0.9864,0.9926,0.8826,0.9274,784.9568,336.5389,651.624,345.415,724.5564,393.304,701.7852,405.4919,133.6279,25.8277,0.1933,1,1,166,1
166,3,0,0,1,1,1,0.9868,0.9897,0.9094,0.9284,599.4034,290.8475,467.4782,291.9677,541.9309,299.3688,507.7018,296.9399,131.9299,34.3151,0.2601,1,1,167,1
166,3,0,2,1,1,1,0.9895,0.9905,0.9143,0.9173,954.9685,346.1682,836.2229,350.9384,906.8067,382.7065,889.2102,370.2004,118.8414,21.5879,0.1817,1,1,167,1
166,3,0,1,1,1,1,0.9863,0.9926,0.8823,0.9268,785.5941,336.4586,652.0704,345.3528,725.2156,393.3814,701.5013,404.6064,133.8196,26.2368,0.1961,1,1,167,1
167,3,0,0,1,1,1,0.9868,0.9897,0.9094,0.9284,599.412,290.8589,467.4952,291.9746,541.9261,299.356,507.699,296.9713,131.9215,34.3101,0.2601,1,1,168,1
167,3,0,2,1,1,1,0.9895,0.9905,0.9143,0.9173,954.9648,346.1809,836.233,350.9419,906.7864,382.5536,889.2259,370.2224,118.8273,21.4576,0.1806,1,1,168,1
167,3,0,1,1,1,1,0.9863,0.9926,0.8821,0.9268,785.588,336.4744,652.0694,345.3682,725.2224,393.3482,701.5229,404.5829,133.8146,26.2276,0.196,1,1,168,1
168,3,0,0,1,1,1,0.9867,0.9898,0.9082,0.9287,599.1847,290.7292,467.3182,291.7609,541.793,299.2552,507.2954,296.4554,131.8705,34.6109,0.2625,1,1,169,1
168,3,0,1,1,1,1,0.9866,0.9925,0.8855,0.9269,785.4967,336.2346,652.3484,345.4585,724.0785,392.112,700.0705,406.5859,133.4675,28.0335,0.21,1,1,169,1
168,3,0,2,1,1,1,0.9897,0.9904,0.9157,0.9167,954.7299,345.2796,836.3324,350.47,906.058,382.3044,889.86,370.9762,118.5113,19.7662,0.1668,1,1,169,1
169,3,0,0,1,1,1,0.9867,0.9898,0.9082,0.9287,599.1882,290.7408,467.3206,291.7748,541.787,299.2634,507.282,296.4697,131.8717,34.6178,0.2625,1,1,170,1
169,3,0,1,1,1,1,0.9866,0.9925,0.8855,0.9269,785.494,336.2382,652.3491,345.4577,724.07,392.1017,700.0796,406.5862,133.4637,28.0239,0.21,1,1,170,1
169,3,0,2,1,1,1,0.9897,0.9904,0.9157,0.9167,954.7329,345.2856,836.331,350.4754,906.05,382.3114,889.8474,371.0016,118.5156,19.7595,0.1667,1,1,170,1
170,3,0,0,1,1,1,0.9868,0.9899,0.908,0.9291,599.3547,291.1373,467.0631,291.7698,542.3434,299.9704,507.7964,297.699,132.2931,34.6216,0.2617,1,1,171,1
170,3,0,2,1,1,1,0.9894,0.9906,0.9138,0.9186,954.7521,345.4294,836.0788,350.6247,905.5955,381.0057,890.6328,369.1481,118.7869,19.0915,0.1607,1,1,171,1
170,3,0,1,1,1,1,0.9867,0.9924,0.8858,0.9256,785.2906,336.1361,652.3442,345.014,724.0681,393.3931,702.1203,404.387,133.2425,24.5474,0.1842,1,1,171,1
171,3,0,0,1,1,1,0.9868,0.9899,0.9079,0.9291,599.3464,291.1047,467.0402,291.7377,542.3194,299.9696,507.8228,297.7032,132.3077,34.571,0.2613,1,1,172,1
171,3,0,2,1,1,1,0.9894,0.9906,0.9136,0.9185,954.7551,345.4268,836.068,350.6182,905.575,380.998,890.6596,369.1521,118.8006,19.0472,0.1603,1,1,172,1
171,3,0,1,1,1,1,0.9867,0.9924,0.8858,0.9254,785.2914,336.1095,652.3427,345.0032,724.0248,393.358,702.1492,404.3786,133.2458,24.4948,0.1838,1,1,172,1
172,3,0,0,1,1,1,0.9868,0.9899,0.9088,0.9291,599.3949,290.6017,467.3172,291.7232,542.2336,299.4347,507.4144,295.7002,132.0824,35.019,0.2651,1,1,173,1
172,3,0,1,1,1,1,0.9866,0.9925,0.8842,0.9267,785.1984,335.7653,652.1273,344.9202,724.5094,392.9436,702.0416,404.6851,133.3856,25.3509,0.1901,1,1,173,1
172,3,0,2,1,1,1,0.9894,0.9906,0.9134,0.9178,954.7997,345.1828,836.1916,350.6053,907.1241,382.6477,890.743,372.0068,118.732,19.5338,0.1645,1,1,173,1
173,3,0,0,1,1,1,0.9868,0.9899,0.9089,0.9291,599.4082,290.6105,467.3199,291.7308,542.2476,299.4833,507.4366,295.6946,132.0931,35.0165,0.2651,1,1,174,1
173,3,0,1,1,1,1,0.9865,0.9925,0.8841,0.9267,785.2038,335.762,652.1319,344.9312,724.4966,392.9073,702.0376,404.764,133.3874,25.3966,0.1904,1,1,174,1
173,3,0,2,1,1,1,0.9894,0.9906,0.9134,0.9177,954.7268,345.132,836.1754,350.493,907.1334,382.6538,890.8351,372.139,118.6726,19.3957,0.1634,1,1,174,1
174,3,0,0,1,1,1,0.9866,0.9898,0.9078,0.9293,599.7214,290.5953,467.4795,291.8172,542.2958,299.2659,508.2832,294.5797,132.2475,34.3339,0.2596,1,1,175,1
174,3,0,2,1,1,1,0.9893,0.9906,0.9132,0.9184,955.3221,345.5682,835.8322,351.2524,907.1044,383.2686,890.5296,371.4075,119.6251,20.3816,0.1704,1,1,175,1
174,3,0,1,1,1,1,0.9866,0.9926,0.8842,0.9271,784.8736,335.5718,651.9729,344.6498,722.8818,392.2297,702.6182,403.8422,133.2104,23.3551,0.1753,1,1,175,1
175,3,0,0,1,1,1,0.9869,0.9898,0.9092,0.9286,599.7935,290.7355,467.6364,291.7233,541.8206,298.8581,508.1826,295.7902,132.1608,33.7776,0.2556,1,1,176,1
175,3,0,1,1,1,1,0.9865,0.9926,0.8839,0.9272,784.9961,335.5014,651.5613,344.7685,723.4896,392.1596,701.7804,404.1915,133.7562,24.8205,0.1856,1,1,176,1
175,3,0,2,1,1,1,0.9895,0.9905,0.9148,0.9178,955.2485,345.5618,835.4952,351.4207,905.8327,381.5392,888.9971,371.2153,119.8966,19.7489,0.1647,1,1,176,1
176,3,0,0,1,1,1,0.9869,0.9898,0.9092,0.9286,599.7794,290.7492,467.6414,291.7338,541.8044,298.8568,508.192,295.7514,132.1417,33.7557,0.2555,1,1,177,1
176,3,0,1,1,1,1,0.9865,0.9926,0.884,0.9272,785.003,335.4906,651.5642,344.7649,723.489,392.1099,701.7894,404.1427,133.7607,24.8126,0.1855,1,1,177,1
176,3,0,2,1,1,1,0.9895,0.9905,0.9148,0.9177,955.2448,345.5614,835.483,351.4214,905.8292,381.5428,888.986,371.2561,119.905,19.736,0.1646,1,1,177,1
177,3,0,0,1,1,1,0.9869,0.9898,0.9091,0.9291,599.5453,290.9847,467.6394,291.7218,542.1998,300.052,508.8484,294.6366,131.908,33.7883,0.2562,1,1,178,1
177,3,0,2,1,1,1,0.9895,0.9906,0.9148,0.9185,955.2398,345.6449,835.7558,351.3906,906.4301,380.8724,890.5563,371.4682,119.622,18.4504,0.1542,1,1,178,1
177,3,0,1,1,1,1,0.9862,0.9928,0.8816,0.9291,785.3406,336.1192,651.897,345.4091,724.0111,391.4383,701.2482,403.84,133.7665,25.9221,0.1938,1,1,178,1
178,3,0,0,1,1,1,0.9869,0.9898,0.9091,0.9292,599.5418,290.9888,467.6338,291.722,542.193,300.0456,508.832,294.6412,131.9101,33.7959,0.2562,1,1,179,1
178,3,0,2,1,1,1,0.9896,0.9907,0.9148,0.9186,955.2369,345.6474,835.7558,351.4,906.4884,380.952,890.5757,371.485,119.6195,18.5158,0.1548,1,1,179,1
178,3,0,1,1,1,1,0.9862,0.9928,0.8818,0.9291,785.3438,336.1133,651.8951,345.4021,723.9886,391.4081,701.2706,403.8162,133.7717,25.8857,0.1935,1,1,179,1
179,3,0,0,1,1,1,0.987,0.9897,0.9104,0.9289,599.2988,290.564,467.5582,291.4977,541.7768,299.6778,508.4735,298.2357,131.744,33.3345,0.253,1,1,180,1
179,3,0,2,1,1,1,0.9895,0.9907,0.9139,0.9184,955.0104,346.1298,835.986,351.1738,907.7692,381.2975,891.1766,372.3038,119.1312,18.8733,0.1584,1,1,180,1
179,3,0,1,1,1,1,0.9866,0.9926,0.8855,0.9283,784.9861,336.0477,652.0102,345.2177,724.6444,392.0057,701.6076,404.1754,133.2917,26.0538,0.1955,1,1,180,1
180,3,0,0,1,1,1,0.987,0.9897,0.9105,0.9288,599.2983,290.5693,467.5586,291.5008,541.761,299.6811,508.4558,298.2347,131.7429,33.3366,0.253,1,1,181,1
180,3,0,2,1,1,1,0.9895,0.9907,0.9139,0.9184,955.0267,346.1268,835.9859,351.1652,907.7527,381.313,891.1613,372.3614,119.1474,18.8523,0.1582,1,1,181,1
180,3,0,1,1,1,1,0.9866,0.9926,0.8854,0.9283,784.9926,336.0469,652.0214,345.2156,724.6424,392.0067,701.606,404.1662,133.2869,26.0485,0.1954,1,1,181,1
181,3,0,0,1,1,1,0.9872,0.9898,0.9105,0.9285,599.8664,290.73,467.6554,291.5454,541.8424,299.3988,509.0716,295.2933,132.2136,33.027,0.2498,1,1,182,1
181,3,0,2,1,1,1,0.9899,0.9862,0.9257,0.9107,952.2695,351.5566,834.8052,350.8613,918.6489,382.902,892.1113,371.9152,117.4663,28.722,0.2445,1,1,182,1
181,3,0,1,1,1,1,0.9869,0.9925,0.8878,0.9265,784.7179,335.8592,651.6321,344.7733,723.2052,390.5766,701.633,405.2171,133.384,26.0711,0.1955,1,1,182,1
182,3,0,0,1,1,1,0.9872,0.9898,0.9105,0.9286,599.8748,290.7305,467.6578,291.5578,541.8332,299.3745,509.053,295.2035,132.2195,33.0445,0.2499,1,1,183,1
182,3,0,2,1,1,1,0.9899,0.9862,0.9257,0.9107,952.2626,351.5624,834.7886,350.8646,918.6309,382.8315,892.1109,371.8732,117.476,28.6949,0.2443,1,1,183,1
182,3,0,1,1,1,1,0.9869,0.9925,0.8877,0.9266,784.7204,335.8501,651.6258,344.7771,723.2278,390.6043,701.6427,405.1918,133.3935,26.0521,0.1953,1,1,183,1
183,3,0,0,1,1,1,0.987,0.9898,0.9104,0.9288,600.0586,290.4279,468.2186,291.5736,542.075,299.4103,508.6318,295.924,131.8451,33.6246,0.255,1,1,184,1
183,3,0,1,1,1,1,0.9865,0.9926,0.8838,0.927,785.1226,335.8702,651.9795,344.9956,723.94,390.1327,701.855,404.1735,133.4554,26.1704,0.1961,1,1,184,1
183,3,0,2,1,1,1,0.9893,0.9906,0.9131,0.9183,955.6785,345.4692,836.2662,351.1603,908.5653,383.4167,889.8651,371.9708,119.5478,21.925,0.1834,1,1,184,1
184,3,0,0,1,1,1,0.987,0.9898,0.9104,0.9289,600.0636,290.4214,468.2259,291.5753,542.0803,299.3976,508.6182,295.891,131.8428,33.6454,0.2552,1,1,185,1
184,3,0,1,1,1,1,0.9865,0.9926,0.8838,0.9271,785.1267,335.8653,651.976,344.9934,723.9623,390.1378,701.8502,404.1936,133.4632,26.2013,0.1963,1,1,185,1
184,3,0,2,1,1,1,0.9893,0.9906,0.9131,0.9184,955.6757,345.4712,836.2596,351.1563,908.5775,383.3993,889.8617,371.9666,119.5513,21.9315,0.1834,1,1,185,1
185,3,0,0,1,1,1,0.9867,0.9898,0.9083,0.9289,600.1626,290.2824,468.1205,291.4601,541.7226,299.8225,508.8894,296.1298,132.0473,33.0403,0.2502,1,1,186,1
185,3,0,2,1,1,1,0.9892,0.9908,0.9117,0.9195,955.7067,345.5238,836.575,351.296,908.9926,383.4204,890.2726,371.8649,119.2714,21.9992,0.1844,1,1,186,1
185,3,0,1,1,1,1,0.9863,0.9926,0.8824,0.9279,785.4929,335.745,651.9862,345.2236,724.784,390.9735,701.338,404.3496,133.8427,26.9933,0.2017,1,1,186,1
186,3,0,0,1,1,1,0.9867,0.9898,0.9081,0.9288,600.1696,290.289,468.1248,291.4652,541.712,299.8285,508.8712,296.1104,132.05,33.0506,0.2503,1,1,187,1
186,3,0,2,1,1,1,0.9892,0.9908,0.9119,0.9195,955.713,345.5099,836.561,351.2718,909.0361,383.4123,890.2676,371.9719,119.2912,21.9805,0.1843,1,1,187,1
186,3,0,1,1,1,1,0.9863,0.9926,0.8825,0.9279,785.4886,335.7314,651.9516,345.1902,724.6685,390.868,701.324,404.4312,133.8715,26.9987,0.2017,1,1,187,1
187,3,0,0,1,1,1,0.987,0.9899,0.91,0.9291,600.6572,289.999,468.1668,291.5123,542.2942,300.324,508.4214,295.8482,132.499,34.1672,0.2579,1,1,188,1
187,3,0,2,1,1,1,0.9892,0.991,0.9121,0.9218,955.8704,345.4752,836.8112,351.238,909.8144,384.02,890.876,372.6156,119.1986,22.1071,0.1855,1,1,188,1
187,3,0,1,1,1,1,0.9866,0.9926,0.8848,0.9275,785.4918,336.3221,652.0815,345.8249,723.6284,390.3162,700.0786,405.8503,133.7484,28.2117,0.2109,1,1,188,1
188,3,0,0,1,1,1,0.987,0.9898,0.9097,0.9291,600.4638,290.2768,468.0629,291.7176,542.0836,300.2246,508.4025,296.9758,132.4088,33.8374,0.2556,1,1,189,1
188,3,0,2,1,1,1,0.9889,0.9912,0.9091,0.9227,955.6076,345.5714,836.5276,351.7692,910.1532,383.0638,889.6143,371.9075,119.2413,23.3733,0.196,1,1,189,1
188,3,0,1,1,1,1,0.9867,0.9926,0.8859,0.9278,785.4766,335.6365,652.1432,345.0424,724.4494,391.1546,700.2166,405.3012,133.6648,28.0598,0.2099,1,1,189,1
189,3,0,0,1,1,1,0.9869,0.9898,0.9096,0.9291,600.4632,290.2842,468.0617,291.72,542.0844,300.2123,508.395,296.9786,132.4092,33.8441,0.2556,1,1,190,1
189,3,0,2,1,1,1,0.9889,0.9871,0.9182,0.916,952.3571,351.4495,834.68,351.0978,920.7535,383.8959,891.4266,373.4207,117.6777,31.1416,0.2646,1,1,190,1
189,3,0,1,1,1,1,0.9867,0.9926,0.8858,0.9277,785.4864,335.6323,652.1584,345.0426,724.4638,391.1498,700.2018,405.2982,133.6597,28.086,0.2101,1,1,190,1
190,3,0,0,1,1,1,0.9868,0.9897,0.9091,0.9285,600.5415,290.471,468.0924,292.1568,541.8106,299.258,507.8643,296.469,132.4598,34.0606,0.2571,1,1,191,1
190,3,0,2,1,1,1,0.9884,0.9874,0.9148,0.9183,952.5151,351.0469,834.9573,351.8003,921.7776,385.9514,893.2516,373.3738,117.5602,31.1758,0.2652,1,1,191,1
190,3,0,1,1,1,1,0.9866,0.9924,0.8853,0.9262,785.4318,335.952,652.2136,345.2954,723.2289,390.0739,701.7166,404.188,133.5455,25.7291,0.1927,1,1,191,1
191,3,0,0,1,1,1,0.9868,0.9897,0.909,0.9285,600.5569,290.47,468.0885,292.1625,541.7947,299.2362,507.8723,296.4612,132.4792,34.0357,0.2569,1,1,192,1
191,3,0,2,1,1,1,0.9884,0.9875,0.9149,0.9184,952.5311,351.0661,834.9606,351.8186,921.7104,385.9252,893.2575,373.4183,117.573,31.0804,0.2643,1,1,192,1
191,3,0,1,1,1,1,0.9866,0.9924,0.885,0.9262,785.4046,335.9172,652.2036,345.2951,723.0904,390.0686,701.7522,404.1377,133.5308,25.5589,0.1914,1,1,192,1
192,3,0,0,1,1,1,0.9869,0.9898,0.9093,0.9292,600.616,289.8125,468.0413,291.5202,542.0856,299.3855,508.4964,296.3292,132.5856,33.7279,0.2544,1,1,193,1
192,3,0,2,1,1,1,0.9883,0.9876,0.9148,0.9196,952.6883,351.169,835.5093,352.1362,921.834,385.2152,892.4619,371.6836,117.183,32.3392,0.276,1,1,193,1
192,3,0,1,1,1,1,0.9865,0.9925,0.8846,0.9264,785.343,335.8352,651.9008,345.1307,723.1674,389.9086,701.2277,404.8384,133.7656,26.5376,0.1984,1,1,193,1
193,3,0,0,1,1,1,0.9869,0.9898,0.9094,0.9292,600.6441,289.8157,468.0697,291.4958,542.068,299.3674,508.4976,296.2788,132.585,33.7122,0.2543,1,1,194,1
193,3,0,2,1,1,1,0.9883,0.9876,0.9148,0.9196,952.6674,351.1723,835.4969,352.151,921.8634,385.3093,892.4663,371.6553,117.1746,32.4133,0.2766,1,1,194,1
193,3,0,1,1,1,1,0.9865,0.9925,0.8845,0.9264,785.3266,335.8745,651.8288,345.1631,723.2069,389.875,701.1559,404.9278,133.8207,26.699,0.1995,1,1,194,1
194,3,0,0,1,1,1,0.9868,0.9898,0.9079,0.9283,600.4632,290.0467,468.0092,291.6534,541.7266,298.8829,508.662,295.6528,132.4637,33.2221,0.2508,1,1,195,1
194,3,0,2,1,1,1,0.988,0.9876,0.9128,0.9195,953.6994,351.9181,835.8714,353.5222,921.9667,385.8189,892.8349,372.0158,117.8389,32.2364,0.2736,1,1,195,1
194,3,0,1,1,1,1,0.9862,0.9928,0.8803,0.9286,785.4328,335.5958,651.6798,344.9055,724.7702,392.2482,701.4926,404.4109,134.0765,26.2636,0.1959,1,1,195,1
195,3,0,0,1,1,1,0.9871,0.9898,0.9107,0.9289,600.4456,289.0866,467.9423,291.0594,542.0402,299.469,508.1045,297.1814,132.518,34.0127,0.2567,1,1,196,1
195,3,0,2,1,1,1,0.9884,0.9875,0.9155,0.9189,953.8193,351.6322,836.0688,353.4523,920.553,384.4952,894.2709,372.8829,117.7646,28.7331,0.244,1,1,196,1
195,3,0,1,1,1,1,0.9863,0.9927,0.8816,0.9285,785.4773,336.1101,651.332,345.3078,724.4286,391.8842,701.4045,404.6272,134.4602,26.3153,0.1957,1,1,196,1
196,3,0,0,1,1,1,0.9871,0.9898,0.9106,0.9289,600.4442,289.0878,467.9472,291.0553,542.0398,299.4726,508.101,297.2184,132.5117,34.0136,0.2567,1,1,197,1
196,3,0,2,1,1,1,0.9884,0.9875,0.9155,0.9189,953.8178,351.6294,836.07,353.4502,920.5654,384.5101,894.2621,372.874,117.7619,28.7622,0.2442,1,1,197,1
196,3,0,1,1,1,1,0.9863,0.9927,0.8817,0.9284,785.4686,336.118,651.338,345.301,724.4289,391.8873,701.3636,404.6993,134.4447,26.3847,0.1962,1,1,197,1
197,3,0,0,1,1,1,0.9871,0.9898,0.9108,0.929,601.0044,289.9438,468.0498,291.7354,541.787,299.3831,508.461,296.9952,132.9667,33.4114,0.2513,1,1,198,1
197,3,0,2,1,1,1,0.9884,0.9871,0.9159,0.9169,953.8027,351.461,835.9592,352.5901,921.3146,385.3721,893.9716,372.6389,117.8489,30.1625,0.2559,1,1,198,1
197,3,0,1,1,1,1,0.9859,0.9928,0.8774,0.9287,785.4802,336.0337,651.25,345.4372,725.4196,392.3278,701.4886,404.4213,134.5593,26.8132,0.1993,1,1,198,1
198,3,0,0,1,1,1,0.9871,0.9898,0.9108,0.929,601.0002,289.9386,468.0478,291.7359,541.7804,299.3826,508.427,296.9969,132.9646,33.4387,0.2515,1,1,199,1
198,3,0,1,1,1,1,0.9858,0.9928,0.8773,0.9285,785.4922,336.0628,651.2538,345.4692,725.4488,392.374,701.4872,404.4586,134.5676,26.8365,0.1994,1,1,199,1
198,3,0,2,1,1,1,0.9884,0.9871,0.9158,0.9169,953.7762,351.4598,835.951,352.6104,921.121,385.1511,893.9689,372.5749,117.8308,29.9231,0.254,1,1,199,1
199,3,0,0,1,1,1,0.9872,0.9901,0.9111,0.9306,600.5075,290.1374,467.9755,291.9215,542.6548,299.5175,508.6304,295.7064,132.544,34.2373,0.2583,1,1,200,1
199,3,0,1,1,1,1,0.9853,0.9931,0.8737,0.9316,785.616,336.0984,651.1663,345.7955,726.2382,392.0289,701.0407,404.7139,134.7989,28.2103,0.2093,1,1,200,1
199,3,0,2,1,1,1,0.9883,0.9875,0.9149,0.9191,953.7294,351.1481,836.0994,352.6584,923.1151,387.0902,892.8737,373.8873,117.6398,32.9978,0.2805,1,1,200,1
200,3,0,0,1,1,1,0.9872,0.9901,0.9111,0.9306,600.5164,290.1348,467.9814,291.9205,542.6598,299.5002,508.6179,295.7023,132.547,34.2532,0.2584,1,1,201,1
200,3,0,1,1,1,1,0.9853,0.9931,0.8738,0.9316,785.6236,336.0854,651.1704,345.7805,726.2334,392.0046,701.0252,404.6992,134.8022,28.2243,0.2094,1,1,201,1
200,3,0,2,1,1,1,0.9883,0.9875,0.9149,0.9191,953.724,351.1434,836.107,352.6412,923.0855,387.0742,892.8671,373.8766,117.6265,32.9747,0.2803,1,1,201,1
201,3,0,0,1,1,1,0.9871,0.99,0.9104,0.93,600.5775,290.0528,468.0239,291.9634,542.5468,299.6459,508.3946,296.2064,132.5674,34.325,0.2589,1,1,202,1
201,3,0,1,1,1,1,0.9853,0.9932,0.8734,0.9322,785.4038,335.7834,651.3088,345.5422,726.358,392.0795,700.4911,404.7684,134.4495,28.8116,0.2143,1,1,202,1
201,3,0,2,1,1,1,0.9884,0.987,0.9158,0.9164,953.5716,351.7176,836.0208,352.9612,923.3926,387.4497,892.7761,375.1944,117.5574,32.9782,0.2805,1,1,202,1
202,3,0,0,1,1,1,0.9869,0.9899,0.9094,0.9296,600.863,289.9725,468.133,292.0516,542.0727,299.2182,508.533,296.1352,132.7464,33.6811,0.2537,1,1,203,1
202,3,0,1,1,1,1,0.985,0.9932,0.8712,0.932,785.2573,335.6791,651.1421,345.4336,725.5896,391.4217,700.808,405.0419,134.4695,28.2778,0.2103,1,1,203,1
202,3,0,2,1,1,1,0.9889,0.9866,0.9196,0.9143,953.7926,351.8623,836.23,352.7075,921.9038,384.6771,892.1703,375.9354,117.5656,30.9919,0.2636,1,1,203,1
203,3,0,0,1,1,1,0.9869,0.9899,0.9095,0.9297,600.8705,289.9718,468.1344,292.0424,542.0638,299.1988,508.5452,296.1377,132.7522,33.6581,0.2535,1,1,204,1
203,3,0,1,1,1,1,0.985,0.9932,0.8714,0.932,785.2484,335.6873,651.1251,345.4214,725.6085,391.4716,700.8036,405.0477,134.4761,28.2771,0.2103,1,1,204,1
203,3,0,2,1,1,1,0.9889,0.9866,0.9196,0.9143,953.7948,351.8418,836.2276,352.687,921.9489,384.8056,892.1867,375.9713,117.5703,31.0456,0.2641,1,1,204,1
204,3,0,0,1,1,1,0.9871,0.9899,0.9107,0.9295,600.9349,289.7312,468.2459,291.9053,542.2917,299.2804,508.4363,295.7768,132.7068,34.0362,0.2565,1,1,205,1
204,3,0,2,1,1,1,0.9881,0.9875,0.9134,0.9188,953.7843,351.9672,836.3234,353.076,922.9839,385.5433,892.5678,372.8024,117.4662,32.9768,0.2807,1,1,205,1
204,3,0,1,1,1,1,0.985,0.9931,0.8719,0.9318,784.9381,335.8788,651.03,345.3978,726.6074,392.9672,700.9286,405.3108,134.246,28.4916,0.2122,1,1,205,1
205,3,0,0,1,1,1,0.9871,0.9899,0.9106,0.9294,600.9392,289.7366,468.2518,291.909,542.3003,299.2856,508.4426,295.7825,132.7051,34.0385,0.2565,1,1,206,1
205,3,0,2,1,1,1,0.9881,0.9875,0.9134,0.9188,953.7675,351.9528,836.3042,353.0709,922.9789,385.5293,892.5625,372.8016,117.4686,32.972,0.2807,1,1,206,1
205,3,0,1,1,1,1,0.985,0.9931,0.8718,0.9318,784.9368,335.8884,651.028,345.387,726.6036,392.9456,700.953,405.2854,134.2453,28.4645,0.212,1,1,206,1
206,3,0,0,1,1,1,0.987,0.9899,0.9102,0.9293,601.0334,289.9465,468.1554,291.9724,542.7417,299.2799,508.8036,294.2169,132.8933,34.3136,0.2582,1,1,207,1
206,3,0,1,1,1,1,0.9848,0.9931,0.8703,0.932,784.941,336.1943,650.9319,345.791,727.4922,393.7182,700.3434,405.4234,134.3523,29.5647,0.2201,1,1,207,1
206,3,0,2,1,1,1,0.9882,0.9912,0.905,0.9235,956.6756,346.3163,837.5412,352.5126,913.0861,384.3351,889.5377,372.9792,119.2954,26.1435,0.2191,1,1,207,1
207,3,0,0,1,1,1,0.987,0.9899,0.9103,0.9294,601.0092,289.9713,468.2224,292.0806,542.6484,299.1627,508.7212,294.3685,132.8035,34.2642,0.258,1,1,208,1
207,3,0,1,1,1,1,0.9849,0.9931,0.8706,0.9318,784.9094,336.1766,650.9692,345.7958,727.6898,394.0268,700.4838,405.5018,134.2852,29.5269,0.2199,1,1,208,1
207,3,0,2,1,1,1,0.9884,0.9874,0.9156,0.9182,953.397,352.1314,836.1045,352.0221,923.9409,386.5084,891.7445,375.2658,117.2926,34.1028,0.2907,1,1,208,1
208,3,0,0,1,1,1,0.9872,0.99,0.9112,0.9298,601.0548,289.8332,468.3024,291.812,542.4418,299.291,508.7514,296.5442,132.7672,33.8022,0.2546,1,1,209,1
208,3,0,1,1,1,1,0.985,0.9932,0.8717,0.9326,784.8645,335.8858,651.0576,345.588,728.0526,393.2904,700.086,403.7084,134.1582,29.844,0.2225,1,1,209,1
208,3,0,2,1,1,1,0.9888,0.9871,0.9189,0.9165,954.0283,351.3173,836.4026,351.5002,922.963,387.9704,892.1494,376.4976,117.6258,32.8802,0.2795,1,1,209,1
209,3,0,0,1,1,1,0.9872,0.99,0.9114,0.9297,601.0972,289.846,468.3524,291.8373,542.4582,299.298,508.7516,296.4364,132.7598,33.8277,0.2548,1,1,210,1
209,3,0,1,1,1,1,0.985,0.9932,0.8719,0.9326,784.8221,335.8736,651.0456,345.5608,728.035,393.3474,700.1818,403.8337,134.1267,29.7618,0.2219,1,1,210,1
209,3,0,2,1,1,1,0.9889,0.9871,0.9193,0.9162,954.0353,351.2615,836.3778,351.4864,922.8941,388.0377,892.2181,376.5523,117.6578,32.7556,0.2784,1,1,210,1
210,3,0,0,1,1,1,0.9869,0.9899,0.91,0.9295,600.9122,290.4788,468.1896,292.4989,542.7206,299.162,509.0885,295.162,132.738,33.8692,0.2552,1,1,211,1
210,3,0,2,1,1,1,0.9888,0.9913,0.9086,0.9242,957.2419,345.7064,838.41,351.4881,910.2962,382.7726,890.4528,371.0783,118.9725,23.0329,0.1936,1,1,211,1
210,3,0,1,1,1,1,0.9848,0.9933,0.8699,0.9336,784.151,335.844,650.7914,345.2754,727.5143,394.8438,700.68,403.798,133.6927,28.2888,0.2116,1,1,211,1
211,3,0,0,1,1,1,0.9869,0.9898,0.91,0.9294,601.0465,290.7037,468.2737,292.4474,542.8004,300.0574,509.1095,296.379,132.7843,33.8911,0.2552,1,1,212,1
211,3,0,2,1,1,1,0.9887,0.9909,0.9079,0.921,956.9698,346.1359,838.368,351.019,911.5077,383.7159,891.7241,374.5227,118.7023,21.8153,0.1838,1,1,212,1
211,3,0,1,1,1,1,0.9852,0.9931,0.8733,0.9318,784.1342,336.2158,650.6728,345.5856,727.4214,395.2346,700.5139,403.6636,133.79,28.1968,0.2108,1,1,212,1
212,3,0,0,1,1,1,0.9869,0.9898,0.9101,0.9293,601.0572,290.7011,468.2849,292.4656,542.7562,300.0247,509.0856,296.4235,132.7841,33.8626,0.255,1,1,213,1
212,3,0,2,1,1,1,0.9886,0.9909,0.9077,0.9211,956.9556,346.1177,838.3675,351.012,911.4967,383.7387,891.7664,374.5576,118.6891,21.7619,0.1834,1,1,213,1
212,3,0,1,1,1,1,0.9852,0.993,0.8735,0.9317,784.0832,336.2117,650.648,345.5738,727.3078,395.1042,700.5382,403.643,133.7633,28.0985,0.2101,1,1,213,1
213,3,0,0,1,1,1,0.9871,0.9899,0.9111,0.9296,601.1708,290.3886,468.5534,292.1342,542.5984,300.0294,508.8904,295.8771,132.6289,33.9627,0.2561,1,1,214,1
213,3,0,2,1,1,1,0.9889,0.991,0.9098,0.9219,956.8522,346.0559,838.5006,351.0523,912.3821,384.2291,890.7993,371.7457,118.457,24.933,0.2105,1,1,214,1
213,3,0,1,1,1,1,0.9864,0.9928,0.8791,0.9378,782.8482,338.2445,650.4905,347.4307,736.6462,398.7936,698.3644,398.3176,132.6761,38.2848,0.2886,1,1,214,1
214,3,0,0,1,1,1,0.9871,0.9899,0.9112,0.9297,601.136,290.4018,468.5462,292.1254,542.5846,299.9851,508.8598,295.9378,132.601,33.9668,0.2562,1,1,215,1
214,3,0,2,1,1,1,0.9889,0.991,0.9097,0.9218,956.8391,346.0894,838.4728,351.075,912.1652,383.9929,890.8252,371.7732,118.4712,24.591,0.2076,1,1,215,1
214,3,0,1,1,1,1,0.9863,0.9928,0.8791,0.9378,782.8496,338.2523,650.4838,347.4429,736.6462,398.7614,698.3617,398.3177,132.6845,38.2871,0.2886,1,1,215,1
215,3,0,0,1,1,1,0.9873,0.9899,0.9121,0.9294,601.1491,290.5859,468.7476,292.5079,542.5411,298.8828,508.1834,296.5022,132.4155,34.44,0.2601,1,1,216,1
215,3,0,1,1,1,1,0.9865,0.9927,0.8794,0.9361,782.5658,337.6946,650.2558,346.8237,735.1768,398.8868,698.3855,396.6966,132.6246,36.8564,0.2779,1,1,216,1
215,3,0,2,1,1,1,0.9888,0.9867,0.919,0.9136,954.0106,351.7735,837.13,351.5758,922.547,386.0528,892.7587,373.7664,116.8807,32.2227,0.2757,1,1,216,1
216,3,0,0,1,1,1,0.9873,0.9899,0.9121,0.9295,601.1417,290.5769,468.7536,292.4983,542.5696,298.8722,508.2034,296.4645,132.4021,34.4504,0.2602,1,1,217,1
216,3,0,1,1,1,1,0.9865,0.9927,0.8796,0.9362,782.5915,337.6876,650.28,346.8137,735.1,398.7781,698.397,396.6978,132.6259,36.762,0.2772,1,1,217,1
216,3,0,2,1,1,1,0.9888,0.9867,0.919,0.9136,954.0111,351.768,837.166,351.5409,922.5852,386.0532,892.7853,373.7981,116.8454,32.2214,0.2758,1,1,217,1
217,3,0,0,1,1,1,0.9872,0.9899,0.9113,0.9292,600.864,290.6245,468.5448,292.4133,542.543,299.6262,508.8712,297.1057,132.3313,33.766,0.2552,1,1,218,1
217,3,0,1,1,1,1,0.9865,0.9926,0.8796,0.9358,781.5782,337.8707,649.8138,346.6178,735.521,398.7188,699.5165,396.9836,132.0545,36.0464,0.273,1,1,218,1
217,3,0,2,1,1,1,0.9887,0.9911,0.9077,0.9219,956.7274,346.5657,838.216,351.8862,912.8333,383.5205,890.7749,373.7988,118.6307,24.1057,0.2032,1,1,218,1
218,3,0,0,1,1,1,0.9872,0.9899,0.9115,0.9291,600.8842,290.6114,468.556,292.3984,542.51,299.5977,508.8504,297.2305,132.3403,33.7427,0.255,1,1,219,1
218,3,0,1,1,1,1,0.9865,0.9926,0.8797,0.9356,781.607,337.9227,649.8335,346.6647,735.7228,399.4743,699.5099,396.9526,132.0632,36.3006,0.2749,1,1,219,1
218,3,0,2,1,1,1,0.9887,0.9911,0.9075,0.9219,956.7284,346.5773,838.2227,351.9169,912.8485,383.5002,890.8075,373.6724,118.6259,24.1328,0.2034,1,1,219,1
219,3,0,0,1,1,1,0.987,0.9898,0.9105,0.9292,600.9188,290.7448,468.7308,292.5712,542.8302,299.748,508.4158,297.0186,132.2006,34.5224,0.2611,1,1,220,1
219,3,0,1,1,1,1,0.987,0.9924,0.8849,0.9344,781.849,337.8746,650.1646,346.799,733.934,396.2494,699.5447,397.1555,131.9865,34.4013,0.2606,1,1,220,1
219,3,0,2,1,1,1,0.9889,0.9909,0.9098,0.9203,956.4442,346.5658,837.7566,351.5934,911.9413,382.1314,890.8103,376.1149,118.7941,21.9708,0.1849,1,1,220,1
220,3,0,0,1,1,1,0.987,0.9899,0.9104,0.9293,600.8768,290.7337,468.7194,292.6017,542.8354,299.7302,508.3991,297.0497,132.1705,34.5405,0.2613,1,1,221,1
220,3,0,1,1,1,1,0.987,0.9924,0.8846,0.9346,781.8446,337.8736,650.1285,346.8064,733.9729,396.3092,699.5614,397.138,132.0187,34.4215,0.2607,1,1,221,1
220,3,0,2,1,1,1,0.9889,0.9909,0.9098,0.9203,956.4351,346.5608,837.7472,351.605,911.9148,382.1632,890.7989,376.1132,118.7951,21.9655,0.1849,1,1,221,1
221,3,0,0,1,1,1,0.9872,0.99,0.9112,0.9299,600.9441,290.805,468.7003,292.7081,542.6084,299.9817,508.3676,296.8065,132.2575,34.3877,0.26,1,1,222,1
221,3,0,2,1,1,1,0.9891,0.9914,0.9104,0.9243,956.2508,345.9885,837.6281,351.2868,911.8898,382.4312,890.6949,375.1164,118.7409,22.4215,0.1888,1,1,222,1
221,3,0,1,1,1,1,0.9875,0.9927,0.8874,0.9362,781.6872,337.4469,650.2289,346.6254,734.4708,398.3419,698.4592,397.7083,131.7783,36.0171,0.2733,1,1,222,1
222,3,0,0,1,1,1,0.9872,0.99,0.9112,0.93,600.9298,290.8081,468.6802,292.7013,542.6224,299.9835,508.3558,296.864,132.2632,34.4083,0.2602,1,1,223,1
222,3,0,2,1,1,1,0.9891,0.9914,0.9104,0.9244,956.247,345.9908,837.6288,351.2903,911.8819,382.468,890.6978,375.0862,118.7365,22.4333,0.1889,1,1,223,1
222,3,0,1,1,1,1,0.9874,0.9927,0.887,0.9363,781.684,337.4902,650.2126,346.669,734.478,398.2779,698.5216,397.6914,131.7914,35.9611,0.2729,1,1,223,1
223,3,0,0,1,1,1,0.9872,0.9899,0.9118,0.9296,601.2347,290.497,468.764,292.1707,543.0236,300.1974,508.7285,296.837,132.4813,34.4594,0.2601,1,1,224,1
223,3,0,2,1,1,1,0.9888,0.9912,0.9085,0.9233,956.5358,345.8526,837.725,351.8406,910.1946,382.0253,890.6074,373.936,118.9616,21.1918,0.1781,1,1,224,1
223,3,0,1,1,1,1,0.9872,0.9927,0.8854,0.9367,781.6408,337.4506,650.6292,347.0542,736.1599,400.122,698.6626,397.7006,131.3631,37.5755,0.286,1,1,224,1
224,3,0,0,1,1,1,0.9872,0.9898,0.9116,0.9289,601.5421,290.8136,469.1988,292.6994,542.522,300.2109,508.656,297.4604,132.3568,33.9775,0.2567,1,1,225,1
224,3,0,1,1,1,1,0.9872,0.9925,0.8861,0.9356,781.5588,337.77,650.2546,347.2669,734.6322,397.7229,697.868,396.241,131.6472,36.794,0.2795,1,1,225,1
224,3,0,2,1,1,1,0.9886,0.9911,0.9082,0.9225,956.7096,345.9251,837.6593,351.7152,910.5607,382.7663,890.5213,373.6176,119.191,22.0289,0.1848,1,1,225,1
225,3,0,0,1,1,1,0.9872,0.9898,0.9116,0.9289,601.542,290.8067,469.1977,292.6909,542.5206,300.2262,508.657,297.4661,132.3577,33.9759,0.2567,1,1,226,1
225,3,0,1,1,1,1,0.9872,0.9925,0.8862,0.9355,781.5644,337.7772,650.2545,347.274,734.612,397.719,697.8657,396.26,131.6529,36.7753,0.2793,1,1,226,1
225,3,0,2,1,1,1,0.9886,0.9911,0.9082,0.9225,956.7091,345.9256,837.6578,351.7116,910.5741,382.7522,890.5413,373.6104,119.1918,22.0201,0.1847,1,1,226,1
226,3,0,0,1,1,1,0.9871,0.9899,0.9106,0.9291,601.2362,291.054,469.0004,292.7803,542.4676,299.732,508.646,296.2287,132.247,34.0025,0.2571,1,1,227,1
226,3,0,1,1,1,1,0.987,0.9926,0.8842,0.9358,780.9452,337.7127,649.6174,347.052,734.5248,397.4856,697.5644,396.5212,131.6594,36.973,0.2808,1,1,227,1
226,3,0,2,1,1,1,0.9887,0.991,0.9082,0.9213,956.5381,346.3304,837.3918,351.4364,910.5698,382.2623,891.0237,374.2803,119.2556,21.1131,0.177,1,1,227,1
227,3,0,0,1,1,1,0.9871,0.9899,0.9106,0.9291,601.2566,291.0497,468.9914,292.7756,542.4248,299.7298,508.6982,296.3622,132.2765,33.8943,0.2562,1,1,228,1
227,3,0,1,1,1,1,0.987,0.9926,0.8843,0.9358,780.9619,337.6769,649.6474,347.0414,734.4936,397.4594,697.5927,396.4966,131.648,36.9134,0.2804,1,1,228,1
227,3,0,2,1,1,1,0.9887,0.9909,0.9083,0.9212,956.5517,346.3441,837.4214,351.4927,910.5276,382.2406,891.0128,374.2247,119.2415,21.097,0.1769,1,1,228,1
228,3,0,0,1,1,1,0.9873,0.9898,0.9124,0.9291,601.1574,290.4228,469.2348,292.3381,543.2546,299.5213,508.2006,296.7652,131.9364,35.1622,0.2665,1,1,229,1
228,3,0,2,1,1,1,0.9888,0.9908,0.9095,0.9198,956.3182,346.308,837.5771,351.4481,911.7214,383.416,890.6617,374.1591,118.8523,23.0043,0.1936,1,1,229,1
228,3,0,1,1,1,1,0.9869,0.9926,0.8834,0.9359,781.023,337.7597,649.853,347.1327,735.338,399.2507,697.6461,397.121,131.5045,37.752,0.2871,1,1,229,1
229,3,0,0,1,1,1,0.9872,0.9898,0.9124,0.9292,601.1482,290.4142,469.2447,292.3396,543.2652,299.5042,508.2172,296.7858,131.9176,35.1534,0.2665,1,1,230,1
229,3,0,2,1,1,1,0.9888,0.9907,0.9096,0.9197,956.34,346.3246,837.5471,351.4544,911.5776,383.3772,890.647,374.1806,118.9036,22.8619,0.1923,1,1,230,1
229,3,0,1,1,1,1,0.9869,0.9926,0.8833,0.9359,781.0246,337.7746,649.8494,347.1616,735.4801,399.536,697.6554,397.1107,131.5106,37.9024,0.2882,1,1,230,1
230,3,0,0,1,1,1,0.9871,0.9899,0.9115,0.9296,601.141,290.9558,469.0716,292.673,543.5728,299.8107,508.4019,296.1311,132.0806,35.3628,0.2677,1,1,231,1
230,3,0,2,1,1,1,0.9893,0.9909,0.9123,0.92,956.3257,346.401,837.9088,351.6707,912.2282,383.9408,890.8419,372.6806,118.5341,24.1696,0.2039,1,1,231,1
230,3,0,1,1,1,1,0.9873,0.9925,0.887,0.9354,780.7088,337.5231,649.7213,347.1093,733.688,397.6151,697.8267,397.3967,131.3379,35.8619,0.2731,1,1,231,1
231,3,0,0,1,1,1,0.9873,0.9899,0.9123,0.9295,601.6499,291.4688,469.2792,293.1926,543.5194,299.978,508.5171,295.9054,132.3819,35.2385,0.2662,1,1,232,1
231,3,0,1,1,1,1,0.9873,0.9924,0.8868,0.9341,780.2772,337.7036,648.9391,347.017,733.3446,397.1118,697.6081,396.96,131.6679,35.7368,0.2714,1,1,232,1
231,3,0,2,1,1,1,0.9892,0.9908,0.9117,0.9197,956.3346,346.5139,837.7769,351.1042,910.1464,381.7913,890.8839,371.4562,118.6465,21.8601,0.1842,1,1,232,1
232,3,0,0,1,1,1,0.9873,0.9899,0.9123,0.9295,601.6546,291.476,469.2726,293.1987,543.5156,299.9658,508.484,295.9254,132.3931,35.2638,0.2664,1,1,233,1
232,3,0,1,1,1,1,0.9873,0.9924,0.8868,0.934,780.2678,337.709,648.9272,347.0205,733.339,397.1019,697.5896,396.9265,131.6703,35.7498,0.2715,1,1,233,1
232,3,0,2,1,1,1,0.9892,0.9908,0.9118,0.9196,956.3256,346.4901,837.7648,351.0926,910.0931,381.7308,890.8879,371.4481,118.6501,21.7847,0.1836,1,1,233,1
233,3,0,0,1,1,1,0.987,0.9899,0.9111,0.9301,601.1882,291.0818,468.8704,293.0032,543.4028,299.7538,508.5534,296.3967,132.3318,35.0108,0.2646,1,1,234,1
233,3,0,1,1,1,1,0.9873,0.9923,0.8866,0.9335,780.3355,337.3801,649.0998,346.7072,733.1882,397.1218,697.951,396.845,131.5667,35.2383,0.2678,1,1,234,1
233,3,0,2,1,1,1,0.9888,0.9908,0.9086,0.9192,955.9898,346.1982,837.6372,350.9648,911.1855,382.515,890.6151,372.0716,118.4486,23.0696,0.1948,1,1,234,1
234,3,0,0,1,1,1,0.987,0.9899,0.911,0.9301,601.1364,291.0902,468.8514,293.0184,543.3434,299.737,508.5517,296.3986,132.2991,34.9515,0.2642,1,1,235,1
234,3,0,1,1,1,1,0.9873,0.9923,0.8867,0.9335,780.3396,337.3807,649.0772,346.7355,733.1538,397.1051,697.9565,396.8451,131.5953,35.1983,0.2675,1,1,235,1
234,3,0,2,1,1,1,0.9888,0.9908,0.9087,0.9193,955.9879,346.1769,837.6258,350.9434,911.1681,382.5047,890.6019,372.0144,118.458,23.0871,0.1949,1,1,235,1
235,3,0,0,1,1,1,0.9871,0.9899,0.9115,0.9296,601.1734,290.9089,468.8907,292.9002,543.5422,300.3934,508.3727,297.0057,132.2976,35.3323,0.2671,1,1,236,1
235,3,0,1,1,1,1,0.9873,0.9923,0.8865,0.9339,780.5188,337.721,649.2432,347.249,733.9568,398.8991,697.9763,396.2722,131.621,36.0762,0.2741,1,1,236,1
235,3,0,2,1,1,1,0.9888,0.9909,0.9091,0.9208,955.9721,346.3394,837.595,351.3163,910.3555,380.7463,890.4124,370.3736,118.4816,22.4793,0.1897,1,1,236,1
236,3,0,0,1,1,1,0.9872,0.9899,0.9116,0.9297,601.1664,290.934,468.87,292.9199,543.5517,300.396,508.3397,297.0732,132.3114,35.3684,0.2673,1,1,237,1
236,3,0,1,1,1,1,0.9873,0.9923,0.8864,0.934,780.5358,337.7211,649.2556,347.2473,733.9856,398.919,698.0023,396.286,131.6255,36.0794,0.2741,1,1,237,1
236,3,0,2,1,1,1,0.9888,0.9909,0.9093,0.9207,955.9662,346.2837,837.5883,351.2839,910.273,380.7048,890.4201,370.4315,118.4834,22.3535,0.1887,1,1,237,1
237,3,0,0,1,1,1,0.9869,0.99,0.9097,0.9301,601.62,290.8536,469.2785,292.9221,543.486,300.4346,508.3622,296.5482,132.3576,35.3382,0.267,1,1,238,1
237,3,0,1,1,1,1,0.9858,0.993,0.8764,0.9305,780.8466,334.9586,649.4246,344.9454,725.9323,397.0764,700.7049,403.1639,131.8009,25.9515,0.1969,1,1,238,1
237,3,0,2,1,1,1,0.9893,0.9865,0.9219,0.9125,953.5562,352.5495,836.9126,351.1242,919.3353,381.052,891.9995,372.3129,116.6522,28.6988,0.246,1,1,238,1
238,4,1,0,1,1,1,0.9869,0.9899,0.9098,0.9298,601.6338,290.9686,469.3149,292.9385,543.6957,300.4166,508.0472,297.1597,132.3336,35.7969,0.2705,1,1,239,1
238,4,1,1,1,1,1,0.9874,0.9923,0.8876,0.934,780.6216,337.7065,649.4332,347.1926,734.7864,398.3951,697.8186,396.1939,131.5309,37.0333,0.2816,1,1,239,1
238,4,1,2,1,1,1,0.9894,0.9865,0.9221,0.9118,953.5027,352.4652,837.0354,350.3197,918.9139,380.8482,892.2338,371.8608,116.487,28.1531,0.2417,1,1,239,1
238,4,1,4,0,0,1,0.0143,0.0277,0.0293,0.0498,1278.1638,553.5627,1267.8501,555.3492,1220.5184,702.0654,1216.2738,702.0574,10.4673,4.2446,0.4055,0,0,0,0
239,4,1,0,1,1,1,0.9869,0.9899,0.9098,0.9298,601.6352,290.9647,469.3136,292.9324,543.6682,300.413,508.0405,297.2182,132.3362,35.7707,0.2703,1,1,240,1
239,4,1,1,1,1,1,0.9874,0.9923,0.8876,0.9339,780.6347,337.6965,649.4378,347.1902,734.7824,398.3676,697.81,396.1784,131.54,37.0372,0.2816,1,1,240,1
239,4,1,2,1,1,1,0.9894,0.9865,0.9222,0.9118,953.4702,352.4522,837.0094,350.3137,918.9368,380.8462,892.2281,371.8732,116.4804,28.1757,0.2419,1,1,240,1
239,4,1,4,0,0,1,0.0143,0.0277,0.0294,0.0499,1278.1646,553.574,1267.8411,555.3508,1220.4585,702.0766,1216.2103,702.0664,10.4753,4.2482,0.4055,0,0,0,0
240,3,0,0,1,1,1,0.9869,0.9902,0.9094,0.9309,601.557,291.0206,469.1348,293.1128,543.2812,299.3266,508.3712,295.3403,132.4387,35.1368,0.2653,1,1,241,1
240,3,0,2,1,1,1,0.9891,0.9907,0.9123,0.9191,955.9811,346.0036,838.1612,350.3297,909.2599,378.5115,890.0151,369.5159,117.8992,21.2435,0.1802,1,1,241,1
240,3,0,1,1,1,1,0.9873,0.9923,0.8871,0.9342,781.0393,337.3706,649.927,347.1646,734.4431,396.8483,697.3258,396.9499,131.4777,37.1174,0.2823,1,1,241,1
241,3,0,0,1,1,1,0.9869,0.9902,0.9093,0.9308,601.5656,291.0253,469.1426,293.1112,543.2639,299.3367,508.3724,295.317,132.4395,35.1224,0.2652,1,1,242,1
241,3,0,1,1,1,1,0.9873,0.9923,0.887,0.9342,781.0424,337.3672,649.9059,347.1663,734.449,396.8402,697.3537,396.9263,131.5021,37.0954,0.2821,1,1,242,1
241,3,0,2,1,1,1,0.9891,0.9907,0.9122,0.9191,955.9755,346.0045,838.163,350.3282,909.2564,378.4979,890.0114,369.5026,117.8918,21.2435,0.1802,1,1,242,1
242,3,0,0,1,1,1,0.987,0.99,0.9099,0.9297,601.3391,291.2939,469.023,293.3588,543.1054,299.4732,508.5768,297.3374,132.3322,34.5946,0.2614,1,1,243,1
242,3,0,2,1,1,1,0.9892,0.9907,0.9125,0.9195,956.0951,346.2579,838.1718,350.5253,908.8801,378.7088,890.8636,367.0834,118.0005,21.4416,0.1817,1,1,243,1
242,3,0,1,1,1,1,0.9872,0.9923,0.8863,0.9344,781.0623,337.6712,650.0106,347.3206,735.1188,397.4758,697.889,396.0204,131.4065,37.2582,0.2835,1,1,243,1
243,3,0,0,1,1,1,0.987,0.99,0.91,0.9296,601.2632,291.2955,469.0124,293.3556,543.0616,299.3695,508.5018,297.3932,132.2669,34.6162,0.2617,1,1,244,1
243,3,0,2,1,1,1,0.9891,0.9907,0.9123,0.9195,956.1244,346.2778,838.1328,350.5378,908.9493,378.9878,890.8301,367.154,118.0685,21.6413,0.1833,1,1,244,1
243,3,0,1,1,1,1,0.9871,0.9924,0.8855,0.9346,781.0526,337.6543,649.9729,347.3628,735.1482,397.4556,697.9215,395.9646,131.4387,37.2566,0.2835,1,1,244,1
244,3,0,0,1,1,1,0.9871,0.9898,0.9112,0.9283,601.7047,291.2991,469.0835,293.2439,543.4202,300.0151,508.3604,297.2844,132.6355,35.1659,0.2651,1,1,245,1
244,3,0,2,1,1,1,0.9891,0.9906,0.911,0.9179,956.3364,346.378,838.5058,350.5782,910.559,380.5109,890.8915,370.1502,117.9053,22.2296,0.1885,1,1,245,1
244,3,0,1,1,1,1,0.9873,0.9923,0.8875,0.9341,781.163,337.1148,650.1111,346.9343,734.8624,397.3349,697.3265,396.5007,131.4193,37.5452,0.2857,1,1,245,1
245,3,0,0,1,1,1,0.9871,0.9897,0.9109,0.9282,601.7123,291.3498,469.0602,293.2646,543.409,299.9884,508.3959,297.3398,132.6659,35.1131,0.2647,1,1,246,1
245,3,0,2,1,1,1,0.989,0.9906,0.9109,0.9179,956.3884,346.3825,838.5761,350.6232,910.667,380.5389,890.8575,370.0996,117.8886,22.3919,0.1899,1,1,246,1
245,3,0,1,1,1,1,0.9858,0.9929,0.878,0.9301,781.4954,334.8116,649.9028,345.0838,725.7719,395.0872,699.2506,403.1668,131.9929,27.7248,0.21,1,1,246,1
246,3,0,0,1,1,1,0.9872,0.9899,0.9113,0.9291,601.8902,291.4967,469.0398,293.5236,543.6863,300.4495,508.403,297.691,132.866,35.3909,0.2664,1,1,247,1
246,3,0,2,1,1,1,0.9893,0.9907,0.913,0.9187,956.8116,345.9502,838.7182,350.499,911.6236,382.2046,891.3942,372.754,118.1809,22.3281,0.1889,1,1,247,1
246,3,0,1,1,1,1,0.9872,0.9924,0.8865,0.9346,780.964,337.2646,650.0022,347.1548,735.0398,397.431,697.443,395.7084,131.3348,37.6363,0.2866,1,1,247,1
247,3,0,0,1,1,1,0.9873,0.9899,0.9112,0.9287,601.5368,291.5332,469.123,293.4377,543.673,300.2005,508.6256,298.2579,132.4275,35.1012,0.2651,1,1,248,1
247,3,0,2,1,1,1,0.989,0.9907,0.9105,0.919,956.3882,345.8279,838.9716,350.2913,911.7268,381.0003,890.9442,370.976,117.5014,23.0739,0.1964,1,1,248,1
247,3,0,1,1,1,1,0.9857,0.9929,0.8764,0.9298,781.7896,335.1086,649.7683,345.6337,725.7268,394.1288,698.5969,403.2893,132.4401,28.6348,0.2162,1,1,248,1
248,3,0,0,1,1,1,0.9873,0.9899,0.9112,0.9288,601.5222,291.5149,469.1432,293.4278,543.6477,300.1662,508.6004,298.2954,132.3928,35.0972,0.2651,1,1,249,1
248,3,0,2,1,1,1,0.989,0.9907,0.9106,0.9191,956.3914,345.8301,838.9748,350.3039,911.8091,381.1086,890.8976,371.0236,117.5018,23.2163,0.1976,1,1,249,1
248,3,0,1,1,1,1,0.9857,0.9929,0.8766,0.9299,781.7788,335.0806,649.7295,345.6132,725.8056,394.3028,698.6096,403.3356,132.4687,28.6568,0.2163,1,1,249,1
249,3,0,0,1,1,1,0.9873,0.9898,0.9114,0.9283,601.5918,291.3236,469.0334,293.2607,543.8368,300.81,508.55,298.2084,132.5726,35.3827,0.2669,1,1,250,1
249,3,0,2,1,1,1,0.9894,0.9908,0.9126,0.919,956.3161,345.7843,838.4309,349.8364,912.3375,383.192,890.8668,373.4405,117.9548,23.5815,0.1999,1,1,250,1
249,3,0,1,1,1,1,0.9862,0.9929,0.8795,0.9298,781.5756,334.7933,649.7098,345.0016,727.0472,395.4227,699.4438,402.9687,132.2603,28.6163,0.2164,1,1,250,1
250,3,0,0,1,1,1,0.9873,0.9898,0.9115,0.9283,601.6166,291.3181,469.055,293.245,543.8286,300.833,508.5598,298.2101,132.5756,35.3662,0.2668,1,1,251,1
250,3,0,2,1,1,1,0.9894,0.9908,0.9126,0.919,956.3087,345.7439,838.4546,349.843,912.3154,383.1952,890.8878,373.3528,117.9255,23.58,0.2,1,1,251,1
250,3,0,1,1,1,1,0.9862,0.9929,0.8795,0.9297,781.5793,334.81,649.6968,345.0277,727.049,395.4023,699.426,402.9784,132.2777,28.6432,0.2165,1,1,251,1
251,3,0,0,1,1,1,0.9871,0.9899,0.9111,0.9294,601.7064,290.5033,469.0662,292.8346,544.3957,300.833,508.1602,295.2344,132.6607,36.6655,0.2764,1,1,252,1
251,3,0,2,1,1,1,0.9889,0.9907,0.9102,0.9189,956.8825,345.781,839.1331,350.6312,911.5375,382.7154,891.3572,370.632,117.8493,23.5214,0.1996,1,1,252,1
251,3,0,1,1,1,1,0.9872,0.9922,0.8865,0.9333,781.2896,336.9334,650.3005,346.94,735.5028,398.2792,697.0798,396.8003,131.3709,38.4514,0.2927,1,1,252,1
252,3,0,0,1,1,1,0.9872,0.9899,0.9112,0.9294,601.7178,290.4999,469.0707,292.8196,544.4016,300.8323,508.1627,295.2481,132.6674,36.6666,0.2764,1,1,253,1
252,3,0,2,1,1,1,0.9889,0.9907,0.9101,0.9189,956.8723,345.7726,839.1362,350.6213,911.5134,382.6965,891.351,370.6064,117.8359,23.5094,0.1995,1,1,253,1
252,3,0,1,1,1,1,0.9872,0.9922,0.8865,0.9332,781.2921,336.941,650.2966,346.9396,735.4839,398.257,697.0851,396.8239,131.3765,38.4255,0.2925,1,1,253,1
253,3,0,0,1,1,1,0.9869,0.9897,0.9096,0.9281,601.7124,291.422,469.2598,293.3152,544.3576,300.9651,508.2875,297.4728,132.4663,36.2387,0.2736,1,1,254,1
253,3,0,2,1,1,1,0.9892,0.9907,0.9125,0.9193,956.967,346.1559,838.9868,350.5477,912.9712,384.5194,891.1362,370.3182,118.0619,26.0469,0.2206,1,1,254,1
253,3,0,1,1,1,1,0.9871,0.9923,0.8858,0.9343,780.9865,337.0564,649.7322,346.9782,735.0784,398.2381,697.2496,396.9687,131.6288,37.8501,0.2876,1,1,254,1
254,3,0,0,1,1,1,0.9869,0.9897,0.9096,0.9281,601.7014,291.4436,469.2648,293.3234,544.3222,300.9454,508.2887,297.4783,132.45,36.1999,0.2733,1,1,255,1
254,3,0,2,1,1,1,0.9892,0.9907,0.9126,0.9193,956.9659,346.1587,838.9788,350.552,912.9846,384.5228,891.1498,370.339,118.0689,26.0372,0.2205,1,1,255,1
254,3,0,1,1,1,1,0.9871,0.9923,0.8858,0.9344,780.9871,337.0588,649.7248,346.9818,735.0495,398.2321,697.2495,396.9678,131.6368,37.8211,0.2873,1,1,255,1
255,3,0,0,1,1,1,0.9871,0.9897,0.9111,0.9276,601.9198,291.4603,469.5084,293.5287,544.3028,301.1046,508.0164,297.332,132.4276,36.482,0.2755,1,1,256,1
255,3,0,2,1,1,1,0.9891,0.9904,0.9125,0.918,956.7252,346.1198,838.9622,350.1382,911.9451,383.4307,890.988,370.7557,117.8315,24.4919,0.2079,1,1,256,1
255,3,0,1,1,1,1,0.9857,0.9928,0.8771,0.9291,781.2097,334.7226,649.2786,344.8346,725.855,394.231,698.765,403.5889,132.318,28.6608,0.2166,1,1,256,1
256,3,0,0,1,1,1,0.9871,0.9897,0.9112,0.9276,601.9146,291.461,469.5138,293.5393,544.3176,301.1083,507.9818,297.3477,132.4171,36.5298,0.2759,1,1,257,1
256,3,0,2,1,1,1,0.9891,0.9904,0.9126,0.918,956.7342,346.1281,838.9701,350.1461,911.9359,383.4391,890.9883,370.7224,117.8326,24.5054,0.208,1,1,257,1
256,3,0,1,1,1,1,0.9857,0.9928,0.8771,0.9292,781.2052,334.7148,649.2718,344.8332,725.8622,394.2087,698.7472,403.6048,132.3208,28.6969,0.2169,1,1,257,1
257,3,0,0,1,1,1,0.9875,0.9898,0.9133,0.9285,602.1162,291.3392,469.5501,293.4503,544.2776,300.8021,508.041,296.8411,132.5829,36.4525,0.2749,1,1,258,1
257,3,0,2,1,1,1,0.9896,0.9862,0.9252,0.9113,954.7099,351.7102,837.8898,350.6594,921.6912,386.0939,892.3235,374.5997,116.8249,31.5369,0.27,1,1,258,1
257,3,0,1,1,1,1,0.986,0.9927,0.8788,0.9289,780.948,334.672,649.3243,344.895,726.0829,395.4988,698.4267,404.0382,132.0201,28.9445,0.2192,1,1,258,1
258,3,0,0,1,1,1,0.9874,0.9898,0.9132,0.9286,602.0968,291.3346,469.5381,293.4451,544.2859,300.8,508.0544,296.7797,132.5755,36.4539,0.275,1,1,259,1
258,3,0,2,1,1,1,0.9896,0.9862,0.9251,0.9112,954.7347,351.7268,837.9041,350.6733,921.6359,386.0808,892.3192,374.5534,116.8353,31.5016,0.2696,1,1,259,1
258,3,0,1,1,1,1,0.986,0.9927,0.8788,0.929,780.9368,334.6685,649.3245,344.8948,726.0926,395.5246,698.4543,404.0562,132.009,28.9251,0.2191,1,1,259,1
259,3,0,0,1,1,1,0.9875,0.9896,0.9137,0.927,602.4508,291.1788,469.8852,293.2037,544.4368,300.8753,508.4674,296.5056,132.581,36.2339,0.2733,1,1,260,1
259,3,0,2,1,1,1,0.9893,0.9861,0.9234,0.9104,954.5042,352.3467,837.5469,351.1298,921.1052,383.4584,893.0039,371.8623,116.9637,30.3999,0.2599,1,1,260,1
259,3,0,1,1,1,1,0.9862,0.9926,0.8818,0.9287,781.0084,334.3523,649.3823,344.7123,726.2826,396.5122,698.8197,404.245,132.0331,28.5309,0.2161,1,1,260,1
260,3,0,0,1,1,1,0.9875,0.9898,0.9137,0.9289,602.1093,291.2153,469.555,293.0096,545.009,301.5221,508.6635,297.519,132.5665,36.5653,0.2758,1,1,261,1
260,3,0,2,1,1,1,0.9895,0.9869,0.923,0.9138,954.8148,351.869,838.2478,350.8648,922.7108,385.4911,893.309,372.1498,116.5712,32.2871,0.277,1,1,261,1
260,3,0,1,1,1,1,0.9864,0.9927,0.8825,0.9287,781.2154,334.6508,649.7597,344.8954,726.7502,396.4608,698.4942,402.9807,131.8543,28.9985,0.2199,1,1,261,1
261,3,0,0,1,1,1,0.9875,0.9898,0.9138,0.9288,602.1155,291.2154,469.56,293.0045,545.0143,301.5093,508.6778,297.4943,132.5676,36.5576,0.2758,1,1,262,1
261,3,0,2,1,1,1,0.9895,0.9869,0.9229,0.9138,954.8167,351.8672,838.2474,350.8618,922.6982,385.5159,893.3231,372.1554,116.5737,32.2706,0.2768,1,1,262,1
261,3,0,1,1,1,1,0.9864,0.9927,0.8825,0.9287,781.2106,334.6446,649.7614,344.8882,726.733,396.4502,698.4876,402.9946,131.8476,28.9937,0.2199,1,1,262,1
262,3,0,0,1,1,1,0.9874,0.9898,0.9132,0.9285,602.5906,290.7684,469.9142,292.7466,545.0008,300.929,508.753,297.1902,132.6911,36.4401,0.2746,1,1,263,1
262,3,0,2,1,1,1,0.9894,0.9867,0.923,0.9129,955.1274,352.2983,838.2872,350.9885,921.2817,384.8372,892.8467,372.6539,116.8476,30.9351,0.2647,1,1,263,1
262,3,0,1,1,1,1,0.9879,0.9919,0.8932,0.9317,780.7442,336.8013,649.7728,346.7432,734.6931,397.9872,696.712,397.272,131.3482,37.9879,0.2892,1,1,263,1
263,3,0,0,1,1,1,0.9874,0.9898,0.9131,0.9285,602.5588,290.7774,469.8858,292.7376,545.0672,300.9797,508.8369,297.2594,132.6875,36.4208,0.2745,1,1,264,1
263,3,0,2,1,1,1,0.9894,0.9867,0.9228,0.9129,955.1376,352.308,838.2284,351.0273,921.2736,384.782,892.8755,372.4345,116.9163,30.9664,0.2649,1,1,264,1
263,3,0,1,1,1,1,0.988,0.9919,0.8935,0.9312,780.805,336.7612,649.8352,346.731,734.8104,398.1475,696.7104,397.1924,131.3487,38.112,0.2902,1,1,264,1
264,3,0,0,1,1,1,0.9876,0.9896,0.9145,0.9275,602.9854,291.0496,470.2036,293.1,544.3669,300.6936,508.9604,295.2746,132.7977,35.8187,0.2697,1,1,265,1
264,3,0,2,1,1,1,0.9893,0.9862,0.9229,0.9105,955.8105,352.7548,839.0233,351.7115,922.9927,386.645,891.6946,373.0512,116.7919,34.1228,0.2922,1,1,265,1
264,3,0,1,1,1,1,0.9882,0.9918,0.8953,0.9301,781.1988,337.5208,650.2296,347.2708,732.622,395.6344,697.0281,396.7469,131.3317,35.6114,0.2712,1,1,265,1
265,3,0,0,1,1,1,0.9876,0.9896,0.9144,0.9275,602.966,291.0117,470.1662,293.0866,544.3703,300.7152,508.9722,295.2252,132.8159,35.8213,0.2697,1,1,266,1
265,3,0,2,1,1,1,0.9893,0.9862,0.9229,0.9103,955.803,352.7244,839.0278,351.6888,922.8735,386.5276,891.7202,372.961,116.7797,33.9792,0.291,1,1,266,1
265,3,0,1,1,1,1,0.9882,0.9918,0.8953,0.9301,781.208,337.5204,650.2248,347.2414,732.5706,395.632,696.9756,396.8726,131.3433,35.6166,0.2712,1,1,266,1
266,3,0,0,1,1,1,0.9874,0.9896,0.9134,0.9275,602.8271,290.951,470.1211,292.4779,544.4423,300.604,509.2704,296.655,132.7147,35.3929,0.2667,1,1,267,1
266,3,0,2,1,1,1,0.9895,0.9868,0.9231,0.9133,955.4321,352.1835,838.6444,351.3083,922.0766,385.5841,893.1919,374.7361,116.791,30.8546,0.2642,1,1,267,1
266,3,0,1,1,1,1,0.9877,0.9921,0.8912,0.9327,780.8686,337.553,650.2024,347.0484,733.4562,397.1316,696.9798,396.6249,131.0108,36.4799,0.2784,1,1,267,1
267,3,0,0,1,1,1,0.9874,0.9899,0.9129,0.9293,602.6545,290.6642,469.705,292.4021,544.0283,300.343,509.404,296.0542,132.9608,34.889,0.2624,1,1,268,1
267,3,0,2,1,1,1,0.9894,0.9868,0.9228,0.9134,955.5613,351.8799,838.1729,350.8236,920.9451,385.242,892.7196,373.2427,117.3932,30.6702,0.2613,1,1,268,1
267,3,0,1,1,1,1,0.9879,0.9921,0.893,0.933,780.644,337.6717,649.8985,347.3818,733.6582,397.9781,696.2886,396.1756,131.1056,37.413,0.2854,1,1,268,1
268,3,0,0,1,1,1,0.9873,0.9899,0.9128,0.9292,602.6677,290.6666,469.7006,292.3973,544.0108,300.3278,509.3818,296.0693,132.9784,34.8899,0.2624,1,1,269,1
268,3,0,2,1,1,1,0.9894,0.9867,0.9229,0.9133,955.5571,351.8713,838.1609,350.7996,920.9296,385.1676,892.6981,373.0677,117.4011,30.7152,0.2616,1,1,269,1
268,3,0,1,1,1,1,0.9879,0.9921,0.893,0.933,780.6437,337.7066,649.8872,347.4095,733.667,398.0202,696.2873,396.1874,131.116,37.4246,0.2854,1,1,269,1
269,3,0,0,1,1,1,0.9874,0.9894,0.9137,0.9265,602.7378,290.7994,469.9316,292.5096,544.0946,299.9216,509.4146,295.8443,132.8171,34.9188,0.2629,1,1,270,1
269,3,0,2,1,1,1,0.9895,0.9862,0.9238,0.9103,955.213,351.9518,837.5915,350.8418,921.2322,386.5357,892.5171,374.0764,117.6268,31.3017,0.2661,1,1,270,1
269,3,0,1,1,1,1,0.9875,0.9922,0.8887,0.9331,780.985,337.5394,650.2323,347.534,734.5596,398.2319,695.817,396.0015,131.1342,38.8068,0.2959,1,1,270,1
270,3,0,0,1,1,1,0.9874,0.9894,0.9136,0.9267,602.7412,290.7874,469.9318,292.5102,544.1025,299.9248,509.4278,295.7314,132.8206,34.9274,0.263,1,1,271,1
270,3,0,2,1,1,1,0.9895,0.9862,0.9238,0.9103,955.2509,351.9508,837.6354,350.8876,921.2225,386.4988,892.4989,373.9264,117.6203,31.3546,0.2666,1,1,271,1
270,3,0,1,1,1,1,0.9875,0.9922,0.8889,0.9331,780.9876,337.5408,650.2372,347.528,734.5358,398.1812,695.8195,395.9803,131.1312,38.7788,0.2957,1,1,271,1
271,3,0,0,1,1,1,0.9876,0.9896,0.9142,0.9271,602.6908,290.7825,469.843,292.1806,544.0256,300.3943,509.163,296.967,132.8551,35.0307,0.2637,1,1,272,1
271,3,0,2,1,1,1,0.9891,0.9859,0.9217,0.9089,954.9299,352.0716,838.0039,351.3843,922.6986,387.2355,893.0438,373.7355,116.928,32.5831,0.2787,1,1,272,1
271,3,0,1,1,1,1,0.9874,0.9921,0.8895,0.9326,780.6616,337.4538,650.1996,347.2373,734.2468,397.1885,696.5944,395.8748,130.8284,37.6753,0.288,1,1,272,1
272,3,0,0,1,1,1,0.9876,0.9896,0.9141,0.9272,602.6884,290.7721,469.8402,292.175,544.0102,300.3866,509.2131,296.8548,132.8556,34.9758,0.2633,1,1,273,1
272,3,0,2,1,1,1,0.9891,0.9859,0.9216,0.9089,954.9178,352.1046,838.0032,351.3848,922.7043,387.1675,893.0323,373.7976,116.9169,32.545,0.2784,1,1,273,1
272,3,0,1,1,1,1,0.9874,0.9921,0.8892,0.9327,780.6864,337.4635,650.2046,347.2561,734.2779,397.2988,696.6308,395.862,130.8487,37.6744,0.2879,1,1,273,1
273,3,0,0,1,1,1,0.9875,0.9895,0.9134,0.9266,602.4878,291.0499,469.8044,292.4374,543.7408,299.8499,509.1867,295.2449,132.6906,34.8597,0.2627,1,1,274,1
273,3,0,2,1,1,1,0.9895,0.9862,0.9235,0.9104,954.7245,352.3418,837.4717,351.6196,921.0642,386.255,892.5889,374.8943,117.2551,30.6579,0.2615,1,1,274,1
273,3,0,1,1,1,1,0.9875,0.9922,0.8901,0.9335,780.6948,337.5162,650.2674,347.1918,733.744,394.9282,696.521,395.3025,130.7858,37.2249,0.2846,1,1,274,1
274,3,0,0,1,1,1,0.9873,0.9897,0.9124,0.9275,602.768,290.5181,470.0223,292.3816,544.1089,300.5371,508.8874,294.4794,132.7588,35.7387,0.2692,1,1,275,1
274,3,0,2,1,1,1,0.9893,0.9859,0.9228,0.9087,954.7954,351.9689,837.2884,351.2824,920.3808,386.422,892.6805,375.4582,117.5091,29.7911,0.2535,1,1,275,1
274,3,0,1,1,1,1,0.9862,0.9927,0.8808,0.9287,781.7328,334.84,650.2611,345.0915,725.5744,392.9603,698.7478,402.195,131.8708,28.3716,0.2151,1,1,275,1
275,3,0,0,1,1,1,0.9873,0.9897,0.9124,0.9276,602.7746,290.5126,470.01,292.3914,544.107,300.5428,508.8834,294.5082,132.7779,35.7368,0.2691,1,1,276,1
275,3,0,2,1,1,1,0.9893,0.9859,0.9229,0.9087,954.8289,351.99,837.335,351.2903,920.3753,386.3532,892.6455,375.4742,117.496,29.7875,0.2535,1,1,276,1
275,3,0,1,1,1,1,0.9862,0.9927,0.8808,0.9287,781.7326,334.8286,650.263,345.099,725.5805,393.0464,698.7696,402.1542,131.8703,28.3157,0.2147,1,1,276,1
276,3,0,0,1,1,1,0.9875,0.9896,0.9133,0.9269,602.4712,290.6648,470.3333,292.3214,544.0119,300.5017,509.207,296.7125,132.1483,35.0105,0.2649,1,1,277,1
276,3,0,2,1,1,1,0.9892,0.9861,0.9214,0.9099,954.6793,351.9049,837.2032,351.0708,919.8939,385.6795,891.5095,375.4566,117.479,30.1693,0.2568,1,1,277,1
276,3,0,1,1,1,1,0.9862,0.9928,0.8813,0.9298,781.8778,334.7996,650.0446,345.0239,724.7504,392.1368,698.7281,402.2488,132.2291,27.918,0.2111,1,1,277,1
277,3,0,0,1,1,1,0.9875,0.9896,0.9133,0.9269,602.4982,290.603,470.3364,292.2643,544.0757,300.4758,509.1636,296.6202,132.1722,35.1243,0.2657,1,1,278,1
277,3,0,2,1,1,1,0.9892,0.986,0.9214,0.9096,954.75,351.9015,837.2436,351.071,919.8114,385.598,891.5359,375.4528,117.5094,30.0405,0.2556,1,1,278,1
277,3,0,1,1,1,1,0.9862,0.9928,0.8813,0.9298,781.8976,334.7985,650.0814,345.0318,724.7782,392.1006,698.6875,402.2634,132.2128,28.0001,0.2118,1,1,278,1
278,3,0,0,1,1,1,0.9874,0.9896,0.913,0.9268,602.426,290.7512,470.3563,292.277,544.1477,300.2576,508.8887,297.4067,132.0785,35.3741,0.2678,1,1,279,1
278,3,0,2,1,1,1,0.9895,0.9904,0.9138,0.9156,957.4633,346.0482,838.7408,350.9299,911.6912,384.416,889.2889,374.4026,118.8228,24.5384,0.2065,1,1,279,1
278,3,0,1,1,1,1,0.9865,0.9925,0.8848,0.9272,781.2973,334.8511,650.2935,344.7292,725.4539,392.7134,698.132,402.9798,131.3757,29.1871,0.2222,1,1,279,1
279,3,0,0,1,1,1,0.9874,0.9896,0.9128,0.9269,602.4038,290.7597,470.3346,292.2912,544.1422,300.2646,508.8558,297.4206,132.0781,35.4009,0.268,1,1,280,1
279,3,0,2,1,1,1,0.9895,0.9904,0.9138,0.9157,957.4564,346.0581,838.7123,350.932,911.6832,384.4112,889.2659,374.4256,118.8441,24.5407,0.2065,1,1,280,1
279,3,0,1,1,1,1,0.9865,0.9925,0.8845,0.9274,781.286,334.7562,650.2362,344.6397,725.3319,392.5369,698.1536,403.0357,131.4221,29.1356,0.2217,1,1,280,1
280,3,0,0,1,1,1,0.9874,0.9897,0.9126,0.9277,602.479,290.5022,470.2052,292.0354,544.0423,299.8873,508.783,295.563,132.2827,35.5235,0.2685,1,1,281,1
280,3,0,2,1,1,1,0.9898,0.9855,0.9261,0.9064,954.8087,351.9642,837.3932,351.2042,921.198,387.9764,889.9619,374.7393,117.418,33.9251,0.2889,1,1,281,1
280,3,0,1,1,1,1,0.9861,0.9927,0.881,0.929,781.1454,335.0039,649.66,345.2033,724.8708,391.7144,698.9938,401.7908,131.8804,27.7695,0.2106,1,1,281,1
281,3,0,0,1,1,1,0.9874,0.9897,0.9126,0.9276,602.4684,290.5167,470.204,292.039,544.0496,299.8977,508.785,295.5476,132.2731,35.5319,0.2686,1,1,282,1
281,3,0,2,1,1,1,0.9898,0.9855,0.9261,0.9064,954.8002,351.9634,837.3957,351.1976,921.2024,387.9791,889.9507,374.7394,117.407,33.9405,0.2891,1,1,282,1
281,3,0,1,1,1,1,0.9861,0.9927,0.881,0.929,781.1332,335.0166,649.6474,345.2058,724.8706,391.6964,698.9822,401.7852,131.8799,27.7848,0.2107,1,1,282,1
282,3,0,0,1,1,1,0.9876,0.9894,0.9145,0.9258,603.0684,290.1853,470.4784,292.073,544.222,299.8518,508.7064,295.559,132.6035,35.7741,0.2698,1,1,283,1
282,3,0,2,1,1,1,0.9899,0.9859,0.9265,0.9081,954.5477,351.7096,837.5966,351.1978,920.1816,385.9765,890.247,375.4778,116.9522,31.7223,0.2712,1,1,283,1
282,3,0,1,1,1,1,0.9863,0.9925,0.8821,0.9275,781.1958,335.0514,649.6471,345.1184,725.8219,395.0396,698.8938,402.2569,131.9333,27.8785,0.2113,1,1,283,1
283,3,0,0,1,1,1,0.9875,0.9897,0.914,0.928,602.9441,290.4075,470.612,292.0149,544.6468,300.1669,508.9438,297.5656,132.3419,35.7978,0.2705,1,1,284,1
283,3,0,2,1,1,1,0.9897,0.9858,0.9256,0.908,955.1901,351.519,838.2862,351.1352,919.0861,385.3756,890.3212,374.0826,116.9046,30.9023,0.2643,1,1,284,1
283,3,0,1,1,1,1,0.9865,0.9925,0.8832,0.927,781.1302,335.0672,649.724,344.996,725.1995,394.2978,698.5788,403.8089,131.7808,28.2688,0.2145,1,1,284,1
284,3,0,0,1,1,1,0.9875,0.9897,0.9139,0.928,602.9422,290.418,470.6022,292.0242,544.646,300.1742,508.956,297.5261,132.3498,35.7881,0.2704,1,1,285,1
284,3,0,2,1,1,1,0.9897,0.9858,0.9256,0.9082,955.1885,351.5034,838.3037,351.1279,919.0671,385.3652,890.3354,374.0412,116.8854,30.8827,0.2642,1,1,285,1
284,3,0,1,1,1,1,0.9865,0.9925,0.8832,0.927,781.1448,335.0694,649.732,345.0054,725.1764,394.2831,698.5938,403.7921,131.7879,28.2322,0.2142,1,1,285,1
285,3,0,0,1,1,1,0.9874,0.9898,0.9131,0.9288,603.0492,290.0206,470.4398,292.0044,544.5647,300.1908,509.1174,297.2042,132.6242,35.5728,0.2682,1,1,286,1
285,3,0,2,1,1,1,0.9895,0.9858,0.924,0.9082,955.4077,351.2494,838.135,350.7714,918.7598,385.583,890.129,375.2097,117.2736,30.4521,0.2597,1,1,286,1
285,3,0,1,1,1,1,0.988,0.9919,0.8948,0.9313,780.6668,337.1171,650.178,347.1626,734.1753,396.5061,696.9502,395.9,130.8749,37.2301,0.2845,1,1,286,1
286,3,0,0,1,1,1,0.9874,0.9899,0.9131,0.9289,603.0461,290.0282,470.4438,292.0106,544.5506,300.2022,509.1251,297.183,132.6171,35.5539,0.2681,1,1,287,1
286,3,0,2,1,1,1,0.9896,0.9858,0.9241,0.9082,955.4001,351.2609,838.1078,350.7607,918.7727,385.5849,890.1102,375.275,117.2934,30.4604,0.2597,1,1,287,1
286,3,0,1,1,1,1,0.988,0.9919,0.8947,0.9313,780.6672,337.1158,650.1732,347.162,734.17,396.5186,696.9198,395.9366,130.8801,37.2547,0.2846,1,1,287,1
287,3,0,0,1,1,1,0.9873,0.9899,0.9121,0.929,602.845,290.7226,469.9826,292.4572,544.3692,300.5114,509.8255,295.6438,132.8738,34.885,0.2625,1,1,288,1
287,3,0,2,1,1,1,0.9898,0.9861,0.9257,0.9098,955.0078,351.384,837.7241,350.9227,920.1137,386.3164,889.5919,376.3671,117.2845,32.1025,0.2737,1,1,288,1
287,3,0,1,1,1,1,0.9865,0.9926,0.8837,0.928,781.1573,335.2158,649.721,345.3525,724.9436,394.0585,698.123,403.4867,131.8266,28.4295,0.2157,1,1,288,1
288,3,0,0,1,1,1,0.9873,0.9899,0.9122,0.929,602.851,290.7118,469.9892,292.4444,544.3792,300.5149,509.8334,295.6958,132.8731,34.8804,0.2625,1,1,289,1
288,3,0,2,1,1,1,0.9898,0.9861,0.9257,0.9097,955.0013,351.3734,837.7036,350.9115,920.086,386.3484,889.5829,376.3402,117.2986,32.103,0.2737,1,1,289,1
288,3,0,1,1,1,1,0.9865,0.9926,0.8836,0.928,781.1389,335.2096,649.6891,345.359,724.9254,394.056,698.1347,403.498,131.8411,28.4059,0.2155,1,1,289,1
289,3,0,0,1,1,1,0.9875,0.9899,0.9136,0.9291,602.9641,291.1196,469.9257,292.6064,544.7894,300.3918,509.467,295.325,133.0467,35.6839,0.2682,1,1,290,1
289,3,0,2,1,1,1,0.9896,0.9862,0.9241,0.9104,954.647,351.255,837.6205,350.6196,920.5329,386.3153,888.7852,377.4294,117.0283,32.9678,0.2817,1,1,290,1
289,3,0,1,1,1,1,0.9878,0.992,0.8921,0.9324,780.2316,337.0728,649.7318,346.5742,733.704,395.8586,696.6308,396.4378,130.8453,37.0778,0.2834,1,1,290,1
290,3,0,0,1,1,1,0.9875,0.9899,0.9136,0.9291,602.9682,291.1127,469.9355,292.607,544.79,300.4162,509.4628,295.3205,133.0411,35.6928,0.2683,1,1,291,1
290,3,0,2,1,1,1,0.9896,0.9862,0.924,0.9105,954.6498,351.2485,837.6366,350.6185,920.5525,386.2936,888.7971,377.3425,117.0149,32.9929,0.282,1,1,291,1
290,3,0,1,1,1,1,0.9878,0.992,0.8922,0.9324,780.2416,337.0845,649.7544,346.6009,733.7652,395.9168,696.6318,396.4192,130.8338,37.1369,0.2838,1,1,291,1
291,3,0,0,1,1,1,0.9874,0.9896,0.913,0.9272,602.7804,291.097,469.906,292.7521,544.5352,300.3262,509.1995,296.1416,132.8847,35.5826,0.2678,1,1,292,1
291,3,0,2,1,1,1,0.9893,0.9905,0.9115,0.9165,957.0353,345.839,838.2016,350.6367,912.1786,386.2266,888.1771,374.953,118.9305,26.5173,0.223,1,1,292,1
291,3,0,1,1,1,1,0.9879,0.9917,0.8941,0.9302,779.9898,337.3444,649.6046,346.6322,733.3028,395.6951,696.8096,396.2132,130.7156,36.4968,0.2792,1,1,292,1
292,3,0,0,1,1,1,0.9874,0.9896,0.913,0.9272,602.8006,291.0991,469.9102,292.7522,544.5564,300.3545,509.1623,296.1882,132.9007,35.6384,0.2682,1,1,293,1
292,3,0,2,1,1,1,0.9893,0.9905,0.9116,0.9165,957.049,345.8492,838.223,350.6654,912.21,386.2449,888.1918,374.934,118.9236,26.5482,0.2232,1,1,293,1
292,3,0,1,1,1,1,0.9879,0.9917,0.8941,0.9302,779.9787,337.3709,649.5936,346.65,733.2942,395.6888,696.8186,396.2251,130.7148,36.4795,0.2791,1,1,293,1
293,3,0,0,1,1,1,0.9875,0.9894,0.9146,0.9266,602.7626,290.8118,469.823,292.4307,544.4092,300.7037,508.939,296.868,132.9495,35.677,0.2683,1,1,294,1
293,3,0,2,1,1,1,0.9895,0.9861,0.9233,0.9095,954.6416,352.006,836.6314,351.8056,920.1448,386.612,890.4484,374.7306,118.0104,31.9851,0.271,1,1,294,1
293,3,0,1,1,1,1,0.988,0.9916,0.8946,0.9287,780.309,337.7094,649.6992,347.1049,732.7454,395.8268,697.078,396.5078,130.9472,35.6739,0.2724,1,1,294,1
294,3,0,0,1,1,1,0.9875,0.9894,0.9146,0.9266,602.7508,290.8158,469.8177,292.4188,544.4094,300.71,508.9573,296.794,132.9427,35.6677,0.2683,1,1,295,1
294,3,0,2,1,1,1,0.9895,0.9861,0.9233,0.9095,954.6422,352.0077,836.6366,351.7962,920.1455,386.6062,890.4771,374.722,118.0057,31.9601,0.2708,1,1,295,1
294,3,0,1,1,1,1,0.988,0.9915,0.8948,0.9286,780.3141,337.71,649.6972,347.1022,732.7652,395.8967,697.0985,396.4738,130.9541,35.6714,0.2724,1,1,295,1
295,3,0,0,1,1,1,0.9873,0.9895,0.9132,0.9273,602.8048,290.6188,470.263,292.5498,544.9262,301.0164,508.9194,297.3708,132.5559,36.1909,0.273,1,1,296,1
295,3,0,2,1,1,1,0.9894,0.9863,0.9224,0.911,954.6401,352.0678,837.1498,351.1659,920.7558,386.3578,890.5132,375.2362,117.4938,32.2227,0.2743,1,1,296,1
295,3,0,1,1,1,1,0.9882,0.9914,0.8957,0.9271,780.7818,337.5738,649.5459,347.2899,732.8076,397.0555,697.0016,396.8215,131.595,35.8067,0.2721,1,1,296,1
296,3,0,0,1,1,1,0.9873,0.9897,0.9127,0.9283,602.3296,291.056,469.6885,292.8044,544.971,301.136,509.0544,297.3898,132.6527,36.1115,0.2722,1,1,297,1
296,3,0,2,1,1,1,0.9894,0.9866,0.922,0.9123,954.7079,351.4509,837.339,350.6156,921.1522,387.8959,890.5123,376.1161,117.372,32.8263,0.2797,1,1,297,1
296,3,0,1,1,1,1,0.9885,0.991,0.8994,0.925,780.6294,337.7731,649.5842,347.234,732.5521,396.5471,696.1446,397.0387,131.3862,36.4109,0.2771,1,1,297,1
297,3,0,0,1,1,1,0.9873,0.9897,0.9125,0.9283,602.344,291.0488,469.6818,292.816,544.951,301.0932,509.0327,297.3425,132.6739,36.1137,0.2722,1,1,298,1
297,3,0,2,1,1,1,0.9894,0.9866,0.922,0.9122,954.7131,351.4541,837.3505,350.6108,921.1359,387.8947,890.4805,376.0869,117.3656,32.8509,0.2799,1,1,298,1
297,3,0,1,1,1,1,0.9885,0.991,0.8993,0.925,780.6266,337.7793,649.5841,347.2388,732.5538,396.5315,696.1466,396.9843,131.3835,36.4101,0.2771,1,1,298,1
298,3,0,0,1,1,1,0.9873,0.99,0.9119,0.9295,602.4115,290.9264,469.496,292.9882,544.7658,301.5168,508.891,295.8476,132.9315,36.32,0.2732,1,1,299,1
298,3,0,2,1,1,1,0.9898,0.9864,0.9249,0.9111,955.1667,351.7195,837.5682,350.6865,919.9738,386.4223,889.9561,376.1336,117.603,31.732,0.2698,1,1,299,1
298,3,0,1,1,1,1,0.9884,0.9913,0.8979,0.9262,780.3664,337.972,649.3614,347.06,731.3413,395.2076,696.372,397.1401,131.3199,35.0227,0.2667,1,1,299,1
299,3,0,0,1,1,1,0.9873,0.99,0.9117,0.9294,602.4014,290.9237,469.5398,292.9752,544.7536,301.6021,508.862,295.8661,132.8773,36.3471,0.2735,1,1,300,1
299,3,0,2,1,1,1,0.9897,0.9864,0.9248,0.911,955.1978,351.6688,837.6259,350.7068,920.0081,386.579,889.9728,376.0072,117.5758,31.8415,0.2708,1,1,300,1
299,3,0,1,1,1,1,0.9885,0.9913,0.8984,0.9259,780.3742,337.9342,649.4116,347.0341,731.2776,395.1267,696.4043,397.0937,131.2785,34.9287,0.2661,1,1,300,1
