frame,raw_num_people,anomaly,track_id,conf_ok,boundary_ok,overlap_ok,conf_ls,conf_rs,conf_lw,conf_rw,ls_x,ls_y,rs_x,rs_y,lw_x,lw_y,rw_x,rw_y,shoulder_dist,wrist_dist,ratio,frontal,hands_now,consecutive_frames,confirmed
0,3,0,0,1,1,1,0.9877,0.9862,0.8962,0.8704,1180.893,349.7935,989.2132,352.1798,1115.2756,430.1701,1078.2568,428.6906,191.6946,37.0483,0.1933,1,1,1,0
0,3,0,1,1,1,1,0.9888,0.9921,0.9054,0.932,697.1167,350.0267,582.6339,353.6016,738.6574,523.8834,550.358,538.0216,114.5386,188.8294,1.6486,0,0,0,0
0,3,0,2,1,1,1,0.9932,0.9929,0.8696,0.8739,363.1378,268.6436,179.9399,263.9514,411.8933,560.6269,122.778,563.4533,183.258,289.1291,1.5777,0,0,0,0
1,3,0,0,1,1,1,0.9878,0.9861,0.8964,0.869,1180.9834,349.8174,989.2295,352.1514,1115.7418,430.3714,1077.8647,428.6958,191.7681,37.9141,0.1977,1,1,2,0
1,3,0,1,1,1,1,0.9889,0.992,0.9062,0.9317,697.1148,349.9751,582.5827,353.7336,738.6818,523.8001,550.6246,538.5188,114.5938,188.6324,1.6461,0,0,0,0
1,3,0,2,1,1,1,0.9932,0.9929,0.8696,0.8743,363.1155,268.6518,179.8521,264.0977,411.9364,560.5919,122.7747,563.6154,183.3199,289.1775,1.5774,0,0,0,0
2,3,0,0,1,1,1,0.9882,0.9856,0.9017,0.8686,1177.3185,347.7508,987.9056,351.7788,1119.0457,429.0114,1071.6135,424.1342,189.4557,47.6822,0.2517,1,1,3,0
2,3,0,1,1,1,1,0.9888,0.9922,0.9049,0.9321,699.6677,350.9435,585.0696,353.8559,739.8662,525.1536,552.7512,538.4579,114.6351,187.5874,1.6364,0,0,0,0
2,3,0,2,1,1,1,0.9931,0.9928,0.8661,0.8703,362.0762,269.0772,178.1672,263.9894,406.5106,560.3062,119.311,563.9253,183.9794,287.2224,1.5612,0,0,0,0
3,3,0,0,1,1,1,0.9875,0.9858,0.9001,0.8757,1174.1117,347.6438,984.7181,351.6235,1118.9117,426.6012,1068.6471,423.4918,189.4354,50.3607,0.2658,1,1,4,0
3,3,0,1,1,1,1,0.9892,0.9917,0.9105,0.9291,702.0692,351.4783,587.902,353.6385,741.867,523.3896,555.544,540.5752,114.1877,187.1139,1.6387,0,0,0,0
3,3,0,2,1,1,1,0.9879,0.9927,0.8524,0.8956,361.747,268.8639,175.9267,264.2411,400.622,558.9469,113.1996,557.83,185.8778,287.4246,1.5463,0,0,0,0
4,3,0,0,1,1,1,0.9876,0.9857,0.9011,0.8753,1174.2374,347.7409,984.9835,351.91,1118.7009,426.6418,1068.8319,423.3044,189.2998,49.9806,0.264,1,1,5,0
4,3,0,1,1,1,1,0.9892,0.9918,0.9104,0.9298,702.0536,351.5142,588.1856,353.4559,741.9672,522.969,555.4728,540.638,113.8845,187.3295,1.6449,0,0,0,0
4,3,0,2,1,1,1,0.9879,0.9927,0.853,0.8952,361.9858,268.8273,176.0706,264.1056,400.511,558.8456,113.4812,557.7057,185.9752,287.0322,1.5434,0,0,0,0
5,3,0,0,1,1,1,0.9888,0.9843,0.9109,0.8666,1172.2252,348.0751,981.5298,352.3988,1118.5212,429.4933,1061.6771,427.0973,190.7444,56.8946,0.2983,1,1,6,1
5,3,0,2,1,1,1,0.9878,0.9927,0.8487,0.8937,360.1799,269.0641,176.0991,262.9184,396.2948,560.5004,106.2898,550.9276,184.1834,290.163,1.5754,0,0,0,0
5,3,0,1,1,1,1,0.9905,0.9927,0.9015,0.9221,703.4972,352.5594,588.9826,353.9356,741.8672,522.001,559.5578,541.745,114.5228,183.3755,1.6012,0,0,0,0
6,3,0,0,1,1,1,0.9888,0.9844,0.9104,0.8674,1172.2137,347.9683,981.5577,352.3367,1118.3892,429.553,1061.6687,427.0641,190.7061,56.775,0.2977,1,1,7,1
6,3,0,2,1,1,1,0.9878,0.9927,0.848,0.894,360.131,269.0772,176.0485,263.0155,396.2688,560.5406,106.1867,551.0713,184.1823,290.2367,1.5758,0,0,0,0
6,3,0,1,1,1,1,0.9905,0.9927,0.9015,0.9222,703.5099,352.6565,588.9344,353.9294,741.906,522.0196,559.4238,541.4986,114.5825,183.5188,1.6016,0,0,0,0
7,3,0,0,1,1,1,0.9889,0.9836,0.9103,0.8623,1168.078,347.2119,978.8813,352.4259,1117.1998,435.5391,1062.3441,429.8896,189.2685,55.1459,0.2914,1,1,8,1
7,3,0,2,1,1,1,0.9909,0.994,0.8523,0.8756,358.6077,268.1046,175.8924,263.5541,391.933,563.5538,97.0275,557.4588,182.7719,294.9685,1.6139,0,0,0,0
7,3,0,1,1,1,1,0.9903,0.9925,0.9014,0.9212,705.618,353.0174,590.9837,354.8068,741.344,521.6506,563.4934,543.7432,114.6483,179.2176,1.5632,0,0,0,0
8,3,0,0,1,1,1,0.9889,0.9837,0.9102,0.8623,1168.2131,347.1563,978.9742,352.483,1117.4874,435.6912,1062.3495,429.9719,189.3139,55.4338,0.2928,1,1,9,1
8,3,0,2,1,1,1,0.9909,0.994,0.8525,0.8756,358.6965,268.1,175.8682,263.4487,391.8733,563.6018,97.0468,556.7746,182.8874,294.9055,1.6125,0,0,0,0
8,3,0,1,1,1,1,0.9927,0.9928,0.9048,0.9042,706.276,351.5395,589.896,354.0146,741.4848,520.0508,561.4552,542.4981,116.4064,181.4236,1.5585,0,0,0,0
9,3,0,0,1,1,1,0.9899,0.9846,0.9021,0.8637,1166.7539,346.9707,978.5413,350.9537,1106.4054,439.4122,1055.4755,437.4118,188.2548,50.9692,0.2707,1,1,10,1
9,3,0,2,1,1,1,0.9905,0.9943,0.8461,0.8807,357.5549,267.6949,176.8362,263.0475,390.96,562.3096,87.1074,560.3504,180.7785,303.8589,1.6808,0,0,0,0
9,3,0,1,1,1,1,0.9929,0.9928,0.907,0.9044,707.447,352.6118,590.4732,354.3555,740.6922,520.6417,564.0316,540.5822,116.9868,177.7825,1.5197,0,0,0,0
10,3,0,0,1,1,1,0.9899,0.9846,0.9021,0.8636,1166.6768,346.9307,978.5546,350.9128,1106.3462,439.2923,1055.5093,437.363,188.1643,50.8735,0.2704,1,1,11,1
10,3,0,2,1,1,1,0.9904,0.9943,0.8458,0.8805,357.6032,267.654,176.8183,263.01,390.9491,562.238,86.9927,560.5786,180.8445,303.9609,1.6808,0,0,0,0
10,3,0,1,1,1,1,0.9929,0.9928,0.9068,0.9044,707.4637,352.6019,590.4757,354.3877,740.6676,520.6426,564.0818,540.5355,117.0016,177.7028,1.5188,0,0,0,0
11,3,0,0,1,1,1,0.9904,0.9831,0.9105,0.8578,1163.266,345.5906,977.429,350.5288,1104.7388,439.3802,1047.2095,437.3284,185.9026,57.5659,0.3097,1,1,12,1
11,3,0,2,1,1,1,0.9904,0.9948,0.8438,0.8881,357.673,267.1196,176.3766,263.7216,391.5625,561.6118,70.0606,555.4717,181.3282,321.5606,1.7734,0,0,0,0
11,3,0,1,1,1,1,0.9932,0.9925,0.9113,0.9017,707.7495,352.0652,591.607,354.2206,741.7573,521.1303,566.668,539.7475,116.1626,176.0763,1.5158,0,0,0,0
12,3,0,0,1,1,1,0.9904,0.9831,0.9106,0.8576,1163.3142,345.5864,977.4055,350.531,1104.7197,439.4229,1047.2336,437.3061,185.9745,57.525,0.3093,1,1,13,1
12,3,0,2,1,1,1,0.9903,0.9948,0.8434,0.8884,357.6435,267.0077,176.4016,263.763,391.5042,561.3776,69.9061,556.0066,181.2709,321.643,1.7744,0,0,0,0
12,3,0,1,1,1,1,0.9932,0.9925,0.9111,0.902,707.7474,352.1131,591.6462,354.1937,741.669,521.233,566.6453,539.7411,116.1198,175.9996,1.5157,0,0,0,0
13,3,0,2,1,1,1,0.9858,0.9945,0.817,0.9107,358.7435,267.9247,176.6467,264.9834,393.8,560.444,58.1869,549.8642,182.1205,335.7798,1.8437,0,0,0,0
13,3,0,0,1,1,1,0.9909,0.9827,0.9138,0.8546,1160.769,345.6909,975.6321,350.515,1103.3341,439.9588,1045.6403,439.747,185.1997,57.6942,0.3115,1,1,14,1
13,3,0,1,1,1,1,0.9908,0.9921,0.9073,0.9182,707.7442,352.8922,593.7828,355.1907,743.8846,523.4517,569.7276,541.169,113.9845,175.056,1.5358,0,0,0,0
14,3,0,2,1,1,1,0.9857,0.9945,0.8165,0.911,358.6593,267.8616,176.5771,265.0685,393.8153,560.26,58.2022,549.8868,182.1036,335.7734,1.8439,0,0,0,0
14,3,0,0,1,1,1,0.9909,0.9827,0.9141,0.854,1160.7075,345.6438,975.6365,350.5023,1103.2682,440.1178,1045.327,439.9988,185.1347,57.9413,0.313,1,1,15,1
14,3,0,1,1,1,1,0.9908,0.9921,0.9074,0.9183,707.7505,352.8893,593.7142,355.1978,743.9351,523.3792,569.6899,541.1734,114.0596,175.1515,1.5356,0,0,0,0
15,3,0,2,1,1,1,0.9856,0.9947,0.8141,0.9151,359.3778,268.9383,177.345,264.8519,397.3257,563.5196,53.738,539.3092,182.0786,344.4396,1.8917,0,0,0,0
15,3,0,0,1,1,1,0.9907,0.9825,0.9116,0.8518,1158.7091,344.8118,974.2459,351.0494,1101.258,440.1644,1046.3263,439.8778,184.5686,54.9325,0.2976,1,1,16,1
15,3,0,1,1,1,1,0.9902,0.9923,0.9011,0.9211,709.3084,353.2001,594.402,355.7419,744.6056,525.3784,571.8582,541.9074,114.9345,173.5364,1.5099,0,0,0,0
16,3,0,2,1,1,1,0.9853,0.9949,0.807,0.9167,359.8058,268.3576,177.9469,264.3059,399.5498,561.3806,49.928,539.4264,181.904,350.3104,1.9258,0,0,0,0
16,3,0,0,1,1,1,0.9887,0.9829,0.9219,0.867,1159.9004,341.4754,970.4779,351.9218,1109.7411,436.3745,1046.3134,433.3433,189.7103,63.5001,0.3347,1,1,17,1
16,3,0,1,1,1,1,0.9907,0.992,0.9071,0.9184,709.825,353.4549,595.8882,355.308,745.8583,526.971,573.0028,541.3012,113.9518,173.4485,1.5221,0,0,0,0
17,3,0,2,1,1,1,0.9853,0.9949,0.8072,0.9168,359.8003,268.3793,177.9392,264.278,399.5007,561.3249,49.9861,539.3816,181.9074,350.2028,1.9252,0,0,0,0
17,3,0,0,1,1,1,0.9886,0.9829,0.9219,0.867,1159.9227,341.454,970.4761,351.9002,1109.7084,436.3285,1046.5858,433.2068,189.7344,63.1997,0.3331,1,1,18,1
17,3,0,1,1,1,1,0.9908,0.992,0.9076,0.9184,709.7888,353.4585,595.8244,355.3666,745.8498,526.9696,573.0,541.3024,113.9804,173.4431,1.5217,0,0,0,0
18,3,0,2,1,1,1,0.9857,0.9947,0.8118,0.9144,360.4224,269.3109,177.9315,264.4072,402.4446,562.7932,52.5205,539.7728,182.5567,350.6805,1.9209,0,0,0,0
18,3,0,0,1,1,1,0.9888,0.9831,0.9216,0.8664,1158.5156,341.9588,969.088,352.6687,1110.0984,436.4694,1044.7404,432.2664,189.7301,65.493,0.3452,1,1,19,1
18,3,0,1,1,1,1,0.9907,0.9922,0.9044,0.9184,710.3964,354.332,595.8544,356.0602,747.058,530.2265,574.1208,542.4504,114.555,173.3686,1.5134,0,0,0,0
19,3,0,2,1,1,1,0.9857,0.9947,0.8118,0.9142,360.4148,269.3198,177.9376,264.4153,402.4694,562.8258,52.5554,539.8136,182.5431,350.6698,1.921,0,0,0,0
19,3,0,0,1,1,1,0.9888,0.9831,0.9218,0.8663,1158.5662,341.974,969.0889,352.7012,1110.1946,436.6328,1044.726,432.274,189.7807,65.6136,0.3457,1,1,20,1
19,3,0,1,1,1,1,0.9906,0.9922,0.9042,0.9185,710.4052,354.3204,595.9054,356.0406,747.0227,530.2252,574.1603,542.4463,114.5127,173.2939,1.5133,0,0,0,0
20,3,0,2,1,1,1,0.9856,0.9946,0.812,0.9112,360.9007,269.8794,178.037,265.4702,404.1535,563.1454,58.1007,546.1618,182.9169,346.4694,1.8941,0,0,0,0
20,3,0,0,1,1,1,0.9886,0.9838,0.92,0.8716,1157.4827,341.7774,968.4233,352.4935,1110.0183,436.3934,1043.2369,432.0612,189.3628,66.9217,0.3534,1,1,21,1
20,3,0,1,1,1,1,0.9907,0.9925,0.9045,0.9208,710.9488,354.4658,596.2049,356.033,747.8583,530.2371,574.379,542.0646,114.7545,173.882,1.5153,0,0,0,0
21,3,0,2,1,1,1,0.9856,0.9946,0.8117,0.9113,360.8776,269.8453,178.0245,265.5422,404.2214,563.1357,58.0283,546.2094,182.9037,346.6066,1.895,0,0,0,0
21,3,0,0,1,1,1,0.9885,0.984,0.9195,0.8726,1157.3915,341.737,968.3915,352.4067,1109.8806,436.1909,1043.0544,432.337,189.3009,66.9372,0.3536,1,1,22,1
21,3,0,1,1,1,1,0.9907,0.9924,0.9041,0.9206,710.938,354.4072,596.161,355.9779,747.8742,530.2339,574.3185,542.0846,114.7877,173.9599,1.5155,0,0,0,0
22,3,0,2,1,1,1,0.9863,0.9944,0.8183,0.9072,361.3338,270.1233,178.1818,266.1737,404.7358,562.8816,65.8347,550.4951,183.1946,339.1274,1.8512,0,0,0,0
22,3,0,0,1,1,1,0.9887,0.9838,0.9195,0.8691,1156.5272,342.0489,967.5297,352.5522,1110.3125,435.2948,1046.7001,430.523,189.2892,63.7912,0.337,1,1,23,1
22,3,0,1,1,1,1,0.9907,0.9923,0.905,0.9201,711.7466,354.6688,597.968,356.0123,749.3983,529.2993,574.581,541.265,113.7866,175.2263,1.54,0,0,0,0
23,3,0,2,1,1,1,0.9863,0.9944,0.8184,0.9072,361.3236,270.0911,178.1794,266.1965,404.7186,562.8338,65.8193,550.3774,183.1856,339.1282,1.8513,0,0,0,0
23,3,0,0,1,1,1,0.9887,0.9839,0.9195,0.8692,1156.5258,342.0578,967.5214,352.5528,1110.2979,435.2998,1046.6787,430.5822,189.2956,63.7938,0.337,1,1,24,1
23,3,0,1,1,1,1,0.9907,0.9923,0.905,0.9201,711.7622,354.6825,597.9635,356.0415,749.4166,529.4126,574.6054,541.3003,113.8068,175.2149,1.5396,0,0,0,0
24,3,0,0,1,1,1,0.9888,0.9837,0.9215,0.8703,1156.0731,341.6968,967.1996,352.5797,1109.2996,436.6696,1045.0338,431.3352,189.1868,64.4868,0.3409,1,1,25,1
24,3,0,2,1,1,1,0.9931,0.9938,0.8506,0.874,360.2897,270.1531,179.3528,265.2529,402.8732,566.5174,89.5897,563.9032,181.0032,313.2945,1.7309,0,0,0,0
24,3,0,1,1,1,1,0.9908,0.9924,0.906,0.9206,712.1623,354.4307,598.6614,355.7245,750.294,528.984,573.729,541.1106,113.5082,176.9811,1.5592,0,0,0,0
25,3,0,0,1,1,1,0.989,0.9832,0.9228,0.8677,1155.3193,342.282,967.1523,352.9208,1108.1039,436.086,1046.2418,430.9646,188.4675,62.0737,0.3294,1,1,26,1
25,3,0,2,1,1,1,0.9934,0.993,0.8609,0.8625,361.8215,270.5828,179.0992,265.5726,401.9994,567.1856,103.7195,567.3498,182.791,298.2799,1.6318,0,0,0,0
25,3,0,1,1,1,1,0.991,0.9924,0.9077,0.9195,712.4386,354.771,599.2222,355.5542,750.1804,529.0374,573.7065,540.5118,113.2192,176.8466,1.562,0,0,0,0
26,3,0,0,1,1,1,0.989,0.9832,0.9229,0.8676,1155.3179,342.2804,967.1411,352.9087,1108.1038,436.1024,1046.2466,430.9527,188.4767,62.0712,0.3293,1,1,27,1
26,3,0,2,1,1,1,0.9934,0.993,0.8608,0.8626,361.82,270.5762,179.0982,265.5595,401.9941,567.1404,103.6716,567.3584,182.7906,298.3225,1.632,0,0,0,0
26,3,0,1,1,1,1,0.991,0.9924,0.9077,0.9195,712.4308,354.7683,599.2219,355.5498,750.1695,529.0124,573.7098,540.5072,113.2115,176.8336,1.562,0,0,0,0
27,3,0,0,1,1,1,0.9891,0.9828,0.9245,0.8666,1155.5063,342.1215,967.3949,352.7069,1109.0775,436.9611,1044.9086,431.6154,188.409,64.3912,0.3418,1,1,28,1
27,3,0,1,1,1,1,0.9912,0.9925,0.909,0.9206,712.8848,355.1516,599.6268,355.4034,750.4428,530.2545,572.7376,540.5152,113.2583,178.0012,1.5716,0,0,0,0
27,3,0,2,1,1,1,0.9916,0.9939,0.8576,0.8692,362.8684,269.5631,179.3066,265.4569,399.8713,566.8734,119.3053,566.326,183.6077,280.5665,1.5281,0,0,0,0
28,3,0,0,1,1,1,0.9891,0.9828,0.9246,0.8665,1155.4915,342.1266,967.3989,352.6988,1109.0693,436.9664,1044.9413,431.552,188.3894,64.3562,0.3416,1,1,29,1
28,3,0,1,1,1,1,0.9913,0.9925,0.909,0.9206,712.8819,355.1484,599.6288,355.397,750.4322,530.2561,572.7513,540.4884,113.2534,177.9752,1.5715,0,0,0,0
28,3,0,2,1,1,1,0.9916,0.9939,0.8577,0.8692,362.8665,269.5535,179.2904,265.4544,399.8575,566.8812,119.2941,566.3058,183.6218,280.564,1.5279,0,0,0,0
29,3,0,0,1,1,1,0.9891,0.983,0.9233,0.866,1155.2402,342.1388,966.9246,352.852,1107.3097,435.4919,1045.9427,431.0021,188.6201,61.531,0.3262,1,1,30,1
29,3,0,2,1,1,1,0.9916,0.9941,0.8575,0.8745,362.8716,268.9122,179.9049,265.2241,398.7051,564.8847,126.9707,566.813,183.0038,271.7412,1.4849,0,0,0,0
29,3,0,1,1,1,1,0.9909,0.9925,0.9063,0.9208,713.196,355.1332,600.0968,354.2344,750.0016,529.5823,572.643,539.431,113.1029,177.6319,1.5705,0,0,0,0
30,3,0,0,1,1,1,0.9891,0.983,0.9233,0.8661,1155.2272,342.1587,966.9406,352.8467,1107.3309,435.4584,1045.9219,430.9958,188.5897,61.571,0.3265,1,1,31,1
30,3,0,2,1,1,1,0.9916,0.9941,0.8577,0.8747,362.8478,268.8743,179.9173,265.1896,398.6562,564.6729,126.9503,566.643,182.9676,271.7131,1.485,0,0,0,0
30,3,0,1,1,1,1,0.9909,0.9925,0.9063,0.9208,713.1924,355.1326,600.1018,354.244,749.9814,529.587,572.6317,539.4888,113.0941,177.6259,1.5706,0,0,0,0
31,3,0,0,1,1,1,0.9891,0.9831,0.9234,0.8665,1155.1533,342.0953,967.1004,352.9726,1106.4308,436.0721,1045.3109,431.8835,188.3672,61.2632,0.3252,1,1,32,1
31,3,0,2,1,1,1,0.9875,0.9927,0.8443,0.8929,364.6527,269.9294,179.2216,264.9658,401.0131,563.6704,123.5618,561.9247,185.4975,277.4568,1.4957,0,0,0,0
31,3,0,1,1,1,1,0.9908,0.9926,0.9056,0.9217,712.771,354.8362,599.942,354.0086,749.7987,529.331,572.6628,539.0304,112.832,177.4013,1.5723,0,0,0,0
32,3,0,0,1,1,1,0.9887,0.9793,0.9179,0.8545,1152.8699,339.9917,971.5764,350.9446,1105.6411,438.8814,1049.6735,431.205,181.6241,56.4916,0.311,1,1,33,1
32,3,0,2,1,1,1,0.9909,0.9936,0.8544,0.8713,363.7937,269.3004,180.7045,265.1749,397.4205,567.6156,123.4126,561.6089,183.1357,274.0738,1.4966,0,0,0,0
32,3,0,1,1,1,1,0.9904,0.9925,0.9027,0.9215,713.3268,354.8577,600.7148,353.7848,749.3086,529.6649,573.1836,537.6238,112.6171,176.3047,1.5655,0,0,0,0
33,3,0,0,1,1,1,0.9887,0.9793,0.918,0.8545,1152.866,339.9784,971.602,350.9082,1105.594,438.863,1049.7417,431.271,181.5932,56.3659,0.3104,1,1,34,1
33,3,0,2,1,1,1,0.9909,0.9936,0.8545,0.8714,363.7402,269.2632,180.7482,265.1494,397.3476,567.5941,123.3718,561.5036,183.0382,274.0436,1.4972,0,0,0,0
33,3,0,1,1,1,1,0.9904,0.9925,0.9026,0.9214,713.3271,354.8566,600.7144,353.771,749.2762,529.6357,573.1744,537.6252,112.618,176.2829,1.5653,0,0,0,0
34,3,0,0,1,1,1,0.9891,0.9827,0.9244,0.866,1155.0818,341.8605,967.1592,352.7999,1109.1448,437.6792,1046.1682,430.596,188.2407,63.3736,0.3367,1,1,35,1
34,3,0,2,1,1,1,0.9907,0.9937,0.8534,0.8759,363.8387,269.3175,181.1884,265.2818,396.1595,565.8629,121.6707,555.4847,182.6949,274.6849,1.5035,0,0,0,0
34,3,0,1,1,1,1,0.9904,0.9928,0.9016,0.9233,714.0233,354.8469,601.362,353.8108,748.5345,530.3736,574.1637,538.5822,112.666,174.5639,1.5494,0,0,0,0
35,3,0,0,1,1,1,0.9891,0.9827,0.9244,0.8661,1155.0557,341.8574,967.1551,352.7974,1109.028,437.599,1046.169,430.6482,188.2188,63.2421,0.336,1,1,36,1
35,3,0,2,1,1,1,0.9907,0.9937,0.8534,0.876,363.8566,269.3263,181.1752,265.2902,396.1504,565.8308,121.6714,555.5021,182.726,274.6732,1.5032,0,0,0,0
35,3,0,1,1,1,1,0.9904,0.9928,0.9016,0.9234,714.05,354.837,601.358,353.8044,748.526,530.3469,574.1596,538.5724,112.6966,174.5603,1.5489,0,0,0,0
36,3,0,0,1,1,1,0.989,0.9827,0.9228,0.8646,1155.6459,341.8386,967.4855,352.8215,1107.7917,436.4633,1046.2267,430.449,188.4806,61.8581,0.3282,1,1,37,1
36,3,0,2,1,1,1,0.9875,0.9926,0.8452,0.8927,365.7966,269.8902,180.0514,265.9193,399.6226,563.6658,119.4708,554.464,185.7876,280.3029,1.5087,0,0,0,0
36,3,0,1,1,1,1,0.9906,0.9926,0.9044,0.9222,714.523,354.8746,601.7149,353.9748,748.2294,530.052,575.59,539.3748,112.8117,172.8909,1.5326,0,0,0,0
37,3,0,0,1,1,1,0.989,0.9827,0.9229,0.8646,1155.6423,341.8228,967.4903,352.8266,1107.7761,436.4762,1046.2173,430.4378,188.4735,61.8543,0.3282,1,1,38,1
37,3,0,2,1,1,1,0.9875,0.9927,0.8449,0.8928,365.8219,269.8819,180.0534,265.8904,399.5972,563.6852,119.5012,554.4748,185.8114,280.2474,1.5082,0,0,0,0
37,3,0,1,1,1,1,0.9906,0.9926,0.9044,0.9222,714.528,354.8692,601.7241,353.9812,748.2378,530.0506,575.5972,539.3727,112.8074,172.8922,1.5326,0,0,0,0
38,3,0,0,1,1,1,0.9895,0.9825,0.9255,0.8624,1156.25,341.8347,968.2095,352.3854,1107.4279,436.248,1043.2166,432.5298,188.3363,64.3189,0.3415,1,1,39,1
38,3,0,2,1,1,1,0.9903,0.9939,0.849,0.8785,364.8192,269.5938,181.1992,265.6839,397.721,564.7785,120.0681,558.8136,183.6615,277.7169,1.5121,0,0,0,0
38,3,0,1,1,1,1,0.9908,0.9926,0.9056,0.9217,714.4906,354.5946,601.6175,353.8235,747.5263,530.1008,576.0685,539.1796,112.8758,171.698,1.5211,0,0,0,0
39,3,0,0,1,1,1,0.9895,0.9824,0.9267,0.8626,1156.2584,341.6627,968.4539,352.2131,1106.7444,436.9558,1040.7958,433.0511,188.1006,66.0641,0.3512,1,1,40,1
39,3,0,2,1,1,1,0.9859,0.9934,0.8306,0.904,365.6216,269.6741,179.3491,265.4196,403.0624,561.5072,120.0739,557.2119,186.3211,283.0212,1.519,0,0,0,0
39,3,0,1,1,1,1,0.9907,0.9925,0.9064,0.9212,715.0534,354.7971,602.1108,354.0103,747.1954,528.7697,576.908,539.5971,112.9452,170.6313,1.5107,0,0,0,0
40,3,0,0,1,1,1,0.9895,0.9823,0.9268,0.8626,1156.2595,341.6524,968.4468,352.2092,1106.7527,436.9925,1040.7687,433.0406,188.1091,66.1022,0.3514,1,1,41,1
40,3,0,2,1,1,1,0.9859,0.9934,0.8305,0.904,365.6182,269.6628,179.3375,265.4172,403.0502,561.4978,120.047,557.1979,186.329,283.0358,1.519,0,0,0,0
40,3,0,1,1,1,1,0.9907,0.9925,0.9065,0.9213,715.0532,354.7948,602.1164,354.0128,747.2041,528.747,576.9212,539.6082,112.9394,170.6289,1.5108,0,0,0,0
41,3,0,0,1,1,1,0.9896,0.9821,0.9277,0.861,1156.3254,342.1267,968.9472,352.511,1106.4795,438.3436,1039.8486,434.6094,187.6658,66.7354,0.3556,1,1,42,1
41,3,0,2,1,1,1,0.9849,0.994,0.8184,0.9118,363.7721,269.6336,176.9299,264.1468,403.0281,560.4478,121.3722,559.7558,186.9227,281.6568,1.5068,0,0,0,0
41,3,0,1,1,1,1,0.9908,0.9923,0.9071,0.9195,715.4842,354.8406,602.6309,354.2782,747.5556,527.639,577.8175,539.6695,112.8547,170.164,1.5078,0,0,0,0
42,3,0,0,1,1,1,0.9897,0.9821,0.9277,0.861,1156.3275,342.094,968.9548,352.4856,1106.4368,438.2738,1039.917,434.605,187.6607,66.6209,0.355,1,1,43,1
42,3,0,2,1,1,1,0.9849,0.994,0.8186,0.9117,363.7826,269.6223,176.9551,264.1262,403.0329,560.4246,121.349,559.7459,186.9083,281.6847,1.5071,0,0,0,0
42,3,0,1,1,1,1,0.9908,0.9923,0.9071,0.9196,715.476,354.8394,602.6304,354.2772,747.5528,527.633,577.818,539.6719,112.847,170.1611,1.5079,0,0,0,0
43,3,0,0,1,1,1,0.9895,0.9819,0.9273,0.8608,1156.5419,341.9486,968.9572,352.5941,1104.9913,438.239,1038.7582,434.3946,187.8865,66.3446,0.3531,1,1,44,1
43,3,0,2,1,1,1,0.9823,0.9945,0.7987,0.923,358.8328,269.427,171.3772,261.9738,404.9732,560.1734,121.7963,564.5175,187.6036,283.2102,1.5096,0,0,0,0
43,3,0,1,1,1,1,0.9911,0.9922,0.91,0.9186,715.6104,354.7794,602.6491,354.444,747.8277,527.8567,577.7824,540.1009,112.9618,170.4856,1.5092,0,0,0,0
44,3,0,0,1,1,1,0.9895,0.9819,0.9273,0.8608,1156.5508,341.9535,968.9481,352.5994,1104.8987,438.166,1038.8317,434.3128,187.9045,66.1793,0.3522,1,1,45,1
44,3,0,2,1,1,1,0.9823,0.9945,0.7987,0.9229,358.8434,269.4004,171.3789,261.9667,404.9211,560.1572,121.7771,564.4892,187.6119,283.1771,1.5094,0,0,0,0
44,3,0,1,1,1,1,0.9911,0.9922,0.9099,0.9186,715.6004,354.7837,602.6237,354.4654,747.801,527.8589,577.7956,540.1079,112.9772,170.4462,1.5087,0,0,0,0
45,3,0,0,1,1,1,0.9898,0.9798,0.9318,0.852,1156.1439,342.5547,969.2882,353.1144,1104.5725,438.5949,1035.5071,435.3022,187.1539,69.1439,0.3694,1,1,46,1
45,3,0,2,1,1,1,0.9843,0.9956,0.7885,0.9196,355.4143,267.1545,173.1611,260.6868,404.9187,557.2547,120.0056,565.3083,182.368,285.0269,1.5629,0,0,0,0
45,3,0,1,1,1,1,0.9906,0.9922,0.9057,0.919,715.8446,354.9828,602.8386,354.649,747.3261,527.5017,578.0772,540.4174,113.0066,169.741,1.502,0,0,0,0
46,3,0,0,1,1,1,0.9898,0.9798,0.9318,0.8521,1156.1411,342.5765,969.2844,353.1281,1104.6019,438.62,1035.48,435.3246,187.1544,69.2005,0.3698,1,1,47,1
46,3,0,2,1,1,1,0.9843,0.9956,0.7886,0.9196,355.4106,267.16,173.1426,260.6996,404.9122,557.2523,120.012,565.328,182.3825,285.0145,1.5627,0,0,0,0
46,3,0,1,1,1,1,0.9906,0.9922,0.9057,0.9191,715.8504,354.9744,602.8332,354.648,747.3303,527.4884,578.0819,540.4718,113.0176,169.7457,1.5019,0,0,0,0
47,3,0,0,1,1,1,0.9902,0.9773,0.9378,0.8435,1157.5986,342.0112,971.2254,352.8344,1103.8271,440.3518,1035.2667,435.8428,186.6872,68.7085,0.368,1,1,48,1
47,3,0,2,1,1,1,0.983,0.9955,0.7824,0.9221,349.985,269.666,168.3407,260.3783,404.5462,555.9472,116.6217,570.5932,181.8815,288.2967,1.5851,0,0,0,0
47,3,0,1,1,1,1,0.9907,0.9922,0.9076,0.9197,715.7204,354.9847,603.6112,354.8147,748.1288,527.4911,578.4986,540.156,112.1094,170.1023,1.5173,0,0,0,0
48,3,0,0,1,1,1,0.9902,0.9773,0.9377,0.8433,1157.6083,342.0163,971.2128,352.8302,1103.8071,440.3422,1035.3167,435.8114,186.7089,68.6402,0.3676,1,1,49,1
48,3,0,2,1,1,1,0.983,0.9955,0.7827,0.9223,350.0383,269.6804,168.3533,260.3976,404.4797,555.9518,116.6799,570.5276,181.9219,288.1687,1.584,0,0,0,0
48,3,0,1,1,1,1,0.9907,0.9922,0.9076,0.9196,715.6962,354.9596,603.5914,354.8282,748.1242,527.489,578.5076,540.2011,112.1049,170.0923,1.5173,0,0,0,0
49,3,0,2,1,1,1,0.9817,0.9954,0.7782,0.9258,347.9898,268.6328,165.7415,259.925,401.9894,553.6795,111.5368,567.2656,182.4562,290.7702,1.5936,0,0,0,0
49,3,0,0,1,1,1,0.991,0.9696,0.9398,0.8139,1154.7517,341.1368,977.545,351.6244,1101.541,443.55,1033.9708,434.7834,177.5167,68.1365,0.3838,1,1,50,1
49,3,0,1,1,1,1,0.9909,0.9923,0.909,0.9196,716.1896,354.959,603.5013,354.5468,748.4816,528.3966,578.2402,540.9059,112.689,170.7004,1.5148,0,0,0,0
50,3,0,2,1,1,1,0.9817,0.9954,0.7782,0.9258,347.983,268.6142,165.743,259.8982,401.9764,553.659,111.551,567.2812,182.4484,290.7447,1.5936,0,0,0,0
50,3,0,0,1,1,1,0.991,0.9696,0.9399,0.8138,1154.7551,341.1308,977.5576,351.6196,1101.522,443.534,1033.9543,434.7741,177.5077,68.1331,0.3838,1,1,51,1
50,3,0,1,1,1,1,0.9909,0.9922,0.9091,0.9195,716.183,354.9571,603.4992,354.5482,748.5006,528.384,578.2461,540.8886,112.6845,170.7132,1.515,0,0,0,0
51,3,0,2,1,1,1,0.9809,0.9956,0.7717,0.9279,344.5007,268.4026,163.8135,259.0393,399.2233,551.6036,108.3309,571.1476,180.9297,291.5483,1.6114,0,0,0,0
51,3,0,0,1,1,1,0.9906,0.9749,0.942,0.8347,1157.5157,341.1445,971.7722,352.5283,1103.0566,442.6446,1032.0598,436.4413,186.092,71.2673,0.383,1,1,52,1
51,3,0,1,1,1,1,0.9906,0.9924,0.9065,0.9209,715.9453,354.6706,603.762,354.3859,749.6304,528.0844,578.4178,540.2646,112.1837,171.6453,1.53,0,0,0,0
52,3,0,2,1,1,1,0.9792,0.9952,0.7697,0.9277,342.5374,267.2181,161.348,259.603,393.924,549.706,104.9308,571.5651,181.3494,289.8187,1.5981,0,0,0,0
52,3,0,0,1,1,1,0.9918,0.9668,0.9455,0.8036,1154.4,340.4844,977.5525,350.8214,1097.8401,442.9842,1035.7803,432.7198,177.1494,62.9029,0.3551,1,1,53,1
52,3,0,1,1,1,1,0.9911,0.9922,0.9103,0.9184,715.9696,355.0002,603.8846,354.6051,750.7974,527.7608,578.0578,540.3946,112.0857,173.201,1.5453,0,0,0,0
53,3,0,2,1,1,1,0.9792,0.9952,0.7695,0.9278,342.5334,267.2144,161.3534,259.6019,393.9055,549.692,104.951,571.5562,181.3398,289.7806,1.598,0,0,0,0
53,3,0,0,1,1,1,0.9918,0.9668,0.9455,0.8036,1154.3823,340.4971,977.5842,350.7783,1097.9043,443.0475,1035.7623,432.7557,177.0968,62.9885,0.3557,1,1,54,1
53,3,0,1,1,1,1,0.9911,0.9922,0.9103,0.9184,715.9767,354.9954,603.8934,354.5965,750.8,527.7652,578.0668,540.3888,112.084,173.1938,1.5452,0,0,0,0
54,3,0,2,1,1,1,0.9795,0.9954,0.7628,0.9266,341.1267,267.783,162.1317,260.0618,390.9978,551.068,105.7378,573.0574,179.1614,286.1063,1.5969,0,0,0,0
54,3,0,0,1,1,1,0.9919,0.9659,0.9457,0.7998,1153.3994,340.706,977.3621,350.537,1096.0513,444.0094,1032.9448,432.7889,176.3117,64.0962,0.3635,1,1,55,1
54,3,0,1,1,1,1,0.9908,0.9921,0.9077,0.9177,715.859,354.8072,603.8178,354.1288,751.984,528.3582,577.932,540.0674,112.0432,174.4455,1.5569,0,0,0,0
55,3,0,2,1,1,1,0.9795,0.9954,0.7629,0.9264,341.1307,267.8186,162.1346,260.081,390.9842,551.1856,105.8155,573.2169,179.1632,286.0185,1.5964,0,0,0,0
55,3,0,0,1,1,1,0.9919,0.9659,0.9457,0.7999,1153.3958,340.7012,977.378,350.5267,1096.0435,443.9924,1033.1078,432.7132,176.2918,63.9384,0.3627,1,1,56,1
55,3,0,1,1,1,1,0.9908,0.9921,0.9077,0.9178,715.8616,354.8129,603.8158,354.1224,751.9848,528.3692,577.9293,540.0626,112.048,174.4479,1.5569,0,0,0,0
56,3,0,2,1,1,1,0.9749,0.9944,0.7725,0.9361,338.9477,270.8862,156.8904,260.3606,388.5268,550.8072,111.5536,566.0688,182.3613,277.3934,1.5211,0,0,0,0
56,3,0,0,1,1,1,0.9905,0.9738,0.9432,0.8353,1156.3685,340.9687,971.8503,351.1847,1096.2467,441.7114,1029.8276,434.9139,184.8008,66.766,0.3613,1,1,57,1
56,3,0,1,1,1,1,0.9909,0.9922,0.9083,0.9185,715.5088,354.5826,603.4676,354.279,753.5678,528.1184,577.3612,539.9548,112.0415,176.6038,1.5762,0,0,0,0
57,3,0,2,1,1,1,0.9749,0.9944,0.7725,0.9361,338.9541,270.889,156.8905,260.3655,388.5308,550.8072,111.5384,566.0685,182.3675,277.4125,1.5212,0,0,0,0
57,3,0,0,1,1,1,0.9905,0.9738,0.9432,0.8353,1156.367,340.9517,971.8339,351.1784,1096.2524,441.7157,1029.8494,434.9013,184.8162,66.7518,0.3612,1,1,58,1
57,3,0,1,1,1,1,0.9909,0.9922,0.9083,0.9185,715.5093,354.5856,603.4694,354.285,753.5626,528.1215,577.3662,539.9458,112.0403,176.5927,1.5762,0,0,0,0
58,3,0,2,1,1,1,0.9742,0.9943,0.7697,0.9361,338.8836,270.9581,156.0901,260.8014,384.1648,552.5876,115.3915,566.9638,183.0754,269.1575,1.4702,0,0,0,0
58,3,0,0,1,1,1,0.9908,0.9739,0.9441,0.8341,1155.9127,341.0888,971.512,351.2143,1096.3273,442.1764,1027.6504,435.0924,184.6785,69.0413,0.3738,1,1,59,1
58,3,0,1,1,1,1,0.991,0.992,0.9095,0.9166,715.648,354.7534,603.3764,354.5024,754.0979,528.3482,577.5263,540.1206,112.2718,176.9636,1.5762,0,0,0,0
59,3,0,2,1,1,1,0.9742,0.9943,0.7698,0.9361,338.9104,270.9478,156.0966,260.7824,384.1453,552.6079,115.4133,566.9939,183.0962,269.1168,1.4698,0,0,0,0
59,3,0,0,1,1,1,0.9908,0.9739,0.9441,0.8343,1155.9156,341.112,971.5162,351.2348,1096.3737,442.1685,1027.6729,435.0818,184.6771,69.0653,0.374,1,1,60,1
59,3,0,1,1,1,1,0.991,0.9921,0.9095,0.9167,715.6378,354.756,603.391,354.4987,754.132,528.2475,577.5208,540.1136,112.2471,177.0093,1.577,0,0,0,0
60,3,0,2,1,1,1,0.9738,0.9942,0.7678,0.9359,339.0145,271.3505,155.7378,260.6818,381.9808,553.2267,120.395,567.4397,183.5869,261.9716,1.427,0,0,0,0
60,3,0,0,1,1,1,0.9906,0.9737,0.944,0.8356,1156.8357,340.7933,971.7912,351.5456,1094.9318,442.3025,1028.0647,433.8628,185.3566,67.3976,0.3636,1,1,61,1
60,3,0,1,1,1,1,0.9909,0.9922,0.9086,0.9181,715.6863,354.7646,603.1836,354.8053,753.8196,528.1752,577.3664,540.4344,112.5027,176.8785,1.5722,0,0,0,0
61,3,0,2,1,1,1,0.974,0.9943,0.7658,0.936,338.8264,270.9829,156.5254,259.8253,381.3797,551.3037,121.6522,568.6288,182.6422,260.3048,1.4252,0,0,0,0
61,3,0,0,1,1,1,0.9902,0.9741,0.9426,0.8394,1156.8915,341.1055,972.454,352.6213,1094.3489,442.0498,1028.6516,433.8646,184.7967,66.2052,0.3583,1,1,62,1
61,3,0,1,1,1,1,0.9908,0.9923,0.9078,0.9191,715.6487,354.6438,603.3318,354.5652,753.7666,527.6846,577.1502,540.127,112.3169,177.0542,1.5764,0,0,0,0
62,3,0,2,1,1,1,0.974,0.9943,0.7659,0.9361,338.8205,271.0253,156.4817,259.8314,381.3925,551.3398,121.682,568.6502,182.6821,260.2868,1.4248,0,0,0,0
62,3,0,0,1,1,1,0.9902,0.9742,0.9426,0.8394,1156.8025,341.1436,972.3514,352.6566,1094.4012,442.081,1028.7218,433.9346,184.81,66.1827,0.3581,1,1,63,1
62,3,0,1,1,1,1,0.9908,0.9923,0.9079,0.919,715.6362,354.655,603.3106,354.5724,753.7606,527.68,577.1432,540.1136,112.3256,177.0545,1.5763,0,0,0,0
63,3,0,0,1,1,1,0.9903,0.9764,0.9398,0.8413,1155.8785,341.6928,971.514,352.9262,1091.6476,440.6052,1028.2933,435.1772,184.7064,63.5864,0.3443,1,1,64,1
63,3,0,2,1,1,1,0.9739,0.9942,0.7673,0.9353,339.2071,271.1929,156.0561,260.2884,381.0853,552.3604,124.5468,568.5542,183.4753,257.0491,1.401,0,0,0,0
63,3,0,1,1,1,1,0.9907,0.9925,0.9063,0.9208,715.1662,354.707,602.9028,354.6642,753.9798,526.6841,577.3935,539.5124,112.2635,177.0516,1.5771,0,0,0,0
64,3,0,0,1,1,1,0.9903,0.9765,0.9397,0.8415,1155.8785,341.6849,971.4948,352.9288,1091.6528,440.6593,1028.3329,435.1085,184.7263,63.5628,0.3441,1,1,65,1
64,3,0,2,1,1,1,0.9739,0.9942,0.7673,0.9354,339.2431,271.2448,156.0376,260.2916,381.0501,552.3737,124.5393,568.5242,183.5326,257.0187,1.4004,0,0,0,0
64,3,0,1,1,1,1,0.9907,0.9925,0.9063,0.921,715.1688,354.6901,602.9632,354.5925,753.979,526.6936,577.3771,539.4717,112.2057,177.0636,1.578,0,0,0,0
65,3,0,2,1,1,1,0.9732,0.9943,0.7651,0.937,339.7434,270.2061,157.3238,259.4612,381.8775,550.6962,126.5524,568.2662,182.7357,255.929,1.4005,0,0,0,0
65,3,0,0,1,1,1,0.9902,0.9785,0.9376,0.8502,1154.8392,341.892,970.2181,352.6411,1092.5878,442.7262,1027.1912,436.939,184.9337,65.6522,0.355,1,1,66,1
65,3,0,1,1,1,1,0.9906,0.9924,0.9052,0.9204,714.5576,354.511,602.595,354.7735,753.123,525.6427,576.7256,539.3224,111.963,176.927,1.5802,0,0,0,0
66,3,0,2,1,1,1,0.9733,0.9943,0.7652,0.937,339.7712,270.1747,157.3218,259.4965,381.8716,550.7012,126.5783,568.3154,182.7617,255.9002,1.4002,0,0,0,0
66,3,0,0,1,1,1,0.9902,0.9786,0.9375,0.8505,1154.8425,341.8564,970.1882,352.6026,1092.6185,442.6958,1027.266,436.8961,184.9668,65.6094,0.3547,1,1,67,1
66,3,0,1,1,1,1,0.9905,0.9924,0.905,0.9204,714.5586,354.5094,602.5943,354.7594,753.143,525.6604,576.7268,539.328,111.9645,176.9448,1.5804,0,0,0,0
67,3,0,2,1,1,1,0.9726,0.9944,0.7609,0.9371,340.0228,269.5919,158.836,259.7533,384.7366,547.6697,126.9186,568.7439,181.4537,258.678,1.4256,0,0,0,0
67,3,0,0,1,1,1,0.9903,0.9794,0.9356,0.8493,1154.4426,342.0698,969.0549,352.6662,1093.7837,441.648,1029.044,436.5994,185.6903,64.9363,0.3497,1,1,68,1
67,3,0,1,1,1,1,0.9902,0.9926,0.9007,0.9217,714.5603,354.657,602.4898,354.5741,751.8924,526.9242,576.371,539.852,112.0706,175.9968,1.5704,0,0,0,0
68,3,0,2,1,1,1,0.9762,0.995,0.7521,0.9281,341.051,268.0027,164.2027,258.889,386.4002,552.5668,125.056,574.916,177.0829,262.2981,1.4812,0,0,0,0
68,3,0,0,1,1,1,0.9898,0.9796,0.9332,0.8525,1154.29,342.0985,968.6825,353.0859,1094.5742,442.1101,1030.8263,434.7407,185.9325,64.1725,0.3451,1,1,69,1
68,3,0,1,1,1,1,0.9907,0.9921,0.9054,0.9171,714.013,355.3807,602.3182,354.6895,751.1761,528.3952,576.5502,539.3034,111.6969,174.9663,1.5664,0,0,0,0
69,3,0,2,1,1,1,0.9762,0.995,0.7521,0.928,341.0535,267.9939,164.2057,258.8931,386.4077,552.5651,125.0358,574.9546,177.0818,262.3291,1.4814,0,0,0,0
69,3,0,0,1,1,1,0.9898,0.9796,0.9332,0.8524,1154.298,342.1072,968.6755,353.088,1094.5875,442.0951,1030.8279,434.7403,185.947,64.1824,0.3452,1,1,70,1
69,3,0,1,1,1,1,0.9907,0.9921,0.9054,0.9171,714.0172,355.3788,602.3079,354.6938,751.1836,528.4005,576.5552,539.3174,111.7113,174.9692,1.5663,0,0,0,0
70,3,0,0,1,1,1,0.9898,0.9801,0.9327,0.8544,1155.011,342.1273,968.5312,352.7304,1094.7942,436.4116,1034.9434,431.7494,186.7809,60.0321,0.3214,1,1,71,1
70,3,0,2,1,1,1,0.9767,0.9949,0.755,0.927,340.7107,267.3878,163.4296,258.0244,389.4785,550.4668,124.9424,571.463,177.5281,265.368,1.4948,0,0,0,0
70,3,0,1,1,1,1,0.9907,0.9924,0.9053,0.9194,714.0918,354.469,602.3728,354.186,751.838,527.3432,576.2722,539.0682,111.7194,175.957,1.575,0,0,0,0
71,3,0,0,1,1,1,0.9898,0.9801,0.9326,0.8544,1155.0302,342.1082,968.5181,352.726,1094.7404,436.3965,1035.015,431.6826,186.8141,59.9111,0.3207,1,1,72,1
71,3,0,2,1,1,1,0.9767,0.9949,0.7547,0.927,340.7268,267.3801,163.4391,258.0055,389.483,550.473,125.004,571.5174,177.5353,265.315,1.4944,0,0,0,0
71,3,0,1,1,1,1,0.9906,0.9923,0.9053,0.9193,714.102,354.475,602.3848,354.1774,751.8542,527.4016,576.3248,538.9912,111.7176,175.9116,1.5746,0,0,0,0
72,3,0,2,1,1,1,0.9769,0.9951,0.758,0.9299,340.0934,266.7194,164.0403,257.494,391.8434,547.1656,124.9364,572.2213,176.2947,268.0806,1.5206,0,0,0,0
72,3,0,0,1,1,1,0.9886,0.9814,0.9238,0.8607,1156.126,342.4166,967.2934,353.0312,1092.2356,425.5664,1043.2955,414.9236,189.1307,50.0839,0.2648,1,1,73,1
72,3,0,1,1,1,1,0.9906,0.9925,0.9045,0.9203,713.5307,354.4144,601.2112,354.139,751.1101,528.8164,576.1748,539.558,112.3198,175.2648,1.5604,0,0,0,0
73,3,0,2,1,1,1,0.9768,0.9951,0.758,0.9299,340.1019,266.7068,164.07,257.5002,391.8406,547.1668,124.9046,572.1936,176.2725,268.1066,1.521,0,0,0,0
73,3,0,0,1,1,1,0.9886,0.9814,0.9238,0.8607,1156.1498,342.4226,967.3239,353.0081,1092.2289,425.5834,1043.3081,414.8859,189.1223,50.0767,0.2648,1,1,74,1
73,3,0,1,1,1,1,0.9906,0.9925,0.9044,0.9204,713.544,354.4089,601.2026,354.142,751.083,528.7763,576.1632,539.5733,112.3417,175.2526,1.56,0,0,0,0
74,3,0,2,1,1,1,0.9767,0.9952,0.7516,0.9294,340.9173,266.0852,163.5074,257.9313,394.4936,548.0148,124.2292,571.7728,177.5972,271.3067,1.5277,0,0,0,0
74,3,0,0,1,1,1,0.9889,0.9797,0.9346,0.8648,1151.2617,335.5217,971.0805,351.0826,1075.7235,386.0056,1031.6807,378.7022,180.8519,44.6443,0.2469,1,1,75,1
74,3,0,1,1,1,1,0.9906,0.9925,0.9052,0.9213,712.816,354.7739,601.0648,354.2081,750.4997,527.9154,576.1122,539.266,111.7526,174.7565,1.5638,0,0,0,0
75,3,0,2,1,1,1,0.9763,0.9952,0.7497,0.9311,341.1988,266.3937,162.8061,258.2184,397.8562,549.6811,122.9221,571.9571,178.5799,275.835,1.5446,0,0,0,0
75,3,0,0,1,1,1,0.9871,0.9778,0.926,0.859,1150.7854,333.4157,977.2241,348.0092,1112.2793,341.3795,1022.3922,328.7996,174.1737,90.7632,0.5211,1,0,0,0
75,3,0,1,1,1,1,0.9908,0.992,0.9078,0.917,712.8894,354.1726,601.1693,354.324,751.2726,526.9542,574.9504,539.2119,111.7202,176.7478,1.5821,0,0,0,0
76,3,0,2,1,1,1,0.9762,0.9952,0.7497,0.931,341.2131,266.4362,162.7943,258.2768,397.7694,549.822,122.9346,572.0546,178.6053,275.7326,1.5438,0,0,0,0
76,3,0,0,1,1,1,0.9887,0.98,0.9322,0.8682,1151.9131,330.5889,976.5648,345.7889,1114.5383,341.9229,1020.5922,329.0422,176.0059,94.8251,0.5388,1,0,0,0
76,3,0,1,1,1,1,0.9908,0.992,0.9076,0.9168,712.8694,354.1856,601.1761,354.3604,751.2884,526.9802,574.9582,539.2448,111.6935,176.7562,1.5825,0,0,0,0
77,3,0,2,1,1,1,0.9758,0.9952,0.7499,0.932,341.5159,266.0422,161.8953,258.944,400.0502,548.813,120.3364,573.1832,179.7608,280.7735,1.5619,0,0,0,0
77,3,0,0,1,1,1,0.9887,0.9753,0.9508,0.8828,1144.4023,316.6503,993.873,334.1745,1120.6205,295.1868,1036.2079,297.6237,151.546,84.4478,0.5572,1,0,0,0
77,3,0,1,1,1,1,0.9911,0.9918,0.911,0.9158,712.7094,353.8866,601.1233,354.2587,750.7912,527.4151,574.214,539.1671,111.5868,176.9678,1.5859,0,0,0,0
78,3,0,2,1,1,1,0.9758,0.9952,0.7497,0.9319,341.5296,266.0939,161.885,258.9408,400.0766,548.8894,120.3352,573.2628,179.7869,280.8011,1.5619,0,0,0,0
78,3,0,0,1,1,1,0.9887,0.9754,0.9507,0.8828,1144.447,316.6847,993.8206,334.1838,1120.7981,295.2848,1036.2179,297.6375,151.6395,84.6129,0.558,1,0,0,0
78,3,0,1,1,1,1,0.991,0.9918,0.9108,0.9156,712.706,353.8879,601.0991,354.2646,750.792,527.4042,574.2151,539.1601,111.6075,176.9677,1.5856,0,0,0,0
79,3,0,2,1,1,1,0.9761,0.9952,0.7549,0.9335,341.2782,266.1504,160.6979,259.2615,402.2252,545.9488,118.2898,569.977,180.7116,284.9503,1.5768,0,0,0,0
79,3,0,1,1,1,1,0.9911,0.9917,0.911,0.9149,712.7942,354.6846,600.8149,354.7616,750.5492,527.5924,574.0692,539.1114,111.9793,176.8554,1.5794,0,0,0,0
79,3,0,0,1,1,1,0.9878,0.9754,0.9571,0.9097,1137.8223,304.0054,997.3093,315.8428,1123.3165,239.1952,1033.4575,250.451,141.0107,90.5612,0.6422,1,0,0,0
80,3,0,2,1,1,1,0.9762,0.9952,0.7548,0.9334,341.2978,266.1771,160.6656,259.2928,402.2435,545.9832,118.2832,570.037,180.7634,284.9773,1.5765,0,0,0,0
80,3,0,1,1,1,1,0.9911,0.9917,0.9109,0.9148,712.8102,354.7031,600.7911,354.8208,750.5462,527.5978,574.0724,539.1478,112.0192,176.8514,1.5788,0,0,0,0
80,3,0,0,1,1,1,0.9878,0.9754,0.9571,0.9097,1137.8531,304.0032,997.3155,315.8484,1123.355,239.182,1033.4998,250.414,141.036,90.5545,0.6421,1,0,0,0
81,3,0,2,1,1,1,0.9757,0.9951,0.7607,0.9339,341.8163,264.7984,160.425,259.5558,405.472,537.0671,115.2754,568.0732,181.4671,291.8484,1.6083,0,0,0,0
81,3,0,0,1,1,1,0.9752,0.9723,0.9397,0.9271,1134.1592,314.7224,985.3852,332.4095,1119.8102,198.4356,1070.4314,177.1243,149.8217,53.7814,0.359,1,1,1,0
81,3,0,1,1,1,1,0.9911,0.9914,0.9111,0.9116,712.7013,354.2976,600.7978,354.6377,750.6876,527.2492,574.1536,539.3344,111.9041,176.9471,1.5812,0,0,0,0
82,3,0,2,1,1,1,0.9757,0.9951,0.7606,0.934,341.802,264.7781,160.4381,259.5307,405.356,536.9104,115.2846,568.0636,181.4398,291.7395,1.6079,0,0,0,0
82,3,0,0,1,1,1,0.9752,0.9723,0.9398,0.927,1134.2167,314.6692,985.4399,332.372,1119.8268,198.4383,1070.4653,177.0421,149.8262,53.7992,0.3591,1,1,2,0
82,3,0,1,1,1,1,0.9911,0.9914,0.9111,0.9116,712.7034,354.278,600.8106,354.6248,750.6859,527.2456,574.1482,539.3433,111.8934,176.9517,1.5814,0,0,0,0
83,3,0,0,1,1,1,0.9606,0.9753,0.9179,0.9462,1130.7562,314.5145,979.886,334.7143,1118.9645,188.0105,1072.3922,166.3319,152.2164,51.3706,0.3375,1,1,3,0
83,3,0,2,1,1,1,0.9764,0.9952,0.7695,0.9353,342.1708,263.8938,159.2652,260.4131,416.3922,530.6212,109.3217,568.3064,182.9387,309.3743,1.6911,0,0,0,0
83,3,0,1,1,1,1,0.9911,0.9915,0.9106,0.9119,712.7284,354.428,600.4256,354.9663,750.613,527.1812,573.8936,539.3124,112.3041,177.1354,1.5773,0,0,0,0
84,3,0,0,1,1,1,0.9606,0.9754,0.9179,0.9462,1130.7205,314.413,979.8857,334.5995,1118.9982,188.0697,1072.4021,166.2748,152.1795,51.4413,0.338,1,1,4,0
84,3,0,2,1,1,1,0.9764,0.9952,0.7695,0.9353,342.1828,263.9003,159.2864,260.4205,416.3637,530.6078,109.3481,568.2926,182.9295,309.3198,1.6909,0,0,0,0
84,3,0,1,1,1,1,0.9911,0.9915,0.9105,0.912,712.7044,354.3926,600.4112,354.9381,750.6104,527.1892,573.9121,539.2998,112.2947,177.1129,1.5772,0,0,0,0
85,3,0,0,1,1,1,0.9619,0.9748,0.9191,0.944,1132.7756,313.8604,980.2836,334.0687,1119.8585,183.1672,1075.5592,164.1287,153.8252,48.2172,0.3135,1,1,5,0
85,3,0,2,1,1,1,0.9756,0.9957,0.7554,0.9373,342.9489,263.3231,160.15,260.901,433.9074,522.3338,107.4384,570.0274,182.815,329.9344,1.8047,0,0,0,0
85,3,0,1,1,1,1,0.9912,0.9915,0.9115,0.912,712.9118,354.5982,600.5394,354.7188,750.3758,527.6514,573.3333,538.938,112.3725,177.4019,1.5787,0,0,0,0
86,3,0,0,1,1,1,0.967,0.9736,0.9276,0.9382,1134.1735,314.2807,982.8595,334.829,1121.6486,188.4163,1076.326,169.7711,152.7028,49.0079,0.3209,1,1,6,1
86,3,0,2,1,1,1,0.9748,0.9949,0.7862,0.943,348.489,263.495,160.2148,263.1114,471.7456,504.3832,101.7124,562.9859,188.2747,374.6449,1.9899,0,0,0,0
86,3,0,1,1,1,1,0.9913,0.9917,0.9137,0.9145,712.631,354.2664,600.8834,355.1253,750.9112,527.037,573.2168,538.625,111.7509,178.0718,1.5935,0,0,0,0
87,3,0,0,1,1,1,0.9672,0.9736,0.9279,0.9379,1134.2014,314.2875,982.9251,334.8201,1121.5922,188.4071,1076.3479,169.7081,152.6634,48.9561,0.3207,1,1,7,1
87,3,0,2,1,1,1,0.9748,0.9949,0.7862,0.943,348.5069,263.5188,160.2105,263.1022,471.7394,504.4727,101.7122,562.9619,188.2968,374.6213,1.9895,0,0,0,0
87,3,0,1,1,1,1,0.9913,0.9917,0.9137,0.9145,712.6425,354.2724,600.8687,355.1332,750.8996,527.0292,573.2292,538.6433,111.7771,178.0497,1.5929,0,0,0,0
88,3,0,0,1,1,1,0.9746,0.9703,0.9401,0.9238,1137.6777,316.3811,986.7034,335.3164,1121.154,188.9278,1076.1189,171.4841,152.1572,48.2954,0.3174,1,1,8,1
88,3,0,2,1,1,1,0.9727,0.9936,0.7906,0.9348,353.8976,264.7031,172.3064,263.9133,489.9134,456.8958,98.4489,554.5199,181.5929,403.4537,2.2217,0,0,0,0
88,3,0,1,1,1,1,0.9909,0.9922,0.9086,0.9186,712.7328,353.9752,600.6133,355.1585,750.0372,527.4283,570.7378,538.4181,112.1258,179.636,1.6021,0,0,0,0
89,3,0,0,1,1,1,0.9744,0.9703,0.9398,0.9242,1137.5685,316.4012,986.5922,335.389,1121.1642,188.9207,1076.1569,171.4396,152.1657,48.283,0.3173,1,1,9,1
89,3,0,2,1,1,1,0.9727,0.9936,0.7905,0.9349,353.8604,264.6941,172.3053,263.9228,489.7506,456.8359,98.4338,554.5064,181.5568,403.3217,2.2215,0,0,0,0
89,3,0,1,1,1,1,0.9909,0.9922,0.9087,0.9186,712.7132,354.0007,600.5976,355.1658,750.0396,527.4606,570.7192,538.4198,112.1217,179.6551,1.6023,0,0,0,0
90,3,0,0,1,1,1,0.9786,0.9697,0.9454,0.9161,1140.4637,315.7136,990.0476,334.2021,1119.7065,185.0856,1074.9211,171.2591,151.5481,46.8712,0.3093,1,1,10,1
90,3,0,1,1,1,1,0.9904,0.9926,0.9031,0.9218,713.2482,354.5023,600.1664,356.7954,750.6743,527.9526,567.592,537.261,113.105,183.3188,1.6208,0,0,0,0
90,3,0,2,1,1,1,0.967,0.9943,0.7689,0.9458,365.7627,269.2208,184.0576,265.3076,531.0536,442.1972,93.0675,544.858,181.7472,449.8568,2.4752,0,0,0,0
91,3,0,0,1,1,1,0.9787,0.9696,0.9454,0.9158,1140.5316,315.7866,990.0432,334.2645,1119.6904,185.0333,1074.9218,171.2434,151.6186,46.8444,0.309,1,1,11,1
91,3,0,1,1,1,1,0.9904,0.9926,0.9029,0.9217,713.2346,354.4734,600.1608,356.8125,750.6515,527.9258,567.56,537.4004,113.098,183.3365,1.621,0,0,0,0
91,3,0,2,1,1,1,0.9671,0.9943,0.769,0.9456,365.6419,269.1676,184.0391,265.2546,532.3315,442.268,93.2381,544.7212,181.6449,450.8876,2.4822,0,0,0,0
92,3,0,0,1,1,1,0.9775,0.9713,0.9437,0.9223,1140.5946,315.7049,989.431,335.3445,1119.5254,186.1735,1074.7139,172.4769,152.434,46.858,0.3074,1,1,12,1
92,3,0,1,1,1,1,0.9903,0.9923,0.905,0.9221,713.6988,354.1684,599.291,351.9868,752.3648,528.4868,574.7042,537.0538,114.4287,177.867,1.5544,0,0,0,0
92,3,0,2,1,1,1,0.9771,0.9947,0.8095,0.9511,376.6738,269.8736,193.2798,267.2364,586.6952,414.4971,90.3612,544.0724,183.413,512.9689,2.7968,0,0,0,0
93,3,0,0,1,1,1,0.9773,0.9713,0.9435,0.9225,1140.6193,315.698,989.4781,335.37,1119.5378,186.0299,1074.7284,172.3862,152.416,46.8406,0.3073,1,1,13,1
93,3,0,1,1,1,1,0.9903,0.9923,0.9052,0.922,713.6787,354.1568,599.2746,351.9419,752.3758,528.5124,574.694,537.0338,114.4256,177.886,1.5546,0,0,0,0
93,3,0,2,1,1,1,0.9771,0.9947,0.8096,0.9511,376.775,269.9281,193.2174,267.243,586.9712,414.9778,90.3386,544.0623,183.5772,513.1343,2.7952,0,0,0,0
94,3,0,0,1,1,1,0.9718,0.9717,0.9356,0.9298,1137.6401,317.105,986.8081,337.4181,1119.0344,184.8645,1074.0522,175.2546,152.1937,45.9972,0.3022,1,1,14,1
94,3,0,2,1,1,0,0.9705,0.9929,0.8012,0.941,395.9885,269.1456,224.6013,273.5817,631.9418,406.5045,88.2107,537.5672,171.4446,559.3039,3.2623,0,0,0,0
94,3,0,1,1,1,0,0.9896,0.9919,0.92,0.9342,711.5671,351.1468,603.6325,352.2931,752.8988,526.7178,569.0829,533.6936,107.9407,183.9482,1.7042,0,0,0,0
95,3,0,0,1,1,1,0.9719,0.9717,0.9357,0.9296,1137.6891,317.1271,986.8627,337.4063,1119.043,184.8449,1074.0647,175.2161,152.1836,45.9974,0.3022,1,1,15,1
95,3,0,2,1,1,0,0.9705,0.9929,0.8009,0.9411,395.9999,269.163,224.625,273.5213,631.8728,406.5742,88.3024,537.4804,171.4302,559.1112,3.2615,0,0,0,0
95,3,0,1,1,1,0,0.9896,0.9919,0.9201,0.9342,711.5696,351.1502,603.6252,352.3164,752.8834,526.7295,569.133,533.757,107.9506,183.8847,1.7034,0,0,0,0
96,3,0,0,1,1,1,0.977,0.9727,0.9412,0.9245,1137.3345,317.4214,987.7053,336.238,1119.6285,186.124,1072.453,176.3757,150.8076,48.1722,0.3194,1,1,16,1
96,3,0,2,1,1,0,0.9793,0.9943,0.8347,0.9529,424.0874,280.0033,245.9612,281.0383,668.9311,401.4529,115.157,527.575,178.1292,567.9547,3.1884,0,0,0,0
96,3,0,1,1,1,0,0.9918,0.9915,0.9149,0.9214,710.553,354.5302,603.7652,354.8357,751.721,527.9806,575.1136,539.7424,106.7883,176.9987,1.6575,0,0,0,0
97,3,0,0,1,1,1,0.9735,0.9739,0.935,0.9309,1136.1998,317.4961,985.5063,337.1613,1120.4019,187.296,1073.2607,176.561,151.9713,48.348,0.3181,1,1,17,1
97,3,0,1,1,1,0,0.9914,0.9917,0.9111,0.9232,709.9395,354.7311,603.9735,355.6958,751.6693,528.5851,575.5769,541.2978,105.9704,176.5507,1.666,0,0,0,0
97,3,0,2,1,1,0,0.9753,0.9937,0.8256,0.9485,456.1725,293.1575,275.3152,287.706,679.8974,403.7818,121.6279,536.1126,180.9395,573.7389,3.1709,0,0,0,0
98,3,0,0,1,1,1,0.9736,0.974,0.935,0.931,1136.097,317.4643,985.4068,337.1003,1120.4049,187.338,1073.2855,176.7512,151.9642,48.2941,0.3178,1,1,18,1
98,3,0,1,1,1,0,0.9914,0.9917,0.9111,0.9232,709.9326,354.7293,603.9611,355.6889,751.6616,528.5667,575.6326,541.2916,105.9758,176.4883,1.6654,0,0,0,0
98,3,0,2,1,1,0,0.9753,0.9937,0.8256,0.9486,456.2224,293.2214,275.3342,287.6611,680.2169,403.9768,121.6499,536.0066,180.9737,573.959,3.1715,0,0,0,0
99,3,0,0,1,1,1,0.9792,0.9735,0.9429,0.9214,1138.5432,314.6664,989.5801,334.4228,1120.5911,189.0799,1072.1195,178.4581,150.2675,49.6217,0.3302,1,1,19,1
99,3,0,1,1,1,0,0.9918,0.9904,0.9151,0.9132,711.0094,354.6918,603.0511,354.8026,751.9946,529.1228,579.0731,538.7689,107.9584,173.1903,1.6042,0,0,0,0
99,3,0,2,1,1,0,0.9704,0.988,0.8229,0.9161,482.9598,299.9859,311.4374,301.7379,668.383,429.156,246.2442,605.3802,171.5314,457.4451,2.6668,0,0,0,0
100,3,0,0,1,1,1,0.9791,0.9734,0.9429,0.9215,1138.5098,314.7333,989.5804,334.4998,1120.5646,189.0576,1072.0728,178.4533,150.2354,49.6378,0.3304,1,1,20,1
100,3,0,1,1,1,0,0.9918,0.9904,0.9152,0.9133,710.9851,354.6838,603.0448,354.8083,752.0084,529.0632,579.091,538.7772,107.9404,173.1901,1.6045,0,0,0,0
100,3,0,2,1,1,0,0.9703,0.988,0.8226,0.9161,482.973,300.0057,311.4286,301.7664,668.3922,429.187,246.2914,605.328,171.5534,457.3782,2.6661,0,0,0,0
101,3,0,0,1,1,1,0.9797,0.9751,0.9418,0.9234,1138.4739,314.5405,988.5989,333.6768,1122.6261,186.8912,1075.032,174.0146,151.0917,49.3053,0.3263,1,1,21,1
101,3,0,1,1,1,0,0.9898,0.9907,0.9242,0.9265,712.37,351.2225,600.0501,352.9664,754.9132,528.2091,571.1592,537.516,112.3334,183.9896,1.6379,0,0,0,0
101,3,0,2,1,1,0,0.9743,0.9896,0.7984,0.8984,497.3894,303.4204,351.8093,316.2375,640.663,458.5992,323.149,619.4749,146.1433,355.944,2.4356,0,0,0,0
102,3,0,0,1,1,1,0.9794,0.9751,0.9414,0.9239,1138.3882,314.5403,988.493,333.724,1122.6622,186.8527,1075.0684,174.0436,151.1177,49.2874,0.3262,1,1,22,1
102,3,0,1,1,1,0,0.9898,0.9908,0.924,0.9266,712.367,351.2057,600.0683,352.958,754.9199,528.2036,571.08,537.4541,112.3124,184.0725,1.6389,0,0,0,0
102,3,0,2,1,1,0,0.9743,0.9896,0.7982,0.8981,497.4632,303.4006,351.8051,316.2632,640.4317,459.1594,323.0067,619.7592,146.2248,355.7399,2.4328,0,0,0,0
103,3,0,0,1,1,1,0.9809,0.9766,0.9287,0.9307,1129.6943,322.883,983.0946,334.5686,1117.2572,205.2623,1075.8573,179.2324,147.0647,48.9031,0.3325,1,1,23,1
103,3,0,1,1,1,1,0.992,0.9902,0.919,0.9,714.4905,355.7296,596.192,354.273,753.3796,529.7743,565.3128,537.2088,118.3075,188.2137,1.5909,0,0,0,0
103,3,0,2,1,1,1,0.9589,0.9848,0.6575,0.8055,510.5964,321.339,372.2891,319.6365,557.6884,534.1248,396.828,629.1745,138.3178,186.8435,1.3508,0,0,0,0
104,3,0,0,1,1,1,0.9861,0.9734,0.9434,0.9152,1134.1564,321.9322,989.1984,330.7472,1112.7566,196.4047,1077.5833,189.5532,145.2258,35.8344,0.2467,1,1,24,1
104,3,0,1,1,1,0,0.9916,0.9905,0.9147,0.9009,715.5421,356.4801,600.568,357.3009,748.37,530.2005,567.807,543.6052,114.9771,181.0599,1.5747,0,0,0,0
104,3,0,2,1,1,0,0.8783,0.9808,0.6247,0.9217,490.5932,319.082,430.8464,313.9213,564.3396,521.6936,568.3688,514.9316,59.9693,7.8714,0.1313,0,0,0,0
105,3,0,0,1,1,1,0.9861,0.9733,0.9434,0.9148,1134.217,321.8921,989.2155,330.7268,1112.6655,196.2576,1077.5668,189.3318,145.2705,35.7755,0.2463,1,1,25,1
105,3,0,1,1,1,0,0.9916,0.9905,0.9146,0.9008,715.5538,356.4631,600.5783,357.2912,748.3744,530.1924,567.7924,543.6002,114.9784,181.0792,1.5749,0,0,0,0
105,3,0,2,1,1,0,0.8784,0.9808,0.6251,0.9219,490.5875,319.1037,430.8208,313.9184,564.3546,521.8016,568.327,515.0422,59.9911,7.8402,0.1307,0,0,0,0
106,3,0,0,1,1,1,0.9846,0.9715,0.9475,0.9075,1139.9825,315.7538,992.25,330.887,1122.227,209.012,1085.6775,215.0377,148.5056,37.0429,0.2494,1,1,26,1
106,3,0,1,1,1,0,0.9909,0.9911,0.927,0.9227,714.5893,352.412,599.4604,354.2275,749.9548,531.0553,561.6296,539.1348,115.1432,188.4984,1.6371,0,0,0,0
106,3,0,2,1,1,0,0.8504,0.9758,0.4926,0.8716,491.4158,318.5934,465.8168,313.1958,561.145,521.5092,575.225,502.6161,26.1619,23.5626,0.9006,0,0,0,0
107,3,0,0,1,1,1,0.9846,0.9712,0.9479,0.9072,1139.7056,315.9572,992.1075,331.0219,1122.0844,209.0994,1085.3395,215.0876,148.3649,37.2296,0.2509,1,1,27,1
107,3,0,1,1,1,0,0.9909,0.9911,0.9269,0.9229,714.6218,352.3901,599.4902,354.2292,749.9421,531.0883,561.5644,539.2157,115.1463,188.553,1.6375,0,0,0,0
107,3,0,2,1,1,0,0.8508,0.9758,0.4948,0.8722,491.8842,318.6248,465.8521,313.2275,561.4052,521.7364,575.3893,503.115,26.5858,23.2875,0.8759,0,0,0,0
108,3,0,0,1,1,1,0.9901,0.9658,0.9541,0.8786,1146.9662,318.4286,999.8635,323.01,1147.8152,220.6515,1100.4486,245.8678,147.174,53.6606,0.3646,1,1,28,1
108,3,0,2,1,1,0,0.9767,0.9873,0.8167,0.8954,421.1715,301.203,513.1028,332.3192,410.9911,406.0056,769.2592,411.8022,97.0545,358.315,3.6919,1,0,0,0
108,3,0,1,1,1,0,0.9899,0.974,0.9357,0.8702,706.0146,353.065,590.13,347.4498,751.951,535.7877,690.5202,481.2524,116.0205,82.1453,0.708,0,0,0,0
109,3,0,0,1,1,1,0.9901,0.9658,0.9541,0.8784,1146.9583,318.4058,999.8709,322.9864,1147.7944,220.5548,1100.3899,245.9398,147.1586,53.7735,0.3654,1,1,29,1
109,3,0,2,1,1,0,0.9769,0.9873,0.8173,0.8952,421.072,301.1746,513.2486,332.3922,410.8048,405.6359,768.2178,412.564,97.3194,357.4802,3.6733,1,0,0,0
109,3,0,1,1,1,0,0.9899,0.9739,0.9355,0.8696,705.9775,353.051,590.1628,347.5248,752.0696,535.781,687.3306,483.7576,115.9464,83.0517,0.7163,0,0,0,0
110,3,0,0,1,1,1,0.9893,0.9754,0.9406,0.8716,1161.6853,322.0109,999.7617,331.2646,1178.5082,233.0614,1101.3173,280.1893,162.1878,90.4404,0.5576,1,0,0,0
110,3,0,2,1,1,0,0.9876,0.986,0.8653,0.8438,415.8409,292.7072,536.2881,330.961,452.3838,426.5436,789.5493,418.8266,126.376,337.2538,2.6687,0,0,0,0
110,3,0,1,1,1,0,0.9893,0.9674,0.9321,0.8437,699.671,351.3721,592.3826,348.927,752.8802,537.2268,704.08,484.9632,107.3162,71.5047,0.6663,0,0,0,0
111,3,0,0,1,1,1,0.9824,0.9772,0.9051,0.8789,1166.7203,325.593,1014.0717,331.8569,1244.4194,278.9362,1140.1774,300.8144,152.7771,106.5132,0.6972,0,0,0,0
111,3,0,2,1,1,0,0.9874,0.988,0.8451,0.8387,419.5213,284.6194,540.8045,322.8042,448.846,438.0883,751.8186,450.6796,127.1523,303.2341,2.3848,0,0,0,0
111,3,0,1,1,1,0,0.9911,0.9745,0.9375,0.8577,705.4105,350.6913,592.0443,348.0377,753.041,535.3161,657.1925,505.112,113.3973,100.4948,0.8862,0,0,0,0
112,3,0,0,1,1,1,0.9824,0.9772,0.9052,0.8789,1166.714,325.6041,1014.0616,331.8514,1244.4597,279.0228,1140.2087,300.8262,152.7801,106.5066,0.6971,0,0,0,0
112,3,0,2,1,1,0,0.9874,0.988,0.845,0.8382,419.4144,284.6608,540.8173,322.7938,448.8038,438.0744,750.789,451.0766,127.2509,302.265,2.3753,0,0,0,0
112,3,0,1,1,1,0,0.9911,0.9746,0.9374,0.8582,705.4172,350.678,591.9936,348.1172,753.1076,535.3564,654.6922,506.45,113.4526,102.5728,0.9041,0,0,0,0
113,3,0,0,1,0,1,0.9808,0.988,0.8799,0.9204,1185.6445,343.4475,1023.9214,339.6538,1266.1278,266.6592,1217.0991,267.1659,161.7676,49.0313,0.3031,0,0,0,0
113,3,0,2,1,1,0,0.9737,0.9923,0.6093,0.818,420.2007,293.3125,540.7988,325.2382,442.8417,435.1908,582.5829,530.2748,124.7524,169.0224,1.3549,0,0,0,0
113,3,0,1,1,1,0,0.994,0.9863,0.9358,0.8779,710.2691,353.2062,596.1313,353.9514,750.5005,526.8467,571.0329,538.4521,114.1402,179.8424,1.5756,0,0,0,0
114,3,0,0,1,0,1,0.9808,0.988,0.8797,0.9203,1185.6016,343.3888,1023.908,339.6528,1266.1051,266.9082,1216.7981,267.5168,161.7368,49.3108,0.3049,0,0,0,0
114,3,0,2,1,1,0,0.9738,0.9923,0.6093,0.8179,420.1662,293.3276,540.8152,325.2272,442.8526,435.2348,582.5896,530.2754,124.7949,168.9945,1.3542,0,0,0,0
114,3,0,1,1,1,0,0.9939,0.9862,0.9356,0.8778,710.278,353.2146,596.1237,353.9473,750.4602,526.9084,571.0599,538.4404,114.1566,179.7705,1.5748,0,0,0,0
115,3,0,0,1,0,1,0.9549,0.9848,0.7346,0.9158,1197.2157,348.47,1040.3517,342.2662,1277.244,324.6448,1240.6707,257.5822,156.9866,76.3873,0.4866,0,0,0,0
115,3,0,1,1,1,0,0.9936,0.9845,0.9327,0.8628,711.9911,353.1206,596.0963,354.6332,753.4806,506.532,586.7913,535.3943,115.9046,169.1695,1.4596,0,0,0,0
115,3,0,2,0,1,0,0.9257,0.992,0.397,0.8561,474.3586,288.7775,511.368,296.2391,567.8575,519.2157,578.2089,542.0844,37.7542,25.1023,0.6649,0,0,0,0
116,3,0,0,1,0,1,0.9549,0.9848,0.7345,0.9158,1197.23,348.4841,1040.3827,342.2722,1277.3469,325.2116,1240.8207,257.6296,156.9703,76.8212,0.4894,0,0,0,0
116,3,0,1,1,1,0,0.9936,0.9845,0.9328,0.8628,711.9901,353.1091,596.1035,354.6286,753.4815,506.5424,586.7186,535.3746,115.8966,169.237,1.4602,0,0,0,0
116,3,0,2,0,1,0,0.9258,0.9921,0.3968,0.856,474.3327,288.7999,511.413,296.264,567.8474,519.2704,578.2492,542.1256,37.824,25.1108,0.6639,0,0,0,0
117,3,0,0,1,0,1,0.936,0.9812,0.6514,0.889,1210.963,351.3995,1049.7556,342.5155,1280.0,354.8634,1254.666,245.6003,161.452,112.1617,0.6947,0,0,0,0
117,3,0,1,1,1,0,0.9925,0.9886,0.903,0.8689,714.3026,353.937,598.6242,353.5406,750.5399,525.6598,573.5322,540.4074,115.6791,177.621,1.5355,0,0,0,0
117,3,0,2,0,1,0,0.9319,0.9937,0.3894,0.8497,479.3324,290.5095,492.2174,301.3512,557.7988,542.5437,523.9381,616.3848,16.8394,81.2345,4.8241,0,0,0,0
118,3,0,0,1,0,1,0.936,0.9812,0.6515,0.889,1210.872,351.3502,1049.7767,342.4618,1280.0,354.8833,1254.6714,245.6423,161.3402,112.1389,0.695,0,0,0,0
118,3,0,1,1,1,0,0.9925,0.9886,0.903,0.8686,714.3102,353.9375,598.617,353.5417,750.5622,525.6716,573.4234,540.3672,115.6939,177.7474,1.5364,0,0,0,0
118,3,0,2,0,1,0,0.9318,0.9936,0.3894,0.8498,479.453,290.5196,492.178,301.3337,557.8006,542.338,524.0416,615.9922,16.6993,81.0223,4.8518,0,0,0,0
119,3,0,0,1,0,1,0.9252,0.9794,0.5918,0.8655,1216.2185,348.2489,1049.2225,338.0394,1280.0,376.5377,1263.8872,246.4639,167.3078,131.068,0.7834,0,0,0,0
119,3,0,1,1,1,0,0.9925,0.9907,0.9205,0.9142,712.7182,354.1272,603.0956,353.9065,752.1344,526.3194,572.8443,529.2448,109.6228,179.314,1.6357,0,0,0,0
119,3,0,2,0,1,0,0.8797,0.9884,0.3852,0.8571,510.3126,301.2628,451.701,298.3248,546.0486,542.9262,461.4351,603.193,58.6852,103.8822,1.7702,0,0,0,0
120,3,0,0,1,0,1,0.9251,0.9794,0.5914,0.8653,1216.2424,348.2474,1049.1832,338.048,1280.0,375.9968,1263.8849,246.4183,167.3703,130.5767,0.7802,0,0,0,0
120,3,0,1,1,1,0,0.9925,0.9907,0.9205,0.9142,712.715,354.1278,603.0937,353.9544,752.1439,526.2965,572.8794,529.2525,109.6215,179.2889,1.6355,0,0,0,0
120,3,0,2,0,1,0,0.8798,0.9884,0.3851,0.8571,510.3116,301.2658,451.7572,298.3585,546.0162,542.9536,461.401,603.2434,58.6264,103.8971,1.7722,0,0,0,0
121,3,0,0,1,0,1,0.9216,0.9789,0.5718,0.8562,1220.0176,347.68,1056.3206,337.7666,1280.0,396.9025,1267.0027,249.5943,163.9969,147.8804,0.9017,0,0,0,0
121,3,0,1,1,1,0,0.9939,0.9851,0.9334,0.8683,713.5194,356.4462,597.6032,355.2218,753.5661,528.7978,602.5704,536.1662,115.9227,151.1754,1.3041,0,0,0,0
121,3,0,2,1,1,0,0.9431,0.9946,0.7,0.9548,541.6314,302.6749,424.9964,284.7846,590.9042,530.0785,342.4682,579.0074,117.9992,253.2084,2.1458,0,0,0,0
122,3,0,0,1,0,1,0.9215,0.9789,0.5714,0.856,1220.0206,347.6776,1056.3043,337.7722,1280.0,396.7654,1267.0118,249.5986,164.0157,147.7388,0.9008,0,0,0,0
122,3,0,1,1,1,0,0.9939,0.9851,0.9334,0.8681,713.5045,356.4246,597.6342,355.2118,753.5573,528.7975,602.5208,536.1733,115.8766,151.2165,1.305,0,0,0,0
122,3,0,2,1,1,0,0.9431,0.9946,0.7,0.9548,541.6743,302.6806,424.8948,284.7737,590.7755,530.127,342.5458,578.9996,118.1445,252.9951,2.1414,0,0,0,0
123,3,0,0,1,0,1,0.9123,0.9767,0.5398,0.8454,1221.2979,348.4698,1055.3959,336.8782,1280.0,382.3363,1266.1327,250.4931,166.3064,132.5705,0.7971,0,0,0,0
123,3,0,1,1,1,0,0.9912,0.9892,0.9319,0.913,713.5816,353.9726,597.6646,354.8577,755.7567,531.7254,577.7384,544.1617,115.9203,178.4522,1.5394,0,0,0,0
123,3,0,2,1,1,0,0.9716,0.9862,0.7324,0.8353,534.5206,303.7082,375.5714,283.9097,607.821,533.2146,289.4148,574.4354,160.1774,321.0634,2.0044,0,0,0,0
124,3,0,0,1,0,1,0.9074,0.9759,0.5064,0.8312,1224.9104,347.6133,1057.5437,335.4944,1280.0,395.6257,1268.68,248.7418,167.8049,147.3195,0.8779,0,0,0,0
124,3,0,1,1,1,0,0.9902,0.9907,0.925,0.9259,712.4535,353.3962,599.5337,354.13,753.1032,533.4808,578.4943,540.5028,112.9222,174.75,1.5475,0,0,0,0
124,3,0,2,1,1,0,0.9669,0.9843,0.6958,0.8232,518.3554,300.8828,349.5341,283.0325,638.7376,504.1244,245.0688,579.9258,169.7624,400.9003,2.3615,0,0,0,0
125,3,0,0,1,0,1,0.9073,0.9759,0.5062,0.8311,1224.9296,347.6068,1057.568,335.5076,1280.0,395.3365,1268.6631,248.6818,167.7983,147.0922,0.8766,0,0,0,0
125,3,0,1,1,1,0,0.9902,0.9907,0.925,0.9259,712.4505,353.4039,599.5214,354.1411,753.099,533.477,578.489,540.4958,112.9315,174.7509,1.5474,0,0,0,0
125,3,0,2,1,1,0,0.9669,0.9843,0.6959,0.8231,518.3556,300.8315,349.5321,283.1086,638.7307,504.1549,245.6713,581.1846,169.7512,400.5363,2.3595,0,0,0,0
126,3,0,0,1,0,1,0.9027,0.9752,0.4903,0.8226,1226.2305,344.4482,1059.759,334.7096,1280.0,382.2869,1269.9435,247.9579,166.756,134.7049,0.8078,0,0,0,0
126,3,0,1,1,1,0,0.9904,0.9913,0.9263,0.9303,711.8217,354.1726,599.1222,355.3952,752.3494,531.6449,580.5234,539.1115,112.7062,171.9881,1.526,0,0,0,0
126,3,0,2,1,1,0,0.9652,0.9896,0.7948,0.934,493.68,293.8614,324.3083,266.0212,636.0632,495.2284,142.7527,515.6988,171.6445,493.7351,2.8765,0,0,0,0
127,3,0,0,1,0,1,0.9025,0.9752,0.4896,0.8223,1226.2118,344.4422,1059.6777,334.7059,1280.0,382.2728,1269.809,248.0199,166.8184,134.6392,0.8071,0,0,0,0
127,3,0,1,1,1,0,0.9904,0.9912,0.9264,0.9301,711.8388,354.2204,599.0476,355.42,752.3708,531.8418,580.4991,539.2036,112.7975,172.0294,1.5251,0,0,0,0
127,3,0,2,1,1,0,0.9652,0.9898,0.7951,0.9351,493.7274,293.8091,324.3474,265.8263,636.3024,495.0426,141.4653,514.7654,171.6759,495.23,2.8847,0,0,0,0
128,3,0,0,1,0,1,0.9059,0.9756,0.4911,0.8205,1227.4242,342.7882,1061.3925,333.45,1280.0,378.9709,1269.0411,248.0158,166.2941,131.4129,0.7902,0,0,0,0
128,3,0,2,1,1,0,0.9729,0.9953,0.8193,0.9658,472.6886,290.9307,298.4688,265.9681,640.3531,501.5,97.6561,443.3347,175.9991,545.8051,3.1012,0,0,0,0
128,3,0,1,1,1,0,0.9907,0.9917,0.9266,0.9318,712.308,353.3214,599.9732,355.0892,752.1735,533.1466,579.0989,538.4911,112.3486,173.1571,1.5412,0,0,0,0
129,3,0,0,1,0,1,0.906,0.9757,0.4914,0.8206,1227.4128,342.8173,1061.4194,333.4458,1280.0,379.0031,1269.0273,248.0221,166.2577,131.4398,0.7906,0,0,0,0
129,3,0,2,1,1,0,0.9729,0.9953,0.8194,0.9658,472.7232,290.8894,298.5249,265.9728,640.054,501.3147,97.4068,443.95,175.9713,545.6709,3.1009,0,0,0,0
129,3,0,1,1,1,0,0.9907,0.9917,0.9263,0.932,712.3008,353.2368,599.9982,355.0215,752.17,533.2633,579.0354,538.4928,112.3168,173.2136,1.5422,0,0,0,0
130,3,0,0,1,0,1,0.9169,0.979,0.5375,0.8441,1226.68,340.6723,1064.671,332.7499,1280.0,374.3854,1268.5101,246.1539,162.2026,128.7453,0.7937,0,0,0,0
130,3,0,2,1,1,0,0.9785,0.9951,0.8285,0.9603,452.0788,291.5497,272.6546,268.4807,631.3236,499.236,75.5434,458.1526,180.9011,557.2967,3.0807,0,0,0,0
130,3,0,1,1,1,0,0.9911,0.9915,0.9294,0.93,711.3395,352.822,599.6092,355.1199,751.7126,531.1872,579.2733,539.6681,111.754,172.6477,1.5449,0,0,0,0
131,3,0,0,1,0,1,0.9173,0.9791,0.5379,0.8443,1226.7118,340.6041,1064.6187,332.6804,1280.0,374.5682,1268.5165,246.1339,162.2867,128.9467,0.7946,0,0,0,0
131,3,0,2,1,1,0,0.9785,0.9951,0.8286,0.9605,452.0824,291.5046,272.5672,268.3981,631.3117,499.2483,75.3178,458.3535,180.9961,557.4959,3.0802,0,0,0,0
131,3,0,1,1,1,0,0.9912,0.9915,0.9296,0.9301,711.4098,352.9348,599.5954,355.1432,751.6092,531.4154,579.3139,539.6408,111.8361,172.4916,1.5424,0,0,0,0
132,3,0,0,1,0,1,0.9119,0.9775,0.5182,0.833,1227.7697,340.1973,1063.4816,333.1351,1280.0,360.7045,1266.4818,242.0376,164.4398,119.4344,0.7263,0,0,0,0
132,3,0,2,1,1,0,0.9744,0.9943,0.8061,0.9516,423.9682,288.9595,254.7639,272.9426,617.1902,487.7278,61.8468,465.0392,169.9607,555.8067,3.2702,0,0,0,0
132,3,0,1,1,1,0,0.9906,0.9919,0.9248,0.9321,711.969,353.1938,599.4298,354.918,752.6559,530.3506,576.7198,537.831,112.5524,176.095,1.5646,0,0,0,0
133,3,0,0,1,0,1,0.9157,0.9784,0.5399,0.8451,1225.7346,340.405,1062.7374,333.2826,1280.0,346.7007,1264.3141,241.3114,163.1527,106.5503,0.6531,0,0,0,0
133,3,0,2,1,1,0,0.9794,0.9954,0.8166,0.9545,408.8934,295.7868,233.6394,277.7348,616.0926,481.7324,53.0729,460.5902,176.1813,563.4165,3.1979,0,0,0,0
133,3,0,1,1,1,0,0.9929,0.9916,0.9191,0.9175,712.652,355.0566,600.9585,354.3802,751.1287,529.8336,581.5584,540.0476,111.6955,169.8777,1.5209,0,0,0,0
134,3,0,0,1,0,1,0.9157,0.9783,0.5401,0.8452,1225.6146,340.4176,1062.7039,333.2865,1280.0,346.1516,1264.3517,241.3459,163.0668,105.9675,0.6498,0,0,0,0
134,3,0,2,1,1,0,0.9795,0.9954,0.8168,0.9546,408.9482,295.8221,233.6808,277.7286,616.0493,481.7424,53.121,460.4474,176.1989,563.331,3.1971,0,0,0,0
134,3,0,1,1,1,0,0.9929,0.9916,0.9192,0.9175,712.6348,355.0355,600.9716,354.3815,751.1408,529.7964,581.568,540.0668,111.6652,169.8836,1.5214,0,0,0,0
135,3,0,2,1,1,0,0.9799,0.9944,0.8266,0.9498,395.0916,298.7963,217.3224,279.2933,610.3719,482.0801,38.409,471.5979,178.8358,572.0589,3.1988,0,0,0,0
135,3,0,0,1,0,1,0.9173,0.9784,0.5408,0.8452,1224.0729,340.8644,1059.37,333.5478,1280.0,323.3648,1259.6667,237.5159,164.8653,88.2239,0.5351,0,0,0,0
135,3,0,1,1,1,0,0.993,0.9915,0.9214,0.9179,712.6733,355.1834,599.8186,353.8703,751.3808,529.4316,580.8785,536.7985,112.8624,170.6614,1.5121,0,0,0,0
136,3,0,2,1,1,0,0.9799,0.9944,0.8266,0.9499,395.1089,298.8029,217.3233,279.32,610.3544,482.0929,38.3701,471.6306,178.8499,572.0799,3.1987,0,0,0,0
136,3,0,0,1,0,1,0.9175,0.9784,0.5413,0.8454,1224.0217,340.8321,1059.3424,333.5057,1280.0,323.2156,1259.6425,237.323,164.8422,88.2722,0.5355,0,0,0,0
136,3,0,1,1,1,0,0.993,0.9915,0.9215,0.9179,712.6687,355.1767,599.8284,353.8548,751.3858,529.4011,580.8884,536.8028,112.848,170.658,1.5123,0,0,0,0
137,3,0,2,1,0,0,0.9837,0.9938,0.8454,0.9442,383.8001,300.0723,200.9645,282.4059,607.3911,480.8946,23.9889,473.052,183.6872,583.4549,3.1764,0,0,0,0
137,3,0,0,1,0,1,0.9233,0.9796,0.5857,0.8661,1221.4996,341.3892,1056.1221,334.259,1278.25,318.8201,1252.8876,241.781,165.5312,81.1066,0.49,0,0,0,0
137,3,0,1,1,1,0,0.9918,0.9921,0.9164,0.9205,713.4846,355.2088,595.7794,354.2643,752.2658,529.8485,582.695,528.6424,117.7089,169.575,1.4406,0,0,0,0
138,3,0,2,1,0,0,0.9837,0.9938,0.8453,0.9443,383.7713,300.0375,200.9981,282.3948,607.3184,480.6502,23.9853,473.105,183.6228,583.3819,3.1771,0,0,0,0
138,3,0,0,1,0,1,0.9233,0.9796,0.5856,0.866,1221.5153,341.411,1056.1003,334.2628,1278.2513,318.8837,1252.9011,241.7799,165.5693,81.1642,0.4902,0,0,0,0
138,3,0,1,1,1,0,0.9918,0.9921,0.9164,0.9204,713.4854,355.2114,595.7844,354.2672,752.2555,529.8493,582.6631,528.7481,117.7047,169.596,1.4409,0,0,0,0
139,3,0,2,1,0,0,0.985,0.9933,0.8558,0.9422,375.3253,300.4386,192.2656,282.8696,600.2128,485.2143,15.8174,468.2223,183.9009,584.6424,3.1791,0,0,0,0
139,3,0,0,1,0,1,0.9396,0.9837,0.6725,0.9031,1215.0029,343.2148,1051.0068,335.5328,1277.2683,320.9585,1244.8434,248.1376,164.1759,79.7136,0.4855,0,0,0,0
139,3,0,1,1,1,0,0.9916,0.992,0.9147,0.919,713.4042,355.3362,595.5276,355.0325,752.1638,528.7816,581.1537,528.3192,117.8769,171.0108,1.4508,0,0,0,0
140,3,0,2,1,0,0,0.9838,0.9914,0.8518,0.9238,364.2252,297.0252,181.8232,284.0558,588.1214,481.2342,7.6346,458.4331,182.8624,580.9343,3.1769,0,0,0,0
140,3,0,0,1,0,1,0.9446,0.9841,0.7229,0.9213,1208.787,334.9467,1047.8751,332.4752,1255.6113,259.1453,1216.1172,254.8608,160.9308,39.7259,0.2469,0,0,0,0
140,3,0,1,1,1,0,0.9915,0.992,0.9148,0.9212,713.0707,354.7543,595.5731,354.8165,751.7514,528.5592,581.279,520.5174,117.4976,170.6621,1.4525,0,0,0,0
141,3,0,2,1,0,0,0.9838,0.9914,0.8519,0.9237,364.233,297.0416,181.8241,284.063,588.1852,481.3004,7.6104,458.4576,182.87,581.024,3.1773,0,0,0,0
141,3,0,0,1,0,1,0.9446,0.9841,0.723,0.9213,1208.7587,334.9349,1047.8701,332.4678,1255.6163,259.1364,1216.1436,254.8422,160.9075,39.7057,0.2468,0,0,0,0
141,3,0,1,1,1,0,0.9915,0.992,0.9148,0.9211,713.0646,354.761,595.5796,354.8219,751.7542,528.5591,581.2862,520.528,117.4851,170.6572,1.4526,0,0,0,0
142,3,0,2,1,0,0,0.9858,0.9928,0.8633,0.941,356.0113,294.3513,175.7956,278.64,580.0741,484.8956,17.0616,443.7671,180.8993,564.5127,3.1206,0,0,0,0
142,3,0,1,1,1,0,0.992,0.9913,0.9195,0.9146,712.9402,354.6652,595.8382,355.6037,751.1302,528.6446,578.6002,519.1146,117.1057,172.7929,1.4755,0,0,0,0
142,3,0,0,1,1,1,0.9636,0.9861,0.8048,0.9328,1196.0315,331.8337,1043.4634,327.9295,1245.7955,252.0425,1180.65,253.7742,152.6181,65.1685,0.427,0,0,0,0
143,3,0,2,1,0,0,0.9858,0.9928,0.8632,0.941,355.9976,294.3484,175.7468,278.6422,579.9763,484.9464,17.087,443.8474,180.9337,564.3878,3.1193,0,0,0,0
143,3,0,1,1,1,0,0.992,0.9913,0.9197,0.9143,712.9165,354.6186,595.9432,355.5657,751.129,528.6567,578.6928,519.2134,116.9771,172.6946,1.4763,0,0,0,0
143,3,0,0,1,1,1,0.9638,0.9862,0.8065,0.9336,1196.1821,331.795,1043.4948,327.8978,1245.759,252.1507,1181.5065,253.4381,152.7371,64.2655,0.4208,0,0,0,0
144,3,0,2,1,0,1,0.9856,0.9932,0.8517,0.9365,356.1079,278.3709,174.8326,270.6462,563.5592,489.9264,14.7315,488.1475,181.4398,548.8306,3.0249,0,0,0,0
144,3,0,0,1,1,1,0.9818,0.9842,0.9133,0.9268,1185.529,319.2938,1040.3843,324.8422,1228.2521,256.6065,1138.1345,260.7523,145.2508,90.2129,0.6211,0,0,0,0
144,3,0,1,1,1,1,0.9925,0.9911,0.9247,0.9124,711.8356,353.1026,599.0989,355.0597,750.741,528.9202,561.383,516.0208,112.7537,189.7969,1.6833,0,0,0,0
145,3,0,2,1,0,1,0.9856,0.9932,0.8513,0.9366,356.1014,278.375,174.8476,270.6736,563.4216,489.8142,14.3093,488.9955,181.4173,549.113,3.0268,0,0,0,0
145,3,0,0,1,1,1,0.9818,0.9842,0.9134,0.9267,1185.4855,319.5592,1040.3677,325.0082,1228.2556,256.6245,1138.2286,260.7796,145.2201,90.1228,0.6206,0,0,0,0
145,3,0,1,1,1,1,0.9925,0.9911,0.9247,0.9123,711.8592,353.0985,599.0945,355.0719,750.7566,528.9046,561.38,515.9344,112.782,189.8202,1.6831,0,0,0,0
146,3,0,2,1,1,1,0.9811,0.9949,0.8283,0.9463,351.1972,263.4307,170.1126,253.9403,495.3347,455.2386,38.9049,494.4238,181.3331,458.1088,2.5263,0,0,0,0
146,3,0,1,1,1,1,0.99,0.9927,0.9002,0.9255,712.6816,354.488,599.3354,355.3768,749.3926,530.0396,568.0896,534.0898,113.3497,181.3482,1.5999,0,0,0,0
146,3,0,0,1,1,1,0.9832,0.9784,0.9314,0.9158,1186.0286,308.8862,1036.5243,321.5216,1189.9401,253.5489,1135.0116,236.3462,150.0373,57.5593,0.3836,1,1,1,0
147,3,0,0,1,1,1,0.9761,0.967,0.9443,0.9198,1165.4397,307.3937,1020.6628,324.2868,1163.8418,239.5708,1107.8827,242.9986,145.7592,56.064,0.3846,1,1,2,0
147,3,0,1,1,1,1,0.9907,0.9923,0.9059,0.9196,712.6016,355.3533,598.4218,356.0404,749.3904,529.839,570.1236,540.6049,114.1819,179.5898,1.5728,0,0,0,0
147,3,0,2,1,1,1,0.9813,0.9944,0.7808,0.9336,351.5895,256.2228,170.4485,252.0675,459.5691,519.724,109.6934,529.9013,181.1887,350.0237,1.9318,0,0,0,0
148,3,0,0,1,1,1,0.9758,0.9664,0.9445,0.9193,1165.5275,307.6866,1020.4308,324.5125,1163.8608,239.687,1107.4694,243.5412,146.069,56.523,0.387,1,1,3,0
148,3,0,1,1,1,1,0.9907,0.9923,0.9059,0.9196,712.6174,355.3851,598.4054,356.0638,749.388,529.872,570.146,540.6902,114.2139,179.5682,1.5722,0,0,0,0
148,3,0,2,1,1,1,0.9813,0.9944,0.7809,0.9337,351.6158,256.213,170.4199,252.0792,459.4346,519.8152,109.6682,529.9096,181.243,349.912,1.9306,0,0,0,0
149,3,0,1,1,1,1,0.9911,0.9917,0.9094,0.9134,712.287,355.4519,598.0496,356.3311,749.1024,529.625,569.839,540.6762,114.2407,179.6037,1.5722,0,0,0,0
149,3,0,0,1,1,1,0.9878,0.9747,0.9561,0.9102,1161.3438,299.8172,1022.3505,314.7393,1159.2349,249.0978,1091.7062,244.2687,139.792,67.7011,0.4843,1,1,4,0
149,3,0,2,1,1,1,0.9766,0.9961,0.7293,0.9412,349.6956,259.3404,170.2521,249.4119,397.4811,551.2569,136.1891,540.7693,179.718,261.5024,1.4551,0,0,0,0
150,3,0,1,1,1,1,0.9911,0.9917,0.9095,0.9135,712.2856,355.429,598.0644,356.3182,749.1054,529.6298,569.8396,540.7012,114.2247,179.6074,1.5724,0,0,0,0
150,3,0,0,1,1,1,0.9878,0.9752,0.9557,0.9107,1161.199,299.8942,1022.112,314.8114,1159.2273,248.6548,1092.3817,243.018,139.8846,67.0828,0.4796,1,1,5,0
150,3,0,2,1,1,1,0.9766,0.9961,0.7295,0.9411,349.7269,259.3804,170.2674,249.4293,397.4596,551.3708,136.1746,541.1504,179.7352,261.4847,1.4548,0,0,0,0
151,3,0,0,1,1,1,0.9713,0.9517,0.9481,0.9104,1157.0808,303.3114,1013.905,322.0012,1135.8575,238.5479,1090.7969,209.1981,144.3906,53.7762,0.3724,1,1,6,1
151,3,0,2,1,1,1,0.9768,0.9948,0.7777,0.9428,350.3504,267.3656,163.5373,264.4353,379.7057,548.1524,167.4863,547.874,186.8361,212.2196,1.1359,0,0,0,0
151,3,0,1,1,1,1,0.9906,0.9919,0.9047,0.9154,712.1114,354.7514,597.9189,355.8861,749.1144,529.8847,570.1187,541.0046,114.1981,179.3408,1.5704,0,0,0,0
152,3,0,0,1,1,1,0.9717,0.9519,0.9485,0.9099,1157.231,302.8522,1014.2888,321.5732,1135.465,238.4964,1090.5559,209.6696,144.1629,53.3648,0.3702,1,1,7,1
152,3,0,2,1,1,1,0.9768,0.9948,0.7777,0.9429,350.3508,267.4032,163.5175,264.464,379.7022,548.164,167.4802,547.9047,186.8564,212.2221,1.1357,0,0,0,0
152,3,0,1,1,1,1,0.9906,0.9919,0.9047,0.9156,712.0957,354.7121,597.9749,355.8152,749.1146,529.8375,570.073,540.9706,114.1261,179.3874,1.5718,0,0,0,0
153,3,0,2,1,1,1,0.9803,0.9951,0.7756,0.9325,354.8529,266.3627,172.5259,263.8042,390.2547,557.6626,186.9281,541.6883,182.3449,203.9531,1.1185,0,0,0,0
153,3,0,1,1,1,1,0.9903,0.9919,0.9013,0.9155,712.397,354.638,597.573,355.8887,748.146,529.9851,570.3312,541.0982,114.8308,178.1618,1.5515,0,0,0,0
153,3,0,0,1,1,1,0.982,0.9677,0.9466,0.905,1153.0657,301.7531,1009.9695,321.3941,1115.3707,223.3264,1073.6832,215.4523,144.4378,42.4246,0.2937,1,1,8,1
154,3,0,2,1,1,1,0.9803,0.9951,0.7754,0.9325,354.9156,266.3639,172.5146,263.8014,390.2283,557.4502,186.9228,541.7112,182.4191,203.9138,1.1178,0,0,0,0
154,3,0,1,1,1,1,0.9903,0.9919,0.9013,0.9155,712.3998,354.6504,597.5707,355.8882,748.1463,529.9637,570.328,541.1009,114.8358,178.1667,1.5515,0,0,0,0
154,3,0,0,1,1,1,0.982,0.9676,0.9466,0.905,1153.0308,301.7739,1009.9769,321.4315,1115.3799,223.3361,1073.783,215.264,144.3981,42.3729,0.2934,1,1,9,1
155,3,0,2,1,1,1,0.9782,0.9943,0.7903,0.9387,359.2842,266.6693,175.2918,264.4376,408.8079,561.9056,186.3265,540.992,184.006,223.4622,1.2144,0,0,0,0
155,3,0,1,1,1,1,0.9904,0.992,0.903,0.917,712.3442,355.4069,597.5608,355.9626,748.7297,530.0021,570.239,540.4621,114.7847,178.7969,1.5577,0,0,0,0
155,3,0,0,1,1,1,0.9789,0.9595,0.9401,0.9022,1144.7998,314.8792,1000.1889,330.5942,1109.6677,239.9398,1054.4438,228.5291,145.4623,56.3904,0.3877,1,1,10,1
156,3,0,2,1,1,1,0.9781,0.9943,0.79,0.9387,359.2592,266.665,175.3574,264.441,408.7434,561.7802,186.3266,540.9627,183.9153,223.3889,1.2146,0,0,0,0
156,3,0,1,1,1,1,0.9905,0.992,0.9032,0.9168,712.331,355.4194,597.5836,355.9456,748.745,530.0928,570.295,540.4224,114.7487,178.7486,1.5577,0,0,0,0
156,3,0,0,1,1,1,0.9785,0.9595,0.9395,0.9029,1144.7524,314.9488,999.9894,330.7694,1109.523,239.8122,1054.6255,228.3828,145.6249,56.0746,0.3851,1,1,11,1
157,3,0,2,1,1,1,0.9831,0.9959,0.7813,0.9346,367.4192,266.6265,189.7033,262.0973,408.9489,570.8824,191.0459,540.9775,177.7736,219.9455,1.2372,0,0,0,0
157,3,0,1,1,1,1,0.9901,0.9921,0.8998,0.918,712.162,355.4864,597.4024,356.0537,748.9954,529.8004,569.4999,539.6062,114.7609,179.7631,1.5664,0,0,0,0
157,3,0,0,1,1,1,0.989,0.9656,0.954,0.8854,1138.2096,306.8074,998.4847,321.368,1098.2311,235.4716,1053.5759,222.5908,140.4815,46.4758,0.3308,1,1,12,1
158,3,0,2,1,1,1,0.9832,0.9959,0.7814,0.9344,367.4832,266.7082,189.7129,262.0868,408.5543,572.549,191.0567,541.0158,177.8304,219.7716,1.2358,0,0,0,0
158,3,0,1,1,1,1,0.9901,0.9921,0.8998,0.9179,712.1471,355.4684,597.3934,356.0529,749.003,529.7835,569.4797,539.6196,114.7552,179.7926,1.5667,0,0,0,0
158,3,0,0,1,1,1,0.989,0.9657,0.9538,0.8854,1138.099,306.8195,998.3661,321.3734,1098.3881,235.6685,1053.5168,223.031,140.4887,46.6169,0.3318,1,1,13,1
159,3,0,2,1,1,1,0.9827,0.9945,0.8147,0.9376,372.4783,270.5788,195.5774,264.5814,435.0063,535.8722,185.5242,545.8638,177.0025,249.6821,1.4106,0,0,0,0
159,3,0,1,1,1,1,0.9898,0.9922,0.8967,0.918,712.496,355.16,597.0494,356.2895,748.8046,529.8582,569.768,540.2462,115.4521,179.3377,1.5534,0,0,0,0
159,3,0,0,1,1,1,0.9841,0.9729,0.9501,0.9089,1132.6104,300.1413,989.1614,321.3653,1095.1066,225.0999,1047.2576,230.5375,145.0105,48.157,0.3321,1,1,14,1
160,3,0,2,1,1,1,0.9832,0.9942,0.8198,0.9307,382.66,273.2693,206.8851,266.1246,444.38,543.743,180.7288,558.6208,175.92,264.0707,1.5011,0,0,0,0
160,3,0,1,1,1,1,0.9896,0.992,0.8953,0.9169,712.5155,355.2334,597.5102,356.1073,748.4744,529.5374,570.2022,540.1894,115.0087,178.5901,1.5528,0,0,0,0
160,3,0,0,1,1,1,0.9862,0.9767,0.9496,0.9099,1125.1616,300.2152,984.526,321.1654,1092.9056,223.4365,1045.5187,226.6755,142.1875,47.4975,0.334,1,1,15,1
161,3,0,2,1,1,1,0.9832,0.9942,0.8198,0.9307,382.6354,273.2612,206.8571,266.1109,444.3678,543.7244,180.7152,558.613,175.9237,264.0727,1.5011,0,0,0,0
161,3,0,1,1,1,1,0.9896,0.992,0.8953,0.9168,712.5067,355.2242,597.5136,356.111,748.4714,529.5296,570.1957,540.1739,114.9966,178.5932,1.553,0,0,0,0
161,3,0,0,1,1,1,0.9861,0.9767,0.9495,0.9098,1125.1592,300.29,984.4636,321.2284,1092.9,223.5285,1045.375,226.8259,142.2451,47.6393,0.3349,1,1,16,1
162,3,0,2,1,1,1,0.986,0.995,0.8175,0.9156,391.7292,270.1952,221.6853,264.9632,452.3304,543.0484,170.974,553.4616,170.1244,281.5491,1.655,0,0,0,0
162,3,0,1,1,1,1,0.9896,0.9921,0.8957,0.9179,712.7116,355.2645,597.675,355.9522,748.3665,530.5734,570.5636,540.0106,115.0386,178.0532,1.5478,0,0,0,0
162,3,0,0,1,1,1,0.9846,0.979,0.9442,0.9194,1117.6411,302.035,978.3627,324.28,1091.2717,221.534,1044.3265,223.8264,141.0437,47.0011,0.3332,1,1,17,1
163,3,0,2,1,1,1,0.986,0.995,0.8176,0.9155,391.7268,270.1907,221.6978,264.9697,452.4178,543.0734,171.0538,553.462,170.1091,281.5557,1.6551,0,0,0,0
163,3,0,1,1,1,1,0.9896,0.9921,0.8957,0.9179,712.6989,355.3048,597.6557,355.9726,748.322,530.6088,570.5182,539.9536,115.0452,178.0493,1.5476,0,0,0,0
163,3,0,0,1,1,1,0.9847,0.9789,0.9447,0.9193,1117.7815,301.9465,978.5145,324.1252,1091.4084,222.0506,1044.0167,224.3518,141.0219,47.4476,0.3365,1,1,18,1
164,3,0,2,1,1,1,0.9852,0.9953,0.8095,0.9174,400.8116,270.7204,231.7591,265.4819,454.9026,537.6838,171.2106,553.6842,169.1336,284.1429,1.68,0,0,0,0
164,3,0,1,1,1,1,0.9893,0.9921,0.8931,0.9176,712.4198,355.1032,597.216,355.571,748.5044,531.0443,570.1709,539.3601,115.2047,178.5273,1.5497,0,0,0,0
164,3,0,0,1,1,1,0.9863,0.9774,0.9498,0.9135,1117.2084,304.2586,976.552,324.4584,1084.6575,217.405,1042.9106,223.3417,142.0994,42.1668,0.2967,1,1,19,1
165,3,0,2,1,1,1,0.9852,0.9953,0.8097,0.9173,400.8073,270.7157,231.7398,265.483,454.9087,537.638,171.2079,553.6982,169.1484,284.1551,1.6799,0,0,0,0
165,3,0,1,1,1,1,0.9893,0.9921,0.893,0.9176,712.4474,355.131,597.2178,355.5798,748.4591,531.1111,570.1256,539.3619,115.2304,178.5243,1.5493,0,0,0,0
165,3,0,0,1,1,1,0.9864,0.9773,0.9499,0.9134,1117.1343,304.2232,976.4965,324.4837,1084.8499,218.0124,1042.7449,223.6723,142.0897,42.4837,0.299,1,1,20,1
166,3,0,2,1,1,1,0.9859,0.9951,0.8168,0.9143,413.0999,270.3968,243.6192,265.3323,456.5866,540.6104,175.1252,547.9892,169.5564,281.5582,1.6606,0,0,0,0
166,3,0,1,1,1,1,0.9897,0.9923,0.8967,0.9195,712.2255,355.224,597.0943,355.9573,748.8406,530.6233,570.344,539.2736,115.1336,178.7061,1.5522,0,0,0,0
166,3,0,0,1,1,1,0.9875,0.9772,0.9523,0.9099,1114.931,300.6935,975.5079,321.4125,1084.2561,225.9017,1038.3124,227.6328,140.9542,45.9763,0.3262,1,1,21,1
167,3,0,2,1,1,1,0.9851,0.9956,0.8093,0.9219,424.3532,269.4109,255.5469,265.9891,458.24,542.5385,180.2786,545.4096,168.841,277.9763,1.6464,0,0,0,0
167,3,0,1,1,1,1,0.9899,0.9922,0.8973,0.9184,712.0694,355.2756,597.21,355.4977,748.9091,530.5584,570.9826,539.1728,114.8596,178.135,1.5509,0,0,0,0
167,3,0,0,1,1,1,0.9875,0.9773,0.952,0.9099,1113.6204,301.3312,974.1546,321.691,1081.0635,224.4567,1036.8983,230.3474,140.944,44.5563,0.3161,1,1,22,1
168,3,0,2,1,1,1,0.9851,0.9956,0.8092,0.9218,424.3348,269.4083,255.5285,266.0075,458.2411,542.5666,180.2272,545.454,168.8406,278.0289,1.6467,0,0,0,0
168,3,0,1,1,1,1,0.9899,0.9922,0.8975,0.9184,712.079,355.2765,597.2252,355.489,748.9072,530.5518,570.9829,539.1608,114.854,178.1325,1.5509,0,0,0,0
168,3,0,0,1,1,1,0.9875,0.9773,0.952,0.91,1113.6339,301.3599,974.154,321.7152,1081.0609,224.42,1036.9023,230.3014,140.9574,44.5485,0.316,1,1,23,1
169,3,0,2,1,1,1,0.9854,0.9957,0.8093,0.9233,431.277,271.5976,265.4761,266.6146,459.0612,545.3756,191.1451,537.4704,165.8757,268.0327,1.6159,0,0,0,0
169,3,0,1,1,1,1,0.9906,0.9921,0.9033,0.9174,712.4324,355.7954,596.8885,356.2402,748.3608,531.1538,570.87,539.8356,115.5447,177.703,1.538,0,0,0,0
169,3,0,0,1,1,1,0.9867,0.9789,0.9472,0.9124,1111.737,301.5518,972.0839,322.9726,1088.1184,236.7764,1037.2307,234.1281,141.2865,50.9566,0.3607,1,1,24,1
170,3,0,2,1,1,1,0.9854,0.9957,0.8095,0.9232,431.2915,271.5801,265.4919,266.6196,459.0724,545.3416,191.1407,537.5108,165.8738,268.0461,1.616,0,0,0,0
170,3,0,1,1,1,1,0.9906,0.9921,0.9034,0.9174,712.4298,355.7934,596.8894,356.2407,748.3742,531.141,570.8675,539.8064,115.5413,177.718,1.5381,0,0,0,0
170,3,0,0,1,1,1,0.9867,0.9788,0.9472,0.9124,1111.7206,301.5861,972.0638,323.0098,1088.105,236.8091,1037.2188,234.1489,141.2905,50.9557,0.3606,1,1,25,1
171,3,0,2,1,1,1,0.9816,0.9952,0.8109,0.9351,440.1669,272.3969,271.6889,268.6162,473.3426,544.7646,196.5204,543.1184,168.5204,276.827,1.6427,0,0,0,0
171,3,0,1,1,1,1,0.9908,0.9924,0.905,0.9202,712.0179,356.328,597.1958,357.0122,748.8703,531.2064,570.598,539.7458,114.8242,178.4767,1.5543,0,0,0,0
171,3,0,0,1,1,1,0.9878,0.9782,0.9507,0.9071,1112.9622,303.5924,973.0781,324.7885,1100.4578,265.3165,1032.7478,252.8552,141.4809,68.8471,0.4866,1,1,26,1
172,3,0,2,1,1,1,0.9816,0.9952,0.8108,0.9352,440.1803,272.3952,271.7004,268.5963,473.3477,544.776,196.516,543.0926,168.5227,276.8368,1.6427,0,0,0,0
172,3,0,1,1,1,1,0.9908,0.9924,0.9049,0.9202,712.0292,356.3534,597.2112,357.0094,748.8344,531.2347,570.5991,539.7368,114.8199,178.4379,1.5541,0,0,0,0
172,3,0,0,1,1,1,0.9878,0.9782,0.9507,0.9071,1112.9614,303.5564,973.1172,324.7539,1100.3713,265.182,1032.7794,252.7993,141.4417,68.7168,0.4858,1,1,27,1
173,3,0,2,1,1,1,0.9861,0.9934,0.8436,0.9183,448.624,271.9438,281.5603,270.1005,478.9682,549.4164,204.9293,553.9221,167.0739,274.0759,1.6404,0,0,0,0
173,3,0,1,1,1,1,0.9906,0.9923,0.9033,0.9188,712.0133,356.023,596.8316,357.0102,749.128,530.9793,569.4776,540.7268,115.1859,179.9147,1.562,0,0,0,0
173,3,0,0,1,1,1,0.9881,0.9782,0.9497,0.8985,1125.2957,305.0159,977.1535,330.9584,1094.6504,284.3766,1028.9221,284.1167,150.3965,65.7288,0.437,1,1,28,1
174,3,0,2,1,1,1,0.9861,0.9931,0.8497,0.9185,455.2292,271.33,286.6784,269.7216,487.9654,548.3072,218.1323,556.3642,168.5585,269.9533,1.6015,0,0,0,0
174,3,0,1,1,1,1,0.9905,0.992,0.9024,0.9163,712.1666,356.0146,596.5583,357.0869,748.8618,531.3528,569.5587,541.6662,115.6132,179.5995,1.5535,0,0,0,0
174,3,0,0,1,1,1,0.9881,0.9803,0.9424,0.8942,1129.4863,319.9273,968.4442,342.4396,1094.188,318.2798,1029.2318,307.8244,162.6081,65.7922,0.4046,1,1,29,1
175,3,0,2,1,1,1,0.9861,0.9931,0.8498,0.9185,455.2397,271.3366,286.6958,269.7072,487.9874,548.2676,218.1751,556.2424,168.5517,269.9302,1.6015,0,0,0,0
175,3,0,1,1,1,1,0.9905,0.992,0.9024,0.9162,712.1776,356.0059,596.5292,357.1212,748.848,531.3524,569.5496,541.8322,115.6538,179.6045,1.5529,0,0,0,0
175,3,0,0,1,1,1,0.988,0.9803,0.9421,0.8946,1129.5413,320.006,968.4752,342.4811,1094.7562,318.6342,1029.3115,307.6625,162.6266,66.358,0.408,1,1,30,1
176,3,0,2,1,1,1,0.9871,0.9935,0.8528,0.9187,459.1401,273.0009,288.8731,271.532,497.6828,555.499,227.1519,559.0726,170.2733,270.5546,1.5889,0,0,0,0
176,3,0,1,1,1,1,0.9908,0.9923,0.9054,0.9193,711.9347,355.0728,597.2965,356.0538,749.1424,529.4107,569.281,540.1702,114.6424,180.1829,1.5717,0,0,0,0
176,3,0,0,1,1,1,0.9889,0.9786,0.9393,0.8719,1134.2328,327.2028,963.431,346.4962,1083.8096,338.0822,1032.6536,336.9025,171.888,51.1696,0.2977,1,1,31,1
177,3,0,2,1,1,1,0.9871,0.9935,0.8529,0.9189,459.1275,272.9923,288.8938,271.5304,497.6942,555.4822,227.1448,559.0771,170.2399,270.5734,1.5894,0,0,0,0
177,3,0,1,1,1,1,0.9908,0.9923,0.9054,0.9194,711.9243,355.0726,597.2938,356.0571,749.1374,529.4181,569.284,540.186,114.6348,180.1756,1.5717,0,0,0,0
177,3,0,0,1,1,1,0.9889,0.9786,0.9393,0.872,1134.2312,327.2141,963.4148,346.5004,1083.7598,338.1007,1032.6299,336.893,171.9017,51.1441,0.2975,1,1,32,1
178,3,0,2,1,1,1,0.9903,0.9937,0.8627,0.8949,457.6044,273.022,286.7084,272.4274,511.5488,557.2484,234.5102,558.6016,170.897,277.042,1.6211,0,0,0,0
178,3,0,1,1,1,1,0.9902,0.9923,0.9001,0.9196,711.9156,355.4465,596.5372,356.919,749.4561,530.8148,568.6844,543.1006,115.3878,181.1887,1.5703,0,0,0,0
178,3,0,0,1,1,1,0.9888,0.9797,0.9349,0.8643,1130.3821,332.407,956.9494,352.9191,1082.5742,382.9794,1033.7542,379.0348,174.6415,48.9792,0.2805,1,1,33,1
179,3,0,2,1,1,1,0.9903,0.9937,0.8626,0.895,457.6272,273.0382,286.7323,272.4216,511.5468,557.3294,234.4921,558.6581,170.8959,277.0579,1.6212,0,0,0,0
179,3,0,1,1,1,1,0.9902,0.9923,0.9,0.9195,711.9317,355.457,596.4759,356.9344,749.4584,530.8099,568.7395,543.1121,115.4653,181.1372,1.5688,0,0,0,0
179,3,0,0,1,1,1,0.9888,0.9797,0.9348,0.8643,1130.3503,332.413,956.8777,352.9436,1082.1343,382.937,1033.9705,378.8012,174.6833,48.3411,0.2767,1,1,34,1
180,3,0,2,1,1,1,0.9911,0.9936,0.8716,0.8938,454.889,272.5615,284.7274,272.109,515.214,553.0158,235.251,553.0891,170.1622,279.963,1.6453,0,0,0,0
180,3,0,1,1,1,1,0.9904,0.9925,0.9024,0.9218,711.9826,355.3694,596.4329,356.5318,749.1046,530.5228,568.2417,543.4046,115.5556,181.321,1.5691,0,0,0,0
180,3,0,0,1,1,1,0.9904,0.9759,0.9323,0.8375,1132.5942,336.6596,954.894,349.3622,1071.15,421.2253,1059.3322,422.4992,178.1537,11.8863,0.0667,1,1,35,1
181,3,0,2,1,1,1,0.9911,0.9936,0.8719,0.8942,454.855,272.5844,284.7506,272.0802,515.2187,552.9664,235.2058,553.0319,170.1052,280.0129,1.6461,0,0,0,0
181,3,0,1,1,1,1,0.9905,0.9926,0.9025,0.9219,712.0024,355.4219,596.4068,356.6304,749.084,530.5292,568.2236,543.5104,115.6018,181.3257,1.5685,0,0,0,0
181,3,0,0,1,1,1,0.9903,0.976,0.9322,0.838,1132.6122,336.6916,955.0509,349.4515,1071.8348,421.3442,1058.7496,422.7128,178.0192,13.1566,0.0739,1,1,36,1
182,3,0,2,1,1,1,0.9906,0.9934,0.869,0.8936,450.425,271.3432,280.8355,271.5881,515.5581,548.0242,232.7806,551.0483,169.5897,282.7937,1.6675,0,0,0,0
182,3,0,1,1,1,1,0.9903,0.9925,0.9009,0.9217,711.1512,354.8511,595.3574,356.0808,748.6244,530.4295,567.1488,540.7774,115.8004,181.7703,1.5697,0,0,0,0
182,3,0,0,1,1,1,0.9895,0.9775,0.9318,0.8414,1140.3447,337.1974,956.1208,348.2876,1059.632,453.018,1076.7003,450.9734,184.5574,17.1904,0.0931,1,1,37,1
183,3,0,2,1,1,1,0.9897,0.9914,0.8848,0.9034,445.9982,270.9183,273.8076,273.2559,498.2144,545.552,229.54,548.112,172.2064,268.6866,1.5603,0,0,0,0
183,3,0,1,1,1,1,0.9909,0.9922,0.9068,0.9188,710.222,355.0535,593.8036,356.1002,748.7989,530.1906,567.5083,540.8266,116.4232,181.6023,1.5598,0,0,0,0
183,3,0,0,1,1,1,0.9899,0.9766,0.9348,0.8382,1139.667,339.8451,957.509,347.5157,1075.061,466.2868,1066.4115,464.4954,182.3194,8.8331,0.0484,1,1,38,1
184,3,0,2,1,1,1,0.9898,0.9914,0.8848,0.9034,445.9802,270.9048,273.7978,273.238,498.1526,545.6484,229.5102,548.1015,172.1983,268.6535,1.5601,0,0,0,0
184,3,0,1,1,1,1,0.9909,0.9922,0.9068,0.9188,710.2445,355.0636,593.8236,356.1038,748.7866,530.191,567.5844,540.8474,116.4255,181.5153,1.5591,0,0,0,0
184,3,0,0,1,1,1,0.9899,0.9766,0.9347,0.8381,1139.6708,339.8913,957.4911,347.499,1074.8862,466.2901,1066.5483,464.7217,182.3384,8.4841,0.0465,1,1,39,1
185,3,0,1,1,1,1,0.9908,0.9921,0.9052,0.9177,708.6644,354.8498,592.0966,355.8996,749.6358,529.748,568.5206,540.2922,116.5725,181.4218,1.5563,0,0,0,0
185,3,0,0,1,1,1,0.9902,0.9758,0.9375,0.8352,1138.796,340.3873,958.7215,348.1608,1077.2383,478.3956,1056.3958,468.86,180.2422,22.9203,0.1272,1,1,40,1
185,3,0,2,1,1,1,0.9916,0.9885,0.9141,0.8887,438.6638,269.4817,265.045,273.459,462.2268,527.0918,228.859,544.0155,173.6644,233.9806,1.3473,0,0,0,0
186,3,0,1,1,1,1,0.9908,0.9921,0.9053,0.9176,708.6706,354.8245,592.1286,355.8808,749.6643,529.7324,568.5302,540.2544,116.5468,181.4394,1.5568,0,0,0,0
186,3,0,0,1,1,1,0.9902,0.9758,0.9375,0.8353,1138.8135,340.4019,958.7272,348.1553,1077.1825,478.3192,1056.4321,468.8572,180.2531,22.8058,0.1265,1,1,41,1
186,3,0,2,1,1,1,0.9916,0.9885,0.9141,0.8885,438.6294,269.5012,265.032,273.4454,462.1081,527.3426,228.8784,543.8784,173.6422,233.8152,1.3465,0,0,0,0
187,3,0,1,1,1,1,0.9926,0.9925,0.902,0.9001,707.3844,352.645,589.2644,354.4596,751.7857,525.6186,566.51,541.768,118.134,185.9782,1.5743,0,0,0,0
187,3,0,0,1,1,1,0.9893,0.9775,0.9266,0.8353,1138.5212,342.1304,960.7997,350.0978,1092.0895,479.9972,1047.0696,472.4562,177.9001,45.6471,0.2566,1,1,42,1
187,3,0,2,1,1,1,0.9891,0.9893,0.9049,0.8966,428.2994,271.5713,247.7801,271.0603,441.3575,506.1952,228.6667,521.2492,180.5201,213.2229,1.1812,0,0,0,0
188,3,0,1,1,1,1,0.9926,0.9925,0.9018,0.9003,707.373,352.6789,589.2959,354.4217,751.785,525.6162,566.5022,541.722,118.09,185.9815,1.5749,0,0,0,0
188,3,0,0,1,1,1,0.9893,0.9775,0.9266,0.8353,1138.5281,342.1271,960.8066,350.0691,1092.1129,479.9698,1047.0212,472.3996,177.8988,45.7227,0.257,1,1,43,1
188,3,0,2,1,1,1,0.9891,0.9893,0.9045,0.8965,428.2624,271.5846,247.7454,271.1034,441.4122,508.088,228.6976,521.2687,180.5175,213.1225,1.1806,0,0,0,0
189,3,0,2,1,1,1,0.9868,0.9889,0.8985,0.9078,415.1354,268.4057,234.896,266.5234,393.0098,421.6004,238.941,479.375,180.2491,164.5451,0.9129,0,0,0,0
189,3,0,0,1,1,1,0.9903,0.9749,0.9399,0.8335,1139.5663,340.8187,959.9389,347.9216,1089.346,480.3744,1046.0227,469.1066,179.7678,44.7646,0.249,1,1,44,1
189,3,0,1,1,1,1,0.9917,0.9935,0.8883,0.9117,703.8612,351.917,586.2562,354.263,752.6574,524.2504,563.1287,541.0971,117.6284,190.2759,1.6176,0,0,0,0
190,3,0,2,1,1,1,0.9869,0.9889,0.8985,0.9076,415.1561,268.4047,234.8827,266.5259,392.8615,421.4132,239.2544,480.1803,180.2831,164.4649,0.9123,0,0,0,0
190,3,0,0,1,1,1,0.9903,0.9749,0.9399,0.8336,1139.5704,340.7921,959.9299,347.9104,1089.3435,480.344,1045.9824,469.0982,179.7815,44.7956,0.2492,1,1,45,1
190,3,0,1,1,1,1,0.9917,0.9935,0.8884,0.9118,703.8457,351.9104,586.2356,354.2615,752.6573,524.2516,563.1286,541.1156,117.6335,190.2775,1.6175,0,0,0,0
191,3,0,2,1,1,1,0.9912,0.9885,0.9149,0.8373,407.7204,268.4195,224.6198,269.3223,353.3641,345.4258,178.9873,576.628,183.1028,289.5888,1.5816,0,0,0,0
191,3,0,1,1,1,1,0.9886,0.9932,0.8798,0.9279,699.5324,353.4585,584.4032,354.772,753.4312,525.3586,558.7863,539.8229,115.1366,195.1816,1.6952,0,0,0,0
191,3,0,0,1,1,1,0.9899,0.9752,0.939,0.8391,1139.689,340.1159,960.1662,347.5361,1089.7,477.0038,1049.6151,467.5445,179.6761,41.1858,0.2292,1,1,46,1
192,3,0,2,1,1,1,0.9912,0.9886,0.9149,0.838,407.7039,268.401,224.6742,269.3448,353.4473,345.5095,179.0772,576.8263,183.0322,289.6763,1.5827,0,0,0,0
192,3,0,1,1,1,1,0.9886,0.9932,0.8799,0.9278,699.5489,353.5022,584.3862,354.7856,753.447,525.4474,558.7832,539.8515,115.1698,195.1961,1.6949,0,0,0,0
192,3,0,0,1,1,1,0.9899,0.9751,0.9389,0.8393,1139.7386,340.123,960.2189,347.5822,1089.7548,476.9844,1049.5348,467.497,179.6747,41.3238,0.23,1,1,47,1
193,3,0,2,1,1,1,0.9898,0.9856,0.9389,0.9071,390.2253,262.5953,217.7614,262.4338,344.9531,290.6535,205.3197,326.3316,172.464,144.1194,0.8356,1,0,0,0
193,3,0,1,1,1,1,0.9869,0.9924,0.8913,0.9351,696.149,351.4476,582.2162,354.8032,753.2477,523.5648,558.0986,539.2992,113.9821,195.7824,1.7177,0,0,0,0
193,3,0,0,1,1,1,0.9899,0.9759,0.9383,0.8433,1139.7305,340.7734,960.2256,347.9716,1099.5593,473.8646,1045.3074,467.4196,179.6491,54.6334,0.3041,1,1,48,1
194,3,0,2,1,1,1,0.9898,0.9856,0.9389,0.9072,390.1782,262.5881,217.8258,262.314,345.0886,290.8287,205.203,326.4654,172.3526,144.3535,0.8375,1,0,0,0
194,3,0,1,1,1,1,0.9869,0.9924,0.8912,0.9351,696.1595,351.4636,582.1992,354.8237,753.2395,523.6042,558.1251,539.2631,114.0099,195.7417,1.7169,0,0,0,0
194,3,0,0,1,1,1,0.9898,0.9759,0.9382,0.8434,1139.7552,340.7592,960.277,347.9336,1099.5435,473.847,1045.2522,467.4463,179.6216,54.6673,0.3043,1,1,49,1
195,3,0,2,1,1,1,0.9914,0.9849,0.9471,0.8931,376.0029,256.9506,206.3124,260.8268,334.172,250.1141,198.8692,273.6505,169.7348,137.3347,0.8091,1,0,0,0
195,3,0,1,1,1,1,0.9874,0.9918,0.8957,0.9325,690.9365,352.0173,577.1754,357.2094,751.5726,522.7366,556.1615,541.7575,113.8796,196.3346,1.7241,0,0,0,0
195,3,0,0,1,1,1,0.9896,0.9761,0.9378,0.8473,1140.076,341.121,960.2758,348.5381,1097.6439,472.1595,1044.7769,466.7649,179.9532,53.1416,0.2953,1,1,50,1
196,3,0,2,1,1,1,0.9888,0.9859,0.9402,0.913,364.2773,254.2781,198.2523,257.6907,322.6046,239.9277,207.9162,236.0004,166.06,114.7556,0.691,1,0,0,0
196,3,0,1,1,1,1,0.9885,0.9908,0.9047,0.9259,686.3338,352.0356,572.7904,358.7226,749.4336,520.234,552.3506,545.0026,113.7401,198.6333,1.7464,0,0,0,0
196,3,0,0,1,1,1,0.9898,0.9769,0.9374,0.8482,1139.6941,341.5701,959.7582,348.5636,1095.3672,469.867,1043.4417,467.4402,180.0717,51.9822,0.2887,1,1,51,1
197,3,0,2,1,1,1,0.9888,0.9859,0.9403,0.913,364.281,254.2524,198.2685,257.673,322.6252,239.9211,207.9227,235.9511,166.0478,114.7711,0.6912,1,0,0,0
197,3,0,1,1,1,1,0.9885,0.9908,0.9047,0.9259,686.3352,352.0354,572.7946,358.729,749.4369,520.2342,552.3406,545.0092,113.7378,198.6473,1.7465,0,0,0,0
197,3,0,0,1,1,1,0.9898,0.9769,0.9374,0.8482,1139.6882,341.5803,959.7607,348.5749,1095.3656,469.8695,1043.4529,467.4328,180.0634,51.9699,0.2886,1,1,52,1
198,3,0,2,1,1,1,0.9889,0.984,0.9413,0.9026,360.0903,252.9422,195.3564,254.8032,311.2268,240.4093,214.6647,222.1041,164.7444,98.2818,0.5966,1,0,0,0
198,3,0,1,1,1,1,0.9886,0.9905,0.9063,0.9255,683.4724,352.2449,569.4524,359.8553,747.4954,518.1848,548.2778,546.0711,114.2737,201.1599,1.7603,0,0,0,0
198,3,0,0,1,1,1,0.99,0.9764,0.9392,0.8464,1139.7059,341.1453,959.9529,348.3179,1096.133,469.902,1041.9678,466.811,179.896,54.2534,0.3016,1,1,53,1
199,3,0,2,1,1,1,0.9889,0.984,0.9412,0.9028,360.1534,252.9832,195.356,254.8484,311.1579,240.3572,214.8322,221.638,164.8079,98.1278,0.5954,1,0,0,0
199,3,0,1,1,1,1,0.9886,0.9905,0.9065,0.9254,683.4572,352.2594,569.4497,359.9422,747.553,518.06,548.2488,545.9492,114.2661,201.2461,1.7612,0,0,0,0
199,3,0,0,1,1,1,0.99,0.9764,0.9392,0.8463,1139.6858,341.0685,959.9765,348.2915,1095.8888,470.0077,1041.7961,466.8642,179.8544,54.1839,0.3013,1,1,54,1
200,3,0,1,1,1,1,0.9893,0.9899,0.9117,0.9209,682.1734,353.3202,566.6361,361.2846,745.7024,517.4266,547.6237,547.7846,115.8115,200.3915,1.7303,0,0,0,0
200,3,0,2,1,1,1,0.99,0.986,0.9426,0.9096,353.9214,253.8426,186.8943,253.0852,300.0507,253.0984,219.3018,243.4758,167.0288,81.3202,0.4869,1,1,1,0
200,3,0,0,1,1,1,0.9899,0.9761,0.9397,0.8471,1139.7587,340.9321,960.0366,348.7176,1094.5565,470.1378,1041.1918,466.6305,179.8906,53.4799,0.2973,1,1,55,1
201,3,0,1,1,1,1,0.9893,0.9899,0.9117,0.9209,682.1546,353.3116,566.6212,361.2517,745.6954,517.451,547.6286,547.7624,115.806,200.3728,1.7302,0,0,0,0
201,3,0,2,1,1,1,0.9899,0.986,0.9426,0.9097,353.92,253.8304,186.8735,253.074,300.1719,253.127,219.1293,243.5994,167.0482,81.6008,0.4885,1,1,2,0
201,3,0,0,1,1,1,0.9899,0.9761,0.9397,0.847,1139.7295,340.9108,960.0509,348.691,1094.4651,470.149,1041.2855,466.6931,179.847,53.2917,0.2963,1,1,56,1
202,3,0,1,1,1,1,0.9894,0.9899,0.9124,0.9211,681.944,353.2127,566.3378,360.5834,744.8788,517.8711,548.5536,544.6634,115.8409,198.1449,1.7105,0,0,0,0
202,3,0,2,1,1,1,0.986,0.9858,0.9144,0.9158,349.6807,255.9852,180.8113,255.3202,292.8611,266.0206,233.4475,257.0853,168.8707,60.0817,0.3558,1,1,3,0
202,3,0,0,1,1,1,0.9903,0.977,0.9396,0.8478,1139.1622,341.0248,959.646,348.6082,1093.0233,469.7774,1041.3982,466.1448,179.6763,51.7528,0.288,1,1,57,1
203,3,0,1,1,1,1,0.9893,0.99,0.9115,0.922,683.3509,354.3078,565.0517,361.038,745.0716,520.0388,552.9423,541.0542,118.4905,193.2752,1.6311,0,0,0,0
203,3,0,2,1,1,1,0.9868,0.985,0.914,0.906,348.7793,260.1603,177.7287,258.4762,286.5664,274.5928,238.3367,267.8142,171.0589,48.7038,0.2847,1,1,4,0
203,3,0,0,1,1,1,0.9903,0.977,0.9401,0.8482,1139.2731,340.928,960.5674,348.2889,1091.8297,470.646,1038.9194,466.716,178.8572,53.056,0.2966,1,1,58,1
204,3,0,1,1,1,1,0.9893,0.99,0.9112,0.922,683.3987,354.3305,565.0382,361.0526,745.036,520.0521,552.9586,541.0718,118.5511,193.2242,1.6299,0,0,0,0
204,3,0,2,1,1,1,0.9869,0.985,0.9141,0.906,348.7669,260.1577,177.7004,258.4747,286.5844,274.5748,238.3281,267.8292,171.0748,48.7256,0.2848,1,1,5,0
204,3,0,0,1,1,1,0.9903,0.977,0.9401,0.848,1139.2775,340.9342,960.575,348.2798,1091.8939,470.62,1038.9165,466.6976,178.8534,53.1224,0.297,1,1,59,1
205,3,0,1,1,1,1,0.9894,0.9895,0.9137,0.9189,685.2368,354.602,566.494,359.4274,748.4076,519.7505,558.0086,534.4182,118.8408,190.9631,1.6069,0,0,0,0
205,3,0,2,1,1,1,0.9866,0.9859,0.908,0.9072,351.251,262.908,175.3705,262.828,278.5474,284.7038,242.392,277.528,175.8806,36.8606,0.2096,1,1,6,1
205,3,0,0,1,1,1,0.9898,0.9792,0.9282,0.8437,1138.5112,341.975,961.1532,350.3967,1088.4645,470.5284,1041.696,468.2238,177.5579,46.8252,0.2637,1,1,60,1
206,3,0,1,1,1,1,0.9894,0.9895,0.9137,0.919,685.2316,354.6145,566.4974,359.4502,748.4015,519.7603,558.0261,534.4171,118.8326,190.9387,1.6068,0,0,0,0
206,3,0,2,1,1,1,0.9866,0.9859,0.908,0.9073,351.2421,262.9305,175.3841,262.8086,278.5276,284.692,242.4001,277.5448,175.858,36.8278,0.2094,1,1,7,1
206,3,0,0,1,1,1,0.9898,0.9793,0.9282,0.8439,1138.491,341.9632,961.1345,350.4261,1088.4185,470.5399,1041.6798,468.2107,177.5582,46.7966,0.2636,1,1,61,1
207,3,0,2,1,1,1,0.9869,0.986,0.9093,0.9062,353.8707,264.8623,177.205,263.6327,278.5855,288.1185,245.8045,282.4335,176.67,33.2703,0.1883,1,1,8,1
207,3,0,1,1,1,1,0.9893,0.9895,0.9125,0.917,690.3785,355.8254,570.6246,357.6891,753.0077,523.6621,569.9408,529.3444,119.7683,183.1551,1.5292,0,0,0,0
207,3,0,0,1,1,1,0.9904,0.9768,0.9395,0.8444,1138.8888,340.5481,960.5418,347.8678,1085.528,471.6233,1042.6827,466.256,178.4971,43.1801,0.2419,1,1,62,1
208,3,0,2,1,1,1,0.9869,0.986,0.9093,0.9062,353.8786,264.8567,177.2015,263.6495,278.6062,288.1546,245.8147,282.3976,176.6812,33.2931,0.1884,1,1,9,1
208,3,0,1,1,1,1,0.9893,0.9895,0.9124,0.917,690.3528,355.8218,570.625,357.7041,753.0022,523.664,569.9106,529.3778,119.7426,183.1808,1.5298,0,0,0,0
208,3,0,0,1,1,1,0.9904,0.9768,0.9394,0.8444,1138.8892,340.5627,960.5052,347.8944,1085.5144,471.6242,1042.7354,466.2544,178.5346,43.1148,0.2415,1,1,63,1
209,3,0,2,1,1,1,0.9861,0.9864,0.9052,0.9091,358.3388,264.327,182.995,264.4354,284.1943,285.7254,247.7034,280.2495,175.3437,36.8995,0.2104,1,1,10,1
209,3,0,1,1,1,1,0.9889,0.9896,0.9096,0.916,696.3619,356.798,577.0784,355.6962,761.2652,523.112,577.6244,525.8446,119.2886,183.6612,1.5396,0,0,0,0
209,3,0,0,1,1,1,0.9905,0.9769,0.9396,0.8437,1138.6085,340.0346,960.384,348.0128,1083.1519,472.9222,1041.2808,466.4348,178.403,42.3707,0.2375,1,1,64,1
210,3,0,2,1,1,1,0.988,0.9885,0.9216,0.9133,364.0354,261.8229,189.2468,264.185,293.6277,280.8328,248.0395,276.1038,174.8045,45.8328,0.2622,1,1,11,1
210,3,0,1,1,1,1,0.9888,0.9901,0.9103,0.9197,706.842,359.2992,584.2051,355.3223,765.8997,528.649,586.0685,522.0194,122.7014,179.9534,1.4666,0,0,0,0
210,3,0,0,1,1,1,0.9904,0.9768,0.9388,0.8435,1138.8077,339.9021,960.3126,348.271,1087.6401,476.2726,1039.8518,467.7106,178.6913,48.5493,0.2717,1,1,65,1
211,3,0,2,1,1,1,0.988,0.9885,0.9216,0.9134,364.0319,261.8449,189.2333,264.1806,293.5952,280.8062,248.0477,276.0862,174.8142,45.7914,0.2619,1,1,12,1
211,3,0,1,1,1,1,0.9888,0.9901,0.9103,0.9197,706.8539,359.3122,584.2071,355.3378,765.9292,528.6692,586.0898,522.0197,122.7112,179.9622,1.4666,0,0,0,0
211,3,0,0,1,1,1,0.9904,0.9769,0.9387,0.8435,1138.8073,339.9075,960.2935,348.3158,1087.6216,476.266,1039.8577,467.713,178.7116,48.5237,0.2715,1,1,66,1
212,3,0,2,1,1,1,0.9878,0.9894,0.9175,0.9168,368.707,261.2123,193.5688,264.5256,296.3392,278.9025,251.2242,273.4682,175.1695,45.4411,0.2594,1,1,13,1
212,3,0,1,1,1,1,0.9886,0.9895,0.9104,0.9151,715.4732,360.2842,591.8448,356.0056,772.4112,533.8368,595.395,519.6557,123.7024,177.5832,1.4356,0,0,0,0
212,3,0,0,1,1,1,0.9901,0.9776,0.9356,0.844,1140.0891,340.3918,960.7549,348.854,1095.9263,479.6562,1040.6095,470.8897,179.5337,56.0071,0.312,1,1,67,1
213,3,0,2,1,1,1,0.9878,0.9894,0.9174,0.9166,368.6972,261.2125,193.5695,264.5166,296.3635,278.8946,251.2099,273.4551,175.1589,45.4801,0.2597,1,1,14,1
213,3,0,1,1,1,1,0.9886,0.9895,0.9105,0.9151,715.4718,360.2826,591.844,355.9996,772.4132,533.811,595.395,519.6438,123.702,177.5842,1.4356,0,0,0,0
213,3,0,0,1,1,1,0.9901,0.9776,0.9357,0.8439,1140.096,340.4041,960.7637,348.8702,1095.9178,479.6586,1040.6295,470.8913,179.5319,55.9791,0.3118,1,1,68,1
214,3,0,2,1,1,1,0.988,0.9897,0.9202,0.9186,373.3742,261.6943,199.8836,265.0909,304.058,284.8417,254.7373,273.1358,173.5239,50.6908,0.2921,1,1,15,1
214,3,0,1,1,1,1,0.9876,0.9898,0.9055,0.9172,723.7744,360.6226,600.6756,355.6864,777.0456,538.9132,601.1006,519.5918,123.1978,177.0026,1.4367,0,0,0,0
214,3,0,0,1,1,1,0.9898,0.9733,0.932,0.8346,1138.3531,340.6922,965.2809,347.4994,1109.9926,482.7928,1046.727,472.7436,173.2061,64.0586,0.3698,1,1,69,1
215,3,0,2,1,1,1,0.988,0.9897,0.9202,0.9185,373.3789,261.6804,199.9385,265.0753,304.0912,284.8251,254.7178,273.1688,173.4736,50.7307,0.2924,1,1,16,1
215,3,0,1,1,1,1,0.9877,0.9898,0.9057,0.917,723.789,360.6229,600.653,355.7052,777.0388,538.8778,601.1568,519.5473,123.2343,176.941,1.4358,0,0,0,0
215,3,0,0,1,1,1,0.9898,0.9732,0.9321,0.8343,1138.3386,340.6948,965.2979,347.5058,1109.5159,482.9536,1046.8601,472.8083,173.1747,63.4718,0.3665,1,1,70,1
216,3,0,2,1,1,1,0.9877,0.9897,0.9204,0.9199,378.2002,262.0574,208.0673,266.4178,311.6518,285.7792,261.754,273.5503,170.1888,51.3745,0.3019,1,1,17,1
216,3,0,0,1,1,1,0.9894,0.9755,0.925,0.837,1139.3281,340.268,964.6565,347.2291,1116.0786,485.9927,1069.8341,483.9224,174.8103,46.2908,0.2648,1,1,71,1
216,3,0,1,1,1,1,0.9882,0.9896,0.91,0.9145,731.6862,359.1957,608.5118,351.971,781.1756,543.1193,601.021,521.5366,123.386,181.4428,1.4705,0,0,0,0
217,3,0,2,1,1,1,0.9877,0.9897,0.9203,0.9199,378.1905,261.9815,208.0694,266.3824,311.6914,285.8379,261.738,273.5129,170.178,51.4513,0.3023,1,1,18,1
217,3,0,0,1,1,1,0.9895,0.9755,0.9252,0.8366,1139.3695,340.2739,964.6658,347.2142,1116.1201,486.0211,1069.7333,483.8572,174.8415,46.4373,0.2656,1,1,72,1
217,3,0,1,1,1,1,0.9882,0.9896,0.9102,0.9143,731.6805,359.2792,608.4952,352.0783,781.2147,543.0878,601.0968,521.5054,123.3956,181.4064,1.4701,0,0,0,0
218,3,0,2,1,1,1,0.984,0.9881,0.9027,0.9228,379.613,262.2506,214.8232,264.7841,308.398,281.8139,270.9893,269.8715,164.8093,39.2686,0.2383,1,1,19,1
218,3,0,0,1,1,1,0.9872,0.9809,0.9016,0.8575,1141.988,340.7882,963.6993,348.3616,1091.7656,486.1206,1107.554,494.9015,178.4495,18.0659,0.1012,1,1,73,1
218,3,0,1,1,1,1,0.9871,0.9904,0.9017,0.9182,737.0028,357.4751,613.6952,351.1459,784.655,540.9288,600.5464,524.674,123.4699,184.8247,1.4969,0,0,0,0
219,3,0,0,1,1,1,0.9873,0.9839,0.8806,0.8707,1145.0759,342.0382,967.6967,346.5898,1164.0553,483.3847,1109.336,498.8925,177.4376,56.8743,0.3205,1,1,74,1
219,3,0,2,1,1,1,0.9837,0.9881,0.9029,0.9231,384.6555,261.9902,218.8204,264.8758,311.6865,282.5865,275.9573,272.7906,165.8602,37.0477,0.2234,1,1,20,1
219,3,0,1,1,1,1,0.9884,0.9908,0.91,0.9194,741.7382,355.0124,617.7322,349.9281,784.1908,542.3065,597.674,531.7465,124.1102,186.8155,1.5052,0,0,0,0
220,3,0,0,1,1,1,0.9873,0.9839,0.8804,0.8707,1145.0901,342.0802,967.715,346.5705,1164.1407,483.4486,1109.42,498.8738,177.4319,56.8533,0.3204,1,1,75,1
220,3,0,2,1,1,1,0.9837,0.9881,0.903,0.923,384.6734,262.0242,218.812,264.8922,311.7126,282.5969,275.826,272.9576,165.8863,37.1586,0.224,1,1,21,1
220,3,0,1,1,1,1,0.9884,0.9908,0.91,0.9193,741.7414,355.0294,617.739,349.9147,784.1986,542.367,597.6726,531.7409,124.1077,186.8284,1.5054,0,0,0,0
221,3,0,0,1,1,1,0.9858,0.9886,0.8481,0.8874,1142.2147,343.3643,969.4225,350.9169,1179.388,495.9588,1119.3882,501.4134,172.9572,60.2472,0.3483,0,0,0,0
221,3,0,2,1,1,1,0.9838,0.9882,0.9049,0.9239,389.9701,261.2899,223.1312,265.4855,316.0126,282.643,279.8515,273.5616,166.8916,37.284,0.2234,1,1,22,1
221,3,0,1,1,1,1,0.9892,0.9906,0.9156,0.9164,745.1628,353.3988,620.3151,350.0896,782.853,541.0342,592.6196,539.6638,124.8915,190.2384,1.5232,0,0,0,0
222,3,0,0,1,1,1,0.9859,0.9886,0.8485,0.8871,1142.1993,343.2924,969.4098,350.9313,1179.9437,496.046,1119.4014,501.5738,172.9583,60.7942,0.3515,0,0,0,0
222,3,0,2,1,1,1,0.9838,0.9882,0.9049,0.9238,389.9813,261.3258,223.1519,265.491,315.9888,282.5224,279.7768,273.6695,166.8814,37.2784,0.2234,1,1,23,1
222,3,0,1,1,1,1,0.9891,0.9906,0.9154,0.9163,745.1492,353.3827,620.3334,350.0769,782.8436,541.0162,592.632,539.6343,124.8596,190.2166,1.5234,0,0,0,0
223,3,0,0,1,1,1,0.9866,0.9888,0.8525,0.8865,1143.5669,341.803,972.7606,350.9575,1184.4579,498.4721,1128.2728,510.0448,171.0515,57.3645,0.3354,0,0,0,0
223,3,0,2,1,1,1,0.9872,0.9863,0.9106,0.9158,393.4599,263.3483,226.5459,264.7113,316.7893,277.6398,282.8259,274.5184,166.9196,34.1065,0.2043,1,1,24,1
223,3,0,1,1,1,1,0.9897,0.9905,0.9182,0.9143,747.024,351.428,622.25,349.6358,781.9494,537.9624,586.8549,539.9398,124.7869,195.1044,1.5635,0,0,0,0
224,3,0,0,1,1,1,0.9866,0.9888,0.8525,0.8865,1143.5706,341.8032,972.7623,350.959,1184.4457,498.4577,1128.2769,510.0552,171.0534,57.3536,0.3353,0,0,0,0
224,3,0,2,1,1,1,0.9872,0.9863,0.9106,0.9158,393.4408,263.3505,226.534,264.704,316.7969,277.6487,282.8635,274.539,166.9123,34.0756,0.2042,1,1,25,1
224,3,0,1,1,1,1,0.9897,0.9905,0.9182,0.9143,747.0108,351.4076,622.2379,349.6236,781.9188,537.9394,586.8568,539.9336,124.7856,195.0721,1.5633,0,0,0,0
225,3,0,0,1,1,1,0.9859,0.9891,0.8507,0.8895,1144.6825,340.8906,975.2427,351.5575,1200.3336,491.379,1142.814,521.0868,169.7753,64.7384,0.3813,0,0,0,0
225,3,0,2,1,1,1,0.9866,0.987,0.9078,0.9203,395.4438,262.7879,227.8524,264.7091,321.041,279.7169,286.8223,276.0742,167.6024,34.412,0.2053,1,1,26,1
225,3,0,1,1,1,1,0.99,0.9909,0.9194,0.9163,747.5462,350.649,622.4086,350.6104,782.7482,533.5247,581.3842,539.3944,125.1376,201.4495,1.6098,0,0,0,0
226,3,0,0,1,1,1,0.9859,0.9891,0.8508,0.8895,1144.6802,340.8845,975.243,351.5542,1200.3246,491.3974,1142.823,521.1236,169.7728,64.7308,0.3813,0,0,0,0
226,3,0,2,1,1,1,0.9866,0.987,0.9078,0.9203,395.4302,262.7906,227.8529,264.7136,321.0504,279.7242,286.839,276.0819,167.5883,34.4047,0.2053,1,1,27,1
226,3,0,1,1,1,1,0.99,0.9909,0.9194,0.9162,747.5534,350.6625,622.4124,350.6228,782.7526,533.5324,581.3808,539.3995,125.1411,201.4572,1.6098,0,0,0,0
227,3,0,0,1,1,1,0.9844,0.9902,0.8316,0.8972,1144.9613,341.3986,976.7115,351.9827,1207.0878,492.9889,1144.3035,523.7048,168.5824,69.8952,0.4146,0,0,0,0
227,3,0,2,1,1,1,0.9867,0.987,0.9079,0.9192,397.4094,263.653,228.896,264.6026,325.3927,282.59,289.7585,278.2838,168.516,35.8935,0.213,1,1,28,1
227,3,0,1,1,1,1,0.9897,0.991,0.9181,0.9184,747.1194,349.4215,621.9035,350.9719,782.1524,530.6026,579.3482,539.5242,125.2255,203.0003,1.6211,0,0,0,0
228,3,0,0,1,1,1,0.9844,0.9902,0.8314,0.8972,1144.9832,341.4066,976.7242,351.9723,1207.0092,493.1004,1144.2964,523.721,168.5904,69.789,0.414,0,0,0,0
228,3,0,2,1,1,1,0.9867,0.987,0.9077,0.9192,397.4151,263.6393,228.9092,264.5913,325.449,282.5992,289.7636,278.2736,168.5087,35.9466,0.2133,1,1,29,1
228,3,0,1,1,1,1,0.9897,0.991,0.918,0.9184,747.1182,349.421,621.9109,350.9702,782.1694,530.6245,579.3562,539.5095,125.2169,203.0076,1.6212,0,0,0,0
229,3,0,0,1,1,1,0.9842,0.9904,0.8296,0.8998,1143.9056,341.3447,976.9468,352.1033,1214.0286,492.3306,1144.792,524.7318,167.3051,76.443,0.4569,0,0,0,0
229,3,0,2,1,1,1,0.9869,0.987,0.9092,0.9187,398.4234,263.8398,228.4532,263.6415,327.7245,284.1304,291.6262,278.8505,169.9703,36.4824,0.2146,1,1,30,1
229,3,0,1,1,1,1,0.9896,0.9911,0.9152,0.9186,744.821,349.1883,620.142,351.8995,782.7544,528.7629,576.968,541.5854,124.7086,206.1854,1.6533,0,0,0,0
230,3,0,0,1,1,1,0.9842,0.9904,0.8298,0.8998,1143.8945,341.3497,976.9433,352.1186,1214.0953,492.2438,1144.8337,524.8132,167.2982,76.5371,0.4575,0,0,0,0
230,3,0,2,1,1,1,0.9869,0.987,0.9093,0.9187,398.4257,263.8446,228.4579,263.632,327.7417,284.1383,291.623,278.8686,169.9679,36.501,0.2148,1,1,31,1
230,3,0,1,1,1,1,0.9896,0.9911,0.9153,0.9186,744.8366,349.1929,620.145,351.9022,782.7271,528.7954,576.9718,541.6047,124.721,206.1536,1.6529,0,0,0,0
231,3,0,0,1,1,1,0.9843,0.991,0.828,0.8905,1145.0958,339.0911,979.1404,350.9702,1219.9286,492.3373,1145.2015,528.2898,166.38,82.9259,0.4984,0,0,0,0
231,3,0,2,1,1,1,0.987,0.9867,0.9099,0.9169,399.2391,264.4993,229.4846,263.5786,328.841,285.0502,292.0116,279.3436,169.757,37.2689,0.2195,1,1,32,1
231,3,0,1,1,1,1,0.9893,0.9909,0.912,0.9153,742.4852,349.8954,616.8504,353.0752,783.549,528.7462,574.2674,547.0899,125.675,210.0839,1.6716,0,0,0,0
232,3,0,0,1,1,1,0.9837,0.9904,0.826,0.8998,1145.2241,341.0426,980.0088,352.0476,1217.3987,493.5272,1148.9886,525.6214,165.5814,75.5643,0.4564,0,0,0,0
232,3,0,2,1,1,1,0.9869,0.9868,0.9092,0.9177,399.4031,264.9478,229.603,263.5396,328.9215,283.9708,292.5865,277.8698,169.8059,36.8437,0.217,1,1,33,1
232,3,0,1,1,1,1,0.9897,0.9915,0.9142,0.9212,738.7367,348.6458,612.6476,352.0813,783.0224,527.6808,571.8128,546.6448,126.1358,212.0593,1.6812,0,0,0,0
233,3,0,0,1,1,1,0.9837,0.9904,0.8261,0.8998,1145.2305,341.0332,980.0227,352.0309,1217.4094,493.5481,1148.9955,525.624,165.5734,75.5601,0.4564,0,0,0,0
233,3,0,2,1,1,1,0.9869,0.9868,0.9092,0.9177,399.4133,264.9401,229.6095,263.5425,328.9234,283.9693,292.5782,277.8544,169.8095,36.8559,0.217,1,1,34,1
233,3,0,1,1,1,1,0.9897,0.9915,0.9144,0.9211,738.7414,348.6434,612.648,352.0772,783.033,527.6904,571.8164,546.6484,126.1402,212.0656,1.6812,0,0,0,0
234,3,0,0,1,1,1,0.984,0.9911,0.8267,0.8914,1146.0989,339.6165,979.9512,351.4237,1219.7266,492.3952,1146.948,528.7787,166.5667,81.3663,0.4885,0,0,0,0
234,3,0,2,1,1,1,0.9871,0.9867,0.9103,0.9169,399.0467,264.7616,229.46,263.035,329.2803,283.3766,292.6716,278.1399,169.5955,36.9813,0.2181,1,1,35,1
234,3,0,1,1,1,1,0.9893,0.9918,0.9101,0.9231,735.2931,348.8049,608.7476,352.882,782.341,529.443,571.5526,547.7082,126.6111,211.5783,1.6711,0,0,0,0
235,3,0,0,1,1,1,0.9835,0.9905,0.8235,0.9004,1146.0543,341.4074,980.2072,352.0475,1216.0168,495.2306,1147.6195,526.0234,166.1881,75.0093,0.4514,0,0,0,0
235,3,0,2,1,1,1,0.9871,0.9867,0.9103,0.9169,399.0214,264.7423,229.4454,263.0126,329.2498,283.3977,292.6526,278.1298,169.5848,36.9743,0.218,1,1,36,1
235,3,0,1,1,1,1,0.9892,0.9919,0.9094,0.9234,735.2014,348.7524,608.7124,352.8353,782.2981,529.4538,571.584,547.6618,126.5548,211.4993,1.6712,0,0,0,0
236,3,0,0,1,1,1,0.984,0.9902,0.8276,0.897,1147.0538,341.96,979.0189,352.0472,1211.9537,495.6438,1142.4921,526.5379,168.3375,76.0222,0.4516,0,0,0,0
236,3,0,2,1,1,1,0.9873,0.9866,0.9118,0.9162,398.5647,264.5366,229.172,262.5446,327.991,282.8998,291.447,277.6857,169.4044,36.914,0.2179,1,1,37,1
236,3,0,1,1,1,1,0.9886,0.9918,0.9044,0.9235,731.9502,349.1642,605.891,351.9724,781.6416,531.7708,569.725,546.6613,126.0905,212.4391,1.6848,0,0,0,0
237,3,0,0,1,1,1,0.984,0.9902,0.8275,0.8971,1147.0215,342.0084,978.9941,352.0362,1211.9341,495.8862,1142.6244,526.5915,168.3263,75.8066,0.4504,0,0,0,0
237,3,0,2,1,1,1,0.9873,0.9866,0.9116,0.9162,398.5736,264.5899,229.1366,262.6292,328.2972,283.1515,291.4192,277.7445,169.4483,37.2724,0.22,1,1,38,1
237,3,0,1,1,1,1,0.9886,0.9918,0.9044,0.9235,731.9044,349.1401,605.8932,351.993,781.6972,531.7196,569.6136,546.6422,126.0435,212.6078,1.6868,0,0,0,0
238,3,0,0,1,1,1,0.9837,0.9906,0.8271,0.9019,1146.7136,341.9632,977.2946,352.4226,1205.5331,494.451,1138.4174,528.8737,169.7416,75.4284,0.4444,0,0,0,0
238,3,0,1,1,1,1,0.989,0.9919,0.9056,0.9234,728.895,350.414,602.4912,351.9324,778.6328,533.7284,568.8836,544.1734,126.4129,210.0091,1.6613,0,0,0,0
238,3,0,2,1,1,1,0.9871,0.987,0.9103,0.9188,397.7916,264.5072,228.4859,263.0713,326.223,281.8302,289.5565,279.3016,169.3118,36.7537,0.2171,1,1,39,1
239,3,0,0,1,1,1,0.985,0.9901,0.8329,0.8919,1146.814,343.125,975.3245,352.7082,1187.6184,506.4682,1125.5836,528.4706,171.757,65.8211,0.3832,0,0,0,0
239,3,0,1,1,1,1,0.9887,0.9916,0.9031,0.9211,725.3082,350.331,600.3674,351.6674,776.6245,534.3944,569.6426,541.3022,124.9479,207.0972,1.6575,0,0,0,0
239,3,0,2,1,1,1,0.9868,0.9872,0.907,0.9193,396.0761,264.7164,227.6055,263.557,323.6167,279.2016,288.2012,277.4254,168.4746,35.46,0.2105,1,1,40,1
240,3,0,0,1,1,1,0.985,0.9901,0.8328,0.892,1146.8036,343.0614,975.2765,352.6888,1187.6946,506.4412,1125.602,528.4374,171.7971,65.8735,0.3834,0,0,0,0
240,3,0,1,1,1,1,0.9886,0.9915,0.9028,0.9208,725.3195,350.3954,600.366,351.6977,776.6294,534.4721,569.6316,541.3204,124.9603,207.1111,1.6574,0,0,0,0
240,3,0,2,1,1,1,0.9868,0.9872,0.907,0.9193,396.043,264.7307,227.5933,263.565,323.6857,279.2341,288.2064,277.464,168.4537,35.5234,0.2109,1,1,41,1
241,3,0,0,1,1,1,0.986,0.9888,0.8395,0.8774,1147.477,344.4788,974.248,352.9434,1164.6377,512.8602,1115.4896,527.6886,173.4357,51.3363,0.296,1,1,1,0
241,3,0,1,1,1,1,0.9886,0.991,0.9033,0.9167,723.6264,351.6938,598.8557,351.9679,775.7235,535.356,570.3275,541.5287,124.7711,205.4887,1.6469,0,0,0,0
241,3,0,2,1,1,1,0.9867,0.9873,0.9058,0.9189,395.941,264.2493,227.8392,263.7666,323.1699,277.2306,286.7327,278.6244,168.1024,36.4638,0.2169,1,1,42,1
242,3,0,0,1,1,1,0.9859,0.9889,0.8391,0.8775,1147.4531,344.4769,974.2628,352.9172,1164.6997,512.8642,1115.4615,527.6923,173.3959,51.4225,0.2966,1,1,2,0
242,3,0,1,1,1,1,0.9886,0.991,0.9033,0.9166,723.622,351.7015,598.87,351.919,775.7082,535.477,570.3079,541.4483,124.7522,205.487,1.6472,0,0,0,0
242,3,0,2,1,1,1,0.9867,0.9873,0.9056,0.9189,395.9224,264.2483,227.8237,263.7539,323.1947,277.2558,286.7209,278.6091,168.0994,36.4989,0.2171,1,1,43,1
243,3,0,0,1,1,1,0.9892,0.986,0.8724,0.8548,1147.8618,344.9402,970.519,351.0424,1120.003,517.9418,1100.0994,521.6158,177.4477,20.2399,0.1141,1,1,3,0
243,3,0,1,1,1,1,0.9884,0.9911,0.9017,0.9181,723.1969,351.9353,597.7871,351.6729,774.1219,537.3366,570.4248,539.5855,125.4101,203.7096,1.6243,0,0,0,0
243,3,0,2,1,1,1,0.9869,0.9872,0.9065,0.9182,394.9244,265.0866,227.7739,264.2078,327.4424,279.4756,288.5505,283.6208,167.1529,39.1122,0.234,1,1,44,1
244,3,0,0,1,1,1,0.9891,0.9861,0.8721,0.855,1147.8483,344.9497,970.5319,351.0786,1120.1868,517.9016,1099.9973,521.6759,177.4223,20.5392,0.1158,1,1,4,0
244,3,0,1,1,1,1,0.9884,0.9911,0.9016,0.9181,723.2094,351.9258,597.8036,351.655,774.1164,537.3384,570.4164,539.5967,125.4062,203.7126,1.6244,0,0,0,0
244,3,0,2,1,1,1,0.9869,0.9872,0.9064,0.9182,394.9317,265.0585,227.7789,264.1734,327.4834,279.4668,288.5444,283.5967,167.1552,39.1574,0.2343,1,1,45,1
245,3,0,1,1,1,1,0.988,0.9914,0.8983,0.921,722.1754,352.0089,596.8589,351.0045,772.237,538.1118,569.07,538.8285,125.3205,203.1683,1.6212,0,0,0,0
245,3,0,2,1,1,1,0.9871,0.9873,0.9078,0.9184,393.6182,264.3215,226.0952,263.2234,328.6368,280.1278,288.4194,285.2796,167.5266,40.546,0.242,1,1,46,1
245,3,0,0,1,1,1,0.9915,0.9779,0.9138,0.8232,1146.3932,343.4622,969.063,347.9378,1068.6531,520.2595,1096.7203,517.6007,177.3866,28.1929,0.1589,1,1,5,0
246,3,0,1,1,1,1,0.988,0.9919,0.898,0.9252,721.4204,352.362,596.303,350.716,769.6984,539.2838,568.211,539.6474,125.1283,201.4877,1.6102,0,0,0,0
246,3,0,2,1,1,1,0.987,0.9876,0.9067,0.9202,391.8821,263.9748,225.2092,263.688,326.3385,278.9365,286.2182,285.8077,166.6732,40.7045,0.2442,1,1,47,1
246,3,0,0,1,1,1,0.9896,0.9782,0.9276,0.8335,1144.4313,343.413,964.4251,350.8427,1037.5826,515.4098,1065.3848,514.333,180.1594,27.823,0.1544,1,1,6,1
247,3,0,1,1,1,1,0.988,0.992,0.898,0.9252,721.408,352.3397,596.308,350.6976,769.6511,539.2332,568.1968,539.666,125.1107,201.4547,1.6102,0,0,0,0
247,3,0,2,1,1,1,0.987,0.9876,0.9067,0.9202,391.8763,263.9873,225.2187,263.6906,326.3069,278.9404,286.2109,285.832,166.6579,40.6839,0.2441,1,1,48,1
247,3,0,0,1,1,1,0.9896,0.9782,0.9276,0.8336,1144.4116,343.4069,964.4278,350.8416,1037.7045,515.428,1065.3068,514.3458,180.1373,27.6235,0.1533,1,1,7,1
248,3,0,1,1,1,1,0.9878,0.992,0.8963,0.9257,721.0672,352.55,596.6569,350.272,768.0556,538.3172,566.3648,539.1676,124.4311,201.6925,1.6209,0,0,0,0
248,3,0,2,1,1,1,0.9872,0.9873,0.9088,0.9186,391.2311,263.2908,224.5541,263.2672,324.5064,278.747,283.4807,285.7333,166.677,41.6163,0.2497,1,1,49,1
248,3,0,0,1,1,1,0.9909,0.9767,0.9384,0.8286,1137.3466,343.8069,963.3312,350.032,1028.2611,513.2822,1020.5272,512.5738,174.1266,7.7663,0.0446,1,1,8,1
249,3,0,1,1,1,1,0.9878,0.992,0.8962,0.9257,721.0128,352.5782,596.6202,350.2847,768.0326,538.3722,566.3606,539.1729,124.4138,201.6736,1.621,0,0,0,0
249,3,0,2,1,1,1,0.9872,0.9873,0.9088,0.9187,391.2246,263.3246,224.5359,263.2839,324.4925,278.7796,283.4907,285.7802,166.6887,41.5951,0.2495,1,1,50,1
249,3,0,0,1,1,1,0.9909,0.9767,0.9385,0.8286,1137.3406,343.7942,963.3763,350.0138,1028.3156,513.2954,1020.3295,512.6208,174.0754,8.0145,0.046,1,1,9,1
250,3,0,1,1,1,1,0.9876,0.9921,0.8947,0.9263,721.0348,352.6635,597.0717,350.2777,766.4318,538.2444,564.6745,540.0998,123.986,201.7658,1.6273,0,0,0,0
250,3,0,2,1,1,1,0.9872,0.9873,0.9082,0.9187,390.5806,262.9492,223.4508,263.1054,323.6383,278.5983,282.0557,286.7781,167.13,42.3795,0.2536,1,1,51,1
250,3,0,0,1,1,1,0.9913,0.9749,0.9404,0.8138,1133.2593,341.8052,960.6255,350.2999,1009.7927,510.755,1009.7594,499.5841,172.8427,11.1709,0.0646,1,1,10,1
251,3,0,1,1,1,1,0.9876,0.9921,0.8951,0.9261,721.0728,352.6876,597.0575,350.2854,766.4004,538.2442,564.6616,540.0396,124.0385,201.7468,1.6265,0,0,0,0
251,3,0,2,1,1,1,0.9871,0.9873,0.9079,0.9188,390.5623,262.9366,223.4357,263.1308,323.6364,278.5854,282.0412,286.7397,167.1268,42.387,0.2536,1,1,52,1
251,3,0,0,1,1,1,0.9913,0.975,0.9402,0.8148,1133.2639,341.8131,960.6431,350.3995,1009.2253,510.6145,1010.7091,499.6614,172.8342,11.0532,0.064,1,1,11,1
252,3,0,1,1,1,1,0.9873,0.9918,0.8934,0.924,720.1444,352.5393,597.2766,350.2846,765.0088,537.4146,562.7544,541.823,122.8884,202.3025,1.6462,0,0,0,0
252,3,0,2,1,1,1,0.987,0.9875,0.9061,0.9192,390.1211,263.3006,222.8976,263.8064,322.9658,278.917,280.7187,286.9643,167.2242,43.0067,0.2572,1,1,53,1
252,3,0,0,1,1,1,0.9915,0.9751,0.9417,0.8081,1125.7782,339.9062,962.1198,349.9219,983.5461,511.4811,959.3412,503.1596,163.9646,25.5954,0.1561,1,1,12,1
253,3,0,1,1,1,1,0.9873,0.9918,0.8933,0.924,720.1466,352.5335,597.2846,350.2805,765.0183,537.4226,562.7428,541.8352,122.8826,202.3236,1.6465,0,0,0,0
253,3,0,2,1,1,1,0.9871,0.9875,0.9061,0.9192,390.114,263.2878,222.9058,263.8041,322.9608,278.9378,280.705,287.0132,167.209,43.0205,0.2573,1,1,54,1
253,3,0,0,1,1,1,0.9915,0.9751,0.9417,0.8081,1125.7756,339.8985,962.1369,349.9149,983.5329,511.5056,959.1946,503.1268,163.945,25.7401,0.157,1,1,13,1
254,3,0,1,1,1,1,0.9888,0.9924,0.8833,0.9151,719.3397,354.7198,596.521,350.9336,762.552,536.1333,560.6388,543.2039,122.877,202.0369,1.6442,0,0,0,0
254,3,0,2,1,1,1,0.9829,0.9896,0.8951,0.9283,390.6611,260.5808,221.7087,264.3376,323.4655,281.9556,280.3674,289.3165,168.9942,43.7222,0.2587,1,1,55,1
254,3,0,0,1,1,1,0.991,0.9749,0.9422,0.8163,1119.8195,338.6452,964.1519,346.3002,965.8557,508.642,931.2532,503.403,155.8557,34.9968,0.2245,0,0,0,0
255,3,0,1,1,1,1,0.9888,0.9924,0.8827,0.9145,719.5741,354.9264,595.7567,351.5938,762.0135,536.278,560.0806,543.1974,123.8622,202.0514,1.6313,0,0,0,0
255,3,0,2,1,1,1,0.9832,0.9895,0.8972,0.9275,390.7169,260.4804,221.8028,264.6214,322.4982,281.6381,279.5896,289.3618,168.9649,43.5981,0.258,1,1,56,1
255,3,0,0,1,1,1,0.9907,0.976,0.9386,0.8146,1115.5635,338.0353,962.4207,347.1603,955.2969,508.7308,915.5192,511.8312,153.4144,39.8984,0.2601,0,0,0,0
256,3,0,1,1,1,1,0.9888,0.9924,0.8825,0.9145,719.5338,354.878,595.7524,351.5538,762.0213,536.276,560.1098,543.0864,123.826,202.0263,1.6315,0,0,0,0
256,3,0,2,1,1,1,0.9832,0.9895,0.8972,0.9274,390.7075,260.5048,221.7872,264.6681,322.5376,281.6018,279.5916,289.2268,168.9716,43.6177,0.2581,1,1,57,1
256,3,0,0,1,1,1,0.9907,0.976,0.9386,0.8146,1115.5609,338.0238,962.3896,347.1771,955.2908,508.7304,915.433,511.8424,153.4445,39.9791,0.2605,0,0,0,0
257,3,0,1,1,1,1,0.9889,0.9924,0.8834,0.9144,719.4806,354.8128,595.8138,351.7752,761.6022,535.9768,559.5589,544.31,123.7041,202.215,1.6347,0,0,0,0
257,3,0,2,1,1,1,0.9873,0.9873,0.9084,0.9188,390.0349,262.95,222.7836,264.6108,319.7778,278.1698,280.5978,285.6012,167.2596,39.8786,0.2384,1,1,58,1
257,3,0,0,1,1,1,0.9911,0.9751,0.9411,0.8106,1112.8087,337.9585,961.8501,346.4631,945.1506,510.4265,907.3644,512.1565,151.198,37.8257,0.2502,0,0,0,0
258,3,0,1,1,1,1,0.9889,0.9924,0.8834,0.9144,719.4928,354.8013,595.8117,351.7623,761.6021,536.0192,559.582,544.2335,123.7184,202.1871,1.6343,0,0,0,0
258,3,0,2,1,1,1,0.9872,0.9873,0.9082,0.9189,390.049,262.9225,222.7958,264.637,319.7936,278.1932,280.5455,285.5762,167.2619,39.9364,0.2388,1,1,59,1
258,3,0,0,1,1,1,0.9911,0.9751,0.9411,0.8107,1112.7664,337.9071,961.8705,346.429,945.1873,510.3712,907.3228,512.1592,151.1363,37.9067,0.2508,0,0,0,0
259,3,0,1,1,1,1,0.9888,0.9924,0.8817,0.914,719.1856,354.8292,594.9129,352.0773,760.86,536.5921,558.8698,544.924,124.3032,202.162,1.6264,0,0,0,0
259,3,0,2,1,1,1,0.9837,0.9888,0.9013,0.9235,391.394,259.9868,223.3969,264.8198,317.1742,282.4121,276.4317,286.743,168.0666,40.9721,0.2438,1,1,60,1
259,3,0,0,1,1,1,0.9915,0.9742,0.944,0.8062,1110.2637,337.5805,960.0705,345.8704,940.505,510.88,903.0267,513.5146,150.4218,37.5708,0.2498,0,0,0,0
260,3,0,1,1,1,1,0.9888,0.9924,0.8818,0.9141,719.1853,354.8531,594.9104,352.0912,760.8872,536.5768,558.889,544.9115,124.3055,202.17,1.6264,0,0,0,0
260,3,0,2,1,1,1,0.9837,0.9888,0.9012,0.9235,391.4528,260.0027,223.402,264.8713,317.1366,282.3367,276.5202,286.6088,168.1212,40.8405,0.2429,1,1,61,1
260,3,0,0,1,1,1,0.9914,0.9741,0.944,0.8061,1110.2546,337.5801,960.0651,345.8664,940.4789,510.8809,903.0074,513.4444,150.418,37.5591,0.2497,0,0,0,0
261,3,0,1,1,1,1,0.9888,0.9921,0.8836,0.9116,719.1128,354.3678,595.4002,352.0871,760.8659,535.6378,558.7398,545.719,123.7335,202.3773,1.6356,0,0,0,0
261,3,0,2,1,1,1,0.9831,0.9892,0.8987,0.9271,391.6557,258.7771,223.3457,265.1161,310.0708,282.0494,274.995,274.608,168.4293,35.8565,0.2129,1,1,62,1
261,3,0,0,1,1,1,0.9917,0.9736,0.9454,0.8036,1107.5358,337.1158,958.5814,345.3362,937.2374,511.8955,898.4922,508.664,149.181,38.8798,0.2606,0,0,0,0
262,3,0,1,1,1,1,0.9888,0.9921,0.8831,0.9119,719.0786,354.3518,595.383,352.0338,760.8906,535.6344,558.7208,545.6504,123.7173,202.4178,1.6361,0,0,0,0
262,3,0,2,1,1,1,0.9831,0.9892,0.8986,0.9271,391.6521,258.7832,223.3262,265.1167,310.0832,282.0578,274.986,274.6179,168.4449,35.8771,0.213,1,1,63,1
262,3,0,0,1,1,1,0.9917,0.9736,0.9454,0.8035,1107.5217,337.1047,958.5876,345.3018,937.1556,511.9217,898.5138,508.741,149.1595,38.7725,0.2599,0,0,0,0
263,3,0,1,1,1,1,0.9891,0.9918,0.8869,0.9089,719.5497,354.47,595.364,352.4885,760.9372,535.2837,558.7133,546.4378,124.2014,202.5313,1.6307,0,0,0,0
263,3,0,2,1,1,1,0.9833,0.9889,0.9021,0.9256,392.9532,258.2872,224.0148,264.8002,307.108,295.1412,272.4155,278.1697,169.0639,38.6213,0.2284,1,1,64,1
263,3,0,0,1,1,1,0.9919,0.9731,0.947,0.8012,1106.2938,337.1948,957.7294,346.0816,934.204,510.8182,896.2496,507.3221,148.83,38.115,0.2561,0,0,0,0
264,3,0,1,1,1,1,0.9891,0.9918,0.8869,0.9089,719.5538,354.4652,595.3755,352.4796,760.9482,535.2894,558.698,546.4735,124.1942,202.5592,1.631,0,0,0,0
264,3,0,2,1,1,1,0.9833,0.9889,0.9021,0.9256,392.9527,258.303,224.0133,264.8146,307.1268,295.1906,272.4045,278.2133,169.0648,38.6505,0.2286,1,1,65,1
264,3,0,0,1,1,1,0.9919,0.9731,0.947,0.8013,1106.3115,337.1626,957.7122,346.097,934.1768,510.8051,896.2388,507.345,148.8676,38.0955,0.2559,0,0,0,0
265,3,0,1,1,1,1,0.9885,0.9904,0.9052,0.9139,719.7906,352.6619,595.8498,352.089,763.144,534.6448,560.9738,549.1438,123.9422,202.6895,1.6354,0,0,0,0
265,3,0,2,1,1,1,0.984,0.9884,0.907,0.9239,393.4949,258.5438,224.2599,262.5432,307.4225,299.5236,270.9064,283.2503,169.2822,39.9781,0.2362,1,1,66,1
265,3,0,0,1,1,1,0.9919,0.973,0.9459,0.7987,1104.4388,336.529,956.9956,345.5902,933.5307,510.6894,895.3743,507.724,147.7214,38.2714,0.2591,0,0,0,0
266,3,0,1,1,1,1,0.9862,0.9909,0.8891,0.918,719.173,353.8696,594.7323,353.6841,763.9547,535.0542,560.9112,556.621,124.4408,204.1858,1.6408,0,0,0,0
266,3,0,2,1,1,1,0.9882,0.986,0.9175,0.9122,393.631,261.3586,226.478,262.0276,307.9076,296.8014,271.3841,280.8627,167.1543,39.8499,0.2384,1,1,67,1
266,3,0,0,1,1,1,0.9917,0.9729,0.9455,0.8006,1104.3226,336.5188,956.9628,345.8702,933.8301,510.2918,895.7506,507.407,147.6563,38.1886,0.2586,0,0,0,0
267,3,0,1,1,1,1,0.9862,0.9909,0.8891,0.918,719.1698,353.8644,594.7406,353.6763,763.9478,535.039,560.8985,556.6202,124.4293,204.193,1.641,0,0,0,0
267,3,0,2,1,1,1,0.9882,0.986,0.9175,0.9122,393.6417,261.3953,226.4604,262.0192,307.867,296.787,271.3712,280.8436,167.1825,39.8263,0.2382,1,1,68,1
267,3,0,0,1,1,1,0.9917,0.9729,0.9455,0.8006,1104.3605,336.5426,956.9672,345.8915,933.801,510.3075,895.7443,507.4104,147.6895,38.1669,0.2584,0,0,0,0
268,3,0,1,1,1,1,0.9859,0.9907,0.8882,0.9168,718.9096,357.2363,594.3711,356.635,765.7016,534.3064,565.6082,559.313,124.54,201.6501,1.6192,0,0,0,0
268,3,0,2,1,1,1,0.9884,0.9861,0.9182,0.9121,393.7662,261.7066,227.25,261.7206,308.403,294.9952,272.6461,278.8528,166.5161,39.2318,0.2356,1,1,69,1
268,3,0,0,1,1,1,0.991,0.9746,0.9413,0.8098,1103.9368,336.151,955.7151,347.7252,928.436,504.0802,890.1826,493.9463,148.6729,39.5729,0.2662,0,0,0,0
269,3,0,1,1,1,1,0.9859,0.9907,0.8882,0.9168,718.9252,357.2432,594.3852,356.6338,765.7083,534.3144,565.6087,559.2984,124.5415,201.6533,1.6192,0,0,0,0
269,3,0,2,1,1,1,0.9884,0.9861,0.9182,0.912,393.7666,261.7099,227.2642,261.7131,308.4384,294.9806,272.6456,278.8896,166.5023,39.2433,0.2357,1,1,70,1
269,3,0,0,1,1,1,0.991,0.9746,0.9413,0.8099,1103.9149,336.1407,955.7369,347.7374,928.4301,504.0818,890.1467,493.8886,148.6311,39.6172,0.2665,0,0,0,0
270,3,0,1,1,1,1,0.9884,0.9924,0.8865,0.9189,721.3448,358.8634,596.0924,353.7388,766.2097,533.6392,572.3998,546.095,125.3572,194.2098,1.5493,0,0,0,0
270,3,0,2,1,1,1,0.9885,0.986,0.9193,0.9124,394.4702,262.5436,226.9153,262.6056,308.9896,293.0722,272.7976,278.7393,167.5549,38.9267,0.2323,1,1,71,1
270,3,0,0,1,1,1,0.9904,0.9758,0.9396,0.822,1103.7659,335.1719,955.8231,348.8596,926.8298,484.0258,886.9749,479.2954,148.5746,40.1347,0.2701,0,0,0,0
271,3,0,1,1,1,1,0.9884,0.9924,0.8865,0.919,721.347,358.8813,596.0848,353.7624,766.2492,533.7354,572.421,546.1388,125.3667,194.2246,1.5493,0,0,0,0
271,3,0,2,1,1,1,0.9884,0.986,0.9191,0.9123,394.451,262.48,226.9477,262.5896,309.006,293.0675,272.8072,278.6657,167.5033,38.9584,0.2326,1,1,72,1
271,3,0,0,1,1,1,0.9904,0.9759,0.9394,0.8224,1103.7844,335.1842,955.8201,348.888,926.9459,484.055,887.0033,479.1694,148.5976,40.2403,0.2708,0,0,0,0
272,3,0,2,1,1,1,0.9882,0.9861,0.9177,0.9126,394.292,262.9402,226.7167,263.1748,310.1773,293.1615,271.9308,279.7729,167.5755,40.5223,0.2418,1,1,73,1
272,3,0,1,1,1,1,0.9876,0.99,0.9072,0.9169,729.0083,353.6337,602.8182,344.9785,772.0952,531.974,591.812,516.421,126.4865,180.9528,1.4306,0,0,0,0
272,3,0,0,1,1,1,0.9943,0.9736,0.947,0.7623,1104.2585,334.2041,950.8573,353.3168,926.3263,467.0948,893.9044,467.998,154.5873,32.4345,0.2098,0,0,0,0
273,3,0,2,1,1,1,0.9882,0.9861,0.9178,0.9127,394.3201,262.9812,226.7331,263.1373,310.1618,293.1265,271.9833,279.802,167.5871,40.4368,0.2413,1,1,74,1
273,3,0,1,1,1,1,0.9876,0.99,0.9071,0.9168,729.0016,353.6522,602.7226,345.0906,772.0938,531.9338,591.9424,516.7257,126.569,180.7921,1.4284,0,0,0,0
273,3,0,0,1,1,1,0.9943,0.9735,0.9471,0.7616,1104.3368,334.1374,950.8537,353.359,925.9257,466.7586,894.0422,467.4364,154.682,31.8907,0.2062,0,0,0,0
274,3,0,2,1,1,1,0.9884,0.9862,0.9194,0.9137,394.7311,262.8223,227.1846,262.7803,311.847,293.046,272.7164,278.5726,167.5464,41.7215,0.249,1,1,75,1
274,3,0,1,1,1,1,0.9875,0.9908,0.9086,0.9255,735.27,349.309,607.5994,337.5484,777.5221,531.862,597.7708,482.3464,128.2112,186.4466,1.4542,0,0,0,0
274,3,0,0,1,1,1,0.9911,0.976,0.9359,0.7962,1106.7346,334.3992,949.8218,351.3061,926.9348,430.4873,889.4007,426.4742,157.821,37.748,0.2392,0,0,0,0
275,3,0,2,1,1,1,0.9885,0.9859,0.9203,0.9126,394.8364,262.8656,226.8219,262.2638,311.9505,292.6583,272.9532,279.7244,168.0156,41.0862,0.2445,1,1,76,1
275,3,0,0,1,1,1,0.9897,0.9804,0.9318,0.8375,1106.892,330.8828,949.7975,348.8433,940.9722,392.2708,857.1719,365.5152,158.1178,87.9678,0.5563,0,0,0,0
275,3,0,1,1,1,1,0.9889,0.9885,0.9203,0.9109,742.842,349.8554,613.5624,336.4417,787.496,536.421,614.483,465.5963,129.9736,186.9482,1.4384,0,0,0,0
276,3,0,2,1,1,1,0.9885,0.9859,0.9203,0.9126,394.8265,262.8779,226.7943,262.279,311.9278,292.614,273.0126,279.6125,168.0333,41.0297,0.2442,1,1,77,1
276,3,0,0,1,1,1,0.9897,0.9804,0.9317,0.8376,1106.9062,330.8523,949.8241,348.8628,941.0399,392.4151,856.9915,365.346,158.1113,88.3,0.5585,0,0,0,0
276,3,0,1,1,1,1,0.9889,0.9886,0.9202,0.911,742.8799,349.8764,613.5506,336.4556,787.5083,536.3718,614.4062,465.5368,130.0238,187.0346,1.4385,0,0,0,0
277,3,0,0,1,1,1,0.9889,0.9807,0.9366,0.8605,1108.2803,327.8174,951.9294,349.4622,940.8568,377.7267,862.788,346.2652,157.842,84.1699,0.5333,0,0,0,0
277,3,0,1,1,1,1,0.988,0.9864,0.9305,0.9101,749.9966,348.9005,619.3578,340.7882,793.0708,539.9833,627.0711,453.303,130.8904,187.2681,1.4307,0,0,0,0
277,3,0,2,1,1,1,0.9884,0.9855,0.9198,0.9103,395.3789,263.1792,227.2427,262.336,312.4219,289.7722,274.957,277.2161,168.1383,39.513,0.235,1,1,78,1
278,3,0,0,1,1,1,0.9889,0.9806,0.9367,0.8604,1108.2915,327.8118,951.9866,349.4815,940.7773,377.6998,862.8578,346.4969,157.7999,83.935,0.5319,0,0,0,0
278,3,0,1,1,1,1,0.988,0.9864,0.9304,0.9103,749.9994,348.8596,619.3528,340.7824,793.1086,539.9358,627.0486,453.1765,130.8961,187.3582,1.4314,0,0,0,0
278,3,0,2,1,1,1,0.9884,0.9855,0.9197,0.9103,395.36,263.1834,227.242,262.3589,312.394,289.7785,274.9607,277.2204,168.12,39.4836,0.2349,1,1,79,1
279,3,0,1,1,1,1,0.99,0.9882,0.9044,0.903,753.9991,353.733,621.1836,342.1304,797.5518,540.8924,631.1323,453.9833,133.3213,187.7462,1.4082,0,0,0,0
279,3,0,0,1,1,1,0.9878,0.9807,0.9375,0.875,1108.2441,326.6482,956.5139,346.3866,936.5527,338.5186,866.0223,330.1027,153.0088,71.0307,0.4642,0,0,0,0
279,3,0,2,1,1,1,0.9833,0.9887,0.9015,0.925,395.3312,260.6296,226.3538,263.5151,317.5087,280.967,281.724,268.6206,169.002,37.8547,0.224,1,1,80,1
280,3,0,1,1,1,1,0.99,0.9882,0.9046,0.903,753.994,353.7314,621.1932,342.1235,797.5482,540.8842,631.1231,453.981,133.3071,187.7484,1.4084,0,0,0,0
280,3,0,0,1,1,1,0.9878,0.9807,0.9375,0.875,1108.2324,326.6428,956.522,346.3774,936.569,338.5302,866.0262,330.1024,152.9886,71.0444,0.4644,0,0,0,0
280,3,0,2,1,1,1,0.9833,0.9887,0.9014,0.925,395.3327,260.6226,226.3624,263.507,317.5285,280.9969,281.77,268.6467,168.9949,37.8311,0.2239,1,1,81,1
281,3,0,1,1,1,1,0.9905,0.9883,0.9073,0.9012,755.5954,352.8698,623.236,340.6616,799.467,543.3467,627.9143,472.1648,132.9213,185.7342,1.3973,0,0,0,0
281,3,0,2,1,1,1,0.9872,0.9869,0.9082,0.9155,395.4436,261.9686,226.7275,261.6959,321.4811,273.8723,284.3203,279.3658,168.7163,37.5646,0.2226,1,1,82,1
281,3,0,0,1,1,1,0.9839,0.9824,0.9146,0.883,1110.1699,324.4936,956.8576,341.6044,935.0545,314.8956,870.0205,315.3255,154.2642,65.0354,0.4216,0,0,0,0
282,3,0,2,1,1,1,0.987,0.9871,0.9072,0.9164,395.8213,262.0738,225.5278,261.5924,327.3763,278.6713,289.366,283.422,170.2942,38.306,0.2249,1,1,83,1
282,3,0,1,1,1,1,0.9916,0.9884,0.9146,0.8972,755.4934,353.6412,624.5654,342.2018,799.5221,544.591,614.0462,486.7362,131.4268,194.2896,1.4783,0,0,0,0
282,3,0,0,1,1,1,0.9841,0.9807,0.9198,0.8795,1110.409,322.107,956.6207,342.4804,928.0876,297.3186,872.2284,305.218,155.132,56.415,0.3637,0,0,0,0
283,3,0,2,1,1,1,0.987,0.9871,0.9072,0.9165,395.7884,262.0705,225.545,261.5723,327.4081,278.6708,289.3457,283.3802,170.2441,38.3526,0.2253,1,1,84,1
283,3,0,1,1,1,1,0.9916,0.9884,0.9146,0.8972,755.4929,353.6174,624.577,342.1924,799.492,544.5844,614.0482,486.7389,131.4135,194.2562,1.4782,0,0,0,0
283,3,0,0,1,1,1,0.9841,0.9808,0.9198,0.8796,1110.4167,322.1298,956.6033,342.5014,928.043,297.2808,872.2062,305.096,155.1567,56.3811,0.3634,0,0,0,0
284,3,0,2,1,1,1,0.987,0.987,0.9086,0.9177,395.2256,261.5093,223.7624,261.074,327.5391,279.9884,294.9625,285.8063,171.4638,33.092,0.193,1,1,85,1
284,3,0,1,1,1,1,0.9899,0.9899,0.9058,0.9044,753.0496,354.8854,622.7576,343.6155,795.9596,543.0562,603.846,501.6599,130.7785,196.523,1.5027,0,0,0,0
284,3,0,0,1,1,1,0.9897,0.9772,0.9312,0.8494,1109.9843,323.9754,956.2946,345.6075,931.2228,280.2891,874.8173,301.0401,155.2046,60.1015,0.3872,0,0,0,0
285,3,0,2,1,1,1,0.987,0.987,0.9087,0.9178,395.2122,261.5026,223.767,261.0745,327.5306,279.9745,294.9768,285.808,171.4457,33.0723,0.1929,1,1,86,1
285,3,0,1,1,1,1,0.9899,0.9899,0.9058,0.9044,753.0348,354.8822,622.7512,343.6096,795.9531,543.0501,603.8482,501.6558,130.7704,196.5141,1.5027,0,0,0,0
285,3,0,0,1,1,1,0.9897,0.9772,0.9312,0.8494,1110.0068,324.0,956.2861,345.6239,931.2137,280.2523,874.8029,301.0441,155.2342,60.1206,0.3873,0,0,0,0
286,3,0,2,1,1,1,0.9867,0.9871,0.9051,0.917,395.1417,260.4559,223.9168,261.0931,328.3954,281.2236,295.9744,286.757,171.2261,32.8897,0.1921,1,1,87,1
286,3,0,1,1,1,1,0.9873,0.9872,0.9256,0.9141,749.7104,351.5058,620.4937,345.9031,787.8151,536.6496,597.688,517.3585,129.3381,191.1033,1.4775,0,0,0,0
286,3,0,0,1,1,1,0.9898,0.9773,0.9322,0.8491,1111.5176,324.1616,956.3117,346.3846,930.8872,279.0282,874.9099,297.4378,156.7888,58.9268,0.3758,0,0,0,0
287,3,0,2,1,1,1,0.9867,0.9871,0.9051,0.917,395.1233,260.4404,223.9648,261.095,328.3692,281.1981,295.9127,286.7388,171.1598,32.926,0.1924,1,1,88,1
287,3,0,1,1,1,1,0.9873,0.9872,0.9257,0.9142,749.7284,351.5034,620.4728,345.9535,787.5348,536.8281,597.6873,517.3788,129.3746,190.8412,1.4751,0,0,0,0
287,3,0,0,1,1,1,0.9898,0.9771,0.9324,0.8486,1111.5635,324.1361,956.4074,346.3445,930.8949,279.0722,874.9532,297.3643,156.7374,58.8563,0.3755,0,0,0,0
288,3,0,2,1,1,1,0.9865,0.9872,0.9034,0.9176,394.9386,260.0546,223.6937,261.7761,328.6607,280.9661,295.2402,287.0795,171.2536,33.975,0.1984,1,1,89,1
288,3,0,0,1,1,1,0.9899,0.9777,0.931,0.8488,1111.9565,324.3721,955.9489,347.1252,930.8121,278.966,874.9099,294.5634,157.6581,58.0374,0.3681,0,0,0,0
288,3,0,1,1,1,1,0.9894,0.9883,0.9215,0.9032,747.2603,351.2186,617.6455,346.2292,777.9547,531.0409,590.9774,527.837,129.7108,187.0047,1.4417,0,0,0,0
289,3,0,2,1,1,1,0.9865,0.9872,0.9034,0.9176,394.9404,259.9609,223.7782,261.708,328.7032,280.9774,295.1662,287.1066,171.1711,34.0925,0.1992,1,1,90,1
289,3,0,0,1,1,1,0.9899,0.9776,0.9314,0.8485,1111.946,324.3687,956.0383,347.1351,930.7424,278.9332,874.9605,294.7102,157.5612,57.9701,0.3679,0,0,0,0
289,3,0,1,1,1,1,0.9894,0.9884,0.9216,0.9034,747.2204,351.178,617.6278,346.2022,777.9672,530.643,590.97,527.8542,129.688,187.018,1.4421,0,0,0,0
290,3,0,2,1,1,1,0.9868,0.9876,0.9046,0.9191,394.1387,261.1408,223.6138,261.8506,327.8258,280.8247,293.765,286.8484,170.5263,34.5894,0.2028,1,1,91,1
290,3,0,0,1,1,1,0.9901,0.9768,0.9338,0.8455,1112.1316,325.1057,956.5954,347.812,931.3478,278.359,874.1064,293.4581,157.1849,59.1993,0.3766,0,0,0,0
290,3,0,1,1,1,1,0.9894,0.988,0.9218,0.9017,743.3048,351.009,613.5426,347.9697,770.5569,527.8346,587.893,535.2237,129.7978,182.8132,1.4084,0,0,0,0
291,3,0,2,1,1,1,0.9867,0.9874,0.9056,0.919,394.3567,261.8302,224.1212,262.3091,327.0698,280.6169,291.5302,286.9764,170.2361,36.1041,0.2121,1,1,92,1
291,3,0,1,1,1,1,0.99,0.9879,0.9237,0.8993,740.456,347.8426,610.2714,348.3554,766.299,525.6224,584.6012,540.8524,130.1856,182.3349,1.4006,0,0,0,0
291,3,0,0,1,1,1,0.9902,0.9765,0.9341,0.8431,1112.8794,324.5562,958.2709,347.2988,931.1526,279.471,874.5576,295.0864,156.2722,58.7098,0.3757,0,0,0,0
292,3,0,2,1,1,1,0.9868,0.9874,0.9057,0.919,394.3825,261.7765,224.1474,262.2808,327.0693,280.5973,291.6389,286.9078,170.2358,35.988,0.2114,1,1,93,1
292,3,0,1,1,1,1,0.99,0.9879,0.9236,0.8992,740.4287,347.8366,610.2526,348.3106,766.3062,525.6686,584.6078,540.859,130.177,182.3323,1.4006,0,0,0,0
292,3,0,0,1,1,1,0.9902,0.9766,0.9338,0.8436,1112.9127,324.5764,958.2096,347.3136,931.1273,279.4458,874.5337,294.9628,156.3651,58.6823,0.3753,0,0,0,0
293,3,0,1,1,1,1,0.9897,0.9887,0.9197,0.9044,736.8913,347.5857,605.3365,350.5472,761.8637,525.8446,580.1787,544.2652,131.5881,182.6164,1.3878,0,0,0,0
293,3,0,2,1,1,1,0.9864,0.9875,0.903,0.9195,394.2614,262.1662,224.2728,262.9092,325.9933,279.9822,289.3533,285.5607,169.9903,37.0623,0.218,1,1,94,1
293,3,0,0,1,1,1,0.99,0.977,0.933,0.8458,1113.0669,324.3316,959.269,347.4319,930.1149,278.7355,874.0067,293.8092,155.523,58.0977,0.3736,0,0,0,0
294,3,0,1,1,1,1,0.9897,0.9887,0.9198,0.9044,736.8932,347.573,605.337,350.5472,761.8816,525.8236,580.1786,544.2752,131.5898,182.6376,1.3879,0,0,0,0
294,3,0,2,1,1,1,0.9864,0.9875,0.903,0.9196,394.2435,262.1464,224.2601,262.8974,325.998,279.9886,289.37,285.5812,169.9851,37.0525,0.218,1,1,95,1
294,3,0,0,1,1,1,0.99,0.977,0.933,0.8458,1113.0668,324.3157,959.288,347.4096,930.1022,278.7491,874.0027,293.8612,155.5032,58.0992,0.3736,0,0,0,0
295,3,0,1,1,1,1,0.9887,0.9914,0.8885,0.9086,732.7542,349.4788,602.0092,353.0444,758.5498,527.9001,576.6569,545.7646,130.7937,182.768,1.3974,0,0,0,0
295,3,0,2,1,1,1,0.9865,0.9879,0.902,0.9208,394.3306,262.3954,225.5362,264.069,318.6999,275.1351,282.2336,279.6422,168.8027,36.7438,0.2177,1,1,96,1
295,3,0,0,1,1,1,0.9899,0.977,0.9324,0.8446,1113.4982,324.7596,959.8082,347.8091,929.4958,277.7269,874.7237,293.5012,155.4087,56.9983,0.3668,0,0,0,0
296,3,0,1,1,1,1,0.9887,0.9914,0.8885,0.9088,732.6956,349.4507,601.9687,353.0274,758.5459,527.8922,576.6562,545.7602,130.7758,182.7652,1.3975,0,0,0,0
296,3,0,2,1,1,1,0.9865,0.9879,0.9021,0.9209,394.3512,262.366,225.5713,264.028,318.7126,275.1496,282.2601,279.6418,168.7881,36.7282,0.2176,1,1,97,1
296,3,0,0,1,1,1,0.9899,0.977,0.9323,0.8446,1113.5308,324.7861,959.8026,347.8292,929.5397,277.7632,874.6749,293.7261,155.4456,57.1398,0.3676,0,0,0,0
297,3,0,1,1,1,1,0.9885,0.9918,0.8846,0.9121,726.5478,348.8965,599.128,352.5947,757.9402,528.681,574.5885,549.1082,127.4733,184.4861,1.4473,0,0,0,0
297,3,0,2,1,1,1,0.9876,0.9871,0.9121,0.918,395.1938,262.566,226.731,262.8034,316.1835,286.1671,277.1686,275.3309,168.463,40.4918,0.2404,1,1,98,1
297,3,0,0,1,1,1,0.9902,0.9763,0.9347,0.8433,1113.7485,324.8742,959.488,347.8543,929.5071,276.9295,876.2336,289.8342,155.9628,54.8142,0.3515,0,0,0,0
298,3,0,1,1,1,1,0.9885,0.9918,0.8847,0.9122,726.4892,348.8134,599.1264,352.6048,758.0321,528.5618,574.5774,549.1036,127.4191,184.6012,1.4488,0,0,0,0
298,3,0,2,1,1,1,0.9876,0.9871,0.9121,0.9179,395.1768,262.6016,226.7104,262.8062,316.1792,286.1967,277.109,275.4485,168.4665,40.5216,0.2405,1,1,99,1
298,3,0,0,1,1,1,0.9902,0.9763,0.9346,0.8434,1113.7695,324.8519,959.4321,347.804,929.5331,276.9272,876.2271,289.8204,156.0347,54.843,0.3515,0,0,0,0
299,3,0,1,1,1,1,0.989,0.9916,0.8891,0.9097,723.3324,349.6322,596.8482,353.0326,755.6488,530.7597,570.7592,548.9058,126.5299,185.7779,1.4683,0,0,0,0
299,3,0,2,1,1,1,0.9877,0.9864,0.9125,0.9129,395.464,263.2792,226.3928,262.043,312.9032,291.5519,275.0629,281.5922,169.0758,39.1291,0.2314,1,1,100,1
299,3,0,0,1,1,1,0.99,0.977,0.9335,0.8468,1114.6626,325.0181,959.3882,347.4835,930.5427,277.0157,877.1121,290.4766,156.8911,55.1002,0.3512,0,0,0,0
300,3,0,1,1,1,1,0.989,0.9916,0.889,0.9097,723.3326,349.6077,596.8418,353.0123,755.6794,530.7378,570.7418,548.8985,126.5366,185.8272,1.4686,0,0,0,0
300,3,0,2,1,1,1,0.9877,0.9864,0.9124,0.913,395.4583,263.2728,226.4048,262.0547,312.9005,291.532,275.0806,281.57,169.0579,39.11,0.2313,1,1,101,1
300,3,0,0,1,1,1,0.99,0.977,0.9335,0.8467,1114.6776,325.0189,959.3565,347.4846,930.5419,277.0354,877.1454,290.4559,156.9374,55.0572,0.3508,0,0,0,0
301,3,0,1,1,1,1,0.9882,0.9916,0.8826,0.9103,721.3186,351.7072,595.0666,354.0596,756.632,533.3196,569.744,551.2003,126.2739,187.7414,1.4868,0,0,0,0
301,3,0,2,1,1,1,0.9878,0.9862,0.9136,0.9119,395.601,263.659,227.101,261.9682,311.9442,291.5217,275.0652,280.6076,168.5085,38.4601,0.2282,1,1,102,1
301,3,0,0,1,1,1,0.99,0.9771,0.9334,0.8478,1114.5881,324.954,958.7373,347.2372,931.35,278.4318,879.1275,293.2395,157.4358,54.2813,0.3448,0,0,0,0
302,3,0,1,1,1,1,0.9883,0.992,0.8821,0.9132,721.4549,353.7281,594.9026,354.8852,758.8142,533.7458,572.2578,551.2984,126.5575,187.3802,1.4806,0,0,0,0
302,3,0,2,1,1,1,0.9877,0.9865,0.9127,0.9139,395.4073,263.5628,227.333,261.6914,312.3909,290.6635,274.2388,280.1465,168.0847,39.5752,0.2354,1,1,103,1
302,3,0,0,1,1,1,0.99,0.9768,0.9334,0.8461,1114.891,325.2492,958.2371,346.2512,933.0556,280.4538,883.4604,296.517,158.0554,52.1316,0.3298,0,0,0,0
303,3,0,1,1,1,1,0.9883,0.992,0.8822,0.9133,721.4557,353.707,594.8996,354.8848,758.797,533.7272,572.3154,551.216,126.5615,187.2999,1.4799,0,0,0,0
303,3,0,2,1,1,1,0.9877,0.9865,0.9127,0.9139,395.404,263.5541,227.3366,261.686,312.356,290.6805,274.2386,280.1868,168.0779,39.5355,0.2352,1,1,104,1
303,3,0,0,1,1,1,0.99,0.9768,0.9333,0.8462,1114.9014,325.2435,958.2331,346.2529,933.0338,280.4534,883.4171,296.5039,158.0707,52.1482,0.3299,0,0,0,0
304,3,0,2,1,1,1,0.9877,0.987,0.9129,0.9166,395.5856,263.8646,227.3698,262.2406,313.4625,290.9196,273.6703,281.0878,168.2236,40.9888,0.2437,1,1,105,1
304,3,0,1,1,1,1,0.9888,0.9914,0.8924,0.9141,726.6786,349.7013,599.9457,347.6653,760.1695,535.6047,580.9692,531.6697,126.7493,179.2435,1.4142,0,0,0,0
304,3,0,0,1,1,1,0.9896,0.9772,0.9314,0.8485,1116.5298,324.405,959.1681,345.258,934.6637,282.2261,886.869,294.3702,158.7374,49.3134,0.3107,0,0,0,0
305,3,0,2,1,1,1,0.9877,0.987,0.9129,0.9165,395.5636,263.8601,227.3898,262.2366,313.4668,290.8765,273.6798,281.0607,168.1817,40.98,0.2437,1,1,106,1
305,3,0,1,1,1,1,0.9888,0.9914,0.8925,0.9141,726.6736,349.7145,599.948,347.6779,760.1513,535.6258,580.9616,531.6759,126.7419,179.2333,1.4142,0,0,0,0
305,3,0,0,1,1,1,0.9896,0.9772,0.9313,0.8487,1116.5245,324.381,959.1503,345.2289,934.6397,282.2826,886.8107,294.399,158.7492,49.3399,0.3108,0,0,0,0
306,3,0,1,1,1,1,0.9883,0.9925,0.8933,0.9289,733.4036,343.8613,605.2574,336.8638,764.1509,529.0476,590.7696,501.0738,128.3371,175.6236,1.3685,0,0,0,0
306,3,0,0,1,1,1,0.989,0.9782,0.9281,0.8568,1121.1959,324.0928,961.1628,342.221,941.5387,281.5952,900.8858,298.4711,161.0566,44.0165,0.2733,0,0,0,0
306,3,0,2,1,1,1,0.9876,0.9869,0.9126,0.9167,396.0385,263.9191,227.2864,262.7962,312.9758,290.6208,273.9764,280.6504,168.7559,40.2537,0.2385,1,1,107,1
307,3,0,1,1,1,1,0.9883,0.9925,0.8933,0.9293,733.4243,343.8473,605.3338,336.8308,764.479,529.0801,590.7268,501.096,128.2825,175.9913,1.3719,0,0,0,0
307,3,0,0,1,1,1,0.989,0.9783,0.928,0.8573,1121.1498,324.0845,961.2552,342.2062,941.772,281.644,900.6386,298.4061,160.9182,44.4176,0.276,0,0,0,0
307,3,0,2,1,1,1,0.9876,0.9869,0.9127,0.9167,396.0147,263.9073,227.2886,262.7739,313.0094,290.7019,273.938,280.792,168.7299,40.3086,0.2389,1,1,108,1
308,3,0,2,1,1,1,0.988,0.9866,0.9157,0.9152,395.6111,264.2086,227.1352,262.0564,313.6109,290.5844,274.0542,281.7952,168.4896,40.5214,0.2405,1,1,109,1
308,3,0,0,1,1,1,0.9876,0.9791,0.9416,0.8811,1116.7642,316.1132,966.3755,332.4613,955.196,283.8823,913.6552,292.8126,151.2746,42.49,0.2809,0,0,0,0
308,3,0,1,1,1,1,0.9885,0.9924,0.8972,0.9307,738.011,344.7217,610.8172,333.51,773.5142,531.058,598.9868,483.0216,127.6868,181.0174,1.4177,0,0,0,0
309,3,0,2,1,1,1,0.988,0.9866,0.9157,0.9151,395.607,264.1941,227.1416,262.053,313.6051,290.574,274.0647,281.7789,168.479,40.5068,0.2404,1,1,110,1
309,3,0,0,1,1,1,0.9876,0.9791,0.9416,0.8811,1116.7816,316.0841,966.3683,332.4298,955.3593,284.0347,913.6953,292.8064,151.2989,42.5774,0.2814,0,0,0,0
309,3,0,1,1,1,1,0.9885,0.9924,0.8972,0.9307,737.9875,344.6926,610.8001,333.4902,773.5288,531.0399,598.981,483.0234,127.6798,181.0319,1.4179,0,0,0,0
310,3,0,0,1,1,1,0.989,0.9787,0.9495,0.8869,1118.22,316.8993,967.9731,330.061,983.0708,269.9628,936.4077,284.8634,150.8223,48.9844,0.3248,0,0,0,0
310,3,0,2,1,1,1,0.9875,0.9867,0.9115,0.9152,395.3479,263.7796,227.2668,261.8006,315.6204,287.6558,275.714,278.0544,168.0927,41.0451,0.2442,1,1,111,1
310,3,0,1,1,1,1,0.9869,0.9877,0.9258,0.921,745.4064,345.9447,617.4156,340.4786,781.2289,540.934,604.2558,479.8915,128.1074,187.2049,1.4613,0,0,0,0
311,3,0,2,1,1,1,0.9872,0.9863,0.9095,0.9138,394.1191,263.1959,227.0044,260.5787,321.4093,276.045,282.0216,270.1925,167.1352,39.8202,0.2383,1,1,112,1
311,3,0,0,1,1,1,0.9878,0.978,0.9484,0.8939,1120.1267,312.3952,965.9093,327.9426,1006.9225,270.6261,960.6186,273.0282,154.9991,46.3662,0.2991,1,1,1,0
311,3,0,1,1,1,1,0.9867,0.9874,0.924,0.9171,748.505,350.6722,619.905,342.9039,785.0702,546.5918,606.283,486.6468,128.8344,188.5689,1.4637,0,0,0,0
312,3,0,2,1,1,1,0.9872,0.9863,0.9095,0.9138,394.108,263.1862,226.9932,260.5779,321.4241,276.0782,282.0248,270.1878,167.1351,39.8372,0.2384,1,1,113,1
312,3,0,0,1,1,1,0.9878,0.978,0.9485,0.894,1120.1241,312.4049,965.8839,327.9475,1006.9564,270.6314,960.6453,273.0255,155.0214,46.3729,0.2991,1,1,2,0
312,3,0,1,1,1,1,0.9867,0.9874,0.9239,0.9172,748.4873,350.6784,619.8818,342.911,785.0716,546.5826,606.2907,486.659,128.8398,188.5561,1.4635,0,0,0,0
313,3,0,2,1,1,1,0.9864,0.9875,0.9036,0.9205,394.5679,263.5957,226.6141,261.0247,332.3206,276.1684,286.6513,278.8671,167.9735,45.749,0.2724,1,1,114,1
313,3,0,1,1,1,1,0.9874,0.9875,0.9282,0.9165,750.8773,352.4902,622.8442,342.5086,786.2016,543.7976,602.2158,497.8174,128.4216,189.6443,1.4767,0,0,0,0
313,3,0,0,1,1,1,0.9854,0.973,0.9497,0.8973,1123.4757,315.4092,975.8317,329.0203,1087.7745,304.6146,982.4122,279.3968,148.2701,108.3381,0.7307,1,0,0,0
314,3,0,2,1,1,1,0.9864,0.9876,0.9036,0.9206,394.5626,263.6045,226.5838,261.0109,332.2875,276.1832,286.6278,278.8771,167.9988,45.7391,0.2723,1,1,115,1
314,3,0,1,1,1,1,0.9874,0.9875,0.9281,0.9166,750.9068,352.4953,622.8571,342.506,786.2079,543.8604,602.229,497.8668,128.4387,189.6409,1.4765,0,0,0,0
314,3,0,0,1,1,1,0.9856,0.9755,0.9477,0.9017,1122.3854,315.3715,974.8058,328.829,1088.6727,305.1428,982.4086,279.7619,148.1918,109.2532,0.7372,1,0,0,0
315,3,0,2,1,1,1,0.9863,0.9878,0.9034,0.9218,394.369,263.1029,226.1603,262.2688,337.5235,276.6289,294.5022,281.789,168.2108,43.3297,0.2576,1,1,116,1
315,3,0,1,1,1,1,0.9866,0.9877,0.9243,0.9184,751.8846,353.6396,623.7736,343.3088,783.4252,542.697,599.0014,508.7792,128.5269,187.5169,1.459,0,0,0,0
315,3,0,0,1,1,1,0.9917,0.9577,0.9719,0.8505,1130.3654,308.7872,997.9612,319.9717,1096.0684,286.3126,1012.0274,272.6795,132.8757,85.1395,0.6407,1,0,0,0
316,3,0,2,1,1,1,0.9863,0.9878,0.9035,0.9218,394.3638,263.104,226.1516,262.273,337.4686,276.5366,294.513,281.764,168.2143,43.2725,0.2572,1,1,117,1
316,3,0,1,1,1,1,0.9866,0.9877,0.9244,0.9182,751.9242,353.6315,623.8326,343.2968,783.425,542.7203,599.0011,508.7818,128.5079,187.5207,1.4592,0,0,0,0
316,3,0,0,1,1,1,0.9917,0.9577,0.9719,0.8505,1130.3905,308.7574,997.9808,319.9766,1095.9983,286.3178,1012.0031,272.7255,132.8842,85.0879,0.6403,1,0,0,0
317,3,0,2,1,1,1,0.9857,0.9883,0.8986,0.9245,393.168,263.2716,226.465,262.3678,330.206,275.4169,283.3517,275.453,166.7054,46.8543,0.2811,1,1,118,1
317,3,0,1,1,1,1,0.9864,0.9884,0.922,0.922,750.8033,353.22,622.8302,344.491,777.6926,539.6969,592.9806,518.3949,128.2704,185.9363,1.4496,0,0,0,0
317,3,0,0,1,1,1,0.991,0.9728,0.9516,0.8897,1128.0188,313.0182,994.7009,316.5352,1108.2129,279.3792,1043.5227,256.1725,133.3643,68.7268,0.5153,1,0,0,0
318,3,0,2,1,1,1,0.9831,0.9893,0.8983,0.927,393.2018,260.0177,226.9864,261.6021,319.981,279.8559,278.5849,265.7869,166.2229,43.7215,0.263,1,1,119,1
318,3,0,0,1,1,1,0.9902,0.9746,0.9485,0.8962,1134.9221,319.6074,993.3527,318.4133,1138.3201,290.5583,1071.2543,257.1028,141.5745,74.9473,0.5294,1,0,0,0
318,3,0,1,1,1,1,0.9892,0.9892,0.9187,0.9077,749.625,354.52,621.6626,345.6547,773.2748,539.794,587.8308,528.6746,128.2691,185.777,1.4483,0,0,0,0
319,3,0,2,1,1,1,0.9831,0.9893,0.8984,0.927,393.2014,260.0055,226.9768,261.5871,319.973,279.869,278.5774,265.7736,166.2322,43.7295,0.2631,1,1,120,1
319,3,0,0,1,1,1,0.9902,0.9745,0.9485,0.8961,1134.8921,319.6372,993.3456,318.4358,1138.2981,290.5846,1071.22,257.1433,141.5516,74.9519,0.5295,1,0,0,0
319,3,0,1,1,1,1,0.9892,0.9892,0.9187,0.9077,749.6164,354.5145,621.6636,345.6462,773.272,539.784,587.8358,528.6628,128.2597,185.7694,1.4484,0,0,0,0
320,3,0,2,1,1,1,0.9835,0.9888,0.9024,0.9242,394.4535,262.7529,226.6213,262.6295,316.3917,289.8743,274.3122,272.2356,167.8322,45.6268,0.2719,1,1,121,1
320,3,0,0,1,1,1,0.9877,0.9748,0.9475,0.9131,1137.1675,327.7833,993.0016,324.2939,1153.2772,263.2847,1095.9169,241.105,144.2081,61.4992,0.4265,1,1,1,0
320,3,0,1,1,1,1,0.9898,0.989,0.922,0.9048,746.7248,353.4309,619.1819,346.6874,768.8308,537.477,580.918,535.6616,127.721,187.9217,1.4713,0,0,0,0
321,3,0,2,1,1,1,0.9835,0.9888,0.9024,0.9243,394.4432,262.7795,226.6147,262.6547,316.538,289.9664,274.3224,272.2168,167.8285,45.7952,0.2729,1,1,122,1
321,3,0,0,1,1,1,0.9877,0.9747,0.9475,0.9129,1137.1763,327.8165,993.0029,324.3256,1153.222,263.2452,1095.8917,241.1288,144.2157,61.4483,0.4261,1,1,2,0
321,3,0,1,1,1,1,0.9899,0.989,0.9221,0.9048,746.7064,353.39,619.1887,346.6546,768.8234,537.4655,580.8808,535.632,127.6955,187.9514,1.4719,0,0,0,0
322,3,0,0,1,1,1,0.9845,0.9784,0.9326,0.9232,1141.4414,326.0781,996.2805,320.965,1163.8569,263.3185,1119.8076,225.5422,145.251,58.0292,0.3995,0,0,0,0
322,3,0,2,1,1,1,0.9865,0.9872,0.9034,0.9183,393.4696,263.8686,226.8946,260.7698,324.2474,273.1908,282.9718,265.0935,166.6038,42.0623,0.2525,1,1,123,1
322,3,0,1,1,1,1,0.9891,0.9902,0.916,0.9142,742.9506,351.5361,615.6794,347.5875,766.8708,533.6363,577.2634,538.9937,127.3324,189.6831,1.4897,0,0,0,0
323,3,0,0,1,1,1,0.9845,0.9784,0.9326,0.9234,1141.325,326.2586,996.2001,321.0493,1163.4917,261.635,1119.46,226.0384,145.2183,56.6207,0.3899,0,0,0,0
323,3,0,2,1,1,1,0.9864,0.9872,0.9032,0.9183,393.4591,263.8415,226.8825,260.7536,324.2,273.1901,282.9593,265.1182,166.6052,42.0232,0.2522,1,1,124,1
323,3,0,1,1,1,1,0.9891,0.9902,0.9162,0.9141,742.961,351.543,615.6914,347.572,766.8545,533.6832,577.2558,538.987,127.3315,189.6729,1.4896,0,0,0,0
324,3,0,2,1,1,1,0.9864,0.9881,0.9032,0.9223,393.3796,263.2081,227.2477,261.5352,333.4115,275.8068,284.112,275.1637,166.1402,49.3037,0.2968,1,1,125,1
324,3,0,1,1,1,1,0.989,0.9904,0.914,0.9148,739.9142,351.8795,613.2124,349.1922,765.201,533.5348,572.7,541.1358,126.7303,192.6509,1.5202,0,0,0,0
324,3,0,0,1,1,1,0.986,0.9755,0.9337,0.9075,1140.8672,328.5036,996.6187,320.143,1161.7742,262.4219,1124.2683,236.6548,144.4906,45.5042,0.3149,1,1,1,0
325,3,0,2,1,1,1,0.9864,0.9881,0.9031,0.9223,393.3471,263.165,227.2622,261.537,333.3376,275.7001,284.2224,274.9209,166.0929,49.1215,0.2957,1,1,126,1
325,3,0,1,1,1,1,0.989,0.9904,0.9139,0.9147,739.8133,351.7506,613.2757,349.1218,765.1358,533.7538,572.6952,541.069,126.5649,192.5796,1.5216,0,0,0,0
325,3,0,0,1,1,1,0.986,0.9755,0.9337,0.9075,1140.7494,328.6207,996.5544,320.1996,1162.3381,262.5918,1124.6575,236.505,144.4406,45.8296,0.3173,1,1,2,0
326,3,0,1,1,1,1,0.9895,0.9921,0.8941,0.9125,737.649,352.7542,611.0442,350.7909,761.0398,533.3826,570.889,543.6812,126.6201,190.4295,1.5039,0,0,0,0
326,3,0,2,1,1,1,0.9852,0.9888,0.8949,0.9269,392.4404,261.5273,227.6777,263.5756,325.9913,273.4824,279.1311,267.5198,164.7754,47.238,0.2867,1,1,127,1
326,3,0,0,1,1,1,0.9858,0.9763,0.9319,0.9096,1140.5559,328.7912,995.4678,320.0683,1164.3877,264.5194,1122.3011,240.5963,145.3501,48.4107,0.3331,0,0,0,0
327,3,0,1,1,1,1,0.9894,0.9922,0.8931,0.9135,734.9413,352.4922,608.685,351.538,759.172,534.0623,571.266,545.4607,126.2598,188.2513,1.491,0,0,0,0
327,3,0,2,1,1,1,0.9824,0.9895,0.8964,0.9289,392.9067,258.7392,226.4548,263.1151,315.9132,288.7136,273.5805,270.9776,166.5094,45.8979,0.2756,1,1,128,1
327,3,0,0,1,1,1,0.9847,0.9778,0.9259,0.9149,1138.3605,328.116,993.3406,319.4609,1168.7164,274.1492,1125.4377,243.7787,145.2779,52.8716,0.3639,0,0,0,0
328,3,0,1,1,1,1,0.9894,0.9921,0.8933,0.9135,734.9583,352.494,608.6921,351.5218,758.8848,534.1529,571.2699,545.466,126.27,187.9556,1.4885,0,0,0,0
328,3,0,2,1,1,1,0.9824,0.9895,0.8965,0.929,392.8898,258.7439,226.4734,263.0983,315.8989,288.7483,273.6372,271.0017,166.4733,45.8366,0.2753,1,1,129,1
328,3,0,0,1,1,1,0.9846,0.9778,0.9259,0.9148,1138.3966,328.0856,993.3232,319.4585,1168.6674,274.2324,1125.4092,243.7664,145.3297,52.9098,0.3641,0,0,0,0
329,3,0,1,1,1,1,0.9893,0.992,0.8906,0.9116,732.4222,352.3342,606.3987,352.1794,756.2258,538.3122,571.721,547.1292,126.0236,184.7154,1.4657,0,0,0,0
329,3,0,2,1,1,1,0.983,0.9891,0.9005,0.9274,392.8142,260.2246,226.1672,261.5256,317.9108,286.3084,273.3149,267.4774,166.6521,48.4087,0.2905,1,1,130,1
329,3,0,0,1,1,1,0.9828,0.9797,0.9166,0.9208,1138.4897,329.2408,992.3907,320.6302,1170.8453,273.435,1130.7305,241.9858,146.3525,50.9731,0.3483,0,0,0,0
330,3,0,1,1,1,1,0.9893,0.992,0.8906,0.9115,732.4356,352.3424,606.4034,352.1763,756.2008,538.3539,571.7268,547.1563,126.0322,184.6839,1.4654,0,0,0,0
330,3,0,2,1,1,1,0.983,0.9891,0.9003,0.9275,392.8036,260.28,226.1455,261.5912,317.8987,286.2844,273.3056,267.446,166.6632,48.409,0.2905,1,1,131,1
330,3,0,0,1,1,1,0.9828,0.9796,0.9166,0.9207,1138.4905,329.2755,992.3424,320.6722,1170.8276,273.4066,1130.7617,241.963,146.4011,50.9311,0.3479,0,0,0,0
331,3,0,1,1,1,1,0.9891,0.992,0.8885,0.9121,730.6956,352.3133,605.1403,352.7,755.535,539.6148,571.4796,547.0808,125.5559,184.2068,1.4671,0,0,0,0
331,3,0,2,1,1,1,0.9848,0.989,0.8907,0.9286,390.8865,261.6814,225.4761,261.0245,325.7908,268.8925,279.8197,262.3031,165.4117,46.4409,0.2808,1,1,132,1
331,3,0,0,1,1,1,0.9821,0.9803,0.9119,0.9221,1139.0264,330.5458,991.9808,321.2233,1173.7239,276.3208,1137.148,240.8524,147.3408,50.949,0.3458,0,0,0,0
332,3,0,1,1,1,1,0.9891,0.992,0.8888,0.9121,730.6866,352.2716,605.1646,352.6286,755.5363,539.534,571.5179,547.0533,125.5225,184.172,1.4672,0,0,0,0
332,3,0,2,1,1,1,0.9848,0.989,0.8909,0.9286,390.9011,261.7224,225.4653,261.0356,325.8603,268.8988,279.7284,262.369,165.4372,46.5917,0.2816,1,1,133,1
332,3,0,0,1,1,1,0.9821,0.9803,0.9119,0.9222,1138.9977,330.553,991.9869,321.2148,1173.7395,276.3,1137.0892,240.8854,147.307,50.965,0.346,0,0,0,0
333,3,0,1,1,1,1,0.9893,0.9919,0.8892,0.911,729.0866,352.2206,604.1303,352.2425,755.9778,540.2024,571.9694,546.719,124.9562,184.1238,1.4735,0,0,0,0
333,3,0,2,1,1,1,0.9847,0.9891,0.8916,0.9293,390.5524,260.2875,226.32,261.137,329.376,268.3172,282.532,263.093,164.2346,47.1345,0.287,1,1,134,1
333,3,0,0,1,1,1,0.982,0.9805,0.9107,0.9225,1138.7883,330.605,991.8158,321.4474,1172.8972,278.599,1135.4891,242.9439,147.2576,51.6783,0.3509,0,0,0,0
334,3,0,1,1,1,1,0.9893,0.9919,0.8893,0.911,729.101,352.235,604.143,352.2534,755.9606,540.2512,571.9634,546.7424,124.9581,184.1116,1.4734,0,0,0,0
334,3,0,2,1,1,1,0.9847,0.9891,0.8916,0.9293,390.5496,260.2825,226.3334,261.1396,329.412,268.3087,282.5418,263.0883,164.2185,47.1601,0.2872,1,1,135,1
334,3,0,0,1,1,1,0.9819,0.9805,0.9107,0.9225,1138.7931,330.721,991.8301,321.548,1172.878,278.5118,1135.6309,242.9465,147.249,51.4999,0.3497,0,0,0,0
335,3,0,1,1,1,1,0.9896,0.9917,0.892,0.9094,727.816,352.8629,602.4721,352.5074,757.6972,540.1061,571.6032,546.6906,125.3444,186.2104,1.4856,0,0,0,0
335,3,0,0,1,1,1,0.9829,0.9803,0.9141,0.9209,1138.6598,329.7533,991.3081,320.406,1172.5839,281.898,1133.9724,244.7576,147.6479,53.5747,0.3629,0,0,0,0
335,3,0,2,1,1,1,0.9873,0.9869,0.91,0.9155,392.3514,259.4861,229.6759,261.9356,320.4058,271.0086,273.5874,261.383,162.6939,47.7976,0.2938,1,1,136,1
336,3,0,1,1,1,1,0.9896,0.9917,0.892,0.9094,727.8115,352.8796,602.4928,352.4962,757.6878,540.1284,571.6058,546.6954,125.3194,186.1979,1.4858,0,0,0,0
336,3,0,0,1,1,1,0.9829,0.9803,0.9142,0.9209,1138.6399,329.7998,991.3403,320.4345,1172.6084,281.8583,1133.9901,244.7402,147.597,53.5642,0.3629,0,0,0,0
336,3,0,2,1,1,1,0.9873,0.9869,0.91,0.9154,392.3464,259.4892,229.6739,261.94,320.4102,271.013,273.5803,261.4042,162.691,47.8055,0.2938,1,1,137,1
337,3,0,1,1,1,1,0.9895,0.9915,0.8923,0.908,726.7364,353.0707,601.8024,352.0745,757.7902,541.1049,571.0032,546.208,124.9381,186.8567,1.4956,0,0,0,0
337,3,0,0,1,1,1,0.983,0.98,0.9141,0.9189,1138.8062,330.3608,991.4636,320.7134,1171.4934,282.4826,1134.7186,245.1022,147.658,52.4374,0.3551,0,0,0,0
337,3,0,2,1,1,1,0.9831,0.9892,0.9005,0.9269,391.7643,258.2209,226.6896,261.6799,314.2637,283.8404,273.8882,263.3505,165.111,45.2772,0.2742,1,1,138,1
338,3,0,1,1,1,1,0.9891,0.992,0.8879,0.913,726.1031,353.0909,600.978,352.3233,757.857,540.644,570.6996,546.6246,125.1275,187.2529,1.4965,0,0,0,0
338,3,0,0,1,1,1,0.9813,0.9808,0.9062,0.9222,1140.0813,330.3567,992.2371,322.4521,1172.4489,281.8734,1132.7659,243.6758,148.0553,55.0799,0.372,0,0,0,0
338,3,0,2,1,1,1,0.9829,0.9891,0.8982,0.9263,391.5166,257.1442,225.6974,259.9631,323.2726,273.3451,278.2246,260.5778,165.8431,46.8223,0.2823,1,1,139,1
339,3,0,1,1,1,1,0.9891,0.9921,0.8877,0.9131,726.0999,353.1011,600.9629,352.3265,757.8422,540.636,570.7213,546.6255,125.1394,187.2167,1.4961,0,0,0,0
339,3,0,0,1,1,1,0.9812,0.9808,0.9061,0.922,1140.1215,330.3747,992.2379,322.4816,1172.4895,281.8799,1132.7501,243.6619,148.094,55.1347,0.3723,0,0,0,0
339,3,0,2,1,1,1,0.9829,0.9891,0.8983,0.9264,391.5156,257.1688,225.6895,259.9738,323.2838,273.3688,278.2288,260.6193,165.8498,46.8241,0.2823,1,1,140,1
340,3,0,1,1,1,1,0.9888,0.992,0.8858,0.9134,725.5174,352.7608,600.557,352.1318,758.5246,539.6098,570.1841,544.9926,124.962,188.4175,1.5078,0,0,0,0
340,3,0,2,1,1,1,0.9853,0.9885,0.8949,0.926,390.3386,258.0563,225.7476,259.2126,334.8266,267.8677,285.7448,266.8812,164.5951,49.0918,0.2983,1,1,141,1
340,3,0,0,1,1,1,0.9834,0.9802,0.9167,0.9202,1139.4298,329.7658,991.6676,321.348,1170.9188,284.3801,1131.6283,245.7018,148.0018,55.134,0.3725,0,0,0,0
341,3,0,1,1,1,1,0.9888,0.992,0.8857,0.9134,725.527,352.765,600.5728,352.1268,758.5293,539.6087,570.2238,544.9461,124.9559,188.3812,1.5076,0,0,0,0
341,3,0,2,1,1,1,0.9853,0.9885,0.895,0.9259,390.3428,258.0525,225.7548,259.1965,334.8076,267.8466,285.7196,266.9148,164.592,49.0969,0.2983,1,1,142,1
341,3,0,0,1,1,1,0.9834,0.9802,0.9166,0.9202,1139.4366,329.7368,991.65,321.348,1170.886,284.4858,1131.587,245.7173,148.0246,55.2033,0.3729,0,0,0,0
342,3,0,1,1,1,1,0.9888,0.9923,0.8848,0.9157,725.6719,352.9968,600.5189,351.9038,757.8244,539.739,570.0702,544.7136,125.1577,187.82,1.5007,0,0,0,0
342,3,0,0,1,1,1,0.9845,0.9792,0.9193,0.914,1140.2155,329.8546,990.1785,321.4718,1169.7058,282.9321,1129.9149,247.3232,150.271,53.3976,0.3553,0,0,0,0
342,3,0,2,1,1,1,0.9848,0.989,0.8922,0.9288,389.7556,257.4315,226.6889,262.1879,330.9715,267.9863,278.638,261.971,163.1361,52.678,0.3229,1,1,143,1
343,3,0,1,1,1,1,0.9888,0.9923,0.8848,0.9157,725.6822,353.0268,600.5312,351.9341,757.8102,539.794,570.013,544.6922,125.1558,187.861,1.501,0,0,0,0
343,3,0,0,1,1,1,0.9846,0.9792,0.9197,0.9137,1140.4663,330.108,990.3179,321.6013,1169.8217,282.535,1130.2721,247.1688,150.3892,53.0559,0.3528,0,0,0,0
343,3,0,2,1,1,1,0.9847,0.989,0.8919,0.9289,389.6768,257.345,226.6081,262.1634,330.9225,267.8638,278.5374,261.8611,163.1398,52.7278,0.3232,1,1,144,1
344,3,0,1,1,1,1,0.9885,0.9923,0.8836,0.917,725.5617,353.2048,600.5849,351.6594,758.1444,539.5318,569.9144,543.6196,124.9864,188.2744,1.5064,0,0,0,0
344,3,0,0,1,1,1,0.9847,0.9797,0.9177,0.9139,1141.6545,331.7919,991.2559,324.8363,1169.9916,276.7485,1120.01,255.8942,150.5594,54.1577,0.3597,0,0,0,0
344,3,0,2,1,1,1,0.9832,0.9893,0.9008,0.9271,391.5258,254.0746,227.1814,261.839,321.0938,281.2051,274.74,264.1517,164.5277,49.3912,0.3002,1,1,145,1
345,3,0,1,1,1,1,0.9886,0.9923,0.8841,0.9174,725.6144,353.1887,600.626,351.5953,758.176,539.5834,569.656,543.1228,124.9985,188.5532,1.5084,0,0,0,0
345,3,0,0,1,1,1,0.9848,0.9796,0.9183,0.9139,1141.6399,331.8566,991.4255,324.6748,1169.8481,275.3649,1120.9694,255.7501,150.3859,52.6676,0.3502,0,0,0,0
345,3,0,2,1,1,1,0.9832,0.9893,0.9003,0.9273,391.4834,254.1135,227.1722,261.8506,320.7708,281.0666,274.734,263.8554,164.4933,49.1489,0.2988,1,1,146,1
346,3,0,1,1,1,1,0.9884,0.9924,0.8824,0.9174,725.897,353.6588,600.5372,351.83,758.0104,540.0869,568.8124,543.1355,125.3731,189.2226,1.5093,0,0,0,0
346,3,0,0,1,1,1,0.9897,0.9746,0.9414,0.8852,1146.9017,328.994,988.4855,325.5844,1172.2333,295.548,1103.732,285.8497,158.4529,69.1843,0.4366,0,0,0,0
346,3,0,2,1,1,1,0.9831,0.9893,0.8993,0.9274,392.8221,257.1008,226.3948,261.3804,320.5042,281.2515,276.824,264.6226,166.4823,46.7385,0.2807,1,1,147,1
347,3,0,1,1,1,1,0.9884,0.9925,0.881,0.9168,726.3194,353.418,600.3066,352.2149,758.3942,540.325,569.1194,543.6245,126.0186,189.3035,1.5022,0,0,0,0
347,3,0,0,1,1,1,0.9913,0.9709,0.9479,0.8617,1147.8417,328.8405,984.2287,327.6033,1170.5696,322.8441,1094.7388,318.2845,163.6177,75.9678,0.4643,1,1,1,0
347,3,0,2,1,1,1,0.9855,0.9884,0.8957,0.9245,391.5944,259.1186,227.0914,259.9416,332.2763,268.1966,285.3266,263.0342,164.505,47.2326,0.2871,1,1,148,1
348,3,0,1,1,1,1,0.9884,0.9925,0.8811,0.9169,726.3224,353.406,600.3006,352.2212,758.379,540.2984,569.0858,543.7038,126.0274,189.3238,1.5022,0,0,0,0
348,3,0,0,1,1,1,0.9913,0.9709,0.9479,0.8618,1147.8368,328.7788,984.1947,327.6244,1170.5204,322.9985,1094.6697,318.312,163.6462,75.9954,0.4644,1,1,2,0
348,3,0,2,1,1,1,0.9855,0.9884,0.8957,0.9246,391.5724,259.0879,227.1184,259.9219,332.3367,268.1999,285.3352,263.0312,164.4561,47.2849,0.2875,1,1,149,1
349,3,0,1,1,1,1,0.9886,0.9924,0.8824,0.9167,725.889,353.7514,600.7104,352.1783,758.4782,541.0076,569.2218,544.1518,125.1885,189.2826,1.512,0,0,0,0
349,3,0,0,1,1,1,0.9914,0.9722,0.9438,0.8569,1147.7063,333.8871,980.6296,330.6514,1169.1329,341.382,1104.9731,343.3886,167.1081,64.1912,0.3841,1,1,3,0
349,3,0,2,1,1,1,0.9847,0.9891,0.8895,0.9272,390.3504,257.1597,227.936,261.2338,335.9255,267.2551,282.4282,266.3362,162.4654,53.5053,0.3293,1,1,150,1
350,3,0,1,1,1,1,0.9886,0.9924,0.8825,0.9167,725.8891,353.7544,600.716,352.1804,758.4776,541.0006,569.2329,544.1434,125.1831,189.2707,1.512,0,0,0,0
350,3,0,0,1,1,1,0.9914,0.9722,0.9439,0.857,1147.6499,333.8966,980.6279,330.6547,1169.104,341.4948,1104.9075,343.4567,167.0534,64.2265,0.3845,1,1,4,0
350,3,0,2,1,1,1,0.9847,0.9891,0.8895,0.9272,390.3427,257.1448,227.9252,261.2241,335.916,267.2796,282.4942,266.3005,162.4688,53.4308,0.3289,1,1,151,1
351,3,0,1,1,1,1,0.9889,0.9921,0.8854,0.9134,726.0796,353.5562,600.4364,352.5794,759.1126,540.455,569.9049,545.4634,125.647,189.2739,1.5064,0,0,0,0
351,3,0,0,1,1,1,0.9911,0.9729,0.936,0.8452,1145.8352,341.6542,977.3939,335.3416,1167.5281,349.2768,1100.6235,372.4755,168.5595,70.8124,0.4201,1,1,5,0
351,3,0,2,1,1,1,0.9874,0.987,0.9093,0.9143,393.1028,255.2246,231.6754,261.7216,321.6127,269.5295,274.0082,261.2816,161.5582,48.3138,0.299,1,1,152,1
352,3,0,1,1,1,1,0.9889,0.9921,0.8855,0.9135,726.086,353.5722,600.4439,352.5812,759.1012,540.4267,569.91,545.4409,125.646,189.2577,1.5063,0,0,0,0
352,3,0,0,1,1,1,0.991,0.9729,0.9358,0.8453,1145.8458,341.6987,977.385,335.388,1167.5482,349.3502,1100.5332,372.4877,168.579,70.8968,0.4206,1,1,6,1
352,3,0,2,1,1,1,0.9874,0.987,0.9092,0.9143,393.0944,255.2126,231.6582,261.7161,321.6446,269.5496,274.0142,261.2726,161.5671,48.3442,0.2992,1,1,153,1
353,3,0,1,1,1,1,0.9888,0.9921,0.8848,0.9135,726.5288,353.4172,601.479,352.5682,759.2706,541.0596,570.1312,545.8327,125.0526,189.1996,1.513,0,0,0,0
353,3,0,2,1,1,1,0.984,0.989,0.9046,0.9249,392.814,256.4494,227.5195,262.289,316.2549,281.7991,274.3264,265.5619,165.3976,44.9627,0.2718,1,1,154,1
353,3,0,0,1,1,1,0.9866,0.9797,0.8794,0.8467,1150.2637,350.3396,974.3131,342.6938,1164.2329,415.336,1104.0854,419.435,176.1166,60.287,0.3423,1,1,7,1
354,3,0,1,1,1,1,0.9886,0.9922,0.8817,0.9134,726.4882,353.112,601.1563,352.4048,760.0055,541.3086,571.1961,546.8904,125.3339,188.8919,1.5071,0,0,0,0
354,3,0,0,1,1,1,0.9875,0.9803,0.8944,0.8571,1148.4423,351.4759,973.9445,345.5756,1149.0472,410.7828,1125.4574,427.44,174.5975,28.8781,0.1654,1,1,8,1
354,3,0,2,1,1,1,0.9866,0.9876,0.9024,0.9186,393.4552,260.1511,228.7208,262.3502,323.1404,269.02,277.8939,261.9151,164.7491,45.8009,0.278,1,1,155,1
355,3,0,1,1,1,1,0.9886,0.9922,0.8818,0.9133,726.5058,353.107,601.1637,352.4043,760.0058,541.2804,571.195,546.8867,125.3441,188.894,1.507,0,0,0,0
355,3,0,0,1,1,1,0.9875,0.9803,0.8945,0.8573,1148.4496,351.5026,973.973,345.5951,1149.3745,410.8078,1125.4226,427.3868,174.5765,29.13,0.1669,1,1,9,1
355,3,0,2,1,1,1,0.9866,0.9876,0.9024,0.9185,393.4626,260.1316,228.7145,262.3639,323.1256,269.0175,277.8842,261.9249,164.7632,45.794,0.2779,1,1,156,1
356,3,0,0,1,1,1,0.9888,0.9795,0.908,0.8567,1146.8577,350.2621,975.0251,346.2667,1155.4109,429.996,1126.0034,441.1341,171.879,31.4461,0.183,1,1,10,1
356,3,0,1,1,1,1,0.9893,0.992,0.8881,0.9114,726.3245,353.1234,601.4438,352.1659,760.7026,541.0745,571.2127,546.9052,124.8845,189.5796,1.518,0,0,0,0
356,3,0,2,1,1,1,0.986,0.9887,0.8979,0.924,392.3617,257.9582,229.6808,262.19,340.0575,265.0288,283.4762,270.9437,162.736,56.8896,0.3496,1,1,157,1
357,3,0,0,1,1,1,0.9887,0.9796,0.9078,0.857,1146.8757,350.2287,975.0669,346.2824,1155.3971,429.9604,1125.9669,441.1398,171.8542,31.482,0.1832,1,1,11,1
357,3,0,1,1,1,1,0.9893,0.992,0.8882,0.9112,726.3766,353.1755,601.417,352.2094,760.6974,541.1009,571.2252,546.9462,124.9632,189.5623,1.5169,0,0,0,0
357,3,0,2,1,1,1,0.986,0.9887,0.8979,0.9239,392.4036,257.9558,229.6937,262.1447,340.0618,265.0664,283.5384,270.9023,162.7638,56.8239,0.3491,1,1,158,1
358,3,0,0,1,1,1,0.9894,0.9789,0.9144,0.8555,1144.8639,348.0128,976.422,346.0192,1165.217,446.6209,1112.4639,452.8307,168.4537,53.1174,0.3153,1,1,12,1
358,3,0,1,1,1,1,0.9893,0.9919,0.8884,0.9099,726.0721,353.1045,601.0542,352.1127,760.4815,541.2088,571.8326,547.4555,125.0218,188.7523,1.5098,0,0,0,0
358,3,0,2,1,1,1,0.9851,0.9891,0.8921,0.927,390.7808,256.1554,229.9777,263.1207,339.8606,262.8096,281.4918,266.4537,160.9539,58.4825,0.3633,1,1,159,1
359,3,0,0,1,1,1,0.9894,0.9789,0.9145,0.8557,1144.8635,348.0101,976.4249,346.0148,1165.3608,446.618,1112.4645,452.8856,168.4505,53.2664,0.3162,1,1,13,1
359,3,0,1,1,1,1,0.9893,0.9918,0.8883,0.9096,726.0666,353.0976,601.068,352.1006,760.4964,541.221,571.8142,547.4143,125.0026,188.7838,1.5102,0,0,0,0
359,3,0,2,1,1,1,0.9851,0.9892,0.8917,0.9272,390.6882,256.1228,229.9349,263.117,339.8527,262.7745,281.4184,266.4315,160.9053,58.5486,0.3639,1,1,160,1
360,3,0,0,1,1,1,0.99,0.9782,0.9185,0.8509,1145.843,347.5165,975.8065,345.6002,1168.9019,448.888,1104.9742,457.7362,170.0473,64.5371,0.3795,1,1,14,1
360,3,0,1,1,1,1,0.9892,0.9921,0.8872,0.9124,726.3388,353.1207,600.8382,352.3588,760.3756,541.55,571.9775,547.4146,125.5028,188.4895,1.5019,0,0,0,0
360,3,0,2,1,1,1,0.9876,0.9867,0.9114,0.9137,394.0124,256.7258,231.5137,264.2668,323.94,272.3444,273.2134,261.6622,162.6736,51.8391,0.3187,1,1,161,1
361,3,0,0,1,1,1,0.99,0.9783,0.9186,0.8509,1145.8715,347.527,975.6297,345.6496,1168.1108,448.4466,1104.7899,457.9271,170.2521,64.0267,0.3761,1,1,15,1
361,3,0,1,1,1,1,0.9891,0.992,0.8868,0.912,726.2927,353.1305,600.8664,352.3668,760.4239,541.4392,571.9955,547.37,125.4286,188.5217,1.503,0,0,0,0
361,3,0,2,1,1,1,0.9876,0.9867,0.9114,0.9138,394.0069,256.6616,231.4962,264.1804,323.9722,272.3207,273.2039,261.5972,162.6845,51.8885,0.319,1,1,162,1
362,3,0,1,1,1,1,0.989,0.992,0.8858,0.9115,726.2071,353.3376,600.6964,352.3226,760.2514,541.1347,572.4243,548.0726,125.5148,187.9551,1.4975,0,0,0,0
362,3,0,0,1,1,1,0.9903,0.978,0.9192,0.8464,1146.9861,348.1788,974.9716,346.477,1151.1736,451.345,1103.161,460.0564,172.0229,48.7965,0.2837,1,1,16,1
362,3,0,2,1,1,1,0.9836,0.9888,0.903,0.9245,394.3114,256.9791,227.2594,264.3647,316.5112,279.152,273.491,265.7008,167.2152,45.0741,0.2696,1,1,163,1
363,3,0,1,1,1,1,0.9891,0.9922,0.8857,0.9125,725.9493,352.9187,600.1536,351.6888,759.6385,540.9362,572.9925,548.6005,125.8017,186.8033,1.4849,0,0,0,0
363,3,0,0,1,1,1,0.99,0.9801,0.9069,0.8431,1149.0728,351.1818,970.5446,347.6571,1139.9296,448.7089,1113.0897,468.1496,178.563,33.1408,0.1856,1,1,17,1
363,3,0,2,1,1,1,0.9864,0.988,0.9007,0.92,393.2508,259.6161,228.5294,262.5186,329.085,266.8312,279.421,261.6582,164.7471,49.9328,0.3031,1,1,164,1
364,3,0,1,1,1,1,0.9891,0.9922,0.8857,0.9125,725.9458,352.9131,600.158,351.6848,759.6344,540.9275,572.9834,548.603,125.7938,186.8088,1.485,0,0,0,0
364,3,0,0,1,1,1,0.99,0.9801,0.9069,0.8431,1149.0815,351.1765,970.5485,347.6624,1139.9386,448.7008,1113.0797,468.1652,178.5677,33.1702,0.1858,1,1,18,1
364,3,0,2,1,1,1,0.9864,0.988,0.9007,0.92,393.2464,259.612,228.5138,262.5162,329.0995,266.8194,279.4259,261.6426,164.7582,49.9426,0.3031,1,1,165,1
365,3,0,1,1,1,1,0.9887,0.9921,0.8825,0.9126,724.8844,352.9115,600.043,351.5168,759.5064,540.3584,572.7135,548.9707,124.8492,186.9913,1.4977,0,0,0,0
365,3,0,0,1,1,1,0.9886,0.9783,0.9171,0.8503,1150.4221,346.1105,970.2875,348.8756,1136.9514,487.1766,1095.2161,496.171,180.1559,42.6935,0.237,1,1,19,1
365,3,0,2,1,1,1,0.9863,0.9879,0.9018,0.9194,393.0698,257.4357,230.3096,262.6598,340.8885,267.6531,282.3038,272.3895,162.844,58.7759,0.3609,1,1,166,1
366,3,0,1,1,1,1,0.9887,0.9921,0.8826,0.9126,724.8692,352.9155,600.032,351.5329,759.5052,540.3686,572.712,548.9936,124.8448,186.9922,1.4978,0,0,0,0
366,3,0,0,1,1,1,0.9886,0.9783,0.9171,0.8505,1150.3967,346.1008,970.2514,348.8497,1137.1133,487.1668,1095.2087,496.2064,180.1663,42.8685,0.2379,1,1,20,1
366,3,0,2,1,1,1,0.9863,0.9879,0.9018,0.9193,393.057,257.512,230.3119,262.7025,340.9049,267.6028,282.307,272.3438,162.8278,58.7894,0.3611,1,1,167,1
367,3,0,1,1,1,1,0.9885,0.9921,0.8813,0.913,724.3468,352.927,599.0742,351.5734,758.5726,540.4902,572.7766,549.681,125.2798,186.0231,1.4849,0,0,0,0
367,3,0,0,1,1,1,0.9909,0.9784,0.9184,0.8407,1147.0833,343.614,972.7381,349.6854,1160.5156,529.0952,1060.428,524.2472,174.4508,100.205,0.5744,0,0,0,0
367,3,0,2,1,1,1,0.9851,0.9887,0.893,0.9249,392.4151,255.6947,229.4498,264.0752,331.072,263.9089,276.7122,262.3259,163.1806,54.3829,0.3333,1,1,168,1
368,3,0,1,1,1,1,0.9885,0.9921,0.8813,0.913,724.353,352.937,599.0738,351.5786,758.566,540.501,572.7704,549.6872,125.2866,186.0226,1.4848,0,0,0,0
368,3,0,0,1,1,1,0.9909,0.9784,0.9184,0.8407,1147.0806,343.6353,972.7455,349.7012,1160.5154,529.0991,1060.4484,524.2428,174.4406,100.1848,0.5743,0,0,0,0
368,3,0,2,1,1,1,0.9851,0.9887,0.893,0.9249,392.4116,255.7037,229.4384,264.0918,331.0687,263.9224,276.7238,262.3159,163.189,54.3686,0.3332,1,1,169,1
369,3,0,1,1,1,1,0.9883,0.9923,0.8791,0.9145,724.4555,353.2184,598.7867,352.2838,758.039,541.3961,572.2918,550.4477,125.6723,185.9676,1.4798,0,0,0,0
369,3,0,2,1,1,1,0.9836,0.9886,0.9039,0.9232,394.3154,255.1958,226.8892,265.55,315.6803,282.2062,273.6027,265.8266,167.7461,45.1532,0.2692,1,1,170,1
369,3,0,0,1,1,1,0.9902,0.9757,0.9286,0.829,1147.8741,342.7655,971.0711,353.6755,1173.2368,550.3308,1034.2263,552.4444,177.1393,139.0266,0.7848,0,0,0,0
370,3,0,1,1,1,1,0.9883,0.9923,0.8791,0.9145,724.4593,353.2264,598.7904,352.2788,758.052,541.398,572.302,550.4281,125.6725,185.9694,1.4798,0,0,0,0
370,3,0,2,1,1,1,0.9836,0.9886,0.9038,0.9231,394.3173,255.2068,226.8779,265.5481,315.526,281.924,273.5477,265.9082,167.7584,44.9298,0.2678,1,1,171,1
370,3,0,0,1,1,1,0.9902,0.9757,0.9286,0.8292,1147.8823,342.7975,971.0654,353.7039,1173.2946,550.1708,1034.203,552.2458,177.153,139.107,0.7852,0,0,0,0
371,3,0,1,1,1,1,0.9887,0.992,0.8832,0.9118,723.8912,353.0828,597.7302,352.8281,757.5674,541.2743,571.627,550.6251,126.1612,186.1754,1.4757,0,0,0,0
371,3,0,0,1,1,1,0.9887,0.9788,0.9084,0.8296,1148.0219,344.7866,970.7049,353.886,1182.4764,580.8388,1004.3221,580.3543,177.5503,178.155,1.0034,0,0,0,0
371,3,0,2,1,1,1,0.9844,0.9881,0.908,0.9208,394.1368,259.5222,226.2373,264.4332,312.3268,287.6922,274.6613,270.4662,167.9713,41.4176,0.2466,1,1,172,1
372,3,0,1,1,1,1,0.9887,0.992,0.8832,0.9117,723.883,353.0842,597.7424,352.8205,757.5836,541.2343,571.617,550.6295,126.1409,186.2037,1.4762,0,0,0,0
372,3,0,0,1,1,1,0.9887,0.9788,0.9084,0.8291,1148.0671,344.7889,970.7046,353.8766,1182.2311,581.5094,1004.3182,580.389,177.5952,177.9164,1.0018,0,0,0,0
372,3,0,2,1,1,1,0.9844,0.9881,0.9079,0.9208,394.1357,259.5459,226.2376,264.4494,312.3362,287.681,274.6548,270.4441,167.9697,41.4366,0.2467,1,1,173,1
373,3,0,1,1,1,1,0.9888,0.9918,0.8837,0.9093,723.0642,352.7235,597.7068,352.4863,757.341,540.9424,571.177,550.1474,125.3576,186.3915,1.4869,0,0,0,0
373,3,0,0,1,1,1,0.9886,0.9809,0.8965,0.8244,1148.4423,345.3087,970.3219,354.2792,1189.5221,596.1132,980.4745,600.6026,178.3461,209.0958,1.1724,0,0,0,0
373,3,0,2,1,1,1,0.987,0.9873,0.9057,0.9168,394.8986,260.69,228.5201,263.7434,324.4864,271.3804,277.8713,263.7277,166.4066,47.2391,0.2839,1,1,174,1
374,3,0,1,1,1,1,0.9889,0.9916,0.8849,0.9078,722.5192,352.0205,597.0578,352.365,757.3174,540.4615,570.1997,549.9876,125.462,187.3601,1.4934,0,0,0,0
374,3,0,0,1,1,1,0.9888,0.985,0.8742,0.8182,1149.0011,346.9219,968.9244,354.5345,1201.3856,611.6747,957.6465,622.6884,180.2375,243.9878,1.3537,0,0,0,0
374,3,0,2,1,1,1,0.9869,0.9872,0.9067,0.9163,395.3535,258.4432,230.084,263.3249,334.1413,271.9804,280.8932,273.7003,165.3416,53.2759,0.3222,1,1,175,1
375,3,0,1,1,1,1,0.9889,0.9916,0.8851,0.9077,722.5292,352.0281,597.067,352.3598,757.3028,540.4699,570.2048,549.9524,125.4627,187.3382,1.4932,0,0,0,0
375,3,0,0,1,1,1,0.9888,0.985,0.8742,0.8181,1149.0177,346.9371,968.9319,354.5492,1201.3837,611.7017,957.6581,622.7082,180.2466,243.974,1.3536,0,0,0,0
375,3,0,2,1,1,1,0.9869,0.9872,0.9067,0.9163,395.3433,258.4436,230.091,263.312,334.1117,271.9778,280.9057,273.7175,165.324,53.2344,0.322,1,1,176,1
376,3,0,1,1,1,1,0.9888,0.9916,0.8846,0.9086,721.7613,351.9015,596.4682,352.7047,757.3928,539.9628,570.5779,550.5883,125.2957,187.1169,1.4934,0,0,0,0
376,3,0,0,1,1,1,0.9889,0.9853,0.869,0.8147,1149.8717,348.0679,969.0983,355.0655,1207.3492,620.8868,946.6272,627.5521,180.9088,260.8072,1.4417,0,0,0,0
376,3,0,2,1,1,1,0.9865,0.9879,0.9044,0.9211,395.273,257.3126,229.8731,264.9334,325.8797,271.0928,276.103,265.6702,165.5753,50.0712,0.3024,1,1,177,1
377,3,0,1,1,1,1,0.9888,0.9917,0.8846,0.9087,721.781,351.9122,596.4646,352.69,757.3732,540.0182,570.5858,550.5712,125.3189,187.0853,1.4929,0,0,0,0
377,3,0,0,1,1,1,0.9889,0.9853,0.8689,0.8147,1149.888,348.0474,969.0665,355.083,1207.328,620.8655,946.6407,627.5475,180.9583,260.7729,1.4411,0,0,0,0
377,3,0,2,1,1,1,0.9865,0.9879,0.9043,0.9211,395.2633,257.3184,229.8714,264.9492,325.8344,271.0016,276.1009,265.6586,165.5679,50.0197,0.3021,1,1,178,1
378,3,0,0,1,1,1,0.9888,0.9855,0.8687,0.8144,1150.5131,348.9958,968.7066,355.3772,1209.9935,624.156,936.1113,632.4286,181.9184,274.0072,1.5062,0,0,0,0
378,3,0,1,1,1,1,0.9888,0.9916,0.884,0.9077,721.0094,351.6134,595.2038,352.6366,756.6765,540.2843,570.0582,549.9857,125.8098,186.8703,1.4853,0,0,0,0
378,3,0,2,1,1,1,0.9877,0.9866,0.9136,0.9148,394.6578,259.3443,227.9346,264.0115,313.9719,280.9008,272.8619,268.4898,166.7885,42.9426,0.2575,1,1,179,1
379,3,0,0,1,1,1,0.9889,0.9855,0.8683,0.8144,1150.5198,348.9725,968.589,355.5056,1210.0505,624.2969,936.1284,632.675,182.048,274.0503,1.5054,0,0,0,0
379,3,0,1,1,1,1,0.9888,0.9916,0.884,0.9078,721.0464,351.6233,595.2284,352.6083,756.6059,540.1887,570.0765,549.8902,125.8218,186.7815,1.4845,0,0,0,0
379,3,0,2,1,1,1,0.9877,0.9866,0.9138,0.9147,394.6621,259.3602,227.9424,263.9792,314.072,281.0091,272.8675,268.5299,166.7836,43.0527,0.2581,1,1,180,1
380,3,0,0,1,1,1,0.9888,0.9858,0.8675,0.8142,1150.7648,348.8118,968.5491,355.326,1210.6277,620.549,928.1046,634.4258,182.332,282.8637,1.5514,0,0,0,0
380,3,0,1,1,1,1,0.9891,0.9914,0.887,0.9057,720.3202,351.6979,594.9486,352.6819,756.3756,539.9494,569.7484,550.1634,125.3755,186.9066,1.4908,0,0,0,0
380,3,0,2,1,1,1,0.9876,0.9866,0.9103,0.9127,395.5591,261.4592,228.9219,263.6841,317.2386,277.0795,274.6374,266.0006,166.652,44.0183,0.2641,1,1,181,1
381,3,0,0,1,1,1,0.9888,0.9858,0.8672,0.8148,1150.812,348.8633,968.5013,355.3366,1210.5884,620.524,928.1358,634.3962,182.4256,282.793,1.5502,0,0,0,0
381,3,0,1,1,1,1,0.9892,0.9914,0.8875,0.9057,720.3012,351.7168,594.9856,352.6965,756.3376,539.916,569.7465,550.1422,125.3194,186.8711,1.4912,0,0,0,0
381,3,0,2,1,1,1,0.9876,0.9867,0.9102,0.9129,395.5419,261.4268,228.8602,263.7064,317.2104,277.0477,274.5439,265.938,166.6974,44.0892,0.2645,1,1,182,1
382,3,0,0,1,1,1,0.9891,0.9854,0.8705,0.8093,1151.3002,347.9536,968.1695,356.6693,1211.5991,618.2643,924.1298,634.5766,183.338,287.9318,1.5705,0,0,0,0
382,3,0,1,1,1,1,0.9892,0.9916,0.8865,0.9076,719.5031,351.5284,594.2218,352.5218,755.9272,540.5564,570.2424,551.2925,125.2852,185.9949,1.4846,0,0,0,0
382,3,0,2,1,1,1,0.987,0.9876,0.9047,0.9166,394.694,260.7968,228.2815,264.0349,327.9432,271.6907,280.6889,273.0226,166.4439,47.2731,0.284,1,1,183,1
383,3,0,0,1,1,1,0.989,0.9857,0.8686,0.8103,1151.3718,347.6902,967.7287,356.4222,1210.3602,619.9409,920.5205,633.9538,183.8506,290.1783,1.5783,0,0,0,0
383,3,0,1,1,1,1,0.9891,0.9917,0.8857,0.9079,718.3857,351.431,593.1528,352.9115,755.3982,540.433,569.3968,551.0396,125.2416,186.3036,1.4876,0,0,0,0
383,3,0,2,1,1,1,0.9864,0.9878,0.9015,0.9186,393.9486,259.4559,228.3972,265.049,326.6623,271.4795,278.1346,274.7322,165.6458,48.6366,0.2936,1,1,184,1
384,3,0,0,1,1,1,0.989,0.9857,0.8685,0.8103,1151.3619,347.6942,967.7207,356.4232,1210.3457,619.9444,920.525,634.0346,183.8486,290.163,1.5783,0,0,0,0
384,3,0,1,1,1,1,0.9891,0.9917,0.8857,0.9078,718.3324,351.3735,593.1405,352.8971,755.4976,540.3762,569.3782,551.0396,125.2012,186.4246,1.489,0,0,0,0
384,3,0,2,1,1,1,0.9864,0.9878,0.9016,0.9187,393.9308,259.4919,228.39,265.0872,326.6844,271.4476,278.1502,274.767,165.6352,48.6475,0.2937,1,1,185,1
385,3,0,0,1,1,1,0.9892,0.9854,0.8707,0.8056,1151.9645,347.9248,967.957,357.2943,1208.3566,619.7344,920.8262,633.7876,184.2459,287.8736,1.5624,0,0,0,0
385,3,0,1,1,1,1,0.9888,0.9918,0.8822,0.9099,717.5146,351.697,592.176,353.2532,754.1095,540.7149,568.8281,550.7828,125.3483,185.5547,1.4803,0,0,0,0
385,3,0,2,1,1,1,0.987,0.9873,0.9084,0.9173,394.7865,258.8672,229.5704,265.8676,317.7651,279.7067,273.252,269.9441,165.3643,45.5711,0.2756,1,1,186,1
386,3,0,0,1,1,1,0.9892,0.9854,0.8708,0.8055,1151.973,347.9282,967.9705,357.2756,1208.3597,619.7458,920.8459,633.7492,184.2398,287.8546,1.5624,0,0,0,0
386,3,0,1,1,1,1,0.9888,0.9918,0.8824,0.9097,717.5412,351.6876,592.1916,353.2528,754.1147,540.7181,568.8123,550.7696,125.3593,185.5748,1.4803,0,0,0,0
386,3,0,2,1,1,1,0.9871,0.9872,0.9086,0.9173,394.782,258.8846,229.5584,265.8598,317.7435,279.7423,273.2444,270.0031,165.3708,45.5524,0.2755,1,1,187,1
387,3,0,0,1,1,1,0.9891,0.9848,0.8731,0.8059,1152.187,348.1536,968.9473,356.7644,1206.8202,622.8972,923.0668,633.5788,183.4419,283.9544,1.5479,0,0,0,0
387,3,0,1,1,1,1,0.9886,0.9919,0.8807,0.9101,717.5058,351.6486,591.7446,352.4002,752.9348,541.2956,568.1224,550.6168,125.7634,185.0474,1.4714,0,0,0,0
387,3,0,2,1,1,1,0.9839,0.9886,0.905,0.9221,393.3281,260.7808,225.5925,265.4786,311.0958,290.381,271.6679,275.7048,167.8014,42.0708,0.2507,1,1,188,1
388,3,0,0,1,1,1,0.9891,0.9848,0.8731,0.8058,1152.1816,348.1726,968.9503,356.7693,1206.7933,622.9214,923.0618,633.6532,183.4329,283.9345,1.5479,0,0,0,0
388,3,0,1,1,1,1,0.9886,0.9919,0.8805,0.9103,717.5523,351.6586,591.7357,352.3812,752.9468,541.2751,568.1366,550.6811,125.8187,185.0494,1.4708,0,0,0,0
388,3,0,2,1,1,1,0.9839,0.9886,0.905,0.9221,393.3409,260.7951,225.5776,265.4922,311.1278,290.4091,271.6345,275.7555,167.829,42.1243,0.251,1,1,189,1
389,3,0,0,1,1,1,0.9889,0.9849,0.873,0.8108,1152.1901,348.9704,968.5128,356.5781,1205.6735,623.8819,925.2748,634.011,183.8348,280.5816,1.5263,0,0,0,0
389,3,0,1,1,1,1,0.989,0.9916,0.8849,0.9085,717.2253,352.117,591.1054,352.9524,751.5232,541.7582,567.9948,551.24,126.1226,183.7731,1.4571,0,0,0,0
389,3,0,2,1,1,1,0.987,0.9873,0.9056,0.9159,394.0916,262.0299,228.2308,264.802,320.386,273.9682,275.9392,265.5814,165.884,45.2312,0.2727,1,1,190,1
390,3,0,0,1,1,1,0.9894,0.9845,0.8761,0.8046,1151.2466,348.6746,968.8272,355.702,1203.7524,622.9158,927.2316,632.3926,182.5547,276.6832,1.5156,0,0,0,0
390,3,0,1,1,1,1,0.989,0.9917,0.884,0.9091,717.0121,352.3368,590.7988,353.2594,750.9019,541.5678,567.0366,551.1808,126.2167,184.1165,1.4587,0,0,0,0
390,3,0,2,1,1,1,0.9865,0.9879,0.9026,0.9185,392.737,260.132,228.2554,264.1266,334.53,272.3356,281.6092,273.4867,164.5301,52.9333,0.3217,1,1,191,1
391,3,0,0,1,1,1,0.9894,0.9846,0.8756,0.8049,1151.2906,348.6361,968.9014,355.6856,1203.8024,622.9572,927.2194,632.3828,182.5255,276.7435,1.5162,0,0,0,0
391,3,0,1,1,1,1,0.989,0.9917,0.8843,0.909,717.0334,352.3266,590.8203,353.2508,750.9154,541.5462,567.0644,551.1941,126.2165,184.1039,1.4586,0,0,0,0
391,3,0,2,1,1,1,0.9865,0.9879,0.9025,0.9185,392.7302,260.1318,228.2435,264.1311,334.5467,272.3519,281.6467,273.4677,164.5353,52.9117,0.3216,1,1,192,1
392,3,0,0,1,1,1,0.9889,0.9848,0.8745,0.8141,1151.2756,348.9833,968.8484,355.0184,1202.6981,623.7572,929.9673,630.4808,182.527,272.8137,1.4946,0,0,0,0
392,3,0,1,1,1,1,0.989,0.9917,0.8846,0.9088,716.7906,352.6951,591.0068,353.309,750.9582,540.8863,566.5258,550.0364,125.7853,184.6592,1.4681,0,0,0,0
392,3,0,2,1,1,1,0.9862,0.9885,0.9,0.9236,391.9299,257.5916,229.0408,264.8904,328.0242,269.3699,277.5511,272.3276,163.0526,50.5597,0.3101,1,1,193,1
393,3,0,0,1,1,1,0.9889,0.9848,0.8745,0.8142,1151.2794,348.9866,968.8389,355.0353,1202.7069,623.7314,929.9613,630.506,182.5407,272.8297,1.4946,0,0,0,0
393,3,0,1,1,1,1,0.9891,0.9917,0.8846,0.9087,716.7926,352.701,591.0049,353.3157,750.9638,540.8831,566.5284,550.0398,125.7892,184.6625,1.468,0,0,0,0
393,3,0,2,1,1,1,0.9862,0.9885,0.9,0.9236,391.9278,257.5913,229.0296,264.8825,328.0275,269.3584,277.5521,272.3158,163.0613,50.562,0.3101,1,1,194,1
394,3,0,0,1,1,1,0.9885,0.9852,0.8718,0.8171,1150.4426,348.2212,968.1345,355.0225,1201.7753,620.3134,934.0893,631.5475,182.4349,267.9216,1.4686,0,0,0,0
394,3,0,1,1,1,1,0.9889,0.9918,0.8829,0.9097,716.0006,352.9923,590.0492,353.3618,749.9583,542.1628,566.5376,550.3498,125.952,183.6034,1.4577,0,0,0,0
394,3,0,2,1,1,1,0.983,0.9891,0.8995,0.9253,391.6144,255.1302,226.5306,265.9586,317.076,283.52,272.6121,268.34,165.4386,46.9837,0.284,1,1,195,1
395,3,0,0,1,1,1,0.9885,0.9852,0.8717,0.8172,1150.4393,348.2606,968.1367,355.0246,1201.7435,620.506,934.1014,631.5127,182.4281,267.8683,1.4684,0,0,0,0
395,3,0,1,1,1,1,0.9889,0.9918,0.8827,0.9097,716.028,353.003,590.031,353.3986,749.9368,542.2158,566.5706,550.4184,125.9976,183.5496,1.4568,0,0,0,0
395,3,0,2,1,1,1,0.983,0.9891,0.8994,0.9253,391.6305,255.1188,226.5156,265.9644,317.0594,283.5249,272.6026,268.3301,165.4707,46.9817,0.2839,1,1,196,1
396,3,0,0,1,1,1,0.9888,0.9845,0.8754,0.8144,1150.1382,347.9412,968.7805,353.9816,1199.4546,620.577,938.9685,626.6376,181.4582,260.5566,1.4359,0,0,0,0
396,3,0,1,1,1,1,0.9891,0.9917,0.8856,0.9093,715.6148,352.8324,589.9758,353.4407,749.2992,542.7459,566.3206,550.4284,125.6404,183.1398,1.4577,0,0,0,0
396,3,0,2,1,1,1,0.9829,0.9891,0.8999,0.9262,391.5756,258.213,225.0273,265.4902,312.082,290.2639,272.2388,272.4242,166.7071,43.6548,0.2619,1,1,197,1
397,3,0,0,1,1,1,0.9888,0.9846,0.875,0.8149,1150.0585,347.8945,968.7393,353.959,1199.4791,620.6214,938.9045,626.5654,181.4206,260.6424,1.4367,0,0,0,0
397,3,0,1,1,1,1,0.9891,0.9917,0.8858,0.9094,715.6136,352.8138,590.0,353.4414,749.2916,542.7429,566.3266,550.4319,125.6151,183.1266,1.4578,0,0,0,0
397,3,0,2,1,1,1,0.9829,0.9891,0.8999,0.9262,391.6198,258.2188,225.0134,265.4825,312.0262,290.2259,272.2364,272.3872,166.7647,43.6055,0.2615,1,1,198,1
398,3,0,0,1,1,1,0.989,0.9831,0.8874,0.8174,1149.0345,346.2174,970.024,352.3357,1189.0438,611.435,949.4684,619.2002,179.115,239.7012,1.3383,0,0,0,0
398,3,0,1,1,1,1,0.9892,0.9919,0.8851,0.9113,714.8924,352.2692,589.5073,353.2051,749.6588,541.7292,566.2277,549.9059,125.3886,183.6133,1.4644,0,0,0,0
398,3,0,2,1,1,1,0.986,0.9881,0.8987,0.9217,391.1754,260.534,226.3105,264.9003,322.3969,270.4024,276.3707,262.9671,164.9228,46.6229,0.2827,1,1,199,1
399,3,0,0,1,1,1,0.9894,0.9812,0.9047,0.8209,1148.676,344.2572,969.2369,352.1437,1180.0466,592.7832,959.4737,605.0426,179.6123,220.9134,1.2299,0,0,0,0
399,3,0,1,1,1,1,0.989,0.9918,0.8834,0.9106,714.902,352.4714,589.1684,353.4595,749.2648,542.1004,566.1148,550.326,125.7376,183.3345,1.4581,0,0,0,0
399,3,0,2,1,1,1,0.986,0.9881,0.8989,0.9203,391.7796,259.5066,228.1681,266.4292,331.4474,272.6422,279.5294,273.8802,163.7578,51.9327,0.3171,1,1,200,1
400,3,0,0,1,1,1,0.9894,0.9812,0.9047,0.8208,1148.7131,344.2695,969.2641,352.1422,1179.9946,592.794,959.4933,605.0794,179.6216,220.8433,1.2295,0,0,0,0
400,3,0,1,1,1,1,0.989,0.9918,0.8832,0.9104,714.906,352.494,589.1182,353.4899,749.2758,542.1878,566.1271,550.422,125.7918,183.3337,1.4574,0,0,0,0
400,3,0,2,1,1,1,0.986,0.9881,0.899,0.9202,391.773,259.528,228.1884,266.4309,331.479,272.7038,279.4988,273.9113,163.7302,51.9943,0.3176,1,1,201,1
401,3,0,0,1,1,1,0.99,0.9777,0.9225,0.8253,1147.171,344.0679,970.5581,350.7727,1164.6454,568.539,976.9123,567.576,176.7401,187.7356,1.0622,0,0,0,0
401,3,0,1,1,1,1,0.9891,0.9919,0.8845,0.9109,715.0647,353.0527,589.1567,353.6213,749.2132,542.2398,566.975,550.3092,125.9093,182.4167,1.4488,0,0,0,0
401,3,0,2,1,1,1,0.9823,0.9902,0.8927,0.9313,390.4673,255.1045,225.9899,267.0976,323.0214,273.8726,276.1609,270.499,164.914,46.9817,0.2849,1,1,202,1
402,3,0,0,1,1,1,0.99,0.9777,0.9225,0.8253,1147.1809,344.0776,970.5538,350.7832,1164.663,568.5154,976.9317,567.6023,176.7543,187.7335,1.0621,0,0,0,0
402,3,0,1,1,1,1,0.9891,0.9919,0.8845,0.911,715.0664,353.0342,589.1488,353.6077,749.2054,542.2308,567.0164,550.2997,125.9188,182.3676,1.4483,0,0,0,0
402,3,0,2,1,1,1,0.9823,0.9902,0.8926,0.9313,390.4404,255.1028,225.988,267.0888,323.026,273.8761,276.156,270.4659,164.8887,46.9939,0.285,1,1,203,1
403,3,0,1,1,1,1,0.9888,0.9917,0.8835,0.9099,714.3973,352.888,588.7774,353.4933,748.2302,541.0846,566.9391,549.4311,125.6214,181.4832,1.4447,0,0,0,0
403,3,0,2,1,1,1,0.9838,0.9888,0.906,0.9254,390.8752,258.9245,224.5422,267.717,314.0423,293.3452,271.5833,278.1655,166.5652,45.0909,0.2707,1,1,204,1
403,3,0,0,1,1,1,0.9922,0.9786,0.9254,0.8255,1143.8866,339.7507,970.8642,349.8714,1153.9423,535.0398,1007.8422,532.9922,173.3181,146.1144,0.843,0,0,0,0
404,3,0,1,1,1,1,0.9889,0.9917,0.8836,0.9098,714.3932,352.8959,588.7674,353.5176,748.2176,541.0478,566.9742,549.4438,125.6273,181.4378,1.4443,0,0,0,0
404,3,0,2,1,1,1,0.9838,0.9888,0.906,0.9254,390.8909,258.9516,224.5533,267.7424,314.0005,293.3766,271.6262,278.043,166.5697,45.0633,0.2705,1,1,205,1
404,3,0,0,1,1,1,0.9922,0.9786,0.9256,0.8254,1143.8691,339.7604,970.86,349.8911,1154.0007,535.0536,1007.7349,533.8438,173.3055,146.2708,0.844,0,0,0,0
405,3,0,1,1,1,1,0.9886,0.9927,0.8825,0.9215,714.7805,352.498,588.3313,352.6802,748.8061,529.9546,567.5695,544.5626,126.4494,181.8243,1.4379,0,0,0,0
405,3,0,2,1,1,1,0.9835,0.989,0.9016,0.9259,390.7468,259.6063,223.2747,265.8172,312.4846,290.9771,272.6215,274.9687,167.5873,42.9574,0.2563,1,1,206,1
405,3,0,0,1,1,1,0.9926,0.9748,0.9322,0.8159,1147.2327,342.282,970.2645,344.4531,1109.6533,460.8557,1037.6564,475.808,176.9815,73.5332,0.4155,1,1,1,0
406,3,0,1,1,1,1,0.9886,0.9927,0.8825,0.9216,714.7873,352.496,588.3473,352.668,748.7927,529.9476,567.5752,544.5674,126.4401,181.8062,1.4379,0,0,0,0
406,3,0,2,1,1,1,0.9835,0.989,0.9017,0.9259,390.7433,259.6258,223.2736,265.8072,312.4582,290.9183,272.6282,275.0573,167.5837,42.8719,0.2558,1,1,207,1
406,3,0,0,1,1,1,0.9894,0.9791,0.9236,0.837,1149.0349,342.5606,966.8997,346.6396,1116.574,460.596,1037.5139,480.3628,182.1809,81.4937,0.4473,1,1,2,0
407,3,0,2,1,1,1,0.9865,0.9879,0.9017,0.9199,390.6818,260.4745,226.2978,265.6188,319.7203,269.6799,274.5886,267.1493,164.4644,45.2027,0.2748,1,1,208,1
407,3,0,1,1,1,1,0.9883,0.9929,0.8805,0.9246,715.75,353.1634,586.9138,352.8694,746.5714,527.44,569.6446,538.5736,128.8366,177.2769,1.376,0,0,0,0
407,3,0,0,1,1,1,0.992,0.9729,0.941,0.8129,1142.0574,341.8012,966.6369,348.9737,1086.0917,417.2684,1051.3215,427.9605,175.567,36.377,0.2072,1,1,3,0
408,3,0,2,1,1,1,0.9865,0.9879,0.9017,0.9198,390.7104,260.456,226.329,265.6034,319.642,269.6126,274.5826,267.0655,164.462,45.1314,0.2744,1,1,209,1
408,3,0,1,1,1,1,0.9883,0.9929,0.8807,0.9245,715.7705,353.2552,586.9274,352.8745,746.5916,527.4143,569.6449,538.5835,128.8437,177.2989,1.3761,0,0,0,0
408,3,0,0,1,1,1,0.992,0.9729,0.941,0.813,1142.0499,341.794,966.6599,349.0173,1085.9855,417.253,1051.4454,427.885,175.5388,36.1394,0.2059,1,1,4,0
409,3,0,1,1,1,1,0.9879,0.9929,0.881,0.9262,717.31,353.2076,585.331,352.7998,745.9153,511.2359,575.3104,534.0297,131.9795,172.1209,1.3041,0,0,0,0
409,3,0,2,1,1,1,0.9861,0.9883,0.8996,0.9218,390.5012,259.3073,227.7445,267.6314,326.6584,269.4042,277.0982,274.1406,162.9695,49.7861,0.3055,1,1,210,1
409,3,0,0,1,1,1,0.9915,0.9733,0.9448,0.8348,1138.3217,338.9204,968.5991,348.5542,1092.5353,370.7702,1054.991,392.4252,169.9957,43.3418,0.255,1,1,5,0
410,3,0,1,1,1,1,0.9879,0.9929,0.881,0.9261,717.3441,353.218,585.3151,352.805,745.7058,511.6231,575.343,534.1628,132.0296,171.8475,1.3016,0,0,0,0
410,3,0,2,1,1,1,0.9861,0.9883,0.8996,0.9218,390.4951,259.3,227.7464,267.6283,326.69,269.4491,277.1044,274.1382,162.9616,49.8068,0.3056,1,1,211,1
410,3,0,0,1,1,1,0.9915,0.9733,0.9449,0.8346,1138.247,338.8534,968.6313,348.5287,1092.2704,370.8132,1054.7501,392.5066,169.8914,43.3402,0.2551,1,1,6,1
411,3,0,1,1,1,1,0.9896,0.9912,0.8991,0.9177,720.1638,354.013,583.0923,351.7156,732.5162,521.384,579.4543,502.4784,137.0907,154.2251,1.125,0,0,0,0
411,3,0,2,1,1,1,0.9862,0.9882,0.9007,0.9217,390.3376,257.6129,227.829,267.3486,322.327,269.2435,272.5378,268.0608,162.8,49.8032,0.3059,1,1,212,1
411,3,0,0,1,1,1,0.9892,0.9777,0.9412,0.868,1139.6914,332.9156,973.5737,344.3949,1096.3861,345.2246,1052.1063,363.6666,166.5138,47.9668,0.2881,1,1,7,1
412,3,0,1,1,1,1,0.9879,0.9913,0.8993,0.9271,715.3561,349.7268,585.0138,348.2577,759.1164,451.2737,586.6668,462.3034,130.3505,172.8019,1.3257,0,0,0,0
412,3,0,2,1,1,1,0.9838,0.9888,0.9049,0.9241,389.4566,256.8402,224.3974,267.2151,312.2072,290.4294,271.4113,272.5018,165.3849,44.5612,0.2694,1,1,213,1
412,3,0,0,1,1,1,0.9888,0.9772,0.9441,0.8769,1139.4346,329.4451,975.896,342.9285,1105.2158,337.6808,1056.6039,345.5452,164.0935,49.244,0.3001,1,1,8,1
413,3,0,1,1,1,1,0.9879,0.9913,0.8994,0.9271,715.3616,349.7262,585.023,348.2562,759.124,451.2741,586.6696,462.2928,130.3469,172.8061,1.3257,0,0,0,0
413,3,0,2,1,1,1,0.9838,0.9888,0.9048,0.9242,389.4645,256.8412,224.3838,267.2213,312.2192,290.4406,271.4053,272.5294,165.4067,44.5711,0.2695,1,1,214,1
413,3,0,0,1,1,1,0.9888,0.9772,0.9441,0.877,1139.4003,329.434,975.8746,342.9226,1105.1562,337.6861,1056.5831,345.5266,164.0811,49.2018,0.2999,1,1,9,1
414,3,0,1,1,1,1,0.99,0.9885,0.9255,0.9179,718.8588,349.5636,582.991,347.2953,746.8065,439.1131,598.1983,434.183,135.8867,148.69,1.0942,0,0,0,0
414,3,0,2,1,1,1,0.9834,0.9888,0.9029,0.925,388.809,258.0965,223.632,266.3539,308.5839,287.5657,271.7699,271.6436,165.3833,40.1097,0.2425,1,1,215,1
414,3,0,0,1,1,1,0.9888,0.9781,0.9469,0.8874,1136.2839,328.8514,980.1538,344.0014,1107.6348,319.6657,1045.0787,328.1445,156.8634,63.128,0.4024,1,1,10,1
415,3,0,1,1,1,1,0.99,0.9885,0.9256,0.9179,718.8016,349.5421,583.0343,347.2693,747.0482,439.1706,598.1595,434.126,135.7863,148.9742,1.0971,0,0,0,0
415,3,0,2,1,1,1,0.9834,0.9888,0.9028,0.925,388.7956,258.091,223.643,266.3643,308.5723,287.5513,271.763,271.6655,165.3597,40.0909,0.2424,1,1,216,1
415,3,0,0,1,1,1,0.9888,0.9781,0.9469,0.887,1136.2592,328.9034,980.1607,344.0076,1107.5267,319.6469,1045.2709,328.1051,156.8275,62.8278,0.4006,1,1,11,1
416,3,0,1,1,1,1,0.99,0.9884,0.9248,0.9171,718.6466,349.6798,583.4511,347.6337,746.8781,425.854,595.7925,415.1721,135.211,151.4628,1.1202,0,0,0,0
416,3,0,2,1,1,1,0.9825,0.9893,0.8951,0.926,389.2341,256.6249,224.4948,266.5666,315.5188,272.94,273.1918,262.2551,165.039,43.6548,0.2645,1,1,217,1
416,3,0,0,1,1,1,0.9907,0.9704,0.9477,0.8711,1136.382,329.8412,986.7779,340.2163,1097.991,313.1386,1048.4719,311.1978,149.9634,49.5571,0.3305,1,1,12,1
417,3,0,1,1,1,1,0.99,0.9884,0.9247,0.9172,718.5896,349.6602,583.4546,347.6377,746.866,425.6855,595.7576,415.2258,135.1501,151.47,1.1208,0,0,0,0
417,3,0,2,1,1,1,0.9825,0.9893,0.8952,0.9259,389.2479,256.648,224.5134,266.5675,315.4506,272.8802,273.1636,262.2611,165.0328,43.6,0.2642,1,1,218,1
417,3,0,0,1,1,1,0.9907,0.9703,0.9477,0.871,1136.3839,329.853,986.8035,340.2174,1097.9343,313.1433,1048.4023,311.1894,149.939,49.5705,0.3306,1,1,13,1
418,3,0,1,1,1,1,0.9907,0.9897,0.9143,0.9122,720.4854,348.3656,583.8871,347.5252,749.3822,425.925,592.3144,403.643,136.6009,158.6404,1.1613,0,0,0,0
418,3,0,2,1,1,1,0.9825,0.9894,0.8963,0.927,389.737,256.2377,226.4074,267.4592,323.2787,270.5239,273.7952,278.0203,163.7146,50.048,0.3057,1,1,219,1
418,3,0,0,1,1,1,0.9907,0.9709,0.9472,0.8735,1136.3113,328.4692,987.629,339.1226,1102.9144,311.5788,1049.1924,307.309,149.0635,53.8915,0.3615,1,1,14,1
419,3,0,1,1,1,1,0.9915,0.9898,0.9216,0.9129,722.0835,348.1138,584.1844,347.1606,747.4746,421.5541,588.9637,409.3838,137.9023,158.9775,1.1528,0,0,0,0
419,3,0,2,1,1,1,0.9824,0.9897,0.8959,0.9293,389.2622,254.3592,226.0924,268.29,321.3643,271.9099,272.2094,271.5566,163.7634,49.1562,0.3002,1,1,220,1
419,3,0,0,1,1,1,0.9911,0.967,0.9526,0.8668,1136.884,329.4547,989.8297,339.9126,1102.5493,311.0286,1050.4569,304.0441,147.4258,52.5586,0.3565,1,1,15,1
420,3,0,1,1,1,1,0.9915,0.9898,0.9216,0.9128,722.0888,348.1044,584.1872,347.1465,747.4356,421.5485,588.9771,409.3938,137.9049,158.9239,1.1524,0,0,0,0
420,3,0,2,1,1,1,0.9824,0.9897,0.8959,0.9293,389.2603,254.3594,226.1022,268.2963,321.3621,271.9147,272.2248,271.5349,163.7523,49.1388,0.3001,1,1,221,1
420,3,0,0,1,1,1,0.9911,0.967,0.9526,0.8668,1136.8888,329.4313,989.8018,339.9132,1102.5531,311.0062,1050.4607,304.0512,147.46,52.5546,0.3564,1,1,16,1
421,3,0,1,1,1,1,0.9916,0.9895,0.9235,0.9117,722.3893,349.0242,584.1446,347.8422,746.0931,421.7788,589.7585,410.2511,138.2498,156.759,1.1339,0,0,0,0
421,3,0,2,1,1,1,0.9835,0.989,0.9047,0.9263,389.8669,255.5534,225.0006,268.7106,312.201,286.7733,270.9575,269.6924,165.3904,44.6406,0.2699,1,1,222,1
421,3,0,0,1,1,1,0.9906,0.9702,0.9489,0.8764,1136.61,329.493,988.8187,340.4906,1105.6168,313.1708,1051.649,304.3523,148.1999,54.6835,0.369,1,1,17,1
422,3,0,1,1,1,1,0.9916,0.9895,0.9234,0.9117,722.3971,349.0157,584.1482,347.8389,746.1336,421.8136,589.7583,410.2499,138.254,156.8022,1.1342,0,0,0,0
422,3,0,2,1,1,1,0.9834,0.989,0.9046,0.9264,389.8302,255.5356,224.9546,268.6876,312.2454,286.782,270.9737,269.6604,165.3994,44.6823,0.2701,1,1,223,1
422,3,0,0,1,1,1,0.9906,0.9702,0.9489,0.8764,1136.6049,329.5122,988.7918,340.5018,1105.6414,313.1934,1051.6536,304.372,148.221,54.7037,0.3691,1,1,18,1
423,3,0,1,1,1,1,0.9909,0.9878,0.9325,0.9157,720.7708,350.0574,584.2129,349.0953,736.7075,420.8562,598.2714,410.3202,136.5613,138.8364,1.0167,1,0,0,0
423,3,0,2,1,1,1,0.9843,0.9886,0.9074,0.9233,389.1497,259.1128,222.663,266.9343,305.8358,291.6845,269.74,275.0274,166.6703,39.7539,0.2385,1,1,224,1
423,3,0,0,1,1,1,0.9906,0.97,0.9495,0.8767,1136.595,330.3728,989.2202,341.108,1104.1376,312.9876,1052.6617,305.3222,147.7652,52.0434,0.3522,1,1,19,1
424,3,0,1,1,1,1,0.9909,0.9878,0.9326,0.9157,720.771,350.0346,584.2162,349.0939,736.747,420.8404,598.2872,410.2556,136.558,138.8639,1.0169,1,0,0,0
424,3,0,2,1,1,1,0.9843,0.9886,0.9074,0.9233,389.1431,259.1141,222.6513,266.9304,305.8462,291.688,269.759,275.006,166.6751,39.7564,0.2385,1,1,225,1
424,3,0,0,1,1,1,0.9907,0.97,0.9495,0.8766,1136.5703,330.3864,989.2178,341.1086,1104.0847,312.9433,1052.6559,305.2926,147.7421,51.9948,0.3519,1,1,20,1
425,3,0,2,1,1,1,0.9831,0.9888,0.9007,0.9234,390.6704,259.1668,224.026,266.4995,305.048,290.6547,267.9458,275.0763,166.8055,40.24,0.2412,1,1,226,1
425,3,0,1,1,1,1,0.9902,0.9886,0.9278,0.9212,718.9546,348.2869,585.0258,347.1882,719.7075,416.9044,599.114,411.72,133.9333,120.705,0.9012,1,0,0,0
425,3,0,0,1,1,1,0.9905,0.9709,0.9483,0.879,1135.9958,329.894,988.6343,341.227,1105.406,313.8886,1052.9331,306.2225,147.7967,53.0299,0.3588,1,1,21,1
426,3,0,2,1,1,1,0.9879,0.9867,0.9135,0.9142,389.8654,260.6271,225.9992,265.7304,304.9348,284.1572,265.7829,274.2501,163.9457,40.3859,0.2463,1,1,227,1
426,3,0,1,1,1,1,0.9899,0.9868,0.9284,0.9135,718.4578,350.265,584.7094,347.9832,704.7181,407.215,613.8316,399.9848,133.7679,91.1735,0.6816,1,0,0,0
426,3,0,0,1,1,1,0.9907,0.9697,0.9494,0.8751,1135.7108,329.9429,988.6541,340.9197,1104.9408,314.0223,1053.688,304.4001,147.4659,52.1482,0.3536,1,1,22,1
427,3,0,2,1,1,1,0.9879,0.9867,0.9135,0.9141,389.8476,260.6028,226.0021,265.7136,304.974,284.2088,265.7835,274.2797,163.9252,40.4287,0.2466,1,1,228,1
427,3,0,1,1,1,1,0.9899,0.9868,0.9283,0.9135,718.4464,350.278,584.6769,347.9806,704.7098,407.2067,613.8413,399.9976,133.7893,91.1541,0.6813,1,0,0,0
427,3,0,0,1,1,1,0.9907,0.9697,0.9494,0.875,1135.7378,329.9614,988.6677,340.9344,1104.9768,314.0405,1053.6945,304.3738,147.4789,52.1855,0.3539,1,1,23,1
428,3,0,2,1,1,1,0.9823,0.9895,0.8976,0.9286,388.8737,255.5637,224.3408,266.4883,305.5133,287.2824,266.9256,274.7202,164.8952,40.581,0.2461,1,1,229,1
428,3,0,1,1,1,1,0.9897,0.9869,0.9281,0.9162,717.718,350.4104,586.0358,346.8574,699.9866,402.0125,629.9232,390.403,131.7302,71.0187,0.5391,1,0,0,0
428,3,0,0,1,1,1,0.9892,0.9763,0.9529,0.891,1133.8287,328.4716,984.2316,344.2431,1107.4552,309.8394,1050.6224,310.7841,150.4262,56.8406,0.3779,1,1,24,1
429,3,0,2,1,1,1,0.9823,0.9895,0.8976,0.9286,388.8667,255.5571,224.3396,266.4805,305.5034,287.2847,266.9177,274.7129,164.8893,40.5821,0.2461,1,1,230,1
429,3,0,1,1,1,1,0.9897,0.9869,0.9282,0.9162,717.7206,350.4126,586.0442,346.8657,699.9817,402.0171,629.9098,390.4073,131.7242,71.0272,0.5392,1,0,0,0
429,3,0,0,1,1,1,0.9892,0.9764,0.9529,0.8911,1133.8274,328.4754,984.2221,344.2473,1107.4222,309.8112,1050.63,310.789,150.4344,56.8007,0.3776,1,1,25,1
430,3,0,2,1,1,1,0.9818,0.9895,0.896,0.9302,387.3534,255.9669,222.9479,266.7081,305.4711,286.3782,267.4964,273.2904,164.756,40.1667,0.2438,1,1,231,1
430,3,0,1,1,1,1,0.9892,0.9866,0.9262,0.916,717.1234,349.858,587.8139,345.8191,689.1429,387.8928,632.406,386.8238,129.3725,56.7469,0.4386,1,1,1,0
430,3,0,0,1,1,1,0.9887,0.9763,0.9506,0.8875,1133.3789,328.638,982.2288,345.6509,1105.3114,309.4,1050.3821,310.5697,152.1046,54.9418,0.3612,1,1,26,1
431,3,0,2,1,1,1,0.9818,0.9895,0.8959,0.9302,387.3516,255.9431,222.9328,266.7023,305.4338,286.2869,267.5172,273.2208,164.7705,40.1048,0.2434,1,1,232,1
431,3,0,1,1,1,1,0.9892,0.9867,0.9264,0.9163,717.104,349.86,587.8016,345.8222,689.3227,388.1879,632.3204,386.9147,129.3653,57.0165,0.4407,1,1,2,0
431,3,0,0,1,1,1,0.9887,0.9763,0.9506,0.8877,1133.4387,328.6649,982.2661,345.6585,1105.3289,309.3616,1050.3644,310.4204,152.1248,54.9747,0.3614,1,1,27,1
432,3,0,2,1,1,1,0.9816,0.9899,0.8904,0.9302,385.7432,257.4337,221.8738,267.161,306.2541,285.2608,267.4647,270.8857,164.1578,41.3674,0.252,1,1,233,1
432,3,0,0,1,1,1,0.9885,0.9733,0.9527,0.8813,1133.5659,329.6754,982.6448,345.5892,1098.7413,304.6308,1049.1157,308.1552,151.7578,49.7506,0.3278,1,1,28,1
432,3,0,1,1,1,1,0.9893,0.9868,0.9273,0.9171,717.5387,349.6528,588.7989,345.3237,688.6444,391.3814,636.5526,386.8445,128.8126,52.2889,0.4059,1,1,3,0
433,3,0,2,1,1,1,0.9816,0.9899,0.8904,0.9301,385.7197,257.35,221.8964,267.0685,306.2265,285.2692,267.4682,270.9993,164.1113,41.3017,0.2517,1,1,234,1
433,3,0,0,1,1,1,0.9884,0.9733,0.9527,0.8815,1133.5841,329.6845,982.694,345.6068,1098.7423,304.3532,1049.2836,307.9413,151.7278,49.5887,0.3268,1,1,29,1
433,3,0,1,1,1,1,0.9893,0.9869,0.9276,0.9173,717.533,349.6998,588.7776,345.2557,688.4754,391.4299,636.5869,386.9352,128.8322,52.0827,0.4043,1,1,4,0
434,3,0,2,1,1,1,0.9816,0.9897,0.8908,0.9296,384.3352,258.7847,221.1437,267.8501,305.6678,284.667,265.2636,270.2028,163.4431,42.9151,0.2626,1,1,235,1
434,3,0,0,1,1,1,0.9882,0.9748,0.9539,0.8919,1133.0062,326.5494,983.4132,344.4052,1096.6733,300.508,1050.0648,300.2657,150.6549,46.6092,0.3094,1,1,30,1
434,3,0,1,1,1,1,0.9888,0.9871,0.9237,0.918,716.4808,349.391,589.0924,345.1275,689.5456,393.4348,638.5394,385.1068,127.4597,51.6815,0.4055,1,1,5,0
435,3,0,2,1,1,1,0.9869,0.9878,0.9057,0.9215,384.2844,261.8469,220.7545,267.9056,303.8122,279.3826,262.4111,268.6386,163.6422,42.7725,0.2614,1,1,236,1
435,3,0,0,1,1,1,0.9888,0.9747,0.9529,0.8858,1130.27,322.801,981.0548,341.2598,1091.6143,296.4935,1039.5443,304.5466,150.3526,52.689,0.3504,1,1,31,1
435,3,0,1,1,1,1,0.9888,0.9874,0.9238,0.9195,716.9376,349.1068,589.9772,345.4262,688.6668,391.5092,639.0844,383.4003,127.0137,50.2412,0.3956,1,1,6,1
436,3,0,2,1,1,1,0.9869,0.9878,0.9058,0.9214,384.2834,261.8494,220.7456,267.91,303.778,279.3506,262.4323,268.6393,163.6501,42.7107,0.261,1,1,237,1
436,3,0,0,1,1,1,0.9888,0.9747,0.9529,0.8858,1130.288,322.8012,981.0144,341.2827,1091.6155,296.4497,1039.574,304.458,150.4133,52.6541,0.3501,1,1,32,1
436,3,0,1,1,1,1,0.9888,0.9874,0.9238,0.9195,716.9372,349.0872,589.9892,345.4124,688.7035,391.5126,639.0678,383.3839,127.0013,50.2969,0.396,1,1,7,1
437,3,0,2,1,1,1,0.9809,0.99,0.8856,0.9314,380.4611,259.6365,217.1517,269.2586,303.7047,282.6316,260.9028,268.8291,163.5926,44.9723,0.2749,1,1,238,1
437,3,0,0,1,1,1,0.989,0.9772,0.9515,0.8907,1127.9434,319.7456,979.7345,338.1328,1085.1664,286.1273,1030.4124,296.038,149.3451,55.6437,0.3726,1,1,33,1
437,3,0,1,1,1,1,0.9886,0.9876,0.9223,0.9207,716.6882,349.1849,590.1215,345.6598,688.6612,391.2385,638.2676,382.755,126.6158,51.1027,0.4036,1,1,8,1
438,3,0,2,1,1,1,0.9809,0.99,0.8856,0.9314,380.4473,259.6308,217.1186,269.238,303.6978,282.5984,260.9956,268.7602,163.611,44.8884,0.2744,1,1,239,1
438,3,0,0,1,1,1,0.989,0.9772,0.9515,0.8908,1127.915,319.7409,979.7412,338.1248,1085.1669,286.1283,1030.4268,296.0512,149.3099,55.6322,0.3726,1,1,34,1
438,3,0,1,1,1,1,0.9886,0.9876,0.9223,0.9207,716.704,349.1864,590.1146,345.6571,688.6665,391.2332,638.2468,382.7691,126.6386,51.1253,0.4037,1,1,9,1
439,3,0,2,1,1,1,0.9853,0.9908,0.9115,0.9299,378.309,260.578,212.9252,271.7414,308.4891,285.2696,255.1784,272.2876,165.7601,54.8685,0.331,1,1,240,1
439,3,0,0,1,1,1,0.9888,0.9633,0.9591,0.8584,1130.6827,320.1262,982.8314,339.1265,1068.4854,270.6618,1013.164,297.4456,149.0672,61.464,0.4123,1,1,35,1
439,3,0,1,1,1,1,0.9888,0.9874,0.9237,0.9199,717.0008,348.9872,590.5199,345.445,688.0389,391.2815,638.7347,382.372,126.5304,50.1027,0.396,1,1,10,1
440,3,0,2,1,1,1,0.9853,0.9908,0.9115,0.93,378.3021,260.5882,212.9215,271.7507,308.492,285.2806,255.1861,272.3157,165.7569,54.8599,0.331,1,1,241,1
440,3,0,0,1,1,1,0.9888,0.9633,0.9591,0.8585,1130.693,320.0792,982.8575,339.1073,1068.5413,270.7706,1013.1448,297.4979,149.0551,61.507,0.4126,1,1,36,1
440,3,0,1,1,1,1,0.9888,0.9875,0.9238,0.92,717.0094,348.984,590.5258,345.4474,688.0202,391.2602,638.729,382.3588,126.533,50.0886,0.3959,1,1,11,1
441,3,0,2,1,1,1,0.9869,0.9904,0.9196,0.9267,375.4631,262.656,206.9249,271.7355,304.7588,291.6099,249.861,277.3439,168.7826,56.7211,0.3361,1,1,242,1
441,3,0,0,1,1,1,0.9863,0.9385,0.9655,0.8372,1128.7577,309.1586,984.3213,324.1842,1050.8057,254.3262,1000.8932,269.7739,145.2158,52.2483,0.3598,1,1,37,1
441,3,0,1,1,1,1,0.9884,0.987,0.9221,0.9181,717.2646,349.3578,590.4406,345.9299,687.3974,389.0322,638.2042,382.4722,126.8704,49.6287,0.3912,1,1,12,1
442,3,0,2,1,1,1,0.9869,0.9904,0.9196,0.9267,375.475,262.6443,206.9315,271.7702,304.7792,291.5624,249.8729,277.2888,168.7904,56.7313,0.3361,1,1,243,1
442,3,0,0,1,1,1,0.9863,0.9382,0.9655,0.8366,1128.6655,309.1668,984.2756,324.1882,1050.8212,254.336,1000.553,270.3743,145.1692,52.7647,0.3635,1,1,38,1
442,3,0,1,1,1,1,0.9884,0.9871,0.922,0.9181,717.2292,349.3286,590.424,345.864,687.412,389.0168,638.2258,382.4594,126.8525,49.6214,0.3912,1,1,13,1
443,3,0,2,1,1,1,0.9873,0.989,0.9245,0.9206,371.6763,263.3634,198.5525,270.4324,299.0592,304.3463,245.7493,285.1291,173.2681,56.6678,0.3271,1,1,244,1
443,3,0,0,1,1,1,0.9876,0.9689,0.9583,0.8856,1120.7126,315.422,980.1285,328.286,1022.3796,217.3185,981.5678,242.7584,141.1715,48.0915,0.3407,1,1,39,1
443,3,0,1,1,1,1,0.9888,0.9869,0.9234,0.9162,716.7134,349.5288,590.3334,345.8458,687.4589,389.3505,636.5312,383.4401,126.4337,51.2696,0.4055,1,1,14,1
444,3,0,2,1,1,1,0.9873,0.989,0.9245,0.9206,371.6758,263.386,198.5472,270.4349,299.0752,304.3318,245.7697,285.1538,173.272,56.6504,0.3269,1,1,245,1
444,3,0,0,1,1,1,0.9875,0.9689,0.9582,0.8855,1120.6797,315.407,980.0951,328.2718,1022.3969,217.3092,981.586,242.7269,141.172,48.079,0.3406,1,1,40,1
444,3,0,1,1,1,1,0.9888,0.9869,0.9235,0.9162,716.7166,349.5258,590.3458,345.8411,687.4752,389.3448,636.5349,383.4374,126.4246,51.2816,0.4056,1,1,15,1
445,3,0,2,1,1,1,0.9865,0.9886,0.9194,0.9191,366.8856,264.8029,189.004,265.5599,299.6035,322.5176,244.6768,308.9831,177.8832,56.5697,0.318,1,1,246,1
445,3,0,0,1,1,1,0.9835,0.9475,0.9641,0.8687,1121.8661,315.0415,982.5825,331.427,1010.3569,201.094,965.394,214.5532,140.2441,46.9341,0.3347,1,1,41,1
445,3,0,1,1,1,1,0.9886,0.9867,0.9231,0.9157,716.7365,349.6934,590.4583,345.6539,685.7986,388.4097,637.173,382.5412,126.3428,48.9785,0.3877,1,1,16,1
446,3,0,2,1,1,1,0.984,0.9883,0.9103,0.9235,361.0217,267.6413,179.7371,265.4383,294.3925,343.1976,250.4011,333.4945,181.298,45.0488,0.2485,1,1,247,1
446,3,0,0,1,1,1,0.9768,0.945,0.9584,0.8854,1117.0869,315.7754,979.3817,328.8668,1010.8665,203.3982,958.2822,217.5766,138.3262,54.4621,0.3937,0,0,0,0
446,3,0,1,1,1,1,0.9888,0.9865,0.9255,0.9153,716.2289,349.1769,589.9143,345.5056,684.919,385.9142,637.8216,381.9114,126.3679,47.2673,0.374,1,1,17,1
447,3,0,2,1,1,1,0.984,0.9883,0.9103,0.9236,361.0296,267.6357,179.7437,265.434,294.36,343.1242,250.4594,333.4173,181.2993,44.961,0.248,1,1,248,1
447,3,0,0,1,1,1,0.9768,0.945,0.9583,0.8853,1117.0887,315.7225,979.3777,328.8341,1010.8726,203.4354,958.2471,217.6397,138.3338,54.5087,0.394,0,0,0,0
447,3,0,1,1,1,1,0.9889,0.9865,0.9255,0.9153,716.232,349.1907,589.9148,345.5026,684.914,385.9214,637.79,381.9312,126.3712,47.2927,0.3742,1,1,18,1
448,3,0,2,1,1,1,0.9822,0.9886,0.899,0.9256,354.307,270.8755,167.9056,265.0632,288.7306,370.9751,253.9035,369.6234,186.492,34.8534,0.1869,1,1,249,1
448,3,0,0,1,1,1,0.9699,0.943,0.9533,0.8952,1115.3489,320.7522,972.3099,336.4854,1004.5605,199.7094,955.467,209.5012,143.9016,50.0605,0.3479,1,1,1,0
448,3,0,1,1,1,1,0.9896,0.9867,0.9296,0.9164,715.9286,348.8453,590.2611,344.7966,683.4691,385.7822,636.9153,383.002,125.7326,46.6368,0.3709,1,1,19,1
449,3,0,2,1,1,1,0.9822,0.9886,0.899,0.9256,354.2959,270.8776,167.9094,265.0663,288.7268,370.9822,253.8923,369.6234,186.4771,34.861,0.1869,1,1,250,1
449,3,0,0,1,1,1,0.9698,0.943,0.9533,0.8952,1115.3549,320.7035,972.3018,336.4579,1004.5649,199.7459,955.4753,209.5123,143.9179,50.0517,0.3478,1,1,2,0
449,3,0,1,1,1,1,0.9896,0.9867,0.9297,0.9164,715.9265,348.8446,590.266,344.794,683.4591,385.7525,636.9182,383.0012,125.7259,46.6221,0.3708,1,1,20,1
450,3,0,2,1,1,1,0.9815,0.9882,0.8831,0.9223,345.1377,272.2488,154.8521,266.767,328.8312,450.7853,222.6576,431.9804,190.3645,107.826,0.5664,1,0,0,0
450,3,0,0,1,1,1,0.9733,0.9467,0.955,0.8937,1115.971,325.71,968.9761,341.3902,1001.8231,194.142,952.304,207.3309,147.8288,51.2454,0.3467,1,1,3,0
450,3,0,1,1,1,1,0.9892,0.9863,0.9276,0.9143,715.9154,348.8038,590.3316,345.007,684.6515,387.2182,636.5986,382.0258,125.6412,48.3326,0.3847,1,1,21,1
451,3,0,2,1,1,1,0.9815,0.9882,0.883,0.9222,345.1377,272.2332,154.8752,266.8102,328.5055,450.6568,222.351,431.8222,190.3397,107.8125,0.5664,1,0,0,0
451,3,0,0,1,1,1,0.9731,0.9466,0.9549,0.8937,1115.9869,325.7639,968.9797,341.4441,1001.8745,194.2051,952.2954,207.4499,147.8411,51.3177,0.3471,1,1,4,0
451,3,0,1,1,1,1,0.9892,0.9863,0.9276,0.9144,715.9406,348.7109,590.3098,344.9748,684.7541,387.3614,636.3253,382.5032,125.6865,48.6718,0.3872,1,1,22,1
452,3,0,2,1,1,1,0.9852,0.988,0.8867,0.9014,338.4042,274.686,150.6061,269.7074,339.6908,509.3954,181.1746,521.5291,187.8641,158.9799,0.8462,0,0,0,0
452,3,0,0,1,1,1,0.9714,0.9468,0.9534,0.8971,1113.1445,325.7775,965.9043,340.0539,1001.1056,190.727,950.7697,203.6262,147.9307,51.9625,0.3513,1,1,5,0
452,3,0,1,1,1,1,0.989,0.9858,0.9265,0.9116,716.2652,348.7316,590.1376,345.2392,685.7276,388.8716,636.4546,383.3404,126.1759,49.5826,0.393,1,1,23,1
453,3,0,2,1,1,1,0.9853,0.9881,0.887,0.9011,338.4539,274.6856,150.654,269.7985,339.8027,509.48,180.0304,523.0316,187.8634,160.346,0.8535,0,0,0,0
453,3,0,0,1,1,1,0.9714,0.9472,0.9531,0.8973,1113.0602,325.6804,965.7969,339.889,1001.1323,190.551,950.7934,203.477,147.9472,51.972,0.3513,1,1,6,1
453,3,0,1,1,1,1,0.989,0.9859,0.9266,0.9117,716.2286,348.7936,590.1052,345.2997,685.8593,389.0265,636.4551,383.3197,126.1718,49.7327,0.3942,1,1,24,1
454,3,0,2,1,1,1,0.9828,0.9909,0.8529,0.9144,330.6002,275.5114,145.4648,268.9425,342.2716,542.1043,149.6062,549.7432,185.2518,192.8167,1.0408,0,0,0,0
454,3,0,0,1,1,1,0.9658,0.9425,0.9493,0.8979,1112.2399,325.3555,963.7105,341.4513,1002.803,192.0903,949.8554,205.5324,149.3989,54.6273,0.3656,1,1,7,1
454,3,0,1,1,1,1,0.9884,0.9862,0.9236,0.9144,715.3818,348.4928,588.9347,344.9434,685.6814,388.8987,636.1453,383.7427,126.497,49.8036,0.3937,1,1,25,1
455,3,0,2,1,1,1,0.9805,0.9919,0.8309,0.9184,324.6736,277.3977,139.9252,272.0463,344.4798,545.093,130.3347,562.7272,184.8258,214.8699,1.1626,0,0,0,0
455,3,0,0,1,1,1,0.9641,0.9398,0.9491,0.8979,1112.2498,328.0066,963.8976,342.7005,1002.2975,190.518,950.5994,205.6081,149.0781,53.8555,0.3613,1,1,8,1
455,3,0,1,1,1,1,0.9881,0.9861,0.9222,0.9144,715.1648,348.6378,589.0992,345.0962,683.4918,386.504,637.0876,381.9782,126.1153,46.6244,0.3697,1,1,26,1
456,3,0,2,1,1,1,0.9805,0.9919,0.8307,0.9184,324.6836,277.4087,139.8677,272.0547,344.4817,545.1328,130.3521,562.7838,184.8934,214.8558,1.1621,0,0,0,0
456,3,0,0,1,1,1,0.9642,0.9398,0.9492,0.8976,1112.2964,328.0948,963.9086,342.7537,1002.164,190.412,950.6432,205.4381,149.1101,53.6672,0.3599,1,1,9,1
456,3,0,1,1,1,1,0.9881,0.9861,0.9222,0.9142,715.1652,348.6235,589.0748,345.088,683.5609,386.6413,636.9802,382.0594,126.1399,46.8055,0.3711,1,1,27,1
457,3,0,2,1,1,1,0.9798,0.9919,0.8273,0.9203,319.8415,278.3342,133.1739,272.5789,342.82,542.5519,123.1537,562.0302,186.7563,220.5282,1.1808,0,0,0,0
457,3,0,0,1,1,1,0.9656,0.9407,0.9504,0.8986,1111.6602,328.0181,964.5466,342.906,1003.9097,191.1584,952.81,208.2586,147.865,53.885,0.3644,1,1,10,1
457,3,0,1,1,1,1,0.9881,0.9863,0.9215,0.915,714.9297,348.421,589.0526,344.851,682.7171,387.0183,637.365,381.4566,125.9276,45.6919,0.3628,1,1,28,1
458,3,0,2,1,1,1,0.9798,0.9919,0.8273,0.9205,320.0034,278.3187,133.2033,272.6376,342.8406,542.5644,123.0772,562.0725,186.8865,220.6275,1.1805,0,0,0,0
458,3,0,0,1,1,1,0.9655,0.9406,0.9504,0.8986,1111.6211,328.0599,964.5483,342.9376,1003.9418,191.1912,952.7937,208.3432,147.8233,53.9473,0.3649,1,1,11,1
458,3,0,1,1,1,1,0.9882,0.9863,0.9216,0.9151,714.9286,348.427,589.0482,344.8511,682.717,387.0165,637.3482,381.4519,125.9312,45.7088,0.363,1,1,29,1
459,3,0,2,1,1,1,0.9755,0.993,0.8117,0.9252,314.8829,277.4776,130.3367,271.573,338.9604,540.5812,114.5966,559.0403,184.6407,225.1219,1.2192,0,0,0,0
459,3,0,0,1,1,1,0.9681,0.9413,0.9508,0.8944,1110.258,326.0899,964.61,339.191,1000.7436,185.1827,958.2073,202.3248,146.236,45.8605,0.3136,1,1,12,1
459,3,0,1,1,1,1,0.9884,0.9869,0.9223,0.9184,714.6413,349.364,587.8973,345.752,683.1102,386.8348,637.0149,380.9604,126.7955,46.4681,0.3665,1,1,30,1
460,3,0,2,1,1,1,0.9755,0.993,0.8116,0.9253,314.8835,277.4567,130.3061,271.5544,338.971,540.5612,114.5929,559.0421,184.6717,225.1379,1.2191,0,0,0,0
460,3,0,0,1,1,1,0.9682,0.9413,0.9508,0.8942,1110.2328,326.0224,964.6524,339.1833,1000.7826,185.1614,958.1691,202.3476,146.1741,45.9486,0.3143,1,1,13,1
460,3,0,1,1,1,1,0.9884,0.987,0.9226,0.9184,714.6564,349.3447,587.9095,345.742,683.1366,386.8065,636.9941,380.9911,126.7981,46.5076,0.3668,1,1,31,1
461,3,0,2,1,1,1,0.977,0.9925,0.819,0.92,310.3099,277.829,125.2772,270.3719,332.943,545.4998,115.1774,559.6986,185.1829,218.228,1.1784,0,0,0,0
461,3,0,0,1,1,1,0.9779,0.9456,0.9576,0.8818,1110.7839,322.1517,970.6727,334.6272,998.0649,174.688,964.122,200.3193,140.6656,42.5334,0.3024,0,0,0,0
461,3,0,1,1,1,1,0.9881,0.9867,0.9204,0.9167,714.7792,348.4177,587.6861,345.0681,682.9908,386.9422,637.9088,381.4661,127.1372,45.4134,0.3572,1,1,32,1
462,3,0,2,1,1,1,0.9798,0.992,0.8328,0.9146,304.0251,278.2997,119.61,271.3484,325.2456,548.4454,119.6217,559.615,184.546,205.927,1.1159,0,0,0,0
462,3,0,0,1,1,1,0.9793,0.9533,0.9575,0.8922,1112.6771,317.5544,973.0615,333.4106,1034.1497,204.5088,975.4539,218.1994,140.5132,60.2713,0.4289,1,1,1,0
462,3,0,1,1,1,1,0.988,0.9863,0.92,0.9144,714.8254,348.37,587.9461,345.1981,683.937,388.2897,637.938,381.8579,126.919,46.4465,0.366,1,1,33,1
463,3,0,2,1,1,1,0.9798,0.992,0.8327,0.9146,304.0207,278.2639,119.6083,271.3356,325.2309,548.3698,119.6094,559.6432,184.5425,205.9303,1.1159,0,0,0,0
463,3,0,0,1,1,1,0.9792,0.953,0.9575,0.8922,1112.7373,317.4432,973.1803,333.2781,1034.3221,204.7314,975.3638,218.4626,140.4525,60.5362,0.431,1,1,2,0
463,3,0,1,1,1,1,0.988,0.9863,0.92,0.9144,714.8246,348.3829,587.9534,345.1977,683.9358,388.3126,637.9522,381.8501,126.9112,46.4355,0.3659,1,1,34,1
464,3,0,2,1,1,1,0.9816,0.9914,0.8443,0.912,298.5174,275.9387,113.7947,271.3644,320.0647,550.2964,125.3218,558.4878,184.7794,194.9151,1.0549,0,0,0,0
464,3,0,1,1,1,1,0.9883,0.9869,0.9212,0.9173,714.8454,348.4466,588.0725,346.0133,684.2618,389.0502,637.3495,382.6762,126.7962,47.3433,0.3734,1,1,35,1
464,3,0,0,1,1,1,0.979,0.9712,0.9455,0.9229,1106.7797,314.8256,963.545,326.6805,1036.2146,180.0511,1002.6537,235.1011,143.7244,64.4736,0.4486,1,1,3,0
465,3,0,2,1,1,1,0.9815,0.9914,0.844,0.9121,298.506,275.906,113.7975,271.3756,320.0872,550.2236,125.3467,558.5024,184.764,194.9164,1.0549,0,0,0,0
465,3,0,1,1,1,1,0.9883,0.9869,0.9211,0.9173,714.8548,348.4295,588.0838,346.017,684.2718,389.0595,637.3833,382.6104,126.7941,47.33,0.3733,1,1,36,1
465,3,0,0,1,1,1,0.979,0.9712,0.9454,0.9229,1106.6953,314.7718,963.4822,326.6058,1036.2275,180.1214,1002.5712,235.414,143.7012,64.7303,0.4505,1,1,4,0
466,3,0,2,1,1,1,0.9831,0.9912,0.8473,0.906,293.7139,275.2104,109.0868,271.5323,315.3112,550.2306,127.0574,554.8322,184.6638,188.3101,1.0197,0,0,0,0
466,3,0,1,1,1,1,0.9881,0.9871,0.9191,0.918,715.4186,348.3466,588.3892,345.7364,684.2192,389.1332,636.7085,383.4412,127.0562,47.8505,0.3766,1,1,37,1
466,3,0,0,1,1,1,0.9781,0.9544,0.9526,0.898,1121.0436,311.5904,980.7111,325.5625,1077.4786,203.8937,1020.5479,246.1242,141.0264,70.8839,0.5026,1,0,0,0
467,3,0,2,1,1,1,0.9831,0.9912,0.8472,0.906,293.7017,275.2305,109.0094,271.5666,315.3132,550.2404,126.938,554.8068,184.7286,188.4306,1.02,0,0,0,0
467,3,0,1,1,1,1,0.9881,0.9871,0.919,0.9181,715.43,348.3228,588.3999,345.7157,684.1812,389.0773,636.6855,383.4267,127.0568,47.8306,0.3765,1,1,38,1
467,3,0,0,1,1,1,0.978,0.9529,0.9533,0.8963,1121.29,311.2948,981.2399,325.0056,1077.4432,203.792,1020.963,245.2367,140.7197,70.0548,0.4978,1,1,1,0
468,3,0,2,1,1,1,0.9833,0.9911,0.8441,0.9052,289.8659,274.8495,103.9923,271.761,307.6613,552.5962,127.0778,550.3708,185.8993,180.5972,0.9715,0,0,0,0
468,3,0,1,1,1,1,0.9878,0.9863,0.9181,0.9146,715.318,348.5165,588.4326,345.7025,684.6222,390.1132,637.2901,382.8718,126.9166,47.8828,0.3773,1,1,39,1
468,3,0,0,1,1,1,0.9914,0.9615,0.963,0.8734,1126.2538,314.0808,987.356,320.402,1106.353,237.1687,1041.965,248.1448,139.0415,65.3169,0.4698,1,1,2,0
469,3,0,2,1,1,1,0.9833,0.991,0.8442,0.9052,289.8773,274.9066,104.0328,271.6963,307.661,552.8056,126.9804,550.3749,185.8723,180.697,0.9722,0,0,0,0
469,3,0,1,1,1,1,0.9878,0.9863,0.9185,0.9141,715.307,348.547,588.4386,345.637,684.5945,390.1329,637.3103,382.9302,126.9019,47.8296,0.3769,1,1,40,1
469,3,0,0,1,1,1,0.9914,0.9615,0.9631,0.8733,1125.6987,314.3251,986.8058,320.5806,1105.0696,237.179,1042.3229,248.1955,139.0337,63.7065,0.4582,1,1,3,0
470,3,0,2,1,1,1,0.9827,0.991,0.8421,0.9079,287.0189,272.7811,101.2799,271.0908,301.7626,550.5536,123.3925,549.5957,185.7467,178.3726,0.9603,0,0,0,0
470,3,0,0,1,1,1,0.9921,0.9655,0.9601,0.8695,1134.5905,320.8128,991.5715,320.9735,1140.9397,256.1063,1074.099,253.0821,143.019,66.9091,0.4678,1,1,4,0
470,3,0,1,1,1,1,0.9881,0.9868,0.9194,0.9164,715.5426,348.043,588.7992,345.961,684.7588,389.2822,637.4142,382.5618,126.7606,47.8191,0.3772,1,1,41,1
471,3,0,2,1,1,1,0.9847,0.9902,0.8562,0.8985,286.2327,272.713,99.5397,272.2167,295.2237,549.7819,118.2074,553.7675,186.6937,177.0612,0.9484,0,0,0,0
471,3,0,0,1,1,1,0.9896,0.9677,0.9516,0.886,1132.8683,331.7412,987.5781,322.8943,1157.3708,264.738,1101.6407,266.8497,145.5593,55.7701,0.3831,0,0,0,0
471,3,0,1,1,1,1,0.9884,0.9869,0.9215,0.9173,715.535,348.1394,588.71,346.2997,685.102,388.524,637.2764,381.0367,126.8384,48.4081,0.3817,1,1,42,1
472,3,0,2,1,1,1,0.9847,0.9902,0.8562,0.8986,286.2226,272.6632,99.5127,272.1998,295.2352,549.7948,118.251,553.825,186.7105,177.0301,0.9482,0,0,0,0
472,3,0,0,1,1,1,0.9896,0.9678,0.9515,0.8864,1132.8794,331.7534,987.6259,322.9078,1157.3529,264.7877,1101.6877,266.7912,145.5226,55.7012,0.3828,0,0,0,0
472,3,0,1,1,1,1,0.9884,0.9869,0.9213,0.9172,715.5511,348.1271,588.7339,346.354,685.097,388.4812,637.2554,380.9746,126.8296,48.427,0.3818,1,1,43,1
473,3,0,2,1,1,1,0.9888,0.9942,0.8478,0.9002,285.1199,271.0598,101.518,271.1901,286.0879,549.8645,106.1342,557.0296,183.602,180.0963,0.9809,0,0,0,0
473,3,0,0,1,1,1,0.9865,0.9725,0.9395,0.9026,1138.7838,334.6273,988.2654,325.5856,1183.9159,279.584,1112.4823,270.1513,150.7897,72.0537,0.4778,0,0,0,0
473,3,0,1,1,1,1,0.9886,0.9866,0.9233,0.9158,715.7244,348.1706,588.8794,346.1119,686.3224,390.9382,637.9109,381.818,126.8618,49.2631,0.3883,1,1,44,1
474,3,0,2,1,1,1,0.9888,0.9942,0.8478,0.9003,285.1102,271.0604,101.5542,271.1681,286.0457,549.8622,105.9761,557.038,183.556,180.2126,0.9818,0,0,0,0
474,3,0,0,1,1,1,0.9865,0.9726,0.9392,0.9026,1138.8589,334.7308,988.1215,325.5532,1183.9111,279.8719,1112.8674,270.2852,151.0165,71.6876,0.4747,0,0,0,0
474,3,0,1,1,1,1,0.9887,0.9867,0.9236,0.9163,715.7056,348.2156,588.888,346.1243,686.3925,390.8281,637.838,381.9274,126.8349,49.3635,0.3892,1,1,45,1
475,3,0,0,1,1,1,0.9841,0.9752,0.92,0.9014,1141.0374,336.2761,992.2017,324.8366,1194.8278,286.7615,1154.1421,265.8954,149.2747,45.7244,0.3063,0,0,0,0
475,3,0,2,1,1,1,0.9859,0.9905,0.8612,0.898,286.0778,270.5959,98.7668,270.2176,287.8615,548.7824,96.5511,557.6698,187.3114,191.5168,1.0225,0,0,0,0
475,3,0,1,1,1,1,0.9883,0.9866,0.9216,0.9159,715.8302,348.4797,588.7295,346.5034,686.6916,390.651,638.1178,381.8508,127.1161,49.3646,0.3883,1,1,46,1
476,3,0,0,1,1,1,0.9841,0.9752,0.92,0.9014,1141.0365,336.2766,992.1902,324.8392,1194.8314,286.6707,1154.2219,265.8368,149.2851,45.6419,0.3057,0,0,0,0
476,3,0,2,1,1,1,0.9859,0.9905,0.8613,0.898,286.0778,270.5924,98.7658,270.2053,287.854,548.793,96.5435,557.6898,187.3124,191.5173,1.0224,0,0,0,0
476,3,0,1,1,1,1,0.9883,0.9866,0.9215,0.9159,715.8262,348.4906,588.7134,346.5082,686.6726,390.6321,638.115,381.8301,127.1283,49.3489,0.3882,1,1,47,1
477,3,0,0,1,1,1,0.9849,0.9759,0.9181,0.8953,1143.5028,333.9322,993.4042,324.8011,1205.6818,296.6351,1158.4072,268.3256,150.3761,55.1027,0.3664,0,0,0,0
477,3,0,2,1,1,1,0.9868,0.9904,0.8621,0.8901,287.0857,270.1589,99.196,270.0776,288.2969,549.1612,85.5786,562.3761,187.8897,203.1486,1.0812,0,0,0,0
477,3,0,1,1,1,1,0.9885,0.9868,0.9228,0.9168,715.6067,348.4911,588.5894,346.2038,687.3886,392.1827,638.216,382.4612,127.0379,50.1244,0.3946,1,1,48,1
478,3,0,0,1,1,1,0.9849,0.9759,0.9182,0.8953,1143.4976,333.9654,993.3773,324.83,1205.6809,296.6182,1158.3877,268.3259,150.3979,55.1099,0.3664,0,0,0,0
478,3,0,2,1,1,1,0.9868,0.9905,0.8618,0.8905,287.0673,270.1814,99.1737,270.1146,288.2794,549.1447,85.5635,562.3998,187.8937,203.1488,1.0812,0,0,0,0
478,3,0,1,1,1,1,0.9885,0.9868,0.9227,0.9167,715.6126,348.4802,588.5768,346.2044,687.3774,392.1876,638.2164,382.4708,127.0562,50.1121,0.3944,1,1,49,1
479,3,0,0,1,1,1,0.9837,0.9788,0.9053,0.8992,1144.7936,334.771,993.1572,325.8526,1214.4086,299.4936,1160.3126,272.5931,151.8984,60.4153,0.3977,0,0,0,0
479,3,0,2,1,1,1,0.9877,0.9907,0.8615,0.8849,287.0413,271.5816,101.3276,271.277,292.4818,553.8302,72.4828,566.6675,185.714,220.3732,1.1866,0,0,0,0
479,3,0,1,1,1,1,0.9885,0.9869,0.9227,0.9177,715.6018,348.5343,588.3473,345.8714,687.0741,392.0925,638.4458,382.6524,127.2824,49.5361,0.3892,1,1,50,1
480,3,0,0,1,1,1,0.9837,0.9788,0.9054,0.8992,1144.7491,334.7558,993.1448,325.8573,1214.3663,299.5292,1160.2682,272.5922,151.8652,60.4335,0.3979,0,0,0,0
480,3,0,2,1,1,1,0.9877,0.9907,0.8613,0.8846,287.0396,271.5939,101.356,271.2795,292.5245,553.9107,72.5772,566.6505,185.6839,220.316,1.1865,0,0,0,0
480,3,0,1,1,1,1,0.9885,0.9869,0.9228,0.9176,715.612,348.5622,588.3348,345.8884,687.0552,392.0918,638.49,382.632,127.3052,49.4779,0.3887,1,1,51,1
481,3,0,0,1,1,1,0.9831,0.9796,0.9016,0.9027,1145.092,333.6096,995.0311,325.6617,1216.3077,299.6809,1159.295,274.8727,150.2713,62.1763,0.4138,0,0,0,0
481,3,0,2,1,1,1,0.988,0.9912,0.8558,0.8816,289.3144,273.9313,101.5805,274.0795,294.8636,558.1818,63.3586,570.4882,187.7339,231.8319,1.2349,0,0,0,0
481,3,0,1,1,1,1,0.988,0.9866,0.9208,0.9169,716.2336,348.1859,588.8573,345.7246,686.214,390.3027,638.8584,381.3535,127.4001,48.1938,0.3783,1,1,52,1
482,3,0,0,1,1,1,0.9832,0.9796,0.9017,0.9026,1145.0435,333.5817,995.0335,325.6512,1216.3523,299.9841,1159.3479,274.8592,150.2194,62.2958,0.4147,0,0,0,0
482,3,0,2,1,1,1,0.988,0.9912,0.8556,0.8816,289.2902,273.9136,101.5738,274.0764,294.8545,558.1686,63.3564,570.459,187.7165,231.8241,1.235,0,0,0,0
482,3,0,1,1,1,1,0.9881,0.9866,0.9213,0.917,716.2564,348.1424,588.8349,345.6324,686.2436,390.3451,638.8714,381.4075,127.4462,48.2081,0.3783,1,1,53,1
483,3,0,0,1,1,1,0.9827,0.9801,0.8998,0.9056,1145.2684,333.2655,995.3239,325.6566,1215.415,298.5414,1159.0209,275.2951,150.1375,60.9975,0.4063,0,0,0,0
483,3,0,2,1,1,1,0.9907,0.9937,0.8481,0.8702,289.8286,275.3251,104.5343,275.0338,297.5408,564.614,58.1163,574.5014,185.2946,239.6285,1.2932,0,0,0,0
483,3,0,1,1,1,1,0.9875,0.9865,0.9175,0.9162,716.1178,348.3486,588.8619,346.3608,686.0846,390.5937,638.8862,380.7256,127.2715,48.219,0.3789,1,1,54,1
484,3,0,0,1,1,1,0.9822,0.9801,0.8978,0.9063,1145.8309,333.1222,994.8148,325.578,1214.4064,295.6543,1158.8318,275.1481,151.2044,59.2371,0.3918,0,0,0,0
484,3,0,2,1,1,1,0.9904,0.9936,0.8458,0.8688,291.1918,275.7429,107.1212,275.4318,302.0364,563.7802,58.8396,575.133,184.0709,243.4617,1.3227,0,0,0,0
484,3,0,1,1,1,1,0.988,0.9868,0.92,0.9173,715.7346,348.3611,588.682,345.9602,685.584,389.8694,638.1537,380.9778,127.0754,48.2566,0.3797,1,1,55,1
485,3,0,0,1,1,1,0.9823,0.98,0.8979,0.9062,1145.8633,333.035,994.817,325.5542,1214.3281,295.6466,1158.7257,275.1662,151.2315,59.2543,0.3918,0,0,0,0
485,3,0,2,1,1,1,0.9904,0.9936,0.8457,0.8687,291.1832,275.7652,107.111,275.4362,302.074,563.7636,58.8431,575.1179,184.0726,243.4958,1.3228,0,0,0,0
485,3,0,1,1,1,1,0.988,0.9868,0.9199,0.9173,715.7234,348.3485,588.6834,345.9443,685.6034,389.862,638.1465,380.9841,127.0628,48.2802,0.38,1,1,56,1
486,3,0,0,1,1,1,0.9876,0.9815,0.92,0.8871,1144.975,333.241,990.7229,328.6721,1215.7179,296.0607,1155.9254,276.9356,154.3197,62.7767,0.4068,0,0,0,0
486,3,0,2,1,1,1,0.9909,0.9936,0.8501,0.8661,292.5396,275.0448,109.075,274.7284,306.9436,559.9293,62.6648,568.5186,183.4649,244.4297,1.3323,0,0,0,0
486,3,0,1,1,1,1,0.9878,0.9864,0.9193,0.9156,715.7541,348.2564,588.5124,345.9358,685.569,389.8272,638.2414,380.7952,127.2628,48.1817,0.3786,1,1,57,1
487,3,0,0,1,1,1,0.9876,0.9816,0.9201,0.8873,1144.9813,333.1933,990.7352,328.6046,1215.7231,296.1352,1155.8639,276.9616,154.3143,62.8551,0.4073,0,0,0,0
487,3,0,2,1,1,1,0.9909,0.9936,0.8499,0.8658,292.5671,275.054,109.0681,274.7155,306.8667,559.9856,62.6957,568.6032,183.4993,244.323,1.3315,0,0,0,0
487,3,0,1,1,1,1,0.9878,0.9864,0.9191,0.9158,715.7617,348.2599,588.5185,345.9783,685.6609,389.931,638.1676,380.7948,127.2637,48.3641,0.38,1,1,58,1
488,3,0,0,1,1,1,0.9875,0.9817,0.9194,0.8876,1144.7725,332.8588,990.7197,328.4662,1213.5806,295.4466,1153.6003,277.6818,154.1154,62.5557,0.4059,0,0,0,0
488,3,0,2,1,1,1,0.9912,0.9936,0.8512,0.8626,294.2164,274.0065,110.2777,274.8063,309.9492,558.9558,71.1653,573.6622,183.9405,239.2364,1.3006,0,0,0,0
488,3,0,1,1,1,1,0.9876,0.9858,0.9186,0.9127,716.0126,347.8153,588.8468,345.6008,686.2443,391.0806,638.6048,381.6541,127.1851,48.5631,0.3818,1,1,59,1
489,3,0,0,1,1,1,0.9875,0.9817,0.9194,0.8876,1144.8053,332.8616,990.7398,328.4432,1213.5347,295.3862,1153.562,277.6987,154.1288,62.5265,0.4057,0,0,0,0
489,3,0,2,1,1,1,0.9912,0.9936,0.8512,0.8625,294.2118,274.0158,110.2566,274.8076,309.9364,558.964,71.1588,573.6836,183.9569,239.2308,1.3005,0,0,0,0
489,3,0,1,1,1,1,0.9876,0.9858,0.9187,0.9128,716.0074,347.8318,588.8391,345.5968,686.2456,391.0809,638.7044,381.6224,127.188,48.473,0.3811,1,1,60,1
490,3,0,0,1,1,1,0.9871,0.9818,0.9181,0.8891,1145.0532,333.317,989.8088,328.9788,1212.1199,296.2502,1152.0359,276.8601,155.305,63.1353,0.4065,0,0,0,0
490,3,0,2,1,1,1,0.9882,0.9911,0.8557,0.8753,297.0582,275.0374,110.7907,276.2471,314.5281,557.4206,77.2832,575.7749,186.2714,237.9538,1.2775,0,0,0,0
490,3,0,1,1,1,1,0.9883,0.9864,0.9213,0.9149,715.706,348.1133,588.5756,345.7472,686.3032,392.804,637.5533,383.562,127.1524,49.6183,0.3902,1,1,61,1
491,3,0,0,1,1,1,0.9876,0.981,0.9221,0.8862,1145.8228,332.4002,989.3354,328.269,1207.2288,297.9612,1150.8079,275.7669,156.5419,60.6292,0.3873,0,0,0,0
491,3,0,2,1,1,1,0.9915,0.9936,0.855,0.8612,297.0802,274.0115,114.4757,275.4023,314.1329,562.155,85.0548,575.875,182.6098,229.4886,1.2567,0,0,0,0
491,3,0,1,1,1,1,0.9884,0.9864,0.923,0.9155,716.1193,348.1662,588.2846,345.5504,686.681,394.1999,637.708,384.7288,127.8614,49.8804,0.3901,1,1,62,1
492,3,0,0,1,1,1,0.9876,0.981,0.922,0.8863,1145.8391,332.3949,989.2844,328.2654,1207.2874,297.8511,1150.7847,275.7754,156.6092,60.6621,0.3873,0,0,0,0
492,3,0,2,1,1,1,0.9915,0.9935,0.8551,0.8611,297.1115,274.0079,114.4662,275.3787,314.098,562.0906,85.0197,575.7523,182.6505,229.4853,1.2564,0,0,0,0
492,3,0,1,1,1,1,0.9884,0.9864,0.9231,0.9156,716.1488,348.151,588.3149,345.534,686.698,394.2068,637.68,384.7449,127.8608,49.9229,0.3904,1,1,63,1
493,3,0,0,1,1,1,0.9833,0.98,0.9068,0.9073,1148.2961,329.5964,995.031,325.895,1195.293,302.9756,1148.694,270.3716,153.3098,56.8726,0.371,0,0,0,0
493,3,0,2,1,1,1,0.9879,0.9912,0.8604,0.8834,301.4442,273.8569,116.3782,275.3676,318.0836,556.2956,88.0046,570.4212,185.0722,230.5122,1.2455,0,0,0,0
493,3,0,1,1,1,1,0.9883,0.9865,0.9221,0.9159,715.6116,348.2096,588.3872,345.6795,684.4126,391.3198,637.409,383.9444,127.2495,47.5788,0.3739,1,1,64,1
494,3,0,0,1,1,1,0.9833,0.9799,0.907,0.9072,1148.2975,329.6453,994.9426,325.8828,1195.2878,302.9861,1148.8114,270.3104,153.401,56.8134,0.3704,0,0,0,0
494,3,0,2,1,1,1,0.9879,0.9912,0.8602,0.8833,301.4481,273.8622,116.3967,275.3889,318.0571,556.3176,88.0074,570.5306,185.0577,230.4884,1.2455,0,0,0,0
494,3,0,1,1,1,1,0.9883,0.9865,0.9221,0.9159,715.6017,348.18,588.3642,345.657,684.3977,391.3273,637.4291,383.9369,127.2625,47.5465,0.3736,1,1,65,1
495,3,0,0,1,1,1,0.9868,0.9806,0.9264,0.895,1144.8195,331.2985,988.4987,329.1981,1191.4944,298.8713,1133.7859,280.3051,156.3349,60.6216,0.3878,0,0,0,0
495,3,0,2,1,1,1,0.9874,0.9913,0.8582,0.8855,304.6304,271.6033,121.1298,274.5592,318.0564,553.2356,95.7264,570.1212,183.5245,222.9703,1.2149,0,0,0,0
495,3,0,1,1,1,1,0.9882,0.9865,0.9217,0.9161,716.2759,348.8649,588.613,346.2284,684.129,391.276,637.2723,384.0262,127.6901,47.4142,0.3713,1,1,66,1
496,3,0,0,1,1,1,0.9868,0.9806,0.9263,0.895,1144.8047,331.282,988.4885,329.1931,1191.4963,298.8218,1133.7754,280.2997,156.3302,60.6199,0.3878,0,0,0,0
496,3,0,2,1,1,1,0.9874,0.9913,0.8582,0.8854,304.6492,271.6023,121.1207,274.5471,318.0573,553.244,95.74,570.1228,183.5521,222.9571,1.2147,0,0,0,0
496,3,0,1,1,1,1,0.9882,0.9865,0.9217,0.916,716.2738,348.8398,588.6176,346.2198,684.102,391.2896,637.2415,384.0313,127.6831,47.4192,0.3714,1,1,67,1
497,3,0,0,1,1,1,0.9878,0.977,0.9386,0.8891,1141.4371,328.8725,988.3127,328.923,1177.0022,292.5907,1112.853,288.403,153.1245,64.2857,0.4198,0,0,0,0
497,3,0,2,1,1,1,0.985,0.9917,0.8432,0.8945,307.6281,272.6156,126.714,274.3026,318.5577,548.4098,107.1059,565.6753,180.922,212.1555,1.1726,0,0,0,0
497,3,0,1,1,1,1,0.9881,0.9861,0.9212,0.9138,715.9128,349.2711,588.389,346.3835,685.1115,392.4052,636.723,384.0782,127.5566,49.0997,0.3849,1,1,68,1
498,3,0,0,1,1,1,0.9864,0.9766,0.931,0.9003,1141.7996,320.8875,989.9091,323.5557,1163.3881,297.6107,1097.8417,285.3986,151.9139,66.6743,0.4389,1,1,1,0
498,3,0,2,1,1,1,0.9844,0.9919,0.8456,0.8988,313.1017,270.8718,134.0356,274.2322,319.5085,543.8771,117.6415,562.9676,179.0977,202.7676,1.1322,0,0,0,0
498,3,0,1,1,1,1,0.9879,0.9864,0.9196,0.9152,716.0869,348.7704,588.2127,346.3846,684.5581,392.7102,636.5444,383.9833,127.8965,48.8003,0.3816,1,1,69,1
499,3,0,0,1,1,1,0.9864,0.9766,0.931,0.9004,1141.801,320.9071,989.9035,323.5566,1163.4073,297.5062,1097.8567,285.414,151.9206,66.6566,0.4388,1,1,2,0
499,3,0,2,1,1,1,0.9845,0.9918,0.8458,0.8986,313.089,270.8541,134.0688,274.2139,319.4671,543.8094,117.5922,562.7082,179.0518,202.7576,1.1324,0,0,0,0
499,3,0,1,1,1,1,0.9879,0.9865,0.9197,0.9154,716.0888,348.7877,588.2003,346.4062,684.5761,392.7207,636.529,384.0091,127.9107,48.8305,0.3818,1,1,70,1
500,3,0,2,1,1,1,0.9867,0.9913,0.8563,0.9017,322.0505,272.9454,142.2255,276.768,323.9657,543.4392,128.663,567.0096,179.8656,196.7198,1.0937,0,0,0,0
500,3,0,0,1,1,1,0.9873,0.9778,0.9357,0.9059,1137.3628,325.5909,986.3653,328.2829,1141.7803,303.6924,1086.335,291.694,151.0215,56.7287,0.3756,1,1,3,0
500,3,0,1,1,1,1,0.9877,0.9863,0.9185,0.9147,716.2618,348.38,588.4673,345.7972,685.181,392.8986,637.7786,383.7364,127.8207,48.2797,0.3777,1,1,71,1
501,3,0,2,1,1,1,0.9867,0.9914,0.8564,0.9018,322.0844,272.9564,142.2899,276.7204,323.918,543.471,128.6461,566.8798,179.8339,196.6701,1.0936,0,0,0,0
501,3,0,0,1,1,1,0.9873,0.9778,0.9357,0.906,1137.2633,325.6474,986.3439,328.3207,1141.8942,303.555,1086.386,291.5912,150.943,56.7828,0.3762,1,1,4,0
501,3,0,1,1,1,1,0.9877,0.9863,0.9186,0.9147,716.2614,348.3817,588.4677,345.808,685.1872,392.9129,637.8064,383.7145,127.8196,48.2654,0.3776,1,1,72,1
502,3,0,2,1,1,1,0.9874,0.9905,0.8726,0.8979,331.8118,272.3148,156.4418,275.1553,331.3626,538.2088,139.9912,562.8279,175.393,192.9485,1.1001,0,0,0,0
502,3,0,0,1,1,1,0.9879,0.9755,0.9393,0.8987,1134.7383,330.1155,984.9754,330.2844,1125.0448,312.048,1071.5933,300.0029,149.763,54.7919,0.3659,1,1,5,0
502,3,0,1,1,1,1,0.988,0.9864,0.92,0.9151,715.7132,348.2374,587.5438,345.6596,686.3614,394.8447,637.767,384.7638,128.1952,49.6291,0.3871,1,1,73,1
503,3,0,2,1,1,1,0.9875,0.9905,0.8727,0.8979,331.8392,272.3434,156.488,275.1951,331.3344,538.2006,140.0016,562.8354,175.3743,192.9123,1.1,0,0,0,0
503,3,0,0,1,1,1,0.9879,0.9755,0.9395,0.8989,1134.6613,330.0868,984.9937,330.2521,1124.8735,311.8568,1071.7631,299.9156,149.6676,54.4363,0.3637,1,1,6,1
503,3,0,1,1,1,1,0.988,0.9864,0.9199,0.915,715.7433,348.2651,587.5116,345.6863,686.662,395.2423,637.6648,384.9258,128.2577,50.0716,0.3904,1,1,74,1
504,3,0,2,1,1,1,0.9867,0.9911,0.8706,0.908,339.5069,275.5592,167.3826,279.2852,341.2479,534.8498,151.5181,556.537,172.1646,190.9652,1.1092,0,0,0,0
504,3,0,0,1,1,1,0.9894,0.9739,0.944,0.8847,1134.6254,330.2906,983.7059,332.5993,1113.7954,318.8949,1039.5469,307.7004,150.9372,75.0877,0.4975,1,1,7,1
504,3,0,1,1,1,1,0.9877,0.9866,0.9183,0.9163,716.1921,348.234,587.9561,346.0336,686.0086,394.768,636.3426,385.8844,128.2548,50.4543,0.3934,1,1,75,1
505,3,0,2,1,1,1,0.9867,0.9911,0.8706,0.908,339.5022,275.5672,167.3859,279.2965,341.2576,534.8706,151.5162,556.541,172.1567,190.9748,1.1093,0,0,0,0
505,3,0,0,1,1,1,0.9894,0.9739,0.9439,0.8847,1134.6036,330.3066,983.7185,332.6197,1113.8767,318.9676,1039.5784,307.7052,150.9029,75.1471,0.498,1,1,8,1
505,3,0,1,1,1,1,0.9877,0.9866,0.9183,0.9163,716.189,348.2302,587.9544,346.0218,686.0026,394.7512,636.3458,385.884,128.2535,50.4423,0.3933,1,1,76,1
506,3,0,2,1,1,1,0.9869,0.991,0.8738,0.9043,351.496,280.1618,180.4909,282.4913,356.107,537.636,165.7017,554.6369,171.021,191.1628,1.1178,0,0,0,0
506,3,0,0,1,1,1,0.9894,0.9764,0.9509,0.8798,1136.6921,322.6709,985.42,332.5974,1094.1188,312.7231,1039.6416,295.1995,151.5974,57.2262,0.3775,1,1,9,1
506,3,0,1,1,1,1,0.9873,0.9861,0.9162,0.9142,716.1273,348.1629,587.7304,345.6151,683.9835,393.7424,636.612,386.0927,128.4221,47.9851,0.3737,1,1,77,1
507,3,0,0,1,1,1,0.9883,0.9724,0.9528,0.8774,1137.1974,320.8598,987.4853,332.912,1086.1802,307.7599,1033.7727,291.3704,150.1964,54.9105,0.3656,1,1,10,1
507,3,0,2,1,1,1,0.9896,0.9924,0.8682,0.8824,360.085,280.2618,196.9015,282.453,363.2622,538.6521,180.29,557.9476,163.1982,183.9869,1.1274,0,0,0,0
507,3,0,1,1,1,1,0.988,0.9864,0.919,0.9149,716.0462,348.1272,587.7049,345.914,683.7798,394.1338,636.6291,385.8159,128.3605,47.8788,0.373,1,1,78,1
508,3,0,0,1,1,1,0.9883,0.9724,0.9528,0.8773,1137.1974,320.8663,987.501,332.9194,1086.2015,307.7795,1033.7544,291.4004,150.1809,54.9452,0.3659,1,1,11,1
508,3,0,2,1,1,1,0.9896,0.9924,0.8682,0.8824,360.0867,280.2596,196.8955,282.455,363.2777,538.6372,180.2758,557.93,163.206,184.0161,1.1275,0,0,0,0
508,3,0,1,1,1,1,0.988,0.9864,0.919,0.9149,716.0394,348.1364,587.7154,345.9238,683.7962,394.128,636.6116,385.8303,128.343,47.9087,0.3733,1,1,79,1
509,3,0,0,1,1,1,0.9888,0.9718,0.9543,0.8742,1137.0367,320.378,987.0953,333.7238,1083.1521,308.2647,1029.1582,289.6842,150.5342,57.1015,0.3793,1,1,12,1
509,3,0,2,1,1,1,0.9894,0.993,0.8633,0.8885,368.4651,283.0227,205.985,285.2119,380.3368,542.3726,190.9469,553.748,162.4949,189.7312,1.1676,0,0,0,0
509,3,0,1,1,1,1,0.9883,0.9865,0.9202,0.9149,716.3098,348.017,587.456,345.8702,682.075,392.6652,636.5816,386.2083,128.8716,45.9492,0.3566,1,1,80,1
510,3,0,0,1,1,1,0.9888,0.9718,0.9542,0.8741,1137.0594,320.3513,987.0969,333.6863,1083.157,308.2559,1029.1385,289.6835,150.5542,57.122,0.3794,1,1,13,1
510,3,0,2,1,1,1,0.9894,0.993,0.8632,0.8886,368.4697,283.0324,205.9942,285.1525,380.3666,542.41,190.8753,553.626,162.4893,189.8229,1.1682,0,0,0,0
510,3,0,1,1,1,1,0.9883,0.9866,0.9201,0.9149,716.3105,348.0103,587.4548,345.8708,682.0839,392.6703,636.5688,386.2143,128.8734,45.9707,0.3567,1,1,81,1
511,3,0,2,1,1,1,0.99,0.9928,0.8548,0.8963,374.5442,282.107,211.861,284.3865,396.614,537.6836,202.0753,551.5988,162.6992,195.0358,1.1988,0,0,0,0
511,3,0,0,1,1,1,0.9891,0.9701,0.956,0.8708,1136.9679,318.8344,986.4587,330.4469,1080.4386,305.2407,1023.3381,289.2175,150.9565,59.3061,0.3929,1,1,14,1
511,3,0,1,1,1,1,0.9881,0.9868,0.9193,0.917,716.011,348.5886,587.0497,346.7724,681.3706,391.9164,636.2636,385.4812,128.9742,45.5637,0.3533,1,1,82,1
512,3,0,2,1,1,1,0.99,0.9928,0.855,0.8963,374.5535,282.0936,211.8674,284.3774,396.6276,537.6258,202.0644,551.6354,162.7021,195.067,1.1989,0,0,0,0
512,3,0,0,1,1,1,0.9891,0.9701,0.956,0.8708,1137.0336,318.8014,986.4778,330.4632,1080.4064,305.1742,1023.3932,289.1321,151.0067,59.2271,0.3922,1,1,15,1
512,3,0,1,1,1,1,0.9881,0.9868,0.9193,0.9169,716.0066,348.6208,587.0675,346.7876,681.402,391.9244,636.2536,385.4699,128.9521,45.6075,0.3537,1,1,83,1
513,3,0,2,1,1,1,0.9877,0.9922,0.8696,0.9157,382.7628,281.6176,219.1352,283.1431,413.9338,534.278,209.0994,547.3549,163.6346,205.2513,1.2543,0,0,0,0
513,3,0,0,1,1,1,0.9892,0.9691,0.9562,0.8667,1133.093,317.2904,984.1493,328.3508,1080.5658,298.799,1021.3686,282.696,149.3538,61.3483,0.4108,1,1,16,1
513,3,0,1,1,1,1,0.9879,0.9867,0.9186,0.9164,715.7774,348.2503,587.2423,346.4838,680.9884,390.9522,636.3272,384.9586,128.5473,45.0616,0.3505,1,1,84,1
514,3,0,2,1,1,1,0.9877,0.9922,0.8698,0.9156,382.7626,281.6051,219.1398,283.1292,413.9422,534.2118,209.0936,547.4592,163.6299,205.2765,1.2545,0,0,0,0
514,3,0,0,1,1,1,0.9891,0.9691,0.9561,0.8669,1133.0577,317.4083,984.1685,328.461,1080.4885,298.8728,1021.4819,282.8159,149.299,61.1523,0.4096,1,1,17,1
514,3,0,1,1,1,1,0.9879,0.9867,0.9185,0.9165,715.8082,348.2698,587.2622,346.47,680.9511,390.9834,636.3506,384.9648,128.5586,45.0047,0.3501,1,1,85,1
515,3,0,2,1,1,1,0.9882,0.9917,0.8743,0.9106,387.919,281.5741,224.3488,282.5555,421.9538,536.1752,213.7634,542.3932,163.5731,208.2833,1.2733,0,0,0,0
515,3,0,0,1,1,1,0.9895,0.9604,0.9621,0.8506,1132.9932,310.4439,987.6499,320.183,1090.3989,294.2566,1007.7507,274.7092,145.6692,84.9284,0.583,1,0,0,0
515,3,0,1,1,1,1,0.9882,0.9868,0.9195,0.9165,715.27,348.041,587.051,345.8229,681.9142,391.8624,635.8773,385.0556,128.2381,46.5374,0.3629,1,1,86,1
516,3,0,2,1,1,1,0.9882,0.9917,0.8744,0.9107,387.9305,281.5838,224.3589,282.578,421.947,536.228,213.7843,542.5471,163.5746,208.2586,1.2732,0,0,0,0
516,3,0,0,1,1,1,0.9895,0.9605,0.962,0.8507,1133.0009,310.4212,987.6253,320.197,1090.4092,294.276,1007.7228,274.6813,145.7039,84.9764,0.5832,1,0,0,0
516,3,0,1,1,1,1,0.9882,0.9868,0.9194,0.9166,715.2824,348.0398,587.0367,345.834,681.9459,391.8663,635.9923,384.9582,128.2648,46.4699,0.3623,1,1,87,1
517,3,0,2,1,1,1,0.989,0.9912,0.8829,0.906,390.7991,281.6604,229.9381,283.3264,430.382,530.7366,215.1495,538.3866,160.8696,215.3684,1.3388,0,0,0,0
517,3,0,0,1,1,1,0.9893,0.9588,0.9632,0.8545,1133.5558,300.108,987.0382,311.4195,1088.4076,271.3985,1005.0361,253.5048,146.9536,85.2701,0.5803,1,0,0,0
517,3,0,1,1,1,1,0.9874,0.9862,0.9157,0.9141,715.0842,348.5094,586.5575,345.7854,680.851,390.8138,635.9677,385.4422,128.5556,45.2037,0.3516,1,1,88,1
518,3,0,2,1,1,1,0.989,0.9912,0.8829,0.9061,390.8132,281.6578,229.9146,283.3316,430.3744,530.733,215.1342,538.4772,160.9072,215.3794,1.3385,0,0,0,0
518,3,0,0,1,1,1,0.9893,0.9587,0.9633,0.8543,1133.7048,299.9416,987.1736,311.2818,1088.272,271.3689,1004.924,253.5314,146.9693,85.2354,0.58,1,0,0,0
518,3,0,1,1,1,1,0.9874,0.9862,0.9158,0.9142,715.0861,348.5195,586.5545,345.8049,680.8622,390.869,635.9685,385.4412,128.5603,45.2207,0.3517,1,1,89,1
519,3,0,2,1,1,1,0.9877,0.992,0.8657,0.9101,393.7397,282.459,232.449,283.2163,437.2988,533.338,214.074,537.2564,161.2924,223.2591,1.3842,0,0,0,0
519,3,0,1,1,1,1,0.9886,0.9858,0.9222,0.9105,715.2594,348.2195,587.0018,345.4325,679.9185,392.3502,636.3706,386.6973,128.2878,43.9133,0.3423,1,1,90,1
519,3,0,0,1,1,1,0.9731,0.9667,0.941,0.9168,1125.4138,310.4087,971.9678,319.7332,1070.0972,234.4805,1004.3674,232.9487,153.7291,65.7476,0.4277,1,1,1,0
520,3,0,2,1,1,1,0.9872,0.9921,0.8588,0.9071,395.5571,282.8873,233.7809,282.8366,440.324,529.9388,212.9444,539.2726,161.7762,227.571,1.4067,0,0,0,0
520,3,0,1,1,1,1,0.9877,0.9855,0.9165,0.9092,714.7106,348.24,586.4571,345.9357,679.5219,390.3082,636.0023,386.5281,128.2742,43.6835,0.3405,1,1,91,1
520,3,0,0,1,1,1,0.9661,0.9598,0.9385,0.9147,1126.9255,314.094,976.7753,324.2625,1068.2644,221.4473,997.4725,216.522,150.4942,70.963,0.4715,1,1,2,0
521,3,0,2,1,1,1,0.9872,0.9921,0.8588,0.9071,395.5506,282.8867,233.7934,282.8363,440.3242,529.9546,212.9554,539.2458,161.7573,227.5585,1.4068,0,0,0,0
521,3,0,1,1,1,1,0.9877,0.9855,0.9166,0.9092,714.718,348.2495,586.4584,345.9348,679.5168,390.3062,636.002,386.5242,128.2805,43.6789,0.3405,1,1,92,1
521,3,0,0,1,1,1,0.966,0.9597,0.9385,0.9147,1126.9241,314.2517,976.7133,324.443,1068.202,221.4013,997.4859,216.4761,150.5561,70.8874,0.4708,1,1,3,0
522,3,0,2,1,1,1,0.9877,0.9917,0.8647,0.9032,396.468,283.6791,235.2812,283.835,444.1891,526.4103,210.1631,537.7128,161.1869,234.2988,1.4536,0,0,0,0
522,3,0,0,1,1,1,0.9732,0.9605,0.9467,0.9113,1119.9622,322.6314,976.4561,329.9272,1071.404,210.4954,1000.7139,200.5943,143.6914,71.3802,0.4968,1,1,4,0
522,3,0,1,1,1,1,0.9874,0.9855,0.9154,0.9095,714.7484,348.6777,586.5721,346.7942,679.8542,390.5186,635.8784,386.1338,128.1902,44.1939,0.3448,1,1,93,1
523,3,0,2,1,1,1,0.9877,0.9917,0.8649,0.9033,396.426,283.6421,235.3152,283.7866,444.0347,526.3192,210.1306,537.6576,161.1108,234.1788,1.4535,0,0,0,0
523,3,0,0,1,1,1,0.9731,0.9603,0.9467,0.9111,1119.9569,322.7284,976.451,330.0132,1071.4158,210.4651,1000.718,200.5504,143.6906,71.3896,0.4968,1,1,5,0
523,3,0,1,1,1,1,0.9874,0.9854,0.9154,0.9094,714.7519,348.731,586.6478,346.8564,679.8764,390.023,635.8438,385.9246,128.1178,44.2228,0.3452,1,1,94,1
524,3,0,2,1,1,1,0.988,0.9914,0.8653,0.8982,396.1624,284.2198,235.6365,284.0842,443.6496,528.7644,209.1377,534.8232,160.526,234.5901,1.4614,0,0,0,0
524,3,0,1,1,1,1,0.9878,0.9853,0.9174,0.9083,714.49,348.2554,586.3394,346.718,680.608,391.8451,636.266,386.442,128.1598,44.6699,0.3485,1,1,95,1
524,3,0,0,1,1,1,0.973,0.9537,0.9495,0.9025,1120.0262,325.0578,978.0237,332.2712,1070.2288,217.2765,997.765,211.0123,142.1857,72.734,0.5115,1,0,0,0
525,3,0,2,1,1,1,0.988,0.9914,0.8649,0.8985,396.1232,284.2754,235.597,284.0592,443.6078,528.6413,209.1526,534.7762,160.5264,234.5355,1.461,0,0,0,0
525,3,0,1,1,1,1,0.9878,0.9853,0.9173,0.9083,714.4817,348.2702,586.349,346.7356,680.6017,391.831,636.2868,386.4542,128.1419,44.6399,0.3484,1,1,96,1
525,3,0,0,1,1,1,0.9728,0.9533,0.9495,0.9024,1119.9526,325.1411,977.9953,332.4376,1070.3795,217.4066,997.6873,211.2863,142.1447,72.9494,0.5132,1,0,0,0
526,3,0,2,1,1,1,0.9881,0.9916,0.8625,0.8975,395.1766,285.0059,235.2066,284.0162,440.4744,531.4453,203.7061,536.361,159.9731,236.8194,1.4804,0,0,0,0
526,3,0,1,1,1,1,0.988,0.9856,0.9183,0.9091,714.4525,348.7016,586.5625,346.7884,681.987,393.3542,636.2802,387.3827,127.9043,46.0952,0.3604,1,1,97,1
526,3,0,0,1,1,1,0.9761,0.965,0.9475,0.9112,1128.6523,312.9635,976.0179,322.5491,1064.5043,229.2639,997.6692,224.5446,152.9351,67.0015,0.4381,1,1,1,0
527,3,0,2,1,1,1,0.9881,0.9918,0.8623,0.9,394.316,284.3846,234.318,283.8166,434.0529,532.5427,202.235,537.7532,159.999,231.8764,1.4492,0,0,0,0
527,3,0,0,1,1,1,0.9875,0.9589,0.9623,0.8674,1134.7401,298.1495,988.8767,311.8968,1095.3651,280.9394,994.9894,262.3088,146.5098,102.0901,0.6968,1,0,0,0
527,3,0,1,1,1,1,0.988,0.9857,0.9188,0.9105,715.396,347.8931,587.1156,346.1492,683.0404,394.3662,636.4372,387.0055,128.2923,47.1809,0.3678,1,1,98,1
528,3,0,2,1,1,1,0.9881,0.9918,0.8624,0.9001,394.3132,284.3823,234.3206,283.8242,434.0298,532.5752,202.2532,537.7956,159.9935,231.8355,1.449,0,0,0,0
528,3,0,0,1,1,1,0.9875,0.959,0.9622,0.8676,1134.7523,298.313,988.85,312.0548,1095.4458,281.1166,995.0325,262.2916,146.548,102.1626,0.6971,1,0,0,0
528,3,0,1,1,1,1,0.9881,0.9857,0.9189,0.9106,715.4033,347.9286,587.1269,346.1607,683.0756,394.4236,636.4185,387.0349,128.2886,47.2385,0.3682,1,1,99,1
529,3,0,2,1,1,1,0.9892,0.9916,0.8729,0.8978,391.7298,284.937,233.1625,283.7511,427.6479,536.7638,197.8536,539.8799,158.5718,229.8154,1.4493,0,0,0,0
529,3,0,0,1,1,1,0.9872,0.9538,0.9586,0.8406,1137.1808,322.4812,981.2541,335.6092,1081.2906,310.0114,1008.3978,302.3604,156.4784,73.2933,0.4684,1,1,1,0
529,3,0,1,1,1,1,0.9882,0.9857,0.9193,0.9095,715.3448,348.0738,587.2107,345.7492,681.53,392.5756,636.6196,386.2138,128.1552,45.3588,0.3539,1,1,100,1
530,3,0,2,1,1,1,0.9892,0.9916,0.8724,0.8977,391.777,285.0178,233.1982,283.718,427.6782,536.9462,197.9851,540.1152,158.5841,229.715,1.4485,0,0,0,0
530,3,0,0,1,1,1,0.9872,0.9539,0.9586,0.8407,1137.1677,322.4662,981.2547,335.6044,1081.4028,310.0521,1008.2148,302.4585,156.4656,73.5809,0.4703,1,1,2,0
530,3,0,1,1,1,1,0.9882,0.9858,0.9194,0.9097,715.3528,348.0458,587.1634,345.7485,681.4843,392.54,636.6233,386.2226,128.2101,45.3037,0.3534,1,1,101,1
531,3,0,2,1,1,1,0.9895,0.9911,0.8858,0.9013,389.0529,284.0108,230.7112,282.3466,420.1634,537.8208,194.1527,540.989,158.3505,226.0329,1.4274,0,0,0,0
531,3,0,0,1,1,1,0.99,0.9711,0.9443,0.8245,1132.5062,329.7093,967.2411,343.8601,1055.2625,347.0291,994.9283,361.8158,165.8698,62.1197,0.3745,1,1,3,0
531,3,0,1,1,1,1,0.9877,0.9863,0.9171,0.9138,715.577,348.3492,586.9538,345.9641,681.2992,392.6057,635.4463,387.2978,128.6454,46.1592,0.3588,1,1,102,1
532,3,0,2,1,1,1,0.9895,0.9911,0.8858,0.9013,389.0477,284.0306,230.7185,282.3598,420.1714,537.8234,194.1442,540.9952,158.338,226.0494,1.4276,0,0,0,0
532,3,0,0,1,1,1,0.99,0.9711,0.9443,0.8246,1132.4865,329.6951,967.2498,343.8506,1055.2665,347.044,994.8782,361.8856,165.8419,62.1854,0.375,1,1,4,0
532,3,0,1,1,1,1,0.9877,0.9862,0.9171,0.9138,715.5752,348.3416,586.9542,345.9541,681.2826,392.6029,635.4525,387.3195,128.6431,46.1337,0.3586,1,1,103,1
533,3,0,2,1,1,1,0.9886,0.9914,0.8756,0.9037,386.5644,283.0887,226.9735,282.3808,408.0023,535.1451,188.6691,536.8361,159.5925,219.3398,1.3744,0,0,0,0
533,3,0,0,1,1,1,0.9911,0.9731,0.9358,0.816,1133.3978,338.841,958.8943,346.9782,1025.9786,420.9772,1063.947,419.2146,174.6931,38.0093,0.2176,1,1,5,0
533,3,0,1,1,1,1,0.9877,0.9867,0.917,0.9166,715.581,348.7145,586.7694,346.2521,681.3416,392.2224,635.8609,386.7043,128.8352,45.8143,0.3556,1,1,104,1
534,3,0,2,1,1,1,0.9893,0.9911,0.8842,0.9032,382.7051,281.9372,222.8025,282.5172,391.9317,535.2824,182.3813,539.6066,159.9036,209.595,1.3108,0,0,0,0
534,3,0,0,1,1,1,0.9907,0.9761,0.9276,0.8246,1132.4552,344.0482,960.3323,346.457,1044.1002,471.3639,1069.3347,475.0588,172.1397,25.5036,0.1482,1,1,6,1
534,3,0,1,1,1,1,0.9879,0.9863,0.9186,0.9142,715.574,348.9625,587.3696,345.9932,682.4363,393.0258,635.9782,387.0009,128.2388,46.8472,0.3653,1,1,105,1
535,3,0,2,1,1,1,0.9893,0.9911,0.8843,0.9034,382.7055,281.9121,222.8355,282.5346,391.9779,535.1167,182.4014,539.6198,159.8712,209.6249,1.3112,0,0,0,0
535,3,0,0,1,1,1,0.9907,0.9761,0.9276,0.8246,1132.443,344.0172,960.3303,346.445,1044.0883,471.3656,1069.3499,475.0724,172.1299,25.5321,0.1483,1,1,7,1
535,3,0,1,1,1,1,0.9879,0.9864,0.9185,0.9142,715.5854,348.9741,587.3746,346.0091,682.4212,393.006,635.9792,386.9974,128.2451,46.829,0.3652,1,1,106,1
536,3,0,2,1,1,1,0.9912,0.9902,0.9049,0.8986,376.5494,282.2764,218.8718,282.7602,383.0036,534.759,174.0145,540.3984,157.6784,209.0651,1.3259,0,0,0,0
536,3,0,0,1,1,1,0.9902,0.9817,0.9187,0.8323,1132.4753,344.1059,962.8599,348.8722,1052.4481,496.0315,1038.3097,503.3534,169.6824,15.9219,0.0938,1,1,8,1
536,3,0,1,1,1,1,0.9877,0.986,0.9176,0.9128,715.4696,349.1531,587.9248,345.6521,683.195,393.3038,635.881,387.1307,127.5927,47.715,0.374,1,1,107,1
537,3,0,2,1,1,1,0.9912,0.9903,0.9048,0.8987,376.5272,282.2806,218.8617,282.7507,382.991,534.7795,174.0224,540.3825,157.6662,209.0438,1.3259,0,0,0,0
537,3,0,0,1,1,1,0.9902,0.9817,0.9187,0.8323,1132.4406,344.1047,962.8455,348.8688,1052.5044,496.0414,1038.2911,503.3633,169.662,15.9883,0.0942,1,1,9,1
537,3,0,1,1,1,1,0.9877,0.986,0.9175,0.9128,715.4748,349.1382,587.9231,345.6423,683.1855,393.2995,635.8819,387.1213,127.5995,47.7053,0.3739,1,1,108,1
538,3,0,0,1,1,1,0.9911,0.9821,0.9207,0.8287,1131.9294,343.228,963.232,348.0967,1065.1196,519.8244,1033.6263,524.9748,168.7677,31.9116,0.1891,0,0,0,0
538,3,0,2,1,1,1,0.9881,0.9914,0.887,0.9063,367.1856,282.7985,208.7118,284.7473,374.5288,533.9184,166.362,536.3146,158.4858,208.1806,1.3136,0,0,0,0
538,3,0,1,1,1,1,0.9872,0.9856,0.9159,0.9116,715.7179,349.4548,588.0072,345.9711,683.3969,393.4392,636.6217,386.665,127.7581,47.2632,0.3699,1,1,109,1
539,3,0,0,1,1,1,0.9912,0.9821,0.9208,0.8284,1131.9126,343.2034,963.2241,348.0887,1064.9451,519.9186,1033.7988,525.083,168.7593,31.5715,0.1871,0,0,0,0
539,3,0,2,1,1,1,0.9881,0.9914,0.8873,0.906,367.2016,282.7872,208.7771,284.7202,374.4451,534.3914,166.3592,536.3454,158.4362,208.0951,1.3134,0,0,0,0
539,3,0,1,1,1,1,0.9872,0.9856,0.9162,0.9116,715.8155,349.5142,588.1123,346.0681,683.431,393.5606,636.6162,386.7069,127.7497,47.3138,0.3704,1,1,110,1
540,3,0,0,1,1,1,0.9915,0.9823,0.9225,0.8267,1132.0366,343.534,963.6677,347.9926,1071.508,525.9614,1028.4042,535.9488,168.4279,44.2458,0.2627,0,0,0,0
540,3,0,2,1,1,1,0.9888,0.9911,0.8907,0.9032,358.8939,280.9917,200.753,283.0885,367.5098,537.7454,158.9358,539.1182,158.1549,208.5785,1.3188,0,0,0,0
540,3,0,1,1,1,1,0.9875,0.9859,0.9172,0.9124,715.9368,349.4527,587.8776,345.8989,683.4914,393.2429,635.7644,386.7871,128.1085,48.1616,0.3759,1,1,111,1
541,3,0,0,1,1,1,0.9915,0.9823,0.9223,0.8266,1132.075,343.4409,963.6661,347.9532,1071.555,525.976,1028.5331,535.9988,168.4693,44.174,0.2622,0,0,0,0
541,3,0,2,1,1,1,0.9888,0.9911,0.8907,0.9035,358.8281,281.0311,200.7509,283.0808,367.4781,537.8114,159.0216,539.1276,158.0905,208.4606,1.3186,0,0,0,0
541,3,0,1,1,1,1,0.9874,0.9859,0.917,0.9125,715.9444,349.5371,587.836,346.0087,683.5834,393.5806,635.7254,386.8254,128.157,48.3324,0.3771,1,1,112,1
542,3,0,2,1,1,1,0.9878,0.9914,0.8803,0.9072,345.5894,283.6163,186.9806,283.762,362.8136,536.2268,150.0132,547.2742,158.6088,213.0869,1.3435,0,0,0,0
542,3,0,0,1,1,1,0.9917,0.9824,0.9233,0.8262,1132.3,343.0253,963.304,348.0393,1070.0189,528.8112,1025.6075,535.5525,169.0704,44.9201,0.2657,0,0,0,0
542,3,0,1,1,1,1,0.9876,0.9859,0.9177,0.9124,715.8114,349.6417,588.0791,346.0045,683.2998,393.3515,636.4204,386.3712,127.7841,47.3962,0.3709,1,1,113,1
543,3,0,2,1,1,1,0.9891,0.9909,0.8885,0.9046,332.093,283.1813,171.1537,284.8032,357.3887,539.1958,136.3426,543.0521,160.9475,221.0797,1.3736,0,0,0,0
543,3,0,0,1,1,1,0.9915,0.9825,0.9218,0.8282,1132.44,342.8636,963.8384,347.5138,1076.7709,527.7419,1026.4762,534.7638,168.6656,50.7825,0.3011,0,0,0,0
543,3,0,1,1,1,1,0.9879,0.9861,0.9192,0.9132,715.8208,348.9534,588.373,345.5674,684.4942,393.9139,635.846,387.3958,127.4928,49.083,0.385,1,1,114,1
544,3,0,2,1,1,1,0.9891,0.9909,0.8883,0.9047,332.0774,283.163,171.1316,284.8037,357.3693,539.2159,136.3419,543.013,160.9542,221.06,1.3734,0,0,0,0
544,3,0,0,1,1,1,0.9915,0.9825,0.9219,0.8281,1132.4738,342.8754,963.8669,347.527,1076.7996,527.7398,1026.4923,534.7542,168.671,50.7939,0.3011,0,0,0,0
544,3,0,1,1,1,1,0.9879,0.9861,0.9193,0.9132,715.8383,348.9707,588.3748,345.5555,684.4908,393.9473,635.8346,387.3656,127.5093,49.0993,0.3851,1,1,115,1
545,3,0,2,1,1,1,0.9898,0.9906,0.8942,0.9014,317.5318,282.345,153.1766,284.6258,354.1497,534.5973,123.9637,546.9078,164.3711,230.5149,1.4024,0,0,0,0
545,3,0,0,1,1,1,0.9914,0.9828,0.9184,0.8286,1132.5525,342.2884,963.348,346.7923,1086.2351,526.319,1039.5857,528.0964,169.2644,46.6833,0.2758,0,0,0,0
545,3,0,1,1,1,1,0.9879,0.9862,0.9191,0.9137,715.5318,349.1184,587.9964,345.8528,684.6787,392.8294,635.9378,386.855,127.5771,49.1058,0.3849,1,1,116,1
546,3,0,2,1,1,1,0.9898,0.9905,0.8944,0.9012,317.4982,282.3368,153.1919,284.6376,354.1028,534.5698,123.9271,546.9503,164.3224,230.5085,1.4028,0,0,0,0
546,3,0,0,1,1,1,0.9914,0.9828,0.9183,0.8285,1132.5497,342.2726,963.345,346.7902,1086.2589,526.3065,1039.5868,528.0774,169.265,46.7057,0.2759,0,0,0,0
546,3,0,1,1,1,1,0.9879,0.9862,0.9191,0.9138,715.5644,349.1013,587.9951,345.862,684.6704,392.844,635.9507,386.8229,127.6105,49.0904,0.3847,1,1,117,1
547,3,0,2,1,1,1,0.9896,0.9898,0.8903,0.8952,298.3174,279.5505,134.5698,284.9337,343.0552,530.1788,108.9604,551.9642,163.836,235.1063,1.435,0,0,0,0
547,3,0,0,1,1,1,0.9912,0.9822,0.916,0.8235,1132.5737,342.3715,963.23,345.2656,1086.698,523.4007,1053.767,515.7896,169.3685,33.7991,0.1996,0,0,0,0
547,3,0,1,1,1,1,0.9876,0.9863,0.916,0.9136,715.1026,349.1345,587.9611,346.7244,684.9722,393.2706,636.2575,386.7991,127.1643,49.1426,0.3864,1,1,118,1
548,3,0,2,1,1,1,0.9896,0.9898,0.8902,0.8954,298.3102,279.5889,134.5513,284.9575,343.0467,530.2571,108.9862,552.0212,163.8468,235.0702,1.4347,0,0,0,0
548,3,0,0,1,1,1,0.9912,0.9822,0.916,0.8237,1132.598,342.3876,963.2277,345.2695,1086.5791,523.399,1053.7584,515.7752,169.3949,33.6945,0.1989,0,0,0,0
548,3,0,1,1,1,1,0.9876,0.9863,0.916,0.9136,715.1442,349.1411,587.9669,346.7326,684.9856,393.3013,636.2373,386.8504,127.2001,49.1733,0.3866,1,1,119,1
549,3,0,2,1,1,1,0.9873,0.9914,0.8747,0.904,282.3788,279.5035,111.2852,283.5217,329.0264,527.3302,90.772,547.4308,171.1408,239.1008,1.3971,0,0,0,0
549,3,0,0,1,1,1,0.9901,0.9778,0.9077,0.8383,1133.8516,342.0697,967.1768,338.7501,1084.4954,516.0704,1089.4663,503.9209,166.7079,13.1271,0.0787,0,0,0,0
549,3,0,1,1,1,1,0.9876,0.9865,0.9161,0.9148,715.2664,348.5007,588.0953,346.4588,685.7845,394.4617,637.0546,386.8281,127.1875,49.3242,0.3878,1,1,120,1
550,3,0,2,1,1,1,0.9872,0.9914,0.8744,0.904,282.3618,279.4684,111.2912,283.5055,329.0526,527.344,90.74,547.4534,171.1182,239.1595,1.3976,0,0,0,0
550,3,0,0,1,1,1,0.9901,0.9778,0.9077,0.8383,1133.8593,342.0673,967.1797,338.7292,1084.5021,516.0531,1089.4532,503.9018,166.713,13.1212,0.0787,0,0,0,0
550,3,0,1,1,1,1,0.9876,0.9865,0.9161,0.9148,715.2762,348.4962,588.0962,346.4535,685.7878,394.4699,637.0642,386.8202,127.1965,49.3205,0.3878,1,1,121,1
551,3,0,2,1,1,1,0.988,0.9916,0.8705,0.9011,269.7358,277.8288,96.6074,282.6132,319.088,535.7053,67.1547,552.8504,173.1945,252.5159,1.458,0,0,0,0
551,3,0,0,1,1,1,0.9904,0.9697,0.923,0.8196,1134.4727,343.2336,967.8279,336.7986,1039.4298,488.4762,1129.018,480.847,166.7689,89.9124,0.5391,1,0,0,0
551,3,0,1,1,1,1,0.9877,0.9861,0.9169,0.9125,715.2959,348.596,588.5985,346.9573,685.3794,393.177,636.935,386.5087,126.708,48.9012,0.3859,1,1,122,1
552,3,0,2,1,1,1,0.988,0.9916,0.8702,0.9013,269.6899,277.8238,96.5373,282.6083,319.0675,535.8028,67.1637,552.9402,173.2187,252.486,1.4576,0,0,0,0
552,3,0,0,1,1,1,0.9904,0.9698,0.9228,0.8198,1134.4382,343.2244,967.7929,336.8454,1040.6609,489.0256,1129.0255,481.1901,166.7674,88.7113,0.5319,1,0,0,0
552,3,0,1,1,1,1,0.9877,0.9861,0.917,0.9125,715.299,348.5976,588.6322,346.9862,685.4052,393.1619,636.9158,386.443,126.6771,48.9527,0.3864,1,1,123,1
553,3,0,0,1,1,1,0.9887,0.9758,0.8996,0.833,1136.1445,346.7798,966.6306,339.807,1038.7903,459.2992,1144.0271,456.1672,169.6573,105.2834,0.6206,1,0,0,0
553,3,0,2,1,1,1,0.9885,0.9909,0.8665,0.8908,254.8024,280.2131,80.4596,281.8992,296.7675,547.1612,46.1116,557.8626,174.351,250.8843,1.439,0,0,0,0
553,3,0,1,1,1,1,0.9878,0.9857,0.9182,0.9111,715.1833,348.3837,588.6653,346.9278,686.4989,393.9114,637.122,386.5076,126.5264,49.9289,0.3946,1,1,124,1
554,3,0,0,1,1,1,0.9887,0.9759,0.8995,0.833,1136.1191,346.7493,966.6074,339.775,1038.7867,459.285,1144.0951,456.1636,169.6551,105.3546,0.621,1,0,0,0
554,3,0,2,1,1,1,0.9884,0.991,0.8653,0.8913,254.7118,280.1186,80.4678,281.9052,296.4952,546.9086,46.1922,557.9016,174.2532,250.5443,1.4378,0,0,0,0
554,3,0,1,1,1,1,0.9878,0.9857,0.9182,0.911,715.1836,348.3871,588.6794,346.9202,686.4024,393.7738,637.1212,386.4732,126.5127,49.819,0.3938,1,1,125,1
555,3,0,0,1,1,1,0.9851,0.9831,0.8721,0.879,1131.3505,344.2292,968.079,336.5845,1214.971,459.0316,1155.3398,453.2226,163.4503,59.9134,0.3666,0,0,0,0
555,3,0,2,1,0,1,0.9913,0.9911,0.8795,0.8499,244.0385,278.2479,68.1348,279.8904,270.7062,541.2224,29.4903,554.3977,175.9114,241.5754,1.3733,0,0,0,0
555,3,0,1,1,1,1,0.9882,0.9856,0.9201,0.9096,715.3232,348.6318,588.3695,347.0817,685.4189,393.3965,636.068,386.9197,126.9631,49.7741,0.392,1,1,126,1
556,3,0,0,1,1,1,0.9841,0.9822,0.8727,0.8805,1134.9489,341.8433,970.7211,337.1578,1221.2583,442.9932,1160.0806,437.714,164.2945,61.4051,0.3738,0,0,0,0
556,3,0,2,1,0,1,0.9918,0.9849,0.9156,0.8366,235.8701,278.8547,58.8678,276.0216,263.6952,539.1326,6.6565,541.88,177.0249,257.0534,1.4521,0,0,0,0
556,3,0,1,1,1,1,0.9879,0.9858,0.9179,0.9106,715.0268,348.6701,587.9012,346.8789,685.5236,393.943,636.4856,386.7019,127.1382,49.5697,0.3899,1,1,127,1
557,3,0,0,1,1,1,0.9841,0.9822,0.8728,0.8804,1134.9315,341.8848,970.6784,337.1354,1221.2307,443.0156,1160.052,437.6876,164.3218,61.4103,0.3737,0,0,0,0
557,3,0,2,1,0,1,0.9917,0.9849,0.9154,0.8367,235.8292,278.8274,58.8764,275.9739,263.6637,539.1003,6.646,541.8338,176.9758,257.0322,1.4524,0,0,0,0
557,3,0,1,1,1,1,0.9879,0.9859,0.9178,0.9107,715.0214,348.681,587.8937,346.8765,685.5796,393.9405,636.4669,386.6908,127.1405,49.6449,0.3905,1,1,128,1
558,3,0,0,1,1,1,0.9837,0.9818,0.8709,0.8801,1135.4324,342.7875,970.9985,337.2729,1225.0564,440.94,1165.8677,431.1026,164.5263,60.0007,0.3647,0,0,0,0
558,3,0,2,1,0,1,0.9935,0.9773,0.9248,0.7585,228.3396,279.3613,50.7603,276.052,238.8996,555.5357,2.1084,548.972,177.6101,236.8822,1.3337,0,0,0,0
558,3,0,1,1,1,1,0.9879,0.9858,0.918,0.9105,714.6564,347.7016,587.5694,346.262,686.2734,394.7147,636.5398,387.6272,127.0952,50.2361,0.3953,1,1,129,1
559,3,0,0,1,1,1,0.9837,0.9817,0.8711,0.8801,1135.4294,342.7936,971.0239,337.2963,1225.0717,440.8016,1165.8472,431.0814,164.4974,60.0168,0.3648,0,0,0,0
559,3,0,2,1,0,1,0.9935,0.9773,0.9254,0.759,228.3452,279.2852,50.7927,276.0448,239.1411,554.6474,2.0777,548.948,177.5821,237.1319,1.3353,0,0,0,0
559,3,0,1,1,1,1,0.9879,0.9858,0.9179,0.9105,714.6732,347.6978,587.6188,346.2556,686.2076,394.6069,636.4848,387.5953,127.0626,50.2148,0.3952,1,1,130,1
560,3,0,0,1,1,1,0.983,0.9827,0.8654,0.8855,1135.4257,343.4664,971.9327,337.9226,1226.365,440.977,1165.0889,432.139,163.5869,61.9102,0.3785,0,0,0,0
560,3,0,2,1,0,1,0.9941,0.9643,0.9337,0.6821,222.1487,278.8744,45.4554,273.4271,225.1268,547.8308,8.4789,530.6991,176.7772,217.3242,1.2294,0,0,0,0
560,3,0,1,1,1,1,0.9883,0.9865,0.9195,0.9143,714.5288,348.0001,587.0562,346.2999,687.994,395.5116,636.0234,389.1448,127.484,52.3592,0.4107,1,1,131,1
561,3,0,0,1,1,1,0.9831,0.9827,0.8654,0.8855,1135.4088,343.4628,971.9316,337.9256,1226.3718,440.9598,1165.1014,432.1551,163.5709,61.8998,0.3784,0,0,0,0
561,3,0,2,1,0,1,0.9941,0.9644,0.9338,0.6823,222.1464,278.8704,45.4527,273.4147,225.1302,547.8076,8.4737,530.7012,176.7778,217.3308,1.2294,0,0,0,0
561,3,0,1,1,1,1,0.9883,0.9865,0.9196,0.9143,714.5288,348.01,587.0578,346.3044,688.0042,395.5256,636.0373,389.1597,127.4824,52.3553,0.4107,1,1,132,1
562,3,0,0,1,1,1,0.9821,0.9839,0.8581,0.8919,1134.6036,343.165,971.5184,338.3321,1220.2571,448.2326,1162.8018,437.7866,163.1568,58.3972,0.3579,0,0,0,0
562,3,0,2,1,0,1,0.9937,0.9625,0.9269,0.6634,218.3218,278.2446,40.2564,275.9472,219.9256,539.0293,7.0053,530.203,178.0801,213.1031,1.1967,0,0,0,0
562,3,0,1,1,1,1,0.9883,0.9854,0.9211,0.9095,714.6986,348.1978,587.1706,346.7744,688.9952,397.1813,636.1986,389.3648,127.5359,53.3721,0.4185,1,1,133,1
563,3,0,2,1,0,1,0.9943,0.9536,0.9341,0.6172,215.0306,280.2189,37.7401,276.944,215.2696,541.711,1.5439,530.9064,177.3208,213.9987,1.2068,0,0,0,0
563,3,0,0,1,1,1,0.9824,0.9839,0.8579,0.8898,1135.0621,343.5675,971.9203,339.4121,1215.138,455.6442,1160.3828,441.3272,163.1948,56.5959,0.3468,0,0,0,0
563,3,0,1,1,1,1,0.9884,0.9857,0.9216,0.9108,714.9608,348.0618,587.1144,346.7844,689.5606,395.962,636.7033,388.4163,127.8527,53.3931,0.4176,1,1,134,1
564,3,0,2,1,0,1,0.9943,0.9534,0.934,0.616,215.0708,280.2118,37.7503,276.9664,215.1884,541.7492,1.5748,531.0431,177.3502,213.8817,1.206,0,0,0,0
564,3,0,0,1,1,1,0.9824,0.9839,0.8579,0.8898,1135.0773,343.5624,971.9749,339.3849,1215.0432,455.5722,1160.334,441.3032,163.1558,56.5394,0.3465,0,0,0,0
564,3,0,1,1,1,1,0.9883,0.9857,0.9215,0.911,714.8754,348.0383,587.0492,346.7544,689.4616,395.8052,636.7578,388.3143,127.8326,53.2334,0.4164,1,1,135,1
565,3,0,2,1,0,1,0.9939,0.9415,0.9281,0.5504,213.4091,281.5786,35.4318,276.0324,212.0298,543.9414,1.0711,534.3899,178.0637,211.1748,1.186,0,0,0,0
565,3,0,0,1,1,1,0.9845,0.9826,0.8777,0.8844,1134.9463,343.315,971.8506,341.0574,1218.1208,453.2721,1152.1245,449.0365,163.1113,66.1321,0.4054,0,0,0,0
565,3,0,1,1,1,1,0.9881,0.9858,0.9197,0.9114,714.5708,347.7864,587.2238,346.8473,688.9026,396.6315,636.9876,388.8918,127.3505,52.4887,0.4122,1,1,136,1
566,3,0,2,1,0,1,0.9939,0.9415,0.9281,0.5507,213.4088,281.585,35.397,276.0421,212.0456,543.9587,1.0876,534.3823,178.0981,211.1752,1.1857,0,0,0,0
566,3,0,0,1,1,1,0.9845,0.9826,0.8776,0.8845,1134.869,343.3082,971.8654,341.0906,1218.0975,453.6244,1152.2074,449.0898,163.0187,66.046,0.4051,0,0,0,0
566,3,0,1,1,1,1,0.9881,0.9859,0.9193,0.9117,714.4196,347.49,587.1352,346.5259,688.9304,396.5181,636.9808,388.8391,127.288,52.5141,0.4126,1,1,137,1
567,3,0,2,1,0,1,0.9937,0.9598,0.9284,0.6462,214.0866,282.5453,35.7547,277.6008,216.3178,543.297,0.0,550.607,178.4004,216.4413,1.2132,0,0,0,0
567,3,0,0,1,1,1,0.9846,0.9844,0.8661,0.8856,1135.263,348.6231,972.0619,340.2436,1191.1218,461.4064,1134.6558,451.003,163.416,57.4164,0.3514,0,0,0,0
567,3,0,1,1,1,1,0.9884,0.9856,0.9216,0.9102,714.87,347.4468,587.6188,346.3996,689.008,397.4432,637.0108,389.479,127.2556,52.6035,0.4134,1,1,138,1
568,3,0,2,1,0,1,0.9937,0.9598,0.9283,0.6461,214.0564,282.546,35.7434,277.5829,216.2851,543.3695,0.0,550.6332,178.382,216.407,1.2132,0,0,0,0
568,3,0,0,1,1,1,0.9846,0.9844,0.8665,0.8855,1135.2369,348.5772,972.1197,340.2081,1191.6873,461.4114,1134.6818,451.0344,163.3318,57.9423,0.3548,0,0,0,0
568,3,0,1,1,1,1,0.9884,0.9856,0.9218,0.9104,714.9826,347.4751,587.7003,346.4836,688.9722,397.4276,636.9574,389.5799,127.2861,52.6035,0.4133,1,1,139,1
569,3,0,2,1,0,1,0.9934,0.967,0.9236,0.6854,212.9848,282.6449,36.9922,277.2669,222.2798,546.6,0.2559,554.878,176.0748,222.1782,1.2618,0,0,0,0
569,3,0,0,1,1,1,0.9887,0.9752,0.9067,0.8335,1138.0542,344.465,970.0439,342.211,1027.408,442.8954,1128.6667,444.2863,168.0254,101.2683,0.6027,1,0,0,0
569,3,0,1,1,1,1,0.9883,0.9855,0.9214,0.9102,715.1044,347.3884,586.9948,346.2156,687.9902,399.4164,636.5378,390.9395,128.1149,52.146,0.407,1,1,140,1
570,3,0,2,1,0,1,0.9935,0.9706,0.9262,0.7141,213.0096,283.8128,37.593,276.8513,226.4202,549.0664,3.6677,558.2532,175.5547,222.9418,1.2699,0,0,0,0
570,3,0,0,1,1,1,0.9889,0.979,0.9145,0.843,1138.066,343.5776,966.8008,346.0038,1017.4359,446.0843,1124.019,446.3444,171.2824,106.5835,0.6223,1,0,0,0
570,3,0,1,1,1,1,0.9893,0.9857,0.926,0.9097,715.6211,348.3721,586.2782,345.9053,687.3164,402.5702,637.02,392.2161,129.3664,51.3511,0.3969,1,1,141,1
571,3,0,2,1,0,1,0.9935,0.9706,0.9263,0.7138,212.9947,283.7904,37.6043,276.819,226.3868,548.955,3.6736,558.2728,175.529,222.908,1.2699,0,0,0,0
571,3,0,0,1,1,1,0.9889,0.979,0.9144,0.8432,1138.0555,343.6051,966.8093,346.0057,1017.417,446.0645,1124.0684,446.3598,171.263,106.6518,0.6227,1,0,0,0
571,3,0,1,1,1,1,0.9893,0.9857,0.926,0.9097,715.6145,348.378,586.274,345.9078,687.3212,402.5728,637.0001,392.2189,129.3642,51.3752,0.3971,1,1,142,1
572,3,0,2,1,0,1,0.9925,0.9782,0.9186,0.7799,215.0074,282.8257,39.5449,276.1887,230.0874,550.5371,5.8259,554.7245,175.5879,224.3006,1.2774,0,0,0,0
572,3,0,0,1,1,1,0.9906,0.9767,0.9265,0.8174,1136.3911,339.4672,967.6367,348.3467,1016.1335,442.7025,1084.8105,438.8984,168.9879,68.7823,0.407,1,1,1,0
572,3,0,1,1,1,1,0.9902,0.9852,0.9314,0.9056,715.9588,348.9018,584.5447,345.6316,688.75,409.9678,634.1549,404.5311,131.4548,54.8652,0.4174,1,1,143,1
573,3,0,2,1,0,1,0.9925,0.9782,0.9187,0.7803,214.9943,282.8432,39.5554,276.2049,230.0793,550.5118,5.8185,554.7586,175.5645,224.301,1.2776,0,0,0,0
573,3,0,0,1,1,1,0.9906,0.9766,0.9265,0.8173,1136.3956,339.4804,967.6185,348.3658,1016.1924,442.6558,1084.8281,438.8868,169.0109,68.7391,0.4067,1,1,2,0
573,3,0,1,1,1,1,0.9902,0.9852,0.9314,0.9056,715.9758,348.8939,584.5615,345.6472,688.7259,409.94,634.1408,404.5302,131.4544,54.8524,0.4173,1,1,144,1
574,3,0,2,1,0,1,0.9915,0.982,0.9108,0.8118,218.9411,281.5246,44.4382,274.8672,236.1923,550.979,7.4951,555.0546,174.6299,228.7336,1.3098,0,0,0,0
574,3,0,0,1,1,1,0.9855,0.979,0.9152,0.8531,1138.682,338.9902,965.7499,345.2008,994.5874,444.0392,1101.7131,442.5327,173.0436,107.1363,0.6191,1,0,0,0
574,3,0,1,1,1,1,0.9907,0.9847,0.9352,0.9034,716.1398,349.2893,583.2677,346.0214,691.1828,421.3886,628.505,416.8018,132.9123,62.8455,0.4728,1,1,145,1
575,3,0,2,1,0,1,0.9915,0.982,0.9109,0.8117,218.9074,281.605,44.4226,274.9338,236.2266,551.3601,7.4874,555.067,174.6123,228.7693,1.3102,0,0,0,0
575,3,0,0,1,1,1,0.9855,0.9791,0.9151,0.8534,1138.7136,338.9612,965.7277,345.1843,994.5712,444.056,1101.7737,442.492,173.0979,107.2139,0.6194,1,0,0,0
575,3,0,1,1,1,1,0.9907,0.9847,0.9352,0.9033,716.1714,349.2824,583.2866,346.0245,691.2171,421.4442,628.5016,416.871,132.9248,62.882,0.4731,1,1,146,1
576,3,0,2,1,0,1,0.9898,0.9855,0.8961,0.8445,223.2195,279.6467,48.2404,274.1559,250.0455,549.7008,12.0588,552.6232,175.0652,238.0047,1.3595,0,0,0,0
576,3,0,0,1,1,1,0.9876,0.9779,0.9286,0.8473,1135.187,337.0244,964.9085,344.7061,987.1344,434.875,1062.7373,445.0018,170.4517,76.2781,0.4475,1,1,1,0
576,3,0,1,1,1,1,0.9913,0.9845,0.9387,0.899,717.2576,350.1648,582.3554,346.4178,694.987,440.276,608.7958,442.3234,134.9541,86.2155,0.6389,1,0,0,0
577,3,0,2,1,0,1,0.9898,0.9855,0.8961,0.8446,223.2458,279.7418,48.1821,274.1583,250.1068,549.7969,12.1722,552.5498,175.1527,237.9506,1.3585,0,0,0,0
577,3,0,0,1,1,1,0.9876,0.9778,0.9285,0.8469,1135.1743,337.0801,964.8505,344.7807,986.7928,435.0548,1063.4244,444.9726,170.4978,77.2707,0.4532,1,1,2,0
577,3,0,1,1,1,1,0.9913,0.9844,0.9386,0.8988,717.2018,350.3204,582.3136,346.489,695.0609,440.1562,608.9115,442.249,134.9426,86.1748,0.6386,1,0,0,0
578,3,0,2,1,0,1,0.9884,0.9879,0.8865,0.8684,228.9745,279.7532,53.2861,273.0621,257.6732,543.9031,20.384,548.0928,175.8158,237.3261,1.3499,0,0,0,0
578,3,0,1,1,1,1,0.9906,0.9846,0.9333,0.8982,718.0864,352.6684,581.94,346.6416,703.7612,452.6858,602.2922,459.8597,136.2798,101.7223,0.7464,1,0,0,0
578,3,0,0,1,1,1,0.9893,0.9731,0.9415,0.8224,1131.5575,335.6899,967.6598,345.9366,978.1659,434.7878,1011.8705,452.9684,164.2177,38.2954,0.2332,1,1,3,0
579,3,0,2,1,1,1,0.9857,0.9901,0.8678,0.8894,239.7452,280.9138,65.6969,274.6603,266.0388,542.3751,32.2844,549.2084,174.1606,233.8543,1.3428,0,0,0,0
579,3,0,1,1,1,1,0.9902,0.9857,0.9296,0.9014,718.8458,352.2438,582.4583,346.4204,710.4866,467.1858,590.4628,482.6881,136.5118,121.0208,0.8865,1,0,0,0
579,3,0,0,1,1,1,0.9895,0.9755,0.9444,0.8364,1127.5848,335.2514,971.0002,344.6034,973.3448,436.5467,959.3578,449.4,156.8636,18.9959,0.1211,1,1,4,0
580,3,0,2,1,1,1,0.9857,0.9901,0.8676,0.8893,239.7941,280.9243,65.6784,274.6581,266.036,542.3932,32.2767,549.214,174.2285,233.8588,1.3423,0,0,0,0
580,3,0,1,1,1,1,0.9902,0.9857,0.9295,0.9017,718.8236,352.1788,582.4502,346.4412,710.67,467.2877,590.2646,482.4665,136.4939,121.3584,0.8891,1,0,0,0
580,3,0,0,1,1,1,0.9895,0.9754,0.9444,0.836,1127.5951,335.2555,971.0162,344.6045,973.2854,436.5858,959.6423,449.4588,156.8577,18.7577,0.1196,1,1,5,0
581,3,0,2,1,1,1,0.9837,0.992,0.8516,0.9041,252.9501,279.0866,80.6805,275.6809,282.8469,543.1234,39.9497,556.1901,172.3033,243.2484,1.4117,0,0,0,0
581,3,0,0,1,1,1,0.9892,0.9743,0.9467,0.8405,1126.7716,336.4842,970.5612,345.3588,968.409,437.9288,958.9905,449.9406,156.4623,15.264,0.0976,1,1,6,1
581,3,0,1,1,1,1,0.9904,0.9875,0.9285,0.9078,718.1523,349.5429,582.4893,348.2789,734.8534,488.9361,582.7874,507.2713,135.6689,153.1674,1.129,0,0,0,0
582,3,0,2,1,1,1,0.9837,0.992,0.8513,0.9043,252.9482,279.0811,80.7126,275.6484,282.8528,543.0891,40.0088,556.1887,172.2697,243.197,1.4117,0,0,0,0
582,3,0,0,1,1,1,0.9892,0.9743,0.9468,0.8406,1126.7798,336.4719,970.5776,345.3342,968.4303,437.9066,959.019,449.9206,156.4534,15.2613,0.0975,1,1,7,1
582,3,0,1,1,1,1,0.9904,0.9875,0.9284,0.9079,718.1488,349.5426,582.4833,348.2812,734.8858,488.9397,582.8195,507.3192,135.6713,153.1729,1.129,0,0,0,0
583,3,0,1,1,1,1,0.9893,0.9865,0.9218,0.9014,717.9272,350.0196,582.9676,349.4738,735.0426,499.894,577.4284,514.5772,134.9608,158.2965,1.1729,0,0,0,0
583,3,0,0,1,1,1,0.9893,0.9745,0.9454,0.8346,1126.6609,336.2714,970.7665,345.5585,964.6608,438.291,948.028,447.0782,156.1708,18.8113,0.1205,1,1,8,1
583,3,0,2,1,1,1,0.9835,0.9922,0.8417,0.9154,265.2252,280.3036,95.2216,276.9768,296.004,542.7782,58.9327,557.8127,170.0362,237.5475,1.397,0,0,0,0
584,3,0,1,1,1,1,0.9893,0.9866,0.9217,0.9017,717.8808,350.0151,582.9836,349.4756,734.958,499.9426,577.4405,514.5913,134.8984,158.1973,1.1727,0,0,0,0
584,3,0,0,1,1,1,0.9893,0.9744,0.9454,0.8344,1126.6395,336.2492,970.7713,345.5414,964.7418,438.2697,948.1504,447.1724,156.145,18.829,0.1206,1,1,9,1
584,3,0,2,1,1,1,0.9834,0.9923,0.8415,0.9157,265.2058,280.244,95.2622,276.9836,296.0145,542.4593,58.8575,557.584,169.9749,237.6388,1.3981,0,0,0,0
585,3,0,1,1,1,1,0.9892,0.9902,0.9018,0.9105,717.0914,349.1763,584.2079,350.4152,740.2145,507.1918,574.12,520.5058,132.8893,166.6273,1.2539,0,0,0,0
585,3,0,2,1,1,1,0.9804,0.9931,0.8121,0.9186,282.1849,280.8816,114.6364,278.8078,311.9838,545.6058,72.3789,557.0854,167.5613,239.8798,1.4316,0,0,0,0
585,3,0,0,1,1,1,0.9906,0.9748,0.9461,0.8204,1126.3583,336.8697,970.2671,345.9218,963.4115,437.5344,948.0732,445.024,156.3534,17.0692,0.1092,1,1,10,1
586,3,0,1,1,1,1,0.9892,0.9902,0.9018,0.9106,717.0664,349.167,584.2006,350.4202,740.2519,507.0943,574.1624,520.4698,132.8718,166.6272,1.254,0,0,0,0
586,3,0,2,1,1,1,0.9804,0.9932,0.8115,0.9188,282.1674,280.929,114.6142,278.9743,311.9178,545.6314,72.372,557.1183,167.5646,239.8211,1.4312,0,0,0,0
586,3,0,0,1,1,1,0.9906,0.9748,0.946,0.8203,1126.3704,336.8886,970.2748,345.9155,963.391,437.5436,948.0099,444.9817,156.3564,17.0851,0.1093,1,1,11,1
587,3,0,1,1,1,1,0.9887,0.9881,0.9147,0.9083,715.9316,348.3142,583.5452,350.1849,742.0502,515.5097,568.048,524.9674,132.3996,174.2591,1.3162,0,0,0,0
587,3,0,0,1,1,1,0.991,0.9755,0.9468,0.8186,1125.9956,336.397,970.0789,345.313,961.3732,437.243,944.7894,443.943,156.1714,17.8861,0.1145,0,0,0,0
587,3,0,2,1,1,1,0.9846,0.9941,0.8354,0.9128,296.5844,276.9363,141.2613,281.0596,327.2771,535.0466,96.5433,555.45,155.3779,231.6342,1.4908,0,0,0,0
588,3,0,1,1,1,1,0.9887,0.9881,0.9147,0.9084,715.924,348.3053,583.558,350.1805,742.039,515.507,568.0558,524.9806,132.3794,174.2409,1.3162,0,0,0,0
588,3,0,0,1,1,1,0.991,0.9754,0.9468,0.8186,1125.9998,336.4155,970.0926,345.3372,961.3597,437.26,944.778,443.9656,156.1622,17.8864,0.1145,0,0,0,0
588,3,0,2,1,1,1,0.9846,0.9941,0.8353,0.9127,296.5926,276.957,141.2703,281.0807,327.2788,535.0655,96.5299,555.487,155.377,231.6508,1.4909,0,0,0,0
589,3,0,1,1,1,1,0.9885,0.9885,0.9117,0.9096,716.0416,347.737,583.9636,350.0011,745.7518,520.7595,565.683,526.7804,132.0975,180.1695,1.3639,0,0,0,0
589,3,0,0,1,1,1,0.9912,0.9753,0.9468,0.815,1125.4348,336.2624,970.2059,345.2773,960.7808,437.587,943.4646,443.817,155.4905,18.4029,0.1184,0,0,0,0
589,3,0,2,1,1,1,0.9802,0.994,0.8159,0.9345,319.9111,279.3027,160.5425,282.5104,351.589,534.862,114.6705,559.7373,159.4009,238.2208,1.4945,0,0,0,0
590,3,0,1,1,1,1,0.9884,0.9884,0.9096,0.9076,715.7353,347.2835,584.769,349.8091,746.8504,528.709,563.9514,528.3328,130.9906,182.8995,1.3963,0,0,0,0
590,3,0,0,1,1,1,0.9911,0.9745,0.9466,0.8114,1125.2068,336.5283,969.0912,345.338,961.2689,437.1482,949.3962,445.6858,156.364,14.6237,0.0935,1,1,1,0
590,3,0,2,1,1,1,0.9802,0.9941,0.8145,0.9319,341.647,280.4142,180.1807,281.1937,374.9302,534.699,140.2366,558.968,161.4681,235.945,1.4612,0,0,0,0
591,3,0,1,1,1,1,0.9884,0.9884,0.9096,0.9076,715.7674,347.2618,584.7586,349.812,746.8912,528.653,563.934,528.3482,131.0337,182.9575,1.3963,0,0,0,0
591,3,0,0,1,1,1,0.9911,0.9745,0.9466,0.8114,1125.1938,336.5278,969.0825,345.3348,961.2767,437.148,949.3942,445.664,156.3596,14.6189,0.0935,1,1,2,0
591,3,0,2,1,1,1,0.9801,0.9941,0.8143,0.932,341.6403,280.3157,180.172,281.1714,374.9503,534.6158,140.2962,558.8363,161.4705,235.9008,1.461,0,0,0,0
592,3,0,1,1,1,1,0.9886,0.9893,0.9107,0.9138,715.3271,347.2441,585.87,349.5492,749.6853,527.5292,562.9722,530.9426,129.4777,186.7443,1.4423,0,0,0,0
592,3,0,0,1,1,1,0.9899,0.9731,0.9474,0.8249,1124.5891,335.2992,969.2677,344.2529,962.829,438.3963,949.8459,447.4219,155.5793,15.8121,0.1016,1,1,3,0
592,3,0,2,1,1,1,0.9872,0.9941,0.8434,0.9065,357.6062,278.2772,197.9489,278.7746,392.3614,539.4081,178.9255,555.9745,159.658,214.0778,1.3409,0,0,0,0
593,3,0,1,1,1,1,0.9886,0.9893,0.9107,0.9138,715.3214,347.2422,585.8672,349.5593,749.699,527.516,562.9898,530.9424,129.4749,186.7406,1.4423,0,0,0,0
593,3,0,0,1,1,1,0.9899,0.9731,0.9474,0.8249,1124.5823,335.3035,969.2701,344.2538,962.8583,438.4018,949.858,447.427,155.5699,15.8261,0.1017,1,1,4,0
593,3,0,2,1,1,1,0.9872,0.9941,0.8434,0.9065,357.6056,278.263,197.94,278.7568,392.3866,539.406,178.8903,555.9702,159.6665,214.138,1.3412,0,0,0,0
594,3,0,1,1,1,1,0.988,0.9899,0.9055,0.9171,715.5135,347.9241,586.2846,349.6954,750.7549,529.7528,563.6074,535.6086,129.2411,187.2391,1.4488,0,0,0,0
594,3,0,0,1,1,1,0.9901,0.9726,0.9479,0.8194,1125.4535,334.5642,969.712,344.0592,962.947,440.0805,946.3423,447.7973,156.0306,18.3102,0.1174,1,1,5,0
594,3,0,2,1,1,1,0.9875,0.9947,0.8404,0.9097,365.561,280.5199,208.475,280.2444,417.7311,536.9746,204.2026,553.552,157.0863,214.171,1.3634,0,0,0,0
595,3,0,1,1,1,1,0.988,0.9899,0.9055,0.9172,715.4954,347.8916,586.2928,349.7266,750.8006,529.7068,563.6147,535.6403,129.2156,187.28,1.4494,0,0,0,0
595,3,0,0,1,1,1,0.9901,0.9726,0.9479,0.8193,1125.4597,334.5528,969.705,344.0687,962.9522,440.0725,946.4459,447.8427,156.0451,18.2438,0.1169,1,1,6,1
595,3,0,2,1,1,1,0.9875,0.9947,0.8405,0.9099,365.594,280.5299,208.4596,280.2643,417.8206,536.8594,204.3012,553.3633,157.1347,214.1564,1.3629,0,0,0,0
596,3,0,1,1,1,1,0.988,0.9894,0.9068,0.914,715.4793,347.5477,586.8607,349.3244,750.4781,530.9555,562.1625,535.1846,128.6309,188.3631,1.4644,0,0,0,0
596,3,0,0,1,1,1,0.9902,0.9725,0.948,0.8184,1123.9152,334.452,969.685,343.2996,962.8237,441.1996,945.6798,449.3594,154.4837,18.9867,0.1229,0,0,0,0
596,3,0,2,1,1,1,0.9879,0.9944,0.8237,0.9137,375.5441,279.5101,216.9084,277.848,442.5215,535.6465,227.6794,546.9194,158.6444,215.1377,1.3561,0,0,0,0
597,3,0,1,1,1,1,0.989,0.9915,0.8913,0.914,715.4139,348.8847,587.5374,350.0759,749.5534,530.3212,563.1325,534.9208,127.882,186.4777,1.4582,0,0,0,0
597,3,0,0,1,1,1,0.9902,0.9725,0.9481,0.8187,1123.7811,334.6105,969.5945,343.4044,962.8252,441.1819,945.4791,449.2622,154.4372,19.1358,0.1239,0,0,0,0
597,3,0,2,1,1,1,0.9878,0.9944,0.8229,0.9137,375.4781,279.4465,217.0064,277.833,442.3758,535.1672,227.7967,547.132,158.4799,214.9124,1.3561,0,0,0,0
598,3,0,2,1,1,1,0.99,0.9938,0.8624,0.9003,387.2562,279.1911,226.8785,277.686,463.025,532.7768,246.0655,544.9352,160.3847,217.2999,1.3549,0,0,0,0
598,3,0,1,1,1,1,0.9892,0.9915,0.892,0.9131,715.9223,349.439,587.6598,351.04,748.9431,532.9388,564.0801,537.7273,128.2725,184.925,1.4417,0,0,0,0
598,3,0,0,1,1,1,0.9903,0.9724,0.9492,0.8206,1122.7369,334.3765,969.3954,344.2424,963.8136,441.198,942.9384,449.0078,153.6586,22.2883,0.1451,0,0,0,0
599,3,0,1,1,1,1,0.9893,0.9917,0.8917,0.9133,716.2166,350.0878,588.0728,351.6095,748.713,533.2514,563.8062,540.2694,128.153,185.04,1.4439,0,0,0,0
599,3,0,2,1,1,1,0.9903,0.9938,0.8677,0.9013,392.8646,280.2649,235.2524,277.3758,468.3836,532.3651,253.7652,544.12,157.6387,214.94,1.3635,0,0,0,0
599,3,0,0,1,1,1,0.9904,0.9729,0.9491,0.822,1122.9247,334.3169,968.9945,344.4827,964.996,441.9566,944.2488,450.0609,154.2655,22.2739,0.1444,0,0,0,0
600,3,0,1,1,1,1,0.9893,0.9917,0.8918,0.9133,716.2482,350.0726,588.0634,351.5785,748.719,533.228,563.8153,540.2734,128.1937,185.0379,1.4434,0,0,0,0
600,3,0,2,1,1,1,0.9903,0.9938,0.8675,0.9013,392.9176,280.2986,235.246,277.4003,468.4386,532.49,253.775,544.1054,157.6983,214.9777,1.3632,0,0,0,0
600,3,0,0,1,1,1,0.9904,0.973,0.949,0.8221,1122.979,334.3087,969.0253,344.4812,964.9662,441.9328,944.3971,450.0072,154.2894,22.0971,0.1432,0,0,0,0
601,3,0,2,1,1,1,0.9872,0.9916,0.8699,0.9079,399.5981,282.057,239.2317,279.1814,476.7856,528.8094,261.9315,551.4184,160.3922,216.0404,1.347,0,0,0,0
601,3,0,1,1,1,1,0.9897,0.9915,0.8952,0.9115,717.0656,350.2272,588.9666,351.0167,748.1808,534.4997,563.5588,539.486,128.1014,184.6893,1.4417,0,0,0,0
601,3,0,0,1,1,1,0.9903,0.9731,0.9485,0.8228,1122.8158,334.388,967.9465,345.529,964.7242,441.9398,948.8021,451.2356,155.2695,18.437,0.1187,1,1,1,0
602,3,0,2,1,1,1,0.9872,0.9916,0.8699,0.9079,399.5679,282.0454,239.244,279.1732,476.7611,528.7838,261.9199,551.4257,160.3496,216.031,1.3472,0,0,0,0
602,3,0,1,1,1,1,0.9897,0.9915,0.8952,0.9115,717.053,350.2076,588.9582,351.0419,748.2166,534.459,563.5606,539.4722,128.0976,184.7239,1.4421,0,0,0,0
602,3,0,0,1,1,1,0.9903,0.9732,0.9484,0.823,1122.8579,334.3764,967.9498,345.5508,964.6791,441.921,948.6501,451.1704,155.3107,18.5062,0.1192,1,1,2,0
603,3,0,2,1,1,1,0.9883,0.9907,0.8776,0.8955,403.1242,281.4873,244.964,277.4641,477.0345,529.2904,270.9955,548.0879,158.2113,206.8947,1.3077,0,0,0,0
603,3,0,1,1,1,1,0.9896,0.9914,0.8937,0.9097,717.5946,350.6143,589.4904,351.396,748.4776,534.341,564.0312,540.7657,128.1065,184.5582,1.4407,0,0,0,0
603,3,0,0,1,1,1,0.99,0.9734,0.9473,0.8257,1121.9052,334.3407,967.6081,345.692,964.8119,441.7566,950.7812,451.4942,154.714,17.0787,0.1104,1,1,3,0
604,3,0,2,1,1,1,0.9883,0.9907,0.8776,0.8956,403.1236,281.4789,244.9459,277.4674,477.0647,529.2824,271.0014,548.0924,158.2285,206.92,1.3077,0,0,0,0
604,3,0,1,1,1,1,0.9896,0.9914,0.8937,0.9096,717.6079,350.6202,589.4876,351.3851,748.5178,534.3748,563.9928,540.7508,128.1225,184.6351,1.4411,0,0,0,0
604,3,0,0,1,1,1,0.99,0.9734,0.9473,0.8258,1121.9243,334.3445,967.611,345.6912,964.8168,441.756,950.6875,451.4704,154.7299,17.1466,0.1108,1,1,4,0
605,3,0,1,1,1,1,0.9892,0.9915,0.8894,0.9101,717.6618,350.9664,589.7532,351.7304,749.014,534.0006,564.5088,542.0646,127.9109,184.6815,1.4438,0,0,0,0
605,3,0,2,1,1,1,0.9884,0.9907,0.8735,0.8901,406.0059,281.991,249.1292,277.4435,471.6155,533.6065,277.9438,542.7994,156.9426,193.8897,1.2354,0,0,0,0
605,3,0,0,1,1,1,0.9901,0.9724,0.9477,0.8216,1122.5825,334.5706,965.111,345.9446,964.9844,444.2552,970.8351,456.6636,157.8817,13.7185,0.0869,1,1,5,0
606,3,0,2,1,1,1,0.9901,0.9937,0.8577,0.8877,407.9278,280.5902,254.5554,276.9817,458.094,526.1556,286.8142,541.5114,153.4149,171.9669,1.1209,0,0,0,0
606,3,0,1,1,1,1,0.9892,0.9914,0.8896,0.9095,717.9322,351.4182,589.5719,352.5036,748.9354,535.1968,565.1709,541.5046,128.3649,183.8728,1.4324,0,0,0,0
606,3,0,0,1,1,1,0.9899,0.9738,0.9435,0.8253,1125.0253,337.1135,961.7389,347.919,968.9349,453.3581,996.1678,463.463,163.6435,29.0472,0.1775,1,1,6,1
607,3,0,2,1,1,1,0.9901,0.9937,0.8578,0.8876,407.9263,280.6011,254.5482,277.0084,458.1068,526.2755,286.7886,541.5489,153.4202,171.9977,1.1211,0,0,0,0
607,3,0,1,1,1,1,0.9892,0.9914,0.8896,0.9094,717.9432,351.4224,589.5521,352.5202,748.9469,535.216,565.1875,541.5136,128.3958,183.8673,1.432,0,0,0,0
607,3,0,0,1,1,1,0.9899,0.9737,0.9436,0.8253,1125.0247,337.1484,961.7676,347.9506,968.9596,453.3537,996.0917,463.465,163.6141,28.955,0.177,1,1,7,1
608,3,0,2,1,1,1,0.989,0.9938,0.8451,0.8897,408.3939,279.7765,257.0928,277.9298,451.5651,525.9182,291.4139,541.2092,151.3124,160.8795,1.0632,0,0,0,0
608,3,0,1,1,1,1,0.989,0.9914,0.8882,0.9092,718.322,350.7153,590.2931,351.9198,748.5122,534.8696,564.2083,541.4854,128.0345,184.4227,1.4404,0,0,0,0
608,3,0,0,1,1,1,0.9897,0.9758,0.938,0.8326,1127.5757,339.5728,957.644,349.9453,970.7349,466.8666,1034.9945,469.5972,170.248,64.3176,0.3778,1,1,8,1
609,3,0,2,1,1,1,0.989,0.9938,0.8449,0.8898,408.3975,279.7753,257.096,277.9146,451.5527,525.9036,291.4121,541.2224,151.3129,160.8716,1.0632,0,0,0,0
609,3,0,1,1,1,1,0.989,0.9914,0.8883,0.9091,718.322,350.7296,590.2936,351.9297,748.5096,534.8756,564.2015,541.4768,128.034,184.4263,1.4404,0,0,0,0
609,3,0,0,1,1,1,0.9897,0.9758,0.938,0.8325,1127.5801,339.5829,957.6396,349.9364,970.7252,466.8698,1034.9722,469.6054,170.2556,64.3052,0.3777,1,1,9,1
610,3,0,1,1,1,1,0.9885,0.9894,0.9065,0.9098,718.2304,349.5169,590.1417,350.653,749.3173,535.3078,563.1085,540.9612,128.0937,186.2946,1.4544,0,0,0,0
610,3,0,2,1,1,1,0.9801,0.9936,0.8083,0.9238,407.4804,278.9602,256.0282,280.0862,438.5786,532.324,293.9691,546.362,151.4563,145.2892,0.9593,0,0,0,0
610,3,0,0,1,1,1,0.9911,0.9763,0.9372,0.805,1128.4083,339.7374,961.8876,352.0203,974.5263,478.7992,973.1914,471.139,166.9731,7.7755,0.0466,1,1,10,1
611,3,0,1,1,1,1,0.9885,0.9894,0.9066,0.9097,718.2738,349.5188,590.1477,350.6468,749.073,535.4234,563.1442,540.8976,128.131,186.0093,1.4517,0,0,0,0
611,3,0,2,1,1,1,0.9802,0.9936,0.8087,0.9237,407.489,278.9842,255.9978,280.0897,438.7028,532.2864,293.9827,546.4842,151.4952,145.4148,0.9599,0,0,0,0
611,3,0,0,1,1,1,0.9911,0.9762,0.9373,0.8048,1128.4453,339.7538,961.9324,352.15,974.514,478.6698,973.3347,470.6629,166.9737,8.0933,0.0485,1,1,11,1
612,3,0,1,1,1,1,0.9892,0.9915,0.889,0.91,718.4076,350.7234,590.5874,351.4905,747.5054,535.8396,564.2296,540.616,127.8225,183.3381,1.4343,0,0,0,0
612,3,0,0,1,1,1,0.9899,0.9835,0.9181,0.8327,1128.3585,344.9439,962.6876,348.6917,1017.8167,524.3048,928.8267,551.3002,165.7133,92.9945,0.5612,0,0,0,0
612,3,0,2,1,1,1,0.9816,0.9925,0.8379,0.92,406.123,276.9068,257.9022,280.6373,430.6448,529.7479,296.4177,554.0374,148.2677,136.4071,0.92,0,0,0,0
613,3,0,1,1,1,1,0.9892,0.9915,0.8892,0.9099,718.3462,350.68,590.587,351.4119,747.5184,535.8144,564.1231,540.2083,127.7613,183.4479,1.4359,0,0,0,0
613,3,0,0,1,1,1,0.9899,0.9835,0.9186,0.8332,1128.3313,344.8103,962.6785,348.6822,1018.3571,523.9995,928.707,550.8521,165.698,93.5853,0.5648,0,0,0,0
613,3,0,2,1,1,1,0.9816,0.9925,0.838,0.92,406.1145,276.8993,257.8856,280.6223,430.6762,529.6778,296.4191,554.0268,148.2756,136.4472,0.9202,0,0,0,0
614,3,0,1,1,1,1,0.9891,0.9917,0.8894,0.9134,717.9306,350.7968,590.748,351.4266,748.8952,533.8386,563.9588,540.5578,127.1841,185.0583,1.455,0,0,0,0
614,3,0,0,1,1,1,0.9912,0.9742,0.9271,0.7753,1128.58,348.7558,963.2543,349.3911,1063.0646,554.9438,921.21,618.9748,165.3269,155.6364,0.9414,0,0,0,0
614,3,0,2,1,1,1,0.9802,0.9927,0.8375,0.9276,403.9847,276.866,257.8612,280.3246,428.9284,532.7315,296.7342,557.195,146.1644,134.4388,0.9198,0,0,0,0
615,3,0,1,1,1,1,0.9895,0.9921,0.8925,0.9166,717.989,350.7225,590.8224,351.5249,751.0373,531.4426,564.0834,540.0398,127.1692,187.1514,1.4717,0,0,0,0
615,3,0,0,1,1,1,0.9918,0.9715,0.9287,0.7565,1127.381,348.0018,961.6305,350.0346,1097.4535,583.0588,921.4636,620.801,165.763,179.9915,1.0858,0,0,0,0
615,3,0,2,1,1,1,0.9789,0.9926,0.8318,0.9286,400.2789,276.807,256.8922,280.458,430.599,535.357,295.1229,560.6236,143.4332,137.8122,0.9608,0,0,0,0
616,3,0,1,1,1,1,0.9895,0.9921,0.8927,0.9165,718.0138,350.7302,590.8544,351.5015,751.0302,531.4289,564.0974,540.0298,127.1617,187.1307,1.4716,0,0,0,0
616,3,0,0,1,1,1,0.9918,0.9715,0.9287,0.7567,1127.3988,348.0148,961.6503,350.0486,1097.4504,583.0509,921.4581,620.7414,165.761,179.9829,1.0858,0,0,0,0
616,3,0,2,1,1,1,0.9789,0.9926,0.8318,0.9286,400.2753,276.819,256.8868,280.4503,430.576,535.2516,295.1062,560.6472,143.4345,137.8296,0.9609,0,0,0,0
617,3,0,1,1,1,1,0.9891,0.992,0.8896,0.9155,718.259,350.584,591.1278,351.2728,750.3464,530.8124,565.1608,541.3348,127.1331,185.4844,1.459,0,0,0,0
617,3,0,0,1,1,1,0.9898,0.9792,0.901,0.8004,1128.029,347.1647,959.4926,349.7488,1136.3555,604.5584,921.595,602.284,168.5563,214.7725,1.2742,0,0,0,0
617,3,0,2,1,1,1,0.9785,0.9924,0.828,0.9271,396.3842,277.8071,251.9008,282.1256,432.7556,532.8631,294.662,561.8164,144.548,141.0962,0.9761,0,0,0,0
618,3,0,1,1,1,1,0.9891,0.992,0.8895,0.9155,718.2624,350.5594,591.1097,351.2732,750.3477,530.7921,565.146,541.3438,127.1547,185.5021,1.4589,0,0,0,0
618,3,0,0,1,1,1,0.9898,0.9792,0.901,0.8005,1128.0345,347.1621,959.4825,349.7378,1136.3524,604.5412,921.5863,602.287,168.5717,214.7779,1.2741,0,0,0,0
618,3,0,2,1,1,1,0.9785,0.9924,0.8279,0.9271,396.3763,277.8256,251.8972,282.1144,432.7304,532.9516,294.6966,561.7981,144.5427,141.0158,0.9756,0,0,0,0
619,3,0,0,1,1,1,0.99,0.982,0.8897,0.8061,1128.8516,348.7174,957.4978,351.2118,1153.036,623.145,919.4259,610.368,171.3719,233.9593,1.3652,0,0,0,0
619,3,0,2,1,1,1,0.9784,0.993,0.822,0.931,389.4592,278.576,246.3002,281.2783,433.5738,526.1306,291.0925,562.9058,143.1846,147.1508,1.0277,0,0,0,0
619,3,0,1,1,1,1,0.9893,0.9923,0.8911,0.9182,718.1023,350.044,591.5774,351.2644,752.1888,530.3652,564.8029,541.3588,126.5308,187.7081,1.4835,0,0,0,0
620,3,0,0,1,1,1,0.99,0.982,0.8894,0.8063,1128.8564,348.7438,957.5171,351.1799,1153.0415,623.1318,919.4119,610.3,171.3567,233.9817,1.3655,0,0,0,0
620,3,0,2,1,1,1,0.9784,0.993,0.8222,0.9309,389.4248,278.6191,246.3073,281.288,433.596,526.1378,291.1164,562.9126,143.1424,147.1491,1.028,0,0,0,0
620,3,0,1,1,1,1,0.9893,0.9923,0.891,0.9182,718.1251,350.0474,591.5672,351.2634,752.2016,530.3256,564.834,541.4024,126.5637,187.6946,1.483,0,0,0,0
621,3,0,2,1,1,1,0.98,0.9921,0.8295,0.9215,381.0191,279.3641,237.9622,279.0293,436.392,531.34,282.1202,568.2744,143.0573,158.6314,1.1089,0,0,0,0
621,3,0,0,1,1,1,0.9894,0.9846,0.8742,0.8177,1129.6006,349.108,954.1018,352.4902,1169.6155,631.3876,917.6817,618.4204,175.5314,252.2673,1.4372,0,0,0,0
621,3,0,1,1,1,1,0.9886,0.9921,0.8859,0.9169,718.3762,350.3041,591.5135,351.1171,752.1762,530.2674,565.1831,540.7325,126.8653,187.2857,1.4763,0,0,0,0
622,3,0,2,1,1,1,0.98,0.9921,0.8294,0.9214,380.9951,279.3752,237.9352,279.0084,436.3339,531.2835,282.1483,568.2602,143.0604,158.5575,1.1083,0,0,0,0
622,3,0,0,1,1,1,0.9894,0.9846,0.8742,0.8177,1129.5952,349.116,954.1122,352.4977,1169.6183,631.3773,917.6726,618.4479,175.5156,252.2772,1.4373,0,0,0,0
622,3,0,1,1,1,1,0.9886,0.9921,0.8858,0.9169,718.374,350.3074,591.5096,351.126,752.1708,530.243,565.1735,540.7425,126.8671,187.2918,1.4763,0,0,0,0
623,3,0,2,1,1,1,0.9811,0.9928,0.8235,0.92,375.3546,276.3799,226.5006,277.0486,434.7729,529.6166,273.9605,577.0076,148.8556,167.65,1.1263,0,0,0,0
623,3,0,0,1,1,1,0.9899,0.9844,0.8778,0.8103,1129.1167,348.768,952.373,352.7772,1181.8165,629.4519,915.1339,624.525,176.7892,266.7281,1.5087,0,0,0,0
623,3,0,1,1,1,1,0.9888,0.9922,0.8865,0.9171,718.4297,350.5221,591.6854,350.9948,751.4654,530.958,564.3844,541.2152,126.7451,187.362,1.4783,0,0,0,0
624,3,0,2,1,1,1,0.9811,0.9927,0.8236,0.92,375.3103,276.3702,226.4924,277.0521,434.7736,529.5683,273.924,576.9423,148.8194,167.6809,1.1267,0,0,0,0
624,3,0,0,1,1,1,0.9899,0.9843,0.8782,0.8099,1129.1357,348.8,952.3954,352.8184,1181.8121,629.4717,915.1514,624.5188,176.786,266.7068,1.5086,0,0,0,0
624,3,0,1,1,1,1,0.9888,0.9922,0.8867,0.9169,718.4732,350.5567,591.7022,351.0559,751.4385,530.999,564.3932,541.2275,126.7719,187.3248,1.4777,0,0,0,0
625,3,0,2,1,1,1,0.9847,0.9918,0.8512,0.9117,366.8682,273.8188,214.9596,272.1494,431.503,527.8016,255.0962,569.1646,151.9178,181.1912,1.1927,0,0,0,0
625,3,0,0,1,1,1,0.9904,0.9846,0.8796,0.8057,1129.3258,347.6858,951.2009,353.4312,1189.0371,625.8714,911.9576,627.026,178.2175,277.0819,1.5547,0,0,0,0
625,3,0,1,1,1,1,0.9886,0.992,0.8855,0.916,717.6546,350.2481,591.1126,351.2298,752.6719,529.653,564.3946,541.0453,126.5459,188.6216,1.4905,0,0,0,0
626,3,0,2,1,1,1,0.9847,0.9918,0.8513,0.9117,366.8815,273.8163,214.9648,272.17,431.5036,527.7938,255.1286,569.2018,151.9256,181.1706,1.1925,0,0,0,0
626,3,0,0,1,1,1,0.9904,0.9846,0.8795,0.8056,1129.3029,347.6748,951.1754,353.4298,1189.0461,625.8712,911.9595,627.0131,178.2204,277.089,1.5548,0,0,0,0
626,3,0,1,1,1,1,0.9886,0.992,0.8855,0.916,717.6521,350.2433,591.1072,351.2115,752.6154,529.7279,564.4066,541.0262,126.5486,188.5476,1.4899,0,0,0,0
627,3,0,0,1,1,1,0.9901,0.9848,0.8773,0.8122,1128.8595,346.952,950.8856,352.629,1188.5654,625.0866,909.5814,624.0611,178.0644,278.986,1.5668,0,0,0,0
627,3,0,2,1,1,1,0.9851,0.9909,0.857,0.9074,359.6974,274.566,199.9418,271.223,428.2488,532.2234,234.2662,573.5902,159.7906,198.3443,1.2413,0,0,0,0
627,3,0,1,1,1,1,0.9888,0.9917,0.8879,0.9133,717.481,349.9943,590.8009,351.2459,752.9034,529.5344,563.7768,541.8146,126.6862,189.5249,1.496,0,0,0,0
628,3,0,0,1,1,1,0.9895,0.9857,0.8693,0.8209,1127.6677,346.7101,950.2462,352.1443,1181.9357,626.5966,907.6776,623.1194,177.5048,274.2801,1.5452,0,0,0,0
628,3,0,1,1,1,1,0.9888,0.9919,0.8881,0.9152,717.2177,350.2672,590.5818,351.5571,751.7086,530.114,563.4744,542.1186,126.6426,188.6166,1.4894,0,0,0,0
628,3,0,2,1,1,1,0.9877,0.9918,0.8531,0.8857,352.1867,273.2758,189.5779,267.4859,424.5188,536.2966,204.0825,566.9618,162.7118,222.5591,1.3678,0,0,0,0
629,3,0,0,1,1,1,0.9895,0.9857,0.8693,0.8208,1127.675,346.713,950.2344,352.1517,1181.9462,626.6088,907.7126,623.1034,177.5239,274.256,1.5449,0,0,0,0
629,3,0,1,1,1,1,0.9888,0.9919,0.8881,0.9152,717.2132,350.2632,590.5868,351.5541,751.7202,530.1152,563.4882,542.112,126.633,188.614,1.4895,0,0,0,0
629,3,0,2,1,1,1,0.9877,0.9918,0.853,0.8856,352.1975,273.2807,189.5642,267.4941,424.5332,536.2859,204.076,566.969,162.7362,222.5822,1.3677,0,0,0,0
630,3,0,0,1,1,1,0.9889,0.9868,0.8571,0.827,1126.9929,347.1084,949.415,352.1633,1173.4302,632.0916,905.0955,622.4428,177.6498,268.5081,1.5114,0,0,0,0
630,3,0,1,1,1,1,0.989,0.9918,0.8902,0.9146,717.1804,350.4816,590.2224,351.5434,751.5842,529.7078,563.268,541.9612,126.9624,188.7145,1.4864,0,0,0,0
630,3,0,2,1,1,1,0.9895,0.9928,0.8396,0.8928,344.3832,275.7913,178.854,267.0098,411.7598,545.2644,184.334,570.2646,165.7619,228.7957,1.3803,0,0,0,0
631,3,0,0,1,1,1,0.9889,0.9868,0.857,0.8273,1126.9471,347.1019,949.4259,352.1561,1173.4175,632.0256,905.1282,622.4337,177.5932,268.4607,1.5117,0,0,0,0
631,3,0,1,1,1,1,0.989,0.9918,0.8904,0.9144,717.1868,350.4813,590.216,351.5498,751.5808,529.7038,563.2952,541.903,126.9753,188.6804,1.486,0,0,0,0
631,3,0,2,1,1,1,0.9895,0.9928,0.8397,0.8926,344.4082,275.8073,178.8869,267.0388,411.7529,545.2705,184.3094,570.3794,165.7534,228.8252,1.3805,0,0,0,0
632,3,0,0,1,1,1,0.9888,0.9868,0.8566,0.8273,1125.4723,346.2193,947.294,352.4065,1165.8413,627.7686,903.1594,620.9908,178.2857,262.7694,1.4739,0,0,0,0
632,3,0,1,1,1,1,0.9894,0.9915,0.8953,0.913,716.6219,349.7672,590.1399,351.6531,750.002,529.113,562.9706,541.6468,126.4961,187.4509,1.4819,0,0,0,0
632,3,0,2,1,1,1,0.9904,0.9935,0.8533,0.8691,341.1942,271.5502,171.7445,265.2845,400.054,550.8452,143.4147,583.1709,169.5655,258.6671,1.5255,0,0,0,0
633,3,0,0,1,1,1,0.9888,0.9868,0.8567,0.8275,1125.4485,346.2142,947.3159,352.3714,1165.8383,627.8291,903.1628,620.9782,178.239,262.7647,1.4742,0,0,0,0
633,3,0,1,1,1,1,0.9894,0.9915,0.8954,0.9132,716.6098,349.7449,590.1572,351.6359,750.0207,528.983,563.0024,541.6302,126.4668,187.4455,1.4822,0,0,0,0
633,3,0,2,1,1,1,0.9904,0.9935,0.8532,0.8692,341.1769,271.5531,171.7344,265.2945,400.0638,550.8957,143.4446,583.3357,169.5581,258.6615,1.5255,0,0,0,0
634,3,0,0,1,1,1,0.9887,0.9861,0.86,0.8234,1123.8191,344.8568,945.2792,352.5239,1156.8027,623.3408,902.317,622.8014,178.7045,254.4864,1.4241,0,0,0,0
634,3,0,1,1,1,1,0.9892,0.9911,0.8934,0.9099,716.1742,349.953,590.0156,351.5224,749.0796,529.0546,562.0265,540.5566,126.1683,187.4065,1.4854,0,0,0,0
634,3,0,2,1,1,1,0.9834,0.9939,0.8117,0.9095,337.3994,272.7262,162.3909,264.8918,389.0263,546.4834,115.9324,590.685,175.1838,276.6479,1.5792,0,0,0,0
635,3,0,0,1,1,1,0.9924,0.9901,0.8494,0.7876,1118.9204,343.3967,943.8134,349.5693,1145.8848,623.9425,908.3811,622.9144,175.2158,237.5059,1.3555,0,0,0,0
635,3,0,1,1,1,1,0.9887,0.9915,0.8878,0.9127,715.0408,349.3102,589.5299,350.9564,749.5618,527.9198,561.7965,541.0021,125.5217,188.2205,1.4995,0,0,0,0
635,3,0,2,1,1,1,0.9835,0.9938,0.8124,0.9091,336.0795,272.5624,157.3857,267.7391,372.5396,549.9527,98.7206,589.13,178.7588,276.6075,1.5474,0,0,0,0
636,3,0,0,1,1,1,0.9924,0.9901,0.8493,0.7878,1118.9038,343.3757,943.8306,349.5557,1145.9004,623.924,908.3807,622.9382,175.1823,237.5218,1.3559,0,0,0,0
636,3,0,1,1,1,1,0.9886,0.9915,0.8874,0.9128,715.0599,349.3234,589.5354,350.9244,749.6872,527.925,561.7904,541.0264,125.5347,188.3529,1.5004,0,0,0,0
636,3,0,2,1,1,1,0.9835,0.9938,0.8126,0.9089,336.0647,272.5726,157.3451,267.7649,372.4104,550.0376,98.6391,589.5234,178.7842,276.6042,1.5471,0,0,0,0
637,3,0,0,1,1,1,0.9932,0.9893,0.859,0.7634,1116.3547,343.5276,939.524,351.3674,1138.2692,625.1588,908.8575,627.8767,177.0045,229.4278,1.2962,0,0,0,0
637,3,0,1,1,1,1,0.9883,0.9899,0.9069,0.9153,715.0857,347.9314,588.5808,351.0864,748.9534,528.8814,561.6684,540.9984,126.5442,187.6765,1.4831,0,0,0,0
637,3,0,2,1,1,1,0.9881,0.9945,0.8126,0.8802,332.8026,271.2152,153.7325,265.1453,362.1592,559.0388,80.3577,586.1186,179.1729,283.0996,1.58,0,0,0,0
638,3,0,0,1,1,1,0.9932,0.9893,0.859,0.7635,1116.3691,343.5384,939.5414,351.3401,1138.2255,625.1778,908.8676,627.8208,176.9998,229.3731,1.2959,0,0,0,0
638,3,0,1,1,1,1,0.9883,0.9899,0.907,0.9153,715.1253,347.9647,588.5864,351.0636,748.9302,528.8836,561.6576,540.9692,126.5768,187.6622,1.4826,0,0,0,0
638,3,0,2,1,1,1,0.9881,0.9945,0.8129,0.8801,332.8118,271.157,153.8484,265.1084,362.2076,559.0591,80.3111,586.154,179.0655,283.1956,1.5815,0,0,0,0
639,3,0,0,1,1,1,0.9931,0.9894,0.8571,0.7683,1112.6713,344.194,936.1677,352.7495,1133.5629,625.3958,909.616,630.5796,176.7108,224.0068,1.2676,0,0,0,0
639,3,0,2,1,1,1,0.9862,0.994,0.8221,0.9059,331.7624,273.2641,144.76,267.7554,361.3746,559.942,74.6672,585.6746,187.0835,287.8599,1.5387,0,0,0,0
639,3,0,1,1,1,1,0.9881,0.9897,0.9052,0.9142,714.7589,348.4456,587.943,351.0047,748.0388,529.5326,560.6734,541.3229,126.8418,187.7361,1.4801,0,0,0,0
640,3,0,0,1,1,1,0.9931,0.9894,0.857,0.7684,1112.6282,344.1787,936.1859,352.7284,1133.5182,625.3666,909.6012,630.5257,176.6493,223.9764,1.2679,0,0,0,0
640,3,0,2,1,1,1,0.9863,0.994,0.8223,0.9059,331.7652,273.3406,144.8269,267.7125,361.3693,559.9625,74.6495,585.6139,187.023,287.8649,1.5392,0,0,0,0
640,3,0,1,1,1,1,0.9881,0.9897,0.9053,0.9141,714.787,348.4826,587.9362,351.0244,748.0651,529.5352,560.6668,541.3322,126.8762,187.7693,1.4799,0,0,0,0
641,3,0,2,1,1,1,0.9878,0.994,0.834,0.903,330.0889,272.298,141.4155,266.6242,363.8312,560.5018,72.7753,582.8766,188.7586,291.9146,1.5465,0,0,0,0
641,3,0,0,1,1,1,0.9932,0.9898,0.8622,0.7833,1106.3389,345.3234,931.3132,353.2079,1132.1632,623.134,908.0472,629.5926,175.2031,224.209,1.2797,0,0,0,0
641,3,0,1,1,1,1,0.9883,0.9892,0.9074,0.9114,713.4096,348.5736,586.4746,351.1202,747.2606,529.6193,561.4274,542.7198,126.9604,186.2944,1.4673,0,0,0,0
642,3,0,2,1,1,1,0.9893,0.9945,0.8212,0.8788,331.1731,269.9581,141.4758,264.4943,366.4964,564.1938,77.3382,583.4472,189.776,289.7984,1.5271,0,0,0,0
642,3,0,0,1,1,1,0.9936,0.9894,0.8678,0.7763,1100.5049,344.7972,927.2496,353.9532,1133.8121,624.6792,905.545,632.7293,173.4971,228.4091,1.3165,0,0,0,0
642,3,0,1,1,1,1,0.9885,0.9893,0.9085,0.9122,712.0194,348.7768,585.352,351.5396,747.7748,529.466,561.3691,542.4303,126.6975,186.856,1.4748,0,0,0,0
643,3,0,2,1,1,1,0.9893,0.9945,0.8209,0.8787,331.1857,269.9788,141.488,264.492,366.5065,564.24,77.3258,583.29,189.777,289.8075,1.5271,0,0,0,0
643,3,0,0,1,1,1,0.9936,0.9893,0.8679,0.776,1100.5131,344.8049,927.2515,353.9488,1133.7577,624.7708,905.5955,632.672,173.5027,228.299,1.3158,0,0,0,0
643,3,0,1,1,1,1,0.9885,0.9893,0.9086,0.9122,712.0456,348.7214,585.397,351.5174,747.8162,529.4304,561.3536,542.4199,126.6794,186.9145,1.4755,0,0,0,0
644,3,0,2,1,1,1,0.9903,0.994,0.8375,0.8714,332.7454,271.0214,138.3742,265.2455,372.1541,565.446,84.064,584.735,194.4569,288.7351,1.4848,0,0,0,0
644,3,0,0,1,1,1,0.993,0.9902,0.858,0.7886,1095.8419,344.6953,921.0068,357.3059,1138.8369,623.2322,902.0222,639.4634,175.2893,237.3703,1.3542,0,0,0,0
644,3,0,1,1,1,1,0.9891,0.9891,0.9116,0.9099,711.15,348.6575,584.6832,350.8168,746.9018,529.849,561.2984,541.6362,126.4852,185.9773,1.4703,0,0,0,0
645,3,0,2,1,1,1,0.9903,0.994,0.8375,0.8714,332.7603,271.018,138.3745,265.2456,372.1708,565.464,84.0496,584.7474,194.4715,288.7657,1.4849,0,0,0,0
645,3,0,0,1,1,1,0.993,0.9902,0.858,0.7886,1095.8505,344.7014,921.0051,357.2998,1138.8171,623.2296,902.0272,639.454,175.2986,237.3451,1.3539,0,0,0,0
645,3,0,1,1,1,1,0.9891,0.9891,0.9116,0.9099,711.1504,348.6517,584.6786,350.8133,746.882,529.8532,561.301,541.6333,126.4903,185.9546,1.4701,0,0,0,0
646,3,0,2,1,1,1,0.9913,0.9934,0.8412,0.8503,333.3793,272.8641,134.9246,265.9608,378.7692,571.38,91.7355,590.492,198.5748,287.6692,1.4487,0,0,0,0
646,3,0,0,1,1,1,0.9928,0.9896,0.8592,0.7837,1094.0458,343.3657,917.2731,356.1748,1144.7896,620.785,894.2207,639.2727,177.2362,251.25,1.4176,0,0,0,0
646,3,0,1,1,1,1,0.9889,0.9889,0.9107,0.9091,708.6962,347.311,582.2011,350.483,747.6394,529.7436,560.7774,540.9046,126.5348,187.195,1.4794,0,0,0,0
647,3,0,2,1,1,1,0.9913,0.9934,0.8416,0.8503,333.3656,272.7904,134.9436,265.9666,378.6988,571.6144,91.843,590.4204,198.5394,287.4717,1.4479,0,0,0,0
647,3,0,0,1,1,1,0.9928,0.9895,0.8592,0.7837,1094.0242,343.3738,917.2468,356.168,1144.8539,621.0873,894.199,639.136,177.2398,251.3039,1.4179,0,0,0,0
647,3,0,1,1,1,1,0.9889,0.9889,0.9107,0.9092,708.6938,347.3273,582.247,350.4644,747.8642,529.6082,560.8116,540.8684,126.4856,187.3912,1.4815,0,0,0,0
648,3,0,2,1,1,1,0.9918,0.9928,0.8441,0.8357,331.9964,272.6827,131.7537,266.9369,383.0982,572.6403,99.6377,591.7017,200.3251,284.1007,1.4182,0,0,0,0
648,3,0,0,1,1,1,0.9929,0.989,0.8603,0.7736,1093.2924,342.3887,915.3319,354.5309,1155.9789,622.9167,888.5732,642.9428,178.3742,268.1545,1.5033,0,0,0,0
648,3,0,1,1,1,1,0.9887,0.9883,0.9099,0.9055,706.063,346.7628,578.7815,351.2204,748.825,528.6642,559.4266,540.8608,127.3595,189.7907,1.4902,0,0,0,0
649,3,0,2,1,1,1,0.9918,0.9928,0.8441,0.8358,331.9782,272.7125,131.7942,266.8979,383.1386,572.5706,99.5268,591.6391,200.2685,284.2521,1.4194,0,0,0,0
649,3,0,0,1,1,1,0.9929,0.989,0.8609,0.7728,1093.2207,342.4392,915.1567,354.5489,1155.8767,623.1662,888.5864,643.0724,178.4753,268.0306,1.5018,0,0,0,0
649,3,0,1,1,1,1,0.9887,0.9883,0.9102,0.9057,706.1029,346.8102,578.8537,351.2203,748.803,528.7416,559.4564,540.9042,127.3256,189.7368,1.4902,0,0,0,0
650,3,0,2,1,1,1,0.9914,0.9926,0.8457,0.8421,330.9101,272.362,130.6621,267.8407,382.1093,575.342,106.6141,587.7248,200.299,275.7733,1.3768,0,0,0,0
650,3,0,0,1,1,1,0.9932,0.989,0.8595,0.7625,1094.0325,341.9713,915.4905,353.3365,1162.4963,619.9086,884.4709,644.1393,178.9034,279.0793,1.5599,0,0,0,0
650,3,0,1,1,1,1,0.9889,0.9877,0.9114,0.9031,702.8838,345.5986,574.7725,352.4156,749.6499,527.8744,560.734,540.5234,128.2925,189.3389,1.4758,0,0,0,0
651,3,0,2,1,1,1,0.9912,0.9929,0.8423,0.8443,330.7656,271.6342,129.6272,267.6268,380.209,573.2182,106.9222,588.9608,201.1784,273.7399,1.3607,0,0,0,0
651,3,0,0,1,1,1,0.9928,0.9902,0.8456,0.7758,1096.5176,343.0052,915.9891,353.8712,1168.8525,624.2248,877.7695,641.6828,180.8552,291.6061,1.6124,0,0,0,0
651,3,0,1,1,1,1,0.9893,0.9862,0.915,0.8948,698.7814,346.3093,569.2491,353.1926,751.3827,530.0616,565.7202,537.9926,129.7151,185.8319,1.4326,0,0,0,0
652,3,0,2,1,1,1,0.9912,0.9928,0.8424,0.8439,330.7581,271.6254,129.572,267.5985,380.1696,573.025,106.9016,588.9139,201.2265,273.7296,1.3603,0,0,0,0
652,3,0,0,1,1,1,0.9928,0.9902,0.8458,0.7753,1096.5054,343.002,915.9898,353.869,1168.8738,624.2541,877.7377,641.8184,180.8424,291.6654,1.6128,0,0,0,0
652,3,0,1,1,1,1,0.9893,0.9862,0.9149,0.8949,698.7816,346.3778,569.2486,353.2387,751.3352,530.0982,565.7444,538.0218,129.7147,185.7598,1.4321,0,0,0,0
653,3,0,2,1,1,1,0.9909,0.9934,0.8339,0.8512,330.5748,270.8308,129.623,267.5465,370.1086,571.9534,99.3662,588.6524,200.9787,271.2569,1.3497,0,0,0,0
653,3,0,0,1,1,1,0.9932,0.9903,0.845,0.7643,1100.2776,343.0419,920.5773,353.0314,1174.89,624.6437,874.5236,645.638,179.9777,301.0992,1.673,0,0,0,0
653,3,0,1,1,1,1,0.9891,0.9856,0.9127,0.892,694.0138,346.945,564.5243,355.0918,752.1152,529.5834,573.1909,533.9795,129.7455,178.9783,1.3795,0,0,0,0
654,3,0,2,1,1,1,0.9909,0.9934,0.8337,0.8512,330.5722,270.8555,129.6255,267.5358,370.0849,572.2198,99.3742,588.677,200.9742,271.2105,1.3495,0,0,0,0
654,3,0,0,1,1,1,0.9932,0.9903,0.845,0.7644,1100.2662,343.0417,920.5771,353.0144,1174.8818,624.6422,874.5452,645.6018,179.9656,301.0671,1.6729,0,0,0,0
654,3,0,1,1,1,1,0.9891,0.9856,0.9127,0.892,694.0164,346.9464,564.5222,355.1,752.1212,529.5894,573.1791,533.9544,129.7506,178.9954,1.3795,0,0,0,0
655,3,0,0,1,1,1,0.9931,0.9911,0.8423,0.779,1108.5137,344.4053,928.1387,353.5258,1187.2046,629.418,873.4287,643.1898,180.6054,314.078,1.739,0,0,0,0
655,3,0,1,1,1,1,0.9886,0.9863,0.9103,0.9004,691.9719,348.7883,562.0644,356.3766,753.0703,527.5888,578.7185,526.6497,130.129,174.3543,1.3399,0,0,0,0
655,3,0,2,1,1,1,0.9898,0.994,0.8192,0.863,329.971,270.5528,132.9435,267.792,359.2139,570.8159,94.1091,589.4146,197.0469,265.7564,1.3487,0,0,0,0
656,3,0,0,1,1,1,0.9931,0.9911,0.8422,0.7791,1108.5354,344.3816,928.0995,353.5216,1187.1957,629.482,873.4849,643.1899,180.6673,314.0101,1.7381,0,0,0,0
656,3,0,1,1,1,1,0.9886,0.9863,0.9102,0.9004,691.9548,348.7792,562.078,356.388,753.0832,527.5808,578.7362,526.6584,130.0995,174.3494,1.3401,0,0,0,0
656,3,0,2,1,1,1,0.9898,0.994,0.8192,0.8632,329.9524,270.5074,132.9788,267.7854,359.2579,570.8186,94.1717,589.3196,196.9924,265.731,1.3489,0,0,0,0
657,3,0,0,1,1,1,0.9929,0.9918,0.8327,0.7789,1119.3893,345.0164,934.3239,352.192,1192.7081,633.3965,876.8397,643.2562,185.2045,316.0223,1.7063,0,0,0,0
657,3,0,1,1,1,1,0.9879,0.9869,0.9044,0.9044,691.328,348.5606,561.3153,355.919,753.4694,526.394,584.751,521.8178,130.2208,168.7805,1.2961,0,0,0,0
657,3,0,2,1,1,1,0.9855,0.9928,0.8238,0.898,331.0904,270.6696,132.9853,269.3353,355.4952,562.1464,94.5082,590.9996,198.1097,262.5771,1.3254,0,0,0,0
658,3,0,0,1,1,1,0.9929,0.9918,0.8328,0.7792,1119.3632,345.0195,934.3487,352.1678,1192.7379,633.3798,876.8461,643.2007,185.1525,316.0445,1.7069,0,0,0,0
658,3,0,1,1,1,1,0.9879,0.9869,0.9045,0.9043,691.3104,348.5557,561.3139,355.9686,753.4491,526.3596,584.7369,521.8204,130.2077,168.7733,1.2962,0,0,0,0
658,3,0,2,1,1,1,0.9855,0.9928,0.8238,0.8981,331.0831,270.6637,133.0307,269.2978,355.4962,562.2166,94.5706,590.9284,198.0571,262.5005,1.3254,0,0,0,0
659,3,0,0,1,1,1,0.9924,0.992,0.8246,0.7841,1130.7441,345.7059,945.3093,351.0163,1198.433,639.231,882.5654,642.5617,185.5109,315.8851,1.7028,0,0,0,0
659,3,0,1,1,1,1,0.9888,0.9893,0.8899,0.9057,690.182,349.7386,560.7512,355.8529,752.4137,527.3646,593.6056,516.4774,129.5752,159.1809,1.2285,0,0,0,0
659,3,0,2,1,1,1,0.9834,0.9938,0.8124,0.9149,330.8786,268.8303,140.6268,270.5423,345.8708,554.8706,93.2703,593.3924,190.2596,255.5209,1.343,0,0,0,0
660,3,0,0,1,1,1,0.9924,0.992,0.825,0.7843,1130.766,345.7247,945.2972,351.0569,1198.3535,639.1521,882.5837,642.5314,185.5454,315.7879,1.7019,0,0,0,0
660,3,0,1,1,1,1,0.9888,0.9893,0.89,0.9058,690.2127,349.7778,560.7406,355.8453,752.3964,527.5274,593.6145,516.4454,129.6143,159.1682,1.228,0,0,0,0
660,3,0,2,1,1,1,0.981,0.9948,0.8001,0.9187,331.2016,266.9718,142.8107,270.095,347.7742,555.7352,90.177,593.1528,188.4168,260.3006,1.3815,0,0,0,0
661,3,0,0,1,1,1,0.9911,0.9917,0.8184,0.7918,1144.9026,344.8606,957.2614,351.018,1210.9259,631.9948,888.0131,637.454,187.7422,322.959,1.7202,0,0,0,0
661,3,0,1,1,1,1,0.9894,0.9888,0.8957,0.9022,691.473,350.1503,561.2242,354.6755,752.1184,530.0192,602.2576,513.1186,130.3274,150.8108,1.1572,0,0,0,0
661,3,0,2,1,1,1,0.9808,0.9941,0.8016,0.922,331.5786,267.1637,146.8628,269.7178,335.49,546.3446,101.6772,595.7312,184.7334,238.9717,1.2936,0,0,0,0
662,3,0,0,1,1,1,0.9911,0.9917,0.8183,0.7913,1144.9242,344.834,957.1895,351.0856,1210.8665,632.08,888.0224,637.5694,187.8388,322.8907,1.719,0,0,0,0
662,3,0,1,1,1,1,0.9894,0.9888,0.8956,0.9022,691.4878,350.1655,561.2024,354.6938,752.1202,530.066,602.2424,513.1161,130.3641,150.8333,1.157,0,0,0,0
662,3,0,2,1,1,1,0.9809,0.9941,0.8016,0.922,331.4812,267.1361,146.8265,269.6243,335.4849,546.4314,101.7057,595.6643,184.6715,238.9071,1.2937,0,0,0,0
663,3,0,0,1,1,1,0.9935,0.991,0.848,0.7688,1156.133,341.3839,965.1281,349.191,1228.4976,636.5103,889.9821,644.5202,191.1645,338.6102,1.7713,0,0,0,0
663,3,0,1,1,1,1,0.9889,0.9899,0.8906,0.9117,694.8668,351.4097,563.1906,354.5019,752.779,533.3169,604.8501,507.4252,131.7125,150.1777,1.1402,0,0,0,0
663,3,0,2,1,1,1,0.9788,0.9939,0.8045,0.9296,334.5335,268.4962,156.2152,270.4874,330.1328,538.2694,112.693,592.6508,178.3294,224.137,1.2569,0,0,0,0
664,3,0,0,1,1,1,0.9933,0.9919,0.8368,0.7806,1165.7141,342.897,970.7029,350.4998,1235.8009,654.6914,896.9632,649.5957,195.1594,338.876,1.7364,0,0,0,0
664,3,0,1,1,1,1,0.9884,0.9892,0.8885,0.9066,700.9193,352.9449,567.1304,353.1196,753.6692,536.9918,606.5049,504.5357,133.789,150.7009,1.1264,0,0,0,0
664,3,0,2,1,1,1,0.9788,0.9937,0.8167,0.9326,337.6383,267.7121,167.77,270.3058,334.1908,530.9592,129.6506,590.3846,169.8881,212.9978,1.2538,0,0,0,0
665,3,0,0,1,1,1,0.9933,0.9919,0.8365,0.7812,1165.6892,342.9693,970.6976,350.5555,1235.8302,654.739,896.9559,649.5512,195.1391,338.914,1.7368,0,0,0,0
665,3,0,1,1,1,1,0.9884,0.9892,0.8885,0.9066,700.9177,352.9839,567.1124,353.1442,753.6388,537.0728,606.5154,504.5286,133.8055,150.6798,1.1261,0,0,0,0
665,3,0,2,1,1,1,0.9787,0.9937,0.8165,0.9325,337.6114,267.7078,167.7531,270.2573,334.1668,531.0718,129.5896,590.3247,169.8773,212.9852,1.2538,0,0,0,0
666,3,0,0,1,1,1,0.9935,0.9915,0.8337,0.7613,1172.1588,343.0432,973.8198,350.0536,1239.5131,663.3764,900.8034,655.9142,198.4628,338.7918,1.7071,0,0,0,0
666,3,0,1,1,1,1,0.9879,0.9899,0.8829,0.9104,705.1402,354.2501,572.4876,352.027,756.2561,538.7527,607.9484,504.9436,132.6713,152.1125,1.1465,0,0,0,0
666,3,0,2,1,1,1,0.9767,0.9942,0.8091,0.9404,342.5381,269.7847,177.3928,270.5831,346.0186,530.1052,154.3691,583.034,165.1473,198.824,1.2039,0,0,0,0
667,3,0,0,1,1,1,0.9935,0.9915,0.8338,0.7615,1172.1993,343.0512,973.8661,350.0512,1239.5801,663.4342,900.7947,655.9372,198.4567,338.8683,1.7075,0,0,0,0
667,3,0,1,1,1,1,0.9879,0.9899,0.8831,0.9103,705.1755,354.271,572.4546,352.1156,756.247,538.8238,608.0304,504.975,132.7384,152.0326,1.1454,0,0,0,0
667,3,0,2,1,1,1,0.9767,0.9942,0.8095,0.9406,342.5008,269.6962,177.3511,270.5331,346.0588,529.8763,154.3267,582.9954,165.1519,198.9543,1.2047,0,0,0,0
668,3,0,0,1,1,1,0.9931,0.9917,0.8275,0.7656,1174.8058,342.2707,974.5442,349.3381,1241.7526,661.333,903.2393,654.1846,200.3863,338.5888,1.6897,0,0,0,0
668,3,0,1,1,1,1,0.9878,0.9896,0.8865,0.9081,712.672,356.7694,579.4932,352.809,760.8692,538.0353,609.9048,506.1931,133.2376,154.286,1.158,0,0,0,0
668,3,0,2,1,1,1,0.9736,0.994,0.7907,0.9375,348.761,273.1292,188.1868,271.7632,359.4342,540.4125,183.7607,577.9801,160.58,179.6454,1.1187,0,0,0,0
669,3,0,0,1,1,1,0.9931,0.9917,0.828,0.7651,1174.8177,342.3202,974.5916,349.2473,1241.7139,661.13,903.2853,654.2545,200.3459,338.4984,1.6896,0,0,0,0
669,3,0,1,1,1,1,0.9879,0.9897,0.8866,0.9082,712.6662,356.7784,579.493,352.8092,760.8562,538.0705,609.9158,506.2052,133.2324,154.2673,1.1579,0,0,0,0
669,3,0,2,1,1,1,0.9736,0.994,0.791,0.9375,348.7268,273.214,188.1703,271.7103,359.4574,540.4303,183.6772,577.8884,160.5636,179.727,1.1194,0,0,0,0
670,3,0,0,1,1,1,0.9935,0.991,0.8364,0.7555,1173.1024,343.5104,972.1218,348.1537,1240.8053,661.6546,902.9843,651.9218,201.0342,337.9612,1.6811,0,0,0,0
670,3,0,1,1,1,1,0.9882,0.9903,0.8849,0.9084,719.576,359.9756,586.221,353.4004,770.8614,547.4532,608.7106,509.5829,133.5171,166.5144,1.2471,0,0,0,0
670,3,0,2,1,1,1,0.9721,0.995,0.7692,0.9443,352.5708,275.6116,199.7167,273.0176,376.5376,552.8669,202.3292,569.3891,152.8762,174.9901,1.1447,0,0,0,0
671,3,0,0,1,1,1,0.9933,0.992,0.8286,0.772,1165.3684,344.8692,965.3461,348.2378,1236.5244,652.5412,899.5461,658.9421,200.0507,337.0391,1.6848,0,0,0,0
671,3,0,1,1,1,1,0.9859,0.9888,0.8908,0.9063,731.0565,359.7593,596.346,351.5249,779.4776,555.164,606.6675,519.8169,134.962,176.3881,1.3069,0,0,0,0
671,3,0,2,1,1,1,0.9723,0.9953,0.7772,0.9468,351.7683,275.5028,208.9438,273.3567,394.7164,527.6166,222.7169,566.2836,142.8407,176.2923,1.2342,0,0,0,0
672,3,0,0,1,1,1,0.9933,0.992,0.8287,0.7722,1165.3718,344.8661,965.3417,348.2394,1236.515,652.549,899.5517,658.895,200.0586,337.0231,1.6846,0,0,0,0
672,3,0,1,1,1,1,0.9859,0.9888,0.8907,0.9063,731.0613,359.7711,596.3424,351.5268,779.493,555.1684,606.6784,519.8322,134.971,176.3903,1.3069,0,0,0,0
672,3,0,2,1,1,1,0.9723,0.9953,0.7772,0.9468,351.7499,275.5005,208.9416,273.3454,394.7238,527.5803,222.7237,566.261,142.8245,176.2959,1.2344,0,0,0,0
673,3,0,0,1,1,1,0.9938,0.9913,0.8274,0.7414,1158.3479,345.38,955.3044,349.867,1233.9023,654.849,895.9633,663.4353,203.0931,338.0481,1.6645,0,0,0,0
673,3,0,1,1,1,1,0.9844,0.9886,0.8812,0.9024,739.5134,363.6006,607.1519,352.6928,787.2369,566.4507,602.107,530.3667,132.8101,188.6136,1.4202,0,0,0,0
673,3,0,2,1,1,1,0.9725,0.9951,0.7686,0.9427,352.0286,277.2297,212.4519,272.6266,408.3848,531.2383,240.7872,569.6314,139.6526,171.9389,1.2312,0,0,0,0
674,3,0,0,1,1,1,0.9938,0.9913,0.8273,0.7417,1158.3513,345.3861,955.3008,349.875,1233.8937,654.9043,895.957,663.4054,203.1001,338.0436,1.6644,0,0,0,0
674,3,0,1,1,1,1,0.9844,0.9886,0.8812,0.9024,739.5628,363.6031,607.1435,352.6969,787.1671,566.4528,602.099,530.3714,132.8676,188.5526,1.4191,0,0,0,0
674,3,0,2,1,1,1,0.9725,0.9951,0.7686,0.9428,352.0044,277.243,212.4527,272.6068,408.5277,531.495,240.8663,569.629,139.6287,171.9435,1.2314,0,0,0,0
675,3,0,0,1,1,1,0.9933,0.9919,0.8127,0.7487,1155.0461,344.2728,950.8953,349.7301,1231.6853,655.177,891.721,663.7908,204.2237,340.0734,1.6652,0,0,0,0
675,3,0,1,1,1,1,0.9848,0.9882,0.8818,0.8958,749.0488,366.5669,616.2646,354.8753,795.3656,568.8828,601.0156,538.9728,133.2979,196.6381,1.4752,0,0,0,0
675,3,0,2,1,1,1,0.9743,0.9951,0.7775,0.9416,349.595,276.6677,210.4893,272.1785,414.5849,518.2665,259.2967,561.1311,139.1781,161.0957,1.1575,0,0,0,0
676,3,0,0,1,1,1,0.9933,0.9919,0.8128,0.7485,1155.0417,344.2604,950.8785,349.7379,1231.7086,655.2552,891.7259,663.8182,204.2367,340.0905,1.6652,0,0,0,0
676,3,0,1,1,1,1,0.9848,0.9882,0.8818,0.8959,749.0694,366.5514,616.267,354.907,795.4081,568.8556,601.0323,539.0283,133.312,196.651,1.4751,0,0,0,0
676,3,0,2,1,1,1,0.9743,0.9951,0.7775,0.9417,349.599,276.6815,210.4635,272.1782,414.5987,518.2796,259.3004,561.2084,139.2083,161.1225,1.1574,0,0,0,0
677,3,0,0,1,1,1,0.9933,0.9922,0.8121,0.7524,1155.1272,343.3428,949.2728,348.9818,1226.7686,649.119,891.8688,668.2474,205.9316,335.4455,1.6289,0,0,0,0
677,3,0,1,1,1,1,0.9849,0.9881,0.8842,0.8937,755.5085,365.1032,621.0555,356.053,801.7752,570.5161,598.3963,547.9528,134.7573,204.6266,1.5185,0,0,0,0
677,3,0,2,1,1,1,0.9742,0.9943,0.7899,0.9405,343.7567,277.2055,203.1567,271.9982,419.406,515.0669,268.9208,547.4927,140.6964,153.939,1.0941,0,0,0,0
678,3,0,0,1,1,1,0.9933,0.992,0.8143,0.7488,1157.4714,343.5786,951.0937,348.0916,1223.1736,650.9932,893.1815,671.6696,206.4271,330.6392,1.6017,0,0,0,0
678,3,0,1,1,1,1,0.9886,0.9871,0.8989,0.8864,762.6604,361.5982,625.3517,353.6822,805.8891,570.986,595.3319,551.2315,137.5366,211.4818,1.5376,0,0,0,0
678,3,0,2,1,1,1,0.9729,0.9934,0.7963,0.9387,335.914,275.005,192.1422,272.307,417.0414,503.499,277.5598,536.3507,143.7972,143.2981,0.9965,0,0,0,0
679,3,0,0,1,1,1,0.9933,0.992,0.8144,0.7488,1157.4695,343.5918,951.0767,348.0896,1223.1726,650.9538,893.1672,671.647,206.4418,330.6535,1.6017,0,0,0,0
679,3,0,1,1,1,1,0.9886,0.9871,0.8988,0.8866,762.6379,361.59,625.3348,353.6698,805.8785,570.9574,595.3335,551.2127,137.5313,211.4688,1.5376,0,0,0,0
679,3,0,2,1,1,1,0.9729,0.9934,0.7964,0.9387,335.9362,275.013,192.1292,272.3236,417.0435,503.4916,277.6018,536.3312,143.8321,143.2565,0.996,0,0,0,0
680,3,0,0,1,1,1,0.9928,0.992,0.8049,0.7478,1161.8817,344.3591,954.1735,348.7886,1219.3636,653.7677,896.8042,672.445,207.7555,323.0997,1.5552,0,0,0,0
680,3,0,1,1,1,1,0.9888,0.9872,0.8999,0.8843,766.1402,357.8494,629.3164,350.7026,809.2252,564.4236,588.2134,552.6775,137.0103,221.3236,1.6154,0,0,0,0
680,3,0,2,1,1,1,0.9744,0.9927,0.81,0.9367,327.0136,278.2016,181.5953,272.6059,412.9227,498.0628,273.9485,528.0942,145.526,142.182,0.977,0,0,0,0
681,3,0,0,1,1,1,0.9928,0.992,0.8047,0.7476,1161.8936,344.3661,954.1652,348.7722,1219.3611,653.7433,896.8143,672.4714,207.7751,323.09,1.555,0,0,0,0
681,3,0,1,1,1,1,0.9888,0.9872,0.8999,0.8843,766.1378,357.8542,629.3132,350.7,809.2277,564.425,588.2166,552.6786,137.0114,221.3231,1.6154,0,0,0,0
681,3,0,2,1,1,1,0.9744,0.9926,0.8099,0.9367,327.0198,278.1985,181.5881,272.6016,412.9274,498.0669,273.9712,528.1031,145.5393,142.1654,0.9768,0,0,0,0
682,3,0,1,1,1,1,0.9887,0.9877,0.899,0.8871,769.1058,353.7279,630.8412,349.1078,807.0949,554.9198,580.5452,554.8694,138.3418,226.5497,1.6376,0,0,0,0
682,3,0,0,1,1,1,0.9923,0.9922,0.792,0.7502,1164.3187,345.4847,956.0918,348.2889,1217.7623,658.2602,901.3027,672.1138,208.2458,316.7627,1.5211,0,0,0,0
682,3,0,2,1,1,1,0.9796,0.9924,0.8176,0.9292,315.8631,281.5294,169.6359,274.3466,403.7642,496.758,263.8252,520.9171,146.4035,142.0091,0.97,0,0,0,0
683,3,0,1,1,1,1,0.9887,0.9877,0.8989,0.887,769.2194,353.8814,630.881,349.1728,807.0265,554.8301,580.534,554.7228,138.4185,226.4926,1.6363,0,0,0,0
683,3,0,0,1,1,1,0.9923,0.9922,0.7923,0.7505,1164.283,345.5242,956.0972,348.3021,1217.8058,658.4434,901.3499,672.081,208.2043,316.7497,1.5213,0,0,0,0
683,3,0,2,1,1,1,0.9796,0.9924,0.8177,0.929,315.6584,281.1808,169.5777,274.4611,403.6315,496.4144,263.8621,521.1298,146.2351,141.9378,0.9706,0,0,0,0
684,3,0,1,1,1,1,0.9882,0.9881,0.8955,0.8917,769.1164,350.8938,630.951,347.2506,804.2862,545.1145,576.9386,553.939,138.2134,227.5187,1.6461,0,0,0,0
684,3,0,0,1,1,1,0.9923,0.9919,0.7856,0.7379,1165.8441,345.3204,956.2932,347.6233,1211.2039,668.7486,904.9559,672.1078,209.5636,306.2663,1.4614,0,0,0,0
684,3,0,2,1,1,1,0.9805,0.992,0.8145,0.9222,301.3454,282.7716,155.0401,277.1384,395.0739,499.7151,249.3388,523.5982,146.4137,147.6791,1.0086,0,0,0,0
685,3,0,1,1,1,1,0.9882,0.9882,0.8956,0.892,769.0789,350.9603,630.8498,347.2875,804.5664,544.9903,576.9987,553.8839,138.278,227.7414,1.647,0,0,0,0
685,3,0,0,1,1,1,0.9923,0.9918,0.7869,0.7379,1165.9084,345.2759,956.4443,347.5741,1211.2141,668.542,904.8911,672.4488,209.4767,306.3479,1.4624,0,0,0,0
685,3,0,2,1,1,1,0.9805,0.992,0.8147,0.9223,301.3741,282.7675,155.1513,276.9997,395.0724,499.6494,249.3048,523.455,146.3365,147.6987,1.0093,0,0,0,0
686,3,0,0,1,1,1,0.9926,0.9918,0.7952,0.7407,1165.3458,345.2114,956.5415,347.4359,1209.1146,668.5071,909.8174,673.6339,208.8162,299.3411,1.4335,0,0,0,0
686,3,0,1,1,1,1,0.9889,0.9877,0.9007,0.888,769.385,350.7573,628.3076,348.5568,797.4538,538.8912,575.1312,556.2187,141.0947,222.9967,1.5805,0,0,0,0
686,3,0,2,1,1,1,0.9797,0.9932,0.8005,0.9241,288.7612,285.8516,138.1267,281.106,379.9631,504.6594,218.1765,527.6378,150.7091,163.4102,1.0843,0,0,0,0
687,3,0,1,1,1,1,0.9895,0.9872,0.9059,0.8842,767.049,349.4566,624.6836,348.6333,797.5957,534.9224,570.8038,561.0156,142.3678,228.288,1.6035,0,0,0,0
687,3,0,0,1,1,1,0.9927,0.9916,0.8084,0.7538,1163.1921,344.9735,956.9237,347.4652,1208.2235,667.6468,914.863,677.0002,206.2835,293.5096,1.4228,0,0,0,0
687,3,0,2,1,1,1,0.9787,0.9936,0.8071,0.9331,279.1516,287.8478,122.9606,284.6251,361.7575,533.0259,182.0688,542.5526,156.2242,179.941,1.1518,0,0,0,0
688,3,0,1,1,1,1,0.9895,0.9872,0.9059,0.8841,767.0536,349.438,624.7148,348.633,797.6126,534.8775,570.9193,561.1308,142.341,228.2085,1.6033,0,0,0,0
688,3,0,0,1,1,1,0.9927,0.9916,0.8083,0.7537,1163.2455,344.9989,956.9456,347.4773,1208.1012,667.554,914.8574,676.8448,206.3148,293.3909,1.4221,0,0,0,0
688,3,0,2,1,1,1,0.9787,0.9936,0.8071,0.9332,279.1941,287.8717,122.9667,284.6344,361.7416,532.8378,181.9009,542.4372,156.2609,180.0967,1.1525,0,0,0,0
689,3,0,1,1,1,1,0.9892,0.9877,0.9034,0.8888,763.1494,349.5058,620.4624,350.1947,799.7176,533.7842,568.7376,567.3098,142.6886,233.4003,1.6357,0,0,0,0
689,3,0,0,1,1,1,0.9928,0.9913,0.8128,0.7459,1159.961,344.2811,953.743,347.7733,1203.5637,663.5544,916.3712,678.7768,206.2476,287.5956,1.3944,0,0,0,0
689,3,0,2,1,1,1,0.9822,0.9953,0.7759,0.9288,271.4367,291.8204,112.009,284.109,335.6046,556.5656,141.6964,542.9648,159.6141,194.3845,1.2178,0,0,0,0
690,3,0,1,1,1,1,0.9892,0.9877,0.9033,0.8888,763.1071,349.507,620.4482,350.1672,799.7093,533.7794,568.7367,567.3059,142.6604,233.3932,1.636,0,0,0,0
690,3,0,0,1,1,1,0.9928,0.9913,0.8128,0.746,1159.9722,344.2818,953.7512,347.763,1203.6051,663.5227,916.3736,678.6922,206.2504,287.6318,1.3946,0,0,0,0
690,3,0,2,1,1,1,0.9822,0.9953,0.776,0.9287,271.447,291.8064,112.0261,284.1117,335.6079,556.4594,141.651,542.978,159.6065,194.4248,1.2182,0,0,0,0
691,3,0,0,1,1,1,0.9902,0.9901,0.8435,0.8154,1159.6936,346.2918,947.5172,349.9927,1204.5789,664.6126,907.4912,661.5316,212.2087,297.1036,1.4001,0,0,0,0
691,3,0,1,1,1,1,0.9888,0.9873,0.9006,0.8868,757.5619,349.5126,614.2342,351.4421,797.3955,534.0782,566.1035,569.8592,143.3407,234.0433,1.6328,0,0,0,0
691,3,0,2,1,1,1,0.9787,0.9948,0.7751,0.9374,264.9792,294.6224,99.2147,284.4173,300.0677,558.4126,97.2952,551.1804,166.0783,202.9014,1.2217,0,0,0,0
692,3,0,0,1,1,1,0.9902,0.9901,0.8434,0.8156,1159.6758,346.3185,947.4886,350.0127,1204.5856,664.6478,907.5048,661.5793,212.2194,297.0966,1.4,0,0,0,0
692,3,0,1,1,1,1,0.9888,0.9873,0.9006,0.8867,757.5603,349.5276,614.243,351.45,797.4033,534.0977,566.091,569.868,143.3302,234.0617,1.633,0,0,0,0
692,3,0,2,1,1,1,0.9787,0.9948,0.7749,0.9373,264.9552,294.616,99.2257,284.4002,300.0716,558.5142,97.2758,551.2406,166.0441,202.9262,1.2221,0,0,0,0
693,3,0,1,1,1,1,0.9854,0.9891,0.8837,0.8973,751.2223,347.6202,606.1806,350.0136,790.5546,538.9247,561.5456,571.5594,145.0614,231.3226,1.5947,0,0,0,0
693,3,0,0,1,1,1,0.9902,0.9899,0.8432,0.8153,1152.918,346.6575,940.3094,350.0349,1201.74,658.122,903.6853,662.5588,212.6354,298.0877,1.4019,0,0,0,0
693,3,0,2,1,1,1,0.9801,0.9942,0.797,0.9321,257.5224,293.9509,89.2731,282.9248,276.5195,549.2165,62.7847,560.0661,168.6103,214.01,1.2693,0,0,0,0
694,3,0,1,1,1,1,0.9854,0.9892,0.8837,0.8974,751.223,347.6094,606.1704,350.0123,790.5569,538.917,561.5492,571.5658,145.0726,231.3234,1.5945,0,0,0,0
694,3,0,0,1,1,1,0.9902,0.9899,0.8432,0.8153,1152.9136,346.6653,940.3041,350.0319,1201.7633,658.1778,903.6475,662.5481,212.6362,298.1478,1.4022,0,0,0,0
694,3,0,2,1,1,1,0.9801,0.9942,0.7969,0.9321,257.5321,293.965,89.2821,282.927,276.5655,549.3205,62.8168,560.0032,168.6117,214.0155,1.2693,0,0,0,0
695,3,0,1,1,1,1,0.9857,0.9888,0.8845,0.8948,743.6988,345.3638,599.7898,348.3544,786.2939,539.9611,557.5035,569.512,143.9401,230.6909,1.6027,0,0,0,0
695,3,0,0,1,1,1,0.9927,0.9896,0.8407,0.7645,1141.6777,345.1064,934.9194,348.6024,1200.257,655.9924,900.0788,668.3072,206.7879,300.4307,1.4528,0,0,0,0
695,3,0,2,1,1,1,0.9809,0.9953,0.7562,0.9198,249.5575,287.5061,84.7796,276.7054,265.1293,542.9825,33.2188,546.954,165.1315,231.9445,1.4046,0,0,0,0
696,3,0,1,1,1,1,0.9857,0.9888,0.8844,0.8948,743.677,345.3876,599.7606,348.3953,786.1368,540.0143,557.5343,569.513,143.9477,230.4979,1.6013,0,0,0,0
696,3,0,0,1,1,1,0.9927,0.9896,0.8406,0.7645,1141.6711,345.1264,934.8836,348.5974,1200.2834,656.0714,900.0624,668.2393,206.8167,300.4675,1.4528,0,0,0,0
696,3,0,2,1,1,1,0.9809,0.9953,0.7562,0.9201,249.4735,287.4651,84.788,276.6891,265.0902,542.9464,33.2575,546.9676,165.0376,231.8675,1.4049,0,0,0,0
697,3,0,2,1,0,1,0.9821,0.9937,0.8222,0.919,245.404,286.3794,77.234,274.4396,255.4185,535.009,9.1598,535.5014,168.5933,246.2593,1.4607,0,0,0,0
697,3,0,0,1,1,1,0.9928,0.9916,0.815,0.7493,1134.2,341.736,931.4204,346.8842,1194.7825,652.6656,903.834,670.3614,202.8449,291.4861,1.437,0,0,0,0
697,3,0,1,1,1,1,0.9858,0.9889,0.8783,0.8918,736.275,347.2181,591.7522,348.0495,780.4646,546.1184,552.994,568.6598,144.5251,228.5847,1.5816,0,0,0,0
698,3,0,2,1,0,1,0.9821,0.9937,0.8222,0.9192,245.3612,286.4073,77.2356,274.4559,255.4146,535.0582,9.1687,535.641,168.5498,246.2466,1.461,0,0,0,0
698,3,0,0,1,1,1,0.9928,0.9916,0.815,0.7493,1134.2017,341.7214,931.4474,346.861,1194.7386,652.6174,903.8517,670.2738,202.8193,291.4223,1.4369,0,0,0,0
698,3,0,1,1,1,1,0.9858,0.9888,0.8783,0.8918,736.2769,347.2266,591.7634,348.0514,780.4724,546.1286,552.987,568.6347,144.5158,228.5961,1.5818,0,0,0,0
699,3,0,2,1,0,1,0.984,0.9929,0.8404,0.9122,242.3765,285.1578,72.1869,274.4343,248.1329,530.7135,1.7512,539.0586,170.5271,246.523,1.4457,0,0,0,0
699,3,0,0,1,1,1,0.9931,0.9918,0.8188,0.7526,1128.8141,342.8308,926.2196,348.3228,1196.0651,650.6728,899.1061,671.2904,202.6689,297.6738,1.4688,0,0,0,0
699,3,0,1,1,1,1,0.986,0.9877,0.8821,0.8861,727.7858,348.4239,584.1572,348.9155,779.175,549.3426,546.4288,570.767,143.6294,233.7303,1.6273,0,0,0,0
700,3,0,2,1,0,1,0.9862,0.9914,0.8646,0.901,239.161,285.6053,67.6035,276.6104,241.8509,527.6336,0.0,536.5584,171.7931,242.0155,1.4088,0,0,0,0
700,3,0,0,1,1,1,0.9931,0.9921,0.8185,0.7569,1126.8456,343.6625,925.7648,348.8021,1195.8667,649.6214,893.6099,667.2119,201.1465,302.7683,1.5052,0,0,0,0
700,3,0,1,1,1,1,0.986,0.9877,0.882,0.8882,722.136,348.9786,576.6132,350.2074,773.6424,555.347,542.2938,570.5514,145.528,231.8476,1.5931,0,0,0,0
701,3,0,2,1,0,1,0.9862,0.9914,0.8645,0.901,239.185,285.5891,67.6002,276.608,241.838,527.6552,0.0,536.6208,171.8197,242.0041,1.4085,0,0,0,0
701,3,0,0,1,1,1,0.9931,0.9921,0.8185,0.757,1126.8489,343.6568,925.7837,348.8057,1195.8635,649.6167,893.6402,667.224,201.1311,302.7358,1.5052,0,0,0,0
701,3,0,1,1,1,1,0.986,0.9877,0.882,0.8882,722.1434,348.9869,576.6222,350.214,773.6428,555.357,542.3009,570.5465,145.5264,231.84,1.5931,0,0,0,0
702,3,0,2,1,0,1,0.9881,0.9905,0.8758,0.8855,236.7484,284.0188,63.2326,282.0509,241.1964,525.1584,0.0,547.4224,173.527,242.2218,1.3959,0,0,0,0
702,3,0,1,1,1,1,0.9884,0.9893,0.8725,0.8804,716.8528,349.791,570.5672,348.5455,770.222,561.2714,543.716,566.0379,146.2908,226.5563,1.5487,0,0,0,0
702,3,0,0,1,1,1,0.993,0.9917,0.8202,0.7532,1127.7202,343.0612,928.1332,347.6011,1194.6127,647.1707,889.8481,661.5102,199.6386,305.1017,1.5283,0,0,0,0
703,3,0,2,1,0,1,0.9881,0.9906,0.8755,0.8861,236.7248,284.06,63.3166,281.8122,241.1897,525.093,0.0,547.0828,173.4228,242.19,1.3965,0,0,0,0
703,3,0,1,1,1,1,0.9884,0.9893,0.8725,0.8804,716.849,349.7606,570.5482,348.5475,770.2085,561.255,543.7561,566.0374,146.3059,226.5029,1.5481,0,0,0,0
703,3,0,0,1,1,1,0.993,0.9917,0.8206,0.7535,1127.6593,343.0495,928.16,347.638,1194.752,647.2068,889.8204,661.4933,199.552,305.266,1.5298,0,0,0,0
704,3,0,1,1,1,1,0.988,0.989,0.8679,0.8783,714.6238,349.889,566.2871,347.8711,770.4182,564.3999,546.651,559.2426,148.3505,223.8266,1.5088,0,0,0,0
704,3,0,2,1,0,1,0.9862,0.9927,0.8556,0.91,234.3749,283.6201,62.5027,282.3785,239.4418,530.9328,2.5673,549.5435,171.8767,237.6044,1.3824,0,0,0,0
704,3,0,0,1,1,1,0.9927,0.9907,0.8234,0.7443,1130.7693,343.1408,933.0504,347.4426,1194.835,646.9043,888.6304,656.3732,197.7657,306.3509,1.5491,0,0,0,0
705,3,0,1,1,1,1,0.9881,0.9892,0.8665,0.8803,714.4206,350.5604,565.7727,347.7001,771.8545,567.7642,550.0176,555.8479,148.6755,222.1567,1.4942,0,0,0,0
705,3,0,2,1,0,1,0.9831,0.9938,0.8223,0.9221,231.6746,283.0922,61.953,282.4757,242.2232,535.9784,4.7276,546.4978,169.7227,237.7284,1.4007,0,0,0,0
705,3,0,0,1,1,1,0.9922,0.9893,0.8383,0.7691,1136.9417,346.8196,935.7907,352.1348,1202.5642,652.3097,885.6649,660.4734,201.2212,317.0044,1.5754,0,0,0,0
706,3,0,1,1,1,1,0.9881,0.9893,0.8666,0.8804,714.4486,350.562,565.773,347.6843,771.8747,567.9202,549.9778,555.877,148.7034,222.2234,1.4944,0,0,0,0
706,3,0,2,1,0,1,0.983,0.9938,0.8219,0.922,231.6853,283.0776,61.9038,282.4682,242.1385,536.3339,4.737,547.0448,169.7826,237.643,1.3997,0,0,0,0
706,3,0,0,1,1,1,0.9923,0.9912,0.8195,0.7592,1134.6967,345.9711,938.009,350.7197,1195.7605,650.9142,891.5775,655.6776,196.745,304.2203,1.5463,0,0,0,0
707,3,0,1,1,1,1,0.9886,0.9885,0.8717,0.8721,715.7706,350.9786,567.3481,348.1302,773.7982,569.3086,552.1306,554.2467,148.4498,222.1787,1.4967,0,0,0,0
707,3,0,0,1,1,1,0.9921,0.9889,0.8436,0.7705,1142.8475,346.7539,943.0929,352.438,1202.2697,649.5056,889.3615,652.9246,199.8355,312.9268,1.5659,0,0,0,0
707,3,0,2,1,0,1,0.9825,0.994,0.8122,0.9204,232.0823,281.7532,61.2971,283.646,247.2339,537.9508,21.926,557.2312,170.7956,226.1314,1.324,0,0,0,0
708,3,0,1,1,1,1,0.9887,0.9885,0.8719,0.8719,715.7513,350.9495,567.3689,348.1002,773.7584,569.2666,552.0967,554.2392,148.4097,222.1705,1.497,0,0,0,0
708,3,0,0,1,1,1,0.9921,0.9889,0.8439,0.7704,1142.8035,346.7342,943.1459,352.4181,1202.3226,649.5165,889.3737,652.9154,199.7384,312.9674,1.5669,0,0,0,0
708,3,0,2,1,0,1,0.9824,0.994,0.8122,0.9204,232.0422,281.6709,61.2136,283.5658,247.1529,537.9965,21.9198,557.0892,170.8391,226.0409,1.3231,0,0,0,0
709,3,0,1,1,1,1,0.9887,0.9883,0.872,0.8692,718.3056,351.882,571.0938,349.2146,775.7326,569.2076,552.7549,553.8579,147.236,223.5055,1.518,0,0,0,0
709,3,0,0,1,1,1,0.992,0.9883,0.8476,0.7649,1149.5715,347.9552,950.7567,353.8408,1205.6927,650.1508,891.9337,652.5509,198.902,313.7682,1.5775,0,0,0,0
709,3,0,2,1,1,1,0.988,0.9942,0.8311,0.896,235.1105,279.0465,65.2935,283.0692,250.3396,539.9802,37.9624,559.3674,169.8646,213.2602,1.2555,0,0,0,0
710,3,0,1,1,1,1,0.9887,0.9883,0.8718,0.8693,718.3213,351.9116,571.0772,349.2378,775.7826,569.2048,552.7992,553.8552,147.2683,223.5111,1.5177,0,0,0,0
710,3,0,0,1,1,1,0.992,0.9884,0.8474,0.7649,1149.5798,347.9589,950.7285,353.85,1205.7094,650.0515,891.9662,652.6179,198.9386,313.7537,1.5771,0,0,0,0
710,3,0,2,1,1,1,0.988,0.9942,0.8309,0.8959,235.0885,279.0708,65.2514,283.0896,250.4476,540.2948,38.0054,559.68,169.8846,213.3249,1.2557,0,0,0,0
711,3,0,1,1,1,1,0.9885,0.9887,0.8716,0.8739,721.507,351.4512,575.1466,348.9031,776.4486,569.1566,552.7419,555.1491,146.3825,224.1449,1.5312,0,0,0,0
711,3,0,0,1,1,1,0.9896,0.9891,0.8479,0.8146,1156.6772,347.0766,955.5369,353.7355,1211.9983,642.9154,896.5767,646.5497,201.2506,315.4425,1.5674,0,0,0,0
711,3,0,2,1,1,1,0.9891,0.9939,0.8415,0.89,237.6913,278.4114,67.2888,283.248,259.3994,536.202,57.7228,554.5703,170.4712,202.5114,1.188,0,0,0,0
712,3,0,1,1,1,1,0.9856,0.9874,0.8758,0.8848,724.632,349.3052,580.2281,346.6007,777.9564,569.424,553.6737,558.9236,144.4292,224.5284,1.5546,0,0,0,0
712,3,0,0,1,1,1,0.993,0.9897,0.8401,0.7464,1152.5488,343.1648,959.9181,348.5732,1220.9132,634.192,902.9507,647.9668,192.7066,318.2607,1.6515,0,0,0,0
712,3,0,2,1,1,1,0.9842,0.9938,0.8398,0.9247,242.8326,278.1189,67.0375,284.9786,267.9646,529.5882,65.5134,551.6778,175.9288,203.6527,1.1576,0,0,0,0
713,3,0,1,1,1,1,0.9856,0.9874,0.8756,0.8848,724.6088,349.3028,580.2108,346.5945,777.97,569.4134,553.6778,558.9387,144.4233,224.5366,1.5547,0,0,0,0
713,3,0,0,1,1,1,0.993,0.9897,0.8399,0.7463,1152.5604,343.1616,959.9199,348.5868,1220.8749,634.1671,902.9752,647.9268,192.7169,318.1973,1.6511,0,0,0,0
713,3,0,2,1,1,1,0.9842,0.9938,0.8398,0.9248,242.8392,278.1201,67.0382,284.9613,267.9616,529.5974,65.5154,551.6778,175.934,203.6468,1.1575,0,0,0,0
714,3,0,1,1,1,1,0.9881,0.9896,0.8634,0.8764,726.6061,350.8718,582.3665,347.4381,776.8,570.3946,557.5088,560.7831,144.2804,219.5016,1.5214,0,0,0,0
714,3,0,0,1,1,1,0.9927,0.9903,0.8352,0.7552,1152.3307,342.9783,959.7032,348.0473,1223.4524,630.068,904.8595,647.0738,192.6941,319.0464,1.6557,0,0,0,0
714,3,0,2,1,1,1,0.9859,0.9932,0.8432,0.9231,248.2078,279.2728,72.778,287.1897,283.9536,522.9281,74.2985,550.76,175.6084,211.4943,1.2044,0,0,0,0
715,3,0,1,1,1,1,0.9881,0.9896,0.8633,0.8763,726.6364,350.8374,582.3706,347.4191,776.7985,570.4175,557.5461,560.8402,144.3063,219.4615,1.5208,0,0,0,0
715,3,0,0,1,1,1,0.9928,0.9903,0.8351,0.7547,1152.3298,342.9466,959.6402,348.0253,1223.5758,630.038,904.8354,646.8962,192.7566,319.1859,1.6559,0,0,0,0
715,3,0,2,1,1,1,0.9859,0.9932,0.8433,0.9232,248.2078,279.2536,72.7837,287.0904,283.9265,522.9065,74.1714,550.1972,175.599,211.523,1.2046,0,0,0,0
716,3,0,1,1,1,1,0.9855,0.9882,0.8735,0.8867,730.4904,349.16,585.7774,346.6793,778.5572,568.6642,559.2234,562.454,144.7343,219.4216,1.516,0,0,0,0
716,3,0,0,1,1,1,0.9918,0.9885,0.8538,0.773,1152.4181,344.4801,956.0794,350.6596,1220.8977,628.3943,903.8684,640.4486,196.4359,317.2584,1.6151,0,0,0,0
716,3,0,2,1,1,1,0.9845,0.9934,0.838,0.9278,256.8166,278.557,84.2635,285.5118,296.9234,529.2345,79.925,546.2629,172.6932,217.6655,1.2604,0,0,0,0
717,3,0,1,1,1,1,0.9855,0.9882,0.8734,0.8868,730.481,349.2006,585.7055,346.6432,778.5256,568.8772,559.251,562.3966,144.798,219.3704,1.515,0,0,0,0
717,3,0,0,1,1,1,0.9918,0.9885,0.8538,0.7738,1152.4248,344.5076,956.113,350.7063,1220.7457,628.5636,903.7964,640.2826,196.4097,317.1659,1.6148,0,0,0,0
717,3,0,2,1,1,1,0.9845,0.9934,0.8378,0.9277,256.8413,278.5604,84.2382,285.539,296.9614,529.3307,80.0195,546.268,172.7441,217.6021,1.2597,0,0,0,0
718,3,0,0,1,1,1,0.9916,0.9894,0.8414,0.7653,1143.5034,345.7822,957.0128,348.6342,1207.7859,631.9226,908.4036,639.6887,186.5124,299.483,1.6057,0,0,0,0
718,3,0,1,1,1,1,0.9853,0.9882,0.8725,0.8867,732.8008,349.2284,587.475,346.645,778.7876,566.9651,562.0847,563.5913,145.3487,216.7291,1.4911,0,0,0,0
718,3,0,2,1,1,1,0.9831,0.9942,0.8239,0.9349,266.1431,280.237,94.7943,286.8843,306.8854,524.5149,84.693,545.9771,171.4777,223.2266,1.3018,0,0,0,0
719,3,0,0,1,1,1,0.9917,0.9894,0.8417,0.7651,1143.6195,345.7738,957.0742,348.6002,1207.7534,631.9332,908.4002,639.9006,186.5668,299.4592,1.6051,0,0,0,0
719,3,0,1,1,1,1,0.9853,0.9882,0.8725,0.8869,732.6955,349.1721,587.4403,346.6019,778.7534,566.8727,562.1139,563.5322,145.2779,216.6652,1.4914,0,0,0,0
719,3,0,2,1,1,1,0.9831,0.9942,0.8238,0.9348,266.124,280.2114,94.7498,286.84,306.8231,524.5626,84.7209,546.108,171.5023,223.1448,1.3011,0,0,0,0
720,3,0,0,1,1,1,0.9925,0.9869,0.8683,0.768,1135.198,345.8722,945.7941,350.1979,1207.4546,629.8448,899.8696,641.3611,189.4533,307.8005,1.6247,0,0,0,0
720,3,0,1,1,1,1,0.9857,0.9882,0.8745,0.8864,734.2975,348.8623,588.3426,347.0369,778.4745,567.7246,564.546,564.8348,145.9662,213.948,1.4657,0,0,0,0
720,3,0,2,1,1,1,0.9815,0.9945,0.8153,0.9357,277.0531,281.5594,107.1086,289.7333,319.5893,522.0952,85.5688,547.4284,170.141,235.3877,1.3835,0,0,0,0
721,3,0,0,1,1,1,0.9925,0.9869,0.8683,0.768,1135.1699,345.8698,945.8002,350.1734,1207.424,629.8325,899.8452,641.2379,189.4186,307.7901,1.6249,0,0,0,0
721,3,0,1,1,1,1,0.9857,0.9883,0.8745,0.8865,734.3324,348.8824,588.321,347.0768,778.4522,567.7463,564.5612,564.8562,146.0226,213.9106,1.4649,0,0,0,0
721,3,0,2,1,1,1,0.9815,0.9945,0.8154,0.9357,277.0473,281.5637,107.0697,289.7298,319.6003,522.0368,85.5887,547.3804,170.1737,235.38,1.3832,0,0,0,0
722,3,0,1,1,1,1,0.9859,0.9881,0.8778,0.8852,735.5562,349.5311,589.1066,347.8601,778.0908,567.2062,565.1533,565.2906,146.4592,212.9461,1.454,0,0,0,0
722,3,0,0,1,1,1,0.9919,0.9874,0.8597,0.7788,1124.9749,346.4562,938.8065,351.3272,1197.6238,629.0468,896.5967,642.2104,186.232,301.3147,1.618,0,0,0,0
722,3,0,2,1,1,1,0.9875,0.9951,0.8421,0.9202,289.5262,277.3188,128.4164,285.5595,324.2207,528.7464,91.9931,551.2028,161.3204,233.3109,1.4463,0,0,0,0
723,3,0,0,1,1,1,0.9928,0.9894,0.8493,0.7602,1115.6924,345.9432,932.84,350.4865,1182.9817,629.6088,896.5007,638.9365,182.9089,286.6328,1.5671,0,0,0,0
723,3,0,1,1,1,1,0.9882,0.9894,0.8705,0.8757,735.4788,350.727,589.8236,348.1622,777.5378,568.3419,565.9633,563.526,145.6777,211.6293,1.4527,0,0,0,0
723,3,0,2,1,1,1,0.9806,0.9938,0.8551,0.9421,301.4162,276.7556,141.9168,287.6625,332.0713,524.2418,100.0097,547.8767,159.8719,233.2621,1.4591,0,0,0,0
724,3,0,0,1,1,1,0.9928,0.9894,0.8492,0.7602,1115.712,345.9211,932.8481,350.4814,1182.9557,629.6112,896.4828,638.9848,182.9208,286.6262,1.5669,0,0,0,0
724,3,0,1,1,1,1,0.9882,0.9894,0.8704,0.8757,735.4907,350.6834,589.8296,348.115,777.5434,568.3361,565.9276,563.4846,145.6838,211.6714,1.453,0,0,0,0
724,3,0,2,1,1,1,0.9806,0.9938,0.855,0.9422,301.3635,276.7623,141.898,287.6547,332.0472,524.2314,100.0105,547.7848,159.837,233.2291,1.4592,0,0,0,0
725,3,0,0,1,1,1,0.9925,0.9902,0.8413,0.7691,1108.4606,344.2718,926.9018,352.6129,1168.5293,626.9174,892.7727,645.2094,181.7503,276.3626,1.5206,0,0,0,0
725,3,0,1,1,1,1,0.9857,0.9876,0.8793,0.8843,736.5634,349.0221,590.8054,346.8576,778.2051,566.6167,565.2218,562.9215,145.7741,213.0154,1.4613,0,0,0,0
725,3,0,2,1,1,1,0.984,0.9948,0.8382,0.9422,316.6709,279.6547,158.2636,282.1858,345.4749,521.3978,105.0012,540.7616,158.4275,241.2521,1.5228,0,0,0,0
726,3,0,0,1,1,1,0.9925,0.9902,0.8416,0.7687,1108.4719,344.2282,926.9011,352.6248,1168.4612,626.9234,892.7969,645.3396,181.7648,276.2788,1.52,0,0,0,0
726,3,0,1,1,1,1,0.9857,0.9876,0.8792,0.8845,736.5572,348.9457,590.7872,346.8342,778.211,566.5878,565.3196,562.8254,145.7853,212.9246,1.4605,0,0,0,0
726,3,0,2,1,1,1,0.984,0.9948,0.838,0.9423,316.6277,279.7008,158.2554,282.1865,345.2624,521.3166,105.0353,540.6856,158.3918,241.0068,1.5216,0,0,0,0
727,3,0,0,1,1,1,0.9927,0.9897,0.848,0.7642,1103.0344,343.5214,920.0238,354.0688,1159.004,619.2922,887.2822,640.6446,183.3143,272.5595,1.4868,0,0,0,0
727,3,0,1,1,1,1,0.9858,0.9875,0.8777,0.8821,736.9076,349.2066,590.7376,347.4036,778.8432,568.0259,566.1535,563.6474,146.1812,212.7347,1.4553,0,0,0,0
727,3,0,2,1,1,1,0.9828,0.9948,0.8328,0.9443,326.8037,282.8618,171.2945,281.6445,355.2651,522.6414,124.9222,547.6853,155.514,231.7003,1.4899,0,0,0,0
728,3,0,0,1,1,1,0.9927,0.9897,0.848,0.7642,1103.0358,343.5152,920.023,354.0614,1159.0144,619.3034,887.2688,640.673,183.3164,272.5845,1.487,0,0,0,0
728,3,0,1,1,1,1,0.9858,0.9875,0.8777,0.8821,736.9143,349.224,590.7369,347.4105,778.8278,568.0377,566.1818,563.6862,146.1887,212.6905,1.4549,0,0,0,0
728,3,0,2,1,1,1,0.9828,0.9948,0.8328,0.9444,326.802,282.8466,171.2929,281.6266,355.2583,522.6639,124.9039,547.6609,155.5139,231.7068,1.4899,0,0,0,0
729,3,0,0,1,1,1,0.9923,0.9899,0.8414,0.7695,1100.4595,341.9395,918.5095,353.2466,1149.2577,619.3324,885.0909,635.664,182.3009,264.6712,1.4518,0,0,0,0
729,3,0,1,1,1,1,0.9862,0.9873,0.8807,0.8795,736.0254,348.5614,589.474,347.0398,780.4153,567.0379,563.6289,562.9643,146.5594,216.8246,1.4794,0,0,0,0
729,3,0,2,1,1,1,0.9792,0.9951,0.8132,0.9472,338.035,281.6157,186.3782,278.9697,365.9616,526.0287,137.9541,543.6182,151.6799,228.685,1.5077,0,0,0,0
730,3,0,0,1,1,1,0.9923,0.9899,0.8412,0.7695,1100.4645,341.9682,918.524,353.2724,1149.1884,619.4015,885.0654,635.6864,182.2913,264.6245,1.4517,0,0,0,0
730,3,0,1,1,1,1,0.9862,0.9873,0.8807,0.8794,736.0384,348.5691,589.477,347.036,780.4146,567.0924,563.6146,562.9738,146.5695,216.839,1.4794,0,0,0,0
730,3,0,2,1,1,1,0.9791,0.9951,0.8124,0.9472,338.0294,281.6319,186.3847,278.8474,366.0121,526.0342,137.7461,543.359,151.6703,228.9226,1.5093,0,0,0,0
731,3,0,0,1,1,1,0.9926,0.9898,0.8517,0.7785,1100.3958,342.6251,920.9573,353.1003,1152.0164,616.3048,884.7972,633.0149,179.7439,267.7411,1.4896,0,0,0,0
731,3,0,1,1,1,1,0.9864,0.9878,0.8853,0.8887,733.2343,348.7497,587.4781,347.184,782.3168,565.3581,560.0221,558.6735,145.7646,222.3952,1.5257,0,0,0,0
731,3,0,2,1,1,1,0.9844,0.995,0.8462,0.9513,348.6683,282.0684,201.6984,279.4222,379.2261,525.1986,158.7741,539.3376,146.9937,220.905,1.5028,0,0,0,0
732,3,0,0,1,1,1,0.9926,0.9898,0.8518,0.7785,1100.3948,342.6011,920.9562,353.0956,1151.9868,616.2912,884.8029,633.0154,179.7452,267.7069,1.4894,0,0,0,0
732,3,0,1,1,1,1,0.9864,0.9878,0.8853,0.8887,733.2502,348.7389,587.4806,347.174,782.3108,565.3677,560.0316,558.6772,145.778,222.3798,1.5255,0,0,0,0
732,3,0,2,1,1,1,0.9844,0.995,0.8462,0.9513,348.6526,282.0476,201.7083,279.4169,379.2403,525.0931,158.7624,539.3383,146.9678,220.9376,1.5033,0,0,0,0
733,3,0,0,1,1,1,0.9932,0.9893,0.8613,0.7663,1104.1014,342.5157,925.385,352.7367,1160.4788,615.2472,887.9417,633.9802,179.0085,273.1801,1.5261,0,0,0,0
733,3,0,1,1,1,1,0.9893,0.9885,0.8843,0.874,726.6388,351.6694,582.2142,350.0895,779.5226,567.1352,557.9664,558.8046,144.4333,221.7128,1.5351,0,0,0,0
733,3,0,2,1,1,1,0.9832,0.9963,0.8155,0.9463,358.7954,282.2446,211.9538,278.9011,390.7924,523.258,177.5854,538.14,146.8797,213.7257,1.4551,0,0,0,0
734,3,0,1,1,1,1,0.9903,0.987,0.8975,0.8675,720.0726,353.3737,574.0334,353.0785,777.984,566.5229,555.7124,553.7508,146.0395,222.6383,1.5245,0,0,0,0
734,3,0,0,1,1,1,0.993,0.9886,0.8617,0.7651,1110.785,342.6814,934.3495,351.042,1166.1123,618.1006,892.4373,627.3341,176.6335,273.8308,1.5503,0,0,0,0
734,3,0,2,1,1,1,0.9829,0.9958,0.8158,0.9406,368.8483,280.6303,222.1268,278.3796,395.8606,520.9161,197.9695,530.5021,146.7388,198.1231,1.3502,0,0,0,0
735,3,0,1,1,1,1,0.9903,0.987,0.8975,0.8675,720.0694,353.388,574.06,353.054,777.9984,566.5324,555.4607,553.9366,146.0097,222.8939,1.5266,0,0,0,0
735,3,0,0,1,1,1,0.993,0.9887,0.8617,0.7654,1110.7877,342.7026,934.3554,351.0516,1166.0876,618.0798,892.4404,627.3194,176.6297,273.8032,1.5502,0,0,0,0
735,3,0,2,1,1,1,0.9829,0.9959,0.8155,0.9407,368.8403,280.6265,222.1252,278.3716,395.7984,520.8993,197.9571,530.5656,146.7324,198.0774,1.3499,0,0,0,0
736,3,0,1,1,1,1,0.9897,0.9825,0.9097,0.8554,713.5514,356.0988,566.9026,356.7065,776.966,567.053,552.5482,550.6796,146.6501,225.0143,1.5344,0,0,0,0
736,3,0,0,1,1,1,0.9891,0.9858,0.8654,0.8248,1120.3671,344.5625,943.0045,354.4989,1171.768,620.9002,890.8794,621.843,177.6407,280.8901,1.5812,0,0,0,0
736,3,0,2,1,1,1,0.9851,0.9954,0.8006,0.9349,374.6715,282.9173,222.9967,280.0736,417.8656,523.227,218.0368,527.7379,151.7014,199.8797,1.3176,0,0,0,0
737,3,0,1,1,1,1,0.9897,0.9825,0.9098,0.8554,713.5424,356.0904,566.9231,356.691,776.9758,567.0434,552.573,550.6774,146.6206,224.9989,1.5346,0,0,0,0
737,3,0,0,1,1,1,0.9891,0.9858,0.8654,0.8249,1120.3778,344.583,943.0366,354.4714,1171.7632,620.89,890.8547,621.7954,177.6167,280.9099,1.5816,0,0,0,0
737,3,0,2,1,1,1,0.9851,0.9954,0.8006,0.9348,374.6861,282.9564,222.9897,280.1006,417.7839,523.3388,218.065,527.7598,151.7233,199.7678,1.3167,0,0,0,0
738,3,0,1,1,1,1,0.9906,0.9817,0.9132,0.8457,707.4962,359.1525,560.966,358.629,775.2508,570.4919,541.938,544.9101,146.5311,234.7111,1.6018,0,0,0,0
738,3,0,2,1,1,1,0.9832,0.9943,0.8276,0.9375,379.91,285.5919,226.7781,282.0119,431.3312,519.993,233.071,523.7995,153.1738,198.2967,1.2946,0,0,0,0
738,3,0,0,1,1,1,0.9882,0.9866,0.8594,0.8332,1126.9692,346.2349,950.7891,352.824,1182.5172,619.5426,897.6399,620.972,176.3033,284.8809,1.6159,0,0,0,0
739,3,0,1,1,1,1,0.9907,0.9817,0.9133,0.8458,707.4452,359.1534,561.0094,358.5666,775.2344,570.5478,542.0016,544.8689,146.437,234.6422,1.6023,0,0,0,0
739,3,0,2,1,1,1,0.9832,0.9943,0.8276,0.9373,379.9782,285.7484,226.8753,282.0724,431.3224,520.5061,233.0867,523.7388,153.147,198.262,1.2946,0,0,0,0
739,3,0,0,1,1,1,0.9883,0.9864,0.8604,0.8316,1126.9469,346.3335,950.9471,352.7977,1182.6716,619.8836,897.6623,620.8921,176.1185,285.0111,1.6183,0,0,0,0
740,3,0,2,1,1,1,0.9823,0.9945,0.8217,0.9406,382.8066,288.6142,230.151,282.0712,443.1751,517.7892,242.2234,521.3999,152.7957,200.9841,1.3154,0,0,0,0
740,3,0,0,1,1,1,0.9908,0.9876,0.8568,0.8045,1133.6915,346.1972,958.0664,351.2212,1193.7733,622.012,904.7998,624.2815,175.697,288.9824,1.6448,0,0,0,0
740,3,0,1,1,1,1,0.9913,0.9814,0.918,0.8445,703.654,360.2614,557.9464,361.1364,772.9029,571.7422,539.0752,552.62,145.7103,234.6084,1.6101,0,0,0,0
741,3,0,2,1,1,1,0.9828,0.9943,0.8231,0.9366,385.4389,289.3793,233.2887,281.8884,451.583,519.904,244.7909,519.7537,152.3345,206.7922,1.3575,0,0,0,0
741,3,0,0,1,1,1,0.9908,0.9876,0.8605,0.8049,1140.094,347.3502,963.3495,351.968,1199.5242,621.5669,911.4274,623.5124,176.8048,288.1033,1.6295,0,0,0,0
741,3,0,1,1,1,1,0.9911,0.982,0.9156,0.8471,703.1422,361.3435,557.3319,362.4259,765.8414,572.7952,531.602,553.4319,145.8144,235.0385,1.6119,0,0,0,0
742,3,0,2,1,1,1,0.9828,0.9943,0.8231,0.9366,385.4552,289.3991,233.3002,281.8937,451.5947,519.9012,244.7836,519.7392,152.34,206.8112,1.3576,0,0,0,0
742,3,0,0,1,1,1,0.9908,0.9877,0.8599,0.8055,1140.0509,347.544,963.2338,352.0047,1199.5725,621.71,911.4084,623.7122,176.8733,288.1711,1.6293,0,0,0,0
742,3,0,1,1,1,1,0.9911,0.982,0.9155,0.8471,703.1308,361.387,557.3254,362.4114,765.9406,573.015,531.6178,553.436,145.809,235.1394,1.6127,0,0,0,0
743,3,0,2,1,1,1,0.9886,0.9952,0.8443,0.9261,386.9811,289.8078,237.3742,280.3003,453.661,525.3682,243.1357,516.2077,149.9087,210.7244,1.4057,0,0,0,0
743,3,0,0,1,1,1,0.9894,0.9854,0.8788,0.8199,1146.925,348.7232,967.2824,353.0578,1202.5247,619.1681,914.0798,622.1988,179.6949,288.4608,1.6053,0,0,0,0
743,3,0,1,1,1,1,0.991,0.982,0.914,0.8441,705.795,360.6649,561.4402,362.1113,754.9311,573.9383,528.9463,561.5418,144.3621,226.3246,1.5678,0,0,0,0
744,3,0,2,1,1,1,0.9886,0.9952,0.8446,0.926,387.0188,289.8072,237.3786,280.3088,453.6339,525.437,243.1906,516.2708,149.9413,210.6428,1.4048,0,0,0,0
744,3,0,0,1,1,1,0.9894,0.9854,0.8787,0.82,1146.8799,348.7203,967.2787,353.031,1202.5254,619.1759,914.0598,622.2432,179.6529,288.4819,1.6058,0,0,0,0
744,3,0,1,1,1,1,0.991,0.982,0.9141,0.8439,705.7924,360.6796,561.448,362.1282,754.9182,573.92,528.9625,561.4914,144.3517,226.2972,1.5677,0,0,0,0
745,3,0,2,1,1,1,0.984,0.994,0.8372,0.9339,390.0473,288.61,240.1,280.7949,452.6985,522.3639,235.6268,523.4215,150.1508,217.0743,1.4457,0,0,0,0
745,3,0,0,1,1,1,0.9886,0.9868,0.8677,0.8292,1148.3857,349.1972,968.6295,353.8044,1202.3387,617.1254,916.0715,621.0215,179.8153,286.2937,1.5922,0,0,0,0
745,3,0,1,1,1,1,0.99,0.9825,0.9076,0.8473,709.8933,361.864,569.1095,360.8364,738.5728,574.3866,524.1415,564.63,140.7876,214.6532,1.5247,0,0,0,0
746,3,0,2,1,1,1,0.984,0.994,0.8369,0.9338,390.0422,288.5205,240.0244,280.7827,452.789,522.4762,235.6166,523.4168,150.2172,217.1745,1.4457,0,0,0,0
746,3,0,0,1,1,1,0.9886,0.9869,0.8675,0.8296,1148.4526,349.2071,968.6307,353.7858,1202.375,617.0406,916.0847,620.8529,179.8802,286.3157,1.5917,0,0,0,0
746,3,0,1,1,1,1,0.99,0.9825,0.9077,0.8471,709.8579,361.8524,569.1407,360.8394,738.5475,574.3934,524.0558,564.6461,140.7209,214.7131,1.5258,0,0,0,0
747,3,0,2,1,1,1,0.985,0.9934,0.8432,0.9239,392.5302,288.7624,241.7912,281.7973,449.7324,525.1601,222.6388,531.8388,150.8999,227.1918,1.5056,0,0,0,0
747,3,0,0,1,1,1,0.9885,0.9873,0.8634,0.8296,1148.31,349.6853,967.7664,352.8304,1202.3875,618.799,917.0514,620.4502,180.5711,285.3408,1.5802,0,0,0,0
747,3,0,1,1,1,1,0.9897,0.9822,0.9095,0.8473,716.6642,361.1458,577.1378,361.2234,723.0852,563.0948,526.9946,567.1612,139.5264,196.1328,1.4057,0,0,0,0
748,3,0,2,1,1,1,0.9843,0.9942,0.8318,0.9285,395.1162,289.3778,242.5631,282.3942,444.3192,526.0638,208.2157,534.2528,152.7128,236.2455,1.547,0,0,0,0
748,3,0,0,1,1,1,0.9883,0.9872,0.8636,0.8336,1145.8152,349.7493,967.2148,352.9552,1199.557,622.2632,917.4911,619.5412,178.6292,282.079,1.5791,0,0,0,0
748,3,0,1,1,1,1,0.9906,0.9787,0.9253,0.8351,720.8656,363.1313,588.1914,363.8394,708.9646,561.3055,539.804,568.499,132.6761,169.3135,1.2761,0,0,0,0
749,3,0,2,1,1,1,0.9843,0.9941,0.8323,0.9283,395.1665,289.3944,242.6165,282.3738,444.4999,526.104,208.193,534.2685,152.7114,236.4479,1.5483,0,0,0,0
749,3,0,0,1,1,1,0.9883,0.9872,0.8637,0.8336,1145.8005,349.7536,967.228,352.9537,1199.5723,622.2583,917.4979,619.5564,178.6012,282.0873,1.5794,0,0,0,0
749,3,0,1,1,1,1,0.9906,0.9788,0.9252,0.8355,720.8906,363.149,588.1954,363.8288,709.0081,561.3526,539.9624,568.3584,132.6969,169.1908,1.275,0,0,0,0
750,3,0,2,1,1,1,0.9839,0.9944,0.8317,0.931,396.0492,288.1703,241.7194,283.2894,431.3672,525.5256,198.5777,532.0426,154.407,232.8806,1.5082,0,0,0,0
750,3,0,0,1,1,1,0.9879,0.987,0.8605,0.8335,1141.6978,351.8779,964.8776,353.158,1192.067,623.3808,915.54,620.4334,176.8248,276.5427,1.5639,0,0,0,0
750,3,0,1,1,1,1,0.9903,0.9762,0.9295,0.8283,727.1316,361.4964,600.0407,364.2065,695.9926,553.2616,547.9635,569.6802,127.1197,148.9368,1.1716,0,0,0,0
751,3,0,2,1,1,1,0.9839,0.9944,0.8317,0.931,396.0689,288.1971,241.7214,283.3047,431.3588,525.5572,198.6019,532.1882,154.4251,232.8514,1.5079,0,0,0,0
751,3,0,0,1,1,1,0.988,0.987,0.8606,0.8335,1141.6912,351.883,964.8918,353.1623,1192.0498,623.3871,915.5491,620.457,176.8039,276.5162,1.564,0,0,0,0
751,3,0,1,1,1,1,0.9903,0.9762,0.9295,0.8283,727.1488,361.5004,600.0418,364.2124,695.9833,553.2608,547.958,569.6798,127.1359,148.9331,1.1714,0,0,0,0
752,3,0,0,1,1,1,0.9876,0.9872,0.8574,0.8363,1136.4447,349.4538,963.2491,351.5621,1182.4226,622.3016,914.5376,620.4366,173.2084,267.8915,1.5466,0,0,0,0
752,3,0,2,1,1,1,0.985,0.9941,0.8424,0.9302,395.9709,288.9429,241.4975,283.0205,421.9754,532.5622,189.8124,531.7764,154.5869,232.1643,1.5018,0,0,0,0
752,3,0,1,1,1,1,0.9906,0.974,0.9369,0.8221,733.0893,362.1286,610.191,367.6695,686.3724,545.2611,557.5014,573.0694,123.0232,131.8371,1.0716,0,0,0,0
753,3,0,0,1,1,1,0.9876,0.9872,0.8574,0.8361,1136.4873,349.4601,963.2407,351.5289,1182.487,622.2178,914.5281,620.3823,173.259,267.9652,1.5466,0,0,0,0
753,3,0,2,1,1,1,0.9849,0.9941,0.8422,0.9301,395.9719,289.0001,241.4602,283.0724,422.0072,532.8698,189.7843,532.0453,154.6254,232.2243,1.5019,0,0,0,0
753,3,0,1,1,1,1,0.9905,0.9741,0.9368,0.8223,733.0908,362.1099,610.1855,367.6818,686.4806,545.1997,557.4654,573.0161,123.0315,131.9797,1.0727,0,0,0,0
754,3,0,0,1,1,1,0.9868,0.988,0.8494,0.8465,1133.7484,348.5593,961.1445,351.1946,1173.4066,621.6604,911.756,618.9254,172.6241,261.6649,1.5158,0,0,0,0
754,3,0,2,1,1,1,0.986,0.995,0.8534,0.9406,393.4045,288.4034,239.3827,283.008,418.0341,527.7518,185.3744,529.2794,154.1162,232.6647,1.5097,0,0,0,0
754,3,0,1,1,1,1,0.992,0.978,0.946,0.8323,737.6643,360.0414,625.0654,366.1124,679.6528,539.6908,572.3592,563.2773,112.7624,109.8555,0.9742,0,0,0,0
755,3,0,0,1,1,1,0.9868,0.988,0.8492,0.8466,1133.756,348.554,961.1425,351.1881,1173.4396,621.6756,911.7473,618.9289,172.6336,261.7067,1.516,0,0,0,0
755,3,0,2,1,1,1,0.986,0.995,0.8532,0.9407,393.402,288.4003,239.41,282.9601,418.0361,527.7522,185.3604,529.1779,154.0881,232.6801,1.51,0,0,0,0
755,3,0,1,1,1,1,0.992,0.978,0.946,0.8322,737.67,360.0392,625.0645,366.1065,679.6457,539.706,572.3562,563.2546,112.7688,109.8433,0.9741,0,0,0,0
756,3,0,0,1,1,1,0.9881,0.9867,0.8593,0.8293,1130.4929,348.0672,959.663,351.3026,1166.3906,619.1968,907.9338,617.4786,170.8606,258.4625,1.5127,0,0,0,0
756,3,0,2,1,1,1,0.9874,0.9947,0.866,0.9373,390.3979,289.2946,235.6627,284.1694,406.3752,528.0254,181.5399,531.1798,154.8201,224.8573,1.4524,0,0,0,0
756,3,0,1,1,1,1,0.9922,0.9783,0.9474,0.8358,741.9692,357.9319,630.76,361.0559,682.4588,533.3078,581.3846,557.1699,111.2532,103.8528,0.9335,0,0,0,0
757,3,0,0,1,1,1,0.9881,0.9867,0.8592,0.8293,1130.4551,348.084,959.6144,351.3008,1166.413,619.1963,907.9238,617.4843,170.8709,258.4948,1.5128,0,0,0,0
757,3,0,2,1,1,1,0.9874,0.9947,0.8662,0.9373,390.3898,289.3013,235.7042,284.1243,406.563,527.9635,181.5286,530.6552,154.7723,225.0505,1.4541,0,0,0,0
757,3,0,1,1,1,1,0.9922,0.9783,0.9474,0.8358,741.9762,357.961,630.7592,361.0802,682.4154,533.3048,581.4184,557.2234,111.2608,103.7906,0.9329,0,0,0,0
758,3,0,0,1,1,1,0.9886,0.9864,0.8625,0.8285,1127.6348,347.942,957.2531,351.614,1163.4546,621.0982,904.5134,614.7658,170.4213,259.0186,1.5199,0,0,0,0
758,3,0,2,1,1,1,0.9874,0.9945,0.8653,0.9354,387.2957,288.0866,232.993,283.4415,394.5725,533.6184,178.9205,532.0686,154.3726,215.6576,1.397,0,0,0,0
758,3,0,1,1,1,1,0.993,0.9795,0.9501,0.8404,745.5172,352.7328,632.8212,355.2981,698.5447,529.695,586.9713,548.0774,112.7253,113.0775,1.0031,0,0,0,0
759,3,0,0,1,1,1,0.9885,0.9861,0.8625,0.8272,1126.7708,348.0969,955.2356,352.1909,1162.9028,621.0192,902.8386,616.2476,171.584,260.108,1.5159,0,0,0,0
759,3,0,2,1,1,1,0.9898,0.9943,0.8596,0.9203,379.6104,288.6734,226.512,282.3112,386.3166,538.2602,179.1637,532.8151,153.2306,207.2245,1.3524,0,0,0,0
759,3,0,1,1,1,1,0.9929,0.9811,0.948,0.8495,748.7312,349.1785,633.5852,351.3674,710.493,531.1562,589.2134,543.661,115.1669,121.9226,1.0587,0,0,0,0
760,3,0,0,1,1,1,0.9885,0.9861,0.8624,0.8274,1126.7373,348.0939,955.27,352.1802,1162.883,620.9992,902.8625,616.2179,171.516,260.0645,1.5163,0,0,0,0
760,3,0,2,1,1,1,0.9897,0.9943,0.8592,0.9204,379.6152,288.6736,226.5038,282.3425,386.3254,538.2652,179.1534,532.8767,153.2422,207.2421,1.3524,0,0,0,0
760,3,0,1,1,1,1,0.9929,0.981,0.948,0.8494,748.7347,349.1747,633.5909,351.356,710.4914,531.144,589.2224,543.6372,115.1645,121.9107,1.0586,0,0,0,0
761,3,0,0,1,1,1,0.9887,0.9858,0.8655,0.8247,1125.9525,347.6553,953.6766,352.0099,1162.5295,621.4685,902.7862,615.912,172.331,259.8028,1.5076,0,0,0,0
761,3,0,2,1,1,1,0.9878,0.9947,0.851,0.9239,373.4949,288.0629,222.7311,280.8072,381.4153,540.1188,175.1906,529.8626,150.9383,206.4795,1.368,0,0,0,0
761,3,0,1,1,1,1,0.9932,0.9834,0.9469,0.8605,750.972,348.2762,631.6368,350.8238,726.7744,531.1512,589.99,539.3034,119.3625,137.0271,1.148,0,0,0,0
762,3,0,0,1,1,1,0.9887,0.9858,0.8654,0.8246,1125.951,347.6382,953.7155,351.9506,1162.4885,621.495,902.7858,615.869,172.2896,259.7636,1.5077,0,0,0,0
762,3,0,2,1,1,1,0.9878,0.9947,0.8509,0.9239,373.5176,288.0651,222.7412,280.8201,381.3464,540.1088,175.2391,529.8821,150.9503,206.3608,1.3671,0,0,0,0
762,3,0,1,1,1,1,0.9931,0.9833,0.9468,0.8603,750.9324,348.3411,631.6222,350.9063,726.5733,531.2539,589.8886,539.363,119.3378,136.925,1.1474,0,0,0,0
763,3,0,0,1,1,1,0.9889,0.9854,0.8673,0.8207,1124.9662,347.3161,952.3771,351.8561,1162.3508,620.1876,903.2093,616.2162,172.6488,259.172,1.5012,0,0,0,0
763,3,0,2,1,1,1,0.9887,0.9943,0.8699,0.9196,366.1759,290.449,214.3998,283.1954,375.399,539.0412,174.9857,530.136,151.9493,200.611,1.3202,0,0,0,0
763,3,0,1,1,1,1,0.9931,0.984,0.9441,0.8598,751.092,349.3202,627.7437,351.8775,738.0598,532.9218,589.8042,540.1768,123.3748,148.4329,1.2031,0,0,0,0
764,3,0,0,1,1,1,0.9889,0.9854,0.8673,0.8206,1124.9824,347.3266,952.3459,351.8853,1162.3428,620.1541,903.2052,616.2566,172.6967,259.1669,1.5007,0,0,0,0
764,3,0,2,1,1,1,0.9887,0.9943,0.8699,0.9195,366.1504,290.4599,214.3766,283.1803,375.38,539.0524,174.9491,530.1935,151.9483,200.6266,1.3204,0,0,0,0
764,3,0,1,1,1,1,0.9931,0.984,0.9442,0.8599,751.106,349.323,627.7488,351.8759,738.0697,532.9154,589.8321,540.155,123.3835,148.4143,1.2029,0,0,0,0
765,3,0,0,1,1,1,0.9886,0.9856,0.8646,0.8223,1123.9744,346.9977,950.9823,351.7845,1161.5641,618.0136,903.5634,616.1051,173.0583,258.0078,1.4909,0,0,0,0
765,3,0,2,1,1,1,0.9859,0.9937,0.8649,0.9288,357.3086,289.4945,201.397,283.2637,378.4205,536.3797,166.5631,529.8329,156.0361,211.9585,1.3584,0,0,0,0
765,3,0,1,1,1,1,0.9923,0.9821,0.9419,0.8615,750.7894,350.5974,620.3194,353.7408,748.498,537.2173,586.3756,541.154,130.5078,162.1702,1.2426,0,0,0,0
766,3,0,0,1,1,1,0.9886,0.9855,0.865,0.8217,1123.9685,347.0019,951.0419,351.7372,1161.5681,617.9988,903.5852,616.0604,172.9914,257.9902,1.4913,0,0,0,0
766,3,0,2,1,1,1,0.9859,0.9937,0.8654,0.9287,357.385,289.4576,201.5353,283.1848,378.5006,536.1621,166.4803,530.0803,155.9759,212.1075,1.3599,0,0,0,0
766,3,0,1,1,1,1,0.9923,0.9822,0.9419,0.8618,750.7827,350.5008,620.3172,353.6472,748.4645,537.2122,586.3288,541.165,130.5034,162.1839,1.2428,0,0,0,0
767,3,0,0,1,1,1,0.9928,0.9887,0.8612,0.7662,1121.477,344.8498,949.3388,349.395,1157.6382,618.7414,909.6339,620.6974,172.1982,248.012,1.4403,0,0,0,0
767,3,0,2,1,1,1,0.9868,0.9931,0.8705,0.9222,347.0411,287.4266,189.441,281.2068,376.2689,534.4898,156.609,531.4643,157.7227,219.6807,1.3928,0,0,0,0
767,3,0,1,1,1,1,0.9919,0.9834,0.9361,0.8671,746.6574,350.159,615.7986,353.2877,757.7055,541.3994,585.2786,538.1817,130.8962,172.4569,1.3175,0,0,0,0
768,3,0,0,1,1,1,0.9928,0.9887,0.8612,0.7661,1121.4491,344.8427,949.346,349.3665,1157.6324,618.7228,909.6241,620.6841,172.1625,248.0161,1.4406,0,0,0,0
768,3,0,2,1,1,1,0.9868,0.9931,0.8703,0.9222,347.048,287.4446,189.4151,281.2039,376.264,534.552,156.6212,531.4651,157.7564,219.6645,1.3924,0,0,0,0
768,3,0,1,1,1,1,0.9919,0.9834,0.9361,0.8672,746.6454,350.1432,615.7983,353.277,757.7472,541.4582,585.2864,538.1538,130.8846,172.4925,1.3179,0,0,0,0
769,3,0,2,1,1,1,0.9876,0.9926,0.8763,0.9193,336.2441,287.3288,177.0935,282.2572,367.9668,534.4444,145.8554,531.5476,159.2313,222.1303,1.395,0,0,0,0
769,3,0,0,1,1,1,0.9926,0.9889,0.8589,0.7718,1121.253,345.3502,948.3805,349.9812,1157.3743,618.488,911.2401,621.2489,172.9346,246.1496,1.4234,0,0,0,0
769,3,0,1,1,1,1,0.9908,0.9848,0.9262,0.8766,742.9296,350.0935,611.3553,352.4601,765.07,543.6772,585.9732,534.1702,131.5956,179.3491,1.3629,0,0,0,0
770,3,0,0,1,1,1,0.9928,0.9889,0.8616,0.7696,1120.2837,344.7445,948.5803,349.4876,1157.3975,618.2177,913.0351,623.8038,171.7689,244.4262,1.423,0,0,0,0
770,3,0,2,1,1,1,0.988,0.9923,0.8742,0.915,327.4526,288.5513,167.2,283.9283,359.1318,535.7734,129.2736,530.2802,160.3193,229.9239,1.4342,0,0,0,0
770,3,0,1,1,1,1,0.989,0.9864,0.9112,0.8871,740.0442,349.4422,608.0156,352.9962,770.7425,548.0725,587.9308,530.3068,132.0764,183.673,1.3907,0,0,0,0
771,3,0,0,1,1,1,0.9928,0.9889,0.8615,0.7693,1120.3007,344.7307,948.5665,349.486,1157.3987,618.1352,913.0298,623.8485,171.8,244.4356,1.4228,0,0,0,0
771,3,0,2,1,1,1,0.988,0.9923,0.8742,0.915,327.4966,288.5095,167.2324,283.9894,359.1212,535.7759,129.2792,530.3476,160.3279,229.9062,1.434,0,0,0,0
771,3,0,1,1,1,1,0.9889,0.9864,0.9111,0.8871,740.0542,349.434,608.0216,353.0051,770.726,548.0308,587.9469,530.3156,132.0809,183.6357,1.3903,0,0,0,0
772,3,0,2,1,1,1,0.9891,0.9919,0.8821,0.91,315.5344,288.6823,156.9097,283.6698,351.219,533.884,113.3677,533.4352,158.7038,237.8517,1.4987,0,0,0,0
772,3,0,0,1,1,1,0.993,0.9889,0.8634,0.7668,1120.0203,345.0782,948.2465,350.3235,1157.9343,618.9048,913.7028,625.587,171.8539,244.323,1.4217,0,0,0,0
772,3,0,1,1,1,1,0.988,0.9879,0.9012,0.8957,738.5179,348.6015,606.4778,352.2464,775.5076,544.1417,588.878,528.7932,132.0903,187.2596,1.4177,0,0,0,0
773,3,0,2,1,1,1,0.9891,0.992,0.8818,0.9104,315.5427,288.69,156.865,283.6738,351.1891,533.9306,113.2471,533.2644,158.7569,237.9429,1.4988,0,0,0,0
773,3,0,0,1,1,1,0.9931,0.9889,0.8635,0.7667,1120.0122,345.0604,948.2343,350.318,1157.923,618.895,913.7226,625.6111,171.8584,244.2927,1.4215,0,0,0,0
773,3,0,1,1,1,1,0.988,0.9879,0.9016,0.8957,738.6099,348.6174,606.5232,352.2795,775.5002,544.0334,588.8792,528.7952,132.1375,187.242,1.417,0,0,0,0
774,3,0,0,1,1,1,0.989,0.9852,0.8694,0.8209,1122.1127,346.5619,948.8094,352.4374,1161.449,617.2783,909.0566,620.6966,173.4028,252.4155,1.4557,0,0,0,0
774,3,0,1,1,1,1,0.9871,0.9885,0.8965,0.9014,738.6687,348.7045,607.5291,352.0022,776.5586,542.101,590.0046,531.4642,131.181,186.857,1.4244,0,0,0,0
774,3,0,2,1,1,1,0.9842,0.9924,0.8774,0.926,302.0196,289.5968,147.1262,289.2649,339.5816,532.3493,98.8088,536.045,154.8938,240.8012,1.5546,0,0,0,0
775,3,0,0,1,1,1,0.989,0.9852,0.8691,0.8211,1122.1117,346.5342,948.864,352.3439,1161.448,617.2812,909.1027,620.6421,173.3451,252.3677,1.4559,0,0,0,0
775,3,0,1,1,1,1,0.9871,0.9885,0.8968,0.9013,738.6806,348.7263,607.56,352.0128,776.5524,542.0622,590.0389,531.5142,131.1619,186.8116,1.4243,0,0,0,0
775,3,0,2,1,1,1,0.9842,0.9924,0.8776,0.926,302.0016,289.5555,147.122,289.2136,339.5853,532.3288,98.822,536.0683,154.8799,240.7923,1.5547,0,0,0,0
776,3,0,0,1,1,1,0.9889,0.9854,0.868,0.8229,1122.6819,346.3623,949.3478,352.3512,1162.192,619.2416,908.069,620.2326,173.4375,254.125,1.4652,0,0,0,0
776,3,0,1,1,1,1,0.987,0.9887,0.8965,0.902,740.0608,349.503,609.827,351.8207,776.3661,541.9834,591.602,535.3764,130.2544,184.8822,1.4194,0,0,0,0
776,3,0,2,1,1,1,0.9865,0.9936,0.8565,0.9198,293.8974,291.6662,134.5685,285.99,327.9449,541.9712,78.1963,535.9736,159.43,249.8206,1.567,0,0,0,0
777,3,0,0,1,1,1,0.9889,0.9857,0.8662,0.8228,1122.678,346.5066,949.3214,352.3323,1163.7238,619.1374,906.3132,619.8566,173.4545,257.4115,1.484,0,0,0,0
777,3,0,2,1,1,1,0.9851,0.9942,0.8376,0.9239,286.0452,291.2214,124.9999,285.1611,313.117,545.0139,58.5685,531.2398,161.1593,254.9209,1.5818,0,0,0,0
777,3,0,1,1,1,1,0.9883,0.9885,0.9057,0.8974,741.7535,350.4484,613.2889,351.7692,775.956,540.2478,592.1152,539.2108,128.4714,183.8438,1.431,0,0,0,0
778,3,0,0,1,1,1,0.9889,0.9857,0.8662,0.8228,1122.6826,346.5159,949.3253,352.3385,1163.7246,619.1456,906.299,619.8544,173.4551,257.4266,1.4841,0,0,0,0
778,3,0,2,1,1,1,0.9851,0.9942,0.8376,0.9239,286.0418,291.2107,125.041,285.0815,313.1214,545.024,58.5565,531.3217,161.1174,254.9335,1.5823,0,0,0,0
778,3,0,1,1,1,1,0.9883,0.9885,0.9057,0.8974,741.755,350.4565,613.286,351.7627,775.96,540.2624,592.104,539.2082,128.4756,183.8589,1.4311,0,0,0,0
779,3,0,2,1,1,1,0.9871,0.9935,0.8524,0.9168,278.4658,295.294,115.7422,283.7116,298.7176,553.8988,47.5445,527.7547,163.1353,252.5301,1.548,0,0,0,0
779,3,0,0,1,1,1,0.9887,0.9861,0.8631,0.825,1123.5166,346.284,950.4147,351.8664,1164.0767,617.8551,905.2213,618.7698,173.1919,258.857,1.4946,0,0,0,0
779,3,0,1,1,1,1,0.9891,0.9881,0.9143,0.8962,744.7109,351.6067,617.8994,351.7703,775.3022,540.8854,592.4787,541.4525,126.8116,182.8244,1.4417,0,0,0,0
780,3,0,2,1,1,1,0.9871,0.9935,0.8525,0.9169,278.4206,295.253,115.7872,283.6445,298.7447,553.8732,47.5452,527.7384,163.0471,252.5554,1.549,0,0,0,0
780,3,0,0,1,1,1,0.9888,0.986,0.8632,0.8248,1123.4913,346.3048,950.4517,351.8636,1164.0602,617.8047,905.2164,618.7603,173.1289,258.8455,1.4951,0,0,0,0
780,3,0,1,1,1,1,0.9891,0.9881,0.9144,0.8962,744.7098,351.6162,617.8955,351.7643,775.2939,540.8459,592.4782,541.439,126.8144,182.8166,1.4416,0,0,0,0
781,3,0,0,1,1,1,0.9887,0.9862,0.8622,0.8258,1124.4374,345.8342,951.0153,351.183,1165.7424,617.475,905.4296,617.44,173.5046,260.3129,1.5003,0,0,0,0
781,3,0,1,1,1,1,0.989,0.9881,0.9133,0.8951,749.315,352.1779,621.4118,352.6411,774.1418,542.0062,591.2484,544.2816,127.9039,182.9076,1.43,0,0,0,0
781,3,0,2,1,1,1,0.9889,0.9915,0.883,0.9038,272.2926,295.3109,109.1548,285.7089,281.0109,542.1422,58.0411,527.685,163.4201,223.4379,1.3673,0,0,0,0
782,3,0,0,1,1,1,0.9886,0.9863,0.8618,0.8262,1124.4402,345.8338,951.0341,351.2158,1165.734,617.4522,905.4283,617.4736,173.4896,260.3057,1.5004,0,0,0,0
782,3,0,1,1,1,1,0.989,0.9881,0.9133,0.8951,749.3029,352.1769,621.4125,352.6515,774.1748,541.9458,591.266,544.2652,127.8913,182.9236,1.4303,0,0,0,0
782,3,0,2,1,1,1,0.9889,0.9915,0.8825,0.904,272.3074,295.3505,109.2188,285.6083,281.0564,542.4106,57.9505,527.3484,163.3794,223.6138,1.3687,0,0,0,0
783,3,0,0,1,1,1,0.9889,0.9858,0.866,0.8245,1125.5812,345.5789,952.2028,349.8136,1166.9807,618.5424,905.6278,613.4548,173.4301,261.4024,1.5072,0,0,0,0
783,3,0,1,1,1,1,0.9885,0.9889,0.911,0.9012,754.2536,351.3984,624.8198,353.7122,777.82,536.1436,591.4416,546.0058,129.4545,186.639,1.4417,0,0,0,0
783,3,0,2,1,1,1,0.9902,0.9922,0.8841,0.9033,269.2162,293.503,106.113,281.5273,242.9027,492.378,78.4947,512.0518,163.5423,165.5809,1.0125,0,0,0,0
784,3,0,0,1,1,1,0.9891,0.9843,0.8741,0.8189,1126.7787,346.4302,953.7517,350.3066,1167.1158,619.8583,907.487,610.9686,173.0704,259.781,1.501,0,0,0,0
784,3,0,1,1,1,1,0.9874,0.9897,0.9031,0.9075,757.2806,352.3601,627.8957,354.5735,781.3538,534.1074,592.8026,547.2376,129.4038,189.0078,1.4606,0,0,0,0
784,3,0,2,1,1,1,0.9899,0.9892,0.9017,0.8998,267.7821,288.461,98.903,283.5736,220.2052,434.2688,121.9871,409.6833,168.9498,101.2484,0.5993,1,0,0,0
785,3,0,0,1,1,1,0.9891,0.9843,0.8741,0.8188,1126.7576,346.4172,953.7064,350.312,1167.1228,619.8764,907.4809,610.9756,173.095,259.7944,1.5009,0,0,0,0
785,3,0,1,1,1,1,0.9874,0.9897,0.9032,0.9075,757.2882,352.3148,627.8968,354.5387,781.3514,534.1224,592.8028,547.2273,129.4106,189.0035,1.4605,0,0,0,0
785,3,0,2,1,1,1,0.9899,0.9892,0.9018,0.8996,267.7721,288.4505,98.8636,283.5944,220.1925,434.258,122.5041,409.3857,168.9783,100.805,0.5966,1,0,0,0
786,3,0,0,1,1,1,0.9892,0.984,0.8741,0.8169,1126.3828,346.3304,954.1222,351.656,1167.3988,623.1834,908.3828,611.9549,172.3429,259.2593,1.5043,0,0,0,0
786,3,0,1,1,1,1,0.9902,0.9877,0.9169,0.8979,759.3256,351.7644,631.7344,353.6767,785.8396,532.0618,593.7352,547.1284,127.6055,192.6944,1.5101,0,0,0,0
786,3,0,2,1,1,1,0.9896,0.9876,0.9124,0.9035,266.1394,285.9448,97.0126,282.6045,189.4557,368.3376,143.8961,357.9825,169.1598,46.7216,0.2762,1,1,1,0
787,3,0,0,1,1,1,0.9892,0.9839,0.8741,0.8168,1126.4259,346.3396,954.1274,351.6597,1167.3953,623.1752,908.3951,611.9566,172.3806,259.243,1.5039,0,0,0,0
787,3,0,1,1,1,1,0.9902,0.9877,0.9168,0.8979,759.3052,351.775,631.7262,353.6721,785.82,532.0686,593.724,547.0967,127.5931,192.683,1.5101,0,0,0,0
787,3,0,2,1,1,1,0.9896,0.9876,0.9124,0.9035,266.1396,285.9262,96.996,282.571,189.4505,368.3514,143.9235,358.0275,169.1769,46.6828,0.2759,1,1,2,0
788,3,0,0,1,1,1,0.9894,0.9837,0.873,0.8116,1123.6621,348.1747,951.796,354.8306,1168.5054,627.7708,909.0482,612.3834,171.9949,259.913,1.5112,0,0,0,0
788,3,0,1,1,1,1,0.9907,0.9883,0.9197,0.9017,760.5782,351.8277,633.6051,353.2204,786.8542,532.2564,595.4938,548.237,126.9807,192.0265,1.5122,0,0,0,0
788,3,0,2,1,1,1,0.9867,0.9905,0.9106,0.9229,260.1539,277.9098,99.7048,276.7112,193.3855,336.3276,142.048,318.4138,160.4536,54.3732,0.3389,1,1,3,0
789,3,0,0,1,1,1,0.9894,0.9837,0.8731,0.8115,1123.699,348.1775,951.743,354.8286,1168.5524,627.7954,909.0439,612.3956,172.0845,259.9649,1.5107,0,0,0,0
789,3,0,1,1,1,1,0.9907,0.9883,0.9197,0.9018,760.5828,351.8329,633.6174,353.2276,786.8362,532.2446,595.4902,548.2691,126.973,192.0159,1.5123,0,0,0,0
789,3,0,2,1,1,1,0.9867,0.9905,0.9105,0.9229,260.139,277.9185,99.679,276.7497,193.4233,336.3498,142.1971,318.2971,160.4642,54.3141,0.3385,1,1,4,0
790,3,0,1,1,1,1,0.9906,0.9877,0.9205,0.899,760.4356,351.9479,634.0064,353.9189,786.968,534.5546,597.4694,548.5146,126.4446,190.0122,1.5027,0,0,0,0
790,3,0,0,1,1,1,0.9913,0.9801,0.8933,0.7851,1115.9521,346.8484,949.5477,355.895,1164.9802,627.789,908.0852,612.1656,166.6502,257.3697,1.5444,0,0,0,0
790,3,0,2,1,1,1,0.9887,0.9856,0.9217,0.9115,257.1424,278.5998,103.3712,274.7126,195.366,300.0976,149.2864,296.886,153.8204,46.1914,0.3003,1,1,5,0
791,3,0,1,1,1,1,0.9906,0.9877,0.9206,0.8989,760.4192,351.9431,633.9878,353.9332,786.9669,534.5432,597.491,548.5338,126.4471,189.9918,1.5025,0,0,0,0
791,3,0,0,1,1,1,0.9913,0.98,0.8937,0.7845,1115.9669,346.8442,949.5706,355.9249,1164.994,627.7482,908.0858,612.1566,166.6439,257.3809,1.5445,0,0,0,0
791,3,0,2,1,1,1,0.9888,0.9856,0.9218,0.9116,257.1728,278.6026,103.3796,274.7018,195.378,300.097,149.3184,296.921,153.8427,46.1689,0.3001,1,1,6,1
792,3,0,1,1,1,1,0.9906,0.9867,0.9215,0.8928,760.3878,351.2577,633.9975,354.6774,787.7772,534.3582,599.3863,549.9162,126.4365,189.0323,1.4951,0,0,0,0
792,3,0,0,1,1,1,0.9919,0.9735,0.9115,0.7613,1107.3246,344.5481,951.2372,354.2587,1157.2511,622.5772,905.9051,609.7914,156.3891,251.671,1.6093,0,0,0,0
792,3,0,2,1,1,1,0.9884,0.9856,0.9213,0.9142,259.233,277.6233,106.2275,273.5684,200.4617,291.4124,157.3429,287.1148,153.0592,43.3324,0.2831,1,1,7,1
793,3,0,1,1,1,1,0.9906,0.9867,0.9214,0.8928,760.3768,351.2576,633.9998,354.6986,787.7884,534.3466,599.4077,549.9192,126.4239,189.0233,1.4952,0,0,0,0
793,3,0,0,1,1,1,0.992,0.9735,0.9114,0.7613,1107.3021,344.5474,951.2011,354.2782,1157.2476,622.587,905.8879,609.8262,156.404,251.6834,1.6092,0,0,0,0
793,3,0,2,1,1,1,0.9883,0.9857,0.9213,0.9143,259.2486,277.6301,106.2347,273.5867,200.4817,291.4108,157.3132,287.1264,153.0672,43.3805,0.2834,1,1,8,1
794,3,0,1,1,1,1,0.9907,0.9871,0.9216,0.8954,760.0492,351.1415,634.0179,354.656,788.5468,534.3072,601.3183,548.3916,126.0803,187.7575,1.4892,0,0,0,0
794,3,0,0,1,1,1,0.9923,0.9683,0.9116,0.6958,1096.3995,342.0728,952.2303,353.6734,1136.1467,630.3872,910.1956,611.489,144.6352,226.74,1.5677,0,0,0,0
794,3,0,2,1,1,1,0.9881,0.9853,0.923,0.915,261.5143,276.8909,109.4338,272.5185,203.3375,289.5963,160.0353,286.8422,152.1434,43.3897,0.2852,1,1,9,1
795,3,0,1,1,1,1,0.9907,0.9859,0.9229,0.8892,758.3306,351.8301,632.6654,354.4238,787.2419,537.9808,602.5044,549.357,125.692,185.0874,1.4725,0,0,0,0
795,3,0,2,1,1,1,0.9885,0.9848,0.9249,0.9097,265.8725,276.899,114.0422,272.1732,208.4815,293.5828,168.3103,291.6504,151.9039,40.2176,0.2648,1,1,10,1
795,3,0,0,1,1,1,0.9928,0.9583,0.924,0.6664,1088.5986,341.7972,954.9642,352.7436,1115.166,630.4953,910.5664,608.6014,134.082,205.7677,1.5346,0,0,0,0
796,3,0,1,1,1,1,0.9907,0.9859,0.9229,0.8893,758.3402,351.8311,632.6658,354.4186,787.2258,537.9926,602.5228,549.3154,125.701,185.0498,1.4721,0,0,0,0
796,3,0,2,1,1,1,0.9885,0.9849,0.9248,0.9099,265.8721,276.8788,114.0294,272.1576,208.4694,293.5825,168.32,291.6821,151.9161,40.1944,0.2646,1,1,11,1
796,3,0,0,1,1,1,0.9928,0.9583,0.924,0.6665,1088.6096,341.8025,954.9748,352.75,1115.1445,630.4683,910.5547,608.5832,134.0825,205.757,1.5346,0,0,0,0
797,3,0,1,1,1,1,0.9904,0.9867,0.9204,0.8947,756.8032,352.0363,631.001,354.2598,787.0351,539.9174,603.5897,548.1089,125.8218,183.6282,1.4594,0,0,0,0
797,3,0,2,1,1,1,0.9869,0.9878,0.9144,0.924,272.1912,278.5936,115.5111,274.1666,217.1528,299.5188,179.2895,292.7996,156.7427,38.4548,0.2453,1,1,12,1
797,3,0,0,1,1,1,0.9936,0.9518,0.929,0.6253,1077.7487,337.7474,961.5301,348.8301,1095.0205,630.9037,916.62,601.0348,116.7458,180.8836,1.5494,0,0,0,0
798,3,0,1,1,1,1,0.9904,0.9867,0.9204,0.8948,756.7867,351.9972,630.995,354.2363,787.2185,539.6658,603.5934,548.1003,125.8116,183.8187,1.4611,0,0,0,0
798,3,0,2,1,1,1,0.9869,0.9878,0.9143,0.9242,272.102,278.553,115.4404,274.1412,217.0963,299.4082,179.3531,292.6756,156.7237,38.339,0.2446,1,1,13,1
798,3,0,0,1,1,1,0.9937,0.952,0.9291,0.6254,1077.7992,337.7234,961.7498,348.7788,1094.522,631.2469,916.4788,601.2052,116.5748,180.5599,1.5489,0,0,0,0
799,3,0,1,1,1,1,0.9875,0.9896,0.9017,0.9057,754.1336,352.1083,627.4593,354.7206,783.9274,541.7322,602.3725,549.7892,126.7012,181.7336,1.4343,0,0,0,0
799,3,0,2,1,1,1,0.9851,0.987,0.9093,0.9216,281.3198,277.9529,126.2206,276.9744,223.9955,305.8873,180.1409,298.9729,155.1023,44.3963,0.2862,1,1,14,1
799,3,0,0,1,1,1,0.9901,0.9439,0.9245,0.6627,1062.2526,331.5026,972.3079,340.4594,1056.558,637.1222,926.491,595.3375,90.3896,136.614,1.5114,0,0,0,0
800,3,0,1,1,1,1,0.9875,0.9897,0.9017,0.9059,754.1502,352.1055,627.4543,354.7364,783.9372,541.7489,602.3805,549.8061,126.7232,181.7354,1.4341,0,0,0,0
800,3,0,2,1,1,1,0.9851,0.987,0.9094,0.9215,281.3401,277.9725,126.2137,276.9717,223.9891,305.9362,180.1189,298.9882,155.1296,44.417,0.2863,1,1,15,1
800,3,0,0,1,1,1,0.9901,0.9439,0.9245,0.6626,1062.158,331.4171,972.3432,340.3953,1056.5695,636.9851,926.4855,595.2824,90.2624,136.6051,1.5134,0,0,0,0
801,3,0,1,1,1,1,0.9876,0.9898,0.9016,0.9062,753.1731,351.8722,625.7352,355.0615,785.5897,540.547,601.7831,549.743,127.4778,184.0365,1.4437,0,0,0,0
801,3,0,2,1,1,1,0.9891,0.9878,0.9189,0.9261,289.4013,282.4368,137.8196,281.6719,230.3024,311.9184,185.8581,309.7966,151.5836,44.4949,0.2935,1,1,16,1
801,3,0,0,1,1,1,0.9922,0.9362,0.9271,0.5802,1042.372,324.6321,982.0543,333.5596,1023.2822,629.2732,940.1458,600.548,60.9748,87.9591,1.4425,0,0,0,0
802,3,0,1,1,1,1,0.9876,0.9898,0.9014,0.9065,753.2016,351.9178,625.722,355.0816,785.6502,540.4434,601.7688,549.7314,127.5187,184.1158,1.4438,0,0,0,0
802,3,0,2,1,1,1,0.9891,0.9878,0.9188,0.9262,289.3658,282.4618,137.8401,281.6206,230.419,312.2038,185.7347,309.9637,151.5281,44.7405,0.2953,1,1,17,1
802,3,0,0,1,1,1,0.9922,0.9363,0.9272,0.5805,1042.3856,324.6178,982.1065,333.5721,1023.2717,629.029,940.0983,600.5174,60.9406,87.9246,1.4428,0,0,0,0
803,3,0,1,1,1,1,0.9873,0.9902,0.8985,0.9094,752.4746,352.268,624.2044,355.5085,785.6836,541.5006,601.2832,549.6419,128.3111,184.5801,1.4385,0,0,0,0
803,3,0,2,1,1,1,0.9894,0.9871,0.9219,0.9222,299.1902,282.8298,144.9283,282.436,241.0966,314.9892,194.4279,308.35,154.2624,47.1386,0.3056,1,1,18,1
803,3,0,0,0,1,1,0.9962,0.8835,0.9503,0.3638,1023.7809,326.6421,1001.5187,332.839,1009.0234,627.1426,947.4772,617.6245,23.1086,62.2779,2.695,0,0,0,0
804,3,0,1,1,1,1,0.9873,0.9901,0.8984,0.9093,752.4464,352.2444,624.2055,355.4794,785.7196,541.4587,601.2487,549.6476,128.2816,184.6526,1.4394,0,0,0,0
804,3,0,2,1,1,1,0.9894,0.9871,0.9219,0.9222,299.1601,282.8252,144.8448,282.3971,241.0434,314.974,194.4346,308.3396,154.3159,47.0786,0.3051,1,1,19,1
804,3,0,0,0,1,1,0.9962,0.8838,0.9503,0.3651,1023.7637,326.6122,1001.5134,332.8128,1008.7347,626.9656,947.5253,617.9425,23.0982,61.8709,2.6786,0,0,0,0
805,3,0,1,1,1,1,0.9873,0.9905,0.8997,0.913,751.8676,352.985,623.9085,355.5841,785.5569,542.043,600.7768,547.7331,127.9854,184.8677,1.4444,0,0,0,0
805,3,0,2,1,1,1,0.9847,0.9903,0.9115,0.9342,304.078,278.469,151.9775,278.2709,254.4074,307.8408,201.8131,304.0857,152.1006,52.7282,0.3467,1,1,20,1
805,3,0,0,0,1,1,0.996,0.8507,0.9229,0.2268,1009.0858,325.7575,1018.0746,325.4114,984.8364,635.4835,966.0002,612.3556,8.9955,29.8279,3.3159,0,0,0,0
806,3,0,1,1,1,1,0.987,0.9901,0.8975,0.9103,751.5899,352.6624,622.9312,354.3191,786.1806,542.6328,601.0358,546.5596,128.6694,185.1865,1.4392,0,0,0,0
806,3,0,2,1,1,1,0.985,0.9902,0.913,0.9331,307.6965,275.927,158.2862,276.4472,259.3998,305.771,209.1907,299.1395,149.4112,50.6451,0.339,1,1,21,1
806,3,0,0,0,1,1,0.9953,0.8907,0.8702,0.2442,989.8928,332.0932,1053.2412,324.3393,955.9684,639.5512,973.273,597.4998,63.8212,45.4728,0.7125,0,0,0,0
807,3,0,1,1,1,1,0.987,0.9901,0.8978,0.9106,751.586,352.6548,622.9408,354.3262,786.162,542.6886,601.0664,546.514,128.656,185.135,1.439,0,0,0,0
807,3,0,2,1,1,1,0.985,0.9902,0.913,0.9331,307.7013,275.9055,158.2951,276.4198,259.3702,305.7722,209.0926,299.148,149.4071,50.7121,0.3394,1,1,22,1
807,3,0,0,0,1,1,0.9953,0.8905,0.87,0.2437,989.929,332.018,1053.1854,324.3346,956.025,639.4272,973.2087,597.5916,63.7213,45.2271,0.7098,0,0,0,0
808,3,0,1,1,1,1,0.9876,0.9899,0.9007,0.9079,751.524,352.1117,622.8131,353.4349,787.2372,543.4608,601.4912,545.4566,128.7177,185.7567,1.4431,0,0,0,0
808,3,0,2,1,1,1,0.9838,0.9904,0.9093,0.9353,312.3557,273.348,163.9195,275.7336,262.6402,303.6498,219.0391,292.3999,148.4554,45.0291,0.3033,1,1,23,1
808,3,0,0,0,1,1,0.9927,0.9372,0.8574,0.3684,974.658,336.1411,1078.1162,328.5977,922.1543,628.184,988.0641,590.6112,103.7329,75.8671,0.7314,0,0,0,0
809,3,0,1,1,1,1,0.9876,0.9899,0.9008,0.9078,751.5278,352.1229,622.7966,353.4386,787.2041,543.4844,601.4984,545.4646,128.7379,185.7162,1.4426,0,0,0,0
809,3,0,2,1,1,1,0.9838,0.9904,0.9093,0.9352,312.36,273.3645,163.924,275.7614,262.6559,303.6692,219.0804,292.3732,148.4554,45.0158,0.3032,1,1,24,1
809,3,0,0,0,1,1,0.9927,0.9371,0.8572,0.3685,974.6177,336.2193,1078.1816,328.6364,922.0959,628.172,987.9421,590.5878,103.8411,75.8174,0.7301,0,0,0,0
810,3,0,1,1,1,1,0.9877,0.9899,0.9033,0.9086,751.6638,351.7966,622.8845,353.0206,788.2677,542.3781,602.3125,546.3349,128.7851,185.9973,1.4442,0,0,0,0
810,3,0,2,1,1,1,0.9819,0.989,0.8999,0.9322,315.9587,270.3122,166.2083,273.433,261.7238,306.8483,223.2564,292.5289,149.7829,41.0462,0.274,1,1,25,1
810,3,0,0,0,1,1,0.9927,0.9416,0.8495,0.3701,966.7301,336.4458,1091.9307,332.5727,903.5205,622.7828,1006.0197,571.4054,125.2605,114.6548,0.9153,0,0,0,0
811,3,0,1,1,1,1,0.9877,0.9899,0.9033,0.9085,751.6872,351.8486,622.9002,353.037,788.2563,542.4067,602.316,546.3429,128.7925,185.982,1.444,0,0,0,0
811,3,0,2,1,1,1,0.9819,0.989,0.9,0.9322,315.9902,270.3302,166.1813,273.4372,261.7381,306.8719,223.2385,292.5574,149.8411,41.0746,0.2741,1,1,26,1
811,3,0,0,0,1,1,0.9927,0.9416,0.8496,0.37,966.7288,336.4605,1091.9207,332.5878,903.5319,622.7852,1005.8738,571.4468,125.2518,114.4967,0.9141,0,0,0,0
812,3,0,1,1,1,1,0.9878,0.9902,0.9041,0.9118,752.3252,352.3511,623.5943,353.027,789.3139,542.9286,602.7073,546.3927,128.7326,186.6388,1.4498,0,0,0,0
812,3,0,2,1,1,1,0.9841,0.9879,0.9122,0.9258,321.4567,272.521,170.2536,274.3949,268.3702,308.0268,234.8864,293.6373,151.2147,36.4449,0.241,1,1,27,1
812,3,0,0,0,1,1,0.9955,0.9635,0.7937,0.3547,955.5572,344.6423,1105.0768,339.7902,891.101,623.9054,1056.7404,585.4092,149.5983,170.054,1.1367,0,0,0,0
813,3,0,2,1,1,1,0.9862,0.9861,0.9118,0.9206,322.8642,276.2016,171.7763,274.5988,273.9013,304.6692,239.1012,296.6902,151.0965,35.7032,0.2363,1,1,28,1
813,3,0,1,1,1,1,0.9891,0.9917,0.8882,0.9063,752.1744,353.9323,623.9448,352.5063,792.7951,543.7614,603.0362,544.2672,128.2375,189.7596,1.4798,0,0,0,0
813,3,0,0,1,1,1,0.9904,0.9789,0.6682,0.4982,948.4728,345.445,1109.6285,342.5676,883.9604,627.6935,1108.9773,601.0354,161.1814,226.5905,1.4058,0,0,0,0
814,3,0,2,1,1,1,0.9862,0.9861,0.9119,0.9207,322.8441,276.2008,171.7872,274.5923,273.9094,304.6719,239.1254,296.6718,151.0655,35.6921,0.2363,1,1,29,1
814,3,0,1,1,1,1,0.9891,0.9917,0.8882,0.9063,752.1738,353.9396,623.9372,352.5117,792.7887,543.7776,603.0353,544.2768,128.2445,189.7541,1.4796,0,0,0,0
814,3,0,0,1,1,1,0.9903,0.9789,0.6681,0.4987,948.4584,345.4422,1109.6356,342.5603,883.9167,627.6918,1108.9551,600.983,161.2029,226.6178,1.4058,0,0,0,0
815,3,0,2,1,1,1,0.9855,0.9865,0.9077,0.9225,323.9976,275.6006,174.1504,273.6999,276.6766,302.267,244.0332,291.0332,149.8592,34.5223,0.2304,1,1,30,1
815,3,0,0,1,1,1,0.9899,0.9786,0.7006,0.4858,941.2883,346.0502,1115.9877,345.9246,886.016,622.9892,1126.3762,612.6606,174.6994,240.582,1.3771,0,0,0,0
815,3,0,1,1,1,1,0.9893,0.9916,0.8909,0.906,752.9104,354.5594,624.0174,353.0615,793.6124,544.9531,604.4324,544.893,128.9016,189.1799,1.4676,0,0,0,0
816,3,0,2,1,1,1,0.9855,0.9865,0.9077,0.9225,323.9948,275.5923,174.1673,273.7001,276.6578,302.2683,244.0332,291.0444,149.8395,34.5014,0.2303,1,1,31,1
816,3,0,0,1,1,1,0.9899,0.9786,0.7007,0.4856,941.3038,346.0507,1115.999,345.928,886.0319,622.9813,1126.37,612.6819,174.6953,240.5587,1.377,0,0,0,0
816,3,0,1,1,1,1,0.9893,0.9916,0.8908,0.906,752.912,354.5676,624.0106,353.0656,793.6038,544.9412,604.441,544.8818,128.9102,189.1628,1.4674,0,0,0,0
817,3,0,0,1,1,1,0.9883,0.9823,0.6731,0.5253,938.6766,347.0014,1120.6927,350.289,893.5851,620.3936,1138.7998,623.6017,182.0458,245.2356,1.3471,0,0,0,0
817,3,0,2,1,1,1,0.9853,0.9866,0.9064,0.9218,324.8826,275.6848,175.9752,272.7166,278.1066,300.4674,244.9552,288.9588,148.937,35.0922,0.2356,1,1,32,1
817,3,0,1,1,1,1,0.9895,0.9922,0.89,0.91,753.4563,354.2046,624.4845,352.556,795.4976,544.5722,604.887,544.8495,128.9823,190.6108,1.4778,0,0,0,0
818,3,0,0,1,1,1,0.9884,0.9824,0.6732,0.5254,938.6423,347.0308,1120.7097,350.3508,893.7042,620.4942,1139.0885,624.424,182.0977,245.4157,1.3477,0,0,0,0
818,3,0,2,1,1,1,0.9853,0.9867,0.9064,0.9218,324.8662,275.6899,176.0332,272.7558,278.1189,300.5115,244.9584,289.045,148.862,35.087,0.2357,1,1,33,1
818,3,0,1,1,1,1,0.9895,0.9921,0.8901,0.9099,753.434,354.2013,624.4788,352.5584,795.5528,544.5562,604.88,544.8856,128.9656,190.6731,1.4785,0,0,0,0
819,3,0,0,1,1,1,0.988,0.9874,0.6219,0.5698,933.5143,342.7952,1117.3075,350.9186,908.4917,619.7462,1149.6442,643.1394,183.9726,242.2845,1.317,0,0,0,0
819,3,0,2,1,1,1,0.9856,0.9869,0.9074,0.9225,325.1579,276.7338,177.0597,272.7575,279.4423,300.6698,244.5658,291.4086,148.1515,36.0852,0.2436,1,1,34,1
819,3,0,1,1,1,1,0.9899,0.9883,0.9146,0.9048,755.7002,352.5857,627.8543,352.2126,793.7805,544.938,606.4622,544.0803,127.8465,187.3203,1.4652,0,0,0,0
820,3,0,0,1,1,1,0.9886,0.991,0.5782,0.6013,930.9357,338.8916,1116.083,348.871,919.813,615.1201,1157.9712,645.6251,185.4161,240.1039,1.2949,0,0,0,0
820,3,0,2,1,1,1,0.9854,0.9868,0.9075,0.9228,326.0212,276.1588,176.7458,271.8079,278.5235,300.836,244.2496,290.9953,149.3388,35.6587,0.2388,1,1,35,1
820,3,0,1,1,1,1,0.9904,0.988,0.9173,0.9015,756.3512,352.9108,628.48,352.4834,794.6972,544.6386,607.1999,543.4378,127.8719,187.5012,1.4663,0,0,0,0
821,3,0,0,1,1,1,0.9886,0.991,0.5777,0.6018,930.9122,338.932,1116.0878,348.8252,919.7708,615.5456,1157.8829,645.6032,185.4397,240.0017,1.2942,0,0,0,0
821,3,0,2,1,1,1,0.9853,0.9868,0.9073,0.9228,326.0328,276.1572,176.6396,271.8954,278.5451,300.827,244.2424,291.0675,149.4539,35.664,0.2386,1,1,36,1
821,3,0,1,1,1,1,0.9903,0.9881,0.917,0.9017,756.3745,352.9338,628.4431,352.5199,794.7466,544.6729,607.1859,543.4764,127.9321,187.5645,1.4661,0,0,0,0
822,3,0,0,1,1,1,0.9884,0.9923,0.5557,0.6274,932.5782,338.4469,1112.0413,347.0109,931.9208,613.5133,1168.5911,647.0698,179.6673,239.0374,1.3304,0,0,0,0
822,3,0,2,1,1,1,0.986,0.9866,0.9112,0.9211,326.7835,276.7902,177.3144,272.4993,277.8096,299.813,244.612,290.2695,149.5307,34.542,0.231,1,1,37,1
822,3,0,1,1,1,1,0.9904,0.9882,0.9168,0.902,756.349,353.1891,628.6403,352.0867,794.0442,544.198,607.491,543.6743,127.7134,186.554,1.4607,0,0,0,0
823,3,0,0,1,1,1,0.9885,0.9923,0.5563,0.6269,932.6009,338.4433,1111.9924,347.0001,931.9785,613.474,1168.5565,646.9198,179.5955,238.9305,1.3304,0,0,0,0
823,3,0,2,1,1,1,0.986,0.9866,0.911,0.9211,326.7951,276.6986,177.3717,272.456,277.8598,299.7906,244.625,290.2857,149.4836,34.5672,0.2312,1,1,38,1
823,3,0,1,1,1,1,0.9904,0.9882,0.9168,0.902,756.3517,353.1866,628.5678,352.0832,794.0089,544.239,607.4975,543.6142,127.7886,186.5125,1.4595,0,0,0,0
824,3,0,0,1,1,1,0.9891,0.9939,0.5257,0.6437,933.1485,335.1831,1101.0874,342.9856,941.4724,594.6682,1162.7303,636.7872,168.1201,225.2312,1.3397,0,0,0,0
824,3,0,1,1,1,1,0.9902,0.9886,0.9159,0.9051,756.4132,353.125,629.0622,352.5338,793.3432,543.7618,607.3282,543.9734,127.3524,186.0151,1.4606,0,0,0,0
824,3,0,2,1,1,1,0.9857,0.9872,0.9085,0.9236,326.1852,276.6088,177.5699,272.1467,277.7818,300.6103,243.1063,291.2358,148.6822,35.9204,0.2416,1,1,39,1
825,3,0,0,1,1,1,0.9891,0.9939,0.5254,0.644,933.1357,335.1943,1101.0988,342.9851,941.4888,594.7328,1162.7614,636.8355,168.1436,225.2425,1.3396,0,0,0,0
825,3,0,1,1,1,1,0.9902,0.9886,0.916,0.9049,756.423,353.139,629.082,352.544,793.3342,543.7917,607.3082,543.9669,127.3425,186.0261,1.4608,0,0,0,0
825,3,0,2,1,1,1,0.9858,0.9872,0.9086,0.9236,326.1929,276.6353,177.5351,272.157,277.7899,300.7191,243.1043,291.3158,148.7253,35.9376,0.2416,1,1,40,1
826,3,0,1,1,1,1,0.9894,0.9891,0.9104,0.9103,756.626,354.307,628.1434,353.0172,794.0346,544.7408,605.434,541.7302,128.4891,188.6246,1.468,0,0,0,0
826,3,0,2,1,1,1,0.9863,0.9865,0.912,0.9198,326.2871,277.1035,176.9869,272.4557,276.7011,300.7816,242.454,291.0044,149.3725,35.6153,0.2384,1,1,41,1
826,3,0,0,1,1,1,0.9872,0.9943,0.5003,0.6671,935.3647,334.6572,1090.4286,341.1992,954.4791,576.8657,1156.1901,637.5004,155.2018,210.6273,1.3571,0,0,0,0
827,3,0,1,1,1,1,0.9894,0.9891,0.9104,0.9103,756.6193,354.3223,628.1349,353.0414,794.0436,544.722,605.4476,541.7404,128.4908,188.6195,1.468,0,0,0,0
827,3,0,2,1,1,1,0.9864,0.9865,0.9121,0.9198,326.2869,277.1009,176.9781,272.4567,276.6991,300.7821,242.4513,291.0064,149.381,35.6157,0.2384,1,1,42,1
827,3,0,0,1,1,1,0.9872,0.9943,0.5002,0.6666,935.3265,334.664,1090.4404,341.226,954.5109,576.883,1156.1555,637.5396,155.2526,210.5701,1.3563,0,0,0,0
828,3,0,1,1,1,1,0.9901,0.9864,0.9211,0.8954,759.3451,358.8038,629.0266,353.6057,795.4608,544.1667,602.9618,531.1858,130.4221,192.9363,1.4793,0,0,0,0
828,3,0,2,1,1,1,0.9865,0.9866,0.913,0.9204,325.9272,277.2993,176.6334,272.9701,276.1807,301.8676,240.9557,291.3127,149.3566,36.7723,0.2462,1,1,43,1
828,3,0,0,0,1,1,0.9648,0.9947,0.2615,0.7091,940.7223,335.7588,1073.53,336.9945,1035.7965,598.8494,1143.5188,656.4888,132.8135,122.1736,0.9199,0,0,0,0
829,3,0,1,1,1,1,0.9901,0.9864,0.9211,0.8955,759.3313,358.8116,629.0304,353.6019,795.4198,544.2472,602.9724,531.1536,130.4051,192.8923,1.4792,0,0,0,0
829,3,0,2,1,1,1,0.9865,0.9865,0.913,0.9203,325.9246,277.3044,176.6281,272.9842,276.1589,301.8778,240.9362,291.3509,149.359,36.7621,0.2461,1,1,44,1
829,3,0,0,0,1,1,0.9647,0.9946,0.2615,0.7092,940.7133,335.7659,1073.4923,336.9993,1035.628,598.8874,1143.5537,656.4103,132.7847,122.2981,0.921,0,0,0,0
830,3,0,1,1,1,1,0.9886,0.986,0.9102,0.8942,762.1872,366.4177,627.6928,356.318,794.283,550.7036,595.0852,517.717,134.873,201.9105,1.497,0,0,0,0
830,3,0,2,1,1,1,0.9872,0.9854,0.9182,0.9149,326.0511,277.7308,176.7107,272.7662,273.815,299.5598,239.5073,289.5554,149.4229,35.7366,0.2392,1,1,45,1
830,3,0,0,0,1,1,0.964,0.9945,0.3309,0.7462,937.9819,334.6522,1061.3253,340.9443,1033.1355,599.816,1130.5095,654.3313,123.5038,111.5958,0.9036,0,0,0,0
831,3,0,1,1,1,1,0.989,0.9861,0.8988,0.8854,764.0182,372.5766,633.1574,353.8002,786.2,563.3196,573.5338,484.2304,132.201,226.8965,1.7163,0,0,0,0
831,3,0,2,1,1,1,0.9868,0.9856,0.9147,0.9151,325.2908,277.0526,175.6806,272.6864,273.427,300.758,238.3213,289.4749,149.6739,36.8743,0.2464,1,1,46,1
831,3,0,0,0,1,1,0.9551,0.993,0.3689,0.7646,951.3384,331.3693,1048.3804,342.2229,1038.6476,592.4707,1111.1683,661.0406,97.647,99.8052,1.0221,0,0,0,0
832,3,0,1,1,1,1,0.989,0.9861,0.8988,0.8855,764.0185,372.5657,633.1941,353.7893,786.2242,563.3162,573.5292,484.203,132.165,226.9318,1.717,0,0,0,0
832,3,0,2,1,1,1,0.9868,0.9856,0.9146,0.9151,325.2899,277.0506,175.691,272.6852,273.4183,300.7485,238.3101,289.4652,149.6626,36.8768,0.2464,1,1,47,1
832,3,0,0,0,1,1,0.9551,0.993,0.3687,0.7644,951.3159,331.3862,1048.4019,342.2379,1038.6812,592.4308,1111.1702,661.0409,97.6905,99.8098,1.0217,0,0,0,0
833,3,0,1,1,1,1,0.9908,0.9779,0.9405,0.8535,766.3222,373.5637,644.531,349.6799,777.805,573.088,560.5859,443.8538,124.1109,252.7561,2.0365,0,0,0,0
833,3,0,2,1,1,1,0.9872,0.9858,0.9171,0.9158,324.8652,276.2136,175.9363,272.2986,271.1142,297.3179,236.2081,287.3007,148.9803,36.315,0.2438,1,1,48,1
833,3,0,0,1,1,1,0.9358,0.9928,0.4141,0.8395,982.4927,332.498,1031.4498,336.4805,1051.4165,601.3342,1093.7561,664.3958,49.1188,75.9567,1.5464,0,0,0,0
834,3,0,1,1,1,1,0.9908,0.9779,0.9406,0.8536,766.3177,373.6225,644.573,349.7463,777.846,573.2019,560.5962,443.6668,124.0639,252.9365,2.0388,0,0,0,0
834,3,0,2,1,1,1,0.9872,0.9858,0.9171,0.9159,324.8298,276.2975,175.9662,272.425,271.1828,297.3619,236.0593,287.4473,148.914,36.496,0.2451,1,1,49,1
834,3,0,0,1,1,1,0.9358,0.9928,0.4141,0.8395,982.4466,332.5142,1031.4474,336.4231,1051.9307,601.4059,1093.764,664.434,49.1565,75.6477,1.5389,0,0,0,0
835,3,0,1,1,1,1,0.9917,0.9692,0.9538,0.8257,767.3123,373.0808,657.066,347.4133,760.1123,570.7141,561.9608,424.0852,113.1949,246.5036,2.1777,0,0,0,0
835,3,0,2,1,1,1,0.9873,0.9857,0.9173,0.9152,325.2737,276.2654,176.4092,272.4678,272.2344,297.8294,237.7699,287.5384,148.9129,35.9681,0.2415,1,1,50,1
835,3,0,0,1,1,1,0.9164,0.9871,0.409,0.8197,1003.4529,331.083,1020.6762,335.734,1067.8546,631.4391,1071.9144,679.5061,17.8403,48.2382,2.7039,0,0,0,0
836,3,0,1,1,1,1,0.9917,0.9692,0.9536,0.8258,767.2528,372.9927,657.141,347.3354,760.0476,570.6468,562.3426,423.862,113.0616,246.2377,2.1779,0,0,0,0
836,3,0,2,1,1,1,0.9872,0.9857,0.9171,0.9153,325.292,276.2494,176.3797,272.5206,272.205,297.7675,237.7535,287.5835,148.959,35.9252,0.2412,1,1,51,1
836,3,0,0,1,1,1,0.9162,0.9871,0.4091,0.8197,1003.4014,331.0297,1020.5433,335.6252,1067.8619,630.6682,1071.7924,678.9955,17.7472,48.4868,2.7321,0,0,0,0
837,3,0,1,1,1,1,0.994,0.9688,0.9538,0.8146,763.7344,366.502,670.9614,342.39,737.5136,564.5832,562.0302,419.754,95.8551,227.5301,2.3737,0,0,0,0
837,3,0,2,1,1,1,0.9874,0.9859,0.9184,0.917,325.9165,276.4378,177.0293,273.186,272.115,296.3012,235.3401,287.6202,148.9227,37.7855,0.2537,1,1,52,1
837,3,0,0,0,1,1,0.8994,0.9855,0.3679,0.82,1016.1778,339.5337,1004.6688,344.0733,1067.0261,633.383,1048.9548,659.8268,12.372,32.0289,2.5888,0,0,0,0
838,3,0,1,1,1,1,0.994,0.9689,0.9537,0.8145,763.8166,366.5261,670.9057,342.4683,737.5794,564.479,561.9298,419.806,95.975,227.5589,2.371,0,0,0,0
838,3,0,2,1,1,1,0.9874,0.9859,0.9184,0.9168,325.8914,276.4507,176.9796,273.1842,272.0656,296.287,235.554,287.4966,148.9477,37.5549,0.2521,1,1,53,1
838,3,0,0,0,1,1,0.9002,0.9856,0.3672,0.8188,1016.1651,339.3822,1004.5823,344.0312,1067.0092,633.6769,1048.9518,660.1084,12.481,32.0108,2.5648,0,0,0,0
839,3,0,2,1,1,1,0.9871,0.9861,0.9168,0.9182,325.9334,276.6902,176.2453,273.5078,272.7028,297.351,235.6125,289.0511,149.7219,38.0076,0.2539,1,1,54,1
839,3,0,1,1,1,1,0.9931,0.9537,0.9631,0.783,756.6696,364.2071,674.8418,341.4208,722.4212,559.9152,571.1922,410.6247,84.9411,212.5037,2.5018,0,0,0,0
839,3,0,0,1,1,1,0.9264,0.9869,0.4406,0.8233,1037.868,347.7125,992.0383,349.2068,1062.1295,644.196,1033.9633,668.1244,45.8541,36.9581,0.806,0,0,0,0
840,3,0,2,1,1,1,0.9871,0.9861,0.9168,0.9182,325.9203,276.6845,176.2084,273.4669,272.7067,297.3692,235.617,289.0597,149.7465,38.0091,0.2538,1,1,55,1
840,3,0,1,1,1,1,0.9931,0.9537,0.9631,0.783,756.6778,364.1997,674.8502,341.406,722.4182,559.8984,571.219,410.6252,84.943,212.4706,2.5013,0,0,0,0
840,3,0,0,1,1,1,0.9263,0.9869,0.4403,0.8232,1037.8467,347.707,992.0231,349.197,1062.1293,644.2384,1033.9829,668.162,45.8478,36.9398,0.8057,0,0,0,0
841,3,0,2,1,1,1,0.9875,0.9863,0.9182,0.9183,326.7599,276.5912,176.9719,273.5325,272.2554,297.0394,236.5936,288.4591,149.8192,36.6795,0.2448,1,1,56,1
841,3,0,1,1,1,1,0.9944,0.9489,0.9675,0.7514,744.4616,359.5781,688.5281,336.3116,707.1906,557.2044,586.5286,403.042,60.5795,195.7687,3.2316,0,0,0,0
841,3,0,0,1,1,1,0.9375,0.9882,0.4309,0.8023,1057.702,350.3896,979.8772,349.705,1072.4985,635.0884,1006.7078,669.0472,77.8278,74.038,0.9513,0,0,0,0
842,3,0,2,1,1,1,0.9876,0.9861,0.9191,0.9169,327.002,276.9548,177.1433,273.1418,272.8638,297.1131,237.9142,288.3329,149.9072,36.0356,0.2404,1,1,57,1
842,3,0,1,1,1,1,0.9946,0.939,0.9698,0.7228,733.0932,351.3638,700.6025,331.8398,690.4496,545.1443,609.3987,404.4533,37.9055,162.3675,4.2835,0,0,0,0
842,3,0,0,1,1,1,0.9523,0.9913,0.5165,0.8505,1080.0371,351.433,969.7421,348.5093,1086.1906,634.107,986.2011,659.7781,110.3337,103.2322,0.9356,0,0,0,0
843,3,0,2,1,1,1,0.9876,0.9861,0.9191,0.917,326.9684,276.9332,177.0718,273.1208,272.7335,297.0448,237.9211,288.328,149.9451,35.8872,0.2393,1,1,58,1
843,3,0,1,1,1,1,0.9945,0.939,0.9696,0.723,733.0744,351.3237,700.592,331.8245,690.5128,545.2133,609.5359,404.3371,37.8857,162.4911,4.289,0,0,0,0
843,3,0,0,1,1,1,0.9523,0.9914,0.5169,0.8508,1080.2235,351.5734,969.774,348.6718,1086.364,634.185,986.137,660.0278,110.4876,103.5052,0.9368,0,0,0,0
844,3,0,2,1,1,1,0.9871,0.9865,0.9159,0.9192,328.0388,276.3524,177.6435,273.182,274.7391,298.2898,240.397,288.6228,150.4287,35.6768,0.2372,1,1,59,1
844,3,0,0,1,1,1,0.9725,0.9928,0.695,0.8891,1098.6719,354.2028,957.2416,348.0757,1121.7996,619.0424,971.2839,657.0054,141.563,155.2294,1.0965,0,0,0,0
844,3,0,1,1,1,1,0.9952,0.9212,0.9712,0.6496,719.253,346.6039,707.8888,335.2834,673.7278,541.1545,630.4963,412.6371,16.0405,135.5938,8.4532,0,0,0,0
845,3,0,2,1,1,1,0.9871,0.9865,0.9159,0.9192,328.0329,276.3716,177.6548,273.1975,274.7518,298.309,240.3803,288.6412,150.4115,35.7052,0.2374,1,1,60,1
845,3,0,0,1,1,1,0.9728,0.9928,0.6969,0.8889,1098.7706,354.3261,957.232,348.0466,1122.2961,619.2394,971.3718,657.0932,141.6779,155.5991,1.0983,0,0,0,0
845,3,0,1,1,1,1,0.9952,0.9212,0.9713,0.6491,719.2996,346.6466,707.9452,335.2659,673.6434,541.3082,630.5584,412.648,16.0762,135.6827,8.44,0,0,0,0
846,3,0,2,1,1,1,0.9872,0.9866,0.9167,0.9194,328.464,276.3467,179.3818,273.8074,276.702,297.8038,240.6907,287.6547,149.1038,37.4142,0.2509,1,1,61,1
846,3,0,0,1,1,1,0.9808,0.9911,0.7734,0.868,1105.7787,353.9474,949.6271,348.9792,1133.3011,614.4497,952.3508,647.3684,156.2306,183.9202,1.1772,0,0,0,0
846,3,0,1,1,1,1,0.9947,0.8778,0.9595,0.5144,712.0262,347.9602,716.2094,336.0672,655.8983,532.4004,645.1587,438.0013,12.6071,95.0081,7.5361,0,0,0,0
847,3,0,2,1,1,1,0.9872,0.9865,0.9167,0.9193,328.4394,276.3818,179.388,273.8015,276.7307,297.7966,240.6867,287.6482,149.0737,37.4454,0.2512,1,1,62,1
847,3,0,0,1,1,1,0.9808,0.9911,0.7736,0.868,1105.7917,353.953,949.6364,348.9778,1133.2742,614.4616,952.3606,647.3708,156.2346,183.8824,1.177,0,0,0,0
847,3,0,1,1,1,1,0.9947,0.8774,0.9594,0.5131,712.0467,347.9667,716.13,336.0485,655.9187,532.4185,645.1866,438.1388,12.5982,94.8887,7.5319,0,0,0,0
848,3,0,2,1,1,1,0.9873,0.9866,0.9172,0.9197,328.9438,276.949,179.8544,273.7412,276.6733,297.0028,242.1491,285.9366,149.1239,36.2544,0.2431,1,1,63,1
848,3,0,0,1,1,1,0.9827,0.9912,0.7831,0.8624,1114.8167,351.7214,949.641,347.3832,1140.4601,612.8704,938.2703,641.9865,165.2326,204.2754,1.2363,0,0,0,0
848,3,0,1,0,1,1,0.9934,0.8502,0.9313,0.336,699.8494,348.4195,724.0394,338.5285,646.6308,521.397,653.8436,495.4103,26.134,26.9691,1.032,0,0,0,0
849,3,0,0,1,1,1,0.989,0.9927,0.8058,0.8319,1123.3883,348.1485,951.4953,347.703,1148.0812,610.2243,932.6655,639.9813,171.8936,217.4612,1.2651,0,0,0,0
849,3,0,2,1,1,1,0.9868,0.9868,0.9142,0.9207,328.4357,276.8751,179.2632,272.9231,276.6002,296.4505,243.8365,284.6187,149.2248,34.8346,0.2334,1,1,64,1
849,3,0,1,1,1,1,0.9967,0.9204,0.9596,0.5074,685.8167,356.3779,749.882,346.9766,625.3253,519.4842,706.9322,495.5912,64.7514,85.0327,1.3132,0,0,0,0
850,3,0,0,1,1,1,0.989,0.9927,0.8056,0.832,1123.3859,348.1872,951.4761,347.7308,1148.0813,610.2785,932.678,639.9596,171.9103,217.4386,1.2648,0,0,0,0
850,3,0,2,1,1,1,0.9868,0.9868,0.914,0.9208,328.4329,276.8764,179.2505,272.9252,276.6091,296.4598,243.8195,284.6178,149.2347,34.8625,0.2336,1,1,65,1
850,3,0,1,1,1,1,0.9967,0.9203,0.9596,0.5068,685.7901,356.3667,749.8724,346.9896,625.2884,519.5061,706.8482,495.6195,64.7648,84.9856,1.3122,0,0,0,0
851,3,0,0,1,1,1,0.9905,0.9915,0.8279,0.8114,1126.8932,349.4097,952.4698,348.2732,1154.6635,616.4156,924.0604,632.6775,174.427,231.1757,1.3253,0,0,0,0
851,3,0,2,1,1,1,0.9864,0.9872,0.9113,0.9226,328.705,276.6877,179.1842,273.1769,277.9837,297.756,243.7452,285.121,149.5621,36.4954,0.244,1,1,66,1
851,3,0,1,1,1,1,0.9956,0.9571,0.9528,0.6914,675.7636,355.2839,750.9284,349.6537,616.0135,511.722,741.407,478.0554,75.3754,129.8345,1.7225,0,0,0,0
852,3,0,0,1,1,1,0.9905,0.9915,0.8279,0.8115,1126.8911,349.4348,952.4559,348.2835,1154.6417,616.4604,924.0629,632.6986,174.439,231.1499,1.3251,0,0,0,0
852,3,0,2,1,1,1,0.9864,0.9872,0.9114,0.9225,328.7078,276.6909,179.1904,273.1749,277.9916,297.7449,243.769,285.1498,149.5587,36.4666,0.2438,1,1,67,1
852,3,0,1,1,1,1,0.9956,0.9571,0.9527,0.6915,675.755,355.2693,750.9434,349.6575,616.011,511.7243,741.3722,478.2682,75.3975,129.7487,1.7209,0,0,0,0
853,3,0,0,1,1,1,0.9915,0.9903,0.8435,0.7896,1127.5813,347.8595,951.0194,348.7073,1154.6326,622.1753,917.8455,631.6718,176.5639,236.9774,1.3422,0,0,0,0
853,3,0,2,1,1,1,0.9865,0.9873,0.9113,0.923,328.8192,277.0762,179.5754,272.6561,277.2752,296.8725,244.418,282.7111,149.3092,35.779,0.2396,1,1,68,1
853,3,0,1,1,1,1,0.9953,0.9641,0.9438,0.7044,669.0447,355.9441,753.8155,349.744,604.7228,510.6573,747.3562,488.039,84.9972,144.4156,1.6991,0,0,0,0
854,3,0,0,1,1,1,0.9915,0.9903,0.8435,0.7898,1127.568,347.8558,951.0236,348.7086,1154.6282,622.1416,917.8395,631.6456,176.5465,236.9794,1.3423,0,0,0,0
854,3,0,2,1,1,1,0.9865,0.9873,0.9111,0.9229,328.7974,277.0699,179.537,272.643,277.3115,296.916,244.5056,282.6705,149.3261,35.7654,0.2395,1,1,69,1
854,3,0,1,1,1,1,0.9953,0.9641,0.9438,0.7046,669.039,355.9744,753.7896,349.7473,604.696,510.7669,747.4798,488.0462,84.9791,144.5802,1.7014,0,0,0,0
855,3,0,0,1,1,1,0.9888,0.9852,0.8699,0.8172,1127.5845,349.7138,951.0153,351.8785,1157.7518,626.5199,908.4745,626.8326,176.5825,249.2775,1.4117,0,0,0,0
855,3,0,2,1,1,1,0.9869,0.987,0.9143,0.921,329.2138,277.2379,179.2748,272.725,277.3118,296.6692,243.454,283.7769,150.0069,36.2293,0.2415,1,1,70,1
855,3,0,1,1,1,1,0.9911,0.9745,0.9006,0.7278,661.7776,349.9985,747.8784,348.5754,591.1654,510.8675,751.438,502.33,86.1126,160.4999,1.8638,0,0,0,0
856,3,0,0,1,1,1,0.9905,0.9818,0.8876,0.7912,1122.8969,350.7628,947.9498,353.698,1156.7695,628.5208,905.9323,625.1774,174.9717,250.8595,1.4337,0,0,0,0
856,3,0,2,1,1,1,0.9862,0.9878,0.9088,0.9257,328.8018,277.0206,178.8312,273.4722,278.2082,296.1866,245.3601,282.0675,150.0126,35.754,0.2383,1,1,71,1
856,3,0,1,1,1,1,0.9946,0.9765,0.9392,0.76,652.976,352.5598,752.7823,349.4465,587.1948,498.2162,741.1297,509.092,99.8549,154.3186,1.5454,0,0,0,0
857,3,0,0,1,1,1,0.9905,0.9818,0.8874,0.7913,1122.8718,350.7632,947.9293,353.7096,1156.8104,628.4856,905.9089,625.2326,174.9674,250.9226,1.4341,0,0,0,0
857,3,0,2,1,1,1,0.9861,0.9878,0.9086,0.9257,328.8082,277.0366,178.859,273.4922,278.1965,296.1946,245.3702,281.9904,149.9911,35.7677,0.2385,1,1,72,1
857,3,0,1,1,1,1,0.9946,0.9764,0.9391,0.7597,652.9668,352.552,752.7953,349.4504,587.203,498.2044,741.1042,509.0356,99.8767,154.2817,1.5447,0,0,0,0
858,3,0,0,1,1,1,0.9914,0.978,0.9037,0.7814,1117.7711,351.9772,949.4577,355.9015,1151.981,631.9654,904.8754,620.913,168.3592,247.3526,1.4692,0,0,0,0
858,3,0,2,1,1,1,0.9865,0.9878,0.9106,0.926,328.4622,276.8092,179.1574,273.568,277.4518,295.7728,243.8453,282.0962,149.3399,36.2828,0.243,1,1,73,1
858,3,0,1,1,1,1,0.9898,0.9755,0.895,0.7443,655.366,345.7472,745.9763,346.3107,584.1872,495.3992,747.2726,510.7516,90.612,163.8065,1.8078,0,0,0,0
859,3,0,0,1,1,1,0.9914,0.9779,0.9042,0.7807,1117.7291,352.0004,949.5104,355.8962,1151.9077,631.9528,904.8657,620.9669,168.2639,247.2862,1.4696,0,0,0,0
859,3,0,2,1,1,1,0.9865,0.9878,0.9107,0.9261,328.4819,276.7372,179.182,273.5359,277.4308,295.7562,243.8416,282.0909,149.3342,36.2625,0.2428,1,1,74,1
859,3,0,1,1,1,1,0.9898,0.9755,0.8948,0.7448,655.3323,345.7619,745.9331,346.34,584.2046,495.3804,747.1886,511.0058,90.6027,163.7314,1.8071,0,0,0,0
860,3,0,0,1,1,1,0.9915,0.9724,0.9102,0.7601,1111.3043,349.9468,953.4937,354.0712,1142.0176,637.7011,906.187,613.8778,157.8645,237.0309,1.5015,0,0,0,0
860,3,0,1,1,1,1,0.9901,0.9756,0.8953,0.7337,653.5572,343.8945,744.9738,345.5472,580.6054,494.5078,745.614,520.6974,91.4314,167.074,1.8273,0,0,0,0
860,3,0,2,1,1,1,0.9862,0.9874,0.9098,0.9233,328.6516,276.1799,179.2954,273.1626,277.8746,295.0596,242.8048,282.5097,149.3867,37.2478,0.2493,1,1,75,1
861,3,0,0,1,1,1,0.9915,0.9724,0.9103,0.7599,1111.2997,349.8974,953.5543,354.0067,1142.0588,637.7068,906.2039,613.8628,157.7989,237.0572,1.5023,0,0,0,0
861,3,0,1,1,1,1,0.9902,0.9756,0.8953,0.7336,653.5724,343.898,745.0038,345.5758,580.6128,494.5078,745.5778,520.8066,91.4468,167.048,1.8267,0,0,0,0
861,3,0,2,1,1,1,0.9862,0.9873,0.9098,0.9233,328.6538,276.1798,179.3042,273.1684,277.9016,295.0822,242.8222,282.5007,149.38,37.2674,0.2495,1,1,76,1
862,3,0,1,1,1,1,0.9899,0.975,0.8923,0.7223,651.5788,343.4638,745.38,348.9962,578.3647,497.192,732.1374,522.3867,93.9643,155.823,1.6583,0,0,0,0
862,3,0,2,1,1,1,0.9866,0.9872,0.9125,0.9225,328.6745,275.7821,179.2021,273.1376,277.6836,295.402,241.97,283.7512,149.4958,37.566,0.2513,1,1,77,1
862,3,0,0,1,1,1,0.9919,0.9653,0.9211,0.7366,1101.7625,346.968,955.9387,351.6393,1130.0465,630.5321,908.8104,608.8683,145.8986,222.2942,1.5236,0,0,0,0
863,3,0,1,1,1,1,0.9899,0.9749,0.8924,0.7222,651.5719,343.4582,745.4389,348.9772,578.3479,497.1398,732.1734,522.231,94.0291,155.8584,1.6576,0,0,0,0
863,3,0,2,1,1,1,0.9866,0.9872,0.9126,0.9224,328.6845,275.8106,179.2157,273.1735,277.6861,295.4023,241.9519,283.7471,149.492,37.5869,0.2514,1,1,78,1
863,3,0,0,1,1,1,0.9919,0.9652,0.921,0.7366,1101.7795,346.9684,955.9647,351.5926,1130.0166,630.572,908.8274,608.8698,145.8882,222.2513,1.5234,0,0,0,0
864,3,0,1,1,1,1,0.9902,0.9771,0.8964,0.7401,647.4139,343.5303,743.9734,349.564,577.8352,494.726,728.2716,516.7038,96.7478,152.0333,1.5714,0,0,0,0
864,3,0,2,1,1,1,0.9871,0.9869,0.916,0.9211,328.7334,275.3257,179.2058,272.8747,276.1902,294.2598,241.8482,283.1721,149.5477,36.0875,0.2413,1,1,79,1
864,3,0,0,1,1,1,0.9933,0.958,0.9299,0.6655,1092.7048,343.3994,963.9868,349.5201,1105.7561,636.6504,918.0602,603.1159,128.8635,190.6681,1.4796,0,0,0,0
865,3,0,1,1,1,1,0.9903,0.9771,0.8966,0.7403,647.4331,343.519,743.9432,349.5634,577.8523,494.7173,728.2725,516.6758,96.6992,152.0145,1.572,0,0,0,0
865,3,0,2,1,1,1,0.9872,0.9869,0.9161,0.9211,328.7579,275.3254,179.2357,272.8771,276.2201,294.2681,241.8867,283.2113,149.5422,36.0699,0.2412,1,1,80,1
865,3,0,0,1,1,1,0.9933,0.9581,0.9299,0.6655,1092.6799,343.3768,963.9517,349.5246,1105.8384,636.7075,918.064,603.0746,128.8749,190.7627,1.4802,0,0,0,0
866,3,0,1,1,1,1,0.9898,0.9766,0.8935,0.7395,641.9447,344.1332,740.5536,349.7308,572.7428,495.8768,725.375,512.935,98.7676,153.5826,1.555,0,0,0,0
866,3,0,2,1,1,1,0.9869,0.987,0.9143,0.9208,328.9646,275.3873,179.1771,273.4092,276.2108,295.5475,241.1664,283.1376,149.8006,37.1767,0.2482,1,1,81,1
866,3,0,0,1,1,1,0.9932,0.9434,0.9389,0.64,1080.9478,336.5089,974.8121,342.8233,1089.7634,637.5965,926.7429,593.7896,106.3233,168.8039,1.5876,0,0,0,0
867,3,0,1,1,1,1,0.993,0.9745,0.9089,0.7058,636.1566,344.607,740.5106,350.0462,564.9005,503.5005,723.0224,511.6678,104.4957,158.3327,1.5152,0,0,0,0
867,3,0,2,1,1,1,0.9865,0.9871,0.912,0.9219,327.97,275.0015,179.0923,273.2754,275.7106,294.7669,241.0646,282.5714,148.8877,36.7297,0.2467,1,1,82,1
867,3,0,0,1,1,1,0.9921,0.8994,0.9531,0.6267,1068.0972,331.5163,985.1865,336.5802,1062.9397,637.3128,938.1363,585.7101,83.0651,135.0508,1.6258,0,0,0,0
868,3,0,1,1,1,1,0.993,0.9744,0.9092,0.7055,636.191,344.5637,740.5134,350.0096,564.8698,503.4592,723.0552,511.401,104.4644,158.3845,1.5162,0,0,0,0
868,3,0,2,1,1,1,0.9866,0.9871,0.912,0.9219,327.9776,275.0079,179.0807,273.2879,275.7126,294.7666,241.075,282.5712,148.9068,36.7218,0.2466,1,1,83,1
868,3,0,0,1,1,1,0.9921,0.8994,0.9531,0.6269,1068.1017,331.5213,985.1968,336.6041,1062.9392,637.2733,938.1857,585.6923,83.0605,134.9964,1.6253,0,0,0,0
869,3,0,1,1,1,1,0.9924,0.9733,0.9003,0.6986,631.0945,346.7196,736.623,351.1358,563.1162,511.0259,717.5366,508.8361,105.6209,154.436,1.4622,0,0,0,0
869,3,0,2,1,1,1,0.987,0.9865,0.9147,0.9186,328.401,275.6644,178.6673,272.891,275.3035,294.8258,240.8641,283.8855,149.7594,36.1353,0.2413,1,1,84,1
869,3,0,0,1,1,1,0.9946,0.9037,0.9532,0.5315,1051.1909,327.2926,1003.756,327.5925,1030.7217,641.616,956.3494,579.8626,47.4358,96.668,2.0379,0,0,0,0
870,3,0,1,1,1,1,0.9924,0.9733,0.9002,0.6983,631.1246,346.72,736.6166,351.1534,563.1463,511.0619,717.5368,508.9619,105.5852,154.4047,1.4624,0,0,0,0
870,3,0,2,1,1,1,0.9869,0.9866,0.9146,0.9188,328.3908,275.6869,178.6527,272.901,275.29,294.8354,240.9,283.8823,149.764,36.0922,0.241,1,1,85,1
870,3,0,0,1,1,1,0.9945,0.9036,0.9531,0.5316,1051.1775,327.3009,1003.7945,327.6503,1030.8887,641.5872,956.3998,579.7974,47.3843,96.781,2.0425,0,0,0,0
871,3,0,1,1,1,1,0.9888,0.9727,0.8858,0.7291,628.3623,347.8228,730.6189,349.9919,565.8181,512.0425,709.4012,501.8836,102.2796,143.942,1.4073,0,0,0,0
871,3,0,2,1,1,1,0.9871,0.9867,0.9153,0.9195,328.1024,275.149,179.1119,272.5623,275.3019,294.5784,240.9782,283.379,149.013,36.1046,0.2423,1,1,86,1
871,3,0,0,1,1,1,0.9951,0.8756,0.9537,0.4206,1032.8264,323.2576,1028.5072,323.7286,1021.0189,637.0674,965.892,600.6232,4.3448,66.0845,15.2099,0,0,0,0
872,3,0,1,1,1,1,0.9888,0.9727,0.886,0.7294,628.3614,347.83,730.6325,350.0132,565.7976,512.0177,709.5183,501.8722,102.2945,144.0783,1.4085,0,0,0,0
872,3,0,2,1,1,1,0.9872,0.9867,0.9154,0.9194,328.0959,275.1373,179.1474,272.5458,275.3163,294.6108,240.9678,283.3917,148.971,36.1344,0.2426,1,1,87,1
872,3,0,0,1,1,1,0.9951,0.8759,0.9538,0.4217,1032.8395,323.2716,1028.4642,323.6915,1021.0933,637.1881,966.0317,600.3778,4.3953,66.2328,15.0689,0,0,0,0
873,3,0,2,1,1,1,0.9876,0.9865,0.9181,0.9187,328.1166,275.0354,178.7202,272.6972,274.2785,293.0303,239.5029,284.0882,149.4146,35.9069,0.2403,1,1,88,1
873,3,0,1,1,1,1,0.9892,0.9719,0.8876,0.727,626.2123,348.8591,727.7135,349.4028,566.3142,515.8304,707.7058,497.5938,101.5027,142.5628,1.4045,0,0,0,0
873,3,0,0,0,1,1,0.9948,0.8471,0.8985,0.2341,1023.2221,327.0285,1052.0277,322.8796,991.061,637.4792,976.2791,606.961,29.1028,33.9097,1.1652,0,0,0,0
874,3,0,2,1,1,1,0.9876,0.9865,0.918,0.9186,328.1037,275.0474,178.7168,272.6915,274.3166,293.0439,239.4785,284.1044,149.4055,35.9668,0.2407,1,1,89,1
874,3,0,1,1,1,1,0.9892,0.9719,0.8876,0.7271,626.2192,348.8591,727.7106,349.4011,566.2915,515.8373,707.7326,497.5724,101.4928,142.6156,1.4052,0,0,0,0
874,3,0,0,0,1,1,0.9948,0.8473,0.8981,0.234,1023.1991,327.016,1052.1796,322.867,991.072,637.5406,976.2804,607.055,29.276,33.8845,1.1574,0,0,0,0
875,3,0,2,1,1,1,0.9874,0.9867,0.9169,0.9195,327.8763,275.0344,179.0797,272.843,274.9708,293.8588,239.3425,283.8539,148.8127,37.0064,0.2487,1,1,90,1
875,3,0,1,1,1,1,0.9885,0.9713,0.8837,0.7307,623.3843,349.21,725.0006,348.564,567.5786,515.4186,707.857,496.494,101.6184,141.5493,1.3929,0,0,0,0
875,3,0,0,0,1,1,0.9963,0.9117,0.8951,0.2895,1004.9675,336.1261,1085.0829,327.3378,960.4402,642.5058,1012.0264,603.4706,80.5959,64.6906,0.8027,0,0,0,0
876,3,0,2,1,1,1,0.9874,0.9867,0.9169,0.9195,327.8732,275.0378,179.079,272.8546,274.95,293.8562,239.332,283.8767,148.8103,36.9895,0.2486,1,1,91,1
876,3,0,1,1,1,1,0.9884,0.9713,0.8837,0.7308,623.372,349.2437,724.9754,348.6009,567.589,515.4146,707.8738,496.5519,101.6054,141.5473,1.3931,0,0,0,0
876,3,0,0,0,1,1,0.9963,0.9116,0.8952,0.2893,1004.9729,336.125,1085.1063,327.3476,960.4874,642.492,1012.0839,603.4434,80.6127,64.707,0.8027,0,0,0,0
877,3,0,1,1,1,1,0.9875,0.9704,0.8747,0.7284,620.4632,349.6061,723.2682,347.6799,567.9358,518.1334,706.5654,494.9776,102.823,140.5501,1.3669,0,0,0,0
877,3,0,2,1,1,1,0.9875,0.9866,0.9174,0.9187,327.8905,275.39,179.0277,273.1314,274.137,293.8391,238.0158,284.0245,148.88,37.4309,0.2514,1,1,92,1
877,3,0,0,0,1,1,0.9964,0.936,0.8621,0.2782,993.3383,340.7055,1100.3652,331.7145,931.5726,628.7564,1028.0863,599.6428,107.4039,100.8092,0.9386,0,0,0,0
878,3,0,2,1,1,1,0.9869,0.9872,0.9132,0.9222,327.4694,274.749,178.1049,273.0426,275.7046,294.7196,240.3093,283.9124,149.3743,37.0084,0.2478,1,1,93,1
878,3,0,1,1,1,1,0.9896,0.9742,0.8701,0.736,617.108,350.0392,723.4194,346.9681,568.1386,516.7354,711.4436,496.7307,106.3558,144.6945,1.3605,0,0,0,0
878,3,0,0,0,1,1,0.9955,0.9654,0.8256,0.3951,983.9343,341.3578,1114.7585,340.2685,920.5734,617.6246,1087.7133,608.6374,130.8288,167.3813,1.2794,0,0,0,0
879,3,0,2,1,1,1,0.9869,0.9872,0.9132,0.9223,327.4697,274.7482,178.1231,273.0525,275.717,294.7224,240.329,283.916,149.3562,37.0011,0.2477,1,1,94,1
879,3,0,1,1,1,1,0.9896,0.9742,0.87,0.736,617.0884,350.0524,723.4112,346.9733,568.1398,516.7614,711.4519,496.7564,106.3675,144.7016,1.3604,0,0,0,0
879,3,0,0,0,1,1,0.9955,0.9654,0.8256,0.395,983.9465,341.3452,1114.7726,340.2556,920.5361,617.6649,1087.7219,608.7369,130.8306,167.424,1.2797,0,0,0,0
880,3,0,1,1,1,1,0.9894,0.975,0.8649,0.7366,615.815,350.6691,723.469,347.6715,568.1932,517.753,710.8828,497.8955,107.6957,144.0648,1.3377,0,0,0,0
880,3,0,2,1,1,1,0.9873,0.9867,0.916,0.9195,327.5376,275.6832,178.3904,273.5478,274.7406,294.3819,240.4115,284.8474,149.1625,35.6286,0.2389,1,1,95,1
880,3,0,0,1,1,1,0.993,0.9731,0.741,0.4389,977.6781,342.2317,1124.322,341.4098,910.429,617.1388,1094.6157,603.631,146.6462,184.6813,1.2594,0,0,0,0
881,3,0,1,1,1,1,0.9894,0.975,0.8649,0.7366,615.8116,350.6639,723.4726,347.669,568.2068,517.7354,710.8804,497.8839,107.7027,144.048,1.3375,0,0,0,0
881,3,0,2,1,1,1,0.9873,0.9867,0.916,0.9195,327.5473,275.6907,178.4032,273.536,274.7177,294.3838,240.4094,284.8318,149.1596,35.6132,0.2388,1,1,96,1
881,3,0,0,1,1,1,0.993,0.9732,0.7416,0.4389,977.6667,342.1864,1124.3297,341.4114,910.4507,617.1674,1094.9257,603.9436,146.665,184.9483,1.261,0,0,0,0
882,3,0,0,1,1,1,0.9865,0.9729,0.6985,0.4966,965.8807,344.4434,1129.5835,342.442,906.1067,613.0095,1121.0674,585.7865,163.7151,216.6776,1.3235,0,0,0,0
882,3,0,1,1,1,1,0.9884,0.9745,0.8588,0.7402,615.1664,350.6593,723.2822,347.3544,569.8435,517.382,711.9626,501.7268,108.1663,142.9788,1.3218,0,0,0,0
882,3,0,2,1,1,1,0.9872,0.9867,0.9155,0.9195,327.1427,275.9207,177.9584,273.2502,274.6774,295.0126,240.0157,284.3592,149.2082,36.2619,0.243,1,1,97,1
883,3,0,0,1,1,1,0.9866,0.9728,0.6991,0.4959,965.95,344.4056,1129.5745,342.4103,906.1483,612.9842,1120.8989,585.7824,163.6366,216.4666,1.3228,0,0,0,0
883,3,0,1,1,1,1,0.9884,0.9744,0.8593,0.7392,615.174,350.5376,723.2983,347.2465,569.8516,517.3298,711.9162,501.7149,108.1743,142.9203,1.3212,0,0,0,0
883,3,0,2,1,1,1,0.9872,0.9867,0.9155,0.9195,327.1383,275.9594,177.9464,273.2734,274.6845,295.0974,240.036,284.3699,149.216,36.2712,0.2431,1,1,98,1
884,3,0,0,1,1,1,0.9864,0.9747,0.7009,0.5025,962.7889,343.8351,1136.2153,346.4043,910.588,609.8432,1140.8909,604.7636,173.4454,230.3589,1.3281,0,0,0,0
884,3,0,1,1,1,1,0.9881,0.9759,0.8556,0.748,614.8482,350.315,723.3203,347.6254,570.5896,516.2417,714.0763,504.5916,108.5054,143.9589,1.3267,0,0,0,0
884,3,0,2,1,1,1,0.9872,0.9868,0.916,0.9204,327.0953,275.0562,177.8409,272.9104,274.881,295.4532,241.2126,285.6415,149.2698,35.069,0.2349,1,1,99,1
885,3,0,0,1,1,1,0.9874,0.9798,0.6752,0.4956,958.2383,344.1122,1141.3372,353.2656,915.2025,619.0567,1156.3026,642.59,183.3275,242.246,1.3214,0,0,0,0
885,3,0,1,1,1,1,0.9849,0.9749,0.858,0.7657,618.1366,350.9603,722.636,348.1933,571.8368,514.5844,715.0036,506.3814,104.536,143.4017,1.3718,0,0,0,0
885,3,0,2,1,1,1,0.9874,0.9871,0.9161,0.9218,327.139,275.6621,178.1928,273.5414,275.1459,295.8337,239.1599,286.366,148.9612,37.2106,0.2498,1,1,100,1
886,3,0,0,1,1,1,0.9874,0.9798,0.6753,0.4954,958.2735,344.134,1141.381,353.2681,915.2005,619.0786,1156.2826,642.609,183.3352,242.2277,1.3212,0,0,0,0
886,3,0,1,1,1,1,0.9849,0.9749,0.8581,0.7654,618.1568,350.9746,722.6367,348.1965,571.8302,514.5848,715.0064,506.3408,104.5169,143.4134,1.3722,0,0,0,0
886,3,0,2,1,1,1,0.9873,0.9871,0.916,0.9219,327.1516,275.6612,178.1846,273.5223,275.1913,295.89,239.1722,286.3666,148.9824,37.2568,0.2501,1,1,101,1
887,3,0,0,1,1,1,0.9883,0.9872,0.5753,0.495,960.5219,343.0597,1141.7249,355.1305,928.088,602.5281,1172.1244,650.1624,181.6046,248.6419,1.3691,0,0,0,0
887,3,0,1,1,1,1,0.985,0.9762,0.8598,0.7735,619.8588,352.0374,723.9904,349.5843,571.3532,512.3636,717.813,511.2646,104.1604,146.4638,1.4061,0,0,0,0
887,3,0,2,1,1,1,0.9876,0.9865,0.9183,0.9193,327.1524,275.9204,177.9398,272.7709,274.1252,294.6114,239.8056,285.652,149.2458,35.4697,0.2377,1,1,102,1
888,3,0,0,1,1,1,0.9883,0.9872,0.5755,0.4947,960.5254,343.0674,1141.7474,355.1474,928.0852,602.5407,1172.0996,650.1776,181.6242,248.6208,1.3689,0,0,0,0
888,3,0,1,1,1,1,0.985,0.9762,0.8597,0.7736,619.8488,352.0455,723.9861,349.6044,571.3436,512.3784,717.8286,511.3151,104.1659,146.4888,1.4063,0,0,0,0
888,3,0,2,1,1,1,0.9876,0.9865,0.9182,0.9193,327.1513,275.9086,177.9496,272.7665,274.138,294.625,239.8234,285.6632,149.2348,35.4656,0.2376,1,1,103,1
889,3,0,1,1,1,1,0.9892,0.9807,0.8604,0.7703,618.2978,352.0352,724.7416,350.7134,570.0078,510.5578,721.0972,513.112,106.452,151.111,1.4195,0,0,0,0
889,3,0,0,1,1,1,0.9905,0.9912,0.5608,0.5481,960.2679,342.3214,1138.7974,350.1637,941.3047,613.0978,1176.2655,645.2236,178.7016,237.1469,1.3271,0,0,0,0
889,3,0,2,1,1,1,0.9876,0.9866,0.9181,0.9195,326.6852,275.6476,177.378,272.3801,274.7745,294.6257,239.2567,285.9142,149.3428,36.5706,0.2449,1,1,104,1
890,3,0,1,1,1,1,0.9893,0.9807,0.8611,0.7702,618.3723,352.0329,724.7442,350.7703,569.9558,510.4666,720.9838,512.8376,106.3794,151.0466,1.4199,0,0,0,0
890,3,0,0,1,1,1,0.9905,0.9912,0.5615,0.5477,960.2678,342.4408,1138.8021,350.2138,941.2606,613.0979,1176.2809,645.464,178.7035,237.2385,1.3276,0,0,0,0
890,3,0,2,1,1,1,0.9876,0.9866,0.9182,0.9194,326.6817,275.7139,177.3988,272.379,274.8045,294.639,239.0758,285.9361,149.3201,36.7734,0.2463,1,1,105,1
891,3,0,0,1,1,1,0.988,0.9928,0.5143,0.5969,961.2874,340.1483,1131.7328,351.296,948.1343,598.7315,1184.7058,641.0394,170.8096,240.3248,1.407,0,0,0,0
891,3,0,2,1,1,1,0.9875,0.9868,0.9173,0.92,326.2637,275.8023,177.2218,272.8884,275.1898,295.2796,238.6156,285.9277,149.0704,37.7509,0.2532,1,1,106,1
891,3,0,1,1,1,1,0.9892,0.9804,0.8581,0.764,617.5886,354.0596,722.6198,353.0984,571.279,508.0095,717.393,510.4081,105.0356,146.1336,1.3913,0,0,0,0
892,3,0,0,1,1,1,0.9848,0.9951,0.4865,0.7007,966.6548,334.8004,1122.737,351.4946,961.8124,572.9892,1182.3828,636.2294,156.9725,229.4572,1.4618,0,0,0,0
892,3,0,2,1,1,1,0.9874,0.9867,0.9162,0.9195,325.9132,275.0932,176.4385,272.2794,275.4181,295.3433,238.7161,285.1757,149.5012,38.0843,0.2547,1,1,107,1
892,3,0,1,1,1,1,0.9912,0.9739,0.8755,0.7038,617.829,353.5056,717.5382,350.2272,570.3484,505.6795,700.6618,497.2088,99.763,130.5883,1.309,0,0,0,0
893,3,0,0,1,1,1,0.9849,0.9951,0.4869,0.7004,966.7254,334.7813,1122.72,351.5196,961.765,573.119,1182.4191,636.0528,156.89,229.4534,1.4625,0,0,0,0
893,3,0,2,1,1,1,0.9874,0.9867,0.9162,0.9195,325.9493,275.0756,176.4311,272.2485,275.4176,295.392,238.7471,285.2035,149.5449,38.0595,0.2545,1,1,108,1
893,3,0,1,1,1,1,0.9912,0.9737,0.8755,0.7022,617.8523,353.5,717.5634,350.2244,570.3199,505.5606,700.1925,496.6018,99.7648,130.1812,1.3049,0,0,0,0
894,3,0,2,1,1,1,0.9876,0.9866,0.9174,0.9194,325.447,275.4598,176.1263,272.1637,275.4597,295.3596,239.2651,285.6539,149.3571,37.4734,0.2509,1,1,109,1
894,3,0,0,1,1,1,0.9759,0.995,0.4893,0.7882,974.2554,338.3507,1109.7726,349.4436,970.4014,572.6233,1172.6218,642.4836,135.9704,213.9476,1.5735,0,0,0,0
894,3,0,1,1,1,1,0.993,0.9704,0.8843,0.6525,616.9438,353.0463,713.9643,348.3126,571.825,509.0582,687.1642,489.6798,97.1359,116.9558,1.204,0,0,0,0
895,3,0,2,1,1,1,0.9876,0.9866,0.9175,0.9193,325.438,275.48,176.1279,272.1646,275.4318,295.4331,239.0832,285.8298,149.3469,37.5959,0.2517,1,1,110,1
895,3,0,0,1,1,1,0.9759,0.995,0.4893,0.7882,974.2362,338.3458,1109.7644,349.4366,970.4275,572.6686,1172.644,642.5166,135.9812,213.9399,1.5733,0,0,0,0
895,3,0,1,1,1,1,0.9929,0.9705,0.8843,0.653,616.9336,353.0421,713.9575,348.2874,571.8218,509.0487,687.1659,489.6193,97.1403,116.969,1.2041,0,0,0,0
896,3,0,2,1,1,1,0.9873,0.9874,0.9153,0.9237,325.1724,275.3057,175.7413,272.3836,275.5454,295.9482,238.531,286.0607,149.4596,38.3122,0.2563,1,1,111,1
896,3,0,1,1,1,1,0.993,0.9615,0.8806,0.5775,616.0389,350.4078,707.4922,346.22,571.4734,510.5982,665.2892,497.8751,91.5491,94.6747,1.0341,0,0,0,0
896,3,0,0,0,1,1,0.9598,0.9947,0.3775,0.7957,975.7242,339.6146,1102.2622,346.2404,1004.3883,608.6352,1163.8076,651.8258,126.7114,165.1664,1.3035,0,0,0,0
897,3,0,2,1,1,1,0.9873,0.9875,0.9152,0.9239,325.1494,275.3305,175.7525,272.419,275.5756,295.8992,238.5237,285.9836,149.4253,38.3558,0.2567,1,1,112,1
897,3,0,1,1,1,1,0.993,0.9615,0.8806,0.5776,616.0471,350.4062,707.4916,346.213,571.4758,510.6004,665.3116,497.9134,91.5406,94.6896,1.0344,0,0,0,0
897,3,0,0,0,1,1,0.9598,0.9947,0.3778,0.7958,975.7217,339.6076,1102.2704,346.2573,1004.2124,608.7166,1163.7566,651.9469,126.7233,165.2973,1.3044,0,0,0,0
898,3,0,2,1,1,1,0.9877,0.9864,0.9191,0.9193,324.8934,275.6401,176.204,272.3499,274.6449,295.7018,238.5311,284.1378,148.7259,37.92,0.255,1,1,113,1
898,3,0,1,1,1,1,0.9941,0.957,0.8895,0.5333,609.5696,351.9409,699.669,347.104,569.0945,520.4165,652.3116,499.6976,90.2291,85.7576,0.9504,0,0,0,0
898,3,0,0,0,1,1,0.9512,0.9937,0.3751,0.804,982.5108,339.7342,1086.5369,342.0703,1040.9827,612.6862,1147.9559,647.0219,104.0523,112.3487,1.0797,0,0,0,0
899,3,0,2,1,1,1,0.9877,0.9864,0.919,0.9192,324.8893,275.6273,176.1802,272.334,274.6433,295.7117,238.5415,284.151,148.7455,37.9076,0.2548,1,1,114,1
899,3,0,1,1,1,1,0.9941,0.957,0.8895,0.5333,609.5538,351.9357,699.6639,347.1054,569.1061,520.4034,652.2279,499.6547,90.2394,85.6723,0.9494,0,0,0,0
899,3,0,0,0,1,1,0.9512,0.9937,0.3752,0.8041,982.4882,339.7696,1086.5557,342.037,1040.9958,612.7636,1147.9686,647.0599,104.0921,112.3361,1.0792,0,0,0,0
900,3,0,2,1,1,1,0.9872,0.9869,0.9153,0.9221,324.547,275.234,175.2765,272.6918,275.2311,295.6532,237.5561,285.6649,149.2921,38.9765,0.2611,1,1,115,1
900,3,0,1,1,1,1,0.9926,0.9533,0.8892,0.5465,601.6458,354.1824,690.5337,348.5924,564.5883,523.9671,641.7755,502.9434,89.0635,79.9991,0.8982,0,0,0,0
900,3,0,0,1,1,1,0.9244,0.9931,0.4181,0.8692,999.4775,333.0163,1069.0568,336.6668,1056.7529,608.6416,1125.2623,649.6114,69.675,79.8252,1.1457,0,0,0,0
901,3,0,2,1,1,1,0.9872,0.9869,0.9153,0.9222,324.5454,275.1982,175.2625,272.6795,275.2784,295.8355,237.5652,285.6484,149.3041,39.0649,0.2616,1,1,116,1
901,3,0,1,1,1,1,0.9926,0.9532,0.8893,0.5459,601.6568,354.166,690.5495,348.5912,564.5614,523.991,641.5954,503.0356,89.0673,79.8335,0.8963,0,0,0,0
901,3,0,0,1,1,1,0.9244,0.9931,0.4177,0.8691,999.42,333.0766,1069.1339,336.6959,1056.4487,608.9984,1125.3792,650.0169,69.8078,80.2117,1.149,0,0,0,0
902,3,0,2,1,1,1,0.9872,0.9877,0.9148,0.9257,324.361,275.2772,174.3706,272.7199,273.8969,295.031,238.282,284.7788,150.0122,37.0611,0.2471,1,1,117,1
902,3,0,0,1,1,1,0.9097,0.9916,0.4587,0.8841,1026.0143,330.1467,1050.9083,333.9679,1086.1234,606.4784,1100.7274,654.5978,25.1856,50.2868,1.9966,0,0,0,0
902,3,0,1,1,1,1,0.9959,0.9594,0.9391,0.5941,589.8904,355.4186,678.2989,346.248,556.8538,527.4784,624.4858,501.9718,88.8829,72.2819,0.8132,0,0,0,0
903,3,0,2,1,1,1,0.987,0.9876,0.9132,0.9253,324.2049,275.2793,174.2219,272.6364,274.8046,295.2257,238.6698,286.6565,150.0062,37.1371,0.2476,1,1,118,1
903,3,0,0,0,1,1,0.8952,0.989,0.3177,0.8167,1033.5039,338.6132,1042.236,340.2224,1079.3765,617.8482,1082.6696,657.5309,8.8791,39.8191,4.4846,0,0,0,0
903,3,0,1,1,1,1,0.9913,0.9409,0.9251,0.5896,578.6596,359.1583,663.2267,348.9822,546.7492,534.0312,608.0047,512.3084,85.1771,64.9932,0.763,0,0,0,0
904,3,0,2,1,1,1,0.987,0.9876,0.9132,0.9253,324.199,275.2558,174.2098,272.6,274.8093,295.2146,238.6788,286.6412,150.0126,37.1337,0.2475,1,1,119,1
904,3,0,0,0,1,1,0.8951,0.989,0.3176,0.8166,1033.555,338.6204,1042.2522,340.235,1079.4287,617.8459,1082.6555,657.5676,8.8458,39.8526,4.5053,0,0,0,0
904,3,0,1,1,1,1,0.9913,0.941,0.9251,0.5899,578.6656,359.137,663.2124,348.9466,546.7505,534.0179,608.0104,512.2462,85.1587,65.0137,0.7634,0,0,0,0
905,3,0,2,1,1,1,0.9869,0.9874,0.913,0.9244,323.4066,275.2472,174.2714,272.8707,274.8463,294.8352,237.127,285.732,149.1541,38.8023,0.2601,1,1,120,1
905,3,0,0,0,1,1,0.9016,0.9897,0.3501,0.8383,1034.6511,346.1034,1029.7998,346.875,1074.8466,636.5,1070.4308,664.864,4.9123,28.7057,5.8436,0,0,0,0
905,3,0,1,1,1,1,0.9922,0.9536,0.9081,0.6055,561.786,362.0954,648.9316,346.4523,539.9878,542.7666,604.0401,492.9256,88.5386,81.1593,0.9167,0,0,0,0
906,3,0,2,1,1,1,0.9869,0.9874,0.9129,0.9245,323.4011,275.2382,174.2643,272.8639,274.8511,294.8423,237.0948,285.7177,149.1557,38.8433,0.2604,1,1,121,1
906,3,0,0,0,1,1,0.9012,0.9896,0.3482,0.8368,1034.8339,346.2276,1029.7002,346.8667,1074.7759,636.5534,1070.1697,664.3692,5.1733,28.1947,5.45,0,0,0,0
906,3,0,1,1,1,1,0.9922,0.9535,0.9083,0.6058,561.8183,362.0835,648.9431,346.4183,539.8754,542.5794,604.1466,492.8636,88.5219,81.2555,0.9179,0,0,0,0
907,3,0,2,1,1,1,0.9863,0.9877,0.9095,0.9265,322.7237,275.142,173.4364,272.5903,275.0621,296.0173,236.7101,285.758,149.3091,39.7005,0.2659,1,1,122,1
907,3,0,0,1,1,1,0.9259,0.9919,0.4089,0.8652,1047.6313,351.674,1010.0212,347.4002,1080.3162,639.3282,1044.8186,652.3221,37.8521,37.801,0.9986,0,0,0,0
907,3,0,1,1,1,1,0.9919,0.9672,0.8915,0.6718,546.3446,365.1274,638.6664,349.3115,522.3473,547.7666,611.7318,476.9403,93.6668,114.0437,1.2175,0,0,0,0
908,3,0,2,1,1,1,0.9863,0.9876,0.9095,0.9264,322.7316,275.1832,173.4547,272.633,275.0726,295.9466,236.8002,285.664,149.2987,39.6296,0.2654,1,1,123,1
908,3,0,0,1,1,1,0.9258,0.9919,0.4087,0.8651,1047.6327,351.6614,1010.0317,347.4402,1080.259,639.4027,1044.8662,652.4328,37.8371,37.7152,0.9968,0,0,0,0
908,3,0,1,1,1,1,0.9919,0.9674,0.8912,0.6723,546.3305,365.1317,638.6412,349.3173,522.3409,547.7138,611.7772,476.834,93.6556,114.1174,1.2185,0,0,0,0
909,3,0,2,1,1,1,0.9866,0.9876,0.9114,0.926,323.1361,275.2568,173.892,273.1144,274.7154,295.8127,236.8129,285.4284,149.2595,39.2993,0.2633,1,1,124,1
909,3,0,1,1,1,1,0.9894,0.9691,0.8532,0.7119,536.1175,365.8068,626.5842,350.6744,502.2096,545.745,616.2375,463.7542,91.7235,140.4452,1.5312,0,0,0,0
909,3,0,0,1,1,1,0.9525,0.9913,0.5247,0.8636,1069.7921,353.9061,991.8661,348.5404,1096.7509,627.0804,1024.5435,640.1424,78.1105,73.3793,0.9394,0,0,0,0
910,3,0,2,1,1,1,0.9866,0.9876,0.9113,0.9259,323.1147,275.2816,173.899,273.1154,274.6777,295.7952,236.7762,285.4477,149.2314,39.2886,0.2633,1,1,125,1
910,3,0,1,1,1,1,0.9894,0.9692,0.8533,0.7126,536.099,365.7553,626.5559,350.6474,502.1778,545.6175,616.001,463.9422,91.7098,140.0949,1.5276,0,0,0,0
910,3,0,0,1,1,1,0.9526,0.9913,0.525,0.8635,1069.801,353.8973,991.8016,348.5391,1097.0624,627.4866,1024.7452,640.3238,78.1833,73.4477,0.9394,0,0,0,0
911,3,0,1,1,1,1,0.9909,0.9728,0.8577,0.7174,523.5551,361.7048,621.0664,346.5121,486.3722,540.8276,608.2114,477.6994,98.6877,137.2223,1.3905,0,0,0,0
911,3,0,2,1,1,1,0.9867,0.9875,0.9111,0.9252,323.1829,274.8358,173.7057,272.5356,275.3995,295.6929,235.9212,284.8287,149.4949,40.9459,0.2739,1,1,126,1
911,3,0,0,1,1,1,0.9547,0.9919,0.5758,0.8774,1085.6864,353.0007,980.0815,350.57,1099.0785,632.1652,1001.809,662.3784,105.6328,101.8538,0.9642,0,0,0,0
912,3,0,1,1,1,1,0.9909,0.9727,0.8576,0.7166,523.5846,361.6675,621.061,346.5432,486.3978,540.8463,607.9732,477.8974,98.6427,136.9056,1.3879,0,0,0,0
912,3,0,2,1,1,1,0.9867,0.9875,0.9111,0.9253,323.1548,274.7822,173.6608,272.4891,275.3623,295.7037,235.8832,284.8388,149.5116,40.9469,0.2739,1,1,127,1
912,3,0,0,1,1,1,0.9548,0.992,0.5756,0.8773,1085.7551,353.0769,980.0884,350.6048,1099.0449,632.5276,1001.8191,662.8504,105.6956,101.8447,0.9636,0,0,0,0
913,3,0,2,1,1,1,0.9865,0.9877,0.9105,0.9265,323.0826,274.6013,173.8915,272.0705,274.3162,295.4741,236.342,287.0988,149.2125,38.8869,0.2606,1,1,128,1
913,3,0,1,1,1,1,0.9917,0.9713,0.9052,0.7594,519.2635,356.9633,617.2116,345.7203,475.8386,523.2102,606.4802,487.8799,98.5913,135.3346,1.3727,0,0,0,0
913,3,0,0,1,1,1,0.9744,0.992,0.7411,0.887,1097.3892,354.0643,968.0997,351.5729,1118.326,600.0117,981.3297,648.1828,129.3134,145.2187,1.123,0,0,0,0
914,3,0,2,1,1,1,0.9865,0.9877,0.9106,0.9269,323.5119,274.9246,174.8801,272.943,274.5188,294.8176,236.7929,285.9984,148.645,38.743,0.2606,1,1,129,1
914,3,0,0,1,1,1,0.9814,0.9912,0.7845,0.8705,1099.6875,355.987,957.8721,353.6492,1127.9913,606.5448,961.757,649.9749,141.8347,171.814,1.2114,0,0,0,0
914,3,0,1,1,1,1,0.99,0.9764,0.8621,0.7546,513.7152,352.4876,613.6335,343.3477,470.7388,505.6054,616.9539,502.0362,100.3355,146.2587,1.4577,0,0,0,0
915,3,0,2,1,1,1,0.9864,0.9878,0.9104,0.927,323.5068,274.9494,174.9176,272.9313,274.5313,294.867,236.8269,285.8827,148.6029,38.76,0.2608,1,1,130,1
915,3,0,0,1,1,1,0.9814,0.9911,0.7846,0.8702,1099.6908,355.9812,957.8707,353.63,1128.0183,606.607,961.7463,649.9624,141.8396,171.8315,1.2114,0,0,0,0
915,3,0,1,1,1,1,0.99,0.9765,0.862,0.7552,513.7083,352.4564,613.6338,343.3636,470.6792,505.6245,616.8928,501.9712,100.3383,146.2591,1.4577,0,0,0,0
916,3,0,2,1,1,1,0.9867,0.9875,0.9118,0.9251,324.3073,274.6784,175.6812,272.7108,274.0504,295.3723,236.3645,285.8553,148.6391,38.869,0.2615,1,1,131,1
916,3,0,0,1,1,1,0.9825,0.9915,0.7834,0.8666,1104.1058,358.5938,949.6995,355.3917,1136.0353,602.1545,943.5006,648.7497,154.4396,198.0927,1.2827,0,0,0,0
916,3,0,1,1,1,1,0.9903,0.9765,0.8735,0.7609,513.4109,347.8216,610.643,344.1452,467.5542,496.8718,621.2508,511.32,97.3015,154.3741,1.5866,0,0,0,0
917,3,0,2,1,1,1,0.9867,0.9875,0.9118,0.925,324.2766,274.6742,175.7092,272.7201,274.0566,295.4091,236.3886,285.8498,148.5802,38.8621,0.2616,1,1,132,1
917,3,0,0,1,1,1,0.9825,0.9915,0.7835,0.8666,1104.1035,358.5824,949.6862,355.4089,1136.0239,602.0942,943.5143,648.8326,154.4499,198.102,1.2826,0,0,0,0
917,3,0,1,1,1,1,0.9903,0.9765,0.8735,0.761,513.3992,347.8986,610.6684,344.1981,467.5835,496.9105,621.2528,511.3212,97.3395,154.3436,1.5856,0,0,0,0
918,3,0,0,1,1,1,0.9861,0.9901,0.8163,0.8415,1107.1694,357.4691,945.4531,355.6183,1143.1881,604.1998,932.0218,650.7138,161.727,216.2285,1.337,0,0,0,0
918,3,0,2,1,1,1,0.9864,0.9878,0.9101,0.9271,324.2956,273.9797,175.4434,272.6454,274.9127,295.6114,236.5125,284.711,148.8582,39.9173,0.2682,1,1,133,1
918,3,0,1,1,1,1,0.9908,0.9752,0.8853,0.7573,513.6202,346.2977,609.0075,344.342,463.9128,492.7279,621.5954,513.1155,95.4074,158.9951,1.6665,0,0,0,0
919,3,0,0,1,1,1,0.9861,0.9901,0.8163,0.8415,1107.1876,357.4608,945.4885,355.599,1143.1774,604.2268,931.991,650.6963,161.7099,216.2385,1.3372,0,0,0,0
919,3,0,2,1,1,1,0.9864,0.9878,0.9102,0.9271,324.2952,273.9794,175.4503,272.6276,274.9096,295.5781,236.5395,284.6715,148.851,39.8901,0.268,1,1,134,1
919,3,0,1,1,1,1,0.9908,0.9751,0.8853,0.7572,513.6535,346.2794,608.9886,344.3256,463.9158,492.7123,621.6338,513.1094,95.3551,159.0315,1.6678,0,0,0,0
920,3,0,0,1,1,1,0.9886,0.9934,0.7956,0.845,1108.5991,351.8872,943.692,353.1389,1147.2926,603.707,923.6745,642.0058,164.9119,226.8741,1.3757,0,0,0,0
920,3,0,2,1,1,1,0.9864,0.988,0.9092,0.9278,323.7886,274.9487,174.718,272.9836,274.6521,295.2147,236.9478,285.8384,149.0835,38.8526,0.2606,1,1,135,1
920,3,0,1,1,1,1,0.9907,0.9744,0.8882,0.7556,516.1926,346.2652,607.9298,345.2953,464.4748,489.6474,620.9666,517.3856,91.7424,158.9312,1.7324,0,0,0,0
921,3,0,0,1,1,1,0.9887,0.9935,0.8008,0.8512,1112.1344,349.8403,945.0567,352.7358,1151.7758,603.7374,916.5415,637.5923,167.1028,237.658,1.4222,0,0,0,0
921,3,0,2,1,1,1,0.9865,0.9879,0.9102,0.9276,323.3636,274.5923,174.9238,273.3469,273.8018,294.6796,237.5608,285.7139,148.445,37.3335,0.2515,1,1,136,1
921,3,0,1,1,1,1,0.9911,0.9732,0.8909,0.7434,519.7193,347.121,607.9708,345.7396,466.9734,493.5998,613.7044,519.4238,88.2623,148.9862,1.688,0,0,0,0
922,3,0,0,1,1,1,0.9887,0.9935,0.8009,0.8509,1112.1677,349.8129,945.0629,352.7152,1151.8167,603.7821,916.527,637.6002,167.13,237.7075,1.4223,0,0,0,0
922,3,0,2,1,1,1,0.9865,0.9879,0.9102,0.9276,323.352,274.5719,174.9056,273.3373,273.7843,294.7206,237.583,285.7341,148.4516,37.3,0.2513,1,1,137,1
922,3,0,1,1,1,1,0.9911,0.9732,0.8912,0.7437,519.7686,347.0811,608.0012,345.6877,466.916,493.5907,613.6515,519.3184,88.2437,148.9739,1.6882,0,0,0,0
923,3,0,0,1,1,1,0.9896,0.9934,0.8111,0.846,1116.7151,348.9694,947.475,352.3013,1160.6785,606.1001,915.5888,634.7082,169.2729,246.7537,1.4577,0,0,0,0
923,3,0,2,1,1,1,0.9868,0.9875,0.9125,0.9256,323.4338,275.4655,175.4094,274.0329,273.3258,293.3772,236.0692,284.4759,148.0313,38.3052,0.2588,1,1,138,1
923,3,0,1,1,1,1,0.992,0.9689,0.9021,0.7253,521.7042,348.9163,609.1264,343.7579,471.7346,497.2418,606.7334,505.434,87.5743,135.2472,1.5444,0,0,0,0
924,3,0,0,1,1,1,0.9896,0.9934,0.811,0.846,1116.6964,348.9728,947.4809,352.306,1160.6823,606.124,915.5856,634.7102,169.2483,246.758,1.458,0,0,0,0
924,3,0,2,1,1,1,0.9868,0.9875,0.9124,0.9256,323.4442,275.4623,175.3983,274.033,273.3534,293.3706,236.0633,284.4893,148.0528,38.3332,0.2589,1,1,139,1
924,3,0,1,1,1,1,0.992,0.9689,0.9021,0.7252,521.7108,348.9222,609.1258,343.761,471.733,497.2465,606.6982,505.422,87.5673,135.2126,1.5441,0,0,0,0
925,3,0,0,1,1,1,0.9904,0.9932,0.8162,0.8366,1123.0837,348.1361,953.1446,351.5676,1164.5967,612.4502,917.3625,634.737,169.9738,248.2366,1.4604,0,0,0,0
925,3,0,2,1,1,1,0.9866,0.9876,0.9108,0.9257,323.77,275.0275,175.856,274.3735,274.0356,294.4982,236.1522,284.6621,147.9155,39.1395,0.2646,1,1,140,1
925,3,0,1,1,1,1,0.9942,0.9733,0.934,0.7507,522.0444,350.7871,610.1086,344.2775,475.2116,498.9786,601.9428,497.7408,88.3044,126.7372,1.4352,0,0,0,0
926,3,0,0,1,1,1,0.9904,0.9932,0.8172,0.8365,1123.0657,348.0198,953.1207,351.5907,1164.5851,612.3232,917.3455,634.7298,169.9825,248.2529,1.4605,0,0,0,0
926,3,0,2,1,1,1,0.9866,0.9876,0.9108,0.9257,323.7696,275.0692,175.8496,274.3878,274.027,294.4848,236.2576,284.709,147.9215,39.014,0.2637,1,1,141,1
926,3,0,1,1,1,1,0.9941,0.9732,0.9339,0.7506,522.0351,350.7649,610.1437,344.2804,475.2098,498.9716,601.9126,497.756,88.3469,126.7085,1.4342,0,0,0,0
927,3,0,0,1,1,1,0.9841,0.9904,0.8279,0.8712,1133.032,347.835,957.3693,352.1852,1173.4469,609.995,918.3873,629.49,175.7166,255.8036,1.4558,0,0,0,0
927,3,0,2,1,1,1,0.9869,0.9874,0.9131,0.9247,323.1614,275.88,175.6591,274.8158,272.9614,293.1527,237.3253,283.9256,147.5062,36.8113,0.2496,1,1,142,1
927,3,0,1,1,1,1,0.993,0.9635,0.9156,0.7033,526.3228,347.7667,608.2564,341.8358,479.9224,506.1124,594.1967,488.878,82.148,115.5666,1.4068,0,0,0,0
928,3,0,0,1,1,1,0.9849,0.9903,0.834,0.8692,1139.9211,347.4227,963.9744,352.064,1182.4211,611.926,921.0087,624.5729,176.008,261.7182,1.487,0,0,0,0
928,3,0,2,1,1,1,0.9871,0.9874,0.9141,0.9242,323.311,275.4769,175.5332,274.1019,273.0424,294.5015,236.2748,287.2057,147.7842,37.4845,0.2536,1,1,143,1
928,3,0,1,1,1,1,0.9934,0.9595,0.9147,0.6709,525.7509,348.6739,609.3205,341.7807,481.1658,512.6092,590.2038,484.019,83.8534,112.7239,1.3443,0,0,0,0
929,3,0,0,1,1,1,0.9851,0.9902,0.8359,0.868,1139.9949,347.3403,964.2266,351.9574,1182.4185,611.8368,921.0541,624.4898,175.8289,261.6705,1.4882,0,0,0,0
929,3,0,2,1,1,1,0.9871,0.9874,0.9141,0.9243,323.3522,275.4946,175.5011,274.1091,273.1154,294.6169,236.1736,287.3069,147.8576,37.6581,0.2547,1,1,144,1
929,3,0,1,1,1,1,0.9933,0.9596,0.9145,0.6716,525.6832,348.6656,609.3104,341.8208,481.1678,512.518,590.2171,483.9278,83.9068,112.7349,1.3436,0,0,0,0
930,3,0,0,1,1,1,0.986,0.9895,0.8433,0.8601,1148.115,349.2506,969.9056,352.8241,1191.0046,621.7828,926.1742,624.4234,178.2452,264.8436,1.4858,0,0,0,0
930,3,0,2,1,1,1,0.9866,0.9879,0.9101,0.9271,322.8128,275.866,174.6473,274.2377,272.5226,293.4523,237.3984,285.2872,148.1744,36.0608,0.2434,1,1,145,1
930,3,0,1,1,1,1,0.9931,0.9585,0.9087,0.663,525.2898,349.0197,609.8507,340.8631,480.813,516.4944,589.8955,476.8048,84.9534,116.0787,1.3664,0,0,0,0
931,3,0,0,1,1,1,0.986,0.9894,0.8436,0.86,1148.1519,349.2672,969.9343,352.8237,1190.9535,621.8072,926.1965,624.3742,178.2531,264.7695,1.4854,0,0,0,0
931,3,0,2,1,1,1,0.9866,0.9879,0.91,0.927,322.7572,275.9003,174.6676,274.2264,272.4581,293.3106,237.4339,285.2079,148.099,35.9493,0.2427,1,1,146,1
931,3,0,1,1,1,1,0.9931,0.9584,0.9086,0.6616,525.2895,349.0154,609.8556,340.9156,480.7862,516.4895,589.5476,476.6294,84.9532,115.8354,1.3635,0,0,0,0
932,3,0,0,1,1,1,0.9862,0.99,0.8376,0.8564,1153.6057,348.9244,972.7391,354.0978,1197.0396,620.2375,931.3651,627.3979,180.9406,265.7709,1.4688,0,0,0,0
932,3,0,2,1,1,1,0.9865,0.9882,0.909,0.9282,322.822,275.9206,174.8983,274.8896,271.595,291.9058,234.8375,281.9315,147.9273,38.0868,0.2575,1,1,147,1
932,3,0,1,1,1,1,0.9933,0.954,0.9104,0.6393,525.5724,349.8314,610.2162,340.5402,480.0098,517.1828,586.1504,471.1877,85.1522,115.678,1.3585,0,0,0,0
933,3,0,0,1,1,1,0.9862,0.99,0.8376,0.8564,1153.5725,348.9175,972.738,354.0883,1197.0769,620.2288,931.3775,627.3898,180.9084,265.7959,1.4692,0,0,0,0
933,3,0,2,1,1,1,0.9865,0.9882,0.9091,0.9282,322.8348,275.9423,174.9024,274.893,271.559,291.8988,234.8335,281.9447,147.9361,38.0506,0.2572,1,1,148,1
933,3,0,1,1,1,1,0.9932,0.9542,0.9102,0.6415,525.4868,349.8345,610.168,340.5462,480.0072,517.1586,586.3795,471.0653,85.1891,115.9296,1.3609,0,0,0,0
934,3,0,0,1,1,1,0.9894,0.9901,0.8387,0.8247,1154.3987,350.0838,975.7621,356.0234,1200.4534,625.4493,936.7415,634.9087,178.7353,263.8815,1.4764,0,0,0,0
934,3,0,2,1,1,1,0.9863,0.9879,0.9089,0.9272,323.4568,275.4357,174.8798,274.3902,272.5416,293.6606,234.5876,283.3807,148.5807,39.3216,0.2646,1,1,149,1
934,3,0,1,1,1,1,0.995,0.9598,0.9425,0.7021,524.6708,352.2816,612.3646,342.2538,479.4098,518.305,587.5526,471.9182,88.2653,117.6715,1.3332,0,0,0,0
935,3,0,0,1,1,1,0.9894,0.9901,0.8388,0.8245,1154.4111,350.0825,975.7784,356.0293,1200.473,625.4704,936.7337,634.9004,178.7317,263.9078,1.4766,0,0,0,0
935,3,0,2,1,1,1,0.9863,0.9879,0.9087,0.9273,323.461,275.4174,174.8947,274.3701,272.5256,293.6307,234.5641,283.379,148.57,39.3214,0.2647,1,1,150,1
935,3,0,1,1,1,1,0.995,0.9599,0.9424,0.7023,524.6676,352.2775,612.3862,342.2606,479.3987,518.2853,587.6071,471.8926,88.2886,117.7342,1.3335,0,0,0,0
936,3,0,0,1,1,1,0.9868,0.9884,0.8328,0.8483,1157.9493,351.597,978.356,355.9028,1203.898,625.361,938.7333,628.7158,179.6449,265.1859,1.4762,0,0,0,0
936,3,0,2,1,1,1,0.9864,0.988,0.909,0.927,323.1398,275.5683,174.8756,274.089,272.3002,293.9391,233.9147,283.3793,148.2715,39.8115,0.2685,1,1,151,1
936,3,0,1,1,1,1,0.9933,0.9607,0.9148,0.6851,525.1524,350.9285,609.993,341.2574,475.546,516.095,592.9821,474.9604,85.3901,124.4319,1.4572,0,0,0,0
937,3,0,0,1,1,1,0.9868,0.9884,0.8327,0.8484,1157.9487,351.5841,978.3689,355.9442,1203.8993,625.3465,938.7302,628.815,179.6328,265.1918,1.4763,0,0,0,0
937,3,0,2,1,1,1,0.9864,0.988,0.909,0.927,323.1603,275.5545,174.9155,274.0648,272.313,293.983,233.9263,283.3901,148.2523,39.8215,0.2686,1,1,152,1
937,3,0,1,1,1,1,0.9933,0.9607,0.9147,0.6851,525.1508,350.9187,609.9954,341.2671,475.5568,516.1012,592.9918,475.0488,85.3918,124.4037,1.4569,0,0,0,0
938,3,0,0,1,1,1,0.9878,0.9872,0.8462,0.8374,1157.137,352.1426,978.3344,355.7706,1203.7083,626.5162,939.7089,627.4906,178.8394,264.0011,1.4762,0,0,0,0
938,3,0,2,1,1,1,0.9867,0.9881,0.9097,0.9274,322.8398,275.9316,175.3019,274.7576,271.9331,293.6156,235.0678,283.4924,147.5425,38.23,0.2591,1,1,153,1
938,3,0,1,1,1,1,0.9931,0.9641,0.9162,0.7129,525.4976,351.3054,609.476,341.9929,471.1062,515.5614,594.115,480.3522,84.4931,127.9487,1.5143,0,0,0,0
939,3,0,0,1,1,1,0.9879,0.9874,0.8455,0.8389,1155.1628,351.4342,976.7053,355.7066,1203.6649,626.1828,937.8639,628.2932,178.5087,265.8094,1.4891,0,0,0,0
939,3,0,2,1,1,1,0.9871,0.9877,0.9129,0.9257,322.8057,276.3298,175.1807,275.1636,272.013,294.4967,233.512,285.2126,147.6297,39.6046,0.2683,1,1,154,1
939,3,0,1,1,1,1,0.9948,0.9714,0.9394,0.7405,524.04,355.1085,612.2258,344.5669,470.7346,510.8648,594.5912,486.0924,88.8136,126.3096,1.4222,0,0,0,0
940,3,0,0,1,1,1,0.9879,0.9874,0.8454,0.839,1155.1467,351.4467,976.7261,355.7184,1203.6694,626.188,937.8782,628.2756,178.4718,265.7994,1.4893,0,0,0,0
940,3,0,2,1,1,1,0.9871,0.9878,0.9129,0.9258,322.8021,276.3319,175.1781,275.168,272.0297,294.5142,233.5196,285.2226,147.6286,39.6152,0.2683,1,1,155,1
940,3,0,1,1,1,1,0.9948,0.9714,0.9395,0.741,524.0624,355.0167,612.2366,344.5049,470.7188,510.8866,594.6248,486.1509,88.7986,126.3508,1.4229,0,0,0,0
941,3,0,0,1,1,1,0.9887,0.9867,0.8685,0.827,1154.5535,350.237,973.2039,357.6689,1202.5782,628.5242,934.3842,628.1278,181.5018,268.1944,1.4776,0,0,0,0
941,3,0,2,1,1,1,0.9869,0.9878,0.9121,0.9267,322.549,275.99,174.5598,274.832,272.024,293.9728,233.9706,285.613,147.9938,38.9609,0.2633,1,1,156,1
941,3,0,1,1,1,1,0.9924,0.9673,0.9084,0.7266,524.7938,350.387,609.888,342.4174,470.741,503.3292,598.4014,486.6248,85.4666,128.7487,1.5064,0,0,0,0
942,3,0,0,1,1,1,0.9887,0.9866,0.8688,0.8268,1154.5858,350.2374,973.2419,357.7157,1202.6216,628.5232,934.339,628.1405,181.498,268.2829,1.4782,0,0,0,0
942,3,0,2,1,1,1,0.9869,0.9878,0.9121,0.9267,322.5517,276.0061,174.5737,274.8324,272.073,294.0026,233.9713,285.6453,147.9826,39.0076,0.2636,1,1,157,1
942,3,0,1,1,1,1,0.9924,0.9674,0.9082,0.7271,524.7584,350.4125,609.8188,342.4197,470.7848,503.3377,598.425,486.5868,85.4351,128.7347,1.5068,0,0,0,0
943,3,0,0,1,1,1,0.9891,0.9853,0.8763,0.8188,1151.7717,349.7776,972.0561,358.2354,1194.5884,627.9309,931.937,629.0766,179.9145,262.6539,1.4599,0,0,0,0
943,3,0,2,1,1,1,0.9868,0.9876,0.9128,0.9264,323.226,275.5796,174.304,274.4248,272.505,295.2331,233.5638,285.9685,148.9266,40.0282,0.2688,1,1,158,1
943,3,0,1,1,1,1,0.9933,0.9771,0.924,0.7781,521.3606,354.3756,612.7784,345.4895,468.4062,496.761,600.5142,493.5178,91.8488,132.1478,1.4388,0,0,0,0
944,3,0,0,1,1,1,0.9891,0.9853,0.8763,0.8188,1151.8116,349.7552,972.0936,358.2851,1194.548,627.8454,931.9441,629.0713,179.9203,262.6067,1.4596,0,0,0,0
944,3,0,2,1,1,1,0.9868,0.9877,0.9127,0.9266,323.2308,275.5614,174.2938,274.3962,272.5554,295.2468,233.6144,285.9886,148.9416,40.0265,0.2687,1,1,159,1
944,3,0,1,1,1,1,0.9917,0.9701,0.8984,0.7362,522.9445,350.9346,610.8075,344.1019,470.1146,498.6302,601.3304,493.2804,88.1282,131.3249,1.4902,0,0,0,0
945,3,0,0,1,1,1,0.9893,0.9846,0.8803,0.8144,1149.3888,348.2971,971.3278,356.8216,1188.4958,624.9884,928.9898,626.3115,178.265,259.5094,1.4558,0,0,0,0
945,3,0,2,1,1,1,0.9869,0.9876,0.9122,0.9257,322.2703,275.8931,174.4763,275.054,271.6895,294.481,234.9266,285.2106,147.7964,37.9138,0.2565,1,1,160,1
945,3,0,1,1,1,1,0.9919,0.9713,0.9002,0.7397,523.2284,349.7707,610.7718,344.7822,468.5651,498.0798,603.7164,499.775,87.6854,135.1619,1.5414,0,0,0,0
946,3,0,0,1,1,1,0.9893,0.9846,0.8799,0.8151,1149.3873,348.3106,971.4328,356.5864,1188.507,624.9698,929.0126,626.0663,178.1469,259.4967,1.4566,0,0,0,0
946,3,0,2,1,1,1,0.9869,0.9876,0.9123,0.9257,322.2584,275.8626,174.4561,275.0424,271.599,294.3967,234.927,285.2363,147.8047,37.7988,0.2557,1,1,161,1
946,3,0,1,1,1,1,0.9919,0.9714,0.9001,0.7404,523.1618,349.7808,610.7714,344.6876,468.579,498.094,603.7444,499.6345,87.7575,135.1741,1.5403,0,0,0,0
947,3,0,0,1,1,1,0.9891,0.9847,0.8778,0.8186,1146.2977,348.2424,970.4089,354.8599,1177.637,627.1681,927.2662,621.9544,176.0133,250.425,1.4228,0,0,0,0
947,3,0,2,1,1,1,0.987,0.9882,0.9122,0.9287,321.7587,276.012,174.5645,274.8202,271.8427,294.1447,234.181,284.031,147.1991,38.996,0.2649,1,1,162,1
947,3,0,1,1,1,1,0.9918,0.9721,0.8988,0.7437,522.3262,349.7224,610.5432,344.6361,465.9866,498.7934,604.6566,503.7915,88.3634,138.76,1.5703,0,0,0,0
948,3,0,0,1,1,1,0.9891,0.9848,0.8777,0.8183,1146.3359,348.2117,970.4317,354.7054,1177.6584,627.1864,927.3184,621.8762,176.0241,250.3964,1.4225,0,0,0,0
948,3,0,2,1,1,1,0.987,0.9882,0.9121,0.9288,321.7534,275.9895,174.5341,274.8329,271.9612,294.2607,234.0656,284.024,147.2238,39.2539,0.2666,1,1,163,1
948,3,0,1,1,1,1,0.9919,0.9721,0.8998,0.7429,522.3313,349.715,610.5783,344.645,465.9965,498.7026,604.8094,503.5726,88.3925,138.8982,1.5714,0,0,0,0
949,3,0,0,1,1,1,0.9889,0.9854,0.876,0.8258,1144.7097,347.899,969.1337,354.7866,1169.8748,625.0526,924.8098,620.979,175.7111,245.0988,1.3949,0,0,0,0
949,3,0,2,1,1,1,0.9864,0.9883,0.9082,0.929,321.7867,275.684,173.0671,275.1576,271.3518,294.5006,233.009,283.8189,148.7206,39.8029,0.2676,1,1,164,1
949,3,0,1,1,1,1,0.9917,0.9722,0.9017,0.7524,522.986,349.1703,610.7848,344.2221,467.612,497.9414,606.6134,503.5266,87.9382,139.1135,1.5819,0,0,0,0
950,3,0,0,1,1,1,0.9887,0.9856,0.8735,0.8281,1142.7397,348.1201,968.158,354.3174,1165.4576,624.5334,922.0669,620.2926,174.6917,243.4277,1.3935,0,0,0,0
950,3,0,2,1,1,1,0.9867,0.9879,0.9105,0.9272,322.1938,275.8278,174.0968,275.389,272.999,297.0784,234.0962,284.9576,148.0976,40.7473,0.2751,1,1,165,1
950,3,0,1,1,1,1,0.9919,0.9721,0.9019,0.748,523.7354,349.0743,611.0482,345.1159,469.328,498.6816,605.2546,503.8492,87.4025,136.0248,1.5563,0,0,0,0
951,3,0,0,1,1,1,0.9887,0.9856,0.8735,0.8281,1142.7401,348.147,968.1588,354.3535,1165.4453,624.5342,922.0433,620.2782,174.6916,243.4392,1.3935,0,0,0,0
951,3,0,2,1,1,1,0.9867,0.9879,0.9105,0.9272,322.1794,275.853,174.1077,275.4103,273.0019,297.0822,234.0795,284.9564,148.0724,40.7675,0.2753,1,1,166,1
951,3,0,1,1,1,1,0.9919,0.9721,0.902,0.7479,523.7591,349.0507,611.0562,345.0568,469.296,498.7402,605.2624,503.8924,87.3884,136.064,1.557,0,0,0,0
952,3,0,0,1,1,1,0.9887,0.9858,0.8712,0.8257,1141.3096,347.1687,966.5909,353.5877,1164.4781,622.6888,920.5336,621.5792,174.8365,243.9471,1.3953,0,0,0,0
952,3,0,2,1,1,1,0.986,0.9884,0.9059,0.9296,321.9233,275.6891,173.5382,275.8533,273.5138,297.0227,233.9311,284.5104,148.3852,41.5133,0.2798,1,1,167,1
952,3,0,1,1,1,1,0.9923,0.9712,0.9068,0.744,524.8362,349.5563,611.0342,344.3425,472.7325,500.8595,604.7208,500.8176,86.3556,131.9883,1.5284,0,0,0,0
953,3,0,0,1,1,1,0.9887,0.9858,0.8712,0.8257,1141.3202,347.1611,966.5788,353.585,1164.4559,622.6631,920.5309,621.5838,174.8594,243.9274,1.395,0,0,0,0
953,3,0,2,1,1,1,0.986,0.9883,0.9059,0.9296,321.9346,275.6881,173.5459,275.8569,273.4927,297.0089,234.0612,284.5381,148.3888,41.3566,0.2787,1,1,168,1
953,3,0,1,1,1,1,0.9923,0.9711,0.9067,0.7439,524.8144,349.5419,611.0379,344.3238,472.7083,500.8639,604.7257,500.8132,86.3813,132.0174,1.5283,0,0,0,0
954,3,0,0,1,1,1,0.9888,0.9857,0.8714,0.8237,1140.6511,347.5382,966.0294,353.6252,1163.5608,623.2714,920.2604,621.84,174.7278,243.3046,1.3925,0,0,0,0
954,3,0,2,1,1,1,0.9865,0.9877,0.9101,0.9272,321.8255,276.3745,173.6862,275.7531,272.2862,296.1138,234.0474,286.0616,148.1406,39.5379,0.2669,1,1,169,1
954,3,0,1,1,1,1,0.9923,0.9707,0.9072,0.7442,524.0676,349.9108,610.3236,343.888,472.8272,503.7954,603.329,495.5186,86.4661,130.764,1.5123,0,0,0,0
955,3,0,0,1,1,1,0.9889,0.9856,0.8717,0.8235,1140.6454,347.5473,966.0563,353.6443,1163.541,623.3092,920.2673,621.822,174.6955,243.2782,1.3926,0,0,0,0
955,3,0,2,1,1,1,0.9865,0.9877,0.9101,0.9272,321.8484,276.3461,173.6985,275.7637,272.2972,296.1082,234.0576,286.0014,148.1511,39.5527,0.267,1,1,170,1
955,3,0,1,1,1,1,0.9923,0.9707,0.9076,0.7449,523.9956,349.9684,610.2693,343.8024,472.8769,503.7822,603.4066,495.239,86.4937,130.8089,1.5124,0,0,0,0
956,3,0,0,1,1,1,0.9882,0.9866,0.8634,0.8327,1140.1512,347.6621,964.7017,353.8588,1164.5533,624.0698,920.4844,620.6876,175.559,244.0924,1.3904,0,0,0,0
956,3,0,2,1,1,1,0.9866,0.988,0.9106,0.9277,321.8538,276.227,173.1632,276.0576,272.3004,297.219,233.8376,287.2204,148.6907,39.7413,0.2673,1,1,171,1
956,3,0,1,1,1,1,0.9926,0.9696,0.9084,0.7349,523.8996,350.5157,610.4724,344.2526,473.6121,508.5637,600.4028,492.7864,86.7991,127.7685,1.472,0,0,0,0
957,3,0,0,1,1,1,0.9878,0.987,0.8617,0.8397,1139.9421,347.8325,964.0329,353.8588,1166.9484,625.5666,920.5193,620.5976,176.0124,246.4791,1.4004,0,0,0,0
957,3,0,2,1,1,1,0.9871,0.988,0.9128,0.9277,321.7808,276.1792,173.6914,276.0424,272.2664,295.9603,234.2732,286.5479,148.0894,39.1418,0.2643,1,1,172,1
957,3,0,1,1,1,1,0.9927,0.9689,0.9089,0.7314,523.8424,350.6685,610.3246,343.4493,473.9254,511.0436,598.119,489.5674,86.783,126.0368,1.4523,0,0,0,0
958,3,0,0,1,1,1,0.9878,0.987,0.8618,0.8397,1139.9446,347.8226,964.0443,353.8692,1166.9474,625.5653,920.5431,620.6026,176.0042,246.4543,1.4003,0,0,0,0
958,3,0,2,1,1,1,0.9871,0.988,0.9128,0.9277,321.779,276.1637,173.7034,276.0354,272.2744,295.959,234.2557,286.5628,148.0756,39.1626,0.2645,1,1,173,1
958,3,0,1,1,1,1,0.9927,0.969,0.9087,0.7317,523.81,350.6824,610.3542,343.451,473.909,511.0796,598.2236,489.6436,86.8458,126.1491,1.4526,0,0,0,0
959,3,0,0,1,1,1,0.9879,0.9872,0.8593,0.8385,1138.468,347.8319,963.6265,353.4755,1168.8821,626.3755,921.5194,620.2407,174.9326,247.4387,1.4145,0,0,0,0
959,3,0,2,1,1,1,0.9865,0.9881,0.9091,0.9285,322.1376,275.3892,173.4876,276.0447,273.5613,297.6681,234.6836,287.9962,148.6514,40.0627,0.2695,1,1,174,1
959,3,0,1,1,1,1,0.993,0.9674,0.9133,0.7243,524.1146,350.4508,610.4594,343.3151,473.1582,512.2827,597.909,484.612,86.6391,127.7826,1.4749,0,0,0,0
960,3,0,0,1,1,1,0.9879,0.9872,0.8594,0.8384,1138.4701,347.8424,963.6249,353.4955,1168.8855,626.3604,921.4827,620.2516,174.9365,247.4782,1.4147,0,0,0,0
960,3,0,2,1,1,1,0.9865,0.9881,0.9092,0.9285,322.1338,275.3798,173.4802,276.037,273.5913,297.6901,234.7228,288.0018,148.6551,40.0577,0.2695,1,1,175,1
960,3,0,1,1,1,1,0.9931,0.9674,0.9133,0.7243,524.117,350.4747,610.4842,343.336,473.1727,512.2906,597.945,484.6003,86.6616,127.8079,1.4748,0,0,0,0
961,3,0,0,1,1,1,0.9876,0.9872,0.86,0.8429,1138.2389,348.055,963.7502,353.6227,1170.1569,626.2337,922.5288,620.4334,174.5775,247.696,1.4188,0,0,0,0
961,3,0,2,1,1,1,0.9863,0.988,0.9081,0.928,322.6016,275.2919,173.8465,275.9182,273.0217,297.0795,235.0378,286.7154,148.7564,39.3725,0.2647,1,1,176,1
961,3,0,1,1,1,1,0.9933,0.9654,0.9162,0.7114,524.8705,350.9346,610.373,343.393,472.7014,512.0674,595.8882,482.8078,85.8345,126.6141,1.4751,0,0,0,0
962,3,0,0,1,1,1,0.9876,0.9872,0.8604,0.8429,1138.308,348.0354,963.8,353.621,1170.1053,626.23,922.5095,620.4184,174.5974,247.664,1.4185,0,0,0,0
962,3,0,2,1,1,1,0.9864,0.988,0.9085,0.9279,322.5658,275.3454,173.8879,275.9502,272.9754,297.1199,234.9578,286.8369,148.6791,39.3837,0.2649,1,1,177,1
962,3,0,1,1,1,1,0.9933,0.9654,0.916,0.7109,524.8713,350.9784,610.3706,343.4797,472.7034,512.091,595.8402,482.9278,85.8275,126.5431,1.4744,0,0,0,0
963,3,0,0,1,1,1,0.9874,0.9874,0.8577,0.8455,1138.5356,347.4885,964.0569,353.377,1171.2631,625.133,923.4213,620.6762,174.578,247.8819,1.4199,0,0,0,0
963,3,0,2,1,1,1,0.9866,0.988,0.9101,0.9273,322.9104,275.4349,174.5463,276.4292,273.3157,297.3888,235.6529,286.8752,148.3674,39.1027,0.2636,1,1,178,1
963,3,0,1,1,1,1,0.9951,0.9709,0.9432,0.7407,524.1327,354.2058,611.5691,344.2067,471.8466,512.7311,594.5782,483.9784,88.0063,126.0547,1.4323,0,0,0,0
964,3,0,0,1,1,1,0.9875,0.9872,0.859,0.8429,1138.636,347.9368,963.7076,353.8535,1171.3174,624.6453,923.8541,622.4246,175.0284,247.4732,1.4139,0,0,0,0
964,3,0,2,1,1,1,0.9865,0.9878,0.9097,0.9268,323.397,275.0189,174.373,276.3206,273.5946,297.6776,236.3644,288.6374,149.0298,38.312,0.2571,1,1,179,1
964,3,0,1,1,1,1,0.9931,0.9652,0.9141,0.7114,525.4536,351.0007,610.0586,342.9405,471.1292,510.856,595.0696,482.9143,84.9882,127.051,1.4949,0,0,0,0
965,3,0,0,1,1,1,0.9875,0.9872,0.8592,0.8428,1138.6572,347.9424,963.7114,353.8623,1171.316,624.6427,923.8429,622.4136,175.0459,247.4832,1.4138,0,0,0,0
965,3,0,2,1,1,1,0.9865,0.9878,0.9096,0.9268,323.4034,275.0285,174.3613,276.3635,273.5802,297.5903,236.342,288.6638,149.0481,38.2931,0.2569,1,1,180,1
965,3,0,1,1,1,1,0.9931,0.9652,0.9144,0.7112,525.461,351.0957,610.0991,342.966,471.099,510.8968,595.0744,482.8659,85.0276,127.1048,1.4949,0,0,0,0
966,3,0,0,1,1,1,0.9875,0.9872,0.8589,0.8417,1138.3457,348.0707,963.1357,354.2923,1171.076,623.4326,924.73,623.2804,175.3204,246.3461,1.4051,0,0,0,0
966,3,0,2,1,1,1,0.9862,0.9881,0.9073,0.9277,323.0947,275.2784,174.5413,276.2719,273.8371,296.9944,236.8633,287.6612,148.5568,38.1336,0.2567,1,1,181,1
966,3,0,1,1,1,1,0.9929,0.966,0.9149,0.7184,526.6018,350.5126,610.5314,343.1265,469.3726,506.7578,595.9588,485.6885,84.254,128.3276,1.5231,0,0,0,0
967,3,0,0,1,1,1,0.9875,0.9872,0.8589,0.8416,1138.3304,348.0877,963.1292,354.3016,1171.0806,623.4402,924.7343,623.2804,175.3114,246.3464,1.4052,0,0,0,0
967,3,0,2,1,1,1,0.9862,0.988,0.9073,0.9277,323.0954,275.3245,174.5574,276.31,273.7982,296.9031,236.879,287.6525,148.5413,38.0605,0.2562,1,1,182,1
967,3,0,1,1,1,1,0.9929,0.9659,0.9152,0.718,526.6596,350.5882,610.5236,343.1564,469.3969,506.7372,596.0171,485.6762,84.1926,128.3598,1.5246,0,0,0,0
968,3,0,0,1,1,1,0.9875,0.9873,0.8602,0.8442,1138.7922,347.9601,963.9943,354.3176,1170.0125,623.9522,925.5367,623.1155,174.9135,244.4771,1.3977,0,0,0,0
968,3,0,2,1,1,1,0.9866,0.9878,0.9104,0.9261,323.1662,275.1804,174.967,276.0215,273.789,296.862,236.2975,287.8569,148.2016,38.5578,0.2602,1,1,183,1
968,3,0,1,1,1,1,0.9936,0.9643,0.9241,0.705,531.5692,350.5198,611.6236,344.53,470.7584,495.972,599.2165,485.7442,80.2781,128.8647,1.6052,0,0,0,0
969,3,0,0,1,1,1,0.9875,0.9873,0.8601,0.8442,1138.7815,347.9612,963.9825,354.3244,1170.0363,623.9724,925.5413,623.1143,174.9148,244.4964,1.3978,0,0,0,0
969,3,0,2,1,1,1,0.9866,0.9878,0.9104,0.9261,323.1682,275.1743,174.9633,276.0147,273.7864,296.8583,236.3011,287.8635,148.2074,38.5494,0.2601,1,1,184,1
969,3,0,1,1,1,1,0.9936,0.9642,0.924,0.7041,531.5716,350.5288,611.6348,344.5424,470.7656,495.9645,599.0381,485.6803,80.2867,128.6841,1.6028,0,0,0,0
970,3,0,0,1,1,1,0.9877,0.9873,0.8602,0.8433,1139.045,348.2304,964.3069,354.345,1169.8365,626.6682,925.4289,624.3572,174.8451,244.4186,1.3979,0,0,0,0
970,3,0,2,1,1,1,0.9865,0.9872,0.9105,0.9233,323.3971,275.7626,175.5978,276.2922,274.4468,297.7871,236.0497,287.2839,147.8002,39.8077,0.2693,1,1,185,1
970,3,0,1,1,1,1,0.9963,0.9462,0.9545,0.5666,538.3784,353.6106,611.1068,347.7148,467.9344,490.6249,584.8115,481.225,72.967,117.2546,1.607,0,0,0,0
971,3,0,0,1,1,1,0.9877,0.9873,0.8599,0.8435,1139.0381,348.2258,964.2902,354.347,1169.8612,626.6253,925.4206,624.3582,174.8551,244.4511,1.398,0,0,0,0
971,3,0,2,1,1,1,0.9865,0.9872,0.9105,0.9233,323.4103,275.7378,175.5707,276.2714,274.4327,297.8034,236.0431,287.292,147.8406,39.8026,0.2692,1,1,186,1
971,3,0,1,1,1,1,0.9963,0.9464,0.9546,0.5675,538.3762,353.6423,611.091,347.7608,467.9316,490.6104,584.8489,481.2152,72.9524,117.2942,1.6078,0,0,0,0
972,3,0,0,1,1,1,0.9877,0.9871,0.8624,0.8436,1139.0813,348.5094,964.5251,353.7144,1169.585,626.24,925.4258,623.049,174.6337,244.18,1.3982,0,0,0,0
972,3,0,2,1,1,1,0.9865,0.9872,0.9106,0.9234,323.1661,276.0925,175.6492,276.2478,273.9933,297.1411,236.3853,287.4052,147.517,38.8478,0.2633,1,1,187,1
972,3,0,1,0,1,1,0.9939,0.8926,0.9228,0.388,549.409,349.388,599.5932,346.8352,473.582,480.3504,509.2128,478.1312,50.249,35.6999,0.7105,0,0,0,0
973,3,0,0,1,1,1,0.9877,0.9871,0.8624,0.8436,1139.0769,348.5172,964.5273,353.7283,1169.5702,626.2479,925.4366,623.064,174.6273,244.1543,1.3981,0,0,0,0
973,3,0,2,1,1,1,0.9865,0.9872,0.9107,0.9234,323.1622,276.1292,175.7106,276.2336,274.0393,297.1323,236.3388,287.3757,147.4516,38.9426,0.2641,1,1,188,1
973,3,0,1,0,1,1,0.9939,0.8927,0.9228,0.3885,549.4035,349.3829,599.5752,346.828,473.5748,480.3706,509.2132,478.1458,50.2368,35.7078,0.7108,0,0,0,0
974,3,0,0,1,1,1,0.9876,0.9872,0.8599,0.843,1139.1871,347.8065,964.1528,353.7188,1170.0771,625.8764,924.9387,622.9347,175.1342,245.1561,1.3998,0,0,0,0
974,3,0,2,1,1,1,0.9863,0.9872,0.9099,0.9239,322.9686,276.1308,175.4818,276.0368,275.0813,297.6676,235.5909,286.8411,147.4869,40.9476,0.2776,1,1,189,1
974,3,0,1,0,1,1,0.9945,0.8794,0.9397,0.3953,557.3552,350.0054,590.7229,347.3909,482.3036,474.3518,506.8566,474.1901,33.47,24.5535,0.7336,0,0,0,0
975,3,0,0,1,1,1,0.9877,0.9871,0.862,0.8439,1138.967,348.0846,964.6031,353.9979,1170.2595,626.0672,924.9606,622.3634,174.4641,245.3268,1.4062,0,0,0,0
975,3,0,2,1,1,1,0.9863,0.9875,0.9105,0.926,323.209,276.0653,174.9536,276.3657,274.8039,297.5238,235.9427,286.4396,148.2557,40.411,0.2726,1,1,190,1
975,3,0,1,1,1,1,0.9955,0.8632,0.9727,0.4754,563.823,354.4409,580.3852,349.0101,492.9948,477.2845,514.2756,476.8036,17.4299,21.2862,1.2212,0,0,0,0
976,3,0,0,1,1,1,0.9877,0.9871,0.8622,0.8438,1138.9646,348.0264,964.6094,353.9568,1170.2849,626.0506,924.9449,622.4132,174.4561,245.367,1.4065,0,0,0,0
976,3,0,2,1,1,1,0.9863,0.9875,0.9104,0.926,323.2041,276.0634,174.9461,276.3596,274.7884,297.5256,235.8721,286.5132,148.2583,40.4444,0.2728,1,1,191,1
976,3,0,1,1,1,1,0.9955,0.8629,0.9726,0.4748,563.818,354.4247,580.4217,348.9651,492.9947,477.2854,514.261,476.7746,17.4782,21.2723,1.2171,0,0,0,0
977,3,0,0,1,1,1,0.9876,0.9872,0.8611,0.8447,1138.8633,348.11,964.2929,354.183,1170.2299,625.2434,924.9805,623.146,174.676,245.2584,1.4041,0,0,0,0
977,3,0,2,1,1,1,0.9869,0.9868,0.9142,0.9223,323.1296,276.4349,175.5228,276.1824,273.9603,297.1352,234.2464,290.3996,147.607,40.2811,0.2729,1,1,192,1
977,3,0,1,1,1,1,0.9937,0.834,0.9675,0.4553,572.768,354.8738,571.5878,348.6212,511.1358,481.8708,519.3824,479.5323,6.363,8.5719,1.3471,0,0,0,0
978,3,0,0,1,1,1,0.9876,0.9872,0.861,0.8446,1138.8942,348.1042,964.2748,354.1618,1170.2507,625.2721,924.9493,623.1764,174.7244,245.3104,1.404,0,0,0,0
978,3,0,2,1,1,1,0.987,0.9868,0.9144,0.9222,323.1666,276.4413,175.5518,276.1718,273.9881,297.077,234.2397,290.373,147.615,40.3098,0.2731,1,1,193,1
978,3,0,1,1,1,1,0.9937,0.8341,0.9675,0.4556,572.7832,354.866,571.5804,348.6004,511.1102,481.8709,519.384,479.5004,6.38,8.6067,1.349,0,0,0,0
979,3,0,0,1,1,1,0.9877,0.987,0.8627,0.8426,1138.6547,348.1859,964.216,354.508,1170.5803,625.643,925.5029,624.0588,174.5532,245.0825,1.4041,0,0,0,0
979,3,0,2,1,1,1,0.9873,0.9869,0.9163,0.9224,323.223,276.2145,176.1127,276.1363,273.5372,297.4872,234.5987,287.9468,147.1103,40.0903,0.2725,1,1,194,1
979,3,0,1,0,1,1,0.9923,0.7913,0.9471,0.3571,579.0266,352.1394,570.6828,348.4074,535.7734,500.5603,530.9238,497.4274,9.1404,5.7735,0.6316,0,0,0,0
980,3,0,0,1,1,1,0.9877,0.987,0.8627,0.8427,1138.6559,348.172,964.2302,354.5014,1170.5758,625.6521,925.4913,624.0672,174.5405,245.0896,1.4042,0,0,0,0
980,3,0,2,1,1,1,0.9873,0.9869,0.9163,0.9224,323.219,276.2086,176.114,276.1289,273.5313,297.5,234.5903,287.9388,147.105,40.0976,0.2726,1,1,195,1
980,3,0,1,0,1,1,0.9923,0.7916,0.9472,0.3574,579.018,352.1478,570.6746,348.4045,535.779,500.5569,530.9234,497.4162,9.1447,5.7828,0.6324,0,0,0,0
981,3,0,0,1,1,1,0.9878,0.9869,0.8637,0.8406,1138.4181,348.0254,964.5354,354.1366,1169.9817,625.3687,926.236,624.5967,173.99,243.747,1.4009,0,0,0,0
981,3,0,2,1,1,1,0.9871,0.987,0.9142,0.9228,322.7533,276.5008,175.9561,275.8844,273.6548,297.6561,234.3661,287.421,146.7985,40.6,0.2766,1,1,196,1
981,3,0,1,0,1,1,0.995,0.8009,0.9528,0.3086,584.7287,353.6302,571.2116,348.8923,557.7567,510.9136,539.6682,504.4348,14.3234,19.2138,1.3414,0,0,0,0
982,3,0,0,1,1,1,0.9878,0.9869,0.8636,0.8407,1138.4235,348.0229,964.5369,354.1412,1169.996,625.351,926.2457,624.5991,173.9942,243.7514,1.4009,0,0,0,0
982,3,0,2,1,1,1,0.987,0.987,0.9141,0.9228,322.7654,276.5457,175.9332,275.8849,273.5946,297.5861,234.3374,287.6276,146.8337,40.5005,0.2758,1,1,197,1
982,3,0,1,0,1,1,0.995,0.8013,0.9529,0.3091,584.7352,353.6405,571.2286,348.9088,557.7924,510.8788,539.6511,504.3906,14.3115,19.2666,1.3462,0,0,0,0
983,3,0,0,1,1,1,0.988,0.9868,0.865,0.8397,1138.2009,348.6111,964.5784,354.0999,1169.8193,626.2123,926.5992,625.5186,173.7093,243.2211,1.4002,0,0,0,0
983,3,0,2,1,1,1,0.9875,0.9869,0.917,0.9222,323.3756,276.4206,175.4357,276.3439,274.4631,297.9061,234.7644,287.5681,147.9399,41.0227,0.2773,1,1,198,1
983,3,0,1,1,1,1,0.9973,0.9357,0.98,0.669,596.0252,355.693,561.2472,353.4849,583.8696,513.7196,504.5095,514.6066,34.8481,79.3651,2.2775,0,0,0,0
984,3,0,0,1,1,1,0.988,0.9868,0.8651,0.8396,1138.2085,348.585,964.6132,354.0703,1169.8129,626.2101,926.6158,625.5268,173.6819,243.198,1.4002,0,0,0,0
984,3,0,2,1,1,1,0.9875,0.9869,0.917,0.9222,323.4008,276.4067,175.4382,276.336,274.3974,297.8984,234.706,287.6007,147.9626,41.0055,0.2771,1,1,199,1
984,3,0,1,1,1,1,0.9973,0.9356,0.9801,0.6689,596.0316,355.6664,561.2821,353.4592,583.8657,513.7,504.5038,514.617,34.8195,79.3673,2.2794,0,0,0,0
985,3,0,0,1,1,1,0.9881,0.9869,0.8628,0.8369,1137.9882,348.3336,963.9263,354.4075,1169.0422,625.5235,926.9178,625.7558,174.1678,242.1246,1.3902,0,0,0,0
985,3,0,2,1,1,1,0.9868,0.9871,0.9125,0.9226,323.0466,276.9503,174.8483,276.7878,273.3033,297.875,234.4143,288.7294,148.1984,39.95,0.2696,1,1,200,1
985,3,0,1,1,1,1,0.9971,0.9529,0.9776,0.7319,604.6062,352.1409,549.3448,355.0834,629.1714,521.5089,505.6183,494.2664,55.3397,126.5208,2.2863,0,0,0,0
986,3,0,0,1,1,1,0.9881,0.9869,0.8643,0.8399,1137.3138,348.0813,963.8566,353.6218,1168.6298,626.8196,926.6346,625.7821,173.5457,241.9973,1.3944,0,0,0,0
986,3,0,2,1,1,1,0.987,0.9867,0.9141,0.9213,323.3471,277.6214,175.1965,277.0389,273.8544,298.3326,234.2693,286.9068,148.1518,41.2011,0.2781,1,1,201,1
986,3,0,1,1,1,1,0.9976,0.9706,0.9723,0.753,612.2096,351.4015,543.0834,354.2307,656.7616,526.6679,500.7884,486.7923,69.184,160.9898,2.327,0,0,0,0
987,3,0,0,1,1,1,0.988,0.9869,0.8642,0.8401,1137.333,348.0774,963.8456,353.6054,1168.6602,626.7969,926.6353,625.7707,173.5755,242.027,1.3944,0,0,0,0
987,3,0,2,1,1,1,0.987,0.9867,0.914,0.9213,323.3533,277.616,175.1967,277.032,273.8698,298.3568,234.249,286.9196,148.1578,41.2386,0.2783,1,1,202,1
987,3,0,1,1,1,1,0.9976,0.9706,0.9723,0.753,612.2046,351.4035,543.0858,354.2348,656.7741,526.677,500.7748,486.8066,69.1768,161.0137,2.3276,0,0,0,0
988,3,0,0,1,1,1,0.988,0.9869,0.8627,0.8381,1137.5637,348.2684,963.7371,353.899,1168.4484,626.6588,925.9418,626.7448,173.9178,242.5065,1.3944,0,0,0,0
988,3,0,2,1,1,1,0.9871,0.9868,0.915,0.9218,322.938,277.0697,174.8185,276.8081,273.8513,298.8336,234.2533,288.4763,148.1197,40.9302,0.2763,1,1,203,1
988,3,0,1,1,1,1,0.9966,0.9697,0.9721,0.7974,622.5302,350.9961,541.4436,353.6024,683.5021,518.674,491.576,487.6218,81.1285,194.4219,2.3965,0,0,0,0
989,3,0,0,1,1,1,0.988,0.9869,0.8628,0.8381,1137.5597,348.2884,963.7564,353.8916,1168.4634,626.6312,925.953,626.7168,173.8936,242.5104,1.3946,0,0,0,0
989,3,0,2,1,1,1,0.9871,0.9868,0.915,0.9217,322.9326,277.0598,174.7969,276.7819,273.8371,298.8146,234.277,288.4916,148.1359,40.8848,0.276,1,1,204,1
989,3,0,1,1,1,1,0.9966,0.9697,0.9721,0.7974,622.5297,350.9913,541.4378,353.6085,683.4758,518.6568,491.5562,487.6236,81.1341,194.4125,2.3962,0,0,0,0
990,3,0,0,1,1,1,0.9885,0.9864,0.868,0.8336,1136.6647,348.1266,963.3271,353.6395,1168.3179,627.4462,925.4727,625.7592,173.4252,242.8511,1.4003,0,0,0,0
990,3,0,2,1,1,1,0.9873,0.9869,0.9157,0.9219,323.3805,277.9464,175.8585,277.8104,272.8864,298.1872,232.787,287.8886,147.5221,41.4008,0.2806,1,1,205,1
990,3,0,1,1,1,1,0.9961,0.9743,0.966,0.8128,629.9724,352.0324,540.2788,352.128,697.2949,517.2307,493.8518,487.5144,89.6937,205.6019,2.2923,0,0,0,0
991,3,0,0,1,1,1,0.9885,0.9864,0.8679,0.8338,1136.6516,348.1254,963.3247,353.6336,1168.3192,627.4352,925.47,625.7333,173.4144,242.8552,1.4004,0,0,0,0
991,3,0,2,1,1,1,0.9873,0.9869,0.9158,0.9219,323.3735,277.9436,175.8931,277.7804,272.8964,298.1813,232.8539,287.8702,147.4804,41.3487,0.2804,1,1,206,1
991,3,0,1,1,1,1,0.9961,0.9743,0.966,0.8128,629.9676,352.0259,540.26,352.1257,697.301,517.2163,493.8652,487.5086,89.7077,205.5934,2.2918,0,0,0,0
992,3,0,0,1,1,1,0.9882,0.9867,0.8656,0.8387,1136.2324,348.3966,962.718,353.7654,1167.9763,627.2119,924.4768,625.2082,173.5974,243.5078,1.4027,0,0,0,0
992,3,0,2,1,1,1,0.9872,0.9873,0.9144,0.9237,323.0026,277.4955,175.2058,277.8934,273.3946,299.4846,233.9382,287.3272,147.7973,41.287,0.2793,1,1,207,1
992,3,0,1,1,1,1,0.9948,0.9792,0.9558,0.8437,635.6762,352.7777,541.0408,350.7604,701.6478,519.6742,497.8796,488.2313,94.657,206.1798,2.1782,0,0,0,0
993,3,0,0,1,1,1,0.9881,0.9867,0.8642,0.8383,1135.8936,348.4271,961.6976,354.0516,1167.4634,627.3827,923.7297,625.4861,174.2867,243.741,1.3985,0,0,0,0
993,3,0,2,1,1,1,0.9868,0.9876,0.9113,0.9252,323.0784,277.3558,174.6374,277.6686,273.4306,298.7281,234.3648,288.8694,148.4413,40.2905,0.2714,1,1,208,1
993,3,0,1,1,1,1,0.9941,0.9814,0.9524,0.862,640.3045,351.867,539.829,349.1919,700.3412,522.5838,501.358,494.5262,100.5111,200.9516,1.9993,0,0,0,0
994,3,0,0,1,1,1,0.9881,0.9867,0.8643,0.8379,1135.9006,348.3838,961.6783,354.0366,1167.4675,627.3203,923.7455,625.5684,174.314,243.7283,1.3982,0,0,0,0
994,3,0,2,1,1,1,0.9867,0.9876,0.9112,0.9252,323.1464,277.3342,174.7323,277.6517,273.476,298.8085,234.3466,288.8209,148.4144,40.3839,0.2721,1,1,209,1
994,3,0,1,1,1,1,0.9941,0.9814,0.9524,0.8618,640.3144,351.8968,539.8334,349.2127,700.366,522.607,501.352,494.5517,100.5168,200.9817,1.9995,0,0,0,0
995,3,0,0,1,1,1,0.9881,0.9869,0.866,0.8424,1134.8796,348.2139,961.3392,354.0537,1167.0665,626.8582,923.0666,625.0436,173.6386,244.0067,1.4053,0,0,0,0
995,3,0,2,1,1,1,0.9868,0.9874,0.9116,0.924,323.3475,276.7078,174.8851,277.6941,274.3878,299.7131,233.7242,290.5223,148.4656,41.6893,0.2808,1,1,210,1
995,3,0,1,1,1,1,0.994,0.9843,0.9524,0.8821,643.5098,348.8338,540.4363,347.145,693.5216,523.6524,503.9498,498.9234,103.0873,191.1779,1.8545,0,0,0,0
996,3,0,0,1,1,1,0.9881,0.9869,0.8659,0.8424,1134.8674,348.214,961.3206,354.0569,1167.0737,626.85,923.0505,625.0901,173.6452,244.0295,1.4053,0,0,0,0
996,3,0,2,1,1,1,0.9868,0.9874,0.9116,0.9241,323.3337,276.6902,174.8846,277.699,274.3876,299.7239,233.6903,290.5304,148.4525,41.7228,0.2811,1,1,211,1
996,3,0,1,1,1,1,0.994,0.9843,0.9524,0.8821,643.511,348.9262,540.4424,347.1986,693.5158,523.7301,503.9488,498.9428,103.083,191.1807,1.8546,0,0,0,0
997,3,0,0,1,1,1,0.9881,0.9865,0.8663,0.8381,1134.7756,348.2061,960.2397,353.9784,1165.5112,625.4834,923.6685,624.8392,174.6314,241.8436,1.3849,0,0,0,0
997,3,0,2,1,1,1,0.9869,0.9871,0.9121,0.9222,323.2169,277.1326,174.9265,277.6574,273.1776,299.1884,234.6961,288.578,148.2913,39.9174,0.2692,1,1,212,1
997,3,0,1,1,1,1,0.9942,0.9864,0.9441,0.8797,646.7438,348.31,540.6426,346.8938,681.3159,525.708,503.9684,506.107,106.1106,178.4274,1.6815,0,0,0,0
998,3,0,0,1,1,1,0.9881,0.9865,0.8665,0.8379,1134.8024,348.2182,960.2804,353.9092,1165.5298,625.5462,923.6943,624.7906,174.6147,241.8366,1.385,0,0,0,0
998,3,0,2,1,1,1,0.9868,0.9872,0.9118,0.9224,323.1456,277.2026,174.7799,277.6983,273.1794,299.0488,234.7262,288.7276,148.3666,39.8142,0.2684,1,1,213,1
998,3,0,1,1,1,1,0.9942,0.9864,0.9442,0.8794,646.7981,348.261,540.6455,346.8674,681.2562,525.8166,503.8046,506.3928,106.1617,178.5114,1.6815,0,0,0,0
999,3,0,0,1,1,1,0.9882,0.986,0.8678,0.8327,1134.8618,348.1786,960.1677,354.3535,1163.4536,623.8489,924.6008,624.7719,174.8032,238.8546,1.3664,0,0,0,0
999,3,0,2,1,1,1,0.9871,0.9872,0.9134,0.9224,323.2244,277.1026,175.246,277.7312,272.0382,298.342,233.7928,287.7486,147.9797,39.6854,0.2682,1,1,214,1
999,3,0,1,1,1,1,0.9933,0.9878,0.9376,0.8905,648.7076,346.8599,539.616,347.12,668.7064,519.0364,501.7587,513.6422,109.0919,167.0348,1.5311,0,0,0,0
1000,3,0,0,1,1,1,0.9883,0.986,0.8694,0.8339,1134.456,348.1508,959.514,354.658,1162.4299,624.3708,926.2661,625.618,175.063,236.1671,1.349,0,0,0,0
1000,3,0,2,1,1,1,0.987,0.987,0.9129,0.9223,323.3736,276.7292,175.5966,277.7144,272.3034,297.3492,233.8618,288.3062,147.7802,39.4909,0.2672,1,1,215,1
1000,3,0,1,1,1,1,0.9946,0.9893,0.9378,0.8819,650.0824,345.3512,538.118,346.5527,660.712,505.8536,499.1089,516.5266,111.9709,161.9551,1.4464,0,0,0,0
1001,3,0,0,1,1,1,0.9883,0.986,0.8692,0.8338,1134.4199,348.167,959.4804,354.6564,1162.4077,624.3444,926.2228,625.679,175.0598,236.1887,1.3492,0,0,0,0
1001,3,0,2,1,1,1,0.987,0.9871,0.9128,0.9224,323.3614,276.7389,175.5856,277.7108,272.2174,297.3464,233.8598,288.3416,147.779,39.4004,0.2666,1,1,216,1
1001,3,0,1,1,1,1,0.9946,0.9893,0.9379,0.8821,650.0708,345.365,538.1402,346.5546,660.8396,506.059,499.2029,516.5238,111.9369,161.9751,1.447,0,0,0,0
1002,3,0,0,1,1,1,0.9875,0.9861,0.871,0.8435,1133.49,346.8967,959.5663,354.1245,1161.7153,610.5478,929.6005,623.9489,174.0738,232.5013,1.3356,0,0,0,0
1002,3,0,2,1,1,1,0.9872,0.9868,0.9145,0.9206,323.4636,276.9516,175.4356,277.7242,271.6532,296.571,234.1377,288.467,148.0301,38.3808,0.2593,1,1,217,1
1002,3,0,1,1,1,1,0.9951,0.9888,0.945,0.8796,650.1476,345.2339,535.2922,347.011,652.3291,498.4853,496.06,516.8752,114.8692,157.3474,1.3698,0,0,0,0
1003,3,0,0,1,1,1,0.9875,0.986,0.871,0.8433,1133.4987,346.8713,959.5805,354.1114,1161.681,610.5519,929.5864,623.9306,174.0688,232.4799,1.3356,0,0,0,0
1003,3,0,2,1,1,1,0.9872,0.9868,0.9145,0.9207,323.4353,276.954,175.4414,277.7364,271.6861,296.578,234.1576,288.3763,147.996,38.4142,0.2596,1,1,218,1
1003,3,0,1,1,1,1,0.9951,0.9888,0.945,0.8795,650.1416,345.2174,535.299,347.0016,652.3548,498.5038,496.0604,516.8758,114.8565,157.3704,1.3701,0,0,0,0
1004,3,0,0,1,1,1,0.9877,0.9854,0.8782,0.8443,1132.6127,345.6076,959.8779,352.6323,1161.7102,596.1582,935.3718,606.8266,172.8775,226.5897,1.3107,0,0,0,0
1004,3,0,2,1,1,1,0.9868,0.9866,0.9124,0.9197,323.4398,277.3608,175.4035,277.5946,272.2286,297.0068,233.8756,287.8128,148.0365,39.4395,0.2664,1,1,219,1
1004,3,0,1,1,1,1,0.9942,0.9895,0.9344,0.882,647.445,346.0462,528.6805,349.2456,650.7194,495.6822,489.889,524.9104,118.8076,163.4647,1.3759,0,0,0,0
1005,3,0,0,1,1,1,0.9877,0.9854,0.8783,0.8446,1132.5962,345.7143,959.7986,352.7191,1161.7246,596.1292,935.3879,606.8301,172.9395,226.5895,1.3102,0,0,0,0
1005,3,0,2,1,1,1,0.9869,0.9866,0.9125,0.9197,323.3971,277.3368,175.3736,277.5937,272.2163,297.0557,233.8844,287.8192,148.0237,39.429,0.2664,1,1,220,1
1005,3,0,1,1,1,1,0.9942,0.9895,0.9344,0.8817,647.4839,346.049,528.6106,349.327,650.7078,495.7107,489.9022,525.042,118.9185,163.4588,1.3745,0,0,0,0
1006,3,0,0,1,1,1,0.9878,0.9846,0.8894,0.8511,1132.7584,345.9714,958.4368,352.6078,1156.2034,585.331,943.6689,596.4652,174.4479,212.8259,1.22,0,0,0,0
1006,3,0,2,1,1,1,0.987,0.9868,0.9137,0.9208,323.6887,277.4248,175.7914,277.5069,272.0553,297.8065,233.9646,288.762,147.8974,39.1498,0.2647,1,1,221,1
1006,3,0,1,1,1,1,0.9921,0.9855,0.9425,0.8958,642.2015,345.3882,524.0779,349.1894,652.0542,494.515,486.2462,533.7478,118.1847,170.3864,1.4417,0,0,0,0
1007,3,0,0,1,1,1,0.9878,0.9846,0.8895,0.8511,1132.7672,345.9822,958.4513,352.6349,1156.2003,585.3328,943.6536,596.4522,174.4428,212.8374,1.2201,0,0,0,0
1007,3,0,2,1,1,1,0.9871,0.9868,0.9138,0.9208,323.6733,277.4459,175.8001,277.5112,272.0528,297.8359,233.9717,288.7782,147.8732,39.1434,0.2647,1,1,222,1
1007,3,0,1,1,1,1,0.9921,0.9855,0.9426,0.8958,642.2082,345.3878,524.0804,349.1785,652.041,494.5199,486.2384,533.7499,118.1886,170.3804,1.4416,0,0,0,0
1008,3,0,0,1,1,1,0.9892,0.983,0.903,0.8439,1132.5796,345.3598,958.6301,351.5198,1150.7484,564.466,954.359,567.294,174.0585,196.4098,1.1284,0,0,0,0
1008,3,0,2,1,1,1,0.9872,0.9871,0.9136,0.9217,324.1155,277.7963,176.2063,278.3155,272.3766,298.3848,234.2043,289.6336,147.9101,39.1625,0.2648,1,1,223,1
1008,3,0,1,1,1,1,0.9913,0.9885,0.934,0.9137,638.0032,344.8663,519.0904,350.2948,653.74,495.8869,483.2326,535.1133,119.0366,174.9614,1.4698,0,0,0,0
1009,3,0,0,1,1,1,0.9892,0.983,0.903,0.8438,1132.573,345.3449,958.6367,351.5211,1150.7611,564.4644,954.3558,567.2921,174.046,196.4257,1.1286,0,0,0,0
1009,3,0,2,1,1,1,0.9872,0.9871,0.9136,0.9217,324.0942,277.7963,176.2007,278.3004,272.3788,298.3824,234.191,289.6109,147.8944,39.1822,0.2649,1,1,224,1
1009,3,0,1,1,1,1,0.9913,0.9885,0.9341,0.9137,638.003,344.8773,519.0926,350.303,653.7354,495.8968,483.2264,535.091,119.0342,174.9558,1.4698,0,0,0,0
1010,3,0,1,1,1,1,0.9913,0.9886,0.9326,0.9139,632.513,347.0174,514.2838,352.5983,654.3539,497.6067,480.0664,535.839,118.3608,178.4317,1.5075,0,0,0,0
1010,3,0,0,1,1,1,0.9879,0.9825,0.9048,0.8596,1133.784,343.1162,959.3446,351.0109,1124.1505,518.7931,974.8995,522.9482,174.618,149.3089,0.8551,1,0,0,0
1010,3,0,2,1,1,1,0.9871,0.9873,0.9132,0.9228,324.0834,277.4363,176.3085,277.9374,272.3142,297.0687,234.0908,288.7252,147.7757,39.1235,0.2647,1,1,225,1
1011,3,0,1,1,1,1,0.9912,0.989,0.9312,0.9165,627.6752,347.6442,508.6959,352.707,656.9536,501.4644,476.4109,536.4274,119.087,183.8969,1.5442,0,0,0,0
1011,3,0,2,1,1,1,0.9867,0.987,0.9116,0.9226,324.2468,276.99,176.2844,277.4434,272.1839,296.5382,234.9135,288.6135,147.9631,38.1036,0.2575,1,1,226,1
1011,3,0,0,1,1,1,0.9879,0.9804,0.9117,0.8598,1134.6083,343.369,957.901,349.3657,1078.4873,455.1596,997.6572,482.9782,176.809,85.4832,0.4835,1,1,1,0
1012,3,0,1,1,1,1,0.9912,0.989,0.9311,0.9166,627.6626,347.6296,508.7074,352.7052,656.9591,501.4346,476.4282,536.4166,119.0634,183.889,1.5445,0,0,0,0
1012,3,0,2,1,1,1,0.9866,0.987,0.9116,0.9227,324.2038,276.9933,176.2296,277.4208,272.1584,296.5325,234.9148,288.5956,147.9748,38.0799,0.2573,1,1,227,1
1012,3,0,0,1,1,1,0.9879,0.9804,0.9116,0.8598,1134.6172,343.3808,957.8911,349.3789,1078.5223,455.1416,997.6947,482.9672,176.8279,85.4832,0.4834,1,1,2,0
1013,3,0,0,1,1,1,0.9894,0.9817,0.922,0.8532,1137.4905,344.3699,954.8524,352.5681,1091.4756,426.0399,1013.4521,435.9033,182.822,78.6445,0.4302,1,1,3,0
1013,3,0,2,1,1,1,0.9868,0.9871,0.9114,0.9225,323.9742,277.369,175.9604,277.4742,271.6104,295.8449,234.7142,287.857,148.0139,37.7509,0.255,1,1,228,1
1013,3,0,1,1,1,1,0.9911,0.9897,0.9281,0.9207,624.2019,346.7837,504.4214,353.3205,660.9091,506.164,475.997,534.849,119.9587,187.1239,1.5599,0,0,0,0
1014,3,0,0,1,1,1,0.9894,0.9817,0.922,0.8531,1137.5022,344.411,954.7749,352.6041,1091.49,426.2162,1013.3177,436.0386,182.9109,78.7869,0.4307,1,1,4,0
1014,3,0,2,1,1,1,0.9868,0.9871,0.9118,0.9224,323.9539,277.4208,176.0064,277.4573,271.6042,295.8474,234.592,287.8425,147.9476,37.8679,0.256,1,1,229,1
1014,3,0,1,1,1,1,0.9911,0.9897,0.9282,0.9207,624.2048,346.7942,504.4193,353.3288,660.9098,506.163,475.9832,534.8349,119.9636,187.1361,1.5599,0,0,0,0
1015,3,0,0,1,1,1,0.9892,0.9811,0.9169,0.8588,1129.4832,343.2985,956.3377,352.0867,1096.4469,415.0621,1023.8433,418.5605,173.3683,72.6879,0.4193,1,1,5,0
1015,3,0,2,1,1,1,0.9867,0.987,0.9112,0.922,324.0506,277.086,176.224,277.6276,271.1235,295.2976,234.0849,287.9148,147.8276,37.7672,0.2555,1,1,230,1
1015,3,0,1,1,1,1,0.9908,0.9897,0.9256,0.9209,622.12,346.1035,501.6999,352.4882,662.7078,510.0475,478.4132,528.4516,120.5892,185.2112,1.5359,0,0,0,0
1016,3,0,0,1,1,1,0.9892,0.9811,0.9168,0.8587,1129.4829,343.3066,956.3297,352.1653,1096.4169,415.1067,1023.8983,418.5809,173.3797,72.6018,0.4187,1,1,6,1
1016,3,0,2,1,1,1,0.9867,0.987,0.9114,0.9222,324.0504,277.0749,176.278,277.6216,271.1696,295.2721,234.1323,287.8112,147.7735,37.7813,0.2557,1,1,231,1
1016,3,0,1,1,1,1,0.9908,0.9897,0.9257,0.9209,622.1128,346.1116,501.6995,352.4922,662.716,510.1456,478.3866,528.481,120.5822,185.2391,1.5362,0,0,0,0
1017,3,0,0,1,1,1,0.9893,0.9806,0.9188,0.8569,1130.6677,343.1894,957.2118,351.4606,1085.9261,405.9108,1032.0907,412.5488,173.653,54.2431,0.3124,1,1,7,1
1017,3,0,2,1,1,1,0.9868,0.9866,0.912,0.92,323.9061,277.312,175.678,277.7264,271.0128,295.794,232.8974,288.4551,148.2286,38.8155,0.2619,1,1,232,1
1017,3,0,1,1,1,1,0.9907,0.9894,0.9256,0.9203,620.648,346.5532,500.6376,350.2797,665.9798,514.6588,479.957,521.9947,120.0682,186.1673,1.5505,0,0,0,0
1018,3,0,0,1,1,1,0.9892,0.9806,0.9186,0.8577,1130.6877,343.3162,957.2048,351.5753,1086.0317,406.0917,1032.1646,412.5849,173.6794,54.2571,0.3124,1,1,8,1
1018,3,0,2,1,1,1,0.9868,0.9867,0.912,0.92,323.9336,277.3016,175.6921,277.7618,271.0385,295.789,233.0221,288.552,148.2422,38.6991,0.2611,1,1,233,1
1018,3,0,1,1,1,1,0.9907,0.9894,0.9254,0.9206,620.677,346.5894,500.6722,350.2466,665.8701,514.9734,479.9801,521.9924,120.0605,186.0225,1.5494,0,0,0,0
1019,3,0,2,1,1,1,0.9867,0.9874,0.9108,0.924,323.4794,277.3178,175.8198,277.8798,271.389,295.9028,233.3645,289.2345,147.6607,38.6047,0.2614,1,1,234,1
1019,3,0,0,1,1,1,0.9891,0.9808,0.9184,0.8597,1129.2122,341.7673,957.01,350.2706,1083.9966,397.6132,1031.5431,406.4347,172.412,53.1901,0.3085,1,1,9,1
1019,3,0,1,1,1,1,0.9905,0.9891,0.9241,0.919,620.8433,347.6307,499.9377,349.5297,669.1063,517.9349,482.774,517.2848,120.9205,186.3335,1.541,0,0,0,0
1020,3,0,2,1,1,1,0.9867,0.9874,0.9109,0.9241,323.4555,277.3182,175.8369,277.9147,271.4245,295.8224,233.4198,289.2226,147.6198,38.5734,0.2613,1,1,235,1
1020,3,0,0,1,1,1,0.9891,0.9808,0.9184,0.8597,1129.2407,341.7554,957.0134,350.2688,1083.9237,397.5528,1031.5032,406.3882,172.4376,53.1599,0.3083,1,1,10,1
1020,3,0,1,1,1,1,0.9905,0.9891,0.924,0.9189,620.8418,347.6671,499.9561,349.5849,669.0832,517.9621,482.7852,517.2938,120.901,186.2991,1.5409,0,0,0,0
1021,3,0,1,1,1,1,0.9901,0.9892,0.92,0.9186,621.0858,349.5679,500.7938,349.5267,672.0116,521.26,483.6676,516.2965,120.2921,188.4094,1.5663,0,0,0,0
1021,3,0,0,1,1,1,0.9889,0.9847,0.9144,0.8683,1130.581,342.885,956.9772,351.4963,1083.369,394.5462,1033.3666,398.2101,173.8173,50.1365,0.2884,1,1,11,1
1021,3,0,2,1,1,1,0.9872,0.9869,0.9142,0.9214,323.9545,277.4808,175.7577,277.6604,271.9482,296.9673,233.4829,289.5439,148.1968,39.1751,0.2643,1,1,236,1
1022,3,0,1,1,1,1,0.9905,0.9891,0.9229,0.916,623.0136,350.633,504.0036,349.5064,672.9442,524.2956,484.3181,518.6833,119.0154,188.7095,1.5856,0,0,0,0
1022,3,0,0,1,1,1,0.9891,0.985,0.915,0.8693,1130.2697,342.1666,956.3871,351.4766,1082.8959,392.4367,1030.7101,394.6209,174.1316,52.2315,0.3,1,1,12,1
1022,3,0,2,1,1,1,0.9865,0.987,0.9102,0.9228,323.2034,277.4732,174.6231,277.7523,271.7897,297.4811,234.1303,290.155,148.5806,38.3654,0.2582,1,1,237,1
1023,3,0,1,1,1,1,0.9905,0.9891,0.923,0.916,623.0034,350.6277,503.9948,349.4886,672.9421,524.3001,484.3238,518.6761,119.0141,188.7021,1.5855,0,0,0,0
1023,3,0,0,1,1,1,0.9892,0.985,0.9152,0.8693,1130.2611,342.1814,956.3882,351.4987,1082.8474,392.4489,1030.6292,394.62,174.1224,52.2634,0.3002,1,1,13,1
1023,3,0,2,1,1,1,0.9865,0.987,0.9104,0.9226,323.211,277.4598,174.6471,277.7428,271.7647,297.462,234.0901,290.164,148.5642,38.3749,0.2583,1,1,238,1
1024,3,0,1,1,1,1,0.99,0.9893,0.919,0.916,625.9412,351.082,506.9464,349.5134,673.7016,526.4649,484.2106,521.2708,119.0051,189.5622,1.5929,0,0,0,0
1024,3,0,0,1,1,1,0.9891,0.9846,0.9166,0.8682,1130.4438,342.6275,956.3104,351.738,1081.3508,391.8396,1030.9498,397.0243,174.3716,50.667,0.2906,1,1,14,1
1024,3,0,2,1,1,1,0.9865,0.9871,0.9097,0.9228,323.1193,277.5908,174.6431,277.4626,271.9326,298.3589,233.9997,289.7237,148.4762,38.9034,0.262,1,1,239,1
1025,3,0,1,1,1,1,0.99,0.9893,0.9189,0.916,625.9386,351.0744,506.9354,349.5026,673.7224,526.4504,484.2068,521.2824,119.0136,189.5861,1.593,0,0,0,0
1025,3,0,0,1,1,1,0.9891,0.9846,0.9164,0.8682,1130.4133,342.6354,956.2946,351.7271,1081.6044,392.0114,1031.1597,397.02,174.356,50.6927,0.2907,1,1,15,1
1025,3,0,2,1,1,1,0.9865,0.9871,0.9098,0.9226,323.1648,277.5616,174.6451,277.4511,272.0111,298.4016,234.0554,289.8151,148.5197,38.9149,0.262,1,1,240,1
1026,3,0,1,1,1,1,0.9895,0.9904,0.9143,0.923,628.8932,350.2106,510.1302,348.938,674.2088,527.2706,483.6953,525.2174,118.7698,190.5246,1.6041,0,0,0,0
1026,3,0,0,1,1,1,0.9892,0.9847,0.917,0.8692,1130.7976,342.5412,956.3592,351.5213,1081.1595,390.9869,1030.4458,396.9472,174.6694,51.0628,0.2923,1,1,16,1
1026,3,0,2,1,1,1,0.9865,0.9874,0.9097,0.9243,322.762,277.4766,174.2436,277.5309,272.9978,298.6046,234.327,290.3846,148.5185,39.5347,0.2662,1,1,241,1
1027,3,0,1,1,1,1,0.9895,0.9904,0.9144,0.9231,628.8995,350.2081,510.139,348.9291,674.1766,527.2458,483.7058,525.178,118.7674,190.4821,1.6038,0,0,0,0
1027,3,0,0,1,1,1,0.9892,0.9847,0.9169,0.8693,1130.748,342.4841,956.3245,351.4928,1081.1682,391.0055,1030.4446,396.9471,174.6561,51.0704,0.2924,1,1,17,1
1027,3,0,2,1,1,1,0.9865,0.9874,0.9097,0.9243,322.7601,277.4895,174.2597,277.5336,273.0181,298.6193,234.3013,290.4094,148.5004,39.5777,0.2665,1,1,242,1
1028,3,0,1,1,1,1,0.9885,0.9906,0.9073,0.9247,630.9154,350.7291,512.6656,348.4334,674.1962,527.3594,483.1418,528.3714,118.2721,191.0571,1.6154,0,0,0,0
1028,3,0,0,1,1,1,0.9893,0.9809,0.9183,0.8583,1129.08,341.5277,956.3918,350.0392,1082.5471,393.2443,1030.6201,396.9472,172.8978,52.0589,0.3011,1,1,18,1
1028,3,0,2,1,1,1,0.9865,0.9873,0.9095,0.9233,322.8608,277.3382,174.1188,277.6652,272.558,298.6808,234.341,289.9001,148.7423,39.2127,0.2636,1,1,243,1
1029,3,0,1,1,1,1,0.9885,0.9906,0.9081,0.9246,632.5178,350.2416,514.3773,348.8045,674.6068,525.217,482.7214,530.6468,118.1492,191.9621,1.6247,0,0,0,0
1029,3,0,0,1,1,1,0.9894,0.9841,0.9194,0.8662,1130.175,342.6517,956.5364,351.4366,1080.6934,390.667,1031.1603,396.0412,173.8608,49.8238,0.2866,1,1,19,1
1029,3,0,2,1,1,1,0.9865,0.9872,0.9099,0.923,322.5132,277.4241,174.5937,277.7158,273.1147,298.8875,234.5852,289.6044,147.9198,39.632,0.2679,1,1,244,1
1030,3,0,1,1,1,1,0.9885,0.9907,0.9082,0.9247,632.5174,350.2312,514.3863,348.7996,674.6394,525.1778,482.7213,530.6416,118.1397,191.9958,1.6252,0,0,0,0
1030,3,0,0,1,1,1,0.9894,0.9841,0.9194,0.8662,1130.1818,342.6676,956.5413,351.4548,1080.6721,390.648,1031.1261,396.0635,173.8626,49.8411,0.2867,1,1,20,1
1030,3,0,2,1,1,1,0.9865,0.9872,0.91,0.923,322.5151,277.4352,174.5999,277.7161,273.1182,298.9027,234.5845,289.5946,147.9155,39.642,0.268,1,1,245,1
1031,3,0,1,1,1,1,0.9885,0.9911,0.908,0.9276,633.799,348.7399,515.9671,348.3037,676.3917,523.0256,483.6859,532.2913,117.8327,192.9285,1.6373,0,0,0,0
1031,3,0,0,1,1,1,0.9895,0.9839,0.9199,0.864,1129.787,342.3269,956.0458,350.8522,1081.5458,391.6796,1029.1696,397.6815,173.9503,52.719,0.3031,1,1,21,1
1031,3,0,2,1,1,1,0.9861,0.9872,0.9072,0.9229,322.3386,277.3617,174.0823,277.4745,272.6781,299.306,234.1755,288.6131,148.2564,39.9598,0.2695,1,1,246,1
1032,3,0,1,1,1,1,0.9885,0.9911,0.908,0.9277,633.7595,348.6655,515.9511,348.2674,676.3578,523.0202,483.6869,532.2812,117.8091,192.8933,1.6373,0,0,0,0
1032,3,0,0,1,1,1,0.9895,0.9839,0.9199,0.8642,1129.7773,342.3416,956.0502,350.8449,1081.3832,391.5301,1029.2054,397.6832,173.9352,52.5393,0.3021,1,1,22,1
1032,3,0,2,1,1,1,0.9861,0.9872,0.907,0.923,322.3114,277.339,174.0528,277.4706,272.7013,299.404,234.0998,288.5968,148.2588,40.0858,0.2704,1,1,247,1
1033,3,0,1,1,1,1,0.9884,0.9912,0.9076,0.9287,635.3566,347.5021,516.9392,348.4949,676.1608,520.6463,483.0613,533.3526,118.4215,193.5171,1.6341,0,0,0,0
1033,3,0,0,1,1,1,0.9894,0.9838,0.921,0.8665,1128.7184,342.7269,955.6961,351.553,1081.9913,391.7784,1028.3079,393.5917,173.2472,53.7141,0.31,1,1,23,1
1033,3,0,2,1,1,1,0.9864,0.9872,0.9094,0.9233,322.3574,277.0879,173.9567,277.1928,272.5576,298.9378,234.68,289.4842,148.4008,39.0396,0.2631,1,1,248,1
1034,3,0,1,1,1,1,0.9884,0.9912,0.9077,0.9286,635.3965,347.5766,516.9672,348.5503,676.1206,520.725,483.0899,533.3675,118.4333,193.4443,1.6334,0,0,0,0
1034,3,0,0,1,1,1,0.9894,0.9837,0.9211,0.8664,1128.6924,342.705,955.7239,351.5548,1081.9174,391.7481,1028.3442,393.5502,173.1948,53.6034,0.3095,1,1,24,1
1034,3,0,2,1,1,1,0.9865,0.9872,0.9094,0.9232,322.3589,277.0867,173.9343,277.2002,272.481,298.8999,234.7187,289.4852,148.4247,38.9183,0.2622,1,1,249,1
1035,3,0,0,1,1,1,0.9896,0.9836,0.9218,0.8643,1129.0884,342.2886,955.1957,351.6312,1080.1675,390.2103,1028.0397,393.8353,174.1435,52.2537,0.3001,1,1,25,1
1035,3,0,1,1,1,1,0.988,0.9911,0.9056,0.9281,635.9678,347.7363,517.6596,348.836,673.9329,519.9588,483.4658,535.1364,118.3133,191.0709,1.615,0,0,0,0
1035,3,0,2,1,1,1,0.9866,0.9873,0.9103,0.9231,322.2598,276.7407,173.8869,277.5969,273.6108,301.056,232.7926,290.1434,148.3754,42.2518,0.2848,1,1,250,1
1036,3,0,0,1,1,1,0.9897,0.9837,0.9227,0.8657,1127.942,341.442,954.548,350.4342,1080.829,390.2274,1028.2358,390.4185,173.627,52.5935,0.3029,1,1,26,1
1036,3,0,1,1,1,1,0.9882,0.9912,0.9056,0.928,636.0772,347.7042,517.2422,349.9306,674.425,516.4822,483.5382,536.5736,118.8558,191.9413,1.6149,0,0,0,0
1036,3,0,2,1,1,1,0.9863,0.9873,0.9085,0.9233,321.9254,277.4053,173.6972,277.7472,273.4775,300.3877,233.154,288.7896,148.2285,41.9583,0.2831,1,1,251,1
1037,3,0,0,1,1,1,0.9897,0.9837,0.9226,0.8656,1127.9645,341.441,954.5439,350.4411,1080.8446,390.1928,1028.2167,390.4266,173.654,52.6284,0.3031,1,1,27,1
1037,3,0,1,1,1,1,0.9882,0.9912,0.9056,0.928,636.0682,347.6938,517.2332,349.9238,674.4271,516.4823,483.535,536.587,118.8559,191.9479,1.615,0,0,0,0
1037,3,0,2,1,1,1,0.9863,0.9873,0.9085,0.9233,321.9109,277.4119,173.6818,277.7512,273.5138,300.4213,233.1142,288.7926,148.2294,42.0399,0.2836,1,1,252,1
1038,3,0,0,1,1,1,0.9896,0.9841,0.922,0.8686,1127.5405,340.8835,954.5395,350.6006,1079.2465,390.6472,1027.7651,389.0106,173.2737,51.5073,0.2973,1,1,28,1
1038,3,0,1,1,1,1,0.9879,0.9909,0.9032,0.925,635.8033,347.0811,516.4399,349.9891,674.5412,515.1349,482.9414,537.0268,119.3988,192.8463,1.6151,0,0,0,0
1038,3,0,2,1,1,1,0.9869,0.9869,0.9121,0.9209,322.0643,277.758,174.5186,278.0086,272.6406,299.9908,233.2247,290.1356,147.546,40.6292,0.2754,1,1,253,1
1039,3,0,0,1,1,1,0.9896,0.9841,0.922,0.8686,1127.5427,340.8768,954.534,350.5894,1079.2726,390.6473,1027.8003,388.9963,173.2811,51.4988,0.2972,1,1,29,1
1039,3,0,1,1,1,1,0.9879,0.9908,0.9031,0.925,635.8412,347.0952,516.4538,349.9971,674.5481,515.1668,482.9387,537.0244,119.4227,192.852,1.6149,0,0,0,0
1039,3,0,2,1,1,1,0.987,0.9869,0.9123,0.9209,322.0935,277.7528,174.5178,277.9972,272.629,299.9741,233.1864,290.1522,147.5759,40.6471,0.2754,1,1,254,1
1040,3,0,1,1,1,1,0.9878,0.991,0.902,0.9257,636.057,348.4907,515.44,351.9121,674.8236,515.8227,482.5545,537.9576,120.6655,193.539,1.6039,0,0,0,0
1040,3,0,0,1,1,1,0.9896,0.9839,0.9226,0.8676,1127.0332,341.1238,953.9373,350.6198,1079.0599,392.0764,1027.5026,390.8059,173.3562,51.573,0.2975,1,1,30,1
1040,3,0,2,1,1,1,0.9862,0.9874,0.908,0.9249,321.8718,276.5608,173.3881,277.305,272.4828,298.9156,234.4198,288.9519,148.4856,39.3455,0.265,1,1,255,1
1041,3,0,1,1,1,1,0.9878,0.991,0.9023,0.9258,636.0072,348.4596,515.4423,351.8661,674.893,515.5258,482.5432,537.9495,120.613,193.6525,1.6056,0,0,0,0
1041,3,0,0,1,1,1,0.9896,0.9838,0.9225,0.8675,1127.0621,341.134,953.928,350.6358,1078.9896,392.0491,1027.5059,390.8048,173.3947,51.4988,0.297,1,1,31,1
1041,3,0,2,1,1,1,0.9862,0.9874,0.908,0.9249,321.8793,276.566,173.3788,277.3143,272.4995,298.9048,234.4662,288.9215,148.5024,39.3217,0.2648,1,1,256,1
1042,3,0,1,1,1,1,0.9877,0.9914,0.902,0.9299,635.1093,349.5023,514.0304,353.3715,674.4579,516.406,482.8359,539.2588,121.1407,192.9799,1.593,0,0,0,0
1042,3,0,0,1,1,1,0.99,0.9838,0.9247,0.8668,1127.2001,341.2854,953.8505,350.5546,1077.0525,390.1572,1028.6659,389.5278,173.5972,48.3907,0.2788,1,1,32,1
1042,3,0,2,1,1,1,0.9862,0.9877,0.9078,0.9264,321.7121,276.913,173.5437,277.5439,272.4331,298.7045,232.989,289.1606,148.1698,40.5823,0.2739,1,1,257,1
1043,3,0,1,1,1,1,0.9877,0.9914,0.9019,0.9299,635.125,349.519,514.0396,353.3807,674.4362,516.4342,482.8008,539.2512,121.147,192.9889,1.593,0,0,0,0
1043,3,0,0,1,1,1,0.99,0.9838,0.9247,0.8668,1127.1932,341.2752,953.8505,350.5468,1077.0603,390.1548,1028.661,389.495,173.5905,48.4038,0.2788,1,1,33,1
1043,3,0,2,1,1,1,0.9862,0.9877,0.9077,0.9264,321.7068,276.9061,173.5417,277.5412,272.4512,298.7019,233.0093,289.1539,148.1665,40.5811,0.2739,1,1,258,1
1044,3,0,1,1,1,1,0.9867,0.9919,0.8944,0.9338,633.649,350.4527,512.8294,354.4448,674.2357,516.5778,486.3128,540.5182,120.8856,189.4417,1.5671,0,0,0,0
1044,3,0,0,1,1,1,0.9902,0.9835,0.9263,0.8647,1127.0922,341.0806,953.7685,350.5479,1077.6377,389.7728,1028.678,388.8628,173.582,48.9682,0.2821,1,1,34,1
1044,3,0,2,1,1,1,0.9863,0.9873,0.908,0.9232,321.9966,276.9654,173.7319,277.5386,272.71,298.9857,233.9686,288.8391,148.2658,40.0481,0.2701,1,1,259,1
1045,3,0,1,1,1,1,0.9868,0.9919,0.8945,0.9339,633.655,350.4561,512.828,354.4503,674.262,516.54,486.3153,540.4646,120.8931,189.4634,1.5672,0,0,0,0
1045,3,0,0,1,1,1,0.9902,0.9835,0.9263,0.8647,1127.0996,341.0811,953.7537,350.5422,1077.6979,389.7662,1028.6423,388.854,173.6039,49.064,0.2826,1,1,35,1
1045,3,0,2,1,1,1,0.9863,0.9873,0.9081,0.9233,321.9732,276.9692,173.6938,277.5084,272.7438,299.1374,233.9692,288.8965,148.2804,40.1043,0.2705,1,1,260,1
1046,3,0,1,1,1,1,0.9846,0.9928,0.8795,0.941,632.724,352.1415,512.4679,356.2584,674.1314,518.2446,493.3718,543.1067,120.3266,182.4613,1.5164,0,0,0,0
1046,3,0,0,1,1,1,0.9902,0.9835,0.9258,0.8637,1127.1987,340.8635,953.7323,350.312,1077.9427,389.215,1028.8992,388.194,173.7236,49.0542,0.2824,1,1,36,1
1046,3,0,2,1,1,1,0.9867,0.9875,0.9108,0.9248,322.0795,276.6408,173.767,277.4676,272.7392,299.6644,233.4998,289.3609,148.3148,40.5696,0.2735,1,1,261,1
1047,3,0,0,1,1,1,0.99,0.9835,0.9255,0.8668,1127.249,340.91,953.0421,349.9482,1080.5045,390.5781,1029.7949,388.111,174.4413,50.7696,0.291,1,1,37,1
1047,3,0,2,1,1,1,0.9863,0.9876,0.9076,0.9253,322.4089,276.4653,174.1115,277.4195,273.6212,299.6569,234.316,289.4896,148.3005,40.5989,0.2738,1,1,262,1
1047,3,0,1,1,1,1,0.9825,0.9931,0.8658,0.944,635.289,352.8674,514.4924,358.2202,673.89,520.8506,509.0617,548.9708,120.915,167.2097,1.3829,0,0,0,0
1048,3,0,0,1,1,1,0.99,0.9835,0.9255,0.8667,1127.2622,340.8859,953.0168,349.9415,1080.4434,390.5333,1029.8018,388.1421,174.4806,50.698,0.2906,1,1,38,1
1048,3,0,2,1,1,1,0.9863,0.9876,0.9076,0.9252,322.4132,276.4614,174.1056,277.4127,273.6061,299.6405,234.2801,289.4942,148.3106,40.6138,0.2738,1,1,263,1
1048,3,0,1,1,1,1,0.9825,0.9931,0.8658,0.944,635.2872,352.877,514.5074,358.198,673.8907,520.8607,509.0443,548.9511,120.8969,167.2226,1.3832,0,0,0,0
1049,3,0,0,1,1,1,0.9899,0.9836,0.9241,0.8659,1127.3046,340.5823,953.1795,350.0796,1078.5574,389.3029,1029.5928,388.2411,174.3839,48.9761,0.2809,1,1,39,1
1049,3,0,2,1,1,1,0.986,0.9876,0.9057,0.9253,321.8297,276.3397,173.2222,277.4014,272.96,299.2378,233.9694,290.6796,148.6113,39.9189,0.2686,1,1,264,1
1049,3,0,1,1,1,1,0.9826,0.9946,0.8396,0.9471,636.6658,355.227,517.3604,360.0951,673.1998,522.9568,528.8368,542.3686,119.4048,145.6622,1.2199,0,0,0,0
1050,3,0,0,1,1,1,0.9899,0.9836,0.9241,0.8662,1127.2141,340.5648,953.2057,350.0799,1078.9263,389.5735,1029.7018,388.3082,174.2684,49.2407,0.2826,1,1,40,1
1050,3,0,2,1,1,1,0.986,0.9876,0.9058,0.9252,321.8438,276.3444,173.2255,277.4357,272.9182,299.2429,233.9704,290.7219,148.6223,39.869,0.2683,1,1,265,1
1050,3,0,1,1,1,1,0.9826,0.9946,0.8398,0.947,636.7151,355.2838,517.3196,360.166,673.2185,522.9571,528.97,542.4186,119.4952,145.5555,1.2181,0,0,0,0
1051,3,0,0,1,1,1,0.9896,0.9837,0.9222,0.867,1127.3156,340.6495,952.8359,349.8462,1080.6998,391.1011,1029.9862,390.2732,174.7218,50.7204,0.2903,1,1,41,1
1051,3,0,2,1,1,1,0.9861,0.9873,0.9076,0.9244,322.0474,276.0863,173.1948,277.2578,272.2822,297.8925,234.496,288.4365,148.8573,38.9514,0.2617,1,1,266,1
1051,3,0,1,1,1,1,0.9805,0.9941,0.8375,0.9477,640.714,356.4208,525.6728,359.8562,671.5265,524.6128,556.6623,540.6696,115.0924,115.981,1.0077,0,0,0,0
1052,3,0,0,1,1,1,0.9896,0.9837,0.9223,0.8671,1127.3274,340.648,952.8525,349.8901,1080.6531,391.0555,1030.0089,390.2507,174.7195,50.6506,0.2899,1,1,42,1
1052,3,0,2,1,1,1,0.9861,0.9873,0.9076,0.9245,322.0361,276.0842,173.2108,277.2521,272.2908,297.816,234.479,288.4109,148.8298,38.9639,0.2618,1,1,267,1
1052,3,0,1,1,1,1,0.9804,0.9941,0.8373,0.9478,640.7107,356.3832,525.6532,359.8783,671.6778,524.5812,556.6416,540.6357,115.1105,116.1511,1.009,0,0,0,0
1053,3,0,0,1,1,1,0.9897,0.9836,0.9237,0.8677,1127.737,341.0318,952.8112,350.4398,1080.1691,389.7824,1030.9135,389.0844,175.1787,49.2606,0.2812,1,1,43,1
1053,3,0,2,1,1,1,0.9861,0.9878,0.9073,0.9267,322.6878,276.3268,174.6138,278.0992,272.8732,297.6682,233.5704,286.9633,148.0846,40.7346,0.2751,1,1,268,1
1053,3,0,1,1,1,1,0.9773,0.9943,0.8274,0.9527,647.0104,356.8287,538.2654,360.3063,672.8951,523.9432,576.8366,538.8598,108.8006,97.2098,0.8935,0,0,0,0
1054,3,0,0,1,1,1,0.9897,0.9836,0.9235,0.8678,1127.7522,340.9938,952.8217,350.477,1080.0457,389.675,1031.1697,388.7515,175.1874,48.8847,0.279,1,1,44,1
1054,3,0,2,1,1,1,0.9861,0.9878,0.9073,0.9266,322.7008,276.2928,174.6166,278.0918,272.8118,297.6451,233.5272,287.0062,148.0952,40.6997,0.2748,1,1,269,1
1054,3,0,1,1,1,1,0.9773,0.9943,0.8273,0.9528,647.0348,356.805,538.2595,360.313,672.9076,523.9434,576.8333,538.8603,108.8319,97.2254,0.8934,0,0,0,0
1055,3,0,0,1,1,1,0.99,0.9835,0.9253,0.866,1126.8976,341.1019,952.4509,350.1934,1080.4246,390.018,1030.6769,389.4219,174.6835,49.7513,0.2848,1,1,45,1
1055,3,0,2,1,1,1,0.9862,0.9879,0.9077,0.9278,322.7587,275.8919,173.8918,277.6841,271.6732,295.7462,234.273,287.292,148.8777,38.3437,0.2576,1,1,270,1
1055,3,0,1,1,1,1,0.978,0.9933,0.8426,0.9533,655.1208,356.0784,549.8382,362.4931,674.5402,523.5487,603.0878,539.886,105.4778,73.2964,0.6949,0,0,0,0
1056,3,0,0,1,1,1,0.99,0.9835,0.9252,0.8661,1126.8579,341.0494,952.4161,350.1662,1080.5138,390.0874,1030.6964,389.3497,174.6798,49.8228,0.2852,1,1,46,1
1056,3,0,2,1,1,1,0.9862,0.9879,0.9077,0.928,322.7851,275.8764,173.8808,277.6687,271.6652,295.7307,234.2808,287.2646,148.9151,38.331,0.2574,1,1,271,1
1056,3,0,1,1,1,1,0.978,0.9933,0.8427,0.9533,655.1154,356.0812,549.8496,362.4834,674.5265,523.6756,602.9952,539.7174,105.4604,73.308,0.6951,0,0,0,0
1057,3,0,0,1,1,1,0.99,0.9833,0.9255,0.8645,1128.0618,340.9938,952.0483,350.0402,1074.9617,382.3533,1032.1074,386.6334,176.2458,43.0675,0.2444,1,1,47,1
1057,3,0,2,1,1,1,0.9866,0.9876,0.911,0.9263,322.3379,276.0635,174.1684,277.7526,272.1765,296.326,233.332,288.2464,148.1791,39.6759,0.2678,1,1,272,1
1057,3,0,1,1,1,1,0.9653,0.9947,0.7731,0.9598,661.938,357.6243,564.3764,359.7344,667.077,524.035,619.769,530.7482,97.5845,47.7819,0.4896,0,0,0,0
1058,3,0,0,1,1,1,0.9897,0.9833,0.924,0.8672,1127.4138,339.8897,951.9241,348.2399,1083.5448,369.8946,1042.7609,377.1308,175.6882,41.4209,0.2358,1,1,48,1
1058,3,0,2,1,1,1,0.9859,0.9878,0.9072,0.9273,322.5614,275.9798,174.1919,277.464,272.9227,297.3675,235.2283,288.4089,148.3769,38.7443,0.2611,1,1,273,1
1058,3,0,1,1,1,1,0.9668,0.9929,0.7828,0.9511,673.3838,357.0371,576.4772,359.0381,672.038,529.136,636.0919,530.1182,96.9273,35.9595,0.371,0,0,0,0
1059,3,0,0,1,1,1,0.9897,0.9833,0.924,0.867,1127.4675,339.844,951.906,348.244,1083.4161,369.8056,1042.8367,377.0939,175.7624,41.2288,0.2346,1,1,49,1
1059,3,0,2,1,1,1,0.986,0.9878,0.9072,0.9273,322.5567,275.9429,174.2224,277.4504,272.8588,297.2891,235.1995,288.369,148.342,38.7014,0.2609,1,1,274,1
1059,3,0,1,1,1,1,0.9668,0.9929,0.7829,0.9511,673.3839,357.0469,576.4883,359.0486,672.0475,529.1658,636.0732,530.1108,96.9163,35.9867,0.3713,0,0,0,0
1060,3,0,2,1,1,1,0.9858,0.9881,0.9061,0.9295,322.5804,275.5187,174.6083,277.5118,272.7436,296.1917,234.2382,288.4612,147.9855,39.2737,0.2654,1,1,275,1
1060,3,0,0,1,1,1,0.9875,0.9828,0.924,0.89,1123.517,335.9724,958.0132,342.5752,1120.4581,359.5745,1061.2208,352.9586,165.6354,59.6056,0.3599,1,1,50,1
1060,3,0,1,1,1,1,0.9598,0.9916,0.75,0.9424,679.2693,355.1979,587.5404,358.4984,678.8657,534.0931,640.8212,530.853,91.7882,38.1823,0.416,0,0,0,0
1061,3,0,2,1,1,1,0.9858,0.9882,0.906,0.9296,322.587,275.4901,174.6495,277.5004,272.8154,296.213,234.2666,288.421,147.9511,39.3285,0.2658,1,1,276,1
1061,3,0,0,1,1,1,0.9875,0.9828,0.9241,0.8899,1123.539,335.9816,958.0228,342.5726,1120.3201,359.4512,1061.1643,352.9739,165.6473,59.5093,0.3593,1,1,51,1
1061,3,0,1,1,1,1,0.9598,0.9916,0.7498,0.9423,679.2782,355.2264,587.5254,358.5207,678.8772,534.0972,640.8197,530.872,91.8119,38.1939,0.416,0,0,0,0
1062,3,0,2,1,1,1,0.9858,0.988,0.9071,0.9293,322.5128,275.693,174.3214,278.2098,272.5128,296.0082,234.3475,288.1126,148.2127,38.9734,0.263,1,1,277,1
1062,3,0,0,1,1,1,0.989,0.9744,0.9305,0.8779,1122.9601,336.0673,959.8778,334.002,1131.0936,332.8603,1076.8208,333.6828,163.0954,54.2791,0.3328,1,1,52,1
1062,3,0,1,1,1,1,0.9547,0.9922,0.6334,0.927,683.521,356.6708,592.858,355.7264,682.906,533.9168,642.3037,534.9494,90.6679,40.6155,0.448,0,0,0,0
1063,3,0,2,1,1,1,0.9858,0.988,0.9071,0.9293,322.5248,275.6851,174.3209,278.1995,272.5211,296.0024,234.3678,288.118,148.2252,38.9595,0.2628,1,1,278,1
1063,3,0,0,1,1,1,0.989,0.9744,0.9305,0.878,1122.9551,336.0629,959.8888,334.0007,1131.084,332.8382,1076.8514,333.6896,163.0793,54.2392,0.3326,1,1,53,1
1063,3,0,1,1,1,1,0.9546,0.9922,0.6329,0.9268,683.5321,356.6987,592.8561,355.7242,682.8924,534.1532,642.2746,534.9499,90.6813,40.6256,0.448,0,0,0,0
1064,3,0,0,1,1,1,0.9878,0.9741,0.9329,0.8919,1125.6,329.8752,964.4952,326.327,1163.857,318.211,1104.2816,297.2132,161.1438,63.1676,0.392,0,0,0,0
1064,3,0,2,1,1,1,0.9861,0.988,0.9077,0.9283,322.8103,275.2783,175.2485,278.2025,273.3676,296.2394,235.2752,287.1268,147.5907,39.1672,0.2654,1,1,279,1
1064,3,0,1,1,1,1,0.9496,0.9919,0.6269,0.9297,686.3356,353.7268,601.2419,352.5375,695.0658,545.0686,638.0049,537.5412,85.102,57.5553,0.6763,0,0,0,0
1065,3,0,2,1,1,1,0.9858,0.9883,0.9056,0.9297,323.1628,275.0734,175.2553,278.658,273.054,296.2319,234.3262,286.7749,147.9509,39.8658,0.2695,1,1,280,1
1065,3,0,0,1,1,1,0.9827,0.9763,0.9209,0.9176,1123.3202,331.6824,970.2073,324.1951,1183.0018,286.9464,1122.0972,263.8925,153.2959,65.1219,0.4248,0,0,0,0
1065,3,0,1,1,1,1,0.9719,0.9945,0.7592,0.9483,694.4418,348.9889,605.2371,350.1264,715.383,516.642,632.9504,542.134,89.2119,86.2842,0.9672,0,0,0,0
1066,3,0,2,1,1,1,0.9858,0.9883,0.9056,0.9297,323.1795,275.0582,175.2711,278.6506,273.052,296.2112,234.3315,286.7735,147.952,39.8541,0.2694,1,1,281,1
1066,3,0,0,1,1,1,0.9827,0.9765,0.9206,0.918,1123.3276,331.932,970.1743,324.3964,1183.3445,286.956,1122.1628,263.877,153.3386,65.3898,0.4264,0,0,0,0
1066,3,0,1,1,1,1,0.9719,0.9945,0.7592,0.9483,694.4474,348.9897,605.2236,350.1237,715.379,516.6198,632.964,542.1252,89.231,86.2715,0.9668,0,0,0,0
1067,3,0,0,1,1,1,0.9785,0.9777,0.9057,0.925,1126.1282,336.6262,969.6339,327.6002,1189.7102,275.4888,1136.9729,249.295,156.7544,58.8841,0.3756,0,0,0,0
1067,3,0,2,1,1,1,0.986,0.9881,0.9071,0.9287,322.6904,275.2926,175.5177,278.2496,273.174,295.9654,234.4634,286.7958,147.2024,39.7818,0.2703,1,1,282,1
1067,3,0,1,1,1,1,0.9709,0.995,0.7926,0.9591,697.8393,348.9688,609.9174,349.9559,727.3378,518.2932,627.4319,545.4106,87.9274,103.5208,1.1773,0,0,0,0
1068,3,0,0,1,1,1,0.9785,0.9777,0.9058,0.9252,1126.0823,336.638,969.6613,327.6232,1189.7203,275.4541,1137.0214,249.3002,156.6805,58.832,0.3755,0,0,0,0
1068,3,0,2,1,1,1,0.986,0.9881,0.9071,0.9287,322.6965,275.2903,175.5175,278.2604,273.1789,295.9704,234.4639,286.794,147.2089,39.7877,0.2703,1,1,283,1
1068,3,0,1,1,1,1,0.9709,0.995,0.7927,0.9591,697.801,348.9273,609.9286,349.9745,727.2602,518.1017,627.4494,545.4242,87.8787,103.4829,1.1776,0,0,0,0
1069,3,0,0,1,1,1,0.9778,0.9777,0.9047,0.9268,1126.0966,336.6873,971.7255,328.565,1189.7053,271.9544,1140.3848,246.8394,154.5846,55.3469,0.358,0,0,0,0
1069,3,0,2,1,1,1,0.986,0.9881,0.9068,0.9282,322.7536,275.3858,175.5207,278.2098,273.066,296.6146,235.3225,285.6995,147.26,39.2901,0.2668,1,1,284,1
1069,3,0,1,1,1,1,0.9698,0.9948,0.7859,0.9578,699.7586,350.5842,612.8236,348.8842,736.0578,517.5351,622.7352,548.295,86.9516,117.4231,1.3504,0,0,0,0
1070,3,0,0,1,1,1,0.9778,0.9777,0.9047,0.9267,1125.9819,336.7307,971.6869,328.5175,1189.9563,272.6434,1140.2281,246.9153,154.5135,55.9895,0.3624,0,0,0,0
1070,3,0,2,1,1,1,0.9861,0.988,0.9072,0.9281,322.6958,275.4736,175.5635,278.2566,273.104,296.5349,235.3806,285.7942,147.1586,39.2227,0.2665,1,1,285,1
1070,3,0,1,1,1,1,0.9699,0.9948,0.7865,0.958,699.893,350.5576,612.8281,348.9361,735.9016,517.3172,622.6822,548.364,87.08,117.3989,1.3482,0,0,0,0
1071,3,0,0,1,1,1,0.9778,0.978,0.9048,0.9274,1126.6548,336.8244,972.6196,329.4429,1189.9232,273.1776,1140.6736,247.2104,154.2119,55.6761,0.361,0,0,0,0
1071,3,0,2,1,1,1,0.9858,0.9881,0.9054,0.9287,322.5258,275.2831,175.3605,277.9901,273.3287,297.5968,235.318,287.4414,147.1902,39.3439,0.2673,1,1,286,1
1071,3,0,1,1,1,1,0.9701,0.9948,0.7879,0.9574,699.4358,349.4425,613.3807,348.5043,740.4974,513.3288,618.7092,547.7682,86.0602,126.564,1.4706,0,0,0,0
1072,3,0,0,1,1,1,0.9779,0.9777,0.9029,0.9248,1126.824,336.7678,973.1903,330.1226,1188.7753,272.5675,1142.0338,248.1253,153.7773,52.7464,0.343,0,0,0,0
1072,3,0,2,1,1,1,0.9855,0.9884,0.9034,0.9307,322.3003,275.3938,174.6712,278.1955,273.1629,297.1194,236.1094,287.7833,147.6557,38.2116,0.2588,1,1,287,1
1072,3,0,1,1,1,1,0.9714,0.9952,0.7923,0.9593,698.598,347.5644,613.1125,347.7843,741.453,510.4876,618.7805,548.1548,85.4858,128.3252,1.5011,0,0,0,0
1073,3,0,0,1,1,1,0.9778,0.9777,0.9027,0.9249,1126.8116,336.748,973.1837,330.1156,1188.7782,272.5794,1142.0205,248.1859,153.7711,52.7383,0.343,0,0,0,0
1073,3,0,2,1,1,1,0.9855,0.9884,0.9034,0.9307,322.2933,275.4089,174.6662,278.2078,273.1503,297.1267,236.0603,287.8759,147.6537,38.2263,0.2589,1,1,288,1
1073,3,0,1,1,1,1,0.9714,0.9952,0.7922,0.9593,698.6715,347.6114,613.0992,347.7736,741.4987,510.6183,618.7633,548.132,85.5724,128.3404,1.4998,0,0,0,0
1074,3,0,0,1,1,1,0.9781,0.9782,0.9024,0.9258,1126.7598,337.4685,973.3445,330.349,1189.6613,276.3284,1141.333,249.4761,153.5804,55.2871,0.36,0,0,0,0
1074,3,0,2,1,1,1,0.9854,0.9885,0.9027,0.9307,322.2208,275.3363,174.5274,278.1916,273.4788,297.0171,235.4283,288.3338,147.7209,39.0287,0.2642,1,1,289,1
1074,3,0,1,1,1,1,0.9711,0.9951,0.7926,0.9594,698.2008,347.0392,612.0503,346.589,741.2782,511.2964,619.7938,547.6355,86.1518,126.803,1.4719,0,0,0,0
1075,3,0,0,1,1,1,0.9781,0.9782,0.9027,0.9257,1126.6998,337.3452,973.3526,330.2622,1189.5804,276.2247,1141.4546,249.5544,153.5107,55.0218,0.3584,0,0,0,0
1075,3,0,2,1,1,1,0.9854,0.9885,0.9026,0.9308,322.1972,275.3089,174.5194,278.1669,273.4738,296.991,235.429,288.3457,147.7054,39.0147,0.2641,1,1,290,1
1075,3,0,1,1,1,1,0.971,0.9951,0.7927,0.9595,698.2184,347.0352,612.1008,346.5895,741.2335,511.2824,619.7985,547.6381,86.1187,126.7604,1.4719,0,0,0,0
1076,3,0,0,1,1,1,0.9781,0.9774,0.9029,0.9233,1127.4703,337.3594,974.2937,330.1024,1189.7686,276.8764,1141.6287,249.4776,153.3484,55.3908,0.3612,0,0,0,0
1076,3,0,2,1,1,1,0.9855,0.9885,0.9032,0.9312,322.4627,275.2076,174.5817,278.2507,273.2108,296.607,235.4035,287.1452,147.9123,38.9732,0.2635,1,1,291,1
1076,3,0,1,1,1,1,0.972,0.9952,0.7959,0.9598,698.9323,347.8212,611.3906,347.6855,736.5268,511.8178,622.3907,547.4952,87.5419,119.5824,1.366,0,0,0,0
1077,3,0,0,1,1,1,0.9781,0.9775,0.9028,0.9233,1127.4725,337.366,974.2427,330.0892,1189.7645,276.8676,1141.6733,249.4583,153.4025,55.3537,0.3608,0,0,0,0
1077,3,0,2,1,1,1,0.9855,0.9885,0.9033,0.9312,322.4466,275.2738,174.613,278.205,273.1992,296.5901,235.3846,287.0949,147.8627,38.9885,0.2637,1,1,292,1
1077,3,0,1,1,1,1,0.972,0.9952,0.796,0.9599,698.8974,347.7966,611.3917,347.7158,736.5019,511.7557,622.3978,547.4563,87.5057,119.5587,1.3663,0,0,0,0
1078,3,0,0,1,1,1,0.9782,0.9777,0.9036,0.924,1127.9453,337.4631,975.2101,329.9546,1189.7944,275.878,1142.6519,249.3704,152.9197,54.084,0.3537,0,0,0,0
1078,3,0,2,1,1,1,0.985,0.9886,0.901,0.9323,322.2326,275.368,174.341,278.4566,273.513,295.2479,234.9771,286.0762,147.9238,39.6123,0.2678,1,1,293,1
1078,3,0,1,1,1,1,0.9724,0.9952,0.7959,0.9597,699.0784,348.3087,610.7768,347.2872,734.7627,514.7907,624.7855,546.2665,88.3075,114.3928,1.2954,0,0,0,0
1079,3,0,0,1,1,1,0.9782,0.9777,0.9037,0.9239,1127.9341,337.4373,975.2504,329.9411,1189.7584,275.8878,1142.6783,249.3898,152.8676,54.0248,0.3534,0,0,0,0
1079,3,0,2,1,1,1,0.985,0.9886,0.9009,0.9323,322.2464,275.3998,174.3417,278.4814,273.5636,295.2895,234.9793,286.1502,147.9368,39.652,0.268,1,1,294,1
1079,3,0,1,1,1,1,0.9724,0.9952,0.7957,0.9597,699.0934,348.311,610.7604,347.2819,734.7576,514.7835,624.7698,546.248,88.3389,114.3999,1.295,0,0,0,0
1080,3,0,0,1,1,1,0.979,0.9778,0.906,0.9239,1128.2656,336.8834,975.8762,328.9776,1189.3503,276.0672,1141.9243,250.0944,152.5943,54.0723,0.3544,0,0,0,0
1080,3,0,2,1,1,1,0.9851,0.9886,0.9015,0.9322,322.2052,274.9551,174.2898,278.0325,273.2934,295.9324,234.3484,286.7659,147.9474,40.0092,0.2704,1,1,295,1
1080,3,0,1,1,1,1,0.9723,0.9952,0.7947,0.9595,698.976,348.5394,610.4637,347.5387,732.7288,516.6828,626.7756,546.5998,88.5179,110.0959,1.2438,0,0,0,0
1081,3,0,0,1,1,1,0.979,0.9778,0.9061,0.9239,1128.2474,336.8784,975.9016,328.9663,1189.3511,276.0433,1141.9191,250.095,152.5511,54.0658,0.3544,0,0,0,0
1081,3,0,2,1,1,1,0.9851,0.9886,0.9016,0.9321,322.2234,274.9793,174.2884,278.0512,273.2763,295.8821,234.358,286.7825,147.9669,39.9679,0.2701,1,1,296,1
1081,3,0,1,1,1,1,0.9724,0.9952,0.795,0.9595,699.0238,348.5809,610.4268,347.573,732.74,516.6848,626.7243,546.5322,88.6028,110.1372,1.243,0,0,0,0
1082,3,0,0,1,1,1,0.9789,0.9779,0.9063,0.9244,1128.6873,337.3577,975.6606,329.5978,1185.7733,271.9534,1142.208,246.8286,153.2233,50.291,0.3282,0,0,0,0
1082,3,0,2,1,1,1,0.985,0.9884,0.9015,0.9315,321.9422,275.0142,173.9972,277.949,273.8717,297.8006,233.8431,286.6546,147.9741,41.5514,0.2808,1,1,297,1
1082,3,0,1,1,1,1,0.9716,0.9951,0.793,0.9595,698.3747,348.0279,610.2962,347.4939,730.2956,517.0077,628.2924,547.0444,88.0802,106.3336,1.2072,0,0,0,0
1083,3,0,0,1,1,1,0.9781,0.9773,0.9056,0.9235,1128.7158,338.9315,975.2346,330.9178,1182.3782,273.6013,1136.7341,245.9343,153.6903,53.3745,0.3473,0,0,0,0
1083,3,0,2,1,1,1,0.9846,0.9885,0.8998,0.9322,321.3798,274.7559,173.1543,277.4913,274.2872,298.34,233.9953,287.9062,148.2507,41.6209,0.2807,1,1,298,1
1083,3,0,1,1,1,1,0.9714,0.9951,0.793,0.9597,698.2822,347.9242,610.3068,347.6465,728.8974,516.3435,629.3464,546.3706,87.9759,103.9809,1.1819,0,0,0,0
1084,3,0,0,1,1,1,0.9781,0.9773,0.9057,0.9235,1128.682,338.9767,975.2477,330.9358,1182.3171,273.5177,1136.742,245.9253,153.6449,53.277,0.3468,0,0,0,0
1084,3,0,2,1,1,1,0.9847,0.9885,0.8999,0.9321,321.3858,274.7482,173.1922,277.4886,274.2777,298.3209,233.9732,287.8992,148.219,41.6301,0.2809,1,1,299,1
1084,3,0,1,1,1,1,0.9714,0.9951,0.7931,0.9597,698.305,347.9359,610.2992,347.6406,728.9016,516.3564,629.3418,546.3738,88.0062,103.9865,1.1816,0,0,0,0
1085,3,0,0,1,1,1,0.9793,0.976,0.9129,0.9208,1128.2714,336.2267,975.6509,330.01,1179.1908,275.81,1129.6075,245.205,152.747,58.2681,0.3815,0,0,0,0
1085,3,0,2,1,1,1,0.985,0.9887,0.9013,0.933,320.9556,274.9725,172.3118,277.6022,273.5203,297.6046,235.0836,287.3209,148.6671,39.7886,0.2676,1,1,300,1
1085,3,0,1,1,1,1,0.971,0.995,0.7905,0.9589,698.2253,348.4204,610.1264,348.0384,728.2578,517.7704,630.4452,546.8408,88.0996,102.0411,1.1582,0,0,0,0
1086,3,0,0,1,1,1,0.9793,0.9761,0.9128,0.9208,1128.288,336.1713,975.7166,329.9676,1179.2478,275.8698,1129.5804,245.1644,152.6975,58.3924,0.3824,0,0,0,0
1086,3,0,2,1,1,1,0.985,0.9887,0.9013,0.9332,320.9766,274.9684,172.3867,277.5336,273.5008,297.5722,235.1024,287.2396,148.6121,39.7643,0.2676,1,1,301,1
1086,3,0,1,1,1,1,0.971,0.995,0.7906,0.9589,698.1531,348.4758,610.0956,348.0496,728.2508,517.7856,630.4587,546.8788,88.0585,102.028,1.1586,0,0,0,0
1087,3,0,2,1,1,1,0.9851,0.9886,0.902,0.9326,321.3335,275.0436,172.5727,277.9624,273.3815,298.2678,236.023,287.9199,148.7894,38.7652,0.2605,1,1,302,1
1087,3,0,0,1,1,1,0.9821,0.9738,0.9239,0.9125,1126.6155,331.7658,974.2227,327.0864,1171.3157,274.6278,1118.3914,251.7849,152.4646,57.6435,0.3781,0,0,0,0
1087,3,0,1,1,1,1,0.9712,0.9951,0.7922,0.9594,697.9255,348.544,610.0732,348.5681,727.583,517.7826,630.9148,546.5394,87.8523,100.8548,1.148,0,0,0,0
1088,3,0,2,1,1,1,0.9851,0.9886,0.9021,0.9326,321.3273,275.0344,172.5793,277.9442,273.3648,298.1774,236.1383,287.7774,148.7765,38.6519,0.2598,1,1,303,1
1088,3,0,0,1,1,1,0.982,0.9739,0.9237,0.9128,1126.6896,331.9578,974.0674,327.1471,1171.5361,274.533,1118.6915,251.6197,152.6979,57.5984,0.3772,0,0,0,0
1088,3,0,1,1,1,1,0.9713,0.9951,0.7924,0.9595,697.9546,348.5922,610.0422,348.5785,727.4808,517.9126,630.9257,546.5152,87.9124,100.7025,1.1455,0,0,0,0
1089,3,0,2,1,1,1,0.9849,0.9884,0.9006,0.9309,321.3148,274.6741,172.1698,277.4146,272.5198,298.0179,235.3822,286.9621,149.1702,38.7484,0.2598,1,1,304,1
1089,3,0,0,1,1,1,0.9881,0.9706,0.9463,0.8979,1128.8907,318.8648,981.4679,317.3538,1156.8303,261.1931,1096.5077,251.9557,147.4306,61.0258,0.4139,0,0,0,0
1089,3,0,1,1,1,1,0.9706,0.9949,0.7898,0.9583,697.8628,348.3917,609.7936,348.618,726.8531,516.5628,632.1317,547.7358,88.0696,99.7191,1.1323,0,0,0,0
1090,3,0,2,1,1,1,0.9849,0.9884,0.9006,0.931,321.3102,274.6592,172.1638,277.4191,272.5045,298.0398,235.3974,287.0127,149.1719,38.711,0.2595,1,1,305,1
1090,3,0,0,1,1,1,0.988,0.9708,0.9462,0.8986,1128.7915,318.8839,981.48,317.336,1156.7231,261.3062,1096.5,252.1554,147.3197,60.9144,0.4135,0,0,0,0
1090,3,0,1,1,1,1,0.9705,0.9949,0.7898,0.9583,697.8807,348.3994,609.7836,348.644,726.8692,516.5501,632.076,547.7198,88.0974,99.7862,1.1327,0,0,0,0
1091,3,0,2,1,1,1,0.9847,0.9883,0.9002,0.9308,321.4026,274.6772,172.6775,277.3623,273.3482,298.6662,234.6281,286.3077,148.7493,40.6445,0.2732,1,1,306,1
1091,3,0,1,1,1,1,0.9708,0.9949,0.7908,0.9582,697.887,348.0087,609.575,348.7288,726.566,515.8194,631.7824,548.6092,88.3149,100.295,1.1357,0,0,0,0
1091,3,0,0,1,1,1,0.9908,0.9667,0.9604,0.8889,1122.0112,319.3099,982.9009,320.6486,1125.1628,247.5124,1065.3281,252.8263,139.1168,60.0702,0.4318,1,1,1,0
1092,3,0,2,1,1,1,0.9848,0.9883,0.9002,0.9308,321.4012,274.6734,172.6914,277.356,273.3076,298.6526,234.6274,286.3085,148.734,40.6021,0.273,1,1,307,1
1092,3,0,1,1,1,1,0.9708,0.9949,0.7908,0.9582,697.8844,348.0394,609.5671,348.7355,726.5782,515.8316,631.7764,548.5952,88.3201,100.3037,1.1357,0,0,0,0
1092,3,0,0,1,1,1,0.9908,0.9667,0.9605,0.8889,1122.0308,319.3474,982.8936,320.6842,1125.1553,247.5084,1065.3022,252.8528,139.1436,60.0912,0.4319,1,1,2,0
1093,3,0,2,1,1,1,0.985,0.9882,0.9012,0.9302,320.9506,274.9791,172.7268,277.3234,273.549,298.9928,234.4354,286.1916,148.2424,41.155,0.2776,1,1,308,1
1093,3,0,1,1,1,1,0.9705,0.9949,0.7925,0.9589,697.9228,347.8039,609.7558,349.2999,726.4786,515.745,631.4677,549.3222,88.1797,100.7696,1.1428,0,0,0,0
1093,3,0,0,1,1,1,0.986,0.9437,0.9657,0.8612,1122.7976,316.731,987.99,322.0858,1095.5276,216.5278,1027.4365,261.2126,134.9139,81.444,0.6037,1,0,0,0
1094,3,0,2,1,1,1,0.985,0.9881,0.9021,0.9299,321.3497,274.473,172.141,277.1705,273.8678,300.5466,235.125,288.6734,149.2332,40.5213,0.2715,1,1,309,1
1094,3,0,1,1,1,1,0.971,0.995,0.7917,0.9588,696.0617,347.6546,609.0026,349.6936,727.0304,515.5834,632.0524,548.2099,87.083,100.4256,1.1532,0,0,0,0
1094,3,0,0,1,1,1,0.9841,0.9771,0.9461,0.916,1116.6608,306.6436,975.2892,315.3984,1067.2115,200.3447,999.8576,244.7292,141.6423,80.6631,0.5695,1,0,0,0
1095,3,0,2,1,1,1,0.985,0.9881,0.9021,0.93,321.3528,274.4633,172.1454,277.1806,273.8721,300.5568,235.13,288.6636,149.2321,40.5265,0.2716,1,1,310,1
1095,3,0,1,1,1,1,0.971,0.995,0.7917,0.9587,696.0582,347.6663,609.0094,349.6957,727.0208,515.5882,632.0774,548.2755,87.0725,100.4126,1.1532,0,0,0,0
1095,3,0,0,1,1,1,0.9841,0.977,0.946,0.916,1116.5491,306.695,975.2445,315.4943,1067.0981,200.1179,999.7803,244.8095,141.5783,80.8025,0.5707,1,0,0,0
1096,3,0,2,1,1,1,0.985,0.9881,0.9014,0.9293,321.7844,274.9034,172.1464,277.626,273.465,299.8671,234.8008,288.0417,149.6627,40.4322,0.2702,1,1,311,1
1096,3,0,1,1,1,1,0.9711,0.995,0.7927,0.9588,695.6458,347.1623,608.5366,350.2457,727.3848,515.1656,632.1048,548.6794,87.1638,101.0022,1.1588,0,0,0,0
1096,3,0,0,1,1,1,0.9858,0.9711,0.9571,0.9025,1118.0443,313.7504,984.1115,325.0008,1021.2311,157.3397,975.6281,219.646,134.4046,77.212,0.5745,1,0,0,0
1097,3,0,2,1,1,1,0.985,0.9881,0.9015,0.9293,321.772,274.8965,172.157,277.6461,273.4392,299.8599,234.7937,288.0373,149.6403,40.4135,0.2701,1,1,312,1
1097,3,0,1,1,1,1,0.9711,0.995,0.7927,0.9588,695.626,347.1331,608.5218,350.2299,727.3392,515.1051,632.1238,548.628,87.1592,100.9443,1.1582,0,0,0,0
1097,3,0,0,1,1,1,0.9858,0.9712,0.957,0.9026,1117.9792,313.7082,984.0786,324.9718,1021.1895,157.2929,975.6617,219.8532,134.3736,77.3729,0.5758,1,0,0,0
1098,3,0,2,1,1,1,0.985,0.9882,0.9013,0.9302,321.5057,275.4855,171.6393,277.4794,273.6709,299.3612,236.9053,289.3536,149.8797,38.1033,0.2542,1,1,313,1
1098,3,0,0,1,1,1,0.9835,0.971,0.9545,0.9082,1115.5148,317.8456,976.9692,329.8972,1022.2298,173.0534,973.1727,191.0406,139.0687,52.2507,0.3757,0,0,0,0
1098,3,0,1,1,1,1,0.9715,0.995,0.7943,0.9586,694.921,347.7134,608.6521,349.9465,727.4868,514.6604,631.3205,548.5184,86.2978,101.9525,1.1814,0,0,0,0
1099,3,0,2,1,1,1,0.985,0.9882,0.9014,0.9301,321.5114,275.4812,171.6538,277.4664,273.6726,299.3866,236.8992,289.4188,149.8707,38.1005,0.2542,1,1,314,1
1099,3,0,0,1,1,1,0.9835,0.971,0.9546,0.9082,1115.4685,317.8746,976.9854,329.9048,1022.2333,172.9592,973.1639,191.0822,139.0047,52.3091,0.3763,0,0,0,0
1099,3,0,1,1,1,1,0.9715,0.995,0.7943,0.9587,694.932,347.7165,608.6646,349.9442,727.4965,514.6622,631.3232,548.5196,86.296,101.959,1.1815,0,0,0,0
1100,3,0,0,1,1,1,0.9821,0.9675,0.9552,0.9061,1113.6781,323.5573,974.4156,334.5595,1010.1655,172.9847,964.6661,185.634,139.6964,47.2249,0.3381,0,0,0,0
1100,3,0,2,1,1,1,0.9849,0.9882,0.9006,0.9304,321.7776,275.1174,172.1172,277.1022,274.5653,299.7388,236.5313,288.4616,149.6736,39.6707,0.265,1,1,315,1
1100,3,0,1,1,1,1,0.9709,0.9948,0.7928,0.9576,694.216,347.6465,608.7957,350.2272,727.226,513.5422,632.2708,549.864,85.4593,101.665,1.1896,0,0,0,0
1101,3,0,2,1,1,1,0.9851,0.9881,0.9023,0.9299,322.2105,274.4471,172.3104,276.1496,275.0014,300.8843,237.7305,289.367,149.9098,39.0099,0.2602,1,1,316,1
1101,3,0,0,1,1,1,0.9784,0.9604,0.9539,0.9015,1111.8529,326.5685,972.1091,339.0281,1008.3136,172.5684,958.9108,185.6774,140.2982,51.1124,0.3643,0,0,0,0
1101,3,0,1,1,1,1,0.9705,0.9948,0.7924,0.9577,693.5471,346.7704,608.3138,350.3563,726.154,512.763,632.3303,549.668,85.3087,100.8208,1.1818,0,0,0,0
1102,3,0,0,1,1,1,0.9783,0.9604,0.9539,0.9014,1111.8832,326.5362,972.101,338.9855,1008.311,172.5061,958.9002,185.7226,140.3354,51.1478,0.3645,0,0,0,0
1102,3,0,2,1,1,1,0.9851,0.9881,0.9022,0.9299,322.2042,274.4406,172.2991,276.146,274.9718,300.8143,237.748,289.3442,149.9148,38.9508,0.2598,1,1,317,1
1102,3,0,1,1,1,1,0.9705,0.9948,0.7923,0.9576,693.5144,346.8038,608.3041,350.3436,726.1344,512.8554,632.313,549.6173,85.2839,100.7666,1.1815,0,0,0,0
1103,3,0,2,1,1,1,0.9853,0.988,0.9041,0.9303,322.181,274.9898,172.0866,276.0036,275.0329,300.6677,238.9267,290.3734,150.0977,37.545,0.2501,1,1,318,1
1103,3,0,0,1,1,1,0.9782,0.9551,0.9558,0.8924,1112.4088,324.007,971.1322,337.6395,1004.8159,172.0546,953.6354,188.8771,141.9328,53.8742,0.3796,0,0,0,0
1103,3,0,1,1,1,1,0.9711,0.9949,0.794,0.9585,693.3387,347.5621,608.0743,350.8317,726.4533,514.1352,632.2752,549.7674,85.3271,100.6935,1.1801,0,0,0,0
1104,3,0,2,1,1,1,0.9853,0.988,0.9042,0.9303,322.1758,275.0032,172.0916,276.0176,275.0153,300.6487,238.9271,290.3605,150.0876,37.5261,0.25,1,1,319,1
1104,3,0,0,1,1,1,0.9782,0.9552,0.9559,0.8925,1112.3777,324.0178,971.1367,337.6348,1004.7921,172.08,953.6074,188.924,141.8959,53.885,0.3798,0,0,0,0
1104,3,0,1,1,1,1,0.9711,0.9949,0.7939,0.9585,693.3451,347.5543,608.0775,350.8114,726.4436,514.1183,632.2464,549.7721,85.3298,100.719,1.1804,0,0,0,0
1105,3,0,2,1,1,1,0.9853,0.9881,0.9037,0.93,322.725,274.935,172.7928,275.8763,277.0643,302.0064,240.6356,291.019,149.9352,38.0496,0.2538,1,1,320,1
1105,3,0,0,1,1,1,0.9814,0.9613,0.9558,0.8922,1111.7966,318.2754,969.2523,335.3605,1001.7696,171.045,953.6797,186.1895,143.5645,50.4181,0.3512,0,0,0,0
1105,3,0,1,1,1,1,0.971,0.9948,0.7935,0.958,693.2992,347.3497,608.033,350.3643,727.297,513.2137,632.9479,548.706,85.3195,100.8041,1.1815,0,0,0,0
1106,3,0,2,1,1,1,0.9853,0.9881,0.9037,0.93,322.7558,274.9234,172.8016,275.8771,277.069,302.0171,240.6439,291.023,149.9572,38.0481,0.2537,1,1,321,1
1106,3,0,0,1,1,1,0.9812,0.9614,0.9555,0.8931,1111.8562,318.1169,969.2084,335.1534,1001.6824,171.0063,953.7838,186.0074,143.6616,50.1928,0.3494,0,0,0,0
1106,3,0,1,1,1,1,0.9711,0.9949,0.7939,0.9581,693.3238,347.3436,608.0264,350.3731,727.2942,513.3028,632.883,548.6853,85.3512,100.8234,1.1813,0,0,0,0
1107,3,0,2,1,1,1,0.9851,0.9876,0.9045,0.9282,323.6991,274.9612,172.4429,274.841,277.3353,304.6423,242.8217,292.8752,151.2562,36.4644,0.2411,1,1,322,1
1107,3,0,0,1,1,1,0.9812,0.9603,0.9557,0.8905,1110.9572,317.3226,969.2581,335.7255,1001.5126,172.7109,953.5057,187.9584,142.8891,50.37,0.3525,0,0,0,0
1107,3,0,1,1,1,1,0.9707,0.9948,0.7911,0.958,692.0009,347.7524,608.3513,350.6535,734.8919,513.0522,638.35,547.9447,83.6999,102.6539,1.2265,0,0,0,0
1108,3,0,2,1,1,1,0.9861,0.9869,0.9103,0.924,324.3888,276.0588,171.3725,274.82,278.0899,308.545,242.7622,298.874,153.0213,36.6275,0.2394,1,1,323,1
1108,3,0,0,1,1,1,0.9811,0.9603,0.9561,0.8918,1110.6526,319.3021,968.3358,336.5253,1001.5383,174.8041,953.4603,189.777,143.3552,50.3556,0.3513,0,0,0,0
1108,3,0,1,1,1,1,0.972,0.9948,0.7937,0.9534,690.3614,345.207,610.3373,349.2802,738.3686,489.37,654.2164,539.4656,80.1277,97.9345,1.2222,0,0,0,0
1109,3,0,2,1,1,1,0.9861,0.9869,0.9103,0.9241,324.3686,276.0636,171.3735,274.8546,278.0376,308.5189,242.6967,298.9375,152.9999,36.6167,0.2393,1,1,324,1
1109,3,0,0,1,1,1,0.9812,0.9603,0.9563,0.8919,1110.5734,319.2218,968.4397,336.6078,1001.4189,174.6407,953.4254,189.6851,143.1931,50.2963,0.3512,0,0,0,0
1109,3,0,1,1,1,1,0.9719,0.9948,0.7932,0.9534,690.3222,345.164,610.341,349.2919,738.0394,489.1511,654.1771,539.4788,80.0876,97.8047,1.2212,0,0,0,0
1110,3,0,2,1,1,1,0.9861,0.9868,0.9099,0.9234,325.0416,275.882,169.9688,273.9438,277.7841,312.1171,242.4936,305.3536,155.085,35.9328,0.2317,1,1,325,1
1110,3,0,0,1,1,1,0.981,0.9635,0.9543,0.8973,1110.877,316.8353,967.0833,334.6962,1002.3643,176.4642,955.1779,191.8815,144.8987,49.6412,0.3426,1,1,1,0
1110,3,0,1,1,1,1,0.9752,0.994,0.8171,0.9495,690.4353,344.6247,609.7466,347.7388,759.182,481.2942,686.645,531.0073,80.7487,87.9375,1.089,0,0,0,0
1111,3,0,2,1,1,1,0.9861,0.9868,0.9099,0.9235,324.992,275.9093,169.9473,273.9532,277.7888,312.1143,242.5036,305.3711,155.057,35.9238,0.2317,1,1,326,1
1111,3,0,0,1,1,1,0.981,0.9631,0.9545,0.8968,1110.8901,316.9039,967.1518,334.6496,1002.3899,176.4412,955.1677,191.8959,144.8296,49.6868,0.3431,1,1,2,0
1111,3,0,1,1,1,1,0.975,0.994,0.8163,0.9498,690.376,344.5224,609.7781,347.7139,758.2362,480.6978,686.5271,531.0506,80.6611,87.6219,1.0863,0,0,0,0
1112,3,0,2,1,1,1,0.9865,0.9858,0.9145,0.9197,327.5974,278.8225,168.4894,274.1384,282.9301,327.9879,248.2332,331.1179,159.1769,34.8378,0.2189,1,1,327,1
1112,3,0,0,1,1,1,0.9779,0.9544,0.9559,0.8945,1113.0027,319.3155,969.9836,334.3425,1002.7517,181.9726,956.4814,197.3244,143.8063,48.7505,0.339,1,1,3,0
1112,3,0,1,1,1,1,0.9747,0.9931,0.8218,0.947,690.2724,342.6106,607.3907,346.531,766.4475,468.5032,717.3553,500.4016,82.9744,58.5453,0.7056,0,0,0,0
1113,3,0,2,1,1,1,0.9865,0.9858,0.9144,0.9197,327.6114,278.8107,168.4876,274.1803,282.9716,327.9668,248.2536,331.0866,159.1912,34.8579,0.219,1,1,328,1
1113,3,0,0,1,1,1,0.9779,0.9546,0.9558,0.8947,1112.9749,319.2932,969.9069,334.3171,1002.7823,182.0062,956.5229,197.2813,143.8547,48.7161,0.3386,1,1,4,0
1113,3,0,1,1,1,1,0.9747,0.9931,0.8216,0.947,690.2786,342.6405,607.413,346.5656,766.4066,468.4902,717.4005,500.415,82.9585,58.4875,0.705,0,0,0,0
1114,3,0,2,1,1,1,0.9857,0.9866,0.9089,0.922,331.4717,280.7983,167.2467,276.4193,282.3078,347.2041,250.554,357.6907,164.2834,33.4405,0.2036,1,1,329,1
1114,3,0,0,1,1,1,0.9733,0.9456,0.9535,0.8899,1114.0193,310.4177,973.7773,320.1258,1002.6404,204.3376,954.8002,210.5591,140.5776,48.243,0.3432,1,1,5,0
1114,3,0,1,1,1,1,0.9665,0.9947,0.7953,0.9633,694.519,344.4402,610.1488,342.618,777.7278,453.7434,733.071,468.0008,84.3898,46.8774,0.5555,0,0,0,0
1115,3,0,2,1,1,1,0.9857,0.9866,0.909,0.9221,331.4222,280.7991,167.2194,276.4147,282.2674,347.091,250.5992,357.7009,164.2613,33.3983,0.2033,1,1,330,1
1115,3,0,0,1,1,1,0.9733,0.9456,0.9535,0.89,1114.0293,310.4604,973.8465,320.1611,1002.7383,204.3159,954.847,210.561,140.518,48.2968,0.3437,1,1,6,1
1115,3,0,1,1,1,1,0.9666,0.9947,0.7956,0.9632,694.4834,344.5096,610.1812,342.5784,778.3192,454.0565,733.036,468.2232,84.3244,47.4473,0.5627,0,0,0,0
1116,3,0,2,1,1,1,0.9852,0.987,0.9043,0.9208,331.6745,282.8385,164.8076,276.7886,290.3334,393.0108,249.5285,404.928,166.9765,42.5095,0.2546,1,1,331,1
1116,3,0,1,1,1,1,0.9652,0.9924,0.8016,0.958,686.6308,344.482,611.9102,341.814,771.309,431.0688,750.6546,439.207,74.7682,22.1999,0.2969,0,0,0,0
1116,3,0,0,1,1,1,0.9733,0.9444,0.9539,0.8866,1119.5093,307.6927,982.2129,321.1855,1059.596,262.2191,956.4511,230.6166,137.9578,107.8776,0.782,0,0,0,0
1117,3,0,2,1,1,1,0.9852,0.987,0.9043,0.9207,331.6706,282.8429,164.8145,276.784,290.4092,393.0686,249.5666,404.9251,166.9661,42.5288,0.2547,1,1,332,1
1117,3,0,1,1,1,1,0.9652,0.9924,0.8016,0.958,686.6516,344.4878,611.9034,341.8142,771.3424,431.0716,750.6914,439.2005,74.7959,22.1934,0.2967,0,0,0,0
1117,3,0,0,1,1,1,0.9735,0.9448,0.954,0.8866,1119.5559,307.6133,982.3062,321.1167,1060.0693,262.5399,956.4512,230.7325,137.9124,108.3901,0.7859,0,0,0,0
1118,3,0,2,1,1,1,0.9837,0.9903,0.8815,0.9281,331.6118,284.7291,165.8943,281.2248,320.6587,453.2043,224.9346,478.0672,165.7545,98.9003,0.5967,0,0,0,0
1118,3,0,0,1,1,1,0.9878,0.9742,0.9408,0.8771,1111.963,318.6844,965.7628,329.8907,1055.1246,291.2982,957.7897,265.8591,146.6291,100.6044,0.6861,1,0,0,0
1118,3,0,1,1,1,1,0.9655,0.9921,0.8092,0.9586,688.0464,338.5766,614.6024,340.3844,788.329,397.0964,758.9861,416.5313,73.4662,35.1955,0.4791,0,0,0,0
1119,3,0,2,1,1,1,0.9875,0.9911,0.8925,0.924,331.1122,287.0391,170.3912,284.0578,339.4854,515.1252,188.6792,504.9477,160.7487,151.1493,0.9403,0,0,0,0
1119,3,0,0,1,1,1,0.988,0.9813,0.9263,0.8845,1116.5596,322.3066,963.5358,337.7009,1036.5571,333.2473,958.3569,320.9771,153.7961,79.157,0.5147,1,0,0,0
1119,3,0,1,1,1,1,0.9639,0.9921,0.801,0.9582,683.2858,339.7212,617.6439,339.7351,777.696,395.546,763.192,398.9722,65.6419,14.9032,0.227,0,0,0,0
1120,3,0,2,1,1,1,0.9875,0.9911,0.8925,0.924,331.1228,287.0305,170.3871,284.05,339.4793,515.1372,188.67,504.9676,160.7634,151.1518,0.9402,0,0,0,0
1120,3,0,0,1,1,1,0.988,0.9813,0.9263,0.8845,1116.5499,322.3518,963.4718,337.7518,1036.5511,333.3538,958.3632,321.0784,153.8508,79.1457,0.5144,1,0,0,0
1120,3,0,1,1,1,1,0.9639,0.9921,0.8012,0.9583,683.2431,339.6922,617.6922,339.7366,777.7694,395.496,763.1538,398.987,65.5509,15.0268,0.2292,0,0,0,0
1121,3,0,2,1,1,1,0.9845,0.9934,0.853,0.9322,331.1001,287.9218,173.5146,285.3874,356.6154,528.8768,161.0764,532.3772,157.6059,195.5703,1.2409,0,0,0,0
1121,3,0,1,1,1,1,0.9654,0.992,0.8086,0.9588,681.0106,339.3723,619.3218,339.0094,776.527,380.269,766.1124,390.0736,61.6899,14.3036,0.2319,0,0,0,0
1121,3,0,0,1,1,1,0.9891,0.9757,0.9287,0.8196,1113.6898,329.3967,958.1356,348.1262,1024.5303,373.6337,949.8603,359.7945,156.6777,75.9416,0.4847,1,1,1,0
1122,3,0,2,1,1,1,0.9845,0.9934,0.8525,0.9325,331.0788,287.8997,173.4331,285.3455,356.6568,529.0428,161.04,532.467,157.6664,195.6468,1.2409,0,0,0,0
1122,3,0,1,1,1,1,0.9653,0.992,0.8085,0.9589,680.9654,339.337,619.3342,339.0508,776.4582,380.3346,765.9976,390.1339,61.6318,14.3335,0.2326,0,0,0,0
1122,3,0,0,1,1,1,0.9891,0.9758,0.9286,0.8204,1113.7465,329.4552,958.1512,348.1972,1024.5474,373.5918,949.9598,359.4488,156.7199,75.9166,0.4844,1,1,2,0
1123,3,0,2,1,1,1,0.9827,0.9946,0.831,0.9393,331.5722,286.0941,173.0676,285.2009,359.0878,523.9995,126.2676,536.1057,158.5072,233.1348,1.4708,0,0,0,0
1123,3,0,0,1,1,1,0.9908,0.977,0.9255,0.7986,1118.7908,338.5942,951.5339,348.4729,978.197,430.6136,1031.3228,422.8258,167.5483,53.6936,0.3205,1,1,3,0
1123,3,0,1,1,1,1,0.9656,0.9919,0.8048,0.9575,681.0039,341.8342,619.0185,339.2297,769.7088,383.7422,766.7793,382.972,62.0401,3.029,0.0488,0,0,0,0
1124,3,0,2,1,1,1,0.9827,0.9946,0.8312,0.9394,331.571,286.1064,173.0782,285.1889,359.0932,524.0124,126.3445,535.935,158.4955,233.0538,1.4704,0,0,0,0
1124,3,0,0,1,1,1,0.9909,0.977,0.9256,0.7985,1118.7904,338.5961,951.5889,348.4828,978.1847,430.6066,1031.302,422.8551,167.4935,53.6799,0.3205,1,1,4,0
1124,3,0,1,1,1,1,0.9655,0.9919,0.8046,0.9575,680.9828,341.826,619.0056,339.2224,769.5907,383.868,766.711,383.1347,62.032,2.9716,0.0479,0,0,0,0
1125,3,0,2,1,1,1,0.9833,0.9944,0.8414,0.9385,332.141,285.0474,172.2068,284.6489,360.149,521.153,117.8184,537.0425,159.9347,242.851,1.5184,0,0,0,0
1125,3,0,0,1,1,1,0.9913,0.9812,0.9298,0.8313,1116.6343,341.9207,956.591,347.0063,996.6183,476.5857,991.1088,490.1256,160.1241,14.6179,0.0913,1,1,5,0
1125,3,0,1,1,1,1,0.9649,0.9917,0.8053,0.9574,680.5099,341.6098,618.4706,339.0388,769.0075,381.8866,767.1326,379.4402,62.0925,3.0822,0.0496,0,0,0,0
1126,3,0,2,1,1,1,0.9833,0.9944,0.8415,0.9385,332.0923,285.0442,172.223,284.55,360.1866,521.0636,117.9611,536.5095,159.87,242.7175,1.5182,0,0,0,0
1126,3,0,0,1,1,1,0.9913,0.9813,0.9296,0.8317,1116.6447,341.9418,956.591,347.0248,996.6914,476.5564,991.1646,490.067,160.1343,14.5974,0.0912,1,1,6,1
1126,3,0,1,1,1,1,0.9649,0.9917,0.8053,0.9574,680.4618,341.619,618.5034,339.0458,768.9784,381.9005,767.1452,379.4417,62.0119,3.0669,0.0495,0,0,0,0
1127,3,0,2,1,1,1,0.9824,0.9945,0.8428,0.9414,332.155,284.1174,172.4287,283.1396,364.5033,513.227,112.164,533.7178,159.7292,253.1699,1.585,0,0,0,0
1127,3,0,0,1,1,1,0.9923,0.9801,0.9263,0.8178,1115.8508,342.3954,956.7902,343.69,1018.9827,502.646,976.7835,516.3868,159.0659,44.38,0.279,0,0,0,0
1127,3,0,1,1,1,1,0.9648,0.9918,0.807,0.958,680.0926,341.2884,618.7692,338.7413,767.7416,383.4085,766.2725,379.6554,61.3762,4.0303,0.0657,0,0,0,0
1128,3,0,2,1,1,1,0.9824,0.9944,0.8426,0.9412,332.1278,284.0992,172.4229,283.1386,364.4942,513.0445,112.1306,533.733,159.7078,253.2102,1.5855,0,0,0,0
1128,3,0,0,1,1,1,0.9923,0.9801,0.9264,0.8178,1115.8596,342.4339,956.7692,343.726,1018.9856,502.646,976.8428,516.468,159.0957,44.3516,0.2788,0,0,0,0
1128,3,0,1,1,1,1,0.9648,0.9918,0.807,0.9581,679.99,341.2028,618.8418,338.6589,767.6872,383.3093,766.2986,379.4576,61.2012,4.0944,0.0669,0,0,0,0
1129,3,0,2,1,1,1,0.9814,0.9948,0.836,0.9454,331.6124,284.8472,174.775,280.3681,366.6088,514.5945,107.4958,531.0782,156.9014,259.6369,1.6548,0,0,0,0
1129,3,0,0,1,1,1,0.9923,0.9806,0.923,0.8159,1116.3501,343.1719,955.5755,344.3374,1026.7505,515.5876,983.4479,528.487,160.7788,45.1831,0.281,0,0,0,0
1129,3,0,1,1,1,1,0.9651,0.9919,0.8072,0.9582,680.2455,340.7898,618.5705,338.8334,768.5396,382.6356,765.3587,381.0845,61.706,3.539,0.0574,0,0,0,0
1130,3,0,2,1,1,1,0.9798,0.9951,0.8176,0.948,329.4707,286.6462,173.4572,280.9574,367.9684,520.8604,110.7501,535.2784,156.1172,257.622,1.6502,0,0,0,0
1130,3,0,0,1,1,1,0.9922,0.9821,0.9181,0.8196,1116.5592,344.6517,955.3382,345.3208,1030.4814,523.4384,984.392,537.4647,161.2224,48.1765,0.2988,0,0,0,0
1130,3,0,1,1,1,1,0.9656,0.9921,0.8107,0.9596,679.7909,339.9471,618.3284,338.9447,768.4298,380.8086,764.1556,382.9083,61.4707,4.7621,0.0775,0,0,0,0
1131,3,0,2,1,1,1,0.9798,0.9952,0.8176,0.9481,329.4627,286.6968,173.4355,280.9564,368.0262,521.086,110.7645,535.2724,156.1327,257.6525,1.6502,0,0,0,0
1131,3,0,0,1,1,1,0.9922,0.9821,0.918,0.8196,1116.596,344.6545,955.3513,345.3348,1030.4735,523.421,984.3663,537.4434,161.2461,48.1923,0.2989,0,0,0,0
1131,3,0,1,1,1,1,0.9655,0.9921,0.8105,0.9595,679.625,339.9853,618.3816,339.0314,768.3899,380.8472,764.125,382.971,61.2509,4.7644,0.0778,0,0,0,0
1132,3,0,2,1,1,1,0.9796,0.9952,0.8152,0.9485,328.7167,286.276,173.2973,280.4563,368.7616,525.0866,115.352,539.3821,155.5284,253.8125,1.6319,0,0,0,0
1132,3,0,0,1,1,1,0.9921,0.9822,0.9167,0.8209,1116.4305,344.769,954.4733,345.4272,1033.5187,523.4184,986.1245,538.1411,161.9586,49.6283,0.3064,0,0,0,0
1132,3,0,1,1,1,1,0.9653,0.9921,0.8114,0.9602,679.8997,339.6557,618.5242,338.5774,767.7531,380.6271,763.4756,382.4416,61.385,4.6464,0.0757,0,0,0,0
1133,3,0,2,1,1,1,0.9796,0.9952,0.8153,0.9485,328.7082,286.2295,173.2956,280.4553,368.7559,525.061,115.3709,539.4121,155.5199,253.7911,1.6319,0,0,0,0
1133,3,0,0,1,1,1,0.9921,0.9822,0.9167,0.8208,1116.4257,344.7763,954.4724,345.4172,1033.4431,523.4414,986.1208,538.146,161.9545,49.5543,0.306,0,0,0,0
1133,3,0,1,1,1,1,0.9653,0.9921,0.8113,0.9603,679.873,339.6499,618.5376,338.6128,767.7404,380.5961,763.4408,382.4854,61.3442,4.6965,0.0766,0,0,0,0
1134,3,0,2,1,1,1,0.9794,0.9947,0.8131,0.9444,328.5147,285.75,171.5261,279.725,366.3145,531.8986,121.5241,540.2354,157.1042,244.9324,1.559,0,0,0,0
1134,3,0,0,1,1,1,0.9921,0.9824,0.9169,0.8233,1116.3998,344.9424,954.2878,345.7622,1033.8586,522.5004,986.4429,536.877,162.114,49.5473,0.3056,0,0,0,0
1134,3,0,1,1,1,1,0.9652,0.992,0.8108,0.9598,679.421,340.1392,617.5064,338.3448,767.5086,379.7937,762.391,381.1,61.9406,5.2816,0.0853,0,0,0,0
1135,3,0,2,1,1,1,0.9794,0.9948,0.8132,0.9445,328.5014,285.7316,171.5535,279.7278,366.2174,531.8138,121.5242,540.2591,157.0627,244.8389,1.5589,0,0,0,0
1135,3,0,0,1,1,1,0.9921,0.9824,0.917,0.8234,1116.3838,344.9428,954.27,345.7634,1033.8568,522.5044,986.4206,536.8573,162.1158,49.5601,0.3057,0,0,0,0
1135,3,0,1,1,1,1,0.9652,0.992,0.8108,0.9598,679.4666,340.1218,617.4898,338.3379,767.5204,379.7499,762.3952,381.1746,62.0026,5.3196,0.0858,0,0,0,0
1136,3,0,2,1,1,1,0.9787,0.9952,0.8071,0.9491,328.6569,286.2087,171.1078,279.495,363.9098,530.8,126.561,543.2028,157.6921,237.6726,1.5072,0,0,0,0
1136,3,0,0,1,1,1,0.9923,0.9819,0.9198,0.8218,1116.2173,345.0026,954.0377,345.3296,1034.1783,521.102,987.313,534.7998,162.18,48.8261,0.3011,0,0,0,0
1136,3,0,1,1,1,1,0.9655,0.992,0.8115,0.9597,680.1266,340.48,616.693,338.4985,767.8678,380.095,762.6408,380.157,63.4645,5.2274,0.0824,0,0,0,0
1137,3,0,0,1,1,1,0.9923,0.9817,0.9217,0.8233,1115.7936,344.7826,953.5635,345.4142,1035.237,517.3473,988.5128,532.191,162.2313,49.0254,0.3022,0,0,0,0
1137,3,0,2,1,1,1,0.978,0.9951,0.805,0.9494,328.9271,287.5029,171.6742,279.2345,361.6028,531.798,133.0715,541.7398,157.4701,228.7474,1.4526,0,0,0,0
1137,3,0,1,1,1,1,0.9661,0.992,0.8122,0.9597,680.745,340.4575,615.6668,337.9199,767.8142,381.1102,761.4342,381.3944,65.1276,6.3863,0.0981,0,0,0,0
1138,3,0,0,1,1,1,0.9923,0.9817,0.9217,0.8233,1115.7872,344.7746,953.5626,345.418,1035.2681,517.2957,988.4979,532.2077,162.2259,49.0899,0.3026,0,0,0,0
1138,3,0,2,1,1,1,0.978,0.9951,0.8049,0.9493,328.9242,287.5099,171.6758,279.2214,361.635,531.7318,133.0878,541.6804,157.4667,228.7636,1.4528,0,0,0,0
1138,3,0,1,1,1,1,0.966,0.992,0.8122,0.9596,680.7315,340.4922,615.6953,337.9712,767.8062,381.1056,761.4506,381.3915,65.085,6.362,0.0977,0,0,0,0
1139,3,0,2,1,1,1,0.9781,0.9948,0.8118,0.9484,328.9063,286.8786,170.5155,277.472,355.6447,529.1374,146.0979,540.7049,158.6699,209.8658,1.3227,0,0,0,0
1139,3,0,0,1,1,1,0.9923,0.9816,0.9228,0.825,1115.2368,344.5301,953.2935,345.6704,1033.9008,516.9478,989.8651,530.6488,161.9474,46.1179,0.2848,0,0,0,0
1139,3,0,1,1,1,1,0.9656,0.992,0.8121,0.96,679.4646,340.1616,614.991,337.8391,766.7974,380.9988,761.1457,382.1129,64.5154,5.7604,0.0893,0,0,0,0
1140,3,0,2,1,1,1,0.9781,0.9948,0.8118,0.9484,328.9178,286.8838,170.5112,277.4885,355.6522,529.1558,146.0815,540.7611,158.6849,209.8918,1.3227,0,0,0,0
1140,3,0,0,1,1,1,0.9923,0.9816,0.9228,0.8251,1115.236,344.5316,953.2933,345.6598,1033.8862,516.969,989.8561,530.6746,161.9466,46.114,0.2847,0,0,0,0
1140,3,0,1,1,1,1,0.9656,0.992,0.812,0.96,679.4358,340.1561,614.9998,337.8362,766.7906,380.9979,761.1716,382.1047,64.4778,5.7269,0.0888,0,0,0,0
1141,3,0,0,1,1,1,0.9922,0.9812,0.922,0.8223,1115.5398,344.488,953.4138,346.1164,1033.8586,516.4204,990.0156,529.5421,162.1342,45.7646,0.2823,0,0,0,0
1141,3,0,2,1,1,1,0.9785,0.9949,0.8198,0.9506,329.0067,286.1603,170.6657,276.37,351.0672,524.5082,153.338,535.6592,158.6434,198.0435,1.2484,0,0,0,0
1141,3,0,1,1,1,1,0.9666,0.9922,0.8131,0.9601,677.9868,340.0206,615.1689,338.4801,766.3974,380.9738,760.7214,382.3635,62.8368,5.8437,0.093,0,0,0,0
1142,3,0,2,1,1,1,0.9785,0.9949,0.8196,0.9507,329.0359,286.1653,170.6551,276.3675,351.0208,524.4128,153.4136,535.3402,158.6835,197.9091,1.2472,0,0,0,0
1142,3,0,0,1,1,1,0.9922,0.9812,0.9219,0.8223,1115.4773,344.4744,953.4204,346.1348,1033.8187,516.4116,990.0547,529.543,162.0654,45.6916,0.2819,0,0,0,0
1142,3,0,1,1,1,1,0.9666,0.9921,0.8131,0.9601,677.7162,340.0207,615.3122,338.6434,766.4776,380.8946,760.6884,382.3534,62.4191,5.9701,0.0956,0,0,0,0
1143,3,0,2,1,1,1,0.9783,0.9948,0.8228,0.9513,328.4978,285.6714,170.7065,275.9459,347.1402,521.298,161.0133,532.486,158.0907,186.4628,1.1795,0,0,0,0
1143,3,0,0,1,1,1,0.9924,0.9811,0.9238,0.8228,1115.3483,344.595,953.2894,345.9763,1034.8362,515.0185,990.0688,527.2286,162.0647,46.4026,0.2863,0,0,0,0
1143,3,0,1,1,1,1,0.9663,0.9921,0.8132,0.9602,676.8118,339.8938,615.5066,338.7439,766.5157,380.3945,761.5486,382.3224,61.3159,5.3281,0.0869,0,0,0,0
1144,3,0,2,1,1,1,0.9779,0.9949,0.823,0.9532,328.0068,285.9372,171.204,275.7799,341.8606,518.4682,166.8394,529.542,157.1315,175.3713,1.1161,0,0,0,0
1144,3,0,0,1,1,1,0.9925,0.981,0.9248,0.8229,1115.1394,344.3347,952.8307,345.6606,1037.3972,515.5986,995.5765,528.1106,162.3141,43.6523,0.2689,0,0,0,0
1144,3,0,1,1,1,1,0.9664,0.9919,0.8132,0.9592,677.5276,339.8847,614.3488,337.808,766.0467,381.581,762.1247,380.2232,63.2128,4.1504,0.0657,0,0,0,0
1145,3,0,2,1,1,1,0.9779,0.9949,0.8229,0.9531,328.0134,285.9642,171.1646,275.8507,341.8548,518.4982,166.7953,529.5698,157.1745,175.4093,1.116,0,0,0,0
1145,3,0,0,1,1,1,0.9924,0.981,0.9248,0.8228,1115.1345,344.316,952.8358,345.66,1037.3009,515.5929,995.6556,528.1456,162.3043,43.496,0.268,0,0,0,0
1145,3,0,1,1,1,1,0.9664,0.9919,0.8133,0.9593,677.5519,339.8788,614.3357,337.8138,766.0823,381.5507,762.0659,380.2423,63.2499,4.2241,0.0668,0,0,0,0
1146,3,0,2,1,1,1,0.9772,0.9949,0.8181,0.9536,327.1792,286.0524,171.123,274.603,339.1376,521.8028,168.037,525.4446,156.4756,171.1394,1.0937,0,0,0,0
1146,3,0,0,1,1,1,0.9914,0.984,0.9221,0.8439,1115.6523,342.3187,953.3105,345.1288,1048.4987,509.1648,1009.7832,520.5365,162.3661,40.351,0.2485,0,0,0,0
1146,3,0,1,1,1,1,0.9663,0.992,0.814,0.9599,677.0332,339.7266,614.4584,337.7543,765.9038,379.9991,761.1722,380.9251,62.6059,4.8213,0.077,0,0,0,0
1147,3,0,2,1,1,1,0.9772,0.9949,0.8181,0.9537,327.2037,286.0601,171.1145,274.6012,339.1401,521.8293,168.0542,525.4807,156.5092,171.1249,1.0934,0,0,0,0
1147,3,0,0,1,1,1,0.9914,0.984,0.9221,0.8439,1115.6731,342.3037,953.3138,345.1322,1048.5192,509.1584,1009.7521,520.4748,162.3839,40.3849,0.2487,0,0,0,0
1147,3,0,1,1,1,1,0.9663,0.9919,0.8141,0.9599,677.0724,339.7702,614.4543,337.775,765.924,380.0758,761.07,380.9611,62.6499,4.9341,0.0788,0,0,0,0
1148,3,0,2,1,1,1,0.9785,0.995,0.8219,0.9539,327.4038,286.2145,170.1148,275.4872,338.4347,525.4867,164.29,526.6776,157.6543,174.1488,1.1046,0,0,0,0
1148,3,0,0,1,1,1,0.9909,0.9836,0.9183,0.8457,1116.2428,342.6279,953.3584,343.9866,1060.8052,498.8458,1029.4419,506.8252,162.8901,32.3624,0.1987,1,1,1,0
1148,3,0,1,1,1,1,0.9665,0.9919,0.8135,0.9592,675.313,339.6987,614.5642,337.9728,765.7282,380.0726,760.8166,380.8962,60.7732,4.9801,0.0819,0,0,0,0
1149,3,0,2,1,1,1,0.9785,0.995,0.8219,0.9539,327.3994,286.2399,170.1007,275.4984,338.4293,525.4693,164.2915,526.6362,157.665,174.1417,1.1045,0,0,0,0
1149,3,0,0,1,1,1,0.9908,0.9836,0.9183,0.8458,1116.2195,342.5707,953.386,343.9614,1060.881,498.7908,1029.3069,506.7531,162.8394,32.5626,0.2,1,1,2,0
1149,3,0,1,1,1,1,0.9665,0.9919,0.8137,0.9592,675.2293,339.6836,614.5575,337.9502,765.7408,380.0479,760.8018,380.9381,60.6966,5.0186,0.0827,0,0,0,0
1150,3,0,0,1,1,1,0.9893,0.9836,0.9092,0.8549,1119.2543,344.4299,953.056,343.1606,1048.3418,483.66,1073.2513,479.6963,166.2032,25.2229,0.1518,1,1,3,0
1150,3,0,2,1,1,1,0.979,0.995,0.8218,0.9527,327.5465,285.9089,169.6302,274.5598,340.0738,530.3996,155.7704,529.061,158.3236,184.3083,1.1641,0,0,0,0
1150,3,0,1,1,1,1,0.9666,0.9918,0.8128,0.9588,676.1798,340.6187,614.4364,338.8272,765.9043,380.3774,760.4494,379.5751,61.7695,5.5135,0.0893,0,0,0,0
1151,3,0,0,1,1,1,0.9893,0.9836,0.9092,0.8549,1119.2546,344.4098,953.076,343.1708,1048.3319,483.6872,1073.2108,479.7209,166.1833,25.1931,0.1516,1,1,4,0
1151,3,0,2,1,1,1,0.979,0.995,0.8218,0.9527,327.5424,285.9048,169.6577,274.5616,340.0497,530.3971,155.7593,529.0387,158.2916,184.2954,1.1643,0,0,0,0
1151,3,0,1,1,1,1,0.9666,0.9919,0.813,0.9588,676.183,340.6108,614.4425,338.8237,765.9022,380.372,760.4482,379.5969,61.7663,5.5088,0.0892,0,0,0,0
1152,3,0,0,1,1,1,0.9874,0.9822,0.8972,0.8655,1119.5165,344.8078,952.0022,339.3373,1060.203,458.8488,1093.0117,461.87,167.6036,32.9475,0.1966,1,1,5,0
1152,3,0,2,1,1,1,0.9785,0.995,0.8169,0.9508,328.1549,285.8575,168.9502,273.9918,343.7443,531.4552,143.0247,538.0268,159.6462,200.8271,1.258,0,0,0,0
1152,3,0,1,1,1,1,0.9663,0.9919,0.8147,0.9602,676.6858,340.7994,613.5341,338.1443,766.3598,380.6596,759.3504,380.9898,63.2074,7.0171,0.111,0,0,0,0
1153,3,0,0,1,1,1,0.9874,0.9822,0.8972,0.8654,1119.5479,344.8132,951.9926,339.3367,1059.1987,458.9092,1093.261,461.8197,167.6448,34.1864,0.2039,1,1,6,1
1153,3,0,2,1,1,1,0.9785,0.995,0.8168,0.9508,328.1577,285.8622,168.944,274.0137,343.732,531.4676,143.0568,538.0292,159.6539,200.7825,1.2576,0,0,0,0
1153,3,0,1,1,1,1,0.9663,0.9919,0.8147,0.9602,676.6818,340.7956,613.5626,338.1542,766.3961,380.6503,759.5288,380.9886,63.1744,6.8756,0.1088,0,0,0,0
1154,3,0,0,1,1,1,0.9849,0.9837,0.8849,0.8811,1121.9165,348.5854,952.8008,341.496,1076.7352,424.995,1110.4725,436.7934,169.2642,35.7409,0.2112,1,1,7,1
1154,3,0,2,1,1,1,0.979,0.9952,0.8141,0.9498,328.8136,286.4374,169.7474,274.7574,348.3926,532.5238,122.2912,540.9322,159.4945,226.2578,1.4186,0,0,0,0
1154,3,0,1,1,1,1,0.9655,0.9917,0.8124,0.9596,676.2396,340.1188,614.1774,338.0996,765.586,380.6551,759.2958,380.0736,62.0951,6.3171,0.1017,0,0,0,0
1155,3,0,2,1,1,1,0.978,0.995,0.8087,0.9485,328.1902,286.0845,169.2217,275.6485,354.7152,531.3725,110.3726,536.5026,159.3107,244.3964,1.5341,0,0,0,0
1155,3,0,0,1,1,1,0.9843,0.9841,0.8858,0.8918,1121.1276,350.1188,956.6725,341.7052,1144.305,422.1914,1102.8333,430.38,164.6701,42.2725,0.2567,1,1,8,1
1155,3,0,1,1,1,1,0.967,0.992,0.8141,0.9596,677.5794,340.4241,614.284,338.3309,765.5968,380.1202,758.8736,380.6294,63.33,6.7424,0.1065,0,0,0,0
1156,3,0,2,1,1,1,0.978,0.995,0.8086,0.9485,328.1893,286.065,169.229,275.6396,354.721,531.3899,110.4006,536.6202,159.3018,244.3763,1.534,0,0,0,0
1156,3,0,0,1,1,1,0.9843,0.9841,0.8857,0.8917,1121.1423,350.103,956.6801,341.7086,1144.2603,422.1875,1102.818,430.3974,164.6763,42.2477,0.2565,1,1,9,1
1156,3,0,1,1,1,1,0.967,0.992,0.8141,0.9596,677.5802,340.4313,614.2792,338.3377,765.5982,380.1111,758.8698,380.6154,63.3356,6.7473,0.1065,0,0,0,0
1157,3,0,2,1,1,1,0.9788,0.9953,0.8136,0.952,326.7728,286.6052,170.2668,275.7438,359.5883,534.4924,99.2535,527.6296,156.8825,260.4252,1.66,0,0,0,0
1157,3,0,0,1,1,1,0.9839,0.9851,0.8774,0.8946,1122.1289,350.9068,957.8079,340.2966,1167.6821,419.6694,1106.8152,423.6322,164.6632,60.9958,0.3704,0,0,0,0
1157,3,0,1,1,1,1,0.9669,0.9921,0.814,0.9599,677.4568,340.8972,614.1054,338.9878,765.9704,380.2807,758.7102,380.3506,63.3801,7.2606,0.1146,0,0,0,0
1158,3,0,2,1,1,1,0.9788,0.9953,0.8137,0.952,326.7729,286.6284,170.2622,275.803,359.5891,534.4497,99.295,527.6863,156.8847,260.382,1.6597,0,0,0,0
1158,3,0,0,1,1,1,0.9839,0.985,0.8775,0.8945,1122.1306,350.8839,957.8672,340.3137,1167.7517,419.6625,1106.8635,423.6288,164.6032,61.0172,0.3707,0,0,0,0
1158,3,0,1,1,1,1,0.9669,0.9921,0.814,0.96,677.4094,340.8882,614.099,338.9865,765.9754,380.298,758.7468,380.3408,63.339,7.2287,0.1141,0,0,0,0
1159,3,0,2,1,1,1,0.9786,0.9958,0.8036,0.954,325.83,284.8956,170.2436,276.7154,367.2365,532.5124,82.0851,525.5864,155.8013,285.2355,1.8308,0,0,0,0
1159,3,0,0,1,1,1,0.9842,0.9821,0.8775,0.8884,1125.4517,348.4354,961.7531,338.3117,1170.0482,422.6788,1116.1277,416.3975,164.0113,54.2852,0.331,0,0,0,0
1159,3,0,1,1,1,1,0.966,0.9918,0.8121,0.9591,676.9616,340.4366,613.898,338.2807,764.9692,381.1738,758.1404,380.0236,63.1004,6.9249,0.1097,0,0,0,0
1160,3,0,2,1,1,1,0.9786,0.9958,0.8036,0.9541,325.8198,284.9026,170.192,276.7031,367.2331,532.5146,82.1269,525.5409,155.8437,285.1914,1.83,0,0,0,0
1160,3,0,0,1,1,1,0.9842,0.9821,0.8774,0.8884,1125.4426,348.4304,961.7383,338.3158,1170.0427,422.6977,1116.1299,416.4064,164.0165,54.2787,0.3309,0,0,0,0
1160,3,0,1,1,1,1,0.966,0.9918,0.8121,0.9591,676.9597,340.4444,613.9112,338.2834,764.9666,381.1784,758.1515,380.0074,63.0856,6.915,0.1096,0,0,0,0
1161,3,0,2,1,1,1,0.9786,0.996,0.8061,0.9568,325.4318,283.9145,171.7269,276.2305,376.1579,520.8562,67.9637,509.3786,153.8968,308.4078,2.004,0,0,0,0
1161,3,0,0,1,1,1,0.9848,0.9818,0.8794,0.885,1126.8534,349.3811,962.8834,339.106,1171.5513,423.3238,1119.0337,416.9983,164.2916,52.8972,0.322,0,0,0,0
1161,3,0,1,1,1,1,0.9668,0.992,0.8146,0.9599,676.6496,341.6623,614.4186,339.2722,765.1542,381.8433,758.1168,380.5604,62.2769,7.1535,0.1149,0,0,0,0
1162,3,0,2,1,1,1,0.9787,0.996,0.8068,0.957,325.397,283.923,171.7305,275.953,376.1741,520.7854,68.4848,508.466,153.8731,307.9358,2.0012,0,0,0,0
1162,3,0,0,1,1,1,0.9848,0.9817,0.8795,0.8847,1126.9235,349.4338,962.9318,339.1301,1171.646,423.359,1119.1552,416.9742,164.315,52.8777,0.3218,0,0,0,0
1162,3,0,1,1,1,1,0.9667,0.992,0.8148,0.96,676.4565,341.545,614.3928,339.3909,765.2824,381.57,757.8036,380.895,62.101,7.5092,0.1209,0,0,0,0
1163,3,0,2,1,1,1,0.9807,0.9964,0.8,0.9538,326.5184,286.2514,174.4819,276.1172,387.8484,522.0904,60.3429,501.8858,152.3739,328.1281,2.1534,0,0,0,0
1163,3,0,0,1,1,1,0.9847,0.9823,0.8786,0.887,1126.5573,349.2374,964.4169,339.5499,1176.7848,423.979,1119.6171,418.2876,162.4295,57.4503,0.3537,0,0,0,0
1163,3,0,1,1,1,1,0.9662,0.9919,0.8131,0.9596,675.8499,341.3717,614.7254,339.0642,764.499,381.6098,758.2877,380.2705,61.1681,6.3541,0.1039,0,0,0,0
1164,3,0,2,1,1,1,0.9807,0.9964,0.8003,0.9539,326.5316,286.2602,174.4339,276.1149,387.8223,522.1362,60.4022,501.8598,152.4357,328.0474,2.152,0,0,0,0
1164,3,0,0,1,1,1,0.9847,0.9824,0.8782,0.8872,1126.5463,349.232,964.3833,339.5615,1176.6573,424.1115,1119.6296,418.2688,162.4511,57.3262,0.3529,0,0,0,0
1164,3,0,1,1,1,1,0.9662,0.9919,0.8132,0.9597,675.7614,341.3177,614.7653,339.0318,764.4774,381.5498,758.276,380.2789,61.0389,6.3302,0.1037,0,0,0,0
1165,3,0,2,1,1,1,0.9813,0.9964,0.8051,0.9545,326.425,285.7097,175.6269,275.3684,397.1521,520.082,55.1916,489.9752,151.1523,343.2833,2.2711,0,0,0,0
1165,3,0,0,1,1,1,0.9848,0.9824,0.8816,0.8891,1126.4186,349.2694,965.0557,340.4256,1188.4912,421.3429,1120.7682,420.1916,161.605,67.7328,0.4191,0,0,0,0
1165,3,0,1,1,1,1,0.9596,0.9909,0.7889,0.9579,675.7102,341.5437,613.7724,336.6813,765.4672,383.0994,758.9866,382.4669,62.1282,6.5114,0.1048,0,0,0,0
1166,3,0,2,1,1,1,0.9813,0.9962,0.8152,0.9563,327.2162,284.8522,173.1052,276.205,406.3962,518.6166,48.2033,490.5047,154.3535,359.2943,2.3277,0,0,0,0
1166,3,0,0,1,1,1,0.9838,0.9833,0.8713,0.8929,1127.223,350.514,964.8771,340.8421,1189.5669,425.1631,1122.5828,421.6414,162.6337,67.0766,0.4124,0,0,0,0
1166,3,0,1,1,1,1,0.9661,0.9919,0.8133,0.96,675.322,340.8896,615.1047,338.9436,764.772,382.2401,759.058,382.1445,60.2487,5.7148,0.0949,0,0,0,0
1167,3,0,2,1,1,1,0.9813,0.9961,0.815,0.9562,327.2024,284.8618,173.082,276.1922,406.4498,518.6762,48.1836,490.4642,154.3641,359.3754,2.3281,0,0,0,0
1167,3,0,0,1,1,1,0.9837,0.9833,0.871,0.893,1127.2117,350.5279,964.9041,340.8834,1189.625,425.2016,1122.5863,421.657,162.5939,67.1323,0.4129,0,0,0,0
1167,3,0,1,1,1,1,0.9661,0.9919,0.8135,0.9601,675.2836,340.9415,615.1448,339.0242,764.8271,382.2472,759.0677,382.2084,60.1693,5.7595,0.0957,0,0,0,0
1168,3,0,2,1,1,1,0.9816,0.9962,0.8177,0.9573,327.1943,284.6362,173.2787,275.2195,414.4927,514.5974,46.529,483.9325,154.2034,369.2392,2.3945,0,0,0,0
1168,3,0,0,1,1,1,0.9828,0.984,0.8636,0.8964,1127.4081,350.1316,964.7889,340.57,1191.1056,429.2218,1125.0684,423.3678,162.9,66.2962,0.407,0,0,0,0
1168,3,0,1,1,1,1,0.9665,0.992,0.8141,0.96,676.1388,341.1452,614.8748,339.6088,765.0451,381.5782,760.3587,381.2103,61.2832,4.7008,0.0767,0,0,0,0
1169,3,0,2,1,1,1,0.9816,0.9962,0.8178,0.9573,327.184,284.6192,173.3046,275.2439,414.5161,514.6191,46.6244,483.7662,154.1648,369.1831,2.3947,0,0,0,0
1169,3,0,0,1,1,1,0.9829,0.984,0.8638,0.8965,1127.3828,350.1465,964.7559,340.6044,1191.0967,429.2076,1124.9883,423.4286,162.9066,66.3605,0.4074,0,0,0,0
1169,3,0,1,1,1,1,0.9665,0.992,0.8142,0.96,676.1446,341.0844,614.8342,339.6146,765.0567,381.5173,760.3514,381.2203,61.328,4.7147,0.0769,0,0,0,0
1170,3,0,2,1,1,1,0.9819,0.9963,0.819,0.958,327.4858,282.6252,174.1814,274.8663,427.0086,508.8782,45.6252,480.897,153.5006,382.4085,2.4913,0,0,0,0
1170,3,0,0,1,1,1,0.983,0.9841,0.8631,0.8962,1127.7603,349.7749,964.7646,340.0248,1193.0033,429.7486,1125.7501,423.978,163.287,67.5003,0.4134,0,0,0,0
1170,3,0,1,1,1,1,0.9667,0.992,0.8142,0.9599,676.1092,341.0311,614.5548,339.579,765.4574,380.6883,760.0148,382.6102,61.5716,5.7719,0.0937,0,0,0,0
1171,3,0,2,1,1,1,0.9819,0.9963,0.8189,0.958,327.475,282.6119,174.1537,274.8742,426.9844,508.9165,45.6434,480.8766,153.5165,382.3704,2.4907,0,0,0,0
1171,3,0,0,1,1,1,0.983,0.9841,0.8631,0.8962,1127.7684,349.7678,964.7605,340.0105,1193.0161,429.7527,1125.7452,423.9686,163.2997,67.5191,0.4135,0,0,0,0
1171,3,0,1,1,1,1,0.9667,0.992,0.8143,0.9599,676.115,341.0325,614.5502,339.5767,765.463,380.6612,760.0158,382.6205,61.5821,5.7889,0.094,0,0,0,0
1172,3,0,2,1,1,1,0.9817,0.9966,0.8097,0.957,327.5384,282.447,176.6906,273.7756,431.217,505.2827,42.3209,481.4404,151.0968,389.6263,2.5787,0,0,0,0
1172,3,0,0,1,1,1,0.983,0.9838,0.8639,0.8943,1127.828,349.4674,964.7849,339.9241,1192.2523,430.9929,1125.7201,424.7003,163.3221,66.8291,0.4092,0,0,0,0
1172,3,0,1,1,1,1,0.9606,0.9911,0.7942,0.9591,676.1501,341.3032,613.2814,337.572,767.1198,380.5294,759.0072,386.4216,62.9793,10.0265,0.1592,0,0,0,0
1173,3,0,2,1,1,1,0.9816,0.9963,0.8174,0.9556,328.656,281.2716,177.9511,274.604,439.4218,497.0838,39.0359,482.4701,150.8523,400.6524,2.6559,0,0,0,0
1173,3,0,0,1,1,1,0.9832,0.984,0.8641,0.8941,1128.1486,349.5073,965.3428,340.4232,1192.2258,431.737,1123.9374,424.8698,163.059,68.6329,0.4209,0,0,0,0
1173,3,0,1,1,1,1,0.9658,0.992,0.8135,0.9604,676.1568,340.5696,614.8574,339.6495,765.4609,381.2972,758.3357,385.1647,61.3064,8.1071,0.1322,0,0,0,0
1174,3,0,2,1,1,1,0.9815,0.9963,0.8174,0.9557,328.6624,281.2515,177.9799,274.6069,439.425,497.095,39.0504,482.5376,150.8289,400.6391,2.6562,0,0,0,0
1174,3,0,0,1,1,1,0.9832,0.984,0.8644,0.894,1128.1449,349.5366,965.3387,340.4245,1192.2194,431.8059,1123.9058,424.8894,163.0609,68.6628,0.4211,0,0,0,0
1174,3,0,1,1,1,1,0.9659,0.992,0.8136,0.9604,676.1108,340.578,614.8884,339.6121,765.4688,381.3187,758.3427,385.1713,61.23,8.1008,0.1323,0,0,0,0
1175,3,0,2,1,1,1,0.9795,0.9961,0.8119,0.9565,329.9818,280.513,179.0246,273.452,445.3908,493.3698,36.5024,485.1182,151.1222,408.9717,2.7062,0,0,0,0
1175,3,0,0,1,1,1,0.9836,0.9838,0.8677,0.8932,1128.4531,349.9677,964.9448,340.4758,1189.833,432.318,1121.9382,425.4444,163.7836,68.2418,0.4167,0,0,0,0
1175,3,0,1,1,1,1,0.9649,0.9916,0.8128,0.96,675.511,340.1316,614.7436,339.1618,765.1999,382.1354,760.0898,384.6132,60.7752,5.6791,0.0934,0,0,0,0
1176,3,0,2,1,1,1,0.9795,0.9961,0.8122,0.9566,329.9946,280.5076,179.0382,273.4492,445.3552,493.3525,36.5208,485.1117,151.1213,408.9174,2.7059,0,0,0,0
1176,3,0,0,1,1,1,0.9836,0.9838,0.8677,0.8931,1128.4683,349.9829,964.9567,340.4948,1189.8406,432.3115,1121.9359,425.4445,163.7866,68.251,0.4167,0,0,0,0
1176,3,0,1,1,1,1,0.9649,0.9916,0.8128,0.96,675.514,340.1282,614.7408,339.1705,765.2106,382.1056,760.0918,384.608,60.7808,5.6977,0.0937,0,0,0,0
1177,3,0,2,1,1,1,0.9755,0.996,0.8028,0.9596,332.8558,279.888,181.4561,275.2328,446.3672,484.5298,36.4611,486.1942,151.4712,409.9095,2.7062,0,0,0,0
1177,3,0,0,1,1,1,0.9831,0.9845,0.8621,0.8958,1128.0945,349.308,964.9138,340.2268,1191.3185,434.7902,1123.2433,426.115,163.4332,68.6257,0.4199,0,0,0,0
1177,3,0,1,1,1,1,0.9655,0.9918,0.8139,0.9605,673.5572,339.9679,615.2885,339.0128,764.4812,381.9648,760.4933,383.2886,58.2766,4.2019,0.0721,0,0,0,0
1178,3,0,2,1,1,1,0.9754,0.996,0.8021,0.9596,332.86,279.8962,181.4556,275.1987,446.3658,484.5708,36.7331,486.0962,151.4772,409.6356,2.7043,0,0,0,0
1178,3,0,0,1,1,1,0.9831,0.9845,0.862,0.8958,1128.0826,349.2963,964.9362,340.2235,1191.3112,434.8188,1123.2545,426.108,163.3985,68.6118,0.4199,0,0,0,0
1178,3,0,1,1,1,1,0.9655,0.9918,0.8139,0.9605,673.5852,339.9836,615.2647,339.0122,764.5398,381.839,760.4861,383.2543,58.3286,4.2937,0.0736,0,0,0,0
1179,3,0,2,1,1,1,0.9663,0.9954,0.7856,0.9617,333.7066,277.8396,184.8113,273.3885,445.031,479.6421,40.8583,488.6332,148.9619,404.2727,2.7139,0,0,0,0
1179,3,0,0,1,1,1,0.9831,0.9842,0.8651,0.8954,1128.3483,349.1278,965.8204,340.6489,1188.8599,431.932,1121.667,425.4304,162.7489,67.5067,0.4148,0,0,0,0
1179,3,0,1,1,1,1,0.9601,0.991,0.7955,0.9598,676.3048,341.0494,612.273,337.0626,766.439,382.1966,760.0772,384.4508,64.1558,6.7494,0.1052,0,0,0,0
1180,3,0,2,1,1,1,0.962,0.9951,0.7716,0.9608,335.2952,277.7086,190.9429,274.0015,440.5828,477.1658,51.5944,496.5202,144.3999,389.4695,2.6972,0,0,0,0
1180,3,0,0,1,1,1,0.9832,0.9842,0.8656,0.8956,1128.5027,349.1312,965.7443,340.5535,1189.7672,430.2374,1121.3601,425.3652,162.9842,68.5804,0.4208,0,0,0,0
1180,3,0,1,1,1,1,0.9595,0.9908,0.794,0.9592,675.0892,340.7694,612.6173,337.8246,766.5262,381.8228,758.3092,386.8294,62.5412,9.6222,0.1539,0,0,0,0
1181,3,0,2,1,1,1,0.9621,0.9951,0.7716,0.9609,335.3356,277.6987,190.9441,273.9514,440.6684,477.3946,51.8607,496.1681,144.4401,389.2607,2.695,0,0,0,0
1181,3,0,0,1,1,1,0.9833,0.9842,0.8658,0.8954,1128.5156,349.1821,965.7673,340.6,1189.7863,430.2365,1121.2297,425.4098,162.9744,68.7262,0.4217,0,0,0,0
1181,3,0,1,1,1,1,0.9594,0.9908,0.7938,0.9592,674.8492,340.831,612.5566,337.908,766.427,381.9756,758.2687,386.8699,62.3612,9.5138,0.1526,0,0,0,0
1182,3,0,2,1,1,1,0.9548,0.9947,0.7616,0.9614,336.5672,278.9135,197.0408,275.4061,433.1814,478.4296,65.5438,513.001,139.5706,369.2595,2.6457,0,0,0,0
1182,3,0,0,1,1,1,0.9832,0.9843,0.8638,0.8949,1128.5548,349.1242,965.4235,340.3792,1187.5757,431.239,1120.6289,425.0625,163.3656,67.2311,0.4115,0,0,0,0
1182,3,0,1,1,1,1,0.9573,0.9906,0.7862,0.9579,674.2292,339.8869,611.7373,338.5894,764.4591,388.3358,754.1454,394.5647,62.5053,12.0487,0.1928,0,0,0,0
1183,3,0,2,1,1,1,0.9547,0.9947,0.7612,0.9613,336.5837,278.8805,197.0612,275.334,433.2706,478.647,65.7204,512.6754,139.5676,369.122,2.6448,0,0,0,0
1183,3,0,0,1,1,1,0.9832,0.9843,0.8639,0.8949,1128.4963,349.1026,965.4445,340.3634,1187.7775,431.1649,1120.6292,425.0813,163.2859,67.4233,0.4129,0,0,0,0
1183,3,0,1,1,1,1,0.9572,0.9906,0.7861,0.9578,674.037,339.8634,611.839,338.6225,764.509,388.2792,754.2115,394.5685,62.2104,12.0662,0.194,0,0,0,0
1184,3,0,0,1,1,1,0.983,0.9846,0.8621,0.8971,1128.4811,348.7261,965.7009,340.3413,1186.0032,432.362,1119.0791,424.7121,162.996,67.3599,0.4133,0,0,0,0
1184,3,0,2,1,1,1,0.9703,0.9939,0.7803,0.9407,335.8472,274.7008,199.8523,283.4733,426.5472,480.2922,85.7603,563.193,136.2775,350.7253,2.5736,0,0,0,0
1184,3,0,1,1,1,1,0.9464,0.9841,0.763,0.9405,672.9536,344.7652,610.3042,343.457,761.5798,395.4428,751.8442,402.371,62.6631,11.9492,0.1907,0,0,0,0
1185,3,0,0,1,1,1,0.983,0.9845,0.8624,0.8971,1128.5256,348.7846,965.6838,340.35,1185.9165,432.1959,1119.2251,424.6865,163.0601,67.1129,0.4116,0,0,0,0
1185,3,0,2,1,1,1,0.9703,0.9939,0.7801,0.9408,335.78,274.6235,199.9574,283.3539,426.6446,480.3732,85.7504,563.067,136.1028,350.7808,2.5773,0,0,0,0
1185,3,0,1,1,1,1,0.9463,0.9841,0.763,0.9406,672.8117,344.8011,610.2272,343.5143,761.7058,395.3339,751.9912,402.2938,62.5977,11.9505,0.1909,0,0,0,0
1186,3,0,0,1,1,1,0.9833,0.9841,0.8638,0.8941,1128.6289,348.9145,965.3205,340.3797,1184.2793,433.3144,1118.5957,425.0644,163.5313,66.1997,0.4048,0,0,0,0
1186,3,0,1,1,1,1,0.9631,0.9915,0.8086,0.9595,675.4478,340.1323,606.986,341.4859,761.9915,403.6843,739.9292,419.0628,68.4752,26.8932,0.3927,0,0,0,0
1186,3,0,2,1,1,1,0.9593,0.9951,0.7604,0.956,331.7793,281.1958,211.2884,285.4652,408.4747,485.3626,152.5344,571.4746,120.5665,270.0384,2.2397,0,0,0,0
1187,3,0,0,1,1,1,0.9833,0.9841,0.8638,0.8941,1128.6158,348.925,965.3374,340.3872,1184.3113,433.2954,1118.599,425.0437,163.5015,66.2283,0.4051,0,0,0,0
1187,3,0,1,1,1,1,0.9631,0.9915,0.8086,0.9595,675.4413,340.128,606.9814,341.5005,761.9865,403.6798,739.9312,419.0759,68.4737,26.8976,0.3928,0,0,0,0
1187,3,0,2,1,1,1,0.9592,0.9951,0.7605,0.956,331.7749,281.1329,211.2829,285.4647,408.3293,485.0738,152.5064,571.4614,120.5698,270.0152,2.2395,0,0,0,0
1188,3,0,0,1,1,1,0.9835,0.9841,0.8641,0.8927,1128.4532,348.689,965.5073,340.4438,1183.7437,434.2266,1118.2633,425.6122,163.1544,66.0446,0.4048,0,0,0,0
1188,3,0,1,1,1,1,0.9632,0.9915,0.802,0.9576,673.0966,342.5802,605.142,343.9434,763.9087,414.3967,736.5036,433.6134,67.9683,33.4711,0.4925,0,0,0,0
1188,3,0,2,1,1,1,0.9508,0.993,0.6236,0.9142,323.0657,282.6484,219.1184,288.6635,396.7136,497.7498,229.6736,592.6512,104.1212,192.1162,1.8451,0,0,0,0
1189,3,0,0,1,1,1,0.9835,0.9841,0.8643,0.8928,1128.4321,348.702,965.4916,340.4384,1183.7032,434.1978,1118.2512,425.638,163.15,66.0094,0.4046,0,0,0,0
1189,3,0,1,1,1,1,0.9632,0.9915,0.802,0.9576,673.0416,342.5743,605.1596,343.9302,763.9502,414.2686,736.4914,433.6095,67.8955,33.5865,0.4947,0,0,0,0
1189,3,0,2,1,1,1,0.951,0.9931,0.6245,0.9148,323.0614,282.6709,219.1448,288.6504,396.74,497.666,229.9422,592.2464,104.0885,191.7472,1.8422,0,0,0,0
1190,3,0,0,1,1,1,0.9837,0.9841,0.8666,0.8937,1128.4193,348.7796,965.2611,340.6456,1183.5598,433.3844,1118.4543,425.0479,163.3608,65.637,0.4018,0,0,0,0
1190,3,0,1,1,1,1,0.9624,0.9916,0.7936,0.9561,670.4146,345.2529,602.2263,346.1662,746.0943,447.0384,732.7414,453.7759,68.1945,14.9564,0.2193,0,0,0,0
1190,3,0,2,0,1,1,0.8543,0.9867,0.363,0.8758,313.3144,285.3499,229.7813,284.5594,374.669,516.0052,336.1402,545.0078,83.5369,48.2247,0.5773,0,0,0,0
1191,3,0,0,1,1,1,0.9845,0.9838,0.8727,0.8915,1128.1976,348.3282,965.1745,340.9029,1183.4307,432.3276,1117.5896,426.4706,163.1921,66.1011,0.4051,0,0,0,0
1191,3,0,1,1,1,1,0.9652,0.9928,0.7923,0.9583,674.9742,346.7536,600.8882,347.5845,748.2851,465.1924,722.005,482.803,74.0907,31.635,0.427,0,0,0,0
1191,3,0,2,0,1,1,0.8417,0.9834,0.2943,0.8371,300.6666,286.1752,237.3178,283.8877,342.9613,540.8229,334.506,533.369,63.3901,11.2718,0.1778,0,0,0,0
1192,3,0,0,1,1,1,0.9845,0.9838,0.8728,0.8914,1128.2164,348.301,965.1765,340.8948,1183.3346,432.3598,1117.5785,426.4746,163.208,66.0189,0.4045,0,0,0,0
1192,3,0,1,1,1,1,0.9652,0.9928,0.7922,0.9582,674.952,346.7263,600.906,347.5824,748.271,465.155,722.056,482.784,74.0508,31.5913,0.4266,0,0,0,0
1192,3,0,2,0,1,1,0.8414,0.9833,0.2937,0.8367,300.6572,286.1947,237.2811,283.8832,342.9018,540.8503,334.2634,533.4486,63.4183,11.3756,0.1794,0,0,0,0
1193,3,0,0,1,1,1,0.9837,0.9843,0.8656,0.8942,1128.2802,348.363,964.925,341.1412,1183.95,432.8091,1118.2008,426.2196,163.5147,66.0785,0.4041,0,0,0,0
1193,3,0,1,1,1,1,0.9625,0.9927,0.7799,0.9561,672.0952,345.5051,604.1466,348.2869,742.2542,481.5136,717.08,519.4676,68.0055,45.5438,0.6697,0,0,0,0
1193,3,0,2,1,1,1,0.895,0.9892,0.5035,0.9235,280.9584,281.0668,245.3433,280.6175,366.3938,413.1296,393.9177,394.757,35.618,33.0926,0.9291,0,0,0,0
1194,3,0,0,1,1,1,0.9837,0.9843,0.8657,0.8941,1128.3236,348.3547,964.9777,341.1315,1183.898,432.7915,1118.2015,426.2129,163.5056,66.025,0.4038,0,0,0,0
1194,3,0,1,1,1,1,0.9626,0.9927,0.78,0.9562,672.0998,345.5348,604.1567,348.2847,742.2782,481.434,716.9325,519.4902,67.9987,45.724,0.6724,0,0,0,0
1194,3,0,2,1,1,1,0.8948,0.9892,0.5021,0.9233,280.5667,281.0024,245.4818,280.5382,366.584,413.057,394.2324,394.5602,35.0879,33.265,0.948,0,0,0,0
1195,3,0,0,1,1,1,0.9839,0.9838,0.8672,0.8902,1127.8809,347.9826,965.2213,341.5483,1181.0408,436.0596,1118.3129,430.603,162.7868,62.9648,0.3868,0,0,0,0
1195,3,0,1,1,1,1,0.9628,0.9931,0.7793,0.9577,673.8341,347.1597,604.6863,348.8776,733.133,505.8212,692.5586,532.1546,69.1692,48.3708,0.6993,0,0,0,0
1195,3,0,2,1,1,1,0.8773,0.981,0.4696,0.8898,264.8262,283.452,250.5816,280.1044,382.5243,353.1232,425.5338,320.5303,14.6326,53.9641,3.6879,0,0,0,0
1196,3,0,0,1,1,1,0.9839,0.9839,0.8667,0.8903,1127.8739,347.9414,965.2149,341.5019,1181.0471,436.0357,1118.283,430.6134,162.7864,62.998,0.387,0,0,0,0
1196,3,0,1,1,1,1,0.9628,0.9931,0.7792,0.9577,673.7657,347.1409,604.696,348.887,733.1271,505.7712,692.5567,532.1509,69.0917,48.3926,0.7004,0,0,0,0
1196,3,0,2,1,1,1,0.8773,0.9811,0.4698,0.8901,264.9664,283.4304,250.5273,280.0986,382.7166,352.9124,425.4515,320.6058,14.8185,53.5722,3.6152,0,0,0,0
1197,3,0,0,1,1,1,0.9832,0.9833,0.8548,0.8789,1127.8213,347.4386,960.6646,341.1304,1144.6876,425.9112,1119.6736,436.9669,167.2757,27.3484,0.1635,1,1,1,0
1197,3,0,2,1,1,1,0.9073,0.9839,0.6109,0.9263,275.4123,285.3345,244.4995,277.1052,401.0139,282.3555,412.8088,270.0256,31.9894,17.063,0.5334,0,0,0,0
1197,3,0,1,1,1,1,0.964,0.9934,0.7307,0.9464,674.4584,346.2566,603.8245,348.3497,720.2636,511.484,661.2048,544.4074,70.6649,67.6158,0.9569,0,0,0,0
1198,3,0,0,1,1,1,0.9833,0.9833,0.8548,0.8788,1127.8446,347.4526,960.6543,341.1604,1144.6136,425.9632,1119.6473,436.9286,167.3087,27.2682,0.163,1,1,2,0
1198,3,0,2,1,1,1,0.9075,0.984,0.6111,0.9263,275.3127,285.3021,244.4904,277.1005,400.8953,282.8488,412.878,270.436,31.8948,17.2529,0.5409,0,0,0,0
1198,3,0,1,1,1,1,0.9643,0.9934,0.7321,0.9466,674.4368,346.3538,603.8072,348.408,720.5496,511.6038,661.2557,544.3229,70.6594,67.7223,0.9584,0,0,0,0
1199,3,0,0,1,1,1,0.9861,0.9812,0.9109,0.8714,1134.5337,343.8097,959.1426,347.0137,1009.9216,466.2844,1132.2751,464.4893,175.4204,122.3667,0.6976,1,0,0,0
1199,3,0,1,1,1,1,0.9637,0.9932,0.7167,0.9409,673.7832,346.6852,606.0507,348.3966,715.5313,520.9867,645.4764,548.9292,67.754,75.4219,1.1132,0,0,0,0
1199,3,0,2,1,1,1,0.9038,0.9763,0.5956,0.8934,281.4986,282.9075,259.4598,273.116,388.9264,211.9691,380.2288,211.8606,24.1159,8.6982,0.3607,0,0,0,0
1200,3,0,0,1,1,1,0.9861,0.9811,0.9116,0.8708,1134.5966,343.8611,959.2022,347.036,1010.121,466.4248,1132.0726,464.6374,175.4231,121.9648,0.6953,1,0,0,0
1200,3,0,1,1,1,1,0.9636,0.9931,0.7163,0.9409,673.7576,346.6687,606.0453,348.3892,715.4663,521.0552,645.4162,548.8448,67.7341,75.3609,1.1126,0,0,0,0
1200,3,0,2,1,1,1,0.9033,0.9765,0.5934,0.8936,281.1896,283.0782,259.7366,273.2921,388.7032,211.8506,380.3269,211.115,23.5796,8.4085,0.3566,0,0,0,0
1201,3,0,0,1,1,1,0.987,0.985,0.8717,0.8818,1129.1846,341.6154,960.6819,345.5107,1145.0375,533.7505,1083.3666,506.3944,168.5477,67.466,0.4003,0,0,0,0
1201,3,0,1,1,1,1,0.9586,0.9925,0.6703,0.9318,675.8458,346.8156,607.116,348.0042,712.281,537.8378,636.1822,554.5169,68.7401,77.9052,1.1333,0,0,0,0
1201,3,0,2,1,1,1,0.8891,0.9792,0.5353,0.8979,260.6365,280.1366,275.8358,269.4354,353.1622,199.4391,344.96,183.6092,18.5886,17.8287,0.9591,0,0,0,0
1202,3,0,0,1,1,1,0.986,0.9826,0.8878,0.8691,1129.986,344.1246,961.7319,349.4522,1146.1373,581.177,1055.2732,538.2242,168.3384,100.5049,0.597,0,0,0,0
1202,3,0,2,1,1,1,0.8823,0.9796,0.5394,0.9071,260.4384,278.2691,270.8097,268.6452,337.3154,196.6025,329.7544,179.724,14.1486,18.4947,1.3072,0,0,0,0
1202,3,0,1,1,1,1,0.9573,0.9924,0.654,0.9289,678.463,346.8613,607.081,346.3816,710.0264,544.5388,627.5757,553.1403,71.3837,82.8982,1.1613,0,0,0,0
1203,3,0,0,1,1,1,0.986,0.9826,0.8878,0.8691,1129.986,344.1233,961.7433,349.4503,1146.1354,581.1379,1055.278,538.2125,168.3269,100.4871,0.597,0,0,0,0
1203,3,0,2,1,1,1,0.8826,0.9796,0.5394,0.9072,260.329,278.2677,270.8578,268.6333,337.3082,196.6102,329.761,179.7246,14.2716,18.4955,1.296,0,0,0,0
1203,3,0,1,1,1,1,0.9574,0.9924,0.6541,0.9289,678.4615,346.855,607.0819,346.3849,710.025,544.5572,627.5666,553.1687,71.3811,82.9068,1.1615,0,0,0,0
1204,3,0,0,1,1,1,0.9853,0.9838,0.8755,0.8604,1129.167,343.9993,959.5715,352.7799,1160.7015,577.3229,1024.7097,573.1894,169.8227,136.0546,0.8012,0,0,0,0
1204,3,0,2,1,1,1,0.851,0.9704,0.5423,0.9088,259.0633,279.4826,265.8041,270.813,331.4699,187.6733,332.8493,178.4037,10.9818,9.3717,0.8534,0,0,0,0
1204,3,0,1,1,1,1,0.9514,0.9915,0.6151,0.9185,679.675,347.0745,607.8332,345.9995,707.8274,548.6223,621.6344,553.1906,71.8498,86.314,1.2013,0,0,0,0
1205,3,0,0,1,1,1,0.9853,0.9838,0.8756,0.8606,1129.1698,343.9951,959.6018,352.7756,1160.6536,577.3289,1024.6346,573.233,169.7952,136.0806,0.8014,0,0,0,0
1205,3,0,2,1,1,1,0.8505,0.9704,0.5425,0.9089,259.4741,279.3908,265.5806,270.8098,331.6108,187.692,332.9516,178.3488,10.532,9.4388,0.8962,0,0,0,0
1205,3,0,1,1,1,1,0.9515,0.9915,0.6155,0.9187,679.6717,347.0302,607.8089,346.0087,707.833,548.5806,621.6492,553.2351,71.8701,86.3095,1.2009,0,0,0,0
1206,3,0,0,1,1,1,0.9855,0.9854,0.8651,0.8565,1128.7871,343.095,959.02,351.7072,1163.3063,593.452,990.974,598.0428,169.9854,172.3934,1.0142,0,0,0,0
1206,3,0,2,1,1,1,0.8548,0.9586,0.617,0.9108,249.7996,285.4027,263.0958,276.011,336.7199,188.5858,330.9151,180.8974,16.2786,9.6336,0.5918,0,0,0,0
1206,3,0,1,1,1,1,0.9497,0.9912,0.6149,0.9183,680.5636,346.9156,607.7138,345.8896,708.1624,547.4037,621.5816,552.5323,72.8571,86.7325,1.1904,0,0,0,0
1207,3,0,0,1,1,1,0.9855,0.9854,0.8651,0.8566,1128.8232,343.1217,959.0376,351.7101,1163.2988,593.4854,991.0055,598.0362,170.0027,172.3534,1.0138,0,0,0,0
1207,3,0,2,1,1,1,0.8549,0.9586,0.617,0.9108,249.8103,285.3908,263.0985,276.0139,336.7176,188.6036,330.9058,180.9085,16.2635,9.6432,0.5929,0,0,0,0
1207,3,0,1,1,1,1,0.9497,0.9912,0.6149,0.9184,680.5628,346.9313,607.7089,345.9061,708.1576,547.3828,621.582,552.5711,72.8612,86.7309,1.1904,0,0,0,0
1208,3,0,0,1,1,1,0.9869,0.9863,0.8613,0.8446,1128.8688,345.306,959.3668,352.9746,1162.9894,606.8028,968.041,617.7734,169.6753,195.2568,1.1508,0,0,0,0
1208,3,0,2,1,1,1,0.9105,0.9779,0.6566,0.9141,273.9062,283.2159,257.0932,279.1134,335.9206,190.7565,332.1414,181.1457,17.3063,10.3271,0.5967,0,0,0,0
1208,3,0,1,1,1,1,0.9478,0.991,0.6105,0.918,680.4973,347.4068,607.531,346.8396,708.1322,547.5246,623.4508,553.8978,72.9685,84.9208,1.1638,0,0,0,0
1209,3,0,0,1,1,1,0.9871,0.9868,0.8551,0.8407,1129.4169,346.1326,958.3283,354.1242,1162.041,612.8702,953.9565,621.1016,171.2751,208.2473,1.2159,0,0,0,0
1209,3,0,2,1,1,1,0.9272,0.9801,0.6691,0.9093,264.1443,292.2679,255.0286,289.3286,363.7816,216.3283,357.9321,212.4689,9.5779,7.008,0.7317,0,0,0,0
1209,3,0,1,1,1,1,0.9522,0.9917,0.6489,0.9273,680.571,346.632,607.2077,347.8124,710.043,537.7056,626.7516,553.9542,73.3728,84.8615,1.1566,0,0,0,0
1210,3,0,0,1,1,1,0.9871,0.9868,0.855,0.8408,1129.427,346.131,958.3143,354.1235,1162.0333,612.8725,953.956,621.105,171.2992,208.2401,1.2157,0,0,0,0
1210,3,0,2,1,1,1,0.9272,0.9801,0.6692,0.9092,264.1317,292.2682,255.0453,289.3204,363.8061,216.3052,357.9358,212.4573,9.5526,7.019,0.7348,0,0,0,0
1210,3,0,1,1,1,1,0.9522,0.9917,0.6486,0.9272,680.5992,346.6222,607.268,347.7767,710.0601,537.7162,626.7218,553.9734,73.3403,84.9092,1.1577,0,0,0,0
1211,3,0,0,1,1,1,0.9864,0.9876,0.8438,0.8472,1130.0723,348.4355,957.0437,355.5254,1164.2147,621.0586,944.3591,619.6752,173.1738,219.86,1.2696,0,0,0,0
1211,3,0,1,1,1,1,0.954,0.992,0.6685,0.9317,679.4368,345.7873,607.0081,348.1145,711.5414,531.4424,629.7194,553.9394,72.466,84.8585,1.171,0,0,0,0
1211,3,0,2,1,1,1,0.8633,0.9633,0.548,0.8859,267.4286,292.6257,228.7446,291.135,362.2972,308.2086,391.0141,274.0491,38.7128,44.6265,1.1528,0,0,0,0
1212,3,0,0,1,1,1,0.9864,0.9876,0.8437,0.8472,1130.0477,348.4424,957.0176,355.5318,1164.2167,621.0539,944.3422,619.672,173.1753,219.8789,1.2697,0,0,0,0
1212,3,0,1,1,1,1,0.954,0.992,0.6686,0.9317,679.435,345.8024,607.0018,348.1332,711.5304,531.4279,629.7258,553.9372,72.4706,84.845,1.1708,0,0,0,0
1212,3,0,2,1,1,1,0.8634,0.9633,0.5483,0.8861,267.446,292.5988,228.7463,291.1215,362.4098,308.1474,391.0744,274.0406,38.7278,44.5525,1.1504,0,0,0,0
1213,3,0,0,1,1,1,0.9864,0.9876,0.8465,0.8479,1129.7708,347.7428,956.7585,355.3185,1169.4974,613.3656,940.1203,619.384,173.178,229.4561,1.325,0,0,0,0
1213,3,0,1,1,1,1,0.9536,0.9918,0.6727,0.932,679.0602,346.5485,606.1671,348.1852,711.3808,529.545,632.528,553.3212,72.9114,82.3594,1.1296,0,0,0,0
1213,3,0,2,1,1,1,0.8779,0.964,0.5518,0.8748,279.4833,288.4192,221.0036,286.0356,373.0026,354.4993,392.7587,323.0524,58.5282,37.1377,0.6345,0,0,0,0
1214,3,0,0,1,1,1,0.9864,0.9876,0.8464,0.8479,1129.8145,347.698,956.784,355.3064,1169.4929,613.406,940.1766,619.3631,173.1977,229.3936,1.3245,0,0,0,0
1214,3,0,1,1,1,1,0.9535,0.9918,0.6722,0.9319,679.0208,346.605,606.1634,348.1169,711.3687,529.4312,632.3571,553.0546,72.8732,82.4676,1.1317,0,0,0,0
1214,3,0,2,1,1,1,0.8777,0.9639,0.5508,0.8742,279.7646,288.2623,220.9439,285.8838,372.9212,354.811,392.5542,323.1822,58.8687,37.2268,0.6324,0,0,0,0
1215,3,0,0,1,1,1,0.9866,0.987,0.8526,0.8465,1130.0541,347.4366,957.5055,354.8266,1172.143,613.4546,938.5268,618.9417,172.7068,233.6806,1.353,0,0,0,0
1215,3,0,1,1,1,1,0.9547,0.9922,0.6744,0.9329,677.4028,345.4068,606.7536,348.5542,710.6396,524.4994,635.9156,554.4464,70.7193,80.5016,1.1383,0,0,0,0
1215,3,0,2,1,1,1,0.9368,0.9923,0.6563,0.9511,297.5642,284.3268,213.7409,288.8261,352.646,496.7992,370.1647,466.6254,83.9439,34.8906,0.4156,0,0,0,0
1216,3,0,0,1,1,1,0.9871,0.9869,0.8553,0.8433,1129.8811,346.7434,957.34,354.4639,1174.3838,616.3046,938.7308,620.5926,172.7138,235.692,1.3646,0,0,0,0
1216,3,0,1,1,1,1,0.9561,0.9924,0.6778,0.9341,677.8262,346.1136,606.3772,349.2144,710.589,524.4484,637.877,555.2444,71.5163,78.9647,1.1041,0,0,0,0
1216,3,0,2,1,1,1,0.9475,0.9903,0.6927,0.939,306.2884,282.7552,205.1456,291.6632,363.7832,494.1267,363.0916,489.8304,101.5344,4.3516,0.0429,0,0,0,0
1217,3,0,0,1,1,1,0.9872,0.9869,0.8553,0.8432,1129.8301,346.7291,957.302,354.4518,1174.4297,616.299,938.6808,620.6214,172.7008,235.7885,1.3653,0,0,0,0
1217,3,0,1,1,1,1,0.9562,0.9924,0.6779,0.9341,677.8656,346.0975,606.3883,349.2156,710.6747,524.3982,637.8502,555.1968,71.5453,79.0693,1.1052,0,0,0,0
1217,3,0,2,1,1,1,0.9474,0.9902,0.6923,0.9388,306.2986,282.7028,205.1656,291.6963,363.5458,494.12,363.0693,489.8316,101.5321,4.3147,0.0425,0,0,0,0
1218,3,0,0,1,1,1,0.9868,0.9875,0.8512,0.8501,1129.7109,347.2796,957.4809,355.5405,1172.7526,619.5578,938.5954,621.6028,172.428,234.1661,1.3581,0,0,0,0
1218,3,0,2,1,1,1,0.9745,0.9911,0.7779,0.9171,315.3633,278.8004,200.7454,300.5669,382.029,479.8491,281.0815,561.759,116.6664,129.9986,1.1143,0,0,0,0
1218,3,0,1,1,1,1,0.9571,0.9926,0.688,0.9367,676.6356,344.7229,606.9674,348.4086,709.3688,520.862,638.7044,555.4037,69.7657,78.6549,1.1274,0,0,0,0
1219,3,0,0,1,1,1,0.9867,0.9876,0.8509,0.8502,1129.7211,347.2872,957.4591,355.5439,1172.7853,619.5237,938.6013,621.6044,172.4597,234.1932,1.358,0,0,0,0
1219,3,0,2,1,1,1,0.9745,0.9911,0.778,0.9168,315.3807,278.7386,200.6982,300.5834,382.0255,479.681,280.9332,562.0938,116.7445,130.4281,1.1172,0,0,0,0
1219,3,0,1,1,1,1,0.9569,0.9926,0.6877,0.9366,676.6882,344.7536,606.9383,348.4025,709.358,520.883,638.5879,555.3772,69.8453,78.729,1.1272,0,0,0,0
1220,3,0,0,1,1,1,0.9871,0.9875,0.8505,0.8448,1129.8762,347.4159,957.2703,355.862,1171.0266,620.6432,938.2779,623.2,172.8125,232.7628,1.3469,0,0,0,0
1220,3,0,1,1,1,1,0.9548,0.9923,0.6803,0.9345,675.746,344.1931,607.4734,348.6506,707.4742,519.561,640.665,557.0626,68.418,76.6148,1.1198,0,0,0,0
1220,3,0,2,1,1,1,0.9803,0.9957,0.7971,0.9362,329.8596,277.5525,195.3294,298.7984,387.5914,499.5941,156.0871,591.4901,136.1975,249.0765,1.8288,0,0,0,0
1221,3,0,0,1,1,1,0.9871,0.9875,0.8506,0.8444,1129.8545,347.4255,957.2676,355.8766,1171.0098,620.6884,938.2903,623.2602,172.7936,232.7336,1.3469,0,0,0,0
1221,3,0,1,1,1,1,0.9548,0.9923,0.6805,0.9346,675.7588,344.2006,607.4678,348.6526,707.4808,519.4974,640.633,557.0488,68.436,76.673,1.1204,0,0,0,0
1221,3,0,2,1,1,1,0.9802,0.9957,0.797,0.9362,329.8929,277.5467,195.316,298.7789,387.5885,499.5796,155.9874,591.4854,136.2415,249.1702,1.8289,0,0,0,0
1222,3,0,0,1,1,1,0.987,0.9877,0.8462,0.8434,1129.4056,347.4711,957.0745,355.7301,1165.9888,620.676,937.3602,623.6946,172.5289,228.6485,1.3253,0,0,0,0
1222,3,0,2,1,1,1,0.9817,0.9956,0.7956,0.9308,335.793,279.4426,187.4586,294.4662,396.9106,506.731,90.0656,570.6712,149.0932,313.4361,2.1023,0,0,0,0
1222,3,0,1,1,1,1,0.956,0.9925,0.6811,0.9347,676.2236,344.5834,606.1615,349.6069,707.5856,522.328,641.1891,557.2069,70.242,75.0002,1.0677,0,0,0,0
1223,3,0,0,1,1,1,0.987,0.9877,0.8461,0.8436,1129.378,347.4826,957.0634,355.7372,1165.9712,620.6894,937.3335,623.7429,172.5123,228.6581,1.3255,0,0,0,0
1223,3,0,2,1,1,1,0.9819,0.9956,0.7967,0.9299,335.7783,279.344,187.3548,294.6319,396.8544,506.5732,89.8096,570.7268,149.2088,313.6752,2.1023,0,0,0,0
1223,3,0,1,1,1,1,0.956,0.9925,0.6809,0.9347,676.2008,344.6062,606.2025,349.6252,707.5722,522.3019,641.1918,557.2242,70.1781,75.0061,1.0688,0,0,0,0
1224,3,0,0,1,1,1,0.9871,0.9866,0.8543,0.8389,1129.9525,347.4444,957.0885,355.9789,1159.8419,618.1783,935.2723,624.6782,173.0746,224.6636,1.2981,0,0,0,0
1224,3,0,2,1,1,1,0.9833,0.9963,0.8207,0.9522,342.671,281.7436,185.7927,287.181,406.3299,514.1415,36.5775,474.859,156.9725,371.8333,2.3688,0,0,0,0
1224,3,0,1,1,1,1,0.956,0.9927,0.6814,0.9367,675.8268,344.5311,605.2518,349.5474,707.5167,522.304,641.1961,555.6094,70.7531,74.2137,1.0489,0,0,0,0
1225,3,0,2,1,1,1,0.9833,0.9963,0.8197,0.9523,342.6048,281.7641,185.7759,287.2301,406.4389,514.169,36.053,475.5449,156.9242,372.3944,2.3731,0,0,0,0
1225,3,0,0,1,1,1,0.9871,0.9866,0.8544,0.8387,1129.9677,347.4389,957.0865,355.9565,1159.8566,618.1822,935.2537,624.6456,173.0908,224.6959,1.2981,0,0,0,0
1225,3,0,1,1,1,1,0.956,0.9927,0.6813,0.9367,675.8332,344.5204,605.262,349.552,707.55,522.2106,641.182,555.6488,70.7503,74.3158,1.0504,0,0,0,0
1226,3,0,2,1,0,1,0.9854,0.9961,0.8361,0.9492,345.1408,280.593,185.0609,281.3094,409.4062,517.3623,17.6391,454.9146,160.0815,396.7129,2.4782,0,0,0,0
1226,3,0,0,1,1,1,0.9877,0.9857,0.8635,0.8332,1129.425,347.5998,957.8054,356.061,1151.3798,616.117,934.3569,624.4137,171.8281,217.1814,1.2639,0,0,0,0
1226,3,0,1,1,1,1,0.9563,0.9928,0.6724,0.9355,675.3059,344.4424,605.7809,349.763,707.2486,523.4952,642.0666,554.8086,69.7283,72.3132,1.0371,0,0,0,0
1227,3,0,2,1,0,1,0.9875,0.9957,0.8523,0.9433,348.195,282.1965,189.2647,275.995,412.4591,525.2204,18.436,432.2567,159.0513,404.8413,2.5454,0,0,0,0
1227,3,0,0,1,1,1,0.9883,0.9851,0.8701,0.8271,1129.1039,347.7062,957.8387,357.1167,1149.3102,615.9316,932.7882,625.3126,171.5235,216.7251,1.2635,0,0,0,0
1227,3,0,1,1,1,1,0.9558,0.9927,0.664,0.9334,674.2519,343.7987,607.3409,348.5875,707.057,525.7618,642.8026,553.1628,67.0822,69.8531,1.0413,0,0,0,0
1228,3,0,2,1,0,1,0.9875,0.9957,0.8527,0.9432,348.2362,282.212,189.3248,276.0557,412.4392,525.2316,18.4887,432.2958,159.0305,404.7642,2.5452,0,0,0,0
1228,3,0,0,1,1,1,0.9883,0.9851,0.8701,0.8273,1129.1031,347.6865,957.8542,357.0484,1149.2748,615.9172,932.8384,625.4732,171.5047,216.6473,1.2632,0,0,0,0
1228,3,0,1,1,1,1,0.9559,0.9927,0.6644,0.9333,674.4114,344.0302,607.1997,348.8439,707.0699,525.4818,642.841,553.1773,67.3838,69.9455,1.038,0,0,0,0
1229,3,0,2,1,0,1,0.9881,0.9959,0.8551,0.9435,348.3617,281.0,191.4116,274.328,410.3368,528.2376,9.3775,425.5462,157.0918,413.9008,2.6348,0,0,0,0
1229,3,0,0,1,1,1,0.9881,0.9854,0.8702,0.8334,1128.7628,347.4885,957.684,356.9984,1144.9784,615.8794,929.9574,625.0064,171.3429,215.2146,1.256,0,0,0,0
1229,3,0,1,1,1,1,0.9566,0.9929,0.6724,0.9358,673.7238,344.1046,606.6612,349.2925,706.6009,523.2806,644.7468,554.2578,67.2629,69.1775,1.0285,0,0,0,0
1230,3,0,2,1,0,1,0.9881,0.9959,0.8552,0.9435,348.3276,281.0169,191.4011,274.2997,410.3197,528.1941,9.4378,425.5036,157.0702,413.8256,2.6347,0,0,0,0
1230,3,0,0,1,1,1,0.9881,0.9855,0.87,0.8337,1128.6396,347.503,957.66,356.9997,1144.992,615.7796,929.9592,624.966,171.2432,215.2289,1.2569,0,0,0,0
1230,3,0,1,1,1,1,0.9565,0.9929,0.6725,0.9359,673.8442,344.2123,606.5762,349.4192,706.6646,523.3968,644.7482,554.2506,67.4692,69.178,1.0253,0,0,0,0
1231,3,0,2,1,0,1,0.9871,0.9961,0.8397,0.9443,345.7778,279.9472,192.39,273.5469,404.8852,533.0215,22.2103,429.5716,153.5212,396.4114,2.5821,0,0,0,0
1231,3,0,0,1,1,1,0.9881,0.985,0.873,0.8326,1129.2056,347.5238,957.9054,357.5342,1143.4147,616.0272,927.9952,625.2602,171.5924,215.6172,1.2566,0,0,0,0
1231,3,0,1,1,1,1,0.9546,0.9927,0.667,0.9354,673.0562,343.936,607.4176,348.9169,706.0806,522.7218,645.083,553.5951,65.8274,68.3657,1.0386,0,0,0,0
1232,3,0,2,1,0,1,0.9871,0.9961,0.8397,0.9443,345.7816,279.9499,192.3903,273.5496,404.8902,533.02,22.2028,429.573,153.5247,396.4227,2.5821,0,0,0,0
1232,3,0,0,1,1,1,0.9881,0.985,0.873,0.8326,1129.2035,347.5257,957.9169,357.541,1143.4141,616.0286,927.9832,625.2712,171.5791,215.6291,1.2567,0,0,0,0
1232,3,0,1,1,1,1,0.9546,0.9927,0.6669,0.9354,673.0384,343.9351,607.4131,348.9186,706.0753,522.7016,645.0895,553.5844,65.8143,68.3595,1.0387,0,0,0,0
1233,3,0,2,1,1,1,0.987,0.9954,0.8444,0.9352,343.6676,280.6615,193.6747,278.1796,390.5534,534.8548,37.7195,441.7268,150.0134,364.9171,2.4326,0,0,0,0
1233,3,0,0,1,1,1,0.9885,0.9852,0.8716,0.8281,1129.2023,347.9917,957.5951,357.8346,1142.9297,618.7024,926.4275,625.6801,171.8892,216.6146,1.2602,0,0,0,0
1233,3,0,1,1,1,1,0.9543,0.9926,0.6648,0.9344,673.0954,343.6595,607.7572,348.3123,706.194,523.5512,645.2278,552.4445,65.5037,67.4663,1.03,0,0,0,0
1234,3,0,2,1,1,1,0.987,0.9954,0.8444,0.9354,343.6694,280.6136,193.6777,278.135,390.3974,534.7822,38.0559,441.6191,150.0121,364.4502,2.4295,0,0,0,0
1234,3,0,0,1,1,1,0.9885,0.9852,0.8717,0.828,1129.1989,347.9996,957.6074,357.8374,1142.918,618.7126,926.4342,625.6868,171.8732,216.5961,1.2602,0,0,0,0
1234,3,0,1,1,1,1,0.9541,0.9925,0.6646,0.9343,673.102,343.6586,607.7704,348.2688,706.182,523.529,645.1712,552.4472,65.494,67.5174,1.0309,0,0,0,0
1235,3,0,0,1,1,1,0.9885,0.9854,0.8712,0.8299,1129.0985,347.9754,957.3801,357.105,1145.5634,622.0664,925.4387,625.0168,171.9609,220.1445,1.2802,0,0,0,0
1235,3,0,2,1,1,1,0.986,0.9946,0.8548,0.9405,340.0176,282.6092,193.6602,279.759,370.3743,537.7028,98.9701,450.4708,146.3852,285.0783,1.9475,0,0,0,0
1235,3,0,1,1,1,1,0.9543,0.9927,0.6638,0.9349,672.4515,343.0409,608.6284,347.9336,705.8358,521.8177,645.6618,552.726,64.0104,67.648,1.0568,0,0,0,0
1236,3,0,0,1,1,1,0.9885,0.9853,0.8712,0.8298,1129.1107,348.0032,957.3801,357.1734,1145.5471,622.1067,925.4361,625.0504,171.9753,220.1307,1.28,0,0,0,0
1236,3,0,2,1,1,1,0.986,0.9946,0.855,0.9404,340.0214,282.6386,193.6827,279.6653,370.2768,537.8116,99.4455,450.0586,146.369,284.6932,1.945,0,0,0,0
1236,3,0,1,1,1,1,0.9544,0.9927,0.6648,0.9351,672.5349,343.0825,608.5932,348.0255,705.8626,521.5336,645.69,552.7407,64.1325,67.7837,1.0569,0,0,0,0
1237,3,0,0,1,1,1,0.9883,0.9856,0.8678,0.8307,1129.1661,347.9755,956.39,357.4014,1149.9729,619.6509,924.7698,625.0772,173.0331,225.2684,1.3019,0,0,0,0
1237,3,0,2,1,1,1,0.992,0.9885,0.9181,0.8805,336.6776,285.4771,186.9181,280.0017,350.1491,536.499,132.363,526.273,149.8596,218.0261,1.4549,0,0,0,0
1237,3,0,1,1,1,1,0.9535,0.9927,0.6666,0.9369,673.0484,343.3765,607.9573,348.2952,705.8656,522.0021,646.1012,550.9996,65.2766,66.4278,1.0176,0,0,0,0
1238,3,0,0,1,1,1,0.988,0.9863,0.8622,0.8342,1128.7631,347.5759,956.0361,357.2766,1154.9944,617.7737,923.8163,624.6806,172.9992,231.2813,1.3369,0,0,0,0
1238,3,0,2,1,1,1,0.9935,0.9745,0.9369,0.7877,332.9543,287.7559,180.7662,274.5571,317.6316,532.8102,170.1506,517.6968,152.7593,148.2534,0.9705,0,0,0,0
1238,3,0,1,1,1,1,0.9547,0.9928,0.6673,0.9365,673.6922,343.614,607.505,348.1262,706.7804,522.593,646.7952,551.2102,66.3408,66.4618,1.0018,0,0,0,0
1239,3,0,0,1,1,1,0.988,0.9863,0.8623,0.8342,1128.7681,347.5803,956.015,357.2806,1154.9774,617.7864,923.8143,624.6656,173.0252,231.2655,1.3366,0,0,0,0
1239,3,0,2,1,1,1,0.9935,0.9746,0.9369,0.7881,332.9469,287.7485,180.8023,274.5733,317.633,532.8124,170.1369,517.7034,152.714,148.2679,0.9709,0,0,0,0
1239,3,0,1,1,1,1,0.9547,0.9928,0.6673,0.9365,673.6716,343.6082,607.5192,348.1351,706.7734,522.5526,646.8037,551.2618,66.3071,66.4874,1.0027,0,0,0,0
1240,3,0,0,1,1,1,0.988,0.9861,0.8631,0.8339,1128.8181,347.3598,955.944,357.1592,1158.3759,620.0224,923.5903,625.1868,173.1516,234.8423,1.3563,0,0,0,0
1240,3,0,2,1,1,1,0.9938,0.973,0.9358,0.7678,329.18,287.7714,178.148,275.4109,291.5052,538.8768,168.651,518.5208,151.537,124.5292,0.8218,0,0,0,0
1240,3,0,1,1,1,1,0.9576,0.9931,0.6752,0.9366,673.9178,344.1058,606.284,348.5173,707.6824,519.9598,647.0362,551.959,67.7774,68.5705,1.0117,0,0,0,0
1241,3,0,0,1,1,1,0.988,0.9861,0.863,0.8339,1128.8221,347.3733,955.9446,357.1742,1158.3953,620.02,923.5917,625.1758,173.1552,234.8602,1.3564,0,0,0,0
1241,3,0,2,1,1,1,0.9938,0.973,0.9357,0.7681,329.1536,287.7722,178.1509,275.4076,291.505,538.8634,168.723,518.8115,151.5081,124.4086,0.8211,0,0,0,0
1241,3,0,1,1,1,1,0.9576,0.9931,0.6752,0.9366,673.913,344.1156,606.2852,348.501,707.6688,519.9494,647.034,551.944,67.7698,68.5582,1.0116,0,0,0,0
1242,3,0,0,1,1,1,0.9878,0.9866,0.8584,0.8371,1128.656,347.7692,955.8334,356.7711,1161.3419,621.8254,923.3562,624.7881,173.0569,238.0042,1.3753,0,0,0,0
1242,3,0,2,1,1,1,0.993,0.9855,0.9042,0.8319,325.543,287.3591,181.3363,272.4475,269.6331,536.0856,156.7506,504.3202,144.9756,117.2668,0.8089,0,0,0,0
1242,3,0,1,1,1,1,0.9588,0.993,0.6826,0.9366,674.3905,344.7113,606.017,349.1336,707.7242,518.7978,646.4836,551.2605,68.5164,69.3126,1.0116,0,0,0,0
1243,3,0,0,1,1,1,0.9875,0.9867,0.8575,0.8404,1128.8231,347.7124,955.3203,356.6133,1160.7723,622.3065,923.6353,625.3618,173.731,237.1568,1.3651,0,0,0,0
1243,3,0,2,1,1,1,0.9905,0.9879,0.918,0.8818,323.9794,287.682,181.9463,274.4147,258.8448,536.9449,144.9753,506.0605,142.6515,117.9836,0.8271,0,0,0,0
1243,3,0,1,1,1,1,0.9594,0.9931,0.6952,0.9393,673.7024,344.8072,605.5807,348.9068,707.7544,515.9858,646.1902,551.0996,68.2449,70.8741,1.0385,0,0,0,0
1244,3,0,0,1,1,1,0.9875,0.9868,0.8571,0.8407,1128.8226,347.7289,955.3196,356.6183,1160.7391,622.3258,923.6262,625.342,173.7306,237.1321,1.3649,0,0,0,0
1244,3,0,2,1,1,1,0.9905,0.9879,0.9179,0.8816,323.9824,287.69,181.977,274.4263,258.8056,536.9372,144.9506,506.071,142.6235,117.9647,0.8271,0,0,0,0
1244,3,0,1,1,1,1,0.9593,0.9931,0.6949,0.9392,673.6995,344.801,605.5918,348.9003,707.7628,515.977,646.1909,551.1118,68.2309,70.8911,1.039,0,0,0,0
1245,3,0,0,1,1,1,0.9876,0.9865,0.8584,0.8379,1129.1808,347.1389,955.0377,356.5212,1159.8602,622.1295,923.5343,625.142,174.3956,236.3451,1.3552,0,0,0,0
1245,3,0,2,1,1,1,0.9886,0.9907,0.9011,0.9033,323.6808,287.5,182.1866,275.9246,253.1642,534.6654,134.5588,514.69,141.9669,120.2757,0.8472,0,0,0,0
1245,3,0,1,1,1,1,0.9591,0.9932,0.6976,0.9408,672.5032,344.4404,606.1746,349.0083,706.9136,516.2848,646.341,551.7776,66.4857,70.2052,1.0559,0,0,0,0
1246,3,0,0,1,1,1,0.9876,0.9865,0.8583,0.8379,1129.1731,347.1422,955.0213,356.5103,1159.8844,622.1122,923.5217,625.1482,174.4036,236.3822,1.3554,0,0,0,0
1246,3,0,2,1,1,1,0.9887,0.9906,0.9012,0.903,323.703,287.5292,182.1545,275.9769,253.1077,534.8286,134.7368,514.8177,142.0191,120.0504,0.8453,0,0,0,0
1246,3,0,1,1,1,1,0.959,0.9932,0.6967,0.9408,672.46,344.4182,606.2024,349.0178,706.977,516.5049,646.2169,551.7528,66.4172,70.2438,1.0576,0,0,0,0
1247,3,0,0,1,1,1,0.9878,0.9862,0.8617,0.8372,1128.6349,347.0674,954.9803,356.4739,1157.7601,619.7567,923.7073,624.6142,173.9092,234.1032,1.3461,0,0,0,0
1247,3,0,2,1,1,1,0.9886,0.991,0.9001,0.905,325.535,288.602,181.8635,275.648,255.6174,529.8414,128.2352,513.163,144.2543,128.4694,0.8906,0,0,0,0
1247,3,0,1,1,1,1,0.9578,0.993,0.6916,0.9401,671.3744,343.7953,606.6504,348.6102,706.3128,515.3499,645.978,551.1924,64.9028,70.1782,1.0813,0,0,0,0
1248,3,0,0,1,1,1,0.9878,0.9862,0.8619,0.8369,1128.6504,347.0468,954.9941,356.4486,1157.7002,619.806,923.7169,624.6058,173.9106,234.0326,1.3457,0,0,0,0
1248,3,0,2,1,1,1,0.9886,0.991,0.9003,0.905,325.518,288.5702,181.8538,275.6176,255.617,529.7934,128.2151,513.1344,144.2469,128.4864,0.8907,0,0,0,0
1248,3,0,1,1,1,1,0.9578,0.9931,0.692,0.9403,671.3688,343.8153,606.6126,348.6395,706.3138,515.3675,645.9485,551.1471,64.9357,70.1723,1.0806,0,0,0,0
1249,3,0,0,1,1,1,0.9877,0.9861,0.8634,0.8376,1128.0459,347.5756,954.8349,356.4939,1155.1814,616.2796,924.0112,624.8284,173.4404,231.3282,1.3338,0,0,0,0
1249,3,0,2,1,1,1,0.9888,0.9915,0.886,0.9124,330.4537,288.4081,177.7332,276.5423,266.827,527.668,117.8489,515.4413,153.1808,149.479,0.9758,0,0,0,0
1249,3,0,1,1,1,1,0.9548,0.9927,0.6783,0.9381,669.4184,343.3292,607.8401,348.3551,704.8896,517.6262,646.8516,551.3444,61.783,67.1217,1.0864,0,0,0,0
1250,3,0,0,1,1,1,0.9883,0.9855,0.869,0.8309,1128.1002,347.2803,955.019,356.1775,1152.0679,617.1483,924.0118,624.8918,173.3097,228.1875,1.3166,0,0,0,0
1250,3,0,2,1,1,1,0.9869,0.993,0.8684,0.9263,332.7594,289.5612,177.1026,276.6799,291.6854,528.4482,115.7326,516.2375,156.1889,176.376,1.1292,0,0,0,0
1250,3,0,1,1,1,1,0.9543,0.9926,0.6791,0.9374,669.7343,344.0056,607.6066,349.1856,704.5508,518.6148,647.2486,552.6012,62.3433,66.623,1.0686,0,0,0,0
1251,3,0,0,1,1,1,0.9883,0.9854,0.8692,0.8308,1128.1064,347.2311,955.0058,356.1092,1152.0253,617.1855,924.046,624.8634,173.3282,228.1086,1.3161,0,0,0,0
1251,3,0,2,1,1,1,0.9868,0.993,0.8682,0.9263,332.7883,289.5754,177.072,276.79,291.6428,528.4182,115.5537,516.553,156.2404,176.4884,1.1296,0,0,0,0
1251,3,0,1,1,1,1,0.9544,0.9926,0.6792,0.9374,669.7198,344.0027,607.591,349.2018,704.5521,518.5482,647.225,552.524,62.346,66.639,1.0689,0,0,0,0
1252,3,0,0,1,1,1,0.9883,0.9854,0.8689,0.8307,1127.7596,347.9215,955.5516,356.331,1150.612,619.3338,923.6799,623.9222,172.4132,226.9786,1.3165,0,0,0,0
1252,3,0,2,1,1,1,0.9859,0.9941,0.8575,0.9338,333.1814,287.4025,174.605,278.1265,318.5027,525.7007,113.6022,527.6618,158.8474,204.9099,1.29,0,0,0,0
1252,3,0,1,1,1,1,0.9532,0.9927,0.6747,0.9382,669.3574,342.785,608.0142,348.623,703.1831,517.034,646.9255,552.2538,61.6204,66.3729,1.0771,0,0,0,0
1253,3,0,0,1,1,1,0.9883,0.9854,0.8688,0.8307,1127.7678,347.9216,955.5499,356.3262,1150.5873,619.3695,923.7017,623.8622,172.4229,226.9301,1.3161,0,0,0,0
1253,3,0,2,1,1,1,0.986,0.9941,0.8581,0.934,333.176,287.3582,174.6402,278.1001,318.5108,525.6441,113.6218,527.1842,158.8059,204.8948,1.2902,0,0,0,0
1253,3,0,1,1,1,1,0.9533,0.9927,0.6747,0.9382,669.3584,342.7528,608.0184,348.6186,703.2046,517.0806,646.9726,552.2704,61.6199,66.3352,1.0765,0,0,0,0
1254,3,0,0,1,1,1,0.9883,0.9855,0.8684,0.8305,1127.2852,347.7436,955.7859,356.1252,1149.1405,617.359,923.4448,623.311,171.704,225.7742,1.3149,0,0,0,0
1254,3,0,2,1,1,1,0.9843,0.9951,0.8293,0.9407,332.0938,288.0732,175.2184,277.5721,353.8718,545.07,112.3866,531.594,157.2264,241.861,1.5383,0,0,0,0
1254,3,0,1,1,1,1,0.9536,0.9926,0.667,0.9354,669.1761,342.882,608.2788,348.1598,702.3081,516.7216,646.3869,552.9738,61.1255,66.6439,1.0903,0,0,0,0
1255,3,0,0,1,1,1,0.9883,0.9855,0.8683,0.8306,1127.2694,347.7421,955.7756,356.1249,1149.1677,617.3378,923.4322,623.3175,171.6985,225.8147,1.3152,0,0,0,0
1255,3,0,2,1,1,1,0.9843,0.9951,0.8295,0.9407,332.1023,288.0726,175.2334,277.5615,353.8396,544.9572,112.4183,531.5354,157.2206,241.7942,1.5379,0,0,0,0
1255,3,0,1,1,1,1,0.9536,0.9926,0.6669,0.9355,669.2002,342.8914,608.2742,348.157,702.2781,516.956,646.381,552.982,61.1531,66.5008,1.0874,0,0,0,0
1256,3,0,0,1,1,1,0.9883,0.9854,0.8692,0.8316,1128.0735,347.6337,955.6183,356.1467,1147.2664,619.4362,923.16,622.497,172.6652,224.1273,1.298,0,0,0,0
1256,3,0,2,1,1,1,0.9836,0.9956,0.8112,0.9435,333.4206,288.3248,175.4753,275.9638,382.22,554.4296,113.6664,536.2746,158.4282,269.1666,1.699,0,0,0,0
1256,3,0,1,1,1,1,0.9502,0.9921,0.6476,0.9309,666.9348,341.9598,610.0841,348.0405,701.2312,517.4682,647.1936,553.0938,57.1749,64.7244,1.132,0,0,0,0
1257,3,0,0,1,1,1,0.9883,0.9854,0.8693,0.8318,1128.0857,347.6041,955.6395,356.1374,1147.2675,619.414,923.175,622.4932,172.6572,224.1136,1.298,0,0,0,0
1257,3,0,2,1,1,1,0.9836,0.9956,0.8111,0.9435,333.4297,288.366,175.4493,275.9934,382.232,554.4962,113.6114,536.4589,158.4641,269.2255,1.699,0,0,0,0
1257,3,0,1,1,1,1,0.9502,0.9921,0.6475,0.9309,666.8997,341.9586,610.1242,348.0336,701.2218,517.4876,647.224,553.0806,57.0997,64.6732,1.1326,0,0,0,0
1258,3,0,0,1,1,1,0.9884,0.9852,0.8715,0.8311,1127.7927,347.5033,956.3525,356.0897,1149.0962,619.1322,923.0253,622.4242,171.6551,226.0948,1.3171,0,0,0,0
1258,3,0,2,1,1,1,0.9815,0.9958,0.8106,0.9508,331.6434,285.693,177.0468,272.9728,409.7314,524.1923,114.4944,523.554,155.119,295.2376,1.9033,0,0,0,0
1258,3,0,1,1,1,1,0.9523,0.9926,0.6638,0.9363,666.8772,341.6005,611.0544,347.2151,701.0868,516.9698,646.8329,553.898,56.1045,65.6291,1.1698,0,0,0,0
1259,3,0,0,1,1,1,0.9884,0.9852,0.8716,0.831,1127.7839,347.4883,956.3458,356.0767,1149.0731,619.1375,923.0244,622.4215,171.6531,226.0726,1.317,0,0,0,0
1259,3,0,2,1,1,1,0.9815,0.9958,0.8106,0.9508,331.6479,285.6954,177.0483,272.9838,409.7355,524.1916,114.4901,523.5908,155.1214,295.246,1.9033,0,0,0,0
1259,3,0,1,1,1,1,0.9522,0.9926,0.6637,0.9363,666.8628,341.5938,611.0485,347.2108,701.0733,516.9474,646.863,553.8966,56.0962,65.6049,1.1695,0,0,0,0
1260,3,0,2,1,1,1,0.9808,0.9958,0.8103,0.9528,333.2701,286.1562,180.0868,270.2001,429.417,514.9356,116.256,513.99,154.0121,313.1625,2.0334,0,0,0,0
1260,3,0,0,1,1,1,0.9883,0.9855,0.8688,0.8327,1127.9332,347.3758,956.0707,356.0224,1151.2186,618.0937,922.4529,622.3996,172.0799,228.8062,1.3297,0,0,0,0
1260,3,0,1,1,1,1,0.9507,0.9924,0.6583,0.9351,667.9085,342.1922,610.9412,348.0106,701.3492,519.3068,647.069,553.9852,57.2637,64.4122,1.1248,0,0,0,0
1261,3,0,2,1,1,1,0.9808,0.9958,0.8104,0.9528,333.3003,286.1436,180.1014,270.2133,429.4204,514.9416,116.2834,513.8832,154.0249,313.1387,2.033,0,0,0,0
1261,3,0,0,1,1,1,0.9883,0.9855,0.8689,0.8326,1127.8933,347.3596,956.0559,355.989,1151.2211,618.0582,922.4442,622.3736,172.0539,228.8176,1.3299,0,0,0,0
1261,3,0,1,1,1,1,0.9507,0.9924,0.6585,0.9351,667.9146,342.1539,610.9558,348.0153,701.3456,519.2498,647.0872,554.0408,57.2596,64.4545,1.1257,0,0,0,0
1262,3,0,2,1,1,1,0.9824,0.996,0.8168,0.9509,334.9565,284.2405,183.9154,269.2837,433.7823,513.0447,115.0223,509.0014,151.7798,318.7857,2.1003,0,0,0,0
1262,3,0,0,1,1,1,0.9886,0.9855,0.87,0.8307,1128.0354,347.3314,955.2785,355.6853,1152.1411,617.5378,922.2478,622.2988,172.9588,229.9426,1.3295,0,0,0,0
1262,3,0,1,1,1,1,0.9519,0.9925,0.6643,0.9351,668.3188,341.414,611.5298,347.8093,700.969,517.7722,647.3141,554.7357,57.1479,65.1548,1.1401,0,0,0,0
1263,3,0,2,1,1,1,0.9819,0.9959,0.8188,0.9513,335.341,284.5693,183.666,269.2871,437.4812,510.2636,113.5011,508.4129,152.4428,323.9854,2.1253,0,0,0,0
1263,3,0,0,1,1,1,0.9884,0.9856,0.8683,0.832,1127.4413,347.5215,955.3704,355.921,1151.5878,618.891,922.2437,622.3366,172.2758,229.3699,1.3314,0,0,0,0
1263,3,0,1,1,1,1,0.9516,0.9924,0.6683,0.9361,668.6174,341.396,612.2408,347.4612,700.4647,516.654,646.9626,554.4054,56.702,65.4802,1.1548,0,0,0,0
1264,3,0,2,1,1,1,0.9819,0.9959,0.8187,0.9513,335.3518,284.5812,183.6613,269.2892,437.493,510.299,113.4896,508.4325,152.4593,324.0088,2.1252,0,0,0,0
1264,3,0,0,1,1,1,0.9884,0.9856,0.8682,0.8321,1127.4373,347.5005,955.374,355.9166,1151.5101,618.9132,922.2474,622.327,172.2689,229.2881,1.331,0,0,0,0
1264,3,0,1,1,1,1,0.9516,0.9924,0.6683,0.9362,668.6114,341.3874,612.2284,347.4532,700.4541,516.6643,646.9664,554.3798,56.7083,65.4476,1.1541,0,0,0,0
1265,3,0,2,1,1,1,0.9815,0.9959,0.8164,0.9505,336.2345,285.0245,184.7828,270.2156,437.7094,508.9946,113.5294,511.7538,152.1739,324.1917,2.1304,0,0,0,0
1265,3,0,0,1,1,1,0.9883,0.9859,0.8659,0.8316,1127.5492,347.3142,954.7546,355.9366,1153.1611,617.4156,922.4575,623.272,173.0096,230.778,1.3339,0,0,0,0
1265,3,0,1,1,1,1,0.9516,0.9924,0.6665,0.9352,667.2836,341.8731,613.2196,348.3709,701.1252,516.5134,647.198,555.2898,54.453,66.4211,1.2198,0,0,0,0
1266,3,0,2,1,1,1,0.9816,0.9959,0.8167,0.9504,336.2491,285.0502,184.8067,270.1796,437.7142,508.9732,113.6471,511.6138,152.1707,324.0778,2.1297,0,0,0,0
1266,3,0,0,1,1,1,0.9883,0.9859,0.8658,0.832,1127.6005,347.3736,954.709,356.0548,1153.2169,617.5105,922.3751,623.2488,173.1093,230.9132,1.3339,0,0,0,0
1266,3,0,1,1,1,1,0.9518,0.9924,0.6669,0.9353,667.2395,341.8353,613.2174,348.3624,701.1336,516.4582,647.1394,555.3079,54.4149,66.5182,1.2224,0,0,0,0
1267,3,0,2,1,1,1,0.9811,0.9957,0.8145,0.9487,336.4334,284.8684,184.386,270.8081,434.875,511.5362,115.0218,520.195,152.6961,319.9705,2.0955,0,0,0,0
1267,3,0,0,1,1,1,0.9882,0.9861,0.8642,0.833,1127.6044,347.6371,954.312,356.6021,1153.9263,617.1194,922.6676,623.5705,173.5241,231.3486,1.3332,0,0,0,0
1267,3,0,1,1,1,1,0.9514,0.9924,0.6644,0.9345,668.3844,342.3754,613.7278,347.6524,702.216,516.2382,646.8532,556.0636,54.9107,68.199,1.242,0,0,0,0
1268,3,0,2,1,1,1,0.9811,0.9957,0.8144,0.9487,336.42,284.871,184.3892,270.8087,434.8657,511.5377,115.0385,520.1331,152.6797,319.9428,2.0955,0,0,0,0
1268,3,0,0,1,1,1,0.9882,0.9861,0.8643,0.8329,1127.6013,347.635,954.3052,356.6542,1153.936,617.1502,922.6682,623.6578,173.5307,231.3594,1.3332,0,0,0,0
1268,3,0,1,1,1,1,0.9514,0.9924,0.6643,0.9346,668.365,342.3749,613.7304,347.6478,702.2412,516.2474,646.8731,556.058,54.8884,68.1947,1.2424,0,0,0,0
1269,3,0,0,1,1,1,0.9882,0.9861,0.8648,0.8331,1127.5353,347.3088,954.682,356.7813,1153.4136,617.5207,923.192,624.0575,173.1126,230.3143,1.3304,0,0,0,0
1269,3,0,2,1,1,1,0.9839,0.9956,0.8308,0.9457,336.7612,285.5308,185.4686,270.9502,424.5518,514.089,124.6286,520.3445,151.9936,299.9884,1.9737,0,0,0,0
1269,3,0,1,1,1,1,0.9542,0.9927,0.6742,0.9359,669.2111,341.8519,614.2448,347.5091,703.5974,513.5162,646.243,555.9118,55.2566,71.3226,1.2908,0,0,0,0
1270,3,0,0,1,1,1,0.9883,0.986,0.8651,0.8327,1127.549,347.1727,954.7592,356.636,1153.4766,617.5714,923.2026,624.1514,173.0487,230.368,1.3312,0,0,0,0
1270,3,0,2,1,1,1,0.9837,0.9957,0.8301,0.946,336.7786,285.5381,185.4414,270.9746,424.5028,513.8655,124.3801,520.1438,152.0362,300.1883,1.9745,0,0,0,0
1270,3,0,1,1,1,1,0.9543,0.9927,0.675,0.9362,669.2333,341.7676,614.1994,347.5386,703.5658,513.315,646.305,555.9064,55.3356,71.364,1.2897,0,0,0,0
1271,3,0,0,1,1,1,0.9885,0.9853,0.8702,0.8278,1127.4756,347.4182,955.3789,356.914,1152.8916,617.4619,923.7374,624.2846,172.3585,229.2557,1.3301,0,0,0,0
1271,3,0,2,1,1,1,0.9827,0.9953,0.828,0.9459,334.6674,285.6166,179.8366,273.5563,422.3683,517.2737,122.3928,534.0378,155.2998,300.4436,1.9346,0,0,0,0
1271,3,0,1,1,1,1,0.9553,0.9929,0.6732,0.9351,668.5552,341.9976,614.7916,347.4776,704.7649,513.359,646.5841,555.7436,54.0421,71.9823,1.332,0,0,0,0
1272,3,0,0,1,1,1,0.9882,0.9859,0.8645,0.8311,1127.2096,347.6836,954.8178,357.1406,1152.9042,618.128,923.6398,624.694,172.651,229.3583,1.3285,0,0,0,0
1272,3,0,2,1,1,1,0.9798,0.9956,0.8113,0.951,332.6292,285.1794,179.1992,274.0399,401.4133,512.0572,122.8493,527.7662,153.8339,279.0066,1.8137,0,0,0,0
1272,3,0,1,1,1,1,0.9557,0.993,0.6785,0.9373,667.7152,341.1194,616.1136,347.0034,705.7486,512.1908,646.624,554.9897,51.9361,72.9896,1.4054,0,0,0,0
1273,3,0,0,1,1,1,0.9882,0.9859,0.8646,0.831,1127.2031,347.6908,954.8204,357.1627,1152.9128,618.1068,923.6245,624.7074,172.6427,229.3833,1.3287,0,0,0,0
1273,3,0,2,1,1,1,0.9798,0.9956,0.8114,0.9509,332.6224,285.1763,179.1851,274.0629,401.4072,512.0524,122.9212,527.9303,153.8393,278.9384,1.8132,0,0,0,0
1273,3,0,1,1,1,1,0.9556,0.993,0.6785,0.9372,667.7486,341.1095,616.0866,346.9963,705.76,512.1895,646.591,554.9955,51.9962,73.0295,1.4045,0,0,0,0
1274,3,0,0,1,1,1,0.9886,0.9857,0.8678,0.8287,1127.3683,347.8732,954.4265,357.3524,1152.2134,619.7234,924.0664,625.6771,173.2014,228.2246,1.3177,0,0,0,0
1274,3,0,2,1,1,1,0.9793,0.9954,0.8152,0.9523,331.5149,285.533,177.3295,273.2755,388.5088,513.9432,124.2282,517.2439,154.6719,264.3013,1.7088,0,0,0,0
1274,3,0,1,1,1,1,0.9549,0.9929,0.6795,0.9372,667.0391,341.7298,615.5781,347.6208,706.017,510.8872,647.5179,555.3974,51.7971,73.5071,1.4191,0,0,0,0
1275,3,0,0,1,1,1,0.9886,0.9857,0.868,0.8284,1127.3699,347.8568,954.4677,357.3068,1152.231,619.7132,924.0792,625.6699,173.1603,228.2295,1.318,0,0,0,0
1275,3,0,2,1,1,1,0.9793,0.9954,0.8153,0.9524,331.4986,285.5559,177.3871,273.244,388.5206,513.9806,124.2724,517.309,154.6025,264.2693,1.7093,0,0,0,0
1275,3,0,1,1,1,1,0.9549,0.9929,0.6794,0.9372,667.061,341.7328,615.4955,347.6701,706.047,510.9476,647.5664,555.3651,51.9062,73.4363,1.4148,0,0,0,0
1276,3,0,2,1,1,1,0.9799,0.995,0.8218,0.9492,330.0929,286.6846,176.4967,272.4042,376.5114,517.9785,123.9247,517.1792,154.2586,252.5879,1.6374,0,0,0,0
1276,3,0,0,1,1,1,0.9883,0.9859,0.8654,0.8307,1127.1959,347.4918,954.8416,356.9494,1151.6995,618.6392,923.8983,625.6793,172.6137,227.9099,1.3203,0,0,0,0
1276,3,0,1,1,1,1,0.9575,0.993,0.6919,0.9381,669.8336,342.078,614.4605,348.1995,707.1238,510.526,647.7172,555.727,55.7104,74.6476,1.3399,0,0,0,0
1277,3,0,2,1,1,1,0.9799,0.995,0.822,0.949,330.062,286.5277,176.4817,272.4336,376.4808,517.7917,124.0382,517.2793,154.2257,252.4431,1.6368,0,0,0,0
1277,3,0,0,1,1,1,0.9883,0.9859,0.8655,0.8306,1127.1893,347.472,954.8596,356.911,1151.6925,618.6829,923.9013,625.6864,172.588,227.8988,1.3205,0,0,0,0
1277,3,0,1,1,1,1,0.9575,0.993,0.692,0.938,669.8471,342.0908,614.4759,348.2096,707.114,510.4995,647.7186,555.7586,55.7083,74.6739,1.3404,0,0,0,0
1278,3,0,0,1,1,1,0.9884,0.9856,0.8675,0.8285,1127.4047,347.631,954.8086,356.7161,1151.7239,618.6742,923.9252,625.8036,172.835,227.9102,1.3187,0,0,0,0
1278,3,0,2,1,1,1,0.9783,0.9951,0.8104,0.9515,329.2181,287.6952,175.1168,272.3988,371.186,528.2149,117.1357,520.6976,154.8587,254.1615,1.6412,0,0,0,0
1278,3,0,1,1,1,1,0.9582,0.993,0.7009,0.9397,669.9142,342.5877,614.037,348.4979,707.6645,510.07,647.9298,555.6974,56.189,75.1671,1.3378,0,0,0,0
1279,3,0,2,1,1,1,0.977,0.9953,0.805,0.9547,327.9124,288.9366,173.6566,271.5447,364.755,534.007,111.161,515.257,155.2331,254.2862,1.6381,0,0,0,0
1279,3,0,0,1,1,1,0.9884,0.9857,0.8669,0.8288,1127.1798,347.6189,954.426,356.8868,1151.6362,617.9658,924.2867,625.6285,173.0022,227.4786,1.3149,0,0,0,0
1279,3,0,1,1,1,1,0.9593,0.9931,0.7046,0.9398,670.1054,342.7421,612.7428,348.7389,708.2126,510.3639,648.404,556.3158,57.6751,75.4232,1.3077,0,0,0,0
1280,3,0,2,1,1,1,0.977,0.9952,0.8049,0.9546,327.915,288.9392,173.6533,271.5318,364.7314,534.0086,111.1506,515.2134,155.2408,254.2764,1.6379,0,0,0,0
1280,3,0,0,1,1,1,0.9884,0.9857,0.8669,0.8288,1127.1873,347.5971,954.4377,356.9027,1151.6322,617.9365,924.2797,625.6466,173.0,227.4832,1.3149,0,0,0,0
1280,3,0,1,1,1,1,0.9592,0.9931,0.7046,0.9399,670.1408,342.7377,612.7315,348.7001,708.2069,510.3163,648.3734,556.282,57.7181,75.4512,1.3072,0,0,0,0
1281,3,0,2,1,1,1,0.9772,0.9954,0.8043,0.9553,328.2002,288.7888,175.0891,271.5195,361.6264,533.7268,108.1696,514.7644,154.082,254.1651,1.6495,0,0,0,0
1281,3,0,0,1,1,1,0.9885,0.9855,0.8687,0.8281,1126.8699,347.8486,954.9907,356.8663,1151.9832,617.8856,924.2988,625.2162,172.1156,227.8023,1.3235,0,0,0,0
1281,3,0,1,1,1,1,0.96,0.9932,0.712,0.9412,670.6138,342.7844,612.9231,348.7681,707.4256,507.775,647.9361,556.0052,58.0002,76.5843,1.3204,0,0,0,0
1282,3,0,2,1,1,1,0.9772,0.9954,0.8044,0.9553,328.253,288.7635,175.1447,271.5158,361.6495,533.6636,108.2072,514.6429,154.0767,254.1551,1.6495,0,0,0,0
1282,3,0,0,1,1,1,0.9885,0.9856,0.8685,0.8281,1126.8484,347.8327,954.9921,356.8561,1151.9438,617.8622,924.3408,625.2151,172.093,227.7218,1.3232,0,0,0,0
1282,3,0,1,1,1,1,0.9599,0.9932,0.7122,0.9412,670.6249,342.7842,612.893,348.7809,707.4258,507.7222,647.8776,556.0048,58.0425,76.6629,1.3208,0,0,0,0
1283,3,0,2,1,1,1,0.9766,0.9955,0.7992,0.956,328.4187,288.7254,175.0739,272.0023,360.7528,534.6466,105.0453,517.8754,154.254,256.257,1.6613,0,0,0,0
1283,3,0,0,1,1,1,0.9885,0.9855,0.8686,0.8277,1127.2489,348.1726,955.2017,357.2287,1151.7811,618.4136,924.8499,625.5237,172.2854,227.0426,1.3178,0,0,0,0
1283,3,0,1,1,1,1,0.9617,0.9934,0.7234,0.9433,671.3443,342.5554,612.0102,348.9892,708.84,506.7254,647.7967,555.6514,59.682,78.2307,1.3108,0,0,0,0
1284,3,0,2,1,1,1,0.9766,0.9955,0.7991,0.956,328.4138,288.737,175.0704,271.9992,360.7781,534.6634,105.0242,518.0638,154.2542,256.2921,1.6615,0,0,0,0
1284,3,0,0,1,1,1,0.9885,0.9855,0.8686,0.8277,1127.2507,348.1481,955.2186,357.1982,1151.7892,618.403,924.835,625.5518,172.2701,227.0668,1.3181,0,0,0,0
1284,3,0,1,1,1,1,0.9618,0.9934,0.7235,0.9433,671.3778,342.5922,612.0388,349.0015,708.8409,506.7662,647.8022,555.5598,59.6842,78.1443,1.3093,0,0,0,0
1285,3,0,2,1,1,1,0.9762,0.9955,0.7982,0.956,328.3837,287.6078,175.5257,272.2579,362.1368,530.2204,103.473,519.2192,153.6268,258.8977,1.6852,0,0,0,0
1285,3,0,0,1,1,1,0.9886,0.9853,0.8696,0.8251,1127.5646,347.9219,955.3795,357.2772,1152.242,618.1054,925.2659,625.658,172.4391,227.1017,1.317,0,0,0,0
1285,3,0,1,1,1,1,0.9625,0.9935,0.7237,0.9433,671.4886,342.1618,612.5376,348.7976,710.0958,507.2111,647.7689,556.1385,59.3234,79.2372,1.3357,0,0,0,0
1286,3,0,2,1,1,1,0.9763,0.9955,0.7981,0.9559,328.3895,287.563,175.543,272.3494,362.149,530.2008,103.3016,519.3524,153.6018,259.0747,1.6867,0,0,0,0
1286,3,0,0,1,1,1,0.9886,0.9853,0.8695,0.8254,1127.5784,347.9882,955.3488,357.3258,1152.2264,618.0912,925.3083,625.748,172.4826,227.0472,1.3163,0,0,0,0
1286,3,0,1,1,1,1,0.9626,0.9935,0.7238,0.9433,671.5056,342.1338,612.5986,348.611,710.0771,507.1938,647.6767,556.0428,59.262,79.2467,1.3372,0,0,0,0
1287,3,0,2,1,1,1,0.9743,0.9953,0.7923,0.9557,328.5281,286.9904,176.6429,271.9314,365.4092,529.1452,102.5992,519.3619,152.6298,262.992,1.7231,0,0,0,0
1287,3,0,0,1,1,1,0.9887,0.9851,0.8714,0.8244,1127.3451,347.7673,955.4996,356.9597,1152.7242,618.5898,925.3909,625.7832,172.0911,227.4471,1.3217,0,0,0,0
1287,3,0,1,1,1,1,0.9622,0.9934,0.7243,0.9424,672.5485,342.1032,611.7864,348.8521,709.6394,505.6463,648.3574,557.1534,61.1357,80.0529,1.3094,0,0,0,0
1288,3,0,2,1,1,1,0.9728,0.9953,0.7925,0.9571,329.3539,285.2579,178.1323,271.6004,370.5414,519.8106,102.7191,517.6571,151.8371,267.831,1.7639,0,0,0,0
1288,3,0,0,1,1,1,0.9883,0.9855,0.8686,0.8305,1127.2667,347.7214,955.8527,356.8585,1152.4958,618.0218,925.0999,625.398,171.6574,227.5156,1.3254,0,0,0,0
1288,3,0,1,1,1,1,0.9622,0.9933,0.7225,0.9408,668.5326,341.3126,612.3014,348.9335,708.5088,504.2566,650.1963,557.3637,56.7452,78.8715,1.3899,0,0,0,0
1289,3,0,2,1,1,1,0.9728,0.9953,0.7924,0.9571,329.353,285.2561,178.1283,271.6085,370.5404,519.8266,102.7081,517.662,151.8393,267.841,1.764,0,0,0,0
1289,3,0,0,1,1,1,0.9883,0.9855,0.8687,0.8306,1127.2614,347.719,955.8544,356.858,1152.488,618.0204,925.1215,625.3782,171.6504,227.4856,1.3253,0,0,0,0
1289,3,0,1,1,1,1,0.9622,0.9933,0.7226,0.9408,668.5678,341.3336,612.2887,348.9401,708.533,504.2672,650.184,557.3621,56.7909,78.8902,1.3891,0,0,0,0
1290,3,0,2,1,1,1,0.973,0.9955,0.7958,0.9579,331.2427,284.1906,180.692,271.4986,378.9033,511.8836,103.7947,519.466,151.0847,275.2131,1.8216,0,0,0,0
1290,3,0,0,1,1,1,0.9877,0.9865,0.8607,0.8377,1127.3925,349.1187,954.6404,358.2906,1152.2234,617.674,925.1711,626.7524,172.9953,227.2337,1.3135,0,0,0,0
1290,3,0,1,1,1,1,0.9617,0.9933,0.7218,0.9418,661.566,343.4376,611.8132,352.476,706.5141,502.2607,652.8646,557.8946,50.5671,77.2878,1.5284,0,0,0,0
1291,3,0,2,1,1,1,0.9731,0.9955,0.7958,0.9579,331.2445,284.1824,180.6883,271.4977,378.8995,511.8628,103.7879,519.4352,151.0896,275.2158,1.8215,0,0,0,0
1291,3,0,0,1,1,1,0.9877,0.9865,0.8606,0.8378,1127.4011,349.1243,954.6232,358.3018,1152.2081,617.6771,925.1789,626.7644,173.0215,227.211,1.3132,0,0,0,0
1291,3,0,1,1,1,1,0.9617,0.9933,0.722,0.9419,661.5486,343.4792,611.8284,352.4838,706.5296,502.2689,652.8704,557.8882,50.529,77.284,1.5295,0,0,0,0
1292,3,0,2,1,1,1,0.9718,0.9956,0.7942,0.9606,332.4658,284.3217,182.7752,270.8501,392.1854,511.5561,107.8835,520.2458,150.2956,284.4346,1.8925,0,0,0,0
1292,3,0,0,1,1,1,0.9858,0.9882,0.8418,0.8546,1127.5334,349.2103,953.8888,358.3456,1152.3242,617.5462,925.4059,628.5164,173.8848,227.1834,1.3065,0,0,0,0
1292,3,0,1,1,1,1,0.9557,0.9925,0.7118,0.9407,645.635,343.9318,612.6256,356.356,702.6448,502.5754,663.4905,563.0522,35.2701,72.0452,2.0427,0,0,0,0
1293,3,0,2,1,1,1,0.9718,0.9956,0.7942,0.9606,332.4754,284.3028,182.796,270.8439,392.1949,511.6007,107.9383,519.9782,150.2832,284.38,1.8923,0,0,0,0
1293,3,0,0,1,1,1,0.9858,0.9882,0.8417,0.8547,1127.5378,349.1869,953.8656,358.3082,1152.3292,617.5417,925.3984,628.4914,173.9116,227.1948,1.3064,0,0,0,0
1293,3,0,1,1,1,1,0.9556,0.9925,0.7117,0.9408,645.5852,343.9148,612.6578,356.3992,702.5698,502.5224,663.4837,563.0185,35.2146,72.0243,2.0453,0,0,0,0
1294,3,0,0,1,1,1,0.9841,0.99,0.8162,0.8676,1127.6672,348.716,953.1937,357.4603,1152.122,617.2542,926.1606,628.7618,174.6926,226.2541,1.2952,0,0,0,0
1294,3,0,2,1,1,1,0.9685,0.9953,0.7853,0.9595,332.7395,284.6353,184.1827,268.8002,404.6649,507.6194,111.8657,527.0427,149.3983,293.4427,1.9642,0,0,0,0
1294,3,0,1,1,1,1,0.9452,0.9906,0.6895,0.9347,629.1439,348.6583,615.1404,360.6271,699.9754,504.2646,672.3338,569.6549,18.4215,70.9926,3.8538,0,0,0,0
1295,3,0,0,1,1,1,0.9841,0.99,0.8162,0.8676,1127.6691,348.7194,953.1849,357.4647,1152.1115,617.2548,926.1638,628.7406,174.7032,226.2394,1.295,0,0,0,0
1295,3,0,2,1,1,1,0.9684,0.9953,0.7852,0.9595,332.7538,284.6505,184.1652,268.8048,404.6662,507.591,111.845,527.0343,149.4311,293.4659,1.9639,0,0,0,0
1295,3,0,1,1,1,1,0.9451,0.9906,0.6893,0.9348,629.1516,348.6101,615.1272,360.6269,699.953,504.2534,672.3616,569.6672,18.4686,70.9948,3.8441,0,0,0,0
1296,3,0,0,1,1,1,0.9823,0.9908,0.8005,0.8787,1127.3226,349.2952,952.2072,357.2924,1152.3,616.8805,926.9675,628.1316,175.298,225.6132,1.287,0,0,0,0
1296,3,0,2,1,1,1,0.9673,0.9952,0.7841,0.9606,333.9397,284.1775,185.8039,267.5339,419.7786,508.8526,117.7518,525.3344,149.0679,302.4762,2.0291,0,0,0,0
1296,3,0,1,1,1,1,0.9154,0.9845,0.6589,0.925,614.0833,353.3712,616.857,365.1536,675.9042,548.4162,681.1844,576.4122,12.1044,28.4896,2.3537,0,0,0,0
1297,3,0,0,1,1,1,0.9823,0.9908,0.8002,0.8788,1127.2998,349.2783,952.2032,357.2786,1152.292,616.8562,926.9827,628.1282,175.2792,225.5911,1.287,0,0,0,0
1297,3,0,2,1,1,1,0.9672,0.9952,0.7841,0.9606,333.9151,284.2093,185.8358,267.5048,419.8606,509.1398,117.7107,525.2954,149.0185,302.5815,2.0305,0,0,0,0
1297,3,0,1,1,1,1,0.9153,0.9844,0.6589,0.925,614.1206,353.4162,616.8482,365.1533,675.9596,548.4373,681.1867,576.4219,12.0499,28.4685,2.3625,0,0,0,0
1298,3,0,0,1,1,1,0.9798,0.9916,0.7813,0.891,1126.5865,348.1601,952.6761,356.0079,1154.4261,615.199,928.0065,628.4936,174.0874,226.8096,1.3028,0,0,0,0
1298,3,0,2,1,1,1,0.9649,0.9948,0.7879,0.9605,333.156,283.5482,184.3083,266.4696,423.2394,490.3844,119.2587,525.5149,149.8242,306.004,2.0424,0,0,0,0
1298,3,0,1,1,1,1,0.9214,0.9836,0.6221,0.9063,600.987,358.1041,614.6567,366.6134,672.9248,559.7369,687.959,570.0868,16.1017,18.2523,1.1336,0,0,0,0
1299,3,0,0,1,1,1,0.978,0.9921,0.7647,0.8977,1126.7649,348.29,951.8162,356.9405,1155.7186,614.4907,928.9554,629.1052,175.1625,227.2336,1.2973,0,0,0,0
1299,3,0,2,1,1,1,0.9715,0.993,0.8115,0.9491,329.8655,278.1458,189.3312,265.888,427.3592,474.4532,127.3424,525.7036,141.0678,304.3628,2.1576,0,0,0,0
1299,3,0,1,1,1,1,0.9189,0.9875,0.4929,0.8813,582.0836,359.6036,614.6036,366.2628,660.279,557.8839,693.3592,561.3508,33.1949,33.2614,1.002,0,0,0,0
1300,3,0,0,1,1,1,0.978,0.9921,0.7647,0.8977,1126.7657,348.2857,951.8323,356.9299,1155.711,614.4934,928.9464,629.0992,175.1469,227.2345,1.2974,0,0,0,0
1300,3,0,2,1,1,1,0.9715,0.993,0.8115,0.9491,329.872,278.1522,189.3473,265.8824,427.354,474.4755,127.327,525.7179,141.0593,304.3714,2.1578,0,0,0,0
1300,3,0,1,1,1,1,0.919,0.9875,0.4927,0.8811,582.0771,359.6257,614.6158,366.2692,660.2758,557.9226,693.3776,561.3354,33.2101,33.2773,1.002,0,0,0,0
1301,3,0,0,1,1,1,0.9782,0.9918,0.7679,0.8949,1127.1532,348.0091,952.0811,357.0809,1157.217,615.4013,929.9144,628.8666,175.307,227.7012,1.2989,0,0,0,0
1301,3,0,2,1,1,1,0.9676,0.9931,0.8125,0.9532,324.6528,272.1792,188.8303,265.6419,431.3627,436.3146,127.5923,523.5558,135.9798,316.0498,2.3242,0,0,0,0
1301,3,0,1,1,1,1,0.914,0.9823,0.4994,0.8653,567.1205,360.3814,612.0318,367.0594,620.6432,546.872,689.2156,551.8377,45.4051,68.7521,1.5142,0,0,0,0
1302,3,0,0,1,1,1,0.9783,0.9918,0.7688,0.8949,1127.2401,347.9807,952.144,357.0572,1157.1244,615.3902,929.9559,628.9306,175.3312,227.5717,1.298,0,0,0,0
1302,3,0,2,1,1,1,0.9674,0.993,0.8126,0.9532,324.564,272.1046,188.6709,265.5563,431.7417,436.5351,127.6024,523.6582,136.0507,316.3719,2.3254,0,0,0,0
1302,3,0,1,1,1,1,0.9274,0.9891,0.4847,0.8819,561.9122,359.1844,614.1143,367.7681,613.9052,548.5968,691.4772,551.7248,52.9032,77.6349,1.4675,0,0,0,0
1303,3,0,0,1,1,1,0.9776,0.9918,0.7674,0.8974,1127.2886,348.1596,951.8904,357.1896,1157.5245,615.8694,930.2893,628.809,175.6305,227.6033,1.2959,0,0,0,0
1303,3,0,1,0,1,1,0.9229,0.9879,0.3746,0.8219,546.4211,353.7875,614.7818,368.1737,561.7853,535.4362,684.7106,543.2376,69.8581,123.1727,1.7632,0,0,0,0
1303,3,0,2,1,1,1,0.961,0.9954,0.7841,0.9638,325.8072,274.2637,182.0605,263.5986,453.7495,389.9532,118.7296,528.0207,144.1418,362.3548,2.5139,0,0,0,0
1304,3,0,0,1,1,1,0.9776,0.9918,0.7676,0.8974,1127.3003,348.1563,951.9067,357.1924,1157.5358,616.0632,930.3277,628.9105,175.6262,227.571,1.2958,0,0,0,0
1304,3,0,1,0,1,1,0.9227,0.9879,0.3742,0.822,546.4514,353.7457,614.7096,368.1898,562.1062,535.2342,684.8278,543.335,69.7698,122.9887,1.7628,0,0,0,0
1304,3,0,2,1,1,1,0.961,0.9954,0.7841,0.9638,325.7676,274.325,181.9566,263.5888,453.54,389.8013,118.7632,528.09,144.2113,362.2143,2.5117,0,0,0,0
1305,3,0,0,1,1,1,0.9772,0.9919,0.7644,0.9002,1127.2444,347.9358,952.208,357.0226,1158.6461,617.5156,930.9995,627.1118,175.2721,227.8488,1.3,0,0,0,0
1305,3,0,1,1,1,1,0.9712,0.988,0.6192,0.8072,533.4768,349.2276,615.0476,365.4479,508.7428,503.8624,674.3137,529.1636,83.168,167.4929,2.0139,0,0,0,0
1305,3,0,2,1,1,1,0.8961,0.9934,0.6294,0.958,323.509,272.4787,177.7537,269.0669,354.6171,451.258,117.6779,528.8914,145.7952,249.3334,1.7102,0,0,0,0
1306,3,0,0,1,1,1,0.9772,0.9919,0.7645,0.9003,1127.2463,347.937,952.2546,357.0024,1158.6484,617.5154,930.9611,627.0986,175.2264,227.889,1.3005,0,0,0,0
1306,3,0,1,1,1,1,0.9708,0.988,0.6152,0.8062,533.5387,349.1423,615.0625,365.4994,508.9302,504.771,674.3642,529.1646,83.1486,167.2228,2.0111,0,0,0,0
1306,3,0,2,1,1,1,0.8962,0.9934,0.6289,0.9579,323.5209,272.4964,177.7691,269.0388,353.6532,451.9811,117.6718,528.7824,145.7929,248.1646,1.7022,0,0,0,0
1307,3,0,0,1,1,1,0.9778,0.9918,0.7671,0.898,1128.0547,348.0953,952.826,356.9192,1158.9462,617.7794,932.1838,627.3176,175.4507,226.9629,1.2936,0,0,0,0
1307,3,0,1,1,1,1,0.9821,0.9832,0.7347,0.7519,519.9342,340.8349,615.7414,366.903,492.1412,493.6137,670.5096,504.194,99.2903,178.6819,1.7996,0,0,0,0
1307,3,0,2,1,1,1,0.8985,0.9937,0.6517,0.9609,318.5366,267.4962,171.3875,270.5867,354.7843,382.6043,114.4054,528.2744,147.1816,281.0726,1.9097,0,0,0,0
1308,3,0,0,1,1,1,0.9788,0.9918,0.7719,0.8941,1128.8811,348.2456,954.4486,356.4858,1159.0154,618.7943,933.0038,627.262,174.627,226.1702,1.2952,0,0,0,0
1308,3,0,1,1,1,1,0.9774,0.9861,0.746,0.7945,502.7882,339.9104,616.8764,366.452,464.2834,512.4066,641.638,492.7022,117.1349,178.4459,1.5234,0,0,0,0
1308,3,0,2,1,1,1,0.8901,0.9935,0.6732,0.9638,309.8298,257.8108,166.7207,274.6132,327.2628,286.5759,111.3066,529.1752,144.0921,324.7945,2.2541,0,0,0,0
1309,3,0,0,1,1,1,0.9788,0.9918,0.7719,0.8941,1128.8839,348.2465,954.4312,356.4855,1159.0273,618.7898,933.0031,627.2682,174.6472,226.1832,1.2951,0,0,0,0
1309,3,0,1,1,1,1,0.9774,0.9861,0.7454,0.7947,502.775,339.8722,616.8708,366.4116,464.2906,512.3938,641.6228,492.7722,117.1417,178.4145,1.5231,0,0,0,0
1309,3,0,2,1,1,1,0.89,0.9935,0.673,0.9637,309.7986,257.815,166.7161,274.621,327.2654,286.4004,111.3382,529.2778,144.0661,324.983,2.2558,0,0,0,0
1310,3,0,0,1,1,1,0.9807,0.9913,0.7866,0.8858,1128.5717,348.0384,955.1769,354.5474,1158.641,619.2479,933.6379,625.796,173.5169,225.0984,1.2973,0,0,0,0
1310,3,0,1,1,1,1,0.9803,0.9854,0.7072,0.7611,493.0944,336.2877,610.5396,357.782,439.2895,512.8338,633.9001,490.1994,119.3959,195.9224,1.6409,0,0,0,0
1310,3,0,2,1,1,1,0.8976,0.9938,0.6758,0.9627,304.8941,254.0235,162.8209,276.0521,322.4056,240.6884,111.2677,533.5875,143.7709,361.0666,2.5114,0,0,0,0
1311,3,0,0,1,1,1,0.9807,0.9913,0.7866,0.8858,1128.5662,348.0415,955.1656,354.5454,1158.6304,619.237,933.6476,625.7783,173.5224,225.0778,1.2971,0,0,0,0
1311,3,0,1,1,1,1,0.9802,0.9854,0.7069,0.7613,493.0954,336.2717,610.5564,357.7324,439.2771,512.8532,633.8756,490.2212,119.4054,195.9101,1.6407,0,0,0,0
1311,3,0,2,1,1,1,0.8978,0.9938,0.6759,0.9628,304.9195,254.0284,162.8302,276.0413,322.5258,241.008,111.285,533.595,143.7843,360.8736,2.5098,0,0,0,0
1312,3,0,0,1,1,1,0.984,0.9901,0.8162,0.8675,1129.8862,349.2291,957.7965,355.1292,1157.844,618.5242,932.6909,625.9607,172.1908,225.2759,1.3083,0,0,0,0
1312,3,0,1,1,1,1,0.9824,0.9858,0.7456,0.7815,488.7816,336.8382,605.4186,352.1549,430.673,514.0104,623.1188,509.5902,117.6384,192.4966,1.6363,0,0,0,0
1312,3,0,2,1,1,1,0.8939,0.9928,0.7166,0.9693,300.9794,247.2457,160.4613,275.229,338.604,169.9541,112.7449,528.1538,143.2773,423.4611,2.9555,0,0,0,0
1313,3,0,0,1,1,1,0.984,0.9901,0.8163,0.8674,1129.9348,349.2116,957.8098,355.0837,1157.8479,618.524,932.6838,625.9463,172.2251,225.2864,1.3081,0,0,0,0
1313,3,0,1,1,1,1,0.9824,0.9858,0.7459,0.7811,488.7848,336.8888,605.4522,352.217,430.6522,514.06,623.0696,509.5682,117.67,192.4699,1.6357,0,0,0,0
1313,3,0,2,1,1,1,0.8939,0.9928,0.7166,0.9693,301.0104,247.2238,160.5163,275.2044,338.2796,170.9298,112.7123,528.0654,143.2532,422.4056,2.9487,0,0,0,0
1314,3,0,0,1,1,1,0.9847,0.9895,0.8244,0.8624,1129.3134,348.5076,957.4332,354.3701,1157.0458,618.6794,931.408,625.1456,171.9801,225.7305,1.3125,0,0,0,0
1314,3,0,1,1,1,1,0.9829,0.9867,0.7333,0.7787,480.5956,336.9545,598.921,351.199,425.56,525.7203,610.4337,522.6261,119.1796,184.8995,1.5514,0,0,0,0
1314,3,0,2,1,1,1,0.8738,0.9919,0.6242,0.9547,289.2589,253.7746,157.3991,273.4561,321.1128,219.6307,117.9322,531.7354,133.3206,372.4133,2.7934,0,0,0,0
1315,3,0,0,1,1,1,0.986,0.9886,0.8388,0.8532,1130.61,349.4625,957.899,355.5213,1156.9291,617.953,929.674,625.0408,172.8172,227.3656,1.3156,0,0,0,0
1315,3,0,1,1,1,1,0.9838,0.9852,0.7455,0.7649,474.2796,338.2132,592.5534,348.2612,427.0948,528.95,604.9534,526.9196,118.6997,177.8701,1.4985,0,0,0,0
1315,3,0,2,1,1,1,0.8953,0.993,0.6067,0.9556,284.1288,271.969,153.9516,269.5022,303.9518,480.126,118.8519,539.0165,130.2005,194.2423,1.4919,0,0,0,0
1316,3,0,0,1,1,1,0.986,0.9886,0.8387,0.8532,1130.6172,349.459,957.887,355.5237,1156.929,617.9688,929.6782,625.058,172.8366,227.3613,1.3155,0,0,0,0
1316,3,0,1,1,1,1,0.9839,0.9852,0.7455,0.7648,474.2716,338.2241,592.5753,348.2939,427.0981,528.9488,604.8903,526.9134,118.7315,177.8039,1.4975,0,0,0,0
1316,3,0,2,1,1,1,0.8953,0.993,0.6066,0.9556,284.1234,271.9868,153.9614,269.4987,303.9307,480.323,118.8506,539.0152,130.1858,194.1634,1.4914,0,0,0,0
1317,3,0,0,1,1,1,0.9872,0.9875,0.8524,0.8417,1130.7217,348.8454,958.0514,356.0451,1156.0018,617.9146,928.179,625.2018,172.8203,227.9394,1.3189,0,0,0,0
1317,3,0,1,1,1,1,0.9848,0.9857,0.7436,0.7626,468.803,340.5241,586.8332,348.9494,429.1326,538.1764,600.4538,537.0434,118.3305,171.3249,1.4479,0,0,0,0
1317,3,0,2,1,1,1,0.908,0.9941,0.741,0.9719,282.1141,235.0528,149.5151,282.9806,303.5772,43.6204,122.5899,531.8347,140.995,520.6819,3.6929,0,0,0,0
1318,3,0,0,1,1,1,0.9872,0.9875,0.8523,0.8418,1130.7104,348.8644,958.0872,356.0487,1156.0149,618.0515,928.1822,625.2094,172.7727,227.9451,1.3193,0,0,0,0
1318,3,0,1,1,1,1,0.9848,0.9857,0.7432,0.7621,468.8172,340.5404,586.8052,348.9658,429.1714,538.1574,600.299,537.1444,118.2884,171.1305,1.4467,0,0,0,0
1318,3,0,2,1,1,1,0.9082,0.9941,0.741,0.9719,282.0674,235.0228,149.5388,283.0119,303.6714,43.4505,122.6127,531.8562,140.9496,520.8861,3.6956,0,0,0,0
1319,3,0,0,1,1,1,0.9875,0.9867,0.8603,0.8385,1130.5099,349.3497,957.384,356.4757,1154.8319,618.8968,926.1495,624.5622,173.2725,228.7525,1.3202,0,0,0,0
1319,3,0,1,1,1,1,0.9836,0.987,0.7342,0.7855,466.9254,340.2033,582.2271,346.856,433.6056,539.1708,601.7888,545.5615,115.4935,168.3045,1.4573,0,0,0,0
1319,3,0,2,1,1,1,0.9221,0.9932,0.8035,0.9706,279.7363,228.4274,143.3342,289.6022,260.7588,44.1136,123.8849,531.2749,149.4921,506.0243,3.385,1,0,0,0
1320,3,0,0,1,1,1,0.9875,0.9867,0.8603,0.8385,1130.519,349.312,957.369,356.4591,1154.8269,618.907,926.1733,624.5184,173.2975,228.7224,1.3198,0,0,0,0
1320,3,0,1,1,1,1,0.9835,0.987,0.7332,0.7855,466.9085,340.2206,582.2384,346.8974,433.6846,539.3257,601.6449,545.9812,115.523,168.0921,1.4551,0,0,0,0
1320,3,0,2,1,1,1,0.9222,0.9932,0.8036,0.9706,279.76,228.3891,143.3161,289.5242,260.8018,44.212,123.9273,531.2854,149.514,505.9398,3.3839,1,0,0,0
1321,3,0,0,1,1,1,0.9876,0.9866,0.8636,0.8414,1130.3625,348.9678,957.3193,355.8646,1153.7721,619.2074,924.0786,623.4023,173.1807,229.7318,1.3265,0,0,0,0
1321,3,0,1,1,1,1,0.981,0.9846,0.7314,0.7737,465.7814,339.943,580.6038,346.8746,437.6256,535.1556,604.229,547.6906,115.0314,167.0744,1.4524,0,0,0,0
1321,3,0,2,1,1,1,0.92,0.9919,0.8159,0.9683,277.7,227.609,139.8738,293.3478,242.4421,42.884,125.1452,532.5259,152.7011,503.4955,3.2973,1,0,0,0
1322,3,0,0,1,1,1,0.9876,0.9867,0.8635,0.8416,1130.3356,348.9652,957.2891,355.8624,1153.7827,619.2118,924.064,623.4316,173.1838,229.7574,1.3267,0,0,0,0
1322,3,0,1,1,1,1,0.9809,0.9846,0.7309,0.7742,465.7492,339.973,580.5694,346.8746,437.6372,535.1786,604.1684,547.6426,115.0275,166.9971,1.4518,0,0,0,0
1322,3,0,2,1,1,1,0.9201,0.9919,0.8162,0.9685,277.6663,227.6484,139.9962,293.258,242.6441,42.7794,125.0193,532.45,152.5047,503.6,3.3022,1,0,0,0
1323,3,0,0,1,1,1,0.988,0.9863,0.8667,0.838,1129.5143,348.7617,957.832,355.1337,1151.7074,619.2938,922.0919,622.3224,171.8005,229.6355,1.3366,0,0,0,0
1323,3,0,1,1,1,1,0.9801,0.9827,0.737,0.7623,464.5176,339.6625,579.8426,345.8612,445.164,529.6136,607.5606,548.8653,115.4915,163.5338,1.416,0,0,0,0
1323,3,0,2,1,1,1,0.9176,0.9914,0.8171,0.9681,277.4025,226.6264,136.7198,291.1697,238.5359,65.9604,123.7724,532.1354,154.782,480.0935,3.1017,1,0,0,0
1324,3,0,0,1,1,1,0.9883,0.986,0.8691,0.8341,1129.7507,349.3512,957.1004,355.1156,1152.9875,618.7144,921.4617,622.7996,172.7465,231.5619,1.3405,0,0,0,0
1324,3,0,1,1,1,1,0.9812,0.9814,0.7479,0.7441,462.484,339.8071,580.49,345.1394,449.711,524.2566,610.9188,549.0495,118.1264,163.1032,1.3808,0,0,0,0
1324,3,0,2,1,1,1,0.9338,0.9926,0.8263,0.9681,280.2867,231.0039,135.1213,293.7529,237.9468,80.0814,123.3933,532.3316,158.1469,466.5326,2.95,1,0,0,0
1325,3,0,0,1,1,1,0.9883,0.986,0.8695,0.8341,1129.7576,349.3606,957.201,355.1523,1152.9956,618.8031,921.438,622.8154,172.6537,231.5923,1.3414,0,0,0,0
1325,3,0,1,1,1,1,0.9812,0.9814,0.7478,0.7437,462.4686,339.8223,580.56,345.2142,449.7737,524.247,610.8991,549.1528,118.2143,163.039,1.3792,0,0,0,0
1325,3,0,2,1,1,1,0.9337,0.9926,0.8262,0.9681,280.3129,230.9433,135.1259,293.7085,237.9284,80.0936,123.3551,532.4056,158.1731,466.5975,2.9499,1,0,0,0
1326,3,0,0,1,1,1,0.9882,0.9856,0.8716,0.8331,1129.3579,349.0339,956.5511,355.0964,1152.1842,617.7842,921.0175,623.8379,172.9131,231.2459,1.3374,0,0,0,0
1326,3,0,1,1,1,1,0.9819,0.9828,0.7349,0.7419,459.0062,340.0828,581.2564,344.8674,453.727,524.4026,612.6454,551.4076,122.3437,161.1966,1.3176,0,0,0,0
1326,3,0,2,1,1,1,0.9417,0.9936,0.8118,0.9673,282.8379,239.0261,133.4232,292.9328,268.4099,137.2597,123.1078,532.3668,158.8416,420.9778,2.6503,1,0,0,0
1327,3,0,0,1,1,1,0.9882,0.9855,0.8717,0.8331,1129.316,349.038,956.5574,355.0946,1152.1554,617.7948,920.9792,623.7968,172.8648,231.254,1.3378,0,0,0,0
1327,3,0,1,1,1,1,0.9819,0.9828,0.7345,0.7421,459.0136,340.0709,581.2342,344.8906,453.7055,524.3676,612.6352,551.386,122.3156,161.2099,1.318,0,0,0,0
1327,3,0,2,1,1,1,0.9419,0.9936,0.8123,0.9674,282.8525,239.1324,133.4452,292.9718,267.8709,136.8508,123.0894,532.3814,158.8119,421.1961,2.6522,1,0,0,0
1328,3,0,0,1,1,1,0.9882,0.9857,0.8696,0.8319,1128.8077,349.1925,956.71,355.1046,1150.5515,619.1249,920.5952,624.2568,172.1992,230.0136,1.3357,0,0,0,0
1328,3,0,1,1,1,1,0.9832,0.9825,0.7463,0.7339,459.4906,340.1653,583.0933,345.2839,455.7356,523.0851,614.8212,549.7715,123.7087,161.3083,1.3039,0,0,0,0
1328,3,0,2,1,1,1,0.941,0.9936,0.7983,0.9681,277.164,248.1386,131.4815,286.5928,313.9662,183.6536,123.0735,532.7128,150.6723,397.8472,2.6405,0,0,0,0
1329,3,0,0,1,1,1,0.9882,0.9857,0.8695,0.8319,1128.8135,349.1944,956.6782,355.1179,1150.5457,619.1316,920.6046,624.2837,172.2371,229.9988,1.3354,0,0,0,0
1329,3,0,1,1,1,1,0.9832,0.9825,0.7465,0.7343,459.4806,340.1758,583.101,345.2825,455.7198,523.108,614.8191,549.7675,123.726,161.3174,1.3038,0,0,0,0
1329,3,0,2,1,1,1,0.9411,0.9936,0.7984,0.9681,277.1656,248.2214,131.5071,286.5129,314.3347,183.8205,123.0684,532.6677,150.6076,397.8406,2.6416,0,0,0,0
1330,3,0,0,1,1,1,0.9883,0.9858,0.8694,0.8333,1129.0461,349.1954,956.9329,355.1127,1151.1776,619.4238,920.7777,623.6935,172.215,230.4395,1.3381,0,0,0,0
1330,3,0,1,1,1,1,0.9827,0.9828,0.7403,0.7397,459.7484,339.8015,583.4414,344.425,455.0626,524.6216,616.4068,550.0089,123.7794,163.3294,1.3195,0,0,0,0
1330,3,0,2,1,1,1,0.9467,0.9941,0.7868,0.9655,279.6517,263.2459,130.7246,282.7768,315.6419,238.0446,122.5657,534.0886,150.2023,353.441,2.3531,0,0,0,0
1331,3,0,0,1,1,1,0.9883,0.9858,0.8694,0.8332,1129.0844,349.1752,956.9526,355.0852,1151.1855,619.4502,920.7899,623.665,172.2331,230.4342,1.3379,0,0,0,0
1331,3,0,1,1,1,1,0.9827,0.9828,0.7406,0.7395,459.7669,339.8032,583.4756,344.5244,454.9069,524.4893,616.4172,550.2224,123.7987,163.5474,1.3211,0,0,0,0
1331,3,0,2,1,1,1,0.9466,0.9941,0.7867,0.9655,279.5705,263.205,130.7286,282.7706,315.8201,237.877,122.5891,534.0862,150.1224,353.6639,2.3558,0,0,0,0
1332,3,0,0,1,1,1,0.9883,0.986,0.8694,0.8355,1128.769,349.108,956.373,355.362,1151.02,618.3938,921.3542,623.4319,172.5094,229.7211,1.3316,0,0,0,0
1332,3,0,1,1,1,1,0.9819,0.9834,0.7355,0.7509,459.5838,340.5477,583.1343,344.7918,454.2308,525.2924,617.8236,549.2022,123.6233,165.3307,1.3374,0,0,0,0
1332,3,0,2,1,1,1,0.9547,0.9942,0.8016,0.9636,279.4612,272.779,131.2091,277.6019,300.2006,321.118,118.0978,535.1098,148.3306,280.9874,1.8943,0,0,0,0
1333,3,0,0,1,1,1,0.9883,0.986,0.8695,0.8354,1128.7664,349.0882,956.3856,355.3562,1151.056,618.354,921.3772,623.4242,172.4947,229.7348,1.3318,0,0,0,0
1333,3,0,1,1,1,1,0.9819,0.9833,0.7354,0.7503,459.5713,340.5847,583.1484,344.7992,454.5772,525.7666,617.8482,549.2288,123.649,164.9481,1.334,0,0,0,0
1333,3,0,2,1,1,1,0.9548,0.9942,0.8019,0.9636,279.535,272.8104,131.1999,277.623,300.1056,320.9471,118.0934,535.1753,148.4131,281.1088,1.8941,0,0,0,0
1334,3,0,0,1,1,1,0.9886,0.9853,0.8736,0.8308,1128.7399,349.0289,956.6755,355.6846,1151.4689,618.2328,921.7145,622.6085,172.1931,229.7961,1.3345,0,0,0,0
1334,3,0,1,1,1,1,0.982,0.9833,0.7378,0.7523,460.2564,341.6858,583.8986,345.2833,453.9009,522.279,618.2498,548.473,123.6944,166.4232,1.3454,0,0,0,0
1334,3,0,2,1,1,1,0.9421,0.9916,0.7199,0.9458,273.9492,276.3946,126.4707,278.1587,316.846,500.5337,107.8481,542.5644,147.4891,213.1823,1.4454,0,0,0,0
1335,3,0,0,1,1,1,0.9886,0.9855,0.8745,0.8346,1128.0847,349.166,956.3298,355.871,1151.633,618.6614,922.83,622.2643,171.8857,228.8315,1.3313,0,0,0,0
1335,3,0,1,1,1,1,0.9822,0.9823,0.7455,0.7477,460.8917,341.356,585.1564,344.257,452.6437,524.8704,618.5406,546.1042,124.2985,167.2502,1.3456,0,0,0,0
1335,3,0,2,1,1,1,0.9551,0.9936,0.7673,0.958,278.0504,280.6162,128.3037,277.8849,330.2386,516.0004,100.9142,540.5284,149.7717,230.6324,1.5399,0,0,0,0
1336,3,0,0,1,1,1,0.9886,0.9855,0.8745,0.8347,1128.0597,349.165,956.324,355.8742,1151.6461,618.6443,922.8483,622.2022,171.8667,228.8255,1.3314,0,0,0,0
1336,3,0,1,1,1,1,0.9823,0.9823,0.7455,0.748,460.8847,341.34,585.1818,344.246,452.6214,525.0236,618.5237,546.1374,124.331,167.2404,1.3451,0,0,0,0
1336,3,0,2,1,1,1,0.955,0.9936,0.7673,0.958,278.0459,280.6332,128.3001,277.9077,330.256,516.0582,100.9143,540.526,149.7706,230.6432,1.54,0,0,0,0
1337,3,0,0,1,1,1,0.9887,0.9853,0.8759,0.8318,1128.455,348.9602,956.0704,355.9014,1152.5195,618.3952,922.9203,622.5142,172.5242,229.6362,1.331,0,0,0,0
1337,3,0,1,1,1,1,0.9825,0.983,0.749,0.7583,461.2699,341.6749,585.1795,344.5366,449.9126,528.2368,619.763,545.948,123.9426,170.7712,1.3778,0,0,0,0
1337,3,0,2,1,1,1,0.9536,0.9938,0.7604,0.9583,281.9512,281.3667,131.8835,277.1722,322.3196,517.8218,93.5843,536.515,150.1263,229.4978,1.5287,0,0,0,0
1338,3,0,0,1,1,1,0.9888,0.9852,0.8761,0.8315,1128.3951,348.9591,956.0866,355.784,1152.6427,618.3888,922.9516,622.4968,172.4436,229.7278,1.3322,0,0,0,0
1338,3,0,1,1,1,1,0.9825,0.983,0.7496,0.7582,461.2614,341.7308,585.2422,344.5969,449.878,528.22,619.7433,545.9316,124.0138,170.7862,1.3772,0,0,0,0
1338,3,0,2,1,1,1,0.9535,0.9938,0.7593,0.9581,281.9286,281.4737,131.8444,277.1678,322.5383,519.0274,93.5779,536.4998,150.146,229.6261,1.5294,0,0,0,0
1339,3,0,0,1,1,1,0.9886,0.985,0.8755,0.8307,1128.4424,349.1772,955.8214,356.2307,1153.449,618.6046,923.646,622.6258,172.7651,229.8382,1.3304,0,0,0,0
1339,3,0,1,1,1,1,0.9818,0.9826,0.7424,0.7535,462.0092,341.7141,586.082,344.3548,448.3013,528.6586,619.2431,546.7488,124.1009,171.8964,1.3851,0,0,0,0
1339,3,0,2,1,1,1,0.9491,0.9932,0.7459,0.9549,284.2224,286.1209,137.7122,273.0842,314.4313,524.2013,88.8978,533.6164,147.089,225.73,1.5346,0,0,0,0
1340,3,0,0,1,1,1,0.9886,0.985,0.8759,0.8304,1128.4521,349.1265,955.8919,356.0646,1153.4496,618.6032,923.656,622.5472,172.6997,229.8274,1.3308,0,0,0,0
1340,3,0,1,1,1,1,0.9818,0.9826,0.742,0.7535,461.9836,341.6895,586.0423,344.28,448.2738,528.5356,619.1964,546.7956,124.0858,171.8952,1.3853,0,0,0,0
1340,3,0,2,1,1,1,0.9493,0.9932,0.7458,0.9549,284.2474,286.1778,137.7387,273.1399,314.748,524.7106,89.033,533.617,147.0876,225.8907,1.5358,0,0,0,0
1341,3,0,0,1,1,1,0.9883,0.9861,0.8683,0.8365,1127.9385,348.8811,954.6833,356.1525,1153.9706,619.0641,923.7692,623.4044,173.4076,230.2423,1.3278,0,0,0,0
1341,3,0,1,1,1,1,0.982,0.9822,0.7452,0.75,462.5147,342.5882,587.0744,345.598,447.1301,530.5062,617.9477,547.6009,124.5961,171.6709,1.3778,0,0,0,0
1341,3,0,2,1,1,1,0.9395,0.9926,0.7286,0.952,287.9388,282.2296,142.6605,272.0754,305.907,505.8857,84.6751,531.585,145.6327,222.7196,1.5293,0,0,0,0
1342,3,0,0,1,1,1,0.9883,0.9861,0.8682,0.8367,1127.9597,348.8788,954.6995,356.1421,1153.9534,619.0014,923.7743,623.4074,173.4124,230.2212,1.3276,0,0,0,0
1342,3,0,1,1,1,1,0.982,0.9822,0.7451,0.7504,462.494,342.6101,587.0324,345.563,447.1206,530.4857,617.9644,547.5418,124.5734,171.6931,1.3782,0,0,0,0
1342,3,0,2,1,1,1,0.9394,0.9926,0.7282,0.9519,287.9303,282.2289,142.6008,272.1228,305.851,505.9193,84.7411,531.683,145.6804,222.6058,1.528,0,0,0,0
1343,3,0,0,1,1,1,0.9884,0.9857,0.8706,0.8338,1127.8517,348.686,955.3093,355.7381,1154.1581,618.1852,923.7697,622.6954,172.6865,230.4325,1.3344,0,0,0,0
1343,3,0,1,1,1,1,0.982,0.9809,0.7495,0.7389,463.5764,342.9656,588.7038,345.2351,446.2403,532.1649,617.6964,547.9822,125.148,172.1841,1.3758,0,0,0,0
1343,3,0,2,1,1,1,0.9331,0.9923,0.7284,0.9527,290.9257,279.7552,147.2702,270.5998,299.131,489.1645,83.0333,531.329,143.947,220.1728,1.5295,0,0,0,0
1344,3,0,0,1,1,1,0.9886,0.9853,0.8732,0.8309,1127.7675,348.4338,955.2642,356.1958,1153.4165,617.7613,923.6592,622.8944,172.6778,229.8147,1.3309,0,0,0,0
1344,3,0,1,1,1,1,0.9804,0.9812,0.7353,0.7441,463.0248,342.5033,588.4137,345.3632,446.3986,531.1836,617.6615,549.5712,125.4216,172.2471,1.3733,0,0,0,0
1344,3,0,2,1,1,1,0.9238,0.9916,0.7011,0.9474,290.7482,280.4061,150.5267,268.6893,297.0371,487.4814,85.3175,533.888,140.7102,216.7458,1.5404,0,0,0,0
1345,3,0,0,1,1,1,0.9886,0.9853,0.8732,0.831,1127.7607,348.4268,955.2651,356.1871,1153.4165,617.752,923.6744,622.8928,172.6701,229.7996,1.3309,0,0,0,0
1345,3,0,1,1,1,1,0.9804,0.9811,0.7347,0.7441,463.0246,342.513,588.3997,345.3679,446.3926,531.2384,617.6772,549.5908,125.4076,172.2649,1.3736,0,0,0,0
1345,3,0,2,1,1,1,0.9239,0.9916,0.7013,0.9475,290.7605,280.3934,150.5326,268.6869,297.0405,487.4328,85.3675,533.9106,140.7157,216.7155,1.5401,0,0,0,0
1346,3,0,0,1,1,1,0.9884,0.9853,0.8734,0.8331,1127.3374,348.5073,954.9998,355.9152,1153.2026,617.1284,923.6683,623.252,172.4968,229.616,1.3311,0,0,0,0
1346,3,0,1,1,1,1,0.9805,0.9809,0.7394,0.7434,463.6757,343.1006,589.767,345.4766,444.7381,530.4073,619.505,548.8131,126.1137,175.7334,1.3935,0,0,0,0
1346,3,0,2,1,1,1,0.9184,0.9911,0.6768,0.9434,289.7012,282.6383,153.3963,269.0641,298.761,501.3328,91.945,533.3081,136.9791,209.2732,1.5278,0,0,0,0
1347,3,0,0,1,1,1,0.9884,0.9853,0.8734,0.8332,1127.3317,348.5309,955.0185,355.9355,1153.2023,617.1244,923.6815,623.2456,172.4722,229.6024,1.3312,0,0,0,0
1347,3,0,1,1,1,1,0.9805,0.981,0.7392,0.744,463.7096,343.0822,589.7661,345.4654,444.777,530.3979,619.4945,548.7988,126.079,175.6838,1.3934,0,0,0,0
1347,3,0,2,1,1,1,0.9183,0.991,0.6765,0.9433,289.7192,282.6436,153.4055,269.0608,298.7628,501.403,91.9529,533.3244,136.9888,209.259,1.5276,0,0,0,0
1348,3,0,0,1,1,1,0.9884,0.9857,0.8711,0.835,1127.2701,348.6964,954.8687,356.1124,1152.8726,618.7722,923.3875,623.908,172.5609,229.5425,1.3302,0,0,0,0
1348,3,0,1,1,1,1,0.9805,0.9812,0.7383,0.7447,464.0774,342.1801,589.7948,345.5694,445.4387,529.417,619.5202,549.0801,125.763,175.1884,1.393,0,0,0,0
1348,3,0,2,1,1,1,0.9165,0.9908,0.6896,0.9456,289.8555,281.991,154.4746,267.5755,300.851,490.8382,97.0278,531.7342,136.1462,207.8855,1.5269,0,0,0,0
1349,3,0,0,1,1,1,0.9884,0.9857,0.8711,0.8348,1127.3015,348.7031,954.864,356.1062,1152.874,618.7542,923.3937,623.9308,172.5963,229.5387,1.3299,0,0,0,0
1349,3,0,1,1,1,1,0.9805,0.9812,0.7384,0.7448,464.0988,342.2216,589.785,345.6323,445.401,529.4122,619.513,549.1038,125.7324,175.2219,1.3936,0,0,0,0
1349,3,0,2,1,1,1,0.9168,0.9908,0.6905,0.9458,289.8453,281.9544,154.505,267.513,300.7558,490.4247,97.0206,531.5379,136.1086,207.8421,1.527,0,0,0,0
1350,3,0,0,1,1,1,0.9886,0.9855,0.8746,0.836,1127.0288,348.606,955.2095,355.9331,1152.3756,619.212,923.0338,623.8468,171.9755,229.3886,1.3338,0,0,0,0
1350,3,0,1,1,1,1,0.982,0.9822,0.7459,0.7441,465.8243,342.5354,591.2812,346.7464,445.5255,528.0462,619.9311,549.9066,125.5275,175.7703,1.4003,0,0,0,0
1350,3,0,2,1,1,1,0.9172,0.9944,0.6675,0.9618,288.6626,282.4888,161.6317,265.9805,304.8578,484.9763,105.9313,529.979,128.0991,203.9535,1.5922,0,0,0,0
1351,3,0,0,1,1,1,0.9886,0.9854,0.8752,0.8352,1126.8896,348.8353,955.7704,356.0098,1151.6792,618.5018,922.6064,623.4964,171.2695,229.1272,1.3378,0,0,0,0
1351,3,0,1,1,1,1,0.9841,0.9812,0.7667,0.7272,470.4332,343.5729,595.505,348.9313,447.2334,527.3738,620.854,548.571,125.1866,174.9097,1.3972,0,0,0,0
1351,3,0,2,1,1,1,0.9192,0.9945,0.6878,0.9646,288.6072,281.9579,163.4861,265.5683,304.6886,476.9498,114.2873,522.5738,126.1899,195.7913,1.5516,0,0,0,0
1352,3,0,0,1,1,1,0.9886,0.9854,0.8753,0.8352,1126.8608,348.8043,955.7484,355.9776,1151.6819,618.4873,922.6299,623.4845,171.2627,229.1064,1.3377,0,0,0,0
1352,3,0,1,1,1,1,0.9841,0.9813,0.7667,0.7272,470.4186,343.5582,595.4984,348.9271,447.2354,527.385,620.8719,548.5803,125.1951,174.9253,1.3972,0,0,0,0
1352,3,0,2,1,1,1,0.9192,0.9945,0.6878,0.9646,288.6174,281.9488,163.5162,265.5658,304.6691,476.9244,114.2772,522.5706,126.1694,195.7873,1.5518,0,0,0,0
1353,3,0,0,1,1,1,0.9885,0.9854,0.8736,0.8334,1126.602,348.2364,955.2883,355.2538,1151.5205,618.1058,923.0907,623.555,171.4574,228.4948,1.3327,0,0,0,0
1353,3,0,1,1,1,1,0.9837,0.983,0.7605,0.7445,475.6762,344.2486,597.3674,350.8597,447.7006,525.1874,623.6858,548.4394,121.8707,177.5146,1.4566,0,0,0,0
1353,3,0,2,1,1,1,0.9302,0.9929,0.7471,0.9599,291.9213,280.4354,159.9117,264.9053,304.2766,467.81,122.6848,529.2976,132.9199,191.7194,1.4424,0,0,0,0
1354,3,0,0,1,1,1,0.9885,0.9854,0.8734,0.8336,1126.5743,348.2414,955.3024,355.2674,1151.5023,618.1067,923.0937,623.497,171.416,228.4722,1.3329,0,0,0,0
1354,3,0,1,1,1,1,0.9838,0.983,0.7612,0.7445,475.6948,344.2421,597.3904,350.8277,447.5967,525.081,623.704,548.2686,121.8736,177.6273,1.4575,0,0,0,0
1354,3,0,2,1,1,1,0.9304,0.9929,0.7473,0.9599,292.12,280.3356,159.9803,264.9046,304.2611,467.7758,122.5563,529.0165,133.0377,191.7474,1.4413,0,0,0,0
1355,3,0,0,1,1,1,0.9887,0.9854,0.8749,0.8322,1126.6199,347.8763,955.0485,355.6868,1152.0269,618.0536,923.0602,624.0747,171.749,229.0458,1.3336,0,0,0,0
1355,3,0,1,1,1,1,0.9819,0.9827,0.7463,0.7458,480.7834,345.826,602.2262,350.8693,450.6119,529.7125,628.6557,550.7698,121.5474,179.2847,1.475,0,0,0,0
1355,3,0,2,1,1,1,0.9303,0.993,0.7481,0.9602,294.3059,279.021,159.9254,266.0322,306.7444,464.4638,129.5203,531.3286,135.0067,189.4183,1.403,0,0,0,0
1356,3,0,0,1,1,1,0.9887,0.9854,0.8747,0.8321,1126.5919,347.8699,955.0643,355.6754,1152.0112,618.0698,923.0576,624.0417,171.7051,229.0315,1.3339,0,0,0,0
1356,3,0,1,1,1,1,0.9819,0.9827,0.7464,0.7458,480.7714,345.8382,602.2448,350.8779,450.6071,529.7342,628.6587,550.7906,121.578,179.2924,1.4747,0,0,0,0
1356,3,0,2,1,1,1,0.9303,0.993,0.7482,0.9602,294.294,279.0376,159.9342,266.014,306.7736,464.4918,129.4584,531.3031,134.9895,189.4846,1.4037,0,0,0,0
1357,3,0,0,1,1,1,0.9887,0.9856,0.874,0.8339,1126.3152,348.5144,954.9454,356.2737,1152.2783,618.776,922.9813,624.4354,171.5454,229.3668,1.3371,0,0,0,0
1357,3,0,1,1,1,1,0.9807,0.9797,0.7408,0.7387,489.0908,347.8685,607.2472,355.1401,455.7049,533.4906,628.554,556.6317,118.38,174.3913,1.4731,0,0,0,0
1357,3,0,2,1,1,1,0.9242,0.9946,0.7048,0.9655,294.6964,278.8277,165.5172,265.7692,313.6643,466.7666,134.986,524.977,129.8376,187.9212,1.4474,0,0,0,0
1358,3,0,1,1,1,1,0.9806,0.9797,0.7407,0.7395,489.1321,347.871,607.2224,355.0866,455.6762,533.4552,628.7486,556.4256,118.3106,174.5899,1.4757,0,0,0,0
1358,3,0,0,1,1,1,0.9886,0.9855,0.8741,0.8341,1126.3951,348.4719,955.0073,356.3376,1152.1553,618.6222,922.938,624.448,171.5682,229.2912,1.3364,0,0,0,0
1358,3,0,2,1,1,1,0.9242,0.9946,0.7051,0.9655,294.6812,278.8352,165.5463,265.8028,313.6696,466.6739,134.9235,524.7844,129.7908,187.9548,1.4481,0,0,0,0
1359,3,0,0,1,1,1,0.9889,0.9855,0.8749,0.832,1126.3309,348.4357,954.8467,356.2033,1151.8981,619.0086,922.909,624.5882,171.6601,229.057,1.3344,0,0,0,0
1359,3,0,1,1,1,1,0.9712,0.9769,0.7347,0.7466,493.0506,349.4211,610.002,355.6291,451.5962,534.6551,635.032,552.351,117.1159,184.2875,1.5735,0,0,0,0
1359,3,0,2,1,1,1,0.9212,0.9945,0.6893,0.9649,297.1644,280.8295,167.7365,265.0498,319.0625,478.59,138.2177,522.936,130.3863,186.2026,1.4281,0,0,0,0
1360,3,0,0,1,1,1,0.989,0.9855,0.8759,0.8306,1126.5093,348.6816,954.7186,356.4208,1152.6339,619.0196,923.1851,624.1586,171.9649,229.5063,1.3346,0,0,0,0
1360,3,0,1,1,1,1,0.9696,0.9742,0.736,0.7394,496.1684,348.7,613.4597,356.0268,456.6946,537.3615,634.0444,548.8078,117.52,177.7188,1.5122,0,0,0,0
1360,3,0,2,1,1,1,0.9225,0.9944,0.6914,0.9642,299.8893,280.0916,169.8622,266.2547,323.8833,482.0055,140.8077,524.9905,130.7613,188.0542,1.4381,0,0,0,0
1361,3,0,0,1,1,1,0.989,0.9855,0.876,0.8305,1126.5267,348.7028,954.742,356.4433,1152.6279,619.0188,923.1821,624.1639,171.959,229.5035,1.3346,0,0,0,0
1361,3,0,1,1,1,1,0.9697,0.9742,0.7364,0.7395,496.1774,348.6786,613.3954,355.9849,456.6843,537.401,634.1298,548.9037,117.4455,177.818,1.514,0,0,0,0
1361,3,0,2,1,1,1,0.9226,0.9944,0.6912,0.9641,299.8991,280.1183,169.8506,266.2798,323.8557,482.1093,140.8319,525.0296,130.7827,187.989,1.4374,0,0,0,0
1362,3,0,0,1,1,1,0.989,0.9853,0.8765,0.8298,1126.6171,348.5056,955.0259,356.3475,1151.9142,618.8678,923.5518,623.9922,171.7703,228.4199,1.3298,0,0,0,0
1362,3,0,1,1,1,1,0.9678,0.9715,0.7435,0.7414,501.9816,347.9891,620.2312,353.3268,457.9974,535.3782,639.2924,537.1684,118.37,181.3039,1.5317,0,0,0,0
1362,3,0,2,1,1,1,0.9254,0.9944,0.6762,0.9621,304.3694,282.0239,172.8651,265.0504,330.1001,509.7405,140.6452,526.9821,132.5952,190.2379,1.4347,0,0,0,0
1363,3,0,0,1,1,1,0.989,0.9853,0.8765,0.8297,1126.6108,348.4786,955.016,356.3251,1151.896,618.8534,923.5537,623.981,171.7742,228.3998,1.3297,0,0,0,0
1363,3,0,1,1,1,1,0.9678,0.9715,0.7435,0.7415,501.9766,348.014,620.2048,353.3317,458.0132,535.3709,639.2867,537.1264,118.3477,181.282,1.5318,0,0,0,0
1363,3,0,2,1,1,1,0.9254,0.9944,0.6764,0.9621,304.3633,282.0441,172.8524,265.0417,330.1239,509.735,140.6469,527.0114,132.6055,190.2629,1.4348,0,0,0,0
1364,3,0,0,1,1,1,0.9888,0.9855,0.8749,0.8327,1126.9349,348.8274,955.2764,357.5514,1151.309,619.4879,923.6193,624.5828,171.8801,227.7467,1.325,0,0,0,0
1364,3,0,1,1,1,1,0.9828,0.9778,0.7979,0.7512,506.4284,348.3258,630.8966,351.3281,454.5518,536.3642,639.729,524.0762,124.5045,185.5845,1.4906,0,0,0,0
1364,3,0,2,1,1,1,0.9361,0.9942,0.6869,0.9577,308.8749,284.7242,175.2579,265.7311,337.7468,532.1098,137.5396,532.369,134.9601,200.2074,1.4835,0,0,0,0
1365,3,0,0,1,1,1,0.9888,0.9855,0.8749,0.8327,1126.924,348.8112,955.285,357.5276,1151.3037,619.4933,923.6085,624.58,171.8601,227.7521,1.3252,0,0,0,0
1365,3,0,1,1,1,1,0.9828,0.9778,0.7978,0.7512,506.468,348.3198,630.9375,351.2848,454.5199,536.3312,639.618,524.0874,124.5048,185.5027,1.4899,0,0,0,0
1365,3,0,2,1,1,1,0.9361,0.9942,0.6871,0.9577,308.8605,284.6988,175.2554,265.7336,337.7309,532.0176,137.4978,532.2882,134.9444,200.2333,1.4838,0,0,0,0
1366,3,0,0,1,1,1,0.989,0.9853,0.8762,0.8298,1126.5402,348.8476,955.5051,357.2574,1152.3593,620.3106,923.9347,624.4472,171.2417,228.462,1.3341,0,0,0,0
1366,3,0,1,1,1,1,0.9811,0.9777,0.7692,0.7661,511.504,349.1818,629.507,351.1146,456.0039,541.0784,637.6648,518.2383,118.0188,183.091,1.5514,0,0,0,0
1366,3,0,2,1,1,1,0.9464,0.9928,0.7532,0.957,314.9582,281.973,176.158,265.2612,336.0602,515.2569,131.5052,531.4592,139.8026,205.1957,1.4678,0,0,0,0
1367,3,0,0,1,1,1,0.989,0.9853,0.8762,0.8297,1126.5679,348.8698,955.5157,357.2902,1152.3394,620.3341,923.9536,624.4695,171.2593,228.4232,1.3338,0,0,0,0
1367,3,0,1,1,1,1,0.9812,0.9777,0.7693,0.766,511.434,349.1672,629.4812,351.115,455.9624,541.0946,637.5857,518.254,118.0633,183.0538,1.5505,0,0,0,0
1367,3,0,2,1,1,1,0.9464,0.9928,0.7531,0.957,314.9556,282.0046,176.148,265.2766,336.0838,515.512,131.4829,531.4605,139.812,205.2216,1.4678,0,0,0,0
1368,3,0,0,1,1,1,0.989,0.9852,0.8782,0.8314,1126.6289,349.1912,956.139,357.0077,1152.2767,620.0746,924.3759,624.354,170.669,227.941,1.3356,0,0,0,0
1368,3,0,1,1,1,1,0.9824,0.977,0.7794,0.7618,512.365,349.6872,631.2909,349.7718,455.0982,541.8159,634.7546,516.258,118.9259,181.4653,1.5259,0,0,0,0
1368,3,0,2,1,1,1,0.9522,0.9937,0.7677,0.9614,321.1751,281.624,179.9026,265.2972,356.9068,528.3642,130.2222,531.1992,142.2128,226.7023,1.5941,0,0,0,0
1369,3,0,0,1,1,1,0.989,0.9852,0.8783,0.8313,1126.6261,349.2181,956.1304,357.035,1152.2825,620.1046,924.3411,624.3414,170.6748,227.9808,1.3358,0,0,0,0
1369,3,0,1,1,1,1,0.9824,0.977,0.7796,0.7613,512.3444,349.6426,631.332,349.7218,455.0447,541.7186,634.3817,515.9758,118.9876,181.1752,1.5226,0,0,0,0
1369,3,0,2,1,1,1,0.9522,0.9937,0.768,0.9614,321.1934,281.6025,179.8984,265.3438,356.8999,527.948,130.1778,531.12,142.2274,226.7443,1.5942,0,0,0,0
1370,3,0,0,1,1,1,0.9888,0.9856,0.8742,0.8321,1126.7808,348.9403,955.9382,356.8152,1152.263,619.599,924.9862,625.0476,171.024,227.342,1.3293,0,0,0,0
1370,3,0,2,1,1,1,0.9446,0.9933,0.7702,0.964,327.5306,282.0152,187.3401,268.9952,367.9286,516.3512,130.2938,528.4462,140.7938,237.9424,1.69,0,0,0,0
1370,3,0,1,1,1,1,0.9792,0.9697,0.8355,0.7584,510.0651,353.001,638.0545,352.9348,463.0535,536.8788,629.6516,506.1364,127.9894,169.4108,1.3236,0,0,0,0
1371,3,0,0,1,1,1,0.9891,0.985,0.8776,0.8276,1127.1489,348.9886,956.0733,356.7266,1151.8427,618.9459,925.1708,624.9253,171.2505,226.7507,1.3241,0,0,0,0
1371,3,0,2,1,1,1,0.9412,0.9941,0.7364,0.9634,334.137,284.1151,197.3054,269.9119,379.7506,517.2718,132.2252,529.5814,137.5668,247.8313,1.8015,0,0,0,0
1371,3,0,1,1,1,1,0.9808,0.9719,0.8205,0.7805,510.9984,355.0116,633.1972,354.4858,464.8553,546.8912,635.4898,506.2823,122.2,175.4002,1.4354,0,0,0,0
1372,3,0,0,1,1,1,0.9891,0.985,0.8776,0.8276,1127.16,348.9752,956.0807,356.7144,1151.8567,618.9428,925.1639,624.9112,171.2543,226.7714,1.3242,0,0,0,0
1372,3,0,2,1,1,1,0.9411,0.994,0.7364,0.9634,334.1294,284.1122,197.311,269.9072,379.7464,517.2769,132.2363,529.5838,137.5538,247.8158,1.8016,0,0,0,0
1372,3,0,1,1,1,1,0.9809,0.9719,0.8207,0.7804,511.0182,355.0124,633.1974,354.5079,464.8424,546.883,635.5142,506.3092,122.1804,175.4284,1.4358,0,0,0,0
1373,3,0,0,1,1,1,0.989,0.9852,0.8769,0.8284,1127.2054,349.1718,956.0973,357.1018,1151.5583,619.6456,925.1155,625.4216,171.2918,226.5165,1.3224,0,0,0,0
1373,3,0,1,1,1,1,0.9802,0.9737,0.8145,0.7924,511.2556,354.442,631.4019,353.6454,468.8292,546.2458,641.6756,507.9258,120.149,177.0433,1.4735,0,0,0,0
1373,3,0,2,1,1,1,0.9409,0.9942,0.7453,0.9656,339.373,284.9922,204.9684,267.7953,384.7304,510.821,142.4284,524.9326,135.5003,242.7125,1.7912,0,0,0,0
1374,3,0,0,1,1,1,0.989,0.9851,0.8774,0.828,1127.2356,349.1328,956.1646,357.0566,1151.553,619.6317,925.1464,625.3979,171.2545,226.48,1.3225,0,0,0,0
1374,3,0,1,1,1,1,0.9802,0.9737,0.8147,0.792,511.3064,354.3838,631.3657,353.6734,468.7774,546.1376,641.5214,507.9866,120.0614,176.9067,1.4735,0,0,0,0
1374,3,0,2,1,1,1,0.9409,0.9942,0.7449,0.9655,339.3608,284.964,205.0053,267.789,384.7752,510.6909,142.2362,524.9884,135.4488,242.9601,1.7937,0,0,0,0
1375,3,0,0,1,1,1,0.989,0.9851,0.8781,0.8291,1128.01,349.5207,956.6312,356.433,1152.3314,620.1872,924.6492,624.5119,171.5182,227.7233,1.3277,0,0,0,0
1375,3,0,1,1,1,1,0.9808,0.9701,0.8247,0.7769,513.3992,355.7545,631.4354,352.3628,477.4166,544.6682,650.673,508.024,118.0849,177.0893,1.4997,0,0,0,0
1375,3,0,2,1,1,1,0.9295,0.9926,0.7607,0.9648,345.9443,286.7746,208.856,270.3867,391.6154,491.9994,151.0962,526.7248,138.0644,243.013,1.7601,0,0,0,0
1376,3,0,0,1,1,1,0.989,0.9851,0.878,0.8291,1127.9926,349.5088,956.6475,356.4184,1152.3257,620.129,924.6456,624.5107,171.4844,227.7222,1.3279,0,0,0,0
1376,3,0,1,1,1,1,0.9808,0.97,0.8247,0.7769,513.3978,355.7382,631.4452,352.337,477.3117,544.5646,650.6702,507.984,118.0964,177.176,1.5003,0,0,0,0
1376,3,0,2,1,1,1,0.9296,0.9926,0.7608,0.9648,345.9351,286.7975,208.8875,270.519,391.5932,492.0094,151.0674,526.7478,138.011,243.0213,1.7609,0,0,0,0
1377,3,0,0,1,1,1,0.9893,0.9847,0.8824,0.8278,1127.6641,349.2548,956.9545,356.0576,1152.636,619.6535,923.7418,623.5367,170.845,228.9271,1.34,0,0,0,0
1377,3,0,1,1,1,1,0.9838,0.982,0.7937,0.8122,518.095,352.3742,628.4243,345.9038,487.5653,540.661,665.7216,515.899,110.5189,179.8689,1.6275,0,0,0,0
1377,3,0,2,1,1,1,0.9331,0.9931,0.7692,0.9656,348.1846,286.0617,213.9695,271.6478,393.6157,478.6841,162.7974,525.203,134.9869,235.4594,1.7443,0,0,0,0
1378,3,0,0,1,1,1,0.9893,0.9846,0.8827,0.8278,1127.7413,349.3096,957.0625,356.109,1152.6382,619.6138,923.777,623.3882,170.8142,228.8923,1.34,0,0,0,0
1378,3,0,1,1,1,1,0.9838,0.982,0.7938,0.8122,518.1026,352.3394,628.414,345.9056,487.5875,540.5237,665.7334,515.7876,110.499,179.855,1.6277,0,0,0,0
1378,3,0,2,1,1,1,0.9411,0.9941,0.7688,0.966,346.766,285.0198,218.3152,269.3601,391.8515,478.789,164.566,524.0353,129.4019,231.7454,1.7909,0,0,0,0
1379,3,0,1,1,1,1,0.9758,0.9822,0.772,0.8297,521.5083,347.9577,624.2801,345.3206,495.2502,529.5036,665.3754,520.3197,102.8056,170.3729,1.6572,0,0,0,0
1379,3,0,0,1,1,1,0.989,0.9851,0.8786,0.8302,1128.1232,349.9416,956.9411,356.4221,1153.0878,620.4826,922.2109,623.9538,171.3047,230.9029,1.3479,0,0,0,0
1379,3,0,2,1,1,1,0.9329,0.9932,0.7664,0.9651,343.3312,283.2336,217.8895,269.3404,391.7602,466.9244,174.0049,521.1009,126.2087,224.3936,1.778,0,0,0,0
1380,3,0,1,1,1,1,0.9805,0.9846,0.7579,0.8267,521.4716,348.4612,625.3126,343.9247,513.9722,528.9194,670.5348,522.2204,103.94,156.7058,1.5077,0,0,0,0
1380,3,0,0,1,1,1,0.9888,0.9853,0.8751,0.8297,1128.3276,349.7832,956.6891,355.8657,1153.1067,620.6461,920.9106,624.1349,171.7463,232.2223,1.3521,0,0,0,0
1380,3,0,2,1,1,1,0.9326,0.9935,0.7611,0.9661,336.6034,282.3367,215.8746,268.392,388.117,460.3917,181.3956,514.6918,121.5315,213.734,1.7587,0,0,0,0
1381,3,0,1,1,1,1,0.9805,0.9846,0.7578,0.8265,521.4882,348.4424,625.3148,343.9097,513.9178,529.1336,670.5902,522.2318,103.9256,156.8244,1.509,0,0,0,0
1381,3,0,0,1,1,1,0.9888,0.9853,0.875,0.8295,1128.3322,349.7678,956.6893,355.8553,1153.1143,620.6768,920.916,624.1614,171.7507,232.2244,1.3521,0,0,0,0
1381,3,0,2,1,1,1,0.9325,0.9935,0.7612,0.9661,336.6403,282.3544,215.7719,268.4639,388.112,460.3822,181.489,515.0676,121.664,213.7372,1.7568,0,0,0,0
1382,3,0,0,1,1,1,0.9886,0.9854,0.875,0.8323,1129.4875,349.9252,958.0352,355.2508,1153.0669,619.9674,920.923,624.0507,171.5351,232.1798,1.3535,0,0,0,0
1382,3,0,1,1,1,1,0.9801,0.9858,0.7559,0.8325,525.7326,345.991,627.4036,344.0488,521.9134,509.7702,671.2053,523.681,101.6895,149.9387,1.4745,0,0,0,0
1382,3,0,2,1,1,1,0.9113,0.9903,0.7532,0.9626,331.5853,283.1016,205.4871,269.8974,388.4228,460.4016,187.005,519.292,126.7876,209.8504,1.6551,0,0,0,0
1383,3,0,0,1,1,1,0.9886,0.9855,0.8746,0.8322,1129.349,350.0112,957.9807,355.3568,1153.0657,619.961,920.8542,623.9813,171.4517,232.2462,1.3546,0,0,0,0
1383,3,0,1,1,1,1,0.9801,0.9858,0.7554,0.8327,525.7276,345.9812,627.3294,344.0192,521.916,509.8446,671.1912,523.6534,101.6206,149.9126,1.4752,0,0,0,0
1383,3,0,2,1,1,1,0.9114,0.9903,0.7532,0.9626,331.567,283.0925,205.4742,269.9278,388.5097,460.4398,187.0138,519.2864,126.7782,209.9131,1.6558,0,0,0,0
1384,3,0,0,1,1,1,0.9887,0.9855,0.8738,0.8284,1130.2943,349.4784,958.8315,354.8657,1153.75,619.8124,921.2928,623.9864,171.5474,232.4946,1.3553,0,0,0,0
1384,3,0,2,1,1,1,0.9151,0.9902,0.7492,0.9615,322.2373,286.695,195.2061,273.4089,386.6416,473.8448,191.0939,517.9391,127.7241,200.4576,1.5695,0,0,0,0
1384,3,0,1,1,1,1,0.9769,0.9857,0.7526,0.8415,532.0117,344.5778,631.6848,344.0369,533.718,502.6384,672.7458,525.5684,99.6746,140.906,1.4137,0,0,0,0
1385,3,0,0,1,1,1,0.9887,0.9855,0.8739,0.8285,1130.2903,349.4681,958.8433,354.86,1153.7327,619.7912,921.2967,623.9934,171.5318,232.474,1.3553,0,0,0,0
1385,3,0,2,1,1,1,0.9151,0.9901,0.7492,0.9615,322.2594,286.7335,195.2201,273.4227,386.6045,473.846,191.0759,517.8103,127.7348,200.4103,1.569,0,0,0,0
1385,3,0,1,1,1,1,0.9768,0.9856,0.7526,0.8415,532.039,344.5672,631.6724,344.0222,533.7306,502.6546,672.7812,525.5708,99.6348,140.9262,1.4144,0,0,0,0
1386,3,0,0,1,1,1,0.9885,0.9856,0.8711,0.829,1131.1733,348.9581,959.0309,354.8393,1154.396,619.7222,922.1411,624.6712,172.2429,232.3076,1.3487,0,0,0,0
1386,3,0,2,1,1,1,0.9163,0.99,0.7369,0.9587,309.8662,286.3034,188.0686,273.2285,376.6343,491.1352,192.7332,517.1757,122.4973,185.7356,1.5162,0,0,0,0
1386,3,0,1,1,1,1,0.9751,0.9873,0.7542,0.8601,536.2047,345.5193,636.3594,347.0479,546.1102,506.7984,672.1568,527.7678,100.1663,127.7789,1.2757,0,0,0,0
1387,3,0,0,1,1,1,0.9883,0.9858,0.8707,0.8322,1131.7668,349.1043,959.5665,354.9142,1155.1678,620.063,923.1224,624.7564,172.2984,232.0929,1.347,0,0,0,0
1387,3,0,2,1,1,1,0.9248,0.9906,0.7482,0.9602,300.9063,285.5854,175.0029,271.461,361.9173,502.6494,186.1378,516.5055,126.6932,176.3248,1.3917,0,0,0,0
1387,3,0,1,1,1,1,0.9743,0.987,0.7588,0.8594,541.4328,344.9172,640.7828,348.1074,550.611,499.3634,675.987,529.767,99.4011,129.0098,1.2979,0,0,0,0
1388,3,0,0,1,1,1,0.9883,0.9858,0.8706,0.8323,1131.7528,349.0769,959.5626,354.8996,1155.1716,620.0786,923.1052,624.7822,172.2887,232.1141,1.3472,0,0,0,0
1388,3,0,2,1,1,1,0.9247,0.9906,0.7481,0.9603,300.921,285.6299,175.0004,271.4733,361.9676,502.6403,186.1301,516.5206,126.7138,176.3845,1.392,0,0,0,0
1388,3,0,1,1,1,1,0.9742,0.987,0.7587,0.8596,541.4203,344.902,640.7452,348.1024,550.6172,499.3351,675.9898,529.8024,99.3764,129.0215,1.2983,0,0,0,0
1389,3,0,0,1,1,1,0.9882,0.9858,0.8706,0.8336,1132.3704,349.9841,960.0493,355.622,1156.0657,621.4626,924.0974,625.3371,172.4133,232.0007,1.3456,0,0,0,0
1389,3,0,1,1,1,1,0.9762,0.9881,0.7638,0.8622,545.4438,345.265,645.2289,350.448,557.726,498.1666,682.2193,532.1432,99.9197,129.0464,1.2915,0,0,0,0
1389,3,0,2,1,1,1,0.9018,0.9928,0.6407,0.9595,288.8436,289.6492,170.3675,271.1266,329.8882,508.5486,182.5714,516.6781,119.9153,147.5409,1.2304,0,0,0,0
1390,3,0,0,1,1,1,0.9882,0.9858,0.8706,0.8333,1132.4167,350.04,960.0209,355.6576,1156.0417,621.3374,924.1136,625.3135,172.4874,231.9622,1.3448,0,0,0,0
1390,3,0,1,1,1,1,0.9761,0.9881,0.7634,0.8621,545.4107,345.0818,645.226,350.3932,557.7354,498.201,682.1979,532.2805,99.9565,129.0439,1.291,0,0,0,0
1390,3,0,2,1,1,1,0.9026,0.9928,0.6428,0.9596,288.8266,289.729,170.3994,271.0848,330.4924,508.5676,182.682,516.5661,119.8857,148.0266,1.2347,0,0,0,0
1391,3,0,0,1,1,1,0.9881,0.986,0.8676,0.8322,1133.0928,350.2864,960.1566,355.6382,1157.536,623.1354,924.9813,626.455,173.019,232.5784,1.3442,0,0,0,0
1391,3,0,1,1,1,1,0.9788,0.9886,0.7863,0.8631,551.0984,344.5234,652.2258,351.566,563.6696,489.7505,689.0842,533.9539,101.3723,132.9766,1.3118,0,0,0,0
1391,3,0,2,1,1,1,0.9061,0.991,0.7032,0.9595,279.0024,289.037,159.9287,273.0714,314.0956,517.9718,161.4572,521.2562,120.1393,152.6737,1.2708,0,0,0,0
1392,3,0,0,1,1,1,0.9881,0.986,0.8676,0.8323,1133.0879,350.2718,960.1761,355.6109,1157.584,623.0562,924.9351,626.4359,172.9942,232.6734,1.345,0,0,0,0
1392,3,0,1,1,1,1,0.9788,0.9886,0.7859,0.8633,551.098,344.5182,652.23,351.5473,563.726,489.8442,689.1282,533.9754,101.3759,132.9409,1.3114,0,0,0,0
1392,3,0,2,1,1,1,0.9062,0.991,0.703,0.9594,279.0309,289.011,159.931,273.0603,314.076,518.0006,161.5031,521.3454,120.1633,152.6096,1.27,0,0,0,0
1393,3,0,0,1,1,1,0.9878,0.9863,0.865,0.8365,1133.605,351.0043,960.6973,356.0766,1157.7953,623.4126,925.2664,626.6034,172.9821,232.5508,1.3444,0,0,0,0
1393,3,0,1,1,1,1,0.9811,0.9861,0.8142,0.8433,559.2168,345.237,663.5228,350.8506,562.3554,489.2212,694.347,530.1942,104.4569,138.2049,1.3231,0,0,0,0
1393,3,0,2,1,1,1,0.9029,0.9898,0.7032,0.9562,272.6858,288.6561,150.2801,275.44,301.2106,517.1471,141.4256,530.18,123.1172,160.3157,1.3021,0,0,0,0
1394,3,0,0,1,1,1,0.9878,0.9863,0.8652,0.8364,1133.586,351.0285,960.6929,356.0806,1157.7957,623.4779,925.2996,626.6935,172.967,232.5183,1.3443,0,0,0,0
1394,3,0,1,1,1,1,0.9811,0.9861,0.8141,0.8432,559.2111,345.2476,663.5194,350.8484,562.422,489.3834,694.358,530.1945,104.4585,138.1038,1.3221,0,0,0,0
1394,3,0,2,1,1,1,0.903,0.9898,0.7044,0.9564,272.6746,288.6409,150.3263,275.3269,301.1911,516.9004,141.3143,530.0829,123.0705,160.4194,1.3035,0,0,0,0
1395,3,0,0,1,1,1,0.988,0.9863,0.8672,0.8362,1134.1431,351.6506,961.3264,356.616,1158.3652,624.032,925.2377,626.8848,172.888,233.145,1.3485,0,0,0,0
1395,3,0,1,1,1,1,0.984,0.9806,0.817,0.7937,571.8908,345.5277,672.7834,350.3508,563.8136,497.6039,700.5662,528.4773,101.0077,140.1943,1.388,0,0,0,0
1395,3,0,2,1,1,1,0.8968,0.9877,0.6514,0.9395,265.0886,288.1066,141.7302,274.608,274.771,528.9197,119.3817,532.5093,124.0947,155.4307,1.2525,0,0,0,0
1396,3,0,0,1,1,1,0.9878,0.9866,0.8653,0.8383,1134.7859,351.7188,961.9085,357.0371,1159.0219,623.909,924.9077,626.8172,172.9592,234.1322,1.3537,0,0,0,0
1396,3,0,1,1,1,1,0.9842,0.9829,0.8216,0.8202,576.701,346.7034,678.9381,350.742,565.095,502.1837,709.7176,520.6899,102.3168,145.8018,1.425,0,0,0,0
1396,3,0,2,1,1,1,0.8926,0.9861,0.6053,0.9218,256.6258,290.3633,135.1331,277.5557,263.1488,540.0412,99.6947,547.8042,122.1659,163.6383,1.3395,0,0,0,0
1397,3,0,0,1,1,1,0.9878,0.9866,0.8654,0.8386,1134.7739,351.732,961.8935,357.069,1159.0067,623.8806,924.8995,626.8206,172.9628,234.1256,1.3536,0,0,0,0
1397,3,0,1,1,1,1,0.9842,0.9828,0.8218,0.8201,576.6506,346.7424,678.9424,350.741,565.131,502.1936,709.6456,520.7171,102.3699,145.6969,1.4232,0,0,0,0
1397,3,0,2,1,1,1,0.8935,0.9862,0.6057,0.9218,256.6316,290.3394,135.1943,277.5376,263.5355,540.1804,99.7702,548.1012,122.1102,163.9568,1.3427,0,0,0,0
1398,3,0,0,1,1,1,0.9876,0.9869,0.8633,0.8418,1135.7623,351.2462,963.1962,356.628,1159.3013,624.4529,924.576,626.029,172.65,234.7305,1.3596,0,0,0,0
1398,3,0,1,1,1,1,0.9833,0.9805,0.8292,0.8153,582.0823,347.5258,684.8232,350.9203,562.7422,507.6124,714.5968,519.8812,102.797,152.3494,1.482,0,0,0,0
1398,3,0,2,1,1,1,0.8997,0.9915,0.6357,0.9485,251.5926,292.6424,130.9555,281.3354,256.1821,540.24,81.3871,547.2414,121.1659,174.9352,1.4438,0,0,0,0
1399,3,0,0,1,1,1,0.9876,0.9869,0.8633,0.8418,1135.7733,351.2525,963.2026,356.6296,1159.2955,624.4732,924.593,626.023,172.6544,234.7076,1.3594,0,0,0,0
1399,3,0,1,1,1,1,0.9833,0.9805,0.829,0.8152,582.0636,347.5323,684.833,350.9211,562.7486,507.6217,714.5678,519.8897,102.8254,152.3142,1.4813,0,0,0,0
1399,3,0,2,1,1,1,0.8997,0.9915,0.6358,0.9485,251.6087,292.6565,130.9246,281.3404,256.19,540.3877,81.3702,547.2196,121.2135,174.9532,1.4433,0,0,0,0
1400,3,0,0,1,1,1,0.9876,0.987,0.8616,0.8401,1136.6959,351.3485,963.8149,356.8308,1159.3726,625.3796,924.5425,627.1188,172.9679,234.8365,1.3577,0,0,0,0
1400,3,0,1,1,1,1,0.9833,0.9809,0.8304,0.8234,585.5761,347.7012,689.8084,349.7716,559.8489,512.599,717.9046,514.952,104.2529,158.0732,1.5162,0,0,0,0
1400,3,0,2,1,1,1,0.9151,0.9923,0.6603,0.9486,247.3652,291.7258,127.1768,281.9439,251.5158,531.9018,68.2591,548.2705,120.5858,183.9863,1.5258,0,0,0,0
1401,3,0,0,1,1,1,0.9876,0.987,0.8616,0.8403,1136.6868,351.362,963.8176,356.8613,1159.3986,625.328,924.545,627.0707,172.9566,234.86,1.3579,0,0,0,0
1401,3,0,1,1,1,1,0.9832,0.9809,0.8305,0.8237,585.5498,347.8029,689.794,349.822,559.8122,512.6475,718.0532,514.9695,104.2638,158.2581,1.5179,0,0,0,0
1401,3,0,2,1,1,1,0.9153,0.9923,0.6604,0.9486,247.3812,291.7544,127.1705,281.9728,251.525,531.9009,68.2332,548.3554,120.608,184.0289,1.5258,0,0,0,0
1402,3,0,0,1,1,1,0.9875,0.9871,0.8607,0.8402,1137.3701,350.7251,964.261,356.6251,1159.2368,623.94,925.0661,627.2404,173.2096,234.194,1.3521,0,0,0,0
1402,3,0,1,1,1,1,0.9856,0.9816,0.8454,0.8261,587.4019,346.8605,692.0916,347.6986,557.872,517.764,720.9598,510.1196,104.6931,163.2669,1.5595,0,0,0,0
1402,3,0,2,1,1,1,0.9229,0.9892,0.6219,0.9187,244.4676,288.7956,122.3104,280.4332,249.6252,533.3058,60.9999,553.4809,122.4431,189.7012,1.5493,0,0,0,0
1403,3,0,0,1,1,1,0.9875,0.987,0.8609,0.8401,1137.3679,350.6884,964.2725,356.5789,1159.2509,623.9458,925.0548,627.2418,173.1957,234.2192,1.3523,0,0,0,0
1403,3,0,1,1,1,1,0.9856,0.9816,0.8452,0.826,587.3896,346.8513,692.0583,347.686,557.9202,517.7932,720.9895,510.2182,104.672,163.2452,1.5596,0,0,0,0
1403,3,0,2,1,1,1,0.9228,0.9892,0.6219,0.9186,244.5065,288.775,122.2805,280.3864,249.5337,533.3866,61.0263,553.4362,122.5136,189.5707,1.5473,0,0,0,0
1404,3,0,0,1,1,1,0.9876,0.9872,0.8598,0.8404,1137.9126,350.7394,964.5828,356.7856,1160.0486,625.4348,925.9737,627.6259,173.4353,234.0851,1.3497,0,0,0,0
1404,3,0,1,1,1,1,0.9846,0.9813,0.8423,0.8318,588.2476,345.8384,692.3665,346.6039,554.125,514.8852,722.6837,506.359,104.1217,168.7743,1.6209,0,0,0,0
1404,3,0,2,1,1,1,0.9282,0.9898,0.6246,0.9185,244.7955,285.7032,120.1651,277.5752,246.5489,528.4636,62.1982,548.7878,124.8951,185.4677,1.485,0,0,0,0
1405,3,0,0,1,1,1,0.9876,0.9873,0.8596,0.8404,1137.9215,350.7507,964.5826,356.7637,1160.0277,625.4566,925.9688,627.6696,173.4431,234.0694,1.3495,0,0,0,0
1405,3,0,1,1,1,1,0.9845,0.9814,0.8422,0.8321,588.293,345.8318,692.4136,346.5759,554.0772,514.9378,722.6313,506.3432,104.1233,168.7731,1.6209,0,0,0,0
1405,3,0,2,1,1,1,0.9282,0.9898,0.6244,0.9184,244.7796,285.6874,120.1128,277.5728,246.4798,528.4096,62.2383,548.8378,124.9306,185.3706,1.4838,0,0,0,0
1406,3,0,0,1,1,1,0.9873,0.9873,0.8595,0.8447,1138.0062,351.1503,964.376,356.9102,1160.0706,625.2041,926.8958,627.3106,173.7257,233.1843,1.3423,0,0,0,0
1406,3,0,1,1,1,1,0.9844,0.9813,0.8373,0.8293,586.748,346.2989,691.5857,346.3872,552.7692,514.1832,723.425,504.3782,104.8377,170.9373,1.6305,0,0,0,0
1406,3,0,2,1,1,1,0.9331,0.9904,0.6168,0.915,246.3264,282.4495,122.3102,272.9805,248.3875,524.9741,65.265,541.3288,124.3772,183.8514,1.4782,0,0,0,0
1407,3,0,0,1,1,1,0.9873,0.9874,0.858,0.8434,1138.6355,350.0644,964.9253,356.0784,1160.8911,625.0448,927.1191,627.1282,173.8143,233.7813,1.345,0,0,0,0
1407,3,0,1,1,1,1,0.9843,0.981,0.8346,0.8263,584.9858,348.0045,690.2656,346.4158,550.9032,519.1305,722.6015,505.7696,105.2918,172.2174,1.6356,0,0,0,0
1407,3,0,2,1,1,1,0.9398,0.9908,0.6249,0.9142,249.8772,283.0603,122.5211,271.0275,249.7635,526.5466,79.7021,537.6685,127.9233,170.4247,1.3322,0,0,0,0
1408,3,0,0,1,1,1,0.9873,0.9874,0.8581,0.8434,1138.6272,350.059,964.954,356.098,1160.8859,625.0376,927.1343,627.0856,173.7782,233.7606,1.3452,0,0,0,0
1408,3,0,1,1,1,1,0.9843,0.981,0.8346,0.8264,585.0,348.0268,690.2796,346.3995,550.8974,519.136,722.6084,505.7766,105.2922,172.23,1.6357,0,0,0,0
1408,3,0,2,1,1,1,0.9398,0.9908,0.6249,0.9143,249.8654,283.0756,122.5163,271.0246,249.7369,526.5816,79.7334,537.6642,127.918,170.3643,1.3318,0,0,0,0
1409,3,0,0,1,1,1,0.9871,0.988,0.8528,0.8462,1139.3431,350.4072,964.9341,356.5858,1161.7101,625.8161,928.3146,627.9272,174.5185,233.405,1.3374,0,0,0,0
1409,3,0,1,1,1,1,0.9858,0.9821,0.8366,0.8246,583.2526,349.2938,688.813,345.9087,550.1294,522.253,720.307,507.7436,105.6147,170.795,1.6172,0,0,0,0
1409,3,0,2,1,1,1,0.9413,0.9911,0.6244,0.9152,256.9465,282.8508,125.9835,271.4216,270.1755,526.786,96.0788,535.3808,131.4608,174.3088,1.3259,0,0,0,0
1410,3,0,0,1,1,1,0.9871,0.988,0.8528,0.8462,1139.3972,350.2922,965.0767,356.5377,1161.745,625.8171,928.2512,627.8658,174.4323,233.5028,1.3386,0,0,0,0
1410,3,0,1,1,1,1,0.9858,0.9822,0.8367,0.8257,583.224,349.2674,688.7598,345.7669,550.0901,522.1205,720.4222,506.9402,105.5938,171.0073,1.6195,0,0,0,0
1410,3,0,2,1,1,1,0.9413,0.9911,0.6243,0.9151,256.9473,282.8306,125.9108,271.381,269.9636,526.8362,96.2058,535.2979,131.5357,173.9637,1.3226,0,0,0,0
1411,3,0,0,1,1,1,0.9875,0.9876,0.856,0.8412,1139.8682,350.476,964.9978,356.1074,1161.8035,625.8442,928.5062,628.946,174.961,233.3179,1.3335,0,0,0,0
1411,3,0,1,1,1,1,0.9857,0.9824,0.831,0.8244,580.9818,349.7648,686.3564,345.7618,550.552,522.5091,716.0166,507.3854,105.4506,166.1544,1.5757,0,0,0,0
1411,3,0,2,1,1,1,0.9414,0.9915,0.6412,0.923,265.0351,283.3768,132.9161,272.8912,278.8543,532.5768,115.0764,537.3478,132.5344,163.8474,1.2363,0,0,0,0
1412,3,0,0,1,1,1,0.9875,0.9876,0.856,0.8412,1139.8724,350.487,964.9877,356.1329,1161.8047,625.8348,928.5208,628.8922,174.9758,233.304,1.3333,0,0,0,0
1412,3,0,1,1,1,1,0.9857,0.9824,0.8307,0.8243,580.9923,349.7655,686.3836,345.7753,550.531,522.6488,715.9924,507.3896,105.4669,166.1636,1.5755,0,0,0,0
1412,3,0,2,1,1,1,0.9412,0.9915,0.6403,0.9227,265.026,283.3908,132.92,272.892,278.7535,532.6543,115.074,537.3551,132.5225,163.7469,1.2356,0,0,0,0
1413,3,0,0,1,1,1,0.9876,0.9876,0.8563,0.8398,1140.0886,350.7343,965.3179,356.0076,1162.2616,626.2627,928.3547,627.4741,174.8503,233.91,1.3378,0,0,0,0
1413,3,0,1,1,1,1,0.9857,0.9828,0.8233,0.819,579.0262,349.9877,685.3586,346.3717,550.9647,524.1815,714.0674,512.5904,106.3939,163.514,1.5369,0,0,0,0
1413,3,0,2,1,1,1,0.9604,0.9943,0.7366,0.9474,273.595,284.341,139.7331,279.74,299.3099,519.1714,134.6499,538.2396,133.9409,165.7604,1.2376,0,0,0,0
1414,3,0,0,1,1,1,0.9876,0.9876,0.8563,0.8398,1140.0912,350.7204,965.3347,356.072,1162.2407,626.1974,928.4105,627.5711,174.8384,233.8343,1.3374,0,0,0,0
1414,3,0,1,1,1,1,0.9857,0.9828,0.8235,0.8182,579.1047,350.0589,685.4978,346.4177,551.043,524.234,713.9906,512.7584,106.4554,163.3511,1.5345,0,0,0,0
1414,3,0,2,1,1,1,0.9605,0.9943,0.7369,0.9476,273.6362,284.365,139.7476,279.662,299.2973,519.2828,134.4063,538.0833,133.9711,165.9593,1.2388,0,0,0,0
1415,3,0,0,1,1,1,0.988,0.9873,0.8612,0.8371,1140.6053,350.9516,966.1629,355.8624,1163.4734,626.212,928.3826,627.9314,174.5116,235.097,1.3472,0,0,0,0
1415,3,0,1,1,1,1,0.9854,0.9823,0.8276,0.8209,577.6542,350.2773,683.8524,346.6651,552.5638,518.9873,712.3489,512.0091,106.2596,159.9373,1.5052,0,0,0,0
1415,3,0,2,1,1,1,0.9657,0.9957,0.7492,0.9541,283.7641,284.4827,154.3137,279.904,320.0434,511.5481,151.6641,537.9336,129.5313,170.4341,1.3158,0,0,0,0
1416,3,0,0,1,1,1,0.9875,0.9877,0.8572,0.8413,1141.2535,350.7181,966.0061,356.066,1163.6913,626.1446,928.042,627.6559,175.329,235.6541,1.3441,0,0,0,0
1416,3,0,1,1,1,1,0.9852,0.9822,0.8272,0.8202,576.9416,349.8598,682.8942,346.6958,553.5058,515.742,712.0778,512.3524,105.9999,158.6081,1.4963,0,0,0,0
1416,3,0,2,1,1,1,0.9485,0.9954,0.682,0.9537,298.1284,278.8165,165.3428,276.2662,327.7118,503.0402,171.8442,536.5062,132.81,159.4199,1.2004,0,0,0,0
1417,3,0,0,1,1,1,0.9875,0.9877,0.8572,0.8413,1141.266,350.7064,965.9879,356.0751,1163.6748,626.143,928.062,627.6728,175.3603,235.6178,1.3436,0,0,0,0
1417,3,0,1,1,1,1,0.9853,0.9822,0.8271,0.8202,576.9292,349.8637,682.8903,346.6922,553.5018,515.773,712.0223,512.3686,106.0086,158.5571,1.4957,0,0,0,0
1417,3,0,2,1,1,1,0.9482,0.9954,0.6813,0.9536,298.1417,278.7886,165.3372,276.2715,327.6325,503.1421,171.9701,536.5096,132.8283,159.1985,1.1985,0,0,0,0
1418,3,0,0,1,1,1,0.9875,0.9878,0.8568,0.8428,1141.6107,350.9491,966.8843,355.707,1162.9728,626.448,927.929,627.5286,174.7912,235.0463,1.3447,0,0,0,0
1418,3,0,1,1,1,1,0.9841,0.9821,0.8212,0.8237,575.9204,347.974,681.1388,346.2762,553.6184,512.0232,710.934,512.222,105.232,157.3156,1.4949,0,0,0,0
1418,3,0,2,1,1,1,0.9479,0.9948,0.7512,0.9622,315.1188,280.3486,177.6042,276.5158,343.1839,500.2683,182.9968,525.7286,137.568,162.1978,1.179,0,0,0,0
1419,3,0,0,1,1,1,0.9875,0.9877,0.8568,0.8428,1141.6025,350.9453,966.8734,355.7038,1162.9799,626.4232,927.9312,627.5224,174.794,235.0513,1.3447,0,0,0,0
1419,3,0,1,1,1,1,0.9842,0.9822,0.8214,0.8237,575.9098,348.045,681.1764,346.3083,553.651,512.0543,710.9314,512.205,105.2808,157.2804,1.4939,0,0,0,0
1419,3,0,2,1,1,1,0.9479,0.9949,0.7513,0.9622,315.1273,280.3388,177.6273,276.4755,343.1495,500.2516,182.9717,525.6562,137.5542,162.1799,1.179,0,0,0,0
1420,3,0,0,1,1,1,0.9873,0.9879,0.8553,0.8456,1141.6221,351.1807,966.5886,355.8883,1164.0784,626.2342,927.9308,628.0346,175.0967,236.1544,1.3487,0,0,0,0
1420,3,0,1,1,1,1,0.9843,0.9812,0.827,0.8184,575.8862,346.964,680.6432,346.6026,555.4554,508.806,710.485,513.1226,104.7575,155.0896,1.4805,0,0,0,0
1420,3,0,2,1,1,1,0.9753,0.9957,0.8137,0.9592,330.6741,284.239,188.3901,278.89,387.4019,508.3492,185.706,526.5652,142.3845,202.5168,1.4223,0,0,0,0
1421,3,0,0,1,1,1,0.9873,0.9879,0.8554,0.8453,1141.5248,351.1999,966.529,355.8853,1164.1023,626.2428,927.9128,628.0664,175.0585,236.1966,1.3492,0,0,0,0
1421,3,0,1,1,1,1,0.9843,0.9812,0.8264,0.818,575.84,347.0233,680.642,346.654,555.5142,508.956,710.4088,513.2072,104.8027,154.953,1.4785,0,0,0,0
1421,3,0,2,1,1,1,0.9753,0.9957,0.8135,0.9593,330.6735,284.2359,188.3802,278.8921,387.3909,508.3884,185.7028,526.564,142.3937,202.5054,1.4222,0,0,0,0
1422,3,0,0,1,1,1,0.9875,0.9874,0.8594,0.8427,1141.4884,350.8879,967.0626,355.8684,1163.9479,626.7085,928.2041,627.8195,174.4969,235.7464,1.351,0,0,0,0
1422,3,0,1,1,1,1,0.9839,0.9818,0.819,0.819,574.9994,346.3559,679.9242,346.7073,557.0485,508.5114,709.4474,513.6717,104.9254,152.4861,1.4533,0,0,0,0
1422,3,0,2,1,1,1,0.9749,0.9954,0.8195,0.957,344.2585,286.4461,203.2458,281.4162,398.4659,502.8142,184.5795,527.1954,141.1024,215.2715,1.5256,0,0,0,0
1423,3,0,0,1,1,1,0.9873,0.9878,0.8568,0.8451,1142.041,351.1821,966.3999,355.6474,1164.0671,627.2752,927.9231,628.2302,175.6979,236.146,1.344,0,0,0,0
1423,3,0,1,1,1,1,0.9842,0.9821,0.8202,0.8196,574.5408,346.3583,680.4726,346.7047,557.7265,508.1437,708.5808,513.491,105.9323,150.9491,1.425,0,0,0,0
1423,3,0,2,1,1,1,0.9835,0.9945,0.8586,0.9457,360.9036,285.5946,219.293,281.669,416.7562,507.6632,181.2172,532.182,141.665,236.8117,1.6716,0,0,0,0
1424,3,0,0,1,1,1,0.9873,0.9878,0.8567,0.845,1142.0205,351.2008,966.3995,355.6456,1164.0573,627.2858,927.9609,628.2578,175.6773,236.0983,1.3439,0,0,0,0
1424,3,0,1,1,1,1,0.9842,0.9821,0.8202,0.8196,574.5454,346.3478,680.469,346.6837,557.7323,508.1574,708.6094,513.5022,105.9241,150.9717,1.4253,0,0,0,0
1424,3,0,2,1,1,1,0.9835,0.9945,0.8586,0.9457,360.9018,285.602,219.295,281.6786,416.7618,507.6505,181.2083,532.1656,141.6611,236.8258,1.6718,0,0,0,0
1425,3,0,0,1,1,1,0.9875,0.9876,0.8573,0.8424,1142.1798,351.8736,966.2236,356.0141,1164.0068,628.3885,928.139,627.7712,176.0049,235.8686,1.3401,0,0,0,0
1425,3,0,2,1,1,1,0.9807,0.995,0.8434,0.9507,371.6088,286.4496,227.505,279.318,432.2698,504.9442,177.0082,533.8444,144.2801,256.8924,1.7805,0,0,0,0
1425,3,0,1,1,1,1,0.985,0.9816,0.824,0.8127,574.511,346.8993,680.9188,347.0701,557.7348,509.4516,706.6729,513.057,106.408,148.9818,1.4001,0,0,0,0
1426,3,0,0,1,1,1,0.9875,0.9876,0.8572,0.8424,1142.1932,351.8622,966.1984,356.0716,1164.0203,628.3734,928.1465,627.8674,176.0452,235.8743,1.3399,0,0,0,0
1426,3,0,2,1,1,1,0.9807,0.995,0.8436,0.9508,371.6028,286.5194,227.6072,279.3601,432.4156,504.7887,177.1076,533.6147,144.1735,256.9301,1.7821,0,0,0,0
1426,3,0,1,1,1,1,0.9849,0.9817,0.8236,0.8129,574.4942,346.9118,680.8684,347.0861,557.7866,509.4483,706.6771,513.039,106.3744,148.9338,1.4001,0,0,0,0
1427,3,0,2,1,1,1,0.9773,0.9953,0.8251,0.954,380.9103,286.3006,235.6114,275.5404,443.1046,507.7334,171.5168,528.8547,145.6968,272.4079,1.8697,0,0,0,0
1427,3,0,0,1,1,1,0.9875,0.9876,0.8584,0.8426,1141.823,352.106,966.4575,355.478,1163.7725,628.2087,927.9903,627.5598,175.3979,235.7831,1.3443,0,0,0,0
1427,3,0,1,1,1,1,0.9852,0.9819,0.8218,0.8117,574.042,347.0098,680.1313,347.2197,555.7382,510.686,706.4638,513.0122,106.0894,150.7436,1.4209,0,0,0,0
1428,3,0,2,1,1,1,0.9773,0.9953,0.8251,0.954,380.9101,286.3022,235.6162,275.555,443.0978,507.7202,171.5195,528.8494,145.6908,272.399,1.8697,0,0,0,0
1428,3,0,0,1,1,1,0.9875,0.9876,0.8583,0.8427,1141.8163,352.1082,966.4563,355.4764,1163.7731,628.2088,927.9883,627.5439,175.3923,235.7857,1.3443,0,0,0,0
1428,3,0,1,1,1,1,0.9852,0.9819,0.8219,0.8116,574.0509,347.0082,680.1316,347.2197,555.7379,510.662,706.4632,513.0096,106.081,150.7436,1.421,0,0,0,0
1429,3,0,2,1,1,1,0.9804,0.9964,0.8076,0.9527,388.376,289.3434,244.2322,275.972,455.2594,515.879,167.2483,523.2264,144.7626,288.1048,1.9902,0,0,0,0
1429,3,0,0,1,1,1,0.9875,0.9877,0.8564,0.8417,1141.5466,351.6945,966.8322,355.7125,1164.0872,628.5375,927.8806,627.4808,174.7607,236.2089,1.3516,0,0,0,0
1429,3,0,1,1,1,1,0.9841,0.9838,0.8087,0.8298,571.7284,347.3917,676.6288,346.3396,554.646,510.6072,706.598,511.17,104.9057,151.9531,1.4485,0,0,0,0
1430,3,0,2,1,1,1,0.9804,0.9964,0.8079,0.9528,388.4568,289.3737,244.1907,275.9804,455.2177,515.8894,167.301,523.1832,144.8864,288.009,1.9878,0,0,0,0
1430,3,0,0,1,1,1,0.9875,0.9877,0.8562,0.842,1141.5636,351.6734,966.8314,355.7052,1164.1162,628.584,927.8845,627.4578,174.7787,236.2344,1.3516,0,0,0,0
1430,3,0,1,1,1,1,0.9842,0.9838,0.8089,0.8297,571.7148,347.3933,676.6271,346.3556,554.6564,510.5838,706.5791,511.1592,104.9174,151.9238,1.448,0,0,0,0
1431,3,0,2,1,1,1,0.9802,0.9962,0.8031,0.9502,391.4273,291.8008,248.9566,274.599,460.3764,519.4577,163.4496,523.6734,143.5054,296.9567,2.0693,0,0,0,0
1431,3,0,0,1,1,1,0.9878,0.9873,0.861,0.8403,1141.4747,351.9614,966.8777,356.2848,1163.0016,627.4099,927.9903,627.9079,174.6505,235.0118,1.3456,0,0,0,0
1431,3,0,1,1,1,1,0.9834,0.9852,0.787,0.8357,569.7614,347.1932,670.2574,345.5296,556.4084,513.3628,707.1115,509.0696,100.5097,150.7642,1.5,0,0,0,0
1432,3,0,2,1,1,1,0.9813,0.9964,0.8045,0.9501,395.7046,291.6154,254.4338,273.8874,460.4392,521.706,162.4777,520.6948,142.3789,297.9632,2.0927,0,0,0,0
1432,3,0,0,1,1,1,0.9877,0.9869,0.8631,0.8395,1141.6799,352.4778,966.8149,356.6153,1163.5297,627.3638,927.8346,628.2896,174.9139,235.6969,1.3475,0,0,0,0
1432,3,0,1,1,1,1,0.9803,0.9862,0.7319,0.8299,568.7858,347.5381,661.8119,347.1046,559.0448,512.2276,705.4062,509.84,93.0271,146.3809,1.5735,0,0,0,0
1433,3,0,2,1,1,1,0.9813,0.9964,0.8046,0.9502,395.6982,291.5858,254.4264,273.8391,460.3838,521.6552,162.5057,520.6815,142.3822,297.8796,2.0921,0,0,0,0
1433,3,0,0,1,1,1,0.9876,0.9869,0.863,0.8397,1141.6582,352.4473,966.8292,356.601,1163.5317,627.3401,927.8153,628.2697,174.8784,235.7183,1.3479,0,0,0,0
1433,3,0,1,1,1,1,0.9803,0.9862,0.732,0.8299,568.7813,347.5392,661.801,347.1102,559.0327,512.2583,705.3861,509.8258,93.0207,146.3736,1.5736,0,0,0,0
1434,3,0,2,1,1,1,0.9826,0.9963,0.8102,0.9461,399.2055,290.8861,255.3554,273.7132,459.736,526.8563,162.64,522.5288,144.8715,297.1275,2.051,0,0,0,0
1434,3,0,0,1,1,1,0.9879,0.9866,0.8655,0.8357,1141.6918,352.4104,967.0829,357.1435,1162.8131,627.7822,927.6656,628.2176,174.673,235.1479,1.3462,0,0,0,0
1434,3,0,1,1,1,1,0.9728,0.9874,0.6252,0.8283,569.98,351.5526,653.372,348.5912,565.2222,526.0158,698.6046,509.7916,83.4446,134.3655,1.6102,0,0,0,0
1435,3,0,2,1,1,1,0.9826,0.9963,0.8103,0.946,399.2012,290.9026,255.3563,273.7302,459.7038,526.9378,162.6315,522.579,144.8663,297.1042,2.0509,0,0,0,0
1435,3,0,0,1,1,1,0.9879,0.9866,0.8655,0.8358,1141.7035,352.38,967.0621,357.1424,1162.8114,627.762,927.6547,628.188,174.7063,235.1571,1.346,0,0,0,0
1435,3,0,1,1,1,1,0.9728,0.9873,0.6246,0.828,570.0022,351.5153,653.3706,348.5447,565.2216,526.0926,698.5824,509.8087,83.4212,134.3513,1.6105,0,0,0,0
1436,3,0,2,1,1,1,0.9807,0.9961,0.7987,0.9451,399.125,292.4188,255.0652,275.522,455.6869,527.581,162.6614,521.6712,145.0475,293.0851,2.0206,0,0,0,0
1436,3,0,0,1,1,1,0.988,0.9867,0.8662,0.8383,1141.4758,352.7688,967.1487,357.3043,1161.9138,627.9577,927.756,628.2644,174.3861,234.158,1.3428,0,0,0,0
1436,3,0,1,1,1,1,0.9435,0.9894,0.4322,0.8343,574.5492,349.4982,644.0724,350.435,586.3036,521.556,693.1104,516.543,69.5294,106.9244,1.5378,0,0,0,0
1437,3,0,2,1,1,1,0.9807,0.9961,0.7986,0.945,399.1123,292.3658,255.0408,275.4931,455.7087,527.6473,162.7836,521.6309,145.0561,292.9869,2.0198,0,0,0,0
1437,3,0,0,1,1,1,0.988,0.9867,0.8664,0.8382,1141.5049,352.7615,967.1427,357.2924,1161.943,627.9958,927.774,628.2842,174.421,234.1691,1.3426,0,0,0,0
1437,3,0,1,1,1,1,0.9439,0.9894,0.4347,0.8351,574.5162,349.5303,644.0376,350.4475,585.8674,521.6828,693.1006,516.4124,69.5275,107.3627,1.5442,0,0,0,0
1438,3,0,2,1,1,1,0.9799,0.9962,0.7867,0.9451,397.35,292.8917,253.2674,277.4492,449.8734,527.8296,159.0681,526.8638,144.9078,290.8069,2.0068,0,0,0,0
1438,3,0,0,1,1,1,0.9885,0.9855,0.8734,0.8272,1141.694,352.5248,967.335,357.3656,1161.7839,628.0515,927.947,628.596,174.4262,233.8375,1.3406,0,0,0,0
1438,3,0,1,0,1,1,0.9143,0.9883,0.3289,0.8229,584.7426,347.4236,635.9668,349.1621,613.4806,534.9216,682.4637,526.4932,51.2537,69.496,1.3559,0,0,0,0
1439,3,0,2,1,1,1,0.9799,0.9962,0.7866,0.9451,397.355,292.8316,253.2315,277.4084,449.8171,527.7176,159.0906,526.9521,144.9465,290.7275,2.0058,0,0,0,0
1439,3,0,0,1,1,1,0.9886,0.9855,0.8733,0.8272,1141.685,352.5354,967.3369,357.3964,1161.7502,627.9563,927.9537,628.672,174.4159,233.7977,1.3405,0,0,0,0
1439,3,0,1,0,1,1,0.9139,0.9883,0.3281,0.8226,584.7588,347.4714,636.0014,349.1778,613.4693,535.01,682.5548,526.5612,51.2711,69.6002,1.3575,0,0,0,0
1440,3,0,2,1,1,1,0.9765,0.9958,0.7703,0.9424,392.7303,291.2482,249.5557,278.6079,443.4658,524.146,156.5827,533.768,143.7315,287.0445,1.9971,0,0,0,0
1440,3,0,0,1,1,1,0.9884,0.9858,0.87,0.8279,1141.5754,352.1211,967.3057,357.2248,1161.7642,628.8504,928.3528,629.4784,174.3444,233.4122,1.3388,0,0,0,0
1440,3,0,1,1,1,1,0.9353,0.9891,0.4296,0.8559,589.0976,349.0836,629.2616,350.7136,622.8292,530.5332,672.5996,532.5843,40.1971,49.8126,1.2392,0,0,0,0
1441,3,0,2,1,1,1,0.9765,0.9958,0.7703,0.9424,392.7364,291.2538,249.5618,278.6199,443.4308,524.1977,156.5887,533.7521,143.731,287.0012,1.9968,0,0,0,0
1441,3,0,0,1,1,1,0.9884,0.9858,0.87,0.8278,1141.5815,352.1426,967.2988,357.2435,1161.756,628.8668,928.3627,629.494,174.3573,233.3941,1.3386,0,0,0,0
1441,3,0,1,1,1,1,0.9355,0.9892,0.4302,0.8561,589.0754,349.0484,629.233,350.6916,622.9494,530.4498,672.5247,532.4732,40.1912,49.6167,1.2345,0,0,0,0
1442,3,0,2,1,1,1,0.9687,0.9945,0.7787,0.947,386.6991,288.5255,244.2222,279.704,435.4286,525.3944,156.0502,540.6844,142.7498,279.7966,1.96,0,0,0,0
1442,3,0,0,1,1,1,0.9885,0.9856,0.8722,0.8285,1141.7423,352.5231,967.3822,357.4576,1161.0919,628.3794,928.4999,628.487,174.4299,232.5921,1.3334,0,0,0,0
1442,3,0,1,0,1,1,0.9217,0.9871,0.3842,0.8318,593.4236,347.8762,626.0872,351.5124,633.3453,529.4881,661.7181,537.1442,32.8653,29.3876,0.8942,0,0,0,0
1443,3,0,2,1,1,1,0.9675,0.9946,0.7778,0.9502,378.7317,283.4502,237.4858,275.6824,427.9364,519.0166,157.6474,548.8604,141.4593,271.9316,1.9223,0,0,0,0
1443,3,0,0,1,1,1,0.9882,0.986,0.8691,0.8325,1142.2117,352.9814,967.1923,357.8284,1161.8577,628.3576,928.0895,627.8068,175.0865,233.7688,1.3352,0,0,0,0
1443,3,0,1,1,1,1,0.9385,0.9898,0.4987,0.8749,600.7436,345.481,626.6134,353.7552,649.3632,516.3866,651.2438,539.4905,27.1609,23.1802,0.8534,0,0,0,0
1444,3,0,2,1,1,1,0.9675,0.9946,0.7778,0.9502,378.7495,283.4375,237.484,275.6816,427.9148,518.9995,157.6836,548.9552,141.4783,271.8865,1.9218,0,0,0,0
1444,3,0,0,1,1,1,0.9882,0.986,0.8691,0.8326,1142.2029,352.9581,967.1769,357.8616,1161.871,628.2966,928.0822,627.8438,175.0947,233.7893,1.3352,0,0,0,0
1444,3,0,1,1,1,1,0.9384,0.9898,0.4985,0.8748,600.7603,345.4876,626.608,353.7515,649.395,516.421,651.2384,539.4654,27.1366,23.118,0.8519,0,0,0,0
1445,3,0,0,1,1,1,0.9883,0.9863,0.8679,0.8315,1141.9478,352.4513,967.1721,357.4441,1162.8856,628.9457,927.4709,626.9573,174.8469,235.4231,1.3465,0,0,0,0
1445,3,0,2,1,1,1,0.9653,0.994,0.7788,0.9487,369.3977,278.0427,231.3641,267.6958,417.9028,516.8164,165.0683,550.9882,138.4208,255.1332,1.8432,0,0,0,0
1445,3,0,1,1,1,1,0.9369,0.9905,0.5771,0.9124,615.9186,346.5098,623.3455,353.2252,677.7806,499.7846,644.0216,542.031,10.0128,54.078,5.4009,0,0,0,0
1446,3,0,0,1,1,1,0.9884,0.9862,0.8682,0.8314,1141.9207,352.4571,967.1824,357.4325,1162.8893,628.9976,927.5075,626.8048,174.8091,235.392,1.3466,0,0,0,0
1446,3,0,2,1,1,1,0.9652,0.9939,0.7787,0.9488,369.421,278.0426,231.4238,267.7051,417.7795,516.7822,165.0934,550.957,138.3839,254.9866,1.8426,0,0,0,0
1446,3,0,1,1,1,1,0.9363,0.9904,0.5724,0.9109,615.7065,346.4348,623.4166,353.2118,677.3513,500.497,644.1002,542.195,10.2651,53.3325,5.1955,0,0,0,0
1447,3,0,0,1,1,1,0.9882,0.9864,0.8663,0.8324,1142.0725,352.1186,966.8437,357.3422,1163.6827,628.9616,926.6833,627.2846,175.3067,237.0054,1.3519,0,0,0,0
1447,3,0,2,1,1,1,0.965,0.9937,0.7773,0.9462,359.8518,275.199,225.4746,267.4984,405.3774,509.3789,179.3156,554.3986,134.5976,230.5009,1.7125,0,0,0,0
1447,3,0,1,1,1,1,0.9403,0.993,0.6505,0.939,622.6673,347.7059,629.1258,352.2801,688.9823,482.5587,630.4771,545.7794,7.9142,86.1378,10.8839,0,0,0,0
1448,3,0,0,1,1,1,0.9882,0.9864,0.8664,0.8325,1142.0413,352.1622,966.8206,357.357,1163.6941,628.9962,926.6779,627.2232,175.2976,237.0229,1.3521,0,0,0,0
1448,3,0,2,1,1,1,0.965,0.9937,0.7774,0.9462,359.8738,275.2235,225.4835,267.455,405.4607,509.4216,179.3044,554.5375,134.6147,230.6125,1.7131,0,0,0,0
1448,3,0,1,1,1,1,0.9409,0.9931,0.651,0.939,622.5772,347.6908,629.204,352.3096,688.7953,482.6531,630.3966,545.8115,8.0776,86.0197,10.6492,0,0,0,0
1449,3,0,0,1,1,1,0.9886,0.9862,0.8695,0.8296,1142.1001,351.7268,966.7371,357.6301,1163.9076,629.3042,925.7445,627.2452,175.4623,238.172,1.3574,0,0,0,0
1449,3,0,2,1,1,1,0.9638,0.9934,0.7763,0.9475,350.0623,274.6196,220.0104,268.698,398.2368,510.4366,199.2654,559.1921,130.1866,204.8578,1.5736,0,0,0,0
1449,3,0,1,1,1,1,0.9544,0.995,0.7064,0.953,633.4736,347.4336,633.5479,354.844,698.338,472.022,628.158,550.4394,7.4108,105.2356,14.2002,0,0,0,0
1450,3,0,0,1,1,1,0.9886,0.9861,0.8695,0.8296,1142.1172,351.7336,966.7344,357.6376,1163.9082,629.2828,925.7451,627.2756,175.4822,238.1716,1.3572,0,0,0,0
1450,3,0,2,1,1,1,0.9638,0.9934,0.7765,0.9475,350.07,274.5684,219.9666,268.6752,398.2644,510.4162,199.3041,559.1981,130.2367,204.8533,1.5729,0,0,0,0
1450,3,0,1,1,1,1,0.9543,0.995,0.7062,0.9531,633.5064,347.4398,633.4998,354.8736,698.3703,472.0722,628.1956,550.502,7.4338,105.2412,14.157,0,0,0,0
1451,3,0,0,1,1,1,0.9882,0.9865,0.8653,0.8316,1142.6752,351.8256,966.622,357.5106,1163.6724,629.8618,925.0306,627.1343,176.1449,238.6574,1.3549,0,0,0,0
1451,3,0,2,1,1,1,0.9605,0.9947,0.7362,0.9466,342.6818,274.6596,217.3905,268.2185,387.4018,514.4353,221.3951,554.657,125.4567,170.8098,1.3615,0,0,0,0
1451,3,0,1,1,1,1,0.9687,0.9953,0.7392,0.9495,645.0118,346.738,634.9561,357.0564,702.669,473.1057,631.4296,550.446,14.4079,105.1502,7.2981,0,0,0,0
1452,3,0,0,1,1,1,0.9881,0.9867,0.863,0.8333,1142.1251,351.9813,966.4113,357.3229,1164.0206,629.6056,925.0386,627.3413,175.795,238.9928,1.3595,0,0,0,0
1452,3,0,2,1,1,1,0.9504,0.9948,0.7031,0.9522,333.4716,271.8604,215.591,264.5383,379.491,507.1554,242.4227,547.9874,118.1078,143.0209,1.2109,0,0,0,0
1452,3,0,1,1,1,1,0.9696,0.9954,0.7572,0.9544,655.0512,347.1392,636.4892,356.0404,706.0543,474.9954,639.4651,548.4678,20.5858,99.1581,4.8168,0,0,0,0
1453,3,0,0,1,1,1,0.9881,0.9867,0.863,0.8331,1142.1477,351.9764,966.379,357.4126,1164.0228,629.5935,925.0312,627.4798,175.8528,239.001,1.3591,0,0,0,0
1453,3,0,2,1,1,1,0.9505,0.9948,0.7034,0.9521,333.4892,271.8358,215.5853,264.5309,379.5133,507.1593,242.5748,547.8972,118.1299,142.8697,1.2094,0,0,0,0
1453,3,0,1,1,1,1,0.9696,0.9954,0.7569,0.9543,655.0174,347.2163,636.5254,356.0968,706.0359,474.977,639.4666,548.5882,20.5138,99.2477,4.8381,0,0,0,0
1454,3,0,0,1,1,1,0.9879,0.987,0.8602,0.8348,1141.9023,351.8295,966.1611,357.6616,1164.4209,629.4989,924.6246,627.2282,175.838,239.8071,1.3638,0,0,0,0
1454,3,0,2,1,1,1,0.9551,0.9939,0.7609,0.9565,329.5697,269.0664,214.1152,265.8406,378.8044,504.3886,261.6715,542.0852,115.4996,123.0493,1.0654,0,0,0,0
1454,3,0,1,1,1,1,0.971,0.9954,0.7626,0.9534,663.5462,349.2442,640.2003,356.6911,710.8368,482.8094,646.9842,550.078,24.5049,92.7481,3.7849,0,0,0,0
1455,3,0,0,1,1,1,0.9879,0.987,0.8603,0.8348,1141.8782,351.7843,966.1697,357.6572,1164.4199,629.4356,924.629,627.1872,175.8066,239.8014,1.364,0,0,0,0
1455,3,0,2,1,1,1,0.9551,0.9939,0.7608,0.9565,329.5745,269.0712,214.1118,265.8397,378.7789,504.3725,261.6682,542.0833,115.5079,123.0326,1.0651,0,0,0,0
1455,3,0,1,1,1,1,0.9709,0.9954,0.7628,0.9534,663.6029,349.2435,640.138,356.6492,710.8406,482.7867,647.0034,550.0604,24.6058,92.7413,3.7691,0,0,0,0
1456,3,0,0,1,1,1,0.9881,0.9868,0.863,0.8339,1140.9955,351.3995,965.7153,357.1992,1164.0898,629.274,925.0571,626.4062,175.3761,239.0499,1.3631,0,0,0,0
1456,3,0,2,1,1,1,0.9536,0.9937,0.7617,0.9578,327.4703,267.6492,215.5622,264.518,372.6968,503.0476,280.594,535.7741,111.9518,97.7443,0.8731,0,0,0,0
1456,3,0,1,1,1,1,0.9708,0.9955,0.7701,0.9561,678.3767,350.1626,638.6002,358.3388,713.7475,490.3018,661.2356,545.9706,40.6081,76.5278,1.8845,0,0,0,0
1457,3,0,0,1,1,1,0.9881,0.9868,0.863,0.8339,1140.9868,351.3954,965.7296,357.2159,1164.1372,629.2194,925.0248,626.444,175.3539,239.1285,1.3637,0,0,0,0
1457,3,0,2,1,1,1,0.9536,0.9937,0.7616,0.9578,327.4602,267.6478,215.545,264.5002,372.7037,503.1252,280.6262,535.7918,111.9594,97.7004,0.8726,0,0,0,0
1457,3,0,1,1,1,1,0.9708,0.9955,0.7702,0.9561,678.4837,350.2016,638.531,358.34,713.7777,490.332,661.2246,545.9142,40.7732,76.4932,1.8761,0,0,0,0
1458,3,0,0,1,1,1,0.9883,0.9868,0.8638,0.8327,1141.2628,351.2289,965.2593,356.9177,1163.851,628.7831,924.9258,626.1754,176.0955,238.9393,1.3569,0,0,0,0
1458,3,0,2,1,1,1,0.9525,0.9935,0.7549,0.9551,326.6426,268.339,215.5346,265.6756,371.8514,502.2691,298.9851,535.99,111.14,80.2907,0.7224,0,0,0,0
1458,3,0,1,1,1,1,0.9666,0.9949,0.759,0.9549,691.9998,348.8244,639.2442,356.4825,718.0536,497.8138,673.4813,541.7085,53.3084,62.5574,1.1735,0,0,0,0
1459,3,0,0,1,1,1,0.9882,0.9868,0.8639,0.8336,1141.4008,350.6762,965.317,356.6721,1164.0942,628.0738,925.1688,626.347,176.1858,238.9317,1.3561,0,0,0,0
1459,3,0,2,1,1,1,0.9515,0.9935,0.7507,0.9547,325.9067,269.649,215.7294,266.526,371.2825,502.8774,309.1808,539.7252,110.2215,72.2107,0.6551,0,0,0,0
1459,3,0,1,1,1,1,0.9639,0.9948,0.7397,0.9544,709.1648,349.7548,636.7196,355.5332,725.099,517.5838,682.2981,531.8581,72.6752,45.1185,0.6208,0,0,0,0
1460,3,0,0,1,1,1,0.9882,0.9868,0.8638,0.8336,1141.4116,350.7292,965.3292,356.6745,1164.0302,628.1614,925.1688,626.3583,176.1828,238.8681,1.3558,0,0,0,0
1460,3,0,2,1,1,1,0.9515,0.9935,0.7507,0.9547,325.9098,269.6472,215.7003,266.5054,371.2684,502.8858,309.2082,539.7212,110.2543,72.1687,0.6546,0,0,0,0
1460,3,0,1,1,1,1,0.9639,0.9948,0.7396,0.9544,709.1322,349.7495,636.7222,355.5318,725.0766,517.5898,682.2851,531.8556,72.6406,45.1067,0.621,0,0,0,0
1461,3,0,0,1,1,1,0.9883,0.9869,0.8663,0.8369,1141.5155,350.6616,964.9449,356.4537,1164.441,627.9575,925.2831,626.5708,176.6655,239.1619,1.3538,0,0,0,0
1461,3,0,2,1,1,1,0.9486,0.9934,0.7457,0.9545,330.9542,270.2255,217.1643,267.759,372.9591,502.9604,311.654,545.1872,113.8166,74.4407,0.654,0,0,0,0
1461,3,0,1,1,1,1,0.9617,0.9921,0.7304,0.9401,724.0438,349.5128,639.3786,351.5982,727.2961,519.4464,691.2276,521.7576,84.6909,36.1425,0.4268,0,0,0,0
1462,3,0,0,1,1,1,0.9883,0.9869,0.8662,0.8373,1141.5579,350.6656,964.9407,356.4776,1164.4484,628.0582,925.3635,626.5236,176.7128,239.0898,1.353,0,0,0,0
1462,3,0,2,1,1,1,0.9484,0.9933,0.7454,0.9544,330.9563,270.1779,217.0926,267.828,372.8862,503.0671,311.6809,545.2208,113.888,74.317,0.6525,0,0,0,0
1462,3,0,1,1,1,1,0.9615,0.992,0.7291,0.9398,724.13,349.4873,639.3096,351.6085,727.1295,519.448,691.1161,521.7118,84.847,36.0845,0.4253,0,0,0,0
1463,3,0,0,1,1,1,0.988,0.9873,0.8629,0.8402,1141.3629,350.6792,964.2582,356.5281,1164.7166,628.185,924.8048,627.3705,177.2013,239.9131,1.3539,0,0,0,0
1463,3,0,2,1,1,1,0.9493,0.9937,0.7469,0.9545,336.9413,270.7936,220.7208,268.4937,377.6302,503.154,307.1576,555.2094,116.2432,87.6137,0.7537,0,0,0,0
1463,3,0,1,1,1,1,0.9688,0.9932,0.6836,0.9263,737.3229,354.0194,639.7234,350.9554,737.38,519.6289,699.6894,515.1531,97.6476,37.9554,0.3887,0,0,0,0
1464,3,0,0,1,1,1,0.9881,0.9872,0.8633,0.8399,1141.4059,350.6927,964.3093,356.5318,1164.672,628.1704,924.8452,627.3553,177.1928,239.8282,1.3535,0,0,0,0
1464,3,0,2,1,1,1,0.9492,0.9937,0.7467,0.9545,336.9408,270.827,220.7146,268.4668,377.6608,503.0746,307.0898,555.2473,116.2503,87.7625,0.7549,0,0,0,0
1464,3,0,1,1,1,1,0.9688,0.9932,0.6838,0.9261,737.3402,354.0181,639.6917,350.9649,737.3656,519.763,699.8366,515.263,97.6963,37.7978,0.3869,0,0,0,0
1465,3,0,0,1,1,1,0.9881,0.9871,0.8635,0.8385,1140.9845,350.476,964.3857,356.7853,1164.7002,627.8373,924.2127,626.8934,176.7115,240.4893,1.3609,0,0,0,0
1465,3,0,2,1,1,1,0.9521,0.9939,0.7441,0.9521,344.7034,270.5394,222.1182,269.1468,381.988,509.4423,298.593,564.72,122.593,100.0518,0.8161,0,0,0,0
1465,3,0,1,1,1,1,0.978,0.9946,0.7764,0.9448,747.0108,354.0109,643.0154,351.2963,754.8976,511.924,697.1201,508.1542,104.0308,57.9004,0.5566,0,0,0,0
1466,3,0,0,1,1,1,0.9881,0.9871,0.8635,0.8388,1140.9598,350.5091,964.3729,356.816,1164.6968,627.9579,924.2564,626.9626,176.6995,240.4424,1.3607,0,0,0,0
1466,3,0,2,1,1,1,0.9519,0.9939,0.7442,0.9522,344.8058,270.5706,222.1105,269.1482,382.0226,509.4232,298.576,564.703,122.7035,100.0959,0.8158,0,0,0,0
1466,3,0,1,1,1,1,0.978,0.9946,0.7758,0.9448,747.0814,354.0454,643.0172,351.3175,754.8753,512.0882,697.1064,508.0469,104.1,57.9101,0.5563,0,0,0,0
1467,3,0,0,1,1,1,0.9877,0.9876,0.8566,0.8387,1140.6193,350.4724,963.7714,357.053,1164.9121,627.0376,923.9715,627.5243,176.9703,240.9411,1.3615,0,0,0,0
1467,3,0,1,1,1,1,0.9849,0.9949,0.8407,0.9474,757.6062,357.7545,650.5654,352.6328,778.4906,510.3674,692.801,509.678,107.1632,85.6924,0.7996,0,0,0,0
1467,3,0,2,1,1,1,0.9528,0.9943,0.7461,0.953,357.3706,272.48,224.604,271.7058,387.033,506.4583,280.183,567.2913,132.7689,122.9535,0.9261,0,0,0,0
1468,3,0,0,1,1,1,0.9881,0.9872,0.8602,0.8366,1140.1387,349.8866,963.4697,356.3211,1165.0466,627.9054,924.2324,626.8473,176.7861,240.8166,1.3622,0,0,0,0
1468,3,0,1,1,1,1,0.9869,0.9946,0.8496,0.9389,768.9904,360.1806,658.4902,353.5771,800.5864,512.2928,685.6178,513.0416,110.6973,114.971,1.0386,0,0,0,0
1468,3,0,2,1,1,1,0.938,0.9937,0.6714,0.9445,368.2534,271.5208,230.0548,269.4855,394.1427,509.659,260.8407,562.1782,138.2136,143.2749,1.0366,0,0,0,0
1469,3,0,0,1,1,1,0.9881,0.9872,0.8602,0.8365,1140.1484,349.8888,963.4817,356.3062,1165.0538,627.8996,924.2493,626.8396,176.7833,240.8069,1.3622,0,0,0,0
1469,3,0,1,1,1,1,0.9869,0.9946,0.8498,0.939,768.9787,360.2052,658.4702,353.5778,800.5592,512.492,685.639,513.0334,110.707,114.9215,1.0381,0,0,0,0
1469,3,0,2,1,1,1,0.9381,0.9937,0.6723,0.9445,368.2647,271.5102,230.0406,269.5237,394.2457,509.6294,260.9043,562.1824,138.2384,143.3239,1.0368,0,0,0,0
1470,3,0,0,1,1,1,0.9883,0.987,0.863,0.8341,1140.2831,349.6138,963.7549,356.3938,1164.732,627.6732,924.4365,627.167,176.6583,240.2961,1.3602,0,0,0,0
1470,3,0,1,1,1,1,0.9848,0.9944,0.8618,0.9451,777.754,363.0441,664.5018,355.3804,820.8498,524.537,678.5238,526.2137,113.5112,142.336,1.2539,0,0,0,0
1470,3,0,2,1,1,1,0.9591,0.9934,0.735,0.9407,383.4156,273.9033,230.2399,266.179,411.0512,533.4632,231.5499,576.8396,153.3704,184.6679,1.2041,0,0,0,0
1471,3,0,0,1,1,1,0.9883,0.9869,0.8631,0.834,1140.2913,349.5952,963.7468,356.3732,1164.715,627.675,924.4536,627.1546,176.6745,240.262,1.3599,0,0,0,0
1471,3,0,1,1,1,1,0.9846,0.9944,0.8604,0.9455,777.6276,362.9676,664.4107,355.392,820.7943,524.3614,678.4936,526.1798,113.47,142.3124,1.2542,0,0,0,0
1471,3,0,2,1,1,1,0.9592,0.9934,0.7345,0.9406,383.4424,273.9434,230.2386,266.1406,411.0114,534.4026,231.5294,576.946,153.4024,184.4553,1.2024,0,0,0,0
1472,3,0,0,1,1,1,0.988,0.987,0.863,0.8375,1140.4666,350.4707,964.0045,356.5332,1164.4854,627.9416,925.5172,628.5778,176.5661,238.969,1.3534,0,0,0,0
1472,3,0,2,1,1,1,0.9607,0.9941,0.7162,0.9387,395.5498,272.7432,238.0676,261.2896,428.5871,553.5602,198.1405,583.2195,157.8981,232.3474,1.4715,0,0,0,0
1472,3,0,1,1,1,1,0.9842,0.9932,0.8849,0.942,788.2384,362.6144,673.9909,357.2274,833.0556,520.3686,670.2808,531.2016,114.3745,163.1349,1.4263,0,0,0,0
1473,3,0,0,1,1,1,0.9881,0.987,0.8631,0.8374,1140.4607,350.4647,963.9954,356.5075,1164.4493,627.9309,925.5429,628.5614,176.5688,238.9073,1.3531,0,0,0,0
1473,3,0,2,1,1,1,0.9607,0.9941,0.7161,0.9386,395.5447,272.7525,238.0466,261.2951,428.5787,553.6356,198.1431,583.221,157.9143,232.3271,1.4712,0,0,0,0
1473,3,0,1,1,1,1,0.9842,0.9932,0.8848,0.942,788.2442,362.6271,674.0024,357.1922,833.074,520.3814,670.2658,531.1882,114.3709,163.1664,1.4266,0,0,0,0
1474,3,0,0,1,1,1,0.9883,0.9864,0.8673,0.8329,1140.5409,349.3728,964.4147,356.5484,1164.3748,627.7646,928.2455,628.8936,176.2723,236.1319,1.3396,0,0,0,0
1474,3,0,1,1,1,1,0.9857,0.9913,0.893,0.9238,798.8502,364.4639,681.4616,357.7217,853.3569,535.6258,664.2336,536.7798,117.5821,189.1268,1.6085,0,0,0,0
1474,3,0,2,1,1,1,0.9582,0.9957,0.6542,0.9414,408.7116,272.7791,251.9339,258.6793,462.5258,550.1803,158.2596,569.7442,157.4104,304.8944,1.9369,0,0,0,0
1475,3,0,0,1,1,1,0.9883,0.9864,0.8674,0.8329,1140.5624,349.3516,964.436,356.5464,1164.3806,627.7605,928.2188,628.9069,176.2732,236.1646,1.3398,0,0,0,0
1475,3,0,1,1,1,1,0.9857,0.9912,0.893,0.9237,798.8546,364.4511,681.4646,357.733,853.4146,535.6382,664.2585,536.7948,117.582,189.1597,1.6087,0,0,0,0
1475,3,0,2,1,1,1,0.9582,0.9957,0.654,0.9415,408.733,272.6635,251.946,258.7254,462.3354,550.0669,158.174,569.8242,157.4054,304.8024,1.9364,0,0,0,0
1476,3,0,0,1,1,1,0.9888,0.9858,0.8738,0.8288,1140.9049,348.9847,964.668,356.5714,1164.1516,627.0564,929.0671,627.7521,176.4002,235.0855,1.3327,0,0,0,0
1476,3,0,1,1,1,1,0.9871,0.9906,0.9017,0.9168,806.8142,363.1372,686.3264,357.6882,860.7936,538.4834,658.1062,541.5927,120.611,202.7113,1.6807,0,0,0,0
1476,3,0,2,1,1,1,0.9732,0.995,0.7205,0.9341,424.2298,274.9487,263.453,256.1265,482.4216,553.9223,133.6647,556.6308,161.8748,348.7674,2.1546,0,0,0,0
1477,3,0,0,1,1,1,0.9888,0.9858,0.8739,0.8287,1140.9209,349.0104,964.6729,356.5774,1164.1638,627.0908,929.058,627.7218,176.4104,235.1066,1.3327,0,0,0,0
1477,3,0,1,1,1,1,0.9871,0.9905,0.9016,0.9168,806.8116,363.1318,686.3242,357.6917,860.8076,538.468,658.091,541.594,120.6102,202.7408,1.681,0,0,0,0
1477,3,0,2,1,1,1,0.9732,0.995,0.7208,0.9341,424.239,274.975,263.4185,256.1517,482.4344,553.9488,133.7748,556.6138,161.9183,348.6698,2.1534,0,0,0,0
1478,3,0,2,1,1,1,0.9754,0.9951,0.7351,0.935,435.6536,273.3134,274.9602,254.5162,526.9818,556.9574,120.1685,538.7948,161.7891,407.2186,2.517,0,0,0,0
1478,3,0,0,1,1,1,0.9888,0.9859,0.8715,0.8268,1141.0088,348.9538,964.549,356.2763,1163.3583,626.672,929.3571,628.7318,176.6116,234.0102,1.325,0,0,0,0
1478,3,0,1,1,1,1,0.9864,0.9907,0.8964,0.917,812.662,361.2197,689.9264,357.191,863.1527,538.7134,654.451,543.5718,122.8017,208.7583,1.7,0,0,0,0
1479,3,0,2,1,1,1,0.9656,0.9945,0.7597,0.9491,446.6624,266.7507,283.6169,255.2283,531.8002,527.6754,120.2174,526.4009,163.4522,411.5848,2.5181,0,0,0,0
1479,3,0,0,1,1,1,0.989,0.9857,0.8739,0.8236,1140.5796,349.0202,964.3029,356.7,1163.0776,626.3006,928.4307,628.6465,176.4439,234.6587,1.3299,0,0,0,0
1479,3,0,1,1,1,1,0.9895,0.9899,0.9107,0.9144,817.9762,357.8974,694.2774,356.5208,865.3981,538.0376,650.4758,540.082,123.7065,214.932,1.7374,0,0,0,0
1480,3,0,2,1,1,1,0.9656,0.9945,0.7599,0.9492,446.6628,266.7446,283.5565,255.2452,531.8084,527.7716,120.0723,526.6138,163.5112,411.7377,2.5181,0,0,0,0
1480,3,0,0,1,1,1,0.989,0.9857,0.8738,0.8238,1140.5898,349.025,964.288,356.7142,1163.0728,626.2874,928.3943,628.5924,176.4694,234.6898,1.3299,0,0,0,0
1480,3,0,1,1,1,1,0.9895,0.9899,0.9107,0.9144,817.9594,357.8526,694.2426,356.4514,865.3957,538.074,650.4503,540.0851,123.7247,214.9548,1.7374,0,0,0,0
1481,3,0,2,1,1,1,0.9664,0.9943,0.7537,0.9444,459.3467,269.15,291.5424,254.545,565.5126,537.7856,124.6799,529.9482,168.4386,440.9023,2.6176,0,0,0,0
1481,3,0,0,1,1,1,0.9889,0.9858,0.8727,0.8249,1140.6042,348.4,963.8727,356.2719,1162.7247,626.5606,927.3766,627.8705,176.9067,235.3518,1.3304,0,0,0,0
1481,3,0,1,1,1,1,0.9878,0.9915,0.9059,0.9227,818.8914,355.962,695.1116,353.977,862.8248,532.3096,650.7118,543.4416,123.7958,212.4048,1.7158,0,0,0,0
1482,3,0,2,1,1,1,0.9664,0.9943,0.7535,0.9444,459.364,269.1095,291.5258,254.5598,565.6008,537.6602,124.7394,529.8286,168.4677,440.9309,2.6173,0,0,0,0
1482,3,0,0,1,1,1,0.9889,0.9858,0.8727,0.8247,1140.5671,348.4031,963.8452,356.2926,1162.7054,626.555,927.3839,627.7722,176.8979,235.3247,1.3303,0,0,0,0
1482,3,0,1,1,1,1,0.9877,0.9914,0.9058,0.9225,818.8791,355.9774,695.1336,353.9609,862.8872,532.256,650.7682,543.583,123.762,212.4212,1.7164,0,0,0,0
1483,3,0,0,1,1,1,0.9883,0.9862,0.8654,0.8297,1140.1447,348.7824,963.9689,356.7559,1163.0791,626.7154,925.7179,626.844,176.3561,237.3612,1.3459,0,0,0,0
1483,3,0,2,1,1,1,0.9692,0.9947,0.7633,0.9455,471.0197,267.1428,300.3202,251.9939,579.1126,528.3688,149.1198,524.9212,171.3704,430.0067,2.5092,0,0,0,0
1483,3,0,1,1,1,1,0.988,0.9906,0.9082,0.9159,819.5819,354.2185,694.6044,354.1875,858.68,526.9077,650.408,545.117,124.9775,209.0665,1.6728,0,0,0,0
1484,3,0,0,1,1,1,0.9883,0.9862,0.8654,0.8297,1140.1409,348.7838,963.9747,356.746,1163.0754,626.7364,925.7209,626.8452,176.346,237.3545,1.346,0,0,0,0
1484,3,0,2,1,1,1,0.9693,0.9947,0.7633,0.9455,471.0264,267.1516,300.3368,252.0092,579.0992,528.3566,149.1655,524.9032,171.36,429.9476,2.509,0,0,0,0
1484,3,0,1,1,1,1,0.988,0.9906,0.9081,0.9159,819.5796,354.2085,694.6024,354.1821,858.6671,526.9112,650.4078,545.1051,124.9772,209.0524,1.6727,0,0,0,0
1485,3,0,0,1,1,1,0.989,0.9844,0.8771,0.8199,1139.6609,348.4776,964.2756,357.0443,1162.5239,626.9036,925.1798,626.8588,175.5944,237.3441,1.3517,0,0,0,0
1485,3,0,2,1,1,1,0.9686,0.9946,0.7639,0.9433,479.3834,265.5361,306.4802,254.4263,592.2918,520.81,170.4237,539.8482,173.2598,422.2974,2.4374,0,0,0,0
1485,3,0,1,1,1,1,0.9891,0.9898,0.9181,0.9111,818.6617,352.8478,692.3172,355.0569,855.9902,523.4126,650.5424,548.1398,126.3638,206.9306,1.6376,0,0,0,0
1486,3,0,0,1,1,1,0.989,0.9844,0.8773,0.8198,1139.6978,348.4656,964.3189,357.039,1162.5244,626.9556,925.1714,626.8962,175.5883,237.353,1.3518,0,0,0,0
1486,3,0,2,1,1,1,0.9687,0.9946,0.7646,0.9434,479.4297,265.5431,306.4437,254.4956,592.2743,520.8559,171.3206,539.3344,173.3384,421.359,2.4308,0,0,0,0
1486,3,0,1,1,1,1,0.9891,0.9898,0.9181,0.9111,818.6349,352.8069,692.34,354.966,855.9832,523.4027,650.5392,548.1888,126.3133,206.9338,1.6383,0,0,0,0
1487,3,0,0,1,1,1,0.9897,0.9813,0.8908,0.8041,1139.6858,346.909,965.0357,356.5933,1161.3975,626.7472,923.6052,625.5534,174.9184,237.7953,1.3595,0,0,0,0
1487,3,0,1,1,1,1,0.9903,0.9891,0.9278,0.9081,816.264,351.6525,687.497,356.6276,854.1893,519.6046,645.633,550.1598,128.863,210.7826,1.6357,0,0,0,0
1487,3,0,2,1,1,1,0.9726,0.9946,0.784,0.9375,481.7399,263.8374,313.0029,255.7964,585.8504,507.7073,207.5109,564.2202,168.9285,382.5369,2.2645,0,0,0,0
1488,3,0,0,1,1,1,0.9886,0.9807,0.8861,0.8095,1138.6157,346.6346,964.1892,357.8445,1160.2083,626.8776,921.3871,624.8531,174.7864,238.8297,1.3664,0,0,0,0
1488,3,0,1,1,1,1,0.9903,0.9885,0.9277,0.9053,810.7832,352.2728,680.4622,359.4918,851.0776,517.9712,639.112,555.9344,130.5208,215.3384,1.6498,0,0,0,0
1488,3,0,2,1,1,1,0.9718,0.9942,0.7594,0.9324,487.6624,266.5182,313.5576,254.5132,596.127,515.0738,240.4854,563.5163,174.5182,358.9256,2.0567,0,0,0,0
1489,3,0,0,1,1,1,0.9887,0.9806,0.8862,0.8092,1138.594,346.6304,964.1882,357.8703,1160.226,626.9575,921.3243,624.9104,174.7676,238.9104,1.367,0,0,0,0
1489,3,0,1,1,1,1,0.9903,0.9885,0.9277,0.9054,810.8014,352.2772,680.4741,359.4886,851.0634,517.9787,639.0577,555.9495,130.5266,215.3792,1.6501,0,0,0,0
1489,3,0,2,1,1,1,0.9719,0.9942,0.7595,0.9324,487.6614,266.5235,313.5986,254.5426,596.1532,515.1284,240.6417,563.8867,174.4746,358.8396,2.0567,0,0,0,0
1490,3,0,0,1,1,1,0.9894,0.9741,0.9007,0.7783,1137.2795,344.5762,964.6954,355.4572,1158.265,627.9392,920.2484,623.3268,172.9268,238.0613,1.3767,0,0,0,0
1490,3,0,2,1,1,1,0.9691,0.9939,0.7678,0.9345,487.0062,267.324,314.934,253.7664,576.327,525.5992,258.2559,564.2472,172.6055,320.4105,1.8563,0,0,0,0
1490,3,0,1,1,1,1,0.9909,0.9868,0.9319,0.8942,803.741,352.2042,673.4079,360.6326,847.3735,519.9762,627.5702,558.4702,130.6053,223.1485,1.7086,0,0,0,0
1491,3,0,0,1,1,1,0.9894,0.9742,0.9005,0.7784,1137.2814,344.5596,964.7155,355.4474,1158.3159,627.8696,920.1883,623.3434,172.909,238.1706,1.3774,0,0,0,0
1491,3,0,2,1,1,1,0.969,0.9939,0.7674,0.9346,487.0095,267.3157,314.935,253.7544,576.3522,525.3861,258.2301,564.113,172.6081,320.4707,1.8566,0,0,0,0
1491,3,0,1,1,1,1,0.9909,0.9869,0.9319,0.8945,803.716,352.1678,673.4123,360.627,847.3931,519.8824,627.5118,558.348,130.5781,223.2204,1.7095,0,0,0,0
1492,3,0,0,1,1,1,0.9893,0.9682,0.9059,0.7583,1133.8745,345.482,964.2884,355.0976,1156.6772,629.6286,918.6299,623.4861,169.8585,238.1266,1.4019,0,0,0,0
1492,3,0,2,1,1,1,0.9688,0.9942,0.7613,0.9354,483.53,267.381,315.0853,252.4137,560.3084,530.1471,255.9582,569.0198,169.1084,306.8226,1.8144,0,0,0,0
1492,3,0,1,1,1,1,0.9912,0.9866,0.9322,0.893,791.9522,351.9193,661.7298,359.5635,841.4568,523.1016,619.2288,560.5429,130.4465,225.36,1.7276,0,0,0,0
1493,3,0,0,1,1,1,0.9894,0.9683,0.9059,0.7586,1133.8802,345.3679,964.2676,354.9944,1156.6997,629.6586,918.6436,623.4718,169.8856,238.1365,1.4017,0,0,0,0
1493,3,0,2,1,1,1,0.9689,0.9942,0.7615,0.9354,483.4849,267.3191,315.0974,252.3971,560.3352,530.0851,255.9742,569.0616,169.0474,306.8464,1.8152,0,0,0,0
1493,3,0,1,1,1,1,0.9912,0.9866,0.932,0.8932,791.9721,351.9148,661.7242,359.5726,841.483,523.0452,619.2183,560.5872,130.4728,225.4129,1.7277,0,0,0,0
1494,3,0,2,1,1,1,0.9649,0.9942,0.7256,0.9329,479.5779,271.0152,310.5904,251.6669,551.2052,551.4488,247.7597,574.6936,170.0916,304.3345,1.7892,0,0,0,0
1494,3,0,0,1,1,1,0.9896,0.9695,0.9036,0.7605,1130.0645,343.1407,962.9225,355.044,1150.757,629.1537,916.0537,622.6654,167.5653,234.7929,1.4012,0,0,0,0
1494,3,0,1,1,1,1,0.9922,0.9871,0.9336,0.891,779.1814,349.7512,648.1049,359.6167,831.5822,524.7981,609.5184,562.2862,131.4472,225.2058,1.7133,0,0,0,0
1495,3,0,1,1,1,1,0.9923,0.985,0.9357,0.879,765.6173,351.4443,638.1381,357.5946,821.368,523.8048,596.88,562.4066,127.6275,227.7827,1.7847,0,0,0,0
1495,3,0,0,1,1,1,0.9877,0.962,0.9011,0.7466,1126.7449,343.3796,961.0502,355.5657,1146.9392,630.1014,912.8867,624.1976,166.1422,234.127,1.4092,0,0,0,0
1495,3,0,2,1,1,1,0.9615,0.9937,0.7107,0.9284,473.4242,267.9822,306.1634,251.4356,533.4744,556.5596,237.1026,575.8734,168.0773,297.0005,1.767,0,0,0,0
1496,3,0,1,1,1,1,0.9923,0.985,0.9356,0.8789,765.6056,351.4373,638.1464,357.587,821.4505,523.7285,596.901,562.4032,127.6076,227.8557,1.7856,0,0,0,0
1496,3,0,0,1,1,1,0.9877,0.9621,0.901,0.7467,1126.7489,343.3751,961.0298,355.5754,1146.934,630.1216,912.8736,624.23,166.1676,234.1345,1.409,0,0,0,0
1496,3,0,2,1,1,1,0.9616,0.9937,0.7108,0.9283,473.4298,267.972,306.1588,251.5002,533.4835,556.4812,237.1036,576.0375,168.08,297.0244,1.7672,0,0,0,0
1497,3,0,1,1,1,1,0.992,0.9851,0.9326,0.8829,754.9964,351.5449,627.1934,359.2264,816.932,529.8122,584.2508,556.2003,128.0337,234.1728,1.829,0,0,0,0
1497,3,0,2,1,1,1,0.956,0.9933,0.6827,0.9246,465.5688,267.9144,301.5696,251.9826,521.3525,569.285,232.8954,585.0443,164.7712,288.8872,1.7533,0,0,0,0
1497,3,0,0,1,1,1,0.9863,0.9593,0.8956,0.7446,1124.1274,341.8408,960.2701,353.6848,1141.8182,633.1682,909.5868,618.8004,164.2848,232.6755,1.4163,0,0,0,0
1498,3,0,1,1,1,1,0.992,0.985,0.9327,0.8827,754.9294,351.4653,627.1778,359.1828,816.9116,529.8662,584.2423,556.0423,127.9845,234.1371,1.8294,0,0,0,0
1498,3,0,2,1,1,1,0.9561,0.9933,0.6813,0.9244,465.6358,268.1442,301.5268,251.9252,521.4852,570.0596,232.9148,585.2438,164.9086,288.9696,1.7523,0,0,0,0
1498,3,0,0,1,1,1,0.9863,0.9594,0.8954,0.745,1124.1653,341.8432,960.3121,353.7149,1141.764,633.2155,909.5942,618.8814,164.2827,232.6119,1.4159,0,0,0,0
1499,3,0,2,1,1,1,0.9398,0.9913,0.6923,0.9337,460.364,274.0739,295.8558,249.2514,508.96,580.1922,235.8932,591.1317,166.3704,273.2858,1.6426,0,0,0,0
1499,3,0,0,1,1,1,0.9867,0.9602,0.8944,0.7436,1120.2708,342.3236,959.0874,353.7537,1137.0492,634.4568,906.7872,618.6944,161.5881,230.8009,1.4283,0,0,0,0
1499,3,0,1,1,1,1,0.9922,0.9837,0.9345,0.8773,747.0072,348.892,618.1188,356.583,806.6176,531.9554,578.1286,555.6773,129.1177,229.7171,1.7791,0,0,0,0
1500,3,0,2,1,1,1,0.9398,0.9913,0.6923,0.9337,460.3492,274.0962,295.7956,249.3008,508.925,580.2331,235.9242,591.1738,166.4112,273.2199,1.6418,0,0,0,0
1500,3,0,0,1,1,1,0.9867,0.9602,0.8944,0.7437,1120.2692,342.3167,959.0897,353.7579,1137.0557,634.431,906.7858,618.6703,161.585,230.8086,1.4284,0,0,0,0
1500,3,0,1,1,1,1,0.9922,0.9837,0.9346,0.8772,747.0176,348.9012,618.1042,356.5694,806.6236,531.9625,578.1224,555.6728,129.1413,229.7281,1.7789,0,0,0,0
1501,3,0,1,1,1,1,0.9918,0.9886,0.9153,0.8795,739.8786,348.477,607.481,355.0542,800.517,535.7738,565.4306,550.6917,132.5608,235.5592,1.777,0,0,0,0
1501,3,0,0,1,1,1,0.9886,0.9686,0.8899,0.7268,1118.9414,342.4766,956.7311,354.3724,1124.9788,629.742,908.1073,625.7041,162.6459,216.909,1.3336,0,0,0,0
1501,3,0,2,1,1,1,0.9462,0.9911,0.6609,0.917,445.0006,271.8122,293.893,252.8288,491.2844,563.6418,240.727,592.8373,152.2954,252.2526,1.6563,0,0,0,0
1502,3,0,1,1,1,1,0.9918,0.9886,0.9152,0.8797,739.8862,348.5215,607.5054,355.0325,800.4938,535.9014,565.4474,550.7227,132.5408,235.5132,1.7769,0,0,0,0
1502,3,0,0,1,1,1,0.9886,0.9686,0.8899,0.727,1118.9395,342.4444,956.7516,354.3755,1125.039,629.7086,908.1288,625.7528,162.6261,216.9462,1.334,0,0,0,0
1502,3,0,2,1,1,1,0.9462,0.9911,0.661,0.9169,445.0437,271.8116,293.8731,252.7552,491.436,563.7119,240.7669,592.6822,152.367,252.3375,1.6561,0,0,0,0
1503,3,0,1,1,1,1,0.9912,0.9864,0.9247,0.882,733.5446,344.8143,600.5594,348.7646,792.5238,538.0454,562.1636,545.1239,133.0439,230.469,1.7323,0,0,0,0
1503,3,0,0,1,1,1,0.9887,0.9662,0.8918,0.7173,1115.8643,344.3458,955.4336,353.821,1120.514,632.5659,907.8261,623.8943,160.7102,212.8646,1.3245,0,0,0,0
1503,3,0,2,1,1,1,0.9439,0.9935,0.6356,0.9249,425.8692,266.4239,287.2626,253.9588,473.8621,546.915,244.975,602.0854,139.166,235.4423,1.6918,0,0,0,0
1504,3,0,1,1,1,1,0.9918,0.9859,0.9281,0.8756,728.495,344.7905,596.1798,348.3269,789.4589,540.705,556.551,543.5626,132.3624,232.9255,1.7598,0,0,0,0
1504,3,0,0,1,1,1,0.9881,0.9637,0.8916,0.7143,1113.944,344.137,955.7206,353.4979,1116.5557,631.2787,908.3265,622.4308,158.5001,208.4171,1.3149,0,0,0,0
1504,3,0,2,1,1,1,0.9181,0.9919,0.6457,0.9342,416.6754,267.5788,284.5715,253.384,462.1148,549.8008,253.7224,605.3229,132.8644,215.6621,1.6232,0,0,0,0
1505,3,0,1,1,1,1,0.9918,0.9859,0.9281,0.8754,728.5496,344.7598,596.1474,348.3516,789.4396,540.7206,556.5742,543.6037,132.4509,232.8833,1.7583,0,0,0,0
1505,3,0,0,1,1,1,0.9881,0.9637,0.8916,0.7145,1113.9344,344.1348,955.722,353.5324,1116.5433,631.3084,908.3416,622.4616,158.4913,208.3897,1.3148,0,0,0,0
1505,3,0,2,1,1,1,0.9182,0.9919,0.646,0.9342,416.8233,267.5248,284.5501,253.325,462.118,549.8618,253.7699,605.2788,133.0332,215.5922,1.6206,0,0,0,0
1506,3,0,1,1,1,1,0.9915,0.9861,0.9247,0.8756,726.2188,346.0585,594.515,349.1652,786.2296,543.7682,554.1389,546.0218,131.7404,232.1016,1.7618,0,0,0,0
1506,3,0,0,1,1,1,0.9887,0.9646,0.8928,0.7126,1111.9497,344.1481,955.5309,353.1611,1113.4666,629.6668,908.5947,621.7886,156.6783,205.0232,1.3086,0,0,0,0
1506,3,0,2,1,1,1,0.892,0.9935,0.4931,0.9281,396.4574,267.7532,286.6275,251.0275,441.8018,549.3419,276.5969,608.6684,111.0962,175.5343,1.58,0,0,0,0
1507,3,0,1,1,1,1,0.9915,0.9861,0.9248,0.8754,726.2325,346.0684,594.5095,349.1692,786.0484,543.9196,554.1608,546.037,131.7595,231.8974,1.76,0,0,0,0
1507,3,0,0,1,1,1,0.9887,0.9647,0.8925,0.7123,1111.9531,344.1364,955.5451,353.1066,1113.4651,629.6609,908.6075,621.769,156.665,205.0096,1.3086,0,0,0,0
1507,3,0,2,1,1,1,0.892,0.9935,0.4935,0.9282,396.3743,267.7241,286.6234,250.954,441.804,549.255,276.6122,608.6546,111.0248,175.5467,1.5811,0,0,0,0
1508,3,0,0,1,1,1,0.9889,0.9642,0.8953,0.7119,1108.989,343.6126,953.9843,352.4725,1111.1005,629.0053,908.561,621.6034,155.2578,202.6746,1.3054,0,0,0,0
1508,3,0,1,1,1,1,0.9915,0.9852,0.926,0.8711,725.5257,347.1016,597.5382,350.145,781.8402,548.3241,554.9398,549.4275,128.0237,226.903,1.7724,0,0,0,0
1508,3,0,2,1,1,1,0.8766,0.9896,0.5589,0.9218,381.2974,260.6437,285.3132,249.0927,411.8053,542.1286,286.1249,616.291,96.6767,145.9303,1.5095,0,0,0,0
1509,3,0,0,1,1,1,0.9889,0.9642,0.8952,0.7122,1108.9949,343.6233,953.9609,352.4938,1111.0782,628.9638,908.5441,621.6515,155.2875,202.6661,1.3051,0,0,0,0
1509,3,0,1,1,1,1,0.9914,0.9852,0.9259,0.8713,725.52,347.1198,597.6153,350.0432,781.8619,548.2688,554.9431,549.3392,127.9381,226.9213,1.7737,0,0,0,0
1509,3,0,2,1,1,1,0.8764,0.9896,0.5566,0.9213,381.2312,260.6801,285.3354,249.0768,411.6427,542.9298,286.0008,616.2911,96.5951,145.4915,1.5062,0,0,0,0
1510,3,0,0,1,1,1,0.9889,0.963,0.8958,0.7086,1105.943,343.4417,953.2518,352.1054,1109.4597,630.6109,908.3684,621.2548,152.9368,201.3088,1.3163,0,0,0,0
1510,3,0,1,1,1,1,0.993,0.9844,0.9263,0.8439,724.4691,349.1239,600.9396,350.9444,773.5827,554.1346,559.9607,549.4774,123.543,213.6728,1.7295,0,0,0,0
1510,3,0,2,0,1,1,0.8675,0.9887,0.379,0.8703,355.3362,253.8824,285.3738,244.1272,387.2508,582.7347,309.4854,618.2674,70.6393,85.4987,1.2104,0,0,0,0
1511,3,0,0,1,1,1,0.9889,0.963,0.8958,0.7087,1105.9489,343.4571,953.2573,352.1192,1109.4567,630.5883,908.3636,621.2571,152.937,201.3095,1.3163,0,0,0,0
1511,3,0,1,1,1,1,0.993,0.9845,0.9263,0.844,724.4658,349.1274,600.9396,350.9431,773.5862,554.1366,559.9646,549.4926,123.5395,213.6722,1.7296,0,0,0,0
1511,3,0,2,0,1,1,0.8674,0.9887,0.379,0.8703,355.3721,253.906,285.3662,244.137,387.2486,582.7643,309.4634,618.249,70.6842,85.4968,1.2096,0,0,0,0
1512,3,0,1,1,1,1,0.9928,0.9841,0.9244,0.8422,726.1258,349.8286,602.1524,350.2134,767.3144,556.2692,563.0288,550.4171,123.974,204.3693,1.6485,0,0,0,0
1512,3,0,0,1,1,1,0.9888,0.9629,0.8964,0.7111,1105.2527,343.4021,952.0919,352.3587,1109.8799,630.3901,907.2247,618.4503,153.4224,203.0066,1.3232,0,0,0,0
1512,3,0,2,1,1,1,0.8573,0.9914,0.4065,0.9028,330.3462,252.5106,292.3844,245.5951,362.1266,565.6054,334.8399,603.9668,38.5867,47.0762,1.22,0,0,0,0
1513,3,0,1,1,1,1,0.9928,0.9841,0.9244,0.8422,726.1249,349.8282,602.1452,350.2246,767.3228,556.2467,563.0393,550.5146,123.9802,204.3639,1.6484,0,0,0,0
1513,3,0,0,1,1,1,0.9889,0.9629,0.8965,0.7111,1105.2386,343.3988,952.0997,352.3505,1109.8984,630.3625,907.2158,618.44,153.4004,203.033,1.3235,0,0,0,0
1513,3,0,2,1,1,1,0.8573,0.9914,0.4064,0.9028,330.3747,252.5614,292.3891,245.6268,362.1669,565.6316,334.8175,604.0022,38.6134,47.12,1.2203,0,0,0,0
1514,3,0,1,1,1,1,0.9928,0.9839,0.9259,0.8409,728.2771,350.074,604.7542,349.9379,760.5646,555.3661,563.6379,553.0806,123.523,196.94,1.5944,0,0,0,0
1514,3,0,0,1,1,1,0.9893,0.9633,0.8984,0.7108,1104.7772,342.5671,952.6583,352.6141,1109.6903,630.6024,906.0616,619.2356,152.4504,203.9457,1.3378,0,0,0,0
1514,3,0,2,0,1,1,0.877,0.9915,0.3896,0.8824,307.6568,249.0274,294.3425,246.3932,361.7706,563.3504,359.5235,611.4548,13.5723,48.1569,3.5482,0,0,0,0
1515,3,0,1,1,1,1,0.9925,0.9843,0.9244,0.846,730.0266,350.4898,606.1458,350.0373,755.8094,550.8667,564.0386,553.6958,123.8816,191.7917,1.5482,0,0,0,0
1515,3,0,0,1,1,1,0.9889,0.9602,0.8995,0.7021,1102.7797,341.8729,951.5098,352.9391,1110.8688,630.7882,904.3057,621.0448,151.6741,206.7927,1.3634,0,0,0,0
1515,3,0,2,1,1,1,0.8711,0.9904,0.4678,0.9066,294.1622,249.469,301.8042,247.1049,376.2753,544.4614,373.8107,589.8662,7.9994,45.4717,5.6844,0,0,0,0
1516,3,0,1,1,1,1,0.9925,0.9843,0.9244,0.846,730.0244,350.497,606.1628,350.0145,755.8164,550.8762,564.0484,553.6472,123.8626,191.7881,1.5484,0,0,0,0
1516,3,0,0,1,1,1,0.989,0.9602,0.8995,0.702,1102.7614,341.8758,951.5016,352.9424,1110.8701,630.7915,904.2996,621.0406,151.6641,206.8005,1.3635,0,0,0,0
1516,3,0,2,1,1,1,0.8708,0.9904,0.4677,0.9066,294.1515,249.4286,301.8199,247.0918,376.2566,544.3224,373.7385,589.8322,8.0165,45.5793,5.6857,0,0,0,0
1517,3,0,0,1,1,1,0.9863,0.949,0.9059,0.7314,1099.08,342.3368,947.6225,353.4652,1115.3618,631.096,900.1102,616.8282,151.8657,215.7239,1.4205,0,0,0,0
1517,3,0,1,1,1,1,0.993,0.9848,0.9288,0.8485,731.3528,349.6728,606.6084,350.2344,750.1607,546.3478,562.8282,556.0251,124.7458,187.5822,1.5037,0,0,0,0
1517,3,0,2,1,1,1,0.8925,0.9909,0.4234,0.879,288.6592,239.227,294.2777,240.2297,374.8044,545.5202,403.4705,598.0962,5.7073,59.8831,10.4923,0,0,0,0
1518,3,0,0,1,1,1,0.9862,0.9487,0.9057,0.7309,1099.042,342.4248,947.5926,353.4609,1115.3771,631.213,900.1904,617.0412,151.851,215.6528,1.4202,0,0,0,0
1518,3,0,1,1,1,1,0.9929,0.9847,0.9286,0.8483,731.383,349.5766,606.6354,350.1908,750.1194,546.4086,562.6793,555.9925,124.7492,187.6849,1.5045,0,0,0,0
1518,3,0,2,1,1,1,0.8925,0.9909,0.4239,0.879,288.8558,239.1404,294.1916,240.0885,375.0625,545.2206,403.3577,597.8097,5.4194,59.7179,11.0193,0,0,0,0
1519,3,0,0,1,1,1,0.9884,0.9544,0.9096,0.7341,1097.423,342.8812,944.9526,354.2078,1116.7777,631.5506,899.3143,616.698,152.8905,217.9701,1.4257,0,0,0,0
1519,3,0,1,1,1,1,0.9924,0.9823,0.9381,0.8538,733.3742,348.0924,607.5896,348.8412,745.3998,536.7274,555.099,557.8622,125.7868,191.4709,1.5222,0,0,0,0
1519,3,0,2,1,1,1,0.8912,0.9915,0.4134,0.8866,281.1014,236.1256,294.1877,239.3348,378.4752,539.417,414.7322,585.6682,13.4741,58.7685,4.3616,0,0,0,0
1520,3,0,0,1,1,1,0.9883,0.9544,0.9096,0.734,1097.4747,342.8812,944.9813,354.2034,1116.8555,631.5856,899.3576,616.6412,152.9132,218.0107,1.4257,0,0,0,0
1520,3,0,1,1,1,1,0.9924,0.9823,0.9381,0.8537,733.408,348.1529,607.5974,348.8382,745.1346,536.7794,555.1062,557.8318,125.8124,191.191,1.5197,0,0,0,0
1520,3,0,2,1,1,1,0.8909,0.9914,0.4137,0.8863,281.0638,236.028,294.277,239.3496,378.536,539.0952,414.7311,585.5888,13.6244,58.9215,4.3247,0,0,0,0
1521,3,0,0,1,1,1,0.988,0.9531,0.9085,0.7329,1094.8877,342.9138,941.9128,354.6859,1118.7814,632.0064,897.5818,618.3152,153.4271,221.6228,1.4445,0,0,0,0
1521,3,0,1,1,1,1,0.9932,0.9837,0.9356,0.8481,734.3431,349.5276,607.9604,348.3262,727.908,524.0722,550.0802,542.3808,126.3885,178.7678,1.4144,0,0,0,0
1521,3,0,2,1,1,1,0.8976,0.9923,0.4226,0.8935,280.0306,234.457,291.1062,237.0037,379.6418,532.0888,422.2766,581.3235,11.3646,65.1288,5.7309,0,0,0,0
1522,3,0,0,1,1,1,0.988,0.953,0.9086,0.7325,1094.8851,342.931,941.9044,354.6721,1118.8035,632.0258,897.6319,618.3366,153.4307,221.5948,1.4443,0,0,0,0
1522,3,0,1,1,1,1,0.9932,0.9836,0.9355,0.8476,734.2937,349.5558,607.9516,348.3191,727.7746,524.0913,550.065,542.3773,126.3482,178.648,1.4139,0,0,0,0
1522,3,0,2,1,1,1,0.8978,0.9923,0.4219,0.8933,280.0648,234.5585,291.0778,236.883,379.7003,532.4112,422.0346,581.1272,11.2557,64.5403,5.734,0,0,0,0
1523,3,0,0,1,1,1,0.9873,0.9518,0.906,0.733,1094.3699,343.8488,940.5746,354.7084,1120.517,635.2418,896.71,619.0272,154.1782,224.3936,1.4554,0,0,0,0
1523,3,0,1,1,1,1,0.9937,0.9836,0.9377,0.8276,735.2588,344.9206,610.971,345.928,712.5866,501.3438,535.6949,512.479,124.292,177.2418,1.426,0,0,0,0
1523,3,0,2,1,1,1,0.9012,0.9927,0.434,0.9006,274.129,234.3726,288.3343,235.5758,376.6476,532.1048,422.471,578.2511,14.2562,65.0328,4.5617,0,0,0,0
1524,3,0,0,1,1,1,0.9893,0.9629,0.8975,0.7109,1096.858,342.499,942.6872,353.7695,1121.8647,636.0989,897.9983,620.9734,154.5822,224.3769,1.4515,0,0,0,0
1524,3,0,1,1,1,1,0.9938,0.9814,0.9459,0.8293,734.7822,344.4115,610.5626,345.1945,691.2762,476.2216,522.0313,481.4942,124.2221,169.327,1.3631,0,0,0,0
1524,3,0,2,0,1,1,0.8815,0.9865,0.3895,0.8585,280.8958,236.7488,286.524,238.651,378.5554,536.8545,415.2483,579.0454,5.941,55.9146,9.4117,0,0,0,0
1525,3,0,0,1,1,1,0.9893,0.9629,0.8976,0.7109,1096.8496,342.4904,942.71,353.7484,1121.8757,636.1052,898.0016,620.9474,154.5502,224.3867,1.4519,0,0,0,0
1525,3,0,1,1,1,1,0.9938,0.9814,0.9459,0.8292,734.7706,344.41,610.568,345.1834,691.2742,476.2304,522.0343,481.4909,124.205,169.3216,1.3632,0,0,0,0
1525,3,0,2,0,1,1,0.8814,0.9865,0.3897,0.8586,281.0043,236.738,286.4948,238.6243,378.7406,536.7758,415.159,579.0024,5.8055,55.7618,9.605,0,0,0,0
1526,3,0,0,1,1,1,0.9868,0.9531,0.9032,0.7414,1099.072,341.7305,946.6551,353.4934,1129.2114,634.3375,897.4683,615.4773,152.8702,232.5094,1.521,0,0,0,0
1526,3,0,1,1,1,1,0.9939,0.9803,0.9538,0.8377,734.0193,343.5548,609.1328,345.0643,667.5404,449.6584,509.5366,464.9788,124.8955,158.7448,1.271,0,0,0,0
1526,3,0,2,1,1,1,0.8791,0.9849,0.5318,0.9004,275.6747,241.7311,283.845,243.7296,375.8004,528.8778,408.8633,571.3546,8.4112,53.8278,6.3995,0,0,0,0
1527,3,0,0,1,1,1,0.9868,0.953,0.9033,0.7413,1099.0552,341.7056,946.688,353.4823,1129.1738,634.3738,897.4643,615.4876,152.8216,232.4779,1.5212,0,0,0,0
1527,3,0,1,1,1,1,0.9939,0.9804,0.9538,0.8375,734.0221,343.542,609.1317,345.0668,667.4565,449.7629,509.6098,465.0006,124.8997,158.5804,1.2697,0,0,0,0
1527,3,0,2,1,1,1,0.8791,0.9849,0.5316,0.9004,275.6338,241.7538,283.8286,243.733,375.6614,528.9663,408.9046,571.4035,8.4304,53.9076,6.3944,0,0,0,0
1528,3,0,0,1,1,1,0.9885,0.9598,0.896,0.7093,1103.8405,342.6525,954.5883,351.6423,1130.1943,637.8238,902.6431,615.3172,149.5226,228.6616,1.5293,0,0,0,0
1528,3,0,1,1,1,1,0.9935,0.9742,0.9561,0.8331,731.8046,346.5454,600.1046,347.483,660.5207,424.7624,546.0816,402.1417,131.7033,116.6533,0.8857,0,0,0,0
1528,3,0,2,1,1,1,0.8982,0.9909,0.5098,0.9129,266.0864,244.7954,287.1674,244.9165,374.623,533.5878,398.0066,567.2682,21.0814,41.002,1.9449,0,0,0,0
1529,3,0,0,1,1,1,0.9883,0.9594,0.8957,0.709,1103.9055,342.5824,954.742,351.5665,1130.1637,637.7805,902.6137,615.3978,149.4338,228.6482,1.5301,0,0,0,0
1529,3,0,1,1,1,1,0.9935,0.9742,0.9561,0.8331,731.7975,346.55,600.1036,347.4688,660.5235,424.793,546.0906,402.2631,131.6971,116.6297,0.8856,0,0,0,0
1529,3,0,2,1,1,1,0.8983,0.9909,0.5103,0.9131,266.1502,244.8891,287.0848,244.8896,374.7456,533.6898,397.9816,567.1665,20.9346,40.7505,1.9466,0,0,0,0
1530,3,0,0,1,1,1,0.9886,0.9614,0.8951,0.709,1111.9741,344.0666,961.4694,351.7032,1134.6963,640.7635,910.9662,619.83,150.6983,224.7072,1.4911,0,0,0,0
1530,3,0,1,1,1,1,0.9929,0.975,0.9534,0.8432,729.7798,345.084,599.6342,345.5508,656.1752,416.2782,564.3244,387.3708,130.1464,96.2923,0.7399,0,0,0,0
1530,3,0,2,1,1,1,0.9006,0.9927,0.4256,0.9004,260.5124,241.1188,288.8314,239.5245,368.5117,535.3303,384.8597,579.1649,28.3638,46.7838,1.6494,0,0,0,0
1531,3,0,0,1,1,1,0.9865,0.9493,0.899,0.7177,1121.4355,346.7731,968.6796,354.9638,1148.29,648.307,911.9279,614.7882,152.9754,238.727,1.5606,0,0,0,0
1531,3,0,1,1,1,1,0.9929,0.9742,0.9532,0.8383,727.7468,342.2399,601.5206,342.523,647.5674,410.7854,562.789,385.5888,126.2265,88.4434,0.7007,0,0,0,0
1531,3,0,2,1,1,1,0.9013,0.9925,0.4076,0.89,257.8828,243.2999,290.71,242.4563,365.046,535.9336,371.7991,582.6842,32.838,47.2359,1.4385,0,0,0,0
1532,3,0,0,1,1,1,0.9866,0.9493,0.8991,0.7175,1121.4028,346.7662,968.6653,354.9588,1148.2961,648.3207,911.9279,614.8296,152.9571,238.7292,1.5608,0,0,0,0
1532,3,0,1,1,1,1,0.9929,0.9742,0.9532,0.8382,727.7831,342.2059,601.5302,342.5594,647.5442,410.8164,562.7537,385.4622,126.2533,88.5001,0.701,0,0,0,0
1532,3,0,2,1,1,1,0.9009,0.9925,0.4075,0.8899,258.0655,243.3312,290.6158,242.4391,365.2661,535.974,371.5865,582.2964,32.5626,46.7516,1.4357,0,0,0,0
1533,3,0,0,1,1,1,0.9888,0.9473,0.9112,0.6995,1129.9238,345.0092,981.6852,352.0716,1154.267,646.8836,926.8189,614.3681,148.4068,229.7605,1.5482,0,0,0,0
1533,3,0,1,1,1,1,0.9926,0.9745,0.9514,0.8398,727.5086,341.4671,600.9514,339.9192,646.2136,407.3108,579.9118,387.2738,126.5667,69.2634,0.5472,0,0,0,0
1533,3,0,2,0,1,1,0.8995,0.9925,0.3921,0.8849,259.4013,245.3829,290.0481,245.235,361.7405,544.2779,367.3968,592.9596,30.6472,49.0093,1.5991,0,0,0,0
1534,3,0,0,1,1,1,0.9888,0.9473,0.9112,0.6991,1129.8835,345.0066,981.6697,352.0849,1154.308,647.2472,926.7676,614.6651,148.3828,229.8613,1.5491,0,0,0,0
1534,3,0,1,1,1,1,0.9926,0.9746,0.9515,0.8402,727.5274,341.5855,601.0028,340.0253,646.1526,407.3538,580.0645,387.3078,126.5342,69.0614,0.5458,0,0,0,0
1534,3,0,2,0,1,1,0.8994,0.9925,0.3924,0.8849,259.4104,245.3702,290.0023,245.2298,361.6937,544.2826,367.426,592.9024,30.5922,48.9565,1.6003,0,0,0,0
1535,3,0,0,1,1,1,0.988,0.9398,0.9136,0.6851,1135.1974,341.152,990.8683,349.2326,1155.6799,650.8596,934.8844,616.0721,144.5551,223.5192,1.5463,0,0,0,0
1535,3,0,1,1,1,1,0.9926,0.9732,0.9515,0.8335,727.3351,341.941,601.3031,339.2117,635.1327,395.733,584.2961,386.8419,126.0615,51.6083,0.4094,1,1,1,0
1535,3,0,2,0,1,1,0.9021,0.9929,0.3724,0.879,256.0646,246.8748,291.2311,247.897,356.5168,548.8089,363.3441,598.3446,35.1814,50.004,1.4213,0,0,0,0
1536,3,0,0,1,1,1,0.988,0.94,0.9135,0.6857,1135.1274,341.2233,990.902,349.1834,1155.6508,650.8357,934.8697,615.9331,144.4449,223.5229,1.5475,0,0,0,0
1536,3,0,1,1,1,1,0.9926,0.9732,0.9516,0.8336,727.356,341.9152,601.3438,339.1941,635.192,396.178,584.0855,386.9198,126.0415,51.9383,0.4121,1,1,2,0
1536,3,0,2,0,1,1,0.9022,0.9929,0.3734,0.8794,256.0695,246.8658,291.2742,247.9402,356.7326,548.7664,363.263,598.378,35.2211,50.0395,1.4207,0,0,0,0
1537,3,0,0,1,1,1,0.9867,0.9426,0.907,0.7025,1140.4873,341.2544,999.3762,349.9905,1160.1068,656.3814,943.749,612.793,141.3813,220.7049,1.5611,0,0,0,0
1537,3,0,1,1,1,1,0.9925,0.9733,0.9515,0.8355,728.8424,343.0194,601.4309,339.3099,636.6832,395.7678,590.9172,388.0501,127.4655,46.4122,0.3641,1,1,3,0
1537,3,0,2,0,1,1,0.9073,0.9932,0.3824,0.8811,257.4793,246.0207,290.1872,248.0385,351.9896,548.8645,361.4782,596.9886,32.77,49.0505,1.4968,0,0,0,0
1538,3,0,1,1,1,1,0.9925,0.9725,0.9516,0.8313,729.2277,343.3762,601.8492,340.1585,635.4031,391.9393,594.5196,388.4264,127.4192,41.0341,0.322,1,1,4,0
1538,3,0,0,1,1,1,0.9882,0.9375,0.9081,0.6824,1144.8158,340.4089,1008.7156,346.9174,1159.6658,645.272,956.372,609.7547,136.2557,206.373,1.5146,0,0,0,0
1538,3,0,2,0,1,1,0.9104,0.9931,0.3921,0.8813,255.6374,245.4647,290.5842,248.3389,358.0041,544.6458,363.033,591.649,35.0648,47.2714,1.3481,0,0,0,0
1539,3,0,1,1,1,1,0.9925,0.9725,0.9516,0.8313,729.2256,343.387,601.8542,340.1586,635.4048,391.9435,594.5164,388.4256,127.4123,41.0395,0.3221,1,1,5,0
1539,3,0,0,1,1,1,0.9883,0.9377,0.9081,0.6825,1144.8123,340.401,1008.7145,346.9119,1159.6619,645.2656,956.361,609.7468,136.2534,206.3803,1.5147,0,0,0,0
1539,3,0,2,0,1,1,0.9104,0.9931,0.3923,0.8814,255.5768,245.4318,290.6164,248.3472,358.0376,544.4656,363.0286,591.6212,35.1607,47.419,1.3486,0,0,0,0
1540,3,0,0,1,1,1,0.9889,0.9321,0.915,0.6768,1148.734,340.8857,1016.0022,344.5669,1161.7178,654.0196,968.3652,595.6706,132.7828,201.9649,1.521,0,0,0,0
1540,3,0,1,1,1,1,0.9922,0.9728,0.9508,0.8357,730.2031,343.6622,602.7923,340.4956,637.0594,393.8204,595.7498,389.8778,127.4502,41.4974,0.3256,1,1,6,1
1540,3,0,2,0,1,1,0.9217,0.9929,0.3695,0.8588,255.5611,245.8785,292.1986,248.2786,375.9488,542.3126,368.5777,586.1759,36.716,44.4783,1.2114,0,0,0,0
1541,3,0,0,1,1,1,0.9889,0.9321,0.9151,0.6771,1148.7104,340.8865,1016.0441,344.5038,1161.6926,654.0276,968.587,594.9706,132.7156,201.9344,1.5216,0,0,0,0
1541,3,0,1,1,1,1,0.9922,0.9728,0.9508,0.8357,730.2052,343.6326,602.7934,340.4784,637.0484,393.769,595.7122,389.8801,127.451,41.5188,0.3258,1,1,7,1
1541,3,0,2,0,1,1,0.9218,0.9929,0.3695,0.8589,255.5298,245.8704,292.2298,248.2924,375.9395,542.3388,368.6144,586.216,36.7798,44.4844,1.2095,0,0,0,0
1542,3,0,0,1,1,1,0.9882,0.9287,0.9161,0.6863,1151.812,340.2067,1021.032,342.0853,1163.4312,655.0825,975.4773,581.2718,130.7935,201.9274,1.5439,0,0,0,0
1542,3,0,1,1,1,1,0.992,0.974,0.9497,0.8424,731.4604,344.3044,603.4843,340.5334,640.0408,395.0498,596.2846,391.0046,128.0316,43.9428,0.3432,1,1,8,1
1542,3,0,2,1,1,1,0.9319,0.993,0.4084,0.865,254.2917,246.271,293.2194,247.9235,381.8104,536.0956,372.0431,574.5984,38.9627,39.7222,1.0195,0,0,0,0
1543,3,0,0,1,1,1,0.9882,0.9289,0.9159,0.6866,1151.8306,340.223,1021.0057,342.0776,1163.4238,655.0331,975.4911,581.2083,130.838,201.9129,1.5432,0,0,0,0
1543,3,0,1,1,1,1,0.992,0.974,0.9497,0.8424,731.4715,344.2806,603.5189,340.5578,640.0904,395.0936,596.3074,390.9648,128.0067,43.9773,0.3436,1,1,9,1
1543,3,0,2,1,1,1,0.9318,0.993,0.4084,0.865,254.4424,246.2837,293.1534,247.9206,381.744,536.1276,371.9903,574.4618,38.7456,39.5556,1.0209,0,0,0,0
1544,3,0,0,1,1,1,0.9883,0.9271,0.9167,0.681,1153.1389,340.4922,1023.0511,342.8556,1164.4181,654.7621,978.2593,575.8018,130.1093,202.2124,1.5542,0,0,0,0
1544,3,0,1,1,1,1,0.9922,0.9734,0.9511,0.8394,732.4388,344.7283,604.7478,340.6011,640.6304,394.1373,596.8767,389.591,127.7577,43.9893,0.3443,1,1,10,1
1544,3,0,2,0,1,1,0.921,0.9928,0.3496,0.8513,245.7805,242.1942,298.7659,244.6726,367.2374,535.2674,371.5759,565.5164,53.0433,30.5584,0.5761,0,0,0,0
1545,3,0,0,1,1,1,0.9883,0.9272,0.9167,0.6811,1153.1434,340.4899,1023.0479,342.8559,1164.4333,654.7688,978.2622,575.7853,130.1171,202.2328,1.5542,0,0,0,0
1545,3,0,1,1,1,1,0.9922,0.9734,0.9511,0.8394,732.446,344.752,604.7284,340.6311,640.555,394.088,596.865,389.5638,127.7841,43.9236,0.3437,1,1,11,1
1545,3,0,2,0,1,1,0.921,0.9928,0.3497,0.8513,245.744,242.1757,298.7384,244.6282,367.2443,535.3347,371.6052,565.5541,53.0512,30.5324,0.5755,0,0,0,0
1546,3,0,0,1,1,1,0.9891,0.9269,0.9191,0.678,1153.0582,340.5168,1024.5403,342.421,1163.8378,656.4994,981.5542,562.3783,128.5321,205.1489,1.5961,0,0,0,0
1546,3,0,1,1,1,1,0.9921,0.9733,0.9507,0.8392,733.3518,344.9458,606.0972,340.1661,642.6262,393.6726,597.0286,389.2818,127.3444,45.8085,0.3597,1,1,12,1
1546,3,0,2,0,1,1,0.9149,0.9927,0.301,0.8301,239.3103,239.3077,303.8644,242.0021,353.0691,544.5692,378.9728,572.1381,64.6103,37.8292,0.5855,0,0,0,0
1547,3,0,0,1,1,1,0.9891,0.9269,0.9191,0.6781,1153.0702,340.519,1024.6016,342.4041,1163.8127,656.4544,981.6488,562.1573,128.4825,205.1235,1.5965,0,0,0,0
1547,3,0,1,1,1,1,0.9921,0.9733,0.9507,0.8392,733.3566,344.9542,606.0722,340.1832,642.6745,393.7334,597.0039,389.2875,127.3738,45.8865,0.3603,1,1,13,1
1547,3,0,2,0,1,1,0.9148,0.9927,0.3006,0.8297,239.1948,239.2553,303.8966,241.9929,352.9218,544.6229,378.9951,572.1806,64.7596,37.9374,0.5858,0,0,0,0
1548,3,0,1,1,1,1,0.9921,0.9736,0.9509,0.84,733.6742,345.0316,607.1531,339.7657,644.877,395.8678,597.1476,390.5376,126.6307,48.0261,0.3793,1,1,14,1
1548,3,0,0,1,1,1,0.9877,0.9255,0.9153,0.6909,1150.5254,341.6979,1022.3151,341.7264,1163.0905,654.4031,980.6298,550.7843,128.2103,209.8302,1.6366,0,0,0,0
1548,3,0,2,0,1,1,0.9059,0.9924,0.3221,0.8432,233.6314,236.8605,308.8929,241.5948,350.2152,538.5548,385.2092,573.3356,75.4103,49.3385,0.6543,0,0,0,0
1549,3,0,1,1,1,1,0.9921,0.9736,0.9509,0.84,733.659,345.027,607.1668,339.7676,644.845,395.7943,597.156,390.5236,126.6015,47.9795,0.379,1,1,15,1
1549,3,0,0,1,1,1,0.9877,0.9255,0.9152,0.6911,1150.5349,341.719,1022.3069,341.7432,1163.0494,654.3684,980.5961,550.8546,128.228,209.7721,1.6359,0,0,0,0
1549,3,0,2,0,1,1,0.9058,0.9924,0.3218,0.8431,233.5986,236.8404,308.9079,241.5674,350.273,538.5252,385.1358,573.3355,75.4575,49.2664,0.6529,0,0,0,0
1550,3,0,0,1,1,1,0.9887,0.9278,0.9167,0.6865,1147.4528,340.6782,1021.871,340.2776,1161.4788,653.5341,977.3001,548.5446,125.5824,212.0013,1.6881,0,0,0,0
1550,3,0,1,1,1,1,0.992,0.9741,0.9498,0.8405,733.688,344.5813,607.558,338.55,645.1191,394.8171,597.2412,389.5867,126.2741,48.1628,0.3814,1,1,16,1
1550,3,0,2,0,1,1,0.9087,0.9926,0.3181,0.8389,232.6707,235.189,311.068,241.2052,345.998,538.2573,390.3418,575.6104,78.6278,57.9796,0.7374,0,0,0,0
1551,3,0,1,1,1,1,0.9919,0.9739,0.9492,0.8398,734.8083,344.3987,608.3556,338.3845,646.1066,396.4652,597.9422,389.3408,126.5956,48.6886,0.3846,1,1,17,1
1551,3,0,0,1,1,1,0.9878,0.9249,0.9154,0.6884,1143.1018,339.7904,1020.1693,337.9856,1160.742,650.3585,977.0098,543.9879,122.9457,212.3022,1.7268,0,0,0,0
1551,3,0,2,0,1,1,0.9212,0.9932,0.2752,0.8096,235.0909,235.8637,310.3004,239.8151,352.4946,546.0674,392.8562,576.3692,75.3132,50.4704,0.6701,0,0,0,0
1552,3,0,1,1,1,1,0.9919,0.9739,0.9491,0.8398,734.8352,344.3873,608.3668,338.3901,646.0928,396.4212,597.9538,389.3048,126.6105,48.6622,0.3843,1,1,18,1
1552,3,0,0,1,1,1,0.9878,0.9249,0.9153,0.6883,1143.1134,339.7796,1020.1929,337.9475,1160.7311,650.4092,977.0187,543.9578,122.9342,212.3255,1.7271,0,0,0,0
1552,3,0,2,0,1,1,0.9212,0.9932,0.275,0.8095,235.1026,235.8728,310.3201,239.8049,352.5172,546.1742,392.8074,576.4434,75.3202,50.3936,0.6691,0,0,0,0
1553,3,0,1,1,1,1,0.9921,0.9738,0.95,0.8382,735.2432,344.8455,608.4568,337.9964,643.1726,391.7644,598.2479,387.091,126.9713,45.167,0.3557,1,1,19,1
1553,3,0,0,1,1,1,0.988,0.9269,0.9125,0.6881,1140.0636,339.513,1018.3906,337.8266,1156.2838,654.1803,976.0797,541.7655,121.6847,212.3926,1.7454,0,0,0,0
1553,3,0,2,0,1,1,0.9116,0.993,0.3188,0.8429,232.7636,234.2214,312.1022,239.085,347.9617,538.2389,393.0509,575.572,79.4876,58.5389,0.7365,0,0,0,0
1554,3,0,1,1,1,1,0.9921,0.9738,0.9503,0.8381,735.273,344.7677,608.4188,337.9494,643.0624,391.6498,598.2786,387.1051,127.0374,45.0139,0.3543,1,1,20,1
1554,3,0,0,1,1,1,0.9879,0.9269,0.9121,0.6884,1140.0748,339.561,1018.4896,337.8397,1156.2319,654.2635,976.0828,541.7868,121.5974,212.3787,1.7466,0,0,0,0
1554,3,0,2,0,1,1,0.9116,0.993,0.3188,0.843,232.6917,234.1985,312.1761,239.0675,347.7586,538.3535,393.0097,575.4762,79.6334,58.53,0.735,0,0,0,0
1555,3,0,1,1,1,1,0.9921,0.9742,0.9503,0.841,735.9466,344.7822,609.398,337.7496,645.1228,393.3875,598.4628,388.1156,126.7438,46.9569,0.3705,1,1,21,1
1555,3,0,0,1,1,1,0.9895,0.9416,0.9146,0.6887,1136.7686,337.9993,1018.2081,337.6222,1152.9305,649.2157,968.6664,546.4599,118.561,210.9788,1.7795,0,0,0,0
1555,3,0,2,0,1,1,0.9116,0.993,0.3164,0.8415,233.3768,233.7864,312.4653,239.4603,348.9608,535.4642,393.2582,573.945,79.2917,58.6773,0.74,0,0,0,0
1556,3,0,1,1,1,1,0.992,0.9743,0.9502,0.8411,735.9312,344.8032,609.3978,337.7471,645.1874,393.3953,598.4396,388.1602,126.73,47.04,0.3712,1,1,22,1
1556,3,0,0,1,1,1,0.9895,0.9417,0.9147,0.689,1136.7616,337.9981,1018.1864,337.6162,1152.9265,649.2029,968.7135,546.3604,118.5758,210.9763,1.7793,0,0,0,0
1556,3,0,2,0,1,1,0.9115,0.993,0.3163,0.8414,233.3599,233.8052,312.4743,239.452,348.848,535.5672,393.2677,573.9952,79.3157,58.7352,0.7405,0,0,0,0
1557,3,0,1,1,1,1,0.9919,0.975,0.9492,0.8438,736.8277,345.059,609.7085,338.0462,646.5439,394.2822,598.43,386.4898,127.3125,48.7408,0.3828,1,1,23,1
1557,3,0,0,1,1,1,0.9894,0.9407,0.9194,0.697,1135.4517,337.5524,1015.2964,338.5181,1149.9368,642.5354,965.9969,548.4568,120.1591,206.6027,1.7194,0,0,0,0
1557,3,0,2,0,1,1,0.9107,0.9933,0.3099,0.8428,231.5361,233.6948,313.5186,239.7718,347.0196,536.8702,393.8163,576.0006,82.2075,61.001,0.742,0,0,0,0
1558,3,0,1,1,1,1,0.9919,0.975,0.9491,0.8441,736.8966,345.0086,609.6621,338.054,646.6903,394.4868,598.5228,386.378,127.4244,48.8453,0.3833,1,1,24,1
1558,3,0,0,1,1,1,0.9895,0.9407,0.9195,0.6967,1135.42,337.5264,1015.3281,338.5184,1150.0371,642.3441,965.9563,548.5078,120.096,206.618,1.7204,0,0,0,0
1558,3,0,2,0,1,1,0.9107,0.9933,0.31,0.8428,231.4837,233.754,313.531,239.7816,346.8704,537.1367,393.8197,576.0588,82.2684,60.985,0.7413,0,0,0,0
1559,3,0,1,1,1,1,0.9921,0.9752,0.9505,0.845,738.0786,344.8306,610.6106,338.1249,647.4345,395.5682,598.6434,387.5285,127.6442,49.449,0.3874,1,1,25,1
1559,3,0,0,1,1,1,0.9883,0.9393,0.9174,0.7052,1134.4519,338.3693,1012.502,340.9907,1138.8022,642.9272,961.7484,552.152,121.9781,198.9679,1.6312,0,0,0,0
1559,3,0,2,0,1,1,0.9114,0.9934,0.3136,0.8468,231.7465,235.1614,313.2833,240.7538,349.6794,536.822,393.183,576.4828,81.7284,58.8688,0.7203,0,0,0,0
1560,3,0,1,1,1,1,0.9919,0.9755,0.949,0.8464,738.4341,345.2749,611.231,338.459,648.3145,396.7163,599.4659,386.9879,127.3855,49.8079,0.391,1,1,26,1
1560,3,0,0,1,1,1,0.9879,0.9377,0.915,0.7021,1132.8759,339.6254,1010.2546,341.0128,1130.6614,650.0782,960.9302,549.9933,122.6291,197.0423,1.6068,0,0,0,0
1560,3,0,2,0,1,1,0.9077,0.9931,0.3169,0.8496,235.6562,235.2634,312.0687,240.2527,351.2116,535.9084,393.4699,576.1636,76.5751,58.3631,0.7622,0,0,0,0
1561,3,0,1,1,1,1,0.9919,0.9756,0.9491,0.8468,738.484,345.2359,611.2561,338.5012,648.2946,396.6589,599.4006,386.8649,127.4061,49.8652,0.3914,1,1,27,1
1561,3,0,0,1,1,1,0.9879,0.9378,0.9151,0.702,1132.8618,339.6792,1010.2607,341.0498,1130.6345,650.1182,960.9354,549.9582,122.6087,197.0529,1.6072,0,0,0,0
1561,3,0,2,0,1,1,0.9078,0.9931,0.3172,0.8498,235.6506,235.2472,312.0722,240.2404,351.2597,535.8466,393.4474,576.1452,76.5846,58.342,0.7618,0,0,0,0
1562,3,0,1,1,1,1,0.9919,0.9746,0.9497,0.8423,738.5742,345.4852,612.8288,338.6496,648.6732,397.4104,599.8766,386.6537,125.9311,49.9682,0.3968,1,1,28,1
1562,3,0,0,1,1,1,0.9864,0.9466,0.8992,0.7085,1129.4921,339.2993,1011.2936,336.4428,1119.2494,651.2649,961.4448,548.6457,118.2329,188.2365,1.5921,0,0,0,0
1562,3,0,2,0,1,1,0.9067,0.9929,0.3248,0.8535,238.2886,236.0568,308.194,239.6886,352.8613,537.817,394.5587,572.8236,69.9997,54.4439,0.7778,0,0,0,0
1563,3,0,1,1,1,1,0.9919,0.9746,0.9496,0.8423,738.6136,345.4635,612.844,338.6565,648.6852,397.4306,599.879,386.7138,125.9536,49.969,0.3967,1,1,29,1
1563,3,0,0,1,1,1,0.9864,0.9466,0.8992,0.7084,1129.499,339.3132,1011.3118,336.438,1119.2168,651.3655,961.334,548.688,118.2222,188.3339,1.5931,0,0,0,0
1563,3,0,2,0,1,1,0.9066,0.9929,0.3244,0.8535,238.2639,236.0469,308.2117,239.721,352.705,537.8222,394.5356,572.7903,70.0442,54.5213,0.7784,0,0,0,0
1564,3,0,1,1,1,1,0.9918,0.974,0.9502,0.8428,739.305,345.5551,614.4824,338.9475,649.5726,396.6436,601.285,385.8974,124.9973,49.4689,0.3958,1,1,30,1
1564,3,0,0,1,1,1,0.9865,0.9489,0.899,0.715,1128.3014,339.8118,1010.6782,336.7612,1114.2633,647.4266,959.7553,548.302,117.6628,183.5712,1.5601,0,0,0,0
1564,3,0,2,0,1,1,0.9059,0.9928,0.3673,0.8747,244.5412,239.475,302.0256,241.9773,363.1462,526.0538,392.4826,553.0404,57.5388,39.861,0.6928,0,0,0,0
1565,3,0,1,1,1,1,0.9918,0.9741,0.9502,0.843,739.326,345.5683,614.469,338.9575,649.5214,396.602,601.3028,385.8855,125.032,49.395,0.3951,1,1,31,1
1565,3,0,0,1,1,1,0.9865,0.9489,0.899,0.715,1128.3193,339.8453,1010.7018,336.7721,1114.2565,647.506,959.7689,548.2876,117.6577,183.6047,1.5605,0,0,0,0
1565,3,0,2,0,1,1,0.9056,0.9927,0.3672,0.8746,244.7268,239.5471,301.9546,242.0246,363.3805,526.057,392.4796,553.0888,57.2814,39.7174,0.6934,0,0,0,0
1566,3,0,1,1,1,1,0.992,0.9743,0.9516,0.8448,739.9861,345.2439,614.0944,339.1602,648.9914,396.0883,601.9362,386.5618,126.0386,48.0098,0.3809,1,1,32,1
1566,3,0,0,1,1,1,0.9861,0.9373,0.91,0.7166,1129.6287,341.3743,1005.3186,343.1185,1120.6047,647.2328,953.7857,553.0138,124.3223,191.5876,1.5411,0,0,0,0
1566,3,0,2,0,1,1,0.9038,0.9885,0.3751,0.8526,266.6748,242.7794,289.8049,245.4255,374.8421,519.9588,389.6005,534.9413,23.2809,21.0306,0.9033,0,0,0,0
1567,3,0,1,1,1,1,0.9922,0.9733,0.9531,0.8418,740.5293,344.7768,615.446,339.4328,645.3278,391.8109,601.6847,385.0228,125.1974,44.1678,0.3528,1,1,33,1
1567,3,0,0,1,1,1,0.9859,0.948,0.8975,0.7202,1127.7162,340.172,1007.1179,338.3374,1115.8336,647.5315,957.1526,546.8612,120.6123,187.9207,1.5581,0,0,0,0
1567,3,0,2,1,1,1,0.9333,0.9912,0.5356,0.9014,280.0742,243.9786,278.8376,248.1327,375.6998,495.5221,397.5982,507.8173,4.3342,25.114,5.7944,0,0,0,0
1568,3,0,1,1,1,1,0.9922,0.9733,0.9531,0.8418,740.5359,344.7486,615.4481,339.4206,645.337,391.8269,601.6894,385.0192,125.2012,44.1753,0.3528,1,1,34,1
1568,3,0,0,1,1,1,0.9859,0.9481,0.8975,0.7202,1127.7021,340.1755,1007.1023,338.3271,1115.8344,647.5298,957.1367,546.8467,120.614,187.9416,1.5582,0,0,0,0
1568,3,0,2,1,1,1,0.9334,0.9912,0.5356,0.9014,280.0731,243.9764,278.8584,248.1375,375.6735,495.5232,397.5966,507.8105,4.3348,25.1317,5.7977,0,0,0,0
1569,3,0,1,1,1,1,0.9921,0.974,0.9524,0.8447,740.1982,344.7225,615.2782,339.2115,644.986,390.0896,602.7764,385.4921,125.0415,42.4593,0.3396,1,1,35,1
1569,3,0,0,1,1,1,0.986,0.9486,0.8968,0.7193,1126.3942,339.8982,1003.8678,337.9027,1119.087,647.6094,954.4632,548.7876,122.5426,192.0072,1.5669,0,0,0,0
1569,3,0,2,1,1,1,0.9392,0.9915,0.5357,0.9033,291.525,249.1526,269.5376,249.5664,397.1926,484.5182,424.6404,487.8921,21.9913,27.6543,1.2575,0,0,0,0
1570,3,0,1,1,1,1,0.9921,0.974,0.9525,0.8446,740.1846,344.7469,615.266,339.2658,644.8808,390.0626,602.7908,385.503,125.0387,42.3363,0.3386,1,1,36,1
1570,3,0,0,1,1,1,0.986,0.9486,0.8971,0.719,1126.3501,339.8526,1003.8894,337.823,1119.1079,647.5663,954.4651,548.8144,122.4775,191.9875,1.5675,0,0,0,0
1570,3,0,2,1,1,1,0.9392,0.9915,0.5359,0.9033,291.5176,249.0946,269.5384,249.5853,397.359,484.422,424.9266,487.9794,21.9847,27.7962,1.2643,0,0,0,0
1571,3,0,1,1,1,1,0.9915,0.9731,0.9493,0.8398,740.099,344.7506,615.9482,339.0625,645.5282,390.2732,604.0702,386.6518,124.2811,41.6158,0.3349,1,1,37,1
1571,3,0,0,1,1,1,0.9866,0.9405,0.9106,0.7208,1124.7462,341.8791,997.4769,343.6554,1132.5558,644.938,947.7968,553.9611,127.2817,205.9434,1.618,0,0,0,0
1571,3,0,2,1,1,1,0.9543,0.9928,0.6515,0.9322,298.0317,251.0154,264.3107,247.2714,418.1804,457.3298,426.2836,448.7174,33.9282,11.8253,0.3485,0,0,0,0
1572,3,0,1,1,1,1,0.9915,0.9732,0.9492,0.84,740.0772,344.7302,615.9414,339.0256,645.7499,390.4218,604.0738,386.6806,124.2669,41.8436,0.3367,1,1,38,1
1572,3,0,0,1,1,1,0.9866,0.9406,0.9105,0.7211,1124.7399,341.8792,997.4615,343.6387,1132.5898,644.9123,947.7923,553.9034,127.2905,205.9921,1.6183,0,0,0,0
1572,3,0,2,1,1,1,0.9544,0.9928,0.6519,0.9324,298.0672,251.0528,264.2839,247.2856,418.3177,457.4772,426.3386,448.7216,33.9927,11.8741,0.3493,0,0,0,0
1573,3,0,1,1,1,1,0.9918,0.9733,0.9504,0.8391,739.9388,344.8835,616.2257,339.1489,646.1736,389.8167,603.1824,385.2912,123.846,43.2287,0.3491,1,1,39,1
1573,3,0,0,1,1,1,0.9877,0.9513,0.902,0.7148,1122.436,339.7471,998.7324,337.7485,1129.093,642.2306,950.7,552.3494,123.7198,199.7566,1.6146,0,0,0,0
1573,3,0,2,1,1,1,0.9546,0.9923,0.6287,0.9228,308.4352,250.8284,255.7982,247.7838,409.1523,413.112,419.1758,411.183,52.725,10.2074,0.1936,0,0,0,0
1574,3,0,1,1,1,1,0.9919,0.9733,0.9506,0.839,739.904,344.8218,616.2677,339.204,646.292,390.0312,602.8828,385.3341,123.7638,43.6626,0.3528,1,1,40,1
1574,3,0,0,1,1,1,0.9874,0.9428,0.9115,0.7215,1122.896,340.6958,995.6234,342.3718,1136.6425,643.3482,946.0582,553.9118,127.2836,210.526,1.654,0,0,0,0
1574,3,0,2,1,1,1,0.9545,0.9923,0.6279,0.9227,308.2693,250.8434,255.9596,247.888,407.3864,413.5669,418.3711,411.0152,52.3931,11.2772,0.2152,0,0,0,0
1575,3,0,0,1,1,1,0.9885,0.9421,0.9173,0.7141,1120.1396,339.9071,992.7617,342.888,1139.259,643.9738,944.1189,554.3209,127.4128,214.7494,1.6855,0,0,0,0
1575,3,0,1,1,1,1,0.9918,0.9737,0.9502,0.8419,740.3574,344.163,616.4625,338.8693,645.098,388.9634,602.8322,385.009,124.0079,42.4504,0.3423,1,1,41,1
1575,3,0,2,1,1,1,0.9562,0.9925,0.6604,0.9359,311.9818,250.8717,249.4468,245.3806,440.7304,371.39,435.0445,365.1748,62.7757,8.4237,0.1342,0,0,0,0
1576,3,0,0,1,1,1,0.9898,0.9464,0.9204,0.7165,1119.3385,341.6584,987.3938,344.7264,1143.0249,644.0428,942.1855,557.5483,131.9804,218.6728,1.6569,0,0,0,0
1576,3,0,1,1,1,1,0.9914,0.9742,0.9476,0.8427,740.2036,343.5002,616.2456,337.871,644.8827,388.6343,604.4021,386.0803,124.0858,40.5611,0.3269,1,1,42,1
1576,3,0,2,1,1,1,0.964,0.9948,0.7567,0.9602,323.6758,249.8219,247.3561,247.4825,426.7553,343.2945,403.7246,338.915,76.3556,23.4434,0.307,0,0,0,0
1577,3,0,0,1,1,1,0.9898,0.9465,0.9203,0.7167,1119.3672,341.7012,987.3378,344.7691,1143.002,644.1218,942.1739,557.5352,132.065,218.6988,1.656,0,0,0,0
1577,3,0,1,1,1,1,0.9914,0.9742,0.9476,0.8426,740.2376,343.5296,616.2162,337.9142,644.847,388.5175,604.4166,385.975,124.1485,40.5102,0.3263,1,1,43,1
1577,3,0,2,1,1,1,0.9641,0.9948,0.7578,0.9602,323.8054,249.7782,247.261,247.5364,427.0391,343.1494,403.7879,338.9471,76.5773,23.6279,0.3085,0,0,0,0
1578,3,0,0,1,1,1,0.9897,0.9482,0.92,0.722,1118.0596,342.9164,982.171,345.9954,1145.0238,640.5644,939.4298,560.5718,135.9235,220.6076,1.623,0,0,0,0
1578,3,0,1,1,1,1,0.9915,0.9755,0.9464,0.8467,740.119,343.8016,615.3762,338.1344,646.7082,388.7418,604.7294,385.8974,124.8715,42.075,0.3369,1,1,44,1
1578,3,0,2,1,1,1,0.9697,0.9937,0.8121,0.9581,345.1156,252.9219,239.4267,251.6466,420.6398,313.0188,389.7029,314.9252,105.6966,30.9955,0.2933,0,0,0,0
1579,3,0,0,1,1,1,0.9897,0.9482,0.9199,0.722,1118.0479,342.8981,982.1296,346.0212,1145.0107,640.5248,939.3734,560.6153,135.9542,220.6179,1.6227,0,0,0,0
1579,3,0,1,1,1,1,0.9914,0.9754,0.9464,0.8466,740.1474,343.8223,615.4216,338.1516,646.6752,388.7365,604.7596,385.9053,124.8546,42.0112,0.3365,1,1,45,1
1579,3,0,2,1,1,1,0.9696,0.9937,0.8119,0.9581,345.1194,252.8851,239.4915,251.6004,420.73,312.869,389.7991,314.7687,105.6357,30.9892,0.2934,0,0,0,0
1580,3,0,0,1,1,1,0.9918,0.9552,0.9272,0.7286,1116.1304,342.5431,976.8903,348.337,1146.4175,635.6333,937.095,566.1631,139.3605,220.5493,1.5826,0,0,0,0
1580,3,0,1,1,1,1,0.9914,0.9756,0.9463,0.8475,740.213,343.5619,614.6236,337.932,645.3306,388.4313,604.0874,383.9988,125.7155,41.4806,0.33,1,1,46,1
1580,3,0,2,1,1,1,0.9723,0.9927,0.8255,0.9565,361.6372,247.5541,230.8342,250.64,413.1914,291.603,372.7685,294.125,130.8395,40.5014,0.3096,0,0,0,0
1581,3,0,0,1,1,1,0.9918,0.9552,0.9271,0.7287,1116.1279,342.5195,976.8862,348.3221,1146.4042,635.5996,937.0875,566.1728,139.3626,220.5302,1.5824,0,0,0,0
1581,3,0,1,1,1,1,0.9914,0.9756,0.9463,0.8475,740.1824,343.5692,614.6054,337.9341,645.3205,388.4155,604.0954,383.995,125.7033,41.4614,0.3298,1,1,47,1
1581,3,0,2,1,1,1,0.9722,0.9927,0.8258,0.9566,361.6579,247.5266,230.8066,250.6146,413.2013,291.5989,372.7816,294.1007,130.8878,40.4971,0.3094,0,0,0,0
1582,3,0,2,1,1,1,0.9746,0.9927,0.8272,0.9518,367.4047,242.7446,226.7014,252.1597,398.717,275.7661,348.9725,278.7518,141.018,49.8341,0.3534,0,0,0,0
1582,3,0,0,1,1,1,0.9923,0.9556,0.9307,0.7269,1114.1698,343.686,970.9227,350.0907,1148.8461,632.4778,935.7455,570.9304,143.3902,221.8106,1.5469,0,0,0,0
1582,3,0,1,1,1,1,0.9915,0.9763,0.9465,0.8511,739.8008,344.0252,613.8984,337.6172,646.0037,388.3798,604.3038,384.9144,126.0654,41.8436,0.3319,1,1,48,1
1583,3,0,2,1,1,1,0.9746,0.9927,0.8272,0.9518,367.4106,242.7305,226.6544,252.1756,398.6736,275.7941,348.97,278.7201,141.0728,49.7897,0.3529,0,0,0,0
1583,3,0,0,1,1,1,0.9923,0.9557,0.9306,0.7269,1114.1888,343.6823,970.904,350.0565,1148.8643,632.5026,935.7595,570.9049,143.4266,221.8286,1.5466,0,0,0,0
1583,3,0,1,1,1,1,0.9915,0.9763,0.9465,0.8511,739.8159,344.0168,613.9087,337.6056,646.0129,388.3784,604.315,384.9185,126.0703,41.8411,0.3319,1,1,49,1
1584,3,0,2,1,1,1,0.9756,0.9929,0.8306,0.9518,371.59,237.719,225.0563,247.727,387.0744,265.5762,338.2412,264.1574,146.8751,48.8538,0.3326,1,1,1,0
1584,3,0,0,1,1,1,0.993,0.957,0.935,0.728,1112.4207,342.5657,967.4361,350.422,1150.4613,628.2082,935.6652,567.9597,145.1973,223.0857,1.5364,0,0,0,0
1584,3,0,1,1,1,1,0.991,0.9755,0.9449,0.8491,739.6954,344.3157,614.5931,337.6619,646.2604,389.9843,603.2464,383.9067,125.2792,43.4412,0.3468,1,1,50,1
1585,3,0,2,1,1,1,0.9756,0.9929,0.8304,0.9518,371.6212,237.6325,225.088,247.7068,386.9788,265.6978,338.2086,264.151,146.8792,48.7947,0.3322,1,1,2,0
1585,3,0,0,1,1,1,0.993,0.957,0.935,0.7279,1112.4274,342.5741,967.4254,350.4298,1150.4565,628.1682,935.6838,567.9978,145.2147,223.0422,1.5359,0,0,0,0
1585,3,0,1,1,1,1,0.991,0.9755,0.9449,0.849,739.7162,344.3145,614.5774,337.6972,646.2236,390.0295,603.258,383.8936,125.3136,43.4016,0.3463,1,1,51,1
1586,3,0,2,1,1,1,0.9779,0.9926,0.8366,0.9473,375.0748,242.2004,222.3344,249.0742,377.5274,260.172,325.975,262.4801,152.895,51.604,0.3375,1,1,3,0
1586,3,0,0,1,1,1,0.9925,0.9616,0.9299,0.7467,1115.5317,343.2037,965.3364,352.1837,1153.6328,626.3574,934.4254,567.8632,150.4635,226.8777,1.5079,0,0,0,0
1586,3,0,1,1,1,1,0.9915,0.9755,0.947,0.8484,740.0086,344.2406,614.8785,337.482,645.321,388.3075,602.939,382.8908,125.3125,42.7268,0.341,1,1,52,1
1587,3,0,2,1,1,1,0.9796,0.9926,0.8469,0.9459,375.2412,242.8312,223.0876,248.9244,359.0968,265.9985,322.4708,258.4915,152.2755,37.3874,0.2455,1,1,4,0
1587,3,0,0,1,1,1,0.9921,0.97,0.918,0.7672,1119.7501,341.9916,964.6307,351.9665,1155.8846,627.4541,933.7517,570.2202,155.4398,229.3878,1.4757,0,0,0,0
1587,3,0,1,1,1,1,0.9916,0.975,0.9473,0.8446,739.7536,344.3394,615.1769,337.1857,644.0962,387.2547,602.1299,382.0715,124.7819,42.2852,0.3389,1,1,53,1
1588,3,0,2,1,1,1,0.9796,0.9926,0.8468,0.9459,375.243,242.828,223.0808,248.9118,359.0844,266.0002,322.5084,258.4684,152.2838,37.3434,0.2452,1,1,5,0
1588,3,0,0,1,1,1,0.9921,0.97,0.918,0.7672,1119.7461,341.9858,964.626,351.9668,1155.8889,627.414,933.7397,570.2142,155.4408,229.395,1.4758,0,0,0,0
1588,3,0,1,1,1,1,0.9915,0.9751,0.9472,0.8448,739.7436,344.3504,615.153,337.1878,644.1432,387.2622,602.1233,382.0692,124.7964,42.3396,0.3393,1,1,54,1
1589,3,0,2,1,1,1,0.9814,0.9919,0.8598,0.9424,376.5958,246.4183,218.8227,250.32,355.2534,272.9471,317.8154,264.6859,157.8213,38.3387,0.2429,1,1,6,1
1589,3,0,0,1,1,1,0.9918,0.9751,0.9086,0.7812,1121.6954,343.8864,963.3235,353.155,1163.3917,629.1587,932.9695,571.0378,158.6429,237.6393,1.498,0,0,0,0
1589,3,0,1,1,1,1,0.9913,0.9758,0.9459,0.8488,739.3356,344.3366,614.8003,337.3384,645.8012,388.1661,602.3056,382.2601,124.7318,43.8947,0.3519,1,1,55,1
1590,3,0,2,1,1,1,0.9814,0.9918,0.8599,0.9423,376.6396,246.4751,218.776,250.346,355.3124,272.9979,317.707,264.9282,157.9111,38.4615,0.2436,1,1,7,1
1590,3,0,0,1,1,1,0.9918,0.9749,0.9089,0.7807,1121.6835,343.8341,963.3986,353.0997,1163.4291,629.0676,932.9633,571.0694,158.5559,237.6516,1.4989,0,0,0,0
1590,3,0,1,1,1,1,0.9913,0.9758,0.9457,0.8488,739.2484,344.3859,614.7286,337.3739,645.8163,388.1513,602.2468,382.197,124.7171,43.9744,0.3526,1,1,56,1
1591,3,0,2,1,1,1,0.9826,0.9914,0.8681,0.9399,379.3005,249.3714,216.3486,251.097,352.0463,267.9476,313.4454,267.9698,162.961,38.601,0.2369,1,1,8,1
1591,3,0,0,1,1,1,0.9911,0.978,0.9007,0.7993,1126.2472,344.8072,963.9858,352.043,1169.5056,633.0182,932.3038,569.3539,162.4226,245.5969,1.5121,0,0,0,0
1591,3,0,1,1,1,1,0.9915,0.9761,0.9461,0.8486,739.74,344.5981,614.5266,337.566,645.76,388.5104,602.1755,382.4908,125.4107,43.9983,0.3508,1,1,57,1
1592,3,0,2,1,1,1,0.9826,0.9914,0.8684,0.9399,379.2373,249.3398,216.397,251.0752,352.0839,267.9956,313.4456,268.0078,162.8496,38.6383,0.2373,1,1,9,1
1592,3,0,0,1,1,1,0.9911,0.9781,0.9006,0.7993,1126.2136,344.7882,963.9205,352.0165,1169.4995,633.0349,932.3177,569.3236,162.454,245.5898,1.5117,0,0,0,0
1592,3,0,1,1,1,1,0.9915,0.976,0.9461,0.8481,739.702,344.5073,614.4912,337.5041,645.7859,388.5756,602.1577,382.5244,125.4065,44.0458,0.3512,1,1,58,1
1593,3,0,2,1,1,1,0.9828,0.9913,0.8683,0.9381,380.1773,249.9283,214.9252,250.7271,351.4479,267.8855,311.0791,261.464,165.2541,40.8763,0.2474,1,1,10,1
1593,3,0,0,1,1,1,0.99,0.9829,0.8851,0.8231,1133.5457,346.8872,966.5604,352.3224,1182.6128,628.4042,930.7087,571.8111,167.0737,258.1829,1.5453,0,0,0,0
1593,3,0,1,1,1,1,0.9915,0.9764,0.9464,0.8503,740.5662,344.077,614.5848,337.3403,648.5032,390.2297,603.3352,382.9312,126.1613,45.7539,0.3627,1,1,59,1
1594,3,0,2,1,1,1,0.9828,0.9913,0.8683,0.9382,380.1865,249.9133,214.8908,250.7821,351.7241,268.5703,311.0474,261.4906,165.298,41.2882,0.2498,1,1,11,1
1594,3,0,0,1,1,1,0.99,0.983,0.8851,0.8233,1133.4993,346.8571,966.565,352.252,1182.564,628.3979,930.6984,571.7701,167.0214,258.153,1.5456,0,0,0,0
1594,3,0,1,1,1,1,0.9915,0.9763,0.9466,0.8499,740.6198,344.1612,614.514,337.3021,648.0229,389.9196,603.2965,382.9805,126.2922,45.2615,0.3584,1,1,60,1
1595,3,0,0,1,1,1,0.9891,0.9838,0.882,0.8331,1141.813,348.4041,972.6179,353.5597,1190.7701,628.8966,931.358,577.8244,169.2736,264.3918,1.5619,0,0,0,0
1595,3,0,2,1,1,1,0.9835,0.9906,0.874,0.9327,381.095,249.8016,213.828,249.1855,349.544,268.8348,308.5904,260.9396,167.2682,41.7076,0.2493,1,1,12,1
1595,3,0,1,1,1,1,0.9914,0.9759,0.9467,0.8493,741.3744,344.4178,615.0716,337.3566,650.7332,391.8107,604.3296,383.3558,126.5002,47.1677,0.3729,1,1,61,1
1596,3,0,2,1,1,1,0.9842,0.9898,0.8815,0.9288,381.5945,248.9005,213.9317,247.2308,348.0282,269.8976,307.1799,260.1371,167.6711,41.9982,0.2505,1,1,13,1
1596,3,0,0,1,1,1,0.9892,0.9839,0.8854,0.8347,1150.6416,346.6931,978.9401,352.4202,1196.7156,627.1808,933.2379,580.0034,171.797,267.6681,1.558,0,0,0,0
1596,3,0,1,1,1,1,0.9913,0.9751,0.9459,0.844,741.6232,345.1315,615.4288,337.808,647.7728,389.559,603.7508,382.9214,126.4067,44.5196,0.3522,1,1,62,1
1597,3,0,2,1,1,1,0.9842,0.9898,0.8815,0.9287,381.5993,248.8978,213.9567,247.2344,348.047,269.9099,307.188,260.1096,167.6509,42.0179,0.2506,1,1,14,1
1597,3,0,0,1,1,1,0.9892,0.9839,0.8854,0.8346,1150.6504,346.6934,978.9319,352.4302,1196.729,627.213,933.2224,579.992,171.8142,267.7042,1.5581,0,0,0,0
1597,3,0,1,1,1,1,0.9913,0.9751,0.9459,0.844,741.6327,345.1226,615.4112,337.814,647.7976,389.5752,603.7354,382.8683,126.4329,44.5697,0.3525,1,1,63,1
1598,3,0,0,1,1,1,0.9874,0.987,0.8492,0.8555,1157.9061,348.0172,983.2406,350.3892,1200.3755,629.0108,937.3115,587.1555,174.6816,266.3729,1.5249,0,0,0,0
1598,3,0,2,1,1,1,0.9851,0.9895,0.8864,0.9268,381.3842,250.1704,213.4565,247.6229,347.2069,272.2868,303.2062,260.7735,167.947,45.482,0.2708,1,1,15,1
1598,3,0,1,1,1,1,0.9913,0.9754,0.9454,0.845,741.7383,344.8586,616.1436,337.7186,647.8172,390.0782,603.0024,383.1817,125.7975,45.3423,0.3604,1,1,64,1
1599,3,0,0,1,1,1,0.9874,0.987,0.8491,0.8556,1157.9071,347.9976,983.2395,350.3779,1200.373,628.9808,937.3548,587.1836,174.6838,266.3186,1.5246,0,0,0,0
1599,3,0,2,1,1,1,0.9851,0.9895,0.8866,0.9269,381.3597,250.1819,213.4408,247.6612,347.2244,272.4133,303.11,260.7428,167.9378,45.632,0.2717,1,1,16,1
1599,3,0,1,1,1,1,0.9913,0.9754,0.9456,0.845,741.7595,344.8882,616.1804,337.7592,647.7636,390.039,602.9994,383.106,125.7814,45.298,0.3601,1,1,65,1
1600,3,0,0,1,1,1,0.9909,0.9901,0.84,0.8184,1160.1267,346.955,987.6797,349.8959,1200.1841,625.2318,942.7798,589.7876,172.4721,259.8331,1.5065,0,0,0,0
1600,3,0,2,1,1,1,0.9856,0.989,0.8909,0.9237,380.9954,250.2037,212.1762,247.7073,344.4786,270.7683,300.7066,262.223,168.8377,44.5984,0.2641,1,1,17,1
1600,3,0,1,1,1,1,0.9911,0.9759,0.9439,0.8468,741.8162,345.3558,615.4472,337.9962,647.9114,389.0273,603.7846,383.4514,126.5831,44.4777,0.3514,1,1,66,1
1601,3,0,0,1,1,1,0.9909,0.9901,0.8398,0.8184,1160.1426,346.9445,987.689,349.9274,1200.1711,625.2408,942.7979,589.8628,172.4794,259.7933,1.5062,0,0,0,0
1601,3,0,2,1,1,1,0.9856,0.989,0.8909,0.9237,380.975,250.2009,212.174,247.705,344.4548,270.6649,300.7161,262.2148,168.8195,44.5475,0.2639,1,1,18,1
1601,3,0,1,1,1,1,0.9911,0.9759,0.9438,0.8468,741.8396,345.3354,615.4644,337.987,647.9372,389.0236,603.7862,383.4662,126.5887,44.4994,0.3515,1,1,67,1
1602,3,0,0,1,1,1,0.9918,0.9905,0.8545,0.8233,1168.6116,347.0354,993.0855,349.0542,1199.2904,625.6198,948.4878,592.7366,175.5377,252.9491,1.441,0,0,0,0
1602,3,0,2,1,1,1,0.9853,0.9891,0.8904,0.9254,381.4032,250.1782,211.3214,248.1665,342.8302,272.4296,298.372,263.2198,170.0937,45.4021,0.2669,1,1,19,1
1602,3,0,1,1,1,1,0.9912,0.9757,0.9456,0.8478,742.4982,344.8232,615.732,338.008,647.8499,389.5782,603.4806,383.5664,126.9493,44.7748,0.3527,1,1,68,1
1603,3,0,0,1,1,1,0.9918,0.9911,0.8502,0.8265,1174.4479,348.2484,997.7944,348.3328,1200.0931,620.6229,954.3679,591.1812,176.6535,247.4827,1.401,0,0,0,0
1603,3,0,2,1,1,1,0.9853,0.9889,0.8919,0.9254,381.6547,249.3869,211.5102,248.3448,338.991,271.9162,293.9214,266.3588,170.1477,45.411,0.2669,1,1,20,1
1603,3,0,1,1,1,1,0.9913,0.9756,0.9462,0.8469,742.7048,344.1387,616.9772,337.6207,648.2802,390.756,602.7724,383.1388,125.8965,46.1408,0.3665,1,1,69,1
1604,3,0,0,1,1,1,0.9918,0.9911,0.8502,0.8265,1174.4698,348.2556,997.7624,348.3349,1200.2434,620.6195,954.3722,591.2038,176.7075,247.6246,1.4013,0,0,0,0
1604,3,0,2,1,1,1,0.9853,0.9889,0.8919,0.9256,381.6658,249.3767,211.529,248.336,339.0982,272.0134,293.914,266.4045,170.14,45.5309,0.2676,1,1,21,1
1604,3,0,1,1,1,1,0.9913,0.9756,0.9462,0.847,742.6866,344.1371,616.9646,337.6326,648.2416,390.7325,602.7722,383.0992,125.8903,46.1056,0.3662,1,1,70,1
1605,3,0,0,1,1,1,0.9921,0.9898,0.861,0.808,1178.9097,348.8394,1002.1422,350.003,1194.8466,606.586,969.6394,587.1502,176.7713,226.0443,1.2787,0,0,0,0
1605,3,0,2,1,1,1,0.9851,0.9889,0.8894,0.9247,381.5611,248.4416,210.9118,248.3367,335.8282,270.8909,291.0214,264.7884,170.6493,45.2205,0.265,1,1,22,1
1605,3,0,1,1,1,1,0.9909,0.9746,0.9451,0.8432,742.5328,344.8822,617.6167,338.0088,647.2238,390.8198,602.9846,384.308,125.1051,44.7159,0.3574,1,1,71,1
1606,3,0,0,1,1,1,0.9921,0.9898,0.861,0.8077,1178.894,348.8354,1002.1367,350.0448,1194.7314,606.7585,969.5562,587.5628,176.7615,225.992,1.2785,0,0,0,0
1606,3,0,2,1,1,1,0.9851,0.9889,0.8894,0.9247,381.5445,248.3916,210.889,248.2868,335.7608,270.8656,291.0572,264.6658,170.6556,45.1314,0.2645,1,1,23,1
1606,3,0,1,1,1,1,0.9909,0.9747,0.9449,0.8433,742.5302,344.9103,617.5734,338.0088,647.215,390.7643,602.97,384.2962,125.1472,44.7152,0.3573,1,1,72,1
1607,3,0,0,1,1,1,0.9917,0.9886,0.8754,0.8146,1181.3264,350.3916,1004.3279,349.4788,1188.3486,593.4382,981.687,576.3491,177.0008,207.367,1.1716,0,0,0,0
1607,3,0,2,1,1,1,0.9854,0.9885,0.8932,0.9229,381.5304,248.4184,210.0603,248.4288,332.7067,272.8272,289.3892,263.2824,171.4701,44.3566,0.2587,1,1,24,1
1607,3,0,1,1,1,1,0.9912,0.9749,0.9468,0.8452,742.747,345.3146,617.2232,338.7006,646.3442,389.7352,602.5651,383.763,125.6979,44.1846,0.3515,1,1,73,1
1608,3,0,0,1,1,1,0.9917,0.9886,0.8754,0.8146,1181.3256,350.4123,1004.335,349.4603,1188.323,593.516,981.7511,576.2743,176.9931,207.2902,1.1712,0,0,0,0
1608,3,0,2,1,1,1,0.9854,0.9885,0.8932,0.9228,381.5392,248.4158,210.0594,248.4234,332.69,272.8131,289.3926,263.2391,171.4798,44.3432,0.2586,1,1,25,1
1608,3,0,1,1,1,1,0.9912,0.9749,0.9468,0.845,742.7796,345.2932,617.2164,338.6721,646.2851,389.6836,602.5807,383.8024,125.7377,44.0983,0.3507,1,1,74,1
1609,3,0,0,1,1,1,0.9914,0.9881,0.8848,0.8276,1183.9558,349.8303,1006.0351,350.6026,1179.6115,568.4344,995.3235,559.159,177.9224,184.5212,1.0371,0,0,0,0
1609,3,0,2,1,1,1,0.9857,0.9881,0.896,0.921,381.3967,248.5512,209.4434,248.9419,328.5966,270.1604,288.3264,262.4194,171.9538,41.0075,0.2385,1,1,26,1
1609,3,0,1,1,1,1,0.991,0.9741,0.946,0.8408,742.9177,345.2372,617.7217,338.7541,646.0074,389.7859,601.927,383.2158,125.3638,44.5673,0.3555,1,1,75,1
1610,3,0,0,1,1,1,0.9914,0.9881,0.8849,0.8276,1183.9318,349.8408,1005.9814,350.5523,1179.5453,568.4096,995.3896,559.1894,177.9518,184.3864,1.0362,0,0,0,0
1610,3,0,2,1,1,1,0.9857,0.9881,0.8961,0.921,381.4046,248.5506,209.5169,248.983,328.5685,270.1562,288.3264,262.4155,171.8882,40.9798,0.2384,1,1,27,1
1610,3,0,1,1,1,1,0.991,0.9743,0.9457,0.8415,742.8942,345.1706,617.6532,338.7294,646.5523,389.985,602.1222,383.3446,125.4065,44.9235,0.3582,1,1,76,1
1611,3,0,0,1,1,1,0.9907,0.987,0.8943,0.8406,1185.4028,348.2798,1006.8007,351.542,1164.626,548.0551,1010.5286,543.343,178.632,154.1694,0.8631,0,0,0,0
1611,3,0,2,1,1,1,0.9858,0.988,0.8989,0.9224,381.0227,249.554,208.652,250.1446,327.1567,269.6127,286.7584,261.6948,172.3717,41.1669,0.2388,1,1,28,1
1611,3,0,1,1,1,1,0.9914,0.9738,0.948,0.8392,743.1554,345.3229,617.7832,338.4742,644.9426,388.234,601.487,383.2401,125.5592,43.7416,0.3484,1,1,77,1
1612,3,0,0,1,1,1,0.9902,0.9847,0.9002,0.8297,1184.9651,350.7164,1002.0383,352.8281,1123.8611,519.2806,1025.829,519.4059,182.9389,98.0322,0.5359,1,0,0,0
1612,3,0,2,1,1,1,0.9856,0.9879,0.8954,0.9208,380.7441,249.7288,208.508,250.7384,324.3912,264.4614,286.5057,258.027,172.2391,38.428,0.2231,1,1,29,1
1612,3,0,1,1,1,1,0.9912,0.974,0.947,0.8414,743.4221,344.5007,618.325,338.1388,646.0334,389.338,601.7488,383.5109,125.2588,44.6663,0.3566,1,1,78,1
1613,3,0,0,1,1,1,0.9902,0.9847,0.9001,0.8299,1184.9471,350.7454,1002.028,352.8243,1123.8733,519.2446,1025.7896,519.4248,182.931,98.0839,0.5362,1,0,0,0
1613,3,0,2,1,1,1,0.9856,0.9879,0.8954,0.9208,380.735,249.7033,208.5493,250.7292,324.4195,264.4843,286.5026,258.0659,172.1887,38.4563,0.2233,1,1,30,1
1613,3,0,1,1,1,1,0.9912,0.974,0.947,0.8413,743.4148,344.4956,618.3454,338.1278,646.0608,389.3542,601.7447,383.5224,125.2313,44.6982,0.3569,1,1,79,1
1614,3,0,0,1,1,1,0.99,0.9842,0.9017,0.8293,1183.8031,349.8144,997.0479,353.2448,1103.0308,492.0083,1047.816,495.5728,186.7867,55.3297,0.2962,1,1,1,0
1614,3,0,2,1,1,1,0.9859,0.9873,0.8998,0.9184,380.1716,250.6069,207.388,251.4679,323.6268,264.4351,285.1122,258.2806,172.7857,39.0032,0.2257,1,1,31,1
1614,3,0,1,1,1,1,0.991,0.9742,0.9456,0.8401,743.2992,344.1807,618.5732,337.674,646.4756,389.4267,601.4128,383.1948,124.8956,45.4917,0.3642,1,1,80,1
1615,3,0,0,1,1,1,0.99,0.9842,0.9017,0.8294,1183.7216,349.8369,997.0057,353.2036,1103.2037,491.9646,1047.8026,495.5882,186.7462,55.5195,0.2973,1,1,2,0
1615,3,0,2,1,1,1,0.9859,0.9873,0.8999,0.9184,380.1816,250.6264,207.4032,251.4738,323.6588,264.611,285.1227,258.2968,172.7804,39.05,0.226,1,1,32,1
1615,3,0,1,1,1,1,0.991,0.9742,0.9457,0.84,743.2813,344.1847,618.583,337.6577,646.4064,389.4053,601.4178,383.1785,124.8691,45.4174,0.3637,1,1,81,1
1616,3,0,0,1,1,1,0.9871,0.986,0.882,0.857,1179.234,347.5601,991.8336,352.8596,1098.0156,463.4024,1072.8698,466.2765,187.4753,25.3096,0.135,1,1,3,0
1616,3,0,2,1,1,1,0.9864,0.9872,0.901,0.9158,380.2984,250.189,206.6992,251.0079,322.956,265.228,283.4886,258.3823,173.6011,40.0567,0.2307,1,1,33,1
1616,3,0,1,1,1,1,0.9914,0.9742,0.9474,0.8401,743.6526,344.25,618.7496,337.7369,645.1901,387.9523,601.9137,383.1924,125.0727,43.5374,0.3481,1,1,82,1
1617,3,0,0,1,1,1,0.9871,0.986,0.8821,0.8572,1179.1746,347.5582,991.8097,352.8338,1098.1799,463.3584,1072.7687,466.2636,187.4391,25.5768,0.1365,1,1,4,0
1617,3,0,2,1,1,1,0.9864,0.9871,0.901,0.9157,380.3425,250.2084,206.6572,250.9888,323.0795,265.474,283.4829,258.436,173.6871,40.2173,0.2316,1,1,34,1
1617,3,0,1,1,1,1,0.9914,0.9742,0.9474,0.8401,743.6524,344.2471,618.7564,337.7298,645.1677,387.9396,601.9394,383.2067,125.0659,43.4867,0.3477,1,1,83,1
1618,3,0,0,1,1,1,0.9894,0.9836,0.8947,0.8477,1174.123,346.6734,989.5648,350.9047,1089.4713,452.405,1066.7286,454.1538,184.6068,22.8098,0.1236,1,1,5,0
1618,3,0,2,1,1,1,0.9869,0.9869,0.9038,0.9136,380.5206,249.5374,205.9771,251.0003,321.9662,264.9618,281.9566,258.3169,174.5496,40.5577,0.2324,1,1,35,1
1618,3,0,1,1,1,1,0.9914,0.9748,0.9468,0.8418,743.5794,344.2196,618.3622,337.5562,645.9038,388.6792,602.0964,383.7844,125.3943,44.0801,0.3515,1,1,84,1
1619,3,0,0,1,1,1,0.9894,0.9836,0.8947,0.8476,1174.1417,346.6769,989.5969,350.9029,1089.5187,452.3969,1066.6245,454.1408,184.5932,22.9605,0.1244,1,1,6,1
1619,3,0,2,1,1,1,0.9869,0.9869,0.9038,0.9135,380.5333,249.5819,205.9299,251.0422,322.0123,265.0394,281.9529,258.2993,174.6095,40.6225,0.2326,1,1,36,1
1619,3,0,1,1,1,1,0.9913,0.9748,0.9467,0.8418,743.6103,344.2431,618.3672,337.5705,645.9048,388.6922,602.0636,383.7561,125.4207,44.1182,0.3518,1,1,85,1
1620,3,0,0,1,1,1,0.9894,0.9832,0.8964,0.8482,1169.9115,346.4053,983.6994,352.9193,1090.6854,444.593,1062.758,443.273,186.326,27.9585,0.1501,1,1,7,1
1620,3,0,2,1,1,1,0.9869,0.9871,0.9026,0.9137,379.6369,249.027,205.3115,251.1438,320.6245,263.8328,280.6048,258.1938,174.3383,40.415,0.2318,1,1,37,1
1620,3,0,1,1,1,1,0.9917,0.9742,0.9491,0.84,744.0232,344.6329,619.2936,337.8888,644.0446,387.5392,602.0524,384.5802,124.9118,42.0963,0.337,1,1,86,1
1621,3,0,0,1,1,1,0.9894,0.9832,0.8964,0.8482,1169.9307,346.4202,983.6938,352.9171,1090.6511,444.4563,1062.785,443.2508,186.3501,27.8921,0.1497,1,1,8,1
1621,3,0,2,1,1,1,0.9869,0.9871,0.9027,0.9137,379.6034,249.007,205.296,251.1475,320.5466,263.7219,280.5558,258.1777,174.3205,40.3732,0.2316,1,1,38,1
1621,3,0,1,1,1,1,0.9917,0.9742,0.9491,0.8401,744.0453,344.5966,619.314,337.8762,644.099,387.5405,602.0408,384.5651,124.9122,42.1633,0.3375,1,1,87,1
1622,3,0,0,1,1,1,0.9903,0.983,0.9059,0.8507,1161.8213,345.7163,980.0186,351.7209,1098.3452,435.0148,1055.8041,438.2792,181.9018,42.6662,0.2346,1,1,9,1
1622,3,0,2,1,1,1,0.987,0.987,0.9035,0.9134,379.343,249.0871,204.2814,251.337,319.8096,263.7246,279.5521,257.7461,175.0761,40.699,0.2325,1,1,39,1
1622,3,0,1,1,1,1,0.9916,0.9742,0.9488,0.8402,744.0833,343.9905,619.5832,337.3129,643.71,387.3157,601.9364,385.0664,124.679,41.8341,0.3355,1,1,88,1
1623,3,0,0,1,1,1,0.9906,0.9828,0.9086,0.8506,1157.3834,345.989,977.0718,353.0904,1098.3749,433.808,1046.4097,433.8454,180.4514,51.9652,0.288,1,1,10,1
1623,3,0,2,1,1,1,0.9869,0.9867,0.9047,0.9135,379.0895,249.0095,203.3164,251.63,319.7656,264.5114,279.1099,257.3952,175.7926,41.2739,0.2348,1,1,40,1
1623,3,0,1,1,1,1,0.9917,0.9748,0.9493,0.8426,744.3759,343.7536,619.248,337.5448,645.2177,389.3363,601.1912,385.3485,125.2818,44.2067,0.3529,1,1,89,1
1624,3,0,0,1,1,1,0.9906,0.9828,0.9087,0.8506,1157.3967,345.9904,977.0818,353.0852,1098.3888,433.8019,1046.4226,433.8493,180.4545,51.9662,0.288,1,1,11,1
1624,3,0,2,1,1,1,0.9869,0.9867,0.9047,0.9135,379.1018,249.0058,203.3098,251.6306,319.7586,264.5081,279.1056,257.3894,175.8116,41.2716,0.2347,1,1,41,1
1624,3,0,1,1,1,1,0.9917,0.9748,0.9492,0.8427,744.3932,343.7536,619.2174,337.539,645.2546,389.3424,601.2837,385.1818,125.3301,44.1673,0.3524,1,1,90,1
1625,3,0,0,1,1,1,0.99,0.9827,0.9055,0.852,1153.6239,345.4809,975.2901,354.101,1097.0493,434.1822,1044.752,432.517,178.542,52.3239,0.2931,1,1,12,1
1625,3,0,2,1,1,1,0.9868,0.9865,0.9036,0.9125,378.5727,248.6516,202.3255,251.1734,319.991,266.2412,278.1402,257.7417,176.2652,42.7052,0.2423,1,1,42,1
1625,3,0,1,1,1,1,0.9917,0.9746,0.949,0.8418,744.5342,344.0505,619.9594,338.1512,644.5042,388.5397,600.5529,384.6896,124.7144,44.1197,0.3538,0,0,0,0
1626,3,0,0,1,1,1,0.9901,0.9827,0.9056,0.8518,1153.6017,345.485,975.2589,354.109,1097.0376,434.2118,1044.3518,432.6292,178.5512,52.7096,0.2952,1,1,13,1
1626,3,0,2,1,1,1,0.9868,0.9865,0.9035,0.9125,378.5874,248.6467,202.3616,251.1772,320.0102,266.3526,278.0061,257.8584,176.244,42.8544,0.2432,1,1,43,1
1626,3,0,1,1,1,1,0.9917,0.9746,0.9491,0.8417,744.5241,344.1518,619.9055,338.1675,644.3838,388.4307,600.5034,384.8118,124.7622,44.0294,0.3529,0,0,0,0
1627,3,0,0,1,1,1,0.9906,0.9819,0.9083,0.8443,1149.3245,346.1556,970.5444,353.8236,1092.3374,432.641,1042.4172,431.9374,178.9445,49.9251,0.279,1,1,14,1
1627,3,0,2,1,1,1,0.9869,0.9866,0.9049,0.9139,378.2954,248.0772,201.954,250.8136,319.5128,265.8836,277.7739,257.9138,176.3626,42.493,0.2409,1,1,44,1
1627,3,0,1,1,1,1,0.9918,0.9751,0.9497,0.8445,744.269,343.6902,619.4425,337.8774,645.8354,389.1464,600.9022,384.4712,124.9617,45.1757,0.3615,1,1,1,0
1628,3,0,0,1,1,1,0.9906,0.9819,0.9082,0.8445,1149.2916,346.1404,970.5129,353.8375,1092.3188,432.6236,1042.5928,431.8729,178.9443,49.7317,0.2779,1,1,15,1
1628,3,0,2,1,1,1,0.9869,0.9866,0.9047,0.914,378.2946,248.0486,201.9589,250.792,319.4802,265.8451,277.7906,257.9066,176.357,42.4387,0.2406,1,1,45,1
1628,3,0,1,1,1,1,0.9918,0.9751,0.9497,0.8443,744.2511,343.638,619.4534,337.8589,645.7096,389.0572,600.8602,384.466,124.9315,45.0838,0.3609,1,1,2,0
1629,3,0,0,1,1,1,0.9911,0.9802,0.9144,0.8347,1145.7302,346.8294,968.5583,353.3726,1089.6173,432.6984,1038.3279,433.4954,177.2927,51.2956,0.2893,1,1,16,1
1629,3,0,2,1,1,1,0.9868,0.9865,0.9048,0.9132,377.8966,248.4364,201.2098,251.3174,319.3398,265.6948,277.7028,257.8384,176.7103,42.3717,0.2398,1,1,46,1
1629,3,0,1,1,1,1,0.9919,0.9756,0.9496,0.8461,744.4193,343.8155,618.95,337.4718,647.3639,390.1115,600.8214,384.2614,125.6296,46.9088,0.3734,1,1,3,0
1630,3,0,0,1,1,1,0.9911,0.9802,0.9143,0.8351,1145.7582,346.8855,968.5023,353.4288,1089.691,432.7364,1038.4055,433.3855,177.3766,51.2896,0.2892,1,1,17,1
1630,3,0,2,1,1,1,0.9868,0.9865,0.9045,0.9132,377.8866,248.4422,201.2326,251.3157,319.3478,265.7369,277.7278,257.8122,176.6774,42.3677,0.2398,1,1,47,1
1630,3,0,1,1,1,1,0.9919,0.9756,0.9495,0.8461,744.3946,343.8356,618.9212,337.4572,647.3916,390.1146,600.8906,384.2509,125.6354,46.8693,0.3731,1,1,4,0
1631,3,0,0,1,1,1,0.9904,0.9801,0.9217,0.84,1142.1399,346.072,964.5498,353.874,1090.8411,431.0376,1038.3679,435.409,177.7614,52.6549,0.2962,1,1,18,1
1631,3,0,2,1,1,1,0.9866,0.9862,0.9045,0.9124,377.3558,248.9058,199.9831,251.0391,318.7701,265.3314,277.5581,257.228,177.3855,42.0011,0.2368,1,1,48,1
1631,3,0,1,1,1,1,0.9916,0.9748,0.9486,0.8429,743.8482,344.3238,618.7832,337.6035,645.7762,389.0086,601.0343,383.85,125.2454,45.0383,0.3596,1,1,5,0
1632,3,0,0,1,1,1,0.9905,0.9804,0.921,0.8405,1140.1626,346.1821,962.0398,353.1229,1090.23,432.2531,1038.7245,437.8509,178.258,51.8088,0.2906,1,1,19,1
1632,3,0,2,1,1,1,0.9866,0.9861,0.9038,0.911,377.5296,248.6509,199.2613,250.991,318.5116,265.595,276.4267,257.3245,178.2836,42.8898,0.2406,1,1,49,1
1632,3,0,1,1,1,1,0.9917,0.9747,0.9494,0.8436,743.9491,344.3264,619.1676,337.6102,645.0852,388.9056,600.636,383.5524,124.9622,44.7705,0.3583,1,1,6,1
1633,3,0,0,1,1,1,0.9905,0.9804,0.921,0.8405,1140.1647,346.1732,962.0386,353.105,1090.2188,432.2712,1038.7683,437.8996,178.2609,51.7574,0.2903,1,1,20,1
1633,3,0,2,1,1,1,0.9866,0.9861,0.9035,0.9109,377.55,248.6358,199.254,250.984,318.5397,265.7188,276.432,257.3883,178.3115,42.9239,0.2407,1,1,50,1
1633,3,0,1,1,1,1,0.9917,0.9747,0.9494,0.8437,743.9574,344.328,619.1623,337.631,645.111,388.9148,600.6198,383.5532,124.9747,44.8131,0.3586,1,1,7,1
1634,3,0,0,1,1,1,0.9909,0.9799,0.9232,0.8362,1139.4934,346.443,960.9329,353.3435,1087.5287,433.1848,1035.4844,440.883,178.6938,52.6106,0.2944,1,1,21,1
1634,3,0,2,1,1,1,0.9864,0.9861,0.902,0.9108,376.7406,248.4586,199.1272,251.1554,317.3204,263.7909,275.6777,255.7991,177.6338,42.4026,0.2387,1,1,51,1
1634,3,0,1,1,1,1,0.9914,0.9754,0.9479,0.8477,744.5371,344.7912,618.598,338.3157,646.7518,389.8547,601.1922,384.1885,126.1055,45.9106,0.3641,1,1,8,1
1635,3,0,0,1,1,1,0.9909,0.9799,0.9232,0.8362,1139.472,346.4255,960.95,353.3416,1087.51,433.1964,1035.4674,440.9098,178.656,52.6111,0.2945,1,1,22,1
1635,3,0,2,1,1,1,0.9864,0.9862,0.902,0.9109,376.7608,248.4685,199.128,251.1763,317.3463,263.7952,275.6884,255.7268,177.6534,42.4321,0.2388,1,1,52,1
1635,3,0,1,1,1,1,0.9914,0.9754,0.9479,0.8477,744.5515,344.7817,618.5879,338.316,646.7688,389.8544,601.1859,384.1568,126.1295,45.9375,0.3642,1,1,9,1
1636,3,0,0,1,1,1,0.9908,0.9796,0.9233,0.8355,1137.6006,346.6479,960.2104,353.5092,1087.9818,434.307,1036.1036,441.9238,177.5228,52.4343,0.2954,1,1,23,1
1636,3,0,2,1,1,1,0.9851,0.9909,0.8965,0.9165,379.9218,242.7864,196.6781,251.7133,321.2283,264.552,273.7749,256.1926,183.461,48.184,0.2626,1,1,53,1
1636,3,0,1,1,1,1,0.9917,0.9749,0.9493,0.8454,744.1177,344.3926,619.3203,338.0908,646.1996,389.2144,600.916,384.111,124.9564,45.5702,0.3647,1,1,10,1
1637,3,0,0,1,1,1,0.9908,0.9796,0.9233,0.8355,1137.5845,346.639,960.2181,353.5043,1087.9708,434.2742,1036.1534,441.9135,177.4991,52.3775,0.2951,1,1,24,1
1637,3,0,2,1,1,1,0.9851,0.9909,0.8966,0.9165,379.9466,242.7986,196.6866,251.7139,321.2325,264.5693,273.7606,256.2074,183.4767,48.2027,0.2627,1,1,54,1
1637,3,0,1,1,1,1,0.9916,0.9749,0.9492,0.8453,744.1087,344.4116,619.3178,338.0836,646.1214,389.1314,600.9175,384.1297,124.9512,45.4798,0.364,1,1,11,1
1638,3,0,0,1,1,1,0.9901,0.9812,0.9171,0.8453,1137.0894,345.8671,959.2738,353.42,1086.1777,432.9375,1036.7625,440.4172,177.9759,49.9782,0.2808,1,1,25,1
1638,3,0,2,1,1,1,0.986,0.9905,0.9014,0.913,379.6492,242.3696,195.9282,250.6084,320.3699,266.272,270.3052,260.1487,183.9057,50.4378,0.2743,1,1,55,1
1638,3,0,1,1,1,1,0.9917,0.9752,0.9488,0.8457,743.847,344.6343,618.9216,337.9379,646.5468,389.3154,601.648,384.4646,125.1048,45.16,0.361,1,1,12,1
1639,3,0,0,1,1,1,0.9901,0.9811,0.9166,0.8443,1135.7216,345.8368,958.3005,353.048,1086.0681,434.2788,1037.1869,440.3694,177.5676,49.2592,0.2774,1,1,26,1
1639,3,0,2,1,1,1,0.9868,0.9903,0.9028,0.9072,379.545,242.5658,195.1118,250.5585,320.5591,268.9859,266.6459,262.777,184.6063,54.2695,0.294,1,1,56,1
1639,3,0,1,1,1,1,0.9919,0.9753,0.9498,0.8457,743.3755,344.4603,618.7502,337.6761,644.8099,388.2975,600.9084,383.9836,124.8098,44.1129,0.3534,1,1,13,1
1640,3,0,0,1,1,1,0.9901,0.9811,0.9167,0.8446,1135.7407,345.8474,958.299,353.0741,1086.0842,434.2934,1037.1537,440.3928,177.5889,49.3092,0.2777,1,1,27,1
1640,3,0,2,1,1,1,0.9868,0.9903,0.9028,0.9072,379.5471,242.5582,195.1302,250.552,320.5595,269.0036,266.6584,262.7792,184.59,54.2593,0.2939,1,1,57,1
1640,3,0,1,1,1,1,0.9919,0.9754,0.9498,0.846,743.3965,344.4793,618.7808,337.6987,644.7829,388.2781,600.8995,383.9896,124.8,44.0925,0.3533,1,1,14,1
1641,3,0,0,1,1,1,0.99,0.9812,0.9152,0.8442,1135.1316,345.909,957.6573,353.2588,1087.8171,434.5482,1037.1763,439.0525,177.6264,50.8408,0.2862,1,1,28,1
1641,3,0,2,1,1,1,0.9868,0.9903,0.9039,0.9076,379.5146,241.8957,194.0735,250.2918,318.3555,268.5745,265.833,261.6178,185.6311,52.9811,0.2854,1,1,58,1
1641,3,0,1,1,1,1,0.9915,0.9751,0.9484,0.8459,742.8408,344.6317,618.5031,337.6995,644.8744,388.1697,600.4878,383.9596,124.5307,44.5858,0.358,1,1,15,1
1642,3,0,0,1,1,1,0.99,0.9812,0.9151,0.8443,1135.0679,345.9222,957.7168,353.2804,1087.7057,434.637,1036.774,439.2906,177.5037,51.1438,0.2881,1,1,29,1
1642,3,0,2,1,1,1,0.9868,0.9902,0.904,0.9077,379.4962,241.9595,194.0505,250.3542,318.3331,268.486,265.8488,261.6292,185.6356,52.9303,0.2851,1,1,59,1
1642,3,0,1,1,1,1,0.9915,0.9751,0.9481,0.8454,742.8974,344.6837,618.4896,337.7291,644.8476,388.1879,600.5066,384.067,124.6019,44.532,0.3574,1,1,16,1
1643,3,0,0,1,1,1,0.99,0.9811,0.9137,0.8415,1135.178,345.2853,957.8465,353.3658,1086.389,433.8393,1036.9725,439.1322,177.5155,49.6992,0.28,1,1,30,1
1643,3,0,2,1,1,1,0.9866,0.9903,0.904,0.9104,378.9961,241.2554,193.3681,250.1364,317.7358,268.9833,264.6748,262.1123,185.8404,53.504,0.2879,1,1,60,1
1643,3,0,1,1,1,1,0.9916,0.9745,0.9487,0.8425,743.0259,344.1993,618.517,337.6355,644.1953,388.1313,600.2483,384.065,124.6817,44.1347,0.354,1,1,17,1
1644,3,0,0,1,1,1,0.99,0.9811,0.9137,0.8414,1135.1622,345.2956,957.8375,353.3772,1086.3838,433.8682,1037.0225,439.0995,177.5088,49.6378,0.2796,1,1,31,1
1644,3,0,2,1,1,1,0.9866,0.9903,0.904,0.9104,378.987,241.2405,193.3534,250.114,317.7678,269.0073,264.6756,262.069,185.8455,53.5436,0.2881,1,1,61,1
1644,3,0,1,1,1,1,0.9916,0.9745,0.9487,0.8425,743.0161,344.2084,618.5147,337.6292,644.2004,388.1255,600.2588,384.1053,124.6751,44.1252,0.3539,1,1,18,1
1645,3,0,0,1,1,1,0.9901,0.9812,0.9141,0.8431,1134.2457,345.0997,956.676,353.037,1088.115,434.9895,1036.8452,438.1468,177.7471,51.3669,0.289,1,1,32,1
1645,3,0,2,1,1,1,0.9867,0.9902,0.9029,0.9078,379.0234,239.6877,193.0249,249.1183,316.187,267.7312,262.7116,261.6877,186.2374,53.8158,0.289,1,1,62,1
1645,3,0,1,1,1,1,0.9918,0.9744,0.95,0.8423,742.6524,344.2012,618.326,337.5464,643.3088,386.4584,600.6128,383.8201,124.5045,42.7775,0.3436,1,1,19,1
1646,3,0,0,1,1,1,0.9901,0.9812,0.914,0.8432,1134.2489,345.1196,956.6722,353.0486,1088.1818,435.0268,1036.9651,438.0486,177.7536,51.3057,0.2886,1,1,33,1
1646,3,0,2,1,1,1,0.9868,0.9902,0.9031,0.9078,379.0018,239.7002,193.0176,249.1135,316.2538,267.8456,262.6505,261.6982,186.2223,53.9547,0.2897,1,1,63,1
1646,3,0,1,1,1,1,0.9918,0.9746,0.9498,0.8431,742.5847,344.1622,618.3098,337.5309,643.7732,386.6813,600.6664,383.7582,124.4518,43.2059,0.3472,1,1,20,1
1647,3,0,0,1,1,1,0.99,0.9814,0.9132,0.8443,1134.1107,344.4831,956.5939,353.7195,1087.5477,433.6157,1038.177,436.8696,177.7569,49.4778,0.2783,1,1,34,1
1647,3,0,2,1,1,1,0.9866,0.99,0.905,0.9088,378.0178,238.8451,192.2015,248.2368,314.2094,266.2278,262.4474,260.6629,186.0535,52.0602,0.2798,1,1,64,1
1647,3,0,1,1,1,1,0.9918,0.9736,0.9501,0.8384,742.5543,344.4722,618.3648,338.3269,642.8966,386.3235,600.5188,383.4162,124.3415,42.4774,0.3416,1,1,21,1
1648,3,0,0,1,1,1,0.99,0.981,0.9146,0.843,1133.1074,344.8798,956.823,353.8243,1089.2134,434.3182,1035.8855,438.6217,176.5112,53.5012,0.3031,1,1,35,1
1648,3,0,2,1,1,1,0.9868,0.9901,0.9043,0.9079,377.375,238.5305,191.693,248.3324,312.748,265.9094,262.999,257.0108,185.9405,50.5387,0.2718,1,1,65,1
1648,3,0,1,1,1,1,0.9919,0.9746,0.9501,0.842,743.0888,344.092,617.3854,338.7744,644.2931,388.0433,600.2964,383.1789,125.8159,44.2648,0.3518,1,1,22,1
1649,3,0,0,1,1,1,0.99,0.981,0.9146,0.8428,1133.1545,344.8706,956.8388,353.798,1089.2367,434.3326,1035.8868,438.6612,176.5416,53.5252,0.3032,1,1,36,1
1649,3,0,2,1,1,1,0.9868,0.9901,0.9043,0.9079,377.3748,238.5455,191.6909,248.3638,312.7749,265.973,262.915,257.193,185.9433,50.627,0.2723,1,1,66,1
1649,3,0,1,1,1,1,0.9919,0.9746,0.9499,0.8419,743.0434,344.1185,617.3953,338.7966,644.3617,388.086,600.2496,383.2131,125.7607,44.3804,0.3529,1,1,23,1
1650,3,0,2,1,1,1,0.9869,0.9903,0.9024,0.9075,377.4643,238.8188,191.2178,249.0807,312.516,265.4773,263.1208,256.9304,186.529,50.1293,0.2687,1,1,67,1
1650,3,0,0,1,1,1,0.99,0.9806,0.9166,0.8437,1133.238,344.8375,957.1543,354.1418,1089.2792,433.5692,1037.4602,437.0739,176.3294,51.9373,0.2945,1,1,37,1
1650,3,0,1,1,1,1,0.9919,0.9764,0.9494,0.8498,743.8688,343.6176,616.5797,338.7416,650.9218,391.5855,598.2677,381.8122,127.3825,53.5534,0.4204,1,1,24,1
1651,3,0,2,1,1,1,0.9869,0.9903,0.9024,0.9076,377.4818,238.8238,191.2169,249.0744,312.4873,265.473,263.1194,256.9378,186.5467,50.1003,0.2686,1,1,68,1
1651,3,0,0,1,1,1,0.99,0.9806,0.9165,0.8436,1133.2421,344.8512,957.1533,354.1438,1089.2739,433.5616,1037.5023,437.048,176.3338,51.8889,0.2943,1,1,38,1
1651,3,0,1,1,1,1,0.9919,0.9764,0.9494,0.8498,743.8698,343.6161,616.5888,338.7464,650.9062,391.5856,598.2592,381.8463,127.3742,53.5403,0.4203,1,1,25,1
1652,3,0,2,1,1,1,0.9866,0.9904,0.9007,0.9086,377.256,237.877,190.3468,248.1331,311.9592,266.8612,262.726,255.7942,187.1903,50.4618,0.2696,1,1,69,1
1652,3,0,0,1,1,1,0.9901,0.981,0.9158,0.844,1133.5812,344.4766,957.2238,353.8673,1088.985,433.3151,1036.096,437.7574,176.6072,53.0753,0.3005,1,1,39,1
1652,3,0,1,1,1,1,0.9917,0.9763,0.9483,0.8502,744.9,344.5974,616.816,341.5594,656.9402,392.9803,593.19,383.9401,128.12,64.388,0.5026,0,0,0,0
1653,3,0,2,1,1,1,0.9866,0.9904,0.9007,0.9086,377.2569,237.864,190.359,248.1081,311.995,266.8455,262.7164,255.7587,187.1784,50.5103,0.2699,1,1,70,1
1653,3,0,0,1,1,1,0.9901,0.981,0.9158,0.844,1133.5739,344.4891,957.2156,353.8696,1088.9242,433.2974,1036.0219,437.7308,176.6075,53.0878,0.3006,1,1,40,1
1653,3,0,1,1,1,1,0.9917,0.9763,0.9483,0.8502,744.8766,344.5809,616.7719,341.5404,656.8548,393.0064,593.2164,383.9182,128.1408,64.284,0.5017,0,0,0,0
1654,3,0,2,1,1,1,0.9863,0.9904,0.9,0.9091,376.5417,237.7562,189.6721,248.0126,311.2303,266.7327,261.7552,255.587,187.1509,50.715,0.271,1,1,71,1
1654,3,0,0,1,1,1,0.99,0.9811,0.915,0.8453,1133.3485,344.4167,956.569,353.3636,1089.442,430.9462,1036.8246,434.9334,177.0058,52.7683,0.2981,1,1,41,1
1654,3,0,1,1,1,1,0.9918,0.9752,0.9475,0.8385,746.8302,345.746,616.359,344.7086,670.5606,406.6976,581.1071,384.089,130.4754,92.2663,0.7072,0,0,0,0
1655,3,0,2,1,1,1,0.9863,0.9904,0.9,0.9091,376.5494,237.7524,189.6598,248.0137,311.2382,266.737,261.7274,255.5881,187.1711,50.7505,0.2711,1,1,72,1
1655,3,0,0,1,1,1,0.99,0.9811,0.915,0.8453,1133.3623,344.4146,956.576,353.3714,1089.4365,430.9448,1036.8058,434.9337,177.0131,52.7817,0.2982,1,1,42,1
1655,3,0,1,1,1,1,0.9918,0.9752,0.9475,0.8385,746.8354,345.7673,616.3096,344.7473,670.5685,406.679,581.2606,384.1506,130.5297,92.1055,0.7056,0,0,0,0
1656,3,0,0,1,1,1,0.9895,0.9817,0.9113,0.85,1134.2971,345.5878,956.3162,354.212,1085.5278,424.8965,1043.5323,424.991,178.1898,41.9956,0.2357,1,1,43,1
1656,3,0,2,1,1,1,0.9865,0.9907,0.8973,0.9085,375.544,237.9532,188.405,247.4216,309.778,266.9677,260.4246,255.3188,187.3784,50.7095,0.2706,1,1,73,1
1656,3,0,1,1,1,1,0.9931,0.9748,0.9543,0.8329,747.436,347.3815,612.3916,346.6459,678.5431,421.4347,572.1002,387.1876,135.0465,111.8166,0.828,0,0,0,0
1657,3,0,0,1,1,1,0.9895,0.9817,0.9113,0.85,1134.3024,345.5802,956.3083,354.2096,1085.5386,424.904,1043.5083,425.0058,178.2031,42.0304,0.2359,1,1,44,1
1657,3,0,2,1,1,1,0.9865,0.9907,0.8973,0.9085,375.5309,237.9552,188.4024,247.4256,309.7866,266.9772,260.4014,255.3128,187.368,50.744,0.2708,1,1,74,1
1657,3,0,1,1,1,1,0.9931,0.9748,0.9543,0.8328,747.4302,347.3805,612.3885,346.6516,678.5548,421.4347,572.0875,387.1481,135.0437,111.8519,0.8283,0,0,0,0
1658,3,0,2,1,1,1,0.9866,0.9906,0.8999,0.9093,374.8701,238.1689,188.3922,247.2254,309.7102,265.4163,259.3281,255.8994,186.6977,51.2731,0.2746,1,1,75,1
1658,3,0,0,1,1,1,0.9895,0.9814,0.9146,0.8549,1132.834,345.8125,955.9209,352.0211,1081.2499,410.8514,1055.454,414.0983,177.022,25.9994,0.1469,1,1,45,1
1658,3,0,1,1,1,1,0.9943,0.9769,0.9581,0.8251,750.1006,346.02,615.6612,346.6175,688.8847,439.2571,561.3396,403.646,134.4408,132.4231,0.985,0,0,0,0
1659,3,0,2,1,1,1,0.9868,0.9906,0.9,0.9089,374.3819,238.2611,187.8748,247.6221,309.4968,264.4736,258.4233,255.8266,186.7419,51.8004,0.2774,1,1,76,1
1659,3,0,0,1,1,1,0.9898,0.9796,0.9245,0.8551,1130.6592,344.7068,957.026,351.3082,1084.6257,389.3588,1049.8444,397.5608,173.7586,35.7354,0.2057,1,1,46,1
1659,3,0,1,1,1,1,0.9951,0.9733,0.9589,0.7969,749.2921,345.9994,614.9998,346.3375,695.4656,464.1184,567.586,424.8444,134.2928,133.7746,0.9961,0,0,0,0
1660,3,0,2,1,1,1,0.9868,0.9906,0.9,0.9089,374.3694,238.2714,187.863,247.6289,309.4883,264.4992,258.4332,255.8446,186.741,51.7834,0.2773,1,1,77,1
1660,3,0,0,1,1,1,0.9898,0.9796,0.9245,0.8551,1130.661,344.6707,957.0298,351.2868,1084.5925,389.3506,1049.9072,397.5305,173.7572,35.6368,0.2051,1,1,47,1
1660,3,0,1,1,1,1,0.9951,0.9733,0.9588,0.7967,749.2926,346.0015,614.9977,346.3349,695.4624,464.1204,567.6038,424.8368,134.2953,133.7573,0.996,0,0,0,0
1661,3,0,2,1,1,1,0.9868,0.9905,0.8988,0.9066,374.929,238.4533,187.7595,247.5886,308.7023,264.4972,258.3562,254.7022,187.3923,51.29,0.2737,1,1,78,1
1661,3,0,0,1,1,1,0.9891,0.9806,0.9215,0.8651,1133.1567,341.7457,958.1647,350.303,1089.6865,365.3431,1055.5491,356.9666,175.2012,35.1501,0.2006,1,1,48,1
1661,3,0,1,1,1,1,0.9939,0.9773,0.9529,0.8176,748.7968,347.5695,619.5424,346.3133,721.0174,484.3486,551.5967,521.3202,129.2605,173.4078,1.3415,0,0,0,0
1662,3,0,2,1,1,1,0.9868,0.9905,0.8988,0.9066,374.9416,238.4434,187.7735,247.5768,308.6888,264.5262,258.3412,254.7633,187.3908,51.2854,0.2737,1,1,79,1
1662,3,0,0,1,1,1,0.9891,0.9807,0.9213,0.8653,1133.1837,341.6529,958.1183,350.2614,1089.6118,365.3136,1055.6691,356.6974,175.2769,35.0193,0.1998,1,1,49,1
1662,3,0,1,1,1,1,0.9939,0.9774,0.9526,0.8178,748.7732,347.5412,619.5746,346.2539,720.9952,484.3285,551.4706,521.5785,129.2049,173.5689,1.3434,0,0,0,0
1663,3,0,2,1,1,1,0.987,0.9907,0.8986,0.9073,375.5021,238.3298,187.587,247.5508,308.7596,264.3926,257.8901,255.1651,188.1412,51.6997,0.2748,1,1,80,1
1663,3,0,0,1,1,1,0.9857,0.9811,0.9031,0.8798,1133.7006,336.5961,969.117,345.5353,1103.5157,350.2373,1059.0977,338.9175,164.8261,45.8378,0.2781,1,1,50,1
1663,3,0,1,1,1,1,0.9938,0.9811,0.9449,0.8252,749.801,348.8388,618.7987,347.2604,726.5648,507.5982,550.3633,533.9943,131.0118,178.1677,1.3599,0,0,0,0
1664,3,0,2,1,1,1,0.9869,0.9907,0.8985,0.9074,375.5112,238.3526,187.5504,247.5287,308.7151,264.3537,257.9328,255.1626,188.1846,51.6073,0.2742,1,1,81,1
1664,3,0,0,1,1,1,0.9857,0.9812,0.9028,0.8801,1133.6506,336.5876,969.0892,345.5657,1103.4824,350.1308,1059.1038,338.9638,164.8062,45.7621,0.2777,1,1,51,1
1664,3,0,1,1,1,1,0.9939,0.9812,0.9449,0.8253,749.791,348.8483,618.7702,347.2842,726.325,507.6326,550.3739,534.2433,131.0301,177.9521,1.3581,0,0,0,0
1665,3,0,2,1,1,1,0.9869,0.9903,0.9014,0.9067,375.075,238.4053,187.3051,247.3895,307.9518,264.3851,256.8884,256.0058,187.9847,51.7463,0.2753,1,1,82,1
1665,3,0,1,1,1,1,0.9948,0.9848,0.9415,0.8285,748.9504,348.8424,620.2812,344.4626,730.1791,525.1511,560.6146,520.0648,128.7438,169.6407,1.3177,0,0,0,0
1665,3,0,0,1,1,1,0.9887,0.9774,0.9216,0.8717,1136.1761,340.0319,967.1603,344.8489,1107.2865,335.8681,1064.7495,328.7936,169.0845,43.1213,0.255,1,1,52,1
1666,3,0,2,1,1,1,0.9869,0.9903,0.9015,0.9068,375.083,238.4186,187.3153,247.404,308.0021,264.3853,256.8884,255.9872,187.9825,51.799,0.2756,1,1,83,1
1666,3,0,1,1,1,1,0.9948,0.9847,0.9415,0.8283,748.9268,348.834,620.3553,344.4096,730.3068,525.132,560.5082,519.5722,128.6476,169.8896,1.3206,0,0,0,0
1666,3,0,0,1,1,1,0.9887,0.9774,0.9217,0.8714,1136.1669,339.9997,967.1359,344.8836,1107.1667,335.833,1064.5547,328.9441,169.1015,43.1653,0.2553,1,1,53,1
1667,3,0,2,1,1,1,0.9867,0.9904,0.8994,0.9071,374.8548,238.4348,187.1355,247.8326,307.6142,263.2072,257.0171,255.9752,187.9544,51.1113,0.2719,1,1,84,1
1667,3,0,0,1,1,1,0.9877,0.9765,0.9235,0.8806,1134.7578,339.8264,971.2959,343.89,1113.2502,327.7469,1070.3275,322.9558,163.5124,43.1893,0.2641,1,1,54,1
1667,3,0,1,1,1,1,0.9943,0.9845,0.9359,0.8226,749.1438,348.3721,619.9672,345.274,738.0136,530.1482,570.0848,534.8134,129.2137,167.9937,1.3001,0,0,0,0
1668,3,0,2,1,1,1,0.9865,0.9906,0.8992,0.9097,374.7368,239.1088,186.6268,247.7824,307.9838,263.17,257.2892,256.1801,188.3098,51.1742,0.2718,1,1,85,1
1668,3,0,1,1,1,1,0.9927,0.9788,0.9441,0.8343,748.771,349.8804,617.7822,347.2322,746.1414,543.9,577.4967,544.3616,131.0155,168.6453,1.2872,0,0,0,0
1668,3,0,0,1,1,1,0.9875,0.9768,0.9179,0.8835,1134.1003,338.8673,973.7242,341.0324,1115.9348,328.5607,1076.3712,323.0009,160.3908,39.9523,0.2491,1,1,55,1
1669,3,0,2,1,1,1,0.9865,0.9906,0.8991,0.9097,374.7434,239.0995,186.633,247.7823,307.9939,263.1544,257.3139,256.137,188.3106,51.1635,0.2717,1,1,86,1
1669,3,0,1,1,1,1,0.9927,0.9786,0.9441,0.8333,748.7765,349.9387,617.8092,347.2814,746.096,543.9436,577.5448,544.3568,130.9942,168.5517,1.2867,0,0,0,0
1669,3,0,0,1,1,1,0.9876,0.9768,0.918,0.8835,1134.0895,338.8228,973.7872,340.9962,1115.9122,328.5605,1076.3416,322.9526,160.317,39.9661,0.2493,1,1,56,1
1670,3,0,2,1,1,1,0.9862,0.9904,0.8993,0.9098,374.8382,238.4646,187.2498,247.4535,309.385,264.8243,256.9073,257.1809,187.8037,53.0314,0.2824,1,1,87,1
1670,3,0,1,1,1,1,0.9935,0.983,0.9345,0.8328,746.9478,351.2485,618.1856,348.8336,748.9825,549.8478,582.9799,545.6446,128.7847,166.0558,1.2894,0,0,0,0
1670,3,0,0,1,1,1,0.9875,0.9763,0.9182,0.8824,1132.9591,337.2705,974.7998,338.9946,1118.5135,330.0192,1078.476,327.4797,158.1687,40.118,0.2536,1,1,57,1
1671,3,0,2,1,1,1,0.9862,0.9904,0.8993,0.9098,374.8111,238.4838,187.2514,247.4693,309.355,264.8237,256.8718,257.2278,187.7748,53.03,0.2824,1,1,88,1
1671,3,0,1,1,1,1,0.9935,0.9829,0.9343,0.8325,746.9475,351.2362,618.2038,348.8379,749.1106,549.6508,582.9922,545.6264,128.7661,166.1672,1.2905,0,0,0,0
1671,3,0,0,1,1,1,0.9876,0.9763,0.9183,0.8824,1133.0728,337.3325,974.7913,339.0809,1118.5894,330.1466,1078.4016,327.5388,158.2911,40.2723,0.2544,1,1,58,1
1672,3,0,2,1,1,1,0.9861,0.9905,0.8977,0.9092,374.7867,238.061,187.2896,247.3818,310.0062,265.0373,257.778,256.3924,187.7286,52.9389,0.282,1,1,89,1
1672,3,0,1,1,1,1,0.9931,0.9837,0.9293,0.8351,746.2446,351.3381,618.0704,349.0678,754.3974,555.4823,586.364,548.9024,128.1943,168.1621,1.3118,0,0,0,0
1672,3,0,0,1,1,1,0.9875,0.9771,0.9163,0.8843,1132.205,336.1641,974.3892,337.4552,1122.3743,332.7958,1081.7411,327.325,157.8211,40.9998,0.2598,1,1,59,1
1673,3,0,2,1,1,1,0.9861,0.9905,0.8977,0.9091,374.7825,238.0661,187.2887,247.3854,310.0152,265.0412,257.7742,256.409,187.7252,52.9494,0.2821,1,1,90,1
1673,3,0,1,1,1,1,0.9931,0.9837,0.9293,0.8351,746.2232,351.3076,618.079,349.0619,754.4766,555.4036,586.3723,548.886,128.164,168.2305,1.3126,0,0,0,0
1673,3,0,0,1,1,1,0.9875,0.9771,0.9161,0.8843,1132.261,336.1732,974.3766,337.499,1122.3651,332.8222,1081.6935,327.3468,157.8899,41.0385,0.2599,1,1,60,1
1674,3,0,2,1,1,1,0.9857,0.9907,0.8965,0.9131,374.7359,237.7702,186.924,247.3389,310.4197,264.2271,258.234,255.789,188.0556,52.8635,0.2811,1,1,91,1
1674,3,0,1,1,1,1,0.9924,0.9852,0.9204,0.8457,745.8717,352.0384,618.4068,349.9374,757.9144,558.314,589.3335,552.8893,127.4822,168.6682,1.3231,0,0,0,0
1674,3,0,0,1,1,1,0.9874,0.9775,0.9149,0.8854,1131.5037,335.9663,973.5377,337.2412,1120.6823,331.5694,1082.9276,329.299,157.9711,37.8228,0.2394,1,1,61,1
1675,3,0,2,1,1,1,0.9859,0.9907,0.896,0.9122,374.5259,237.9059,187.4652,247.695,310.057,262.9602,259.2938,254.3447,187.3167,51.4891,0.2749,1,1,92,1
1675,3,0,1,1,1,1,0.9923,0.985,0.9204,0.8454,745.5198,352.2622,618.7949,349.7524,759.2307,560.2387,589.3614,552.617,126.7497,170.0402,1.3415,0,0,0,0
1675,3,0,0,1,1,1,0.9873,0.9775,0.9146,0.886,1132.2346,336.2236,973.3828,337.5911,1122.9492,335.7334,1082.9897,330.7306,158.8578,40.2714,0.2535,1,1,62,1
1676,3,0,2,1,1,1,0.9859,0.9907,0.896,0.9122,374.5692,237.9479,187.4934,247.7442,310.1108,262.9756,259.2957,254.3118,187.3321,51.5484,0.2752,1,1,93,1
1676,3,0,1,1,1,1,0.9923,0.985,0.9204,0.8451,745.5501,352.2886,618.783,349.769,759.221,560.2521,589.3642,552.6284,126.7921,170.0279,1.341,0,0,0,0
1676,3,0,0,1,1,1,0.9873,0.9775,0.9145,0.886,1132.2657,336.2732,973.3429,337.642,1122.8129,335.6245,1083.0176,330.6272,158.9287,40.1078,0.2524,1,1,63,1
1677,3,0,2,1,1,1,0.9858,0.9905,0.9,0.9142,375.0866,238.3092,187.5986,247.7254,310.5906,262.6984,259.6285,254.3066,187.7243,51.6485,0.2751,1,1,94,1
1677,3,0,1,1,1,1,0.9922,0.9853,0.9185,0.8466,745.4032,351.7862,618.6272,349.802,759.1792,561.9742,588.8617,553.8448,126.7915,170.5114,1.3448,0,0,0,0
1677,3,0,0,1,1,1,0.9875,0.9781,0.9137,0.887,1132.1051,336.054,972.5309,337.267,1121.928,334.0561,1082.1986,331.5369,159.5788,39.8092,0.2495,1,1,64,1
1678,3,0,2,1,1,1,0.9858,0.9905,0.9,0.9141,375.1135,238.34,187.612,247.7457,310.5946,262.6563,259.5931,254.3648,187.7373,51.671,0.2752,1,1,95,1
1678,3,0,1,1,1,1,0.9922,0.9853,0.9185,0.8466,745.4344,351.8033,618.5982,349.8426,759.167,561.9524,588.9118,553.8357,126.8514,170.4484,1.3437,0,0,0,0
1678,3,0,0,1,1,1,0.9875,0.9781,0.914,0.887,1131.9257,335.9321,972.5564,337.1298,1121.8058,333.5826,1082.4402,331.2797,159.3738,39.4329,0.2474,1,1,65,1
1679,3,0,2,1,1,1,0.9859,0.9907,0.8982,0.9134,374.952,238.6849,188.1312,247.9402,310.9162,262.4266,261.0191,253.8225,187.0499,50.6335,0.2707,1,1,96,1
1679,3,0,1,1,1,1,0.9921,0.9847,0.9175,0.8428,744.9328,351.6821,618.5902,349.9259,758.8462,562.4381,589.1288,553.7412,126.3547,169.9401,1.3449,0,0,0,0
1679,3,0,0,1,1,1,0.9876,0.9771,0.9159,0.883,1132.3799,335.3986,972.9207,336.9,1122.3185,334.6439,1081.3516,332.6933,159.4663,41.0133,0.2572,1,1,66,1
1680,3,0,2,1,1,1,0.9859,0.9907,0.8983,0.9134,374.9464,238.688,188.1267,247.94,310.92,262.4352,261.0237,253.8299,187.0487,50.6329,0.2707,1,1,97,1
1680,3,0,1,1,1,1,0.9921,0.9848,0.9175,0.8429,744.9215,351.668,618.5726,349.915,758.8621,562.432,589.1258,553.7431,126.3611,169.9585,1.345,0,0,0,0
1680,3,0,0,1,1,1,0.9876,0.9771,0.9158,0.883,1132.3871,335.4042,972.9259,336.9032,1122.31,334.6164,1081.3654,332.6789,159.4682,40.9905,0.257,1,1,67,1
1681,3,0,2,1,1,1,0.9864,0.9906,0.8993,0.9108,374.641,239.0007,188.762,248.1293,311.916,263.4729,260.9134,255.1011,186.103,51.6851,0.2777,1,1,98,1
1681,3,0,1,1,1,1,0.9924,0.9845,0.9208,0.8399,744.5124,351.1124,618.7395,349.5593,760.2834,562.5012,588.6911,555.0966,125.7824,171.752,1.3655,0,0,0,0
1681,3,0,0,1,1,1,0.9878,0.9768,0.9163,0.8814,1132.8054,335.4387,972.958,336.5807,1121.7891,333.1974,1082.9877,330.2088,159.8515,38.9163,0.2435,1,1,68,1
1682,3,0,2,1,1,1,0.9864,0.9906,0.8992,0.9107,374.6496,238.9826,188.7651,248.0716,311.8089,263.32,260.9348,254.95,186.1067,51.558,0.277,1,1,99,1
1682,3,0,1,1,1,1,0.9924,0.9845,0.9208,0.8397,744.5008,351.1128,618.7419,349.5636,760.3168,562.4817,588.7172,555.1289,125.7685,171.757,1.3657,0,0,0,0
1682,3,0,0,1,1,1,0.9878,0.9769,0.9162,0.8816,1132.8572,335.4425,972.9531,336.5902,1121.7683,333.2003,1082.9785,330.2181,159.9082,38.9043,0.2433,1,1,69,1
1683,3,0,2,1,1,1,0.9866,0.9904,0.9005,0.9091,374.3238,239.5309,188.9498,248.2341,312.6543,264.1706,260.8762,256.0594,185.5782,52.4096,0.2824,1,1,100,1
1683,3,0,1,1,1,1,0.9925,0.9846,0.9218,0.8426,743.9996,350.4711,618.6193,348.9854,759.8858,560.3116,587.695,552.5021,125.3891,172.3677,1.3747,0,0,0,0
1683,3,0,0,1,1,1,0.9878,0.977,0.9158,0.8815,1132.26,334.8266,972.734,335.8166,1121.6453,331.808,1083.4874,330.4378,159.5291,38.1824,0.2393,1,1,70,1
1684,3,0,2,1,1,1,0.9865,0.9904,0.9016,0.9102,374.5787,239.5424,188.6361,248.4678,312.2417,264.4671,260.6502,256.8856,186.1567,52.1456,0.2801,1,1,101,1
1684,3,0,1,1,1,1,0.9926,0.9841,0.9235,0.8389,744.2469,350.7826,618.7792,349.2362,758.7884,560.159,587.6196,552.6648,125.4772,171.3328,1.3654,0,0,0,0
1684,3,0,0,1,1,1,0.9875,0.9767,0.9158,0.8824,1131.7368,334.7568,973.7632,335.5247,1122.3445,332.5752,1083.4637,329.698,157.9755,38.987,0.2468,1,1,71,1
1685,3,0,2,1,1,1,0.9865,0.9904,0.9017,0.9103,374.5782,239.5816,188.6476,248.5058,312.2637,264.4921,260.5861,256.9804,186.1446,52.2206,0.2805,1,1,102,1
1685,3,0,1,1,1,1,0.9926,0.9841,0.9234,0.839,744.2499,350.7796,618.792,349.2265,758.7761,560.1328,587.6318,552.6246,125.4674,171.3089,1.3654,0,0,0,0
1685,3,0,0,1,1,1,0.9876,0.9767,0.9158,0.8825,1131.723,334.747,973.7694,335.5308,1122.3779,332.5773,1083.3907,329.6822,157.9556,39.0945,0.2475,1,1,72,1
1686,3,0,2,1,1,1,0.9861,0.9906,0.8984,0.9114,374.8157,239.5829,188.4736,248.2668,312.8127,264.848,260.9417,256.5554,186.5443,52.5297,0.2816,1,1,103,1
1686,3,0,1,1,1,1,0.9929,0.9834,0.9266,0.8339,743.9231,350.6943,619.261,348.5005,758.6242,559.7427,587.3628,551.2404,124.6814,171.4723,1.3753,0,0,0,0
1686,3,0,0,1,1,1,0.9874,0.9773,0.9144,0.8856,1131.3951,335.2846,972.4712,335.503,1123.3623,331.324,1084.5765,329.0138,158.9241,38.8545,0.2445,1,1,73,1
1687,3,0,2,1,1,1,0.9861,0.9906,0.8984,0.9115,374.7907,239.5831,188.4712,248.2676,312.8167,264.8287,260.9222,256.5934,186.5218,52.5438,0.2817,1,1,104,1
1687,3,0,1,1,1,1,0.9929,0.9834,0.9267,0.8339,743.9212,350.7267,619.2596,348.5281,758.6188,559.724,587.3754,551.2516,124.681,171.4528,1.3751,0,0,0,0
1687,3,0,0,1,1,1,0.9874,0.9774,0.9144,0.8857,1131.3816,335.2842,972.4771,335.4977,1123.3505,331.3125,1084.6256,328.9961,158.9046,38.7941,0.2441,1,1,74,1
1688,3,0,2,1,1,1,0.9862,0.9906,0.8999,0.9124,375.4625,239.65,189.4463,248.2319,312.8799,264.1442,260.3475,255.8371,186.214,53.1852,0.2856,1,1,105,1
1688,3,0,0,1,1,1,0.9877,0.9773,0.9155,0.8844,1131.0334,333.7925,972.5419,335.0168,1123.5742,330.978,1083.0442,330.027,158.4963,40.5412,0.2558,1,1,75,1
1688,3,0,1,1,1,1,0.993,0.9835,0.9271,0.8323,744.8658,350.9003,619.1908,349.354,757.398,559.7902,587.4088,554.6302,125.6846,170.0676,1.3531,0,0,0,0
1689,3,0,2,1,1,1,0.9862,0.9906,0.8998,0.9123,375.4495,239.665,189.4436,248.227,312.8772,264.1554,260.3856,255.8214,186.2029,53.1491,0.2854,1,1,106,1
1689,3,0,0,1,1,1,0.9877,0.9773,0.9155,0.8846,1131.0162,333.7854,972.5509,334.9848,1123.5018,330.963,1083.0593,330.0464,158.4699,40.4529,0.2553,1,1,76,1
1689,3,0,1,1,1,1,0.993,0.9835,0.927,0.8322,744.8382,350.9075,619.2016,349.3258,757.4658,559.7544,587.4182,554.5824,125.6464,170.1262,1.354,0,0,0,0
1690,3,0,2,1,1,1,0.9865,0.9908,0.899,0.9113,375.496,239.6944,189.242,248.4788,313.0266,264.836,261.2962,255.4265,186.461,52.5792,0.282,1,1,107,1
1690,3,0,1,1,1,1,0.9932,0.983,0.9301,0.8319,744.6975,350.105,620.1066,348.9142,756.3912,558.9186,587.7998,553.3522,124.5966,168.6834,1.3538,0,0,0,0
1690,3,0,0,1,1,1,0.9877,0.977,0.9166,0.8833,1132.0167,335.1533,972.0206,335.4188,1122.9863,334.1753,1083.1362,331.3044,159.9963,39.9534,0.2497,1,1,77,1
1691,3,0,2,1,1,1,0.9865,0.9908,0.899,0.9114,375.5152,239.7212,189.2582,248.4945,313.0227,264.8312,261.3038,255.4236,186.4635,52.5676,0.2819,1,1,108,1
1691,3,0,1,1,1,1,0.9932,0.983,0.93,0.8319,744.72,350.11,620.1273,348.9097,756.3834,558.9035,587.802,553.3548,124.5984,168.6726,1.3537,0,0,0,0
1691,3,0,0,1,1,1,0.9878,0.9769,0.9167,0.8832,1132.0771,335.2192,972.0377,335.4325,1122.9878,334.163,1083.1166,331.2739,160.0396,39.9757,0.2498,1,1,78,1
1692,3,0,2,1,1,1,0.9864,0.9907,0.8985,0.9107,376.1253,240.434,189.3263,248.5226,312.5346,264.7762,261.7635,255.6851,186.974,51.5786,0.2759,1,1,109,1
1692,3,0,1,1,1,1,0.9931,0.9829,0.9292,0.831,745.0086,349.825,620.2626,348.789,754.7028,558.7232,587.0168,553.6581,124.7503,167.7625,1.3448,0,0,0,0
1692,3,0,0,1,1,1,0.9877,0.9771,0.9163,0.8843,1131.1688,335.4682,971.7722,335.9462,1123.2571,332.8453,1083.8512,329.7001,159.3974,39.5312,0.248,1,1,79,1
1693,3,0,2,1,1,1,0.9864,0.9907,0.8984,0.9107,376.1296,240.3982,189.3484,248.5142,312.5486,264.7796,261.7312,255.691,186.9573,51.6238,0.2761,1,1,110,1
1693,3,0,1,1,1,1,0.9931,0.9829,0.9293,0.8309,744.999,349.8195,620.2846,348.7611,754.6757,558.721,587.0139,553.6414,124.7188,167.7387,1.3449,0,0,0,0
1693,3,0,0,1,1,1,0.9877,0.9771,0.9164,0.8843,1131.164,335.4858,971.8197,335.9338,1123.2812,332.8668,1083.8539,329.7362,159.3449,39.5515,0.2482,1,1,80,1
1694,3,0,2,1,1,1,0.9863,0.9905,0.8999,0.9109,375.9058,240.3662,189.6617,248.5583,311.819,263.5969,261.5268,254.5422,186.4243,51.1008,0.2741,1,1,111,1
1694,3,0,1,1,1,1,0.9906,0.975,0.9447,0.8461,746.4365,347.365,621.3082,347.5556,755.8688,559.6444,586.3489,558.0612,125.1285,169.5273,1.3548,0,0,0,0
1694,3,0,0,1,1,1,0.9875,0.9774,0.9156,0.8866,1130.7231,335.2485,972.0448,335.7639,1122.8925,334.0877,1082.9519,331.2654,158.6792,40.0401,0.2523,1,1,81,1
1695,3,0,2,1,1,1,0.9862,0.9909,0.8977,0.9131,375.5912,240.0983,189.401,248.6698,312.7668,264.2816,261.7872,254.8062,186.3874,51.8527,0.2782,1,1,112,1
1695,3,0,1,1,1,1,0.9929,0.9828,0.9273,0.8283,744.6211,349.4665,620.6318,348.925,753.0404,558.7742,586.5073,554.0294,123.9904,166.6007,1.3437,0,0,0,0
1695,3,0,0,1,1,1,0.9874,0.978,0.9138,0.8876,1132.1431,335.344,972.5217,336.1744,1121.9148,334.9641,1083.3767,331.263,159.6235,38.7154,0.2425,1,1,82,1
1696,3,0,2,1,1,1,0.9862,0.9909,0.8976,0.9131,375.5792,240.1054,189.3867,248.654,312.7514,264.2824,261.7786,254.7961,186.3887,51.848,0.2782,1,1,113,1
1696,3,0,1,1,1,1,0.9929,0.9828,0.9273,0.8283,744.6494,349.4678,620.6268,348.925,753.0501,558.8015,586.485,554.0556,124.0238,166.6327,1.3436,0,0,0,0
1696,3,0,0,1,1,1,0.9874,0.978,0.9137,0.8877,1132.206,335.3564,972.5229,336.1946,1121.9124,335.0022,1083.3451,331.2182,159.6854,38.7524,0.2427,1,1,83,1
1697,3,0,2,1,1,1,0.9863,0.9907,0.8974,0.9099,375.7919,239.7197,189.3768,248.3,312.7055,264.1514,261.7985,254.9231,186.6124,51.7367,0.2772,1,1,114,1
1697,3,0,1,1,1,1,0.9905,0.9751,0.9436,0.8451,746.4094,347.2596,621.6767,347.1608,753.784,560.4786,586.056,556.8585,124.7328,167.767,1.345,0,0,0,0
1697,3,0,0,1,1,1,0.987,0.9778,0.9115,0.8869,1131.5079,335.3514,972.4293,336.521,1122.287,334.4732,1082.516,331.1504,159.083,39.9096,0.2509,1,1,84,1
1698,3,0,2,1,1,1,0.9863,0.9907,0.8976,0.9099,375.8555,239.7092,189.4605,248.3098,312.7814,264.112,261.8056,254.8507,186.5933,51.8104,0.2777,1,1,115,1
1698,3,0,1,1,1,1,0.9905,0.9751,0.9436,0.845,746.3784,347.2481,621.687,347.1229,753.7732,560.3946,586.1383,556.6557,124.6915,167.6766,1.3447,0,0,0,0
1698,3,0,0,1,1,1,0.9869,0.9779,0.9111,0.8874,1131.5859,335.344,972.3924,336.6193,1122.5465,334.9832,1082.6395,331.0863,159.1987,40.0968,0.2519,1,1,85,1
1699,3,0,2,1,1,1,0.9866,0.9907,0.8999,0.9106,375.511,240.2066,189.6508,249.0094,313.3306,264.8006,261.8714,257.013,186.0685,52.0451,0.2797,1,1,116,1
1699,3,0,1,1,1,1,0.9906,0.976,0.9438,0.8494,746.4691,347.4907,621.9452,347.6752,753.8978,559.8548,586.1698,556.7817,124.5241,167.7561,1.3472,0,0,0,0
1699,3,0,0,1,1,1,0.9875,0.978,0.9144,0.888,1132.468,336.1995,971.8572,336.6974,1120.4941,334.0372,1083.3842,331.1178,160.6116,37.2246,0.2318,1,1,86,1
1700,3,0,2,1,1,1,0.9866,0.9907,0.9,0.9107,375.5207,240.2399,189.661,249.0454,313.2794,264.8264,261.827,257.0497,186.0681,52.0367,0.2797,1,1,117,1
1700,3,0,1,1,1,1,0.9906,0.9761,0.9438,0.8496,746.4308,347.506,621.9004,347.7285,753.9246,559.8282,586.166,556.8034,124.5305,167.7858,1.3473,0,0,0,0
1700,3,0,0,1,1,1,0.9875,0.9779,0.9149,0.8876,1132.4341,336.1887,971.8442,336.7058,1120.4283,334.0076,1083.424,331.0932,160.5907,37.119,0.2311,1,1,87,1
1701,3,0,2,1,1,1,0.9867,0.9907,0.8987,0.9089,375.842,239.9748,189.1222,248.4,313.2872,264.8912,261.4188,257.5178,186.9098,52.3899,0.2803,1,1,118,1
1701,3,0,0,1,1,1,0.9871,0.978,0.913,0.888,1132.5455,336.3943,972.1339,337.1662,1121.5944,335.3318,1082.9308,331.2897,160.4135,38.8743,0.2423,1,1,88,1
1701,3,0,1,1,1,1,0.9907,0.9738,0.946,0.8409,746.989,349.3879,622.3156,348.8981,752.2142,560.5964,586.5616,555.6712,124.6744,165.7258,1.3293,0,0,0,0
1702,3,0,2,1,1,1,0.9867,0.9907,0.8986,0.9088,375.812,240.0013,189.1082,248.3859,313.2769,264.8894,261.4281,257.5629,186.892,52.3639,0.2802,1,1,119,1
1702,3,0,1,1,1,1,0.9907,0.9738,0.9461,0.8409,746.979,349.3993,622.319,348.8972,752.1984,560.5976,586.5285,555.6228,124.661,165.7446,1.3296,0,0,0,0
1702,3,0,0,1,1,1,0.9871,0.978,0.9128,0.8883,1132.53,336.432,972.1292,337.1907,1121.6405,335.3325,1082.9344,331.3028,160.4027,38.9153,0.2426,1,1,89,1
1703,3,0,2,1,1,1,0.9864,0.9904,0.8993,0.9088,375.3168,240.2766,189.3602,248.0784,313.3412,265.0516,261.3124,256.7041,186.1202,52.6943,0.2831,1,1,120,1
1703,3,0,0,1,1,1,0.9875,0.9774,0.9144,0.8839,1132.6158,335.7485,971.9911,336.5784,1120.694,335.3551,1081.7987,332.4428,160.6269,39.0041,0.2428,1,1,90,1
1703,3,0,1,1,1,1,0.9911,0.9729,0.9486,0.8367,746.6336,354.0502,621.7662,353.3168,749.1295,562.3256,586.0859,557.0334,124.8696,163.1295,1.3064,0,0,0,0
1704,3,0,2,1,1,1,0.9866,0.9905,0.9001,0.9087,375.8627,239.8376,189.2959,247.8267,313.9787,265.3058,261.0809,256.1006,186.7378,53.6928,0.2875,1,1,121,1
1704,3,0,0,1,1,1,0.9869,0.9783,0.9108,0.8884,1132.712,336.3384,971.5525,336.8907,1120.5438,335.3828,1082.953,332.016,161.1605,37.7413,0.2342,1,1,91,1
1704,3,0,1,1,1,1,0.9919,0.9772,0.9387,0.826,744.4948,361.0445,617.6383,361.5883,747.5807,563.1538,579.35,564.6731,126.8576,168.2376,1.3262,0,0,0,0
1705,3,0,2,1,1,1,0.9866,0.9905,0.9,0.9086,375.8246,239.8482,189.2649,247.7953,313.9575,265.3084,261.0846,256.077,186.7289,53.6727,0.2874,1,1,122,1
1705,3,0,0,1,1,1,0.9869,0.9783,0.9108,0.8883,1132.6803,336.3562,971.6002,336.9036,1120.5712,335.2752,1082.9202,332.0618,161.081,37.7879,0.2346,1,1,92,1
1705,3,0,1,1,1,1,0.9918,0.9772,0.9385,0.8263,744.4702,361.0494,617.6916,361.4439,747.5876,563.1596,579.429,564.572,126.7792,168.1646,1.3264,0,0,0,0
1706,3,0,2,1,1,1,0.9864,0.9907,0.8974,0.9089,376.0752,238.6506,189.3828,247.2657,314.1757,266.0216,261.7142,255.988,186.8911,53.4123,0.2858,1,1,123,1
1706,3,0,0,1,1,1,0.9869,0.9786,0.911,0.8903,1132.7397,336.7987,971.4671,337.584,1120.9304,335.1443,1083.4177,331.4366,161.2746,37.6955,0.2337,1,1,93,1
1706,3,0,1,1,1,1,0.9922,0.9762,0.9411,0.8197,740.737,366.1958,613.9134,367.9619,748.2308,566.582,572.492,569.2934,126.8359,175.7596,1.3857,0,0,0,0
1707,3,0,2,1,1,1,0.9864,0.9907,0.8974,0.9089,376.0714,238.667,189.3877,247.2717,314.1581,266.0448,261.7318,255.9892,186.8819,53.382,0.2856,1,1,124,1
1707,3,0,0,1,1,1,0.9869,0.9786,0.9109,0.8904,1132.7308,336.7718,971.4586,337.574,1120.9359,335.1405,1083.4062,331.4363,161.2742,37.712,0.2338,1,1,94,1
1707,3,0,1,1,1,1,0.9922,0.9762,0.9411,0.8199,740.7396,366.196,613.9104,367.962,748.2384,566.5686,572.49,569.2928,126.8415,175.7695,1.3857,0,0,0,0
1708,3,0,2,1,1,1,0.9863,0.9905,0.8985,0.9091,375.7961,239.0582,189.2999,247.6868,314.1655,265.7933,261.5913,256.1229,186.6957,53.4562,0.2863,1,1,125,1
1708,3,0,1,1,1,1,0.9917,0.9783,0.9317,0.8218,735.701,368.2317,610.3127,373.0599,749.629,572.034,562.6567,579.1806,125.4812,187.1089,1.4911,0,0,0,0
1708,3,0,0,1,1,1,0.9871,0.9784,0.9119,0.8895,1132.5984,336.5666,971.7034,337.5818,1120.8846,334.4394,1083.2185,330.7953,160.8982,37.842,0.2352,1,1,95,1
1709,3,0,2,1,1,1,0.9863,0.9905,0.8984,0.9091,375.7957,239.0715,189.3074,247.705,314.1814,265.7889,261.5795,256.1212,186.688,53.483,0.2865,1,1,126,1
1709,3,0,1,1,1,1,0.9917,0.9782,0.9317,0.8217,735.7026,368.2108,610.2938,373.0335,749.6078,572.037,562.7024,579.2868,125.5016,187.046,1.4904,0,0,0,0
1709,3,0,0,1,1,1,0.9871,0.9784,0.9118,0.8893,1132.6102,336.5744,971.6734,337.5768,1120.8904,334.4501,1083.2471,330.7727,160.94,37.8225,0.235,1,1,96,1
1710,3,0,1,1,1,1,0.9918,0.9784,0.9314,0.8242,727.6975,376.6193,604.2682,379.5418,752.7398,574.3004,551.1128,573.477,123.464,201.6287,1.6331,0,0,0,0
1710,3,0,2,1,1,1,0.9863,0.9906,0.8981,0.9101,375.3002,239.1644,188.6997,247.8491,313.0095,264.5334,262.1958,256.5532,186.8025,51.4366,0.2754,1,1,127,1
1710,3,0,0,1,1,1,0.9871,0.9781,0.9122,0.888,1132.4675,336.4504,971.643,337.4888,1120.8494,334.5087,1082.7885,331.4148,160.8279,38.1865,0.2374,1,1,97,1
1711,3,0,1,1,1,1,0.992,0.9822,0.9256,0.8433,718.2554,385.6435,596.1753,387.1286,752.8553,582.7784,541.0337,569.5601,122.0891,212.2336,1.7384,0,0,0,0
1711,3,0,2,1,1,1,0.9861,0.9905,0.8962,0.9083,375.6446,237.0558,189.1104,247.1303,312.3448,263.3366,262.6473,254.8087,186.8062,50.4239,0.2699,1,1,128,1
1711,3,0,0,1,1,1,0.9871,0.9781,0.913,0.8892,1131.6166,335.7715,971.817,337.3157,1121.0498,333.9536,1082.8811,331.3686,159.8071,38.2561,0.2394,1,1,98,1
1712,3,0,1,1,1,1,0.992,0.9823,0.9255,0.8434,718.2666,385.6227,596.1948,387.1007,752.8736,582.7256,541.0404,569.5219,122.0807,212.2443,1.7386,0,0,0,0
1712,3,0,2,1,1,1,0.9861,0.9905,0.8963,0.9082,375.6467,237.0484,189.1022,247.1182,312.3382,263.3532,262.6407,254.7962,186.8161,50.4288,0.2699,1,1,129,1
1712,3,0,0,1,1,1,0.9871,0.9781,0.913,0.8893,1131.6129,335.7667,971.826,337.3143,1121.0675,333.9967,1082.8474,331.3826,159.7944,38.3094,0.2397,1,1,99,1
1713,3,0,1,1,1,1,0.9933,0.9819,0.9358,0.8449,704.5017,391.484,587.3722,390.3883,759.7756,586.2722,532.0136,560.4554,117.1346,229.2204,1.9569,0,0,0,0
1713,3,0,2,1,1,1,0.986,0.9905,0.8976,0.9104,376.3125,235.1887,189.2959,246.1118,311.7996,262.9851,261.6046,254.8725,187.3353,50.8463,0.2714,1,1,130,1
1713,3,0,0,1,1,1,0.9875,0.9785,0.9159,0.8919,1131.5309,335.615,971.8074,337.1892,1121.6886,334.81,1083.009,331.4192,159.7313,38.8279,0.2431,1,1,100,1
1714,3,0,1,1,1,1,0.9933,0.982,0.9354,0.8457,704.5082,391.5007,587.2791,390.4096,759.8628,586.2688,531.824,560.6112,117.2341,229.4776,1.9574,0,0,0,0
1714,3,0,2,1,1,1,0.986,0.9905,0.8978,0.9104,376.3114,235.2545,189.2454,246.1372,311.7734,263.1083,261.6303,254.9105,187.3823,50.8088,0.2712,1,1,131,1
1714,3,0,0,1,1,1,0.9875,0.9784,0.9161,0.8918,1131.4904,335.6044,971.7797,337.2045,1121.6719,334.82,1083.028,331.4022,159.7186,38.7948,0.2429,1,1,101,1
1715,3,0,1,1,1,1,0.9933,0.9804,0.9357,0.8404,688.4334,392.6176,573.2982,392.3932,761.8279,581.6762,522.7253,553.858,115.1355,240.7154,2.0907,0,0,0,0
1715,3,0,2,1,1,1,0.9856,0.9907,0.8961,0.9123,376.9429,234.4374,188.6394,246.0237,311.7952,262.3872,262.3476,254.8437,188.6596,50.0197,0.2651,1,1,132,1
1715,3,0,0,1,1,1,0.9878,0.9779,0.9189,0.8909,1130.7657,335.3519,972.4821,336.5612,1122.0153,335.1467,1082.1549,333.167,158.2883,39.9095,0.2521,1,1,102,1
1716,3,0,1,1,1,1,0.9933,0.9805,0.9356,0.8406,688.4337,392.6064,573.2749,392.3816,761.8076,581.6649,522.7417,553.8698,115.159,240.6763,2.0899,0,0,0,0
1716,3,0,2,1,1,1,0.9856,0.9907,0.896,0.9123,376.9719,234.4588,188.6776,246.06,311.8252,262.4133,262.3066,254.9168,188.6513,50.0829,0.2655,1,1,133,1
1716,3,0,0,1,1,1,0.9878,0.9779,0.9189,0.8909,1130.7524,335.369,972.4521,336.5795,1121.9886,335.1094,1082.1506,333.1393,158.3049,39.8867,0.252,1,1,103,1
1717,3,0,2,1,1,1,0.9859,0.9906,0.8951,0.9093,377.0275,234.1746,189.1682,246.1785,312.1813,261.9498,263.0193,255.9096,188.2424,49.5317,0.2631,1,1,134,1
1717,3,0,1,1,1,1,0.9943,0.9808,0.9453,0.8485,674.6562,391.3976,558.9002,392.3823,752.5755,568.7384,518.646,551.5749,115.7602,234.5583,2.0262,0,0,0,0
1717,3,0,0,1,1,1,0.9881,0.9773,0.921,0.8889,1129.9891,335.0742,971.6311,336.2599,1123.5822,334.2175,1083.0222,332.4974,158.3625,40.5964,0.2564,1,1,104,1
1718,3,0,2,1,1,1,0.9859,0.9906,0.8952,0.9093,377.0703,234.1436,189.1589,246.1592,312.1591,261.9602,263.0566,255.9509,188.2951,49.4688,0.2627,1,1,135,1
1718,3,0,1,1,1,1,0.9943,0.9807,0.9452,0.848,674.7432,391.4716,558.908,392.3946,752.4972,569.1443,518.6803,551.2824,115.8388,234.4982,2.0243,0,0,0,0
1718,3,0,0,1,1,1,0.9881,0.9773,0.9211,0.889,1129.9502,335.0975,971.6103,336.2673,1123.3945,333.7914,1083.2644,332.2224,158.3442,40.1608,0.2536,1,1,105,1
1719,3,0,2,1,1,1,0.986,0.9904,0.8984,0.91,377.1229,234.4053,189.1059,246.188,312.6494,261.9094,262.8497,257.6258,188.3859,49.9835,0.2653,1,1,136,1
1719,3,0,1,1,1,1,0.9933,0.9797,0.9419,0.8379,665.4012,389.5957,546.1205,392.6476,745.6396,562.7004,514.3186,552.3557,119.3197,231.5521,1.9406,0,0,0,0
1719,3,0,0,1,1,1,0.9883,0.9767,0.9225,0.886,1129.86,334.4099,972.4287,335.5148,1124.0917,332.6281,1083.5829,332.2229,157.4352,40.5108,0.2573,1,1,106,1
1720,3,0,2,1,1,1,0.9862,0.9906,0.8977,0.9096,377.4901,235.5807,189.8519,247.088,313.2064,263.2621,262.3222,259.309,187.9908,51.0375,0.2715,1,1,137,1
1720,3,0,1,1,1,1,0.9942,0.9808,0.9496,0.8486,656.0241,382.5503,537.2889,391.0212,735.5182,549.8995,511.4751,558.0321,119.037,224.1906,1.8834,0,0,0,0
1720,3,0,0,1,1,1,0.9879,0.976,0.922,0.8854,1128.3909,332.9435,972.8522,335.0094,1126.0359,333.7176,1084.6649,331.6862,155.5524,41.4208,0.2663,1,1,107,1
1721,3,0,2,1,1,1,0.9862,0.9906,0.8978,0.9096,377.4953,235.5808,189.8699,247.0818,313.1938,263.28,262.3414,259.3202,187.9776,51.0063,0.2713,1,1,138,1
1721,3,0,1,1,1,1,0.9942,0.9808,0.9495,0.8488,656.0287,382.5378,537.2773,391.0182,735.5249,549.9002,511.48,558.0067,119.0538,224.1916,1.8831,0,0,0,0
1721,3,0,0,1,1,1,0.9879,0.9761,0.922,0.8854,1128.4229,333.0293,972.8204,335.0392,1125.9657,333.5534,1084.7441,331.5363,155.6154,41.2709,0.2652,1,1,108,1
1722,3,0,2,1,1,1,0.9861,0.9906,0.897,0.9101,376.9373,236.0076,189.7244,247.0691,313.5339,262.4106,262.7572,258.5486,187.5394,50.9234,0.2715,1,1,139,1
1722,3,0,1,1,1,1,0.9937,0.9813,0.9463,0.8545,649.8863,373.9613,533.4724,385.7237,725.136,542.0014,508.5991,560.3012,117.0067,217.3087,1.8572,0,0,0,0
1722,3,0,0,1,1,1,0.9876,0.9768,0.9191,0.8872,1129.4692,333.4924,972.5252,335.4551,1127.1445,333.1378,1086.5569,329.8515,156.9563,40.7205,0.2594,1,1,109,1
1723,3,0,2,1,1,1,0.9861,0.9906,0.8967,0.9102,376.9636,235.9975,189.6685,247.0715,313.5715,262.489,262.7586,258.5142,187.6223,50.9681,0.2717,1,1,140,1
1723,3,0,1,1,1,1,0.9937,0.9813,0.9463,0.8545,649.875,373.9792,533.4598,385.7396,725.1455,541.9762,508.5786,560.3304,117.0077,217.3433,1.8575,0,0,0,0
1723,3,0,0,1,1,1,0.9877,0.9768,0.919,0.8871,1129.5892,333.5178,972.528,335.4893,1127.0618,333.2582,1086.5599,329.7982,157.0737,40.6494,0.2588,1,1,110,1
1724,3,0,2,1,1,1,0.986,0.9907,0.895,0.9095,376.5221,236.2592,190.3399,247.3515,314.4118,263.127,262.41,259.0094,186.5123,52.1646,0.2797,1,1,141,1
1724,3,0,1,1,1,1,0.9931,0.9823,0.9412,0.8614,646.6018,366.5262,532.734,377.2237,715.548,539.3933,509.2786,559.1414,114.3691,207.2126,1.8118,0,0,0,0
1724,3,0,0,1,1,1,0.988,0.9763,0.9218,0.8853,1128.9506,332.3906,973.1812,334.3002,1128.3351,333.0034,1087.9495,329.7128,155.7811,40.5195,0.2601,1,1,111,1
1725,3,0,2,1,1,1,0.986,0.9907,0.8949,0.9095,376.5058,236.2291,190.3303,247.336,314.4068,263.1325,262.4322,259.0036,186.5065,52.1384,0.2796,1,1,142,1
1725,3,0,1,1,1,1,0.9931,0.9823,0.941,0.8615,646.5686,366.5386,532.7586,377.2178,715.3924,539.2794,509.2886,559.1156,114.3099,207.0561,1.8114,0,0,0,0
1725,3,0,0,1,1,1,0.988,0.9763,0.9218,0.8854,1128.934,332.3837,973.1806,334.2903,1128.3306,332.962,1087.877,329.7925,155.765,40.5776,0.2605,1,1,112,1
1726,3,0,2,1,1,1,0.9862,0.9903,0.8972,0.907,376.1663,236.6445,190.3105,247.7134,314.733,263.8464,262.5526,259.8162,186.1851,52.3358,0.2811,1,1,143,1
1726,3,0,1,1,1,1,0.9913,0.9853,0.9302,0.8873,647.3019,358.9795,532.659,368.0587,706.1056,534.1454,510.8854,549.4594,115.0018,195.8199,1.7028,0,0,0,0
1726,3,0,0,1,1,1,0.9874,0.9768,0.9186,0.8877,1129.0262,331.8284,974.2177,333.7784,1130.7194,330.9326,1090.2686,328.5217,154.8209,40.5226,0.2617,1,1,113,1
1727,3,0,2,1,1,1,0.9862,0.9903,0.897,0.9072,376.2054,236.6428,190.296,247.7377,314.734,263.8634,262.5918,259.7286,186.2402,52.3059,0.2809,1,1,144,1
1727,3,0,1,1,1,1,0.9913,0.9854,0.9301,0.8875,647.2915,359.0165,532.6442,368.0651,706.1182,534.1616,510.8814,549.3756,115.0038,195.8286,1.7028,0,0,0,0
1727,3,0,0,1,1,1,0.9874,0.9768,0.9184,0.8879,1128.9872,331.8274,974.176,333.7964,1130.6821,330.9553,1090.2275,328.5786,154.8237,40.5243,0.2617,1,1,114,1
1728,3,0,2,1,1,1,0.9864,0.9903,0.8994,0.9074,376.2462,236.679,190.1495,248.0456,314.4492,264.161,261.8124,260.3118,186.4434,52.7773,0.2831,1,1,145,1
1728,3,0,0,1,1,1,0.9868,0.9773,0.9145,0.8898,1127.8195,331.8172,974.202,333.51,1135.0118,332.591,1093.2354,325.7091,153.6268,42.3395,0.2756,1,1,115,1
1728,3,0,1,1,1,1,0.992,0.9843,0.9377,0.8842,647.7477,354.8758,534.6328,362.202,693.4831,535.8131,512.273,542.8724,113.3519,181.3475,1.5999,0,0,0,0
1729,3,0,2,1,1,1,0.9863,0.9903,0.8995,0.9074,376.2898,236.6629,190.1659,248.0356,314.4642,264.1942,261.8172,260.3441,186.471,52.7876,0.2831,1,1,146,1
1729,3,0,0,1,1,1,0.9868,0.9773,0.9144,0.8898,1127.7677,331.8032,974.1959,333.5,1135.039,332.6015,1093.2347,325.6995,153.5812,42.3701,0.2759,1,1,116,1
1729,3,0,1,1,1,1,0.992,0.9843,0.9377,0.8841,647.7799,354.8754,534.6424,362.2059,693.5062,535.8183,512.2838,542.8679,113.3747,181.3594,1.5996,0,0,0,0
1730,3,0,2,1,1,1,0.9865,0.9905,0.899,0.9076,376.1304,235.7375,190.3019,247.73,315.0578,264.5107,261.2604,260.7742,186.2151,53.927,0.2896,1,1,147,1
1730,3,0,0,1,1,1,0.9865,0.9782,0.9132,0.8938,1128.2178,330.8245,976.0007,332.9328,1143.164,339.4808,1094.112,326.8092,152.2317,50.6622,0.3328,1,1,117,1
1730,3,0,1,1,1,1,0.9942,0.9856,0.9371,0.8766,648.4484,353.4595,537.7804,357.269,685.9282,537.3347,514.6697,541.373,110.7335,171.3062,1.547,0,0,0,0
1731,3,0,2,1,1,1,0.9865,0.9904,0.8995,0.9075,375.7566,235.675,190.2424,247.9245,315.2926,264.0639,261.1903,261.3219,185.9181,54.1717,0.2914,1,1,148,1
1731,3,0,0,1,1,1,0.9854,0.9791,0.9118,0.8971,1128.7544,331.5517,976.7437,335.5248,1156.7344,348.9276,1099.302,322.5751,152.0626,63.1897,0.4156,0,0,0,0
1731,3,0,1,1,1,1,0.9929,0.9869,0.9322,0.8831,652.1366,352.7731,538.3575,355.7659,679.9698,534.1446,513.5171,537.3498,113.8185,166.4836,1.4627,0,0,0,0
1732,3,0,2,1,1,1,0.9865,0.9904,0.8996,0.9075,375.7072,235.6945,190.1875,247.9298,315.2737,264.0258,261.138,261.3402,185.9227,54.2023,0.2915,1,1,149,1
1732,3,0,0,1,1,1,0.9854,0.9791,0.9119,0.8972,1128.7263,331.5504,976.7156,335.554,1156.866,349.0904,1099.3046,322.5701,152.0634,63.377,0.4168,0,0,0,0
1732,3,0,1,1,1,1,0.9929,0.9869,0.9322,0.883,652.1317,352.7756,538.3502,355.7702,679.947,534.1768,513.5002,537.4455,113.821,166.4789,1.4626,0,0,0,0
1733,3,0,2,1,1,1,0.9861,0.9901,0.9021,0.9097,375.7706,234.9385,190.7767,247.5687,315.1504,262.7118,262.4428,258.9932,185.4246,52.8387,0.285,1,1,150,1
1733,3,0,0,1,1,1,0.9856,0.9786,0.9085,0.8938,1133.7157,331.0322,979.3939,333.1703,1152.1674,335.1567,1104.8658,326.4789,154.3366,48.0909,0.3116,1,1,1,0
1733,3,0,1,1,1,1,0.9924,0.9884,0.9288,0.8943,655.4996,352.371,540.487,354.626,676.0742,528.3938,513.7984,537.1469,115.0347,162.5116,1.4127,0,0,0,0
1734,3,0,2,1,1,1,0.9861,0.9901,0.9022,0.9098,375.7615,234.9822,190.8021,247.5535,315.1954,262.7425,262.4618,258.9689,185.3861,52.8685,0.2852,1,1,151,1
1734,3,0,0,1,1,1,0.9856,0.9786,0.9085,0.8938,1133.7191,331.0275,979.3772,333.1849,1152.1512,335.19,1104.8784,326.468,154.357,48.0707,0.3114,1,1,2,0
1734,3,0,1,1,1,1,0.9924,0.9884,0.9288,0.8943,655.5036,352.3687,540.474,354.6261,676.1258,528.4534,513.812,537.1569,115.0517,162.547,1.4128,0,0,0,0
1735,3,0,2,1,1,1,0.9863,0.9902,0.9012,0.9087,374.7444,234.6171,190.6648,247.8823,314.3079,261.685,262.5425,257.771,184.5569,51.9132,0.2813,1,1,152,1
1735,3,0,0,1,1,1,0.9882,0.9751,0.925,0.872,1137.6187,328.4584,980.8011,332.4696,1164.6538,327.8004,1113.9799,322.2372,156.8688,50.9784,0.325,0,0,0,0
1735,3,0,1,1,1,1,0.9918,0.9895,0.9241,0.9026,659.4146,351.4387,543.42,354.7516,673.7735,522.0946,513.8004,532.8059,116.042,160.3313,1.3817,0,0,0,0
1736,3,0,2,1,1,1,0.9863,0.9902,0.9011,0.9087,374.7536,234.62,190.6621,247.8865,314.322,261.6984,262.5531,257.7321,184.5689,51.9206,0.2813,1,1,153,1
1736,3,0,0,1,1,1,0.9882,0.9751,0.925,0.8721,1137.6157,328.4685,980.7827,332.4888,1164.6501,327.8062,1113.9531,322.2449,156.8845,51.0011,0.3251,0,0,0,0
1736,3,0,1,1,1,1,0.9918,0.9895,0.9241,0.9026,659.4117,351.4449,543.4177,354.757,673.7934,522.0888,513.7997,532.8156,116.0412,160.3529,1.3819,0,0,0,0
1737,3,0,2,1,1,1,0.986,0.9902,0.8992,0.9083,375.1119,234.7762,190.5144,248.3208,315.224,262.7758,263.0548,257.263,185.0937,52.4597,0.2834,1,1,154,1
1737,3,0,0,1,1,1,0.9866,0.978,0.9126,0.8818,1141.516,329.0258,982.7825,331.1788,1176.6351,329.249,1126.128,318.0163,158.7481,51.7411,0.3259,0,0,0,0
1737,3,0,1,1,1,1,0.9917,0.9895,0.9233,0.9025,662.5921,352.0303,546.0404,354.2924,671.0326,520.5291,515.1422,532.0014,116.5736,156.3121,1.3409,0,0,0,0
1738,3,0,2,1,1,1,0.9861,0.9902,0.8992,0.9082,375.0896,234.8209,190.5376,248.3404,315.1982,262.7174,263.0195,257.3335,185.0465,52.4558,0.2835,1,1,155,1
1738,3,0,0,1,1,1,0.9866,0.978,0.9124,0.882,1141.4833,328.9314,982.8241,331.1469,1176.6876,328.9206,1126.2125,317.8787,158.6746,51.6688,0.3256,0,0,0,0
1738,3,0,1,1,1,1,0.9917,0.9896,0.9232,0.9026,662.5804,352.0233,546.0306,354.266,671.0102,520.5219,515.1099,532.11,116.5714,156.3303,1.3411,0,0,0,0
1739,3,0,0,1,1,1,0.9854,0.9802,0.8984,0.8872,1145.9603,333.9889,984.0227,331.2961,1190.3021,329.1723,1141.0023,315.4276,161.96,51.1799,0.316,0,0,0,0
1739,3,0,2,1,1,1,0.9859,0.9904,0.8985,0.9102,374.9082,233.8741,190.4539,247.8728,314.2464,260.9224,263.1172,255.4711,184.9847,51.4191,0.278,1,1,156,1
1739,3,0,1,1,1,1,0.9917,0.9895,0.9242,0.9021,664.4184,351.6124,547.769,353.5294,672.5278,519.107,515.572,529.8363,116.6651,157.3221,1.3485,0,0,0,0
1740,3,0,0,1,1,1,0.9872,0.9838,0.9003,0.8785,1144.46,339.6684,981.8907,335.7016,1199.8083,329.6884,1156.3369,314.2854,162.6176,46.1196,0.2836,0,0,0,0
1740,3,0,2,1,1,1,0.9857,0.9905,0.8946,0.9095,374.8031,233.6875,189.8296,247.314,313.2034,259.7269,262.8793,254.7439,185.4748,50.5703,0.2727,1,1,157,1
1740,3,0,1,1,1,1,0.9911,0.9899,0.918,0.9049,665.6784,351.5944,549.4173,353.3435,678.778,520.2482,515.3424,532.6428,116.2742,163.9049,1.4096,0,0,0,0
1741,3,0,0,1,1,1,0.9872,0.9838,0.9,0.8785,1144.5988,339.7194,981.8763,335.7582,1199.742,329.957,1156.6208,313.9053,162.7706,46.0118,0.2827,0,0,0,0
1741,3,0,2,1,1,1,0.9857,0.9905,0.8947,0.9095,374.8242,233.6686,189.8282,247.3086,313.258,259.7127,262.8779,254.7662,185.4982,50.6223,0.2729,1,1,158,1
1741,3,0,1,1,1,1,0.9911,0.9899,0.9181,0.9049,665.6638,351.6019,549.4059,353.3555,678.78,520.2256,515.367,532.6214,116.2712,163.8826,1.4095,0,0,0,0
1742,3,0,2,1,1,1,0.9858,0.9906,0.8983,0.9133,374.5274,233.7225,190.1882,246.9174,313.0823,258.0878,263.4706,254.3676,184.8108,49.751,0.2692,1,1,159,1
1742,3,0,0,1,1,1,0.9874,0.9843,0.8976,0.8758,1148.1846,339.4097,983.8425,335.7495,1206.1042,334.4237,1166.2756,308.8164,164.3828,47.3503,0.288,0,0,0,0
1742,3,0,1,1,1,1,0.9905,0.9904,0.9115,0.907,666.175,351.2114,550.3938,353.6236,683.0276,521.8657,515.9851,532.1604,115.8063,167.3595,1.4452,0,0,0,0
1743,3,0,2,1,1,1,0.9858,0.9906,0.898,0.9131,374.4758,233.7071,190.1792,246.8909,313.1138,258.0323,263.46,254.3918,184.7676,49.787,0.2695,1,1,160,1
1743,3,0,0,1,1,1,0.9874,0.9843,0.8977,0.8758,1148.1595,339.3946,983.8177,335.7362,1206.0991,334.403,1166.1853,308.8675,164.3825,47.3833,0.2883,0,0,0,0
1743,3,0,1,1,1,1,0.9905,0.9904,0.9115,0.9071,666.1401,351.1792,550.3817,353.6044,683.0327,521.7818,516.0004,532.1856,115.7838,167.356,1.4454,0,0,0,0
1744,3,0,0,1,1,1,0.9869,0.985,0.8904,0.8767,1148.9077,339.5875,984.4987,336.4346,1208.5522,341.4779,1167.612,311.08,164.4392,50.9915,0.3101,0,0,0,0
1744,3,0,2,1,1,1,0.9856,0.9905,0.8947,0.91,374.383,234.0952,189.7625,247.0856,313.2948,259.1509,262.9863,252.6795,185.077,50.723,0.2741,1,1,161,1
1744,3,0,1,1,1,1,0.9905,0.9909,0.9109,0.9106,666.03,350.4618,550.5276,353.0117,687.1203,522.9036,516.1952,531.2794,115.5306,171.1303,1.4813,0,0,0,0
1745,3,0,0,1,1,1,0.9869,0.985,0.8905,0.8767,1148.8533,339.5928,984.5054,336.4236,1208.6515,341.5541,1167.6399,311.0599,164.3785,51.1062,0.3109,0,0,0,0
1745,3,0,2,1,1,1,0.9857,0.9905,0.8947,0.9099,374.36,234.0998,189.7632,247.0809,313.2806,259.1448,263.0082,252.6907,185.0527,50.6851,0.2739,1,1,162,1
1745,3,0,1,1,1,1,0.9905,0.9908,0.9108,0.9105,666.0158,350.4563,550.5149,353.0224,687.1307,522.8993,516.2042,531.3142,115.5294,171.1335,1.4813,0,0,0,0
1746,3,0,0,1,1,1,0.9872,0.9847,0.8924,0.8735,1150.574,339.487,986.5722,337.2902,1209.3875,344.7332,1169.1111,311.5219,164.0165,52.2032,0.3183,0,0,0,0
1746,3,0,2,1,1,1,0.9858,0.9905,0.8962,0.9106,374.3254,234.841,189.3151,246.4798,311.3819,256.4926,263.0587,250.4903,185.376,48.6946,0.2627,1,1,163,1
1746,3,0,1,1,1,1,0.9899,0.9893,0.9233,0.913,666.1004,348.6865,549.6545,353.0122,693.3016,523.3712,516.8545,533.0044,116.5263,176.7098,1.5165,0,0,0,0
1747,3,0,0,1,1,1,0.9871,0.9851,0.8901,0.8746,1151.5754,339.3392,987.2101,337.9892,1207.5618,350.6488,1168.2446,311.7565,164.3708,55.3033,0.3365,0,0,0,0
1747,3,0,2,1,1,1,0.9863,0.9905,0.8984,0.9098,374.751,235.3152,189.8496,246.1884,311.5571,256.7086,260.8858,250.1897,185.2208,51.0889,0.2758,1,1,164,1
1747,3,0,1,1,1,1,0.9897,0.9894,0.921,0.9129,665.982,349.6468,548.9088,353.6038,693.9427,525.4796,517.4977,533.8695,117.14,176.6444,1.508,0,0,0,0
1748,3,0,0,1,1,1,0.9871,0.9851,0.8902,0.8746,1151.5978,339.352,987.2344,337.9973,1207.5317,350.6869,1168.2279,311.7711,164.369,55.3103,0.3365,0,0,0,0
1748,3,0,2,1,1,1,0.9863,0.9906,0.8984,0.9098,374.7402,235.2943,189.8507,246.1856,311.5553,256.688,260.8652,250.215,185.21,51.1017,0.2759,1,1,165,1
1748,3,0,1,1,1,1,0.9897,0.9894,0.921,0.9129,665.9882,349.66,548.9188,353.5884,693.9336,525.4986,517.5018,533.7766,117.1352,176.6259,1.5079,0,0,0,0
1749,3,0,0,1,1,1,0.9872,0.9849,0.8932,0.8747,1151.9703,338.6285,987.819,338.058,1205.7917,354.9514,1164.2909,314.4294,164.1524,58.003,0.3533,0,0,0,0
1749,3,0,2,1,1,1,0.9864,0.9907,0.8977,0.9098,375.0254,235.7472,190.2896,246.1602,311.5,256.1832,260.0853,249.8194,185.0291,51.8071,0.28,1,1,166,1
1749,3,0,1,1,1,1,0.9897,0.989,0.921,0.9101,666.1335,350.5523,548.6716,353.1796,692.6344,529.2088,518.1056,534.6534,117.4913,174.6138,1.4862,0,0,0,0
1750,3,0,0,1,1,1,0.9872,0.9849,0.8932,0.8746,1151.9136,338.653,987.8733,338.0166,1206.0244,354.8855,1164.2439,314.5375,164.0415,58.0825,0.3541,0,0,0,0
1750,3,0,2,1,1,1,0.9864,0.9907,0.8979,0.9097,374.9957,235.7948,190.2767,246.0985,311.5336,256.1956,260.0821,249.9012,185.0061,51.8351,0.2802,1,1,167,1
1750,3,0,1,1,1,1,0.9896,0.9891,0.9207,0.9105,666.0862,350.5953,548.6557,353.1316,692.6618,529.2588,518.1443,534.6864,117.4579,174.6018,1.4865,0,0,0,0
1751,3,0,0,1,1,1,0.9867,0.9851,0.8926,0.8798,1150.8549,338.9776,987.0867,338.1529,1202.832,340.2369,1160.2688,315.0904,163.7702,49.4365,0.3019,0,0,0,0
1751,3,0,2,1,1,1,0.9864,0.9904,0.8989,0.9089,374.7402,235.7633,189.942,245.6761,311.6346,256.824,259.6952,250.5508,185.0639,52.3168,0.2827,1,1,168,1
1751,3,0,1,1,1,1,0.9892,0.9895,0.9179,0.9137,665.8544,349.8312,548.2116,353.0161,694.7968,529.6502,518.3486,535.507,117.6859,176.5454,1.5001,0,0,0,0
1752,3,0,0,1,1,1,0.9867,0.985,0.8927,0.8797,1150.8492,338.9618,987.0801,338.1248,1202.8938,339.9922,1160.2075,315.204,163.7713,49.3617,0.3014,0,0,0,0
1752,3,0,2,1,1,1,0.9864,0.9904,0.8989,0.9088,374.736,235.772,189.9127,245.6636,311.6251,256.7958,259.6124,250.6055,185.0878,52.3798,0.283,1,1,169,1
1752,3,0,1,1,1,1,0.9892,0.9895,0.9178,0.9137,665.8432,349.8513,548.2254,353.0046,694.7573,529.6656,518.3504,535.4984,117.6601,176.5034,1.5001,0,0,0,0
1753,3,0,0,1,1,1,0.9871,0.9848,0.9003,0.8841,1147.6278,337.1841,987.1288,337.3995,1192.9834,324.0791,1144.4609,319.89,160.4992,48.703,0.3034,0,0,0,0
1753,3,0,2,1,1,1,0.9862,0.9904,0.8999,0.9112,374.9563,235.54,189.9532,245.175,311.428,256.6208,260.0398,250.6658,185.2538,51.7321,0.2792,1,1,170,1
1753,3,0,1,1,1,1,0.9895,0.989,0.9203,0.911,665.4306,351.2037,547.3932,353.0116,694.9551,530.4798,518.3154,535.855,118.0513,176.7214,1.497,0,0,0,0
1754,3,0,0,1,1,1,0.9871,0.9848,0.9003,0.884,1147.5895,337.2122,987.1479,337.4014,1192.9512,324.2883,1144.3572,320.0574,160.4417,48.7778,0.304,0,0,0,0
1754,3,0,2,1,1,1,0.9861,0.9904,0.9,0.9111,374.9679,235.5362,189.9577,245.1472,311.4212,256.6297,260.0134,250.7051,185.2596,51.7481,0.2793,1,1,171,1
1754,3,0,1,1,1,1,0.9895,0.989,0.9203,0.9111,665.4291,351.2233,547.3915,353.0134,694.9574,530.502,518.3362,535.8506,118.0512,176.7021,1.4968,0,0,0,0
1755,3,0,2,1,1,1,0.986,0.9902,0.9005,0.911,375.2147,235.4676,189.3246,244.9728,310.4326,255.3374,258.9278,249.8129,186.1329,51.8003,0.2783,1,1,172,1
1755,3,0,1,1,1,1,0.9895,0.9895,0.9202,0.9134,664.6704,350.6198,547.1934,353.3603,696.5234,528.735,517.5686,536.2378,117.5091,179.112,1.5242,0,0,0,0
1755,3,0,0,1,1,1,0.9882,0.9795,0.9188,0.8785,1147.9784,331.1272,988.1897,337.2464,1168.4545,326.5891,1108.3798,324.0784,159.9058,60.1272,0.376,1,1,1,0
1756,3,0,2,1,1,1,0.9863,0.9902,0.8992,0.9084,375.6821,235.3386,188.6599,245.3848,311.1344,256.7666,258.0947,250.906,187.2919,53.3625,0.2849,1,1,173,1
1756,3,0,1,1,1,1,0.9892,0.9894,0.9187,0.9139,664.544,351.0534,547.1066,352.9973,696.1817,528.9958,517.4234,536.4206,117.4536,178.9125,1.5233,0,0,0,0
1756,3,0,0,1,1,1,0.9846,0.9816,0.8981,0.898,1144.9341,329.9169,991.2133,339.1481,1157.6488,354.7077,1085.6365,325.206,153.9977,77.8211,0.5053,1,0,0,0
1757,3,0,2,1,1,1,0.9863,0.9902,0.8992,0.9084,375.6592,235.3312,188.6456,245.348,311.171,256.8188,258.1426,250.9613,187.2817,53.3509,0.2849,1,1,174,1
1757,3,0,1,1,1,1,0.9893,0.9894,0.9188,0.9138,664.5447,351.0452,547.0999,352.9807,696.173,528.999,517.4494,536.3662,117.4607,178.8754,1.5229,0,0,0,0
1757,3,0,0,1,1,1,0.9846,0.9816,0.8981,0.8981,1144.9291,329.916,991.2424,339.1792,1157.6559,354.7208,1085.4952,325.2946,153.9656,77.9298,0.5062,1,0,0,0
1758,3,0,2,1,1,1,0.986,0.9904,0.8988,0.9118,376.1257,234.9396,188.5447,245.8454,310.5815,256.9696,258.3864,250.5072,187.8978,52.5936,0.2799,1,1,175,1
1758,3,0,1,1,1,1,0.9893,0.9895,0.9194,0.9143,664.1328,351.1574,546.7644,352.8938,695.755,529.6442,517.387,536.4038,117.3813,178.4961,1.5207,0,0,0,0
1758,3,0,0,1,1,1,0.9879,0.9819,0.9194,0.8925,1142.3285,329.6502,989.7078,343.9734,1136.4099,345.193,1061.7571,334.0601,153.2913,75.4784,0.4924,1,1,1,0
1759,3,0,2,1,1,1,0.986,0.9904,0.8988,0.9116,376.1373,234.9258,188.5703,245.8102,310.6115,256.9972,258.35,250.5015,187.8825,52.6637,0.2803,1,1,176,1
1759,3,0,1,1,1,1,0.9893,0.9895,0.9192,0.9143,664.1464,351.1828,546.7582,352.925,695.7378,529.6625,517.3756,536.4215,117.401,178.4903,1.5203,0,0,0,0
1759,3,0,0,1,1,1,0.9878,0.9818,0.9193,0.8926,1142.1844,329.6274,989.6832,343.9962,1136.3153,345.1816,1061.8063,333.9716,153.1766,75.3476,0.4919,1,1,2,0
1760,3,0,2,1,1,1,0.9856,0.9905,0.8972,0.9129,376.2276,234.2122,188.3081,245.5185,310.194,257.3654,258.6706,250.0628,188.2593,52.0383,0.2764,1,1,177,1
1760,3,0,1,1,1,1,0.9897,0.9894,0.9215,0.9133,663.6875,351.7324,546.442,352.9096,695.7474,531.3756,516.8504,536.5316,117.2515,178.9714,1.5264,0,0,0,0
1760,3,0,0,1,1,1,0.9864,0.9846,0.9237,0.8963,1144.7434,328.1223,988.549,351.2583,1101.4385,336.744,1039.0393,329.826,157.8986,62.7815,0.3976,1,1,3,0
1761,3,0,2,1,1,1,0.9857,0.9905,0.8973,0.9128,376.2047,234.203,188.3123,245.5489,310.209,257.3723,258.7247,250.0112,188.2346,52.0079,0.2763,1,1,178,1
1761,3,0,1,1,1,1,0.9897,0.9893,0.9213,0.9132,663.7404,351.7731,546.4561,352.9549,695.745,531.345,516.8097,536.5254,117.2903,179.0102,1.5262,0,0,0,0
1761,3,0,0,1,1,1,0.9865,0.9847,0.9237,0.8963,1144.5352,328.2011,988.3645,351.3298,1101.4128,336.784,1038.9551,329.7971,157.874,62.8473,0.3981,1,1,4,0
1762,3,0,2,1,1,1,0.9858,0.9908,0.8944,0.9125,376.295,233.5134,188.9065,245.7052,310.5024,257.5362,258.5593,250.1788,187.7847,52.4616,0.2794,1,1,179,1
1762,3,0,1,1,1,1,0.9907,0.9904,0.9122,0.9064,662.9544,353.0002,547.2228,353.3675,695.2294,529.7473,516.1039,534.7394,115.7322,179.195,1.5484,0,0,0,0
1762,3,0,0,1,1,1,0.9876,0.9808,0.9353,0.8804,1143.7625,326.689,989.51,351.9725,1086.2015,335.2676,1028.7212,326.3998,156.3108,58.1604,0.3721,1,1,5,0
1763,3,0,2,1,1,1,0.9858,0.9908,0.8944,0.9125,376.2716,233.5159,188.9041,245.7174,310.503,257.5219,258.5258,250.2203,187.7643,52.4875,0.2795,1,1,180,1
1763,3,0,1,1,1,1,0.9907,0.9904,0.9121,0.9064,662.9524,352.9974,547.2124,353.3684,695.2433,529.7446,516.0981,534.7536,115.7406,179.2152,1.5484,0,0,0,0
1763,3,0,0,1,1,1,0.9875,0.9808,0.9352,0.8805,1143.738,326.673,989.4962,351.9571,1086.2343,335.3251,1028.7378,326.3721,156.3005,58.1893,0.3723,1,1,6,1
1764,3,0,2,1,1,1,0.9852,0.9906,0.8932,0.9131,375.8982,233.9342,187.111,245.2851,310.2194,258.9642,257.5552,252.0838,189.1281,53.1117,0.2808,1,1,181,1
1764,3,0,1,1,1,1,0.9913,0.9902,0.9182,0.9044,662.0596,352.5298,546.1809,353.4484,695.361,528.5188,515.056,533.9878,115.8824,180.388,1.5566,0,0,0,0
1764,3,0,0,1,1,1,0.9866,0.9813,0.932,0.8863,1142.5552,327.6227,985.9771,351.2462,1071.387,324.5229,1023.7667,323.8912,158.3502,47.6244,0.3008,1,1,7,1
1765,3,0,2,1,1,1,0.9852,0.9906,0.8931,0.9131,375.8906,233.9276,187.1014,245.283,310.2315,258.9469,257.5551,252.091,189.1304,53.1206,0.2809,1,1,182,1
1765,3,0,1,1,1,1,0.9913,0.9902,0.9182,0.9045,662.0752,352.531,546.1846,353.4552,695.3696,528.5326,515.0059,533.9668,115.8943,180.4456,1.557,0,0,0,0
1765,3,0,0,1,1,1,0.9867,0.9813,0.9321,0.8863,1142.525,327.6242,985.9642,351.2517,1071.374,324.5192,1023.7527,323.875,158.3336,47.6257,0.3008,1,1,8,1
1766,3,0,2,1,1,1,0.9858,0.9905,0.8959,0.9119,375.5617,234.0103,186.7069,245.4656,309.5108,260.3174,256.2529,254.619,189.2019,53.5619,0.2831,1,1,183,1
1766,3,0,1,1,1,1,0.9917,0.9897,0.9214,0.8999,660.4778,352.3655,544.6836,353.2922,694.6948,528.3106,514.1839,535.0246,115.7979,180.6357,1.5599,0,0,0,0
1766,3,0,0,1,1,1,0.986,0.983,0.9247,0.8896,1141.4076,326.7437,984.0132,350.5178,1064.6176,325.732,1018.8154,324.1196,159.1797,45.8305,0.2879,1,1,9,1
1767,3,0,2,1,1,1,0.9855,0.9905,0.8945,0.9123,375.7712,233.8252,186.3307,245.6507,308.9292,262.0097,255.0957,255.777,189.8092,54.193,0.2855,1,1,184,1
1767,3,0,1,1,1,1,0.9917,0.9896,0.9204,0.899,659.8504,352.9719,543.3284,353.2201,692.2788,530.0574,513.5584,534.6536,116.5223,178.7794,1.5343,0,0,0,0
1767,3,0,0,1,1,1,0.9858,0.9778,0.9137,0.8657,1140.2112,326.8076,988.6257,347.7406,1064.0223,332.813,1014.6852,327.3194,153.024,49.6421,0.3244,1,1,10,1
1768,3,0,2,1,1,1,0.9855,0.9906,0.8945,0.9122,375.7674,233.8195,186.3199,245.6446,308.9169,261.9924,255.1086,255.7826,189.8162,54.1654,0.2854,1,1,185,1
1768,3,0,1,1,1,1,0.9917,0.9896,0.9203,0.899,659.8388,352.9738,543.3269,353.2252,692.3042,530.0608,513.56,534.6412,116.5122,178.8028,1.5346,0,0,0,0
1768,3,0,0,1,1,1,0.9858,0.9778,0.9138,0.8658,1140.2441,326.8043,988.6495,347.7445,1063.9946,332.8031,1014.6827,327.3262,153.0341,49.6152,0.3242,1,1,11,1
1769,3,0,2,1,1,1,0.9856,0.9904,0.8946,0.9102,375.5916,234.0524,186.0711,245.4473,307.4822,260.9136,255.8616,253.9827,189.8628,52.0838,0.2743,1,1,186,1
1769,3,0,1,1,1,1,0.9918,0.9897,0.921,0.8989,659.3567,353.0864,542.6668,353.4958,689.0515,532.0532,512.161,536.4037,116.6906,176.9439,1.5164,0,0,0,0
1769,3,0,0,1,1,1,0.9854,0.9802,0.9283,0.8842,1140.7366,326.7089,983.4403,348.846,1066.0201,334.2382,1013.2297,331.0646,158.8463,52.8857,0.3329,1,1,12,1
1770,3,0,2,1,1,1,0.9856,0.9904,0.8945,0.9101,375.5666,234.0753,186.0194,245.4382,307.4541,260.879,255.8923,253.9269,189.8875,52.0284,0.274,1,1,187,1
1770,3,0,1,1,1,1,0.9918,0.9897,0.9211,0.8989,659.3499,353.0854,542.656,353.505,689.025,532.0412,512.1775,536.423,116.6946,176.9018,1.5159,0,0,0,0
1770,3,0,0,1,1,1,0.9855,0.9802,0.9283,0.8843,1140.7262,326.7276,983.3882,348.8567,1065.9825,334.305,1013.1622,331.3068,158.8866,52.9053,0.333,1,1,13,1
1771,3,0,2,1,1,1,0.986,0.9907,0.8941,0.9113,375.6706,233.8599,186.345,245.2726,307.7804,262.3617,254.6475,255.0402,189.6694,53.635,0.2828,1,1,188,1
1771,3,0,1,1,1,1,0.9914,0.9896,0.9178,0.8988,658.8392,353.2489,541.883,353.5976,686.2312,532.9076,511.3004,536.231,116.9567,174.9624,1.496,0,0,0,0
1771,3,0,0,1,1,1,0.9884,0.9772,0.9346,0.8678,1138.4824,329.1314,982.6639,348.3639,1066.3387,336.4648,1014.9338,332.4251,157.0009,51.5635,0.3284,1,1,14,1
1772,3,0,2,1,1,1,0.986,0.9907,0.8943,0.9114,375.6835,233.8544,186.3616,245.2667,307.7654,262.356,254.6459,255.0392,189.6656,53.6211,0.2827,1,1,189,1
1772,3,0,1,1,1,1,0.9915,0.9896,0.9178,0.8988,658.8368,353.2319,541.8578,353.607,686.219,532.8863,511.2797,536.273,116.9795,174.972,1.4957,0,0,0,0
1772,3,0,0,1,1,1,0.9884,0.9771,0.9347,0.8672,1138.686,329.102,982.8668,348.3874,1066.3285,336.306,1014.9463,332.4196,157.0081,51.529,0.3282,1,1,15,1
1773,3,0,2,1,1,1,0.9855,0.9908,0.8928,0.9125,376.0139,233.1563,186.4374,245.3674,306.465,260.176,255.3353,253.2998,189.9694,51.5901,0.2716,1,1,190,1
1773,3,0,1,1,1,1,0.9913,0.9898,0.9158,0.8992,658.6682,353.9302,541.3828,354.0274,683.6408,533.6214,510.319,539.6222,117.2854,173.4256,1.4787,0,0,0,0
1773,3,0,0,1,1,1,0.9859,0.9808,0.9284,0.8855,1139.0188,327.3866,981.061,349.3438,1065.2354,335.2743,1013.6325,331.6462,159.4766,51.7302,0.3244,1,1,16,1
1774,3,0,2,1,1,1,0.9856,0.9908,0.8928,0.9125,375.9912,233.1736,186.4451,245.411,306.5146,260.182,255.3148,253.3375,189.9407,51.6553,0.272,1,1,191,1
1774,3,0,1,1,1,1,0.9914,0.9898,0.9161,0.899,658.6764,353.9422,541.4168,354.0303,683.6811,533.6114,510.2352,539.5685,117.2597,173.5482,1.48,0,0,0,0
1774,3,0,0,1,1,1,0.9859,0.9808,0.9284,0.8855,1139.0629,327.3592,981.0408,349.3356,1065.2482,335.162,1013.6835,331.6867,159.5429,51.6817,0.3239,1,1,17,1
1775,3,0,2,1,1,1,0.9855,0.9907,0.8933,0.9133,376.3897,233.5902,186.2857,245.808,306.079,259.2515,254.2856,253.7283,190.4962,52.0871,0.2734,1,1,192,1
1775,3,0,1,1,1,1,0.9917,0.9895,0.9192,0.8969,657.9272,353.4662,540.7837,354.3094,682.9688,533.3824,509.2909,538.2516,117.1465,173.7462,1.4832,0,0,0,0
1775,3,0,0,1,1,1,0.987,0.9811,0.9331,0.8843,1138.7689,329.5053,980.8759,350.8122,1065.191,336.6202,1016.4335,331.9655,159.3242,48.9792,0.3074,1,1,18,1
1776,3,0,2,1,1,1,0.9859,0.9906,0.8969,0.9125,376.6158,234.554,186.5115,246.6566,306.0534,259.952,252.8283,255.1915,190.4891,53.4375,0.2805,1,1,193,1
1776,3,0,1,1,1,1,0.9917,0.9896,0.9183,0.8965,658.1232,353.971,540.5421,354.0843,680.872,534.1101,508.0718,539.211,117.5811,172.8755,1.4703,0,0,0,0
1776,3,0,0,1,1,1,0.9871,0.9814,0.9335,0.8856,1138.472,329.6278,980.6355,350.972,1066.4038,337.581,1017.1121,332.7682,159.2732,49.5261,0.311,1,1,19,1
1777,3,0,2,1,1,1,0.9859,0.9905,0.8969,0.9125,376.6295,234.5114,186.5288,246.617,306.0688,259.9616,252.7843,255.2295,190.4857,53.4942,0.2808,1,1,194,1
1777,3,0,1,1,1,1,0.9917,0.9896,0.9183,0.8965,658.0678,353.994,540.523,354.0851,680.8838,534.1844,508.0496,539.2772,117.5447,172.9093,1.471,0,0,0,0
1777,3,0,0,1,1,1,0.9871,0.9814,0.9336,0.8857,1138.5211,329.6401,980.7094,350.9798,1066.5011,337.6076,1017.2216,332.717,159.248,49.5216,0.311,1,1,20,1
1778,3,0,2,1,1,1,0.9862,0.9903,0.8997,0.9118,377.0588,234.8204,187.0768,245.9832,306.2667,261.5335,252.4506,255.9722,190.3096,54.1027,0.2843,1,1,195,1
1778,3,0,1,1,1,1,0.9914,0.9894,0.9165,0.8961,657.3513,353.8474,540.3599,353.612,680.3694,533.9958,507.2138,537.204,116.9916,173.1853,1.4803,0,0,0,0
1778,3,0,0,1,1,1,0.9872,0.9824,0.932,0.8887,1137.4788,329.49,979.4342,350.8349,1066.3877,337.5411,1017.8448,332.0241,159.4794,48.8553,0.3063,1,1,21,1
1779,3,0,2,1,1,1,0.9861,0.9903,0.8997,0.9118,377.0487,234.8368,187.0837,245.9769,306.2713,261.5432,252.4607,255.9816,190.2913,54.0973,0.2843,1,1,196,1
1779,3,0,1,1,1,1,0.9914,0.9894,0.9165,0.8958,657.3308,353.8634,540.3338,353.6488,680.3759,534.0346,507.1994,537.26,116.9973,173.2065,1.4804,0,0,0,0
1779,3,0,0,1,1,1,0.9872,0.9824,0.9319,0.8887,1137.461,329.5031,979.4156,350.849,1066.4276,337.555,1017.8132,331.9938,159.4804,48.9314,0.3068,1,1,22,1
1780,3,0,2,1,1,1,0.9861,0.9903,0.9012,0.9129,377.9292,235.296,187.7996,246.1528,304.7632,260.9964,252.9875,255.2492,190.4393,52.0937,0.2735,1,1,197,1
1780,3,0,1,1,1,1,0.9914,0.9897,0.9162,0.8977,657.2104,353.2218,540.0662,353.3,679.8904,533.606,506.5954,538.9743,117.1443,173.3781,1.48,0,0,0,0
1780,3,0,0,1,1,1,0.9871,0.9822,0.9315,0.8878,1137.3962,329.7744,978.9648,350.887,1068.0627,337.6716,1018.5979,330.3149,159.832,50.0089,0.3129,1,1,23,1
1781,3,0,2,1,1,1,0.9863,0.9901,0.9015,0.9104,378.4049,235.385,187.8226,245.957,303.0947,259.7218,253.101,254.6527,190.8753,50.25,0.2633,1,1,198,1
1781,3,0,1,1,1,1,0.9915,0.9895,0.9167,0.8965,656.9988,353.2544,539.552,353.0014,680.0614,533.9766,506.5413,537.5899,117.447,173.5577,1.4778,0,0,0,0
1781,3,0,0,1,1,1,0.9875,0.9821,0.9325,0.8865,1136.4784,329.2559,978.2314,350.027,1068.026,339.109,1018.9282,330.6609,159.6044,49.8193,0.3121,1,1,24,1
1782,3,0,2,1,1,1,0.9863,0.9901,0.9015,0.9104,378.4401,235.3328,187.8216,245.9654,303.1033,259.7121,253.0875,254.6778,190.9148,50.2685,0.2633,1,1,199,1
1782,3,0,1,1,1,1,0.9915,0.9895,0.9168,0.8966,657.013,353.2688,539.5608,353.0187,680.0626,534.001,506.5426,537.5658,117.4525,173.5566,1.4777,0,0,0,0
1782,3,0,0,1,1,1,0.9875,0.9821,0.9325,0.8865,1136.486,329.2604,978.2446,350.0196,1068.0162,339.0946,1018.9324,330.6724,159.5973,49.8012,0.312,1,1,25,1
1783,3,0,2,1,1,1,0.9863,0.9899,0.9024,0.9099,378.2683,235.5872,187.4004,246.0132,304.2714,260.8893,252.8714,256.0679,191.1524,51.6256,0.2701,1,1,200,1
1783,3,0,1,1,1,1,0.9913,0.9896,0.9142,0.8962,656.7616,353.4645,539.2062,353.0025,680.4794,535.2148,506.2554,538.0466,117.5564,174.247,1.4822,0,0,0,0
1783,3,0,0,1,1,1,0.9875,0.9821,0.9332,0.8867,1136.6187,329.4993,978.4105,350.3166,1069.1626,339.3864,1019.2731,330.5454,159.5719,50.6668,0.3175,1,1,26,1
1784,3,0,2,1,1,1,0.9863,0.99,0.9024,0.9099,378.2644,235.5688,187.3921,245.995,304.2921,260.8659,252.8708,256.083,191.1569,51.6433,0.2702,1,1,201,1
1784,3,0,1,1,1,1,0.9913,0.9895,0.9143,0.8962,656.7651,353.4653,539.1898,353.0175,680.4928,535.2246,506.3466,538.1552,117.5762,174.1708,1.4813,0,0,0,0
1784,3,0,0,1,1,1,0.9875,0.9821,0.9332,0.8867,1136.6163,329.5079,978.3976,350.3474,1069.1609,339.4178,1019.2974,330.5545,159.5853,50.6451,0.3174,1,1,27,1
1785,3,0,2,1,1,1,0.9867,0.99,0.9023,0.9076,378.6166,235.6243,188.0365,246.1554,303.2761,259.6739,252.3952,255.2792,190.8709,51.0703,0.2676,1,1,202,1
1785,3,0,1,1,1,1,0.9914,0.9896,0.9147,0.8967,656.4685,353.5309,539.2643,352.5458,680.8349,535.5136,507.0706,536.8495,117.2084,173.7694,1.4826,0,0,0,0
1785,3,0,0,1,1,1,0.9876,0.9823,0.9328,0.8867,1136.2589,329.2182,977.7763,350.1417,1069.4493,340.8436,1019.3867,331.4352,159.8578,50.9391,0.3187,1,1,28,1
1786,3,0,2,1,1,1,0.9867,0.99,0.9023,0.9076,378.6275,235.6624,188.0491,246.1656,303.2846,259.6743,252.4,255.3062,190.8676,51.0718,0.2676,1,1,203,1
1786,3,0,1,1,1,1,0.9914,0.9896,0.9148,0.8968,656.4674,353.537,539.2606,352.5592,680.8306,535.5012,507.0954,536.8266,117.2109,173.7403,1.4823,0,0,0,0
1786,3,0,0,1,1,1,0.9876,0.9823,0.9329,0.887,1136.2367,329.2312,977.7235,350.1582,1069.4801,340.823,1019.4468,331.4966,159.8886,50.8951,0.3183,1,1,29,1
1787,3,0,2,1,1,1,0.9868,0.9896,0.9063,0.9072,378.3334,236.5594,187.4564,246.3367,303.6992,260.3128,252.0474,256.3026,191.1272,51.8071,0.2711,1,1,204,1
1787,3,0,1,1,1,1,0.9915,0.9895,0.9164,0.8963,656.073,353.6665,539.081,352.7404,681.7766,535.3798,507.5962,537.6214,116.9956,174.1949,1.4889,0,0,0,0
1787,3,0,0,1,1,1,0.9875,0.9822,0.9331,0.8874,1136.106,329.984,977.4927,350.9891,1069.3881,343.4489,1018.3547,336.144,159.9981,51.5535,0.3222,1,1,30,1
1788,3,0,2,1,1,1,0.9868,0.9895,0.9064,0.9072,378.2634,236.6792,187.402,246.4017,303.5824,260.1934,252.0253,256.1746,191.1089,51.7135,0.2706,1,1,205,1
1788,3,0,1,1,1,1,0.9915,0.9895,0.9161,0.8964,656.0816,353.6736,539.0244,352.7537,681.719,535.4048,507.5848,537.5854,117.0609,174.1477,1.4877,0,0,0,0
1788,3,0,0,1,1,1,0.9875,0.9821,0.933,0.8872,1136.0984,330.0652,977.5142,351.0173,1069.464,343.4382,1018.3808,336.2227,159.9623,51.5903,0.3225,1,1,31,1
1789,3,0,2,1,1,1,0.9869,0.9896,0.9064,0.9072,377.7341,236.5071,187.7358,246.7752,304.2798,261.1399,252.9629,255.2349,190.2756,51.6555,0.2715,1,1,206,1
1789,3,0,1,1,1,1,0.9913,0.9898,0.9147,0.8986,656.1415,353.1304,539.3502,352.67,683.0724,533.7104,507.654,537.0282,116.7922,175.4499,1.5022,0,0,0,0
1789,3,0,0,1,1,1,0.9867,0.9807,0.9318,0.8818,1137.5605,331.5547,978.235,352.1364,1067.4829,345.24,1017.3466,341.4794,160.6494,50.2771,0.313,1,1,32,1
1790,3,0,2,1,1,1,0.9871,0.9899,0.9053,0.9075,377.3197,236.6102,187.0469,246.5232,304.0527,261.8458,252.8906,255.5286,190.5309,51.5506,0.2706,1,1,207,1
1790,3,0,1,1,1,1,0.9915,0.9896,0.9163,0.8974,656.2577,353.0998,538.8518,352.8618,682.889,534.2348,508.4709,537.3076,117.4062,174.4452,1.4858,0,0,0,0
1790,3,0,0,1,1,1,0.9872,0.9815,0.9303,0.8803,1137.6135,332.1492,976.3293,352.8009,1063.771,345.2907,1018.9889,341.5502,162.601,44.9381,0.2764,1,1,33,1
1791,3,0,2,1,1,1,0.9871,0.9899,0.9054,0.9075,377.3156,236.6193,187.0535,246.5488,304.0292,261.827,252.906,255.5205,190.521,51.5107,0.2704,1,1,208,1
1791,3,0,1,1,1,1,0.9915,0.9896,0.9163,0.8974,656.2477,353.1108,538.8842,352.8471,682.9248,534.2318,508.4657,537.2082,117.3638,174.4844,1.4867,0,0,0,0
1791,3,0,0,1,1,1,0.9872,0.9815,0.9303,0.8804,1137.6077,332.125,976.3298,352.7874,1063.7587,345.3046,1019.0037,341.5717,162.5961,44.9104,0.2762,1,1,34,1
1792,3,0,2,1,1,1,0.9872,0.99,0.9058,0.9083,376.793,235.873,187.3105,246.9319,303.3579,261.299,252.9671,254.9711,189.805,50.7865,0.2676,1,1,209,1
1792,3,0,1,1,1,1,0.9916,0.9895,0.9175,0.8965,656.093,353.7212,539.2484,352.9899,682.524,534.4116,508.5416,536.7874,116.8468,173.9987,1.4891,0,0,0,0
1792,3,0,0,1,1,1,0.9878,0.9833,0.9235,0.8742,1137.3715,331.495,973.8234,354.0378,1060.5101,368.5151,1021.7611,347.6383,165.0943,44.0151,0.2666,1,1,35,1
1793,3,0,2,1,1,1,0.9872,0.99,0.9057,0.9083,376.7985,235.866,187.3065,246.9347,303.3532,261.2903,252.9706,254.9559,189.815,50.7792,0.2675,1,1,210,1
1793,3,0,1,1,1,1,0.9916,0.9895,0.9175,0.8965,656.0951,353.7228,539.2582,352.9959,682.5292,534.4466,508.5518,536.7853,116.8391,173.9931,1.4892,0,0,0,0
1793,3,0,0,1,1,1,0.9878,0.9832,0.9235,0.874,1137.3558,331.5256,973.8115,354.0268,1060.5557,368.5708,1021.7327,347.7568,165.085,44.0506,0.2668,1,1,36,1
1794,3,0,2,1,1,1,0.9872,0.9901,0.9039,0.9068,376.4559,235.8795,186.9278,246.987,303.3635,261.3116,252.7314,255.274,189.8533,50.9908,0.2686,1,1,211,1
1794,3,0,1,1,1,1,0.9917,0.9894,0.9184,0.8952,656.2531,353.3935,539.2694,352.8085,683.2162,534.1634,508.531,537.1357,116.9852,174.7105,1.4934,0,0,0,0
1794,3,0,0,1,1,1,0.9913,0.976,0.9365,0.8285,1135.1018,334.3756,971.129,353.5985,1046.9115,413.5139,1030.8627,397.9323,165.0958,22.3685,0.1355,1,1,37,1
1795,3,0,2,1,1,1,0.9872,0.9901,0.9037,0.9068,376.468,235.8487,186.9291,246.9885,303.3621,261.3292,252.7346,255.2787,189.8659,50.9878,0.2685,1,1,212,1
1795,3,0,1,1,1,1,0.9917,0.9894,0.9182,0.8953,656.2625,353.3873,539.2534,352.8078,683.2185,534.1343,508.4714,537.1139,117.0105,174.7725,1.4936,0,0,0,0
1795,3,0,0,1,1,1,0.9913,0.976,0.9365,0.8285,1135.099,334.3668,971.0887,353.6055,1046.89,413.7826,1031.0625,397.8937,165.1348,22.427,0.1358,1,1,38,1
1796,3,0,2,1,1,1,0.9866,0.9899,0.9047,0.9094,376.0558,236.5253,186.6341,247.4462,304.3357,262.22,252.7202,255.9068,189.7363,52.0002,0.2741,1,1,213,1
1796,3,0,1,1,1,1,0.9916,0.9894,0.9178,0.8959,656.6184,353.552,539.0734,353.2954,683.797,534.0752,509.0144,539.3359,117.5452,174.8617,1.4876,0,0,0,0
1796,3,0,0,1,1,1,0.9916,0.972,0.9297,0.7824,1135.4495,336.7346,965.0074,354.4378,1020.9509,437.4741,1067.9467,419.9176,171.3589,50.168,0.2928,1,1,39,1
1797,3,0,2,1,1,1,0.9866,0.9899,0.9047,0.9093,376.0384,236.5173,186.6439,247.3921,304.3203,262.2098,252.7447,255.8736,189.7065,51.9634,0.2739,1,1,214,1
1797,3,0,1,1,1,1,0.9916,0.9894,0.9177,0.896,656.6087,353.54,539.0236,353.304,683.753,534.1362,509.0362,539.3404,117.5853,174.7943,1.4865,0,0,0,0
1797,3,0,0,1,1,1,0.9916,0.972,0.9298,0.7824,1135.4467,336.7522,965.0083,354.4284,1020.9411,437.4958,1067.9042,419.9686,171.3525,50.1271,0.2925,1,1,40,1
1798,3,0,2,1,1,1,0.9872,0.99,0.9044,0.9068,376.1346,236.8316,186.5483,248.1712,303.0575,262.3758,252.9908,256.3021,189.9251,50.4337,0.2655,1,1,215,1
1798,3,0,1,1,1,1,0.9916,0.9896,0.9172,0.8978,656.2144,353.3972,539.0786,353.233,683.3359,533.7418,509.1109,538.0931,117.1359,174.2793,1.4878,0,0,0,0
1798,3,0,0,1,1,1,0.9912,0.9771,0.9206,0.8022,1133.0365,339.913,965.6195,351.9522,1039.8811,474.5936,1066.9943,473.7418,167.8493,27.1265,0.1616,1,1,41,1
1799,3,0,2,1,1,1,0.9872,0.99,0.9044,0.9067,376.1447,236.8255,186.5639,248.1684,303.0716,262.4047,252.9938,256.3192,189.9198,50.4462,0.2656,1,1,216,1
1799,3,0,1,1,1,1,0.9916,0.9896,0.9172,0.8978,656.2144,353.395,539.0856,353.2328,683.3354,533.7583,509.1169,538.0766,117.1289,174.272,1.4879,0,0,0,0
1799,3,0,0,1,1,1,0.9912,0.9771,0.9206,0.8022,1133.0422,339.9146,965.6042,351.9507,1039.8474,474.5688,1067.068,473.7094,167.8701,27.2341,0.1622,1,1,42,1
1800,3,0,2,1,1,1,0.9872,0.9903,0.9038,0.9082,376.1329,236.4611,186.4348,248.0354,302.8832,262.8419,253.3976,255.6881,190.0508,50.0001,0.2631,1,1,217,1
1800,3,0,1,1,1,1,0.9919,0.9894,0.9197,0.8959,656.402,353.6344,539.0526,353.3946,682.5064,534.6704,510.0461,537.5538,117.3497,172.4843,1.4698,0,0,0,0
1800,3,0,0,1,1,1,0.9917,0.9783,0.922,0.8042,1130.0646,339.3697,967.9423,351.5814,1062.0225,503.2255,1052.9949,510.7035,162.5816,11.7225,0.0721,1,1,43,1
1801,3,0,2,1,1,1,0.9872,0.9903,0.9038,0.9082,376.132,236.4576,186.4284,248.0144,302.8952,262.8456,253.4072,255.6769,190.0552,50.0045,0.2631,1,1,218,1
1801,3,0,1,1,1,1,0.9919,0.9894,0.9197,0.8959,656.4032,353.6438,539.049,353.3984,682.499,534.672,510.05,537.5748,117.3546,172.4734,1.4697,0,0,0,0
1801,3,0,0,1,1,1,0.9917,0.9784,0.922,0.8042,1130.0533,339.3592,967.9288,351.578,1062.0118,503.2248,1052.9877,510.7226,162.5844,11.7325,0.0722,1,1,44,1
1802,3,0,2,1,1,1,0.987,0.9904,0.9014,0.9084,375.6214,236.3164,186.4751,248.2326,303.0702,262.7428,253.3341,256.4424,189.5213,50.1336,0.2645,1,1,219,1
1802,3,0,1,1,1,1,0.9918,0.989,0.9202,0.8926,656.7388,353.3166,538.9046,353.4576,682.1234,534.8128,511.2743,538.9505,117.8344,170.8992,1.4503,0,0,0,0
1802,3,0,0,1,1,1,0.9926,0.9786,0.9258,0.7977,1129.0896,338.8772,967.7386,351.3763,1075.907,516.9696,1044.1575,524.3847,161.8344,32.6039,0.2015,0,0,0,0
1803,3,0,2,1,1,1,0.9868,0.9905,0.9019,0.9112,375.6674,236.3657,186.3007,248.0138,303.577,263.0275,253.1532,256.8019,189.7246,50.8066,0.2678,1,1,220,1
1803,3,0,1,1,1,1,0.992,0.9891,0.9214,0.8931,656.6056,353.4071,538.996,353.6482,682.325,535.0815,511.5756,539.1001,117.6099,170.7968,1.4522,0,0,0,0
1803,3,0,0,1,1,1,0.9927,0.9791,0.9257,0.803,1128.2972,339.1622,967.876,350.9934,1072.4196,524.6205,1042.8468,527.0484,160.8569,29.6722,0.1845,0,0,0,0
1804,3,0,2,1,1,1,0.9868,0.9905,0.9019,0.9113,375.7093,236.3642,186.3216,248.0003,303.5918,263.0477,253.154,256.7926,189.7449,50.8242,0.2679,1,1,221,1
1804,3,0,1,1,1,1,0.992,0.9891,0.9213,0.8932,656.5772,353.3948,539.0027,353.6315,682.3314,535.06,511.5868,539.0859,117.5748,170.7921,1.4526,0,0,0,0
1804,3,0,0,1,1,1,0.9927,0.9791,0.9257,0.803,1128.3132,339.125,967.865,350.9664,1072.403,524.6331,1042.8596,527.0801,160.8846,29.6445,0.1843,0,0,0,0
1805,3,0,2,1,1,1,0.9867,0.9902,0.9022,0.9088,375.3846,237.1552,186.3395,248.5129,303.838,263.6686,253.2112,257.0706,189.3859,51.055,0.2696,1,1,222,1
1805,3,0,1,1,1,1,0.9921,0.9891,0.922,0.8929,656.7411,353.421,539.3762,353.7059,682.857,534.3825,511.886,539.6502,117.3653,171.0521,1.4574,0,0,0,0
1805,3,0,0,1,1,1,0.9927,0.9793,0.9243,0.8022,1129.0198,339.8451,967.8878,350.6511,1073.754,526.5982,1044.8015,528.7555,161.494,29.0328,0.1798,0,0,0,0
1806,3,0,2,1,1,1,0.9868,0.9902,0.9021,0.9087,375.4052,237.1266,186.3652,248.535,303.8233,263.653,253.1943,257.0682,189.3839,51.0554,0.2696,1,1,223,1
1806,3,0,1,1,1,1,0.9921,0.9891,0.9222,0.8929,656.759,353.4362,539.4011,353.6881,682.8512,534.4188,511.8968,539.6594,117.3582,171.0346,1.4574,0,0,0,0
1806,3,0,0,1,1,1,0.9927,0.9792,0.9244,0.802,1129.0276,339.8583,967.8754,350.6679,1073.6454,526.5171,1044.802,528.7338,161.5144,28.9284,0.1791,0,0,0,0
1807,3,0,2,1,1,1,0.9868,0.9906,0.9005,0.9106,374.715,236.715,186.1149,248.3601,305.0242,264.0784,253.6496,256.8074,188.9593,51.8866,0.2746,1,1,224,1
1807,3,0,1,1,1,1,0.9918,0.9894,0.9192,0.896,656.808,353.332,539.4214,353.748,683.3505,533.8442,512.1728,538.7036,117.3873,171.2466,1.4588,0,0,0,0
1807,3,0,0,1,1,1,0.9932,0.9774,0.9199,0.7904,1130.8575,339.2617,970.636,348.8771,1072.8469,526.705,1044.5698,525.5659,160.5098,28.3,0.1763,0,0,0,0
1808,3,0,2,1,1,1,0.9868,0.9906,0.9004,0.9106,374.6716,236.7283,186.1082,248.3914,304.8947,263.976,253.6657,256.7718,188.9238,51.7331,0.2738,1,1,225,1
1808,3,0,1,1,1,1,0.9918,0.9894,0.9194,0.8957,656.8365,353.326,539.3978,353.7308,683.3134,533.8843,512.1283,538.7408,117.4394,171.2539,1.4582,0,0,0,0
1808,3,0,0,1,1,1,0.9932,0.9774,0.9201,0.7904,1130.8542,339.2276,970.6458,348.8639,1072.9049,526.76,1044.5587,525.5786,160.498,28.3708,0.1768,0,0,0,0
1809,3,0,2,1,1,1,0.9872,0.9905,0.9006,0.9079,374.6731,236.5512,186.6781,248.1945,305.5186,262.8279,252.9656,256.8789,188.3552,52.8886,0.2808,1,1,226,1
1809,3,0,1,1,1,1,0.9918,0.9891,0.9194,0.8938,656.7006,353.4984,539.5218,353.7364,683.4153,533.8012,512.7674,537.8966,117.1791,170.697,1.4567,0,0,0,0
1809,3,0,0,1,1,1,0.9923,0.9789,0.9233,0.8039,1129.8314,340.1914,968.3475,350.8744,1078.2322,521.9142,1045.1056,526.3726,161.8369,33.4252,0.2065,0,0,0,0
1810,3,0,2,1,1,1,0.9866,0.9906,0.8984,0.9106,374.601,236.2144,185.5737,248.1468,306.2624,264.4155,253.652,257.0262,189.4036,53.1269,0.2805,1,1,227,1
1810,3,0,1,1,1,1,0.9918,0.9895,0.9197,0.8971,656.5294,352.9785,539.4688,353.4772,683.9864,532.6343,513.2033,536.8474,117.0617,170.835,1.4594,0,0,0,0
1810,3,0,0,1,1,1,0.9923,0.9794,0.9238,0.8086,1129.668,340.5555,968.5173,351.2203,1079.4385,519.285,1046.4216,522.8028,161.5031,33.2037,0.2056,0,0,0,0
1811,3,0,2,1,1,1,0.9865,0.9906,0.8985,0.9107,374.6102,236.19,185.5581,248.121,306.2392,264.3865,253.694,257.0002,189.4282,53.0618,0.2801,1,1,228,1
1811,3,0,1,1,1,1,0.9918,0.9895,0.9197,0.897,656.5391,352.9473,539.472,353.4578,683.9432,532.663,513.1756,536.87,117.0683,170.8193,1.4591,0,0,0,0
1811,3,0,0,1,1,1,0.9923,0.9794,0.9238,0.8085,1129.6865,340.5521,968.4913,351.2052,1079.3973,519.2711,1046.3885,522.6238,161.5468,33.1786,0.2054,0,0,0,0
1812,3,0,2,1,1,1,0.9869,0.9904,0.9019,0.9094,375.1594,236.2789,186.0726,248.1422,306.3703,263.994,253.4955,256.7737,189.4587,53.3655,0.2817,1,1,229,1
1812,3,0,1,1,1,1,0.992,0.9897,0.9215,0.8989,656.2354,352.8967,539.6137,353.6748,684.6663,532.6452,513.1848,537.0434,116.6242,171.538,1.4709,0,0,0,0
1812,3,0,0,1,1,1,0.9923,0.979,0.9247,0.8094,1129.2712,340.6528,968.1416,350.7228,1080.1136,517.3977,1047.586,519.3176,161.444,32.5842,0.2018,0,0,0,0
1813,3,0,2,1,1,1,0.9869,0.9904,0.9019,0.9095,375.1609,236.2958,186.0742,248.1542,306.3868,263.9956,253.4983,256.7984,189.4581,53.376,0.2817,1,1,230,1
1813,3,0,1,1,1,1,0.992,0.9897,0.9215,0.899,656.248,352.9054,539.6296,353.6576,684.6618,532.5937,513.1811,536.999,116.6208,171.5373,1.4709,0,0,0,0
1813,3,0,0,1,1,1,0.9923,0.979,0.9247,0.8095,1129.268,340.666,968.1172,350.7223,1080.1233,517.3906,1047.7241,519.2555,161.4642,32.4528,0.201,0,0,0,0
1814,3,0,2,1,1,1,0.9864,0.9906,0.8979,0.9101,374.8931,236.4045,185.4747,248.4684,304.9347,263.4093,253.2788,256.7114,189.8022,52.0884,0.2744,1,1,231,1
1814,3,0,1,1,1,1,0.9916,0.9897,0.9176,0.8993,656.515,352.7333,539.5636,353.846,685.3217,531.9512,513.2727,537.3766,116.9567,172.1345,1.4718,0,0,0,0
1814,3,0,0,1,1,1,0.9921,0.979,0.9235,0.8103,1129.9203,339.9364,967.9351,351.1133,1081.0361,516.4269,1048.5659,519.0196,162.3703,32.5736,0.2006,0,0,0,0
1815,3,0,2,1,1,1,0.9865,0.9906,0.8979,0.91,374.8962,236.4068,185.4698,248.4403,305.0106,263.457,253.3078,256.7384,189.8082,52.1376,0.2747,1,1,232,1
1815,3,0,1,1,1,1,0.9916,0.9897,0.9175,0.8993,656.5494,352.7174,539.5564,353.819,685.3177,531.9608,513.2349,537.4942,116.9982,172.1717,1.4716,0,0,0,0
1815,3,0,0,1,1,1,0.9921,0.979,0.9238,0.8101,1129.9319,339.9381,967.9747,351.1113,1080.9911,516.4494,1048.5813,519.0624,162.3421,32.5149,0.2003,0,0,0,0
1816,3,0,2,1,1,1,0.9865,0.9908,0.899,0.9127,375.1854,236.2145,186.071,248.9217,305.7645,264.3441,253.3381,256.2435,189.5408,53.0485,0.2799,1,1,233,1
1816,3,0,1,1,1,1,0.9915,0.9898,0.9167,0.9001,656.4156,352.7259,539.701,353.4463,685.9304,530.5782,512.7156,537.1869,116.7169,173.3408,1.4851,0,0,0,0
1816,3,0,0,1,1,1,0.9918,0.9795,0.9184,0.8094,1129.6241,340.9036,967.611,351.5195,1080.498,516.7648,1053.3329,520.5006,162.3606,27.4208,0.1689,0,0,0,0
1817,3,0,2,1,1,1,0.9866,0.9904,0.8986,0.9085,374.9028,235.8888,185.9571,248.1965,306.1821,264.1149,254.3118,255.585,189.3462,52.567,0.2776,1,1,234,1
1817,3,0,1,1,1,1,0.9916,0.9897,0.9185,0.8996,656.421,351.9519,539.7336,353.3823,686.8368,529.8853,512.2038,535.9546,116.6962,174.7384,1.4974,0,0,0,0
1817,3,0,0,1,1,1,0.9921,0.9793,0.9201,0.8053,1129.4059,340.4288,967.954,350.8248,1082.8873,519.5458,1054.7749,521.069,161.7863,28.1537,0.174,0,0,0,0
1818,3,0,2,1,1,1,0.9865,0.9904,0.8985,0.9085,374.8919,235.8921,185.9555,248.2125,306.1863,264.106,254.3238,255.5905,189.3377,52.557,0.2776,1,1,235,1
1818,3,0,1,1,1,1,0.9916,0.9897,0.9184,0.8996,656.421,351.9585,539.7342,353.3974,686.8607,529.8817,512.2138,535.9136,116.6957,174.751,1.4975,0,0,0,0
1818,3,0,0,1,1,1,0.9921,0.9793,0.9202,0.8053,1129.4067,340.42,967.9552,350.8126,1082.9271,519.5502,1054.7418,521.075,161.7857,28.2265,0.1745,0,0,0,0
1819,3,0,2,1,1,1,0.9864,0.9903,0.8983,0.9085,375.0068,235.4484,186.2111,248.1616,307.1435,263.7494,254.305,255.0337,189.2233,53.5524,0.283,1,1,236,1
1819,3,0,1,1,1,1,0.9911,0.9899,0.9138,0.9006,656.4754,352.8572,539.5684,353.7346,686.9181,529.4676,511.2726,536.2024,116.9104,175.7745,1.5035,0,0,0,0
1819,3,0,0,1,1,1,0.9912,0.9804,0.911,0.8109,1129.307,340.9055,967.8385,350.8519,1096.012,516.7358,1064.0063,520.2738,161.7746,32.2006,0.199,0,0,0,0
1820,3,0,2,1,1,1,0.9864,0.9903,0.8983,0.9085,375.0082,235.4305,186.2042,248.1611,307.1359,263.7506,254.3027,255.0236,189.2326,53.5491,0.283,1,1,237,1
1820,3,0,1,1,1,1,0.9911,0.9899,0.9138,0.9006,656.4744,352.8577,539.5673,353.7444,686.9144,529.464,511.2662,536.2126,116.9104,175.7779,1.5035,0,0,0,0
1820,3,0,0,1,1,1,0.9912,0.9804,0.911,0.8108,1129.3087,340.908,967.8426,350.8488,1095.9957,516.7552,1063.9943,520.2786,161.7718,32.1948,0.199,0,0,0,0
1821,3,0,2,1,1,1,0.9864,0.9904,0.8987,0.9092,374.673,235.4678,186.1339,248.0267,306.7099,262.9622,254.8251,254.3888,188.957,52.5884,0.2783,1,1,238,1
1821,3,0,1,1,1,1,0.9911,0.9898,0.9147,0.9006,655.7286,351.8539,539.0074,353.6058,688.2567,528.5174,510.7004,536.4724,116.7343,177.7345,1.5226,0,0,0,0
1821,3,0,0,1,1,1,0.9915,0.9794,0.9024,0.8157,1131.6088,342.1386,971.2686,346.4363,1088.6929,525.5698,1087.6993,507.8053,160.3978,17.7923,0.1109,0,0,0,0
1822,3,0,2,1,1,1,0.9864,0.9904,0.8987,0.9092,374.6302,235.4412,186.1162,248.0292,306.7298,262.9674,254.7501,254.3947,188.9339,52.6819,0.2788,1,1,239,1
1822,3,0,1,1,1,1,0.9911,0.9898,0.9146,0.9006,655.7412,351.8534,538.9996,353.5964,688.2398,528.548,510.7337,536.4336,116.7546,177.6811,1.5218,0,0,0,0
1822,3,0,0,1,1,1,0.9906,0.9812,0.9038,0.8222,1130.2502,342.7568,968.5052,349.0328,1088.7662,522.9252,1088.3872,511.4361,161.8668,11.4953,0.071,0,0,0,0
1823,3,0,2,1,1,1,0.9866,0.9903,0.898,0.9063,375.3058,234.8645,186.5234,247.749,307.0709,263.3264,254.1741,254.5402,189.2216,53.6216,0.2834,1,1,240,1
1823,3,0,1,1,1,1,0.9912,0.9903,0.9157,0.9051,656.2215,351.1166,538.6748,353.4004,690.8162,521.5186,509.4057,531.7805,117.5689,181.7005,1.5455,0,0,0,0
1823,3,0,0,1,1,1,0.99,0.9807,0.8912,0.8343,1132.8307,343.7808,971.9813,346.2576,1081.4088,519.2401,1106.5688,499.6678,160.8684,31.8763,0.1982,0,0,0,0
1824,3,0,2,1,1,1,0.9866,0.9903,0.8982,0.9062,375.2895,234.8403,186.5444,247.7306,307.0526,263.3609,254.1554,254.5532,189.1847,53.6255,0.2835,1,1,241,1
1824,3,0,1,1,1,1,0.9912,0.9902,0.9155,0.9049,656.2876,351.0996,538.7127,353.375,690.849,521.5752,509.4188,531.7428,117.5969,181.7149,1.5452,0,0,0,0
1824,3,0,0,1,1,1,0.99,0.9808,0.8911,0.835,1132.7861,343.7745,971.9512,346.2343,1082.8873,519.1898,1106.1443,499.7058,160.8537,30.3399,0.1886,0,0,0,0
1825,3,0,2,1,1,1,0.9867,0.9904,0.8998,0.9083,375.427,235.0506,186.8961,248.163,307.1478,263.6362,253.6943,255.3406,188.9863,54.0934,0.2862,1,1,242,1
1825,3,0,1,1,1,1,0.9912,0.9905,0.9202,0.9114,657.4802,350.453,539.1612,352.89,685.388,509.6726,508.8154,525.8428,118.3441,177.3116,1.4983,0,0,0,0
1825,3,0,0,1,1,1,0.9884,0.9805,0.8848,0.8441,1135.1523,345.0616,974.2064,343.9501,1061.9812,491.4244,1124.0327,483.1588,160.9498,62.5996,0.3889,1,1,1,0
1826,3,0,2,1,1,1,0.9867,0.9904,0.8995,0.9081,375.4667,235.0248,186.8984,248.1242,307.0939,263.4761,253.8196,255.2098,189.0228,53.9118,0.2852,1,1,243,1
1826,3,0,1,1,1,1,0.9912,0.9904,0.9207,0.9111,657.399,350.3232,539.1621,352.8685,685.4898,509.5138,508.8144,525.6686,118.2643,177.4125,1.5001,0,0,0,0
1826,3,0,0,1,1,1,0.9884,0.9806,0.8847,0.845,1135.05,344.9266,974.2396,343.9179,1063.703,491.4694,1123.8762,483.2525,160.8136,60.7316,0.3777,1,1,2,0
1827,3,0,2,1,1,1,0.9868,0.9904,0.8984,0.9061,375.1627,235.061,186.9198,247.8596,307.9078,265.0768,254.3284,256.1967,188.6775,54.3103,0.2878,1,1,244,1
1827,3,0,0,1,1,1,0.9847,0.9845,0.8637,0.8823,1134.0294,346.7217,976.83,343.4902,1150.8062,475.1244,1134.8032,471.8378,157.2327,16.337,0.1039,1,1,3,0
1827,3,0,1,1,1,1,0.9933,0.9904,0.9294,0.9096,659.2495,349.736,539.4802,352.4702,681.6393,496.9082,508.3324,530.7748,119.8005,176.5849,1.474,0,0,0,0
1828,3,0,2,1,1,1,0.9866,0.9905,0.8965,0.9072,375.5937,235.2379,186.6618,247.8809,307.942,264.7667,254.048,255.854,189.3545,54.626,0.2885,1,1,245,1
1828,3,0,0,1,1,1,0.9847,0.9856,0.8627,0.8899,1133.0681,345.4456,977.1033,344.3398,1184.522,469.536,1148.8762,464.0694,155.9688,36.0625,0.2312,0,0,0,0
1828,3,0,1,1,1,1,0.9932,0.9908,0.9247,0.9002,662.5855,348.6676,538.4824,347.3887,670.8348,483.0036,515.0932,497.7044,124.1097,156.434,1.2604,0,0,0,0
1829,3,0,2,1,1,1,0.9865,0.9905,0.8964,0.9071,375.5829,235.2566,186.6489,247.8892,307.9562,264.7911,254.0402,255.8558,189.3559,54.6514,0.2886,1,1,246,1
1829,3,0,0,1,1,1,0.9847,0.9856,0.8626,0.89,1133.0402,345.4169,977.1127,344.3654,1184.5105,469.4638,1148.878,464.0982,155.931,36.0342,0.2311,0,0,0,0
1829,3,0,1,1,1,1,0.9932,0.9908,0.9246,0.9002,662.5891,348.6763,538.4882,347.388,670.8792,482.9845,515.0952,497.5732,124.1076,156.4655,1.2607,0,0,0,0
1830,3,0,2,1,1,1,0.9867,0.9907,0.8976,0.9092,375.9175,235.6352,187.0372,247.9329,309.3138,266.3982,254.391,256.4764,189.2802,55.8118,0.2949,1,1,247,1
1830,3,0,0,1,1,1,0.9852,0.986,0.8716,0.8964,1133.0865,343.6624,978.3705,344.6094,1196.6058,462.1885,1156.4326,463.5352,154.7189,40.1958,0.2598,0,0,0,0
1830,3,0,1,1,1,1,0.9922,0.991,0.9222,0.9123,663.4902,350.089,537.1322,347.0086,668.1852,460.4884,536.2038,477.3684,126.3955,133.0565,1.0527,1,0,0,0
1831,3,0,2,1,1,1,0.9867,0.9907,0.8976,0.9092,375.9091,235.6741,187.0355,247.9301,309.3021,266.3578,254.358,256.5002,189.2709,55.8214,0.2949,1,1,248,1
1831,3,0,0,1,1,1,0.9852,0.9861,0.8714,0.8965,1133.0417,343.6856,978.2684,344.5512,1196.6858,462.254,1156.4982,463.5308,154.7758,40.2079,0.2598,0,0,0,0
1831,3,0,1,1,1,1,0.9922,0.9911,0.922,0.9124,663.4948,350.1163,537.207,346.9076,668.2306,460.5709,536.2901,478.214,126.3285,133.1148,1.0537,1,0,0,0
1832,3,0,2,1,1,1,0.9863,0.9908,0.8955,0.9113,375.9136,235.5261,186.931,247.9778,309.9706,266.9346,254.7431,257.1142,189.3924,56.0938,0.2962,1,1,249,1
1832,3,0,0,1,1,1,0.9843,0.9862,0.8652,0.8956,1132.9832,343.1203,979.1622,345.0359,1205.021,456.4466,1159.8341,465.4602,153.8329,46.0771,0.2995,0,0,0,0
1832,3,0,1,1,1,1,0.9923,0.9898,0.931,0.9136,666.3584,349.7003,536.2684,348.4304,645.6335,436.5467,549.3943,432.5439,130.0962,96.3224,0.7404,1,0,0,0
1833,3,0,2,1,1,1,0.9863,0.9908,0.8955,0.9112,375.9057,235.5342,186.9182,247.9793,309.9191,266.8737,254.7467,257.1155,189.3969,56.0287,0.2958,1,1,250,1
1833,3,0,0,1,1,1,0.9843,0.9862,0.8652,0.8955,1132.9768,343.13,979.1485,345.0311,1205.0209,456.4702,1159.8394,465.4445,153.8401,46.0642,0.2994,0,0,0,0
1833,3,0,1,1,1,1,0.9923,0.9898,0.931,0.9137,666.3582,349.7274,536.2652,348.4332,645.6212,436.5343,549.5138,432.4981,130.0994,96.192,0.7394,1,0,0,0
1834,3,0,2,1,1,1,0.9866,0.9909,0.8957,0.9102,376.333,235.6128,187.6963,247.9114,310.6772,267.0237,254.9888,256.539,189.0372,56.6668,0.2998,1,1,251,1
1834,3,0,0,1,1,1,0.9844,0.9864,0.8654,0.8978,1132.7524,342.8101,978.1863,345.3196,1209.1129,455.4642,1160.328,464.9702,154.5865,49.7024,0.3215,0,0,0,0
1834,3,0,1,1,1,1,0.9923,0.9893,0.9351,0.9158,666.0393,350.0004,536.7892,347.5854,639.9,416.4921,558.8074,408.478,129.2726,81.4877,0.6304,1,0,0,0
1835,3,0,2,1,1,1,0.9866,0.9909,0.8957,0.9103,376.3058,235.6188,187.6799,247.9165,310.6696,267.0201,254.9951,256.5172,189.0263,56.6565,0.2997,1,1,252,1
1835,3,0,0,1,1,1,0.9843,0.9864,0.8653,0.8976,1132.7374,342.8202,978.1786,345.3064,1209.2462,455.523,1160.2876,464.9818,154.5788,49.864,0.3226,0,0,0,0
1835,3,0,1,1,1,1,0.9923,0.9893,0.9352,0.9157,666.0298,350.0154,536.8055,347.5706,639.913,416.4948,558.7116,408.5903,129.2474,81.5852,0.6312,1,0,0,0
1836,3,0,2,1,1,1,0.9858,0.991,0.8929,0.9132,376.9234,234.6776,187.4446,247.1036,310.4454,266.9744,257.444,255.4388,189.8859,54.2422,0.2857,1,1,253,1
1836,3,0,0,1,1,1,0.9839,0.9865,0.8635,0.8982,1132.7224,342.9904,978.9452,345.6655,1209.7031,453.8145,1160.8828,466.1721,153.8005,50.36,0.3274,0,0,0,0
1836,3,0,1,1,1,1,0.9928,0.9887,0.9339,0.914,665.237,351.2124,535.6887,346.289,638.5041,408.6069,574.6885,405.3786,129.6418,63.8972,0.4929,1,1,1,0
1837,3,0,2,1,1,1,0.9858,0.991,0.8928,0.9132,376.924,234.6926,187.41,247.1417,310.3514,266.922,257.4841,255.429,189.9225,54.1021,0.2849,1,1,254,1
1837,3,0,0,1,1,1,0.9839,0.9865,0.8635,0.8983,1132.7318,342.9736,978.9329,345.6585,1209.6631,453.7511,1160.8561,466.1353,153.8224,50.3537,0.3273,0,0,0,0
1837,3,0,1,1,1,1,0.9928,0.9887,0.9339,0.914,665.2576,351.2034,535.6874,346.2786,638.4434,408.7521,574.6654,405.3828,129.6637,63.867,0.4926,1,1,2,0
1838,3,0,0,1,1,1,0.9835,0.9873,0.8579,0.9023,1132.7865,343.631,978.4159,345.6893,1209.4026,455.0307,1160.9752,467.4668,154.3843,49.9986,0.3239,0,0,0,0
1838,3,0,2,1,1,1,0.9856,0.9911,0.8918,0.9148,376.2534,235.4122,185.6918,246.3034,309.7478,268.934,260.688,262.2158,190.8726,49.5176,0.2594,1,1,255,1
1838,3,0,1,1,1,1,0.9888,0.9886,0.9241,0.9253,663.1198,349.7916,536.0748,346.2916,642.16,410.524,578.0726,403.4264,127.0931,64.4792,0.5073,1,0,0,0
1839,3,0,0,1,1,1,0.9832,0.9872,0.8549,0.9014,1132.7194,343.7867,978.5389,345.9448,1210.4036,456.9416,1161.0537,467.8073,154.1955,50.5319,0.3277,0,0,0,0
1839,3,0,2,1,1,1,0.985,0.9914,0.8869,0.9166,375.5296,239.3639,184.8803,247.4854,311.0938,276.823,263.0811,269.0795,190.8222,48.6331,0.2549,1,1,256,1
1839,3,0,1,1,1,1,0.9885,0.9883,0.9225,0.924,663.3324,350.5356,536.9112,347.3041,641.6488,409.3121,586.393,398.3931,126.4625,56.3244,0.4454,1,1,1,0
1840,3,0,0,1,1,1,0.9832,0.9872,0.855,0.9013,1132.7045,343.8383,978.525,345.9916,1210.3668,456.8867,1161.0369,467.7712,154.1945,50.5165,0.3276,0,0,0,0
1840,3,0,2,1,1,1,0.985,0.9914,0.8869,0.9166,375.5384,239.3635,184.8939,247.4901,311.097,276.8001,263.0672,269.0718,190.8177,48.6475,0.2549,1,1,257,1
1840,3,0,1,1,1,1,0.9885,0.9883,0.9224,0.924,663.3363,350.5464,536.8902,347.3266,641.6698,409.2922,586.3622,398.3704,126.4872,56.3756,0.4457,1,1,2,0
1841,3,0,2,1,1,1,0.9819,0.9923,0.8714,0.9304,375.855,241.1181,182.8178,245.5904,310.1685,282.5348,269.8753,286.3261,193.089,40.4712,0.2096,1,1,258,1
1841,3,0,0,1,1,1,0.9828,0.9874,0.8536,0.9035,1133.3612,343.8048,978.8062,346.4774,1210.0338,456.8394,1161.3198,467.686,154.5781,49.9069,0.3229,0,0,0,0
1841,3,0,1,1,1,1,0.9885,0.9881,0.9231,0.9228,662.339,350.427,537.55,347.8942,639.0922,409.4457,586.1579,402.9718,124.8146,53.3287,0.4273,1,1,3,0
1842,3,0,2,1,1,1,0.9819,0.9923,0.8714,0.9303,375.8884,241.1474,182.9193,245.6108,310.136,282.47,269.8646,286.2584,193.0207,40.4493,0.2096,1,1,259,1
1842,3,0,0,1,1,1,0.9828,0.9874,0.8536,0.9036,1133.3384,343.7598,978.777,346.5057,1209.8677,456.6202,1161.3503,467.62,154.5858,49.7486,0.3218,0,0,0,0
1842,3,0,1,1,1,1,0.9885,0.9881,0.923,0.923,662.345,350.3635,537.5024,347.9053,639.1318,409.3338,586.2498,402.953,124.8669,53.2656,0.4266,1,1,4,0
1843,3,0,0,1,1,1,0.9829,0.9875,0.853,0.9042,1134.1996,343.6499,979.0519,346.38,1207.8466,456.6695,1161.1521,466.0778,155.1717,47.6329,0.307,0,0,0,0
1843,3,0,2,1,1,1,0.9804,0.9926,0.8563,0.9338,375.121,245.9103,180.1246,241.4529,314.8021,303.5149,280.5774,318.5498,195.0474,37.3815,0.1917,1,1,260,1
1843,3,0,1,1,1,1,0.9913,0.9878,0.921,0.9098,663.4478,352.2844,536.5032,348.1143,635.1759,415.9447,598.563,412.7056,127.0131,36.7559,0.2894,1,1,5,0
1844,3,0,0,1,1,1,0.9828,0.9875,0.8527,0.9041,1134.1847,343.771,978.989,346.336,1207.8541,456.8288,1161.1826,466.0146,155.2169,47.5669,0.3065,0,0,0,0
1844,3,0,2,1,1,1,0.9803,0.9926,0.8564,0.9339,375.0705,245.88,180.1188,241.5394,314.6938,303.5115,280.4753,318.623,195.0001,37.4068,0.1918,1,1,261,1
1844,3,0,1,1,1,1,0.9913,0.9878,0.9213,0.91,663.4701,352.2467,536.4324,348.1958,635.161,416.0444,598.5451,412.5839,127.1023,36.7791,0.2894,1,1,6,1
1845,3,0,0,1,1,1,0.9833,0.9874,0.8565,0.903,1134.1005,343.9386,978.59,347.0782,1205.5355,453.9886,1159.5137,465.8807,155.5421,47.5335,0.3056,0,0,0,0
1845,3,0,2,1,1,1,0.9738,0.993,0.8232,0.9422,371.8534,254.1072,181.9767,237.7954,344.0549,328.9796,297.2586,367.63,190.5761,60.6939,0.3185,1,1,262,1
1845,3,0,1,1,1,1,0.9912,0.9878,0.9208,0.9099,663.2496,352.8972,537.1034,348.4926,632.3292,414.9442,601.3407,414.7477,126.2232,30.9891,0.2455,1,1,7,1
1846,3,0,0,1,1,1,0.9834,0.9875,0.8528,0.9016,1135.9104,344.8384,978.5243,346.2434,1200.1947,466.813,1155.9559,465.9926,157.3924,44.2464,0.2811,0,0,0,0
1846,3,0,2,1,1,1,0.9649,0.9937,0.7607,0.9512,362.6513,263.9713,182.7544,236.6448,393.3837,377.5724,311.9605,418.6671,181.9605,91.2059,0.5012,0,0,0,0
1846,3,0,1,1,1,1,0.9879,0.9884,0.9166,0.9236,662.7136,351.7164,538.503,347.9948,636.3814,413.3016,604.8504,411.8345,124.2664,31.5651,0.254,1,1,8,1
1847,3,0,0,1,1,1,0.9834,0.9875,0.8525,0.9016,1135.9033,344.8421,978.5162,346.2321,1200.1337,466.762,1155.9656,466.005,157.3933,44.1746,0.2807,0,0,0,0
1847,3,0,2,1,1,1,0.9649,0.9937,0.7606,0.9512,362.6446,263.9798,182.7552,236.6514,393.3423,377.5795,311.9362,418.6788,181.9534,91.1927,0.5012,0,0,0,0
1847,3,0,1,1,1,1,0.988,0.9884,0.9166,0.9236,662.7122,351.7061,538.4998,347.9747,636.3946,413.3242,604.9874,411.8668,124.2684,31.441,0.253,1,1,9,1
1848,3,0,0,1,1,1,0.9829,0.988,0.8454,0.9033,1135.9589,345.647,978.1526,345.6438,1189.2533,470.5398,1148.4807,467.2602,157.8062,40.9043,0.2592,0,0,0,0
1848,3,0,2,1,1,1,0.9598,0.9942,0.7292,0.9497,359.1838,258.624,191.1099,239.9398,395.7804,532.7662,311.6074,489.6818,169.1092,94.5588,0.5592,0,0,0,0
1848,3,0,1,1,1,1,0.9884,0.9887,0.9192,0.9254,662.6223,352.1641,538.3044,348.8605,635.8253,412.2676,602.036,411.099,124.3618,33.8095,0.2719,1,1,10,1
1849,3,0,0,1,1,1,0.9829,0.988,0.8455,0.9034,1135.9325,345.6124,978.1151,345.6344,1189.2167,470.5124,1148.484,467.2496,157.8174,40.8631,0.2589,0,0,0,0
1849,3,0,2,1,1,1,0.9599,0.9942,0.7288,0.9497,359.1114,258.6512,191.1132,239.9184,395.9498,533.1878,311.8124,489.9018,169.0395,94.6191,0.5597,0,0,0,0
1849,3,0,1,1,1,1,0.9884,0.9887,0.9193,0.9254,662.6182,352.1759,538.3037,348.8478,635.8354,412.2494,602.0053,411.0992,124.359,33.8497,0.2722,1,1,11,1
1850,3,0,0,1,1,1,0.9836,0.9861,0.8542,0.8924,1137.6199,348.9512,979.4038,343.9141,1166.017,467.6764,1135.986,467.2694,158.2962,30.0338,0.1897,0,0,0,0
1850,3,0,1,1,1,1,0.9889,0.9882,0.9224,0.9218,662.747,352.5621,537.6623,349.8035,635.4178,413.2625,595.9128,408.6922,125.1151,39.7685,0.3179,1,1,12,1
1850,3,0,2,1,1,1,0.9259,0.9944,0.5627,0.9432,359.3175,267.0943,206.5917,242.3482,398.7762,565.5782,275.0904,554.6986,154.7176,124.1634,0.8025,0,0,0,0
1851,3,0,0,1,1,1,0.9836,0.9861,0.8541,0.8923,1137.6342,348.954,979.3947,343.9133,1165.3337,467.6976,1136.1057,467.1814,158.3197,29.2326,0.1846,0,0,0,0
1851,3,0,1,1,1,1,0.9889,0.9882,0.9224,0.9218,662.7692,352.5618,537.6716,349.8111,635.4571,413.252,595.9146,408.666,125.1278,39.8075,0.3181,1,1,13,1
1851,3,0,2,1,1,1,0.9257,0.9944,0.5622,0.9432,359.3216,267.0983,206.5498,242.3332,398.7152,565.5133,275.0648,554.6719,154.766,124.1247,0.802,0,0,0,0
1852,3,0,0,1,1,1,0.9857,0.9811,0.9124,0.8713,1139.646,345.0898,975.2438,348.2906,1053.2402,468.4932,1132.2506,465.516,164.4333,79.0664,0.4808,1,1,1,0
1852,3,0,2,1,1,1,0.9332,0.9948,0.5993,0.942,356.294,266.5319,220.5262,243.7404,398.2102,544.1684,248.4732,586.6549,137.6675,155.6479,1.1306,0,0,0,0
1852,3,0,1,1,1,1,0.9888,0.9883,0.9214,0.9222,662.8496,352.465,537.7964,350.4206,634.978,412.4943,591.3435,406.3266,125.07,44.0682,0.3523,1,1,14,1
1853,3,0,0,1,1,1,0.987,0.9801,0.9184,0.8624,1140.9856,344.5036,972.3735,347.7886,1032.1107,470.5879,1119.0354,468.7566,168.6441,86.944,0.5155,1,0,0,0
1853,3,0,1,1,1,1,0.9927,0.9872,0.9406,0.9178,664.2796,353.2038,537.9192,350.9289,632.1942,416.001,585.3235,407.0867,126.3809,47.7109,0.3775,1,1,15,1
1853,3,0,2,1,1,1,0.909,0.9943,0.4741,0.9297,352.9914,270.2892,237.2112,241.2657,383.7835,604.4068,252.0516,599.6276,119.3626,131.8185,1.1044,0,0,0,0
1854,3,0,0,1,1,1,0.987,0.9801,0.9184,0.8624,1140.9924,344.4852,972.3776,347.7753,1032.0613,470.6004,1119.0475,468.7982,168.647,87.0049,0.5159,1,0,0,0
1854,3,0,1,1,1,1,0.9927,0.9872,0.9407,0.9178,664.272,353.1928,537.9254,350.9112,632.2124,415.9945,585.3021,407.1198,126.3672,47.7424,0.3778,1,1,16,1
1854,3,0,2,1,1,1,0.9089,0.9943,0.4738,0.9297,352.9272,270.2261,237.2617,241.2261,383.7938,604.4076,252.0676,599.626,119.2456,131.813,1.1054,0,0,0,0
1855,3,0,0,1,1,1,0.9871,0.9802,0.9169,0.8572,1139.5359,343.2583,970.3686,348.215,1025.4061,476.709,1110.4724,471.25,169.2399,85.2413,0.5037,1,0,0,0
1855,3,0,1,1,1,1,0.9927,0.9873,0.9406,0.9177,664.3276,352.5224,538.3264,350.7946,634.9914,418.3641,582.1366,403.4597,126.0131,54.9161,0.4358,1,1,17,1
1855,3,0,2,0,1,1,0.8991,0.9891,0.378,0.8472,339.2214,263.0128,260.1761,239.6768,350.4409,595.299,263.5591,610.6938,82.4181,88.2352,1.0706,0,0,0,0
1856,3,0,0,1,1,1,0.9871,0.9802,0.917,0.8572,1139.5289,343.232,970.3987,348.2138,1025.4846,476.7596,1110.219,471.3245,169.2036,84.9085,0.5018,1,0,0,0
1856,3,0,1,1,1,1,0.9927,0.9873,0.9407,0.9177,664.3336,352.5382,538.3326,350.8082,634.9839,418.3525,582.1672,403.4165,126.0129,54.8879,0.4356,1,1,18,1
1856,3,0,2,0,1,1,0.899,0.9891,0.3776,0.8469,339.1651,263.0217,260.1374,239.6664,350.376,595.2606,263.5579,610.6797,82.4066,88.1767,1.07,0,0,0,0
1857,3,0,0,1,1,1,0.9877,0.9792,0.9161,0.8399,1137.993,339.7782,965.8405,351.8282,1018.3361,476.8972,1104.7305,468.901,172.5737,86.7637,0.5028,1,0,0,0
1857,3,0,1,1,1,1,0.9926,0.9879,0.9384,0.9189,665.9416,351.7832,537.7916,349.946,636.8892,425.3874,572.4071,410.4969,128.1631,66.179,0.5164,1,0,0,0
1857,3,0,2,0,1,1,0.9035,0.9934,0.3247,0.8705,317.7226,254.5174,277.1064,232.9834,342.8599,596.0818,287.1762,614.7311,45.9716,58.7237,1.2774,0,0,0,0
1858,3,0,0,1,1,1,0.9877,0.9792,0.9162,0.8401,1137.9785,339.8158,965.8569,351.7682,1018.3762,476.8836,1104.5947,468.9416,172.5361,86.5836,0.5018,1,0,0,0
1858,3,0,1,1,1,1,0.9926,0.9879,0.9382,0.919,665.9253,351.7586,537.7626,349.9314,636.9665,425.3479,572.4592,410.4698,128.1757,66.2009,0.5165,1,0,0,0
1858,3,0,2,0,1,1,0.9034,0.9933,0.3249,0.8703,317.8478,254.5478,277.0584,232.8846,342.9769,595.726,287.2279,614.7984,46.1852,58.9213,1.2758,0,0,0,0
1859,3,0,1,1,1,1,0.9929,0.9887,0.9312,0.9092,668.1418,351.2136,536.1155,348.7524,644.4157,428.5312,564.462,419.1098,132.0492,80.5069,0.6097,1,0,0,0
1859,3,0,0,1,1,1,0.9895,0.9767,0.9312,0.8277,1131.7441,337.276,967.2214,350.963,1029.757,479.0138,1042.2472,476.3395,165.0911,12.7733,0.0774,1,1,1,0
1859,3,0,2,0,1,1,0.91,0.9939,0.3035,0.8618,310.141,251.8524,296.839,233.3807,351.3122,599.7329,307.629,617.6152,22.7627,47.2017,2.0736,0,0,0,0
1860,3,0,1,1,1,1,0.9929,0.9887,0.931,0.9088,668.2276,351.2457,536.032,348.7878,644.4298,428.6747,564.109,419.9254,132.2185,80.796,0.6111,1,0,0,0
1860,3,0,0,1,1,1,0.9896,0.9766,0.9311,0.8268,1131.7782,337.2436,967.3406,350.9435,1029.4758,479.0338,1042.5093,476.4723,165.0073,13.2828,0.0805,1,1,2,0
1860,3,0,2,0,1,1,0.9098,0.9939,0.3039,0.8618,309.9573,251.8832,296.6966,233.5155,351.109,599.9425,307.6074,617.7061,22.6543,46.9887,2.0742,0,0,0,0
1861,3,0,1,1,1,1,0.9932,0.9884,0.9288,0.8991,667.87,351.4902,534.5446,348.914,661.3354,444.2124,543.554,440.4738,133.3503,117.8408,0.8837,1,0,0,0
1861,3,0,0,1,1,1,0.9903,0.9766,0.938,0.8322,1129.7964,337.6096,968.4926,349.8081,1017.0432,481.6801,1014.0367,476.6402,161.7644,5.8684,0.0363,1,1,3,0
1861,3,0,2,0,1,1,0.8904,0.9914,0.3265,0.8399,304.1089,249.9116,311.2612,238.9791,341.8995,597.0928,349.0444,634.7436,13.0642,38.3227,2.9334,0,0,0,0
1862,3,0,1,1,1,1,0.9931,0.9884,0.9287,0.8988,667.9527,351.4944,534.5833,348.9854,661.2088,444.0862,543.9052,440.3782,133.393,117.3622,0.8798,1,0,0,0
1862,3,0,0,1,1,1,0.9903,0.9766,0.9381,0.8322,1129.7563,337.6102,968.5157,349.7831,1017.0217,481.5733,1013.8134,476.5589,161.6995,5.9529,0.0368,1,1,4,0
1862,3,0,2,0,1,1,0.8904,0.9914,0.3263,0.84,304.0629,249.989,311.194,238.9838,341.6882,597.8652,349.2521,635.3064,13.1136,38.1976,2.9128,0,0,0,0
1863,3,0,1,1,1,1,0.9918,0.9912,0.9161,0.9167,667.5138,350.7904,537.112,348.639,683.5341,474.2398,537.3058,458.1468,130.4195,147.1111,1.128,1,0,0,0
1863,3,0,0,1,1,1,0.9905,0.9737,0.9403,0.8154,1127.2706,337.143,967.4857,352.2104,1001.9611,484.421,1009.1573,478.7415,160.4938,9.1674,0.0571,1,1,5,0
1863,3,0,2,0,1,1,0.895,0.9913,0.3814,0.8544,291.8671,246.5878,326.8446,245.6062,357.133,555.668,380.2926,602.878,34.9913,52.5847,1.5028,0,0,0,0
1864,3,0,1,1,1,1,0.9909,0.9902,0.9258,0.9201,665.8782,350.5549,538.8206,350.1424,690.3247,481.8492,530.6286,480.7141,127.0582,159.7002,1.2569,0,0,0,0
1864,3,0,0,1,1,1,0.9908,0.9715,0.9433,0.8059,1125.9094,337.1158,967.7689,350.5162,991.2784,486.2628,999.7731,487.2506,158.7072,8.552,0.0539,1,1,6,1
1864,3,0,2,0,1,1,0.9247,0.9913,0.315,0.765,257.12,242.9624,346.4312,247.6365,334.2845,570.0408,415.2104,589.5948,89.4333,83.2548,0.9309,0,0,0,0
1865,3,0,1,1,1,1,0.9909,0.9902,0.9259,0.9202,665.8919,350.5271,538.814,350.1373,690.3472,481.7358,530.6098,480.6739,127.0785,159.7409,1.257,0,0,0,0
1865,3,0,0,1,1,1,0.9908,0.9715,0.9433,0.8056,1125.8892,337.1403,967.7914,350.5424,991.2606,486.279,999.6629,487.3516,158.6648,8.4705,0.0534,1,1,7,1
1865,3,0,2,0,1,1,0.9247,0.9914,0.3153,0.7667,257.0436,242.9011,346.3848,247.5402,334.1923,569.6678,415.2103,589.3172,89.4615,83.3667,0.9319,0,0,0,0
1866,3,0,1,1,1,1,0.9909,0.9907,0.9242,0.9218,665.0121,350.9079,539.8476,350.759,693.7137,492.4328,518.7783,492.5019,125.1646,174.9354,1.3976,0,0,0,0
1866,3,0,0,1,1,1,0.9885,0.9647,0.9418,0.8007,1116.9802,331.9646,967.6647,351.2492,985.5694,485.1638,997.6265,488.7555,150.5557,12.5807,0.0836,1,1,8,1
1866,3,0,2,0,1,1,0.9504,0.9956,0.3126,0.8075,247.7675,240.0062,356.6814,241.4725,342.0963,551.6042,431.4452,565.9553,108.9238,90.4941,0.8308,0,0,0,0
1867,3,0,1,1,1,1,0.9909,0.9907,0.9243,0.9219,664.9704,350.8557,539.8535,350.7281,693.7128,492.3975,518.8012,492.4956,125.117,174.9116,1.398,0,0,0,0
1867,3,0,0,1,1,1,0.9885,0.9647,0.9419,0.8009,1116.9636,331.9236,967.6556,351.2886,985.5906,485.1649,997.7946,488.7915,150.5585,12.7314,0.0846,1,1,9,1
1867,3,0,2,0,1,1,0.9502,0.9955,0.3126,0.808,247.8032,239.9324,356.6547,241.4769,342.1176,551.0009,431.2344,565.1346,108.8624,90.2307,0.8289,0,0,0,0
1868,3,0,1,1,1,1,0.9897,0.9911,0.9123,0.9213,662.9956,350.7297,540.2736,352.1812,696.6786,499.547,515.2052,511.4687,122.7305,181.8646,1.4818,0,0,0,0
1868,3,0,0,1,1,1,0.9911,0.9715,0.9437,0.7943,1120.1002,335.519,965.3148,354.6592,983.0485,487.243,978.8192,499.4151,155.9643,12.8859,0.0826,1,1,10,1
1868,3,0,2,0,1,1,0.9551,0.9959,0.3515,0.8299,237.7071,239.1892,360.3763,242.0834,309.9542,548.0075,454.6149,572.6716,122.7033,146.7482,1.196,0,0,0,0
1869,3,0,1,1,1,1,0.9897,0.9911,0.9124,0.9213,662.981,350.7532,540.2636,352.177,696.657,499.6396,515.1398,511.442,122.7257,181.9005,1.4822,0,0,0,0
1869,3,0,0,1,1,1,0.9911,0.9715,0.9437,0.7944,1120.12,335.518,965.3108,354.6394,983.0776,487.2599,978.8276,499.3888,155.9856,12.852,0.0824,1,1,11,1
1869,3,0,2,0,1,1,0.9551,0.996,0.3515,0.83,237.6707,239.2439,360.342,242.0652,310.0396,548.0162,454.538,572.6582,122.7038,146.5845,1.1946,0,0,0,0
1870,3,0,1,1,1,1,0.9894,0.9919,0.9073,0.9242,661.8163,350.0094,540.7488,352.7968,697.6789,506.2932,513.2384,523.6476,121.0995,185.2552,1.5298,0,0,0,0
1870,3,0,0,1,1,1,0.9914,0.9723,0.9432,0.7908,1118.9878,334.745,964.641,354.0321,981.2623,488.1858,971.95,503.1532,155.5472,17.6279,0.1133,1,1,12,1
1870,3,0,2,0,1,1,0.9436,0.9952,0.3992,0.8645,231.6579,241.9733,358.3806,247.4653,293.0808,525.3487,468.6198,548.2653,126.8417,177.0286,1.3957,0,0,0,0
1871,3,0,1,1,1,1,0.9894,0.9919,0.9073,0.9242,661.8128,350.0262,540.7698,352.7736,697.6881,506.289,513.232,523.6398,121.0741,185.2704,1.5302,0,0,0,0
1871,3,0,0,1,1,1,0.9914,0.9723,0.9432,0.7908,1118.9707,334.7566,964.6274,354.045,981.2571,488.1918,971.9529,503.1844,155.5438,17.6449,0.1134,1,1,13,1
1871,3,0,2,0,1,1,0.9437,0.9952,0.3995,0.8647,231.6561,241.9838,358.3566,247.4576,293.2499,525.4758,468.6668,548.4243,126.8187,176.9117,1.395,0,0,0,0
1872,3,0,1,1,1,1,0.9889,0.9921,0.8981,0.9224,660.8952,350.3707,541.0986,352.8895,697.0932,520.5061,512.7214,532.2488,119.8231,184.7453,1.5418,0,0,0,0
1872,3,0,2,0,1,1,0.9532,0.9948,0.3429,0.8157,225.2705,243.7004,355.5904,246.8782,297.3611,515.185,470.5456,551.5916,130.3587,176.9698,1.3576,0,0,0,0
1872,3,0,0,1,1,1,0.9916,0.9728,0.9458,0.7986,1118.1233,334.4477,964.3321,351.9927,977.9783,489.2482,967.4576,503.3131,154.7888,17.5644,0.1135,1,1,14,1
1873,3,0,1,1,1,1,0.9889,0.9921,0.8982,0.9224,660.9068,350.3571,541.1332,352.8996,697.1256,520.4735,512.7166,532.226,119.8006,184.783,1.5424,0,0,0,0
1873,3,0,2,0,1,1,0.9533,0.9948,0.3428,0.8157,225.256,243.7467,355.575,246.9168,297.2208,515.1711,470.5882,551.6014,130.3576,177.1537,1.359,0,0,0,0
1873,3,0,0,1,1,1,0.9916,0.9728,0.9458,0.7983,1118.095,334.4365,964.2905,352.077,977.9208,489.2114,967.8693,503.4018,154.8128,17.3897,0.1123,1,1,15,1
1874,3,0,1,1,1,1,0.9889,0.9923,0.8977,0.9234,660.1162,349.951,542.4192,353.222,697.0302,522.0001,513.1269,536.1804,117.7425,184.4492,1.5665,0,0,0,0
1874,3,0,2,0,1,1,0.951,0.994,0.3556,0.8197,223.0542,246.0347,350.4766,249.8512,300.1196,520.4884,467.6904,547.8936,127.4795,169.797,1.332,0,0,0,0
1874,3,0,0,1,1,1,0.9916,0.974,0.9452,0.8043,1116.2817,334.8791,965.425,351.1158,972.7725,490.6704,948.7675,501.1758,151.728,26.2031,0.1727,0,0,0,0
1875,3,0,1,1,1,1,0.9894,0.9917,0.9016,0.9177,659.3688,350.8767,543.2762,353.2378,695.7393,524.9329,516.1286,536.0188,116.1167,179.9525,1.5498,0,0,0,0
1875,3,0,2,0,1,1,0.9485,0.9932,0.3464,0.8003,216.7696,242.0875,346.8491,248.0428,289.3068,509.1695,456.2563,544.898,130.2157,170.7297,1.3111,0,0,0,0
1875,3,0,0,1,1,1,0.9912,0.9752,0.9473,0.8245,1114.1166,335.6632,966.6077,351.7256,967.6447,487.4647,939.8633,498.0125,148.3809,29.7163,0.2003,0,0,0,0
1876,3,0,1,1,1,1,0.9894,0.9917,0.9016,0.9177,659.3736,350.8824,543.2863,353.2399,695.7392,524.925,516.1304,535.9942,116.1112,179.9495,1.5498,0,0,0,0
1876,3,0,2,0,1,1,0.9485,0.9932,0.3465,0.8004,216.785,242.1194,346.862,248.0606,289.4297,509.311,456.24,544.92,130.2125,170.5687,1.3099,0,0,0,0
1876,3,0,0,1,1,1,0.9912,0.9752,0.9473,0.8245,1114.1265,335.6565,966.6011,351.7202,967.6343,487.4676,939.8427,498.0008,148.3973,29.7207,0.2003,0,0,0,0
1877,3,0,1,1,1,1,0.9892,0.9909,0.9223,0.9291,659.8866,348.8142,544.9694,351.7569,693.8285,526.2718,516.8474,534.8904,114.9549,177.1908,1.5414,0,0,0,0
1877,3,0,2,0,1,1,0.9652,0.9943,0.3958,0.7554,207.8895,240.7515,344.3929,254.5292,285.2744,442.0446,455.8971,540.1996,137.197,196.8414,1.4347,0,0,0,0
1877,3,0,0,1,1,1,0.9909,0.9756,0.9449,0.8253,1113.1675,334.3504,964.0237,354.0347,958.2864,477.6244,936.5697,487.5792,150.4372,23.8895,0.1588,0,0,0,0
1878,3,0,1,1,1,1,0.9892,0.9909,0.9221,0.9291,659.8795,348.7874,544.9692,351.7814,693.8032,526.2444,516.8174,534.7986,114.9493,177.1924,1.5415,0,0,0,0
1878,3,0,2,0,1,1,0.9654,0.9943,0.3962,0.7551,207.8223,240.7744,344.3866,254.5496,285.3634,442.3206,455.9906,540.2778,137.2573,196.7468,1.4334,0,0,0,0
1878,3,0,0,1,1,1,0.9909,0.9756,0.9449,0.8253,1113.2109,334.3263,964.0781,354.036,958.4018,477.6636,936.5387,487.5534,150.4297,23.9959,0.1595,0,0,0,0
1879,3,0,2,1,1,1,0.967,0.9941,0.4242,0.7514,205.0577,239.3078,345.2055,257.1033,272.3981,415.9222,444.0362,544.9018,141.2731,214.6983,1.5197,0,0,0,0
1879,3,0,1,1,1,1,0.9893,0.9911,0.9218,0.9297,659.6061,349.5838,544.7567,351.9216,692.9386,527.1214,517.6662,533.9018,114.8732,175.4034,1.5269,0,0,0,0
1879,3,0,0,1,1,1,0.9897,0.9748,0.9357,0.8158,1112.384,333.6079,957.6763,356.3056,950.8674,446.1192,939.7601,435.8264,156.3639,15.1432,0.0968,1,1,1,0
1880,3,0,2,1,1,1,0.9671,0.9942,0.4247,0.7526,205.0488,239.2671,345.1451,257.0808,272.3793,415.612,444.0334,544.928,141.2243,214.9134,1.5218,0,0,0,0
1880,3,0,1,1,1,1,0.9893,0.991,0.9219,0.9296,659.6558,349.6252,544.7743,351.9956,692.9787,527.1458,517.665,533.8952,114.9059,175.4436,1.5268,0,0,0,0
1880,3,0,0,1,1,1,0.9897,0.9747,0.9358,0.8154,1112.3708,333.6033,957.6874,356.2894,950.9204,446.0985,940.0982,435.823,156.3381,14.9233,0.0955,1,1,2,0
1881,3,0,2,1,1,1,0.9663,0.9924,0.4679,0.7365,206.322,240.2519,347.4347,259.9682,259.5118,400.8424,429.8731,538.2279,142.4834,218.8555,1.536,0,0,0,0
1881,3,0,1,1,1,1,0.9914,0.992,0.9189,0.9219,659.7424,351.4154,544.7672,352.8608,693.0149,525.498,517.399,532.4708,114.9842,175.7543,1.5285,0,0,0,0
1881,3,0,0,1,1,1,0.99,0.98,0.9323,0.8362,1114.1753,333.9343,958.8215,355.2956,946.6854,403.36,904.1568,369.3358,156.8156,54.464,0.3473,0,0,0,0
1882,3,0,2,1,1,1,0.9623,0.9923,0.4281,0.7312,208.3625,243.3808,348.8021,259.5879,265.3872,402.4368,418.9148,534.904,141.3717,202.7764,1.4343,0,0,0,0
1882,3,0,1,1,1,1,0.9912,0.9912,0.9176,0.9149,660.0466,352.263,544.6599,352.8846,692.8994,526.9116,517.5976,532.9738,115.3883,175.4065,1.5201,0,0,0,0
1882,3,0,0,1,1,1,0.9845,0.9846,0.9115,0.8877,1110.6556,327.5589,957.2345,347.4469,969.2427,388.387,906.4962,359.337,154.7048,69.145,0.4469,0,0,0,0
1883,3,0,2,1,1,1,0.9622,0.9923,0.4277,0.7311,208.35,243.3205,348.7957,259.6388,265.1758,402.0929,418.8806,534.7708,141.3905,203.0483,1.4361,0,0,0,0
1883,3,0,1,1,1,1,0.9912,0.9912,0.9176,0.915,660.0635,352.2372,544.6492,352.8909,692.9079,526.9414,517.5953,533.0191,115.4162,175.4179,1.5199,0,0,0,0
1883,3,0,0,1,1,1,0.9845,0.9845,0.9116,0.8876,1110.6184,327.5729,957.2536,347.4756,969.2133,388.3459,906.5406,359.4507,154.6508,69.0131,0.4463,0,0,0,0
1884,3,0,2,1,1,1,0.9581,0.9903,0.4053,0.693,211.5746,247.1178,353.7374,260.9541,273.354,409.5938,416.3986,530.3803,142.8345,187.2195,1.3107,0,0,0,0
1884,3,0,1,1,1,1,0.9911,0.9911,0.9174,0.9146,659.9418,352.1047,544.2158,352.8724,693.5704,525.5744,516.4984,532.6753,115.7285,177.2142,1.5313,0,0,0,0
1884,3,0,0,1,1,1,0.9836,0.9837,0.9124,0.8897,1113.5513,325.0043,959.5374,345.7819,966.9112,346.6648,903.6097,330.3001,155.4091,65.3825,0.4207,0,0,0,0
1885,3,0,2,1,1,1,0.9582,0.9903,0.4051,0.6927,211.5496,247.1411,353.7331,260.9777,273.4288,409.9535,416.4232,530.5095,142.8551,187.0324,1.3092,0,0,0,0
1885,3,0,1,1,1,1,0.9911,0.9911,0.9175,0.9146,659.9312,352.091,544.2285,352.8663,693.613,525.5268,516.492,532.7088,115.7052,177.2665,1.5321,0,0,0,0
1885,3,0,0,1,1,1,0.9836,0.9837,0.9123,0.8897,1113.5632,325.0107,959.5372,345.7912,966.8873,346.6962,903.5942,330.3116,155.4215,65.3794,0.4207,0,0,0,0
1886,3,0,2,0,1,1,0.9462,0.9913,0.3524,0.7675,213.8022,251.7914,359.4086,259.0979,277.1319,443.9002,415.8812,521.5904,145.7896,159.0192,1.0907,0,0,0,0
1886,3,0,1,1,1,1,0.9907,0.9911,0.9135,0.9142,660.2394,352.2162,544.4479,353.1985,693.0992,526.5302,516.0106,532.2497,115.7957,177.181,1.5301,0,0,0,0
1886,3,0,0,1,1,1,0.9838,0.9837,0.9101,0.8882,1113.1934,321.6066,960.1899,336.7487,957.3713,316.4438,904.9849,317.2933,153.7509,52.3933,0.3408,0,0,0,0
1887,3,0,2,0,1,1,0.9461,0.9913,0.3521,0.7674,213.8352,251.846,359.3946,259.0834,277.1388,444.4779,415.8916,521.596,145.7392,158.7436,1.0892,0,0,0,0
1887,3,0,1,1,1,1,0.9907,0.9911,0.9136,0.9142,660.2162,352.2311,544.4727,353.2164,693.042,526.5702,515.9728,532.2636,115.7477,177.1606,1.5306,0,0,0,0
1887,3,0,0,1,1,1,0.9837,0.9837,0.91,0.8882,1113.2001,321.5792,960.1974,336.7106,957.3923,316.4855,905.0225,317.346,153.749,52.3769,0.3407,0,0,0,0
1888,3,0,2,0,1,1,0.9555,0.9922,0.3729,0.7517,216.6746,250.6357,366.9588,261.1088,266.7134,412.9,421.2508,530.3073,150.6487,194.0781,1.2883,0,0,0,0
1888,3,0,1,1,1,1,0.9896,0.9902,0.9231,0.9221,660.9161,350.2881,543.7292,352.5312,692.479,526.8025,516.4204,533.3127,117.2084,176.1789,1.5031,0,0,0,0
1888,3,0,0,1,1,1,0.9854,0.9816,0.9216,0.8815,1115.8187,323.473,960.3514,338.4537,954.6171,298.5327,909.3015,304.6145,156.1874,45.7219,0.2927,0,0,0,0
1889,3,0,2,0,1,1,0.9535,0.9936,0.3673,0.7926,219.0861,254.8345,378.6205,265.143,259.1528,433.8657,429.1124,544.5626,159.8671,202.8302,1.2687,0,0,0,0
1889,3,0,1,1,1,1,0.9901,0.9897,0.9265,0.9187,661.675,350.8651,542.4916,352.5515,691.7169,523.9388,516.6996,532.6664,119.1952,175.2348,1.4701,0,0,0,0
1889,3,0,0,1,1,1,0.9856,0.9811,0.9245,0.881,1114.1301,323.9677,959.412,338.3185,954.7506,289.3074,911.0027,297.2054,155.3822,44.4551,0.2861,0,0,0,0
1890,3,0,2,0,1,1,0.9535,0.9936,0.3676,0.7928,219.0651,254.8215,378.6418,265.1204,259.3106,433.5194,429.1246,544.5611,159.9087,202.8967,1.2688,0,0,0,0
1890,3,0,1,1,1,1,0.9901,0.9897,0.9266,0.9186,661.6812,350.9003,542.4722,352.5434,691.7038,523.9533,516.7006,532.6898,119.2204,175.2212,1.4697,0,0,0,0
1890,3,0,0,1,1,1,0.9856,0.9811,0.9243,0.8809,1114.1294,323.9557,959.4379,338.3196,954.7396,289.375,911.0123,297.2171,155.3569,44.4249,0.286,0,0,0,0
1891,3,0,2,1,1,1,0.9639,0.9932,0.4146,0.7688,226.7678,259.5869,390.2846,273.2736,249.48,487.9438,444.3499,554.3394,164.0886,205.8705,1.2546,0,0,0,0
1891,3,0,1,1,1,1,0.9894,0.9906,0.9211,0.9258,662.9857,351.3823,541.2492,352.5039,691.5442,515.9508,516.9281,525.3316,121.7417,174.8678,1.4364,0,0,0,0
1891,3,0,0,1,1,1,0.9853,0.9814,0.9237,0.885,1112.6646,323.4863,958.9733,337.8979,952.5051,283.1616,911.3942,292.5261,154.3654,42.164,0.2731,0,0,0,0
1892,3,0,2,1,1,1,0.9639,0.9932,0.4148,0.7688,226.7551,259.5745,390.2833,273.276,249.407,487.9402,444.3463,554.3257,164.1012,205.9329,1.2549,0,0,0,0
1892,3,0,1,1,1,1,0.9894,0.9906,0.9211,0.9258,662.9961,351.3988,541.2542,352.5029,691.4989,516.0058,516.9496,525.3319,121.7469,174.7982,1.4358,0,0,0,0
1892,3,0,0,1,1,1,0.9853,0.9814,0.9237,0.8849,1112.6791,323.4916,958.9514,337.9025,952.4884,283.1489,911.4017,292.4962,154.4017,42.1366,0.2729,0,0,0,0
1893,3,0,2,1,1,1,0.9725,0.9914,0.4547,0.6682,237.538,266.4006,404.9517,276.6247,274.8576,495.6123,451.152,569.1601,167.7256,191.021,1.1389,0,0,0,0
1893,3,0,1,1,1,1,0.9904,0.9907,0.9287,0.9265,663.9519,350.8776,540.2734,351.939,690.691,500.1745,516.7608,513.3804,123.683,174.4307,1.4103,0,0,0,0
1893,3,0,0,1,1,1,0.9851,0.9806,0.9246,0.8824,1112.2012,323.6893,959.5947,338.5124,951.9222,281.3404,911.4078,291.8855,153.3247,41.8642,0.273,0,0,0,0
1894,3,0,2,1,1,1,0.9727,0.9914,0.4556,0.668,237.5665,266.5534,404.8946,276.5608,275.0052,496.269,451.2144,568.712,167.6271,190.5194,1.1366,0,0,0,0
1894,3,0,1,1,1,1,0.9904,0.9907,0.9287,0.9264,663.9723,350.9128,540.3126,351.9519,690.7336,499.9156,516.722,513.35,123.664,174.5294,1.4113,0,0,0,0
1894,3,0,0,1,1,1,0.9851,0.9806,0.9245,0.8825,1112.2014,323.657,959.5977,338.4832,951.8407,281.3144,911.3296,291.8546,153.3222,41.8598,0.273,0,0,0,0
1895,3,0,1,1,1,1,0.9918,0.9903,0.8971,0.8933,667.141,351.0073,540.1486,349.8793,687.7088,501.4153,519.8988,497.4154,126.9974,167.8576,1.3217,0,0,0,0
1895,3,0,2,1,1,1,0.9781,0.991,0.5371,0.696,246.4967,268.2132,420.4996,282.4296,243.5274,516.7476,467.1458,567.4624,174.5827,229.2972,1.3134,0,0,0,0
1895,3,0,0,1,1,1,0.9851,0.9807,0.9236,0.8826,1111.5176,323.7476,958.4612,338.0005,952.0847,280.7208,911.3107,290.7698,153.7186,41.994,0.2732,0,0,0,0
1896,3,0,1,1,1,1,0.9918,0.9902,0.8971,0.8931,667.1358,351.0412,540.1342,349.9054,687.6364,501.5136,519.878,497.4332,127.0068,167.808,1.3213,0,0,0,0
1896,3,0,2,1,1,1,0.9783,0.991,0.5388,0.696,246.5392,268.1288,420.4522,282.5078,242.9468,516.4947,467.0778,567.3512,174.5065,229.8285,1.317,0,0,0,0
1896,3,0,0,1,1,1,0.9851,0.9806,0.9239,0.8823,1111.6443,323.7703,958.6087,338.0142,952.1299,280.6069,911.2524,290.7551,153.697,42.1184,0.274,0,0,0,0
1897,3,0,1,1,1,1,0.9883,0.9915,0.9121,0.933,666.888,351.0061,537.958,349.595,689.4431,476.4748,526.2455,491.403,128.9377,163.879,1.271,0,0,0,0
1897,3,0,0,1,1,1,0.9852,0.9811,0.9225,0.8824,1111.1522,323.522,957.8484,337.1753,952.1367,281.0121,911.5912,291.2306,153.9106,41.8133,0.2717,0,0,0,0
1897,3,0,2,1,1,1,0.9762,0.9885,0.5757,0.6761,260.0935,265.798,429.551,278.2604,249.7211,511.466,468.7558,559.6122,169.9151,224.2638,1.3199,0,0,0,0
1898,3,0,1,1,1,1,0.9883,0.9916,0.9118,0.9331,666.867,350.9068,537.9623,349.5298,689.5235,476.7257,525.9707,490.9982,128.9121,164.1744,1.2735,0,0,0,0
1898,3,0,0,1,1,1,0.9851,0.9811,0.9224,0.8826,1111.0928,323.5278,957.8809,337.1156,952.1845,281.0436,911.5491,291.2247,153.8132,41.8914,0.2724,0,0,0,0
1898,3,0,2,1,1,1,0.9796,0.9893,0.6054,0.7014,261.4068,268.0535,432.4575,281.5505,243.9011,515.9662,478.1378,562.4206,171.5824,238.7988,1.3917,0,0,0,0
1899,3,0,2,1,1,1,0.9793,0.9843,0.6518,0.6481,268.979,262.4994,439.4055,275.7162,237.5875,510.9992,473.8701,546.5387,170.9382,238.9404,1.3978,0,0,0,0
1899,3,0,0,1,1,1,0.985,0.9815,0.9204,0.8832,1110.314,323.3488,956.8008,336.8944,951.8828,281.2532,911.3486,292.252,154.1096,42.0,0.2725,0,0,0,0
1899,3,0,1,1,1,1,0.9907,0.9892,0.9322,0.9207,668.5164,352.1651,538.601,350.4784,663.4664,441.1184,532.7882,454.274,129.9263,131.3386,1.0109,1,0,0,0
1900,3,0,2,1,1,1,0.9872,0.9835,0.7305,0.672,292.2514,262.1873,450.5552,276.8723,266.9688,514.336,482.6774,528.0936,158.9836,216.1469,1.3596,0,0,0,0
1900,3,0,0,1,1,1,0.985,0.9812,0.9222,0.8846,1109.1115,322.8526,956.7744,336.7534,951.9476,280.8604,911.5693,292.3808,152.9699,41.9896,0.2745,0,0,0,0
1900,3,0,1,1,1,1,0.9927,0.9862,0.9484,0.9048,668.4573,351.6992,540.3038,348.609,660.7554,436.3244,530.692,444.9018,128.1908,130.3459,1.0168,1,0,0,0
1901,3,0,2,1,1,1,0.9873,0.9836,0.7304,0.6719,291.9773,262.2413,450.7388,276.8635,264.5805,514.4484,483.4188,528.0644,159.4334,219.2614,1.3753,0,0,0,0
1901,3,0,0,1,1,1,0.985,0.9812,0.9224,0.8844,1109.114,322.8208,956.7763,336.7239,951.9823,280.8706,911.5463,292.4022,152.9708,42.0482,0.2749,0,0,0,0
1901,3,0,1,1,1,1,0.9927,0.9862,0.9484,0.905,668.4362,351.6524,540.2784,348.6448,660.7674,436.3209,530.8646,444.5999,128.1931,130.1664,1.0154,1,0,0,0
1902,3,0,2,1,1,1,0.9871,0.983,0.7681,0.703,306.5862,265.3976,447.6714,279.0946,331.1922,510.9963,423.2009,533.0474,141.7485,94.6142,0.6675,0,0,0,0
1902,3,0,0,1,1,1,0.9855,0.9812,0.924,0.8838,1109.4075,323.1185,956.0767,337.3234,952.7411,282.2428,911.835,293.9606,153.9873,42.5513,0.2763,0,0,0,0
1902,3,0,1,1,1,1,0.9933,0.985,0.9518,0.8955,667.6532,350.602,539.8392,349.5326,667.8844,444.9624,529.59,447.2513,127.8185,138.3134,1.0821,1,0,0,0
1903,3,0,2,1,1,1,0.987,0.983,0.7679,0.7043,307.2141,265.3735,447.1074,279.0866,335.8432,511.336,419.348,533.6798,140.5638,86.4424,0.615,0,0,0,0
1903,3,0,0,1,1,1,0.9855,0.9811,0.9241,0.8838,1109.3894,323.1116,956.0676,337.3297,952.726,282.2436,911.8944,294.0304,153.9797,42.4988,0.276,0,0,0,0
1903,3,0,1,1,1,1,0.9933,0.9849,0.9518,0.8954,667.6546,350.5984,539.8098,349.5452,667.8843,444.953,529.5988,447.2829,127.8492,138.3051,1.0818,1,0,0,0
1904,3,0,2,1,1,1,0.9889,0.9836,0.76,0.6768,299.1641,267.0448,459.6912,279.9528,224.9042,511.1388,483.2702,522.9322,161.0453,258.635,1.606,0,0,0,0
1904,3,0,0,1,1,1,0.9856,0.9803,0.9247,0.8792,1108.4922,323.3257,956.7281,337.2598,954.7393,283.3567,912.2599,295.4645,152.4024,44.1712,0.2898,0,0,0,0
1904,3,0,1,1,1,1,0.9922,0.9856,0.9446,0.9004,667.1013,351.8129,540.9008,349.0024,653.3229,431.8426,536.4395,443.4655,126.2319,117.4598,0.9305,1,0,0,0
1905,3,0,2,1,1,1,0.9889,0.9836,0.7598,0.6766,299.0925,267.0527,459.7336,279.9427,224.4604,511.3082,483.3984,523.2988,161.1575,259.2155,1.6085,0,0,0,0
1905,3,0,0,1,1,1,0.9856,0.9803,0.9247,0.879,1108.4723,323.3185,956.6675,337.2536,954.8259,283.44,912.2825,295.6574,152.443,44.2629,0.2904,0,0,0,0
1905,3,0,1,1,1,1,0.9923,0.9854,0.9451,0.8995,667.0866,351.8696,540.9858,348.8574,653.3782,431.9103,535.445,444.9998,126.1368,118.6574,0.9407,1,0,0,0
1906,3,0,2,1,1,1,0.989,0.9831,0.7494,0.6662,297.3968,270.8068,461.6273,277.8668,218.1642,525.3999,483.9552,523.4654,164.3821,265.7981,1.617,0,0,0,0
1906,3,0,0,1,1,1,0.9856,0.9804,0.9246,0.8799,1109.7803,323.0564,956.1042,337.6989,952.7252,281.5482,911.9813,293.1722,154.3721,42.3697,0.2745,0,0,0,0
1906,3,0,1,1,1,1,0.992,0.988,0.9391,0.9045,667.067,350.407,543.9422,349.3948,667.185,454.5542,492.8194,526.1374,123.129,188.4874,1.5308,0,0,0,0
1907,3,0,2,1,1,1,0.989,0.9831,0.7494,0.6663,297.4508,270.7925,461.6264,277.8484,218.2386,525.2816,483.8668,523.3876,164.3271,265.6349,1.6165,0,0,0,0
1907,3,0,0,1,1,1,0.9856,0.9804,0.9245,0.88,1109.8037,323.0394,956.1093,337.71,952.712,281.569,911.9714,293.1936,154.393,42.3667,0.2744,0,0,0,0
1907,3,0,1,1,1,1,0.992,0.988,0.9391,0.9045,667.068,350.4121,543.9434,349.4196,667.1897,454.555,492.8258,526.1502,123.1286,188.4904,1.5308,0,0,0,0
1908,3,0,2,1,1,1,0.9893,0.9819,0.7467,0.6452,296.015,273.5891,462.0295,279.9533,223.5394,533.3538,484.1429,527.1164,166.1365,260.6782,1.5691,0,0,0,0
1908,3,0,0,1,1,1,0.986,0.9797,0.9267,0.8759,1109.4377,323.5972,956.6907,338.0446,953.7919,282.6619,912.3192,295.3685,153.4288,43.3756,0.2827,0,0,0,0
1908,3,0,1,1,1,1,0.9912,0.9897,0.9322,0.9157,667.0904,350.7739,544.2044,349.6128,674.0324,465.6526,488.2118,527.1986,122.8915,195.7478,1.5929,0,0,0,0
1909,3,0,2,1,1,1,0.9893,0.9819,0.7461,0.644,296.0245,273.6843,462.0506,279.9819,223.9944,533.6308,484.2221,527.3956,166.1455,260.3024,1.5667,0,0,0,0
1909,3,0,0,1,1,1,0.986,0.9797,0.9265,0.876,1109.421,323.5612,956.6613,337.9866,953.846,282.6929,912.3168,295.4554,153.4394,43.446,0.2831,0,0,0,0
1909,3,0,1,1,1,1,0.9911,0.9898,0.932,0.9159,667.0964,350.7628,544.1916,349.6149,674.0252,465.6637,488.163,527.2722,122.9102,195.807,1.5931,0,0,0,0
1910,3,0,2,1,1,1,0.9812,0.9705,0.8045,0.6574,296.4922,273.0001,455.345,276.6982,234.458,525.6457,454.1359,528.5106,158.8958,219.6966,1.3826,0,0,0,0
1910,3,0,0,1,1,1,0.9859,0.9806,0.9247,0.8788,1108.8094,322.9406,955.2384,337.662,953.1094,283.306,912.0009,296.591,154.275,43.2019,0.28,0,0,0,0
1910,3,0,1,1,1,1,0.9902,0.991,0.9177,0.9219,666.3486,351.0159,542.1196,350.1444,680.7254,479.6747,518.163,493.479,124.2321,163.1474,1.3132,0,0,0,0
1911,3,0,1,1,1,1,0.9905,0.9898,0.9297,0.9208,665.839,349.6712,540.4372,351.1834,683.324,490.2957,516.6684,499.8772,125.4108,166.9308,1.3311,0,0,0,0
1911,3,0,2,1,1,1,0.9788,0.9765,0.7,0.6282,289.4466,275.1886,448.2378,279.2906,246.3332,522.4882,439.2312,529.6499,158.8443,193.0309,1.2152,0,0,0,0
1911,3,0,0,1,1,1,0.9862,0.9805,0.9238,0.8752,1108.229,322.6953,953.6738,337.1016,952.6436,283.7579,911.5399,296.3395,155.2251,42.9862,0.2769,0,0,0,0
1912,3,0,1,1,1,1,0.9905,0.9898,0.9296,0.9208,665.8434,349.6863,540.445,351.1968,683.3068,490.3162,516.63,499.871,125.4075,166.9503,1.3313,0,0,0,0
1912,3,0,2,1,1,1,0.9789,0.9765,0.7009,0.6283,289.4761,275.1952,448.275,279.3275,246.2926,522.5403,439.8856,529.686,158.8526,193.7249,1.2195,0,0,0,0
1912,3,0,0,1,1,1,0.9861,0.9806,0.9236,0.8753,1108.2361,322.6951,953.6664,337.1165,952.641,283.7414,911.5317,296.3214,155.2409,42.991,0.2769,0,0,0,0
1913,3,0,1,1,1,1,0.991,0.9892,0.9345,0.9172,665.7804,349.5939,542.1803,350.5761,685.583,496.8332,513.8211,509.2395,123.6039,172.2093,1.3932,0,0,0,0
1913,3,0,2,1,1,1,0.9743,0.9816,0.5215,0.5529,282.6167,278.3981,436.099,286.9472,265.1242,512.0966,429.3214,535.267,153.7203,165.824,1.0787,0,0,0,0
1913,3,0,0,1,1,1,0.9858,0.9813,0.9221,0.8806,1106.7666,322.8367,952.7526,337.2153,952.2711,284.757,909.0744,295.94,154.6837,44.6207,0.2885,0,0,0,0
1914,3,0,1,1,1,1,0.9911,0.9892,0.9346,0.9173,665.7845,349.5753,542.1827,350.5629,685.5902,496.8598,513.714,509.1778,123.6058,172.3171,1.3941,0,0,0,0
1914,3,0,2,1,1,1,0.9744,0.9816,0.5231,0.5539,282.5348,278.3592,436.2192,286.9925,264.5583,512.1208,429.3618,535.3822,153.9266,166.437,1.0813,0,0,0,0
1914,3,0,0,1,1,1,0.9859,0.9812,0.9225,0.8797,1106.8555,322.8965,952.7935,337.2932,952.2964,284.9206,909.0853,295.9545,154.7332,44.5975,0.2882,0,0,0,0
1915,3,0,1,1,1,1,0.9905,0.99,0.93,0.922,665.8576,348.712,542.901,350.9501,685.7785,503.7521,515.5807,515.669,122.9769,170.6145,1.3874,0,0,0,0
1915,3,0,0,1,1,1,0.9854,0.9818,0.919,0.882,1105.6724,322.4083,951.0062,336.9869,950.9634,286.2753,907.657,296.7742,155.3517,44.5609,0.2868,0,0,0,0
1915,3,0,2,1,1,1,0.9742,0.986,0.4563,0.5722,275.5503,283.1283,420.7926,290.9528,267.297,532.797,421.5734,547.1114,145.4528,154.939,1.0652,0,0,0,0
1916,3,0,1,1,1,1,0.9905,0.99,0.9299,0.9219,665.8572,348.7376,542.9076,350.9792,685.7987,503.725,515.5778,515.6912,122.9701,170.641,1.3877,0,0,0,0
1916,3,0,0,1,1,1,0.9853,0.9818,0.9187,0.8823,1105.6481,322.4668,950.9304,336.9979,950.986,286.2065,907.6538,296.829,155.3986,44.6152,0.2871,0,0,0,0
1916,3,0,2,1,1,1,0.9736,0.9858,0.4498,0.5677,275.6117,283.0362,420.6806,291.0526,270.622,531.6758,422.2498,547.0716,145.2902,152.4074,1.049,0,0,0,0
1917,3,0,1,1,1,1,0.9897,0.9904,0.9245,0.9245,666.0554,349.5196,543.9854,351.6747,688.3028,509.5691,517.0884,522.7016,122.0891,171.7173,1.4065,0,0,0,0
1917,3,0,2,1,1,1,0.9635,0.9883,0.4946,0.7125,260.6432,276.4567,417.8916,288.0266,268.7427,489.7263,441.5404,531.2907,157.6734,177.7264,1.1272,0,0,0,0
1917,3,0,0,1,1,1,0.986,0.9806,0.9225,0.8759,1104.63,322.4218,950.8201,337.1796,951.2511,288.3662,907.741,299.5326,154.5163,44.9201,0.2907,0,0,0,0
1918,3,0,2,1,1,1,0.9786,0.9901,0.6253,0.7641,259.5156,274.5691,411.7538,287.6346,258.1583,491.9044,436.5563,522.3777,152.7979,180.982,1.1845,0,0,0,0
1918,3,0,1,1,1,1,0.9892,0.9906,0.9197,0.9247,665.6884,350.1246,544.1776,352.2651,689.1783,519.5212,520.8502,530.224,121.5296,168.668,1.3879,0,0,0,0
1918,3,0,0,1,1,1,0.9862,0.9799,0.9235,0.8713,1104.6299,321.9257,951.3025,336.6954,950.8516,290.9672,906.0617,300.9537,154.0371,45.8897,0.2979,0,0,0,0
1919,3,0,2,1,1,1,0.9786,0.9901,0.6253,0.7643,259.5072,274.5476,411.731,287.5982,257.8339,491.902,436.5368,522.3394,152.7822,181.2765,1.1865,0,0,0,0
1919,3,0,1,1,1,1,0.9892,0.9906,0.9198,0.9247,665.6697,350.0737,544.1608,352.1929,689.1466,519.5512,520.9112,530.2188,121.5274,168.5732,1.3871,0,0,0,0
1919,3,0,0,1,1,1,0.9862,0.9798,0.9236,0.8712,1104.6133,321.9532,951.3349,336.6965,950.8419,290.9762,906.0787,301.0002,153.9858,45.8718,0.2979,0,0,0,0
1920,3,0,1,1,1,1,0.9898,0.9924,0.9043,0.9254,664.726,350.7122,546.315,352.3838,688.586,524.5268,522.943,530.5374,118.4229,165.7521,1.3997,0,0,0,0
1920,3,0,2,1,1,1,0.982,0.9906,0.6598,0.7802,252.5367,278.9469,403.0701,287.2785,243.318,498.672,432.8924,517.6184,150.7637,190.5188,1.2637,0,0,0,0
1920,3,0,0,1,1,1,0.99,0.9772,0.9269,0.8452,1106.7139,323.4028,952.3206,338.5154,953.7001,286.491,904.6625,302.4092,155.1312,51.5566,0.3323,0,0,0,0
1921,3,0,1,1,1,1,0.9897,0.9924,0.9041,0.9255,664.707,350.7396,546.3082,352.4202,688.5768,524.517,522.9698,530.5501,118.4107,165.7168,1.3995,0,0,0,0
1921,3,0,2,1,1,1,0.982,0.9906,0.6598,0.7802,252.555,278.9749,403.0412,287.2305,243.2099,498.9388,432.9026,517.6328,150.7125,190.6116,1.2647,0,0,0,0
1921,3,0,0,1,1,1,0.99,0.9772,0.9268,0.8453,1106.7312,323.4276,952.3156,338.5484,953.6834,286.4642,904.6826,302.4086,155.1542,51.5297,0.3321,0,0,0,0
1922,3,0,1,1,1,1,0.9888,0.9927,0.8964,0.9284,663.9892,350.4288,546.9679,352.5979,690.4712,525.1244,524.3668,530.7152,117.0413,166.1986,1.42,0,0,0,0
1922,3,0,2,1,1,1,0.9792,0.9921,0.6274,0.805,249.0716,275.7034,392.9982,287.5789,251.9452,482.4369,430.2917,517.1168,144.4158,181.687,1.2581,0,0,0,0
1922,3,0,0,1,1,1,0.9894,0.9786,0.9229,0.854,1105.502,323.1771,950.7064,339.2374,954.8146,291.5941,901.154,308.5017,155.6264,56.2612,0.3615,0,0,0,0
1923,3,0,1,1,1,1,0.9888,0.9927,0.8965,0.9284,664.0058,350.4256,546.968,352.5869,690.451,525.1271,524.3758,530.6755,117.0579,166.168,1.4195,0,0,0,0
1923,3,0,2,1,1,1,0.979,0.9921,0.6253,0.8055,249.0239,275.6366,392.9911,287.6036,252.2566,482.3069,430.3202,517.1844,144.4638,181.4473,1.256,0,0,0,0
1923,3,0,0,1,1,1,0.9894,0.9786,0.9229,0.854,1105.497,323.19,950.7069,339.259,954.8398,291.5842,901.1198,308.6167,155.6219,56.3556,0.3621,0,0,0,0
1924,3,0,1,1,1,1,0.9881,0.9926,0.8922,0.9285,663.921,350.399,548.0644,352.0721,691.635,525.1206,523.7832,529.6046,115.8688,167.9116,1.4492,0,0,0,0
1924,3,0,0,1,1,1,0.9891,0.9796,0.9185,0.8561,1104.1904,322.6708,947.6088,338.6578,956.5036,301.392,900.0269,315.9404,157.3956,58.3205,0.3705,0,0,0,0
1924,3,0,2,1,1,1,0.9653,0.9943,0.4927,0.8472,249.4937,270.0057,382.9966,282.4075,273.5604,461.8328,425.7458,515.9623,134.0777,161.5253,1.2047,0,0,0,0
1925,3,0,1,1,1,1,0.9885,0.9925,0.8953,0.9271,664.3068,351.0897,548.0199,352.6781,690.047,525.8128,524.5591,530.0365,116.2977,165.5418,1.4234,0,0,0,0
1925,3,0,2,1,1,1,0.9597,0.9948,0.468,0.8605,254.5429,266.0788,380.0173,279.2696,293.3014,415.2786,422.6238,515.824,126.1658,163.8098,1.2984,0,0,0,0
1925,3,0,0,1,1,1,0.9899,0.9791,0.9221,0.8486,1102.4713,322.388,945.4189,339.7684,964.0449,319.6018,897.1826,313.5685,158.0112,67.134,0.4249,0,0,0,0
1926,3,0,1,1,1,1,0.9885,0.9925,0.8953,0.9271,664.3056,351.1024,548.0179,352.6749,690.0147,525.824,524.561,530.0334,116.2984,165.5072,1.4231,0,0,0,0
1926,3,0,2,1,1,1,0.9597,0.9948,0.469,0.8609,254.5863,266.0104,379.9978,279.2746,293.1669,413.9068,422.6462,515.786,126.111,164.7551,1.3064,0,0,0,0
1926,3,0,0,1,1,1,0.9899,0.9791,0.9222,0.8486,1102.4376,322.3842,945.4254,339.784,964.0884,319.6884,897.2342,313.5531,157.9734,67.1351,0.425,0,0,0,0
1927,3,0,1,1,1,1,0.989,0.9925,0.8987,0.9262,664.4028,351.0685,547.789,352.8632,687.4662,527.0064,524.281,530.6026,116.6276,163.2249,1.3995,0,0,0,0
1927,3,0,0,1,1,1,0.9915,0.9755,0.9359,0.8329,1097.3743,324.1045,940.3824,345.2414,965.3764,371.606,902.1277,334.9676,158.4084,73.0943,0.4614,0,0,0,0
1927,3,0,2,0,1,1,0.9502,0.9945,0.3882,0.8356,257.7475,261.262,377.7897,277.217,289.4344,385.0428,418.3762,518.8437,121.0979,185.8189,1.5345,0,0,0,0
1928,3,0,1,1,1,1,0.989,0.9925,0.8987,0.9261,664.4016,351.071,547.7948,352.8372,687.4222,527.0315,524.2926,530.5758,116.6203,163.1681,1.3991,0,0,0,0
1928,3,0,0,1,1,1,0.9915,0.9754,0.936,0.8325,1097.3665,324.1229,940.4471,345.2429,965.2507,371.4669,902.1951,334.8186,158.3343,72.9323,0.4606,0,0,0,0
1928,3,0,2,0,1,1,0.9501,0.9945,0.387,0.8347,257.7019,261.2612,377.8182,277.227,289.7247,385.0228,418.3547,518.8808,121.1727,185.6438,1.5321,0,0,0,0
1929,3,0,1,1,1,1,0.99,0.9918,0.9067,0.9199,665.0912,351.8524,547.15,353.2838,684.7021,529.4812,524.1392,530.9424,117.9498,160.5695,1.3613,0,0,0,0
1929,3,0,0,1,1,1,0.9897,0.9775,0.9277,0.8265,1097.6364,334.1182,931.8276,358.4114,965.5475,425.4381,916.1387,393.294,167.5789,58.9448,0.3517,1,1,1,0
1929,3,0,2,0,1,1,0.9452,0.9942,0.363,0.8304,259.4369,262.6533,378.2512,276.1611,299.8067,387.6979,416.0231,515.6703,119.5796,172.8675,1.4456,0,0,0,0
1930,3,0,1,1,1,1,0.99,0.9918,0.9068,0.9199,665.0714,351.8048,547.1544,353.243,684.7634,529.4358,524.1236,530.9002,117.9257,160.6464,1.3623,0,0,0,0
1930,3,0,0,1,1,1,0.9897,0.9776,0.9274,0.8272,1097.5889,334.0911,931.8171,358.4741,965.3262,425.5469,916.2745,392.914,167.5554,58.9149,0.3516,1,1,2,0
1930,3,0,2,0,1,1,0.9448,0.9942,0.3623,0.8299,259.4363,262.6566,378.2743,276.1958,300.0562,388.0781,416.0476,515.6983,119.6068,172.4555,1.4419,0,0,0,0
1931,3,0,1,1,1,1,0.9898,0.9924,0.9035,0.9245,665.4864,351.2193,547.048,353.1734,683.734,526.5984,523.4168,531.7164,118.4545,160.3989,1.3541,0,0,0,0
1931,3,0,2,0,1,1,0.9403,0.9938,0.2991,0.8083,263.8537,269.2526,376.7227,276.7327,320.8674,463.4154,418.7982,517.3557,113.1166,111.8034,0.9884,0,0,0,0
1931,3,0,0,1,1,1,0.9937,0.9774,0.9308,0.7717,1098.7432,338.2203,931.796,357.9792,979.0861,478.5013,901.4685,480.6572,168.1124,77.6476,0.4619,0,0,0,0
1932,3,0,1,1,1,1,0.9898,0.9924,0.9035,0.9245,665.4779,351.2196,547.0418,353.179,683.7274,526.5632,523.4009,531.712,118.4523,160.4092,1.3542,0,0,0,0
1932,3,0,2,0,1,1,0.9403,0.9938,0.2988,0.8083,263.8521,269.2628,376.7056,276.7332,320.8726,463.5786,418.793,517.3668,113.1004,111.7209,0.9878,0,0,0,0
1932,3,0,0,1,1,1,0.9938,0.9774,0.9308,0.7715,1098.7373,338.2294,931.7964,357.9816,979.1169,478.4987,901.439,480.6516,168.1053,77.7078,0.4623,0,0,0,0
1933,3,0,1,1,1,1,0.9895,0.9924,0.9006,0.9235,665.4026,350.8096,546.7306,352.6478,683.4892,525.7072,522.6118,532.1269,118.6862,161.0054,1.3566,0,0,0,0
1933,3,0,2,0,1,1,0.9118,0.987,0.3595,0.81,265.6543,273.3845,368.8128,276.7393,340.1131,479.1438,422.5984,516.5114,103.213,90.5548,0.8774,0,0,0,0
1933,3,0,0,1,1,1,0.9918,0.9863,0.897,0.7926,1095.6274,344.6077,929.2334,355.8656,1014.9775,554.8083,885.2941,617.888,166.7745,144.2111,0.8647,0,0,0,0
1934,3,0,0,1,1,1,0.9908,0.9814,0.896,0.7972,1096.4138,343.3772,928.5679,355.6343,1076.9691,593.0006,878.5201,631.696,168.2929,202.1864,1.2014,0,0,0,0
1934,3,0,1,1,1,1,0.9892,0.9924,0.8995,0.9248,665.4958,351.4541,546.9518,352.5578,683.6698,524.0197,521.4552,531.0512,118.5491,162.3669,1.3696,0,0,0,0
1934,3,0,2,1,1,1,0.951,0.9947,0.4294,0.8765,274.0925,273.1326,375.5536,279.1763,327.1893,485.6996,430.0548,511.313,101.6409,106.0065,1.043,0,0,0,0
1935,3,0,0,1,1,1,0.9908,0.9814,0.896,0.7971,1096.4536,343.3742,928.57,355.6148,1076.9818,593.0054,878.5385,631.6751,168.3293,202.1759,1.2011,0,0,0,0
1935,3,0,1,1,1,1,0.9892,0.9924,0.8997,0.9248,665.4724,351.4321,546.9575,352.555,683.6696,523.9691,521.4546,531.0453,118.5203,162.3692,1.37,0,0,0,0
1935,3,0,2,1,1,1,0.951,0.9947,0.4297,0.8766,274.0744,273.1262,375.5528,279.1771,327.0602,485.6523,430.0542,511.3163,101.6586,106.1434,1.0441,0,0,0,0
1936,3,0,1,1,1,1,0.9892,0.9925,0.8989,0.9251,665.3724,351.2587,546.601,352.8395,684.4918,524.2004,521.0259,532.5026,118.7818,163.6766,1.378,0,0,0,0
1936,3,0,0,1,1,1,0.9901,0.9816,0.8815,0.8013,1095.5115,345.9531,925.0598,356.5737,1112.8011,623.1586,883.6967,624.3932,170.7822,229.1078,1.3415,0,0,0,0
1936,3,0,2,0,1,1,0.945,0.9951,0.3736,0.8733,281.1412,272.4786,372.3027,274.5362,316.7974,492.2678,436.1856,511.915,91.1847,120.994,1.3269,0,0,0,0
1937,3,0,1,1,1,1,0.9892,0.9925,0.8989,0.9251,665.3933,351.2709,546.6032,352.83,684.4242,524.2881,521.0567,532.506,118.8003,163.5741,1.3769,0,0,0,0
1937,3,0,0,1,1,1,0.9901,0.9816,0.8818,0.8012,1095.5187,345.9563,925.0798,356.5581,1112.8088,623.0078,883.648,624.2138,170.7683,229.164,1.342,0,0,0,0
1937,3,0,2,0,1,1,0.9449,0.9951,0.3732,0.8731,281.1073,272.4606,372.3071,274.5345,316.8626,492.0766,436.1948,511.9265,91.2234,120.9718,1.3261,0,0,0,0
1938,3,0,0,1,1,1,0.9925,0.9876,0.8512,0.7462,1091.5927,345.0796,919.4843,355.8334,1140.2316,623.2716,880.6892,633.313,172.444,259.7365,1.5062,0,0,0,0
1938,3,0,1,1,1,1,0.9894,0.9922,0.9018,0.9224,665.2956,351.2528,546.5542,352.8492,685.0992,524.65,520.497,532.2176,118.7521,164.7762,1.3876,0,0,0,0
1938,3,0,2,0,1,1,0.9425,0.9951,0.3894,0.8848,286.2717,270.6327,371.4791,273.5752,315.2658,489.506,439.1149,506.5089,85.2582,125.0108,1.4663,0,0,0,0
1939,3,0,0,1,1,1,0.9925,0.9876,0.8513,0.746,1091.584,345.0768,919.4786,355.8282,1140.2123,623.1603,880.722,633.3554,172.4409,259.6904,1.506,0,0,0,0
1939,3,0,1,1,1,1,0.9894,0.9922,0.9018,0.9225,665.2935,351.2497,546.5474,352.8676,685.1046,524.6246,520.4987,532.2234,118.7571,164.7812,1.3875,0,0,0,0
1939,3,0,2,0,1,1,0.9425,0.9951,0.389,0.8847,286.2716,270.6156,371.4655,273.5954,315.3001,489.496,439.1578,506.5586,85.246,125.0274,1.4667,0,0,0,0
1940,3,0,0,1,1,1,0.9931,0.9863,0.8721,0.7432,1090.8579,344.4682,916.5621,356.0312,1162.8176,618.6106,879.9604,632.2082,174.679,283.1839,1.6212,0,0,0,0
1940,3,0,1,1,1,1,0.9892,0.9923,0.8988,0.9228,664.7142,351.4754,546.5349,353.1099,686.3037,526.2573,520.318,531.179,118.1906,166.0587,1.405,0,0,0,0
1940,3,0,2,0,1,1,0.9296,0.9942,0.3517,0.8759,292.7195,270.4302,367.5055,272.4386,345.0586,487.688,442.6544,507.0368,74.813,99.4954,1.3299,0,0,0,0
1941,3,0,0,1,1,1,0.9931,0.9862,0.8721,0.7432,1090.8575,344.4803,916.5699,356.035,1162.8226,618.6059,879.9981,632.1809,174.6703,283.1501,1.6211,0,0,0,0
1941,3,0,1,1,1,1,0.9892,0.9923,0.8988,0.9228,664.7104,351.4788,546.523,353.1162,686.2888,526.2458,520.3188,531.1958,118.1987,166.0439,1.4048,0,0,0,0
1941,3,0,2,0,1,1,0.9295,0.9942,0.3517,0.876,292.6935,270.3798,367.5104,272.4394,344.7007,487.4828,442.6092,507.0654,74.8453,99.8477,1.3341,0,0,0,0
1942,3,0,0,1,1,1,0.994,0.9862,0.8842,0.7442,1088.1604,344.7199,915.8682,355.6886,1168.8735,616.0296,880.2929,628.012,172.641,288.8293,1.673,0,0,0,0
1942,3,0,1,1,1,1,0.9896,0.9924,0.9003,0.9229,664.4847,351.5255,546.5569,352.8574,687.7254,527.1268,520.436,530.693,117.9353,167.3274,1.4188,0,0,0,0
1942,3,0,2,0,1,1,0.9251,0.9938,0.358,0.8817,300.1714,270.444,362.3757,271.8128,344.4719,494.8197,442.8654,507.9469,62.2193,99.2654,1.5954,0,0,0,0
1943,3,0,0,1,1,1,0.994,0.9862,0.8843,0.744,1088.1305,344.6796,915.889,355.684,1168.8528,616.0246,880.3507,628.0852,172.5927,288.7541,1.673,0,0,0,0
1943,3,0,1,1,1,1,0.9895,0.9924,0.9003,0.9228,664.5064,351.5242,546.5375,352.867,687.7296,527.164,520.4402,530.7112,117.9765,167.3269,1.4183,0,0,0,0
1943,3,0,2,0,1,1,0.9249,0.9938,0.3576,0.8817,300.1406,270.4163,362.3702,271.7601,344.1432,494.6564,442.6804,507.6204,62.244,99.3863,1.5967,0,0,0,0
1944,3,0,0,1,1,1,0.9938,0.9862,0.8867,0.7557,1085.4285,344.3293,912.0577,355.2112,1170.3762,614.0042,878.4112,626.9622,173.712,292.2524,1.6824,0,0,0,0
1944,3,0,1,1,1,1,0.9898,0.9922,0.9025,0.9211,664.318,351.4552,546.5081,353.3848,689.8908,527.3738,520.3408,530.5984,117.8257,169.5807,1.4393,0,0,0,0
1944,3,0,2,1,1,1,0.9418,0.9929,0.5184,0.9058,309.2303,269.4602,352.9668,275.2416,385.9712,480.5631,435.3042,499.8841,44.1169,52.9815,1.2009,0,0,0,0
1945,3,0,0,1,1,1,0.9938,0.9862,0.8868,0.7556,1085.444,344.3438,912.0584,355.235,1170.5216,614.2198,878.4263,627.0284,173.7273,292.376,1.683,0,0,0,0
1945,3,0,1,1,1,1,0.9898,0.9922,0.9025,0.9211,664.338,351.4718,546.5009,353.4038,689.8896,527.3732,520.354,530.6034,117.8529,169.5664,1.4388,0,0,0,0
1945,3,0,2,1,1,1,0.9418,0.9929,0.5188,0.9059,309.2557,269.4602,352.9665,275.2308,386.3336,480.5807,435.2826,499.8596,44.0901,52.6089,1.1932,0,0,0,0
1946,3,0,0,1,1,1,0.9941,0.987,0.8798,0.7463,1083.7516,345.9873,907.2584,356.4016,1168.548,622.2031,870.7748,631.6926,176.8002,297.9244,1.6851,0,0,0,0
1946,3,0,1,1,1,1,0.9901,0.9921,0.9043,0.9194,664.2338,351.2045,546.1825,353.5563,690.9682,526.7804,520.7927,531.0924,118.0747,170.2302,1.4417,0,0,0,0
1946,3,0,2,1,1,1,0.9416,0.9926,0.5884,0.9235,325.1086,273.4862,344.1719,280.4464,403.2463,480.091,421.7746,498.022,20.2942,25.7841,1.2705,0,0,0,0
1947,3,0,0,1,1,1,0.994,0.9882,0.8682,0.7431,1081.6974,346.2542,904.0253,355.8437,1156.2394,622.1205,864.8555,638.6894,177.9307,291.8546,1.6403,0,0,0,0
1947,3,0,1,1,1,1,0.9898,0.992,0.9027,0.9189,664.1529,351.9804,546.3678,353.4365,689.7263,527.2195,519.3384,531.1272,117.7942,170.4327,1.4469,0,0,0,0
1947,3,0,2,1,1,1,0.936,0.9919,0.6601,0.9426,350.9392,280.6234,330.9578,282.2717,412.0553,493.0008,410.9964,503.3231,20.0493,10.3764,0.5175,0,0,0,0
