frame,raw_num_people,anomaly,track_id,conf_ok,boundary_ok,overlap_ok,conf_ls,conf_rs,conf_lw,conf_rw,ls_x,ls_y,rs_x,rs_y,lw_x,lw_y,rw_x,rw_y,shoulder_dist,wrist_dist,ratio,frontal,hands_now,consecutive_frames,confirmed
0,3,0,0,1,1,1,0.9848,0.9921,0.7952,0.8627,1206.1531,350.9454,918.3612,337.156,1144.2753,416.924,1067.0223,409.506,288.122,77.6083,0.2694,1,1,1,0
0,3,0,1,1,1,1,0.9906,0.9893,0.9197,0.8851,403.066,204.736,133.8272,201.5045,281.0589,223.3038,224.4001,219.1576,269.2583,56.8103,0.211,1,1,1,0
0,3,0,2,1,1,1,0.9863,0.9883,0.8513,0.8589,791.8769,324.9443,518.2378,324.6628,680.7756,432.999,628.2641,430.6436,273.6392,52.5643,0.1921,1,1,1,0
1,3,0,0,1,1,1,0.9849,0.9922,0.7885,0.8605,1206.6826,350.7283,917.6727,336.8296,1147.1581,419.5085,1067.8152,407.9941,289.344,80.174,0.2771,1,1,2,0
1,3,0,1,1,1,1,0.9905,0.9892,0.92,0.8847,402.9989,204.93,134.0059,201.5295,281.4109,223.6317,224.1317,219.6744,269.0145,57.4157,0.2134,1,1,2,0
1,3,0,2,1,1,1,0.9868,0.9886,0.8467,0.8536,791.9474,324.7208,517.0063,325.1154,681.283,433.5772,627.565,430.5378,274.9414,53.8039,0.1957,1,1,2,0
2,3,0,0,1,1,1,0.985,0.9922,0.7872,0.8592,1206.9912,350.8214,917.4813,336.9328,1147.7277,420.4141,1066.8748,408.8942,289.8429,81.6695,0.2818,1,1,3,0
2,3,0,1,1,1,1,0.9906,0.9891,0.921,0.8841,403.5865,205.0944,134.9336,201.6172,280.4858,223.067,225.1404,218.327,268.6754,55.548,0.2067,1,1,3,0
2,3,0,2,1,1,1,0.9868,0.9888,0.8438,0.8539,792.0413,324.6439,516.6026,326.0856,681.739,433.0802,626.1505,430.6192,275.4426,55.6429,0.202,1,1,3,0
3,3,0,0,1,1,1,0.985,0.9922,0.7855,0.8579,1207.0388,350.7774,917.3901,337.0022,1147.408,420.4178,1067.0848,408.3425,289.9761,81.2257,0.2801,1,1,4,0
3,3,0,1,1,1,1,0.9906,0.9891,0.9211,0.8844,403.4897,205.0908,134.7034,201.4091,280.4318,222.8808,225.3984,218.0437,268.8115,55.2456,0.2055,1,1,4,0
3,3,0,2,1,1,1,0.9868,0.9888,0.8441,0.8535,792.0254,324.6476,516.5912,326.172,681.7813,433.2765,625.837,430.8294,275.4384,55.9978,0.2033,1,1,4,0
4,3,0,0,1,1,1,0.9851,0.9921,0.7889,0.8578,1205.8966,350.034,917.906,337.5955,1151.7147,425.1008,1065.4236,409.4002,288.2591,87.7079,0.3043,1,1,5,0
4,3,0,1,1,1,1,0.9907,0.9892,0.9208,0.8835,403.3976,205.4496,135.0162,201.9302,280.7646,222.8286,224.4655,218.8138,268.4045,56.4421,0.2103,1,1,5,0
4,3,0,2,1,1,1,0.9866,0.9886,0.8465,0.8559,792.0402,324.7245,517.4481,326.7507,680.7516,432.1142,625.4864,430.4008,274.5995,55.2918,0.2014,1,1,5,0
5,3,0,0,1,1,1,0.9852,0.9921,0.7872,0.8567,1205.8729,349.9713,917.4886,337.428,1151.6204,424.1314,1065.8833,408.4154,288.657,87.1656,0.302,1,1,6,1
5,3,0,1,1,1,1,0.9906,0.9891,0.9209,0.8838,403.3981,205.4646,134.9966,201.8034,280.9613,222.5985,224.755,218.3444,268.4264,56.3671,0.21,1,1,6,1
5,3,0,2,1,1,1,0.9867,0.9886,0.8477,0.8555,791.785,324.7524,517.2778,326.7776,680.3818,432.0466,625.1817,430.588,274.5147,55.2194,0.2012,1,1,6,1
6,3,0,0,1,1,1,0.985,0.9921,0.7877,0.858,1205.164,350.0313,917.3004,337.8018,1151.5065,426.4492,1066.1437,407.78,288.1232,87.3805,0.3033,1,1,7,1
6,3,0,1,1,1,1,0.9906,0.9893,0.92,0.8854,403.3253,205.9319,134.0469,202.4182,280.8719,223.0126,224.3919,218.9484,269.3013,56.626,0.2103,1,1,7,1
6,3,0,2,1,1,1,0.9866,0.9884,0.849,0.8557,790.794,325.3639,517.331,326.9596,679.4166,430.6627,627.8099,428.7099,273.4678,51.6436,0.1888,1,1,7,1
7,3,0,0,1,1,1,0.985,0.9921,0.7867,0.8575,1205.3597,350.119,917.2493,337.833,1151.3981,426.0028,1065.8209,408.0593,288.3723,87.4381,0.3032,1,1,8,1
7,3,0,1,1,1,1,0.9905,0.9893,0.9202,0.8859,403.1738,205.9276,133.8626,202.2794,280.7222,222.9712,224.7224,218.7022,269.3359,56.1623,0.2085,1,1,8,1
7,3,0,2,1,1,1,0.9866,0.9883,0.8498,0.8566,790.7298,325.2364,517.4974,326.8805,679.5489,430.6228,628.198,428.662,273.2374,51.3883,0.1881,1,1,8,1
8,3,0,0,1,1,1,0.9847,0.9922,0.7913,0.8637,1204.8765,350.2186,917.7106,337.8156,1148.1003,425.3404,1064.989,407.776,287.4336,84.947,0.2955,1,1,9,1
8,3,0,1,1,1,1,0.9904,0.9891,0.921,0.8871,403.1734,205.253,134.6043,201.2585,280.9322,223.5925,225.273,218.2994,268.5988,55.9103,0.2082,1,1,9,1
8,3,0,2,1,1,1,0.9868,0.9883,0.8499,0.8536,791.1366,325.449,517.0283,327.2704,679.742,429.6861,627.2274,429.7194,274.1143,52.5147,0.1916,1,1,9,1
9,3,0,0,1,1,1,0.9845,0.992,0.7915,0.8644,1205.4573,351.4916,917.2543,338.4451,1146.093,424.7751,1065.1267,407.4162,288.4982,82.8062,0.287,1,1,10,1
9,3,0,1,1,1,1,0.9905,0.9892,0.9208,0.8858,403.3049,205.3416,134.122,201.537,279.7852,222.888,225.7551,218.4296,269.2098,54.2137,0.2014,1,1,10,1
9,3,0,2,1,1,1,0.9867,0.9883,0.8494,0.8539,791.6704,325.1828,517.1913,327.9767,677.7195,428.1751,627.0316,429.1348,274.4934,50.6969,0.1847,1,1,10,1
10,3,0,0,1,1,1,0.9844,0.992,0.7914,0.8648,1205.4309,351.3926,917.3331,338.4945,1146.1774,424.8442,1065.1628,407.6289,288.3864,82.8234,0.2872,1,1,11,1
10,3,0,1,1,1,1,0.9905,0.9892,0.9207,0.8857,403.2787,205.3981,134.1571,201.6073,279.9193,222.9058,225.7138,218.4272,269.1483,54.3902,0.2021,1,1,11,1
10,3,0,2,1,1,1,0.9867,0.9883,0.8497,0.8543,791.5266,325.0369,517.2322,327.9178,677.7094,428.1962,627.1032,429.0317,274.3095,50.613,0.1845,1,1,11,1
11,3,0,0,1,1,1,0.9846,0.9918,0.7961,0.864,1203.691,350.7544,917.1176,338.2348,1146.7418,425.8524,1065.286,408.0321,286.8468,83.3823,0.2907,1,1,12,1
11,3,0,1,1,1,1,0.9903,0.9893,0.9199,0.8875,403.1047,205.969,133.9256,202.1619,279.8988,222.7492,224.5514,218.8146,269.206,55.487,0.2061,1,1,12,1
11,3,0,2,1,1,1,0.9867,0.9882,0.8497,0.8533,791.4882,325.4247,517.2786,328.104,677.0864,427.6064,627.242,428.9086,274.2226,49.8614,0.1818,1,1,12,1
12,3,0,0,1,1,1,0.9845,0.9918,0.7956,0.8637,1203.8124,350.8245,917.0438,338.2732,1146.1423,425.3372,1065.2223,408.2892,287.0432,82.6964,0.2881,1,1,13,1
12,3,0,1,1,1,1,0.9903,0.9894,0.9198,0.8874,403.1252,205.9855,134.0038,202.1826,279.9998,222.8289,224.5253,218.8856,269.1482,55.6146,0.2066,1,1,13,1
12,3,0,2,1,1,1,0.9867,0.9882,0.8497,0.8535,791.4478,325.3749,517.2555,328.0624,677.067,427.6397,627.2487,428.9228,274.2054,49.8348,0.1817,1,1,13,1
13,3,0,0,1,1,1,0.9852,0.9917,0.8015,0.86,1203.8562,350.1325,916.3177,337.577,1148.0028,426.6558,1066.9987,408.8123,287.8124,82.9461,0.2882,1,1,14,1
13,3,0,1,1,1,1,0.9904,0.9892,0.92,0.8858,403.5325,205.6431,134.6731,201.5943,279.9014,222.8326,224.4462,218.824,268.8899,55.5999,0.2068,1,1,14,1
13,3,0,2,1,1,1,0.9869,0.9882,0.8522,0.8538,791.7711,325.4331,517.524,328.019,677.2087,427.8216,625.5522,430.5302,274.2593,51.7274,0.1886,1,1,14,1
14,3,0,0,1,1,1,0.9853,0.9917,0.8017,0.8598,1203.7874,350.1394,916.3291,337.5438,1148.2535,426.738,1067.0841,408.7804,287.7341,83.1321,0.2889,1,1,15,1
14,3,0,1,1,1,1,0.9904,0.9892,0.9199,0.8858,403.5658,205.6138,134.6334,201.6218,279.8719,222.8746,224.5483,218.7574,268.9621,55.4766,0.2063,1,1,15,1
14,3,0,2,1,1,1,0.9869,0.9882,0.8521,0.8537,791.798,325.4375,517.5598,328.1111,677.2906,427.852,625.3328,430.485,274.2512,52.0246,0.1897,1,1,15,1
15,3,0,0,1,1,1,0.9852,0.9917,0.8006,0.861,1203.1033,349.8478,915.8902,337.7839,1148.9009,427.3864,1066.8872,409.6224,287.4663,83.9155,0.2919,1,1,16,1
15,3,0,1,1,1,1,0.9904,0.9892,0.9204,0.8859,403.8591,205.8384,133.9398,201.5034,280.0284,221.7825,225.1404,218.2475,269.9541,55.0016,0.2037,1,1,16,1
15,3,0,2,1,1,1,0.9868,0.9881,0.8532,0.8557,791.358,325.4646,518.0478,327.9154,677.5966,428.4692,627.0251,429.2284,273.3213,50.5772,0.185,1,1,16,1
16,3,0,0,1,1,1,0.9849,0.9918,0.795,0.8603,1203.62,350.0751,914.9849,338.1777,1148.4373,426.5098,1067.2538,408.9846,288.8802,83.0535,0.2875,1,1,17,1
16,3,0,1,1,1,1,0.9902,0.9893,0.9198,0.8875,404.1474,205.8628,133.8307,202.0353,281.8347,224.0513,225.4023,219.2134,270.3437,56.6394,0.2095,1,1,17,1
16,3,0,2,1,1,1,0.9868,0.9883,0.8508,0.8551,791.8937,325.4762,518.2057,327.7955,678.039,428.1191,626.0066,429.7296,273.6978,52.0574,0.1902,1,1,17,1
17,3,0,0,1,1,1,0.985,0.9918,0.7961,0.8602,1203.7493,349.8774,915.0403,338.0074,1148.5033,426.7521,1067.1497,408.9285,288.9529,83.2832,0.2882,1,1,18,1
17,3,0,1,1,1,1,0.9902,0.9893,0.9198,0.8874,404.195,205.8063,133.8378,201.9842,281.8174,224.097,225.4916,219.1227,270.3842,56.545,0.2091,1,1,18,1
17,3,0,2,1,1,1,0.9868,0.9883,0.851,0.8559,791.9295,325.4516,518.3484,327.7138,678.1024,427.9613,626.0654,429.867,273.5905,52.0718,0.1903,1,1,18,1
18,3,0,0,1,1,1,0.9851,0.992,0.7867,0.8563,1204.2499,349.4159,915.2298,337.6793,1150.9149,428.4773,1067.2657,409.4414,289.2583,85.7878,0.2966,1,1,19,1
18,3,0,1,1,1,1,0.9903,0.9894,0.9188,0.8874,404.2732,205.6979,134.0435,202.351,282.6725,224.0512,225.8666,218.5213,270.2505,57.0744,0.2112,1,1,19,1
18,3,0,2,1,1,1,0.9868,0.9883,0.851,0.8549,791.6564,325.3232,517.7092,327.5417,677.6262,428.2146,623.9383,430.9414,273.9561,53.7571,0.1962,1,1,19,1
19,3,0,0,1,1,1,0.9852,0.992,0.7869,0.8561,1204.2649,349.4195,915.2417,337.6396,1150.9541,428.5008,1067.2239,409.5666,289.2632,85.8443,0.2968,1,1,20,1
19,3,0,1,1,1,1,0.9903,0.9894,0.9188,0.8874,404.2292,205.7761,134.0668,202.3587,282.6613,224.0139,225.8187,218.5306,270.184,57.1065,0.2114,1,1,20,1
19,3,0,2,1,1,1,0.9868,0.9884,0.8508,0.8548,791.6754,325.2894,517.6858,327.5339,677.6888,428.2724,623.9337,430.9672,273.9988,53.8226,0.1964,1,1,20,1
20,3,0,0,1,1,1,0.9853,0.9919,0.79,0.8561,1204.2258,349.6972,914.7256,338.1991,1149.879,427.2718,1067.4697,409.2864,289.7284,84.3491,0.2911,1,1,21,1
20,3,0,1,1,1,1,0.9901,0.9895,0.9182,0.889,404.3761,205.7722,133.828,202.3954,283.0182,222.9892,226.0662,217.7744,270.5692,57.1903,0.2114,1,1,21,1
20,3,0,2,1,1,1,0.9868,0.9883,0.8522,0.8557,791.4654,325.92,517.8406,327.6864,678.8776,428.0794,624.4758,429.8924,273.6305,54.4321,0.1989,1,1,21,1
21,3,0,0,1,1,1,0.9853,0.9919,0.7904,0.8565,1204.1649,349.5504,914.7847,338.217,1150.1775,427.752,1067.1044,409.3738,289.6021,85.0817,0.2938,1,1,22,1
21,3,0,1,1,1,1,0.9901,0.9895,0.9185,0.889,404.2809,205.6481,134.0058,202.3494,282.9254,222.96,226.0339,217.8021,270.2952,57.1248,0.2113,1,1,22,1
21,3,0,2,1,1,1,0.9869,0.9883,0.8521,0.8555,791.6346,325.9199,517.8192,327.7514,678.7561,427.9348,624.4811,429.7668,273.8216,54.3059,0.1983,1,1,22,1
22,3,0,0,1,1,1,0.9854,0.9919,0.7891,0.8537,1204.3231,349.3708,914.3431,338.5103,1151.7086,429.4014,1067.6942,409.9252,290.1833,86.2424,0.2972,1,1,23,1
22,3,0,1,1,1,1,0.9901,0.9896,0.9178,0.8896,403.4274,206.0845,135.1842,202.2819,283.4676,222.5125,225.5645,218.797,268.2701,58.0222,0.2163,1,1,23,1
22,3,0,2,1,1,1,0.9872,0.9885,0.8498,0.851,792.3326,326.058,517.6657,327.7821,677.9575,428.8021,624.6764,428.7516,274.6723,53.2811,0.194,1,1,23,1
23,3,0,0,1,1,1,0.9854,0.9919,0.7896,0.8537,1204.271,349.3753,914.3569,338.5282,1151.8854,429.5352,1067.6542,409.9171,290.117,86.4856,0.2981,1,1,24,1
23,3,0,1,1,1,1,0.9901,0.9896,0.9178,0.8895,403.4416,206.0495,135.1752,202.2604,283.4354,222.4673,225.5504,218.8224,268.2931,57.9996,0.2162,1,1,24,1
23,3,0,2,1,1,1,0.9872,0.9885,0.8497,0.851,792.3302,326.0578,517.6512,327.8012,677.9204,428.7978,624.6923,428.7172,274.6845,53.2281,0.1938,1,1,24,1
24,3,0,0,1,1,1,0.9855,0.9919,0.7918,0.8545,1204.3362,349.4052,914.4575,338.2013,1150.8751,428.6594,1068.1292,409.7898,290.0952,84.8702,0.2926,1,1,25,1
24,3,0,1,1,1,1,0.9899,0.9896,0.9175,0.8915,403.89,205.5208,135.4477,202.4764,284.4839,223.7522,225.3463,219.3561,268.4595,59.3008,0.2209,1,1,25,1
24,3,0,2,1,1,1,0.9872,0.9885,0.8491,0.851,792.1928,326.0844,517.6634,327.9016,677.1569,429.2181,625.461,428.3736,274.5356,51.7029,0.1883,1,1,25,1
25,3,0,0,1,1,1,0.9855,0.9919,0.7922,0.8541,1204.3308,349.4488,914.3867,338.289,1150.9178,428.7221,1068.02,409.7522,290.1588,85.0406,0.2931,1,1,26,1
25,3,0,1,1,1,1,0.9899,0.9897,0.9174,0.8914,403.9005,205.5346,135.405,202.6036,284.4367,223.5891,225.2722,219.4205,268.5115,59.3112,0.2209,1,1,26,1
25,3,0,2,1,1,1,0.9872,0.9885,0.8487,0.8508,792.3534,326.1229,517.5714,327.9792,677.3817,429.2166,625.5415,428.3014,274.7883,51.8483,0.1887,1,1,26,1
26,3,0,0,1,1,1,0.986,0.9919,0.7897,0.8498,1204.9879,349.482,914.0066,338.7847,1155.6276,431.6986,1068.3264,409.5657,291.1779,90.063,0.3093,1,1,27,1
26,3,0,1,1,1,1,0.9901,0.9897,0.9173,0.8888,404.0975,205.9188,134.7882,202.8482,283.8656,222.4021,225.978,218.2166,269.3268,58.0387,0.2155,1,1,27,1
26,3,0,2,1,1,1,0.9873,0.9886,0.849,0.8508,792.2038,326.2996,517.5635,327.9711,677.0821,428.1013,625.5246,428.0907,274.6453,51.5574,0.1877,1,1,27,1
27,3,0,0,1,1,1,0.986,0.9919,0.7899,0.8498,1204.921,349.4766,914.0105,338.7466,1155.7314,431.7412,1068.3307,409.5636,291.1083,90.1706,0.3097,1,1,28,1
27,3,0,1,1,1,1,0.9901,0.9897,0.9173,0.889,404.1532,205.8627,134.7838,202.8081,283.9272,222.4495,225.9688,218.2536,269.3868,58.11,0.2157,1,1,28,1
27,3,0,2,1,1,1,0.9873,0.9886,0.8489,0.8508,792.2094,326.2946,517.5464,327.9789,677.1258,428.107,625.5102,428.0732,274.6681,51.6157,0.1879,1,1,28,1
28,3,0,0,1,1,1,0.9861,0.992,0.7856,0.8462,1204.9141,348.8946,913.3494,338.6524,1152.763,428.854,1069.3755,409.1157,291.7445,85.6917,0.2937,1,1,29,1
28,3,0,1,1,1,1,0.9902,0.9896,0.9181,0.8878,404.2166,205.9004,134.6735,203.08,284.3978,224.2888,225.4168,219.2307,269.5579,59.1975,0.2196,1,1,29,1
28,3,0,2,1,1,1,0.9877,0.9886,0.8462,0.8429,792.9354,326.5767,516.5555,328.0202,675.2007,426.0438,625.8194,427.373,276.3837,49.3992,0.1787,1,1,29,1
29,3,0,0,1,1,1,0.9857,0.9919,0.7873,0.8496,1204.9889,348.9978,913.0708,338.9209,1150.4293,426.9322,1069.0463,408.5184,292.092,83.4402,0.2857,1,1,30,1
29,3,0,1,1,1,1,0.9903,0.9898,0.9178,0.8878,403.568,206.2473,133.8325,203.2945,284.3362,224.7329,224.9512,219.1625,269.7517,59.6457,0.2211,1,1,30,1
29,3,0,2,1,1,1,0.9875,0.9884,0.8474,0.8445,792.6631,326.2439,517.0731,328.157,675.0454,426.7128,625.4649,426.9886,275.5966,49.5813,0.1799,1,1,30,1
30,3,0,0,1,1,1,0.9857,0.9919,0.7876,0.8496,1204.9489,348.9518,913.0707,338.9085,1150.4589,426.9546,1069.0436,408.5145,292.0509,83.4775,0.2858,1,1,31,1
30,3,0,1,1,1,1,0.9903,0.9898,0.9178,0.8879,403.606,206.1945,133.8106,203.2666,284.3728,224.7653,224.9354,219.156,269.8113,59.7015,0.2213,1,1,31,1
30,3,0,2,1,1,1,0.9875,0.9884,0.8474,0.8444,792.6532,326.2354,517.0868,328.1278,675.0328,426.716,625.4276,427.009,275.5729,49.606,0.18,1,1,31,1
31,3,0,0,1,1,1,0.9861,0.9919,0.7938,0.8514,1204.815,348.7795,913.6812,338.444,1150.3042,428.4056,1068.131,409.3989,291.3171,84.3427,0.2895,1,1,32,1
31,3,0,1,1,1,1,0.9903,0.9896,0.9185,0.888,403.2315,206.0278,133.9663,203.4742,285.0678,226.2535,224.7644,219.3125,269.2773,60.7015,0.2254,1,1,32,1
31,3,0,2,1,1,1,0.9878,0.9884,0.8487,0.8423,792.7342,326.2329,517.3677,328.1238,675.356,426.9352,626.7268,426.3889,275.3731,48.6323,0.1766,1,1,32,1
32,3,0,0,1,1,1,0.986,0.9919,0.7937,0.8513,1204.7961,348.8102,913.7101,338.4392,1150.2155,428.3445,1068.1338,409.4204,291.2708,84.2349,0.2892,1,1,33,1
32,3,0,1,1,1,1,0.9903,0.9896,0.9185,0.888,403.2483,205.9553,133.9679,203.4116,285.0776,226.2306,224.7435,219.2972,269.2924,60.7311,0.2255,1,1,33,1
32,3,0,2,1,1,1,0.9878,0.9884,0.8487,0.8424,792.721,326.2562,517.37,328.1474,675.3848,426.966,626.7367,426.3574,275.3576,48.6519,0.1767,1,1,33,1
33,3,0,0,1,1,1,0.9857,0.9919,0.791,0.8528,1204.8754,348.7222,913.9915,338.7076,1146.54,425.9412,1068.0146,408.9152,291.0563,80.35,0.2761,1,1,34,1
33,3,0,1,1,1,1,0.9902,0.9897,0.9177,0.8882,403.2984,205.9284,133.2862,203.0498,284.1266,224.6733,224.8632,218.6438,270.0275,59.5693,0.2206,1,1,34,1
33,3,0,2,1,1,1,0.9876,0.9882,0.8507,0.8453,792.2904,326.7947,517.5399,327.9782,675.132,426.7894,626.4068,426.5155,274.753,48.726,0.1773,1,1,34,1
34,3,0,0,1,1,1,0.9857,0.9919,0.7911,0.8528,1204.8937,348.6999,913.9963,338.6878,1146.6095,425.9734,1068.0055,408.9326,291.0696,80.4299,0.2763,1,1,35,1
34,3,0,1,1,1,1,0.9902,0.9897,0.9177,0.8882,403.2932,205.9354,133.2699,203.0487,284.1162,224.7132,224.8697,218.6229,270.0387,59.5587,0.2206,1,1,35,1
34,3,0,2,1,1,1,0.9876,0.9882,0.8506,0.8453,792.2912,326.7988,517.5334,327.9751,675.1321,426.7908,626.4027,426.5224,274.7605,48.7301,0.1774,1,1,35,1
35,3,0,0,1,1,1,0.986,0.992,0.7898,0.8484,1205.7871,349.147,913.4135,339.0484,1146.8892,424.6354,1069.6205,408.7482,292.5479,78.885,0.2696,1,1,36,1
35,3,0,1,1,1,1,0.9904,0.9895,0.9191,0.8865,403.3804,206.2597,134.2918,203.8215,283.0758,224.1286,224.9588,218.1108,269.0997,58.4277,0.2171,1,1,36,1
35,3,0,2,1,1,1,0.9875,0.9882,0.8515,0.8463,791.8741,326.6519,518.1248,328.0586,675.5256,426.8986,626.1202,426.1072,273.7529,49.4117,0.1805,1,1,36,1
36,3,0,0,1,1,1,0.986,0.9919,0.7901,0.8488,1205.7935,349.2383,913.436,339.0476,1146.9647,424.7329,1069.6407,408.7514,292.535,78.9583,0.2699,1,1,37,1
36,3,0,1,1,1,1,0.9904,0.9895,0.9192,0.8866,403.3631,206.2612,134.357,203.8417,283.0679,224.1486,224.9765,218.1257,269.017,58.4027,0.2171,1,1,37,1
36,3,0,2,1,1,1,0.9875,0.9881,0.8515,0.8463,791.8709,326.616,518.186,328.0697,675.3758,426.8474,626.2564,426.0068,273.6888,49.1265,0.1795,1,1,37,1
37,3,0,0,1,1,1,0.9858,0.9919,0.7854,0.8464,1205.9077,349.4362,913.6131,338.8468,1145.0183,422.3736,1070.516,409.7196,292.4864,75.5693,0.2584,1,1,38,1
37,3,0,1,1,1,1,0.9905,0.9894,0.9192,0.8855,402.7625,206.3927,133.8664,203.3005,283.2634,224.2787,224.6794,218.2988,268.9139,58.8884,0.219,1,1,38,1
37,3,0,2,1,1,1,0.9874,0.9881,0.8521,0.8478,791.8354,326.5432,517.9682,328.3496,675.3616,426.3436,627.8288,424.7648,273.8733,47.559,0.1737,1,1,38,1
38,3,0,0,1,1,1,0.9855,0.9921,0.781,0.8489,1206.1929,349.5377,913.7632,338.6242,1143.8008,420.0972,1069.7186,410.5369,292.6333,74.6965,0.2553,1,1,39,1
38,3,0,1,1,1,1,0.9905,0.9895,0.9185,0.8851,403.0235,206.5551,134.1438,203.7068,283.4022,223.9866,224.2129,219.021,268.8948,59.3972,0.2209,1,1,39,1
38,3,0,2,1,1,1,0.9876,0.9881,0.85,0.8425,792.1896,326.3803,517.3738,328.548,675.448,426.3612,626.161,425.9024,274.8243,49.2892,0.1793,1,1,39,1
39,3,0,0,1,1,1,0.9855,0.9921,0.7811,0.8489,1206.1945,349.5593,913.7643,338.6254,1143.8313,420.164,1069.7358,410.5516,292.6345,74.7164,0.2553,1,1,40,1
39,3,0,1,1,1,1,0.9905,0.9895,0.9185,0.8851,403.0398,206.5633,134.1423,203.7117,283.3937,223.982,224.2218,219.0286,268.9126,59.3788,0.2208,1,1,40,1
39,3,0,2,1,1,1,0.9876,0.9881,0.85,0.8425,792.1956,326.3719,517.3662,328.5486,675.4709,426.3499,626.1856,425.9044,274.838,49.2873,0.1793,1,1,40,1
40,3,0,1,1,1,1,0.9905,0.9895,0.9191,0.8853,402.3875,206.6018,134.5504,203.9273,282.9114,224.1006,223.9397,219.2292,267.8504,59.1725,0.2209,1,1,41,1
40,3,0,0,1,1,1,0.9858,0.992,0.7898,0.8506,1205.9485,349.1534,914.207,338.5469,1144.8394,422.0899,1069.2772,411.7827,291.9343,76.2619,0.2612,1,1,41,1
40,3,0,2,1,1,1,0.9877,0.9882,0.8502,0.8427,791.966,326.146,517.1748,328.8059,676.7608,428.2245,626.0191,425.8636,274.8041,50.7965,0.1848,1,1,41,1
41,3,0,1,1,1,1,0.9905,0.9895,0.9191,0.8853,402.3655,206.6174,134.4782,203.9205,282.8891,224.1091,223.9502,219.3148,267.9009,59.1336,0.2207,1,1,42,1
41,3,0,0,1,1,1,0.9858,0.992,0.7897,0.8505,1205.9694,349.1361,914.2249,338.5248,1144.8113,422.0915,1069.3278,411.8001,291.9374,76.1819,0.261,1,1,42,1
41,3,0,2,1,1,1,0.9877,0.9882,0.8502,0.8427,791.9333,326.1414,517.2008,328.792,676.727,428.1862,626.0292,425.8806,274.7452,50.7502,0.1847,1,1,42,1
42,3,0,0,1,1,1,0.986,0.9918,0.7901,0.8476,1206.0565,350.0666,914.1752,338.8013,1148.2627,424.3236,1069.1136,413.1486,292.0987,79.934,0.2737,1,1,43,1
42,3,0,1,1,1,1,0.9904,0.9893,0.9194,0.8863,402.0115,207.0483,133.4414,203.0458,282.6479,223.7772,223.5806,219.9891,268.5999,59.1887,0.2204,1,1,43,1
42,3,0,2,1,1,1,0.9877,0.988,0.8524,0.8434,791.6096,326.5988,517.127,328.6349,676.9536,427.7434,628.2745,424.4995,274.4902,48.787,0.1777,1,1,43,1
43,3,0,0,1,1,1,0.986,0.9919,0.7901,0.8477,1206.0348,350.0675,914.1726,338.8116,1148.1809,424.2506,1069.097,413.139,292.0791,79.8607,0.2734,1,1,44,1
43,3,0,1,1,1,1,0.9904,0.9893,0.9194,0.8863,402.0096,207.0517,133.4412,203.0453,282.6528,223.7845,223.593,219.9784,268.5983,59.1823,0.2203,1,1,44,1
43,3,0,2,1,1,1,0.9877,0.988,0.8524,0.8434,791.5819,326.6084,517.089,328.664,676.9778,427.7267,628.2482,424.4916,274.5007,48.8369,0.1779,1,1,44,1
44,3,0,0,1,1,1,0.986,0.992,0.7875,0.8481,1205.2998,350.1774,914.16,338.0668,1148.6271,422.4038,1069.4908,413.2636,291.3915,79.6623,0.2734,1,1,45,1
44,3,0,1,1,1,1,0.9903,0.9892,0.9202,0.8876,402.0491,206.9136,134.7946,203.4509,282.6789,224.2675,224.3489,219.2863,267.2769,58.5423,0.219,1,1,45,1
44,3,0,2,1,1,1,0.9882,0.988,0.8533,0.8378,791.6078,326.5976,517.3717,328.522,676.0678,427.4714,626.1219,426.0236,274.2428,49.967,0.1822,1,1,45,1
45,3,0,0,1,1,1,0.9861,0.9918,0.7896,0.8459,1204.6741,349.8278,914.6105,338.3978,1153.4003,427.6834,1071.6783,413.9138,290.2887,82.8738,0.2855,1,1,46,1
45,3,0,1,1,1,1,0.9901,0.9893,0.9186,0.8888,401.4524,206.7622,133.579,203.8782,283.0672,226.4832,223.8738,220.2619,267.889,59.5194,0.2222,1,1,46,1
45,3,0,2,1,1,1,0.9882,0.9875,0.8588,0.839,790.5774,327.0281,517.211,328.9214,677.3614,427.581,623.0158,426.7239,273.3729,54.3524,0.1988,1,1,46,1
46,3,0,0,1,1,1,0.9861,0.9917,0.7894,0.8458,1204.7108,349.8691,914.633,338.3996,1152.9965,427.146,1071.7047,413.8802,290.3045,82.367,0.2837,1,1,47,1
46,3,0,1,1,1,1,0.9901,0.9894,0.9186,0.8887,401.4561,206.7646,133.578,203.8973,283.0409,226.5096,223.8582,220.2602,267.8935,59.5117,0.2221,1,1,47,1
46,3,0,2,1,1,1,0.9882,0.9875,0.8587,0.8391,790.5531,327.0572,517.1883,328.9414,677.3912,427.5684,622.971,426.7514,273.3713,54.4264,0.1991,1,1,47,1
47,3,0,0,1,1,1,0.9864,0.9918,0.7937,0.847,1205.2148,349.4648,914.7668,338.5443,1150.1749,425.0843,1069.5568,414.2089,290.6532,81.3484,0.2799,1,1,48,1
47,3,0,1,1,1,1,0.9902,0.9892,0.9202,0.8876,401.2043,206.9054,133.3206,203.3652,281.3992,224.9736,224.0535,220.6568,267.9071,57.5079,0.2147,1,1,48,1
47,3,0,2,1,1,1,0.9884,0.9876,0.8598,0.8376,790.9221,326.781,517.5536,328.0139,677.5124,427.6992,624.3142,426.0698,273.3712,53.223,0.1947,1,1,48,1
48,3,0,0,1,1,1,0.9863,0.9918,0.7928,0.8467,1205.3055,349.5104,914.7139,338.5664,1149.7588,424.4391,1069.6327,414.1864,290.7977,80.7794,0.2778,1,1,49,1
48,3,0,1,1,1,1,0.9902,0.9892,0.9202,0.8876,401.2288,206.906,133.3288,203.3851,281.4158,225.0022,224.0272,220.6591,267.923,57.5528,0.2148,1,1,49,1
48,3,0,2,1,1,1,0.9884,0.9876,0.8596,0.8376,790.9654,326.8016,517.5472,328.028,677.5362,427.6685,624.3408,426.013,273.4209,53.2212,0.1946,1,1,49,1
49,3,0,0,1,1,1,0.9864,0.9919,0.7919,0.8457,1205.1992,348.7285,914.5966,337.9356,1149.3485,425.7302,1070.6094,413.5528,290.803,79.6752,0.274,1,1,50,1
49,3,0,1,1,1,1,0.9902,0.9893,0.9201,0.8886,401.1215,206.8326,133.8675,203.8189,280.9694,224.4432,224.3084,219.2206,267.271,56.9012,0.2129,1,1,50,1
49,3,0,2,1,1,1,0.9885,0.9878,0.8554,0.8345,791.4092,326.9536,517.1068,328.281,676.5208,426.308,624.5496,425.2232,274.3056,51.9825,0.1895,1,1,50,1
50,3,0,0,1,1,1,0.9864,0.9919,0.7917,0.8458,1205.273,348.7632,914.5964,337.9494,1149.1038,425.4255,1070.6005,413.5388,290.8776,79.3981,0.273,1,1,51,1
50,3,0,1,1,1,1,0.9902,0.9893,0.9201,0.8885,401.1479,206.8103,133.8945,203.8052,280.9976,224.4677,224.3157,219.1771,267.2703,56.9282,0.213,1,1,51,1
50,3,0,2,1,1,1,0.9885,0.9878,0.8555,0.8345,791.4002,326.976,517.1162,328.2924,676.555,426.3476,624.4964,425.304,274.2872,52.069,0.1898,1,1,51,1
51,3,0,0,1,1,1,0.9861,0.992,0.785,0.845,1205.7141,349.4422,913.5802,339.1918,1151.121,426.0198,1070.3776,412.92,292.3137,81.7992,0.2798,1,1,52,1
51,3,0,1,1,1,1,0.9903,0.9893,0.9194,0.887,401.2588,206.7093,133.914,203.3737,280.9751,224.4372,223.4367,219.7468,267.3656,57.7292,0.2159,1,1,52,1
51,3,0,2,1,1,1,0.9883,0.9877,0.8561,0.8361,791.3661,326.8109,517.508,328.4394,675.7724,425.7428,622.916,427.0699,273.8629,52.8732,0.1931,1,1,52,1
52,3,0,0,1,1,1,0.9863,0.9921,0.7869,0.8462,1205.7853,349.6243,913.7712,339.1088,1152.2384,427.6484,1070.2852,412.0211,292.2034,83.4299,0.2855,1,1,53,1
52,3,0,1,1,1,1,0.9903,0.9892,0.9201,0.8864,401.0512,206.6464,133.8603,202.8805,279.999,222.6447,224.3192,219.482,267.2175,55.7696,0.2087,1,1,53,1
52,3,0,2,1,1,1,0.988,0.9876,0.8584,0.8401,791.725,326.867,518.63,328.6154,676.03,425.422,623.9574,426.4405,273.1006,52.0826,0.1907,1,1,53,1
53,3,0,0,1,1,1,0.9864,0.9921,0.7869,0.8462,1205.8145,349.6128,913.669,339.0566,1152.2168,427.5778,1070.2465,412.0072,292.3361,83.4361,0.2854,1,1,54,1
53,3,0,1,1,1,1,0.9904,0.9892,0.9201,0.8862,401.1275,206.6571,133.8446,202.8228,280.0112,222.5815,224.363,219.4533,267.3104,55.7361,0.2085,1,1,54,1
53,3,0,2,1,1,1,0.9881,0.9876,0.8584,0.8402,791.7172,326.8677,518.6374,328.583,676.1102,425.4592,623.9657,426.5158,273.0852,52.1552,0.191,1,1,54,1
54,3,0,0,1,1,1,0.9859,0.9921,0.7831,0.8489,1205.0968,349.2988,913.2606,339.1721,1149.9214,427.9883,1070.2793,412.7745,292.0118,81.0822,0.2777,1,1,55,1
54,3,0,1,1,1,1,0.9903,0.9891,0.9198,0.8867,400.6214,206.9842,133.1813,202.4756,280.8594,224.0549,224.2054,219.0966,267.4781,56.8705,0.2126,1,1,55,1
54,3,0,2,1,1,1,0.988,0.9878,0.8556,0.8398,791.8476,326.5524,518.5472,328.4435,675.3142,425.926,623.6752,425.8136,273.3069,51.6392,0.1889,1,1,55,1
55,3,0,0,1,1,1,0.9858,0.9922,0.7824,0.8489,1205.0992,349.2674,913.2305,339.1031,1149.8302,427.9685,1070.283,412.8566,292.0456,80.97,0.2773,1,1,56,1
55,3,0,1,1,1,1,0.9903,0.9891,0.9198,0.8867,400.6019,206.9771,133.1798,202.4649,280.8378,224.0742,224.2316,219.0809,267.4601,56.826,0.2125,1,1,56,1
55,3,0,2,1,1,1,0.988,0.9878,0.8557,0.8396,791.8402,326.5274,518.541,328.4474,675.3289,425.9173,623.6204,425.8351,273.3059,51.7086,0.1892,1,1,56,1
56,3,0,0,1,1,1,0.9862,0.9921,0.786,0.8471,1204.7341,349.2705,913.1042,339.4225,1148.3408,427.4436,1070.5612,412.3486,291.7961,79.2309,0.2715,1,1,57,1
56,3,0,1,1,1,1,0.9905,0.989,0.9212,0.8848,400.9123,206.2983,132.5274,202.0311,279.8755,223.7055,224.4893,219.1081,268.4188,55.5766,0.2071,1,1,57,1
56,3,0,2,1,1,1,0.988,0.9878,0.8536,0.8371,792.3337,326.4732,517.3056,328.9443,675.4978,426.0366,621.6774,427.7588,275.0392,53.8479,0.1958,1,1,57,1
57,3,0,0,1,1,1,0.9862,0.9921,0.7861,0.8471,1204.738,349.2681,913.1233,339.4164,1148.3555,427.4455,1070.5709,412.3367,291.7811,79.2383,0.2716,1,1,58,1
57,3,0,1,1,1,1,0.9905,0.9889,0.9212,0.8848,400.9172,206.2964,132.5255,202.0169,279.8697,223.684,224.4953,219.1014,268.4259,55.5637,0.207,1,1,58,1
57,3,0,2,1,1,1,0.988,0.9878,0.8536,0.837,792.3354,326.4768,517.3116,328.9386,675.4946,426.0282,621.686,427.7552,275.0348,53.8362,0.1957,1,1,58,1
58,3,0,0,1,1,1,0.9858,0.992,0.783,0.8469,1205.2117,349.7322,912.7014,339.093,1146.2623,425.3702,1070.3547,411.9039,292.7037,77.0928,0.2634,1,1,59,1
58,3,0,1,1,1,1,0.9903,0.989,0.9212,0.8869,400.6883,206.2017,132.9292,202.0492,280.4451,224.239,223.9686,219.1905,267.7914,56.7017,0.2117,1,1,59,1
58,3,0,2,1,1,1,0.9877,0.9878,0.8507,0.8367,792.559,326.3484,517.4138,329.6224,674.0367,425.4804,621.793,427.2702,275.1646,52.2744,0.19,1,1,59,1
59,3,0,0,1,1,1,0.9858,0.9921,0.783,0.847,1205.2155,349.7272,912.7015,339.0843,1146.3145,425.4278,1070.3596,411.9188,292.7075,77.1468,0.2636,1,1,60,1
59,3,0,1,1,1,1,0.9903,0.989,0.9212,0.8869,400.6663,206.2106,132.955,202.057,280.4368,224.2393,223.9798,219.243,267.7436,56.6776,0.2117,1,1,60,1
59,3,0,2,1,1,1,0.9877,0.9878,0.8504,0.8369,792.5483,326.3517,517.3977,329.626,674.0912,425.5127,621.8182,427.284,275.1701,52.3031,0.1901,1,1,60,1
60,3,0,0,1,1,1,0.9856,0.992,0.7833,0.8489,1204.4819,349.5252,913.0205,338.7374,1143.8416,423.5788,1069.7614,411.3956,291.661,75.0753,0.2574,1,1,61,1
60,3,0,1,1,1,1,0.9905,0.989,0.9216,0.8856,401.0575,206.0897,132.9266,201.9007,281.0036,225.2908,224.2041,219.5429,268.1636,57.0895,0.2129,1,1,61,1
60,3,0,2,1,1,1,0.988,0.9879,0.8513,0.8354,792.2822,326.4415,517.1978,329.3174,673.1714,425.0916,624.5412,425.3772,275.0994,48.6309,0.1768,1,1,61,1
61,3,0,0,1,1,1,0.9856,0.992,0.7834,0.8487,1204.499,349.5294,912.9388,338.7113,1143.9442,423.6898,1069.8148,411.4485,291.7609,75.1333,0.2575,1,1,62,1
61,3,0,1,1,1,1,0.9905,0.989,0.9216,0.8856,401.0433,206.0798,132.8999,201.9042,280.9927,225.3092,224.2091,219.5355,268.1759,57.0764,0.2128,1,1,62,1
61,3,0,2,1,1,1,0.988,0.9879,0.8513,0.8353,792.2512,326.4445,517.21,329.3208,673.1468,425.0966,624.5892,425.3625,275.0562,48.5583,0.1765,1,1,62,1
62,3,0,0,1,1,1,0.9858,0.9919,0.7847,0.8456,1204.3926,349.094,912.7163,338.438,1144.0392,424.292,1068.865,410.9675,291.8709,76.3459,0.2616,1,1,63,1
62,3,0,1,1,1,1,0.9904,0.9892,0.9202,0.8857,401.6,205.9876,133.0991,201.9588,282.0742,226.0286,224.1936,219.5127,268.5311,58.2463,0.2169,1,1,63,1
62,3,0,2,1,1,1,0.9883,0.988,0.8505,0.8329,792.6984,326.5811,516.5614,329.7792,672.049,423.1584,627.9665,421.4517,276.1555,44.1156,0.1597,1,1,63,1
63,3,0,0,1,1,1,0.9858,0.9919,0.7847,0.8457,1204.4003,349.1089,912.7175,338.419,1143.9888,424.196,1068.8596,410.9814,291.8786,76.2825,0.2613,1,1,64,1
63,3,0,1,1,1,1,0.9904,0.9892,0.9202,0.8856,401.6167,205.9666,133.1571,202.011,282.0643,226.0146,224.1992,219.5506,268.4887,58.225,0.2169,1,1,64,1
63,3,0,2,1,1,1,0.9883,0.988,0.8506,0.8328,792.7339,326.5636,516.555,329.7628,672.1136,423.154,627.9924,421.4782,276.1974,44.153,0.1599,1,1,64,1
64,3,0,1,1,1,1,0.9903,0.9892,0.9203,0.8873,402.0662,206.2905,133.4246,202.5217,282.4814,225.6896,224.1061,220.1255,268.668,58.6399,0.2183,1,1,65,1
64,3,0,0,1,1,1,0.9856,0.9918,0.7841,0.8461,1204.1298,349.6053,912.6485,338.1776,1142.4215,423.7334,1068.9548,410.5796,291.7052,74.6349,0.2559,1,1,65,1
64,3,0,2,1,1,1,0.9883,0.988,0.8498,0.8316,793.1905,325.8463,516.3396,330.0108,670.1146,421.9818,627.5144,420.3532,276.8822,42.6314,0.154,1,1,65,1
65,3,0,1,1,1,1,0.9903,0.9892,0.9201,0.8877,402.0499,206.2166,133.7274,201.9808,282.4584,225.3163,224.238,218.971,268.3559,58.5652,0.2182,1,1,66,1
65,3,0,0,1,1,1,0.9857,0.9919,0.7865,0.8487,1203.7194,348.7247,912.6864,338.5233,1143.5228,426.2956,1069.4025,409.1062,291.2117,76.0875,0.2613,1,1,66,1
65,3,0,2,1,1,1,0.9882,0.9883,0.8424,0.8299,793.6412,326.6226,515.7335,331.2209,669.9868,421.4754,627.8446,416.8308,277.9458,42.3973,0.1525,1,1,66,1
66,3,0,1,1,1,1,0.9903,0.9893,0.9201,0.8876,402.0631,206.1853,133.7642,201.9706,282.4597,225.3941,224.1828,218.9852,268.3321,58.6283,0.2185,1,1,67,1
66,3,0,0,1,1,1,0.9857,0.9919,0.7859,0.8487,1203.7878,348.719,912.6658,338.5305,1143.4586,426.3289,1069.4271,409.1607,291.3003,75.9961,0.2609,1,1,67,1
66,3,0,2,1,1,1,0.9882,0.9883,0.8424,0.83,793.6232,326.623,515.7483,331.1988,669.988,421.528,627.8188,416.8575,277.9126,42.4271,0.1527,1,1,67,1
67,3,0,0,1,1,1,0.9853,0.9918,0.7832,0.8496,1203.8616,349.4924,912.3885,338.2965,1143.4327,424.754,1070.5509,407.8036,291.688,74.827,0.2565,1,1,68,1
67,3,0,1,1,1,1,0.9903,0.9893,0.9203,0.8889,402.2049,206.7968,134.0667,202.3616,283.5496,225.526,224.3914,220.0203,268.1748,59.4139,0.2215,1,1,68,1
67,3,0,2,1,1,1,0.9881,0.9883,0.8438,0.8314,792.9353,326.9896,515.6636,331.4205,671.159,422.5302,626.1458,417.225,277.3071,45.3247,0.1634,1,1,68,1
68,3,0,0,1,1,1,0.9853,0.9918,0.7826,0.8493,1203.7916,349.5029,912.4113,338.2859,1143.1094,424.4396,1070.621,407.7688,291.5961,74.3807,0.2551,1,1,69,1
68,3,0,1,1,1,1,0.9903,0.9893,0.9203,0.8889,402.2263,206.8574,134.059,202.3753,283.5736,225.556,224.3977,219.9522,268.2048,59.4407,0.2216,1,1,69,1
68,3,0,2,1,1,1,0.9882,0.9883,0.8438,0.8312,792.9856,327.0,515.601,331.4236,671.1622,422.6442,626.061,417.3025,277.4198,45.4164,0.1637,1,1,69,1
69,3,0,1,1,1,1,0.9903,0.9894,0.919,0.8872,402.3676,206.7712,134.13,202.332,282.4854,223.5398,224.5839,220.2574,268.2743,57.9944,0.2162,1,1,70,1
69,3,0,0,1,1,1,0.9853,0.9918,0.7803,0.8483,1203.8247,348.9274,912.1769,337.5884,1143.284,424.3972,1069.705,407.5662,291.8681,75.4796,0.2586,1,1,70,1
69,3,0,2,1,1,1,0.9883,0.988,0.8484,0.8314,792.6636,326.976,516.0395,331.1518,670.8686,422.8274,626.2004,418.0188,276.6557,44.9262,0.1624,1,1,70,1
70,3,0,0,1,1,1,0.9853,0.9918,0.7804,0.8482,1203.8561,348.9097,912.1237,337.6532,1143.3083,424.4314,1069.7782,407.5871,291.9494,75.4348,0.2584,1,1,71,1
70,3,0,1,1,1,1,0.9903,0.9894,0.919,0.8872,402.3486,206.775,134.1304,202.3237,282.5845,223.6823,224.584,220.2532,268.2552,58.1018,0.2166,1,1,71,1
70,3,0,2,1,1,1,0.9883,0.988,0.8484,0.8315,792.6784,326.9884,516.0655,331.1647,670.8898,422.8557,626.1848,418.0179,276.6444,44.9661,0.1625,1,1,71,1
71,3,0,0,1,1,1,0.9852,0.9919,0.7807,0.849,1203.1796,349.086,912.1904,338.3535,1143.4763,423.8625,1069.8765,407.0406,291.187,75.4978,0.2593,1,1,72,1
71,3,0,1,1,1,1,0.9903,0.9895,0.9186,0.8869,403.001,207.1719,134.6749,202.9246,283.4542,222.8566,225.2126,218.4962,268.3597,58.4046,0.2176,1,1,72,1
71,3,0,2,1,1,1,0.9879,0.9883,0.8435,0.8337,792.6584,327.1797,515.8504,331.2278,671.6178,423.6358,624.3464,419.3486,276.8376,47.4654,0.1715,1,1,72,1
72,3,0,0,1,1,1,0.9852,0.9919,0.7809,0.8492,1203.1604,349.12,912.1973,338.3715,1143.4957,423.8761,1069.8951,407.0619,291.1615,75.4968,0.2593,1,1,73,1
72,3,0,1,1,1,1,0.9903,0.9895,0.9186,0.8869,403.0126,207.1873,134.6912,202.9405,283.4831,222.9132,225.201,218.5258,268.355,58.447,0.2178,1,1,73,1
72,3,0,2,1,1,1,0.9879,0.9883,0.8435,0.8337,792.6632,327.1703,515.8739,331.237,671.6217,423.652,624.3446,419.3282,276.8192,47.4745,0.1715,1,1,73,1
73,3,0,0,1,1,1,0.9851,0.9919,0.7806,0.851,1203.1741,348.6282,912.7352,337.8526,1144.5074,424.6904,1068.7535,407.8523,290.6387,77.6027,0.267,1,1,74,1
73,3,0,1,1,1,1,0.9903,0.9896,0.918,0.8875,402.9582,207.1442,134.4328,202.7854,283.5709,222.8456,225.4922,217.9717,268.5608,58.2829,0.217,1,1,74,1
73,3,0,2,1,1,1,0.9878,0.988,0.8458,0.8335,792.4854,327.2252,516.3104,330.9056,671.1464,423.3484,623.8866,420.5308,276.1996,47.3436,0.1714,1,1,74,1
74,3,0,0,1,1,1,0.9856,0.9918,0.7859,0.8494,1203.4001,349.1874,912.7292,338.1126,1144.5613,424.2521,1067.9355,407.6114,290.8818,78.4118,0.2696,1,1,75,1
74,3,0,1,1,1,1,0.9904,0.9898,0.9168,0.8868,403.0647,207.3874,134.256,203.0127,283.5652,221.6574,225.2968,218.4473,268.8443,58.3568,0.2171,1,1,75,1
74,3,0,2,1,1,1,0.9879,0.988,0.847,0.8337,792.6073,327.3366,516.2522,330.7313,670.025,422.1305,626.5178,418.7252,276.3759,43.6403,0.1579,1,1,75,1
75,3,0,0,1,1,1,0.9856,0.9918,0.7859,0.8493,1203.3657,349.131,912.7417,338.0966,1144.6885,424.3329,1067.9232,407.5924,290.8334,78.5694,0.2702,1,1,76,1
75,3,0,1,1,1,1,0.9904,0.9897,0.9168,0.8868,403.0664,207.3721,134.2741,203.0272,283.582,221.697,225.2874,218.4945,268.8274,58.3824,0.2172,1,1,76,1
75,3,0,2,1,1,1,0.9879,0.9879,0.847,0.8338,792.5658,327.3204,516.269,330.7234,670.1824,422.1114,626.4876,418.7515,276.3177,43.8237,0.1586,1,1,76,1
76,3,0,1,1,1,1,0.9905,0.9897,0.9174,0.8848,403.3504,207.7725,133.835,202.9651,283.5802,222.5143,225.2847,218.5416,269.5583,58.4308,0.2168,1,1,77,1
76,3,0,0,1,1,1,0.9856,0.9917,0.7925,0.8523,1203.1176,349.2466,913.2837,338.4292,1144.1008,424.4225,1067.2114,408.0464,290.0357,78.614,0.271,1,1,77,1
76,3,0,2,1,1,1,0.9881,0.988,0.8462,0.831,792.5588,327.0754,515.5718,330.5676,670.0318,421.9562,626.0525,419.271,277.0091,44.0611,0.1591,1,1,77,1
77,3,0,1,1,1,1,0.9905,0.9897,0.9173,0.8849,403.3351,207.7574,133.8026,202.9175,283.5831,222.5391,225.3115,218.5252,269.5759,58.4097,0.2167,1,1,78,1
77,3,0,0,1,1,1,0.9856,0.9917,0.7928,0.8525,1203.0662,349.2364,913.3514,338.4234,1144.1409,424.4677,1067.0884,408.0249,289.9165,78.7874,0.2718,1,1,78,1
77,3,0,2,1,1,1,0.9881,0.988,0.8461,0.8309,792.5702,327.0912,515.5926,330.5514,670.0436,421.9586,626.1022,419.2611,276.9992,44.0241,0.1589,1,1,78,1
78,3,0,1,1,1,1,0.9905,0.9896,0.9177,0.8846,402.9658,208.2284,134.5944,203.7946,284.208,222.2729,224.9481,219.3705,268.4081,59.331,0.221,1,1,79,1
78,3,0,0,1,1,1,0.9853,0.9917,0.7937,0.8558,1203.6453,349.4504,913.3952,338.2756,1142.9562,422.7798,1067.9132,406.8985,290.4651,76.705,0.2641,1,1,79,1
78,3,0,2,1,1,1,0.9884,0.9879,0.847,0.8273,793.0187,326.864,515.3632,330.9272,670.2558,422.8532,627.7068,417.3612,277.6852,42.9021,0.1545,1,1,79,1
79,3,0,1,1,1,1,0.9905,0.9896,0.9178,0.8847,403.0296,208.2346,134.6942,203.8147,284.0108,222.1863,225.0305,219.2804,268.3718,59.0518,0.22,1,1,80,1
79,3,0,0,1,1,1,0.9853,0.9917,0.7939,0.8559,1203.6533,349.4515,913.4031,338.3133,1142.8872,422.6995,1067.9877,406.7726,290.4639,76.5742,0.2636,1,1,80,1
79,3,0,2,1,1,1,0.9883,0.9879,0.8472,0.8274,793.0189,326.851,515.4139,330.942,670.2902,422.8434,627.6922,417.4068,277.6352,42.9436,0.1547,1,1,80,1
80,3,0,1,1,1,1,0.9906,0.9896,0.9177,0.883,402.6166,208.3893,134.964,203.9488,284.1049,222.7111,225.2589,219.68,267.6895,58.924,0.2201,1,1,81,1
80,3,0,0,1,1,1,0.9854,0.9917,0.7932,0.8536,1204.4097,349.8072,913.6096,338.4719,1142.4814,420.9555,1069.4205,407.3755,291.0209,74.3123,0.2554,1,1,81,1
80,3,0,2,1,1,1,0.9882,0.9879,0.8457,0.8273,793.274,326.8419,515.4718,331.3062,670.4638,423.313,624.3124,419.6032,277.838,46.3003,0.1666,1,1,81,1
81,3,0,0,1,1,1,0.9857,0.9918,0.7929,0.8526,1203.171,348.5995,913.7441,338.4046,1145.5781,424.694,1069.6136,406.8375,289.6064,78.035,0.2695,1,1,82,1
81,3,0,1,1,1,1,0.9905,0.9897,0.9163,0.8844,403.1252,208.2861,135.0763,203.5876,284.8542,223.1082,224.8382,219.5548,268.0901,60.1211,0.2243,1,1,82,1
81,3,0,2,1,1,1,0.9883,0.9878,0.8466,0.8268,792.9006,326.5593,515.0198,331.4335,670.3878,422.4366,628.0188,417.8028,277.9235,42.6215,0.1534,1,1,82,1
82,3,0,0,1,1,1,0.9857,0.9918,0.7928,0.8527,1203.21,348.6042,913.7484,338.4,1145.4607,424.635,1069.5977,406.879,289.6414,77.9133,0.269,1,1,83,1
82,3,0,1,1,1,1,0.9905,0.9897,0.9163,0.8845,403.1425,208.2674,135.0925,203.6052,284.8334,223.1022,224.8735,219.5651,268.0905,60.0641,0.224,1,1,83,1
82,3,0,2,1,1,1,0.9883,0.9878,0.8465,0.8266,792.9063,326.5532,515.0152,331.443,670.392,422.3572,628.0634,417.6959,277.9341,42.5845,0.1532,1,1,83,1
83,3,0,0,1,1,1,0.9859,0.9918,0.7888,0.8481,1203.7281,348.9874,913.5473,337.6171,1150.1438,425.6602,1069.5747,408.2579,290.4035,82.427,0.2838,1,1,84,1
83,3,0,1,1,1,1,0.9904,0.9896,0.917,0.8846,403.9309,208.3316,135.3413,203.6837,285.1469,223.6236,225.1044,219.196,268.6298,60.2056,0.2241,1,1,84,1
83,3,0,2,1,1,1,0.9881,0.9877,0.8505,0.8317,792.6626,326.2422,516.201,331.3968,671.7926,423.7436,628.2973,417.9925,276.5097,43.8738,0.1587,1,1,84,1
84,3,0,0,1,1,1,0.9859,0.9918,0.7889,0.848,1203.731,348.9963,913.5092,337.6531,1150.1552,425.5952,1069.5883,408.264,290.4433,82.4099,0.2837,1,1,85,1
84,3,0,1,1,1,1,0.9904,0.9896,0.917,0.8845,403.9186,208.3378,135.3141,203.6835,285.1633,223.6271,225.1239,219.1958,268.6448,60.2027,0.2241,1,1,85,1
84,3,0,2,1,1,1,0.9881,0.9877,0.8506,0.8316,792.6738,326.219,516.1746,331.392,671.7454,423.8526,628.1396,418.0534,276.5476,43.9898,0.1591,1,1,85,1
85,3,0,0,1,1,1,0.9858,0.9918,0.7906,0.8512,1204.3354,349.759,913.6339,338.2672,1152.3398,426.4004,1069.2931,408.8891,290.9286,84.8729,0.2917,1,1,86,1
85,3,0,1,1,1,1,0.9905,0.9893,0.9198,0.8844,404.3719,208.1516,134.7828,203.2558,282.7386,221.4393,226.1054,218.6798,269.6336,56.7005,0.2103,1,1,86,1
85,3,0,2,1,1,1,0.9879,0.9878,0.8507,0.8359,792.8624,326.084,516.6417,331.0563,670.6468,421.7769,629.4494,417.2562,276.2654,41.4446,0.15,1,1,86,1
86,3,0,0,1,1,1,0.9858,0.9918,0.7907,0.8513,1204.2904,349.7568,913.6444,338.2692,1152.2051,426.3584,1069.3015,408.8781,290.8729,84.7264,0.2913,1,1,87,1
86,3,0,1,1,1,1,0.9905,0.9893,0.9198,0.8844,404.3743,208.1525,134.768,203.2339,282.7208,221.4478,226.0839,218.6947,269.6512,56.7038,0.2103,1,1,87,1
86,3,0,2,1,1,1,0.9879,0.9878,0.8506,0.8361,792.8704,326.0958,516.6518,331.07,670.6562,421.7544,629.4462,417.2608,276.2634,41.4543,0.1501,1,1,87,1
87,3,0,0,1,1,1,0.986,0.992,0.794,0.8547,1204.5718,349.5422,915.184,337.3582,1153.2507,426.6881,1070.024,408.5333,289.6441,85.1838,0.2941,1,1,88,1
87,3,0,1,1,1,1,0.9907,0.9894,0.919,0.8824,403.7607,208.139,135.1416,203.116,282.3289,221.3,226.4757,218.415,268.6661,55.9277,0.2082,1,1,88,1
87,3,0,2,1,1,1,0.988,0.9879,0.8476,0.8336,792.9568,325.6923,516.2566,330.6142,670.4586,422.677,629.112,417.461,276.744,41.6743,0.1506,1,1,88,1
88,3,0,0,1,1,1,0.9859,0.992,0.7922,0.8541,1204.9646,350.2926,915.7693,337.6181,1152.7413,425.083,1069.8384,408.437,289.4729,84.5576,0.2921,1,1,89,1
88,3,0,1,1,1,1,0.9905,0.9895,0.9185,0.8834,404.1944,208.3992,135.2174,203.5255,281.7164,220.2098,226.2753,218.1976,269.0212,55.4776,0.2062,1,1,89,1
88,3,0,2,1,1,1,0.9878,0.9879,0.8473,0.8358,792.4092,326.0168,516.0119,330.5494,671.6314,424.1626,628.6962,417.3252,276.4345,43.4761,0.1573,1,1,89,1
89,3,0,0,1,1,1,0.9859,0.992,0.7921,0.8541,1204.9532,350.2825,915.784,337.5896,1152.802,425.138,1069.876,408.4646,289.4477,84.5856,0.2922,1,1,90,1
89,3,0,1,1,1,1,0.9906,0.9895,0.9185,0.8834,404.204,208.4128,135.2108,203.5404,281.7468,220.197,226.241,218.1967,269.0373,55.5418,0.2064,1,1,90,1
89,3,0,2,1,1,1,0.9878,0.9879,0.8474,0.8359,792.376,326.0117,516.0216,330.5481,671.629,424.1778,628.6814,417.3282,276.3917,43.4903,0.1574,1,1,90,1
90,3,0,0,1,1,1,0.9858,0.9919,0.7955,0.8555,1204.4679,349.955,916.0638,337.3736,1150.6575,423.9026,1069.9253,408.8822,288.6783,82.1176,0.2845,1,1,91,1
90,3,0,1,1,1,1,0.9906,0.9895,0.9178,0.8824,404.1733,208.8258,135.9437,203.881,282.12,220.0914,226.0675,217.8902,268.2751,56.0957,0.2091,1,1,91,1
90,3,0,2,1,1,1,0.9879,0.9878,0.8496,0.8355,792.4734,326.2054,516.0694,330.4155,672.0081,424.5568,627.5318,419.321,276.4361,44.7835,0.162,1,1,91,1
91,3,0,0,1,1,1,0.9857,0.9919,0.796,0.8564,1204.3447,349.9349,916.1964,337.4173,1150.4714,423.7606,1069.6414,408.651,288.4201,82.2302,0.2851,1,1,92,1
91,3,0,1,1,1,1,0.9907,0.9895,0.9178,0.8824,404.1104,208.869,135.8894,203.8761,282.177,220.1007,226.1014,217.9141,268.2674,56.1183,0.2092,1,1,92,1
91,3,0,2,1,1,1,0.9879,0.9878,0.8496,0.8359,792.3884,326.1932,516.0204,330.4332,671.9408,424.4796,627.5962,419.2762,276.4005,44.6488,0.1615,1,1,92,1
92,3,0,0,1,1,1,0.9857,0.9918,0.7988,0.8567,1204.8813,349.7906,916.4817,337.231,1152.2391,423.9933,1068.9818,408.9157,288.673,84.6116,0.2931,1,1,93,1
92,3,0,1,1,1,1,0.9904,0.9895,0.9176,0.8848,403.7926,208.5908,135.9458,203.664,282.6265,220.3075,225.3318,219.2238,267.892,57.305,0.2139,1,1,93,1
92,3,0,2,1,1,1,0.9878,0.9876,0.8525,0.8375,792.466,326.3552,516.5739,330.5652,672.9954,424.4564,628.5367,418.9064,275.9242,44.8038,0.1624,1,1,93,1
93,3,0,0,1,1,1,0.9857,0.9918,0.7985,0.8567,1204.9773,349.8198,916.4788,337.2497,1152.1869,423.782,1068.9845,408.914,288.7722,84.5204,0.2927,1,1,94,1
93,3,0,1,1,1,1,0.9904,0.9895,0.9176,0.8846,403.8351,208.647,135.9327,203.7224,282.7269,220.33,225.3796,219.1625,267.9477,57.3592,0.2141,1,1,94,1
93,3,0,2,1,1,1,0.9878,0.9876,0.8526,0.8376,792.4524,326.3661,516.6097,330.5651,673.1212,424.5538,628.4824,418.9626,275.8747,44.9875,0.1631,1,1,94,1
94,3,0,0,1,1,1,0.9858,0.9918,0.8011,0.8576,1205.1073,349.8512,916.6917,337.0534,1153.2588,425.7244,1069.0863,410.5431,288.6994,85.5306,0.2963,1,1,95,1
94,3,0,1,1,1,1,0.9905,0.9895,0.918,0.8841,403.4838,208.0965,136.0729,203.2703,282.6833,220.6556,224.6463,219.2154,267.4545,58.0549,0.2171,1,1,95,1
94,3,0,2,1,1,1,0.9878,0.9874,0.854,0.8372,792.4223,326.6354,517.0716,330.1295,672.687,425.187,625.805,421.6732,275.3728,47.0135,0.1707,1,1,95,1
95,3,0,0,1,1,1,0.9858,0.9918,0.8009,0.8575,1205.0979,349.7404,916.6354,336.9738,1152.9856,425.3578,1069.1295,410.592,288.7448,85.1462,0.2949,1,1,96,1
95,3,0,1,1,1,1,0.9905,0.9895,0.9179,0.8842,403.4724,208.0773,136.0936,203.2774,282.746,220.6597,224.6194,219.2532,267.4219,58.1435,0.2174,1,1,96,1
95,3,0,2,1,1,1,0.9878,0.9874,0.854,0.8367,792.4404,326.6341,517.0518,330.1408,672.7028,425.1168,625.949,421.5068,275.411,46.8929,0.1703,1,1,96,1
96,3,0,0,1,1,1,0.9856,0.992,0.7955,0.8588,1206.331,349.6816,916.8032,337.1118,1151.8948,424.5281,1069.0745,410.4604,289.8006,84.0066,0.2899,1,1,97,1
96,3,0,1,1,1,1,0.9906,0.9895,0.9187,0.8838,403.937,208.7873,135.8517,203.2518,283.6838,221.425,225.067,219.3664,268.1425,58.653,0.2187,1,1,97,1
96,3,0,2,1,1,1,0.9879,0.9877,0.8533,0.8384,792.5414,326.0578,517.3382,329.6575,672.2992,425.2467,626.2558,420.7478,275.2268,46.2626,0.1681,1,1,97,1
97,3,0,0,1,1,1,0.9856,0.992,0.7954,0.8589,1206.3864,349.6234,916.7463,337.1361,1151.7722,424.4312,1068.889,410.4302,289.9091,84.0574,0.2899,1,1,98,1
97,3,0,1,1,1,1,0.9906,0.9894,0.9187,0.8838,403.9231,208.8048,135.8715,203.2635,283.6581,221.3882,225.104,219.3532,268.1088,58.5895,0.2185,1,1,98,1
97,3,0,2,1,1,1,0.9879,0.9877,0.853,0.8383,792.5808,326.0814,517.2688,329.6995,672.2952,425.2258,626.2666,420.725,275.3357,46.2482,0.168,1,1,98,1
98,3,0,0,1,1,1,0.9856,0.992,0.7932,0.857,1206.1451,349.6777,916.1643,337.5986,1150.0671,422.2238,1067.7528,408.987,290.2323,83.3718,0.2873,1,1,99,1
98,3,0,1,1,1,1,0.9906,0.9896,0.9175,0.8837,403.7544,208.6241,135.2053,203.6584,284.4698,221.53,225.2196,219.259,268.595,59.2937,0.2208,1,1,99,1
98,3,0,2,1,1,1,0.9879,0.9877,0.8524,0.838,792.3817,326.401,517.2992,329.8546,671.9845,424.9984,626.5592,419.8698,275.1043,45.7138,0.1662,1,1,99,1
99,3,0,0,1,1,1,0.9852,0.9919,0.7883,0.8532,1206.6235,349.2984,916.0586,339.3717,1152.1417,425.1056,1067.9413,409.0651,290.7345,85.7147,0.2948,1,1,100,1
99,3,0,1,1,1,1,0.9908,0.9899,0.9156,0.8817,403.0896,208.4663,135.7371,205.4427,284.286,221.771,225.1578,218.5892,267.3695,59.2137,0.2215,1,1,100,1
99,3,0,2,1,1,1,0.9877,0.9881,0.8463,0.837,792.9319,326.5766,516.2398,330.7151,673.2728,424.9258,626.3324,419.146,276.723,47.2949,0.1709,1,1,100,1
100,3,0,0,1,1,1,0.9852,0.9919,0.788,0.8529,1206.6052,349.2746,916.0105,339.3911,1151.9607,424.9912,1067.9579,409.0062,290.7628,85.5102,0.2941,1,1,101,1
100,3,0,1,1,1,1,0.9907,0.9899,0.9156,0.8818,403.0831,208.4901,135.6606,205.4692,284.2516,221.7593,225.1398,218.6008,267.4396,59.1961,0.2213,1,1,101,1
100,3,0,2,1,1,1,0.9877,0.9881,0.8463,0.8369,792.9655,326.6056,516.2557,330.7454,673.3094,424.9392,626.33,419.1912,276.7408,47.3297,0.171,1,1,101,1
101,3,0,0,1,1,1,0.9855,0.992,0.7921,0.854,1207.2537,349.4378,916.2917,338.9614,1151.2225,425.0554,1067.4496,409.0897,291.1505,85.2808,0.2929,1,1,102,1
101,3,0,1,1,1,1,0.9907,0.9897,0.9169,0.8826,402.6969,208.732,135.3404,204.3707,284.5234,222.5122,224.4506,221.0667,267.3921,60.0902,0.2247,1,1,102,1
101,3,0,2,1,1,1,0.9879,0.9879,0.8513,0.8377,792.6304,326.4422,517.3946,330.3008,671.3886,423.3979,629.8378,416.4997,275.2629,42.1196,0.153,1,1,102,1
102,3,0,0,1,1,1,0.9855,0.992,0.7924,0.8541,1207.281,349.4706,916.2925,338.9365,1151.2649,424.9984,1067.4733,409.0484,291.1791,85.2962,0.2929,1,1,103,1
102,3,0,1,1,1,1,0.9907,0.9897,0.9169,0.8826,402.6856,208.7339,135.3186,204.3684,284.5333,222.5006,224.4028,221.0573,267.4026,60.1478,0.2249,1,1,103,1
102,3,0,2,1,1,1,0.9879,0.9879,0.8514,0.8376,792.6165,326.4359,517.3292,330.2676,671.3628,423.3932,629.7828,416.5826,275.314,42.134,0.153,1,1,103,1
103,3,0,0,1,1,1,0.9858,0.9918,0.795,0.8534,1206.176,350.0334,915.892,339.4302,1154.6202,426.5814,1068.0911,408.4957,290.4776,88.3991,0.3043,1,1,104,1
103,3,0,1,1,1,1,0.9905,0.9899,0.9158,0.8844,402.7838,208.2226,135.004,204.5658,285.4177,222.5504,224.657,219.7551,267.8048,60.825,0.2271,1,1,104,1
103,3,0,2,1,1,1,0.988,0.9879,0.8468,0.8329,792.994,326.5029,516.7206,330.283,670.8857,422.7412,630.0091,415.3068,276.2993,41.5472,0.1504,1,1,104,1
104,3,0,0,1,1,1,0.9858,0.9918,0.7951,0.8534,1206.183,350.0868,915.8755,339.4428,1154.6769,426.6161,1068.1123,408.4936,290.5026,88.4412,0.3044,1,1,105,1
104,3,0,1,1,1,1,0.9905,0.9899,0.9158,0.8843,402.7808,208.2048,134.9698,204.5143,285.4795,222.5433,224.5972,219.7596,267.8364,60.9459,0.2275,1,1,105,1
104,3,0,2,1,1,1,0.988,0.9879,0.8466,0.8329,793.0056,326.4938,516.7113,330.311,670.7984,422.7678,629.9549,415.2878,276.3207,41.5228,0.1503,1,1,105,1
105,3,0,0,1,1,1,0.9855,0.9919,0.7935,0.8555,1206.189,349.9689,916.392,338.9465,1153.4773,425.5812,1067.6146,407.797,290.0065,87.6851,0.3024,1,1,106,1
105,3,0,1,1,1,1,0.9906,0.9899,0.9159,0.8837,402.1951,208.7988,134.6597,204.9289,284.5925,222.7799,225.342,219.0922,267.5634,59.3651,0.2219,1,1,106,1
105,3,0,2,1,1,1,0.9883,0.9879,0.8471,0.8277,792.8594,326.2431,516.3796,330.0698,669.9608,423.5484,625.9134,418.5289,276.5062,44.3325,0.1603,1,1,106,1
106,3,0,0,1,1,1,0.9855,0.9919,0.7926,0.8546,1206.2982,350.017,916.2931,338.954,1153.7256,425.6754,1067.8453,407.9055,290.2161,87.6994,0.3022,1,1,107,1
106,3,0,1,1,1,1,0.9906,0.9899,0.9159,0.8837,402.1861,208.8124,134.68,204.944,284.614,222.7938,225.3476,219.1134,267.5341,59.3805,0.222,1,1,107,1
106,3,0,2,1,1,1,0.9882,0.9879,0.8471,0.8284,792.8316,326.2408,516.4728,330.0624,669.966,423.5512,626.1296,418.4542,276.3851,44.1317,0.1597,1,1,107,1
107,3,0,0,1,1,1,0.9859,0.9917,0.7933,0.8502,1205.8518,350.1063,915.9595,338.7402,1156.6254,427.1284,1069.1671,407.5111,290.1151,89.6314,0.309,1,1,108,1
107,3,0,1,1,1,1,0.9907,0.9898,0.9165,0.8832,402.2948,208.812,134.8401,204.6022,284.4273,221.9779,224.7164,219.0762,267.4879,59.7814,0.2235,1,1,108,1
107,3,0,2,1,1,1,0.988,0.988,0.8472,0.8333,792.6966,326.3008,516.8788,329.9158,668.9329,423.1878,626.3808,418.1866,275.8416,42.8451,0.1553,1,1,108,1
108,3,0,0,1,1,1,0.9859,0.9917,0.7931,0.85,1205.9214,350.1026,915.9223,338.7441,1156.5391,427.044,1069.2089,407.542,290.2214,89.4812,0.3083,1,1,109,1
108,3,0,1,1,1,1,0.9907,0.9898,0.9165,0.8832,402.2472,208.7997,134.8581,204.5942,284.2267,221.8165,224.7036,219.0235,267.4222,59.5886,0.2228,1,1,109,1
108,3,0,2,1,1,1,0.988,0.988,0.847,0.8333,792.7149,326.2708,516.93,329.9459,668.9552,423.2558,626.265,418.1901,275.8094,42.9897,0.1559,1,1,109,1
109,3,0,0,1,1,1,0.9855,0.992,0.7917,0.8546,1206.3865,349.7438,916.4256,338.7334,1154.3693,424.3904,1068.9214,406.7332,290.1698,87.2532,0.3007,1,1,110,1
109,3,0,1,1,1,1,0.9906,0.9897,0.917,0.8841,402.4631,208.9138,134.6137,204.4702,284.1613,221.4818,224.5688,218.8071,267.8863,59.6526,0.2227,1,1,110,1
109,3,0,2,1,1,1,0.988,0.9881,0.8439,0.8302,793.3135,326.6275,516.5072,330.2703,669.4566,423.53,624.5658,418.8006,276.8303,45.1393,0.1631,1,1,110,1
110,3,0,0,1,1,1,0.9853,0.9918,0.7967,0.8587,1205.853,350.1552,916.4715,339.2955,1153.0259,424.81,1067.147,408.1589,289.5852,87.4783,0.3021,1,1,111,1
110,3,0,1,1,1,1,0.9905,0.9899,0.9152,0.8843,402.0982,208.8851,133.8832,204.3295,283.395,221.5534,223.8952,219.2503,268.2537,59.5444,0.222,1,1,111,1
110,3,0,2,1,1,1,0.9877,0.988,0.8465,0.8367,793.2987,326.9922,517.3356,330.1894,669.4328,422.836,625.017,419.1695,275.9817,44.567,0.1615,1,1,111,1
111,3,0,0,1,1,1,0.9853,0.9918,0.7966,0.8584,1205.8572,350.1548,916.4386,339.2952,1153.2338,424.9486,1067.0844,408.186,289.6222,87.7651,0.303,1,1,112,1
111,3,0,1,1,1,1,0.9905,0.9899,0.9152,0.8843,402.1143,208.8664,133.874,204.3737,283.346,221.563,223.8945,219.296,268.2779,59.4947,0.2218,1,1,112,1
111,3,0,2,1,1,1,0.9877,0.9881,0.8464,0.8372,793.2689,326.9849,517.3565,330.2021,669.4775,422.8628,625.034,419.2226,275.9312,44.5923,0.1616,1,1,112,1
112,3,0,0,1,1,1,0.9851,0.9917,0.7975,0.8592,1205.255,350.2643,915.8527,339.1091,1150.3252,424.3606,1069.217,407.6853,289.6173,82.8046,0.2859,1,1,113,1
112,3,0,1,1,1,1,0.9905,0.9897,0.9165,0.8849,402.39,208.9405,134.0912,204.4526,282.069,221.0517,224.539,218.6266,268.3363,57.5811,0.2146,1,1,113,1
112,3,0,2,1,1,1,0.9878,0.9881,0.8468,0.8374,792.8808,326.7364,517.182,330.2358,670.1986,422.5828,626.645,417.7614,275.7211,43.8197,0.1589,1,1,113,1
113,3,0,0,1,1,1,0.9851,0.9917,0.7976,0.8594,1205.2361,350.2673,915.8802,339.0969,1150.3099,424.3562,1069.2274,407.725,289.5714,82.7706,0.2858,1,1,114,1
113,3,0,1,1,1,1,0.9905,0.9897,0.9165,0.8848,402.3808,208.933,134.0807,204.4468,282.0634,221.0296,224.5172,218.6096,268.3377,57.597,0.2146,1,1,114,1
113,3,0,2,1,1,1,0.9878,0.9881,0.8468,0.8374,792.8737,326.7582,517.1703,330.2555,670.1756,422.5614,626.6316,417.7572,275.7256,43.8081,0.1589,1,1,114,1
114,3,0,0,1,1,1,0.9854,0.9919,0.7965,0.8588,1205.8572,349.5932,915.9951,338.7474,1153.0848,425.835,1068.3687,407.4222,290.0649,86.6941,0.2989,1,1,115,1
114,3,0,1,1,1,1,0.9905,0.9897,0.9176,0.8852,402.4356,208.7424,133.9995,204.4405,282.8619,221.1836,224.3998,218.8237,268.4705,58.5097,0.2179,1,1,115,1
114,3,0,2,1,1,1,0.988,0.988,0.8454,0.8313,793.2889,326.8628,516.5696,330.1531,668.7721,421.9684,626.4423,418.0454,276.7389,42.5112,0.1536,1,1,115,1
115,3,0,0,1,1,1,0.9854,0.9919,0.7963,0.8586,1205.9346,349.6108,915.9234,338.7363,1153.0881,425.8494,1068.3566,407.4195,290.215,86.7127,0.2988,1,1,116,1
115,3,0,1,1,1,1,0.9905,0.9896,0.9177,0.8851,402.4622,208.7619,134.0101,204.4036,282.9122,221.2804,224.368,218.8299,268.4875,58.5955,0.2182,1,1,116,1
115,3,0,2,1,1,1,0.988,0.988,0.8455,0.8311,793.2774,326.8806,516.5672,330.1522,668.7871,422.0125,626.5086,418.1283,276.7294,42.4566,0.1534,1,1,116,1
116,3,0,0,1,1,1,0.9854,0.992,0.7927,0.8576,1205.1876,349.6199,915.9497,338.221,1154.5898,427.5004,1067.8424,409.3048,289.4624,88.6352,0.3062,1,1,117,1
116,3,0,1,1,1,1,0.9905,0.9897,0.9171,0.885,402.4932,208.4172,133.6596,204.2973,282.9252,221.5875,224.5404,219.1656,268.8652,58.435,0.2173,1,1,117,1
116,3,0,2,1,1,1,0.9879,0.9879,0.8469,0.8334,792.9798,326.6907,517.0768,330.1567,668.4222,421.3007,627.2492,417.0434,275.9247,41.3926,0.15,1,1,117,1
117,3,0,0,1,1,1,0.9851,0.9919,0.792,0.8568,1204.894,349.5806,915.6302,337.9682,1151.5779,425.3542,1067.1353,409.3136,289.4968,85.9526,0.2969,1,1,118,1
117,3,0,1,1,1,1,0.9904,0.9896,0.9174,0.8858,402.5628,208.5908,133.6236,204.3384,284.0311,221.4738,224.7569,218.528,268.9729,59.3473,0.2206,1,1,118,1
117,3,0,2,1,1,1,0.9878,0.9879,0.8476,0.8357,792.771,326.8192,518.0883,330.7573,667.4772,421.0292,627.3478,416.1576,274.7109,40.4241,0.1472,1,1,118,1
118,3,0,0,1,1,1,0.9851,0.9919,0.792,0.857,1204.8184,349.5444,915.616,337.9055,1151.8125,425.4854,1067.1694,409.3233,289.4365,86.1723,0.2977,1,1,119,1
118,3,0,1,1,1,1,0.9904,0.9896,0.9174,0.8857,402.6148,208.5303,133.7028,204.3875,283.9018,221.4178,224.8105,218.5321,268.9438,59.1617,0.22,1,1,119,1
118,3,0,2,1,1,1,0.9877,0.9879,0.8473,0.8357,792.7846,326.7928,518.102,330.7539,667.3894,420.9669,627.5108,416.0191,274.7112,40.1844,0.1463,1,1,119,1
119,3,0,0,1,1,1,0.9851,0.9918,0.7937,0.8576,1204.8113,349.5932,916.226,338.261,1152.1112,425.1016,1067.8883,407.9479,288.8077,85.952,0.2976,1,1,120,1
119,3,0,1,1,1,1,0.9904,0.9897,0.9168,0.8863,402.6133,208.3524,133.0007,204.7365,283.1239,221.2093,224.5576,218.4406,269.6368,58.6317,0.2174,1,1,120,1
119,3,0,2,1,1,1,0.9879,0.988,0.8428,0.831,792.7264,326.9922,516.7906,331.0057,669.6212,423.4726,627.5374,415.6127,275.965,42.8115,0.1551,1,1,120,1
120,3,0,0,1,1,1,0.9851,0.9918,0.7944,0.8578,1204.7817,349.5862,916.2115,338.2658,1151.6744,424.8588,1067.9645,407.959,288.7922,85.3988,0.2957,1,1,121,1
120,3,0,1,1,1,1,0.9904,0.9897,0.9169,0.8862,402.6586,208.3438,133.0485,204.733,283.0176,221.1595,224.6021,218.4015,269.6342,58.4805,0.2169,1,1,121,1
120,3,0,2,1,1,1,0.9879,0.988,0.8431,0.8308,792.6762,327.0434,516.8126,330.9198,669.6228,423.3446,627.6268,415.5958,275.8908,42.705,0.1548,1,1,121,1
121,3,0,0,1,1,1,0.9855,0.9918,0.7929,0.854,1205.5813,350.0314,915.3001,338.3126,1153.1296,425.9929,1067.5952,408.6742,290.5176,87.2701,0.3004,1,1,122,1
121,3,0,1,1,1,1,0.9903,0.99,0.9157,0.8877,402.5069,207.7712,133.1546,204.4549,282.0522,220.494,224.4237,217.6859,269.3727,57.6969,0.2142,1,1,122,1
121,3,0,2,1,1,1,0.9881,0.988,0.8446,0.8298,793.1841,327.3042,516.5622,331.5042,669.6696,423.1516,626.7562,415.8452,276.6538,43.5309,0.1573,1,1,122,1
122,3,0,0,1,1,1,0.9855,0.9918,0.7929,0.854,1205.5594,350.0544,915.3036,338.3187,1153.1196,425.9928,1067.6184,408.7369,290.493,87.2251,0.3003,1,1,123,1
122,3,0,1,1,1,1,0.9903,0.9899,0.9158,0.8876,402.5117,207.7997,133.2097,204.438,282.0505,220.493,224.4398,217.6922,269.323,57.6787,0.2142,1,1,123,1
122,3,0,2,1,1,1,0.9881,0.988,0.8447,0.83,793.2124,327.294,516.5566,331.5358,669.7328,423.1488,626.6842,415.9161,276.6884,43.6519,0.1578,1,1,123,1
123,3,0,0,1,1,1,0.9855,0.9919,0.7919,0.8539,1204.3583,348.8438,915.5535,337.651,1153.7815,426.4092,1067.1907,408.4812,289.0216,88.4273,0.306,1,1,124,1
123,3,0,1,1,1,1,0.9901,0.9899,0.9152,0.8889,402.0297,207.6179,133.6142,204.4126,282.607,221.2847,224.4261,217.6702,268.4346,58.293,0.2172,1,1,124,1
123,3,0,2,1,1,1,0.9882,0.9881,0.8429,0.8274,793.2254,326.7576,516.482,331.3292,668.56,422.0702,625.701,416.3382,276.7812,43.2407,0.1562,1,1,124,1
124,3,0,0,1,1,1,0.985,0.992,0.7903,0.8578,1205.1063,349.005,915.7048,338.2027,1150.7322,424.6443,1067.1183,408.8848,289.603,85.0861,0.2938,1,1,125,1
124,3,0,1,1,1,1,0.9902,0.9897,0.9173,0.8882,401.7252,208.0996,133.4808,203.9287,282.7878,221.6554,224.2094,218.6619,268.2769,58.6549,0.2186,1,1,125,1
124,3,0,2,1,1,1,0.9882,0.9881,0.8429,0.8271,792.935,327.017,516.091,331.3147,667.766,421.1902,622.2354,418.6287,276.8774,45.6026,0.1647,1,1,125,1
125,3,0,0,1,1,1,0.985,0.992,0.7907,0.8577,1205.0588,348.9758,915.7179,338.1808,1150.7759,424.6323,1067.0918,408.8898,289.5422,85.1519,0.2941,1,1,126,1
125,3,0,1,1,1,1,0.9902,0.9896,0.9174,0.8881,401.7132,208.0479,133.5018,203.887,282.8078,221.586,224.229,218.671,268.2437,58.6513,0.2186,1,1,126,1
125,3,0,2,1,1,1,0.9882,0.9881,0.8425,0.8273,792.9328,326.9817,516.1229,331.2824,667.805,421.2332,622.3529,418.563,276.8432,45.5305,0.1645,1,1,126,1
126,3,0,0,1,1,1,0.9852,0.9919,0.7897,0.8552,1204.9308,349.2517,915.8445,337.7946,1151.872,424.1012,1067.2314,407.6459,289.3132,86.2253,0.298,1,1,127,1
126,3,0,1,1,1,1,0.9902,0.9898,0.9161,0.8884,401.4375,207.9893,133.0137,203.9276,283.8689,222.2766,224.6576,218.5013,268.4545,59.3316,0.221,1,1,127,1
126,3,0,2,1,1,1,0.9879,0.9881,0.8425,0.8311,792.2783,326.9904,516.6062,331.2102,667.4692,421.2608,624.3272,417.7808,275.7044,43.2821,0.157,1,1,127,1
127,3,0,0,1,1,1,0.9852,0.9919,0.7889,0.8545,1205.0693,349.1383,915.7481,337.7483,1151.6936,424.1814,1067.3074,407.6503,289.5453,85.9902,0.297,1,1,128,1
127,3,0,1,1,1,1,0.9902,0.9898,0.916,0.8883,401.4247,207.9752,132.9763,203.8999,283.9536,222.3276,224.6192,218.5541,268.4794,59.4542,0.2214,1,1,128,1
127,3,0,2,1,1,1,0.9879,0.9881,0.8427,0.8309,792.318,326.9805,516.6172,331.2508,667.4584,421.236,624.1988,417.8761,275.7339,43.39,0.1574,1,1,128,1
128,3,0,0,1,1,1,0.987,0.9886,0.8076,0.8296,1206.6333,347.3026,915.3201,339.0835,1145.7957,432.4972,1062.8638,408.6633,291.4291,86.2888,0.2961,1,1,129,1
128,3,0,1,1,1,1,0.9902,0.9897,0.916,0.8875,401.3728,207.9021,132.9055,203.6791,283.3122,223.0733,224.23,219.0537,268.5004,59.2189,0.2206,1,1,129,1
128,3,0,2,1,1,1,0.9881,0.9881,0.8406,0.8258,792.5233,327.0791,515.9399,331.1185,666.1541,420.4447,623.701,417.3692,276.6129,42.5644,0.1539,1,1,129,1
129,3,0,0,1,1,1,0.9869,0.9886,0.8085,0.8315,1206.5421,347.3027,915.4731,339.1246,1145.64,432.4513,1062.6432,408.5048,291.1838,86.3823,0.2967,1,1,130,1
129,3,0,1,1,1,1,0.9902,0.9897,0.916,0.8873,401.3756,207.8285,132.887,203.5544,283.3462,223.1602,224.2428,219.0279,268.5225,59.2477,0.2206,1,1,130,1
129,3,0,2,1,1,1,0.9881,0.9881,0.8402,0.8265,792.5227,327.0231,516.0218,331.1428,666.2927,420.5451,623.6714,417.4108,276.5317,42.7364,0.1545,1,1,130,1
130,3,0,0,1,1,1,0.9852,0.9919,0.7945,0.8576,1205.1818,349.9767,916.3814,338.0297,1153.4376,426.375,1066.2162,409.0176,289.0474,88.9318,0.3077,1,1,131,1
130,3,0,1,1,1,1,0.9901,0.9897,0.9154,0.8875,401.5477,207.6288,132.9647,203.9523,281.907,222.3047,224.2624,218.8744,268.6082,57.7466,0.215,1,1,131,1
130,3,0,2,1,1,1,0.9879,0.9881,0.8401,0.8282,792.6288,326.9343,516.0624,331.3949,666.02,420.6751,623.5522,417.8753,276.6023,42.5599,0.1539,1,1,131,1
131,3,0,0,1,1,1,0.9852,0.9919,0.7943,0.8576,1205.1918,349.9566,916.3582,338.0518,1153.3892,426.3517,1066.2449,408.9353,289.0789,88.8676,0.3074,1,1,132,1
131,3,0,1,1,1,1,0.9901,0.9897,0.9154,0.8875,401.5336,207.6305,132.9038,204.0032,281.958,222.363,224.2778,218.8789,268.6542,57.7854,0.2151,1,1,132,1
131,3,0,2,1,1,1,0.9879,0.9881,0.8402,0.8281,792.6346,326.919,516.063,331.374,665.9372,420.6181,623.6264,417.8645,276.6076,42.4003,0.1533,1,1,132,1
132,3,0,0,1,1,1,0.985,0.992,0.7912,0.8581,1205.5933,349.3858,916.2811,338.4779,1153.8735,425.8668,1065.834,408.2405,289.5178,89.7867,0.3101,1,1,133,1
132,3,0,1,1,1,1,0.9902,0.9897,0.9165,0.8869,401.7227,207.6986,133.3784,203.9726,281.7735,223.064,224.4746,218.5652,268.3702,57.4752,0.2142,1,1,133,1
132,3,0,2,1,1,1,0.9879,0.988,0.8387,0.8257,793.2246,326.6654,515.9252,331.5344,665.9974,419.6278,626.2444,415.4872,277.3422,39.9681,0.1441,1,1,133,1
133,3,0,0,1,1,1,0.985,0.992,0.7907,0.8579,1205.5466,349.3948,916.2075,338.4966,1153.7288,425.9088,1065.8435,408.2836,289.5443,89.6352,0.3096,1,1,134,1
133,3,0,1,1,1,1,0.9902,0.9897,0.9165,0.8869,401.7604,207.6323,133.3934,203.8958,281.8138,223.0629,224.4818,218.5478,268.393,57.5095,0.2143,1,1,134,1
133,3,0,2,1,1,1,0.9879,0.988,0.8387,0.8257,793.2738,326.6402,515.9452,331.4978,666.0586,419.6348,626.2596,415.443,277.3711,40.0192,0.1443,1,1,134,1
134,3,0,0,1,1,1,0.985,0.9919,0.7906,0.8572,1205.3579,349.8176,915.7091,338.5653,1151.5042,424.5292,1067.3632,407.4322,289.8673,85.8604,0.2962,1,1,135,1
134,3,0,1,1,1,1,0.9903,0.9897,0.916,0.8862,401.0644,206.9539,132.7208,203.3762,279.9012,221.147,224.2549,218.3542,268.3675,55.7164,0.2076,1,1,135,1
134,3,0,2,1,1,1,0.9879,0.9881,0.8407,0.8298,792.8434,326.752,516.1734,331.4933,667.0119,420.689,624.7501,416.9492,276.7106,42.4269,0.1533,1,1,135,1
135,3,0,0,1,1,1,0.9849,0.9919,0.7907,0.8574,1205.2808,349.7408,915.7822,338.4964,1151.4291,424.4466,1067.3837,407.4509,289.7168,85.7466,0.296,1,1,136,1
135,3,0,1,1,1,1,0.9903,0.9897,0.916,0.8862,401.0568,207.0004,132.6794,203.4391,279.8114,221.2129,224.2765,218.3857,268.401,55.6068,0.2072,1,1,136,1
135,3,0,2,1,1,1,0.9879,0.9881,0.8408,0.8298,792.8517,326.7789,516.1882,331.504,667.0372,420.6488,624.6674,417.0197,276.7038,42.5249,0.1537,1,1,136,1
136,3,0,0,1,1,1,0.9869,0.9887,0.8117,0.8362,1206.0674,347.1931,915.8287,339.4422,1146.6512,433.0486,1063.56,407.6026,290.3421,86.9002,0.2993,1,1,137,1
136,3,0,1,1,1,1,0.9901,0.9896,0.9163,0.8876,401.2909,207.3929,132.052,202.9602,280.0188,220.8524,224.246,217.9746,269.2754,55.8469,0.2074,1,1,137,1
136,3,0,2,1,1,1,0.9878,0.988,0.8393,0.8273,793.1607,327.1988,515.784,331.9516,665.8328,420.1062,623.1656,417.7776,277.4174,42.7307,0.154,1,1,137,1
137,3,0,0,1,1,1,0.9851,0.9919,0.7939,0.8589,1204.4563,349.1582,916.4486,337.6352,1155.0115,427.258,1067.6785,407.999,288.2381,89.4314,0.3103,1,1,138,1
137,3,0,1,1,1,1,0.9902,0.9895,0.9166,0.8869,401.0245,207.6482,133.4699,203.402,281.1383,221.9078,223.911,219.3071,267.5884,57.2863,0.2141,1,1,138,1
137,3,0,2,1,1,1,0.988,0.9878,0.8376,0.8198,793.3128,326.9296,515.4724,331.7425,664.221,418.7515,622.9832,418.6422,277.8821,41.2381,0.1484,1,1,138,1
138,3,0,0,1,1,1,0.9868,0.9885,0.8068,0.8307,1205.9856,346.7426,915.6685,338.7817,1147.8663,433.2902,1064.0215,408.188,290.4262,87.5219,0.3014,1,1,139,1
138,3,0,1,1,1,1,0.9902,0.9895,0.9167,0.8869,401.0388,207.6373,133.4881,203.4017,281.0911,221.9355,223.9174,219.3,267.5842,57.2344,0.2139,1,1,139,1
138,3,0,2,1,1,1,0.988,0.9878,0.8376,0.8198,793.3306,326.9256,515.4914,331.7312,664.2584,418.6973,622.8894,418.6836,277.8807,41.3691,0.1489,1,1,139,1
139,3,0,0,1,1,1,0.9853,0.9919,0.7945,0.8578,1205.2485,349.6709,915.8458,338.3454,1153.2913,425.7121,1067.147,408.1134,289.6242,87.9236,0.3036,1,1,140,1
139,3,0,1,1,1,1,0.9902,0.9895,0.9177,0.8876,401.0141,208.1542,133.4513,204.17,281.1,222.5196,224.1818,219.114,267.5925,57.02,0.2131,1,1,140,1
139,3,0,2,1,1,1,0.988,0.9876,0.8454,0.8261,792.0688,326.7621,516.2251,331.6227,665.3178,419.868,624.612,416.2816,275.8865,40.8636,0.1481,1,1,140,1
140,3,0,0,1,1,1,0.9854,0.9919,0.7945,0.8578,1205.2363,349.6611,915.841,338.3343,1153.2727,425.7005,1067.1454,408.2112,289.6169,87.8851,0.3035,1,1,141,1
140,3,0,1,1,1,1,0.9902,0.9895,0.9177,0.8876,401.0436,208.1709,133.4648,204.1674,281.1153,222.5437,224.1835,219.1265,267.6087,57.0342,0.2131,1,1,141,1
140,3,0,2,1,1,1,0.988,0.9876,0.8455,0.8259,792.1125,326.7478,516.2458,331.6265,665.3349,419.8724,624.6446,416.2542,275.9098,40.8509,0.1481,1,1,141,1
141,3,0,0,1,1,1,0.985,0.992,0.7899,0.8584,1205.9657,349.7618,915.6213,338.6402,1151.5294,424.6028,1066.4618,407.7051,290.5574,86.7297,0.2985,1,1,142,1
141,3,0,1,1,1,1,0.9902,0.9896,0.9171,0.888,401.3582,207.4655,133.477,204.0726,280.474,222.5928,224.1786,219.3293,267.9027,56.3899,0.2105,1,1,142,1
141,3,0,2,1,1,1,0.9881,0.9879,0.8418,0.8246,792.3833,326.7678,514.9032,332.0202,666.5743,422.1602,623.5372,417.986,277.5298,43.2391,0.1558,1,1,142,1
142,3,0,0,1,1,1,0.9849,0.992,0.7899,0.8584,1205.9674,349.765,915.6196,338.629,1151.5074,424.5547,1066.4661,407.6948,290.5613,86.6965,0.2984,1,1,143,1
142,3,0,1,1,1,1,0.9902,0.9896,0.9172,0.888,401.3725,207.4528,133.515,204.0536,280.4737,222.5544,224.1825,219.3014,267.8791,56.3851,0.2105,1,1,143,1
142,3,0,2,1,1,1,0.9881,0.9879,0.8419,0.8247,792.3668,326.7664,514.917,332.0289,666.5877,422.2002,623.5716,417.9686,277.4997,43.2238,0.1558,1,1,143,1
143,3,0,0,1,1,1,0.9852,0.992,0.7892,0.857,1205.0623,348.8625,915.6232,338.0034,1153.6864,426.5351,1065.9235,408.3533,289.6427,89.6265,0.3094,1,1,144,1
143,3,0,1,1,1,1,0.9902,0.9895,0.9181,0.8877,401.207,207.7358,133.3742,204.3946,280.9769,222.7646,224.4494,219.9021,267.8537,56.6,0.2113,1,1,144,1
143,3,0,2,1,1,1,0.988,0.9881,0.8397,0.8261,792.5432,326.4806,515.024,332.1084,665.4401,422.165,624.6648,418.3378,277.5763,40.9545,0.1475,1,1,144,1
144,3,0,0,1,1,1,0.9852,0.992,0.789,0.8569,1205.071,348.8749,915.597,338.0177,1153.6797,426.5156,1065.9607,408.3428,289.6775,89.5817,0.3092,1,1,145,1
144,3,0,1,1,1,1,0.9902,0.9895,0.9181,0.8876,401.226,207.7391,133.3419,204.4055,280.9502,222.758,224.4716,219.9008,267.9048,56.5508,0.2111,1,1,145,1
144,3,0,2,1,1,1,0.988,0.9881,0.8396,0.8261,792.5528,326.5036,515.0344,332.109,665.4148,422.1326,624.7198,418.2959,277.5749,40.8755,0.1473,1,1,145,1
145,3,0,0,1,1,1,0.9853,0.992,0.7932,0.8584,1204.6523,349.3714,916.235,338.4261,1152.6678,425.9096,1066.4116,407.5807,288.6249,88.1821,0.3055,1,1,146,1
145,3,0,1,1,1,1,0.9903,0.9895,0.9182,0.8873,401.2474,207.5698,133.3649,203.9326,280.8207,222.2404,224.1307,220.1858,267.9072,56.7272,0.2117,1,1,146,1
145,3,0,2,1,1,1,0.9879,0.9879,0.8411,0.8271,792.2909,326.9061,514.8198,332.4978,666.473,423.3778,621.071,419.0948,277.5275,45.6035,0.1643,1,1,146,1
146,3,0,0,1,1,1,0.985,0.992,0.7901,0.8585,1204.383,349.3306,916.2205,338.4896,1149.9736,422.8917,1066.6604,406.6226,288.3665,84.8869,0.2944,1,1,147,1
146,3,0,1,1,1,1,0.9901,0.9895,0.9171,0.8883,400.9447,207.5552,132.9366,203.6986,280.5307,221.9284,223.7307,220.1418,268.0358,56.8281,0.212,1,1,147,1
146,3,0,2,1,1,1,0.9878,0.988,0.841,0.8287,792.4496,327.2659,514.3608,332.5293,666.7737,423.885,618.8792,420.4442,278.1386,48.0179,0.1726,1,1,147,1
147,3,0,0,1,1,1,0.985,0.992,0.79,0.8584,1204.4559,349.363,916.1842,338.492,1150.0203,422.9924,1066.6434,406.6222,288.4766,84.9687,0.2945,1,1,148,1
147,3,0,1,1,1,1,0.9901,0.9895,0.9171,0.8883,400.946,207.5563,132.93,203.6964,280.5375,221.9283,223.7386,220.1302,268.0438,56.8274,0.212,1,1,148,1
147,3,0,2,1,1,1,0.9878,0.988,0.8409,0.8286,792.4656,327.2694,514.3466,332.5319,666.8006,423.9009,618.9048,420.4803,278.1688,48.0177,0.1726,1,1,148,1
148,3,0,0,1,1,1,0.9851,0.9918,0.7963,0.8581,1203.8553,349.1761,916.5114,339.3937,1149.6781,422.9867,1066.3689,409.0846,287.5105,84.4612,0.2938,1,1,149,1
148,3,0,1,1,1,1,0.9903,0.9896,0.9165,0.8868,400.7264,207.8299,132.5156,204.4074,281.7062,222.8214,224.347,219.7031,268.2327,57.4439,0.2142,1,1,149,1
148,3,0,2,1,1,1,0.9878,0.988,0.8391,0.8261,792.3402,327.0528,513.7796,332.9438,665.7408,422.7039,618.5696,420.2012,278.6228,47.2376,0.1695,1,1,149,1
149,3,0,0,1,1,1,0.985,0.9918,0.7964,0.8588,1203.7985,349.1874,916.5416,339.4284,1149.6223,422.9994,1066.0061,409.049,287.4226,84.7719,0.2949,1,1,150,1
149,3,0,1,1,1,1,0.9903,0.9897,0.9163,0.8871,400.6472,207.9135,132.4412,204.4494,281.7206,222.7208,224.4174,219.6713,268.2283,57.3843,0.2139,1,1,150,1
149,3,0,2,1,1,1,0.9878,0.988,0.8388,0.8258,792.3505,327.0428,513.7292,332.97,665.6714,422.7096,618.6198,420.1817,278.6844,47.1195,0.1691,1,1,150,1
150,3,0,0,1,1,1,0.9853,0.9918,0.7937,0.8564,1204.8875,349.3309,916.0085,338.9676,1150.507,424.8291,1066.9475,408.2699,289.0647,85.1844,0.2947,1,1,151,1
150,3,0,1,1,1,1,0.9903,0.9896,0.917,0.8874,400.6571,207.7752,131.8967,204.1632,281.5469,222.154,225.0082,218.8304,268.7847,56.6363,0.2107,1,1,151,1
150,3,0,2,1,1,1,0.9879,0.988,0.8363,0.822,792.4677,326.743,513.2962,333.0304,666.3778,424.6637,616.7032,422.6157,279.2423,49.7168,0.178,1,1,151,1
151,3,0,0,1,1,1,0.9853,0.9918,0.7946,0.8571,1204.8481,349.3754,916.0999,338.9604,1150.3678,424.7708,1066.6343,408.3624,288.9361,85.3261,0.2953,1,1,152,1
151,3,0,1,1,1,1,0.9903,0.9896,0.9171,0.8872,400.6751,207.7997,131.9549,204.1346,281.6094,222.1966,224.982,218.8701,268.7451,56.725,0.2111,1,1,152,1
151,3,0,2,1,1,1,0.9879,0.988,0.8359,0.8221,792.4556,326.7777,513.255,333.0584,666.3744,424.6697,616.5018,422.8396,279.2713,49.9062,0.1787,1,1,152,1
152,3,0,0,1,1,1,0.9852,0.9919,0.7908,0.8572,1205.1149,349.8054,915.629,338.7455,1151.6824,423.4024,1066.8236,407.3913,289.6971,86.3561,0.2981,1,1,153,1
152,3,0,1,1,1,1,0.9902,0.9896,0.917,0.8874,400.6136,207.994,132.6438,204.1482,282.3567,222.539,224.9175,218.7918,267.9974,57.5613,0.2148,1,1,153,1
152,3,0,2,1,1,1,0.9881,0.9878,0.8406,0.8215,792.4018,326.9415,513.683,332.9602,666.3606,424.6766,618.7633,419.877,278.7838,47.8386,0.1716,1,1,153,1
153,3,0,0,1,1,1,0.9851,0.9919,0.7924,0.8597,1204.4987,349.933,915.9391,339.4097,1155.4025,426.1078,1066.207,406.7266,288.7513,91.2768,0.3161,1,1,154,1
153,3,0,1,1,1,1,0.9902,0.9895,0.9171,0.887,400.7749,207.9836,133.6876,203.4163,283.3137,222.9742,224.4185,219.1264,267.1263,59.0208,0.2209,1,1,154,1
153,3,0,2,1,1,1,0.9881,0.9879,0.8365,0.8192,792.3659,326.5823,513.232,332.7854,666.2818,425.999,614.6584,424.2133,279.2028,51.6543,0.185,1,1,154,1
154,3,0,0,1,1,1,0.9851,0.992,0.7921,0.8597,1204.5547,349.946,915.869,339.3902,1155.4227,426.1854,1066.2034,406.7166,288.8787,91.3188,0.3161,1,1,155,1
154,3,0,1,1,1,1,0.9902,0.9895,0.9171,0.8869,400.7664,207.9893,133.7011,203.4203,283.2892,222.9373,224.4204,219.1468,267.1043,58.9907,0.2209,1,1,155,1
154,3,0,2,1,1,1,0.9881,0.9879,0.8364,0.819,792.4032,326.5501,513.2162,332.8042,666.2625,426.0152,614.5096,424.2671,279.257,51.7824,0.1854,1,1,155,1
155,3,0,0,1,1,1,0.9857,0.9919,0.7975,0.8582,1203.3994,348.8957,916.213,338.569,1152.2278,422.7246,1065.7095,407.7444,287.372,87.8056,0.3055,1,1,156,1
155,3,0,1,1,1,1,0.9901,0.9898,0.9152,0.8884,400.8217,209.0915,133.274,203.9936,282.9667,222.1779,225.5106,218.3098,267.5963,57.5862,0.2152,1,1,156,1
155,3,0,2,1,1,1,0.9882,0.988,0.8385,0.8205,792.164,326.8638,513.6184,332.1261,666.8933,426.3368,615.757,423.2104,278.5953,51.2318,0.1839,1,1,156,1
156,3,0,0,1,1,1,0.9857,0.992,0.7972,0.858,1203.398,348.8535,916.2173,338.5931,1152.2573,422.7986,1065.6658,407.7862,287.3638,87.8833,0.3058,1,1,157,1
156,3,0,1,1,1,1,0.9901,0.9898,0.9152,0.8884,400.7981,209.0893,133.2722,203.9979,282.9335,222.1645,225.5075,218.3332,267.5743,57.5537,0.2151,1,1,157,1
156,3,0,2,1,1,1,0.9882,0.988,0.8386,0.8206,792.2279,326.8985,513.6318,332.176,666.9164,426.3144,615.809,423.1532,278.6461,51.2051,0.1838,1,1,157,1
157,3,0,0,1,1,1,0.9853,0.9921,0.7908,0.8593,1203.3582,348.6749,915.532,338.2008,1151.8282,422.4762,1064.9785,406.4796,288.0166,88.3106,0.3066,1,1,158,1
157,3,0,1,1,1,1,0.9901,0.9895,0.9171,0.8878,400.7016,209.2764,132.4699,202.7417,284.161,222.1638,225.2368,219.5224,268.3112,58.9834,0.2198,1,1,158,1
157,3,0,2,1,1,1,0.9882,0.988,0.8356,0.8175,792.6008,327.599,512.7445,332.843,667.5244,426.4476,614.7097,423.8482,279.9054,52.8786,0.1889,1,1,158,1
158,3,0,0,1,1,1,0.9853,0.9921,0.7908,0.8592,1203.3853,348.7081,915.5527,338.2024,1151.8798,422.5442,1064.9519,406.4654,288.0242,88.4024,0.3069,1,1,159,1
158,3,0,1,1,1,1,0.9901,0.9895,0.9171,0.8878,400.7502,209.2674,132.4529,202.7405,284.1445,222.078,225.2047,219.5266,268.3766,58.995,0.2198,1,1,159,1
158,3,0,2,1,1,1,0.9883,0.988,0.8356,0.8173,792.603,327.5781,512.7334,332.833,667.5312,426.4392,614.7558,423.8337,279.919,52.8397,0.1888,1,1,159,1
159,3,0,0,1,1,1,0.9853,0.9921,0.7885,0.8565,1204.3889,349.6429,915.1846,339.3268,1152.7072,424.0194,1065.6481,405.4229,289.3882,89.0231,0.3076,1,1,160,1
159,3,0,1,1,1,1,0.9899,0.9896,0.9164,0.8896,400.6337,209.2207,131.9094,201.9299,282.3119,220.6206,224.6541,220.2886,268.8232,57.6587,0.2145,1,1,160,1
159,3,0,2,1,1,1,0.9882,0.988,0.8366,0.8197,792.3058,327.4539,512.8386,332.6705,666.4646,425.831,617.9616,421.3064,279.5158,48.7135,0.1743,1,1,160,1
160,3,0,0,1,1,1,0.985,0.9921,0.7856,0.8576,1204.5677,349.3389,915.3939,338.8543,1150.2557,421.8106,1066.3274,406.3308,289.3638,85.3439,0.2949,1,1,161,1
160,3,0,1,1,1,1,0.9901,0.9895,0.9171,0.8885,400.8424,209.1897,132.3288,202.231,282.2524,221.0094,224.8086,219.6933,268.6037,57.4588,0.2139,1,1,161,1
160,3,0,2,1,1,1,0.9881,0.9881,0.8367,0.8214,792.5484,327.3875,513.2822,332.8269,667.4674,426.2911,615.5312,424.0822,279.3192,51.9833,0.1861,1,1,161,1
161,3,0,0,1,1,1,0.9849,0.9921,0.7858,0.8585,1204.5587,349.3059,915.4717,338.8906,1149.8092,421.4452,1065.921,406.4459,289.2746,85.2186,0.2946,1,1,162,1
161,3,0,1,1,1,1,0.9901,0.9895,0.9171,0.8886,400.8138,209.1746,132.338,202.2114,282.2288,221.018,224.822,219.7564,268.5661,57.4206,0.2138,1,1,162,1
161,3,0,2,1,1,1,0.9881,0.9881,0.8366,0.8216,792.5131,327.3834,513.3209,332.8214,667.3683,426.3465,615.6142,424.0156,279.2452,51.8065,0.1855,1,1,162,1
162,3,0,0,1,1,1,0.9849,0.9922,0.785,0.8577,1204.5193,349.5026,915.6127,338.7715,1150.7231,422.0035,1065.7584,406.504,289.1058,86.3669,0.2987,1,1,163,1
162,3,0,1,1,1,1,0.9901,0.9896,0.9173,0.8882,401.2916,208.7982,132.4491,202.5513,282.3302,221.7324,225.3662,219.3326,268.915,57.0145,0.212,1,1,163,1
162,3,0,2,1,1,1,0.9879,0.9883,0.8376,0.8254,791.8624,326.7548,513.9336,332.7425,666.9507,426.4834,614.6917,424.499,277.9934,52.2966,0.1881,1,1,163,1
163,3,0,0,1,1,1,0.9849,0.9921,0.7856,0.858,1204.5295,349.5578,915.5982,338.799,1150.6361,421.946,1065.7799,406.545,289.1316,86.2425,0.2983,1,1,164,1
163,3,0,1,1,1,1,0.9901,0.9896,0.9172,0.8882,401.3183,208.7345,132.3372,202.5322,282.3432,221.6743,225.3314,219.3349,269.0526,57.0598,0.2121,1,1,164,1
163,3,0,2,1,1,1,0.988,0.9882,0.838,0.8251,791.8336,326.7829,513.9281,332.7203,666.8646,426.4448,614.8476,424.2596,277.9689,52.0628,0.1873,1,1,164,1
164,3,0,0,1,1,1,0.9856,0.9921,0.7843,0.8524,1205.3295,350.0362,915.2034,338.7338,1154.9644,425.1278,1066.6886,406.3379,290.3461,90.2534,0.3108,1,1,165,1
164,3,0,1,1,1,1,0.9901,0.9894,0.9177,0.8881,400.9196,208.4937,132.4536,202.3492,282.6364,221.4646,225.27,219.4041,268.5362,57.4034,0.2138,1,1,165,1
164,3,0,2,1,1,1,0.9881,0.9883,0.8405,0.8265,792.3316,326.9486,514.0088,332.7731,665.9154,425.6178,616.6255,422.7828,278.3838,49.3713,0.1773,1,1,165,1
165,3,0,0,1,1,1,0.9856,0.9921,0.7845,0.8521,1205.3542,350.0314,915.1753,338.8329,1155.3408,425.5228,1066.7356,406.2095,290.395,90.6856,0.3123,1,1,166,1
165,3,0,1,1,1,1,0.9901,0.9895,0.9174,0.8879,400.8942,208.4838,132.428,202.4559,282.5992,221.3205,225.2309,219.2557,268.5339,57.4055,0.2138,1,1,166,1
165,3,0,2,1,1,1,0.9882,0.9882,0.8403,0.8259,792.2669,326.9286,513.8996,332.7312,665.8838,425.7383,616.4552,422.9818,278.4278,49.5055,0.1778,1,1,166,1
166,3,0,0,1,1,1,0.9855,0.9922,0.7843,0.8544,1205.0076,349.9053,915.5752,338.6068,1157.1338,426.6554,1066.6029,407.1082,289.6528,92.6171,0.3198,1,1,167,1
166,3,0,1,1,1,1,0.9901,0.9895,0.9167,0.8881,400.7524,208.5032,132.4916,202.6171,282.4876,221.3741,225.057,218.585,268.3255,57.4983,0.2143,1,1,167,1
166,3,0,2,1,1,1,0.9879,0.9882,0.8366,0.8247,791.7868,326.8628,513.933,332.7316,666.7154,426.4041,615.99,423.2723,277.9157,50.8221,0.1829,1,1,167,1
167,3,0,0,1,1,1,0.9855,0.9922,0.7841,0.8545,1205.0004,349.8986,915.5542,338.6157,1157.1559,426.6634,1066.6216,407.0844,289.666,92.6272,0.3198,1,1,168,1
167,3,0,1,1,1,1,0.9901,0.9895,0.9169,0.8881,400.7419,208.5137,132.4788,202.6197,282.5291,221.537,224.9988,218.7748,268.3279,57.5965,0.2146,1,1,168,1
167,3,0,2,1,1,1,0.9879,0.9882,0.8366,0.8246,791.8256,326.8667,513.9448,332.7406,666.681,426.373,616.0396,423.1744,277.9429,50.7422,0.1826,1,1,168,1
168,3,0,0,1,1,1,0.9855,0.9923,0.7869,0.857,1204.5271,349.3645,915.4371,338.3768,1158.1802,429.133,1066.4606,407.5114,289.2988,94.2336,0.3257,1,1,169,1
168,3,0,1,1,1,1,0.99,0.9895,0.9159,0.888,400.0379,207.8461,133.2521,203.0986,281.2946,221.5577,224.3254,219.1404,266.828,57.0204,0.2137,1,1,169,1
168,3,0,2,1,1,1,0.9879,0.9883,0.8373,0.8284,791.7786,326.81,513.7876,332.9589,667.0915,424.919,620.089,419.3042,278.059,47.3366,0.1702,1,1,169,1
169,3,0,0,1,1,1,0.9856,0.9923,0.7867,0.8569,1204.5715,349.3484,915.4219,338.3774,1158.1416,429.1164,1066.526,407.484,289.3577,94.1349,0.3253,1,1,170,1
169,3,0,1,1,1,1,0.99,0.9896,0.9158,0.8881,400.0297,207.8559,133.2532,203.1062,281.2876,221.5718,224.3266,219.1356,266.8188,57.0131,0.2137,1,1,170,1
169,3,0,2,1,1,1,0.9879,0.9883,0.8373,0.8285,791.7536,326.7962,513.7826,332.9429,667.1051,424.9202,620.0704,419.317,278.039,47.3672,0.1704,1,1,170,1
170,3,0,0,1,1,1,0.9853,0.9921,0.7862,0.8554,1204.4996,349.8897,915.132,338.6527,1154.9943,425.0114,1067.3411,406.4445,289.5858,89.5981,0.3094,1,1,171,1
170,3,0,1,1,1,1,0.9901,0.9895,0.9167,0.8881,400.1966,207.7134,133.0346,202.9935,280.8988,221.1038,224.3977,218.8882,267.2036,56.5445,0.2116,1,1,171,1
170,3,0,2,1,1,1,0.9879,0.9881,0.8396,0.8268,791.5522,326.481,514.3238,332.5564,667.1599,424.2651,620.869,418.2133,277.2951,46.6849,0.1684,1,1,171,1
171,3,0,0,1,1,1,0.9851,0.9921,0.7842,0.857,1204.5515,349.757,914.8323,338.5392,1155.1705,424.3433,1066.5363,406.4645,289.9363,90.4195,0.3119,1,1,172,1
171,3,0,1,1,1,1,0.9901,0.9892,0.9186,0.8875,400.11,207.2749,133.5782,202.6758,280.1944,222.1444,224.4474,219.339,266.5715,55.8175,0.2094,1,1,172,1
171,3,0,2,1,1,1,0.988,0.9881,0.8415,0.8285,791.935,326.5866,514.6661,332.7695,666.7618,422.5202,621.9644,417.912,277.3378,45.0338,0.1624,1,1,172,1
172,3,0,0,1,1,1,0.9851,0.9921,0.7843,0.857,1204.5548,349.7672,914.8644,338.518,1155.1738,424.346,1066.4215,406.5347,289.9088,90.5219,0.3122,1,1,173,1
172,3,0,1,1,1,1,0.9901,0.9892,0.9185,0.8875,400.0958,207.2773,133.5809,202.6678,280.3204,222.1784,224.4476,219.3776,266.5548,55.9429,0.2099,1,1,173,1
172,3,0,2,1,1,1,0.988,0.9881,0.8415,0.8286,791.93,326.5875,514.6958,332.775,666.7528,422.5152,621.9626,417.9343,277.3032,45.0239,0.1624,1,1,173,1
173,3,0,0,1,1,1,0.9852,0.992,0.7917,0.8593,1203.9995,349.8921,915.743,338.2308,1153.5123,423.2354,1066.1473,406.4114,288.4923,88.9702,0.3084,1,1,174,1
173,3,0,1,1,1,1,0.9901,0.9893,0.9183,0.8892,399.8102,207.8406,133.1002,203.1804,280.1222,222.6213,224.1125,218.8475,266.7507,56.1367,0.2104,1,1,174,1
173,3,0,2,1,1,1,0.9882,0.988,0.8421,0.8271,792.258,327.2376,513.8821,332.9227,667.8768,423.4016,623.493,418.0297,278.4339,44.7076,0.1606,1,1,174,1
174,3,0,0,1,1,1,0.9852,0.992,0.7916,0.8592,1204.0176,349.9142,915.7155,338.2884,1153.5266,423.2456,1066.1249,406.3879,288.5364,89.0126,0.3085,1,1,175,1
174,3,0,1,1,1,1,0.9901,0.9893,0.9183,0.8891,399.8267,207.858,133.1296,203.1663,280.0954,222.6036,224.0971,218.8376,266.7384,56.1248,0.2104,1,1,175,1
174,3,0,2,1,1,1,0.9882,0.988,0.8421,0.8272,792.2425,327.2353,513.8902,332.9224,667.8538,423.3852,623.518,418.036,278.4103,44.6574,0.1604,1,1,175,1
175,3,0,1,1,1,1,0.9901,0.9893,0.9182,0.8878,399.8579,207.655,132.7895,203.507,279.9038,223.4722,224.456,218.5625,267.1006,55.6647,0.2084,1,1,176,1
175,3,0,0,1,1,1,0.9852,0.9921,0.7828,0.8545,1204.2206,349.2951,914.9891,337.3024,1153.2867,420.1586,1066.5842,407.3677,289.48,87.6409,0.3028,1,1,176,1
175,3,0,2,1,1,1,0.9882,0.988,0.8413,0.8259,791.9862,327.2154,513.4446,332.7327,667.4488,423.542,621.9504,420.2082,278.5962,45.6203,0.1638,1,1,176,1
176,3,0,1,1,1,1,0.9901,0.9893,0.9183,0.8879,399.8388,207.6664,132.7878,203.5124,279.9231,223.4739,224.4558,218.5419,267.0833,55.6861,0.2085,1,1,177,1
176,3,0,0,1,1,1,0.9852,0.9921,0.7827,0.8542,1204.1683,349.3193,914.9274,337.3198,1153.4813,420.402,1066.4943,407.4313,289.4898,87.9488,0.3038,1,1,177,1
176,3,0,2,1,1,1,0.9881,0.988,0.8412,0.8261,792.0214,327.1744,513.4707,332.7132,667.4543,423.5434,622.0099,420.1415,278.6058,45.5715,0.1636,1,1,177,1
177,3,0,1,1,1,1,0.9903,0.9894,0.9173,0.8864,400.0231,207.2785,132.2983,203.5599,278.4535,223.37,224.4486,218.2378,267.7506,54.2482,0.2026,1,1,178,1
177,3,0,0,1,1,1,0.9851,0.992,0.7808,0.8519,1205.1791,349.6541,914.4437,338.3914,1154.5496,420.7989,1067.4954,405.7844,290.9534,88.3395,0.3036,1,1,178,1
177,3,0,2,1,1,1,0.9882,0.9881,0.8392,0.8235,792.2495,327.1482,513.4207,333.0424,667.462,423.9252,621.7166,419.9344,278.8911,45.9191,0.1646,1,1,178,1
178,3,0,1,1,1,1,0.9903,0.9894,0.9173,0.8864,400.0192,207.3132,132.3082,203.5881,278.4241,223.3593,224.4297,218.2539,267.7369,54.2352,0.2026,1,1,179,1
178,3,0,0,1,1,1,0.9852,0.992,0.7806,0.8515,1205.254,349.6698,914.4097,338.4035,1154.5997,420.8658,1067.4559,405.7863,291.0625,88.4389,0.3038,1,1,179,1
178,3,0,2,1,1,1,0.9882,0.9881,0.8392,0.8236,792.2326,327.1488,513.4115,333.034,667.4148,423.9221,621.7188,419.9228,278.8833,45.8708,0.1645,1,1,179,1
179,3,0,1,1,1,1,0.9902,0.9894,0.9178,0.8881,399.639,207.4542,132.9031,203.682,278.6529,223.8076,224.0583,218.3945,266.7626,54.8623,0.2057,1,1,180,1
179,3,0,0,1,1,1,0.9852,0.992,0.7832,0.8534,1203.9944,348.6774,915.5504,338.4966,1156.1892,424.2917,1067.5232,406.1212,288.6236,90.5087,0.3136,1,1,180,1
179,3,0,2,1,1,1,0.988,0.9882,0.8377,0.8253,791.8744,326.9447,513.6347,333.0799,667.4018,424.5928,619.2437,420.9254,278.3074,48.2975,0.1735,1,1,180,1
180,3,0,1,1,1,1,0.9902,0.9894,0.9178,0.8883,399.6662,207.4869,132.943,203.7541,278.5087,223.7053,224.0543,218.3934,266.7493,54.7128,0.2051,1,1,181,1
180,3,0,0,1,1,1,0.9852,0.992,0.7827,0.8528,1204.0168,348.7081,915.473,338.4964,1156.2506,424.3018,1067.715,405.9933,288.7245,90.4089,0.3131,1,1,181,1
180,3,0,2,1,1,1,0.988,0.9882,0.8381,0.8255,791.8607,326.9382,513.721,333.0637,667.3362,424.5843,619.3625,420.9412,278.2072,48.1118,0.1729,1,1,181,1
181,3,0,0,1,1,1,0.9847,0.9919,0.7824,0.8547,1203.4938,348.201,915.6669,338.4292,1152.5691,420.593,1068.8209,404.6951,287.9927,85.2438,0.296,1,1,182,1
181,3,0,1,1,1,1,0.9901,0.9896,0.9162,0.888,398.9794,207.8779,132.0989,204.1904,277.5694,222.6898,224.0504,218.0737,266.906,53.7178,0.2013,1,1,182,1
181,3,0,2,1,1,1,0.9879,0.9881,0.8385,0.8261,791.5154,327.0736,513.4558,333.0669,667.3992,424.7006,618.651,422.1847,278.1242,48.8132,0.1755,1,1,182,1
182,3,0,1,1,1,1,0.9902,0.9895,0.9173,0.8881,398.9446,208.0928,131.997,204.4046,277.6686,223.1052,222.979,218.299,266.9731,54.9004,0.2056,1,1,183,1
182,3,0,0,1,1,1,0.985,0.9919,0.7879,0.8565,1203.741,348.2856,916.3647,338.5145,1153.7103,422.5826,1067.9104,405.5257,287.5423,87.479,0.3042,1,1,183,1
182,3,0,2,1,1,1,0.988,0.9882,0.8368,0.8252,791.3736,327.1964,513.2998,333.4852,667.2906,424.3206,620.2918,419.393,278.1449,47.2563,0.1699,1,1,183,1
183,3,0,1,1,1,1,0.9902,0.9895,0.9173,0.8881,398.9499,208.1071,132.0151,204.4017,277.6376,223.1538,223.0294,218.3157,266.9605,54.8221,0.2054,1,1,184,1
183,3,0,0,1,1,1,0.985,0.9919,0.787,0.8555,1203.8315,348.2704,916.2549,338.4909,1153.8201,422.5659,1068.2999,405.5535,287.7429,87.1959,0.303,1,1,184,1
183,3,0,2,1,1,1,0.9879,0.9882,0.8369,0.8254,791.3794,327.2199,513.3144,333.4945,667.3552,424.3448,620.3169,419.3869,278.1358,47.2989,0.1701,1,1,184,1
184,3,0,0,1,1,1,0.9847,0.9919,0.7749,0.8504,1204.828,348.2879,915.4623,338.3674,1153.385,420.9209,1067.955,405.9964,289.5357,86.7239,0.2995,1,1,185,1
184,3,0,1,1,1,1,0.9903,0.9895,0.9172,0.8862,398.7456,207.8438,131.2496,203.7571,276.746,223.171,223.8423,217.8961,267.5272,53.166,0.1987,1,1,185,1
184,3,0,2,1,1,1,0.9877,0.9881,0.8389,0.8299,791.4302,327.362,514.1299,333.4654,666.9203,424.6789,620.223,420.0208,277.3675,46.9291,0.1692,1,1,185,1
185,3,0,0,1,1,1,0.9847,0.9919,0.7747,0.8502,1204.9181,348.3184,915.4468,338.4432,1153.3539,420.6806,1068.0668,405.977,289.6396,86.5453,0.2988,1,1,186,1
185,3,0,1,1,1,1,0.9903,0.9894,0.9172,0.8862,398.7105,207.7974,131.2631,203.676,276.72,223.1456,223.8998,217.8629,267.4791,53.0837,0.1985,1,1,186,1
185,3,0,2,1,1,1,0.9877,0.9881,0.8389,0.83,791.4368,327.3473,514.177,333.4574,666.9887,424.7428,620.1129,420.113,277.327,47.1039,0.1698,1,1,186,1
186,3,0,0,1,1,1,0.985,0.9919,0.7807,0.8521,1204.3337,347.7828,915.2061,338.0452,1153.3702,421.3512,1068.0916,406.1076,289.2916,86.6304,0.2995,1,1,187,1
186,3,0,1,1,1,1,0.9902,0.9894,0.9174,0.8882,398.2239,207.5134,131.9583,203.6153,276.7651,223.1093,223.7744,217.5568,266.2941,53.2808,0.2001,1,1,187,1
186,3,0,2,1,1,1,0.9879,0.9881,0.8358,0.8233,791.4468,327.3064,512.9397,333.4227,666.4928,424.9203,616.749,422.7524,278.5742,49.791,0.1787,1,1,187,1
187,3,0,0,1,1,1,0.985,0.9919,0.7811,0.8521,1204.307,347.7854,915.1574,338.0458,1153.4297,421.6119,1068.0706,406.1753,289.3136,86.7437,0.2998,1,1,188,1
187,3,0,1,1,1,1,0.9902,0.9894,0.9175,0.8883,398.2045,207.5291,131.9906,203.6153,276.6853,223.0876,223.7883,217.5255,266.2427,53.1886,0.1998,1,1,188,1
187,3,0,2,1,1,1,0.9878,0.988,0.8359,0.8235,791.4386,327.3566,512.95,333.4518,666.555,424.9472,616.6452,422.8686,278.5554,49.9532,0.1793,1,1,188,1
188,3,0,0,1,1,1,0.9849,0.9919,0.7837,0.8552,1203.746,347.7342,915.6283,337.8005,1151.3818,418.9918,1068.4669,404.9534,288.2889,84.0949,0.2917,1,1,189,1
188,3,0,1,1,1,1,0.9902,0.9893,0.9182,0.8883,398.5304,206.8762,132.131,203.7944,276.7182,223.6988,223.2453,218.2798,266.4172,53.7468,0.2017,1,1,189,1
188,3,0,2,1,1,1,0.988,0.9879,0.8365,0.8217,791.3924,327.7563,512.8906,333.7534,666.5576,424.5172,618.6732,420.5785,278.5664,48.0461,0.1725,1,1,189,1
189,3,0,0,1,1,1,0.985,0.992,0.7808,0.8537,1204.09,347.5681,915.3041,337.5394,1153.8494,420.4452,1066.5156,405.7882,288.96,88.5551,0.3065,1,1,190,1
189,3,0,1,1,1,1,0.9898,0.9893,0.9168,0.8906,397.8486,206.7434,131.7122,203.3732,276.5549,224.5549,222.5508,217.1758,266.1578,54.5059,0.2048,1,1,190,1
189,3,0,2,1,1,1,0.988,0.9879,0.838,0.8221,791.7598,327.5264,513.6306,333.8204,666.3492,423.8174,616.4174,422.6789,278.2004,49.9447,0.1795,1,1,190,1
190,3,0,0,1,1,1,0.985,0.992,0.781,0.8538,1204.0151,347.602,915.3582,337.5588,1153.7488,420.3646,1066.5425,405.759,288.8316,88.4209,0.3061,1,1,191,1
190,3,0,1,1,1,1,0.9898,0.9893,0.9168,0.8906,397.8197,206.7286,131.7062,203.3406,276.5734,224.5449,222.5621,217.1744,266.135,54.5119,0.2048,1,1,191,1
190,3,0,2,1,1,1,0.988,0.9879,0.8381,0.822,791.7574,327.5614,513.5934,333.8121,666.4176,423.8534,616.2965,422.8018,278.2343,50.1321,0.1802,1,1,191,1
191,3,0,1,1,1,1,0.99,0.9894,0.917,0.8898,397.5181,206.5803,131.5522,203.2907,275.8275,223.6192,222.0537,217.5842,265.9863,54.1114,0.2034,1,1,192,1
191,3,0,0,1,1,1,0.985,0.992,0.7787,0.8528,1203.9379,347.4879,915.0813,337.0486,1153.5774,421.2022,1067.0128,405.5098,289.0451,87.9755,0.3044,1,1,192,1
191,3,0,2,1,1,1,0.9878,0.9879,0.8392,0.8259,791.0417,327.7165,513.6638,333.7443,668.0968,425.7192,616.3482,421.8771,277.4434,51.891,0.187,1,1,192,1
192,3,0,1,1,1,1,0.99,0.9894,0.9172,0.8898,397.5176,206.6262,131.4545,203.304,275.8326,223.6091,222.1157,217.635,266.0838,54.0481,0.2031,1,1,193,1
192,3,0,0,1,1,1,0.985,0.992,0.777,0.8517,1204.0087,347.4683,914.8993,337.0648,1154.041,421.6808,1067.0359,405.4792,289.2965,88.5008,0.3059,1,1,193,1
192,3,0,2,1,1,1,0.9878,0.9878,0.8397,0.8257,791.0158,327.7037,513.6742,333.7093,668.0191,425.6529,616.272,421.9546,277.4067,51.8791,0.187,1,1,193,1
193,3,0,1,1,1,1,0.99,0.9892,0.9184,0.8896,396.6006,206.801,130.8997,203.402,274.3136,222.7084,221.9435,217.5157,265.7226,52.6268,0.1981,1,1,194,1
193,3,0,0,1,1,1,0.9849,0.992,0.778,0.8526,1204.1292,347.5347,914.8595,337.7069,1155.2202,423.2852,1065.73,404.1172,289.4366,91.52,0.3162,1,1,194,1
193,3,0,2,1,1,1,0.9878,0.9879,0.8391,0.8258,791.2672,327.4122,513.6764,333.2377,667.8301,425.6509,616.29,421.817,277.6519,51.6824,0.1861,1,1,194,1
194,3,0,1,1,1,1,0.99,0.9893,0.9184,0.8897,396.6683,206.7504,130.915,203.4236,274.3069,222.6964,221.9168,217.5108,265.7741,52.6461,0.1981,1,1,195,1
194,3,0,0,1,1,1,0.9849,0.992,0.7784,0.8528,1203.9636,347.6035,914.937,337.614,1154.8024,423.1936,1065.7706,404.1406,289.1992,91.0476,0.3148,1,1,195,1
194,3,0,2,1,1,1,0.9878,0.9879,0.8393,0.8259,791.2732,327.4534,513.6612,333.2687,667.9286,425.703,616.2988,421.787,277.6729,51.7782,0.1865,1,1,195,1
195,3,0,1,1,1,1,0.9901,0.9892,0.9183,0.8891,396.9416,207.2852,130.996,204.0333,272.6984,220.7189,221.9236,217.24,265.9655,50.8938,0.1914,1,1,196,1
195,3,0,0,1,1,1,0.985,0.9921,0.774,0.8501,1204.3516,347.8886,914.3115,337.7078,1156.9338,423.7438,1065.9987,404.8033,290.2187,92.8868,0.3201,1,1,196,1
195,3,0,2,1,1,1,0.9879,0.9879,0.8377,0.8221,791.3109,327.0283,513.2872,333.3348,666.762,424.8867,615.8181,422.5788,278.0952,50.9962,0.1834,1,1,196,1
196,3,0,1,1,1,1,0.9902,0.9892,0.9189,0.8881,395.9784,207.0599,130.095,203.9125,272.5243,221.5312,221.5228,216.7408,265.9021,51.226,0.1926,1,1,197,1
196,3,0,0,1,1,1,0.9848,0.9919,0.7754,0.8495,1204.0709,348.1552,914.294,338.3058,1155.4131,420.3952,1066.8196,404.1321,289.9443,90.0738,0.3107,1,1,197,1
196,3,0,2,1,1,1,0.988,0.9879,0.8435,0.8282,790.3522,326.7875,513.8714,333.023,666.4651,424.9044,617.4508,420.96,276.5511,49.1727,0.1778,1,1,197,1
197,3,0,1,1,1,1,0.9902,0.9892,0.9189,0.8882,395.9888,207.0376,130.0927,203.8999,272.5211,221.5011,221.5337,216.732,265.9146,51.21,0.1926,1,1,198,1
197,3,0,0,1,1,1,0.9848,0.9919,0.7757,0.8496,1204.0381,348.162,914.3134,338.3063,1155.4047,420.3486,1066.8303,404.1204,289.8923,90.0487,0.3106,1,1,198,1
197,3,0,2,1,1,1,0.988,0.9879,0.8436,0.8284,790.3382,326.7913,513.8798,333.0318,666.4852,424.9274,617.4294,420.9541,276.5288,49.2164,0.178,1,1,198,1
198,3,0,1,1,1,1,0.9899,0.9892,0.918,0.8909,395.1968,206.6141,130.3797,203.2262,270.2235,218.9046,220.9752,216.144,264.8387,49.3256,0.1862,1,1,199,1
198,3,0,0,1,1,1,0.9851,0.9918,0.7796,0.85,1204.0079,348.5759,914.5797,337.8208,1155.5754,420.0234,1066.4065,404.2448,289.628,90.5542,0.3127,1,1,199,1
198,3,0,2,1,1,1,0.9881,0.9878,0.8458,0.8281,790.3918,326.6524,514.0402,332.5848,666.6294,425.9739,616.3546,421.831,276.4153,50.4452,0.1825,1,1,199,1
199,3,0,1,1,1,1,0.9899,0.9892,0.918,0.8909,395.218,206.5706,130.4526,203.2295,270.1966,218.8788,220.968,216.1337,264.7865,49.3051,0.1862,1,1,200,1
199,3,0,0,1,1,1,0.9851,0.9918,0.7791,0.8495,1204.0391,348.5594,914.5176,337.7826,1155.6678,420.1545,1066.4637,404.1515,289.722,90.6282,0.3128,1,1,200,1
199,3,0,2,1,1,1,0.9881,0.9878,0.8455,0.828,790.3986,326.6591,514.0683,332.5922,666.6122,425.9643,616.2786,421.82,276.394,50.5039,0.1827,1,1,200,1
200,3,0,1,1,1,1,0.9898,0.9891,0.9188,0.8913,395.012,206.6639,129.6463,202.588,269.713,219.64,220.2471,216.5359,265.397,49.5631,0.1868,1,1,201,1
200,3,0,0,1,1,1,0.9848,0.9919,0.7785,0.8516,1203.8589,348.4927,914.462,338.3234,1152.9137,418.6799,1067.1271,404.7544,289.5755,86.9095,0.3001,1,1,201,1
200,3,0,2,1,1,1,0.988,0.9877,0.8459,0.8284,791.1316,327.0212,514.6502,332.502,666.5525,426.1262,615.2938,422.5892,276.5357,51.3806,0.1858,1,1,201,1
201,3,0,1,1,1,1,0.9898,0.9892,0.9186,0.8912,395.0091,206.6414,129.6385,202.5772,269.6808,219.5976,220.2111,216.5795,265.4018,49.5617,0.1867,1,1,202,1
201,3,0,0,1,1,1,0.9847,0.9919,0.7774,0.8513,1203.9414,348.4222,914.4136,338.3108,1153.0323,418.7536,1067.3098,404.6646,289.7043,86.8726,0.2999,1,1,202,1
201,3,0,2,1,1,1,0.988,0.9877,0.8459,0.8288,791.1002,326.9898,514.6825,332.5331,666.5868,426.2,615.3568,422.558,276.4732,51.3593,0.1858,1,1,202,1
202,3,0,1,1,1,1,0.9899,0.989,0.9192,0.8902,395.3605,206.7351,129.3803,202.4554,269.3177,220.7295,218.7844,217.7704,266.0146,50.6199,0.1903,1,1,203,1
202,3,0,0,1,1,1,0.9849,0.9921,0.7766,0.8527,1203.3446,348.3332,914.5654,337.6049,1156.828,420.9093,1066.5121,405.0412,288.9784,91.6993,0.3173,1,1,203,1
202,3,0,2,1,1,1,0.988,0.9878,0.8438,0.8283,790.9324,326.8846,514.2921,332.6671,667.2792,426.4436,615.8212,421.3476,276.7007,51.7097,0.1869,1,1,203,1
203,3,0,0,1,1,1,0.9849,0.9921,0.7763,0.8529,1203.3712,348.3851,914.6149,337.655,1156.4857,420.5611,1066.4713,404.8276,288.9556,91.3791,0.3162,1,1,204,1
203,3,0,1,1,1,1,0.9899,0.989,0.9191,0.8901,395.3021,206.6773,129.411,202.4213,269.2388,220.6826,218.7776,217.663,265.9252,50.5514,0.1901,1,1,204,1
203,3,0,2,1,1,1,0.988,0.9878,0.8441,0.8287,790.9495,326.9717,514.392,332.684,667.1311,426.2777,616.1761,420.9464,276.6165,51.2332,0.1852,1,1,204,1
204,3,0,1,1,1,1,0.9897,0.9892,0.9182,0.8913,395.7301,206.2503,129.8162,203.1787,268.574,219.9754,219.0894,215.7908,265.9316,49.6612,0.1867,1,1,205,1
204,3,0,0,1,1,1,0.9851,0.992,0.7824,0.8538,1203.2576,348.3188,915.14,337.3611,1156.9283,419.3828,1066.7087,404.9233,288.3259,91.371,0.3169,1,1,205,1
204,3,0,2,1,1,1,0.988,0.9876,0.8443,0.8273,790.6412,326.7818,513.7029,332.7093,665.2176,425.45,618.2806,419.0705,277.0018,47.3686,0.171,1,1,205,1
205,3,0,1,1,1,1,0.9898,0.9892,0.9182,0.8913,395.7286,206.2589,129.7977,203.1599,268.5635,219.9644,219.1092,215.7924,265.9489,49.6299,0.1866,1,1,206,1
205,3,0,0,1,1,1,0.9851,0.992,0.7822,0.8535,1203.2736,348.31,915.1365,337.3666,1157.0293,419.4756,1066.7103,404.9159,288.3448,91.485,0.3173,1,1,206,1
205,3,0,2,1,1,1,0.988,0.9876,0.8441,0.8271,790.7765,326.8298,513.6492,332.7508,664.8374,425.1156,618.3491,419.0377,277.1906,46.8839,0.1691,1,1,206,1
206,3,0,1,1,1,1,0.9898,0.989,0.9202,0.8916,395.6127,206.5001,129.3957,203.2002,268.0253,220.1913,219.4357,215.0983,266.2375,48.8558,0.1835,1,1,207,1
206,3,0,0,1,1,1,0.9851,0.992,0.7826,0.8532,1202.9513,348.2213,915.444,337.5098,1157.0454,421.128,1064.8372,406.466,287.7067,93.3667,0.3245,1,1,207,1
206,3,0,2,1,1,1,0.9877,0.9876,0.8471,0.8345,789.8214,326.7267,514.6013,332.418,665.149,423.8736,620.1656,418.2966,275.2789,45.3277,0.1647,1,1,207,1
207,3,0,1,1,1,1,0.9899,0.9892,0.9189,0.8907,394.2745,206.5225,128.9228,203.5238,269.6845,222.5997,218.2604,216.2442,265.3687,51.8154,0.1953,1,1,208,1
207,3,0,0,1,1,1,0.9854,0.9921,0.7802,0.8509,1204.0433,348.0116,915.261,337.8121,1155.6917,417.6746,1067.9244,401.8074,288.9624,89.19,0.3087,1,1,208,1
207,3,0,2,1,1,1,0.9875,0.9876,0.8498,0.839,789.7312,327.3739,513.7987,332.1901,666.2488,424.3952,615.3617,423.285,275.9745,50.8993,0.1844,1,1,208,1
208,3,0,1,1,1,1,0.9899,0.9891,0.9189,0.8905,394.3114,206.5693,128.9103,203.5482,269.6921,222.6239,218.2772,216.2038,265.4183,51.8142,0.1952,1,1,209,1
208,3,0,0,1,1,1,0.9855,0.9921,0.7807,0.8509,1204.0105,348.0078,915.2622,337.7566,1155.6598,417.5969,1067.9885,401.7302,288.9302,89.0955,0.3084,1,1,209,1
208,3,0,2,1,1,1,0.9875,0.9876,0.8498,0.839,789.7242,327.3804,513.7721,332.2062,666.1845,424.3788,615.3402,423.2428,275.9943,50.8571,0.1843,1,1,209,1
209,3,0,0,1,1,1,0.9853,0.9923,0.7778,0.8531,1204.8933,347.3365,915.1325,338.0784,1158.5312,420.2714,1065.5558,402.1325,289.9087,94.7283,0.3268,1,1,210,1
209,3,0,1,1,1,1,0.9899,0.989,0.919,0.8903,394.1074,206.2428,127.934,202.9899,267.9471,221.1373,216.7948,216.6853,266.1933,51.3457,0.1929,1,1,210,1
209,3,0,2,1,1,1,0.9878,0.9879,0.8508,0.8393,790.291,327.2615,514.1138,331.7175,665.5125,423.9582,613.6922,426.6494,276.2131,51.8902,0.1879,1,1,210,1
210,3,0,0,1,1,1,0.9853,0.9923,0.7777,0.8531,1204.9043,347.3712,915.1175,338.1152,1158.6368,420.3548,1065.6003,402.2384,289.9346,94.7839,0.3269,1,1,211,1
210,3,0,1,1,1,1,0.9899,0.989,0.919,0.8902,394.1474,206.1988,127.9756,202.9464,267.9165,221.1358,216.7862,216.7439,266.1916,51.3186,0.1928,1,1,211,1
210,3,0,2,1,1,1,0.9878,0.9879,0.8508,0.8394,790.2667,327.242,514.1034,331.7174,665.5277,424.0295,613.4059,426.7688,276.1997,52.1938,0.189,1,1,211,1
211,3,0,1,1,1,1,0.99,0.9891,0.9188,0.8891,393.7138,206.4571,127.9942,203.2329,267.736,222.0522,216.841,217.1531,265.7391,51.1302,0.1924,1,1,212,1
211,3,0,0,1,1,1,0.9851,0.9924,0.7779,0.8555,1203.644,346.9799,915.7233,338.5403,1158.8857,421.0255,1065.1498,401.5502,288.0444,95.7378,0.3324,1,1,212,1
211,3,0,2,1,1,1,0.9875,0.9878,0.8493,0.8402,790.1856,327.0548,514.2142,331.6876,665.065,423.4117,614.2577,426.4054,276.0102,50.8954,0.1844,1,1,212,1
212,3,0,1,1,1,1,0.99,0.9891,0.9187,0.8891,393.6929,206.4853,127.976,203.2448,267.708,222.018,216.8164,217.1953,265.7366,51.1197,0.1924,1,1,213,1
212,3,0,0,1,1,1,0.9851,0.9924,0.7779,0.8551,1203.6893,346.9928,915.743,338.5858,1158.8505,420.9962,1065.0927,401.6042,288.069,95.7422,0.3324,1,1,213,1
212,3,0,2,1,1,1,0.9875,0.9878,0.8494,0.8403,790.1418,327.0848,514.1985,331.6534,665.0288,423.3184,614.4758,426.297,275.9811,50.6407,0.1835,1,1,213,1
213,3,0,1,1,1,1,0.9899,0.9891,0.9183,0.8903,393.1487,206.0795,128.0892,203.3269,266.8638,221.155,216.6574,218.0316,265.0737,50.3035,0.1898,1,1,214,1
213,3,0,0,1,1,1,0.9849,0.9924,0.775,0.8567,1204.1351,347.2615,915.3448,337.3689,1158.7795,419.0155,1064.2546,402.4219,288.9597,95.9703,0.3321,1,1,214,1
213,3,0,2,1,1,1,0.9876,0.9878,0.8529,0.8437,789.392,326.1922,514.571,330.8663,665.8116,422.593,617.5041,423.7788,274.8608,48.3221,0.1758,1,1,214,1
214,3,0,1,1,1,1,0.9899,0.9891,0.9183,0.8904,393.1523,206.0618,128.1145,203.29,266.852,221.1274,216.6576,218.0163,265.0523,50.2906,0.1897,1,1,215,1
214,3,0,0,1,1,1,0.9849,0.9924,0.7746,0.8566,1204.134,347.2854,915.3487,337.3946,1158.7034,418.8705,1064.2516,402.4445,288.9547,95.8695,0.3318,1,1,215,1
214,3,0,2,1,1,1,0.9876,0.9878,0.8527,0.8437,789.4009,326.193,514.6,330.8438,665.8239,422.5846,617.487,423.7614,274.8403,48.3513,0.1759,1,1,215,1
215,3,0,1,1,1,1,0.9897,0.9891,0.9181,0.892,392.7983,205.7873,127.4571,202.9513,266.4987,220.9166,216.5814,216.582,265.3563,50.1052,0.1888,1,1,216,1
215,3,0,0,1,1,1,0.9852,0.9923,0.7791,0.8556,1203.4751,348.0581,915.5491,337.1755,1159.3912,418.7542,1064.4978,402.6698,288.1316,96.2469,0.334,1,1,216,1
215,3,0,2,1,1,1,0.9876,0.9876,0.8544,0.8427,789.5026,326.7804,514.233,330.8386,665.4132,422.6401,614.9411,425.8794,275.2995,50.576,0.1837,1,1,216,1
216,3,0,1,1,1,1,0.9895,0.9891,0.9177,0.8934,392.6529,205.6944,126.9536,202.9425,267.5546,221.8972,215.3848,218.0804,265.7136,52.3092,0.1969,1,1,217,1
216,3,0,0,1,1,1,0.9852,0.9922,0.7775,0.8537,1203.2689,348.2968,915.8431,337.3045,1160.1849,419.115,1064.0847,403.1108,287.6359,97.4237,0.3387,1,1,217,1
216,3,0,2,1,1,1,0.9872,0.9876,0.855,0.848,789.326,326.9494,513.9817,330.9835,665.7906,423.6036,613.1118,426.7035,275.3739,52.7699,0.1916,1,1,217,1
217,3,0,1,1,1,1,0.9895,0.9891,0.9177,0.8933,392.6644,205.6816,126.8927,202.9552,267.5576,221.897,215.3826,218.0278,265.7857,52.3182,0.1968,1,1,218,1
217,3,0,0,1,1,1,0.9851,0.9922,0.7772,0.8537,1203.2319,348.326,915.8703,337.3611,1160.2876,419.216,1064.1879,402.9456,287.5708,97.4673,0.3389,1,1,218,1
217,3,0,2,1,1,1,0.9872,0.9876,0.855,0.848,789.3142,326.9685,513.9874,330.9692,665.8424,423.6514,613.076,426.7352,275.3558,52.8566,0.192,1,1,218,1
218,3,0,1,1,1,1,0.9896,0.9891,0.9183,0.8936,392.4665,205.5395,127.0427,202.7919,267.004,221.727,215.7581,217.1863,265.438,51.4466,0.1938,1,1,219,1
218,3,0,0,1,1,1,0.9853,0.9921,0.7798,0.8533,1203.7948,348.2283,916.4487,337.3064,1161.3813,420.4453,1064.717,401.525,287.5536,98.4986,0.3425,1,1,219,1
218,3,0,2,1,1,1,0.9873,0.9879,0.8528,0.847,789.8767,326.6815,513.8208,331.104,665.327,424.4684,612.3906,427.6872,276.0913,53.0342,0.1921,1,1,219,1
219,3,0,1,1,1,1,0.9895,0.9891,0.9183,0.8939,392.4525,205.5204,126.974,202.6891,267.0504,221.7214,215.8598,217.1105,265.4936,51.3979,0.1936,1,1,220,1
219,3,0,0,1,1,1,0.9852,0.9922,0.7791,0.8533,1203.8323,348.2502,916.4666,337.3274,1161.2756,420.3028,1064.9042,401.4547,287.5732,98.1973,0.3415,1,1,220,1
219,3,0,2,1,1,1,0.9873,0.9879,0.8531,0.8467,789.9663,326.662,513.9341,331.0846,665.354,424.4802,612.2809,427.6812,276.0677,53.1695,0.1926,1,1,220,1
220,3,0,0,1,1,1,0.9851,0.9923,0.7738,0.8525,1203.888,348.0892,916.0465,337.4749,1159.9191,420.4092,1065.1051,400.8185,288.0371,96.8168,0.3361,1,1,221,1
220,3,0,1,1,1,1,0.9896,0.9892,0.9183,0.8937,391.9674,205.3029,127.0074,202.7479,266.4048,222.028,215.9124,217.0941,264.9724,50.7328,0.1915,1,1,221,1
220,3,0,2,1,1,1,0.9873,0.988,0.8528,0.8479,790.1892,326.9877,513.2948,331.7438,665.3352,424.8148,610.3926,428.5362,276.9353,55.0685,0.1988,1,1,221,1
221,3,0,1,1,1,1,0.9896,0.9892,0.9184,0.8937,391.9332,205.2612,127.0502,202.7182,266.3344,221.8902,215.9862,216.8994,264.8952,50.595,0.191,1,1,222,1
221,3,0,0,1,1,1,0.985,0.9923,0.7731,0.852,1204.0305,348.2428,915.9162,337.6214,1160.0474,420.4688,1065.8755,400.1273,288.31,96.3438,0.3342,1,1,222,1
221,3,0,2,1,1,1,0.9873,0.9879,0.853,0.8474,790.192,327.0679,513.4193,331.6776,664.9734,424.6678,610.4162,428.4637,276.8111,54.689,0.1976,1,1,222,1
222,3,0,1,1,1,1,0.9896,0.9891,0.9185,0.8935,391.7502,204.8678,127.4537,202.7685,267.0228,222.7608,215.9164,216.3817,264.3048,51.5029,0.1949,1,1,223,1
222,3,0,0,1,1,1,0.9855,0.9923,0.7783,0.8518,1203.9159,348.1678,916.2225,337.5262,1158.947,420.8332,1065.4081,402.2486,287.8901,95.3673,0.3313,1,1,223,1
222,3,0,2,1,1,1,0.9873,0.988,0.851,0.846,789.6653,326.7135,513.0256,331.2056,664.9468,424.4672,612.9026,425.6496,276.6762,52.0577,0.1882,1,1,223,1
223,3,0,1,1,1,1,0.9893,0.9892,0.9178,0.8958,391.9956,204.9828,126.7317,202.7484,267.1759,222.7875,215.0713,215.9038,265.2733,52.5573,0.1981,1,1,224,1
223,3,0,0,1,1,1,0.9854,0.9922,0.7834,0.8555,1203.8282,348.2534,916.9431,338.0574,1157.666,419.9372,1065.3595,401.7081,287.0663,94.0893,0.3278,1,1,224,1
223,3,0,2,1,1,1,0.9872,0.988,0.8524,0.8487,789.6189,326.9426,513.3431,331.6723,665.1852,424.6042,611.8922,425.9976,276.3163,53.3112,0.1929,1,1,224,1
224,3,0,1,1,1,1,0.9893,0.9892,0.9178,0.8958,391.9936,204.936,126.735,202.7445,267.1422,222.7954,215.0542,215.9154,265.2676,52.5405,0.1981,1,1,225,1
224,3,0,0,1,1,1,0.9854,0.9922,0.7836,0.8556,1203.8252,348.2479,916.9833,338.0255,1157.6443,419.8546,1065.3145,401.8087,287.024,94.0768,0.3278,1,1,225,1
224,3,0,2,1,1,1,0.9872,0.988,0.8524,0.8487,789.6184,326.9186,513.3274,331.6062,665.2741,424.5818,611.8762,425.9802,276.3308,53.4163,0.1933,1,1,225,1
225,3,0,1,1,1,1,0.9895,0.9892,0.9173,0.8937,392.2231,204.8642,126.1116,202.1047,266.5556,222.9019,215.1115,216.2816,266.1258,51.8683,0.1949,1,1,226,1
225,3,0,0,1,1,1,0.9854,0.9921,0.7844,0.854,1204.1818,348.5103,916.6384,338.0038,1157.6462,420.6206,1065.4735,402.0523,287.7353,94.0244,0.3268,1,1,226,1
225,3,0,2,1,1,1,0.987,0.9878,0.8541,0.8515,789.0321,326.8764,513.7354,331.7608,664.7559,424.2871,613.388,425.0546,275.3401,51.3737,0.1866,1,1,226,1
226,3,0,1,1,1,1,0.9895,0.9892,0.9173,0.8938,392.2329,204.8872,126.114,202.123,266.6132,222.9546,215.1069,216.3135,266.1333,51.9326,0.1951,1,1,227,1
226,3,0,0,1,1,1,0.9854,0.9921,0.7843,0.8539,1204.2014,348.5236,916.6177,338.0187,1157.6628,420.6249,1065.3364,402.0235,287.7755,94.1816,0.3273,1,1,227,1
226,3,0,2,1,1,1,0.987,0.9878,0.8541,0.8514,789.0312,326.8794,513.7354,331.7688,664.7324,424.2776,613.4206,425.0353,275.3393,51.3175,0.1864,1,1,227,1
227,3,0,1,1,1,1,0.9897,0.9893,0.9167,0.8919,391.4574,204.8589,126.2448,202.1016,266.765,223.3764,215.2965,215.1498,265.2269,52.1218,0.1965,1,1,228,1
227,3,0,0,1,1,1,0.985,0.992,0.7811,0.8523,1204.0967,348.212,916.5597,337.8312,1155.3767,418.6195,1064.8694,403.6636,287.7243,91.7347,0.3188,1,1,228,1
227,3,0,2,1,1,1,0.9875,0.9878,0.853,0.8446,789.4406,327.1606,513.7656,331.8009,664.8656,424.4463,611.737,427.5703,275.714,53.2204,0.193,1,1,228,1
228,3,0,1,1,1,1,0.9897,0.9893,0.9166,0.8919,391.4478,204.8664,126.2661,202.1162,266.777,223.3727,215.2832,215.1509,265.1959,52.146,0.1966,1,1,229,1
228,3,0,0,1,1,1,0.985,0.992,0.7811,0.8522,1204.0927,348.2294,916.559,337.8264,1155.3807,418.6354,1064.8972,403.6809,287.7218,91.711,0.3187,1,1,229,1
228,3,0,2,1,1,1,0.9875,0.9878,0.8529,0.8445,789.4398,327.161,513.7419,331.7925,664.8874,424.4696,611.705,427.5888,275.7368,53.2738,0.1932,1,1,229,1
229,3,0,1,1,1,1,0.9894,0.9891,0.9168,0.894,390.6741,204.9424,126.4265,202.2931,265.5854,222.1728,214.9768,215.9074,264.2609,50.995,0.193,1,1,230,1
229,3,0,0,1,1,1,0.9862,0.9886,0.7811,0.8163,1206.6338,346.9833,916.0024,339.4894,1148.4233,426.2549,1060.8104,403.3282,290.7279,90.563,0.3115,1,1,230,1
229,3,0,2,1,1,1,0.9876,0.9881,0.8477,0.8395,789.9852,327.3632,512.787,332.4488,664.4395,425.4464,608.9807,429.2348,277.2448,55.588,0.2005,1,1,230,1
230,3,0,1,1,1,1,0.9894,0.9892,0.9167,0.8939,390.6528,204.9378,126.4533,202.2854,265.5735,222.1558,214.9806,215.8939,264.2128,50.9789,0.1929,1,1,231,1
230,3,0,0,1,1,1,0.9862,0.9887,0.7808,0.8166,1206.6454,347.0015,915.9943,339.499,1148.4238,426.1855,1060.7871,403.3338,290.7479,90.5671,0.3115,1,1,231,1
230,3,0,2,1,1,1,0.9877,0.9881,0.8478,0.8395,789.9626,327.3475,512.7856,332.4335,664.4447,425.4495,608.9792,429.2416,277.2237,55.5949,0.2005,1,1,231,1
231,3,0,1,1,1,1,0.9894,0.9892,0.9165,0.8942,389.9849,204.7073,125.6943,202.5616,266.0097,223.6997,214.5354,215.7918,264.2992,52.0783,0.197,1,1,232,1
231,3,0,0,1,1,1,0.9849,0.9921,0.7741,0.8493,1204.7966,348.5324,916.3229,338.3065,1156.6268,419.5717,1064.9985,404.7926,288.6549,92.8125,0.3215,1,1,232,1
231,3,0,2,1,1,1,0.9876,0.9881,0.846,0.8387,789.6452,326.9442,511.8704,332.6825,663.4458,425.0148,608.9396,429.9994,277.8341,54.7337,0.197,1,1,232,1
232,3,0,1,1,1,1,0.9892,0.9891,0.916,0.894,389.5795,204.7842,124.6593,202.4047,264.9123,223.6931,213.5978,216.327,264.9309,51.8405,0.1957,1,1,233,1
232,3,0,0,1,1,1,0.9847,0.9922,0.7688,0.8497,1205.1132,348.466,916.619,337.6263,1155.1431,415.8692,1065.4453,405.503,288.6977,90.2948,0.3128,1,1,233,1
232,3,0,2,1,1,1,0.9875,0.9879,0.8468,0.8374,789.4166,326.7981,512.0664,332.439,662.3075,424.4216,610.0982,428.7265,277.4076,52.3865,0.1888,1,1,233,1
233,3,0,1,1,1,1,0.9892,0.9891,0.9159,0.8941,389.6034,204.794,124.6805,202.3883,264.9081,223.691,213.6233,216.2856,264.9338,51.8167,0.1956,1,1,234,1
233,3,0,0,1,1,1,0.9847,0.9922,0.7689,0.8497,1205.0944,348.474,916.6135,337.6024,1155.1664,415.9232,1065.465,405.5058,288.6856,90.3043,0.3128,1,1,234,1
233,3,0,2,1,1,1,0.9875,0.9879,0.8471,0.8374,789.4012,326.7962,512.1124,332.4305,662.2853,424.4212,610.1476,428.6999,277.3461,52.3129,0.1886,1,1,234,1
234,3,0,1,1,1,1,0.9893,0.9893,0.9145,0.894,388.8744,205.3506,124.36,203.3348,264.228,223.6293,212.7627,216.6593,264.5221,51.9352,0.1963,1,1,235,1
234,3,0,0,1,1,1,0.9845,0.9923,0.7635,0.8483,1205.585,348.8339,915.9226,337.9635,1156.3119,415.4076,1066.1108,404.9832,289.8663,90.8014,0.3133,1,1,235,1
234,3,0,2,1,1,1,0.9876,0.9879,0.8458,0.8351,790.0526,327.1662,512.0658,333.047,661.1896,424.3861,609.3142,429.7638,278.049,52.1534,0.1876,1,1,235,1
235,3,0,1,1,1,1,0.9893,0.9893,0.9146,0.894,388.8561,205.3607,124.4079,203.3573,264.186,223.5368,212.712,216.6828,264.4558,51.9283,0.1964,1,1,236,1
235,3,0,0,1,1,1,0.9845,0.9922,0.764,0.8485,1205.5023,348.8349,915.9229,337.9536,1156.0339,414.9283,1066.2006,404.9696,289.7838,90.3837,0.3119,1,1,236,1
235,3,0,2,1,1,1,0.9876,0.9879,0.8457,0.8354,790.0636,327.2013,512.1576,333.0609,661.21,424.4354,608.8292,430.3055,277.9677,52.7086,0.1896,1,1,236,1
236,3,0,1,1,1,1,0.9893,0.9894,0.9141,0.8943,388.3145,204.9759,123.737,203.3513,262.7096,221.8063,212.5144,216.2738,264.5826,50.4992,0.1909,1,1,237,1
236,3,0,0,1,1,1,0.9843,0.9922,0.7663,0.8525,1204.7428,348.5205,916.5569,337.1368,1157.6626,419.4488,1065.6516,406.218,288.4106,92.9574,0.3223,1,1,237,1
236,3,0,2,1,1,1,0.9875,0.9876,0.8481,0.8351,789.1562,326.8714,512.232,332.8938,661.7183,425.8343,608.4602,430.8454,276.9898,53.4933,0.1931,1,1,237,1
237,3,0,1,1,1,1,0.9893,0.9894,0.9139,0.8941,388.3782,204.9831,123.7964,203.4391,262.7471,221.8242,212.4746,216.2325,264.5863,50.5825,0.1912,1,1,238,1
237,3,0,0,1,1,1,0.9843,0.9922,0.7666,0.8523,1204.6852,348.5234,916.5471,337.1123,1157.4943,419.3815,1065.7048,406.2558,288.3639,92.7231,0.3215,1,1,238,1
237,3,0,2,1,1,1,0.9875,0.9876,0.8475,0.8352,789.2064,326.9025,512.1328,332.9422,661.7196,425.9035,608.2266,430.8678,277.1394,53.7229,0.1938,1,1,238,1
238,3,0,1,1,1,1,0.989,0.9892,0.9149,0.8965,387.5581,205.7905,122.1766,203.1006,261.5895,220.3284,212.5616,215.3121,265.3951,49.2838,0.1857,1,1,239,1
238,3,0,0,1,1,1,0.9845,0.9922,0.7684,0.8515,1204.9294,348.4797,915.9857,337.8452,1158.1974,419.444,1065.711,403.754,289.1394,93.8078,0.3244,1,1,239,1
238,3,0,2,1,1,1,0.9873,0.9877,0.8513,0.8414,788.5001,326.7825,512.3352,332.4824,661.5484,425.9991,608.4262,432.5368,276.2238,53.5229,0.1938,1,1,239,1
239,3,0,1,1,1,1,0.989,0.9892,0.9149,0.8964,387.5736,205.7653,122.1501,203.1035,261.6063,220.322,212.5546,215.3382,265.4369,49.3042,0.1857,1,1,240,1
239,3,0,0,1,1,1,0.9845,0.9922,0.7684,0.8516,1204.994,348.38,915.9871,337.83,1158.1477,419.552,1065.705,403.7994,289.1995,93.7753,0.3243,1,1,240,1
239,3,0,2,1,1,1,0.9873,0.9877,0.8515,0.8416,788.4974,326.7944,512.3486,332.4866,661.5686,426.0152,608.2628,432.715,276.2075,53.7251,0.1945,1,1,240,1
240,3,0,1,1,1,1,0.9891,0.9891,0.9157,0.8959,386.1149,205.919,120.9659,202.8448,259.423,219.0428,212.0924,214.079,265.1669,47.5902,0.1795,1,1,241,1
240,3,0,0,1,1,1,0.9844,0.9921,0.7762,0.8585,1204.3589,348.7704,916.6919,338.1798,1160.0155,422.144,1065.9863,403.5753,287.8619,95.8451,0.333,1,1,241,1
240,3,0,2,1,1,1,0.9874,0.9877,0.8514,0.8407,788.2912,326.6713,512.6448,332.3046,662.2986,426.234,608.2562,430.2776,275.7039,54.1935,0.1966,1,1,241,1
241,3,0,1,1,1,1,0.9891,0.9892,0.9157,0.896,386.0944,205.9562,120.9843,202.8633,259.3793,219.0884,212.1624,214.057,265.1281,47.4842,0.1791,1,1,242,1
241,3,0,0,1,1,1,0.9844,0.9922,0.7767,0.8588,1204.2828,348.6581,916.747,338.1574,1159.8392,421.9568,1066.0165,403.5912,287.7275,95.6034,0.3323,1,1,242,1
241,3,0,2,1,1,1,0.9874,0.9877,0.8514,0.8406,788.2968,326.7059,512.6367,332.2536,662.3064,426.2643,608.2886,430.1955,275.7159,54.1606,0.1964,1,1,242,1
242,3,0,0,1,1,1,0.9846,0.9921,0.7728,0.8526,1204.6484,349.1522,915.7228,338.7587,1159.0634,421.0866,1065.6249,404.8348,289.1125,94.8413,0.328,1,1,243,1
242,3,0,1,1,1,1,0.9888,0.9891,0.9141,0.8976,384.8855,205.2649,121.2945,202.9204,259.0181,218.497,211.8834,214.5836,263.6014,47.2968,0.1794,1,1,243,1
242,3,0,2,1,1,1,0.9874,0.9876,0.8536,0.842,787.8484,326.7312,512.169,332.2391,662.0318,426.0354,606.6178,430.4256,275.7345,55.5876,0.2016,1,1,243,1
243,3,0,0,1,1,1,0.9848,0.9921,0.7702,0.8491,1204.7853,348.8107,915.5721,339.1146,1160.0453,423.3078,1066.5242,402.9556,289.3757,95.71,0.3307,1,1,244,1
243,3,0,1,1,1,1,0.9887,0.9889,0.9143,0.8971,384.9001,205.1877,120.2018,202.7552,257.7545,218.9727,211.6324,216.1834,264.7095,46.2064,0.1746,1,1,244,1
243,3,0,2,1,1,1,0.9875,0.9876,0.8502,0.8377,788.3751,326.8174,511.7274,332.1226,662.6554,425.7202,607.0336,430.3952,276.6986,55.818,0.2017,1,1,244,1
244,3,0,0,1,1,1,0.9848,0.9921,0.7705,0.8491,1204.8226,348.8454,915.5703,339.1531,1159.9434,423.222,1066.5234,402.9569,289.4147,95.5927,0.3303,1,1,245,1
244,3,0,1,1,1,1,0.9887,0.9889,0.9143,0.8971,384.9284,205.222,120.2159,202.7471,257.7386,218.9751,211.6298,216.251,264.724,46.1893,0.1745,1,1,245,1
244,3,0,2,1,1,1,0.9875,0.9876,0.85,0.8374,788.5042,326.8244,511.7158,332.1722,662.5883,425.6974,607.0332,430.4398,276.8401,55.7572,0.2014,1,1,245,1
245,3,0,1,1,1,1,0.9886,0.9887,0.915,0.8974,384.0894,205.1859,119.4433,202.1777,257.8581,219.3003,210.7855,217.7952,264.6632,47.0966,0.1779,1,1,246,1
245,3,0,0,1,1,1,0.9849,0.9921,0.7717,0.849,1204.8743,348.3041,915.8431,338.9285,1159.3147,421.3525,1065.381,404.7476,289.1832,95.3901,0.3299,1,1,246,1
245,3,0,2,1,1,1,0.9876,0.9877,0.8519,0.8391,788.2306,327.2406,511.2752,332.3677,663.3308,427.4238,605.448,431.8109,277.0028,58.0488,0.2096,1,1,246,1
246,3,0,1,1,1,1,0.9886,0.9887,0.9152,0.8973,384.1115,205.1804,119.4998,202.1615,257.9212,219.3551,210.7574,217.867,264.6289,47.1873,0.1783,1,1,247,1
246,3,0,0,1,1,1,0.9849,0.9921,0.7716,0.8489,1204.9211,348.3248,915.83,338.9252,1159.2644,421.2818,1065.3987,404.7466,289.244,95.311,0.3295,1,1,247,1
246,3,0,2,1,1,1,0.9876,0.9877,0.852,0.839,788.199,327.2544,511.2332,332.2954,663.2827,427.3335,605.4881,431.7788,277.0117,57.9653,0.2093,1,1,247,1
247,3,0,1,1,1,1,0.9888,0.9887,0.9153,0.8952,384.3974,205.4025,119.411,203.6107,257.0021,220.9992,209.6426,218.7663,264.9924,47.4122,0.1789,1,1,248,1
247,3,0,0,1,1,1,0.985,0.9919,0.7735,0.848,1204.6362,349.0912,915.0923,338.9154,1160.6365,420.8808,1065.9518,404.3844,289.7227,96.111,0.3317,1,1,248,1
247,3,0,2,1,1,1,0.9872,0.988,0.8481,0.8436,788.2424,326.4988,510.1192,331.8903,662.9825,427.146,603.5039,433.8171,278.1755,59.8515,0.2152,1,1,248,1
248,3,0,1,1,1,1,0.9888,0.9887,0.9154,0.8952,384.3375,205.4547,119.411,203.6121,257.0557,221.1164,209.5858,218.8355,264.9329,47.5246,0.1794,1,1,249,1
248,3,0,0,1,1,1,0.985,0.9919,0.7736,0.8479,1204.5929,349.0695,915.0952,338.9149,1160.9998,421.4546,1065.8705,404.3981,289.6757,96.6463,0.3336,1,1,249,1
248,3,0,2,1,1,1,0.9872,0.988,0.8481,0.8433,788.2458,326.4829,510.1018,331.8838,663.0282,427.1134,603.627,433.6646,278.1964,59.7613,0.2148,1,1,249,1
249,3,0,1,1,1,1,0.9887,0.9887,0.9146,0.8956,383.9378,204.8705,119.2023,203.262,256.7872,221.8223,208.61,219.7321,264.7404,48.2225,0.1822,1,1,250,1
249,3,0,0,1,1,1,0.985,0.992,0.7751,0.8496,1203.9177,347.8579,915.7091,338.1965,1160.2561,420.0741,1064.7894,404.9078,288.3705,96.6639,0.3352,1,1,250,1
249,3,0,2,1,1,1,0.9869,0.9884,0.8426,0.8467,787.9644,325.7391,508.9458,331.5527,662.7248,428.092,604.2805,431.1538,279.0791,58.5244,0.2097,1,1,250,1
250,3,0,1,1,1,1,0.9887,0.9887,0.9146,0.8957,383.9246,204.8486,119.2284,203.2198,256.767,221.7872,208.6383,219.669,264.7012,48.1754,0.182,1,1,251,1
250,3,0,0,1,1,1,0.985,0.992,0.7755,0.8497,1203.8748,347.8592,915.7144,338.1734,1159.991,419.7653,1064.6774,404.881,288.3231,96.4688,0.3346,1,1,251,1
250,3,0,2,1,1,1,0.9869,0.9884,0.8426,0.8467,787.9916,325.7264,508.9884,331.5639,662.7629,428.1524,604.3329,431.1494,279.0643,58.5068,0.2097,1,1,251,1
251,3,0,1,1,1,1,0.989,0.9888,0.9143,0.8931,383.4672,205.186,119.3099,203.5189,255.91,222.3512,207.8606,221.0513,264.1626,48.0669,0.182,1,1,252,1
251,3,0,0,1,1,1,0.9843,0.9919,0.7738,0.8525,1203.6604,348.5775,915.5875,339.0801,1158.4055,417.3187,1066.0737,402.4692,288.2295,93.5183,0.3245,1,1,252,1
251,3,0,2,1,1,1,0.9869,0.9883,0.844,0.8463,787.9682,325.7351,509.0678,331.7124,663.3159,429.3568,605.807,430.3318,278.9644,57.5171,0.2062,1,1,252,1
252,3,0,0,1,1,1,0.9845,0.992,0.7736,0.8536,1203.4073,348.4249,915.3568,339.1461,1161.4198,422.2666,1065.0764,403.7385,288.1999,98.1088,0.3404,1,1,253,1
252,3,0,1,1,1,1,0.9891,0.9887,0.9153,0.8933,383.1718,205.4578,118.5926,203.8469,256.5994,223.7104,207.4539,219.7073,264.5842,49.3083,0.1864,1,1,253,1
252,3,0,2,1,1,1,0.987,0.9882,0.8444,0.8444,787.4172,325.836,508.2422,332.238,663.0022,428.9936,603.4948,431.0706,279.2484,59.5436,0.2132,1,1,253,1
253,3,0,0,1,1,1,0.9845,0.992,0.7735,0.8535,1203.4028,348.4246,915.3491,339.1382,1161.4752,422.2884,1065.0776,403.7156,288.2034,98.1705,0.3406,1,1,254,1
253,3,0,1,1,1,1,0.9891,0.9887,0.9154,0.8932,383.1693,205.4593,118.6033,203.8585,256.5872,223.7312,207.4725,219.6867,264.5709,49.2809,0.1863,1,1,254,1
253,3,0,2,1,1,1,0.987,0.9882,0.8444,0.8444,787.408,325.8365,508.247,332.2424,662.9908,428.995,603.5498,431.0486,279.2346,59.4765,0.213,1,1,254,1
254,3,0,0,1,1,1,0.9845,0.992,0.7625,0.845,1204.8248,349.3244,914.0155,340.0886,1163.3579,421.9665,1065.4396,402.1062,290.9559,99.9121,0.3434,1,1,255,1
254,3,0,1,1,1,1,0.9895,0.9887,0.9155,0.8897,383.4338,205.2924,117.919,204.5137,254.8886,224.4191,207.2446,220.3179,265.5159,47.8203,0.1801,1,1,255,1
254,3,0,2,1,1,1,0.987,0.9881,0.8467,0.8461,786.8808,325.8519,508.094,332.3206,664.9365,429.9599,605.6314,429.4355,278.8619,59.3074,0.2127,1,1,255,1
255,3,0,0,1,1,1,0.9845,0.992,0.7616,0.8448,1204.8885,349.3315,914.0272,340.1138,1162.9624,421.5784,1065.4734,402.0434,291.0074,99.427,0.3417,1,1,256,1
255,3,0,1,1,1,1,0.9895,0.9887,0.9154,0.8897,383.4078,205.3103,117.911,204.5023,254.8944,224.4124,207.2508,220.3156,265.4979,47.8194,0.1801,1,1,256,1
255,3,0,2,1,1,1,0.987,0.9881,0.8468,0.8465,786.8131,325.8641,508.1252,332.2998,664.9411,429.917,605.6684,429.5208,278.7623,59.2741,0.2126,1,1,256,1
256,3,0,0,1,1,1,0.9843,0.9921,0.7593,0.846,1204.9253,349.052,914.8071,339.7051,1161.5513,420.5648,1065.4198,405.0298,290.2687,97.3786,0.3355,1,1,257,1
256,3,0,1,1,1,1,0.9896,0.9887,0.9166,0.8893,382.7677,205.6272,117.0187,204.7019,254.4451,224.5018,207.7584,219.603,265.7506,46.943,0.1766,1,1,257,1
256,3,0,2,1,1,1,0.9871,0.9881,0.8482,0.8469,786.6702,325.9029,508.1424,332.3914,664.9812,429.8807,607.8413,426.8914,278.6033,57.218,0.2054,1,1,257,1
257,3,0,0,1,1,1,0.9844,0.9921,0.7593,0.846,1204.9388,349.0286,914.8021,339.6525,1161.6074,420.6992,1065.4042,404.9717,290.2882,97.4804,0.3358,1,1,258,1
257,3,0,1,1,1,1,0.9896,0.9887,0.9166,0.8893,382.7602,205.6399,117.0262,204.741,254.4872,224.4798,207.7561,219.5801,265.7355,46.9873,0.1768,1,1,258,1
257,3,0,2,1,1,1,0.9871,0.9881,0.8484,0.847,786.6621,325.8726,508.1848,332.3403,664.9709,429.88,607.9024,426.8097,278.5525,57.1509,0.2052,1,1,258,1
258,3,0,0,1,1,1,0.9845,0.9921,0.7651,0.8479,1204.9747,349.1138,915.1296,339.5771,1159.0508,415.7384,1066.0779,404.0814,290.0019,93.7008,0.3231,1,1,259,1
258,3,0,1,1,1,1,0.9896,0.9887,0.9156,0.8892,382.0535,205.0137,116.077,203.7187,253.4975,223.8442,206.4378,220.9652,265.9797,47.1477,0.1773,1,1,259,1
258,3,0,2,1,1,1,0.987,0.9884,0.8465,0.8503,785.8366,325.383,508.3479,331.9211,663.5154,429.7483,606.3495,428.3642,277.5658,57.1826,0.206,1,1,259,1
259,3,0,0,1,1,1,0.9845,0.9921,0.7703,0.8497,1204.7769,348.8076,914.8414,339.9052,1155.2295,413.5814,1064.8523,405.1778,290.0721,90.7671,0.3129,1,1,260,1
259,3,0,1,1,1,1,0.9894,0.9886,0.9155,0.8905,380.9669,205.0499,116.8202,204.1081,254.2035,225.081,204.9483,222.0562,264.1484,49.348,0.1868,1,1,260,1
259,3,0,2,1,1,1,0.9873,0.9884,0.8445,0.8458,785.821,325.7344,507.0698,332.0696,664.0526,430.1062,607.595,426.6846,278.8232,56.5612,0.2029,1,1,260,1
260,3,0,0,1,1,1,0.9846,0.9921,0.7706,0.85,1204.8379,348.861,914.8854,339.8845,1155.2432,413.4155,1064.8391,405.1696,290.0914,90.7793,0.3129,1,1,261,1
260,3,0,1,1,1,1,0.9894,0.9887,0.9153,0.8907,380.9804,205.1257,116.8215,204.1207,254.1328,224.9814,205.0208,221.9448,264.1607,49.2057,0.1863,1,1,261,1
260,3,0,2,1,1,1,0.9873,0.9883,0.8448,0.8455,785.841,325.7474,507.075,332.0132,664.0705,430.1391,607.9086,426.3949,278.8365,56.2865,0.2019,1,1,261,1
261,3,0,0,1,1,1,0.9852,0.9922,0.7663,0.8428,1206.5134,347.4442,914.4951,338.5046,1159.269,417.9965,1066.685,401.8012,292.1551,93.9898,0.3217,1,1,262,1
261,3,0,1,1,1,1,0.9894,0.9884,0.9168,0.8893,381.144,205.2953,115.8779,204.2438,253.1934,223.1004,205.6367,220.9138,265.2681,47.607,0.1795,1,1,262,1
261,3,0,2,1,1,1,0.9873,0.9887,0.8445,0.8485,785.0656,325.0669,506.8818,332.3087,664.6816,430.6614,603.9411,429.769,278.278,60.747,0.2183,1,1,262,1
262,3,0,0,1,1,1,0.9851,0.9922,0.7658,0.843,1206.4667,347.4624,914.5475,338.5231,1158.9506,417.4862,1066.7783,401.7276,292.056,93.5096,0.3202,1,1,263,1
262,3,0,1,1,1,1,0.9894,0.9884,0.9166,0.8893,381.153,205.2912,115.8449,204.2354,253.1624,223.082,205.6356,220.9337,265.3102,47.5754,0.1793,1,1,263,1
262,3,0,2,1,1,1,0.9873,0.9887,0.8446,0.8484,785.0874,325.0932,506.8841,332.3256,664.7108,430.7039,603.9423,429.7712,278.2973,60.7756,0.2184,1,1,263,1
263,3,0,0,1,1,1,0.9845,0.9923,0.7605,0.8474,1205.5657,347.3689,914.6443,339.0156,1159.8533,419.6654,1064.3323,403.6776,291.0413,96.8497,0.3328,1,1,264,1
263,3,0,1,1,1,1,0.9894,0.9883,0.9167,0.8895,380.9499,205.2055,116.4219,204.111,253.4964,223.3288,205.6432,220.1316,264.5302,47.9599,0.1813,1,1,264,1
263,3,0,2,1,1,1,0.9879,0.9881,0.8536,0.8436,784.552,324.724,506.9276,332.4632,664.8391,431.0317,607.5977,427.4642,277.7323,57.3525,0.2065,1,1,264,1
264,3,0,0,1,1,1,0.9844,0.9923,0.7598,0.8474,1205.6263,347.375,914.6276,339.0757,1159.8645,419.6898,1064.3479,403.6536,291.1171,96.8534,0.3327,1,1,265,1
264,3,0,1,1,1,1,0.9894,0.9883,0.9168,0.8894,380.976,205.1771,116.4272,204.0402,253.4991,223.3306,205.6462,220.097,264.5513,47.962,0.1813,1,1,265,1
264,3,0,2,1,1,1,0.988,0.9881,0.8534,0.8434,784.5556,324.7087,506.8902,332.4523,664.9246,431.0534,607.5364,427.4948,277.7734,57.4984,0.207,1,1,265,1
265,3,0,0,1,1,1,0.9843,0.9921,0.7655,0.8492,1205.8789,347.6466,915.4147,338.2839,1158.778,416.2389,1065.107,403.6094,290.6151,94.5185,0.3252,1,1,266,1
265,3,0,1,1,1,1,0.9894,0.9887,0.9149,0.8904,380.6712,205.1682,115.4278,203.9244,251.7039,222.2189,204.741,221.975,265.2463,46.9635,0.1771,1,1,266,1
265,3,0,2,1,1,1,0.9878,0.9882,0.8535,0.8476,783.333,324.6797,507.2913,332.3392,663.5628,429.657,608.8239,425.9587,276.148,54.8636,0.1987,1,1,266,1
266,3,0,0,1,1,1,0.9843,0.9921,0.7645,0.848,1206.0349,347.663,915.2894,338.2334,1158.9155,416.3918,1065.3218,403.7694,290.8984,94.4411,0.3247,1,1,267,1
266,3,0,1,1,1,1,0.9894,0.9887,0.915,0.8905,380.7082,205.2204,115.4499,203.9584,251.6567,222.2377,204.7686,221.9714,265.2613,46.8889,0.1768,1,1,267,1
266,3,0,2,1,1,1,0.9878,0.9882,0.8537,0.8475,783.3205,324.6982,507.3362,332.3364,663.643,429.7325,608.6982,426.0052,276.09,55.071,0.1995,1,1,267,1
267,3,0,0,1,1,1,0.9842,0.9922,0.7561,0.8451,1205.983,347.1544,915.0562,337.9797,1159.6877,418.7243,1066.2522,403.3839,291.0714,94.6865,0.3253,1,1,268,1
267,3,0,1,1,1,1,0.9895,0.9886,0.9147,0.8891,380.5661,204.8896,115.6355,203.5602,251.0489,220.345,204.6783,220.3812,264.9339,46.3706,0.175,1,1,268,1
267,3,0,2,1,1,1,0.9881,0.9882,0.8524,0.8416,784.0663,324.8068,506.8763,332.8796,661.885,428.1912,607.2083,427.1047,277.3075,54.6874,0.1972,1,1,268,1
268,3,0,0,1,1,1,0.9846,0.9922,0.7669,0.8506,1205.6759,347.0048,916.2458,338.4458,1160.6863,420.6664,1064.2838,404.9285,289.5566,97.6786,0.3373,1,1,269,1
268,3,0,1,1,1,1,0.9894,0.9889,0.9131,0.8901,380.7204,204.748,115.3908,203.8733,250.627,220.1233,204.4125,220.462,265.3311,46.2157,0.1742,1,1,269,1
268,3,0,2,1,1,1,0.9879,0.9882,0.8534,0.8449,783.7536,325.0289,506.7624,333.0217,660.8083,427.1964,607.0154,427.6228,277.1066,53.7945,0.1941,1,1,269,1
269,3,0,0,1,1,1,0.9846,0.9922,0.7672,0.8504,1205.6395,347.0442,916.2405,338.5128,1160.728,420.721,1064.1707,405.0334,289.5248,97.8235,0.3379,1,1,270,1
269,3,0,1,1,1,1,0.9894,0.9889,0.9129,0.89,380.759,204.7568,115.3894,203.8935,250.6382,220.1736,204.4336,220.443,265.371,46.2054,0.1741,1,1,270,1
269,3,0,2,1,1,1,0.9879,0.9882,0.8535,0.8452,783.8022,325.0939,506.7746,333.0422,660.8948,427.2944,606.4306,428.1867,277.1417,54.4714,0.1965,1,1,270,1
270,3,0,0,1,1,1,0.9845,0.9923,0.7618,0.8483,1206.1819,347.7513,915.3344,338.837,1160.6584,420.26,1065.5679,404.1066,290.984,96.4528,0.3315,1,1,271,1
270,3,0,1,1,1,1,0.9893,0.9885,0.9161,0.8908,380.928,204.4896,115.1808,202.9181,250.5222,220.7895,203.1759,222.0292,265.7518,47.3625,0.1782,1,1,271,1
270,3,0,2,1,1,1,0.988,0.988,0.8571,0.8455,783.4354,325.0162,506.9,333.0576,659.1791,427.1446,605.2107,429.7581,276.6523,54.0316,0.1953,1,1,271,1
271,3,0,0,1,1,1,0.9845,0.9923,0.7604,0.848,1206.3063,347.8368,915.2958,338.7693,1160.572,419.795,1065.6678,404.0536,291.1517,96.2008,0.3304,1,1,272,1
271,3,0,1,1,1,1,0.9894,0.9885,0.9161,0.8907,380.93,204.5189,115.1699,202.9571,250.503,220.7656,203.2173,221.9987,265.7647,47.3017,0.178,1,1,272,1
271,3,0,2,1,1,1,0.988,0.988,0.8573,0.8453,783.4242,324.999,506.9187,333.0375,659.1588,427.1328,605.1775,429.7862,276.6224,54.0464,0.1954,1,1,272,1
272,3,0,0,1,1,1,0.9848,0.9921,0.765,0.846,1206.2645,348.229,915.3033,339.0672,1163.6019,423.467,1065.5569,405.7562,291.1054,99.6318,0.3423,1,1,273,1
272,3,0,1,1,1,1,0.9892,0.9885,0.9165,0.892,380.9366,204.9106,115.8389,203.8457,250.0677,220.7157,203.0981,222.8762,265.0998,47.0193,0.1774,1,1,273,1
272,3,0,2,1,1,1,0.9879,0.9879,0.8586,0.8476,782.5662,325.036,506.9156,332.5858,659.4234,427.666,605.6267,429.4574,275.7539,53.8265,0.1952,1,1,273,1
273,3,0,0,1,1,1,0.9847,0.9921,0.7644,0.8457,1206.3079,348.2037,915.322,338.9682,1163.336,423.1406,1065.4941,405.831,291.1324,99.3613,0.3413,1,1,274,1
273,3,0,1,1,1,1,0.9892,0.9885,0.9165,0.892,380.9096,204.9115,115.864,203.8449,250.0675,220.7438,203.0565,222.9102,265.0477,47.061,0.1776,1,1,274,1
273,3,0,2,1,1,1,0.9879,0.9879,0.8581,0.8475,782.5801,325.064,506.879,332.6127,659.4696,427.6294,605.6144,429.44,275.8044,53.8856,0.1954,1,1,274,1
274,3,0,0,1,1,1,0.9851,0.9921,0.7673,0.8452,1206.897,347.6976,915.0087,338.9296,1163.2673,424.3352,1065.4011,405.5245,292.02,99.6576,0.3413,1,1,275,1
274,3,0,1,1,1,1,0.9892,0.9886,0.9153,0.8917,381.5598,204.0832,115.4692,203.3421,250.1953,220.4626,202.8495,222.2902,266.0917,47.3811,0.1781,1,1,275,1
274,3,0,2,1,1,1,0.9878,0.988,0.8582,0.849,782.249,324.4192,506.3942,332.3287,660.0319,428.6806,607.0484,427.4958,275.9681,52.9968,0.192,1,1,275,1
275,3,0,0,1,1,1,0.9851,0.9921,0.7673,0.8453,1206.9493,347.7072,915.0178,338.9243,1163.0457,423.995,1065.3999,405.4589,292.0636,99.3895,0.3403,1,1,276,1
275,3,0,1,1,1,1,0.9892,0.9886,0.9153,0.8917,381.5794,204.0779,115.473,203.3475,250.2008,220.4424,202.8556,222.2749,266.1074,47.3806,0.1781,1,1,276,1
275,3,0,2,1,1,1,0.9878,0.988,0.8581,0.849,782.2516,324.4146,506.4067,332.3318,659.9878,428.6318,607.3861,427.0974,275.9585,52.624,0.1907,1,1,276,1
276,3,0,0,1,1,1,0.9849,0.9921,0.7685,0.8474,1206.0522,348.2626,914.737,339.125,1162.132,422.1194,1066.8207,405.3883,291.4585,96.7686,0.332,1,1,277,1
276,3,0,1,1,1,1,0.9893,0.9885,0.9162,0.8915,381.6221,204.0838,115.2884,203.4725,249.9955,220.5441,202.7493,222.9275,266.3344,47.3063,0.1776,1,1,277,1
276,3,0,2,1,1,1,0.9879,0.988,0.8573,0.8478,782.167,324.3035,506.3762,332.3779,659.0641,427.3182,606.3032,427.1229,275.9089,52.7612,0.1912,1,1,277,1
277,3,0,0,1,1,1,0.9848,0.9921,0.7681,0.8469,1206.2709,348.5472,914.5145,339.5197,1161.5715,420.9129,1066.722,405.2667,291.896,96.1313,0.3293,1,1,278,1
277,3,0,1,1,1,1,0.9892,0.9885,0.9163,0.8918,381.5863,204.0132,115.2306,203.407,249.8974,220.5367,202.6198,223.05,266.3564,47.3444,0.1777,1,1,278,1
277,3,0,2,1,1,1,0.9879,0.988,0.8574,0.8485,781.9861,324.4344,506.5264,332.3673,659.5566,427.3255,606.7164,426.5592,275.5739,52.8458,0.1918,1,1,278,1
278,3,0,0,1,1,1,0.9852,0.992,0.7807,0.8525,1205.6564,348.0962,915.556,339.0266,1160.904,421.3556,1065.8042,404.5122,290.2421,96.5799,0.3328,1,1,279,1
278,3,0,1,1,1,1,0.9892,0.9884,0.9163,0.8917,381.4431,203.8814,114.9334,203.4695,250.117,220.5692,203.3401,221.5748,266.51,46.7877,0.1756,1,1,279,1
278,3,0,2,1,1,1,0.9879,0.9879,0.8592,0.8496,781.7287,324.4532,506.9116,332.1034,660.9158,429.2324,605.6086,428.1617,274.9235,55.3175,0.2012,1,1,279,1
279,3,0,0,1,1,1,0.9852,0.992,0.7813,0.8532,1205.6187,348.0902,915.6259,339.0313,1160.8115,421.295,1065.8273,404.4294,290.1343,96.47,0.3325,1,1,280,1
279,3,0,1,1,1,1,0.9892,0.9885,0.9162,0.8917,381.4476,203.906,114.917,203.5068,250.1449,220.6484,203.3392,221.5456,266.5309,46.8143,0.1756,1,1,280,1
279,3,0,2,1,1,1,0.9879,0.9879,0.8592,0.8494,781.7304,324.4306,506.9113,332.0831,660.8886,429.2004,605.5794,428.1642,274.9256,55.3188,0.2012,1,1,280,1
280,3,0,0,1,1,1,0.9852,0.9921,0.7845,0.8555,1205.0349,347.9083,916.1206,338.9625,1160.0208,420.8835,1065.5172,404.5588,289.0528,95.9032,0.3318,1,1,281,1
280,3,0,1,1,1,1,0.9892,0.9883,0.9169,0.8918,381.7327,203.7345,114.7099,202.8231,249.8842,221.1088,203.4275,222.7556,267.0244,46.4859,0.1741,1,1,281,1
280,3,0,2,1,1,1,0.9879,0.9878,0.86,0.8488,781.7692,324.6266,506.6535,332.1834,660.2053,428.1124,607.8392,426.271,275.2195,52.3985,0.1904,1,1,281,1
281,3,0,0,1,1,1,0.9853,0.992,0.7836,0.8523,1205.8456,347.2206,915.8818,338.7479,1159.7738,421.1271,1064.9548,405.806,290.0875,96.0488,0.3311,1,1,282,1
281,3,0,1,1,1,1,0.989,0.9884,0.9163,0.8938,381.5779,203.9826,114.7682,202.7595,250.0306,221.4232,203.594,222.346,266.8125,46.4458,0.1741,1,1,282,1
281,3,0,2,1,1,1,0.9876,0.988,0.8575,0.8525,781.1751,324.2591,506.6916,332.0657,660.5453,428.7945,607.2078,426.9286,274.5946,53.3702,0.1944,1,1,282,1
282,3,0,0,1,1,1,0.9853,0.992,0.7835,0.8524,1205.8278,347.2373,915.9143,338.7621,1159.7319,421.0882,1064.8507,405.8728,290.0373,96.0935,0.3313,1,1,283,1
282,3,0,1,1,1,1,0.989,0.9884,0.9163,0.8939,381.5777,203.9686,114.7403,202.7442,250.0491,221.4412,203.5427,222.3734,266.8402,46.5158,0.1743,1,1,283,1
282,3,0,2,1,1,1,0.9876,0.988,0.8575,0.8525,781.1607,324.2439,506.6854,332.0574,660.5659,428.778,607.1972,426.9336,274.5864,53.4006,0.1945,1,1,283,1
283,3,0,0,1,1,1,0.9856,0.992,0.7851,0.8514,1206.0269,348.1428,915.6423,339.2858,1161.5046,421.8517,1065.1323,404.6517,290.5196,97.8952,0.337,1,1,284,1
283,3,0,1,1,1,1,0.989,0.9884,0.9156,0.8933,381.4377,204.1257,114.6681,202.9235,250.3418,221.1344,204.4008,221.5274,266.7723,45.9428,0.1722,1,1,284,1
283,3,0,2,1,1,1,0.9874,0.9879,0.8578,0.8534,781.1606,324.94,505.8892,332.0327,661.206,428.9157,604.1192,428.8969,275.3628,57.0867,0.2073,1,1,284,1
284,3,0,0,1,1,1,0.9856,0.992,0.7851,0.8515,1206.0138,348.132,915.6425,339.2676,1161.6162,422.0048,1065.1055,404.6494,290.5066,98.0588,0.3375,1,1,285,1
284,3,0,1,1,1,1,0.989,0.9884,0.9156,0.8933,381.4431,204.1303,114.6648,202.925,250.3602,221.1684,204.3899,221.5494,266.781,45.972,0.1723,1,1,285,1
284,3,0,2,1,1,1,0.9874,0.9879,0.8578,0.8536,781.1496,324.9276,505.9141,332.0148,661.187,428.9292,604.1048,428.9262,275.3268,57.0823,0.2073,1,1,285,1
285,3,0,0,1,1,1,0.985,0.9922,0.7725,0.8498,1206.6586,346.9458,915.5713,338.4837,1161.5769,420.5446,1066.2882,402.5574,291.2103,96.9715,0.333,1,1,286,1
285,3,0,1,1,1,1,0.9887,0.9882,0.9152,0.8943,381.0974,203.0549,115.2758,201.596,249.1559,221.0347,204.7828,222.3098,265.8256,44.3914,0.167,1,1,286,1
285,3,0,2,1,1,1,0.9872,0.9879,0.8558,0.8541,781.0497,324.6676,506.4648,332.3062,661.3822,429.1966,605.9674,426.9851,274.691,55.4588,0.2019,1,1,286,1
286,3,0,0,1,1,1,0.985,0.9922,0.7722,0.8497,1206.678,346.924,915.5236,338.4697,1161.7528,420.7215,1066.304,402.5761,291.2771,97.1583,0.3336,1,1,287,1
286,3,0,1,1,1,1,0.9887,0.9882,0.9152,0.8944,381.1094,203.0572,115.2923,201.5636,249.1398,220.9843,204.7925,222.2875,265.8212,44.3664,0.1669,1,1,287,1
286,3,0,2,1,1,1,0.9872,0.9879,0.8558,0.8539,781.05,324.6401,506.4614,332.2944,661.5542,429.3849,605.9094,427.0394,274.6952,55.6943,0.2027,1,1,287,1
287,3,0,0,1,1,1,0.985,0.9922,0.7696,0.8487,1206.525,347.8206,915.6952,338.5428,1161.9237,420.1709,1066.8555,402.1348,290.9778,96.764,0.3325,1,1,288,1
287,3,0,1,1,1,1,0.9886,0.988,0.9173,0.8956,380.8728,203.1897,115.5548,201.3685,250.0228,222.3604,205.0927,222.0248,265.3242,44.9313,0.1693,1,1,288,1
287,3,0,2,1,1,1,0.9873,0.9878,0.8569,0.8539,780.714,324.2242,506.5418,332.2941,661.7614,429.4662,608.0697,425.5056,274.291,53.8376,0.1963,1,1,288,1
288,3,0,0,1,1,1,0.9851,0.9922,0.779,0.854,1205.9087,347.7851,916.5234,338.1908,1161.3506,420.688,1065.4431,403.498,289.5443,97.4358,0.3365,1,1,289,1
288,3,0,1,1,1,1,0.9883,0.9879,0.9174,0.8975,381.1644,203.2098,115.5128,201.8966,251.7903,223.4181,205.7813,223.0948,265.6549,46.0101,0.1732,1,1,289,1
288,3,0,2,1,1,1,0.9874,0.9877,0.859,0.8531,780.8711,324.3901,506.774,332.3268,661.638,428.812,607.227,426.2663,274.2119,54.4705,0.1986,1,1,289,1
289,3,0,0,1,1,1,0.9851,0.9922,0.7792,0.8542,1205.9204,347.8198,916.5252,338.1921,1161.3424,420.6587,1065.3695,403.5866,289.5553,97.4795,0.3367,1,1,290,1
289,3,0,1,1,1,1,0.9883,0.9879,0.9174,0.8975,381.1851,203.2448,115.5006,201.9443,251.7896,223.4102,205.8097,223.075,265.6878,45.9811,0.1731,1,1,290,1
289,3,0,2,1,1,1,0.9874,0.9877,0.8591,0.8531,780.8636,324.3895,506.755,332.3268,661.6178,428.8174,607.2116,426.2904,274.2234,54.4648,0.1986,1,1,290,1
290,3,0,0,1,1,1,0.9849,0.9922,0.773,0.8512,1207.3499,348.0832,916.9896,337.7823,1162.3767,421.6084,1065.7983,403.9239,290.5429,98.1841,0.3379,1,1,291,1
290,3,0,1,1,1,1,0.9881,0.988,0.9163,0.8985,381.3084,203.3734,115.859,202.1228,253.6562,225.5038,205.6367,223.284,265.4523,48.0708,0.1811,1,1,291,1
290,3,0,2,1,1,1,0.9876,0.9876,0.8606,0.8513,781.0501,324.2491,507.2685,331.848,661.7218,428.3906,607.065,426.2812,273.8871,54.6974,0.1997,1,1,291,1
291,3,0,0,1,1,1,0.9848,0.9922,0.7728,0.8511,1207.3743,348.0253,917.0117,337.7481,1162.2413,421.4583,1065.6898,403.9689,290.5444,98.1227,0.3377,1,1,292,1
291,3,0,1,1,1,1,0.9881,0.988,0.9164,0.8985,381.2749,203.3593,115.9576,202.1665,253.6935,225.5356,205.6912,223.289,265.32,48.0548,0.1811,1,1,292,1
291,3,0,2,1,1,1,0.9876,0.9876,0.8605,0.8512,781.1305,324.2932,507.2682,331.8752,661.7088,428.3125,606.9668,426.329,273.9673,54.7779,0.1999,1,1,292,1
292,3,0,1,1,1,1,0.9885,0.9881,0.9169,0.8965,381.5193,203.8487,116.3115,202.0382,254.5973,225.676,206.7332,221.8394,265.214,48.0176,0.1811,1,1,293,1
292,3,0,0,1,1,1,0.9848,0.992,0.7713,0.8491,1207.545,348.4154,916.8834,337.2792,1162.9565,423.082,1065.3738,405.6165,290.8749,99.1334,0.3408,1,1,293,1
292,3,0,2,1,1,1,0.9875,0.9874,0.8625,0.8525,781.3069,324.9758,507.6856,332.2676,661.4269,428.0252,605.074,427.3538,273.7184,56.3568,0.2059,1,1,293,1
293,3,0,1,1,1,1,0.9885,0.9881,0.9169,0.8964,381.5276,203.876,116.3124,202.1001,254.6189,225.6202,206.7069,221.7803,265.2211,48.0656,0.1812,1,1,294,1
293,3,0,0,1,1,1,0.9848,0.992,0.7715,0.8492,1207.5269,348.4258,916.8882,337.3147,1162.9518,423.0683,1065.3845,405.501,290.8509,99.1362,0.3408,1,1,294,1
293,3,0,2,1,1,1,0.9875,0.9874,0.8623,0.8524,781.3454,324.9064,507.6892,332.2278,661.3306,427.8875,605.0438,427.3235,273.7541,56.2896,0.2056,1,1,294,1
294,3,0,1,1,1,1,0.9887,0.9882,0.9157,0.8945,382.6362,203.4921,117.4334,202.927,256.9402,226.4648,208.3021,220.362,265.2034,49.0195,0.1848,1,1,295,1
294,3,0,0,1,1,1,0.9851,0.992,0.7755,0.8487,1208.1975,348.2274,917.1613,336.9584,1166.2734,425.9638,1064.5614,405.2391,291.2543,103.802,0.3564,1,1,295,1
294,3,0,2,1,1,1,0.9875,0.9877,0.8599,0.8531,781.512,325.239,507.4734,332.1315,661.2583,427.6808,603.6052,428.6925,274.1253,57.662,0.2103,1,1,295,1
295,3,0,1,1,1,1,0.9886,0.988,0.9182,0.8961,383.2172,204.0505,118.3649,203.2226,256.6292,224.9887,208.5149,220.5392,264.8536,48.3196,0.1824,1,1,296,1
295,3,0,0,1,1,1,0.9841,0.9921,0.7674,0.8518,1209.6138,348.6663,917.5063,336.7363,1161.369,417.8479,1066.3389,404.2846,292.351,95.9932,0.3283,1,1,296,1
295,3,0,2,1,1,1,0.9874,0.9877,0.8596,0.8532,781.9034,324.8582,507.7648,332.0562,660.5538,427.7984,603.4698,428.7282,274.2331,57.0916,0.2082,1,1,296,1
296,3,0,1,1,1,1,0.9886,0.988,0.9182,0.8963,383.2542,204.0472,118.3786,203.2325,256.6689,225.0384,208.4878,220.5532,264.877,48.3894,0.1827,1,1,297,1
296,3,0,0,1,1,1,0.9842,0.9921,0.7674,0.8515,1209.6304,348.5996,917.4994,336.7059,1161.4764,418.1217,1066.282,404.3618,292.373,96.1838,0.329,1,1,297,1
296,3,0,2,1,1,1,0.9874,0.9877,0.8597,0.8535,781.8856,324.8707,507.824,332.0427,660.6582,427.7632,603.4516,428.6997,274.1554,57.2143,0.2087,1,1,297,1
297,3,0,1,1,1,1,0.9888,0.9881,0.9184,0.8949,383.3114,203.2926,118.4014,202.4706,256.8826,224.5081,209.4718,218.8958,264.9112,47.7419,0.1802,1,1,298,1
297,3,0,0,1,1,1,0.9839,0.9921,0.7661,0.8511,1209.8425,348.5932,917.9702,337.5734,1160.1971,415.2758,1065.7227,402.3096,292.0803,95.3601,0.3265,1,1,298,1
297,3,0,2,1,1,1,0.9877,0.9875,0.8623,0.8508,782.552,324.9878,508.6966,331.6681,660.3341,426.681,604.3636,428.3158,273.9369,55.9944,0.2044,1,1,298,1
298,3,0,1,1,1,1,0.9888,0.9881,0.9184,0.895,383.2955,203.2987,118.4238,202.4723,256.888,224.486,209.4471,218.8992,264.8731,47.7687,0.1803,1,1,299,1
298,3,0,0,1,1,1,0.9839,0.9921,0.7665,0.8513,1209.8387,348.5542,918.0431,337.5362,1160.2146,415.2759,1065.6777,402.3214,292.0036,95.4203,0.3268,1,1,299,1
298,3,0,2,1,1,1,0.9877,0.9875,0.8624,0.8508,782.5382,324.987,508.7021,331.6704,660.4022,426.7106,604.3168,428.341,273.9176,56.1091,0.2048,1,1,299,1
299,3,0,0,1,1,1,0.9842,0.9922,0.7619,0.8477,1210.0366,348.3574,917.657,338.0582,1162.792,419.0839,1066.2415,401.283,292.5609,98.1778,0.3356,1,1,300,1
299,3,0,1,1,1,1,0.9885,0.9881,0.9176,0.8975,383.3755,203.6058,118.5902,202.8631,257.4746,223.4326,210.4927,218.694,264.7864,47.2202,0.1783,1,1,300,1
299,3,0,2,1,1,1,0.9874,0.9877,0.8602,0.8542,782.3308,324.8197,508.7448,331.6302,661.0138,426.6058,606.1328,427.1076,273.6709,54.8834,0.2005,1,1,300,1
