frame,raw_num_people,anomaly,track_id,conf_ok,boundary_ok,overlap_ok,conf_ls,conf_rs,conf_lw,conf_rw,ls_x,ls_y,rs_x,rs_y,lw_x,lw_y,rw_x,rw_y,shoulder_dist,wrist_dist,ratio,frontal,hands_now,consecutive_frames,confirmed
0,3,0,0,1,1,1,0.9891,0.9865,0.9178,0.8814,487.4728,232.0065,266.4144,226.1105,384.9899,243.234,334.5657,237.9755,221.137,50.6976,0.2293,1,1,1,0
0,3,0,1,1,1,1,0.9886,0.9857,0.8771,0.848,1121.9165,350.1198,893.2623,343.3208,1037.8875,394.192,987.7231,368.3931,228.7553,56.4096,0.2466,1,1,1,0
0,3,0,2,1,1,1,0.9833,0.9878,0.866,0.891,785.67,328.7036,578.1404,333.8028,700.6533,406.3381,651.4802,414.2479,207.5922,49.8052,0.2399,1,1,1,0
1,3,0,0,1,1,1,0.9888,0.9901,0.9134,0.8968,484.5179,232.2878,264.1325,227.354,389.6208,241.3748,335.2901,239.4336,220.4406,54.3654,0.2466,1,1,2,0
1,3,0,1,1,1,1,0.989,0.9855,0.8823,0.8454,1121.6244,349.8975,893.5132,342.8949,1038.5675,393.3922,985.8911,366.8451,228.2187,58.9877,0.2585,1,1,2,0
1,3,0,2,1,1,1,0.984,0.9873,0.871,0.8869,785.7118,328.756,577.8961,333.8427,699.5896,404.5422,651.0724,414.718,207.8779,49.5729,0.2385,1,1,2,0
2,3,0,0,1,1,1,0.9888,0.9901,0.9136,0.897,484.6513,232.304,264.2496,227.3613,389.9064,241.8208,335.1692,239.7858,220.4571,54.7751,0.2485,1,1,3,0
2,3,0,1,1,1,1,0.989,0.9856,0.8814,0.8455,1121.6476,349.8668,893.2344,342.85,1038.3218,393.5808,986.1321,366.265,228.5209,58.906,0.2578,1,1,3,0
2,3,0,2,1,1,1,0.9841,0.9873,0.8714,0.8867,785.739,328.608,577.9383,333.6249,699.4086,404.5902,651.2438,415.4964,207.8613,49.3841,0.2376,1,1,3,0
3,3,0,0,1,1,1,0.9887,0.9901,0.9138,0.898,484.1981,231.7462,262.4464,226.9062,388.3088,240.1192,335.2275,238.85,221.8046,53.0964,0.2394,1,1,4,0
3,3,0,1,1,1,1,0.9887,0.9855,0.8821,0.8491,1122.0562,350.4631,893.5578,343.624,1039.4862,394.692,984.941,368.3495,228.6007,60.5732,0.265,1,1,4,0
3,3,0,2,1,1,1,0.984,0.9872,0.8725,0.8874,785.5197,328.8626,577.7758,333.7378,699.409,403.5326,650.2795,415.6674,207.8012,50.6059,0.2435,1,1,4,0
4,3,0,0,1,1,1,0.9888,0.99,0.9147,0.8979,484.2561,231.6655,262.6438,226.8297,388.6329,240.2944,334.7537,239.4114,221.6651,53.8864,0.2431,1,1,5,0
4,3,0,1,1,1,1,0.9888,0.9855,0.8828,0.8484,1121.7761,350.409,893.7159,343.0181,1039.3544,394.6056,984.9985,368.596,228.1799,60.2582,0.2641,1,1,5,0
4,3,0,2,1,1,1,0.984,0.9872,0.8726,0.8878,785.3011,328.6452,577.9344,333.4529,699.6824,404.5708,650.1267,416.4588,207.4225,50.9616,0.2457,1,1,5,0
5,3,0,0,1,1,1,0.9887,0.99,0.915,0.8989,484.3288,232.1873,262.0403,226.249,390.1366,240.7682,337.0703,237.0045,222.3679,53.1997,0.2392,1,1,6,1
5,3,0,1,1,1,1,0.9888,0.9858,0.8809,0.8492,1121.9783,350.2333,893.8402,343.8344,1039.4268,395.595,985.4233,363.7246,228.2278,62.7064,0.2748,1,1,6,1
5,3,0,2,1,1,1,0.9842,0.9871,0.8737,0.8863,785.9387,328.4386,578.5152,332.9849,699.8058,404.2578,650.4492,416.2472,207.4733,50.792,0.2448,1,1,6,1
6,3,0,0,1,1,1,0.9886,0.9898,0.9154,0.8989,484.1338,232.0354,261.2933,225.7269,391.1906,239.9565,337.9104,235.5344,222.9298,53.4633,0.2398,1,1,7,1
6,3,0,1,1,1,1,0.9889,0.9855,0.8846,0.8485,1121.1726,349.9052,894.0573,343.5262,1036.6307,389.1776,983.4014,365.3538,227.2049,58.3176,0.2567,1,1,7,1
6,3,0,2,1,1,1,0.984,0.9872,0.8725,0.8871,786.4117,327.8968,578.3711,333.3143,700.0544,404.7948,650.6413,417.0959,208.1111,50.9213,0.2447,1,1,7,1
7,3,0,0,1,1,1,0.9886,0.9898,0.9153,0.899,484.0537,232.0024,261.2409,225.654,391.2155,239.9834,337.8184,235.6072,222.9032,53.5761,0.2404,1,1,8,1
7,3,0,1,1,1,1,0.9889,0.9855,0.8843,0.8485,1121.3735,349.7893,894.1274,343.6838,1036.365,389.0553,983.6352,363.9801,227.3282,58.3883,0.2568,1,1,8,1
7,3,0,2,1,1,1,0.984,0.9872,0.8724,0.8871,786.429,327.9322,578.3948,333.4053,699.8561,404.8714,650.706,417.0518,208.1062,50.6369,0.2433,1,1,8,1
8,3,0,0,1,1,1,0.9888,0.9902,0.9124,0.8982,483.5507,232.1032,260.5752,225.9894,391.7911,241.0347,337.0151,236.1809,223.0593,54.9906,0.2465,1,1,9,1
8,3,0,1,1,1,1,0.9888,0.9857,0.8827,0.8491,1121.4905,349.3216,894.2786,344.2335,1036.3508,390.0867,982.2819,365.338,227.2689,59.4639,0.2616,1,1,9,1
8,3,0,2,1,1,1,0.9841,0.987,0.874,0.8868,786.5226,327.5762,578.1702,333.2288,700.4864,405.7192,650.3031,417.7243,208.429,51.5993,0.2476,1,1,9,1
9,3,0,0,1,1,1,0.9887,0.9902,0.9126,0.8984,483.5452,232.0868,260.5644,225.9469,391.6952,241.0312,337.0875,236.2513,223.0653,54.8165,0.2457,1,1,10,1
9,3,0,1,1,1,1,0.9889,0.9857,0.8829,0.8491,1121.5375,349.3257,894.2377,344.2536,1036.1709,389.9348,982.1042,365.2472,227.3564,59.4364,0.2614,1,1,10,1
9,3,0,2,1,1,1,0.9841,0.987,0.8741,0.8869,786.5854,327.6276,578.3044,333.247,700.4326,405.8318,650.4386,417.894,208.3568,51.4285,0.2468,1,1,10,1
10,3,0,0,1,1,1,0.9886,0.9901,0.9124,0.8988,483.2146,231.4125,260.4909,226.2888,391.2507,241.1798,335.7241,240.25,222.7827,55.5343,0.2493,1,1,11,1
10,3,0,1,1,1,1,0.9888,0.9852,0.8854,0.8474,1120.9941,349.1959,893.6315,344.6452,1031.753,384.3192,981.7663,365.0895,227.4082,53.558,0.2355,1,1,11,1
10,3,0,2,1,1,1,0.9844,0.9874,0.8714,0.8846,787.0094,328.1206,577.2388,334.2237,700.8422,409.114,649.5026,416.2288,209.8594,51.8302,0.247,1,1,11,1
11,3,0,0,1,1,1,0.9886,0.9901,0.9125,0.8988,483.2003,231.5054,260.4191,226.3094,391.2093,241.2289,335.6093,240.3224,222.8418,55.6074,0.2495,1,1,12,1
11,3,0,1,1,1,1,0.9888,0.9852,0.8852,0.8476,1121.0049,349.2296,893.6249,344.6722,1031.8403,384.478,981.6594,365.4318,227.4257,53.6738,0.236,1,1,12,1
11,3,0,2,1,1,1,0.9844,0.9873,0.8716,0.8845,787.0894,328.1833,577.2358,334.284,700.8554,409.1301,649.5412,416.2242,209.9422,51.8022,0.2467,1,1,12,1
12,3,0,0,1,1,1,0.9891,0.9901,0.9134,0.8948,482.51,232.9488,260.3583,226.7862,391.2692,243.4408,334.3839,243.0845,222.2371,56.8864,0.256,1,1,13,1
12,3,0,1,1,1,1,0.989,0.9853,0.885,0.8472,1120.2809,348.5572,893.7831,343.8996,1033.3989,385.7687,981.3146,364.3137,226.5457,56.3302,0.2486,1,1,13,1
12,3,0,2,1,1,1,0.9847,0.9873,0.872,0.882,786.8816,328.1919,576.7908,334.4977,700.614,409.6208,649.2536,415.6413,210.1854,51.7122,0.246,1,1,13,1
13,3,0,0,1,1,1,0.989,0.9903,0.9122,0.8957,481.9387,232.886,260.9544,228.5738,391.4692,245.6235,334.1846,242.8415,221.0263,57.3522,0.2595,1,1,14,1
13,3,0,1,1,1,1,0.9891,0.9851,0.8852,0.8432,1119.7513,349.0709,893.5668,343.4504,1032.5844,385.9906,980.5236,364.4932,226.2544,56.3247,0.2489,1,1,14,1
13,3,0,2,1,1,1,0.9844,0.9873,0.8723,0.8847,787.2171,328.3025,576.7596,334.587,699.3396,408.4182,649.9666,414.5714,210.5513,49.7549,0.2363,1,1,14,1
14,3,0,0,1,1,1,0.989,0.9903,0.9122,0.8957,481.9558,232.8637,260.9358,228.566,391.4176,245.5874,334.2036,242.8531,221.0618,57.2793,0.2591,1,1,15,1
14,3,0,1,1,1,1,0.9891,0.9851,0.8851,0.8435,1119.8167,349.0628,893.5851,343.4748,1032.5709,385.9484,980.6135,364.0316,226.3006,56.3908,0.2492,1,1,15,1
14,3,0,2,1,1,1,0.9845,0.9873,0.8726,0.8846,787.1934,328.3031,576.8202,334.5479,699.3156,408.3151,649.8575,414.6401,210.466,49.861,0.2369,1,1,15,1
15,3,0,0,1,1,1,0.989,0.99,0.9141,0.8956,482.1728,232.4247,260.4742,227.986,391.1236,245.3264,334.8594,242.2013,221.743,56.3509,0.2541,1,1,16,1
15,3,0,1,1,1,1,0.9891,0.9854,0.8846,0.8469,1119.7236,349.3063,893.3542,344.1528,1036.022,391.6737,979.3716,366.7584,226.428,61.8872,0.2733,1,1,16,1
15,3,0,2,1,1,1,0.9844,0.9873,0.8721,0.8846,787.1016,328.5096,576.6432,334.8262,696.9768,406.9123,649.8062,415.6945,210.5531,47.9812,0.2279,1,1,16,1
16,3,0,0,1,1,1,0.989,0.99,0.9143,0.8956,482.1566,232.4372,260.4839,227.9863,391.1222,245.3541,334.8266,242.1927,221.7173,56.3844,0.2543,1,1,17,1
16,3,0,1,1,1,1,0.9891,0.9854,0.8847,0.8468,1119.7258,349.3481,893.3187,344.2216,1036.0227,391.5928,979.3644,366.7028,226.4651,61.8844,0.2733,1,1,17,1
16,3,0,2,1,1,1,0.9844,0.9873,0.8718,0.8847,787.0742,328.4748,576.6576,334.8245,696.945,406.8302,649.8734,415.5737,210.5124,47.8768,0.2274,1,1,17,1
17,3,0,0,1,1,1,0.9888,0.9901,0.9134,0.8975,480.5707,231.6326,259.4809,227.2576,390.3295,244.4725,334.5911,242.741,221.133,55.7653,0.2522,1,1,18,1
17,3,0,1,1,1,1,0.9891,0.9854,0.8853,0.8469,1119.2466,348.9952,893.3254,343.4138,1035.205,391.0677,977.5906,369.595,225.9901,61.4856,0.2721,1,1,18,1
17,3,0,2,1,1,1,0.9842,0.9873,0.872,0.8861,786.3324,328.4841,576.4014,334.519,697.1544,406.0362,648.7484,415.349,210.0178,49.2937,0.2347,1,1,18,1
18,3,0,0,1,1,1,0.9888,0.9901,0.9136,0.8973,480.6013,231.7024,259.4903,227.2466,390.3774,244.5187,334.4625,242.9606,221.1559,55.9365,0.2529,1,1,19,1
18,3,0,1,1,1,1,0.9891,0.9855,0.8849,0.8469,1119.3314,349.1377,893.2861,343.5018,1035.315,391.2043,977.7379,369.5648,226.1156,61.5092,0.272,1,1,19,1
18,3,0,2,1,1,1,0.9842,0.9873,0.8722,0.8859,786.3286,328.4932,576.3798,334.5218,697.0996,406.0342,648.7533,415.4282,210.0353,49.2504,0.2345,1,1,19,1
19,3,0,0,1,1,1,0.9888,0.9901,0.9127,0.8972,479.7584,231.3694,259.7768,227.5246,390.2991,244.2432,335.085,242.0143,220.0151,55.2591,0.2512,1,1,20,1
19,3,0,1,1,1,1,0.9891,0.9858,0.8826,0.8486,1118.8298,349.3236,892.4625,343.0732,1035.4092,391.9695,979.192,364.8966,226.4536,62.3964,0.2755,1,1,20,1
19,3,0,2,1,1,1,0.9845,0.987,0.8752,0.8845,785.8832,328.5534,576.713,334.7296,697.8142,406.838,648.3116,415.064,209.2615,50.1815,0.2398,1,1,20,1
20,3,0,0,1,1,1,0.9888,0.9901,0.9128,0.8972,479.768,231.3486,259.8004,227.4964,390.3142,244.265,335.0394,242.0766,220.0014,55.318,0.2514,1,1,21,1
20,3,0,1,1,1,1,0.9891,0.9858,0.883,0.8482,1118.7979,349.2598,892.5604,342.9799,1035.265,391.5854,979.1971,364.928,226.3246,62.0824,0.2743,1,1,21,1
20,3,0,2,1,1,1,0.9845,0.987,0.8751,0.8845,785.8414,328.5206,576.757,334.6874,697.842,406.8062,648.3326,415.1049,209.1753,50.2001,0.24,1,1,21,1
21,3,0,0,1,1,1,0.9886,0.9901,0.9126,0.8977,479.3986,231.4936,259.4094,227.0669,389.6579,243.9285,334.3816,242.562,220.0337,55.2932,0.2513,1,1,22,1
21,3,0,1,1,1,1,0.9892,0.9857,0.8839,0.8482,1118.3086,348.9646,892.2374,342.6887,1035.1661,390.2353,978.6912,366.5802,226.1583,61.229,0.2707,1,1,22,1
21,3,0,2,1,1,1,0.9846,0.9871,0.8733,0.8833,786.1571,329.0507,576.0608,335.0989,697.2455,405.7381,649.3826,413.6676,210.1834,48.5153,0.2308,1,1,22,1
22,3,0,0,1,1,1,0.9886,0.99,0.9131,0.8978,479.4401,232.1066,259.0565,227.5527,388.421,242.8224,334.9296,241.6372,220.4306,53.5046,0.2427,1,1,23,1
22,3,0,1,1,1,1,0.989,0.986,0.8806,0.8498,1118.2158,349.1113,892.0743,342.9909,1035.8196,391.0766,979.5673,363.633,226.2243,62.5898,0.2767,1,1,23,1
22,3,0,2,1,1,1,0.9841,0.9872,0.8725,0.8862,785.9927,329.7219,576.0026,335.8661,697.711,407.7558,647.9361,414.3416,210.08,50.2086,0.239,1,1,23,1
23,3,0,0,1,1,1,0.9886,0.99,0.9132,0.8978,479.391,232.0554,259.046,227.5576,388.3965,242.8075,334.9307,241.6556,220.3909,53.4782,0.2427,1,1,24,1
23,3,0,1,1,1,1,0.989,0.986,0.8808,0.8499,1118.2078,349.103,892.0864,343.0221,1035.8452,391.1936,979.484,363.6807,226.2031,62.718,0.2773,1,1,24,1
23,3,0,2,1,1,1,0.9841,0.9872,0.8722,0.8862,786.0236,329.7397,575.9426,335.8965,697.63,407.6778,647.987,414.2746,210.1711,50.0794,0.2383,1,1,24,1
24,3,0,0,1,1,1,0.9884,0.9901,0.9122,0.8985,479.8499,231.9525,258.6904,227.5514,387.4612,242.2219,335.5232,240.123,221.2032,51.9804,0.235,1,1,25,1
24,3,0,1,1,1,1,0.9891,0.9861,0.8794,0.8484,1118.6294,348.957,891.2257,342.8569,1033.2487,388.2195,980.7891,357.8402,227.4855,60.621,0.2665,1,1,25,1
24,3,0,2,1,1,1,0.9847,0.9869,0.8761,0.8831,785.6382,329.4334,576.0488,335.1504,696.3756,408.0783,647.6213,415.3407,209.6674,49.2922,0.2351,1,1,25,1
25,3,0,0,1,1,1,0.9884,0.99,0.9122,0.8986,479.9066,231.9872,258.6752,227.5751,387.4829,242.2391,335.4784,240.206,221.2753,52.0442,0.2352,1,1,26,1
25,3,0,1,1,1,1,0.9891,0.9861,0.8795,0.8486,1118.6431,348.9209,891.2896,342.8473,1033.2933,388.3475,980.8224,357.7844,227.4346,60.7232,0.267,1,1,26,1
25,3,0,2,1,1,1,0.9847,0.9869,0.876,0.8831,785.6534,329.4371,576.0708,335.1613,696.3418,408.074,647.6438,415.2923,209.6607,49.2299,0.2348,1,1,26,1
26,3,0,0,1,1,1,0.9886,0.99,0.9125,0.8966,480.1368,231.7892,258.2748,227.0666,388.0337,244.4018,334.2976,241.26,221.9122,53.8279,0.2426,1,1,27,1
26,3,0,1,1,1,1,0.9886,0.9867,0.8726,0.8522,1118.4247,348.1926,891.8188,343.113,1035.6735,393.4704,982.0963,353.5671,226.6628,66.8041,0.2947,1,1,27,1
26,3,0,2,1,1,1,0.9847,0.987,0.8751,0.8826,785.7462,329.4874,575.2632,335.4625,698.1292,410.0235,647.2204,414.7367,210.5678,51.1265,0.2428,1,1,27,1
27,3,0,0,1,1,1,0.9886,0.99,0.9125,0.8966,480.159,231.8047,258.2908,227.0574,388.0395,244.428,334.2812,241.2817,221.9189,53.8503,0.2427,1,1,28,1
27,3,0,1,1,1,1,0.9886,0.9867,0.873,0.8519,1118.4088,348.2612,891.8458,343.0722,1035.636,393.2307,981.7625,354.7222,226.6224,66.2213,0.2922,1,1,28,1
27,3,0,2,1,1,1,0.9847,0.987,0.875,0.8826,785.7464,329.4804,575.2605,335.4568,698.1484,410.0333,647.222,414.7384,210.5707,51.1433,0.2429,1,1,28,1
28,3,0,0,1,1,1,0.9884,0.9901,0.9117,0.8983,479.6598,231.7548,257.3219,227.0978,387.5167,244.5638,333.5271,241.6108,222.3866,54.0703,0.2431,1,1,29,1
28,3,0,1,1,1,1,0.9887,0.9865,0.8744,0.8517,1118.8737,348.1624,892.084,342.7433,1034.5022,389.7007,980.7532,357.3726,226.8544,62.7221,0.2765,1,1,29,1
28,3,0,2,1,1,1,0.9849,0.9867,0.8769,0.8813,785.707,329.7996,575.417,335.3785,697.9732,410.0838,647.1628,414.1506,210.364,50.9729,0.2423,1,1,29,1
29,3,0,0,1,1,1,0.9884,0.9901,0.9117,0.8983,479.6501,231.7511,257.3085,227.0974,387.5281,244.6018,333.5044,241.627,222.3903,54.1055,0.2433,1,1,30,1
29,3,0,1,1,1,1,0.9887,0.9865,0.8744,0.8517,1118.8767,348.1575,892.0775,342.7314,1034.5066,389.7036,980.7576,357.3445,226.8641,62.7381,0.2765,1,1,30,1
29,3,0,2,1,1,1,0.9848,0.9867,0.8769,0.8814,785.7127,329.7938,575.4242,335.3771,697.9802,410.083,647.1819,414.166,210.3626,50.9621,0.2423,1,1,30,1
30,3,0,0,1,1,1,0.9882,0.9902,0.9117,0.9011,478.8658,231.3494,256.4245,226.7407,386.5436,243.4845,333.894,240.0492,222.489,52.7616,0.2371,1,1,31,1
30,3,0,1,1,1,1,0.9889,0.9865,0.8765,0.8504,1118.1334,348.8459,891.8547,342.9558,1033.4458,387.2996,979.9457,361.3458,226.3554,59.4631,0.2627,1,1,31,1
30,3,0,2,1,1,1,0.9844,0.9868,0.8757,0.8844,785.2838,330.1749,576.1078,335.6615,698.2976,409.9694,646.7367,414.2956,209.248,51.7421,0.2473,1,1,31,1
31,3,0,0,1,1,1,0.9882,0.9902,0.9118,0.9011,478.8742,231.3506,256.4274,226.7236,386.5605,243.4835,333.8798,240.0717,222.4948,52.7911,0.2373,1,1,32,1
31,3,0,1,1,1,1,0.9889,0.9865,0.8765,0.8505,1118.1248,348.8542,891.8787,342.9453,1033.483,387.4249,979.9244,361.3734,226.3232,59.5585,0.2632,1,1,32,1
31,3,0,2,1,1,1,0.9844,0.9868,0.8758,0.8842,785.255,330.1694,576.086,335.631,698.3268,409.9969,646.698,414.3162,209.2403,51.8092,0.2476,1,1,32,1
32,3,0,0,1,1,1,0.9879,0.9901,0.9108,0.9013,478.3927,231.8455,256.2209,226.6319,386.2166,243.1696,333.5942,240.3244,222.233,52.6993,0.2371,1,1,33,1
32,3,0,1,1,1,1,0.9887,0.9863,0.8762,0.85,1118.4308,349.2563,891.8802,343.2971,1035.5862,390.829,979.3112,361.585,226.629,63.42,0.2798,1,1,33,1
32,3,0,2,1,1,1,0.9844,0.9868,0.8745,0.8834,785.4862,329.7297,576.337,335.3813,697.2351,408.8635,647.9256,412.1243,209.2255,49.4173,0.2362,1,1,33,1
33,3,0,0,1,1,1,0.9879,0.99,0.9119,0.902,479.0962,231.4054,256.059,227.0998,385.9738,243.2678,333.8453,240.546,223.0787,52.1994,0.234,1,1,34,1
33,3,0,1,1,1,1,0.9889,0.9861,0.8787,0.8485,1118.9254,349.5878,891.2438,343.4918,1034.4547,388.519,977.7249,363.4885,227.7632,62.0064,0.2722,1,1,34,1
33,3,0,2,1,1,1,0.9848,0.9867,0.8767,0.8816,785.1568,329.9442,576.3076,335.2426,697.5302,409.808,647.6394,413.6467,208.9163,50.0384,0.2395,1,1,34,1
34,3,0,0,1,1,1,0.9879,0.99,0.9118,0.9019,479.0847,231.4253,256.0639,227.1194,385.942,243.2454,333.8774,240.5067,223.0623,52.1366,0.2337,1,1,35,1
34,3,0,1,1,1,1,0.9889,0.9861,0.8787,0.8484,1118.9386,349.5951,891.2338,343.5183,1034.45,388.4648,977.6874,363.6518,227.7859,61.949,0.272,1,1,35,1
34,3,0,2,1,1,1,0.9848,0.9867,0.8767,0.8816,785.1386,329.9299,576.3426,335.2091,697.5713,409.8453,647.6842,413.6402,208.8628,50.0313,0.2395,1,1,35,1
35,3,0,0,1,1,1,0.9875,0.9903,0.9094,0.9046,477.901,230.6753,256.0369,227.5132,386.2699,243.8502,334.1741,239.73,221.8867,52.2584,0.2355,1,1,36,1
35,3,0,1,1,1,1,0.9888,0.986,0.8803,0.8503,1118.2891,349.1544,891.6696,343.3417,1034.3727,388.9537,978.4243,361.631,226.694,62.2635,0.2747,1,1,36,1
35,3,0,2,1,1,1,0.9844,0.9871,0.8723,0.8839,785.4604,330.0903,576.0382,336.0026,697.0924,409.8229,647.9428,412.2436,209.5056,49.2092,0.2349,1,1,36,1
36,3,0,0,1,1,1,0.9875,0.9903,0.9094,0.9046,477.914,230.6745,256.0267,227.5019,386.2483,243.8206,334.1406,239.7305,221.9099,52.268,0.2355,1,1,37,1
36,3,0,1,1,1,1,0.9888,0.9859,0.8804,0.8503,1118.2911,349.1482,891.7095,343.3403,1034.3809,388.9292,978.4376,361.6281,226.656,62.2495,0.2746,1,1,37,1
36,3,0,2,1,1,1,0.9844,0.9871,0.8723,0.8839,785.4636,330.0695,576.034,335.9883,697.1264,409.836,647.9363,412.2418,209.5133,49.2489,0.2351,1,1,37,1
37,3,0,0,1,1,1,0.9876,0.9903,0.9092,0.9039,477.6448,231.0938,255.773,227.7214,386.0865,242.2324,334.0687,239.9446,221.8974,52.0681,0.2346,1,1,38,1
37,3,0,1,1,1,1,0.9845,0.9885,0.8679,0.8722,1112.0061,348.2146,897.5659,347.8942,1037.9614,382.4285,977.6874,367.3594,214.4405,62.1292,0.2897,1,1,38,1
37,3,0,2,1,1,1,0.9844,0.987,0.8741,0.8843,785.2178,330.4863,575.6044,336.1134,697.0196,410.1765,645.955,415.2308,209.6889,51.314,0.2447,1,1,38,1
38,3,0,0,1,1,1,0.9876,0.9903,0.9093,0.9039,477.6666,231.1029,255.7842,227.7342,386.0883,242.2088,334.0925,239.9519,221.908,52.0448,0.2345,1,1,39,1
38,3,0,1,1,1,1,0.9845,0.9886,0.8677,0.8722,1112.0017,348.2354,897.5518,347.8971,1037.9491,382.4496,977.6676,367.3758,214.4502,62.1376,0.2898,1,1,39,1
38,3,0,2,1,1,1,0.9844,0.9871,0.874,0.8843,785.2124,330.5038,575.5901,336.1234,697.0069,410.1581,645.9644,415.229,209.6976,51.2938,0.2446,1,1,39,1
39,3,0,0,1,1,1,0.9875,0.9902,0.9091,0.9039,477.7616,231.1105,255.3181,228.04,386.4688,243.1481,333.6172,240.3598,222.4648,52.925,0.2379,1,1,40,1
39,3,0,1,1,1,1,0.989,0.9861,0.8808,0.8504,1117.8635,349.194,890.5769,343.765,1033.3583,388.5961,979.0806,361.2772,227.3515,60.7651,0.2673,1,1,40,1
39,3,0,2,1,1,1,0.9844,0.987,0.8729,0.8829,784.7912,330.3249,575.2429,335.8807,697.4792,410.6845,646.0498,414.951,209.622,51.6061,0.2462,1,1,40,1
40,3,0,0,1,1,1,0.9875,0.9902,0.9091,0.904,477.7428,231.0849,255.3267,228.0385,386.4684,243.1794,333.5979,240.3585,222.4369,52.9456,0.238,1,1,41,1
40,3,0,1,1,1,1,0.989,0.9861,0.8809,0.8504,1117.8278,349.1996,890.5833,343.7255,1033.3911,388.6447,979.0697,361.4128,227.3104,60.765,0.2673,1,1,41,1
40,3,0,2,1,1,1,0.9844,0.987,0.873,0.8828,784.8438,330.3468,575.197,335.8884,697.487,410.7073,646.2724,414.8615,209.7201,51.3827,0.245,1,1,41,1
41,3,0,0,1,1,1,0.9874,0.9902,0.9094,0.9052,478.534,230.9778,255.5491,228.2372,387.2543,243.7352,333.9981,239.5672,223.0018,53.419,0.2395,1,1,42,1
41,3,0,1,1,1,1,0.9845,0.9884,0.869,0.8713,1111.2695,348.2568,896.9351,348.1823,1038.3312,383.2236,976.5304,369.4821,214.3344,63.3101,0.2954,1,1,42,1
41,3,0,2,1,1,1,0.9846,0.9867,0.8756,0.8821,784.912,330.4616,575.3827,335.9229,697.1526,410.0458,646.6578,414.2804,209.6004,50.6721,0.2418,1,1,42,1
42,3,0,0,1,1,1,0.9873,0.9901,0.9099,0.9053,478.7006,231.1592,255.896,228.1248,387.3469,244.4139,333.6032,240.5649,222.8253,53.8814,0.2418,1,1,43,1
42,3,0,1,1,1,1,0.9845,0.9882,0.8711,0.8714,1110.9805,348.4691,896.669,348.145,1037.4517,381.057,975.9491,368.379,214.3117,62.7957,0.293,1,1,43,1
42,3,0,2,1,1,1,0.9849,0.9863,0.8791,0.8797,784.74,330.1466,575.8283,335.3699,697.1118,408.8633,646.8758,413.239,208.9769,50.4262,0.2413,1,1,43,1
43,3,0,0,1,1,1,0.9873,0.9901,0.9098,0.9053,478.7038,231.151,255.8718,228.1283,387.3573,244.4357,333.5884,240.5857,222.8525,53.9066,0.2419,1,1,44,1
43,3,0,1,1,1,1,0.9845,0.9882,0.8712,0.8714,1110.9867,348.4902,896.6565,348.1648,1037.4463,381.0114,975.8601,368.4885,214.3304,62.8465,0.2932,1,1,44,1
43,3,0,2,1,1,1,0.9849,0.9863,0.8791,0.8797,784.7302,330.1574,575.8248,335.3604,697.107,408.847,646.8684,413.227,208.9702,50.4291,0.2413,1,1,44,1
44,3,0,0,1,1,1,0.9875,0.9901,0.9094,0.9042,478.5615,231.6787,255.8282,228.764,386.3656,243.5263,333.1842,241.5062,222.7524,53.2197,0.2389,1,1,45,1
44,3,0,1,1,1,1,0.9844,0.9883,0.8718,0.8738,1110.8074,347.7869,897.2714,347.6402,1038.9744,382.7584,976.0772,368.5504,213.536,64.4819,0.302,1,1,45,1
44,3,0,2,1,1,1,0.985,0.9864,0.8786,0.8794,784.2964,329.8306,576.0118,335.3293,697.9048,410.826,646.2469,414.0901,208.3571,51.7609,0.2484,1,1,45,1
45,3,0,0,1,1,1,0.9874,0.9901,0.9093,0.9042,478.5417,231.6994,255.8116,228.7876,386.3664,243.5312,333.1701,241.4972,222.7492,53.2352,0.239,1,1,46,1
45,3,0,1,1,1,1,0.9844,0.9883,0.8719,0.8738,1110.8243,347.8132,897.2891,347.6362,1038.9702,382.7113,976.0728,368.5592,213.5354,64.4699,0.3019,1,1,46,1
45,3,0,2,1,1,1,0.985,0.9864,0.8786,0.8794,784.276,329.8346,576.0149,335.3248,697.9373,410.8386,646.1986,414.1169,208.3334,51.8425,0.2488,1,1,46,1
46,3,0,0,1,1,1,0.9873,0.9902,0.9086,0.904,479.644,231.501,256.7391,229.0788,386.389,243.7823,333.7673,240.4535,222.918,52.7269,0.2365,1,1,47,1
46,3,0,1,1,1,1,0.9845,0.9881,0.8737,0.8739,1110.2887,347.5562,897.9026,347.1338,1038.9806,382.4495,974.6995,370.8623,212.3865,65.3171,0.3075,1,1,47,1
46,3,0,2,1,1,1,0.985,0.9861,0.8803,0.8796,783.7812,329.901,576.1435,334.9459,697.1493,408.9628,645.5788,414.6702,207.699,51.8853,0.2498,1,1,47,1
47,3,0,0,1,1,1,0.9873,0.9902,0.9087,0.9041,479.6438,231.5132,256.736,229.0894,386.3999,243.7944,333.7665,240.4696,222.9209,52.7383,0.2366,1,1,48,1
47,3,0,1,1,1,1,0.9845,0.9881,0.8738,0.8738,1110.2971,347.6039,897.8689,347.156,1038.9597,382.4382,974.6454,370.9616,212.4287,65.3302,0.3075,1,1,48,1
47,3,0,2,1,1,1,0.985,0.9862,0.88,0.8797,783.82,329.906,576.1286,334.9605,697.1638,408.9054,645.548,414.6356,207.7529,51.9329,0.25,1,1,48,1
48,3,0,0,1,1,1,0.9873,0.99,0.909,0.9036,478.9,231.8049,256.6509,229.2115,386.8447,243.827,333.3654,241.3025,222.2643,53.5388,0.2409,1,1,49,1
48,3,0,1,1,1,1,0.9844,0.988,0.873,0.8733,1110.7767,348.3127,897.7961,347.208,1038.6655,381.9628,974.4637,370.7972,212.9835,65.1655,0.306,1,1,49,1
48,3,0,2,1,1,1,0.985,0.9864,0.8787,0.8804,783.716,329.7267,576.092,334.8054,697.0989,409.4026,644.648,415.4452,207.6862,52.7978,0.2542,1,1,49,1
49,3,0,0,1,1,1,0.9873,0.9902,0.9086,0.9052,478.5697,231.6388,256.7729,229.7332,387.0855,244.5126,333.525,241.604,221.805,53.6394,0.2418,1,1,50,1
49,3,0,1,1,1,1,0.9843,0.9883,0.8701,0.873,1111.0469,348.0323,897.3478,347.2541,1037.8976,380.0104,977.0203,366.8204,213.7005,62.2898,0.2915,1,1,50,1
49,3,0,2,1,1,1,0.9846,0.9865,0.8769,0.882,783.5866,329.8067,575.9996,335.2978,697.7563,409.9024,643.9729,415.7427,207.6596,54.0996,0.2605,1,1,50,1
50,3,0,0,1,1,1,0.9873,0.9902,0.9085,0.9051,478.6004,231.6638,256.761,229.7324,387.1099,244.5528,333.5367,241.6149,221.8478,53.6537,0.2418,1,1,51,1
50,3,0,1,1,1,1,0.9844,0.9883,0.8701,0.873,1111.0276,348.0028,897.3103,347.2774,1037.8704,379.9954,977.0388,366.8244,213.7185,62.2411,0.2912,1,1,51,1
50,3,0,2,1,1,1,0.9846,0.9865,0.8769,0.882,783.599,329.7777,576.0508,335.26,697.7216,409.8959,643.9648,415.721,207.6206,54.0715,0.2604,1,1,51,1
51,3,0,0,1,1,1,0.9874,0.9903,0.9082,0.9041,479.0007,232.0382,256.9696,230.2152,385.832,243.3426,333.7416,240.9128,222.0386,52.1471,0.2349,1,1,52,1
51,3,0,1,1,1,1,0.9847,0.9886,0.8708,0.8744,1110.6367,348.016,897.03,348.2456,1038.6521,380.6474,976.4391,366.7556,213.6069,63.7451,0.2984,1,1,52,1
51,3,0,2,1,1,1,0.9841,0.9868,0.8733,0.8846,783.5036,329.5503,576.1668,335.3479,697.4934,407.5815,645.4688,413.273,207.4178,52.3351,0.2523,1,1,52,1
52,3,0,0,1,1,1,0.9874,0.9903,0.9081,0.904,478.9945,232.0768,256.9509,230.2773,385.8443,243.2996,333.7395,240.9101,222.0509,52.1596,0.2349,1,1,53,1
52,3,0,1,1,1,1,0.9847,0.9885,0.8714,0.8743,1110.5873,348.0328,897.0039,348.2049,1038.5975,380.6622,976.5927,366.4582,213.5834,63.611,0.2978,1,1,53,1
52,3,0,2,1,1,1,0.9841,0.9868,0.8736,0.8846,783.4802,329.575,576.1588,335.3326,697.4302,407.5747,645.4792,413.3015,207.4014,52.2657,0.252,1,1,53,1
53,3,0,0,1,1,1,0.9872,0.9903,0.9078,0.906,478.894,231.365,256.8692,229.5478,385.9762,242.8338,333.9317,241.1182,222.0323,52.0728,0.2345,1,1,54,1
53,3,0,1,1,1,1,0.9841,0.9888,0.8614,0.8734,1111.7124,348.8969,896.7507,348.3318,1040.7434,384.8954,978.1913,365.5387,214.9624,65.4786,0.3046,1,1,54,1
53,3,0,2,1,1,1,0.9845,0.9867,0.8739,0.8821,783.3145,329.9381,575.0526,335.1944,694.2925,403.9961,645.4882,413.4343,208.3282,49.7085,0.2386,1,1,54,1
54,3,0,0,1,1,1,0.9872,0.9903,0.9078,0.906,478.891,231.3978,256.871,229.549,385.9943,242.8984,333.8913,241.166,222.0277,52.1318,0.2348,1,1,55,1
54,3,0,1,1,1,1,0.9841,0.9888,0.8614,0.8734,1111.6617,348.7939,896.7485,348.3141,1040.6116,384.7546,978.1925,365.5282,214.9137,65.3131,0.3039,1,1,55,1
54,3,0,2,1,1,1,0.9844,0.9867,0.8739,0.8822,783.3272,329.9752,575.0635,335.232,694.3426,404.005,645.4364,413.3858,208.3301,49.7977,0.239,1,1,55,1
55,3,0,0,1,1,1,0.9871,0.9905,0.9062,0.9065,478.7328,232.2149,256.6648,229.6706,387.8422,245.373,333.608,241.7016,222.0824,54.3584,0.2448,1,1,56,1
55,3,0,1,1,1,1,0.9889,0.9867,0.8763,0.8537,1117.0884,349.5581,890.6354,344.3124,1040.0632,397.3122,978.4884,364.8502,226.5137,69.6078,0.3073,1,1,56,1
55,3,0,2,1,1,1,0.9843,0.9867,0.8748,0.8838,783.1678,329.7098,574.9275,335.1813,694.137,405.1785,644.1196,415.287,208.3122,51.0286,0.245,1,1,56,1
56,3,0,0,1,1,1,0.9871,0.9905,0.9062,0.9065,478.7401,232.2033,256.6642,229.6604,387.8432,245.371,333.587,241.7059,222.0905,54.38,0.2449,1,1,57,1
56,3,0,1,1,1,1,0.9889,0.9867,0.8762,0.8538,1117.0842,349.5658,890.6333,344.3198,1040.0476,397.2907,978.4973,364.8524,226.5117,69.575,0.3072,1,1,57,1
56,3,0,2,1,1,1,0.9843,0.9867,0.8747,0.8838,783.1744,329.7014,574.9284,335.1884,694.1338,405.163,644.107,415.2816,208.3182,51.04,0.245,1,1,57,1
57,3,0,0,1,1,1,0.9869,0.9904,0.907,0.9079,479.0507,231.8152,255.7658,229.4119,387.8394,244.5431,333.621,241.7869,223.2978,54.2884,0.2431,1,1,58,1
57,3,0,1,1,1,1,0.9888,0.9863,0.8768,0.8505,1116.9296,348.9152,890.345,343.5914,1035.6329,389.3628,979.4974,363.8008,226.6471,61.6815,0.2721,1,1,58,1
57,3,0,2,1,1,1,0.9846,0.9866,0.8755,0.8824,782.6001,329.5193,574.9412,335.1476,692.7814,404.0952,644.7226,414.3292,207.7351,49.1365,0.2365,1,1,58,1
58,3,0,0,1,1,1,0.9868,0.9904,0.9062,0.9074,479.1296,232.2269,256.4308,229.2526,387.5772,244.0404,333.9425,241.8357,222.7186,53.68,0.241,1,1,59,1
58,3,0,1,1,1,1,0.9886,0.9864,0.8772,0.8543,1116.8063,348.677,891.1196,343.5458,1034.9696,387.5562,979.9051,363.3476,225.745,60.1511,0.2665,1,1,59,1
58,3,0,2,1,1,1,0.9854,0.9861,0.8795,0.8765,782.4658,329.4683,574.7207,335.0822,692.3828,404.8171,645.2152,413.7807,207.8209,48.0118,0.231,1,1,59,1
59,3,0,0,1,1,1,0.9868,0.9904,0.9062,0.9075,479.1428,232.2354,256.437,229.2662,387.5716,244.0317,333.9572,241.8034,222.7256,53.6606,0.2409,1,1,60,1
59,3,0,1,1,1,1,0.9886,0.9864,0.8773,0.8543,1116.828,348.6807,891.1361,343.5453,1034.9832,387.5658,979.8333,363.4401,225.7503,60.196,0.2666,1,1,60,1
59,3,0,2,1,1,1,0.9854,0.9861,0.8795,0.8765,782.4556,329.4802,574.7144,335.07,692.3905,404.836,645.1979,413.7658,207.8165,48.03,0.2311,1,1,60,1
60,3,0,0,1,1,1,0.987,0.9904,0.9064,0.9069,479.0442,232.5513,256.3799,229.1378,388.1076,244.6661,333.9733,241.9053,222.6904,54.2046,0.2434,1,1,61,1
60,3,0,1,1,1,1,0.9887,0.9861,0.8776,0.8508,1117.7948,348.608,891.5327,344.1933,1032.6392,385.6078,981.3514,361.636,226.3052,56.6134,0.2502,1,1,61,1
60,3,0,2,1,1,1,0.9855,0.9858,0.8819,0.8759,782.102,328.9702,574.9512,334.9287,691.4018,403.7165,646.1572,412.1059,207.2364,46.0159,0.222,1,1,61,1
61,3,0,0,1,1,1,0.9869,0.9904,0.9063,0.907,479.036,232.5578,256.3782,229.1483,388.1277,244.6615,333.943,241.9026,222.6839,54.2549,0.2436,1,1,62,1
61,3,0,1,1,1,1,0.9887,0.9861,0.8776,0.8507,1117.7783,348.608,891.5407,344.1888,1032.6711,385.6193,981.3427,361.678,226.2808,56.6374,0.2503,1,1,62,1
61,3,0,2,1,1,1,0.9855,0.9858,0.8818,0.8759,782.115,328.9828,574.9468,334.9449,691.3738,403.6776,646.1698,412.0832,207.254,45.979,0.2218,1,1,62,1
62,3,0,0,1,1,1,0.987,0.9904,0.9065,0.9068,479.4264,232.4662,256.4778,228.8218,388.3469,245.5613,334.0759,242.123,222.9785,54.3798,0.2439,1,1,63,1
62,3,0,1,1,1,1,0.989,0.9861,0.878,0.8482,1117.6204,348.8456,891.4929,344.5239,1034.6827,388.6524,980.6754,364.7461,226.1687,59.0618,0.2611,1,1,63,1
62,3,0,2,1,1,1,0.9857,0.9855,0.8849,0.875,781.6787,329.0299,575.4975,334.7912,691.6628,404.5557,645.7818,412.1126,206.2617,46.4991,0.2254,1,1,63,1
63,3,0,0,1,1,1,0.987,0.9904,0.9065,0.9068,479.4064,232.4977,256.4813,228.8132,388.312,245.4557,334.0726,242.1857,222.9556,54.3379,0.2437,1,1,64,1
63,3,0,1,1,1,1,0.989,0.9861,0.8779,0.8483,1117.6235,348.894,891.5062,344.5568,1034.7256,388.723,980.7022,364.7597,226.159,59.0996,0.2613,1,1,64,1
63,3,0,2,1,1,1,0.9857,0.9855,0.8849,0.875,781.6957,329.025,575.4906,334.7896,691.6262,404.5262,645.8156,411.9746,206.2856,46.4121,0.225,1,1,64,1
64,3,0,0,1,1,1,0.9868,0.9904,0.9064,0.9077,479.654,232.2175,256.3627,229.2366,387.7124,245.1798,334.2385,242.0959,223.3112,53.5628,0.2399,1,1,65,1
64,3,0,1,1,1,1,0.9885,0.9866,0.873,0.8521,1117.6799,348.9708,890.7904,345.2693,1035.2806,389.4965,982.8406,361.9324,226.9197,59.2431,0.2611,1,1,65,1
64,3,0,2,1,1,1,0.9857,0.9856,0.884,0.8753,781.9618,329.5508,575.4638,334.6333,693.2766,405.6522,645.3578,412.9146,206.5606,48.466,0.2346,1,1,65,1
65,3,0,0,1,1,1,0.9868,0.9904,0.9065,0.9079,479.6889,232.2174,256.3844,229.3093,387.6967,245.0846,334.3032,241.9792,223.3234,53.4837,0.2395,1,1,66,1
65,3,0,1,1,1,1,0.9885,0.9866,0.8725,0.8525,1117.721,348.9877,890.8506,345.3466,1035.6232,390.1326,982.8642,361.7561,226.8995,59.906,0.264,1,1,66,1
65,3,0,2,1,1,1,0.9857,0.9856,0.8838,0.8752,781.9626,329.5426,575.4618,334.6355,693.2467,405.7265,645.2882,413.0408,206.5637,48.513,0.2349,1,1,66,1
66,3,0,0,1,1,1,0.9869,0.9904,0.9069,0.9077,479.361,231.9329,256.427,228.5047,388.0984,245.4076,333.7724,242.2373,222.9605,54.4185,0.2441,1,1,67,1
66,3,0,1,1,1,1,0.9887,0.9865,0.8767,0.8543,1117.8794,348.9366,891.7747,344.8428,1035.28,389.7305,981.6628,365.0899,226.1418,59.0081,0.2609,1,1,67,1
66,3,0,2,1,1,1,0.9859,0.9854,0.8864,0.8747,781.5685,328.931,575.8448,333.7565,691.909,404.6294,645.3749,414.1056,205.7803,47.4891,0.2308,1,1,67,1
67,3,0,0,1,1,1,0.9869,0.9904,0.9069,0.9077,479.3696,231.9402,256.4546,228.5016,388.048,245.3608,333.7665,242.2264,222.9416,54.372,0.2439,1,1,68,1
67,3,0,1,1,1,1,0.9887,0.9865,0.8765,0.8542,1117.8837,348.9062,891.7377,344.8281,1035.2283,389.7363,981.705,364.8005,226.1827,59.0469,0.2611,1,1,68,1
67,3,0,2,1,1,1,0.9859,0.9854,0.8863,0.8746,781.5788,328.9428,575.8168,333.7636,691.8236,404.5677,645.3488,414.138,205.8185,47.4499,0.2305,1,1,68,1
68,3,0,0,1,1,1,0.9869,0.9903,0.9069,0.9067,479.6444,232.0686,256.2376,228.2959,388.1108,245.6688,334.0766,241.7937,223.4387,54.173,0.2425,1,1,69,1
68,3,0,1,1,1,1,0.9886,0.9864,0.8763,0.8545,1117.6779,348.8402,892.2485,344.9171,1037.0267,392.3426,981.7229,365.6739,225.4635,61.3982,0.2723,1,1,69,1
68,3,0,2,1,1,1,0.9861,0.9851,0.8881,0.8731,781.5992,329.1425,575.419,334.1229,692.0077,405.2921,646.6052,412.5769,206.2403,45.9832,0.223,1,1,69,1
69,3,0,0,1,1,1,0.9869,0.9903,0.9068,0.9066,479.6788,232.0294,256.2283,228.2921,388.1672,245.7775,334.0742,241.7515,223.4818,54.2426,0.2427,1,1,70,1
69,3,0,1,1,1,1,0.9885,0.9864,0.8763,0.8544,1117.71,348.8447,892.2856,344.9655,1037.1101,392.4428,981.6659,365.6479,225.4577,61.5795,0.2731,1,1,70,1
69,3,0,2,1,1,1,0.9861,0.9851,0.8882,0.873,781.5846,329.1116,575.4002,334.0988,691.9049,405.3657,646.5702,412.6166,206.2446,45.9109,0.2226,1,1,70,1
70,3,0,0,1,1,1,0.9868,0.9902,0.908,0.9067,479.5956,231.6166,256.1942,228.2952,388.2302,245.2457,334.2933,241.648,223.426,54.0568,0.2419,1,1,71,1
70,3,0,1,1,1,1,0.9882,0.9868,0.87,0.8553,1118.629,348.1409,891.812,345.492,1036.7098,392.3832,984.9018,355.4955,226.8325,63.5985,0.2804,1,1,71,1
70,3,0,2,1,1,1,0.986,0.9854,0.8861,0.8741,781.4514,329.0708,574.7686,334.0629,691.32,403.3594,646.3795,412.4596,206.743,45.8526,0.2218,1,1,71,1
71,3,0,0,1,1,1,0.9867,0.9902,0.9081,0.9073,479.582,231.708,256.1533,228.1412,388.5,245.5837,333.748,242.8448,223.4572,54.8204,0.2453,1,1,72,1
71,3,0,1,1,1,1,0.9884,0.9867,0.8733,0.8547,1118.1655,348.3887,891.5979,345.7261,1033.1326,388.1387,985.453,353.5638,226.5833,58.8962,0.2599,1,1,72,1
71,3,0,2,1,1,1,0.9859,0.9855,0.8863,0.8756,781.295,329.0321,575.1236,333.989,692.422,404.3363,644.9723,413.2122,206.2311,48.2728,0.2341,1,1,72,1
72,3,0,0,1,1,1,0.9867,0.9901,0.9081,0.9073,479.5746,231.6841,256.1498,228.1106,388.4851,245.5656,333.7836,242.813,223.4533,54.7708,0.2451,1,1,73,1
72,3,0,1,1,1,1,0.9884,0.9867,0.8732,0.8547,1118.1805,348.357,891.5914,345.6941,1033.1359,388.1268,985.4577,353.5556,226.6048,58.8929,0.2599,1,1,73,1
72,3,0,2,1,1,1,0.9859,0.9855,0.8863,0.8755,781.2956,329.0281,575.1254,333.9846,692.4176,404.3183,644.9674,413.2312,206.2299,48.2799,0.2341,1,1,73,1
73,3,0,0,1,1,1,0.9867,0.9903,0.9069,0.9077,479.6732,231.5315,256.2269,228.238,388.5049,245.2264,334.0745,242.1929,223.4706,54.5149,0.2439,1,1,74,1
73,3,0,1,1,1,1,0.9884,0.9867,0.8726,0.8551,1119.0927,348.7099,891.2274,345.3721,1034.5358,388.7524,984.5653,357.6129,227.8897,58.8788,0.2584,1,1,74,1
73,3,0,2,1,1,1,0.986,0.9855,0.8855,0.8743,782.1056,328.8336,575.0606,334.0424,692.7066,404.17,645.5669,411.9652,207.1104,47.7798,0.2307,1,1,74,1
74,3,0,0,1,1,1,0.9867,0.9903,0.9068,0.9077,479.6771,231.5434,256.2117,228.2441,388.5296,245.1942,334.0852,242.1326,223.4897,54.5304,0.244,1,1,75,1
74,3,0,1,1,1,1,0.9884,0.9867,0.8727,0.855,1119.0885,348.707,891.2136,345.36,1034.5397,388.7333,984.5774,357.6124,227.8995,58.862,0.2583,1,1,75,1
74,3,0,2,1,1,1,0.986,0.9855,0.8855,0.8743,782.1184,328.8438,575.0637,334.0412,692.7127,404.149,645.5526,411.9468,207.12,47.8005,0.2308,1,1,75,1
75,3,0,0,1,1,1,0.9865,0.9902,0.9063,0.9073,479.5718,231.4602,255.997,227.8862,388.7345,245.7681,334.67,241.4598,223.6034,54.2358,0.2426,1,1,76,1
75,3,0,1,1,1,1,0.9882,0.9865,0.8734,0.8565,1118.1715,348.7276,891.9038,345.7737,1035.6742,390.3276,984.0979,362.2704,226.287,58.7139,0.2595,1,1,76,1
75,3,0,2,1,1,1,0.9856,0.9856,0.8842,0.8767,781.716,328.8225,575.2636,334.1874,691.4506,402.547,646.571,412.0871,206.5221,45.8823,0.2222,1,1,76,1
76,3,0,0,1,1,1,0.9865,0.9902,0.9063,0.9073,479.6018,231.4855,256.0236,227.9158,388.6898,245.6904,334.6929,241.4338,223.6066,54.1644,0.2422,1,1,77,1
76,3,0,1,1,1,1,0.9882,0.9865,0.8735,0.8562,1118.2008,348.7673,891.9081,345.7686,1035.5353,389.9833,984.0494,362.4525,226.3125,58.3845,0.258,1,1,77,1
76,3,0,2,1,1,1,0.9856,0.9856,0.8842,0.8768,781.7092,328.8102,575.2768,334.1768,691.4109,402.5199,646.612,412.1088,206.5021,45.8136,0.2219,1,1,77,1
77,3,0,0,1,1,1,0.9868,0.9904,0.9057,0.9069,479.2832,231.3919,255.7539,227.7713,388.4044,245.3954,334.0214,242.301,223.5587,54.4709,0.2437,1,1,78,1
77,3,0,1,1,1,1,0.9883,0.9863,0.8738,0.8553,1117.9138,348.3736,891.8323,345.1422,1035.895,390.6489,983.4857,364.8273,226.1046,58.4251,0.2584,1,1,78,1
77,3,0,2,1,1,1,0.9855,0.9857,0.8835,0.877,781.6832,328.8706,575.3084,334.5687,692.3979,404.2681,645.4049,412.1308,206.4535,47.6462,0.2308,1,1,78,1
78,3,0,0,1,1,1,0.9866,0.9903,0.9056,0.9071,479.3812,231.1008,255.9093,227.6165,387.5836,244.2708,334.3309,241.9278,223.499,53.3043,0.2385,1,1,79,1
78,3,0,1,1,1,1,0.988,0.9865,0.8723,0.8571,1118.0549,348.2203,891.7725,345.7615,1037.1842,392.834,984.5361,362.2551,226.2958,60.8842,0.269,1,1,79,1
78,3,0,2,1,1,1,0.9857,0.9857,0.884,0.8758,781.854,329.025,575.227,334.8231,692.5481,404.6224,646.1057,411.7022,206.7083,46.9789,0.2273,1,1,79,1
79,3,0,0,1,1,1,0.9866,0.9903,0.9056,0.9072,479.3662,231.1128,255.9304,227.6102,387.6036,244.2878,334.3107,241.942,223.4632,53.3445,0.2387,1,1,80,1
79,3,0,1,1,1,1,0.988,0.9865,0.8722,0.857,1118.0701,348.2472,891.7703,345.7554,1037.1927,392.8388,984.5383,362.2942,226.3135,60.8725,0.269,1,1,80,1
79,3,0,2,1,1,1,0.9857,0.9857,0.8839,0.8758,781.854,329.0095,575.2298,334.8191,692.5568,404.5953,646.0984,411.7124,206.7058,47.0003,0.2274,1,1,80,1
80,3,0,0,1,1,1,0.9867,0.9902,0.9061,0.9062,479.7206,231.3734,256.0446,227.8952,388.1106,245.1638,334.2085,241.7775,223.703,54.0084,0.2414,1,1,81,1
80,3,0,1,1,1,1,0.9882,0.9863,0.8732,0.8546,1118.2888,348.6858,891.5977,345.6789,1038.492,392.4546,982.7917,366.1391,226.7111,61.6038,0.2717,1,1,81,1
80,3,0,2,1,1,1,0.9857,0.9857,0.884,0.8755,782.4739,329.0016,575.329,334.9215,691.475,404.1696,646.0935,411.7077,207.2294,46.0033,0.222,1,1,81,1
81,3,0,0,1,1,1,0.9867,0.9902,0.9061,0.9062,479.7508,231.3432,256.1021,227.8621,388.1001,245.144,334.2096,241.739,223.6758,53.998,0.2414,1,1,82,1
81,3,0,1,1,1,1,0.9882,0.9863,0.8731,0.8545,1118.2299,348.598,891.6165,345.6046,1038.5123,392.4383,982.8069,366.0987,226.6331,61.6187,0.2719,1,1,82,1
81,3,0,2,1,1,1,0.9857,0.9856,0.884,0.8756,782.4368,328.9773,575.3619,334.9508,691.3396,404.004,646.1022,411.7043,207.161,45.8881,0.2215,1,1,82,1
82,3,0,0,1,1,1,0.9866,0.9902,0.9058,0.9063,479.868,231.3214,255.7451,227.5434,387.752,243.6002,333.9066,241.576,224.1548,53.8834,0.2404,1,1,83,1
82,3,0,1,1,1,1,0.9883,0.9861,0.8752,0.8538,1117.6345,349.0526,890.8703,345.889,1038.0626,390.6919,982.0388,365.5288,226.7863,61.4154,0.2708,1,1,83,1
82,3,0,2,1,1,1,0.9858,0.9855,0.8851,0.8758,782.2157,329.2981,575.4876,334.8368,691.6452,404.5842,646.8202,411.9368,206.8022,45.424,0.2196,1,1,83,1
83,3,0,0,1,1,1,0.9866,0.9902,0.9056,0.9064,479.9261,231.3052,255.7652,227.5552,387.7766,243.6434,333.973,241.5196,224.1922,53.8455,0.2402,1,1,84,1
83,3,0,1,1,1,1,0.9883,0.9861,0.8757,0.8535,1117.595,349.0627,890.9656,345.8304,1038.1593,390.5278,982.0661,366.0485,226.6524,61.202,0.27,1,1,84,1
83,3,0,2,1,1,1,0.9857,0.9856,0.885,0.876,782.2708,329.282,575.5606,334.8523,691.672,404.5506,646.9018,411.6307,206.7851,45.3266,0.2192,1,1,84,1
84,3,0,0,1,1,1,0.9868,0.9901,0.9078,0.9063,479.8272,231.6703,256.1171,227.618,387.7167,244.0539,334.0177,242.4048,223.7468,53.7244,0.2401,1,1,85,1
84,3,0,1,1,1,1,0.9884,0.986,0.8782,0.8545,1117.3464,348.9146,891.053,345.8567,1034.6533,384.6549,981.257,363.1226,226.3141,57.5744,0.2544,1,1,85,1
84,3,0,2,1,1,1,0.9861,0.9851,0.8887,0.8733,782.127,329.1741,575.5856,334.4885,692.9206,405.656,646.9602,411.9191,206.6097,46.3853,0.2245,1,1,85,1
85,3,0,0,1,1,1,0.9867,0.9901,0.907,0.906,479.4088,231.7227,256.4888,227.4719,387.7445,244.1922,334.3133,241.6565,222.9605,53.4913,0.2399,1,1,86,1
85,3,0,1,1,1,1,0.9881,0.986,0.8785,0.8576,1116.9546,348.7376,891.9664,345.902,1037.0496,387.7642,981.7784,367.733,225.006,58.789,0.2613,1,1,86,1
85,3,0,2,1,1,1,0.9862,0.9851,0.8884,0.8732,782.2241,329.0295,576.1264,334.5012,691.9575,405.3894,647.516,410.8386,206.1704,44.7744,0.2172,1,1,86,1
86,3,0,0,1,1,1,0.9867,0.9901,0.907,0.906,479.402,231.7116,256.4948,227.4718,387.7459,244.1594,334.3254,241.6726,222.9475,53.4783,0.2399,1,1,87,1
86,3,0,1,1,1,1,0.9881,0.986,0.8784,0.8576,1116.9475,348.7492,891.926,345.9317,1037.0245,387.7364,981.9099,367.5672,225.0391,58.6892,0.2608,1,1,87,1
86,3,0,2,1,1,1,0.9862,0.9851,0.8883,0.8732,782.2494,329.01,576.1108,334.4834,691.7078,405.1729,647.567,410.7283,206.2111,44.489,0.2157,1,1,87,1
87,3,0,0,1,1,1,0.9869,0.9901,0.9078,0.9056,479.3122,231.4073,256.2968,227.472,387.0805,244.2268,333.8652,241.7708,223.0501,53.272,0.2388,1,1,88,1
87,3,0,1,1,1,1,0.9882,0.9864,0.8746,0.8569,1116.6959,348.016,891.2826,345.213,1038.9795,393.7104,981.4824,368.686,225.4308,62.7068,0.2782,1,1,88,1
87,3,0,2,1,1,1,0.9862,0.9853,0.8863,0.8725,782.0478,329.2836,575.8623,334.35,693.6948,406.42,646.1743,411.7729,206.2478,47.821,0.2319,1,1,88,1
88,3,0,0,1,1,1,0.9869,0.9901,0.9078,0.9057,479.2958,231.4062,256.2936,227.4728,387.067,244.1972,333.8651,241.7557,223.0369,53.2578,0.2388,1,1,89,1
88,3,0,1,1,1,1,0.9882,0.9864,0.8746,0.8569,1116.683,348.0294,891.2645,345.1914,1039.023,393.7781,981.4668,368.8789,225.4363,62.7111,0.2782,1,1,89,1
88,3,0,2,1,1,1,0.9862,0.9853,0.8862,0.8725,782.0396,329.2858,575.8658,334.3512,693.6748,406.4257,646.1975,411.762,206.2361,47.7762,0.2317,1,1,89,1
89,3,0,0,1,1,1,0.9868,0.9903,0.9063,0.9068,479.1738,230.9419,256.1006,227.7269,387.3299,244.5802,333.686,242.294,223.0963,53.6926,0.2407,1,1,90,1
89,3,0,1,1,1,1,0.9881,0.9865,0.875,0.86,1116.21,348.3456,890.8839,345.5704,1036.5452,389.1166,980.0684,365.706,225.3431,61.1366,0.2713,1,1,90,1
89,3,0,2,1,1,1,0.9863,0.9849,0.8895,0.872,781.0844,329.1512,575.6736,334.2764,693.6215,406.6048,644.8365,412.9544,205.4747,49.1965,0.2394,1,1,90,1
90,3,0,0,1,1,1,0.9868,0.9903,0.9063,0.9069,479.1808,230.9304,256.0896,227.6989,387.355,244.5986,333.6619,242.3365,223.1145,53.7407,0.2409,1,1,91,1
90,3,0,1,1,1,1,0.9881,0.9865,0.875,0.8599,1116.2021,348.3256,890.879,345.5298,1036.5564,389.1128,980.0816,365.6597,225.3405,61.1511,0.2714,1,1,91,1
90,3,0,2,1,1,1,0.9863,0.9849,0.8895,0.872,781.083,329.138,575.6634,334.2604,693.622,406.5925,644.8528,412.945,205.4835,49.1811,0.2393,1,1,91,1
91,3,0,0,1,1,1,0.9869,0.9901,0.9068,0.9048,479.4611,231.0148,256.6644,227.2408,387.2557,243.4041,333.7106,242.1279,222.8287,53.5603,0.2404,1,1,92,1
91,3,0,1,1,1,1,0.9843,0.9885,0.8692,0.8771,1108.7603,347.385,896.3132,348.9934,1038.531,379.1104,978.6243,372.2204,212.4531,60.3016,0.2838,1,1,92,1
91,3,0,2,1,1,1,0.9861,0.9851,0.8888,0.874,780.6549,328.956,575.581,334.1806,692.1504,405.9476,645.759,412.507,205.1405,46.8529,0.2284,1,1,92,1
92,3,0,0,1,1,1,0.9869,0.9901,0.9069,0.9048,479.4884,231.012,256.6731,227.2291,387.2952,243.4241,333.6807,242.1484,222.8475,53.6297,0.2407,1,1,93,1
92,3,0,1,1,1,1,0.9843,0.9885,0.8692,0.877,1108.7688,347.3591,896.2806,348.9771,1038.6218,379.2221,978.6173,372.3006,212.4944,60.4024,0.2843,1,1,93,1
92,3,0,2,1,1,1,0.9862,0.985,0.8889,0.8739,780.6416,328.9769,575.5856,334.1893,692.191,405.984,645.7541,412.5124,205.1221,46.8936,0.2286,1,1,93,1
93,3,0,0,1,1,1,0.9868,0.9901,0.9063,0.9044,479.8281,231.5426,256.5444,227.6686,387.5347,243.7004,334.0092,241.9224,223.3173,53.555,0.2398,1,1,94,1
93,3,0,1,1,1,1,0.9842,0.9886,0.8673,0.8766,1108.1831,347.9246,895.2266,349.194,1038.5415,380.3008,978.665,372.5139,212.9603,60.3807,0.2835,1,1,94,1
93,3,0,2,1,1,1,0.9862,0.985,0.8888,0.8727,780.8718,328.9804,575.4052,334.0662,692.2621,405.123,646.0624,411.1309,205.5294,46.5887,0.2267,1,1,94,1
94,3,0,0,1,1,1,0.9871,0.9902,0.9067,0.9039,480.0386,232.0454,256.6932,227.8066,387.6898,243.4251,334.238,241.3946,223.3857,53.4903,0.2395,1,1,95,1
94,3,0,1,1,1,1,0.9841,0.9886,0.8681,0.8794,1107.3607,347.8753,895.3364,349.4758,1038.6382,377.7316,979.3411,367.214,212.0304,60.2226,0.284,1,1,95,1
94,3,0,2,1,1,1,0.986,0.9852,0.8879,0.875,780.6662,328.4763,575.4591,333.943,692.3454,404.7015,645.6673,411.6549,205.28,47.1932,0.2299,1,1,95,1
95,3,0,0,1,1,1,0.9871,0.9902,0.9066,0.904,480.0363,232.0355,256.6853,227.8198,387.6939,243.4385,334.2533,241.3949,223.3908,53.4797,0.2394,1,1,96,1
95,3,0,1,1,1,1,0.9841,0.9886,0.8682,0.8794,1107.3638,347.8974,895.3365,349.4706,1038.5972,377.6451,979.3589,367.21,212.0331,60.1504,0.2837,1,1,96,1
95,3,0,2,1,1,1,0.986,0.9852,0.8879,0.875,780.6598,328.4926,575.4766,333.9575,692.3371,404.6528,645.6762,411.6494,205.256,47.1826,0.2299,1,1,96,1
96,3,0,0,1,1,1,0.9872,0.9901,0.9082,0.9034,480.3937,231.8622,256.8437,227.5622,387.713,242.5128,333.5091,241.9788,223.5913,54.2065,0.2424,1,1,97,1
96,3,0,1,1,1,1,0.9841,0.9887,0.8675,0.8791,1107.0018,347.7118,894.2292,349.689,1038.1976,377.718,979.0474,367.6935,212.7818,59.9937,0.2819,1,1,97,1
96,3,0,2,1,1,1,0.9861,0.9852,0.8875,0.8742,781.0505,328.7786,574.985,334.1794,692.2796,404.9272,645.4563,410.334,206.1363,47.1344,0.2287,1,1,97,1
97,3,0,0,1,1,1,0.9872,0.9901,0.9081,0.9034,480.4032,231.8464,256.8526,227.5682,387.7282,242.5022,333.4893,241.9481,223.5915,54.2418,0.2426,1,1,98,1
97,3,0,1,1,1,1,0.9841,0.9887,0.8676,0.8792,1106.9698,347.7188,894.2684,349.7027,1038.1995,377.6869,979.0688,367.6232,212.7107,59.9809,0.282,1,1,98,1
97,3,0,2,1,1,1,0.9861,0.9852,0.8876,0.8741,781.0534,328.7695,574.9668,334.1513,692.2109,404.8477,645.417,410.3443,206.1569,47.1157,0.2285,1,1,98,1
98,3,0,0,1,1,1,0.987,0.9903,0.906,0.9048,480.657,231.4718,256.9407,227.6952,387.4944,242.5528,334.094,241.8112,223.7482,53.4055,0.2387,1,1,99,1
98,3,0,1,1,1,1,0.9845,0.9886,0.8681,0.8766,1106.2502,347.8656,894.3394,349.6522,1039.584,379.6792,978.7414,366.6927,211.9184,62.2131,0.2936,1,1,99,1
98,3,0,2,1,1,1,0.9856,0.9858,0.8834,0.8775,780.9572,328.083,574.8564,333.9385,691.4442,403.5347,645.1271,410.6558,206.1839,46.8613,0.2273,1,1,99,1
99,3,0,0,1,1,1,0.987,0.9903,0.9058,0.9049,480.6542,231.4686,256.9636,227.696,387.5344,242.5679,334.0934,241.779,223.7225,53.4467,0.2389,1,1,100,1
99,3,0,1,1,1,1,0.9844,0.9886,0.8683,0.8767,1106.1941,347.814,894.3508,349.7268,1039.1858,379.2761,978.7407,366.3294,211.852,61.816,0.2918,1,1,100,1
99,3,0,2,1,1,1,0.9856,0.9858,0.8833,0.8776,780.9488,328.0731,574.8554,333.9602,691.4248,403.5538,645.172,410.628,206.1774,46.7907,0.2269,1,1,100,1
100,3,0,0,1,1,1,0.987,0.9903,0.9067,0.9056,480.3266,231.6214,257.3829,227.8027,387.6271,242.135,334.1386,241.3155,222.9765,53.4949,0.2399,1,1,101,1
100,3,0,1,1,1,1,0.9844,0.9888,0.8663,0.8761,1106.2147,347.3509,893.6548,350.1157,1039.8109,381.444,978.6671,367.1777,212.5779,62.7861,0.2954,1,1,101,1
100,3,0,2,1,1,1,0.9856,0.9859,0.882,0.8775,781.454,328.1781,574.6665,334.1793,691.5618,403.5997,645.9145,409.2322,206.8746,45.9935,0.2223,1,1,101,1
101,3,0,0,1,1,1,0.987,0.9903,0.9065,0.9056,480.316,231.6839,257.3316,227.9066,387.6402,242.1222,334.1223,241.4161,223.0165,53.5225,0.24,1,1,102,1
101,3,0,1,1,1,1,0.9844,0.9887,0.8667,0.8763,1106.0464,347.3712,893.5901,350.1512,1039.6475,381.5855,978.4403,367.6568,212.4745,62.772,0.2954,1,1,102,1
101,3,0,2,1,1,1,0.9856,0.9859,0.8821,0.8777,781.4513,328.1539,574.6593,334.1903,691.3965,403.607,645.8109,409.3282,206.8801,45.9432,0.2221,1,1,102,1
102,3,0,0,1,1,1,0.987,0.9903,0.9073,0.9059,480.2306,231.5734,257.2661,227.2557,388.1855,243.429,333.6727,241.7855,223.0063,54.5376,0.2446,1,1,103,1
102,3,0,1,1,1,1,0.9842,0.9888,0.866,0.8778,1106.5253,347.8146,893.9274,350.795,1041.035,384.8931,978.9793,366.5589,212.6188,64.7075,0.3043,1,1,103,1
102,3,0,2,1,1,1,0.9852,0.9864,0.8781,0.8796,781.2358,327.8163,573.6432,334.317,692.075,405.758,644.9339,411.2815,207.6945,47.4637,0.2285,1,1,103,1
103,3,0,0,1,1,1,0.987,0.9903,0.9072,0.9059,480.2154,231.5715,257.2797,227.2502,388.1572,243.4038,333.6908,241.7644,222.9776,54.491,0.2444,1,1,104,1
103,3,0,1,1,1,1,0.9842,0.9888,0.866,0.878,1106.5201,347.8232,893.9137,350.8203,1040.9912,384.8214,978.998,366.4493,212.6276,64.6582,0.3041,1,1,104,1
103,3,0,2,1,1,1,0.9852,0.9863,0.8783,0.8795,781.2898,327.7743,573.7112,334.3064,692.0661,405.7127,644.839,411.0734,207.6813,47.5303,0.2289,1,1,104,1
104,3,0,0,1,1,1,0.9871,0.9903,0.9059,0.904,480.1194,231.8695,257.707,227.2638,388.4047,243.864,333.5582,242.6335,222.4601,54.8603,0.2466,1,1,105,1
104,3,0,1,1,1,1,0.9843,0.989,0.8659,0.8794,1106.2285,347.5852,893.8322,350.135,1040.2627,383.435,977.4706,369.1067,212.4117,64.4061,0.3032,1,1,105,1
104,3,0,2,1,1,1,0.9839,0.9869,0.8715,0.8869,781.1722,328.408,573.8385,334.7767,692.3508,404.9436,646.5553,410.1789,207.4315,46.0938,0.2222,1,1,105,1
105,3,0,0,1,1,1,0.9868,0.9904,0.9063,0.9072,480.512,231.8535,257.2289,226.8901,388.778,244.5269,334.1316,242.7689,223.3382,54.6747,0.2448,1,1,106,1
105,3,0,1,1,1,1,0.9842,0.9892,0.8613,0.879,1106.2244,346.7891,893.6674,349.2406,1040.3049,382.1776,978.4257,368.1555,212.5711,63.448,0.2985,1,1,106,1
105,3,0,2,1,1,1,0.983,0.9871,0.8685,0.8904,782.3288,328.0938,574.7618,334.767,691.773,402.5637,646.3108,411.1298,207.6742,46.2621,0.2228,1,1,106,1
106,3,0,0,1,1,1,0.9868,0.9904,0.9064,0.9072,480.5066,231.8509,257.227,226.8734,388.7816,244.5159,334.1417,242.7471,223.335,54.6686,0.2448,1,1,107,1
106,3,0,1,1,1,1,0.9842,0.9892,0.8614,0.8789,1106.2097,346.7778,893.6613,349.2201,1040.0944,381.9374,978.3763,368.0886,212.5624,63.2527,0.2976,1,1,107,1
106,3,0,2,1,1,1,0.983,0.9871,0.8685,0.8905,782.3548,328.1016,574.7508,334.789,691.8298,402.637,646.3546,411.1204,207.7116,46.2597,0.2227,1,1,107,1
107,3,0,0,1,1,1,0.9869,0.9903,0.9069,0.9061,480.987,232.0127,257.5011,226.887,390.1137,246.9313,333.5931,243.655,223.5447,56.6155,0.2533,1,1,108,1
107,3,0,1,1,1,1,0.9837,0.9894,0.8588,0.8819,1106.5693,347.709,893.7734,350.6473,1040.1937,381.8735,979.0898,364.016,212.8162,63.6599,0.2991,1,1,108,1
107,3,0,2,1,1,1,0.983,0.9871,0.868,0.8903,782.3608,328.1754,575.063,334.5786,692.2602,403.7437,648.0233,410.2382,207.3967,44.711,0.2156,1,1,108,1
108,3,0,0,1,1,1,0.9869,0.9903,0.9068,0.9061,480.995,232.0375,257.5147,226.8909,390.0815,246.8344,333.6259,243.6531,223.5395,56.5452,0.253,1,1,109,1
108,3,0,1,1,1,1,0.9837,0.9894,0.8588,0.8818,1106.5695,347.625,893.7213,350.6539,1040.066,381.753,979.014,364.0636,212.8697,63.5631,0.2986,1,1,109,1
108,3,0,2,1,1,1,0.983,0.9871,0.8679,0.8902,782.3983,328.1761,575.0418,334.5786,692.3304,403.7938,648.0206,410.261,207.4553,44.7792,0.2158,1,1,109,1
109,3,0,0,1,1,1,0.9871,0.9903,0.9065,0.9051,480.9562,231.6927,257.9276,227.4762,389.9143,247.42,333.6701,243.7201,223.0685,56.3658,0.2527,1,1,110,1
109,3,0,1,1,1,1,0.9842,0.9892,0.8635,0.8805,1105.7037,347.6243,893.2748,350.0412,1040.5063,382.4223,979.3195,364.7882,212.4427,63.6772,0.2997,1,1,110,1
109,3,0,2,1,1,1,0.9825,0.9873,0.8663,0.8928,782.0558,328.4914,574.7465,334.9116,693.824,405.0568,646.2301,412.061,207.4087,48.1065,0.2319,1,1,110,1
110,3,0,0,1,1,1,0.9871,0.9904,0.9064,0.9051,480.997,231.6683,257.9061,227.4731,389.9282,247.4046,333.6533,243.7282,223.1304,56.3948,0.2527,1,1,111,1
110,3,0,1,1,1,1,0.9843,0.9892,0.8636,0.8805,1105.6973,347.5925,893.2836,350.0196,1040.608,382.5911,979.3242,364.8239,212.4276,63.8073,0.3004,1,1,111,1
110,3,0,2,1,1,1,0.9826,0.9873,0.8666,0.8926,782.0796,328.4962,574.7522,334.9173,693.8762,405.1519,646.4583,412.1007,207.4268,47.9243,0.231,1,1,111,1
111,3,0,0,1,1,1,0.9868,0.9904,0.9046,0.9064,481.3886,231.8851,257.7162,227.4462,390.1673,246.6253,334.3595,243.3404,223.7164,55.9044,0.2499,1,1,112,1
111,3,0,1,1,1,1,0.9841,0.9892,0.8631,0.8814,1106.3002,347.7125,893.7266,349.7965,1041.412,383.3374,978.0355,366.9898,212.5838,65.4509,0.3079,1,1,112,1
111,3,0,2,1,1,1,0.9831,0.9873,0.8673,0.8901,783.123,328.462,575.3092,334.6516,692.5512,402.7138,645.6269,410.8566,207.906,47.6255,0.2291,1,1,112,1
112,3,0,0,1,1,1,0.9866,0.9903,0.905,0.9068,481.4498,231.6416,257.3967,227.2335,389.8459,246.5868,334.732,243.5993,224.0964,55.1948,0.2463,1,1,113,1
112,3,0,1,1,1,1,0.9846,0.9891,0.8651,0.8794,1106.9464,348.2609,893.3374,349.7282,1042.3903,384.5924,977.566,368.6987,213.614,66.7442,0.3125,1,1,113,1
112,3,0,2,1,1,1,0.9832,0.9869,0.8711,0.8894,782.8414,328.8493,575.598,334.6692,692.5036,402.7107,645.6308,411.9744,207.3251,47.7794,0.2305,1,1,113,1
113,3,0,0,1,1,1,0.9866,0.9903,0.9049,0.9068,481.437,231.6296,257.3969,227.2136,389.851,246.5825,334.7326,243.6036,224.0836,55.1989,0.2463,1,1,114,1
113,3,0,1,1,1,1,0.9846,0.9891,0.865,0.8793,1106.9447,348.252,893.3229,349.7168,1042.3799,384.6015,977.6016,368.6814,213.6268,66.7059,0.3123,1,1,114,1
113,3,0,2,1,1,1,0.9833,0.9869,0.8711,0.8893,782.8386,328.8397,575.5904,334.6524,692.4962,402.7022,645.6129,412.0004,207.3298,47.7965,0.2305,1,1,114,1
114,3,0,0,1,1,1,0.9866,0.9905,0.9043,0.9076,481.1396,232.1586,257.7226,228.0987,390.2276,247.2351,334.1684,243.7864,223.4539,56.1651,0.2513,1,1,115,1
114,3,0,1,1,1,1,0.9845,0.9892,0.8653,0.8803,1106.7513,348.0065,894.1832,349.5273,1041.5396,383.7973,977.6457,365.8918,212.5736,66.3553,0.3122,1,1,115,1
114,3,0,2,1,1,1,0.9829,0.9869,0.8712,0.8912,782.9623,328.8622,575.5518,334.9712,692.7403,403.7909,645.9117,412.0142,207.5004,47.5451,0.2291,1,1,115,1
115,3,0,0,1,1,1,0.9865,0.9905,0.9041,0.9076,481.1388,232.1485,257.7387,228.0548,390.283,247.2294,334.1588,243.7571,223.4376,56.2315,0.2517,1,1,116,1
115,3,0,1,1,1,1,0.9845,0.9892,0.8654,0.8803,1106.6956,347.9393,894.1369,349.4811,1041.5156,383.5816,977.6555,366.0699,212.5642,66.2176,0.3115,1,1,116,1
115,3,0,2,1,1,1,0.9829,0.9869,0.8712,0.8912,782.9578,328.8515,575.5476,334.9636,692.6859,403.7074,645.937,411.9479,207.5002,47.4696,0.2288,1,1,116,1
116,3,0,0,1,1,1,0.9868,0.9904,0.9059,0.9069,481.1408,232.3036,257.4399,227.7324,389.3145,246.4449,333.8876,244.6662,223.7477,55.4554,0.2478,1,1,117,1
116,3,0,1,1,1,1,0.9841,0.9891,0.8639,0.881,1106.4312,348.0112,894.7109,349.3462,1041.0374,382.6683,976.6064,367.428,211.7244,66.2089,0.3127,1,1,117,1
116,3,0,2,1,1,1,0.9828,0.987,0.8704,0.8922,782.7568,328.6876,575.6562,335.2161,694.0148,404.7166,646.9734,411.9612,207.2034,47.5961,0.2297,1,1,117,1
117,3,0,0,1,1,1,0.9868,0.9904,0.9058,0.9068,481.1556,232.3383,257.413,227.7836,389.3128,246.5005,333.8591,244.7966,223.7889,55.4799,0.2479,1,1,118,1
117,3,0,1,1,1,1,0.9841,0.9891,0.8639,0.881,1106.4421,348.0457,894.7228,349.3398,1041.1493,382.8169,976.6008,367.4779,211.7233,66.346,0.3134,1,1,118,1
117,3,0,2,1,1,1,0.9827,0.987,0.8703,0.8923,782.7506,328.6968,575.6812,335.2167,694.0119,404.7208,646.9668,412.0297,207.1721,47.6095,0.2298,1,1,118,1
118,3,0,0,1,1,1,0.9868,0.9902,0.9059,0.9056,481.798,231.7416,257.6967,227.7654,390.3016,248.3834,334.5475,243.5516,224.1365,55.9631,0.2497,1,1,119,1
118,3,0,1,1,1,1,0.9844,0.9894,0.8631,0.881,1106.7678,348.0367,894.4961,349.1959,1043.0825,386.6322,976.8837,367.659,212.2749,68.8641,0.3244,1,1,119,1
118,3,0,2,1,1,1,0.9823,0.9874,0.8659,0.8944,782.7942,328.626,575.461,335.6115,693.7192,404.5827,646.558,410.7831,207.4508,47.567,0.2293,1,1,119,1
119,3,0,0,1,1,1,0.9869,0.9906,0.9043,0.9063,481.0646,231.9645,257.4791,228.0397,390.1567,247.6134,334.304,243.9359,223.62,55.9736,0.2503,1,1,120,1
119,3,0,1,1,1,1,0.984,0.9893,0.8626,0.8824,1106.8573,347.3861,894.7231,349.638,1042.5625,384.2606,979.0706,362.822,212.1461,67.0137,0.3159,1,1,120,1
119,3,0,2,1,1,1,0.9824,0.9873,0.8672,0.8936,782.8792,329.1062,575.7696,335.534,694.3672,404.2462,645.6801,411.4186,207.2092,49.2125,0.2375,1,1,120,1
120,3,0,0,1,1,1,0.9869,0.9906,0.9041,0.9063,481.0576,231.9838,257.507,228.0104,390.2079,247.5597,334.2765,243.9696,223.5859,56.0465,0.2507,1,1,121,1
120,3,0,1,1,1,1,0.984,0.9893,0.862,0.8822,1106.9976,347.3728,894.6797,349.6005,1042.8254,384.8778,979.1701,362.2726,212.3296,67.5499,0.3181,1,1,121,1
120,3,0,2,1,1,1,0.9824,0.9873,0.8671,0.8938,782.8236,329.1415,575.7613,335.546,694.5519,404.2646,645.5968,411.4551,207.1613,49.4803,0.2388,1,1,121,1
121,3,0,0,1,1,1,0.9867,0.9905,0.9041,0.9068,480.9394,232.2767,257.7974,228.5078,390.0922,248.0176,333.6711,244.7057,223.1738,56.5182,0.2532,1,1,122,1
121,3,0,1,1,1,1,0.9842,0.9892,0.8631,0.8801,1106.9486,348.0409,894.6199,349.7512,1042.8485,384.9292,978.5488,363.6173,212.3356,67.7396,0.319,1,1,122,1
121,3,0,2,1,1,1,0.9828,0.9873,0.8681,0.8917,783.4334,328.5328,575.5844,335.1635,693.2456,404.6051,647.2194,410.4131,207.9549,46.3912,0.2231,1,1,122,1
122,3,0,0,1,1,1,0.9867,0.9905,0.9041,0.9068,480.9214,232.2804,257.819,228.5184,390.0992,247.9845,333.674,244.6966,223.134,56.5208,0.2533,1,1,123,1
122,3,0,1,1,1,1,0.9841,0.9892,0.8637,0.8806,1106.7986,348.007,894.6851,349.7918,1042.5891,384.1861,978.5574,363.499,212.121,67.2906,0.3172,1,1,123,1
122,3,0,2,1,1,1,0.9828,0.9873,0.8681,0.8918,783.436,328.561,575.6026,335.1692,693.2966,404.5986,647.2362,410.4069,207.9385,46.4253,0.2233,1,1,123,1
123,3,0,0,1,1,1,0.9865,0.9905,0.9041,0.9083,481.3527,232.0924,257.6028,228.2654,390.5028,248.2785,333.7812,244.4757,223.7826,56.8489,0.254,1,1,124,1
123,3,0,1,1,1,1,0.9842,0.9892,0.8632,0.8795,1106.986,348.0814,894.3808,350.2216,1041.8413,383.8765,977.9105,365.0156,212.6159,66.655,0.3135,1,1,124,1
123,3,0,2,1,1,1,0.9826,0.9871,0.8685,0.8925,783.2638,328.6466,575.8138,335.3031,693.5938,404.2023,647.0766,410.1191,207.5568,46.892,0.2259,1,1,124,1
124,3,0,0,1,1,1,0.9865,0.9905,0.9041,0.9082,481.2988,232.0666,257.6224,228.2471,390.4973,248.2272,333.8026,244.4452,223.709,56.8208,0.254,1,1,125,1
124,3,0,1,1,1,1,0.9841,0.9892,0.8632,0.8797,1106.9329,348.0493,894.4257,350.2111,1041.6743,383.5998,977.8901,364.9071,212.5182,66.4669,0.3128,1,1,125,1
124,3,0,2,1,1,1,0.9826,0.9871,0.8686,0.8924,783.2442,328.639,575.8106,335.2789,693.5028,404.2129,647.1092,410.2089,207.5397,46.7796,0.2254,1,1,125,1
125,3,0,0,1,1,1,0.9868,0.9904,0.9053,0.9064,481.2917,232.4134,257.7494,228.315,390.1665,248.1542,334.0008,244.3818,223.5799,56.2923,0.2518,1,1,126,1
125,3,0,1,1,1,1,0.9837,0.9894,0.8606,0.8824,1107.4506,347.7207,894.7512,350.2468,1041.92,382.7406,979.973,358.1884,212.7143,66.6352,0.3133,1,1,126,1
125,3,0,2,1,1,1,0.9828,0.987,0.8701,0.8918,783.2027,328.545,575.7428,335.1973,693.9244,404.3811,647.372,410.5382,207.5665,46.9578,0.2262,1,1,126,1
126,3,0,0,1,1,1,0.9868,0.9904,0.9053,0.9065,481.2657,232.3871,257.7489,228.3059,390.1564,248.1422,333.9912,244.4253,223.554,56.288,0.2518,1,1,127,1
126,3,0,1,1,1,1,0.9837,0.9894,0.8606,0.8824,1107.454,347.7309,894.7837,350.2586,1041.9055,382.703,979.9603,358.2435,212.6853,66.5994,0.3131,1,1,127,1
126,3,0,2,1,1,1,0.9828,0.987,0.8703,0.8916,783.2213,328.5679,575.7466,335.212,693.9217,404.3746,647.3494,410.5569,207.581,46.9808,0.2263,1,1,127,1
127,3,0,0,1,1,1,0.9867,0.9903,0.9056,0.9066,481.2606,232.1976,258.1718,228.3249,389.7561,248.2302,333.7727,244.7516,223.1224,56.0914,0.2514,1,1,128,1
127,3,0,1,1,1,1,0.9835,0.9895,0.8591,0.8825,1107.5647,347.5754,894.7895,350.7869,1041.5026,382.7016,980.0688,357.7655,212.7994,66.3017,0.3116,1,1,128,1
127,3,0,2,1,1,1,0.9829,0.987,0.8699,0.8907,783.2257,328.4694,576.3226,335.0947,693.7425,403.7512,647.1269,410.7415,207.0092,47.1368,0.2277,1,1,128,1
128,3,0,0,1,1,1,0.9867,0.9903,0.9055,0.9067,481.2675,232.2088,258.2041,228.3323,389.7763,248.2599,333.7952,244.7426,223.0971,56.0915,0.2514,1,1,129,1
128,3,0,1,1,1,1,0.9835,0.9895,0.859,0.8825,1107.6041,347.577,894.7899,350.8001,1041.5457,382.7982,980.0032,357.7155,212.8387,66.4576,0.3122,1,1,129,1
128,3,0,2,1,1,1,0.9829,0.987,0.8699,0.8907,783.2264,328.4631,576.2804,335.1216,693.7164,403.7502,647.0246,410.7989,207.0532,47.2208,0.2281,1,1,129,1
129,3,0,0,1,1,1,0.9866,0.9905,0.9047,0.9071,481.4772,232.4384,257.7063,228.6658,389.7611,248.2623,334.5836,243.8652,223.8028,55.3524,0.2473,1,1,130,1
129,3,0,1,1,1,1,0.9833,0.9894,0.8601,0.8839,1107.5054,347.2785,895.3195,350.672,1039.9216,379.1449,981.1658,355.5514,212.213,63.3159,0.2984,1,1,130,1
129,3,0,2,1,1,1,0.9838,0.9864,0.8765,0.8871,783.4399,328.2574,576.5174,334.5748,692.8291,404.1095,647.638,410.4584,207.0189,45.635,0.2204,1,1,130,1
130,3,0,0,1,1,1,0.9867,0.9905,0.9044,0.9072,481.9489,231.5796,257.7798,228.4787,390.3937,249.1685,334.5664,244.2544,224.1906,56.0431,0.25,1,1,131,1
130,3,0,1,1,1,1,0.9838,0.9892,0.8632,0.882,1107.2643,346.561,895.3985,349.4241,1039.8822,380.1643,979.9852,358.2153,211.8851,63.792,0.3011,1,1,131,1
130,3,0,2,1,1,1,0.9842,0.9862,0.8786,0.8847,783.0302,327.3314,576.2708,334.0413,691.433,404.3556,647.7504,410.8446,206.8683,44.1619,0.2135,1,1,131,1
131,3,0,0,1,1,1,0.9867,0.9905,0.9044,0.9071,481.9421,231.5727,257.7589,228.4709,390.3945,249.1946,334.5892,244.3032,224.2047,56.0192,0.2499,1,1,132,1
131,3,0,1,1,1,1,0.9838,0.9892,0.863,0.882,1107.3169,346.5524,895.4057,349.4007,1039.9362,380.234,979.9976,358.2262,211.9303,63.8512,0.3013,1,1,132,1
131,3,0,2,1,1,1,0.9843,0.9862,0.8785,0.8847,783.0626,327.349,576.2424,334.0372,691.4646,404.4853,647.7939,410.8328,206.9283,44.1297,0.2133,1,1,132,1
132,3,0,0,1,1,1,0.9866,0.9906,0.9034,0.9077,481.4917,231.7895,257.416,228.633,390.0774,248.5919,334.5856,244.1949,224.0979,55.6657,0.2484,1,1,133,1
132,3,0,1,1,1,1,0.984,0.9893,0.8628,0.8818,1107.4662,346.4952,894.8241,350.0396,1040.7007,380.4644,981.1861,356.9742,212.6716,63.9826,0.3009,1,1,133,1
132,3,0,2,1,1,1,0.9842,0.9858,0.8818,0.8854,782.2676,327.579,577.2779,333.949,691.4629,403.718,646.2084,411.984,205.0886,46.0032,0.2243,1,1,133,1
133,3,0,0,1,1,1,0.9866,0.9906,0.9035,0.9077,481.4956,231.8096,257.4159,228.6735,390.0636,248.5885,334.5799,244.1902,224.1016,55.6578,0.2484,1,1,134,1
133,3,0,1,1,1,1,0.984,0.9893,0.8627,0.8818,1107.4941,346.4986,894.8491,350.0542,1040.6324,380.4379,981.2435,356.8225,212.6748,63.9119,0.3005,1,1,134,1
133,3,0,2,1,1,1,0.9842,0.9858,0.882,0.8854,782.2617,327.574,577.2884,333.951,691.51,403.7254,646.1998,411.9868,205.0726,46.0572,0.2246,1,1,134,1
134,3,0,0,1,1,1,0.9867,0.9904,0.9051,0.9064,481.749,232.1306,257.4532,228.7718,390.1724,248.8627,334.5065,244.124,224.321,55.8672,0.2491,1,1,135,1
134,3,0,1,1,1,1,0.9841,0.9893,0.8619,0.8802,1107.7178,346.732,894.6685,349.4162,1041.3888,381.6882,979.3069,360.7224,213.0662,65.5266,0.3075,1,1,135,1
134,3,0,2,1,1,1,0.9844,0.9859,0.8814,0.8845,782.2592,328.01,576.7888,334.0864,692.5352,404.3969,646.6446,412.0303,205.5603,46.521,0.2263,1,1,135,1
135,3,0,0,1,1,1,0.9867,0.9904,0.9053,0.9065,481.7638,232.1303,257.4926,228.7728,390.186,248.9076,334.5014,244.1793,224.2963,55.885,0.2492,1,1,136,1
135,3,0,1,1,1,1,0.9841,0.9893,0.8615,0.8802,1107.793,346.7488,894.6398,349.389,1041.7838,382.265,979.5317,360.3219,213.1695,66.0063,0.3096,1,1,136,1
135,3,0,2,1,1,1,0.9844,0.9858,0.8816,0.8843,782.245,328.008,576.8026,334.0823,692.5122,404.4024,646.703,412.0728,205.5321,46.4469,0.226,1,1,136,1
136,3,0,0,1,1,1,0.9864,0.9904,0.9048,0.9074,481.4428,231.8927,257.662,228.7087,390.403,248.541,334.638,244.9676,223.8034,55.8794,0.2497,1,1,137,1
136,3,0,1,1,1,1,0.9842,0.9891,0.8632,0.8791,1108.1517,347.2239,894.1974,349.751,1041.6638,382.1332,979.2535,363.5657,213.9693,65.1137,0.3043,1,1,137,1
136,3,0,2,1,1,1,0.9843,0.9861,0.8786,0.8841,782.7345,327.822,576.0592,334.0316,692.5694,403.3534,647.0378,411.622,206.7686,46.2763,0.2238,1,1,137,1
137,3,0,0,1,1,1,0.9864,0.9903,0.9047,0.9078,481.4383,231.8107,257.7718,228.5895,390.465,248.5314,334.6206,244.9542,223.6897,55.9589,0.2502,1,1,138,1
137,3,0,1,1,1,1,0.9842,0.9891,0.863,0.879,1108.1232,347.2395,894.0935,349.7796,1041.9413,382.4752,979.7051,363.0487,214.0447,65.1977,0.3046,1,1,138,1
137,3,0,2,1,1,1,0.9844,0.9861,0.879,0.884,782.6328,327.7922,576.1004,334.0276,692.4898,403.3603,646.8044,411.9393,206.6264,46.484,0.225,1,1,138,1
138,3,0,0,1,1,1,0.9866,0.9904,0.906,0.9078,481.2834,231.935,257.9994,229.2458,390.7331,248.1548,334.2582,245.5785,223.3001,56.5336,0.2532,1,1,139,1
138,3,0,1,1,1,1,0.9841,0.9891,0.8648,0.8805,1107.584,346.907,894.9294,350.0758,1041.34,381.3594,980.2507,357.9114,212.6782,65.4347,0.3077,1,1,139,1
138,3,0,2,1,1,1,0.9845,0.9862,0.8783,0.8831,782.7222,327.2998,576.1227,333.9936,691.0088,402.328,646.9568,410.7934,206.708,44.8581,0.217,1,1,139,1
139,3,0,0,1,1,1,0.9866,0.9903,0.9061,0.9077,481.2553,231.908,258.0036,229.2275,390.5817,247.828,334.2632,245.5432,223.2677,56.3648,0.2525,1,1,140,1
139,3,0,1,1,1,1,0.9842,0.9891,0.8648,0.8803,1107.6073,346.9144,894.9174,350.0599,1041.4114,381.4956,980.1367,358.1294,212.7131,65.5787,0.3083,1,1,140,1
139,3,0,2,1,1,1,0.9845,0.9862,0.8781,0.8832,782.7414,327.2825,576.1433,334.0012,690.9338,402.3021,646.9553,410.8184,206.7074,44.7955,0.2167,1,1,140,1
140,3,0,0,1,1,1,0.9874,0.9904,0.907,0.9041,480.7638,232.4534,257.6889,230.2452,388.6831,249.0394,331.5514,246.6016,223.0859,57.1836,0.2563,1,1,141,1
140,3,0,1,1,1,1,0.9837,0.9893,0.8625,0.8828,1107.7383,346.6574,895.0536,350.6286,1039.6562,378.9382,981.3967,354.5782,212.7218,63.1473,0.2969,1,1,141,1
140,3,0,2,1,1,1,0.9846,0.986,0.8799,0.8823,783.2129,327.291,576.3106,334.092,691.3585,402.9237,646.8294,410.9478,207.0141,45.2464,0.2186,1,1,141,1
141,3,0,0,1,1,1,0.9864,0.9905,0.9036,0.9085,481.3122,230.8106,256.2016,229.25,387.9077,246.4083,331.708,245.1307,225.1161,56.2142,0.2497,1,1,142,1
141,3,0,1,1,1,1,0.9844,0.9889,0.8668,0.8787,1107.2263,347.8465,894.0428,350.6306,1043.0908,384.3,978.6581,363.6304,213.2017,67.6669,0.3174,1,1,142,1
141,3,0,2,1,1,1,0.9848,0.9858,0.8819,0.8806,782.6178,327.4234,576.7772,333.912,690.3626,401.2304,646.9185,409.7866,205.9429,44.2787,0.215,1,1,142,1
142,3,0,0,1,1,1,0.9864,0.9905,0.9035,0.9084,481.3313,230.7866,256.1757,229.2543,387.8786,246.4298,331.6986,245.1654,225.1608,56.1943,0.2496,1,1,143,1
142,3,0,1,1,1,1,0.9844,0.9889,0.8669,0.8787,1107.2622,347.8392,894.0748,350.6283,1043.0282,384.2951,978.6567,363.5679,213.2057,67.6262,0.3172,1,1,143,1
142,3,0,2,1,1,1,0.9848,0.9858,0.8819,0.8806,782.6236,327.4259,576.7691,333.905,690.3803,401.2197,646.9049,409.7584,205.9564,44.306,0.2151,1,1,143,1
143,3,0,0,1,1,1,0.9869,0.9905,0.9054,0.9059,479.8854,230.0402,257.3732,228.5864,384.7399,244.8994,328.0741,240.9476,222.5169,56.8035,0.2553,1,1,144,1
143,3,0,1,1,1,1,0.9841,0.989,0.868,0.8817,1106.492,347.4316,894.1936,351.075,1040.2429,379.5126,979.2064,361.5342,212.3296,63.6293,0.2997,1,1,144,1
143,3,0,2,1,1,1,0.9854,0.9858,0.8827,0.877,782.2836,326.9755,576.4092,333.5862,690.487,401.7856,647.177,409.7927,205.9805,44.044,0.2138,1,1,144,1
144,3,0,0,1,1,1,0.9869,0.9905,0.9053,0.9059,479.8844,230.0404,257.3714,228.5995,384.7348,244.904,328.0856,240.9405,222.5177,56.7877,0.2552,1,1,145,1
144,3,0,1,1,1,1,0.9841,0.989,0.8679,0.8817,1106.4854,347.431,894.1767,351.0755,1040.2073,379.5148,979.2427,361.4408,212.3399,63.5873,0.2995,1,1,145,1
144,3,0,2,1,1,1,0.9854,0.9858,0.8826,0.877,782.3019,326.9677,576.392,333.5881,690.4645,401.7738,647.1854,409.8125,206.0163,44.0193,0.2137,1,1,145,1
145,3,0,0,1,1,1,0.9878,0.9897,0.9118,0.8988,481.3597,230.909,258.5051,229.5122,383.7316,243.7698,324.2305,235.4078,222.8589,60.0858,0.2696,1,1,146,1
145,3,0,1,1,1,1,0.9841,0.9889,0.8666,0.8802,1106.8087,347.1342,893.9872,350.5667,1040.6823,380.0753,978.3467,363.7468,212.8492,64.4386,0.3027,1,1,146,1
145,3,0,2,1,1,1,0.9855,0.9856,0.8839,0.8768,782.2774,326.8584,576.5254,333.6526,692.13,404.0311,647.7667,409.516,205.8642,44.7011,0.2171,1,1,146,1
146,3,0,0,1,1,1,0.9878,0.9897,0.9118,0.8987,481.3636,230.938,258.4819,229.5508,383.7148,243.7742,324.2409,235.3877,222.886,60.0623,0.2695,1,1,147,1
146,3,0,1,1,1,1,0.9841,0.9889,0.8668,0.88,1106.7852,347.1238,893.9291,350.5368,1040.6951,380.0984,978.3082,363.8748,212.8834,64.4618,0.3028,1,1,147,1
146,3,0,2,1,1,1,0.9855,0.9856,0.8838,0.8768,782.2953,326.851,576.5054,333.6586,692.1061,404.0296,647.7068,409.5907,205.9024,44.7462,0.2173,1,1,147,1
147,3,0,0,1,1,1,0.988,0.9898,0.9108,0.8965,481.439,231.1059,259.9482,231.2438,382.4066,241.9954,324.3604,229.8644,221.4908,59.3003,0.2677,1,1,148,1
147,3,0,1,1,1,1,0.9842,0.989,0.867,0.8801,1107.0337,347.493,893.9333,350.7341,1041.5132,382.0707,977.5323,365.3135,213.125,66.1389,0.3103,1,1,148,1
147,3,0,2,1,1,1,0.9857,0.9858,0.8831,0.8756,782.3316,326.2523,575.9818,333.5165,692.1942,405.5096,648.0434,410.432,206.4776,44.4244,0.2152,1,1,148,1
148,3,0,0,1,1,1,0.9885,0.9899,0.911,0.8934,480.2942,230.9692,260.1236,232.5118,381.3856,241.7906,323.0378,227.128,220.1759,60.1619,0.2732,1,1,149,1
148,3,0,1,1,1,1,0.9846,0.9891,0.8669,0.8785,1106.7491,347.1437,893.4619,350.9956,1043.0093,383.1717,977.0436,366.2011,213.322,68.1137,0.3193,1,1,149,1
148,3,0,2,1,1,1,0.9863,0.9857,0.8848,0.8712,783.2102,326.7232,576.0157,333.9728,692.9596,405.9421,648.304,410.149,207.3214,44.8534,0.2163,1,1,149,1
149,3,0,0,1,1,1,0.9885,0.9899,0.911,0.8934,480.3113,230.9539,260.1163,232.5174,381.3908,241.8148,323.0293,227.1561,220.2006,60.1742,0.2733,1,1,150,1
149,3,0,1,1,1,1,0.9846,0.9891,0.8671,0.8785,1106.7865,347.1163,893.5161,350.9121,1043.0306,383.2603,977.05,366.2339,213.3042,68.1421,0.3195,1,1,150,1
149,3,0,2,1,1,1,0.9863,0.9857,0.8849,0.8712,783.2094,326.691,576.0218,333.9559,692.9382,405.9684,648.3014,410.1492,207.315,44.8322,0.2163,1,1,150,1
150,3,0,0,1,1,1,0.9886,0.9903,0.9091,0.8945,478.4242,230.8688,259.3375,233.2492,380.9167,240.0419,323.1048,225.8685,219.0995,59.5239,0.2717,1,1,151,1
150,3,0,1,1,1,1,0.9843,0.989,0.8659,0.8783,1107.5996,346.8204,893.7512,351.429,1040.3923,377.5297,979.6331,361.8251,213.8981,62.756,0.2934,1,1,151,1
150,3,0,2,1,1,1,0.9863,0.9859,0.8832,0.8718,782.7408,326.1702,576.278,333.2184,691.2984,404.3254,648.8778,408.8454,206.5831,42.6606,0.2065,1,1,151,1
151,3,0,0,1,1,1,0.9886,0.9903,0.9091,0.8946,478.3277,230.8196,259.3649,233.2364,380.9137,240.1003,323.0943,225.7382,218.9761,59.5764,0.2721,1,1,152,1
151,3,0,1,1,1,1,0.9843,0.9891,0.8658,0.8786,1107.7123,346.7798,893.7253,351.3968,1039.9377,376.7578,979.6986,361.7138,214.0367,62.0892,0.2901,1,1,152,1
151,3,0,2,1,1,1,0.9863,0.9859,0.8833,0.8718,782.695,326.2007,576.3006,333.1773,691.125,404.2558,648.9311,408.9305,206.5123,42.4521,0.2056,1,1,152,1
152,3,0,0,1,1,1,0.9884,0.9903,0.9084,0.8957,477.8678,230.5737,258.921,233.5723,381.1884,239.3069,323.3747,225.3074,218.9674,59.4845,0.2717,1,1,153,1
152,3,0,1,1,1,1,0.9878,0.9866,0.8689,0.859,1115.2424,348.2868,887.6772,347.7045,1036.5776,384.0681,980.9791,356.8952,227.5659,61.8835,0.2719,1,1,153,1
152,3,0,2,1,1,1,0.9865,0.9856,0.8863,0.8703,783.034,326.6937,576.5896,333.5292,692.7824,406.0861,647.6522,410.2026,206.5575,45.3175,0.2194,1,1,153,1
153,3,0,0,1,1,1,0.9884,0.9903,0.9085,0.8956,477.893,230.5969,258.935,233.6076,381.1472,239.2372,323.332,225.3398,218.9786,59.462,0.2715,1,1,154,1
153,3,0,1,1,1,1,0.9878,0.9866,0.8686,0.8592,1115.1799,348.2904,887.6722,347.6754,1036.6893,384.5353,981.0457,356.8204,227.5085,62.1637,0.2732,1,1,154,1
153,3,0,2,1,1,1,0.9865,0.9856,0.8859,0.8705,783.0322,326.6722,576.5486,333.5602,692.786,406.0863,647.6138,410.2136,206.5984,45.3604,0.2196,1,1,154,1
154,3,0,0,1,1,1,0.9883,0.99,0.911,0.8962,478.78,230.131,259.6065,233.2135,380.668,239.031,323.9038,225.1464,219.1953,58.4376,0.2666,1,1,155,1
154,3,0,1,1,1,1,0.9877,0.9868,0.8673,0.8611,1115.1991,348.5528,887.5425,348.2209,1037.6598,385.1626,982.6317,353.8516,227.6569,63.3125,0.2781,1,1,155,1
154,3,0,2,1,1,1,0.9861,0.9858,0.8834,0.8731,782.7188,326.9218,576.4926,333.5361,694.5614,406.9816,647.1367,411.4418,206.3324,47.634,0.2309,1,1,155,1
155,3,0,1,1,1,1,0.9877,0.987,0.8652,0.8615,1114.2758,348.1904,887.0441,347.8325,1038.9592,388.3452,982.6674,354.835,227.232,65.5111,0.2883,1,1,156,1
155,3,0,0,1,1,1,0.9881,0.9893,0.9134,0.8945,481.2973,227.1562,261.4176,231.0962,380.7208,237.2324,324.715,224.1069,219.9151,57.5232,0.2616,1,1,156,1
155,3,0,2,1,1,1,0.9857,0.9858,0.8828,0.8757,782.6398,326.8247,576.3683,333.3597,692.7146,405.1381,648.0016,411.6306,206.375,45.1819,0.2189,1,1,156,1
156,3,0,1,1,1,1,0.9877,0.987,0.8652,0.8614,1114.3555,348.1941,887.0375,347.8867,1038.9342,388.3023,982.6729,354.9155,227.3182,65.4219,0.2878,1,1,157,1
156,3,0,0,1,1,1,0.9881,0.9893,0.9135,0.8943,481.2503,227.219,261.4047,231.1136,380.7355,237.1638,324.7319,224.1289,219.8801,57.5005,0.2615,1,1,157,1
156,3,0,2,1,1,1,0.9857,0.9858,0.8827,0.8756,782.643,326.8325,576.3566,333.36,692.7378,405.1339,647.979,411.5994,206.3897,45.2233,0.2191,1,1,157,1
157,3,0,0,1,1,1,0.9879,0.9897,0.9104,0.8971,480.033,226.7776,261.509,231.5172,381.4058,238.2596,324.0253,224.367,218.5753,59.0383,0.2701,1,1,158,1
157,3,0,1,1,1,1,0.9876,0.9867,0.8678,0.8617,1114.5804,349.0831,886.9018,348.2932,1037.0833,383.8807,981.8891,356.6386,227.68,61.551,0.2703,1,1,158,1
157,3,0,2,1,1,1,0.9861,0.986,0.8821,0.8735,783.047,326.8761,576.0614,333.6364,692.5596,404.6727,647.138,412.3255,207.0958,46.0618,0.2224,1,1,158,1
158,3,0,0,1,1,1,0.9879,0.9897,0.9104,0.8971,480.0356,226.792,261.5061,231.5257,381.4051,238.2674,324.0084,224.3894,218.5808,59.0507,0.2702,1,1,159,1
158,3,0,1,1,1,1,0.9876,0.9867,0.8675,0.862,1114.5854,349.0795,886.8469,348.368,1037.0436,383.8382,981.8871,356.582,227.7397,61.5235,0.2701,1,1,159,1
158,3,0,2,1,1,1,0.9861,0.9861,0.8821,0.8735,783.0547,326.8528,576.0676,333.6416,692.6156,404.7748,647.1212,412.4162,207.0984,46.1317,0.2228,1,1,159,1
159,3,0,0,1,1,1,0.9883,0.9897,0.9116,0.8953,479.9258,228.8689,261.3742,233.126,381.1189,239.1578,322.7556,226.1848,218.5931,59.7878,0.2735,1,1,160,1
159,3,0,1,1,1,1,0.9877,0.9869,0.8654,0.8617,1114.7019,348.4495,886.4106,347.896,1037.7654,386.4689,986.0651,344.8995,228.2919,66.3395,0.2906,1,1,160,1
159,3,0,2,1,1,1,0.9857,0.9861,0.8812,0.8767,782.414,327.296,575.5157,333.7436,691.4071,404.073,647.4903,411.8073,206.9988,44.5927,0.2154,1,1,160,1
160,3,0,0,1,1,1,0.9882,0.9897,0.9116,0.8953,479.8776,228.8526,261.381,233.1265,381.1132,239.1105,322.7586,226.1768,218.5383,59.7708,0.2735,1,1,161,1
160,3,0,1,1,1,1,0.9877,0.9869,0.8656,0.8615,1114.6523,348.4244,886.4291,347.8454,1037.5266,386.0268,986.0994,344.7748,228.224,65.9279,0.2889,1,1,161,1
160,3,0,2,1,1,1,0.9857,0.9861,0.8812,0.8768,782.4216,327.2964,575.502,333.7421,691.4206,404.0616,647.4687,411.8036,207.02,44.6286,0.2156,1,1,161,1
161,3,0,0,1,1,1,0.9886,0.99,0.9126,0.8966,478.8999,230.6484,259.1615,233.3844,382.4688,241.9215,322.9735,227.7148,219.7554,61.168,0.2783,1,1,162,1
161,3,0,1,1,1,1,0.9842,0.9885,0.8593,0.8784,1110.8132,344.0505,888.2941,347.2334,1036.9703,380.0441,987.8239,348.3742,222.5419,58.4667,0.2627,1,1,162,1
161,3,0,2,1,1,1,0.9857,0.9858,0.8833,0.8761,782.745,326.8372,576.4728,333.3495,690.592,403.7203,646.7922,410.8807,206.375,44.3813,0.2151,1,1,162,1
162,3,0,0,1,1,1,0.9886,0.99,0.9126,0.8966,478.9588,230.603,259.1339,233.321,382.439,242.1009,323.0176,227.6883,219.8416,61.1443,0.2781,1,1,163,1
162,3,0,1,1,1,1,0.9842,0.9885,0.8597,0.8782,1110.8348,344.0405,888.2668,347.1942,1036.6886,379.4115,987.6326,348.6937,222.5904,57.8798,0.26,1,1,163,1
162,3,0,2,1,1,1,0.9857,0.9858,0.8833,0.8761,782.761,326.8182,576.5118,333.3492,690.597,403.7744,646.7912,410.9256,206.3525,44.3857,0.2151,1,1,163,1
163,3,0,0,1,1,1,0.9878,0.9898,0.9123,0.9008,477.7447,231.1188,257.1742,232.4448,384.5178,244.463,323.849,231.7789,220.5745,61.9806,0.281,1,1,164,1
163,3,0,1,1,1,1,0.9875,0.9867,0.8685,0.8639,1115.6707,348.2472,887.1865,348.3139,1034.0997,378.4344,985.6252,346.0571,228.4841,58.2929,0.2551,1,1,164,1
163,3,0,2,1,1,1,0.9854,0.9857,0.8833,0.8781,782.0262,327.304,575.649,333.5176,693.0066,406.0406,646.1758,412.0,206.4708,47.2084,0.2286,1,1,164,1
164,3,0,0,1,1,1,0.9878,0.9898,0.9124,0.9008,477.7438,231.1677,257.1638,232.4622,384.4955,244.4469,323.8754,231.7826,220.5838,61.9289,0.2807,1,1,165,1
164,3,0,1,1,1,1,0.9875,0.9867,0.8679,0.864,1115.6995,348.2314,887.1984,348.2835,1034.387,378.872,985.646,345.9667,228.5011,58.8085,0.2574,1,1,165,1
164,3,0,2,1,1,1,0.9854,0.9858,0.8832,0.8779,782.0304,327.2976,575.6383,333.5412,692.9682,406.0818,646.1471,411.9968,206.4865,47.1932,0.2286,1,1,165,1
165,3,0,0,1,1,1,0.9877,0.9901,0.9107,0.9035,477.5718,230.1871,255.5997,231.7424,385.7763,246.0072,327.0441,235.81,221.9776,59.6109,0.2685,1,1,166,1
165,3,0,1,1,1,1,0.9842,0.9882,0.8625,0.8776,1111.9263,343.8158,888.4188,346.4057,1035.9227,376.951,986.8114,350.6307,223.5225,55.7197,0.2493,1,1,166,1
165,3,0,2,1,1,1,0.9854,0.9855,0.8847,0.8776,781.2884,327.9924,575.7773,333.8167,692.9836,405.2503,645.2998,412.1471,205.5937,48.18,0.2343,1,1,166,1
166,3,0,0,1,1,1,0.9876,0.9903,0.9084,0.9036,478.7246,229.9673,256.0132,231.3078,388.2861,249.3249,331.9746,239.0868,222.7155,57.2346,0.257,1,1,167,1
166,3,0,1,1,1,1,0.9843,0.9884,0.861,0.8769,1111.7506,344.2202,888.3966,346.2094,1037.7975,382.2812,987.5801,350.1069,223.3629,59.6404,0.267,1,1,167,1
166,3,0,2,1,1,1,0.9854,0.9856,0.8839,0.8771,780.9828,327.4303,575.3342,333.4827,691.833,404.8772,645.8002,410.8326,205.7377,46.4165,0.2256,1,1,167,1
167,3,0,0,1,1,1,0.9876,0.9903,0.9084,0.9035,478.7526,229.9452,256.0254,231.2958,388.2912,249.2955,332.0154,239.1012,222.7313,57.1917,0.2568,1,1,168,1
167,3,0,1,1,1,1,0.9843,0.9884,0.8611,0.8769,1111.7671,344.2239,888.3998,346.201,1037.7827,382.3007,987.5991,350.0857,223.3761,59.6339,0.267,1,1,168,1
167,3,0,2,1,1,1,0.9854,0.9855,0.8839,0.8771,780.9774,327.43,575.3423,333.4787,691.8125,404.8904,645.812,410.8116,205.7241,46.38,0.2254,1,1,168,1
168,3,0,0,1,1,1,0.9871,0.9903,0.9077,0.9059,478.2476,228.9908,255.7818,229.9733,388.3744,251.5398,332.5484,245.5389,222.4679,56.1476,0.2524,1,1,169,1
168,3,0,1,1,1,1,0.9845,0.9884,0.861,0.876,1111.6796,344.4928,888.7128,346.1936,1038.2069,383.8634,985.9997,351.8325,222.9733,61.2501,0.2747,1,1,169,1
168,3,0,2,1,1,1,0.9854,0.9856,0.8835,0.8774,780.3001,327.2864,575.4204,333.4472,692.2412,405.3042,645.4194,410.1815,204.9722,47.0751,0.2297,1,1,169,1
169,3,0,0,1,1,1,0.9871,0.9903,0.9077,0.9059,478.2321,229.0057,255.7758,229.9745,388.3904,251.5309,332.5233,245.5416,222.4584,56.1872,0.2526,1,1,170,1
169,3,0,1,1,1,1,0.9845,0.9883,0.8611,0.876,1111.6755,344.4892,888.7096,346.1847,1038.2202,383.87,986.004,351.8784,222.9724,61.2372,0.2746,1,1,170,1
169,3,0,2,1,1,1,0.9854,0.9856,0.8835,0.8774,780.2974,327.2852,575.4123,333.4611,692.2677,405.3316,645.4094,410.1912,204.9782,47.1096,0.2298,1,1,170,1
170,3,0,0,1,1,1,0.9869,0.99,0.9077,0.9054,478.5351,228.1235,257.0278,228.7223,386.6511,249.0217,332.4138,244.377,221.5081,54.4358,0.2458,1,1,171,1
170,3,0,1,1,1,1,0.9836,0.9892,0.8608,0.8811,1109.2909,347.5105,894.5711,350.8843,1038.4827,376.0253,983.8071,354.4304,214.7463,58.7857,0.2737,1,1,171,1
170,3,0,2,1,1,1,0.9856,0.9855,0.8847,0.8764,780.5074,327.1692,575.5014,333.267,691.2351,404.4771,646.6067,409.2636,205.0968,44.8844,0.2188,1,1,171,1
171,3,0,0,1,1,1,0.9869,0.99,0.9078,0.9053,478.4938,228.1337,257.0688,228.713,386.6804,249.0497,332.3761,244.4546,221.4258,54.4984,0.2461,1,1,172,1
171,3,0,1,1,1,1,0.9836,0.9892,0.8609,0.881,1109.2811,347.4912,894.5939,350.8586,1038.251,375.5278,983.975,354.1474,214.7136,58.3353,0.2717,1,1,172,1
171,3,0,2,1,1,1,0.9855,0.9855,0.8842,0.8771,780.4973,327.1844,575.4731,333.2962,691.2995,404.5145,646.6394,409.2756,205.1153,44.9131,0.219,1,1,172,1
172,3,0,0,1,1,1,0.987,0.9899,0.9085,0.9045,478.747,228.041,256.8159,228.2766,385.9504,248.2699,331.842,245.8012,221.9312,54.1647,0.2441,1,1,173,1
172,3,0,1,1,1,1,0.9877,0.9867,0.8709,0.863,1116.2811,348.6784,888.1301,347.5824,1031.5221,378.1236,985.7818,343.8729,228.1536,57.1427,0.2505,1,1,173,1
172,3,0,2,1,1,1,0.9856,0.9854,0.885,0.8767,780.5918,327.2102,575.8198,333.3815,691.5667,403.9419,645.7988,410.134,204.8649,46.1849,0.2254,1,1,173,1
173,3,0,0,1,1,1,0.987,0.9899,0.9084,0.9042,478.6745,228.0841,256.7814,228.3567,385.8129,248.0786,331.8808,245.7915,221.8933,53.9805,0.2433,1,1,174,1
173,3,0,1,1,1,1,0.9832,0.9893,0.8597,0.8826,1109.3953,347.5646,894.8265,351.5315,1035.9597,372.8189,985.2343,350.5024,214.6054,55.4175,0.2582,1,1,174,1
173,3,0,2,1,1,1,0.9856,0.9854,0.885,0.8767,780.5794,327.2358,575.7608,333.4065,691.5591,403.8876,645.8242,410.1347,204.9115,46.1595,0.2253,1,1,174,1
174,3,0,0,1,1,1,0.9867,0.9899,0.9086,0.9066,478.6302,227.7293,255.7927,227.8818,386.4806,247.1992,332.8353,245.1137,222.8375,53.6859,0.2409,1,1,175,1
174,3,0,1,1,1,1,0.9831,0.9894,0.8582,0.8837,1109.8118,347.5499,894.9876,351.2549,1039.0184,376.0744,983.6534,353.3512,214.8561,59.8467,0.2785,1,1,175,1
174,3,0,2,1,1,1,0.9855,0.9856,0.8834,0.8775,780.2987,327.1966,575.471,333.318,691.0346,403.3466,646.9206,409.144,204.9191,44.4934,0.2171,1,1,175,1
175,3,0,0,1,1,1,0.9867,0.9899,0.9086,0.9067,478.624,227.7772,255.7489,227.8971,386.4945,247.2149,332.865,245.0599,222.8751,53.6728,0.2408,1,1,176,1
175,3,0,1,1,1,1,0.9832,0.9894,0.8585,0.8837,1109.7836,347.5251,895.01,351.2496,1039.3601,376.7393,983.6564,353.2932,214.8059,60.437,0.2814,1,1,176,1
175,3,0,2,1,1,1,0.9855,0.9856,0.8832,0.8775,780.3316,327.2991,575.3948,333.3762,691.3984,403.6973,647.0148,409.1202,205.0268,44.7136,0.2181,1,1,176,1
176,3,0,0,1,1,1,0.9867,0.9897,0.9092,0.9056,478.0959,227.5162,256.1887,227.1266,386.0821,246.0064,333.7916,244.0246,221.9075,52.328,0.2358,1,1,177,1
176,3,0,1,1,1,1,0.983,0.9894,0.859,0.885,1109.5922,347.4674,895.6116,351.1232,1037.4429,374.3756,982.5655,354.458,214.0118,58.3801,0.2728,1,1,177,1
176,3,0,2,1,1,1,0.9854,0.9857,0.8831,0.8778,780.1746,326.8046,575.4404,333.237,691.6623,404.1553,646.8283,409.2832,204.8353,45.1263,0.2203,1,1,177,1
177,3,0,0,1,1,1,0.9866,0.9896,0.9103,0.9059,478.4378,227.0302,255.8843,226.7746,386.1728,246.192,333.8347,244.0766,222.5536,52.3809,0.2354,1,1,178,1
177,3,0,1,1,1,1,0.983,0.9895,0.8582,0.8849,1108.7172,347.1715,894.9155,351.0764,1036.9878,374.4216,982.8726,354.2076,213.8373,57.7673,0.2701,1,1,178,1
177,3,0,2,1,1,1,0.9853,0.9855,0.8837,0.8788,780.087,326.6941,575.7741,333.3467,690.6734,404.3744,646.0398,410.2124,204.4212,45.0139,0.2202,1,1,178,1
178,3,0,0,1,1,1,0.9866,0.9896,0.9103,0.9057,478.4226,227.0018,255.8908,226.7694,386.0759,246.1104,333.8309,244.1048,222.532,52.2835,0.2349,1,1,179,1
178,3,0,1,1,1,1,0.983,0.9894,0.8583,0.885,1108.7286,347.1778,894.9568,351.0646,1036.9976,374.4031,982.7973,354.287,213.8072,57.8128,0.2704,1,1,179,1
178,3,0,2,1,1,1,0.9853,0.9855,0.8838,0.8788,780.1052,326.6992,575.771,333.3415,690.6347,404.3448,646.0484,410.2218,204.4422,44.9719,0.22,1,1,179,1
179,3,0,0,1,1,1,0.987,0.9895,0.9105,0.9034,478.8585,226.9408,256.8384,226.3398,386.2351,246.3272,333.5884,244.6645,222.0209,52.673,0.2372,1,1,180,1
179,3,0,1,1,1,1,0.9831,0.9896,0.8576,0.8851,1108.9271,348.2447,894.16,352.5568,1038.0365,377.8526,983.5062,352.9146,214.8104,59.9621,0.2791,1,1,180,1
179,3,0,2,1,1,1,0.9854,0.9856,0.8836,0.8783,780.3952,327.1108,575.7274,333.3787,690.8917,403.937,646.2334,409.7916,204.7639,45.0404,0.22,1,1,180,1
180,3,0,0,1,1,1,0.987,0.9895,0.9105,0.9033,478.853,226.9446,256.836,226.3078,386.2405,246.2904,333.5664,244.7106,222.018,52.6978,0.2374,1,1,181,1
180,3,0,1,1,1,1,0.9831,0.9896,0.8575,0.8851,1108.9058,348.2306,894.1418,352.5561,1037.987,377.757,983.5131,352.8724,214.8075,59.8887,0.2788,1,1,181,1
180,3,0,2,1,1,1,0.9854,0.9856,0.8836,0.8784,780.4014,327.0952,575.7215,333.3651,690.907,403.9848,646.2458,409.8087,204.7759,45.0394,0.2199,1,1,181,1
181,3,0,0,1,1,1,0.9867,0.9896,0.9098,0.9055,478.6738,226.3873,257.0251,226.0404,386.7279,245.6014,333.782,244.2196,221.649,52.964,0.239,1,1,182,1
181,3,0,1,1,1,1,0.9834,0.9894,0.8609,0.8844,1108.1272,347.7896,893.6443,352.0223,1038.7728,380.3656,981.4438,357.5302,214.5246,61.7096,0.2877,1,1,182,1
181,3,0,2,1,1,1,0.9855,0.9858,0.8824,0.8773,780.3304,327.0288,575.1304,333.5896,690.7356,405.9926,644.953,411.6606,205.3049,46.1322,0.2247,1,1,182,1
182,3,0,0,1,1,1,0.9867,0.9896,0.9099,0.9056,478.6903,226.3471,257.0372,226.0039,386.7846,245.5799,333.7861,244.2156,221.6533,53.0161,0.2392,1,1,183,1
182,3,0,1,1,1,1,0.9834,0.9894,0.8609,0.8843,1108.1108,347.837,893.5889,352.0317,1038.824,380.4374,981.3906,357.7643,214.563,61.7468,0.2878,1,1,183,1
182,3,0,2,1,1,1,0.9855,0.9857,0.8825,0.8773,780.3302,327.071,575.1753,333.5706,690.7774,405.9168,644.912,411.6744,205.2578,46.2254,0.2252,1,1,183,1
183,3,0,0,1,1,1,0.9863,0.9897,0.9075,0.9066,478.6202,226.848,256.156,225.5746,387.8559,245.9933,333.705,244.5453,222.4679,54.1702,0.2435,1,1,184,1
183,3,0,1,1,1,1,0.9835,0.9895,0.8616,0.8858,1106.8887,347.9933,893.9306,351.7232,1040.894,381.2731,980.53,358.7644,212.9907,64.424,0.3025,1,1,184,1
183,3,0,2,1,1,1,0.9858,0.9853,0.886,0.8758,780.1046,326.7913,575.6344,332.9236,690.0449,406.1799,645.2539,413.2277,204.5622,45.3421,0.2217,1,1,184,1
184,3,0,0,1,1,1,0.9861,0.9898,0.907,0.908,478.7552,226.4516,256.5518,225.6496,388.7625,246.4543,334.4126,243.0502,222.2049,54.4564,0.2451,1,1,185,1
184,3,0,1,1,1,1,0.9838,0.9893,0.8639,0.8844,1106.3667,348.098,893.1729,351.8125,1041.0239,380.7916,978.9062,362.0789,213.2262,64.8751,0.3043,1,1,185,1
184,3,0,2,1,1,1,0.9859,0.9852,0.8868,0.8743,779.9346,326.7034,575.5409,333.0549,689.9131,405.5324,644.6782,412.7884,204.4923,45.8131,0.224,1,1,185,1
185,3,0,0,1,1,1,0.9861,0.9898,0.907,0.9081,478.7845,226.4706,256.5806,225.646,388.7525,246.4264,334.4073,243.0706,222.2054,54.4487,0.245,1,1,186,1
185,3,0,1,1,1,1,0.9838,0.9893,0.8637,0.8843,1106.382,348.1212,893.1693,351.8519,1041.0533,380.8384,978.927,362.047,213.2453,64.9061,0.3044,1,1,186,1
185,3,0,2,1,1,1,0.9859,0.9852,0.8867,0.8744,779.9118,326.7002,575.5404,333.0666,689.9088,405.5837,644.6834,412.8052,204.4707,45.7982,0.224,1,1,186,1
186,3,0,0,1,1,1,0.9861,0.9895,0.9091,0.9074,479.0847,226.7447,256.4684,225.1753,388.6396,246.7016,334.344,242.7417,222.6219,54.4398,0.2445,1,1,187,1
186,3,0,1,1,1,1,0.984,0.9893,0.8646,0.8836,1106.4497,348.4048,893.1298,351.6633,1042.0322,382.3327,977.0834,365.433,213.3448,67.1115,0.3146,1,1,187,1
186,3,0,2,1,1,1,0.986,0.9849,0.8894,0.8744,779.6242,327.0044,575.8996,332.9218,690.06,404.9706,645.4577,411.2246,203.8105,45.0386,0.221,1,1,187,1
187,3,0,0,1,1,1,0.9861,0.9895,0.9092,0.9074,479.0653,226.6931,256.4863,225.1623,388.63,246.7363,334.3618,242.762,222.5842,54.4135,0.2445,1,1,188,1
187,3,0,1,1,1,1,0.984,0.9892,0.8647,0.8835,1106.5374,348.4701,893.1378,351.6751,1042.1461,382.6095,976.973,365.851,213.4236,67.2933,0.3153,1,1,188,1
187,3,0,2,1,1,1,0.986,0.9849,0.8892,0.8745,779.6321,326.9696,575.905,332.9126,690.1114,405.0691,645.4266,411.1755,203.8137,45.1002,0.2213,1,1,188,1
188,3,0,0,1,1,1,0.986,0.9896,0.9083,0.9081,479.4553,226.0442,256.6597,225.0204,388.1704,246.0532,334.3762,242.8506,222.7979,53.8894,0.2419,1,1,189,1
188,3,0,1,1,1,1,0.9841,0.9893,0.8659,0.8841,1106.5022,348.0714,893.1181,351.3837,1041.4163,385.0003,975.4402,370.4694,213.4098,67.5573,0.3166,1,1,189,1
188,3,0,2,1,1,1,0.9859,0.9848,0.8893,0.8747,779.6526,326.7186,576.093,333.1488,690.7373,406.2084,645.9984,410.9341,203.6612,44.9878,0.2209,1,1,189,1
189,3,0,0,1,1,1,0.986,0.9896,0.9083,0.9081,479.4401,226.0806,256.64,225.0376,388.1594,246.0645,334.3793,242.9287,222.8026,53.8714,0.2418,1,1,190,1
189,3,0,1,1,1,1,0.9841,0.9893,0.8657,0.8841,1106.5337,348.0679,893.1008,351.382,1041.4316,385.0071,975.4427,370.3492,213.4586,67.5972,0.3167,1,1,190,1
189,3,0,2,1,1,1,0.9859,0.9848,0.8893,0.8749,779.6468,326.7363,576.1422,333.1464,690.7542,406.1904,646.0083,410.8829,203.6055,44.9914,0.221,1,1,190,1
190,3,0,0,1,1,1,0.9858,0.9897,0.908,0.9097,479.0628,225.9056,256.8272,224.8707,388.3377,246.4081,334.5412,243.2864,222.2379,53.887,0.2425,1,1,191,1
190,3,0,1,1,1,1,0.984,0.9894,0.8646,0.885,1106.1335,347.8415,892.389,351.6724,1039.6141,382.163,975.6122,368.4542,213.7789,65.4536,0.3062,1,1,191,1
190,3,0,2,1,1,1,0.986,0.9848,0.8899,0.8747,779.3119,326.8482,575.6776,333.0282,691.0522,406.7137,644.6418,411.9653,203.728,46.7066,0.2293,1,1,191,1
191,3,0,0,1,1,1,0.9857,0.9896,0.9085,0.9103,479.5784,225.6848,257.1624,225.052,388.4304,247.0642,334.4778,243.4351,222.4169,54.0746,0.2431,1,1,192,1
191,3,0,1,1,1,1,0.9839,0.9894,0.863,0.8835,1106.2291,348.1325,892.0869,352.5202,1040.5862,383.5217,974.8926,369.0356,214.1872,67.2718,0.3141,1,1,192,1
191,3,0,2,1,1,1,0.986,0.9847,0.8903,0.8748,779.3745,326.7615,575.8484,332.8613,688.1581,404.9628,644.4662,412.5896,203.6175,44.3525,0.2178,1,1,192,1
192,3,0,0,1,1,1,0.9857,0.9896,0.9085,0.9104,479.5801,225.6455,257.1631,225.0122,388.3232,246.9264,334.5157,243.3028,222.4179,53.9293,0.2425,1,1,193,1
192,3,0,1,1,1,1,0.9839,0.9894,0.863,0.8835,1106.217,348.1358,892.0874,352.5273,1040.6028,383.55,974.8719,369.0292,214.1747,67.3156,0.3143,1,1,193,1
192,3,0,2,1,1,1,0.986,0.9847,0.8901,0.875,779.3828,326.8143,575.8474,332.8832,688.3202,404.9958,644.366,412.5311,203.6259,44.5954,0.219,1,1,193,1
193,3,0,0,1,1,1,0.9857,0.9898,0.9073,0.9105,480.0148,225.8021,257.2026,225.2206,387.65,246.3114,334.741,242.8994,222.813,53.019,0.238,1,1,194,1
193,3,0,1,1,1,1,0.9837,0.9892,0.8631,0.8837,1105.6064,348.3953,892.9106,351.9524,1040.1766,383.4346,975.2129,366.2586,212.7256,67.196,0.3159,1,1,194,1
193,3,0,2,1,1,1,0.9859,0.9847,0.8899,0.8748,779.2754,327.122,575.9044,332.9627,689.3111,404.7682,645.4662,411.6148,203.4549,44.3763,0.2181,1,1,194,1
194,3,0,0,1,1,1,0.9857,0.9898,0.9074,0.9103,479.9643,225.816,257.1633,225.256,387.7093,246.3656,334.7676,242.8875,222.8017,53.0559,0.2381,1,1,195,1
194,3,0,1,1,1,1,0.9838,0.9892,0.8633,0.8836,1105.622,348.3952,892.8477,351.94,1040.1896,383.5022,975.1169,366.332,212.8038,67.2998,0.3163,1,1,195,1
194,3,0,2,1,1,1,0.986,0.9846,0.89,0.8745,779.2589,327.1105,575.9099,332.9046,689.3746,404.7703,645.4226,411.6224,203.4315,44.4829,0.2187,1,1,195,1
195,3,0,0,1,1,1,0.9858,0.9897,0.9079,0.9091,480.4859,226.3989,257.4676,225.7715,388.6653,247.5835,334.3437,244.1768,223.0192,54.4283,0.2441,1,1,196,1
195,3,0,1,1,1,1,0.9839,0.9895,0.8609,0.8836,1104.9113,347.9334,892.1302,351.2818,1039.3608,384.4128,975.164,367.0955,212.8074,66.4915,0.3124,1,1,196,1
195,3,0,2,1,1,1,0.9862,0.9846,0.8908,0.8729,779.1565,327.2295,575.8532,332.7846,689.0802,404.7266,645.2148,412.4359,203.3792,44.5377,0.219,1,1,196,1
196,3,0,0,1,1,1,0.9858,0.9897,0.9079,0.9091,480.489,226.4093,257.4667,225.7792,388.6597,247.5851,334.3376,244.1598,223.0232,54.43,0.2441,1,1,197,1
196,3,0,1,1,1,1,0.9839,0.9895,0.8609,0.8836,1104.9198,347.9119,892.1567,351.2213,1039.3442,384.3072,975.1636,367.0878,212.7889,66.4505,0.3123,1,1,197,1
196,3,0,2,1,1,1,0.9862,0.9846,0.8908,0.8729,779.1206,327.2228,575.8522,332.7638,689.107,404.7433,645.2024,412.4546,203.344,44.5767,0.2192,1,1,197,1
197,3,0,0,1,1,1,0.9859,0.9898,0.9073,0.9097,480.3973,226.4412,257.3678,225.445,388.7773,247.6206,333.8222,244.7122,223.0317,55.032,0.2467,1,1,198,1
197,3,0,1,1,1,1,0.9837,0.9895,0.8619,0.8859,1104.6511,348.485,892.1721,351.7794,1038.7642,383.1883,975.2173,364.1264,212.5046,66.3443,0.3122,1,1,198,1
197,3,0,2,1,1,1,0.9861,0.9849,0.8892,0.8734,778.9426,327.0293,574.9964,333.1783,688.1,402.8663,646.7804,408.8801,204.0389,41.755,0.2046,1,1,198,1
198,3,0,0,1,1,1,0.9859,0.9898,0.9073,0.9096,480.3716,226.3924,257.3665,225.4248,388.808,247.6657,333.7802,244.7351,223.0072,55.1058,0.2471,1,1,199,1
198,3,0,1,1,1,1,0.9837,0.9895,0.8619,0.8859,1104.6309,348.5124,892.1741,351.7933,1038.8047,383.2046,975.2209,364.1704,212.4821,66.3717,0.3124,1,1,199,1
198,3,0,2,1,1,1,0.9862,0.9849,0.8893,0.8733,778.9444,327.0199,575.0094,333.1703,688.0869,402.8464,646.7898,408.8767,204.0277,41.7351,0.2046,1,1,199,1
199,3,0,0,1,1,1,0.9857,0.9898,0.9057,0.9091,480.6844,225.8088,258.1654,225.1214,388.3752,246.6814,333.7748,244.7924,222.5201,54.633,0.2455,1,1,200,1
199,3,0,1,1,1,1,0.9839,0.9895,0.8605,0.8844,1104.6921,348.5726,891.3238,351.2749,1039.1025,384.2628,976.0219,364.632,213.3855,66.0646,0.3096,1,1,200,1
199,3,0,2,1,1,1,0.9862,0.9847,0.8903,0.8729,779.1304,326.9112,575.6461,332.9268,688.4447,402.8931,646.0467,407.394,203.5732,42.6363,0.2094,1,1,200,1
200,3,0,0,1,1,1,0.9857,0.9898,0.9057,0.9091,480.682,225.8143,258.171,225.1079,388.3811,246.6423,333.7907,244.7656,222.5122,54.6226,0.2455,1,1,201,1
200,3,0,1,1,1,1,0.9839,0.9895,0.8605,0.8845,1104.6511,348.5494,891.3308,351.2492,1039.1836,384.3662,975.9879,364.7768,213.3374,66.1623,0.3101,1,1,201,1
200,3,0,2,1,1,1,0.9862,0.9846,0.8904,0.873,779.1286,326.9225,575.6591,332.9272,688.4648,402.9184,646.0611,407.445,203.558,42.6446,0.2095,1,1,201,1
201,3,0,0,1,1,1,0.9857,0.9898,0.9068,0.9094,480.9482,225.6112,257.7987,224.951,388.3952,246.6418,334.1445,245.5144,223.1505,54.2624,0.2432,1,1,202,1
201,3,0,1,1,1,1,0.9839,0.9894,0.8632,0.8856,1104.0554,348.6158,891.587,351.1453,1038.9888,383.3641,974.6384,366.9653,212.4834,66.407,0.3125,1,1,202,1
201,3,0,2,1,1,1,0.9863,0.9847,0.8904,0.872,779.1494,327.0599,574.8263,333.2048,686.8379,402.1824,645.6862,407.3098,204.4155,41.4699,0.2029,1,1,202,1
202,3,0,0,1,1,1,0.9858,0.9899,0.9058,0.909,480.7293,226.4118,258.2456,225.5127,387.727,246.2134,333.5651,245.7134,222.4856,54.1642,0.2435,1,1,203,1
202,3,0,1,1,1,1,0.9838,0.9893,0.865,0.8872,1103.457,348.6994,891.5504,351.1618,1038.7291,382.6556,975.2693,365.8362,211.921,65.6509,0.3098,1,1,203,1
202,3,0,2,1,1,1,0.9864,0.9845,0.8912,0.8713,778.8207,326.9618,575.0586,333.4008,684.8675,400.8418,645.6115,406.5768,203.8638,39.6727,0.1946,1,1,203,1
203,3,0,0,1,1,1,0.9858,0.9899,0.9058,0.909,480.7752,226.3487,258.2438,225.5098,387.7368,246.2234,333.5714,245.6977,222.5331,54.168,0.2434,1,1,204,1
203,3,0,1,1,1,1,0.9838,0.9893,0.865,0.8871,1103.4401,348.6976,891.5583,351.1313,1038.6925,382.6553,975.2959,365.9121,211.8957,65.5703,0.3094,1,1,204,1
203,3,0,2,1,1,1,0.9864,0.9845,0.8913,0.8712,778.8136,326.9723,575.0716,333.4009,684.8204,400.7656,645.592,406.6046,203.8433,39.6606,0.1946,1,1,204,1
204,3,0,0,1,1,1,0.986,0.9901,0.9046,0.9086,481.1804,226.9162,258.2745,226.2632,388.573,247.9299,333.7068,245.9459,222.9069,54.9021,0.2463,1,1,205,1
204,3,0,1,1,1,1,0.9837,0.9895,0.8605,0.8853,1104.0054,348.9161,891.0128,351.133,1038.1753,381.916,975.8673,365.5232,213.0042,64.4283,0.3025,1,1,205,1
204,3,0,2,1,1,1,0.9868,0.9843,0.8934,0.8687,779.008,326.9624,574.5878,333.1959,686.0426,401.464,645.4929,406.477,204.5151,40.8584,0.1998,1,1,205,1
205,3,0,0,1,1,1,0.986,0.9901,0.9046,0.9086,481.1817,226.9312,258.27,226.2688,388.5616,247.9386,333.7046,245.9541,222.9127,54.8929,0.2463,1,1,206,1
205,3,0,1,1,1,1,0.9837,0.9895,0.8606,0.8852,1104.007,348.9076,891.0174,351.1188,1038.1663,381.9062,975.8598,365.5592,213.001,64.4152,0.3024,1,1,206,1
205,3,0,2,1,1,1,0.9868,0.9843,0.8934,0.8687,778.9955,326.9828,574.6012,333.1978,686.0302,401.4452,645.4749,406.4446,204.4888,40.8622,0.1998,1,1,206,1
206,3,0,0,1,1,1,0.9858,0.9901,0.9046,0.9094,481.472,226.9621,258.6455,226.2674,388.2484,247.8693,333.6579,246.2432,222.8276,54.6147,0.2451,1,1,207,1
206,3,0,1,1,1,1,0.9839,0.9897,0.8605,0.8867,1103.8674,348.3813,891.3184,350.3778,1039.2148,385.5176,974.3027,366.8832,212.5584,67.5338,0.3177,1,1,207,1
206,3,0,2,1,1,1,0.9868,0.9841,0.895,0.8693,778.7913,327.0328,574.5554,333.2756,685.8922,401.9812,645.2039,408.3986,204.3313,41.1913,0.2016,1,1,207,1
207,3,0,0,1,1,1,0.9858,0.9901,0.9046,0.9095,481.4534,226.9892,258.6475,226.3185,388.2378,247.868,333.6693,246.1508,222.8069,54.5956,0.245,1,1,208,1
207,3,0,1,1,1,1,0.9839,0.9897,0.8608,0.8868,1103.8618,348.3916,891.329,350.3796,1039.141,385.4923,974.0602,366.997,212.5421,67.6578,0.3183,1,1,208,1
207,3,0,2,1,1,1,0.9868,0.9841,0.8951,0.8691,778.8748,326.9958,574.5178,333.2971,685.696,401.9133,645.1435,408.4662,204.4541,41.0786,0.2009,1,1,208,1
208,3,0,0,1,1,1,0.9857,0.9901,0.9039,0.909,482.256,226.6238,258.9865,225.696,388.4482,247.2998,333.3034,246.8906,223.2714,55.1463,0.247,1,1,209,1
208,3,0,1,1,1,1,0.9839,0.9897,0.8602,0.8859,1103.8925,349.4204,890.6149,350.539,1039.6987,385.8418,974.0388,367.7209,213.2805,68.1145,0.3194,1,1,209,1
208,3,0,2,1,1,1,0.9865,0.9843,0.8928,0.8707,778.7286,326.8068,574.0497,333.4876,684.1576,399.0958,645.6722,407.4433,204.788,39.3803,0.1923,1,1,209,1
209,3,0,0,1,1,1,0.9858,0.9901,0.904,0.909,482.3044,226.6707,259.0156,225.7416,388.231,247.0701,333.36,246.8191,223.2907,54.8716,0.2457,1,1,210,1
209,3,0,1,1,1,1,0.9839,0.9897,0.8604,0.8862,1103.8229,349.3848,890.608,350.514,1039.6211,385.7658,973.8895,367.9256,213.2178,68.1096,0.3194,1,1,210,1
209,3,0,2,1,1,1,0.9865,0.9843,0.8925,0.8709,778.7671,326.7892,573.9527,333.5159,684.0062,399.1474,645.6836,407.773,204.9248,39.2814,0.1917,1,1,210,1
210,3,0,0,1,1,1,0.9857,0.9901,0.9034,0.9095,482.3404,227.2184,258.9289,225.8914,388.3898,248.6387,333.1101,247.8212,223.4154,55.2858,0.2475,1,1,211,1
210,3,0,1,1,1,1,0.9834,0.9897,0.8572,0.8873,1103.6376,349.4694,891.2609,351.1771,1039.4197,384.7026,975.4009,363.5581,212.3836,67.4203,0.3174,1,1,211,1
210,3,0,2,1,1,1,0.9861,0.9845,0.8906,0.8732,778.5468,326.8305,573.7732,333.4873,683.9784,399.7354,645.8654,407.4981,204.8819,38.8956,0.1898,1,1,211,1
211,3,0,0,1,1,1,0.9857,0.9901,0.9034,0.9094,482.315,227.1547,258.9427,225.8516,388.388,248.6634,333.0845,247.87,223.3761,55.3092,0.2476,1,1,212,1
211,3,0,1,1,1,1,0.9834,0.9897,0.8573,0.887,1103.645,349.5141,891.2363,351.1566,1039.2651,384.4194,975.1204,364.2435,212.415,67.243,0.3166,1,1,212,1
211,3,0,2,1,1,1,0.9862,0.9845,0.8908,0.8729,778.6208,326.8451,573.7477,333.5136,684.0344,399.6966,645.8041,407.547,204.9817,39.028,0.1904,1,1,212,1
212,3,0,0,1,1,1,0.9855,0.99,0.9045,0.9098,482.0114,226.922,259.3445,225.5882,389.019,248.7359,333.6449,247.8179,222.6708,55.3817,0.2487,1,1,213,1
212,3,0,1,1,1,1,0.9832,0.9896,0.8595,0.8887,1103.2126,349.119,891.4418,351.2163,1039.2413,386.0074,975.2402,362.4987,211.7812,68.1821,0.3219,1,1,213,1
212,3,0,2,1,1,1,0.986,0.9846,0.8899,0.8738,778.2824,326.7034,573.9672,333.4443,683.5744,399.1855,645.5194,407.9624,204.4264,39.054,0.191,1,1,213,1
213,3,0,0,1,1,1,0.9858,0.9902,0.903,0.9088,482.7717,228.3245,259.2152,226.7814,388.8204,247.6289,334.0755,248.044,223.5619,54.7464,0.2449,1,1,214,1
213,3,0,1,1,1,1,0.983,0.9898,0.8573,0.8899,1104.5217,349.1951,891.2499,351.3054,1036.1957,381.4143,976.9667,360.3569,213.2822,62.8609,0.2947,1,1,214,1
213,3,0,2,1,1,1,0.9861,0.9846,0.8901,0.8735,777.9154,326.4219,573.342,333.6585,686.7542,403.2098,646.9573,410.5296,204.7014,40.4646,0.1977,1,1,214,1
214,3,0,0,1,1,1,0.9858,0.9902,0.903,0.9087,482.7758,228.3102,259.23,226.7654,388.8217,247.6302,334.0602,248.0499,223.5512,54.7631,0.245,1,1,215,1
214,3,0,1,1,1,1,0.983,0.9898,0.8573,0.8899,1104.5105,349.1615,891.2379,351.2794,1036.1869,381.4077,976.9626,360.3767,213.2832,62.8476,0.2947,1,1,215,1
214,3,0,2,1,1,1,0.9861,0.9847,0.89,0.8735,777.9029,326.4395,573.3146,333.673,686.8474,403.2627,646.958,410.4866,204.7162,40.5383,0.198,1,1,215,1
215,3,0,0,1,1,1,0.9856,0.9902,0.9026,0.9097,483.0497,226.9538,259.3787,226.0198,388.8654,247.589,333.6027,247.6844,223.6729,55.2628,0.2471,1,1,216,1
215,3,0,1,1,1,1,0.983,0.9897,0.8575,0.889,1103.9935,348.2726,891.6047,351.3061,1037.4154,385.6356,978.0255,357.5276,212.4105,65.7055,0.3093,1,1,216,1
215,3,0,2,1,1,1,0.9863,0.9842,0.8931,0.8712,777.599,326.3752,573.8159,333.6785,685.3086,402.548,646.378,410.4315,203.9139,39.7208,0.1948,1,1,216,1
216,3,0,0,1,1,1,0.9856,0.9902,0.9025,0.9096,483.0164,226.9434,259.3795,226.0072,388.8342,247.5669,333.6409,247.6908,223.6389,55.1934,0.2468,1,1,217,1
216,3,0,1,1,1,1,0.983,0.9897,0.8575,0.889,1103.972,348.2443,891.6205,351.2748,1037.4424,385.7636,977.9841,357.6863,212.3732,65.7542,0.3096,1,1,217,1
216,3,0,2,1,1,1,0.9863,0.9842,0.8931,0.8711,777.618,326.4128,573.8387,333.6828,685.3222,402.5194,646.3891,410.4263,203.909,39.728,0.1948,1,1,217,1
217,3,0,0,1,1,1,0.9859,0.9902,0.9029,0.9083,482.6784,227.7997,259.552,226.2113,388.7334,248.0038,333.5361,247.9068,223.1321,55.1974,0.2474,1,1,218,1
217,3,0,1,1,1,1,0.9831,0.9897,0.8589,0.8898,1103.3229,349.1542,890.7486,351.2781,1037.7528,383.5889,976.2391,360.7198,212.5849,65.6273,0.3087,1,1,218,1
217,3,0,2,1,1,1,0.986,0.9843,0.8922,0.8738,777.5052,326.6054,574.1505,333.6976,685.3823,403.0065,647.2603,408.622,203.4784,38.5334,0.1894,1,1,218,1
218,3,0,0,1,1,1,0.9859,0.9902,0.9029,0.9083,482.6762,227.7738,259.5233,226.1868,388.7398,247.9665,333.5256,247.9136,223.1585,55.2142,0.2474,1,1,219,1
218,3,0,1,1,1,1,0.9831,0.9897,0.8589,0.8897,1103.322,349.1208,890.7236,351.2576,1037.7822,383.6683,976.2977,360.5953,212.6092,65.6713,0.3089,1,1,219,1
218,3,0,2,1,1,1,0.986,0.9843,0.8921,0.8739,777.4735,326.5922,574.1884,333.7147,685.3702,403.0,647.2846,408.5675,203.4099,38.4905,0.1892,1,1,219,1
219,3,0,0,1,1,1,0.9858,0.9903,0.9015,0.9083,482.8854,228.0536,259.6582,226.7198,388.6464,248.4228,333.8574,247.8108,223.2312,54.7924,0.2455,1,1,220,1
219,3,0,1,1,1,1,0.9834,0.9896,0.8614,0.8897,1103.166,349.057,891.445,350.448,1037.7843,383.2926,976.5444,360.991,211.7256,65.1742,0.3078,1,1,220,1
219,3,0,2,1,1,1,0.9857,0.9847,0.8897,0.8765,777.1963,326.571,573.7302,333.6469,684.9522,402.9893,646.626,409.3005,203.5891,38.8423,0.1908,1,1,220,1
220,3,0,0,1,1,1,0.9857,0.9903,0.9015,0.9089,483.3282,228.0582,259.9067,226.6339,389.0659,248.8052,333.7665,248.213,223.426,55.3026,0.2475,1,1,221,1
220,3,0,1,1,1,1,0.9836,0.9895,0.8622,0.8884,1103.0398,348.727,891.2634,349.788,1038.4568,383.9245,975.8799,363.9831,211.779,65.6775,0.3101,1,1,221,1
220,3,0,2,1,1,1,0.9858,0.9849,0.8887,0.876,777.5695,326.6804,573.7936,333.2805,682.8665,401.512,645.7758,412.0358,203.8828,38.5548,0.1891,1,1,221,1
221,3,0,0,1,1,1,0.9857,0.9903,0.9016,0.9088,483.4006,228.065,259.8577,226.7259,389.045,248.8254,333.7989,248.1532,223.5469,55.2502,0.2472,1,1,222,1
221,3,0,1,1,1,1,0.9836,0.9895,0.8623,0.8885,1102.9867,348.6876,891.3284,349.8469,1038.4698,384.0009,975.9932,363.875,211.6615,65.6383,0.3101,1,1,222,1
221,3,0,2,1,1,1,0.9858,0.9849,0.8888,0.8761,777.5836,326.6751,573.8488,333.2993,682.7668,401.4434,645.7348,412.0736,203.8425,38.5274,0.189,1,1,222,1
222,3,0,0,1,1,1,0.9858,0.9904,0.9022,0.9098,482.7004,228.649,259.8248,227.0376,388.791,248.7292,334.0761,247.7377,222.8815,54.7238,0.2455,1,1,223,1
222,3,0,1,1,1,1,0.9835,0.9895,0.8615,0.8883,1103.747,349.4488,891.1373,350.6979,1037.5994,381.7005,975.9957,363.2843,212.6133,64.2975,0.3024,1,1,223,1
222,3,0,2,1,1,1,0.9856,0.9849,0.8881,0.8772,777.07,326.6682,574.0922,332.8974,683.7458,402.0513,646.2425,412.9963,203.0735,39.0677,0.1924,1,1,223,1
223,3,0,0,1,1,1,0.9858,0.9904,0.9022,0.9099,482.6863,228.6648,259.8438,227.0334,388.8117,248.7871,334.0651,247.7739,222.8484,54.756,0.2457,1,1,224,1
223,3,0,1,1,1,1,0.9835,0.9895,0.8615,0.8882,1103.7393,349.4083,891.0965,350.6599,1037.4258,381.349,976.1331,363.1786,212.6464,63.9293,0.3006,1,1,224,1
223,3,0,2,1,1,1,0.9856,0.9849,0.8881,0.8772,777.0575,326.6936,574.0836,332.904,683.7662,402.0472,646.2304,413.0276,203.0689,39.109,0.1926,1,1,224,1
224,3,0,0,1,1,1,0.9855,0.9903,0.9017,0.9098,482.6478,228.3057,259.1797,226.4698,389.4112,249.9782,334.5714,248.1824,223.4757,54.8692,0.2455,1,1,225,1
224,3,0,1,1,1,1,0.9836,0.9895,0.8629,0.8881,1103.7223,349.5539,891.0073,350.8582,1038.4425,382.724,976.0635,361.9334,212.719,65.7525,0.3091,1,1,225,1
224,3,0,2,1,1,1,0.9856,0.9848,0.8883,0.8774,776.7428,326.9758,573.9756,332.7675,684.4753,403.1168,645.3862,413.2842,202.8499,40.3898,0.1991,1,1,225,1
225,3,0,0,1,1,1,0.9855,0.9903,0.9018,0.9098,482.6498,228.3192,259.1884,226.4701,389.4191,249.9689,334.5642,248.1811,223.469,54.884,0.2456,1,1,226,1
225,3,0,1,1,1,1,0.9836,0.9895,0.8628,0.8881,1103.7118,349.549,890.9889,350.8481,1038.447,382.746,976.0825,361.9473,212.7269,65.7413,0.309,1,1,226,1
225,3,0,2,1,1,1,0.9856,0.9848,0.8883,0.8775,776.7352,326.9734,573.9674,332.7706,684.4616,403.1042,645.3916,413.2596,202.8507,40.3683,0.199,1,1,226,1
226,3,0,0,1,1,1,0.9857,0.9903,0.9028,0.91,483.5205,228.9824,260.0276,227.3127,389.0718,249.5782,334.6772,247.3475,223.4991,54.4404,0.2436,1,1,227,1
226,3,0,1,1,1,1,0.9839,0.9896,0.8618,0.8866,1103.8259,349.6256,890.2721,350.0296,1040.2965,385.2377,976.1374,363.0734,213.5542,67.8797,0.3179,1,1,227,1
226,3,0,2,1,1,1,0.9857,0.985,0.8869,0.8759,777.311,326.8059,573.1032,332.779,683.6542,402.1972,646.1406,410.385,204.2952,38.3967,0.1879,1,1,227,1
227,3,0,0,1,1,1,0.9855,0.9902,0.9023,0.9101,483.5694,228.835,259.8459,226.863,389.5675,249.8695,334.5819,248.413,223.7322,55.0049,0.2459,1,1,228,1
227,3,0,1,1,1,1,0.9836,0.9896,0.8608,0.8872,1103.998,349.7539,890.3085,350.4894,1040.1484,384.8272,975.6395,364.1271,213.6908,67.7488,0.317,1,1,228,1
227,3,0,2,1,1,1,0.9854,0.9847,0.8882,0.8783,776.9166,327.0088,573.7262,332.9702,682.0116,400.1973,645.9268,410.789,203.2778,37.6071,0.185,1,1,228,1
228,3,0,0,1,1,1,0.9855,0.9902,0.9024,0.9101,483.609,228.8237,259.8367,226.8464,389.5774,249.8866,334.5881,248.414,223.7811,55.0091,0.2458,1,1,229,1
228,3,0,1,1,1,1,0.9836,0.9896,0.8607,0.8872,1104.03,349.7346,890.347,350.4592,1039.8354,384.3842,975.6328,364.102,213.6843,67.3301,0.3151,1,1,229,1
228,3,0,2,1,1,1,0.9854,0.9847,0.8884,0.8782,776.8817,327.0281,573.748,332.9564,681.9998,400.1592,646.0078,410.7485,203.2202,37.5175,0.1846,1,1,229,1
229,3,0,0,1,1,1,0.9857,0.9899,0.9042,0.908,483.9064,228.5624,260.2515,226.9564,389.5164,250.2662,334.6952,248.7053,223.6607,54.8434,0.2452,1,1,230,1
229,3,0,1,1,1,1,0.984,0.9895,0.8631,0.8863,1103.859,349.1538,890.5512,349.7412,1041.6754,387.9439,974.8951,365.8761,213.3086,70.3321,0.3297,1,1,230,1
229,3,0,2,1,1,1,0.9854,0.9849,0.8873,0.8781,776.9788,327.389,573.3974,333.6581,683.7638,402.9565,645.3276,410.8056,203.6779,39.2295,0.1926,1,1,230,1
230,3,0,0,1,1,1,0.9857,0.9899,0.9042,0.908,483.9074,228.5676,260.2999,226.9276,389.5304,250.295,334.691,248.7768,223.6134,54.8605,0.2453,1,1,231,1
230,3,0,1,1,1,1,0.984,0.9895,0.8629,0.8862,1104.0076,349.2315,890.4908,349.7056,1041.6428,388.0631,974.7144,366.2835,213.5172,70.383,0.3296,1,1,231,1
230,3,0,2,1,1,1,0.9854,0.9849,0.8873,0.8781,776.9876,327.4278,573.2992,333.6884,683.688,402.8529,645.3536,410.7142,203.7845,39.1322,0.192,1,1,231,1
231,3,0,0,1,1,1,0.9856,0.9901,0.9033,0.9089,483.8211,228.6452,259.9978,226.6799,389.9893,250.4053,334.6965,248.441,223.8319,55.3277,0.2472,1,1,232,1
231,3,0,1,1,1,1,0.9838,0.9893,0.8635,0.8855,1104.4646,349.5234,890.8849,350.4648,1039.287,384.3503,975.8895,363.8772,213.5818,66.6212,0.3119,1,1,232,1
231,3,0,2,1,1,1,0.9855,0.9849,0.887,0.8772,777.2814,327.2579,573.127,333.8083,684.888,403.6606,645.935,410.519,204.2595,39.5522,0.1936,1,1,232,1
232,3,0,0,1,1,1,0.9857,0.9901,0.9034,0.9089,483.8256,228.7456,260.0266,226.7328,389.9868,250.2464,334.6735,248.508,223.8081,55.3406,0.2473,1,1,233,1
232,3,0,1,1,1,1,0.9838,0.9893,0.8636,0.8855,1104.4215,349.5654,890.8694,350.4862,1039.31,384.2851,976.0918,363.7137,213.554,66.4811,0.3113,1,1,233,1
232,3,0,2,1,1,1,0.9854,0.9849,0.887,0.8774,777.2454,327.2517,573.1203,333.8123,684.915,403.5708,645.9418,410.3939,204.2305,39.566,0.1937,1,1,233,1
233,3,0,0,1,1,1,0.9856,0.9902,0.9027,0.9096,483.8744,228.645,260.5499,227.0749,390.2839,250.5567,334.8158,248.0417,223.33,55.5251,0.2486,1,1,234,1
233,3,0,1,1,1,1,0.9838,0.9895,0.861,0.8855,1104.8995,349.643,890.4844,351.2717,1040.4829,385.9118,975.9743,361.7364,214.4213,68.8898,0.3213,1,1,234,1
233,3,0,2,1,1,1,0.9854,0.9849,0.8871,0.8781,777.091,326.9998,573.4787,333.8721,683.7686,402.2804,645.3306,409.9932,203.7282,39.2042,0.1924,1,1,234,1
234,3,0,0,1,1,1,0.9856,0.9902,0.9027,0.9096,483.8847,228.6359,260.5728,227.0454,390.2618,250.5478,334.7844,248.1224,223.3176,55.5304,0.2487,1,1,235,1
234,3,0,1,1,1,1,0.9837,0.9895,0.861,0.8855,1104.9084,349.6516,890.5156,351.289,1040.5054,385.9537,975.937,361.7559,214.3991,68.9537,0.3216,1,1,235,1
234,3,0,2,1,1,1,0.9853,0.9849,0.8869,0.8782,777.083,326.9942,573.4624,333.8845,683.7727,402.3032,645.333,409.9929,203.737,39.2013,0.1924,1,1,235,1
235,3,0,0,1,1,1,0.9852,0.9901,0.9018,0.9098,484.4,228.0206,261.3595,226.818,389.922,249.1944,335.0082,246.5337,223.0438,54.9782,0.2465,1,1,236,1
235,3,0,1,1,1,1,0.984,0.9895,0.863,0.8847,1104.0013,349.2984,890.7079,350.7682,1038.9307,381.6916,975.5586,364.0309,213.2985,65.7869,0.3084,1,1,236,1
235,3,0,2,1,1,1,0.9857,0.9846,0.8895,0.8763,777.5524,326.6732,573.315,333.3436,682.6002,400.7081,645.2944,410.7714,204.3462,38.6392,0.1891,1,1,236,1
236,3,0,0,1,1,1,0.9853,0.9901,0.902,0.9098,484.3509,228.1162,261.3302,226.9019,389.927,249.0878,335.0134,246.5036,223.024,54.9743,0.2465,1,1,237,1
236,3,0,1,1,1,1,0.984,0.9895,0.8632,0.8847,1104.0254,349.3236,890.6551,350.8404,1038.8105,381.5845,975.6429,363.6842,213.3757,65.655,0.3077,1,1,237,1
236,3,0,2,1,1,1,0.9857,0.9846,0.8894,0.8762,777.5352,326.6732,573.236,333.3565,682.5423,400.7013,645.1792,410.6767,204.4085,38.6719,0.1892,1,1,237,1
237,3,0,0,1,1,1,0.9851,0.9903,0.9002,0.9109,484.348,227.869,260.7528,226.6586,390.3565,249.7227,335.7273,245.5742,223.5985,54.7864,0.245,1,1,238,1
237,3,0,1,1,1,1,0.984,0.9895,0.8626,0.8842,1104.2672,348.5489,890.761,350.4806,1038.9685,382.8044,975.3167,364.7082,213.5149,66.1742,0.3099,1,1,238,1
237,3,0,2,1,1,1,0.9854,0.9848,0.8876,0.8776,777.59,326.896,573.4356,333.5073,682.0597,399.6464,645.4594,410.0506,204.2614,38.0504,0.1863,1,1,238,1
238,3,0,0,1,1,1,0.9854,0.9902,0.9016,0.91,484.2002,228.0842,260.6933,226.7593,390.525,249.5894,335.7165,246.2436,223.5109,54.9105,0.2457,1,1,239,1
238,3,0,1,1,1,1,0.9841,0.9893,0.8644,0.8833,1104.5703,348.6687,890.5144,350.853,1038.3195,382.4754,974.6665,364.9174,214.0671,66.0301,0.3085,1,1,239,1
238,3,0,2,1,1,1,0.985,0.9851,0.8848,0.8802,777.6528,326.8384,573.6509,333.452,683.6016,402.2094,645.676,411.369,204.1091,39.016,0.1912,1,1,239,1
239,3,0,0,1,1,1,0.9854,0.9902,0.9017,0.91,484.2159,228.1227,260.6874,226.7526,390.5049,249.6061,335.7072,246.3642,223.5327,54.8934,0.2456,1,1,240,1
239,3,0,1,1,1,1,0.9841,0.9893,0.8644,0.8833,1104.5603,348.6696,890.4937,350.8485,1038.3256,382.4893,974.6325,365.0018,214.0777,66.0501,0.3085,1,1,240,1
239,3,0,2,1,1,1,0.985,0.9851,0.8848,0.8803,777.6386,326.8193,573.6473,333.4496,683.5858,402.21,645.6844,411.3876,204.099,38.9967,0.1911,1,1,240,1
240,3,0,0,1,1,1,0.9855,0.9903,0.9014,0.9102,484.6827,228.658,260.4196,226.9703,390.691,249.4323,335.6326,245.6995,224.2694,55.1847,0.2461,1,1,241,1
240,3,0,1,1,1,1,0.984,0.9893,0.8641,0.8842,1104.5347,349.0304,890.4264,350.0188,1039.022,382.9996,974.6562,366.8964,214.1106,66.3495,0.3099,1,1,241,1
240,3,0,2,1,1,1,0.9854,0.9846,0.8884,0.8776,777.6642,327.2825,573.7546,333.7695,683.4817,401.1591,645.7602,410.279,204.0128,38.8083,0.1902,1,1,241,1
241,3,0,0,1,1,1,0.9855,0.9903,0.9015,0.9101,484.6931,228.6108,260.4186,226.9537,390.5536,249.3048,335.6462,245.6836,224.2807,55.0266,0.2453,1,1,242,1
241,3,0,1,1,1,1,0.984,0.9893,0.864,0.8842,1104.5674,349.0606,890.415,350.0079,1039.0192,382.8048,974.7847,366.862,214.1544,66.1834,0.309,1,1,242,1
241,3,0,2,1,1,1,0.9854,0.9847,0.8882,0.8776,777.648,327.239,573.7774,333.7274,683.493,401.164,645.7217,410.3764,203.9738,38.8786,0.1906,1,1,242,1
242,3,0,0,1,1,1,0.9855,0.9904,0.9015,0.9101,485.316,228.4112,260.7391,226.8388,391.5847,249.9623,335.5277,246.0885,224.5824,56.1907,0.2502,1,1,243,1
242,3,0,1,1,1,1,0.9839,0.9894,0.8626,0.8842,1104.6971,348.734,890.4155,350.4425,1037.952,381.9783,975.3715,365.8428,214.2885,64.6272,0.3016,1,1,243,1
242,3,0,2,1,1,1,0.9853,0.9847,0.8883,0.8786,776.922,327.1168,573.5413,333.5918,684.5564,401.4011,646.2892,409.2159,203.4837,39.0569,0.1919,1,1,243,1
243,3,0,0,1,1,1,0.9855,0.9904,0.9013,0.9101,485.3238,228.4484,260.6985,226.9484,391.5872,249.9073,335.58,246.0198,224.6304,56.142,0.2499,1,1,244,1
243,3,0,1,1,1,1,0.9838,0.9894,0.862,0.8844,1104.9221,348.854,890.4561,350.5705,1038.0704,382.3118,975.3401,365.8071,214.4729,64.8653,0.3024,1,1,244,1
243,3,0,2,1,1,1,0.9853,0.9847,0.8884,0.8785,776.976,327.0458,573.5543,333.5365,684.8146,401.9028,646.158,409.5578,203.5253,39.4072,0.1936,1,1,244,1
244,3,0,0,1,1,1,0.9855,0.9904,0.9017,0.9109,484.7576,228.9325,260.8235,227.3471,391.7979,250.6662,335.6167,246.3594,223.9397,56.346,0.2516,1,1,245,1
244,3,0,1,1,1,1,0.984,0.9894,0.8641,0.8856,1104.3682,348.5636,890.332,349.9174,1040.5864,386.4096,975.4493,364.0198,214.0405,68.8778,0.3218,1,1,245,1
244,3,0,2,1,1,1,0.9852,0.9849,0.8867,0.8789,777.0882,327.2225,573.3,333.3198,682.5364,399.647,645.2932,411.357,203.8795,39.0409,0.1915,1,1,245,1
245,3,0,0,1,1,1,0.9855,0.9904,0.9018,0.9107,484.7386,228.9458,260.8172,227.3743,391.818,250.599,335.6887,246.1672,223.9268,56.3039,0.2514,1,1,246,1
245,3,0,1,1,1,1,0.984,0.9894,0.8639,0.8855,1104.3628,348.4684,890.4119,349.9312,1040.5769,386.6332,975.6985,363.949,213.9559,68.7297,0.3212,1,1,246,1
245,3,0,2,1,1,1,0.9853,0.9849,0.8869,0.8785,777.1162,327.2492,573.3334,333.2618,682.5644,399.3823,645.4701,411.3809,203.8714,38.9865,0.1912,1,1,246,1
246,3,0,0,1,1,1,0.9856,0.9903,0.9026,0.9103,484.2943,228.8264,260.7,226.7354,392.2078,250.753,335.2047,246.1726,223.604,57.1868,0.2558,1,1,247,1
246,3,0,1,1,1,1,0.984,0.9893,0.865,0.8851,1104.7003,348.1404,890.9316,350.5067,1037.1764,381.1493,975.5035,365.2858,213.7818,63.6804,0.2979,1,1,247,1
246,3,0,2,1,1,1,0.9856,0.9848,0.8878,0.8764,777.2052,327.4039,573.0542,333.2772,685.2252,403.7006,645.4719,413.1561,204.2356,40.8623,0.2001,1,1,247,1
247,3,0,0,1,1,1,0.9856,0.9903,0.9025,0.9102,484.2226,228.8232,260.6655,226.7266,392.178,250.7671,335.1998,246.1703,223.5669,57.1633,0.2557,1,1,248,1
247,3,0,1,1,1,1,0.9839,0.9893,0.8652,0.885,1104.7228,348.16,890.9688,350.5258,1037.2451,381.2059,975.4421,365.5516,213.7671,63.7547,0.2982,1,1,248,1
247,3,0,2,1,1,1,0.9856,0.9848,0.8878,0.8765,777.222,327.3898,573.0536,333.259,685.2346,403.629,645.4258,413.0824,204.2528,40.9158,0.2003,1,1,248,1
248,3,0,0,1,1,1,0.9857,0.9902,0.9033,0.9102,484.863,229.2887,261.304,227.2285,391.2826,248.8141,335.0612,247.299,223.5684,56.2419,0.2516,1,1,249,1
248,3,0,1,1,1,1,0.9835,0.9894,0.862,0.8862,1105.0968,348.4984,891.1758,350.6951,1035.6858,378.9837,976.2333,361.3754,213.9323,62.0053,0.2898,1,1,249,1
248,3,0,2,1,1,1,0.9856,0.9847,0.8881,0.8768,777.0648,327.1375,573.6062,332.9127,683.6668,402.35,646.1566,412.1808,203.5406,38.777,0.1905,1,1,249,1
249,3,0,0,1,1,1,0.9855,0.9904,0.9016,0.9107,484.858,229.136,260.9337,227.5659,391.5853,248.2446,335.3801,246.0176,223.9298,56.2493,0.2512,1,1,250,1
249,3,0,1,1,1,1,0.9839,0.9893,0.863,0.8836,1105.074,348.8302,890.7135,350.7394,1036.2943,379.5442,976.358,362.728,214.369,62.2506,0.2904,1,1,250,1
249,3,0,2,1,1,1,0.9858,0.9847,0.8894,0.8756,777.3817,327.5696,573.6161,333.4566,684.202,400.9234,646.4045,408.4717,203.8506,38.5438,0.1891,1,1,250,1
250,3,0,0,1,1,1,0.9855,0.9903,0.9018,0.9107,484.8594,229.1541,260.9519,227.55,391.6199,248.2659,335.3778,246.0682,223.9132,56.285,0.2514,1,1,251,1
250,3,0,1,1,1,1,0.9839,0.9893,0.8631,0.8838,1105.0779,348.875,890.7064,350.7394,1036.3517,379.7196,976.1469,362.8865,214.3796,62.5137,0.2916,1,1,251,1
250,3,0,2,1,1,1,0.9858,0.9847,0.8892,0.8757,777.357,327.5532,573.6139,333.4542,684.1398,400.7752,646.4494,408.2968,203.8286,38.4335,0.1886,1,1,251,1
251,3,0,0,1,1,1,0.9854,0.9902,0.9028,0.9102,485.3662,229.0538,261.1858,227.2481,392.1774,249.3444,335.2976,246.7423,224.1878,56.9394,0.254,1,1,252,1
251,3,0,1,1,1,1,0.9839,0.9892,0.8637,0.8835,1105.3502,349.1782,891.0647,350.8754,1037.9705,382.3798,975.0034,364.3712,214.2922,65.4917,0.3056,1,1,252,1
251,3,0,2,1,1,1,0.9858,0.9846,0.8896,0.875,777.4238,327.8483,573.5048,333.3296,683.8346,401.8004,644.4944,412.891,203.9927,40.8737,0.2004,1,1,252,1
252,3,0,0,1,1,1,0.9854,0.9902,0.9028,0.9102,485.3826,229.067,261.1737,227.2678,392.1904,249.3445,335.288,246.7349,224.2161,56.9621,0.2541,1,1,253,1
252,3,0,1,1,1,1,0.9839,0.9892,0.8637,0.8834,1105.3488,349.1432,891.0558,350.871,1037.9867,382.44,974.9695,364.4556,214.2999,65.5332,0.3058,1,1,253,1
252,3,0,2,1,1,1,0.9858,0.9846,0.8897,0.875,777.419,327.8869,573.476,333.3378,683.901,401.7672,644.4768,412.8984,204.0158,40.9654,0.2008,1,1,253,1
253,3,0,0,1,1,1,0.9857,0.9902,0.9028,0.9093,485.0728,229.2872,261.2847,227.0238,392.0436,249.1098,335.3431,246.4447,223.7995,56.7631,0.2536,1,1,254,1
253,3,0,1,1,1,1,0.9836,0.9894,0.8609,0.8851,1105.2876,348.2897,890.7755,350.6368,1037.1663,380.778,975.7766,364.2374,214.525,63.579,0.2964,1,1,254,1
253,3,0,2,1,1,1,0.9853,0.985,0.8865,0.8782,777.3306,327.5728,573.9764,333.6954,685.9774,404.1957,644.6175,412.9072,203.4463,42.2674,0.2078,1,1,254,1
254,3,0,0,1,1,1,0.9857,0.9902,0.9028,0.9093,485.0844,229.2746,261.3061,226.993,392.0616,249.1052,335.3396,246.4508,223.7899,56.784,0.2537,1,1,255,1
254,3,0,1,1,1,1,0.9836,0.9895,0.8608,0.8851,1105.271,348.258,890.7598,350.6095,1037.1444,380.7764,975.6947,364.252,214.5241,63.6327,0.2966,1,1,255,1
254,3,0,2,1,1,1,0.9853,0.985,0.8865,0.8782,777.3476,327.5679,573.9726,333.6983,685.9811,404.1905,644.6432,412.8872,203.4674,42.2428,0.2076,1,1,255,1
255,3,0,0,1,1,1,0.9859,0.9902,0.9041,0.9086,485.0075,229.2503,261.9603,226.8994,391.7572,248.2587,334.864,246.4502,223.0596,56.922,0.2552,1,1,256,1
255,3,0,1,1,1,1,0.9833,0.9894,0.86,0.8856,1105.9541,348.8551,890.9726,351.1271,1036.9756,381.0627,977.1538,361.6105,214.9935,62.9049,0.2926,1,1,256,1
255,3,0,2,1,1,1,0.9854,0.9851,0.8857,0.8778,777.7168,327.7551,574.2429,333.518,685.9832,403.8445,645.62,411.3177,203.5555,41.0491,0.2017,1,1,256,1
256,3,0,0,1,1,1,0.9856,0.9901,0.9043,0.9099,485.4214,229.2261,261.582,226.4717,391.3044,248.1497,335.1682,247.118,223.8563,56.1456,0.2508,1,1,257,1
256,3,0,1,1,1,1,0.9837,0.9893,0.862,0.8835,1105.1141,349.4524,890.7969,351.3218,1038.9116,382.1056,976.2916,366.6842,214.3254,64.491,0.3009,1,1,257,1
256,3,0,2,1,1,1,0.9854,0.985,0.8861,0.8783,777.771,327.9402,574.2672,333.4595,686.0584,404.098,646.3169,411.3093,203.5786,40.3905,0.1984,1,1,257,1
257,3,0,0,1,1,1,0.9856,0.9901,0.9043,0.9099,485.4168,229.2272,261.5955,226.4653,391.298,248.1568,335.1776,247.1085,223.8383,56.1301,0.2508,1,1,258,1
257,3,0,1,1,1,1,0.9838,0.9893,0.862,0.8835,1105.098,349.438,890.7818,351.3268,1038.8833,382.0714,976.3453,366.5827,214.3245,64.4275,0.3006,1,1,258,1
257,3,0,2,1,1,1,0.9854,0.985,0.8861,0.8783,777.7806,327.9363,574.2878,333.4568,686.0726,404.1234,646.3014,411.2998,203.5677,40.4136,0.1985,1,1,258,1
258,3,0,0,1,1,1,0.9857,0.9901,0.9039,0.9093,485.582,228.9486,261.8137,226.9126,390.687,246.7103,335.5266,245.8149,223.7776,55.1677,0.2465,1,1,259,1
258,3,0,1,1,1,1,0.9838,0.9893,0.8621,0.8836,1105.8506,349.2796,890.4553,351.199,1038.5348,381.4837,977.2053,364.4714,215.4039,63.6453,0.2955,1,1,259,1
258,3,0,2,1,1,1,0.9853,0.9852,0.8852,0.8785,777.8176,327.229,574.8018,333.1973,685.4068,403.6799,645.0268,413.422,203.1035,41.5387,0.2045,1,1,259,1
259,3,0,0,1,1,1,0.9857,0.9901,0.9039,0.9094,485.6059,228.8776,261.8412,226.9264,390.7061,246.5994,335.5159,245.6949,223.7732,55.1976,0.2467,1,1,260,1
259,3,0,1,1,1,1,0.9838,0.9893,0.8621,0.8838,1105.8646,349.362,890.5203,351.2426,1038.4636,381.4261,977.2944,363.9754,215.3525,63.6098,0.2954,1,1,260,1
259,3,0,2,1,1,1,0.9853,0.9852,0.8849,0.8785,777.8393,327.1583,574.7342,333.1672,685.4533,403.5205,645.1858,413.157,203.194,41.4045,0.2038,1,1,260,1
260,3,0,0,1,1,1,0.9856,0.99,0.9045,0.9097,486.151,229.1296,262.2404,226.9694,390.8892,246.4064,335.9152,244.244,223.921,55.0165,0.2457,1,1,261,1
260,3,0,1,1,1,1,0.9838,0.9894,0.8614,0.8846,1105.5343,349.0336,890.9276,350.6351,1041.0939,386.8835,976.0471,366.7602,214.6127,68.0884,0.3173,1,1,261,1
260,3,0,2,1,1,1,0.9852,0.9853,0.8839,0.8782,778.5591,327.0162,574.8771,333.282,684.299,402.2674,646.8676,412.3569,203.7784,38.7673,0.1902,1,1,261,1
261,3,0,0,1,1,1,0.9856,0.99,0.9044,0.9096,486.133,229.1525,262.2703,226.9948,390.9072,246.4276,335.9262,244.2011,223.8731,55.0261,0.2458,1,1,262,1
261,3,0,1,1,1,1,0.9837,0.9894,0.8612,0.8848,1105.5242,349.0094,890.9305,350.652,1041.0038,386.8094,976.0123,366.8112,214.5999,67.9987,0.3169,1,1,262,1
261,3,0,2,1,1,1,0.9852,0.9853,0.8839,0.8781,778.5993,327.0549,574.84,333.2886,684.3679,402.3186,646.8084,412.3871,203.8546,38.8856,0.1908,1,1,262,1
262,3,0,0,1,1,1,0.9857,0.9899,0.9055,0.909,486.4727,229.8092,262.2186,227.004,391.4816,246.9518,335.6839,244.5462,224.2716,55.8496,0.249,1,1,263,1
262,3,0,1,1,1,1,0.9842,0.9893,0.8636,0.8829,1105.6621,349.1978,890.8399,350.4559,1042.6764,389.055,975.9645,367.6302,214.8259,70.0678,0.3262,1,1,263,1
262,3,0,2,1,1,1,0.9852,0.9851,0.8857,0.8791,778.0338,327.0544,575.3603,332.5974,685.1192,402.8289,646.4903,413.6166,202.7493,40.1069,0.1978,1,1,263,1
263,3,0,0,1,1,1,0.9856,0.9898,0.9046,0.9082,486.8592,229.0665,262.7746,226.9315,391.2089,246.2291,335.914,244.2818,224.0948,55.3292,0.2469,1,1,264,1
263,3,0,1,1,1,1,0.9835,0.9895,0.8606,0.8856,1106.0691,348.5575,891.1436,350.9972,1042.5303,387.6332,977.463,363.1026,214.9394,69.5377,0.3235,1,1,264,1
263,3,0,2,1,1,1,0.9852,0.9851,0.8853,0.8783,778.249,327.403,575.2108,333.3774,685.8964,402.5504,646.0334,414.1049,203.1261,41.5038,0.2043,1,1,264,1
264,3,0,0,1,1,1,0.9856,0.9899,0.9045,0.9082,486.8676,229.0663,262.7735,226.9187,391.2376,246.2041,335.9338,244.2009,224.1044,55.3401,0.2469,1,1,265,1
264,3,0,1,1,1,1,0.9835,0.9895,0.8604,0.8856,1106.0688,348.5308,891.0905,350.9277,1042.6428,387.7995,977.4836,363.1692,214.9918,69.6589,0.324,1,1,265,1
264,3,0,2,1,1,1,0.9852,0.9851,0.8853,0.8784,778.2962,327.4523,575.2293,333.3784,686.0504,402.683,645.9636,414.1917,203.1534,41.7061,0.2053,1,1,265,1
265,3,0,0,1,1,1,0.9859,0.9899,0.9041,0.9064,486.6474,229.1154,263.1531,227.1188,391.1772,246.152,335.7461,243.6653,223.5032,55.4868,0.2483,1,1,266,1
265,3,0,1,1,1,1,0.9836,0.9895,0.8595,0.8855,1105.9554,348.589,891.7649,350.8011,1044.107,389.3727,977.1512,365.0484,214.202,71.2373,0.3326,1,1,266,1
265,3,0,2,1,1,1,0.9854,0.9852,0.8853,0.8771,778.5436,327.0809,575.1576,332.8782,685.8002,402.5758,646.8488,412.9335,203.4687,40.305,0.1981,1,1,266,1
266,3,0,0,1,1,1,0.9859,0.9899,0.9042,0.9064,486.672,229.132,263.1599,227.1201,391.1714,246.1574,335.7499,243.6912,223.5212,55.4764,0.2482,1,1,267,1
266,3,0,1,1,1,1,0.9836,0.9895,0.8598,0.8853,1105.8993,348.6084,891.7008,350.7589,1044.1724,389.4968,977.111,365.2306,214.2093,71.3167,0.3329,1,1,267,1
266,3,0,2,1,1,1,0.9855,0.9851,0.8854,0.877,778.5128,327.1129,575.1552,332.9056,685.7904,402.5568,646.8039,412.9128,203.4401,40.3384,0.1983,1,1,267,1
267,3,0,0,1,1,1,0.9858,0.99,0.9045,0.9085,486.1904,229.1302,263.2656,227.578,390.8063,244.5626,336.6821,243.4587,222.9301,54.1355,0.2428,1,1,268,1
267,3,0,1,1,1,1,0.9835,0.9894,0.8602,0.885,1107.427,348.104,892.0191,350.6865,1039.7555,379.1266,980.4241,358.6062,215.4234,62.7798,0.2914,1,1,268,1
267,3,0,2,1,1,1,0.9849,0.9857,0.8814,0.8812,778.5914,326.8482,574.7572,333.7718,689.2626,406.8771,646.6964,412.6453,203.9518,42.9553,0.2106,1,1,268,1
268,3,0,0,1,1,1,0.9858,0.99,0.9044,0.9084,486.1748,229.1473,263.2404,227.5808,390.7986,244.5624,336.6694,243.4581,222.9398,54.1405,0.2428,1,1,269,1
268,3,0,1,1,1,1,0.9835,0.9894,0.8602,0.8849,1107.4174,348.1259,892.0027,350.6927,1039.8002,379.1924,980.3895,358.734,215.4299,62.8345,0.2917,1,1,269,1
268,3,0,2,1,1,1,0.9849,0.9857,0.8813,0.8813,778.6054,326.8417,574.741,333.8056,689.3324,406.8655,646.4762,412.5972,203.9833,43.2377,0.212,1,1,269,1
269,3,0,0,1,1,1,0.986,0.9901,0.9045,0.908,486.3593,229.4976,262.8718,227.9736,391.1917,245.9046,336.7,244.2176,223.4927,54.5178,0.2439,1,1,270,1
269,3,0,1,1,1,1,0.9835,0.9893,0.8614,0.8844,1106.9719,348.4511,891.9932,350.9923,1039.9657,379.471,978.6497,361.9363,214.9938,63.7739,0.2966,1,1,270,1
269,3,0,2,1,1,1,0.9851,0.9856,0.8829,0.8801,778.3496,327.0484,575.323,333.0833,689.5652,406.8338,646.7506,413.5209,203.1163,43.3337,0.2133,1,1,270,1
270,3,0,0,1,1,1,0.986,0.9901,0.9045,0.9081,486.3384,229.4904,262.8805,227.9781,391.2092,245.909,336.7002,244.2216,223.463,54.5351,0.244,1,1,271,1
270,3,0,1,1,1,1,0.9835,0.9894,0.8613,0.8845,1107.037,348.4639,892.0248,351.0434,1039.8015,379.298,978.7679,361.5418,215.0277,63.564,0.2956,1,1,271,1
270,3,0,2,1,1,1,0.9851,0.9856,0.8828,0.8801,778.3658,327.0706,575.3081,333.0847,689.6856,406.8619,646.714,413.5109,203.1467,43.4831,0.214,1,1,271,1
271,3,0,0,1,1,1,0.9858,0.9899,0.9054,0.9088,487.7634,229.2292,263.5234,227.6042,391.9182,247.1158,336.9129,244.6132,224.2459,55.0622,0.2455,1,1,272,1
271,3,0,1,1,1,1,0.9835,0.9892,0.8645,0.8851,1106.7987,347.9222,892.9713,350.6229,1037.2843,374.7136,978.1837,363.2575,213.8445,60.2007,0.2815,1,1,272,1
271,3,0,2,1,1,1,0.9849,0.9853,0.8836,0.8803,778.7952,327.3074,575.1745,333.2548,689.8186,406.2249,647.2312,413.0094,203.7075,43.1244,0.2117,1,1,272,1
272,3,0,0,1,1,1,0.9858,0.9899,0.9054,0.909,487.7857,229.186,263.5614,227.5875,391.9343,247.1244,336.9355,244.6199,224.23,55.0558,0.2455,1,1,273,1
272,3,0,1,1,1,1,0.9835,0.9892,0.8645,0.885,1106.8497,347.9578,892.9844,350.6729,1037.2596,374.7465,978.1594,363.265,213.8825,60.2052,0.2815,1,1,273,1
272,3,0,2,1,1,1,0.985,0.9853,0.8836,0.8803,778.7989,327.2943,575.1604,333.2531,689.9292,406.3151,647.263,412.9788,203.7257,43.1834,0.212,1,1,273,1
273,3,0,0,1,1,1,0.9859,0.9899,0.9052,0.9076,488.274,229.6845,263.6054,228.1044,392.6162,247.3605,337.7344,244.1453,224.6742,54.9758,0.2447,1,1,274,1
273,3,0,1,1,1,1,0.9837,0.9893,0.8609,0.8829,1107.5009,347.88,892.9424,351.4468,1040.1301,381.4528,979.0179,359.8157,214.5881,64.8295,0.3021,1,1,274,1
273,3,0,2,1,1,1,0.985,0.9854,0.8831,0.8805,778.4606,327.7198,575.2892,333.4057,691.3668,407.6135,646.6624,413.091,203.2509,45.0387,0.2216,1,1,274,1
274,3,0,0,1,1,1,0.9859,0.99,0.9051,0.908,488.2329,229.7494,263.731,227.793,393.5968,248.2424,337.7304,244.4792,224.5104,55.9931,0.2494,1,1,275,1
274,3,0,1,1,1,1,0.9834,0.9894,0.8619,0.8847,1107.2867,348.3097,892.7541,351.9506,1036.8635,375.5934,979.6509,359.1562,214.5635,59.527,0.2774,1,1,275,1
274,3,0,2,1,1,1,0.9849,0.9857,0.881,0.8811,778.9137,327.7066,574.9428,333.639,690.3266,406.6517,645.821,413.7678,204.0571,45.0709,0.2209,1,1,275,1
275,3,0,0,1,1,1,0.9859,0.99,0.9051,0.908,488.2761,229.7593,263.7251,227.8004,393.611,248.2306,337.7028,244.5004,224.5596,56.0325,0.2495,1,1,276,1
275,3,0,1,1,1,1,0.9834,0.9894,0.8617,0.8847,1107.3108,348.3255,892.7513,351.9443,1037.2479,376.3015,979.6502,359.1213,214.59,60.1054,0.2801,1,1,276,1
275,3,0,2,1,1,1,0.9849,0.9857,0.8811,0.8811,778.906,327.7059,574.9408,333.6376,690.3258,406.6382,645.8388,413.7548,204.0515,45.0526,0.2208,1,1,276,1
276,3,0,0,1,1,1,0.986,0.99,0.9051,0.9073,488.5089,229.7289,263.6929,228.1503,393.6798,248.1277,337.7236,244.2633,224.8216,56.0894,0.2495,1,1,277,1
276,3,0,1,1,1,1,0.9832,0.9894,0.8604,0.8857,1107.4495,348.3836,893.0777,351.9096,1038.557,376.239,979.4904,359.7969,214.4008,61.3124,0.286,1,1,277,1
276,3,0,2,1,1,1,0.9846,0.9858,0.8799,0.8825,779.1402,327.0806,574.9589,333.4696,690.9062,406.609,646.6244,412.7958,204.2813,44.712,0.2189,1,1,277,1
277,3,0,0,1,1,1,0.9861,0.99,0.9051,0.9073,488.5538,229.7699,263.7516,228.1286,393.7064,248.211,337.6282,244.3692,224.8082,56.2096,0.25,1,1,278,1
277,3,0,1,1,1,1,0.9832,0.9895,0.86,0.8858,1107.5732,348.4197,893.088,351.9206,1038.6321,376.4652,979.7568,359.3911,214.5138,61.3011,0.2858,1,1,278,1
277,3,0,2,1,1,1,0.9846,0.9859,0.8792,0.8823,779.192,327.0032,574.8283,333.5163,690.7694,406.5839,646.5272,413.0743,204.4675,44.7157,0.2187,1,1,278,1
278,3,0,0,1,1,1,0.9859,0.99,0.9038,0.907,488.783,229.1726,264.6354,228.0795,393.9173,248.2286,338.0308,243.6554,224.1503,56.0733,0.2502,1,1,279,1
278,3,0,1,1,1,1,0.9831,0.9892,0.8616,0.8852,1107.3656,347.7744,893.907,350.9408,1038.8423,376.5032,979.78,358.6647,213.4821,61.6973,0.289,1,1,279,1
278,3,0,2,1,1,1,0.9844,0.9857,0.8802,0.883,779.2534,327.1608,575.3275,333.7183,691.0048,407.4458,645.4351,415.1864,204.0313,46.2224,0.2265,1,1,279,1
279,3,0,0,1,1,1,0.9859,0.99,0.9038,0.9069,488.8014,229.3041,264.5321,228.1562,393.9754,248.5522,338.0197,243.7645,224.2723,56.1601,0.2504,1,1,280,1
279,3,0,1,1,1,1,0.9832,0.9893,0.8614,0.8852,1107.4146,347.7551,893.7909,350.9266,1038.7927,376.5399,980.0102,358.4231,213.6472,61.511,0.2879,1,1,280,1
279,3,0,2,1,1,1,0.9844,0.9857,0.8802,0.8832,779.2357,327.155,575.4266,333.746,690.9878,407.3405,645.4358,415.0726,203.9157,46.2036,0.2266,1,1,280,1
280,3,0,0,1,1,1,0.986,0.9901,0.9037,0.9068,488.585,230.2743,264.9037,229.2237,394.1529,248.9926,338.3663,242.5708,223.6837,56.155,0.251,1,1,281,1
280,3,0,1,1,1,1,0.9875,0.9868,0.8705,0.8678,1114.8813,349.1034,886.8638,347.8424,1034.1772,381.375,982.0154,349.4902,228.0211,61.1351,0.2681,1,1,281,1
280,3,0,2,1,1,1,0.9842,0.9862,0.8762,0.8844,779.3664,327.7212,574.6506,334.3908,692.0974,408.8918,645.614,416.2743,204.8243,47.066,0.2298,1,1,281,1
281,3,0,0,1,1,1,0.986,0.9901,0.9036,0.9068,488.599,230.2949,264.8955,229.24,394.1608,248.9946,338.3474,242.5726,223.706,56.1817,0.2511,1,1,282,1
281,3,0,1,1,1,1,0.9875,0.9868,0.8705,0.8677,1114.8851,349.0856,886.8615,347.8454,1034.1764,381.3685,982.0389,349.4485,228.027,61.1326,0.2681,1,1,282,1
281,3,0,2,1,1,1,0.9842,0.9862,0.8762,0.8844,779.3668,327.7042,574.6426,334.3694,692.0776,408.8782,645.6285,416.2986,204.8327,47.0381,0.2296,1,1,282,1
282,3,0,0,1,1,1,0.9859,0.9901,0.9027,0.9068,489.1617,230.176,264.5173,228.8939,394.306,248.8012,338.7236,243.4398,224.648,55.8404,0.2486,1,1,283,1
282,3,0,1,1,1,1,0.9875,0.9871,0.8688,0.868,1115.147,348.7786,886.952,347.6467,1033.0574,380.9682,983.2658,346.179,228.1978,60.7411,0.2662,1,1,283,1
282,3,0,2,1,1,1,0.9845,0.986,0.8781,0.8823,780.146,327.5214,574.8462,334.602,691.7494,407.9728,647.253,413.7286,205.4219,44.8672,0.2184,1,1,283,1
283,3,0,0,1,1,1,0.9859,0.9901,0.9027,0.9069,489.1637,230.1828,264.5208,228.913,394.3001,248.7923,338.7504,243.4234,224.6465,55.8085,0.2484,1,1,284,1
283,3,0,1,1,1,1,0.9832,0.9896,0.8582,0.8857,1108.9409,347.7498,894.1988,351.1347,1037.446,376.3988,982.7051,352.99,214.7688,59.536,0.2772,1,1,284,1
283,3,0,2,1,1,1,0.9845,0.986,0.878,0.8824,780.159,327.5104,574.8214,334.6108,691.79,408.0522,647.277,413.4658,205.4604,44.841,0.2182,1,1,284,1
284,3,0,0,1,1,1,0.9861,0.9901,0.9039,0.9062,489.1126,230.5176,264.8837,229.351,394.5822,249.5216,338.5445,242.5627,224.232,56.4681,0.2518,1,1,285,1
284,3,0,1,1,1,1,0.983,0.9896,0.8586,0.8867,1108.9158,347.2775,894.3513,350.9682,1037.4509,374.7408,983.3298,351.7682,214.5962,58.7949,0.274,1,1,285,1
284,3,0,2,1,1,1,0.9848,0.986,0.8788,0.8805,780.6271,327.5539,574.5926,334.7765,691.336,406.8103,646.5778,414.022,206.1611,45.3355,0.2199,1,1,285,1
285,3,0,0,1,1,1,0.9865,0.9857,0.9121,0.8904,493.5952,232.2335,265.7808,228.404,389.2094,251.3222,337.4574,240.3099,227.8466,52.9106,0.2322,1,1,286,1
285,3,0,1,1,1,1,0.9829,0.9897,0.8559,0.8868,1109.2612,347.5189,894.0573,351.4761,1038.2969,375.325,984.507,349.7443,215.2403,59.5627,0.2767,1,1,286,1
285,3,0,2,1,1,1,0.9846,0.9858,0.8806,0.8823,779.8912,327.9471,574.8631,334.2212,691.2906,405.2202,646.1254,413.6969,205.1241,45.9537,0.224,1,1,286,1
286,3,0,0,1,1,1,0.9865,0.9857,0.9121,0.8904,493.5838,232.2298,265.7972,228.3798,389.2208,251.2777,337.4584,240.3135,227.8191,52.911,0.2323,1,1,287,1
286,3,0,1,1,1,1,0.9829,0.9897,0.856,0.8869,1109.2477,347.5115,894.0604,351.477,1038.3188,375.276,984.4919,349.7902,215.2238,59.5556,0.2767,1,1,287,1
286,3,0,2,1,1,1,0.9846,0.9858,0.8806,0.8823,779.9068,327.9815,574.8682,334.2356,691.2746,405.2,646.0784,413.7396,205.1339,45.9959,0.2242,1,1,287,1
287,3,0,0,1,1,1,0.9864,0.9858,0.912,0.8918,493.6446,232.1977,266.3653,228.64,389.0118,250.6951,337.7189,241.5595,227.3072,52.1001,0.2292,1,1,288,1
287,3,0,1,1,1,1,0.9829,0.9898,0.8536,0.8859,1108.9917,347.8323,893.4198,350.9578,1038.373,375.1424,984.9879,349.6318,215.5946,59.1672,0.2744,1,1,288,1
287,3,0,2,1,1,1,0.9848,0.9856,0.8816,0.8817,779.9566,327.4725,575.2246,334.0038,689.0534,403.601,647.8388,411.2251,204.8361,41.9138,0.2046,1,1,288,1
288,3,0,0,1,1,1,0.9864,0.9858,0.912,0.8919,493.6325,232.2207,266.3568,228.6072,389.0945,250.7477,337.6908,241.5214,227.3044,52.2251,0.2298,1,1,289,1
288,3,0,1,1,1,1,0.9829,0.9898,0.8535,0.8859,1109.0063,347.8066,893.4183,350.9186,1038.4159,375.1849,985.0887,349.5753,215.6105,59.1578,0.2744,1,1,289,1
288,3,0,2,1,1,1,0.9847,0.9856,0.8816,0.8819,779.914,327.4633,575.2044,334.0041,689.2163,403.7254,647.8836,411.2494,204.8141,42.0119,0.2051,1,1,289,1
289,3,0,0,1,1,1,0.9862,0.99,0.9041,0.9051,490.7725,230.4024,265.4604,228.8483,394.7298,249.3196,339.5465,243.2948,225.3174,55.5113,0.2464,1,1,290,1
289,3,0,1,1,1,1,0.983,0.9898,0.8528,0.8855,1109.3424,347.7384,893.8166,351.1349,1041.5803,380.8336,984.981,350.0758,215.5526,64.4168,0.2988,1,1,290,1
289,3,0,2,1,1,1,0.9849,0.9859,0.8806,0.8811,780.7668,327.3108,574.9331,334.0374,690.1693,403.4497,647.0782,410.9014,205.9436,43.7307,0.2123,1,1,290,1
290,3,0,0,1,1,1,0.9862,0.99,0.904,0.9051,490.7854,230.3798,265.459,228.8532,394.7294,249.3158,339.5552,243.2877,225.3316,55.5025,0.2463,1,1,291,1
290,3,0,1,1,1,1,0.983,0.9898,0.8529,0.8855,1109.3539,347.7097,893.8325,351.1278,1041.5487,380.8353,985.0332,349.9946,215.5485,64.3829,0.2987,1,1,291,1
290,3,0,2,1,1,1,0.9849,0.9859,0.8806,0.881,780.751,327.304,574.9436,334.0289,690.0942,403.4395,647.0908,410.8974,205.9172,43.6453,0.212,1,1,291,1
291,3,0,0,1,1,1,0.9866,0.9859,0.9114,0.8907,494.2409,232.336,266.3492,228.5347,389.4421,251.8302,338.2325,241.2324,227.9234,52.2947,0.2294,1,1,292,1
291,3,0,1,1,1,1,0.9873,0.9872,0.8636,0.8663,1115.5847,348.922,886.3374,347.4406,1035.706,383.1084,984.6155,346.6844,229.2521,62.7452,0.2737,1,1,292,1
291,3,0,2,1,1,1,0.9848,0.9859,0.8802,0.8817,780.814,327.2478,575.6878,333.9804,690.2036,402.8503,647.3876,410.4522,205.2366,43.4857,0.2119,1,1,292,1
292,3,0,0,1,1,1,0.9863,0.9861,0.9105,0.8932,494.106,232.3944,266.6136,228.7623,390.078,252.5355,337.563,242.1792,227.5213,53.5264,0.2353,1,1,293,1
292,3,0,1,1,1,1,0.983,0.9896,0.856,0.8861,1109.219,347.623,894.2335,350.245,1038.522,375.2617,983.603,354.2235,215.0015,58.8107,0.2735,1,1,293,1
292,3,0,2,1,1,1,0.9848,0.9859,0.88,0.8819,780.8792,327.3725,575.6792,333.9842,690.8268,402.6684,647.6998,410.9005,205.3064,43.9056,0.2139,1,1,293,1
293,3,0,0,1,1,1,0.9863,0.9861,0.9105,0.8931,494.1344,232.3959,266.589,228.7903,390.0774,252.5327,337.5626,242.1741,227.5739,53.5267,0.2352,1,1,294,1
293,3,0,1,1,1,1,0.983,0.9896,0.8562,0.8862,1109.2,347.6633,894.2166,350.2712,1038.5417,375.0888,983.5262,354.3136,214.9992,58.8075,0.2735,1,1,294,1
293,3,0,2,1,1,1,0.9848,0.9859,0.8802,0.8818,780.9076,327.3909,575.6766,333.9986,690.8454,402.6884,647.6417,410.9249,205.3374,43.9818,0.2142,1,1,294,1
294,3,0,0,1,1,1,0.9862,0.9861,0.911,0.8947,494.401,232.7317,266.7408,229.4027,390.5551,253.0564,337.9604,242.0665,227.6844,53.7306,0.236,1,1,295,1
294,3,0,1,1,1,1,0.9831,0.9896,0.8571,0.8859,1109.4349,347.3182,894.6472,349.8996,1039.3315,376.4006,982.6534,355.3475,214.8033,60.4619,0.2815,1,1,295,1
294,3,0,2,1,1,1,0.9848,0.9858,0.8817,0.8822,780.6318,327.053,575.6616,333.9654,691.3817,403.2383,648.0236,409.0976,205.0867,43.7523,0.2133,1,1,295,1
295,3,0,0,1,1,1,0.9862,0.9861,0.9109,0.8948,494.4058,232.7486,266.7232,229.3745,390.585,253.1028,337.9572,242.098,227.7076,53.7661,0.2361,1,1,296,1
295,3,0,1,1,1,1,0.9831,0.9895,0.8579,0.8858,1109.3705,347.2734,894.6963,349.9064,1038.5975,375.2608,982.4985,355.5562,214.6903,59.459,0.277,1,1,296,1
295,3,0,2,1,1,1,0.9849,0.9857,0.8818,0.8821,780.5863,327.0486,575.6733,333.9244,691.4038,403.2295,647.9843,409.1698,205.0284,43.8239,0.2137,1,1,296,1
296,3,0,0,1,1,1,0.986,0.9862,0.9093,0.8953,493.8382,232.6329,266.6154,229.5354,391.2665,253.5126,338.0247,241.4416,227.2439,54.593,0.2402,1,1,297,1
296,3,0,1,1,1,1,0.9832,0.9895,0.8597,0.8867,1109.1726,347.462,894.4031,350.1524,1039.023,376.5588,982.6802,354.6878,214.7864,60.4388,0.2814,1,1,297,1
296,3,0,2,1,1,1,0.9848,0.9858,0.8818,0.8823,780.6158,327.4334,575.6994,334.1085,692.7724,404.7103,645.6654,412.2264,205.0251,47.7028,0.2327,1,1,297,1
297,3,0,0,1,1,1,0.986,0.9862,0.9092,0.8952,493.977,232.576,266.6567,229.4742,391.3287,253.5989,337.9539,241.6276,227.3414,54.7009,0.2406,1,1,298,1
297,3,0,1,1,1,1,0.9832,0.9895,0.8597,0.8868,1109.1687,347.4891,894.3818,350.1836,1039.0522,376.6551,982.7411,354.6539,214.8038,60.4566,0.2815,1,1,298,1
297,3,0,2,1,1,1,0.9848,0.9858,0.8818,0.8824,780.608,327.4418,575.6675,334.133,692.8098,404.7469,645.629,412.1876,205.0498,47.7639,0.2329,1,1,298,1
298,3,0,0,1,1,1,0.986,0.9863,0.9095,0.8962,493.7179,233.1647,266.4029,230.0015,390.6566,252.1835,338.3005,241.2416,227.337,53.4872,0.2353,1,1,299,1
298,3,0,1,1,1,1,0.9832,0.9896,0.8583,0.887,1108.6086,347.2116,894.3354,349.5847,1039.5804,377.1337,982.6068,355.143,214.2863,61.0703,0.285,1,1,299,1
298,3,0,2,1,1,1,0.9848,0.9858,0.8807,0.8822,781.5216,328.2596,575.1949,334.4711,693.0266,405.1707,647.3184,411.9111,206.4203,46.2026,0.2238,1,1,299,1
299,3,0,0,1,1,1,0.986,0.9862,0.9102,0.8954,493.9246,232.8792,266.8761,229.3868,390.0194,251.3488,338.387,241.9527,227.0753,52.4804,0.2311,1,1,300,1
299,3,0,1,1,1,1,0.9827,0.9898,0.856,0.8895,1108.6088,346.9912,894.2264,349.978,1038.6951,375.231,983.0889,353.8058,214.4031,59.5909,0.2779,1,1,300,1
299,3,0,2,1,1,1,0.9848,0.9858,0.8812,0.8824,781.3562,327.9758,575.7884,334.3262,692.6496,404.8228,646.7513,410.3738,205.6659,46.2327,0.2248,1,1,300,1
