frame,raw_num_people,anomaly,track_id,conf_ok,boundary_ok,overlap_ok,conf_ls,conf_rs,conf_lw,conf_rw,ls_x,ls_y,rs_x,rs_y,lw_x,lw_y,rw_x,rw_y,shoulder_dist,wrist_dist,ratio,frontal,hands_now,consecutive_frames,confirmed
0,1,0,0,0,1,1,0.856,0.9824,0.301,0.8169,567.5,339.5,540.0,348.5,579.0,517.0,544.5,526.0,28.9353,35.6546,1.2322,0,0,0,0
1,2,1,0,0,1,1,0.8428,0.98,0.2639,0.7969,559.5,347.5,538.0,353.0,573.0,527.5,545.0,525.5,22.1923,28.0713,1.2649,0,0,0,0
1,2,1,1,0,0,1,0.0595,0.094,0.0598,0.0679,1115.0,0.0,309.75,0.0,924.0,0.0,330.75,0.0,805.25,593.25,0.7367,1,0,0,0
2,2,1,0,0,1,1,0.8496,0.9795,0.3252,0.8208,564.0,341.5,539.0,347.5,579.5,508.5,545.5,525.5,25.7099,38.0132,1.4785,0,0,0,0
2,2,1,1,0,0,1,0.1021,0.1473,0.0363,0.0396,1100.0,0.0,318.0,0.0,949.0,0.0,338.5,0.0,782.0,610.5,0.7807,1,0,0,0
3,1,0,0,0,1,1,0.8521,0.981,0.2725,0.7998,562.0,347.0,537.0,353.5,591.5,527.0,545.0,526.0,25.8312,46.5108,1.8006,0,0,0,0
4,3,1,0,0,1,1,0.8472,0.9805,0.2688,0.8027,564.5,346.5,538.5,351.5,591.0,519.0,545.0,525.0,26.4764,46.3897,1.7521,0,0,0,0
4,3,1,2,0,0,1,0.0763,0.1212,0.0462,0.0601,1021.0,0.0,270.25,0.0,835.5,0.0,321.5,0.0,750.75,514.0,0.6846,1,0,0,0
4,3,1,3,0,0,1,0.0908,0.1349,0.0763,0.0977,1255.0,660.0,1264.0,661.5,1235.0,720.0,1240.0,720.0,9.1241,5.0,0.548,0,0,0,0
5,2,1,0,0,1,1,0.8296,0.9785,0.2352,0.7734,561.0,347.0,537.5,350.5,590.5,519.5,545.0,524.5,23.7592,45.7739,1.9266,0,0,0,0
5,2,1,2,0,0,1,0.0874,0.1132,0.0429,0.0446,1016.0,0.0,242.75,0.0,882.0,0.0,347.5,0.0,773.25,534.5,0.6912,1,0,0,0
6,3,1,0,0,1,1,0.8267,0.9785,0.2417,0.7788,554.5,344.5,534.5,348.0,575.5,518.0,546.0,525.0,20.3039,30.3191,1.4933,0,0,0,0
6,3,1,2,0,0,1,0.0671,0.0911,0.0311,0.0362,1039.0,0.0,233.0,0.0,906.0,0.0,314.25,0.0,806.0,591.75,0.7342,1,0,0,0
6,3,1,4,0,0,1,0.1692,0.4114,0.0367,0.1412,1250.0,649.0,1253.0,653.0,1220.0,720.0,1229.0,720.0,5.0,9.0,1.8,0,0,0,0
7,1,0,0,0,1,1,0.8159,0.9771,0.2227,0.7705,558.5,344.5,537.5,349.5,584.5,527.0,553.5,526.5,21.587,31.004,1.4362,0,0,0,0
8,3,1,0,0,1,1,0.8652,0.9805,0.3018,0.793,558.5,342.5,536.0,346.0,581.5,517.0,564.0,527.0,22.7706,20.1556,0.8852,0,0,0,0
8,3,1,5,0,0,1,0.1097,0.1608,0.0651,0.0825,1247.0,664.5,1258.0,665.0,1227.0,720.0,1229.0,720.0,11.0114,2.0,0.1816,0,0,0,0
8,3,1,6,0,0,1,0.0909,0.1277,0.0363,0.0419,1025.0,0.0,254.25,0.0,925.5,0.0,295.25,0.0,770.75,630.25,0.8177,1,0,0,0
9,3,1,0,0,1,1,0.8154,0.9761,0.231,0.7612,555.0,342.5,536.0,347.0,592.0,520.0,553.0,535.0,19.5256,41.7852,2.14,0,0,0,0
9,3,1,6,0,0,1,0.0759,0.1069,0.0339,0.0381,1051.0,0.0,235.25,0.0,916.0,0.0,327.0,0.0,815.75,589.0,0.722,1,0,0,0
9,3,1,5,0,0,1,0.1299,0.1663,0.0876,0.0927,1250.0,661.5,1259.0,662.5,1227.0,720.0,1228.0,720.0,9.0554,1.0,0.1104,0,0,0,0
10,2,1,0,1,1,1,0.832,0.9814,0.4558,0.8872,558.0,345.0,538.5,353.0,587.5,517.5,574.0,529.5,21.0772,18.0624,0.857,0,0,0,0
10,2,1,6,0,0,1,0.082,0.0939,0.0451,0.0432,1026.0,0.0,246.75,0.0,943.0,0.0,341.0,0.0,779.25,602.0,0.7725,1,0,0,0
11,1,0,0,0,1,1,0.8521,0.98,0.2908,0.7949,557.5,336.5,544.5,348.5,581.0,517.0,571.0,520.0,17.6918,10.4403,0.5901,0,0,0,0
12,2,1,0,0,1,1,0.8735,0.9829,0.3538,0.8354,560.5,339.5,539.0,345.5,590.5,509.5,570.5,528.0,22.3215,27.2443,1.2205,0,0,0,0
12,2,1,7,0,0,1,0.1172,0.1511,0.0592,0.0623,1096.0,0.0,307.0,0.0,961.0,0.0,319.0,0.0,789.0,642.0,0.8137,1,0,0,0
13,1,0,0,0,1,1,0.8599,0.9819,0.3254,0.8232,561.0,336.0,535.0,349.0,590.5,510.0,571.0,528.0,29.0689,26.5377,0.9129,0,0,0,0
14,1,0,0,0,1,1,0.8662,0.9829,0.3669,0.8525,560.5,336.0,538.5,345.5,590.5,509.5,571.5,519.0,23.9635,21.2426,0.8865,0,0,0,0
15,2,1,0,0,1,1,0.8369,0.9771,0.2332,0.7432,558.5,339.0,538.0,345.5,592.5,519.5,561.5,536.5,21.5058,35.3553,1.644,0,0,0,0
15,2,1,8,0,0,1,0.0606,0.092,0.0301,0.0359,1120.0,0.0,311.75,0.0,939.0,0.0,325.25,0.0,808.25,613.75,0.7594,1,0,0,0
16,2,1,0,0,1,1,0.8457,0.98,0.2607,0.7881,558.5,339.0,539.5,345.5,593.0,519.0,570.0,528.5,20.0811,24.8847,1.2392,0,0,0,0
16,2,1,8,0,0,1,0.0672,0.1095,0.0325,0.0415,1100.0,0.0,329.5,0.0,864.0,0.0,361.75,0.0,770.5,502.25,0.6518,1,0,0,0
17,1,0,0,0,1,1,0.8765,0.9834,0.3486,0.8296,563.0,335.0,540.0,349.5,589.0,519.5,561.0,537.0,27.1892,33.0189,1.2144,0,0,0,0
18,2,1,0,0,1,1,0.8828,0.9849,0.3726,0.8501,562.0,337.0,538.5,348.5,589.0,518.5,562.5,528.0,26.163,28.1514,1.076,0,0,0,0
18,2,1,9,0,0,1,0.0717,0.0995,0.0387,0.0478,1038.0,0.0,236.5,0.0,917.5,0.0,295.75,0.0,801.5,621.75,0.7757,1,0,0,0
19,2,1,0,0,1,1,0.8633,0.9824,0.2996,0.8081,561.5,344.0,546.0,355.5,588.0,528.0,561.0,538.5,19.3003,28.9698,1.501,0,0,0,0
19,2,1,9,0,0,1,0.0606,0.0904,0.0426,0.0514,1040.0,0.0,243.75,0.0,926.0,0.0,268.0,0.0,796.25,658.0,0.8264,1,0,0,0
20,2,1,0,0,1,1,0.8574,0.9814,0.3225,0.8184,556.5,343.0,547.5,354.5,580.0,518.5,562.0,529.0,14.6031,20.8387,1.427,0,0,0,0
20,2,1,9,0,0,1,0.0517,0.0853,0.0333,0.046,1051.0,0.0,247.5,0.0,877.0,0.0,328.5,0.0,803.5,548.5,0.6826,1,0,0,0
21,1,0,0,0,1,1,0.8745,0.9834,0.3501,0.8379,565.5,342.0,544.0,352.0,579.0,526.5,561.5,528.5,23.7118,17.6139,0.7428,0,0,0,0
22,3,1,0,0,1,1,0.8599,0.9814,0.313,0.814,563.0,346.0,540.5,355.5,589.5,528.0,560.5,538.0,24.4233,30.6757,1.256,0,0,0,0
22,3,1,10,0,0,1,0.0932,0.1362,0.0432,0.0473,1077.0,0.0,304.75,0.0,912.0,0.0,301.25,0.0,772.25,610.75,0.7909,1,0,0,0
22,3,1,11,0,1,1,0.4888,0.8013,0.5605,0.8345,1197.0,104.5,998.0,91.75,1156.0,113.5,932.0,47.25,199.408,233.5917,1.1714,0,0,0,0
23,2,1,0,0,1,1,0.8433,0.981,0.3154,0.8232,569.5,346.0,549.0,355.0,587.0,519.0,559.5,538.0,22.3886,33.4253,1.493,0,0,0,0
23,2,1,10,0,0,1,0.0752,0.094,0.0522,0.0556,1020.0,0.0,249.5,0.0,757.5,0.0,365.0,0.0,770.5,392.5,0.5094,1,0,0,0
24,2,1,0,0,1,1,0.8784,0.9854,0.3711,0.8584,574.5,347.0,548.5,353.5,586.0,527.0,560.5,528.5,26.8002,25.5441,0.9531,0,0,0,0
24,2,1,12,0,0,1,0.0739,0.1049,0.0419,0.0465,1112.0,0.0,339.25,0.0,947.0,0.0,324.75,0.0,772.75,622.25,0.8052,1,0,0,0
25,1,0,0,0,1,1,0.8491,0.9814,0.3274,0.8311,571.0,346.5,548.5,354.5,587.0,519.5,559.5,537.5,23.8799,32.8672,1.3764,0,0,0,0
26,1,0,0,0,1,1,0.8657,0.9834,0.3335,0.8335,562.0,346.0,552.0,351.5,579.0,518.5,569.0,529.5,11.4127,14.8661,1.3026,0,0,0,0
27,2,1,0,0,1,1,0.8735,0.9844,0.3413,0.8364,562.0,346.0,552.0,355.0,588.0,528.0,568.5,530.5,13.4536,19.6596,1.4613,0,0,0,0
27,2,1,13,0,0,1,0.1021,0.1422,0.0438,0.0507,1102.0,0.0,318.25,0.0,964.5,0.0,301.0,0.0,783.75,663.5,0.8466,1,0,0,0
28,2,1,0,0,1,1,0.8726,0.9844,0.3269,0.8267,557.0,344.5,556.0,353.5,579.5,509.0,576.5,530.0,9.0554,21.2132,2.3426,0,0,0,0
28,2,1,13,0,0,1,0.0661,0.105,0.0284,0.0402,1032.0,0.0,248.5,0.0,889.0,0.0,326.5,0.0,783.5,562.5,0.7179,1,0,0,0
29,2,1,0,0,1,1,0.8853,0.981,0.3662,0.8159,571.0,347.0,554.0,355.0,584.0,523.0,572.5,530.0,18.7883,13.4629,0.7166,0,0,0,0
29,2,1,13,0,0,1,0.0584,0.0778,0.0328,0.0365,1032.0,0.0,252.25,0.0,887.0,0.0,331.5,0.0,779.75,555.5,0.7124,1,0,0,0
30,2,1,0,0,1,1,0.876,0.9849,0.3457,0.8447,562.0,345.5,551.0,355.5,579.5,517.5,576.5,530.5,14.8661,13.3417,0.8975,0,0,0,0
30,2,1,13,0,0,1,0.0712,0.108,0.0408,0.0525,1049.0,0.0,253.25,0.0,924.0,0.0,355.0,0.0,795.75,569.0,0.715,1,0,0,0
31,2,1,0,0,1,1,0.8926,0.9873,0.3865,0.8618,573.0,342.5,560.5,355.5,585.0,518.0,575.0,530.5,18.0347,16.0078,0.8876,0,0,0,0
31,2,1,13,0,0,1,0.0703,0.106,0.0405,0.0452,1100.0,0.0,318.75,0.0,942.0,0.0,336.0,0.0,781.25,606.0,0.7757,1,0,0,0
32,2,1,0,0,1,1,0.8994,0.9878,0.3521,0.8423,570.0,348.0,553.0,357.5,596.5,519.0,575.0,530.0,19.4743,24.1506,1.2401,0,0,0,0
32,2,1,13,0,0,1,0.0687,0.1009,0.0378,0.0468,1040.0,0.0,225.0,0.0,948.0,0.0,349.0,0.0,815.0,599.0,0.735,1,0,0,0
33,2,1,0,0,1,1,0.8818,0.9868,0.3535,0.854,570.0,345.0,557.0,355.0,586.5,518.0,576.0,530.0,16.4012,15.9452,0.9722,0,0,0,0
33,2,1,13,0,0,1,0.0906,0.1178,0.0447,0.0491,1031.0,0.0,235.25,0.0,935.0,0.0,312.25,0.0,795.75,622.75,0.7826,1,0,0,0
34,2,1,0,0,1,1,0.8716,0.9863,0.3503,0.8579,569.5,345.5,553.0,354.5,585.0,518.5,567.5,529.0,18.7949,20.4083,1.0858,0,0,0,0
34,2,1,13,0,0,1,0.0939,0.112,0.0458,0.0411,1085.0,0.0,315.75,0.0,947.0,0.0,329.25,0.0,769.25,617.75,0.8031,1,0,0,0
35,1,0,0,0,1,1,0.8828,0.9878,0.3223,0.8394,578.0,345.5,560.5,357.0,584.0,518.0,566.5,530.0,20.9404,21.2191,1.0133,0,0,0,0
36,2,1,0,0,1,1,0.8745,0.9858,0.3313,0.8462,574.0,346.0,558.0,354.0,585.0,518.5,567.0,530.0,17.8885,21.36,1.1941,0,0,0,0
36,2,1,14,0,0,1,0.0589,0.1047,0.0271,0.0382,1027.0,0.0,251.0,0.0,924.0,0.0,302.75,0.0,776.0,621.25,0.8006,1,0,0,0
37,1,0,0,0,1,1,0.8779,0.9868,0.333,0.8442,575.0,345.0,562.0,356.5,585.5,518.5,581.0,540.0,17.3566,21.9659,1.2656,0,0,0,0
38,1,0,0,0,1,1,0.8682,0.9854,0.2954,0.8193,574.5,349.0,575.0,358.0,583.5,518.0,589.0,533.5,9.0139,16.4469,1.8246,0,0,0,0
39,2,1,0,0,1,1,0.8667,0.9858,0.2903,0.8208,578.5,349.0,574.5,358.5,593.0,519.0,588.5,533.0,10.3078,14.7054,1.4266,0,0,0,0
39,2,1,15,0,0,1,0.0757,0.118,0.0303,0.0411,1040.0,0.0,248.0,0.0,907.0,0.0,339.0,0.0,792.0,568.0,0.7172,1,0,0,0
40,2,1,0,0,1,1,0.8828,0.9873,0.3159,0.8447,584.0,347.5,582.0,348.5,591.0,526.0,605.0,525.5,2.2361,14.0089,6.265,0,0,0,0
40,2,1,15,0,0,1,0.0703,0.0866,0.039,0.0357,1119.0,0.0,308.25,0.0,938.5,0.0,335.0,0.0,810.75,603.5,0.7444,1,0,0,0
41,2,1,0,0,1,1,0.876,0.9863,0.3279,0.8418,579.0,349.5,582.0,353.5,608.5,518.5,605.0,525.5,5.0,7.8262,1.5652,0,0,0,0
41,2,1,15,0,0,1,0.1091,0.1172,0.0409,0.0338,1116.0,0.0,300.0,0.0,921.5,0.0,335.5,0.0,816.0,586.0,0.7181,1,0,0,0
42,1,0,0,1,1,1,0.9238,0.9883,0.5791,0.9048,577.5,340.0,585.0,349.5,596.0,515.5,632.5,525.5,12.1037,37.8451,3.1267,0,0,0,0
43,2,1,0,1,1,1,0.9028,0.9854,0.4771,0.8843,582.5,340.5,590.5,344.0,596.0,518.0,637.5,518.5,8.7321,41.503,4.7529,0,0,0,0
43,2,1,16,0,0,1,0.0546,0.0914,0.0335,0.0465,1064.0,0.0,262.5,0.0,909.5,0.0,317.75,0.0,801.5,591.75,0.7383,1,0,0,0
44,2,1,0,0,1,1,0.8643,0.9868,0.3691,0.8823,592.0,338.0,591.0,344.5,608.0,501.0,651.5,502.0,6.5765,43.5115,6.6162,0,0,0,0
44,2,1,16,0,0,1,0.0742,0.0925,0.0322,0.034,1035.0,0.0,240.75,0.0,946.0,0.0,277.25,0.0,794.25,668.75,0.842,1,0,0,0
45,1,0,0,0,1,1,0.8594,0.9863,0.3696,0.8809,594.0,338.5,590.5,344.0,599.0,500.5,651.0,502.0,6.5192,52.0216,7.9798,0,0,0,0
46,2,1,0,1,1,1,0.918,0.9932,0.5581,0.9414,603.0,342.0,603.0,346.0,578.0,523.5,663.0,513.5,4.0,85.5862,21.3966,0,0,0,0
46,2,1,17,0,0,1,0.0824,0.1028,0.0364,0.0363,1104.0,0.0,306.5,0.0,969.5,0.0,298.0,0.0,797.5,671.5,0.842,1,0,0,0
47,2,1,0,1,1,1,0.9414,0.9927,0.5562,0.9229,599.5,352.0,605.5,357.5,591.0,517.0,658.0,512.5,8.1394,67.1509,8.2501,0,0,0,0
47,2,1,17,0,0,1,0.0863,0.0998,0.0394,0.0345,1102.0,0.0,300.0,0.0,944.0,0.0,306.75,0.0,802.0,637.25,0.7946,1,0,0,0
48,2,1,0,1,1,1,0.9355,0.9927,0.5615,0.9331,609.0,360.0,613.0,357.0,606.0,521.5,664.5,514.0,5.0,58.9788,11.7958,0,0,0,0
48,2,1,17,0,0,1,0.0873,0.0874,0.065,0.05,1091.0,0.0,331.0,0.0,926.5,0.0,350.25,0.0,760.0,576.25,0.7582,1,0,0,0
49,1,0,0,1,1,1,0.9424,0.9917,0.6069,0.9238,614.0,350.0,631.5,352.0,635.5,506.0,674.5,517.0,17.6139,40.5216,2.3005,0,0,0,0
50,1,0,0,1,1,1,0.9355,0.9902,0.5537,0.9082,616.5,348.5,630.0,352.5,637.0,510.5,682.0,512.5,14.0801,45.0444,3.1991,0,0,0,0
51,1,0,0,1,1,1,0.9497,0.9927,0.6265,0.9297,622.5,347.5,642.5,357.5,649.5,514.0,682.5,530.0,22.3607,36.6742,1.6401,0,0,0,0
52,1,0,0,1,1,1,0.9473,0.9922,0.625,0.9272,625.0,348.5,638.5,357.5,648.0,515.0,673.0,528.5,16.225,28.4121,1.7511,0,0,0,0
53,1,0,0,1,1,1,0.9463,0.9927,0.6572,0.937,642.0,357.0,647.0,362.0,668.0,513.5,673.5,519.5,7.0711,8.1394,1.1511,0,0,0,0
54,1,0,0,1,1,1,0.9053,0.9873,0.585,0.9219,643.5,360.0,642.0,361.0,676.5,517.0,681.0,535.0,1.8028,18.554,10.2919,0,0,0,0
55,1,0,0,1,1,1,0.8989,0.9878,0.5591,0.9185,658.5,356.0,649.5,355.0,671.0,520.5,672.0,525.5,9.0554,5.099,0.5631,0,0,0,0
56,2,1,0,1,1,1,0.8911,0.9873,0.5542,0.9189,657.0,360.0,649.0,360.0,671.5,521.0,672.0,525.5,8.0,4.5277,0.566,0,0,0,0
56,2,1,18,0,0,1,0.0641,0.0939,0.0315,0.0407,1027.0,0.0,254.25,0.0,887.5,0.0,333.0,0.0,772.75,554.5,0.7176,1,0,0,0
57,1,0,0,1,1,1,0.9048,0.9888,0.5762,0.9253,670.5,348.5,663.5,350.0,676.5,508.5,681.0,521.0,7.1589,13.2853,1.8558,0,0,0,0
58,2,1,0,1,1,1,0.8994,0.9878,0.4363,0.8818,676.5,350.0,672.0,350.0,689.5,515.0,666.5,526.0,4.5,25.4951,5.6656,0,0,0,0
58,2,1,19,0,0,1,0.067,0.0854,0.0323,0.0342,1039.0,0.0,257.0,0.0,904.0,0.0,319.25,0.0,782.0,584.75,0.7478,1,0,0,0
59,2,1,0,1,1,1,0.894,0.9868,0.4092,0.8701,674.0,348.5,672.0,350.0,674.0,501.0,666.0,524.5,2.5,24.8244,9.9298,0,0,0,0
59,2,1,19,0,0,1,0.0569,0.0703,0.033,0.0338,1032.0,0.0,257.5,0.0,898.0,0.0,312.0,0.0,774.5,586.0,0.7566,1,0,0,0
60,3,1,0,1,1,1,0.8262,0.9834,0.46,0.9062,695.5,354.0,677.5,349.0,702.5,517.5,669.0,537.5,18.6815,39.016,2.0885,0,0,0,0
60,3,1,20,0,0,1,0.0631,0.0694,0.0479,0.0332,1246.0,636.5,1247.0,635.0,1219.0,707.5,1227.0,707.0,1.8028,8.0156,4.4463,0,0,0,0
60,3,1,19,0,0,1,0.0953,0.1196,0.0352,0.0366,1103.0,0.0,305.5,0.0,926.0,0.0,346.0,0.0,797.5,580.0,0.7273,1,0,0,0
61,2,1,0,1,1,1,0.8789,0.9819,0.4492,0.8652,700.5,351.0,681.0,353.0,707.5,509.5,669.5,533.5,19.6023,44.9444,2.2928,0,0,0,0
61,2,1,19,0,0,1,0.0728,0.0984,0.0334,0.0366,1032.0,0.0,257.75,0.0,917.5,0.0,383.0,0.0,774.25,534.5,0.6903,1,0,0,0
62,3,1,0,1,1,1,0.9438,0.9912,0.4866,0.8745,696.5,352.0,686.5,349.5,709.5,516.5,669.0,534.0,10.3078,44.1192,4.2802,0,0,0,0
62,3,1,21,0,0,1,0.0654,0.088,0.0627,0.0618,1254.0,604.0,1256.0,606.5,1230.0,693.0,1232.0,695.0,3.2016,2.8284,0.8835,0,0,0,0
62,3,1,19,0,0,1,0.0847,0.1016,0.0397,0.0365,1089.0,0.0,302.0,0.0,938.5,0.0,292.25,0.0,787.0,646.25,0.8212,1,0,0,0
63,2,1,0,0,1,1,0.9043,0.9907,0.3887,0.8853,703.0,347.0,688.5,345.0,717.5,510.5,671.0,527.5,14.6373,49.5101,3.3825,0,0,0,0
63,2,1,19,0,0,1,0.0868,0.1215,0.0326,0.0353,1101.0,0.0,314.25,0.0,926.0,0.0,337.0,0.0,786.75,589.0,0.7486,1,0,0,0
64,2,1,0,1,1,1,0.9321,0.9922,0.5435,0.915,710.5,359.0,699.0,356.0,736.5,508.5,670.5,539.0,11.8849,72.7066,6.1176,0,0,0,0
64,2,1,19,0,0,1,0.1014,0.114,0.0386,0.0328,1114.0,0.0,309.0,0.0,933.0,0.0,372.5,0.0,805.0,560.5,0.6963,1,0,0,0
65,1,0,0,1,1,1,0.9346,0.9956,0.6538,0.9595,726.0,371.0,706.0,364.5,772.0,484.0,673.5,528.5,21.0297,108.0856,5.1397,0,0,0,0
66,2,1,0,1,1,1,0.9219,0.9951,0.6465,0.9614,727.5,371.0,708.0,364.5,770.5,484.0,682.5,529.0,20.5548,98.8383,4.8085,0,0,0,0
66,2,1,22,0,0,1,0.0862,0.1091,0.0351,0.0392,1046.0,0.0,254.0,0.0,923.0,0.0,339.75,0.0,792.0,583.25,0.7364,1,0,0,0
67,3,1,0,1,1,1,0.9741,0.9966,0.8022,0.9683,733.5,355.0,715.5,356.0,795.0,481.5,695.0,544.5,18.0278,118.1905,6.556,0,0,0,0
67,3,1,22,0,0,1,0.0839,0.0966,0.031,0.0289,1103.0,0.0,298.0,0.0,909.0,0.0,391.75,0.0,805.0,517.25,0.6425,1,0,0,0
67,3,1,23,0,0,1,0.0662,0.0729,0.0538,0.0385,1249.0,623.0,1251.0,622.0,1221.0,701.0,1226.0,699.0,2.2361,5.3852,2.4083,0,0,0,0
68,3,1,0,1,1,1,0.9746,0.9966,0.7983,0.9678,729.0,356.5,713.0,358.5,804.5,486.5,686.0,544.5,16.1245,131.9327,8.1821,0,0,0,0
68,3,1,22,0,0,1,0.0695,0.0898,0.0316,0.0331,1103.0,0.0,308.0,0.0,914.0,0.0,390.5,0.0,795.0,523.5,0.6585,1,0,0,0
68,3,1,23,0,0,1,0.0499,0.0612,0.0397,0.0325,1251.0,640.0,1254.0,639.5,1227.0,705.0,1234.0,702.5,3.0414,7.433,2.444,0,0,0,0
69,2,1,0,1,1,1,0.9785,0.9971,0.8159,0.9688,750.5,359.5,728.5,360.5,809.5,485.0,720.5,538.0,22.0227,103.5857,4.7036,0,0,0,0
69,2,1,22,0,0,1,0.084,0.0993,0.0281,0.0275,1104.0,0.0,300.0,0.0,951.0,0.0,346.5,0.0,804.0,604.5,0.7519,1,0,0,0
70,2,1,0,1,1,1,0.978,0.9971,0.8086,0.9702,747.0,355.0,724.5,360.0,809.5,485.5,721.0,538.0,23.0489,102.9004,4.4644,0,0,0,0
70,2,1,22,0,0,1,0.0868,0.1038,0.039,0.0397,1091.0,0.0,312.75,0.0,944.0,0.0,347.25,0.0,778.25,596.75,0.7668,1,0,0,0
71,2,1,0,1,1,1,0.9756,0.9971,0.7563,0.9629,755.0,355.5,737.0,362.5,810.5,484.0,719.5,543.0,19.3132,108.4528,5.6155,0,0,0,0
71,2,1,24,0,0,1,0.0532,0.0693,0.0473,0.0438,1247.0,642.5,1253.0,642.5,1222.0,703.0,1231.0,700.0,6.0,9.4868,1.5811,0,0,0,0
72,3,1,0,1,1,1,0.9746,0.9971,0.75,0.9609,753.0,360.0,742.5,363.5,810.0,484.0,719.0,543.5,11.068,108.7256,9.8234,0,0,0,0
72,3,1,25,0,0,1,0.0848,0.1003,0.0334,0.0359,1100.0,0.0,319.5,0.0,940.0,0.0,384.25,0.0,780.5,555.75,0.712,1,0,0,0
72,3,1,24,0,0,1,0.046,0.0554,0.039,0.0306,1248.0,641.5,1252.0,641.0,1220.0,706.5,1226.0,702.5,4.0311,7.2111,1.7889,0,0,0,0
73,3,1,0,1,1,1,0.9731,0.9961,0.7881,0.9624,765.0,359.0,745.0,359.5,811.5,499.0,734.0,550.5,20.0062,93.0511,4.6511,0,0,0,0
73,3,1,24,0,0,1,0.0472,0.0535,0.0465,0.0345,1249.0,619.5,1255.0,620.0,1227.0,703.0,1229.0,701.5,6.0208,2.5,0.4152,0,0,0,0
73,3,1,25,0,0,1,0.0702,0.1013,0.0356,0.0411,1106.0,0.0,321.0,0.0,932.0,0.0,326.5,0.0,785.0,605.5,0.7713,1,0,0,0
74,2,1,0,1,1,1,0.9609,0.9956,0.7231,0.9561,789.0,364.0,764.0,369.5,816.5,509.5,759.0,551.5,25.5979,71.2057,2.7817,0,0,0,0
74,2,1,25,0,0,1,0.0609,0.0848,0.0334,0.0392,1037.0,0.0,257.25,0.0,889.0,0.0,325.75,0.0,779.75,563.25,0.7223,1,0,0,0
75,2,1,0,1,1,1,0.9619,0.9946,0.7231,0.9492,786.5,364.5,760.5,367.0,817.0,513.5,758.0,542.0,26.1199,65.5229,2.5085,0,0,0,0
75,2,1,25,0,0,1,0.089,0.1107,0.0377,0.0424,1026.0,0.0,251.0,0.0,890.0,0.0,303.25,0.0,775.0,586.75,0.7571,1,0,0,0
76,3,1,0,1,1,1,0.9448,0.9961,0.6226,0.9546,801.5,360.0,758.5,362.0,812.5,516.0,771.5,528.0,43.0465,42.72,0.9924,0,0,0,0
76,3,1,25,0,0,1,0.0869,0.1036,0.0351,0.0362,1106.0,0.0,313.75,0.0,940.0,0.0,355.5,0.0,792.25,584.5,0.7378,1,0,0,0
76,3,1,26,0,0,1,0.0854,0.0957,0.0645,0.0491,1252.0,622.0,1258.0,623.0,1223.0,705.5,1233.0,705.0,6.0828,10.0125,1.646,0,0,0,0
77,2,1,0,1,1,1,0.9526,0.9966,0.6626,0.9609,805.5,356.5,759.0,360.5,812.5,524.5,779.0,529.5,46.6717,33.8711,0.7257,0,0,0,0
77,2,1,26,0,0,1,0.0825,0.0903,0.0678,0.0491,1250.0,621.0,1253.0,621.0,1222.0,701.0,1228.0,703.0,3.0,6.3246,2.1082,0,0,0,0
78,1,0,0,1,1,1,0.9336,0.9922,0.6475,0.9419,816.5,364.0,759.0,366.0,830.0,522.0,783.0,535.5,57.5348,48.9004,0.8499,0,0,0,0
79,1,0,0,1,1,1,0.9341,0.9922,0.6489,0.9419,813.5,361.0,762.5,366.5,820.5,521.0,782.5,536.0,51.2957,40.8534,0.7964,0,0,0,0
80,3,1,0,1,1,1,0.9438,0.9922,0.5122,0.9004,834.5,355.5,768.0,355.5,837.0,517.0,794.5,526.0,66.5,43.4425,0.6533,0,0,0,0
80,3,1,27,0,0,1,0.0436,0.0672,0.0435,0.0485,1252.0,615.0,1255.0,615.0,1233.0,699.5,1239.0,698.0,3.0,6.1847,2.0616,0,0,0,0
80,3,1,28,0,0,1,0.0895,0.084,0.0643,0.0434,1099.0,0.0,299.0,0.0,911.0,0.0,342.25,0.0,800.0,568.75,0.7109,1,0,0,0
81,3,1,0,1,1,1,0.9297,0.9912,0.6567,0.9395,836.0,360.5,765.0,362.5,834.5,523.0,798.0,537.0,71.0282,39.0928,0.5504,0,0,0,0
81,3,1,27,0,0,1,0.079,0.0899,0.059,0.0449,1251.0,619.0,1253.0,619.0,1225.0,704.5,1232.0,704.0,2.0,7.0178,3.5089,0,0,0,0
81,3,1,28,0,0,1,0.1093,0.1289,0.0395,0.0391,1106.0,0.0,322.75,0.0,924.0,0.0,337.75,0.0,783.25,586.25,0.7485,1,0,0,0
82,1,0,0,1,1,1,0.9653,0.9956,0.7559,0.9604,849.0,365.5,774.0,358.0,839.5,520.0,789.0,523.0,75.3741,50.589,0.6712,0,0,0,0
83,1,0,0,1,1,1,0.9707,0.9951,0.7036,0.9399,843.5,351.5,770.0,348.5,843.0,508.5,788.0,514.5,73.5612,55.3263,0.7521,0,0,0,0
84,1,0,0,1,1,1,0.9707,0.9946,0.6855,0.9307,853.5,353.5,767.5,354.5,838.0,485.0,777.0,521.0,86.0058,70.8308,0.8236,0,0,0,0
85,2,1,0,1,1,1,0.981,0.9932,0.832,0.9302,864.0,356.5,762.0,355.0,862.0,522.5,766.5,522.0,102.011,95.5013,0.9362,0,0,0,0
85,2,1,29,0,0,1,0.0967,0.1078,0.036,0.0297,1088.0,0.0,301.75,0.0,914.0,0.0,321.0,0.0,786.25,593.0,0.7542,1,0,0,0
86,2,1,0,1,1,1,0.9878,0.9907,0.8481,0.8955,862.5,360.0,764.5,353.5,861.5,520.0,761.0,514.0,98.2153,100.6789,1.0251,0,0,0,0
86,2,1,29,0,0,1,0.0692,0.0778,0.0348,0.0289,1088.0,0.0,316.0,0.0,904.0,0.0,348.0,0.0,772.0,556.0,0.7202,1,0,0,0
87,4,1,0,1,1,1,0.9941,0.9897,0.9409,0.9121,868.0,355.0,766.5,350.5,874.5,519.5,766.0,524.0,101.5997,108.5933,1.0688,0,0,0,0
87,4,1,30,0,0,0,0.0731,0.0967,0.0608,0.0566,1250.0,602.5,1253.0,603.0,1228.0,708.0,1233.0,704.0,3.0414,6.4031,2.1053,0,0,0,0
87,4,1,29,0,0,1,0.1058,0.1091,0.0459,0.0409,1032.0,0.0,266.0,0.0,886.0,0.0,365.25,0.0,766.0,520.75,0.6798,1,0,0,0
87,4,1,31,0,0,0,0.0997,0.1698,0.0665,0.097,1249.0,617.0,1256.0,625.5,1235.0,712.5,1245.0,705.5,11.0114,12.2066,1.1085,0,0,0,0
88,3,1,0,1,1,1,0.9937,0.9878,0.9263,0.875,866.0,359.0,770.0,352.0,868.5,511.0,760.0,513.5,96.2549,108.5288,1.1275,0,0,0,0
88,3,1,30,0,0,1,0.1052,0.1564,0.061,0.0788,1244.0,599.5,1254.0,601.0,1229.0,712.0,1237.0,710.0,10.1119,8.2462,0.8155,0,0,0,0
88,3,1,29,0,0,1,0.1067,0.103,0.0387,0.0267,1076.0,0.0,316.5,0.0,911.0,0.0,356.75,0.0,759.5,554.25,0.7298,1,0,0,0
89,1,0,0,1,1,1,0.9951,0.9883,0.9575,0.9053,871.5,357.0,774.5,354.0,888.5,517.0,755.5,523.0,97.0464,133.1353,1.3719,0,0,0,0
90,1,0,0,1,1,1,0.9956,0.9854,0.9546,0.8652,876.5,354.0,773.5,349.5,891.0,507.0,758.5,513.0,103.0983,132.6358,1.2865,0,0,0,0
91,1,0,0,1,1,1,0.9966,0.981,0.9702,0.8545,878.0,354.5,778.5,354.5,906.0,508.0,749.0,513.0,99.5,157.0796,1.5787,0,0,0,0
92,1,0,0,1,1,1,0.9966,0.9834,0.9668,0.8652,878.0,355.0,778.5,355.0,898.0,508.5,749.0,513.5,99.5,149.0839,1.4983,0,0,0,0
93,1,0,0,1,1,1,0.9966,0.9844,0.9644,0.8569,885.0,357.5,783.0,355.5,911.0,514.5,753.5,523.5,102.0196,157.7569,1.5463,0,0,0,0
94,2,1,0,1,1,1,0.9971,0.9795,0.9731,0.8369,891.0,362.0,793.5,361.0,921.0,510.0,764.5,516.0,97.5051,156.615,1.6062,0,0,0,0
94,2,1,32,0,0,1,0.0729,0.0916,0.038,0.0327,1081.0,0.0,355.5,0.0,889.0,0.0,363.25,0.0,725.5,525.75,0.7247,1,0,0,0
95,1,0,0,1,1,1,0.9971,0.98,0.9707,0.8247,890.5,359.0,793.0,357.5,921.0,518.0,764.5,516.0,97.5115,156.5128,1.6051,0,0,0,0
96,2,1,0,1,1,1,0.9966,0.9814,0.9658,0.8423,895.5,361.0,800.5,358.5,920.0,526.5,773.0,517.0,95.0329,147.3067,1.5501,0,0,0,0
96,2,1,33,0,0,1,0.0489,0.0743,0.0329,0.038,1039.0,0.0,244.25,0.0,890.0,0.0,343.0,0.0,794.75,547.0,0.6883,1,0,0,0
97,2,1,0,1,1,1,0.9966,0.979,0.9673,0.8286,896.5,362.0,802.0,358.5,919.0,527.0,763.0,526.5,94.5648,156.0008,1.6497,0,0,0,0
97,2,1,33,0,0,1,0.085,0.103,0.0358,0.0362,1019.5,0.0,240.75,0.0,909.5,0.0,314.0,0.0,778.75,595.5,0.7647,1,0,0,0
98,1,0,0,1,1,1,0.9961,0.9717,0.9707,0.8237,896.0,360.0,801.0,356.0,925.5,535.5,780.0,528.0,95.0842,145.6932,1.5323,0,0,0,0
99,1,0,0,1,1,1,0.9966,0.9766,0.9707,0.8394,897.0,360.0,803.5,356.5,925.5,535.0,780.0,528.0,93.5655,145.6683,1.5569,0,0,0,0
100,2,1,0,1,1,1,0.9956,0.96,0.9688,0.7915,892.5,360.0,810.0,357.0,929.0,548.0,786.0,530.0,82.5545,144.1284,1.7459,0,0,0,0
100,2,1,34,0,0,1,0.1172,0.124,0.0435,0.0347,1096.0,0.0,324.5,0.0,897.5,0.0,355.0,0.0,771.5,542.5,0.7032,1,0,0,0
101,2,1,0,1,1,1,0.9976,0.9175,0.9702,0.5098,889.0,353.5,814.0,355.0,918.5,544.5,805.5,531.0,75.015,113.8036,1.5171,0,0,0,0
101,2,1,34,0,0,1,0.076,0.1093,0.0289,0.0338,1037.0,0.0,248.0,0.0,903.5,0.0,285.5,0.0,789.0,618.0,0.7833,1,0,0,0
102,1,0,0,1,1,1,0.9976,0.9229,0.9697,0.5127,887.5,356.5,812.5,353.0,910.0,543.5,795.5,539.0,75.0816,114.5884,1.5262,0,0,0,0
103,1,0,0,1,1,1,0.9971,0.8901,0.9648,0.4189,885.0,356.0,822.0,354.0,893.5,542.5,819.5,541.0,63.0317,74.0152,1.1743,0,0,0,0
104,1,0,0,1,1,1,0.9971,0.8965,0.96,0.4229,886.5,358.0,819.5,355.5,893.5,551.0,819.5,541.0,67.0466,74.6726,1.1137,0,0,0,0
105,1,0,0,0,1,1,0.9941,0.8882,0.9233,0.3665,877.0,348.5,819.5,351.0,876.0,545.5,813.0,550.0,57.5543,63.1605,1.0974,0,0,0,0
106,2,1,0,1,1,1,0.9961,0.8892,0.9575,0.4255,881.5,348.0,820.5,351.0,876.5,541.5,802.0,539.0,61.0737,74.5419,1.2205,0,0,0,0
106,2,1,35,0,0,1,0.088,0.1232,0.0422,0.0524,1028.0,0.0,233.25,0.0,919.0,0.0,314.75,0.0,794.75,604.25,0.7603,1,0,0,0
107,1,0,0,1,1,1,0.9966,0.8804,0.9639,0.4397,860.5,348.5,826.0,346.5,854.5,542.0,818.5,549.5,34.5579,36.773,1.0641,0,0,0,0
108,1,0,0,0,1,1,0.9971,0.8926,0.9595,0.3882,854.0,350.0,830.5,351.0,828.5,541.0,810.5,541.5,23.5213,18.0069,0.7656,0,0,0,0
109,2,1,0,0,1,1,0.998,0.8853,0.9785,0.3914,849.5,355.0,834.0,355.5,832.0,537.5,810.0,542.5,15.5081,22.561,1.4548,0,0,0,0
109,2,1,36,0,0,1,0.0895,0.1078,0.0342,0.0291,1111.0,0.0,317.5,0.0,907.5,0.0,335.0,0.0,793.5,572.5,0.7215,1,0,0,0
110,2,1,0,1,1,1,0.9976,0.9019,0.9736,0.4307,827.5,363.0,837.0,360.0,810.5,554.0,795.0,546.0,9.9624,17.4428,1.7509,0,0,0,0
110,2,1,36,0,0,1,0.0799,0.1238,0.0449,0.0605,1029.0,0.0,283.5,0.0,876.0,0.0,348.75,0.0,745.5,527.25,0.7072,1,0,0,0
111,1,0,0,1,1,1,0.9976,0.8999,0.9751,0.4233,821.5,360.5,840.5,358.0,812.0,553.5,803.0,546.5,19.1638,11.4018,0.595,0,0,0,0
112,2,1,0,1,1,1,0.9985,0.8799,0.9858,0.4514,827.0,362.0,807.5,355.5,787.0,545.5,783.0,534.0,20.5548,12.1758,0.5924,0,0,0,0
112,2,1,37,0,0,1,0.0888,0.1088,0.0306,0.0309,1039.0,0.0,240.75,0.0,943.0,0.0,302.25,0.0,798.25,640.75,0.8027,1,0,0,0
113,1,0,0,1,1,1,0.9937,0.8857,0.9707,0.5918,826.5,360.0,807.0,353.5,792.0,542.5,787.0,534.0,20.5548,9.8615,0.4798,0,0,0,0
114,2,1,0,1,1,1,0.9956,0.8823,0.981,0.5957,813.0,359.5,794.0,353.5,776.5,542.5,765.0,550.0,19.9249,13.7295,0.6891,0,0,0,0
114,2,1,38,0,0,1,0.0724,0.1118,0.0367,0.0483,1036.0,0.0,246.75,0.0,933.0,0.0,288.0,0.0,789.25,645.0,0.8172,1,0,0,0
115,1,0,0,1,1,1,0.998,0.8584,0.9873,0.4932,818.0,363.0,790.5,361.0,781.5,532.5,770.0,530.5,27.5726,11.6726,0.4233,0,0,0,0
116,2,1,0,1,1,1,0.9961,0.8286,0.9731,0.4458,790.5,360.5,777.0,358.5,764.0,537.5,759.0,543.0,13.6473,7.433,0.5447,0,0,0,0
116,2,1,39,0,0,1,0.0703,0.0945,0.0328,0.037,1014.5,0.0,258.5,0.0,909.0,0.0,296.5,0.0,756.0,612.5,0.8102,1,0,0,0
117,1,0,0,1,1,1,0.9966,0.8623,0.9746,0.4883,792.0,357.5,779.5,355.0,763.0,537.5,752.0,541.5,12.7475,11.7047,0.9182,0,0,0,0
118,1,0,0,1,1,1,0.9971,0.8208,0.9795,0.4219,775.0,370.0,759.0,363.0,747.5,544.5,738.5,539.0,17.4642,10.5475,0.6039,0,0,0,0
119,2,1,0,1,1,1,0.9956,0.8042,0.9756,0.4607,774.5,364.5,756.0,362.0,750.0,538.5,737.5,531.5,18.6682,14.3265,0.7674,0,0,0,0
119,2,1,40,0,0,1,0.0735,0.1067,0.0331,0.0415,1006.0,0.0,252.0,0.0,898.5,0.0,298.25,0.0,754.0,600.25,0.7961,1,0,0,0
120,2,1,0,0,1,1,0.9971,0.8208,0.9756,0.3967,750.5,360.5,737.0,355.0,737.5,544.5,704.5,545.0,14.5774,33.0038,2.264,0,0,0,0
120,2,1,41,0,0,1,0.0804,0.1019,0.0385,0.0372,1108.0,0.0,351.25,0.0,954.0,0.0,331.25,0.0,756.75,622.75,0.8229,1,0,0,0
121,2,1,0,1,1,1,0.9961,0.8223,0.9683,0.4136,731.0,352.0,707.5,349.5,734.5,538.0,693.5,540.0,23.6326,41.0488,1.737,0,0,0,0
121,2,1,41,0,0,1,0.0655,0.1116,0.0277,0.0381,1109.0,0.0,326.5,0.0,967.5,0.0,334.0,0.0,782.5,633.5,0.8096,1,0,0,0
122,2,1,0,1,1,1,0.9946,0.8511,0.9731,0.5073,735.5,349.0,706.5,349.0,734.0,544.5,706.0,549.0,29.0,28.3593,0.9779,0,0,0,0
122,2,1,41,0,0,1,0.065,0.1036,0.0328,0.0433,1038.0,0.0,241.0,0.0,896.0,0.0,308.0,0.0,797.0,588.0,0.7378,1,0,0,0
123,1,0,0,0,1,1,0.9956,0.8311,0.9497,0.3315,714.5,350.5,695.5,349.0,726.0,550.5,696.0,533.0,19.0591,34.7311,1.8223,0,0,0,0
124,1,0,0,0,1,1,0.9956,0.8281,0.9409,0.2937,714.0,351.5,698.0,349.0,725.0,551.0,687.0,532.5,16.1941,42.2641,2.6098,0,0,0,0
125,2,1,0,0,1,1,0.9956,0.7383,0.9639,0.2969,697.5,354.5,676.5,349.5,719.5,547.0,678.0,539.5,21.587,42.1723,1.9536,0,0,0,0
125,2,1,42,0,0,1,0.0944,0.1144,0.0375,0.0368,1025.0,0.0,248.0,0.0,924.5,0.0,311.5,0.0,777.0,613.0,0.7889,1,0,0,0
126,2,1,0,0,1,1,0.9951,0.7573,0.9556,0.3025,699.0,352.0,681.0,346.0,718.5,547.0,678.0,539.5,18.9737,41.1886,2.1708,0,0,0,0
126,2,1,43,0,0,1,0.086,0.1124,0.0325,0.0338,1124.0,0.0,315.75,0.0,937.5,0.0,322.75,0.0,808.25,614.75,0.7606,1,0,0,0
127,1,0,0,0,1,1,0.9956,0.8496,0.9512,0.3638,683.5,350.0,657.5,341.0,707.0,542.0,646.0,534.5,27.5136,61.4593,2.2338,0,0,0,0
128,2,1,0,0,1,1,0.9956,0.8428,0.9502,0.3499,684.5,349.0,664.5,345.0,706.0,542.0,663.5,527.5,20.3961,44.9055,2.2017,0,0,0,0
128,2,1,44,0,0,1,0.0979,0.1193,0.0377,0.0348,1112.0,0.0,300.0,0.0,951.0,0.0,326.0,0.0,812.0,625.0,0.7697,1,0,0,0
129,1,0,0,0,1,1,0.9956,0.8818,0.9385,0.3638,667.5,343.5,640.0,339.5,702.0,538.5,626.0,532.5,27.7894,76.2365,2.7434,0,0,0,0
130,2,1,0,1,1,1,0.998,0.9341,0.9814,0.6348,649.0,351.5,617.0,350.0,684.5,541.0,572.5,509.0,32.0351,116.4818,3.6361,0,0,0,0
130,2,1,45,0,0,1,0.0729,0.1027,0.0417,0.0475,1036.0,0.0,244.25,0.0,915.0,0.0,293.5,0.0,791.75,621.5,0.785,1,0,0,0
131,2,1,0,1,1,1,0.998,0.9253,0.9805,0.5957,651.0,351.5,616.5,350.5,685.5,542.0,572.0,508.5,34.5145,118.3406,3.4287,0,0,0,0
131,2,1,45,0,0,1,0.0565,0.0952,0.0374,0.0537,1030.0,0.0,260.0,0.0,880.0,0.0,346.5,0.0,770.0,533.5,0.6929,1,0,0,0
132,1,0,0,1,1,1,0.9961,0.9434,0.9766,0.6943,630.0,361.5,605.5,356.0,666.0,548.5,542.0,535.5,25.1098,124.6796,4.9654,0,0,0,0
133,2,1,0,1,1,1,0.9976,0.9409,0.979,0.6128,635.0,351.5,599.5,349.0,667.0,549.5,540.0,522.5,35.5879,129.8384,3.6484,0,0,0,0
133,2,1,46,0,0,1,0.0605,0.0932,0.0349,0.0426,1040.0,0.0,245.5,0.0,917.0,0.0,311.5,0.0,794.5,605.5,0.7621,1,0,0,0
134,2,1,0,1,1,1,0.9971,0.9443,0.9658,0.5967,620.5,355.5,583.5,351.0,642.0,559.0,534.5,504.0,37.2726,120.7528,3.2397,0,0,0,0
134,2,1,46,0,0,1,0.0788,0.1034,0.0345,0.0373,1022.5,0.0,244.25,0.0,944.5,0.0,258.75,0.0,778.25,685.75,0.8811,1,0,0,0
135,2,1,0,1,1,1,0.9971,0.9541,0.9629,0.6206,619.5,355.0,580.0,352.0,643.0,551.0,533.5,513.0,39.6138,115.9062,2.9259,0,0,0,0
135,2,1,46,0,0,1,0.0804,0.1116,0.0323,0.0399,1035.0,0.0,241.75,0.0,880.5,0.0,313.75,0.0,793.25,566.75,0.7145,1,0,0,0
136,2,1,0,1,1,1,0.9961,0.9175,0.9604,0.5469,603.0,354.5,568.5,347.0,620.0,558.5,509.5,519.0,35.3058,117.3478,3.3238,0,0,0,0
136,2,1,46,0,0,1,0.0909,0.0863,0.0916,0.058,1101.0,0.0,320.25,0.0,904.0,0.0,318.5,0.0,780.75,585.5,0.7499,1,0,0,0
137,2,1,0,1,1,1,0.9932,0.8789,0.938,0.4624,584.0,362.0,552.5,358.0,592.0,568.0,501.75,519.5,31.753,102.4564,3.2267,0,0,0,0
137,2,1,46,0,0,1,0.0774,0.111,0.0373,0.0458,1043.0,0.0,253.75,0.0,958.5,0.0,250.0,0.0,789.25,708.5,0.8977,1,0,0,0
138,2,1,0,1,1,1,0.9951,0.8965,0.9487,0.4812,583.0,362.0,548.0,359.0,591.5,569.0,500.75,527.5,35.1283,99.7888,2.8407,0,0,0,0
138,2,1,47,1,1,1,0.6831,0.8442,0.6255,0.7866,1196.0,103.75,1006.5,96.25,1146.0,87.25,927.5,72.5,189.6484,218.9973,1.1548,0,0,0,0
139,3,1,0,0,1,1,0.9946,0.7324,0.9624,0.2881,560.0,361.0,526.5,357.0,558.0,559.5,489.5,542.0,33.738,70.7001,2.0956,0,0,0,0
139,3,1,47,1,1,1,0.6025,0.8662,0.5488,0.8223,1190.0,110.0,990.5,105.0,1164.0,117.5,930.0,83.0,199.5626,236.5296,1.1852,0,0,0,0
139,3,1,48,0,0,1,0.0714,0.0901,0.0342,0.0349,1009.0,0.0,250.75,0.0,918.5,0.0,294.25,0.0,758.25,624.25,0.8233,1,0,0,0
140,3,1,0,0,1,1,0.9897,0.7056,0.916,0.2346,560.0,358.0,523.0,349.5,562.5,560.0,492.0,551.0,37.9638,71.0721,1.8721,0,0,0,0
140,3,1,48,0,0,1,0.0577,0.075,0.0397,0.042,1031.0,0.0,272.25,0.0,941.0,0.0,286.25,0.0,758.75,654.75,0.8629,1,0,0,0
140,3,1,47,1,1,1,0.5996,0.8164,0.583,0.7856,1208.0,96.75,1006.0,94.75,1162.0,108.0,927.5,83.75,202.0099,235.7505,1.167,0,0,0,0
141,3,1,0,1,1,1,0.9961,0.8867,0.9678,0.4707,540.5,369.0,514.5,360.5,526.0,570.0,470.0,552.5,27.3542,58.6707,2.1449,0,0,0,0
141,3,1,47,1,1,1,0.5156,0.7686,0.5195,0.7485,1222.0,116.25,1024.0,95.0,1169.0,123.75,956.0,59.5,199.137,222.4794,1.1172,0,0,0,0
141,3,1,48,0,0,1,0.0735,0.093,0.0488,0.0454,1108.0,0.0,326.75,0.0,924.0,0.0,316.5,0.0,781.25,607.5,0.7776,1,0,0,0
142,3,1,0,1,1,1,0.9956,0.8633,0.9639,0.4053,532.5,369.0,518.0,363.0,527.5,570.0,470.75,554.0,15.6924,58.9624,3.7574,0,0,0,0
142,3,1,48,0,0,1,0.0632,0.0801,0.0377,0.0383,1045.0,0.0,240.75,0.0,980.5,0.0,292.5,0.0,804.25,688.0,0.8555,1,0,0,0
142,3,1,47,1,1,1,0.5269,0.7993,0.4749,0.7412,1210.0,108.0,1013.0,102.75,1162.0,143.5,989.0,91.75,197.0699,180.5743,0.9163,1,0,0,0
143,3,1,0,0,1,1,0.9917,0.7534,0.8682,0.1581,509.5,361.5,500.0,351.5,483.25,577.0,465.25,540.0,13.7931,41.1461,2.9831,0,0,0,0
143,3,1,47,1,1,1,0.6289,0.8276,0.5869,0.7705,1203.0,105.0,1005.0,102.25,1161.0,105.75,956.0,48.25,198.0191,212.9114,1.0752,0,0,0,0
143,3,1,48,0,0,1,0.0853,0.105,0.0383,0.0385,1038.0,0.0,252.0,0.0,987.0,0.0,296.25,0.0,786.0,690.75,0.8788,1,0,0,0
144,1,0,0,0,1,1,0.9907,0.751,0.877,0.1794,514.5,356.0,507.75,345.0,481.0,576.0,464.75,539.5,12.9059,39.9539,3.0958,0,0,0,0
145,3,1,0,0,1,1,0.9912,0.7188,0.8896,0.1694,496.25,352.0,485.25,341.5,452.0,560.0,442.5,536.0,15.2069,25.8118,1.6974,0,0,0,0
145,3,1,49,1,1,1,0.6191,0.8716,0.5591,0.814,1237.0,137.0,1043.0,123.5,1168.0,98.5,1004.0,82.0,194.4691,164.8279,0.8476,0,0,0,0
145,3,1,50,0,0,1,0.1009,0.1099,0.0424,0.0327,1091.0,0.0,311.75,0.0,955.0,0.0,303.5,0.0,779.25,651.5,0.8361,1,0,0,0
146,2,1,0,0,1,1,0.9941,0.7388,0.9146,0.1748,472.0,349.0,466.25,337.5,426.75,558.5,420.5,514.0,12.8574,44.9368,3.495,0,0,0,0
146,2,1,50,0,0,1,0.0933,0.1061,0.0484,0.0411,1054.0,0.0,236.0,0.0,982.0,0.0,257.5,0.0,818.0,724.5,0.8857,1,0,0,0
147,3,1,0,0,1,1,0.9951,0.8032,0.9233,0.2167,467.75,348.0,464.0,340.0,426.5,555.0,429.0,523.0,8.8353,32.0975,3.6329,0,0,0,0
147,3,1,51,1,1,1,0.7222,0.8369,0.7007,0.7993,1200.0,96.5,998.5,95.5,1155.0,69.75,936.5,53.5,201.5025,219.1034,1.0873,0,0,0,0
147,3,1,50,0,0,1,0.0927,0.0935,0.0792,0.0508,1093.0,0.0,290.5,0.0,929.0,0.0,290.0,0.0,802.5,639.0,0.7963,1,0,0,0
148,2,1,0,0,1,1,0.9951,0.793,0.9302,0.2239,451.5,349.5,455.75,335.5,397.75,533.0,412.5,502.0,14.6309,34.3302,2.3464,0,0,0,0
148,2,1,50,0,0,1,0.1188,0.1061,0.1058,0.0591,1080.0,0.0,334.0,0.0,946.0,0.0,311.0,0.0,746.0,635.0,0.8512,1,0,0,0
149,2,1,0,0,1,1,0.9956,0.8169,0.9263,0.2207,450.0,350.0,454.75,338.0,397.25,542.0,402.5,511.0,12.9059,31.4414,2.4362,0,0,0,0
149,2,1,50,0,0,1,0.0716,0.0757,0.0824,0.0576,1056.0,0.0,260.5,0.0,989.0,0.0,265.75,0.0,795.5,723.25,0.9092,1,0,0,0
150,2,1,0,1,1,1,0.998,0.8594,0.9863,0.4453,440.25,348.0,429.25,340.5,375.0,526.5,394.75,520.0,13.3135,20.7921,1.5617,0,0,0,0
150,2,1,50,0,0,1,0.0799,0.0952,0.0388,0.0323,1110.0,0.0,337.25,0.0,877.5,0.0,306.25,0.0,772.75,571.25,0.7392,1,0,0,0
151,1,0,0,1,1,1,0.9956,0.8423,0.9756,0.4287,443.75,355.5,424.0,348.0,366.5,532.5,390.5,518.0,21.1261,28.0401,1.3273,0,0,0,0
152,1,0,0,0,1,1,0.9971,0.7998,0.9678,0.262,423.0,343.5,423.25,332.0,341.5,526.5,366.25,503.0,11.5027,34.1293,2.9671,0,0,0,0
153,1,0,0,0,1,1,0.9946,0.8491,0.9502,0.3477,415.5,350.5,420.5,339.0,335.5,529.0,361.25,522.5,12.5399,26.5577,2.1179,0,0,0,0
154,1,0,0,0,1,1,0.9956,0.8462,0.957,0.3508,397.75,351.0,409.75,342.0,323.25,530.0,337.75,520.0,15.0,17.6139,1.1743,0,0,0,0
155,1,0,0,0,1,1,0.9961,0.8418,0.9614,0.3376,397.5,350.0,408.0,342.5,323.75,521.5,346.75,520.0,12.9035,23.0489,1.7863,0,0,0,0
156,2,1,0,0,1,1,0.9976,0.8564,0.9697,0.301,373.5,351.0,398.5,342.0,300.5,517.5,323.75,508.5,26.5707,24.9312,0.9383,0,0,0,0
156,2,1,52,0,0,1,0.071,0.1069,0.0267,0.0316,1106.0,0.0,313.5,0.0,960.0,0.0,318.5,0.0,792.5,641.5,0.8095,1,0,0,0
157,2,1,0,0,1,1,0.9937,0.8521,0.9536,0.3906,362.25,353.0,364.5,343.5,285.0,522.5,297.25,522.0,9.7628,12.2602,1.2558,0,0,0,0
157,2,1,52,0,0,1,0.0891,0.1007,0.0396,0.0346,1101.0,0.0,330.0,0.0,923.5,0.0,345.5,0.0,771.0,578.0,0.7497,1,0,0,0
158,1,0,0,1,1,1,0.9961,0.8696,0.9722,0.4504,360.5,350.0,367.0,338.0,283.75,525.5,299.75,521.5,13.6473,16.4924,1.2085,0,0,0,0
159,1,0,0,0,1,1,0.9971,0.8486,0.9478,0.2421,342.0,356.0,348.25,346.5,268.75,538.0,286.75,513.0,11.3716,30.8058,2.709,0,0,0,0
160,2,1,0,0,1,1,0.9956,0.8184,0.9229,0.2021,338.25,351.5,354.5,340.0,271.5,530.5,291.0,514.0,19.9076,25.5441,1.2831,0,0,0,0
160,2,1,53,0,0,1,0.075,0.108,0.0369,0.0463,1037.0,0.0,255.75,0.0,905.0,0.0,342.0,0.0,781.25,563.0,0.7206,1,0,0,0
161,1,0,0,0,1,1,0.9922,0.7524,0.8984,0.1835,324.5,349.0,325.5,339.0,269.75,532.0,257.25,509.5,10.0499,25.7391,2.5611,0,0,0,0
162,2,1,0,0,1,1,0.9937,0.8091,0.9106,0.2285,324.75,351.0,327.25,339.0,262.0,541.0,255.5,519.0,12.2577,22.9401,1.8715,0,0,0,0
162,2,1,54,0,0,1,0.0754,0.0821,0.0406,0.0313,1093.0,0.0,357.25,0.0,878.0,0.0,335.5,0.0,735.75,542.5,0.7373,1,0,0,0
163,2,1,0,0,1,1,0.9917,0.686,0.9189,0.1763,311.5,341.0,299.5,334.0,258.0,541.0,249.125,534.0,13.8924,11.3033,0.8136,0,0,0,0
163,2,1,55,0,0,1,0.1054,0.1461,0.0451,0.0532,1020.5,0.0,248.25,0.0,927.0,0.0,280.25,0.0,772.25,646.75,0.8375,1,0,0,0
164,2,1,0,0,1,1,0.9922,0.7251,0.9229,0.2039,310.75,344.0,296.75,336.5,250.625,541.0,248.625,534.0,15.8824,7.2801,0.4584,0,0,0,0
164,2,1,55,0,0,1,0.0891,0.1091,0.0333,0.0339,1028.0,0.0,265.0,0.0,904.0,0.0,313.75,0.0,763.0,590.25,0.7736,1,0,0,0
165,2,1,0,0,1,1,0.9946,0.7686,0.9414,0.2417,289.5,347.0,279.75,337.0,254.125,546.0,241.5,540.5,13.9665,13.771,0.986,0,0,0,0
165,2,1,55,0,0,1,0.0725,0.0865,0.0281,0.027,1087.0,0.0,343.25,0.0,931.5,0.0,356.0,0.0,743.75,575.5,0.7738,1,0,0,0
166,2,1,0,0,1,1,0.9956,0.8462,0.9517,0.3215,272.5,349.0,267.5,335.5,253.375,550.5,238.25,541.0,14.3962,17.861,1.2407,0,0,0,0
166,2,1,55,0,0,1,0.0632,0.0891,0.0323,0.0382,1025.0,0.0,248.25,0.0,781.0,0.0,301.75,0.0,776.75,479.25,0.617,1,0,0,0
167,2,1,0,0,1,1,0.9932,0.853,0.9043,0.2781,275.5,341.0,266.5,329.0,254.5,551.0,233.0,531.0,15.0,29.3641,1.9576,0,0,0,0
167,2,1,56,0,0,1,0.072,0.1086,0.0296,0.0384,1086.0,0.0,364.75,0.0,928.0,0.0,345.0,0.0,721.25,583.0,0.8083,1,0,0,0
168,1,0,0,0,1,1,0.9951,0.8145,0.918,0.2274,263.75,340.5,258.0,331.0,251.25,560.0,220.625,540.0,11.1046,36.5772,3.2939,0,0,0,0
169,1,0,0,0,1,1,0.9941,0.8477,0.9072,0.2483,260.75,343.0,253.5,332.5,259.25,552.5,216.875,538.5,12.7598,44.6278,3.4975,0,0,0,0
170,2,1,0,0,1,1,0.9951,0.7573,0.9297,0.2018,254.875,337.0,243.5,327.5,247.25,548.0,203.625,537.0,14.8203,44.9905,3.0357,0,0,0,0
170,2,1,57,0,0,1,0.0689,0.1065,0.0458,0.0579,1023.0,0.0,266.75,0.0,867.0,0.0,287.25,0.0,756.25,579.75,0.7666,1,0,0,0
171,2,1,0,0,1,1,0.9951,0.7788,0.9331,0.2277,249.375,337.5,243.0,326.5,248.75,556.0,205.375,528.0,12.7138,51.6274,4.0607,0,0,0,0
171,2,1,57,0,0,1,0.0741,0.0877,0.0371,0.0336,1082.0,0.0,325.5,0.0,875.0,0.0,356.5,0.0,756.5,518.5,0.6854,1,0,0,0
172,1,0,0,0,1,1,0.9966,0.8828,0.9492,0.3079,238.5,347.5,229.5,338.0,250.875,556.0,186.0,553.5,13.0863,64.9232,4.9612,0,0,0,0
173,2,1,0,0,1,1,0.9932,0.8379,0.8862,0.2168,224.25,346.5,218.5,344.0,231.75,564.5,179.625,562.5,6.27,52.1634,8.3196,0,0,0,0
173,2,1,58,0,0,1,0.0793,0.1067,0.032,0.0345,1066.0,0.0,340.75,0.0,850.0,0.0,357.0,0.0,725.25,493.0,0.6798,1,0,0,0
174,2,1,0,0,1,1,0.9937,0.854,0.8843,0.2272,225.75,345.5,216.0,339.5,232.0,565.0,178.75,571.5,11.4483,53.6452,4.6859,0,0,0,0
174,2,1,58,0,0,1,0.0887,0.1107,0.0384,0.0366,1079.0,0.0,347.5,0.0,821.5,0.0,337.75,0.0,731.5,483.75,0.6613,1,0,0,0
175,1,0,0,0,1,1,0.9932,0.876,0.8975,0.3018,214.25,344.5,195.0,339.0,227.25,563.0,158.625,559.0,20.0203,68.7415,3.4336,0,0,0,0
176,2,1,0,0,1,1,0.9932,0.8687,0.9053,0.3066,217.0,342.5,193.625,339.5,226.375,563.0,150.875,558.0,23.5667,75.6654,3.2107,0,0,0,0
176,2,1,59,0,0,1,0.0682,0.1116,0.0351,0.0429,1066.0,0.0,336.5,0.0,845.5,0.0,343.75,0.0,729.5,501.75,0.6878,1,0,0,0
177,1,0,0,0,1,1,0.9951,0.8657,0.9365,0.3601,199.375,349.0,190.0,334.0,197.25,577.0,123.1875,538.0,17.6887,83.7034,4.732,0,0,0,0
178,2,1,0,0,1,1,0.9946,0.8457,0.9312,0.3245,194.5,351.5,189.375,342.0,189.5,579.0,122.3125,548.0,10.7942,73.9943,6.855,0,0,0,0
178,2,1,60,0,0,1,0.0606,0.1041,0.0345,0.0451,1083.0,0.0,360.5,0.0,764.0,0.0,339.75,0.0,722.5,424.25,0.5872,1,0,0,0
179,2,1,0,1,1,1,0.9966,0.8965,0.9688,0.4905,185.25,351.5,154.75,342.5,171.5,567.5,103.9375,543.0,31.8002,71.8675,2.26,0,0,0,0
179,2,1,60,0,0,1,0.0646,0.0969,0.0421,0.0539,1006.0,0.0,294.5,0.0,844.5,0.0,350.0,0.0,711.5,494.5,0.695,1,0,0,0
180,1,0,0,0,1,1,0.9971,0.7798,0.9663,0.2512,173.25,353.0,150.5,344.0,148.5,568.0,102.8125,552.0,24.4655,48.4081,1.9786,0,0,0,0
181,1,0,0,0,1,1,0.9966,0.8115,0.9614,0.2771,175.625,352.5,148.5,344.5,149.25,568.0,102.3125,551.0,28.2801,49.9212,1.7652,0,0,0,0
182,1,0,0,0,1,1,0.9966,0.8584,0.9565,0.3296,159.875,348.0,139.125,338.5,127.0625,568.0,95.0,550.5,22.8213,36.5274,1.6006,0,0,0,0
183,2,1,0,0,1,1,0.9932,0.8926,0.9185,0.3809,162.0,343.0,134.5,335.5,125.75,560.5,86.4375,548.5,28.5044,41.1032,1.442,0,0,0,0
183,2,1,61,0,0,1,0.079,0.1065,0.0391,0.0422,1059.0,0.0,352.25,0.0,868.5,0.0,367.25,0.0,706.75,501.25,0.7092,1,0,0,0
184,2,1,0,1,1,1,0.9941,0.8896,0.9321,0.4041,149.0,346.5,125.875,328.5,85.875,550.5,63.375,527.0,29.3047,32.5346,1.1102,0,0,0,0
184,2,1,61,0,0,1,0.0671,0.0869,0.0387,0.0405,1076.0,0.0,364.5,0.0,859.0,0.0,365.75,0.0,711.5,493.25,0.6933,1,0,0,0
185,1,0,0,1,1,1,0.9951,0.9019,0.9399,0.4348,148.875,346.0,127.625,329.5,94.125,558.5,63.9375,528.0,26.9038,42.9131,1.5951,0,0,0,0
186,2,1,0,0,1,1,0.9927,0.8438,0.9102,0.283,142.5,331.0,132.25,319.5,69.1875,540.0,61.7188,526.0,15.405,15.8676,1.03,0,0,0,0
186,2,1,62,0,0,1,0.0621,0.0865,0.0307,0.0375,1099.0,0.0,340.25,0.0,937.0,0.0,383.25,0.0,758.75,553.75,0.7298,1,0,0,0
187,2,1,0,0,1,1,0.9976,0.8545,0.9712,0.3335,142.375,346.0,138.75,333.5,86.375,539.5,63.9375,534.5,13.015,22.9879,1.7663,0,0,0,0
187,2,1,62,0,0,1,0.063,0.0906,0.0363,0.0438,1074.0,0.0,361.5,0.0,790.5,0.0,372.75,0.0,712.5,417.75,0.5863,1,0,0,0
188,2,1,0,1,1,1,0.9897,0.8901,0.9214,0.4561,143.0,336.0,105.25,326.5,59.0625,538.5,54.5,514.0,38.927,24.9212,0.6402,0,0,0,0
188,2,1,62,0,0,1,0.0774,0.1019,0.0362,0.0403,1086.0,0.0,319.5,0.0,861.5,0.0,337.25,0.0,766.5,524.25,0.684,1,0,0,0
189,1,0,0,1,1,1,0.9897,0.8882,0.917,0.4368,139.75,332.5,102.25,323.5,57.875,530.5,54.7812,513.0,38.5649,17.7714,0.4608,0,0,0,0
190,1,0,0,1,1,1,0.9902,0.8701,0.9351,0.4583,150.875,336.5,76.0,330.5,67.3125,530.0,42.7188,483.5,75.115,52.6033,0.7003,0,0,0,0
191,1,0,0,1,1,1,0.9902,0.8701,0.9336,0.4453,152.0,341.0,77.375,333.0,67.4375,531.0,42.2188,502.5,75.0526,38.0557,0.5071,0,0,0,0
192,2,1,0,1,1,1,0.9927,0.8936,0.9639,0.5874,146.625,333.0,58.4062,329.0,84.375,524.5,34.4375,425.5,88.3094,110.8817,1.2556,0,0,0,0
192,2,1,63,0,0,1,0.0837,0.118,0.0423,0.0511,1077.0,0.0,346.75,0.0,848.0,0.0,338.25,0.0,730.25,509.75,0.698,1,0,0,0
193,2,1,0,1,0,1,0.9937,0.897,0.9639,0.5635,145.875,345.5,38.0625,339.5,94.75,531.0,22.8594,506.5,107.9793,75.9507,0.7034,0,0,0,0
193,2,1,63,0,0,1,0.072,0.1263,0.0359,0.0515,1080.0,0.0,349.25,0.0,840.5,0.0,346.25,0.0,730.75,494.25,0.6764,1,0,0,0
194,1,0,0,1,0,1,0.9932,0.9043,0.9585,0.5732,152.375,342.0,36.875,341.0,96.125,531.0,22.9375,506.0,115.5043,77.3396,0.6696,0,0,0,0
195,2,1,0,0,0,1,0.9907,0.8145,0.9355,0.3477,147.625,343.5,18.3906,344.0,124.75,534.0,15.5078,514.5,129.2353,110.9689,0.8587,0,0,0,0
195,2,1,64,0,0,1,0.0543,0.086,0.0335,0.0478,1012.0,0.0,299.5,0.0,843.0,0.0,349.0,0.0,712.5,494.0,0.6933,1,0,0,0
196,2,1,0,0,0,1,0.9902,0.8052,0.9341,0.3369,147.25,343.5,20.3125,344.0,116.1875,535.0,14.8672,532.5,126.9385,101.3512,0.7984,0,0,0,0
196,2,1,64,0,0,1,0.0767,0.0952,0.0357,0.0357,1069.0,0.0,347.0,0.0,862.0,0.0,365.0,0.0,722.0,497.0,0.6884,1,0,0,0
197,3,1,0,0,0,1,0.9907,0.7417,0.856,0.1672,134.0,343.0,4.375,347.0,147.0,535.0,11.125,525.5,129.6867,136.2067,1.0503,0,0,0,0
197,3,1,64,0,0,1,0.0833,0.1134,0.0388,0.0439,1098.0,0.0,369.75,0.0,891.5,0.0,369.0,0.0,728.25,522.5,0.7175,1,0,0,0
197,3,1,65,1,1,1,0.502,0.8442,0.4099,0.7681,1231.0,97.75,1016.5,87.5,1196.0,125.5,965.0,53.0,214.7448,242.11,1.1274,0,0,0,0
198,2,1,0,0,0,1,0.9888,0.7617,0.9116,0.2783,138.625,346.0,5.3047,347.0,144.75,543.0,19.4375,477.5,133.3241,141.3983,1.0606,0,0,0,0
198,2,1,64,0,0,1,0.0627,0.1,0.0367,0.0513,1071.0,0.0,371.25,0.0,748.5,0.0,379.0,0.0,699.75,369.5,0.528,1,0,0,0
199,2,1,0,0,0,1,0.9858,0.7139,0.8906,0.2297,123.0,345.0,0.0,351.0,147.5,535.0,12.7266,485.0,123.1463,143.7494,1.1673,0,0,0,0
199,2,1,64,0,0,1,0.0661,0.1126,0.034,0.0479,1083.0,0.0,344.25,0.0,816.0,0.0,345.0,0.0,738.75,471.0,0.6376,1,0,0,0
200,2,1,0,0,0,1,0.9844,0.7065,0.8867,0.2413,124.9375,341.0,0.0,343.0,147.75,533.0,15.0078,447.5,124.9535,157.8947,1.2636,0,0,0,0
200,2,1,64,0,0,1,0.0724,0.1023,0.034,0.038,1068.0,0.0,350.75,0.0,896.0,0.0,356.5,0.0,717.25,539.5,0.7522,1,0,0,0
201,2,1,0,0,0,1,0.981,0.7046,0.8608,0.2339,119.5625,333.0,0.0,335.0,157.125,535.0,6.2227,465.5,119.5792,166.1378,1.3894,0,0,0,0
201,2,1,64,0,0,1,0.0635,0.0916,0.0404,0.0447,1077.0,0.0,364.5,0.0,843.0,0.0,363.5,0.0,712.5,479.5,0.673,1,0,0,0
202,1,0,0,0,0,1,0.9873,0.666,0.8408,0.155,110.25,334.5,0.0,339.0,162.25,535.5,24.375,495.0,110.3418,143.7003,1.3023,0,0,0,0
203,1,0,0,0,0,1,0.9756,0.6714,0.8203,0.2026,113.75,339.5,0.0,338.5,151.625,537.0,21.5781,512.0,113.7544,132.4281,1.1642,0,0,0,0
204,2,1,0,0,0,1,0.9795,0.8369,0.8311,0.3479,122.25,340.0,0.0,346.0,142.625,533.5,13.2969,568.0,122.3972,133.8507,1.0936,0,0,0,0
204,2,1,66,0,0,1,0.0789,0.1158,0.0357,0.043,1074.0,0.0,337.0,0.0,876.0,0.0,368.75,0.0,737.0,507.25,0.6883,1,0,0,0
205,1,0,0,1,0,1,0.9741,0.8364,0.8394,0.416,114.625,332.5,0.0,337.0,141.375,540.0,9.7266,575.5,114.7133,136.3509,1.1886,0,0,0,0
206,1,0,0,1,0,1,0.9512,0.9077,0.7085,0.5596,118.75,335.0,6.5078,342.5,140.0,539.0,9.5078,567.0,112.4925,133.4624,1.1864,0,0,0,0
207,1,0,0,0,0,1,0.958,0.8613,0.6074,0.3269,114.0,336.5,0.0,336.5,135.25,542.0,15.1484,559.0,114.0,121.2987,1.064,0,0,0,0
208,2,1,0,1,0,1,0.9136,0.9209,0.5859,0.6055,123.125,345.0,7.3633,351.0,103.125,501.0,16.4375,575.0,115.9171,113.9769,0.9833,0,0,0,0
208,2,1,67,0,0,1,0.0603,0.0839,0.0523,0.0536,1065.0,0.0,368.5,0.0,746.0,0.0,390.0,0.0,696.5,356.0,0.5111,1,0,0,0
209,2,1,0,1,0,1,0.9214,0.9487,0.519,0.6465,117.875,339.0,9.0469,346.0,124.3125,542.5,40.1562,561.5,109.053,86.2744,0.7911,0,0,0,0
209,2,1,67,0,0,1,0.1023,0.1205,0.0511,0.0471,1076.0,0.0,332.25,0.0,888.5,0.0,352.0,0.0,743.75,536.5,0.7213,1,0,0,0
210,1,0,0,1,0,1,0.9253,0.9722,0.6011,0.8154,121.25,343.0,14.8516,348.0,131.5,549.5,38.5625,562.0,106.5159,93.7744,0.8804,0,0,0,0
211,2,1,0,1,0,1,0.894,0.9692,0.4392,0.7695,129.125,348.5,23.9062,346.0,132.875,576.5,64.5625,557.5,105.2484,70.9056,0.6737,0,0,0,0
211,2,1,68,0,0,1,0.093,0.1036,0.0487,0.0423,1085.0,0.0,351.75,0.0,876.0,0.0,329.25,0.0,733.25,546.75,0.7457,1,0,0,0
212,2,1,0,1,0,1,0.9019,0.9824,0.584,0.8906,134.875,346.5,23.2969,346.5,129.0,565.5,67.4375,575.0,111.5781,62.2912,0.5583,0,0,0,0
212,2,1,68,0,0,1,0.0667,0.0986,0.0378,0.0446,1078.0,0.0,357.75,0.0,754.5,0.0,372.0,0.0,720.25,382.5,0.5311,1,0,0,0
213,1,0,0,1,1,1,0.877,0.9814,0.6343,0.9229,148.5,344.0,38.3438,345.0,134.5,516.5,69.75,571.5,110.1608,84.9562,0.7712,0,0,0,0
214,2,1,0,1,1,1,0.9263,0.9873,0.6318,0.917,137.875,351.0,36.0625,351.0,138.5,555.0,77.875,568.0,101.8125,62.0032,0.609,0,0,0,0
214,2,1,69,0,0,1,0.0521,0.0851,0.0389,0.051,1015.5,0.0,282.0,0.0,783.0,0.0,349.25,0.0,733.5,433.75,0.5913,1,0,0,0
215,1,0,0,1,1,1,0.8989,0.9858,0.5752,0.9087,170.0,361.5,54.875,359.5,168.875,571.0,88.9375,580.0,115.1424,80.4426,0.6986,0,0,0,0
216,2,1,0,1,1,1,0.9082,0.9883,0.5625,0.9185,177.0,356.5,83.5,350.0,189.25,592.5,96.9375,583.0,93.7257,92.8,0.9901,0,0,0,0
216,2,1,70,0,0,1,0.0899,0.1045,0.0597,0.0524,939.0,0.0,259.0,0.0,591.0,0.0,358.0,0.0,680.0,233.0,0.3426,1,0,0,0
217,1,0,0,1,1,1,0.9111,0.9893,0.687,0.9463,181.0,361.0,82.0625,360.5,196.25,597.0,96.0,589.0,98.9388,100.5687,1.0165,0,0,0,0
218,2,1,0,1,1,1,0.8301,0.9717,0.4734,0.8696,205.0,351.5,108.75,349.5,218.75,572.0,96.8125,574.0,96.2708,121.9539,1.2668,0,0,0,0
218,2,1,71,0,0,1,0.0939,0.1296,0.0581,0.0634,1065.0,0.0,359.75,0.0,681.5,0.0,351.0,0.0,705.25,330.5,0.4686,1,0,0,0
219,1,0,0,1,1,1,0.8101,0.9824,0.5439,0.9297,204.375,352.5,104.625,353.5,224.25,580.5,100.125,579.5,99.755,124.129,1.2443,0,0,0,0
220,1,0,0,1,1,1,0.8457,0.9873,0.5312,0.9302,229.75,347.5,125.9375,347.0,228.875,492.0,102.0625,580.5,103.8137,154.6404,1.4896,0,0,0,0
221,2,1,0,1,1,1,0.874,0.9893,0.6094,0.9414,229.875,345.0,124.875,346.0,220.25,456.0,101.0625,586.5,105.0048,176.7368,1.6831,0,0,0,0
221,2,1,72,0,0,1,0.0899,0.1088,0.0395,0.0391,1058.0,0.0,352.75,0.0,757.0,0.0,383.0,0.0,705.25,374.0,0.5303,1,0,0,0
222,2,1,0,1,1,1,0.9404,0.9932,0.6182,0.9355,247.25,346.0,153.875,345.5,267.0,554.5,110.4375,577.0,93.3763,158.171,1.6939,0,0,0,0
222,2,1,72,0,0,1,0.0638,0.0896,0.0393,0.0455,1010.0,0.0,249.5,0.0,828.0,0.0,295.25,0.0,760.5,532.75,0.7005,1,0,0,0
223,1,0,0,1,1,1,0.9639,0.9937,0.752,0.9458,252.0,336.0,154.25,337.5,284.0,540.0,109.375,586.5,97.7615,180.7101,1.8485,0,0,0,0
224,2,1,0,1,1,1,0.9067,0.9888,0.5269,0.8984,271.0,334.5,176.25,340.0,287.5,455.0,148.875,567.5,94.9095,178.5305,1.8811,0,0,0,0
224,2,1,73,0,0,1,0.0811,0.1161,0.0379,0.0426,1085.0,0.0,334.0,0.0,906.5,0.0,318.5,0.0,751.0,588.0,0.783,1,0,0,0
225,2,1,0,1,1,1,0.9478,0.9917,0.5742,0.9009,270.5,338.5,175.875,343.0,324.0,527.5,145.75,572.0,94.7319,183.7207,1.9394,0,0,0,0
225,2,1,73,0,0,1,0.0899,0.106,0.0501,0.0469,1074.0,0.0,325.0,0.0,885.5,0.0,341.0,0.0,749.0,544.5,0.727,1,0,0,0
226,2,1,0,1,1,1,0.9683,0.9941,0.7158,0.9331,289.0,348.5,188.375,344.0,366.5,521.0,151.875,572.5,100.7256,220.7173,2.1913,0,0,0,0
226,2,1,73,0,0,1,0.0784,0.1136,0.0458,0.0549,1005.0,0.0,268.25,0.0,859.5,0.0,354.0,0.0,736.75,505.5,0.6861,1,0,0,0
227,2,1,0,1,1,1,0.9644,0.9946,0.7163,0.9434,287.5,344.0,191.75,344.0,357.0,512.0,143.125,571.5,95.75,221.9972,2.3185,0,0,0,0
227,2,1,73,0,0,1,0.0583,0.0741,0.0415,0.0427,996.5,0.0,242.75,0.0,770.5,0.0,315.25,0.0,753.75,455.25,0.604,1,0,0,0
228,2,1,0,1,1,1,0.98,0.9941,0.7837,0.9287,306.75,329.0,214.5,335.0,389.5,508.0,179.0,567.0,92.4449,218.6121,2.3648,0,0,0,0
228,2,1,73,0,0,1,0.0789,0.0993,0.0374,0.0386,1031.0,0.0,234.75,0.0,912.0,0.0,340.75,0.0,796.25,571.25,0.7174,1,0,0,0
229,2,1,0,1,1,1,0.9785,0.9951,0.7456,0.9229,332.5,341.5,239.75,353.0,425.0,506.5,199.125,589.0,93.4602,240.4699,2.573,0,0,0,0
229,2,1,73,0,0,1,0.0672,0.0919,0.0449,0.0534,1024.0,0.0,279.75,0.0,851.0,0.0,367.5,0.0,744.25,483.5,0.6496,1,0,0,0
230,2,1,0,1,1,1,0.9775,0.9927,0.7241,0.8916,336.25,345.0,237.25,354.0,430.0,508.0,201.0,582.0,99.4082,240.6595,2.4209,0,0,0,0
230,2,1,73,0,0,1,0.0823,0.1061,0.0416,0.045,1076.0,0.0,344.0,0.0,879.0,0.0,358.25,0.0,732.0,520.75,0.7114,1,0,0,0
231,1,0,0,1,1,1,0.98,0.9932,0.7856,0.915,358.75,351.0,264.25,357.5,449.75,510.0,232.75,585.0,94.7233,229.5953,2.4239,0,0,0,0
232,2,1,0,1,1,1,0.9819,0.9907,0.8198,0.9033,355.0,350.5,263.5,354.5,449.5,508.5,245.125,568.0,91.5874,212.86,2.3241,0,0,0,0
232,2,1,74,0,0,1,0.0891,0.1076,0.0392,0.038,1072.0,0.0,323.75,0.0,880.0,0.0,332.75,0.0,748.25,547.25,0.7314,1,0,0,0
233,2,1,0,1,1,1,0.9824,0.9917,0.7861,0.8784,364.75,347.5,286.0,365.0,462.5,514.0,254.25,616.0,80.671,231.888,2.8745,0,0,0,0
233,2,1,74,0,0,1,0.0775,0.1052,0.0419,0.0449,1082.0,0.0,330.25,0.0,867.5,0.0,329.25,0.0,751.75,538.25,0.716,1,0,0,0
234,2,1,0,1,1,1,0.9775,0.9937,0.7671,0.9155,366.75,351.0,288.25,359.5,459.0,519.0,255.5,597.0,78.9589,217.9363,2.7601,0,0,0,0
234,2,1,74,0,0,1,0.0786,0.0939,0.0457,0.0442,1085.0,0.0,327.5,0.0,852.0,0.0,364.0,0.0,757.5,488.0,0.6442,1,0,0,0
235,2,1,0,1,1,1,0.9702,0.9932,0.7524,0.9243,387.25,354.0,316.5,361.0,481.5,539.0,295.5,613.0,71.0954,200.1799,2.8157,0,0,0,0
235,2,1,74,0,0,1,0.0718,0.0887,0.0464,0.0501,1013.0,0.0,256.5,0.0,875.0,0.0,313.5,0.0,756.5,561.5,0.7422,1,0,0,0
236,2,1,0,1,1,1,0.9731,0.9937,0.7407,0.9194,385.25,360.0,319.5,369.5,490.0,547.5,296.25,604.5,66.4328,201.9605,3.0401,0,0,0,0
236,2,1,74,0,0,1,0.0699,0.0935,0.0411,0.044,1003.5,0.0,263.75,0.0,846.5,0.0,323.25,0.0,739.75,523.25,0.7073,1,0,0,0
237,2,1,0,1,1,1,0.9644,0.9888,0.7188,0.9014,398.75,348.5,361.25,364.5,499.0,540.0,344.5,612.5,40.7707,170.6649,4.186,0,0,0,0
237,2,1,74,0,0,1,0.0694,0.0959,0.0388,0.0453,1030.0,0.0,235.5,0.0,935.5,0.0,239.5,0.0,794.5,696.0,0.876,1,0,0,0
238,2,1,0,1,1,1,0.9668,0.9927,0.71,0.9141,412.0,349.0,382.5,364.5,509.25,545.5,393.0,645.0,33.3242,153.0174,4.5918,0,0,0,0
238,2,1,74,0,0,1,0.0706,0.0932,0.0435,0.0418,1073.0,0.0,323.25,0.0,930.0,0.0,330.75,0.0,749.75,599.25,0.7993,1,0,0,0
239,3,1,0,1,1,1,0.9624,0.9917,0.7144,0.917,407.75,348.0,384.25,365.0,500.25,544.5,393.0,645.5,29.0043,147.3213,5.0793,0,0,0,0
239,3,1,75,0,0,1,0.4966,0.8242,0.3992,0.7563,1206.0,120.5,1006.5,106.0,1154.0,147.5,959.5,17.5,200.0262,233.945,1.1696,0,0,0,0
239,3,1,74,0,0,1,0.0809,0.0772,0.0445,0.0293,1090.0,0.0,320.25,0.0,927.0,0.0,302.25,0.0,769.75,624.75,0.8116,1,0,0,0
240,2,1,0,1,1,1,0.9507,0.9912,0.6685,0.9185,431.75,353.0,411.25,367.5,502.25,551.0,432.25,622.0,25.1098,99.7046,3.9707,0,0,0,0
240,2,1,74,0,0,1,0.093,0.1088,0.0525,0.0454,1092.0,0.0,278.5,0.0,957.0,0.0,281.5,0.0,813.5,675.5,0.8304,1,0,0,0
241,2,1,0,1,1,1,0.9482,0.9897,0.5654,0.8667,428.0,348.0,422.75,361.5,495.5,553.0,429.5,641.0,14.4849,110.0,7.5941,0,0,0,0
241,2,1,74,0,0,1,0.0997,0.1097,0.0668,0.062,1018.5,0.0,258.75,0.0,948.0,0.0,267.75,0.0,759.75,680.25,0.8954,1,0,0,0
242,3,1,0,1,1,1,0.9033,0.9873,0.4026,0.8496,452.75,337.5,438.5,354.0,526.0,571.5,487.5,611.0,21.8017,55.1589,2.53,0,0,0,0
242,3,1,74,0,0,1,0.1045,0.1041,0.061,0.044,1078.0,0.0,299.25,0.0,942.0,0.0,320.25,0.0,778.75,621.75,0.7984,1,0,0,0
242,3,1,76,1,1,1,0.6099,0.7988,0.668,0.8188,1212.0,90.5,990.0,102.5,1155.0,61.0,973.0,66.25,222.3241,182.0757,0.819,1,0,0,0
243,2,1,0,0,1,1,0.9019,0.9858,0.3979,0.833,458.0,338.0,437.0,354.5,526.0,572.0,486.75,610.5,26.7067,54.9801,2.0587,0,0,0,0
243,2,1,74,0,0,1,0.0795,0.0845,0.0488,0.0366,1100.0,0.0,304.75,0.0,955.5,0.0,308.25,0.0,795.25,647.25,0.8139,1,0,0,0
244,2,1,0,0,1,1,0.8564,0.9736,0.3269,0.7744,481.25,331.0,461.5,346.0,525.5,568.5,523.0,606.5,24.8005,38.0821,1.5355,0,0,0,0
244,2,1,74,0,0,1,0.0911,0.094,0.0565,0.0472,1008.0,0.0,241.25,0.0,968.0,0.0,307.25,0.0,766.75,660.75,0.8618,1,0,0,0
245,2,1,0,1,1,1,0.8843,0.9858,0.4807,0.8818,507.75,335.5,489.25,351.0,558.0,565.5,555.0,588.5,24.135,23.1948,0.961,0,0,0,0
245,2,1,74,0,0,1,0.0916,0.112,0.0488,0.0439,1084.0,0.0,314.75,0.0,963.0,0.0,340.25,0.0,769.25,622.75,0.8096,1,0,0,0
246,2,1,0,1,1,1,0.8882,0.9868,0.4761,0.8823,501.75,333.5,499.0,349.0,550.0,557.0,562.0,590.0,15.7421,35.1141,2.2306,0,0,0,0
246,2,1,74,0,0,1,0.1041,0.0885,0.0536,0.033,1067.0,0.0,305.25,0.0,956.5,0.0,316.0,0.0,761.75,640.5,0.8408,1,0,0,0
247,2,1,0,1,1,1,0.8945,0.9902,0.5874,0.9355,523.0,338.0,509.0,347.0,565.5,539.0,600.0,574.0,16.6433,49.1452,2.9528,0,0,0,0
247,2,1,74,0,0,1,0.121,0.135,0.049,0.0476,1005.0,0.0,246.25,0.0,955.0,0.0,281.75,0.0,758.75,673.25,0.8873,1,0,0,0
248,2,1,0,1,1,1,0.9053,0.9849,0.5195,0.8872,518.0,332.0,522.0,342.0,567.0,553.0,609.5,571.0,10.7703,46.1546,4.2853,0,0,0,0
248,2,1,74,0,0,1,0.0802,0.0945,0.0415,0.0386,1013.5,0.0,250.25,0.0,947.5,0.0,317.25,0.0,763.25,630.25,0.8257,1,0,0,0
249,1,0,0,0,1,1,0.8726,0.9761,0.3691,0.8159,547.5,327.5,540.0,333.5,618.0,556.0,641.0,565.5,9.6047,24.8847,2.5909,0,0,0,0
250,2,1,0,0,1,1,0.8887,0.9795,0.3662,0.8101,553.5,328.5,541.0,334.0,610.0,551.5,641.0,564.5,13.6565,33.6155,2.4615,0,0,0,0
250,2,1,77,0,0,1,0.0848,0.1222,0.0393,0.0458,1081.0,0.0,328.75,0.0,958.5,0.0,340.0,0.0,752.25,618.5,0.8222,1,0,0,0
251,2,1,0,1,1,1,0.918,0.9912,0.5444,0.9238,580.5,331.0,565.5,341.5,631.5,555.5,658.0,569.5,18.3098,29.9708,1.6369,0,0,0,0
251,2,1,77,0,0,1,0.0899,0.1298,0.0853,0.0888,1100.0,0.0,325.75,0.0,928.5,0.0,332.25,0.0,774.25,596.25,0.7701,1,0,0,0
252,2,1,0,1,1,1,0.9102,0.9858,0.5327,0.8975,593.0,333.0,593.0,348.0,631.5,552.0,687.0,573.0,15.0,59.3401,3.956,0,0,0,0
252,2,1,77,0,0,1,0.0834,0.1088,0.0441,0.044,1085.0,0.0,310.0,0.0,944.0,0.0,320.75,0.0,775.0,623.25,0.8042,1,0,0,0
253,2,1,0,1,1,1,0.9199,0.9883,0.5796,0.9165,590.0,335.0,594.0,345.0,631.0,552.5,688.0,572.0,10.7703,60.2433,5.5934,0,0,0,0
253,2,1,77,0,0,1,0.0818,0.1041,0.0399,0.0433,1009.0,0.0,247.5,0.0,948.5,0.0,345.0,0.0,761.5,603.5,0.7925,1,0,0,0
254,2,1,0,1,1,1,0.9297,0.9907,0.6528,0.9321,633.5,346.5,617.5,357.5,679.0,564.5,700.0,590.0,19.4165,33.0341,1.7013,0,0,0,0
254,2,1,77,0,0,1,0.0856,0.1014,0.0435,0.0399,1097.0,0.0,298.25,0.0,936.0,0.0,336.75,0.0,798.75,599.25,0.7502,1,0,0,0
255,2,1,0,1,1,1,0.9336,0.9917,0.6543,0.9351,630.5,345.0,617.0,358.0,687.5,575.0,708.0,591.5,18.7417,26.3154,1.4041,0,0,0,0
255,2,1,77,0,0,1,0.0583,0.0989,0.0391,0.0533,1036.0,0.0,238.25,0.0,850.5,0.0,364.0,0.0,797.75,486.5,0.6098,1,0,0,0
256,2,1,0,1,1,1,0.9072,0.9902,0.5952,0.9277,643.0,353.0,643.0,365.5,682.5,549.5,712.5,601.0,12.5,59.6008,4.7681,0,0,0,0
256,2,1,77,0,0,1,0.0795,0.1088,0.0518,0.061,1029.0,0.0,257.25,0.0,861.0,0.0,326.75,0.0,771.75,534.25,0.6923,1,0,0,0
257,2,1,0,0,1,1,0.9102,0.9917,0.3887,0.8862,648.5,344.5,646.0,353.5,701.5,559.5,712.0,597.0,9.3408,38.9423,4.1691,0,0,0,0
257,2,1,77,0,0,1,0.0851,0.1317,0.0702,0.0804,1092.0,0.0,312.0,0.0,937.5,0.0,340.0,0.0,780.0,597.5,0.766,1,0,0,0
258,2,1,0,0,1,1,0.8716,0.9858,0.2793,0.8052,683.5,349.5,683.5,361.5,728.5,585.0,722.5,611.0,12.0,26.6833,2.2236,0,0,0,0
258,2,1,77,0,0,1,0.0962,0.118,0.046,0.0469,1013.0,0.0,231.25,0.0,883.0,0.0,312.75,0.0,781.75,570.25,0.7295,1,0,0,0
259,2,1,0,0,1,1,0.8872,0.9863,0.301,0.8164,682.0,342.0,685.5,354.0,729.0,585.0,722.5,611.5,12.5,27.2855,2.1828,0,0,0,0
259,2,1,77,0,0,1,0.0839,0.1045,0.0361,0.0395,1032.0,0.0,237.25,0.0,879.0,0.0,322.5,0.0,794.75,556.5,0.7002,1,0,0,0
260,2,1,0,0,1,1,0.8643,0.9863,0.2769,0.8184,709.0,351.0,702.0,362.0,747.0,597.0,732.0,631.0,13.0384,37.1618,2.8502,0,0,0,0
260,2,1,77,0,0,1,0.0725,0.0959,0.0453,0.0415,1118.0,0.0,294.75,0.0,933.0,0.0,293.5,0.0,823.25,639.5,0.7768,1,0,0,0
261,2,1,0,0,1,1,0.8872,0.9883,0.2981,0.8242,710.0,348.0,701.0,359.0,747.0,596.5,731.5,631.0,14.2127,37.822,2.6611,0,0,0,0
261,2,1,77,0,0,1,0.0589,0.0908,0.0272,0.0326,1099.0,0.0,299.25,0.0,905.5,0.0,343.5,0.0,799.75,562.0,0.7027,1,0,0,0
262,2,1,0,0,1,1,0.8804,0.9839,0.3889,0.8364,746.5,336.5,727.5,354.0,782.0,574.5,737.5,622.5,25.8312,65.4542,2.5339,0,0,0,0
262,2,1,77,0,0,1,0.0821,0.1115,0.0393,0.0422,1086.0,0.0,318.5,0.0,959.0,0.0,337.75,0.0,767.5,621.25,0.8094,1,0,0,0
263,1,0,0,0,1,1,0.8682,0.9829,0.3137,0.813,742.5,337.0,725.0,353.0,767.0,585.0,737.0,622.0,23.7118,47.634,2.0089,0,0,0,0
264,2,1,0,1,1,1,0.8794,0.9751,0.4238,0.8027,780.5,345.0,749.0,360.5,793.0,589.0,745.5,613.0,35.107,53.2189,1.5159,0,0,0,0
264,2,1,78,0,0,1,0.0869,0.0772,0.0453,0.0303,1065.0,0.0,314.25,0.0,921.5,0.0,358.5,0.0,750.75,563.0,0.7499,1,0,0,0
265,2,1,0,0,1,1,0.8872,0.9897,0.3074,0.8369,791.0,335.0,772.0,347.5,805.5,587.0,763.5,617.0,22.7431,51.614,2.2694,0,0,0,0
265,2,1,78,0,0,1,0.0859,0.1016,0.0554,0.0519,1020.0,0.0,273.75,0.0,828.5,0.0,329.5,0.0,746.25,499.0,0.6687,1,0,0,0
266,1,0,0,1,1,1,0.8945,0.9834,0.448,0.8281,796.5,339.0,778.0,354.0,812.0,575.0,752.5,613.5,23.817,70.8696,2.9756,0,0,0,0
267,2,1,0,1,1,1,0.9307,0.9917,0.4714,0.8804,819.0,331.0,794.5,344.0,858.0,566.0,769.5,609.0,27.7354,98.3933,3.5476,0,0,0,0
267,2,1,79,0,0,1,0.0663,0.0789,0.0349,0.0343,1020.0,0.0,232.0,0.0,929.0,0.0,339.25,0.0,788.0,589.75,0.7484,1,0,0,0
268,1,0,0,1,1,1,0.9224,0.9907,0.4417,0.8662,815.5,334.0,800.0,347.5,849.5,573.5,768.5,609.0,20.5548,88.4378,4.3025,0,0,0,0
269,1,0,0,1,1,1,0.9468,0.9907,0.542,0.8643,849.5,337.5,818.5,355.0,887.5,549.0,790.0,610.0,35.5985,115.0098,3.2308,0,0,0,0
270,2,1,0,1,1,1,0.9404,0.9893,0.5981,0.8872,853.5,343.0,817.5,358.5,904.0,527.0,793.0,615.5,39.195,141.9621,3.6219,0,0,0,0
270,2,1,80,0,0,1,0.0959,0.1043,0.058,0.0443,1090.0,0.0,311.25,0.0,916.5,0.0,378.5,0.0,778.75,538.0,0.6909,1,0,0,0
271,2,1,0,1,1,1,0.9326,0.9941,0.5767,0.9287,869.0,340.0,837.0,355.0,942.0,544.0,817.0,622.5,35.3412,147.605,4.1766,0,0,0,0
271,2,1,80,0,0,1,0.0827,0.1146,0.0281,0.0309,1094.0,0.0,307.75,0.0,922.5,0.0,382.5,0.0,786.25,540.0,0.6868,1,0,0,0
272,1,0,0,1,1,1,0.9473,0.9844,0.6104,0.8472,881.0,350.0,870.0,361.5,972.0,527.5,839.0,621.0,15.9138,162.5769,10.2161,0,0,0,0
273,1,0,0,1,1,1,0.9575,0.9858,0.6807,0.8735,886.5,343.5,870.0,354.5,971.0,527.0,837.5,620.0,19.8305,162.6999,8.2045,0,0,0,0
274,1,0,0,1,1,1,0.9507,0.9917,0.6533,0.9121,918.0,345.5,890.0,357.5,1015.5,536.0,879.0,651.5,30.4631,178.8086,5.8697,0,0,0,0
275,2,1,0,1,1,1,0.9263,0.9897,0.561,0.8999,923.0,337.0,887.5,349.0,1006.0,530.0,873.0,641.0,37.4733,173.2339,4.6229,0,0,0,0
275,2,1,81,0,0,1,0.0789,0.1084,0.0389,0.0423,1074.0,0.0,328.25,0.0,905.0,0.0,367.0,0.0,745.75,538.0,0.7214,1,0,0,0
276,1,0,0,1,1,1,0.9565,0.9849,0.7368,0.8916,947.0,362.0,917.0,371.5,1054.0,554.0,911.0,650.0,31.4682,172.2353,5.4733,0,0,0,0
277,1,0,0,1,1,1,0.9634,0.9849,0.6943,0.8521,939.0,350.0,915.0,360.0,1047.0,556.0,904.5,649.0,26.0,170.1624,6.5447,0,0,0,0
278,1,0,0,1,1,1,0.9536,0.9883,0.6792,0.8872,967.0,361.5,950.0,380.5,1057.0,554.5,959.0,664.0,25.4951,146.9498,5.7638,0,0,0,0
279,1,0,0,1,1,1,0.9492,0.9893,0.6572,0.8989,979.0,353.5,973.0,360.5,1060.0,560.5,1000.0,659.0,9.2195,115.3354,12.5099,0,0,0,0
280,1,0,0,1,1,1,0.9458,0.9897,0.606,0.8901,977.0,353.5,977.0,360.5,1060.0,569.0,1010.0,660.5,7.0,104.2701,14.8957,0,0,0,0
281,1,0,0,1,1,1,0.8716,0.9751,0.4512,0.8428,994.5,347.5,1017.5,361.0,1049.0,617.5,1053.0,651.0,26.6693,33.738,1.265,0,0,0,0
282,1,0,0,0,1,1,0.8716,0.9736,0.2903,0.7236,990.5,341.5,1003.5,351.0,1054.0,595.0,1055.0,638.0,16.1012,43.0116,2.6713,0,0,0,0
283,1,0,0,1,1,1,0.9097,0.9912,0.4297,0.897,1011.0,343.0,1031.0,350.5,1086.0,610.5,1101.0,638.0,21.36,31.3249,1.4665,0,0,0,0
284,1,0,0,1,1,1,0.9194,0.9873,0.4392,0.8564,1012.0,344.0,1034.0,352.0,1080.0,599.0,1102.0,636.0,23.4094,43.0465,1.8389,0,0,0,0
285,1,0,0,1,1,1,0.8931,0.9692,0.4336,0.8018,1040.0,341.5,1058.0,353.0,1123.0,599.0,1155.0,622.5,21.36,39.702,1.8587,0,0,0,0
286,1,0,0,1,1,1,0.9224,0.9888,0.4707,0.8872,1032.0,339.5,1062.0,346.0,1118.0,607.0,1149.0,616.0,30.6961,32.28,1.0516,0,0,0,0
287,1,0,0,1,1,1,0.9233,0.9819,0.5137,0.8521,1073.0,337.0,1078.0,347.5,1152.0,572.5,1183.0,606.5,11.6297,46.0109,3.9563,0,0,0,0
288,1,0,0,1,1,1,0.9082,0.9771,0.458,0.8149,1070.0,329.0,1075.0,345.0,1144.0,555.0,1183.0,605.5,16.7631,63.8063,3.8064,0,0,0,0
289,1,0,0,1,1,1,0.937,0.9888,0.5688,0.8882,1078.0,334.5,1091.0,344.0,1149.0,545.5,1218.0,602.0,16.1012,89.181,5.5388,0,0,0,0
290,1,0,0,1,1,1,0.9414,0.9912,0.5952,0.9131,1112.0,339.5,1101.0,344.5,1175.0,545.5,1224.0,592.5,12.083,67.897,5.6192,0,0,0,0
291,1,0,0,1,1,1,0.9419,0.9912,0.5679,0.9038,1107.0,339.5,1102.0,345.0,1175.0,554.0,1225.0,593.0,7.433,63.4114,8.531,0,0,0,0
292,1,0,0,1,1,1,0.939,0.9883,0.5811,0.8945,1132.0,337.0,1114.0,343.0,1200.0,558.0,1222.0,601.5,18.9737,48.7468,2.5692,0,0,0,0
293,1,0,0,1,1,1,0.9438,0.9927,0.5835,0.9116,1126.0,346.5,1106.0,352.0,1182.0,511.5,1221.0,601.0,20.7425,97.6281,4.7067,0,0,0,0
294,1,0,0,1,1,1,0.9395,0.9888,0.5947,0.9009,1177.0,352.0,1114.0,357.0,1218.0,590.0,1218.0,612.0,63.1981,22.0,0.3481,0,0,0,0
295,1,0,0,1,1,1,0.9019,0.9771,0.4946,0.8511,1184.0,348.0,1113.0,351.0,1221.0,588.5,1218.0,611.0,71.0634,22.6991,0.3194,0,0,0,0
296,1,0,0,1,1,1,0.9409,0.9893,0.5879,0.8911,1205.0,358.5,1112.0,361.0,1245.0,595.0,1188.0,635.5,93.0336,69.9232,0.7516,0,0,0,0
297,1,0,0,1,1,1,0.8916,0.9746,0.4292,0.8057,1213.0,358.0,1113.0,359.0,1241.0,592.5,1197.0,628.0,100.005,56.5354,0.5653,0,0,0,0
298,1,0,0,1,0,1,0.9131,0.9829,0.5063,0.8267,1252.0,363.5,1112.0,363.0,1252.0,566.5,1154.0,630.0,140.0009,116.7744,0.8341,0,0,0,0
299,1,0,0,1,0,1,0.8926,0.9756,0.4106,0.7773,1251.0,364.5,1113.0,364.5,1250.0,551.0,1157.0,631.5,138.0,123.001,0.8913,0,0,0,0
300,1,0,0,0,0,1,0.8306,0.9619,0.2969,0.6841,1280.0,367.0,1119.0,369.0,1253.0,543.0,1124.0,636.0,161.0124,159.0283,0.9877,0,0,0,0
301,1,0,0,0,0,1,0.8447,0.9766,0.3154,0.7183,1280.0,360.0,1130.0,362.0,1255.0,529.5,1106.0,625.0,150.0133,176.9781,1.1797,0,0,0,0
302,1,0,0,0,0,1,0.8354,0.9741,0.2869,0.6885,1280.0,362.5,1129.0,364.5,1255.0,538.5,1106.0,625.0,151.0132,172.2883,1.1409,0,0,0,0
303,1,0,0,0,0,1,0.7915,0.9629,0.233,0.6558,1280.0,360.5,1139.0,362.0,1242.0,572.5,1086.0,628.0,141.008,165.5785,1.1742,0,0,0,0
304,1,0,0,0,0,1,0.8027,0.9673,0.2335,0.6665,1280.0,361.0,1139.0,362.0,1248.0,584.5,1088.0,622.0,141.0035,164.3358,1.1655,0,0,0,0
305,1,0,0,0,0,1,0.7471,0.9556,0.2347,0.6724,1280.0,357.0,1152.0,358.0,1238.0,603.0,1085.0,622.0,128.0039,154.1752,1.2045,0,0,0,0
306,1,0,0,0,0,1,0.7705,0.96,0.2496,0.6826,1280.0,361.0,1148.0,358.0,1230.0,608.0,1085.0,622.5,132.0341,145.7232,1.1037,0,0,0,0
307,1,0,0,0,0,1,0.7959,0.9619,0.2522,0.6792,1280.0,366.0,1155.0,361.0,1255.0,642.0,1084.0,625.0,125.1,171.843,1.3736,0,0,0,0
308,1,0,0,0,0,1,0.8242,0.9648,0.3159,0.7373,1280.0,362.5,1146.0,360.5,1249.0,644.0,1098.0,618.0,134.0149,153.2221,1.1433,0,0,0,0
309,1,0,0,0,0,1,0.8159,0.96,0.2974,0.7017,1280.0,363.5,1151.0,361.5,1248.0,653.0,1097.0,627.0,129.0155,153.2221,1.1876,0,0,0,0
310,1,0,0,0,0,1,0.8682,0.9414,0.3508,0.5957,1280.0,368.0,1149.0,355.0,1229.0,606.0,1137.0,515.5,131.6435,129.0513,0.9803,0,0,0,0
311,1,0,0,1,0,1,0.8989,0.9492,0.5137,0.6348,1273.0,360.0,1148.0,357.0,1251.0,633.5,1116.0,613.0,125.036,136.5476,1.0921,0,0,0,0
312,1,0,0,1,0,1,0.9121,0.8882,0.4543,0.4119,1270.0,359.0,1142.0,359.5,1210.0,625.0,1141.0,582.0,128.001,81.3019,0.6352,0,0,0,0
313,1,0,0,1,0,1,0.9644,0.9175,0.6885,0.4539,1264.0,359.0,1145.0,356.0,1211.0,625.5,1141.0,590.5,119.0378,78.2624,0.6575,0,0,0,0
314,1,0,0,1,0,1,0.9644,0.9194,0.7339,0.5708,1262.0,356.5,1135.0,349.5,1168.0,625.5,1099.0,606.5,127.1928,71.5681,0.5627,0,0,0,0
315,1,0,0,1,1,1,0.9805,0.9321,0.8193,0.5825,1241.0,364.0,1133.0,362.0,1139.0,621.0,1088.0,623.5,108.0185,51.0612,0.4727,0,0,0,0
316,1,0,0,1,1,1,0.981,0.9126,0.8267,0.5195,1246.0,363.0,1135.0,362.5,1137.0,620.0,1088.0,614.5,111.0011,49.3077,0.4442,0,0,0,0
317,1,0,0,1,1,1,0.9883,0.8843,0.873,0.4336,1222.0,368.5,1110.0,357.5,1127.0,620.0,1064.0,602.5,112.5389,65.3854,0.581,0,0,0,0
318,1,0,0,1,1,1,0.9883,0.8511,0.9111,0.4478,1218.0,367.5,1109.0,358.0,1134.0,628.0,1068.0,603.0,109.4132,70.5762,0.645,0,0,0,0
319,2,1,0,1,1,1,0.9956,0.9053,0.9375,0.4094,1193.0,359.5,1095.0,351.0,1109.0,643.0,1044.0,609.0,98.3679,73.3553,0.7457,0,0,0,0
319,2,1,82,0,0,1,0.0885,0.1168,0.0512,0.0602,1012.0,0.0,342.0,0.0,788.0,0.0,379.75,0.0,670.0,408.25,0.6093,1,0,0,0
320,1,0,0,1,1,1,0.9961,0.8936,0.9531,0.4319,1188.0,359.0,1094.0,351.0,1123.0,635.0,1041.0,616.5,94.3398,84.061,0.891,0,0,0,0
321,1,0,0,1,1,1,0.9966,0.9004,0.957,0.4238,1167.0,359.5,1082.0,352.5,1123.0,660.0,1043.0,642.5,85.2877,81.8917,0.9602,0,0,0,0
322,1,0,0,1,1,1,0.9966,0.8931,0.959,0.415,1165.0,363.0,1082.0,355.0,1123.0,659.5,1034.0,633.0,83.3847,92.8615,1.1137,0,0,0,0
323,1,0,0,1,1,1,0.9966,0.8848,0.9595,0.4119,1148.0,357.5,1048.0,353.0,1130.0,668.0,1004.0,620.0,100.1012,134.8332,1.347,0,0,0,0
324,1,0,0,0,1,1,0.9961,0.8691,0.9351,0.324,1142.0,353.0,1049.0,341.0,1118.0,667.0,1017.5,603.0,93.771,119.148,1.2706,0,0,0,0
325,1,0,0,1,1,1,0.9941,0.9287,0.9658,0.6738,1129.0,363.0,1017.5,356.0,1139.0,664.0,984.0,622.5,111.7195,160.4595,1.4363,0,0,0,0
326,1,0,0,1,1,1,0.9966,0.936,0.9541,0.5713,1113.0,359.5,1002.5,351.5,1149.0,670.0,928.0,621.5,110.7892,226.2593,2.0422,0,0,0,0
327,1,0,0,1,1,1,0.9966,0.9204,0.9556,0.5234,1109.0,352.0,999.5,347.0,1149.0,671.5,937.0,632.0,109.6141,215.6484,1.9673,0,0,0,0
328,1,0,0,1,1,1,0.9956,0.9653,0.9395,0.6973,1088.0,353.0,974.0,347.0,1163.0,658.5,877.5,560.0,114.1578,302.0141,2.6456,0,0,0,0
329,1,0,0,1,1,1,0.9951,0.9619,0.9341,0.6821,1087.0,357.5,978.5,344.0,1163.0,667.5,877.0,560.5,109.3366,305.3604,2.7928,0,0,0,0
330,1,0,0,1,1,1,0.9951,0.9619,0.9331,0.6606,1065.0,360.0,954.0,353.0,1156.0,658.0,848.0,574.0,111.2205,319.2491,2.8704,0,0,0,0
331,1,0,0,1,1,1,0.9941,0.9531,0.939,0.6729,1064.0,360.0,953.5,353.0,1156.0,658.5,848.0,583.5,110.7215,317.0,2.863,0,0,0,0
332,1,0,0,1,1,1,0.9956,0.9541,0.9399,0.647,1036.0,358.5,936.5,349.0,1147.0,668.0,810.0,571.5,99.9525,350.5442,3.5071,0,0,0,0
333,1,0,0,1,1,1,0.9956,0.9536,0.9375,0.6387,1034.0,359.5,938.5,347.0,1146.0,667.0,810.5,571.5,96.3146,348.8273,3.6217,0,0,0,0
334,1,0,0,1,1,1,0.9961,0.9624,0.939,0.627,1007.5,356.0,916.0,351.0,1117.0,662.0,775.5,585.0,91.6365,350.0732,3.8202,0,0,0,0
335,1,0,0,1,1,1,0.9951,0.9565,0.9326,0.6411,1009.0,365.0,914.0,357.0,1116.0,671.0,775.0,586.5,95.3362,351.3136,3.685,0,0,0,0
336,1,0,0,1,1,1,0.9961,0.9517,0.9385,0.5859,972.0,358.0,901.0,345.0,1085.0,678.0,768.5,593.0,72.1803,327.7152,4.5402,0,0,0,0
337,1,0,0,1,1,1,0.9937,0.9478,0.9434,0.6743,950.5,364.5,876.0,361.5,1011.5,669.5,778.5,610.0,74.5604,240.4771,3.2253,0,0,0,0
338,1,0,0,1,1,1,0.9946,0.9526,0.9385,0.6382,948.0,369.5,867.5,361.5,1015.0,677.0,768.5,599.5,80.8965,258.396,3.1942,0,0,0,0
339,1,0,0,1,1,1,0.9932,0.939,0.9194,0.5557,914.5,368.0,858.0,353.5,905.0,687.0,780.5,610.5,58.331,146.1249,2.5051,0,0,0,0
340,1,0,0,1,1,1,0.9932,0.9424,0.9253,0.5952,913.5,369.5,856.0,356.0,915.5,679.0,771.5,610.5,59.0635,159.4624,2.6998,0,0,0,0
341,1,0,0,1,1,1,0.9883,0.9014,0.9048,0.4578,886.5,356.0,835.0,350.0,875.0,685.5,769.5,650.0,51.8483,111.3126,2.1469,0,0,0,0
342,1,0,0,1,1,1,0.9883,0.877,0.8921,0.4458,881.5,360.5,848.0,346.5,875.0,684.5,777.5,662.0,36.3077,100.0625,2.756,0,0,0,0
343,1,0,0,0,1,1,0.9858,0.6875,0.8755,0.1863,847.5,356.0,830.5,346.0,793.0,688.5,757.5,668.0,19.7231,40.9939,2.0785,0,0,0,0
344,1,0,0,0,1,1,0.9917,0.8071,0.8857,0.2229,817.5,339.0,802.0,336.0,742.0,674.0,708.5,646.5,15.7877,43.3417,2.7453,0,0,0,0
345,1,0,0,0,1,1,0.9932,0.8306,0.895,0.2301,817.5,344.0,801.5,335.0,735.5,669.5,708.5,645.5,18.3576,36.1248,1.9678,0,0,0,0
346,2,1,0,0,1,1,0.9946,0.7402,0.9292,0.1577,779.0,341.0,801.5,330.0,674.0,636.0,668.0,613.5,25.045,23.2863,0.9298,0,0,0,0
346,2,1,83,0,0,1,0.0774,0.0863,0.0523,0.0443,1060.0,0.0,341.5,0.0,937.0,0.0,337.0,0.0,718.5,600.0,0.8351,1,0,0,0
347,1,0,0,0,1,1,0.9937,0.8203,0.9316,0.2277,772.0,339.0,794.0,336.0,667.5,651.0,659.5,629.0,22.2036,23.4094,1.0543,0,0,0,0
348,2,1,0,1,1,1,0.9917,0.8647,0.9585,0.4089,763.0,331.0,740.5,331.5,617.0,621.0,630.5,626.5,22.5056,14.5774,0.6477,0,0,0,0
348,2,1,84,0,0,1,0.0953,0.136,0.0418,0.0443,1097.0,0.0,341.5,0.0,966.5,0.0,308.0,0.0,755.5,658.5,0.8716,1,0,0,0
349,2,1,0,0,1,1,0.9927,0.8643,0.9165,0.3296,773.5,336.0,734.5,335.5,607.0,631.5,624.5,621.5,39.0032,20.1556,0.5168,0,0,0,0
349,2,1,84,0,0,1,0.1204,0.1849,0.0403,0.0509,1110.0,0.0,321.5,0.0,967.0,0.0,307.5,0.0,788.5,659.5,0.8364,1,0,0,0
350,1,0,0,0,1,1,0.9946,0.8691,0.9448,0.3413,719.5,336.5,728.0,333.5,556.5,627.5,572.0,608.0,9.0139,24.9098,2.7635,0,0,0,0
351,1,0,0,0,1,1,0.9912,0.8945,0.9219,0.3997,694.5,345.5,694.5,339.0,486.0,641.0,516.0,612.0,6.5,41.7253,6.4193,0,0,0,0
352,1,0,0,0,1,1,0.9956,0.8765,0.9434,0.3345,690.5,343.0,684.5,335.5,486.5,637.0,516.0,603.0,9.6047,45.0139,4.6867,0,0,0,0
353,1,0,0,1,1,1,0.9941,0.8843,0.9507,0.4451,658.0,356.0,673.0,342.0,450.75,637.0,498.5,591.0,20.5183,66.3028,3.2314,0,0,0,0
354,1,0,0,1,1,1,0.9951,0.8901,0.9531,0.4265,653.0,356.5,671.0,345.0,451.5,646.0,515.0,594.0,21.36,82.0747,3.8424,0,0,0,0
355,1,0,0,0,1,1,0.9966,0.8901,0.9556,0.3872,629.0,357.0,645.5,338.0,435.5,625.0,492.0,587.0,25.1645,68.09,2.7058,0,0,0,0
356,1,0,0,1,1,1,0.9917,0.8921,0.9307,0.4253,631.5,359.5,643.0,343.0,437.0,620.5,489.75,587.0,20.1122,62.4885,3.107,0,0,0,0
357,1,0,0,0,1,1,0.9951,0.8726,0.9468,0.3708,589.5,359.0,606.0,345.0,404.75,645.0,467.5,595.5,21.6391,79.9238,3.6935,0,0,0,0
358,1,0,0,0,1,1,0.9951,0.875,0.9502,0.3782,590.0,356.0,610.0,340.5,404.25,644.0,469.0,586.0,25.3032,86.9285,3.4355,0,0,0,0
359,1,0,0,0,1,1,0.9946,0.8682,0.9341,0.3115,555.0,350.0,570.5,337.5,420.5,655.5,430.25,614.5,19.9123,42.1434,2.1164,0,0,0,0
360,1,0,0,0,1,1,0.9932,0.8423,0.9287,0.3054,556.5,352.0,561.5,337.0,422.75,655.5,430.5,614.0,15.8114,42.2174,2.6701,0,0,0,0
361,1,0,0,0,1,1,0.9956,0.8623,0.9175,0.2158,518.5,349.0,548.0,332.5,422.0,647.0,433.25,622.5,33.8009,26.9595,0.7976,0,0,0,0
362,2,1,0,0,1,1,0.9956,0.834,0.9062,0.2047,499.75,347.0,501.5,333.0,429.5,667.0,400.5,628.5,14.109,48.2001,3.4163,0,0,0,0
362,2,1,85,0,0,1,0.1007,0.0866,0.05,0.0318,1068.0,0.0,319.75,0.0,891.0,0.0,322.25,0.0,748.25,568.75,0.7601,1,0,0,0
363,2,1,0,0,1,1,0.9951,0.8276,0.917,0.2335,501.25,347.5,500.75,334.0,430.0,672.0,408.0,639.0,13.5093,39.6611,2.9358,0,0,0,0
363,2,1,85,0,0,1,0.1404,0.1464,0.0612,0.0482,1064.0,0.0,316.5,0.0,928.0,0.0,342.75,0.0,747.5,585.25,0.7829,1,0,0,0
364,2,1,0,0,1,1,0.9917,0.8242,0.8691,0.2388,480.5,337.5,479.25,322.5,439.0,678.0,406.0,645.0,15.052,46.669,3.1005,0,0,0,0
364,2,1,85,0,0,1,0.1455,0.1105,0.0909,0.0491,1044.0,0.0,344.25,0.0,921.0,0.0,341.0,0.0,699.75,580.0,0.8289,1,0,0,0
365,1,0,0,0,1,1,0.9951,0.8066,0.9424,0.2507,468.75,338.5,483.5,324.0,422.25,678.0,411.5,661.0,20.6836,20.1137,0.9724,0,0,0,0
366,2,1,0,0,1,1,0.9956,0.8452,0.9365,0.2676,448.75,338.0,449.75,322.0,439.5,685.0,378.5,658.0,16.0312,66.7083,4.1612,0,0,0,0
366,2,1,86,0,0,1,0.1329,0.1505,0.0533,0.0505,1014.0,0.0,256.75,0.0,943.0,0.0,289.75,0.0,757.25,653.25,0.8627,1,0,0,0
367,2,1,0,0,0,1,0.9961,0.8535,0.9448,0.2717,446.25,344.0,449.0,327.0,436.5,693.0,383.75,658.0,17.221,63.3053,3.6761,0,0,0,0
367,2,1,86,0,0,1,0.147,0.1348,0.0626,0.0485,1008.0,0.0,247.75,0.0,953.0,0.0,263.25,0.0,760.25,689.75,0.9073,1,0,0,0
368,1,0,0,0,1,1,0.9961,0.8003,0.9365,0.2441,436.75,338.0,429.0,322.0,441.25,685.5,347.5,629.0,17.7781,109.4592,6.157,0,0,0,0
369,2,1,0,0,1,1,0.9956,0.7773,0.9307,0.2208,430.0,335.0,426.5,323.0,441.25,686.0,331.25,627.5,12.5,124.5883,9.9671,0,0,0,0
369,2,1,87,0,0,1,0.1316,0.1274,0.0535,0.0359,1092.0,0.0,328.75,0.0,942.0,0.0,311.75,0.0,763.25,630.25,0.8257,1,0,0,0
370,2,1,0,1,0,1,0.9946,0.8828,0.9248,0.4126,406.0,337.0,401.0,323.0,419.25,694.0,288.75,604.5,14.8661,158.2419,10.6445,0,0,0,0
370,2,1,87,0,0,1,0.1,0.1152,0.0514,0.0463,1017.5,0.0,276.5,0.0,926.0,0.0,295.25,0.0,741.0,630.75,0.8512,1,0,0,0
371,2,1,0,0,0,1,0.9932,0.8887,0.8916,0.3538,405.0,332.5,401.0,320.5,415.5,696.5,289.25,585.0,12.6491,168.4379,13.3162,0,0,0,0
371,2,1,88,1,1,1,0.6001,0.8486,0.5776,0.8184,1208.0,105.75,1003.5,113.0,1190.0,83.25,972.0,86.5,204.6285,218.0242,1.0655,0,0,0,0
372,1,0,0,1,0,1,0.9883,0.9331,0.9199,0.623,391.0,339.0,370.25,326.5,406.5,692.0,251.625,570.5,24.2242,196.8464,8.126,0,0,0,0
373,2,1,0,1,1,1,0.9922,0.9106,0.9263,0.4883,371.75,334.5,355.5,321.0,386.0,684.5,251.875,578.5,21.1261,170.9547,8.0921,0,0,0,0
373,2,1,89,0,0,1,0.0927,0.1065,0.047,0.0444,1012.0,0.0,287.75,0.0,860.0,0.0,314.0,0.0,724.25,546.0,0.7539,1,0,0,0
374,2,1,0,0,0,1,0.9951,0.8916,0.9224,0.3743,369.5,336.5,365.0,322.0,380.5,698.0,241.25,570.0,15.1822,189.1416,12.4581,0,0,0,0
374,2,1,89,0,0,1,0.0937,0.1047,0.041,0.0366,1083.0,0.0,344.5,0.0,942.0,0.0,366.75,0.0,738.5,575.25,0.7789,1,0,0,0
375,2,1,0,0,0,1,0.9946,0.8975,0.9263,0.3916,343.5,339.0,337.0,318.5,333.75,691.0,239.125,595.5,21.5058,134.4401,6.2513,0,0,0,0
375,2,1,89,0,0,1,0.0811,0.0868,0.0408,0.0332,1075.0,0.0,370.5,0.0,862.0,0.0,391.5,0.0,704.5,470.5,0.6678,1,0,0,0
376,1,0,0,0,0,1,0.9946,0.8784,0.9302,0.3564,344.0,339.0,336.25,319.0,334.0,700.0,238.25,604.5,21.4491,135.2343,6.3049,0,0,0,0
377,1,0,0,0,0,1,0.9937,0.8457,0.9082,0.269,320.25,345.0,321.5,329.5,294.5,699.0,226.5,640.5,15.5503,89.7009,5.7684,0,0,0,0
378,2,1,0,0,0,1,0.9883,0.877,0.9058,0.3906,319.5,346.5,312.25,338.0,292.0,693.0,228.75,639.5,11.172,82.8421,7.4152,0,0,0,0
378,2,1,90,0,0,1,0.0728,0.1063,0.0488,0.0584,1023.0,0.0,263.75,0.0,817.0,0.0,293.5,0.0,759.25,523.5,0.6895,1,0,0,0
379,2,1,0,0,0,1,0.9927,0.8276,0.8853,0.236,311.5,345.5,299.0,339.0,247.875,707.0,202.25,677.0,14.089,54.6044,3.8757,0,0,0,0
379,2,1,90,0,0,1,0.0853,0.0993,0.0621,0.0592,1002.0,0.0,285.5,0.0,764.0,0.0,350.0,0.0,716.5,414.0,0.5778,1,0,0,0
380,2,1,0,0,0,1,0.9946,0.8516,0.9019,0.2255,297.75,341.0,284.0,334.0,210.5,694.5,194.75,673.0,15.4293,26.6517,1.7273,0,0,0,0
380,2,1,90,0,0,1,0.0775,0.0935,0.0552,0.0507,989.5,0.0,283.75,0.0,887.5,0.0,317.0,0.0,705.75,570.5,0.8084,1,0,0,0
381,2,1,0,0,0,1,0.9951,0.9019,0.8911,0.3093,301.0,343.5,271.25,329.0,196.0,708.0,175.25,673.0,33.0955,40.6886,1.2294,0,0,0,0
381,2,1,90,0,0,1,0.0778,0.1097,0.0451,0.0524,1028.0,0.0,277.25,0.0,834.0,0.0,312.75,0.0,750.75,521.25,0.6943,1,0,0,0
382,2,1,0,0,1,1,0.9946,0.9087,0.8916,0.3677,301.5,339.5,260.75,325.0,179.25,677.0,159.0,633.5,43.2529,47.9824,1.1093,0,0,0,0
382,2,1,90,0,0,1,0.0815,0.1107,0.0391,0.0399,1096.0,0.0,359.25,0.0,875.0,0.0,362.75,0.0,736.75,512.25,0.6953,1,0,0,0
383,2,1,0,0,1,1,0.9946,0.897,0.8945,0.332,291.75,338.0,262.25,326.0,188.0,677.0,159.625,634.0,31.8473,51.5184,1.6177,0,0,0,0
383,2,1,90,0,0,1,0.0731,0.1058,0.0395,0.0467,1103.0,0.0,345.5,0.0,923.0,0.0,371.5,0.0,757.5,551.5,0.7281,1,0,0,0
384,2,1,0,0,1,1,0.9956,0.9229,0.938,0.3806,298.5,340.0,240.875,326.0,191.25,646.5,173.0,627.0,59.3013,26.7079,0.4504,0,0,0,0
384,2,1,91,1,1,1,0.5903,0.814,0.5859,0.793,1209.0,112.0,1007.0,91.25,1157.0,105.0,992.0,79.5,203.063,166.9588,0.8222,1,0,0,0
385,1,0,0,0,1,1,0.9951,0.9165,0.9292,0.3606,301.0,337.5,240.5,328.0,190.875,647.5,161.75,635.5,61.2413,31.5002,0.5144,0,0,0,0
386,2,1,0,0,1,1,0.9966,0.9282,0.9268,0.3909,315.75,347.0,213.5,335.5,192.5,642.0,152.5,589.0,102.8947,66.4003,0.6453,0,0,0,0
386,2,1,92,0,0,1,0.0935,0.1257,0.0573,0.0597,1027.0,0.0,275.0,0.0,862.0,0.0,292.75,0.0,752.0,569.25,0.757,1,0,0,0
387,2,1,0,1,1,1,0.9961,0.9463,0.9526,0.5605,324.0,345.5,163.875,334.5,226.25,627.5,149.25,619.5,160.5024,77.4145,0.4823,0,0,0,0
387,2,1,92,0,0,1,0.0725,0.1097,0.0526,0.0666,1002.0,0.0,278.75,0.0,750.5,0.0,349.0,0.0,723.25,401.5,0.5551,1,0,0,0
388,2,1,0,1,1,1,0.9956,0.9468,0.9512,0.585,324.5,343.0,173.25,334.5,225.75,628.0,138.25,618.5,151.4887,88.0142,0.581,0,0,0,0
388,2,1,92,0,0,1,0.0768,0.1095,0.0581,0.0714,999.0,0.0,269.25,0.0,778.5,0.0,357.5,0.0,729.75,421.0,0.5769,1,0,0,0
389,2,1,0,1,1,1,0.9922,0.9766,0.9009,0.687,329.25,339.5,150.25,338.0,263.5,640.0,114.75,642.0,179.0063,148.7634,0.8311,0,0,0,0
389,2,1,92,0,0,1,0.0693,0.0983,0.0507,0.0573,1001.0,0.0,278.0,0.0,785.5,0.0,330.0,0.0,723.0,455.5,0.63,1,0,0,0
390,2,1,0,1,1,1,0.9932,0.9814,0.9077,0.7241,330.0,342.0,149.125,337.5,264.25,640.0,114.625,641.5,180.931,149.6325,0.827,0,0,0,0
390,2,1,92,0,0,1,0.069,0.0977,0.0672,0.0752,998.0,0.0,288.25,0.0,736.0,0.0,321.0,0.0,709.75,415.0,0.5847,1,0,0,0
391,2,1,0,1,1,1,0.9907,0.9868,0.8916,0.8262,334.0,340.0,133.25,338.0,291.5,643.0,79.0625,648.0,200.76,212.4963,1.0585,0,0,0,0
391,2,1,92,0,0,1,0.0952,0.1222,0.0518,0.0547,1082.0,0.0,336.25,0.0,861.0,0.0,432.5,0.0,745.75,428.5,0.5746,1,0,0,0
392,2,1,0,1,1,1,0.9941,0.9907,0.8403,0.7832,339.5,343.0,134.125,336.5,279.75,662.0,75.125,643.0,205.4778,205.5052,1.0001,0,0,0,0
392,2,1,92,0,0,1,0.0802,0.1174,0.0646,0.0743,1087.0,0.0,337.5,0.0,737.0,0.0,424.5,0.0,749.5,312.5,0.4169,1,0,0,0
393,2,1,0,1,0,1,0.9893,0.9932,0.8003,0.8242,332.75,339.5,110.625,341.5,332.0,667.5,57.25,709.5,222.134,277.9417,1.2512,0,0,0,0
393,2,1,93,1,1,1,0.6123,0.8564,0.5571,0.8013,1212.0,103.0,1011.5,97.25,1178.0,108.0,973.0,77.0,200.5824,207.3307,1.0336,0,0,0,0
394,2,1,0,1,0,1,0.9917,0.9927,0.7847,0.7842,338.75,343.5,104.375,353.0,327.0,659.5,47.875,701.5,234.5675,282.2672,1.2034,0,0,0,0
394,2,1,93,1,1,1,0.644,0.8506,0.6401,0.8379,1200.0,118.5,989.5,105.75,1159.0,105.0,973.0,58.75,210.8858,191.6639,0.9089,1,0,0,0
395,2,1,0,1,0,1,0.9878,0.9941,0.7236,0.8076,338.0,345.0,102.625,345.0,342.5,647.5,52.0,699.5,235.375,295.1173,1.2538,0,0,0,0
395,2,1,94,0,0,1,0.0694,0.0882,0.0575,0.0579,1008.0,0.0,262.5,0.0,796.0,0.0,360.75,0.0,745.5,435.25,0.5838,1,0,0,0
396,2,1,0,1,0,1,0.9888,0.9941,0.7207,0.7925,340.25,340.0,102.1875,335.0,345.0,654.0,61.875,691.0,238.115,285.5324,1.1991,0,0,0,0
396,2,1,94,0,0,1,0.0708,0.0988,0.067,0.0682,1070.0,0.0,348.0,0.0,771.5,0.0,419.0,0.0,722.0,352.5,0.4882,1,0,0,0
397,2,1,0,1,1,1,0.9873,0.9941,0.7222,0.8198,332.0,338.0,105.4375,334.5,354.0,656.0,34.5,689.5,226.5895,321.2515,1.4178,0,0,0,0
397,2,1,94,0,0,1,0.0833,0.1142,0.0648,0.0723,1011.0,0.0,290.75,0.0,810.0,0.0,348.5,0.0,720.25,461.5,0.6407,1,0,0,0
398,2,1,0,1,0,1,0.9902,0.9941,0.6782,0.752,329.0,326.0,98.5,325.5,354.0,667.5,29.375,707.0,230.5005,327.0193,1.4187,0,0,0,0
398,2,1,94,0,0,1,0.0837,0.0895,0.0848,0.0649,958.5,0.0,281.25,0.0,651.0,0.0,378.0,0.0,677.25,273.0,0.4031,1,0,0,0
399,1,0,0,1,0,1,0.9868,0.9937,0.7275,0.8188,328.0,336.0,97.625,334.5,363.75,657.5,35.375,698.0,230.3799,330.8631,1.4362,0,0,0,0
400,1,0,0,1,0,1,0.9868,0.9937,0.6812,0.7876,328.0,341.0,98.25,336.0,354.0,664.5,34.0,707.0,229.8044,322.8099,1.4047,0,0,0,0
401,2,1,0,1,0,1,0.9873,0.9917,0.7222,0.771,329.5,339.5,102.6875,340.5,361.75,666.0,33.875,708.0,226.8147,330.5541,1.4574,0,0,0,0
401,2,1,95,0,0,1,0.0814,0.096,0.069,0.0628,988.5,0.0,276.75,0.0,727.0,0.0,386.25,0.0,711.75,340.75,0.4787,1,0,0,0
402,1,0,0,1,0,1,0.9858,0.9937,0.665,0.7793,328.5,336.0,102.8125,333.0,380.5,658.0,43.75,707.0,225.7074,340.2963,1.5077,0,0,0,0
403,2,1,0,1,0,1,0.9888,0.9917,0.6851,0.7412,334.75,339.5,99.25,339.0,380.75,655.0,40.0,691.0,235.5005,342.6464,1.455,0,0,0,0
403,2,1,96,0,0,1,0.071,0.0887,0.0531,0.0553,1018.5,0.0,272.5,0.0,818.0,0.0,388.0,0.0,746.0,430.0,0.5764,1,0,0,0
404,2,1,0,1,0,1,0.9849,0.9927,0.6714,0.7671,332.5,337.5,105.5,349.0,397.0,667.5,48.375,720.0,227.2911,352.5559,1.5511,0,0,0,0
404,2,1,96,0,0,1,0.0784,0.1101,0.0517,0.0566,1081.0,0.0,334.75,0.0,826.0,0.0,389.75,0.0,746.25,436.25,0.5846,1,0,0,0
405,2,1,0,1,0,1,0.9854,0.9922,0.7134,0.7866,333.75,341.5,105.75,348.0,395.25,666.0,57.75,708.0,228.0926,340.1033,1.4911,0,0,0,0
405,2,1,96,0,0,1,0.0785,0.1039,0.0411,0.0439,1108.0,0.0,328.25,0.0,884.0,0.0,364.25,0.0,779.75,519.75,0.6666,1,0,0,0
406,2,1,0,1,0,1,0.9844,0.9927,0.5986,0.7432,343.0,350.0,112.625,355.0,422.25,681.0,75.0625,713.0,230.4293,348.6591,1.5131,0,0,0,0
406,2,1,97,0,0,1,0.0636,0.0725,0.0764,0.0674,981.5,0.0,286.75,0.0,639.5,0.0,428.0,0.0,694.75,211.5,0.3044,1,0,0,0
407,2,1,0,1,0,1,0.9844,0.9927,0.5718,0.7217,342.5,349.5,113.1875,352.5,431.5,682.0,65.625,720.0,229.3321,367.8431,1.604,0,0,0,0
407,2,1,97,0,0,1,0.0706,0.0937,0.0734,0.0729,997.0,0.0,305.5,0.0,687.0,0.0,437.0,0.0,691.5,250.0,0.3615,1,0,0,0
408,3,1,0,1,0,1,0.9893,0.9922,0.6714,0.7422,361.25,339.5,118.0,350.5,435.5,673.5,89.75,696.0,243.4986,346.4813,1.4229,0,0,0,0
408,3,1,97,0,0,1,0.0673,0.0874,0.0476,0.0512,1010.0,0.0,279.25,0.0,815.5,0.0,384.75,0.0,730.75,430.75,0.5895,1,0,0,0
408,3,1,98,1,1,1,0.5674,0.8652,0.5532,0.8403,1205.0,105.5,1005.0,95.25,1147.0,105.75,983.0,77.75,200.2625,166.3731,0.8308,1,0,0,0
409,1,0,0,1,0,1,0.9863,0.9932,0.6592,0.7686,367.5,344.5,139.25,348.5,442.75,666.5,91.875,720.0,228.285,354.9303,1.5548,0,0,0,0
410,1,0,0,1,0,1,0.9858,0.9917,0.7354,0.8022,364.5,340.0,140.25,342.0,441.25,656.0,89.75,720.0,224.2589,357.279,1.5932,0,0,0,0
411,2,1,0,1,1,1,0.9863,0.9897,0.6401,0.7314,381.0,349.0,161.25,348.0,448.0,687.0,125.875,686.0,219.7523,322.1266,1.4659,0,0,0,0
411,2,1,99,0,0,1,0.0896,0.1234,0.0501,0.0545,1094.0,0.0,329.25,0.0,887.0,0.0,349.25,0.0,764.75,537.75,0.7032,1,0,0,0
412,1,0,0,1,0,1,0.9839,0.9937,0.6338,0.8008,375.5,337.5,167.75,339.0,455.5,676.5,107.0,720.0,207.7554,351.2044,1.6905,0,0,0,0
413,1,0,0,1,0,1,0.98,0.9907,0.7236,0.8286,391.25,332.5,191.25,332.0,459.0,681.5,129.375,720.0,200.0006,331.8658,1.6593,0,0,0,0
414,2,1,0,1,0,1,0.9653,0.9922,0.6128,0.8535,383.5,337.5,194.5,336.5,447.5,670.5,124.9375,710.0,189.0026,324.972,1.7194,0,0,0,0
414,2,1,100,0,0,1,0.0974,0.126,0.0579,0.0634,1005.0,0.0,274.5,0.0,910.0,0.0,307.25,0.0,730.5,602.75,0.8251,1,0,0,0
415,1,0,0,1,0,1,0.9624,0.9907,0.5874,0.8389,383.75,337.5,222.5,340.0,455.25,674.5,169.75,717.0,161.2694,288.646,1.7898,0,0,0,0
416,2,1,0,0,0,1,0.9058,0.9829,0.3662,0.7173,395.0,330.0,243.25,332.0,434.25,522.0,210.75,720.0,151.7632,298.5904,1.9675,0,0,0,0
416,2,1,101,0,0,1,0.0917,0.1078,0.0631,0.0611,1092.0,0.0,347.5,0.0,914.0,0.0,336.75,0.0,744.5,577.25,0.7754,1,0,0,0
417,2,1,0,1,0,1,0.9053,0.9839,0.4082,0.7622,397.0,324.5,241.5,321.5,434.25,522.0,211.25,716.0,155.5289,295.5757,1.9005,0,0,0,0
417,2,1,101,0,0,1,0.1076,0.1009,0.0952,0.0684,1052.0,0.0,329.5,0.0,922.5,0.0,353.75,0.0,722.5,568.75,0.7872,1,0,0,0
418,2,1,0,1,0,1,0.8838,0.9834,0.4277,0.8091,407.0,318.5,279.0,325.5,446.5,495.5,256.25,720.0,128.1913,294.2708,2.2956,0,0,0,0
418,2,1,101,0,0,1,0.1333,0.1161,0.0904,0.0602,1041.0,0.0,310.0,0.0,966.5,0.0,290.0,0.0,731.0,676.5,0.9254,1,0,0,0
419,2,1,0,1,0,1,0.9053,0.9873,0.4602,0.8267,415.75,320.0,281.5,328.5,457.25,512.0,280.0,695.0,134.5188,254.7677,1.8939,0,0,0,0
419,2,1,101,0,0,1,0.1049,0.0979,0.0806,0.0636,1073.0,0.0,319.75,0.0,973.0,0.0,307.5,0.0,753.25,665.5,0.8835,1,0,0,0
420,2,1,0,1,0,1,0.873,0.9854,0.4307,0.812,432.75,310.5,307.75,325.0,476.0,491.0,285.5,720.0,125.8382,297.8779,2.3672,0,0,0,0
420,2,1,101,0,0,1,0.1445,0.1207,0.1016,0.0648,1018.0,0.0,328.5,0.0,916.0,0.0,299.5,0.0,689.5,616.5,0.8941,1,0,0,0
421,2,1,0,1,0,1,0.9214,0.9858,0.5117,0.8149,423.5,319.0,302.5,326.0,469.5,504.0,293.75,720.0,121.2023,278.4673,2.2975,0,0,0,0
421,2,1,101,0,0,1,0.1724,0.1475,0.1166,0.0709,1004.5,0.0,314.25,0.0,934.0,0.0,294.75,0.0,690.25,639.25,0.9261,1,0,0,0
422,2,1,0,0,0,1,0.9141,0.9868,0.3123,0.7173,450.5,331.0,343.5,337.0,512.5,601.0,337.0,720.0,107.1681,212.0407,1.9786,0,0,0,0
422,2,1,101,0,0,1,0.1289,0.1118,0.0916,0.0693,983.5,0.0,274.75,0.0,967.5,0.0,358.25,0.0,708.75,609.25,0.8596,1,0,0,0
423,2,1,0,0,0,1,0.9058,0.9834,0.3223,0.7144,484.5,336.5,377.25,345.5,542.0,617.5,375.25,720.0,107.627,195.734,1.8186,0,0,0,0
423,2,1,101,0,0,1,0.1454,0.1101,0.1229,0.0749,1005.5,0.0,314.75,0.0,960.0,0.0,329.25,0.0,690.75,630.75,0.9131,1,0,0,0
424,1,0,0,0,0,1,0.8525,0.9834,0.2708,0.7368,487.0,341.0,375.75,347.5,526.0,589.5,379.75,694.5,111.4397,180.0391,1.6156,0,0,0,0
425,2,1,0,0,0,1,0.915,0.9858,0.303,0.7192,514.0,347.5,416.25,355.0,559.5,650.5,408.0,720.0,98.0373,166.6808,1.7002,0,0,0,0
425,2,1,102,0,0,1,0.127,0.1043,0.0887,0.0517,1029.0,0.0,324.0,0.0,974.5,0.0,331.0,0.0,705.0,643.5,0.9128,1,0,0,0
426,2,1,0,0,0,1,0.895,0.9849,0.3093,0.7217,512.5,349.0,418.75,363.0,557.0,605.5,415.25,720.0,94.7896,182.2178,1.9223,0,0,0,0
426,2,1,102,0,0,1,0.178,0.1693,0.1429,0.1154,947.0,0.0,288.25,0.0,981.0,0.0,340.0,0.0,658.75,641.0,0.9731,1,0,0,0
427,2,1,0,0,0,1,0.897,0.9805,0.2852,0.6904,551.5,360.0,456.0,369.5,604.5,618.0,466.5,711.0,95.9713,166.4121,1.734,0,0,0,0
427,2,1,102,0,0,1,0.1375,0.1243,0.0991,0.067,1014.0,0.0,311.25,0.0,1004.0,0.0,321.5,0.0,702.75,682.5,0.9712,1,0,0,0
428,2,1,0,0,0,1,0.9038,0.981,0.3489,0.7402,550.5,355.5,452.25,360.0,622.5,642.5,458.0,720.0,98.353,181.842,1.8489,0,0,0,0
428,2,1,102,0,0,1,0.1071,0.1353,0.086,0.0887,984.0,0.0,266.25,0.0,994.0,0.0,321.0,0.0,717.75,673.0,0.9377,1,0,0,0
429,2,1,0,0,0,1,0.833,0.9761,0.2898,0.7295,596.0,370.5,494.25,382.0,655.5,631.0,520.0,720.0,102.3978,162.1149,1.5832,0,0,0,0
429,2,1,102,0,0,1,0.1176,0.1318,0.0679,0.0592,992.0,0.0,241.75,0.0,955.0,0.0,291.75,0.0,750.25,663.25,0.884,1,0,0,0
430,2,1,0,0,0,1,0.8823,0.9707,0.2417,0.6089,588.5,365.0,499.75,374.5,661.0,633.5,507.0,718.5,89.257,175.9005,1.9707,0,0,0,0
430,2,1,103,0,0,1,0.1166,0.1224,0.067,0.0529,1083.0,0.0,315.0,0.0,964.5,0.0,331.0,0.0,768.0,633.5,0.8249,1,0,0,0
431,2,1,0,0,0,1,0.8687,0.9761,0.2191,0.6216,641.5,363.5,542.0,379.0,674.0,666.5,575.0,720.0,100.7,112.5311,1.1175,0,0,0,0
431,2,1,103,0,0,1,0.1301,0.1353,0.0702,0.0555,1066.0,0.0,300.25,0.0,978.5,0.0,323.5,0.0,765.75,655.0,0.8554,1,0,0,0
432,2,1,0,0,0,1,0.8652,0.9766,0.2297,0.646,643.0,364.0,546.0,378.0,689.5,672.5,582.5,720.0,98.0051,117.0694,1.1945,0,0,0,0
432,2,1,103,0,0,1,0.1174,0.1316,0.0644,0.0594,1076.0,0.0,320.0,0.0,936.0,0.0,358.75,0.0,756.0,577.25,0.7636,1,0,0,0
433,2,1,0,0,0,1,0.8975,0.9771,0.292,0.688,687.5,354.0,583.0,359.5,721.5,673.0,603.0,720.0,104.6446,127.4804,1.2182,0,0,0,0
433,2,1,103,0,0,1,0.1771,0.189,0.0953,0.0782,1022.0,0.0,325.25,0.0,994.0,0.0,349.25,0.0,696.75,644.75,0.9254,1,0,0,0
434,2,1,0,0,0,1,0.9131,0.9863,0.2413,0.6821,720.5,345.0,619.0,352.0,758.5,696.0,667.5,720.0,101.7411,94.1116,0.925,0,0,0,0
434,2,1,103,0,0,1,0.1058,0.1382,0.0535,0.0561,1054.0,0.0,324.75,0.0,952.0,0.0,344.75,0.0,729.25,607.25,0.8327,1,0,0,0
435,1,0,0,0,0,1,0.8853,0.9756,0.2732,0.6733,722.0,344.5,624.5,352.5,749.5,691.0,660.0,720.0,97.8277,94.0811,0.9617,0,0,0,0
436,2,1,0,0,0,1,0.8936,0.9814,0.2959,0.6978,750.0,343.5,654.5,349.0,802.0,598.0,693.0,720.0,95.6582,163.6001,1.7103,0,0,0,0
436,2,1,104,0,0,1,0.1107,0.1432,0.0534,0.0553,1028.0,0.0,316.0,0.0,995.5,0.0,344.75,0.0,712.0,650.75,0.914,1,0,0,0
437,2,1,0,0,0,1,0.9023,0.9829,0.252,0.6675,751.5,341.5,651.0,346.5,794.0,639.5,684.5,720.0,100.6243,135.9062,1.3506,0,0,0,0
437,2,1,104,0,0,1,0.1226,0.1943,0.0629,0.0901,1033.0,0.0,319.25,0.0,966.5,0.0,380.25,0.0,713.75,586.25,0.8214,1,0,0,0
438,2,1,0,0,0,1,0.9053,0.9854,0.2805,0.7041,786.5,335.0,683.0,341.0,816.5,619.0,732.5,720.0,103.6738,131.3659,1.2671,0,0,0,0
438,2,1,104,0,0,1,0.1074,0.2043,0.0709,0.1142,1060.0,0.0,310.75,0.0,979.5,0.0,349.5,0.0,749.25,630.0,0.8408,1,0,0,0
439,1,0,0,0,0,1,0.9204,0.9839,0.2876,0.6787,795.0,333.0,683.5,341.5,848.0,676.0,724.0,720.0,111.8235,131.5751,1.1766,0,0,0,0
440,2,1,0,0,0,1,0.9082,0.9863,0.2311,0.6323,813.0,330.5,706.0,341.5,853.5,613.0,758.0,720.0,107.5639,143.4198,1.3333,0,0,0,0
440,2,1,105,0,0,1,0.1703,0.2026,0.0746,0.0707,1024.0,0.0,322.25,0.0,972.0,0.0,324.5,0.0,701.75,647.5,0.9227,1,0,0,0
441,1,0,0,0,0,1,0.8828,0.9863,0.2384,0.6699,815.5,332.0,706.0,339.0,859.0,577.0,749.0,720.0,109.7235,180.4134,1.6443,0,0,0,0
442,1,0,0,1,0,1,0.9629,0.9854,0.582,0.792,849.0,337.0,731.5,340.0,958.0,666.0,772.0,717.0,117.5383,192.8652,1.6409,0,0,0,0
443,1,0,0,1,0,1,0.9614,0.9814,0.4897,0.6846,857.5,333.5,737.5,336.5,958.5,676.0,764.5,720.0,120.0375,198.9271,1.6572,0,0,0,0
444,1,0,0,1,0,1,0.9814,0.9775,0.6904,0.6675,886.5,325.5,756.0,337.0,987.0,669.0,786.5,720.0,131.0057,206.8846,1.5792,0,0,0,0
445,1,0,0,1,0,1,0.9751,0.9697,0.7173,0.7139,904.5,332.5,796.0,339.0,1016.5,678.5,829.0,720.0,108.6945,192.0378,1.7668,0,0,0,0
446,1,0,0,1,0,1,0.9717,0.9668,0.6704,0.6797,902.0,330.0,787.0,337.0,1018.0,678.0,818.5,720.0,115.2128,203.8731,1.7695,0,0,0,0
447,1,0,0,1,0,1,0.9688,0.9683,0.6367,0.6655,911.0,339.0,823.0,349.5,1019.5,677.5,854.5,720.0,88.6242,170.3856,1.9226,0,0,0,0
448,1,0,0,1,0,1,0.9805,0.9819,0.6685,0.6836,915.0,338.0,821.0,349.0,1020.0,676.5,863.0,720.0,94.6414,162.9149,1.7214,0,0,0,0
449,1,0,0,1,0,1,0.9434,0.9834,0.4634,0.7583,893.5,338.0,866.0,338.5,993.0,678.5,924.5,720.0,27.5045,80.0906,2.9119,0,0,0,0
450,1,0,0,1,0,1,0.9116,0.9727,0.4805,0.7612,886.0,337.0,863.0,336.0,999.0,677.0,916.5,707.5,23.0217,87.9574,3.8206,0,0,0,0
451,1,0,0,0,0,1,0.9189,0.9712,0.1738,0.3435,893.0,330.0,899.5,348.5,987.5,689.0,961.0,703.5,19.6087,30.2076,1.5405,0,0,0,0
452,1,0,0,0,0,1,0.8926,0.9658,0.2388,0.4495,878.5,319.5,947.0,338.5,996.0,666.0,1034.0,720.0,71.0862,66.0303,0.9289,0,0,0,0
453,1,0,0,0,0,1,0.9443,0.9707,0.219,0.2864,887.5,321.5,944.0,351.0,1017.0,681.0,1032.0,702.0,63.7377,25.807,0.4049,0,0,0,0
454,1,0,0,0,0,1,0.9175,0.9736,0.2042,0.3972,869.0,315.0,1018.5,354.5,1001.5,664.0,1097.0,694.5,154.6302,100.2522,0.6483,0,0,0,0
455,1,0,0,0,1,1,0.8989,0.9658,0.1776,0.3435,870.0,313.0,1015.0,359.0,986.0,654.0,1119.0,687.0,152.1217,137.0328,0.9008,0,0,0,0
456,1,0,0,0,0,1,0.9814,0.9858,0.4067,0.3765,867.5,314.5,1099.0,365.0,831.5,682.0,1137.0,720.0,236.9441,307.8543,1.2993,0,0,0,0
457,1,0,0,0,0,1,0.9805,0.9883,0.3904,0.4006,874.5,321.5,1103.0,365.0,832.5,670.0,1136.0,720.0,232.6037,307.591,1.3224,0,0,0,0
458,1,0,0,0,0,1,0.9883,0.9692,0.522,0.1646,863.5,337.5,1155.0,367.5,811.0,689.5,1134.0,711.5,293.0397,323.7484,1.1048,0,0,0,0
459,1,0,0,0,0,1,0.9897,0.9878,0.4729,0.3411,873.0,335.0,1168.0,357.0,828.0,696.0,1127.0,704.0,295.8192,299.107,1.0111,0,0,0,0
460,1,0,0,0,0,1,0.9893,0.9873,0.4773,0.3364,866.5,340.0,1162.0,361.5,828.0,688.0,1128.0,704.0,296.2811,300.4264,1.014,0,0,0,0
461,1,0,0,0,0,1,0.9946,0.9893,0.5762,0.3704,877.0,333.0,1162.0,349.0,795.5,720.0,1138.0,720.0,285.4488,342.5,1.1999,0,0,0,0
462,1,0,0,0,0,1,0.9937,0.9883,0.5337,0.3091,877.5,330.5,1158.0,350.5,824.0,686.0,1141.0,714.5,281.2121,318.2786,1.1318,0,0,0,0
463,1,0,0,0,0,1,0.9941,0.9883,0.5786,0.354,880.0,324.0,1154.0,337.5,821.5,699.5,1135.0,705.0,274.3324,313.5482,1.143,0,0,0,0
464,1,0,0,0,0,1,0.9941,0.9893,0.5767,0.3765,879.5,327.0,1156.0,340.0,830.0,701.5,1136.0,707.0,276.8054,306.0494,1.1056,0,0,0,0
465,1,0,0,1,0,1,0.9917,0.9878,0.5356,0.4226,890.0,340.0,1147.0,338.5,845.5,698.5,1141.0,686.0,257.0044,295.7643,1.1508,0,0,0,0
466,1,0,0,1,0,1,0.9922,0.9854,0.5986,0.4268,886.0,333.0,1143.0,333.5,844.5,690.5,1141.0,686.0,257.0005,296.5341,1.1538,0,0,0,0
467,1,0,0,1,0,1,0.9937,0.978,0.7114,0.4656,904.0,331.0,1122.0,321.5,858.0,707.0,1114.0,629.0,218.2069,267.6191,1.2264,0,0,0,0
468,1,0,0,1,1,1,0.9912,0.9829,0.6206,0.4888,900.5,334.0,1129.0,322.0,855.5,677.0,1118.0,620.0,228.8149,268.6173,1.174,0,0,0,0
469,1,0,0,0,0,1,0.9937,0.9492,0.6685,0.252,910.5,337.0,1091.0,326.0,883.5,719.5,1047.0,655.5,180.8349,175.5798,0.9709,0,0,0,0
470,1,0,0,0,0,1,0.9849,0.9429,0.5088,0.2517,903.5,328.5,1064.0,316.5,904.0,704.0,974.5,666.0,160.948,80.089,0.4976,0,0,0,0
471,1,0,0,0,0,1,0.9873,0.9473,0.5366,0.2637,909.5,329.0,1070.0,319.0,902.5,718.0,974.0,668.0,160.8112,87.2482,0.5426,0,0,0,0
472,1,0,0,0,0,1,0.9922,0.9355,0.7256,0.2603,883.5,326.0,1040.0,319.0,899.5,715.0,950.0,682.0,156.6565,60.3262,0.3851,0,0,0,0
473,1,0,0,0,0,1,0.9937,0.9429,0.7456,0.2756,886.0,337.0,1044.0,326.0,901.0,715.0,968.0,675.0,158.3824,78.032,0.4927,0,0,0,0
474,1,0,0,0,0,1,0.9917,0.9253,0.687,0.2351,881.5,328.0,1013.5,313.0,894.0,720.0,925.0,698.0,132.8495,38.0132,0.2861,0,0,0,0
475,2,1,0,0,0,1,0.9912,0.936,0.6606,0.2502,875.0,326.5,1012.5,318.0,894.0,720.0,931.0,706.5,137.7625,39.3859,0.2859,0,0,0,0
475,2,1,106,0,0,1,0.1371,0.1746,0.0661,0.0681,991.0,0.0,267.25,0.0,743.0,0.0,338.0,0.0,723.75,405.0,0.5596,1,0,0,0
476,1,0,0,0,0,1,0.9917,0.9248,0.6865,0.2185,857.5,329.5,985.5,322.0,874.5,720.0,926.5,706.0,128.2195,53.8516,0.42,0,0,0,0
477,1,0,0,0,0,1,0.9922,0.9126,0.7275,0.2161,855.5,334.0,983.0,327.0,870.5,720.0,924.5,706.0,127.692,55.7853,0.4369,0,0,0,0
478,1,0,0,0,0,1,0.9912,0.8872,0.6436,0.1482,832.0,337.5,962.0,320.0,838.5,720.0,876.5,665.0,131.1726,66.8506,0.5096,0,0,0,0
479,1,0,0,0,0,1,0.9927,0.8843,0.7061,0.155,825.5,330.0,963.0,317.5,839.0,720.0,882.5,674.0,138.067,63.3107,0.4586,0,0,0,0
480,1,0,0,0,0,1,0.9932,0.8921,0.6626,0.1316,805.5,334.0,948.5,315.0,788.0,720.0,849.0,678.5,144.2567,73.7784,0.5114,0,0,0,0
481,1,0,0,0,0,1,0.9922,0.8896,0.6504,0.1489,780.5,337.5,916.0,317.0,738.0,720.0,805.0,671.0,137.042,83.006,0.6057,0,0,0,0
482,1,0,0,0,0,1,0.9907,0.9062,0.6685,0.2042,778.0,328.0,907.0,312.0,745.5,720.0,804.0,679.0,129.9885,71.437,0.5496,0,0,0,0
483,2,1,0,0,0,1,0.9956,0.9292,0.7832,0.1901,754.5,329.5,892.5,315.0,683.5,715.0,721.0,678.5,138.7597,52.3307,0.3771,0,0,0,0
483,2,1,107,0,0,1,0.0775,0.1163,0.0395,0.0484,1007.0,0.0,272.0,0.0,961.5,0.0,272.75,0.0,735.0,688.75,0.9371,1,0,0,0
484,1,0,0,0,0,1,0.9946,0.9429,0.7139,0.2251,760.0,328.5,888.0,313.0,692.0,709.0,732.5,672.0,128.9351,54.8566,0.4255,0,0,0,0
485,1,0,0,0,0,1,0.9912,0.9355,0.5879,0.2128,732.5,326.0,861.0,306.0,637.0,692.0,720.0,639.5,130.0471,98.2102,0.7552,0,0,0,0
486,1,0,0,0,0,1,0.9897,0.9287,0.5542,0.1919,733.5,329.5,864.0,312.0,637.0,700.5,710.0,649.0,131.6681,89.3378,0.6785,0,0,0,0
487,2,1,0,0,0,1,0.9961,0.9316,0.7949,0.2234,711.5,334.5,832.5,314.5,587.5,691.0,651.5,634.0,122.6418,85.703,0.6988,0,0,0,0
487,2,1,108,0,0,1,0.0739,0.1007,0.0338,0.0384,1023.0,0.0,262.75,0.0,916.5,0.0,242.0,0.0,760.25,674.5,0.8872,1,0,0,0
488,1,0,0,0,0,1,0.9946,0.9385,0.8027,0.2458,681.0,343.0,806.0,322.0,534.0,701.0,601.0,627.5,126.7517,99.4548,0.7846,0,0,0,0
489,2,1,0,0,1,1,0.9946,0.9473,0.7183,0.2311,682.0,348.0,807.5,320.5,544.5,684.0,604.5,628.0,128.4776,82.0731,0.6388,0,0,0,0
489,2,1,109,0,0,1,0.0983,0.1298,0.0403,0.0427,1098.0,0.0,333.25,0.0,952.0,0.0,346.75,0.0,764.75,605.25,0.7914,1,0,0,0
490,2,1,0,0,0,1,0.9888,0.9355,0.6821,0.2581,664.5,353.5,780.5,328.5,487.0,707.0,566.0,633.0,118.6634,108.2451,0.9122,0,0,0,0
490,2,1,109,0,0,1,0.094,0.1168,0.0425,0.0418,1097.0,0.0,327.75,0.0,942.0,0.0,311.25,0.0,769.25,630.75,0.82,1,0,0,0
491,2,1,0,0,0,1,0.9961,0.9453,0.7974,0.2339,656.5,356.0,783.0,329.5,474.25,720.0,565.5,644.0,129.2459,118.7542,0.9188,0,0,0,0
491,2,1,109,0,0,1,0.106,0.1448,0.0396,0.0442,1024.0,0.0,267.5,0.0,888.0,0.0,286.75,0.0,756.5,601.25,0.7948,1,0,0,0
492,2,1,0,0,1,1,0.9956,0.9517,0.7617,0.2866,627.0,357.5,739.5,330.0,477.5,671.5,555.0,621.0,115.8123,92.5014,0.7987,0,0,0,0
492,2,1,109,0,0,1,0.0997,0.135,0.0391,0.0449,1009.0,0.0,245.0,0.0,926.0,0.0,287.75,0.0,764.0,638.25,0.8354,1,0,0,0
493,2,1,0,0,1,1,0.9946,0.9531,0.7368,0.2949,635.0,354.5,743.0,335.5,475.5,680.0,554.0,622.0,109.6586,97.6025,0.8901,0,0,0,0
493,2,1,109,0,0,1,0.0888,0.1168,0.0336,0.0388,1003.0,0.0,243.0,0.0,882.0,0.0,287.0,0.0,760.0,595.0,0.7829,1,0,0,0
494,2,1,0,0,0,1,0.9946,0.937,0.7856,0.231,600.0,362.0,718.0,337.0,450.75,702.0,515.0,623.0,120.6192,101.8286,0.8442,0,0,0,0
494,2,1,109,0,0,1,0.0781,0.0988,0.0373,0.0396,1028.0,0.0,260.25,0.0,908.5,0.0,260.25,0.0,767.75,648.25,0.8444,1,0,0,0
495,2,1,0,0,0,1,0.9941,0.9453,0.8105,0.2856,557.5,362.0,672.0,336.5,422.5,702.0,471.0,646.0,117.3052,74.0827,0.6315,0,0,0,0
495,2,1,109,0,0,1,0.084,0.1241,0.0349,0.0414,1102.0,0.0,316.25,0.0,969.0,0.0,365.25,0.0,785.75,603.75,0.7684,1,0,0,0
496,2,1,0,0,0,1,0.9917,0.9399,0.7852,0.2974,560.0,360.0,670.0,341.0,422.0,693.5,471.0,645.0,111.6288,68.9438,0.6176,0,0,0,0
496,2,1,109,0,0,1,0.1172,0.1394,0.0433,0.0373,1091.0,0.0,326.0,0.0,963.0,0.0,320.5,0.0,765.0,642.5,0.8399,1,0,0,0
497,2,1,0,0,0,1,0.9946,0.9326,0.8145,0.2351,530.0,348.0,643.5,332.0,418.0,695.5,448.5,652.0,114.6222,53.1272,0.4635,0,0,0,0
497,2,1,109,0,0,1,0.111,0.1232,0.0663,0.0555,1083.0,0.0,317.5,0.0,1001.0,0.0,329.75,0.0,765.5,671.25,0.8769,1,0,0,0
498,2,1,0,0,0,1,0.9795,0.9136,0.6343,0.235,533.5,349.0,632.0,340.0,407.75,695.0,446.0,659.0,98.9103,52.5268,0.5311,0,0,0,0
498,2,1,109,0,0,1,0.1027,0.0989,0.0935,0.0682,1013.0,0.0,251.25,0.0,978.5,0.0,281.25,0.0,761.75,697.25,0.9153,1,0,0,0
499,2,1,0,0,1,1,0.9927,0.9434,0.7456,0.2959,505.5,335.5,595.0,328.5,403.75,685.5,445.5,657.5,89.7733,50.2699,0.56,0,0,0,0
499,2,1,109,0,0,1,0.113,0.1152,0.0562,0.0408,1072.0,0.0,324.5,0.0,941.0,0.0,313.0,0.0,747.5,628.0,0.8401,1,0,0,0
500,1,0,0,0,0,1,0.9922,0.9419,0.7495,0.3152,506.0,338.0,602.0,327.5,403.75,703.0,452.5,669.0,96.5725,59.4354,0.6154,0,0,0,0
501,2,1,0,0,0,1,0.9941,0.9155,0.7998,0.2325,480.25,340.5,580.5,322.5,408.0,697.0,424.5,644.5,101.8531,55.0318,0.5403,0,0,0,0
501,2,1,110,0,0,1,0.0959,0.0974,0.0497,0.0367,1077.0,0.0,322.25,0.0,963.0,0.0,331.5,0.0,754.75,631.5,0.8367,1,0,0,0
502,1,0,0,0,0,1,0.9927,0.9224,0.6968,0.2051,479.75,339.0,571.5,322.5,396.5,715.0,427.0,637.0,93.2218,83.7511,0.8984,0,0,0,0
503,2,1,0,0,0,1,0.9932,0.9028,0.7798,0.2285,452.5,343.0,545.0,329.5,391.25,691.0,398.75,650.5,93.4799,41.1886,0.4406,0,0,0,0
503,2,1,111,0,0,1,0.1243,0.1134,0.0539,0.0353,1066.0,0.0,324.0,0.0,955.0,0.0,342.75,0.0,742.0,612.25,0.8251,1,0,0,0
504,1,0,0,0,0,1,0.9956,0.9092,0.8584,0.2339,434.0,341.5,524.0,323.0,387.0,696.5,392.75,657.0,91.8817,39.9163,0.4344,0,0,0,0
505,2,1,0,0,0,1,0.9902,0.8999,0.7256,0.2434,435.5,331.0,522.0,310.5,387.75,699.5,394.0,649.0,88.896,50.8853,0.5724,0,0,0,0
505,2,1,112,0,0,1,0.1174,0.1262,0.0811,0.0618,1084.0,0.0,328.0,0.0,956.0,0.0,312.0,0.0,756.0,644.0,0.8519,1,0,0,0
506,2,1,0,0,0,1,0.9912,0.9126,0.6807,0.2064,403.25,343.0,502.0,323.0,366.0,708.0,372.25,664.0,100.755,44.4417,0.4411,0,0,0,0
506,2,1,112,0,0,1,0.1002,0.1032,0.0836,0.0608,1035.0,0.0,290.25,0.0,969.5,0.0,285.75,0.0,744.75,683.75,0.9181,1,0,0,0
507,2,1,0,0,0,1,0.9907,0.9189,0.6699,0.2197,405.25,335.5,502.25,321.0,365.5,709.0,380.5,673.0,98.0778,39.0,0.3976,0,0,0,0
507,2,1,112,0,0,1,0.0885,0.1144,0.041,0.0382,1090.0,0.0,317.25,0.0,974.0,0.0,323.5,0.0,772.75,650.5,0.8418,1,0,0,0
508,1,0,0,0,0,1,0.9917,0.9238,0.7632,0.2318,373.5,329.0,482.75,319.5,341.25,695.0,371.25,679.0,109.6623,34.0,0.31,0,0,0,0
509,1,0,0,0,1,1,0.9932,0.9302,0.7661,0.282,376.5,340.0,481.0,329.5,353.0,684.0,390.5,654.5,105.0262,47.7127,0.4543,0,0,0,0
510,2,1,0,0,0,1,0.9937,0.9146,0.7256,0.1831,351.0,347.0,472.25,329.0,319.0,703.0,389.25,645.0,122.5788,91.0992,0.7432,0,0,0,0
510,2,1,113,0,0,1,0.061,0.0674,0.0389,0.0353,1028.0,0.0,257.25,0.0,907.0,0.0,297.25,0.0,770.75,609.75,0.7911,1,0,0,0
511,2,1,0,0,0,1,0.9927,0.9033,0.7173,0.1874,352.5,345.0,468.75,326.5,318.0,711.0,374.25,644.0,117.7128,87.4818,0.7432,0,0,0,0
511,2,1,113,0,0,1,0.1003,0.0939,0.0531,0.0436,1011.0,0.0,245.75,0.0,907.5,0.0,335.5,0.0,765.25,572.0,0.7475,1,0,0,0
512,2,1,0,0,0,1,0.9863,0.9229,0.5669,0.2471,308.5,344.0,443.5,319.5,292.75,705.0,394.0,600.5,137.2051,145.5054,1.0605,0,0,0,0
512,2,1,113,0,0,1,0.0741,0.086,0.0353,0.0345,1025.0,0.0,276.5,0.0,910.0,0.0,305.25,0.0,748.5,604.75,0.8079,1,0,0,0
513,2,1,0,0,0,1,0.9868,0.9155,0.5986,0.2462,309.5,354.5,448.5,328.0,284.5,705.0,400.5,602.5,141.5035,154.7974,1.0939,0,0,0,0
513,2,1,113,0,0,1,0.0825,0.0989,0.0331,0.0307,1097.0,0.0,333.75,0.0,930.0,0.0,354.25,0.0,763.25,575.75,0.7543,1,0,0,0
514,2,1,0,0,0,1,0.9834,0.9346,0.5107,0.2681,283.25,357.0,425.5,341.0,247.0,698.0,365.25,612.5,143.147,145.9223,1.0194,0,0,0,0
514,2,1,113,0,0,1,0.079,0.0925,0.0415,0.0398,1107.0,0.0,346.75,0.0,901.0,0.0,392.0,0.0,760.25,509.0,0.6695,1,0,0,0
515,1,0,0,0,0,1,0.9863,0.9199,0.5576,0.235,281.5,359.0,430.0,337.5,248.5,713.5,373.0,615.5,150.0483,158.4432,1.0559,0,0,0,0
516,1,0,0,0,0,1,0.9858,0.9365,0.5171,0.2242,227.25,361.0,411.0,343.0,202.0,705.0,372.25,622.0,184.6295,189.4045,1.0259,0,0,0,0
517,1,0,0,0,0,1,0.9824,0.9727,0.4407,0.365,190.5,371.5,398.75,349.5,175.25,720.0,384.0,660.0,209.4088,217.2017,1.0372,0,0,0,0
518,3,1,0,0,0,1,0.9805,0.9556,0.467,0.2678,185.5,370.5,396.5,349.0,153.625,720.0,396.75,663.0,212.0926,249.7174,1.1774,0,0,0,0
518,3,1,114,1,1,1,0.6909,0.8989,0.5464,0.8091,1204.0,111.5,1000.5,87.0,1163.0,104.0,948.5,46.75,204.9695,222.0086,1.0831,0,0,0,0
518,3,1,115,0,0,1,0.0716,0.0942,0.0327,0.0348,1035.0,0.0,248.0,0.0,797.5,0.0,302.0,0.0,787.0,495.5,0.6296,1,0,0,0
519,1,0,0,1,0,1,0.9907,0.9912,0.5083,0.5664,167.125,353.5,365.0,346.5,121.625,699.5,404.5,666.0,197.9988,284.8517,1.4387,0,0,0,0
520,1,0,0,1,0,1,0.9907,0.9883,0.5283,0.5083,158.875,353.0,367.5,345.5,135.25,694.0,401.5,677.0,208.7598,266.7922,1.278,0,0,0,0
521,2,1,0,1,0,1,0.9937,0.9922,0.5146,0.521,157.75,343.5,350.75,334.5,120.5,707.5,403.0,686.0,193.2097,283.317,1.4664,0,0,0,0
521,2,1,116,0,0,1,0.0859,0.1107,0.0467,0.0461,1082.0,0.0,315.0,0.0,738.5,0.0,354.75,0.0,767.0,383.75,0.5003,1,0,0,0
522,1,0,0,1,0,1,0.9941,0.9932,0.5117,0.5171,147.0,341.0,351.5,341.0,117.3125,705.0,400.75,687.0,204.5,284.0085,1.3888,0,0,0,0
523,2,1,0,1,1,1,0.9951,0.9941,0.5879,0.5732,141.75,335.0,332.5,333.0,111.0625,681.0,402.0,686.5,190.7605,290.9895,1.5254,0,0,0,0
523,2,1,117,0,0,1,0.1061,0.1343,0.0489,0.0482,1092.0,0.0,313.75,0.0,852.0,0.0,365.0,0.0,778.25,487.0,0.6258,1,0,0,0
524,1,0,0,1,1,1,0.9902,0.9946,0.5708,0.709,156.0,320.5,310.5,328.5,119.3125,655.0,395.5,684.0,154.707,277.7058,1.795,0,0,0,0
525,1,0,0,1,1,1,0.9844,0.9951,0.4062,0.6714,151.25,323.5,320.0,330.5,154.0,630.5,389.0,682.0,168.8951,240.5769,1.4244,0,0,0,0
526,2,1,0,0,0,1,0.9692,0.9961,0.3269,0.7769,161.125,327.5,294.5,327.0,256.5,628.5,380.0,698.0,133.3759,141.7127,1.0625,0,0,0,0
526,2,1,118,0,0,1,0.0809,0.1036,0.0437,0.0449,1096.0,0.0,321.25,0.0,881.5,0.0,356.75,0.0,774.75,524.75,0.6773,1,0,0,0
527,2,1,0,0,1,1,0.9604,0.9927,0.2257,0.6128,166.0,321.5,307.75,326.0,270.0,622.5,381.0,689.5,141.8214,129.6534,0.9142,0,0,0,0
527,2,1,118,0,0,1,0.0757,0.0935,0.0381,0.0393,1091.0,0.0,330.25,0.0,897.5,0.0,367.75,0.0,760.75,529.75,0.6964,1,0,0,0
528,2,1,0,0,0,1,0.9443,0.9932,0.2979,0.7847,190.0,326.0,293.25,325.0,307.0,664.5,350.0,707.0,103.2548,60.4587,0.5855,0,0,0,0
528,2,1,118,0,0,1,0.0952,0.1316,0.0393,0.043,1086.0,0.0,317.75,0.0,919.0,0.0,351.0,0.0,768.25,568.0,0.7393,1,0,0,0
529,2,1,0,0,0,1,0.9463,0.9937,0.3254,0.8125,184.625,322.5,289.75,322.0,307.0,648.5,351.0,696.0,105.1262,64.7476,0.6159,0,0,0,0
529,2,1,118,0,0,1,0.0933,0.1168,0.0468,0.0447,1078.0,0.0,312.0,0.0,958.5,0.0,322.75,0.0,766.0,635.75,0.83,1,0,0,0
530,1,0,0,0,0,1,0.9351,0.9917,0.3291,0.7954,204.25,319.5,294.5,324.0,293.25,649.0,333.0,704.0,90.3621,67.8606,0.751,0,0,0,0
531,1,0,0,0,0,1,0.9253,0.9932,0.3076,0.813,214.25,319.0,297.75,326.5,273.75,639.5,317.25,702.5,83.8361,76.5588,0.9132,0,0,0,0
532,2,1,0,0,0,1,0.9233,0.9937,0.2959,0.8076,219.375,322.0,300.0,328.0,273.25,630.0,317.25,701.5,80.8479,83.9539,1.0384,0,0,0,0
532,2,1,119,0,0,1,0.0587,0.086,0.0357,0.0456,1017.0,0.0,242.25,0.0,901.0,0.0,324.0,0.0,774.75,577.0,0.7448,1,0,0,0
533,2,1,0,0,0,1,0.9297,0.9883,0.3245,0.7231,260.25,331.5,300.0,338.0,295.5,644.0,324.5,693.0,40.2779,56.9386,1.4136,0,0,0,0
533,2,1,120,0,0,1,0.1021,0.1172,0.0408,0.0385,1085.0,0.0,352.75,0.0,920.5,0.0,376.75,0.0,732.25,543.75,0.7426,1,0,0,0
534,1,0,0,0,0,1,0.9351,0.9873,0.3301,0.6938,254.0,328.5,299.0,336.0,286.5,660.0,324.0,694.5,45.6207,50.9559,1.1169,0,0,0,0
535,2,1,0,0,0,1,0.9341,0.9902,0.3892,0.8179,290.0,333.0,309.0,328.0,367.0,653.0,339.0,714.5,19.6469,67.574,3.4394,0,0,0,0
535,2,1,121,0,0,1,0.0845,0.1134,0.0389,0.0424,1008.0,0.0,254.0,0.0,927.0,0.0,289.25,0.0,754.0,637.75,0.8458,1,0,0,0
536,2,1,0,1,0,1,0.9141,0.9868,0.4004,0.8003,281.5,334.0,312.75,335.0,346.25,654.5,333.0,713.0,31.266,59.9818,1.9184,0,0,0,0
536,2,1,121,0,0,1,0.1056,0.1299,0.05,0.0534,1010.0,0.0,249.75,0.0,958.0,0.0,304.5,0.0,760.25,653.5,0.8596,1,0,0,0
537,3,1,0,1,0,1,0.9302,0.9932,0.4292,0.8608,305.5,339.0,329.75,339.5,387.5,611.0,357.5,715.0,24.2552,108.2405,4.4626,0,0,0,0
537,3,1,122,1,1,1,0.5659,0.8799,0.5684,0.8672,1203.0,101.75,1014.0,98.0,1164.0,80.0,983.0,66.75,189.0372,181.4843,0.96,0,0,0,0
537,3,1,121,0,0,1,0.1108,0.1169,0.0496,0.0419,1091.0,0.0,322.5,0.0,971.0,0.0,340.5,0.0,768.5,630.5,0.8204,1,0,0,0
538,2,1,0,1,0,1,0.9106,0.9912,0.4153,0.8628,315.25,333.0,330.75,338.0,386.75,619.0,355.5,714.5,16.2865,100.4829,6.1697,0,0,0,0
538,2,1,121,0,0,1,0.0974,0.1113,0.0457,0.0424,1094.0,0.0,308.25,0.0,954.0,0.0,314.25,0.0,785.75,639.75,0.8142,1,0,0,0
539,2,1,0,0,1,1,0.8984,0.9888,0.3181,0.8091,334.75,323.5,355.75,325.5,408.25,630.0,405.25,675.0,21.095,45.0999,2.1379,0,0,0,0
539,2,1,121,0,0,1,0.0694,0.0868,0.0415,0.0408,1092.0,0.0,332.0,0.0,953.0,0.0,311.0,0.0,760.0,642.0,0.8447,1,0,0,0
540,2,1,0,0,1,1,0.8804,0.9888,0.3005,0.8169,336.0,322.0,353.0,331.5,407.5,630.0,390.5,674.0,19.4743,47.1699,2.4222,0,0,0,0
540,2,1,121,0,0,1,0.0659,0.0825,0.0401,0.0362,1108.0,0.0,310.25,0.0,959.0,0.0,320.75,0.0,797.75,638.25,0.8001,1,0,0,0
541,2,1,0,0,1,1,0.8921,0.9878,0.2737,0.7783,362.5,329.0,374.5,332.0,427.5,634.0,426.25,677.0,12.3693,43.0182,3.4778,0,0,0,0
541,2,1,123,0,0,1,0.1204,0.1232,0.0586,0.0495,999.0,0.0,245.75,0.0,977.5,0.0,321.0,0.0,753.25,656.5,0.8716,1,0,0,0
542,2,1,0,1,0,1,0.9243,0.9902,0.4883,0.8843,402.0,328.5,406.0,335.5,464.75,638.0,474.75,694.0,8.0623,56.8859,7.0558,0,0,0,0
542,2,1,123,0,0,1,0.1479,0.1212,0.1169,0.071,989.0,0.0,275.5,0.0,976.0,0.0,364.5,0.0,713.5,611.5,0.857,1,0,0,0
543,2,1,0,1,0,1,0.9214,0.9897,0.5029,0.8833,403.75,326.0,407.0,334.0,465.25,621.0,482.5,694.0,8.635,75.0104,8.6868,0,0,0,0
543,2,1,123,0,0,1,0.1142,0.1266,0.054,0.0427,1083.0,0.0,300.75,0.0,938.0,0.0,322.75,0.0,782.25,615.25,0.7865,1,0,0,0
544,2,1,0,1,1,1,0.9307,0.9927,0.4529,0.8882,427.75,332.0,439.0,338.5,510.5,632.5,522.0,681.5,12.9928,50.3314,3.8738,0,0,0,0
544,2,1,123,0,0,1,0.1146,0.1126,0.059,0.0389,1053.0,0.0,305.75,0.0,952.0,0.0,290.25,0.0,747.25,661.75,0.8856,1,0,0,0
545,2,1,0,1,0,1,0.9258,0.9922,0.4485,0.8882,432.25,327.0,436.0,333.5,512.0,632.0,529.0,691.5,7.5042,61.8809,8.2462,0,0,0,0
545,2,1,123,0,0,1,0.1032,0.1028,0.0624,0.0449,1078.0,0.0,332.75,0.0,954.0,0.0,341.5,0.0,745.25,612.5,0.8219,1,0,0,0
546,3,1,0,1,1,1,0.9004,0.9854,0.52,0.8789,448.0,329.5,473.25,332.5,530.5,621.5,551.5,646.0,25.4276,32.2684,1.269,0,0,0,0
546,3,1,124,0,0,1,0.0885,0.1113,0.0464,0.0512,1004.0,0.0,236.75,0.0,1004.0,0.0,302.0,0.0,767.25,702.0,0.915,1,0,0,0
546,3,1,125,1,1,1,0.6812,0.8584,0.6382,0.8247,1190.0,110.0,987.5,102.5,1151.0,84.75,975.0,48.75,202.6388,179.6441,0.8865,1,0,0,0
547,2,1,0,1,1,1,0.8975,0.9849,0.4988,0.874,444.5,330.5,472.5,329.5,528.5,631.0,552.0,646.0,28.0179,27.8792,0.9951,0,0,0,0
547,2,1,124,0,0,1,0.1232,0.1116,0.0654,0.0441,1053.0,0.0,307.75,0.0,972.0,0.0,309.5,0.0,745.25,662.5,0.889,1,0,0,0
548,2,1,0,1,1,1,0.9302,0.9907,0.4426,0.8784,471.25,323.5,491.5,326.5,587.5,630.5,594.0,646.5,20.471,17.2699,0.8436,0,0,0,0
548,2,1,124,0,0,1,0.1067,0.0969,0.0525,0.0356,1054.0,0.0,297.5,0.0,982.0,0.0,297.0,0.0,756.5,685.0,0.9055,1,0,0,0
549,2,1,0,0,1,1,0.9141,0.9897,0.3945,0.8638,474.5,323.5,492.5,327.0,579.0,630.0,593.0,646.0,18.3371,21.2603,1.1594,0,0,0,0
549,2,1,124,0,0,1,0.0959,0.1161,0.0529,0.0472,1084.0,0.0,282.5,0.0,979.5,0.0,303.0,0.0,801.5,676.5,0.844,1,0,0,0
550,2,1,0,0,1,1,0.8975,0.9849,0.3809,0.8325,489.5,335.0,523.5,343.0,594.5,621.0,636.5,661.0,34.9285,58.0,1.6605,0,0,0,0
550,2,1,124,0,0,1,0.0962,0.1144,0.0429,0.0408,1064.0,0.0,314.0,0.0,967.0,0.0,345.25,0.0,750.0,621.75,0.829,1,0,0,0
551,2,1,0,0,1,1,0.9014,0.9854,0.3889,0.8408,492.0,328.0,526.0,330.0,603.5,627.0,638.0,652.5,34.0588,42.901,1.2596,0,0,0,0
551,2,1,124,0,0,1,0.0983,0.1245,0.0367,0.0372,1084.0,0.0,320.25,0.0,938.0,0.0,329.75,0.0,763.75,608.25,0.7964,1,0,0,0
552,2,1,0,0,1,1,0.9155,0.9902,0.3396,0.8296,526.0,336.5,556.5,340.5,638.5,621.5,673.0,656.5,30.7612,49.1452,1.5976,0,0,0,0
552,2,1,124,0,0,1,0.1272,0.1459,0.0491,0.0465,1078.0,0.0,312.25,0.0,1000.5,0.0,331.75,0.0,765.75,668.75,0.8733,1,0,0,0
553,2,1,0,1,1,1,0.8984,0.979,0.447,0.8306,580.0,340.0,578.0,344.5,663.5,622.0,690.0,659.0,4.9244,45.511,9.2419,0,0,0,0
553,2,1,124,0,0,1,0.1014,0.1268,0.0422,0.0409,1076.0,0.0,301.75,0.0,924.0,0.0,286.5,0.0,774.25,637.5,0.8234,1,0,0,0
554,1,0,0,1,1,1,0.9019,0.979,0.4626,0.834,582.0,338.0,580.5,341.5,662.0,621.5,689.5,649.5,3.8079,39.246,10.3065,0,0,0,0
555,2,1,0,1,1,1,0.9277,0.9912,0.4805,0.8809,618.5,349.0,616.5,350.5,688.5,627.5,715.0,671.0,2.5,50.9362,20.3745,0,0,0,0
555,2,1,126,0,0,1,0.1078,0.122,0.0442,0.0378,1078.0,0.0,328.5,0.0,920.0,0.0,366.0,0.0,749.5,554.0,0.7392,1,0,0,0
556,2,1,0,1,1,1,0.939,0.9878,0.5195,0.8569,621.0,344.0,618.5,348.0,683.0,634.0,716.0,661.0,4.717,42.638,9.0392,0,0,0,0
556,2,1,127,0,0,1,0.0778,0.1161,0.0384,0.0489,1010.0,0.0,216.75,0.0,932.0,0.0,362.25,0.0,793.25,569.75,0.7182,1,0,0,0
557,2,1,0,1,1,1,0.9048,0.9839,0.4746,0.8525,643.0,350.5,653.0,356.0,711.5,634.5,737.0,668.0,11.4127,42.1011,3.689,0,0,0,0
557,2,1,128,0,0,1,0.0896,0.1052,0.0352,0.031,1094.0,0.0,305.5,0.0,941.0,0.0,362.25,0.0,788.5,578.75,0.734,1,0,0,0
558,1,0,0,0,1,1,0.915,0.9888,0.3889,0.8491,650.0,349.0,639.5,354.0,721.0,634.5,738.0,658.5,11.6297,29.4109,2.5289,0,0,0,0
559,2,1,0,1,1,1,0.9312,0.9922,0.4995,0.9014,681.0,353.0,683.0,359.5,759.5,650.5,755.5,682.0,6.8007,31.753,4.669,0,0,0,0
559,2,1,129,0,0,1,0.1224,0.1455,0.0463,0.0471,1063.0,0.0,306.5,0.0,918.0,0.0,362.25,0.0,756.5,555.75,0.7346,1,0,0,0
560,2,1,0,0,0,1,0.8594,0.9883,0.3333,0.8608,693.5,344.5,718.0,353.0,753.0,650.0,780.5,704.0,25.9326,60.5991,2.3368,0,0,0,0
560,2,1,129,0,0,1,0.105,0.139,0.0433,0.0458,1089.0,0.0,306.5,0.0,967.0,0.0,333.0,0.0,782.5,634.0,0.8102,1,0,0,0
561,2,1,0,0,0,1,0.8735,0.9834,0.373,0.8359,698.0,341.0,716.0,354.0,763.0,657.5,775.0,695.0,22.2036,39.3732,1.7733,0,0,0,0
561,2,1,129,0,0,1,0.0882,0.1007,0.0395,0.0383,1034.0,0.0,259.5,0.0,934.0,0.0,333.5,0.0,774.5,600.5,0.7753,1,0,0,0
562,2,1,0,0,1,1,0.8706,0.9858,0.3521,0.8457,736.0,333.5,757.5,341.0,796.5,666.5,785.5,689.0,22.7706,25.045,1.0999,0,0,0,0
562,2,1,129,0,0,1,0.1084,0.1242,0.0465,0.0417,1076.0,0.0,295.75,0.0,959.0,0.0,308.0,0.0,780.25,651.0,0.8343,1,0,0,0
563,2,1,0,0,1,1,0.8647,0.9795,0.3877,0.8252,744.5,333.0,756.0,342.5,789.5,666.0,792.5,688.0,14.9164,22.2036,1.4885,0,0,0,0
563,2,1,129,0,0,1,0.0824,0.1017,0.0422,0.0438,1084.0,0.0,311.25,0.0,947.0,0.0,359.25,0.0,772.75,587.75,0.7606,1,0,0,0
564,2,1,0,0,0,1,0.853,0.9819,0.3562,0.833,774.5,332.5,781.5,337.0,826.0,665.5,814.5,701.0,8.3217,37.3162,4.4842,0,0,0,0
564,2,1,129,0,0,1,0.071,0.1095,0.0453,0.057,1040.0,0.0,250.25,0.0,878.0,0.0,346.25,0.0,789.75,531.75,0.6733,1,0,0,0
565,1,0,0,0,0,1,0.8208,0.9863,0.3176,0.8682,775.0,338.0,780.5,345.0,833.0,669.0,811.0,710.0,8.9022,46.5296,5.2267,0,0,0,0
566,1,0,0,0,0,1,0.8789,0.981,0.3708,0.8076,816.5,331.0,809.5,339.0,845.5,666.0,829.5,694.0,10.6301,32.249,3.0337,0,0,0,0
567,1,0,0,1,0,1,0.9004,0.9868,0.4143,0.8472,850.0,329.5,835.0,344.0,895.5,639.5,860.0,696.0,20.8626,66.7271,3.1984,0,0,0,0
568,2,1,0,0,0,1,0.8916,0.9912,0.3767,0.8799,834.5,334.5,836.5,344.5,886.0,650.5,852.5,706.0,10.198,64.8267,6.3568,0,0,0,0
568,2,1,130,0,0,1,0.0953,0.1558,0.0319,0.0424,1082.0,0.0,304.25,0.0,950.0,0.0,376.75,0.0,777.75,573.25,0.7371,1,0,0,0
569,1,0,0,1,1,1,0.894,0.9805,0.4724,0.8486,860.5,335.5,872.5,346.0,937.5,609.0,875.0,670.0,15.9452,87.3341,5.4771,0,0,0,0
570,1,0,0,0,1,1,0.9048,0.9897,0.3508,0.8457,864.5,331.5,862.5,344.0,928.0,643.0,886.0,683.0,12.659,58.0,4.5817,0,0,0,0
571,1,0,0,1,1,1,0.9321,0.9834,0.6836,0.9092,912.0,346.5,893.0,352.0,1025.0,581.0,909.5,684.0,19.78,154.7555,7.8238,0,0,0,0
572,1,0,0,1,0,1,0.9492,0.9907,0.6157,0.894,912.0,347.5,885.0,351.0,1016.0,564.0,901.5,690.5,27.2259,170.6239,6.267,0,0,0,0
573,1,0,0,1,0,1,0.9482,0.9854,0.6763,0.8809,931.0,348.0,922.5,354.0,1055.0,583.0,943.0,708.0,10.4043,167.8362,16.1314,0,0,0,0
574,1,0,0,1,0,1,0.9473,0.9839,0.6943,0.8828,929.0,335.5,922.5,345.0,1056.0,582.0,943.0,708.0,11.5109,169.2483,14.7034,0,0,0,0
575,1,0,0,1,0,1,0.9395,0.9795,0.627,0.832,956.5,345.0,958.0,355.0,1069.0,583.5,982.0,713.0,10.1119,156.0104,15.4284,0,0,0,0
576,1,0,0,1,0,1,0.9487,0.9873,0.5044,0.7998,969.0,348.5,978.5,360.0,1080.0,593.0,1054.0,701.5,14.9164,111.5717,7.4798,0,0,0,0
577,1,0,0,1,0,1,0.9351,0.9863,0.4761,0.8135,968.5,347.0,987.0,355.5,1080.0,593.0,1055.0,693.0,20.3593,103.0776,5.0629,0,0,0,0
578,2,1,0,1,1,1,0.9233,0.9834,0.4031,0.7876,1003.0,353.0,1020.5,363.5,1109.0,631.0,1108.0,684.0,20.4083,53.0094,2.5974,0,0,0,0
578,2,1,131,0,0,1,0.0725,0.1027,0.0373,0.0456,1002.0,0.0,257.75,0.0,956.0,0.0,290.75,0.0,744.25,665.25,0.8939,1,0,0,0
579,1,0,0,0,1,1,0.9077,0.9814,0.377,0.7832,1005.5,354.0,1019.5,366.0,1108.0,630.5,1099.0,683.0,18.4391,53.2658,2.8887,0,0,0,0
580,2,1,0,0,0,1,0.916,0.9883,0.2756,0.7612,1011.0,357.0,1069.0,361.0,1085.0,671.0,1163.0,711.0,58.1378,87.6584,1.5078,0,0,0,0
580,2,1,132,0,0,1,0.0781,0.1105,0.0311,0.0393,1011.0,0.0,275.0,0.0,886.0,0.0,298.75,0.0,736.0,587.25,0.7979,1,0,0,0
581,1,0,0,0,0,1,0.9248,0.9893,0.3386,0.7876,1009.0,356.0,1069.0,366.0,1083.0,643.0,1156.0,699.5,60.8276,92.3106,1.5176,0,0,0,0
582,1,0,0,1,1,1,0.9106,0.9805,0.4136,0.8174,1040.0,345.5,1111.0,357.0,1184.0,643.0,1218.0,681.0,71.9253,50.9902,0.7089,0,0,0,0
583,1,0,0,1,1,1,0.9053,0.9785,0.4099,0.8164,1036.0,345.0,1115.0,354.5,1183.0,642.5,1212.0,671.0,79.5692,40.6602,0.511,0,0,0,0
584,1,0,0,0,0,1,0.9482,0.9897,0.2462,0.6504,1043.0,344.5,1146.0,357.0,1156.0,635.0,1278.0,678.0,103.7557,129.3561,1.2467,0,0,0,0
585,1,0,0,0,0,1,0.9453,0.9883,0.2487,0.644,1046.0,348.5,1144.0,357.5,1162.0,643.5,1273.0,668.0,98.4124,113.6717,1.1551,0,0,0,0
586,1,0,0,1,0,1,0.981,0.9873,0.5479,0.6743,1066.0,334.0,1185.0,347.5,1071.0,608.5,1280.0,648.0,119.7633,212.6999,1.776,0,0,0,0
587,1,0,0,1,0,1,0.9805,0.9863,0.5825,0.6885,1067.0,333.0,1184.0,348.5,1071.0,605.0,1280.0,647.5,118.0222,213.2774,1.8071,0,0,0,0
588,1,0,0,1,0,1,0.9893,0.9829,0.6328,0.5308,1081.0,343.5,1228.0,350.0,1053.0,629.0,1262.0,621.0,147.1436,209.1531,1.4214,0,0,0,0
589,1,0,0,0,0,1,0.9912,0.9512,0.6948,0.2974,1076.0,342.0,1252.0,344.0,1045.0,639.5,1224.0,593.0,176.0114,184.9412,1.0507,0,0,0,0
590,1,0,0,0,0,1,0.9927,0.9551,0.7275,0.2925,1080.0,339.0,1255.0,345.5,1046.0,640.5,1238.0,604.0,175.1207,195.4386,1.116,0,0,0,0
591,1,0,0,0,0,1,0.9917,0.9204,0.8037,0.2285,1086.0,351.0,1280.0,356.0,1041.0,622.0,1224.0,604.5,194.0644,183.8348,0.9473,0,0,0,0
592,1,0,0,0,0,1,0.9912,0.894,0.7573,0.1738,1082.0,341.5,1275.0,345.0,1042.0,628.5,1213.0,602.0,193.0317,173.0412,0.8964,0,0,0,0
593,1,0,0,0,0,1,0.9937,0.8428,0.8237,0.1272,1098.0,345.0,1280.0,341.0,1047.0,641.0,1185.0,594.5,182.044,145.6237,0.7999,0,0,0,0
594,1,0,0,0,0,1,0.9941,0.8667,0.8276,0.1351,1100.0,343.0,1280.0,339.5,1047.0,640.5,1203.0,596.0,180.034,162.2228,0.9011,0,0,0,0
595,1,0,0,0,0,1,0.9937,0.8164,0.8105,0.1032,1115.0,342.0,1280.0,338.5,1053.0,639.0,1184.0,595.0,165.0371,138.1919,0.8373,0,0,0,0
596,2,1,0,0,0,1,0.9883,0.8262,0.7446,0.1659,1128.0,339.0,1273.0,338.0,1068.0,642.5,1191.0,595.0,145.0034,131.8531,0.9093,0,0,0,0
596,2,1,133,0,0,1,0.0662,0.1003,0.0396,0.0506,1043.0,0.0,334.75,0.0,882.5,0.0,381.0,0.0,708.25,501.5,0.7081,1,0,0,0
597,1,0,0,0,0,1,0.9873,0.8159,0.7471,0.1632,1133.0,345.5,1274.0,344.5,1066.0,643.0,1190.0,603.5,141.0035,130.1393,0.923,0,0,0,0
598,2,1,0,0,0,1,0.9956,0.8818,0.8325,0.1475,1119.0,343.0,1275.0,336.0,1061.0,644.5,1182.0,595.0,156.157,130.7335,0.8372,0,0,0,0
598,2,1,134,0,0,1,0.0618,0.075,0.0405,0.0376,1043.0,0.0,351.75,0.0,928.0,0.0,339.25,0.0,691.25,588.75,0.8517,1,0,0,0
599,1,0,0,0,0,1,0.9873,0.8228,0.7324,0.1718,1128.0,328.5,1274.0,325.5,1069.0,629.5,1195.0,587.0,146.0308,132.9746,0.9106,0,0,0,0
600,1,0,0,0,0,1,0.9868,0.8721,0.7397,0.2537,1124.0,336.0,1261.0,332.5,1071.0,630.0,1214.0,588.0,137.0447,149.0403,1.0875,0,0,0,0
601,1,0,0,0,0,1,0.9956,0.9048,0.8379,0.1943,1116.0,350.0,1270.0,337.5,1062.0,662.0,1201.0,598.0,154.5065,153.0261,0.9904,0,0,0,0
602,1,0,0,0,0,1,0.9902,0.8926,0.8145,0.3223,1126.0,341.0,1253.0,334.0,1068.0,649.5,1202.0,577.5,127.1928,152.1184,1.196,0,0,0,0
603,1,0,0,1,1,1,0.9912,0.9297,0.8042,0.4089,1119.0,344.0,1231.0,333.5,1056.0,637.0,1216.0,586.0,112.4911,167.9315,1.4928,0,0,0,0
604,1,0,0,0,1,1,0.9966,0.9438,0.8804,0.3491,1109.0,344.5,1230.0,339.0,1059.0,653.5,1213.0,605.5,121.1249,161.3072,1.3317,0,0,0,0
605,1,0,0,0,1,1,0.9971,0.9185,0.9253,0.2815,1097.0,354.0,1212.0,341.5,1043.0,651.0,1092.0,603.0,115.6774,68.593,0.593,0,0,0,0
606,1,0,0,0,1,1,0.9971,0.9229,0.9097,0.3108,1097.0,353.0,1211.0,342.5,1043.0,651.0,1122.0,596.5,114.4825,95.9753,0.8383,0,0,0,0
607,2,1,0,0,1,1,0.9976,0.9185,0.918,0.2717,1094.0,354.0,1192.0,340.0,1029.0,651.0,1071.0,581.0,98.9949,81.6333,0.8246,0,0,0,0
607,2,1,135,0,0,1,0.0891,0.1063,0.0569,0.059,973.0,0.0,283.5,0.0,747.0,0.0,325.0,0.0,689.5,422.0,0.612,1,0,0,0
608,2,1,0,0,1,1,0.9976,0.9209,0.9141,0.2629,1095.0,354.5,1192.0,341.0,1029.0,660.0,1069.0,591.0,97.9349,79.7559,0.8144,0,0,0,0
608,2,1,135,0,0,1,0.0588,0.0839,0.0348,0.0424,980.0,0.0,266.25,0.0,893.5,0.0,262.25,0.0,713.75,631.25,0.8844,1,0,0,0
609,1,0,0,0,1,1,0.9956,0.9355,0.8945,0.397,1082.0,350.0,1168.0,338.0,1018.0,629.0,1064.0,587.0,86.8332,62.2896,0.7173,0,0,0,0
610,1,0,0,0,1,1,0.9961,0.9331,0.8936,0.3733,1084.0,350.0,1169.0,341.0,1017.0,637.5,1063.0,588.0,85.4751,67.574,0.7906,0,0,0,0
611,1,0,0,0,1,1,0.9976,0.896,0.9424,0.2866,1063.0,353.5,1150.0,340.5,981.5,623.0,1032.0,573.5,87.9659,70.7142,0.8039,0,0,0,0
612,1,0,0,0,1,1,0.9976,0.9082,0.9331,0.2612,1069.0,354.5,1150.0,335.0,983.5,621.5,1045.0,573.5,83.3142,78.0144,0.9364,0,0,0,0
613,1,0,0,0,1,1,0.9946,0.8994,0.9272,0.3306,1051.0,353.0,1139.0,341.0,964.5,603.5,998.0,587.0,88.8144,37.343,0.4205,0,0,0,0
614,1,0,0,0,1,1,0.9907,0.8926,0.8511,0.3059,1038.0,350.0,1115.0,338.5,950.5,579.0,1028.0,560.0,77.854,79.795,1.0249,0,0,0,0
615,1,0,0,0,1,1,0.9966,0.897,0.9312,0.343,1040.0,356.5,1110.0,340.0,946.0,568.5,1069.0,580.0,71.9184,123.5364,1.7177,0,0,0,0
616,1,0,0,0,1,1,0.9976,0.8975,0.9565,0.3303,1028.0,358.0,1080.0,344.5,908.0,578.5,965.5,571.5,53.7238,57.9245,1.0782,0,0,0,0
617,1,0,0,0,1,1,0.9971,0.9028,0.9507,0.3408,1022.5,356.5,1080.0,342.0,911.0,578.0,956.0,561.5,59.3001,47.9296,0.8083,0,0,0,0
618,1,0,0,1,1,1,0.9951,0.9258,0.9277,0.4058,1000.5,358.0,1060.0,344.0,893.5,576.5,951.5,560.0,61.1249,60.3013,0.9865,0,0,0,0
619,1,0,0,1,1,1,0.9946,0.9185,0.9229,0.4001,998.5,350.0,1061.0,338.5,892.5,575.0,946.0,550.0,63.5492,59.0529,0.9292,0,0,0,0
620,1,0,0,0,1,1,0.9971,0.8931,0.9512,0.323,988.0,358.0,1033.0,347.5,869.5,585.5,918.0,565.0,46.2088,52.6545,1.1395,0,0,0,0
621,1,0,0,0,1,1,0.9971,0.8677,0.9565,0.3044,986.5,356.0,1031.0,347.0,870.0,577.0,927.0,556.0,45.401,60.7454,1.338,0,0,0,0
622,1,0,0,0,1,1,0.9976,0.854,0.9585,0.2681,961.5,359.0,1010.0,348.5,865.5,577.5,904.0,554.0,49.6236,45.1054,0.909,0,0,0,0
623,1,0,0,0,1,1,0.998,0.8105,0.9731,0.2578,959.0,368.0,1013.5,356.5,872.0,575.5,920.5,551.0,55.7001,54.3369,0.9755,0,0,0,0
624,1,0,0,0,1,1,0.9976,0.8545,0.9575,0.2466,937.5,365.5,981.5,351.0,850.5,606.0,895.0,570.5,46.3276,56.9254,1.2288,0,0,0,0
625,1,0,0,0,1,1,0.9897,0.8267,0.8613,0.2437,918.5,361.5,950.5,351.0,839.0,605.0,870.5,575.0,33.6786,43.5,1.2916,0,0,0,0
626,1,0,0,0,1,1,0.9897,0.7949,0.8657,0.2043,917.0,365.5,945.0,358.0,838.0,606.5,862.0,583.5,28.9871,33.2415,1.1468,0,0,0,0
627,1,0,0,0,1,1,0.9883,0.729,0.8623,0.1917,895.0,357.5,915.0,346.0,852.0,607.0,846.5,570.5,23.0705,36.9121,1.6,0,0,0,0
628,2,1,0,0,1,1,0.9873,0.7407,0.8486,0.2047,896.0,349.0,911.5,338.0,852.0,607.0,847.5,570.5,19.0066,36.7764,1.9349,0,0,0,0
628,2,1,136,0,0,1,0.0745,0.1084,0.0418,0.0489,1017.0,0.0,246.75,0.0,925.0,0.0,266.25,0.0,770.25,658.75,0.8552,1,0,0,0
629,2,1,0,0,1,1,0.9946,0.8267,0.9146,0.2325,875.0,352.0,891.5,341.0,852.0,605.0,847.5,578.0,19.8305,27.3724,1.3803,0,0,0,0
629,2,1,136,0,0,1,0.0869,0.1449,0.038,0.0531,999.5,0.0,259.75,0.0,898.0,0.0,305.75,0.0,739.75,592.25,0.8006,1,0,0,0
630,1,0,0,0,1,1,0.9956,0.8506,0.9165,0.2477,874.0,352.0,889.0,339.5,844.0,605.5,847.0,578.0,19.5256,27.6632,1.4168,0,0,0,0
631,2,1,0,0,1,1,0.9902,0.7651,0.8774,0.2173,851.5,344.5,858.0,332.0,841.0,605.0,835.0,574.5,14.089,31.0846,2.2063,0,0,0,0
631,2,1,137,0,0,1,0.0874,0.1049,0.0366,0.0357,1079.0,0.0,328.5,0.0,917.0,0.0,348.75,0.0,750.5,568.25,0.7572,1,0,0,0
632,1,0,0,0,1,1,0.9893,0.7778,0.8892,0.2683,836.0,348.5,834.0,333.0,829.0,606.0,777.0,568.0,15.6285,64.405,4.121,0,0,0,0
633,1,0,0,0,1,1,0.9888,0.7314,0.8828,0.229,835.0,344.5,831.0,333.0,829.0,607.0,776.5,576.5,12.1758,60.7166,4.9867,0,0,0,0
634,2,1,0,0,1,1,0.9941,0.8354,0.9229,0.2668,820.0,349.0,798.5,338.0,830.0,609.0,752.5,581.5,24.1506,82.2344,3.4051,0,0,0,0
634,2,1,138,0,0,1,0.093,0.1126,0.0432,0.0444,1082.0,0.0,328.25,0.0,916.5,0.0,336.25,0.0,753.75,580.25,0.7698,1,0,0,0
635,1,0,0,0,1,1,0.9917,0.8345,0.8779,0.2383,823.5,354.0,801.5,344.0,824.5,611.5,768.0,593.0,24.1661,59.4517,2.4601,0,0,0,0
636,1,0,0,1,1,1,0.9956,0.8921,0.9556,0.4607,792.5,357.0,777.5,340.0,805.0,614.5,713.0,530.5,22.6716,124.5793,5.495,0,0,0,0
637,2,1,0,1,1,1,0.9956,0.9033,0.9497,0.4568,792.5,353.5,775.5,336.0,805.0,622.5,704.0,530.0,24.3977,136.9571,5.6135,0,0,0,0
637,2,1,139,0,0,1,0.0885,0.1322,0.0435,0.0559,1017.0,0.0,270.0,0.0,880.0,0.0,303.0,0.0,747.0,577.0,0.7724,1,0,0,0
638,1,0,0,1,1,1,0.9893,0.917,0.9507,0.6367,769.5,354.5,751.5,345.5,789.5,605.5,682.0,535.0,20.1246,128.5554,6.388,0,0,0,0
639,2,1,0,1,1,1,0.9966,0.9004,0.9536,0.4351,749.0,347.0,726.5,339.5,764.5,620.0,658.5,516.0,23.7171,148.4992,6.2613,0,0,0,0
639,2,1,140,0,0,1,0.0666,0.0925,0.0344,0.0366,1114.0,0.0,347.25,0.0,929.0,0.0,313.25,0.0,766.75,615.75,0.8031,1,0,0,0
640,2,1,0,1,1,1,0.9966,0.8813,0.9595,0.4182,746.0,352.0,734.0,344.0,763.5,621.0,667.5,527.0,14.4222,134.3577,9.316,0,0,0,0
640,2,1,140,0,0,1,0.0655,0.0802,0.0348,0.032,1088.0,0.0,314.5,0.0,908.0,0.0,320.0,0.0,773.5,588.0,0.7602,1,0,0,0
641,1,0,0,1,1,1,0.9966,0.8931,0.9595,0.448,721.5,359.5,703.0,341.5,734.0,631.5,633.0,540.5,25.8118,135.9485,5.2669,0,0,0,0
642,2,1,0,1,1,1,0.9951,0.8789,0.958,0.4697,722.0,354.0,702.5,336.0,735.0,623.0,649.0,540.5,26.5377,119.1732,4.4907,0,0,0,0
642,2,1,141,0,0,1,0.0837,0.0959,0.045,0.0403,1088.0,0.0,321.0,0.0,916.0,0.0,345.25,0.0,767.0,570.75,0.7441,1,0,0,0
643,2,1,0,0,1,1,0.9961,0.876,0.9463,0.3962,691.0,366.0,687.0,353.0,693.0,641.0,625.0,559.0,13.6015,106.527,7.832,0,0,0,0
643,2,1,141,0,0,1,0.1021,0.124,0.0439,0.0422,1105.0,0.0,313.75,0.0,923.5,0.0,308.25,0.0,791.25,615.25,0.7776,1,0,0,0
644,2,1,0,0,1,1,0.9961,0.8672,0.9517,0.396,688.5,368.5,687.5,353.0,693.5,632.0,624.5,559.0,15.5322,100.449,6.4671,0,0,0,0
644,2,1,141,0,0,1,0.0983,0.1115,0.0408,0.0361,1079.0,0.0,309.5,0.0,907.0,0.0,310.5,0.0,769.5,596.5,0.7752,1,0,0,0
645,2,1,0,0,1,1,0.9868,0.7949,0.8237,0.2101,657.0,357.5,651.5,342.5,666.0,651.5,620.5,609.0,15.9765,62.2615,3.8971,0,0,0,0
645,2,1,141,0,0,1,0.1005,0.1052,0.0446,0.0385,1081.0,0.0,347.25,0.0,894.5,0.0,363.5,0.0,733.75,531.0,0.7237,1,0,0,0
646,1,0,0,0,1,1,0.9834,0.7598,0.7891,0.1776,661.0,363.0,657.0,349.0,667.5,660.0,633.5,630.0,14.5602,45.3431,3.1142,0,0,0,0
647,1,0,0,0,1,1,0.9829,0.6743,0.8872,0.2133,626.0,376.0,630.5,352.5,605.5,643.0,574.0,592.0,23.927,59.9437,2.5053,0,0,0,0
648,1,0,0,0,1,1,0.9785,0.6772,0.7881,0.1559,634.0,364.5,624.0,347.5,612.5,647.0,566.0,602.0,19.7231,64.709,3.2809,0,0,0,0
649,1,0,0,0,1,1,0.979,0.7212,0.8091,0.1807,603.0,357.0,600.5,344.0,562.5,632.0,536.0,598.0,13.2382,43.1074,3.2563,0,0,0,0
650,2,1,0,0,1,1,0.9819,0.6797,0.813,0.1729,581.5,350.0,585.0,335.5,516.5,614.0,495.25,546.5,14.9164,70.7659,4.7442,0,0,0,0
650,2,1,142,0,0,1,0.0644,0.0882,0.0322,0.0379,1029.0,0.0,258.25,0.0,940.0,0.0,324.0,0.0,770.75,616.0,0.7992,1,0,0,0
651,2,1,0,0,1,1,0.9785,0.7119,0.7876,0.1812,579.0,347.0,585.0,331.0,509.75,620.0,510.75,556.5,17.088,63.5079,3.7165,0,0,0,0
651,2,1,142,0,0,1,0.093,0.1,0.0741,0.0573,1100.0,0.0,322.25,0.0,951.0,0.0,301.0,0.0,777.75,650.0,0.8357,1,0,0,0
652,1,0,0,0,1,1,0.9854,0.6025,0.834,0.1154,549.5,347.0,566.5,330.5,482.0,570.0,496.25,533.0,23.6907,39.6492,1.6736,0,0,0,0
653,1,0,0,0,1,1,0.9839,0.5518,0.8301,0.1,549.0,348.5,565.0,331.0,482.0,570.0,488.0,532.0,23.7118,38.4708,1.6224,0,0,0,0
654,2,1,0,0,1,1,0.9893,0.8667,0.8521,0.2954,520.5,344.5,560.0,332.5,449.25,558.0,471.0,513.5,41.2826,49.5309,1.1998,0,0,0,0
654,2,1,143,0,0,1,0.0983,0.1,0.0473,0.0354,1100.0,0.0,297.75,0.0,938.0,0.0,326.5,0.0,802.25,611.5,0.7622,1,0,0,0
655,2,1,0,0,1,1,0.9897,0.8516,0.8403,0.2483,517.5,342.5,552.0,331.0,451.25,558.0,463.75,512.0,36.3662,47.6681,1.3108,0,0,0,0
655,2,1,143,0,0,1,0.1099,0.1011,0.0518,0.0352,1086.0,0.0,293.5,0.0,955.5,0.0,311.75,0.0,792.5,643.75,0.8123,1,0,0,0
656,2,1,0,0,1,1,0.9976,0.8818,0.96,0.3152,493.5,342.5,560.5,330.0,396.5,554.5,492.0,533.0,68.1561,97.8902,1.4363,0,0,0,0
656,2,1,143,0,0,1,0.0955,0.0876,0.065,0.0444,1090.0,0.0,313.75,0.0,955.0,0.0,311.0,0.0,776.25,644.0,0.8296,1,0,0,0
657,2,1,0,0,1,1,0.9976,0.8774,0.9595,0.2974,491.75,342.5,558.0,329.0,395.5,553.5,467.25,522.0,67.6115,78.3601,1.159,0,0,0,0
657,2,1,143,0,0,1,0.0785,0.0745,0.0478,0.0333,1093.0,0.0,306.5,0.0,918.0,0.0,309.75,0.0,786.5,608.25,0.7734,1,0,0,0
658,2,1,0,0,1,1,0.9922,0.8931,0.9146,0.3923,471.5,334.0,541.5,328.0,362.5,541.0,447.75,511.0,70.2567,90.3746,1.2863,0,0,0,0
658,2,1,143,0,0,1,0.0984,0.1052,0.0465,0.0385,1076.0,0.0,320.0,0.0,956.0,0.0,305.25,0.0,756.0,650.75,0.8608,1,0,0,0
659,2,1,0,1,1,1,0.9976,0.9194,0.9604,0.4001,472.75,343.0,541.5,336.0,361.0,540.0,466.75,539.5,69.1054,105.7512,1.5303,0,0,0,0
659,2,1,143,0,0,1,0.097,0.0955,0.0498,0.0422,1038.0,0.0,248.5,0.0,960.0,0.0,306.25,0.0,789.5,653.75,0.8281,1,0,0,0
660,2,1,0,1,1,1,0.9971,0.9082,0.9644,0.415,451.75,345.0,517.0,330.5,334.25,549.5,430.25,534.5,66.8417,97.1648,1.4537,0,0,0,0
660,2,1,143,0,0,1,0.1049,0.1212,0.0407,0.0362,1082.0,0.0,288.75,0.0,956.5,0.0,285.0,0.0,793.25,671.5,0.8465,1,0,0,0
661,2,1,0,1,1,1,0.9976,0.9287,0.9663,0.4497,435.0,346.5,507.0,333.5,317.25,545.0,471.0,546.5,73.1642,153.7573,2.1015,0,0,0,0
661,2,1,143,0,0,1,0.0959,0.0989,0.0537,0.0384,1105.0,0.0,328.75,0.0,933.5,0.0,329.0,0.0,776.25,604.5,0.7787,1,0,0,0
662,2,1,0,1,1,1,0.9976,0.9258,0.9619,0.437,433.5,356.0,504.25,343.5,317.75,546.0,480.0,548.0,71.8458,162.2623,2.2585,0,0,0,0
662,2,1,143,0,0,1,0.1076,0.122,0.0505,0.0463,1054.0,0.0,247.25,0.0,979.0,0.0,258.0,0.0,806.75,721.0,0.8937,1,0,0,0
663,1,0,0,1,1,1,0.9966,0.9282,0.96,0.5376,410.5,351.0,486.75,348.5,287.5,548.5,458.0,543.0,76.291,170.5887,2.236,0,0,0,0
664,2,1,0,1,1,1,0.9971,0.9321,0.9609,0.4768,416.0,350.0,490.75,348.0,295.75,548.5,457.5,554.0,74.7768,161.8435,2.1644,0,0,0,0
664,2,1,144,0,0,1,0.0692,0.0836,0.0412,0.0411,1036.0,0.0,268.0,0.0,950.0,0.0,323.5,0.0,768.0,626.5,0.8158,1,0,0,0
665,2,1,0,0,1,1,0.9961,0.8892,0.9419,0.3179,398.0,351.5,468.5,341.5,282.0,566.0,359.0,528.5,71.2057,85.6461,1.2028,0,0,0,0
665,2,1,145,0,1,1,0.4536,0.8291,0.3862,0.7612,1217.0,109.0,1015.5,101.25,1176.0,144.5,972.0,64.0,201.649,219.3086,1.0876,0,0,0,0
666,2,1,0,0,1,1,0.9956,0.8784,0.938,0.3074,393.25,350.0,464.0,341.0,283.25,565.5,360.5,528.0,71.3201,85.8709,1.204,0,0,0,0
666,2,1,146,0,0,1,0.0685,0.0798,0.0315,0.0308,1036.0,0.0,246.75,0.0,927.0,0.0,277.75,0.0,789.25,649.25,0.8226,1,0,0,0
667,1,0,0,0,1,1,0.9951,0.8594,0.9292,0.3135,378.75,351.5,432.5,337.0,281.5,574.5,345.0,515.0,55.6715,87.0201,1.5631,0,0,0,0
668,2,1,0,0,1,1,0.9868,0.8418,0.8354,0.2727,351.75,347.5,415.5,333.5,290.5,575.0,330.0,512.0,65.2692,74.3589,1.1393,0,0,0,0
668,2,1,147,0,0,1,0.1039,0.1283,0.0353,0.0371,1092.0,0.0,335.75,0.0,929.0,0.0,356.75,0.0,756.25,572.25,0.7567,1,0,0,0
669,2,1,0,0,1,1,0.9961,0.8364,0.9482,0.3267,357.25,355.0,424.25,342.5,282.75,578.0,336.25,513.0,68.1561,84.1858,1.2352,0,0,0,0
669,2,1,147,0,0,1,0.0725,0.1052,0.0282,0.0323,1096.0,0.0,329.0,0.0,877.0,0.0,329.0,0.0,767.0,548.0,0.7145,1,0,0,0
670,1,0,0,0,1,1,0.9922,0.8687,0.9014,0.3721,345.0,357.0,407.25,344.0,287.0,580.0,320.25,529.5,63.5929,60.4633,0.9508,0,0,0,0
671,1,0,0,0,1,1,0.9917,0.8647,0.9038,0.3215,341.0,355.0,400.75,338.5,282.5,582.5,315.5,528.5,61.9864,63.2851,1.021,0,0,0,0
672,2,1,0,0,1,1,0.9888,0.832,0.8667,0.2764,326.0,342.0,386.5,330.0,270.75,583.0,304.0,516.5,61.6786,74.3493,1.2054,0,0,0,0
672,2,1,148,0,0,1,0.0988,0.1277,0.0411,0.0445,1015.0,0.0,253.25,0.0,874.0,0.0,306.0,0.0,761.75,568.0,0.7457,1,0,0,0
673,1,0,0,0,1,1,0.9893,0.8281,0.8589,0.2632,326.75,348.0,391.75,338.5,268.75,595.5,298.5,526.0,65.6906,75.5997,1.1508,0,0,0,0
674,2,1,0,0,1,1,0.9858,0.8838,0.812,0.3455,300.5,348.5,386.5,339.5,256.25,597.0,299.5,535.0,86.4696,75.5947,0.8742,0,0,0,0
674,2,1,149,0,0,1,0.0837,0.1208,0.0395,0.0428,1105.0,0.0,336.5,0.0,884.0,0.0,334.75,0.0,768.5,549.25,0.7147,1,0,0,0
675,2,1,0,1,1,1,0.9907,0.9229,0.8687,0.416,278.5,350.5,389.0,336.0,242.0,582.0,329.0,518.0,111.4473,108.0046,0.9691,0,0,0,0
675,2,1,149,0,0,1,0.0948,0.1411,0.0334,0.0419,1096.0,0.0,327.0,0.0,838.0,0.0,347.25,0.0,769.0,490.75,0.6382,1,0,0,0
676,1,0,0,1,1,1,0.9912,0.9209,0.8984,0.4734,277.75,349.5,388.5,339.0,242.75,582.0,345.0,511.0,111.2466,124.4832,1.119,0,0,0,0
677,1,0,0,1,1,1,0.9722,0.9429,0.6992,0.5259,251.0,342.0,371.5,333.5,214.875,584.5,345.5,521.0,120.7994,145.2417,1.2023,0,0,0,0
678,2,1,0,1,1,1,0.9771,0.9434,0.7334,0.5171,254.25,345.0,377.5,336.5,222.5,594.0,353.5,522.5,123.5428,149.2423,1.208,0,0,0,0
678,2,1,150,0,0,1,0.0772,0.103,0.0481,0.0523,1034.0,0.0,266.75,0.0,612.5,0.0,405.75,0.0,767.25,206.75,0.2695,1,0,0,0
679,1,0,0,1,1,1,0.981,0.9663,0.7051,0.5986,235.25,348.0,370.75,338.0,207.5,586.0,342.0,512.0,135.8685,153.513,1.1299,0,0,0,0
680,1,0,0,1,1,1,0.9756,0.9585,0.7339,0.6221,237.625,342.5,367.75,338.0,200.75,583.0,348.0,512.0,130.2028,163.4734,1.2555,0,0,0,0
681,1,0,0,1,1,1,0.981,0.9727,0.7446,0.6606,217.625,338.5,354.75,339.0,187.125,576.0,339.0,537.0,137.1259,156.8025,1.1435,0,0,0,0
682,2,1,0,1,1,1,0.9761,0.9639,0.7271,0.6235,226.75,341.5,354.5,338.0,187.5,575.5,338.0,536.5,127.7979,155.4711,1.2165,0,0,0,0
682,2,1,151,0,0,1,0.1,0.1353,0.046,0.0485,1089.0,0.0,329.5,0.0,940.5,0.0,384.75,0.0,759.5,555.75,0.7317,1,0,0,0
683,2,1,0,1,1,1,0.9873,0.9819,0.7334,0.6885,210.25,344.5,344.75,346.0,182.25,568.0,339.0,545.0,134.5084,158.4284,1.1778,0,0,0,0
683,2,1,151,0,0,1,0.0724,0.1014,0.0589,0.0615,1088.0,0.0,348.5,0.0,557.5,0.0,377.75,0.0,739.5,179.75,0.2431,1,0,0,0
684,2,1,0,1,1,1,0.9873,0.9839,0.751,0.708,210.625,339.0,339.0,341.5,182.5,577.0,336.5,554.0,128.3993,155.7081,1.2127,0,0,0,0
684,2,1,151,0,0,1,0.0745,0.1016,0.0461,0.0509,1097.0,0.0,338.25,0.0,729.0,0.0,366.5,0.0,758.75,362.5,0.4778,1,0,0,0
685,1,0,0,1,1,1,0.9878,0.9854,0.7139,0.709,206.625,345.5,335.75,350.0,177.875,568.5,355.0,555.5,129.2034,177.6014,1.3746,0,0,0,0
686,2,1,0,1,1,1,0.9883,0.9897,0.7349,0.7808,199.625,342.0,316.75,347.5,156.875,569.0,361.5,556.0,117.2541,205.0375,1.7487,0,0,0,0
686,2,1,152,0,0,1,0.0922,0.1144,0.0486,0.0475,1106.0,0.0,337.0,0.0,875.5,0.0,342.75,0.0,769.0,532.75,0.6928,1,0,0,0
687,2,1,0,1,1,1,0.9902,0.9897,0.77,0.7891,201.375,344.0,327.0,344.5,162.5,561.0,364.5,546.0,125.626,202.5562,1.6124,0,0,0,0
687,2,1,152,0,0,1,0.1016,0.1298,0.0474,0.0492,1114.0,0.0,325.0,0.0,922.0,0.0,365.75,0.0,789.0,556.25,0.705,1,0,0,0
688,2,1,0,1,1,1,0.9893,0.9897,0.7119,0.7485,197.875,341.5,313.0,344.5,168.25,568.0,370.0,566.0,115.1641,201.7599,1.7519,0,0,0,0
688,2,1,152,0,0,1,0.0795,0.1195,0.0477,0.0616,1118.0,0.0,337.25,0.0,873.0,0.0,361.25,0.0,780.75,511.75,0.6555,1,0,0,0
689,2,1,0,1,1,1,0.9888,0.9912,0.7031,0.7769,194.0,339.5,311.0,343.5,167.125,569.0,370.5,566.5,117.0684,203.3904,1.7374,0,0,0,0
689,2,1,152,0,0,1,0.0666,0.0906,0.0531,0.0623,1036.0,0.0,269.5,0.0,754.0,0.0,361.75,0.0,766.5,392.25,0.5117,1,0,0,0
690,2,1,0,0,1,1,0.9688,0.9922,0.3604,0.7461,195.0,342.0,308.5,346.0,236.875,541.5,368.25,564.5,113.5705,133.3731,1.1744,0,0,0,0
690,2,1,152,0,0,1,0.106,0.1276,0.0406,0.0394,1080.0,0.0,320.75,0.0,895.5,0.0,338.0,0.0,759.25,557.5,0.7343,1,0,0,0
691,2,1,0,1,1,1,0.981,0.9956,0.5137,0.8433,204.25,336.0,307.0,337.0,209.75,552.0,367.5,555.0,102.7549,157.7785,1.5355,0,0,0,0
691,2,1,152,0,0,1,0.0904,0.0912,0.0443,0.037,1103.0,0.0,332.25,0.0,937.0,0.0,346.5,0.0,770.75,590.5,0.7661,1,0,0,0
692,2,1,0,0,1,1,0.9717,0.9941,0.3987,0.79,210.125,337.5,302.5,341.5,236.5,523.5,361.0,563.0,92.4616,130.6158,1.4127,0,0,0,0
692,2,1,152,0,0,1,0.0786,0.0837,0.0369,0.0319,1105.0,0.0,331.5,0.0,909.0,0.0,374.0,0.0,773.5,535.0,0.6917,1,0,0,0
693,1,0,0,1,1,1,0.9658,0.9927,0.4373,0.8257,213.625,342.0,301.75,340.0,247.625,526.0,360.75,551.5,88.1477,115.9634,1.3156,0,0,0,0
694,2,1,0,0,1,1,0.9409,0.9907,0.2451,0.7349,218.5,341.5,298.0,339.5,265.5,565.0,363.0,565.0,79.5252,97.5,1.226,0,0,0,0
694,2,1,153,0,0,1,0.094,0.1023,0.0556,0.0515,1015.5,0.0,260.25,0.0,723.0,0.0,377.25,0.0,755.25,345.75,0.4578,1,0,0,0
695,2,1,0,0,1,1,0.9683,0.9951,0.3635,0.8218,225.375,340.0,300.5,340.0,262.75,554.0,354.75,563.5,75.125,92.4892,1.2311,0,0,0,0
695,2,1,153,0,0,1,0.0828,0.0942,0.0398,0.0349,1103.0,0.0,328.75,0.0,912.0,0.0,338.0,0.0,774.25,574.0,0.7414,1,0,0,0
696,2,1,0,0,1,1,0.96,0.9946,0.3396,0.8184,230.75,339.5,302.25,342.0,261.25,549.5,346.0,563.0,71.5437,85.8185,1.1995,0,0,0,0
696,2,1,153,0,0,1,0.0621,0.0896,0.033,0.0388,1031.0,0.0,269.5,0.0,859.5,0.0,332.0,0.0,761.5,527.5,0.6927,1,0,0,0
697,2,1,0,1,1,1,0.9414,0.9951,0.4878,0.9092,257.5,344.0,306.0,351.0,273.5,544.5,342.75,561.0,49.0026,71.1886,1.4528,0,0,0,0
697,2,1,153,0,0,1,0.0859,0.1067,0.0291,0.0275,1091.0,0.0,325.25,0.0,932.0,0.0,339.0,0.0,765.75,593.0,0.7744,1,0,0,0
698,2,1,0,1,1,1,0.9438,0.9951,0.4719,0.9023,254.375,345.0,307.25,348.5,284.0,545.5,344.0,570.0,52.9907,64.8093,1.223,0,0,0,0
698,2,1,153,0,0,1,0.0873,0.1144,0.052,0.0545,1008.0,0.0,272.5,0.0,635.5,0.0,364.5,0.0,735.5,271.0,0.3685,1,0,0,0
699,2,1,0,1,1,1,0.9199,0.9941,0.4016,0.8862,273.75,341.5,311.5,352.0,288.0,537.0,340.0,569.0,39.1831,61.0574,1.5583,0,0,0,0
699,2,1,153,0,0,1,0.0975,0.1099,0.0387,0.0339,1094.0,0.0,339.0,0.0,884.5,0.0,343.25,0.0,755.0,541.25,0.7169,1,0,0,0
700,2,1,0,1,1,1,0.9263,0.9946,0.416,0.8896,272.25,339.5,308.25,348.0,305.25,537.5,342.0,569.0,36.9899,48.4026,1.3085,0,0,0,0
700,2,1,153,0,0,1,0.0964,0.1312,0.0391,0.0403,1116.0,0.0,316.5,0.0,941.0,0.0,309.25,0.0,799.5,631.75,0.7902,1,0,0,0
701,2,1,0,1,1,1,0.9575,0.9966,0.4834,0.9067,311.75,341.0,319.5,354.0,363.25,532.5,356.0,571.0,15.1348,39.1767,2.5885,0,0,0,0
701,2,1,153,0,0,1,0.0734,0.1086,0.0335,0.038,1038.0,0.0,242.5,0.0,924.0,0.0,296.0,0.0,795.5,628.0,0.7894,1,0,0,0
702,2,1,0,1,1,1,0.9531,0.9956,0.4629,0.8921,307.5,344.5,321.5,353.0,363.5,532.5,354.5,580.5,16.3783,48.8365,2.9818,0,0,0,0
702,2,1,153,0,0,1,0.0731,0.0842,0.0365,0.0304,1086.0,0.0,323.25,0.0,904.5,0.0,312.0,0.0,762.75,592.5,0.7768,1,0,0,0
703,2,1,0,1,1,1,0.9404,0.9922,0.4187,0.8608,321.0,349.0,346.0,362.5,362.0,541.5,380.25,558.5,28.4121,24.9412,0.8778,0,0,0,0
703,2,1,153,0,0,1,0.0814,0.0953,0.0337,0.0302,1084.0,0.0,308.5,0.0,918.0,0.0,302.5,0.0,775.5,615.5,0.7937,1,0,0,0
704,2,1,0,1,1,1,0.9268,0.9941,0.4868,0.9131,348.75,353.5,357.5,362.5,406.0,530.0,392.5,556.5,12.5524,29.7405,2.3693,0,0,0,0
704,2,1,153,0,0,1,0.095,0.1542,0.0345,0.0468,1094.0,0.0,316.0,0.0,938.5,0.0,303.5,0.0,778.0,635.0,0.8162,1,0,0,0
705,1,0,0,1,1,1,0.9375,0.9927,0.45,0.8828,339.0,346.0,358.5,359.0,391.75,534.0,395.5,551.5,23.4361,17.8973,0.7637,0,0,0,0
706,2,1,0,0,1,1,0.915,0.9902,0.3247,0.8223,361.5,350.0,382.75,363.0,421.5,535.5,421.5,565.5,24.9111,30.0,1.2043,0,0,0,0
706,2,1,154,0,0,1,0.0839,0.0917,0.0338,0.0304,1099.0,0.0,309.75,0.0,914.0,0.0,341.75,0.0,789.25,572.25,0.7251,1,0,0,0
707,1,0,0,0,1,1,0.9204,0.9912,0.3315,0.8291,367.25,352.5,382.0,366.5,421.25,534.5,422.0,555.5,20.3362,21.0134,1.0333,0,0,0,0
708,2,1,0,1,1,1,0.9419,0.9897,0.4612,0.8428,384.5,347.0,399.0,357.0,436.0,535.0,449.75,564.5,17.6139,32.5471,1.8478,0,0,0,0
708,2,1,155,0,0,1,0.084,0.127,0.0484,0.0594,1092.0,0.0,323.5,0.0,915.5,0.0,345.75,0.0,768.5,569.75,0.7414,1,0,0,0
709,2,1,0,1,1,1,0.8833,0.9897,0.4531,0.8984,380.75,352.0,394.5,361.0,442.0,540.5,450.5,569.5,16.4336,30.22,1.8389,0,0,0,0
709,2,1,155,0,0,1,0.0674,0.0885,0.0504,0.0544,1030.0,0.0,255.0,0.0,927.0,0.0,347.5,0.0,775.0,579.5,0.7477,1,0,0,0
710,2,1,0,1,1,1,0.8735,0.9785,0.4343,0.8438,407.25,336.0,410.0,351.5,462.5,530.0,465.25,539.0,15.7421,9.4108,0.5978,0,0,0,0
710,2,1,155,0,0,1,0.0649,0.0953,0.0435,0.0521,1041.0,0.0,241.5,0.0,963.0,0.0,275.75,0.0,799.5,687.25,0.8596,1,0,0,0
711,3,1,0,1,1,1,0.9102,0.9858,0.4319,0.8628,424.75,327.0,437.5,340.0,502.0,526.0,514.5,538.0,18.2089,17.3277,0.9516,0,0,0,0
711,3,1,156,1,1,1,0.5547,0.8179,0.5117,0.7661,1216.0,98.5,1022.0,87.5,1146.0,112.0,1000.0,62.0,194.3116,154.3243,0.7942,1,0,0,0
711,3,1,155,0,0,1,0.0778,0.0815,0.044,0.0328,1089.0,0.0,290.25,0.0,956.0,0.0,304.75,0.0,798.75,651.25,0.8153,1,0,0,0
712,2,1,0,1,1,1,0.9043,0.9849,0.4539,0.8735,432.0,334.5,438.5,342.5,501.5,525.5,514.5,538.0,10.3078,18.0347,1.7496,0,0,0,0
712,2,1,155,0,0,1,0.0842,0.1028,0.0517,0.0501,1016.0,0.0,252.0,0.0,981.5,0.0,342.5,0.0,764.0,639.0,0.8364,1,0,0,0
713,2,1,0,1,1,1,0.9355,0.9897,0.5723,0.9102,447.5,334.0,456.5,346.5,504.5,523.5,536.0,522.0,15.4029,31.5357,2.0474,0,0,0,0
713,2,1,155,0,0,1,0.0631,0.0962,0.0473,0.0614,1070.0,0.0,315.25,0.0,927.0,0.0,358.25,0.0,754.75,568.75,0.7536,1,0,0,0
714,2,1,0,1,1,1,0.9448,0.9907,0.6377,0.9287,448.75,334.5,455.25,343.5,504.0,523.0,537.0,513.0,11.1018,34.4819,3.106,0,0,0,0
714,2,1,155,0,0,1,0.0781,0.1078,0.0531,0.0515,1077.0,0.0,306.25,0.0,951.0,0.0,329.25,0.0,770.75,621.75,0.8067,1,0,0,0
715,2,1,0,1,1,1,0.9199,0.9888,0.6147,0.9326,464.5,337.0,473.25,352.5,535.0,505.5,565.0,515.0,17.7992,31.4682,1.768,0,0,0,0
715,2,1,155,0,0,1,0.1093,0.1416,0.0562,0.0572,1049.0,0.0,245.75,0.0,976.0,0.0,330.0,0.0,803.25,646.0,0.8042,1,0,0,0
716,2,1,0,1,1,1,0.9302,0.9888,0.626,0.9268,461.25,339.0,472.25,353.0,526.5,513.5,565.0,515.5,17.8045,38.5519,2.1653,0,0,0,0
716,2,1,155,0,0,1,0.1019,0.0925,0.0561,0.0359,1074.0,0.0,285.5,0.0,951.5,0.0,294.25,0.0,788.5,657.25,0.8335,1,0,0,0
717,2,1,0,1,1,1,0.9019,0.9824,0.469,0.8784,480.0,333.0,490.25,338.5,555.0,524.5,596.0,518.5,11.6324,41.4367,3.5622,0,0,0,0
717,2,1,155,0,0,1,0.0862,0.0799,0.054,0.0371,1078.0,0.0,302.25,0.0,976.0,0.0,312.5,0.0,775.75,663.5,0.8553,1,0,0,0
718,3,1,0,1,1,1,0.9136,0.9849,0.4902,0.8882,482.0,333.0,488.75,340.5,554.0,515.5,595.5,518.5,10.0902,41.6083,4.1236,0,0,0,0
718,3,1,155,0,0,1,0.093,0.097,0.0452,0.0335,1090.0,0.0,304.75,0.0,954.0,0.0,304.75,0.0,785.25,649.25,0.8268,1,0,0,0
718,3,1,157,0,1,1,0.446,0.8281,0.4617,0.8198,1221.0,109.0,1017.0,106.0,1159.0,170.25,956.5,75.0,204.0221,223.783,1.0969,0,0,0,0
719,2,1,0,1,1,1,0.9033,0.9897,0.4092,0.8911,490.5,341.5,509.0,350.5,537.0,526.5,615.5,523.5,20.573,78.5573,3.8185,0,0,0,0
719,2,1,155,0,0,1,0.085,0.0986,0.0414,0.0414,1051.0,0.0,231.75,0.0,985.5,0.0,298.25,0.0,819.25,687.25,0.8389,1,0,0,0
720,3,1,0,1,1,1,0.9126,0.9907,0.4312,0.9004,490.5,340.0,509.25,352.5,537.0,517.5,607.5,522.0,22.5347,70.6435,3.1349,0,0,0,0
720,3,1,155,0,0,1,0.0893,0.1138,0.0604,0.0631,1028.0,0.0,228.5,0.0,989.5,0.0,326.5,0.0,799.5,663.0,0.8293,1,0,0,0
720,3,1,158,0,1,1,0.4673,0.8457,0.4893,0.834,1228.0,102.25,1014.5,85.75,1169.0,98.5,963.0,58.0,214.1366,209.9434,0.9804,0,0,0,0
721,2,1,0,1,1,1,0.9253,0.9893,0.6206,0.9209,513.0,350.5,521.5,357.0,527.0,531.0,633.0,535.5,10.7005,106.0955,9.915,0,0,0,0
721,2,1,155,0,0,1,0.0911,0.1003,0.058,0.0465,1084.0,0.0,315.25,0.0,975.0,0.0,329.5,0.0,768.75,645.5,0.8397,1,0,0,0
722,1,0,0,1,1,1,0.9067,0.9878,0.54,0.915,534.5,340.5,541.0,349.5,597.0,524.5,633.5,535.5,11.1018,38.1215,3.4338,0,0,0,0
723,2,1,0,1,1,1,0.9189,0.9888,0.5303,0.9067,537.0,340.5,541.0,352.0,596.5,524.5,632.0,544.0,12.1758,40.5031,3.3265,0,0,0,0
723,2,1,159,0,0,1,0.0809,0.1019,0.0445,0.0479,1086.0,0.0,334.0,0.0,936.0,0.0,364.0,0.0,752.0,572.0,0.7606,1,0,0,0
724,2,1,0,1,1,1,0.9282,0.9912,0.5327,0.9092,554.0,347.0,569.0,360.0,583.0,526.0,636.0,547.0,19.8494,57.0088,2.8721,0,0,0,0
724,2,1,159,0,0,1,0.0836,0.111,0.0437,0.0478,1028.0,0.0,246.75,0.0,880.0,0.0,366.5,0.0,781.25,513.5,0.6573,1,0,0,0
725,2,1,0,1,1,1,0.9341,0.9888,0.5127,0.8789,557.0,339.0,568.5,359.0,590.5,520.5,641.5,553.5,23.0705,60.7454,2.633,0,0,0,0
725,2,1,159,0,0,1,0.093,0.113,0.0485,0.0499,1012.0,0.0,253.0,0.0,945.0,0.0,346.0,0.0,759.0,599.0,0.7892,1,0,0,0
726,2,1,0,1,1,1,0.9263,0.9868,0.5586,0.8911,579.0,339.0,589.0,355.5,620.0,533.5,641.0,555.5,19.2938,30.4138,1.5764,0,0,0,0
726,2,1,159,0,0,1,0.1082,0.1221,0.0485,0.0441,1099.0,0.0,320.5,0.0,932.0,0.0,375.25,0.0,778.5,556.75,0.7152,1,0,0,0
727,1,0,0,0,1,1,0.8828,0.9824,0.3716,0.8438,585.5,341.0,581.5,353.5,621.5,535.0,637.0,548.0,13.1244,20.2299,1.5414,0,0,0,0
728,2,1,0,0,1,1,0.8887,0.9849,0.3428,0.834,603.0,337.5,596.0,351.5,650.0,536.5,635.0,558.0,15.6525,26.2155,1.6748,0,0,0,0
728,2,1,160,0,0,1,0.1095,0.1464,0.0435,0.0464,1096.0,0.0,317.5,0.0,938.0,0.0,356.75,0.0,778.5,581.25,0.7466,1,0,0,0
729,1,0,0,0,1,1,0.8882,0.9849,0.3562,0.8398,605.0,342.0,593.0,349.0,649.0,536.5,635.0,556.5,13.8924,24.4131,1.7573,0,0,0,0
730,1,0,0,0,1,1,0.8823,0.9863,0.3555,0.855,614.0,341.5,606.0,351.5,654.0,537.5,640.0,558.0,12.8062,24.8244,1.9385,0,0,0,0
731,2,1,0,0,1,1,0.8574,0.9829,0.3416,0.8521,621.5,340.0,607.5,348.0,661.0,537.5,634.0,548.0,16.1245,28.9698,1.7966,0,0,0,0
731,2,1,161,0,0,1,0.0912,0.1283,0.0518,0.0623,1018.5,0.0,247.5,0.0,716.0,0.0,359.75,0.0,771.0,356.25,0.4621,1,0,0,0
732,2,1,0,0,1,1,0.8936,0.9888,0.3308,0.8525,625.0,335.5,625.0,344.5,667.0,539.0,647.0,560.0,9.0,29.0,3.2222,0,0,0,0
732,2,1,162,0,0,1,0.0779,0.1138,0.0426,0.0511,1116.0,0.0,323.5,0.0,927.0,0.0,351.75,0.0,792.5,575.25,0.7259,1,0,0,0
733,2,1,0,1,1,1,0.8975,0.9917,0.5879,0.9424,662.0,346.0,633.0,355.5,700.0,530.0,651.0,564.5,30.5164,59.927,1.9638,0,0,0,0
733,2,1,162,0,0,1,0.0797,0.1207,0.0558,0.0578,1108.0,0.0,306.0,0.0,932.0,0.0,300.5,0.0,802.0,631.5,0.7874,1,0,0,0
734,2,1,0,1,1,1,0.8887,0.9912,0.5767,0.9409,661.0,343.0,630.0,352.5,700.5,530.0,643.0,564.0,32.423,66.8001,2.0603,0,0,0,0
734,2,1,162,0,0,1,0.0937,0.1343,0.0424,0.0461,1108.0,0.0,305.0,0.0,960.0,0.0,346.5,0.0,803.0,613.5,0.764,1,0,0,0
735,2,1,0,1,1,1,0.9204,0.9858,0.5879,0.9131,676.5,339.0,653.0,346.5,715.5,514.0,657.0,560.0,24.6678,74.4194,3.0169,0,0,0,0
735,2,1,162,0,0,1,0.0865,0.0986,0.0441,0.0443,1015.0,0.0,247.0,0.0,945.5,0.0,351.75,0.0,768.0,593.75,0.7731,1,0,0,0
736,1,0,0,1,1,1,0.9487,0.9927,0.6313,0.9287,671.0,344.0,655.5,353.0,718.0,501.0,655.0,569.0,17.9234,92.6984,5.1719,0,0,0,0
737,2,1,0,1,1,1,0.9614,0.9932,0.7378,0.9434,701.0,348.0,672.0,362.0,760.5,512.0,667.0,581.0,32.2025,116.2035,3.6085,0,0,0,0
737,2,1,163,0,0,1,0.0853,0.1041,0.0396,0.0378,1106.0,0.0,304.0,0.0,931.5,0.0,346.75,0.0,802.0,584.75,0.7291,1,0,0,0
738,2,1,0,1,1,1,0.9692,0.9927,0.7798,0.9404,692.0,354.0,667.5,361.0,765.0,517.0,674.0,575.0,25.4804,107.912,4.2351,0,0,0,0
738,2,1,163,0,0,1,0.0847,0.1107,0.0418,0.0434,1098.0,0.0,291.5,0.0,942.5,0.0,329.5,0.0,806.5,613.0,0.7601,1,0,0,0
739,1,0,0,1,1,1,0.9409,0.9907,0.7778,0.9604,712.0,349.0,680.5,358.0,774.0,504.0,694.5,578.5,32.7605,108.9518,3.3257,0,0,0,0
740,2,1,0,1,1,1,0.9604,0.9951,0.6665,0.9355,723.0,352.0,707.5,358.0,800.5,516.5,711.5,576.5,16.6208,107.3359,6.4579,0,0,0,0
740,2,1,164,0,0,1,0.0882,0.0862,0.0862,0.0609,1101.0,0.0,315.5,0.0,928.0,0.0,339.75,0.0,785.5,588.25,0.7489,1,0,0,0
741,2,1,0,1,1,1,0.9609,0.9951,0.6719,0.938,723.5,349.0,707.5,358.0,784.0,514.5,712.0,567.5,18.3576,89.4036,4.8701,0,0,0,0
741,2,1,164,0,0,1,0.0672,0.0937,0.0338,0.0382,1040.0,0.0,238.25,0.0,816.5,0.0,382.0,0.0,801.75,434.5,0.5419,1,0,0,0
742,2,1,0,1,1,1,0.9448,0.9951,0.6714,0.9536,737.0,365.5,722.5,369.5,796.0,515.5,737.0,578.5,15.0416,86.3134,5.7383,0,0,0,0
742,2,1,164,0,0,1,0.0975,0.0818,0.0619,0.0409,1092.0,0.0,317.25,0.0,882.0,0.0,391.75,0.0,774.75,490.25,0.6328,1,0,0,0
743,1,0,0,1,1,1,0.9688,0.9946,0.7178,0.9395,737.0,358.0,727.0,366.0,810.0,515.0,737.5,587.0,12.8062,102.1775,7.9787,0,0,0,0
744,2,1,0,1,1,1,0.9399,0.9941,0.5601,0.9292,748.5,360.0,747.0,371.0,810.5,529.0,767.0,577.0,11.1018,64.7785,5.835,0,0,0,0
744,2,1,165,0,0,1,0.0784,0.0806,0.0438,0.0381,1013.0,0.0,243.25,0.0,883.0,0.0,277.75,0.0,769.75,605.25,0.7863,1,0,0,0
745,1,0,0,1,1,1,0.9336,0.9937,0.6504,0.9502,750.0,359.5,745.5,368.5,818.5,532.0,769.0,580.0,10.0623,68.9511,6.8524,0,0,0,0
746,1,0,0,0,1,1,0.9014,0.9912,0.3435,0.8691,765.5,357.0,769.5,366.5,817.0,545.5,803.0,582.5,10.3078,39.5601,3.8379,0,0,0,0
747,1,0,0,1,1,1,0.9219,0.9883,0.4485,0.8638,785.5,355.0,788.5,365.5,832.0,553.0,833.0,577.5,10.9202,24.5204,2.2454,0,0,0,0
748,2,1,0,1,1,1,0.8945,0.9912,0.4709,0.9121,783.5,357.0,789.0,368.0,837.5,540.5,832.5,583.0,12.2984,42.7931,3.4796,0,0,0,0
748,2,1,166,0,0,1,0.0901,0.1221,0.037,0.0433,1039.0,0.0,241.0,0.0,916.0,0.0,329.25,0.0,798.0,586.75,0.7353,1,0,0,0
749,1,0,0,0,1,1,0.8765,0.9819,0.2747,0.7671,795.5,339.0,811.0,356.5,853.0,524.5,871.0,562.5,23.3773,42.0476,1.7986,0,0,0,0
750,1,0,0,0,1,1,0.8828,0.9814,0.2761,0.7627,805.0,340.0,813.0,355.0,860.0,537.0,862.5,562.0,17.0,25.1247,1.4779,0,0,0,0
751,1,0,0,0,1,1,0.8789,0.9858,0.2103,0.7427,801.5,340.5,834.0,351.5,844.5,544.0,885.0,557.5,34.3111,42.6907,1.2442,0,0,0,0
752,1,0,0,0,1,1,0.9004,0.9893,0.2996,0.8232,800.5,347.0,833.0,357.0,843.5,542.0,885.5,557.0,34.0037,44.5982,1.3116,0,0,0,0
753,1,0,0,0,1,1,0.8901,0.9849,0.2747,0.7944,810.5,337.5,852.0,345.0,839.0,534.5,909.5,541.0,42.1723,70.799,1.6788,0,0,0,0
754,1,0,0,0,1,1,0.8838,0.981,0.2466,0.7451,807.0,343.0,849.5,349.5,824.0,543.5,909.0,541.0,42.9942,85.0368,1.9779,0,0,0,0
755,1,0,0,1,1,1,0.9775,0.9893,0.6553,0.8301,815.5,343.0,873.5,351.5,802.0,543.0,928.5,535.0,58.6195,126.7527,2.1623,0,0,0,0
756,1,0,0,1,1,1,0.9761,0.9893,0.6431,0.8325,818.0,343.5,874.5,349.5,801.5,543.5,928.0,544.0,56.8177,126.501,2.2264,0,0,0,0
757,1,0,0,1,1,1,0.981,0.9902,0.7749,0.8794,813.0,345.0,897.0,352.5,798.5,537.5,960.0,538.0,84.3342,161.5008,1.915,0,0,0,0
758,1,0,0,1,1,1,0.9819,0.9854,0.7969,0.8477,815.0,344.5,911.0,351.0,790.0,539.0,966.5,531.0,96.2198,176.6812,1.8362,0,0,0,0
759,1,0,0,1,1,1,0.9751,0.979,0.814,0.8599,811.5,347.5,906.0,354.5,796.0,539.5,962.5,535.5,94.7589,166.548,1.7576,0,0,0,0
760,1,0,0,1,1,1,0.9795,0.9766,0.8008,0.7847,820.0,352.5,928.5,355.0,805.0,529.5,964.5,531.5,108.5288,159.5125,1.4698,0,0,0,0
761,2,1,0,1,1,1,0.9741,0.9727,0.811,0.8208,814.5,350.0,927.0,353.5,801.5,539.0,961.0,536.5,112.5544,159.5196,1.4173,0,0,0,0
761,2,1,167,0,0,1,0.0991,0.0967,0.04,0.0335,1078.0,0.0,341.5,0.0,914.5,0.0,423.5,0.0,736.5,491.0,0.6667,1,0,0,0
762,2,1,0,1,1,1,0.9854,0.9751,0.812,0.7456,829.5,356.5,941.5,354.0,803.0,545.5,956.5,532.0,112.0279,154.0925,1.3755,0,0,0,0
762,2,1,167,0,0,1,0.086,0.0909,0.0413,0.0375,1040.0,0.0,254.75,0.0,815.0,0.0,356.25,0.0,785.25,458.75,0.5842,1,0,0,0
763,1,0,0,1,1,1,0.9883,0.9731,0.8726,0.7783,821.0,351.0,941.5,348.0,800.5,532.0,956.0,530.0,120.5373,155.5129,1.2902,0,0,0,0
764,1,0,0,1,1,1,0.9917,0.9751,0.8496,0.6831,825.5,352.5,942.5,354.5,802.5,538.0,947.5,531.5,117.0171,145.1456,1.2404,0,0,0,0
765,1,0,0,1,1,1,0.9917,0.9741,0.856,0.6831,825.0,352.5,943.5,354.5,802.0,538.0,947.5,532.0,118.5169,145.6237,1.2287,0,0,0,0
766,1,0,0,1,1,1,0.9951,0.9756,0.9106,0.6797,826.5,358.0,946.0,350.0,801.5,529.0,935.5,540.5,119.7675,134.4926,1.1229,0,0,0,0
767,1,0,0,1,1,1,0.9961,0.98,0.9077,0.6836,828.0,345.5,937.0,344.0,795.5,538.0,939.0,522.5,109.0103,144.3347,1.324,0,0,0,0
768,1,0,0,1,1,1,0.9966,0.9727,0.9165,0.6128,822.5,359.0,936.0,347.0,799.5,535.0,906.5,500.5,114.1326,112.4244,0.985,0,0,0,0
769,1,0,0,1,1,1,0.9966,0.9658,0.9375,0.6143,831.5,354.5,922.5,348.5,801.0,538.0,912.5,547.0,91.1976,111.8626,1.2266,0,0,0,0
770,1,0,0,1,1,1,0.9966,0.9712,0.936,0.6333,830.0,356.5,924.0,351.0,801.0,538.0,912.0,547.0,94.1608,111.3643,1.1827,0,0,0,0
771,2,1,0,1,1,1,0.9971,0.9541,0.9487,0.5435,825.0,356.0,910.5,346.5,799.0,545.5,883.5,516.0,86.0262,89.5014,1.0404,0,0,0,0
771,2,1,168,0,0,1,0.0798,0.1115,0.0382,0.0457,1046.0,0.0,253.25,0.0,885.0,0.0,310.25,0.0,792.75,574.75,0.725,1,0,0,0
772,1,0,0,1,1,1,0.9971,0.957,0.9409,0.5522,829.5,352.0,915.5,341.5,799.0,545.0,883.5,507.5,86.6386,92.4473,1.067,0,0,0,0
773,1,0,0,1,1,1,0.9976,0.9395,0.9512,0.4568,823.0,351.0,898.5,344.5,792.5,547.0,875.0,531.5,75.7793,83.9434,1.1077,0,0,0,0
774,2,1,0,1,1,1,0.9941,0.9385,0.8872,0.428,824.0,353.0,901.0,342.5,789.0,549.0,868.0,515.0,77.7126,86.0058,1.1067,0,0,0,0
774,2,1,169,0,0,1,0.0776,0.1176,0.0333,0.0424,1034.0,0.0,246.25,0.0,878.5,0.0,274.5,0.0,787.75,604.0,0.7667,1,0,0,0
775,2,1,0,1,1,1,0.9961,0.9434,0.9189,0.469,818.5,348.5,888.5,339.0,798.0,558.5,872.0,513.0,70.6417,86.8692,1.2297,0,0,0,0
775,2,1,170,0,0,1,0.0928,0.1268,0.0348,0.0366,1111.0,0.0,338.5,0.0,966.0,0.0,335.25,0.0,772.5,630.75,0.8165,1,0,0,0
776,1,0,0,0,1,1,0.9956,0.9106,0.9209,0.3552,816.0,347.5,879.5,336.5,790.5,548.0,847.0,510.0,64.4457,68.09,1.0565,0,0,0,0
777,2,1,0,0,1,1,0.9946,0.9175,0.9014,0.3665,816.0,348.0,883.0,335.5,791.0,539.0,847.0,509.5,68.1561,63.2949,0.9287,0,0,0,0
777,2,1,171,0,0,1,0.0845,0.1184,0.0363,0.0389,1092.0,0.0,327.75,0.0,941.5,0.0,353.5,0.0,764.25,588.0,0.7694,1,0,0,0
778,2,1,0,1,1,1,0.9961,0.9316,0.9209,0.4426,809.0,345.0,878.0,336.5,784.0,547.0,856.0,519.0,69.5216,77.2528,1.1112,0,0,0,0
778,2,1,171,0,0,1,0.0842,0.1322,0.0378,0.0476,1043.0,0.0,246.75,0.0,906.0,0.0,293.25,0.0,796.25,612.75,0.7695,1,0,0,0
779,1,0,0,1,1,1,0.9961,0.9326,0.9263,0.4119,806.5,344.5,875.5,335.5,786.0,549.0,848.5,520.0,69.5845,68.9003,0.9902,0,0,0,0
780,1,0,0,0,1,1,0.9946,0.9136,0.8926,0.3477,805.0,343.0,872.5,335.5,787.5,548.0,833.0,517.0,67.9154,55.0568,0.8107,0,0,0,0
781,2,1,0,0,1,1,0.9946,0.9043,0.8799,0.2986,801.5,344.0,872.5,335.0,787.5,548.0,840.5,517.5,71.5681,61.1494,0.8544,0,0,0,0
781,2,1,172,0,0,1,0.053,0.089,0.0276,0.0371,1045.0,0.0,251.5,0.0,915.0,0.0,301.75,0.0,793.5,613.25,0.7728,1,0,0,0
782,2,1,0,0,1,1,0.9941,0.8892,0.9009,0.321,799.0,343.5,858.5,337.0,781.0,540.0,827.0,516.0,59.854,51.8845,0.8669,0,0,0,0
782,2,1,172,0,0,1,0.077,0.1108,0.0403,0.0466,1036.0,0.0,259.0,0.0,913.0,0.0,302.0,0.0,777.0,611.0,0.7864,1,0,0,0
783,2,1,0,0,1,1,0.9951,0.8926,0.9033,0.2954,789.5,351.5,847.0,343.0,766.5,549.0,810.0,531.0,58.1249,47.0771,0.8099,0,0,0,0
783,2,1,172,0,0,1,0.1032,0.1196,0.0399,0.0385,1048.0,0.0,238.75,0.0,936.0,0.0,286.25,0.0,809.25,649.75,0.8029,1,0,0,0
784,2,1,0,0,1,1,0.9951,0.8877,0.9238,0.3779,788.0,358.5,842.5,346.5,771.5,553.0,812.5,540.0,55.8055,43.0116,0.7707,0,0,0,0
784,2,1,172,0,0,1,0.1146,0.1414,0.0384,0.0368,1105.0,0.0,316.5,0.0,960.5,0.0,303.5,0.0,788.5,657.0,0.8332,1,0,0,0
785,2,1,0,0,1,1,0.9946,0.8721,0.9307,0.3188,785.5,351.5,839.0,343.0,762.0,549.0,799.5,541.0,54.171,38.3438,0.7078,0,0,0,0
785,2,1,172,0,0,1,0.0922,0.1285,0.0359,0.0424,1048.0,0.0,249.25,0.0,894.5,0.0,310.5,0.0,798.75,584.0,0.7311,1,0,0,0
786,1,0,0,0,1,1,0.9951,0.895,0.9316,0.3364,783.0,362.0,837.5,353.0,762.5,549.0,800.0,540.5,55.2381,38.4513,0.6961,0,0,0,0
787,2,1,0,1,1,1,0.9907,0.8613,0.9443,0.4534,778.0,360.0,812.0,346.5,746.5,552.0,782.5,529.5,36.5821,42.4529,1.1605,0,0,0,0
787,2,1,173,0,0,1,0.0837,0.1086,0.0476,0.0497,1023.0,0.0,275.0,0.0,799.5,0.0,370.0,0.0,748.0,429.5,0.5742,1,0,0,0
788,2,1,0,1,1,1,0.9897,0.8604,0.9424,0.4683,776.0,359.0,813.5,349.0,746.5,542.5,783.0,529.5,38.8104,38.746,0.9983,0,0,0,0
788,2,1,173,0,0,1,0.0833,0.1132,0.0411,0.0395,1100.0,0.0,341.75,0.0,922.5,0.0,324.5,0.0,758.25,598.0,0.7887,1,0,0,0
789,1,0,0,0,1,1,0.9941,0.8008,0.9561,0.3574,772.0,369.0,801.0,356.0,737.0,545.0,773.5,535.5,31.7805,37.716,1.1868,0,0,0,0
790,2,1,0,0,1,1,0.9937,0.8213,0.9526,0.3899,772.5,370.0,796.0,357.0,738.0,545.5,764.0,544.0,26.8561,26.0432,0.9697,0,0,0,0
790,2,1,174,0,0,1,0.071,0.0869,0.0299,0.0272,1105.0,0.0,314.25,0.0,979.0,0.0,333.0,0.0,790.75,646.0,0.8169,1,0,0,0
791,2,1,0,0,1,1,0.9941,0.814,0.9463,0.3396,760.5,377.5,788.5,364.0,724.0,550.5,765.0,525.5,31.0846,48.0208,1.5448,0,0,0,0
791,2,1,174,0,0,1,0.0937,0.1201,0.0362,0.0401,1034.0,0.0,248.25,0.0,943.0,0.0,321.5,0.0,785.75,621.5,0.791,1,0,0,0
792,2,1,0,0,1,1,0.9946,0.8218,0.9526,0.3645,756.5,370.0,783.5,359.0,724.0,551.0,749.0,534.0,29.1548,30.2324,1.037,0,0,0,0
792,2,1,174,0,0,1,0.0569,0.0885,0.0396,0.0501,1025.0,0.0,272.75,0.0,803.0,0.0,361.0,0.0,752.25,442.0,0.5876,1,0,0,0
793,2,1,0,0,1,1,0.9976,0.8447,0.9727,0.342,742.0,369.5,771.0,357.0,699.0,544.0,736.5,537.5,31.5793,38.0592,1.2052,0,0,0,0
793,2,1,174,0,0,1,0.0717,0.1049,0.0322,0.0394,1052.0,0.0,250.75,0.0,952.5,0.0,301.75,0.0,801.25,650.75,0.8122,1,0,0,0
794,1,0,0,1,1,1,0.9937,0.8354,0.9595,0.4204,729.5,374.5,749.0,362.0,676.0,534.5,699.0,535.0,23.1625,23.0054,0.9932,0,0,0,0
795,2,1,0,1,1,1,0.9941,0.8179,0.9663,0.4167,730.5,374.0,746.0,362.0,676.0,534.5,691.5,534.0,19.6023,15.5081,0.7911,0,0,0,0
795,2,1,175,0,0,1,0.0754,0.0998,0.0376,0.0392,1108.0,0.0,334.75,0.0,921.5,0.0,390.75,0.0,773.25,530.75,0.6864,1,0,0,0
796,1,0,0,0,1,1,0.9912,0.8457,0.9399,0.3948,709.5,363.0,740.0,349.0,650.0,522.0,702.5,525.0,33.5596,52.5856,1.5669,0,0,0,0
797,1,0,0,0,1,1,0.9922,0.7827,0.895,0.2059,711.5,352.5,734.0,350.0,659.5,520.0,692.5,504.0,22.6385,36.6742,1.62,0,0,0,0
798,2,1,0,0,1,1,0.9956,0.8477,0.937,0.2903,691.0,354.5,727.5,354.5,639.5,508.0,670.5,492.0,36.5,34.8855,0.9558,0,0,0,0
798,2,1,176,0,0,1,0.0732,0.114,0.0347,0.0447,1101.0,0.0,321.0,0.0,921.5,0.0,306.0,0.0,780.0,615.5,0.7891,1,0,0,0
799,2,1,0,0,1,1,0.9941,0.8306,0.9199,0.2615,689.5,354.5,725.0,354.5,639.5,512.0,670.0,493.0,35.5,35.934,1.0122,0,0,0,0
799,2,1,176,0,0,1,0.0685,0.093,0.0486,0.0471,1113.0,0.0,330.75,0.0,938.0,0.0,291.5,0.0,782.25,646.5,0.8265,1,0,0,0
800,2,1,0,0,1,1,0.998,0.8589,0.9756,0.3105,679.5,356.5,711.5,346.5,615.0,511.5,640.5,495.5,33.5261,30.104,0.8979,0,0,0,0
800,2,1,176,0,0,1,0.0741,0.111,0.0356,0.0398,1105.0,0.0,302.0,0.0,963.0,0.0,314.25,0.0,803.0,648.75,0.8079,1,0,0,0
801,1,0,0,0,1,1,0.9946,0.8818,0.9404,0.3601,676.0,350.5,715.5,337.5,610.0,511.5,633.0,498.0,41.5843,26.6693,0.6413,0,0,0,0
802,1,0,0,1,1,1,0.9878,0.8794,0.9258,0.4583,669.5,357.0,687.0,347.0,595.5,503.5,620.5,505.0,20.1556,25.045,1.2426,0,0,0,0
803,2,1,0,0,1,1,0.9951,0.9004,0.9287,0.3418,654.0,344.5,689.5,338.5,585.0,495.5,607.0,493.0,36.0035,22.1416,0.615,0,0,0,0
803,2,1,177,0,0,1,0.0631,0.0909,0.0267,0.0323,1115.0,0.0,324.0,0.0,939.0,0.0,343.75,0.0,791.0,595.25,0.7525,1,0,0,0
804,2,1,0,0,1,1,0.9951,0.896,0.9351,0.3467,659.0,344.5,688.5,339.5,584.0,495.5,606.5,492.5,29.9207,22.6991,0.7586,0,0,0,0
804,2,1,177,0,0,1,0.0723,0.106,0.0468,0.0588,1042.0,0.0,250.25,0.0,896.0,0.0,325.0,0.0,791.75,571.0,0.7212,1,0,0,0
805,2,1,0,0,1,1,0.9961,0.8813,0.9414,0.3225,653.0,345.0,671.5,338.0,584.5,494.0,594.5,491.0,19.78,10.4403,0.5278,0,0,0,0
805,2,1,177,0,0,1,0.0906,0.1384,0.0357,0.0505,1030.0,0.0,239.75,0.0,901.0,0.0,321.25,0.0,790.25,579.75,0.7336,1,0,0,0
806,2,1,0,0,1,1,0.9956,0.8901,0.9409,0.3345,644.5,348.5,678.5,341.0,579.0,496.5,600.0,492.0,34.8174,21.4767,0.6168,0,0,0,0
806,2,1,177,0,0,1,0.0677,0.1072,0.0309,0.042,1033.0,0.0,266.5,0.0,882.0,0.0,320.5,0.0,766.5,561.5,0.7326,1,0,0,0
807,1,0,0,0,1,1,0.9966,0.8579,0.9463,0.2737,641.5,345.0,657.0,344.0,572.0,511.0,596.5,491.5,15.5322,31.3129,2.016,0,0,0,0
808,2,1,0,0,1,1,0.998,0.8926,0.98,0.3987,636.0,356.0,666.0,350.5,577.0,517.0,601.0,509.5,30.5,25.1446,0.8244,0,0,0,0
808,2,1,178,0,0,1,0.1255,0.146,0.0458,0.0423,1089.0,0.0,300.75,0.0,953.0,0.0,337.25,0.0,788.25,615.75,0.7812,1,0,0,0
809,1,0,0,0,1,1,0.9971,0.8584,0.9663,0.324,632.5,355.0,658.5,350.0,576.5,511.0,596.0,495.5,26.4764,24.9098,0.9408,0,0,0,0
810,1,0,0,0,1,1,0.9937,0.8511,0.9092,0.2737,618.5,352.0,634.0,350.0,586.5,515.0,580.5,499.0,15.6285,17.088,1.0934,0,0,0,0
811,2,1,0,0,1,1,0.9966,0.8662,0.9644,0.344,623.5,350.0,634.5,344.0,584.0,522.0,585.0,508.0,12.53,14.0357,1.1202,0,0,0,0
811,2,1,179,0,0,1,0.0827,0.1168,0.0391,0.0414,1090.0,0.0,317.0,0.0,942.0,0.0,336.75,0.0,773.0,605.25,0.783,1,0,0,0
812,1,0,0,0,1,1,0.9844,0.8257,0.8457,0.2778,610.0,350.0,623.0,343.0,577.0,517.5,573.5,515.5,14.7648,4.0311,0.273,0,0,0,0
813,2,1,0,0,1,1,0.9937,0.8628,0.9497,0.3975,612.0,347.5,625.5,337.0,573.5,532.0,573.0,517.0,17.1026,15.0083,0.8775,0,0,0,0
813,2,1,180,0,0,1,0.0746,0.1344,0.0293,0.0403,1096.0,0.0,313.0,0.0,932.0,0.0,326.25,0.0,783.0,605.75,0.7736,1,0,0,0
814,2,1,0,0,1,1,0.9937,0.8335,0.9424,0.321,601.0,359.0,615.5,349.0,574.5,533.5,559.0,523.5,17.6139,18.4459,1.0472,0,0,0,0
814,2,1,180,0,0,1,0.0898,0.1248,0.0288,0.0299,1105.0,0.0,319.75,0.0,920.5,0.0,308.5,0.0,785.25,612.0,0.7794,1,0,0,0
815,1,0,0,0,1,1,0.9976,0.8657,0.9692,0.3408,598.0,354.5,611.0,346.0,579.5,540.0,556.5,523.0,15.5322,28.6007,1.8414,0,0,0,0
816,2,1,0,0,1,1,0.9946,0.8901,0.9312,0.3945,584.5,352.0,600.5,353.0,576.0,550.0,534.5,512.5,16.0312,55.933,3.489,0,0,0,0
816,2,1,181,0,0,1,0.0873,0.1234,0.0342,0.0398,1034.0,0.0,245.25,0.0,924.0,0.0,311.75,0.0,788.75,612.25,0.7762,1,0,0,0
817,2,1,0,1,1,1,0.9902,0.8687,0.9175,0.4316,581.5,353.5,585.5,350.0,579.5,541.5,528.0,510.5,5.3151,60.1103,11.3094,0,0,0,0
817,2,1,181,0,0,1,0.0909,0.1257,0.033,0.0409,1032.0,0.0,239.0,0.0,932.0,0.0,313.75,0.0,793.0,618.25,0.7796,1,0,0,0
818,1,0,0,1,1,1,0.9897,0.8657,0.9146,0.4443,580.0,354.0,585.5,349.5,570.5,549.5,521.0,501.0,7.1063,69.3001,9.7519,0,0,0,0
819,2,1,0,0,1,1,0.9927,0.8276,0.938,0.3694,564.5,356.5,577.5,348.0,556.0,547.0,508.5,517.5,15.5322,55.9151,3.5999,0,0,0,0
819,2,1,182,0,0,1,0.0681,0.0877,0.0353,0.0366,1049.0,0.0,243.75,0.0,941.0,0.0,302.25,0.0,805.25,638.75,0.7932,1,0,0,0
820,1,0,0,0,1,1,0.9863,0.8037,0.8779,0.3108,558.5,356.0,580.5,344.0,552.0,546.5,520.0,509.5,25.0599,48.9183,1.9521,0,0,0,0
821,2,1,0,0,1,1,0.9834,0.7114,0.8652,0.2198,542.5,358.5,582.0,345.5,537.0,549.5,559.5,529.5,41.5843,30.104,0.7239,0,0,0,0
821,2,1,183,0,0,1,0.072,0.092,0.0359,0.039,1048.0,0.0,243.25,0.0,959.0,0.0,278.75,0.0,804.75,680.25,0.8453,1,0,0,0
822,2,1,0,0,1,1,0.9785,0.7524,0.8062,0.2278,541.5,352.0,582.0,345.5,541.5,551.0,560.0,531.0,41.0183,27.2443,0.6642,0,0,0,0
822,2,1,183,0,0,1,0.082,0.0912,0.0356,0.0337,1031.0,0.0,254.0,0.0,918.5,0.0,277.25,0.0,777.0,641.25,0.8253,1,0,0,0
823,1,0,0,0,1,1,0.9678,0.7256,0.7368,0.2096,527.0,358.5,586.0,352.5,507.25,550.0,534.0,519.5,59.3043,40.5686,0.6841,0,0,0,0
824,2,1,0,0,1,1,0.9648,0.728,0.7075,0.2108,527.5,352.0,589.0,343.0,508.5,549.5,551.0,521.0,62.155,51.1713,0.8233,0,0,0,0
824,2,1,184,0,0,1,0.0831,0.1138,0.0447,0.0515,1037.0,0.0,281.5,0.0,722.0,0.0,332.25,0.0,755.5,389.75,0.5159,1,0,0,0
825,2,1,0,0,1,1,0.9717,0.8105,0.7476,0.2915,515.5,354.5,578.5,345.0,495.25,549.5,534.5,527.5,63.7122,44.9951,0.7062,0,0,0,0
825,2,1,184,0,0,1,0.0704,0.1007,0.0286,0.0324,1102.0,0.0,318.75,0.0,920.5,0.0,345.5,0.0,783.25,575.0,0.7341,1,0,0,0
826,2,1,0,0,1,1,0.9702,0.7915,0.7456,0.28,516.0,354.0,578.5,345.0,495.0,549.5,535.5,518.0,63.1447,51.3079,0.8125,0,0,0,0
826,2,1,184,0,0,1,0.0724,0.0806,0.034,0.0271,1098.0,0.0,315.5,0.0,951.0,0.0,311.5,0.0,782.5,639.5,0.8173,1,0,0,0
827,2,1,0,0,1,1,0.9775,0.8618,0.7925,0.3928,503.25,358.0,580.5,345.0,480.75,549.0,537.5,500.5,78.3362,74.6513,0.953,0,0,0,0
827,2,1,185,0,0,1,0.0785,0.0923,0.0353,0.035,1009.0,0.0,243.25,0.0,936.0,0.0,266.75,0.0,765.75,669.25,0.874,1,0,0,0
828,2,1,0,1,1,1,0.9824,0.9487,0.835,0.6445,478.25,353.5,575.0,342.0,461.5,539.5,547.5,493.0,97.4311,97.7663,1.0034,0,0,0,0
828,2,1,185,0,0,1,0.096,0.1074,0.0405,0.0302,1088.0,0.0,280.75,0.0,940.0,0.0,290.0,0.0,807.25,650.0,0.8052,1,0,0,0
829,2,1,0,1,1,1,0.9766,0.9448,0.7695,0.6289,483.25,355.0,578.0,345.5,469.25,538.0,545.5,501.0,95.2251,84.7529,0.89,0,0,0,0
829,2,1,185,0,0,1,0.0753,0.1099,0.0373,0.0513,1044.0,0.0,237.5,0.0,959.0,0.0,316.0,0.0,806.5,643.0,0.7973,1,0,0,0
830,2,1,0,1,1,1,0.9756,0.9766,0.7178,0.7749,472.5,353.0,568.5,343.5,458.75,537.0,571.0,512.0,96.4689,115.0003,1.1921,0,0,0,0
830,2,1,185,0,0,1,0.0821,0.0917,0.038,0.0352,1034.0,0.0,250.5,0.0,979.0,0.0,341.0,0.0,783.5,638.0,0.8143,1,0,0,0
831,2,1,0,1,1,1,0.9736,0.9707,0.6919,0.7271,473.0,355.5,567.5,347.0,458.75,537.0,571.0,511.5,94.8815,115.11,1.2132,0,0,0,0
831,2,1,185,0,0,1,0.0746,0.0945,0.0444,0.0452,1036.0,0.0,240.5,0.0,982.5,0.0,322.75,0.0,795.5,659.75,0.8294,1,0,0,0
832,2,1,0,1,1,1,0.979,0.9814,0.7056,0.7744,465.0,351.0,564.5,345.5,453.75,529.5,578.5,521.0,99.6519,125.0392,1.2548,0,0,0,0
832,2,1,185,0,0,1,0.0874,0.1169,0.0395,0.0437,1040.0,0.0,218.0,0.0,1000.0,0.0,306.5,0.0,822.0,693.5,0.8437,1,0,0,0
833,2,1,0,1,1,1,0.9727,0.98,0.6636,0.771,469.25,352.0,562.5,346.0,445.75,530.0,578.0,521.5,93.4428,132.5229,1.4182,0,0,0,0
833,2,1,185,0,0,1,0.085,0.1071,0.0428,0.0451,1034.0,0.0,246.75,0.0,969.0,0.0,342.75,0.0,787.25,626.25,0.7955,1,0,0,0
834,2,1,0,1,1,1,0.9844,0.9873,0.7251,0.8125,456.5,346.0,557.0,342.0,447.75,530.0,586.5,522.0,100.5796,138.9804,1.3818,0,0,0,0
834,2,1,185,0,0,1,0.0799,0.0912,0.0493,0.046,1036.0,0.0,245.25,0.0,1008.0,0.0,368.5,0.0,790.75,639.5,0.8087,1,0,0,0
835,2,1,0,1,1,1,0.9854,0.9868,0.7554,0.8169,459.5,354.0,560.0,350.0,446.5,531.0,586.5,522.5,100.5796,140.2578,1.3945,0,0,0,0
835,2,1,185,0,0,1,0.0885,0.1086,0.0571,0.0618,1040.0,0.0,243.0,0.0,946.0,0.0,378.25,0.0,797.0,567.75,0.7124,1,0,0,0
836,2,1,0,1,1,1,0.9834,0.9888,0.7202,0.8252,468.5,343.5,565.0,340.5,444.75,530.5,593.5,523.0,96.5466,148.939,1.5427,0,0,0,0
836,2,1,185,0,0,1,0.0966,0.0866,0.064,0.0391,1087.0,0.0,301.5,0.0,930.0,0.0,339.0,0.0,785.5,591.0,0.7524,1,0,0,0
837,2,1,0,1,1,1,0.9824,0.9849,0.71,0.7798,462.75,344.5,567.0,343.5,453.25,530.5,594.0,523.5,104.2548,140.924,1.3517,0,0,0,0
837,2,1,185,0,0,1,0.0842,0.0817,0.0449,0.0309,1078.0,0.0,307.25,0.0,968.0,0.0,323.5,0.0,770.75,644.5,0.8362,1,0,0,0
838,2,1,0,1,1,1,0.9854,0.9893,0.7202,0.8086,468.75,340.0,569.0,343.5,444.0,531.0,600.0,524.5,100.3111,156.1354,1.5565,0,0,0,0
838,2,1,185,0,0,1,0.0914,0.1168,0.046,0.0453,1027.0,0.0,239.25,0.0,973.0,0.0,340.0,0.0,787.75,633.0,0.8036,1,0,0,0
839,2,1,0,1,1,1,0.9824,0.9858,0.7798,0.8135,477.75,342.5,572.5,351.0,457.5,523.0,605.0,526.0,95.1305,147.5305,1.5508,0,0,0,0
839,2,1,185,0,0,1,0.096,0.119,0.0411,0.0441,1056.0,0.0,258.75,0.0,975.0,0.0,314.25,0.0,797.25,660.75,0.8288,1,0,0,0
840,2,1,0,1,1,1,0.9795,0.9854,0.7217,0.7822,476.25,342.5,574.5,352.0,449.5,516.0,596.0,534.0,98.7082,147.6017,1.4953,0,0,0,0
840,2,1,185,0,0,1,0.0981,0.0817,0.0831,0.0469,1092.0,0.0,274.0,0.0,933.0,0.0,288.5,0.0,818.0,644.5,0.7879,1,0,0,0
841,2,1,0,1,1,1,0.9795,0.9893,0.7168,0.8213,486.0,335.5,576.5,348.5,463.75,516.0,603.0,535.0,91.4289,140.5403,1.5372,0,0,0,0
841,2,1,185,0,0,1,0.0952,0.1047,0.0418,0.0319,1092.0,0.0,302.75,0.0,957.0,0.0,303.25,0.0,789.25,653.75,0.8283,1,0,0,0
