frame,raw_num_people,anomaly,track_id,conf_ok,boundary_ok,overlap_ok,conf_ls,conf_rs,conf_lw,conf_rw,ls_x,ls_y,rs_x,rs_y,lw_x,lw_y,rw_x,rw_y,shoulder_dist,wrist_dist,ratio,frontal,hands_now,consecutive_frames,confirmed
0,2,0,0,0,1,1,0.8911,0.9839,0.3953,0.7969,158.0,337.5,56.7812,332.0,168.0,612.0,89.6875,671.0,101.3681,98.0502,0.9673,0,0,0,0
0,2,0,1,0,1,1,0.9937,0.8486,0.9038,0.28,1046.0,353.5,1040.0,342.5,1005.5,606.0,971.5,580.0,12.53,42.8019,3.416,0,0,0,0
1,3,1,0,1,1,1,0.8926,0.9839,0.4326,0.8184,165.125,336.0,61.7188,329.5,167.5,612.0,88.5625,661.0,103.6103,92.9093,0.8967,0,0,0,0
1,3,1,1,0,1,1,0.9941,0.8599,0.9106,0.2959,1045.0,349.0,1042.0,340.0,1005.0,605.0,965.0,571.0,9.4868,52.4976,5.5337,0,0,0,0
1,3,1,2,0,0,1,0.0694,0.1223,0.0382,0.0528,1057.0,0.0,334.0,0.0,793.0,0.0,417.5,0.0,723.0,375.5,0.5194,1,0,0,0
2,2,0,0,1,1,1,0.8882,0.9834,0.4651,0.8345,163.875,332.5,67.125,332.5,175.75,605.0,88.4375,672.0,96.75,110.0567,1.1375,0,0,0,0
2,2,0,1,0,1,1,0.9941,0.8516,0.8955,0.2585,1044.0,349.0,1038.0,338.0,998.5,607.0,970.5,589.0,12.53,33.2866,2.6566,0,0,0,0
3,2,0,0,0,1,1,0.9004,0.9878,0.3203,0.7798,150.75,336.0,60.5,332.5,195.125,630.5,83.75,681.0,90.3178,122.2892,1.354,0,0,0,0
3,2,0,1,0,1,1,0.9941,0.8315,0.9111,0.2441,1035.0,348.5,1032.0,342.5,989.0,607.0,971.0,579.5,6.7082,32.8672,4.8995,0,0,0,0
4,2,0,0,0,1,1,0.8843,0.9868,0.2793,0.7681,155.5,344.0,58.8438,338.0,184.0,646.0,83.625,682.0,96.8423,106.6356,1.1011,0,0,0,0
4,2,0,1,0,1,1,0.9956,0.876,0.9233,0.3032,1032.0,351.0,1046.0,344.5,989.0,607.0,971.5,581.5,15.4353,30.9273,2.0037,0,0,0,0
5,2,0,0,0,1,1,0.9023,0.9888,0.3096,0.772,151.75,334.0,65.25,334.0,186.5,638.0,82.25,680.0,86.5,112.3924,1.2993,0,0,0,0
5,2,0,1,0,1,1,0.9941,0.8608,0.9106,0.3049,1034.0,350.5,1025.0,339.0,990.5,605.0,957.0,569.0,14.6031,49.1757,3.3675,0,0,0,0
6,2,0,0,0,1,1,0.8975,0.9873,0.2988,0.7603,153.0,334.5,60.5625,333.5,185.125,638.0,83.3125,671.0,92.4429,107.027,1.1578,0,0,0,0
6,2,0,1,0,1,1,0.9956,0.8657,0.9136,0.2654,1030.0,345.5,1034.0,333.5,990.0,605.0,956.0,569.0,12.6491,49.5177,3.9147,0,0,0,0
7,2,0,0,1,0,1,0.9209,0.9873,0.4094,0.8066,168.125,334.0,73.75,328.5,193.875,651.0,82.4375,692.0,94.5351,118.7405,1.256,0,0,0,0
7,2,0,1,0,1,1,0.9946,0.832,0.9238,0.3035,1033.0,352.0,1031.0,340.0,995.0,606.5,959.5,570.5,12.1655,50.5594,4.156,0,0,0,0
8,2,0,0,1,1,1,0.9141,0.9868,0.4497,0.8301,167.25,334.0,72.125,325.5,194.5,643.0,82.3125,683.0,95.504,119.1051,1.2471,0,0,0,0
8,2,0,1,0,1,1,0.9956,0.8291,0.938,0.3113,1027.0,343.5,1025.0,336.5,1004.0,597.0,951.0,561.0,7.2801,64.0703,8.8007,0,0,0,0
9,2,0,0,1,0,1,0.9141,0.9863,0.4343,0.8184,163.5,332.0,78.1875,323.0,193.75,642.5,72.5,692.0,85.7859,130.9649,1.5266,0,0,0,0
9,2,0,1,0,1,1,0.9951,0.8125,0.9341,0.2808,1030.0,350.5,1031.0,338.0,996.0,606.0,968.5,562.5,12.5399,51.4636,4.104,0,0,0,0
10,2,0,0,1,1,1,0.8711,0.9849,0.4497,0.8574,175.5,332.0,68.6875,329.0,177.625,595.5,87.0,671.0,106.8546,117.954,1.1039,0,0,0,0
10,2,0,1,0,1,1,0.9961,0.8931,0.9243,0.3269,1022.0,351.0,1018.0,343.0,994.5,614.0,956.0,586.5,8.9443,47.3128,5.2897,0,0,0,0
11,2,0,0,1,1,1,0.8833,0.9844,0.4504,0.8428,175.375,333.0,73.8125,329.0,176.875,612.5,86.5625,672.0,101.6412,108.1508,1.064,0,0,0,0
11,2,0,1,0,1,1,0.9956,0.8926,0.9243,0.3447,1023.0,350.5,1016.0,343.5,994.0,614.5,957.0,586.5,9.8995,46.4004,4.6872,0,0,0,0
12,2,0,0,1,1,1,0.915,0.9888,0.4363,0.834,182.5,333.0,85.8125,325.0,189.5,642.5,79.625,684.0,97.0179,117.4511,1.2106,0,0,0,0
12,2,0,1,1,1,1,0.9937,0.8809,0.9492,0.4741,1020.5,358.0,999.5,354.0,1016.0,610.0,948.5,587.5,21.3776,71.1512,3.3283,0,0,0,0
13,2,0,0,0,1,1,0.8955,0.9854,0.3586,0.7993,178.25,332.0,82.4375,324.0,184.5,635.5,82.125,674.0,96.1459,109.375,1.1376,0,0,0,0
13,2,0,1,1,1,1,0.9941,0.9014,0.9507,0.4956,1021.5,359.0,1003.0,351.5,1016.5,600.5,949.5,578.0,19.9625,70.6771,3.5405,0,0,0,0
14,2,0,0,1,1,1,0.9233,0.9897,0.4636,0.8447,185.625,341.5,87.0625,328.5,196.25,635.5,80.125,683.5,99.4161,125.6543,1.2639,0,0,0,0
14,2,0,1,1,1,1,0.9956,0.8906,0.9438,0.4202,1023.5,351.5,992.0,348.0,1015.0,607.0,944.0,576.0,31.6938,77.4726,2.4444,0,0,0,0
15,2,0,1,1,1,1,0.9956,0.8896,0.958,0.5063,1015.0,353.5,978.0,350.0,1032.0,606.0,929.5,556.0,37.1652,114.0449,3.0686,0,0,0,0
15,2,0,0,1,1,1,0.9341,0.9917,0.521,0.874,188.875,335.0,94.125,326.5,194.625,619.0,88.4375,675.0,95.1305,120.0491,1.2619,0,0,0,0
16,2,0,0,1,1,1,0.9224,0.9937,0.4626,0.8916,205.375,341.0,95.0,328.0,198.375,629.5,91.0625,675.0,111.1379,116.56,1.0488,0,0,0,0
16,2,0,1,1,1,1,0.9961,0.9067,0.9585,0.5269,1012.5,352.5,974.5,350.5,1032.0,606.0,930.5,556.0,38.0526,113.147,2.9734,0,0,0,0
17,2,0,0,1,1,1,0.9336,0.9917,0.4126,0.8354,214.5,343.0,102.3125,332.0,217.625,637.0,88.5,677.0,112.7255,135.1786,1.1992,0,0,0,0
17,2,0,1,1,1,1,0.9966,0.8955,0.9692,0.5376,995.0,361.0,949.5,360.5,1050.0,599.0,902.0,561.0,45.5027,152.8005,3.3581,0,0,0,0
18,2,0,0,1,1,1,0.9268,0.9912,0.4197,0.8452,210.0,340.0,102.5,332.5,217.625,637.0,88.5,668.5,107.7613,132.9117,1.2334,0,0,0,0
18,2,0,1,1,1,1,0.9966,0.915,0.959,0.5332,995.5,358.0,952.5,353.0,1051.0,599.0,889.5,551.0,43.2897,168.4822,3.892,0,0,0,0
19,2,0,0,1,1,1,0.9253,0.9893,0.4324,0.8296,221.125,341.5,119.875,330.0,242.25,638.0,88.4375,669.0,101.901,156.9053,1.5398,0,0,0,0
19,2,0,1,1,1,1,0.9971,0.9106,0.9722,0.5669,986.5,355.5,937.5,358.5,1054.0,591.5,872.0,550.0,49.0918,186.6715,3.8025,0,0,0,0
20,2,0,0,1,1,1,0.9302,0.9893,0.4658,0.8398,216.25,341.0,119.1875,330.5,243.0,638.0,88.5,669.0,97.6288,157.5793,1.6141,0,0,0,0
20,2,0,1,1,1,1,0.9956,0.9131,0.9541,0.5605,988.5,349.0,944.5,351.5,1049.0,599.0,873.5,549.5,44.071,182.3472,4.1376,0,0,0,0
21,2,0,1,1,1,1,0.9961,0.9404,0.9551,0.6338,975.5,355.0,920.0,356.0,1042.0,595.0,855.0,548.5,55.509,192.6947,3.4714,0,0,0,0
21,2,0,0,1,1,1,0.9248,0.9917,0.4158,0.854,231.75,345.0,126.8125,331.0,249.0,647.5,94.8125,679.0,105.8673,157.3723,1.4865,0,0,0,0
22,3,1,1,1,1,1,0.9951,0.9395,0.9517,0.6919,948.5,362.0,906.5,358.0,1029.0,614.0,831.5,546.0,42.19,208.8786,4.9509,0,0,0,0
22,3,1,0,1,0,1,0.9297,0.9912,0.4563,0.8535,245.75,348.5,145.625,328.5,262.5,649.5,109.625,690.5,102.103,158.2775,1.5502,0,0,0,0
22,3,1,3,0,0,1,0.0876,0.1142,0.0435,0.0406,1047.0,0.0,339.0,0.0,860.0,0.0,346.0,0.0,708.0,514.0,0.726,1,0,0,0
23,2,0,1,1,1,1,0.9961,0.9224,0.9658,0.6318,950.0,366.5,904.5,366.0,1028.0,602.0,833.0,545.0,45.5027,203.16,4.4648,0,0,0,0
23,2,0,0,1,1,1,0.9385,0.9927,0.4846,0.874,249.25,342.5,150.375,321.0,252.25,656.0,110.125,682.0,101.1856,144.4836,1.4279,0,0,0,0
24,2,0,0,0,1,1,0.8965,0.9893,0.3923,0.8325,258.5,348.0,163.25,334.0,249.625,614.5,122.0,689.0,96.2734,147.7782,1.535,0,0,0,0
24,2,0,1,1,1,1,0.9941,0.9058,0.9546,0.6157,927.0,364.0,882.5,363.5,1008.5,592.0,817.0,550.0,44.5028,196.0517,4.4054,0,0,0,0
25,2,0,0,1,1,1,0.9106,0.9902,0.4106,0.8354,264.0,350.0,162.875,337.5,248.25,623.5,114.3125,689.0,101.8946,149.0956,1.4632,0,0,0,0
25,2,0,1,1,1,1,0.9932,0.9028,0.9463,0.5933,927.5,360.0,885.0,358.0,1007.5,592.5,817.0,549.0,42.547,195.4034,4.5926,0,0,0,0
26,2,0,0,1,1,1,0.9194,0.9907,0.4551,0.8647,282.0,346.5,183.625,338.5,297.75,631.0,134.375,686.5,98.6997,172.5446,1.7482,0,0,0,0
26,2,0,1,1,1,1,0.9951,0.918,0.9556,0.6025,906.0,364.0,867.0,359.0,960.5,593.0,809.5,548.5,39.3192,157.4206,4.0037,0,0,0,0
27,2,0,0,1,1,1,0.897,0.9902,0.4246,0.8745,273.5,345.0,189.125,333.5,289.0,640.0,134.5,687.0,85.1551,161.4907,1.8964,0,0,0,0
27,2,0,1,1,1,1,0.9951,0.9277,0.9526,0.6104,904.0,362.0,865.0,359.0,961.0,593.5,810.0,547.5,39.1152,157.8512,4.0355,0,0,0,0
28,3,1,0,1,1,1,0.918,0.9912,0.4075,0.8506,301.75,345.5,210.25,333.0,303.0,646.0,154.5,688.0,92.3499,154.3251,1.6711,0,0,0,0
28,3,1,1,1,1,1,0.9907,0.8789,0.9199,0.5063,880.0,357.0,849.5,353.0,908.5,615.0,803.5,557.0,30.7612,119.9542,3.8995,0,0,0,0
28,3,1,4,0,0,1,0.0909,0.105,0.0404,0.0378,1029.0,0.0,252.0,0.0,879.5,0.0,303.0,0.0,777.0,576.5,0.742,1,0,0,0
29,3,1,0,1,0,1,0.9155,0.9912,0.4153,0.8569,296.5,348.5,208.375,337.5,293.5,646.5,155.25,697.5,88.8089,147.3569,1.6593,0,0,0,0
29,3,1,1,1,1,1,0.9888,0.876,0.8999,0.4678,877.0,350.0,847.5,347.0,918.5,613.0,815.5,557.0,29.6522,117.2391,3.9538,0,0,0,0
29,3,1,4,0,0,1,0.1039,0.1221,0.0312,0.0279,1100.0,0.0,294.75,0.0,926.0,0.0,349.0,0.0,805.25,577.0,0.7165,1,0,0,0
30,2,0,0,1,0,1,0.937,0.9922,0.4236,0.8286,323.25,344.0,223.25,342.0,347.5,645.0,180.0,691.0,100.02,173.7016,1.7367,0,0,0,0
30,2,0,1,0,1,1,0.9912,0.8115,0.8862,0.3074,843.0,362.5,838.5,351.0,870.5,685.5,821.5,597.0,12.3491,101.1595,8.1917,0,0,0,0
31,2,0,0,0,0,1,0.9072,0.9897,0.3462,0.7959,319.0,345.5,223.5,338.5,339.0,641.5,186.375,699.0,95.7562,163.097,1.7033,0,0,0,0
31,2,0,1,0,1,1,0.9893,0.79,0.8867,0.3037,846.0,360.0,838.0,350.5,870.0,659.0,820.5,596.0,12.4197,80.1202,6.451,0,0,0,0
32,3,1,0,0,1,1,0.9004,0.9907,0.377,0.8604,337.0,336.5,253.5,332.0,354.0,646.0,214.5,686.5,83.6212,145.2601,1.7371,0,0,0,0
32,3,1,1,0,0,1,0.9878,0.8081,0.7944,0.1783,830.0,364.0,820.0,349.5,811.0,697.0,774.5,648.5,17.6139,60.7001,3.4461,0,0,0,0
32,3,1,5,0,0,1,0.0756,0.1045,0.0408,0.0413,1123.0,0.0,293.0,0.0,934.0,0.0,318.25,0.0,830.0,615.75,0.7419,1,0,0,0
33,3,1,0,0,0,1,0.9126,0.9912,0.3604,0.8394,351.5,342.5,281.5,337.0,385.0,646.0,255.25,691.0,70.2157,137.3319,1.9559,0,0,0,0
33,3,1,1,0,1,1,0.9883,0.6714,0.8794,0.1716,810.5,341.5,796.0,337.5,778.0,607.0,765.5,604.5,15.0416,12.7475,0.8475,0,0,0,0
33,3,1,5,0,0,1,0.1388,0.1332,0.0817,0.0512,1114.0,0.0,297.5,0.0,932.0,0.0,318.0,0.0,816.5,614.0,0.752,1,0,0,0
34,3,1,0,1,0,1,0.9092,0.9922,0.415,0.8735,350.75,342.0,288.5,334.0,374.0,634.5,260.5,691.0,62.762,126.7853,2.0201,0,0,0,0
34,3,1,1,0,1,1,0.9907,0.7222,0.8965,0.1829,813.0,348.5,793.0,343.5,773.5,618.0,757.5,605.0,20.6155,20.6155,1.0,0,0,0,0
34,3,1,5,0,0,1,0.1456,0.157,0.0566,0.0457,1097.0,0.0,292.5,0.0,889.0,0.0,310.5,0.0,804.5,578.5,0.7191,1,0,0,0
35,3,1,0,0,1,1,0.8867,0.9829,0.3054,0.7539,380.75,330.0,320.5,329.0,384.0,625.0,299.25,652.0,60.2583,88.947,1.4761,0,0,0,0
35,3,1,1,0,1,1,0.9946,0.6929,0.936,0.1863,772.0,338.0,787.0,339.5,736.5,607.5,725.5,583.5,15.0748,26.4008,1.7513,0,0,0,0
35,3,1,5,0,0,1,0.1232,0.1103,0.0753,0.0446,1122.0,0.0,284.75,0.0,923.0,0.0,291.5,0.0,837.25,631.5,0.7543,1,0,0,0
36,3,1,0,0,1,1,0.8838,0.9824,0.2917,0.7358,382.5,329.0,321.5,329.0,384.25,616.0,290.0,660.0,61.0,104.0147,1.7052,0,0,0,0
36,3,1,1,0,1,1,0.9946,0.6841,0.937,0.1799,769.5,347.5,782.0,343.5,745.0,603.0,736.5,573.0,13.1244,31.1809,2.3758,0,0,0,0
36,3,1,5,0,0,1,0.1223,0.1404,0.0434,0.0356,1086.0,0.0,283.75,0.0,931.5,0.0,293.25,0.0,802.25,638.25,0.7956,1,0,0,0
37,3,1,0,1,0,1,0.8916,0.9902,0.417,0.8735,392.75,325.5,337.5,323.0,426.75,597.5,345.25,693.0,55.3065,125.5488,2.2701,0,0,0,0
37,3,1,1,0,1,1,0.9941,0.7305,0.9575,0.2693,761.5,344.0,751.5,343.0,689.5,571.0,699.5,567.5,10.0499,10.5948,1.0542,0,0,0,0
37,3,1,5,0,0,1,0.1108,0.1277,0.052,0.0432,1122.0,0.0,274.75,0.0,971.5,0.0,334.0,0.0,847.25,637.5,0.7524,1,0,0,0
38,3,1,0,1,0,1,0.8979,0.9858,0.4463,0.8491,399.25,325.5,340.75,326.5,411.0,651.0,338.5,696.0,58.5085,85.3302,1.4584,0,0,0,0
38,3,1,1,0,1,1,0.9873,0.8032,0.9092,0.3306,757.0,338.0,758.0,338.5,685.0,571.0,700.5,568.5,1.118,15.7003,14.0428,0,0,0,0
38,3,1,5,0,0,1,0.1084,0.132,0.0501,0.0385,1109.0,0.0,265.75,0.0,929.0,0.0,301.25,0.0,843.25,627.75,0.7444,1,0,0,0
39,3,1,0,1,1,1,0.9321,0.9937,0.5249,0.9097,436.5,334.0,367.5,324.5,463.5,605.5,391.5,680.0,69.6509,103.6062,1.4875,0,0,0,0
39,3,1,1,0,1,1,0.9912,0.8569,0.9072,0.3386,736.0,339.5,742.5,338.5,640.0,560.5,664.5,545.0,6.5765,28.9914,4.4083,0,0,0,0
39,3,1,5,0,0,1,0.1039,0.1054,0.0629,0.0428,1081.0,0.0,278.75,0.0,933.0,0.0,331.25,0.0,802.25,601.75,0.7501,1,0,0,0
40,3,1,1,0,1,1,0.9917,0.8823,0.8989,0.3662,731.5,334.0,742.0,334.5,658.0,561.0,666.5,544.5,10.5119,18.5607,1.7657,0,0,0,0
40,3,1,0,1,1,1,0.9321,0.9927,0.5557,0.9072,434.5,322.0,360.25,319.0,454.25,596.0,391.5,679.0,74.3106,104.0508,1.4002,0,0,0,0
40,3,1,5,0,0,1,0.132,0.1536,0.0594,0.0489,1082.0,0.0,277.25,0.0,927.0,0.0,330.5,0.0,804.75,596.5,0.7412,1,0,0,0
41,3,1,0,1,1,1,0.9131,0.9917,0.4856,0.9019,437.75,326.5,403.0,322.5,495.5,613.0,413.75,678.0,34.9795,104.4417,2.9858,0,0,0,0
41,3,1,1,0,1,1,0.9961,0.8379,0.9512,0.3083,711.0,351.0,729.5,345.5,618.5,565.0,641.5,553.0,19.3003,25.9422,1.3441,0,0,0,0
41,3,1,5,0,0,1,0.1113,0.1101,0.0646,0.05,1051.0,0.0,215.0,0.0,990.5,0.0,333.0,0.0,836.0,657.5,0.7865,1,0,0,0
42,3,1,1,0,1,1,0.9907,0.832,0.9287,0.3694,674.0,355.0,714.0,348.0,584.5,575.0,614.0,541.0,40.6079,45.0139,1.1085,0,0,0,0
42,3,1,0,1,0,1,0.9058,0.9917,0.5732,0.9204,459.5,332.0,430.0,327.0,502.25,607.0,455.25,690.0,29.9207,95.3834,3.1879,0,0,0,0
42,3,1,5,0,0,1,0.0967,0.1155,0.0519,0.0411,1102.0,0.0,281.5,0.0,947.0,0.0,309.5,0.0,820.5,637.5,0.777,1,0,0,0
43,3,1,0,1,1,1,0.9316,0.9937,0.4719,0.895,460.75,330.0,430.0,329.5,515.0,614.5,458.75,684.0,30.7541,89.4109,2.9073,0,0,0,0
43,3,1,1,0,1,1,0.9897,0.8076,0.9229,0.3452,673.0,357.0,701.5,348.5,588.0,575.0,615.0,539.5,29.7405,44.601,1.4997,0,0,0,0
43,3,1,5,0,0,1,0.1116,0.1178,0.0541,0.0385,1088.0,0.0,288.0,0.0,932.0,0.0,312.25,0.0,800.0,619.75,0.7747,1,0,0,0
44,3,1,0,0,1,0,0.9004,0.9888,0.3462,0.8286,487.5,342.5,448.0,340.5,529.0,652.0,481.25,668.5,39.5506,50.5204,1.2774,0,0,0,0
44,3,1,1,0,1,0,0.9878,0.6299,0.9102,0.1873,652.0,352.0,671.5,349.5,574.0,562.5,581.0,531.0,19.6596,32.2684,1.6414,0,0,0,0
44,3,1,5,0,0,1,0.1255,0.1168,0.06,0.0393,1088.0,0.0,283.5,0.0,969.0,0.0,313.5,0.0,804.5,655.5,0.8148,1,0,0,0
45,3,1,0,0,1,0,0.8838,0.9878,0.3618,0.8413,489.75,336.5,446.25,336.0,529.0,635.0,479.75,676.0,43.5029,64.0825,1.4731,0,0,0,0
45,3,1,1,0,1,0,0.9863,0.6899,0.9097,0.2382,654.0,362.0,673.0,352.0,575.0,565.5,586.0,531.5,21.4709,35.7351,1.6644,0,0,0,0
45,3,1,5,0,0,1,0.1078,0.1182,0.0615,0.0493,1075.0,0.0,288.0,0.0,1001.0,0.0,330.25,0.0,787.0,670.75,0.8523,1,0,0,0
46,3,1,0,0,1,0,0.8604,0.9873,0.3364,0.8467,535.0,337.0,472.25,336.5,550.5,617.5,498.5,676.5,62.752,78.6448,1.2533,0,0,0,0
46,3,1,1,0,1,0,0.9575,0.6782,0.689,0.2081,628.5,331.0,612.5,335.5,562.0,576.0,565.0,560.0,16.6208,16.2788,0.9794,0,0,0,0
46,3,1,5,0,0,1,0.0966,0.1146,0.1056,0.0877,1090.0,0.0,291.0,0.0,976.0,0.0,312.0,0.0,799.0,664.0,0.831,1,0,0,0
47,3,1,0,1,1,0,0.8618,0.9771,0.4429,0.8418,541.5,341.5,465.5,343.0,543.0,584.0,495.25,647.0,76.0148,79.051,1.0399,0,0,0,0
47,3,1,1,0,1,0,0.9448,0.5688,0.6968,0.1748,631.0,328.0,624.5,331.5,558.0,557.0,572.0,559.0,7.3824,14.1421,1.9157,0,0,0,0
47,3,1,5,0,0,1,0.1326,0.1328,0.0523,0.0362,1086.0,0.0,266.75,0.0,988.0,0.0,284.5,0.0,819.25,703.5,0.8587,1,0,0,0
48,2,0,0,0,1,1,0.8755,0.9893,0.3679,0.8628,551.5,354.0,509.75,341.5,590.5,613.0,527.0,682.0,43.5811,93.7723,2.1517,0,0,0,0
48,2,0,5,0,0,1,0.0824,0.1213,0.0353,0.046,1036.0,0.0,222.5,0.0,972.0,0.0,269.75,0.0,813.5,702.25,0.8632,1,0,0,0
49,2,0,0,1,1,1,0.9292,0.9912,0.4644,0.8823,581.0,350.0,525.5,342.5,600.5,670.0,546.0,689.0,56.0045,57.717,1.0306,0,0,0,0
49,2,0,5,0,0,1,0.1289,0.1312,0.0853,0.066,1087.0,0.0,300.5,0.0,993.0,0.0,313.25,0.0,786.5,679.75,0.8643,1,0,0,0
50,2,0,0,1,0,1,0.9297,0.9922,0.4988,0.8955,580.0,346.0,535.5,339.0,600.0,658.5,535.5,695.5,45.0472,74.3589,1.6507,0,0,0,0
50,2,0,5,0,0,1,0.1132,0.1316,0.0537,0.0456,1087.0,0.0,301.25,0.0,976.5,0.0,315.0,0.0,785.75,661.5,0.8419,1,0,0,0
51,2,0,0,0,0,1,0.8999,0.9888,0.355,0.814,593.5,333.0,559.5,335.5,627.0,649.0,554.0,697.5,34.0918,87.6427,2.5708,0,0,0,0
51,2,0,5,0,0,1,0.1021,0.1359,0.0493,0.0551,1045.0,0.0,241.75,0.0,973.0,0.0,321.75,0.0,803.25,651.25,0.8108,1,0,0,0
52,2,0,0,0,0,1,0.8848,0.9795,0.3306,0.75,603.0,334.0,560.0,335.0,624.5,656.5,553.5,700.0,43.0116,83.2661,1.9359,0,0,0,0
52,2,0,5,0,0,1,0.1142,0.1326,0.0481,0.0487,1029.0,0.0,226.25,0.0,984.0,0.0,317.75,0.0,802.75,666.25,0.83,1,0,0,0
53,3,1,0,0,0,0,0.9155,0.9863,0.3926,0.7832,629.0,340.0,592.0,338.0,648.0,625.5,566.5,691.0,37.054,104.5586,2.8218,0,0,0,0
53,3,1,6,0,1,0,0.9038,0.7202,0.4004,0.1602,536.5,353.0,504.25,355.5,498.25,617.0,511.25,639.0,32.3468,25.5539,0.79,0,0,0,0
53,3,1,5,0,0,1,0.0975,0.1216,0.0495,0.0482,1043.0,0.0,244.0,0.0,1000.0,0.0,315.5,0.0,799.0,684.5,0.8567,1,0,0,0
54,3,1,0,0,0,0,0.9028,0.9844,0.3691,0.772,618.5,328.0,587.0,328.0,642.0,625.5,575.0,690.0,31.5,93.0013,2.9524,0,0,0,0
54,3,1,6,0,1,0,0.9053,0.7144,0.3748,0.1395,533.5,348.0,505.75,352.5,501.5,618.0,520.5,631.0,28.1125,23.0217,0.8189,0,0,0,0
54,3,1,5,0,0,1,0.1235,0.1168,0.0651,0.047,1086.0,0.0,286.75,0.0,994.5,0.0,332.0,0.0,799.25,662.5,0.8289,1,0,0,0
55,3,1,0,0,0,0,0.8999,0.9883,0.3564,0.8003,637.0,326.5,611.0,328.5,660.5,634.5,573.5,712.0,26.0768,116.5129,4.4681,0,0,0,0
55,3,1,6,0,1,0,0.9624,0.6743,0.6104,0.1254,533.5,354.0,509.25,351.5,530.5,616.0,503.75,619.0,24.3785,26.9177,1.1042,0,0,0,0
55,3,1,5,0,0,1,0.0966,0.1014,0.1103,0.0837,1112.0,0.0,297.25,0.0,954.0,0.0,292.75,0.0,814.75,661.25,0.8116,1,0,0,0
56,3,1,0,0,0,0,0.9014,0.9873,0.354,0.7891,640.5,334.0,615.0,339.0,661.0,626.5,582.5,714.0,25.9856,117.5521,4.5237,0,0,0,0
56,3,1,6,0,1,0,0.9712,0.7012,0.646,0.1294,537.0,358.0,509.25,352.0,523.0,627.0,497.75,620.0,28.3912,26.2023,0.9229,0,0,0,0
56,3,1,5,0,0,1,0.1023,0.1023,0.1013,0.0699,1102.0,0.0,281.25,0.0,958.0,0.0,294.0,0.0,820.75,664.0,0.809,1,0,0,0
57,3,1,0,0,0,1,0.8955,0.9873,0.3635,0.8281,675.0,342.5,631.5,342.0,722.0,655.5,628.5,693.0,43.5029,100.7398,2.3157,0,0,0,0
57,3,1,6,0,1,1,0.9912,0.8281,0.8516,0.2194,498.0,338.0,479.25,334.0,532.5,614.0,449.25,586.5,19.1719,87.6745,4.5731,0,0,0,0
57,3,1,5,0,0,1,0.1067,0.1249,0.053,0.0482,1114.0,0.0,287.0,0.0,973.5,0.0,293.75,0.0,827.0,679.75,0.8219,1,0,0,0
58,3,1,0,1,1,1,0.9097,0.9863,0.4163,0.8174,708.5,338.5,646.5,343.5,759.0,621.0,657.0,683.5,62.2013,119.6255,1.9232,0,0,0,0
58,3,1,6,1,1,1,0.9922,0.8975,0.9561,0.5991,472.5,346.5,454.0,343.0,503.5,599.0,392.0,538.0,18.8282,127.0954,6.7503,0,0,0,0
58,3,1,5,0,0,1,0.0923,0.1205,0.0356,0.0318,1126.0,0.0,269.0,0.0,961.5,0.0,280.75,0.0,857.0,680.75,0.7943,1,0,0,0
59,3,1,0,1,1,1,0.9346,0.9878,0.4841,0.8286,705.5,337.5,649.0,343.0,757.5,619.0,641.5,673.0,56.7671,127.9531,2.254,0,0,0,0
59,3,1,6,1,1,1,0.9937,0.9028,0.9604,0.5986,468.75,349.0,450.5,345.0,502.75,600.0,392.75,538.0,18.6832,126.2696,6.7584,0,0,0,0
59,3,1,5,0,0,1,0.0862,0.1113,0.047,0.0404,1132.0,0.0,276.0,0.0,962.5,0.0,306.75,0.0,856.0,655.75,0.7661,1,0,0,0
60,3,1,0,0,0,1,0.9053,0.9878,0.3225,0.771,717.5,336.0,686.0,346.5,754.0,676.0,678.0,720.0,33.2039,87.818,2.6448,0,0,0,0
60,3,1,6,0,1,1,0.9941,0.854,0.937,0.3855,454.0,360.5,414.25,352.0,473.0,614.5,362.25,539.5,40.6486,133.7556,3.2905,0,0,0,0
60,3,1,5,0,0,1,0.1155,0.1147,0.1065,0.0847,1055.0,0.0,237.75,0.0,972.0,0.0,333.5,0.0,817.25,638.5,0.7813,1,0,0,0
61,3,1,0,0,0,1,0.9077,0.9888,0.3384,0.7881,713.0,335.5,691.5,351.5,754.5,668.5,678.5,720.0,26.8002,91.8055,3.4256,0,0,0,0
61,3,1,6,0,1,1,0.9927,0.7617,0.9209,0.2595,450.25,359.5,423.75,351.5,474.0,615.0,372.0,540.0,27.6812,126.6057,4.5737,0,0,0,0
61,3,1,5,0,0,1,0.094,0.1089,0.057,0.0469,1096.0,0.0,284.0,0.0,995.0,0.0,336.5,0.0,812.0,658.5,0.811,1,0,0,0
62,3,1,0,0,0,1,0.8931,0.9912,0.3596,0.8452,754.0,329.5,715.0,346.5,788.0,637.0,716.5,712.0,42.5441,103.6207,2.4356,0,0,0,0
62,3,1,6,0,1,1,0.9653,0.707,0.7734,0.2322,412.75,347.5,405.5,334.5,339.0,533.0,339.75,532.0,14.885,1.25,0.084,0,0,0,0
62,3,1,5,0,0,1,0.0746,0.1144,0.0436,0.0568,1059.0,0.0,248.5,0.0,947.0,0.0,331.75,0.0,810.5,615.25,0.7591,1,0,0,0
63,3,1,0,1,0,1,0.9233,0.9893,0.4333,0.8169,748.0,332.0,716.0,347.0,780.0,639.0,712.5,693.0,35.3412,86.4422,2.4459,0,0,0,0
63,3,1,6,0,1,1,0.9741,0.7603,0.7881,0.2482,420.0,355.0,411.75,341.5,347.25,525.0,340.25,523.0,15.8213,7.2801,0.4601,0,0,0,0
63,3,1,5,0,0,1,0.0848,0.1342,0.0453,0.06,1051.0,0.0,246.5,0.0,911.5,0.0,331.5,0.0,804.5,580.0,0.7209,1,0,0,0
64,3,1,0,0,0,1,0.8945,0.9912,0.3533,0.8481,775.0,334.0,749.0,345.0,798.0,650.0,747.5,707.5,28.2312,76.5278,2.7108,0,0,0,0
64,3,1,6,0,1,1,0.978,0.7495,0.7959,0.2368,399.75,371.0,388.5,359.5,399.75,615.0,343.5,571.0,16.0877,71.4147,4.4391,0,0,0,0
64,3,1,5,0,0,1,0.1034,0.1378,0.0449,0.0432,1094.0,0.0,311.75,0.0,938.5,0.0,348.5,0.0,782.25,590.0,0.7542,1,0,0,0
65,3,1,0,0,0,1,0.8989,0.9917,0.3611,0.8613,774.0,330.5,757.5,340.5,798.5,648.0,749.0,699.0,19.2938,71.0721,3.6837,0,0,0,0
65,3,1,6,0,1,1,0.979,0.7446,0.7642,0.2002,399.25,361.0,390.0,349.0,398.75,613.5,336.25,561.0,15.1513,81.6241,5.3873,0,0,0,0
65,3,1,5,0,0,1,0.0933,0.1367,0.0364,0.0394,1104.0,0.0,283.25,0.0,992.0,0.0,310.0,0.0,820.75,682.0,0.8309,1,0,0,0
66,2,0,6,0,1,1,0.9795,0.6802,0.6753,0.0837,356.75,367.0,359.75,355.0,334.0,685.0,303.75,653.0,12.3693,44.0348,3.56,0,0,0,0
66,2,0,0,0,0,1,0.896,0.9912,0.3831,0.8604,810.0,327.0,781.5,331.5,862.5,637.0,789.5,703.5,28.8531,98.7484,3.4225,0,0,0,0
67,3,1,6,0,1,1,0.9844,0.7383,0.7266,0.106,361.75,355.0,359.5,346.0,325.0,684.0,302.75,661.0,9.277,32.001,3.4495,0,0,0,0
67,3,1,0,0,1,1,0.9248,0.9922,0.3247,0.8174,807.5,320.5,786.0,326.0,857.5,649.0,795.0,687.0,22.1923,73.1454,3.296,0,0,0,0
67,3,1,7,0,0,1,0.0891,0.1195,0.0763,0.0743,1088.0,0.0,322.25,0.0,973.0,0.0,314.0,0.0,765.75,659.0,0.8606,1,0,0,0
68,3,1,0,1,0,1,0.9336,0.9912,0.4207,0.8525,833.5,330.0,803.5,332.0,872.5,668.0,847.5,713.0,30.0666,51.4782,1.7121,0,0,0,0
68,3,1,6,0,1,1,0.9824,0.6963,0.7598,0.1229,338.0,345.0,341.5,340.5,314.75,643.0,294.5,638.0,5.7009,20.8582,3.6588,0,0,0,0
68,3,1,7,0,0,1,0.0891,0.1243,0.0428,0.043,1095.0,0.0,313.25,0.0,955.0,0.0,330.25,0.0,781.75,624.75,0.7992,1,0,0,0
69,3,1,0,0,1,1,0.9038,0.9902,0.3557,0.8423,853.5,324.5,837.0,330.0,908.0,653.5,886.5,689.0,17.3925,41.503,2.3863,0,0,0,0
69,3,1,6,0,1,1,0.9932,0.6802,0.8809,0.134,308.25,349.0,343.0,327.0,262.0,610.0,278.0,563.5,41.1286,49.1757,1.1957,0,0,0,0
69,3,1,7,0,0,1,0.1039,0.1298,0.0465,0.0426,1091.0,0.0,328.5,0.0,942.0,0.0,355.0,0.0,762.5,587.0,0.7698,1,0,0,0
70,2,0,0,0,0,1,0.9302,0.9922,0.3999,0.8501,857.5,326.0,840.0,330.5,906.5,663.0,885.0,699.0,18.0693,41.9315,2.3206,0,0,0,0
70,2,0,6,0,1,1,0.9902,0.7446,0.8354,0.1718,321.25,347.5,341.5,332.0,263.25,622.0,264.0,554.0,25.5012,68.0041,2.6667,0,0,0,0
71,3,1,0,0,0,1,0.9302,0.9907,0.3787,0.8369,890.0,335.0,853.0,332.5,945.0,669.5,924.0,695.0,37.0844,33.0341,0.8908,0,0,0,0
71,3,1,6,0,1,1,0.9907,0.8184,0.8872,0.281,290.25,343.0,309.75,335.0,213.0,575.5,219.625,555.0,21.0772,21.5439,1.0221,0,0,0,0
71,3,1,8,0,0,1,0.1014,0.1271,0.0414,0.0375,1085.0,0.0,299.25,0.0,938.5,0.0,320.75,0.0,785.75,617.75,0.7862,1,0,0,0
72,3,1,0,1,0,1,0.9185,0.9868,0.4382,0.8516,890.0,329.5,853.0,328.5,939.0,668.0,932.0,695.0,37.0135,27.8927,0.7536,0,0,0,0
72,3,1,6,0,1,1,0.9897,0.8252,0.8755,0.2888,294.5,344.0,314.0,334.5,204.375,575.0,218.625,554.5,21.691,24.9662,1.151,0,0,0,0
72,3,1,8,0,0,1,0.0842,0.1122,0.0383,0.0391,1081.0,0.0,302.25,0.0,955.5,0.0,313.75,0.0,778.75,641.75,0.8241,1,0,0,0
73,2,0,0,1,1,1,0.9004,0.9814,0.4099,0.8145,927.5,334.5,891.0,329.0,953.0,666.0,944.5,689.0,36.9121,24.5204,0.6643,0,0,0,0
73,2,0,6,1,1,1,0.9907,0.9175,0.8813,0.4407,262.0,333.0,315.5,329.5,167.5,551.0,326.5,554.0,53.6144,159.0283,2.9662,0,0,0,0
74,2,0,0,0,0,1,0.9058,0.9897,0.3979,0.8682,910.0,334.0,889.5,327.0,965.0,669.5,953.0,690.0,21.6622,23.7539,1.0966,0,0,0,0
74,2,0,6,1,1,1,0.9917,0.9204,0.8994,0.4792,263.0,333.5,312.5,331.0,169.75,550.5,327.5,554.5,49.5631,157.8007,3.1838,0,0,0,0
75,2,0,0,1,0,1,0.9326,0.9897,0.4497,0.8442,951.0,335.0,904.0,331.0,1001.0,643.5,973.5,691.0,47.1699,54.8862,1.1636,0,0,0,0
75,2,0,6,1,1,1,0.9961,0.9419,0.9482,0.5459,236.125,340.0,309.5,329.5,121.5625,556.0,334.5,564.0,74.1225,213.0877,2.8748,0,0,0,0
76,2,0,0,1,0,1,0.9355,0.9888,0.4958,0.8428,949.5,333.5,904.5,333.5,1000.5,635.0,982.0,691.5,45.0,59.4517,1.3211,0,0,0,0
76,2,0,6,1,1,1,0.9946,0.9468,0.9072,0.5474,236.75,343.5,304.5,335.0,123.75,573.0,323.0,563.0,68.2811,199.5008,2.9218,0,0,0,0
77,2,0,6,1,1,1,0.9902,0.9536,0.9268,0.6685,212.0,351.0,296.5,342.0,100.0625,550.5,319.5,560.5,84.9779,219.6652,2.585,0,0,0,0
77,2,0,0,1,0,1,0.917,0.9878,0.4319,0.8604,974.0,343.0,930.5,340.5,1015.0,678.0,1009.5,708.0,43.5718,30.5,0.7,0,0,0,0
78,2,0,6,1,1,1,0.9951,0.9199,0.9443,0.5439,201.125,346.5,289.75,342.0,66.75,548.0,295.0,573.0,88.7392,229.615,2.5875,0,0,0,0
78,2,0,0,1,0,1,0.918,0.9941,0.4651,0.9058,1002.5,346.0,956.0,350.0,1039.0,630.0,1017.5,718.0,46.6717,90.5884,1.941,0,0,0,0
79,2,0,6,1,1,1,0.9966,0.9434,0.9424,0.5098,202.625,349.5,290.5,343.5,70.25,552.0,297.5,568.0,88.0796,227.8126,2.5864,0,0,0,0
79,2,0,0,1,0,1,0.9072,0.9927,0.4392,0.8926,1001.5,348.0,965.0,351.5,1037.0,646.0,1009.5,709.0,36.6674,68.7405,1.8747,0,0,0,0
80,2,0,0,1,0,1,0.8906,0.9917,0.4353,0.8823,1038.0,346.5,975.0,349.0,1067.0,624.0,1011.0,720.0,63.0496,111.1396,1.7627,0,0,0,0
80,2,0,6,1,1,1,0.9927,0.9497,0.8955,0.5151,187.375,357.0,289.0,345.0,58.6875,570.0,281.75,576.0,102.331,223.1432,2.1806,0,0,0,0
81,2,0,0,0,0,1,0.8696,0.9912,0.3999,0.8853,1046.0,349.0,976.5,350.5,1065.0,624.0,1009.5,720.0,69.5162,110.8885,1.5951,0,0,0,0
81,2,0,6,1,1,1,0.9937,0.9409,0.9121,0.4846,182.75,356.0,287.0,346.0,58.375,570.5,274.75,575.5,104.7285,216.4328,2.0666,0,0,0,0
82,2,0,6,1,1,1,0.9883,0.9556,0.8589,0.5693,168.0,354.5,282.5,346.0,76.25,569.5,262.25,563.5,114.8151,186.0967,1.6208,0,0,0,0
82,2,0,0,0,0,1,0.8989,0.9902,0.3469,0.8364,1059.0,350.0,999.0,340.0,1078.0,640.0,1005.0,697.0,60.8276,92.6175,1.5226,0,0,0,0
83,2,0,6,1,1,1,0.9922,0.9443,0.8735,0.4885,165.0,356.5,278.0,348.5,69.0,566.5,263.5,562.0,113.2828,194.552,1.7174,0,0,0,0
83,2,0,0,0,0,1,0.9155,0.9922,0.3521,0.8403,1054.0,347.5,1002.0,341.0,1079.0,640.0,1014.5,699.0,52.4047,87.4142,1.6681,0,0,0,0
84,3,1,6,1,1,1,0.9858,0.9756,0.7832,0.6772,145.25,358.5,276.75,355.0,71.4375,574.0,257.75,563.0,131.5466,186.6369,1.4188,0,0,0,0
84,3,1,0,0,0,1,0.9438,0.9912,0.3787,0.7866,1104.0,347.0,1010.5,341.5,1124.0,644.5,999.0,696.5,93.6616,135.3846,1.4455,0,0,0,0
84,3,1,9,0,0,1,0.1095,0.1212,0.0524,0.0434,1017.5,0.0,355.25,0.0,877.0,0.0,349.75,0.0,662.25,527.25,0.7961,1,0,0,0
85,2,0,6,1,1,1,0.9854,0.9795,0.6973,0.667,129.375,346.5,264.0,345.0,77.1875,587.0,259.5,554.0,134.6334,185.2751,1.3761,0,0,0,0
85,2,0,0,1,1,1,0.939,0.9902,0.4541,0.813,1127.0,352.0,1019.0,346.0,1140.0,631.0,1015.5,689.0,108.1665,137.3472,1.2698,0,0,0,0
86,2,0,6,1,1,1,0.9883,0.9824,0.7441,0.6948,125.625,353.0,270.75,351.0,81.3125,581.5,260.0,545.0,145.1388,182.3773,1.2566,0,0,0,0
86,2,0,0,1,1,1,0.9419,0.9912,0.47,0.8218,1130.0,344.5,1023.5,343.0,1148.0,632.0,1015.5,689.0,106.5106,144.2403,1.3542,0,0,0,0
87,2,0,6,1,1,1,0.9873,0.9878,0.7056,0.7529,128.0,339.5,260.0,342.5,75.75,578.0,244.5,543.0,132.0341,172.3414,1.3053,0,0,0,0
87,2,0,0,1,1,1,0.9644,0.9927,0.5645,0.8433,1166.0,353.5,1030.0,343.5,1203.0,635.0,1002.0,687.0,136.3672,207.6174,1.5225,0,0,0,0
88,2,0,0,1,1,1,0.9604,0.9937,0.5459,0.8667,1169.0,351.5,1025.0,344.0,1195.0,624.0,1008.5,687.5,144.1952,197.014,1.3663,0,0,0,0
88,2,0,6,1,1,1,0.9854,0.9858,0.6919,0.7417,124.0,338.5,260.0,342.5,94.0625,574.5,253.625,543.5,136.0588,162.546,1.1947,0,0,0,0
89,2,0,0,1,0,1,0.9717,0.9922,0.5815,0.7988,1192.0,357.0,1039.0,347.5,1242.0,645.0,1015.5,690.0,153.2947,230.9269,1.5064,0,0,0,0
89,2,0,6,1,1,1,0.9878,0.9907,0.7646,0.8008,131.375,337.0,254.0,348.0,95.25,562.0,233.0,540.5,123.1174,139.4178,1.1324,0,0,0,0
90,2,0,6,1,1,1,0.9858,0.9888,0.7637,0.791,127.1875,341.0,254.0,351.5,96.125,562.0,241.25,542.0,127.2465,146.4966,1.1513,0,0,0,0
90,2,0,0,1,1,1,0.9727,0.9941,0.6245,0.854,1191.0,357.0,1040.0,348.0,1242.0,634.0,1004.0,688.5,151.268,244.1603,1.6141,0,0,0,0
91,3,1,0,1,0,1,0.9668,0.9888,0.5869,0.7856,1213.0,366.0,1046.0,356.5,1261.0,633.0,1021.5,702.0,167.27,249.2413,1.4901,0,0,0,0
91,3,1,6,1,1,1,0.9868,0.9912,0.7686,0.8413,138.5,334.0,247.0,339.5,105.5625,565.0,258.5,532.5,108.6393,156.3526,1.4392,0,0,0,0
91,3,1,10,0,0,1,0.0554,0.0715,0.0352,0.0336,1036.0,0.0,325.25,0.0,897.0,0.0,352.5,0.0,710.75,544.5,0.7661,1,0,0,0
92,2,0,0,1,0,1,0.9639,0.9902,0.5737,0.8076,1215.0,372.5,1047.0,366.5,1251.0,631.0,1028.0,701.0,168.1071,233.7285,1.3904,0,0,0,0
92,2,0,6,1,1,1,0.9858,0.9907,0.7671,0.8472,142.0,334.0,242.125,338.5,106.125,564.5,250.75,531.0,100.2261,148.4542,1.4812,0,0,0,0
93,2,0,0,1,0,1,0.958,0.9907,0.4604,0.7603,1236.0,359.5,1060.0,356.5,1273.0,631.0,1022.5,703.0,176.0256,260.642,1.4807,0,0,0,0
93,2,0,6,1,1,1,0.9766,0.9858,0.5879,0.7437,143.625,328.5,241.25,335.5,125.5625,560.5,255.0,543.0,97.8756,130.6151,1.3345,0,0,0,0
94,2,0,0,0,0,1,0.9458,0.9907,0.3726,0.7305,1252.0,362.0,1065.0,359.5,1272.0,614.5,1029.0,703.0,187.0167,258.6141,1.3828,0,0,0,0
94,2,0,6,1,1,1,0.9727,0.9907,0.5913,0.8257,150.125,325.5,239.375,335.5,114.5,561.0,269.5,544.5,89.8085,155.8758,1.7356,0,0,0,0
95,2,0,0,1,0,1,0.9541,0.9912,0.4075,0.7397,1250.0,361.0,1064.0,357.0,1270.0,623.0,1020.0,694.0,186.043,259.8865,1.3969,0,0,0,0
95,2,0,6,1,1,1,0.9727,0.9912,0.5854,0.8301,147.5,327.0,238.5,338.0,114.875,561.0,270.0,544.5,91.6624,156.0001,1.7019,0,0,0,0
96,2,0,0,0,0,1,0.9448,0.9932,0.2969,0.7046,1263.0,355.5,1068.0,353.5,1260.0,644.0,1042.0,713.5,195.0103,228.8105,1.1733,0,0,0,0
96,2,0,6,1,1,1,0.9727,0.9937,0.6245,0.8804,157.5,333.5,240.5,339.5,137.625,567.5,292.5,547.5,83.2166,156.161,1.8766,0,0,0,0
97,2,0,0,0,0,1,0.9409,0.9937,0.3254,0.7397,1270.0,357.0,1067.0,362.0,1257.0,632.5,1040.0,703.0,203.0616,228.165,1.1236,0,0,0,0
97,2,0,6,1,1,1,0.9653,0.9917,0.5649,0.8604,163.625,336.0,245.25,344.0,129.75,578.0,284.0,548.0,82.0161,157.1403,1.916,0,0,0,0
98,2,0,0,0,0,1,0.9131,0.9922,0.2378,0.6968,1278.0,354.0,1070.0,359.5,1244.0,654.0,1054.0,696.0,208.0727,194.5867,0.9352,0,0,0,0
98,2,0,6,1,1,1,0.9717,0.9922,0.7461,0.9141,178.75,334.0,245.5,344.5,134.25,559.0,306.5,548.5,67.5708,172.5697,2.5539,0,0,0,0
99,2,0,0,0,0,1,0.9282,0.9897,0.2322,0.6274,1271.0,352.5,1075.0,354.0,1238.0,651.5,1042.0,687.0,196.0057,199.189,1.0162,0,0,0,0
99,2,0,6,1,1,1,0.9761,0.9937,0.6807,0.9062,183.875,343.5,243.375,348.5,142.75,565.0,302.25,538.5,59.7097,161.6864,2.7079,0,0,0,0
100,2,0,0,0,0,1,0.8706,0.9849,0.1631,0.5801,1277.0,346.0,1080.0,349.0,1240.0,656.5,1043.0,708.0,197.0228,203.6204,1.0335,0,0,0,0
100,2,0,6,1,1,1,0.9497,0.9937,0.7305,0.9478,198.5,348.0,241.875,349.0,142.125,550.0,318.5,545.5,43.3865,176.4324,4.0665,0,0,0,0
101,2,0,0,0,0,1,0.876,0.9854,0.1652,0.5928,1277.0,346.5,1082.0,347.0,1239.0,664.0,1044.0,700.0,195.0006,198.2952,1.0169,0,0,0,0
101,2,0,6,1,1,1,0.9487,0.9937,0.709,0.9458,203.75,340.5,242.5,343.0,147.375,559.0,319.0,536.5,38.8306,173.0936,4.4577,0,0,0,0
102,2,0,0,0,0,1,0.8018,0.9771,0.1261,0.5337,1280.0,352.0,1091.0,353.0,1236.0,646.0,1044.0,672.5,189.0026,193.8201,1.0255,0,0,0,0
102,2,0,6,1,1,1,0.9424,0.9937,0.5068,0.9116,215.625,332.0,260.25,336.0,186.375,546.0,332.25,531.0,44.8039,146.6442,3.273,0,0,0,0
103,3,1,0,0,0,1,0.8325,0.9814,0.1688,0.6094,1280.0,349.0,1088.0,352.0,1237.0,647.0,1044.0,681.5,192.0234,196.0593,1.021,0,0,0,0
103,3,1,6,1,1,1,0.9502,0.9941,0.5781,0.9282,217.375,336.0,262.0,340.0,185.375,545.5,324.5,530.0,44.8039,139.9858,3.1244,0,0,0,0
103,3,1,11,0,0,1,0.0952,0.112,0.0452,0.0453,1022.0,0.0,325.75,0.0,896.0,0.0,362.25,0.0,696.25,533.75,0.7666,1,0,0,0
104,2,0,0,0,0,1,0.728,0.9683,0.1404,0.5737,1280.0,343.5,1100.0,347.0,1236.0,629.0,1045.0,654.0,180.034,192.6292,1.07,0,0,0,0
104,2,0,6,1,1,1,0.9629,0.9941,0.6763,0.9302,236.875,333.0,281.0,340.5,212.5,536.0,344.5,547.0,44.7579,132.4575,2.9594,0,0,0,0
105,2,0,0,0,0,1,0.7798,0.9751,0.167,0.624,1280.0,348.0,1100.0,350.5,1236.0,645.5,1045.0,655.0,180.0174,191.2361,1.0623,0,0,0,0
105,2,0,6,1,1,1,0.9692,0.9956,0.6855,0.9399,236.5,332.5,278.5,338.5,221.75,535.5,343.5,540.5,42.4264,121.8526,2.8721,0,0,0,0
106,2,0,0,0,0,1,0.6743,0.9556,0.1455,0.5762,1280.0,354.0,1108.0,358.0,1231.0,652.0,1051.0,655.5,172.0465,180.034,1.0464,0,0,0,0
106,2,0,6,0,1,1,0.9043,0.9849,0.356,0.8159,273.5,333.5,292.25,340.0,330.0,534.0,362.25,554.0,19.8447,37.9482,1.9123,0,0,0,0
107,3,1,0,0,0,1,0.8062,0.9727,0.2742,0.6958,1280.0,343.5,1119.0,348.0,1214.0,621.0,1051.0,644.0,161.0629,164.6147,1.0221,0,0,0,0
107,3,1,6,0,1,1,0.8965,0.981,0.3721,0.7998,296.0,339.0,312.25,344.0,344.5,540.0,358.0,555.0,17.0018,20.1804,1.187,0,0,0,0
107,3,1,12,0,0,1,0.0909,0.0942,0.04,0.0319,1054.0,0.0,315.0,0.0,859.0,0.0,351.25,0.0,739.0,507.75,0.6871,1,0,0,0
108,2,0,0,0,0,1,0.6943,0.957,0.157,0.5991,1280.0,352.0,1119.0,356.5,1232.0,650.0,1051.0,646.0,161.0629,181.0442,1.1241,0,0,0,0
108,2,0,6,1,1,1,0.9209,0.9844,0.4138,0.8047,300.5,337.5,313.75,349.0,345.0,539.5,357.5,555.0,17.5446,19.9123,1.135,0,0,0,0
109,2,0,0,0,0,1,0.7095,0.9653,0.2278,0.7051,1280.0,351.5,1123.0,358.0,1222.0,644.5,1057.0,646.0,157.1345,165.0068,1.0501,0,0,0,0
109,2,0,6,1,1,1,0.8901,0.9819,0.4036,0.8301,316.0,335.5,329.75,345.5,354.25,545.0,365.75,557.0,17.0018,16.6208,0.9776,0,0,0,0
110,3,1,0,0,0,1,0.7388,0.9653,0.2445,0.6973,1280.0,351.5,1122.0,360.0,1223.0,644.0,1058.0,645.5,158.2285,165.0068,1.0428,0,0,0,0
110,3,1,6,1,1,1,0.8784,0.9878,0.4497,0.8882,302.0,338.5,328.25,346.5,360.75,548.0,364.75,571.0,27.442,23.3452,0.8507,0,0,0,0
110,3,1,13,0,0,1,0.0948,0.1146,0.0405,0.0366,1058.0,0.0,314.25,0.0,896.0,0.0,313.75,0.0,743.75,582.25,0.7829,1,0,0,0
111,3,1,0,0,0,1,0.7432,0.957,0.262,0.6836,1280.0,331.0,1120.0,345.0,1220.0,652.0,1067.0,646.0,160.6113,153.1176,0.9533,0,0,0,0
111,3,1,6,0,1,1,0.8496,0.9829,0.2413,0.7798,336.5,327.0,344.25,335.5,370.0,549.5,367.25,576.0,11.5027,26.6423,2.3162,0,0,0,0
111,3,1,13,0,0,1,0.1017,0.1327,0.0532,0.0565,1050.0,0.0,324.75,0.0,847.5,0.0,330.75,0.0,725.25,516.75,0.7125,1,0,0,0
112,2,0,0,0,0,1,0.752,0.9634,0.271,0.7065,1280.0,342.5,1123.0,351.0,1222.0,644.5,1067.0,655.5,157.2299,155.3898,0.9883,0,0,0,0
112,2,0,6,0,1,1,0.8628,0.9761,0.3162,0.7725,348.0,323.5,344.75,329.0,374.25,544.0,372.25,567.0,6.3885,23.0868,3.6138,0,0,0,0
113,3,1,0,0,0,1,0.7617,0.9595,0.2847,0.7021,1280.0,337.0,1116.0,349.0,1223.0,661.5,1076.0,648.0,164.4384,147.6186,0.8977,0,0,0,0
113,3,1,6,1,1,1,0.8999,0.9829,0.5435,0.8901,373.0,328.0,356.5,336.0,397.25,542.0,365.5,572.5,18.3371,44.0263,2.4009,0,0,0,0
113,3,1,14,0,0,1,0.0602,0.0728,0.0363,0.0374,1005.0,0.0,253.5,0.0,893.0,0.0,314.25,0.0,751.5,578.75,0.7701,1,0,0,0
114,2,0,0,1,0,1,0.8525,0.9575,0.4075,0.6938,1280.0,341.5,1123.0,356.0,1241.0,671.5,1078.0,649.0,157.6682,164.5456,1.0436,0,0,0,0
114,2,0,6,0,1,1,0.9121,0.9907,0.3647,0.8657,383.0,326.0,375.0,339.5,430.5,533.0,365.75,558.0,15.6924,69.4087,4.4231,0,0,0,0
115,2,0,0,0,0,1,0.8535,0.9482,0.3254,0.6338,1280.0,342.0,1128.0,352.0,1244.0,655.5,1072.0,632.5,152.3286,173.531,1.1392,0,0,0,0
115,2,0,6,0,1,1,0.918,0.9912,0.3821,0.8696,376.0,326.0,371.0,340.5,432.75,533.0,365.5,567.5,15.3379,75.5831,4.9279,0,0,0,0
116,3,1,0,1,0,1,0.8916,0.9453,0.4346,0.6685,1267.0,348.5,1117.0,349.0,1254.0,653.0,1070.0,639.5,150.0008,184.4946,1.23,0,0,0,0
116,3,1,6,1,1,1,0.9556,0.9927,0.6919,0.9341,409.0,346.0,381.5,349.5,454.25,516.5,382.5,564.0,27.7218,86.0483,3.104,0,0,0,0
116,3,1,15,0,0,1,0.0893,0.0853,0.0471,0.0294,1035.0,0.0,309.25,0.0,908.0,0.0,305.0,0.0,725.75,603.0,0.8309,1,0,0,0
117,3,1,0,1,0,1,0.9243,0.9434,0.4287,0.5571,1263.0,344.5,1116.0,348.5,1248.0,663.0,1073.0,649.0,147.0544,175.5591,1.1938,0,0,0,0
117,3,1,6,1,1,1,0.9268,0.9932,0.4854,0.9077,407.0,340.5,383.5,351.0,445.25,508.0,379.0,559.0,25.7391,83.6066,3.2482,0,0,0,0
117,3,1,15,0,0,1,0.0942,0.0873,0.0481,0.0298,1045.0,0.0,298.0,0.0,907.0,0.0,316.75,0.0,747.0,590.25,0.7902,1,0,0,0
118,3,1,0,1,0,1,0.9341,0.918,0.4282,0.4346,1261.0,340.0,1106.0,353.5,1221.0,671.5,1062.0,650.0,155.5868,160.447,1.0312,0,0,0,0
118,3,1,6,1,1,1,0.9717,0.9932,0.7295,0.9102,447.75,332.0,405.5,341.0,487.0,485.0,381.25,569.0,43.1979,135.0521,3.1264,0,0,0,0
118,3,1,15,0,0,1,0.0885,0.0844,0.0465,0.031,1064.0,0.0,292.25,0.0,931.0,0.0,285.75,0.0,771.75,645.25,0.8361,1,0,0,0
119,3,1,0,1,0,1,0.9307,0.9146,0.4199,0.4165,1259.0,339.5,1103.0,356.5,1221.0,664.0,1061.0,658.0,156.9235,160.1125,1.0203,0,0,0,0
119,3,1,6,1,1,1,0.9746,0.9932,0.7334,0.9014,451.75,336.0,403.75,345.5,487.25,494.0,380.5,578.0,48.9311,135.8365,2.7761,0,0,0,0
119,3,1,15,0,0,1,0.0937,0.0988,0.0433,0.0334,1068.0,0.0,281.5,0.0,950.5,0.0,303.75,0.0,786.5,646.75,0.8223,1,0,0,0
120,3,1,0,1,1,1,0.9619,0.915,0.6221,0.49,1244.0,343.5,1096.0,352.5,1205.0,663.5,1065.0,630.5,148.2734,143.8367,0.9701,0,0,0,0
120,3,1,6,1,1,1,0.9741,0.9932,0.6987,0.8979,454.5,346.5,426.0,355.5,525.0,506.5,406.5,573.5,29.8873,136.1295,4.5548,0,0,0,0
120,3,1,15,0,0,1,0.1021,0.1252,0.0418,0.0337,1073.0,0.0,291.75,0.0,950.0,0.0,323.25,0.0,781.25,626.75,0.8022,1,0,0,0
121,3,1,0,1,0,1,0.9902,0.937,0.8589,0.5112,1214.0,340.5,1087.0,347.5,1180.0,693.0,1057.0,657.0,127.1928,128.1601,1.0076,0,0,0,0
121,3,1,6,1,1,1,0.9736,0.9966,0.729,0.9473,471.0,357.0,448.25,367.5,552.5,500.5,435.5,586.0,25.0562,144.9112,5.7834,0,0,0,0
121,3,1,15,0,0,1,0.0728,0.0833,0.0828,0.0724,1024.0,0.0,262.5,0.0,961.0,0.0,345.5,0.0,761.5,615.5,0.8083,1,0,0,0
122,3,1,0,1,0,1,0.9888,0.917,0.8413,0.4319,1216.0,339.5,1091.0,348.5,1180.0,692.5,1055.0,665.5,125.3236,127.8828,1.0204,0,0,0,0
122,3,1,6,1,1,1,0.9736,0.9961,0.7236,0.9448,473.25,354.0,448.75,364.0,552.0,518.0,435.75,586.5,26.4622,134.9308,5.099,0,0,0,0
122,3,1,15,0,0,1,0.0821,0.1116,0.0521,0.0489,1051.0,0.0,321.75,0.0,906.0,0.0,304.0,0.0,729.25,602.0,0.8255,1,0,0,0
123,3,1,0,1,0,1,0.9946,0.9341,0.9033,0.4893,1194.0,334.5,1078.0,346.5,1166.0,700.5,1047.0,672.0,116.619,122.3652,1.0493,0,0,0,0
123,3,1,6,1,1,1,0.9609,0.9941,0.7163,0.9404,495.5,359.5,475.25,365.0,557.5,506.0,468.25,590.5,20.9836,122.9057,5.8572,0,0,0,0
123,3,1,15,0,0,1,0.079,0.0833,0.05,0.0347,1076.0,0.0,301.75,0.0,960.0,0.0,305.75,0.0,774.25,654.25,0.845,1,0,0,0
124,3,1,0,1,0,1,0.9932,0.9365,0.8794,0.4873,1187.0,341.5,1075.0,351.5,1170.0,710.5,1051.0,664.0,112.4455,127.7625,1.1362,0,0,0,0
124,3,1,6,1,1,1,0.9634,0.9956,0.6787,0.9375,494.0,358.5,475.5,366.5,556.5,524.5,458.75,600.5,20.1556,123.8187,6.1431,0,0,0,0
124,3,1,15,0,0,1,0.0983,0.121,0.0631,0.0572,1034.0,0.0,246.5,0.0,990.0,0.0,332.75,0.0,787.5,657.25,0.8346,1,0,0,0
125,3,1,0,1,1,1,0.9927,0.9126,0.9038,0.4338,1161.0,326.0,1056.0,335.0,1154.0,686.0,1003.5,629.5,105.385,160.756,1.5254,0,0,0,0
125,3,1,6,1,1,1,0.9521,0.9927,0.6758,0.9287,518.5,354.0,503.25,363.0,569.5,522.5,490.25,594.5,17.7077,107.0727,6.0467,0,0,0,0
125,3,1,15,0,0,1,0.1067,0.1134,0.1174,0.0834,1075.0,0.0,329.75,0.0,959.5,0.0,316.75,0.0,745.25,642.75,0.8625,1,0,0,0
126,3,1,0,1,1,1,0.9927,0.9092,0.9028,0.4275,1160.0,327.5,1054.0,337.5,1146.0,685.0,1009.5,638.5,106.4707,144.203,1.3544,0,0,0,0
126,3,1,6,1,1,1,0.9629,0.9937,0.7051,0.9321,515.0,353.0,501.0,365.5,570.0,523.5,490.5,595.0,18.7683,106.9229,5.697,0,0,0,0
126,3,1,15,0,0,1,0.1311,0.1218,0.1093,0.0605,1063.0,0.0,295.0,0.0,925.0,0.0,301.0,0.0,768.0,624.0,0.8125,1,0,0,0
127,2,0,0,1,1,1,0.9951,0.9136,0.9321,0.4431,1141.0,326.5,1042.0,330.5,1138.0,668.0,977.5,635.0,99.0808,163.8574,1.6538,0,0,0,0
127,2,0,6,0,1,1,0.8882,0.9766,0.3743,0.7651,528.0,352.5,516.0,356.5,585.0,534.0,544.5,583.5,12.6491,63.957,5.0562,0,0,0,0
128,2,0,0,1,0,1,0.9961,0.9097,0.9458,0.4492,1141.0,328.5,1040.0,334.5,1146.0,692.0,994.0,637.5,101.1781,161.4752,1.596,0,0,0,0
128,2,0,6,1,1,1,0.8774,0.978,0.4089,0.8169,530.5,353.5,518.0,360.5,583.0,539.5,537.0,583.0,14.3265,63.3107,4.4191,0,0,0,0
129,2,0,0,1,1,1,0.9956,0.9312,0.918,0.4448,1124.0,329.0,1021.5,334.0,1127.0,687.0,960.5,660.0,102.6219,168.675,1.6437,0,0,0,0
129,2,0,6,1,1,1,0.8843,0.9785,0.4194,0.8335,562.5,346.5,537.5,355.0,600.5,548.5,581.0,570.0,26.4055,29.0259,1.0992,0,0,0,0
130,2,0,0,1,1,1,0.9956,0.9292,0.9414,0.5483,1097.0,324.0,1001.0,334.5,1125.0,681.0,946.5,640.5,96.5725,183.0369,1.8953,0,0,0,0
130,2,0,6,1,1,1,0.8906,0.9873,0.4282,0.8848,569.0,344.5,562.0,351.0,626.5,542.0,613.5,556.0,9.5525,19.105,2.0,0,0,0,0
131,2,0,0,1,1,1,0.9912,0.9199,0.8843,0.46,1096.0,327.5,1000.5,334.0,1117.0,669.5,956.0,630.5,95.7209,165.6563,1.7306,0,0,0,0
131,2,0,6,0,1,1,0.8848,0.9863,0.3889,0.8691,570.0,349.0,564.0,355.5,626.5,542.0,614.0,556.0,8.8459,18.7683,2.1217,0,0,0,0
132,2,0,0,1,1,1,0.9941,0.9194,0.9355,0.5625,1082.0,327.5,991.5,333.5,1106.0,683.0,960.5,596.0,90.6987,169.5265,1.8691,0,0,0,0
132,2,0,6,1,1,1,0.8843,0.9775,0.4243,0.8428,597.0,332.0,586.0,339.0,641.0,529.5,658.5,541.0,13.0384,20.9404,1.6061,0,0,0,0
133,3,1,0,1,1,1,0.9932,0.9131,0.916,0.4988,1083.0,323.0,986.0,327.0,1092.0,666.0,944.5,593.5,97.0824,164.3548,1.6929,0,0,0,0
133,3,1,6,1,1,1,0.9155,0.9858,0.5186,0.8813,587.5,336.5,584.5,348.0,643.0,536.0,651.0,550.0,11.8849,16.1245,1.3567,0,0,0,0
133,3,1,16,0,0,1,0.0989,0.1082,0.0539,0.0454,1032.0,0.0,266.0,0.0,905.5,0.0,328.5,0.0,766.0,577.0,0.7533,1,0,0,0
134,2,0,0,1,1,1,0.9956,0.9302,0.9326,0.5068,1065.0,329.5,956.0,343.5,1096.0,678.5,869.0,649.0,109.8954,228.9088,2.083,0,0,0,0
134,2,0,6,1,1,1,0.9209,0.9897,0.5015,0.9058,611.0,337.0,605.0,345.0,674.0,512.5,683.0,526.0,10.0,16.225,1.6225,0,0,0,0
135,3,1,0,1,0,1,0.9946,0.9375,0.9028,0.4792,1069.0,333.0,973.5,342.0,1087.0,692.5,870.5,652.0,95.9231,220.2555,2.2962,0,0,0,0
135,3,1,6,1,1,1,0.9038,0.9819,0.5376,0.894,615.0,337.0,604.0,341.0,667.5,526.0,682.5,533.5,11.7047,16.7705,1.4328,0,0,0,0
135,3,1,17,0,0,1,0.1212,0.1176,0.0589,0.0453,996.0,0.0,207.0,0.0,940.5,0.0,325.5,0.0,789.0,615.0,0.7795,1,0,0,0
136,2,0,6,1,1,1,0.9219,0.9883,0.5122,0.9043,633.5,337.5,621.5,338.0,702.0,514.0,715.5,520.0,12.0104,14.7733,1.23,0,0,0,0
136,2,0,0,1,0,1,0.9961,0.9238,0.9463,0.5137,1037.0,339.0,949.5,346.5,1063.0,698.5,860.5,639.5,87.8208,210.92,2.4017,0,0,0,0
137,2,0,6,1,1,1,0.9141,0.9863,0.4983,0.8975,635.0,335.5,620.5,336.0,701.5,514.5,715.0,520.5,14.5086,14.7733,1.0182,0,0,0,0
137,2,0,0,1,0,1,0.9956,0.9194,0.9395,0.491,1034.0,330.0,958.5,337.5,1047.0,692.0,870.0,658.5,75.8716,180.1423,2.3743,0,0,0,0
138,3,1,0,1,0,1,0.9951,0.9424,0.9136,0.541,1023.5,339.0,923.5,340.5,1037.0,698.0,861.0,649.5,100.0112,182.5603,1.8254,0,0,0,0
138,3,1,6,1,1,1,0.9331,0.9902,0.6548,0.9375,648.5,339.5,641.5,349.5,694.5,499.5,742.0,523.5,12.2066,53.2189,4.3599,0,0,0,0
138,3,1,18,0,0,1,0.1128,0.1394,0.0454,0.0411,1084.0,0.0,316.75,0.0,919.0,0.0,299.5,0.0,767.25,619.5,0.8074,1,0,0,0
139,2,0,0,1,0,1,0.9951,0.9365,0.9185,0.5347,1017.0,339.0,925.5,340.0,1037.0,706.0,862.0,650.0,91.5055,183.7417,2.008,0,0,0,0
139,2,0,6,1,1,1,0.9087,0.9878,0.5073,0.9062,651.5,341.5,646.5,345.5,713.0,502.0,742.5,524.0,6.4031,36.8001,5.7472,0,0,0,0
140,2,0,0,1,0,1,0.9971,0.9341,0.9351,0.4568,990.0,337.0,897.5,331.0,1009.0,698.0,847.0,662.5,92.6944,165.8441,1.7891,0,0,0,0
140,2,0,6,1,1,1,0.9219,0.9907,0.5552,0.9272,670.0,337.5,661.5,345.0,732.5,512.0,764.0,527.5,11.3358,35.107,3.097,0,0,0,0
141,2,0,0,1,0,1,0.9971,0.9316,0.9341,0.4473,991.0,338.5,903.0,338.5,1008.5,697.5,840.0,653.0,88.0,174.2771,1.9804,0,0,0,0
141,2,0,6,1,1,1,0.9175,0.9897,0.5361,0.9204,662.5,343.0,657.5,352.0,734.0,512.5,765.0,528.0,10.2956,34.6591,3.3664,0,0,0,0
142,3,1,0,0,0,1,0.9961,0.874,0.9224,0.2932,959.5,332.5,897.0,332.0,954.5,697.5,853.5,663.0,62.502,106.7298,1.7076,0,0,0,0
142,3,1,6,1,1,1,0.9004,0.9824,0.4634,0.8633,677.5,346.0,685.5,352.5,740.0,524.0,770.0,545.0,10.3078,36.6197,3.5526,0,0,0,0
142,3,1,19,0,0,1,0.097,0.1476,0.0522,0.0558,1096.0,0.0,327.75,0.0,962.0,0.0,344.5,0.0,768.25,617.5,0.8038,1,0,0,0
143,2,0,0,0,0,0,0.9971,0.853,0.9229,0.2272,926.0,324.0,882.5,316.5,922.0,702.5,837.0,641.5,44.1418,104.6231,2.3702,0,0,0,0
143,2,0,6,1,1,0,0.9062,0.9907,0.5991,0.9321,700.0,356.5,703.5,368.5,763.5,540.0,779.5,557.0,12.5,23.3452,1.8676,0,0,0,0
144,2,0,0,0,0,0,0.9971,0.8506,0.9126,0.2172,924.0,324.5,887.0,316.0,921.5,702.0,846.0,642.5,37.9638,96.1275,2.5321,0,0,0,0
144,2,0,6,1,1,0,0.8862,0.9844,0.5215,0.895,698.0,361.5,707.5,368.0,767.0,545.0,781.5,561.5,11.5109,21.9659,1.9083,0,0,0,0
145,2,0,0,0,0,0,0.9932,0.8672,0.9019,0.3606,907.5,317.5,818.0,313.0,888.0,692.5,772.5,579.0,89.6131,161.9336,1.807,0,0,0,0
145,2,0,6,1,1,0,0.7441,0.9663,0.408,0.8589,759.5,348.0,731.0,350.0,790.0,570.5,778.0,545.0,28.5701,28.1824,0.9864,0,0,0,0
146,2,0,0,0,0,0,0.9951,0.8423,0.8887,0.2483,908.5,327.0,826.0,320.5,891.0,713.0,784.5,609.5,82.7557,148.5076,1.7945,0,0,0,0
146,2,0,6,0,1,0,0.6465,0.958,0.3115,0.8521,754.5,352.0,728.0,355.0,792.5,560.5,778.0,558.0,26.6693,14.7139,0.5517,0,0,0,0
147,2,0,0,0,0,0,0.9946,0.875,0.8477,0.25,870.0,322.0,846.0,310.5,837.5,719.0,795.5,612.0,26.613,114.9478,4.3192,0,0,0,0
147,2,0,6,0,1,0,0.4824,0.6411,0.1899,0.3611,749.0,333.5,739.0,331.0,790.5,557.5,784.5,562.5,10.3078,7.8102,0.7577,0,0,0,0
148,2,0,0,0,0,0,0.9956,0.8833,0.8579,0.2371,858.5,325.0,859.5,313.0,837.5,720.0,802.5,596.5,12.0416,128.3637,10.66,0,0,0,0
148,2,0,6,0,1,0,0.4956,0.5898,0.2068,0.3181,752.5,340.0,738.5,336.5,791.5,558.5,784.5,561.5,14.4309,7.6158,0.5277,0,0,0,0
149,1,0,0,0,0,1,0.9951,0.8843,0.9131,0.3237,851.0,317.5,769.5,323.0,805.0,690.5,719.0,670.0,81.6854,88.4096,1.0823,0,0,0,0
150,1,0,0,0,0,1,0.9941,0.8853,0.8755,0.2615,813.5,316.5,770.5,314.0,756.0,706.0,713.5,662.0,43.0726,61.1739,1.4203,0,0,0,0
151,1,0,0,0,0,1,0.9956,0.8999,0.894,0.2795,822.0,317.0,769.5,315.5,764.0,716.0,718.5,680.5,52.5214,57.7105,1.0988,0,0,0,0
152,1,0,0,0,1,1,0.9951,0.873,0.8843,0.226,785.5,314.0,750.0,307.5,727.5,688.0,695.5,677.0,36.0902,33.8378,0.9376,0,0,0,0
153,1,0,0,0,0,1,0.9951,0.8569,0.8809,0.1984,778.0,314.0,759.0,307.5,717.5,704.5,704.0,679.0,20.0811,28.8531,1.4368,0,0,0,0
154,2,0,0,0,1,0,0.998,0.8955,0.9565,0.2983,743.0,307.5,728.5,305.5,694.5,686.0,664.5,665.0,14.6373,36.6197,2.5018,0,0,0,0
154,2,0,20,0,1,0,0.8066,0.8916,0.2325,0.4099,827.5,334.5,804.0,334.0,820.0,561.5,818.5,531.0,23.5053,30.5369,1.2991,0,0,0,0
155,2,0,0,0,1,0,0.9976,0.9087,0.9512,0.3799,738.5,310.5,735.0,302.5,693.0,678.0,665.0,665.5,8.7321,30.6635,3.5116,0,0,0,0
155,2,0,20,0,1,0,0.8604,0.8955,0.2927,0.3845,823.5,333.5,804.0,336.0,793.0,581.5,785.5,567.0,19.6596,16.3248,0.8304,0,0,0,0
156,2,0,0,0,0,0,0.9956,0.8384,0.8721,0.1682,707.5,325.5,726.5,312.5,657.0,699.0,664.5,646.5,23.0217,53.033,2.3036,0,0,0,0
156,2,0,20,1,1,0,0.8818,0.9634,0.4282,0.7515,824.5,348.5,793.5,350.5,849.5,532.0,847.0,542.5,31.0644,10.7935,0.3475,0,0,0,0
157,2,0,0,0,0,1,0.9971,0.894,0.9058,0.2485,686.0,324.5,678.5,315.5,630.0,693.0,625.0,668.0,11.7154,25.4951,2.1762,0,0,0,0
157,2,0,20,1,1,1,0.9043,0.9849,0.408,0.8423,816.0,340.0,809.0,344.5,857.5,541.0,834.5,560.0,8.3217,29.8329,3.585,0,0,0,0
158,3,1,0,0,0,1,0.9976,0.8979,0.9277,0.2683,682.5,325.5,683.0,315.5,629.5,694.0,624.5,668.5,10.0125,25.9856,2.5953,0,0,0,0
158,3,1,20,1,1,1,0.9238,0.9888,0.4468,0.8633,823.0,345.5,801.0,343.0,856.5,547.5,846.5,542.5,22.1416,11.1803,0.5049,0,0,0,0
158,3,1,21,0,0,1,0.1152,0.1279,0.0523,0.0464,1033.0,0.0,253.75,0.0,906.5,0.0,256.25,0.0,779.25,650.25,0.8345,1,0,0,0
159,2,0,0,0,0,1,0.9966,0.873,0.9331,0.2598,650.5,323.5,641.5,317.5,599.5,691.0,573.5,650.5,10.8167,48.1274,4.4494,0,0,0,0
159,2,0,20,0,1,1,0.8384,0.979,0.3088,0.7827,794.5,352.0,825.5,359.0,820.0,537.0,867.5,565.0,31.7805,55.1385,1.735,0,0,0,0
160,3,1,0,0,0,1,0.9966,0.8848,0.8999,0.2388,652.5,323.5,644.5,315.5,601.5,699.0,579.0,634.0,11.3137,68.7841,6.0797,0,0,0,0
160,3,1,20,0,1,1,0.8848,0.9849,0.2605,0.7593,789.5,339.5,832.5,354.0,826.5,536.0,869.0,565.5,45.379,51.7349,1.1401,0,0,0,0
160,3,1,22,0,0,1,0.1272,0.1339,0.0534,0.0456,1046.0,0.0,260.75,0.0,951.0,0.0,286.75,0.0,785.25,664.25,0.8459,1,0,0,0
161,3,1,0,1,0,1,0.9961,0.9014,0.9194,0.4438,621.0,306.0,605.5,295.5,580.5,696.0,545.5,512.5,18.7216,186.8081,9.9782,0,0,0,0
161,3,1,20,0,1,1,0.9111,0.9834,0.3267,0.7412,794.0,339.0,855.0,352.0,833.0,556.5,900.0,561.0,62.3699,67.1509,1.0767,0,0,0,0
161,3,1,22,0,0,1,0.1724,0.1608,0.0703,0.0536,1044.0,0.0,258.5,0.0,997.5,0.0,276.75,0.0,785.5,720.75,0.9176,1,0,0,0
162,3,1,0,1,1,1,0.9966,0.8936,0.9321,0.4326,613.0,301.5,613.0,290.0,589.5,680.0,545.5,530.0,11.5,156.3202,13.5931,0,0,0,0
162,3,1,20,1,1,1,0.8931,0.9888,0.405,0.8589,790.5,344.0,848.0,354.0,831.5,547.5,884.5,570.5,58.3631,57.7754,0.9899,0,0,0,0
162,3,1,22,0,0,1,0.1624,0.1543,0.0695,0.0556,1037.0,0.0,246.75,0.0,989.5,0.0,215.5,0.0,790.25,774.0,0.9794,1,0,0,0
163,3,1,20,1,1,1,0.9336,0.9819,0.4998,0.7959,793.0,338.0,880.0,352.5,816.0,517.0,906.0,568.5,88.2001,103.6931,1.1757,0,0,0,0
163,3,1,0,0,0,1,0.9922,0.8013,0.8809,0.2798,585.0,312.0,544.0,308.0,563.5,698.0,491.5,503.0,41.1947,207.8677,5.046,0,0,0,0
163,3,1,22,0,0,1,0.1606,0.162,0.0645,0.0501,1080.0,0.0,329.0,0.0,954.0,0.0,322.25,0.0,751.0,631.75,0.8412,1,0,0,0
164,2,0,20,1,1,1,0.9248,0.9717,0.4983,0.7227,792.5,336.0,869.0,350.5,809.0,519.5,905.0,560.0,77.8621,104.1933,1.3382,0,0,0,0
164,2,0,0,0,0,1,0.9956,0.833,0.9355,0.3638,582.5,314.0,555.5,305.0,566.0,693.0,499.25,457.5,28.4605,244.7771,8.6006,0,0,0,0
165,2,0,20,1,1,1,0.9644,0.9629,0.6689,0.6489,799.0,350.5,911.0,353.0,794.5,531.0,919.0,554.0,112.0279,126.6067,1.1301,0,0,0,0
165,2,0,0,0,1,1,0.9946,0.8271,0.9175,0.342,551.0,305.0,545.0,307.5,547.0,688.0,499.0,495.5,6.5,198.3942,30.5222,0,0,0,0
166,2,0,20,1,1,1,0.9829,0.9751,0.7852,0.7144,801.5,349.0,916.5,353.0,788.5,542.0,940.0,549.5,115.0695,151.6855,1.3182,0,0,0,0
166,2,0,0,0,0,1,0.9927,0.8145,0.877,0.2766,535.0,315.0,511.0,313.0,512.0,697.0,478.5,630.0,24.0832,74.9083,3.1104,0,0,0,0
167,3,1,20,1,1,1,0.9829,0.9731,0.8003,0.7163,803.5,348.5,918.0,352.5,780.0,533.0,940.0,549.0,114.5698,160.798,1.4035,0,0,0,0
167,3,1,0,0,0,1,0.9966,0.7856,0.9341,0.1976,526.0,311.5,507.5,310.0,513.5,695.0,449.0,651.0,18.5607,78.0785,4.2067,0,0,0,0
167,3,1,23,0,0,1,0.1608,0.1632,0.0695,0.0584,1012.0,0.0,272.5,0.0,961.0,0.0,318.75,0.0,739.5,642.25,0.8685,1,0,0,0
168,3,1,20,1,1,1,0.9888,0.9766,0.856,0.7119,804.5,354.0,928.0,356.0,762.0,534.0,959.5,543.0,123.5162,197.705,1.6006,0,0,0,0
168,3,1,0,0,0,1,0.9946,0.7969,0.8545,0.1464,508.0,312.5,494.25,306.5,482.25,702.5,445.0,641.0,15.0021,71.9014,4.7928,0,0,0,0
168,3,1,23,0,0,1,0.1726,0.1186,0.1235,0.0525,1091.0,0.0,329.0,0.0,919.5,0.0,311.0,0.0,762.0,608.5,0.7986,1,0,0,0
169,2,0,20,1,1,1,0.9868,0.9731,0.8491,0.7085,807.0,347.0,926.0,352.0,762.5,533.5,959.5,543.5,119.105,197.2536,1.6561,0,0,0,0
169,2,0,0,0,0,1,0.9956,0.8398,0.8872,0.1981,501.75,317.5,496.25,308.0,479.75,700.0,436.25,620.0,10.9772,91.0618,8.2955,0,0,0,0
170,3,1,20,1,1,1,0.9932,0.98,0.8716,0.7012,809.5,353.5,925.5,352.0,770.0,541.0,962.0,543.5,116.0097,192.0163,1.6552,0,0,0,0
170,3,1,0,0,1,1,0.9878,0.7104,0.7852,0.1166,476.25,314.0,471.0,312.0,448.75,689.5,392.25,624.0,5.6181,86.5014,15.3971,0,0,0,0
170,3,1,24,0,0,1,0.1616,0.1556,0.0781,0.0584,992.5,0.0,269.75,0.0,956.0,0.0,301.75,0.0,722.75,654.25,0.9052,1,0,0,0
171,2,0,20,1,1,1,0.9888,0.9751,0.8682,0.7144,813.0,347.0,927.0,346.0,759.5,532.0,965.5,552.5,114.0044,207.0175,1.8159,0,0,0,0
171,2,0,0,0,0,1,0.9888,0.7451,0.8149,0.1477,481.25,316.5,458.75,313.0,459.25,700.0,390.0,642.0,22.7706,90.3303,3.967,0,0,0,0
172,3,1,20,1,1,1,0.9941,0.9775,0.8916,0.6924,814.5,348.5,932.5,345.5,769.0,541.0,952.5,544.0,118.0381,183.5245,1.5548,0,0,0,0
172,3,1,0,0,0,1,0.9893,0.7622,0.6665,0.0869,456.5,330.0,435.75,320.5,368.75,707.0,372.5,638.0,22.8213,69.1018,3.028,0,0,0,0
172,3,1,25,0,0,1,0.1528,0.1344,0.0696,0.0493,1039.0,0.0,260.0,0.0,962.0,0.0,316.5,0.0,779.0,645.5,0.8286,1,0,0,0
173,3,1,20,1,1,1,0.9927,0.9775,0.8911,0.7261,814.0,359.0,926.5,355.5,773.5,537.0,949.0,550.0,112.5544,175.9808,1.5635,0,0,0,0
173,3,1,0,0,0,1,0.9932,0.7832,0.7788,0.1213,451.5,327.5,443.25,314.5,378.0,701.5,344.75,638.0,15.3968,71.6785,4.6554,0,0,0,0
173,3,1,25,0,0,1,0.1401,0.1063,0.1069,0.0495,1124.0,0.0,310.5,0.0,968.0,0.0,300.0,0.0,813.5,668.0,0.8211,1,0,0,0
174,3,1,20,1,1,1,0.9941,0.98,0.894,0.7251,814.0,358.0,926.0,350.5,781.0,536.0,941.5,548.5,112.2508,160.986,1.4342,0,0,0,0
174,3,1,0,0,0,1,0.9893,0.731,0.667,0.0922,417.25,341.0,412.25,319.0,335.75,716.0,338.5,601.5,22.561,114.533,5.0766,0,0,0,0
174,3,1,25,0,0,1,0.1526,0.1407,0.0505,0.0396,1044.0,0.0,249.5,0.0,967.0,0.0,280.5,0.0,794.5,686.5,0.8641,1,0,0,0
175,3,1,20,1,1,1,0.9941,0.9814,0.8843,0.7158,813.0,351.0,927.0,346.5,782.5,539.5,944.5,551.0,114.0888,162.4077,1.4235,0,0,0,0
175,3,1,0,0,0,1,0.9839,0.7847,0.5903,0.1381,417.75,344.5,405.75,317.0,342.0,718.0,325.0,601.5,30.0042,117.7338,3.9239,0,0,0,0
175,3,1,25,0,0,1,0.157,0.2017,0.0461,0.051,1057.0,0.0,262.0,0.0,982.5,0.0,259.5,0.0,795.0,723.0,0.9094,1,0,0,0
176,3,1,0,0,0,1,0.9834,0.7417,0.522,0.0628,376.0,335.5,385.25,317.5,304.25,714.5,288.0,664.0,20.2377,53.0501,2.6214,0,0,0,0
176,3,1,20,1,1,1,0.9956,0.9751,0.9199,0.6953,817.0,357.0,920.0,351.0,795.5,545.0,918.0,547.0,103.1746,122.5163,1.1875,0,0,0,0
176,3,1,25,0,0,1,0.1174,0.1277,0.0491,0.0426,1052.0,0.0,247.5,0.0,941.0,0.0,276.5,0.0,804.5,664.5,0.826,1,0,0,0
177,2,0,0,0,0,1,0.9844,0.7422,0.5801,0.0718,340.25,336.5,361.75,314.0,256.75,719.0,243.75,624.5,31.1207,95.39,3.0652,0,0,0,0
177,2,0,20,1,1,1,0.9966,0.9741,0.9194,0.6284,817.5,349.0,913.5,341.5,802.5,547.5,899.0,536.5,96.2925,97.1249,1.0086,0,0,0,0
178,3,1,20,1,1,1,0.9961,0.9751,0.915,0.665,821.0,349.0,916.0,342.0,803.5,547.0,908.0,539.0,95.2575,104.8058,1.1002,0,0,0,0
178,3,1,0,0,0,1,0.9824,0.7437,0.5474,0.1056,337.5,332.5,358.0,306.0,255.25,714.0,221.25,554.0,33.5037,163.5726,4.8822,0,0,0,0
178,3,1,26,0,0,1,0.0975,0.0895,0.0432,0.0314,1032.0,0.0,257.5,0.0,916.0,0.0,306.0,0.0,774.5,610.0,0.7876,1,0,0,0
179,2,0,0,0,0,1,0.9932,0.873,0.7266,0.1536,295.0,330.5,342.25,304.0,198.25,720.0,205.25,649.5,54.1739,70.8467,1.3078,0,0,0,0
179,2,0,20,1,1,1,0.9951,0.9595,0.8901,0.5474,814.0,343.5,902.5,329.5,805.5,559.0,883.0,499.5,89.6005,97.7062,1.0905,0,0,0,0
180,2,0,0,0,0,1,0.9951,0.8862,0.7808,0.1671,288.25,331.0,346.0,305.0,204.625,720.0,215.5,641.5,63.3329,79.2497,1.2513,0,0,0,0
180,2,0,20,1,1,1,0.9946,0.9497,0.8799,0.491,809.5,344.5,899.0,334.5,807.0,560.0,890.0,509.0,90.0569,97.4166,1.0817,0,0,0,0
181,3,1,0,0,0,1,0.9941,0.917,0.7881,0.2175,234.125,328.5,350.5,314.5,172.5,713.0,194.0,678.5,117.2141,40.651,0.3468,0,0,0,0
181,3,1,20,1,1,1,0.9956,0.9473,0.9111,0.5054,810.5,339.0,895.5,328.0,805.5,567.5,857.5,506.0,85.7088,80.5373,0.9397,0,0,0,0
181,3,1,27,0,0,1,0.079,0.1014,0.0292,0.0306,1048.0,0.0,261.5,0.0,884.5,0.0,330.75,0.0,786.5,553.75,0.7041,1,0,0,0
182,3,1,0,0,0,1,0.9917,0.9043,0.7368,0.1906,236.5,325.5,353.0,312.5,163.0,713.0,183.25,678.0,117.2231,40.4359,0.3449,0,0,0,0
182,3,1,20,1,1,1,0.9951,0.9399,0.8975,0.4751,810.0,338.5,894.0,328.0,814.5,559.0,866.0,506.0,84.6537,73.9003,0.873,0,0,0,0
182,3,1,27,0,0,1,0.0916,0.1067,0.0326,0.0285,1115.0,0.0,350.5,0.0,916.5,0.0,381.5,0.0,764.5,535.0,0.6998,1,0,0,0
183,2,0,0,0,0,1,0.9951,0.939,0.7598,0.2211,207.125,325.0,344.0,310.5,113.875,720.0,201.625,677.0,137.6409,97.7193,0.71,0,0,0,0
183,2,0,20,0,1,1,0.9951,0.8989,0.8926,0.3271,806.0,341.0,883.0,332.0,808.0,578.0,848.5,532.5,77.5242,60.9139,0.7857,0,0,0,0
184,3,1,0,0,0,1,0.9941,0.9292,0.7212,0.194,205.5,325.5,342.5,306.0,125.0,720.0,255.125,654.0,138.3808,145.9058,1.0544,0,0,0,0
184,3,1,20,0,1,1,0.9951,0.9087,0.9033,0.3801,808.5,341.5,886.5,332.0,807.5,578.0,856.0,533.5,78.5764,65.8217,0.8377,0,0,0,0
184,3,1,28,0,0,1,0.1103,0.1152,0.042,0.0362,1035.0,0.0,259.75,0.0,940.0,0.0,324.5,0.0,775.25,615.5,0.7939,1,0,0,0
185,2,0,0,0,0,1,0.9941,0.9531,0.7305,0.2981,180.5,325.0,319.5,305.5,95.375,715.0,316.25,667.0,140.3611,226.0305,1.6103,0,0,0,0
185,2,0,20,0,1,1,0.9937,0.8921,0.8887,0.3538,800.5,342.0,874.0,328.5,786.0,587.5,839.0,541.0,74.7295,70.5071,0.9435,0,0,0,0
186,3,1,0,0,0,1,0.9937,0.9648,0.7271,0.3796,151.5,320.5,310.75,313.5,67.25,695.5,319.5,657.5,159.4038,255.0962,1.6003,0,0,0,0
186,3,1,20,0,1,1,0.9927,0.8696,0.8882,0.3474,793.0,346.0,858.0,333.5,770.0,584.0,815.5,528.0,66.191,72.1543,1.0901,0,0,0,0
186,3,1,29,0,0,1,0.1198,0.1462,0.0411,0.0405,1115.0,0.0,339.25,0.0,957.0,0.0,346.5,0.0,775.75,610.5,0.787,1,0,0,0
187,2,0,0,1,0,1,0.9922,0.9624,0.7573,0.4534,160.5,326.0,306.0,318.0,55.75,690.5,328.25,656.5,145.7198,274.6129,1.8845,0,0,0,0
187,2,0,20,0,1,1,0.9912,0.8701,0.8584,0.3406,792.0,351.0,857.5,339.5,771.5,588.0,816.0,529.0,66.5019,73.9003,1.1113,0,0,0,0
188,3,1,0,1,1,1,0.9927,0.9805,0.7734,0.52,124.4375,319.0,298.0,316.5,40.5,683.0,310.5,666.0,173.5805,270.5347,1.5586,0,0,0,0
188,3,1,20,0,1,1,0.9976,0.8823,0.9507,0.3264,790.0,352.5,842.0,342.0,747.0,576.0,792.5,534.5,53.0495,61.5833,1.1609,0,0,0,0
188,3,1,30,0,0,1,0.1142,0.1543,0.0408,0.0524,1051.0,0.0,285.5,0.0,942.0,0.0,340.0,0.0,765.5,602.0,0.7864,1,0,0,0
189,3,1,0,1,1,1,0.9937,0.9746,0.7959,0.4629,123.3125,319.0,304.5,318.0,39.0625,682.5,303.5,657.0,181.1903,265.6642,1.4662,0,0,0,0
189,3,1,20,0,1,1,0.9966,0.877,0.9395,0.3115,787.5,352.5,843.5,342.5,748.0,577.0,791.5,543.5,56.8859,54.9045,0.9652,0,0,0,0
189,3,1,30,0,0,1,0.0808,0.0859,0.042,0.0391,1041.0,0.0,302.75,0.0,909.5,0.0,348.25,0.0,738.25,561.25,0.7602,1,0,0,0
190,3,1,0,0,0,1,0.9937,0.9722,0.6704,0.3447,100.875,319.5,291.0,315.0,33.375,690.0,295.5,654.0,190.1782,264.5856,1.3913,0,0,0,0
190,3,1,20,0,1,1,0.9927,0.8638,0.8926,0.2957,775.5,339.5,823.0,329.0,734.0,550.0,771.5,530.0,48.6467,42.5,0.8736,0,0,0,0
190,3,1,30,0,0,1,0.0778,0.0896,0.0355,0.035,1041.0,0.0,261.5,0.0,974.0,0.0,314.5,0.0,779.5,659.5,0.8461,1,0,0,0
191,3,1,0,0,0,1,0.9917,0.9688,0.6885,0.355,97.3125,323.5,293.75,323.5,15.5,705.0,293.5,655.0,196.4375,282.4606,1.4379,0,0,0,0
191,3,1,20,0,1,1,0.9932,0.8647,0.8843,0.2759,776.0,344.5,824.0,333.0,733.5,549.5,772.0,521.5,49.3584,47.6051,0.9645,0,0,0,0
191,3,1,30,0,0,1,0.0967,0.1182,0.05,0.0513,1104.0,0.0,321.75,0.0,958.0,0.0,376.75,0.0,782.25,581.25,0.743,1,0,0,0
192,3,1,0,1,0,1,0.9912,0.9746,0.6431,0.4077,88.3125,328.0,281.0,324.0,27.375,677.0,267.25,630.5,192.729,244.3405,1.2678,0,0,0,0
192,3,1,20,0,1,1,0.9956,0.8667,0.9434,0.3376,762.5,352.0,804.5,342.5,710.0,540.0,756.5,527.0,43.061,48.283,1.1213,0,0,0,0
192,3,1,30,0,0,1,0.0748,0.0966,0.0574,0.0554,1124.0,0.0,353.75,0.0,972.0,0.0,328.0,0.0,770.25,644.0,0.8361,1,0,0,0
193,3,1,0,1,0,1,0.9922,0.9824,0.6836,0.4834,77.25,339.0,272.5,338.0,7.8125,696.0,261.5,650.0,195.2526,257.8243,1.3205,0,0,0,0
193,3,1,20,0,1,1,0.9985,0.8667,0.9839,0.3896,747.5,346.0,786.0,336.0,686.5,536.0,727.5,520.0,39.7775,44.0114,1.1064,0,0,0,0
193,3,1,31,0,0,1,0.0754,0.1054,0.0334,0.0398,1030.0,0.0,283.5,0.0,949.0,0.0,347.0,0.0,746.5,602.0,0.8064,1,0,0,0
194,3,1,0,1,0,1,0.9927,0.981,0.6973,0.5117,88.25,336.5,272.0,329.5,18.625,686.5,257.5,639.5,183.8833,243.4549,1.324,0,0,0,0
194,3,1,20,0,1,1,0.9976,0.8613,0.9727,0.3638,751.5,345.0,785.0,335.5,686.0,539.0,725.5,521.5,34.821,43.203,1.2407,0,0,0,0
194,3,1,31,0,0,1,0.0712,0.0922,0.041,0.0457,1046.0,0.0,296.5,0.0,945.0,0.0,319.25,0.0,749.5,625.75,0.8349,1,0,0,0
195,3,1,0,1,0,1,0.9912,0.9775,0.6499,0.4141,74.6875,339.0,266.75,337.0,10.4375,678.0,255.0,639.0,192.0729,247.6526,1.2894,0,0,0,0
195,3,1,20,1,1,1,0.9951,0.8984,0.9707,0.5674,741.0,345.0,765.5,337.0,666.0,521.0,693.5,522.5,25.773,27.5409,1.0686,0,0,0,0
195,3,1,31,0,0,1,0.0715,0.115,0.0282,0.0359,1122.0,0.0,326.25,0.0,945.0,0.0,369.75,0.0,795.75,575.25,0.7229,1,0,0,0
196,2,0,0,1,0,1,0.9917,0.979,0.668,0.4319,71.75,334.0,268.5,330.0,10.5625,673.5,255.25,637.5,196.7907,247.3216,1.2568,0,0,0,0
196,2,0,20,1,1,1,0.9961,0.9033,0.9727,0.5312,732.0,344.5,764.5,332.5,669.0,525.5,692.5,516.0,34.6446,25.3476,0.7316,0,0,0,0
197,3,1,0,1,0,1,0.9888,0.9829,0.6475,0.5322,64.75,334.5,265.0,333.5,3.5,665.5,233.125,635.0,200.2525,231.6417,1.1567,0,0,0,0
197,3,1,20,1,1,1,0.9941,0.8994,0.9678,0.5791,720.5,351.5,738.5,345.0,645.0,533.0,678.0,536.0,19.1377,33.1361,1.7315,0,0,0,0
197,3,1,32,0,0,1,0.0834,0.0972,0.0498,0.0514,1035.0,0.0,296.75,0.0,919.0,0.0,383.75,0.0,738.25,535.25,0.725,1,0,0,0
198,2,0,0,1,0,1,0.9878,0.978,0.6294,0.4751,65.5,329.5,270.5,330.5,12.3125,665.0,240.75,636.0,205.0024,230.2709,1.1233,0,0,0,0
198,2,0,20,1,1,1,0.9932,0.8896,0.9673,0.5996,723.0,351.5,740.5,347.5,644.5,533.0,677.5,536.5,17.9513,33.1851,1.8486,0,0,0,0
199,2,0,0,1,0,1,0.9873,0.9839,0.6421,0.5552,56.0,326.5,265.75,326.0,14.3125,654.5,243.125,637.5,209.7506,229.4432,1.0939,0,0,0,0
199,2,0,20,1,1,1,0.9971,0.876,0.9702,0.4656,705.0,365.0,720.0,353.0,625.0,542.5,674.0,525.0,19.2094,52.0312,2.7086,0,0,0,0
200,3,1,0,1,0,1,0.9849,0.9795,0.5889,0.5522,65.0,334.5,264.5,329.5,25.0,635.5,254.625,627.0,199.5626,229.7823,1.1514,0,0,0,0
200,3,1,20,1,1,1,0.9971,0.8882,0.9731,0.5078,702.0,366.0,719.5,355.0,624.0,552.5,674.5,535.5,20.67,53.2846,2.5779,0,0,0,0
200,3,1,33,0,0,1,0.0885,0.1339,0.0453,0.0575,1110.0,0.0,322.5,0.0,928.0,0.0,390.0,0.0,787.5,538.0,0.6832,1,0,0,0
201,2,0,0,1,1,1,0.9731,0.98,0.4441,0.5312,53.25,331.5,266.5,327.5,35.25,623.0,249.875,634.0,213.2875,214.9067,1.0076,0,0,0,0
201,2,0,20,1,1,1,0.9937,0.8975,0.9365,0.4353,682.5,358.0,696.5,346.0,613.0,549.0,632.0,537.5,18.4391,22.2092,1.2045,0,0,0,0
202,2,0,0,1,0,1,0.9756,0.9878,0.4436,0.583,46.6875,338.5,259.5,343.0,20.5625,624.0,259.5,672.0,212.8601,243.7112,1.1449,0,0,0,0
202,2,0,20,1,1,1,0.9912,0.8491,0.9497,0.448,664.5,354.0,666.0,342.5,615.0,552.5,624.5,537.0,11.5974,18.1797,1.5676,0,0,0,0
203,2,0,0,1,0,1,0.978,0.9893,0.418,0.5684,41.75,331.5,261.5,334.0,26.9375,646.0,254.5,664.0,219.7642,228.2733,1.0387,0,0,0,0
203,2,0,20,1,1,1,0.9893,0.8301,0.9395,0.4041,665.5,361.0,669.0,347.5,606.0,553.0,616.0,546.5,13.9463,11.9269,0.8552,0,0,0,0
204,3,1,0,1,0,1,0.9756,0.9902,0.4177,0.5854,41.5625,326.0,258.0,332.0,13.75,603.0,267.5,679.0,216.5206,264.8869,1.2234,0,0,0,0
204,3,1,20,0,1,1,0.9917,0.7964,0.9023,0.2695,649.5,349.5,657.5,340.0,613.5,568.0,613.0,535.0,12.4197,33.0038,2.6574,0,0,0,0
204,3,1,34,0,0,1,0.0673,0.0836,0.043,0.0468,1065.0,0.0,282.5,0.0,934.0,0.0,367.5,0.0,782.5,566.5,0.724,1,0,0,0
205,3,1,0,0,1,1,0.96,0.9834,0.3669,0.5669,40.125,335.0,261.0,341.0,48.0,614.0,263.0,681.0,220.9565,225.1977,1.0192,0,0,0,0
205,3,1,20,0,1,1,0.9912,0.8193,0.8975,0.2917,648.0,345.0,658.5,336.5,607.5,567.5,600.0,534.0,13.5093,34.3293,2.5412,0,0,0,0
205,3,1,34,0,0,1,0.0818,0.1296,0.0357,0.0481,1130.0,0.0,317.25,0.0,937.5,0.0,363.25,0.0,812.75,574.25,0.7066,1,0,0,0
206,3,1,0,0,0,1,0.9556,0.9878,0.2505,0.4819,24.75,314.5,253.25,332.5,50.9375,615.0,280.0,683.0,229.2079,238.9427,1.0425,0,0,0,0
206,3,1,20,0,1,1,0.9937,0.7949,0.9224,0.2502,633.5,348.5,626.0,342.0,612.5,559.0,587.0,538.5,9.9247,32.7185,3.2967,0,0,0,0
206,3,1,34,0,0,1,0.0825,0.1014,0.0656,0.0549,1124.0,0.0,359.75,0.0,935.0,0.0,351.75,0.0,764.25,583.25,0.7632,1,0,0,0
207,3,1,0,0,0,1,0.9644,0.9883,0.3193,0.5132,29.0,314.0,255.125,330.5,50.8125,615.0,279.5,683.0,226.7262,238.5833,1.0523,0,0,0,0
207,3,1,20,0,1,1,0.9922,0.7759,0.9072,0.2371,632.5,348.5,623.5,342.0,604.0,567.0,588.0,530.0,11.1018,40.3113,3.6311,0,0,0,0
207,3,1,35,1,0,1,0.6191,0.7808,0.584,0.7266,1228.0,108.5,1039.0,96.75,1166.0,75.5,952.0,9.5,189.3649,223.9464,1.1826,0,0,0,0
208,2,0,0,0,1,1,0.9629,0.9907,0.292,0.5654,30.0625,318.5,245.75,332.5,43.0,583.0,271.5,679.0,216.1414,247.8472,1.1467,0,0,0,0
208,2,0,20,0,1,1,0.9937,0.7793,0.9199,0.2218,619.0,346.5,612.0,339.0,599.5,560.5,570.0,555.0,10.2591,30.0083,2.925,0,0,0,0
209,3,1,0,0,0,1,0.9658,0.9917,0.3013,0.5889,26.0625,323.0,245.75,338.5,51.0625,575.0,271.75,679.0,220.2336,243.9651,1.1078,0,0,0,0
209,3,1,20,0,1,1,0.9917,0.7661,0.9141,0.226,616.0,351.0,612.0,343.0,604.0,562.0,579.0,547.0,8.9443,29.1548,3.2596,0,0,0,0
209,3,1,36,0,0,1,0.1014,0.1097,0.0795,0.0562,1106.0,0.0,347.25,0.0,926.0,0.0,357.0,0.0,758.75,569.0,0.7499,1,0,0,0
210,3,1,0,0,0,1,0.937,0.9873,0.1848,0.4517,14.125,318.5,245.375,337.5,87.875,568.0,274.25,679.0,232.0292,216.9254,0.9349,0,0,0,0
210,3,1,20,0,1,1,0.9893,0.814,0.8511,0.2323,599.0,351.0,589.5,347.0,591.5,570.5,560.5,544.5,10.3078,40.4599,3.9252,0,0,0,0
210,3,1,36,0,0,1,0.0702,0.121,0.0375,0.0537,1057.0,0.0,266.75,0.0,884.0,0.0,347.25,0.0,790.25,536.75,0.6792,1,0,0,0
211,3,1,0,0,0,1,0.9575,0.9907,0.2542,0.5542,20.1875,321.5,245.0,338.5,71.125,578.0,281.5,680.0,225.4543,233.7983,1.037,0,0,0,0
211,3,1,20,0,1,1,0.9897,0.8032,0.8467,0.2108,600.0,351.0,589.0,347.5,592.0,570.5,561.0,535.5,11.5434,46.7547,4.0503,0,0,0,0
211,3,1,36,0,0,1,0.071,0.096,0.0397,0.0402,1114.0,0.0,306.5,0.0,962.0,0.0,306.75,0.0,807.5,655.25,0.8115,1,0,0,0
212,2,0,0,0,0,1,0.9502,0.9912,0.2266,0.5996,17.75,323.0,236.5,334.0,79.875,602.5,285.0,681.5,219.0264,219.8119,1.0036,0,0,0,0
212,2,0,20,0,1,1,0.9922,0.7407,0.9136,0.2244,583.0,340.5,577.0,339.0,581.5,568.0,534.0,533.0,6.1847,59.0021,9.5401,0,0,0,0
213,3,1,0,0,0,1,0.9312,0.9854,0.2061,0.5078,22.875,323.5,240.875,335.5,87.5,584.0,276.25,680.0,218.33,211.7606,0.9699,0,0,0,0
213,3,1,20,0,1,1,0.9902,0.7607,0.8843,0.2307,580.0,341.0,580.0,339.0,582.0,568.0,535.5,533.0,2.0,58.2001,29.1,0,0,0,0
213,3,1,37,0,0,1,0.0839,0.118,0.0442,0.0526,1123.0,0.0,335.25,0.0,937.0,0.0,380.25,0.0,787.75,556.75,0.7068,1,0,0,0
214,3,1,0,0,0,1,0.9106,0.9868,0.1178,0.4844,13.125,325.0,228.0,333.0,105.8125,608.0,272.25,671.0,215.0239,177.9619,0.8276,0,0,0,0
214,3,1,20,0,1,1,0.9961,0.7505,0.9585,0.2216,557.5,350.5,553.0,345.0,572.5,561.5,540.0,548.5,7.1063,35.0036,4.9257,0,0,0,0
214,3,1,38,0,0,1,0.0721,0.0888,0.06,0.0619,1012.5,0.0,279.0,0.0,929.0,0.0,379.5,0.0,733.5,549.5,0.7491,1,0,0,0
215,3,1,0,0,0,1,0.9297,0.9878,0.1272,0.4766,18.0,328.5,227.125,334.0,127.125,629.5,281.5,682.0,209.1973,163.0579,0.7794,0,0,0,0
215,3,1,20,0,1,1,0.9956,0.8086,0.9229,0.2042,546.5,353.0,513.5,349.5,549.0,569.0,483.5,570.0,33.1851,65.5076,1.974,0,0,0,0
215,3,1,38,0,0,1,0.0657,0.0815,0.0522,0.046,1085.0,0.0,302.5,0.0,952.0,0.0,319.5,0.0,782.5,632.5,0.8083,1,0,0,0
216,3,1,0,0,0,1,0.9302,0.9883,0.1271,0.5063,13.375,331.0,227.0,332.0,127.125,645.0,281.75,674.0,213.6273,157.321,0.7364,0,0,0,0
216,3,1,20,0,1,1,0.9961,0.8418,0.9194,0.2161,548.5,351.0,517.0,346.5,549.0,577.0,492.25,571.0,31.8198,57.0663,1.7934,0,0,0,0
216,3,1,38,0,0,1,0.0792,0.0947,0.0465,0.045,1042.0,0.0,265.25,0.0,979.0,0.0,314.25,0.0,776.75,664.75,0.8558,1,0,0,0
217,3,1,0,0,0,1,0.9419,0.9902,0.1591,0.5483,17.8125,319.0,218.75,321.0,110.125,620.0,281.5,672.0,200.9475,179.0905,0.8912,0,0,0,0
217,3,1,20,0,1,1,0.9941,0.8066,0.9419,0.2949,514.5,356.0,524.5,353.0,521.0,577.5,498.75,557.5,10.4403,29.9176,2.8656,0,0,0,0
217,3,1,38,0,0,1,0.0927,0.1166,0.0599,0.0638,1053.0,0.0,273.0,0.0,985.0,0.0,376.5,0.0,780.0,608.5,0.7801,1,0,0,0
218,3,1,0,0,0,1,0.9551,0.9941,0.1919,0.6616,19.875,323.5,224.875,326.5,69.625,631.5,287.0,673.0,205.022,221.301,1.0794,0,0,0,0
218,3,1,20,0,1,1,0.9956,0.8022,0.9243,0.1934,513.0,358.0,526.5,349.0,521.0,579.0,495.5,563.0,16.225,30.104,1.8554,0,0,0,0
218,3,1,38,0,0,1,0.0995,0.1128,0.0671,0.0528,1098.0,0.0,301.25,0.0,948.5,0.0,357.0,0.0,796.75,591.5,0.7424,1,0,0,0
219,3,1,0,0,1,1,0.9668,0.9961,0.2666,0.7163,30.875,315.5,217.75,331.0,76.0625,599.5,284.0,681.5,187.5167,223.5218,1.192,0,0,0,0
219,3,1,20,0,1,1,0.9951,0.7251,0.9199,0.1409,496.25,364.0,519.5,356.5,482.0,586.5,496.25,563.0,24.4297,27.4829,1.125,0,0,0,0
219,3,1,38,0,0,1,0.0995,0.1002,0.0525,0.0369,1095.0,0.0,300.75,0.0,944.5,0.0,318.25,0.0,794.25,626.25,0.7885,1,0,0,0
220,3,1,0,0,0,1,0.9697,0.9966,0.2725,0.7334,25.6875,317.0,222.0,330.5,76.75,590.0,285.25,681.0,196.7761,227.4934,1.1561,0,0,0,0
220,3,1,20,0,1,1,0.9951,0.731,0.9214,0.1688,495.0,362.0,512.5,357.0,478.5,585.0,490.25,571.5,18.2003,17.8973,0.9834,0,0,0,0
220,3,1,38,0,0,1,0.0998,0.0977,0.0532,0.0351,1090.0,0.0,303.5,0.0,939.0,0.0,294.5,0.0,786.5,644.5,0.8195,1,0,0,0
221,3,1,0,0,0,1,0.9751,0.9966,0.2988,0.7305,40.375,317.5,217.75,331.5,91.0625,608.0,299.5,693.0,177.9266,225.1026,1.2651,0,0,0,0
221,3,1,20,0,1,1,0.9932,0.8286,0.8862,0.2198,482.5,362.0,493.25,352.5,441.25,587.0,449.5,567.0,14.3462,21.6348,1.5081,0,0,0,0
221,3,1,38,0,0,1,0.0786,0.1074,0.053,0.0578,1046.0,0.0,247.75,0.0,981.0,0.0,325.5,0.0,798.25,655.5,0.8212,1,0,0,0
222,3,1,0,0,1,1,0.9766,0.9966,0.3643,0.7178,62.625,309.0,225.75,328.5,99.0,575.0,295.5,673.0,164.2864,219.582,1.3366,0,0,0,0
222,3,1,20,0,1,1,0.9917,0.8467,0.8345,0.2015,450.5,351.0,489.0,347.5,398.5,594.0,435.75,556.0,38.6588,53.2124,1.3765,0,0,0,0
222,3,1,38,0,0,1,0.0772,0.1019,0.0575,0.0616,1057.0,0.0,258.5,0.0,969.0,0.0,343.0,0.0,798.5,626.0,0.784,1,0,0,0
223,4,1,0,0,1,1,0.9858,0.9966,0.3772,0.6782,57.4375,316.5,230.25,329.5,120.9375,610.0,299.0,685.0,173.3008,193.213,1.1149,0,0,0,0
223,4,1,20,0,1,1,0.9932,0.8423,0.8564,0.2068,453.5,350.0,493.25,341.5,396.5,595.5,425.0,546.5,40.6486,56.6855,1.3945,0,0,0,0
223,4,1,38,0,0,1,0.0644,0.0781,0.0768,0.059,1108.0,0.0,308.5,0.0,962.5,0.0,310.5,0.0,799.5,652.0,0.8155,1,0,0,0
223,4,1,39,1,1,1,0.6201,0.8569,0.6426,0.853,1203.0,93.75,994.0,96.5,1146.0,79.5,972.0,75.0,209.0181,174.0582,0.8327,1,0,0,0
224,3,1,0,0,0,1,0.9731,0.9971,0.2898,0.7456,92.75,317.5,235.0,328.0,147.5,637.5,302.5,704.5,142.637,168.8609,1.1839,0,0,0,0
224,3,1,20,1,1,1,0.9956,0.9551,0.9067,0.5503,425.5,356.0,491.0,342.5,377.5,563.0,482.5,504.0,66.8768,120.4409,1.8009,0,0,0,0
224,3,1,38,0,0,1,0.0916,0.1047,0.0407,0.0373,1061.0,0.0,247.0,0.0,949.0,0.0,328.25,0.0,814.0,620.75,0.7626,1,0,0,0
225,3,1,0,0,0,1,0.9668,0.9961,0.2659,0.7104,87.5,316.0,240.75,328.0,164.125,620.0,302.75,705.0,153.7191,162.6096,1.0578,0,0,0,0
225,3,1,20,1,1,1,0.9966,0.96,0.9224,0.5796,422.0,356.0,490.25,340.0,378.5,563.0,483.25,503.5,70.1004,120.4691,1.7185,0,0,0,0
225,3,1,38,0,0,1,0.1016,0.1101,0.0593,0.0522,1066.0,0.0,255.25,0.0,969.0,0.0,302.0,0.0,810.75,667.0,0.8227,1,0,0,0
226,3,1,0,0,0,1,0.9648,0.9971,0.2754,0.8003,129.5,327.5,260.5,334.0,198.125,647.0,306.0,709.0,131.1612,124.4227,0.9486,0,0,0,0
226,3,1,20,1,1,1,0.9956,0.9487,0.9536,0.6636,407.0,349.5,483.75,339.0,361.25,551.5,473.5,535.5,77.4649,113.3846,1.4637,0,0,0,0
226,3,1,38,0,0,1,0.1061,0.1052,0.0986,0.0652,1106.0,0.0,283.0,0.0,945.0,0.0,312.0,0.0,823.0,633.0,0.7691,1,0,0,0
227,3,1,0,0,0,1,0.9678,0.9971,0.2754,0.7856,126.125,324.5,258.5,332.0,198.5,646.0,307.0,708.5,132.5873,125.2138,0.9444,0,0,0,0
227,3,1,20,1,1,1,0.9912,0.9351,0.9287,0.6646,411.5,353.5,479.5,338.0,355.0,548.0,482.0,542.0,69.7442,127.1417,1.823,0,0,0,0
227,3,1,38,0,0,1,0.0821,0.0916,0.0627,0.0592,1055.0,0.0,250.0,0.0,953.0,0.0,349.5,0.0,805.0,603.5,0.7497,1,0,0,0
228,3,1,20,1,1,0,0.9868,0.9673,0.8276,0.7158,381.75,350.0,481.75,336.5,345.0,546.0,474.5,535.5,100.9071,129.925,1.2876,0,0,0,0
228,3,1,0,0,0,0,0.9375,0.9951,0.2864,0.8052,166.875,317.0,267.0,326.5,270.5,642.0,327.5,719.0,100.5747,95.8019,0.9525,0,0,0,0
228,3,1,38,0,0,1,0.1039,0.1292,0.0474,0.0507,1019.5,0.0,226.75,0.0,943.0,0.0,317.5,0.0,792.75,625.5,0.789,1,0,0,0
229,3,1,20,1,1,0,0.873,0.9424,0.4343,0.6787,370.5,347.0,463.25,339.0,402.75,538.5,473.25,538.5,93.0944,70.5,0.7573,0,0,0,0
229,3,1,0,0,1,0,0.8457,0.9692,0.1807,0.5068,203.125,316.0,295.5,340.5,308.0,637.5,342.25,676.0,95.5688,51.5297,0.5392,0,0,0,0
229,3,1,38,0,0,1,0.0923,0.1126,0.0452,0.0439,1036.0,0.0,236.0,0.0,973.0,0.0,297.25,0.0,800.0,675.75,0.8447,1,0,0,0
230,3,1,20,1,1,0,0.8804,0.9355,0.4497,0.6494,368.0,344.0,471.0,339.5,393.5,544.0,473.25,539.0,103.0983,79.9066,0.7751,0,0,0,0
230,3,1,0,0,0,0,0.9136,0.9824,0.2207,0.5747,201.375,315.5,293.25,329.0,296.5,675.0,345.5,705.0,92.8615,57.4543,0.6187,0,0,0,0
230,3,1,38,0,0,1,0.0756,0.092,0.0526,0.0532,1046.0,0.0,246.75,0.0,964.0,0.0,296.75,0.0,799.25,667.25,0.8348,1,0,0,0
231,4,1,20,1,1,0,0.8257,0.9116,0.4287,0.6455,360.75,339.0,451.25,339.5,425.0,543.5,475.0,548.0,90.5014,50.2021,0.5547,0,0,0,0
231,4,1,0,0,0,0,0.9346,0.9922,0.2747,0.7251,222.0,313.5,326.5,331.0,315.0,632.5,367.75,716.0,105.9552,98.7665,0.9322,0,0,0,0
231,4,1,38,0,0,1,0.0893,0.0964,0.0449,0.0327,1103.0,0.0,287.5,0.0,947.0,0.0,302.5,0.0,815.5,644.5,0.7903,1,0,0,0
231,4,1,40,0,1,1,0.4939,0.7578,0.4929,0.7437,1204.0,102.25,1000.0,95.75,1152.0,118.5,982.5,51.0,204.1035,182.4459,0.8939,1,0,0,0
232,3,1,20,1,1,0,0.8398,0.916,0.4524,0.6494,366.5,342.0,453.25,342.5,439.75,543.5,464.75,556.0,86.7514,27.9508,0.3222,0,0,0,0
232,3,1,0,0,0,0,0.9331,0.9932,0.2639,0.7373,218.25,316.0,326.0,334.0,316.0,623.0,368.5,706.5,109.2431,98.6332,0.9029,0,0,0,0
232,3,1,38,0,0,1,0.1414,0.0964,0.1234,0.0629,1038.0,0.0,245.0,0.0,943.5,0.0,297.75,0.0,793.0,645.75,0.8143,1,0,0,0
233,4,1,0,0,0,0,0.8745,0.9902,0.2498,0.7959,277.25,320.0,330.5,329.0,334.5,642.0,390.75,700.5,54.0052,81.1561,1.5027,0,0,0,0
233,4,1,20,1,1,0,0.873,0.9492,0.4053,0.7065,403.25,335.0,445.0,337.5,473.0,561.5,484.75,553.0,41.8248,14.5022,0.3467,0,0,0,0
233,4,1,38,0,0,1,0.118,0.1255,0.0563,0.0438,1093.0,0.0,282.25,0.0,967.0,0.0,293.25,0.0,810.75,673.75,0.831,1,0,0,0
233,4,1,41,1,1,1,0.563,0.877,0.5742,0.8657,1212.0,106.0,1013.0,90.0,1155.0,59.25,946.5,62.75,199.6422,208.5294,1.0445,0,0,0,0
234,3,1,0,0,1,0,0.8247,0.9814,0.1626,0.6636,275.5,335.5,342.75,342.0,357.5,623.0,397.0,682.5,67.5634,71.4178,1.057,0,0,0,0
234,3,1,20,1,1,0,0.8716,0.9287,0.4924,0.7085,403.0,332.5,444.25,332.5,486.75,542.5,485.5,542.0,41.25,1.3463,0.0326,0,0,0,0
234,3,1,38,0,0,1,0.062,0.0731,0.0418,0.0339,1105.0,0.0,280.75,0.0,966.5,0.0,265.75,0.0,824.25,700.75,0.8502,1,0,0,0
235,4,1,0,0,1,0,0.9165,0.9893,0.2781,0.7217,319.25,323.0,346.5,330.0,372.0,618.0,405.5,682.0,28.1347,72.2375,2.5676,0,0,0,0
235,4,1,20,1,1,0,0.8892,0.9253,0.502,0.6567,422.25,330.5,425.5,328.5,487.5,546.0,464.0,577.0,3.8161,38.9005,10.1938,0,0,0,0
235,4,1,42,0,1,0,0.7651,0.4761,0.4106,0.156,434.0,331.5,424.0,327.0,496.25,552.0,459.25,573.5,10.9659,42.7931,3.9024,0,0,0,0
235,4,1,38,0,0,1,0.0923,0.0908,0.0496,0.0409,1046.0,0.0,240.25,0.0,981.0,0.0,286.75,0.0,805.75,694.25,0.8616,1,0,0,0
236,4,1,0,0,0,0,0.9194,0.9912,0.3044,0.7808,310.5,321.5,356.5,330.0,390.75,615.0,413.0,691.5,46.7787,79.67,1.7031,0,0,0,0
236,4,1,20,1,1,0,0.9146,0.9263,0.5659,0.6455,429.25,335.0,409.0,335.0,487.25,547.5,462.5,585.0,20.25,44.9312,2.2188,0,0,0,0
236,4,1,43,0,1,0,0.7749,0.4314,0.4465,0.1292,437.25,320.0,412.25,315.0,500.25,555.5,451.25,571.5,25.4951,51.5461,2.0218,0,0,0,0
236,4,1,38,0,0,1,0.1045,0.0927,0.1025,0.0668,1068.0,0.0,248.25,0.0,976.0,0.0,275.0,0.0,819.75,701.0,0.8551,1,0,0,0
237,4,1,0,0,1,0,0.9062,0.9897,0.3738,0.8213,351.5,322.0,370.25,330.5,459.5,587.5,440.0,686.0,20.5867,100.4117,4.8775,0,0,0,0
237,4,1,38,0,0,1,0.0962,0.0979,0.0514,0.0402,1036.0,0.0,243.25,0.0,982.0,0.0,279.25,0.0,792.75,702.75,0.8865,1,0,0,0
237,4,1,44,1,1,1,0.5952,0.8716,0.563,0.8418,1204.0,122.0,1010.0,103.75,1153.0,133.5,947.5,78.0,194.8565,212.8626,1.0924,0,0,0,0
237,4,1,20,0,1,0,0.7676,0.3406,0.5981,0.1404,457.0,341.5,398.0,337.0,499.5,561.5,450.5,585.5,59.1714,54.5619,0.9221,0,0,0,0
238,4,1,20,1,1,0,0.9551,0.9902,0.5889,0.8555,420.0,331.5,373.5,325.5,483.5,569.0,454.0,666.5,46.8855,101.8651,2.1726,0,0,0,0
238,4,1,38,0,0,1,0.1237,0.1255,0.0631,0.0479,1101.0,0.0,296.25,0.0,955.0,0.0,301.5,0.0,804.75,653.5,0.8121,1,0,0,0
238,4,1,44,1,1,1,0.5552,0.8472,0.543,0.8237,1212.0,118.0,1004.0,99.5,1153.0,77.75,956.5,73.5,208.8211,196.546,0.9412,0,0,0,0
238,4,1,45,0,1,0,0.8418,0.5127,0.6289,0.1826,472.5,335.0,405.5,331.0,501.0,552.0,451.25,580.0,67.1193,57.0882,0.8505,0,0,0,0
239,4,1,20,1,1,0,0.9268,0.9805,0.6289,0.8599,421.25,337.0,379.0,330.5,484.5,559.0,460.5,657.0,42.7471,100.896,2.3603,0,0,0,0
239,4,1,45,0,1,0,0.8198,0.4617,0.5991,0.1603,471.0,337.0,410.75,331.5,500.0,552.0,451.5,582.5,60.5005,57.2931,0.947,0,0,0,0
239,4,1,44,1,1,1,0.5249,0.8652,0.4773,0.8179,1228.0,111.5,1013.0,87.0,1169.0,132.0,957.5,77.25,216.3914,218.4715,1.0096,0,0,0,0
239,4,1,38,0,0,1,0.1309,0.1186,0.069,0.046,1088.0,0.0,277.25,0.0,940.5,0.0,315.25,0.0,810.75,625.25,0.7712,1,0,0,0
240,3,1,20,1,1,1,0.9575,0.9941,0.6289,0.9082,423.25,331.5,412.5,333.0,496.5,556.0,492.0,681.0,10.8541,125.081,11.5238,0,0,0,0
240,3,1,38,0,0,1,0.1076,0.0984,0.0739,0.052,1084.0,0.0,296.75,0.0,951.0,0.0,302.25,0.0,787.25,648.75,0.8241,1,0,0,0
240,3,1,44,1,1,1,0.5796,0.855,0.5854,0.8398,1212.0,118.0,1000.5,97.0,1155.0,136.0,957.5,60.5,212.54,211.4391,0.9948,0,0,0,0
241,3,1,20,1,1,1,0.958,0.9941,0.6494,0.9146,421.5,331.5,410.5,333.0,505.0,549.0,492.0,681.0,11.1018,132.6386,11.9475,0,0,0,0
241,3,1,38,0,0,1,0.1082,0.108,0.0602,0.0462,1075.0,0.0,295.25,0.0,980.0,0.0,305.0,0.0,779.75,675.0,0.8657,1,0,0,0
241,3,1,44,0,1,1,0.4944,0.8354,0.4382,0.7832,1202.0,120.75,1008.5,111.25,1135.0,138.5,964.5,51.5,193.7331,191.4138,0.988,0,0,0,0
242,3,1,20,0,0,1,0.9307,0.9932,0.3904,0.8452,432.75,343.5,433.75,346.0,486.5,632.5,528.0,698.0,2.6926,77.5403,28.7977,0,0,0,0
242,3,1,38,0,0,1,0.1401,0.1385,0.0512,0.0389,1092.0,0.0,274.0,0.0,977.0,0.0,278.25,0.0,818.0,698.75,0.8542,1,0,0,0
242,3,1,44,1,1,1,0.5986,0.915,0.4727,0.8506,1206.0,112.0,993.5,101.75,1161.0,133.5,957.0,78.0,212.7471,211.4149,0.9937,0,0,0,0
243,2,0,20,1,1,1,0.9419,0.9927,0.4756,0.8687,444.75,343.5,428.0,347.5,508.75,625.0,528.5,688.0,17.221,66.0232,3.8339,0,0,0,0
243,2,0,38,0,0,1,0.1511,0.1661,0.0611,0.049,1088.0,0.0,272.0,0.0,989.0,0.0,314.0,0.0,816.0,675.0,0.8272,1,0,0,0
244,4,1,20,0,0,0,0.9409,0.9927,0.3777,0.8066,435.75,340.0,483.5,346.5,468.5,611.0,541.5,693.0,48.1904,109.7862,2.2782,0,0,0,0
244,4,1,46,1,1,1,0.6323,0.8462,0.6489,0.835,1193.0,97.5,1001.5,99.25,1122.0,66.25,981.5,47.0,191.508,141.8126,0.7405,1,0,0,0
244,4,1,47,0,1,0,0.6821,0.8208,0.3213,0.4729,387.0,330.0,396.5,329.0,360.0,548.0,383.0,558.5,9.5525,25.2834,2.6468,0,0,0,0
244,4,1,38,0,0,1,0.127,0.1285,0.0716,0.0499,1106.0,0.0,282.0,0.0,965.0,0.0,316.75,0.0,824.0,648.25,0.7867,1,0,0,0
245,4,1,20,1,1,0,0.936,0.9888,0.4399,0.8052,436.75,327.5,487.25,338.0,457.75,597.5,537.5,683.0,51.58,116.9201,2.2668,0,0,0,0
245,4,1,47,0,1,0,0.7168,0.8037,0.2125,0.2944,390.0,330.0,402.75,335.0,331.75,538.5,325.0,533.0,13.6953,8.707,0.6358,0,0,0,0
245,4,1,46,1,1,1,0.5532,0.8633,0.5825,0.853,1221.0,113.5,1017.0,111.5,1153.0,87.5,981.5,59.0,204.0098,173.8519,0.8522,0,0,0,0
245,4,1,38,0,0,1,0.1007,0.1235,0.0474,0.0494,1041.0,0.0,237.75,0.0,1009.5,0.0,289.75,0.0,803.25,719.75,0.896,1,0,0,0
246,4,1,20,1,1,0,0.9365,0.9907,0.501,0.8521,492.0,326.0,504.75,340.0,528.5,608.5,561.5,685.0,18.9357,83.3142,4.3998,0,0,0,0
246,4,1,47,0,1,0,0.8979,0.8911,0.3936,0.3599,382.0,337.5,456.0,344.0,346.5,530.0,381.5,543.0,74.2849,37.3363,0.5026,0,0,0,0
246,4,1,38,0,0,1,0.0947,0.1262,0.0408,0.0385,1088.0,0.0,279.75,0.0,979.5,0.0,319.0,0.0,808.25,660.5,0.8172,1,0,0,0
246,4,1,46,1,1,1,0.6104,0.876,0.5498,0.8335,1198.0,115.5,996.0,109.5,1152.0,95.25,966.0,38.75,202.0891,194.392,0.9619,1,0,0,0
247,4,1,20,1,1,0,0.9351,0.9917,0.4641,0.8579,506.25,326.5,493.0,341.5,534.5,641.5,547.0,684.5,20.0141,44.78,2.2374,0,0,0,0
247,4,1,47,0,1,0,0.918,0.9072,0.4055,0.3655,380.25,337.5,460.0,342.5,345.25,547.0,381.0,553.0,79.9066,36.25,0.4537,0,0,0,0
247,4,1,38,0,0,1,0.0928,0.1262,0.0387,0.0461,1038.0,0.0,227.75,0.0,989.5,0.0,326.75,0.0,810.25,662.75,0.818,1,0,0,0
247,4,1,46,1,1,1,0.6357,0.8223,0.603,0.7847,1194.0,113.75,983.0,117.5,1148.0,55.5,974.0,37.75,211.0333,174.903,0.8288,1,0,0,0
248,3,1,47,0,1,0,0.9136,0.9141,0.4172,0.3972,395.75,341.5,471.0,351.5,358.25,528.0,410.5,539.5,75.9115,53.5006,0.7048,0,0,0,0
248,3,1,20,1,0,0,0.895,0.9834,0.4387,0.8354,547.5,325.5,518.0,330.0,575.0,659.5,551.0,697.0,29.8412,44.5225,1.492,0,0,0,0
248,3,1,38,0,0,1,0.1182,0.108,0.0955,0.0616,1105.0,0.0,294.25,0.0,981.0,0.0,320.25,0.0,810.75,660.75,0.815,1,0,0,0
249,3,1,20,0,0,0,0.9028,0.9873,0.3916,0.8296,558.0,321.0,542.5,326.5,602.0,641.0,561.0,699.0,16.4469,71.0282,4.3186,0,0,0,0
249,3,1,47,1,1,0,0.9575,0.9561,0.4741,0.4858,395.5,334.0,477.75,345.0,378.5,532.5,425.25,540.5,82.9823,47.4296,0.5716,0,0,0,0
249,3,1,38,0,0,1,0.108,0.115,0.0501,0.0383,1101.0,0.0,301.75,0.0,964.5,0.0,329.75,0.0,799.25,634.75,0.7942,1,0,0,0
250,3,1,20,0,1,0,0.8921,0.9834,0.2437,0.7119,547.5,326.0,539.5,330.0,601.0,631.5,567.5,653.0,8.9443,39.8058,4.4504,0,0,0,0
250,3,1,47,1,1,0,0.9087,0.9692,0.5562,0.7539,418.5,340.5,464.75,345.5,378.25,522.5,435.5,544.5,46.5195,61.3316,1.3184,0,0,0,0
250,3,1,38,0,0,1,0.1041,0.0964,0.0468,0.0376,1026.0,0.0,229.5,0.0,986.5,0.0,327.0,0.0,796.5,659.5,0.828,1,0,0,0
251,3,1,47,1,1,0,0.9155,0.9692,0.4768,0.7354,409.5,339.5,477.0,348.0,397.0,510.5,456.0,544.5,68.0331,68.0955,1.0009,0,0,0,0
251,3,1,20,0,1,0,0.8926,0.9844,0.3418,0.7983,575.5,338.0,561.0,338.0,636.0,640.5,578.5,664.5,14.5,62.3077,4.2971,0,0,0,0
251,3,1,38,0,0,1,0.0957,0.1019,0.1116,0.0801,1084.0,0.0,285.25,0.0,970.0,0.0,350.25,0.0,798.75,619.75,0.7759,1,0,0,0
252,3,1,47,1,1,0,0.9155,0.9722,0.4353,0.7256,412.0,339.5,474.75,352.0,406.0,515.5,481.0,566.0,63.9829,90.4171,1.4131,0,0,0,0
252,3,1,20,0,1,0,0.8745,0.9844,0.2966,0.7832,576.0,340.5,560.0,347.5,619.5,631.5,577.5,664.5,17.4642,53.4135,3.0584,0,0,0,0
252,3,1,38,0,0,1,0.1161,0.1603,0.0911,0.1005,1027.0,0.0,260.5,0.0,1010.0,0.0,400.0,0.0,766.5,610.0,0.7958,1,0,0,0
253,3,1,47,0,1,1,0.9355,0.9858,0.3833,0.7661,417.25,347.0,478.25,352.0,410.5,532.0,504.5,530.0,61.2046,94.0213,1.5362,0,0,0,0
253,3,1,20,0,1,1,0.8755,0.9858,0.3154,0.8286,615.5,315.5,593.5,319.0,645.0,657.0,592.5,650.0,22.2767,52.9646,2.3776,0,0,0,0
253,3,1,38,0,0,1,0.0825,0.105,0.0439,0.0422,1113.0,0.0,280.5,0.0,979.0,0.0,292.5,0.0,832.5,686.5,0.8246,1,0,0,0
254,3,1,47,0,1,1,0.9346,0.9683,0.3684,0.6138,425.5,341.0,476.25,349.0,409.25,537.0,498.25,527.5,51.3767,89.5056,1.7421,0,0,0,0
254,3,1,20,0,1,1,0.9028,0.9863,0.3586,0.8154,617.0,318.0,597.0,319.0,651.5,656.0,584.0,649.5,20.025,67.8122,3.3864,0,0,0,0
254,3,1,38,0,0,1,0.1105,0.1126,0.0545,0.0387,1098.0,0.0,276.5,0.0,927.0,0.0,303.25,0.0,821.5,623.75,0.7593,1,0,0,0
255,3,1,20,0,0,1,0.9272,0.9897,0.3464,0.7949,633.0,320.5,622.5,329.0,660.0,681.0,604.0,699.0,13.5093,58.8218,4.3542,0,0,0,0
255,3,1,47,1,1,1,0.9136,0.9858,0.4204,0.8564,434.0,339.5,473.75,345.0,434.0,522.5,534.5,485.0,40.1287,107.2684,2.6731,0,0,0,0
255,3,1,38,0,0,1,0.1204,0.1671,0.0512,0.0606,1050.0,0.0,222.0,0.0,972.0,0.0,333.0,0.0,828.0,639.0,0.7717,1,0,0,0
256,3,1,20,0,1,1,0.916,0.9912,0.3396,0.8418,627.5,335.0,613.0,334.5,673.5,680.0,618.5,673.5,14.5086,55.3828,3.8172,0,0,0,0
256,3,1,47,0,1,1,0.9097,0.9849,0.3784,0.8296,434.0,335.0,476.0,339.0,433.75,522.5,525.0,493.0,42.19,95.9,2.273,0,0,0,0
256,3,1,38,0,0,1,0.0792,0.0848,0.0952,0.0703,1121.0,0.0,283.5,0.0,948.0,0.0,310.0,0.0,837.5,638.0,0.7618,1,0,0,0
257,3,1,47,1,1,1,0.9194,0.9893,0.5024,0.896,460.0,346.0,480.0,348.0,470.75,515.0,535.5,510.5,20.0998,64.9062,3.2292,0,0,0,0
257,3,1,20,0,1,1,0.8018,0.981,0.1915,0.7471,653.0,335.5,636.0,334.5,666.5,622.5,626.5,643.5,17.0294,45.1774,2.6529,0,0,0,0
257,3,1,38,0,0,1,0.0969,0.1283,0.038,0.0381,1110.0,0.0,276.75,0.0,974.0,0.0,329.25,0.0,833.25,644.75,0.7738,1,0,0,0
258,3,1,47,1,1,1,0.8848,0.9858,0.4995,0.9092,480.0,347.0,481.25,348.0,527.0,498.0,540.5,503.0,1.6008,14.3962,8.9932,0,0,0,0
258,3,1,20,0,1,1,0.8618,0.9839,0.3306,0.8228,693.5,329.5,656.5,328.5,721.0,607.5,655.5,637.5,37.0135,72.0434,1.9464,0,0,0,0
258,3,1,38,0,0,1,0.0928,0.1371,0.0417,0.0515,1060.0,0.0,231.75,0.0,986.0,0.0,374.5,0.0,828.25,611.5,0.7383,1,0,0,0
259,4,1,47,1,1,1,0.8721,0.9844,0.4497,0.8936,478.5,346.5,486.5,348.5,528.5,497.5,548.0,504.5,8.2462,20.7183,2.5125,0,0,0,0
259,4,1,20,1,0,1,0.9116,0.9863,0.4529,0.8398,702.5,334.5,658.0,335.5,719.0,631.5,647.5,702.0,44.5112,100.4117,2.2559,0,0,0,0
259,4,1,38,0,0,1,0.083,0.1266,0.0566,0.0613,1120.0,0.0,263.25,0.0,977.0,0.0,325.25,0.0,856.75,651.75,0.7607,1,0,0,0
259,4,1,48,1,1,1,0.582,0.8418,0.4365,0.7388,1197.0,109.5,1012.0,100.75,1189.0,148.0,981.0,248.0,185.2068,230.7899,1.2461,0,0,0,0
260,4,1,20,0,1,1,0.9292,0.9917,0.3977,0.8511,710.0,326.5,672.5,336.0,733.0,652.0,668.0,688.0,38.6846,74.3034,1.9207,0,0,0,0
260,4,1,47,1,1,1,0.9229,0.9873,0.5435,0.9023,497.5,338.0,493.75,340.0,521.0,499.0,552.5,520.5,4.25,38.1379,8.9736,0,0,0,0
260,4,1,38,0,0,1,0.0774,0.1043,0.0565,0.0513,1136.0,0.0,258.75,0.0,973.0,0.0,312.75,0.0,877.25,660.25,0.7526,1,0,0,0
260,4,1,48,1,1,1,0.6499,0.832,0.5356,0.749,1195.0,97.25,1012.0,106.0,1145.0,91.0,1022.0,154.5,183.2091,138.4242,0.7556,1,0,0,0
261,3,1,20,1,0,1,0.9062,0.9888,0.4011,0.8354,715.0,330.0,678.5,335.5,739.5,649.0,665.5,705.0,36.9121,92.8009,2.5141,0,0,0,0
261,3,1,47,1,1,1,0.9141,0.9863,0.5347,0.9023,500.0,338.0,493.5,339.5,521.0,499.0,552.0,520.5,6.6708,37.726,5.6554,0,0,0,0
261,3,1,38,0,0,1,0.0914,0.1124,0.0416,0.0366,1105.0,0.0,267.25,0.0,974.0,0.0,316.25,0.0,837.75,657.75,0.7851,1,0,0,0
262,3,1,20,0,1,1,0.8198,0.9854,0.2637,0.811,729.0,336.5,717.0,347.5,756.5,649.0,699.0,683.5,16.2788,67.0559,4.1192,0,0,0,0
262,3,1,47,1,1,1,0.8999,0.9863,0.5146,0.8965,509.5,343.0,509.25,350.0,534.5,513.0,554.5,524.0,7.0045,22.8254,3.2587,0,0,0,0
262,3,1,38,0,0,1,0.0715,0.0815,0.0932,0.0754,1117.0,0.0,308.5,0.0,973.5,0.0,306.75,0.0,808.5,666.75,0.8247,1,0,0,0
263,3,1,20,0,1,1,0.8218,0.9849,0.2593,0.7983,727.5,334.5,713.5,345.5,749.0,639.0,706.0,684.0,17.8045,62.2415,3.4958,0,0,0,0
263,3,1,47,1,1,1,0.9106,0.9873,0.5347,0.9004,508.75,342.0,504.0,352.0,535.0,508.5,554.0,524.0,11.0708,24.5204,2.2149,0,0,0,0
263,3,1,38,0,0,1,0.0775,0.1138,0.0412,0.0408,1098.0,0.0,270.25,0.0,957.5,0.0,307.0,0.0,827.75,650.5,0.7859,1,0,0,0
264,3,1,20,0,0,1,0.8911,0.9849,0.342,0.7769,774.5,324.0,741.5,337.0,796.5,632.0,728.0,705.5,35.4683,100.4714,2.8327,0,0,0,0
264,3,1,47,1,1,1,0.8765,0.9844,0.4778,0.8862,520.0,345.0,513.0,351.5,546.5,536.5,561.0,537.5,9.5525,14.5344,1.5215,0,0,0,0
264,3,1,38,0,0,1,0.0839,0.1516,0.0302,0.0445,1056.0,0.0,229.5,0.0,952.0,0.0,369.0,0.0,826.5,583.0,0.7054,1,0,0,0
265,3,1,20,0,1,1,0.9072,0.9854,0.2695,0.7163,800.0,314.5,773.5,327.5,807.0,629.5,764.0,684.0,29.5169,69.4208,2.3519,0,0,0,0
265,3,1,47,0,1,1,0.8203,0.9761,0.2764,0.8022,528.0,341.0,532.5,348.0,555.0,528.0,562.5,537.5,8.3217,12.1037,1.4545,0,0,0,0
265,3,1,38,0,0,1,0.0863,0.1284,0.0492,0.0582,1048.0,0.0,243.25,0.0,914.0,0.0,393.75,0.0,804.75,520.25,0.6465,1,0,0,0
266,3,1,20,0,1,1,0.8457,0.9854,0.2452,0.7739,794.0,326.0,777.5,339.0,804.0,620.0,773.0,665.5,21.006,55.0568,2.621,0,0,0,0
266,3,1,47,0,1,1,0.7798,0.9707,0.2225,0.7617,526.5,337.5,534.5,342.5,563.5,528.0,564.0,538.0,9.434,10.0125,1.0613,0,0,0,0
266,3,1,38,0,0,1,0.0876,0.1317,0.0431,0.0474,1100.0,0.0,283.0,0.0,918.0,0.0,352.75,0.0,817.0,565.25,0.6919,1,0,0,0
267,3,1,20,1,0,1,0.9312,0.9902,0.4236,0.8184,816.0,309.0,794.0,332.0,835.0,544.0,796.0,692.0,31.8277,153.0523,4.8088,0,0,0,0
267,3,1,47,0,1,1,0.8188,0.9702,0.3425,0.8174,562.0,342.5,541.5,346.0,576.5,523.5,555.5,537.0,20.7966,24.965,1.2004,0,0,0,0
267,3,1,38,0,0,1,0.0904,0.1449,0.0284,0.0356,1096.0,0.0,299.5,0.0,964.0,0.0,373.75,0.0,796.5,590.25,0.7411,1,0,0,0
268,2,0,20,0,1,1,0.8438,0.9888,0.355,0.854,811.0,317.5,800.0,336.5,835.5,517.5,801.0,655.0,21.9545,141.7621,6.4571,0,0,0,0
268,2,0,47,0,1,1,0.8345,0.9736,0.3455,0.8169,567.0,341.0,546.5,349.0,569.0,523.0,565.0,537.5,22.0057,15.0416,0.6835,0,0,0,0
269,3,1,20,0,1,1,0.9277,0.9907,0.3691,0.8223,841.0,324.5,821.5,332.5,885.0,640.0,847.5,684.0,21.0772,57.8122,2.7429,0,0,0,0
269,3,1,47,0,1,1,0.8848,0.9819,0.394,0.8457,569.5,350.0,554.0,356.0,571.5,526.0,553.5,536.5,16.6208,20.8387,1.2538,0,0,0,0
269,3,1,49,0,0,1,0.0983,0.144,0.0464,0.0502,1118.0,0.0,299.25,0.0,941.0,0.0,361.0,0.0,818.75,580.0,0.7084,1,0,0,0
270,3,1,20,0,1,1,0.9326,0.9907,0.3972,0.8359,849.0,329.5,820.0,335.0,885.0,639.0,849.5,666.0,29.5169,44.601,1.511,0,0,0,0
270,3,1,47,0,1,1,0.8442,0.9761,0.3489,0.8286,566.5,345.0,556.5,347.5,580.0,526.0,554.5,537.0,10.3078,27.7714,2.6942,0,0,0,0
270,3,1,49,0,0,1,0.1054,0.1591,0.0328,0.0411,1056.0,0.0,225.0,0.0,920.0,0.0,345.0,0.0,831.0,575.0,0.6919,1,0,0,0
271,2,0,20,0,1,1,0.8848,0.9873,0.3713,0.832,860.5,323.0,849.0,325.5,921.5,593.5,901.0,661.5,11.7686,71.0229,6.0349,0,0,0,0
271,2,0,47,1,1,1,0.8755,0.9839,0.5044,0.9009,582.0,355.0,573.0,355.5,598.5,522.5,584.0,542.5,9.0139,24.7032,2.7406,0,0,0,0
272,3,1,20,0,1,1,0.8989,0.9883,0.3857,0.8354,860.0,323.5,846.5,328.5,922.0,606.0,893.0,660.5,14.3962,61.7353,4.2883,0,0,0,0
272,3,1,47,1,1,1,0.8804,0.9839,0.4829,0.8921,581.0,348.0,573.5,348.0,598.0,523.0,575.0,542.5,7.5,30.1538,4.0205,0,0,0,0
272,3,1,50,0,0,1,0.1195,0.1511,0.0591,0.0583,1081.0,0.0,304.5,0.0,935.0,0.0,346.75,0.0,776.5,588.25,0.7576,1,0,0,0
273,3,1,47,1,1,1,0.9092,0.9878,0.4956,0.9019,599.5,345.0,577.0,351.0,622.0,525.0,588.5,532.5,23.2863,34.3293,1.4742,0,0,0,0
273,3,1,20,1,1,1,0.9033,0.9902,0.4651,0.8862,876.5,331.5,879.5,332.0,924.0,628.0,940.0,676.5,3.0414,51.071,16.7921,0,0,0,0
273,3,1,50,0,0,1,0.1071,0.1467,0.0423,0.0448,1102.0,0.0,287.0,0.0,935.5,0.0,334.75,0.0,815.0,600.75,0.7371,1,0,0,0
274,3,1,20,0,1,1,0.8853,0.9888,0.3623,0.8521,906.0,328.0,890.0,331.5,967.0,582.5,972.0,651.0,16.3783,68.6822,4.1935,0,0,0,0
274,3,1,47,1,1,1,0.9214,0.9902,0.4719,0.8931,605.5,342.0,591.5,349.0,653.0,503.0,587.0,533.0,15.6525,72.4983,4.6317,0,0,0,0
274,3,1,50,0,0,1,0.0933,0.1333,0.0319,0.0331,1099.0,0.0,298.0,0.0,924.0,0.0,325.25,0.0,801.0,598.75,0.7475,1,0,0,0
275,3,1,47,1,1,1,0.9102,0.9829,0.4277,0.835,614.0,340.5,596.5,341.5,642.5,501.5,586.5,533.5,17.5285,64.4981,3.6796,0,0,0,0
275,3,1,20,1,1,1,0.9165,0.9907,0.4048,0.8667,910.5,323.0,887.0,325.0,968.5,623.5,972.5,671.5,23.585,48.1664,2.0423,0,0,0,0
275,3,1,50,0,0,1,0.0774,0.1184,0.0394,0.0453,1045.0,0.0,247.75,0.0,940.0,0.0,353.0,0.0,797.25,587.0,0.7363,1,0,0,0
276,3,1,20,1,1,1,0.8892,0.9878,0.5088,0.895,934.0,343.5,915.0,341.0,984.5,624.0,988.0,662.5,19.1638,38.6588,2.0173,0,0,0,0
276,3,1,47,1,1,1,0.9585,0.9941,0.6245,0.9233,632.0,349.5,607.0,354.0,661.0,503.5,605.5,542.0,25.4018,67.5463,2.6591,0,0,0,0
276,3,1,50,0,0,1,0.0914,0.1163,0.0321,0.029,1086.0,0.0,285.25,0.0,920.0,0.0,336.5,0.0,800.75,583.5,0.7287,1,0,0,0
277,3,1,20,1,1,1,0.9219,0.9912,0.4387,0.8745,941.0,338.0,915.0,336.0,1001.0,639.0,991.5,675.0,26.0768,37.2324,1.4278,0,0,0,0
277,3,1,47,1,1,1,0.9531,0.9932,0.6382,0.9321,632.0,345.0,605.5,349.0,670.5,495.5,606.5,532.5,26.8002,73.9256,2.7584,0,0,0,0
277,3,1,50,0,0,1,0.0761,0.123,0.0293,0.0341,1099.0,0.0,284.5,0.0,962.5,0.0,297.5,0.0,814.5,665.0,0.8165,1,0,0,0
278,3,1,20,1,1,1,0.8931,0.9883,0.5723,0.916,961.0,341.0,930.0,344.0,1010.0,644.0,1016.5,666.5,31.1448,23.4201,0.752,0,0,0,0
278,3,1,47,1,1,1,0.9673,0.9951,0.7227,0.9502,639.5,353.5,618.0,353.5,691.5,500.0,625.0,548.0,21.5,82.0137,3.8146,0,0,0,0
278,3,1,50,0,0,1,0.0942,0.1359,0.0422,0.0506,1030.0,0.0,238.5,0.0,901.0,0.0,366.75,0.0,791.5,534.25,0.675,1,0,0,0
279,3,1,47,1,1,1,0.9644,0.9951,0.7021,0.9468,643.0,352.0,621.5,351.0,691.0,500.0,624.5,548.0,21.5232,82.0137,3.8105,0,0,0,0
279,3,1,20,1,1,1,0.9238,0.9927,0.5293,0.9136,962.5,336.0,936.0,339.0,1011.0,637.5,1019.5,669.0,26.6693,32.6267,1.2234,0,0,0,0
279,3,1,50,0,0,1,0.0823,0.1483,0.0374,0.0493,1082.0,0.0,306.0,0.0,937.0,0.0,361.25,0.0,776.0,575.75,0.7419,1,0,0,0
280,2,0,20,1,0,1,0.9189,0.9897,0.4338,0.8711,991.0,338.5,957.0,340.0,1046.0,650.0,1033.0,692.0,34.0331,43.9659,1.2919,0,0,0,0
280,2,0,47,1,1,1,0.978,0.9976,0.7271,0.9541,653.5,350.0,636.0,356.0,706.0,491.0,639.0,547.0,18.5,87.3212,4.7201,0,0,0,0
281,2,0,20,1,1,1,0.8931,0.9883,0.4055,0.8687,988.5,338.0,958.0,341.0,1046.0,633.5,1034.0,682.0,30.6472,49.9625,1.6302,0,0,0,0
281,2,0,47,1,1,1,0.9775,0.9976,0.7217,0.9541,655.0,349.5,636.0,354.0,706.0,490.5,639.0,546.5,19.5256,87.3212,4.4721,0,0,0,0
282,3,1,20,1,1,1,0.9238,0.9917,0.4004,0.8555,1015.5,339.0,980.5,340.0,1063.0,652.5,1038.0,684.0,35.0143,40.215,1.1485,0,0,0,0
282,3,1,47,1,1,1,0.9653,0.9971,0.71,0.96,665.0,363.0,647.0,360.0,718.5,493.5,659.0,547.5,18.2483,80.3508,4.4032,0,0,0,0
282,3,1,51,0,0,1,0.0659,0.0981,0.0327,0.0378,1043.0,0.0,245.25,0.0,923.0,0.0,319.5,0.0,797.75,603.5,0.7565,1,0,0,0
283,3,1,20,1,0,1,0.9282,0.9917,0.417,0.8633,1015.5,338.0,978.5,339.5,1063.0,643.5,1037.0,692.0,37.0304,55.0295,1.4861,0,0,0,0
283,3,1,47,1,1,1,0.9746,0.9971,0.7231,0.9541,666.5,355.0,651.0,360.0,718.5,495.5,663.5,551.0,16.2865,78.1361,4.7976,0,0,0,0
283,3,1,51,0,0,1,0.0778,0.1056,0.0356,0.0387,1029.0,0.0,250.25,0.0,951.0,0.0,332.5,0.0,778.75,618.5,0.7942,1,0,0,0
284,3,1,20,1,0,1,0.9058,0.9907,0.4485,0.8892,1039.0,338.0,1008.0,336.5,1091.0,629.0,1034.0,692.0,31.0363,84.9588,2.7374,0,0,0,0
284,3,1,47,1,1,1,0.9551,0.9956,0.6245,0.9438,684.0,357.5,674.5,362.0,730.5,500.0,672.5,545.5,10.5119,73.7174,7.0128,0,0,0,0
284,3,1,51,0,0,1,0.0797,0.1186,0.0397,0.0477,1013.0,0.0,231.0,0.0,830.0,0.0,357.5,0.0,782.0,472.5,0.6042,1,0,0,0
285,3,1,47,1,1,1,0.9551,0.9956,0.6289,0.9438,686.0,357.5,672.5,363.0,732.0,500.0,672.0,546.0,14.5774,75.6042,5.1864,0,0,0,0
285,3,1,20,1,0,1,0.894,0.9805,0.4668,0.8428,1057.0,330.5,1006.0,334.0,1070.0,646.0,1029.0,693.0,51.12,62.3699,1.2201,0,0,0,0
285,3,1,51,0,0,1,0.0957,0.1186,0.0424,0.0396,1076.0,0.0,312.25,0.0,946.5,0.0,338.5,0.0,763.75,608.0,0.7961,1,0,0,0
286,3,1,20,1,1,1,0.9224,0.9902,0.4194,0.8364,1069.0,342.5,1033.0,342.5,1119.0,631.0,1029.0,682.5,36.0,103.6931,2.8804,0,0,0,0
286,3,1,47,1,1,1,0.9375,0.9941,0.5605,0.9282,693.5,370.0,685.0,371.0,735.0,535.5,712.0,547.5,8.5586,25.9422,3.0311,0,0,0,0
286,3,1,51,0,0,1,0.0724,0.1161,0.0327,0.0403,1065.0,0.0,316.5,0.0,944.0,0.0,330.75,0.0,748.5,613.25,0.8193,1,0,0,0
287,3,1,20,0,0,1,0.9165,0.9907,0.3789,0.8457,1090.0,346.5,1048.0,341.5,1114.0,643.0,1015.0,691.5,42.2966,110.2418,2.6064,0,0,0,0
287,3,1,47,1,1,1,0.8696,0.9902,0.4277,0.9033,709.5,367.5,706.0,366.0,749.0,539.5,723.5,555.5,3.8079,30.104,7.9057,0,0,0,0
287,3,1,51,0,0,1,0.089,0.1069,0.0552,0.0465,1063.0,0.0,313.25,0.0,913.0,0.0,370.25,0.0,749.75,542.75,0.7239,1,0,0,0
288,4,1,20,0,0,1,0.9106,0.9897,0.3687,0.8374,1084.0,341.0,1047.0,338.0,1105.0,644.0,1024.0,693.0,37.1214,94.6678,2.5502,0,0,0,0
288,4,1,47,1,1,0,0.8784,0.9902,0.4897,0.9194,712.0,367.0,703.0,368.0,757.5,540.5,723.0,555.5,9.0554,37.6198,4.1544,0,0,0,0
288,4,1,51,0,0,1,0.0972,0.1284,0.0361,0.0353,1074.0,0.0,288.25,0.0,920.5,0.0,339.25,0.0,785.75,581.25,0.7397,1,0,0,0
288,4,1,52,0,1,0,0.8447,0.9775,0.2815,0.7964,713.0,348.0,702.0,351.0,757.5,527.0,716.5,533.0,11.4018,41.4367,3.6342,0,0,0,0
289,4,1,20,0,0,1,0.9219,0.9922,0.3774,0.8472,1113.0,345.0,1059.0,340.0,1136.0,644.0,1030.0,693.0,54.231,116.7776,2.1533,0,0,0,0
289,4,1,47,1,1,0,0.8618,0.9902,0.4622,0.9238,727.5,360.5,716.0,358.5,764.5,530.0,744.0,548.0,11.6726,27.2809,2.3372,0,0,0,0
289,4,1,52,0,1,0,0.8501,0.979,0.2903,0.8042,728.0,346.5,715.5,346.0,755.0,526.5,737.5,545.0,12.51,25.4657,2.0356,0,0,0,0
289,4,1,51,0,0,1,0.0848,0.1014,0.0353,0.0356,1033.0,0.0,225.0,0.0,954.0,0.0,312.0,0.0,808.0,642.0,0.7946,1,0,0,0
290,4,1,20,0,0,1,0.916,0.9912,0.3291,0.814,1108.0,343.0,1059.0,341.5,1127.0,645.0,1029.0,702.0,49.023,113.3711,2.3126,0,0,0,0
290,4,1,47,1,1,0,0.8506,0.9893,0.4756,0.9253,725.0,361.0,719.0,363.0,764.5,531.0,744.0,549.0,6.3246,27.2809,4.3135,0,0,0,0
290,4,1,52,0,1,0,0.8408,0.9751,0.2976,0.79,730.0,343.5,714.0,349.0,762.0,527.0,737.0,544.0,16.9189,30.2324,1.7869,0,0,0,0
290,4,1,51,0,0,1,0.083,0.0914,0.0698,0.0538,1068.0,0.0,282.75,0.0,926.0,0.0,323.0,0.0,785.25,603.0,0.7679,1,0,0,0
291,3,1,20,0,0,1,0.9399,0.9922,0.387,0.8271,1155.0,348.5,1057.0,339.5,1166.0,653.0,1040.0,694.5,98.4124,132.6584,1.348,0,0,0,0
291,3,1,47,1,1,1,0.8687,0.9873,0.5112,0.9214,746.5,353.0,727.5,359.0,780.5,521.0,766.5,529.5,19.9249,16.3783,0.822,0,0,0,0
291,3,1,51,0,0,1,0.0988,0.0804,0.0688,0.0377,1074.0,0.0,271.5,0.0,910.5,0.0,327.5,0.0,802.5,583.0,0.7265,1,0,0,0
292,4,1,20,0,0,1,0.9365,0.9912,0.3877,0.8188,1153.0,348.5,1054.0,339.0,1158.0,652.0,1039.0,695.0,99.4548,126.5306,1.2722,0,0,0,0
292,4,1,47,1,1,0,0.853,0.9863,0.4812,0.9199,741.5,353.0,729.0,358.0,773.0,521.5,766.5,539.5,13.4629,19.1377,1.4215,0,0,0,0
292,4,1,53,0,1,0,0.8281,0.9756,0.2751,0.7896,739.0,353.5,728.5,360.5,769.0,518.5,762.0,528.5,12.6194,12.2066,0.9673,0,0,0,0
292,4,1,51,0,0,1,0.0893,0.0877,0.0672,0.0456,1055.0,0.0,293.0,0.0,919.5,0.0,356.25,0.0,762.0,563.25,0.7392,1,0,0,0
293,3,1,20,1,1,1,0.9604,0.9937,0.5176,0.8545,1175.0,357.0,1063.0,337.0,1189.0,637.5,1053.0,666.0,113.7717,138.9541,1.2213,0,0,0,0
293,3,1,47,0,1,1,0.8672,0.9795,0.3533,0.8276,754.0,348.0,743.0,358.0,777.0,513.0,783.5,523.0,14.8661,11.9269,0.8023,0,0,0,0
293,3,1,51,0,0,1,0.0981,0.0859,0.0844,0.0504,1062.0,0.0,317.0,0.0,895.5,0.0,344.0,0.0,745.0,551.5,0.7403,1,0,0,0
294,3,1,20,1,1,1,0.9546,0.9937,0.4663,0.8628,1181.0,348.5,1062.0,337.0,1213.0,654.0,1040.0,677.0,119.5544,174.5222,1.4598,0,0,0,0
294,3,1,47,1,1,1,0.8994,0.9854,0.4153,0.8652,765.0,347.5,752.5,353.0,781.5,516.0,790.0,533.0,13.6565,19.0066,1.3918,0,0,0,0
294,3,1,51,0,0,1,0.0962,0.0891,0.0563,0.0362,1064.0,0.0,298.25,0.0,900.0,0.0,341.25,0.0,765.75,558.75,0.7297,1,0,0,0
295,3,1,20,1,1,1,0.9619,0.9937,0.5278,0.8628,1185.0,355.0,1060.0,344.5,1223.0,646.0,1040.0,668.0,125.4402,184.3177,1.4694,0,0,0,0
295,3,1,47,1,1,1,0.8857,0.9819,0.4617,0.8706,769.0,344.0,750.5,352.5,781.0,511.5,784.5,530.5,20.3593,19.3197,0.9489,0,0,0,0
295,3,1,51,0,0,1,0.092,0.0853,0.0503,0.0331,1070.0,0.0,290.5,0.0,925.0,0.0,321.5,0.0,779.5,603.5,0.7742,1,0,0,0
296,2,0,20,1,0,1,0.9644,0.9937,0.6372,0.8833,1209.0,354.0,1053.0,347.0,1246.0,631.0,1033.0,691.5,156.157,221.4255,1.418,0,0,0,0
296,2,0,47,1,1,1,0.8989,0.9902,0.5869,0.938,780.0,350.0,753.0,354.5,797.0,497.5,780.0,526.5,27.3724,33.6155,1.2281,0,0,0,0
297,2,0,20,1,1,1,0.9697,0.9946,0.5859,0.876,1206.0,352.0,1060.0,341.0,1248.0,641.0,1044.0,687.0,146.4138,209.122,1.4283,0,0,0,0
297,2,0,47,1,1,1,0.8848,0.9849,0.5317,0.9102,786.0,349.0,750.5,356.0,801.0,508.0,784.5,532.5,36.1836,29.5381,0.8163,0,0,0,0
298,3,1,20,1,0,1,0.9707,0.9902,0.6821,0.8486,1228.0,352.0,1046.0,343.0,1254.0,629.5,1026.0,685.0,182.2224,234.6577,1.2878,0,0,0,0
298,3,1,47,1,1,1,0.876,0.9854,0.5366,0.916,801.5,353.0,757.0,356.0,807.0,505.0,782.5,541.5,44.601,43.9602,0.9856,0,0,0,0
298,3,1,54,0,0,1,0.0764,0.0828,0.034,0.028,1073.0,0.0,303.25,0.0,896.0,0.0,358.75,0.0,769.75,537.25,0.698,1,0,0,0
299,3,1,20,1,0,1,0.9712,0.9883,0.6797,0.8286,1229.0,348.5,1044.0,345.0,1253.0,638.0,1027.0,676.0,185.0331,229.1724,1.2385,0,0,0,0
299,3,1,47,1,1,1,0.8833,0.9858,0.5093,0.9067,802.0,350.5,755.0,353.0,807.0,494.0,782.5,531.0,47.0664,44.3762,0.9428,0,0,0,0
299,3,1,54,0,0,1,0.0845,0.0876,0.0411,0.0352,1059.0,0.0,325.75,0.0,869.5,0.0,410.5,0.0,733.25,459.0,0.626,1,0,0,0
300,2,0,20,1,0,1,0.9722,0.9941,0.6494,0.8638,1239.0,356.0,1050.0,349.0,1270.0,624.0,1003.5,681.0,189.1296,272.5275,1.441,0,0,0,0
300,2,0,47,1,1,1,0.9155,0.9878,0.5342,0.8979,820.0,351.5,767.0,351.0,803.5,515.5,776.5,523.5,53.0024,28.1603,0.5313,0,0,0,0
301,2,0,20,1,0,1,0.9766,0.9946,0.5986,0.8457,1239.0,355.5,1044.0,347.0,1280.0,635.0,991.5,662.0,195.1852,289.7607,1.4845,0,0,0,0
301,2,0,47,1,1,1,0.9424,0.9922,0.5903,0.9214,833.0,347.5,769.0,344.0,828.0,493.0,769.0,521.5,64.0956,65.5229,1.0223,0,0,0,0
302,3,1,20,1,0,1,0.9707,0.9937,0.5796,0.8477,1241.0,352.5,1044.0,345.5,1265.0,619.0,990.5,663.5,197.1243,278.0836,1.4107,0,0,0,0
302,3,1,47,1,1,1,0.9448,0.9927,0.6357,0.9312,835.5,357.0,766.5,353.5,833.0,508.0,767.5,522.0,69.0887,66.9795,0.9695,0,0,0,0
302,3,1,55,0,0,1,0.0917,0.1023,0.0371,0.0323,1068.0,0.0,317.75,0.0,930.0,0.0,416.5,0.0,750.25,513.5,0.6844,1,0,0,0
303,2,0,20,1,0,1,0.9629,0.9927,0.6602,0.8691,1243.0,353.0,1034.0,349.0,1280.0,610.0,977.0,668.5,209.0383,308.5956,1.4763,0,0,0,0
303,2,0,47,1,1,1,0.9614,0.9922,0.6812,0.9258,851.0,363.0,774.5,351.0,830.5,513.0,748.5,521.5,77.4355,82.4394,1.0646,0,0,0,0
304,3,1,20,1,0,1,0.9673,0.9932,0.6592,0.8633,1242.0,356.0,1034.0,356.0,1280.0,609.5,977.5,659.0,208.0,306.5232,1.4737,0,0,0,0
304,3,1,47,1,1,1,0.959,0.9917,0.668,0.9189,853.5,363.0,771.5,350.5,837.5,505.0,757.5,521.5,82.9473,81.6838,0.9848,0,0,0,0
304,3,1,56,0,0,1,0.0891,0.1071,0.0351,0.0355,1056.0,0.0,323.25,0.0,879.0,0.0,368.25,0.0,732.75,510.75,0.697,1,0,0,0
305,2,0,20,1,0,1,0.981,0.9888,0.708,0.7524,1229.0,350.5,1027.0,350.0,1275.0,617.5,980.0,658.0,202.0006,297.7671,1.4741,0,0,0,0
305,2,0,47,1,1,1,0.9712,0.9941,0.7505,0.9448,863.0,364.0,777.5,350.5,867.0,535.5,748.0,532.0,86.5592,119.0515,1.3754,0,0,0,0
306,2,0,20,1,0,1,0.979,0.9917,0.6904,0.8071,1236.0,349.0,1033.0,346.0,1266.0,616.0,980.0,659.0,203.0222,289.2145,1.4245,0,0,0,0
306,2,0,47,1,1,1,0.9736,0.9941,0.7666,0.9438,864.5,367.0,777.5,354.0,866.0,535.5,748.0,532.5,87.9659,118.0381,1.3419,0,0,0,0
307,2,0,20,1,0,1,0.9854,0.9902,0.7188,0.7446,1228.0,352.0,1021.5,352.5,1268.0,616.0,972.5,658.0,206.5006,298.4698,1.4454,0,0,0,0
307,2,0,47,1,1,1,0.9858,0.9941,0.8501,0.9331,879.5,362.0,783.0,353.0,889.0,519.0,748.0,532.5,96.9188,141.6448,1.4615,0,0,0,0
308,2,0,20,1,0,1,0.9795,0.9946,0.6743,0.853,1234.0,353.5,1015.0,355.0,1280.0,616.5,957.5,675.0,219.0051,327.7629,1.4966,0,0,0,0
308,2,0,47,1,1,1,0.9873,0.9951,0.8574,0.939,880.0,358.0,784.5,352.5,884.0,515.0,745.0,531.0,95.6582,139.9178,1.4627,0,0,0,0
309,2,0,20,1,0,1,0.9873,0.9912,0.7222,0.751,1220.0,345.0,1010.0,352.0,1273.0,636.0,962.0,685.5,210.1166,314.9147,1.4988,0,0,0,0
309,2,0,47,1,1,1,0.9893,0.9956,0.8906,0.9468,883.5,365.0,780.0,354.5,891.5,521.5,746.0,531.0,104.0312,145.8098,1.4016,0,0,0,0
310,2,0,20,1,0,1,0.9883,0.9912,0.7793,0.8027,1215.0,347.0,1003.0,354.5,1272.0,641.5,951.0,674.5,212.1326,322.6918,1.5212,0,0,0,0
310,2,0,47,1,1,1,0.9858,0.9912,0.9111,0.9375,891.0,366.0,787.5,355.5,901.0,517.5,759.0,529.0,104.0312,142.4649,1.3694,0,0,0,0
311,2,0,20,1,0,1,0.9878,0.9907,0.7866,0.8057,1218.0,346.5,1004.0,355.0,1280.0,634.0,950.5,674.0,214.1687,331.919,1.5498,0,0,0,0
311,2,0,47,1,1,1,0.9937,0.9937,0.918,0.9165,890.0,353.5,784.5,350.5,903.0,519.0,738.5,522.5,105.5426,164.5372,1.559,0,0,0,0
312,3,1,20,1,0,1,0.9907,0.9863,0.8149,0.7124,1200.0,342.0,994.5,352.0,1266.0,645.0,950.0,647.0,205.7432,316.0063,1.5359,0,0,0,0
312,3,1,47,1,1,1,0.9922,0.9932,0.9175,0.9233,890.5,358.0,785.0,352.0,902.0,527.0,745.0,523.5,105.6705,157.039,1.4861,0,0,0,0
312,3,1,57,0,0,1,0.0959,0.1065,0.0488,0.0453,1028.0,0.0,271.0,0.0,812.5,0.0,294.0,0.0,757.0,518.5,0.6849,1,0,0,0
313,2,0,20,1,0,1,0.9878,0.9907,0.7705,0.7979,1206.0,339.0,999.0,352.5,1275.0,641.5,942.0,674.0,207.4398,334.5822,1.6129,0,0,0,0
313,2,0,47,1,1,1,0.9937,0.9917,0.9287,0.9062,890.5,354.0,788.5,347.0,903.0,519.0,749.0,514.0,102.2399,154.0811,1.5071,0,0,0,0
314,2,0,20,1,0,1,0.9932,0.9873,0.8247,0.7119,1194.0,341.5,995.0,353.0,1258.0,676.0,948.0,676.0,199.332,310.0,1.5552,0,0,0,0
314,2,0,47,1,1,1,0.9932,0.9912,0.9351,0.916,893.5,357.0,786.5,354.5,900.5,527.0,745.0,523.5,107.0292,155.5394,1.4532,0,0,0,0
315,2,0,20,1,1,1,0.9922,0.98,0.8486,0.6567,1191.0,338.5,990.5,352.5,1241.0,670.0,949.5,657.0,200.9882,291.7897,1.4518,0,0,0,0
315,2,0,47,1,1,1,0.9946,0.9902,0.937,0.8911,891.5,351.0,789.5,350.0,896.0,518.0,747.5,514.5,102.0049,148.5412,1.4562,0,0,0,0
316,2,0,20,1,1,1,0.9912,0.9814,0.8389,0.7422,1178.0,335.0,995.5,344.0,1228.0,669.5,938.0,669.0,182.7218,290.0004,1.5871,0,0,0,0
316,2,0,47,1,1,1,0.9956,0.9873,0.9497,0.8691,882.0,347.0,779.0,346.0,905.5,518.0,748.5,513.0,103.0049,157.0796,1.525,0,0,0,0
317,2,0,20,1,1,1,0.9917,0.9829,0.8345,0.7373,1178.0,340.0,996.0,354.0,1227.0,669.5,928.5,667.5,182.5377,298.5067,1.6353,0,0,0,0
317,2,0,47,1,1,1,0.9951,0.9883,0.9424,0.877,887.5,347.0,779.5,346.0,896.0,518.5,748.0,513.0,108.0046,148.1022,1.3713,0,0,0,0
318,2,0,20,1,1,1,0.9927,0.9746,0.8569,0.689,1164.0,339.0,995.0,343.5,1212.0,684.0,930.0,660.0,169.0599,283.0194,1.6741,0,0,0,0
318,2,0,47,1,1,1,0.9961,0.9854,0.9604,0.8662,883.5,359.0,778.5,352.5,889.0,530.0,735.0,529.5,105.201,154.0008,1.4639,0,0,0,0
319,2,0,20,1,1,1,0.9927,0.9678,0.8989,0.6611,1165.0,329.0,991.0,344.5,1224.0,676.0,941.0,656.5,174.689,283.671,1.6239,0,0,0,0
319,2,0,47,1,1,1,0.9961,0.9849,0.9609,0.8716,878.5,357.5,778.0,355.0,899.5,530.5,744.0,530.5,100.5311,155.5,1.5468,0,0,0,0
320,2,0,20,1,1,1,0.9951,0.9678,0.8926,0.5864,1149.0,340.5,990.0,347.5,1173.0,685.0,937.5,647.5,159.154,238.467,1.4983,0,0,0,0
320,2,0,47,1,1,1,0.9966,0.9814,0.9746,0.8584,877.0,352.5,778.0,353.0,887.5,519.5,743.5,529.0,99.0013,144.313,1.4577,0,0,0,0
321,2,0,20,1,1,1,0.9946,0.9629,0.8896,0.5562,1150.0,339.0,995.5,350.5,1171.0,684.5,937.0,648.0,154.9274,236.8296,1.5286,0,0,0,0
321,2,0,47,1,1,1,0.9946,0.98,0.96,0.8643,877.5,348.5,776.5,350.0,890.5,524.5,752.0,521.0,101.0111,138.5442,1.3716,0,0,0,0
322,2,0,20,1,1,1,0.9927,0.9619,0.8936,0.6313,1141.0,339.0,984.0,350.5,1164.0,670.0,934.5,655.0,157.4206,229.9897,1.461,0,0,0,0
322,2,0,47,1,1,1,0.9961,0.9746,0.9761,0.8408,866.0,347.5,771.0,350.5,881.0,510.5,735.0,528.0,95.0474,147.0451,1.5471,0,0,0,0
323,3,1,20,1,0,1,0.9951,0.9482,0.9131,0.5327,1125.0,336.0,987.5,348.0,1149.0,704.0,929.0,656.0,138.0226,225.1755,1.6314,0,0,0,0
323,3,1,47,1,1,1,0.9971,0.9761,0.9805,0.8472,847.5,355.0,764.0,356.5,866.5,530.5,730.5,527.5,83.5135,136.0331,1.6289,0,0,0,0
323,3,1,58,0,0,1,0.0743,0.0911,0.044,0.0405,995.0,0.0,256.5,0.0,564.0,0.0,348.0,0.0,738.5,216.0,0.2925,1,0,0,0
324,2,0,20,1,0,1,0.9946,0.9531,0.9141,0.5962,1125.0,338.0,983.0,350.0,1142.0,692.0,941.0,667.5,142.5061,202.4877,1.4209,0,0,0,0
324,2,0,47,1,1,1,0.9971,0.9761,0.98,0.8481,849.5,350.0,765.5,350.5,866.0,530.0,730.5,527.0,84.0015,135.5332,1.6135,0,0,0,0
325,2,0,20,1,0,1,0.9937,0.9316,0.9238,0.5972,1100.0,331.5,977.5,343.0,1126.0,699.0,947.5,642.0,123.0386,187.38,1.5229,0,0,0,0
325,2,0,47,1,1,1,0.9971,0.9688,0.9814,0.8198,836.5,349.5,756.5,351.0,859.5,530.5,722.0,544.5,80.0141,138.2109,1.7273,0,0,0,0
326,2,0,20,1,0,1,0.9941,0.9395,0.9219,0.6128,1102.0,334.5,978.0,343.0,1117.0,698.0,955.5,642.5,124.291,170.7703,1.374,0,0,0,0
326,2,0,47,1,1,1,0.9941,0.9536,0.958,0.7632,836.5,352.5,751.0,352.5,859.0,528.5,715.0,544.0,85.5,144.8318,1.6939,0,0,0,0
327,3,1,20,1,1,1,0.9927,0.9258,0.8989,0.5488,1090.0,343.0,971.0,343.0,1089.0,689.0,946.0,648.5,119.0,148.6245,1.2489,0,0,0,0
327,3,1,47,1,1,1,0.9961,0.9634,0.9741,0.7705,814.5,350.5,736.0,351.5,838.5,529.0,702.5,534.0,78.5064,136.0919,1.7335,0,0,0,0
327,3,1,59,0,0,1,0.0603,0.0953,0.0345,0.0398,1036.0,0.0,267.5,0.0,876.5,0.0,271.5,0.0,768.5,605.0,0.7872,1,0,0,0
328,2,0,20,1,0,1,0.9917,0.9229,0.9048,0.5737,1094.0,335.0,976.0,335.5,1086.0,697.5,946.5,641.0,118.0011,150.5075,1.2755,0,0,0,0
328,2,0,47,1,1,1,0.9971,0.9604,0.9756,0.7505,820.5,349.0,733.5,352.5,840.0,533.5,704.0,544.0,87.0704,136.4047,1.5666,0,0,0,0
329,2,0,20,0,0,1,0.9946,0.9146,0.8872,0.3635,1072.0,340.0,970.5,337.5,1054.0,709.5,929.5,654.0,101.5308,136.3103,1.3426,0,0,0,0
329,2,0,47,1,1,1,0.9966,0.9438,0.9756,0.6836,798.0,350.0,719.5,351.5,816.0,527.0,695.5,532.0,78.5143,120.6037,1.5361,0,0,0,0
330,2,0,20,0,0,1,0.9951,0.8999,0.9253,0.3916,1060.0,334.0,961.0,333.0,1046.0,699.0,920.0,662.0,99.0051,131.3202,1.3264,0,0,0,0
330,2,0,47,1,1,1,0.9976,0.9189,0.9795,0.5713,782.0,352.0,707.5,350.0,801.0,532.0,698.5,522.5,74.5268,102.9393,1.3812,0,0,0,0
331,2,0,20,0,0,1,0.9946,0.8994,0.9131,0.3777,1060.0,334.0,963.5,335.0,1045.0,707.0,920.0,671.5,96.5052,129.9433,1.3465,0,0,0,0
331,2,0,47,1,1,1,0.9976,0.8975,0.9761,0.4858,783.0,351.5,708.0,350.5,801.0,532.0,698.5,522.0,75.0067,102.9866,1.373,0,0,0,0
332,2,0,20,0,0,1,0.9937,0.8779,0.9277,0.3748,1030.0,337.0,937.0,332.0,1021.5,714.5,891.0,659.0,93.1343,141.8115,1.5227,0,0,0,0
332,2,0,47,1,1,1,0.9971,0.9473,0.9771,0.6978,760.5,349.5,692.0,351.5,779.0,525.0,665.5,528.5,68.5292,113.554,1.657,0,0,0,0
333,3,1,20,0,0,1,0.9932,0.8647,0.917,0.3533,1034.0,339.5,936.5,334.0,1021.5,705.0,892.5,640.0,97.655,144.4507,1.4792,0,0,0,0
333,3,1,47,1,1,1,0.9971,0.9502,0.9805,0.7334,768.0,355.5,693.5,353.5,786.0,530.5,659.0,526.5,74.5268,127.063,1.7049,0,0,0,0
333,3,1,60,0,0,1,0.1032,0.165,0.0487,0.0582,1078.0,0.0,317.0,0.0,932.0,0.0,335.75,0.0,761.0,596.25,0.7835,1,0,0,0
334,2,0,20,0,0,1,0.9956,0.8364,0.9209,0.2467,1020.0,330.5,952.5,328.0,1000.0,704.5,904.0,677.0,67.5463,99.8612,1.4784,0,0,0,0
334,2,0,47,1,1,1,0.9966,0.9634,0.981,0.8208,753.0,352.5,670.0,355.0,764.5,537.0,644.5,522.5,83.0376,120.8729,1.4556,0,0,0,0
335,3,1,20,0,0,1,0.9956,0.8301,0.9141,0.2266,1021.0,333.0,951.5,328.0,992.5,704.5,903.0,676.5,69.6796,93.7777,1.3458,0,0,0,0
335,3,1,47,1,1,1,0.9971,0.957,0.9844,0.8042,751.0,357.5,667.5,358.0,764.5,537.0,646.0,513.5,83.5015,120.8077,1.4468,0,0,0,0
335,3,1,61,0,0,1,0.118,0.2053,0.05,0.0648,1082.0,0.0,319.0,0.0,950.0,0.0,326.0,0.0,763.0,624.0,0.8178,1,0,0,0
336,2,0,20,0,0,1,0.9966,0.8604,0.9482,0.3069,988.0,322.0,915.5,321.0,971.0,720.0,865.0,691.0,72.5069,109.8954,1.5157,0,0,0,0
336,2,0,47,1,1,1,0.9966,0.9541,0.9697,0.7241,733.0,353.5,661.0,354.5,743.0,533.0,635.0,515.0,72.0069,109.4897,1.5205,0,0,0,0
337,2,0,20,0,1,1,0.9888,0.8706,0.8228,0.2922,973.0,323.5,903.5,320.5,939.0,689.0,865.5,609.0,69.5647,108.6382,1.5617,0,0,0,0
337,2,0,47,1,1,1,0.9971,0.9526,0.978,0.7134,718.5,354.0,651.0,350.5,733.0,534.5,619.5,523.0,67.5907,114.0811,1.6878,0,0,0,0
338,2,0,20,0,0,1,0.9888,0.8755,0.8267,0.3025,969.5,329.0,907.5,323.5,940.0,698.0,865.0,619.0,62.2435,108.9312,1.7501,0,0,0,0
338,2,0,47,1,1,1,0.9976,0.957,0.979,0.7163,717.5,353.5,654.0,352.0,732.5,534.0,620.0,514.0,63.5177,114.2639,1.7989,0,0,0,0
339,3,1,20,0,0,1,0.9951,0.8613,0.9067,0.304,948.5,317.5,891.0,318.0,922.5,708.0,830.5,671.5,57.5022,98.976,1.7213,0,0,0,0
339,3,1,47,1,1,1,0.9966,0.9546,0.9619,0.6763,704.5,352.5,643.0,355.5,713.5,525.0,614.0,513.5,61.5731,100.1624,1.6267,0,0,0,0
339,3,1,62,0,0,1,0.1043,0.1998,0.043,0.0635,1085.0,0.0,322.5,0.0,960.0,0.0,344.25,0.0,762.5,615.75,0.8075,1,0,0,0
340,2,0,20,0,0,1,0.9946,0.8545,0.8882,0.2646,943.0,323.0,891.0,324.5,924.5,708.5,821.0,679.5,52.0216,107.486,2.0662,0,0,0,0
340,2,0,47,1,1,1,0.9976,0.9614,0.9766,0.7319,711.0,355.0,645.0,354.0,709.0,533.5,610.5,522.0,66.0076,99.169,1.5024,0,0,0,0
341,2,0,47,1,1,1,0.9956,0.9609,0.957,0.7212,699.0,349.5,637.5,351.5,698.0,532.5,598.0,502.5,61.5325,104.4031,1.6967,0,0,0,0
341,2,0,20,0,0,1,0.9941,0.8447,0.9053,0.2522,919.5,323.0,866.5,325.0,870.5,703.5,805.0,665.0,53.0377,75.977,1.4325,0,0,0,0
342,2,0,20,0,0,1,0.9897,0.853,0.8271,0.301,928.5,329.5,863.5,328.0,887.0,717.0,804.0,661.0,65.0173,100.1249,1.54,0,0,0,0
342,2,0,47,1,1,1,0.9966,0.959,0.9702,0.7471,693.5,351.0,635.5,350.0,705.0,532.5,594.5,511.5,58.0086,112.4778,1.939,0,0,0,0
343,2,0,20,0,0,1,0.9961,0.8721,0.9424,0.3289,890.5,325.0,832.0,328.5,862.0,697.0,783.5,670.5,58.6046,82.8523,1.4138,0,0,0,0
343,2,0,47,1,1,1,0.9946,0.9546,0.9497,0.6777,681.5,350.5,625.0,352.0,682.5,527.0,596.0,510.0,56.5199,88.1547,1.5597,0,0,0,0
344,2,0,20,0,0,1,0.9966,0.8691,0.9434,0.3167,889.5,327.5,842.5,328.0,852.0,713.0,783.0,672.0,47.0027,80.2621,1.7076,0,0,0,0
344,2,0,47,1,1,1,0.9961,0.9468,0.9712,0.7031,677.5,352.0,623.0,348.5,680.5,534.5,595.0,520.0,54.6123,86.7208,1.5879,0,0,0,0
345,3,1,20,0,0,1,0.9961,0.8057,0.9292,0.2286,848.0,333.0,811.0,330.0,825.0,720.0,745.5,650.0,37.1214,105.9257,2.8535,0,0,0,0
345,3,1,47,1,1,1,0.9951,0.9458,0.9482,0.6396,666.0,352.5,615.5,353.0,676.0,527.0,589.0,510.0,50.5025,88.6454,1.7553,0,0,0,0
345,3,1,63,0,0,1,0.0725,0.1429,0.046,0.0737,1047.0,0.0,254.25,0.0,932.0,0.0,263.75,0.0,792.75,668.25,0.843,1,0,0,0
346,3,1,20,0,0,1,0.9946,0.7573,0.9077,0.1833,821.0,335.5,788.0,331.5,783.5,708.0,726.5,620.0,33.2415,104.8475,3.1541,0,0,0,0
346,3,1,47,1,1,1,0.9907,0.9346,0.9194,0.6221,653.0,348.0,599.5,346.0,654.0,544.0,580.5,527.0,53.5374,75.4404,1.4091,0,0,0,0
346,3,1,63,0,0,1,0.0997,0.1384,0.0463,0.0528,1044.0,0.0,245.75,0.0,942.0,0.0,347.5,0.0,798.25,594.5,0.7448,1,0,0,0
347,3,1,20,0,0,1,0.9922,0.7412,0.854,0.1578,817.0,333.0,791.5,331.5,805.5,692.5,731.0,601.5,25.5441,117.6063,4.6041,0,0,0,0
347,3,1,47,1,1,1,0.9878,0.8906,0.8926,0.5249,649.5,351.0,606.5,346.0,654.0,551.0,580.0,524.5,43.2897,78.6018,1.8157,0,0,0,0
347,3,1,63,0,0,1,0.0998,0.1538,0.045,0.0591,1041.0,0.0,276.25,0.0,893.5,0.0,344.0,0.0,764.75,549.5,0.7185,1,0,0,0
348,3,1,47,1,1,0,0.9873,0.8774,0.8784,0.4365,627.5,353.0,593.0,348.0,624.0,559.0,569.5,544.0,34.8604,56.5265,1.6215,0,0,0,0
348,3,1,20,0,1,0,0.9907,0.8398,0.8447,0.2717,780.0,326.0,729.0,318.0,755.5,665.0,677.5,573.5,51.6236,120.2341,2.3291,0,0,0,0
348,3,1,63,0,0,1,0.0957,0.1242,0.0498,0.048,1100.0,0.0,317.5,0.0,974.0,0.0,301.25,0.0,782.5,672.75,0.8597,1,0,0,0
349,3,1,47,1,1,0,0.9878,0.8774,0.8682,0.4031,633.5,353.0,593.0,349.5,641.0,559.5,577.5,544.5,40.651,65.2476,1.6051,0,0,0,0
349,3,1,20,0,1,0,0.9946,0.7988,0.8926,0.2391,775.5,331.5,731.5,316.0,764.5,671.0,675.0,583.0,46.6503,125.5159,2.6906,0,0,0,0
349,3,1,63,0,0,1,0.1277,0.1439,0.045,0.0443,1026.0,0.0,260.0,0.0,944.5,0.0,284.75,0.0,766.0,659.75,0.8613,1,0,0,0
350,3,1,20,0,0,0,0.9941,0.7769,0.8569,0.1652,739.0,323.0,710.5,311.5,722.5,706.0,660.0,654.5,30.7327,80.9846,2.6351,0,0,0,0
350,3,1,47,0,1,0,0.9888,0.8677,0.8882,0.3735,614.0,353.0,593.5,350.5,572.0,544.5,557.0,551.5,20.6519,16.5529,0.8015,0,0,0,0
350,3,1,63,0,0,1,0.0844,0.1134,0.0435,0.049,1032.0,0.0,243.0,0.0,944.0,0.0,274.5,0.0,789.0,669.5,0.8485,1,0,0,0
351,3,1,20,0,0,0,0.9922,0.7871,0.7637,0.1316,742.0,323.0,712.0,318.0,725.0,714.0,662.5,647.0,30.4138,91.6256,3.0126,0,0,0,0
351,3,1,47,0,1,0,0.9873,0.8237,0.8608,0.314,608.0,349.0,587.5,345.0,582.0,540.0,560.5,557.5,20.8866,27.7218,1.3273,0,0,0,0
351,3,1,63,0,0,1,0.1076,0.1312,0.046,0.0458,1035.0,0.0,259.5,0.0,935.0,0.0,248.25,0.0,775.5,686.75,0.8856,1,0,0,0
352,3,1,20,0,0,0,0.9946,0.7744,0.9106,0.2629,714.0,322.0,660.5,316.0,683.5,692.5,598.5,427.0,53.8354,278.7746,5.1783,0,0,0,0
352,3,1,47,0,1,0,0.8882,0.689,0.4026,0.1687,595.0,368.0,572.5,370.5,555.5,593.5,548.5,578.0,22.6385,17.0074,0.7513,0,0,0,0
352,3,1,63,0,0,1,0.096,0.13,0.0418,0.0455,1040.0,0.0,252.75,0.0,935.0,0.0,239.0,0.0,787.25,696.0,0.8841,1,0,0,0
353,3,1,20,1,0,0,0.9932,0.8062,0.9238,0.4114,711.5,325.5,664.0,320.0,680.0,696.0,589.0,326.5,47.8174,380.5407,7.9582,0,0,0,0
353,3,1,47,0,1,0,0.8525,0.6743,0.396,0.1949,598.0,367.0,571.5,366.0,579.0,588.0,577.5,486.0,26.5189,102.011,3.8467,0,0,0,0
353,3,1,63,0,0,1,0.1224,0.1375,0.0534,0.0515,1026.0,0.0,260.0,0.0,944.0,0.0,288.75,0.0,766.0,655.25,0.8554,1,0,0,0
354,2,0,20,1,0,1,0.9941,0.8589,0.9282,0.4058,680.0,323.5,622.0,319.0,654.0,693.0,544.0,591.5,58.1743,149.6738,2.5729,0,0,0,0
354,2,0,63,0,0,1,0.113,0.1597,0.0437,0.0538,1042.0,0.0,264.0,0.0,966.5,0.0,267.0,0.0,778.0,699.5,0.8991,1,0,0,0
355,2,0,20,0,0,1,0.9937,0.8584,0.9238,0.395,680.0,325.0,623.5,319.0,655.0,694.0,542.0,618.5,56.8177,135.9016,2.3919,0,0,0,0
355,2,0,63,0,0,1,0.1238,0.1415,0.0583,0.057,1032.0,0.0,240.75,0.0,953.0,0.0,280.0,0.0,791.25,673.0,0.8506,1,0,0,0
356,2,0,20,1,1,1,0.9956,0.8486,0.9453,0.4426,649.5,309.5,615.0,298.0,609.0,677.0,549.5,318.5,36.3662,363.404,9.9929,0,0,0,0
356,2,0,64,0,0,1,0.1115,0.1279,0.0491,0.044,1096.0,0.0,341.25,0.0,978.0,0.0,331.5,0.0,754.75,646.5,0.8566,1,0,0,0
357,2,0,20,1,1,1,0.9956,0.8481,0.9434,0.4214,652.5,315.0,613.0,304.5,611.5,686.0,548.5,327.5,40.8718,363.9935,8.9057,0,0,0,0
357,2,0,64,0,0,1,0.1552,0.1387,0.0887,0.0545,1094.0,0.0,310.5,0.0,954.0,0.0,311.25,0.0,783.5,642.75,0.8204,1,0,0,0
358,2,0,20,0,0,1,0.9927,0.8994,0.897,0.3843,614.0,316.0,568.0,314.5,573.5,690.0,507.5,641.0,46.0245,82.201,1.786,0,0,0,0
358,2,0,64,0,0,1,0.1241,0.1163,0.0562,0.0455,1028.0,0.0,269.0,0.0,987.5,0.0,308.25,0.0,759.0,679.25,0.8949,1,0,0,0
359,2,0,20,0,1,1,0.9966,0.8823,0.9463,0.3184,587.5,316.0,553.0,324.0,549.5,687.0,488.0,647.5,35.4154,73.0924,2.0639,0,0,0,0
359,2,0,64,0,0,1,0.115,0.116,0.0717,0.0533,1088.0,0.0,328.5,0.0,979.0,0.0,331.5,0.0,759.5,647.5,0.8525,1,0,0,0
360,1,0,20,0,1,1,0.9966,0.876,0.9492,0.3088,586.0,318.5,547.5,321.0,552.5,687.0,479.0,645.5,38.5811,84.4068,2.1878,0,0,0,0
361,2,0,20,1,1,1,0.9961,0.9097,0.9199,0.4014,555.0,314.0,527.0,310.0,524.0,676.5,458.0,643.5,28.2843,73.7902,2.6089,0,0,0,0
361,2,0,65,1,1,1,0.7275,0.8408,0.7129,0.8145,1203.0,109.5,1006.5,101.5,1145.0,48.5,937.0,51.75,196.6628,208.0254,1.0578,0,0,0,0
362,1,0,20,0,1,1,0.9961,0.8916,0.9297,0.3677,553.0,316.5,528.0,310.5,515.0,678.0,456.75,651.5,25.7099,63.9946,2.4891,0,0,0,0
363,3,1,20,0,0,1,0.9961,0.8789,0.9053,0.2172,509.5,325.0,525.0,317.5,475.0,695.0,447.25,660.5,17.2192,44.2754,2.5713,0,0,0,0
363,3,1,66,1,1,1,0.6763,0.8228,0.6523,0.7881,1199.0,89.75,986.5,93.5,1146.0,68.5,974.0,55.5,212.5331,172.4906,0.8116,1,0,0,0
363,3,1,67,0,0,1,0.155,0.1716,0.0693,0.0659,1031.0,0.0,272.0,0.0,985.0,0.0,328.5,0.0,759.0,656.5,0.865,1,0,0,0
364,1,0,20,0,0,1,0.9961,0.8872,0.9058,0.2449,509.5,318.0,520.5,312.0,475.75,693.5,438.75,659.5,12.53,50.2494,4.0103,0,0,0,0
365,1,0,20,0,1,1,0.9917,0.8428,0.7817,0.1766,478.0,346.0,499.5,309.5,430.75,689.5,444.75,558.0,42.3615,132.2431,3.1218,0,0,0,0
366,1,0,20,0,0,1,0.9932,0.7759,0.7393,0.0768,442.75,331.0,464.5,314.0,371.0,704.0,360.0,651.0,27.6055,54.1295,1.9608,0,0,0,0
367,2,0,20,0,0,1,0.9941,0.7422,0.7744,0.0789,446.0,330.5,461.0,312.5,376.0,709.0,344.5,642.5,23.4307,73.5833,3.1405,0,0,0,0
367,2,0,68,0,0,1,0.1245,0.1136,0.0507,0.033,1072.0,0.0,314.25,0.0,954.0,0.0,333.0,0.0,757.75,621.0,0.8195,1,0,0,0
368,2,0,20,0,0,1,0.9932,0.876,0.6846,0.1322,415.75,348.5,438.0,316.0,326.5,716.0,341.0,630.0,39.3867,87.2138,2.2143,0,0,0,0
368,2,0,69,1,1,1,0.6924,0.8799,0.6045,0.8125,1213.0,116.0,1010.0,108.5,1170.0,89.0,957.0,74.5,203.1385,213.493,1.051,0,0,0,0
369,3,1,20,0,0,1,0.9878,0.8477,0.6235,0.1146,409.5,342.5,428.5,319.5,343.0,706.5,341.75,645.5,29.8329,61.0128,2.0452,0,0,0,0
369,3,1,69,1,1,1,0.772,0.874,0.7036,0.8169,1195.0,105.0,989.5,100.0,1139.0,71.0,967.5,63.75,205.5608,171.6532,0.835,1,0,0,0
369,3,1,70,0,0,1,0.1403,0.1312,0.1274,0.0775,1032.0,0.0,286.25,0.0,952.0,0.0,292.25,0.0,745.75,659.75,0.8847,1,0,0,0
370,2,0,20,0,0,1,0.9873,0.8057,0.5679,0.0947,382.5,340.5,401.5,314.0,281.0,709.0,275.5,613.0,32.6075,96.1574,2.9489,0,0,0,0
370,2,0,70,0,0,1,0.132,0.1354,0.0586,0.0483,1010.0,0.0,267.0,0.0,934.0,0.0,281.5,0.0,743.0,652.5,0.8782,1,0,0,0
371,1,0,20,0,0,1,0.9897,0.8125,0.6055,0.0966,379.0,336.0,399.25,312.0,296.0,718.0,294.25,605.5,31.4016,112.5136,3.583,0,0,0,0
372,2,0,20,0,0,1,0.9785,0.7358,0.5103,0.0895,343.5,339.5,383.0,321.0,258.0,715.0,255.5,611.0,43.6177,104.03,2.385,0,0,0,0
372,2,0,71,1,1,1,0.6934,0.8428,0.646,0.7944,1195.0,101.5,1007.0,112.5,1147.0,61.25,963.0,82.5,188.3215,185.223,0.9835,0,0,0,0
373,2,0,20,0,0,1,0.9878,0.8667,0.561,0.0989,303.0,321.0,388.5,309.5,195.5,720.0,226.875,681.5,86.2699,49.6653,0.5757,0,0,0,0
373,2,0,72,0,0,1,0.1074,0.1063,0.0515,0.0382,1013.0,0.0,264.5,0.0,935.0,0.0,305.25,0.0,748.5,629.75,0.8413,1,0,0,0
374,2,0,20,0,0,1,0.9893,0.8071,0.6377,0.0792,295.0,332.0,386.0,316.0,210.75,715.0,229.625,652.0,92.3959,65.7668,0.7118,0,0,0,0
374,2,0,73,1,1,1,0.6514,0.8481,0.6377,0.8247,1204.0,116.0,1016.5,109.25,1164.0,78.5,980.5,76.75,187.6215,183.5083,0.9781,0,0,0,0
375,2,0,20,0,0,1,0.9946,0.9512,0.7529,0.259,259.5,327.5,377.0,308.5,148.625,720.0,251.25,666.0,119.0263,115.965,0.9743,0,0,0,0
375,2,0,74,0,0,1,0.071,0.0879,0.033,0.0278,1108.0,0.0,329.25,0.0,933.0,0.0,319.25,0.0,778.75,613.75,0.7881,1,0,0,0
376,1,0,20,0,0,1,0.9941,0.9448,0.7314,0.2593,254.125,331.0,380.5,316.0,152.125,720.0,271.0,649.5,127.2621,138.2082,1.086,0,0,0,0
377,3,1,20,0,0,1,0.9956,0.9526,0.8359,0.3555,217.0,329.0,376.0,318.0,119.25,705.0,316.25,624.5,159.38,212.8127,1.3353,0,0,0,0
377,3,1,75,1,1,1,0.5454,0.8608,0.5269,0.8354,1215.0,106.0,1004.0,90.75,1164.0,105.0,973.5,57.75,211.5504,196.2723,0.9278,1,0,0,0
377,3,1,76,0,0,1,0.0763,0.1108,0.0396,0.0481,1010.5,0.0,263.5,0.0,836.0,0.0,332.0,0.0,747.0,504.0,0.6747,1,0,0,0
378,4,1,20,0,0,0,0.9946,0.9429,0.7881,0.292,215.375,330.0,372.5,317.0,112.375,712.0,316.75,616.0,157.6619,225.7989,1.4322,0,0,0,0
378,4,1,77,0,1,0,0.895,0.6919,0.3687,0.1088,405.25,340.5,344.5,334.0,413.5,519.5,370.75,500.5,61.0967,46.7821,0.7657,0,0,0,0
378,4,1,78,0,1,0,0.8892,0.5747,0.564,0.205,404.0,345.0,355.0,341.5,385.0,536.5,378.5,512.5,49.1248,24.8646,0.5062,0,0,0,0
378,4,1,75,1,1,1,0.6396,0.8716,0.6216,0.8394,1204.0,115.5,1010.0,110.5,1138.0,65.5,973.5,46.5,194.0644,165.5936,0.8533,0,0,0,0
379,4,1,20,0,1,0,0.9888,0.9497,0.7886,0.3857,186.125,319.0,365.5,317.5,79.75,679.5,319.5,634.0,179.3813,244.0293,1.3604,0,0,0,0
379,4,1,77,0,1,0,0.8989,0.6587,0.2366,0.0552,389.75,336.0,339.75,335.0,406.75,506.0,381.25,497.0,50.01,27.0416,0.5407,0,0,0,0
379,4,1,79,0,1,0,0.918,0.5552,0.6934,0.2278,389.75,337.5,349.0,341.0,386.5,535.5,387.5,522.0,40.9,13.537,0.331,0,0,0,0
379,4,1,80,0,0,1,0.0709,0.0959,0.0366,0.0414,1016.0,0.0,269.25,0.0,878.5,0.0,322.5,0.0,746.75,556.0,0.7446,1,0,0,0
380,5,1,20,0,0,0,0.9922,0.9482,0.7881,0.3999,190.5,326.0,357.75,317.0,84.875,691.5,363.5,587.0,167.492,297.5771,1.7767,0,0,0,0
380,5,1,77,0,1,0,0.8911,0.6499,0.2042,0.049,389.5,337.0,342.75,335.0,403.25,509.5,386.0,492.5,46.7928,24.2191,0.5176,0,0,0,0
380,5,1,81,0,1,0,0.916,0.5791,0.667,0.2374,392.0,328.5,353.25,332.0,387.0,542.5,387.5,523.0,38.9077,19.5064,0.5014,0,0,0,0
380,5,1,80,0,0,1,0.0757,0.0983,0.0353,0.0393,1007.5,0.0,281.5,0.0,896.0,0.0,344.5,0.0,726.0,551.5,0.7596,1,0,0,0
380,5,1,79,0,1,0,0.8755,0.6006,0.4316,0.1023,396.25,335.5,360.0,333.5,414.5,533.0,372.75,532.0,36.3051,41.762,1.1503,0,0,0,0
381,2,0,20,0,0,0,0.9927,0.9395,0.7422,0.3123,177.5,332.0,334.0,317.0,46.375,691.5,336.75,594.0,157.2172,306.3069,1.9483,0,0,0,0
381,2,0,77,0,1,0,0.9648,0.6187,0.7769,0.1864,373.0,339.5,340.25,340.5,402.75,543.0,363.0,553.0,32.7653,40.9886,1.251,0,0,0,0
382,2,0,20,0,0,0,0.9951,0.9722,0.7368,0.394,152.375,349.0,338.5,328.0,11.25,697.5,332.75,604.0,187.3059,334.8201,1.7876,0,0,0,0
382,2,0,77,0,1,0,0.9673,0.7578,0.6738,0.1952,367.25,334.0,324.75,331.5,389.0,551.0,343.75,529.0,42.5735,50.3146,1.1818,0,0,0,0
383,2,0,20,0,0,0,0.9917,0.9429,0.7349,0.3455,169.75,344.0,317.25,319.5,35.625,704.0,313.0,591.5,149.5209,299.3211,2.0019,0,0,0,0
383,2,0,77,0,1,0,0.9731,0.7695,0.7197,0.2125,367.0,326.0,322.25,324.5,389.0,551.0,335.25,519.0,44.7751,62.5545,1.3971,0,0,0,0
384,2,0,20,0,0,0,0.9932,0.9678,0.7158,0.3406,138.25,337.5,317.5,322.5,12.125,675.0,324.0,620.0,179.8765,316.6876,1.7606,0,0,0,0
384,2,0,77,0,1,0,0.9736,0.7402,0.8179,0.2734,359.25,342.5,321.0,335.5,378.5,553.0,361.25,544.0,38.8852,19.4567,0.5004,0,0,0,0
385,3,1,20,0,0,0,0.9951,0.9683,0.7656,0.3774,139.5,346.5,325.25,319.5,6.375,697.0,336.0,585.5,187.7021,347.9725,1.8539,0,0,0,0
385,3,1,77,0,1,0,0.978,0.7661,0.8374,0.2986,361.0,342.5,320.25,335.0,377.25,552.5,354.0,534.5,41.4344,29.4034,0.7096,0,0,0,0
385,3,1,82,1,1,1,0.5767,0.8403,0.5645,0.8096,1209.0,101.0,1014.5,88.0,1144.0,49.0,948.0,60.0,194.934,196.3084,1.0071,0,0,0,0
386,2,0,20,1,0,0,0.9941,0.9771,0.7871,0.4763,137.25,337.5,312.5,334.5,14.25,685.0,298.25,636.0,175.2757,288.1961,1.6442,0,0,0,0
386,2,0,77,0,1,0,0.9707,0.6709,0.7852,0.2001,347.75,339.0,300.0,333.5,371.5,561.0,313.75,548.5,48.0657,59.0873,1.2293,0,0,0,0
387,2,0,20,1,0,0,0.9941,0.9775,0.7666,0.4609,137.375,338.0,309.5,337.5,19.75,676.5,305.0,653.0,172.1257,286.2164,1.6628,0,0,0,0
387,2,0,77,0,1,0,0.9707,0.6636,0.7808,0.1941,350.75,336.0,302.5,333.5,370.75,561.0,322.0,548.0,48.3147,50.4536,1.0443,0,0,0,0
388,4,1,20,1,0,0,0.9912,0.978,0.7607,0.4968,124.5,339.0,299.5,341.5,23.1875,661.5,295.5,651.0,175.0179,272.5149,1.5571,0,0,0,0
388,4,1,77,0,1,0,0.8896,0.7163,0.269,0.0909,344.5,336.5,278.5,333.0,338.0,474.5,294.75,462.5,66.0927,44.8839,0.6791,0,0,0,0
388,4,1,83,0,0,1,0.0919,0.097,0.057,0.0531,1021.0,0.0,305.25,0.0,737.5,0.0,365.5,0.0,715.75,372.0,0.5197,1,0,0,0
388,4,1,84,1,1,1,0.6245,0.7935,0.6489,0.7866,1211.0,97.25,1016.0,89.5,1160.0,60.75,972.5,64.5,195.1539,187.5375,0.961,0,0,0,0
389,3,1,20,1,0,0,0.9937,0.9761,0.7656,0.448,126.5,327.0,304.0,330.0,21.25,660.5,298.0,649.5,177.5254,276.9685,1.5602,0,0,0,0
389,3,1,77,0,1,0,0.9175,0.688,0.561,0.2251,348.25,341.0,297.25,340.0,313.0,553.5,312.25,539.0,51.0098,14.5194,0.2846,0,0,0,0
389,3,1,85,0,1,0,0.8916,0.7173,0.2747,0.094,338.75,337.5,290.75,334.0,336.5,450.5,294.75,436.0,48.1274,44.1963,0.9183,0,0,0,0
390,3,1,20,1,0,0,0.9927,0.98,0.7178,0.4033,98.0,328.0,304.75,335.0,14.1875,681.0,306.5,664.0,206.8685,292.8064,1.4154,0,0,0,0
390,3,1,85,0,1,0,0.9146,0.7666,0.1505,0.0465,318.75,341.0,305.5,333.5,321.0,469.0,319.25,459.0,15.2254,10.152,0.6668,0,0,0,0
390,3,1,86,0,0,1,0.0645,0.0989,0.0595,0.0797,1013.0,0.0,300.25,0.0,784.0,0.0,395.25,0.0,712.75,388.75,0.5454,1,0,0,0
391,3,1,20,0,0,0,0.9937,0.979,0.7314,0.3867,98.0,326.0,303.5,328.0,6.6875,680.5,315.0,656.0,205.5097,309.2844,1.505,0,0,0,0
391,3,1,85,0,1,0,0.8892,0.7705,0.1273,0.0539,312.0,341.0,309.25,333.0,322.75,436.5,308.25,419.5,8.4595,22.3439,2.6413,0,0,0,0
391,3,1,86,0,0,1,0.0862,0.106,0.0435,0.0461,1013.5,0.0,284.0,0.0,869.5,0.0,343.5,0.0,729.5,526.0,0.721,1,0,0,0
392,3,1,20,0,0,0,0.9941,0.9761,0.7485,0.3508,86.875,326.0,295.5,335.5,6.375,690.0,295.0,653.0,208.8412,290.9869,1.3933,0,0,0,0
392,3,1,85,0,1,0,0.9243,0.7725,0.17,0.0517,311.5,333.5,298.0,331.0,322.75,472.5,323.25,465.0,13.7295,7.5166,0.5475,0,0,0,0
392,3,1,86,0,0,1,0.0825,0.0904,0.0597,0.0525,1005.5,0.0,293.75,0.0,736.5,0.0,356.5,0.0,711.75,380.0,0.5339,1,0,0,0
393,3,1,20,1,0,0,0.9839,0.9771,0.6089,0.5269,95.0,329.0,293.5,328.0,3.5,666.0,289.0,657.5,198.5025,285.6265,1.4389,0,0,0,0
393,3,1,85,0,1,0,0.9189,0.7686,0.2032,0.0718,302.0,338.0,300.25,333.5,327.75,443.5,319.75,436.5,4.8283,10.6301,2.2016,0,0,0,0
393,3,1,87,0,1,0,0.9614,0.8828,0.5845,0.304,306.25,343.5,300.0,340.0,277.25,590.0,287.0,575.5,7.1633,17.4732,2.4393,0,0,0,0
394,3,1,20,1,0,0,0.9897,0.9863,0.6157,0.4578,81.625,324.0,294.0,330.0,19.3125,672.5,294.0,652.0,212.4597,275.4514,1.2965,0,0,0,0
394,3,1,85,0,1,0,0.9175,0.7251,0.2563,0.0733,311.0,335.5,287.5,331.5,322.25,455.0,306.75,454.5,23.838,15.5081,0.6506,0,0,0,0
394,3,1,88,0,1,0,0.9399,0.8389,0.5405,0.2683,312.0,337.0,285.0,339.0,303.75,546.0,280.5,561.0,27.074,27.6688,1.022,0,0,0,0
395,4,1,20,1,0,0,0.9893,0.9854,0.5869,0.4377,70.9375,320.0,282.0,329.5,22.75,673.0,288.75,660.0,211.2762,266.3175,1.2605,0,0,0,0
395,4,1,85,0,1,0,0.8179,0.6543,0.0844,0.037,291.25,336.0,287.5,330.5,308.0,406.5,302.5,395.5,6.6568,12.2984,1.8475,0,0,0,0
395,4,1,88,0,1,0,0.9326,0.8848,0.489,0.3337,294.25,337.0,287.5,335.5,290.75,550.5,281.0,580.0,6.9147,31.0695,4.4933,0,0,0,0
395,4,1,89,0,0,1,0.0703,0.0922,0.0497,0.0481,1092.0,0.0,353.25,0.0,789.0,0.0,426.5,0.0,738.75,362.5,0.4907,1,0,0,0
396,2,0,20,1,0,0,0.9893,0.9854,0.5879,0.4409,68.125,320.5,283.5,324.0,22.5625,663.5,290.5,651.0,215.4034,268.2289,1.2452,0,0,0,0
396,2,0,85,0,1,0,0.897,0.7588,0.1744,0.0623,298.75,335.0,266.5,336.5,319.25,448.5,310.0,442.5,32.2849,11.0255,0.3415,0,0,0,0
397,2,0,20,1,0,0,0.9858,0.9888,0.4844,0.4646,64.25,321.5,278.0,325.0,25.5,656.0,282.5,649.0,213.7787,257.0953,1.2026,0,0,0,0
397,2,0,85,0,1,0,0.9512,0.9048,0.5552,0.3748,288.5,340.0,265.5,342.0,310.25,568.0,282.0,589.0,23.0868,35.2003,1.5247,0,0,0,0
398,2,0,20,1,0,0,0.9829,0.9878,0.4675,0.4773,60.125,319.0,277.0,321.0,26.625,656.0,282.5,650.0,216.8842,255.9453,1.1801,0,0,0,0
398,2,0,85,0,1,0,0.9517,0.8779,0.604,0.3564,289.25,331.5,262.0,332.5,300.75,556.0,276.5,569.5,27.2683,27.7545,1.0178,0,0,0,0
399,3,1,20,0,1,0,0.9756,0.9917,0.3691,0.5728,47.25,321.5,267.5,327.5,44.125,630.0,282.0,639.0,220.3317,238.0452,1.0804,0,0,0,0
399,3,1,90,1,1,1,0.5327,0.8516,0.5303,0.835,1200.0,118.5,1012.5,104.5,1154.0,123.0,956.0,68.25,188.0219,205.4302,1.0926,0,0,0,0
399,3,1,85,0,1,0,0.8926,0.873,0.4226,0.3752,254.0,338.0,276.0,337.5,296.5,550.5,286.75,571.0,22.0057,22.7005,1.0316,0,0,0,0
400,2,0,20,0,1,0,0.9766,0.9902,0.3789,0.5239,53.0,322.5,264.75,327.0,36.125,638.0,280.5,639.0,211.7978,244.377,1.1538,0,0,0,0
400,2,0,85,1,1,0,0.9048,0.8955,0.4407,0.4041,249.625,348.0,272.5,347.5,289.25,561.0,284.5,589.0,22.8805,28.4,1.2412,0,0,0,0
401,2,0,20,0,1,0,0.9663,0.9883,0.374,0.5703,46.75,323.0,250.25,333.0,45.0,613.5,290.5,638.0,203.7456,246.7195,1.2109,0,0,0,0
401,2,0,85,1,1,0,0.8799,0.8774,0.4375,0.4397,249.75,337.5,255.75,335.5,307.0,550.5,288.5,570.0,6.3246,26.8794,4.25,0,0,0,0
402,2,0,20,0,1,0,0.9595,0.9878,0.3184,0.5728,38.1875,320.5,243.25,327.5,50.3125,609.0,298.0,647.5,205.1819,250.6618,1.2217,0,0,0,0
402,2,0,85,1,1,0,0.9155,0.8975,0.5088,0.469,247.0,355.5,253.125,346.5,282.0,586.5,294.5,593.0,10.8865,14.089,1.2942,0,0,0,0
403,2,0,20,0,1,0,0.9629,0.9902,0.332,0.624,37.625,320.5,243.125,329.5,49.125,609.0,299.5,648.0,205.697,253.3942,1.2319,0,0,0,0
403,2,0,85,1,1,0,0.8745,0.8633,0.4504,0.4285,249.625,351.0,253.625,353.0,288.75,568.0,287.75,581.0,4.4721,13.0384,2.9155,0,0,0,0
404,1,0,20,0,1,1,0.9546,0.9917,0.3003,0.6934,31.6875,325.0,223.5,328.0,58.75,599.0,303.5,636.5,191.836,247.6062,1.2907,0,0,0,0
405,2,0,20,0,0,1,0.9546,0.9937,0.2529,0.6968,27.875,326.5,227.0,330.0,43.0,598.0,300.5,646.0,199.1558,261.9356,1.3152,0,0,0,0
405,2,0,91,0,0,1,0.0805,0.0845,0.0412,0.0342,1054.0,0.0,336.75,0.0,811.0,0.0,399.75,0.0,717.25,411.25,0.5734,1,0,0,0
406,2,0,20,0,0,1,0.9541,0.9927,0.2311,0.647,27.4375,324.0,213.5,335.0,111.9375,561.0,292.5,633.0,186.3874,194.3883,1.0429,0,0,0,0
406,2,0,91,0,0,1,0.0665,0.0862,0.0443,0.0439,1088.0,0.0,351.25,0.0,679.0,0.0,368.25,0.0,736.75,310.75,0.4218,1,0,0,0
407,1,0,20,0,0,1,0.9531,0.9927,0.2247,0.6377,25.6875,325.0,220.25,336.0,113.25,556.0,301.0,634.0,194.8732,203.3078,1.0433,0,0,0,0
408,1,0,20,0,0,1,0.959,0.9951,0.2356,0.7051,29.375,317.0,212.875,329.0,101.3125,577.0,292.0,643.0,183.892,201.7863,1.0973,0,0,0,0
409,2,0,20,0,0,1,0.9712,0.9961,0.2462,0.6875,29.4375,315.0,203.875,328.0,101.3125,594.0,282.0,652.5,174.9212,189.9216,1.0858,0,0,0,0
409,2,0,92,0,0,1,0.0563,0.0914,0.0337,0.0403,1097.0,0.0,351.25,0.0,840.0,0.0,384.5,0.0,745.75,455.5,0.6108,1,0,0,0
410,1,0,20,0,1,1,0.9722,0.9961,0.2444,0.6841,32.5,315.5,202.75,328.0,100.375,594.0,282.25,652.0,170.7083,190.8992,1.1183,0,0,0,0
411,1,0,20,0,1,1,0.9609,0.9961,0.2732,0.7612,47.6875,313.5,195.0,323.0,146.125,629.5,275.5,672.0,147.6185,136.1769,0.9225,0,0,0,0
412,1,0,20,0,1,1,0.9624,0.9956,0.2573,0.729,53.8125,318.0,198.25,327.5,146.375,637.5,274.75,672.0,144.7496,132.93,0.9183,0,0,0,0
413,1,0,20,0,1,1,0.9619,0.9956,0.3376,0.7974,61.6875,314.0,193.5,321.0,159.625,603.5,252.0,651.0,131.9982,103.872,0.7869,0,0,0,0
414,1,0,20,0,1,1,0.9634,0.9961,0.3413,0.7974,59.8125,316.0,192.5,321.0,143.375,603.0,251.5,650.0,132.7817,117.8983,0.8879,0,0,0,0
415,1,0,20,1,1,1,0.9595,0.9961,0.4004,0.8369,79.125,312.0,192.875,325.0,216.25,573.5,241.25,685.0,114.4904,114.2683,0.9981,0,0,0,0
416,1,0,20,0,1,1,0.9614,0.9946,0.3826,0.7803,85.625,316.5,188.25,327.5,217.625,567.5,250.5,676.0,103.2128,113.3711,1.0984,0,0,0,0
417,1,0,20,0,1,1,0.9497,0.9941,0.3982,0.813,109.5,306.5,207.5,316.5,246.375,551.5,249.625,677.0,98.5089,125.5421,1.2744,0,0,0,0
418,2,0,20,0,1,0,0.9243,0.9912,0.3186,0.7778,145.125,321.5,220.125,329.0,160.625,619.0,242.25,668.5,75.3741,95.4615,1.2665,0,0,0,0
418,2,0,93,0,1,0,0.4629,0.8853,0.1082,0.5137,128.0,337.5,70.375,334.0,77.5625,556.5,61.7812,548.0,57.7312,17.9248,0.3105,0,0,0,0
419,2,0,20,0,1,0,0.9297,0.9927,0.3464,0.8086,136.875,322.0,215.625,328.0,177.5,615.0,250.5,678.0,78.9782,96.4261,1.2209,0,0,0,0
419,2,0,93,0,1,0,0.8022,0.9595,0.2593,0.6621,120.625,338.0,77.9375,334.0,75.1875,583.0,98.125,601.0,42.8745,29.157,0.6801,0,0,0,0
420,2,0,20,0,0,0,0.894,0.9849,0.3413,0.7798,193.0,323.0,222.5,325.5,237.625,661.0,238.375,709.0,29.6057,48.0059,1.6215,0,0,0,0
420,2,0,93,0,1,0,0.8931,0.9849,0.3252,0.8018,188.75,338.5,70.125,329.5,139.0,558.0,53.1562,569.0,118.9659,86.5456,0.7275,0,0,0,0
421,2,0,20,0,0,0,0.8896,0.9839,0.3306,0.7773,196.25,328.0,227.875,329.5,237.0,669.0,237.625,709.5,31.6606,40.5048,1.2793,0,0,0,0
421,2,0,93,0,1,0,0.9048,0.9873,0.3289,0.8037,196.0,335.5,70.8125,333.0,137.25,558.0,52.1562,569.0,125.2125,85.8018,0.6852,0,0,0,0
422,3,1,20,0,1,0,0.916,0.9873,0.3384,0.7788,243.0,324.0,245.625,326.5,285.5,620.0,251.0,652.5,3.625,47.3973,13.0751,0,0,0,0
422,3,1,93,1,1,0,0.9033,0.9849,0.4541,0.8438,188.875,342.5,74.4375,341.0,126.0,547.0,53.4375,551.0,114.4473,72.6727,0.635,0,0,0,0
422,3,1,94,0,0,1,0.0808,0.0967,0.0481,0.0478,995.5,0.0,271.25,0.0,850.0,0.0,354.0,0.0,724.25,496.0,0.6848,1,0,0,0
423,2,0,20,0,1,0,0.9175,0.9873,0.3391,0.7695,235.625,324.5,246.5,328.5,287.5,630.5,257.75,672.0,11.5873,51.0618,4.4067,0,0,0,0
423,2,0,93,1,1,0,0.8901,0.9819,0.426,0.8223,183.375,349.0,71.5625,349.5,127.75,538.0,53.4375,550.0,111.8136,75.2751,0.6732,0,0,0,0
424,2,0,93,0,1,0,0.8687,0.9858,0.3994,0.8604,190.875,355.0,61.2188,355.0,170.5,536.0,39.4375,558.0,129.6562,132.8961,1.025,0,0,0,0
424,2,0,20,0,1,0,0.9033,0.9849,0.3235,0.7568,266.5,325.0,258.5,326.5,305.5,618.5,284.75,636.5,8.1394,27.4693,3.3749,0,0,0,0
425,3,1,93,1,1,0,0.8765,0.9868,0.4126,0.8672,182.75,346.5,60.75,343.5,155.125,533.5,39.6562,556.5,122.0369,117.7371,0.9648,0,0,0,0
425,3,1,20,0,1,0,0.9038,0.9863,0.3628,0.8057,265.75,321.0,261.25,327.0,298.0,609.5,292.75,628.0,7.5,19.2305,2.5641,0,0,0,0
425,3,1,95,0,0,1,0.116,0.1389,0.0506,0.0449,1055.0,0.0,342.25,0.0,894.0,0.0,314.0,0.0,712.75,580.0,0.8137,1,0,0,0
426,2,0,93,1,1,1,0.9136,0.9888,0.5806,0.9097,192.375,348.0,59.0312,352.5,177.25,524.5,43.9375,556.5,133.4197,137.0993,1.0276,0,0,0,0
426,2,0,20,0,1,1,0.8413,0.9824,0.2372,0.7441,284.25,321.0,270.75,319.0,317.75,585.0,305.25,612.0,13.6473,29.7532,2.1801,0,0,0,0
427,2,0,93,1,1,1,0.917,0.9907,0.5879,0.9204,192.375,348.5,62.0,352.5,167.5,541.0,43.6562,557.5,130.4363,124.9381,0.9578,0,0,0,0
427,2,0,20,0,1,1,0.8657,0.9849,0.2494,0.749,276.25,330.0,271.0,329.0,309.75,594.0,306.25,613.0,5.3444,19.3197,3.6149,0,0,0,0
428,3,1,93,1,1,1,0.9663,0.9917,0.5762,0.8647,193.25,344.0,62.5625,339.5,177.625,537.0,43.5625,577.5,130.765,140.0464,1.071,0,0,0,0
428,3,1,20,0,1,1,0.8862,0.9878,0.2874,0.8066,299.25,316.5,295.5,316.0,341.0,623.0,330.0,635.0,3.7832,16.2788,4.3029,0,0,0,0
428,3,1,96,0,0,1,0.1032,0.1361,0.0417,0.0422,1078.0,0.0,310.75,0.0,927.0,0.0,332.25,0.0,767.25,594.75,0.7752,1,0,0,0
429,3,1,93,1,1,1,0.9648,0.9922,0.6382,0.896,199.25,349.0,66.625,347.5,183.375,527.5,36.0625,586.0,132.6335,158.5031,1.195,0,0,0,0
429,3,1,20,0,1,1,0.9048,0.9902,0.3381,0.8413,299.25,321.0,301.5,321.0,341.0,624.0,329.0,644.5,2.25,23.7539,10.5573,0,0,0,0
429,3,1,96,0,0,1,0.0887,0.1229,0.0506,0.0604,1007.0,0.0,240.75,0.0,922.5,0.0,328.0,0.0,766.25,594.5,0.7759,1,0,0,0
430,2,0,93,1,1,1,0.9565,0.9897,0.7622,0.9248,186.625,342.5,59.4375,339.0,185.25,570.0,44.2188,559.0,127.2356,141.4596,1.1118,0,0,0,0
430,2,0,20,0,1,1,0.8506,0.9839,0.3057,0.8203,330.0,325.5,315.0,331.5,352.5,610.0,363.0,629.5,16.1555,22.1472,1.3709,0,0,0,0
431,2,0,93,1,1,1,0.9771,0.9932,0.8091,0.938,200.125,353.0,66.5625,356.0,230.75,533.0,46.9375,560.5,133.5962,185.8582,1.3912,0,0,0,0
431,2,0,20,0,1,1,0.8101,0.9814,0.2517,0.7866,344.25,323.0,331.0,326.5,360.0,586.0,385.25,623.0,13.7045,44.7947,3.2686,0,0,0,0
432,2,0,93,1,1,1,0.9785,0.9937,0.8062,0.9341,197.5,344.5,65.3125,346.5,231.75,533.0,46.875,569.0,132.2026,188.3475,1.4247,0,0,0,0
432,2,0,20,0,1,1,0.8003,0.981,0.2515,0.7871,342.5,318.0,334.25,325.0,360.0,577.0,386.5,613.5,10.8195,45.1054,4.1689,0,0,0,0
433,2,0,93,1,1,1,0.9795,0.9932,0.8267,0.936,197.5,348.5,69.75,351.0,231.75,532.0,55.75,560.5,127.7745,178.2926,1.3954,0,0,0,0
433,2,0,20,0,1,1,0.8911,0.9888,0.3491,0.8257,358.0,322.0,364.0,328.5,387.0,594.0,407.25,635.0,8.8459,45.7281,5.1694,0,0,0,0
434,3,1,93,1,1,1,0.978,0.9937,0.8169,0.939,201.375,350.0,73.8125,352.0,231.25,532.0,55.3125,561.0,127.5782,178.3115,1.3977,0,0,0,0
434,3,1,20,0,1,1,0.897,0.9897,0.3799,0.8423,353.75,320.5,362.75,328.0,379.75,585.0,415.25,635.0,11.7154,61.3209,5.2342,0,0,0,0
434,3,1,97,0,0,1,0.1299,0.1516,0.0533,0.0545,1063.0,0.0,317.25,0.0,877.5,0.0,307.75,0.0,745.75,569.75,0.764,1,0,0,0
435,3,1,93,1,1,1,0.9814,0.9941,0.8403,0.9468,208.5,345.5,77.9375,343.0,237.75,531.5,56.4375,552.0,130.5864,182.4677,1.3973,0,0,0,0
435,3,1,20,1,1,1,0.894,0.9814,0.5352,0.8691,423.75,318.0,390.25,326.5,445.25,584.0,451.25,658.5,34.5615,74.7412,2.1626,0,0,0,0
435,3,1,97,0,0,1,0.1273,0.1342,0.0637,0.0495,1068.0,0.0,288.75,0.0,980.5,0.0,300.25,0.0,779.25,680.25,0.873,1,0,0,0
436,3,1,93,1,1,1,0.981,0.9951,0.8306,0.9478,208.5,350.5,76.375,351.5,238.0,532.5,64.5,562.0,132.1288,175.9901,1.332,0,0,0,0
436,3,1,20,1,1,1,0.8799,0.9888,0.5015,0.8984,393.25,322.5,386.0,333.0,415.5,567.5,445.25,649.0,12.7598,86.7601,6.7995,0,0,0,0
436,3,1,97,0,0,1,0.127,0.1235,0.0685,0.046,1066.0,0.0,287.25,0.0,922.0,0.0,287.5,0.0,778.75,634.5,0.8148,1,0,0,0
437,3,1,93,1,1,1,0.9824,0.9922,0.8096,0.9116,216.375,345.5,84.125,344.5,235.0,528.0,65.75,563.5,132.2538,172.933,1.3076,0,0,0,0
437,3,1,20,1,1,1,0.918,0.9858,0.6045,0.8882,428.25,327.0,408.5,332.0,446.5,568.5,458.0,641.0,20.3731,73.4064,3.6031,0,0,0,0
437,3,1,97,0,0,1,0.1113,0.0726,0.0613,0.0295,1040.0,0.0,289.5,0.0,946.5,0.0,319.5,0.0,750.5,627.0,0.8354,1,0,0,0
438,3,1,93,1,1,1,0.981,0.9922,0.7793,0.9033,217.125,346.5,89.25,344.0,249.875,527.5,75.75,555.0,127.8994,176.2832,1.3783,0,0,0,0
438,3,1,20,1,1,1,0.9185,0.9912,0.439,0.873,454.75,332.5,425.75,337.0,491.75,583.0,476.75,654.0,29.3471,72.5672,2.4727,0,0,0,0
438,3,1,97,0,0,1,0.1095,0.096,0.0611,0.0391,1085.0,0.0,278.0,0.0,960.5,0.0,297.75,0.0,807.0,662.75,0.8213,1,0,0,0
439,3,1,93,1,1,1,0.9824,0.9932,0.7993,0.9194,215.5,346.0,90.3125,344.0,250.125,528.0,75.1875,564.5,125.2035,178.7047,1.4273,0,0,0,0
439,3,1,20,1,1,1,0.9307,0.9907,0.5181,0.8892,459.0,328.5,429.0,333.0,486.5,597.5,475.75,656.0,30.3356,59.4795,1.9607,0,0,0,0
439,3,1,97,0,0,1,0.0789,0.0643,0.0704,0.0472,1030.0,0.0,262.0,0.0,1009.5,0.0,308.5,0.0,768.0,701.0,0.9128,1,0,0,0
440,3,1,93,1,1,1,0.979,0.9951,0.8223,0.9502,223.0,348.5,98.4375,346.5,251.0,532.5,81.9375,554.5,124.5786,170.4879,1.3685,0,0,0,0
440,3,1,20,0,1,1,0.8608,0.9863,0.3911,0.8608,480.75,322.5,460.25,334.5,518.0,593.5,486.25,650.0,23.7539,64.8098,2.7284,0,0,0,0
440,3,1,97,0,0,1,0.1027,0.0948,0.0554,0.0412,1021.5,0.0,231.75,0.0,993.0,0.0,319.75,0.0,789.75,673.25,0.8525,1,0,0,0
441,3,1,93,1,1,1,0.9839,0.9946,0.8223,0.9326,224.875,347.5,97.0,345.0,252.25,527.0,81.3125,563.0,127.8994,174.6872,1.3658,0,0,0,0
441,3,1,20,0,1,1,0.8735,0.9858,0.3879,0.8389,481.5,323.5,462.0,339.0,518.0,601.5,494.5,651.0,24.9098,54.7951,2.1997,0,0,0,0
441,3,1,97,0,0,1,0.0741,0.0799,0.041,0.0306,1086.0,0.0,289.75,0.0,977.0,0.0,313.0,0.0,796.25,664.0,0.8339,1,0,0,0
442,3,1,93,1,1,1,0.9849,0.9951,0.8286,0.938,228.5,353.0,103.625,345.5,259.0,536.5,89.5,565.0,125.1,171.8793,1.3739,0,0,0,0
442,3,1,20,0,1,1,0.895,0.9897,0.3716,0.8618,507.25,326.0,480.5,333.5,539.5,607.0,503.75,642.5,27.7815,50.3817,1.8135,0,0,0,0
442,3,1,97,0,0,1,0.1116,0.088,0.1132,0.0606,1073.0,0.0,296.0,0.0,988.0,0.0,307.0,0.0,777.0,681.0,0.8764,1,0,0,0
443,3,1,93,1,1,1,0.9775,0.9946,0.8208,0.9512,229.375,355.0,108.375,348.5,257.0,533.0,89.625,547.0,121.1745,167.9595,1.3861,0,0,0,0
443,3,1,20,1,1,1,0.9238,0.9893,0.481,0.8682,512.0,322.0,485.5,330.0,540.5,620.0,506.5,652.5,27.6812,47.0346,1.6992,0,0,0,0
443,3,1,97,0,0,1,0.1007,0.0998,0.1132,0.0754,1066.0,0.0,302.5,0.0,954.5,0.0,316.25,0.0,763.5,638.25,0.836,1,0,0,0
444,3,1,93,1,1,1,0.9785,0.9951,0.8071,0.9482,237.5,351.0,115.5,353.0,263.5,542.5,96.0,557.0,122.0164,168.1264,1.3779,0,0,0,0
444,3,1,20,0,1,1,0.8652,0.9878,0.3638,0.8579,532.0,317.0,505.5,331.0,561.0,581.0,523.0,635.5,29.9708,66.4398,2.2168,0,0,0,0
444,3,1,97,0,0,1,0.0812,0.1088,0.036,0.034,1106.0,0.0,291.0,0.0,1010.0,0.0,310.25,0.0,815.0,699.75,0.8586,1,0,0,0
445,3,1,93,1,1,1,0.9756,0.9956,0.7998,0.9521,236.875,353.5,124.875,346.0,272.5,534.5,105.3125,557.0,112.2508,168.6947,1.5028,0,0,0,0
445,3,1,20,0,1,1,0.8633,0.9873,0.334,0.8428,553.5,319.5,529.0,325.5,605.5,600.0,544.0,629.0,25.224,67.9945,2.6956,0,0,0,0
445,3,1,97,0,0,1,0.0591,0.1056,0.0361,0.0525,1041.0,0.0,256.75,0.0,950.0,0.0,337.75,0.0,784.25,612.25,0.7807,1,0,0,0
446,3,1,93,1,1,1,0.9766,0.9951,0.8008,0.9487,240.625,350.0,129.125,347.0,271.0,534.5,96.125,556.0,111.5404,176.1917,1.5796,0,0,0,0
446,3,1,20,0,1,1,0.8521,0.9858,0.3311,0.8408,552.0,319.0,528.5,326.0,598.5,600.0,545.0,630.0,24.5204,61.3372,2.5015,0,0,0,0
446,3,1,97,0,0,1,0.0806,0.1362,0.0404,0.0548,1042.0,0.0,228.25,0.0,960.5,0.0,349.5,0.0,813.75,611.0,0.7508,1,0,0,0
447,3,1,93,1,1,1,0.9766,0.9951,0.7974,0.9453,245.75,359.5,136.0,348.5,279.0,534.0,105.125,547.5,110.2999,174.3983,1.5811,0,0,0,0
447,3,1,20,0,1,1,0.8862,0.9893,0.3259,0.8438,576.5,320.5,551.0,323.5,611.0,597.0,568.0,642.0,25.6759,62.2415,2.4241,0,0,0,0
447,3,1,97,0,0,1,0.1204,0.1548,0.0452,0.0426,1078.0,0.0,291.75,0.0,974.0,0.0,330.75,0.0,786.25,643.25,0.8181,1,0,0,0
448,3,1,93,1,1,1,0.9824,0.9951,0.8032,0.9351,247.625,354.5,127.0625,349.5,279.75,529.0,104.25,556.5,120.6661,177.6415,1.4722,0,0,0,0
448,3,1,20,0,1,1,0.8906,0.9902,0.3333,0.8442,580.5,321.0,556.0,325.5,609.5,580.0,568.0,641.5,24.9098,74.1923,2.9784,0,0,0,0
448,3,1,97,0,0,1,0.1017,0.1329,0.0634,0.0591,1101.0,0.0,306.25,0.0,927.0,0.0,329.75,0.0,794.75,597.25,0.7515,1,0,0,0
449,3,1,93,1,1,1,0.9746,0.9941,0.814,0.9478,252.0,350.0,141.375,347.5,287.0,535.0,118.875,558.5,110.6532,169.7594,1.5342,0,0,0,0
449,3,1,20,0,1,1,0.8638,0.9897,0.3477,0.8779,602.0,333.0,577.0,334.5,632.0,581.0,587.5,626.0,25.045,63.287,2.5269,0,0,0,0
449,3,1,97,0,0,1,0.0873,0.1194,0.0683,0.0648,1097.0,0.0,295.0,0.0,965.0,0.0,318.25,0.0,802.0,646.75,0.8064,1,0,0,0
450,3,1,93,1,1,1,0.9834,0.9922,0.8462,0.9277,253.0,350.0,136.625,347.0,284.5,531.5,111.375,560.5,116.4137,175.5371,1.5079,0,0,0,0
450,3,1,20,1,1,1,0.8745,0.9897,0.4824,0.9087,607.5,328.0,573.5,338.5,628.0,566.5,584.0,624.0,35.5844,72.4034,2.0347,0,0,0,0
450,3,1,97,0,0,1,0.1002,0.1082,0.074,0.0556,1088.0,0.0,301.25,0.0,967.0,0.0,330.0,0.0,786.75,637.0,0.8097,1,0,0,0
451,3,1,93,1,1,1,0.978,0.9951,0.7979,0.9414,255.0,352.5,140.0,343.5,284.75,535.5,120.5,559.0,115.3516,165.9226,1.4384,0,0,0,0
451,3,1,20,1,1,1,0.8477,0.9893,0.415,0.9023,630.5,325.0,588.5,330.5,658.0,572.5,598.5,627.0,42.3586,80.6877,1.9049,0,0,0,0
451,3,1,97,0,0,1,0.0909,0.1017,0.0699,0.0581,1097.0,0.0,314.75,0.0,931.0,0.0,331.75,0.0,782.25,599.25,0.7661,1,0,0,0
452,2,0,93,1,1,1,0.9873,0.9932,0.8608,0.9277,256.5,350.5,140.25,347.0,291.5,531.0,111.0,560.5,116.3027,182.8948,1.5726,0,0,0,0
452,2,0,20,0,1,1,0.8892,0.9834,0.3943,0.8276,626.0,324.0,601.0,329.0,641.0,589.0,600.0,638.0,25.4951,63.8905,2.506,0,0,0,0
453,3,1,20,0,1,1,0.8862,0.9907,0.3787,0.8799,644.5,329.0,617.0,336.0,681.0,589.5,631.0,642.0,28.3769,72.5,2.5549,0,0,0,0
453,3,1,93,1,1,1,0.9839,0.9941,0.8325,0.9365,257.25,347.0,148.5,346.0,291.25,535.0,119.625,562.0,108.7546,173.7358,1.5975,0,0,0,0
453,3,1,98,0,0,1,0.0739,0.1101,0.0485,0.0527,1114.0,0.0,297.25,0.0,941.0,0.0,330.25,0.0,816.75,610.75,0.7478,1,0,0,0
454,2,0,93,1,1,1,0.978,0.9956,0.79,0.9468,262.75,348.5,152.5,336.0,294.0,539.0,121.3125,560.5,110.9564,174.0208,1.5684,0,0,0,0
454,2,0,20,0,1,1,0.8589,0.9907,0.3687,0.8911,663.0,326.5,651.0,340.5,704.0,573.0,643.0,634.5,18.4391,86.6213,4.6977,0,0,0,0
455,2,0,93,1,1,1,0.9785,0.9956,0.7925,0.9463,262.0,350.0,155.125,342.5,292.75,540.0,121.375,561.5,107.1378,172.7184,1.6121,0,0,0,0
455,2,0,20,0,1,1,0.8652,0.9907,0.3777,0.8911,667.5,324.5,650.0,340.5,712.0,574.0,643.0,634.5,23.7118,91.7674,3.8701,0,0,0,0
456,3,1,93,1,1,1,0.9697,0.9956,0.7632,0.9497,267.25,353.0,168.5,345.0,288.0,536.0,127.125,551.5,99.0735,161.62,1.6313,0,0,0,0
456,3,1,20,1,1,1,0.873,0.9907,0.5059,0.9229,701.0,340.0,659.0,342.0,736.5,597.5,659.5,637.0,42.0476,86.5405,2.0582,0,0,0,0
456,3,1,99,0,0,1,0.0927,0.1312,0.0679,0.0702,1107.0,0.0,304.5,0.0,924.0,0.0,376.0,0.0,802.5,548.0,0.6829,1,0,0,0
457,2,0,93,1,1,1,0.9741,0.9951,0.7847,0.9448,266.75,352.5,166.875,347.5,297.5,528.5,126.125,560.0,100.0001,174.2459,1.7425,0,0,0,0
457,2,0,20,1,1,1,0.8916,0.9912,0.4482,0.9014,695.0,338.0,668.0,343.5,740.5,591.5,668.5,649.0,27.5545,92.1426,3.344,0,0,0,0
458,3,1,93,1,1,1,0.9634,0.9932,0.8091,0.9492,273.5,351.5,176.25,343.0,295.5,545.0,132.5,568.0,97.6208,164.6147,1.6863,0,0,0,0
458,3,1,20,0,0,1,0.8882,0.9912,0.3293,0.8521,717.5,330.0,691.5,341.5,761.5,612.0,703.0,690.0,28.4297,97.5,3.4295,0,0,0,0
458,3,1,100,0,0,1,0.1283,0.177,0.0784,0.089,1102.0,0.0,309.75,0.0,908.0,0.0,323.5,0.0,792.25,584.5,0.7378,1,0,0,0
459,2,0,93,1,1,1,0.9756,0.9951,0.7739,0.9453,269.5,359.0,173.875,348.5,298.5,548.5,137.75,564.5,96.1997,161.5443,1.6793,0,0,0,0
459,2,0,20,0,1,1,0.9014,0.9917,0.3611,0.8643,724.5,333.0,694.5,342.0,777.0,620.0,697.0,680.0,31.3209,100.0,3.1928,0,0,0,0
460,2,0,93,1,1,1,0.9717,0.9951,0.7554,0.9468,277.0,355.0,179.625,344.0,305.25,540.5,136.75,564.5,97.9943,170.2006,1.7368,0,0,0,0
460,2,0,20,0,1,1,0.8301,0.9888,0.3403,0.875,746.5,334.0,720.5,345.5,763.0,597.5,729.5,676.0,28.4297,85.3493,3.0021,0,0,0,0
461,2,0,93,1,1,1,0.9678,0.9951,0.7603,0.9487,282.75,353.5,181.0,343.5,311.25,538.0,132.25,562.0,102.2402,180.6018,1.7664,0,0,0,0
461,2,0,20,0,1,1,0.8882,0.9878,0.3611,0.8369,747.0,332.0,731.0,339.5,772.0,619.0,730.5,668.0,17.6706,64.2125,3.6339,0,0,0,0
462,2,0,93,1,1,1,0.9536,0.9927,0.7173,0.9385,287.75,351.5,190.25,349.0,311.5,527.0,155.25,555.5,97.532,158.8279,1.6285,0,0,0,0
462,2,0,20,0,1,1,0.876,0.9888,0.3025,0.8301,767.5,326.5,751.0,333.5,793.0,606.0,757.0,652.0,17.9234,58.4123,3.259,0,0,0,0
463,2,0,93,1,1,1,0.9497,0.9927,0.7925,0.9551,288.5,363.0,191.25,353.5,308.5,538.0,154.5,572.0,97.7129,157.7086,1.614,0,0,0,0
463,2,0,20,0,1,1,0.8828,0.9883,0.2749,0.7998,769.5,321.5,757.0,328.0,793.0,605.0,756.0,661.5,14.089,67.537,4.7936,0,0,0,0
464,3,1,93,1,1,1,0.9683,0.9956,0.7539,0.9502,291.0,354.0,203.25,356.0,317.5,533.5,168.0,566.5,87.7728,153.0988,1.7443,0,0,0,0
464,3,1,20,0,1,1,0.8813,0.9907,0.3032,0.8428,798.0,310.5,773.0,324.5,823.0,569.0,792.5,645.0,28.6531,81.8917,2.858,0,0,0,0
464,3,1,101,0,0,1,0.1052,0.1039,0.0608,0.0432,1096.0,0.0,291.75,0.0,934.0,0.0,358.25,0.0,804.25,575.75,0.7159,1,0,0,0
465,3,1,93,1,1,1,0.9702,0.9951,0.7695,0.9497,295.0,355.0,203.625,355.5,325.75,533.5,168.125,567.0,91.3764,161.1456,1.7635,0,0,0,0
465,3,1,20,0,1,1,0.9106,0.9844,0.3633,0.7959,811.5,318.5,778.0,328.5,822.0,599.0,787.5,629.0,34.9607,45.7193,1.3077,0,0,0,0
465,3,1,101,0,0,1,0.1072,0.1538,0.0422,0.0469,1084.0,0.0,295.5,0.0,923.0,0.0,328.5,0.0,788.5,594.5,0.754,1,0,0,0
466,3,1,93,1,1,1,0.9673,0.9946,0.7554,0.9487,295.75,364.0,210.25,361.5,323.5,543.5,184.375,570.5,85.5365,141.7207,1.6568,0,0,0,0
466,3,1,20,1,1,1,0.8999,0.9932,0.4382,0.9126,813.0,335.5,789.5,336.5,870.5,599.5,821.0,652.0,23.5213,72.1561,3.0677,0,0,0,0
466,3,1,101,0,0,1,0.0997,0.1257,0.0734,0.0666,1093.0,0.0,300.5,0.0,937.0,0.0,332.25,0.0,792.5,604.75,0.7631,1,0,0,0
467,3,1,93,1,1,1,0.9629,0.9937,0.7134,0.9312,311.25,354.0,215.25,351.5,332.0,529.0,199.0,569.5,96.0325,139.0297,1.4477,0,0,0,0
467,3,1,20,1,1,1,0.9106,0.9917,0.4961,0.894,830.5,323.0,828.5,334.0,871.5,584.0,867.5,646.5,11.1803,62.6279,5.6016,0,0,0,0
467,3,1,101,0,0,1,0.0962,0.1349,0.0382,0.0411,1069.0,0.0,325.25,0.0,899.0,0.0,338.0,0.0,743.75,561.0,0.7543,1,0,0,0
468,2,0,93,1,1,1,0.9624,0.9937,0.7041,0.9292,307.25,354.0,217.25,356.5,333.0,538.0,198.125,579.0,90.0347,140.969,1.5657,0,0,0,0
468,2,0,20,0,1,1,0.9062,0.9917,0.3645,0.8667,831.0,325.5,819.5,334.0,876.0,607.0,864.0,639.5,14.3003,34.6446,2.4226,0,0,0,0
469,3,1,93,1,1,1,0.9414,0.9917,0.6514,0.9258,319.0,350.5,224.125,350.5,339.5,538.0,222.25,571.5,94.875,121.9418,1.2853,0,0,0,0
469,3,1,20,0,1,1,0.8716,0.9893,0.3018,0.8511,854.0,331.5,843.5,330.5,907.0,608.5,891.5,643.0,10.5475,37.822,3.5859,0,0,0,0
469,3,1,102,0,0,1,0.0776,0.0997,0.0466,0.0453,1092.0,0.0,324.5,0.0,850.0,0.0,353.0,0.0,767.5,497.0,0.6476,1,0,0,0
470,3,1,93,1,1,1,0.9575,0.9937,0.7529,0.9521,314.25,355.5,231.0,351.0,332.75,538.5,227.625,574.0,83.3715,110.9573,1.3309,0,0,0,0
470,3,1,20,0,1,1,0.8794,0.9902,0.3274,0.8599,854.5,327.5,841.5,329.5,908.0,600.0,890.5,651.0,13.1529,53.9189,4.0994,0,0,0,0
470,3,1,102,0,0,1,0.0914,0.1097,0.0423,0.0364,1060.0,0.0,315.5,0.0,884.0,0.0,321.0,0.0,744.5,563.0,0.7562,1,0,0,0
471,3,1,93,1,1,1,0.8691,0.9888,0.6382,0.9492,329.75,351.0,248.125,353.0,335.25,553.0,253.25,583.5,81.6495,87.4886,1.0715,0,0,0,0
471,3,1,20,0,1,1,0.895,0.9893,0.3604,0.8584,872.5,325.5,860.0,331.0,919.5,615.0,922.0,647.0,13.6565,32.0975,2.3503,0,0,0,0
471,3,1,102,0,0,1,0.0891,0.12,0.0379,0.0382,1075.0,0.0,297.5,0.0,926.0,0.0,339.5,0.0,777.5,586.5,0.7543,1,0,0,0
472,2,0,93,1,1,1,0.8691,0.9883,0.4724,0.917,322.5,340.5,247.75,339.5,338.0,545.5,246.5,567.5,74.7567,94.1077,1.2589,0,0,0,0
472,2,0,20,0,1,1,0.895,0.9849,0.3765,0.8374,878.5,327.5,860.5,327.0,933.0,630.5,931.0,639.0,18.0069,8.7321,0.4849,0,0,0,0
473,3,1,20,0,1,1,0.9077,0.9922,0.3765,0.877,893.5,329.5,890.0,338.5,940.5,607.0,941.5,650.0,9.6566,43.0116,4.4541,0,0,0,0
473,3,1,93,1,1,1,0.8774,0.9785,0.4673,0.8535,338.0,346.0,267.25,349.0,340.0,573.5,270.5,589.5,70.8136,71.318,1.0071,0,0,0,0
473,3,1,103,0,0,1,0.0983,0.1158,0.0405,0.0379,992.5,0.0,234.5,0.0,937.0,0.0,344.0,0.0,758.0,593.0,0.7823,1,0,0,0
474,2,0,20,1,1,1,0.8857,0.9917,0.4863,0.9204,937.0,342.0,905.5,343.5,992.0,592.5,951.0,659.0,31.5357,78.1233,2.4773,0,0,0,0
474,2,0,93,1,1,1,0.8516,0.9834,0.5488,0.915,339.75,343.5,292.25,349.0,349.5,556.5,304.25,581.0,47.8174,51.4569,1.0761,0,0,0,0
475,2,0,20,1,1,1,0.8682,0.9902,0.4412,0.9082,934.0,341.5,903.0,342.0,994.0,601.0,959.0,660.0,31.004,68.6003,2.2126,0,0,0,0
475,2,0,93,0,1,1,0.8628,0.9761,0.2969,0.7739,334.25,346.0,287.75,348.5,349.75,573.0,294.5,576.0,46.5672,55.3314,1.1882,0,0,0,0
476,3,1,93,1,1,1,0.8594,0.9849,0.5938,0.9297,349.0,347.5,304.25,352.5,357.5,556.5,328.5,574.5,45.0285,34.1321,0.758,0,0,0,0
476,3,1,20,1,1,1,0.9072,0.9863,0.4075,0.8442,954.0,330.0,929.0,336.5,993.0,624.0,973.5,656.5,25.8312,37.9012,1.4673,0,0,0,0
476,3,1,104,0,0,1,0.0717,0.1005,0.0349,0.034,1086.0,0.0,307.25,0.0,872.0,0.0,301.5,0.0,778.75,570.5,0.7326,1,0,0,0
477,3,1,93,1,1,1,0.8989,0.9844,0.5205,0.8818,344.5,333.5,313.0,343.0,354.25,558.0,321.75,576.0,32.9014,37.1517,1.1292,0,0,0,0
477,3,1,20,1,1,1,0.8862,0.9829,0.4275,0.8457,956.5,335.0,935.5,340.5,991.5,630.5,971.5,666.0,21.7083,40.7462,1.877,0,0,0,0
477,3,1,104,0,0,1,0.0687,0.0862,0.0335,0.0312,1076.0,0.0,316.25,0.0,899.0,0.0,333.75,0.0,759.75,565.25,0.744,1,0,0,0
478,3,1,20,0,1,1,0.9106,0.9927,0.364,0.8706,969.5,333.5,947.0,340.0,1018.5,619.0,986.0,676.0,23.4201,65.6144,2.8016,0,0,0,0
478,3,1,93,1,1,1,0.9473,0.9932,0.4937,0.8691,348.5,332.0,343.25,343.0,372.5,550.5,358.75,575.0,12.1886,28.0947,2.305,0,0,0,0
478,3,1,104,0,0,1,0.0782,0.0877,0.0649,0.0568,1048.0,0.0,334.75,0.0,950.0,0.0,354.75,0.0,713.25,595.25,0.8346,1,0,0,0
479,2,0,20,0,1,1,0.9004,0.9922,0.3635,0.8774,967.5,331.0,951.0,338.0,1011.5,610.0,987.0,667.0,17.9234,62.0423,3.4615,0,0,0,0
479,2,0,93,1,1,1,0.9131,0.9937,0.5186,0.9219,346.0,338.0,336.25,344.0,379.25,549.5,353.75,572.5,11.4483,34.3402,2.9996,0,0,0,0
480,2,0,20,0,1,1,0.8721,0.9902,0.3542,0.8745,1000.0,340.5,968.5,346.0,1040.0,611.5,990.5,656.0,31.9766,66.562,2.0816,0,0,0,0
480,2,0,93,1,1,1,0.8965,0.9819,0.5293,0.8823,384.75,333.0,353.5,344.0,415.75,551.5,382.25,575.0,33.1295,40.9207,1.2352,0,0,0,0
481,3,1,20,1,1,1,0.9272,0.9922,0.5669,0.9048,1030.0,338.0,975.5,343.5,1047.0,612.0,986.0,654.0,54.7768,74.0608,1.352,0,0,0,0
481,3,1,93,1,1,1,0.9014,0.9883,0.6543,0.9375,407.5,346.0,359.5,351.0,433.75,558.0,410.25,576.5,48.2597,29.9082,0.6197,0,0,0,0
481,3,1,105,0,0,1,0.0836,0.0932,0.0405,0.0344,1015.0,0.0,236.75,0.0,901.0,0.0,315.5,0.0,778.25,585.5,0.7523,1,0,0,0
482,3,1,20,1,1,1,0.8872,0.9917,0.4539,0.9053,1033.0,340.5,969.0,342.0,1040.0,600.5,986.0,655.0,64.0176,76.7219,1.1985,0,0,0,0
482,3,1,93,1,1,1,0.8901,0.9873,0.6553,0.938,413.5,341.0,366.0,346.0,432.0,557.5,410.25,576.0,47.7624,28.5537,0.5978,0,0,0,0
482,3,1,105,0,0,1,0.0693,0.1043,0.0337,0.0349,1062.0,0.0,306.5,0.0,939.0,0.0,311.25,0.0,755.5,627.75,0.8309,1,0,0,0
483,3,1,20,1,1,1,0.9272,0.9927,0.4448,0.8813,1056.0,348.0,983.5,349.5,1079.0,611.0,994.0,666.0,72.5155,101.2423,1.3961,0,0,0,0
483,3,1,93,1,1,1,0.8809,0.9897,0.582,0.9365,423.25,348.5,397.5,357.0,456.75,549.5,430.25,581.5,27.1166,41.5482,1.5322,0,0,0,0
483,3,1,105,0,0,1,0.0695,0.1065,0.0439,0.0569,1037.0,0.0,257.5,0.0,989.0,0.0,333.5,0.0,779.5,655.5,0.8409,1,0,0,0
484,3,1,20,1,1,1,0.918,0.9927,0.4951,0.9009,1056.0,352.5,977.5,353.0,1079.0,610.0,1001.0,666.0,78.5016,96.0208,1.2232,0,0,0,0
484,3,1,93,1,1,1,0.8799,0.9893,0.6313,0.9463,432.5,354.5,393.75,361.5,454.75,549.5,429.0,571.0,39.3772,33.5457,0.8519,0,0,0,0
484,3,1,105,0,0,1,0.112,0.105,0.058,0.0353,1061.0,0.0,298.5,0.0,944.0,0.0,290.0,0.0,762.5,654.0,0.8577,1,0,0,0
485,3,1,20,1,1,1,0.9326,0.9927,0.4805,0.8896,1070.0,346.5,998.0,343.5,1095.0,602.0,1009.5,660.0,72.0625,103.3163,1.4337,0,0,0,0
485,3,1,93,1,1,1,0.9175,0.9868,0.4607,0.8599,457.0,336.5,419.75,348.5,486.25,558.0,457.75,588.5,39.1352,41.7433,1.0666,0,0,0,0
485,3,1,105,0,0,1,0.0808,0.1041,0.0489,0.0486,1030.0,0.0,230.75,0.0,1000.5,0.0,295.75,0.0,799.25,704.75,0.8818,1,0,0,0
486,3,1,20,1,1,1,0.9307,0.9917,0.4839,0.8818,1073.0,348.0,1001.5,345.0,1095.0,602.0,1009.0,659.0,71.5629,103.1746,1.4417,0,0,0,0
486,3,1,93,1,1,1,0.9116,0.9907,0.4446,0.8911,457.25,345.0,420.0,355.5,492.25,551.0,458.0,588.0,38.7016,50.4189,1.3028,0,0,0,0
486,3,1,105,0,0,1,0.086,0.0995,0.0535,0.0513,1019.5,0.0,242.25,0.0,1002.5,0.0,308.5,0.0,777.25,694.0,0.8929,1,0,0,0
487,3,1,20,1,1,1,0.9453,0.9927,0.5605,0.8926,1094.0,358.5,1003.5,353.0,1136.0,596.5,1009.5,641.0,90.667,134.0988,1.479,0,0,0,0
487,3,1,93,1,1,1,0.9351,0.9893,0.6284,0.9116,469.25,342.0,444.0,352.0,519.5,561.0,471.25,581.0,27.1581,52.2309,1.9232,0,0,0,0
487,3,1,105,0,0,1,0.0862,0.0912,0.0446,0.0328,1077.0,0.0,293.75,0.0,948.0,0.0,296.75,0.0,783.25,651.25,0.8315,1,0,0,0
488,3,1,20,1,1,1,0.9497,0.9932,0.562,0.894,1094.0,347.5,1010.0,344.5,1136.0,605.0,1009.0,641.0,84.0536,132.0038,1.5705,0,0,0,0
488,3,1,93,1,1,1,0.9453,0.9912,0.6475,0.9165,471.5,339.0,441.75,354.0,518.0,561.5,470.5,580.5,33.3176,51.1591,1.5355,0,0,0,0
488,3,1,105,0,0,1,0.0728,0.1007,0.0419,0.0447,1016.5,0.0,237.5,0.0,965.0,0.0,289.0,0.0,779.0,676.0,0.8678,1,0,0,0
489,3,1,20,1,1,1,0.9429,0.9932,0.585,0.9014,1117.0,356.5,1009.5,352.0,1137.0,614.0,1010.5,651.0,107.5941,131.8,1.225,0,0,0,0
489,3,1,93,0,1,1,0.8677,0.978,0.396,0.8384,513.0,341.5,464.0,347.0,520.0,561.0,479.75,583.0,49.3077,45.8701,0.9303,0,0,0,0
489,3,1,105,0,0,1,0.1339,0.1144,0.0781,0.055,999.0,0.0,232.0,0.0,987.0,0.0,345.0,0.0,767.0,642.0,0.837,1,0,0,0
490,3,1,20,1,1,1,0.9585,0.9927,0.6514,0.8984,1126.0,360.0,1026.0,357.0,1154.0,601.5,1014.5,661.5,100.045,151.856,1.5179,0,0,0,0
490,3,1,93,0,1,1,0.8711,0.9858,0.3335,0.8403,526.5,340.5,479.75,345.5,544.0,568.0,489.75,594.0,47.0166,60.1586,1.2795,0,0,0,0
490,3,1,105,0,0,1,0.0925,0.1101,0.0579,0.0473,1058.0,0.0,316.25,0.0,954.0,0.0,314.5,0.0,741.75,639.5,0.8622,1,0,0,0
491,3,1,20,1,1,1,0.9614,0.9927,0.6069,0.8804,1130.0,354.5,1022.0,352.0,1156.0,603.0,1009.5,651.5,108.0289,154.3195,1.4285,0,0,0,0
491,3,1,93,0,1,1,0.8921,0.9819,0.3831,0.8228,522.5,347.5,479.0,352.5,550.5,566.5,494.5,596.0,43.7864,63.2949,1.4455,0,0,0,0
491,3,1,105,0,0,1,0.0768,0.097,0.0373,0.0381,1001.5,0.0,246.25,0.0,950.0,0.0,328.0,0.0,755.25,622.0,0.8236,1,0,0,0
492,3,1,20,1,1,1,0.9604,0.9941,0.5928,0.8838,1140.0,355.0,1031.0,358.0,1180.0,621.0,1028.0,682.0,109.0413,163.7834,1.502,0,0,0,0
492,3,1,93,0,1,1,0.8638,0.9868,0.3513,0.8589,525.5,347.0,505.5,353.0,556.0,566.5,513.0,580.0,20.8806,45.0694,2.1584,0,0,0,0
492,3,1,105,0,0,1,0.0955,0.1,0.0527,0.038,1062.0,0.0,304.75,0.0,951.0,0.0,297.25,0.0,757.25,653.75,0.8633,1,0,0,0
493,3,1,20,1,1,1,0.9614,0.9927,0.5757,0.8662,1134.0,355.5,1030.0,356.5,1181.0,632.0,1015.0,664.0,104.0048,169.0562,1.6255,0,0,0,0
493,3,1,93,0,1,1,0.8555,0.9858,0.2659,0.8159,526.0,346.0,501.0,351.5,549.0,577.0,513.0,588.5,25.5979,37.7922,1.4764,0,0,0,0
493,3,1,105,0,0,1,0.074,0.1395,0.0498,0.0771,1028.0,0.0,249.75,0.0,941.0,0.0,376.5,0.0,778.25,564.5,0.7253,1,0,0,0
494,3,1,20,1,1,1,0.9619,0.9937,0.54,0.8535,1159.0,364.0,1026.0,358.5,1195.0,642.5,1027.0,683.0,133.1137,172.8128,1.2982,0,0,0,0
494,3,1,93,1,1,1,0.9409,0.9893,0.5596,0.8862,568.0,340.0,514.5,349.5,610.0,530.0,518.0,589.0,54.3369,109.2932,2.0114,0,0,0,0
494,3,1,105,0,0,1,0.0879,0.0995,0.0493,0.0449,1020.0,0.0,247.0,0.0,954.5,0.0,299.75,0.0,773.0,654.75,0.847,1,0,0,0
495,3,1,20,1,0,1,0.9619,0.9951,0.5698,0.8833,1160.0,355.5,1027.0,355.0,1195.0,632.0,1025.0,691.0,133.0009,179.9472,1.353,0,0,0,0
495,3,1,93,1,1,1,0.9297,0.9868,0.5425,0.877,565.0,342.5,512.5,346.0,611.5,530.0,519.0,589.0,52.6165,109.7144,2.0852,0,0,0,0
495,3,1,105,0,0,1,0.0821,0.1056,0.0382,0.0415,1011.0,0.0,237.25,0.0,946.0,0.0,291.25,0.0,773.75,654.75,0.8462,1,0,0,0
496,2,0,20,1,1,1,0.9629,0.9951,0.6313,0.9067,1167.0,360.5,1033.0,359.5,1201.0,606.5,1025.0,681.0,134.0037,191.1184,1.4262,0,0,0,0
496,2,0,93,1,1,1,0.9673,0.9902,0.6592,0.8721,577.5,342.5,536.0,348.5,640.5,525.0,542.5,602.5,41.9315,124.941,2.9796,0,0,0,0
497,3,1,20,1,1,1,0.957,0.9951,0.5933,0.8989,1170.0,363.5,1034.0,358.0,1193.0,614.0,1023.5,681.0,136.1112,182.2615,1.3391,0,0,0,0
497,3,1,93,1,1,1,0.9644,0.9927,0.7163,0.9248,582.0,342.0,541.5,351.0,637.5,522.0,550.5,594.0,41.488,112.9292,2.722,0,0,0,0
497,3,1,106,0,0,1,0.0672,0.0959,0.0322,0.0318,1082.0,0.0,317.75,0.0,919.0,0.0,345.25,0.0,764.25,573.75,0.7507,1,0,0,0
498,3,1,93,1,1,1,0.959,0.9922,0.6143,0.8853,589.0,345.5,551.0,358.5,667.5,514.0,552.0,583.5,40.1622,134.798,3.3563,0,0,0,0
498,3,1,20,1,1,1,0.957,0.9932,0.6328,0.8945,1191.0,356.0,1040.0,353.5,1214.0,647.0,1036.0,682.0,151.0207,181.4084,1.2012,0,0,0,0
498,3,1,106,0,0,1,0.075,0.116,0.0833,0.086,1102.0,0.0,315.75,0.0,926.0,0.0,322.25,0.0,786.25,603.75,0.7679,1,0,0,0
499,3,1,93,1,1,1,0.9673,0.9946,0.7036,0.9331,596.5,350.0,565.0,360.5,672.5,520.0,554.5,594.0,33.2039,139.2839,4.1948,0,0,0,0
499,3,1,20,1,0,1,0.9521,0.9927,0.6396,0.9004,1189.0,356.5,1039.0,356.5,1216.0,630.0,1035.0,690.0,150.0,190.6856,1.2712,0,0,0,0
499,3,1,106,0,0,1,0.0866,0.1186,0.0378,0.0407,1071.0,0.0,324.25,0.0,916.0,0.0,341.25,0.0,746.75,574.75,0.7697,1,0,0,0
500,3,1,20,1,1,1,0.9634,0.9917,0.605,0.8657,1203.0,363.0,1044.0,356.5,1226.0,647.0,1039.0,685.0,159.1328,190.8219,1.1991,0,0,0,0
500,3,1,93,1,1,1,0.9556,0.9937,0.6724,0.9302,611.0,351.0,580.5,358.5,688.0,508.5,589.5,598.5,31.4086,133.4251,4.248,0,0,0,0
500,3,1,106,0,0,1,0.0687,0.0788,0.0453,0.0356,1093.0,0.0,294.25,0.0,949.5,0.0,320.75,0.0,798.75,628.75,0.7872,1,0,0,0
501,3,1,20,1,1,1,0.9585,0.9941,0.5806,0.8882,1208.0,362.0,1047.0,358.0,1233.0,642.5,1040.0,674.5,161.0497,195.6349,1.2147,0,0,0,0
501,3,1,93,1,1,1,0.9531,0.9937,0.6641,0.9268,611.0,349.0,582.0,359.0,679.0,508.5,589.0,599.0,30.6757,127.6333,4.1607,0,0,0,0
501,3,1,106,0,0,1,0.106,0.1201,0.0375,0.0307,1096.0,0.0,298.75,0.0,925.5,0.0,328.0,0.0,797.25,597.5,0.7495,1,0,0,0
502,3,1,20,1,1,1,0.9819,0.9932,0.6655,0.8311,1214.0,358.0,1043.0,357.0,1243.0,627.5,1037.0,676.5,171.0029,211.7475,1.2383,0,0,0,0
502,3,1,93,1,1,1,0.9707,0.9917,0.7422,0.9077,633.5,349.5,599.0,357.5,699.0,525.5,595.0,610.0,35.4154,134.0009,3.7837,0,0,0,0
502,3,1,106,0,0,1,0.0967,0.113,0.0491,0.0418,1060.0,0.0,294.25,0.0,942.5,0.0,311.0,0.0,765.75,631.5,0.8247,1,0,0,0
