frame,raw_num_people,anomaly,track_id,conf_ok,boundary_ok,overlap_ok,conf_ls,conf_rs,conf_lw,conf_rw,ls_x,ls_y,rs_x,rs_y,lw_x,lw_y,rw_x,rw_y,shoulder_dist,wrist_dist,ratio,frontal,hands_now,consecutive_frames,confirmed
0,3,0,0,1,1,1,0.9849,0.9917,0.7983,0.8589,1201.0,349.5,924.5,330.0,1154.0,425.0,1058.0,402.5,277.1868,98.6015,0.3557,1,1,1,0
0,3,0,1,1,1,1,0.9868,0.9868,0.8628,0.8486,788.0,325.0,524.0,326.0,680.5,434.0,619.5,433.5,264.0019,61.002,0.2311,1,1,1,0
0,3,0,2,1,1,1,0.9927,0.9863,0.9326,0.8535,400.5,205.5,131.25,205.0,281.5,238.0,217.75,227.5,269.2505,64.6089,0.24,1,1,1,0
1,3,0,0,1,1,1,0.9863,0.9907,0.8115,0.8525,1205.0,348.5,922.5,330.5,1154.0,424.5,1067.0,413.0,283.0729,87.7568,0.31,1,1,2,0
1,3,0,1,1,1,1,0.9883,0.9868,0.8652,0.8384,783.0,323.5,526.0,325.0,671.0,434.5,628.0,424.0,257.0044,44.2634,0.1722,1,1,2,0
1,3,0,2,1,1,1,0.9912,0.9883,0.9224,0.8721,398.25,207.5,135.0,204.0,281.5,236.5,217.625,227.5,263.2733,64.5059,0.245,1,1,2,0
2,3,0,0,1,1,1,0.9873,0.9912,0.8047,0.8462,1204.0,356.5,921.5,334.5,1153.0,424.0,1050.0,402.0,283.3553,105.3233,0.3717,1,1,3,0
2,3,0,1,1,1,1,0.9883,0.9878,0.8579,0.8408,786.0,323.0,521.5,328.5,679.5,435.5,618.0,442.0,264.5572,61.8425,0.2338,1,1,3,0
2,3,0,2,1,1,1,0.9922,0.9873,0.9331,0.8608,401.5,207.75,134.875,204.5,281.5,228.25,217.625,227.0,266.6448,63.8872,0.2396,1,1,3,0
3,3,0,0,1,1,1,0.9858,0.9917,0.8042,0.8545,1206.0,350.0,923.0,333.0,1153.0,433.5,1066.0,404.5,283.5101,91.7061,0.3235,1,1,4,0
3,3,0,1,1,1,1,0.9883,0.9863,0.8643,0.8369,781.5,326.0,525.5,325.0,678.5,442.0,628.5,425.5,256.002,52.6522,0.2057,1,1,4,0
3,3,0,2,1,1,1,0.9927,0.9863,0.9365,0.854,401.0,205.5,134.25,203.0,281.0,238.0,217.75,227.5,266.7617,64.1156,0.2403,1,1,4,0
4,3,0,0,1,1,1,0.9878,0.9883,0.8159,0.8223,1212.0,351.5,921.5,339.5,1143.0,431.5,1058.0,413.0,290.7477,86.9899,0.2992,1,1,5,0
4,3,0,1,1,1,1,0.9863,0.9878,0.8555,0.856,790.0,320.5,529.0,323.5,679.5,434.0,628.0,425.5,261.0172,52.1967,0.2,1,1,5,0
4,3,0,2,1,1,1,0.9927,0.9839,0.9248,0.8657,408.5,224.25,147.5,208.75,272.75,243.0,222.0,228.0,261.4598,52.9203,0.2024,1,1,5,0
5,3,0,1,1,1,1,0.9863,0.9878,0.8564,0.8535,783.0,322.0,525.0,324.5,679.0,435.0,619.0,433.0,258.0121,60.0333,0.2327,1,1,6,1
5,3,0,0,1,1,1,0.9863,0.9912,0.7842,0.833,1206.0,351.5,916.5,332.0,1154.0,432.5,1057.0,402.5,290.156,101.5332,0.3499,1,1,6,1
5,3,0,2,1,1,1,0.9922,0.9863,0.9346,0.8638,397.25,207.5,141.0,202.0,283.0,236.5,218.25,228.0,256.309,65.3055,0.2548,1,1,6,1
6,3,0,0,1,1,1,0.9854,0.9922,0.8018,0.8633,1200.0,347.0,920.0,331.0,1154.0,433.5,1057.0,403.5,280.4568,101.5332,0.362,1,1,7,1
6,3,0,1,1,1,1,0.9878,0.9883,0.8481,0.8418,784.0,326.5,523.0,330.0,673.0,433.5,628.0,425.0,261.0235,45.7957,0.1754,1,1,7,1
6,3,0,2,1,1,1,0.9922,0.9868,0.9326,0.8564,402.75,205.25,131.75,205.0,281.5,238.0,217.5,227.25,271.0001,64.8966,0.2395,1,1,7,1
7,4,1,0,1,1,1,0.9863,0.9897,0.7964,0.8345,1208.0,353.0,921.0,340.5,1143.0,432.0,1058.0,412.0,287.2721,87.3212,0.304,1,1,8,1
7,4,1,1,1,1,1,0.9878,0.9873,0.8599,0.8428,784.5,326.5,523.0,330.0,673.0,433.5,618.5,424.0,261.5234,55.3218,0.2115,1,1,8,1
7,4,1,2,1,1,1,0.9932,0.9839,0.9287,0.8647,411.25,223.0,141.5,209.5,281.75,238.5,222.5,227.0,270.0876,60.3557,0.2235,1,1,8,1
7,4,1,3,0,0,1,0.1235,0.1422,0.1144,0.1056,952.0,0.0,293.0,0.0,958.0,0.0,305.0,0.0,659.0,653.0,0.9909,1,0,0,0
8,3,0,0,1,1,1,0.9888,0.9878,0.8408,0.8306,1205.0,348.5,925.5,336.0,1152.0,430.0,1059.0,403.5,279.7794,96.7019,0.3456,1,1,9,1
8,3,0,1,1,1,1,0.9878,0.9868,0.8628,0.8467,782.0,327.5,522.5,327.5,680.0,434.0,628.5,425.0,259.5,52.2805,0.2015,1,1,9,1
8,3,0,2,1,1,1,0.9917,0.9873,0.9312,0.8682,402.0,207.5,136.625,202.25,282.25,236.0,218.625,228.0,265.4269,64.126,0.2416,1,1,9,1
9,3,0,1,1,1,1,0.9863,0.9888,0.8438,0.853,790.0,324.5,522.0,326.0,672.5,433.5,628.5,424.5,268.0042,44.911,0.1676,1,1,10,1
9,3,0,0,1,1,1,0.9868,0.9907,0.8198,0.853,1204.0,355.5,918.0,335.5,1153.0,434.0,1050.0,403.0,286.6984,107.5639,0.3752,1,1,10,1
9,3,0,2,1,1,1,0.9927,0.9868,0.9341,0.8569,398.75,205.0,134.0,204.0,281.25,237.0,217.75,227.5,264.7519,64.2067,0.2425,1,1,10,1
10,3,0,0,1,1,1,0.9868,0.9878,0.8252,0.832,1205.0,346.0,929.0,334.0,1143.0,431.0,1050.0,412.0,276.2607,94.921,0.3436,1,1,11,1
10,3,0,1,1,1,1,0.9888,0.9854,0.8779,0.8369,788.0,326.5,521.0,328.0,672.0,424.5,628.0,424.5,267.0042,44.0,0.1648,1,1,11,1
10,3,0,2,1,1,1,0.9927,0.9873,0.9321,0.8555,401.0,203.5,130.0,199.75,282.0,237.0,218.125,227.0,271.0259,64.653,0.2385,1,1,11,1
11,3,0,0,1,1,1,0.9858,0.9912,0.8101,0.8511,1204.0,354.0,918.5,338.0,1153.0,425.0,1049.0,402.0,285.948,106.5129,0.3725,1,1,12,1
11,3,0,1,1,1,1,0.9873,0.9868,0.8647,0.8472,779.5,321.5,526.0,327.0,670.5,435.0,619.5,433.5,253.5597,51.0221,0.2012,1,1,12,1
11,3,0,2,1,1,1,0.9922,0.9878,0.9282,0.8594,398.5,201.0,131.375,201.75,273.0,236.0,217.5,218.0,267.1261,58.346,0.2184,1,1,12,1
12,4,1,0,1,1,1,0.9868,0.9883,0.8071,0.8247,1208.0,355.5,918.5,342.5,1142.0,432.5,1058.0,412.5,289.7917,86.3481,0.298,1,1,13,1
12,4,1,1,1,1,1,0.9868,0.9873,0.8579,0.853,788.0,324.0,524.0,327.5,679.5,434.5,628.0,434.5,264.0232,51.5,0.1951,1,1,13,1
12,4,1,2,1,1,1,0.9927,0.9863,0.9121,0.8677,410.5,219.0,139.75,208.5,281.25,238.5,213.75,226.75,270.9535,68.5151,0.2529,1,1,13,1
12,4,1,4,0,0,1,0.1379,0.1556,0.1268,0.118,935.0,0.0,301.5,0.0,951.0,0.0,306.25,0.0,633.5,644.75,1.0178,1,0,0,0
13,3,0,0,1,1,1,0.9868,0.9883,0.8125,0.8315,1205.0,353.0,918.0,342.5,1154.0,432.5,1058.0,412.5,287.192,98.0612,0.3414,1,1,14,1
13,3,0,1,1,1,1,0.9863,0.9873,0.8599,0.854,783.0,324.5,529.0,329.0,672.0,435.0,609.5,442.0,254.0399,62.8908,0.2476,1,1,14,1
13,3,0,2,1,1,1,0.9917,0.9873,0.9258,0.8638,402.5,206.75,137.5,204.0,274.75,236.0,217.125,218.25,265.0143,60.2968,0.2275,1,1,14,1
14,4,1,0,1,1,1,0.9893,0.9858,0.8428,0.8101,1209.0,342.5,920.5,336.5,1150.0,443.0,1054.0,411.5,288.5624,101.0359,0.3501,1,1,15,1
14,4,1,1,1,1,1,0.9902,0.9849,0.8916,0.834,783.5,333.0,522.0,334.5,670.5,437.5,621.0,432.0,261.5043,49.8046,0.1905,1,1,15,1
14,4,1,2,1,1,1,0.9917,0.9873,0.9312,0.8672,401.0,204.5,137.125,205.0,265.0,236.0,217.625,227.75,263.8755,48.088,0.1822,1,1,15,1
14,4,1,5,0,0,1,0.1394,0.1838,0.1009,0.1105,952.0,0.0,294.0,0.0,949.0,0.0,303.75,0.0,658.0,645.25,0.9806,1,0,0,0
15,3,0,0,1,1,1,0.9854,0.9907,0.8096,0.8545,1200.0,350.0,920.0,339.0,1153.0,435.5,1059.0,412.5,280.216,96.7729,0.3454,1,1,16,1
15,3,0,1,1,1,1,0.9873,0.9883,0.8496,0.8472,786.5,319.5,525.0,322.5,672.5,433.5,618.5,433.0,261.5172,54.0023,0.2065,1,1,16,1
15,3,0,2,1,1,1,0.9932,0.9854,0.9199,0.8574,412.0,219.0,138.625,203.5,273.75,239.5,222.25,235.0,273.8141,51.6962,0.1888,1,1,16,1
16,3,0,0,1,1,1,0.9873,0.9912,0.813,0.8442,1205.0,352.0,918.0,339.0,1162.0,435.5,1057.0,403.5,287.2943,109.7679,0.3821,1,1,17,1
16,3,0,1,1,1,1,0.9868,0.9878,0.8525,0.8521,790.0,325.5,524.5,326.5,681.5,443.0,627.0,442.5,265.5019,54.5023,0.2053,1,1,17,1
16,3,0,2,1,1,1,0.9937,0.9824,0.9307,0.8457,412.0,219.75,139.625,208.5,282.75,232.0,220.5,220.5,272.6072,63.3033,0.2322,1,1,17,1
17,3,0,0,1,1,1,0.9863,0.9922,0.7944,0.8555,1206.0,352.0,919.0,338.5,1153.0,434.0,1066.0,404.0,287.3173,92.0272,0.3203,1,1,18,1
17,3,0,1,1,1,1,0.9883,0.9868,0.8662,0.8418,788.5,325.0,526.0,328.0,672.5,434.0,627.5,433.5,262.5171,45.0028,0.1714,1,1,18,1
17,3,0,2,1,1,1,0.9937,0.9819,0.9346,0.8423,409.5,213.5,137.75,204.5,289.0,232.5,221.125,219.75,271.899,69.0621,0.254,1,1,18,1
18,3,0,0,1,1,1,0.9883,0.9863,0.8394,0.8247,1209.0,338.0,921.0,333.0,1150.0,442.0,1053.0,402.0,288.0434,104.9238,0.3643,1,1,19,1
18,3,0,1,1,1,1,0.9883,0.9849,0.8799,0.8379,784.5,321.0,526.0,325.0,672.0,434.5,611.0,432.5,258.5309,61.0328,0.2361,1,1,19,1
18,3,0,2,1,1,1,0.9917,0.9873,0.9277,0.8696,400.5,198.5,133.25,194.25,281.0,237.0,218.625,227.75,267.2838,63.0571,0.2359,1,1,19,1
19,3,0,0,1,1,1,0.9863,0.9912,0.8081,0.853,1205.0,352.5,918.0,338.5,1152.0,434.0,1049.0,403.0,287.3413,107.5639,0.3743,1,1,20,1
19,3,0,1,1,1,1,0.9888,0.9858,0.8726,0.832,783.0,323.0,525.5,327.0,672.5,434.0,628.0,425.0,257.5311,45.401,0.1763,1,1,20,1
19,3,0,2,1,1,1,0.9917,0.9873,0.9297,0.8638,404.5,203.75,132.25,200.75,282.75,237.0,217.375,227.5,272.2665,66.0616,0.2426,1,1,20,1
20,3,0,1,1,1,1,0.9893,0.9873,0.8623,0.8276,784.5,323.5,519.0,327.0,672.5,426.5,618.0,441.5,265.5231,56.5265,0.2129,1,1,21,1
20,3,0,0,1,1,1,0.9878,0.9883,0.8198,0.8262,1202.0,350.0,917.0,338.5,1144.0,433.0,1059.0,412.0,285.2319,87.5557,0.307,1,1,21,1
20,3,0,2,1,1,1,0.9927,0.9844,0.9253,0.8667,409.0,221.25,142.375,209.75,272.25,239.5,222.0,227.0,266.8729,51.7814,0.194,1,1,21,1
21,3,0,0,1,1,1,0.9858,0.9917,0.7935,0.8521,1208.0,352.0,917.0,339.0,1153.0,434.0,1056.0,403.0,291.2902,101.8332,0.3496,1,1,22,1
21,3,0,1,1,1,1,0.9868,0.9873,0.8589,0.8569,781.0,324.0,527.0,326.0,672.0,434.5,618.0,424.0,254.0079,55.0114,0.2166,1,1,22,1
21,3,0,2,1,1,1,0.9912,0.9873,0.9287,0.876,403.0,206.75,130.875,205.0,282.5,238.0,225.75,227.75,272.1306,57.6682,0.2119,1,1,22,1
22,3,0,1,1,1,1,0.9883,0.9878,0.8564,0.8384,787.0,325.5,519.0,330.5,673.5,425.5,619.0,432.0,268.0466,54.8862,0.2048,1,1,23,1
22,3,0,0,1,1,1,0.9878,0.9888,0.8242,0.8237,1205.0,346.0,922.5,338.5,1152.0,429.5,1060.0,408.0,282.5995,94.4788,0.3343,1,1,23,1
22,3,0,2,1,1,1,0.9932,0.9849,0.9233,0.8647,411.75,216.0,142.625,201.0,281.0,238.5,221.5,226.0,269.5427,60.7988,0.2256,1,1,23,1
23,4,1,0,1,1,1,0.9878,0.9873,0.8311,0.8203,1202.0,347.0,918.5,339.5,1143.0,433.0,1058.0,412.0,283.5992,87.5557,0.3087,1,1,24,1
23,4,1,1,1,1,1,0.9883,0.9873,0.8574,0.8379,786.0,327.0,519.0,328.0,673.0,435.0,618.5,432.0,267.0019,54.5825,0.2044,1,1,24,1
23,4,1,2,1,1,1,0.9927,0.9849,0.9253,0.8711,409.5,221.75,140.25,210.5,280.5,240.5,223.0,236.0,269.4849,57.6758,0.214,1,1,24,1
23,4,1,6,0,0,1,0.1492,0.1903,0.1204,0.1229,942.0,0.0,294.75,0.0,969.0,0.0,306.0,0.0,647.25,663.0,1.0243,1,0,0,0
24,4,1,0,1,1,1,0.9854,0.9917,0.7993,0.8584,1205.0,353.0,918.5,337.0,1153.0,435.5,1048.0,421.0,286.9464,105.9965,0.3694,1,1,25,1
24,4,1,1,1,1,1,0.9883,0.9849,0.8843,0.853,774.5,326.5,522.5,328.5,670.5,436.5,633.0,415.0,252.0079,43.2261,0.1715,1,1,25,1
24,4,1,2,1,1,1,0.9917,0.9863,0.9316,0.8638,399.5,209.5,138.25,206.0,282.0,228.75,226.5,228.0,261.2734,55.5051,0.2124,1,1,25,1
24,4,1,6,0,0,1,0.1332,0.1757,0.1091,0.1246,956.5,0.0,306.25,0.0,948.0,0.0,315.0,0.0,650.25,633.0,0.9735,1,0,0,0
25,3,0,0,1,1,1,0.9863,0.9912,0.7847,0.8325,1207.0,347.5,916.5,335.0,1153.0,433.5,1066.0,403.0,290.7688,92.1914,0.3171,1,1,26,1
25,3,0,1,1,1,1,0.9883,0.9873,0.8589,0.8408,783.5,323.0,522.5,326.5,673.5,425.5,628.5,433.5,261.0235,45.7056,0.1751,1,1,26,1
25,3,0,2,1,1,1,0.9932,0.9849,0.9243,0.8677,407.75,217.5,140.375,204.5,281.25,239.0,221.625,226.5,267.6908,60.9212,0.2276,1,1,26,1
26,3,0,1,1,1,1,0.9883,0.9873,0.8604,0.8447,785.5,323.5,522.5,324.5,673.0,434.5,619.5,433.5,263.0019,53.5093,0.2035,1,1,27,1
26,3,0,0,1,1,1,0.9873,0.9917,0.7944,0.8389,1208.0,349.5,919.0,336.0,1162.0,442.5,1066.0,404.5,289.3151,103.2473,0.3569,1,1,27,1
26,3,0,2,1,1,1,0.9932,0.9814,0.9326,0.853,411.0,217.5,143.75,206.5,281.25,232.0,221.375,220.5,267.4763,60.9694,0.2279,1,1,27,1
27,3,0,0,1,1,1,0.9868,0.9912,0.7822,0.8291,1205.0,351.0,917.0,337.5,1162.0,435.0,1067.0,404.5,288.3162,99.776,0.3461,1,1,28,1
27,3,0,1,1,1,1,0.9873,0.9868,0.8535,0.8369,784.5,323.0,524.0,326.5,672.5,434.0,628.5,424.5,260.5235,45.0139,0.1728,1,1,28,1
27,3,0,2,1,1,1,0.9912,0.9873,0.9263,0.8691,402.5,204.0,139.25,205.0,282.25,236.5,216.75,218.0,263.2519,68.0625,0.2585,1,1,28,1
28,4,1,0,1,1,1,0.9883,0.9873,0.8247,0.812,1208.0,349.0,918.0,339.5,1152.0,440.5,1059.0,413.0,290.1556,96.9807,0.3342,1,1,29,1
28,4,1,1,1,1,1,0.9888,0.9858,0.8765,0.8364,790.5,323.5,524.0,325.0,671.5,433.5,628.5,425.0,266.5042,43.8321,0.1645,1,1,29,1
28,4,1,2,1,1,1,0.9917,0.9873,0.9292,0.8633,402.5,201.75,134.125,202.25,281.0,238.5,217.625,227.0,268.3755,64.4099,0.24,1,1,29,1
28,4,1,7,0,0,1,0.1434,0.1674,0.1107,0.1118,947.0,0.0,295.75,0.0,959.0,0.0,317.25,0.0,651.25,641.75,0.9854,1,0,0,0
29,4,1,0,1,1,1,0.9888,0.9873,0.8057,0.791,1208.0,346.5,915.0,335.0,1144.0,431.0,1059.0,412.0,293.2256,87.0976,0.297,1,1,30,1
29,4,1,1,1,1,1,0.9897,0.9854,0.8872,0.8413,782.5,333.0,522.0,334.0,671.0,437.0,621.0,431.5,260.5019,50.3016,0.1931,1,1,30,1
29,4,1,2,1,1,1,0.9932,0.9839,0.9268,0.8569,411.25,227.0,144.625,216.5,280.0,239.0,222.0,227.5,266.8317,59.1291,0.2216,1,1,30,1
29,4,1,7,0,0,1,0.1362,0.1771,0.1138,0.122,952.0,0.0,301.5,0.0,947.5,0.0,304.25,0.0,650.5,643.25,0.9889,1,0,0,0
30,4,1,1,1,1,1,0.9888,0.9873,0.8618,0.8286,786.5,328.0,519.5,331.0,672.0,435.5,619.5,433.0,267.0169,52.5595,0.1968,1,1,31,1
30,4,1,0,1,1,1,0.9878,0.9863,0.8125,0.8013,1206.0,347.5,918.5,339.5,1153.0,441.5,1059.0,412.5,287.6113,98.3717,0.342,1,1,31,1
30,4,1,2,1,1,1,0.9917,0.9878,0.9243,0.8638,399.5,208.75,135.0,208.5,281.25,228.25,217.875,218.0,264.5001,64.1985,0.2427,1,1,31,1
30,4,1,7,0,0,1,0.1272,0.1909,0.0952,0.124,969.5,0.0,303.5,0.0,964.0,0.0,313.0,0.0,666.0,651.0,0.9775,1,0,0,0
31,3,0,0,1,1,1,0.9863,0.9912,0.7847,0.8315,1206.0,356.0,913.0,341.0,1154.0,434.0,1057.0,403.0,293.3837,101.8332,0.3471,1,1,32,1
31,3,0,1,1,1,1,0.9897,0.9868,0.8691,0.8291,789.0,323.0,523.0,325.5,673.0,434.5,618.5,433.0,266.0117,54.5206,0.205,1,1,32,1
31,3,0,2,1,1,1,0.9912,0.9888,0.9219,0.8755,395.5,206.5,135.125,204.0,283.5,228.25,218.25,226.0,260.387,65.2888,0.2507,1,1,32,1
32,3,0,1,1,1,1,0.9868,0.9873,0.856,0.8511,783.5,326.5,524.0,330.0,673.0,434.0,619.0,433.0,259.5236,54.0093,0.2081,1,1,33,1
32,3,0,0,1,1,1,0.9863,0.9912,0.7837,0.8291,1204.0,351.5,913.5,336.5,1155.0,433.5,1066.0,402.5,290.887,94.2444,0.324,1,1,33,1
32,3,0,2,1,1,1,0.9932,0.9844,0.9233,0.8599,414.5,213.75,140.25,205.0,280.0,241.0,221.5,221.5,274.3895,61.6644,0.2247,1,1,33,1
33,3,0,0,1,1,1,0.9868,0.9912,0.8066,0.8477,1204.0,349.0,914.5,332.0,1155.0,426.5,1066.0,421.0,289.9987,89.1698,0.3075,1,1,34,1
33,3,0,1,1,1,1,0.9878,0.9868,0.8643,0.8472,781.0,324.0,523.5,323.5,672.0,425.0,628.5,424.0,257.5005,43.5115,0.169,1,1,34,1
33,3,0,2,1,1,1,0.9917,0.9878,0.9263,0.8691,401.0,209.5,139.625,208.5,289.5,238.5,227.0,228.75,261.3769,63.2559,0.242,1,1,34,1
34,4,1,1,1,1,1,0.9888,0.9854,0.875,0.8345,785.0,323.5,523.5,324.5,672.5,434.0,629.0,425.5,261.5019,44.3227,0.1695,1,1,35,1
34,4,1,0,1,1,1,0.9863,0.9917,0.8071,0.8496,1205.0,344.0,917.0,331.0,1144.0,425.5,1058.0,411.5,288.2933,87.1321,0.3022,1,1,35,1
34,4,1,2,1,1,1,0.9912,0.9878,0.9297,0.8721,396.0,205.0,135.0,205.75,283.5,227.75,223.75,221.0,261.0011,60.1301,0.2304,1,1,35,1
34,4,1,8,0,0,1,0.1338,0.1453,0.0995,0.0759,1035.0,0.0,370.75,0.0,946.5,0.0,294.75,0.0,664.25,651.75,0.9812,1,0,0,0
35,4,1,0,1,1,1,0.9883,0.9883,0.8135,0.8179,1203.0,346.5,918.0,337.5,1144.0,432.5,1060.0,412.5,285.1421,86.3481,0.3028,1,1,36,1
35,4,1,1,1,1,1,0.9863,0.9863,0.8599,0.8535,779.0,325.0,528.5,324.0,672.0,435.0,627.0,443.0,250.502,45.7056,0.1825,1,1,36,1
35,4,1,2,1,1,1,0.9932,0.9839,0.9272,0.856,412.5,214.0,141.375,205.5,278.5,242.0,220.625,221.0,271.2582,61.5672,0.227,1,1,36,1
35,4,1,8,0,0,1,0.1545,0.2035,0.1021,0.1174,955.5,0.0,296.75,0.0,965.5,0.0,314.25,0.0,658.75,651.25,0.9886,1,0,0,0
36,3,0,0,1,1,1,0.9873,0.9888,0.8086,0.8267,1203.0,349.5,913.5,341.5,1144.0,433.0,1058.0,411.5,289.6105,88.6468,0.3061,1,1,37,1
36,3,0,1,1,1,1,0.9883,0.9878,0.8584,0.8389,787.5,321.0,522.0,327.5,670.5,426.0,618.5,432.5,265.5796,52.4047,0.1973,1,1,37,1
36,3,0,2,1,1,1,0.9912,0.9873,0.9277,0.8706,401.0,204.5,138.5,204.5,281.5,237.5,225.75,227.25,262.5,56.6844,0.2159,1,1,37,1
37,4,1,1,1,1,1,0.9888,0.9868,0.8657,0.8369,790.0,323.5,524.5,326.5,671.5,433.5,628.0,424.5,265.5169,44.4213,0.1673,1,1,38,1
37,4,1,0,1,1,1,0.9878,0.9868,0.8115,0.793,1207.0,352.0,911.0,341.0,1143.0,424.0,1058.0,411.5,296.2043,85.9142,0.2901,1,1,38,1
37,4,1,2,1,1,1,0.9917,0.9868,0.9302,0.8618,402.5,206.75,133.375,204.5,282.0,228.0,217.625,226.0,269.1344,64.4061,0.2393,1,1,38,1
37,4,1,9,0,0,1,0.1364,0.1827,0.0962,0.1099,959.0,0.0,296.25,0.0,957.0,0.0,306.75,0.0,662.75,650.25,0.9811,1,0,0,0
38,4,1,0,1,1,1,0.9858,0.9883,0.7822,0.814,1210.0,351.0,915.0,341.5,1144.0,423.5,1058.0,411.5,295.1529,86.8332,0.2942,1,1,39,1
38,4,1,1,1,1,1,0.9897,0.9858,0.8779,0.8218,788.0,326.5,527.0,329.5,671.0,425.0,626.0,423.5,261.0172,45.025,0.1725,1,1,39,1
38,4,1,2,1,1,1,0.9917,0.9868,0.9297,0.8633,400.5,207.0,131.875,204.5,282.25,237.0,227.0,227.5,268.6366,56.0608,0.2087,1,1,39,1
38,4,1,9,0,0,1,0.1418,0.1783,0.1168,0.1242,956.0,0.0,298.0,0.0,937.0,0.0,304.0,0.0,658.0,633.0,0.962,1,0,0,0
39,3,0,0,1,1,1,0.9868,0.9888,0.7915,0.8115,1211.0,347.5,918.0,338.0,1136.0,423.5,1058.0,411.5,293.154,78.9177,0.2692,1,1,40,1
39,3,0,1,1,1,1,0.9883,0.9863,0.8691,0.8413,787.5,322.5,524.5,326.5,674.0,424.5,618.0,423.0,263.0304,56.0201,0.213,1,1,40,1
39,3,0,2,1,1,1,0.9917,0.9868,0.9321,0.8657,404.0,204.0,134.5,204.5,283.0,227.5,217.5,226.5,269.5005,65.5076,0.2431,1,1,40,1
40,3,0,0,1,1,1,0.9863,0.9888,0.8022,0.8374,1207.0,350.0,919.5,339.0,1143.0,432.0,1059.0,412.5,287.7104,86.2337,0.2997,1,1,41,1
40,3,0,1,1,1,1,0.9883,0.9873,0.855,0.8389,784.0,324.5,523.5,326.0,672.0,442.5,628.5,424.5,260.5043,47.0771,0.1807,1,1,41,1
40,3,0,2,1,1,1,0.9912,0.9878,0.9277,0.8716,393.25,206.5,136.375,206.75,283.5,228.75,218.25,227.0,256.8751,65.2735,0.2541,1,1,41,1
41,3,0,0,1,1,1,0.9854,0.9912,0.7788,0.8394,1205.0,352.5,916.0,337.5,1154.0,426.0,1066.0,403.5,289.389,90.8309,0.3139,1,1,42,1
41,3,0,1,1,1,1,0.9888,0.9868,0.8613,0.8315,785.0,323.5,525.0,327.0,672.0,434.0,628.0,425.0,260.0236,44.911,0.1727,1,1,42,1
41,3,0,2,1,1,1,0.9932,0.9839,0.9263,0.8516,410.25,216.5,142.875,209.0,281.5,232.0,221.25,220.75,267.4802,61.2913,0.2291,1,1,42,1
42,4,1,0,1,1,1,0.9883,0.9888,0.812,0.8188,1205.0,352.0,919.0,341.0,1145.0,432.0,1059.0,412.5,286.2115,88.183,0.3081,1,1,43,1
42,4,1,1,1,1,1,0.9883,0.9863,0.8667,0.8408,787.0,323.0,523.0,325.0,680.5,442.0,629.5,424.5,264.0076,53.9189,0.2042,1,1,43,1
42,4,1,2,1,1,1,0.9922,0.9863,0.915,0.8774,410.0,224.25,141.75,209.0,280.75,239.0,213.25,226.0,268.6831,68.7405,0.2558,1,1,43,1
42,4,1,10,0,0,1,0.1423,0.1851,0.1016,0.1168,953.0,0.0,295.25,0.0,939.0,0.0,306.0,0.0,657.75,633.0,0.9624,1,0,0,0
43,3,0,0,1,1,1,0.9863,0.9907,0.7983,0.8325,1205.0,349.0,918.5,335.5,1154.0,435.0,1066.0,413.0,286.8179,90.7083,0.3163,1,1,44,1
43,3,0,1,1,1,1,0.9883,0.9863,0.8696,0.8428,783.0,323.0,523.0,324.5,673.0,425.0,629.0,424.0,260.0043,44.0114,0.1693,1,1,44,1
43,3,0,2,1,1,1,0.9932,0.9854,0.9194,0.8555,412.0,219.0,147.5,211.0,271.75,230.75,221.375,235.5,264.621,50.5984,0.1912,1,1,44,1
44,3,0,0,1,1,1,0.9873,0.9907,0.8154,0.8428,1201.0,352.0,921.5,334.0,1154.0,434.0,1067.0,413.5,280.079,89.3826,0.3191,1,1,45,1
44,3,0,1,1,1,1,0.9893,0.9868,0.8682,0.8232,786.0,325.5,520.0,330.0,672.5,425.0,618.5,422.0,266.0381,54.0833,0.2033,1,1,45,1
44,3,0,2,1,1,1,0.9917,0.9878,0.9268,0.8672,394.0,204.25,132.5,204.5,283.0,237.5,228.0,227.5,261.5001,55.9017,0.2138,1,1,45,1
45,3,0,0,1,1,1,0.9873,0.9858,0.7979,0.7905,1210.0,352.5,920.0,341.5,1143.0,441.0,1058.0,413.0,290.2085,89.493,0.3084,1,1,46,1
45,3,0,1,1,1,1,0.9883,0.9834,0.894,0.8516,783.0,327.0,521.0,328.0,681.5,437.0,622.5,414.0,262.0019,63.3246,0.2417,1,1,46,1
45,3,0,2,1,1,1,0.9922,0.9873,0.9282,0.8574,399.5,210.75,135.875,211.0,281.75,237.5,217.375,227.5,263.6251,65.1471,0.2471,1,1,46,1
46,3,0,0,1,1,1,0.9878,0.9883,0.8184,0.8228,1204.0,345.5,916.5,338.0,1153.0,432.0,1059.0,412.5,287.5978,96.0013,0.3338,1,1,47,1
46,3,0,1,1,1,1,0.9868,0.9858,0.8682,0.8491,789.0,326.5,523.5,329.5,673.5,434.5,616.5,433.0,265.5169,57.0197,0.2147,1,1,47,1
46,3,0,2,1,1,1,0.9932,0.9829,0.9268,0.8472,405.0,218.5,134.25,210.5,281.5,233.0,212.0,220.0,270.8682,70.7054,0.261,1,1,47,1
47,3,0,0,1,1,1,0.9863,0.9912,0.7891,0.8325,1204.0,352.5,914.0,337.5,1154.0,426.5,1067.0,413.0,290.3877,88.0412,0.3032,1,1,48,1
47,3,0,1,1,1,1,0.9878,0.9849,0.8662,0.8242,784.0,326.0,525.5,329.5,672.5,425.5,618.0,423.0,258.5237,54.5573,0.211,1,1,48,1
47,3,0,2,1,1,1,0.9932,0.9824,0.9321,0.853,407.0,212.0,141.875,204.5,281.25,236.5,221.25,220.5,265.2311,62.0967,0.2341,1,1,48,1
48,3,0,0,1,1,1,0.9868,0.9917,0.7783,0.8301,1206.0,348.5,920.0,335.5,1163.0,436.0,1066.0,412.5,286.2953,99.8061,0.3486,1,1,49,1
48,3,0,1,1,1,1,0.9893,0.9854,0.8774,0.8242,784.5,327.0,523.5,329.5,672.0,435.0,618.5,423.5,261.012,54.722,0.2097,1,1,49,1
48,3,0,2,1,1,1,0.9932,0.9839,0.9272,0.8569,409.75,211.75,134.25,204.75,282.25,232.5,212.25,219.5,275.5889,71.1969,0.2583,1,1,49,1
49,3,0,0,1,1,1,0.9858,0.9917,0.7686,0.834,1206.0,351.0,916.0,334.5,1146.0,433.0,1067.0,403.0,290.469,84.5044,0.2909,1,1,50,1
49,3,0,1,1,1,1,0.9888,0.9863,0.8711,0.8301,791.5,325.5,522.0,324.5,671.0,434.0,618.0,423.5,269.5019,54.0301,0.2005,1,1,50,1
49,3,0,2,1,1,1,0.9922,0.9873,0.9302,0.8682,402.5,206.0,141.5,204.5,282.25,227.0,226.375,218.0,261.0043,56.5952,0.2168,1,1,50,1
50,3,0,0,1,1,1,0.9888,0.9878,0.8052,0.7974,1206.0,348.5,919.5,335.5,1145.0,432.0,1059.0,412.0,286.7948,88.295,0.3079,1,1,51,1
50,3,0,1,1,1,1,0.9893,0.9863,0.8735,0.832,790.0,325.0,524.0,329.0,671.5,425.5,618.0,422.5,266.0301,53.584,0.2014,1,1,51,1
50,3,0,2,1,1,1,0.9917,0.9878,0.9307,0.8682,403.25,204.25,136.375,205.25,282.0,236.5,217.75,218.5,266.8769,66.7238,0.25,1,1,51,1
51,4,1,0,1,1,1,0.9878,0.9878,0.8076,0.8115,1208.0,350.0,917.5,342.5,1161.0,450.5,1068.0,414.0,290.5968,99.9062,0.3438,1,1,52,1
51,4,1,1,1,1,1,0.9878,0.9863,0.8486,0.8174,782.5,327.0,520.0,330.5,673.5,425.5,627.5,423.0,262.5233,46.0679,0.1755,1,1,52,1
51,4,1,2,1,1,1,0.9922,0.9878,0.9277,0.8594,404.25,206.0,128.875,205.0,282.0,237.5,217.0,227.0,275.3768,65.8426,0.2391,1,1,52,1
51,4,1,11,0,0,1,0.1302,0.1755,0.0812,0.0804,1033.0,0.0,349.0,0.0,959.0,0.0,295.75,0.0,684.0,663.25,0.9697,1,0,0,0
52,3,0,1,1,1,1,0.9897,0.9844,0.8857,0.8174,784.5,325.5,523.0,328.5,673.5,426.0,627.0,423.0,261.5172,46.5967,0.1782,1,1,53,1
52,3,0,0,1,1,1,0.9878,0.9917,0.7939,0.8354,1205.0,350.0,913.0,337.5,1154.0,434.5,1066.0,404.0,292.2674,93.1357,0.3187,1,1,53,1
52,3,0,2,1,1,1,0.9917,0.9878,0.9248,0.8662,393.5,209.25,132.25,206.5,283.5,237.5,218.625,227.0,261.2645,65.7192,0.2515,1,1,53,1
53,3,0,0,1,1,1,0.9888,0.9893,0.8032,0.8086,1205.0,346.5,915.0,338.5,1144.0,441.5,1059.0,413.0,290.1103,89.6507,0.309,1,1,54,1
53,3,0,1,1,1,1,0.9893,0.9849,0.8682,0.8101,787.5,323.5,519.5,329.0,672.0,426.0,617.5,422.5,268.0564,54.6123,0.2037,1,1,54,1
53,3,0,2,1,1,1,0.9912,0.9878,0.9263,0.8691,400.5,208.0,133.0,204.5,281.75,237.5,217.75,227.5,267.5229,64.7765,0.2421,1,1,54,1
54,4,1,0,1,1,1,0.9863,0.9927,0.7744,0.8472,1205.0,352.5,917.0,339.5,1154.0,434.5,1066.0,413.0,288.2933,90.5884,0.3142,1,1,55,1
54,4,1,1,1,1,1,0.9893,0.9849,0.8813,0.8257,782.0,324.0,523.0,328.0,672.5,434.5,618.5,423.0,259.0309,55.211,0.2131,1,1,55,1
54,4,1,2,1,1,1,0.9917,0.9868,0.9316,0.8672,399.5,202.75,136.375,203.0,281.5,238.0,217.125,227.5,263.1251,65.2257,0.2479,1,1,55,1
54,4,1,12,0,0,1,0.141,0.1852,0.1061,0.1207,956.0,0.0,309.75,0.0,946.5,0.0,325.5,0.0,646.25,621.0,0.9609,1,0,0,0
55,4,1,0,1,1,1,0.9849,0.9917,0.7627,0.8403,1203.0,353.0,920.0,337.5,1145.0,434.0,1066.0,413.0,283.4242,81.7435,0.2884,1,1,56,1
55,4,1,1,1,1,1,0.9893,0.9844,0.8857,0.8203,785.0,325.5,529.0,329.0,673.0,434.0,627.5,425.0,256.0239,46.3816,0.1812,1,1,56,1
55,4,1,2,1,1,1,0.9932,0.9849,0.9209,0.8545,414.75,218.0,138.25,208.75,279.75,233.0,211.0,219.5,276.6547,70.0629,0.2533,1,1,56,1
55,4,1,12,0,0,1,0.1414,0.1948,0.1045,0.1238,961.0,0.0,300.75,0.0,935.0,0.0,315.0,0.0,660.25,620.0,0.939,1,0,0,0
56,3,0,0,1,1,1,0.9863,0.9907,0.8101,0.8506,1202.0,353.0,916.5,335.0,1137.0,424.5,1067.0,413.0,286.0669,70.9384,0.248,1,1,57,1
56,3,0,1,1,1,1,0.9888,0.9829,0.8838,0.8286,784.0,329.5,523.5,331.0,673.0,436.5,630.5,423.5,260.5043,44.4438,0.1706,1,1,57,1
56,3,0,2,1,1,1,0.9937,0.9849,0.9253,0.853,410.75,220.0,143.0,208.75,272.25,240.0,222.125,236.0,267.9862,50.2843,0.1876,1,1,57,1
57,3,0,0,1,1,1,0.9873,0.9883,0.8223,0.8271,1204.0,346.0,920.0,336.0,1137.0,424.0,1059.0,412.5,284.176,78.8432,0.2774,1,1,58,1
57,3,0,1,1,1,1,0.9902,0.9839,0.8984,0.8325,780.5,329.5,526.5,331.0,671.0,436.5,622.0,422.0,254.0044,51.1004,0.2012,1,1,58,1
57,3,0,2,1,1,1,0.9932,0.9854,0.9219,0.8618,407.25,218.5,138.125,203.5,281.0,238.5,223.0,226.5,269.5427,59.2284,0.2197,1,1,58,1
58,4,1,0,1,1,1,0.9883,0.9878,0.8174,0.8184,1209.0,348.5,914.0,339.0,1136.0,432.5,1058.0,412.0,295.1529,80.6489,0.2732,1,1,59,1
58,4,1,1,1,1,1,0.9893,0.9858,0.8706,0.8262,786.5,326.5,523.5,327.5,673.0,424.0,628.0,424.0,263.0019,45.0,0.1711,1,1,59,1
58,4,1,2,1,1,1,0.9917,0.9868,0.9287,0.8604,394.0,209.0,137.625,206.5,283.5,237.0,217.75,227.0,256.3872,66.5061,0.2594,1,1,59,1
58,4,1,13,0,0,1,0.1538,0.1891,0.1063,0.0932,1018.5,0.0,370.75,0.0,915.0,0.0,296.25,0.0,647.75,618.75,0.9552,1,0,0,0
59,3,0,1,1,1,1,0.9883,0.9858,0.8779,0.8394,785.5,324.0,527.0,329.0,672.5,425.5,618.5,433.0,258.5484,54.5183,0.2109,1,1,60,1
59,3,0,0,1,1,1,0.9849,0.9917,0.791,0.8589,1203.0,358.0,919.0,343.0,1154.0,427.0,1066.0,413.0,284.3959,89.1067,0.3133,1,1,60,1
59,3,0,2,1,1,1,0.9917,0.9883,0.9248,0.8667,401.5,205.5,132.0,204.5,281.75,237.5,217.75,227.0,269.5019,64.8556,0.2406,1,1,60,1
60,4,1,0,1,1,1,0.9878,0.9878,0.8188,0.8237,1202.0,348.5,915.5,338.5,1145.0,432.0,1068.0,413.0,286.6745,79.3095,0.2767,1,1,61,1
60,4,1,1,1,1,1,0.9902,0.9873,0.8623,0.8149,790.0,324.0,523.5,328.5,672.0,426.0,617.5,431.5,266.538,54.7768,0.2055,1,1,61,1
60,4,1,2,1,1,1,0.9927,0.9868,0.9336,0.8584,399.25,207.5,135.5,204.25,273.0,237.0,218.625,227.0,263.77,55.2869,0.2096,1,1,61,1
60,4,1,14,0,0,1,0.1559,0.1993,0.0975,0.1103,957.0,0.0,290.5,0.0,957.0,0.0,315.75,0.0,666.5,641.25,0.9621,1,0,0,0
61,4,1,1,1,1,1,0.9888,0.9868,0.8628,0.8315,789.5,326.0,526.5,328.0,673.0,424.5,627.0,424.0,263.0076,46.0027,0.1749,1,1,62,1
61,4,1,0,1,1,1,0.9883,0.9888,0.8135,0.8188,1207.0,350.5,917.5,339.5,1142.0,433.0,1058.0,412.5,289.7089,86.4653,0.2985,1,1,62,1
61,4,1,2,1,1,1,0.9937,0.9834,0.9307,0.853,410.25,222.0,136.625,209.5,282.25,239.5,223.375,236.0,273.9104,58.9789,0.2153,1,1,62,1
61,4,1,14,0,0,1,0.1609,0.1815,0.1242,0.1193,938.5,0.0,290.0,0.0,959.0,0.0,306.5,0.0,648.5,652.5,1.0062,1,0,0,0
62,3,0,1,1,1,1,0.9893,0.9868,0.8647,0.8311,789.0,326.0,519.5,328.0,672.5,434.0,618.5,423.0,269.5074,55.109,0.2045,1,1,63,1
62,3,0,0,1,1,1,0.9873,0.9873,0.7783,0.7852,1205.0,346.0,913.5,338.0,1145.0,450.0,1059.0,413.0,291.6098,93.6216,0.3211,1,1,63,1
62,3,0,2,1,1,1,0.9937,0.9829,0.9341,0.8579,407.0,217.0,140.25,203.25,281.75,229.0,222.25,225.25,267.1041,59.6181,0.2232,1,1,63,1
63,3,0,0,1,1,1,0.9897,0.9863,0.8369,0.8008,1210.0,349.5,917.0,342.0,1141.0,443.5,1054.0,411.5,293.096,92.6984,0.3163,1,1,64,1
63,3,0,1,1,1,1,0.9902,0.9858,0.8579,0.7935,791.5,325.5,516.5,329.0,665.5,425.0,627.5,423.0,275.0223,38.0526,0.1384,1,1,64,1
63,3,0,2,1,1,1,0.9922,0.9873,0.9277,0.854,402.5,204.25,132.75,205.25,281.5,237.5,218.0,226.5,269.7519,64.4457,0.2389,1,1,64,1
64,3,0,1,1,1,1,0.9897,0.9844,0.8857,0.8198,782.5,323.0,526.0,330.5,673.0,425.0,619.0,423.0,256.6096,54.037,0.2106,1,1,65,1
64,3,0,0,1,1,1,0.9888,0.9878,0.8267,0.8154,1207.0,350.5,913.5,343.5,1143.0,442.0,1059.0,413.0,293.5835,88.8651,0.3027,1,1,65,1
64,3,0,2,1,1,1,0.9917,0.9873,0.9321,0.8691,395.5,205.5,133.875,204.0,283.0,237.5,218.75,227.0,261.6293,65.1023,0.2488,1,1,65,1
65,3,0,0,1,1,1,0.9873,0.9912,0.8105,0.8389,1203.0,353.0,915.5,338.0,1146.0,434.0,1066.0,413.0,287.891,82.7103,0.2873,1,1,66,1
65,3,0,1,1,1,1,0.9878,0.9868,0.8398,0.8188,786.5,326.0,517.0,328.5,675.0,425.0,627.5,423.0,269.5116,47.5421,0.1764,1,1,66,1
65,3,0,2,1,1,1,0.9932,0.9839,0.9258,0.8564,407.25,224.5,145.5,213.5,283.25,236.0,222.625,236.0,261.981,60.625,0.2314,1,1,66,1
66,3,0,0,1,1,1,0.9888,0.9912,0.8389,0.856,1210.0,340.0,921.5,331.0,1142.0,430.0,1060.0,418.0,288.6403,82.8734,0.2871,1,1,67,1
66,3,0,1,1,1,1,0.9897,0.9854,0.876,0.8174,786.0,326.5,518.0,330.5,675.0,425.0,626.5,423.5,268.0298,48.5232,0.181,1,1,67,1
66,3,0,2,1,1,1,0.9932,0.9844,0.9243,0.8628,410.0,217.25,143.0,203.5,275.0,238.0,221.5,235.0,267.3538,53.584,0.2004,1,1,67,1
67,3,0,0,1,1,1,0.9873,0.9888,0.8066,0.8281,1201.0,345.5,918.0,335.0,1144.0,432.5,1060.0,412.5,283.1947,86.3481,0.3049,1,1,68,1
67,3,0,1,1,1,1,0.9902,0.9858,0.8745,0.811,789.0,323.0,520.0,328.5,673.0,424.5,628.0,423.0,269.0562,45.025,0.1673,1,1,68,1
67,3,0,2,1,1,1,0.9917,0.9873,0.9307,0.8662,400.5,205.5,134.875,205.25,280.75,238.0,218.0,227.75,265.6251,63.5816,0.2394,1,1,68,1
68,3,0,0,1,1,1,0.9868,0.9868,0.8052,0.8096,1205.0,348.5,917.5,338.5,1143.0,432.0,1059.0,413.0,287.6739,86.122,0.2994,1,1,69,1
68,3,0,1,1,1,1,0.9883,0.9873,0.8545,0.833,791.0,322.5,520.5,330.5,673.0,424.5,627.5,413.5,270.6183,46.8108,0.173,1,1,69,1
68,3,0,2,1,1,1,0.9927,0.9844,0.9248,0.8652,409.0,225.25,141.75,213.75,282.5,240.0,213.0,236.0,267.4973,69.615,0.2602,1,1,69,1
69,3,0,0,1,1,1,0.9863,0.9893,0.8062,0.8418,1201.0,349.0,915.5,337.5,1143.0,424.0,1060.0,403.0,285.7315,85.6154,0.2996,1,1,70,1
69,3,0,1,1,1,1,0.9902,0.9873,0.8613,0.8145,793.5,326.0,518.5,328.5,674.0,425.0,627.0,423.0,275.0114,47.0425,0.1711,1,1,70,1
69,3,0,2,1,1,1,0.9937,0.9829,0.9292,0.8428,410.75,217.5,141.5,209.0,281.25,242.0,221.625,230.5,269.3841,60.7239,0.2254,1,1,70,1
70,4,1,1,1,1,1,0.9878,0.9858,0.8496,0.8184,793.0,326.5,523.5,330.5,674.0,424.0,625.0,414.0,269.5297,50.01,0.1855,1,1,71,1
70,4,1,0,1,1,1,0.9858,0.9907,0.791,0.834,1204.0,352.0,916.5,337.5,1145.0,425.0,1066.0,403.0,287.8654,82.0061,0.2849,1,1,71,1
70,4,1,2,1,1,1,0.9927,0.9863,0.9326,0.8564,402.75,207.75,133.25,204.5,282.75,246.0,218.25,228.0,269.5196,66.9645,0.2485,1,1,71,1
70,4,1,15,0,0,1,0.2059,0.2949,0.1069,0.1289,970.0,0.0,301.5,0.0,956.5,0.0,270.0,0.0,668.5,686.5,1.0269,1,0,0,0
71,4,1,1,1,1,1,0.9888,0.9868,0.8433,0.8096,793.5,320.0,523.0,326.0,673.0,433.0,627.0,423.0,270.5665,47.0744,0.174,1,1,72,1
71,4,1,0,1,1,1,0.9849,0.9917,0.7871,0.8564,1203.0,350.0,916.0,337.5,1145.0,425.5,1066.0,403.5,287.2721,82.0061,0.2855,1,1,72,1
71,4,1,2,1,1,1,0.9932,0.9849,0.9214,0.8604,410.75,217.0,144.125,208.5,281.0,239.0,223.25,227.5,266.7605,58.8839,0.2207,1,1,72,1
71,4,1,15,0,0,1,0.1744,0.2163,0.152,0.153,945.0,0.0,295.75,0.0,941.0,0.0,323.75,0.0,649.25,617.25,0.9507,1,0,0,0
72,4,1,0,1,1,1,0.9873,0.9917,0.7969,0.8389,1204.0,353.0,914.0,337.0,1145.0,433.5,1057.0,403.0,290.441,93.1357,0.3207,1,1,73,1
72,4,1,1,1,1,1,0.9883,0.9873,0.855,0.8379,784.5,326.0,522.5,328.0,674.5,424.5,628.5,423.0,262.0076,46.0245,0.1757,1,1,73,1
72,4,1,2,1,1,1,0.9922,0.9868,0.9321,0.8564,396.5,207.5,133.5,204.25,283.0,237.0,218.5,217.75,263.0201,67.3113,0.2559,1,1,73,1
72,4,1,15,0,0,1,0.1598,0.2056,0.1045,0.1194,949.5,0.0,295.0,0.0,954.0,0.0,305.75,0.0,654.5,648.25,0.9905,1,0,0,0
73,4,1,0,1,1,1,0.9854,0.9912,0.8003,0.8574,1200.0,351.5,918.0,335.5,1145.0,426.0,1067.0,413.0,282.4535,79.0759,0.28,1,1,74,1
73,4,1,1,1,1,1,0.9878,0.9868,0.8652,0.835,790.0,323.5,528.0,329.0,656.0,424.5,626.0,423.5,262.0577,30.0167,0.1145,1,1,74,1
73,4,1,2,1,1,1,0.9937,0.9844,0.9272,0.8564,412.75,223.25,136.5,211.5,281.0,243.0,221.5,227.0,276.4998,61.6137,0.2228,1,1,74,1
73,4,1,15,0,0,1,0.1214,0.1663,0.1032,0.12,962.0,0.0,297.25,0.0,946.0,0.0,313.75,0.0,664.75,632.25,0.9511,1,0,0,0
74,4,1,0,1,1,1,0.9854,0.9917,0.8047,0.8633,1202.0,350.0,919.0,337.5,1144.0,425.5,1066.0,404.0,283.2759,80.9089,0.2856,1,1,75,1
74,4,1,1,1,1,1,0.9897,0.9844,0.8706,0.7944,791.0,323.0,523.0,329.0,672.5,425.0,617.5,422.5,268.0672,55.0568,0.2054,1,1,75,1
74,4,1,2,1,1,1,0.9927,0.9854,0.9214,0.8652,413.0,216.75,145.25,201.5,281.5,238.5,213.75,235.0,268.1839,67.8403,0.253,1,1,75,1
74,4,1,15,0,0,1,0.1329,0.1744,0.0988,0.093,1028.0,0.0,359.0,0.0,931.0,0.0,307.25,0.0,669.0,623.75,0.9324,1,0,0,0
75,4,1,0,1,1,1,0.9878,0.9873,0.8218,0.8252,1205.0,348.5,917.0,338.0,1144.0,432.0,1059.0,412.5,288.1913,87.2081,0.3026,1,1,76,1
75,4,1,1,1,1,1,0.9897,0.9868,0.8462,0.793,793.5,325.5,520.0,328.5,673.0,424.5,627.5,423.0,273.5165,45.5247,0.1664,1,1,76,1
75,4,1,2,1,1,1,0.9937,0.9829,0.9292,0.8438,408.25,219.5,145.75,211.0,280.5,233.0,220.5,220.5,262.6376,61.2883,0.2334,1,1,76,1
75,4,1,16,0,0,1,0.1494,0.1735,0.1277,0.1142,932.0,0.0,291.25,0.0,944.5,0.0,304.75,0.0,640.75,639.75,0.9984,1,0,0,0
76,3,0,0,1,1,1,0.9858,0.9912,0.8086,0.8511,1198.0,350.5,921.0,337.5,1154.0,426.5,1058.0,403.0,277.3049,98.8345,0.3564,1,1,77,1
76,3,0,1,1,1,1,0.9893,0.9849,0.8662,0.8086,792.0,326.0,522.5,328.5,673.5,424.5,618.0,422.5,269.5116,55.536,0.2061,1,1,77,1
76,3,0,2,1,1,1,0.9927,0.9873,0.9312,0.853,404.75,208.0,133.125,202.0,282.0,236.5,227.0,227.75,271.6913,55.6917,0.205,1,1,77,1
77,3,0,0,1,1,1,0.9854,0.9912,0.8032,0.8594,1202.0,353.0,920.0,337.0,1145.0,424.5,1051.0,403.5,282.4535,96.3172,0.341,1,1,78,1
77,3,0,1,1,1,1,0.9888,0.9854,0.8569,0.8091,793.5,326.0,520.5,329.0,673.0,425.0,627.5,423.5,273.0165,45.5247,0.1667,1,1,78,1
77,3,0,2,1,1,1,0.9932,0.9858,0.9219,0.8672,414.25,221.75,142.875,207.0,289.0,239.0,213.375,234.0,271.7756,75.7901,0.2789,1,1,78,1
78,4,1,0,1,1,1,0.9873,0.9883,0.8149,0.8325,1203.0,351.0,913.5,343.0,1144.0,433.0,1059.0,413.0,289.6105,87.3212,0.3015,1,1,79,1
78,4,1,1,1,1,1,0.9897,0.9854,0.8799,0.8213,786.5,319.0,522.5,325.5,674.0,424.5,627.5,423.5,264.08,46.5108,0.1761,1,1,79,1
78,4,1,2,1,1,1,0.9932,0.9854,0.9229,0.8638,411.0,218.0,140.875,203.75,289.25,238.0,222.625,226.5,270.5006,67.6102,0.2499,1,1,79,1
78,4,1,17,0,0,1,0.1656,0.2251,0.1084,0.1186,980.0,0.0,317.5,0.0,951.5,0.0,293.5,0.0,662.5,658.0,0.9932,1,0,0,0
79,4,1,0,1,1,1,0.9873,0.9878,0.8271,0.8301,1205.0,345.0,916.0,335.0,1144.0,424.0,1059.0,412.5,289.173,85.7744,0.2966,1,1,80,1
79,4,1,1,1,1,1,0.9897,0.9863,0.8745,0.8203,791.0,323.0,522.5,329.0,673.0,425.5,626.5,423.0,268.567,46.5672,0.1734,1,1,80,1
79,4,1,2,1,1,1,0.9932,0.9839,0.9282,0.8613,407.25,217.75,143.125,203.5,283.0,239.0,222.125,235.5,264.5091,60.9755,0.2305,1,1,80,1
79,4,1,17,0,0,1,0.1477,0.1689,0.1097,0.1065,944.0,0.0,287.75,0.0,950.0,0.0,315.25,0.0,656.25,634.75,0.9672,1,0,0,0
80,3,0,0,1,1,1,0.9873,0.9868,0.8213,0.8242,1205.0,348.0,916.5,334.5,1144.0,432.0,1059.0,412.5,288.8157,87.2081,0.302,1,1,81,1
80,3,0,1,1,1,1,0.9888,0.9868,0.8604,0.8257,789.0,325.0,521.0,331.5,673.5,425.5,627.5,423.5,268.0788,46.0435,0.1718,1,1,81,1
80,3,0,2,1,1,1,0.9922,0.9888,0.9219,0.8613,399.5,209.0,138.875,205.25,282.25,227.75,217.375,226.5,260.652,64.887,0.2489,1,1,81,1
81,3,0,1,1,1,1,0.9897,0.9868,0.8672,0.8223,791.5,324.0,522.5,329.0,672.5,434.0,618.0,423.0,269.0465,55.599,0.2067,1,1,82,1
81,3,0,0,1,1,1,0.9849,0.9912,0.8018,0.8569,1202.0,352.0,920.0,337.5,1146.0,424.5,1067.0,404.5,282.3725,81.4923,0.2886,1,1,82,1
81,3,0,2,1,1,1,0.9917,0.9873,0.9268,0.8599,399.0,206.5,133.875,205.0,282.75,238.0,226.75,227.5,265.1292,56.9759,0.2149,1,1,82,1
82,4,1,0,1,1,1,0.9878,0.9868,0.811,0.8013,1203.0,352.0,918.0,340.5,1144.0,433.0,1060.0,412.5,285.2319,86.4653,0.3031,1,1,83,1
82,4,1,1,1,1,1,0.9897,0.9839,0.8799,0.8159,787.0,328.5,527.0,329.5,670.5,427.0,621.5,421.5,260.0019,49.3077,0.1896,1,1,83,1
82,4,1,2,1,1,1,0.9922,0.9883,0.9272,0.8643,405.0,205.0,142.875,205.25,288.5,238.0,217.125,227.5,262.1251,72.1432,0.2752,1,1,83,1
82,4,1,18,0,0,1,0.1874,0.1821,0.1313,0.1072,938.5,0.0,289.75,0.0,949.0,0.0,307.25,0.0,648.75,641.75,0.9892,1,0,0,0
83,4,1,0,1,1,1,0.9883,0.9878,0.8247,0.8125,1205.0,349.0,918.5,341.5,1144.0,432.0,1058.0,412.5,286.5982,88.183,0.3077,1,1,84,1
83,4,1,1,1,1,1,0.9893,0.9863,0.8711,0.8242,784.0,319.5,522.0,323.0,675.5,424.0,627.5,423.0,262.0234,48.0104,0.1832,1,1,84,1
83,4,1,2,1,1,1,0.9937,0.9814,0.9351,0.8418,412.5,217.5,139.625,209.25,290.0,241.5,220.5,221.0,272.9997,72.4603,0.2654,1,1,84,1
83,4,1,18,0,0,1,0.126,0.1581,0.1021,0.1041,951.0,0.0,293.75,0.0,958.0,0.0,303.25,0.0,657.25,654.75,0.9962,1,0,0,0
84,4,1,0,1,1,1,0.9878,0.9883,0.8159,0.8232,1203.0,350.5,918.0,339.0,1145.0,441.0,1059.0,413.0,285.2319,90.4434,0.3171,1,1,85,1
84,4,1,1,1,1,1,0.9893,0.9854,0.877,0.8208,789.0,323.0,524.0,328.5,656.0,424.5,626.5,423.0,265.0571,29.5381,0.1114,1,1,85,1
84,4,1,2,1,1,1,0.9922,0.9878,0.9272,0.8594,407.5,212.25,139.0,210.5,282.0,227.5,226.125,218.5,268.5057,56.5952,0.2108,1,1,85,1
84,4,1,18,0,0,1,0.1142,0.1437,0.0928,0.0984,958.0,0.0,299.0,0.0,937.0,0.0,304.0,0.0,659.0,633.0,0.9605,1,0,0,0
85,4,1,0,1,1,1,0.9849,0.9912,0.7842,0.8452,1205.0,350.0,917.0,334.0,1154.0,424.5,1066.0,403.0,288.4441,90.5884,0.3141,1,1,86,1
85,4,1,1,1,1,1,0.9893,0.9863,0.8721,0.8311,786.5,318.5,525.0,323.0,672.5,424.5,618.5,423.0,261.5387,54.0208,0.2066,1,1,86,1
85,4,1,2,1,1,1,0.9922,0.9834,0.9258,0.8638,408.5,213.5,143.125,204.5,281.25,240.5,221.125,221.0,265.5276,63.2081,0.238,1,1,86,1
85,4,1,18,0,0,1,0.1432,0.1608,0.1003,0.0817,1022.0,0.0,362.0,0.0,943.0,0.0,307.75,0.0,660.0,635.25,0.9625,1,0,0,0
86,4,1,1,1,1,1,0.9888,0.9849,0.8833,0.832,787.0,324.5,528.0,328.5,672.0,425.0,618.5,423.5,259.0309,53.521,0.2066,1,1,87,1
86,4,1,0,1,1,1,0.9863,0.9912,0.8081,0.8491,1208.0,355.0,916.0,338.0,1153.0,433.5,1066.0,403.5,292.4944,92.0272,0.3146,1,1,87,1
86,4,1,2,1,1,1,0.9937,0.9814,0.9351,0.8438,410.5,217.0,142.75,209.0,281.75,232.5,220.75,220.5,267.8695,62.1691,0.2321,1,1,87,1
86,4,1,18,0,0,1,0.1416,0.2048,0.0955,0.1182,948.0,0.0,299.75,0.0,939.0,0.0,312.25,0.0,648.25,626.75,0.9668,1,0,0,0
87,4,1,0,1,1,1,0.9863,0.9912,0.8062,0.8506,1210.0,349.5,919.0,335.0,1152.0,434.0,1066.0,404.0,291.361,91.0824,0.3126,1,1,88,1
87,4,1,1,1,1,1,0.9897,0.9863,0.8677,0.8208,791.0,318.0,519.5,323.0,673.5,424.5,627.0,423.0,271.546,46.5242,0.1713,1,1,88,1
87,4,1,2,1,1,1,0.9927,0.9863,0.9336,0.8555,397.25,213.0,137.875,209.5,283.0,237.5,216.875,227.0,259.3986,66.9535,0.2581,1,1,88,1
87,4,1,18,0,0,1,0.146,0.1899,0.1002,0.1071,949.0,0.0,297.5,0.0,956.5,0.0,306.75,0.0,651.5,649.75,0.9973,1,0,0,0
88,4,1,0,1,1,1,0.9863,0.9912,0.812,0.8564,1206.0,355.5,918.0,337.5,1153.0,433.5,1058.0,403.5,288.562,99.6243,0.3452,1,1,89,1
88,4,1,1,1,1,1,0.9893,0.9854,0.8721,0.8164,791.5,326.0,521.5,328.5,673.0,425.0,627.0,423.5,270.0116,46.0245,0.1705,1,1,89,1
88,4,1,2,1,1,1,0.9932,0.9819,0.9326,0.8525,410.0,217.0,147.625,208.5,281.5,232.0,219.75,221.0,262.5126,62.7221,0.2389,1,1,89,1
88,4,1,18,0,0,1,0.1267,0.1569,0.1084,0.1101,950.5,0.0,302.25,0.0,947.5,0.0,294.5,0.0,648.25,653.0,1.0073,1,0,0,0
89,3,0,0,1,1,1,0.9888,0.9897,0.8374,0.8418,1208.0,350.5,925.0,339.0,1161.0,439.0,1068.0,410.5,283.2336,97.269,0.3434,1,1,90,1
89,3,0,1,1,1,1,0.9893,0.9849,0.8794,0.8247,790.0,325.0,521.5,329.0,673.0,434.5,627.0,424.5,268.5298,47.0744,0.1753,1,1,90,1
89,3,0,2,1,1,1,0.9912,0.9873,0.9263,0.8682,401.5,215.5,135.875,208.0,281.25,237.5,226.0,229.0,265.7309,55.9,0.2104,1,1,90,1
90,4,1,0,1,1,1,0.9854,0.9922,0.7964,0.8589,1206.0,351.5,920.0,335.0,1145.0,425.5,1066.0,403.5,286.4756,82.0061,0.2863,1,1,91,1
90,4,1,1,1,1,1,0.9893,0.9858,0.875,0.832,789.5,326.0,516.5,329.0,674.0,425.5,619.5,432.0,273.0165,54.8862,0.201,1,1,91,1
90,4,1,2,1,1,1,0.9937,0.9814,0.9346,0.8403,410.25,217.0,142.0,208.75,281.5,232.0,221.125,220.75,268.3768,61.4142,0.2288,1,1,91,1
90,4,1,19,0,0,1,0.1549,0.1765,0.1285,0.1182,955.0,0.0,294.5,0.0,946.5,0.0,314.75,0.0,660.5,631.75,0.9565,1,0,0,0
91,4,1,1,1,1,1,0.9897,0.9854,0.8652,0.8022,788.0,318.5,523.0,323.0,671.0,424.5,610.0,421.5,265.0382,61.0737,0.2304,1,1,92,1
91,4,1,0,1,1,1,0.9883,0.9883,0.8345,0.8418,1208.0,352.5,920.5,338.5,1143.0,431.0,1060.0,404.0,287.8407,87.2812,0.3032,1,1,92,1
91,4,1,2,1,1,1,0.9932,0.9849,0.9199,0.8579,407.5,222.5,147.75,208.0,274.5,239.5,221.5,237.0,260.1544,53.0589,0.204,1,1,92,1
91,4,1,19,0,0,1,0.1321,0.1614,0.0848,0.0778,1030.0,0.0,371.75,0.0,945.0,0.0,314.75,0.0,658.25,630.25,0.9575,1,0,0,0
92,3,0,0,1,1,1,0.9863,0.9912,0.8145,0.8569,1203.0,348.5,923.0,335.0,1154.0,426.0,1066.0,413.0,280.3253,88.955,0.3173,1,1,93,1
92,3,0,1,1,1,1,0.9883,0.9854,0.8604,0.8174,789.0,323.5,525.5,329.0,655.5,424.5,627.0,424.0,263.5574,28.5044,0.1082,1,1,93,1
92,3,0,2,1,1,1,0.9922,0.9873,0.9272,0.856,404.0,213.0,141.5,209.5,280.5,227.5,216.625,218.0,262.5233,64.5776,0.246,1,1,93,1
93,3,0,1,1,1,1,0.9888,0.9844,0.8892,0.8486,788.0,329.5,525.0,331.5,671.0,427.5,622.0,423.0,263.0076,49.2062,0.1871,1,1,94,1
93,3,0,0,1,1,1,0.9854,0.9907,0.7979,0.8472,1208.0,351.5,918.5,332.5,1155.0,425.5,1067.0,404.0,290.1228,90.5884,0.3122,1,1,94,1
93,3,0,2,1,1,1,0.9922,0.9878,0.9268,0.8599,401.5,213.5,140.625,210.0,282.25,238.0,226.0,228.0,260.8985,57.132,0.219,1,1,94,1
94,3,0,0,1,1,1,0.9883,0.9888,0.8179,0.8325,1206.0,350.0,918.5,339.0,1154.0,433.0,1060.0,403.5,287.7104,98.5203,0.3424,1,1,95,1
94,3,0,1,1,1,1,0.9888,0.9873,0.8618,0.8335,790.0,318.5,523.0,323.5,672.5,433.5,627.5,424.0,267.0468,45.9918,0.1722,1,1,95,1
94,3,0,2,1,1,1,0.9937,0.9844,0.9263,0.8574,406.0,218.0,141.625,205.75,282.5,238.5,222.0,227.0,264.6587,61.5833,0.2327,1,1,95,1
95,3,0,0,1,1,1,0.9873,0.9878,0.8228,0.833,1206.0,352.0,919.5,339.0,1154.0,432.5,1059.0,403.0,286.7948,99.4749,0.3469,1,1,96,1
95,3,0,1,1,1,1,0.9902,0.9863,0.8716,0.8169,791.5,323.0,522.0,329.0,672.5,425.5,627.5,423.0,269.5668,45.0694,0.1672,1,1,96,1
95,3,0,2,1,1,1,0.9927,0.9873,0.9307,0.8525,402.0,208.0,134.75,204.25,283.5,228.0,216.5,225.75,267.2763,67.0378,0.2508,1,1,96,1
96,4,1,0,1,1,1,0.9878,0.9883,0.8232,0.8335,1205.0,354.5,919.0,344.0,1154.0,432.5,1060.0,403.5,286.1927,98.3717,0.3437,1,1,97,1
96,4,1,1,1,1,1,0.9897,0.9854,0.8784,0.8223,788.0,323.0,522.5,328.5,672.5,425.0,618.5,423.0,265.557,54.037,0.2035,1,1,97,1
96,4,1,2,1,1,1,0.9922,0.9878,0.9243,0.8545,397.5,207.75,140.25,204.5,282.0,237.5,226.75,228.0,257.2705,56.0608,0.2179,1,1,97,1
96,4,1,20,0,0,1,0.1525,0.1689,0.1241,0.116,939.0,0.0,292.25,0.0,949.0,0.0,315.75,0.0,646.75,633.25,0.9791,1,0,0,0
97,3,0,0,1,1,1,0.9863,0.9883,0.814,0.8398,1203.0,350.0,925.0,338.5,1152.0,432.5,1060.0,404.0,278.2378,96.3133,0.3462,1,1,98,1
97,3,0,1,1,1,1,0.9897,0.9863,0.8535,0.8057,791.5,325.5,520.0,328.5,673.5,424.5,627.5,423.0,271.5166,46.0245,0.1695,1,1,98,1
97,3,0,2,1,1,1,0.9912,0.9873,0.9258,0.8667,398.75,211.0,138.625,208.0,284.5,227.75,218.125,227.0,260.1423,66.3792,0.2552,1,1,98,1
98,3,0,0,1,1,1,0.9863,0.9912,0.8154,0.8472,1208.0,355.0,923.0,338.5,1152.0,433.5,1049.0,402.5,285.4772,107.5639,0.3768,1,1,99,1
98,3,0,1,1,1,1,0.9888,0.9858,0.8706,0.8296,785.0,324.0,523.5,328.5,674.0,434.5,628.0,424.0,261.5387,47.1832,0.1804,1,1,99,1
98,3,0,2,1,1,1,0.9937,0.9849,0.9238,0.856,409.75,217.25,142.5,204.0,283.0,229.25,222.5,226.0,267.5783,60.5872,0.2264,1,1,99,1
99,4,1,0,1,1,1,0.9863,0.9912,0.8101,0.855,1208.0,352.0,920.0,339.0,1161.0,435.0,1066.0,404.0,288.2933,99.93,0.3466,1,1,100,1
99,4,1,1,1,1,1,0.9883,0.9873,0.8594,0.8428,782.0,323.0,522.0,329.0,674.0,434.5,628.0,424.5,260.0692,47.0744,0.181,1,1,100,1
99,4,1,2,1,1,1,0.9927,0.9829,0.9287,0.8608,405.0,223.5,147.125,217.25,290.25,232.0,221.25,220.5,257.9507,69.9518,0.2712,1,1,100,1
99,4,1,21,0,0,1,0.1514,0.2004,0.1097,0.1207,958.0,0.0,306.5,0.0,964.0,0.0,296.25,0.0,651.5,667.75,1.0249,1,0,0,0
100,4,1,0,1,1,1,0.9878,0.9878,0.8174,0.8237,1205.0,350.0,923.0,339.0,1153.0,433.0,1068.0,413.5,282.2145,87.2081,0.309,1,1,101,1
100,4,1,1,1,1,1,0.9883,0.9863,0.8657,0.8369,788.0,325.5,518.5,329.0,673.5,434.5,627.0,424.5,269.5227,47.5631,0.1765,1,1,101,1
100,4,1,2,1,1,1,0.9922,0.9878,0.9277,0.8594,397.5,208.75,138.5,208.5,281.75,237.5,218.0,228.0,259.0001,64.454,0.2489,1,1,101,1
100,4,1,21,0,0,1,0.1492,0.2095,0.0942,0.1163,955.5,0.0,296.25,0.0,948.0,0.0,304.25,0.0,659.25,643.75,0.9765,1,0,0,0
101,3,0,0,1,1,1,0.9868,0.9873,0.8071,0.8105,1204.0,348.5,919.5,341.5,1153.0,432.5,1059.0,412.0,284.5861,96.2094,0.3381,1,1,102,1
101,3,0,1,1,1,1,0.9897,0.9858,0.8765,0.8203,790.5,324.5,524.5,329.0,671.0,434.0,628.0,415.0,266.0381,47.0106,0.1767,1,1,102,1
101,3,0,2,1,1,1,0.9932,0.9829,0.9307,0.8491,412.5,212.5,144.5,205.5,289.5,232.0,220.875,220.0,268.0914,69.6663,0.2599,1,1,102,1
102,3,0,0,1,1,1,0.9854,0.9917,0.7979,0.8589,1206.0,351.5,920.5,334.5,1153.0,434.0,1050.0,402.5,286.0057,107.7091,0.3766,1,1,103,1
102,3,0,1,1,1,1,0.9897,0.9863,0.874,0.8223,791.0,318.0,524.0,323.5,672.5,425.0,627.0,423.5,267.0566,45.5247,0.1705,1,1,103,1
102,3,0,2,1,1,1,0.9922,0.9878,0.9272,0.8579,398.25,211.5,138.25,208.5,291.25,238.0,217.75,227.5,260.0173,74.2462,0.2855,1,1,103,1
103,3,0,0,1,1,1,0.9888,0.9873,0.8223,0.8135,1208.0,350.0,917.0,341.5,1161.0,449.5,1060.0,404.5,291.1241,110.5712,0.3798,1,1,104,1
103,3,0,1,1,1,1,0.9883,0.9863,0.8662,0.8379,792.0,328.5,522.5,329.5,674.0,425.0,626.5,423.5,269.5019,47.5237,0.1763,1,1,104,1
103,3,0,2,1,1,1,0.9932,0.9858,0.9233,0.8662,411.0,220.75,140.375,207.25,281.5,230.5,222.75,234.5,270.9615,58.886,0.2173,1,1,104,1
104,3,0,0,1,1,1,0.9883,0.9888,0.8418,0.8438,1211.0,339.5,925.0,331.0,1151.0,438.0,1061.0,410.0,286.1263,94.255,0.3294,1,1,105,1
104,3,0,1,1,1,1,0.9893,0.9854,0.8779,0.8252,785.0,323.0,523.5,328.5,674.0,425.0,627.5,414.0,261.5578,47.7834,0.1827,1,1,105,1
104,3,0,2,1,1,1,0.9917,0.9883,0.9233,0.8608,406.0,211.5,134.625,210.5,280.75,238.0,217.25,237.0,271.3768,63.5079,0.234,1,1,105,1
105,3,0,0,1,1,1,0.9868,0.9907,0.8208,0.8457,1206.0,350.0,921.0,334.5,1154.0,425.0,1065.0,403.0,285.4212,91.6788,0.3212,1,1,106,1
105,3,0,1,1,1,1,0.9878,0.9863,0.8677,0.8389,790.0,324.5,524.0,329.0,673.0,425.0,626.5,423.5,266.0381,46.5242,0.1749,1,1,106,1
105,3,0,2,1,1,1,0.9941,0.9819,0.9331,0.8379,413.75,219.0,143.875,206.0,290.5,231.25,220.875,220.0,270.1879,70.528,0.261,1,1,106,1
106,3,0,0,1,1,1,0.9878,0.9883,0.8159,0.8203,1204.0,352.0,916.0,338.5,1145.0,432.5,1058.0,411.5,288.3162,89.4986,0.3104,1,1,107,1
106,3,0,1,1,1,1,0.9893,0.9858,0.8721,0.8296,788.5,324.0,522.0,328.5,673.0,434.0,628.0,424.0,266.538,46.0977,0.1729,1,1,107,1
106,3,0,2,1,1,1,0.9912,0.9883,0.9204,0.8706,399.25,209.5,140.25,210.0,282.5,228.25,234.0,219.25,259.0005,49.328,0.1905,1,1,107,1
107,4,1,0,1,1,1,0.9863,0.9912,0.8062,0.8516,1206.0,354.5,917.5,338.5,1154.0,434.0,1066.0,403.5,288.9433,93.1357,0.3223,1,1,108,1
107,4,1,1,1,1,1,0.9893,0.9863,0.8525,0.8037,794.0,325.5,518.0,329.0,674.0,425.0,627.5,423.0,276.0222,46.543,0.1686,1,1,108,1
107,4,1,2,1,1,1,0.9917,0.9878,0.9292,0.8638,397.75,204.5,138.125,205.0,283.0,229.0,217.25,226.0,259.6255,65.8184,0.2535,1,1,108,1
107,4,1,22,0,0,1,0.1639,0.162,0.1113,0.0898,937.0,0.0,286.0,0.0,949.0,0.0,305.25,0.0,651.0,643.75,0.9889,1,0,0,0
108,4,1,0,1,1,1,0.9854,0.9902,0.7949,0.8418,1208.0,352.0,920.5,339.0,1163.0,434.0,1066.0,404.0,287.7938,101.5332,0.3528,1,1,109,1
108,4,1,1,1,1,1,0.9888,0.9854,0.8564,0.8066,791.0,324.5,515.5,329.0,674.0,425.5,626.5,423.5,275.5367,47.5421,0.1725,1,1,109,1
108,4,1,2,1,1,1,0.9932,0.9849,0.9233,0.8628,407.75,226.0,142.25,212.25,282.0,239.5,222.75,235.0,265.8558,59.4206,0.2235,1,1,109,1
108,4,1,22,0,0,1,0.1627,0.1917,0.1208,0.1235,938.0,0.0,297.5,0.0,957.0,0.0,326.5,0.0,640.5,630.5,0.9844,1,0,0,0
109,4,1,0,1,1,1,0.9863,0.9912,0.8032,0.8506,1203.0,356.0,920.0,337.0,1162.0,434.5,1067.0,404.0,283.6371,99.776,0.3518,1,1,110,1
109,4,1,1,1,1,1,0.9897,0.9858,0.875,0.8169,790.5,329.0,520.0,332.0,673.5,424.5,627.0,423.0,270.5166,46.5242,0.172,1,1,110,1
109,4,1,2,1,1,1,0.9932,0.9839,0.9258,0.8511,409.5,216.0,149.375,208.25,288.5,245.0,220.5,222.0,260.2404,71.7844,0.2758,1,1,110,1
109,4,1,22,0,0,1,0.1539,0.1708,0.1078,0.1027,940.5,0.0,296.75,0.0,939.0,0.0,322.5,0.0,643.75,616.5,0.9577,1,0,0,0
110,4,1,1,1,1,1,0.9888,0.9858,0.8687,0.8257,786.0,328.0,527.5,332.5,656.5,424.5,637.5,415.5,258.5392,21.0238,0.0813,1,1,111,1
110,4,1,0,1,1,1,0.9858,0.9912,0.8125,0.8623,1205.0,351.0,923.0,337.5,1154.0,433.5,1066.0,404.5,282.323,92.6553,0.3282,1,1,111,1
110,4,1,2,1,1,1,0.9937,0.9829,0.9321,0.8574,407.0,221.75,147.625,207.0,282.5,229.5,222.25,226.0,259.7941,60.3516,0.2323,1,1,111,1
110,4,1,22,0,0,1,0.1633,0.2004,0.1169,0.1317,955.0,0.0,301.75,0.0,953.0,0.0,327.5,0.0,653.25,625.5,0.9575,1,0,0,0
111,4,1,0,1,1,1,0.9858,0.9912,0.8115,0.8608,1201.0,353.0,923.0,338.5,1163.0,435.0,1066.0,404.5,278.3779,101.6821,0.3653,1,1,112,1
111,4,1,1,1,1,1,0.9888,0.9849,0.8838,0.8501,774.5,326.0,529.0,329.0,663.0,427.5,631.5,413.5,245.5183,34.471,0.1404,1,1,112,1
111,4,1,2,1,1,1,0.9917,0.9868,0.9302,0.8633,399.0,207.5,132.5,204.5,283.5,236.5,226.5,218.0,266.5169,59.927,0.2249,1,1,112,1
111,4,1,22,0,0,1,0.1505,0.2051,0.0917,0.1072,953.0,0.0,288.0,0.0,959.0,0.0,306.25,0.0,665.0,652.75,0.9816,1,0,0,0
112,3,0,0,1,1,1,0.9858,0.9912,0.8052,0.8516,1204.0,351.0,921.0,335.0,1152.0,434.0,1066.0,404.0,283.4519,91.0824,0.3213,1,1,113,1
112,3,0,1,1,1,1,0.9893,0.9863,0.8613,0.8213,790.0,326.5,524.0,329.0,670.5,435.0,627.5,424.0,266.0117,44.3847,0.1669,1,1,113,1
112,3,0,2,1,1,1,0.9922,0.9878,0.9287,0.8643,396.0,207.0,136.75,203.75,282.0,228.5,217.625,225.5,259.2704,64.4449,0.2486,1,1,113,1
113,3,0,0,1,1,1,0.9868,0.9883,0.8135,0.8345,1204.0,349.0,920.0,339.5,1153.0,433.0,1059.0,412.5,284.1588,96.2094,0.3386,1,1,114,1
113,3,0,1,1,1,1,0.9883,0.9878,0.8525,0.8345,790.5,325.0,530.0,329.0,671.5,424.5,627.5,424.0,260.5307,44.0028,0.1689,1,1,114,1
113,3,0,2,1,1,1,0.9922,0.9878,0.9287,0.8633,397.5,208.0,139.75,208.5,282.25,228.75,217.75,226.5,257.7505,64.5392,0.2504,1,1,114,1
114,4,1,0,1,1,1,0.9854,0.9912,0.8159,0.8643,1205.0,352.0,923.5,334.5,1153.0,433.5,1057.0,404.0,282.0434,100.4303,0.3561,1,1,115,1
114,4,1,1,1,1,1,0.9888,0.9854,0.8579,0.8115,787.5,325.0,516.0,329.0,673.5,425.5,627.0,424.0,271.5295,46.5242,0.1713,1,1,115,1
114,4,1,2,1,1,1,0.9917,0.9878,0.9248,0.8657,398.0,209.0,133.5,204.0,283.5,237.5,217.125,236.5,264.5473,66.3825,0.2509,1,1,115,1
114,4,1,23,0,0,1,0.1603,0.2026,0.1163,0.124,950.5,0.0,291.0,0.0,947.5,0.0,313.75,0.0,659.5,633.75,0.961,1,0,0,0
115,3,0,0,1,1,1,0.9854,0.9917,0.8008,0.8594,1204.0,351.0,919.5,334.5,1153.0,425.5,1067.0,403.5,284.9781,88.7694,0.3115,1,1,116,1
115,3,0,1,1,1,1,0.9897,0.9839,0.8701,0.7944,788.0,324.5,522.0,329.0,655.0,424.5,627.0,424.0,266.0381,28.0045,0.1053,1,1,116,1
115,3,0,2,1,1,1,0.9912,0.9878,0.9243,0.8662,400.0,213.5,141.25,209.5,282.5,228.5,226.25,228.0,258.7809,56.2522,0.2174,1,1,116,1
116,3,0,0,1,1,1,0.9868,0.9917,0.8018,0.8477,1206.0,354.5,918.5,338.5,1162.0,434.5,1066.0,403.5,287.9449,100.8811,0.3503,1,1,117,1
116,3,0,1,1,1,1,0.9878,0.9863,0.8696,0.8438,786.0,324.0,525.5,329.0,674.5,424.5,627.0,414.0,260.548,48.6467,0.1867,1,1,117,1
116,3,0,2,1,1,1,0.9917,0.9883,0.9243,0.8662,397.0,211.0,134.625,208.25,283.5,237.5,217.375,227.0,262.3894,66.9535,0.2552,1,1,117,1
117,4,1,0,1,1,1,0.9858,0.9883,0.8057,0.8389,1201.0,350.0,921.0,338.5,1152.0,431.0,1060.0,413.0,280.2361,93.7443,0.3345,1,1,118,1
117,4,1,1,1,1,1,0.9902,0.9858,0.8755,0.8208,790.0,325.5,518.0,328.5,673.5,424.5,628.5,423.0,272.0165,45.025,0.1655,1,1,118,1
117,4,1,2,1,1,1,0.9917,0.9868,0.9302,0.8638,400.0,211.5,138.5,208.5,283.0,236.5,226.0,218.5,261.5172,59.7746,0.2286,1,1,118,1
117,4,1,24,0,0,1,0.1451,0.1923,0.1188,0.1288,958.0,0.0,301.75,0.0,945.5,0.0,294.75,0.0,656.25,650.75,0.9916,1,0,0,0
118,3,0,0,1,1,1,0.9868,0.9868,0.8335,0.8408,1209.0,342.5,918.0,338.0,1141.0,424.5,1062.0,402.0,291.0348,82.1416,0.2822,1,1,119,1
118,3,0,1,1,1,1,0.9897,0.9858,0.877,0.8223,789.0,326.5,520.5,330.5,656.5,424.0,617.0,423.0,268.5298,39.5127,0.1471,1,1,119,1
118,3,0,2,1,1,1,0.9917,0.9868,0.9292,0.8618,398.75,208.5,135.25,204.5,283.5,237.0,226.0,227.5,263.5304,58.2795,0.2211,1,1,119,1
119,3,0,0,1,1,1,0.9888,0.9863,0.8369,0.8179,1213.0,349.5,919.0,344.0,1142.0,433.5,1060.0,402.0,294.0514,87.8422,0.2987,1,1,120,1
119,3,0,1,1,1,1,0.9893,0.9863,0.8696,0.8247,792.5,323.0,518.0,329.5,673.0,434.5,627.5,423.5,274.5769,46.8108,0.1705,1,1,120,1
119,3,0,2,1,1,1,0.9917,0.9883,0.9253,0.8672,402.25,213.25,130.875,209.75,283.5,228.0,216.875,217.0,271.3976,67.527,0.2488,1,1,120,1
120,4,1,0,1,1,1,0.9863,0.9917,0.8057,0.8496,1204.0,350.5,920.0,337.0,1144.0,424.5,1066.0,403.5,284.3207,80.7775,0.2841,1,1,121,1
120,4,1,1,1,1,1,0.9893,0.9863,0.8691,0.8267,784.0,323.5,522.5,328.0,674.0,425.0,628.5,423.5,261.5387,45.5247,0.1741,1,1,121,1
120,4,1,2,1,1,1,0.9937,0.9819,0.9302,0.8452,405.5,219.0,138.875,208.0,284.0,232.0,220.75,220.25,266.8518,64.3321,0.2411,1,1,121,1
120,4,1,25,0,0,1,0.1364,0.1697,0.1144,0.1197,951.5,0.0,299.0,0.0,939.0,0.0,315.25,0.0,652.5,623.75,0.9559,1,0,0,0
121,4,1,0,1,1,1,0.9883,0.9868,0.8301,0.8271,1208.0,347.0,917.5,342.0,1159.0,443.0,1061.0,403.0,290.543,105.8489,0.3643,1,1,122,1
121,4,1,1,1,1,1,0.9888,0.9863,0.8687,0.8242,794.0,326.0,527.0,335.0,672.5,424.5,626.0,423.0,267.1516,46.5242,0.1741,1,1,122,1
121,4,1,2,1,1,1,0.9937,0.9829,0.9312,0.8516,407.25,216.25,144.75,209.0,281.0,232.5,211.75,220.0,262.6001,70.3691,0.268,1,1,122,1
121,4,1,25,0,0,1,0.1349,0.1782,0.1041,0.1245,960.5,0.0,296.75,0.0,947.0,0.0,322.75,0.0,663.75,624.25,0.9405,1,0,0,0
122,3,0,0,1,1,1,0.9849,0.9912,0.7837,0.8457,1205.0,352.5,917.5,338.5,1153.0,434.0,1066.0,404.0,287.8407,92.0272,0.3197,1,1,123,1
122,3,0,1,1,1,1,0.9854,0.9883,0.8149,0.8267,785.0,328.0,519.5,327.5,677.0,440.0,623.5,415.5,265.5005,58.843,0.2216,1,1,123,1
122,3,0,2,1,1,1,0.9922,0.9873,0.9292,0.8652,398.5,211.25,137.5,207.5,283.0,227.75,217.75,217.5,261.0269,66.0502,0.253,1,1,123,1
123,3,0,0,1,1,1,0.9868,0.9917,0.8003,0.8452,1205.0,354.5,916.5,340.5,1153.0,433.5,1057.0,403.0,288.8395,100.7286,0.3487,1,1,124,1
123,3,0,1,1,1,1,0.9883,0.9883,0.8545,0.8403,788.5,319.0,523.0,323.0,673.0,433.5,628.0,414.5,265.5301,48.8467,0.184,1,1,124,1
123,3,0,2,1,1,1,0.9917,0.9883,0.9233,0.8662,400.5,213.0,130.125,209.0,283.5,238.5,217.5,227.25,270.4046,66.9519,0.2476,1,1,124,1
124,3,0,0,1,1,1,0.9868,0.9888,0.8135,0.8335,1207.0,350.0,918.5,341.5,1142.0,441.0,1051.0,403.0,288.6252,98.6154,0.3417,1,1,125,1
124,3,0,1,1,1,1,0.9902,0.9873,0.8628,0.8159,791.0,323.0,521.0,329.0,673.0,425.0,618.0,422.5,270.0667,55.0568,0.2039,1,1,125,1
124,3,0,2,1,1,1,0.9917,0.9878,0.9243,0.8633,396.0,212.0,133.625,208.25,283.5,237.0,226.5,219.0,262.4018,59.7746,0.2278,1,1,125,1
125,3,0,0,1,1,1,0.9863,0.9883,0.8149,0.835,1207.0,351.5,920.0,341.0,1144.0,431.0,1059.0,403.5,287.192,89.3378,0.3111,1,1,126,1
125,3,0,1,1,1,1,0.9897,0.9858,0.8599,0.7974,791.0,326.0,522.0,328.0,656.5,424.0,618.0,422.5,269.0074,38.5292,0.1432,1,1,126,1
125,3,0,2,1,1,1,0.9927,0.9858,0.9194,0.8677,407.5,221.25,134.25,207.5,283.0,226.0,223.25,225.0,273.5957,59.7584,0.2184,1,1,126,1
126,4,1,0,1,1,1,0.9868,0.9873,0.8071,0.814,1203.0,349.0,920.0,341.0,1153.0,432.0,1060.0,404.0,283.1131,97.1236,0.3431,1,1,127,1
126,4,1,1,1,1,1,0.9897,0.9863,0.8682,0.8208,787.5,318.0,523.0,323.0,656.0,423.5,627.0,423.5,264.5473,29.0,0.1096,1,1,127,1
126,4,1,2,1,1,1,0.9922,0.9858,0.9351,0.8608,398.5,211.75,138.75,208.0,283.0,237.0,226.75,228.25,259.7771,56.9265,0.2191,1,1,127,1
126,4,1,26,0,0,1,0.1605,0.1781,0.1076,0.0868,1014.0,0.0,358.75,0.0,935.0,0.0,299.0,0.0,655.25,636.0,0.9706,1,0,0,0
127,3,0,1,1,1,1,0.9883,0.9863,0.8516,0.8193,790.0,318.5,524.0,320.5,656.5,424.0,617.5,422.0,266.0075,39.0512,0.1468,1,1,128,1
127,3,0,0,1,1,1,0.9878,0.9883,0.8179,0.8213,1202.0,349.5,918.0,341.0,1143.0,432.5,1041.0,410.5,284.1272,104.3456,0.3672,1,1,128,1
127,3,0,2,1,1,1,0.9922,0.9883,0.9219,0.8594,398.0,211.5,137.75,207.75,282.5,237.0,218.125,227.0,260.277,65.1471,0.2503,1,1,128,1
128,4,1,0,1,1,1,0.9858,0.9917,0.8008,0.8623,1202.0,349.5,919.0,334.5,1154.0,434.5,1067.0,404.0,283.3972,92.1914,0.3253,1,1,129,1
128,4,1,1,1,1,1,0.9897,0.9849,0.8647,0.8013,789.0,317.5,522.0,323.0,656.5,424.0,626.5,422.5,267.0566,30.0375,0.1125,1,1,129,1
128,4,1,2,1,1,1,0.9932,0.9849,0.9238,0.8623,411.0,221.0,137.75,208.0,280.0,243.5,222.25,227.5,273.5591,59.9255,0.2191,1,1,129,1
128,4,1,27,0,0,1,0.1531,0.1942,0.1023,0.1089,958.0,0.0,293.0,0.0,944.5,0.0,304.25,0.0,665.0,640.25,0.9628,1,0,0,0
129,3,0,0,1,1,1,0.9868,0.9912,0.8179,0.853,1205.0,347.5,920.5,331.0,1153.0,433.5,1066.0,404.0,284.9781,91.8654,0.3224,1,1,130,1
129,3,0,1,1,1,1,0.9888,0.9868,0.8398,0.8018,789.5,323.5,517.5,328.0,655.5,424.5,627.0,422.5,272.0372,28.5701,0.105,1,1,130,1
129,3,0,2,1,1,1,0.9932,0.9849,0.9229,0.8613,414.5,222.25,143.25,207.75,280.25,239.0,222.25,226.0,271.6373,59.439,0.2188,1,1,130,1
130,3,0,0,1,1,1,0.9873,0.9878,0.8232,0.833,1200.0,350.0,919.0,340.0,1144.0,432.0,1060.0,404.0,281.1779,88.5438,0.3149,1,1,131,1
130,3,0,1,1,1,1,0.9893,0.9863,0.8535,0.8052,791.0,322.0,522.0,331.0,656.5,424.0,626.0,413.0,269.1505,32.423,0.1205,1,1,131,1
130,3,0,2,1,1,1,0.9941,0.9824,0.9341,0.8447,415.0,227.5,140.625,216.0,280.5,239.5,221.0,227.0,274.6159,60.7988,0.2214,1,1,131,1
131,4,1,0,1,1,1,0.9878,0.9873,0.8237,0.832,1202.0,352.0,917.0,337.5,1146.0,431.5,1060.0,403.0,285.3686,90.5994,0.3175,1,1,132,1
131,4,1,1,1,1,1,0.9902,0.9873,0.8618,0.8149,790.0,319.0,520.5,328.0,657.0,424.0,626.0,413.5,269.6502,32.73,0.1214,1,1,132,1
131,4,1,2,1,1,1,0.9932,0.9839,0.9268,0.8574,411.5,227.5,139.75,213.5,281.75,235.5,222.0,226.0,272.1104,60.5005,0.2223,1,1,132,1
131,4,1,28,0,0,1,0.1276,0.1837,0.0964,0.1154,961.0,0.0,298.5,0.0,983.5,0.0,315.0,0.0,662.5,668.5,1.0091,1,0,0,0
132,4,1,0,1,1,1,0.9873,0.9912,0.8096,0.8433,1206.0,353.0,918.5,339.0,1162.0,444.0,1066.0,404.0,287.8407,104.0,0.3613,1,1,133,1
132,4,1,1,1,1,1,0.9883,0.9858,0.8599,0.812,792.5,322.0,524.5,332.0,673.0,425.0,626.5,423.0,268.1865,46.543,0.1735,1,1,133,1
132,4,1,2,1,1,1,0.9927,0.9844,0.9243,0.8647,409.5,224.0,135.625,209.0,282.5,236.0,213.875,235.0,274.2855,68.6323,0.2502,1,1,133,1
132,4,1,28,0,0,1,0.1562,0.2157,0.1136,0.1295,956.0,0.0,303.75,0.0,947.5,0.0,296.25,0.0,652.25,651.25,0.9985,1,0,0,0
133,4,1,1,1,1,1,0.9893,0.9858,0.8687,0.8242,790.5,323.0,524.0,328.0,656.0,423.0,628.0,404.5,266.5469,33.5596,0.1259,1,1,134,1
133,4,1,0,1,1,1,0.9858,0.9907,0.7891,0.8374,1208.0,352.0,918.5,339.0,1162.0,435.0,1066.0,403.5,289.7917,101.0359,0.3486,1,1,134,1
133,4,1,2,1,1,1,0.9932,0.9814,0.9331,0.8506,413.5,219.25,146.625,208.5,288.75,231.5,220.125,220.5,267.0914,69.501,0.2602,1,1,134,1
133,4,1,28,0,0,1,0.1562,0.1743,0.1174,0.1118,950.0,0.0,287.75,0.0,957.0,0.0,307.0,0.0,662.25,650.0,0.9815,1,0,0,0
134,3,0,1,1,1,1,0.9897,0.9854,0.877,0.8159,789.5,330.0,521.5,332.5,674.0,425.0,627.5,423.5,268.0117,46.5242,0.1736,1,1,135,1
134,3,0,0,1,1,1,0.9863,0.9902,0.8198,0.8491,1202.0,352.0,921.0,338.5,1152.0,434.0,1066.0,404.5,281.3241,90.9189,0.3232,1,1,135,1
134,3,0,2,1,1,1,0.9932,0.9834,0.9287,0.8599,409.5,221.75,138.625,205.5,273.75,235.0,213.0,225.0,271.362,61.5675,0.2269,1,1,135,1
135,3,0,0,1,1,1,0.9854,0.9907,0.813,0.855,1201.0,351.5,919.0,338.0,1145.0,425.0,1066.0,403.5,282.323,81.8734,0.29,1,1,136,1
135,3,0,1,1,1,1,0.9883,0.9858,0.8535,0.8193,791.0,317.5,521.0,323.5,657.5,424.0,626.0,422.5,270.0667,31.5357,0.1168,1,1,136,1
135,3,0,2,1,1,1,0.9922,0.9878,0.9297,0.8633,401.0,207.0,130.25,204.5,282.5,237.0,217.25,226.5,270.7615,66.0894,0.2441,1,1,136,1
136,3,0,0,1,1,1,0.9863,0.9912,0.8042,0.8477,1201.0,353.0,920.0,338.0,1154.0,425.0,1067.0,403.0,281.4001,89.7385,0.3189,1,1,137,1
136,3,0,1,1,1,1,0.9883,0.9858,0.853,0.8096,788.5,323.0,520.5,330.5,656.0,433.0,628.0,405.5,268.1049,39.246,0.1464,1,1,137,1
136,3,0,2,1,1,1,0.9941,0.981,0.936,0.8301,411.75,219.5,140.75,208.75,282.0,232.0,220.875,220.5,271.2131,62.1974,0.2293,1,1,137,1
137,3,0,1,1,1,1,0.9897,0.9858,0.8599,0.792,791.5,325.0,520.0,333.5,657.5,424.5,617.0,422.0,271.633,40.5771,0.1494,1,1,138,1
137,3,0,0,1,1,1,0.9873,0.9858,0.8354,0.8271,1201.0,351.0,923.0,338.5,1161.0,450.0,1059.0,414.5,278.2809,108.0012,0.3881,1,1,138,1
137,3,0,2,1,1,1,0.9932,0.9839,0.9268,0.8564,409.25,221.5,141.875,208.5,282.0,239.0,222.25,236.0,267.6908,59.8253,0.2235,1,1,138,1
138,3,0,1,1,1,1,0.9893,0.9863,0.855,0.8086,796.0,322.0,521.0,327.0,655.5,424.0,626.5,422.5,275.0455,29.0388,0.1056,1,1,139,1
138,3,0,0,1,1,1,0.9849,0.9912,0.7827,0.8423,1204.0,349.0,918.5,332.5,1162.0,433.5,1066.0,404.0,285.9764,100.4303,0.3512,1,1,139,1
138,3,0,2,1,1,1,0.9922,0.9858,0.9336,0.856,399.5,211.5,133.25,211.25,273.75,238.5,217.625,227.5,266.2501,57.1928,0.2148,1,1,139,1
139,4,1,0,1,1,1,0.9878,0.9883,0.8223,0.8271,1202.0,348.5,918.5,341.5,1152.0,431.5,1059.0,412.5,283.5864,94.921,0.3347,1,1,140,1
139,4,1,1,1,1,1,0.9888,0.9858,0.8574,0.8096,788.5,318.0,522.5,327.5,664.5,422.5,628.0,404.5,266.1696,40.6971,0.1529,1,1,140,1
139,4,1,2,1,1,1,0.9932,0.9844,0.9243,0.8633,406.75,228.0,137.125,212.5,282.0,239.5,223.125,227.0,270.0702,60.1873,0.2229,1,1,140,1
139,4,1,29,0,0,1,0.1494,0.1833,0.1124,0.1124,938.0,0.0,297.75,0.0,950.0,0.0,325.25,0.0,640.25,624.75,0.9758,1,0,0,0
140,3,0,0,1,1,1,0.9883,0.9888,0.8154,0.8301,1207.0,354.0,918.0,339.5,1161.0,440.5,1061.0,404.0,289.3635,106.453,0.3679,1,1,141,1
140,3,0,1,1,1,1,0.9888,0.9858,0.8574,0.811,791.5,324.0,524.0,328.5,656.0,424.5,617.5,422.5,267.5378,38.5519,0.1441,1,1,141,1
140,3,0,2,1,1,1,0.9917,0.9868,0.9316,0.8691,398.25,204.0,139.875,204.25,283.5,227.5,217.875,227.0,258.3751,65.6269,0.254,1,1,141,1
141,3,0,0,1,1,1,0.9868,0.9907,0.8218,0.8521,1207.0,349.5,919.0,334.5,1142.0,424.0,1056.0,402.5,288.3904,88.6468,0.3074,1,1,142,1
141,3,0,1,1,1,1,0.9888,0.9844,0.876,0.8276,786.0,329.0,520.5,332.0,674.0,426.5,621.5,412.0,265.5169,54.4656,0.2051,1,1,142,1
141,3,0,2,1,1,1,0.9922,0.9868,0.9302,0.8608,393.5,214.0,135.5,210.0,283.5,237.5,218.5,228.0,258.031,65.6906,0.2546,1,1,142,1
142,3,0,0,1,1,1,0.9873,0.9878,0.8223,0.8267,1206.0,349.5,918.0,341.5,1142.0,432.5,1057.0,412.0,288.1111,87.4371,0.3035,1,1,143,1
142,3,0,1,1,1,1,0.9814,0.9888,0.7979,0.8535,786.5,325.0,521.5,330.0,659.5,421.5,633.0,415.5,265.0472,27.1708,0.1025,1,1,143,1
142,3,0,2,1,1,1,0.9937,0.9839,0.9243,0.8452,410.5,218.5,136.0,207.5,282.0,232.5,211.25,219.5,274.7203,71.9344,0.2618,1,1,143,1
143,4,1,0,1,1,1,0.9849,0.9912,0.7827,0.8462,1208.0,355.0,918.5,338.0,1161.0,434.5,1057.0,403.0,289.9987,108.6658,0.3747,1,1,144,1
143,4,1,1,1,1,1,0.9863,0.9858,0.8369,0.7881,787.0,322.0,524.0,331.0,664.0,417.5,615.0,430.5,263.1539,50.6952,0.1926,1,1,144,1
143,4,1,2,1,1,1,0.9917,0.9873,0.9229,0.8599,395.0,213.0,137.75,210.5,283.25,237.0,227.0,219.0,257.2621,59.0598,0.2296,1,1,144,1
143,4,1,30,0,0,1,0.1536,0.1858,0.0871,0.0899,952.0,0.0,295.0,0.0,938.0,0.0,287.5,0.0,657.0,650.5,0.9901,1,0,0,0
144,3,0,1,1,1,1,0.9897,0.9854,0.8638,0.7959,788.0,321.0,520.0,328.5,662.5,425.0,610.5,421.5,268.1049,52.1177,0.1944,1,1,145,1
144,3,0,0,1,1,1,0.9878,0.9883,0.8193,0.8237,1206.0,353.5,917.0,339.0,1162.0,433.0,1059.0,411.5,289.3635,105.22,0.3636,1,1,145,1
144,3,0,2,1,1,1,0.9937,0.9839,0.9272,0.8555,407.0,219.0,142.375,207.5,281.0,230.0,222.0,226.5,264.8748,59.1037,0.2231,1,1,145,1
145,3,0,1,1,1,1,0.9878,0.9868,0.8652,0.8408,789.0,324.0,528.0,331.0,655.5,424.0,627.0,414.5,261.0939,30.0416,0.1151,1,1,146,1
145,3,0,0,1,1,1,0.9873,0.9883,0.8486,0.8506,1205.0,344.5,926.0,338.0,1151.0,438.0,1060.0,409.0,279.0757,95.5092,0.3422,1,1,146,1
145,3,0,2,1,1,1,0.9932,0.9834,0.9307,0.8647,405.5,225.5,139.25,213.5,281.5,240.5,213.5,236.0,266.5203,68.1487,0.2557,1,1,146,1
146,4,1,0,1,1,1,0.9844,0.9922,0.7915,0.8667,1205.0,352.0,918.5,341.0,1152.0,434.5,1049.0,402.5,286.7111,107.8564,0.3762,1,1,147,1
146,4,1,1,1,1,1,0.9897,0.9854,0.8784,0.8193,788.0,325.0,521.5,331.5,657.5,424.5,617.5,422.5,266.5793,40.05,0.1502,1,1,147,1
146,4,1,2,1,1,1,0.9917,0.9878,0.9287,0.873,392.75,209.75,135.75,207.75,281.25,238.0,218.125,228.0,257.0078,63.9122,0.2487,1,1,147,1
146,4,1,31,0,0,1,0.1921,0.2351,0.1097,0.1086,971.0,0.0,312.5,0.0,960.5,0.0,258.75,0.0,658.5,701.75,1.0657,1,0,0,0
147,4,1,0,1,1,1,0.9873,0.9888,0.7998,0.8257,1206.0,353.5,918.0,344.5,1144.0,449.0,1060.0,404.0,288.1406,95.2943,0.3307,1,1,148,1
147,4,1,1,1,1,1,0.9863,0.9868,0.8599,0.853,786.5,326.0,520.5,331.5,674.5,425.0,627.0,423.5,266.0569,47.5237,0.1786,1,1,148,1
147,4,1,2,1,1,1,0.9927,0.9844,0.9268,0.8706,414.0,226.0,140.25,210.5,280.25,239.0,222.0,227.0,274.1885,59.4732,0.2169,1,1,148,1
147,4,1,31,0,0,1,0.1478,0.1661,0.1058,0.0953,950.0,0.0,293.0,0.0,948.0,0.0,305.0,0.0,657.0,643.0,0.9787,1,0,0,0
148,3,0,0,1,1,1,0.9868,0.9902,0.8271,0.8545,1205.0,350.5,922.5,342.5,1152.0,429.0,1060.0,400.0,282.6133,96.4624,0.3413,1,1,149,1
148,3,0,1,1,1,1,0.9888,0.9868,0.8604,0.8271,789.5,327.0,520.0,334.5,656.5,424.5,626.5,423.0,269.6043,30.0375,0.1114,1,1,149,1
148,3,0,2,1,1,1,0.9922,0.9844,0.9238,0.874,406.5,225.25,138.75,213.0,274.0,240.0,213.125,226.0,268.0301,62.4641,0.233,1,1,149,1
149,3,0,0,1,1,1,0.9863,0.9912,0.8081,0.8501,1206.0,351.5,917.0,338.5,1154.0,426.0,1066.0,403.0,289.2922,90.956,0.3144,1,1,150,1
149,3,0,1,1,1,1,0.9893,0.9878,0.8569,0.8208,791.5,318.5,520.0,327.0,665.0,434.0,616.5,423.0,271.633,49.7318,0.1831,1,1,150,1
149,3,0,2,1,1,1,0.9917,0.9868,0.9307,0.8633,392.75,210.5,135.125,210.5,283.0,228.5,218.0,218.5,257.625,65.7647,0.2553,1,1,150,1
150,3,0,0,1,1,1,0.9888,0.9858,0.8408,0.8159,1205.0,349.5,916.5,338.0,1143.0,431.5,1060.0,404.0,288.7291,87.4371,0.3028,1,1,151,1
150,3,0,1,1,1,1,0.9883,0.9873,0.8403,0.8145,791.5,327.5,518.0,337.5,674.5,425.0,617.0,422.0,273.6828,57.5782,0.2104,1,1,151,1
150,3,0,2,1,1,1,0.9917,0.9873,0.9238,0.8613,402.5,211.5,133.0,208.5,282.0,237.0,227.0,228.0,269.5167,55.7315,0.2068,1,1,151,1
151,4,1,0,1,1,1,0.9849,0.9902,0.7983,0.8418,1206.0,355.0,919.0,338.0,1152.0,433.0,1066.0,404.5,287.503,90.5994,0.3151,1,1,152,1
151,4,1,1,1,1,1,0.9873,0.9839,0.8364,0.7803,789.0,324.5,518.5,329.5,657.5,425.0,617.0,422.0,270.5462,40.611,0.1501,1,1,152,1
151,4,1,2,1,1,1,0.9927,0.9863,0.9312,0.853,400.0,212.25,135.75,208.0,291.75,237.5,225.875,219.0,264.2842,68.4234,0.2589,1,1,152,1
151,4,1,32,0,0,1,0.1626,0.1921,0.1186,0.1207,944.5,0.0,293.25,0.0,949.0,0.0,326.5,0.0,651.25,622.5,0.9559,1,0,0,0
152,4,1,0,1,1,1,0.9878,0.9888,0.8047,0.8213,1204.0,349.0,916.0,341.0,1145.0,432.0,1059.0,412.0,288.1111,88.295,0.3065,1,1,153,1
152,4,1,1,1,1,1,0.9888,0.9854,0.8589,0.8125,791.5,327.0,520.5,334.0,673.0,435.0,610.0,422.5,271.0904,64.2281,0.2369,1,1,153,1
152,4,1,2,1,1,1,0.9917,0.9878,0.9229,0.8623,400.0,206.5,136.875,205.0,265.0,227.5,226.5,218.25,263.1293,39.5956,0.1505,1,1,153,1
152,4,1,32,0,0,1,0.156,0.1892,0.1236,0.1235,956.5,0.0,295.75,0.0,938.0,0.0,314.0,0.0,660.75,624.0,0.9444,1,0,0,0
153,3,0,0,1,1,1,0.9873,0.9873,0.8247,0.8291,1203.0,349.0,917.5,341.0,1145.0,431.5,1059.0,403.5,285.6121,90.4434,0.3167,1,1,154,1
153,3,0,1,1,1,1,0.9873,0.9883,0.8115,0.8013,793.0,326.5,521.0,335.5,655.5,425.0,599.5,430.0,272.1489,56.2228,0.2066,1,1,154,1
153,3,0,2,1,1,1,0.9917,0.9883,0.9224,0.8613,396.5,206.0,132.0,202.75,283.25,237.0,218.5,227.0,264.52,65.5177,0.2477,1,1,154,1
154,3,0,0,1,1,1,0.9849,0.9912,0.7822,0.8457,1203.0,354.5,919.0,338.5,1153.0,434.0,1067.0,404.0,284.4503,91.0824,0.3202,1,1,155,1
154,3,0,1,1,1,1,0.9883,0.9858,0.8369,0.7964,791.5,327.0,518.0,332.0,656.0,433.0,601.0,421.5,273.5457,56.1894,0.2054,1,1,155,1
154,3,0,2,1,1,1,0.9932,0.9849,0.9238,0.8638,407.25,221.0,142.375,208.0,282.75,229.5,222.75,226.5,265.1938,60.075,0.2265,1,1,155,1
155,3,0,1,1,1,1,0.9893,0.9858,0.8594,0.7983,792.0,326.0,520.5,331.0,666.0,424.0,609.0,421.0,271.546,57.0789,0.2102,1,1,156,1
155,3,0,0,1,1,1,0.9883,0.9868,0.8315,0.8247,1203.0,349.5,919.0,338.5,1153.0,432.0,1060.0,404.0,284.2129,97.1236,0.3417,1,1,156,1
155,3,0,2,1,1,1,0.9932,0.9834,0.9272,0.8555,410.75,217.5,143.5,209.5,281.0,241.5,221.0,221.75,267.3697,63.1669,0.2363,1,1,156,1
156,3,0,0,1,1,1,0.9883,0.9883,0.8335,0.8354,1202.0,349.0,918.0,340.5,1144.0,432.0,1051.0,411.5,284.1272,95.2326,0.3352,1,1,157,1
156,3,0,1,1,1,1,0.9897,0.9863,0.8604,0.7993,793.0,324.0,518.5,332.0,656.0,425.0,599.5,420.5,274.6166,56.6789,0.2064,1,1,157,1
156,3,0,2,1,1,1,0.9932,0.9854,0.9214,0.8589,410.25,221.75,138.75,207.75,283.25,238.5,213.375,226.0,271.8607,70.9843,0.2611,1,1,157,1
157,3,0,1,1,1,1,0.9883,0.9863,0.8486,0.8145,793.0,326.5,519.0,332.0,664.5,434.0,600.0,421.5,274.0552,65.7001,0.2397,1,1,158,1
157,3,0,0,1,1,1,0.9863,0.9893,0.835,0.8647,1200.0,347.5,926.0,338.0,1151.0,429.5,1061.0,409.5,274.1646,92.1954,0.3363,1,1,158,1
157,3,0,2,1,1,1,0.9937,0.9844,0.9272,0.8569,409.25,220.0,137.25,208.5,281.25,240.0,213.125,235.0,272.243,68.3082,0.2509,1,1,158,1
158,3,0,0,1,1,1,0.9873,0.9883,0.8291,0.8452,1202.0,349.5,919.5,340.5,1144.0,431.5,1051.0,411.5,282.6433,95.1262,0.3366,1,1,159,1
158,3,0,1,1,1,1,0.9893,0.9863,0.8511,0.7969,795.0,323.5,517.5,331.5,657.0,425.0,608.5,420.5,277.6153,48.7083,0.1755,1,1,159,1
158,3,0,2,1,1,1,0.9937,0.9844,0.9258,0.856,411.5,228.0,143.25,213.25,281.0,236.0,212.875,235.0,268.6552,68.1323,0.2536,1,1,159,1
159,3,0,0,1,1,1,0.9868,0.9917,0.8081,0.8516,1206.0,354.5,916.5,340.0,1153.0,433.5,1049.0,402.0,289.8629,108.6658,0.3749,1,1,160,1
159,3,0,1,1,1,1,0.9883,0.9854,0.8613,0.8159,786.0,323.0,523.0,329.5,657.5,433.5,617.5,423.0,263.0803,41.3552,0.1572,1,1,160,1
159,3,0,2,1,1,1,0.9932,0.9858,0.9209,0.8599,416.5,221.75,136.625,207.0,280.25,239.0,221.75,226.0,280.2634,59.927,0.2138,1,1,160,1
160,4,1,1,1,1,1,0.9888,0.9854,0.8643,0.8071,791.0,321.5,526.5,329.5,663.5,433.0,617.0,423.0,264.621,47.5631,0.1797,1,1,161,1
160,4,1,0,1,1,1,0.9863,0.9878,0.7979,0.8213,1205.0,350.0,918.0,339.0,1145.0,432.0,1059.0,412.5,287.2107,88.183,0.307,1,1,161,1
160,4,1,2,1,1,1,0.9912,0.9863,0.9307,0.8662,397.75,211.5,136.75,208.75,283.0,238.0,227.25,228.0,261.0145,56.6398,0.217,1,1,161,1
160,4,1,33,0,0,1,0.1348,0.1837,0.1005,0.1178,964.0,0.0,299.75,0.0,964.0,0.0,305.0,0.0,664.25,659.0,0.9921,1,0,0,0
161,3,0,1,1,1,1,0.9878,0.9863,0.8496,0.8169,790.0,326.0,521.0,335.0,656.5,424.5,626.5,422.5,269.1505,30.0666,0.1117,1,1,162,1
161,3,0,0,1,1,1,0.9854,0.9897,0.8086,0.8564,1203.0,343.0,922.5,333.5,1152.0,429.0,1061.0,400.0,280.6608,95.5092,0.3403,1,1,162,1
161,3,0,2,1,1,1,0.9937,0.9829,0.9302,0.8447,408.5,217.0,141.5,208.75,280.5,233.0,221.25,220.25,267.1274,60.6063,0.2269,1,1,162,1
162,4,1,0,1,1,1,0.9839,0.9917,0.7778,0.8525,1203.0,354.0,920.5,337.5,1145.0,424.0,1056.0,403.0,282.9814,91.444,0.3231,1,1,163,1
162,4,1,1,1,1,1,0.9888,0.9878,0.853,0.8286,788.0,322.0,519.5,331.5,665.5,424.0,609.5,421.0,268.668,56.0803,0.2087,1,1,163,1
162,4,1,2,1,1,1,0.9937,0.9839,0.9258,0.8496,410.5,217.75,138.0,208.5,282.0,232.5,211.875,220.5,272.657,71.1443,0.2609,1,1,163,1
162,4,1,34,0,0,1,0.1533,0.1776,0.1017,0.1002,944.0,0.0,291.75,0.0,958.0,0.0,288.75,0.0,652.25,669.25,1.0261,1,0,0,0
163,3,0,1,1,1,1,0.9902,0.9854,0.8745,0.8096,791.0,329.0,518.5,335.0,674.0,434.5,609.5,422.0,272.566,65.7001,0.241,1,1,164,1
163,3,0,0,1,1,1,0.9863,0.9917,0.8062,0.8535,1200.0,347.5,916.5,334.5,1155.0,434.0,1057.0,402.5,283.7979,102.9381,0.3627,1,1,164,1
163,3,0,2,1,1,1,0.9917,0.9883,0.9233,0.8643,398.0,208.25,131.25,208.75,283.0,229.25,227.5,227.5,266.7505,55.5276,0.2082,1,1,164,1
164,3,0,0,1,1,1,0.9858,0.9888,0.7832,0.8232,1206.0,349.0,917.0,341.0,1145.0,432.0,1059.0,403.0,289.1107,90.7579,0.3139,1,1,165,1
164,3,0,1,1,1,1,0.9888,0.9868,0.8623,0.8247,791.0,326.0,521.5,334.5,657.0,424.0,626.0,423.0,269.634,31.0161,0.115,1,1,165,1
164,3,0,2,1,1,1,0.9927,0.9839,0.9229,0.8594,410.5,217.25,143.125,209.25,281.5,233.0,220.75,220.5,267.4947,62.0227,0.2319,1,1,165,1
165,3,0,0,1,1,1,0.9873,0.9883,0.7847,0.8081,1208.0,352.0,914.5,341.0,1162.0,440.5,1060.0,403.0,293.7061,108.675,0.37,1,1,166,1
165,3,0,1,1,1,1,0.9888,0.9863,0.8496,0.8091,788.5,330.0,518.0,337.0,658.0,424.5,609.5,430.0,270.5906,48.8109,0.1804,1,1,166,1
165,3,0,2,1,1,1,0.9927,0.9858,0.917,0.8633,405.0,222.5,138.5,207.0,281.75,239.0,223.5,226.5,266.9504,59.5761,0.2232,1,1,166,1
166,3,0,0,1,1,1,0.9873,0.9888,0.8052,0.8306,1208.0,350.5,917.0,342.5,1154.0,451.0,1058.0,413.0,291.1099,103.2473,0.3547,1,1,167,1
166,3,0,1,1,1,1,0.9888,0.9883,0.8516,0.8296,789.5,326.5,521.0,334.5,656.5,424.5,617.0,422.5,268.6192,39.5506,0.1472,1,1,167,1
166,3,0,2,1,1,1,0.9927,0.9868,0.9321,0.856,396.0,212.0,134.375,208.0,282.75,237.0,226.5,219.5,261.6556,58.9094,0.2251,1,1,167,1
167,3,0,0,1,1,1,0.9868,0.9907,0.7979,0.8315,1206.0,352.0,916.0,338.5,1154.0,434.0,1066.0,403.0,290.3141,93.3006,0.3214,1,1,168,1
167,3,0,1,1,1,1,0.9883,0.9863,0.8667,0.8345,791.0,324.0,521.0,329.5,664.0,424.5,600.0,421.0,270.056,64.0956,0.2373,1,1,168,1
167,3,0,2,1,1,1,0.9932,0.9839,0.9253,0.8643,405.5,222.5,138.375,207.0,281.75,238.5,223.375,227.0,267.5743,59.497,0.2224,1,1,168,1
168,3,0,0,1,1,1,0.9863,0.9912,0.8101,0.8535,1204.0,354.0,916.0,338.5,1154.0,434.0,1066.0,403.5,288.4168,93.1357,0.3229,1,1,169,1
168,3,0,1,1,1,1,0.9878,0.9873,0.8574,0.8384,789.5,326.5,519.5,332.5,664.0,433.0,618.5,423.0,270.0667,46.5859,0.1725,1,1,169,1
168,3,0,2,1,1,1,0.9917,0.9868,0.9302,0.8604,394.5,208.0,136.75,208.5,283.25,228.75,226.75,227.5,257.7505,56.5138,0.2193,1,1,169,1
169,3,0,1,1,1,1,0.9878,0.9863,0.8618,0.8315,789.0,326.5,522.5,335.0,672.5,434.0,618.0,423.5,266.6355,55.5023,0.2082,1,1,170,1
169,3,0,0,1,1,1,0.9863,0.9912,0.8032,0.8481,1209.0,351.5,919.0,339.0,1162.0,435.0,1066.0,403.5,290.2693,101.0359,0.3481,1,1,170,1
169,3,0,2,1,1,1,0.9917,0.9868,0.9287,0.8618,397.0,211.0,136.375,208.5,283.0,228.75,227.375,227.5,260.637,55.639,0.2135,1,1,170,1
170,3,0,0,1,1,1,0.9854,0.9907,0.7954,0.8389,1201.0,353.0,916.5,340.5,1156.0,425.5,1066.0,402.5,284.7745,92.8924,0.3262,1,1,171,1
170,3,0,1,1,1,1,0.9888,0.9854,0.8604,0.8115,788.5,323.0,523.5,329.0,672.5,424.5,619.0,422.5,265.0679,53.5374,0.202,1,1,171,1
170,3,0,2,1,1,1,0.9932,0.9854,0.9204,0.8604,414.0,222.5,144.625,208.0,271.25,239.0,222.625,226.75,269.765,50.1443,0.1859,1,1,171,1
171,3,0,0,1,1,1,0.9883,0.9878,0.814,0.8223,1211.0,341.0,919.0,339.5,1150.0,442.5,1054.0,401.5,292.0039,104.3887,0.3575,1,1,172,1
171,3,0,1,1,1,1,0.9883,0.9878,0.8535,0.833,786.0,328.0,520.0,337.0,657.0,424.0,626.5,414.0,266.1522,32.0975,0.1206,1,1,172,1
171,3,0,2,1,1,1,0.9927,0.9844,0.9258,0.8657,406.75,217.0,141.25,208.0,273.5,239.0,213.625,227.5,265.6525,60.9694,0.2295,1,1,172,1
172,4,1,0,1,1,1,0.9854,0.9917,0.7998,0.8589,1206.0,353.5,922.5,338.5,1154.0,425.5,1065.0,403.0,283.8965,91.8001,0.3234,1,1,173,1
172,4,1,2,1,1,1,0.9927,0.9878,0.9268,0.8555,394.75,205.0,132.625,205.25,283.5,228.5,218.5,226.5,262.1251,65.0308,0.2481,1,1,173,1
172,4,1,1,1,1,1,0.9883,0.9888,0.8413,0.8369,789.5,326.0,522.5,328.5,656.5,424.5,627.5,423.0,267.0117,29.0388,0.1088,1,1,173,1
172,4,1,35,0,0,1,0.1456,0.2125,0.096,0.1155,965.5,0.0,293.5,0.0,945.0,0.0,303.0,0.0,672.0,642.0,0.9554,1,0,0,0
173,4,1,0,1,1,1,0.9883,0.9868,0.8286,0.8228,1202.0,352.0,920.0,338.5,1145.0,431.0,1060.0,403.5,282.323,89.3378,0.3164,1,1,174,1
173,4,1,1,1,1,1,0.9829,0.9883,0.8066,0.8418,787.0,325.5,521.5,332.0,668.0,422.0,604.5,422.0,265.5796,63.5,0.2391,1,1,174,1
173,4,1,2,1,1,1,0.9912,0.9868,0.9268,0.8652,397.0,210.5,131.5,210.5,265.5,237.0,217.625,218.0,265.5,51.5074,0.194,1,1,174,1
173,4,1,35,0,0,1,0.1268,0.1715,0.1115,0.1327,951.0,0.0,298.0,0.0,966.0,0.0,333.75,0.0,653.0,632.25,0.9682,1,0,0,0
174,3,0,0,1,1,1,0.9873,0.9873,0.812,0.8188,1202.0,353.0,916.5,340.5,1144.0,431.5,1059.0,403.0,285.7735,89.6507,0.3137,1,1,175,1
174,3,0,1,1,1,1,0.9893,0.9858,0.8721,0.8247,789.0,328.5,521.0,334.5,657.0,424.5,609.5,421.5,268.0672,47.5946,0.1775,1,1,175,1
174,3,0,2,1,1,1,0.9927,0.9849,0.9238,0.8618,406.75,224.5,139.875,213.75,280.5,239.5,214.0,226.5,267.0914,67.7588,0.2537,1,1,175,1
175,3,0,0,1,1,1,0.9878,0.9883,0.8115,0.8296,1202.0,350.5,913.0,341.0,1163.0,432.0,1060.0,403.0,289.1561,107.0047,0.3701,1,1,176,1
175,3,0,1,1,1,1,0.9902,0.9854,0.8779,0.814,786.5,329.0,516.5,330.0,658.0,424.0,609.5,421.5,270.0019,48.5644,0.1799,1,1,176,1
175,3,0,2,1,1,1,0.9917,0.9863,0.9282,0.855,397.5,213.5,134.0,211.0,273.75,238.0,227.25,228.75,263.5119,47.4111,0.1799,1,1,176,1
176,3,0,1,1,1,1,0.9883,0.9854,0.8584,0.8218,784.0,325.5,520.0,331.0,664.5,424.5,602.0,430.5,264.0573,62.7873,0.2378,1,1,177,1
176,3,0,0,1,1,1,0.9863,0.9917,0.7939,0.853,1203.0,349.0,919.0,332.5,1154.0,433.0,1067.0,403.0,284.4789,92.0272,0.3235,1,1,177,1
176,3,0,2,1,1,1,0.9917,0.9868,0.9263,0.8638,398.5,210.5,134.375,211.0,282.25,237.5,217.375,227.5,264.1255,65.6412,0.2485,1,1,177,1
177,3,0,0,1,1,1,0.9858,0.9917,0.7749,0.8389,1206.0,353.5,914.0,334.5,1155.0,434.0,1066.0,403.0,292.6175,94.2444,0.3221,1,1,178,1
177,3,0,1,1,1,1,0.9883,0.9878,0.853,0.8315,788.5,323.0,526.0,331.5,657.0,433.0,625.5,423.5,262.6376,32.9014,0.1253,1,1,178,1
177,3,0,2,1,1,1,0.9917,0.9878,0.9272,0.8721,391.5,210.0,133.75,210.5,266.5,228.25,218.125,227.0,257.7505,48.3911,0.1877,1,1,178,1
178,3,0,0,1,1,1,0.9858,0.9912,0.8008,0.8481,1209.0,354.5,919.0,338.0,1162.0,426.5,1056.0,402.0,290.469,108.7945,0.3745,1,1,179,1
178,3,0,2,1,1,1,0.9917,0.9863,0.9302,0.8589,397.25,211.0,138.0,210.25,273.25,237.0,217.5,218.5,259.2511,58.7394,0.2266,1,1,179,1
178,3,0,1,1,1,1,0.9883,0.9868,0.8472,0.8115,793.5,326.0,521.5,334.5,657.0,424.0,616.5,421.5,272.1328,40.5771,0.1491,1,1,179,1
179,4,1,0,1,1,1,0.9868,0.9883,0.7944,0.8164,1208.0,349.5,917.5,337.5,1160.0,433.0,1059.0,412.0,290.7477,103.1601,0.3548,1,1,180,1
179,4,1,1,1,1,1,0.9888,0.9863,0.8804,0.8477,789.0,327.0,521.0,333.5,663.5,428.0,612.5,421.5,268.0788,51.4125,0.1918,1,1,180,1
179,4,1,2,1,1,1,0.9932,0.9844,0.9272,0.8604,405.75,219.75,141.125,208.5,281.25,240.0,213.875,236.0,264.864,67.4936,0.2548,1,1,180,1
179,4,1,36,0,0,1,0.1501,0.2167,0.1,0.1254,956.0,0.0,297.0,0.0,955.0,0.0,304.25,0.0,659.0,650.75,0.9875,1,0,0,0
180,3,0,0,1,1,1,0.9878,0.9873,0.8237,0.8271,1203.0,349.0,915.0,340.5,1162.0,432.0,1060.0,403.0,288.1254,106.0424,0.368,1,1,181,1
180,3,0,1,1,1,1,0.9883,0.9858,0.8594,0.8149,780.5,325.5,519.5,333.5,665.5,434.0,619.5,423.5,261.1226,47.1832,0.1807,1,1,181,1
180,3,0,2,1,1,1,0.9927,0.9868,0.9326,0.853,396.5,210.75,134.75,210.75,280.5,237.5,219.375,228.25,261.75,61.8209,0.2362,1,1,181,1
181,3,0,0,1,1,1,0.9844,0.9907,0.7871,0.8477,1202.0,352.0,920.0,338.0,1154.0,425.5,1067.0,403.0,282.3473,89.8624,0.3183,1,1,182,1
181,3,0,1,1,1,1,0.9883,0.9873,0.8379,0.8164,785.5,320.5,521.0,328.0,656.0,433.5,627.5,424.0,264.6063,30.0416,0.1135,1,1,182,1
181,3,0,2,1,1,1,0.9927,0.9844,0.9258,0.8687,408.0,226.0,144.0,213.75,273.5,225.75,213.625,226.0,264.2841,59.8755,0.2266,1,1,182,1
182,3,0,0,1,1,1,0.9849,0.9907,0.7866,0.8452,1205.0,349.5,918.5,339.0,1152.0,434.5,1065.0,403.5,286.6923,92.358,0.3222,1,1,183,1
182,3,0,1,1,1,1,0.9883,0.9854,0.854,0.812,791.0,326.0,516.5,334.0,656.5,424.5,616.5,422.5,274.6166,40.05,0.1458,1,1,183,1
182,3,0,2,1,1,1,0.9917,0.9863,0.9307,0.8594,396.75,207.25,132.25,207.0,274.0,238.0,218.125,227.5,264.5001,56.853,0.2149,1,1,183,1
183,4,1,0,1,1,1,0.9829,0.9922,0.7612,0.8564,1205.0,351.5,917.5,341.5,1153.0,434.5,1066.0,403.5,287.6739,92.358,0.3211,1,1,184,1
183,4,1,1,1,1,1,0.9878,0.9873,0.8408,0.8213,787.0,325.5,520.5,333.5,656.0,425.0,601.0,421.5,266.62,55.1113,0.2067,1,1,184,1
183,4,1,2,1,1,1,0.9922,0.9863,0.9346,0.8638,391.0,206.75,134.625,206.5,266.25,228.5,227.375,227.5,256.3751,38.8879,0.1517,1,1,184,1
183,4,1,37,0,0,1,0.153,0.1953,0.1163,0.1305,960.0,0.0,302.25,0.0,955.0,0.0,313.75,0.0,657.75,641.25,0.9749,1,0,0,0
184,3,0,1,1,1,1,0.9888,0.9873,0.856,0.832,790.5,325.0,521.0,331.5,656.0,424.5,618.0,422.5,269.5784,38.0526,0.1412,1,1,185,1
184,3,0,0,1,1,1,0.9849,0.9917,0.7676,0.8467,1206.0,352.0,914.5,338.5,1154.0,434.5,1066.0,403.0,291.8124,93.4679,0.3203,1,1,185,1
184,3,0,2,1,1,1,0.9922,0.9868,0.9282,0.8564,394.0,209.0,134.75,206.0,274.75,236.0,218.375,227.25,259.2674,57.05,0.22,1,1,185,1
185,3,0,0,1,1,1,0.9839,0.9912,0.7754,0.8521,1206.0,351.5,917.0,339.0,1154.0,434.0,1066.0,403.5,289.2702,93.1357,0.322,1,1,186,1
185,3,0,1,1,1,1,0.9819,0.9907,0.7915,0.8408,785.5,331.5,520.0,338.5,658.0,424.5,618.5,423.5,265.5923,39.5127,0.1488,1,1,186,1
185,3,0,2,1,1,1,0.9917,0.9873,0.9302,0.8647,394.0,206.25,135.25,207.0,266.5,236.0,218.25,219.0,258.7511,51.1572,0.1977,1,1,186,1
186,3,0,0,1,1,1,0.9858,0.9917,0.7715,0.8345,1206.0,353.5,914.0,340.5,1154.0,434.0,1066.0,403.0,292.2892,93.3006,0.3192,1,1,187,1
186,3,0,1,1,1,1,0.9824,0.9883,0.79,0.833,790.0,325.0,521.0,330.5,668.5,440.5,622.0,425.0,269.0562,49.0153,0.1822,1,1,187,1
186,3,0,2,1,1,1,0.9922,0.9868,0.9316,0.854,394.0,209.5,132.375,207.0,275.5,238.0,218.0,227.25,261.6369,58.4963,0.2236,1,1,187,1
187,3,0,0,1,1,1,0.9863,0.9907,0.7935,0.835,1208.0,353.5,914.5,340.0,1153.0,425.0,1066.0,403.0,293.8103,89.7385,0.3054,1,1,188,1
187,3,0,1,1,1,1,0.9893,0.9863,0.8696,0.8208,789.0,328.0,518.0,332.0,664.5,424.5,601.0,421.0,271.0295,63.5964,0.2346,1,1,188,1
187,3,0,2,1,1,1,0.9937,0.9844,0.9272,0.856,412.0,222.0,139.75,207.5,273.0,238.5,213.75,226.5,272.6359,60.453,0.2217,1,1,188,1
188,3,0,1,1,1,1,0.9888,0.9868,0.8472,0.8086,789.0,320.0,516.5,328.5,657.5,424.5,617.5,422.0,272.6325,40.078,0.147,1,1,189,1
188,3,0,0,1,1,1,0.9883,0.9873,0.8271,0.8164,1204.0,349.0,919.0,339.5,1161.0,433.0,1068.0,413.0,285.1583,95.1262,0.3336,1,1,189,1
188,3,0,2,1,1,1,0.9927,0.9844,0.9248,0.8672,407.75,227.5,140.375,213.25,274.5,235.5,213.875,235.5,267.7545,60.625,0.2264,1,1,189,1
189,3,0,0,1,1,1,0.9888,0.9878,0.8306,0.8208,1204.0,349.0,915.0,339.0,1146.0,432.0,1058.0,411.5,289.173,90.3562,0.3125,1,1,190,1
189,3,0,1,1,1,1,0.9897,0.9858,0.8574,0.7983,787.5,326.0,515.5,333.0,658.0,424.5,599.5,421.0,272.0901,58.6046,0.2154,1,1,190,1
189,3,0,2,1,1,1,0.9932,0.9834,0.9297,0.8604,407.5,225.0,137.0,214.0,273.0,240.5,222.0,236.0,270.7236,51.1981,0.1891,1,1,190,1
190,4,1,0,1,1,1,0.9868,0.9922,0.79,0.8457,1209.0,352.0,919.0,338.0,1162.0,434.0,1056.0,402.0,290.3377,110.7249,0.3814,1,1,191,1
190,4,1,1,1,1,1,0.9878,0.9863,0.8491,0.8237,788.0,325.0,518.0,331.0,657.5,424.5,610.5,421.5,270.0667,47.0956,0.1744,1,1,191,1
190,4,1,2,1,1,1,0.9912,0.9878,0.9272,0.8696,391.5,207.5,129.0,207.25,274.5,237.0,218.0,227.5,262.5001,57.2931,0.2183,1,1,191,1
190,4,1,38,0,0,1,0.1494,0.1937,0.0917,0.0975,983.0,0.0,316.0,0.0,948.0,0.0,258.75,0.0,667.0,689.25,1.0334,1,0,0,0
191,3,0,0,1,1,1,0.9863,0.9912,0.8057,0.8506,1199.0,347.5,920.0,334.0,1154.0,434.0,1057.0,402.0,279.3264,102.1421,0.3657,1,1,192,1
191,3,0,1,1,1,1,0.9888,0.9868,0.8633,0.832,788.5,327.0,520.5,331.5,664.5,433.5,601.0,421.5,268.0378,64.6239,0.2411,1,1,192,1
191,3,0,2,1,1,1,0.9927,0.9849,0.9224,0.8721,411.5,227.0,136.375,213.75,273.5,235.5,214.5,235.5,275.4439,59.0,0.2142,1,1,192,1
192,3,0,0,1,1,1,0.9849,0.9907,0.7832,0.8438,1204.0,354.5,917.0,338.0,1162.0,434.5,1067.0,404.0,287.4739,99.776,0.3471,1,1,193,1
192,3,0,1,1,1,1,0.9888,0.9839,0.8784,0.8311,785.0,329.0,516.0,331.0,665.0,427.5,621.0,421.0,269.0074,44.4775,0.1653,1,1,193,1
192,3,0,2,1,1,1,0.9917,0.9863,0.9336,0.8672,393.5,211.0,132.125,210.25,265.5,236.5,218.0,218.5,261.3761,50.7962,0.1943,1,1,193,1
193,3,0,0,1,1,1,0.9834,0.9922,0.7632,0.855,1203.0,351.5,920.0,338.5,1153.0,426.0,1049.0,402.0,283.2984,106.7333,0.3768,1,1,194,1
193,3,0,1,1,1,1,0.9897,0.9878,0.8584,0.8223,792.5,325.0,518.0,332.0,674.5,426.0,618.0,431.5,274.5892,56.7671,0.2067,1,1,194,1
193,3,0,2,1,1,1,0.9912,0.9868,0.9297,0.873,397.0,206.0,132.125,207.25,266.25,237.0,217.5,227.5,264.8779,49.667,0.1875,1,1,194,1
194,4,1,1,1,1,1,0.9878,0.9868,0.8423,0.8184,786.5,327.0,517.0,333.5,657.0,425.0,618.0,423.0,269.5784,39.0512,0.1449,1,1,195,1
194,4,1,0,1,1,1,0.9868,0.9878,0.7944,0.8115,1202.0,350.0,914.0,338.5,1145.0,432.5,1058.0,411.5,288.2295,89.4986,0.3105,1,1,195,1
194,4,1,2,1,1,1,0.9912,0.9873,0.9287,0.8735,395.5,210.5,133.0,211.5,265.25,238.0,217.5,227.5,262.5019,48.8908,0.1862,1,1,195,1
194,4,1,39,0,0,1,0.1521,0.1995,0.1,0.1138,944.0,0.0,284.75,0.0,975.0,0.0,297.0,0.0,659.25,678.0,1.0284,1,0,0,0
195,3,0,0,1,1,1,0.9849,0.9907,0.7871,0.8418,1202.0,354.0,920.5,337.0,1153.0,424.0,1057.0,403.0,282.0129,98.27,0.3485,1,1,196,1
195,3,0,1,1,1,1,0.9888,0.9858,0.8569,0.8066,791.0,325.5,517.5,334.0,665.5,425.0,609.5,421.0,273.6321,56.1427,0.2052,1,1,196,1
195,3,0,2,1,1,1,0.9922,0.9863,0.9346,0.856,390.0,200.5,131.75,201.5,267.0,237.0,217.625,227.0,258.2519,50.3775,0.1951,1,1,196,1
196,4,1,0,1,1,1,0.9839,0.9912,0.7817,0.8525,1203.0,353.5,919.5,337.5,1154.0,424.5,1056.0,402.5,283.9511,100.439,0.3537,1,1,197,1
196,4,1,2,1,1,1,0.9922,0.9868,0.9321,0.8652,397.0,204.75,132.0,205.5,265.75,228.0,217.125,226.75,265.0011,48.6411,0.1836,1,1,197,1
196,4,1,1,1,1,1,0.9897,0.9858,0.8774,0.8198,786.5,319.0,519.0,326.0,656.5,425.5,609.5,422.0,267.5916,47.1301,0.1761,1,1,197,1
196,4,1,40,0,0,1,0.1357,0.1665,0.118,0.1161,943.5,0.0,309.25,0.0,964.0,0.0,294.25,0.0,634.25,669.75,1.056,1,0,0,0
197,3,0,0,1,1,1,0.9888,0.9868,0.8086,0.7935,1203.0,352.0,912.5,340.0,1161.0,432.0,1060.0,402.5,290.7477,105.22,0.3619,1,1,198,1
197,3,0,1,1,1,1,0.9805,0.9868,0.7832,0.8164,785.5,326.5,513.5,336.0,659.5,422.5,612.0,422.5,272.1659,47.5,0.1745,1,1,198,1
197,3,0,2,1,1,1,0.9922,0.9863,0.9351,0.8608,393.5,211.0,133.0,208.5,266.75,228.75,218.625,227.0,260.512,48.1568,0.1849,1,1,198,1
198,3,0,0,1,1,1,0.9868,0.9902,0.8003,0.8281,1205.0,351.5,917.0,338.0,1153.0,425.5,1066.0,403.0,288.3162,89.8624,0.3117,1,1,199,1
198,3,0,1,1,1,1,0.9893,0.9863,0.8569,0.8047,790.5,325.5,520.0,333.0,673.5,425.5,601.5,421.0,270.604,72.1405,0.2666,1,1,199,1
198,3,0,2,1,1,1,0.9917,0.9868,0.9321,0.8652,389.0,208.0,136.875,205.5,266.25,226.5,218.125,217.75,252.1374,48.914,0.194,1,1,199,1
199,3,0,0,1,1,1,0.9863,0.9902,0.8081,0.8359,1203.0,351.0,916.0,338.5,1163.0,426.5,1057.0,402.5,287.2721,108.683,0.3783,1,1,200,1
199,3,0,1,1,1,1,0.9888,0.9868,0.8643,0.8291,787.5,326.0,517.0,334.0,657.0,434.5,617.0,423.0,270.6183,41.6203,0.1538,1,1,200,1
199,3,0,2,1,1,1,0.9932,0.9844,0.9248,0.8638,407.25,223.25,134.5,212.75,273.5,235.5,215.125,226.25,272.952,59.1033,0.2165,1,1,200,1
200,3,0,0,1,1,1,0.9873,0.9868,0.8062,0.8062,1202.0,350.0,915.0,338.5,1144.0,432.0,1058.0,412.0,287.2303,88.295,0.3074,1,1,201,1
200,3,0,1,1,1,1,0.9883,0.9863,0.853,0.813,789.0,325.5,516.5,334.0,657.5,425.0,600.0,420.5,272.6325,57.6758,0.2116,1,1,201,1
200,3,0,2,1,1,1,0.9917,0.9873,0.9258,0.8604,393.75,213.0,130.0,210.5,266.0,228.5,218.375,236.5,263.7618,48.2922,0.1831,1,1,201,1
201,3,0,0,1,1,1,0.9844,0.9902,0.7939,0.8481,1202.0,353.5,914.0,337.5,1155.0,425.0,1066.0,403.0,288.4441,91.6788,0.3178,1,1,202,1
201,3,0,2,1,1,1,0.9912,0.9868,0.9268,0.8633,393.5,210.5,132.25,210.5,265.25,228.0,218.0,227.25,261.25,47.256,0.1809,1,1,202,1
201,3,0,1,1,1,1,0.9829,0.9878,0.7988,0.8223,786.5,328.5,518.5,333.5,651.5,422.0,612.0,421.5,268.0466,39.5032,0.1474,1,1,202,1
202,3,0,0,1,1,1,0.9854,0.9893,0.8198,0.8521,1204.0,345.0,924.5,336.0,1160.0,430.0,1061.0,408.5,279.6449,101.3077,0.3623,1,1,203,1
202,3,0,1,1,1,1,0.9893,0.9849,0.8838,0.8271,787.5,326.0,519.5,331.0,665.5,424.5,610.0,421.5,268.0466,55.581,0.2074,1,1,203,1
202,3,0,2,1,1,1,0.9922,0.9868,0.9287,0.855,394.25,209.0,128.75,205.5,265.5,227.5,210.75,225.5,265.5231,54.7865,0.2063,1,1,203,1
203,3,0,0,1,1,1,0.9863,0.9888,0.7812,0.814,1204.0,349.0,913.5,341.5,1161.0,433.0,1059.0,411.0,290.5968,104.3456,0.3591,1,1,204,1
203,3,0,1,1,1,1,0.9824,0.9902,0.8071,0.8491,782.5,329.0,520.0,333.0,658.0,432.5,619.5,423.5,262.5305,39.538,0.1506,1,1,204,1
203,3,0,2,1,1,1,0.9917,0.9878,0.9248,0.8613,398.0,211.25,129.875,205.5,266.75,226.5,217.75,217.0,268.1866,49.9124,0.1861,1,1,204,1
204,3,0,0,1,1,1,0.9868,0.9863,0.812,0.814,1200.0,349.0,915.5,339.5,1161.0,432.0,1059.0,402.0,284.6586,106.3203,0.3735,1,1,205,1
204,3,0,1,1,1,1,0.9883,0.9849,0.8652,0.8193,786.0,325.0,522.0,331.0,665.0,424.5,618.0,422.5,264.0682,47.0425,0.1781,1,1,205,1
204,3,0,2,1,1,1,0.9917,0.9873,0.9258,0.8628,398.5,209.25,127.875,206.5,266.25,236.0,217.625,217.75,270.639,51.937,0.1919,1,1,205,1
205,3,0,1,1,1,1,0.9883,0.9844,0.8662,0.814,785.0,325.0,520.0,331.0,657.0,424.0,618.0,423.0,265.0679,39.0128,0.1472,1,1,206,1
205,3,0,0,1,1,1,0.9849,0.9912,0.7896,0.854,1206.0,353.0,916.5,338.5,1162.0,435.0,1049.0,402.5,289.8629,117.5808,0.4056,1,1,206,1
205,3,0,2,1,1,1,0.9917,0.9873,0.9248,0.8599,395.5,201.5,132.25,197.5,265.5,226.5,218.125,217.5,263.2804,48.2223,0.1832,1,1,206,1
206,4,1,0,1,1,1,0.9868,0.9907,0.8276,0.856,1202.0,351.5,918.0,338.0,1152.0,425.5,1050.0,402.5,284.3207,104.561,0.3678,1,1,207,1
206,4,1,1,1,1,1,0.9868,0.9873,0.8359,0.8271,787.0,328.5,517.0,333.0,666.0,424.0,618.0,422.5,270.0375,48.0234,0.1778,1,1,207,1
206,4,1,2,1,1,1,0.9917,0.9873,0.9268,0.8662,391.25,208.0,129.875,205.5,267.25,227.0,218.75,217.0,261.387,49.5202,0.1895,1,1,207,1
206,4,1,41,0,0,1,0.1312,0.1569,0.1074,0.1047,940.0,0.0,291.25,0.0,967.0,0.0,305.5,0.0,648.75,661.5,1.0197,1,0,0,0
207,3,0,1,1,1,1,0.9883,0.9854,0.8638,0.8179,786.5,325.5,520.5,331.5,665.0,434.0,618.5,423.5,266.0677,47.6707,0.1792,1,1,208,1
207,3,0,0,1,1,1,0.9868,0.9912,0.8091,0.8511,1206.0,351.5,915.5,338.5,1153.0,426.0,1057.0,402.5,290.7907,98.8345,0.3399,1,1,208,1
207,3,0,2,1,1,1,0.9917,0.9878,0.9263,0.8667,391.25,207.0,132.25,206.5,266.0,237.0,210.875,226.5,259.0005,56.1161,0.2167,1,1,208,1
208,4,1,0,1,1,1,0.9844,0.9907,0.7871,0.8477,1204.0,351.0,918.5,338.5,1153.0,425.5,1067.0,403.0,285.7735,88.8946,0.3111,1,1,209,1
208,4,1,1,1,1,1,0.9897,0.9849,0.8647,0.7988,788.5,326.0,517.0,331.0,665.5,424.5,618.0,422.5,271.546,47.5421,0.1751,1,1,209,1
208,4,1,2,1,1,1,0.9917,0.9849,0.938,0.8638,393.5,204.5,133.5,203.0,264.5,237.5,210.5,227.0,260.0043,55.0114,0.2116,1,1,209,1
208,4,1,42,0,0,1,0.1735,0.2089,0.0948,0.0821,1027.0,0.0,361.25,0.0,932.0,0.0,290.0,0.0,665.75,642.0,0.9643,1,0,0,0
209,4,1,0,1,1,1,0.9854,0.9922,0.7856,0.8589,1206.0,354.5,921.5,338.0,1163.0,426.0,1057.0,402.5,284.9781,108.5737,0.381,1,1,210,1
209,4,1,1,1,1,1,0.9893,0.9858,0.8726,0.8257,785.0,329.0,517.0,331.0,674.5,426.0,610.5,431.0,268.0075,64.195,0.2395,1,1,210,1
209,4,1,2,1,1,1,0.9917,0.9863,0.9302,0.8574,398.75,208.75,132.125,206.5,266.25,227.0,210.5,226.5,266.6345,55.7522,0.2091,1,1,210,1
209,4,1,42,0,0,1,0.1503,0.1752,0.0984,0.1013,955.5,0.0,303.5,0.0,945.5,0.0,298.75,0.0,652.0,646.75,0.9919,1,0,0,0
210,3,0,0,1,1,1,0.9863,0.9902,0.8218,0.8633,1202.0,345.0,924.0,335.0,1151.0,428.5,1061.0,399.5,278.1798,94.5569,0.3399,1,1,211,1
210,3,0,1,1,1,1,0.9878,0.9873,0.8608,0.8428,786.0,324.0,527.5,328.5,655.5,425.0,609.5,432.0,258.5392,46.5296,0.18,1,1,211,1
210,3,0,2,1,1,1,0.9917,0.9854,0.9365,0.8599,393.25,206.5,132.625,207.0,265.0,237.0,217.875,227.5,260.6255,48.073,0.1845,1,1,211,1
211,3,0,2,1,1,1,0.9902,0.9878,0.9233,0.8735,396.5,208.0,134.0,207.5,264.75,236.5,217.25,218.25,262.5005,50.8853,0.1938,1,1,212,1
211,3,0,0,1,1,1,0.9858,0.9893,0.7988,0.8467,1208.0,353.5,917.0,345.0,1161.0,432.0,1059.0,402.0,291.1241,106.3203,0.3652,1,1,212,1
211,3,0,1,1,1,1,0.9883,0.9868,0.8677,0.8389,788.0,319.5,518.5,328.5,658.0,424.5,617.5,413.0,269.6502,42.1011,0.1561,1,1,212,1
212,3,0,0,1,1,1,0.9858,0.9912,0.7939,0.8374,1205.0,345.0,915.0,336.0,1154.0,425.5,1056.0,402.0,290.1396,100.7782,0.3473,1,1,213,1
212,3,0,1,1,1,1,0.9878,0.9868,0.8618,0.8442,786.0,325.5,524.0,331.0,656.5,424.5,618.0,423.0,262.0577,38.5292,0.147,1,1,213,1
212,3,0,2,1,1,1,0.9907,0.9863,0.9312,0.8706,393.5,208.5,131.25,205.5,265.5,226.5,210.25,216.5,262.2672,56.1477,0.2141,1,1,213,1
213,3,0,1,1,1,1,0.9893,0.9854,0.8804,0.8276,786.0,326.5,518.0,332.0,657.0,425.0,618.0,423.0,268.0564,39.0512,0.1457,1,1,214,1
213,3,0,0,1,1,1,0.9858,0.9912,0.7939,0.8438,1202.0,346.0,918.5,333.0,1163.0,434.0,1067.0,394.0,283.7979,104.0,0.3665,1,1,214,1
213,3,0,2,1,1,1,0.9912,0.9868,0.9297,0.874,393.25,203.5,132.25,203.75,265.25,238.0,218.125,227.25,261.0001,48.3356,0.1852,1,1,214,1
214,3,0,0,1,1,1,0.9868,0.9897,0.8105,0.8428,1208.0,345.0,922.0,335.5,1161.0,429.5,1060.0,399.0,286.1577,105.5047,0.3687,1,1,215,1
214,3,0,1,1,1,1,0.9883,0.9849,0.8633,0.8228,787.5,320.0,526.0,326.0,674.0,424.5,619.0,423.5,261.5688,55.0091,0.2103,1,1,215,1
214,3,0,2,1,1,1,0.9912,0.9878,0.9287,0.8716,394.75,206.5,131.625,207.0,264.75,237.0,210.5,226.5,263.1255,55.2568,0.21,1,1,215,1
215,3,0,0,1,1,1,0.9863,0.9907,0.7915,0.8301,1206.0,345.5,915.5,334.5,1152.0,424.5,1049.0,401.5,290.7082,105.5367,0.363,1,1,216,1
215,3,0,1,1,1,1,0.9893,0.9849,0.8647,0.8032,787.0,326.5,518.5,331.5,657.0,425.0,617.0,423.0,268.5466,40.05,0.1491,1,1,216,1
215,3,0,2,1,1,1,0.9917,0.9868,0.9292,0.8682,393.5,208.0,131.5,205.5,266.0,227.0,210.0,225.5,262.0119,56.0201,0.2138,1,1,216,1
216,3,0,1,1,1,1,0.9888,0.9858,0.8691,0.832,785.0,326.5,519.5,330.5,657.5,424.5,609.0,422.0,265.5301,48.5644,0.1829,1,1,217,1
216,3,0,0,1,1,1,0.9863,0.9893,0.7769,0.8169,1208.0,346.5,922.0,336.5,1161.0,431.5,1058.0,401.5,286.1748,107.28,0.3749,1,1,217,1
216,3,0,2,1,1,1,0.9937,0.9829,0.9326,0.8521,403.5,222.0,133.0,213.0,275.0,235.5,206.0,224.5,270.6497,69.8713,0.2582,1,1,217,1
217,4,1,0,1,1,1,0.9873,0.9888,0.7959,0.8193,1204.0,350.5,916.0,341.5,1160.0,432.5,1060.0,403.0,288.1406,104.2605,0.3618,1,1,218,1
217,4,1,1,1,1,1,0.9883,0.9873,0.856,0.8354,786.5,329.0,517.0,331.0,657.5,424.5,617.5,422.5,269.5074,40.05,0.1486,1,1,218,1
217,4,1,2,1,1,1,0.9912,0.9873,0.9282,0.8706,389.5,206.5,132.25,206.0,266.0,228.0,211.5,226.0,257.2505,54.5367,0.212,1,1,218,1
217,4,1,43,0,0,1,0.1775,0.2081,0.0998,0.0986,945.0,0.0,295.75,0.0,949.0,0.0,285.75,0.0,649.25,663.25,1.0216,1,0,0,0
218,3,0,0,1,1,1,0.9863,0.9907,0.8096,0.8516,1205.0,351.5,918.0,338.5,1162.0,434.5,1056.0,403.0,287.2943,110.5814,0.3849,1,1,219,1
218,3,0,1,1,1,1,0.9878,0.9883,0.8521,0.8413,785.5,326.0,516.0,331.0,657.5,425.0,601.0,421.0,269.5464,56.6414,0.2101,1,1,219,1
218,3,0,2,1,1,1,0.9932,0.9829,0.9268,0.8623,397.25,220.5,128.5,210.25,275.0,235.5,207.125,226.0,268.9454,68.5366,0.2548,1,1,219,1
219,3,0,0,1,1,1,0.9868,0.9902,0.7998,0.8276,1201.0,349.5,915.5,336.0,1172.0,435.0,1057.0,402.5,285.819,119.5042,0.4181,1,1,220,1
219,3,0,1,1,1,1,0.9888,0.9854,0.8623,0.8135,789.5,326.5,516.0,332.0,674.0,434.5,610.0,422.5,273.5553,65.1153,0.238,1,1,220,1
219,3,0,2,1,1,1,0.9917,0.9863,0.9331,0.8662,395.25,208.75,132.375,206.5,257.5,235.5,210.75,226.5,262.8846,47.6084,0.1811,1,1,220,1
220,3,0,0,1,1,1,0.9858,0.9873,0.7944,0.8145,1208.0,345.5,921.0,337.5,1160.0,430.5,1059.0,393.5,287.1115,107.5639,0.3746,1,1,221,1
220,3,0,1,1,1,1,0.9829,0.9883,0.8125,0.8423,785.5,327.0,517.0,334.0,652.0,423.5,594.5,440.0,268.5912,59.8206,0.2227,1,1,221,1
220,3,0,2,1,1,1,0.9917,0.9873,0.9268,0.8647,395.5,208.0,130.25,206.0,257.0,225.75,217.625,217.25,265.2575,40.282,0.1519,1,1,221,1
221,3,0,0,1,1,1,0.9854,0.9883,0.7886,0.8281,1206.0,352.0,919.5,342.5,1151.0,431.5,1059.0,402.5,286.6575,96.4624,0.3365,1,1,222,1
221,3,0,1,1,1,1,0.9873,0.9863,0.8506,0.8247,784.5,327.0,516.5,332.0,657.5,426.5,600.0,439.5,268.0466,58.9513,0.2199,1,1,222,1
221,3,0,2,1,1,1,0.9937,0.9844,0.9243,0.8608,400.5,224.0,126.875,215.5,267.5,231.0,206.25,224.5,273.757,61.5939,0.225,1,1,222,1
222,3,0,0,1,1,1,0.9858,0.9893,0.8062,0.8428,1208.0,346.5,922.0,337.0,1152.0,431.5,1050.0,401.5,286.1577,106.3203,0.3715,1,1,223,1
222,3,0,1,1,1,1,0.9873,0.9858,0.8711,0.8389,787.0,326.5,517.0,331.5,658.0,425.5,600.0,430.5,270.0463,58.2151,0.2156,1,1,223,1
222,3,0,2,1,1,1,0.9932,0.9829,0.9302,0.8574,403.0,222.5,124.75,215.5,268.5,245.5,214.75,226.0,278.338,57.1779,0.2054,1,1,223,1
223,3,0,1,1,1,1,0.9868,0.9858,0.8701,0.8535,779.0,327.5,519.5,331.0,674.5,434.5,602.0,423.0,259.5236,73.4064,0.2829,1,1,224,1
223,3,0,0,1,1,1,0.9883,0.9883,0.8203,0.8281,1215.0,343.0,919.0,338.5,1142.0,423.0,1060.0,391.5,296.0342,87.8422,0.2967,1,1,224,1
223,3,0,2,1,1,1,0.9902,0.9873,0.9272,0.8823,395.0,208.75,134.125,206.0,257.0,235.0,210.25,217.5,260.8895,49.9181,0.1913,1,1,224,1
224,4,1,1,1,1,1,0.9878,0.9854,0.8574,0.8213,783.5,327.5,516.5,330.0,657.0,425.0,610.5,422.5,267.0117,46.5672,0.1744,1,1,225,1
224,4,1,0,1,1,1,0.9849,0.9912,0.7852,0.8447,1205.0,349.5,919.0,336.0,1152.0,425.0,1066.0,403.5,286.3184,88.6468,0.3096,1,1,225,1
224,4,1,2,1,1,1,0.9912,0.9863,0.9297,0.8726,394.25,206.75,133.5,206.75,266.25,236.5,218.25,227.75,260.75,48.791,0.1871,1,1,225,1
224,4,1,44,0,0,1,0.1453,0.2054,0.0997,0.1061,1048.0,0.0,363.5,0.0,972.0,0.0,312.5,0.0,684.5,659.5,0.9635,1,0,0,0
225,3,0,0,1,1,1,0.9868,0.9883,0.812,0.834,1209.0,349.0,919.5,336.5,1160.0,432.0,1059.0,403.0,289.7697,105.0809,0.3626,1,1,226,1
225,3,0,1,1,1,1,0.9805,0.9897,0.8159,0.8789,784.0,324.0,519.0,330.0,659.5,422.5,606.0,423.0,265.0679,53.5023,0.2018,1,1,226,1
225,3,0,2,1,1,1,0.9907,0.9863,0.9316,0.8755,394.25,207.0,132.25,206.75,265.0,237.0,210.25,226.5,262.0001,55.7478,0.2128,1,1,226,1
226,3,0,0,1,1,1,0.9854,0.9912,0.7871,0.8477,1202.0,351.5,916.5,337.5,1154.0,425.0,1066.0,403.0,285.8431,90.7083,0.3173,1,1,227,1
226,3,0,1,1,1,1,0.9814,0.9897,0.8374,0.873,780.0,326.5,523.5,333.0,658.0,424.0,603.0,423.0,256.5823,55.0091,0.2144,1,1,227,1
226,3,0,2,1,1,1,0.9912,0.9854,0.9351,0.8706,387.5,206.5,131.5,205.5,257.5,226.5,210.5,217.0,256.002,47.9505,0.1873,1,1,227,1
227,3,0,0,1,1,1,0.9854,0.9912,0.812,0.8657,1202.0,351.5,921.0,337.5,1154.0,425.0,1056.0,402.5,281.3485,100.5497,0.3574,1,1,228,1
227,3,0,1,1,1,1,0.9883,0.9854,0.875,0.8325,781.0,327.0,519.5,333.0,649.5,416.0,610.5,421.5,261.5688,39.3859,0.1506,1,1,228,1
227,3,0,2,1,1,1,0.9907,0.9873,0.9258,0.876,385.5,206.25,134.0,205.0,268.5,227.5,218.75,227.5,251.5031,49.75,0.1978,1,1,228,1
228,4,1,0,1,1,1,0.9839,0.9912,0.7769,0.8521,1203.0,350.0,918.0,335.5,1162.0,434.5,1050.0,402.0,285.3686,116.6201,0.4087,1,1,229,1
228,4,1,1,1,1,1,0.9878,0.9854,0.8594,0.8257,787.0,323.0,522.5,329.0,657.0,424.0,609.5,421.5,264.568,47.5657,0.1798,1,1,229,1
228,4,1,2,1,1,1,0.9902,0.9868,0.9282,0.8813,388.0,202.5,132.0,202.75,267.75,227.5,219.625,227.5,256.0001,48.125,0.188,1,1,229,1
228,4,1,45,0,0,1,0.2322,0.2715,0.1163,0.1099,975.0,0.0,317.25,0.0,943.0,0.0,252.25,0.0,657.75,690.75,1.0502,1,0,0,0
229,3,0,1,1,1,1,0.9888,0.9849,0.8633,0.813,785.5,327.5,517.0,333.0,665.5,424.5,602.0,420.5,268.5563,63.6259,0.2369,1,1,230,1
229,3,0,0,1,1,1,0.9858,0.9902,0.8062,0.8398,1205.0,354.5,918.0,342.5,1153.0,426.0,1065.0,403.0,287.2508,90.956,0.3166,1,1,230,1
229,3,0,2,1,1,1,0.9937,0.9824,0.9321,0.8599,400.0,220.25,122.0,210.5,277.25,236.0,205.875,225.0,278.1709,72.2177,0.2596,1,1,230,1
230,3,0,2,1,1,1,0.9912,0.9863,0.9302,0.8701,390.5,207.25,133.25,204.5,257.0,226.5,210.125,217.0,257.2647,47.828,0.1859,1,1,231,1
230,3,0,0,1,1,1,0.9844,0.9912,0.7964,0.856,1202.0,354.5,917.5,342.0,1154.0,425.5,1056.0,403.0,284.7745,100.5497,0.3531,1,1,231,1
230,3,0,1,1,1,1,0.9893,0.9858,0.877,0.8335,785.0,329.0,519.0,332.5,658.0,425.0,618.0,423.0,266.023,40.05,0.1506,1,1,231,1
231,4,1,0,1,1,1,0.9854,0.9883,0.7637,0.8047,1207.0,346.5,920.0,336.5,1143.0,431.0,1059.0,402.0,287.1742,88.8651,0.3094,1,1,232,1
231,4,1,1,1,1,1,0.9893,0.9844,0.8711,0.8042,783.0,321.5,522.5,329.5,656.5,426.0,599.0,439.5,260.6228,59.0635,0.2266,1,1,232,1
231,4,1,2,1,1,1,0.9907,0.9873,0.9268,0.8804,385.0,205.0,128.25,203.0,259.0,236.5,219.25,218.5,256.7578,43.6356,0.1699,1,1,232,1
231,4,1,46,0,0,1,0.1592,0.1974,0.1289,0.1283,961.5,0.0,312.75,0.0,946.0,0.0,301.75,0.0,648.75,644.25,0.9931,1,0,0,0
232,4,1,0,1,1,1,0.9858,0.9907,0.7974,0.8438,1206.0,351.5,923.5,337.5,1162.0,425.0,1065.0,403.0,282.8467,99.4636,0.3517,1,1,233,1
232,4,1,1,1,1,1,0.9883,0.9849,0.8823,0.8384,781.0,324.0,519.0,332.0,656.5,426.5,601.0,431.5,262.1221,55.7248,0.2126,1,1,233,1
232,4,1,2,1,1,1,0.9907,0.9868,0.9263,0.875,386.75,204.5,127.5,205.75,259.5,237.0,210.875,227.0,259.253,49.6426,0.1915,1,1,233,1
232,4,1,46,0,0,1,0.2124,0.302,0.113,0.1353,972.0,0.0,305.0,0.0,954.0,0.0,241.75,0.0,667.0,712.25,1.0678,1,0,0,0
233,3,0,0,1,1,1,0.9878,0.9888,0.8477,0.8511,1202.0,345.0,924.5,335.0,1151.0,428.5,1061.0,399.5,277.6801,94.5569,0.3405,1,1,234,1
233,3,0,1,1,1,1,0.9883,0.9844,0.8843,0.8428,784.0,324.5,518.0,331.5,657.0,426.0,600.0,431.0,266.0921,57.2189,0.215,1,1,234,1
233,3,0,2,1,1,1,0.9902,0.9868,0.9277,0.8774,385.5,207.75,130.875,207.0,259.0,236.0,211.25,227.25,254.6261,48.5451,0.1907,1,1,234,1
234,3,0,0,1,1,1,0.9854,0.9912,0.7852,0.8442,1205.0,352.5,918.0,337.0,1154.0,424.5,1056.0,401.5,287.4182,100.6628,0.3502,1,1,235,1
234,3,0,1,1,1,1,0.9873,0.9844,0.8638,0.8281,784.0,331.0,513.0,334.5,658.0,425.5,610.0,422.0,271.0226,48.1274,0.1776,1,1,235,1
234,3,0,2,1,1,1,0.9907,0.9863,0.9277,0.8755,387.5,210.5,128.25,208.0,260.0,236.0,211.25,227.25,259.2621,49.529,0.191,1,1,235,1
235,3,0,0,1,1,1,0.9863,0.9883,0.7974,0.8232,1206.0,347.5,920.0,338.5,1159.0,431.0,1059.0,393.0,286.1416,106.9766,0.3739,1,1,236,1
235,3,0,1,1,1,1,0.9893,0.9863,0.8735,0.8271,785.5,326.0,517.0,334.0,657.0,425.0,600.0,421.5,268.6192,57.1074,0.2126,1,1,236,1
235,3,0,2,1,1,1,0.9941,0.9819,0.9326,0.8438,395.0,216.0,125.5,211.75,268.0,229.5,204.625,218.5,269.5335,64.3226,0.2386,1,1,236,1
236,3,0,0,1,1,1,0.9849,0.9917,0.7754,0.8501,1198.0,350.0,919.5,335.5,1163.0,433.5,1057.0,403.5,278.8772,110.1635,0.395,1,1,237,1
236,3,0,1,1,1,1,0.9878,0.9849,0.8613,0.8252,785.0,327.5,517.0,331.0,656.0,425.0,617.5,423.5,268.0229,38.5292,0.1438,1,1,237,1
236,3,0,2,1,1,1,0.9937,0.9834,0.9282,0.8521,403.0,219.0,125.75,210.5,266.5,232.0,197.125,224.0,277.3803,69.8347,0.2518,1,1,237,1
237,3,0,1,1,1,1,0.9873,0.9854,0.874,0.8452,784.5,328.5,520.0,332.5,657.0,425.5,609.0,422.5,264.5302,48.0937,0.1818,1,1,238,1
237,3,0,0,1,1,1,0.9834,0.9912,0.7539,0.8384,1206.0,352.5,918.0,338.5,1161.0,434.5,1049.0,402.5,288.3401,116.4818,0.404,1,1,238,1
237,3,0,2,1,1,1,0.9937,0.9814,0.9336,0.8472,397.0,211.0,126.125,207.75,269.25,225.0,204.875,218.5,270.8945,64.7023,0.2388,1,1,238,1
238,4,1,0,1,1,1,0.9858,0.9912,0.814,0.8579,1199.0,352.5,919.0,338.0,1162.0,434.5,1050.0,403.0,280.3752,116.3454,0.415,1,1,239,1
238,4,1,1,1,1,1,0.9863,0.9868,0.8608,0.8521,780.0,329.5,520.5,336.0,657.0,424.5,610.0,422.5,259.5814,47.0425,0.1812,1,1,239,1
238,4,1,2,1,1,1,0.9912,0.9873,0.9268,0.876,388.0,208.0,123.75,204.25,258.5,227.5,211.0,226.0,264.2766,47.5237,0.1798,1,1,239,1
238,4,1,47,0,0,1,0.1353,0.1703,0.1054,0.108,959.0,0.0,301.0,0.0,955.5,0.0,295.5,0.0,658.0,660.0,1.003,1,0,0,0
239,3,0,1,1,1,1,0.9873,0.9844,0.8804,0.8501,777.0,326.5,520.5,328.5,656.0,426.0,602.0,432.5,256.5078,54.3898,0.212,1,1,240,1
239,3,0,0,1,1,1,0.9858,0.9888,0.7783,0.8193,1212.0,354.0,924.0,342.0,1153.0,431.0,1059.0,402.5,288.2499,98.2255,0.3408,1,1,240,1
239,3,0,2,1,1,1,0.9907,0.9858,0.9312,0.8735,380.0,205.25,128.125,201.75,259.5,236.0,211.25,218.75,251.8993,51.2409,0.2034,1,1,240,1
240,3,0,0,1,1,1,0.9863,0.9917,0.7988,0.854,1206.0,341.5,921.0,330.5,1162.0,425.0,1066.0,403.0,285.2122,98.4886,0.3453,1,1,241,1
240,3,0,1,1,1,1,0.9883,0.9863,0.8716,0.8403,786.0,329.0,521.5,334.5,655.5,426.0,600.5,440.0,264.5572,56.7539,0.2145,1,1,241,1
240,3,0,2,1,1,1,0.9897,0.9868,0.9272,0.8872,383.5,203.75,127.5625,205.0,257.0,237.0,211.5,227.25,255.9406,46.5329,0.1818,1,1,241,1
241,3,0,0,1,1,1,0.9849,0.9902,0.8018,0.8462,1203.0,351.5,918.0,338.5,1153.0,425.5,1066.0,403.5,285.2963,89.7385,0.3145,1,1,242,1
241,3,0,1,1,1,1,0.9858,0.9854,0.8599,0.8398,782.0,330.5,519.0,335.0,657.5,426.0,600.0,440.0,263.0385,59.1798,0.225,1,1,242,1
241,3,0,2,1,1,1,0.9902,0.9873,0.9238,0.8799,385.0,207.25,127.1875,204.5,257.5,227.5,211.375,226.5,257.8272,46.1358,0.1789,1,1,242,1
242,3,0,0,1,1,1,0.9849,0.9883,0.7944,0.8345,1206.0,347.5,922.0,338.5,1159.0,431.0,1059.0,402.5,284.1426,103.982,0.3659,1,1,243,1
242,3,0,1,1,1,1,0.9824,0.9902,0.8345,0.8662,784.0,322.0,519.5,332.0,648.5,423.5,601.0,441.0,264.689,50.6211,0.1912,1,1,243,1
242,3,0,2,1,1,1,0.9912,0.9858,0.9307,0.8687,387.75,200.5,121.625,199.75,258.0,227.5,210.625,226.5,266.1261,47.3856,0.1781,1,1,243,1
243,3,0,0,1,1,1,0.9863,0.9912,0.8105,0.8516,1204.0,354.0,917.0,338.0,1162.0,426.0,1066.0,403.5,287.4456,98.6015,0.343,1,1,244,1
243,3,0,1,1,1,1,0.9878,0.9868,0.8691,0.8516,780.0,321.5,526.0,323.0,657.0,425.0,601.0,440.0,254.0044,57.9741,0.2282,1,1,244,1
243,3,0,2,1,1,1,0.9907,0.9863,0.9282,0.876,382.0,201.0,120.5,199.0,250.125,226.75,211.625,216.75,261.5076,39.7775,0.1521,1,1,244,1
244,3,0,0,1,1,1,0.9844,0.9917,0.7695,0.8481,1206.0,348.5,918.0,335.0,1162.0,433.5,1066.0,403.5,288.3162,100.5783,0.3488,1,1,245,1
244,3,0,2,1,1,1,0.9897,0.9873,0.9233,0.8828,381.5,206.5,123.0,207.0,257.75,228.0,210.875,217.5,258.5005,48.0366,0.1858,1,1,245,1
244,3,0,1,1,1,1,0.9888,0.9854,0.8813,0.8408,783.0,327.5,521.0,332.0,656.5,425.0,602.0,422.0,262.0386,54.5825,0.2083,1,1,245,1
245,4,1,0,1,1,1,0.9849,0.9917,0.7744,0.8477,1200.0,345.0,918.5,334.0,1154.0,424.5,1056.0,402.0,281.7148,100.5497,0.3569,1,1,246,1
245,4,1,1,1,1,1,0.9883,0.9854,0.8809,0.8428,781.5,328.0,518.0,327.5,657.5,425.0,603.0,422.0,263.5005,54.5825,0.2071,1,1,246,1
245,4,1,2,1,1,1,0.9917,0.9854,0.9351,0.8677,373.5,202.5,120.3125,199.5,251.25,227.0,213.125,227.0,253.2053,38.125,0.1506,1,1,246,1
245,4,1,48,0,0,1,0.1584,0.1891,0.1195,0.1132,951.5,0.0,291.75,0.0,969.0,0.0,286.0,0.0,659.75,683.0,1.0352,1,0,0,0
246,4,1,0,1,1,1,0.9863,0.9912,0.7861,0.8315,1206.0,353.5,916.0,343.0,1162.0,434.0,1057.0,403.0,290.19,109.4806,0.3773,1,1,247,1
246,4,1,1,1,1,1,0.9888,0.9854,0.8774,0.834,778.0,326.0,521.5,329.5,656.0,425.0,612.0,423.0,256.5239,44.0454,0.1717,1,1,247,1
246,4,1,2,1,1,1,0.9902,0.9854,0.9307,0.8784,374.25,211.75,127.1875,209.0,251.125,227.0,202.25,226.0,247.0778,48.8852,0.1979,1,1,247,1
246,4,1,48,0,0,1,0.1312,0.1487,0.1069,0.0962,940.0,0.0,288.5,0.0,959.0,0.0,285.75,0.0,651.5,673.25,1.0334,1,0,0,0
247,3,0,1,1,1,1,0.9873,0.9863,0.8501,0.8223,787.5,329.5,508.5,335.0,657.0,426.5,600.0,439.5,279.0542,58.4637,0.2095,1,1,248,1
247,3,0,0,1,1,1,0.9858,0.9912,0.7749,0.8359,1204.0,349.5,916.0,336.5,1162.0,433.5,1066.0,403.5,288.2933,100.5783,0.3489,1,1,248,1
247,3,0,2,1,1,1,0.9907,0.9858,0.9282,0.8745,381.5,209.5,127.125,207.75,249.25,227.0,211.0,227.0,254.381,38.25,0.1504,1,1,248,1
248,3,0,0,1,1,1,0.9854,0.9907,0.7852,0.8408,1203.0,349.0,916.0,335.5,1162.0,424.5,1066.0,403.0,287.3173,98.3781,0.3424,1,1,249,1
248,3,0,1,1,1,1,0.9878,0.9839,0.8726,0.8267,784.0,327.0,521.0,333.0,657.5,426.0,600.5,440.5,263.0684,58.8154,0.2236,1,1,249,1
248,3,0,2,1,1,1,0.9902,0.9868,0.9243,0.8794,376.0,207.5,126.0,208.5,251.5,227.0,211.25,227.0,250.002,40.25,0.161,1,1,249,1
249,4,1,1,1,1,1,0.9873,0.9849,0.856,0.8257,784.0,326.0,515.5,330.0,657.0,424.5,601.0,421.0,268.5298,56.1093,0.2089,1,1,250,1
249,4,1,0,1,1,1,0.9849,0.9917,0.772,0.8467,1205.0,349.0,915.0,336.5,1163.0,425.5,1057.0,411.0,290.2693,106.9871,0.3686,1,1,250,1
249,4,1,2,1,1,1,0.9907,0.9868,0.9282,0.8789,376.0,205.5,122.6875,205.5,260.75,227.5,213.125,227.25,253.3125,47.6257,0.188,1,1,250,1
249,4,1,49,0,0,1,0.1763,0.212,0.1074,0.1052,945.0,0.0,290.5,0.0,940.0,0.0,286.75,0.0,654.5,653.25,0.9981,1,0,0,0
250,4,1,1,1,1,1,0.9873,0.9868,0.8638,0.8462,785.0,324.0,518.0,328.0,656.5,424.0,610.0,421.5,267.03,46.5672,0.1744,1,1,251,1
250,4,1,0,1,1,1,0.9849,0.9917,0.7695,0.8442,1204.0,348.5,916.0,336.5,1162.0,425.5,1066.0,402.0,288.2499,98.8345,0.3429,1,1,251,1
250,4,1,2,1,1,1,0.9907,0.9863,0.9277,0.8735,378.5,199.5,123.1875,200.0,258.0,236.5,211.875,227.5,255.313,46.9948,0.1841,1,1,251,1
250,4,1,49,0,0,1,0.1294,0.1664,0.0882,0.0933,960.0,0.0,294.25,0.0,946.5,0.0,302.75,0.0,665.75,643.75,0.967,1,0,0,0
251,4,1,0,1,1,1,0.9844,0.9917,0.7729,0.8481,1203.0,349.5,920.0,336.0,1163.0,425.5,1066.0,402.5,283.3218,99.6895,0.3519,1,1,252,1
251,4,1,1,1,1,1,0.9893,0.9858,0.8765,0.834,780.0,325.0,515.0,327.0,657.5,424.5,601.5,421.0,265.0075,56.1093,0.2117,1,1,252,1
251,4,1,2,1,1,1,0.9927,0.9844,0.9326,0.8643,381.25,207.75,112.25,205.0,257.25,232.5,204.25,217.0,269.0141,55.22,0.2053,1,1,252,1
251,4,1,49,0,0,1,0.1458,0.1855,0.1013,0.1056,940.5,0.0,288.25,0.0,950.0,0.0,303.25,0.0,652.25,646.75,0.9916,1,0,0,0
252,3,0,0,1,1,1,0.9849,0.9922,0.7661,0.8428,1207.0,352.5,917.5,340.5,1163.0,426.0,1056.0,401.5,289.7486,109.7691,0.3788,1,1,253,1
252,3,0,1,1,1,1,0.9878,0.9868,0.8618,0.8413,782.0,324.5,515.5,330.5,656.5,435.0,601.5,431.0,266.5675,55.1453,0.2069,1,1,253,1
252,3,0,2,1,1,1,0.9897,0.9888,0.9136,0.8862,380.25,205.5,121.0,205.5,260.0,236.5,212.75,227.5,259.25,48.0995,0.1855,1,1,253,1
253,3,0,0,1,1,1,0.9858,0.9878,0.7876,0.8193,1206.0,352.0,916.0,345.5,1153.0,430.5,1059.0,402.5,290.0728,98.0816,0.3381,1,1,254,1
253,3,0,1,1,1,1,0.9883,0.9858,0.8711,0.8359,783.0,320.5,511.0,327.0,657.5,424.5,618.5,422.0,272.0777,39.08,0.1436,1,1,254,1
253,3,0,2,1,1,1,0.9912,0.9873,0.9263,0.8716,380.0,205.75,124.875,205.0,259.0,236.0,203.75,227.5,255.1261,55.9,0.2191,1,1,254,1
254,3,0,0,1,1,1,0.9863,0.9873,0.7783,0.7983,1202.0,349.5,909.0,341.5,1162.0,442.0,1059.0,412.0,293.1092,107.28,0.366,1,1,255,1
254,3,0,1,1,1,1,0.9878,0.9858,0.8594,0.8223,782.0,329.0,513.0,337.0,657.5,426.5,591.0,439.0,269.1189,67.6646,0.2514,1,1,255,1
254,3,0,2,1,1,1,0.9912,0.9873,0.9258,0.8701,376.5,206.0,117.8125,208.0,250.25,237.0,203.25,226.5,258.6952,48.1586,0.1862,1,1,255,1
255,3,0,0,1,1,1,0.9854,0.9907,0.7964,0.8442,1204.0,352.0,918.5,341.0,1161.0,435.0,1066.0,404.5,285.7118,99.776,0.3492,1,1,256,1
255,3,0,1,1,1,1,0.9863,0.9868,0.855,0.854,783.0,325.5,516.0,330.5,656.5,425.0,601.0,421.0,267.0468,55.644,0.2084,1,1,256,1
255,3,0,2,1,1,1,0.9917,0.9863,0.9292,0.8613,379.0,206.0,116.3125,208.0,250.625,237.0,203.0,235.5,262.6951,47.6486,0.1814,1,1,256,1
256,4,1,0,1,1,1,0.9829,0.9912,0.7534,0.8354,1202.0,352.5,919.0,341.0,1154.0,425.0,1057.0,401.5,283.2336,99.8061,0.3524,1,1,257,1
256,4,1,1,1,1,1,0.9873,0.9868,0.8657,0.8486,782.0,325.0,514.0,330.5,658.0,425.5,600.5,430.0,268.0564,57.6758,0.2152,1,1,257,1
256,4,1,2,1,1,1,0.9927,0.9834,0.9365,0.8628,388.0,212.5,116.625,210.0,255.75,237.0,204.625,219.0,271.3865,54.2012,0.1997,1,1,257,1
256,4,1,50,0,0,1,0.3469,0.3196,0.1155,0.0866,963.0,0.0,285.25,0.0,999.5,0.0,254.0,0.0,677.75,745.5,1.1,1,0,0,0
257,3,0,0,1,1,1,0.9839,0.9912,0.7549,0.8345,1207.0,350.0,914.0,341.0,1162.0,426.0,1056.0,402.0,293.1382,108.683,0.3708,1,1,258,1
257,3,0,2,1,1,1,0.9917,0.9897,0.9268,0.875,374.0,212.0,109.5625,215.25,251.0,232.0,214.0,227.25,264.4575,37.3037,0.1411,1,1,258,1
257,3,0,1,1,1,1,0.9883,0.9858,0.856,0.8242,782.0,325.0,513.0,330.0,657.5,425.0,601.0,420.5,269.0465,56.6789,0.2107,1,1,258,1
258,3,0,0,1,1,1,0.9829,0.9912,0.7471,0.8413,1204.0,354.0,915.5,338.0,1163.0,426.0,1067.0,403.5,288.9433,98.6015,0.3412,1,1,259,1
258,3,0,1,1,1,1,0.9868,0.9883,0.8491,0.8545,780.0,331.0,516.0,334.5,656.5,434.0,602.0,423.0,264.0232,55.599,0.2106,1,1,259,1
258,3,0,2,1,1,1,0.9912,0.9897,0.9248,0.8809,373.25,215.25,111.4375,212.25,260.5,233.0,206.5,236.0,261.8297,54.0833,0.2066,1,1,259,1
259,3,0,0,1,1,1,0.9844,0.9922,0.7583,0.8433,1206.0,347.5,919.5,335.0,1163.0,424.5,1065.0,402.5,286.7726,100.439,0.3502,1,1,260,1
259,3,0,1,1,1,1,0.9834,0.9873,0.8198,0.8423,783.5,329.0,515.5,334.0,659.5,441.0,595.5,441.5,268.0466,64.002,0.2388,1,1,260,1
259,3,0,2,1,1,1,0.9932,0.9829,0.938,0.8594,381.25,206.0,111.75,205.5,264.0,238.0,197.5,217.5,269.5005,69.5881,0.2582,1,1,260,1
260,3,0,1,1,1,1,0.9883,0.9873,0.8604,0.8423,778.0,317.0,514.0,325.0,657.5,434.0,618.0,423.0,264.1212,41.003,0.1552,1,1,261,1
260,3,0,0,1,1,1,0.9829,0.9917,0.752,0.8398,1206.0,351.5,913.5,341.0,1153.0,416.5,1066.0,402.5,292.6884,88.1192,0.3011,1,1,261,1
260,3,0,2,1,1,1,0.9932,0.9834,0.9351,0.855,382.0,207.5,115.875,205.0,255.625,232.0,196.75,216.0,266.1367,61.0104,0.2292,1,1,261,1
261,3,0,0,1,1,1,0.9868,0.9902,0.8076,0.8408,1206.0,338.0,922.0,333.0,1152.0,428.0,1060.0,398.5,284.044,96.6139,0.3401,1,1,262,1
261,3,0,2,1,1,1,0.9917,0.9868,0.9277,0.8618,374.5,202.5,120.125,208.0,251.5,227.0,202.75,225.5,254.4345,48.7731,0.1917,1,1,262,1
261,3,0,1,1,1,1,0.9819,0.9897,0.7954,0.8589,782.0,328.0,512.5,334.0,660.5,440.5,596.0,441.0,269.5668,64.5019,0.2393,1,1,262,1
262,3,0,0,1,1,1,0.9834,0.9912,0.7837,0.8599,1202.0,346.5,920.5,334.5,1153.0,425.0,1065.0,403.0,281.7557,90.7083,0.3219,1,1,263,1
262,3,0,1,1,1,1,0.9878,0.9878,0.8516,0.8408,780.5,321.5,513.5,329.0,656.5,434.0,601.5,422.0,267.1053,56.2939,0.2108,1,1,263,1
262,3,0,2,1,1,1,0.9912,0.9888,0.9272,0.8735,378.5,209.5,115.3125,207.0,250.25,231.5,204.875,235.0,263.1994,45.5098,0.1729,1,1,263,1
263,4,1,0,1,1,1,0.9854,0.9902,0.7827,0.8276,1206.0,350.5,913.5,341.0,1161.0,426.5,1057.0,402.0,292.6542,106.8469,0.3651,1,1,264,1
263,4,1,2,1,1,1,0.9912,0.9902,0.9199,0.8735,380.0,219.0,110.0625,218.0,259.0,233.0,206.0,235.5,269.9394,53.0589,0.1966,1,1,264,1
263,4,1,1,1,1,1,0.98,0.9893,0.7686,0.8447,784.0,328.5,515.0,333.5,658.0,440.5,605.5,423.0,269.0465,55.3399,0.2057,1,1,264,1
263,4,1,51,0,0,1,0.1361,0.1812,0.0981,0.1095,952.0,0.0,283.75,0.0,948.0,0.0,295.25,0.0,668.25,652.75,0.9768,1,0,0,0
264,3,0,0,1,1,1,0.9849,0.9907,0.7891,0.8496,1204.0,346.5,918.0,337.5,1162.0,434.0,1056.0,402.5,286.1416,110.5814,0.3865,1,1,265,1
264,3,0,1,1,1,1,0.9878,0.9868,0.8452,0.8213,780.0,317.5,512.5,327.5,657.5,435.0,600.0,439.0,267.6869,57.639,0.2153,1,1,265,1
264,3,0,2,1,1,1,0.9922,0.9844,0.9404,0.8599,374.25,210.5,119.6875,206.5,261.25,228.0,203.25,222.5,254.5939,58.2602,0.2288,1,1,265,1
265,3,0,0,1,1,1,0.9824,0.9917,0.7432,0.8423,1205.0,343.0,917.0,332.0,1163.0,433.0,1065.0,402.0,288.21,102.7862,0.3566,1,1,266,1
265,3,0,1,1,1,1,0.9829,0.9888,0.811,0.8511,783.0,328.5,511.0,333.5,659.5,440.0,607.0,423.5,272.046,55.0318,0.2023,1,1,266,1
265,3,0,2,1,1,1,0.9937,0.9829,0.939,0.8506,380.25,202.25,116.5,199.5,255.875,227.0,196.375,216.0,263.7643,60.5083,0.2294,1,1,266,1
266,3,0,0,1,1,1,0.9854,0.9912,0.7798,0.8442,1206.0,341.5,918.0,331.5,1162.0,433.5,1066.0,402.5,288.1736,100.8811,0.3501,1,1,267,1
266,3,0,1,1,1,1,0.9883,0.9863,0.8716,0.8413,780.0,324.0,516.0,329.5,658.0,425.5,610.0,430.0,264.0573,48.2105,0.1826,1,1,267,1
266,3,0,2,1,1,1,0.9912,0.9868,0.9268,0.874,380.0,200.5,118.125,202.5,251.125,237.0,202.25,235.0,261.8826,48.9159,0.1868,1,1,267,1
267,3,0,1,1,1,1,0.9863,0.9863,0.8457,0.8369,782.0,328.0,515.5,336.0,658.0,424.5,618.0,422.0,266.62,40.078,0.1503,1,1,268,1
267,3,0,0,1,1,1,0.9858,0.9883,0.7822,0.8208,1205.0,343.5,915.0,334.5,1159.0,438.5,1059.0,393.5,290.1396,109.6586,0.378,1,1,268,1
267,3,0,2,1,1,1,0.9932,0.9834,0.9351,0.856,383.25,208.0,117.75,206.0,248.25,237.0,196.0,227.0,265.5075,53.1983,0.2004,1,1,268,1
268,3,0,0,1,1,1,0.9844,0.9902,0.7778,0.8286,1205.0,341.5,923.0,331.5,1152.0,432.5,1064.0,403.0,282.1772,92.813,0.3289,1,1,269,1
268,3,0,2,1,1,1,0.9927,0.9839,0.9341,0.8643,380.25,206.0,114.875,205.0,247.875,234.0,197.125,226.0,265.3769,51.3767,0.1936,1,1,269,1
268,3,0,1,1,1,1,0.9824,0.9878,0.8271,0.8525,786.0,324.5,512.0,330.5,658.5,423.5,596.5,440.0,274.0657,64.158,0.2341,1,1,269,1
269,3,0,0,1,1,1,0.9858,0.9912,0.7739,0.8384,1205.0,353.0,916.5,341.0,1162.0,434.0,1065.0,403.0,288.7495,101.8332,0.3527,1,1,270,1
269,3,0,1,1,1,1,0.9873,0.9878,0.856,0.8486,776.5,324.5,515.5,333.0,648.5,427.5,601.0,440.5,261.1384,49.2468,0.1886,1,1,270,1
269,3,0,2,1,1,1,0.9932,0.9829,0.936,0.8579,384.25,208.0,114.0,205.25,248.75,236.0,206.125,218.0,270.264,46.2698,0.1712,1,1,270,1
270,3,0,0,1,1,1,0.9863,0.9888,0.7832,0.8223,1212.0,345.5,920.5,335.0,1159.0,432.0,1058.0,412.0,291.689,102.9612,0.353,1,1,271,1
270,3,0,1,1,1,1,0.9868,0.9883,0.8457,0.8481,783.0,329.0,517.0,334.5,657.5,425.5,600.5,439.0,266.0569,58.5769,0.2202,1,1,271,1
270,3,0,2,1,1,1,0.9907,0.9893,0.9243,0.8809,376.0,215.0,113.6875,212.0,251.25,232.0,205.875,235.5,262.3297,45.5098,0.1735,1,1,271,1
271,3,0,0,1,1,1,0.9849,0.9888,0.751,0.8062,1214.0,346.5,919.5,335.0,1152.0,430.5,1059.0,403.0,294.7244,96.9807,0.3291,1,1,272,1
271,3,0,1,1,1,1,0.9878,0.9873,0.8589,0.8403,781.5,329.5,516.0,334.5,657.0,434.5,601.0,421.5,265.5471,57.4891,0.2165,1,1,272,1
271,3,0,2,1,1,1,0.9932,0.9839,0.9346,0.855,388.0,209.5,111.625,203.5,247.0,238.0,196.125,225.5,276.4401,52.3881,0.1895,1,1,272,1
272,3,0,0,1,1,1,0.9849,0.9917,0.7803,0.8472,1206.0,348.5,923.0,336.0,1162.0,434.5,1065.0,403.0,283.2759,101.9865,0.36,1,1,273,1
272,3,0,1,1,1,1,0.9883,0.9883,0.8516,0.8438,782.5,325.5,510.0,333.0,658.0,425.5,592.5,420.5,272.6032,65.6906,0.241,1,1,273,1
272,3,0,2,1,1,1,0.9927,0.9834,0.9331,0.8618,384.75,205.25,117.625,203.75,248.625,233.0,196.75,226.0,267.1292,52.3452,0.196,1,1,273,1
273,4,1,0,1,1,1,0.9849,0.9912,0.7827,0.8481,1205.0,354.0,920.0,338.5,1162.0,434.0,1066.0,403.5,285.4212,100.7286,0.3529,1,1,274,1
273,4,1,2,1,1,1,0.9932,0.9819,0.9375,0.8589,381.75,213.5,116.0,211.5,250.0,233.0,196.5,216.75,265.7575,55.9134,0.2104,1,1,274,1
273,4,1,1,1,1,1,0.9844,0.9868,0.8325,0.8369,785.0,328.0,510.75,333.0,658.0,441.0,595.5,440.5,274.2956,62.502,0.2279,1,1,274,1
273,4,1,52,0,0,1,0.2123,0.2832,0.1038,0.1154,967.0,0.0,320.0,0.0,964.5,0.0,261.0,0.0,647.0,703.5,1.0873,1,0,0,0
274,4,1,0,1,1,1,0.9844,0.9917,0.7769,0.8506,1202.0,348.0,916.0,335.0,1153.0,424.5,1049.0,401.5,286.2953,106.5129,0.372,1,1,275,1
274,4,1,1,1,1,1,0.9883,0.9858,0.856,0.8184,782.5,329.0,512.5,336.5,657.5,435.0,601.0,430.5,270.1041,56.6789,0.2098,1,1,275,1
274,4,1,2,1,1,1,0.9927,0.9819,0.9409,0.8677,383.5,209.5,117.5,208.5,248.375,228.5,195.625,226.5,266.0019,52.7879,0.1984,1,1,275,1
274,4,1,52,0,0,1,0.152,0.2047,0.12,0.1305,955.0,0.0,308.0,0.0,964.0,0.0,302.75,0.0,647.0,661.25,1.022,1,0,0,0
275,3,0,1,1,1,1,0.9893,0.9873,0.8638,0.8286,781.0,328.5,512.0,336.0,657.0,425.5,601.5,421.5,269.1045,55.644,0.2068,1,1,276,1
275,3,0,0,1,1,1,0.9849,0.9917,0.7856,0.8486,1204.0,349.5,915.0,336.5,1153.0,425.0,1049.0,401.5,289.2922,106.622,0.3686,1,1,276,1
275,3,0,2,1,1,1,0.9912,0.9863,0.9287,0.8755,378.0,205.0,116.625,204.75,252.25,227.0,203.5,226.5,261.3751,48.7526,0.1865,1,1,276,1
276,3,0,0,1,1,1,0.9834,0.9912,0.7598,0.8408,1205.0,347.5,916.5,336.0,1163.0,426.0,1065.0,403.0,288.7291,100.6628,0.3486,1,1,277,1
276,3,0,2,1,1,1,0.9907,0.9902,0.9253,0.894,374.75,212.0,111.625,212.75,249.875,232.0,205.375,236.0,263.1261,44.6794,0.1698,1,1,277,1
276,3,0,1,1,1,1,0.9883,0.9858,0.8735,0.8423,777.0,326.5,512.5,332.5,657.5,435.0,602.0,422.5,264.568,56.8902,0.215,1,1,277,1
277,3,0,1,1,1,1,0.9893,0.9854,0.8789,0.835,774.5,326.5,517.5,334.0,649.0,425.5,602.5,421.5,257.1094,46.6717,0.1815,1,1,278,1
277,3,0,0,1,1,1,0.9849,0.9917,0.7734,0.8486,1202.0,353.0,914.5,341.0,1164.0,434.0,1067.0,404.0,287.7503,101.5332,0.3529,1,1,278,1
277,3,0,2,1,1,1,0.9932,0.9824,0.9365,0.856,386.5,207.25,117.25,205.5,248.0,223.75,195.625,225.0,269.2557,52.3899,0.1946,1,1,278,1
278,3,0,0,1,1,1,0.9858,0.9878,0.7778,0.8052,1207.0,352.5,915.0,340.5,1160.0,441.0,1059.0,403.0,292.2465,107.912,0.3692,1,1,279,1
278,3,0,2,1,1,1,0.9912,0.9897,0.9243,0.8774,373.75,207.0,107.0,207.0,250.25,232.0,206.375,235.5,266.75,44.0144,0.165,1,1,279,1
278,3,0,1,1,1,1,0.9849,0.9873,0.8281,0.835,779.0,332.0,511.75,334.0,660.0,439.5,606.5,423.0,267.2575,55.9866,0.2095,1,1,279,1
279,3,0,0,1,1,1,0.9824,0.9917,0.7417,0.8423,1206.0,348.5,919.0,337.5,1153.0,425.0,1066.0,402.5,287.2107,89.8624,0.3129,1,1,280,1
279,3,0,2,1,1,1,0.9932,0.9814,0.9429,0.8594,384.25,207.75,113.125,205.5,247.875,223.5,196.75,216.5,271.1343,51.602,0.1903,1,1,280,1
279,3,0,1,1,1,1,0.9849,0.9878,0.8223,0.8384,780.0,332.0,503.5,334.0,659.0,440.0,598.0,422.5,276.5072,63.4606,0.2295,1,1,280,1
280,3,0,0,1,1,1,0.9849,0.9912,0.7837,0.8467,1205.0,344.5,920.5,331.0,1162.0,433.5,1048.0,401.5,284.8201,118.4061,0.4157,1,1,281,1
280,3,0,1,1,1,1,0.9844,0.9863,0.8354,0.8394,783.5,327.5,507.75,333.5,651.0,433.0,596.0,441.0,275.8153,55.5788,0.2015,1,1,281,1
280,3,0,2,1,1,1,0.9927,0.9834,0.9331,0.8604,385.0,214.0,111.625,212.25,248.375,228.75,196.75,226.5,273.3806,51.674,0.189,1,1,281,1
281,3,0,0,1,1,1,0.9854,0.9912,0.8052,0.8608,1203.0,347.0,918.0,336.5,1161.0,425.5,1049.0,402.0,285.1934,114.4388,0.4013,1,1,282,1
281,3,0,1,1,1,1,0.9844,0.9873,0.8223,0.8369,782.0,331.5,507.75,335.5,652.0,433.0,604.0,440.5,274.2792,48.5824,0.1771,1,1,282,1
281,3,0,2,1,1,1,0.9927,0.9834,0.9336,0.8643,386.5,212.5,113.625,207.75,247.5,237.0,196.875,218.0,272.9163,54.073,0.1981,1,1,282,1
282,3,0,0,1,1,1,0.9858,0.9922,0.7725,0.8374,1210.0,343.5,920.0,333.5,1160.0,434.0,1049.0,401.5,290.1724,115.6601,0.3986,1,1,283,1
282,3,0,2,1,1,1,0.9932,0.9839,0.9326,0.8604,384.0,207.5,109.625,205.75,247.375,237.0,197.0,217.5,274.3806,54.0175,0.1969,1,1,283,1
282,3,0,1,1,1,1,0.9829,0.9883,0.8198,0.856,780.5,325.5,510.25,335.0,658.5,440.5,598.0,432.0,270.4169,61.0942,0.2259,1,1,283,1
283,3,0,0,1,1,1,0.9844,0.9917,0.7959,0.8647,1202.0,345.0,924.0,335.5,1152.0,425.0,1065.0,403.5,278.1623,89.6172,0.3222,1,1,284,1
283,3,0,1,1,1,1,0.9844,0.9863,0.8369,0.8438,780.5,332.0,508.5,333.5,651.5,441.0,606.0,442.0,272.0041,45.511,0.1673,1,1,284,1
283,3,0,2,1,1,1,0.9907,0.9863,0.9287,0.8755,377.25,202.75,113.3125,201.25,251.375,238.0,202.875,236.0,263.9418,48.5412,0.1839,1,1,284,1
284,4,1,0,1,1,1,0.9854,0.9922,0.7642,0.8413,1207.0,347.5,912.0,335.5,1163.0,434.0,1048.0,401.0,295.244,119.6411,0.4052,1,1,285,1
284,4,1,1,1,1,1,0.9849,0.9868,0.854,0.8569,779.5,329.0,510.25,336.5,651.0,441.0,596.5,442.0,269.3544,54.5092,0.2024,1,1,285,1
284,4,1,2,1,1,1,0.9897,0.9849,0.9341,0.8848,375.75,201.75,118.125,201.0,252.5,237.0,203.125,236.0,257.6261,49.3851,0.1917,1,1,285,1
284,4,1,53,0,0,1,0.1351,0.1721,0.1357,0.1367,954.0,0.0,297.0,0.0,958.0,0.0,295.75,0.0,657.0,662.25,1.008,1,0,0,0
285,3,0,0,1,1,1,0.9858,0.9873,0.7817,0.8027,1210.0,348.0,918.0,336.5,1152.0,431.5,1057.0,411.5,292.2264,97.0824,0.3322,1,1,286,1
285,3,0,1,1,1,1,0.9844,0.9868,0.8364,0.8438,786.0,330.5,514.5,333.5,650.5,431.5,605.0,432.0,271.5166,45.5027,0.1676,1,1,286,1
285,3,0,2,1,1,1,0.9902,0.9849,0.9326,0.8813,376.75,201.75,117.1875,200.75,252.0,237.0,203.25,236.5,259.5644,48.7526,0.1878,1,1,286,1
286,3,0,1,1,1,1,0.9868,0.9858,0.8706,0.8481,780.0,329.0,515.0,336.0,657.0,433.5,601.5,422.0,265.0924,56.6789,0.2138,1,1,287,1
286,3,0,0,1,1,1,0.9849,0.9912,0.7847,0.8491,1207.0,341.5,921.0,329.0,1152.0,424.0,1066.0,402.0,286.273,88.7694,0.3101,1,1,287,1
286,3,0,2,1,1,1,0.9917,0.9863,0.9316,0.8677,377.5,206.0,113.5,207.5,251.375,237.5,202.5,235.5,264.0043,48.9159,0.1853,1,1,287,1
287,4,1,0,1,1,1,0.9868,0.9907,0.7988,0.8359,1209.0,346.5,918.5,330.5,1161.0,433.5,1057.0,402.5,290.9403,108.5219,0.373,1,1,288,1
287,4,1,1,1,1,1,0.9888,0.9849,0.8789,0.834,776.5,329.0,513.0,333.0,657.5,425.0,610.0,422.5,263.5304,47.5657,0.1805,1,1,288,1
287,4,1,2,1,1,1,0.9912,0.9849,0.9331,0.8716,378.25,202.5,119.4375,201.0,251.625,236.5,203.5,236.5,258.8168,48.125,0.1859,1,1,288,1
287,4,1,54,0,0,1,0.1859,0.1981,0.1289,0.1128,943.0,0.0,288.0,0.0,959.0,0.0,296.75,0.0,655.0,662.25,1.0111,1,0,0,0
288,3,0,1,1,1,1,0.9873,0.9854,0.8794,0.854,778.5,325.0,518.5,330.5,656.5,435.5,593.0,431.0,260.0582,63.6592,0.2448,1,1,289,1
288,3,0,0,1,1,1,0.9863,0.9873,0.7808,0.7886,1210.0,347.0,919.5,338.0,1160.0,440.0,1058.0,412.0,290.6394,105.7733,0.3639,1,1,289,1
288,3,0,2,1,1,1,0.9927,0.9819,0.939,0.8657,385.0,205.5,114.375,199.5,247.875,225.0,197.25,226.25,270.6915,50.6404,0.1871,1,1,289,1
289,4,1,0,1,1,1,0.9849,0.9917,0.7744,0.8521,1203.0,351.5,915.5,338.0,1162.0,433.0,1066.0,403.5,287.8168,100.4303,0.3489,1,1,290,1
289,4,1,1,1,1,1,0.9854,0.9878,0.8452,0.853,777.5,329.5,509.0,336.0,660.0,441.5,598.0,441.5,268.5787,62.0,0.2308,1,1,290,1
289,4,1,2,1,1,1,0.9902,0.9863,0.9258,0.8804,382.0,206.5,119.4375,205.0,251.375,236.5,203.625,237.5,262.5668,47.7605,0.1819,1,1,290,1
289,4,1,55,0,0,1,0.1317,0.163,0.1065,0.1065,953.0,0.0,291.5,0.0,957.5,0.0,274.5,0.0,661.5,683.0,1.0325,1,0,0,0
290,3,0,0,1,1,1,0.9858,0.9912,0.7881,0.8379,1206.0,344.0,920.0,332.5,1162.0,434.0,1066.0,403.0,286.2311,100.8811,0.3524,1,1,291,1
290,3,0,1,1,1,1,0.9883,0.9873,0.8589,0.8364,772.5,323.5,509.0,330.0,658.5,434.0,603.0,421.5,263.5802,56.8902,0.2158,1,1,291,1
290,3,0,2,1,1,1,0.9907,0.9858,0.9292,0.8716,375.0,211.0,119.1875,209.0,250.875,237.0,203.125,236.5,255.8203,47.7526,0.1867,1,1,291,1
291,3,0,0,1,1,1,0.9858,0.9888,0.7866,0.8262,1208.0,345.5,919.0,337.0,1158.0,430.0,1059.0,393.0,289.125,105.6882,0.3655,1,1,292,1
291,3,0,1,1,1,1,0.9878,0.9863,0.8672,0.8462,777.0,320.5,513.0,326.5,658.0,434.5,600.5,440.0,264.0682,57.7624,0.2187,1,1,292,1
291,3,0,2,1,1,1,0.9917,0.9834,0.9312,0.8706,379.0,209.5,117.625,209.0,256.0,247.0,213.5,220.5,261.3755,50.0849,0.1916,1,1,292,1
292,4,1,0,1,1,1,0.9858,0.9917,0.8018,0.8545,1203.0,339.5,919.5,328.0,1153.0,423.5,1066.0,402.5,283.7331,89.4986,0.3154,1,1,293,1
292,4,1,1,1,1,1,0.9878,0.9863,0.8726,0.8418,782.0,323.0,517.5,329.5,657.0,425.0,601.5,421.0,264.5799,55.644,0.2103,1,1,293,1
292,4,1,2,1,1,1,0.9902,0.9863,0.9243,0.8745,377.5,208.0,116.5,204.5,259.5,247.0,203.625,237.5,261.0235,56.6769,0.2171,1,1,293,1
292,4,1,56,0,0,1,0.1459,0.1683,0.1154,0.1095,950.0,0.0,290.75,0.0,967.0,0.0,286.0,0.0,659.25,681.0,1.033,1,0,0,0
293,3,0,1,1,1,1,0.9883,0.9849,0.8823,0.8418,778.0,325.0,520.0,329.5,657.0,434.5,601.5,440.0,258.0392,55.7719,0.2161,1,1,294,1
293,3,0,0,1,1,1,0.9863,0.9878,0.7896,0.8096,1208.0,346.5,919.5,337.0,1160.0,431.5,1059.0,402.5,288.6564,105.0809,0.364,1,1,294,1
293,3,0,2,1,1,1,0.9917,0.9805,0.9385,0.8662,381.5,210.5,116.625,206.5,264.75,247.5,207.0,229.5,264.9052,60.4902,0.2283,1,1,294,1
294,3,0,0,1,1,1,0.9854,0.9888,0.7856,0.8237,1207.0,347.5,919.5,338.0,1160.0,439.5,1059.0,402.5,287.6569,107.5639,0.3739,1,1,295,1
294,3,0,1,1,1,1,0.9868,0.9858,0.8745,0.8569,778.5,325.0,516.5,329.5,657.5,425.0,601.5,430.5,262.0386,56.2694,0.2147,1,1,295,1
294,3,0,2,1,1,1,0.9907,0.9858,0.9282,0.8716,375.5,202.0,116.875,202.5,259.25,237.0,212.5,227.75,258.6255,47.6563,0.1843,1,1,295,1
295,3,0,1,1,1,1,0.9878,0.9854,0.8765,0.8428,777.0,326.5,518.0,336.5,656.5,435.5,601.0,440.5,259.193,55.7248,0.215,1,1,296,1
295,3,0,0,1,1,1,0.9858,0.9922,0.7759,0.8438,1208.0,343.0,918.0,328.5,1162.0,433.5,1057.0,402.5,290.3623,109.4806,0.377,1,1,296,1
295,3,0,2,1,1,1,0.9937,0.9805,0.9468,0.8467,385.0,217.5,114.625,212.5,264.25,239.0,196.25,218.0,270.4212,71.1688,0.2632,1,1,296,1
296,3,0,1,1,1,1,0.9888,0.9854,0.8818,0.8403,777.0,328.0,517.0,334.5,649.0,436.0,591.0,440.0,260.0812,58.1378,0.2235,1,1,297,1
296,3,0,0,1,1,1,0.9849,0.9907,0.7778,0.8276,1207.0,346.0,919.0,333.0,1162.0,425.0,1065.0,403.0,288.2933,99.4636,0.345,1,1,297,1
296,3,0,2,1,1,1,0.9912,0.9893,0.9312,0.8828,375.75,205.5,107.875,205.5,258.0,243.0,206.5,237.0,267.875,51.8483,0.1936,1,1,297,1
297,3,0,0,1,1,1,0.9819,0.9917,0.7744,0.8657,1206.0,350.5,920.5,336.0,1161.0,434.0,1057.0,403.5,285.868,108.3801,0.3791,1,1,298,1
297,3,0,1,1,1,1,0.9873,0.9849,0.8794,0.8506,776.0,328.0,516.0,333.5,656.5,434.5,592.5,422.0,260.0582,65.2093,0.2507,1,1,298,1
297,3,0,2,1,1,1,0.9946,0.9819,0.9307,0.8394,391.75,221.0,108.875,211.5,260.75,233.5,197.75,234.0,283.0345,63.002,0.2226,1,1,298,1
298,4,1,0,1,1,1,0.9858,0.9897,0.7656,0.8228,1213.0,350.5,918.5,340.5,1159.0,447.5,1058.0,393.5,294.6697,114.5295,0.3887,1,1,299,1
298,4,1,1,1,1,1,0.9868,0.9854,0.8799,0.8555,776.5,327.0,519.5,334.0,656.5,425.5,601.5,422.0,257.0953,55.1113,0.2144,1,1,299,1
298,4,1,2,1,1,1,0.9917,0.9849,0.9365,0.8701,375.0,202.0,117.4375,202.5,250.25,236.5,212.25,227.5,257.563,39.0512,0.1516,1,1,299,1
298,4,1,57,0,0,1,0.1403,0.1665,0.0912,0.086,953.0,0.0,288.75,0.0,949.0,0.0,303.25,0.0,664.25,645.75,0.9721,1,0,0,0
299,3,0,0,1,1,1,0.9854,0.9888,0.7637,0.8022,1210.0,348.5,919.5,340.0,1159.0,432.5,1049.0,411.0,290.6243,112.0814,0.3857,1,1,300,1
299,3,0,2,1,1,1,0.9912,0.9863,0.9272,0.8735,376.0,211.25,121.375,209.75,258.5,238.5,213.0,238.0,254.6294,45.5027,0.1787,1,1,300,1
299,3,0,1,1,1,1,0.9868,0.9868,0.8628,0.8569,779.0,326.0,519.0,334.0,657.0,426.0,601.0,440.0,260.123,57.7235,0.2219,1,1,300,1
