frame,raw_num_people,anomaly,track_id,conf_ok,boundary_ok,overlap_ok,conf_ls,conf_rs,conf_lw,conf_rw,ls_x,ls_y,rs_x,rs_y,lw_x,lw_y,rw_x,rw_y,shoulder_dist,wrist_dist,ratio,frontal,hands_now,consecutive_frames,confirmed
0,4,1,0,1,1,1,0.9854,0.9834,0.895,0.8926,777.5,340.0,630.0,345.0,732.0,405.5,696.0,400.0,147.5847,36.4177,0.2468,1,1,1,0
0,4,1,1,1,1,1,0.9868,0.9819,0.9106,0.8794,996.5,352.0,859.0,349.0,950.0,390.0,903.5,375.0,137.5327,48.8595,0.3553,1,1,1,0
0,4,1,2,1,1,1,0.9868,0.9854,0.9189,0.9058,574.0,280.0,423.5,280.5,506.0,299.0,460.25,283.5,150.5008,48.3044,0.321,1,1,1,0
0,4,1,3,0,0,1,0.1536,0.1086,0.1025,0.0543,1046.0,0.0,293.0,0.0,918.0,0.0,316.25,0.0,753.0,601.75,0.7991,1,0,0,0
1,4,1,0,1,1,1,0.9878,0.98,0.9189,0.8828,777.5,338.5,632.5,345.0,732.5,387.5,695.5,399.0,145.1456,38.746,0.2669,1,1,2,0
1,4,1,2,1,1,1,0.9854,0.9868,0.9092,0.9116,571.5,277.0,427.0,276.5,504.75,299.5,469.25,284.0,144.5009,38.7363,0.2681,1,1,2,0
1,4,1,1,1,1,1,0.9878,0.9814,0.9165,0.8779,996.0,346.5,859.5,343.5,950.0,390.0,903.0,384.0,136.533,47.3814,0.347,1,1,2,0
1,4,1,3,0,0,1,0.1421,0.1017,0.13,0.0637,1069.0,0.0,319.0,0.0,903.5,0.0,301.0,0.0,750.0,602.5,0.8033,1,0,0,0
2,4,1,0,1,1,1,0.9873,0.9829,0.9067,0.8892,778.5,342.0,631.0,345.5,732.5,396.5,695.5,400.0,147.5415,37.1652,0.2519,1,1,3,0
2,4,1,1,1,1,1,0.9868,0.9814,0.9111,0.8799,995.0,349.5,856.5,349.0,951.0,389.5,904.0,375.0,138.5009,49.1859,0.3551,1,1,3,0
2,4,1,2,1,1,1,0.9868,0.9863,0.9126,0.9062,572.0,280.0,427.5,280.0,513.0,300.0,469.5,284.0,144.5,46.3492,0.3208,1,1,3,0
2,4,1,3,0,0,1,0.1176,0.0887,0.1409,0.0725,1079.0,0.0,305.25,0.0,949.5,0.0,291.75,0.0,773.75,657.75,0.8501,1,0,0,0
3,4,1,0,1,1,1,0.9868,0.9819,0.9058,0.8843,777.0,339.0,630.0,341.0,732.5,396.5,696.5,400.0,147.0136,36.1697,0.246,1,1,4,0
3,4,1,2,1,1,1,0.9844,0.9868,0.9053,0.9146,568.5,280.0,425.75,280.0,506.5,299.5,460.25,292.0,142.75,46.8542,0.3282,1,1,4,0
3,4,1,1,1,1,1,0.9893,0.9829,0.9238,0.8813,995.0,350.5,854.5,348.0,959.5,391.0,894.5,383.5,140.5222,65.4313,0.4656,1,1,4,0
3,4,1,3,0,0,1,0.127,0.0932,0.1472,0.0742,1076.0,0.0,320.75,0.0,960.0,0.0,311.5,0.0,755.25,648.5,0.8587,1,0,0,0
4,4,1,0,1,1,1,0.9868,0.9834,0.8989,0.8882,778.0,340.5,631.0,344.0,732.5,387.0,696.5,399.5,147.0417,38.1084,0.2592,1,1,5,0
4,4,1,1,1,1,1,0.9844,0.9863,0.8843,0.8906,998.0,348.0,854.5,348.5,951.0,396.0,906.0,385.5,143.5009,46.2088,0.322,1,1,5,0
4,4,1,2,1,1,1,0.9858,0.9873,0.9092,0.9111,571.0,280.5,426.0,277.5,505.0,300.0,469.25,293.0,145.031,36.4289,0.2512,1,1,5,0
4,4,1,3,0,0,1,0.1904,0.14,0.0874,0.0514,1034.0,0.0,234.25,0.0,981.0,0.0,267.25,0.0,799.75,713.75,0.8925,1,0,0,0
5,4,1,0,1,1,1,0.9854,0.9834,0.8945,0.8911,777.0,342.0,628.0,341.0,733.5,396.0,696.0,391.0,149.0034,37.8319,0.2539,1,1,6,1
5,4,1,2,1,1,1,0.9863,0.9858,0.9141,0.9072,572.0,280.0,422.25,280.0,505.5,300.0,469.5,293.0,149.75,36.6742,0.2449,1,1,6,1
5,4,1,1,1,1,1,0.9883,0.9805,0.9209,0.874,995.0,344.5,859.0,343.0,951.0,389.0,903.5,375.0,136.0083,49.5202,0.3641,1,1,6,1
5,4,1,3,0,0,1,0.179,0.1136,0.1678,0.0662,1066.0,0.0,286.75,0.0,908.5,0.0,303.0,0.0,779.25,605.5,0.777,1,0,0,0
6,4,1,0,1,1,1,0.9873,0.9819,0.9033,0.8794,777.5,341.5,629.0,343.5,732.5,396.5,687.5,399.5,148.5135,45.0999,0.3037,1,1,7,1
6,4,1,1,1,1,1,0.9854,0.9863,0.8916,0.8896,1002.5,344.5,855.0,348.0,949.0,387.0,897.5,384.0,147.5415,51.5873,0.3496,1,1,7,1
6,4,1,2,1,1,1,0.9868,0.9868,0.9146,0.9082,571.0,277.5,422.75,279.0,506.0,299.5,469.25,293.0,148.2576,37.3204,0.2517,1,1,7,1
6,4,1,3,0,0,1,0.1493,0.1176,0.1359,0.0723,1092.0,0.0,298.25,0.0,938.5,0.0,300.75,0.0,793.75,637.75,0.8035,1,0,0,0
7,4,1,0,1,1,1,0.9858,0.9834,0.8906,0.8862,779.0,341.5,628.5,344.0,733.0,397.0,696.0,400.0,150.5208,37.1214,0.2466,1,1,8,1
7,4,1,1,1,1,1,0.9849,0.9873,0.8862,0.896,999.5,345.0,855.0,345.5,950.0,396.0,898.0,385.0,144.5009,53.1507,0.3678,1,1,8,1
7,4,1,2,1,1,1,0.9863,0.9873,0.9106,0.9136,572.0,277.5,421.0,279.0,498.5,299.0,461.0,283.5,151.0075,40.5771,0.2687,1,1,8,1
7,4,1,3,0,0,1,0.1287,0.0957,0.1389,0.0698,1065.0,0.0,311.75,0.0,916.0,0.0,328.5,0.0,753.25,587.5,0.78,1,0,0,0
8,4,1,0,1,1,1,0.9868,0.9805,0.9141,0.8833,778.0,344.0,629.0,351.0,732.5,397.0,686.0,400.0,149.1643,46.5967,0.3124,1,1,9,1
8,4,1,1,1,1,1,0.9893,0.981,0.9282,0.8779,994.5,349.5,858.5,348.5,951.0,389.0,894.5,375.0,136.0037,58.2087,0.428,1,1,9,1
8,4,1,2,1,1,1,0.9858,0.9868,0.9131,0.916,573.0,277.0,424.0,278.5,516.0,290.0,460.25,283.0,149.0076,56.1877,0.3771,1,1,9,1
8,4,1,3,0,0,1,0.1321,0.1041,0.0774,0.0504,1024.0,0.0,245.75,0.0,983.0,0.0,314.25,0.0,778.25,668.75,0.8593,1,0,0,0
9,4,1,0,1,1,1,0.9863,0.9824,0.8994,0.8857,778.0,342.0,629.0,347.0,725.0,396.0,695.0,390.5,149.0839,30.5,0.2046,1,1,10,1
9,4,1,1,1,1,1,0.9878,0.981,0.9155,0.876,996.0,345.0,857.5,343.0,951.5,389.0,903.5,375.0,138.5144,50.0,0.361,1,1,10,1
9,4,1,2,1,1,1,0.9888,0.9858,0.9146,0.9072,580.0,280.0,431.25,279.5,511.75,296.0,458.25,283.0,148.7508,55.0568,0.3701,1,1,10,1
9,4,1,3,0,0,1,0.1276,0.1088,0.0737,0.0438,1092.0,0.0,320.0,0.0,952.0,0.0,301.25,0.0,772.0,650.75,0.8429,1,0,0,0
10,4,1,0,1,1,1,0.9868,0.9834,0.9014,0.8926,778.0,340.5,630.0,342.5,732.0,404.5,687.5,390.5,148.0135,46.6503,0.3152,1,1,11,1
10,4,1,1,1,1,1,0.9873,0.9819,0.9136,0.8857,992.0,345.0,856.0,341.0,952.0,398.0,911.5,376.0,136.0588,46.0896,0.3387,1,1,11,1
10,4,1,2,1,1,1,0.9863,0.9893,0.9058,0.9189,572.5,278.0,422.0,279.0,507.25,300.0,459.5,283.0,150.5033,50.6859,0.3368,1,1,11,1
10,4,1,3,0,0,1,0.1882,0.1405,0.0953,0.0478,1086.0,0.0,290.25,0.0,921.0,0.0,312.25,0.0,795.75,608.75,0.765,1,0,0,0
11,4,1,0,1,1,1,0.9883,0.9854,0.9009,0.8906,777.5,335.5,635.0,336.5,726.5,401.5,692.0,401.5,142.5035,34.5,0.2421,1,1,12,1
11,4,1,2,1,1,1,0.9858,0.9873,0.9111,0.916,570.5,278.0,420.75,278.5,506.5,299.0,469.75,283.5,149.7508,39.885,0.2663,1,1,12,1
11,4,1,1,1,1,1,0.9829,0.9863,0.8745,0.8906,995.5,348.0,855.5,349.0,951.0,396.5,906.5,386.0,140.0036,45.722,0.3266,1,1,12,1
11,4,1,3,0,0,1,0.1373,0.0945,0.1304,0.0601,1074.0,0.0,310.0,0.0,942.0,0.0,300.25,0.0,764.0,641.75,0.84,1,0,0,0
12,3,0,0,1,1,1,0.9834,0.9844,0.8779,0.8945,779.5,342.5,630.5,348.0,732.5,405.0,696.0,400.5,149.1015,36.7764,0.2467,1,1,13,1
12,3,0,1,1,1,1,0.9858,0.9814,0.9062,0.8833,991.0,351.0,858.0,349.0,952.5,389.5,904.0,375.5,133.015,50.4802,0.3795,1,1,13,1
12,3,0,2,1,1,1,0.9854,0.9868,0.9111,0.9141,572.5,278.0,425.75,278.5,507.0,299.0,469.25,293.5,146.7509,38.1486,0.26,1,1,13,1
13,4,1,0,1,1,1,0.9868,0.9829,0.9062,0.8901,774.0,340.0,630.5,345.0,733.5,404.5,686.5,390.0,143.5871,49.1859,0.3426,1,1,14,1
13,4,1,1,1,1,1,0.9873,0.9819,0.9141,0.8843,995.0,350.5,857.5,349.0,951.5,389.0,903.5,375.0,137.5082,50.0,0.3636,1,1,14,1
13,4,1,2,1,1,1,0.9858,0.9873,0.9111,0.9141,572.5,277.5,425.25,278.5,499.25,290.0,459.75,292.0,147.2534,39.5506,0.2686,1,1,14,1
13,4,1,4,0,0,1,0.1658,0.1032,0.1268,0.0528,1080.0,0.0,284.25,0.0,913.5,0.0,301.0,0.0,795.75,612.5,0.7697,1,0,0,0
14,4,1,0,1,1,1,0.9858,0.9839,0.8936,0.8926,778.0,344.0,628.0,342.0,725.0,405.0,686.5,399.5,150.0133,38.8909,0.2592,1,1,15,1
14,4,1,1,1,1,1,0.9873,0.9839,0.9092,0.8901,994.5,346.0,855.5,343.5,951.0,389.0,911.0,375.5,139.0225,42.2167,0.3037,1,1,15,1
14,4,1,2,1,1,1,0.9858,0.9863,0.9136,0.9062,570.5,278.0,419.75,278.5,506.25,291.0,460.75,291.5,150.7508,45.5027,0.3018,1,1,15,1
14,4,1,4,0,0,1,0.1635,0.123,0.1256,0.0792,1014.0,0.0,232.0,0.0,986.0,0.0,279.25,0.0,782.0,706.75,0.9038,1,0,0,0
15,4,1,0,1,1,1,0.9873,0.9824,0.9033,0.8838,778.0,344.5,631.5,343.0,732.0,405.5,688.0,400.0,146.5077,44.3424,0.3027,1,1,16,1
15,4,1,1,1,1,1,0.9873,0.9819,0.9136,0.8853,995.0,350.5,857.5,349.5,951.5,389.5,911.0,376.0,137.5036,42.6907,0.3105,1,1,16,1
15,4,1,2,1,1,1,0.9883,0.9883,0.9238,0.9082,565.0,272.0,419.5,269.5,497.25,292.5,460.75,285.0,145.5215,37.2626,0.2561,1,1,16,1
15,4,1,4,0,0,1,0.2032,0.1577,0.0967,0.0616,1018.0,0.0,255.0,0.0,971.0,0.0,314.0,0.0,763.0,657.0,0.8611,1,0,0,0
16,4,1,0,1,1,1,0.9878,0.9834,0.9033,0.8843,780.0,346.0,629.5,346.5,724.5,405.0,686.5,400.0,150.5008,38.3275,0.2547,1,1,17,1
16,4,1,1,1,1,1,0.9878,0.981,0.9175,0.8813,994.0,353.5,852.0,343.0,953.0,389.5,913.0,376.0,142.3877,42.2167,0.2965,1,1,17,1
16,4,1,2,1,1,1,0.9893,0.9849,0.918,0.9023,572.0,283.5,424.75,283.0,511.0,297.0,460.25,296.0,147.2508,50.7599,0.3447,1,1,17,1
16,4,1,4,0,0,1,0.1682,0.1182,0.113,0.0552,1087.0,0.0,306.5,0.0,949.0,0.0,322.75,0.0,780.5,626.25,0.8024,1,0,0,0
17,4,1,0,1,1,1,0.9873,0.9819,0.9082,0.8794,779.0,337.5,633.0,341.5,723.0,405.5,686.5,399.5,146.0548,36.9899,0.2533,1,1,18,1
17,4,1,1,1,1,1,0.9844,0.9873,0.8823,0.8906,998.0,344.5,855.0,345.5,941.5,395.5,898.0,384.5,143.0035,44.8693,0.3138,1,1,18,1
17,4,1,2,1,1,1,0.9873,0.9863,0.915,0.9072,569.0,280.0,416.0,281.0,515.5,300.5,461.0,292.0,153.0033,55.1589,0.3605,1,1,18,1
17,4,1,4,0,0,1,0.1242,0.1021,0.0948,0.0527,1085.0,0.0,308.25,0.0,940.0,0.0,301.75,0.0,776.75,638.25,0.8217,1,0,0,0
18,4,1,0,1,1,1,0.9873,0.9824,0.9028,0.8784,779.0,342.5,628.0,347.5,724.5,405.5,685.5,408.5,151.0828,39.1152,0.2589,1,1,19,1
18,4,1,1,1,1,1,0.9873,0.9819,0.9116,0.8794,993.0,354.0,853.5,346.0,952.0,390.0,911.0,375.0,139.7292,43.6578,0.3124,1,1,19,1
18,4,1,2,1,1,1,0.9893,0.9858,0.9146,0.9072,573.0,278.5,428.5,281.0,514.0,287.5,458.0,281.5,144.5216,56.3205,0.3897,1,1,19,1
18,4,1,4,0,0,1,0.1484,0.1219,0.0995,0.0582,1057.0,0.0,291.75,0.0,935.0,0.0,305.25,0.0,765.25,629.75,0.8229,1,0,0,0
19,4,1,0,1,1,1,0.9878,0.9814,0.9087,0.8794,772.5,346.0,628.5,344.0,726.5,405.0,687.0,399.0,144.0139,39.9531,0.2774,1,1,20,1
19,4,1,1,1,1,1,0.9883,0.98,0.9209,0.8726,995.0,354.5,853.0,346.5,951.5,389.5,911.5,375.5,142.2252,42.3792,0.298,1,1,20,1
19,4,1,2,1,1,1,0.9868,0.9868,0.9155,0.9111,571.0,278.5,424.0,278.5,514.5,300.5,460.25,292.5,147.0,54.8367,0.373,1,1,20,1
19,4,1,4,0,0,1,0.1147,0.0883,0.1399,0.0754,1084.0,0.0,298.5,0.0,943.0,0.0,299.25,0.0,785.5,643.75,0.8195,1,0,0,0
20,4,1,0,1,1,1,0.9873,0.9819,0.9043,0.8818,777.5,346.0,626.5,344.0,725.5,404.5,686.5,399.5,151.0132,39.3192,0.2604,1,1,21,1
20,4,1,1,1,1,1,0.9878,0.9805,0.917,0.8745,992.5,346.0,856.0,343.5,950.5,389.5,903.5,375.0,136.5229,49.1859,0.3603,1,1,21,1
20,4,1,2,1,1,1,0.9863,0.9868,0.915,0.9106,573.5,278.0,421.25,279.0,507.25,299.0,469.75,293.5,152.2533,37.9012,0.2489,1,1,21,1
20,4,1,4,0,0,1,0.1584,0.1023,0.142,0.0606,1095.0,0.0,309.25,0.0,918.0,0.0,292.75,0.0,785.75,625.25,0.7957,1,0,0,0
21,4,1,0,1,1,1,0.9868,0.9819,0.9048,0.8833,773.5,347.0,628.0,344.5,726.5,414.5,686.0,409.0,145.5215,40.8718,0.2809,1,1,22,1
21,4,1,1,1,1,1,0.9863,0.9814,0.9097,0.8779,994.5,353.0,855.5,349.0,951.0,390.5,903.0,384.0,139.0575,48.4381,0.3483,1,1,22,1
21,4,1,2,1,1,1,0.9863,0.9863,0.9175,0.9121,570.5,278.0,423.5,278.0,506.25,299.0,469.0,283.5,147.0,40.3462,0.2745,1,1,22,1
21,4,1,4,0,0,1,0.1708,0.1292,0.1545,0.0801,1070.0,0.0,306.25,0.0,923.0,0.0,303.75,0.0,763.75,619.25,0.8108,1,0,0,0
22,4,1,0,1,1,1,0.9873,0.9824,0.9072,0.8857,778.5,339.5,629.0,345.0,732.0,396.5,687.0,399.0,149.6011,45.0694,0.3013,1,1,23,1
22,4,1,1,1,1,1,0.9902,0.9766,0.9312,0.8691,1002.5,357.0,860.5,353.0,954.5,399.0,906.0,384.0,142.0563,50.7666,0.3574,1,1,23,1
22,4,1,2,1,1,1,0.9897,0.9839,0.9224,0.8994,570.5,286.0,428.5,285.0,519.5,292.0,468.0,297.0,142.0035,51.7421,0.3644,1,1,23,1
22,4,1,4,0,0,1,0.1543,0.1329,0.0969,0.061,1058.0,0.0,292.0,0.0,935.0,0.0,321.0,0.0,766.0,614.0,0.8016,1,0,0,0
23,4,1,0,1,1,1,0.9858,0.9824,0.8984,0.8853,773.0,340.0,633.0,347.0,725.5,405.0,686.0,390.5,140.1749,42.0773,0.3002,1,1,24,1
23,4,1,1,1,1,1,0.9868,0.9834,0.9082,0.8877,992.5,350.5,853.0,348.0,951.5,390.0,903.5,374.5,139.5224,50.4406,0.3615,1,1,24,1
23,4,1,2,1,1,1,0.9873,0.9858,0.918,0.9038,571.5,277.5,425.25,279.0,515.5,299.5,469.5,284.0,146.2577,48.5412,0.3319,1,1,24,1
23,4,1,4,0,0,1,0.144,0.1,0.135,0.0623,1065.0,0.0,304.5,0.0,914.0,0.0,282.75,0.0,760.5,631.25,0.83,1,0,0,0
24,4,1,0,1,1,1,0.9883,0.9824,0.9092,0.8818,773.0,345.0,629.5,346.5,726.0,404.5,687.0,399.5,143.5078,39.3192,0.274,1,1,25,1
24,4,1,1,1,1,1,0.9878,0.9829,0.917,0.8906,989.0,345.5,852.5,337.5,951.0,389.5,904.5,374.5,136.7342,48.8595,0.3573,1,1,25,1
24,4,1,2,1,1,1,0.9888,0.9873,0.9097,0.9116,571.0,272.0,428.0,277.0,512.0,301.5,467.0,283.0,143.0874,48.6544,0.34,1,1,25,1
24,4,1,4,0,0,1,0.1365,0.1086,0.1261,0.069,1092.0,0.0,298.5,0.0,947.0,0.0,308.5,0.0,793.5,638.5,0.8047,1,0,0,0
25,4,1,0,1,1,1,0.9863,0.9829,0.9004,0.8882,773.5,342.0,628.0,347.0,726.5,396.5,686.5,399.5,145.5859,40.1123,0.2755,1,1,26,1
25,4,1,1,1,1,1,0.9868,0.981,0.9136,0.8828,990.5,347.0,855.0,340.0,953.0,389.0,912.0,375.5,135.6807,43.1654,0.3181,1,1,26,1
25,4,1,2,1,1,1,0.9858,0.9873,0.9116,0.916,572.5,278.0,424.5,279.0,516.0,300.0,469.25,293.5,148.0034,47.1997,0.3189,1,1,26,1
25,4,1,4,0,0,1,0.1482,0.0847,0.1624,0.062,1063.0,0.0,302.5,0.0,917.0,0.0,291.75,0.0,760.5,625.25,0.8222,1,0,0,0
26,4,1,0,1,1,1,0.9878,0.9814,0.9097,0.8779,777.5,345.0,628.0,346.5,725.5,396.0,695.0,400.0,149.5075,30.7612,0.2058,1,1,27,1
26,4,1,1,1,1,1,0.9868,0.9824,0.9082,0.8857,990.0,353.0,851.5,345.0,952.0,389.5,912.0,375.5,138.7309,42.3792,0.3055,1,1,27,1
26,4,1,2,1,1,1,0.9868,0.9897,0.9204,0.9248,572.0,273.0,421.0,271.0,505.5,293.0,459.0,285.0,151.0132,47.1832,0.3124,1,1,27,1
26,4,1,4,0,0,1,0.142,0.0866,0.1097,0.049,1053.0,0.0,301.75,0.0,943.0,0.0,298.25,0.0,751.25,644.75,0.8582,1,0,0,0
27,4,1,0,1,1,1,0.9873,0.9829,0.9058,0.8892,777.0,340.0,629.5,347.5,732.5,405.0,686.5,400.0,147.6906,46.2709,0.3133,1,1,28,1
27,4,1,1,1,1,1,0.9854,0.9844,0.8984,0.894,986.5,350.0,851.5,347.5,961.0,391.0,905.0,374.5,135.0231,58.3802,0.4324,1,1,28,1
27,4,1,2,1,1,1,0.9863,0.9858,0.916,0.9087,571.5,278.0,419.0,278.0,515.0,300.0,470.0,283.5,152.5,47.9296,0.3143,1,1,28,1
27,4,1,4,0,0,1,0.1479,0.1074,0.1395,0.0682,1062.0,0.0,302.75,0.0,926.5,0.0,312.25,0.0,759.25,614.25,0.809,1,0,0,0
28,4,1,0,1,1,1,0.9868,0.9819,0.9028,0.8794,774.5,342.0,629.0,347.0,726.5,396.5,686.5,399.0,145.5859,40.078,0.2753,1,1,29,1
28,4,1,1,1,1,1,0.9863,0.9844,0.9053,0.894,990.0,350.0,852.0,347.5,951.5,389.5,904.0,374.5,138.0226,49.8121,0.3609,1,1,29,1
28,4,1,2,1,1,1,0.9893,0.9854,0.917,0.9072,575.0,273.0,425.0,274.5,511.0,300.5,467.25,284.0,150.0075,46.758,0.3117,1,1,29,1
28,4,1,4,0,0,1,0.1445,0.1142,0.1362,0.0712,1082.0,0.0,308.25,0.0,940.0,0.0,281.75,0.0,773.75,658.25,0.8507,1,0,0,0
29,4,1,0,1,1,1,0.9873,0.9824,0.9038,0.8843,778.0,343.0,629.5,345.0,732.5,405.0,687.0,399.5,148.5135,45.8312,0.3086,1,1,30,1
29,4,1,1,1,1,1,0.9873,0.9819,0.9131,0.8828,989.0,345.0,849.5,343.0,951.5,399.0,912.5,375.5,139.5143,45.533,0.3264,1,1,30,1
29,4,1,2,1,1,1,0.9854,0.9873,0.9053,0.9141,570.5,278.5,415.75,279.0,515.5,310.0,470.0,293.5,154.7508,48.3994,0.3128,1,1,30,1
29,4,1,4,0,0,1,0.1404,0.0933,0.1334,0.0606,1087.0,0.0,305.75,0.0,948.0,0.0,280.25,0.0,781.25,667.75,0.8547,1,0,0,0
30,3,0,0,1,1,1,0.9873,0.9824,0.9053,0.8848,777.0,341.5,630.0,347.5,732.0,396.5,687.0,399.5,147.1224,45.0999,0.3065,1,1,31,1
30,3,0,1,1,1,1,0.9883,0.9814,0.9199,0.8862,990.0,353.0,854.5,343.0,953.0,389.0,912.5,376.0,135.8685,42.5353,0.3131,1,1,31,1
30,3,0,2,1,1,1,0.9888,0.9839,0.9146,0.8955,572.5,283.0,428.5,284.0,511.0,301.0,468.0,297.0,144.0035,43.1856,0.2999,1,1,31,1
31,4,1,0,1,1,1,0.9863,0.9844,0.8965,0.895,778.0,342.5,627.5,347.0,725.0,396.5,686.0,399.5,150.5673,39.1152,0.2598,1,1,32,1
31,4,1,1,1,1,1,0.9873,0.9839,0.9097,0.8911,991.0,351.0,851.5,346.0,952.0,399.5,911.5,376.0,139.5896,46.8241,0.3354,1,1,32,1
31,4,1,2,1,1,1,0.9858,0.9873,0.9097,0.9102,570.5,279.0,421.75,276.0,514.5,309.0,469.75,284.0,148.7802,51.2598,0.3445,1,1,32,1
31,4,1,5,0,0,1,0.1326,0.1067,0.1237,0.0668,1074.0,0.0,320.25,0.0,919.0,0.0,303.25,0.0,753.75,615.75,0.8169,1,0,0,0
32,4,1,0,1,1,1,0.9858,0.9824,0.9009,0.8887,776.0,342.5,629.5,345.0,724.5,397.0,686.5,399.0,146.5213,38.0526,0.2597,1,1,33,1
32,4,1,1,1,1,1,0.9868,0.9829,0.9087,0.8882,991.0,345.5,849.0,341.0,951.5,399.0,912.0,375.5,142.0713,45.9619,0.3235,1,1,33,1
32,4,1,2,1,1,1,0.9854,0.9863,0.9067,0.9058,572.5,280.0,421.25,280.5,514.0,301.0,469.75,293.0,151.2508,44.9673,0.2973,1,1,33,1
32,4,1,5,0,0,1,0.1599,0.1099,0.1235,0.0549,1076.0,0.0,312.75,0.0,931.5,0.0,311.25,0.0,763.25,620.25,0.8126,1,0,0,0
33,4,1,0,1,1,1,0.9849,0.9849,0.8882,0.8975,773.5,342.5,629.5,344.5,734.0,405.0,687.5,399.5,144.0139,46.8241,0.3251,1,1,34,1
33,4,1,1,1,1,1,0.9868,0.9844,0.9053,0.8955,991.0,354.0,850.0,345.0,952.0,398.5,904.0,375.5,141.2869,53.2259,0.3767,1,1,34,1
33,4,1,2,1,1,1,0.9893,0.9863,0.9141,0.9048,579.5,277.0,428.0,275.5,510.5,300.5,458.0,283.0,151.5074,55.3399,0.3653,1,1,34,1
33,4,1,5,0,0,1,0.1759,0.1337,0.1038,0.0541,1069.0,0.0,296.5,0.0,943.0,0.0,286.25,0.0,772.5,656.75,0.8502,1,0,0,0
34,4,1,0,1,1,1,0.9863,0.9829,0.8989,0.8882,778.0,340.5,630.0,345.0,724.0,405.5,686.5,399.5,148.0684,37.977,0.2565,1,1,35,1
34,4,1,1,1,1,1,0.9873,0.9819,0.918,0.8916,991.0,350.5,853.5,343.0,952.0,389.5,895.5,374.5,137.7044,58.4572,0.4245,1,1,35,1
34,4,1,2,1,1,1,0.9858,0.9873,0.9116,0.9146,569.0,278.0,423.75,278.0,506.0,299.0,469.25,283.5,145.25,39.885,0.2746,1,1,35,1
34,4,1,5,0,0,1,0.1803,0.1456,0.0728,0.0501,1025.0,0.0,253.0,0.0,986.0,0.0,297.5,0.0,772.0,688.5,0.8918,1,0,0,0
35,4,1,1,1,1,1,0.9873,0.9819,0.918,0.8906,989.0,351.0,851.5,343.0,951.5,390.5,904.5,384.0,137.7325,47.4473,0.3445,1,1,36,1
35,4,1,0,1,1,1,0.9868,0.9839,0.9019,0.8931,775.5,341.5,631.0,343.5,725.0,396.5,686.0,399.0,144.5138,39.08,0.2704,1,1,36,1
35,4,1,2,1,1,1,0.9873,0.9878,0.9155,0.9116,572.5,276.5,424.0,277.0,514.0,300.5,469.25,293.5,148.5008,45.2942,0.305,1,1,36,1
35,4,1,5,0,0,1,0.1635,0.1282,0.084,0.0497,1080.0,0.0,292.5,0.0,955.0,0.0,275.0,0.0,787.5,680.0,0.8635,1,0,0,0
36,4,1,0,1,1,1,0.9858,0.9844,0.8926,0.8916,778.5,344.0,630.0,347.5,725.0,405.5,686.5,400.5,148.5412,38.8233,0.2614,1,1,37,1
36,4,1,1,1,1,1,0.9883,0.9814,0.9194,0.8833,991.0,351.0,853.5,345.5,951.0,390.0,904.0,375.0,137.61,49.3356,0.3585,1,1,37,1
36,4,1,2,1,1,1,0.9858,0.9868,0.9121,0.915,574.0,280.0,425.0,277.5,515.0,300.0,468.5,283.0,149.021,49.5101,0.3322,1,1,37,1
36,4,1,5,0,0,1,0.1498,0.1204,0.1049,0.0621,1089.0,0.0,284.5,0.0,951.0,0.0,310.0,0.0,804.5,641.0,0.7968,1,0,0,0
37,4,1,0,1,1,1,0.9863,0.9844,0.896,0.896,777.5,343.0,628.0,344.5,725.5,405.0,686.5,399.5,149.5075,39.3859,0.2634,1,1,38,1
37,4,1,1,1,1,1,0.9878,0.9819,0.9189,0.8853,993.5,346.0,858.0,337.5,952.0,389.0,904.5,375.0,135.7663,49.5202,0.3647,1,1,38,1
37,4,1,2,1,1,1,0.9883,0.9863,0.9224,0.9048,568.0,283.0,427.0,281.5,515.5,299.5,459.25,286.0,141.008,57.8473,0.4102,1,1,38,1
37,4,1,5,0,0,1,0.1998,0.165,0.1184,0.0703,1093.0,0.0,302.5,0.0,929.5,0.0,277.75,0.0,790.5,651.75,0.8245,1,0,0,0
38,4,1,0,1,1,1,0.9868,0.9834,0.8994,0.8896,774.5,343.0,628.0,346.5,726.5,405.0,686.5,399.5,146.5418,40.3764,0.2755,1,1,39,1
38,4,1,1,1,1,1,0.9878,0.9814,0.9233,0.8901,989.0,345.5,853.0,338.0,951.0,389.5,895.0,374.0,136.2066,58.1055,0.4266,1,1,39,1
38,4,1,2,1,1,1,0.9902,0.9844,0.9238,0.8984,578.5,281.0,430.25,279.5,510.5,300.5,457.75,282.5,148.2576,55.7365,0.3759,1,1,39,1
38,4,1,5,0,0,1,0.1439,0.1011,0.1417,0.0692,1057.0,0.0,310.75,0.0,908.0,0.0,314.75,0.0,746.25,593.25,0.795,1,0,0,0
39,4,1,0,1,1,1,0.9868,0.9844,0.9014,0.895,776.5,343.0,630.5,344.5,724.5,405.0,687.0,399.5,146.0077,37.9012,0.2596,1,1,40,1
39,4,1,1,1,1,1,0.9873,0.9824,0.916,0.8901,992.5,353.0,855.5,346.0,952.0,389.5,904.0,375.5,137.1787,50.0,0.3645,1,1,40,1
39,4,1,2,1,1,1,0.9863,0.9878,0.9053,0.9077,571.5,279.0,421.25,279.0,506.0,309.5,469.0,293.5,150.25,40.3113,0.2683,1,1,40,1
39,4,1,5,0,0,1,0.1587,0.1069,0.1367,0.0599,1072.0,0.0,321.75,0.0,938.0,0.0,310.5,0.0,750.25,627.5,0.8364,1,0,0,0
40,4,1,0,1,1,1,0.9863,0.9829,0.8979,0.8872,773.5,342.5,630.5,344.5,734.0,404.5,696.5,399.5,143.014,37.8319,0.2645,1,1,41,1
40,4,1,1,1,1,1,0.9873,0.9785,0.9204,0.8716,993.5,353.5,853.5,346.0,952.0,399.0,912.5,376.5,140.2007,45.4588,0.3242,1,1,41,1
40,4,1,2,1,1,1,0.9893,0.9858,0.918,0.9097,575.5,284.0,428.5,283.0,502.5,299.5,458.0,282.0,147.0034,47.8174,0.3253,1,1,41,1
40,4,1,5,0,0,1,0.1453,0.1382,0.0901,0.064,1085.0,0.0,290.25,0.0,937.0,0.0,301.75,0.0,794.75,635.25,0.7993,1,0,0,0
41,4,1,0,1,1,1,0.9854,0.9844,0.8936,0.894,772.0,337.0,633.0,341.5,725.0,405.5,687.5,399.5,139.0728,37.977,0.2731,1,1,42,1
41,4,1,1,1,1,1,0.9873,0.9819,0.9116,0.8799,992.0,353.5,854.0,344.5,951.5,389.5,895.0,373.5,138.2932,58.7218,0.4246,1,1,42,1
41,4,1,2,1,1,1,0.9868,0.9888,0.9209,0.9209,569.0,272.0,420.75,268.0,513.0,313.5,462.0,293.0,148.304,54.9659,0.3706,1,1,42,1
41,4,1,5,0,0,1,0.1748,0.1379,0.1333,0.0865,1024.0,0.0,248.5,0.0,965.5,0.0,305.25,0.0,775.5,660.25,0.8514,1,0,0,0
42,4,1,0,1,1,1,0.9873,0.9824,0.9053,0.8843,777.0,339.0,630.0,341.0,724.5,397.0,687.0,399.0,147.0136,37.5533,0.2554,1,1,43,1
42,4,1,1,1,1,1,0.9888,0.981,0.9248,0.8799,990.0,345.0,852.0,342.5,951.0,390.0,894.5,383.0,138.0226,56.932,0.4125,1,1,43,1
42,4,1,2,1,1,1,0.9878,0.9878,0.9185,0.9102,574.0,280.5,425.25,278.5,514.5,299.5,469.25,287.0,148.7634,46.9448,0.3156,1,1,43,1
42,4,1,5,0,0,1,0.1436,0.1028,0.1548,0.074,1080.0,0.0,293.25,0.0,935.0,0.0,311.0,0.0,786.75,624.0,0.7931,1,0,0,0
43,4,1,0,1,1,1,0.9883,0.981,0.9131,0.877,779.0,340.0,631.5,341.5,724.5,405.0,686.0,399.5,147.5076,38.8909,0.2637,1,1,44,1
43,4,1,1,1,1,1,0.9878,0.9805,0.917,0.8774,992.0,354.0,854.5,342.5,951.5,389.5,904.5,375.0,137.9801,49.1859,0.3565,1,1,44,1
43,4,1,2,1,1,1,0.9863,0.9863,0.9136,0.9087,575.0,277.0,428.75,277.5,514.0,300.5,469.75,294.0,146.2509,44.7249,0.3058,1,1,44,1
43,4,1,5,0,0,1,0.1213,0.0979,0.1225,0.0734,1088.0,0.0,292.25,0.0,916.0,0.0,310.5,0.0,795.75,605.5,0.7609,1,0,0,0
44,4,1,0,1,1,1,0.9863,0.9834,0.9023,0.8916,779.0,343.0,627.5,346.5,725.5,404.5,686.0,399.5,151.5404,39.8152,0.2627,1,1,45,1
44,4,1,1,1,1,1,0.9878,0.981,0.9165,0.8755,994.0,349.5,854.5,342.5,951.0,389.0,894.0,374.0,139.6755,58.9406,0.422,1,1,45,1
44,4,1,2,1,1,1,0.9902,0.9844,0.9229,0.897,574.5,280.0,426.5,279.0,502.0,304.0,457.5,283.0,148.0034,49.2062,0.3325,1,1,45,1
44,4,1,5,0,0,1,0.1217,0.0702,0.1467,0.06,1076.0,0.0,312.5,0.0,931.0,0.0,308.5,0.0,763.5,622.5,0.8153,1,0,0,0
45,4,1,0,1,1,1,0.9858,0.9844,0.8979,0.8994,777.0,342.5,631.0,341.0,725.0,396.5,686.5,399.0,146.0077,38.5811,0.2642,1,1,46,1
45,4,1,1,1,1,1,0.9868,0.9814,0.9136,0.8853,992.0,354.0,854.5,342.5,951.5,390.0,904.5,375.0,137.9801,49.3356,0.3576,1,1,46,1
45,4,1,2,1,1,1,0.9893,0.9858,0.917,0.9077,576.0,281.0,435.5,279.0,501.25,303.0,466.5,284.0,140.5142,39.6051,0.2819,1,1,46,1
45,4,1,5,0,0,1,0.12,0.1095,0.1289,0.0811,1099.0,0.0,326.0,0.0,916.0,0.0,316.75,0.0,773.0,599.25,0.7752,1,0,0,0
46,4,1,0,1,1,1,0.9863,0.9844,0.894,0.8926,776.0,345.0,627.0,344.0,733.0,404.0,687.5,390.0,149.0034,47.6051,0.3195,1,1,47,1
46,4,1,1,1,1,1,0.9883,0.981,0.918,0.8799,991.5,345.0,854.0,343.0,952.0,399.0,904.0,385.0,137.5145,50.0,0.3636,1,1,47,1
46,4,1,2,1,1,1,0.9873,0.9858,0.9155,0.8994,573.0,280.0,426.75,280.5,504.5,309.0,469.0,293.5,146.2509,38.7363,0.2649,1,1,47,1
46,4,1,5,0,0,1,0.1396,0.0882,0.1301,0.0548,1090.0,0.0,300.25,0.0,928.0,0.0,291.0,0.0,789.75,637.0,0.8066,1,0,0,0
47,4,1,0,1,1,1,0.9873,0.981,0.9131,0.8838,776.0,345.5,629.0,344.0,725.5,396.5,686.5,399.0,147.0077,39.08,0.2658,1,1,48,1
47,4,1,1,1,1,1,0.9878,0.981,0.916,0.8799,995.0,353.5,856.0,343.5,953.0,389.5,912.0,376.0,139.3592,43.1654,0.3097,1,1,48,1
47,4,1,2,1,1,1,0.9888,0.9863,0.917,0.9097,577.5,281.5,430.25,279.5,501.75,304.0,458.5,283.0,147.2636,48.0787,0.3265,1,1,48,1
47,4,1,5,0,0,1,0.1324,0.0932,0.1225,0.056,1065.0,0.0,282.5,0.0,900.0,0.0,285.5,0.0,782.5,614.5,0.7853,1,0,0,0
48,4,1,0,1,1,1,0.9863,0.981,0.9028,0.8804,778.5,343.0,631.5,345.0,724.5,397.0,686.0,399.0,147.0136,38.5519,0.2622,1,1,49,1
48,4,1,1,1,1,1,0.9888,0.9805,0.9219,0.8745,994.0,352.5,856.5,347.5,952.0,388.5,904.0,375.0,137.5909,49.8623,0.3624,1,1,49,1
48,4,1,2,1,1,1,0.9893,0.9888,0.9258,0.9131,569.5,276.0,421.25,275.5,504.5,302.0,460.25,285.5,148.2508,47.2262,0.3186,1,1,49,1
48,4,1,5,0,0,1,0.1648,0.1295,0.0942,0.0635,1021.0,0.0,248.0,0.0,982.0,0.0,308.75,0.0,773.0,673.25,0.871,1,0,0,0
49,4,1,0,1,1,1,0.9883,0.9834,0.9058,0.8848,779.0,342.5,632.0,343.0,725.5,397.5,685.0,417.0,147.0009,44.95,0.3058,1,1,50,1
49,4,1,1,1,1,1,0.9883,0.9819,0.9204,0.8857,988.0,353.5,851.5,342.5,951.5,390.0,895.5,383.0,136.9425,56.4358,0.4121,1,1,50,1
49,4,1,2,1,1,1,0.9863,0.9873,0.9111,0.9126,572.0,280.5,423.25,280.5,514.0,309.5,468.75,294.0,148.75,47.8311,0.3216,1,1,50,1
49,4,1,5,0,0,1,0.1512,0.1355,0.1335,0.0808,1073.0,0.0,290.25,0.0,933.0,0.0,311.5,0.0,782.75,621.5,0.794,1,0,0,0
50,4,1,0,1,1,1,0.9868,0.9829,0.9009,0.8887,777.0,345.0,630.0,344.0,725.5,395.5,696.0,390.0,147.0034,30.0083,0.2041,1,1,51,1
50,4,1,1,1,1,1,0.9878,0.9814,0.9204,0.8862,994.5,346.0,857.0,337.5,952.0,389.0,904.0,375.0,137.7625,50.0,0.3629,1,1,51,1
50,4,1,2,1,1,1,0.9873,0.9863,0.916,0.9014,574.5,280.5,425.5,281.0,513.5,309.0,468.75,285.0,149.0008,50.7795,0.3408,1,1,51,1
50,4,1,5,0,0,1,0.145,0.1158,0.0871,0.0494,1065.0,0.0,293.0,0.0,949.5,0.0,307.0,0.0,772.0,642.5,0.8323,1,0,0,0
51,4,1,0,1,1,1,0.9863,0.9839,0.9033,0.8979,774.0,339.5,636.5,345.0,733.0,404.5,686.5,390.0,137.61,48.7083,0.354,1,1,52,1
51,4,1,1,1,1,1,0.9868,0.9814,0.9121,0.8813,994.0,346.0,857.0,338.0,951.5,398.0,895.5,375.0,137.2334,60.5392,0.4411,1,1,52,1
51,4,1,2,1,1,1,0.9873,0.9873,0.9136,0.9067,570.0,280.0,420.0,279.0,507.0,299.5,469.0,292.0,150.0033,38.7331,0.2582,1,1,52,1
51,4,1,5,0,0,1,0.1356,0.1101,0.1089,0.0561,1085.0,0.0,306.75,0.0,931.0,0.0,324.5,0.0,778.25,606.5,0.7793,1,0,0,0
52,4,1,1,1,1,1,0.9878,0.9834,0.9146,0.8877,991.0,345.0,851.5,343.0,951.5,399.0,903.5,375.0,139.5143,53.6656,0.3847,1,1,53,1
52,4,1,0,1,1,1,0.9883,0.9858,0.9023,0.8931,779.0,335.5,635.5,337.0,727.0,410.0,692.5,403.0,143.5078,35.203,0.2453,1,1,53,1
52,4,1,2,1,1,1,0.9907,0.9839,0.9316,0.9019,575.0,281.0,427.0,278.0,509.5,312.0,458.75,284.5,148.0304,57.7219,0.3899,1,1,53,1
52,4,1,5,0,0,1,0.14,0.1161,0.0983,0.0552,1094.0,0.0,308.75,0.0,964.0,0.0,316.0,0.0,785.25,648.0,0.8252,1,0,0,0
53,4,1,0,1,1,1,0.9858,0.9839,0.895,0.8931,777.0,339.0,630.5,341.0,724.5,396.0,696.0,390.5,146.5137,29.0259,0.1981,1,1,54,1
53,4,1,1,1,1,1,0.9854,0.9834,0.9043,0.895,993.0,354.5,854.0,345.5,951.5,399.0,912.0,376.0,139.2911,45.7083,0.3281,1,1,54,1
53,4,1,2,1,1,1,0.9902,0.9868,0.9307,0.9028,576.0,280.5,429.5,278.5,513.5,300.0,459.0,296.0,146.5137,54.6466,0.373,1,1,54,1
53,4,1,5,0,0,1,0.1248,0.0903,0.0966,0.0495,1071.0,0.0,283.25,0.0,913.0,0.0,295.5,0.0,787.75,617.5,0.7839,1,0,0,0
54,4,1,0,1,1,1,0.9849,0.9849,0.8916,0.9004,774.0,341.5,635.5,344.0,726.0,395.5,695.5,390.0,138.5226,30.9919,0.2237,1,1,55,1
54,4,1,1,1,1,1,0.9878,0.9819,0.9194,0.8848,994.0,345.0,858.5,343.0,951.5,398.0,903.5,376.0,135.5148,52.8015,0.3896,1,1,55,1
54,4,1,2,1,1,1,0.9902,0.9849,0.9253,0.9019,581.5,282.0,432.5,279.0,510.5,303.5,457.5,283.5,149.0302,56.648,0.3801,1,1,55,1
54,4,1,5,0,0,1,0.1411,0.1088,0.1113,0.0712,1023.5,0.0,249.25,0.0,964.0,0.0,314.25,0.0,774.25,649.75,0.8392,1,0,0,0
55,4,1,1,1,1,1,0.9873,0.9824,0.9141,0.8867,994.5,350.5,857.0,348.0,951.5,398.0,904.0,376.0,137.5227,52.3474,0.3806,1,1,56,1
55,4,1,0,1,1,1,0.9863,0.9849,0.8965,0.897,772.0,332.5,636.0,337.0,725.5,395.0,687.0,389.5,136.0744,38.8909,0.2858,1,1,56,1
55,4,1,2,1,1,1,0.9873,0.9863,0.916,0.9019,572.0,279.0,423.75,279.0,514.5,310.0,469.0,293.5,148.25,48.3994,0.3265,1,1,56,1
55,4,1,5,0,0,1,0.182,0.1401,0.0899,0.0586,1030.0,0.0,241.0,0.0,980.0,0.0,270.75,0.0,789.0,709.25,0.8989,1,0,0,0
56,4,1,0,1,1,1,0.9868,0.9834,0.9023,0.8926,776.5,339.0,634.0,340.5,725.0,396.0,695.0,390.5,142.5079,30.5,0.214,1,1,57,1
56,4,1,1,1,1,1,0.9873,0.9824,0.9121,0.8823,994.5,351.5,853.0,346.0,951.5,391.0,903.5,384.0,141.6069,48.5077,0.3426,1,1,57,1
56,4,1,2,1,1,1,0.9902,0.9844,0.9243,0.8999,578.5,281.0,430.5,280.0,501.75,304.0,466.25,284.0,148.0034,40.7462,0.2753,1,1,57,1
56,4,1,5,0,0,1,0.1534,0.1283,0.1142,0.0636,1099.0,0.0,302.25,0.0,958.0,0.0,291.25,0.0,796.75,666.75,0.8368,1,0,0,0
57,4,1,0,1,1,1,0.9863,0.9834,0.8989,0.8896,778.0,340.0,630.0,347.5,725.0,405.0,695.0,391.0,148.1899,33.1059,0.2234,1,1,58,1
57,4,1,1,1,1,1,0.9863,0.9824,0.9053,0.8818,993.5,346.0,851.0,343.0,951.0,399.5,904.5,384.5,142.5316,48.8595,0.3428,1,1,58,1
57,4,1,2,1,1,1,0.9888,0.9858,0.9263,0.9019,572.0,282.0,429.25,281.0,514.5,300.0,468.25,287.5,142.7535,47.9094,0.3356,1,1,58,1
57,4,1,5,0,0,1,0.1379,0.1072,0.1306,0.065,1074.0,0.0,287.5,0.0,926.0,0.0,299.0,0.0,786.5,627.0,0.7972,1,0,0,0
58,4,1,0,1,1,1,0.9863,0.9829,0.8989,0.8853,777.5,342.0,627.0,341.0,726.0,397.0,686.5,399.0,150.5033,39.5506,0.2628,1,1,59,1
58,4,1,1,1,1,1,0.9858,0.9834,0.9019,0.8901,992.5,345.5,855.5,342.5,951.0,389.5,904.0,374.5,137.0328,49.3356,0.36,1,1,59,1
58,4,1,2,1,1,1,0.9858,0.9868,0.9077,0.9097,576.0,280.5,428.0,281.0,515.0,309.0,469.0,294.5,148.0008,48.2312,0.3259,1,1,59,1
58,4,1,5,0,0,1,0.1899,0.1257,0.1197,0.0579,1076.0,0.0,299.5,0.0,949.0,0.0,294.5,0.0,776.5,654.5,0.8429,1,0,0,0
59,3,0,0,1,1,1,0.9863,0.9839,0.895,0.8916,776.0,345.0,626.5,346.5,726.0,396.0,695.5,399.5,149.5075,30.7002,0.2053,1,1,60,1
59,3,0,1,1,1,1,0.9878,0.9814,0.917,0.8799,994.5,350.5,856.0,346.0,952.5,390.0,911.5,375.5,138.5731,43.4885,0.3138,1,1,60,1
59,3,0,2,1,1,1,0.9902,0.9829,0.9282,0.8945,578.5,282.0,429.75,279.0,502.0,303.0,457.5,283.5,148.7802,48.585,0.3266,1,1,60,1
60,4,1,0,1,1,1,0.9863,0.9849,0.897,0.897,777.5,334.5,626.5,341.5,733.0,404.5,686.5,399.5,151.1622,46.768,0.3094,1,1,61,1
60,4,1,1,1,1,1,0.9873,0.981,0.9194,0.8823,993.5,350.5,857.5,346.0,951.5,389.5,904.0,375.5,136.0744,49.5202,0.3639,1,1,61,1
60,4,1,2,1,1,1,0.9893,0.9868,0.9277,0.9058,575.0,283.5,430.0,281.5,514.0,299.0,458.75,286.5,145.0138,56.6464,0.3906,1,1,61,1
60,4,1,6,0,0,1,0.1641,0.152,0.0689,0.0528,1019.0,0.0,252.0,0.0,998.0,0.0,252.0,0.0,767.0,746.0,0.9726,1,0,0,0
61,4,1,0,1,1,1,0.9873,0.9829,0.9062,0.8857,778.5,330.5,632.5,335.5,724.0,395.5,686.5,389.5,146.0856,37.977,0.26,1,1,62,1
61,4,1,1,1,1,1,0.9868,0.9819,0.9126,0.8833,995.0,345.0,858.5,343.5,951.0,389.0,894.5,375.0,136.5082,58.2087,0.4264,1,1,62,1
61,4,1,2,1,1,1,0.9873,0.9844,0.9214,0.897,575.0,281.0,426.75,280.0,513.5,309.0,468.5,285.0,148.2534,51.0,0.344,1,1,62,1
61,4,1,6,0,0,1,0.14,0.1041,0.1353,0.0681,1080.0,0.0,293.5,0.0,930.5,0.0,283.0,0.0,786.5,647.5,0.8233,1,0,0,0
62,4,1,0,1,1,1,0.9883,0.9824,0.9121,0.8838,776.0,343.0,636.0,345.0,724.0,396.5,686.5,399.5,140.0143,37.6198,0.2687,1,1,63,1
62,4,1,1,1,1,1,0.9863,0.9814,0.9141,0.8838,994.0,350.0,857.0,348.5,951.5,389.5,903.5,375.5,137.0082,50.0,0.3649,1,1,63,1
62,4,1,2,1,1,1,0.9893,0.9854,0.9229,0.9087,576.0,281.5,430.75,279.5,502.0,303.5,466.5,284.5,145.2638,40.2647,0.2772,1,1,63,1
62,4,1,6,0,0,1,0.1384,0.0923,0.1265,0.0547,1094.0,0.0,320.5,0.0,908.5,0.0,317.0,0.0,773.5,591.5,0.7647,1,0,0,0
63,4,1,0,1,1,1,0.9897,0.981,0.9214,0.8745,777.0,339.0,633.5,340.5,724.0,396.5,686.0,399.0,143.5078,38.0821,0.2654,1,1,64,1
63,4,1,1,1,1,1,0.9868,0.9819,0.9136,0.8862,992.5,351.5,856.0,343.5,951.0,390.5,911.5,385.0,136.7342,39.8811,0.2917,1,1,64,1
63,4,1,2,1,1,1,0.9868,0.9858,0.918,0.9058,575.0,280.0,429.5,280.0,513.0,300.0,468.75,284.0,145.5,47.0538,0.3234,1,1,64,1
63,4,1,6,0,0,1,0.1705,0.1357,0.1624,0.0895,1084.0,0.0,296.25,0.0,951.0,0.0,291.0,0.0,787.75,660.0,0.8378,1,0,0,0
64,4,1,0,1,1,1,0.9873,0.9829,0.9087,0.8887,777.0,340.5,636.0,345.0,724.0,397.0,695.5,400.5,141.0718,28.7141,0.2035,1,1,65,1
64,4,1,1,1,1,1,0.9873,0.9805,0.9219,0.8843,989.5,350.5,852.5,346.0,951.0,390.5,904.0,384.5,137.0739,47.3814,0.3457,1,1,65,1
64,4,1,2,1,1,1,0.9873,0.9854,0.917,0.9004,573.5,281.0,425.0,280.0,513.5,310.0,468.75,294.0,148.5034,47.5243,0.32,1,1,65,1
64,4,1,6,0,0,1,0.1659,0.1466,0.0759,0.0486,1094.0,0.0,282.0,0.0,938.0,0.0,283.5,0.0,812.0,654.5,0.806,1,0,0,0
65,4,1,1,1,1,1,0.9878,0.9829,0.9141,0.8872,992.0,353.0,854.0,347.0,951.5,389.5,904.0,375.0,138.1304,49.6639,0.3595,1,1,66,1
65,4,1,0,1,1,1,0.9863,0.9844,0.8989,0.8984,774.0,341.5,628.5,344.0,733.0,397.0,697.0,400.0,145.5215,36.1248,0.2482,1,1,66,1
65,4,1,2,1,1,1,0.9868,0.9863,0.9141,0.9072,571.0,277.5,423.75,279.0,505.75,299.5,469.5,293.0,147.2576,36.8281,0.2501,1,1,66,1
65,4,1,6,0,0,1,0.1593,0.105,0.1387,0.0619,1062.0,0.0,327.0,0.0,931.0,0.0,313.0,0.0,735.0,618.0,0.8408,1,0,0,0
66,4,1,0,1,1,1,0.9873,0.9824,0.9102,0.8911,776.0,341.0,631.5,342.0,724.5,396.5,696.0,391.0,144.5035,29.0259,0.2009,1,1,67,1
66,4,1,1,1,1,1,0.9873,0.9839,0.9116,0.896,992.0,350.5,853.5,343.5,952.5,389.5,904.5,374.5,138.6768,50.2892,0.3626,1,1,67,1
66,4,1,2,1,1,1,0.9868,0.9868,0.9111,0.9043,574.5,280.5,424.75,280.5,514.0,301.0,468.5,293.0,149.75,46.1979,0.3085,1,1,67,1
66,4,1,6,0,0,1,0.1525,0.106,0.0986,0.0582,1017.0,0.0,244.5,0.0,965.0,0.0,315.5,0.0,772.5,649.5,0.8408,1,0,0,0
67,4,1,0,1,1,1,0.9863,0.9834,0.8994,0.8906,776.5,336.5,632.0,344.0,732.0,405.0,696.5,391.5,144.6945,37.9803,0.2625,1,1,68,1
67,4,1,1,1,1,1,0.9868,0.9849,0.9043,0.8945,990.5,345.0,852.0,343.0,952.0,399.0,911.5,375.5,138.5144,46.8241,0.338,1,1,68,1
67,4,1,2,1,1,1,0.9878,0.9897,0.9224,0.9209,571.5,273.5,426.5,277.0,504.0,294.0,459.5,295.0,145.0422,44.5112,0.3069,1,1,68,1
67,4,1,6,0,0,1,0.178,0.1554,0.0764,0.048,1084.0,0.0,283.75,0.0,937.5,0.0,299.25,0.0,800.25,638.25,0.7976,1,0,0,0
68,4,1,0,1,1,1,0.9883,0.9805,0.9155,0.876,778.5,341.0,631.5,345.5,732.5,397.5,686.5,400.0,147.0689,46.0679,0.3132,1,1,69,1
68,4,1,1,1,1,1,0.9863,0.9824,0.9058,0.8848,994.0,344.5,855.0,343.5,952.0,398.5,911.0,376.0,139.0036,46.768,0.3365,1,1,69,1
68,4,1,2,1,1,1,0.9888,0.9902,0.9219,0.9224,577.0,276.5,422.0,277.0,503.5,302.0,467.75,287.0,155.0008,38.7694,0.2501,1,1,69,1
68,4,1,6,0,0,1,0.207,0.1422,0.1152,0.0638,1010.0,0.0,244.0,0.0,955.0,0.0,298.0,0.0,766.0,657.0,0.8577,1,0,0,0
69,4,1,0,1,1,1,0.9878,0.9844,0.9111,0.8945,776.5,335.0,634.0,339.0,732.5,387.0,686.0,399.0,142.5561,48.0234,0.3369,1,1,70,1
69,4,1,1,1,1,1,0.9873,0.9819,0.9131,0.8828,990.0,345.0,852.0,343.0,951.0,398.5,911.5,376.0,138.0145,45.4588,0.3294,1,1,70,1
69,4,1,2,1,1,1,0.9897,0.9854,0.9214,0.9067,577.0,281.0,430.25,279.5,502.5,299.5,466.5,283.5,146.7577,39.3954,0.2684,1,1,70,1
69,4,1,6,0,0,1,0.1395,0.0891,0.1301,0.0547,1084.0,0.0,293.75,0.0,903.0,0.0,291.25,0.0,790.25,611.75,0.7741,1,0,0,0
70,4,1,0,1,1,1,0.9868,0.9834,0.8984,0.8857,776.5,339.5,636.0,348.0,723.5,397.0,686.0,390.5,140.7569,38.0592,0.2704,1,1,71,1
70,4,1,1,1,1,1,0.9873,0.9814,0.9116,0.8784,992.5,349.0,853.0,348.5,952.5,389.5,911.5,375.5,139.5009,43.3244,0.3106,1,1,71,1
70,4,1,2,1,1,1,0.9863,0.9878,0.9106,0.9146,574.5,280.5,427.25,280.5,513.0,309.5,469.25,294.0,147.25,46.4146,0.3152,1,1,71,1
70,4,1,6,0,0,1,0.173,0.14,0.1088,0.0611,1083.0,0.0,301.0,0.0,948.0,0.0,313.0,0.0,782.0,635.0,0.812,1,0,0,0
71,4,1,1,1,1,1,0.9868,0.9814,0.9121,0.8818,994.0,350.5,856.0,348.0,951.5,389.5,904.0,375.5,138.0226,49.5202,0.3588,1,1,72,1
71,4,1,0,1,1,1,0.9897,0.98,0.9209,0.8691,772.0,339.5,633.0,342.0,728.5,401.0,692.5,402.5,139.0225,36.0312,0.2592,1,1,72,1
71,4,1,2,1,1,1,0.9902,0.9854,0.9243,0.9014,576.0,277.0,432.5,277.0,501.5,303.0,459.25,283.0,143.5,46.7447,0.3257,1,1,72,1
71,4,1,6,0,0,1,0.1251,0.0966,0.0887,0.0501,1087.0,0.0,304.75,0.0,967.0,0.0,302.75,0.0,782.25,664.25,0.8492,1,0,0,0
72,4,1,0,1,1,1,0.9888,0.978,0.9185,0.8652,774.5,339.5,634.0,338.0,725.5,386.5,685.5,398.0,140.508,41.6203,0.2962,1,1,73,1
72,4,1,1,1,1,1,0.9858,0.9819,0.9082,0.8882,994.0,345.0,858.0,339.0,952.0,389.5,911.5,375.5,136.1323,42.8515,0.3148,1,1,73,1
72,4,1,2,1,1,1,0.9897,0.9854,0.9243,0.9092,576.0,275.0,428.75,278.5,501.25,303.5,459.25,283.0,147.2916,46.736,0.3173,1,1,73,1
72,4,1,6,0,0,1,0.119,0.0863,0.1415,0.0699,1085.0,0.0,305.25,0.0,957.5,0.0,308.5,0.0,779.75,649.0,0.8323,1,0,0,0
73,4,1,0,1,1,1,0.9878,0.981,0.9116,0.8823,775.5,336.5,630.5,338.5,725.5,387.0,695.0,399.0,145.0138,32.7758,0.226,1,1,74,1
73,4,1,1,1,1,1,0.9863,0.9819,0.9077,0.8872,992.5,345.5,857.0,338.0,952.5,398.5,912.0,376.0,135.7074,46.3303,0.3414,1,1,74,1
73,4,1,2,1,1,1,0.9863,0.9868,0.9141,0.9102,574.0,281.0,427.75,280.5,513.5,310.0,468.75,294.0,146.2509,47.5243,0.325,1,1,74,1
73,4,1,6,0,0,1,0.1267,0.0933,0.1193,0.0614,1085.0,0.0,305.25,0.0,941.0,0.0,320.75,0.0,779.75,620.25,0.7954,1,0,0,0
74,4,1,0,1,1,1,0.9868,0.9814,0.9053,0.8804,776.0,342.5,635.0,345.0,724.5,388.0,686.5,399.0,141.0222,39.5601,0.2805,1,1,75,1
74,4,1,1,1,1,1,0.9863,0.9824,0.9097,0.8882,989.5,345.0,849.0,341.0,952.0,390.0,912.5,375.5,140.5569,42.0773,0.2994,1,1,75,1
74,4,1,2,1,1,1,0.9858,0.9873,0.9111,0.9146,574.0,283.5,426.5,280.0,514.5,300.0,468.75,293.0,147.5415,46.2824,0.3137,1,1,75,1
74,4,1,6,0,0,1,0.1639,0.1215,0.1301,0.0702,1066.0,0.0,305.75,0.0,931.0,0.0,314.5,0.0,760.25,616.5,0.8109,1,0,0,0
75,4,1,0,1,1,1,0.9883,0.9819,0.9121,0.8833,778.0,342.0,628.5,346.5,725.0,395.5,686.0,390.0,149.5677,39.3859,0.2633,1,1,76,1
75,4,1,1,1,1,1,0.9873,0.981,0.9126,0.8799,992.5,351.0,852.5,344.0,952.5,399.5,904.5,384.5,140.1749,50.2892,0.3588,1,1,76,1
75,4,1,2,1,1,1,0.9863,0.9868,0.9126,0.9072,577.0,280.5,427.25,281.0,514.0,309.0,468.25,284.0,149.7508,52.135,0.3481,1,1,76,1
75,4,1,6,0,0,1,0.1168,0.0795,0.1426,0.0645,1090.0,0.0,308.0,0.0,931.0,0.0,298.75,0.0,782.0,632.25,0.8085,1,0,0,0
76,4,1,0,1,1,1,0.9873,0.9829,0.9072,0.8872,777.5,342.5,628.0,344.5,725.0,396.5,686.0,399.0,149.5134,39.08,0.2614,1,1,77,1
76,4,1,1,1,1,1,0.9849,0.9863,0.8843,0.8892,992.0,349.0,859.0,344.0,951.0,395.5,906.0,385.5,133.094,46.0977,0.3464,1,1,77,1
76,4,1,2,1,1,1,0.9883,0.9849,0.9253,0.8994,572.0,278.5,429.0,276.5,514.0,300.5,468.25,287.5,143.014,47.5611,0.3326,1,1,77,1
76,4,1,6,0,0,1,0.1421,0.0901,0.1329,0.0579,1076.0,0.0,322.5,0.0,921.5,0.0,318.75,0.0,753.5,602.75,0.7999,1,0,0,0
77,4,1,0,1,1,1,0.9863,0.9839,0.9023,0.894,777.0,340.0,632.5,348.0,731.5,397.0,687.5,391.0,144.7213,44.4072,0.3068,1,1,78,1
77,4,1,1,1,1,1,0.9863,0.9829,0.9102,0.8901,991.0,344.0,855.5,343.0,952.0,388.5,911.5,367.0,135.5037,45.853,0.3384,1,1,78,1
77,4,1,2,1,1,1,0.9863,0.9863,0.9131,0.9092,575.5,280.5,429.0,281.0,514.5,309.0,469.0,285.5,146.5009,51.2104,0.3496,1,1,78,1
77,4,1,6,0,0,1,0.1313,0.0932,0.1685,0.082,1070.0,0.0,307.75,0.0,927.5,0.0,299.5,0.0,762.25,628.0,0.8239,1,0,0,0
78,4,1,1,1,1,1,0.9849,0.9824,0.9023,0.8882,992.5,349.0,855.0,349.0,952.5,389.0,920.5,367.5,137.5,38.5519,0.2804,1,1,79,1
78,4,1,0,1,1,1,0.9888,0.981,0.915,0.8779,775.5,335.0,637.5,335.0,732.0,386.0,686.5,389.0,138.0,45.5988,0.3304,1,1,79,1
78,4,1,2,1,1,1,0.9873,0.9863,0.9165,0.9028,575.5,278.0,426.25,277.5,514.0,310.0,468.5,294.0,149.2508,48.2312,0.3232,1,1,79,1
78,4,1,6,0,0,1,0.1467,0.1229,0.0839,0.0515,1075.0,0.0,304.75,0.0,948.0,0.0,312.25,0.0,770.25,635.75,0.8254,1,0,0,0
79,4,1,0,1,1,1,0.9868,0.9834,0.8999,0.8872,776.5,337.0,628.5,335.5,725.5,396.0,686.5,399.0,148.0076,39.1152,0.2643,1,1,80,1
79,4,1,1,1,1,1,0.9868,0.9829,0.9082,0.8882,992.5,344.0,854.0,343.0,953.0,389.0,911.5,375.5,138.5036,43.6406,0.3151,1,1,80,1
79,4,1,2,1,1,1,0.9858,0.9858,0.9111,0.9043,575.0,281.5,427.25,281.0,514.0,310.5,468.25,294.0,147.7508,48.6345,0.3292,1,1,80,1
79,4,1,6,0,0,1,0.1495,0.1147,0.0797,0.0421,1076.0,0.0,297.75,0.0,948.0,0.0,293.75,0.0,778.25,654.25,0.8407,1,0,0,0
80,4,1,0,1,1,1,0.9873,0.9824,0.9053,0.8833,777.0,340.0,630.0,341.5,733.5,387.0,687.0,399.0,147.0077,48.0234,0.3267,1,1,81,1
80,4,1,1,1,1,1,0.9878,0.9819,0.9131,0.8838,991.5,347.0,854.0,342.5,953.0,388.5,912.0,375.5,137.5736,43.0116,0.3126,1,1,81,1
80,4,1,2,1,1,1,0.9858,0.9863,0.9121,0.9062,575.0,280.5,426.5,280.0,505.5,299.5,468.0,284.0,148.5008,40.5771,0.2732,1,1,81,1
80,4,1,6,0,0,1,0.1097,0.1027,0.1178,0.083,1046.0,0.0,276.25,0.0,969.0,0.0,316.5,0.0,769.75,652.5,0.8477,1,0,0,0
81,4,1,0,1,1,1,0.9868,0.9834,0.8989,0.8867,775.5,345.5,628.5,348.0,725.0,397.5,687.0,399.5,147.0213,38.0526,0.2588,1,1,82,1
81,4,1,1,1,1,1,0.9863,0.9824,0.9102,0.8906,989.5,352.0,854.0,348.0,952.5,388.5,912.0,367.0,135.559,45.853,0.3383,1,1,82,1
81,4,1,2,1,1,1,0.9863,0.9863,0.9141,0.9097,576.5,280.5,428.25,281.0,514.5,308.5,468.75,285.5,148.2508,51.2061,0.3454,1,1,82,1
81,4,1,6,0,0,1,0.1857,0.1315,0.1095,0.0545,1090.0,0.0,287.0,0.0,964.0,0.0,294.0,0.0,803.0,670.0,0.8344,1,0,0,0
82,4,1,1,1,1,1,0.9863,0.9819,0.9087,0.8857,991.5,349.5,853.0,348.5,952.5,389.5,912.0,376.0,138.5036,42.6907,0.3082,1,1,83,1
82,4,1,0,1,1,1,0.9863,0.9863,0.8921,0.8994,776.0,342.0,635.5,346.0,727.5,401.5,683.0,402.0,140.5569,44.5028,0.3166,1,1,83,1
82,4,1,2,1,1,1,0.9868,0.9873,0.915,0.9116,575.0,281.0,426.75,280.5,514.0,309.5,468.75,294.0,148.2508,47.8311,0.3226,1,1,83,1
82,4,1,6,0,0,1,0.1437,0.1144,0.0911,0.0517,1093.0,0.0,302.75,0.0,937.0,0.0,263.75,0.0,790.25,673.25,0.8519,1,0,0,0
83,4,1,0,1,1,1,0.9854,0.9844,0.8926,0.8926,779.0,337.0,634.5,342.5,724.5,387.5,686.0,389.5,144.6046,38.5519,0.2666,1,1,84,1
83,4,1,1,1,1,1,0.9858,0.9844,0.8989,0.897,991.5,347.0,853.5,342.5,953.0,388.5,912.0,375.5,138.0734,43.0116,0.3115,1,1,84,1
83,4,1,2,1,1,1,0.9863,0.9868,0.915,0.9111,574.5,281.0,426.5,280.5,514.0,300.5,468.5,293.5,148.0008,46.0353,0.311,1,1,84,1
83,4,1,6,0,0,1,0.1885,0.1378,0.0997,0.0556,1025.0,0.0,253.25,0.0,962.0,0.0,276.75,0.0,771.75,685.25,0.8879,1,0,0,0
84,4,1,0,1,1,1,0.9883,0.9824,0.9106,0.8833,776.0,336.5,628.5,342.0,732.0,405.5,687.5,399.5,147.6025,44.9027,0.3042,1,1,85,1
84,4,1,1,1,1,1,0.9863,0.9844,0.9072,0.8975,991.0,346.0,854.0,342.5,952.5,388.0,904.0,375.0,137.0447,50.2121,0.3664,1,1,85,1
84,4,1,2,1,1,1,0.9858,0.9873,0.9072,0.9092,575.5,283.5,427.0,280.5,514.5,309.0,469.0,293.5,148.5303,48.0677,0.3236,1,1,85,1
84,4,1,6,0,0,1,0.1495,0.0942,0.1527,0.0668,1081.0,0.0,294.25,0.0,914.0,0.0,273.25,0.0,786.75,640.75,0.8144,1,0,0,0
85,4,1,0,1,1,1,0.9873,0.9829,0.9072,0.8877,776.0,338.5,630.5,340.5,724.5,387.5,687.0,398.5,145.5137,39.08,0.2686,1,1,86,1
85,4,1,1,1,1,1,0.9858,0.9834,0.9048,0.8926,992.0,350.0,853.0,348.5,952.0,398.5,904.5,376.0,139.0081,52.5595,0.3781,1,1,86,1
85,4,1,2,1,1,1,0.9849,0.9878,0.9043,0.9155,575.0,281.5,426.25,280.5,514.0,310.0,468.75,294.0,148.7534,47.9954,0.3227,1,1,86,1
85,4,1,6,0,0,1,0.1627,0.1293,0.0877,0.0589,1036.0,0.0,242.75,0.0,987.5,0.0,278.0,0.0,793.25,709.5,0.8944,1,0,0,0
86,3,0,0,1,1,1,0.9883,0.9824,0.9087,0.8828,780.0,343.0,633.5,348.5,731.5,405.0,687.0,400.5,146.6032,44.7269,0.3051,1,1,87,1
86,3,0,1,1,1,1,0.9863,0.9844,0.9067,0.897,991.5,349.0,853.5,348.5,952.0,389.0,912.0,376.0,138.0009,42.0595,0.3048,1,1,87,1
86,3,0,2,1,1,1,0.9873,0.9849,0.9229,0.9028,573.5,280.5,428.75,280.5,513.0,309.0,469.0,285.0,144.75,50.1199,0.3463,1,1,87,1
87,4,1,0,1,1,1,0.9883,0.9805,0.9146,0.8779,775.5,339.0,635.0,341.0,732.0,405.0,686.5,399.5,140.5142,45.8312,0.3262,1,1,88,1
87,4,1,1,1,1,1,0.9868,0.9844,0.9067,0.8975,990.5,352.0,851.5,348.0,953.0,389.0,912.0,376.0,139.0575,43.0116,0.3093,1,1,88,1
87,4,1,2,1,1,1,0.9873,0.9844,0.9214,0.8979,572.5,280.0,429.0,280.5,504.5,300.0,469.0,293.0,143.5009,36.1836,0.2521,1,1,88,1
87,4,1,7,0,0,1,0.1334,0.096,0.1499,0.0737,1087.0,0.0,300.75,0.0,903.5,0.0,311.25,0.0,786.25,592.25,0.7533,1,0,0,0
88,4,1,1,1,1,1,0.9858,0.9829,0.9038,0.8906,991.0,349.5,852.0,348.5,952.0,389.0,912.0,367.0,139.0036,45.6508,0.3284,1,1,89,1
88,4,1,0,1,1,1,0.9873,0.981,0.9092,0.8774,776.0,343.5,632.0,345.5,724.0,397.5,687.0,399.5,144.0139,37.054,0.2573,1,1,89,1
88,4,1,2,1,1,1,0.9863,0.9858,0.9106,0.9028,572.0,284.0,425.75,280.0,514.0,309.5,469.25,294.0,146.3047,47.3583,0.3237,1,1,89,1
88,4,1,7,0,0,1,0.183,0.1367,0.0837,0.0424,1089.0,0.0,289.5,0.0,957.5,0.0,284.75,0.0,799.5,672.75,0.8415,1,0,0,0
89,4,1,0,1,1,1,0.9888,0.979,0.915,0.8628,778.5,339.5,629.0,342.0,732.5,405.5,687.0,399.0,149.5209,45.9619,0.3074,1,1,90,1
89,4,1,1,1,1,1,0.9849,0.9834,0.8975,0.8931,990.5,350.0,853.0,348.5,952.0,398.0,912.5,367.5,137.5082,49.9049,0.3629,1,1,90,1
89,4,1,2,1,1,1,0.9858,0.9854,0.9106,0.9019,575.0,280.5,428.0,280.5,513.0,309.0,469.25,284.5,147.0,50.1429,0.3411,1,1,90,1
89,4,1,7,0,0,1,0.1437,0.1072,0.079,0.0414,1092.0,0.0,288.75,0.0,939.0,0.0,301.25,0.0,803.25,637.75,0.794,1,0,0,0
90,3,0,0,1,1,1,0.9878,0.9814,0.9106,0.8799,775.5,344.0,634.0,346.5,724.5,395.5,686.0,390.0,141.5221,38.8909,0.2748,1,1,91,1
90,3,0,1,1,1,1,0.9858,0.9844,0.8979,0.8936,991.5,343.5,853.5,343.0,952.5,388.5,912.0,375.5,138.0009,42.5353,0.3082,1,1,91,1
90,3,0,2,1,1,1,0.9873,0.9858,0.916,0.9014,574.5,281.0,427.5,281.0,513.0,309.5,469.25,294.0,147.0,46.4146,0.3157,1,1,91,1
91,4,1,0,1,1,1,0.9873,0.9824,0.9058,0.8838,777.0,338.5,633.5,343.5,724.0,396.5,686.0,399.5,143.5871,38.1182,0.2655,1,1,92,1
91,4,1,1,1,1,1,0.9854,0.9824,0.9048,0.8921,991.5,344.5,854.5,343.0,952.5,389.0,912.0,375.5,137.0082,42.6907,0.3116,1,1,92,1
91,4,1,2,1,1,1,0.9888,0.9863,0.9263,0.9043,575.0,284.0,430.5,282.0,514.0,299.5,467.75,287.0,144.5138,47.9094,0.3315,1,1,92,1
91,4,1,8,0,0,1,0.1499,0.135,0.1447,0.0874,1083.0,0.0,300.5,0.0,943.0,0.0,338.75,0.0,782.5,604.25,0.7722,1,0,0,0
92,4,1,0,1,1,1,0.9873,0.9834,0.9048,0.8867,779.5,342.5,632.0,346.0,732.0,396.5,687.0,390.0,147.5415,45.467,0.3082,1,1,93,1
92,4,1,1,1,1,1,0.9863,0.9824,0.9111,0.8896,990.5,349.5,852.5,348.5,952.0,389.5,904.0,375.5,138.0036,50.0,0.3623,1,1,93,1
92,4,1,2,1,1,1,0.9863,0.9868,0.9136,0.9082,575.0,281.0,427.0,280.0,513.5,309.0,468.75,284.5,148.0034,51.0178,0.3447,1,1,93,1
92,4,1,8,0,0,1,0.1356,0.1071,0.1116,0.0531,1111.0,0.0,294.0,0.0,939.0,0.0,289.5,0.0,817.0,649.5,0.795,1,0,0,0
93,4,1,1,1,1,1,0.9854,0.9839,0.8975,0.8926,992.0,349.5,851.0,348.5,953.0,390.0,912.0,375.5,141.0035,43.4885,0.3084,1,1,94,1
93,4,1,0,1,1,1,0.9883,0.9844,0.9038,0.8843,778.0,338.0,639.0,339.0,725.0,402.5,690.5,411.5,139.0036,35.6546,0.2565,1,1,94,1
93,4,1,2,1,1,1,0.9868,0.9873,0.9136,0.9097,576.0,280.5,427.0,280.5,513.5,309.0,468.75,285.0,149.0,50.7795,0.3408,1,1,94,1
93,4,1,8,0,0,1,0.1422,0.1194,0.0824,0.0454,1095.0,0.0,287.5,0.0,955.5,0.0,309.75,0.0,807.5,645.75,0.7997,1,0,0,0
94,4,1,0,1,1,1,0.9878,0.9824,0.9097,0.8784,778.0,335.5,632.0,342.0,724.0,400.5,685.5,391.0,146.1446,39.6548,0.2713,1,1,95,1
94,4,1,1,1,1,1,0.9839,0.9868,0.8779,0.8916,993.5,347.5,855.0,348.5,943.5,396.5,906.0,386.0,138.5036,38.9423,0.2812,1,1,95,1
94,4,1,2,1,1,1,0.9888,0.9858,0.9263,0.9028,572.5,279.5,430.0,277.5,513.5,299.0,468.25,287.0,142.514,46.8141,0.3285,1,1,95,1
94,4,1,8,0,0,1,0.1095,0.1101,0.1038,0.0677,1106.0,0.0,308.75,0.0,963.0,0.0,291.0,0.0,797.25,672.0,0.8429,1,0,0,0
95,4,1,0,1,1,1,0.9873,0.9834,0.897,0.8804,775.0,334.5,634.5,340.0,727.5,402.5,683.5,401.5,140.6076,44.0114,0.313,1,1,96,1
95,4,1,1,1,1,1,0.9829,0.9863,0.877,0.8921,996.0,348.0,853.5,348.5,943.5,396.0,906.0,376.5,142.5009,42.267,0.2966,1,1,96,1
95,4,1,2,1,1,1,0.9893,0.9854,0.9297,0.8989,574.0,274.5,429.0,272.5,514.5,299.0,467.75,287.0,145.0138,48.2655,0.3328,1,1,96,1
95,4,1,8,0,0,1,0.1472,0.1045,0.1254,0.0576,1095.0,0.0,305.5,0.0,928.0,0.0,318.0,0.0,789.5,610.0,0.7726,1,0,0,0
96,4,1,0,1,1,1,0.9883,0.9795,0.9141,0.8706,776.5,331.0,635.0,334.0,725.0,388.5,686.0,407.5,141.5318,43.382,0.3065,1,1,97,1
96,4,1,1,1,1,1,0.9863,0.9829,0.9043,0.8931,991.5,345.0,855.0,341.0,952.0,398.0,912.0,376.5,136.5586,45.412,0.3325,1,1,97,1
96,4,1,2,1,1,1,0.9897,0.9858,0.9209,0.9067,579.0,280.0,430.0,281.0,510.25,298.5,467.5,284.0,149.0034,45.1421,0.303,1,1,97,1
96,4,1,8,0,0,1,0.1564,0.1353,0.0928,0.0646,1050.0,0.0,248.5,0.0,997.0,0.0,294.0,0.0,801.5,703.0,0.8771,1,0,0,0
97,4,1,0,1,1,1,0.9868,0.9819,0.9038,0.8818,778.0,341.5,630.5,347.0,725.0,396.0,695.5,390.0,147.6025,30.104,0.204,1,1,98,1
97,4,1,2,1,1,1,0.9873,0.9863,0.9185,0.9067,577.0,279.0,428.5,278.0,513.0,309.5,468.5,294.0,148.5034,47.1222,0.3173,1,1,98,1
97,4,1,1,1,1,1,0.9844,0.9873,0.8813,0.896,993.0,341.5,853.5,343.0,944.0,386.0,905.5,375.5,139.5081,39.9061,0.286,1,1,98,1
97,4,1,8,0,0,1,0.1952,0.1353,0.1047,0.0487,1074.0,0.0,278.25,0.0,940.0,0.0,294.5,0.0,795.75,645.5,0.8112,1,0,0,0
98,4,1,0,1,1,1,0.9873,0.9824,0.9019,0.8789,777.0,339.0,635.0,341.0,724.0,396.5,686.5,399.5,142.0141,37.6198,0.2649,1,1,99,1
98,4,1,1,1,1,1,0.9858,0.9839,0.9038,0.894,992.5,344.0,855.5,343.0,952.0,389.0,904.0,375.0,137.0036,50.0,0.365,1,1,99,1
98,4,1,2,1,1,1,0.9878,0.9873,0.916,0.9043,576.0,286.0,429.0,282.0,513.0,309.0,468.75,293.5,147.0544,46.8862,0.3188,1,1,99,1
98,4,1,8,0,0,1,0.1829,0.1438,0.0993,0.0657,1036.0,0.0,243.5,0.0,980.0,0.0,315.0,0.0,792.5,665.0,0.8391,1,0,0,0
99,4,1,0,1,1,1,0.9858,0.9829,0.8979,0.8862,779.0,340.0,635.5,348.5,731.0,396.5,687.0,390.5,143.7515,44.4072,0.3089,1,1,100,1
99,4,1,1,1,1,1,0.9858,0.9834,0.9043,0.894,992.5,349.5,855.0,348.5,952.0,389.5,904.0,375.0,137.5036,50.1423,0.3647,1,1,100,1
99,4,1,2,1,1,1,0.9863,0.9878,0.9082,0.9111,574.5,281.0,427.5,280.5,513.5,309.5,469.25,294.0,147.0009,46.8862,0.319,1,1,100,1
99,4,1,8,0,0,1,0.1406,0.1161,0.1483,0.0771,1087.0,0.0,295.0,0.0,915.0,0.0,281.0,0.0,792.0,634.0,0.8005,1,0,0,0
100,4,1,0,1,1,1,0.9883,0.9829,0.9023,0.8779,777.0,334.5,637.0,337.5,726.5,401.5,693.0,402.5,140.0321,33.5149,0.2393,1,1,101,1
100,4,1,1,1,1,1,0.9858,0.9834,0.9043,0.8931,992.0,350.0,853.5,349.0,951.5,398.5,904.0,376.0,138.5036,52.5595,0.3795,1,1,101,1
100,4,1,2,1,1,1,0.9873,0.9868,0.918,0.9062,576.0,279.0,428.5,277.5,504.25,308.0,468.5,293.5,147.5076,38.5787,0.2615,1,1,101,1
100,4,1,8,0,0,1,0.1296,0.0879,0.1488,0.0684,1079.0,0.0,299.25,0.0,925.0,0.0,317.0,0.0,779.75,608.0,0.7797,1,0,0,0
101,4,1,0,1,1,1,0.9873,0.9839,0.8965,0.8862,776.0,342.0,629.5,344.0,732.5,405.0,687.5,400.0,146.5137,45.2769,0.309,1,1,102,1
101,4,1,1,1,1,1,0.9849,0.9834,0.8989,0.8955,991.5,350.0,853.5,346.0,952.5,389.5,912.5,376.0,138.058,42.2167,0.3058,1,1,102,1
101,4,1,2,1,1,1,0.9878,0.9863,0.918,0.896,579.0,278.5,428.0,278.5,513.0,309.5,468.25,293.5,151.0,47.5243,0.3147,1,1,102,1
101,4,1,8,0,0,1,0.1359,0.0893,0.1525,0.0662,1083.0,0.0,282.75,0.0,916.5,0.0,300.5,0.0,800.25,616.0,0.7698,1,0,0,0
102,4,1,0,1,1,1,0.9873,0.9844,0.9004,0.8872,775.0,335.5,635.0,337.5,726.0,402.0,692.0,402.0,140.0143,34.0,0.2428,1,1,103,1
102,4,1,1,1,1,1,0.9854,0.9819,0.9028,0.8872,991.0,349.5,848.0,348.5,953.0,390.0,912.5,376.0,143.0035,42.8515,0.2997,1,1,103,1
102,4,1,2,1,1,1,0.9878,0.9863,0.9155,0.9009,573.5,288.0,427.0,285.0,514.0,309.5,469.0,294.0,146.5307,47.5946,0.3248,1,1,103,1
102,4,1,8,0,0,1,0.1901,0.1687,0.0815,0.0605,1018.0,0.0,237.0,0.0,964.0,0.0,280.75,0.0,781.0,683.25,0.8748,1,0,0,0
103,4,1,0,1,1,1,0.9878,0.9829,0.9082,0.8838,778.0,336.0,634.5,344.5,731.0,404.5,696.0,391.5,143.7515,37.3363,0.2597,1,1,104,1
103,4,1,1,1,1,1,0.9844,0.9883,0.8784,0.8984,994.5,342.5,860.0,346.0,942.5,395.5,905.0,376.5,134.5455,42.0387,0.3124,1,1,104,1
103,4,1,2,1,1,1,0.9902,0.9824,0.9316,0.8906,575.0,277.0,433.0,274.5,501.5,307.0,459.25,283.5,142.022,48.3458,0.3404,1,1,104,1
103,4,1,8,0,0,1,0.1774,0.1234,0.1415,0.0671,1068.0,0.0,290.0,0.0,942.0,0.0,294.5,0.0,778.0,647.5,0.8323,1,0,0,0
104,4,1,0,1,1,1,0.9878,0.9854,0.8999,0.8901,777.0,335.5,637.0,337.0,725.5,402.0,683.5,401.0,140.008,42.0119,0.3001,1,1,105,1
104,4,1,1,1,1,1,0.9883,0.9839,0.9155,0.8901,992.0,350.0,852.5,348.0,951.0,389.5,903.5,374.5,139.5143,49.8121,0.357,1,1,105,1
104,4,1,2,1,1,1,0.9893,0.9854,0.9204,0.9043,577.0,279.0,435.75,278.5,502.5,299.0,466.5,293.0,141.2509,36.4966,0.2584,1,1,105,1
104,4,1,8,0,0,1,0.1367,0.1007,0.0989,0.0522,1084.0,0.0,284.75,0.0,941.0,0.0,311.5,0.0,799.25,629.5,0.7876,1,0,0,0
105,4,1,0,1,1,1,0.9878,0.9844,0.9019,0.8901,774.0,335.0,634.5,339.5,726.5,402.5,692.0,402.0,139.5726,34.5036,0.2472,1,1,106,1
105,4,1,1,1,1,1,0.9863,0.9839,0.9053,0.894,990.5,349.0,853.0,348.0,952.5,388.5,912.0,366.5,137.5036,46.0896,0.3352,1,1,106,1
105,4,1,2,1,1,1,0.9873,0.9863,0.917,0.9033,575.5,280.0,427.75,280.5,513.5,309.0,468.75,284.0,147.7508,51.2598,0.3469,1,1,106,1
105,4,1,8,0,0,1,0.1587,0.1361,0.1304,0.0741,1080.0,0.0,295.0,0.0,927.0,0.0,293.25,0.0,785.0,633.75,0.8073,1,0,0,0
106,4,1,1,1,1,1,0.9854,0.9883,0.8862,0.8975,998.0,346.0,861.0,347.5,942.0,395.0,905.0,376.5,137.0082,41.3673,0.3019,1,1,107,1
106,4,1,0,1,1,1,0.9868,0.9849,0.9023,0.8989,778.0,341.0,639.5,348.0,731.0,409.0,686.0,392.0,138.6768,48.1041,0.3469,1,1,107,1
106,4,1,2,1,1,1,0.9902,0.9844,0.9287,0.8984,578.0,280.0,432.75,279.0,502.0,302.0,458.5,284.0,145.2534,47.0771,0.3241,1,1,107,1
106,4,1,8,0,0,1,0.1324,0.1176,0.0815,0.0484,1104.0,0.0,293.5,0.0,953.0,0.0,302.0,0.0,810.5,651.0,0.8032,1,0,0,0
107,4,1,0,1,1,1,0.9863,0.9834,0.9004,0.8921,777.0,340.0,635.5,341.0,724.5,405.0,695.0,400.5,141.5035,29.8412,0.2109,1,1,108,1
107,4,1,1,1,1,1,0.9858,0.9834,0.9062,0.896,989.5,350.0,849.0,348.0,951.5,389.5,912.5,366.0,140.5142,45.533,0.324,1,1,108,1
107,4,1,2,1,1,1,0.9863,0.9868,0.9141,0.9092,575.0,281.0,426.75,280.5,514.0,309.5,468.75,294.0,148.2508,47.8311,0.3226,1,1,108,1
107,4,1,8,0,0,1,0.1152,0.0828,0.1364,0.0622,1091.0,0.0,302.5,0.0,930.5,0.0,282.75,0.0,788.5,647.75,0.8215,1,0,0,0
108,4,1,0,1,1,1,0.9878,0.9829,0.9062,0.8853,777.5,342.5,631.0,347.5,724.0,391.5,686.5,390.5,146.5853,37.5133,0.2559,1,1,109,1
108,4,1,1,1,1,1,0.9849,0.9829,0.8975,0.8926,991.5,345.0,854.5,340.5,952.5,389.0,912.5,376.0,137.0739,42.0595,0.3068,1,1,109,1
108,4,1,2,1,1,1,0.9902,0.9858,0.9268,0.9082,578.0,280.0,432.75,280.0,502.25,297.0,467.25,283.5,145.25,37.5133,0.2583,1,1,109,1
108,4,1,8,0,0,1,0.1418,0.1063,0.1428,0.0716,1074.0,0.0,309.5,0.0,913.0,0.0,301.75,0.0,764.5,611.25,0.7995,1,0,0,0
109,4,1,0,1,1,1,0.9873,0.9844,0.8999,0.8838,772.0,337.0,634.0,345.0,726.5,402.0,692.0,402.0,138.2317,34.5,0.2496,1,1,110,1
109,4,1,1,1,1,1,0.9868,0.981,0.9136,0.8828,992.5,349.5,855.5,349.0,952.0,389.5,911.5,376.5,137.0009,42.5353,0.3105,1,1,110,1
109,4,1,2,1,1,1,0.9897,0.9858,0.9297,0.8999,575.5,279.5,425.25,278.0,514.0,299.0,468.25,286.5,150.2575,47.4269,0.3156,1,1,110,1
109,4,1,8,0,0,1,0.1641,0.1295,0.0927,0.0499,1090.0,0.0,281.0,0.0,957.0,0.0,283.75,0.0,809.0,673.25,0.8322,1,0,0,0
110,4,1,0,1,1,1,0.9863,0.9824,0.8975,0.8857,779.0,342.0,633.5,348.0,732.5,395.5,687.5,391.0,145.6237,45.2244,0.3106,1,1,111,1
110,4,1,1,1,1,1,0.9858,0.9839,0.9058,0.8945,992.0,350.0,854.0,349.0,951.5,399.0,904.0,385.0,138.0036,49.5202,0.3588,1,1,111,1
110,4,1,2,1,1,1,0.9868,0.9873,0.9136,0.9077,573.0,278.0,423.75,279.0,514.5,309.0,469.25,284.5,149.2534,51.4569,0.3448,1,1,111,1
110,4,1,8,0,0,1,0.1498,0.1161,0.1279,0.063,1064.0,0.0,294.5,0.0,927.0,0.0,296.5,0.0,769.5,630.5,0.8194,1,0,0,0
111,4,1,1,1,1,1,0.9854,0.9849,0.9019,0.9014,991.0,349.5,854.5,348.5,952.5,389.5,912.0,376.0,136.5037,42.6907,0.3127,1,1,112,1
111,4,1,0,1,1,1,0.9888,0.9858,0.9092,0.894,779.0,335.0,639.0,338.5,724.5,402.0,682.5,401.5,140.0437,42.003,0.2999,1,1,112,1
111,4,1,2,1,1,1,0.9868,0.9863,0.9199,0.9092,575.0,283.0,428.0,280.0,514.0,299.5,468.25,284.0,147.0306,48.3044,0.3285,1,1,112,1
111,4,1,8,0,0,1,0.1627,0.0986,0.1652,0.0655,1055.0,0.0,279.75,0.0,913.5,0.0,278.75,0.0,775.25,634.75,0.8188,1,0,0,0
112,4,1,0,1,1,1,0.9883,0.9849,0.9053,0.8892,780.0,334.5,638.5,339.5,725.0,402.0,693.0,402.5,141.5883,32.0039,0.226,1,1,113,1
112,4,1,1,1,1,1,0.9844,0.9868,0.8872,0.8945,997.5,345.0,854.5,348.0,943.0,396.0,905.5,376.5,143.0315,42.267,0.2955,1,1,113,1
112,4,1,2,1,1,1,0.9878,0.9858,0.9229,0.9043,577.0,278.5,429.75,278.0,513.0,300.5,468.75,293.0,147.2508,44.8811,0.3048,1,1,113,1
112,4,1,8,0,0,1,0.1279,0.0984,0.1321,0.0681,1088.0,0.0,295.0,0.0,933.0,0.0,301.25,0.0,793.0,631.75,0.7967,1,0,0,0
113,4,1,0,1,1,1,0.9883,0.9849,0.9062,0.8892,779.0,338.0,639.0,338.5,725.0,402.0,691.5,402.0,140.0009,33.5,0.2393,1,1,114,1
113,4,1,1,1,1,1,0.9844,0.9858,0.8862,0.8921,998.0,347.0,855.0,348.5,952.5,386.5,906.5,385.5,143.0079,46.0109,0.3217,1,1,114,1
113,4,1,2,1,1,1,0.9873,0.9863,0.9185,0.9058,578.0,279.0,427.75,277.0,513.0,308.5,468.25,284.5,150.2633,50.7795,0.3379,1,1,114,1
113,4,1,8,0,0,1,0.1304,0.0823,0.1606,0.0683,1068.0,0.0,290.0,0.0,901.0,0.0,319.25,0.0,778.0,581.75,0.7478,1,0,0,0
114,4,1,0,1,1,1,0.9883,0.9829,0.9028,0.8789,778.0,340.5,638.5,341.5,726.5,401.0,692.5,402.5,139.5036,34.0331,0.244,1,1,115,1
114,4,1,1,1,1,1,0.9863,0.9824,0.9082,0.8862,991.5,344.5,854.0,342.5,952.0,389.0,904.0,375.0,137.5145,50.0,0.3636,1,1,115,1
114,4,1,2,1,1,1,0.9917,0.9854,0.9336,0.9009,577.5,273.0,428.5,276.5,519.0,296.0,468.0,278.0,149.0411,54.0833,0.3629,1,1,115,1
114,4,1,8,0,0,1,0.2327,0.1653,0.1241,0.0706,1007.0,0.0,247.0,0.0,975.0,0.0,290.75,0.0,760.0,684.25,0.9003,1,0,0,0
115,4,1,0,1,1,1,0.9878,0.9819,0.9092,0.8833,777.0,331.5,637.5,338.5,724.0,405.0,685.0,400.0,139.6755,39.3192,0.2815,1,1,116,1
115,4,1,1,1,1,1,0.9858,0.9829,0.9028,0.8901,991.0,349.5,853.0,348.5,952.5,390.0,912.0,375.5,138.0036,43.0174,0.3117,1,1,116,1
115,4,1,2,1,1,1,0.9897,0.9824,0.9292,0.8955,574.5,287.0,430.25,284.0,503.0,307.5,467.75,285.0,144.2812,41.8188,0.2898,1,1,116,1
115,4,1,8,0,0,1,0.1442,0.0986,0.1389,0.0628,1072.0,0.0,305.75,0.0,924.0,0.0,292.5,0.0,766.25,631.5,0.8241,1,0,0,0
116,4,1,0,1,1,1,0.9883,0.9844,0.9082,0.8877,775.5,333.5,635.5,337.5,725.5,402.5,683.0,401.5,140.0571,42.5118,0.3035,1,1,117,1
116,4,1,1,1,1,1,0.9849,0.9834,0.8965,0.8916,992.0,343.5,854.5,344.0,952.0,389.0,912.0,366.5,137.5009,45.8939,0.3338,1,1,117,1
116,4,1,2,1,1,1,0.9868,0.9863,0.9175,0.9067,578.0,279.0,427.75,278.0,513.5,300.5,468.0,284.0,150.2533,48.3994,0.3221,1,1,117,1
116,4,1,8,0,0,1,0.1616,0.1204,0.0857,0.0422,1071.0,0.0,282.25,0.0,922.0,0.0,284.5,0.0,788.75,637.5,0.8082,1,0,0,0
117,4,1,0,1,1,1,0.9878,0.9863,0.897,0.8965,777.5,335.5,635.0,336.5,726.5,410.0,692.0,402.0,142.5035,35.4154,0.2485,1,1,118,1
117,4,1,1,1,1,1,0.9854,0.9829,0.9028,0.8906,992.5,346.5,856.0,343.0,952.5,388.5,911.5,376.0,136.5449,42.8632,0.3139,1,1,118,1
117,4,1,2,1,1,1,0.9888,0.9844,0.9185,0.8989,577.0,284.0,433.0,283.0,502.5,307.5,458.75,284.0,144.0035,49.662,0.3449,1,1,118,1
117,4,1,8,0,0,1,0.1641,0.1381,0.096,0.0577,1088.0,0.0,285.5,0.0,958.0,0.0,268.0,0.0,802.5,690.0,0.8598,1,0,0,0
118,4,1,1,1,1,1,0.9819,0.9878,0.8594,0.895,996.0,341.0,850.5,346.5,945.0,386.5,906.0,375.5,145.6039,40.5216,0.2783,1,1,119,1
118,4,1,0,1,1,1,0.9873,0.9844,0.8999,0.8877,774.0,333.5,635.5,337.0,726.0,402.5,692.5,402.0,138.5442,33.5037,0.2418,1,1,119,1
118,4,1,2,1,1,1,0.9873,0.9863,0.9185,0.9072,577.0,279.0,428.75,278.0,513.0,308.5,468.5,284.5,148.2534,50.5594,0.341,1,1,119,1
118,4,1,8,0,0,1,0.2177,0.1274,0.1216,0.0609,1001.0,0.0,243.5,0.0,965.0,0.0,281.75,0.0,757.5,683.25,0.902,1,0,0,0
119,4,1,0,1,1,1,0.9878,0.9858,0.9014,0.8931,779.0,335.0,638.5,341.0,724.5,402.0,682.0,401.5,140.6281,42.5029,0.3022,1,1,120,1
119,4,1,1,1,1,1,0.9849,0.9829,0.8975,0.8906,989.5,344.0,853.5,342.5,952.0,389.0,904.5,375.0,136.0083,49.5202,0.3641,1,1,120,1
119,4,1,2,1,1,1,0.9854,0.9878,0.9038,0.9136,572.0,278.0,421.75,279.0,515.5,300.5,469.0,292.5,150.2533,47.1832,0.314,1,1,120,1
119,4,1,8,0,0,1,0.1158,0.0874,0.122,0.0605,1092.0,0.0,285.75,0.0,931.0,0.0,292.75,0.0,806.25,638.25,0.7916,1,0,0,0
120,4,1,0,1,1,1,0.9883,0.9834,0.9077,0.8857,776.5,338.0,635.0,342.5,727.0,402.0,692.5,402.5,141.5715,34.5036,0.2437,1,1,121,1
120,4,1,1,1,1,1,0.9863,0.9834,0.9048,0.8926,990.0,350.5,851.0,348.0,951.0,399.0,904.0,375.5,139.0225,52.5476,0.378,1,1,121,1
120,4,1,2,1,1,1,0.9863,0.9873,0.9141,0.9106,577.0,279.0,428.5,278.0,513.0,309.5,468.5,294.0,148.5034,47.1222,0.3173,1,1,121,1
120,4,1,8,0,0,1,0.1305,0.0984,0.132,0.0656,1097.0,0.0,298.75,0.0,957.0,0.0,281.0,0.0,798.25,676.0,0.8469,1,0,0,0
121,4,1,0,1,1,1,0.9878,0.9834,0.9038,0.8848,777.5,346.0,630.5,348.0,732.5,405.0,687.5,400.0,147.0136,45.2769,0.308,1,1,122,1
121,4,1,1,1,1,1,0.9829,0.9873,0.8726,0.8965,994.5,343.5,851.0,347.5,943.5,386.5,906.0,375.5,143.5557,39.08,0.2722,1,1,122,1
121,4,1,2,1,1,1,0.9897,0.9849,0.9243,0.9014,576.5,275.0,433.5,277.0,509.25,302.0,459.5,283.0,143.014,53.2547,0.3724,1,1,122,1
121,4,1,8,0,0,1,0.1504,0.118,0.089,0.0494,1087.0,0.0,284.5,0.0,921.5,0.0,311.75,0.0,802.5,609.75,0.7598,1,0,0,0
122,4,1,0,1,1,1,0.9888,0.9849,0.9053,0.8862,778.5,335.0,639.5,338.5,724.5,402.0,691.5,402.0,139.0441,33.0,0.2373,1,1,123,1
122,4,1,1,1,1,1,0.9829,0.9878,0.8701,0.895,996.5,342.5,856.5,347.5,952.0,386.0,905.5,375.5,140.0893,47.6707,0.3403,1,1,123,1
122,4,1,2,1,1,1,0.9868,0.9873,0.9116,0.9077,573.0,278.0,426.5,279.0,513.5,309.0,469.5,284.5,146.5034,50.3612,0.3438,1,1,123,1
122,4,1,8,0,0,1,0.1848,0.1289,0.0995,0.0475,1070.0,0.0,281.0,0.0,913.0,0.0,315.25,0.0,789.0,597.75,0.7576,1,0,0,0
123,4,1,0,1,1,1,0.9873,0.9854,0.8955,0.8926,773.0,332.5,636.0,337.0,725.5,402.0,693.0,401.5,137.0739,32.5038,0.2371,1,1,124,1
123,4,1,1,1,1,1,0.9849,0.9839,0.8989,0.8955,991.5,344.0,853.0,344.0,952.5,389.5,911.5,376.0,138.5,43.1654,0.3117,1,1,124,1
123,4,1,2,1,1,1,0.9868,0.9863,0.9165,0.9043,578.0,279.0,431.25,278.5,512.0,309.5,468.75,294.0,146.7509,45.9436,0.3131,1,1,124,1
123,4,1,8,0,0,1,0.1812,0.137,0.1025,0.0648,1014.0,0.0,234.0,0.0,956.0,0.0,261.25,0.0,780.0,694.75,0.8907,1,0,0,0
124,4,1,0,1,1,1,0.9873,0.9824,0.9004,0.8789,777.0,343.5,631.0,345.5,732.0,405.0,687.5,390.5,146.0137,46.8028,0.3205,1,1,125,1
124,4,1,1,1,1,1,0.9829,0.9868,0.8691,0.8906,993.0,346.0,855.5,350.5,944.5,386.0,906.0,376.0,137.5736,39.7775,0.2891,1,1,125,1
124,4,1,2,1,1,1,0.9868,0.9873,0.9141,0.9097,577.5,283.0,428.5,282.0,513.5,309.0,468.5,293.5,149.0034,47.5946,0.3194,1,1,125,1
124,4,1,8,0,0,1,0.1566,0.1132,0.0932,0.0454,1087.0,0.0,294.25,0.0,948.0,0.0,310.25,0.0,792.75,637.75,0.8045,1,0,0,0
125,4,1,1,1,1,1,0.9854,0.9824,0.9053,0.8916,990.5,349.5,853.0,349.0,952.5,389.5,912.0,376.0,137.5009,42.6907,0.3105,1,1,126,1
125,4,1,0,1,1,1,0.9873,0.9858,0.895,0.894,776.5,337.5,639.0,338.0,725.0,402.0,692.5,402.0,137.5009,32.5,0.2364,1,1,126,1
125,4,1,2,1,1,1,0.9878,0.9883,0.915,0.9111,574.0,277.5,424.0,279.0,514.0,308.5,469.5,284.5,150.0075,50.5594,0.337,1,1,126,1
125,4,1,8,0,0,1,0.1343,0.1025,0.0845,0.052,1014.0,0.0,247.5,0.0,974.5,0.0,296.75,0.0,766.5,677.75,0.8842,1,0,0,0
126,4,1,1,1,1,1,0.9839,0.9834,0.895,0.9004,992.0,349.0,854.0,348.5,952.5,389.0,921.0,367.5,138.0009,38.1379,0.2764,1,1,127,1
126,4,1,0,1,1,1,0.9878,0.9819,0.9102,0.8823,778.0,340.0,630.5,348.0,732.0,405.0,696.0,400.5,147.7168,36.2802,0.2456,1,1,127,1
126,4,1,2,1,1,1,0.9868,0.9868,0.9097,0.9014,572.5,282.0,425.0,283.0,514.5,300.0,469.25,283.5,147.5034,48.1644,0.3265,1,1,127,1
126,4,1,8,0,0,1,0.1738,0.1356,0.0731,0.0399,1082.0,0.0,305.25,0.0,944.0,0.0,313.5,0.0,776.75,630.5,0.8117,1,0,0,0
127,4,1,0,1,1,1,0.9873,0.9834,0.9077,0.8916,777.0,330.5,637.5,336.5,731.5,396.0,695.5,399.5,139.629,36.1697,0.259,1,1,128,1
127,4,1,1,1,1,1,0.9849,0.9834,0.8989,0.8945,991.5,349.5,848.0,348.5,953.0,389.0,913.0,366.5,143.5035,45.8939,0.3198,1,1,128,1
127,4,1,2,1,1,1,0.9878,0.9873,0.9141,0.9023,579.0,279.0,428.25,278.5,513.0,309.5,468.25,293.5,150.7508,47.5243,0.3153,1,1,128,1
127,4,1,8,0,0,1,0.1116,0.0735,0.1478,0.0652,1071.0,0.0,291.5,0.0,929.5,0.0,292.25,0.0,779.5,637.25,0.8175,1,0,0,0
128,4,1,0,1,1,1,0.9868,0.9839,0.9023,0.8931,778.5,338.0,629.5,344.0,725.0,387.5,686.5,398.5,149.1208,40.0406,0.2685,1,1,129,1
128,4,1,1,1,1,1,0.9854,0.9829,0.9048,0.8916,991.0,349.5,853.0,346.0,953.0,389.0,911.5,366.0,138.0444,47.4473,0.3437,1,1,129,1
128,4,1,2,1,1,1,0.9858,0.9878,0.9082,0.9136,577.5,279.0,428.0,278.0,504.5,308.0,468.0,284.0,149.5033,43.6835,0.2922,1,1,129,1
128,4,1,8,0,0,1,0.173,0.1562,0.0836,0.0525,1095.0,0.0,286.25,0.0,955.0,0.0,281.75,0.0,808.75,673.25,0.8325,1,0,0,0
129,4,1,0,1,1,1,0.9893,0.981,0.9175,0.8726,778.0,339.0,636.0,343.5,723.5,404.0,686.0,391.0,142.0713,39.6894,0.2794,1,1,130,1
129,4,1,1,1,1,1,0.9858,0.9829,0.9048,0.8911,991.0,349.0,852.5,349.0,953.0,390.0,911.5,376.0,138.5,43.7978,0.3162,1,1,130,1
129,4,1,2,1,1,1,0.9868,0.9893,0.9199,0.9219,575.5,271.0,424.5,271.0,511.5,304.5,468.75,293.0,151.0,44.2698,0.2932,1,1,130,1
129,4,1,8,0,0,1,0.183,0.1392,0.1036,0.0629,1017.5,0.0,246.0,0.0,977.0,0.0,296.25,0.0,771.5,680.75,0.8824,1,0,0,0
130,4,1,0,1,1,1,0.9883,0.9819,0.9116,0.8818,777.0,336.0,635.0,343.5,731.5,400.0,686.0,390.5,142.1979,46.4812,0.3269,1,1,131,1
130,4,1,1,1,1,1,0.9854,0.9839,0.8984,0.8945,992.0,349.5,851.0,349.0,953.0,390.0,911.5,376.0,141.0009,43.7978,0.3106,1,1,131,1
130,4,1,2,1,1,1,0.9873,0.9858,0.917,0.9023,574.0,283.5,427.5,280.5,513.5,309.5,469.25,294.0,146.5307,46.8862,0.32,1,1,131,1
130,4,1,8,0,0,1,0.1711,0.115,0.1331,0.0598,1093.0,0.0,283.75,0.0,930.0,0.0,292.25,0.0,809.25,637.75,0.7881,1,0,0,0
131,4,1,0,1,1,1,0.9888,0.9795,0.918,0.8726,775.0,338.5,636.0,340.5,732.0,405.0,696.0,400.5,139.0144,36.2802,0.261,1,1,132,1
131,4,1,1,1,1,1,0.9858,0.9834,0.9062,0.896,989.5,350.0,853.0,348.5,952.5,390.0,912.0,376.0,136.5082,42.8515,0.3139,1,1,132,1
131,4,1,2,1,1,1,0.9858,0.9868,0.9106,0.9058,579.5,279.0,430.0,278.5,512.5,309.0,468.25,284.5,149.5008,50.5798,0.3383,1,1,132,1
131,4,1,8,0,0,1,0.1692,0.1039,0.1195,0.056,1049.0,0.0,302.25,0.0,962.0,0.0,299.0,0.0,746.75,663.0,0.8878,1,0,0,0
132,4,1,1,1,1,1,0.9854,0.9829,0.9053,0.8926,990.0,344.0,854.0,343.5,952.5,389.5,911.5,376.0,136.0009,43.1654,0.3174,1,1,133,1
132,4,1,0,1,1,1,0.9878,0.9819,0.9072,0.8789,778.0,338.0,633.5,343.0,733.0,404.5,695.0,391.0,144.5865,40.3268,0.2789,1,1,133,1
132,4,1,2,1,1,1,0.9858,0.9878,0.9097,0.9155,577.5,280.5,431.25,283.0,512.5,309.0,468.25,284.5,146.2714,50.5798,0.3458,1,1,133,1
132,4,1,8,0,0,1,0.1707,0.142,0.13,0.0726,1084.0,0.0,286.75,0.0,922.5,0.0,292.0,0.0,797.25,630.5,0.7908,1,0,0,0
133,4,1,0,1,1,1,0.9868,0.9849,0.8936,0.8887,771.0,337.0,634.0,342.5,726.5,402.5,693.0,402.0,137.1104,33.5037,0.2444,1,1,134,1
133,4,1,1,1,1,1,0.9834,0.9868,0.8809,0.8945,994.0,345.5,855.0,348.5,944.0,395.0,905.5,376.0,139.0324,42.9331,0.3088,1,1,134,1
133,4,1,2,1,1,1,0.9897,0.9863,0.9307,0.9014,575.5,274.0,429.25,272.0,514.5,298.5,467.25,286.5,146.2637,48.75,0.3333,1,1,134,1
133,4,1,8,0,0,1,0.1569,0.1646,0.0811,0.0693,1029.0,0.0,247.25,0.0,971.0,0.0,260.0,0.0,781.75,711.0,0.9095,1,0,0,0
134,4,1,1,1,1,1,0.9854,0.9839,0.9023,0.9004,991.0,350.0,852.5,348.5,952.5,398.0,912.0,376.5,138.5081,45.853,0.331,1,1,135,1
134,4,1,0,1,1,1,0.9883,0.9819,0.915,0.8843,775.5,335.5,631.5,341.5,731.5,405.0,687.0,390.5,144.1249,46.8028,0.3247,1,1,135,1
134,4,1,2,1,1,1,0.9883,0.9849,0.9268,0.8994,577.0,278.5,428.75,278.0,513.0,300.0,468.25,293.0,148.2508,45.2942,0.3055,1,1,135,1
134,4,1,8,0,0,1,0.1366,0.1122,0.13,0.0689,1082.0,0.0,296.25,0.0,932.0,0.0,317.75,0.0,785.75,614.25,0.7817,1,0,0,0
135,4,1,0,1,1,1,0.9878,0.9834,0.9043,0.8872,774.5,342.5,634.0,344.5,724.5,405.5,686.5,399.5,140.5142,38.4708,0.2738,1,1,136,1
135,4,1,1,1,1,1,0.9829,0.9863,0.8794,0.897,993.5,347.5,850.5,348.5,943.5,396.0,906.0,376.5,143.0035,42.267,0.2956,1,1,136,1
135,4,1,2,1,1,1,0.9863,0.9854,0.9199,0.9087,576.0,281.0,428.5,280.5,513.5,309.0,468.0,285.0,147.5008,51.4417,0.3488,1,1,136,1
135,4,1,8,0,0,1,0.1583,0.1409,0.0912,0.0582,1106.0,0.0,296.0,0.0,944.0,0.0,310.0,0.0,810.0,634.0,0.7827,1,0,0,0
136,4,1,1,1,1,1,0.9858,0.9829,0.9062,0.8945,990.5,349.5,853.0,348.5,952.5,389.5,912.0,376.0,137.5036,42.6907,0.3105,1,1,137,1
136,4,1,0,1,1,1,0.9897,0.9824,0.918,0.8799,770.0,340.0,633.0,342.0,727.0,402.0,692.5,402.0,137.0146,34.5,0.2518,1,1,137,1
136,4,1,2,1,1,1,0.9888,0.9863,0.9263,0.9038,574.5,274.0,430.25,272.0,514.0,298.5,467.5,286.5,144.2639,48.0234,0.3329,1,1,137,1
136,4,1,8,0,0,1,0.1505,0.106,0.1512,0.0714,1059.0,0.0,297.75,0.0,916.0,0.0,275.5,0.0,761.25,640.5,0.8414,1,0,0,0
137,4,1,1,1,1,1,0.9844,0.9844,0.896,0.9028,991.0,349.5,853.0,348.0,952.5,389.0,912.0,366.5,138.0082,46.3303,0.3357,1,1,138,1
137,4,1,0,1,1,1,0.9873,0.9834,0.9062,0.8887,774.0,341.0,632.0,346.0,725.0,396.0,695.0,391.0,142.088,30.4138,0.214,1,1,138,1
137,4,1,2,1,1,1,0.9873,0.9883,0.9131,0.9106,578.5,280.0,426.75,281.0,514.0,300.5,468.0,293.0,151.7533,46.6074,0.3071,1,1,138,1
137,4,1,8,0,0,1,0.1235,0.0993,0.085,0.0474,1082.0,0.0,288.75,0.0,965.0,0.0,284.5,0.0,793.25,680.5,0.8579,1,0,0,0
138,4,1,0,1,1,1,0.9888,0.9795,0.9185,0.8716,775.0,340.0,633.5,347.0,724.5,405.5,695.0,392.0,141.673,32.4423,0.229,1,1,139,1
138,4,1,1,1,1,1,0.9854,0.9839,0.8994,0.897,991.5,349.5,853.0,348.5,952.0,389.5,912.0,376.0,138.5036,42.2167,0.3048,1,1,139,1
138,4,1,2,1,1,1,0.9897,0.9854,0.9238,0.9019,579.5,277.0,433.75,279.0,510.0,297.5,458.75,283.0,145.7637,53.2617,0.3654,1,1,139,1
138,4,1,8,0,0,1,0.1783,0.1442,0.1,0.066,1013.0,0.0,244.5,0.0,982.0,0.0,262.5,0.0,768.5,719.5,0.9362,1,0,0,0
139,4,1,0,1,1,1,0.9883,0.9805,0.916,0.876,775.0,344.5,634.0,347.0,732.5,395.5,687.0,390.0,141.0222,45.8312,0.325,1,1,140,1
139,4,1,1,1,1,1,0.9854,0.9839,0.9004,0.897,990.5,349.0,852.0,348.0,952.5,389.0,912.0,367.0,138.5036,46.0896,0.3328,1,1,140,1
139,4,1,2,1,1,1,0.9878,0.9854,0.9224,0.9009,574.5,280.0,428.0,280.5,513.0,300.0,469.0,284.0,146.5009,46.8188,0.3196,1,1,140,1
139,4,1,8,0,0,1,0.1406,0.0974,0.1379,0.0627,1109.0,0.0,307.75,0.0,926.5,0.0,288.75,0.0,801.25,637.75,0.7959,1,0,0,0
140,4,1,0,1,1,1,0.9883,0.9824,0.9111,0.8838,774.0,335.0,634.0,340.5,724.5,396.0,686.0,399.0,140.108,38.6167,0.2756,1,1,141,1
140,4,1,1,1,1,1,0.9854,0.9824,0.9053,0.8906,990.5,349.5,852.5,349.0,952.5,389.5,912.0,376.0,138.0009,42.6907,0.3094,1,1,141,1
140,4,1,2,1,1,1,0.9907,0.9849,0.9292,0.9014,579.5,279.0,434.25,279.0,509.25,306.5,458.75,284.0,145.25,55.2856,0.3806,1,1,141,1
140,4,1,8,0,0,1,0.1169,0.0895,0.1298,0.0701,1098.0,0.0,294.0,0.0,956.0,0.0,316.5,0.0,804.0,639.5,0.7954,1,0,0,0
141,4,1,0,1,1,1,0.9888,0.9829,0.9121,0.8833,771.0,339.5,632.5,341.5,727.5,402.0,692.5,402.0,138.5144,35.0,0.2527,1,1,142,1
141,4,1,1,1,1,1,0.9834,0.9888,0.8701,0.9053,992.5,344.0,851.5,342.5,952.5,385.5,906.5,375.0,141.008,47.1832,0.3346,1,1,142,1
141,4,1,2,1,1,1,0.9863,0.9868,0.9146,0.9106,575.5,278.0,429.0,281.0,513.0,300.0,468.25,284.0,146.5307,47.5243,0.3243,1,1,142,1
141,4,1,8,0,0,1,0.1442,0.1234,0.0831,0.0502,1082.0,0.0,291.75,0.0,974.0,0.0,329.75,0.0,790.25,644.25,0.8152,1,0,0,0
142,4,1,0,1,1,1,0.9873,0.9834,0.9038,0.8867,780.0,343.0,631.0,348.0,733.0,404.5,695.5,391.5,149.0839,39.6894,0.2662,1,1,143,1
142,4,1,1,1,1,1,0.9849,0.9849,0.8945,0.9009,990.5,344.0,853.0,343.0,953.0,389.0,912.0,375.5,137.5036,43.1654,0.3139,1,1,143,1
142,4,1,2,1,1,1,0.9897,0.9849,0.9243,0.9038,577.0,281.5,434.75,280.5,502.0,303.0,459.25,283.5,142.2535,46.9874,0.3303,1,1,143,1
142,4,1,8,0,0,1,0.1641,0.129,0.108,0.0604,1091.0,0.0,289.5,0.0,927.5,0.0,299.75,0.0,801.5,627.75,0.7832,1,0,0,0
143,4,1,0,1,1,1,0.9878,0.9839,0.9033,0.8882,777.0,339.5,638.0,341.0,723.5,404.5,686.0,390.5,139.0081,40.0281,0.288,1,1,144,1
143,4,1,1,1,1,1,0.9824,0.9873,0.8721,0.896,995.5,348.0,853.5,350.5,943.0,396.5,898.0,384.5,142.022,46.5725,0.3279,1,1,144,1
143,4,1,2,1,1,1,0.9878,0.9868,0.916,0.9033,577.0,280.0,428.0,281.0,513.0,309.0,468.75,284.0,149.0034,50.8238,0.3411,1,1,144,1
143,4,1,8,0,0,1,0.16,0.1218,0.1088,0.0591,1075.0,0.0,292.25,0.0,923.0,0.0,300.75,0.0,782.75,622.25,0.795,1,0,0,0
144,4,1,0,1,1,1,0.9883,0.9834,0.9058,0.8828,772.5,340.0,633.5,342.0,727.0,402.0,692.5,402.0,139.0144,34.5,0.2482,1,1,145,1
144,4,1,1,1,1,1,0.9849,0.9849,0.8936,0.9004,991.0,345.0,853.0,343.0,952.5,398.0,912.0,376.5,138.0145,45.853,0.3322,1,1,145,1
144,4,1,2,1,1,1,0.9868,0.9878,0.915,0.9146,576.5,280.0,429.25,281.0,513.0,300.5,468.25,293.5,147.2534,45.2942,0.3076,1,1,145,1
144,4,1,8,0,0,1,0.1458,0.1101,0.1013,0.0545,1080.0,0.0,288.5,0.0,958.5,0.0,282.25,0.0,791.5,676.25,0.8544,1,0,0,0
145,4,1,0,1,1,1,0.9902,0.9819,0.9204,0.8721,775.5,335.5,634.5,336.5,726.5,402.0,692.0,402.0,141.0035,34.5,0.2447,1,1,146,1
145,4,1,1,1,1,1,0.9834,0.9878,0.877,0.9028,996.5,344.0,852.0,347.5,943.0,395.5,905.5,376.0,144.5424,42.267,0.2924,1,1,146,1
145,4,1,2,1,1,1,0.9873,0.9868,0.9175,0.9053,574.0,278.0,425.5,279.5,514.0,309.5,468.75,293.5,148.5076,47.9954,0.3232,1,1,146,1
145,4,1,8,0,0,1,0.1671,0.1115,0.0885,0.0424,1087.0,0.0,285.0,0.0,937.5,0.0,304.5,0.0,802.0,633.0,0.7893,1,0,0,0
146,4,1,1,1,1,1,0.9858,0.9834,0.9048,0.8936,991.5,349.5,853.5,348.0,952.5,389.5,912.0,376.0,138.0082,42.6907,0.3093,1,1,147,1
146,4,1,0,1,1,1,0.9878,0.9824,0.9097,0.8853,777.0,339.0,633.0,341.0,732.0,404.5,696.5,391.0,144.0139,37.9803,0.2637,1,1,147,1
146,4,1,2,1,1,1,0.9868,0.9868,0.9111,0.9048,578.0,281.0,425.0,281.0,514.0,310.0,468.25,293.5,153.0,48.6345,0.3179,1,1,147,1
146,4,1,8,0,0,1,0.1619,0.0988,0.1578,0.065,1094.0,0.0,293.0,0.0,921.5,0.0,309.75,0.0,801.0,611.75,0.7637,1,0,0,0
147,4,1,1,1,1,1,0.9868,0.9819,0.915,0.8877,992.5,349.5,855.5,349.0,952.0,389.5,911.5,376.5,137.0009,42.5353,0.3105,1,1,148,1
147,4,1,0,1,1,1,0.9888,0.9834,0.9062,0.8823,777.0,340.0,634.5,342.5,725.5,401.5,692.5,402.0,142.5219,33.0038,0.2316,1,1,148,1
147,4,1,2,1,1,1,0.9897,0.9849,0.9224,0.8989,577.0,282.0,434.0,278.0,509.5,307.5,459.5,284.0,143.0559,55.2472,0.3862,1,1,148,1
147,4,1,8,0,0,1,0.1516,0.1188,0.0922,0.0514,1094.0,0.0,310.0,0.0,936.0,0.0,305.75,0.0,784.0,630.25,0.8039,1,0,0,0
148,4,1,1,1,1,1,0.9854,0.9844,0.8989,0.8975,992.5,349.5,854.5,348.5,952.0,389.5,912.0,376.0,138.0036,42.2167,0.3059,1,1,149,1
148,4,1,0,1,1,1,0.9893,0.9819,0.9185,0.877,771.0,337.0,634.0,342.5,727.0,402.0,692.0,402.0,137.1104,35.0,0.2553,1,1,149,1
148,4,1,2,1,1,1,0.9878,0.9854,0.9209,0.9009,577.0,281.0,427.5,281.0,513.5,309.5,467.75,284.5,149.5,52.135,0.3487,1,1,149,1
148,4,1,8,0,0,1,0.1384,0.0979,0.1448,0.0688,1086.0,0.0,299.25,0.0,970.0,0.0,300.0,0.0,786.75,670.0,0.8516,1,0,0,0
149,4,1,0,1,1,1,0.9883,0.9814,0.916,0.8799,776.0,343.0,637.5,345.0,724.0,397.0,686.5,400.0,138.5144,37.6198,0.2716,1,1,150,1
149,4,1,1,1,1,1,0.9863,0.9834,0.9043,0.8936,991.5,344.0,854.5,343.0,952.5,389.0,911.5,375.5,137.0036,43.1654,0.3151,1,1,150,1
149,4,1,2,1,1,1,0.9878,0.9868,0.9185,0.9072,576.0,279.5,430.0,281.0,505.0,299.5,467.0,293.0,146.0077,38.5519,0.264,1,1,150,1
149,4,1,8,0,0,1,0.1559,0.1311,0.0916,0.053,1070.0,0.0,297.75,0.0,940.5,0.0,285.75,0.0,772.25,654.75,0.8478,1,0,0,0
150,4,1,1,1,1,1,0.9854,0.9839,0.897,0.8916,990.0,345.0,852.5,342.5,951.5,398.5,912.0,376.0,137.5227,45.4588,0.3306,1,1,151,1
150,4,1,0,1,1,1,0.9897,0.98,0.9189,0.8643,771.5,339.5,633.5,342.0,727.0,402.0,693.0,402.0,138.0226,34.0,0.2463,1,1,151,1
150,4,1,2,1,1,1,0.9873,0.9863,0.9185,0.9048,576.0,281.0,425.75,280.0,514.0,309.0,468.5,285.0,150.2533,51.4417,0.3424,1,1,151,1
150,4,1,8,0,0,1,0.1566,0.1019,0.1511,0.0649,1069.0,0.0,301.75,0.0,932.0,0.0,318.5,0.0,767.25,613.5,0.7996,1,0,0,0
151,4,1,1,1,1,1,0.9863,0.9839,0.9058,0.8955,992.5,350.0,853.0,349.0,961.0,399.5,912.0,377.0,139.5036,53.9189,0.3865,1,1,152,1
151,4,1,0,1,1,1,0.9897,0.9824,0.9155,0.8755,770.5,336.5,633.0,342.0,727.0,402.0,692.5,402.0,137.61,34.5,0.2507,1,1,152,1
151,4,1,2,1,1,1,0.9873,0.9883,0.9126,0.9097,580.5,278.5,427.25,278.5,513.5,309.5,468.0,293.0,153.25,48.3994,0.3158,1,1,152,1
151,4,1,8,0,0,1,0.1639,0.123,0.0877,0.0478,1097.0,0.0,292.25,0.0,935.5,0.0,292.0,0.0,804.75,643.5,0.7996,1,0,0,0
152,4,1,1,1,1,1,0.9834,0.9854,0.8887,0.9028,992.5,344.0,854.0,343.5,952.0,398.0,911.5,376.5,138.5009,45.853,0.3311,1,1,153,1
152,4,1,0,1,1,1,0.9873,0.9814,0.9106,0.8828,775.5,339.5,635.5,344.0,732.0,404.5,695.5,391.5,140.0723,38.746,0.2766,1,1,153,1
152,4,1,2,1,1,1,0.9878,0.9868,0.9204,0.9106,574.5,281.0,427.0,281.0,513.5,309.5,468.5,294.0,147.5,47.5946,0.3227,1,1,153,1
152,4,1,8,0,0,1,0.1099,0.0741,0.1586,0.0734,1094.0,0.0,307.25,0.0,920.0,0.0,318.75,0.0,786.75,601.25,0.7642,1,0,0,0
153,4,1,1,1,1,1,0.9868,0.9834,0.9097,0.8926,988.0,349.0,855.0,348.5,953.0,389.5,912.0,376.0,133.0009,43.1654,0.3245,1,1,154,1
153,4,1,0,1,1,1,0.9888,0.9805,0.9199,0.8755,776.5,343.0,638.0,345.0,731.5,396.0,686.5,390.5,138.5144,45.3349,0.3273,1,1,154,1
153,4,1,2,1,1,1,0.9897,0.9873,0.9258,0.9043,576.0,276.5,429.0,272.0,514.5,298.0,467.75,286.0,147.0689,48.2655,0.3282,1,1,154,1
153,4,1,8,0,0,1,0.1107,0.0739,0.141,0.0616,1086.0,0.0,310.75,0.0,922.0,0.0,307.75,0.0,775.25,614.25,0.7923,1,0,0,0
154,4,1,1,1,1,1,0.9863,0.9819,0.9082,0.8872,992.5,349.5,855.0,348.5,952.0,389.5,911.5,376.0,137.5036,42.6907,0.3105,1,1,155,1
154,4,1,0,1,1,1,0.9883,0.9839,0.9087,0.8887,772.5,338.0,633.0,342.5,726.5,402.0,683.0,401.5,139.5726,43.5029,0.3117,1,1,155,1
154,4,1,2,1,1,1,0.9868,0.9873,0.9121,0.9092,580.0,278.0,429.5,278.5,513.0,300.5,468.25,293.0,150.5008,45.3741,0.3015,1,1,155,1
154,4,1,8,0,0,1,0.1448,0.1289,0.0737,0.0547,1039.0,0.0,239.25,0.0,962.0,0.0,260.5,0.0,799.75,701.5,0.8771,1,0,0,0
155,4,1,0,1,1,1,0.9878,0.9839,0.9053,0.8916,778.0,339.0,637.5,343.5,723.5,404.0,686.0,391.0,140.572,39.6894,0.2823,1,1,156,1
155,4,1,1,1,1,1,0.9839,0.9873,0.8794,0.8955,999.5,346.5,852.5,351.0,950.0,386.0,905.5,375.5,147.0689,45.722,0.3109,1,1,156,1
155,4,1,2,1,1,1,0.9883,0.9858,0.9238,0.9023,575.5,281.0,425.5,280.0,513.5,309.5,468.5,294.0,150.0033,47.5946,0.3173,1,1,156,1
155,4,1,8,0,0,1,0.1289,0.112,0.1161,0.0667,1101.0,0.0,307.0,0.0,945.0,0.0,307.0,0.0,794.0,638.0,0.8035,1,0,0,0
156,4,1,0,1,1,1,0.9878,0.9839,0.9053,0.8911,779.5,339.0,633.0,343.5,731.5,404.0,687.0,390.5,146.5691,46.5027,0.3173,1,1,157,1
156,4,1,1,1,1,1,0.9849,0.9854,0.8955,0.9043,991.5,349.0,854.0,348.5,952.5,388.5,912.0,366.5,137.5009,46.0896,0.3352,1,1,157,1
156,4,1,2,1,1,1,0.9893,0.9854,0.9204,0.9043,580.5,279.0,431.0,277.0,501.75,294.0,458.0,282.0,149.5134,45.3659,0.3034,1,1,157,1
156,4,1,8,0,0,1,0.127,0.0928,0.1279,0.0657,1108.0,0.0,289.75,0.0,927.0,0.0,300.25,0.0,818.25,626.75,0.766,1,0,0,0
157,4,1,0,1,1,1,0.9888,0.9795,0.9185,0.8677,776.0,340.0,632.0,341.0,725.0,396.0,686.5,390.5,144.0035,38.8909,0.2701,1,1,158,1
157,4,1,1,1,1,1,0.9844,0.9858,0.8823,0.8872,995.5,346.0,853.5,351.5,944.0,395.0,906.0,376.5,142.1065,42.2641,0.2974,1,1,158,1
157,4,1,2,1,1,1,0.9868,0.9868,0.9185,0.9092,578.0,279.0,429.75,278.5,513.0,300.5,468.0,293.5,148.2508,45.5412,0.3072,1,1,158,1
157,4,1,8,0,0,1,0.1138,0.0917,0.1,0.0611,1086.0,0.0,311.5,0.0,957.0,0.0,316.75,0.0,774.5,640.25,0.8267,1,0,0,0
158,4,1,0,1,1,1,0.9878,0.9819,0.9116,0.8823,777.5,338.5,630.0,340.5,725.5,387.0,686.0,389.5,147.5136,39.579,0.2683,1,1,159,1
158,4,1,1,1,1,1,0.9868,0.9824,0.9097,0.8896,991.5,349.0,854.0,348.5,952.0,388.5,911.5,366.5,137.5009,46.0896,0.3352,1,1,159,1
158,4,1,2,1,1,1,0.9883,0.9854,0.9268,0.9004,577.0,279.0,429.75,278.5,512.5,309.5,468.75,294.0,147.2508,46.4146,0.3152,1,1,159,1
158,4,1,8,0,0,1,0.1354,0.111,0.1198,0.066,1096.0,0.0,300.0,0.0,947.5,0.0,310.0,0.0,796.0,637.5,0.8009,1,0,0,0
159,4,1,0,1,1,1,0.9873,0.9829,0.9053,0.8901,775.0,341.5,633.5,343.5,724.5,404.0,685.5,390.0,141.5141,41.4367,0.2928,1,1,160,1
159,4,1,1,1,1,1,0.9873,0.9839,0.9097,0.8945,993.0,344.5,856.0,343.0,951.5,397.5,911.5,367.0,137.0082,50.3016,0.3671,1,1,160,1
159,4,1,2,1,1,1,0.9888,0.9849,0.9204,0.9038,576.5,281.5,432.5,278.0,510.25,302.0,468.25,284.5,144.0425,45.5,0.3159,1,1,160,1
159,4,1,8,0,0,1,0.1685,0.1072,0.111,0.0507,1064.0,0.0,296.0,0.0,951.0,0.0,295.5,0.0,768.0,655.5,0.8535,1,0,0,0
160,4,1,0,1,1,1,0.9897,0.9814,0.9136,0.8682,768.5,339.0,629.0,341.5,727.5,402.0,693.0,402.0,139.5224,34.5,0.2473,1,1,161,1
160,4,1,1,1,1,1,0.9868,0.9814,0.915,0.8872,993.0,349.0,855.0,348.5,952.0,389.0,911.5,367.0,138.0009,46.0896,0.334,1,1,161,1
160,4,1,2,1,1,1,0.9883,0.9858,0.9219,0.9009,575.0,283.5,427.0,280.0,504.75,308.0,469.0,284.5,148.0414,42.7822,0.289,1,1,161,1
160,4,1,8,0,0,1,0.1261,0.0806,0.1547,0.0657,1071.0,0.0,292.5,0.0,918.0,0.0,300.25,0.0,778.5,617.75,0.7935,1,0,0,0
161,4,1,0,1,1,1,0.9888,0.981,0.915,0.875,776.5,346.0,636.0,344.5,724.5,396.5,686.5,399.5,140.508,38.1182,0.2713,1,1,162,1
161,4,1,1,1,1,1,0.9854,0.9829,0.9058,0.8955,993.0,349.0,855.0,348.5,952.0,389.0,911.5,367.0,138.0009,46.0896,0.334,1,1,162,1
161,4,1,2,1,1,1,0.9873,0.9863,0.9185,0.9058,574.5,280.5,427.0,280.0,514.0,300.5,468.75,293.0,147.5008,45.8673,0.311,1,1,162,1
161,4,1,8,0,0,1,0.145,0.1216,0.095,0.0544,1091.0,0.0,283.75,0.0,930.5,0.0,286.0,0.0,807.25,644.5,0.7984,1,0,0,0
162,4,1,0,1,1,1,0.9893,0.98,0.9189,0.8667,779.0,345.0,628.0,344.0,724.0,391.5,686.5,399.0,151.0033,38.2426,0.2533,1,1,163,1
162,4,1,1,1,1,1,0.9873,0.9814,0.9141,0.8862,992.5,350.0,855.0,346.0,952.0,389.5,912.0,376.0,137.5582,42.2167,0.3069,1,1,163,1
162,4,1,2,1,1,1,0.9897,0.9863,0.9307,0.9033,575.5,274.0,426.0,272.5,514.0,299.0,468.25,286.5,149.5075,47.4269,0.3172,1,1,163,1
162,4,1,8,0,0,1,0.1002,0.0817,0.1014,0.0539,1073.0,0.0,313.25,0.0,906.0,0.0,300.5,0.0,759.75,605.5,0.797,1,0,0,0
163,4,1,0,1,1,1,0.9873,0.9834,0.9043,0.8877,777.0,343.5,637.5,347.5,724.0,405.5,686.5,400.5,139.5573,37.8319,0.2711,1,1,164,1
163,4,1,1,1,1,1,0.9858,0.9834,0.9043,0.894,992.5,349.5,855.0,348.5,952.0,389.5,911.5,376.0,137.5036,42.6907,0.3105,1,1,164,1
163,4,1,2,1,1,1,0.9878,0.9868,0.9209,0.9097,573.5,280.0,425.75,280.0,514.0,308.5,468.75,284.5,147.75,51.2207,0.3467,1,1,164,1
163,4,1,8,0,0,1,0.1737,0.1545,0.1161,0.0754,1074.0,0.0,301.75,0.0,921.0,0.0,329.0,0.0,772.25,592.0,0.7666,1,0,0,0
164,4,1,1,1,1,1,0.9873,0.9814,0.9146,0.8853,991.0,350.5,854.0,343.5,952.5,389.5,912.5,376.0,137.1787,42.2167,0.3077,1,1,165,1
164,4,1,0,1,1,1,0.9888,0.9795,0.9189,0.8682,775.0,341.0,629.5,346.0,724.0,387.5,687.0,390.0,145.5859,37.0844,0.2547,1,1,165,1
164,4,1,2,1,1,1,0.9888,0.9878,0.9233,0.9111,574.5,280.5,430.75,276.0,514.5,298.5,467.75,287.0,143.8204,48.1437,0.3347,1,1,165,1
164,4,1,8,0,0,1,0.1473,0.1309,0.0812,0.0519,1099.0,0.0,295.75,0.0,938.0,0.0,301.75,0.0,803.25,636.25,0.7921,1,0,0,0
165,4,1,0,1,1,1,0.9878,0.981,0.9082,0.875,773.0,343.0,628.0,349.5,725.0,397.0,687.0,390.5,145.1456,38.5519,0.2656,1,1,166,1
165,4,1,1,1,1,1,0.9849,0.9858,0.8896,0.8872,997.5,344.0,856.0,348.0,943.0,386.5,913.0,376.5,141.5565,31.6228,0.2234,1,1,166,1
165,4,1,2,1,1,1,0.9858,0.9854,0.9126,0.9038,574.0,281.0,425.0,280.0,505.5,309.0,468.25,293.5,149.0034,40.3462,0.2708,1,1,166,1
165,4,1,8,0,0,1,0.1534,0.1118,0.1134,0.0578,1064.0,0.0,296.25,0.0,933.5,0.0,295.25,0.0,767.75,638.25,0.8313,1,0,0,0
166,4,1,0,1,1,1,0.9878,0.9819,0.9087,0.8779,779.0,342.0,633.0,347.0,724.5,387.5,695.5,390.5,146.0856,29.1548,0.1996,1,1,167,1
166,4,1,1,1,1,1,0.9844,0.9863,0.8843,0.8916,997.0,347.0,855.5,348.5,943.5,386.5,905.5,375.5,141.508,39.5601,0.2796,1,1,167,1
166,4,1,2,1,1,1,0.9888,0.9863,0.9277,0.9053,571.5,277.5,431.25,276.0,515.5,298.5,468.0,286.5,140.258,48.9923,0.3493,1,1,167,1
166,4,1,8,0,0,1,0.1836,0.1466,0.1003,0.0565,1074.0,0.0,282.75,0.0,943.0,0.0,287.0,0.0,791.25,656.0,0.8291,1,0,0,0
167,4,1,0,1,1,1,0.9878,0.98,0.9141,0.875,776.0,340.0,634.5,344.5,731.5,405.0,686.0,391.0,141.5715,47.6051,0.3363,1,1,168,1
167,4,1,1,1,1,1,0.9878,0.979,0.9233,0.8755,991.5,350.0,854.0,349.0,952.0,399.0,911.5,377.0,137.5036,46.0896,0.3352,1,1,168,1
167,4,1,2,1,1,1,0.9897,0.9849,0.9263,0.9053,576.5,281.0,432.5,278.0,510.5,298.0,468.5,284.0,144.0312,44.2719,0.3074,1,1,168,1
167,4,1,8,0,0,1,0.1934,0.1219,0.1611,0.0665,1064.0,0.0,295.5,0.0,926.0,0.0,312.75,0.0,768.5,613.25,0.798,1,0,0,0
168,4,1,0,1,1,1,0.9897,0.9824,0.916,0.8765,769.5,338.5,632.0,341.5,727.0,401.5,693.0,402.0,137.5327,34.0037,0.2472,1,1,169,1
168,4,1,1,1,1,1,0.9858,0.9795,0.9136,0.8789,989.5,350.0,854.5,346.0,952.0,390.0,904.0,375.0,135.0592,50.2892,0.3723,1,1,169,1
168,4,1,2,1,1,1,0.9878,0.9849,0.9214,0.8989,573.5,278.0,428.25,277.0,513.0,310.0,469.25,294.0,145.2534,46.5839,0.3207,1,1,169,1
168,4,1,8,0,0,1,0.1819,0.1289,0.1154,0.0572,1058.0,0.0,291.0,0.0,960.5,0.0,289.25,0.0,767.0,671.25,0.8752,1,0,0,0
169,4,1,0,1,1,1,0.9883,0.9805,0.9121,0.8726,779.5,343.0,638.5,347.0,731.0,408.5,686.0,391.5,141.0567,48.1041,0.341,1,1,170,1
169,4,1,1,1,1,1,0.9868,0.9824,0.9087,0.8877,993.5,349.0,855.0,348.5,960.5,389.5,912.0,366.5,138.5009,53.6773,0.3876,1,1,170,1
169,4,1,2,1,1,1,0.9897,0.9834,0.9233,0.894,574.5,282.0,430.5,285.0,502.75,298.0,468.0,284.0,144.0312,37.4641,0.2601,1,1,170,1
169,4,1,8,0,0,1,0.1326,0.0983,0.1487,0.0743,1067.0,0.0,304.75,0.0,907.0,0.0,303.75,0.0,762.25,603.25,0.7914,1,0,0,0
170,4,1,0,1,1,1,0.9883,0.9819,0.9082,0.8804,776.0,342.0,635.0,347.0,732.0,404.5,696.0,392.0,141.0886,38.1084,0.2701,1,1,171,1
170,4,1,1,1,1,1,0.9873,0.9814,0.9121,0.8813,993.0,344.0,855.5,343.0,960.5,389.0,911.5,366.5,137.5036,53.9189,0.3921,1,1,171,1
170,4,1,2,1,1,1,0.9868,0.9854,0.918,0.9019,573.0,283.0,426.0,279.5,505.5,299.0,468.75,293.0,147.0417,37.2366,0.2532,1,1,171,1
170,4,1,8,0,0,1,0.1328,0.1169,0.129,0.0798,1062.0,0.0,304.0,0.0,927.0,0.0,315.5,0.0,758.0,611.5,0.8067,1,0,0,0
171,4,1,1,1,1,1,0.9873,0.9819,0.9136,0.8848,992.5,349.5,854.5,348.5,952.0,389.5,911.5,376.0,138.0036,42.6907,0.3093,1,1,172,1
171,4,1,0,1,1,1,0.9883,0.9839,0.9072,0.8862,771.0,336.5,633.5,341.5,726.5,401.5,692.5,393.0,137.5909,35.0464,0.2547,1,1,172,1
171,4,1,2,1,1,1,0.9858,0.9878,0.9106,0.9155,576.5,278.0,428.0,281.0,513.5,300.0,468.25,284.0,148.5303,47.9954,0.3231,1,1,172,1
171,4,1,8,0,0,1,0.1461,0.1009,0.1526,0.0707,1090.0,0.0,306.0,0.0,949.0,0.0,306.5,0.0,784.0,642.5,0.8195,1,0,0,0
172,4,1,0,1,1,1,0.9878,0.9819,0.9097,0.8799,776.0,341.5,634.5,346.5,724.5,396.0,695.0,391.0,141.5883,29.9207,0.2113,1,1,173,1
172,4,1,1,1,1,1,0.9844,0.9858,0.8833,0.8892,995.5,347.0,853.0,349.5,944.0,395.5,906.0,377.0,142.5219,42.2641,0.2965,1,1,173,1
172,4,1,2,1,1,1,0.9888,0.9873,0.9229,0.9067,573.5,280.0,428.5,278.5,515.0,299.0,467.75,287.0,145.0078,48.75,0.3362,1,1,173,1
172,4,1,8,0,0,1,0.1671,0.1193,0.1381,0.0693,1076.0,0.0,295.25,0.0,953.0,0.0,291.75,0.0,780.75,661.25,0.8469,1,0,0,0
173,4,1,1,1,1,1,0.9868,0.9829,0.9087,0.8892,996.0,345.5,858.0,344.0,960.5,389.5,911.5,376.0,138.0082,50.8257,0.3683,1,1,174,1
173,4,1,0,1,1,1,0.9878,0.981,0.9106,0.8799,772.0,344.0,628.0,346.5,725.5,397.0,696.0,391.0,144.0217,30.104,0.209,1,1,174,1
173,4,1,2,1,1,1,0.9863,0.9873,0.9102,0.9111,570.5,281.5,422.0,278.5,515.0,309.0,469.5,293.0,148.5303,48.2312,0.3247,1,1,174,1
173,4,1,8,0,0,1,0.1219,0.0877,0.1399,0.0679,1086.0,0.0,288.25,0.0,932.5,0.0,322.0,0.0,797.75,610.5,0.7653,1,0,0,0
174,4,1,0,1,1,1,0.9878,0.981,0.9106,0.8779,773.0,344.0,626.0,346.5,733.5,396.5,687.5,390.5,147.0213,46.3897,0.3155,1,1,175,1
174,4,1,1,1,1,1,0.9858,0.9834,0.9048,0.8931,991.5,349.0,853.5,348.5,952.0,389.0,912.0,367.0,138.0009,45.6508,0.3308,1,1,175,1
174,4,1,2,1,1,1,0.9858,0.9868,0.9102,0.9121,570.0,278.0,423.25,279.0,515.0,300.5,469.5,293.0,146.7534,46.114,0.3142,1,1,175,1
174,4,1,8,0,0,1,0.2007,0.1266,0.1113,0.0494,1060.0,0.0,280.75,0.0,915.0,0.0,291.5,0.0,779.25,623.5,0.8001,1,0,0,0
175,4,1,0,1,1,1,0.9888,0.9805,0.9165,0.877,773.0,343.5,626.5,348.5,725.5,396.5,687.0,391.0,146.5853,38.8909,0.2653,1,1,176,1
175,4,1,1,1,1,1,0.9868,0.9829,0.9092,0.8901,993.5,349.5,855.0,348.5,961.0,389.5,912.0,367.0,138.5036,53.9189,0.3893,1,1,176,1
175,4,1,2,1,1,1,0.9893,0.9868,0.9302,0.9111,573.0,277.0,429.25,271.5,515.0,298.0,468.25,287.0,143.8552,48.0267,0.3339,1,1,176,1
175,4,1,8,0,0,1,0.1311,0.0824,0.1715,0.0792,1079.0,0.0,293.25,0.0,924.0,0.0,292.25,0.0,785.75,631.75,0.804,1,0,0,0
176,4,1,0,1,1,1,0.9902,0.981,0.9219,0.8716,768.5,336.5,630.0,341.5,727.0,402.0,693.0,402.0,138.5902,34.0,0.2453,1,1,177,1
176,4,1,2,1,1,1,0.9868,0.9868,0.9116,0.9053,574.0,283.0,426.25,280.0,514.0,299.5,469.0,284.0,147.7805,47.5946,0.3221,1,1,177,1
176,4,1,1,1,1,1,0.9893,0.979,0.9321,0.8721,988.0,353.0,854.5,351.5,959.5,395.0,912.5,389.0,133.5084,47.3814,0.3549,1,1,177,1
176,4,1,8,0,0,1,0.1471,0.0983,0.112,0.0511,1074.0,0.0,294.25,0.0,957.0,0.0,309.75,0.0,779.75,647.25,0.8301,1,0,0,0
177,4,1,0,1,1,1,0.9873,0.9805,0.9111,0.8804,773.5,341.5,635.0,344.0,724.5,388.0,686.5,399.0,138.5226,39.5601,0.2856,1,1,178,1
177,4,1,1,1,1,1,0.9863,0.9839,0.9053,0.8955,992.0,349.0,853.5,349.0,961.0,390.5,904.0,375.0,138.5,59.0699,0.4265,1,1,178,1
177,4,1,2,1,1,1,0.9868,0.9868,0.9146,0.9097,570.5,281.0,423.75,278.0,506.5,298.5,469.25,283.5,146.7807,40.1567,0.2736,1,1,178,1
177,4,1,8,0,0,1,0.1326,0.0962,0.1076,0.0583,1073.0,0.0,311.0,0.0,951.0,0.0,311.75,0.0,762.0,639.25,0.8389,1,0,0,0
178,4,1,0,1,1,1,0.9883,0.9805,0.918,0.8823,771.5,342.0,632.5,347.0,733.0,406.0,686.5,400.0,139.0899,46.8855,0.3371,1,1,179,1
178,4,1,2,1,1,1,0.9893,0.9854,0.9175,0.9004,575.0,281.0,430.25,281.0,510.5,312.0,460.0,284.0,144.75,57.743,0.3989,1,1,179,1
178,4,1,1,1,1,1,0.9878,0.981,0.9189,0.8823,994.5,350.0,858.0,349.0,960.5,390.0,911.5,376.5,136.5037,50.8257,0.3723,1,1,179,1
178,4,1,8,0,0,1,0.1821,0.1361,0.1593,0.0781,1080.0,0.0,303.25,0.0,933.0,0.0,274.0,0.0,776.75,659.0,0.8484,1,0,0,0
179,4,1,0,1,1,1,0.9897,0.981,0.9229,0.8784,771.5,343.0,633.0,345.5,725.0,387.0,687.0,390.0,138.5226,38.1182,0.2752,1,1,180,1
179,4,1,1,1,1,1,0.9878,0.9814,0.9209,0.8862,997.5,349.5,855.5,349.5,959.0,398.5,920.0,368.5,142.0,49.2037,0.3465,1,1,180,1
179,4,1,2,1,1,1,0.9883,0.9849,0.9155,0.9082,574.5,281.0,432.0,286.5,518.5,305.0,479.0,308.0,142.6061,39.6138,0.2778,1,1,180,1
179,4,1,8,0,0,1,0.1268,0.1045,0.1186,0.063,1077.0,0.0,309.25,0.0,915.0,0.0,301.5,0.0,767.75,613.5,0.7991,1,0,0,0
180,4,1,0,1,1,1,0.9888,0.9814,0.9155,0.8799,773.0,344.0,628.5,349.0,725.0,405.0,696.5,392.0,144.5865,31.3249,0.2167,1,1,181,1
180,4,1,2,1,1,1,0.9907,0.9844,0.9263,0.894,576.0,280.5,436.75,284.0,502.0,303.0,465.75,284.5,139.294,40.6978,0.2922,1,1,181,1
180,4,1,1,1,1,1,0.9868,0.9814,0.9146,0.8857,993.5,347.0,857.0,346.5,960.0,389.5,911.5,367.0,136.5009,53.4649,0.3917,1,1,181,1
180,4,1,8,0,0,1,0.1216,0.0808,0.1318,0.0574,1063.0,0.0,291.0,0.0,945.0,0.0,291.75,0.0,772.0,653.25,0.8462,1,0,0,0
181,4,1,0,1,1,1,0.9878,0.981,0.9087,0.877,773.0,343.5,632.0,349.0,732.5,404.5,687.0,391.0,141.1072,47.4605,0.3363,1,1,182,1
181,4,1,1,1,1,1,0.9858,0.9834,0.9043,0.894,993.5,351.5,855.0,348.5,961.0,389.0,912.0,367.0,138.5325,53.7122,0.3877,1,1,182,1
181,4,1,2,1,1,1,0.9868,0.9883,0.9106,0.916,574.0,281.5,423.75,278.5,514.5,308.5,469.0,284.5,150.2799,51.4417,0.3423,1,1,182,1
181,4,1,8,0,0,1,0.1476,0.1097,0.0901,0.0495,1072.0,0.0,295.75,0.0,960.5,0.0,321.25,0.0,776.25,639.25,0.8235,1,0,0,0
182,4,1,0,1,1,1,0.9888,0.9795,0.9209,0.8721,773.5,344.0,632.5,348.5,725.0,397.0,686.0,400.0,141.0718,39.1152,0.2773,1,1,183,1
182,4,1,2,1,1,1,0.9873,0.9863,0.9189,0.9058,571.5,278.0,424.25,278.0,505.75,299.0,469.0,284.0,147.25,39.6934,0.2696,1,1,183,1
182,4,1,1,1,1,1,0.9844,0.9854,0.8892,0.8848,998.0,347.0,856.5,351.0,943.5,396.0,913.0,377.0,141.5565,35.934,0.2538,1,1,183,1
182,4,1,8,0,0,1,0.13,0.0903,0.146,0.0696,1078.0,0.0,311.25,0.0,907.0,0.0,327.75,0.0,766.75,579.25,0.7555,1,0,0,0
183,4,1,0,1,1,1,0.9897,0.9814,0.9233,0.8779,770.0,336.5,638.5,342.0,726.5,402.0,691.5,402.5,131.615,35.0036,0.266,1,1,184,1
183,4,1,2,1,1,1,0.9897,0.9858,0.9224,0.9072,574.0,279.0,435.5,281.5,502.0,303.0,458.75,283.5,138.5226,47.4427,0.3425,1,1,184,1
183,4,1,1,1,1,1,0.9849,0.9858,0.894,0.8945,997.0,347.5,856.0,348.5,950.5,395.5,906.0,376.5,141.0035,48.3865,0.3432,1,1,184,1
183,4,1,8,0,0,1,0.1245,0.0898,0.1305,0.0622,1086.0,0.0,297.25,0.0,923.0,0.0,292.0,0.0,788.75,631.0,0.8,1,0,0,0
184,4,1,0,1,1,1,0.9883,0.981,0.9141,0.8789,774.5,344.0,635.0,349.5,732.5,404.5,686.5,391.5,139.6084,47.8017,0.3424,1,1,185,1
184,4,1,1,1,1,1,0.9849,0.9873,0.8828,0.8916,1002.0,343.5,858.0,349.0,960.0,395.5,906.0,376.5,144.105,57.2451,0.3972,1,1,185,1
184,4,1,2,1,1,1,0.9863,0.9878,0.9058,0.9077,575.5,280.5,426.5,280.5,513.5,309.5,469.0,294.0,149.0,47.1222,0.3163,1,1,185,1
184,4,1,8,0,0,1,0.1716,0.1318,0.0888,0.0455,1088.0,0.0,294.25,0.0,955.0,0.0,286.0,0.0,793.75,669.0,0.8428,1,0,0,0
185,4,1,1,1,1,1,0.9849,0.9868,0.8853,0.8931,997.0,344.5,854.0,346.0,951.0,396.0,906.0,385.5,143.0079,46.2088,0.3231,1,1,186,1
185,4,1,0,1,1,1,0.9878,0.981,0.9097,0.8779,772.5,343.5,628.5,349.0,724.5,397.0,687.5,391.0,144.105,37.4833,0.2601,1,1,186,1
185,4,1,2,1,1,1,0.9858,0.9868,0.9082,0.9092,571.5,278.5,423.0,279.0,515.0,310.0,469.25,293.0,148.5008,48.8064,0.3287,1,1,186,1
185,4,1,8,0,0,1,0.1559,0.1034,0.137,0.0591,1076.0,0.0,302.0,0.0,923.5,0.0,292.0,0.0,774.0,631.5,0.8159,1,0,0,0
186,4,1,0,1,1,1,0.9888,0.9805,0.9131,0.8716,774.0,343.0,631.5,349.0,725.0,397.0,686.5,390.5,142.6263,39.0448,0.2738,1,1,187,1
186,4,1,2,1,1,1,0.9868,0.9868,0.9102,0.9019,573.0,278.0,424.25,279.0,514.0,308.5,469.5,284.0,148.7534,50.7986,0.3415,1,1,187,1
186,4,1,1,1,1,1,0.9873,0.9819,0.9126,0.8843,996.0,353.0,857.0,349.0,961.0,389.5,911.5,376.0,139.0575,51.3079,0.369,1,1,187,1
186,4,1,8,0,0,1,0.1406,0.0953,0.0986,0.0499,1076.0,0.0,284.5,0.0,940.5,0.0,293.25,0.0,791.5,647.25,0.8178,1,0,0,0
187,4,1,0,1,1,1,0.9878,0.9814,0.9116,0.8843,771.5,342.0,632.0,347.0,733.0,405.0,686.5,391.0,139.5896,48.5618,0.3479,1,1,188,1
187,4,1,1,1,1,1,0.9854,0.9878,0.8857,0.8999,1002.0,344.5,857.5,346.5,960.0,396.0,906.0,376.5,144.5138,57.413,0.3973,1,1,188,1
187,4,1,2,1,1,1,0.9873,0.9878,0.9146,0.9116,572.0,278.5,423.75,278.5,514.5,300.0,469.25,284.0,148.25,47.9954,0.3237,1,1,188,1
187,4,1,8,0,0,1,0.1935,0.1508,0.077,0.0492,1016.0,0.0,227.0,0.0,980.5,0.0,262.25,0.0,789.0,718.25,0.9103,1,0,0,0
188,4,1,0,1,1,1,0.9888,0.9805,0.9175,0.8765,771.0,340.5,631.5,348.5,725.0,397.0,687.0,391.0,139.7292,38.4708,0.2753,1,1,189,1
188,4,1,1,1,1,1,0.9863,0.9868,0.8921,0.8887,995.0,346.0,850.5,351.0,951.0,395.0,906.0,376.0,144.5865,48.8467,0.3378,1,1,189,1
188,4,1,2,1,1,1,0.9883,0.9897,0.9199,0.9175,572.0,274.0,426.5,277.0,503.5,303.0,460.0,295.0,145.5309,44.2295,0.3039,1,1,189,1
188,4,1,8,0,0,1,0.127,0.0945,0.1246,0.0593,1080.0,0.0,310.5,0.0,916.0,0.0,310.75,0.0,769.5,605.25,0.7865,1,0,0,0
189,4,1,0,1,1,1,0.9873,0.98,0.9097,0.876,772.5,340.0,628.0,342.0,733.0,397.5,688.0,399.5,144.5138,45.0444,0.3117,1,1,190,1
189,4,1,2,1,1,1,0.9868,0.9873,0.9141,0.9087,576.0,280.5,426.0,280.0,504.75,308.5,468.5,294.0,150.0008,39.0424,0.2603,1,1,190,1
189,4,1,1,1,1,1,0.9878,0.981,0.9185,0.8804,995.5,350.0,859.0,349.5,960.0,389.5,911.0,367.0,136.5009,53.9189,0.395,1,1,190,1
189,4,1,8,0,0,1,0.1497,0.0975,0.1,0.0456,1056.0,0.0,287.0,0.0,937.0,0.0,270.5,0.0,769.0,666.5,0.8667,1,0,0,0
190,3,0,0,1,1,1,0.9863,0.9829,0.9004,0.8887,773.5,339.5,630.5,344.5,734.0,396.5,686.5,390.5,143.0874,47.8774,0.3346,1,1,191,1
190,3,0,1,1,1,1,0.9834,0.9868,0.8735,0.8887,998.0,343.5,855.0,348.0,950.5,386.5,906.0,375.5,143.0708,45.8394,0.3204,1,1,191,1
190,3,0,2,1,1,1,0.9863,0.9878,0.9102,0.9131,570.0,278.0,422.25,278.5,505.75,299.0,469.25,284.0,147.7508,39.462,0.2671,1,1,191,1
191,4,1,0,1,1,1,0.9878,0.9805,0.9111,0.8804,772.0,339.5,632.0,342.0,733.0,396.5,687.5,390.5,140.0223,45.8939,0.3278,1,1,192,1
191,4,1,1,1,1,1,0.9844,0.9868,0.8838,0.8926,999.5,344.0,858.0,345.5,951.0,395.0,906.0,376.5,141.508,48.6544,0.3438,1,1,192,1
191,4,1,2,1,1,1,0.9888,0.9873,0.9243,0.9082,571.0,282.0,427.75,280.5,515.0,299.5,468.5,287.5,143.2579,48.0234,0.3352,1,1,192,1
191,4,1,9,0,0,1,0.1543,0.1088,0.1552,0.0709,1095.0,0.0,304.25,0.0,920.5,0.0,291.25,0.0,790.75,629.25,0.7958,1,0,0,0
192,4,1,0,1,1,1,0.9868,0.9829,0.8999,0.8877,773.5,343.5,627.5,349.5,725.0,397.0,687.5,391.0,146.1232,37.977,0.2599,1,1,193,1
192,4,1,1,1,1,1,0.9849,0.9844,0.8989,0.8984,997.0,349.0,858.0,347.0,951.0,389.0,911.5,376.0,139.0144,41.5843,0.2991,1,1,193,1
192,4,1,2,1,1,1,0.9888,0.9873,0.9214,0.9058,567.0,277.5,428.0,276.5,515.5,299.5,468.75,287.0,139.0036,48.3923,0.3481,1,1,193,1
192,4,1,9,0,0,1,0.1829,0.1497,0.0935,0.0528,1078.0,0.0,295.0,0.0,948.0,0.0,293.75,0.0,783.0,654.25,0.8356,1,0,0,0
193,4,1,0,1,1,1,0.9878,0.981,0.9131,0.8823,773.0,339.0,631.5,344.0,725.0,388.0,686.5,399.5,141.5883,40.1808,0.2838,1,1,194,1
193,4,1,2,1,1,1,0.9858,0.9868,0.9097,0.9102,571.0,278.5,422.5,279.0,515.0,300.5,469.25,293.0,148.5008,46.3607,0.3122,1,1,194,1
193,4,1,1,1,1,1,0.9854,0.9868,0.8853,0.8911,997.0,346.0,849.0,347.5,960.0,395.5,913.5,377.0,148.0076,50.045,0.3381,1,1,194,1
193,4,1,9,0,0,1,0.1996,0.1307,0.1176,0.0563,1092.0,0.0,312.25,0.0,937.0,0.0,320.0,0.0,779.75,617.0,0.7913,1,0,0,0
194,4,1,0,1,1,1,0.9883,0.9819,0.9131,0.8853,774.0,343.5,632.5,348.5,733.0,396.0,686.5,391.0,141.5883,46.768,0.3303,1,1,195,1
194,4,1,1,1,1,1,0.9883,0.9834,0.9155,0.8911,996.0,353.0,855.0,349.0,961.0,389.5,911.5,376.5,141.0567,51.1786,0.3628,1,1,195,1
194,4,1,2,1,1,1,0.9854,0.9883,0.9033,0.9155,573.0,278.5,425.25,279.0,506.75,308.0,469.5,294.0,147.7508,39.794,0.2693,1,1,195,1
194,4,1,9,0,0,1,0.1669,0.0998,0.1196,0.0496,1058.0,0.0,308.0,0.0,932.5,0.0,294.0,0.0,750.0,638.5,0.8513,1,0,0,0
195,4,1,0,1,1,1,0.9893,0.9824,0.9175,0.8779,770.5,333.5,633.5,339.0,726.0,402.5,683.5,402.0,137.1104,42.5029,0.31,1,1,196,1
195,4,1,1,1,1,1,0.9829,0.9863,0.8735,0.8892,997.0,346.5,858.5,351.0,950.5,386.5,905.0,376.0,138.5731,46.6958,0.337,1,1,196,1
195,4,1,2,1,1,1,0.9863,0.9878,0.9126,0.9165,570.5,278.5,418.25,278.5,498.5,299.5,469.25,284.0,152.25,33.1031,0.2174,1,1,196,1
195,4,1,9,0,0,1,0.1268,0.0895,0.0969,0.0494,1075.0,0.0,301.0,0.0,914.0,0.0,312.25,0.0,774.0,601.75,0.7775,1,0,0,0
196,4,1,0,1,1,1,0.9883,0.9805,0.9136,0.8721,775.5,344.0,632.5,349.0,725.5,397.0,685.5,390.5,143.0874,40.5247,0.2832,1,1,197,1
196,4,1,1,1,1,1,0.9873,0.9824,0.9146,0.8887,995.0,345.0,858.0,344.0,952.0,389.0,911.0,376.0,137.0036,43.0116,0.3139,1,1,197,1
196,4,1,2,1,1,1,0.9858,0.9873,0.9072,0.9087,572.0,279.0,423.5,279.0,514.5,309.5,469.25,294.0,148.5,47.8311,0.3221,1,1,197,1
196,4,1,9,0,0,1,0.1438,0.1025,0.1587,0.0788,1084.0,0.0,315.0,0.0,922.0,0.0,281.25,0.0,769.0,640.75,0.8332,1,0,0,0
197,4,1,0,1,1,1,0.9878,0.981,0.9106,0.8789,773.0,343.5,630.5,349.0,733.5,396.0,686.5,391.0,142.6061,47.2652,0.3314,1,1,198,1
197,4,1,1,1,1,1,0.9829,0.9868,0.8843,0.8989,997.0,344.5,859.0,347.5,949.5,398.5,909.0,376.0,138.0326,46.3303,0.3356,1,1,198,1
197,4,1,2,1,1,1,0.9873,0.9863,0.9194,0.9067,569.0,272.5,423.75,276.0,513.5,301.0,469.5,284.5,145.2922,46.992,0.3234,1,1,198,1
197,4,1,9,0,0,1,0.1313,0.1128,0.1163,0.0715,1091.0,0.0,304.25,0.0,926.0,0.0,307.75,0.0,786.75,618.25,0.7858,1,0,0,0
198,4,1,0,1,1,1,0.9883,0.9829,0.9155,0.8916,773.0,337.0,632.0,344.5,724.5,405.0,686.5,391.0,141.1993,40.4969,0.2868,1,1,199,1
198,4,1,1,1,1,1,0.9878,0.9829,0.9131,0.8872,997.0,353.5,858.0,348.5,952.5,388.5,911.0,366.5,139.0899,46.9707,0.3377,1,1,199,1
198,4,1,2,1,1,1,0.9897,0.9829,0.9219,0.8906,574.5,279.0,431.75,283.5,502.0,303.5,465.5,284.0,142.8209,41.3824,0.2898,1,1,199,1
198,4,1,9,0,0,1,0.1339,0.0989,0.1174,0.0554,1064.0,0.0,310.5,0.0,905.0,0.0,311.0,0.0,753.5,594.0,0.7883,1,0,0,0
199,4,1,0,1,1,1,0.9883,0.9819,0.9106,0.8804,774.5,337.5,630.0,344.0,733.0,404.5,686.5,391.0,144.6461,48.42,0.3347,1,1,200,1
199,4,1,1,1,1,1,0.9844,0.9868,0.8857,0.8955,998.0,346.0,857.0,351.5,952.0,385.5,913.5,377.0,141.1072,39.4271,0.2794,1,1,200,1
199,4,1,2,1,1,1,0.9873,0.9868,0.9165,0.9111,570.5,278.0,426.0,278.0,506.0,298.5,468.25,284.0,144.5,40.439,0.2799,1,1,200,1
199,4,1,9,0,0,1,0.1415,0.1032,0.1426,0.0692,1061.0,0.0,308.5,0.0,920.0,0.0,303.5,0.0,752.5,616.5,0.8193,1,0,0,0
200,4,1,0,1,1,1,0.9888,0.979,0.9199,0.8682,772.5,341.0,631.0,349.5,733.0,397.0,686.5,400.0,141.7551,46.5967,0.3287,1,1,201,1
200,4,1,1,1,1,1,0.9863,0.9824,0.9067,0.8853,994.0,349.0,854.5,348.5,952.0,389.0,911.5,366.5,139.5009,46.3303,0.3321,1,1,201,1
200,4,1,2,1,1,1,0.9873,0.9844,0.9229,0.8994,570.0,278.0,424.75,278.5,506.0,300.0,469.0,293.0,145.2509,37.6563,0.2593,1,1,201,1
200,4,1,9,0,0,1,0.1829,0.1322,0.1097,0.0555,1068.0,0.0,304.75,0.0,968.0,0.0,311.0,0.0,763.25,657.0,0.8608,1,0,0,0
201,4,1,0,1,1,1,0.9878,0.98,0.9175,0.8789,775.5,340.0,633.5,344.0,725.5,397.0,686.0,400.0,142.0563,39.6138,0.2789,1,1,202,1
201,4,1,1,1,1,1,0.9863,0.9829,0.9097,0.8911,992.0,344.5,855.5,340.5,952.0,388.5,911.5,366.5,136.5586,46.0896,0.3375,1,1,202,1
201,4,1,2,1,1,1,0.9878,0.9849,0.9233,0.8999,570.0,278.0,422.0,278.5,506.0,299.5,459.75,292.0,148.0008,46.8542,0.3166,1,1,202,1
201,4,1,9,0,0,1,0.1796,0.1241,0.1014,0.0475,1069.0,0.0,277.25,0.0,932.0,0.0,305.25,0.0,791.75,626.75,0.7916,1,0,0,0
202,4,1,0,1,1,1,0.9883,0.98,0.9146,0.877,774.0,340.0,635.0,344.5,724.5,405.0,687.0,391.0,139.0728,40.0281,0.2878,1,1,203,1
202,4,1,1,1,1,1,0.9863,0.9819,0.9087,0.8857,991.0,344.0,853.5,343.0,952.5,389.0,912.0,376.0,137.5036,42.5353,0.3093,1,1,203,1
202,4,1,2,1,1,1,0.9858,0.9873,0.9111,0.9155,572.0,277.5,426.5,278.5,506.5,299.0,469.5,293.0,145.5034,37.4833,0.2576,1,1,203,1
202,4,1,9,0,0,1,0.1569,0.1333,0.0928,0.059,1065.0,0.0,291.25,0.0,932.0,0.0,297.25,0.0,773.75,634.75,0.8204,1,0,0,0
203,4,1,0,1,1,1,0.9888,0.9785,0.9214,0.8711,772.5,343.5,631.0,348.5,725.5,397.0,686.0,400.0,141.5883,39.6138,0.2798,1,1,204,1
203,4,1,1,1,1,1,0.9858,0.9814,0.9072,0.8843,992.5,352.5,855.0,346.0,952.0,398.0,911.5,367.5,137.6536,50.7001,0.3683,1,1,204,1
203,4,1,2,1,1,1,0.9863,0.9863,0.917,0.9106,570.5,275.0,422.75,275.0,515.0,300.0,469.25,284.0,147.75,48.4671,0.328,1,1,204,1
203,4,1,9,0,0,1,0.149,0.1174,0.1288,0.0837,1022.0,0.0,244.75,0.0,983.5,0.0,305.5,0.0,777.25,678.0,0.8723,1,0,0,0
204,4,1,0,1,1,1,0.9883,0.9814,0.9092,0.877,774.5,343.0,627.0,349.5,725.5,397.0,687.0,390.5,147.6432,39.0448,0.2645,1,1,205,1
204,4,1,1,1,1,1,0.9858,0.9819,0.9087,0.8877,992.0,352.0,855.0,346.0,952.5,389.0,911.5,376.0,137.1313,43.0116,0.3137,1,1,205,1
204,4,1,2,1,1,1,0.9883,0.9863,0.9092,0.9077,571.5,276.0,425.5,274.0,504.0,300.0,458.5,282.5,146.0137,48.7494,0.3339,1,1,205,1
204,4,1,9,0,0,1,0.1639,0.1248,0.0974,0.051,1084.0,0.0,314.25,0.0,954.0,0.0,285.75,0.0,769.75,668.25,0.8681,1,0,0,0
205,4,1,0,1,1,1,0.9878,0.9814,0.9136,0.8853,773.0,339.0,629.5,345.0,733.5,395.5,686.5,390.5,143.6254,47.2652,0.3291,1,1,206,1
205,4,1,1,1,1,1,0.9863,0.981,0.9146,0.8857,995.5,353.0,858.5,349.5,952.0,389.0,911.0,376.0,137.0447,43.0116,0.3139,1,1,206,1
205,4,1,2,1,1,1,0.9858,0.9868,0.9116,0.9136,570.0,278.0,422.75,278.0,506.0,299.0,469.25,283.5,147.25,39.885,0.2709,1,1,206,1
205,4,1,9,0,0,1,0.1192,0.0868,0.1475,0.0737,1074.0,0.0,295.5,0.0,936.0,0.0,300.75,0.0,778.5,635.25,0.816,1,0,0,0
206,4,1,0,1,1,1,0.9878,0.981,0.9106,0.8794,773.0,344.0,631.0,349.0,725.5,397.5,695.0,401.0,142.088,30.7002,0.2161,1,1,207,1
206,4,1,1,1,1,1,0.9873,0.9819,0.915,0.8872,991.0,351.5,855.5,346.5,951.0,390.0,911.5,376.0,135.5922,41.9076,0.3091,1,1,207,1
206,4,1,2,1,1,1,0.9897,0.9854,0.9204,0.9038,574.5,279.5,426.5,281.5,502.5,300.0,457.5,282.5,148.0135,48.283,0.3262,1,1,207,1
206,4,1,9,0,0,1,0.158,0.1172,0.112,0.0643,1078.0,0.0,292.25,0.0,938.0,0.0,312.25,0.0,785.75,625.75,0.7964,1,0,0,0
207,4,1,0,1,1,1,0.9888,0.979,0.9185,0.8701,772.0,341.5,632.5,349.5,732.5,405.5,686.5,391.5,139.7292,48.0833,0.3441,1,1,208,1
207,4,1,1,1,1,1,0.9858,0.9819,0.9097,0.8896,993.5,351.5,858.0,348.5,951.0,389.5,911.5,366.5,135.5332,45.7083,0.3372,1,1,208,1
207,4,1,2,1,1,1,0.9849,0.9868,0.9033,0.9111,570.5,278.0,422.25,278.5,506.0,299.0,469.25,284.0,148.2508,39.6934,0.2677,1,1,208,1
207,4,1,9,0,0,1,0.1101,0.0837,0.1743,0.0912,1076.0,0.0,298.5,0.0,898.5,0.0,308.5,0.0,777.5,590.0,0.7588,1,0,0,0
208,4,1,1,1,1,1,0.9863,0.9824,0.9082,0.8872,993.5,351.5,855.5,349.5,951.0,390.0,911.0,376.0,138.0145,42.3792,0.3071,1,1,209,1
208,4,1,0,1,1,1,0.9897,0.981,0.9204,0.8716,770.5,333.5,633.5,338.5,726.5,402.5,692.5,402.5,137.0912,34.0,0.248,1,1,209,1
208,4,1,2,1,1,1,0.9888,0.9854,0.9146,0.9043,570.5,272.5,427.0,279.0,502.75,304.0,467.0,284.5,143.6471,40.7224,0.2835,1,1,209,1
208,4,1,9,0,0,1,0.1909,0.1571,0.1095,0.0723,1028.0,0.0,247.25,0.0,980.0,0.0,234.75,0.0,780.75,745.25,0.9545,1,0,0,0
209,4,1,1,1,1,1,0.9863,0.9844,0.9038,0.8945,992.0,350.0,852.0,348.5,951.5,390.0,911.0,375.5,140.008,43.0174,0.3072,1,1,210,1
209,4,1,0,1,1,1,0.9888,0.978,0.918,0.8643,773.5,344.0,629.0,346.5,725.0,397.0,687.0,390.5,144.5216,38.5519,0.2668,1,1,210,1
209,4,1,2,1,1,1,0.9902,0.9844,0.9233,0.8945,573.5,280.0,425.5,280.5,502.25,308.0,458.5,283.0,148.0008,50.3891,0.3405,1,1,210,1
209,4,1,9,0,0,1,0.151,0.1229,0.0922,0.0532,1078.0,0.0,286.75,0.0,949.0,0.0,286.75,0.0,791.25,662.25,0.837,1,0,0,0
210,3,0,0,1,1,1,0.9878,0.979,0.9146,0.8716,773.0,337.0,628.0,345.0,725.0,397.5,696.0,391.5,145.2205,29.6142,0.2039,1,1,211,1
210,3,0,1,1,1,1,0.9858,0.9834,0.9023,0.8892,992.0,350.0,848.0,349.0,960.0,391.0,912.5,375.5,144.0035,49.965,0.347,1,1,211,1
210,3,0,2,1,1,1,0.9863,0.9858,0.9126,0.9053,571.0,278.0,423.0,279.0,515.0,300.0,469.0,283.5,148.0034,48.8697,0.3302,1,1,211,1
211,4,1,0,1,1,1,0.9883,0.98,0.9136,0.874,772.5,341.5,632.5,349.5,725.0,405.5,695.0,391.5,140.2284,33.1059,0.2361,1,1,212,1
211,4,1,1,1,1,1,0.9863,0.9834,0.9072,0.8936,990.0,349.5,849.5,347.5,952.0,389.0,912.0,366.0,140.5142,46.1411,0.3284,1,1,212,1
211,4,1,2,1,1,1,0.9902,0.9844,0.9253,0.9009,570.5,280.0,428.0,280.5,502.75,303.5,459.75,283.0,142.5009,47.6366,0.3343,1,1,212,1
211,4,1,10,0,0,1,0.166,0.1174,0.1421,0.0694,1098.0,0.0,314.25,0.0,924.0,0.0,311.5,0.0,783.75,612.5,0.7815,1,0,0,0
212,3,0,0,1,1,1,0.9888,0.9805,0.9141,0.8755,772.0,340.0,626.0,345.0,725.5,405.0,687.0,391.0,146.0856,40.9664,0.2804,1,1,213,1
212,3,0,1,1,1,1,0.9868,0.9834,0.9102,0.8916,990.0,344.0,855.5,342.5,952.5,389.0,912.0,375.5,134.5084,42.6907,0.3174,1,1,213,1
212,3,0,2,1,1,1,0.9858,0.9849,0.9131,0.9038,569.0,278.0,423.5,278.5,506.0,299.0,469.25,283.5,145.5009,39.885,0.2741,1,1,213,1
213,3,0,0,1,1,1,0.9883,0.9805,0.9141,0.8745,772.0,341.5,629.0,350.0,724.5,405.5,687.5,391.0,143.2524,39.7398,0.2774,1,1,214,1
213,3,0,1,1,1,1,0.9849,0.9839,0.9019,0.9004,988.0,351.0,853.5,343.5,951.5,390.5,912.5,375.5,134.7089,41.7852,0.3102,1,1,214,1
213,3,0,2,1,1,1,0.9883,0.9868,0.9014,0.9062,577.0,279.0,424.5,284.0,511.5,296.5,458.0,282.5,152.5819,55.3014,0.3624,1,1,214,1
214,4,1,0,1,1,1,0.9873,0.9805,0.9097,0.8765,773.0,341.0,632.0,350.0,733.5,398.0,695.0,400.5,141.2869,38.5811,0.2731,1,1,215,1
214,4,1,1,1,1,1,0.9863,0.9824,0.9121,0.8926,991.5,349.5,855.0,348.5,952.5,389.5,911.5,376.0,136.5037,43.1654,0.3162,1,1,215,1
214,4,1,2,1,1,1,0.9873,0.9878,0.9146,0.9131,571.5,281.5,426.25,280.0,515.5,299.0,468.25,286.5,145.2577,48.8755,0.3365,1,1,215,1
214,4,1,11,0,0,1,0.1519,0.0909,0.1407,0.0559,1075.0,0.0,286.75,0.0,942.0,0.0,291.5,0.0,788.25,650.5,0.8252,1,0,0,0
215,4,1,0,1,1,1,0.9878,0.981,0.9111,0.8789,771.5,343.5,631.0,349.0,725.5,397.0,686.5,400.0,140.6076,39.1152,0.2782,1,1,216,1
215,4,1,1,1,1,1,0.9868,0.9829,0.9097,0.8887,991.0,350.0,851.0,348.0,952.0,390.5,911.5,375.0,140.0143,43.3647,0.3097,1,1,216,1
215,4,1,2,1,1,1,0.9858,0.9868,0.9092,0.9102,571.5,278.0,422.0,278.5,506.5,299.0,468.75,283.5,149.5008,40.8082,0.273,1,1,216,1
215,4,1,11,0,0,1,0.1285,0.0957,0.1158,0.0599,1088.0,0.0,307.5,0.0,929.0,0.0,307.0,0.0,780.5,622.0,0.7969,1,0,0,0
216,4,1,1,1,1,1,0.9868,0.9834,0.9072,0.8872,992.0,345.0,853.5,343.5,951.5,399.0,911.0,375.5,138.5081,46.8241,0.3381,1,1,217,1
216,4,1,0,1,1,1,0.9878,0.981,0.9092,0.8779,772.5,336.0,628.5,344.0,733.0,405.0,687.0,391.0,144.2221,48.0833,0.3334,1,1,217,1
216,4,1,2,1,1,1,0.9868,0.9873,0.9131,0.9058,572.0,277.0,423.0,278.5,498.25,299.0,468.5,283.0,149.0076,33.7796,0.2267,1,1,217,1
216,4,1,11,0,0,1,0.1345,0.1069,0.1398,0.0734,1074.0,0.0,302.25,0.0,913.0,0.0,311.0,0.0,771.75,602.0,0.78,1,0,0,0
217,4,1,0,1,1,1,0.9878,0.981,0.9097,0.8789,772.0,344.0,627.5,348.5,725.5,405.0,687.0,391.0,144.5701,40.9664,0.2834,1,1,218,1
217,4,1,1,1,1,1,0.9854,0.9824,0.9048,0.8921,987.5,349.5,854.0,348.0,954.0,389.5,912.5,376.0,133.5084,43.6406,0.3269,1,1,218,1
217,4,1,2,1,1,1,0.9883,0.9858,0.9233,0.9082,568.5,281.0,429.75,280.0,517.0,298.5,468.5,287.0,138.7536,49.8448,0.3592,1,1,218,1
217,4,1,11,0,0,1,0.2012,0.1277,0.157,0.0771,1001.0,0.0,250.75,0.0,988.0,0.0,307.25,0.0,750.25,680.75,0.9074,1,0,0,0
218,4,1,0,1,1,1,0.9893,0.98,0.9189,0.8716,774.5,343.5,632.5,349.5,724.5,397.0,687.0,400.0,142.1267,37.6198,0.2647,1,1,219,1
218,4,1,1,1,1,1,0.9854,0.9839,0.8994,0.894,991.5,344.0,853.0,343.0,952.5,389.0,912.0,376.0,138.5036,42.5353,0.3071,1,1,219,1
218,4,1,2,1,1,1,0.9863,0.9863,0.9155,0.9111,572.0,277.0,426.75,279.0,506.5,298.5,469.5,283.5,145.2638,39.9249,0.2748,1,1,219,1
218,4,1,11,0,0,1,0.1344,0.1054,0.1438,0.0753,1077.0,0.0,316.0,0.0,924.0,0.0,302.5,0.0,761.0,621.5,0.8167,1,0,0,0
219,4,1,0,1,1,1,0.9893,0.98,0.9204,0.8672,771.0,337.0,634.0,342.0,727.0,402.5,692.5,402.5,137.0912,34.5,0.2517,1,1,220,1
219,4,1,1,1,1,1,0.9858,0.9829,0.9062,0.896,992.5,350.5,853.0,344.0,953.0,399.0,912.0,376.0,139.6514,47.0106,0.3366,1,1,220,1
219,4,1,2,1,1,1,0.9854,0.9873,0.9033,0.9121,567.5,277.5,421.75,278.0,506.0,299.0,469.75,283.5,145.7509,39.4248,0.2705,1,1,220,1
219,4,1,11,0,0,1,0.1626,0.097,0.1718,0.0734,1055.0,0.0,307.25,0.0,908.0,0.0,323.5,0.0,747.75,584.5,0.7817,1,0,0,0
220,4,1,0,1,1,1,0.9893,0.9775,0.9233,0.8618,773.5,336.0,634.5,343.0,724.5,396.0,686.0,390.5,139.1761,38.8909,0.2794,1,1,221,1
220,4,1,1,1,1,1,0.9868,0.9824,0.9106,0.8901,989.0,351.0,851.5,343.0,951.5,399.0,912.0,376.0,137.7325,45.7083,0.3319,1,1,221,1
220,4,1,2,1,1,1,0.9854,0.9873,0.9048,0.9136,569.5,278.0,420.5,279.0,515.0,300.5,469.5,293.0,149.0034,46.114,0.3095,1,1,221,1
220,4,1,11,0,0,1,0.1666,0.1155,0.0868,0.0424,1078.0,0.0,288.5,0.0,919.0,0.0,312.25,0.0,789.5,606.75,0.7685,1,0,0,0
221,4,1,1,1,1,1,0.9863,0.9824,0.9097,0.8872,990.5,350.5,852.0,348.0,951.0,399.0,912.0,376.0,138.5226,45.2769,0.3269,1,1,222,1
221,4,1,0,1,1,1,0.9888,0.9805,0.9126,0.8667,772.0,337.0,635.5,342.5,726.5,402.5,692.5,402.5,136.6108,34.0,0.2489,1,1,222,1
221,4,1,2,1,1,1,0.9854,0.9868,0.9082,0.9087,571.0,278.0,423.0,279.0,515.0,300.0,469.0,283.5,148.0034,48.8697,0.3302,1,1,222,1
221,4,1,11,0,0,1,0.1887,0.1442,0.1061,0.0571,1075.0,0.0,299.75,0.0,939.0,0.0,285.5,0.0,775.25,653.5,0.843,1,0,0,0
222,4,1,0,1,1,1,0.9888,0.981,0.9155,0.8774,772.5,343.0,629.0,349.5,732.5,396.5,688.0,391.0,143.6471,44.8386,0.3121,1,1,223,1
222,4,1,2,1,1,1,0.9858,0.9863,0.9087,0.9062,569.5,277.5,421.0,278.5,515.0,299.5,469.5,283.5,148.5034,48.2312,0.3248,1,1,223,1
222,4,1,1,1,1,1,0.9854,0.9824,0.9048,0.8896,990.0,353.0,852.0,348.0,952.0,398.5,912.0,376.0,138.0906,45.8939,0.3323,1,1,223,1
222,4,1,11,0,0,1,0.1416,0.0998,0.0957,0.0511,1082.0,0.0,300.0,0.0,931.0,0.0,311.75,0.0,782.0,619.25,0.7919,1,0,0,0
223,4,1,0,1,1,1,0.9893,0.979,0.9224,0.8652,776.0,342.0,630.5,349.0,732.5,405.5,687.0,400.5,145.6683,45.7739,0.3142,1,1,224,1
223,4,1,1,1,1,1,0.9873,0.9834,0.9126,0.894,993.0,349.5,852.5,348.0,952.0,389.0,904.0,375.0,140.508,50.0,0.3559,1,1,224,1
223,4,1,2,1,1,1,0.9863,0.9873,0.9111,0.9131,569.5,275.0,423.25,275.0,498.0,299.5,469.25,284.0,146.25,32.6621,0.2233,1,1,224,1
223,4,1,11,0,0,1,0.1746,0.1218,0.114,0.065,1043.0,0.0,251.5,0.0,978.0,0.0,267.75,0.0,791.5,710.25,0.8973,1,0,0,0
224,4,1,0,1,1,1,0.9897,0.9795,0.9243,0.8711,776.0,340.5,629.5,344.5,725.0,404.5,686.5,390.5,146.5546,40.9664,0.2795,1,1,225,1
224,4,1,1,1,1,1,0.9868,0.9844,0.9077,0.8979,992.0,352.0,851.0,347.5,953.0,389.0,904.5,375.0,141.0718,50.4802,0.3578,1,1,225,1
224,4,1,2,1,1,1,0.9893,0.9858,0.9175,0.9082,575.0,267.0,422.25,274.5,503.25,291.0,457.75,281.5,152.934,46.4812,0.3039,1,1,225,1
224,4,1,11,0,0,1,0.1523,0.113,0.1202,0.0578,1074.0,0.0,302.75,0.0,933.5,0.0,310.0,0.0,771.25,623.5,0.8084,1,0,0,0
225,4,1,0,1,1,1,0.9888,0.9805,0.9141,0.8716,774.5,343.5,625.5,349.0,726.0,397.0,686.5,390.5,149.1015,40.0312,0.2685,1,1,226,1
225,4,1,1,1,1,1,0.9868,0.9829,0.9092,0.8887,991.5,345.0,854.0,343.0,952.0,399.0,904.0,385.0,137.5145,50.0,0.3636,1,1,226,1
225,4,1,2,1,1,1,0.9858,0.9868,0.9082,0.9072,576.5,278.0,421.5,279.0,514.0,300.0,468.5,283.5,155.0032,48.3994,0.3122,1,1,226,1
225,4,1,11,0,0,1,0.1611,0.1381,0.0977,0.06,1060.0,0.0,287.75,0.0,953.0,0.0,294.5,0.0,772.25,658.5,0.8527,1,0,0,0
226,4,1,0,1,1,1,0.9883,0.98,0.9141,0.8765,773.0,341.0,633.5,350.0,732.5,405.0,686.0,391.5,139.79,48.42,0.3464,1,1,227,1
226,4,1,1,1,1,1,0.9858,0.9849,0.9004,0.8984,992.0,348.0,850.5,342.5,951.5,399.5,904.0,375.0,141.6069,53.4462,0.3774,1,1,227,1
226,4,1,2,1,1,1,0.9868,0.9863,0.9136,0.9048,569.0,277.5,420.5,278.5,498.75,300.0,468.5,292.0,148.5034,31.29,0.2107,1,1,227,1
226,4,1,11,0,0,1,0.1886,0.1322,0.1273,0.0612,1066.0,0.0,297.5,0.0,921.0,0.0,286.75,0.0,768.5,634.25,0.8253,1,0,0,0
227,4,1,0,1,1,1,0.9863,0.9824,0.8984,0.8857,773.5,337.5,632.0,345.5,725.0,405.0,695.0,391.5,141.726,32.8976,0.2321,1,1,228,1
227,4,1,1,1,1,1,0.9844,0.9849,0.8906,0.8965,993.5,352.5,851.5,348.0,952.5,398.5,904.0,375.5,142.0713,53.6773,0.3778,1,1,228,1
227,4,1,2,1,1,1,0.9858,0.9868,0.9092,0.9102,571.5,278.0,422.0,278.5,506.5,299.0,468.75,283.5,149.5008,40.8082,0.273,1,1,228,1
227,4,1,11,0,0,1,0.1815,0.1283,0.1025,0.0599,1019.0,0.0,242.5,0.0,975.5,0.0,305.25,0.0,776.5,670.25,0.8632,1,0,0,0
228,4,1,0,1,1,1,0.9883,0.9829,0.9126,0.8872,773.5,342.0,634.5,349.0,724.5,405.5,686.5,400.5,139.1761,38.3275,0.2754,1,1,229,1
228,4,1,1,1,1,1,0.9883,0.9829,0.9141,0.8823,990.0,345.0,850.0,342.5,951.0,398.0,895.0,374.5,140.0223,60.731,0.4337,1,1,229,1
228,4,1,2,1,1,1,0.9863,0.9873,0.9106,0.9121,571.0,278.5,423.0,278.5,515.0,309.0,469.25,293.5,148.0,48.3044,0.3264,1,1,229,1
228,4,1,11,0,0,1,0.1163,0.0959,0.1061,0.056,1082.0,0.0,291.25,0.0,940.0,0.0,301.0,0.0,790.75,639.0,0.8081,1,0,0,0
229,4,1,0,1,1,1,0.9897,0.9829,0.917,0.8799,770.0,338.5,630.5,344.0,727.0,402.0,692.5,402.0,139.6084,34.5,0.2471,1,1,230,1
229,4,1,1,1,1,1,0.9873,0.9829,0.9116,0.8916,992.0,344.0,852.5,342.5,952.5,389.0,904.0,375.0,139.5081,50.4802,0.3618,1,1,230,1
229,4,1,2,1,1,1,0.9883,0.9878,0.9185,0.9102,572.5,275.5,427.0,274.0,506.25,297.5,458.75,285.5,145.5077,48.9923,0.3367,1,1,230,1
229,4,1,11,0,0,1,0.105,0.0776,0.1176,0.056,1076.0,0.0,294.0,0.0,933.5,0.0,282.25,0.0,782.0,651.25,0.8328,1,0,0,0
230,4,1,0,1,1,1,0.9883,0.9819,0.9106,0.8794,772.5,336.5,631.5,345.0,724.5,397.0,686.5,391.0,141.256,38.4708,0.2723,1,1,231,1
230,4,1,1,1,1,1,0.9858,0.9829,0.9062,0.8955,991.5,352.0,853.0,348.0,953.0,389.0,912.0,376.0,138.5577,43.0116,0.3104,1,1,231,1
230,4,1,2,1,1,1,0.9849,0.9868,0.9033,0.9111,569.0,277.0,423.25,278.5,507.0,298.5,469.75,284.0,145.7577,39.9726,0.2742,1,1,231,1
230,4,1,11,0,0,1,0.1494,0.1002,0.1342,0.0605,1074.0,0.0,284.25,0.0,935.0,0.0,283.5,0.0,789.75,651.5,0.8249,1,0,0,0
231,4,1,0,1,1,1,0.9873,0.9819,0.9014,0.8755,773.5,340.5,631.5,350.0,724.5,397.5,686.5,390.5,142.3174,38.6394,0.2715,1,1,232,1
231,4,1,1,1,1,1,0.9854,0.9849,0.8979,0.8965,992.5,344.5,853.5,343.0,952.5,389.0,904.0,374.5,139.0081,50.6211,0.3642,1,1,232,1
231,4,1,2,1,1,1,0.9858,0.9858,0.917,0.9116,569.5,278.5,423.5,279.0,506.0,300.0,469.0,293.0,146.0009,37.6563,0.2579,1,1,232,1
231,4,1,11,0,0,1,0.1624,0.121,0.1021,0.0551,1076.0,0.0,310.25,0.0,959.0,0.0,304.5,0.0,765.75,654.5,0.8547,1,0,0,0
232,4,1,0,1,1,1,0.9878,0.98,0.9087,0.8745,775.5,333.5,630.0,339.5,726.0,395.5,696.5,391.5,145.6237,29.77,0.2044,1,1,233,1
232,4,1,1,1,1,1,0.9878,0.9824,0.9155,0.8882,991.5,349.5,853.5,348.0,952.0,389.5,904.0,375.0,138.0082,50.1423,0.3633,1,1,233,1
232,4,1,2,1,1,1,0.9873,0.9858,0.9199,0.9062,570.0,278.0,422.5,278.5,506.25,299.5,469.0,293.0,147.5008,37.8129,0.2564,1,1,233,1
232,4,1,11,0,0,1,0.1705,0.1272,0.1292,0.0649,1097.0,0.0,307.75,0.0,939.0,0.0,300.5,0.0,789.25,638.5,0.809,1,0,0,0
233,4,1,0,1,1,1,0.9863,0.981,0.9053,0.8818,772.5,341.0,628.5,350.0,733.0,397.0,696.0,391.5,144.281,37.4066,0.2593,1,1,234,1
233,4,1,1,1,1,1,0.9863,0.9834,0.9038,0.8882,991.0,350.0,849.0,348.0,951.5,390.0,895.0,374.0,142.0141,58.7218,0.4135,1,1,234,1
233,4,1,2,1,1,1,0.9863,0.9878,0.9097,0.9126,571.0,275.0,422.25,275.5,506.5,300.0,469.25,293.0,148.7508,37.902,0.2548,1,1,234,1
233,4,1,11,0,0,1,0.1495,0.1011,0.1681,0.0818,1086.0,0.0,295.75,0.0,930.5,0.0,317.75,0.0,790.25,612.75,0.7754,1,0,0,0
234,3,0,0,1,1,1,0.9878,0.981,0.9102,0.8789,774.5,341.0,628.5,350.0,725.0,397.0,686.5,391.0,146.2771,38.9647,0.2664,1,1,235,1
234,3,0,1,1,1,1,0.9844,0.9834,0.8999,0.8955,991.5,349.5,853.5,348.5,952.0,389.5,904.0,375.5,138.0036,50.0,0.3623,1,1,235,1
234,3,0,2,1,1,1,0.9858,0.9868,0.9116,0.9131,571.0,278.0,422.25,278.5,498.75,300.0,468.25,292.0,148.7508,31.5317,0.212,1,1,235,1
235,4,1,0,1,1,1,0.9883,0.9805,0.9155,0.877,772.0,339.0,633.0,344.5,724.5,396.5,696.0,391.5,139.1088,28.9353,0.208,1,1,236,1
235,4,1,1,1,1,1,0.9844,0.9844,0.8921,0.8979,992.0,344.5,854.0,342.5,952.0,389.0,904.5,375.0,138.0145,49.5202,0.3588,1,1,236,1
235,4,1,2,1,1,1,0.9897,0.9834,0.9229,0.8936,576.5,272.0,427.0,279.0,501.5,299.0,458.0,283.0,149.6638,46.3492,0.3097,1,1,236,1
235,4,1,12,0,0,1,0.1432,0.0995,0.1381,0.0636,1072.0,0.0,299.75,0.0,953.5,0.0,303.5,0.0,772.25,650.0,0.8417,1,0,0,0
236,4,1,0,1,1,1,0.9878,0.9814,0.9097,0.8784,772.5,335.0,633.5,344.0,724.5,397.0,686.0,390.5,139.2911,39.0448,0.2803,1,1,237,1
236,4,1,1,1,1,1,0.9868,0.9829,0.9087,0.8877,993.0,350.0,851.5,348.5,952.0,390.5,895.0,383.5,141.508,57.4282,0.4058,1,1,237,1
236,4,1,2,1,1,1,0.9858,0.9873,0.9102,0.9141,571.0,278.0,421.75,279.0,506.5,300.0,468.75,293.0,149.2534,38.3935,0.2572,1,1,237,1
236,4,1,12,0,0,1,0.1293,0.0984,0.1161,0.0589,1070.0,0.0,298.75,0.0,916.5,0.0,309.25,0.0,771.25,607.25,0.7874,1,0,0,0
237,4,1,0,1,1,1,0.9878,0.9814,0.9092,0.8799,776.0,340.5,631.0,344.5,733.5,405.5,686.0,400.5,145.0552,47.7624,0.3293,1,1,238,1
237,4,1,1,1,1,1,0.9849,0.9839,0.9014,0.8979,993.0,352.0,852.5,348.0,953.0,389.0,912.0,376.0,140.5569,43.0116,0.306,1,1,238,1
237,4,1,2,1,1,1,0.9893,0.9888,0.9297,0.918,568.0,276.0,416.0,277.0,505.5,302.0,460.0,285.5,152.0033,48.3994,0.3184,1,1,238,1
237,4,1,12,0,0,1,0.155,0.1221,0.1296,0.0688,1081.0,0.0,303.5,0.0,941.0,0.0,273.5,0.0,777.5,667.5,0.8585,1,0,0,0
238,4,1,0,1,1,1,0.9888,0.9785,0.916,0.8643,775.0,340.0,630.5,345.0,725.5,405.5,685.5,400.5,144.5865,40.3113,0.2788,1,1,239,1
238,4,1,1,1,1,1,0.9858,0.9844,0.8984,0.8945,992.5,344.5,852.5,342.5,952.5,388.5,895.0,374.0,140.0143,59.3001,0.4235,1,1,239,1
238,4,1,2,1,1,1,0.9893,0.9844,0.9219,0.9038,574.0,277.5,427.25,279.0,502.0,296.0,458.75,292.0,146.7577,43.4346,0.296,1,1,239,1
238,4,1,12,0,0,1,0.1638,0.1276,0.1084,0.0615,1100.0,0.0,295.0,0.0,954.5,0.0,300.25,0.0,805.0,654.25,0.8127,1,0,0,0
239,4,1,0,1,1,1,0.9878,0.9814,0.9082,0.8779,773.5,339.5,627.0,345.0,725.0,405.5,687.0,391.0,146.6032,40.6725,0.2774,1,1,240,1
239,4,1,1,1,1,1,0.9863,0.9844,0.9087,0.8994,992.0,349.5,853.0,348.0,952.0,389.0,895.0,374.5,139.0081,58.8154,0.4231,1,1,240,1
239,4,1,2,1,1,1,0.9863,0.9873,0.9097,0.9121,571.0,278.0,426.5,278.5,506.25,299.5,468.25,292.5,144.5009,38.6394,0.2674,1,1,240,1
239,4,1,12,0,0,1,0.1138,0.0776,0.1549,0.0718,1088.0,0.0,308.5,0.0,934.0,0.0,327.0,0.0,779.5,607.0,0.7787,1,0,0,0
240,4,1,0,1,1,1,0.9878,0.981,0.9116,0.8799,771.5,340.5,633.5,349.5,724.5,397.0,686.5,391.0,138.2932,38.4708,0.2782,1,1,241,1
240,4,1,1,1,1,1,0.9893,0.981,0.9233,0.877,992.5,344.5,852.5,343.0,952.0,389.5,894.5,383.5,140.008,57.8122,0.4129,1,1,241,1
240,4,1,2,1,1,1,0.9873,0.9858,0.9194,0.9048,570.0,278.0,422.25,278.5,506.0,299.5,469.0,293.0,147.7508,37.5666,0.2543,1,1,241,1
240,4,1,12,0,0,1,0.1409,0.1182,0.1289,0.0692,1096.0,0.0,305.0,0.0,928.0,0.0,290.5,0.0,791.0,637.5,0.8059,1,0,0,0
241,4,1,0,1,1,1,0.9863,0.9824,0.9019,0.8901,771.5,343.0,627.5,349.5,733.0,397.0,697.0,391.5,144.1466,36.4177,0.2526,1,1,242,1
241,4,1,1,1,1,1,0.9844,0.9854,0.8975,0.9048,990.5,349.5,853.0,348.5,952.5,389.5,912.0,376.0,137.5036,42.6907,0.3105,1,1,242,1
241,4,1,2,1,1,1,0.9858,0.9868,0.9116,0.9136,570.0,278.0,422.75,278.0,506.0,299.0,469.25,283.5,147.25,39.885,0.2709,1,1,242,1
241,4,1,12,0,0,1,0.1925,0.1373,0.1144,0.0572,1071.0,0.0,304.25,0.0,940.5,0.0,293.75,0.0,766.75,646.75,0.8435,1,0,0,0
242,4,1,0,1,1,1,0.9868,0.981,0.9062,0.8818,771.5,341.5,632.0,349.5,725.0,397.5,686.0,400.0,139.7292,39.08,0.2797,1,1,243,1
242,4,1,1,1,1,1,0.9858,0.9829,0.9028,0.8892,991.5,349.5,852.0,348.5,953.0,390.0,911.5,375.5,139.5036,43.9602,0.3151,1,1,243,1
242,4,1,2,1,1,1,0.9849,0.9873,0.9053,0.915,572.0,277.5,424.25,278.5,507.0,298.5,469.25,284.0,147.7534,40.439,0.2737,1,1,243,1
242,4,1,12,0,0,1,0.1827,0.1218,0.1324,0.063,1051.0,0.0,290.75,0.0,952.0,0.0,288.0,0.0,760.25,664.0,0.8734,1,0,0,0
243,4,1,0,1,1,1,0.9878,0.9795,0.9165,0.8784,772.0,341.5,630.0,347.5,733.0,405.5,696.5,391.5,142.1267,39.0928,0.2751,1,1,244,1
243,4,1,1,1,1,1,0.9854,0.9824,0.9053,0.8926,992.0,350.0,854.0,348.5,952.5,389.5,912.0,376.0,138.0082,42.6907,0.3093,1,1,244,1
243,4,1,2,1,1,1,0.9858,0.9873,0.9121,0.916,570.5,278.0,424.5,279.0,498.75,299.5,460.0,293.0,146.0034,39.2914,0.2691,1,1,244,1
243,4,1,12,0,0,1,0.1279,0.1041,0.1355,0.0733,1096.0,0.0,303.25,0.0,939.0,0.0,297.75,0.0,792.75,641.25,0.8089,1,0,0,0
244,4,1,1,1,1,1,0.9863,0.9839,0.9038,0.8936,993.0,346.5,853.5,342.5,953.5,389.0,911.5,375.5,139.5573,44.1163,0.3161,1,1,245,1
244,4,1,0,1,1,1,0.9902,0.9829,0.915,0.874,768.5,338.5,628.0,343.5,727.5,402.0,683.5,401.5,140.5889,44.0028,0.313,1,1,245,1
244,4,1,2,1,1,1,0.9863,0.9878,0.9097,0.9121,570.0,279.0,421.75,279.0,514.5,309.5,460.5,293.0,148.25,56.4646,0.3809,1,1,245,1
244,4,1,12,0,0,1,0.1891,0.1237,0.1071,0.0509,1080.0,0.0,287.75,0.0,956.0,0.0,311.75,0.0,792.25,644.25,0.8132,1,0,0,0
245,4,1,1,1,1,1,0.9849,0.9829,0.9004,0.8945,991.0,344.0,853.0,342.5,952.5,389.0,904.5,374.5,138.0082,50.1423,0.3633,1,1,246,1
245,4,1,0,1,1,1,0.9883,0.9814,0.9087,0.8794,772.0,339.5,632.0,345.0,732.5,404.5,687.0,391.0,140.108,47.4605,0.3387,1,1,246,1
245,4,1,2,1,1,1,0.9868,0.9854,0.9189,0.9038,571.5,274.0,424.5,275.5,506.5,299.0,469.5,284.5,147.0077,39.7398,0.2703,1,1,246,1
245,4,1,12,0,0,1,0.1803,0.1255,0.1115,0.0571,1069.0,0.0,302.25,0.0,929.0,0.0,305.0,0.0,766.75,624.0,0.8138,1,0,0,0
246,4,1,0,1,1,1,0.9888,0.981,0.915,0.876,774.5,343.0,629.0,349.0,732.5,396.5,687.5,391.0,145.6237,45.3349,0.3113,1,1,247,1
246,4,1,1,1,1,1,0.9863,0.9839,0.9048,0.8936,992.0,349.5,852.5,348.0,952.0,389.0,895.5,374.5,139.5081,58.331,0.4181,1,1,247,1
246,4,1,2,1,1,1,0.9868,0.9854,0.9194,0.9053,570.5,274.5,425.25,275.5,506.5,299.5,469.75,293.5,145.2534,37.2366,0.2564,1,1,247,1
246,4,1,12,0,0,1,0.1573,0.1172,0.0953,0.0488,1076.0,0.0,287.75,0.0,969.0,0.0,295.5,0.0,788.25,673.5,0.8544,1,0,0,0
247,4,1,1,1,1,1,0.9858,0.9829,0.9038,0.8901,991.0,350.0,852.0,348.0,951.0,390.0,904.0,374.5,139.0144,49.4899,0.356,1,1,248,1
247,4,1,0,1,1,1,0.9883,0.98,0.9106,0.8682,774.0,343.5,627.5,350.0,732.5,405.5,687.5,391.0,146.6441,47.2784,0.3224,1,1,248,1
247,4,1,2,1,1,1,0.9868,0.9868,0.9146,0.9092,571.0,278.0,422.0,279.0,506.5,300.0,468.75,292.5,149.0034,38.4878,0.2583,1,1,248,1
247,4,1,12,0,0,1,0.16,0.1207,0.0939,0.0512,1098.0,0.0,297.5,0.0,924.0,0.0,283.5,0.0,800.5,640.5,0.8001,1,0,0,0
248,4,1,1,1,1,1,0.9844,0.9839,0.8945,0.8975,992.5,350.0,850.5,348.5,952.5,390.0,904.5,384.5,142.0079,48.3141,0.3402,1,1,249,1
248,4,1,0,1,1,1,0.9878,0.981,0.9087,0.877,773.5,341.5,631.0,349.5,725.5,405.5,695.0,391.5,142.7244,33.5596,0.2351,1,1,249,1
248,4,1,2,1,1,1,0.9893,0.9849,0.9321,0.9009,566.5,281.5,428.5,280.5,516.0,300.0,468.5,287.0,138.0036,49.2468,0.3569,1,1,249,1
248,4,1,12,0,0,1,0.1826,0.1575,0.093,0.0592,1078.0,0.0,285.0,0.0,921.0,0.0,285.75,0.0,793.0,635.25,0.8011,1,0,0,0
249,4,1,0,1,1,1,0.9873,0.9829,0.9053,0.8882,772.5,341.0,635.5,350.0,724.0,405.0,686.5,391.0,137.2953,40.0281,0.2915,1,1,250,1
249,4,1,1,1,1,1,0.9873,0.9839,0.9087,0.8887,993.5,344.0,852.5,343.0,952.5,389.0,903.5,374.5,141.0035,51.1004,0.3624,1,1,250,1
249,4,1,2,1,1,1,0.9849,0.9873,0.9077,0.9185,566.0,278.0,423.0,278.5,507.75,299.5,469.5,293.0,143.0009,38.7984,0.2713,1,1,250,1
249,4,1,12,0,0,1,0.1833,0.1349,0.1038,0.0537,1077.0,0.0,289.75,0.0,970.0,0.0,303.0,0.0,787.25,667.0,0.8473,1,0,0,0
250,4,1,0,1,1,1,0.9873,0.9805,0.9106,0.8774,772.0,341.5,627.5,349.5,725.0,398.0,687.0,400.0,144.7213,38.0526,0.2629,1,1,251,1
250,4,1,1,1,1,1,0.9863,0.9839,0.9043,0.8931,992.5,349.5,852.0,348.0,952.5,389.5,895.0,374.0,140.508,59.5525,0.4238,1,1,251,1
250,4,1,2,1,1,1,0.9888,0.9854,0.9165,0.9072,574.5,277.0,426.25,284.0,502.25,304.5,467.5,284.0,148.4152,40.3462,0.2718,1,1,251,1
250,4,1,12,0,0,1,0.1487,0.1483,0.0817,0.0733,1030.0,0.0,267.25,0.0,981.0,0.0,286.25,0.0,762.75,694.75,0.9108,1,0,0,0
251,4,1,0,1,1,1,0.9878,0.979,0.9111,0.8667,773.5,337.0,632.0,345.5,724.5,406.0,686.5,391.0,141.7551,40.8534,0.2882,1,1,252,1
251,4,1,1,1,1,1,0.9854,0.9824,0.9053,0.8916,992.0,350.0,853.0,348.0,952.0,389.5,904.0,375.0,139.0144,50.1423,0.3607,1,1,252,1
251,4,1,2,1,1,1,0.9873,0.9858,0.9194,0.9053,570.0,275.0,423.0,275.0,505.75,299.5,469.25,284.0,147.0,39.6548,0.2698,1,1,252,1
251,4,1,12,0,0,1,0.2,0.1567,0.1025,0.0582,1086.0,0.0,282.75,0.0,973.5,0.0,304.5,0.0,803.25,669.0,0.8329,1,0,0,0
252,4,1,1,1,1,1,0.9863,0.9829,0.9043,0.8887,992.0,349.5,851.0,348.5,952.5,390.0,904.5,384.0,141.0035,48.3735,0.3431,1,1,253,1
252,4,1,0,1,1,1,0.9873,0.9824,0.9048,0.8838,773.0,340.0,631.5,344.0,724.5,405.0,687.0,391.0,141.5565,40.0281,0.2828,1,1,253,1
252,4,1,2,1,1,1,0.9868,0.9868,0.9141,0.9072,572.0,275.0,423.25,275.0,505.75,300.0,469.5,293.0,148.75,36.9197,0.2482,1,1,253,1
252,4,1,12,0,0,1,0.1301,0.1058,0.1515,0.0811,1062.0,0.0,315.5,0.0,926.0,0.0,318.5,0.0,746.5,607.5,0.8138,1,0,0,0
253,4,1,0,1,1,1,0.9888,0.979,0.9199,0.873,776.0,337.0,635.0,345.0,731.5,405.0,686.5,391.5,141.2268,46.9814,0.3327,1,1,254,1
253,4,1,1,1,1,1,0.9854,0.9844,0.8999,0.8965,987.5,351.0,850.0,348.0,952.5,399.0,895.5,374.5,137.5327,62.0423,0.4511,1,1,254,1
253,4,1,2,1,1,1,0.9863,0.9863,0.9141,0.9082,570.0,275.0,422.75,275.5,506.0,300.0,469.5,293.5,147.2508,37.0742,0.2518,1,1,254,1
253,4,1,12,0,0,1,0.1357,0.0935,0.1787,0.0857,1102.0,0.0,319.5,0.0,944.0,0.0,297.75,0.0,782.5,646.25,0.8259,1,0,0,0
254,4,1,0,1,1,1,0.9878,0.981,0.9136,0.8828,772.5,343.0,629.5,349.0,733.5,396.0,686.5,391.0,143.1258,47.2652,0.3302,1,1,255,1
254,4,1,1,1,1,1,0.9858,0.9834,0.9058,0.894,993.5,350.0,848.5,348.5,953.0,389.5,912.5,376.0,145.0078,42.6907,0.2944,1,1,255,1
254,4,1,2,1,1,1,0.9893,0.9849,0.9165,0.896,572.0,275.5,426.0,279.0,511.75,305.0,459.0,283.5,146.0419,56.9633,0.39,1,1,255,1
254,4,1,12,0,0,1,0.2203,0.1646,0.0932,0.0549,1026.0,0.0,239.25,0.0,972.0,0.0,260.25,0.0,786.75,711.75,0.9047,1,0,0,0
255,4,1,0,1,1,1,0.9893,0.98,0.9199,0.8721,772.5,341.5,631.5,349.0,725.0,405.0,686.0,391.5,141.1993,41.2704,0.2923,1,1,256,1
255,4,1,1,1,1,1,0.9839,0.9854,0.8857,0.9009,993.0,344.5,853.0,343.0,952.5,389.5,904.0,374.5,140.008,50.7666,0.3626,1,1,256,1
255,4,1,2,1,1,1,0.9849,0.9868,0.9028,0.9106,573.0,277.5,424.25,278.5,499.5,299.0,468.75,283.5,148.7534,34.4356,0.2315,1,1,256,1
255,4,1,12,0,0,1,0.1635,0.1071,0.1375,0.0589,1090.0,0.0,313.75,0.0,922.0,0.0,308.25,0.0,776.25,613.75,0.7907,1,0,0,0
256,4,1,0,1,1,1,0.9883,0.9805,0.917,0.876,772.5,341.0,631.0,348.5,724.5,397.0,686.0,391.0,141.6986,38.9647,0.275,1,1,257,1
256,4,1,1,1,1,1,0.9839,0.9854,0.8887,0.9023,991.0,349.5,852.0,348.0,952.0,389.5,904.5,375.0,139.0081,49.6639,0.3573,1,1,257,1
256,4,1,2,1,1,1,0.9844,0.9868,0.9058,0.9141,571.5,274.5,425.0,275.0,499.0,299.0,469.25,284.0,146.5009,33.3176,0.2274,1,1,257,1
256,4,1,12,0,0,1,0.1345,0.1013,0.153,0.0774,1087.0,0.0,323.75,0.0,930.0,0.0,327.5,0.0,763.25,602.5,0.7894,1,0,0,0
257,4,1,0,1,1,1,0.9893,0.979,0.9199,0.8691,773.0,343.0,630.5,349.0,733.5,396.0,686.5,391.0,142.6263,47.2652,0.3314,1,1,258,1
257,4,1,1,1,1,1,0.9863,0.9814,0.9082,0.8843,993.0,349.0,854.0,348.5,952.0,390.0,904.0,374.5,139.0009,50.4406,0.3629,1,1,258,1
257,4,1,2,1,1,1,0.9863,0.9873,0.9155,0.9175,570.5,273.5,429.5,272.5,517.0,299.5,468.75,287.5,141.0035,49.7198,0.3526,1,1,258,1
257,4,1,12,0,0,1,0.1644,0.0991,0.1086,0.0467,1077.0,0.0,308.5,0.0,966.0,0.0,303.0,0.0,768.5,663.0,0.8627,1,0,0,0
258,3,0,0,1,1,1,0.9878,0.9814,0.9116,0.8813,771.5,344.0,631.0,349.0,725.0,397.0,686.5,400.0,140.5889,38.6167,0.2747,1,1,259,1
258,3,0,1,1,1,1,0.9873,0.9834,0.9077,0.8882,989.0,349.5,854.0,348.5,961.5,390.5,896.0,374.0,135.0037,67.5463,0.5003,1,0,0,0
258,3,0,2,1,1,1,0.9863,0.9863,0.9165,0.9106,571.5,277.5,424.75,278.0,506.75,298.5,469.25,284.0,146.7509,40.2057,0.274,1,1,259,1
259,4,1,0,1,1,1,0.9868,0.9814,0.9062,0.8828,771.5,343.5,632.0,349.0,733.5,397.0,696.0,400.5,139.6084,37.663,0.2698,1,1,260,1
259,4,1,1,1,1,1,0.9858,0.9829,0.9033,0.8872,990.0,350.0,851.0,347.5,951.0,390.0,904.0,374.5,139.0225,49.4899,0.356,1,1,1,0
259,4,1,2,1,1,1,0.9873,0.9863,0.917,0.9067,571.0,277.5,428.5,277.0,506.25,298.5,459.5,286.5,142.5009,48.2655,0.3387,1,1,260,1
259,4,1,13,0,0,1,0.1099,0.0883,0.1251,0.0704,1088.0,0.0,301.25,0.0,931.0,0.0,301.0,0.0,786.75,630.0,0.8008,1,0,0,0
260,4,1,0,1,1,1,0.9878,0.9805,0.9077,0.8721,775.0,340.0,624.5,345.0,726.0,398.0,686.5,400.0,150.583,39.5506,0.2626,1,1,261,1
260,4,1,1,1,1,1,0.9858,0.9849,0.8999,0.8989,991.5,344.5,854.0,342.5,952.0,389.0,904.5,375.0,137.5145,49.5202,0.3601,1,1,2,0
260,4,1,2,1,1,1,0.9858,0.9873,0.9097,0.9116,573.0,278.0,423.75,279.0,507.25,308.0,469.0,293.5,149.2534,40.9061,0.2741,1,1,261,1
260,4,1,13,0,0,1,0.1409,0.1323,0.0901,0.0733,1010.0,0.0,249.5,0.0,967.0,0.0,297.5,0.0,760.5,669.5,0.8803,1,0,0,0
261,4,1,0,1,1,1,0.9873,0.9829,0.9028,0.8813,775.0,346.5,627.0,349.5,726.0,396.5,686.5,390.5,148.0304,39.9531,0.2699,1,1,262,1
261,4,1,1,1,1,1,0.9873,0.9839,0.9097,0.8921,993.0,350.0,853.0,348.5,952.0,390.0,904.0,375.0,140.008,50.2892,0.3592,1,1,3,0
261,4,1,2,1,1,1,0.9863,0.9878,0.9116,0.9136,570.0,275.0,422.0,274.5,498.0,300.0,469.25,293.0,148.0008,29.5899,0.1999,1,1,262,1
261,4,1,13,0,0,1,0.1711,0.1259,0.1049,0.0542,1089.0,0.0,302.5,0.0,938.0,0.0,268.0,0.0,786.5,670.0,0.8519,1,0,0,0
262,4,1,0,1,1,1,0.9873,0.9824,0.9067,0.8872,774.0,343.0,632.5,349.0,733.5,396.0,695.5,391.5,141.6272,38.2655,0.2702,1,1,263,1
262,4,1,1,1,1,1,0.9858,0.9849,0.8999,0.8984,992.0,350.0,853.0,348.0,952.0,389.0,895.5,374.5,139.0144,58.331,0.4196,1,1,4,0
262,4,1,2,1,1,1,0.9849,0.9888,0.8979,0.9165,571.5,274.5,422.75,275.5,498.5,300.0,469.0,292.5,148.7534,30.4385,0.2046,1,1,263,1
262,4,1,13,0,0,1,0.1389,0.116,0.085,0.0495,1088.0,0.0,295.75,0.0,957.0,0.0,293.25,0.0,792.25,663.75,0.8378,1,0,0,0
263,4,1,0,1,1,1,0.9868,0.9805,0.9023,0.8755,772.0,338.0,630.0,343.5,725.0,396.0,696.5,391.0,142.1065,28.9353,0.2036,1,1,264,1
263,4,1,1,1,1,1,0.9858,0.9854,0.9009,0.9014,988.0,349.5,853.5,345.5,963.0,390.5,912.5,375.0,134.5595,52.8252,0.3926,1,1,5,0
263,4,1,2,1,1,1,0.9888,0.9839,0.9185,0.8994,573.0,274.0,427.75,279.0,504.5,299.0,458.0,283.0,145.336,49.1757,0.3384,1,1,264,1
263,4,1,13,0,0,1,0.1499,0.0981,0.1592,0.0703,1081.0,0.0,286.5,0.0,925.0,0.0,294.0,0.0,794.5,631.0,0.7942,1,0,0,0
264,4,1,0,1,1,1,0.9873,0.9819,0.9087,0.8877,773.5,339.5,630.0,344.0,725.5,396.5,686.0,391.0,143.5705,39.8811,0.2778,1,1,265,1
264,4,1,1,1,1,1,0.9858,0.9834,0.9058,0.894,989.0,350.0,853.0,347.5,951.0,390.0,904.5,374.5,136.023,49.0153,0.3603,1,1,6,1
264,4,1,2,1,1,1,0.9854,0.9863,0.9102,0.9116,571.0,277.5,425.5,279.0,507.0,299.0,469.5,293.0,145.5077,37.977,0.261,1,1,265,1
264,4,1,13,0,0,1,0.1731,0.1158,0.0942,0.0461,1072.0,0.0,306.0,0.0,938.0,0.0,312.0,0.0,766.0,626.0,0.8172,1,0,0,0
265,4,1,0,1,1,1,0.9868,0.9839,0.8989,0.8901,775.0,343.5,629.0,350.0,733.0,404.5,687.5,391.0,146.1446,47.4605,0.3248,1,1,266,1
265,4,1,1,1,1,1,0.9854,0.9878,0.8862,0.8945,994.0,341.5,853.0,346.5,951.5,387.0,898.0,383.5,141.0886,53.6144,0.38,1,1,7,1
265,4,1,2,1,1,1,0.9893,0.9858,0.917,0.9072,571.0,275.0,425.0,279.0,512.5,304.5,467.0,284.0,146.0548,49.9049,0.3417,1,1,266,1
265,4,1,13,0,0,1,0.1678,0.139,0.1097,0.067,1096.0,0.0,299.25,0.0,920.0,0.0,312.75,0.0,796.75,607.25,0.7622,1,0,0,0
266,4,1,0,1,1,1,0.9863,0.9824,0.8965,0.8823,775.0,341.0,627.0,350.0,733.0,405.5,687.5,391.0,148.2734,47.7546,0.3221,1,1,267,1
266,4,1,1,1,1,1,0.9839,0.9844,0.8901,0.894,993.0,350.0,852.0,349.0,952.5,390.5,904.0,384.0,141.0035,48.9336,0.347,1,1,8,1
266,4,1,2,1,1,1,0.9854,0.9863,0.9082,0.9092,570.0,278.0,422.75,279.0,506.5,300.0,469.0,292.5,147.2534,38.2426,0.2597,1,1,267,1
266,4,1,13,0,0,1,0.1288,0.1105,0.1186,0.0756,1026.0,0.0,258.5,0.0,962.0,0.0,302.0,0.0,767.5,660.0,0.8599,1,0,0,0
267,4,1,0,1,1,1,0.9868,0.9814,0.9058,0.8818,772.0,341.5,627.5,349.5,725.5,398.0,687.0,400.0,144.7213,38.5519,0.2664,1,1,268,1
267,4,1,1,1,1,1,0.9863,0.9834,0.9019,0.8887,993.0,344.5,852.5,343.0,952.0,389.5,895.0,374.0,140.508,59.0699,0.4204,1,1,9,1
267,4,1,2,1,1,1,0.9873,0.9849,0.9194,0.9028,567.5,280.0,420.75,281.0,506.75,300.0,469.25,293.0,146.7534,38.1477,0.2599,1,1,268,1
267,4,1,13,0,0,1,0.1409,0.1232,0.112,0.0716,1088.0,0.0,301.0,0.0,969.0,0.0,329.25,0.0,787.0,639.75,0.8129,1,0,0,0
268,4,1,0,1,1,1,0.9873,0.9819,0.9062,0.8872,772.0,341.0,632.0,349.5,733.0,405.0,695.5,392.0,140.2578,39.6894,0.283,1,1,269,1
268,4,1,1,1,1,1,0.9849,0.9834,0.9004,0.897,992.0,350.0,853.5,348.0,952.5,389.5,904.5,375.0,138.5144,50.1423,0.362,1,1,10,1
268,4,1,2,1,1,1,0.9844,0.9888,0.9019,0.9224,570.0,275.5,422.25,275.5,506.25,300.0,469.5,293.5,147.75,37.3204,0.2526,1,1,269,1
268,4,1,13,0,0,1,0.1401,0.1273,0.0948,0.0636,1090.0,0.0,303.0,0.0,957.0,0.0,300.5,0.0,787.0,656.5,0.8342,1,0,0,0
269,4,1,0,1,1,1,0.9883,0.9814,0.9106,0.875,768.5,341.0,632.0,350.0,726.0,403.0,693.0,402.0,136.7964,33.0151,0.2413,1,1,270,1
269,4,1,1,1,1,1,0.9858,0.9839,0.9077,0.8984,992.0,350.0,853.5,348.0,952.0,389.5,904.0,375.0,138.5144,50.1423,0.362,1,1,11,1
269,4,1,2,1,1,1,0.9858,0.9868,0.9097,0.9126,572.0,275.5,424.5,276.0,506.5,309.0,469.75,294.5,147.5008,39.5071,0.2678,1,1,270,1
269,4,1,13,0,0,1,0.1442,0.1132,0.1447,0.0785,1080.0,0.0,295.5,0.0,931.5,0.0,302.5,0.0,784.5,629.0,0.8018,1,0,0,0
270,3,0,0,1,1,1,0.9888,0.9795,0.9209,0.875,775.5,339.5,633.0,344.5,732.5,396.0,686.0,391.0,142.5877,46.768,0.328,1,1,271,1
270,3,0,1,1,1,1,0.9873,0.9829,0.9121,0.8911,992.0,349.5,851.0,348.0,952.5,389.0,895.0,374.0,141.008,59.4243,0.4214,1,1,12,1
270,3,0,2,1,1,1,0.9863,0.9868,0.9165,0.9121,571.0,275.0,424.5,275.0,506.0,299.0,469.25,284.0,146.5,39.6934,0.2709,1,1,271,1
271,4,1,0,1,1,1,0.9873,0.9824,0.9043,0.8843,774.0,343.5,632.5,348.5,733.0,404.5,686.5,391.0,141.5883,48.42,0.342,1,1,272,1
271,4,1,1,1,1,1,0.9863,0.9834,0.9062,0.8931,992.0,344.5,851.5,343.0,952.5,389.5,895.0,383.5,140.508,57.8122,0.4115,1,1,13,1
271,4,1,2,1,1,1,0.9849,0.9878,0.9072,0.9194,573.0,274.5,426.25,275.0,506.75,298.5,469.5,284.5,146.7509,39.794,0.2712,1,1,272,1
271,4,1,14,0,0,1,0.1178,0.0845,0.0955,0.0504,1073.0,0.0,315.75,0.0,959.0,0.0,309.5,0.0,757.25,649.5,0.8577,1,0,0,0
272,4,1,0,1,1,1,0.9888,0.9829,0.9116,0.8818,771.5,336.0,632.5,344.0,726.5,402.0,692.0,393.0,139.23,35.6546,0.2561,1,1,273,1
272,4,1,1,1,1,1,0.9849,0.9839,0.9023,0.8994,985.0,350.0,851.5,346.0,953.0,390.5,904.0,374.0,133.5599,51.7035,0.3871,1,1,14,1
272,4,1,2,1,1,1,0.9868,0.9868,0.917,0.9121,570.0,278.0,422.5,278.5,506.25,299.5,469.0,293.0,147.5008,37.8129,0.2564,1,1,273,1
272,4,1,14,0,0,1,0.1473,0.131,0.103,0.0632,1084.0,0.0,302.0,0.0,956.5,0.0,312.75,0.0,782.0,643.75,0.8232,1,0,0,0
273,3,0,0,1,1,1,0.9888,0.9805,0.9116,0.8716,775.0,341.0,633.0,350.5,732.0,406.0,686.5,400.5,142.3174,45.8312,0.322,1,1,274,1
273,3,0,1,1,1,1,0.9829,0.9883,0.873,0.9004,993.5,343.5,851.0,347.5,942.0,394.5,898.5,375.0,142.5561,47.6707,0.3344,1,1,15,1
273,3,0,2,1,1,1,0.9849,0.9858,0.9092,0.9097,571.0,278.0,425.5,279.0,506.75,299.5,469.5,293.5,145.5034,37.7301,0.2593,1,1,274,1
274,4,1,0,1,1,1,0.9883,0.98,0.9155,0.875,772.0,344.0,627.0,349.0,725.5,397.5,687.0,400.0,145.0862,38.5811,0.2659,1,1,275,1
274,4,1,1,1,1,1,0.9883,0.981,0.9194,0.8789,990.5,350.0,849.5,348.5,951.0,399.5,903.5,375.0,141.008,53.4462,0.379,1,1,16,1
274,4,1,2,1,1,1,0.9863,0.9873,0.9082,0.9087,571.0,278.5,422.25,279.0,515.0,300.5,469.5,293.0,148.7508,46.114,0.31,1,1,275,1
274,4,1,15,0,0,1,0.1707,0.1229,0.0953,0.0508,1093.0,0.0,302.75,0.0,954.5,0.0,322.25,0.0,790.25,632.25,0.8001,1,0,0,0
275,4,1,1,1,1,1,0.9863,0.9829,0.9062,0.8931,989.0,344.0,851.5,343.0,953.0,389.0,912.0,375.5,137.5036,43.1654,0.3139,1,1,17,1
275,4,1,0,1,1,1,0.9897,0.9824,0.9155,0.875,770.0,338.5,630.0,343.5,727.0,402.0,683.5,401.0,140.0893,43.5115,0.3106,1,1,276,1
275,4,1,2,1,1,1,0.9863,0.9863,0.9146,0.9087,571.5,274.5,425.75,276.0,515.5,300.5,470.0,293.5,145.7577,46.0353,0.3158,1,1,276,1
275,4,1,15,0,0,1,0.1422,0.0888,0.1632,0.0779,1004.5,0.0,270.5,0.0,944.0,0.0,304.0,0.0,734.0,640.0,0.8719,1,0,0,0
276,4,1,1,1,1,1,0.9863,0.9829,0.9131,0.8955,985.0,351.0,852.5,342.5,953.0,390.0,905.0,374.5,132.7724,50.4406,0.3799,1,1,18,1
276,4,1,0,1,1,1,0.9873,0.9829,0.9053,0.8872,772.5,344.0,627.0,349.0,733.5,405.0,687.5,391.0,145.5859,48.0833,0.3303,1,1,277,1
276,4,1,2,1,1,1,0.9858,0.9873,0.9102,0.9141,573.0,277.5,428.75,277.0,497.5,309.0,469.0,294.5,144.2509,31.9766,0.2217,1,1,277,1
276,4,1,15,0,0,1,0.1592,0.1146,0.1426,0.0707,1110.0,0.0,310.25,0.0,908.0,0.0,307.25,0.0,799.75,600.75,0.7512,1,0,0,0
277,4,1,0,1,1,1,0.9888,0.9795,0.915,0.8706,772.0,343.0,630.0,348.5,725.5,396.0,686.5,390.5,142.1065,39.3859,0.2772,1,1,278,1
277,4,1,1,1,1,1,0.9868,0.9824,0.9097,0.8887,990.5,344.0,853.0,343.0,952.5,389.0,912.0,375.5,137.5036,42.6907,0.3105,1,1,19,1
277,4,1,2,1,1,1,0.9858,0.9868,0.9097,0.9102,571.0,277.0,421.5,278.5,506.75,290.0,468.75,283.0,149.5075,38.6394,0.2584,1,1,278,1
277,4,1,15,0,0,1,0.1835,0.1422,0.1045,0.0592,1080.0,0.0,300.5,0.0,956.0,0.0,304.25,0.0,779.5,651.75,0.8361,1,0,0,0
278,4,1,0,1,1,1,0.9893,0.9834,0.9106,0.8774,769.5,335.0,630.0,340.0,727.0,402.0,684.0,401.0,139.5896,43.0116,0.3081,1,1,279,1
278,4,1,1,1,1,1,0.9873,0.9834,0.9097,0.8896,990.0,345.0,852.5,342.5,951.5,389.5,912.0,375.5,137.5227,41.9076,0.3047,1,1,20,1
278,4,1,2,1,1,1,0.9854,0.9863,0.9106,0.9126,572.0,278.0,424.75,279.0,499.25,300.0,468.75,293.0,147.2534,31.293,0.2125,1,1,279,1
278,4,1,15,0,0,1,0.1471,0.1082,0.094,0.0499,1080.0,0.0,281.5,0.0,950.0,0.0,303.0,0.0,798.5,647.0,0.8103,1,0,0,0
279,4,1,1,1,1,1,0.9858,0.9844,0.8994,0.896,989.5,350.0,849.5,348.0,952.5,390.0,911.5,375.0,140.0143,43.6578,0.3118,1,1,21,1
279,4,1,0,1,1,1,0.9863,0.981,0.9038,0.8779,772.5,341.0,631.5,349.5,725.0,397.5,686.0,390.5,141.256,39.6232,0.2805,1,1,280,1
279,4,1,2,1,1,1,0.9893,0.9849,0.9189,0.9019,571.0,277.0,428.75,282.5,510.25,301.0,470.25,298.0,142.3563,40.1123,0.2818,1,1,280,1
279,4,1,15,0,0,1,0.1316,0.1168,0.0748,0.0498,1088.0,0.0,296.25,0.0,945.0,0.0,302.75,0.0,791.75,642.25,0.8112,1,0,0,0
280,4,1,0,1,1,1,0.9854,0.9829,0.895,0.8901,772.5,344.0,627.0,349.0,725.5,397.0,687.0,391.0,145.5859,38.9647,0.2676,1,1,281,1
280,4,1,1,1,1,1,0.9854,0.9824,0.9023,0.8867,988.5,350.0,850.0,348.5,952.0,390.5,911.5,375.0,138.5081,43.3647,0.3131,1,1,22,1
280,4,1,2,1,1,1,0.9854,0.9883,0.9058,0.9165,571.5,279.0,423.0,281.0,507.75,298.5,469.25,284.0,148.5135,41.14,0.277,1,1,281,1
280,4,1,15,0,0,1,0.1285,0.0795,0.151,0.0603,1086.0,0.0,308.25,0.0,941.0,0.0,299.5,0.0,777.75,641.5,0.8248,1,0,0,0
281,4,1,0,1,1,1,0.9893,0.9824,0.918,0.8774,769.5,343.5,630.0,349.5,727.0,402.0,683.0,401.5,139.629,44.0028,0.3151,1,1,282,1
281,4,1,1,1,1,1,0.9858,0.9829,0.9009,0.8872,991.5,352.5,851.5,349.0,952.5,398.5,904.0,375.5,140.0437,53.6773,0.3833,1,1,23,1
281,4,1,2,1,1,1,0.9873,0.9863,0.9209,0.9106,568.0,277.5,427.5,276.5,517.0,299.5,469.25,288.0,140.5036,49.1153,0.3496,1,1,282,1
281,4,1,15,0,0,1,0.1444,0.0947,0.1384,0.0594,1072.0,0.0,292.0,0.0,943.0,0.0,291.25,0.0,780.0,651.75,0.8356,1,0,0,0
282,4,1,0,1,1,1,0.9893,0.9795,0.9219,0.8745,771.0,340.5,632.5,349.0,725.0,388.0,686.0,390.5,138.7606,39.08,0.2816,1,1,283,1
282,4,1,1,1,1,1,0.9858,0.9834,0.9053,0.8945,991.5,351.5,851.0,346.0,951.5,400.0,904.0,384.5,140.6076,49.965,0.3554,1,1,24,1
282,4,1,2,1,1,1,0.9868,0.9863,0.915,0.9102,571.5,274.5,425.0,275.5,506.75,299.5,469.75,293.5,146.5034,37.4833,0.2559,1,1,283,1
282,4,1,15,0,0,1,0.1377,0.118,0.1043,0.0642,1091.0,0.0,283.75,0.0,949.0,0.0,300.0,0.0,807.25,649.0,0.804,1,0,0,0
283,4,1,0,1,1,1,0.9878,0.9795,0.9126,0.8706,774.5,339.5,632.0,345.0,725.0,397.0,685.5,390.5,142.6061,40.0312,0.2807,1,1,284,1
283,4,1,1,1,1,1,0.9849,0.9834,0.9004,0.8955,989.5,352.5,851.0,348.0,951.5,389.5,904.0,375.0,138.5731,49.6639,0.3584,1,1,25,1
283,4,1,2,1,1,1,0.9897,0.9854,0.9209,0.9033,576.0,275.0,429.5,278.5,502.25,294.0,457.5,282.5,146.5418,46.204,0.3153,1,1,284,1
283,4,1,15,0,0,1,0.1603,0.1377,0.1005,0.0731,1027.0,0.0,244.5,0.0,983.5,0.0,298.0,0.0,782.5,685.5,0.876,1,0,0,0
284,4,1,0,1,1,1,0.9873,0.98,0.9077,0.8721,772.0,346.5,627.0,349.0,725.5,396.5,687.0,390.5,145.0216,38.9647,0.2687,1,1,285,1
284,4,1,1,1,1,1,0.9854,0.9844,0.9028,0.9014,985.0,350.5,851.0,348.0,952.5,399.0,904.5,375.0,134.0233,53.6656,0.4004,1,1,26,1
284,4,1,2,1,1,1,0.9858,0.9873,0.9087,0.9102,570.5,275.0,422.5,275.0,498.25,299.5,468.75,283.5,148.0,33.5596,0.2268,1,1,285,1
284,4,1,15,0,0,1,0.156,0.0945,0.1477,0.0603,1054.0,0.0,303.75,0.0,938.0,0.0,333.25,0.0,750.25,604.75,0.8061,1,0,0,0
285,4,1,0,1,1,1,0.9888,0.9819,0.9111,0.874,768.0,332.5,630.0,341.0,726.5,403.0,683.5,401.5,138.2615,43.0262,0.3112,1,1,286,1
285,4,1,1,1,1,1,0.9849,0.9834,0.9004,0.8965,990.0,350.0,852.0,348.0,951.0,390.0,904.0,374.5,138.0145,49.4899,0.3586,1,1,27,1
285,4,1,2,1,1,1,0.9854,0.9878,0.9077,0.9175,568.0,270.0,418.75,270.5,506.25,299.5,469.75,284.0,149.2508,39.6548,0.2657,1,1,286,1
285,4,1,15,0,0,1,0.108,0.0798,0.1168,0.0593,1084.0,0.0,302.0,0.0,923.0,0.0,302.75,0.0,782.0,620.25,0.7932,1,0,0,0
286,4,1,0,1,1,1,0.9868,0.9829,0.8994,0.8857,774.0,339.5,627.0,345.0,725.0,396.5,687.5,391.0,147.1029,37.9012,0.2577,1,1,287,1
286,4,1,1,1,1,1,0.9863,0.9839,0.9072,0.8965,992.5,349.5,849.5,348.0,952.5,389.5,905.0,375.0,143.0079,49.6639,0.3473,1,1,28,1
286,4,1,2,1,1,1,0.9858,0.9873,0.9102,0.9126,571.5,274.5,425.0,275.5,506.75,299.0,469.75,293.5,146.5034,37.4066,0.2553,1,1,287,1
286,4,1,15,0,0,1,0.1562,0.1134,0.1289,0.0712,1024.0,0.0,244.75,0.0,967.5,0.0,267.75,0.0,779.25,699.75,0.898,1,0,0,0
287,4,1,0,1,1,1,0.9868,0.9834,0.9019,0.8911,772.5,342.5,627.0,352.0,733.0,396.5,687.0,390.5,145.8098,46.3897,0.3182,1,1,288,1
287,4,1,1,1,1,1,0.9863,0.9834,0.9058,0.8931,990.0,350.0,850.0,348.0,952.0,390.0,904.0,374.5,140.0143,50.4406,0.3603,1,1,29,1
287,4,1,2,1,1,1,0.9873,0.9873,0.918,0.9136,571.5,278.0,422.25,278.5,506.5,299.0,469.0,292.5,149.2508,38.0592,0.255,1,1,288,1
287,4,1,15,0,0,1,0.1589,0.118,0.1361,0.0694,1062.0,0.0,307.5,0.0,907.0,0.0,311.0,0.0,754.5,596.0,0.7899,1,0,0,0
288,4,1,0,1,1,1,0.9883,0.98,0.9155,0.8755,771.5,343.5,631.5,348.5,725.0,396.5,686.0,391.0,140.0893,39.3859,0.2811,1,1,289,1
288,4,1,1,1,1,1,0.9854,0.9844,0.9004,0.8975,991.0,350.0,851.5,348.0,952.0,389.5,895.5,374.5,139.5143,58.4572,0.419,1,1,30,1
288,4,1,2,1,1,1,0.9878,0.9868,0.9185,0.9072,569.5,281.5,425.5,281.0,515.0,300.0,468.5,287.0,144.0009,48.283,0.3353,1,1,289,1
288,4,1,15,0,0,1,0.2113,0.1508,0.1359,0.0784,1010.0,0.0,240.75,0.0,967.5,0.0,288.0,0.0,769.25,679.5,0.8833,1,0,0,0
289,4,1,0,1,1,1,0.9878,0.9814,0.9126,0.8809,772.0,340.5,632.0,349.0,724.5,397.0,686.5,391.0,140.2578,38.4708,0.2743,1,1,290,1
289,4,1,1,1,1,1,0.9863,0.9839,0.9072,0.8955,990.0,344.5,850.5,342.5,951.5,389.0,904.0,374.5,139.5143,49.6639,0.356,1,1,31,1
289,4,1,2,1,1,1,0.9883,0.9888,0.9248,0.9204,565.0,277.0,422.0,278.5,505.25,293.0,460.0,285.5,143.0079,45.8673,0.3207,1,1,290,1
289,4,1,15,0,0,1,0.1539,0.0984,0.0906,0.0405,1051.0,0.0,274.0,0.0,965.0,0.0,297.25,0.0,777.0,667.75,0.8594,1,0,0,0
290,4,1,0,1,1,1,0.9868,0.9814,0.9067,0.8828,772.5,341.0,631.5,348.5,725.0,397.0,686.0,391.0,141.1993,39.4588,0.2795,1,1,291,1
290,4,1,1,1,1,1,0.9854,0.9839,0.9019,0.8984,989.0,350.0,850.5,348.0,951.5,390.0,904.0,374.5,138.5144,49.965,0.3607,1,1,32,1
290,4,1,2,1,1,1,0.9863,0.9878,0.9097,0.9131,568.5,274.5,423.75,275.0,505.5,299.0,469.75,284.0,144.7509,38.7694,0.2678,1,1,291,1
290,4,1,15,0,0,1,0.157,0.1011,0.0964,0.0442,1090.0,0.0,284.0,0.0,929.5,0.0,300.0,0.0,806.0,629.5,0.781,1,0,0,0
291,4,1,0,1,1,1,0.9888,0.9814,0.918,0.8804,772.0,343.0,631.0,348.0,725.5,387.0,686.0,390.0,141.0886,39.6138,0.2808,1,1,292,1
291,4,1,1,1,1,1,0.9858,0.9829,0.9048,0.8906,989.0,347.0,851.0,344.5,951.0,390.5,904.5,375.0,138.0226,49.0153,0.3551,1,1,33,1
291,4,1,2,1,1,1,0.9854,0.9868,0.9097,0.9106,569.5,278.5,423.5,278.5,497.5,308.5,469.0,284.5,146.0,37.2592,0.2552,1,1,292,1
291,4,1,15,0,0,1,0.2035,0.1682,0.0932,0.0549,1078.0,0.0,284.0,0.0,937.5,0.0,293.25,0.0,794.0,644.25,0.8114,1,0,0,0
292,4,1,0,1,1,1,0.9883,0.9795,0.9126,0.8701,775.5,343.5,635.5,349.5,724.0,396.5,686.5,391.0,140.1285,37.9012,0.2705,1,1,293,1
292,4,1,1,1,1,1,0.9849,0.9834,0.9033,0.9004,990.5,349.5,853.0,348.5,952.0,389.5,904.0,375.5,137.5036,50.0,0.3636,1,1,34,1
292,4,1,2,1,1,1,0.9858,0.9868,0.9092,0.9087,570.0,274.5,422.75,275.0,505.75,299.0,469.75,284.0,147.2508,39.0,0.2649,1,1,293,1
292,4,1,15,0,0,1,0.1277,0.077,0.161,0.0685,1087.0,0.0,305.75,0.0,941.0,0.0,325.0,0.0,781.25,616.0,0.7885,1,0,0,0
293,4,1,0,1,1,1,0.9888,0.9805,0.9141,0.8726,773.5,343.5,630.0,349.0,725.5,396.5,685.5,390.5,143.6054,40.4475,0.2817,1,1,294,1
293,4,1,1,1,1,1,0.9863,0.9839,0.9043,0.8921,989.5,345.0,852.5,342.5,952.0,389.5,912.0,375.5,137.0228,42.3792,0.3093,1,1,35,1
293,4,1,2,1,1,1,0.9858,0.9883,0.9077,0.9189,570.0,278.0,421.75,278.5,506.25,299.5,460.25,292.0,148.2508,46.6074,0.3144,1,1,294,1
293,4,1,15,0,0,1,0.1582,0.1262,0.1095,0.064,1050.0,0.0,296.0,0.0,936.0,0.0,306.5,0.0,754.0,629.5,0.8349,1,0,0,0
294,4,1,0,1,1,1,0.9883,0.98,0.916,0.8765,772.5,341.0,633.5,350.0,724.5,397.5,686.0,400.0,139.2911,38.5811,0.277,1,1,295,1
294,4,1,1,1,1,1,0.9878,0.9814,0.9185,0.8809,989.0,350.0,848.5,348.0,951.5,390.5,912.5,375.5,140.5142,41.7852,0.2974,1,1,36,1
294,4,1,2,1,1,1,0.9888,0.9858,0.9077,0.9023,575.5,275.0,423.5,279.5,511.0,305.5,458.0,283.0,152.0666,57.5782,0.3786,1,1,295,1
294,4,1,15,0,0,1,0.1543,0.1147,0.1067,0.059,1080.0,0.0,292.0,0.0,934.5,0.0,320.25,0.0,788.0,614.25,0.7795,1,0,0,0
295,4,1,0,1,1,1,0.9897,0.9756,0.9268,0.8569,770.5,337.0,630.5,341.5,725.0,405.5,686.5,391.0,140.0723,41.14,0.2937,1,1,296,1
295,4,1,1,1,1,1,0.9863,0.9839,0.9019,0.8887,991.0,345.0,851.0,342.5,951.5,390.0,894.5,373.5,140.0223,59.3401,0.4238,1,1,37,1
295,4,1,2,1,1,1,0.9868,0.9858,0.916,0.9087,571.5,279.5,424.5,280.0,498.25,307.5,468.5,284.5,147.0009,37.604,0.2558,1,1,296,1
295,4,1,15,0,0,1,0.1393,0.0989,0.156,0.0775,1075.0,0.0,332.25,0.0,940.0,0.0,319.75,0.0,742.75,620.25,0.8351,1,0,0,0
296,4,1,0,1,1,1,0.9897,0.9761,0.9297,0.8628,772.5,340.0,630.5,341.5,725.0,397.0,686.0,391.0,142.0079,39.4588,0.2779,1,1,297,1
296,4,1,1,1,1,1,0.9858,0.9834,0.9019,0.8896,986.5,349.5,852.0,348.5,953.0,390.5,911.5,375.0,134.5037,44.3001,0.3294,1,1,38,1
296,4,1,2,1,1,1,0.9858,0.9868,0.9077,0.9092,573.0,276.5,428.25,277.0,505.5,299.5,469.5,294.0,144.7509,36.4177,0.2516,1,1,297,1
296,4,1,15,0,0,1,0.149,0.1216,0.135,0.0748,1079.0,0.0,319.0,0.0,929.0,0.0,300.0,0.0,760.0,629.0,0.8276,1,0,0,0
297,4,1,0,1,1,1,0.9878,0.9805,0.9092,0.8716,771.0,343.5,627.5,349.0,732.5,398.0,686.5,399.0,143.6054,46.0109,0.3204,1,1,298,1
297,4,1,1,1,1,1,0.9873,0.9829,0.9097,0.8877,989.0,350.0,850.0,348.0,951.0,390.0,895.0,374.0,139.0144,58.2409,0.419,1,1,39,1
297,4,1,2,1,1,1,0.9834,0.9873,0.8979,0.9131,570.5,278.0,422.5,278.5,506.25,299.0,469.25,283.5,148.0008,40.1155,0.271,1,1,298,1
297,4,1,15,0,0,1,0.1453,0.1007,0.1069,0.0579,1066.0,0.0,287.5,0.0,933.0,0.0,307.0,0.0,778.5,626.0,0.8041,1,0,0,0
298,4,1,0,1,1,1,0.9888,0.979,0.9219,0.873,773.0,339.5,630.5,344.0,725.5,397.0,686.0,400.0,142.571,39.6138,0.2779,1,1,299,1
298,4,1,1,1,1,1,0.9863,0.9824,0.9111,0.8901,990.0,350.0,852.0,348.0,951.5,390.0,904.0,374.5,138.0145,49.965,0.362,1,1,40,1
298,4,1,2,1,1,1,0.9858,0.9883,0.9043,0.9141,572.0,278.0,421.5,279.0,515.0,300.5,460.0,292.0,150.5033,55.6529,0.3698,1,1,299,1
298,4,1,15,0,0,1,0.1415,0.1293,0.089,0.0565,1090.0,0.0,311.5,0.0,947.5,0.0,302.0,0.0,778.5,645.5,0.8292,1,0,0,0
299,4,1,0,1,1,1,0.9878,0.981,0.9087,0.874,773.5,341.0,631.5,350.0,725.0,398.0,686.0,400.0,142.2849,39.0512,0.2745,1,1,300,1
299,4,1,1,1,1,1,0.9849,0.9839,0.8994,0.8965,993.0,349.5,853.0,348.5,952.5,389.5,904.0,375.0,140.0036,50.6211,0.3616,1,1,41,1
299,4,1,2,1,1,1,0.9863,0.9883,0.9097,0.9131,576.0,275.0,423.0,276.0,513.5,301.0,469.0,293.0,153.0033,45.2134,0.2955,1,1,300,1
299,4,1,15,0,0,1,0.1611,0.1251,0.1359,0.0728,1085.0,0.0,304.0,0.0,950.0,0.0,311.25,0.0,781.0,638.75,0.8179,1,0,0,0
