frame,raw_num_people,anomaly,track_id,conf_ok,boundary_ok,overlap_ok,conf_ls,conf_rs,conf_lw,conf_rw,ls_x,ls_y,rs_x,rs_y,lw_x,lw_y,rw_x,rw_y,shoulder_dist,wrist_dist,ratio,frontal,hands_now,consecutive_frames,confirmed
0,3,0,0,1,1,1,0.9868,0.9829,0.9023,0.8843,779.0,339.0,629.0,340.5,732.0,392.5,693.5,405.5,150.0075,40.6356,0.2709,1,1,1,0
0,3,0,1,1,1,1,0.9868,0.9897,0.9199,0.9248,574.5,273.0,420.75,272.0,511.25,292.5,464.0,283.0,153.7533,48.1956,0.3135,1,1,1,0
0,3,0,2,1,1,1,0.9854,0.9863,0.8872,0.8867,1001.0,348.5,853.5,348.0,950.5,390.5,908.0,389.0,147.5008,42.5265,0.2883,1,1,1,0
1,3,0,0,1,1,1,0.9868,0.9829,0.9023,0.8872,780.5,338.5,628.0,340.0,731.5,391.0,695.0,405.5,152.5074,39.2747,0.2575,1,1,2,0
1,3,0,2,1,1,1,0.9858,0.9873,0.8867,0.8901,1001.0,349.0,854.0,349.0,949.5,388.5,909.5,389.5,147.0,40.0125,0.2722,1,1,2,0
1,3,0,1,1,1,1,0.9883,0.9893,0.9272,0.9219,578.0,272.0,423.0,272.0,511.5,294.5,464.0,279.0,155.0,49.965,0.3224,1,1,2,0
2,3,0,0,1,1,1,0.9844,0.9834,0.8882,0.8916,780.0,340.0,627.5,342.0,730.0,388.0,693.5,401.5,152.5131,38.9166,0.2552,1,1,3,0
2,3,0,2,1,1,1,0.9858,0.9858,0.8926,0.8848,1000.5,348.5,853.0,347.5,948.0,388.0,906.5,389.5,147.5034,41.5271,0.2815,1,1,3,0
2,3,0,1,1,1,1,0.9863,0.9897,0.9165,0.9258,576.0,271.0,421.75,272.0,512.0,288.5,466.0,280.0,154.2532,46.7787,0.3033,1,1,3,0
3,3,0,0,1,1,1,0.9854,0.9844,0.8896,0.8916,779.5,339.5,628.0,342.0,734.0,401.0,692.5,400.5,151.5206,41.503,0.2739,1,1,4,0
3,3,0,2,1,1,1,0.9858,0.9873,0.8853,0.8887,1000.5,348.5,853.5,347.5,949.0,391.5,904.0,386.0,147.0034,45.3349,0.3084,1,1,4,0
3,3,0,1,1,1,1,0.9902,0.9858,0.9224,0.9038,574.5,278.5,425.75,278.5,508.0,290.0,463.5,276.0,148.75,46.6503,0.3136,1,1,4,0
4,3,0,0,1,1,1,0.9863,0.9839,0.897,0.8911,780.0,339.5,628.0,341.0,734.5,396.0,695.5,403.5,152.0074,39.7146,0.2613,1,1,5,0
4,3,0,2,1,1,1,0.9863,0.9863,0.8916,0.8843,1001.0,348.5,853.5,348.0,948.0,390.5,906.5,390.5,147.5008,41.5,0.2814,1,1,5,0
4,3,0,1,1,1,1,0.9868,0.9902,0.9194,0.9282,575.0,273.5,420.0,273.0,509.0,290.0,464.0,279.5,155.0008,46.2088,0.2981,1,1,5,0
5,3,0,0,1,1,1,0.9868,0.9814,0.9028,0.877,779.0,340.0,626.0,339.0,729.5,390.0,694.5,408.0,153.0033,39.3573,0.2572,1,1,6,1
5,3,0,2,1,1,1,0.9863,0.9849,0.8955,0.8765,1000.0,349.5,854.0,348.5,953.0,394.0,905.5,392.5,146.0034,47.5237,0.3255,1,1,6,1
5,3,0,1,1,1,1,0.9863,0.9902,0.918,0.9302,573.0,273.0,419.75,274.0,511.0,289.0,465.0,279.0,153.2533,47.0744,0.3072,1,1,6,1
6,3,0,0,1,1,1,0.9873,0.981,0.9058,0.8779,779.0,338.5,628.0,340.5,730.0,389.0,691.5,402.5,151.0132,40.7983,0.2702,1,1,7,1
6,3,0,2,1,1,1,0.9824,0.9863,0.8789,0.895,1000.0,347.5,855.5,348.0,951.5,390.5,907.0,386.5,144.5009,44.6794,0.3092,1,1,7,1
6,3,0,1,1,1,1,0.9854,0.9868,0.9111,0.9126,576.0,277.0,423.75,274.5,507.75,287.5,466.5,275.0,152.2705,43.1023,0.2831,1,1,7,1
7,3,0,0,1,1,1,0.9858,0.9834,0.8926,0.8867,780.5,338.0,627.0,341.0,728.5,388.5,693.5,403.0,153.5293,37.8847,0.2468,1,1,8,1
7,3,0,2,1,1,1,0.9854,0.9858,0.8906,0.8828,1000.5,348.0,854.0,346.5,951.0,389.0,906.5,390.5,146.5077,44.5253,0.3039,1,1,8,1
7,3,0,1,1,1,1,0.9873,0.9897,0.9204,0.9248,573.5,274.0,420.0,274.5,508.5,286.5,465.5,277.0,153.5008,44.0369,0.2869,1,1,8,1
8,3,0,0,1,1,1,0.9858,0.9824,0.897,0.8843,779.5,339.0,627.0,341.0,730.5,393.0,696.5,404.0,152.5131,35.7351,0.2343,1,1,9,1
8,3,0,2,1,1,1,0.9863,0.9858,0.8936,0.8823,1001.0,348.5,853.0,348.0,952.0,392.0,906.0,388.5,148.0008,46.133,0.3117,1,1,9,1
8,3,0,1,1,1,1,0.9873,0.9897,0.9194,0.9224,574.0,273.0,420.0,273.0,508.0,287.0,466.0,277.0,154.0,43.1741,0.2804,1,1,9,1
9,3,0,0,1,1,1,0.9878,0.981,0.9077,0.873,778.5,340.0,625.0,341.0,729.0,396.0,690.5,406.0,153.5033,39.7775,0.2591,1,1,10,1
9,3,0,1,1,1,1,0.9883,0.9893,0.9316,0.9248,573.0,273.0,420.0,273.0,509.5,290.0,464.0,283.0,153.0,46.0353,0.3009,1,1,10,1
9,3,0,2,1,1,1,0.9863,0.9858,0.8916,0.8789,1001.0,348.5,854.0,347.0,952.0,390.0,904.5,386.5,147.0077,47.6288,0.324,1,1,10,1
10,3,0,0,1,1,1,0.9868,0.9819,0.9009,0.8774,779.0,340.0,628.0,341.0,730.5,402.5,690.5,403.5,151.0033,40.0125,0.265,1,1,11,1
10,3,0,2,1,1,1,0.9854,0.9863,0.8862,0.8862,1000.0,349.0,853.0,348.0,951.0,387.5,907.0,386.0,147.0034,44.0256,0.2995,1,1,11,1
10,3,0,1,1,1,1,0.9858,0.9863,0.9092,0.9058,575.5,275.0,422.25,272.0,509.0,292.0,466.0,283.5,153.2794,43.8321,0.286,1,1,11,1
11,3,0,0,1,1,1,0.9863,0.9839,0.896,0.8872,780.0,339.0,628.0,339.0,734.0,399.0,689.5,410.0,152.0,45.8394,0.3016,1,1,12,1
11,3,0,2,1,1,1,0.9868,0.9829,0.9082,0.8838,997.0,349.5,855.0,344.5,953.5,392.0,905.0,382.5,142.088,49.4217,0.3478,1,1,12,1
11,3,0,1,1,1,1,0.9849,0.9873,0.9019,0.9106,574.5,275.0,423.0,274.5,507.5,293.0,463.25,278.5,151.5008,46.5651,0.3074,1,1,12,1
12,3,0,0,1,1,1,0.9858,0.9834,0.8965,0.8887,778.0,338.0,628.5,340.0,732.5,399.5,690.0,399.5,149.5134,42.5,0.2843,1,1,13,1
12,3,0,1,1,1,1,0.9854,0.9863,0.9072,0.9097,575.5,274.5,422.75,274.0,505.25,289.5,464.25,283.5,152.7508,41.4367,0.2713,1,1,13,1
12,3,0,2,1,1,1,0.9873,0.9834,0.9106,0.8872,998.0,348.0,854.5,346.5,949.5,397.0,905.5,386.0,143.5078,45.3542,0.316,1,1,13,1
13,3,0,0,1,1,1,0.9863,0.9829,0.8989,0.8853,779.5,341.0,628.5,342.0,733.0,398.5,689.0,404.0,151.0033,44.3424,0.2937,1,1,14,1
13,3,0,2,1,1,1,0.9873,0.9819,0.9136,0.8818,998.0,349.5,854.0,347.0,951.0,395.5,906.5,384.5,144.0217,45.8394,0.3183,1,1,14,1
13,3,0,1,1,1,1,0.9858,0.9873,0.9121,0.9165,574.0,275.0,423.75,274.0,509.0,294.5,463.75,282.0,150.2533,46.9448,0.3124,1,1,14,1
14,3,0,0,1,1,1,0.9868,0.9829,0.8984,0.8799,780.0,340.5,627.5,341.5,730.5,402.5,687.5,405.5,152.5033,43.1045,0.2826,1,1,15,1
14,3,0,2,1,1,1,0.9839,0.9868,0.8784,0.8896,1000.0,349.5,854.0,348.0,947.5,392.5,907.5,383.0,146.0077,41.1127,0.2816,1,1,15,1
14,3,0,1,1,1,1,0.9854,0.9863,0.9116,0.9111,575.5,274.5,422.25,274.0,504.75,288.0,463.75,281.0,153.2508,41.5933,0.2714,1,1,15,1
15,3,0,0,1,1,1,0.9858,0.9839,0.8945,0.8901,779.5,340.0,627.0,342.0,731.0,399.0,693.0,401.0,152.5131,38.0526,0.2495,1,1,16,1
15,3,0,2,1,1,1,0.9858,0.9844,0.9023,0.8936,997.0,348.0,854.0,345.5,949.5,392.5,907.5,381.0,143.0219,43.546,0.3045,1,1,16,1
15,3,0,1,1,1,1,0.9902,0.9858,0.9253,0.9053,574.5,278.5,424.0,278.0,507.75,290.0,463.0,279.0,150.5008,46.0821,0.3062,1,1,16,1
16,3,0,0,1,1,1,0.9863,0.9844,0.895,0.8896,780.5,339.5,626.5,340.0,730.0,402.0,690.0,396.0,154.0008,40.4475,0.2626,1,1,17,1
16,3,0,2,1,1,1,0.9849,0.9858,0.8892,0.8984,997.0,348.5,852.5,345.5,952.0,391.0,908.0,377.0,144.5311,46.1736,0.3195,1,1,17,1
16,3,0,1,1,1,1,0.9854,0.9863,0.9126,0.9116,574.0,276.5,421.5,275.5,505.5,290.5,464.75,283.0,152.5033,41.4344,0.2717,1,1,17,1
17,3,0,0,1,1,1,0.9863,0.9829,0.8989,0.8848,778.5,339.5,628.0,341.0,732.0,399.0,687.0,402.0,150.5075,45.0999,0.2997,1,1,18,1
17,3,0,2,1,1,1,0.9868,0.9824,0.9097,0.8843,998.5,349.0,854.5,346.0,950.5,396.0,909.5,375.5,144.0312,45.8394,0.3183,1,1,18,1
17,3,0,1,1,1,1,0.9844,0.9878,0.9014,0.9165,572.5,276.5,421.5,275.0,508.0,289.0,462.75,283.5,151.0075,45.583,0.3019,1,1,18,1
18,3,0,0,1,1,1,0.9873,0.9829,0.9048,0.8813,779.0,340.0,626.0,342.0,730.0,398.5,688.5,399.0,153.0131,41.503,0.2712,1,1,19,1
18,3,0,2,1,1,1,0.9839,0.9878,0.8726,0.8921,999.0,349.5,852.5,348.5,952.0,391.0,907.0,381.5,146.5034,45.9918,0.3139,1,1,19,1
18,3,0,1,1,1,1,0.9878,0.9873,0.9189,0.9116,570.5,275.0,422.0,276.0,509.5,289.5,465.5,281.0,148.5034,44.8135,0.3018,1,1,19,1
19,3,0,0,1,1,1,0.9883,0.9814,0.9097,0.8706,777.5,340.5,627.0,341.5,731.0,397.5,683.0,407.0,150.5033,48.9311,0.3251,1,1,20,1
19,3,0,2,1,1,1,0.9863,0.9829,0.9043,0.8848,994.5,349.5,854.0,344.0,952.5,392.5,905.5,383.0,140.6076,47.9505,0.341,1,1,20,1
19,3,0,1,1,1,1,0.9849,0.9878,0.9028,0.916,574.5,275.0,420.0,274.5,510.5,294.5,463.25,284.0,154.5008,48.4026,0.3133,1,1,20,1
20,3,0,0,1,1,1,0.9858,0.9834,0.8931,0.8857,779.0,339.5,626.0,341.5,732.5,403.0,685.0,400.5,153.0131,47.5657,0.3109,1,1,21,1
20,3,0,2,1,1,1,0.9868,0.9829,0.9082,0.8833,995.0,349.5,854.0,344.5,954.5,393.0,905.5,379.0,141.0886,50.9608,0.3612,1,1,21,1
20,3,0,1,1,1,1,0.9854,0.9878,0.9067,0.9155,575.0,275.5,420.5,274.0,506.5,294.0,466.5,283.5,154.5073,41.3552,0.2677,1,1,21,1
21,3,0,0,1,1,1,0.9858,0.9824,0.8955,0.8828,778.0,341.0,626.0,342.0,732.5,402.5,691.0,402.5,152.0033,41.5,0.273,1,1,22,1
21,3,0,2,1,1,1,0.9863,0.9834,0.9033,0.8838,995.0,350.5,852.0,345.5,953.0,393.0,903.0,378.5,143.0874,52.0601,0.3638,1,1,22,1
21,3,0,1,1,1,1,0.9868,0.9897,0.9204,0.9277,573.5,274.5,419.0,272.5,511.25,293.5,460.75,283.5,154.5129,51.4806,0.3332,1,1,22,1
22,3,0,0,1,1,1,0.9863,0.9824,0.8999,0.8848,777.5,339.5,626.5,342.5,729.5,401.5,688.0,402.0,151.0298,41.503,0.2748,1,1,23,1
22,3,0,2,1,1,1,0.9849,0.9868,0.8809,0.8833,997.5,347.5,851.5,347.0,951.0,392.0,905.5,384.0,146.0009,46.1979,0.3164,1,1,23,1
22,3,0,1,1,1,1,0.9854,0.9878,0.9072,0.9146,574.5,274.0,420.0,274.5,510.0,291.0,463.25,283.5,154.5008,47.3478,0.3065,1,1,23,1
23,3,0,0,1,1,1,0.9863,0.9824,0.8999,0.8818,778.0,338.5,627.5,340.5,731.0,403.0,686.0,407.5,150.5133,45.2244,0.3005,1,1,24,1
23,3,0,2,1,1,1,0.9858,0.9844,0.8999,0.8931,993.5,350.0,853.5,344.0,954.0,392.5,904.5,382.0,140.1285,50.6014,0.3611,1,1,24,1
23,3,0,1,1,1,1,0.9844,0.9883,0.9038,0.9219,574.0,276.0,421.0,274.0,510.0,290.5,464.25,285.0,153.0131,46.0794,0.3011,1,1,24,1
24,3,0,0,1,1,1,0.9868,0.9829,0.9014,0.8838,777.5,339.5,626.5,342.0,728.5,403.5,686.5,405.5,151.0207,42.0476,0.2784,1,1,25,1
24,3,0,2,1,1,1,0.9873,0.9824,0.9126,0.8828,998.0,350.0,854.0,344.0,951.5,394.0,905.0,381.5,144.1249,48.1508,0.3341,1,1,25,1
24,3,0,1,1,1,1,0.9849,0.9878,0.9072,0.9194,574.5,275.5,420.75,274.0,510.5,293.0,465.5,284.0,153.7573,45.8912,0.2985,1,1,25,1
25,3,0,0,1,1,1,0.9858,0.9834,0.894,0.8882,776.5,339.5,625.0,342.0,729.0,400.5,691.5,404.0,151.5206,37.663,0.2486,1,1,26,1
25,3,0,2,1,1,1,0.9849,0.9878,0.8794,0.8936,997.0,347.5,851.5,347.0,952.0,391.5,907.5,384.0,145.5009,45.1276,0.3102,1,1,26,1
25,3,0,1,1,1,1,0.9849,0.9873,0.9106,0.9175,576.0,273.5,421.5,273.0,507.75,290.5,465.75,279.5,154.5008,43.4166,0.281,1,1,26,1
26,3,0,0,1,1,1,0.9873,0.9834,0.9062,0.8906,778.0,338.0,627.0,341.0,729.5,402.0,690.5,402.0,151.0298,39.0,0.2582,1,1,27,1
26,3,0,2,1,1,1,0.9854,0.9883,0.8818,0.896,998.5,348.0,852.5,347.0,953.5,394.5,907.0,384.5,146.0034,47.5631,0.3258,1,1,27,1
26,3,0,1,1,1,1,0.9854,0.9878,0.9087,0.9175,576.0,275.0,422.0,274.0,507.0,294.0,466.25,277.0,154.0032,44.1539,0.2867,1,1,27,1
27,3,0,0,1,1,1,0.9873,0.9819,0.9033,0.8799,778.0,339.0,626.0,342.0,731.0,402.5,686.5,404.0,152.0296,44.5253,0.2929,1,1,28,1
27,3,0,1,1,1,1,0.9873,0.9897,0.9175,0.9224,574.0,272.5,419.5,273.0,511.5,294.0,464.5,276.5,154.5008,50.1523,0.3246,1,1,28,1
27,3,0,2,1,1,1,0.9834,0.9883,0.8706,0.8975,996.5,347.5,850.5,346.5,954.5,394.0,901.5,388.0,146.0034,53.3385,0.3653,1,1,28,1
28,3,0,0,1,1,1,0.9868,0.9819,0.9038,0.8799,779.5,340.0,627.0,343.0,731.5,399.0,688.0,400.5,152.5295,43.5259,0.2854,1,1,29,1
28,3,0,2,1,1,1,0.9858,0.9834,0.9009,0.8887,993.0,350.0,852.0,344.5,953.5,396.0,900.5,383.5,141.1072,54.4541,0.3859,1,1,29,1
28,3,0,1,1,1,1,0.9854,0.9883,0.9082,0.9194,576.0,275.0,420.5,275.0,508.0,291.5,466.25,280.5,155.5,43.1748,0.2777,1,1,29,1
29,3,0,0,1,1,1,0.9878,0.9819,0.9097,0.8794,778.5,340.5,627.5,342.5,732.0,397.5,688.5,407.0,151.0132,44.5253,0.2948,1,1,30,1
29,3,0,2,1,1,1,0.9858,0.9844,0.8994,0.8921,994.0,351.5,853.5,345.5,953.5,394.5,904.0,380.5,140.6281,51.4417,0.3658,1,1,30,1
29,3,0,1,1,1,1,0.9844,0.9873,0.9067,0.916,575.5,275.5,421.75,275.0,509.25,292.0,465.0,278.5,153.7508,46.2635,0.3009,1,1,30,1
30,3,0,0,1,1,1,0.9878,0.9814,0.9097,0.8799,777.0,339.5,626.0,341.5,730.0,400.0,691.5,407.0,151.0132,39.1312,0.2591,1,1,31,1
30,3,0,2,1,1,1,0.9839,0.9873,0.877,0.8911,998.0,350.0,851.0,349.0,949.0,390.5,906.0,386.0,147.0034,43.2348,0.2941,1,1,31,1
30,3,0,1,1,1,1,0.9873,0.9907,0.9194,0.9316,577.0,273.5,419.25,273.0,511.5,294.0,464.5,280.0,157.7508,49.0408,0.3109,1,1,31,1
31,3,0,2,1,1,1,0.9863,0.9839,0.9043,0.8926,993.0,351.5,851.0,346.5,953.0,393.5,902.5,382.0,142.088,51.7929,0.3645,1,1,32,1
31,3,0,0,1,1,1,0.9863,0.9849,0.8931,0.8892,777.5,339.5,629.5,341.5,722.0,396.5,694.0,412.0,148.0135,32.0039,0.2162,1,1,32,1
31,3,0,1,1,1,1,0.9844,0.9883,0.9053,0.9199,575.0,273.0,421.75,273.0,508.0,295.0,464.75,279.5,153.25,45.9436,0.2998,1,1,32,1
32,3,0,0,1,1,1,0.9849,0.9839,0.8892,0.8955,776.5,339.5,625.0,341.5,730.5,395.0,692.5,402.0,151.5132,38.6394,0.255,1,1,33,1
32,3,0,2,1,1,1,0.9854,0.9834,0.9009,0.8892,993.5,350.0,853.5,344.0,953.0,392.5,906.5,380.0,140.1285,48.1508,0.3436,1,1,33,1
32,3,0,1,1,1,1,0.9849,0.9873,0.9048,0.9121,574.5,275.0,423.0,275.0,509.5,294.0,464.25,282.0,151.5,46.8141,0.309,1,1,33,1
33,3,0,0,1,1,1,0.9863,0.9834,0.8975,0.8867,778.0,339.5,628.5,340.0,729.0,395.5,692.0,402.5,149.5008,37.6563,0.2519,1,1,34,1
33,3,0,2,1,1,1,0.9839,0.9868,0.8789,0.8887,996.0,349.0,851.0,346.5,951.5,390.5,902.5,385.0,145.0216,49.3077,0.34,1,1,34,1
33,3,0,1,1,1,1,0.9858,0.9873,0.9072,0.9121,574.5,273.5,423.75,272.5,507.25,294.0,465.5,283.0,150.7533,43.1748,0.2864,1,1,34,1
34,3,0,0,1,1,1,0.9858,0.9834,0.8975,0.8896,777.5,339.0,625.5,342.0,730.5,397.0,692.0,405.5,152.0296,39.4271,0.2593,1,1,35,1
34,3,0,2,1,1,1,0.9858,0.9849,0.9004,0.894,994.0,350.5,851.5,344.5,950.0,390.5,901.5,384.0,142.6263,48.9336,0.3431,1,1,35,1
34,3,0,1,1,1,1,0.9844,0.9888,0.8994,0.9199,574.5,274.0,421.75,274.0,508.5,293.5,465.5,282.5,152.75,44.3847,0.2906,1,1,35,1
35,3,0,0,1,1,1,0.9868,0.9834,0.8999,0.8872,778.5,339.0,627.0,341.0,726.5,397.0,690.5,401.5,151.5132,36.2802,0.2395,1,1,36,1
35,3,0,2,1,1,1,0.9854,0.9844,0.8994,0.8931,993.0,350.0,851.5,344.0,951.5,392.5,902.0,381.5,141.6272,50.7075,0.358,1,1,36,1
35,3,0,1,1,1,1,0.9878,0.9897,0.9219,0.9229,574.0,273.5,421.0,273.0,512.0,295.5,463.75,283.5,153.0008,49.7198,0.325,1,1,36,1
36,3,0,0,1,1,1,0.9854,0.9839,0.895,0.8945,778.0,339.5,627.0,342.5,731.5,400.5,691.0,395.5,151.0298,40.8075,0.2702,1,1,37,1
36,3,0,2,1,1,1,0.9854,0.9873,0.8872,0.895,996.5,349.5,852.5,347.0,949.0,395.5,902.0,387.5,144.0217,47.676,0.331,1,1,37,1
36,3,0,1,1,1,1,0.9868,0.9873,0.916,0.9146,572.0,276.5,422.75,276.0,511.75,291.5,468.25,280.0,149.2508,44.9944,0.3015,1,1,37,1
37,3,0,0,1,1,1,0.9868,0.9834,0.9033,0.8926,777.5,339.5,628.0,342.0,731.0,400.5,690.0,403.0,149.5209,41.0761,0.2747,1,1,38,1
37,3,0,2,1,1,1,0.9873,0.9829,0.9121,0.8887,993.0,350.5,852.0,344.0,954.5,394.5,903.5,380.5,141.1497,52.8867,0.3747,1,1,38,1
37,3,0,1,1,1,1,0.9854,0.9873,0.9092,0.915,575.0,275.0,422.75,275.0,507.5,296.5,465.25,284.0,152.25,44.0603,0.2894,1,1,38,1
38,3,0,0,1,1,1,0.9868,0.9829,0.9038,0.8872,778.0,337.0,629.5,342.0,728.0,400.5,689.0,398.5,148.5842,39.0512,0.2628,1,1,39,1
38,3,0,2,1,1,1,0.9858,0.9834,0.9058,0.8906,993.5,351.0,854.0,343.5,951.5,393.0,901.5,383.0,139.7015,50.9902,0.365,1,1,39,1
38,3,0,1,1,1,1,0.9854,0.9878,0.9072,0.9141,575.5,275.5,422.75,275.0,508.0,294.5,462.5,283.5,152.7508,46.8108,0.3065,1,1,39,1
39,3,0,0,1,1,1,0.9849,0.9844,0.8892,0.8936,777.5,341.0,627.0,343.0,731.0,398.0,689.0,402.5,150.5133,42.2404,0.2806,1,1,40,1
39,3,0,2,1,1,1,0.9863,0.9829,0.9072,0.8882,995.0,348.5,853.0,345.0,951.5,397.0,908.5,378.5,142.0431,46.8108,0.3296,1,1,40,1
39,3,0,1,1,1,1,0.9854,0.9883,0.9058,0.9146,575.0,275.5,423.5,274.0,508.0,294.0,464.25,284.0,151.5074,44.8783,0.2962,1,1,40,1
40,3,0,0,1,1,1,0.9858,0.9844,0.8936,0.8931,778.5,340.0,628.0,342.0,731.5,403.0,688.0,400.0,150.5133,43.6033,0.2897,1,1,41,1
40,3,0,2,1,1,1,0.9849,0.9878,0.8813,0.8906,997.0,348.0,851.5,346.5,953.0,393.0,907.5,384.0,145.5077,46.3816,0.3188,1,1,41,1
40,3,0,1,1,1,1,0.9854,0.9878,0.9062,0.915,576.0,274.0,423.75,274.5,512.0,296.0,464.75,281.5,152.2508,49.4248,0.3246,1,1,41,1
41,3,0,0,1,1,1,0.9854,0.9839,0.8926,0.8926,776.0,338.0,627.5,341.0,733.0,403.0,686.0,402.5,148.5303,47.0027,0.3165,1,1,42,1
41,3,0,2,1,1,1,0.9883,0.9824,0.918,0.8843,994.5,351.0,853.5,344.0,952.5,393.5,902.5,381.0,141.1737,51.5388,0.3651,1,1,42,1
41,3,0,1,1,1,1,0.9868,0.9883,0.9116,0.9175,571.5,274.0,424.5,274.5,511.5,293.0,467.75,284.0,147.0009,44.6661,0.3038,1,1,42,1
42,3,0,0,1,1,1,0.9863,0.9829,0.9004,0.8872,777.0,338.5,628.0,341.5,729.0,399.5,690.0,403.5,149.0302,39.2046,0.2631,1,1,43,1
42,3,0,2,1,1,1,0.9883,0.9824,0.9175,0.8818,994.5,350.0,853.5,343.5,952.0,395.0,902.0,379.5,141.1497,52.3474,0.3709,1,1,43,1
42,3,0,1,1,1,1,0.9878,0.9902,0.9224,0.9253,575.0,272.0,420.75,273.0,513.5,295.0,466.25,280.0,154.2532,49.5738,0.3214,1,1,43,1
43,3,0,0,1,1,1,0.9858,0.9834,0.8945,0.8901,777.5,339.5,627.5,340.0,727.0,401.5,692.5,403.5,150.0008,34.5579,0.2304,1,1,44,1
43,3,0,2,1,1,1,0.9854,0.9878,0.8848,0.8931,996.5,348.5,852.5,347.0,952.0,394.5,906.0,385.5,144.0078,46.8722,0.3255,1,1,44,1
43,3,0,1,1,1,1,0.9844,0.9883,0.8989,0.9185,575.5,276.0,423.75,275.0,511.5,296.5,464.0,285.0,151.7533,48.8723,0.3221,1,1,44,1
44,3,0,0,1,1,1,0.9863,0.9824,0.9028,0.8848,777.5,339.5,627.5,340.5,730.0,393.5,686.5,404.0,150.0033,44.7493,0.2983,1,1,45,1
44,3,0,2,1,1,1,0.9854,0.9858,0.8877,0.8813,998.0,350.0,852.0,346.0,952.5,393.0,904.0,388.0,146.0548,48.7571,0.3338,1,1,45,1
44,3,0,1,1,1,1,0.9849,0.9883,0.9028,0.916,576.5,277.0,423.0,275.0,508.25,293.5,464.5,285.5,153.513,44.4754,0.2897,1,1,45,1
45,3,0,0,1,1,1,0.9863,0.9824,0.9019,0.8872,777.0,340.0,627.5,342.0,730.5,399.0,686.5,403.5,149.5134,44.2295,0.2958,1,1,46,1
45,3,0,2,1,1,1,0.9878,0.9819,0.9165,0.8818,994.0,352.0,853.0,346.0,954.0,395.5,904.5,381.0,141.1276,51.58,0.3655,1,1,46,1
45,3,0,1,1,1,1,0.9888,0.9863,0.9141,0.9121,579.0,276.5,428.0,278.0,507.75,294.5,458.5,279.5,151.0075,51.4836,0.3409,1,1,46,1
46,3,0,0,1,1,1,0.9863,0.9854,0.8921,0.896,777.5,339.5,625.5,341.5,729.5,403.5,691.0,401.5,152.0132,38.5519,0.2536,1,1,47,1
46,3,0,2,1,1,1,0.9873,0.9834,0.9097,0.8853,994.5,350.5,853.5,345.0,954.5,397.0,905.0,380.0,141.1072,52.3378,0.3709,1,1,47,1
46,3,0,1,1,1,1,0.9849,0.9883,0.9038,0.9185,576.5,276.5,423.25,274.0,508.75,295.0,466.5,284.0,153.2704,43.6585,0.2848,1,1,47,1
47,3,0,0,1,1,1,0.9858,0.9849,0.8945,0.8975,777.0,339.0,626.5,342.0,729.0,398.0,690.0,406.5,150.5299,39.9155,0.2652,1,1,48,1
47,3,0,2,1,1,1,0.9873,0.9839,0.9106,0.8882,995.0,350.0,852.5,344.0,955.0,400.5,900.5,380.5,142.6263,58.0539,0.407,1,1,48,1
47,3,0,1,1,1,1,0.9883,0.9893,0.9238,0.9175,575.0,273.5,421.5,273.0,511.5,293.5,464.5,281.5,153.5008,48.5077,0.316,1,1,48,1
48,3,0,0,1,1,1,0.9873,0.9829,0.9028,0.8833,778.5,338.0,628.5,341.5,730.0,402.5,689.0,408.0,150.0408,41.3673,0.2757,1,1,49,1
48,3,0,2,1,1,1,0.9863,0.9839,0.9058,0.8926,994.0,351.0,853.5,346.0,953.5,393.5,905.0,381.0,140.5889,50.0849,0.3563,1,1,49,1
48,3,0,1,1,1,1,0.9883,0.9897,0.9263,0.9253,577.0,274.0,422.0,273.0,511.0,293.0,466.0,283.5,155.0032,45.9918,0.2967,1,1,49,1
49,3,0,0,1,1,1,0.9868,0.9824,0.9038,0.8833,778.0,338.5,627.5,340.5,728.5,401.0,689.5,405.0,150.5133,39.2046,0.2605,1,1,50,1
49,3,0,2,1,1,1,0.9878,0.9829,0.9136,0.8853,995.0,349.5,854.5,345.5,953.5,393.0,903.0,381.0,140.5569,51.9062,0.3693,1,1,50,1
49,3,0,1,1,1,1,0.9878,0.9897,0.9204,0.9214,577.0,274.0,421.5,273.5,511.5,293.5,465.0,283.0,155.5008,47.6707,0.3066,1,1,50,1
50,3,0,0,1,1,1,0.9858,0.9839,0.8936,0.8916,778.5,339.0,626.0,341.5,730.0,398.0,690.0,400.5,152.5205,40.078,0.2628,1,1,51,1
50,3,0,2,1,1,1,0.9849,0.9863,0.8813,0.8862,997.0,348.5,854.0,346.0,953.5,396.0,904.0,385.5,143.0219,50.6014,0.3538,1,1,51,1
50,3,0,1,1,1,1,0.9878,0.9902,0.9194,0.9238,577.0,272.5,422.0,271.5,513.0,293.0,466.5,282.0,155.0032,47.7834,0.3083,1,1,51,1
51,3,0,0,1,1,1,0.9863,0.9839,0.894,0.8887,778.0,338.5,626.5,342.0,725.5,396.0,685.5,402.5,151.5404,40.5247,0.2674,1,1,52,1
51,3,0,2,1,1,1,0.9878,0.9814,0.9185,0.8818,997.0,349.0,853.0,345.0,950.5,394.5,908.0,380.5,144.0555,44.7465,0.3106,1,1,52,1
51,3,0,1,1,1,1,0.9897,0.9868,0.9189,0.9126,581.0,274.5,427.75,276.0,512.0,298.0,458.25,280.0,153.2573,56.6839,0.3699,1,1,52,1
52,3,0,0,1,1,1,0.9863,0.9829,0.8994,0.8892,778.0,338.5,627.5,341.0,729.5,393.5,692.0,406.5,150.5208,39.6894,0.2637,1,1,53,1
52,3,0,2,1,1,1,0.9878,0.9824,0.9141,0.8833,996.5,350.0,853.5,346.0,954.0,396.0,905.0,382.5,143.0559,50.8257,0.3553,1,1,53,1
52,3,0,1,1,1,1,0.9863,0.9873,0.9111,0.9111,576.0,273.5,424.25,274.0,510.75,294.5,464.5,282.0,151.7508,47.9094,0.3157,1,1,53,1
53,3,0,0,1,1,1,0.9868,0.9839,0.8994,0.8901,777.0,337.5,627.0,340.0,728.5,395.0,688.0,401.0,150.0208,40.942,0.2729,1,1,54,1
53,3,0,2,1,1,1,0.9878,0.9824,0.9111,0.877,994.0,349.5,853.0,344.0,952.5,395.5,904.5,379.5,141.1072,50.5964,0.3586,1,1,54,1
53,3,0,1,1,1,1,0.9883,0.9873,0.9097,0.9136,580.5,277.0,427.5,277.0,509.0,295.0,457.75,278.0,153.0,53.9959,0.3529,1,1,54,1
54,3,0,0,1,1,1,0.9844,0.9849,0.8843,0.8975,778.0,338.5,627.0,341.5,727.0,393.5,687.5,395.5,151.0298,39.5506,0.2619,1,1,55,1
54,3,0,2,1,1,1,0.9878,0.9829,0.9106,0.8809,995.0,349.5,854.0,345.0,953.5,393.5,903.5,381.0,141.0718,51.5388,0.3653,1,1,55,1
54,3,0,1,1,1,1,0.9897,0.9854,0.9229,0.9043,580.0,275.0,428.5,275.0,508.0,296.0,458.75,277.5,151.5,52.61,0.3473,1,1,55,1
55,3,0,0,1,1,1,0.9849,0.9839,0.8921,0.8955,777.5,337.0,627.5,341.5,729.5,395.5,687.5,399.5,150.0675,42.19,0.2811,1,1,56,1
55,3,0,2,1,1,1,0.9868,0.9829,0.9062,0.8843,995.0,349.0,854.0,344.5,954.0,394.5,903.5,380.5,141.0718,52.4047,0.3715,1,1,56,1
55,3,0,1,1,1,1,0.9888,0.9868,0.9175,0.915,580.5,275.5,427.75,275.0,509.25,297.0,460.5,280.0,152.7508,51.6291,0.338,1,1,56,1
56,3,0,0,1,1,1,0.9844,0.9849,0.8853,0.8984,777.0,338.0,629.5,342.0,730.5,396.5,692.0,397.0,147.5542,38.5032,0.2609,1,1,57,1
56,3,0,2,1,1,1,0.9858,0.9834,0.9004,0.8872,995.5,348.5,853.0,347.0,951.5,396.0,903.5,382.0,142.5079,50.0,0.3509,1,1,57,1
56,3,0,1,1,1,1,0.9878,0.9873,0.9092,0.918,580.0,277.0,427.25,277.0,514.0,297.0,460.0,279.0,152.75,56.921,0.3726,1,1,57,1
57,3,0,0,1,1,1,0.9868,0.9839,0.9009,0.8906,777.5,337.5,629.5,339.5,727.0,396.0,690.5,402.0,148.0135,36.9899,0.2499,1,1,58,1
57,3,0,2,1,1,1,0.9863,0.9839,0.9048,0.8896,995.0,348.0,852.5,345.5,955.5,397.0,906.5,381.0,142.5219,51.5461,0.3617,1,1,58,1
57,3,0,1,1,1,1,0.9849,0.9878,0.9028,0.915,577.0,275.0,424.25,274.5,509.25,294.5,464.0,283.5,152.7508,46.5678,0.3049,1,1,58,1
58,3,0,0,1,1,1,0.9863,0.9829,0.8975,0.8877,777.0,337.5,629.0,341.5,727.5,395.0,689.0,399.5,148.054,38.7621,0.2618,1,1,59,1
58,3,0,2,1,1,1,0.9863,0.9824,0.9058,0.8828,995.0,348.0,854.0,345.0,954.0,395.5,905.0,381.0,141.0319,51.1004,0.3623,1,1,59,1
58,3,0,1,1,1,1,0.9863,0.9873,0.9121,0.9126,572.5,276.0,423.25,275.0,512.0,292.5,466.5,284.0,149.2534,46.2871,0.3101,1,1,59,1
59,3,0,0,1,1,1,0.9863,0.9824,0.9004,0.8843,778.5,338.0,629.0,340.0,727.5,399.5,690.0,402.0,149.5134,37.5832,0.2514,1,1,60,1
59,3,0,2,1,1,1,0.9858,0.9839,0.9023,0.8901,994.0,350.0,851.5,348.0,951.5,393.5,909.0,378.5,142.514,45.0694,0.3162,1,1,60,1
59,3,0,1,1,1,1,0.9883,0.9868,0.9126,0.9111,580.0,276.0,427.75,275.0,507.0,296.0,461.25,280.5,152.2533,48.3044,0.3173,1,1,60,1
60,3,0,0,1,1,1,0.9863,0.9824,0.8984,0.8828,778.5,337.0,629.5,341.0,730.0,398.0,690.5,401.5,149.0537,39.6548,0.266,1,1,61,1
60,3,0,2,1,1,1,0.9863,0.9834,0.9048,0.8872,994.0,351.0,852.0,346.5,956.5,391.0,905.5,377.0,142.0713,52.8867,0.3723,1,1,61,1
60,3,0,1,1,1,1,0.9849,0.9873,0.9062,0.9121,576.0,277.0,424.5,274.0,508.25,296.0,465.25,285.0,151.5297,44.3847,0.2929,1,1,61,1
61,3,0,0,1,1,1,0.9858,0.9844,0.8931,0.8955,779.0,337.0,627.5,340.5,728.0,391.0,689.0,395.0,151.5404,39.2046,0.2587,1,1,62,1
61,3,0,2,1,1,1,0.9863,0.9844,0.9048,0.8955,995.0,347.0,851.5,345.5,950.5,396.5,901.0,385.5,143.5078,50.7075,0.3533,1,1,62,1
61,3,0,1,1,1,1,0.9844,0.9878,0.9067,0.9199,577.0,276.0,423.25,274.5,509.75,297.0,465.75,281.5,153.7573,46.6503,0.3034,1,1,62,1
62,3,0,0,1,1,1,0.9858,0.9839,0.8965,0.8931,779.0,338.5,628.0,342.5,731.0,399.5,691.0,393.5,151.053,40.4475,0.2678,1,1,63,1
62,3,0,1,1,1,1,0.9883,0.9897,0.9253,0.9248,576.5,275.0,421.0,274.0,514.0,295.0,466.0,284.0,155.5032,49.2443,0.3167,1,1,63,1
62,3,0,2,1,1,1,0.9863,0.9839,0.9087,0.8975,996.0,347.5,852.5,344.5,951.0,394.5,903.0,382.5,143.5314,49.4773,0.3447,1,1,63,1
63,3,0,0,1,1,1,0.9863,0.9824,0.9014,0.8853,778.0,337.5,627.5,341.5,727.0,395.0,689.5,401.0,150.5531,37.977,0.2522,1,1,64,1
63,3,0,2,1,1,1,0.9863,0.9839,0.9053,0.8882,995.0,349.0,851.0,346.5,954.5,394.5,905.0,384.0,144.0217,50.6014,0.3513,1,1,64,1
63,3,0,1,1,1,1,0.9883,0.9863,0.9165,0.9136,579.0,276.5,427.25,277.0,509.75,296.5,458.25,277.0,151.7508,55.0681,0.3629,1,1,64,1
64,3,0,0,1,1,1,0.9863,0.9824,0.8994,0.8857,778.0,336.5,627.5,341.5,728.5,397.0,685.0,398.0,150.583,43.5115,0.289,1,1,65,1
64,3,0,1,1,1,1,0.9849,0.9883,0.9038,0.9141,576.5,275.0,424.75,274.0,511.0,297.0,466.0,283.5,151.7533,46.9814,0.3096,1,1,65,1
64,3,0,2,1,1,1,0.9858,0.9844,0.8989,0.8901,996.0,350.0,852.0,346.0,954.5,393.5,904.5,379.0,144.0555,52.0601,0.3614,1,1,65,1
65,3,0,0,1,1,1,0.9858,0.9829,0.895,0.8857,778.5,338.0,626.5,341.5,730.0,400.5,686.0,396.5,152.0403,44.1814,0.2906,1,1,66,1
65,3,0,2,1,1,1,0.9854,0.9844,0.8994,0.897,995.0,349.0,853.5,345.0,953.0,395.0,908.0,376.0,141.5565,48.8467,0.3451,1,1,66,1
65,3,0,1,1,1,1,0.9849,0.9883,0.9033,0.9175,577.0,277.0,423.5,274.0,509.0,295.0,467.5,286.0,153.5293,42.4647,0.2766,1,1,66,1
66,3,0,0,1,1,1,0.9849,0.9844,0.8867,0.8945,778.5,338.0,627.0,341.0,731.5,397.0,688.5,395.0,151.5297,43.0465,0.2841,1,1,67,1
66,3,0,2,1,1,1,0.9854,0.9854,0.8936,0.897,995.0,348.0,853.0,345.0,952.5,391.0,905.0,377.0,142.0317,49.5202,0.3487,1,1,67,1
66,3,0,1,1,1,1,0.9854,0.9868,0.9077,0.9092,577.0,275.0,425.25,274.0,507.5,293.5,465.75,284.5,151.7533,42.709,0.2814,1,1,67,1
67,3,0,0,1,1,1,0.9858,0.9834,0.895,0.8916,778.5,338.5,630.0,341.0,731.0,396.0,690.0,400.0,148.521,41.1947,0.2774,1,1,68,1
67,3,0,2,1,1,1,0.9858,0.9834,0.9028,0.8887,994.0,348.5,851.5,344.5,953.5,393.5,906.5,378.0,142.5561,49.4899,0.3472,1,1,68,1
67,3,0,1,1,1,1,0.9883,0.9868,0.9121,0.9126,580.0,277.0,427.0,278.0,510.5,298.0,459.25,278.0,153.0033,55.0142,0.3596,1,1,68,1
68,3,0,0,1,1,1,0.9878,0.9814,0.9077,0.8784,778.0,337.0,629.5,339.0,729.5,394.5,687.0,403.5,148.5135,43.4425,0.2925,1,1,69,1
68,3,0,2,1,1,1,0.9873,0.9834,0.9106,0.8882,994.0,349.5,852.5,345.0,953.5,394.0,907.5,374.5,141.5715,49.9625,0.3529,1,1,69,1
68,3,0,1,1,1,1,0.9878,0.9897,0.9224,0.9243,576.5,274.0,422.5,274.5,514.5,298.5,464.75,283.0,154.0008,52.1087,0.3384,1,1,69,1
69,3,0,0,1,1,1,0.9883,0.9814,0.9116,0.8784,777.5,338.0,628.0,341.0,730.0,396.0,685.5,400.0,149.5301,44.6794,0.2988,1,1,70,1
69,3,0,1,1,1,1,0.9873,0.9897,0.918,0.9214,577.0,273.5,421.25,274.0,512.0,295.5,465.75,285.0,155.7508,47.4269,0.3045,1,1,70,1
69,3,0,2,1,1,1,0.9868,0.9863,0.896,0.8853,997.0,347.0,851.5,346.0,952.0,396.0,907.0,383.5,145.5034,46.7039,0.321,1,1,70,1
70,3,0,0,1,1,1,0.9873,0.9819,0.9033,0.8818,778.0,339.0,627.0,341.0,730.5,396.0,696.0,398.5,151.0132,34.5905,0.2291,1,1,71,1
70,3,0,2,1,1,1,0.9873,0.9824,0.9116,0.8838,994.5,349.0,852.0,346.0,952.0,395.0,905.5,381.5,142.5316,48.42,0.3397,1,1,71,1
70,3,0,1,1,1,1,0.9844,0.9873,0.9043,0.9141,575.5,275.0,424.25,274.0,510.0,293.5,465.5,286.0,151.2533,45.1276,0.2984,1,1,71,1
71,3,0,0,1,1,1,0.9868,0.9814,0.9053,0.8809,778.0,339.0,628.0,340.5,725.0,388.5,689.5,401.0,150.0075,37.6364,0.2509,1,1,72,1
71,3,0,2,1,1,1,0.9868,0.9829,0.9097,0.8862,996.5,348.0,852.0,345.0,951.5,394.5,907.5,382.0,144.5311,45.7411,0.3165,1,1,72,1
71,3,0,1,1,1,1,0.9902,0.9868,0.9233,0.9092,576.5,277.0,425.5,277.0,513.0,298.5,463.75,281.5,151.0,52.1015,0.345,1,1,72,1
72,3,0,0,1,1,1,0.9863,0.9819,0.8999,0.8823,778.0,339.0,628.0,340.0,724.0,389.5,691.0,399.5,150.0033,34.4819,0.2299,1,1,73,1
72,3,0,2,1,1,1,0.9844,0.9868,0.8784,0.8862,996.0,345.5,852.5,342.5,950.0,393.0,910.5,382.0,143.5314,41.003,0.2857,1,1,73,1
72,3,0,1,1,1,1,0.9858,0.9868,0.9102,0.9106,577.5,275.0,425.75,273.0,508.5,295.5,467.25,281.0,151.7632,43.7243,0.2881,1,1,73,1
73,3,0,0,1,1,1,0.9858,0.9834,0.8979,0.8921,777.0,339.0,627.5,340.5,728.5,393.5,690.0,397.5,149.5075,38.7072,0.2589,1,1,74,1
73,3,0,1,1,1,1,0.9883,0.9863,0.9136,0.9116,580.5,277.0,427.0,277.0,507.75,296.5,455.5,275.5,153.5,56.3122,0.3669,1,1,74,1
73,3,0,2,1,1,1,0.9868,0.9829,0.9067,0.8867,994.0,349.5,851.5,345.0,954.0,392.5,907.0,375.5,142.571,49.98,0.3506,1,1,74,1
74,3,0,0,1,1,1,0.9863,0.9829,0.8979,0.8862,778.0,338.0,627.0,340.0,732.0,393.5,685.0,402.0,151.0132,47.7624,0.3163,1,1,75,1
74,3,0,2,1,1,1,0.9863,0.9839,0.9058,0.8926,993.5,348.0,851.5,343.5,954.0,392.0,907.5,379.0,142.0713,48.283,0.3399,1,1,75,1
74,3,0,1,1,1,1,0.9888,0.9858,0.915,0.9097,581.0,275.0,428.5,274.5,508.25,292.5,460.75,277.0,152.5008,49.965,0.3276,1,1,75,1
75,3,0,0,1,1,1,0.9878,0.9829,0.9028,0.8784,779.5,338.0,629.5,339.5,726.0,392.5,693.0,409.5,150.0075,37.1214,0.2475,1,1,76,1
75,3,0,1,1,1,1,0.9873,0.9888,0.9224,0.918,577.0,274.0,422.5,273.5,512.5,292.5,466.75,281.0,154.5008,47.1732,0.3053,1,1,76,1
75,3,0,2,1,1,1,0.9858,0.9839,0.9023,0.8921,993.5,348.0,851.5,343.5,953.5,394.0,904.5,381.5,142.0713,50.5693,0.3559,1,1,76,1
76,3,0,0,1,1,1,0.9883,0.9819,0.9097,0.8794,779.0,338.0,629.0,340.0,728.0,388.0,690.0,402.0,150.0133,40.4969,0.27,1,1,77,1
76,3,0,2,1,1,1,0.9868,0.9839,0.9062,0.8877,994.0,349.0,853.0,343.5,953.0,396.0,904.0,384.0,141.1072,50.448,0.3575,1,1,77,1
76,3,0,1,1,1,1,0.9883,0.9858,0.918,0.9136,579.5,277.0,428.0,276.0,509.25,296.0,458.75,276.0,151.5033,54.3162,0.3585,1,1,77,1
77,3,0,0,1,1,1,0.9863,0.9834,0.8965,0.8887,779.0,337.5,628.5,340.5,734.0,398.5,686.5,403.0,150.5299,47.7127,0.317,1,1,78,1
77,3,0,2,1,1,1,0.9839,0.9873,0.8745,0.8911,996.0,346.5,852.0,346.0,950.5,387.0,910.0,382.0,144.0009,40.8075,0.2834,1,1,78,1
77,3,0,1,1,1,1,0.9883,0.9868,0.9214,0.9072,573.0,275.0,426.25,273.0,514.5,295.0,467.0,283.0,146.7636,48.9923,0.3338,1,1,78,1
78,3,0,0,1,1,1,0.9868,0.9834,0.895,0.8799,779.5,339.0,632.5,341.0,726.0,396.5,693.0,408.0,147.0136,34.9464,0.2377,1,1,79,1
78,3,0,2,1,1,1,0.9858,0.9839,0.9028,0.8916,993.0,349.5,852.0,345.0,950.5,388.0,910.0,376.5,141.0718,42.1011,0.2984,1,1,79,1
78,3,0,1,1,1,1,0.9849,0.9883,0.9014,0.917,576.0,275.0,424.25,273.0,514.0,300.0,465.25,282.5,151.7632,51.7959,0.3413,1,1,79,1
79,3,0,0,1,1,1,0.9868,0.9814,0.9043,0.8799,777.0,337.0,627.5,340.0,729.0,391.0,686.0,403.5,149.5301,44.78,0.2995,1,1,80,1
79,3,0,2,1,1,1,0.9868,0.9829,0.9062,0.8843,995.0,349.5,853.5,345.0,954.0,392.5,908.5,381.5,141.5715,46.8108,0.3307,1,1,80,1
79,3,0,1,1,1,1,0.9868,0.9897,0.916,0.9219,576.0,273.0,422.5,273.0,513.0,297.0,465.25,283.0,153.5,49.76,0.3242,1,1,80,1
80,3,0,0,1,1,1,0.9863,0.9824,0.8979,0.8809,778.0,337.5,628.5,339.0,729.0,390.5,691.0,400.0,149.5075,39.1695,0.262,1,1,81,1
80,3,0,2,1,1,1,0.9854,0.9844,0.897,0.8926,996.0,350.0,852.0,347.0,952.5,394.0,910.5,376.5,144.0312,45.5,0.3159,1,1,81,1
80,3,0,1,1,1,1,0.9878,0.9863,0.9102,0.9141,580.0,275.0,427.25,275.0,510.5,298.0,461.25,278.0,152.75,53.156,0.348,1,1,81,1
81,3,0,0,1,1,1,0.9868,0.9819,0.9033,0.8813,780.5,338.0,630.5,341.0,729.5,393.0,685.5,403.5,150.03,45.2355,0.3015,1,1,82,1
81,3,0,1,1,1,1,0.9844,0.9883,0.8984,0.917,577.0,275.0,423.25,275.0,509.5,298.5,462.75,285.0,153.75,48.6602,0.3165,1,1,82,1
81,3,0,2,1,1,1,0.9834,0.9868,0.8755,0.8901,997.0,347.0,852.0,348.0,949.0,387.0,913.0,379.0,145.0034,36.8782,0.2543,1,1,82,1
82,3,0,0,1,1,1,0.9873,0.9824,0.9067,0.8857,780.0,337.5,629.5,340.5,729.5,393.5,689.0,399.5,150.5299,40.942,0.272,1,1,83,1
82,3,0,2,1,1,1,0.9854,0.9839,0.9009,0.8965,995.0,348.5,851.5,346.5,950.0,394.0,913.0,375.0,143.5139,41.5933,0.2898,1,1,83,1
82,3,0,1,1,1,1,0.9883,0.9868,0.9141,0.9141,580.5,275.0,428.5,274.5,515.5,301.5,458.0,279.0,152.0008,61.7454,0.4062,1,1,83,1
83,3,0,0,1,1,1,0.9873,0.9814,0.9087,0.8794,779.5,337.0,629.0,340.5,729.5,393.0,686.5,408.5,150.5407,45.7083,0.3036,1,1,84,1
83,3,0,2,1,1,1,0.9858,0.9854,0.8984,0.9004,994.0,348.5,852.0,345.0,954.0,391.5,913.5,375.0,142.0431,43.7321,0.3079,1,1,84,1
83,3,0,1,1,1,1,0.9849,0.9883,0.9033,0.9189,578.0,275.0,426.75,272.0,514.5,298.0,465.25,286.0,151.2797,50.6909,0.3351,1,1,84,1
84,3,0,0,1,1,1,0.9873,0.9819,0.9058,0.8823,778.0,338.5,630.5,340.5,730.5,393.5,690.0,398.5,147.5136,40.8075,0.2766,1,1,85,1
84,3,0,2,1,1,1,0.9854,0.9849,0.8965,0.8989,993.5,350.0,851.0,346.5,955.5,390.0,911.5,375.5,142.543,46.3276,0.325,1,1,85,1
84,3,0,1,1,1,1,0.9849,0.9873,0.9048,0.9121,577.5,276.0,424.75,274.0,510.75,295.0,466.75,284.0,152.7631,45.3542,0.2969,1,1,85,1
85,3,0,0,1,1,1,0.9858,0.9839,0.8931,0.8921,780.0,338.5,630.0,341.0,727.5,390.0,692.0,395.5,150.0208,35.9235,0.2395,1,1,86,1
85,3,0,1,1,1,1,0.9893,0.9858,0.9219,0.9092,579.5,279.0,428.5,276.0,509.5,296.5,458.0,278.0,151.0298,54.722,0.3623,1,1,86,1
85,3,0,2,1,1,1,0.9854,0.9844,0.9019,0.8975,995.0,348.5,850.5,347.0,954.0,392.5,912.5,374.5,144.5078,45.2355,0.313,1,1,86,1
86,3,0,0,1,1,1,0.9883,0.981,0.9092,0.874,780.5,338.0,628.0,340.0,733.0,393.0,689.0,401.5,152.5131,44.8135,0.2938,1,1,87,1
86,3,0,2,1,1,1,0.9839,0.9878,0.8726,0.8931,997.0,348.0,850.5,347.5,947.5,388.5,908.0,386.0,146.5009,39.579,0.2702,1,1,87,1
86,3,0,1,1,1,1,0.9858,0.9873,0.9092,0.9106,579.0,277.0,427.25,275.0,508.75,296.5,464.5,282.5,151.7632,46.4119,0.3058,1,1,87,1
87,3,0,0,1,1,1,0.9868,0.9829,0.9019,0.8843,782.0,338.0,630.0,340.0,735.5,399.0,691.0,401.5,152.0132,44.5702,0.2932,1,1,88,1
87,3,0,2,1,1,1,0.9849,0.9878,0.8809,0.8931,998.0,346.0,852.5,345.5,949.0,387.5,910.0,383.5,145.5009,39.2046,0.2694,1,1,88,1
87,3,0,1,1,1,1,0.9888,0.9858,0.9136,0.9067,582.0,277.0,429.0,277.0,510.5,297.5,460.0,277.5,153.0,54.3162,0.355,1,1,88,1
88,3,0,0,1,1,1,0.9873,0.98,0.9102,0.875,780.0,340.0,632.0,342.5,733.5,392.5,688.5,408.0,148.0211,47.5946,0.3215,1,1,89,1
88,3,0,2,1,1,1,0.9849,0.9849,0.8975,0.8975,995.0,349.0,851.5,346.0,951.5,394.5,910.0,379.0,143.5314,44.3001,0.3086,1,1,89,1
88,3,0,1,1,1,1,0.9839,0.9883,0.9009,0.9175,576.5,274.0,424.5,273.5,513.5,298.0,466.5,279.5,152.0008,50.5099,0.3323,1,1,89,1
89,3,0,0,1,1,1,0.9873,0.9814,0.9062,0.876,781.0,338.0,631.5,341.5,729.0,399.0,686.0,408.0,149.541,43.9318,0.2938,1,1,90,1
89,3,0,2,1,1,1,0.9834,0.9883,0.8691,0.8979,995.0,346.5,850.5,347.5,950.0,394.5,909.5,381.0,144.5035,42.6907,0.2954,1,1,90,1
89,3,0,1,1,1,1,0.9888,0.9863,0.9165,0.9116,581.0,276.0,430.0,276.5,511.5,297.5,459.5,277.5,151.0008,55.7136,0.369,1,1,90,1
90,3,0,0,1,1,1,0.9863,0.9824,0.8994,0.8843,779.0,338.0,630.0,341.0,729.5,394.0,692.0,394.0,149.0302,37.5,0.2516,1,1,91,1
90,3,0,2,1,1,1,0.9854,0.9834,0.8999,0.8906,995.5,348.0,851.5,346.0,951.0,390.0,910.0,384.0,144.0139,41.4367,0.2877,1,1,91,1
90,3,0,1,1,1,1,0.9883,0.9868,0.9141,0.9131,580.0,278.0,426.75,277.0,509.5,297.5,459.5,277.0,153.2533,54.0393,0.3526,1,1,91,1
91,3,0,0,1,1,1,0.9868,0.9819,0.9023,0.8789,779.5,337.5,630.0,342.0,733.0,400.0,691.0,401.5,149.5677,42.0268,0.281,1,1,92,1
91,3,0,1,1,1,1,0.9878,0.9893,0.9238,0.9199,576.0,273.0,421.5,273.5,513.5,294.5,467.75,282.0,154.5008,47.4269,0.307,1,1,92,1
91,3,0,2,1,1,1,0.9829,0.9873,0.8682,0.8926,997.5,345.5,850.5,348.5,951.5,389.5,912.0,382.0,147.0306,40.2057,0.2735,1,1,92,1
92,3,0,0,1,1,1,0.9873,0.9824,0.9043,0.8809,780.0,339.0,629.5,342.0,728.5,396.0,690.0,398.5,150.5299,38.5811,0.2563,1,1,93,1
92,3,0,2,1,1,1,0.9844,0.9854,0.8906,0.9014,995.0,347.5,852.0,346.5,953.5,391.0,906.5,380.0,143.0035,48.2701,0.3375,1,1,93,1
92,3,0,1,1,1,1,0.9888,0.9858,0.9165,0.9087,579.0,275.0,426.75,276.0,508.5,295.0,459.0,275.0,152.2533,53.3877,0.3507,1,1,93,1
93,3,0,0,1,1,1,0.9883,0.98,0.9141,0.8721,779.5,338.0,631.5,340.0,730.0,393.5,689.5,407.5,148.0135,42.8515,0.2895,1,1,94,1
93,3,0,2,1,1,1,0.9858,0.9849,0.9019,0.8984,994.0,347.0,851.5,346.0,953.5,393.5,908.0,383.5,142.5035,46.5859,0.3269,1,1,94,1
93,3,0,1,1,1,1,0.9858,0.9873,0.9111,0.9121,578.0,275.0,424.5,274.0,512.5,301.0,465.75,286.0,153.5033,49.0975,0.3198,1,1,94,1
94,3,0,0,1,1,1,0.9883,0.9814,0.9121,0.8804,779.5,338.0,630.0,340.0,733.0,393.0,691.5,398.5,149.5134,41.8629,0.28,1,1,95,1
94,3,0,2,1,1,1,0.9854,0.9849,0.8965,0.8975,995.0,347.5,850.5,345.0,951.0,393.5,908.5,382.5,144.5216,43.9005,0.3038,1,1,95,1
94,3,0,1,1,1,1,0.9888,0.9863,0.9204,0.9141,580.5,276.0,427.5,275.0,512.5,300.5,460.0,279.5,153.0033,56.5442,0.3696,1,1,95,1
95,3,0,2,1,1,1,0.9844,0.9878,0.8784,0.8936,997.0,347.0,851.0,348.0,951.0,392.5,909.0,388.5,146.0034,42.19,0.289,1,1,96,1
95,3,0,0,1,1,1,0.9878,0.9805,0.9126,0.8735,779.5,337.5,631.0,341.0,730.5,394.0,686.5,405.0,148.5412,45.3542,0.3053,1,1,96,1
95,3,0,1,1,1,1,0.9888,0.9863,0.917,0.9097,580.0,278.5,427.5,278.0,510.5,300.0,460.0,278.5,152.5008,54.8862,0.3599,1,1,96,1
96,3,0,0,1,1,1,0.9878,0.981,0.9106,0.8765,779.5,338.0,631.0,341.5,727.5,392.5,686.5,400.5,148.5412,41.7732,0.2812,1,1,97,1
96,3,0,1,1,1,1,0.9883,0.9883,0.9258,0.9111,578.0,275.5,421.75,273.0,515.0,295.5,465.0,282.0,156.27,51.7904,0.3314,1,1,97,1
96,3,0,2,1,1,1,0.9844,0.9868,0.8823,0.8921,996.0,348.0,851.5,349.5,953.0,392.0,910.0,385.0,144.5078,43.566,0.3015,1,1,97,1
97,3,0,0,1,1,1,0.9873,0.9814,0.9082,0.8794,778.5,339.0,629.5,342.0,729.0,398.5,690.0,397.0,149.0302,39.0288,0.2619,1,1,98,1
97,3,0,2,1,1,1,0.9854,0.9849,0.8994,0.8984,994.0,348.5,852.5,347.5,953.5,392.5,908.5,374.5,141.5035,48.4665,0.3425,1,1,98,1
97,3,0,1,1,1,1,0.9883,0.9868,0.9141,0.9141,580.0,277.0,425.5,277.0,511.25,300.0,461.0,275.0,154.5,56.1254,0.3633,1,1,98,1
98,3,0,0,1,1,1,0.9868,0.9844,0.896,0.8877,780.0,339.5,632.5,342.5,724.5,397.0,693.5,407.0,147.5305,32.573,0.2208,1,1,99,1
98,3,0,2,1,1,1,0.9829,0.9883,0.8677,0.8994,998.0,347.0,852.5,348.5,952.0,392.0,911.5,376.0,145.5077,43.546,0.2993,1,1,99,1
98,3,0,1,1,1,1,0.9844,0.9873,0.9058,0.916,579.0,275.0,425.0,276.0,510.25,296.0,467.0,280.0,154.0032,46.1147,0.2994,1,1,99,1
99,3,0,0,1,1,1,0.9863,0.9829,0.9014,0.8872,779.0,338.0,631.0,341.0,734.5,397.5,689.0,399.5,148.0304,45.5439,0.3077,1,1,100,1
99,3,0,2,1,1,1,0.9858,0.9849,0.8989,0.894,994.0,349.0,851.0,345.5,957.0,396.0,909.5,380.5,143.0428,49.965,0.3493,1,1,100,1
99,3,0,1,1,1,1,0.9854,0.9883,0.9043,0.9141,577.0,275.5,424.5,274.5,512.0,300.5,464.5,285.5,152.5033,49.8121,0.3266,1,1,100,1
100,3,0,0,1,1,1,0.9868,0.9824,0.9033,0.8857,779.5,338.5,631.0,342.0,732.0,396.5,692.0,397.5,148.5412,40.0125,0.2694,1,1,101,1
100,3,0,2,1,1,1,0.9844,0.9878,0.876,0.8931,997.0,347.5,853.0,348.0,954.5,392.0,909.0,381.5,144.0009,46.6958,0.3243,1,1,101,1
100,3,0,1,1,1,1,0.9883,0.9863,0.9141,0.9131,581.0,277.0,426.75,277.5,511.75,299.5,457.5,281.0,154.2508,57.3176,0.3716,1,1,101,1
101,3,0,0,1,1,1,0.9873,0.9829,0.9053,0.8828,779.0,336.5,630.0,341.0,735.0,400.0,693.5,403.5,149.0679,41.6473,0.2794,1,1,102,1
101,3,0,2,1,1,1,0.9854,0.9839,0.8999,0.8901,994.0,349.0,852.5,346.5,952.5,391.5,911.5,377.0,141.5221,43.4885,0.3073,1,1,102,1
101,3,0,1,1,1,1,0.9893,0.9863,0.916,0.9067,581.0,277.0,428.5,278.0,509.5,297.0,459.5,278.5,152.5033,53.3128,0.3496,1,1,102,1
102,3,0,0,1,1,1,0.9863,0.9849,0.8931,0.8901,778.5,337.0,631.5,339.5,726.0,391.0,693.5,411.0,147.0213,38.1608,0.2596,1,1,103,1
102,3,0,1,1,1,1,0.9858,0.9873,0.9087,0.9092,578.0,277.0,424.5,275.0,509.75,295.5,466.0,283.0,153.513,45.5007,0.2964,1,1,103,1
102,3,0,2,1,1,1,0.9858,0.9834,0.9004,0.8892,995.5,348.0,853.0,346.5,951.0,393.0,912.5,376.5,142.5079,41.8868,0.2939,1,1,103,1
103,3,0,0,1,1,1,0.9873,0.9819,0.9058,0.8784,780.0,339.0,630.5,341.0,729.0,396.0,693.0,397.5,149.5134,36.0312,0.241,1,1,104,1
103,3,0,1,1,1,1,0.9854,0.9878,0.9072,0.9116,576.5,275.5,424.25,274.0,507.5,295.0,467.25,280.0,152.2574,42.9542,0.2821,1,1,104,1
103,3,0,2,1,1,1,0.9849,0.9849,0.8965,0.8989,994.5,350.5,851.0,347.0,953.0,390.5,912.5,375.5,143.5427,43.1885,0.3009,1,1,104,1
104,3,0,0,1,1,1,0.9868,0.9834,0.9009,0.8872,779.5,337.5,631.0,339.0,731.0,393.5,690.5,394.5,148.5076,40.5123,0.2728,1,1,105,1
104,3,0,1,1,1,1,0.9858,0.9873,0.9111,0.9126,578.0,274.5,424.5,274.0,510.75,299.0,466.5,282.0,153.5008,47.4032,0.3088,1,1,105,1
104,3,0,2,1,1,1,0.9854,0.9849,0.8965,0.8989,993.0,348.5,852.0,346.5,953.5,388.5,907.0,376.5,141.0142,48.0234,0.3406,1,1,105,1
105,3,0,0,1,1,1,0.9873,0.9834,0.9019,0.8857,779.0,339.0,630.5,340.5,729.5,393.5,693.0,393.0,148.5076,36.5034,0.2458,1,1,106,1
105,3,0,2,1,1,1,0.9849,0.9878,0.8789,0.8936,997.5,348.5,851.5,348.5,949.5,386.5,912.0,377.5,146.0,38.5649,0.2641,1,1,106,1
105,3,0,1,1,1,1,0.9883,0.9863,0.9131,0.9092,581.0,276.0,427.5,276.0,510.25,299.0,459.25,277.5,153.5,55.3466,0.3606,1,1,106,1
106,3,0,0,1,1,1,0.9863,0.9829,0.8989,0.8857,780.0,339.0,630.5,341.0,730.0,393.5,693.5,399.0,149.5134,36.9121,0.2469,1,1,107,1
106,3,0,2,1,1,1,0.9849,0.9854,0.896,0.9014,994.0,348.5,849.5,348.5,951.5,391.5,913.0,373.0,144.5,42.7142,0.2956,1,1,107,1
106,3,0,1,1,1,1,0.9849,0.9878,0.9058,0.915,579.5,276.0,425.0,275.0,508.5,295.0,466.5,285.5,154.5032,43.061,0.2787,1,1,107,1
107,3,0,0,1,1,1,0.9863,0.9824,0.8989,0.8853,779.5,339.5,631.0,341.5,732.0,394.0,693.5,400.0,148.5135,38.9647,0.2624,1,1,108,1
107,3,0,2,1,1,1,0.9863,0.9844,0.9038,0.8936,995.0,350.5,852.0,347.5,955.0,391.5,909.0,377.0,143.0315,48.2312,0.3372,1,1,108,1
107,3,0,1,1,1,1,0.9883,0.9897,0.9209,0.9175,577.0,274.5,422.25,274.0,512.0,297.5,469.0,284.0,154.7508,45.0694,0.2912,1,1,108,1
108,3,0,0,1,1,1,0.9863,0.9829,0.895,0.8838,779.5,340.0,630.0,340.5,724.5,394.5,695.0,393.5,149.5008,29.5169,0.1974,1,1,109,1
108,3,0,2,1,1,1,0.9824,0.9883,0.8623,0.8989,997.5,348.0,851.0,348.5,950.0,389.5,913.5,375.0,146.5009,39.2747,0.2681,1,1,109,1
108,3,0,1,1,1,1,0.9883,0.9863,0.9238,0.9077,574.5,275.0,425.25,274.0,514.0,296.0,468.0,279.0,149.2534,49.0408,0.3286,1,1,109,1
109,3,0,0,1,1,1,0.9863,0.9824,0.9004,0.8828,778.5,340.0,630.5,342.0,727.0,398.0,694.5,392.5,148.0135,32.9621,0.2227,1,1,110,1
109,3,0,2,1,1,1,0.9858,0.9854,0.9004,0.9014,995.0,349.0,851.5,348.0,952.5,395.5,910.5,377.0,143.5035,45.8939,0.3198,1,1,110,1
109,3,0,1,1,1,1,0.9883,0.9868,0.9131,0.9141,581.5,277.0,428.25,278.0,512.0,302.0,460.0,274.0,153.2533,59.0593,0.3854,1,1,110,1
110,3,0,0,1,1,1,0.9858,0.9839,0.8926,0.8867,779.0,338.0,630.0,340.0,734.5,393.5,690.0,392.0,149.0134,44.5253,0.2988,1,1,111,1
110,3,0,2,1,1,1,0.9844,0.9854,0.8921,0.8989,994.0,349.0,851.0,347.0,952.0,391.5,911.0,375.0,143.014,44.1956,0.309,1,1,111,1
110,3,0,1,1,1,1,0.9893,0.9858,0.9199,0.9072,581.0,277.5,427.75,275.0,512.0,297.0,461.25,278.5,153.2704,54.0168,0.3524,1,1,111,1
111,3,0,0,1,1,1,0.9873,0.9824,0.9004,0.873,780.0,339.0,634.0,339.5,726.5,393.5,693.0,416.5,146.0009,40.6356,0.2783,1,1,112,1
111,3,0,2,1,1,1,0.9849,0.9854,0.8916,0.8989,994.5,347.0,851.5,346.5,953.0,393.5,910.0,381.0,143.0009,44.78,0.3131,1,1,112,1
111,3,0,1,1,1,1,0.9888,0.9868,0.9136,0.9131,582.5,276.5,428.0,276.0,512.5,300.0,456.25,272.0,154.5008,62.8336,0.4067,1,1,112,1
112,3,0,2,1,1,1,0.9844,0.9854,0.8926,0.9023,993.0,349.5,851.5,348.5,952.5,392.5,907.5,381.5,141.5035,46.3249,0.3274,1,1,113,1
112,3,0,0,1,1,1,0.9873,0.9819,0.9053,0.8799,779.5,338.0,632.5,340.5,733.0,391.0,693.0,397.0,147.0213,40.4475,0.2751,1,1,113,1
112,3,0,1,1,1,1,0.9883,0.9873,0.9141,0.917,580.5,277.0,427.0,276.5,509.5,298.0,459.0,277.0,153.5008,54.6923,0.3563,1,1,113,1
113,3,0,0,1,1,1,0.9873,0.9829,0.9038,0.8838,779.5,336.5,629.0,341.0,730.5,396.5,690.0,394.5,150.5673,40.5494,0.2693,1,1,114,1
113,3,0,2,1,1,1,0.9858,0.9844,0.8994,0.8921,996.0,348.0,851.5,347.5,953.0,391.5,909.0,379.5,144.5009,45.607,0.3156,1,1,114,1
113,3,0,1,1,1,1,0.9849,0.9883,0.9058,0.9185,579.5,275.0,424.75,275.0,511.25,301.0,466.5,285.0,154.75,47.5243,0.3071,1,1,114,1
114,3,0,0,1,1,1,0.9878,0.9805,0.9097,0.8755,779.0,338.0,630.5,341.5,728.0,397.5,690.0,399.0,148.5412,38.0296,0.256,1,1,115,1
114,3,0,2,1,1,1,0.9849,0.9844,0.894,0.8936,993.0,348.0,852.5,347.0,954.0,390.5,908.5,376.5,140.5036,47.6051,0.3388,1,1,115,1
114,3,0,1,1,1,1,0.9888,0.9863,0.9175,0.9121,582.5,277.0,428.25,276.0,514.5,297.5,461.0,276.5,154.2532,57.4739,0.3726,1,1,115,1
115,3,0,0,1,1,1,0.9873,0.9824,0.9043,0.8843,779.5,338.0,631.5,340.5,729.0,391.5,692.0,402.5,148.0211,38.6005,0.2608,1,1,116,1
115,3,0,2,1,1,1,0.9844,0.9854,0.8853,0.897,993.0,349.0,853.0,348.0,954.0,392.0,908.0,379.5,140.0036,47.6681,0.3405,1,1,116,1
115,3,0,1,1,1,1,0.9858,0.9873,0.9106,0.9116,577.0,276.0,425.5,275.0,510.0,296.5,465.25,285.0,151.5033,46.204,0.305,1,1,116,1
116,3,0,0,1,1,1,0.9868,0.9819,0.9004,0.8799,779.0,338.5,630.5,341.5,728.5,398.0,692.0,401.5,148.5303,36.6674,0.2469,1,1,117,1
116,3,0,2,1,1,1,0.9824,0.9883,0.8599,0.897,995.0,346.5,850.5,347.0,950.0,389.5,909.5,384.0,144.5009,40.8718,0.2828,1,1,117,1
116,3,0,1,1,1,1,0.9883,0.9873,0.9126,0.915,578.5,277.0,427.0,276.5,511.75,296.0,460.5,278.0,151.5008,54.3191,0.3585,1,1,117,1
117,3,0,0,1,1,1,0.9883,0.9829,0.9092,0.8843,779.5,337.5,629.0,339.5,730.0,397.0,688.0,399.5,150.5133,42.0743,0.2795,1,1,118,1
117,3,0,2,1,1,1,0.9863,0.9849,0.9023,0.8979,993.5,349.0,852.5,347.0,952.5,393.0,908.5,377.0,141.0142,46.8188,0.332,1,1,118,1
117,3,0,1,1,1,1,0.9883,0.9868,0.9126,0.9131,581.0,276.0,428.0,276.0,512.0,300.0,456.5,277.5,153.0,59.8874,0.3914,1,1,118,1
118,3,0,0,1,1,1,0.9863,0.9829,0.8975,0.8853,778.5,339.0,629.5,341.0,732.0,393.5,694.5,398.5,149.0134,37.8319,0.2539,1,1,119,1
118,3,0,2,1,1,1,0.9839,0.9849,0.8862,0.897,992.5,349.0,851.0,347.0,952.5,389.5,911.5,374.0,141.5141,43.8321,0.3097,1,1,119,1
118,3,0,1,1,1,1,0.9888,0.9858,0.916,0.9092,581.5,279.0,428.25,276.5,509.5,296.0,460.75,275.5,153.2704,52.8849,0.345,1,1,119,1
119,3,0,0,1,1,1,0.9878,0.9819,0.9077,0.8823,779.0,339.0,629.5,340.0,734.5,396.0,692.0,401.5,149.5033,42.8544,0.2866,1,1,120,1
119,3,0,2,1,1,1,0.9844,0.9854,0.8901,0.8999,994.0,349.5,851.5,348.0,953.5,391.0,908.5,376.5,142.5079,47.2784,0.3318,1,1,120,1
119,3,0,1,1,1,1,0.9849,0.9873,0.9058,0.915,578.5,274.0,426.25,274.0,508.5,295.5,465.5,281.0,152.25,45.379,0.2981,1,1,120,1
120,3,0,0,1,1,1,0.9863,0.9819,0.9023,0.8838,778.0,339.0,629.5,342.5,735.5,399.5,689.0,403.0,148.5412,46.6315,0.3139,1,1,121,1
120,3,0,2,1,1,1,0.9844,0.9873,0.8765,0.8906,995.5,346.5,851.0,347.5,952.5,391.0,908.5,383.5,144.5035,44.6346,0.3089,1,1,121,1
120,3,0,1,1,1,1,0.9888,0.9858,0.917,0.9077,580.0,278.5,426.75,277.0,512.0,298.5,459.5,278.0,153.2573,56.3604,0.3678,1,1,121,1
121,3,0,0,1,1,1,0.9873,0.9805,0.9087,0.8779,778.0,339.0,629.0,341.0,731.5,394.5,691.0,401.0,149.0134,41.0183,0.2753,1,1,122,1
121,3,0,2,1,1,1,0.9839,0.9868,0.8774,0.8911,996.0,347.0,850.0,347.0,950.0,389.5,912.0,377.0,146.0,40.0031,0.274,1,1,122,1
121,3,0,1,1,1,1,0.9888,0.9863,0.9185,0.9097,580.5,279.0,428.0,277.5,513.0,299.0,456.5,279.0,152.5074,59.9354,0.393,1,1,122,1
122,3,0,0,1,1,1,0.9873,0.9819,0.9048,0.8813,779.0,338.5,628.5,340.5,731.5,398.0,689.0,403.5,150.5133,42.8544,0.2847,1,1,123,1
122,3,0,2,1,1,1,0.9844,0.9849,0.8916,0.897,993.5,349.5,853.0,348.0,953.5,389.5,910.0,374.5,140.508,46.0136,0.3275,1,1,123,1
122,3,0,1,1,1,1,0.9888,0.9868,0.9136,0.9087,581.5,276.0,429.5,277.0,510.75,298.0,458.5,275.5,152.0033,56.8886,0.3743,1,1,123,1
123,3,0,0,1,1,1,0.9863,0.9819,0.8999,0.8823,779.0,338.0,631.5,340.0,727.5,397.5,694.5,399.0,147.5136,33.0341,0.2239,1,1,124,1
123,3,0,1,1,1,1,0.9883,0.9863,0.9116,0.9097,581.0,277.0,426.5,277.0,513.0,295.0,460.0,277.5,154.5,55.8144,0.3613,1,1,124,1
123,3,0,2,1,1,1,0.9819,0.9878,0.8662,0.8989,996.0,347.5,852.0,348.5,951.0,386.0,914.5,378.0,144.0035,37.3664,0.2595,1,1,124,1
124,3,0,0,1,1,1,0.9863,0.9834,0.8984,0.8901,778.0,338.5,630.5,342.0,732.5,396.0,691.0,396.5,147.5415,41.503,0.2813,1,1,125,1
124,3,0,2,1,1,1,0.9824,0.9883,0.8677,0.9019,996.0,348.0,850.5,349.5,951.5,389.0,906.0,379.0,145.5077,46.5859,0.3202,1,1,125,1
124,3,0,1,1,1,1,0.9883,0.9873,0.9238,0.9102,573.5,275.0,424.25,274.0,515.5,294.0,467.75,281.5,149.2534,49.359,0.3307,1,1,125,1
125,3,0,0,1,1,1,0.9854,0.9839,0.8916,0.8931,778.0,337.5,630.5,340.0,731.0,398.0,696.5,395.0,147.5212,34.6302,0.2347,1,1,126,1
125,3,0,2,1,1,1,0.9839,0.9844,0.8896,0.897,993.0,347.5,852.5,346.0,952.0,390.5,907.0,378.0,140.508,46.7039,0.3324,1,1,126,1
125,3,0,1,1,1,1,0.9893,0.9858,0.9204,0.9087,581.0,278.0,427.5,278.0,513.0,299.0,458.0,276.0,153.5,59.6154,0.3884,1,1,126,1
126,3,0,0,1,1,1,0.9878,0.9814,0.9087,0.8779,780.0,339.0,630.0,341.0,731.0,391.5,691.0,399.0,150.0133,40.6971,0.2713,1,1,127,1
126,3,0,1,1,1,1,0.9873,0.9907,0.917,0.9248,576.0,272.0,422.0,274.5,513.5,298.5,468.75,283.0,154.0203,47.3583,0.3075,1,1,127,1
126,3,0,2,1,1,1,0.9829,0.9888,0.8633,0.9004,996.0,346.5,850.5,347.5,953.0,391.0,911.5,379.0,145.5034,43.2001,0.2969,1,1,127,1
127,3,0,0,1,1,1,0.9873,0.9819,0.9062,0.8804,778.0,339.0,629.5,340.5,734.0,396.0,695.0,398.5,148.5076,39.08,0.2632,1,1,128,1
127,3,0,2,1,1,1,0.9829,0.9863,0.8813,0.9077,991.5,349.5,850.0,348.5,953.5,389.0,911.0,372.5,141.5035,45.5906,0.3222,1,1,128,1
127,3,0,1,1,1,1,0.9888,0.9863,0.915,0.9116,580.0,278.0,427.5,277.0,514.0,300.5,459.25,278.0,152.5033,59.193,0.3881,1,1,128,1
128,3,0,2,1,1,1,0.9834,0.9878,0.8677,0.895,997.0,346.5,851.0,347.0,946.5,393.5,908.0,380.5,146.0009,40.6356,0.2783,1,1,129,1
128,3,0,1,1,1,1,0.9883,0.9873,0.9102,0.9155,580.0,277.0,427.25,278.0,511.75,298.5,459.75,275.0,152.7533,57.0636,0.3736,1,1,129,1
128,3,0,0,1,1,1,0.9878,0.9829,0.9028,0.8774,778.5,338.0,632.5,341.0,724.0,392.5,694.0,409.5,146.0308,34.4819,0.2361,1,1,129,1
129,3,0,0,1,1,1,0.9868,0.9829,0.9028,0.8877,778.0,337.5,630.5,341.5,728.5,397.5,694.0,392.5,147.5542,34.8604,0.2363,1,1,130,1
129,3,0,2,1,1,1,0.9829,0.9878,0.8687,0.8955,996.5,347.0,851.5,348.5,948.0,391.0,909.0,382.0,145.0078,40.025,0.276,1,1,130,1
129,3,0,1,1,1,1,0.9878,0.9902,0.9219,0.9243,579.0,272.5,422.75,273.0,513.5,298.0,466.0,282.5,156.2508,49.965,0.3198,1,1,130,1
130,3,0,2,1,1,1,0.9849,0.9839,0.896,0.894,992.5,349.5,851.0,347.0,952.0,391.0,911.5,374.0,141.5221,43.9232,0.3104,1,1,131,1
130,3,0,0,1,1,1,0.9878,0.981,0.9121,0.8774,779.0,339.0,631.0,342.0,731.5,394.5,690.5,395.0,148.0304,41.003,0.277,1,1,131,1
130,3,0,1,1,1,1,0.9849,0.9883,0.9028,0.918,577.0,275.0,425.0,274.5,511.25,299.0,465.5,281.0,152.0008,49.1636,0.3234,1,1,131,1
131,3,0,0,1,1,1,0.9888,0.9795,0.9189,0.8687,778.0,338.5,632.0,339.0,730.5,393.5,693.5,392.0,146.0009,37.0304,0.2536,1,1,132,1
131,3,0,2,1,1,1,0.9839,0.9858,0.8877,0.9014,993.0,349.0,851.0,347.5,955.5,391.5,905.5,377.5,142.0079,51.923,0.3656,1,1,132,1
131,3,0,1,1,1,1,0.9854,0.9873,0.9062,0.9116,577.0,276.0,426.25,275.0,512.5,297.0,466.0,284.0,150.7533,48.283,0.3203,1,1,132,1
132,3,0,0,1,1,1,0.9883,0.981,0.9126,0.875,779.0,339.0,630.5,341.0,732.0,399.0,693.5,396.0,148.5135,38.6167,0.26,1,1,133,1
132,3,0,2,1,1,1,0.9844,0.9849,0.8921,0.8975,993.0,349.0,851.0,347.0,954.5,392.5,906.5,383.0,142.0141,48.9311,0.3446,1,1,133,1
132,3,0,1,1,1,1,0.9849,0.9883,0.9067,0.918,579.0,275.0,426.0,274.0,513.0,296.5,468.0,283.0,153.0033,46.9814,0.3071,1,1,133,1
133,3,0,0,1,1,1,0.9883,0.981,0.9146,0.8794,779.5,337.5,634.0,340.5,732.5,394.5,691.0,393.5,145.5309,41.512,0.2852,1,1,134,1
133,3,0,2,1,1,1,0.9849,0.9854,0.895,0.9019,992.5,348.0,850.0,347.0,954.5,392.0,908.5,381.0,142.5035,47.2969,0.3319,1,1,134,1
133,3,0,1,1,1,1,0.9883,0.9868,0.9121,0.9136,579.5,277.0,426.5,277.0,512.0,296.0,461.25,277.0,153.0,54.1901,0.3542,1,1,134,1
134,3,0,0,1,1,1,0.9878,0.9819,0.9092,0.8789,778.5,338.0,632.0,341.5,732.0,398.0,691.5,392.0,146.5418,40.942,0.2794,1,1,135,1
134,3,0,2,1,1,1,0.9854,0.9849,0.8984,0.8984,993.5,348.0,852.0,347.5,951.5,391.0,907.0,382.0,141.5009,45.401,0.3209,1,1,135,1
134,3,0,1,1,1,1,0.9839,0.9883,0.9004,0.9194,577.5,275.0,424.75,274.0,511.75,296.0,466.75,283.5,152.7533,46.7039,0.3057,1,1,135,1
135,3,0,0,1,1,1,0.9878,0.9824,0.9087,0.8843,779.0,337.5,630.0,340.5,729.5,394.0,694.0,399.5,149.0302,35.9235,0.241,1,1,136,1
135,3,0,2,1,1,1,0.9829,0.9888,0.8667,0.9014,994.5,347.0,851.0,348.5,954.0,393.0,909.5,386.0,143.5078,45.0472,0.3139,1,1,136,1
135,3,0,1,1,1,1,0.9888,0.9863,0.918,0.9126,581.5,277.5,428.25,278.0,510.25,295.0,459.75,278.0,153.2508,53.2846,0.3477,1,1,136,1
136,3,0,0,1,1,1,0.9868,0.9824,0.9048,0.8862,779.0,338.0,632.0,341.0,731.0,391.0,694.5,394.5,147.0306,36.6674,0.2494,1,1,137,1
136,3,0,2,1,1,1,0.9849,0.9868,0.8911,0.9058,993.0,348.0,852.0,346.5,955.0,395.0,906.5,379.0,141.008,51.071,0.3622,1,1,137,1
136,3,0,1,1,1,1,0.9883,0.9863,0.9131,0.9102,582.0,276.5,429.25,277.0,513.0,295.5,460.0,275.0,152.7508,56.8265,0.372,1,1,137,1
137,3,0,0,1,1,1,0.9893,0.98,0.9204,0.8716,779.5,339.0,631.5,342.5,732.5,397.5,688.0,399.0,148.0414,44.5253,0.3008,1,1,138,1
137,3,0,2,1,1,1,0.9849,0.9854,0.894,0.9004,991.5,348.0,850.0,346.5,954.5,391.5,910.5,376.0,141.508,46.6503,0.3297,1,1,138,1
137,3,0,1,1,1,1,0.9858,0.9893,0.916,0.9194,579.0,274.0,422.25,274.0,514.0,300.0,469.25,282.0,156.75,48.2345,0.3077,1,1,138,1
138,3,0,0,1,1,1,0.9893,0.98,0.9189,0.8701,779.0,339.0,629.5,342.0,728.5,396.5,688.5,401.0,149.5301,40.2523,0.2692,1,1,139,1
138,3,0,2,1,1,1,0.9854,0.9849,0.8975,0.8979,993.5,348.5,852.0,347.5,952.0,386.5,913.5,370.0,141.5035,41.8868,0.296,1,1,139,1
138,3,0,1,1,1,1,0.9849,0.9883,0.8975,0.9116,577.5,275.5,425.75,275.0,509.25,295.5,466.75,284.0,151.7508,44.0284,0.2901,1,1,139,1
139,3,0,0,1,1,1,0.9873,0.9824,0.9048,0.8828,780.0,339.0,630.0,341.0,733.5,398.0,692.0,394.0,150.0133,41.6923,0.2779,1,1,140,1
139,3,0,2,1,1,1,0.9819,0.9888,0.8628,0.9053,995.0,345.5,850.5,349.0,948.0,387.5,912.5,375.0,144.5424,37.6364,0.2604,1,1,140,1
139,3,0,1,1,1,1,0.9883,0.9868,0.9116,0.9126,579.0,276.0,427.75,277.0,511.0,297.5,458.75,278.5,151.2533,55.5973,0.3676,1,1,140,1
140,3,0,0,1,1,1,0.9878,0.9814,0.9092,0.8784,780.5,339.5,632.5,342.5,731.0,398.0,691.5,389.0,148.0304,40.5123,0.2737,1,1,141,1
140,3,0,1,1,1,1,0.9849,0.9883,0.9023,0.916,577.5,275.5,425.25,275.0,508.5,295.0,466.0,283.5,152.2508,44.0284,0.2892,1,1,141,1
140,3,0,2,1,1,1,0.9819,0.9878,0.8613,0.897,995.0,346.5,851.0,348.5,948.0,390.5,909.5,378.0,144.0139,40.4784,0.2811,1,1,141,1
141,3,0,0,1,1,1,0.9893,0.9795,0.9194,0.8638,781.0,341.0,631.0,342.5,729.5,394.5,691.0,396.0,150.0075,38.5292,0.2568,1,1,142,1
141,3,0,2,1,1,1,0.9854,0.9844,0.9014,0.8975,993.5,348.5,852.0,346.5,953.0,392.0,906.5,381.0,141.5141,47.7834,0.3377,1,1,142,1
141,3,0,1,1,1,1,0.9883,0.9868,0.9121,0.9116,581.5,276.0,428.5,277.0,512.0,295.0,458.25,276.0,153.0033,57.0093,0.3726,1,1,142,1
142,3,0,0,1,1,1,0.9878,0.981,0.9106,0.8755,780.0,338.5,632.0,343.0,732.0,400.0,691.5,397.0,148.0684,40.611,0.2743,1,1,143,1
142,3,0,1,1,1,1,0.9883,0.9873,0.9116,0.9141,581.0,276.0,428.5,277.0,509.75,295.0,458.5,276.0,152.5033,54.6586,0.3584,1,1,143,1
142,3,0,2,1,1,1,0.9834,0.9883,0.8726,0.8989,996.0,346.0,851.5,347.5,948.5,386.5,907.0,384.0,144.5078,41.5752,0.2877,1,1,143,1
143,3,0,0,1,1,1,0.9888,0.9795,0.9185,0.8701,780.0,340.0,632.0,342.5,728.5,392.5,690.5,399.0,148.0211,38.5519,0.2604,1,1,144,1
143,3,0,2,1,1,1,0.9849,0.9854,0.895,0.9043,994.0,348.5,851.0,347.0,952.5,392.0,910.5,373.0,143.0079,46.0977,0.3223,1,1,144,1
143,3,0,1,1,1,1,0.9878,0.9897,0.9229,0.9229,579.0,272.0,424.5,272.0,516.0,292.5,466.5,283.0,154.5,50.4034,0.3262,1,1,144,1
144,3,0,0,1,1,1,0.9878,0.9829,0.9048,0.8818,779.5,339.0,630.0,341.0,733.0,400.5,692.0,396.0,149.5134,41.2462,0.2759,1,1,145,1
144,3,0,2,1,1,1,0.9839,0.9854,0.8862,0.9009,992.5,349.0,852.0,349.0,954.5,392.0,910.0,378.5,140.5,46.5027,0.331,1,1,145,1
144,3,0,1,1,1,1,0.9878,0.9868,0.9111,0.9126,580.0,277.0,429.0,276.5,512.5,296.0,458.25,278.5,151.0008,57.0027,0.3775,1,1,145,1
145,3,0,0,1,1,1,0.9873,0.9814,0.9033,0.8745,780.5,338.0,632.0,341.0,731.5,398.5,692.0,393.0,148.5303,39.8811,0.2685,1,1,146,1
145,3,0,2,1,1,1,0.9829,0.9854,0.8828,0.9014,993.0,348.0,852.0,348.0,953.5,390.5,907.5,378.5,141.0,47.5395,0.3372,1,1,146,1
145,3,0,1,1,1,1,0.9883,0.9868,0.9141,0.915,581.0,275.0,427.5,275.5,510.5,297.5,458.0,274.5,153.5008,57.3171,0.3734,1,1,146,1
146,3,0,2,1,1,1,0.9834,0.9878,0.8687,0.8945,995.5,346.5,851.0,348.5,951.0,389.0,910.0,378.0,144.5138,42.45,0.2937,1,1,147,1
146,3,0,0,1,1,1,0.9873,0.9824,0.9009,0.875,780.5,339.0,632.5,340.0,727.5,397.5,692.5,405.5,148.0034,35.9026,0.2426,1,1,147,1
146,3,0,1,1,1,1,0.9883,0.9854,0.918,0.9082,580.0,276.5,429.5,276.0,512.5,296.0,458.5,277.5,150.5008,57.0811,0.3793,1,1,147,1
147,3,0,0,1,1,1,0.9873,0.9819,0.9043,0.8809,780.0,339.0,631.0,340.5,728.5,397.0,693.0,394.0,149.0076,35.6265,0.2391,1,1,148,1
147,3,0,2,1,1,1,0.9844,0.9849,0.8911,0.8975,994.0,348.0,850.5,348.0,955.0,395.0,912.0,374.0,143.5,47.8539,0.3335,1,1,148,1
147,3,0,1,1,1,1,0.9888,0.9873,0.9136,0.9155,581.5,276.5,428.25,277.5,510.25,294.0,457.5,277.0,153.2533,55.4217,0.3616,1,1,148,1
148,3,0,2,1,1,1,0.9839,0.9873,0.8726,0.8926,996.0,347.5,851.5,348.0,953.5,394.5,911.5,379.5,144.5009,44.5982,0.3086,1,1,149,1
148,3,0,0,1,1,1,0.9888,0.9824,0.9097,0.8726,781.5,338.5,633.0,340.0,725.5,396.0,692.5,403.5,148.5076,33.8415,0.2279,1,1,149,1
148,3,0,1,1,1,1,0.9888,0.9858,0.9165,0.9072,580.0,276.5,428.25,276.5,510.5,296.0,458.25,278.5,151.75,55.1027,0.3631,1,1,149,1
149,3,0,0,1,1,1,0.9888,0.978,0.9194,0.8647,780.0,338.5,632.5,340.0,726.0,393.5,694.5,394.0,147.5076,31.504,0.2136,1,1,150,1
149,3,0,2,1,1,1,0.9849,0.9849,0.895,0.8975,994.5,349.0,850.5,347.0,956.0,394.5,908.5,380.0,144.0139,49.6639,0.3449,1,1,150,1
149,3,0,1,1,1,1,0.9883,0.9868,0.9136,0.9126,581.5,277.0,429.5,277.0,512.5,297.5,461.5,276.0,152.0,55.3466,0.3641,1,1,150,1
150,3,0,0,1,1,1,0.9883,0.979,0.9165,0.8691,780.5,339.0,633.5,340.5,732.0,396.5,693.5,396.0,147.0077,38.5032,0.2619,1,1,151,1
150,3,0,2,1,1,1,0.9829,0.9878,0.8696,0.895,997.0,345.0,851.5,347.5,953.0,392.5,910.5,383.5,145.5215,43.4425,0.2985,1,1,151,1
150,3,0,1,1,1,1,0.9878,0.9863,0.9082,0.9106,581.0,277.5,427.5,277.5,509.25,294.0,457.25,276.0,153.5,55.0273,0.3585,1,1,151,1
151,3,0,0,1,1,1,0.9873,0.981,0.9072,0.877,779.5,339.0,632.5,339.5,728.5,393.0,698.5,394.5,147.0009,30.0375,0.2043,1,1,152,1
151,3,0,2,1,1,1,0.9849,0.9858,0.8931,0.9028,992.5,348.5,850.0,346.5,956.0,396.5,909.0,376.0,142.514,51.2762,0.3598,1,1,152,1
151,3,0,1,1,1,1,0.9883,0.9873,0.9126,0.916,582.0,278.0,428.25,277.0,510.75,297.0,461.5,277.0,153.7533,53.156,0.3457,1,1,152,1
152,3,0,0,1,1,1,0.9878,0.98,0.9126,0.8711,779.5,338.0,630.5,340.0,730.5,392.5,690.0,401.0,149.0134,41.3824,0.2777,1,1,153,1
152,3,0,2,1,1,1,0.9834,0.9863,0.8862,0.9077,993.0,347.0,849.5,348.0,954.0,395.0,911.0,376.5,143.5035,46.8108,0.3262,1,1,153,1
152,3,0,1,1,1,1,0.9844,0.9883,0.8994,0.9165,580.0,275.0,426.25,274.0,512.0,299.5,466.0,281.0,153.7533,49.5807,0.3225,1,1,153,1
153,3,0,0,1,1,1,0.9883,0.98,0.9126,0.8682,780.0,338.0,631.0,341.0,726.5,392.0,691.0,393.0,149.0302,35.5141,0.2383,1,1,154,1
153,3,0,2,1,1,1,0.9839,0.9868,0.8774,0.8896,997.0,347.5,851.0,349.5,951.5,390.0,913.0,384.5,146.0137,38.8909,0.2664,1,1,154,1
153,3,0,1,1,1,1,0.9883,0.9858,0.9155,0.9097,581.0,277.5,429.25,276.0,512.0,299.5,460.0,279.5,151.7574,55.7136,0.3671,1,1,154,1
154,3,0,0,1,1,1,0.9878,0.9824,0.9072,0.8804,780.0,338.0,630.0,340.0,729.5,392.0,690.5,397.0,150.0133,39.3192,0.2621,1,1,155,1
154,3,0,2,1,1,1,0.9834,0.9883,0.873,0.8984,995.5,346.0,851.5,347.5,953.0,386.5,911.0,382.5,144.0078,42.19,0.293,1,1,155,1
154,3,0,1,1,1,1,0.9902,0.9873,0.9194,0.9092,578.0,277.0,426.25,278.0,514.0,297.5,462.75,277.5,151.7533,55.0142,0.3625,1,1,155,1
155,3,0,0,1,1,1,0.9873,0.98,0.9072,0.8711,780.0,338.0,629.5,339.5,730.5,391.5,691.0,400.0,150.5075,40.4042,0.2685,1,1,156,1
155,3,0,1,1,1,1,0.9883,0.9854,0.9141,0.9053,582.0,276.0,430.5,275.0,512.0,298.5,458.0,278.0,151.5033,57.7603,0.3812,1,1,156,1
155,3,0,2,1,1,1,0.9824,0.9878,0.8643,0.8945,996.0,347.5,850.5,346.5,951.0,387.5,913.0,381.0,145.5034,38.5519,0.265,1,1,156,1
156,3,0,0,1,1,1,0.9878,0.9834,0.9048,0.8833,779.0,336.5,628.5,339.0,731.0,396.5,691.0,395.5,150.5208,40.0125,0.2658,1,1,157,1
156,3,0,1,1,1,1,0.9883,0.9873,0.915,0.916,580.5,276.0,428.0,276.0,511.75,298.5,460.0,278.0,152.5,55.6625,0.365,1,1,157,1
156,3,0,2,1,1,1,0.9854,0.9844,0.897,0.8955,993.0,347.0,852.0,346.5,953.5,389.5,911.5,369.5,141.0009,46.5188,0.3299,1,1,157,1
157,3,0,0,1,1,1,0.9873,0.9829,0.9048,0.8843,780.0,338.5,631.0,340.5,730.0,396.5,691.5,397.0,149.0134,38.5032,0.2584,1,1,158,1
157,3,0,2,1,1,1,0.9839,0.9873,0.875,0.8926,995.5,346.0,852.5,347.5,952.0,389.0,914.0,374.5,143.0079,40.6725,0.2844,1,1,158,1
157,3,0,1,1,1,1,0.9844,0.9888,0.9028,0.9219,579.5,274.0,425.75,274.5,511.0,299.0,466.5,285.5,153.7508,46.5027,0.3025,1,1,158,1
158,3,0,0,1,1,1,0.9878,0.981,0.9097,0.8755,780.0,338.5,631.0,340.5,728.5,390.5,690.0,402.5,149.0134,40.3268,0.2706,1,1,159,1
158,3,0,1,1,1,1,0.9878,0.9883,0.9053,0.9204,580.0,277.0,426.5,278.0,511.75,298.0,462.75,279.5,153.5033,52.376,0.3412,1,1,159,1
158,3,0,2,1,1,1,0.9839,0.9854,0.8892,0.9009,995.0,349.5,854.0,348.0,954.0,392.0,916.0,367.5,141.008,45.2134,0.3206,1,1,159,1
159,3,0,0,1,1,1,0.9873,0.9805,0.9067,0.876,780.0,339.0,631.0,340.5,724.5,385.5,692.5,395.0,149.0076,33.3804,0.224,1,1,160,1
159,3,0,2,1,1,1,0.9839,0.9878,0.8735,0.8926,997.0,346.0,852.5,348.0,951.5,390.0,916.0,371.0,144.5138,40.2647,0.2786,1,1,160,1
159,3,0,1,1,1,1,0.9878,0.9868,0.9102,0.9131,582.0,276.0,427.75,278.0,512.0,295.5,458.5,276.5,154.263,56.7737,0.368,1,1,160,1
160,3,0,0,1,1,1,0.9878,0.9819,0.9097,0.8813,780.5,339.0,628.0,340.5,728.0,395.0,695.0,394.0,152.5074,33.0151,0.2165,1,1,161,1
160,3,0,2,1,1,1,0.9834,0.9883,0.8726,0.9009,998.0,346.5,852.5,347.5,950.0,391.0,911.0,376.5,145.5034,41.6083,0.286,1,1,161,1
160,3,0,1,1,1,1,0.9883,0.9863,0.9155,0.9141,582.0,276.0,428.75,276.5,513.0,298.5,460.5,276.0,153.2508,57.1183,0.3727,1,1,161,1
161,3,0,0,1,1,1,0.9878,0.9795,0.9126,0.8691,780.5,341.5,630.5,342.5,730.5,393.5,696.5,392.0,150.0033,34.0331,0.2269,1,1,162,1
161,3,0,2,1,1,1,0.9839,0.9849,0.8901,0.8984,994.5,347.5,853.5,345.5,954.0,390.0,910.0,371.5,141.0142,47.731,0.3385,1,1,162,1
161,3,0,1,1,1,1,0.9883,0.9863,0.915,0.9102,582.0,275.5,427.5,276.5,510.0,299.5,458.0,276.0,154.5032,57.0636,0.3693,1,1,162,1
162,3,0,0,1,1,1,0.9873,0.9814,0.9053,0.8794,779.5,339.0,630.5,341.5,729.5,394.0,693.5,391.0,149.021,36.1248,0.2424,1,1,163,1
162,3,0,1,1,1,1,0.9883,0.9873,0.917,0.9175,582.0,276.0,428.5,275.5,511.25,298.5,458.0,278.5,153.5008,56.882,0.3706,1,1,163,1
162,3,0,2,1,1,1,0.9863,0.9819,0.9097,0.8848,995.0,349.0,855.0,344.5,956.5,392.5,907.5,379.0,140.0723,50.8257,0.3629,1,1,163,1
163,3,0,0,1,1,1,0.9883,0.9829,0.9058,0.8774,780.0,338.0,631.0,340.0,725.5,393.0,695.0,404.5,149.0134,32.596,0.2187,1,1,164,1
163,3,0,2,1,1,1,0.9849,0.9878,0.8789,0.8931,998.0,346.0,850.5,347.0,953.5,389.0,910.0,380.0,147.5034,44.4213,0.3012,1,1,164,1
163,3,0,1,1,1,1,0.9854,0.9878,0.9087,0.916,576.5,275.5,424.0,274.0,510.0,299.0,466.75,282.0,152.5074,46.4711,0.3047,1,1,164,1
164,3,0,0,1,1,1,0.9888,0.9829,0.9082,0.876,780.0,339.5,632.0,341.5,726.0,396.5,694.0,404.0,148.0135,32.8672,0.2221,1,1,165,1
164,3,0,2,1,1,1,0.9844,0.9868,0.8818,0.8911,997.5,347.5,852.5,349.5,952.0,390.5,911.0,380.5,145.0138,42.2019,0.291,1,1,165,1
164,3,0,1,1,1,1,0.9868,0.9902,0.916,0.9243,578.0,274.0,422.0,274.0,513.0,298.0,468.75,283.0,156.0,46.7233,0.2995,1,1,165,1
165,3,0,0,1,1,1,0.9893,0.979,0.9194,0.8623,779.5,340.0,629.0,340.5,725.5,386.0,687.0,398.5,150.5008,40.4784,0.269,1,1,166,1
165,3,0,2,1,1,1,0.9849,0.9873,0.8809,0.8916,998.0,347.0,852.5,347.0,955.5,389.5,909.5,377.0,145.5,47.6681,0.3276,1,1,166,1
165,3,0,1,1,1,1,0.9849,0.9873,0.9072,0.9121,579.0,275.0,424.75,275.0,509.75,297.5,467.5,281.5,154.25,45.1781,0.2929,1,1,166,1
166,3,0,0,1,1,1,0.9888,0.9805,0.9141,0.8706,779.5,340.0,630.5,341.5,728.0,390.0,688.0,393.5,149.0076,40.1528,0.2695,1,1,167,1
166,3,0,1,1,1,1,0.9878,0.9873,0.9097,0.9165,579.5,276.0,426.5,277.5,511.75,299.0,460.5,278.0,153.0074,55.3856,0.362,1,1,167,1
166,3,0,2,1,1,1,0.9844,0.9873,0.8823,0.8936,997.0,347.5,852.5,348.5,952.0,384.5,912.5,373.0,144.5035,41.14,0.2847,1,1,167,1
167,3,0,0,1,1,1,0.9888,0.981,0.917,0.8745,779.0,338.0,631.0,340.0,733.0,395.0,687.0,401.5,148.0135,46.457,0.3139,1,1,168,1
167,3,0,2,1,1,1,0.9854,0.9868,0.8892,0.8901,997.0,348.5,853.5,348.5,954.0,389.0,910.0,377.5,143.5,45.478,0.3169,1,1,168,1
167,3,0,1,1,1,1,0.9888,0.9868,0.916,0.9126,580.5,274.5,428.0,276.0,511.25,298.0,460.0,277.0,152.5074,55.3856,0.3632,1,1,168,1
168,3,0,0,1,1,1,0.9878,0.981,0.9116,0.8779,778.5,338.5,632.0,340.0,732.0,396.0,692.0,398.0,146.5077,40.05,0.2734,1,1,169,1
168,3,0,2,1,1,1,0.9849,0.9858,0.8857,0.8862,998.0,348.5,854.0,349.0,953.0,391.0,911.0,378.5,144.0009,43.8207,0.3043,1,1,169,1
168,3,0,1,1,1,1,0.9883,0.9873,0.9136,0.9165,581.5,276.0,428.75,276.0,511.5,300.5,463.75,278.0,152.75,52.7855,0.3456,1,1,169,1
169,3,0,0,1,1,1,0.9863,0.9839,0.8896,0.8823,780.0,340.0,631.5,342.0,728.5,403.0,693.0,405.0,148.5135,35.5563,0.2394,1,1,170,1
169,3,0,1,1,1,1,0.9858,0.9888,0.9077,0.9194,575.5,274.0,423.75,274.0,510.0,296.5,468.0,284.0,151.75,43.8207,0.2888,1,1,170,1
169,3,0,2,1,1,1,0.9834,0.9868,0.875,0.8916,997.5,348.5,852.5,349.0,953.0,390.0,911.0,375.5,145.0009,44.4325,0.3064,1,1,170,1
170,3,0,0,1,1,1,0.9878,0.9814,0.9087,0.876,779.0,339.0,628.5,342.0,732.0,400.5,691.5,399.0,150.5299,40.5278,0.2692,1,1,171,1
170,3,0,2,1,1,1,0.9854,0.9858,0.8867,0.8828,997.0,348.5,852.5,348.5,950.0,387.0,913.0,375.5,144.5,38.746,0.2681,1,1,171,1
170,3,0,1,1,1,1,0.9888,0.9863,0.9175,0.9126,580.0,275.5,427.25,277.0,512.0,299.0,460.0,277.5,152.7574,56.2694,0.3684,1,1,171,1
171,3,0,0,1,1,1,0.9883,0.9805,0.9121,0.8735,779.0,339.0,630.0,341.0,729.5,391.0,688.0,395.0,149.0134,41.6923,0.2798,1,1,172,1
171,3,0,2,1,1,1,0.9839,0.9863,0.8789,0.8887,998.0,348.0,852.5,348.5,956.5,390.5,910.5,378.0,145.5009,47.6681,0.3276,1,1,172,1
171,3,0,1,1,1,1,0.9883,0.9897,0.9258,0.9253,576.5,274.0,423.5,272.0,516.0,297.0,467.5,283.0,153.0131,50.4802,0.3299,1,1,172,1
172,3,0,0,1,1,1,0.9883,0.981,0.9126,0.876,777.5,339.0,629.5,341.0,734.0,398.5,690.5,397.5,148.0135,43.5115,0.294,1,1,173,1
172,3,0,2,1,1,1,0.9854,0.9844,0.8994,0.894,995.5,349.5,855.5,346.5,955.0,389.5,910.0,375.5,140.0321,47.1275,0.3365,1,1,173,1
172,3,0,1,1,1,1,0.9883,0.9868,0.916,0.9146,579.5,276.5,428.0,278.0,510.75,298.5,459.5,278.0,151.5074,55.1979,0.3643,1,1,173,1
173,3,0,0,1,1,1,0.9878,0.9814,0.9116,0.8804,777.0,339.0,630.0,343.0,730.5,391.5,690.0,397.5,147.0544,40.942,0.2784,1,1,174,1
173,3,0,2,1,1,1,0.9849,0.9873,0.8828,0.8896,999.0,346.5,853.0,348.5,952.5,389.5,914.0,378.0,146.0137,40.1808,0.2752,1,1,174,1
173,3,0,1,1,1,1,0.9844,0.9888,0.9014,0.9204,575.0,275.5,424.25,274.5,510.75,293.0,467.5,282.0,150.7533,44.6269,0.296,1,1,174,1
174,3,0,0,1,1,1,0.9873,0.981,0.9082,0.877,776.5,339.5,627.5,342.0,731.0,398.0,694.5,395.0,149.021,36.6231,0.2458,1,1,175,1
174,3,0,2,1,1,1,0.9854,0.9839,0.9028,0.896,997.0,348.5,852.5,345.5,953.0,393.0,916.0,374.5,144.5311,41.3673,0.2862,1,1,175,1
174,3,0,1,1,1,1,0.9888,0.9868,0.9165,0.9141,580.0,276.0,427.75,277.0,510.5,296.5,460.75,278.5,152.2533,52.9062,0.3475,1,1,175,1
175,3,0,0,1,1,1,0.9878,0.9824,0.9092,0.8843,777.5,338.5,630.5,341.5,731.5,397.0,690.0,397.5,147.0306,41.503,0.2823,1,1,176,1
175,3,0,2,1,1,1,0.9849,0.9863,0.8838,0.8872,997.5,347.5,853.0,349.0,956.0,389.0,913.0,380.5,144.5078,43.8321,0.3033,1,1,176,1
175,3,0,1,1,1,1,0.9888,0.9868,0.9136,0.9121,579.5,275.0,427.75,276.0,513.0,298.5,461.5,277.5,151.7533,55.617,0.3665,1,1,176,1
176,3,0,0,1,1,1,0.9878,0.981,0.9097,0.8774,778.5,338.5,630.0,341.5,731.0,396.5,690.0,404.5,148.5303,41.7732,0.2812,1,1,177,1
176,3,0,2,1,1,1,0.9849,0.9858,0.8892,0.8843,999.0,349.0,852.0,349.5,956.5,387.5,911.5,377.5,147.0009,46.0977,0.3136,1,1,177,1
176,3,0,1,1,1,1,0.9878,0.9902,0.9199,0.9219,577.0,273.0,423.0,275.0,515.0,295.0,469.0,278.5,154.013,48.8697,0.3173,1,1,177,1
177,3,0,0,1,1,1,0.9883,0.9819,0.9106,0.8804,778.0,338.5,630.5,341.0,731.5,393.0,694.5,393.0,147.5212,37.0,0.2508,1,1,178,1
177,3,0,2,1,1,1,0.9863,0.9824,0.9106,0.8901,998.0,349.0,854.5,348.0,955.0,391.0,912.0,370.5,143.5035,47.6366,0.332,1,1,178,1
177,3,0,1,1,1,1,0.9873,0.9902,0.9165,0.9253,576.0,273.5,422.0,273.5,515.0,298.0,468.5,282.0,154.0,49.1757,0.3193,1,1,178,1
178,3,0,0,1,1,1,0.9883,0.9805,0.9146,0.874,778.0,339.0,632.0,342.0,730.5,393.5,689.0,408.0,146.0308,43.9602,0.301,1,1,179,1
178,3,0,2,1,1,1,0.9858,0.9839,0.9028,0.8916,998.5,348.5,853.5,348.0,954.5,394.0,917.5,367.5,145.0009,45.511,0.3139,1,1,179,1
178,3,0,1,1,1,1,0.9883,0.9868,0.915,0.9141,580.0,277.0,428.25,278.0,512.5,300.5,462.0,278.0,151.7533,55.2856,0.3643,1,1,179,1
179,3,0,0,1,1,1,0.9893,0.9785,0.9214,0.8638,777.5,337.0,630.0,340.5,729.0,393.0,687.5,402.5,147.5415,42.5735,0.2886,1,1,180,1
179,3,0,1,1,1,1,0.9883,0.9902,0.9248,0.9238,577.0,275.0,423.0,275.0,514.0,298.0,466.25,283.5,154.0,49.903,0.324,1,1,180,1
179,3,0,2,1,1,1,0.9854,0.9854,0.8901,0.8828,999.0,347.0,853.5,347.0,954.5,389.0,913.5,382.0,145.5,41.5933,0.2859,1,1,180,1
180,3,0,0,1,1,1,0.9883,0.981,0.9126,0.8779,778.0,337.0,630.0,342.0,726.5,395.5,692.0,393.0,148.0844,34.5905,0.2336,1,1,181,1
180,3,0,1,1,1,1,0.9883,0.9873,0.9102,0.9126,581.0,277.0,428.5,278.0,511.75,298.0,458.75,277.0,152.5033,57.0088,0.3738,1,1,181,1
180,3,0,2,1,1,1,0.9844,0.9868,0.8843,0.8921,1000.0,349.0,852.0,350.5,953.0,386.0,912.5,376.0,148.0076,41.7163,0.2819,1,1,181,1
181,3,0,0,1,1,1,0.9878,0.9814,0.9111,0.8789,776.5,338.5,629.0,342.5,729.0,398.0,692.0,393.0,147.5542,37.3363,0.253,1,1,182,1
181,3,0,2,1,1,1,0.9858,0.9863,0.8906,0.8862,998.0,349.5,853.5,349.5,950.5,388.5,912.0,378.0,144.5,39.9061,0.2762,1,1,182,1
181,3,0,1,1,1,1,0.9883,0.9868,0.9136,0.9141,579.0,276.0,426.0,279.0,508.75,298.0,458.5,277.0,153.0294,54.4616,0.3559,1,1,182,1
182,3,0,0,1,1,1,0.9883,0.981,0.9141,0.876,777.0,339.0,630.0,342.5,732.5,397.5,687.5,395.0,147.0417,45.0694,0.3065,1,1,183,1
182,3,0,2,1,1,1,0.9844,0.9868,0.8818,0.8911,999.0,349.5,853.5,349.0,952.0,387.0,911.5,373.5,145.5009,42.6907,0.2934,1,1,183,1
182,3,0,1,1,1,1,0.9883,0.9868,0.9146,0.9146,579.5,277.0,427.5,278.0,510.75,299.5,459.25,278.0,152.0033,55.8077,0.3671,1,1,183,1
183,3,0,0,1,1,1,0.9873,0.9819,0.9053,0.8843,777.5,337.0,631.0,343.0,732.0,399.0,690.5,394.0,146.6228,41.8001,0.2851,1,1,184,1
183,3,0,1,1,1,1,0.9888,0.9878,0.9146,0.9175,578.0,276.0,426.0,279.5,510.5,300.0,459.5,279.5,152.0403,54.9659,0.3615,1,1,184,1
183,3,0,2,1,1,1,0.9858,0.9844,0.9072,0.9004,998.0,348.5,853.5,347.0,952.5,393.0,915.0,373.0,144.5078,42.5,0.2941,1,1,184,1
184,3,0,0,1,1,1,0.9878,0.9814,0.9106,0.8809,777.5,337.5,633.0,342.0,730.0,398.0,687.0,396.5,144.5701,43.0262,0.2976,1,1,185,1
184,3,0,2,1,1,1,0.9844,0.9873,0.8818,0.894,999.0,349.0,853.5,350.0,953.5,391.0,912.5,374.0,145.5034,44.3847,0.305,1,1,185,1
184,3,0,1,1,1,1,0.9883,0.9897,0.9233,0.9204,576.0,273.5,421.5,274.5,514.0,299.0,467.0,281.0,154.5032,50.3289,0.3257,1,1,185,1
185,3,0,0,1,1,1,0.9888,0.9805,0.917,0.8765,777.0,338.0,630.0,341.0,730.0,396.0,690.0,393.5,147.0306,40.078,0.2726,1,1,186,1
185,3,0,1,1,1,1,0.9878,0.9878,0.9111,0.9204,578.0,276.5,427.0,278.0,513.0,301.5,459.25,278.0,151.0075,58.6627,0.3885,1,1,186,1
185,3,0,2,1,1,1,0.9844,0.9868,0.8823,0.8926,999.5,349.5,852.5,349.0,960.0,390.5,913.5,378.5,147.0009,48.0234,0.3267,1,1,186,1
186,3,0,0,1,1,1,0.9873,0.9819,0.9058,0.8813,777.0,339.5,628.0,343.0,732.5,398.0,686.0,397.0,149.0411,46.5108,0.3121,1,1,187,1
186,3,0,2,1,1,1,0.9849,0.9868,0.8867,0.894,999.0,348.0,854.5,347.5,956.0,391.0,910.0,381.5,144.5009,46.9707,0.3251,1,1,187,1
186,3,0,1,1,1,1,0.9873,0.9907,0.918,0.9297,576.0,273.0,421.5,274.5,510.75,295.5,468.5,281.5,154.5073,44.5091,0.2881,1,1,187,1
187,3,0,0,1,1,1,0.9883,0.9819,0.9106,0.8818,777.0,339.0,628.0,343.5,730.5,399.0,685.5,395.5,149.0679,45.1359,0.3028,1,1,188,1
187,3,0,2,1,1,1,0.9873,0.9829,0.9155,0.8926,997.5,351.0,855.5,347.5,958.5,393.0,911.5,372.5,142.0431,51.2762,0.361,1,1,188,1
187,3,0,1,1,1,1,0.9888,0.9863,0.9165,0.9111,579.0,276.0,427.75,279.0,509.5,297.5,459.25,275.5,151.2797,54.8549,0.3626,1,1,188,1
188,3,0,0,1,1,1,0.9878,0.9819,0.9082,0.8818,777.5,338.5,629.0,343.5,727.5,397.0,690.0,394.5,148.5842,37.5832,0.2529,1,1,189,1
188,3,0,2,1,1,1,0.9849,0.9873,0.8833,0.8931,999.0,349.0,853.5,350.5,954.0,389.0,914.5,375.0,145.5077,41.9076,0.288,1,1,189,1
188,3,0,1,1,1,1,0.9863,0.9907,0.9146,0.9292,576.0,273.0,422.25,276.0,510.5,296.5,466.75,281.0,153.7793,46.4146,0.3018,1,1,189,1
189,3,0,0,1,1,1,0.9873,0.9829,0.9058,0.8892,776.0,337.0,627.5,341.5,730.0,399.5,689.5,399.0,148.5682,40.5031,0.2726,1,1,190,1
189,3,0,2,1,1,1,0.9858,0.9854,0.9058,0.9033,999.0,348.5,854.0,346.0,954.0,391.0,916.5,370.5,145.0216,42.7376,0.2947,1,1,190,1
189,3,0,1,1,1,1,0.9878,0.9897,0.9253,0.9248,575.5,275.0,421.0,274.5,513.0,297.5,466.5,283.5,154.5008,48.5618,0.3143,1,1,190,1
190,3,0,0,1,1,1,0.9878,0.9805,0.9092,0.8735,777.0,337.5,628.5,341.5,729.5,394.5,687.0,399.5,148.5539,42.7931,0.2881,1,1,191,1
190,3,0,1,1,1,1,0.9868,0.9897,0.9165,0.9248,575.0,274.5,420.75,274.0,512.0,296.5,468.0,281.0,154.2508,46.6503,0.3024,1,1,191,1
190,3,0,2,1,1,1,0.9858,0.9829,0.9067,0.8906,998.0,350.0,854.5,347.0,953.0,392.0,914.0,375.0,143.5314,42.5441,0.2964,1,1,191,1
191,3,0,0,1,1,1,0.9878,0.9814,0.9097,0.8813,776.5,336.0,629.5,341.0,726.5,400.0,691.5,392.5,147.085,35.7946,0.2434,1,1,192,1
191,3,0,2,1,1,1,0.9844,0.9873,0.8813,0.8936,999.0,348.0,854.0,349.5,952.0,386.5,914.0,379.5,145.0078,38.6394,0.2665,1,1,192,1
191,3,0,1,1,1,1,0.9883,0.9854,0.9136,0.9082,578.0,274.0,427.0,276.5,508.75,295.5,461.25,276.0,151.0207,51.3469,0.34,1,1,192,1
192,3,0,0,1,1,1,0.9858,0.9834,0.894,0.8892,777.0,340.0,627.0,343.5,732.5,399.5,688.0,398.0,150.0408,44.5253,0.2968,1,1,193,1
192,3,0,2,1,1,1,0.9839,0.9863,0.8799,0.8901,999.0,348.5,853.0,349.0,956.0,387.0,913.0,378.0,146.0009,43.9318,0.3009,1,1,193,1
192,3,0,1,1,1,1,0.9878,0.9863,0.9111,0.9126,578.0,276.0,428.0,277.0,506.75,295.0,460.75,277.0,150.0033,49.3964,0.3293,1,1,193,1
193,3,0,0,1,1,1,0.9878,0.9814,0.9092,0.8804,776.5,339.0,629.0,343.5,734.0,398.0,687.0,395.5,147.5686,47.0664,0.3189,1,1,194,1
193,3,0,2,1,1,1,0.9844,0.9878,0.8804,0.896,999.0,348.5,852.5,348.5,953.0,389.5,911.0,380.5,146.5,42.9535,0.2932,1,1,194,1
193,3,0,1,1,1,1,0.9849,0.9878,0.9033,0.9155,577.0,275.0,424.0,275.0,508.0,295.0,467.25,283.5,153.0,42.3416,0.2767,1,1,194,1
194,3,0,0,1,1,1,0.9878,0.9814,0.9087,0.8789,778.0,339.5,629.5,343.0,728.5,391.0,686.5,399.0,148.5412,42.7551,0.2878,1,1,195,1
194,3,0,1,1,1,1,0.9883,0.9868,0.9082,0.9141,577.5,275.0,426.5,277.0,505.0,290.0,459.0,276.0,151.0132,48.0833,0.3184,1,1,195,1
194,3,0,2,1,1,1,0.9844,0.9873,0.8799,0.8931,999.5,348.0,854.5,348.0,953.5,390.0,913.5,381.0,145.0,41.0,0.2828,1,1,195,1
195,3,0,0,1,1,1,0.9883,0.9814,0.9121,0.8784,778.0,338.5,628.0,343.5,728.5,393.5,686.0,396.5,150.0833,42.6058,0.2839,1,1,196,1
195,3,0,2,1,1,1,0.9849,0.9868,0.8857,0.8911,999.5,348.0,854.0,348.0,953.5,388.5,915.0,379.5,145.5,39.538,0.2717,1,1,196,1
195,3,0,1,1,1,1,0.9849,0.9883,0.9038,0.9165,575.5,275.0,423.25,276.5,507.75,295.0,465.5,280.5,152.2574,44.6689,0.2934,1,1,196,1
196,3,0,0,1,1,1,0.9888,0.979,0.9189,0.8662,778.0,338.5,628.0,342.0,730.0,397.0,684.5,400.0,150.0408,45.5988,0.3039,1,1,197,1
196,3,0,2,1,1,1,0.9854,0.9839,0.9014,0.8955,997.5,351.5,855.0,347.5,957.0,391.5,912.0,376.5,142.5561,47.4342,0.3327,1,1,197,1
196,3,0,1,1,1,1,0.9873,0.9873,0.9146,0.9111,572.5,275.0,424.5,276.0,510.0,292.0,467.5,279.5,148.0034,44.3001,0.2993,1,1,197,1
197,3,0,0,1,1,1,0.9883,0.9805,0.9126,0.8716,778.0,339.0,628.5,342.5,731.0,400.0,688.5,398.5,149.541,42.5265,0.2844,1,1,198,1
197,3,0,1,1,1,1,0.9873,0.9897,0.9189,0.9209,575.5,273.0,422.0,274.0,510.25,292.0,466.0,279.0,153.5033,46.1201,0.3005,1,1,198,1
197,3,0,2,1,1,1,0.9839,0.9878,0.8784,0.8975,999.0,349.0,852.0,349.5,955.5,389.0,915.5,383.5,147.0009,40.3764,0.2747,1,1,198,1
198,3,0,0,1,1,1,0.9878,0.9824,0.9053,0.8799,778.0,335.5,629.0,340.0,729.0,398.0,690.0,396.5,149.0679,39.0288,0.2618,1,1,199,1
198,3,0,2,1,1,1,0.9854,0.9829,0.9048,0.8926,996.5,350.0,855.5,347.0,958.0,388.0,913.5,372.0,141.0319,47.289,0.3353,1,1,199,1
198,3,0,1,1,1,1,0.9883,0.9873,0.9229,0.9102,571.5,276.0,423.75,276.0,510.5,291.5,466.5,280.0,147.75,45.478,0.3078,1,1,199,1
199,3,0,0,1,1,1,0.9883,0.981,0.9131,0.877,778.0,337.0,629.0,340.0,729.5,400.0,684.5,398.5,149.0302,45.025,0.3021,1,1,200,1
199,3,0,2,1,1,1,0.9893,0.9839,0.9214,0.8906,999.0,352.5,853.0,347.0,957.5,390.0,913.5,372.0,146.1036,47.5395,0.3254,1,1,200,1
199,3,0,1,1,1,1,0.9883,0.9868,0.9106,0.9146,578.5,276.0,424.75,278.0,507.0,295.0,458.5,277.5,153.763,51.5606,0.3353,1,1,200,1
200,3,0,0,1,1,1,0.9883,0.9795,0.9155,0.8701,778.0,339.5,628.0,344.0,728.0,395.0,682.5,400.0,150.0675,45.7739,0.305,1,1,201,1
200,3,0,1,1,1,1,0.9878,0.9902,0.9175,0.9224,575.0,276.5,418.75,276.5,509.0,292.5,464.75,282.0,156.25,45.4787,0.2911,1,1,201,1
200,3,0,2,1,1,1,0.9858,0.9834,0.9043,0.8901,997.5,350.0,856.0,346.0,951.5,387.0,912.5,375.5,141.5565,40.6602,0.2872,1,1,201,1
201,3,0,0,1,1,1,0.9888,0.979,0.9165,0.8657,779.5,339.5,628.0,344.5,729.5,399.5,684.5,400.0,151.5825,45.0028,0.2969,1,1,202,1
201,3,0,2,1,1,1,0.9858,0.9834,0.9043,0.8906,997.0,352.0,854.0,348.5,953.5,390.5,907.5,373.5,143.0428,49.0408,0.3428,1,1,202,1
201,3,0,1,1,1,1,0.9849,0.9883,0.9048,0.9199,573.5,276.0,421.25,276.0,508.0,291.5,464.75,280.0,152.25,44.7528,0.2939,1,1,202,1
202,3,0,0,1,1,1,0.9883,0.9795,0.9165,0.8706,778.5,339.0,630.0,344.5,732.5,399.0,684.0,402.0,148.6018,48.5927,0.327,1,1,203,1
202,3,0,2,1,1,1,0.9849,0.9844,0.8989,0.897,996.0,349.5,854.5,346.5,953.0,388.5,911.5,368.0,141.5318,46.2871,0.327,1,1,203,1
202,3,0,1,1,1,1,0.9854,0.9883,0.9062,0.9194,574.5,275.5,422.5,276.5,508.0,294.5,465.5,280.0,152.0033,44.9055,0.2954,1,1,203,1
203,3,0,0,1,1,1,0.9888,0.981,0.9126,0.873,779.0,338.5,626.5,342.5,730.0,398.5,691.0,395.0,152.5524,39.1567,0.2567,1,1,204,1
203,3,0,2,1,1,1,0.9854,0.9849,0.8999,0.8975,996.0,351.5,852.5,347.5,954.0,390.0,909.5,373.0,143.5557,47.6366,0.3318,1,1,204,1
203,3,0,1,1,1,1,0.9858,0.9897,0.915,0.9243,575.0,276.0,418.0,276.5,509.0,295.5,465.25,281.5,157.0008,45.9354,0.2926,1,1,204,1
204,3,0,0,1,1,1,0.9878,0.981,0.9111,0.8779,777.5,338.5,628.5,343.0,732.0,400.5,690.5,392.0,149.0679,42.3615,0.2842,1,1,205,1
204,3,0,2,1,1,1,0.9844,0.9839,0.8989,0.8984,998.5,349.5,854.0,347.0,952.0,392.5,915.0,373.5,144.5216,41.5933,0.2878,1,1,205,1
204,3,0,1,1,1,1,0.9873,0.9897,0.9219,0.9243,574.0,276.0,420.75,275.5,510.0,292.5,464.5,282.5,153.2508,46.5859,0.304,1,1,205,1
205,3,0,0,1,1,1,0.9883,0.979,0.9165,0.8691,778.0,339.0,629.0,342.5,730.0,396.5,687.0,399.0,149.0411,43.0726,0.289,1,1,206,1
205,3,0,2,1,1,1,0.9858,0.9834,0.9053,0.8931,997.0,349.0,853.0,347.0,949.5,390.0,911.0,375.0,144.0139,41.3189,0.2869,1,1,206,1
205,3,0,1,1,1,1,0.9878,0.9897,0.9229,0.9253,574.0,274.5,419.5,274.5,508.5,290.0,464.75,283.5,154.5,44.2302,0.2863,1,1,206,1
206,3,0,0,1,1,1,0.9893,0.9775,0.9219,0.8604,778.0,338.5,628.0,342.5,731.5,396.5,688.5,399.0,150.0533,43.0726,0.287,1,1,207,1
206,3,0,2,1,1,1,0.9858,0.9839,0.9087,0.8975,997.0,349.0,853.0,346.0,951.0,392.5,914.5,375.0,144.0312,40.4784,0.281,1,1,207,1
206,3,0,1,1,1,1,0.9863,0.9907,0.9131,0.9297,575.0,274.0,419.0,274.5,510.5,292.0,464.25,282.5,156.0008,47.2156,0.3027,1,1,207,1
207,3,0,0,1,1,1,0.9878,0.9814,0.9087,0.8794,776.0,338.0,629.5,342.5,732.0,398.0,690.5,393.5,146.5691,41.7433,0.2848,1,1,208,1
207,3,0,2,1,1,1,0.9839,0.9873,0.8809,0.8945,997.5,348.0,853.0,347.0,950.0,387.0,909.0,388.0,144.5035,41.0122,0.2838,1,1,208,1
207,3,0,1,1,1,1,0.9878,0.9858,0.9106,0.9097,574.5,274.5,423.25,278.0,507.75,297.0,457.0,276.0,151.2905,54.9232,0.363,1,1,208,1
208,3,0,0,1,1,1,0.9883,0.9795,0.9165,0.8701,778.5,339.0,630.0,342.0,730.5,396.0,686.5,395.0,148.5303,44.0114,0.2963,1,1,209,1
208,3,0,2,1,1,1,0.9858,0.9834,0.9058,0.8901,995.5,352.0,854.5,348.5,953.5,391.0,911.5,373.0,141.0434,45.6946,0.324,1,1,209,1
208,3,0,1,1,1,1,0.9897,0.9858,0.9189,0.9019,573.5,277.0,423.75,281.0,509.25,293.5,462.5,278.5,149.8034,49.0975,0.3277,1,1,209,1
209,3,0,0,1,1,1,0.9883,0.981,0.9126,0.8755,777.0,338.5,628.5,342.0,730.5,398.0,689.0,392.5,148.5412,41.8629,0.2818,1,1,210,1
209,3,0,1,1,1,1,0.9873,0.9893,0.918,0.9194,573.5,276.0,419.0,276.0,509.0,292.5,465.25,282.5,154.5,44.8783,0.2905,1,1,210,1
209,3,0,2,1,1,1,0.9854,0.9844,0.9014,0.8965,995.0,348.0,852.5,347.0,951.0,394.0,914.5,373.0,142.5035,42.11,0.2955,1,1,210,1
210,3,0,0,1,1,1,0.9878,0.9805,0.9097,0.873,776.0,337.0,627.5,342.0,731.0,402.5,690.0,393.5,148.5842,41.9762,0.2825,1,1,211,1
210,3,0,2,1,1,1,0.9854,0.9839,0.9014,0.8901,995.5,350.0,853.0,347.5,950.0,390.5,913.0,373.5,142.5219,40.7185,0.2857,1,1,211,1
210,3,0,1,1,1,1,0.9834,0.9878,0.895,0.9155,574.0,275.5,422.5,275.0,506.0,290.0,464.75,281.5,151.5008,42.1167,0.278,1,1,211,1
211,3,0,0,1,1,1,0.9888,0.9785,0.9175,0.8652,778.0,339.0,629.0,343.5,727.5,399.0,689.5,395.5,149.0679,38.1608,0.256,1,1,212,1
211,3,0,1,1,1,1,0.9844,0.9878,0.8979,0.9136,573.5,275.5,422.5,276.5,506.0,295.0,466.5,283.5,151.0033,41.14,0.2724,1,1,212,1
211,3,0,2,1,1,1,0.9844,0.9849,0.8931,0.8984,993.5,349.5,852.0,348.0,954.5,395.5,911.5,373.0,141.508,48.5309,0.343,1,1,212,1
212,3,0,0,1,1,1,0.9883,0.9795,0.9141,0.8701,776.5,339.0,628.0,343.5,728.0,398.0,688.0,398.5,148.5682,40.0031,0.2693,1,1,213,1
212,3,0,2,1,1,1,0.9849,0.9844,0.896,0.8936,992.5,349.5,852.0,347.5,954.5,394.0,912.5,375.0,140.5142,46.0977,0.3281,1,1,213,1
212,3,0,1,1,1,1,0.9858,0.9897,0.9121,0.9258,574.0,273.5,418.5,275.0,511.75,293.0,464.5,282.0,155.5072,48.5135,0.312,1,1,213,1
213,3,0,0,1,1,1,0.9883,0.9805,0.9121,0.873,777.5,339.5,628.5,343.0,729.0,397.5,691.0,394.0,149.0411,38.1608,0.256,1,1,214,1
213,3,0,2,1,1,1,0.9854,0.9844,0.8989,0.894,993.0,348.5,851.0,346.0,953.0,393.5,907.0,380.0,142.022,47.9401,0.3376,1,1,214,1
213,3,0,1,1,1,1,0.9897,0.9858,0.9185,0.9048,574.5,278.5,421.75,280.0,507.5,296.0,464.25,278.5,152.7574,46.6563,0.3054,1,1,214,1
214,3,0,0,1,1,1,0.9878,0.98,0.9141,0.8755,778.0,337.0,629.0,341.0,727.5,397.0,687.5,394.0,149.0537,40.1123,0.2691,1,1,215,1
214,3,0,2,1,1,1,0.9839,0.9863,0.8877,0.9072,991.5,350.0,851.5,347.0,952.5,388.5,908.5,373.0,140.0321,46.6503,0.3331,1,1,215,1
214,3,0,1,1,1,1,0.9839,0.9883,0.8965,0.918,575.0,275.0,421.5,275.5,505.25,296.0,467.25,280.5,153.5008,41.0396,0.2674,1,1,215,1
215,3,0,0,1,1,1,0.9888,0.979,0.9185,0.8701,777.5,338.0,628.5,342.5,728.0,396.5,686.0,397.5,149.0679,42.0119,0.2818,1,1,216,1
215,3,0,2,1,1,1,0.9844,0.9849,0.8911,0.8984,993.0,350.0,851.5,347.5,954.0,391.0,908.5,375.0,141.5221,48.2312,0.3408,1,1,216,1
215,3,0,1,1,1,1,0.9868,0.9907,0.9165,0.9287,575.0,275.0,419.0,276.0,510.25,292.0,465.75,282.5,156.0032,45.5027,0.2917,1,1,216,1
216,3,0,0,1,1,1,0.9873,0.9829,0.9043,0.8862,777.5,338.0,628.5,343.5,728.0,399.0,690.0,391.0,149.1015,38.833,0.2604,1,1,217,1
216,3,0,2,1,1,1,0.9858,0.9849,0.8979,0.8921,993.0,347.0,851.5,345.0,953.0,393.5,905.5,381.0,141.5141,49.1172,0.3471,1,1,217,1
216,3,0,1,1,1,1,0.9888,0.9863,0.915,0.9126,576.0,275.0,423.25,277.5,506.75,291.5,456.75,275.5,152.7705,52.4976,0.3436,1,1,217,1
217,3,0,0,1,1,1,0.9878,0.9805,0.9087,0.8706,777.5,338.0,629.0,342.5,729.5,398.0,687.0,397.0,148.5682,42.5118,0.2861,1,1,218,1
217,3,0,2,1,1,1,0.9858,0.9844,0.8979,0.8931,992.0,348.0,851.0,345.0,953.5,392.0,906.0,383.0,141.0319,48.3451,0.3428,1,1,218,1
217,3,0,1,1,1,1,0.9873,0.9902,0.918,0.9248,573.0,273.0,418.0,275.5,510.5,291.5,465.0,280.5,155.0202,46.8108,0.302,1,1,218,1
218,3,0,0,1,1,1,0.9883,0.98,0.9141,0.8701,777.0,338.5,629.0,343.0,729.5,398.5,685.5,395.0,148.0684,44.139,0.2981,1,1,219,1
218,3,0,2,1,1,1,0.9863,0.9839,0.9004,0.8867,993.0,349.5,851.0,347.0,953.5,399.0,905.0,379.5,142.022,52.2733,0.3681,1,1,219,1
218,3,0,1,1,1,1,0.9883,0.9868,0.9116,0.9146,577.5,275.0,426.25,279.0,508.5,295.0,458.0,277.0,151.3029,53.612,0.3543,1,1,219,1
219,3,0,0,1,1,1,0.9868,0.981,0.9053,0.8765,778.5,338.0,631.5,343.0,727.5,394.0,689.5,389.0,147.085,38.3275,0.2606,1,1,220,1
219,3,0,2,1,1,1,0.9854,0.9844,0.8989,0.8965,992.0,350.0,851.0,345.5,956.0,397.5,904.5,381.0,141.0718,54.0786,0.3833,1,1,220,1
219,3,0,1,1,1,1,0.9863,0.9902,0.9131,0.9238,572.5,275.0,419.0,277.0,510.5,292.0,464.0,285.0,153.513,47.0239,0.3063,1,1,220,1
220,3,0,0,1,1,1,0.9883,0.9805,0.9111,0.8735,777.0,339.0,630.0,341.5,731.0,394.0,687.5,392.5,147.0213,43.5259,0.2961,1,1,221,1
220,3,0,2,1,1,1,0.9854,0.9844,0.8994,0.897,993.5,350.0,851.0,347.5,951.5,394.5,908.5,381.0,142.5219,45.0694,0.3162,1,1,221,1
220,3,0,1,1,1,1,0.9878,0.9863,0.9102,0.9126,576.5,276.0,422.75,277.5,504.0,293.0,456.25,276.5,153.7573,50.5204,0.3286,1,1,221,1
221,3,0,0,1,1,1,0.9878,0.9814,0.9111,0.8804,776.5,338.5,627.5,344.0,729.0,399.5,689.5,392.0,149.1015,40.2057,0.2697,1,1,222,1
221,3,0,2,1,1,1,0.9854,0.9844,0.8979,0.895,992.5,350.0,850.0,347.0,955.0,397.0,905.5,378.0,142.5316,53.0212,0.372,1,1,222,1
221,3,0,1,1,1,1,0.9844,0.9883,0.9023,0.9189,573.0,275.0,419.75,277.0,506.5,295.0,464.75,284.0,153.2631,43.1748,0.2817,1,1,222,1
222,3,0,0,1,1,1,0.9883,0.979,0.915,0.8691,777.0,339.0,629.0,344.0,729.0,397.5,689.5,395.5,148.0844,39.5506,0.2671,1,1,223,1
222,3,0,2,1,1,1,0.9854,0.9839,0.8984,0.8926,992.0,349.5,851.0,346.0,953.5,398.0,907.5,380.0,141.0434,49.3964,0.3502,1,1,223,1
222,3,0,1,1,1,1,0.9863,0.9907,0.9141,0.9282,573.0,274.0,417.75,276.5,512.5,296.5,463.0,284.0,155.2701,51.0539,0.3288,1,1,223,1
223,3,0,0,1,1,1,0.9883,0.981,0.9116,0.8755,776.5,338.0,628.0,342.0,730.0,397.0,686.0,395.0,148.5539,44.0454,0.2965,1,1,224,1
223,3,0,2,1,1,1,0.9849,0.9863,0.8892,0.9023,992.0,349.5,851.0,347.0,956.5,395.5,904.0,377.5,141.0222,55.5,0.3936,1,1,224,1
223,3,0,1,1,1,1,0.9868,0.9897,0.9185,0.9243,572.0,272.5,419.0,276.0,510.0,294.0,465.75,283.0,153.04,45.5967,0.2979,1,1,224,1
224,3,0,0,1,1,1,0.9883,0.9805,0.9136,0.8726,777.0,336.5,628.0,341.5,729.0,402.0,687.5,392.0,149.0839,42.6878,0.2863,1,1,225,1
224,3,0,2,1,1,1,0.9844,0.9854,0.894,0.9048,992.5,347.5,849.0,347.0,952.5,396.5,908.0,378.0,143.5009,48.1923,0.3358,1,1,225,1
224,3,0,1,1,1,1,0.9897,0.9863,0.9209,0.9082,575.0,276.0,424.5,280.0,510.0,297.5,464.5,276.5,150.5531,50.1124,0.3329,1,1,225,1
225,3,0,0,1,1,1,0.9873,0.9819,0.9028,0.8794,777.0,337.5,629.0,342.5,730.5,398.0,689.0,397.0,148.0844,41.512,0.2803,1,1,226,1
225,3,0,2,1,1,1,0.9858,0.9849,0.9019,0.8965,991.0,348.0,851.5,345.5,955.0,398.5,906.5,381.5,139.5224,51.3931,0.3684,1,1,226,1
225,3,0,1,1,1,1,0.9839,0.9878,0.9009,0.9189,574.0,274.0,422.5,277.0,507.0,293.0,466.25,284.0,151.5297,41.732,0.2754,1,1,226,1
226,3,0,0,1,1,1,0.9873,0.9814,0.9058,0.8784,778.0,337.0,629.0,343.0,729.0,402.5,687.0,396.5,149.1208,42.4264,0.2845,1,1,227,1
226,3,0,2,1,1,1,0.9849,0.9839,0.8984,0.8931,992.0,347.5,851.5,347.0,956.0,401.5,904.0,382.5,140.5009,55.3624,0.394,1,1,227,1
226,3,0,1,1,1,1,0.9858,0.9893,0.9131,0.9224,575.0,275.0,419.5,277.0,510.0,292.5,464.75,283.0,155.5129,46.2365,0.2973,1,1,227,1
227,3,0,0,1,1,1,0.9873,0.9819,0.9077,0.8818,777.0,337.0,631.0,344.0,729.0,398.5,685.5,399.0,146.1677,43.5029,0.2976,1,1,228,1
227,3,0,2,1,1,1,0.9839,0.9883,0.8687,0.8945,994.0,345.5,851.0,347.0,955.0,398.0,903.0,387.0,143.0079,53.1507,0.3717,1,1,228,1
227,3,0,1,1,1,1,0.9868,0.9897,0.9194,0.9253,574.0,276.0,419.25,277.0,507.75,292.5,465.5,280.5,154.7532,43.9211,0.2838,1,1,228,1
228,3,0,0,1,1,1,0.9883,0.981,0.9116,0.874,778.0,337.5,629.0,341.5,730.0,396.5,688.5,396.5,149.0537,41.5,0.2784,1,1,229,1
228,3,0,1,1,1,1,0.9878,0.9868,0.9058,0.9126,578.0,275.0,424.75,278.0,506.5,293.0,457.5,277.0,153.2794,51.5461,0.3363,1,1,229,1
228,3,0,2,1,1,1,0.9849,0.9854,0.8931,0.9009,991.0,347.0,850.5,345.0,953.0,400.5,907.5,381.5,140.5142,49.3077,0.3509,1,1,229,1
229,3,0,0,1,1,1,0.9878,0.9805,0.9106,0.874,779.0,339.0,628.5,343.5,728.0,396.0,686.5,394.5,150.5673,41.5271,0.2758,1,1,230,1
229,3,0,2,1,1,1,0.9839,0.9854,0.8906,0.9038,991.0,347.0,851.0,346.0,953.0,402.5,904.0,383.0,140.0036,52.7376,0.3767,1,1,230,1
229,3,0,1,1,1,1,0.9863,0.9902,0.9155,0.9282,575.0,274.0,419.25,274.0,510.5,293.5,462.0,286.0,155.75,49.0765,0.3151,1,1,230,1
230,3,0,0,1,1,1,0.9883,0.9795,0.9131,0.8682,777.5,338.5,629.5,342.5,733.0,395.5,690.0,396.5,148.054,43.0116,0.2905,1,1,231,1
230,3,0,2,1,1,1,0.9849,0.9854,0.8936,0.9004,992.0,349.0,850.5,346.0,952.5,396.0,905.0,381.0,141.5318,49.8121,0.352,1,1,231,1
230,3,0,1,1,1,1,0.9854,0.9897,0.9102,0.9224,572.0,274.0,416.75,275.0,508.0,298.5,464.0,285.5,155.2532,45.8803,0.2955,1,1,231,1
231,3,0,0,1,1,1,0.9888,0.979,0.917,0.8638,777.0,338.0,630.0,342.5,729.5,399.5,690.5,395.0,147.0689,39.2588,0.2669,1,1,232,1
231,3,0,2,1,1,1,0.9863,0.9839,0.9038,0.8936,992.5,351.0,851.0,346.5,954.5,394.0,902.5,381.5,141.5715,53.4813,0.3778,1,1,232,1
231,3,0,1,1,1,1,0.9858,0.9902,0.915,0.9268,571.0,273.5,417.25,275.0,508.5,298.0,465.0,283.0,153.7573,46.0136,0.2993,1,1,232,1
232,3,0,0,1,1,1,0.9858,0.9829,0.895,0.8857,777.0,337.0,629.0,342.0,731.5,403.0,692.0,390.5,148.0844,41.4307,0.2798,1,1,233,1
232,3,0,2,1,1,1,0.9854,0.9849,0.8975,0.8965,993.0,348.0,851.0,347.0,950.5,394.5,902.0,380.5,142.0035,50.4802,0.3555,1,1,233,1
232,3,0,1,1,1,1,0.9863,0.9897,0.917,0.9263,574.0,274.0,419.0,275.5,508.25,293.0,464.5,284.0,155.0073,44.6661,0.2882,1,1,233,1
233,3,0,0,1,1,1,0.9873,0.9814,0.9048,0.8774,778.0,338.0,630.5,342.0,733.5,397.5,686.5,396.5,147.5542,47.0106,0.3186,1,1,234,1
233,3,0,2,1,1,1,0.9849,0.9854,0.8955,0.9023,992.0,349.0,850.0,346.5,951.5,395.0,903.5,380.5,142.022,50.1423,0.3531,1,1,234,1
233,3,0,1,1,1,1,0.9868,0.9902,0.9146,0.9268,574.0,274.5,419.0,274.5,511.75,291.5,465.25,282.0,155.0,47.4605,0.3062,1,1,234,1
234,3,0,0,1,1,1,0.9878,0.9819,0.9082,0.8789,776.5,338.0,627.0,342.0,733.0,398.0,688.0,396.5,149.5535,45.025,0.3011,1,1,235,1
234,3,0,2,1,1,1,0.9849,0.9854,0.8975,0.9038,991.0,348.5,851.5,345.5,953.5,393.5,903.5,379.0,139.5323,52.0601,0.3731,1,1,235,1
234,3,0,1,1,1,1,0.9839,0.9878,0.9053,0.9204,575.0,275.0,421.0,275.0,507.5,295.0,466.75,283.0,154.0,42.4801,0.2758,1,1,235,1
235,3,0,0,1,1,1,0.9883,0.9814,0.9097,0.877,776.0,338.0,627.0,343.5,729.0,399.0,688.0,397.0,149.1015,41.0488,0.2753,1,1,236,1
235,3,0,2,1,1,1,0.9844,0.9878,0.8823,0.9009,994.0,346.5,851.0,347.0,953.5,395.0,903.5,386.0,143.0009,50.8035,0.3553,1,1,236,1
235,3,0,1,1,1,1,0.9863,0.9907,0.9146,0.9321,575.0,274.0,418.0,275.5,509.5,292.0,466.0,280.5,157.0072,44.9944,0.2866,1,1,236,1
236,3,0,0,1,1,1,0.9878,0.9795,0.9116,0.8711,777.5,338.5,629.0,343.5,727.5,396.5,688.5,395.0,148.5842,39.0288,0.2627,1,1,237,1
236,3,0,2,1,1,1,0.9849,0.9854,0.895,0.8994,993.0,348.5,850.5,346.0,951.5,394.0,903.0,380.0,142.5219,50.4802,0.3542,1,1,237,1
236,3,0,1,1,1,1,0.9883,0.9858,0.9155,0.9111,576.0,276.0,422.75,278.0,506.75,294.5,454.25,277.5,153.2631,55.1838,0.3601,1,1,237,1
237,3,0,0,1,1,1,0.9863,0.9819,0.9014,0.8857,777.5,339.0,630.0,342.5,729.5,397.5,688.0,396.5,147.5415,41.512,0.2814,1,1,238,1
237,3,0,2,1,1,1,0.9844,0.9854,0.8916,0.9014,992.5,348.0,851.0,346.0,952.5,391.0,903.0,385.5,141.5141,49.8046,0.3519,1,1,238,1
237,3,0,1,1,1,1,0.9849,0.9883,0.9019,0.9165,574.5,275.0,422.25,276.0,504.5,290.0,464.5,282.0,152.2533,40.7922,0.2679,1,1,238,1
238,3,0,0,1,1,1,0.9868,0.9814,0.9043,0.8818,778.0,338.5,630.0,342.5,731.5,397.5,689.5,391.0,148.054,42.5,0.2871,1,1,239,1
238,3,0,1,1,1,1,0.9858,0.9878,0.9072,0.9136,574.5,275.0,421.5,276.0,506.0,292.0,465.75,283.0,153.0033,41.2439,0.2696,1,1,239,1
238,3,0,2,1,1,1,0.9854,0.9854,0.8965,0.9009,993.0,348.0,852.0,345.0,952.5,393.0,902.5,383.5,141.0319,50.8945,0.3609,1,1,239,1
239,3,0,0,1,1,1,0.9873,0.9824,0.9028,0.8828,778.5,339.0,629.5,342.5,729.0,394.0,687.5,393.5,149.0411,41.503,0.2785,1,1,240,1
239,3,0,2,1,1,1,0.9844,0.9858,0.8901,0.9019,992.0,347.0,850.0,347.0,951.0,396.0,902.5,382.5,142.0,50.3438,0.3545,1,1,240,1
239,3,0,1,1,1,1,0.9868,0.9902,0.9141,0.9268,574.0,273.5,419.25,275.0,508.5,293.0,464.75,282.0,154.7573,45.1117,0.2915,1,1,240,1
240,3,0,0,1,1,1,0.9868,0.9824,0.9014,0.8862,779.0,339.0,630.0,343.0,731.0,394.5,686.0,394.5,149.0537,45.0,0.3019,1,1,241,1
240,3,0,2,1,1,1,0.9849,0.9854,0.8911,0.8994,992.0,348.0,852.0,347.0,953.0,393.5,903.5,381.5,140.0036,50.9338,0.3638,1,1,241,1
240,3,0,1,1,1,1,0.9883,0.9858,0.9126,0.9126,576.0,276.5,424.5,278.5,506.5,291.0,456.0,277.0,151.5132,52.4047,0.3459,1,1,241,1
241,3,0,0,1,1,1,0.9868,0.9824,0.9019,0.8833,777.0,338.0,628.5,342.0,730.0,398.0,688.0,390.5,148.5539,42.6644,0.2872,1,1,242,1
241,3,0,1,1,1,1,0.9873,0.9897,0.9224,0.9282,573.0,274.0,419.0,275.5,510.25,296.0,465.5,284.0,154.0073,46.331,0.3008,1,1,242,1
241,3,0,2,1,1,1,0.9849,0.9849,0.8955,0.8999,993.0,348.5,851.0,347.0,951.5,390.0,903.0,384.0,142.0079,48.8697,0.3441,1,1,242,1
242,3,0,0,1,1,1,0.9868,0.9824,0.9004,0.8843,778.0,338.0,630.0,343.0,729.5,400.0,690.5,393.0,148.0844,39.6232,0.2676,1,1,243,1
242,3,0,2,1,1,1,0.9824,0.9888,0.8643,0.9014,995.0,344.5,850.0,346.5,949.5,391.5,903.5,385.5,145.0138,46.3897,0.3199,1,1,243,1
242,3,0,1,1,1,1,0.9868,0.9907,0.9189,0.9302,575.0,274.0,419.0,275.5,511.0,296.5,464.75,282.5,156.0072,48.3225,0.3097,1,1,243,1
243,3,0,0,1,1,1,0.9868,0.9824,0.9014,0.8853,776.5,338.0,628.0,342.0,728.5,397.0,690.0,393.5,148.5539,38.6588,0.2602,1,1,244,1
243,3,0,2,1,1,1,0.9849,0.9854,0.8931,0.9019,993.0,349.5,851.5,347.0,950.0,391.0,903.0,379.5,141.5221,48.3865,0.3419,1,1,244,1
243,3,0,1,1,1,1,0.9863,0.9902,0.9146,0.9258,574.5,273.5,419.0,276.5,510.25,293.0,466.25,282.0,155.5289,45.3542,0.2916,1,1,244,1
244,3,0,0,1,1,1,0.9873,0.9819,0.9038,0.8823,778.0,338.0,628.5,342.5,729.5,398.0,688.0,392.5,149.5677,41.8629,0.2799,1,1,245,1
244,3,0,1,1,1,1,0.9834,0.9883,0.895,0.9204,574.5,274.0,421.25,276.0,505.5,294.0,465.5,281.5,153.2631,41.9076,0.2734,1,1,245,1
244,3,0,2,1,1,1,0.9844,0.9854,0.8911,0.8994,992.0,347.5,852.5,346.0,950.5,390.5,899.0,384.5,139.5081,51.8483,0.3717,1,1,245,1
245,3,0,0,1,1,1,0.9883,0.98,0.915,0.8745,777.0,337.0,630.0,342.0,729.0,399.5,688.0,399.5,147.085,41.0,0.2788,1,1,246,1
245,3,0,2,1,1,1,0.9849,0.9858,0.8901,0.9019,992.0,348.0,850.5,346.5,953.5,394.0,903.0,382.0,141.508,51.9062,0.3668,1,1,246,1
245,3,0,1,1,1,1,0.9893,0.9863,0.9189,0.9072,573.5,277.0,424.5,280.0,509.5,292.5,466.75,279.5,149.0302,44.6829,0.2998,1,1,246,1
246,3,0,0,1,1,1,0.9873,0.9819,0.9062,0.8828,778.0,338.0,629.5,343.0,732.0,398.0,689.5,398.0,148.5842,42.5,0.286,1,1,247,1
246,3,0,2,1,1,1,0.9849,0.9863,0.8921,0.9058,992.5,347.0,850.5,345.5,955.0,392.0,904.0,380.0,142.0079,52.3927,0.3689,1,1,247,1
246,3,0,1,1,1,1,0.9854,0.9902,0.9092,0.9272,573.0,274.0,419.25,276.0,509.75,289.5,465.75,282.5,153.763,44.5533,0.2898,1,1,247,1
247,3,0,0,1,1,1,0.9868,0.9814,0.9038,0.8789,777.5,338.0,630.0,343.0,731.0,399.5,685.5,391.5,147.5847,46.1979,0.313,1,1,248,1
247,3,0,2,1,1,1,0.9849,0.9844,0.8945,0.8965,992.0,347.0,850.0,347.0,952.0,397.0,904.0,383.0,142.0,50.0,0.3521,1,1,248,1
247,3,0,1,1,1,1,0.9839,0.9873,0.8989,0.9136,573.0,275.0,420.5,276.5,507.75,295.0,463.75,284.0,152.5074,45.3542,0.2974,1,1,248,1
248,3,0,0,1,1,1,0.9873,0.9819,0.9048,0.8809,777.5,337.0,629.5,341.5,730.5,396.0,688.5,393.0,148.0684,42.107,0.2844,1,1,249,1
248,3,0,2,1,1,1,0.9844,0.9854,0.8906,0.8999,993.0,347.0,850.0,346.0,953.5,396.0,906.5,382.5,143.0035,48.9004,0.342,1,1,249,1
248,3,0,1,1,1,1,0.9868,0.9893,0.9214,0.9233,574.0,274.5,419.5,276.5,511.5,293.5,466.5,277.5,154.5129,47.7598,0.3091,1,1,249,1
249,3,0,0,1,1,1,0.9878,0.9814,0.9087,0.8789,778.0,337.0,631.5,342.0,729.5,400.0,687.0,392.0,146.5853,43.2464,0.295,1,1,250,1
249,3,0,2,1,1,1,0.9844,0.9863,0.8862,0.9033,993.0,348.5,850.5,347.0,954.5,396.0,906.0,381.5,142.5079,50.6211,0.3552,1,1,250,1
249,3,0,1,1,1,1,0.9863,0.9897,0.9185,0.9253,574.0,274.0,419.5,275.0,511.0,294.0,467.0,279.5,154.5032,46.3276,0.2998,1,1,250,1
250,3,0,0,1,1,1,0.9858,0.9834,0.894,0.8882,776.0,338.0,630.0,342.5,731.0,398.0,691.5,399.0,146.0693,39.5127,0.2705,1,1,251,1
250,3,0,2,1,1,1,0.9839,0.9849,0.8872,0.8975,992.5,349.0,849.0,348.0,951.0,391.0,902.5,381.5,143.5035,49.4217,0.3444,1,1,251,1
250,3,0,1,1,1,1,0.9834,0.9883,0.8989,0.9204,574.0,274.0,423.0,277.0,508.25,296.0,465.0,282.0,151.0298,45.4595,0.301,1,1,251,1
251,3,0,2,1,1,1,0.9839,0.9854,0.8843,0.8975,992.0,348.5,851.0,347.5,955.0,393.0,902.5,383.5,141.0035,53.3526,0.3784,1,1,252,1
251,3,0,0,1,1,1,0.9878,0.9824,0.9058,0.876,776.5,336.5,632.0,340.0,726.0,398.0,696.0,406.0,144.5424,31.0483,0.2148,1,1,252,1
251,3,0,1,1,1,1,0.9839,0.9878,0.8975,0.9146,574.5,274.5,423.75,276.0,507.0,296.5,462.5,286.0,150.7575,45.722,0.3033,1,1,252,1
252,3,0,0,1,1,1,0.9868,0.98,0.9058,0.8755,778.0,338.5,629.5,343.0,728.0,398.5,689.5,391.0,148.5682,39.2237,0.264,1,1,253,1
252,3,0,2,1,1,1,0.9839,0.9858,0.8848,0.9023,991.0,347.0,849.5,345.5,954.5,392.5,901.5,384.0,141.508,53.6773,0.3793,1,1,253,1
252,3,0,1,1,1,1,0.9888,0.9863,0.9165,0.9146,578.0,274.0,425.0,278.0,509.5,301.5,456.5,276.0,153.0523,58.8154,0.3843,1,1,253,1
253,3,0,0,1,1,1,0.9873,0.9805,0.9082,0.8755,778.0,337.0,630.0,343.0,728.5,395.5,685.5,392.5,148.1216,43.1045,0.291,1,1,254,1
253,3,0,2,1,1,1,0.9844,0.9858,0.8906,0.9028,992.0,347.0,849.5,345.5,955.0,394.0,901.5,381.0,142.5079,55.0568,0.3863,1,1,254,1
253,3,0,1,1,1,1,0.9883,0.9863,0.9155,0.9141,578.0,274.0,426.25,277.0,508.0,296.5,457.75,277.0,151.7797,53.901,0.3551,1,1,254,1
254,3,0,0,1,1,1,0.9873,0.9824,0.9023,0.8809,776.5,337.0,627.5,342.0,732.0,402.0,690.5,395.5,149.0839,42.006,0.2818,1,1,255,1
254,3,0,2,1,1,1,0.9854,0.9849,0.9009,0.8989,993.0,348.5,850.0,348.0,953.0,394.5,904.5,383.0,143.0009,49.8448,0.3486,1,1,255,1
254,3,0,1,1,1,1,0.9878,0.9868,0.9058,0.9121,577.0,276.0,424.5,279.0,506.75,296.0,455.5,278.5,152.5295,54.1554,0.355,1,1,255,1
255,3,0,0,1,1,1,0.9873,0.9814,0.9033,0.8779,779.0,339.0,629.5,342.5,730.0,394.5,687.0,391.5,149.541,43.1045,0.2882,1,1,256,1
255,3,0,2,1,1,1,0.9844,0.9863,0.8877,0.9038,992.0,347.0,850.5,346.0,951.0,392.5,905.5,379.5,141.5035,47.3207,0.3344,1,1,256,1
255,3,0,1,1,1,1,0.9902,0.9858,0.9248,0.9038,575.5,278.5,423.0,281.0,507.75,294.0,464.5,279.5,152.5205,45.6159,0.2991,1,1,256,1
256,3,0,0,1,1,1,0.9873,0.9814,0.9072,0.8789,777.0,338.0,630.0,343.0,730.5,395.0,684.0,398.0,147.085,46.5967,0.3168,1,1,257,1
256,3,0,2,1,1,1,0.9839,0.9863,0.8843,0.9053,991.5,347.0,851.0,346.0,953.5,390.0,905.5,381.0,140.5036,48.8365,0.3476,1,1,257,1
256,3,0,1,1,1,1,0.9883,0.9863,0.9141,0.915,577.0,275.0,425.5,277.0,506.5,292.0,458.5,277.5,151.5132,50.1423,0.3309,1,1,257,1
257,3,0,2,1,1,1,0.9863,0.9839,0.9053,0.896,991.0,348.0,852.0,345.0,954.0,391.5,902.5,381.5,139.0324,52.4619,0.3773,1,1,258,1
257,3,0,0,1,1,1,0.9878,0.9834,0.9043,0.8843,777.0,337.5,633.0,340.0,729.0,394.5,689.5,406.5,144.0217,41.2826,0.2866,1,1,258,1
257,3,0,1,1,1,1,0.9868,0.9902,0.9185,0.9282,575.5,273.0,420.0,274.0,509.5,292.0,466.75,283.5,155.5032,43.5868,0.2803,1,1,258,1
258,3,0,0,1,1,1,0.9868,0.981,0.9053,0.8799,777.0,338.0,631.0,341.5,732.5,397.0,687.0,397.0,146.0419,45.5,0.3116,1,1,259,1
258,3,0,2,1,1,1,0.9849,0.9849,0.8936,0.8965,991.0,348.0,850.5,346.0,953.5,393.0,902.0,382.0,140.5142,52.6617,0.3748,1,1,259,1
258,3,0,1,1,1,1,0.9868,0.9897,0.916,0.9233,575.5,274.0,419.5,275.5,509.5,295.0,465.25,283.0,156.0072,45.8483,0.2939,1,1,259,1
259,3,0,0,1,1,1,0.9873,0.981,0.9062,0.874,778.0,338.0,630.5,342.0,731.0,398.5,687.0,397.0,147.5542,44.0256,0.2984,1,1,260,1
259,3,0,2,1,1,1,0.9829,0.9883,0.8638,0.8975,995.5,346.5,850.5,348.0,953.5,391.0,903.0,383.5,145.0078,51.0539,0.3521,1,1,260,1
259,3,0,1,1,1,1,0.9868,0.9873,0.9131,0.9106,569.5,275.5,423.0,276.0,508.75,291.5,467.75,281.5,146.5009,42.2019,0.2881,1,1,260,1
260,3,0,0,1,1,1,0.9878,0.981,0.9072,0.873,778.0,337.5,630.0,341.5,730.5,399.0,691.0,396.5,148.054,39.579,0.2673,1,1,261,1
260,3,0,2,1,1,1,0.9854,0.9854,0.896,0.8989,993.0,348.0,852.0,346.5,955.0,393.0,905.5,380.5,141.008,51.0539,0.3621,1,1,261,1
260,3,0,1,1,1,1,0.9863,0.9902,0.9126,0.9277,574.0,274.0,419.5,276.0,510.0,291.0,465.75,282.0,154.5129,45.156,0.2922,1,1,261,1
261,3,0,0,1,1,1,0.9868,0.9819,0.9028,0.8833,778.0,337.0,631.5,341.5,732.0,397.0,690.0,391.5,146.5691,42.3586,0.289,1,1,262,1
261,3,0,2,1,1,1,0.9844,0.9849,0.8945,0.8994,992.0,346.5,851.0,346.5,950.0,391.0,903.5,380.0,141.0,47.7834,0.3389,1,1,262,1
261,3,0,1,1,1,1,0.9888,0.9868,0.916,0.915,577.5,275.5,424.5,277.0,505.0,296.0,458.5,278.0,153.0074,49.8623,0.3259,1,1,262,1
262,3,0,0,1,1,1,0.9878,0.98,0.9121,0.8745,777.0,338.0,629.0,343.0,729.5,395.5,690.0,395.5,148.0844,39.5,0.2667,1,1,263,1
262,3,0,2,1,1,1,0.9849,0.9839,0.8989,0.8965,990.5,347.0,850.0,346.5,952.0,396.0,906.5,378.0,140.5009,48.9311,0.3483,1,1,263,1
262,3,0,1,1,1,1,0.9849,0.9878,0.9058,0.9175,573.5,275.5,423.25,277.0,504.75,291.5,467.25,280.0,150.2575,39.2237,0.261,1,1,263,1
263,3,0,0,1,1,1,0.9868,0.981,0.9038,0.8784,777.5,338.0,628.0,342.0,732.5,395.0,691.5,396.0,149.5535,41.0122,0.2742,1,1,264,1
263,3,0,2,1,1,1,0.9849,0.9863,0.8916,0.9048,991.5,347.0,851.5,345.0,956.0,395.5,901.0,385.0,140.0143,55.9933,0.3999,1,1,264,1
263,3,0,1,1,1,1,0.9883,0.9863,0.9106,0.9136,576.0,277.0,425.5,278.5,506.5,293.5,459.75,278.5,150.5075,49.0975,0.3262,1,1,264,1
264,3,0,0,1,1,1,0.9873,0.981,0.9077,0.8765,776.0,339.5,628.0,342.5,729.0,392.0,687.0,398.0,148.0304,42.4264,0.2866,1,1,265,1
264,3,0,2,1,1,1,0.9844,0.9844,0.895,0.8975,993.5,348.0,851.0,347.5,953.5,396.0,903.0,384.0,142.5009,51.9062,0.3643,1,1,265,1
264,3,0,1,1,1,1,0.9883,0.9868,0.9092,0.9141,579.0,274.5,424.75,278.0,508.25,294.0,460.5,276.0,154.2897,51.03,0.3307,1,1,265,1
265,3,0,0,1,1,1,0.9878,0.9805,0.9097,0.874,777.5,338.0,629.0,342.5,731.0,393.5,687.5,396.5,148.5682,43.6033,0.2935,1,1,266,1
265,3,0,2,1,1,1,0.9844,0.9858,0.8896,0.9028,991.5,349.0,851.0,345.5,954.5,392.0,901.5,385.5,140.5436,53.3971,0.3799,1,1,266,1
265,3,0,1,1,1,1,0.9873,0.9863,0.9102,0.9141,577.5,274.0,425.75,278.0,507.25,295.5,457.0,276.0,151.8027,53.901,0.3551,1,1,266,1
266,3,0,0,1,1,1,0.9883,0.9805,0.9126,0.8711,778.0,338.0,629.0,341.5,729.0,395.5,688.0,395.5,149.0411,41.0,0.2751,1,1,267,1
266,3,0,2,1,1,1,0.9854,0.9849,0.8965,0.8955,991.5,348.5,851.5,346.5,954.5,390.0,899.5,382.0,140.0143,55.5788,0.397,1,1,267,1
266,3,0,1,1,1,1,0.9839,0.9878,0.8994,0.9165,573.5,275.5,422.0,276.0,505.0,297.0,464.75,282.0,151.5008,42.9542,0.2835,1,1,267,1
267,3,0,0,1,1,1,0.9873,0.9814,0.9058,0.8784,776.5,337.0,629.0,341.5,732.5,396.5,685.5,397.5,147.5686,47.0106,0.3186,1,1,268,1
267,3,0,2,1,1,1,0.9849,0.9844,0.8984,0.8965,992.0,347.0,850.5,346.0,953.0,393.5,901.5,385.5,141.5035,52.1177,0.3683,1,1,268,1
267,3,0,1,1,1,1,0.9863,0.9902,0.9141,0.9268,574.5,274.5,419.0,277.0,509.5,293.5,463.5,281.5,155.5201,47.5395,0.3057,1,1,268,1
268,3,0,0,1,1,1,0.9873,0.9805,0.9077,0.8789,778.5,338.0,629.0,342.5,730.5,395.0,696.0,389.5,149.5677,34.9357,0.2336,1,1,269,1
268,3,0,2,1,1,1,0.9844,0.9868,0.8877,0.9097,990.5,347.5,849.5,346.0,956.0,392.0,904.5,381.5,141.008,52.5595,0.3727,1,1,269,1
268,3,0,1,1,1,1,0.9868,0.9868,0.9146,0.9097,570.0,274.5,422.5,277.0,508.0,290.5,467.5,280.0,147.5212,41.839,0.2836,1,1,269,1
269,3,0,0,1,1,1,0.9878,0.981,0.9102,0.8765,776.5,337.0,629.0,342.0,727.5,396.5,693.0,392.5,147.5847,34.7311,0.2353,1,1,270,1
269,3,0,1,1,1,1,0.9863,0.9902,0.9126,0.9238,574.0,273.5,420.25,275.0,511.0,291.5,464.75,282.0,153.7573,47.2156,0.3071,1,1,270,1
269,3,0,2,1,1,1,0.9829,0.9888,0.8662,0.9019,994.0,345.0,849.5,346.5,956.0,391.5,904.5,386.5,144.5078,51.7421,0.3581,1,1,270,1
270,3,0,0,1,1,1,0.9883,0.9795,0.916,0.874,775.5,338.0,628.0,342.5,730.0,397.0,691.5,401.0,147.5686,38.7072,0.2623,1,1,271,1
270,3,0,2,1,1,1,0.9849,0.9854,0.8984,0.9033,991.0,348.0,851.5,345.0,953.0,391.5,902.0,380.5,139.5323,52.1728,0.3739,1,1,271,1
270,3,0,1,1,1,1,0.9834,0.9878,0.9009,0.9209,574.0,275.0,422.25,276.0,506.25,293.0,465.5,284.0,151.7533,41.732,0.275,1,1,271,1
271,3,0,0,1,1,1,0.9873,0.981,0.9097,0.8804,777.0,337.5,628.0,341.0,731.0,398.5,691.0,396.5,149.0411,40.05,0.2687,1,1,272,1
271,3,0,2,1,1,1,0.9854,0.9858,0.8984,0.9048,990.5,348.0,850.0,346.0,955.0,391.0,902.5,380.0,140.5142,53.64,0.3817,1,1,272,1
271,3,0,1,1,1,1,0.9863,0.9897,0.9165,0.9238,574.5,275.5,419.75,276.0,510.75,291.0,463.75,284.0,154.7508,47.5184,0.3071,1,1,272,1
272,3,0,0,1,1,1,0.9878,0.9819,0.9097,0.8818,777.0,338.5,629.0,343.0,731.5,397.0,689.0,393.0,148.0684,42.6878,0.2883,1,1,273,1
272,3,0,2,1,1,1,0.9829,0.9888,0.8633,0.8999,996.0,346.0,850.0,346.5,953.5,394.5,902.5,383.5,146.0009,52.1728,0.3573,1,1,273,1
272,3,0,1,1,1,1,0.9839,0.9888,0.9019,0.9248,573.0,274.5,421.0,276.0,506.75,292.0,467.0,281.0,152.0074,41.2439,0.2713,1,1,273,1
273,3,0,0,1,1,1,0.9863,0.9824,0.8984,0.8862,776.0,338.0,628.5,343.5,730.5,396.5,687.0,397.0,147.6025,43.5029,0.2947,1,1,274,1
273,3,0,2,1,1,1,0.9858,0.9849,0.9009,0.8975,991.5,348.5,849.5,346.0,954.0,395.0,898.0,385.5,142.022,56.8001,0.3999,1,1,274,1
273,3,0,1,1,1,1,0.9873,0.9868,0.9053,0.9141,577.5,274.5,424.0,278.0,508.75,294.5,459.0,278.0,153.5399,52.4148,0.3414,1,1,274,1
274,3,0,0,1,1,1,0.9883,0.9795,0.9126,0.8682,777.0,338.0,629.0,343.0,730.0,395.0,687.0,396.0,148.0844,43.0116,0.2905,1,1,275,1
274,3,0,2,1,1,1,0.9854,0.9839,0.897,0.8906,992.0,348.5,850.0,345.0,956.0,396.0,899.0,384.0,142.0431,58.2495,0.4101,1,1,275,1
274,3,0,1,1,1,1,0.9834,0.9883,0.895,0.9189,573.5,275.0,422.0,275.0,508.25,292.5,467.5,282.5,151.5,41.9591,0.277,1,1,275,1
275,3,0,0,1,1,1,0.9878,0.9834,0.8999,0.8784,777.5,338.0,632.5,343.0,731.5,404.0,693.0,401.0,145.0862,38.6167,0.2662,1,1,276,1
275,3,0,2,1,1,1,0.9844,0.9849,0.8936,0.9004,991.0,350.0,851.5,347.0,953.0,391.0,902.5,378.0,139.5323,52.1464,0.3737,1,1,276,1
275,3,0,1,1,1,1,0.9839,0.9873,0.8984,0.915,573.0,273.0,421.25,273.5,505.0,291.5,467.25,283.0,151.7508,38.6951,0.255,1,1,276,1
276,3,0,0,1,1,1,0.9873,0.9824,0.9028,0.8813,778.0,338.0,628.0,342.5,733.5,400.0,688.5,394.0,150.0675,45.3982,0.3025,1,1,277,1
276,3,0,2,1,1,1,0.9839,0.9883,0.8745,0.8999,992.0,348.0,850.5,348.0,950.0,391.0,903.5,384.0,141.5,47.0239,0.3323,1,1,277,1
276,3,0,1,1,1,1,0.9878,0.9863,0.9097,0.9111,578.0,275.5,426.5,277.0,506.75,294.5,458.0,275.5,151.5074,52.3217,0.3453,1,1,277,1
277,3,0,0,1,1,1,0.9883,0.981,0.9116,0.8726,777.0,338.0,627.5,342.0,730.0,394.5,685.0,398.0,149.5535,45.1359,0.3018,1,1,278,1
277,3,0,2,1,1,1,0.9834,0.9883,0.8706,0.897,994.5,348.5,850.0,348.5,951.5,391.0,903.0,384.0,144.5,49.0026,0.3391,1,1,278,1
277,3,0,1,1,1,1,0.9878,0.9868,0.9214,0.9121,570.5,275.0,421.75,277.0,507.5,290.5,468.5,281.0,148.7634,40.1404,0.2698,1,1,278,1
278,3,0,0,1,1,1,0.9883,0.981,0.9121,0.8735,776.5,338.0,629.0,342.5,731.5,398.5,686.0,396.0,147.5686,45.5686,0.3088,1,1,279,1
278,3,0,2,1,1,1,0.9854,0.9849,0.8984,0.8979,991.0,350.0,850.0,346.0,952.5,393.5,906.0,378.5,141.0567,48.8595,0.3464,1,1,279,1
278,3,0,1,1,1,1,0.9878,0.9868,0.9121,0.917,578.0,277.5,424.5,279.0,507.25,296.0,460.0,278.5,153.5073,50.3866,0.3282,1,1,279,1
279,3,0,0,1,1,1,0.9878,0.98,0.9131,0.875,776.5,338.0,629.5,344.0,731.0,400.0,689.5,393.0,147.1224,42.0862,0.2861,1,1,280,1
279,3,0,2,1,1,1,0.9834,0.9858,0.8862,0.9019,991.5,347.5,850.5,344.5,952.5,393.0,902.0,380.5,141.0319,52.024,0.3689,1,1,280,1
279,3,0,1,1,1,1,0.9883,0.9858,0.917,0.9126,576.0,274.0,426.25,278.0,504.5,291.0,457.0,276.5,149.8034,49.6639,0.3315,1,1,280,1
280,3,0,0,1,1,1,0.9873,0.981,0.9092,0.8789,776.5,337.5,628.0,343.0,733.0,396.0,692.0,389.5,148.6018,41.512,0.2794,1,1,281,1
280,3,0,2,1,1,1,0.9854,0.9839,0.9014,0.8955,992.0,347.5,850.5,345.5,951.0,394.5,905.0,383.0,141.5141,47.4157,0.3351,1,1,281,1
280,3,0,1,1,1,1,0.9858,0.9907,0.9141,0.9307,574.5,273.5,420.75,275.0,508.75,293.0,466.25,280.5,153.7573,44.3001,0.2881,1,1,281,1
281,3,0,0,1,1,1,0.9873,0.9824,0.9048,0.8828,778.0,338.0,628.0,342.0,730.0,396.0,691.0,395.0,150.0533,39.0128,0.26,1,1,282,1
281,3,0,2,1,1,1,0.9849,0.9839,0.8989,0.8931,992.0,350.0,851.0,346.0,954.5,395.0,902.0,380.0,141.0567,54.6008,0.3871,1,1,282,1
281,3,0,1,1,1,1,0.9883,0.9868,0.9126,0.916,577.5,274.5,425.75,278.5,506.5,294.0,459.0,279.5,151.8027,49.6639,0.3272,1,1,282,1
282,3,0,0,1,1,1,0.9863,0.9824,0.9009,0.8857,777.5,339.0,629.0,344.0,733.0,398.5,691.0,385.0,148.5842,44.1163,0.2969,1,1,283,1
282,3,0,2,1,1,1,0.9844,0.9849,0.895,0.9004,991.5,349.0,851.0,346.0,953.5,396.5,902.0,381.0,140.532,53.782,0.3827,1,1,283,1
282,3,0,1,1,1,1,0.9878,0.9902,0.918,0.9248,573.0,275.0,419.5,276.0,511.0,292.5,466.5,282.5,153.5033,45.6098,0.2971,1,1,283,1
283,3,0,0,1,1,1,0.9883,0.98,0.9131,0.874,776.5,339.0,629.5,342.0,729.0,399.0,688.0,398.5,147.0306,41.003,0.2789,1,1,284,1
283,3,0,2,1,1,1,0.9829,0.9878,0.8701,0.8979,993.0,347.0,849.5,347.5,950.5,389.0,906.0,384.0,143.5009,44.78,0.3121,1,1,284,1
283,3,0,1,1,1,1,0.9863,0.9893,0.9175,0.9219,574.5,274.0,419.5,276.5,508.0,293.0,466.75,282.5,155.0202,42.5654,0.2746,1,1,284,1
284,3,0,0,1,1,1,0.9868,0.9814,0.9014,0.8765,777.0,338.5,629.5,341.5,729.5,395.0,690.5,396.5,147.5305,39.0288,0.2645,1,1,285,1
284,3,0,2,1,1,1,0.9844,0.9858,0.8916,0.9043,992.5,347.5,849.5,346.5,952.0,391.5,901.5,382.0,143.0035,51.3858,0.3593,1,1,285,1
284,3,0,1,1,1,1,0.9863,0.9907,0.9121,0.9292,573.0,273.5,418.75,275.0,509.5,292.0,464.5,281.5,154.2573,46.2088,0.2996,1,1,285,1
285,3,0,0,1,1,1,0.9868,0.9814,0.9043,0.8789,777.5,337.5,628.0,342.0,725.0,395.0,689.5,393.0,149.5677,35.5563,0.2377,1,1,286,1
285,3,0,1,1,1,1,0.9863,0.9878,0.9116,0.917,569.0,274.5,422.5,275.0,508.75,291.0,468.0,284.0,146.5009,41.3469,0.2822,1,1,286,1
285,3,0,2,1,1,1,0.9854,0.9849,0.8979,0.8994,991.5,349.5,851.0,346.0,952.0,390.0,900.5,383.0,140.5436,51.9736,0.3698,1,1,286,1
286,3,0,0,1,1,1,0.9873,0.9819,0.9053,0.8799,777.5,338.0,628.5,342.5,730.0,397.0,689.5,395.0,149.0679,40.5494,0.272,1,1,287,1
286,3,0,2,1,1,1,0.9849,0.9849,0.8975,0.9004,991.5,347.5,849.5,346.0,950.5,396.0,911.0,374.0,142.0079,45.2134,0.3184,1,1,287,1
286,3,0,1,1,1,1,0.9868,0.9873,0.918,0.9155,571.0,277.0,423.0,277.0,508.0,290.0,467.25,282.5,148.0,41.4344,0.28,1,1,287,1
287,3,0,0,1,1,1,0.9873,0.9824,0.9077,0.8853,777.0,338.5,628.5,342.5,729.0,399.0,689.5,393.5,148.5539,39.8811,0.2685,1,1,288,1
287,3,0,2,1,1,1,0.9849,0.9858,0.895,0.9048,992.0,347.0,849.5,346.0,951.5,396.0,906.0,379.5,142.5035,48.3994,0.3396,1,1,288,1
287,3,0,1,1,1,1,0.9868,0.9893,0.9209,0.9238,574.0,274.5,419.25,274.5,508.5,291.5,465.75,281.0,154.75,44.0206,0.2845,1,1,288,1
288,3,0,0,1,1,1,0.9873,0.9814,0.9062,0.8789,777.0,339.0,627.5,343.0,730.5,394.5,687.0,392.0,149.5535,43.5718,0.2913,1,1,289,1
288,3,0,2,1,1,1,0.9834,0.9883,0.8716,0.8994,995.0,347.0,850.5,346.5,952.0,394.5,901.5,387.5,144.5009,50.9828,0.3528,1,1,289,1
288,3,0,1,1,1,1,0.9854,0.9907,0.9067,0.9277,573.5,275.5,418.5,276.0,508.5,293.0,464.75,283.0,155.0008,44.8783,0.2895,1,1,289,1
289,3,0,0,1,1,1,0.9878,0.9824,0.9077,0.8818,776.5,339.0,627.0,343.5,731.0,396.5,687.0,394.5,149.5677,44.0454,0.2945,1,1,290,1
289,3,0,2,1,1,1,0.9844,0.9883,0.8789,0.8989,994.0,346.5,849.5,346.5,954.0,393.0,904.5,385.5,144.5,50.065,0.3465,1,1,290,1
289,3,0,1,1,1,1,0.9868,0.9902,0.9165,0.9258,573.0,273.0,420.0,275.0,509.25,292.0,467.0,280.0,153.0131,43.9211,0.287,1,1,290,1
290,3,0,0,1,1,1,0.9888,0.9795,0.916,0.8657,777.0,339.0,629.0,342.5,727.0,391.0,683.0,394.0,148.0414,44.1022,0.2979,1,1,291,1
290,3,0,2,1,1,1,0.9849,0.9849,0.8955,0.8979,990.5,350.0,850.0,346.0,954.5,395.0,901.5,379.0,140.5569,55.3624,0.3939,1,1,291,1
290,3,0,1,1,1,1,0.9844,0.9878,0.9038,0.918,574.5,276.0,421.75,276.5,505.5,294.0,468.0,281.5,152.7508,39.5285,0.2588,1,1,291,1
291,3,0,0,1,1,1,0.9883,0.98,0.9165,0.873,776.5,337.5,629.0,342.0,729.5,397.0,682.5,399.5,147.5686,47.0664,0.3189,1,1,292,1
291,3,0,2,1,1,1,0.9854,0.9854,0.8989,0.9014,991.5,349.0,850.5,346.5,953.5,395.0,901.0,380.5,141.0222,54.4656,0.3862,1,1,292,1
291,3,0,1,1,1,1,0.9873,0.9873,0.9062,0.918,575.0,274.0,423.0,277.0,507.75,295.0,457.25,277.0,152.0296,53.612,0.3526,1,1,292,1
292,3,0,0,1,1,1,0.9888,0.9829,0.9102,0.8779,777.5,336.5,631.0,340.0,721.5,395.5,688.0,403.0,146.5418,34.3293,0.2343,1,1,293,1
292,3,0,2,1,1,1,0.9844,0.9883,0.8794,0.8994,994.0,347.0,850.5,347.0,952.0,392.5,903.0,387.5,143.5,49.2544,0.3432,1,1,293,1
292,3,0,1,1,1,1,0.9868,0.9902,0.9175,0.9272,574.0,275.0,419.5,275.0,510.5,292.0,466.25,281.0,154.5,45.5967,0.2951,1,1,293,1
293,3,0,0,1,1,1,0.9883,0.981,0.9087,0.873,776.0,338.0,629.0,341.5,725.5,394.0,688.5,388.0,147.0417,37.4833,0.2549,1,1,294,1
293,3,0,2,1,1,1,0.9854,0.9839,0.8989,0.8926,991.0,349.5,851.0,346.5,956.5,395.0,906.5,378.5,140.0321,52.6522,0.376,1,1,294,1
293,3,0,1,1,1,1,0.9878,0.9878,0.9072,0.9194,577.5,274.5,424.0,277.5,504.25,293.5,455.0,276.5,153.5293,52.1015,0.3394,1,1,294,1
294,3,0,0,1,1,1,0.9878,0.981,0.9082,0.8755,777.0,339.0,628.0,342.0,726.5,393.5,686.5,394.0,149.0302,40.0031,0.2684,1,1,295,1
294,3,0,1,1,1,1,0.9863,0.9912,0.9141,0.9321,574.0,276.0,418.75,276.5,509.0,290.0,463.5,283.5,155.2508,45.9619,0.296,1,1,295,1
294,3,0,2,1,1,1,0.9844,0.9873,0.8804,0.8945,993.0,347.0,850.0,347.0,956.0,392.5,906.5,388.5,143.0,49.6614,0.3473,1,1,295,1
295,3,0,0,1,1,1,0.9888,0.979,0.916,0.8647,777.0,338.0,627.5,342.5,723.5,397.0,681.5,397.5,149.5677,42.003,0.2808,1,1,296,1
295,3,0,1,1,1,1,0.9893,0.9873,0.915,0.9106,574.5,277.5,422.5,279.5,506.5,294.0,465.75,281.0,152.0132,42.7734,0.2814,1,1,296,1
295,3,0,2,1,1,1,0.9844,0.9873,0.8828,0.8955,992.5,347.5,851.5,347.0,955.5,391.0,899.5,387.5,141.0009,56.1093,0.3979,1,1,296,1
296,3,0,0,1,1,1,0.9873,0.9819,0.9028,0.877,777.0,337.5,627.5,342.0,727.0,396.5,687.0,397.5,149.5677,40.0125,0.2675,1,1,297,1
296,3,0,2,1,1,1,0.9834,0.9883,0.873,0.8984,994.0,347.0,850.5,348.0,957.0,392.0,902.0,387.0,143.5035,55.2268,0.3848,1,1,297,1
296,3,0,1,1,1,1,0.9873,0.9873,0.9077,0.9185,577.5,274.0,423.75,278.0,503.75,295.0,456.75,275.0,153.802,51.0784,0.3321,1,1,297,1
297,3,0,0,1,1,1,0.9878,0.9814,0.9062,0.8765,775.0,338.0,626.5,344.0,729.0,394.0,682.0,400.5,148.6212,47.4473,0.3193,1,1,298,1
297,3,0,2,1,1,1,0.9854,0.9854,0.8984,0.9009,992.0,346.0,850.0,346.5,952.0,394.0,906.5,381.5,142.0009,47.1858,0.3323,1,1,298,1
297,3,0,1,1,1,1,0.9839,0.9883,0.8994,0.9189,573.5,275.0,422.25,276.5,506.0,293.0,462.75,283.5,151.2574,44.2811,0.2928,1,1,298,1
298,3,0,0,1,1,1,0.9873,0.981,0.9058,0.8755,776.5,336.5,627.5,341.0,727.5,397.5,686.0,396.5,149.0679,41.512,0.2785,1,1,299,1
298,3,0,2,1,1,1,0.9849,0.9868,0.8779,0.8853,994.0,347.0,850.5,347.5,951.5,396.0,903.5,387.5,143.5009,48.7468,0.3397,1,1,299,1
298,3,0,1,1,1,1,0.9834,0.9878,0.8931,0.9141,571.5,275.5,421.0,275.5,507.25,294.0,466.25,285.0,150.5,41.9762,0.2789,1,1,299,1
299,3,0,0,1,1,1,0.9883,0.979,0.9126,0.8662,776.5,339.0,628.0,345.0,724.0,394.5,685.5,398.0,148.6212,38.6588,0.2601,1,1,300,1
299,3,0,2,1,1,1,0.9849,0.9849,0.8955,0.8984,993.0,349.0,850.5,347.0,951.5,393.0,906.5,379.5,142.514,46.9814,0.3297,1,1,300,1
299,3,0,1,1,1,1,0.9897,0.9863,0.9199,0.9062,573.5,278.0,422.75,280.0,510.0,296.0,463.25,278.5,150.7633,49.9181,0.3311,1,1,300,1
