frame,raw_num_people,anomaly,track_id,conf_ok,boundary_ok,overlap_ok,conf_ls,conf_rs,conf_lw,conf_rw,ls_x,ls_y,rs_x,rs_y,lw_x,lw_y,rw_x,rw_y,shoulder_dist,wrist_dist,ratio,frontal,hands_now,consecutive_frames,confirmed
0,3,0,0,1,1,1,0.9863,0.9795,0.916,0.8828,953.0,349.5,832.0,349.0,924.5,396.0,879.5,376.0,121.001,49.2443,0.407,1,1,1,0
0,3,0,1,1,1,1,0.9912,0.9888,0.9414,0.9185,597.5,288.5,465.75,288.5,539.5,293.0,499.75,291.5,131.75,39.7783,0.3019,1,1,1,0
0,3,0,2,1,1,1,0.9878,0.9917,0.8906,0.9297,781.5,337.0,648.0,345.0,730.5,394.5,698.0,394.5,133.7395,32.5,0.243,1,1,1,0
1,3,0,0,1,1,1,0.9863,0.978,0.918,0.8789,954.5,349.0,833.0,348.5,928.0,399.5,880.5,366.0,121.501,58.1249,0.4784,1,1,2,0
1,3,0,1,1,1,1,0.9883,0.9893,0.9277,0.9263,596.0,292.5,464.0,291.5,539.5,294.0,501.25,294.0,132.0038,38.25,0.2898,1,1,2,0
1,3,0,2,1,1,1,0.9873,0.9927,0.8887,0.9268,779.0,336.0,648.0,343.5,720.5,397.0,699.5,404.0,131.2145,22.1359,0.1687,1,1,2,0
2,3,0,0,1,1,1,0.9878,0.9819,0.9224,0.8965,953.0,351.5,832.0,349.5,930.5,397.5,886.0,369.5,121.0165,52.5761,0.4345,1,1,3,0
2,3,0,1,1,1,1,0.9873,0.9907,0.9111,0.9341,596.5,291.0,463.5,292.0,540.5,292.5,504.5,288.5,133.0038,36.2215,0.2723,1,1,3,0
2,3,0,2,1,1,1,0.9873,0.9922,0.8926,0.9263,780.0,337.0,649.0,343.5,722.5,394.5,699.0,404.5,131.1612,25.5392,0.1947,1,1,3,0
3,3,0,0,1,1,1,0.9878,0.979,0.9214,0.8779,952.0,351.0,833.0,348.0,929.0,396.0,884.0,375.5,119.0378,49.4495,0.4154,1,1,4,0
3,3,0,1,1,1,1,0.9878,0.9893,0.9258,0.9248,595.0,292.0,465.5,291.0,540.0,293.0,501.25,292.5,129.5039,38.7532,0.2992,1,1,4,0
3,3,0,2,1,1,1,0.9834,0.9912,0.8784,0.9243,780.0,335.0,650.5,343.0,724.0,398.0,697.0,397.5,129.7469,27.0046,0.2081,1,1,4,0
4,3,0,0,1,1,1,0.9878,0.9775,0.9219,0.8711,951.5,350.0,832.0,348.0,928.0,394.0,888.5,365.5,119.5167,48.7083,0.4075,1,1,5,0
4,3,0,1,1,1,1,0.9883,0.9888,0.9287,0.9229,596.5,290.0,464.75,289.0,540.5,296.0,499.75,294.0,131.7538,40.7991,0.3097,1,1,5,0
4,3,0,2,1,1,1,0.9834,0.9912,0.8784,0.9258,781.0,335.0,651.0,343.0,721.5,396.0,698.0,400.0,130.2459,23.838,0.183,1,1,5,0
5,3,0,0,1,1,1,0.9858,0.9824,0.9121,0.8989,952.5,349.0,833.0,349.0,928.5,398.5,884.5,373.5,119.5,50.6063,0.4235,1,1,6,1
5,3,0,1,1,1,1,0.9878,0.9907,0.9253,0.9336,597.0,292.0,465.25,291.5,540.0,290.5,499.75,288.0,131.7509,40.3276,0.3061,1,1,6,1
5,3,0,2,1,1,1,0.9858,0.9907,0.894,0.9209,778.0,336.0,649.5,343.5,719.0,392.5,696.0,398.0,128.7187,23.6485,0.1837,1,1,6,1
6,3,0,0,1,1,1,0.9897,0.9897,0.9175,0.9141,953.0,347.0,834.5,349.5,909.0,394.5,891.5,376.5,118.5264,25.1048,0.2118,1,1,7,1
6,3,0,2,1,1,1,0.9854,0.9897,0.8931,0.916,779.0,335.0,652.0,342.5,715.0,390.5,698.0,401.5,127.2213,20.2485,0.1592,1,1,7,1
6,3,0,1,1,1,1,0.9883,0.9897,0.9297,0.9287,597.0,289.5,466.5,288.5,540.0,290.0,502.25,287.0,130.5038,37.869,0.2902,1,1,7,1
7,3,0,0,1,1,1,0.9868,0.9766,0.918,0.8706,951.5,350.5,833.0,350.5,929.5,396.0,885.5,373.5,118.5,49.4191,0.417,1,1,8,1
7,3,0,2,1,1,1,0.9868,0.9932,0.8809,0.9282,780.0,336.0,648.5,345.0,718.0,395.5,702.5,400.0,131.8076,16.14,0.1225,1,1,8,1
7,3,0,1,1,1,1,0.9922,0.9883,0.9517,0.9199,597.0,289.0,467.5,288.5,537.5,288.0,499.25,290.5,129.501,38.3316,0.296,1,1,8,1
8,3,0,1,1,1,1,0.9893,0.9893,0.9248,0.9253,598.0,291.0,467.0,291.0,541.5,292.5,502.0,291.0,131.0,39.5285,0.3017,1,1,9,1
8,3,0,0,1,1,1,0.9888,0.9907,0.9121,0.9214,953.0,347.0,834.0,351.0,911.0,391.0,888.0,376.5,119.0672,27.1892,0.2284,1,1,9,1
8,3,0,2,1,1,1,0.9858,0.9927,0.8784,0.9277,779.0,335.0,649.0,344.5,725.5,398.5,703.0,396.0,130.3467,22.6385,0.1737,1,1,9,1
9,3,0,0,1,1,1,0.9858,0.9795,0.9097,0.8809,951.5,352.0,832.0,349.5,930.5,398.5,886.0,374.5,119.5261,50.5594,0.423,1,1,10,1
9,3,0,1,1,1,1,0.9888,0.9883,0.9326,0.9214,595.0,292.5,465.5,289.5,540.0,293.5,502.0,294.0,129.5347,38.0033,0.2934,1,1,10,1
9,3,0,2,1,1,1,0.9854,0.9902,0.8916,0.916,778.5,336.0,652.0,343.0,720.0,392.0,697.5,397.0,126.6935,23.0489,0.1819,1,1,10,1
10,3,0,0,1,1,1,0.9878,0.9824,0.9229,0.8984,952.5,349.5,832.0,348.5,928.0,396.0,886.0,373.0,120.5041,47.8853,0.3974,1,1,11,1
10,3,0,2,1,1,1,0.9893,0.9888,0.9233,0.9214,782.5,340.0,649.0,344.0,739.0,394.5,696.0,388.0,133.5599,43.4885,0.3256,1,1,11,1
10,3,0,1,1,1,1,0.9917,0.9883,0.9473,0.9194,597.0,291.0,467.0,287.5,538.5,291.5,501.25,295.5,130.0471,37.4641,0.2881,1,1,11,1
11,3,0,0,1,1,1,0.9902,0.9912,0.9189,0.9224,953.0,346.5,833.0,350.0,909.5,388.5,890.0,378.0,120.051,22.1472,0.1845,1,1,12,1
11,3,0,2,1,1,1,0.9878,0.9927,0.8916,0.9277,781.0,337.5,647.5,345.5,722.0,396.5,703.0,403.0,133.7395,20.0811,0.1502,1,1,12,1
11,3,0,1,1,1,1,0.9883,0.9897,0.9194,0.9302,597.0,293.0,465.0,292.0,540.0,292.5,504.0,291.0,132.0038,36.0312,0.273,1,1,12,1
12,3,0,0,1,1,1,0.9873,0.9785,0.9199,0.8774,953.5,352.0,832.0,352.0,928.0,392.0,885.5,370.5,121.5,47.6288,0.392,1,1,13,1
12,3,0,1,1,1,1,0.9912,0.9897,0.9414,0.9248,598.0,289.0,466.75,288.5,536.5,290.0,499.75,297.0,131.251,37.4107,0.285,1,1,13,1
12,3,0,2,1,1,1,0.9849,0.9917,0.8862,0.9272,778.0,335.5,650.0,343.5,718.0,391.5,693.0,402.5,128.2498,27.313,0.213,1,1,13,1
13,3,0,0,1,1,1,0.9863,0.979,0.9131,0.8789,952.5,351.0,832.5,350.5,930.5,399.0,886.5,371.0,120.001,52.1536,0.4346,1,1,14,1
13,3,0,1,1,1,1,0.9883,0.9897,0.9175,0.9277,597.0,292.5,467.25,291.5,541.0,291.0,500.25,291.0,129.7539,40.75,0.3141,1,1,14,1
13,3,0,2,1,1,1,0.9863,0.9897,0.896,0.9248,780.5,339.5,648.5,346.5,729.5,393.0,696.0,389.5,132.1855,33.6823,0.2548,1,1,14,1
14,3,0,0,1,1,1,0.9858,0.981,0.9141,0.8921,950.5,349.5,833.0,349.0,929.0,393.0,887.0,372.5,117.5011,46.736,0.3977,1,1,15,1
14,3,0,1,1,1,1,0.9912,0.9888,0.9438,0.9209,598.0,291.0,468.0,289.0,539.0,289.5,499.25,296.0,130.0154,40.2779,0.3098,1,1,15,1
14,3,0,2,1,1,1,0.9868,0.9922,0.8843,0.9229,779.0,335.0,647.5,344.5,716.5,394.0,700.0,404.0,131.8427,19.2938,0.1463,1,1,15,1
15,3,0,1,1,1,1,0.9912,0.9883,0.9438,0.9189,596.0,290.5,468.75,288.0,537.5,290.0,500.5,294.5,127.2746,37.2726,0.2929,1,1,16,1
15,3,0,0,1,1,1,0.9863,0.981,0.9131,0.8901,952.5,352.5,832.0,351.0,928.0,393.5,886.0,378.0,120.5093,44.7689,0.3715,1,1,16,1
15,3,0,2,1,1,1,0.9878,0.9917,0.8916,0.9302,779.5,338.5,648.0,345.5,732.0,395.0,697.0,399.5,131.6862,35.2881,0.268,1,1,16,1
16,3,0,0,1,1,1,0.9868,0.981,0.9209,0.8926,951.5,350.5,832.5,350.0,932.0,392.5,887.5,366.5,119.0011,51.5388,0.4331,1,1,17,1
16,3,0,1,1,1,1,0.9883,0.9897,0.9175,0.9287,598.5,291.5,467.0,291.5,538.5,293.5,501.5,292.5,131.5,37.0135,0.2815,1,1,17,1
16,3,0,2,1,1,1,0.9834,0.9927,0.8726,0.9331,778.0,334.0,649.5,344.5,720.0,394.5,694.0,401.0,128.9283,26.8002,0.2079,1,1,17,1
17,3,0,0,1,1,1,0.9854,0.98,0.9106,0.8882,952.5,349.0,833.0,347.5,930.0,396.0,888.0,374.0,119.5094,47.4131,0.3967,1,1,18,1
17,3,0,1,1,1,1,0.9888,0.9883,0.9336,0.9199,599.0,292.0,467.25,289.0,540.5,291.0,500.5,296.5,131.7842,40.3764,0.3064,1,1,18,1
17,3,0,2,1,1,1,0.9863,0.9922,0.8813,0.9263,778.5,336.0,648.0,344.0,716.0,394.0,700.0,403.5,130.745,18.6078,0.1423,1,1,18,1
18,3,0,0,1,1,1,0.9873,0.9814,0.9204,0.8936,953.5,349.0,833.0,349.5,925.0,391.0,887.0,373.5,120.501,41.836,0.3472,1,1,19,1
18,3,0,1,1,1,1,0.9917,0.9888,0.9463,0.9229,597.5,291.0,467.75,287.5,539.0,293.0,500.5,298.5,129.7972,38.8909,0.2996,1,1,19,1
18,3,0,2,1,1,1,0.9863,0.9893,0.9004,0.9146,778.0,337.0,648.5,344.0,722.5,396.5,692.0,396.0,129.6891,30.5041,0.2352,1,1,19,1
19,3,0,1,1,1,1,0.9883,0.9902,0.915,0.9312,599.0,291.0,467.0,291.5,538.0,295.5,503.5,293.0,132.0009,34.5905,0.262,1,1,20,1
19,3,0,0,1,1,1,0.9868,0.9795,0.9199,0.8867,952.0,349.0,833.0,348.5,925.0,386.5,882.0,371.0,119.0011,45.7083,0.3841,1,1,20,1
19,3,0,2,1,1,1,0.9858,0.9883,0.9072,0.9097,777.0,338.0,648.0,342.0,731.5,391.5,696.0,397.0,129.062,35.9235,0.2783,1,1,20,1
20,3,0,1,1,1,1,0.9917,0.9888,0.9482,0.9233,597.5,290.5,468.5,288.5,540.0,293.5,499.75,296.0,129.0155,40.3276,0.3126,1,1,21,1
20,3,0,0,1,1,1,0.9863,0.98,0.9204,0.8931,952.0,349.0,833.5,349.5,923.0,385.0,884.5,373.5,118.5011,40.1808,0.3391,1,1,21,1
20,3,0,2,1,1,1,0.9868,0.9922,0.8882,0.9238,778.0,336.5,648.0,346.0,718.5,391.5,696.5,408.5,130.3467,27.8029,0.2133,1,1,21,1
21,3,0,0,1,1,1,0.9868,0.9814,0.9155,0.8926,953.5,348.0,833.0,349.0,926.0,393.0,887.0,369.0,120.5041,45.793,0.38,1,1,22,1
21,3,0,1,1,1,1,0.9917,0.9893,0.9448,0.9229,598.0,289.5,467.75,288.0,542.0,294.0,501.5,293.0,130.2586,40.5123,0.311,1,1,22,1
21,3,0,2,1,1,1,0.9849,0.9917,0.8828,0.9282,780.0,335.0,650.0,345.0,721.0,395.0,693.5,399.0,130.384,27.7894,0.2131,1,1,22,1
22,3,0,0,1,1,1,0.9878,0.98,0.9224,0.8853,952.5,349.0,835.0,348.5,926.5,394.0,884.5,371.0,117.5011,47.8853,0.4075,1,1,23,1
22,3,0,1,1,1,1,0.9917,0.9888,0.9448,0.9209,597.5,290.5,467.75,286.0,539.5,293.5,501.5,296.0,129.828,38.0821,0.2933,1,1,23,1
22,3,0,2,1,1,1,0.9839,0.9917,0.8799,0.9263,778.5,334.5,650.0,344.0,722.5,398.5,694.0,398.5,128.8507,28.5,0.2212,1,1,23,1
23,3,0,0,1,1,1,0.9863,0.9805,0.918,0.8926,952.0,350.0,833.0,349.5,927.0,390.0,889.0,371.5,119.0011,42.2641,0.3552,1,1,24,1
23,3,0,1,1,1,1,0.9878,0.9902,0.916,0.9307,598.5,291.0,465.75,289.0,540.5,293.5,506.0,290.5,132.7651,34.6302,0.2608,1,1,24,1
23,3,0,2,1,1,1,0.9849,0.9907,0.8882,0.9194,778.5,333.5,650.5,343.0,718.0,396.5,695.0,402.0,128.3521,23.6485,0.1842,1,1,24,1
24,3,0,0,1,1,1,0.9854,0.98,0.9082,0.8828,952.5,351.0,833.5,351.5,929.0,397.0,886.0,371.5,119.0011,49.9925,0.4201,1,1,25,1
24,3,0,1,1,1,1,0.9912,0.9888,0.9438,0.9209,599.5,290.0,468.0,288.0,538.0,293.5,501.5,295.0,131.5152,36.5308,0.2778,1,1,25,1
24,3,0,2,1,1,1,0.9834,0.9912,0.8789,0.9248,779.0,334.5,650.5,343.5,717.0,394.0,696.0,403.5,128.8148,23.0489,0.1789,1,1,25,1
25,4,1,1,1,1,1,0.9873,0.9893,0.9248,0.9263,598.0,293.0,466.5,291.0,543.0,299.5,499.0,294.0,131.5152,44.3424,0.3372,1,1,26,1
25,4,1,0,1,1,1,0.9902,0.9902,0.9224,0.9165,954.0,347.0,834.5,350.0,905.0,392.0,889.5,377.5,119.5377,21.225,0.1776,1,1,26,1
25,4,1,2,1,1,1,0.9878,0.9917,0.8921,0.9287,781.5,336.5,649.0,346.0,729.5,395.0,698.5,394.5,132.8401,31.004,0.2334,1,1,26,1
25,4,1,3,0,0,1,0.0098,0.0247,0.03,0.0698,1280.0,580.5,1264.0,578.5,1213.0,711.0,1215.0,704.0,16.1245,7.2801,0.4515,0,0,0,0
26,3,0,1,1,1,1,0.9883,0.9883,0.9214,0.9224,599.0,291.0,467.25,292.0,540.5,295.5,503.0,291.0,131.7538,37.769,0.2867,1,1,27,1
26,3,0,0,1,1,1,0.9863,0.9785,0.9111,0.875,950.5,351.5,832.5,350.5,929.0,394.5,887.0,375.5,118.0042,46.0977,0.3906,1,1,27,1
26,3,0,2,1,1,1,0.9868,0.9922,0.8843,0.9233,780.0,336.5,648.5,344.0,721.5,400.0,702.5,407.5,131.7137,20.4267,0.1551,1,1,27,1
27,3,0,1,1,1,1,0.9917,0.9888,0.9458,0.9204,598.5,289.5,467.75,289.0,538.0,292.0,503.75,294.0,130.751,34.3083,0.2624,1,1,28,1
27,3,0,2,1,1,1,0.9888,0.9917,0.8979,0.9297,781.5,338.0,648.5,345.0,731.5,402.5,701.5,401.5,133.1841,30.0167,0.2254,1,1,28,1
27,3,0,0,1,1,1,0.9873,0.98,0.9189,0.8813,953.0,350.0,833.0,350.5,930.0,397.0,886.5,373.5,120.001,49.4419,0.412,1,1,28,1
28,3,0,1,1,1,1,0.9912,0.9893,0.9429,0.9214,598.5,289.0,467.5,287.5,539.0,293.0,499.25,298.0,131.0086,40.0632,0.3058,1,1,29,1
28,3,0,0,1,1,1,0.9863,0.979,0.9141,0.8794,951.5,350.0,832.5,350.0,930.0,397.5,885.5,374.5,119.0,50.0924,0.4209,1,1,29,1
28,3,0,2,1,1,1,0.9878,0.9917,0.8931,0.9292,781.5,338.0,650.0,346.0,735.5,402.5,697.5,393.5,131.7431,39.0512,0.2964,1,1,29,1
29,3,0,0,1,1,1,0.9863,0.9805,0.9165,0.8906,951.5,350.0,832.0,350.5,928.5,395.0,885.5,375.5,119.501,47.2149,0.3951,1,1,30,1
29,3,0,1,1,1,1,0.9888,0.9897,0.9199,0.9292,597.0,292.0,466.75,293.0,540.0,292.0,504.25,290.5,130.2538,35.7815,0.2747,1,1,30,1
29,3,0,2,1,1,1,0.9883,0.9922,0.894,0.9331,781.0,337.5,650.0,346.0,733.5,396.0,696.0,397.0,131.2755,37.5133,0.2858,1,1,30,1
30,3,0,0,1,1,1,0.9873,0.9795,0.9204,0.8838,950.5,350.0,831.0,349.0,923.0,387.5,886.5,366.5,119.5042,42.11,0.3524,1,1,31,1
30,3,0,1,1,1,1,0.9888,0.9902,0.9312,0.9316,599.0,291.5,467.0,290.0,539.0,294.0,502.5,297.0,132.0085,36.6231,0.2774,1,1,31,1
30,3,0,2,1,1,1,0.9873,0.9897,0.9116,0.9175,778.0,337.0,650.0,342.0,722.0,394.0,692.0,402.0,128.0976,31.0483,0.2424,1,1,31,1
31,3,0,0,1,1,1,0.9868,0.9805,0.918,0.8911,951.0,352.0,831.5,351.0,931.5,399.0,888.5,368.0,119.5042,53.0094,0.4436,1,1,32,1
31,3,0,1,1,1,1,0.9907,0.9893,0.9424,0.9277,600.0,290.0,469.25,287.5,541.5,296.5,502.25,293.5,130.7739,39.3645,0.301,1,1,32,1
31,3,0,2,1,1,1,0.9854,0.9932,0.8755,0.9316,783.5,336.5,649.5,344.0,722.0,396.0,703.0,405.5,134.2097,21.2426,0.1583,1,1,32,1
32,3,0,0,1,1,1,0.9863,0.98,0.915,0.8862,951.5,350.5,830.0,350.5,929.5,402.0,888.0,369.5,121.5,52.7115,0.4338,1,1,33,1
32,3,0,1,1,1,1,0.9912,0.9897,0.9434,0.9277,599.0,289.0,469.5,287.5,540.0,295.0,501.0,295.5,129.5087,39.0032,0.3012,1,1,33,1
32,3,0,2,1,1,1,0.9878,0.9927,0.8892,0.9355,782.5,337.0,648.0,345.0,731.5,397.5,702.0,394.0,134.7377,29.7069,0.2205,1,1,33,1
33,3,0,1,1,1,1,0.9912,0.9897,0.9414,0.9263,599.5,289.5,468.0,287.5,539.0,295.0,502.5,295.0,131.5152,36.5,0.2775,1,1,34,1
33,3,0,0,1,1,1,0.9863,0.978,0.9165,0.8799,950.0,350.5,832.5,351.0,928.0,394.0,884.5,358.0,117.5011,56.4646,0.4805,1,1,34,1
33,3,0,2,1,1,1,0.9888,0.9922,0.9004,0.9331,782.0,336.5,650.0,345.5,730.0,391.0,698.0,402.0,132.3065,33.8378,0.2558,1,1,34,1
34,3,0,1,1,1,1,0.9878,0.9902,0.9141,0.9307,600.0,291.0,467.0,291.0,541.0,295.5,505.5,292.5,133.0,35.6265,0.2679,1,1,35,1
34,3,0,0,1,1,1,0.9858,0.98,0.9136,0.8892,951.5,353.0,832.0,352.0,926.0,392.0,887.5,366.5,119.5042,46.179,0.3864,1,1,35,1
34,3,0,2,1,1,1,0.9839,0.9917,0.8794,0.9277,780.0,334.0,651.5,343.0,718.5,392.0,696.0,405.0,128.8148,25.9856,0.2017,1,1,35,1
35,3,0,0,1,1,1,0.9907,0.9897,0.9253,0.9155,953.5,347.0,834.0,352.0,907.0,382.0,890.0,377.0,119.6046,17.72,0.1482,1,1,36,1
35,3,0,1,1,1,1,0.9878,0.9902,0.9141,0.9326,600.0,292.0,466.5,291.0,541.5,298.5,508.25,292.5,133.5037,33.787,0.2531,1,1,36,1
35,3,0,2,1,1,1,0.9858,0.9888,0.9048,0.9141,781.0,337.0,651.5,342.5,725.0,391.0,694.0,403.0,129.6167,33.2415,0.2565,1,1,36,1
36,3,0,0,1,1,1,0.9878,0.979,0.9238,0.8833,953.0,350.5,831.0,350.0,927.5,392.0,882.5,371.0,122.001,49.6588,0.407,1,1,37,1
36,3,0,1,1,1,1,0.9878,0.9907,0.9155,0.9341,599.0,291.0,466.0,291.0,542.0,296.0,505.5,292.0,133.0,36.7185,0.2761,1,1,37,1
36,3,0,2,1,1,1,0.9888,0.9922,0.9009,0.9312,783.0,337.0,650.0,344.5,728.5,394.0,698.0,397.5,133.2113,30.7002,0.2305,1,1,37,1
37,3,0,1,1,1,1,0.9878,0.9897,0.9272,0.9282,599.5,290.5,467.5,289.0,541.0,293.0,500.75,295.5,132.0085,40.3276,0.3055,1,1,38,1
37,3,0,2,1,1,1,0.9858,0.9883,0.9019,0.9111,782.0,337.0,652.0,343.0,723.5,391.5,696.0,399.0,130.1384,28.5044,0.219,1,1,38,1
37,3,0,0,1,1,1,0.9902,0.9902,0.9224,0.917,953.5,346.0,834.0,350.0,906.5,391.0,890.0,375.5,119.5669,22.6385,0.1893,1,1,38,1
38,3,0,1,1,1,1,0.9917,0.9888,0.9453,0.9214,600.0,289.5,470.0,288.0,538.5,294.0,501.5,299.5,130.0087,37.4066,0.2877,1,1,39,1
38,3,0,2,1,1,1,0.9893,0.9912,0.9062,0.9253,783.0,338.0,650.5,346.0,728.0,389.5,699.0,396.0,132.7413,29.7195,0.2239,1,1,39,1
38,3,0,0,1,1,1,0.9897,0.9907,0.918,0.9185,954.0,346.0,834.0,350.5,906.5,386.0,890.0,374.5,120.0843,20.1122,0.1675,1,1,39,1
39,3,0,1,1,1,1,0.9873,0.9907,0.9126,0.9346,599.0,290.0,466.0,291.0,541.0,294.0,508.5,291.0,133.0038,32.6382,0.2454,1,1,40,1
39,3,0,2,1,1,1,0.9878,0.9922,0.895,0.9331,783.0,336.5,650.0,345.0,728.5,390.0,699.5,396.5,133.2713,29.7195,0.223,1,1,40,1
39,3,0,0,1,1,1,0.9902,0.9902,0.9224,0.918,952.5,345.5,834.0,349.5,909.5,385.0,887.5,377.5,118.5675,23.2433,0.196,1,1,40,1
40,3,0,0,1,1,1,0.9907,0.9907,0.9233,0.9224,953.0,346.5,835.0,350.0,907.5,385.5,891.5,376.0,118.0519,18.6078,0.1576,1,1,41,1
40,3,0,2,1,1,1,0.9839,0.9917,0.8789,0.9287,782.5,334.5,653.0,343.0,721.0,387.5,696.5,400.5,129.7787,27.7354,0.2137,1,1,41,1
40,3,0,1,1,1,1,0.9888,0.9902,0.9194,0.9321,599.5,289.0,468.0,290.0,541.5,292.5,506.0,287.0,131.5038,35.9235,0.2732,1,1,41,1
41,3,0,1,1,1,1,0.9912,0.9897,0.9443,0.9272,599.0,290.5,468.5,288.5,542.0,296.0,503.5,297.5,130.5153,38.5292,0.2952,1,1,42,1
41,3,0,0,1,1,1,0.9902,0.9902,0.9214,0.916,953.0,346.5,833.5,350.0,901.0,385.0,887.5,374.0,119.5512,17.4141,0.1457,1,1,42,1
41,3,0,2,1,1,1,0.9814,0.9922,0.8657,0.9321,781.5,335.5,653.5,344.0,721.5,393.5,695.5,400.5,128.2819,26.9258,0.2099,1,1,42,1
42,3,0,0,1,1,1,0.9863,0.9814,0.917,0.8955,952.5,348.0,834.0,348.5,923.0,388.5,885.5,367.0,118.5011,43.2261,0.3648,1,1,43,1
42,3,0,1,1,1,1,0.9907,0.9902,0.9399,0.9302,599.5,289.5,469.5,287.5,541.0,293.5,504.25,297.0,130.0154,36.9163,0.2839,1,1,43,1
42,3,0,2,1,1,1,0.9829,0.9912,0.876,0.9272,782.0,334.5,654.0,344.0,721.0,392.0,694.5,402.0,128.3521,28.324,0.2207,1,1,43,1
43,3,0,0,1,1,1,0.9902,0.9907,0.9204,0.9204,952.5,345.5,833.0,350.0,904.5,382.5,889.0,380.5,119.5847,15.6285,0.1307,1,1,44,1
43,3,0,1,1,1,1,0.9873,0.9902,0.9116,0.9346,601.0,289.0,467.0,290.0,539.5,295.0,507.25,290.5,134.0037,32.5624,0.243,1,1,44,1
43,3,0,2,1,1,1,0.9829,0.9917,0.8765,0.9277,783.0,334.5,653.5,343.5,721.0,396.0,696.0,403.0,129.8124,25.9615,0.2,1,1,44,1
44,3,0,0,1,1,1,0.9863,0.979,0.9155,0.8828,950.0,351.0,832.5,349.0,932.0,393.5,887.0,361.5,117.517,55.2178,0.4699,1,1,45,1
44,3,0,1,1,1,1,0.9917,0.9893,0.9463,0.9243,599.0,290.5,469.25,288.0,541.5,296.0,507.25,292.5,129.7741,34.4284,0.2653,1,1,45,1
44,3,0,2,1,1,1,0.9839,0.9912,0.8813,0.9263,784.0,336.0,653.5,344.0,724.0,392.5,694.0,397.5,130.745,30.4138,0.2326,1,1,45,1
45,3,0,2,1,1,1,0.9888,0.9917,0.8984,0.9272,784.0,338.5,650.5,346.0,730.5,391.0,696.5,396.0,133.7105,34.3657,0.257,1,1,46,1
45,3,0,1,1,1,1,0.9883,0.9902,0.9189,0.9307,598.0,290.0,467.5,290.0,541.5,292.0,506.75,290.0,130.5,34.8075,0.2667,1,1,46,1
45,3,0,0,1,1,1,0.9902,0.9897,0.9224,0.9141,953.5,347.0,834.5,351.0,907.0,388.0,889.0,371.0,119.0672,24.7588,0.2079,1,1,46,1
46,3,0,1,1,1,1,0.9888,0.9902,0.9209,0.9326,599.5,292.0,468.0,291.0,541.0,294.5,506.5,289.0,131.5038,34.9357,0.2657,1,1,47,1
46,3,0,2,1,1,1,0.9883,0.9922,0.8975,0.9351,783.5,340.0,652.0,347.0,730.0,387.0,697.0,396.5,131.6862,34.3402,0.2608,1,1,47,1
46,3,0,0,1,1,1,0.9907,0.9897,0.9258,0.9141,953.0,348.0,833.0,350.0,905.5,385.5,887.5,378.0,120.0167,19.5,0.1625,1,1,47,1
47,3,0,1,1,1,1,0.9878,0.9897,0.9155,0.9292,599.5,289.5,467.5,289.5,540.5,294.0,506.5,290.5,132.0,34.1797,0.2589,1,1,48,1
47,3,0,0,1,1,1,0.9902,0.9897,0.9194,0.9136,954.5,346.5,835.0,349.5,905.5,384.5,886.0,378.0,119.5377,20.5548,0.172,1,1,48,1
47,3,0,2,1,1,1,0.9863,0.9932,0.8818,0.9307,784.0,335.5,652.5,344.0,720.5,387.0,700.5,399.5,131.7744,23.585,0.179,1,1,48,1
48,3,0,1,1,1,1,0.9873,0.9897,0.9146,0.9307,599.5,288.0,467.0,290.0,540.0,294.0,507.0,294.0,132.5151,33.0,0.249,1,1,49,1
48,3,0,0,1,1,1,0.9897,0.9907,0.916,0.9194,954.5,346.0,833.0,352.0,905.0,391.0,891.5,367.5,121.6481,27.1017,0.2228,1,1,49,1
48,3,0,2,1,1,1,0.9844,0.9912,0.8862,0.9277,782.5,335.0,653.5,342.0,718.0,385.5,692.5,404.0,129.1898,31.504,0.2439,1,1,49,1
49,3,0,0,1,1,1,0.9858,0.981,0.9121,0.8916,952.0,351.5,831.0,349.5,926.5,397.0,886.5,370.0,121.0165,48.2597,0.3988,1,1,50,1
49,3,0,1,1,1,1,0.9878,0.9902,0.9121,0.9307,601.0,290.0,467.5,290.5,539.5,294.0,507.5,294.5,133.5009,32.0039,0.2397,1,1,50,1
49,3,0,2,1,1,1,0.9834,0.9917,0.8765,0.9263,783.0,334.5,653.5,341.5,719.0,393.0,698.0,402.5,129.6891,23.0489,0.1777,1,1,50,1
50,3,0,0,1,1,1,0.9858,0.9775,0.9111,0.8755,950.0,349.0,833.0,347.5,926.0,387.0,885.5,375.0,117.0096,42.2404,0.361,1,1,51,1
50,3,0,2,1,1,1,0.9824,0.9922,0.8687,0.9292,784.5,336.0,653.0,343.5,718.0,393.0,695.0,399.0,131.7137,23.7697,0.1805,1,1,51,1
50,3,0,1,1,1,1,0.9883,0.9897,0.918,0.9272,601.0,291.0,467.75,290.5,540.0,293.5,506.75,288.5,133.2509,33.6238,0.2523,1,1,51,1
51,3,0,0,1,1,1,0.9858,0.9785,0.9097,0.8779,951.0,351.0,834.5,348.5,928.5,388.5,887.0,374.0,116.5268,43.9602,0.3773,1,1,52,1
51,3,0,1,1,1,1,0.9878,0.9897,0.9136,0.9282,601.0,291.0,467.0,291.0,540.5,296.0,507.0,291.0,134.0,33.8711,0.2528,1,1,52,1
51,3,0,2,1,1,1,0.9829,0.9922,0.8706,0.9297,783.0,334.0,653.5,342.0,718.0,389.0,697.0,399.0,129.7469,23.2594,0.1793,1,1,52,1
52,3,0,1,1,1,1,0.9917,0.9893,0.9468,0.9253,600.0,291.0,468.5,288.0,541.0,293.5,504.75,294.0,131.5342,36.2534,0.2756,1,1,53,1
52,3,0,2,1,1,1,0.9819,0.9922,0.8687,0.9307,783.0,336.0,653.5,343.5,722.0,388.5,692.5,400.0,129.717,31.6623,0.2441,1,1,53,1
52,3,0,0,1,1,1,0.9907,0.9902,0.9224,0.9136,953.5,346.5,833.5,350.0,907.0,388.5,890.5,381.0,120.051,18.1246,0.151,1,1,53,1
53,3,0,1,1,1,1,0.9912,0.9893,0.9438,0.9243,599.0,289.5,467.25,288.0,538.5,293.5,506.5,299.0,131.7585,32.4692,0.2464,1,1,54,1
53,3,0,2,1,1,1,0.9878,0.9932,0.8877,0.9395,785.0,339.0,651.0,347.0,730.0,396.5,699.0,400.5,134.2386,31.257,0.2328,1,1,54,1
53,3,0,0,1,1,1,0.9902,0.9907,0.9194,0.9209,952.0,345.0,835.0,349.0,907.0,388.0,894.5,373.5,117.0684,19.1442,0.1635,1,1,54,1
54,3,0,1,1,1,1,0.9883,0.9897,0.9175,0.9277,600.0,290.5,467.25,292.0,539.5,296.5,506.25,296.0,132.7585,33.2538,0.2505,1,1,55,1
54,3,0,2,1,1,1,0.9873,0.9927,0.8882,0.9365,784.0,339.0,651.5,347.0,732.5,393.0,699.0,395.5,132.7413,33.5932,0.2531,1,1,55,1
54,3,0,0,1,1,1,0.9897,0.9902,0.9175,0.9146,953.5,347.0,834.0,350.0,906.0,385.5,891.0,380.0,119.5377,15.9765,0.1337,1,1,55,1
55,3,0,0,1,1,1,0.9858,0.981,0.9131,0.8931,951.5,349.0,832.0,348.0,927.5,390.5,888.5,372.0,119.5042,43.1654,0.3612,1,1,56,1
55,3,0,1,1,1,1,0.9878,0.9912,0.915,0.937,600.0,290.5,467.0,290.5,539.0,291.5,508.75,289.5,133.0,30.316,0.2279,1,1,56,1
55,3,0,2,1,1,1,0.9873,0.9922,0.8896,0.9336,785.0,339.5,651.5,347.5,730.0,395.0,699.0,401.5,133.7395,31.6741,0.2368,1,1,56,1
56,3,0,0,1,1,1,0.9858,0.9795,0.915,0.8882,952.5,349.0,833.0,348.5,928.5,390.5,887.5,369.5,119.501,46.0652,0.3855,1,1,57,1
56,3,0,1,1,1,1,0.9883,0.9902,0.918,0.9326,599.0,292.0,466.5,292.0,540.5,293.5,507.25,292.5,132.5,33.265,0.2511,1,1,57,1
56,3,0,2,1,1,1,0.9814,0.9922,0.8647,0.9326,783.5,335.5,655.0,345.0,721.0,393.0,693.5,404.0,128.8507,29.6184,0.2299,1,1,57,1
57,3,0,1,1,1,1,0.9873,0.9897,0.9116,0.9292,600.5,290.5,466.5,291.0,542.5,294.5,505.5,293.0,134.0009,37.0304,0.2763,1,1,58,1
57,3,0,0,1,1,1,0.9893,0.9912,0.9126,0.9224,954.0,347.5,834.0,350.5,906.0,386.5,891.5,379.0,120.0375,16.3248,0.136,1,1,58,1
57,3,0,2,1,1,1,0.9873,0.9927,0.8872,0.936,785.0,339.0,651.5,347.0,734.0,393.0,699.5,398.5,133.7395,34.9357,0.2612,1,1,58,1
58,3,0,0,1,1,1,0.9902,0.9902,0.9194,0.9146,954.5,347.0,835.0,350.5,905.0,385.0,892.5,378.5,119.5512,14.089,0.1178,1,1,59,1
58,3,0,1,1,1,1,0.9912,0.9897,0.9429,0.9258,599.5,290.0,469.0,289.0,541.5,293.5,504.5,296.0,130.5038,37.0844,0.2842,1,1,59,1
58,3,0,2,1,1,1,0.9819,0.9922,0.8672,0.9321,783.5,335.0,654.0,342.5,724.5,396.5,698.5,399.5,129.717,26.1725,0.2018,1,1,59,1
59,3,0,1,1,1,1,0.9912,0.9902,0.9399,0.9287,599.0,290.0,468.25,289.0,541.0,297.5,504.0,295.5,130.7538,37.054,0.2834,1,1,60,1
59,3,0,0,1,1,1,0.9893,0.9907,0.9146,0.9229,954.0,345.5,834.5,350.5,906.0,384.5,889.5,375.0,119.6046,19.0394,0.1592,1,1,60,1
59,3,0,2,1,1,1,0.981,0.9922,0.8633,0.9336,784.0,334.5,654.0,343.5,722.0,394.0,698.0,400.0,130.3112,24.7386,0.1898,1,1,60,1
60,3,0,0,1,1,1,0.9897,0.9902,0.916,0.9185,953.5,346.0,833.5,350.0,906.0,384.0,893.0,376.5,120.0666,15.0083,0.125,1,1,61,1
60,3,0,1,1,1,1,0.9912,0.9902,0.9414,0.9292,599.0,288.5,468.5,288.0,542.0,297.0,503.75,295.5,130.501,38.2794,0.2933,1,1,61,1
60,3,0,2,1,1,1,0.9878,0.9927,0.8921,0.9365,784.5,337.5,651.0,344.5,730.0,391.5,700.5,397.5,133.6834,30.104,0.2252,1,1,61,1
61,3,0,1,1,1,1,0.9863,0.9902,0.9043,0.9326,599.0,292.0,467.5,292.5,542.5,294.0,507.25,295.0,131.501,35.2642,0.2682,1,1,62,1
61,3,0,0,1,1,1,0.9897,0.9902,0.9165,0.918,953.5,346.5,834.0,351.0,906.0,387.0,890.0,378.5,119.5847,18.1177,0.1515,1,1,62,1
61,3,0,2,1,1,1,0.9819,0.9922,0.8682,0.9316,785.0,335.0,654.0,342.5,720.0,388.5,696.0,400.5,131.2145,26.8328,0.2045,1,1,62,1
62,3,0,1,1,1,1,0.9878,0.9897,0.9263,0.9292,599.0,291.0,467.75,289.0,540.5,294.0,502.75,295.0,131.2652,37.7632,0.2877,1,1,63,1
62,3,0,0,1,1,1,0.9893,0.9907,0.9141,0.9185,953.0,346.5,833.0,351.0,903.5,384.5,892.0,376.5,120.0843,14.0089,0.1167,1,1,63,1
62,3,0,2,1,1,1,0.9819,0.9917,0.8716,0.9307,784.0,336.0,654.0,343.5,719.5,388.5,697.0,402.0,130.2162,26.2393,0.2015,1,1,63,1
63,3,0,1,1,1,1,0.9878,0.9907,0.9131,0.9331,599.5,289.0,466.5,290.0,539.5,295.0,505.5,294.0,133.0038,34.0147,0.2557,1,1,64,1
63,3,0,2,1,1,1,0.9854,0.9937,0.8745,0.9355,784.5,336.0,652.0,345.0,722.0,390.5,700.5,406.0,132.8053,26.5047,0.1996,1,1,64,1
63,3,0,0,1,1,1,0.9902,0.9902,0.918,0.9146,953.5,346.0,833.5,349.5,905.0,390.0,892.0,378.0,120.051,17.6918,0.1474,1,1,64,1
64,3,0,1,1,1,1,0.9863,0.9902,0.9067,0.9312,598.5,290.5,466.0,290.0,541.0,296.5,506.75,292.5,132.5009,34.4828,0.2602,1,1,65,1
64,3,0,2,1,1,1,0.981,0.9927,0.8608,0.938,784.0,335.0,654.0,342.5,729.5,394.5,700.0,400.0,130.2162,30.0083,0.2305,1,1,65,1
64,3,0,0,1,1,1,0.9902,0.9907,0.918,0.917,954.0,347.5,834.5,351.0,909.5,385.5,891.0,373.0,119.5512,22.3271,0.1868,1,1,65,1
65,3,0,0,1,1,1,0.9902,0.9907,0.9185,0.9175,954.0,346.5,834.5,351.0,905.0,383.5,892.5,369.5,119.5847,18.7683,0.1569,1,1,66,1
65,3,0,2,1,1,1,0.9824,0.9932,0.8677,0.937,784.0,336.0,654.0,343.0,723.0,391.0,699.0,402.0,130.1883,26.4008,0.2028,1,1,66,1
65,3,0,1,1,1,1,0.9907,0.9902,0.9399,0.9292,598.0,289.5,468.25,287.5,542.0,297.5,503.5,297.0,129.7654,38.5032,0.2967,1,1,66,1
66,3,0,0,1,1,1,0.9893,0.9907,0.9126,0.9204,954.5,347.0,833.5,351.5,906.5,382.5,892.0,371.5,121.0836,18.2003,0.1503,1,1,67,1
66,3,0,1,1,1,1,0.9917,0.9888,0.9468,0.9229,599.0,290.0,469.5,289.0,540.5,295.0,504.0,297.0,129.5039,36.5548,0.2823,1,1,67,1
66,3,0,2,1,1,1,0.9819,0.9927,0.8638,0.9355,785.5,335.5,654.0,344.0,730.0,395.5,697.0,400.5,131.7744,33.3766,0.2533,1,1,67,1
67,3,0,1,1,1,1,0.9883,0.9893,0.9302,0.9272,598.5,291.0,467.0,291.5,541.0,297.0,504.0,301.0,131.501,37.2156,0.283,1,1,68,1
67,3,0,0,1,1,1,0.9893,0.9912,0.9121,0.9233,953.5,346.0,834.5,352.0,909.5,386.0,893.0,378.0,119.1512,18.3371,0.1539,1,1,68,1
67,3,0,2,1,1,1,0.9819,0.9927,0.8682,0.9351,784.5,336.0,652.5,344.5,722.0,392.5,700.5,399.0,132.2734,22.4611,0.1698,1,1,68,1
68,3,0,1,1,1,1,0.9883,0.9902,0.915,0.9312,599.0,291.5,467.0,291.5,539.0,294.0,506.25,295.0,132.0,32.7653,0.2482,1,1,69,1
68,3,0,2,1,1,1,0.9873,0.9922,0.8882,0.9321,786.5,338.5,651.5,347.5,734.5,396.5,701.5,393.5,135.2997,33.1361,0.2449,1,1,69,1
68,3,0,0,1,1,1,0.9888,0.9912,0.9092,0.9214,953.5,345.0,835.0,352.5,909.0,384.0,892.5,375.5,118.7371,18.5607,0.1563,1,1,69,1
69,3,0,1,1,1,1,0.9922,0.9888,0.9487,0.9233,598.0,290.0,468.25,288.5,543.0,299.5,503.0,298.0,129.7587,40.0281,0.3085,1,1,70,1
69,3,0,2,1,1,1,0.9868,0.9922,0.8862,0.9331,786.5,339.0,652.5,348.5,729.5,391.5,703.5,396.5,134.3363,26.4764,0.1971,1,1,70,1
69,3,0,0,1,1,1,0.9868,0.978,0.9189,0.8784,952.0,350.5,833.5,348.5,928.0,387.5,888.0,366.5,118.5169,45.1774,0.3812,1,1,70,1
70,3,0,2,1,1,1,0.9883,0.9917,0.897,0.9302,786.5,339.5,653.0,348.0,732.0,393.5,700.5,396.5,133.7703,31.6425,0.2365,1,1,71,1
70,3,0,1,1,1,1,0.9873,0.9907,0.9126,0.9336,598.0,292.0,466.0,292.5,541.5,297.0,504.75,294.0,132.0009,36.8722,0.2793,1,1,71,1
70,3,0,0,1,1,1,0.9897,0.9897,0.918,0.9136,953.5,347.5,835.5,352.0,909.5,384.0,894.0,372.0,118.0858,19.6023,0.166,1,1,71,1
71,3,0,1,1,1,1,0.9883,0.9897,0.916,0.9277,599.0,292.0,466.75,292.5,539.0,295.0,504.0,297.5,132.2509,35.0892,0.2653,1,1,72,1
71,3,0,2,1,1,1,0.9888,0.9922,0.8984,0.9297,787.0,337.5,652.5,347.5,728.0,395.5,701.5,397.0,134.8712,26.5424,0.1968,1,1,72,1
71,3,0,0,1,1,1,0.9897,0.9907,0.9165,0.918,953.5,345.5,834.5,351.0,909.0,387.5,894.5,376.5,119.127,18.2003,0.1528,1,1,72,1
72,3,0,1,1,1,1,0.9917,0.9893,0.9458,0.9233,599.5,289.0,469.0,288.0,538.5,295.0,505.0,302.0,130.5038,34.2235,0.2622,1,1,73,1
72,3,0,2,1,1,1,0.9878,0.9917,0.894,0.9287,786.5,338.5,653.0,347.5,730.5,390.5,704.0,399.5,133.803,27.9866,0.2092,1,1,73,1
72,3,0,0,1,1,1,0.9902,0.9893,0.9219,0.9097,953.5,345.0,835.0,350.0,909.0,386.0,894.0,372.0,118.6054,20.5183,0.173,1,1,73,1
73,3,0,0,1,1,1,0.9893,0.9912,0.9126,0.9243,953.5,344.0,834.5,350.0,907.5,389.0,892.0,365.5,119.1512,28.1514,0.2363,1,1,74,1
73,3,0,2,1,1,1,0.9873,0.9922,0.8901,0.9316,787.0,339.5,652.5,349.0,733.5,394.5,699.0,398.5,134.8351,34.7311,0.2576,1,1,74,1
73,3,0,1,1,1,1,0.9912,0.9888,0.9351,0.9204,596.5,290.0,468.75,289.5,541.5,296.0,505.25,295.5,127.751,36.2534,0.2838,1,1,74,1
74,3,0,0,1,1,1,0.9897,0.9907,0.916,0.9229,954.0,346.0,834.5,349.5,907.0,384.0,891.5,370.5,119.5512,20.5548,0.1719,1,1,75,1
74,3,0,1,1,1,1,0.9883,0.9893,0.918,0.9263,599.0,291.0,468.5,291.0,541.5,297.5,503.0,294.5,130.5,38.6167,0.2959,1,1,75,1
74,3,0,2,1,1,1,0.9819,0.9922,0.8677,0.9307,785.5,337.5,654.5,345.0,723.0,393.0,698.0,403.5,131.2145,27.1155,0.2067,1,1,75,1
75,3,0,0,1,1,1,0.9849,0.981,0.9043,0.8916,951.0,350.0,831.5,350.0,926.0,384.0,890.0,360.0,119.5,43.2666,0.3621,1,1,76,1
75,3,0,2,1,1,1,0.9858,0.9922,0.8804,0.9346,786.0,339.5,652.5,347.0,733.0,395.0,701.5,397.5,133.7105,31.5991,0.2363,1,1,76,1
75,3,0,1,1,1,1,0.9878,0.9893,0.916,0.9258,599.0,292.5,467.25,292.0,543.5,298.0,506.75,297.5,131.7509,36.7534,0.279,1,1,76,1
76,3,0,1,1,1,1,0.9873,0.9902,0.9121,0.9331,597.5,291.0,466.0,292.0,541.0,293.5,506.25,298.0,131.5038,35.0402,0.2665,1,1,77,1
76,3,0,0,1,1,1,0.9893,0.9883,0.9136,0.9121,953.0,351.0,830.0,352.5,912.5,381.5,887.5,358.5,123.0091,33.9706,0.2762,1,1,77,1
76,3,0,2,1,1,1,0.9878,0.9917,0.8931,0.9312,787.5,339.0,652.0,347.5,729.0,399.5,701.0,400.5,135.7663,28.0179,0.2064,1,1,77,1
77,3,0,0,1,1,1,0.9893,0.9897,0.915,0.915,953.0,346.5,835.5,353.0,905.0,381.5,892.0,368.5,117.6796,18.3848,0.1562,1,1,78,1
77,3,0,1,1,1,1,0.9873,0.9893,0.9116,0.9263,598.0,293.5,466.25,292.5,538.0,296.5,507.5,296.5,131.7538,30.5,0.2315,1,1,78,1
77,3,0,2,1,1,1,0.9863,0.9917,0.8853,0.9307,786.5,340.5,653.0,348.5,728.5,394.0,700.5,402.0,133.7395,29.1204,0.2177,1,1,78,1
78,3,0,0,1,1,1,0.9854,0.981,0.9116,0.8926,950.5,348.5,833.5,349.0,928.5,384.0,894.0,366.5,117.0011,38.6846,0.3306,1,1,79,1
78,3,0,1,1,1,1,0.9878,0.9897,0.917,0.9292,597.0,293.0,466.25,293.0,540.5,295.5,505.25,293.0,130.75,35.3385,0.2703,1,1,79,1
78,3,0,2,1,1,1,0.9883,0.9917,0.897,0.9292,786.0,339.0,653.0,347.0,732.0,396.5,701.0,402.0,133.2404,31.4841,0.2363,1,1,79,1
79,3,0,0,1,1,1,0.9863,0.9819,0.9141,0.8975,953.0,350.0,833.0,350.5,929.5,393.5,889.0,358.5,120.001,53.528,0.4461,1,1,80,1
79,3,0,1,1,1,1,0.9873,0.9897,0.9121,0.9307,598.5,291.0,467.0,291.0,541.5,296.0,505.75,294.5,131.5,35.7815,0.2721,1,1,80,1
79,3,0,2,1,1,1,0.9868,0.9922,0.8853,0.9316,786.0,339.0,653.0,348.0,728.0,393.0,702.0,395.5,133.3042,26.1199,0.1959,1,1,80,1
80,3,0,1,1,1,1,0.9907,0.9888,0.9336,0.9204,596.5,291.5,467.75,290.5,541.5,295.5,505.75,296.5,128.7539,35.764,0.2778,1,1,81,1
80,3,0,0,1,1,1,0.9858,0.98,0.9136,0.8906,950.0,351.0,832.5,349.5,932.0,387.0,888.0,356.5,117.5096,53.5374,0.4556,1,1,81,1
80,3,0,2,1,1,1,0.9873,0.9922,0.8887,0.9336,786.0,339.0,651.5,347.5,729.0,398.0,698.0,399.0,134.7683,31.0161,0.2301,1,1,81,1
81,3,0,0,1,1,1,0.9897,0.9902,0.917,0.9155,954.0,347.5,834.5,352.0,906.5,383.5,893.5,372.0,119.5847,17.3566,0.1451,1,1,82,1
81,3,0,2,1,1,1,0.9814,0.9922,0.8628,0.9321,785.0,336.0,654.0,344.0,720.0,393.0,699.0,400.5,131.244,22.2991,0.1699,1,1,82,1
81,3,0,1,1,1,1,0.9912,0.9888,0.9448,0.9204,597.5,290.5,467.5,289.0,541.5,296.5,504.5,299.5,130.0087,37.1214,0.2855,1,1,82,1
82,3,0,1,1,1,1,0.9912,0.9893,0.9355,0.9229,597.0,292.0,466.75,290.5,541.5,291.5,505.75,301.5,130.2586,37.1223,0.285,1,1,83,1
82,3,0,0,1,1,1,0.9849,0.979,0.9077,0.8828,952.0,351.0,833.5,349.0,928.5,386.0,890.0,370.0,118.5169,41.6923,0.3518,1,1,83,1
82,3,0,2,1,1,1,0.9873,0.9927,0.8877,0.9365,785.0,339.0,650.5,347.5,728.0,393.0,702.0,394.5,134.7683,26.0432,0.1932,1,1,83,1
83,3,0,2,1,1,1,0.9873,0.9922,0.8906,0.9331,785.5,340.0,652.0,346.0,727.5,391.0,701.0,395.5,133.6348,26.8794,0.2011,1,1,84,1
83,3,0,1,1,1,1,0.9873,0.9897,0.9102,0.9282,597.5,293.5,465.75,292.5,540.5,297.0,510.0,298.0,131.7538,30.5164,0.2316,1,1,84,1
83,3,0,0,1,1,1,0.9868,0.981,0.9204,0.8931,953.0,351.0,833.5,350.5,929.0,386.0,888.5,370.0,119.501,43.546,0.3644,1,1,84,1
84,3,0,1,1,1,1,0.9873,0.9897,0.9126,0.9297,599.0,291.0,467.75,292.5,539.5,293.5,505.75,300.0,131.2586,34.3702,0.2619,1,1,85,1
84,3,0,2,1,1,1,0.9883,0.9922,0.8984,0.9326,784.5,338.0,652.0,346.5,723.5,391.0,702.0,397.0,132.7724,22.3215,0.1681,1,1,85,1
84,3,0,0,1,1,1,0.9893,0.9902,0.916,0.9185,954.0,347.0,833.5,351.5,906.5,384.5,892.5,370.0,120.584,20.1556,0.1672,1,1,85,1
85,3,0,1,1,1,1,0.9902,0.9897,0.9375,0.9253,597.0,290.0,467.5,289.0,538.0,292.0,505.75,301.5,129.5039,33.6201,0.2596,1,1,86,1
85,3,0,0,1,1,1,0.9897,0.9902,0.916,0.9165,953.0,347.0,833.5,350.5,904.5,381.0,894.5,370.5,119.5512,14.5,0.1213,1,1,86,1
85,3,0,2,1,1,1,0.9878,0.9917,0.8926,0.9312,784.0,338.0,650.0,346.0,724.5,392.0,703.0,397.5,134.2386,22.1923,0.1653,1,1,86,1
86,3,0,0,1,1,1,0.9854,0.9795,0.9082,0.8828,951.0,351.0,833.5,349.0,930.5,382.0,889.5,373.0,117.517,41.9762,0.3572,1,1,87,1
86,3,0,2,1,1,1,0.9868,0.9927,0.8818,0.9346,784.0,338.0,650.5,345.5,735.0,397.0,698.0,397.0,133.7105,37.0,0.2767,1,1,87,1
86,3,0,1,1,1,1,0.9878,0.9893,0.9268,0.9268,598.5,292.0,466.75,290.0,540.0,296.0,503.75,297.0,131.7652,36.2638,0.2752,1,1,87,1
87,3,0,1,1,1,1,0.9868,0.9907,0.9082,0.9331,599.5,292.5,466.5,292.5,539.5,294.0,508.0,295.0,133.0,31.5159,0.237,1,1,88,1
87,3,0,0,1,1,1,0.9863,0.979,0.916,0.8853,951.5,351.5,832.5,350.5,927.5,385.0,887.0,367.5,119.0042,44.1192,0.3707,1,1,88,1
87,3,0,2,1,1,1,0.9819,0.9922,0.8672,0.9331,783.0,335.0,653.5,341.5,725.0,394.0,699.5,399.5,129.663,26.0864,0.2012,1,1,88,1
88,3,0,2,1,1,1,0.9868,0.9912,0.8862,0.9268,785.0,338.5,650.5,346.5,731.5,396.5,701.5,397.5,134.7377,30.0167,0.2228,1,1,89,1
88,3,0,1,1,1,1,0.9873,0.9902,0.9136,0.9331,598.0,290.0,467.5,291.0,544.0,296.0,505.25,295.5,130.5038,38.7532,0.297,1,1,89,1
88,3,0,0,1,1,1,0.9888,0.9902,0.9092,0.917,954.0,345.5,833.5,351.0,908.5,385.5,892.0,366.5,120.6255,25.1645,0.2086,1,1,89,1
89,3,0,2,1,1,1,0.9868,0.9922,0.8848,0.9316,784.0,338.5,650.0,346.5,728.0,395.5,698.5,399.5,134.2386,29.77,0.2218,1,1,90,1
89,3,0,1,1,1,1,0.9912,0.9893,0.9424,0.9229,597.0,290.0,468.0,288.5,538.5,296.0,505.5,299.0,129.0087,33.1361,0.2569,1,1,90,1
89,3,0,0,1,1,1,0.9888,0.9907,0.9102,0.9199,953.0,346.5,834.5,350.5,908.0,382.5,891.0,366.0,118.5675,23.6907,0.1998,1,1,90,1
90,3,0,0,1,1,1,0.9888,0.9902,0.9092,0.9146,954.5,347.0,834.5,351.5,905.5,383.0,894.0,371.5,120.0843,16.2635,0.1354,1,1,91,1
90,3,0,2,1,1,1,0.9868,0.9917,0.8828,0.9292,785.0,338.5,651.0,347.0,728.0,396.0,697.0,396.0,134.2693,31.0,0.2309,1,1,91,1
90,3,0,1,1,1,1,0.9868,0.9902,0.9062,0.9321,597.5,291.0,466.0,291.5,539.5,295.5,508.25,300.0,131.501,31.5723,0.2401,1,1,91,1
91,3,0,1,1,1,1,0.9878,0.9897,0.9277,0.9277,599.0,292.0,468.0,291.0,537.5,296.0,505.25,301.5,131.0038,32.7156,0.2497,1,1,92,1
91,3,0,0,1,1,1,0.9888,0.9902,0.9121,0.917,955.0,347.0,835.5,354.0,907.0,386.0,890.5,368.5,119.7048,24.052,0.2009,1,1,92,1
91,3,0,2,1,1,1,0.9839,0.9912,0.8799,0.9224,784.0,335.5,653.5,344.0,724.0,396.5,698.0,402.5,130.7765,26.6833,0.204,1,1,92,1
92,3,0,0,1,1,1,0.9893,0.9902,0.9136,0.9165,955.0,346.0,835.0,352.0,909.0,386.5,894.0,373.0,120.1499,20.1804,0.168,1,1,93,1
92,3,0,1,1,1,1,0.9878,0.9897,0.9131,0.9277,599.0,290.5,467.25,292.0,542.0,298.0,504.25,301.5,131.7585,37.9119,0.2877,1,1,93,1
92,3,0,2,1,1,1,0.9824,0.9912,0.8701,0.9243,783.0,335.0,653.0,344.0,724.0,395.5,695.0,403.0,130.3112,29.9541,0.2299,1,1,93,1
93,3,0,0,1,1,1,0.9849,0.981,0.9102,0.8945,950.0,350.0,833.5,350.0,927.0,386.0,888.0,367.5,116.5,43.1654,0.3705,1,1,94,1
93,3,0,2,1,1,1,0.9873,0.9927,0.8853,0.9346,784.0,339.0,651.5,346.5,734.0,401.5,700.5,396.5,132.7121,33.8711,0.2552,1,1,94,1
93,3,0,1,1,1,1,0.9878,0.9897,0.9263,0.9272,600.0,290.0,468.0,290.0,541.0,298.5,502.0,299.5,132.0,39.0128,0.2956,1,1,94,1
94,3,0,2,1,1,1,0.9878,0.9922,0.8911,0.9307,784.0,337.0,651.5,347.0,732.0,395.5,698.0,396.5,132.8768,34.0147,0.256,1,1,95,1
94,3,0,1,1,1,1,0.9907,0.9888,0.9399,0.9189,599.0,291.0,469.0,289.5,540.0,292.5,503.75,300.5,130.0087,37.1223,0.2855,1,1,95,1
94,3,0,0,1,1,1,0.9893,0.9902,0.9126,0.9155,953.5,345.0,835.0,349.5,907.0,388.0,893.5,373.5,118.5854,19.8116,0.1671,1,1,95,1
95,3,0,1,1,1,1,0.9873,0.9893,0.9131,0.9272,599.0,290.5,468.0,293.0,541.5,296.5,506.25,297.0,131.0239,35.2535,0.2691,1,1,96,1
95,3,0,0,1,1,1,0.9902,0.9897,0.9209,0.9121,953.5,346.0,834.0,351.5,908.0,390.0,888.0,373.5,119.6265,25.9278,0.2167,1,1,96,1
95,3,0,2,1,1,1,0.9829,0.9907,0.876,0.9224,784.0,335.0,654.5,346.0,723.0,396.5,695.0,399.0,129.9663,28.1114,0.2163,1,1,96,1
96,3,0,0,1,1,1,0.9844,0.978,0.9058,0.8804,951.5,349.0,832.0,347.5,931.0,389.5,886.5,370.0,119.5094,48.585,0.4065,1,1,97,1
96,3,0,1,1,1,1,0.9868,0.9897,0.9106,0.9302,598.5,291.0,466.0,292.0,540.0,291.5,506.75,292.0,132.5038,33.2538,0.251,1,1,97,1
96,3,0,2,1,1,1,0.9834,0.9907,0.8755,0.9219,782.0,335.5,651.5,344.5,723.5,395.5,697.5,403.0,130.81,27.0601,0.2069,1,1,97,1
97,3,0,0,1,1,1,0.9897,0.9902,0.9175,0.916,953.5,346.5,834.5,351.5,909.0,387.0,889.0,379.5,119.105,21.36,0.1793,1,1,98,1
97,3,0,1,1,1,1,0.9863,0.9902,0.9058,0.9312,598.5,292.0,466.25,292.5,539.5,295.0,509.75,293.0,132.2509,29.8172,0.2255,1,1,98,1
97,3,0,2,1,1,1,0.9824,0.9912,0.8726,0.9233,783.0,337.0,653.0,346.0,723.0,393.5,697.5,400.5,130.3112,26.4433,0.2029,1,1,98,1
98,3,0,1,1,1,1,0.9873,0.9897,0.9106,0.9302,599.0,292.0,467.25,292.0,541.5,298.0,507.25,297.5,131.75,34.2536,0.26,1,1,99,1
98,3,0,0,1,1,1,0.9902,0.9902,0.9194,0.9141,954.0,346.5,833.5,351.5,907.5,392.0,889.0,376.0,120.6037,24.4591,0.2028,1,1,99,1
98,3,0,2,1,1,1,0.9819,0.9917,0.8672,0.9287,784.0,335.5,653.5,344.5,721.5,394.0,699.0,400.5,130.81,23.4201,0.179,1,1,99,1
99,3,0,2,1,1,1,0.9824,0.9917,0.8711,0.9263,784.0,336.0,653.5,343.5,723.5,395.5,698.5,401.5,130.7153,25.7099,0.1967,1,1,100,1
99,3,0,0,1,1,1,0.9897,0.9912,0.916,0.9204,954.0,345.0,834.0,350.5,907.5,387.5,891.5,378.0,120.126,18.6078,0.1549,1,1,100,1
99,3,0,1,1,1,1,0.9883,0.9893,0.9194,0.9277,599.5,294.0,467.25,291.5,541.5,299.0,508.25,303.0,132.2736,33.4897,0.2532,1,1,100,1
100,3,0,1,1,1,1,0.9873,0.9902,0.9111,0.9312,598.5,292.0,466.5,292.0,542.0,296.0,506.0,301.5,132.0,36.4177,0.2759,1,1,101,1
100,3,0,0,1,1,1,0.9863,0.98,0.9185,0.8887,951.0,349.0,832.5,349.5,927.0,389.0,888.0,367.0,118.5011,44.7772,0.3779,1,1,101,1
100,3,0,2,1,1,1,0.9868,0.9927,0.8818,0.9351,783.5,338.0,651.5,347.0,732.5,398.5,698.0,395.0,132.3065,34.6771,0.2621,1,1,101,1
101,3,0,2,1,1,1,0.9824,0.9907,0.8726,0.9238,783.0,336.0,653.5,346.0,722.5,402.0,699.0,398.5,129.8855,23.7592,0.1829,1,1,102,1
101,3,0,1,1,1,1,0.9868,0.9902,0.9087,0.9312,600.0,293.0,466.75,293.0,541.5,296.0,507.0,298.0,133.25,34.5579,0.2593,1,1,102,1
101,3,0,0,1,1,1,0.9868,0.9814,0.918,0.8965,950.5,348.0,832.5,349.0,927.0,391.0,888.0,365.5,118.0042,46.5967,0.3949,1,1,102,1
102,3,0,1,1,1,1,0.9883,0.9897,0.9204,0.9297,599.0,290.0,466.5,292.0,542.0,296.5,507.0,297.5,132.5151,35.0143,0.2642,1,1,103,1
102,3,0,0,1,1,1,0.9878,0.9771,0.9243,0.8726,951.5,350.0,831.0,349.5,924.5,390.0,880.5,367.5,120.501,49.4191,0.4101,1,1,103,1
102,3,0,2,1,1,1,0.9868,0.9912,0.8872,0.9243,785.0,337.5,652.0,347.5,730.5,388.5,700.0,391.5,133.3754,30.6472,0.2298,1,1,103,1
103,3,0,1,1,1,1,0.9863,0.9902,0.9038,0.9321,599.5,294.0,466.5,293.5,541.0,297.0,509.25,296.5,133.0009,31.7539,0.2387,1,1,104,1
103,3,0,0,1,1,1,0.9883,0.979,0.9272,0.8828,951.0,351.5,832.0,350.0,924.0,390.0,883.5,368.5,119.0095,45.853,0.3853,1,1,104,1
103,3,0,2,1,1,1,0.9878,0.9917,0.8906,0.9302,783.0,339.0,651.0,347.0,732.0,392.0,698.0,397.5,132.2422,34.442,0.2604,1,1,104,1
104,3,0,2,1,1,1,0.9839,0.9907,0.8745,0.9297,782.0,340.0,650.5,347.5,729.5,388.5,695.0,390.0,131.7137,34.5326,0.2622,1,1,105,1
104,3,0,1,1,1,1,0.9902,0.9888,0.9395,0.9209,598.0,290.5,468.75,289.0,539.0,296.0,506.25,302.5,129.2587,33.3888,0.2583,1,1,105,1
104,3,0,0,1,1,1,0.9878,0.9761,0.9224,0.8677,951.5,351.0,832.5,349.0,927.5,389.5,882.0,365.5,119.0168,51.4417,0.4322,1,1,105,1
105,3,0,2,1,1,1,0.9878,0.9912,0.8931,0.9277,784.0,338.5,652.0,346.0,730.0,392.0,701.0,400.5,132.2129,30.22,0.2286,1,1,106,1
105,3,0,1,1,1,1,0.9873,0.9902,0.9116,0.9307,599.5,292.0,467.25,291.0,542.5,294.0,506.5,294.5,132.2538,36.0035,0.2722,1,1,106,1
105,3,0,0,1,1,1,0.9897,0.9902,0.9175,0.9165,953.5,346.5,834.0,351.0,903.5,387.5,891.5,374.5,119.5847,17.6918,0.1479,1,1,106,1
106,3,0,1,1,1,1,0.9868,0.9902,0.9106,0.9316,599.0,291.0,467.0,291.0,541.5,297.5,506.75,297.5,132.0,34.75,0.2633,1,1,107,1
106,3,0,0,1,1,1,0.9902,0.9907,0.9194,0.9199,953.0,345.5,834.5,350.5,907.5,388.5,890.5,377.0,118.6054,20.5244,0.173,1,1,107,1
106,3,0,2,1,1,1,0.9873,0.9922,0.8877,0.9336,783.0,339.0,651.0,346.5,733.0,393.5,701.0,398.5,132.2129,32.3883,0.245,1,1,107,1
107,3,0,1,1,1,1,0.9883,0.9912,0.915,0.936,599.0,290.5,467.25,291.0,541.0,297.0,507.25,293.5,131.7509,33.931,0.2575,1,1,108,1
107,3,0,0,1,1,1,0.9873,0.981,0.9214,0.8916,951.5,347.5,832.5,348.5,926.5,392.0,884.0,369.0,119.0042,48.3244,0.4061,1,1,108,1
107,3,0,2,1,1,1,0.9878,0.9922,0.8887,0.9316,784.0,338.0,652.0,346.5,737.0,399.0,699.5,397.5,132.2734,37.53,0.2837,1,1,108,1
108,3,0,1,1,1,1,0.9873,0.9912,0.9116,0.937,599.5,291.0,467.0,291.0,540.5,296.0,508.25,299.5,132.5,32.4394,0.2448,1,1,109,1
108,3,0,2,1,1,1,0.9873,0.9922,0.8857,0.9316,783.5,336.5,652.0,346.0,732.0,395.5,703.5,394.5,131.8427,28.5175,0.2163,1,1,109,1
108,3,0,0,1,1,1,0.9897,0.9897,0.917,0.9136,953.0,346.5,833.5,352.0,900.5,385.5,889.5,375.0,119.6265,15.2069,0.1271,1,1,109,1
109,3,0,0,1,1,1,0.9893,0.9907,0.9116,0.9214,952.5,346.5,833.0,354.5,905.5,383.5,888.0,375.5,119.7675,19.2419,0.1607,1,1,110,1
109,3,0,1,1,1,1,0.9873,0.9907,0.9116,0.9336,599.0,293.0,467.0,293.0,540.0,295.5,508.75,302.0,132.0,31.9188,0.2418,1,1,110,1
109,3,0,2,1,1,1,0.9819,0.9922,0.8662,0.9312,782.0,336.0,653.0,344.0,725.0,390.5,695.0,400.0,129.2478,31.4682,0.2435,1,1,110,1
110,3,0,0,1,1,1,0.9878,0.981,0.9204,0.8892,950.5,349.5,833.5,350.0,928.0,386.0,883.5,365.0,117.0011,49.2062,0.4206,1,1,111,1
110,3,0,1,1,1,1,0.9917,0.9888,0.9443,0.9214,599.0,290.5,469.5,289.0,539.0,296.0,502.25,308.0,129.5087,38.6596,0.2985,1,1,111,1
110,3,0,2,1,1,1,0.9829,0.9922,0.8716,0.9307,782.0,334.0,652.5,342.5,721.0,394.0,697.5,398.5,129.7787,23.927,0.1844,1,1,111,1
111,3,0,1,1,1,1,0.9912,0.9897,0.9419,0.9248,599.0,289.0,468.5,288.0,539.0,294.0,504.75,303.0,130.5038,35.4127,0.2714,1,1,112,1
111,3,0,2,1,1,1,0.9883,0.9922,0.8926,0.9326,784.0,336.0,651.0,345.5,729.5,391.0,700.0,395.5,133.3389,29.8412,0.2238,1,1,112,1
111,3,0,0,1,1,1,0.9902,0.9902,0.9185,0.9136,954.5,346.5,834.5,352.5,900.0,385.0,888.5,374.0,120.1499,15.9138,0.1324,1,1,112,1
112,3,0,0,1,1,1,0.9863,0.98,0.9136,0.8853,952.0,349.5,833.0,351.5,924.0,391.5,885.0,367.5,119.0168,45.793,0.3848,1,1,113,1
112,3,0,2,1,1,1,0.9873,0.9927,0.8892,0.9365,783.0,337.0,650.5,346.0,734.0,393.0,702.0,396.0,132.8053,32.1403,0.242,1,1,113,1
112,3,0,1,1,1,1,0.9912,0.9897,0.9434,0.9263,599.0,290.0,469.0,289.0,539.0,293.0,504.5,300.0,130.0038,35.203,0.2708,1,1,113,1
113,3,0,0,1,1,1,0.9868,0.978,0.9199,0.8813,951.0,350.0,833.5,349.0,924.5,385.0,885.0,367.0,117.5043,43.4079,0.3694,1,1,114,1
113,3,0,1,1,1,1,0.9912,0.9902,0.9434,0.9302,600.0,290.0,467.75,287.5,540.5,295.0,505.75,301.0,132.2736,35.2642,0.2666,1,1,114,1
113,3,0,2,1,1,1,0.9829,0.9922,0.8687,0.9321,782.0,333.0,653.0,343.0,725.5,399.5,695.5,401.5,129.387,30.0666,0.2324,1,1,114,1
114,3,0,0,1,1,1,0.9863,0.9795,0.9141,0.8857,950.5,350.0,833.0,350.0,924.5,386.0,882.0,368.0,117.5,46.1546,0.3928,1,1,115,1
114,3,0,1,1,1,1,0.9883,0.9902,0.9185,0.9316,599.5,292.0,465.25,291.5,540.0,295.5,508.75,298.5,134.2509,31.3937,0.2338,1,1,115,1
114,3,0,2,1,1,1,0.9844,0.9907,0.8911,0.9253,781.0,336.0,651.0,343.5,726.5,395.0,698.0,396.5,130.2162,28.5394,0.2192,1,1,115,1
115,3,0,0,1,1,1,0.9863,0.9795,0.9165,0.8862,951.0,350.0,832.0,351.0,930.5,394.0,884.0,370.5,119.0042,52.1009,0.4378,1,1,116,1
115,3,0,1,1,1,1,0.9873,0.9907,0.9121,0.9355,601.5,290.5,467.5,291.5,540.5,295.0,509.0,294.5,134.0037,31.504,0.2351,1,1,116,1
115,3,0,2,1,1,1,0.9873,0.9932,0.8853,0.939,784.5,337.5,650.0,346.5,731.0,396.0,699.0,396.0,134.8008,32.0,0.2374,1,1,116,1
116,3,0,1,1,1,1,0.9878,0.9902,0.9136,0.9316,600.5,292.0,467.75,292.5,541.5,296.0,507.25,298.5,132.7509,34.3411,0.2587,1,1,117,1
116,3,0,2,1,1,1,0.9858,0.9932,0.876,0.9395,783.0,337.5,649.5,346.0,733.0,398.0,700.5,396.0,133.7703,32.5615,0.2434,1,1,117,1
116,3,0,0,1,1,1,0.9897,0.9907,0.917,0.9185,952.5,346.5,835.5,352.0,906.0,384.5,887.0,368.0,117.1292,25.1645,0.2148,1,1,117,1
117,3,0,1,1,1,1,0.9873,0.9893,0.9258,0.9268,599.5,291.0,467.5,290.5,542.0,297.5,504.25,303.0,132.0009,38.1486,0.289,1,1,118,1
117,3,0,2,1,1,1,0.981,0.9922,0.8604,0.9341,782.5,336.5,652.0,343.5,725.0,396.5,695.0,401.5,130.6876,30.4138,0.2327,1,1,118,1
117,3,0,0,1,1,1,0.9897,0.9902,0.915,0.9146,954.0,347.0,834.5,352.0,903.5,385.5,889.0,373.0,119.6046,19.1442,0.1601,1,1,118,1
118,3,0,2,1,1,1,0.9873,0.9927,0.8843,0.937,783.0,338.0,650.5,346.0,730.5,396.0,702.5,394.0,132.7413,28.0713,0.2115,1,1,119,1
118,3,0,0,1,1,1,0.9902,0.9912,0.9214,0.9243,953.5,347.0,834.0,352.0,904.0,387.0,886.5,371.0,119.6046,23.7118,0.1983,1,1,119,1
118,3,0,1,1,1,1,0.9873,0.9902,0.9136,0.9326,599.0,290.5,467.5,291.5,541.0,293.0,506.0,295.0,131.5038,35.0571,0.2666,1,1,119,1
119,3,0,0,1,1,1,0.9873,0.981,0.9189,0.8882,951.5,351.0,832.5,351.0,927.5,390.0,880.5,365.0,119.0,53.2353,0.4474,1,1,120,1
119,3,0,1,1,1,1,0.9873,0.9897,0.9248,0.9307,599.0,291.5,467.5,291.0,541.5,297.5,508.0,297.5,131.501,33.5,0.2548,1,1,120,1
119,3,0,2,1,1,1,0.9873,0.9922,0.8901,0.9321,784.0,338.5,650.5,347.0,731.5,391.0,699.5,397.5,133.7703,32.6535,0.2441,1,1,120,1
120,3,0,1,1,1,1,0.9873,0.9907,0.9111,0.9355,597.5,290.5,466.5,291.0,542.5,296.0,507.0,297.5,131.001,35.5317,0.2712,1,1,121,1
120,3,0,2,1,1,1,0.9839,0.9902,0.894,0.9243,783.5,337.5,653.0,344.5,727.0,396.5,695.0,398.5,130.6876,32.0624,0.2453,1,1,121,1
120,3,0,0,1,1,1,0.9839,0.979,0.9014,0.8823,951.5,347.5,833.0,347.5,925.5,384.0,880.5,369.5,118.5,47.2784,0.399,1,1,121,1
121,3,0,2,1,1,1,0.9829,0.9912,0.8755,0.9233,784.0,336.5,653.5,344.0,725.0,394.5,695.5,403.5,130.7153,30.8423,0.236,1,1,122,1
121,3,0,1,1,1,1,0.9888,0.9893,0.9316,0.9258,598.5,291.5,468.25,290.0,542.5,296.0,504.25,306.0,130.2586,39.5356,0.3035,1,1,122,1
121,3,0,0,1,1,1,0.9897,0.9902,0.9185,0.9175,953.0,346.0,833.5,351.5,904.5,386.5,886.5,376.0,119.6265,20.8387,0.1742,1,1,122,1
122,3,0,0,1,1,1,0.9907,0.9902,0.9219,0.9141,953.0,346.5,833.5,351.5,906.0,388.5,886.5,378.5,119.6046,21.9146,0.1832,1,1,123,1
122,3,0,1,1,1,1,0.9878,0.9897,0.916,0.9282,598.5,292.5,468.0,294.0,540.5,294.0,507.25,300.0,130.5086,33.787,0.2589,1,1,123,1
122,3,0,2,1,1,1,0.9814,0.9922,0.8643,0.9307,783.0,336.5,653.5,346.0,720.0,393.5,696.0,398.0,129.848,24.4182,0.1881,1,1,123,1
123,3,0,1,1,1,1,0.9873,0.9897,0.9253,0.9302,601.0,293.0,468.75,291.0,543.0,297.0,504.75,307.5,132.2651,39.665,0.2999,1,1,124,1
123,3,0,2,1,1,1,0.9839,0.9897,0.8901,0.9209,783.0,337.0,653.5,343.0,730.0,389.5,693.0,397.5,129.6389,37.855,0.292,1,1,124,1
123,3,0,0,1,1,1,0.9897,0.9902,0.917,0.9155,953.5,346.5,833.0,352.0,908.5,393.0,885.5,375.0,120.6255,29.2062,0.2421,1,1,124,1
124,3,0,1,1,1,1,0.9878,0.9893,0.9165,0.9272,600.0,291.5,467.5,292.0,541.5,296.0,506.5,297.0,132.5009,35.0143,0.2643,1,1,125,1
124,3,0,2,1,1,1,0.9819,0.9922,0.8657,0.9331,782.5,335.0,653.0,342.5,725.5,393.5,697.5,400.0,129.717,28.7446,0.2216,1,1,125,1
124,3,0,0,1,1,1,0.9902,0.9897,0.9204,0.9111,953.5,347.0,835.0,352.5,906.0,388.5,886.0,378.0,118.6276,22.5887,0.1904,1,1,125,1
125,3,0,0,1,1,1,0.9863,0.981,0.9155,0.8906,951.0,352.0,832.5,351.5,928.5,393.0,879.0,367.5,118.5011,55.6821,0.4699,1,1,126,1
125,3,0,1,1,1,1,0.9873,0.9902,0.9111,0.9302,598.0,291.0,467.75,292.0,539.5,295.5,504.25,304.5,130.2538,36.3808,0.2793,1,1,126,1
125,3,0,2,1,1,1,0.9873,0.9917,0.8916,0.9316,783.0,339.0,650.0,347.0,733.5,389.0,702.5,397.5,133.2404,32.1442,0.2412,1,1,126,1
126,3,0,0,1,1,1,0.9868,0.9814,0.9185,0.8975,951.0,349.5,833.5,351.0,928.0,391.5,880.0,364.0,117.5096,55.3195,0.4708,1,1,127,1
126,3,0,2,1,1,1,0.9883,0.9922,0.8945,0.9316,783.0,337.5,650.5,345.0,734.5,394.5,700.0,399.5,132.7121,34.8604,0.2627,1,1,127,1
126,3,0,1,1,1,1,0.9868,0.9897,0.9092,0.9287,600.5,292.0,468.0,292.0,540.0,296.0,507.75,299.0,132.5,32.3892,0.2444,1,1,127,1
127,3,0,1,1,1,1,0.9873,0.9902,0.9131,0.9321,600.0,291.5,465.75,291.5,541.0,297.0,506.5,294.5,134.25,34.5905,0.2577,1,1,128,1
127,3,0,0,1,1,1,0.9902,0.9902,0.9224,0.9155,953.5,346.5,836.0,351.5,904.5,383.5,888.0,378.0,117.6063,17.3925,0.1479,1,1,128,1
127,3,0,2,1,1,1,0.9873,0.9922,0.8896,0.9351,784.0,338.5,651.0,346.5,730.0,393.5,699.5,397.5,133.2404,30.7612,0.2309,1,1,128,1
128,3,0,1,1,1,1,0.9873,0.9897,0.9238,0.9302,600.0,293.0,467.75,291.0,540.5,298.0,506.75,300.0,132.2651,33.8092,0.2556,1,1,129,1
128,3,0,0,1,1,1,0.9907,0.9902,0.9258,0.918,954.0,347.0,834.5,352.0,903.5,386.5,886.0,374.0,119.6046,21.5058,0.1798,1,1,129,1
128,3,0,2,1,1,1,0.9878,0.9927,0.8926,0.9351,783.0,338.0,650.5,346.0,731.5,391.0,699.0,399.0,132.7413,33.4701,0.2521,1,1,129,1
129,3,0,0,1,1,1,0.9863,0.9814,0.9189,0.8975,951.5,351.0,833.0,351.5,931.5,394.0,884.0,367.5,118.5011,54.3921,0.459,1,1,130,1
129,3,0,1,1,1,1,0.9873,0.9902,0.9102,0.9316,599.0,292.5,466.5,292.0,543.0,298.0,510.5,297.5,132.5009,32.5038,0.2453,1,1,130,1
129,3,0,2,1,1,1,0.981,0.9922,0.8613,0.9312,783.0,337.0,654.0,345.0,723.5,390.0,695.5,398.5,129.2478,29.2617,0.2264,1,1,130,1
130,3,0,1,1,1,1,0.9873,0.9897,0.9116,0.9287,599.5,292.0,468.0,292.5,541.0,298.0,506.25,304.5,131.501,35.3527,0.2688,1,1,131,1
130,3,0,0,1,1,1,0.9854,0.9805,0.9111,0.8911,951.5,348.0,833.5,348.5,928.0,388.0,885.5,367.5,118.0011,47.1858,0.3999,1,1,131,1
130,3,0,2,1,1,1,0.9873,0.9927,0.8872,0.936,783.0,338.0,650.5,346.5,733.0,392.0,700.0,397.0,132.7724,33.3766,0.2514,1,1,131,1
131,3,0,0,1,1,1,0.9854,0.9805,0.9146,0.894,950.5,347.0,833.5,348.0,928.0,389.0,885.0,359.0,117.0043,52.4309,0.4481,1,1,132,1
131,3,0,1,1,1,1,0.9873,0.9902,0.9126,0.9307,601.0,292.0,466.5,293.0,540.5,296.0,509.0,297.5,134.5037,31.5357,0.2345,1,1,132,1
131,3,0,2,1,1,1,0.9868,0.9922,0.8867,0.9365,783.0,337.5,651.5,346.5,731.0,387.0,703.0,393.0,131.8076,28.6356,0.2173,1,1,132,1
132,3,0,1,1,1,1,0.9873,0.9902,0.9116,0.9307,599.0,291.0,467.0,292.5,539.5,293.0,506.0,298.0,132.0085,33.8711,0.2566,1,1,133,1
132,3,0,2,1,1,1,0.9883,0.9917,0.8975,0.9282,784.5,338.0,651.5,345.5,731.0,393.0,700.5,397.0,133.2113,30.7612,0.2309,1,1,133,1
132,3,0,0,1,1,1,0.9902,0.9907,0.9165,0.9194,953.0,346.5,834.0,350.0,904.0,389.5,889.5,370.0,119.0515,24.3002,0.2041,1,1,133,1
133,3,0,0,1,1,1,0.9868,0.9819,0.9175,0.8965,952.5,348.0,833.0,349.0,927.5,397.5,884.5,370.5,119.5042,50.774,0.4249,1,1,134,1
133,3,0,1,1,1,1,0.9878,0.9893,0.9165,0.9282,599.0,291.0,469.0,292.0,541.0,294.0,506.75,304.5,130.0038,35.8234,0.2756,1,1,134,1
133,3,0,2,1,1,1,0.9878,0.9917,0.8921,0.9287,783.5,337.5,650.5,346.5,731.0,394.0,701.5,393.5,133.3042,29.5042,0.2213,1,1,134,1
134,3,0,0,1,1,1,0.9873,0.98,0.9224,0.8911,952.5,350.5,833.0,349.0,931.0,392.0,880.5,367.5,119.5094,56.1293,0.4697,1,1,135,1
134,3,0,1,1,1,1,0.9917,0.9902,0.9438,0.9312,598.0,291.0,469.25,289.0,541.0,296.0,506.25,308.5,128.7655,36.9298,0.2868,1,1,135,1
134,3,0,2,1,1,1,0.9888,0.9922,0.8989,0.9331,783.0,337.5,651.0,346.0,730.0,395.5,700.0,398.5,132.2734,30.1496,0.2279,1,1,135,1
135,3,0,1,1,1,1,0.9878,0.9902,0.9136,0.9302,598.5,293.0,468.0,292.0,542.5,298.5,507.0,296.0,130.5038,35.5879,0.2727,1,1,136,1
135,3,0,0,1,1,1,0.9868,0.98,0.916,0.8853,952.0,349.5,831.5,349.0,929.5,395.5,877.5,372.5,120.501,56.8595,0.4719,1,1,136,1
135,3,0,2,1,1,1,0.9883,0.9927,0.8901,0.9355,784.0,338.0,650.5,346.5,732.0,395.0,699.5,396.5,133.7703,32.5346,0.2432,1,1,136,1
136,3,0,0,1,1,1,0.9863,0.9819,0.9136,0.895,951.5,352.0,834.0,350.0,929.0,397.0,883.0,369.0,117.517,53.8516,0.4582,1,1,137,1
136,3,0,2,1,1,1,0.9888,0.9922,0.8984,0.9336,783.5,339.0,650.5,347.0,729.5,398.5,701.5,396.5,133.2404,28.0713,0.2107,1,1,137,1
136,3,0,1,1,1,1,0.9873,0.9902,0.9126,0.9321,599.5,292.0,466.5,292.5,540.0,296.5,507.0,295.0,133.0009,33.0341,0.2484,1,1,137,1
137,3,0,0,1,1,1,0.9868,0.9805,0.9189,0.8916,952.0,351.0,834.0,349.0,928.0,390.0,884.5,366.0,118.0169,49.6815,0.421,1,1,138,1
137,3,0,1,1,1,1,0.9907,0.9902,0.9395,0.9282,599.0,290.5,468.0,288.0,540.5,296.5,506.0,304.5,131.0239,35.4154,0.2703,1,1,138,1
137,3,0,2,1,1,1,0.9829,0.9912,0.8745,0.9238,779.0,335.5,652.0,344.0,721.0,393.5,696.5,401.5,127.2841,25.773,0.2025,1,1,138,1
138,3,0,0,1,1,1,0.9858,0.9795,0.9146,0.8843,951.0,349.0,835.0,348.0,929.5,394.5,884.0,374.0,116.0043,49.9049,0.4302,1,1,139,1
138,3,0,1,1,1,1,0.9868,0.9897,0.9102,0.9307,599.5,291.5,467.0,292.0,540.0,298.0,506.75,299.5,132.5009,33.2838,0.2512,1,1,139,1
138,3,0,2,1,1,1,0.9883,0.9917,0.8989,0.9287,782.5,339.0,651.0,346.5,731.0,388.5,698.5,397.0,131.7137,33.5932,0.255,1,1,139,1
139,3,0,0,1,1,1,0.9844,0.981,0.9058,0.8936,952.0,348.0,833.5,348.5,928.0,391.0,883.0,360.0,118.5011,54.6443,0.4611,1,1,140,1
139,3,0,2,1,1,1,0.9868,0.9927,0.8833,0.938,783.5,337.5,650.0,347.5,734.0,401.0,698.5,397.0,133.874,35.7246,0.2669,1,1,140,1
139,3,0,1,1,1,1,0.9888,0.9888,0.9238,0.9248,598.5,293.0,467.25,292.0,540.5,297.5,505.75,304.5,131.2538,35.448,0.2701,1,1,140,1
140,3,0,2,1,1,1,0.9863,0.9922,0.8823,0.9355,784.0,338.5,650.0,348.0,730.5,394.0,699.0,394.5,134.3363,31.504,0.2345,1,1,141,1
140,3,0,1,1,1,1,0.9878,0.9907,0.915,0.9341,599.0,292.0,466.75,293.0,541.0,295.0,506.75,303.0,132.2538,35.1719,0.2659,1,1,141,1
140,3,0,0,1,1,1,0.9897,0.9907,0.9155,0.9214,954.5,345.5,835.0,352.0,905.0,388.5,889.0,365.5,119.6766,28.0179,0.2341,1,1,141,1
141,3,0,0,1,1,1,0.9849,0.9805,0.9087,0.8901,952.0,348.5,832.5,347.0,930.5,392.5,879.0,376.5,119.5094,53.9282,0.4512,1,1,142,1
141,3,0,1,1,1,1,0.9883,0.9902,0.9165,0.9302,599.5,291.0,468.5,292.0,539.5,295.5,505.25,301.0,131.0038,34.6888,0.2648,1,1,142,1
141,3,0,2,1,1,1,0.9883,0.9917,0.895,0.9302,783.5,337.5,652.5,346.0,729.0,391.5,699.5,398.0,131.2755,30.2076,0.2301,1,1,142,1
142,3,0,0,1,1,1,0.9897,0.9902,0.917,0.917,954.0,347.0,834.0,351.0,907.0,392.0,886.0,374.0,120.0666,27.6586,0.2304,1,1,143,1
142,3,0,1,1,1,1,0.9878,0.9893,0.9155,0.9282,598.0,291.5,467.25,292.0,541.0,295.5,506.75,300.0,130.751,34.5444,0.2642,1,1,143,1
142,3,0,2,1,1,1,0.9873,0.9927,0.8872,0.9355,784.0,338.5,650.5,346.0,726.5,392.0,700.0,399.0,133.7105,27.4089,0.205,1,1,143,1
143,3,0,1,1,1,1,0.9883,0.9902,0.9175,0.9312,599.0,292.5,467.0,293.0,541.0,300.0,506.25,301.0,132.0009,34.7644,0.2634,1,1,144,1
143,3,0,0,1,1,1,0.9897,0.9907,0.9185,0.9219,954.5,347.0,835.0,351.0,908.0,386.5,889.5,372.0,119.5669,23.5053,0.1966,1,1,144,1
143,3,0,2,1,1,1,0.9878,0.9922,0.8926,0.9346,784.0,338.5,650.0,346.0,728.0,393.5,699.5,397.0,134.2097,28.7141,0.2139,1,1,144,1
144,3,0,2,1,1,1,0.9888,0.9917,0.9004,0.9316,782.5,339.5,650.5,347.0,728.5,392.0,694.5,397.5,132.2129,34.442,0.2605,1,1,145,1
144,3,0,0,1,1,1,0.9873,0.981,0.9194,0.8921,954.0,349.5,834.0,349.5,925.0,391.0,884.5,365.5,120.0,47.8592,0.3988,1,1,145,1
144,3,0,1,1,1,1,0.9878,0.9907,0.9141,0.9336,598.0,292.5,465.5,293.0,540.0,296.5,508.25,298.5,132.5009,31.8129,0.2401,1,1,145,1
145,3,0,0,1,1,1,0.9858,0.979,0.9116,0.8804,953.5,350.5,834.0,350.0,926.5,387.5,879.5,374.5,119.501,48.7647,0.4081,1,1,146,1
145,3,0,1,1,1,1,0.9863,0.9897,0.9062,0.9287,599.0,292.0,466.5,292.0,538.5,296.5,507.25,296.5,132.5,31.25,0.2358,1,1,146,1
145,3,0,2,1,1,1,0.9873,0.9922,0.8882,0.9326,783.5,338.5,650.0,346.5,727.5,387.5,702.5,396.5,133.7395,26.5707,0.1987,1,1,146,1
146,3,0,1,1,1,1,0.9878,0.9902,0.9136,0.9307,598.5,292.0,466.25,292.0,539.0,297.0,506.0,301.0,132.25,33.2415,0.2514,1,1,147,1
146,3,0,2,1,1,1,0.9883,0.9922,0.895,0.9326,784.0,339.0,651.0,346.5,729.0,394.0,697.0,398.5,133.2113,32.3149,0.2426,1,1,147,1
146,3,0,0,1,1,1,0.9902,0.9902,0.9204,0.9155,954.5,348.0,834.5,352.0,901.5,386.0,887.0,372.5,120.0666,19.8116,0.165,1,1,147,1
147,3,0,1,1,1,1,0.9883,0.9902,0.916,0.9316,599.0,291.0,467.75,292.0,542.5,301.0,506.0,300.5,131.2538,36.5034,0.2781,1,1,148,1
147,3,0,0,1,1,1,0.9902,0.9907,0.9185,0.9185,956.0,346.0,835.5,350.5,902.5,395.0,887.5,375.5,120.584,24.6018,0.204,1,1,148,1
147,3,0,2,1,1,1,0.9873,0.9927,0.8882,0.9351,783.5,338.0,651.0,346.0,730.5,392.0,701.5,397.0,132.7413,29.4279,0.2217,1,1,148,1
148,3,0,1,1,1,1,0.9883,0.9902,0.9165,0.9316,599.0,292.0,467.5,292.5,541.5,300.0,506.5,302.5,131.501,35.0892,0.2668,1,1,149,1
148,3,0,0,1,1,1,0.9902,0.9897,0.9185,0.9121,954.5,347.0,835.0,351.0,907.5,396.5,889.0,376.0,119.5669,27.6134,0.2309,1,1,149,1
148,3,0,2,1,1,1,0.9868,0.9927,0.8838,0.9355,783.0,338.0,650.5,346.5,731.0,393.0,700.5,396.5,132.7724,30.7002,0.2312,1,1,149,1
149,3,0,1,1,1,1,0.9868,0.9907,0.9087,0.9346,597.5,291.5,466.75,292.0,542.0,300.0,507.5,301.5,130.751,34.5326,0.2641,1,1,150,1
149,3,0,0,1,1,1,0.9902,0.9907,0.918,0.9204,956.0,345.0,836.0,349.5,903.5,390.5,889.0,369.0,120.0843,25.9326,0.216,1,1,150,1
149,3,0,2,1,1,1,0.9878,0.9922,0.8926,0.9331,783.5,338.0,651.5,345.5,729.0,391.0,702.0,396.5,132.2129,27.5545,0.2084,1,1,150,1
150,3,0,0,1,1,1,0.9888,0.9907,0.9077,0.9199,955.0,348.0,834.0,350.5,904.0,384.0,888.5,372.5,121.0258,19.3003,0.1595,1,1,151,1
150,3,0,2,1,1,1,0.9873,0.9927,0.8843,0.936,784.0,339.0,651.0,346.5,732.0,394.5,701.0,395.5,133.2113,31.0161,0.2328,1,1,151,1
150,3,0,1,1,1,1,0.9873,0.9907,0.9097,0.9331,598.5,291.0,466.5,292.0,541.0,297.0,506.5,299.5,132.0038,34.5905,0.262,1,1,151,1
151,3,0,1,1,1,1,0.9878,0.9897,0.9253,0.9292,597.0,291.5,466.75,292.0,539.0,295.0,503.75,304.0,130.251,36.3808,0.2793,1,1,152,1
151,3,0,0,1,1,1,0.9888,0.9912,0.9097,0.9229,955.0,346.5,834.5,351.5,903.0,383.0,888.0,367.5,120.6037,21.5697,0.1788,1,1,152,1
151,3,0,2,1,1,1,0.9863,0.9932,0.877,0.9395,783.5,337.5,650.5,347.5,729.5,392.0,702.0,393.0,133.3754,27.5182,0.2063,1,1,152,1
152,3,0,1,1,1,1,0.9873,0.9902,0.9126,0.9312,599.5,291.0,465.75,291.0,541.0,298.0,506.25,299.0,133.75,34.7644,0.2599,1,1,153,1
152,3,0,2,1,1,1,0.9873,0.9927,0.8882,0.9341,785.0,338.0,651.5,347.0,732.5,394.5,699.5,394.0,133.803,33.0038,0.2467,1,1,153,1
152,3,0,0,1,1,1,0.9893,0.9902,0.915,0.918,954.0,348.0,834.0,351.5,904.5,384.0,891.0,377.5,120.051,14.9833,0.1248,1,1,153,1
153,3,0,0,1,1,1,0.9897,0.9907,0.9165,0.9194,954.5,347.5,836.0,350.0,903.5,385.5,891.0,373.5,118.5264,17.3277,0.1462,1,1,154,1
153,3,0,1,1,1,1,0.9873,0.9902,0.9126,0.9331,598.5,291.0,466.75,292.0,544.5,299.5,507.0,300.0,131.7538,37.5033,0.2846,1,1,154,1
153,3,0,2,1,1,1,0.9878,0.9922,0.8916,0.9346,784.5,339.0,652.0,345.5,732.5,393.0,698.5,394.5,132.6593,34.0331,0.2565,1,1,154,1
154,3,0,2,1,1,1,0.9805,0.9922,0.8569,0.9336,785.0,335.0,654.0,345.5,725.5,395.5,695.0,399.5,131.4201,30.7612,0.2341,1,1,155,1
154,3,0,0,1,1,1,0.9863,0.9805,0.9126,0.8892,953.0,350.5,832.0,350.0,923.0,388.0,881.0,370.0,121.001,45.6946,0.3776,1,1,155,1
154,3,0,1,1,1,1,0.9868,0.9907,0.9092,0.9355,599.0,291.0,466.25,292.0,538.5,296.5,508.25,302.0,132.7538,30.7459,0.2316,1,1,155,1
155,3,0,1,1,1,1,0.9863,0.9907,0.9077,0.9341,599.5,292.0,465.0,292.0,538.5,297.0,509.0,300.5,134.5,29.7069,0.2209,1,1,156,1
155,3,0,0,1,1,1,0.9902,0.9902,0.9189,0.9131,954.5,346.5,834.5,350.5,906.5,389.0,891.5,378.5,120.0666,18.3098,0.1525,1,1,156,1
155,3,0,2,1,1,1,0.9834,0.9922,0.8696,0.9395,784.0,339.0,651.5,347.5,735.5,394.0,698.5,387.5,132.7724,37.5666,0.2829,1,1,156,1
156,3,0,1,1,1,1,0.9868,0.9897,0.9092,0.9312,599.0,290.5,467.25,292.0,541.5,298.5,507.0,299.5,131.7585,34.5145,0.262,1,1,157,1
156,3,0,2,1,1,1,0.98,0.9927,0.854,0.9355,786.0,334.0,654.0,343.0,724.0,391.0,698.5,395.5,132.3065,25.894,0.1957,1,1,157,1
156,3,0,0,1,1,1,0.9893,0.9907,0.9097,0.918,956.5,347.5,835.5,352.0,904.5,384.0,887.5,372.0,121.0836,20.8087,0.1719,1,1,157,1
157,3,0,1,1,1,1,0.9873,0.9893,0.9121,0.9263,598.0,292.0,466.75,293.0,540.0,298.5,507.75,301.5,131.2538,32.3892,0.2468,1,1,158,1
157,3,0,0,1,1,1,0.9883,0.9907,0.9058,0.9199,956.0,347.5,836.5,351.5,906.5,381.5,891.0,371.0,119.5669,18.7216,0.1566,1,1,158,1
157,3,0,2,1,1,1,0.9863,0.9927,0.8809,0.9351,786.0,338.0,651.5,347.0,731.5,394.5,703.0,392.0,134.8008,28.6094,0.2122,1,1,158,1
158,3,0,1,1,1,1,0.9873,0.9897,0.9106,0.9307,600.0,292.0,467.25,291.0,541.5,298.5,507.0,305.5,132.7538,35.203,0.2652,1,1,159,1
158,3,0,2,1,1,1,0.9878,0.9922,0.8911,0.9326,785.0,338.0,651.5,347.0,727.5,388.5,700.5,396.5,133.803,28.1603,0.2105,1,1,159,1
158,3,0,0,1,1,1,0.9897,0.9907,0.9165,0.9204,956.5,347.0,835.0,351.5,905.0,385.5,888.0,382.5,121.5833,17.2627,0.142,1,1,159,1
159,3,0,1,1,1,1,0.9863,0.9902,0.9062,0.9312,599.0,292.0,466.75,292.0,542.0,298.5,506.25,299.0,132.25,35.7535,0.2703,1,1,160,1
159,3,0,2,1,1,1,0.9858,0.9937,0.873,0.9424,786.0,338.5,652.0,347.5,735.0,393.0,702.0,396.0,134.3019,33.1361,0.2467,1,1,160,1
159,3,0,0,1,1,1,0.9888,0.9917,0.9087,0.9243,955.5,347.5,835.0,353.5,907.0,382.5,889.0,372.5,120.6493,20.5913,0.1707,1,1,160,1
160,3,0,0,1,1,1,0.9897,0.9902,0.915,0.9146,955.0,347.0,835.5,351.0,906.5,382.5,890.5,376.5,119.5669,17.088,0.1429,1,1,161,1
160,3,0,1,1,1,1,0.9907,0.9893,0.9395,0.9248,597.5,290.5,467.75,289.5,542.5,296.0,502.75,300.0,129.7539,39.9508,0.3079,1,1,161,1
160,3,0,2,1,1,1,0.9873,0.9927,0.8896,0.9365,784.5,338.5,652.0,346.0,730.0,392.0,701.5,399.0,132.7121,29.3471,0.2211,1,1,161,1
161,3,0,1,1,1,1,0.9878,0.9902,0.9116,0.9302,599.0,290.0,466.5,290.5,539.5,295.0,507.0,301.0,132.5009,33.0492,0.2494,1,1,162,1
161,3,0,0,1,1,1,0.9897,0.9902,0.915,0.9165,956.0,348.5,836.5,352.5,909.0,386.0,888.5,374.5,119.5669,23.5053,0.1966,1,1,162,1
161,3,0,2,1,1,1,0.9883,0.9922,0.8945,0.9331,785.5,338.0,652.5,346.0,732.0,394.5,699.0,399.5,133.2404,33.3766,0.2505,1,1,162,1
162,3,0,1,1,1,1,0.9868,0.9897,0.9077,0.9297,599.0,290.0,467.25,292.0,539.0,295.0,508.0,296.5,131.7652,31.0363,0.2355,1,1,163,1
162,3,0,0,1,1,1,0.9897,0.9902,0.9175,0.9194,956.0,348.5,836.5,352.0,909.0,383.5,890.0,374.5,119.5512,21.0238,0.1759,1,1,163,1
162,3,0,2,1,1,1,0.9878,0.9922,0.8931,0.9326,786.0,340.0,651.0,347.5,733.5,397.0,697.5,399.0,135.2082,36.0555,0.2667,1,1,163,1
163,3,0,0,1,1,1,0.9893,0.9902,0.9131,0.9131,954.5,348.0,834.5,351.5,908.0,384.0,894.0,380.0,120.051,14.5602,0.1213,1,1,164,1
163,3,0,1,1,1,1,0.9873,0.9897,0.9219,0.9287,600.0,292.5,468.0,290.0,542.0,301.5,504.5,306.0,132.0237,37.769,0.2861,1,1,164,1
163,3,0,2,1,1,1,0.9868,0.9917,0.8882,0.9316,786.5,339.0,652.5,348.0,728.0,386.5,699.5,395.5,134.3019,29.8873,0.2225,1,1,164,1
164,3,0,0,1,1,1,0.9893,0.9893,0.9116,0.9082,955.5,347.5,835.5,351.5,906.0,387.0,891.5,374.5,120.0666,19.1442,0.1594,1,1,165,1
164,3,0,1,1,1,1,0.9868,0.9897,0.9233,0.9302,601.0,292.0,467.25,290.5,541.0,301.0,504.0,303.5,133.7584,37.0844,0.2772,1,1,165,1
164,3,0,2,1,1,1,0.9873,0.9912,0.8906,0.9268,785.5,339.0,653.0,347.5,726.5,391.0,699.5,398.5,132.7724,28.0223,0.2111,1,1,165,1
165,3,0,1,1,1,1,0.9868,0.9902,0.9092,0.9316,599.0,292.0,466.75,292.0,541.5,296.5,506.0,298.5,132.25,35.5563,0.2689,1,1,166,1
165,3,0,2,1,1,1,0.9868,0.9917,0.8872,0.9321,785.0,337.5,652.0,346.0,734.5,391.5,700.0,394.5,133.2713,34.6302,0.2598,1,1,166,1
165,3,0,0,1,1,1,0.9888,0.9902,0.9121,0.9194,954.5,347.0,835.5,351.5,906.5,382.0,890.0,367.5,119.0851,21.9659,0.1845,1,1,166,1
166,3,0,1,1,1,1,0.9873,0.9907,0.9106,0.937,599.0,291.0,468.0,292.5,540.0,295.0,508.75,298.0,131.0086,31.3937,0.2396,1,1,167,1
166,3,0,0,1,1,1,0.9897,0.9907,0.915,0.9189,955.5,346.5,836.0,351.5,908.5,386.0,888.0,369.5,119.6046,26.3154,0.22,1,1,167,1
166,3,0,2,1,1,1,0.9814,0.9922,0.8647,0.9316,786.5,335.0,653.0,343.5,724.0,391.0,702.5,400.5,133.7703,23.5053,0.1757,1,1,167,1
167,3,0,1,1,1,1,0.9863,0.9912,0.9082,0.937,599.5,290.0,467.75,292.0,541.0,297.0,508.0,297.0,131.7652,33.0,0.2504,1,1,168,1
167,3,0,0,1,1,1,0.9897,0.9912,0.915,0.9224,956.0,347.0,837.0,352.0,913.5,387.5,887.0,375.0,119.105,29.3002,0.246,1,1,168,1
167,3,0,2,1,1,1,0.9878,0.9917,0.895,0.9302,786.0,337.5,652.0,346.5,732.5,391.5,703.5,399.0,134.3019,29.9541,0.223,1,1,168,1
168,3,0,1,1,1,1,0.9868,0.9902,0.9097,0.9312,599.0,291.5,467.0,291.5,542.5,296.5,507.0,303.5,132.0,36.1836,0.2741,1,1,169,1
168,3,0,2,1,1,1,0.9814,0.9927,0.8647,0.9351,785.0,336.0,654.0,344.5,725.0,393.5,694.5,403.0,131.2755,31.9453,0.2433,1,1,169,1
168,3,0,0,1,1,1,0.9893,0.9907,0.9136,0.9199,955.0,346.5,835.5,351.5,908.5,384.0,888.0,373.5,119.6046,23.0326,0.1926,1,1,169,1
169,3,0,2,1,1,1,0.981,0.9927,0.8574,0.9351,785.5,335.0,654.0,344.0,725.5,395.5,696.5,403.0,131.8076,29.9541,0.2273,1,1,170,1
169,3,0,1,1,1,1,0.9858,0.9907,0.9155,0.9346,598.0,290.0,466.0,289.5,540.0,298.0,504.0,309.5,132.0009,37.7922,0.2863,1,1,170,1
169,3,0,0,1,1,1,0.9902,0.9902,0.9204,0.9194,955.0,345.5,836.0,351.0,908.5,382.5,889.0,376.0,119.127,20.5548,0.1725,1,1,170,1
170,3,0,2,1,1,1,0.9829,0.9917,0.8711,0.9268,786.5,336.0,654.0,344.0,724.5,391.0,698.0,406.5,132.7413,30.7002,0.2313,1,1,171,1
170,3,0,0,1,1,1,0.9883,0.9912,0.9043,0.9243,956.0,345.0,835.5,350.5,907.0,381.5,889.0,370.0,120.6255,21.36,0.1771,1,1,171,1
170,3,0,1,1,1,1,0.9878,0.9902,0.9253,0.9307,599.5,292.0,467.25,290.5,542.0,298.5,503.75,305.5,132.2585,38.8852,0.294,1,1,171,1
171,3,0,1,1,1,1,0.9878,0.9897,0.9146,0.9302,599.5,291.0,466.5,292.0,541.0,296.5,506.5,301.5,133.0038,34.8604,0.2621,1,1,172,1
171,3,0,2,1,1,1,0.981,0.9922,0.8643,0.9326,786.0,335.0,654.0,343.0,725.5,389.0,694.5,407.5,132.2422,36.1006,0.273,1,1,172,1
171,3,0,0,1,1,1,0.9893,0.9902,0.9131,0.9194,955.5,346.0,835.5,351.0,906.5,383.5,892.5,369.0,120.1041,20.1556,0.1678,1,1,172,1
172,3,0,0,1,1,1,0.9893,0.9907,0.9111,0.9199,955.0,346.0,836.5,350.5,911.0,386.5,889.0,371.5,118.5854,26.6271,0.2245,1,1,173,1
172,3,0,1,1,1,1,0.9873,0.9902,0.9102,0.9326,600.0,292.0,466.25,291.0,542.5,300.0,507.5,299.5,133.7537,35.0036,0.2617,1,1,173,1
172,3,0,2,1,1,1,0.9868,0.9927,0.8848,0.936,785.0,337.5,651.5,347.0,730.0,390.0,700.5,399.5,133.8376,30.9919,0.2316,1,1,173,1
173,3,0,1,1,1,1,0.9873,0.9907,0.9106,0.9321,599.5,291.0,467.5,292.5,543.5,296.0,506.25,297.5,132.0085,37.2802,0.2824,1,1,174,1
173,3,0,0,1,1,1,0.9897,0.9902,0.9141,0.9146,954.5,346.0,835.5,351.0,909.5,386.0,889.5,380.0,119.105,20.8806,0.1753,1,1,174,1
173,3,0,2,1,1,1,0.9873,0.9922,0.8906,0.9341,785.0,338.0,652.0,347.0,729.5,390.0,704.5,396.5,133.3042,25.8312,0.1938,1,1,174,1
174,3,0,1,1,1,1,0.9863,0.9902,0.9048,0.9331,600.5,291.0,467.0,292.0,539.5,295.5,507.5,293.0,133.5037,32.0975,0.2404,1,1,175,1
174,3,0,2,1,1,1,0.9878,0.9927,0.8926,0.936,786.5,338.0,652.5,347.0,728.0,395.0,700.0,396.5,134.3019,28.0401,0.2088,1,1,175,1
174,3,0,0,1,1,1,0.9888,0.9917,0.9072,0.9282,957.0,346.0,836.5,351.0,909.5,385.0,891.0,370.0,120.6037,23.817,0.1975,1,1,175,1
175,3,0,0,1,1,1,0.9883,0.9907,0.9092,0.9243,956.5,346.0,835.5,352.5,910.0,383.0,887.5,371.5,121.1745,25.2686,0.2085,1,1,176,1
175,3,0,2,1,1,1,0.9824,0.9917,0.8755,0.9312,785.0,334.5,654.0,343.0,723.0,390.0,698.5,405.0,131.2755,28.7272,0.2188,1,1,176,1
175,3,0,1,1,1,1,0.9883,0.9888,0.9316,0.9248,600.0,292.0,468.75,291.0,538.5,296.0,504.5,305.5,131.2538,35.3023,0.269,1,1,176,1
176,3,0,0,1,1,1,0.9888,0.9907,0.9092,0.9189,956.5,346.5,835.0,353.0,911.0,385.0,889.0,378.5,121.6737,22.9401,0.1885,1,1,177,1
176,3,0,2,1,1,1,0.9868,0.9917,0.8867,0.9312,786.5,338.0,651.5,347.5,729.0,394.5,700.0,398.5,135.3338,29.2746,0.2163,1,1,177,1
176,3,0,1,1,1,1,0.9863,0.9893,0.9106,0.9287,600.0,291.5,468.0,292.0,538.5,294.5,506.75,302.5,132.0009,32.7424,0.248,1,1,177,1
177,3,0,0,1,1,1,0.9888,0.9902,0.9097,0.917,955.0,346.0,834.5,351.5,914.0,385.0,892.5,376.0,120.6255,23.3077,0.1932,1,1,178,1
177,3,0,1,1,1,1,0.9873,0.9902,0.9121,0.9312,598.5,291.0,467.25,292.0,538.5,296.5,508.0,294.5,131.2538,30.5655,0.2329,1,1,178,1
177,3,0,2,1,1,1,0.9868,0.9917,0.8862,0.9316,786.0,338.0,651.5,348.0,733.5,390.0,699.5,393.5,134.8712,34.1797,0.2534,1,1,178,1
178,3,0,0,1,1,1,0.9883,0.9912,0.9058,0.9229,955.5,345.0,836.0,352.5,911.0,384.0,888.5,375.0,119.7351,24.2332,0.2024,1,1,179,1
178,3,0,1,1,1,1,0.9868,0.9897,0.9097,0.9312,599.0,293.0,466.5,293.0,540.5,298.0,508.75,296.0,132.5,31.8129,0.2401,1,1,179,1
178,3,0,2,1,1,1,0.9873,0.9917,0.8926,0.9312,785.5,338.0,650.5,348.5,729.0,395.0,702.5,397.5,135.4077,26.6177,0.1966,1,1,179,1
179,3,0,1,1,1,1,0.9868,0.9897,0.9106,0.9302,599.0,292.0,468.5,292.5,541.5,297.0,507.5,307.0,130.501,35.4401,0.2716,1,1,180,1
179,3,0,2,1,1,1,0.9829,0.9912,0.8779,0.9282,786.0,335.5,654.5,345.5,720.0,389.5,698.0,400.5,131.8797,24.5967,0.1865,1,1,180,1
179,3,0,0,1,1,1,0.9893,0.9907,0.9146,0.9189,955.0,346.5,835.0,350.5,910.0,384.5,893.5,375.5,120.0666,18.7949,0.1565,1,1,180,1
180,3,0,0,1,1,1,0.9893,0.9912,0.9141,0.9233,955.0,346.0,835.5,351.5,909.5,385.5,891.5,373.0,119.6265,21.9146,0.1832,1,1,181,1
180,3,0,2,1,1,1,0.9834,0.9917,0.8765,0.9287,786.0,335.0,654.0,345.0,718.5,391.0,698.0,401.0,132.3782,22.809,0.1723,1,1,181,1
180,3,0,1,1,1,1,0.9873,0.9902,0.9219,0.9302,599.0,291.5,467.25,291.0,541.5,297.0,507.0,306.5,131.7509,35.7841,0.2716,1,1,181,1
181,3,0,0,1,1,1,0.9888,0.9917,0.9087,0.9277,957.0,343.5,837.0,350.5,910.5,384.5,891.5,367.0,120.204,25.8312,0.2149,1,1,182,1
181,3,0,2,1,1,1,0.9878,0.9922,0.8931,0.9351,786.5,337.5,653.0,347.0,729.0,389.0,700.5,398.0,133.8376,29.8873,0.2233,1,1,182,1
181,3,0,1,1,1,1,0.9868,0.9897,0.9092,0.9292,601.5,291.5,467.25,292.0,541.0,300.5,507.0,300.5,134.2509,34.0,0.2533,1,1,182,1
182,3,0,1,1,1,1,0.9868,0.9902,0.9072,0.9321,599.5,292.0,466.5,292.0,541.0,298.0,507.25,302.0,133.0,33.9862,0.2555,1,1,183,1
182,3,0,2,1,1,1,0.9829,0.9917,0.8735,0.9282,785.0,335.0,654.5,343.5,722.0,392.5,698.0,402.0,130.7765,25.8118,0.1974,1,1,183,1
182,3,0,0,1,1,1,0.9888,0.9912,0.9092,0.9233,956.0,344.0,836.0,350.0,912.0,387.0,890.5,372.0,120.1499,26.2155,0.2182,1,1,183,1
183,3,0,1,1,1,1,0.9873,0.9902,0.9131,0.9321,600.5,291.0,469.0,292.0,540.0,297.0,508.0,298.5,131.5038,32.0351,0.2436,1,1,184,1
183,3,0,2,1,1,1,0.9824,0.9922,0.8706,0.9321,786.5,334.5,653.0,343.5,723.0,388.0,701.0,398.0,133.803,24.1661,0.1806,1,1,184,1
183,3,0,0,1,1,1,0.9897,0.9907,0.9185,0.9199,955.0,346.0,834.5,350.0,911.0,384.0,889.5,378.0,120.5664,22.3215,0.1851,1,1,184,1
184,3,0,1,1,1,1,0.9878,0.9907,0.9141,0.9341,600.5,291.0,467.75,292.0,540.5,294.5,507.75,295.0,132.7538,32.7538,0.2467,1,1,185,1
184,3,0,0,1,1,1,0.9893,0.9907,0.9146,0.9209,956.5,346.0,834.5,350.5,909.0,383.5,888.0,380.0,122.083,21.2897,0.1744,1,1,185,1
184,3,0,2,1,1,1,0.9873,0.9927,0.8887,0.936,786.0,338.5,651.0,348.0,730.5,388.0,700.5,398.5,135.3338,31.7844,0.2349,1,1,185,1
185,3,0,0,1,1,1,0.9888,0.9907,0.9092,0.9204,955.5,345.0,836.5,352.0,910.0,382.0,891.5,367.0,119.2057,23.817,0.1998,1,1,186,1
185,3,0,2,1,1,1,0.9873,0.9922,0.8901,0.9331,785.5,337.0,652.5,347.5,731.0,388.5,700.5,392.0,133.4138,30.7002,0.2301,1,1,186,1
185,3,0,1,1,1,1,0.9863,0.9902,0.9048,0.9316,601.0,291.0,467.75,291.0,540.5,297.0,507.0,295.5,133.25,33.5336,0.2517,1,1,186,1
186,3,0,1,1,1,1,0.9868,0.9897,0.9097,0.9302,601.0,290.0,469.25,291.0,540.0,295.5,509.0,296.0,131.7538,31.004,0.2353,1,1,187,1
186,3,0,2,1,1,1,0.9868,0.9922,0.8872,0.9351,786.5,338.0,652.5,347.5,732.0,393.0,698.5,396.0,134.3363,33.6341,0.2504,1,1,187,1
186,3,0,0,1,1,1,0.9883,0.9907,0.9072,0.9204,956.0,346.5,835.5,352.0,909.0,382.0,890.5,373.5,120.6255,20.3593,0.1688,1,1,187,1
187,3,0,0,1,1,1,0.9883,0.9907,0.9058,0.9233,955.5,344.5,836.5,351.0,911.5,385.5,889.5,372.5,119.1774,25.5539,0.2144,1,1,188,1
187,3,0,1,1,1,1,0.9863,0.9897,0.9082,0.9316,600.0,290.5,467.0,290.0,543.5,298.0,507.75,301.5,133.0009,35.9209,0.2701,1,1,188,1
187,3,0,2,1,1,1,0.9868,0.9922,0.8882,0.9331,787.0,337.5,652.0,347.5,731.0,389.5,702.0,402.0,135.3699,31.5793,0.2333,1,1,188,1
188,3,0,1,1,1,1,0.9878,0.9893,0.9253,0.9253,601.0,294.5,468.5,292.5,543.0,302.0,504.0,306.0,132.5151,39.2046,0.2959,1,1,189,1
188,3,0,2,1,1,1,0.9873,0.9927,0.8887,0.9385,785.5,337.0,654.0,346.5,737.0,392.0,696.5,399.0,131.8427,41.1005,0.3117,1,1,189,1
188,3,0,0,1,1,1,0.9888,0.9912,0.9082,0.9224,955.0,345.0,835.5,351.5,914.0,388.0,889.5,373.0,119.6766,28.7272,0.24,1,1,189,1
189,3,0,1,1,1,1,0.9878,0.9902,0.9136,0.9302,600.0,292.0,468.0,293.0,542.5,299.0,507.25,299.5,132.0038,35.2535,0.2671,1,1,190,1
189,3,0,2,1,1,1,0.9824,0.9927,0.8691,0.9341,785.0,335.0,653.5,344.0,727.0,392.0,696.5,402.5,131.8076,32.2568,0.2447,1,1,190,1
189,3,0,0,1,1,1,0.9883,0.9922,0.9028,0.9292,955.5,345.5,835.5,351.5,913.5,387.0,889.0,374.5,120.1499,27.5045,0.2289,1,1,190,1
190,3,0,0,1,1,1,0.9883,0.9912,0.9048,0.9258,956.5,345.0,836.5,351.0,912.5,387.0,891.5,377.0,120.1499,23.2594,0.1936,1,1,191,1
190,3,0,1,1,1,1,0.9868,0.9907,0.9072,0.9326,600.0,291.0,467.25,292.0,539.5,296.0,508.25,298.5,132.7538,31.3498,0.2362,1,1,191,1
190,3,0,2,1,1,1,0.9839,0.9912,0.8755,0.9321,785.5,340.0,653.0,347.5,731.0,389.0,699.0,389.5,132.7121,32.0039,0.2412,1,1,191,1
191,3,0,2,1,1,1,0.9814,0.9917,0.8672,0.9312,785.5,335.5,654.0,344.0,723.5,389.0,698.5,403.5,131.7744,28.9007,0.2193,1,1,192,1
191,3,0,1,1,1,1,0.9878,0.9893,0.9175,0.9268,600.0,293.0,467.75,292.0,541.5,295.0,508.5,298.0,132.2538,33.1361,0.2505,1,1,192,1
191,3,0,0,1,1,1,0.9883,0.9912,0.9082,0.9243,956.5,345.0,837.0,351.0,912.0,384.5,888.5,375.0,119.6505,25.3476,0.2118,1,1,192,1
192,3,0,1,1,1,1,0.9868,0.9902,0.9097,0.9321,600.5,291.5,468.0,292.0,541.5,294.0,509.5,302.0,132.5009,32.9848,0.2489,1,1,193,1
192,3,0,2,1,1,1,0.981,0.9927,0.8584,0.9351,785.0,336.0,654.0,344.5,723.0,389.5,699.0,400.5,131.2755,26.4008,0.2011,1,1,193,1
192,3,0,0,1,1,1,0.9883,0.9912,0.9072,0.9258,956.5,346.5,837.5,352.5,912.5,390.0,889.5,370.5,119.1512,30.1538,0.2531,1,1,193,1
193,3,0,0,1,1,1,0.9893,0.9888,0.9092,0.9165,956.0,349.5,833.0,351.0,918.5,393.0,889.5,371.0,123.0091,36.4005,0.2959,1,1,194,1
193,3,0,1,1,1,1,0.9868,0.9907,0.9092,0.9346,600.5,291.0,468.0,292.0,543.5,302.0,509.5,298.5,132.5038,34.1797,0.258,1,1,194,1
193,3,0,2,1,1,1,0.9878,0.9922,0.8916,0.9341,784.5,337.5,652.0,347.5,731.5,390.0,698.5,396.0,132.8768,33.541,0.2524,1,1,194,1
194,3,0,1,1,1,1,0.9863,0.9912,0.9038,0.9346,601.0,290.5,467.25,292.0,541.0,296.5,508.5,295.0,133.7584,32.5346,0.2432,1,1,195,1
194,3,0,2,1,1,1,0.9814,0.9922,0.8652,0.9326,785.5,335.0,654.5,343.5,726.0,393.0,696.0,402.0,131.2755,31.3209,0.2386,1,1,195,1
194,3,0,0,1,1,1,0.9873,0.9917,0.8975,0.9302,958.0,346.5,837.0,354.0,913.0,387.0,891.0,376.5,121.2322,24.3772,0.2011,1,1,195,1
195,3,0,1,1,1,1,0.9912,0.9897,0.9331,0.9229,599.5,289.0,468.75,289.5,544.5,296.5,506.25,298.0,130.751,38.2794,0.2928,1,1,196,1
195,3,0,2,1,1,1,0.9873,0.9917,0.8906,0.9321,786.0,338.0,651.0,347.0,729.0,390.0,701.5,397.0,135.2997,28.3769,0.2097,1,1,196,1
195,3,0,0,1,1,1,0.9878,0.9912,0.9058,0.9258,958.0,344.5,838.5,353.0,911.0,383.0,890.5,373.5,119.8019,22.5942,0.1886,1,1,196,1
196,3,0,2,1,1,1,0.9878,0.9917,0.8931,0.9321,786.0,339.0,651.5,347.0,728.5,391.0,699.5,396.5,134.7377,29.5169,0.2191,1,1,197,1
196,3,0,1,1,1,1,0.9868,0.9902,0.9058,0.9321,600.0,290.0,467.25,291.0,541.5,298.0,509.0,302.0,132.7538,32.7452,0.2467,1,1,197,1
196,3,0,0,1,1,1,0.9893,0.9893,0.9121,0.918,957.0,349.0,834.5,351.0,918.0,386.0,885.0,369.5,122.5163,36.8951,0.3011,1,1,197,1
197,3,0,1,1,1,1,0.9868,0.9902,0.9077,0.9331,600.0,291.0,466.0,291.5,541.0,296.0,509.0,293.5,134.0009,32.0975,0.2395,1,1,198,1
197,3,0,0,1,1,1,0.9883,0.9912,0.9028,0.9253,958.5,345.5,837.5,352.5,914.0,389.0,892.5,371.0,121.2023,28.0401,0.2313,1,1,198,1
197,3,0,2,1,1,1,0.9819,0.9917,0.8682,0.9277,785.0,334.5,655.0,343.0,727.5,390.5,697.0,400.5,130.2776,32.0975,0.2464,1,1,198,1
198,3,0,0,1,1,1,0.9888,0.9912,0.9048,0.9233,959.0,344.5,838.0,353.5,914.0,392.0,893.0,374.0,121.3342,27.6586,0.228,1,1,199,1
198,3,0,1,1,1,1,0.9868,0.9907,0.9062,0.9346,601.0,291.0,467.25,291.0,539.5,295.0,512.0,297.5,133.75,27.6134,0.2065,1,1,199,1
198,3,0,2,1,1,1,0.9868,0.9917,0.8887,0.9316,784.5,337.0,652.5,346.0,730.5,389.0,701.0,397.5,132.3065,30.7002,0.232,1,1,199,1
199,3,0,2,1,1,1,0.9819,0.9922,0.8696,0.9326,787.0,336.0,654.5,344.0,722.0,388.0,697.0,401.5,132.7413,28.4121,0.214,1,1,200,1
199,3,0,1,1,1,1,0.9907,0.9902,0.9404,0.9312,599.5,289.0,467.75,288.0,542.0,294.0,509.25,304.0,131.7538,34.2427,0.2599,1,1,200,1
199,3,0,0,1,1,1,0.9878,0.9917,0.9033,0.9282,958.0,345.0,838.0,352.5,915.0,388.5,893.0,374.5,120.2341,26.0768,0.2169,1,1,200,1
200,3,0,0,1,1,1,0.9883,0.9917,0.9077,0.9277,958.0,344.0,838.5,352.5,912.0,387.5,891.5,374.5,119.8019,24.2745,0.2026,1,1,201,1
200,3,0,2,1,1,1,0.9795,0.9927,0.856,0.938,785.0,335.5,654.0,344.0,723.0,389.0,695.5,400.5,131.2755,29.8077,0.2271,1,1,201,1
200,3,0,1,1,1,1,0.9868,0.9912,0.9082,0.9365,602.0,289.0,468.0,290.5,541.0,296.5,509.5,296.0,134.0084,31.504,0.2351,1,1,201,1
201,3,0,1,1,1,1,0.9912,0.9888,0.9434,0.9219,599.0,291.0,469.25,288.5,541.5,295.5,504.25,297.5,129.7741,37.3037,0.2875,1,1,202,1
201,3,0,2,1,1,1,0.9868,0.9912,0.8916,0.9277,786.0,338.5,651.0,348.0,728.5,389.5,701.0,399.0,135.3338,29.0947,0.215,1,1,202,1
201,3,0,0,1,1,1,0.9883,0.9873,0.9146,0.9194,954.0,353.0,837.0,352.0,926.0,389.0,894.0,376.0,117.0043,34.5398,0.2952,1,1,202,1
202,3,0,1,1,1,1,0.9873,0.9912,0.9097,0.9355,600.0,291.0,469.0,291.5,542.5,298.5,508.0,294.5,131.001,34.7311,0.2651,1,1,203,1
202,3,0,2,1,1,1,0.98,0.9927,0.8545,0.9365,785.0,335.0,653.5,344.0,725.0,392.0,698.0,402.0,131.8076,28.7924,0.2184,1,1,203,1
202,3,0,0,1,1,1,0.9883,0.9912,0.9043,0.9229,959.0,347.0,839.0,353.0,916.5,385.0,890.0,382.0,120.1499,26.6693,0.222,1,1,203,1
203,3,0,1,1,1,1,0.9863,0.9907,0.9053,0.9351,601.0,292.0,467.5,292.0,541.5,297.0,509.75,293.5,133.5,31.9423,0.2393,1,1,204,1
203,3,0,2,1,1,1,0.981,0.9932,0.8604,0.939,785.0,334.0,653.0,343.0,725.0,390.5,698.0,402.0,132.3065,29.3471,0.2218,1,1,204,1
203,3,0,0,1,1,1,0.9888,0.9912,0.9087,0.9229,958.0,345.5,838.5,352.5,916.5,387.0,891.0,378.0,119.7048,27.0416,0.2259,1,1,204,1
204,3,0,0,1,1,1,0.9878,0.9917,0.9028,0.9297,958.0,347.0,838.5,354.5,913.0,383.0,890.5,370.0,119.7351,25.9856,0.217,1,1,205,1
204,3,0,1,1,1,1,0.9878,0.9902,0.915,0.9312,600.0,291.0,467.5,293.0,541.0,295.5,507.0,300.5,132.5151,34.3657,0.2593,1,1,205,1
204,3,0,2,1,1,1,0.9858,0.9927,0.8794,0.9365,785.5,339.0,650.5,348.0,734.0,396.5,700.5,400.0,135.2997,33.6823,0.2489,1,1,205,1
205,3,0,0,1,1,1,0.9878,0.9917,0.9048,0.9287,958.0,346.0,838.5,352.5,914.0,387.0,891.0,376.0,119.6766,25.4951,0.213,1,1,206,1
205,3,0,1,1,1,1,0.9863,0.9902,0.9058,0.9321,601.0,290.0,468.25,292.0,543.0,298.0,508.75,300.0,132.7651,34.3083,0.2584,1,1,206,1
205,3,0,2,1,1,1,0.9814,0.9922,0.8647,0.9316,784.5,334.0,653.5,343.0,726.5,392.0,698.5,400.5,131.3088,29.2617,0.2228,1,1,206,1
206,3,0,1,1,1,1,0.9873,0.9907,0.9102,0.936,600.0,290.0,466.25,291.0,541.5,295.5,507.75,294.5,133.7537,33.7648,0.2524,1,1,207,1
206,3,0,0,1,1,1,0.9873,0.9912,0.8975,0.9253,957.5,346.5,837.0,352.5,912.0,384.0,893.0,375.5,120.6493,20.8147,0.1725,1,1,207,1
206,3,0,2,1,1,1,0.9863,0.9917,0.8838,0.9316,784.5,338.5,652.0,347.0,733.0,394.5,698.0,395.5,132.7724,35.0143,0.2637,1,1,207,1
207,3,0,1,1,1,1,0.9888,0.9897,0.9321,0.9312,599.0,291.0,468.25,290.0,544.0,298.0,507.75,303.5,130.7538,36.6649,0.2804,1,1,208,1
207,3,0,0,1,1,1,0.9883,0.9912,0.9077,0.9248,959.0,345.5,838.0,353.0,915.0,387.5,890.5,377.0,121.2322,26.6552,0.2199,1,1,208,1
207,3,0,2,1,1,1,0.9858,0.9917,0.8833,0.9331,784.5,338.5,652.0,348.0,734.5,394.0,701.0,400.0,132.8401,34.0331,0.2562,1,1,208,1
208,3,0,0,1,1,1,0.9878,0.9917,0.9014,0.9263,958.0,345.5,836.5,352.0,914.0,391.5,891.0,380.5,121.6737,25.4951,0.2095,1,1,209,1
208,3,0,2,1,1,1,0.9858,0.9922,0.8784,0.9331,785.0,337.0,651.5,347.0,732.5,389.5,700.0,394.5,133.874,32.8824,0.2456,1,1,209,1
208,3,0,1,1,1,1,0.9878,0.9912,0.9141,0.9385,601.5,290.0,467.75,291.5,542.5,297.0,511.75,296.0,133.7584,30.7663,0.23,1,1,209,1
209,3,0,1,1,1,1,0.9878,0.9907,0.9141,0.9336,601.0,292.0,468.0,293.0,541.5,295.5,510.0,294.0,133.0038,31.5357,0.2371,1,1,210,1
209,3,0,2,1,1,1,0.9858,0.9922,0.8813,0.936,784.0,338.0,650.0,347.0,733.0,387.0,701.5,396.0,134.3019,32.7605,0.2439,1,1,210,1
209,3,0,0,1,1,1,0.9878,0.9912,0.9028,0.9248,958.0,346.0,837.5,351.5,914.0,390.0,892.0,376.5,120.6255,25.8118,0.214,1,1,210,1
210,3,0,1,1,1,1,0.9878,0.9912,0.9126,0.939,600.0,290.0,466.5,292.5,541.5,296.5,509.25,297.0,133.5234,32.2539,0.2416,1,1,211,1
210,3,0,0,1,1,1,0.9883,0.9917,0.9048,0.9272,957.5,345.5,838.5,350.5,911.5,384.5,889.0,377.0,119.105,23.7171,0.1991,1,1,211,1
210,3,0,2,1,1,1,0.9849,0.9922,0.8735,0.9365,785.0,337.5,650.5,346.0,730.5,392.0,703.0,393.5,134.7683,27.5409,0.2044,1,1,211,1
211,3,0,1,1,1,1,0.9873,0.9902,0.9097,0.9312,601.0,293.0,466.75,294.0,541.5,296.5,507.25,302.5,134.2537,34.7716,0.259,1,1,212,1
211,3,0,2,1,1,1,0.981,0.9922,0.8604,0.9312,783.0,335.0,652.5,343.5,723.5,388.5,696.5,402.5,130.7765,30.4138,0.2326,1,1,212,1
211,3,0,0,1,1,1,0.9888,0.9912,0.9092,0.9224,956.5,345.5,837.5,350.0,914.0,385.5,892.0,378.0,119.0851,23.2433,0.1952,1,1,212,1
212,3,0,0,1,1,1,0.9893,0.9912,0.9116,0.9233,955.5,347.0,838.5,351.0,913.0,383.5,893.0,380.5,117.0684,20.2237,0.1728,1,1,213,1
212,3,0,2,1,1,1,0.9863,0.9922,0.8828,0.9355,785.0,339.0,651.0,347.0,731.5,390.0,699.5,394.5,134.2386,32.3149,0.2407,1,1,213,1
212,3,0,1,1,1,1,0.9878,0.9907,0.9146,0.9351,600.5,293.0,467.75,293.0,544.5,298.5,510.0,296.5,132.75,34.5579,0.2603,1,1,213,1
213,3,0,2,1,1,1,0.9863,0.9927,0.8843,0.9365,783.5,338.0,652.0,347.5,732.0,392.5,699.5,395.5,131.8427,32.6382,0.2476,1,1,214,1
213,3,0,0,1,1,1,0.9893,0.9907,0.9136,0.9229,957.0,346.0,839.0,350.5,911.0,386.5,895.0,375.0,118.0858,19.7041,0.1669,1,1,214,1
213,3,0,1,1,1,1,0.9883,0.9902,0.917,0.9307,601.0,292.5,468.5,292.0,542.0,297.0,510.25,296.5,132.5009,31.7539,0.2397,1,1,214,1
214,3,0,1,1,1,1,0.9868,0.9912,0.9067,0.9355,600.5,290.0,467.75,292.0,540.5,295.0,509.25,297.5,132.7651,31.3498,0.2361,1,1,215,1
214,3,0,0,1,1,1,0.9888,0.9907,0.9102,0.9219,956.0,344.5,838.5,350.0,911.0,384.5,892.5,376.0,117.6287,20.3593,0.1731,1,1,215,1
214,3,0,2,1,1,1,0.981,0.9917,0.8628,0.9302,784.5,335.0,653.5,345.5,723.5,391.0,697.0,398.5,131.4201,27.5409,0.2096,1,1,215,1
215,3,0,1,1,1,1,0.9878,0.9907,0.9131,0.9346,601.0,290.0,467.5,292.0,543.0,300.0,508.0,305.0,133.515,35.3553,0.2648,1,1,216,1
215,3,0,2,1,1,1,0.9858,0.9922,0.8799,0.9346,784.5,338.0,649.5,346.0,730.5,394.0,699.5,395.0,135.2368,31.0161,0.2293,1,1,216,1
215,3,0,0,1,1,1,0.9883,0.9912,0.9072,0.9243,957.0,348.0,838.5,351.5,913.5,382.5,891.5,380.0,118.5517,22.1416,0.1868,1,1,216,1
216,3,0,2,1,1,1,0.9863,0.9927,0.8823,0.938,784.0,338.0,651.0,346.5,731.0,395.0,700.5,393.5,133.2713,30.5369,0.2291,1,1,217,1
216,3,0,0,1,1,1,0.9883,0.9912,0.9043,0.9229,958.0,347.5,838.5,353.0,913.5,380.0,891.5,373.5,119.6265,22.9401,0.1918,1,1,217,1
216,3,0,1,1,1,1,0.9868,0.9917,0.9058,0.939,600.5,291.0,466.25,293.0,542.0,297.0,508.5,299.5,134.2649,33.5932,0.2502,1,1,217,1
217,3,0,1,1,1,1,0.9878,0.9907,0.9141,0.9341,601.0,291.0,467.75,292.0,540.5,295.0,507.25,296.5,133.2538,33.2838,0.2498,1,1,218,1
217,3,0,0,1,1,1,0.9888,0.9912,0.9102,0.9253,956.5,346.0,838.0,350.5,918.0,386.0,892.0,375.5,118.5854,28.0401,0.2365,1,1,218,1
217,3,0,2,1,1,1,0.9868,0.9927,0.8818,0.937,782.5,337.5,650.5,346.5,731.0,394.5,697.5,397.5,132.3065,33.6341,0.2542,1,1,218,1
218,3,0,2,1,1,1,0.9858,0.9927,0.876,0.9385,784.0,338.0,650.5,346.5,729.5,395.0,698.5,398.5,133.7703,31.197,0.2332,1,1,219,1
218,3,0,1,1,1,1,0.9873,0.9907,0.9121,0.9355,601.0,291.0,468.0,293.0,541.5,297.0,509.25,297.0,133.015,32.25,0.2425,1,1,219,1
218,3,0,0,1,1,1,0.9878,0.9917,0.8984,0.9263,958.0,347.0,839.0,352.5,916.5,386.5,890.5,375.0,119.127,28.4297,0.2387,1,1,219,1
219,3,0,0,1,1,1,0.9888,0.9912,0.9053,0.9238,957.5,348.0,836.5,352.0,915.5,391.0,887.5,383.0,121.0661,29.1204,0.2405,1,1,220,1
219,3,0,1,1,1,1,0.9873,0.9907,0.9121,0.936,601.0,291.0,468.5,292.0,541.0,295.0,508.0,297.0,132.5038,33.0606,0.2495,1,1,220,1
219,3,0,2,1,1,1,0.9878,0.9922,0.8896,0.9326,783.0,337.5,650.5,345.5,733.5,397.5,699.5,399.0,132.7413,34.0331,0.2564,1,1,220,1
220,3,0,2,1,1,1,0.9863,0.9932,0.877,0.9385,783.0,338.0,650.0,346.5,734.0,395.5,698.5,401.0,133.2713,35.9235,0.2696,1,1,221,1
220,3,0,1,1,1,1,0.9863,0.9912,0.9048,0.9351,601.5,292.5,468.25,293.0,540.0,295.0,509.5,299.5,133.2509,30.8302,0.2314,1,1,221,1
220,3,0,0,1,1,1,0.9883,0.9912,0.9033,0.9243,957.0,346.0,837.5,350.5,912.5,384.0,890.0,382.0,119.5847,22.5887,0.1889,1,1,221,1
221,3,0,0,1,1,1,0.9878,0.9912,0.9023,0.9243,956.5,346.0,837.0,351.0,919.0,387.5,888.0,385.5,119.6046,31.0644,0.2597,1,1,222,1
221,3,0,2,1,1,1,0.9878,0.9917,0.8921,0.9316,783.5,337.5,650.5,345.5,733.5,398.0,698.0,400.0,133.2404,35.5563,0.2669,1,1,222,1
221,3,0,1,1,1,1,0.9878,0.9907,0.9175,0.9355,601.0,291.0,468.5,292.5,541.5,297.0,508.5,303.5,132.5085,33.6341,0.2538,1,1,222,1
222,3,0,1,1,1,1,0.9873,0.9912,0.9106,0.937,601.5,290.0,468.0,293.0,539.5,296.0,508.0,300.5,133.5337,31.8198,0.2383,1,1,223,1
222,3,0,2,1,1,1,0.9868,0.9932,0.8833,0.939,783.0,338.0,651.0,347.5,736.5,403.5,697.0,401.5,132.3414,39.5506,0.2989,1,1,223,1
222,3,0,0,1,1,1,0.9868,0.9917,0.9033,0.9316,953.5,347.0,840.5,351.5,923.0,386.0,889.5,379.0,113.0896,34.2235,0.3026,1,1,223,1
223,3,0,1,1,1,1,0.9888,0.9897,0.9224,0.9282,600.5,291.5,469.5,292.0,545.5,299.0,505.25,305.5,131.001,40.7715,0.3112,1,1,224,1
223,3,0,2,1,1,1,0.9873,0.9927,0.8887,0.937,782.0,337.5,651.0,346.0,737.0,402.5,698.5,396.5,131.2755,38.9647,0.2968,1,1,224,1
223,3,0,0,1,1,1,0.9888,0.9912,0.9072,0.9248,957.0,346.0,837.0,350.5,917.0,388.0,891.5,370.5,120.0843,30.9273,0.2575,1,1,224,1
224,3,0,2,1,1,1,0.9873,0.9932,0.8872,0.9375,783.0,337.5,652.5,347.5,733.0,397.0,699.5,397.5,130.8826,33.5037,0.256,1,1,225,1
224,3,0,1,1,1,1,0.9873,0.9912,0.9097,0.936,601.5,292.0,468.75,293.0,541.5,297.0,509.75,300.0,132.7538,31.8914,0.2402,1,1,225,1
224,3,0,0,1,1,1,0.9893,0.9917,0.9111,0.9268,957.5,346.0,838.0,351.5,914.0,386.0,891.0,374.0,119.6265,25.9422,0.2169,1,1,225,1
225,3,0,1,1,1,1,0.9883,0.9907,0.9189,0.9346,602.5,291.0,470.5,293.0,541.5,297.5,510.5,301.5,132.0152,31.257,0.2368,1,1,226,1
225,3,0,2,1,1,1,0.9863,0.9927,0.8804,0.938,783.0,338.0,650.0,347.5,731.0,390.5,698.5,396.5,133.3389,33.0492,0.2479,1,1,226,1
225,3,0,0,1,1,1,0.9897,0.9883,0.9175,0.9111,957.0,351.5,832.0,350.5,917.0,385.5,885.5,376.0,125.004,32.9014,0.2632,1,1,226,1
226,3,0,1,1,1,1,0.9873,0.9902,0.9126,0.9321,601.5,293.0,468.0,292.0,542.0,298.5,505.0,307.5,133.5037,38.0789,0.2852,1,1,227,1
226,3,0,0,1,1,1,0.9883,0.9907,0.9077,0.9224,957.5,346.5,838.0,351.0,915.5,383.5,894.0,374.5,119.5847,23.3077,0.1949,1,1,227,1
226,3,0,2,1,1,1,0.9839,0.9932,0.8628,0.9424,782.0,337.0,650.0,346.5,737.5,397.0,697.5,395.0,132.3414,40.05,0.3026,1,1,227,1
227,3,0,2,1,1,1,0.9863,0.9927,0.8818,0.9399,782.5,337.5,650.0,347.5,729.0,397.0,700.0,394.0,132.8768,29.1548,0.2194,1,1,228,1
227,3,0,0,1,1,1,0.9883,0.9912,0.9062,0.9243,957.5,348.0,838.5,351.5,915.0,384.5,892.0,372.5,119.0515,25.9422,0.2179,1,1,228,1
227,3,0,1,1,1,1,0.9878,0.9902,0.9131,0.9316,601.5,292.0,468.5,293.5,540.5,297.0,507.25,303.0,133.0085,33.787,0.254,1,1,228,1
228,3,0,1,1,1,1,0.9888,0.9893,0.9248,0.9248,601.0,292.5,470.5,292.5,542.5,298.0,506.25,304.5,130.5,36.8281,0.2822,1,1,229,1
228,3,0,2,1,1,1,0.9868,0.9927,0.8843,0.938,783.0,338.0,649.5,346.5,732.0,394.0,700.0,397.5,133.7703,32.1908,0.2406,1,1,229,1
228,3,0,0,1,1,1,0.9893,0.9907,0.9136,0.9204,958.0,348.0,837.5,351.5,912.5,386.0,892.5,375.5,120.5508,22.5887,0.1874,1,1,229,1
229,3,0,2,1,1,1,0.9868,0.9927,0.8862,0.937,781.5,337.5,649.5,346.0,732.5,397.0,695.5,398.0,132.2734,37.0135,0.2798,1,1,230,1
229,3,0,1,1,1,1,0.9883,0.9902,0.918,0.9302,601.5,291.0,471.0,291.5,543.5,298.0,506.0,303.0,130.501,37.8319,0.2899,1,1,230,1
229,3,0,0,1,1,1,0.9888,0.9907,0.9097,0.918,957.0,347.0,837.0,351.0,915.0,386.0,891.0,377.5,120.0666,25.4608,0.2121,1,1,230,1
230,3,0,1,1,1,1,0.9868,0.9907,0.9072,0.9346,601.5,291.5,468.75,293.0,543.5,299.5,508.5,299.5,132.7585,35.0,0.2636,1,1,231,1
230,3,0,0,1,1,1,0.9893,0.9912,0.9131,0.9233,958.0,347.0,839.0,351.0,914.0,386.5,892.0,372.5,119.0672,26.0768,0.219,1,1,231,1
230,3,0,2,1,1,1,0.9883,0.9927,0.8926,0.9351,781.5,337.5,649.0,345.0,730.0,396.0,701.0,396.5,132.7121,29.0043,0.2186,1,1,231,1
231,3,0,1,1,1,1,0.9888,0.9902,0.9204,0.9307,602.0,291.5,469.5,293.0,544.5,300.0,509.75,300.0,132.5085,34.75,0.2622,1,1,232,1
231,3,0,0,1,1,1,0.9893,0.9912,0.9141,0.9224,957.0,348.0,838.0,352.0,911.5,382.0,891.0,375.5,119.0672,21.5058,0.1806,1,1,232,1
231,3,0,2,1,1,1,0.9819,0.9917,0.8701,0.9282,781.0,333.5,653.0,343.5,729.0,395.5,693.5,399.0,128.39,35.6721,0.2778,1,1,232,1
232,3,0,0,1,1,1,0.9888,0.9912,0.9092,0.9248,956.5,347.0,837.0,351.5,911.0,382.5,889.5,374.0,119.5847,23.1193,0.1933,1,1,233,1
232,3,0,2,1,1,1,0.9873,0.9927,0.8853,0.937,781.0,337.0,648.5,346.0,732.0,399.0,703.0,394.5,132.8053,29.3471,0.221,1,1,233,1
232,3,0,1,1,1,1,0.9888,0.9912,0.9185,0.937,601.5,290.0,469.75,292.5,543.0,298.5,508.0,297.0,131.7737,35.0321,0.2659,1,1,233,1
233,3,0,1,1,1,1,0.9873,0.9912,0.9097,0.9365,601.0,292.0,467.25,292.5,542.5,297.0,505.5,303.5,133.7509,37.5666,0.2809,1,1,234,1
233,3,0,0,1,1,1,0.9888,0.9912,0.9072,0.9238,955.5,347.0,838.0,352.0,916.5,389.0,890.5,374.5,117.6063,29.77,0.2531,1,1,234,1
233,3,0,2,1,1,1,0.9868,0.9932,0.8823,0.939,781.0,337.5,649.0,345.0,736.0,397.0,696.0,396.0,132.2129,40.0125,0.3026,1,1,234,1
234,3,0,0,1,1,1,0.9883,0.9912,0.9048,0.9229,956.0,347.5,837.0,351.0,913.5,387.0,892.0,375.0,119.0515,24.6221,0.2068,1,1,235,1
234,3,0,1,1,1,1,0.9868,0.9912,0.9097,0.937,601.0,291.5,467.25,293.0,542.5,297.5,507.25,301.5,133.7584,35.4762,0.2652,1,1,235,1
234,3,0,2,1,1,1,0.9868,0.9922,0.8853,0.9341,781.5,337.5,650.0,345.5,736.0,399.0,698.5,395.0,131.7431,37.7127,0.2863,1,1,235,1
235,3,0,0,1,1,1,0.9888,0.9912,0.9111,0.9268,956.0,347.5,837.0,351.5,908.5,382.5,891.0,373.5,119.0672,19.6787,0.1653,1,1,236,1
235,3,0,1,1,1,1,0.9878,0.9907,0.915,0.9336,601.5,291.0,468.75,293.0,544.5,299.0,507.0,305.0,132.7651,37.977,0.286,1,1,236,1
235,3,0,2,1,1,1,0.9873,0.9927,0.8867,0.9375,781.5,337.5,649.0,345.5,728.5,393.0,701.0,396.5,132.7413,27.7218,0.2088,1,1,236,1
236,3,0,1,1,1,1,0.9878,0.9902,0.9253,0.9316,600.0,293.0,469.0,292.0,544.5,298.5,505.5,308.5,131.0038,40.2616,0.3073,1,1,237,1
236,3,0,2,1,1,1,0.9873,0.9922,0.8882,0.9346,781.5,337.0,649.0,345.5,729.0,394.5,699.0,394.0,132.7724,30.0042,0.226,1,1,237,1
236,3,0,0,1,1,1,0.9893,0.9907,0.9136,0.9229,955.5,346.5,836.5,350.5,913.0,383.0,891.5,374.5,119.0672,23.1193,0.1942,1,1,237,1
237,3,0,2,1,1,1,0.9863,0.9927,0.8774,0.938,781.5,337.5,650.0,346.5,734.0,398.5,699.5,395.5,131.8076,34.6302,0.2627,1,1,238,1
237,3,0,1,1,1,1,0.9873,0.9902,0.9102,0.9321,600.0,293.0,469.75,294.0,541.5,297.0,509.0,297.0,130.2538,32.5,0.2495,1,1,238,1
237,3,0,0,1,1,1,0.9888,0.9917,0.9058,0.9248,957.0,347.0,837.5,352.5,911.0,382.0,889.5,367.0,119.6265,26.2155,0.2191,1,1,238,1
238,3,0,1,1,1,1,0.9858,0.9907,0.9053,0.9355,602.0,291.5,468.0,293.5,544.0,298.0,508.0,302.5,134.0149,36.2802,0.2707,1,1,239,1
238,3,0,0,1,1,1,0.9897,0.9912,0.9136,0.9229,957.0,346.0,839.0,350.5,913.0,387.0,891.0,373.5,118.0858,25.8118,0.2186,1,1,239,1
238,3,0,2,1,1,1,0.9863,0.9932,0.8794,0.939,783.5,337.5,650.5,347.0,731.0,395.0,698.0,396.0,133.3389,33.0151,0.2476,1,1,239,1
239,3,0,0,1,1,1,0.9897,0.9912,0.9155,0.9219,955.0,346.0,838.0,350.5,913.0,386.0,890.5,370.5,117.0865,27.3222,0.2334,1,1,240,1
239,3,0,1,1,1,1,0.9878,0.9897,0.916,0.9302,601.5,291.0,469.0,292.5,544.5,298.0,509.25,301.5,132.5085,35.4233,0.2673,1,1,240,1
239,3,0,2,1,1,1,0.9868,0.9927,0.8843,0.9375,782.5,337.0,650.5,347.5,734.5,396.5,700.5,391.5,132.417,34.3657,0.2595,1,1,240,1
240,3,0,1,1,1,1,0.9868,0.9907,0.9102,0.9346,600.5,291.0,469.0,293.0,543.5,297.0,506.75,297.5,131.5152,36.7534,0.2795,1,1,241,1
240,3,0,2,1,1,1,0.9854,0.9927,0.8716,0.9399,781.5,338.0,650.0,347.5,738.5,397.5,698.0,395.0,131.8427,40.5771,0.3078,1,1,241,1
240,3,0,0,1,1,1,0.9897,0.9907,0.916,0.9194,956.5,349.0,838.5,352.0,917.5,386.0,887.0,381.0,118.0381,30.9071,0.2618,1,1,241,1
241,3,0,1,1,1,1,0.9863,0.9912,0.9038,0.937,600.0,293.0,468.25,294.0,544.0,297.5,508.5,299.0,131.7538,35.5317,0.2697,1,1,242,1
241,3,0,0,1,1,1,0.9888,0.9912,0.9097,0.9229,956.0,346.5,837.5,349.0,913.5,385.0,889.0,373.0,118.5264,27.2809,0.2302,1,1,242,1
241,3,0,2,1,1,1,0.9868,0.9922,0.8833,0.9346,782.0,336.5,650.5,347.0,730.5,391.5,697.0,392.5,131.9185,33.5149,0.2541,1,1,242,1
242,3,0,0,1,1,1,0.9893,0.9907,0.9131,0.9194,957.0,347.0,839.0,350.5,909.5,381.0,892.5,374.0,118.0519,18.3848,0.1557,1,1,243,1
242,3,0,1,1,1,1,0.9873,0.9907,0.9111,0.9336,601.5,293.0,469.75,295.5,542.5,298.0,510.5,298.0,131.7737,32.0,0.2428,1,1,243,1
242,3,0,2,1,1,1,0.9868,0.9922,0.8862,0.936,782.5,336.0,651.0,346.5,732.0,393.5,698.0,394.5,131.9185,34.0147,0.2578,1,1,243,1
243,3,0,1,1,1,1,0.9878,0.9897,0.915,0.9297,602.0,293.0,469.0,293.0,544.0,299.5,511.5,300.0,133.0,32.5038,0.2444,1,1,244,1
243,3,0,2,1,1,1,0.9858,0.9932,0.873,0.9404,782.5,336.5,650.0,345.5,736.0,400.0,701.0,396.5,132.8053,35.1746,0.2649,1,1,244,1
243,3,0,0,1,1,1,0.9883,0.9912,0.9048,0.9248,957.5,345.0,839.0,350.0,909.0,381.0,889.0,362.0,118.6054,27.5862,0.2326,1,1,244,1
244,3,0,1,1,1,1,0.9868,0.9907,0.9092,0.9341,601.0,292.0,467.5,293.0,543.5,297.5,509.75,302.0,133.5037,34.0487,0.255,1,1,245,1
244,3,0,0,1,1,1,0.9893,0.9902,0.9131,0.9185,957.5,347.0,840.0,350.5,916.0,389.0,893.0,369.5,117.5521,30.1538,0.2565,1,1,245,1
244,3,0,2,1,1,1,0.9863,0.9927,0.8804,0.939,782.0,336.0,650.0,346.0,732.0,396.0,699.0,396.0,132.3782,33.0,0.2493,1,1,245,1
245,3,0,1,1,1,1,0.9873,0.9907,0.9097,0.9346,601.5,291.0,468.5,293.0,543.0,298.5,507.75,300.0,133.015,35.2819,0.2652,1,1,246,1
245,3,0,2,1,1,1,0.9868,0.9922,0.8853,0.936,783.0,338.0,650.0,347.5,732.0,396.5,699.5,393.5,133.3389,32.6382,0.2448,1,1,246,1
245,3,0,0,1,1,1,0.9888,0.9907,0.9111,0.9219,957.0,347.5,839.0,352.5,914.5,387.5,891.0,373.0,118.1059,27.6134,0.2338,1,1,246,1
246,3,0,1,1,1,1,0.9868,0.9907,0.9087,0.9326,603.0,291.0,469.0,294.0,540.5,295.5,508.0,297.0,134.0336,32.5346,0.2427,1,1,247,1
246,3,0,2,1,1,1,0.9868,0.9927,0.8853,0.9365,782.0,336.0,650.0,346.0,735.0,394.5,698.0,400.0,132.3782,37.4066,0.2826,1,1,247,1
246,3,0,0,1,1,1,0.9893,0.9912,0.9126,0.9219,957.5,344.5,839.0,349.5,914.5,387.5,890.5,376.5,118.6054,26.4008,0.2226,1,1,247,1
247,3,0,1,1,1,1,0.9873,0.9907,0.9092,0.9331,602.0,293.0,467.5,294.0,541.0,297.0,511.0,300.0,134.5037,30.1496,0.2242,1,1,248,1
247,3,0,0,1,1,1,0.9893,0.9912,0.9136,0.9233,956.5,346.5,839.5,350.5,911.5,383.5,892.5,378.0,117.0684,19.78,0.169,1,1,248,1
247,3,0,2,1,1,1,0.9868,0.9927,0.8843,0.936,781.5,336.5,649.5,346.5,734.5,391.5,698.0,396.0,132.3782,36.7764,0.2778,1,1,248,1
248,3,0,1,1,1,1,0.9873,0.9912,0.9106,0.9351,600.5,292.0,468.5,294.0,543.5,300.0,506.0,304.0,132.0152,37.7127,0.2857,1,1,249,1
248,3,0,2,1,1,1,0.9868,0.9927,0.8828,0.937,782.5,337.5,649.0,347.5,730.0,397.0,697.0,395.5,133.874,33.0341,0.2468,1,1,249,1
248,3,0,0,1,1,1,0.9888,0.9907,0.9082,0.9199,957.0,346.5,839.5,350.0,914.5,387.0,891.5,369.0,117.5521,29.2062,0.2485,1,1,249,1
249,3,0,1,1,1,1,0.9868,0.9907,0.9087,0.9336,601.0,291.0,468.0,293.0,542.5,299.0,509.25,299.0,133.015,33.25,0.25,1,1,250,1
249,3,0,2,1,1,1,0.9873,0.9927,0.8887,0.9355,782.5,336.5,650.5,346.5,730.5,393.0,697.0,396.5,132.3782,33.6823,0.2544,1,1,250,1
249,3,0,0,1,1,1,0.9888,0.9917,0.9097,0.9253,957.5,345.5,838.5,349.0,914.5,385.5,891.5,375.0,119.0515,25.2834,0.2124,1,1,250,1
250,3,0,1,1,1,1,0.9868,0.9902,0.9067,0.9307,601.5,290.5,468.5,292.0,544.0,298.0,509.25,300.0,133.0085,34.8075,0.2617,1,1,251,1
250,3,0,2,1,1,1,0.9863,0.9927,0.8774,0.9365,782.0,336.5,649.5,345.5,733.0,398.0,699.5,398.0,132.8053,33.5,0.2522,1,1,251,1
250,3,0,0,1,1,1,0.9888,0.9922,0.9087,0.9302,956.5,345.0,838.5,349.0,912.0,387.0,891.5,376.5,118.0678,23.0326,0.1951,1,1,251,1
251,3,0,0,1,1,1,0.9893,0.9902,0.9141,0.918,958.0,346.5,839.0,350.5,910.5,382.0,890.0,376.0,119.0672,21.36,0.1794,1,1,252,1
251,3,0,1,1,1,1,0.9868,0.9902,0.9082,0.9307,601.0,292.5,467.5,293.5,543.5,300.0,508.5,296.0,133.5037,35.2278,0.2639,1,1,252,1
251,3,0,2,1,1,1,0.9868,0.9922,0.8838,0.9341,782.5,337.5,649.5,347.0,735.5,401.5,699.0,397.5,133.3389,36.7185,0.2754,1,1,252,1
252,3,0,0,1,1,1,0.9888,0.9907,0.9097,0.9199,957.5,346.0,839.5,350.5,913.5,385.0,892.0,376.0,118.0858,23.3077,0.1974,1,1,253,1
252,3,0,2,1,1,1,0.9868,0.9927,0.8833,0.9365,783.0,337.0,651.0,346.5,733.0,400.0,696.0,398.0,132.3414,37.054,0.28,1,1,253,1
252,3,0,1,1,1,1,0.9878,0.9902,0.9136,0.9316,601.5,292.0,467.0,292.0,541.5,298.0,510.25,302.0,134.5,31.505,0.2342,1,1,253,1
253,3,0,2,1,1,1,0.9868,0.9922,0.8848,0.9316,781.5,337.5,649.0,347.5,731.0,394.0,697.0,398.5,132.8768,34.2965,0.2581,1,1,254,1
253,3,0,0,1,1,1,0.9888,0.9907,0.9121,0.9214,958.0,345.0,841.0,348.5,915.5,382.5,892.0,371.0,117.0523,26.163,0.2235,1,1,254,1
253,3,0,1,1,1,1,0.9878,0.9902,0.9165,0.9316,602.0,293.0,469.25,293.0,543.5,301.5,508.5,298.0,132.75,35.1746,0.265,1,1,254,1
254,3,0,1,1,1,1,0.9863,0.9897,0.9077,0.9316,602.5,291.5,468.5,293.5,543.0,298.5,510.25,293.5,134.0149,33.1295,0.2472,1,1,255,1
254,3,0,0,1,1,1,0.9893,0.9907,0.9146,0.9199,958.0,346.5,840.5,350.5,915.5,387.5,891.5,371.5,117.5681,28.8444,0.2453,1,1,255,1
254,3,0,2,1,1,1,0.9868,0.9927,0.8828,0.936,783.0,336.0,649.5,346.5,729.5,393.5,699.0,394.5,133.9123,30.5164,0.2279,1,1,255,1
255,3,0,1,1,1,1,0.9873,0.9893,0.9116,0.9268,603.0,291.5,468.0,293.0,540.5,297.0,508.75,299.5,135.0083,31.8483,0.2359,1,1,256,1
255,3,0,0,1,1,1,0.9888,0.9912,0.9106,0.9224,957.5,346.0,840.5,351.0,909.5,382.0,893.0,372.0,117.1068,19.2938,0.1648,1,1,256,1
255,3,0,2,1,1,1,0.9863,0.9927,0.8799,0.9365,781.5,336.0,648.0,347.0,731.5,398.5,697.0,393.5,133.9524,34.8604,0.2602,1,1,256,1
256,3,0,1,1,1,1,0.9878,0.9893,0.917,0.9282,602.5,292.0,469.0,292.0,542.5,298.0,507.0,301.5,133.5,35.6721,0.2672,1,1,257,1
256,3,0,0,1,1,1,0.9883,0.9912,0.9082,0.9238,957.5,346.5,840.0,349.0,912.5,384.0,892.0,374.5,117.5266,22.5942,0.1922,1,1,257,1
256,3,0,2,1,1,1,0.9863,0.9927,0.8804,0.9355,781.5,336.5,649.0,345.5,730.5,397.0,699.0,397.0,132.8053,31.5,0.2372,1,1,257,1
257,3,0,1,1,1,1,0.9878,0.9902,0.9146,0.9321,601.0,292.5,469.5,293.0,543.5,297.5,509.25,302.0,131.501,34.5444,0.2627,1,1,258,1
257,3,0,2,1,1,1,0.9878,0.9917,0.8916,0.9316,781.5,336.5,649.0,345.0,732.5,394.5,697.5,396.5,132.7724,35.0571,0.264,1,1,258,1
257,3,0,0,1,1,1,0.9897,0.9907,0.9175,0.9185,958.5,345.5,840.0,349.5,915.0,388.5,891.0,371.0,118.5675,29.7027,0.2505,1,1,258,1
258,3,0,2,1,1,1,0.9883,0.9917,0.8965,0.9302,782.0,336.5,649.5,346.0,730.5,393.0,695.0,396.5,132.8401,35.6721,0.2685,1,1,259,1
258,3,0,1,1,1,1,0.9878,0.9907,0.9141,0.9346,603.0,293.0,469.5,293.0,543.5,300.0,507.0,303.0,133.5,36.6231,0.2743,1,1,259,1
258,3,0,0,1,1,1,0.9873,0.9907,0.9067,0.9258,956.0,347.0,841.5,350.5,919.5,388.0,889.5,377.0,114.5535,31.9531,0.2789,1,1,259,1
259,3,0,1,1,1,1,0.9883,0.9907,0.9165,0.9331,603.0,293.0,470.5,294.0,543.5,298.0,509.25,297.0,132.5038,34.2646,0.2586,1,1,260,1
259,3,0,2,1,1,1,0.9868,0.9922,0.8838,0.9346,780.5,336.5,649.0,345.0,732.5,391.5,698.5,394.0,131.7744,34.0918,0.2587,1,1,260,1
259,3,0,0,1,1,1,0.9907,0.9902,0.9238,0.916,958.0,347.5,839.5,350.5,915.5,388.5,890.5,377.0,118.538,27.5182,0.2321,1,1,260,1
260,3,0,2,1,1,1,0.981,0.9922,0.8652,0.9336,782.0,334.0,652.5,343.0,727.0,398.0,698.0,398.5,129.8124,29.0043,0.2234,1,1,261,1
260,3,0,0,1,1,1,0.9893,0.9907,0.9121,0.9214,959.5,346.0,840.5,350.0,915.5,392.5,893.0,370.5,119.0672,31.4682,0.2643,1,1,261,1
260,3,0,1,1,1,1,0.9873,0.9897,0.9141,0.9307,601.5,292.5,469.0,292.0,544.5,299.5,509.5,298.5,132.5009,35.0143,0.2643,1,1,261,1
261,3,0,2,1,1,1,0.9878,0.9922,0.894,0.9355,782.5,337.0,649.5,346.0,734.5,398.0,699.0,396.5,133.3042,35.5317,0.2665,1,1,262,1
261,3,0,0,1,1,1,0.9912,0.9883,0.9272,0.9116,957.0,351.5,834.0,351.0,924.0,396.0,889.5,370.5,123.001,42.901,0.3488,1,1,262,1
261,3,0,1,1,1,1,0.9878,0.9907,0.9141,0.9351,601.5,292.0,468.0,293.0,545.0,298.5,509.5,302.0,133.5037,35.6721,0.2672,1,1,262,1
262,3,0,0,1,1,1,0.9912,0.9873,0.9277,0.9048,958.0,351.5,834.0,349.5,918.0,387.5,887.5,372.5,124.0161,33.989,0.2741,1,1,263,1
262,3,0,2,1,1,1,0.9868,0.9932,0.8823,0.9395,782.5,337.5,648.5,345.5,733.5,396.5,701.0,396.5,134.2386,32.5,0.2421,1,1,263,1
262,3,0,1,1,1,1,0.9883,0.9902,0.9189,0.9321,603.0,291.5,469.5,292.5,544.5,300.0,508.0,304.0,133.5037,36.7185,0.275,1,1,263,1
263,3,0,1,1,1,1,0.9873,0.9912,0.9111,0.9351,603.5,293.0,468.0,293.0,543.5,299.5,506.75,299.5,135.5,36.75,0.2712,1,1,264,1
263,3,0,0,1,1,1,0.9888,0.9917,0.9087,0.9258,958.5,347.0,839.0,350.5,913.0,383.5,893.0,374.0,119.5512,22.1416,0.1852,1,1,264,1
263,3,0,2,1,1,1,0.9814,0.9922,0.8633,0.9316,780.5,333.5,651.5,342.0,720.0,389.5,697.5,398.5,129.2797,24.2332,0.1874,1,1,264,1
264,3,0,0,1,1,1,0.9912,0.9873,0.9248,0.9028,959.0,352.5,834.0,350.0,919.5,391.5,885.0,380.0,125.025,36.3662,0.2909,1,1,265,1
264,3,0,2,1,1,1,0.9878,0.9917,0.8955,0.9312,781.5,337.0,651.5,346.0,732.5,394.0,698.5,396.5,130.3112,34.0918,0.2616,1,1,265,1
264,3,0,1,1,1,1,0.9878,0.9902,0.9131,0.9287,603.0,291.5,471.0,292.0,544.5,299.0,504.75,303.5,132.0009,40.0039,0.3031,1,1,265,1
265,3,0,1,1,1,1,0.9873,0.9897,0.9146,0.9312,603.0,292.0,470.0,292.0,544.0,301.0,510.5,302.0,133.0,33.5149,0.252,1,1,266,1
265,3,0,0,1,1,1,0.9897,0.9912,0.9141,0.9224,959.5,347.5,839.5,351.0,915.5,393.5,891.0,379.5,120.051,28.2179,0.235,1,1,266,1
265,3,0,2,1,1,1,0.9829,0.9917,0.8735,0.9307,782.5,335.5,653.5,344.0,723.0,393.5,695.5,400.0,129.2797,28.2577,0.2186,1,1,266,1
266,3,0,1,1,1,1,0.9878,0.9907,0.916,0.9341,603.0,293.0,470.5,293.0,545.0,300.0,508.0,302.0,132.5,37.054,0.2797,1,1,267,1
266,3,0,2,1,1,1,0.9863,0.9927,0.8799,0.939,782.0,336.5,651.0,346.5,730.5,394.5,697.5,395.0,131.3811,33.0038,0.2512,1,1,267,1
266,3,0,0,1,1,1,0.9893,0.9912,0.9111,0.9224,959.5,346.0,840.5,351.0,912.0,386.0,891.5,378.5,119.105,21.8289,0.1833,1,1,267,1
267,3,0,1,1,1,1,0.9878,0.9907,0.9146,0.9321,602.5,292.5,469.0,293.5,544.0,300.0,508.0,301.0,133.5037,36.0139,0.2698,1,1,268,1
267,3,0,2,1,1,1,0.9824,0.9922,0.8682,0.9307,781.0,335.5,653.0,345.0,723.0,394.0,695.5,399.5,128.3521,28.0446,0.2185,1,1,268,1
267,3,0,0,1,1,1,0.9897,0.9907,0.918,0.9204,957.0,348.0,839.5,352.0,911.5,386.0,892.5,380.5,117.5681,19.78,0.1682,1,1,268,1
268,3,0,1,1,1,1,0.9878,0.9902,0.9136,0.9307,602.0,292.0,469.0,293.0,544.5,298.5,507.5,298.0,133.0038,37.0034,0.2782,1,1,269,1
268,3,0,2,1,1,1,0.9873,0.9917,0.8916,0.9302,782.0,338.0,650.0,348.0,732.0,397.0,697.5,395.0,132.3782,34.5579,0.2611,1,1,269,1
268,3,0,0,1,1,1,0.9893,0.9907,0.9126,0.9214,958.5,346.5,840.0,351.5,916.0,388.0,891.5,371.5,118.6054,29.5381,0.249,1,1,269,1
269,3,0,1,1,1,1,0.9878,0.9893,0.9175,0.9263,603.0,292.0,470.0,293.5,542.5,298.5,506.5,294.5,133.0085,36.2215,0.2723,1,1,270,1
269,3,0,0,1,1,1,0.9893,0.9907,0.9131,0.918,960.0,346.5,839.5,351.0,916.0,390.0,890.5,374.5,120.584,29.8412,0.2475,1,1,270,1
269,3,0,2,1,1,1,0.9868,0.9932,0.8838,0.9409,783.0,337.0,651.0,347.5,735.0,395.0,697.0,392.5,132.417,38.0821,0.2876,1,1,270,1
270,3,0,2,1,1,1,0.9858,0.9937,0.8726,0.9424,783.5,336.5,651.0,348.0,734.5,391.0,694.5,391.5,132.9981,40.0031,0.3008,1,1,271,1
270,3,0,0,1,1,1,0.9893,0.9907,0.9116,0.9189,959.0,345.5,841.5,350.5,916.5,390.5,891.0,376.5,117.6063,29.0904,0.2474,1,1,271,1
270,3,0,1,1,1,1,0.9878,0.9907,0.9136,0.9326,603.0,291.0,470.25,292.5,543.5,297.5,507.0,298.0,132.7585,36.5034,0.275,1,1,271,1
271,3,0,0,1,1,1,0.9888,0.9912,0.9092,0.9233,958.5,347.0,839.0,351.0,911.0,387.0,890.0,368.0,119.5669,28.3196,0.2369,1,1,272,1
271,3,0,1,1,1,1,0.9883,0.9897,0.9185,0.9287,603.0,292.0,469.5,293.5,544.5,302.0,506.25,305.5,133.5084,38.4098,0.2877,1,1,272,1
271,3,0,2,1,1,1,0.9878,0.9922,0.895,0.9346,782.0,338.5,650.5,347.5,733.5,398.0,696.0,396.0,131.8076,37.5533,0.2849,1,1,272,1
272,3,0,2,1,1,1,0.9868,0.9922,0.8848,0.9336,780.0,337.0,649.0,347.0,736.5,400.5,696.5,397.0,131.3811,40.1528,0.3056,1,1,273,1
272,3,0,0,1,1,1,0.9893,0.9907,0.9136,0.9194,958.5,345.5,840.5,350.5,916.0,384.5,890.5,373.5,118.1059,27.7714,0.2351,1,1,273,1
272,3,0,1,1,1,1,0.9878,0.9902,0.916,0.9302,602.0,291.0,469.5,291.0,545.5,299.0,505.25,302.5,132.5,40.4019,0.3049,1,1,273,1
273,3,0,1,1,1,1,0.9878,0.9902,0.9136,0.9316,602.0,291.0,468.75,291.5,541.5,296.5,508.0,302.5,133.2509,34.0331,0.2554,1,1,274,1
273,3,0,0,1,1,1,0.9883,0.9907,0.9067,0.9224,958.5,347.5,839.5,351.5,914.0,385.5,892.5,377.0,119.0672,23.1193,0.1942,1,1,274,1
273,3,0,2,1,1,1,0.9868,0.9917,0.8862,0.9307,782.0,338.0,650.0,348.0,730.5,393.0,697.5,393.5,132.3782,33.0038,0.2493,1,1,274,1
274,3,0,0,1,1,1,0.9888,0.9902,0.9106,0.9165,957.5,348.0,840.0,351.0,912.5,385.5,893.0,374.5,117.5383,22.3886,0.1905,1,1,275,1
274,3,0,1,1,1,1,0.9873,0.9907,0.9102,0.9341,602.5,290.0,468.75,291.0,543.0,296.5,510.25,293.0,133.7537,32.9365,0.2462,1,1,275,1
274,3,0,2,1,1,1,0.9863,0.9927,0.8809,0.9365,782.0,337.5,650.0,347.0,734.5,396.0,696.0,395.5,132.3414,38.5032,0.2909,1,1,275,1
275,3,0,1,1,1,1,0.9878,0.9897,0.915,0.9307,603.0,291.0,469.0,292.5,544.0,297.0,509.5,298.0,134.0084,34.5145,0.2576,1,1,276,1
275,3,0,0,1,1,1,0.9888,0.9907,0.9106,0.9175,957.0,347.5,838.5,352.0,912.0,387.0,891.5,375.5,118.5854,23.5053,0.1982,1,1,276,1
275,3,0,2,1,1,1,0.9858,0.9932,0.8765,0.939,782.0,336.5,649.0,347.0,735.0,393.0,698.0,392.5,133.4138,37.0034,0.2774,1,1,276,1
276,3,0,1,1,1,1,0.9878,0.9907,0.9141,0.9316,601.5,292.0,469.5,293.5,545.5,299.5,510.25,294.0,132.0085,35.6765,0.2703,1,1,277,1
276,3,0,2,1,1,1,0.9814,0.9922,0.8638,0.9346,783.0,335.0,653.5,345.0,726.5,395.0,694.0,398.0,129.8855,32.6382,0.2513,1,1,277,1
276,3,0,0,1,1,1,0.9888,0.9912,0.9102,0.9243,959.5,346.5,839.5,351.0,914.0,390.0,892.0,378.0,120.0843,25.0599,0.2087,1,1,277,1
277,3,0,1,1,1,1,0.9878,0.9902,0.9141,0.9312,601.5,292.5,469.25,292.5,544.5,298.0,508.5,299.5,132.25,36.0312,0.2724,1,1,278,1
277,3,0,2,1,1,1,0.9814,0.9922,0.8657,0.9351,781.5,334.5,653.0,344.0,725.0,391.0,693.5,396.5,128.8507,31.9766,0.2482,1,1,278,1
277,3,0,0,1,1,1,0.9893,0.9912,0.9106,0.9233,958.5,346.5,838.5,351.0,913.5,388.5,890.5,378.5,120.0843,25.0799,0.2089,1,1,278,1
278,3,0,1,1,1,1,0.9878,0.9897,0.916,0.9277,603.0,292.0,469.0,292.0,545.0,298.5,508.5,302.0,134.0,36.6674,0.2736,1,1,279,1
278,3,0,2,1,1,1,0.9829,0.9917,0.8774,0.9307,781.5,334.5,653.0,343.5,729.0,392.0,696.5,398.5,128.8148,33.1436,0.2573,1,1,279,1
278,3,0,0,1,1,1,0.9893,0.9902,0.9126,0.9155,958.0,347.0,840.0,350.5,912.0,389.5,891.5,378.0,118.0519,23.5053,0.1991,1,1,279,1
279,3,0,1,1,1,1,0.9883,0.9902,0.9146,0.9277,603.5,292.0,470.0,292.0,542.5,298.0,507.0,302.0,133.5,35.7246,0.2676,1,1,280,1
279,3,0,2,1,1,1,0.9873,0.9922,0.8916,0.9341,782.5,335.0,651.0,344.0,730.5,392.5,697.5,395.0,131.8076,33.0946,0.2511,1,1,280,1
279,3,0,0,1,1,1,0.9893,0.9907,0.9111,0.918,957.0,346.0,838.5,350.5,912.5,393.5,891.0,374.0,118.5854,29.0259,0.2448,1,1,280,1
280,3,0,1,1,1,1,0.9883,0.9897,0.9194,0.9292,603.0,290.5,470.75,291.0,541.5,297.0,511.25,291.0,132.2509,30.8393,0.2332,1,1,281,1
280,3,0,2,1,1,1,0.9878,0.9922,0.8931,0.9341,781.0,337.0,649.5,346.0,731.0,398.0,699.0,396.0,131.8076,32.0624,0.2433,1,1,281,1
280,3,0,0,1,1,1,0.9893,0.9912,0.9131,0.9229,957.0,346.5,838.0,351.0,915.0,388.5,891.5,372.5,119.0851,28.4297,0.2387,1,1,281,1
281,3,0,1,1,1,1,0.9878,0.9907,0.9141,0.9331,602.0,292.0,469.25,292.0,544.0,298.5,510.5,294.0,132.75,33.8009,0.2546,1,1,282,1
281,3,0,0,1,1,1,0.9907,0.9873,0.9258,0.9048,957.0,352.0,834.0,350.5,920.0,388.5,885.5,376.0,123.0091,36.6947,0.2983,1,1,282,1
281,3,0,2,1,1,1,0.9824,0.9927,0.8696,0.9351,782.0,335.0,652.0,344.0,726.5,395.5,694.5,397.5,130.3112,32.0624,0.246,1,1,282,1
282,3,0,0,1,1,1,0.9897,0.9912,0.9141,0.9224,957.5,346.5,839.0,351.5,912.0,387.5,890.0,374.0,118.6054,25.8118,0.2176,1,1,283,1
282,3,0,1,1,1,1,0.9883,0.9902,0.918,0.9287,604.5,291.0,471.0,292.5,542.0,297.5,510.5,294.5,133.5084,31.6425,0.237,1,1,283,1
282,3,0,2,1,1,1,0.9863,0.9932,0.8784,0.9404,780.5,336.5,648.5,345.5,733.0,403.0,699.5,392.5,132.3065,35.107,0.2653,1,1,283,1
283,3,0,1,1,1,1,0.9878,0.9893,0.9165,0.9263,602.0,292.0,469.75,292.5,544.0,299.0,509.25,299.5,132.2509,34.7536,0.2628,1,1,284,1
283,3,0,0,1,1,1,0.9888,0.9902,0.9121,0.916,957.5,347.0,839.5,351.0,913.0,387.0,888.5,375.5,118.0678,27.0647,0.2292,1,1,284,1
283,3,0,2,1,1,1,0.9868,0.9922,0.8862,0.9326,781.0,336.5,650.5,347.0,734.0,398.0,697.0,396.0,130.9217,37.054,0.283,1,1,284,1
284,3,0,2,1,1,1,0.9819,0.9917,0.8696,0.9287,781.0,334.5,654.0,344.0,723.5,395.0,692.5,399.5,127.3548,31.3249,0.246,1,1,285,1
284,3,0,1,1,1,1,0.9878,0.9902,0.9155,0.9302,604.0,291.0,470.0,292.5,543.5,299.0,509.25,299.5,134.0084,34.2536,0.2556,1,1,285,1
284,3,0,0,1,1,1,0.9893,0.9907,0.9146,0.9185,959.0,346.5,839.5,351.0,911.0,387.5,889.5,376.0,119.5847,24.3824,0.2039,1,1,285,1
285,3,0,1,1,1,1,0.9868,0.9907,0.9082,0.9336,603.5,291.5,470.0,291.5,543.5,298.0,512.0,300.5,133.5,31.5991,0.2367,1,1,286,1
285,3,0,0,1,1,1,0.9893,0.9902,0.9141,0.9175,957.5,345.5,840.0,350.5,913.0,389.5,890.0,379.0,117.6063,25.2834,0.215,1,1,286,1
285,3,0,2,1,1,1,0.9873,0.9922,0.8896,0.9336,782.0,336.5,650.5,346.0,734.0,399.0,695.0,396.5,131.8427,39.08,0.2964,1,1,286,1
286,3,0,1,1,1,1,0.9878,0.9902,0.917,0.9321,603.0,291.5,470.25,292.0,544.5,299.0,507.75,304.5,132.7509,37.1593,0.2799,1,1,287,1
286,3,0,2,1,1,1,0.9883,0.9917,0.8989,0.9326,781.0,336.0,650.5,346.5,736.5,395.0,696.5,395.5,130.9217,40.0031,0.3055,1,1,287,1
286,3,0,0,1,1,1,0.9897,0.9907,0.9185,0.9199,959.5,345.5,840.5,350.5,910.0,388.5,889.5,380.5,119.105,22.0057,0.1848,1,1,287,1
287,3,0,2,1,1,1,0.9868,0.9917,0.8867,0.9312,782.5,336.0,649.0,346.0,734.0,396.5,697.5,397.0,133.874,36.5034,0.2727,1,1,288,1
287,3,0,1,1,1,1,0.9873,0.9902,0.9106,0.9321,602.5,292.0,469.0,291.0,545.0,301.0,509.25,304.0,133.5037,35.8757,0.2687,1,1,288,1
287,3,0,0,1,1,1,0.9888,0.9907,0.9097,0.9199,958.5,346.5,840.0,350.0,914.5,386.5,889.0,378.5,118.5517,26.7255,0.2254,1,1,288,1
288,3,0,1,1,1,1,0.9878,0.9902,0.9136,0.9326,603.0,291.5,468.75,292.5,543.0,299.0,510.25,296.0,134.2537,32.8871,0.245,1,1,289,1
288,3,0,2,1,1,1,0.9868,0.9927,0.8853,0.937,781.5,338.0,649.0,347.5,734.5,394.0,696.0,396.0,132.8401,38.5519,0.2902,1,1,289,1
288,3,0,0,1,1,1,0.9873,0.9907,0.9072,0.9248,955.0,346.5,840.5,351.5,919.0,384.5,888.0,378.0,114.6091,31.6741,0.2764,1,1,289,1
289,3,0,1,1,1,1,0.9873,0.9907,0.9111,0.9331,602.5,292.5,469.0,292.5,545.0,301.5,510.0,298.5,133.5,35.1283,0.2631,1,1,290,1
289,3,0,0,1,1,1,0.9893,0.9902,0.9126,0.9146,957.5,344.5,838.5,350.5,910.5,387.0,887.0,380.5,119.1512,24.3824,0.2046,1,1,290,1
289,3,0,2,1,1,1,0.9814,0.9922,0.8638,0.9302,780.5,335.0,651.5,344.5,726.0,395.5,696.0,400.0,129.3493,30.3356,0.2345,1,1,290,1
290,3,0,1,1,1,1,0.9873,0.9902,0.9126,0.9307,603.5,292.0,467.75,293.0,543.5,300.5,511.25,298.5,135.7537,32.312,0.238,1,1,291,1
290,3,0,2,1,1,1,0.9854,0.9927,0.8735,0.9365,781.0,336.5,649.0,347.0,731.0,391.5,698.5,393.5,132.417,32.5615,0.2459,1,1,291,1
290,3,0,0,1,1,1,0.9902,0.9873,0.9165,0.9014,958.0,350.5,834.0,349.5,919.5,390.0,882.0,383.0,124.004,38.1477,0.3076,1,1,291,1
291,3,0,2,1,1,1,0.9868,0.9927,0.8818,0.937,781.0,337.5,648.5,346.5,736.5,398.0,697.0,396.0,132.8053,39.5506,0.2978,1,1,292,1
291,3,0,1,1,1,1,0.9883,0.9897,0.9189,0.9297,604.0,292.0,469.25,291.5,542.0,298.0,509.75,303.5,134.7509,32.7156,0.2428,1,1,292,1
291,3,0,0,1,1,1,0.9888,0.9907,0.9082,0.9204,957.5,346.0,839.0,351.5,916.5,390.0,885.0,375.0,118.6276,34.8891,0.2941,1,1,292,1
292,3,0,2,1,1,1,0.9878,0.9927,0.8892,0.9351,781.0,336.5,649.0,345.0,730.0,395.5,698.0,396.0,132.2734,32.0039,0.242,1,1,293,1
292,3,0,1,1,1,1,0.9878,0.9902,0.915,0.9312,602.0,293.5,468.5,293.0,546.0,298.5,509.25,302.5,133.5009,36.967,0.2769,1,1,293,1
292,3,0,0,1,1,1,0.9893,0.9912,0.9082,0.9233,958.5,345.0,838.5,349.5,916.0,391.5,887.0,377.0,120.0843,32.423,0.27,1,1,293,1
293,3,0,1,1,1,1,0.9873,0.9902,0.9131,0.9346,602.5,292.0,468.75,293.0,544.0,299.0,510.5,302.0,133.7537,33.6341,0.2515,1,1,294,1
293,3,0,2,1,1,1,0.9873,0.9912,0.8906,0.9272,781.5,339.0,649.5,346.5,731.0,396.5,700.5,396.0,132.2129,30.5041,0.2307,1,1,294,1
293,3,0,0,1,1,1,0.9893,0.9907,0.9126,0.918,957.5,347.0,837.0,351.0,913.5,389.5,887.5,381.5,120.5664,27.2029,0.2256,1,1,294,1
294,3,0,2,1,1,1,0.9873,0.9922,0.8877,0.9336,782.5,337.0,650.5,346.0,731.5,396.5,698.5,395.0,132.3065,33.0341,0.2497,1,1,295,1
294,3,0,1,1,1,1,0.9873,0.9897,0.9141,0.9321,601.5,291.5,468.25,293.0,544.5,302.5,505.25,304.5,133.2584,39.3009,0.2949,1,1,295,1
294,3,0,0,1,1,1,0.9893,0.9907,0.9097,0.9194,958.5,345.5,839.0,351.5,911.5,389.5,888.5,375.0,119.6505,27.1892,0.2272,1,1,295,1
295,3,0,1,1,1,1,0.9888,0.9897,0.9214,0.9277,602.0,291.0,469.75,292.0,543.5,297.5,508.0,296.5,132.2538,35.5141,0.2685,1,1,296,1
295,3,0,0,1,1,1,0.9893,0.9907,0.9131,0.918,958.5,346.5,838.0,349.0,917.0,391.0,888.5,381.5,120.5259,30.0416,0.2493,1,1,296,1
295,3,0,2,1,1,1,0.9883,0.9917,0.896,0.9282,782.0,337.5,649.5,345.0,729.0,392.0,697.5,399.5,132.7121,32.3805,0.244,1,1,296,1
296,3,0,1,1,1,1,0.9878,0.9897,0.9243,0.9302,601.0,291.5,469.0,290.5,546.0,304.0,505.5,310.0,132.0038,40.942,0.3102,1,1,297,1
296,3,0,2,1,1,1,0.9863,0.9922,0.8833,0.9351,782.0,338.5,649.0,347.5,732.0,396.5,698.0,399.0,133.3042,34.0918,0.2557,1,1,297,1
296,3,0,0,1,1,1,0.9888,0.9912,0.9082,0.9243,958.0,346.5,838.0,351.5,913.0,388.0,886.0,379.0,120.1041,28.4605,0.237,1,1,297,1
297,3,0,1,1,1,1,0.9883,0.9907,0.9165,0.9341,600.5,291.0,468.75,292.0,543.5,298.0,509.5,302.5,131.7538,34.2965,0.2603,1,1,298,1
297,3,0,2,1,1,1,0.9868,0.9922,0.8843,0.9336,782.5,336.5,650.0,345.5,729.5,395.5,699.5,390.5,132.8053,30.4138,0.229,1,1,298,1
297,3,0,0,1,1,1,0.9893,0.9907,0.9141,0.9204,959.0,347.0,839.0,351.0,912.0,387.0,888.0,374.0,120.0666,27.2947,0.2273,1,1,298,1
298,3,0,1,1,1,1,0.9878,0.9902,0.9136,0.9321,600.5,292.0,467.75,292.0,543.5,296.0,508.25,299.0,132.75,35.3774,0.2665,1,1,299,1
298,3,0,0,1,1,1,0.9902,0.9907,0.9194,0.9199,959.0,346.5,839.5,350.0,912.5,389.5,889.0,381.5,119.5512,24.8244,0.2076,1,1,299,1
298,3,0,2,1,1,1,0.9873,0.9922,0.8916,0.9331,780.5,337.5,648.0,345.5,733.5,396.0,696.5,393.0,132.7413,37.1214,0.2797,1,1,299,1
299,3,0,0,1,1,1,0.9883,0.9907,0.9077,0.9204,958.0,346.5,839.0,349.5,912.5,388.0,890.5,374.0,119.0378,26.0768,0.2191,1,1,300,1
299,3,0,1,1,1,1,0.9873,0.9907,0.9102,0.9351,603.0,291.0,468.0,292.0,542.5,295.0,509.25,295.5,135.0037,33.2538,0.2463,1,1,300,1
299,3,0,2,1,1,1,0.9878,0.9912,0.8916,0.9277,782.0,339.0,649.0,347.5,732.0,398.0,697.5,395.5,133.2713,34.5905,0.2595,1,1,300,1
