frame,raw_num_people,anomaly,track_id,conf_ok,boundary_ok,overlap_ok,conf_ls,conf_rs,conf_lw,conf_rw,ls_x,ls_y,rs_x,rs_y,lw_x,lw_y,rw_x,rw_y,shoulder_dist,wrist_dist,ratio,frontal,hands_now,consecutive_frames,confirmed
0,3,0,0,1,1,1,0.9927,0.9878,0.9521,0.916,628.0,299.5,513.0,297.5,569.0,299.0,539.0,295.0,115.0174,30.2655,0.2631,1,1,1,0
0,3,0,1,1,1,1,0.9932,0.9897,0.9443,0.9175,935.5,353.0,822.5,357.5,896.5,398.0,862.5,387.0,113.0896,35.7351,0.316,1,1,1,0
0,3,0,2,1,1,1,0.9863,0.9937,0.8892,0.9468,779.5,345.0,668.0,350.0,743.0,388.0,701.0,377.5,111.6121,43.2926,0.3879,1,1,1,0
1,3,0,0,1,1,1,0.9927,0.9893,0.9507,0.9238,628.5,299.0,513.0,298.5,568.0,295.5,542.0,284.0,115.5011,28.4297,0.2461,1,1,2,0
1,3,0,2,1,1,1,0.9868,0.9917,0.9019,0.939,782.5,343.5,667.0,349.0,737.5,378.0,702.5,377.5,115.6309,35.0036,0.3027,1,1,2,0
1,3,0,1,1,1,1,0.9922,0.9893,0.9385,0.915,935.5,353.0,824.0,358.0,899.0,399.5,865.5,382.5,111.6121,37.5666,0.3366,1,1,2,0
2,3,0,0,1,1,1,0.9922,0.9883,0.9497,0.9219,629.0,299.0,512.5,299.0,569.5,297.0,540.0,284.0,116.5,32.2374,0.2767,1,1,3,0
2,3,0,1,1,1,1,0.9922,0.9858,0.9312,0.894,937.0,356.5,820.0,354.0,899.5,400.0,866.5,385.5,117.0267,36.0451,0.308,1,1,3,0
2,3,0,2,1,1,1,0.9858,0.9937,0.8833,0.9468,778.0,346.0,667.0,350.5,748.0,388.0,703.0,378.0,111.0912,46.0977,0.415,1,1,3,0
3,3,0,0,1,1,1,0.9927,0.9878,0.9438,0.9229,635.0,300.0,514.0,299.5,572.0,301.5,533.5,288.0,121.001,40.7983,0.3372,1,1,4,0
3,3,0,1,1,1,1,0.9922,0.9868,0.9277,0.8994,937.5,355.0,820.0,354.0,899.0,399.0,864.0,381.5,117.5043,39.1312,0.333,1,1,4,0
3,3,0,2,1,1,1,0.9863,0.9932,0.8867,0.9468,779.0,346.0,668.5,350.5,740.5,382.0,704.5,374.5,110.5916,36.773,0.3325,1,1,4,0
4,3,0,0,1,1,1,0.9937,0.9897,0.9409,0.9175,633.5,299.5,514.0,300.5,571.0,297.0,535.5,292.5,119.5042,35.7841,0.2994,1,1,5,0
4,3,0,2,1,1,1,0.9858,0.9932,0.8833,0.9463,781.0,347.0,666.0,352.0,737.0,385.0,701.5,378.5,115.1086,36.0902,0.3135,1,1,5,0
4,3,0,1,1,1,1,0.9917,0.9834,0.9473,0.9082,933.5,356.0,827.0,350.5,907.0,394.0,867.0,380.0,106.6419,42.3792,0.3974,1,1,5,0
5,3,0,0,1,1,1,0.9927,0.9883,0.9434,0.9233,633.5,300.0,515.0,300.0,572.5,298.5,535.0,285.5,118.5,39.6894,0.3349,1,1,6,1
5,3,0,1,1,1,1,0.9932,0.9897,0.9453,0.9194,936.5,353.0,824.0,357.0,897.0,399.5,864.5,383.5,112.5711,36.225,0.3218,1,1,6,1
5,3,0,2,1,1,1,0.9873,0.9927,0.8979,0.9419,778.5,345.0,667.0,349.0,738.5,382.5,700.0,373.0,111.5717,39.6548,0.3554,1,1,6,1
6,3,0,0,1,1,1,0.9922,0.9878,0.9512,0.9199,628.5,300.0,514.0,299.0,570.0,298.0,540.0,289.0,114.5044,31.3209,0.2735,1,1,7,1
6,3,0,1,1,1,1,0.9922,0.9854,0.9434,0.9092,935.0,359.0,826.0,356.0,900.5,400.0,869.0,387.0,109.0413,34.0771,0.3125,1,1,7,1
6,3,0,2,1,1,1,0.9868,0.9922,0.9028,0.9429,783.0,344.5,668.5,351.0,741.5,381.0,698.0,377.5,114.6843,43.6406,0.3805,1,1,7,1
7,3,0,0,1,1,1,0.9937,0.9893,0.9424,0.918,634.5,300.0,515.0,301.0,572.5,297.0,537.0,288.0,119.5042,36.6231,0.3065,1,1,8,1
7,3,0,1,1,1,1,0.9912,0.9805,0.9453,0.894,934.5,356.0,828.0,353.0,907.0,400.5,864.5,378.5,106.5422,47.8566,0.4492,1,1,8,1
7,3,0,2,1,1,1,0.9873,0.9917,0.9082,0.9395,783.5,343.5,669.0,349.5,736.0,381.0,697.5,378.0,114.6571,38.6167,0.3368,1,1,8,1
8,3,0,0,1,1,1,0.9917,0.9868,0.9482,0.9141,629.0,298.0,513.0,298.0,570.0,298.5,540.0,292.0,116.0,30.6961,0.2646,1,1,9,1
8,3,0,2,1,1,1,0.9868,0.9922,0.895,0.9395,778.0,344.0,665.5,348.5,738.0,389.0,699.0,383.0,112.59,39.4588,0.3505,1,1,9,1
8,3,0,1,1,1,1,0.9937,0.9834,0.9517,0.8999,935.0,358.0,826.0,353.5,901.5,404.5,869.0,383.5,109.0929,38.6943,0.3547,1,1,9,1
9,3,0,0,1,1,1,0.9932,0.9888,0.9399,0.9141,632.5,300.0,513.0,301.5,571.0,297.0,537.0,288.0,119.5094,35.171,0.2943,1,1,10,1
9,3,0,1,1,1,1,0.9922,0.9819,0.9497,0.9023,934.0,357.0,826.5,351.5,904.5,392.5,865.0,377.5,107.6406,42.2522,0.3925,1,1,10,1
9,3,0,2,1,1,1,0.9883,0.9927,0.9043,0.9424,779.5,345.5,666.0,350.5,737.0,384.5,697.5,380.5,113.6101,39.702,0.3495,1,1,10,1
10,3,0,0,1,1,1,0.9932,0.9883,0.9541,0.9165,628.5,301.5,513.0,300.0,572.0,296.5,541.0,289.0,115.5097,31.8944,0.2761,1,1,11,1
10,3,0,2,1,1,1,0.9863,0.9937,0.8872,0.9497,778.5,346.0,666.5,350.0,739.5,381.0,702.0,380.0,112.0714,37.5133,0.3347,1,1,11,1
10,3,0,1,1,1,1,0.9927,0.9897,0.9395,0.9175,936.5,354.0,826.0,356.0,896.5,401.5,870.0,380.5,110.5181,33.812,0.3059,1,1,11,1
11,3,0,0,1,1,1,0.9927,0.9854,0.9521,0.9033,629.0,302.0,513.0,299.0,571.5,297.0,541.5,290.0,116.0388,30.8058,0.2655,1,1,12,1
11,3,0,1,1,1,1,0.9917,0.9814,0.9468,0.9009,933.5,358.0,830.0,352.5,905.5,394.5,868.5,374.5,103.646,42.0595,0.4058,1,1,12,1
11,3,0,2,1,1,1,0.9878,0.9932,0.9053,0.9473,781.5,346.0,667.0,352.0,737.0,382.5,701.0,378.5,114.6571,36.2215,0.3159,1,1,12,1
12,3,0,0,1,1,1,0.9922,0.9878,0.9487,0.9175,629.5,300.0,513.5,299.0,572.5,300.0,540.5,291.0,116.0043,33.2415,0.2866,1,1,13,1
12,3,0,2,1,1,1,0.9883,0.9932,0.9014,0.9434,780.0,345.5,667.5,349.5,736.5,383.5,700.5,378.5,112.5711,36.3456,0.3229,1,1,13,1
12,3,0,1,1,1,1,0.9932,0.9858,0.9395,0.8965,939.5,357.0,824.5,353.0,892.0,396.0,871.0,375.0,115.0695,29.6985,0.2581,1,1,13,1
13,3,0,0,1,1,1,0.9917,0.9883,0.9473,0.9209,628.5,299.0,512.5,298.0,572.0,300.0,540.0,291.0,116.0043,33.2415,0.2866,1,1,14,1
13,3,0,1,1,1,1,0.9917,0.981,0.9487,0.8955,935.5,356.0,826.5,350.5,904.5,392.5,869.0,375.0,109.1387,39.579,0.3626,1,1,14,1
13,3,0,2,1,1,1,0.9873,0.9927,0.8965,0.9429,779.5,344.0,666.0,349.5,738.0,386.5,697.0,382.0,113.6332,41.2462,0.363,1,1,14,1
14,3,0,0,1,1,1,0.9927,0.9854,0.9531,0.9053,629.5,299.5,513.5,299.5,570.5,298.5,539.5,290.0,116.0,32.1442,0.2771,1,1,15,1
14,3,0,2,1,1,1,0.9863,0.9932,0.8901,0.9458,780.0,344.0,666.5,349.0,736.5,386.0,700.5,380.0,113.6101,36.4966,0.3212,1,1,15,1
14,3,0,1,1,1,1,0.9927,0.9829,0.9458,0.8965,936.0,358.5,827.0,355.0,901.0,394.0,869.5,380.5,109.0562,34.271,0.3143,1,1,15,1
15,3,0,0,1,1,1,0.9922,0.9888,0.9507,0.9219,629.0,298.5,513.5,299.5,570.0,294.0,541.0,287.0,115.5043,29.8329,0.2583,1,1,16,1
15,3,0,2,1,1,1,0.9878,0.9932,0.9009,0.9448,778.0,347.0,664.0,351.0,737.0,384.0,699.0,378.0,114.0702,38.4708,0.3373,1,1,16,1
15,3,0,1,1,1,1,0.9927,0.9893,0.9414,0.9175,937.0,353.5,827.0,356.0,896.0,394.5,868.5,380.5,110.0284,30.8585,0.2805,1,1,16,1
16,3,0,0,1,1,1,0.9922,0.9883,0.9497,0.9219,628.0,299.5,514.0,299.0,571.5,301.0,542.0,290.0,114.0011,31.4841,0.2762,1,1,17,1
16,3,0,2,1,1,1,0.9873,0.9927,0.8975,0.9429,780.0,346.0,665.5,351.5,737.0,384.0,699.0,378.0,114.632,38.4708,0.3356,1,1,17,1
16,3,0,1,1,1,1,0.9937,0.9834,0.9526,0.9014,935.5,359.0,828.0,354.0,900.0,390.5,872.0,378.5,107.6162,30.4631,0.2831,1,1,17,1
17,3,0,0,1,1,1,0.9922,0.9878,0.9502,0.915,628.5,299.0,513.0,299.0,570.0,297.0,543.0,286.0,115.5,29.1548,0.2524,1,1,18,1
17,3,0,2,1,1,1,0.9878,0.9927,0.8994,0.9419,780.0,347.0,667.0,351.5,738.5,383.5,704.0,375.0,113.0896,35.5317,0.3142,1,1,18,1
17,3,0,1,1,1,1,0.9932,0.9893,0.9458,0.9175,938.0,354.0,826.5,357.0,897.0,394.0,870.5,380.0,111.5404,29.9708,0.2687,1,1,18,1
18,3,0,0,1,1,1,0.9927,0.9883,0.9536,0.9224,628.0,298.5,514.5,298.0,570.5,297.0,540.5,290.0,113.5011,30.8058,0.2714,1,1,19,1
18,3,0,2,1,1,1,0.9873,0.9932,0.8975,0.9458,779.5,347.0,667.0,351.5,739.5,379.5,700.0,377.0,112.59,39.579,0.3515,1,1,19,1
18,3,0,1,1,1,1,0.9927,0.9897,0.9424,0.9209,937.0,353.0,827.0,357.0,893.0,392.5,873.5,376.0,110.0727,25.5441,0.2321,1,1,19,1
19,3,0,0,1,1,1,0.9927,0.9878,0.9521,0.9165,628.5,300.0,513.0,298.0,569.5,296.5,539.5,289.0,115.5173,30.9233,0.2677,1,1,20,1
19,3,0,2,1,1,1,0.9873,0.9932,0.8965,0.9443,781.5,346.0,667.0,351.5,737.0,386.0,701.0,380.5,114.632,36.4177,0.3177,1,1,20,1
19,3,0,1,1,1,1,0.9937,0.9893,0.9478,0.9131,937.5,354.5,826.5,357.5,895.0,394.5,872.5,380.5,111.0405,26.5,0.2387,1,1,20,1
20,3,0,0,1,1,1,0.9917,0.9873,0.9482,0.9131,628.5,300.5,513.5,300.0,569.5,299.0,541.0,291.0,115.0011,29.6015,0.2574,1,1,21,1
20,3,0,2,1,1,1,0.9829,0.9893,0.8931,0.9253,775.0,344.0,663.0,344.0,742.0,374.0,705.5,381.5,112.0,37.2626,0.3327,1,1,21,1
20,3,0,1,1,1,1,0.9927,0.9897,0.9414,0.9175,938.0,352.5,828.5,356.0,894.5,395.5,872.0,378.5,109.5559,28.2002,0.2574,1,1,21,1
21,3,0,0,1,1,1,0.9927,0.9878,0.9512,0.9146,630.5,299.0,515.0,299.0,569.5,298.0,542.0,285.5,115.5,30.2076,0.2615,1,1,22,1
21,3,0,2,1,1,1,0.9873,0.9932,0.8975,0.9458,780.0,345.0,666.0,350.5,738.0,384.0,702.5,376.0,114.1326,36.3902,0.3188,1,1,22,1
21,3,0,1,1,1,1,0.9932,0.9897,0.9438,0.9175,937.5,352.0,828.0,356.0,894.0,394.0,872.5,375.5,109.573,28.3637,0.2589,1,1,22,1
22,3,0,0,1,1,1,0.9922,0.9868,0.9517,0.9126,628.5,299.0,514.0,298.0,570.0,292.5,538.5,289.5,114.5044,31.6425,0.2763,1,1,23,1
22,3,0,1,1,1,1,0.9927,0.9893,0.9434,0.915,937.5,352.5,826.5,358.5,892.5,389.0,874.0,371.0,111.162,25.8118,0.2322,1,1,23,1
22,3,0,2,1,1,1,0.9863,0.9927,0.8965,0.9453,783.5,345.5,668.5,352.5,736.0,379.0,700.5,373.5,115.2128,35.9235,0.3118,1,1,23,1
23,3,0,0,1,1,1,0.9932,0.9902,0.938,0.9194,634.5,299.5,514.5,302.0,570.0,294.0,535.5,290.5,120.026,34.6771,0.2889,1,1,24,1
23,3,0,2,1,1,1,0.9854,0.9937,0.8818,0.9497,780.0,345.5,667.0,350.5,738.0,385.5,702.5,376.0,113.1106,36.7491,0.3249,1,1,24,1
23,3,0,1,1,1,1,0.9927,0.9888,0.9429,0.9141,938.0,353.0,828.0,357.5,894.0,391.5,874.5,376.0,110.092,24.9098,0.2263,1,1,24,1
24,3,0,2,1,1,1,0.9863,0.9932,0.8901,0.9448,780.0,345.0,666.5,350.0,736.5,386.0,702.5,377.0,113.6101,35.171,0.3096,1,1,25,1
24,3,0,0,1,1,1,0.9927,0.9868,0.9531,0.9121,630.0,300.0,514.0,299.5,570.5,298.0,537.5,290.0,116.0011,33.9559,0.2927,1,1,25,1
24,3,0,1,1,1,1,0.9927,0.9883,0.9434,0.9092,940.0,352.5,828.5,357.5,893.0,392.0,871.5,384.0,111.6121,22.9401,0.2055,1,1,25,1
25,3,0,0,1,1,1,0.9937,0.9897,0.9424,0.9175,633.5,298.5,515.5,301.0,571.0,294.0,535.0,285.0,118.0265,37.108,0.3144,1,1,26,1
25,3,0,2,1,1,1,0.9868,0.9927,0.8921,0.9419,780.0,346.5,668.0,351.0,734.5,383.5,700.0,375.5,112.0904,35.4154,0.316,1,1,26,1
25,3,0,1,1,1,1,0.9917,0.9829,0.9473,0.9058,935.5,357.0,828.5,352.0,901.0,387.0,867.0,377.5,107.1168,35.3023,0.3296,1,1,26,1
26,3,0,0,1,1,1,0.9922,0.9873,0.9526,0.9141,630.0,299.0,514.5,299.5,571.5,297.5,537.5,288.5,115.5011,35.171,0.3045,1,1,27,1
26,3,0,2,1,1,1,0.9868,0.9932,0.895,0.9468,779.0,345.0,667.0,350.0,737.0,382.5,700.0,379.0,112.1116,37.1652,0.3315,1,1,27,1
26,3,0,1,1,1,1,0.9932,0.9883,0.9468,0.9087,937.0,353.0,827.0,357.0,891.5,388.5,873.0,376.0,110.0727,22.3271,0.2028,1,1,27,1
27,3,0,0,1,1,1,0.9927,0.9863,0.9531,0.9106,629.0,300.0,514.0,299.0,573.0,296.5,536.0,294.0,115.0043,37.0844,0.3225,1,1,28,1
27,3,0,2,1,1,1,0.9878,0.9932,0.8979,0.9458,779.0,344.0,668.0,348.5,744.0,382.5,700.0,379.5,111.0912,44.1022,0.397,1,1,28,1
27,3,0,1,1,1,1,0.9941,0.9878,0.9526,0.9062,937.0,353.0,827.5,356.5,896.0,394.0,869.5,381.5,109.5559,29.3002,0.2674,1,1,28,1
28,3,0,0,1,1,1,0.9927,0.9858,0.9546,0.9092,628.0,299.0,514.0,299.0,571.5,298.0,539.0,292.0,114.0,33.0492,0.2899,1,1,29,1
28,3,0,2,1,1,1,0.9868,0.9932,0.8926,0.9448,780.5,346.0,669.0,350.5,737.0,386.0,700.5,379.0,111.5908,37.1652,0.333,1,1,29,1
28,3,0,1,1,1,1,0.9937,0.9824,0.9517,0.8931,936.5,359.5,829.5,354.5,899.5,393.0,873.5,380.5,107.1168,28.8487,0.2693,1,1,29,1
29,3,0,0,1,1,1,0.9927,0.9854,0.9546,0.9038,628.0,300.0,513.5,299.5,571.0,296.0,542.0,291.5,114.5011,29.3471,0.2563,1,1,30,1
29,3,0,2,1,1,1,0.9873,0.9932,0.8979,0.9463,780.0,344.5,668.0,349.0,736.5,385.0,704.0,379.5,112.0904,32.9621,0.2941,1,1,30,1
29,3,0,1,1,1,1,0.9932,0.9893,0.9458,0.9175,938.5,353.0,827.5,356.5,894.0,394.0,871.0,384.0,111.0552,25.0799,0.2258,1,1,30,1
30,3,0,0,1,1,1,0.9922,0.9868,0.9507,0.9121,630.0,299.0,515.5,299.0,572.0,298.5,542.0,288.5,114.5,31.6228,0.2762,1,1,31,1
30,3,0,2,1,1,1,0.9863,0.9932,0.8872,0.9453,780.5,347.0,666.5,352.5,734.0,381.0,699.0,379.5,114.1326,35.0321,0.3069,1,1,31,1
30,3,0,1,1,1,1,0.9922,0.9824,0.9507,0.9038,937.0,356.0,829.0,350.0,905.0,388.0,866.0,377.5,108.1665,40.3887,0.3734,1,1,31,1
31,3,0,0,1,1,1,0.9922,0.9858,0.9502,0.9048,630.0,300.0,514.0,299.5,573.0,298.0,540.5,289.0,116.0011,33.7231,0.2907,1,1,32,1
31,3,0,2,1,1,1,0.9878,0.9932,0.8892,0.938,779.0,343.0,667.0,350.5,747.5,387.5,700.5,382.0,112.2508,47.3207,0.4216,1,1,32,1
31,3,0,1,1,1,1,0.9932,0.9883,0.9458,0.9072,938.5,353.5,828.0,358.0,886.5,384.5,873.5,370.5,110.5916,19.105,0.1728,1,1,32,1
32,3,0,0,1,1,1,0.9937,0.9878,0.9404,0.9028,635.0,299.5,514.5,303.0,572.5,298.0,535.0,289.5,120.5508,38.4513,0.319,1,1,33,1
32,3,0,2,1,1,1,0.9873,0.9927,0.8955,0.9419,780.5,346.0,667.0,350.5,737.5,384.0,700.0,378.0,113.5892,37.977,0.3343,1,1,33,1
32,3,0,1,1,1,1,0.9922,0.9819,0.9497,0.9023,936.0,356.0,831.5,351.0,904.0,387.5,871.0,373.5,104.6195,35.8469,0.3426,1,1,33,1
33,3,0,0,1,1,1,0.9917,0.9873,0.9478,0.9141,629.5,299.5,514.0,298.5,571.5,300.0,541.0,292.0,115.5043,31.5317,0.273,1,1,34,1
33,3,0,2,1,1,1,0.9873,0.9932,0.8945,0.9458,781.5,345.5,668.0,351.0,737.0,384.5,699.0,377.0,113.6332,38.7331,0.3409,1,1,34,1
33,3,0,1,1,1,1,0.9922,0.9824,0.9497,0.9019,936.5,355.5,829.0,352.0,905.5,388.0,864.5,376.0,107.557,42.72,0.3972,1,1,34,1
34,3,0,0,1,1,1,0.9937,0.9878,0.9424,0.9043,634.0,298.5,513.5,300.5,573.0,296.5,539.0,289.0,120.5166,34.8174,0.2889,1,1,35,1
34,3,0,2,1,1,1,0.9878,0.9927,0.8999,0.9424,781.0,345.5,666.5,351.0,736.5,382.5,701.0,376.5,114.632,36.0035,0.3141,1,1,35,1
34,3,0,1,1,1,1,0.9927,0.9878,0.9507,0.9155,934.0,354.0,829.5,355.0,895.0,397.0,864.5,383.5,104.5048,33.3542,0.3192,1,1,35,1
35,3,0,0,1,1,1,0.9902,0.9883,0.9302,0.9263,629.5,300.0,513.5,299.0,581.5,295.0,544.5,290.0,116.0043,37.3363,0.3219,1,1,36,1
35,3,0,2,1,1,1,0.9883,0.9927,0.8984,0.9365,779.0,344.0,668.0,351.5,740.0,384.5,705.0,379.5,111.2531,35.3553,0.3178,1,1,36,1
35,3,0,1,1,1,1,0.9932,0.9839,0.9492,0.9019,937.0,359.0,827.5,354.5,900.0,390.0,869.5,380.5,109.5924,31.9453,0.2915,1,1,36,1
36,3,0,0,1,1,1,0.9927,0.9863,0.9478,0.9023,629.5,300.0,515.0,301.0,571.0,296.5,542.0,286.5,114.5044,30.6757,0.2679,1,1,37,1
36,3,0,1,1,1,1,0.9932,0.9824,0.9497,0.897,936.0,358.0,828.5,355.5,899.0,388.0,871.5,379.0,107.5291,28.9353,0.2691,1,1,37,1
36,3,0,2,1,1,1,0.9873,0.9932,0.896,0.9443,781.5,345.5,668.0,351.0,736.5,381.0,702.0,377.0,113.6332,34.7311,0.3056,1,1,37,1
37,3,0,0,1,1,1,0.9922,0.9844,0.9517,0.8984,630.0,300.5,513.5,300.0,571.0,298.5,545.5,291.0,116.5011,26.5801,0.2282,1,1,38,1
37,3,0,2,1,1,1,0.9873,0.9922,0.9053,0.9424,782.5,346.0,668.5,352.0,736.0,380.0,701.0,374.5,114.1578,35.4295,0.3104,1,1,38,1
37,3,0,1,1,1,1,0.9932,0.9893,0.9458,0.915,939.0,352.0,829.0,355.0,892.0,389.0,871.0,382.5,110.0409,21.9829,0.1998,1,1,38,1
38,3,0,0,1,1,1,0.9927,0.9849,0.9521,0.9014,629.5,299.5,514.5,299.0,570.5,299.5,542.5,290.0,115.0011,29.5677,0.2571,1,1,39,1
38,3,0,2,1,1,1,0.9868,0.9922,0.9004,0.9438,783.5,346.0,669.0,352.0,736.5,381.5,701.0,377.0,114.6571,35.7841,0.3121,1,1,39,1
38,3,0,1,1,1,1,0.9922,0.9824,0.9482,0.9028,937.0,357.0,827.0,352.0,905.0,386.5,867.0,379.0,110.1136,38.7331,0.3518,1,1,39,1
39,3,0,0,1,1,1,0.9917,0.9839,0.9482,0.8965,629.0,300.0,513.0,300.5,570.0,298.5,541.5,293.0,116.0011,29.0259,0.2502,1,1,40,1
39,3,0,2,1,1,1,0.9863,0.9932,0.8896,0.9458,780.5,347.0,666.5,352.0,742.5,388.0,700.5,378.0,114.1096,43.1741,0.3784,1,1,40,1
39,3,0,1,1,1,1,0.9927,0.9888,0.9438,0.9131,938.5,353.5,827.5,358.0,893.5,391.5,872.0,376.0,111.0912,26.5047,0.2386,1,1,40,1
40,3,0,0,1,1,1,0.9922,0.9849,0.9517,0.8979,629.5,301.0,513.0,301.5,569.0,296.5,543.5,289.0,116.5011,26.5801,0.2282,1,1,41,1
40,3,0,2,1,1,1,0.9863,0.9932,0.8896,0.9458,781.0,346.0,667.0,351.5,737.5,383.5,700.5,375.0,114.1326,37.9638,0.3326,1,1,41,1
40,3,0,1,1,1,1,0.9932,0.9883,0.9458,0.9097,938.0,352.0,827.0,357.0,894.5,392.5,873.0,373.0,111.1126,29.0259,0.2612,1,1,41,1
41,3,0,2,1,1,1,0.9868,0.9932,0.8955,0.9458,780.0,346.0,666.0,352.0,742.0,385.0,701.0,375.5,114.1578,42.0862,0.3687,1,1,42,1
41,3,0,0,1,1,1,0.9922,0.9844,0.9512,0.9004,630.5,299.5,514.0,299.0,569.5,298.0,543.5,288.5,116.5011,27.6812,0.2376,1,1,42,1
41,3,0,1,1,1,1,0.9922,0.9814,0.9507,0.8989,938.5,356.0,832.0,352.0,903.5,387.5,870.0,376.0,106.5751,35.4189,0.3323,1,1,42,1
42,3,0,0,1,1,1,0.9922,0.9854,0.9473,0.8999,629.0,299.5,513.5,299.5,571.0,297.0,546.5,290.5,115.5,25.3476,0.2195,1,1,43,1
42,3,0,2,1,1,1,0.9883,0.9927,0.9038,0.9414,779.5,345.0,666.5,350.5,742.0,386.5,700.5,378.0,113.1338,42.3615,0.3744,1,1,43,1
42,3,0,1,1,1,1,0.9917,0.9839,0.9443,0.9082,938.0,355.0,831.0,352.0,910.0,387.5,867.0,375.0,107.042,44.78,0.4183,1,1,43,1
43,3,0,0,1,1,1,0.9922,0.9858,0.9482,0.9043,630.0,300.0,514.0,300.0,572.0,300.0,544.0,289.5,116.0,29.904,0.2578,1,1,44,1
43,3,0,2,1,1,1,0.9888,0.9922,0.9131,0.9409,784.5,345.0,669.0,350.5,742.5,391.5,701.5,384.5,115.6309,41.5933,0.3597,1,1,44,1
43,3,0,1,1,1,1,0.9927,0.9897,0.9434,0.9175,937.0,351.5,829.5,355.5,897.0,388.5,870.0,380.0,107.5744,28.3064,0.2631,1,1,44,1
44,3,0,2,1,1,1,0.9839,0.9897,0.8994,0.9287,776.0,345.0,663.5,345.0,740.0,373.0,705.0,383.0,112.5,36.4005,0.3236,1,1,45,1
44,3,0,0,1,1,1,0.9927,0.9854,0.9531,0.9043,630.0,301.0,513.5,301.0,570.5,299.5,544.0,290.0,116.5,28.1514,0.2416,1,1,45,1
44,3,0,1,1,1,1,0.9927,0.9888,0.9438,0.9141,938.0,352.5,826.5,356.0,892.5,391.0,872.5,380.0,111.5549,22.8254,0.2046,1,1,45,1
45,3,0,0,1,1,1,0.9927,0.9858,0.9512,0.9028,630.5,300.5,513.5,300.0,567.5,298.5,543.0,291.0,117.0011,25.6223,0.219,1,1,46,1
45,3,0,2,1,1,1,0.9878,0.9927,0.9009,0.9409,781.5,346.0,665.5,352.0,737.5,387.0,701.5,377.5,116.1551,37.2324,0.3205,1,1,46,1
45,3,0,1,1,1,1,0.9932,0.9883,0.9468,0.9092,938.0,351.5,828.5,356.5,891.0,392.0,873.5,382.0,109.6141,20.1556,0.1839,1,1,46,1
46,3,0,0,1,1,1,0.9932,0.9844,0.9541,0.896,630.0,301.5,513.5,301.5,570.0,299.0,546.0,294.0,116.5,24.5153,0.2104,1,1,47,1
46,3,0,2,1,1,1,0.9878,0.9917,0.9077,0.9395,784.5,346.0,669.0,352.0,735.5,384.5,700.0,377.0,115.6557,36.2836,0.3137,1,1,47,1
46,3,0,1,1,1,1,0.9922,0.9897,0.938,0.918,939.5,351.5,828.0,355.0,896.5,393.0,873.5,383.0,111.5549,25.0799,0.2248,1,1,47,1
47,3,0,2,1,1,1,0.9893,0.9917,0.9126,0.9336,781.5,345.5,668.0,349.0,734.0,390.0,700.0,379.0,113.554,35.7351,0.3147,1,1,48,1
47,3,0,0,1,1,1,0.9937,0.9868,0.9385,0.896,634.0,299.0,513.5,301.5,570.0,297.0,543.0,288.0,120.5259,28.4605,0.2361,1,1,48,1
47,3,0,1,1,1,1,0.9927,0.9849,0.9463,0.9058,938.0,357.5,828.0,354.0,900.0,394.0,876.5,379.0,110.0557,27.8792,0.2533,1,1,48,1
48,3,0,2,1,1,1,0.9873,0.9932,0.894,0.9458,781.0,346.0,667.5,351.0,738.5,385.0,699.0,381.0,113.6101,39.702,0.3495,1,1,49,1
48,3,0,0,1,1,1,0.9927,0.9888,0.9395,0.9219,635.0,300.0,515.5,302.0,572.5,299.5,539.5,292.0,119.5167,33.8415,0.2832,1,1,49,1
48,3,0,1,1,1,1,0.9917,0.9893,0.9365,0.9194,938.0,352.0,828.5,354.5,891.5,389.0,875.5,378.5,109.5285,19.1377,0.1747,1,1,49,1
49,3,0,0,1,1,1,0.9927,0.9868,0.9409,0.9106,634.0,300.5,514.0,302.0,572.0,302.5,539.5,291.0,120.0094,34.4746,0.2873,1,1,50,1
49,3,0,2,1,1,1,0.9873,0.9922,0.8975,0.9404,782.0,345.5,668.0,350.5,738.5,390.5,700.0,377.5,114.1096,40.6356,0.3561,1,1,50,1
49,3,0,1,1,1,1,0.9917,0.9858,0.9395,0.9155,937.0,357.0,829.5,354.5,900.5,390.5,874.0,380.0,107.5291,28.5044,0.2651,1,1,50,1
50,3,0,0,1,1,1,0.9937,0.9883,0.9395,0.9053,632.5,299.0,515.0,303.0,572.5,296.0,542.5,283.5,117.5681,32.5,0.2764,1,1,51,1
50,3,0,2,1,1,1,0.9873,0.9937,0.895,0.9463,781.0,346.5,667.5,351.5,741.0,392.0,699.0,379.0,113.6101,43.9659,0.387,1,1,51,1
50,3,0,1,1,1,1,0.9922,0.9902,0.9355,0.9185,939.0,352.0,829.0,356.0,894.5,389.0,871.0,378.0,110.0727,25.9471,0.2357,1,1,51,1
51,3,0,0,1,1,1,0.9917,0.9858,0.9482,0.9053,629.0,299.0,514.0,299.5,572.0,300.0,543.5,293.0,115.0011,29.3471,0.2552,1,1,52,1
51,3,0,2,1,1,1,0.9863,0.9927,0.8975,0.9468,785.5,346.5,669.0,353.5,743.0,392.0,702.0,381.5,116.7101,42.3232,0.3626,1,1,52,1
51,3,0,1,1,1,1,0.9912,0.9873,0.9243,0.9058,941.0,355.0,827.0,352.5,897.5,388.5,871.0,379.0,114.0274,28.1514,0.2469,1,1,52,1
52,3,0,2,1,1,1,0.9834,0.9902,0.8955,0.9316,776.5,346.0,664.0,346.5,744.5,383.5,700.5,382.5,112.5011,44.0114,0.3912,1,1,53,1
52,3,0,0,1,1,1,0.9917,0.9858,0.9448,0.9038,629.5,299.0,514.0,300.5,571.5,298.0,545.0,288.0,115.5097,28.324,0.2452,1,1,53,1
52,3,0,1,1,1,1,0.9932,0.9844,0.9502,0.9062,938.0,359.0,829.0,355.0,899.0,385.0,874.5,379.0,109.0734,25.224,0.2313,1,1,53,1
53,3,0,0,1,1,1,0.9927,0.9878,0.9395,0.915,634.0,300.5,515.0,301.5,572.5,303.0,537.0,291.5,119.0042,37.3162,0.3136,1,1,54,1
53,3,0,2,1,1,1,0.9863,0.9932,0.8901,0.9458,781.0,346.5,667.0,351.0,737.5,390.0,702.5,382.0,114.0888,35.9026,0.3147,1,1,54,1
53,3,0,1,1,1,1,0.9932,0.9834,0.9492,0.9014,937.0,357.0,831.5,354.5,902.5,387.0,873.5,379.5,105.5296,29.9541,0.2838,1,1,54,1
54,3,0,0,1,1,1,0.9922,0.9863,0.9497,0.9062,630.0,300.0,514.5,300.0,571.5,304.0,541.5,292.0,115.5,32.311,0.2797,1,1,55,1
54,3,0,2,1,1,1,0.9873,0.9932,0.8936,0.9438,783.0,347.5,668.0,352.0,738.5,393.5,699.5,381.0,115.088,40.9542,0.3559,1,1,55,1
54,3,0,1,1,1,1,0.9927,0.9893,0.9448,0.9175,938.0,352.0,829.5,356.0,891.0,385.0,872.5,376.5,108.5737,20.3593,0.1875,1,1,55,1
55,3,0,0,1,1,1,0.9922,0.9854,0.9487,0.9014,628.5,302.0,512.5,302.5,568.0,296.0,544.0,292.0,116.0011,24.3311,0.2097,1,1,56,1
55,3,0,2,1,1,1,0.9863,0.9927,0.8989,0.9463,785.0,345.0,668.5,351.5,738.0,390.0,701.5,380.5,116.6812,37.716,0.3232,1,1,56,1
55,3,0,1,1,1,1,0.9917,0.9902,0.936,0.9209,939.0,352.0,830.0,356.5,897.0,396.5,875.0,376.5,109.0929,29.7321,0.2725,1,1,56,1
56,3,0,0,1,1,1,0.9927,0.9858,0.9434,0.9077,633.5,301.0,514.5,301.0,573.5,301.0,538.5,292.0,119.0,36.1386,0.3037,1,1,57,1
56,3,0,2,1,1,1,0.9883,0.9927,0.8911,0.937,781.0,344.0,667.0,351.0,737.0,392.5,702.0,384.5,114.2147,35.9026,0.3143,1,1,57,1
56,3,0,1,1,1,1,0.9927,0.9893,0.9419,0.9131,939.0,352.0,829.0,355.5,890.5,390.5,869.5,379.0,110.0557,23.9426,0.2176,1,1,57,1
57,3,0,0,1,1,1,0.9922,0.9849,0.9517,0.9019,629.5,301.0,514.0,300.0,571.0,301.0,545.5,293.0,115.5043,26.7255,0.2314,1,1,58,1
57,3,0,2,1,1,1,0.9883,0.9927,0.8931,0.936,781.0,344.0,667.5,350.5,739.5,391.5,702.5,381.5,113.686,38.3275,0.3371,1,1,58,1
57,3,0,1,1,1,1,0.9937,0.9829,0.9521,0.8965,937.5,357.5,831.0,353.0,901.0,392.5,876.5,378.5,106.595,28.2179,0.2647,1,1,58,1
58,3,0,0,1,1,1,0.9897,0.9873,0.9287,0.9209,631.0,297.5,514.5,299.0,580.5,292.5,543.0,292.0,116.5097,37.5033,0.3219,1,1,59,1
58,3,0,1,1,1,1,0.9927,0.9888,0.9424,0.9116,937.5,353.0,829.0,355.5,897.5,393.0,875.0,382.5,108.5288,24.8294,0.2288,1,1,59,1
58,3,0,2,1,1,1,0.9834,0.9907,0.8945,0.9336,777.0,344.0,663.5,343.5,743.5,377.5,705.0,381.0,113.5011,38.6588,0.3406,1,1,59,1
59,3,0,0,1,1,1,0.9917,0.9839,0.9468,0.8931,629.5,300.5,513.5,301.0,570.5,301.0,543.5,291.0,116.0011,28.7924,0.2482,1,1,60,1
59,3,0,2,1,1,1,0.9854,0.9932,0.8853,0.9458,782.5,346.5,667.5,351.5,735.5,390.0,705.0,376.0,115.1086,33.5596,0.2915,1,1,60,1
59,3,0,1,1,1,1,0.9922,0.9888,0.9399,0.9126,938.5,351.5,829.0,356.0,894.0,393.0,873.5,381.5,109.5924,23.5053,0.2145,1,1,60,1
60,3,0,0,1,1,1,0.9932,0.9883,0.9355,0.9062,633.5,299.5,515.0,302.5,573.0,297.5,541.5,288.0,118.538,32.9014,0.2776,1,1,61,1
60,3,0,2,1,1,1,0.9868,0.9932,0.8804,0.9409,781.5,344.0,670.0,350.0,744.5,395.0,706.0,380.0,111.6613,41.3189,0.37,1,1,61,1
60,3,0,1,1,1,1,0.9927,0.9849,0.9473,0.9067,937.5,358.0,830.0,355.0,901.5,392.0,875.0,381.5,107.5419,28.5044,0.2651,1,1,61,1
61,3,0,0,1,1,1,0.9927,0.9844,0.9531,0.8979,630.5,300.5,514.0,301.0,572.0,301.5,544.0,291.5,116.5011,29.7321,0.2552,1,1,62,1
61,3,0,2,1,1,1,0.9863,0.9937,0.8892,0.9478,782.0,346.5,668.0,350.0,740.5,389.5,706.0,379.0,114.0537,36.0624,0.3162,1,1,62,1
61,3,0,1,1,1,1,0.9927,0.9893,0.9424,0.9165,939.5,351.5,829.5,356.0,895.5,391.5,873.0,379.0,110.092,25.7391,0.2338,1,1,62,1
62,3,0,0,1,1,1,0.9922,0.9858,0.9497,0.9043,630.5,300.5,514.0,300.5,572.0,299.0,544.0,284.0,116.5,31.7648,0.2727,1,1,63,1
62,3,0,2,1,1,1,0.9893,0.9932,0.9038,0.9395,784.5,341.5,669.0,349.0,737.0,392.5,700.0,381.5,115.7433,38.6005,0.3335,1,1,63,1
62,3,0,1,1,1,1,0.9917,0.9844,0.9409,0.9048,937.5,356.0,832.0,354.0,903.5,397.0,876.0,379.0,105.519,32.8672,0.3115,1,1,63,1
63,3,0,2,1,1,1,0.9868,0.9932,0.8936,0.9473,783.5,345.5,668.5,350.0,737.0,387.5,705.5,376.5,115.088,33.3654,0.2899,1,1,64,1
63,3,0,0,1,1,1,0.9922,0.9883,0.9395,0.9224,634.5,300.5,516.5,301.0,574.5,301.0,540.5,287.0,118.0011,36.7696,0.3116,1,1,64,1
63,3,0,1,1,1,1,0.9927,0.9829,0.9473,0.9004,936.5,356.0,832.0,354.0,902.5,396.5,877.5,378.5,104.5191,30.8058,0.2947,1,1,64,1
64,3,0,2,1,1,1,0.9849,0.9937,0.8794,0.9482,783.0,346.0,669.0,351.0,742.0,390.0,703.0,378.0,114.1096,40.8044,0.3576,1,1,65,1
64,3,0,0,1,1,1,0.9922,0.9829,0.9492,0.8882,629.5,301.0,513.0,300.5,573.0,303.0,545.0,289.0,116.5011,31.305,0.2687,1,1,65,1
64,3,0,1,1,1,1,0.9927,0.9834,0.9487,0.9004,937.5,358.0,832.0,354.0,900.5,387.5,876.0,381.0,105.5758,25.3476,0.2401,1,1,65,1
65,3,0,2,1,1,1,0.9858,0.9927,0.8862,0.9409,783.5,345.5,669.0,350.5,737.5,385.0,704.0,380.0,114.6091,33.8711,0.2955,1,1,66,1
65,3,0,0,1,1,1,0.9922,0.9834,0.9502,0.8892,630.5,300.5,513.5,300.5,573.0,305.5,545.5,291.5,117.0,30.8585,0.2637,1,1,66,1
65,3,0,1,1,1,1,0.9922,0.9844,0.9434,0.9058,936.5,357.0,832.0,353.0,900.0,385.0,876.0,379.5,104.5765,24.6221,0.2354,1,1,66,1
66,3,0,2,1,1,1,0.9849,0.9941,0.8755,0.9502,783.5,344.5,670.5,350.5,743.0,390.5,698.5,376.5,113.1592,46.6503,0.4123,1,1,67,1
66,3,0,0,1,1,1,0.9927,0.9888,0.9346,0.9106,633.5,300.0,515.0,303.5,572.0,295.5,541.0,288.5,118.5517,31.7805,0.2681,1,1,67,1
66,3,0,1,1,1,1,0.9927,0.9893,0.9395,0.9136,939.5,352.5,829.5,356.5,896.5,391.5,875.0,378.5,110.0727,25.1247,0.2283,1,1,67,1
67,3,0,0,1,1,1,0.9912,0.9858,0.9424,0.9028,631.0,300.5,514.0,300.5,571.0,301.0,547.5,291.0,117.0,25.5392,0.2183,1,1,68,1
67,3,0,2,1,1,1,0.9849,0.9937,0.8799,0.9497,784.0,346.0,671.0,351.0,744.5,386.5,703.0,378.0,113.1106,42.3615,0.3745,1,1,68,1
67,3,0,1,1,1,1,0.9917,0.9907,0.9331,0.9248,939.5,352.5,830.5,356.5,895.0,391.0,875.5,379.5,109.0734,22.6385,0.2076,1,1,68,1
68,3,0,0,1,1,1,0.9922,0.9863,0.9473,0.9048,632.0,300.0,515.0,300.5,572.0,301.5,547.5,289.5,117.0011,27.2809,0.2332,1,1,69,1
68,3,0,2,1,1,1,0.9854,0.9937,0.8848,0.9487,784.0,346.0,671.0,351.0,742.0,388.5,704.0,377.0,113.1106,39.702,0.351,1,1,69,1
68,3,0,1,1,1,1,0.9927,0.9893,0.9404,0.917,938.5,352.5,830.0,356.0,891.5,388.5,874.5,377.0,108.5564,20.5244,0.1891,1,1,69,1
69,3,0,0,1,1,1,0.9922,0.9863,0.9487,0.9048,630.0,301.0,513.0,300.0,571.5,304.0,545.0,290.5,117.0043,29.7405,0.2542,1,1,70,1
69,3,0,2,1,1,1,0.9863,0.9937,0.8784,0.9468,785.0,343.5,671.0,351.0,741.0,391.0,704.0,379.5,114.2464,38.746,0.3391,1,1,70,1
69,3,0,1,1,1,1,0.9917,0.9897,0.9355,0.9209,939.0,352.0,831.0,355.0,890.0,382.0,873.5,377.5,108.0417,17.1026,0.1583,1,1,70,1
70,3,0,0,1,1,1,0.9922,0.9863,0.9487,0.9053,629.5,301.5,513.5,300.0,577.0,303.5,547.5,288.5,116.0097,33.0946,0.2853,1,1,71,1
70,3,0,2,1,1,1,0.9863,0.9937,0.8789,0.9458,785.0,341.0,671.5,350.5,738.5,387.5,702.0,377.5,113.8969,37.8451,0.3323,1,1,71,1
70,3,0,1,1,1,1,0.9922,0.9902,0.9365,0.9209,939.5,351.0,830.0,355.5,893.5,388.0,873.5,381.5,109.5924,21.0297,0.1919,1,1,71,1
71,3,0,2,1,1,1,0.9844,0.9941,0.8735,0.9536,785.5,343.5,671.0,350.0,738.5,383.5,704.0,377.5,114.6843,35.0179,0.3053,1,1,72,1
71,3,0,0,1,1,1,0.9932,0.9883,0.937,0.9087,634.5,297.5,515.5,302.0,575.0,301.0,540.0,286.5,119.0851,37.8847,0.3181,1,1,72,1
71,3,0,1,1,1,1,0.9922,0.9897,0.9395,0.9209,939.5,351.5,830.5,355.5,893.5,387.5,874.0,378.5,109.0734,21.4767,0.1969,1,1,72,1
72,3,0,2,1,1,1,0.9863,0.9941,0.8813,0.9473,785.5,341.0,672.5,349.0,739.5,390.0,703.0,380.5,113.2828,37.716,0.3329,1,1,73,1
72,3,0,0,1,1,1,0.9927,0.9897,0.939,0.9258,634.5,298.5,515.5,301.0,577.0,306.5,540.0,288.5,119.0263,41.1461,0.3457,1,1,73,1
72,3,0,1,1,1,1,0.9917,0.9902,0.9316,0.9224,940.5,351.5,831.5,355.5,892.5,392.5,875.0,379.5,109.0734,21.8002,0.1999,1,1,73,1
73,3,0,0,1,1,1,0.9932,0.9897,0.9341,0.9165,633.0,299.0,514.0,303.0,576.5,302.5,539.0,289.5,119.0672,39.6894,0.3333,1,1,74,1
73,3,0,2,1,1,1,0.9844,0.9946,0.8726,0.9546,784.0,344.5,671.0,350.0,742.5,391.0,702.5,375.0,113.1338,43.0813,0.3808,1,1,74,1
73,3,0,1,1,1,1,0.9922,0.9863,0.9424,0.9165,937.5,356.5,831.5,353.5,901.5,392.0,879.0,376.5,106.0424,27.3222,0.2577,1,1,74,1
74,3,0,0,1,1,1,0.9922,0.9868,0.9502,0.9116,628.5,301.0,513.0,300.5,577.0,305.5,544.0,291.5,115.5011,35.8469,0.3104,1,1,75,1
74,3,0,2,1,1,1,0.9849,0.9941,0.877,0.9536,786.0,344.5,672.5,350.5,738.0,388.5,701.0,377.0,113.6585,38.746,0.3409,1,1,75,1
74,3,0,1,1,1,1,0.9917,0.9907,0.9312,0.9268,941.0,351.5,830.5,355.0,890.5,390.5,878.5,373.0,110.5554,21.2191,0.1919,1,1,75,1
75,3,0,0,1,1,1,0.9922,0.9878,0.9468,0.9146,630.0,300.0,514.0,300.5,575.0,305.0,542.0,288.5,116.0011,36.8951,0.3181,1,1,76,1
75,3,0,2,1,1,1,0.9854,0.9932,0.8833,0.9478,785.5,345.0,672.5,351.0,741.0,387.5,702.0,379.0,113.1592,39.9155,0.3527,1,1,76,1
75,3,0,1,1,1,1,0.9922,0.9897,0.939,0.9189,939.0,351.5,832.0,355.0,892.0,382.5,875.5,375.5,107.0572,17.9234,0.1674,1,1,76,1
76,3,0,2,1,1,1,0.9863,0.9941,0.8784,0.9473,785.0,341.5,671.0,349.5,743.0,388.0,701.5,379.5,114.2804,42.3615,0.3707,1,1,77,1
76,3,0,0,1,1,1,0.9937,0.9888,0.9395,0.9121,635.0,298.5,514.0,301.5,573.5,301.0,541.0,289.0,121.0372,34.6446,0.2862,1,1,77,1
76,3,0,1,1,1,1,0.9912,0.9902,0.9312,0.9194,941.5,351.5,831.0,355.5,893.0,387.0,874.5,380.5,110.5724,19.6087,0.1773,1,1,77,1
77,3,0,0,1,1,1,0.9932,0.9873,0.937,0.9004,634.0,300.0,515.0,303.0,572.5,299.5,538.5,289.5,119.0378,35.4401,0.2977,1,1,78,1
77,3,0,2,1,1,1,0.9849,0.9941,0.8799,0.9531,785.0,346.5,671.0,351.0,740.0,386.5,703.5,379.0,114.0888,37.2626,0.3266,1,1,78,1
77,3,0,1,1,1,1,0.9849,0.9878,0.916,0.9238,936.0,354.0,827.0,357.0,913.5,393.0,861.0,384.0,109.0413,53.2658,0.4885,1,1,78,1
78,3,0,0,1,1,1,0.9937,0.9888,0.9399,0.9072,634.5,299.5,515.5,302.0,575.5,299.5,542.5,291.0,119.0263,34.0771,0.2863,1,1,79,1
78,3,0,2,1,1,1,0.9863,0.9941,0.8872,0.9502,784.5,344.0,672.0,349.5,740.0,386.0,702.5,381.5,112.6344,37.769,0.3353,1,1,79,1
78,3,0,1,1,1,1,0.9917,0.9897,0.9351,0.9175,939.0,353.0,831.0,355.5,893.0,392.0,878.0,377.5,108.0289,20.8626,0.1931,1,1,79,1
79,3,0,0,1,1,1,0.9917,0.9858,0.9482,0.9053,629.5,299.5,514.5,298.0,577.5,304.5,543.0,289.0,115.0098,37.822,0.3289,1,1,80,1
79,3,0,2,1,1,1,0.9849,0.9941,0.8789,0.9512,785.0,344.0,672.5,350.0,740.0,386.5,701.5,380.0,112.6599,39.0448,0.3466,1,1,80,1
79,3,0,1,1,1,1,0.9917,0.9897,0.9326,0.918,940.5,353.0,831.0,355.0,896.5,390.0,876.5,380.5,109.5183,22.1416,0.2022,1,1,80,1
80,3,0,0,1,1,1,0.9922,0.9878,0.9487,0.918,629.0,300.5,513.0,301.0,576.0,302.5,546.0,288.5,116.0011,33.1059,0.2854,1,1,81,1
80,3,0,2,1,1,1,0.9878,0.9937,0.8877,0.9438,784.0,341.5,671.0,350.0,740.0,385.5,701.0,380.0,113.3192,39.3859,0.3476,1,1,81,1
80,3,0,1,1,1,1,0.9927,0.9907,0.9385,0.9238,940.0,352.5,831.0,356.5,894.0,387.0,876.0,375.0,109.0734,21.6333,0.1983,1,1,81,1
81,3,0,0,1,1,1,0.9932,0.9863,0.9541,0.9087,628.0,301.0,513.0,299.5,575.0,304.0,543.5,286.5,115.0098,36.0347,0.3133,1,1,82,1
81,3,0,2,1,1,1,0.9863,0.9937,0.8887,0.9482,784.0,344.5,672.5,349.0,743.0,386.0,702.5,376.5,111.5908,41.5993,0.3728,1,1,82,1
81,3,0,1,1,1,1,0.9922,0.9897,0.9404,0.9204,940.0,351.5,831.0,355.5,894.0,384.5,877.0,374.5,109.0734,19.7231,0.1808,1,1,82,1
82,3,0,0,1,1,1,0.9927,0.9863,0.9541,0.9102,630.0,298.0,514.0,297.5,576.0,306.0,542.0,292.5,116.0011,36.5821,0.3154,1,1,83,1
82,3,0,2,1,1,1,0.9873,0.9937,0.8872,0.9434,783.5,342.5,672.0,349.5,742.0,393.0,701.0,381.0,111.7195,42.72,0.3824,1,1,83,1
82,3,0,1,1,1,1,0.9917,0.9902,0.9346,0.9214,940.0,352.5,832.0,355.5,894.5,386.5,880.0,374.5,108.0417,18.8215,0.1742,1,1,83,1
83,3,0,0,1,1,1,0.9927,0.9878,0.9521,0.916,630.5,298.5,515.0,298.5,577.0,305.5,541.5,290.5,115.5,38.5389,0.3337,1,1,84,1
83,3,0,2,1,1,1,0.9863,0.9937,0.8901,0.9492,785.0,345.5,671.0,350.5,742.5,391.0,700.5,377.5,114.1096,44.1163,0.3866,1,1,84,1
83,3,0,1,1,1,1,0.9922,0.9897,0.9395,0.9209,939.5,352.0,831.5,355.5,894.0,387.0,878.0,377.0,108.0567,18.868,0.1746,1,1,84,1
84,3,0,0,1,1,1,0.9937,0.9893,0.9409,0.9155,634.0,299.0,515.0,303.0,572.0,299.5,539.5,285.0,119.0672,35.5879,0.2989,1,1,85,1
84,3,0,2,1,1,1,0.9858,0.9932,0.8906,0.9448,786.0,345.0,673.0,351.0,740.5,388.0,700.0,375.5,113.1592,42.3851,0.3746,1,1,85,1
84,3,0,1,1,1,1,0.9922,0.9849,0.9453,0.9097,939.0,355.0,835.0,351.5,901.0,390.5,880.0,377.5,104.0589,24.6982,0.2373,1,1,85,1
85,3,0,0,1,1,1,0.9927,0.9888,0.9424,0.9219,634.5,300.5,514.5,301.5,577.5,305.5,539.0,289.0,120.0042,41.8868,0.349,1,1,86,1
85,3,0,2,1,1,1,0.9868,0.9941,0.8838,0.9468,785.0,342.0,670.5,350.5,746.0,393.0,702.5,380.5,114.8151,45.2604,0.3942,1,1,86,1
85,3,0,1,1,1,1,0.9917,0.9902,0.9355,0.9219,939.0,351.0,830.5,355.5,893.5,389.0,877.5,376.0,108.5933,20.6155,0.1898,1,1,86,1
86,3,0,0,1,1,1,0.9922,0.9863,0.9502,0.9102,629.0,300.0,513.5,298.5,574.5,304.0,543.5,291.0,115.5097,33.6155,0.291,1,1,87,1
86,3,0,2,1,1,1,0.9858,0.9932,0.8745,0.9419,785.0,342.5,671.0,351.0,750.5,390.0,703.0,379.5,114.3164,48.6467,0.4255,1,1,87,1
86,3,0,1,1,1,1,0.9917,0.9902,0.9346,0.9219,940.0,350.0,831.0,354.5,892.0,387.5,877.0,376.0,109.0929,18.9011,0.1733,1,1,87,1
87,3,0,0,1,1,1,0.9922,0.9873,0.9492,0.9136,629.0,300.0,514.0,300.0,574.5,304.5,539.5,292.0,115.0,37.1652,0.3232,1,1,88,1
87,3,0,2,1,1,1,0.9868,0.9941,0.8833,0.9458,784.0,342.0,671.0,349.5,742.0,384.5,702.0,379.0,113.2486,40.3764,0.3565,1,1,88,1
87,3,0,1,1,1,1,0.9922,0.9893,0.938,0.9136,940.0,352.5,832.0,355.0,890.0,387.5,874.5,380.5,108.0289,17.0074,0.1574,1,1,88,1
88,3,0,0,1,1,1,0.9917,0.9878,0.9478,0.915,629.0,299.0,514.5,298.0,573.0,300.0,540.5,290.0,114.5044,34.0037,0.297,1,1,89,1
88,3,0,2,1,1,1,0.9839,0.9941,0.8696,0.9541,783.0,344.5,671.5,349.5,739.5,382.0,702.5,376.0,111.6121,37.4833,0.3358,1,1,89,1
88,3,0,1,1,1,1,0.9922,0.9839,0.9438,0.9043,938.5,358.0,832.0,354.0,901.0,392.0,876.0,381.0,106.5751,27.313,0.2563,1,1,89,1
89,3,0,0,1,1,1,0.9937,0.9883,0.9404,0.9053,634.0,299.5,514.0,302.0,573.0,299.5,539.0,285.0,120.026,36.9628,0.308,1,1,90,1
89,3,0,2,1,1,1,0.9863,0.9937,0.8828,0.9458,783.5,342.5,672.5,349.0,743.0,385.5,703.0,382.0,111.1902,40.1528,0.3611,1,1,90,1
89,3,0,1,1,1,1,0.9922,0.9844,0.9438,0.9072,938.5,357.5,833.0,354.0,903.0,391.5,875.5,384.5,105.558,28.3769,0.2688,1,1,90,1
90,3,0,0,1,1,1,0.9922,0.9863,0.9492,0.9102,630.0,300.0,514.0,299.0,574.5,301.5,537.5,288.0,116.0043,39.3859,0.3395,1,1,91,1
90,3,0,2,1,1,1,0.9858,0.9937,0.876,0.9458,785.0,342.0,672.0,349.0,743.0,389.5,702.5,380.0,113.2166,41.5993,0.3674,1,1,91,1
90,3,0,1,1,1,1,0.9917,0.9897,0.9341,0.9165,940.0,352.5,832.0,354.5,893.0,390.5,875.5,381.0,108.0185,19.9123,0.1843,1,1,91,1
91,3,0,0,1,1,1,0.9922,0.9858,0.9502,0.9058,629.5,301.5,513.5,301.0,573.0,299.5,540.0,288.5,116.0011,34.7851,0.2999,1,1,92,1
91,3,0,2,1,1,1,0.9854,0.9941,0.8804,0.9507,786.0,346.5,671.0,349.5,743.0,390.5,704.5,379.5,115.0391,40.0406,0.3481,1,1,92,1
91,3,0,1,1,1,1,0.9917,0.9849,0.9385,0.9072,937.0,355.5,833.0,352.0,907.0,394.5,875.0,383.0,104.0589,34.0037,0.3268,1,1,92,1
92,3,0,0,1,1,1,0.9927,0.9844,0.9531,0.8979,628.5,300.5,512.5,298.5,573.0,302.0,540.0,290.0,116.0172,35.1141,0.3027,1,1,93,1
92,3,0,2,1,1,1,0.9839,0.9941,0.8604,0.9507,784.0,343.0,673.0,350.0,745.0,392.5,701.5,377.5,111.2205,46.0136,0.4137,1,1,93,1
92,3,0,1,1,1,1,0.9917,0.9893,0.9365,0.9146,941.0,351.0,833.0,354.5,893.5,395.0,876.5,382.0,108.0567,21.4009,0.1981,1,1,93,1
93,3,0,0,1,1,1,0.9927,0.9878,0.9512,0.915,628.5,302.0,513.5,299.0,576.0,303.0,543.5,290.0,115.0391,35.0036,0.3043,1,1,94,1
93,3,0,2,1,1,1,0.9829,0.9946,0.8657,0.9561,785.0,345.5,671.0,350.0,743.0,389.0,704.0,372.0,114.0888,42.5441,0.3729,1,1,94,1
93,3,0,1,1,1,1,0.9917,0.9893,0.9355,0.9141,940.5,351.0,831.5,354.5,893.5,393.5,875.0,386.0,109.0562,19.9625,0.183,1,1,94,1
94,3,0,2,1,1,1,0.9834,0.9951,0.8555,0.958,783.0,344.0,670.0,350.5,746.0,393.5,703.0,382.0,113.1868,44.5112,0.3933,1,1,95,1
94,3,0,0,1,1,1,0.9922,0.9849,0.9521,0.9048,628.0,300.5,513.0,299.5,571.5,302.0,539.5,288.0,115.0043,34.9285,0.3037,1,1,95,1
94,3,0,1,1,1,1,0.9907,0.9902,0.9258,0.9233,940.5,351.5,832.5,355.0,893.0,391.5,875.5,386.0,108.0567,18.3439,0.1698,1,1,95,1
95,3,0,2,1,1,1,0.981,0.9946,0.8501,0.9565,784.5,346.0,670.5,351.0,745.0,389.0,701.5,378.0,114.1096,44.8693,0.3932,1,1,96,1
95,3,0,0,1,1,1,0.9922,0.9858,0.9521,0.9058,629.5,300.5,512.5,300.0,572.5,305.0,539.0,287.5,117.0011,37.7955,0.323,1,1,96,1
95,3,0,1,1,1,1,0.9917,0.9854,0.9385,0.9097,939.0,355.5,833.0,353.0,903.0,392.5,878.0,381.5,106.0295,27.313,0.2576,1,1,96,1
96,3,0,0,1,1,1,0.9932,0.9849,0.9556,0.8999,627.5,300.5,512.0,299.5,569.0,299.0,540.0,291.5,115.5043,29.9541,0.2593,1,1,97,1
96,3,0,1,1,1,1,0.9917,0.9907,0.9336,0.9233,940.0,350.5,832.5,354.0,895.0,391.5,877.0,379.0,107.557,21.9146,0.2037,1,1,97,1
96,3,0,2,1,1,1,0.9819,0.9951,0.854,0.9585,786.0,347.0,670.5,351.0,747.5,393.0,702.0,376.0,115.5692,48.5721,0.4203,1,1,97,1
97,3,0,0,1,1,1,0.9922,0.9873,0.9492,0.9121,628.5,299.5,514.0,299.5,571.0,301.0,540.0,290.0,114.5,32.8938,0.2873,1,1,98,1
97,3,0,2,1,1,1,0.9819,0.9946,0.8667,0.958,786.0,346.0,671.5,353.0,745.5,390.5,699.5,374.5,114.7138,48.7032,0.4246,1,1,98,1
97,3,0,1,1,1,1,0.9917,0.9902,0.9351,0.9219,939.5,351.0,833.0,354.0,890.0,387.0,876.0,377.0,106.5422,17.2047,0.1615,1,1,98,1
98,3,0,0,1,1,1,0.9927,0.9854,0.9521,0.9023,629.5,300.5,513.5,300.5,569.0,301.0,540.0,295.0,116.0,29.6142,0.2553,1,1,99,1
98,3,0,1,1,1,1,0.9917,0.9849,0.9419,0.9082,938.5,357.0,833.5,354.0,901.5,390.5,877.0,381.5,105.0428,26.1008,0.2485,1,1,99,1
98,3,0,2,1,1,1,0.9814,0.9946,0.8521,0.957,783.5,346.5,672.0,351.0,744.5,389.0,700.0,377.0,111.5908,46.0896,0.413,1,1,99,1
99,3,0,2,1,1,1,0.9814,0.9951,0.8496,0.959,784.0,347.5,673.5,351.5,746.0,392.0,699.5,375.0,110.5724,49.5101,0.4478,1,1,100,1
99,3,0,0,1,1,1,0.9927,0.9849,0.9551,0.9014,628.5,301.0,512.5,300.5,569.0,301.5,540.5,292.0,116.0011,30.0416,0.259,1,1,100,1
99,3,0,1,1,1,1,0.9917,0.9907,0.9326,0.9233,941.0,351.5,831.5,355.5,894.0,389.5,876.0,379.0,109.573,20.8387,0.1902,1,1,100,1
100,3,0,0,1,1,1,0.9922,0.9863,0.9502,0.9097,628.0,300.5,511.5,300.0,570.0,300.5,539.0,290.5,116.5011,32.573,0.2796,1,1,101,1
100,3,0,2,1,1,1,0.9795,0.9951,0.8428,0.959,783.0,347.0,672.0,351.0,746.5,390.0,704.0,370.5,111.072,46.76,0.421,1,1,101,1
100,3,0,1,1,1,1,0.9917,0.9858,0.9419,0.9146,939.5,355.5,833.0,352.0,902.5,391.0,876.0,380.5,106.5575,28.5044,0.2675,1,1,101,1
101,3,0,0,1,1,1,0.9927,0.9863,0.9521,0.9102,627.5,301.0,513.0,300.5,571.0,300.5,542.0,288.5,114.5011,31.3847,0.2741,1,1,102,1
101,3,0,2,1,1,1,0.9814,0.9956,0.8384,0.959,783.0,345.0,673.0,352.5,750.5,395.5,701.0,374.5,110.2554,53.7703,0.4877,1,1,102,1
101,3,0,1,1,1,1,0.9917,0.9907,0.9312,0.9229,941.0,352.0,832.0,356.5,894.5,396.0,876.0,380.0,109.0929,24.4591,0.2242,1,1,102,1
102,3,0,0,1,1,1,0.9922,0.9873,0.9502,0.9136,628.0,299.5,512.0,299.5,571.0,299.5,541.0,291.0,116.0,31.1809,0.2688,1,1,103,1
102,3,0,2,1,1,1,0.9824,0.9951,0.8481,0.9551,784.0,345.5,671.5,352.0,745.5,385.5,702.0,373.0,112.6876,45.2604,0.4016,1,1,103,1
102,3,0,1,1,1,1,0.9907,0.9907,0.9282,0.9248,940.0,350.5,830.5,355.5,898.0,394.5,875.5,381.0,109.6141,26.2393,0.2394,1,1,103,1
103,3,0,0,1,1,1,0.9922,0.9873,0.9512,0.9141,629.5,300.0,513.0,300.5,570.0,299.0,540.5,288.5,116.5011,31.3129,0.2688,1,1,104,1
103,3,0,2,1,1,1,0.9819,0.9946,0.8447,0.9541,784.5,346.0,673.0,353.0,748.5,394.0,704.5,380.0,111.7195,46.1736,0.4133,1,1,104,1
103,3,0,1,1,1,1,0.9917,0.9849,0.9424,0.9102,938.5,356.0,833.0,353.0,905.5,394.5,874.5,383.5,105.5426,32.8938,0.3117,1,1,104,1
104,3,0,2,1,1,1,0.9824,0.9951,0.8477,0.957,784.0,344.5,673.0,352.0,746.5,391.0,701.0,382.0,111.2531,46.3816,0.4169,1,1,105,1
104,3,0,0,1,1,1,0.9927,0.9863,0.9531,0.9082,628.5,301.0,512.5,301.0,569.0,297.5,541.5,289.0,116.0,28.7837,0.2481,1,1,105,1
104,3,0,1,1,1,1,0.9922,0.9907,0.9365,0.9243,941.0,351.5,831.5,356.0,897.0,388.5,874.0,379.5,109.5924,24.6982,0.2254,1,1,105,1
105,3,0,0,1,1,1,0.9927,0.9858,0.9526,0.9062,628.0,300.5,512.0,300.5,571.0,299.5,538.0,291.5,116.0,33.9559,0.2927,1,1,106,1
105,3,0,2,1,1,1,0.981,0.9951,0.8516,0.958,786.0,346.5,671.5,351.5,745.5,394.0,699.5,378.5,114.6091,48.5412,0.4235,1,1,106,1
105,3,0,1,1,1,1,0.9917,0.9902,0.9351,0.9243,939.5,351.0,833.0,354.5,896.0,388.5,875.5,380.0,106.5575,22.1923,0.2083,1,1,106,1
106,3,0,2,1,1,1,0.9834,0.9946,0.854,0.9531,784.0,344.5,671.5,350.5,745.5,396.5,701.0,380.0,112.6599,47.4605,0.4213,1,1,107,1
106,3,0,0,1,1,1,0.9927,0.9858,0.9531,0.9072,628.0,300.5,513.0,300.5,570.5,300.0,539.0,294.5,115.0,31.9766,0.2781,1,1,107,1
106,3,0,1,1,1,1,0.9907,0.9902,0.9287,0.9229,940.0,351.5,830.5,355.0,895.0,387.0,876.5,380.5,109.5559,19.6087,0.179,1,1,107,1
107,3,0,0,1,1,1,0.9937,0.9897,0.9399,0.9194,629.0,300.0,513.0,301.5,570.0,297.0,535.0,290.5,116.0097,35.5985,0.3069,1,1,108,1
107,3,0,2,1,1,1,0.9829,0.9956,0.8472,0.9585,783.5,343.5,673.0,349.5,747.0,396.5,702.0,380.0,110.6628,47.9296,0.4331,1,1,108,1
107,3,0,1,1,1,1,0.9917,0.9912,0.9326,0.9277,939.5,351.0,831.5,354.5,894.0,392.0,878.5,377.0,108.0567,21.5697,0.1996,1,1,108,1
108,3,0,2,1,1,1,0.9819,0.9956,0.8428,0.9595,784.0,345.0,672.0,352.0,748.0,396.5,702.0,378.5,112.2185,49.3964,0.4402,1,1,109,1
108,3,0,0,1,1,1,0.9932,0.9873,0.9546,0.9131,627.5,301.5,512.0,301.0,570.0,300.5,539.0,294.0,115.5011,31.6741,0.2742,1,1,109,1
108,3,0,1,1,1,1,0.9897,0.9824,0.9351,0.9033,939.5,354.0,833.5,349.5,909.5,388.5,875.0,375.0,106.0955,37.0473,0.3492,1,1,109,1
109,3,0,0,1,1,1,0.9927,0.9888,0.9424,0.9243,631.5,300.0,512.5,302.0,570.5,302.5,530.0,292.0,119.0168,41.839,0.3515,1,1,110,1
109,3,0,2,1,1,1,0.9824,0.9946,0.8569,0.957,785.0,346.0,671.0,352.0,745.5,394.0,697.0,375.0,114.1578,52.0889,0.4563,1,1,110,1
109,3,0,1,1,1,1,0.9917,0.9858,0.9409,0.9136,939.5,357.0,833.0,352.5,902.5,389.0,878.5,379.0,106.595,26.0,0.2439,1,1,110,1
110,3,0,0,1,1,1,0.9922,0.9888,0.9365,0.9248,632.5,300.5,513.0,302.0,570.0,302.5,535.0,293.0,119.5094,36.2664,0.3035,1,1,111,1
110,3,0,2,1,1,1,0.9819,0.9951,0.8516,0.958,784.5,347.0,671.0,352.5,745.0,395.0,698.5,376.0,113.6332,50.232,0.4421,1,1,111,1
110,3,0,1,1,1,1,0.9912,0.9907,0.9307,0.9233,939.5,352.0,831.0,355.5,893.0,389.0,878.0,373.0,108.5564,21.9317,0.202,1,1,111,1
111,3,0,0,1,1,1,0.9927,0.9873,0.9517,0.9126,628.0,300.5,512.0,300.5,570.0,301.0,540.5,293.0,116.0,30.5655,0.2635,1,1,112,1
111,3,0,2,1,1,1,0.9829,0.9946,0.8608,0.9565,785.0,347.0,672.0,352.0,741.0,386.0,699.5,375.5,113.1106,42.8077,0.3785,1,1,112,1
111,3,0,1,1,1,1,0.9922,0.9907,0.9351,0.9233,940.5,350.5,831.0,354.0,893.5,389.0,875.0,380.0,109.5559,20.573,0.1878,1,1,112,1
112,3,0,2,1,1,1,0.9849,0.9951,0.8647,0.9546,783.5,344.0,671.0,351.0,741.5,391.0,700.0,382.0,112.7176,42.4647,0.3767,1,1,113,1
112,3,0,0,1,1,1,0.9927,0.9849,0.9536,0.9023,628.0,301.0,513.0,300.0,570.0,302.0,539.0,294.0,115.0043,32.0156,0.2784,1,1,113,1
112,3,0,1,1,1,1,0.9917,0.9902,0.9331,0.9229,940.0,351.5,832.0,353.5,894.5,386.5,874.5,382.5,108.0185,20.3961,0.1888,1,1,113,1
113,3,0,2,1,1,1,0.9839,0.9946,0.8691,0.9565,784.0,346.0,671.0,351.0,738.5,378.5,698.5,369.0,113.1106,41.1127,0.3635,1,1,114,1
113,3,0,0,1,1,1,0.9927,0.9878,0.9536,0.918,628.0,300.5,512.0,300.5,569.0,299.0,540.5,289.0,116.0,30.2035,0.2604,1,1,114,1
113,3,0,1,1,1,1,0.9917,0.9912,0.9341,0.9282,939.0,350.5,831.0,354.0,893.5,387.0,876.5,378.5,108.0567,19.0066,0.1759,1,1,114,1
114,3,0,2,1,1,1,0.9824,0.9946,0.8594,0.9541,785.0,347.0,671.0,353.5,741.0,388.0,699.0,372.0,114.1852,44.9444,0.3936,1,1,115,1
114,3,0,0,1,1,1,0.9922,0.9893,0.936,0.9253,631.5,300.5,512.0,302.0,571.5,304.5,535.5,288.5,119.5094,39.3954,0.3296,1,1,115,1
114,3,0,1,1,1,1,0.9917,0.9907,0.9316,0.9253,940.0,351.5,831.0,356.0,894.5,390.0,876.0,378.5,109.0929,21.783,0.1997,1,1,115,1
115,3,0,0,1,1,1,0.9927,0.9873,0.9526,0.9131,626.0,301.5,511.25,300.5,571.5,302.5,539.5,299.0,114.7544,32.1908,0.2805,1,1,116,1
115,3,0,2,1,1,1,0.9834,0.9946,0.8652,0.9546,783.5,345.5,671.5,352.5,742.0,388.0,698.0,375.0,112.2185,45.8803,0.4088,1,1,116,1
115,3,0,1,1,1,1,0.9912,0.9912,0.9312,0.9272,940.0,350.5,831.0,355.0,896.5,389.5,878.5,379.0,109.0929,20.8387,0.191,1,1,116,1
116,3,0,0,1,1,1,0.9927,0.9883,0.9512,0.9185,627.0,299.5,513.5,300.0,572.0,303.5,538.0,299.5,113.5011,34.2345,0.3016,1,1,117,1
116,3,0,2,1,1,1,0.9839,0.9941,0.8701,0.9526,785.0,345.0,671.5,352.0,743.0,386.0,698.0,374.0,113.7157,46.5725,0.4096,1,1,117,1
116,3,0,1,1,1,1,0.9917,0.9902,0.9336,0.9238,940.5,350.5,831.5,354.0,897.0,392.0,878.5,380.0,109.0562,22.0511,0.2022,1,1,117,1
117,3,0,0,1,1,1,0.9932,0.9888,0.9526,0.9229,627.0,301.0,511.5,301.0,569.5,301.5,540.5,295.5,115.5,29.6142,0.2564,1,1,118,1
117,3,0,2,1,1,1,0.9854,0.9946,0.8691,0.9512,784.5,342.0,671.0,351.0,742.5,388.5,702.0,378.5,113.8563,41.7163,0.3664,1,1,118,1
117,3,0,1,1,1,1,0.9917,0.9902,0.9355,0.9248,939.5,351.5,832.0,355.5,896.0,394.0,877.0,380.0,107.5744,23.6008,0.2194,1,1,118,1
118,3,0,0,1,1,1,0.9932,0.9897,0.938,0.918,631.5,299.5,512.0,303.0,568.0,297.5,536.5,288.5,119.5512,32.7605,0.274,1,1,119,1
118,3,0,2,1,1,1,0.9839,0.9937,0.8735,0.9497,786.0,346.5,670.5,354.0,740.5,387.0,703.0,373.5,115.7433,39.856,0.3443,1,1,119,1
118,3,0,1,1,1,1,0.9912,0.9858,0.937,0.9141,939.0,355.0,834.5,351.5,901.0,389.5,877.5,378.0,104.5586,26.163,0.2502,1,1,119,1
119,3,0,2,1,1,1,0.9844,0.9937,0.8779,0.9497,784.5,344.5,671.5,350.5,740.0,384.5,700.0,371.0,113.1592,42.2167,0.3731,1,1,120,1
119,3,0,0,1,1,1,0.9932,0.9883,0.9453,0.9209,634.0,298.5,512.5,301.0,571.5,302.5,533.0,291.5,121.5257,40.0406,0.3295,1,1,120,1
119,3,0,1,1,1,1,0.9922,0.9849,0.9424,0.9082,939.5,356.5,832.5,352.0,902.0,390.5,880.5,380.0,107.0946,23.927,0.2234,1,1,120,1
120,3,0,0,1,1,1,0.9927,0.9888,0.9429,0.9258,633.0,300.0,513.0,301.0,569.0,301.0,535.5,290.0,120.0042,35.2598,0.2938,1,1,121,1
120,3,0,2,1,1,1,0.9834,0.9946,0.8672,0.9546,784.0,346.5,670.5,352.0,741.5,385.0,699.5,371.5,113.6332,44.1163,0.3882,1,1,121,1
120,3,0,1,1,1,1,0.9922,0.9902,0.9365,0.9214,942.0,350.5,832.5,355.0,890.5,393.5,874.0,379.5,109.5924,21.6391,0.1975,1,1,121,1
121,3,0,0,1,1,1,0.9927,0.9873,0.9526,0.9141,627.0,301.5,511.75,301.5,568.0,297.5,540.5,295.5,115.25,27.5726,0.2392,1,1,122,1
121,3,0,2,1,1,1,0.9863,0.9937,0.8882,0.9512,784.0,345.5,670.0,349.0,745.5,382.0,700.5,377.0,114.0537,45.2769,0.397,1,1,122,1
121,3,0,1,1,1,1,0.9917,0.9907,0.9346,0.9258,942.0,352.5,832.5,355.0,893.5,391.0,878.0,380.0,109.5285,19.0066,0.1735,1,1,122,1
122,3,0,0,1,1,1,0.9927,0.9873,0.9551,0.916,626.0,301.5,511.5,301.5,569.5,300.0,538.5,298.5,114.5,31.0363,0.2711,1,1,123,1
122,3,0,2,1,1,1,0.9849,0.9941,0.8774,0.9517,783.5,346.0,670.0,351.5,741.0,385.0,703.0,376.0,113.6332,39.0512,0.3437,1,1,123,1
122,3,0,1,1,1,1,0.9927,0.9839,0.9453,0.9023,938.0,357.0,832.0,353.0,901.5,394.5,876.0,378.5,106.0754,30.104,0.2838,1,1,123,1
123,3,0,0,1,1,1,0.9932,0.9858,0.9565,0.9072,629.0,300.5,511.5,301.0,570.0,300.0,539.5,291.5,117.5011,31.6623,0.2695,1,1,124,1
123,3,0,2,1,1,1,0.9849,0.9941,0.8799,0.9521,784.5,345.0,672.0,352.0,741.0,383.0,698.5,374.0,112.7176,43.4425,0.3854,1,1,124,1
123,3,0,1,1,1,1,0.9922,0.9868,0.9429,0.917,939.0,356.0,833.5,352.5,904.0,394.5,875.0,382.0,105.558,31.5793,0.2992,1,1,124,1
124,3,0,0,1,1,1,0.9927,0.9863,0.9512,0.9092,628.5,300.5,511.0,301.5,567.5,301.0,539.5,295.0,117.5043,28.6356,0.2437,1,1,125,1
124,3,0,2,1,1,1,0.9863,0.9941,0.8867,0.9507,784.5,345.0,672.0,351.0,740.0,386.0,699.5,378.5,112.6599,41.1886,0.3656,1,1,125,1
124,3,0,1,1,1,1,0.9932,0.9854,0.9487,0.9106,938.5,356.0,833.0,353.0,902.5,394.0,875.5,381.0,105.5426,29.9666,0.2839,1,1,125,1
125,3,0,0,1,1,1,0.9927,0.9868,0.9531,0.9121,627.5,300.5,511.75,301.0,570.5,299.0,538.5,295.0,115.7511,32.249,0.2786,1,1,126,1
125,3,0,2,1,1,1,0.9878,0.9937,0.8926,0.9463,784.0,343.5,670.5,353.5,740.5,390.0,700.0,375.5,113.9397,43.0174,0.3775,1,1,126,1
125,3,0,1,1,1,1,0.9922,0.9849,0.9453,0.9092,940.0,356.5,835.0,352.5,900.0,388.0,878.0,378.5,105.0762,23.9635,0.2281,1,1,126,1
126,3,0,0,1,1,1,0.9927,0.9868,0.9526,0.9116,627.5,300.0,511.75,300.5,570.5,300.0,540.0,293.5,115.7511,31.1849,0.2694,1,1,127,1
126,3,0,2,1,1,1,0.9873,0.9932,0.8896,0.9429,783.5,344.0,670.5,352.0,739.0,391.0,699.5,378.0,113.2828,41.5843,0.3671,1,1,127,1
126,3,0,1,1,1,1,0.9912,0.9849,0.9395,0.9087,939.5,357.0,833.0,353.0,899.0,380.5,876.5,377.0,106.5751,22.7706,0.2137,1,1,127,1
127,3,0,2,1,1,1,0.9849,0.9937,0.8809,0.9517,784.0,346.0,670.0,353.0,739.5,383.5,701.0,374.0,114.2147,39.6548,0.3472,1,1,128,1
127,3,0,0,1,1,1,0.9922,0.9868,0.9507,0.9106,628.5,302.0,512.0,302.0,567.0,298.5,541.5,287.5,116.5,27.7714,0.2384,1,1,128,1
127,3,0,1,1,1,1,0.9912,0.9902,0.9326,0.9243,940.0,350.0,831.0,354.0,896.0,392.0,873.0,383.0,109.0734,24.6982,0.2264,1,1,128,1
128,3,0,0,1,1,1,0.9927,0.9858,0.9526,0.9067,626.5,300.5,511.5,301.0,569.0,300.0,539.5,292.0,115.0011,30.5655,0.2658,1,1,129,1
128,3,0,2,1,1,1,0.9844,0.9941,0.8755,0.9526,783.0,345.0,671.0,351.0,740.0,381.5,700.5,373.0,112.1606,40.4042,0.3602,1,1,129,1
128,3,0,1,1,1,1,0.9917,0.9907,0.9346,0.9243,940.5,352.0,831.5,355.0,894.5,391.5,876.5,378.5,109.0413,22.2036,0.2036,1,1,129,1
129,3,0,0,1,1,1,0.9927,0.9873,0.9526,0.9131,628.0,300.0,511.5,300.5,570.0,299.5,540.0,289.0,116.5011,31.7844,0.2728,1,1,130,1
129,3,0,2,1,1,1,0.9849,0.9941,0.8784,0.9517,784.0,347.0,671.0,353.0,737.0,386.5,703.0,375.5,113.1592,35.7351,0.3158,1,1,130,1
129,3,0,1,1,1,1,0.9917,0.9907,0.9336,0.9272,940.0,352.0,830.5,355.0,897.5,389.5,879.0,378.0,109.5411,21.783,0.1989,1,1,130,1
130,3,0,0,1,1,1,0.9927,0.9829,0.9551,0.8921,629.0,301.5,511.75,302.0,569.5,302.0,540.0,295.0,117.2511,30.3191,0.2586,1,1,131,1
130,3,0,2,1,1,1,0.9839,0.9941,0.8701,0.9526,783.5,345.0,669.5,351.5,739.0,384.0,702.0,375.0,114.1852,38.0789,0.3335,1,1,131,1
130,3,0,1,1,1,1,0.9917,0.9849,0.9399,0.9087,939.0,357.0,832.0,354.0,905.5,387.0,876.5,381.0,107.042,29.6142,0.2767,1,1,131,1
131,3,0,0,1,1,1,0.9932,0.9858,0.9497,0.8975,627.0,300.5,512.5,301.0,570.0,297.0,540.5,298.5,114.5011,29.5381,0.258,1,1,132,1
131,3,0,2,1,1,1,0.9844,0.9937,0.8774,0.9487,785.0,345.5,671.0,352.0,738.0,381.5,699.0,374.5,114.1852,39.6232,0.347,1,1,132,1
131,3,0,1,1,1,1,0.9917,0.9897,0.9331,0.9199,941.0,352.0,830.5,355.5,895.0,392.0,879.0,378.0,110.5554,21.2603,0.1923,1,1,132,1
132,3,0,2,1,1,1,0.9854,0.9941,0.8809,0.9512,783.5,346.0,671.5,351.0,739.0,387.0,699.0,372.5,112.1116,42.547,0.3795,1,1,133,1
132,3,0,0,1,1,1,0.9932,0.9873,0.9556,0.9136,627.0,302.5,511.5,302.0,569.5,296.0,540.5,293.0,115.5011,29.1548,0.2524,1,1,133,1
132,3,0,1,1,1,1,0.9912,0.9907,0.9277,0.9209,941.5,351.0,831.0,356.0,895.0,394.0,873.0,384.5,110.6131,23.9635,0.2166,1,1,133,1
133,3,0,0,1,1,1,0.9927,0.9873,0.9526,0.915,629.0,300.5,512.5,300.5,568.0,295.0,538.0,294.5,116.5,30.0042,0.2575,1,1,134,1
133,3,0,2,1,1,1,0.9844,0.9941,0.877,0.9521,785.0,345.5,670.5,352.0,740.5,390.5,701.0,377.0,114.6843,41.7433,0.364,1,1,134,1
133,3,0,1,1,1,1,0.9917,0.9902,0.9341,0.9199,942.0,352.0,831.5,357.0,897.0,393.5,875.0,381.0,110.6131,25.3032,0.2288,1,1,134,1
134,3,0,0,1,1,1,0.9917,0.9873,0.9482,0.917,628.0,301.0,511.25,301.5,571.0,301.5,539.0,293.5,116.7511,32.9848,0.2825,1,1,135,1
134,3,0,2,1,1,1,0.9854,0.9946,0.8799,0.9546,784.0,345.5,671.0,351.5,744.5,391.0,701.5,377.5,113.1592,45.0694,0.3983,1,1,135,1
134,3,0,1,1,1,1,0.9917,0.9902,0.9326,0.9209,940.0,352.0,830.5,355.5,895.0,390.0,876.5,382.0,109.5559,20.1556,0.184,1,1,135,1
135,3,0,0,1,1,1,0.9922,0.9849,0.9517,0.9033,627.5,302.0,511.75,301.0,570.0,302.0,539.5,294.0,115.7543,31.5317,0.2724,1,1,136,1
135,3,0,2,1,1,1,0.9858,0.9941,0.8848,0.9536,783.0,346.0,672.0,350.5,740.0,389.0,701.0,377.5,111.0912,40.6602,0.366,1,1,136,1
135,3,0,1,1,1,1,0.9917,0.9858,0.9409,0.9136,939.5,357.0,832.5,354.5,900.5,389.5,876.5,382.0,107.0292,25.1446,0.2349,1,1,136,1
136,3,0,2,1,1,1,0.9854,0.9937,0.8833,0.9502,783.0,345.5,669.5,350.5,738.0,384.5,702.0,377.5,113.6101,36.6742,0.3228,1,1,137,1
136,3,0,0,1,1,1,0.9927,0.9858,0.9521,0.9058,628.5,301.0,511.5,301.0,570.5,299.5,540.5,293.0,117.0,30.6961,0.2624,1,1,137,1
136,3,0,1,1,1,1,0.9912,0.9902,0.9312,0.9224,940.5,353.5,830.5,356.0,896.5,391.0,876.5,379.5,110.0284,23.0705,0.2097,1,1,137,1
137,3,0,0,1,1,1,0.9922,0.9863,0.9497,0.9087,627.5,301.5,512.0,302.0,570.5,298.5,540.5,294.0,115.5011,30.3356,0.2626,1,1,138,1
137,3,0,2,1,1,1,0.9839,0.9941,0.874,0.9512,784.0,346.0,670.5,351.0,740.5,387.0,701.5,375.0,113.6101,40.8044,0.3592,1,1,138,1
137,3,0,1,1,1,1,0.9839,0.9878,0.9126,0.9248,937.0,352.0,827.5,353.5,910.5,392.0,863.0,385.0,109.5103,48.013,0.4384,1,1,138,1
138,3,0,0,1,1,1,0.9922,0.9868,0.9497,0.9102,628.0,300.0,512.0,300.0,570.5,299.0,541.5,287.0,116.0,31.3847,0.2706,1,1,139,1
138,3,0,2,1,1,1,0.9854,0.9932,0.8818,0.9458,784.0,345.5,669.0,351.5,743.0,388.5,699.0,378.0,115.1564,45.2355,0.3928,1,1,139,1
138,3,0,1,1,1,1,0.9912,0.9897,0.9312,0.9219,939.5,351.5,831.0,355.0,894.0,388.0,877.0,375.5,108.5564,21.1009,0.1944,1,1,139,1
139,3,0,0,1,1,1,0.9922,0.9863,0.9507,0.9067,629.5,300.0,513.5,299.0,572.5,302.0,542.5,290.0,116.0043,32.311,0.2785,1,1,140,1
139,3,0,2,1,1,1,0.9849,0.9941,0.8809,0.9526,783.5,345.0,671.0,350.5,744.0,387.5,699.5,376.5,112.6344,45.8394,0.407,1,1,140,1
139,3,0,1,1,1,1,0.9854,0.9868,0.9209,0.9219,936.5,353.5,828.0,353.0,907.0,386.5,858.5,383.0,108.5012,48.6261,0.4482,1,1,140,1
140,3,0,2,1,1,1,0.9839,0.9941,0.8711,0.9536,783.5,345.0,669.5,351.5,743.5,386.0,698.0,374.5,114.1852,46.9308,0.411,1,1,141,1
140,3,0,0,1,1,1,0.9917,0.9863,0.9482,0.9097,629.0,300.5,512.0,299.5,570.0,300.0,542.0,288.0,117.0043,30.4631,0.2604,1,1,141,1
140,3,0,1,1,1,1,0.9922,0.9897,0.9365,0.9189,940.0,353.0,831.0,355.5,898.0,389.0,873.0,381.5,109.0287,26.1008,0.2394,1,1,141,1
141,3,0,0,1,1,1,0.9912,0.9863,0.9443,0.9092,629.0,301.0,512.0,301.0,572.0,301.5,544.0,289.0,117.0,30.6635,0.2621,1,1,142,1
141,3,0,2,1,1,1,0.9849,0.9937,0.8789,0.9507,782.5,346.5,670.5,352.0,743.0,390.5,702.5,375.0,112.135,43.3647,0.3867,1,1,142,1
141,3,0,1,1,1,1,0.9922,0.9897,0.9375,0.9199,940.0,352.0,831.0,355.5,895.5,386.5,875.0,378.5,109.0562,22.0057,0.2018,1,1,142,1
142,3,0,0,1,1,1,0.9922,0.9893,0.938,0.9272,633.0,299.5,515.0,302.5,577.0,307.0,537.0,286.5,118.0381,44.9472,0.3808,1,1,143,1
142,3,0,2,1,1,1,0.9854,0.9937,0.8828,0.9502,784.0,344.0,671.0,351.5,740.0,387.5,702.0,375.0,113.2486,40.0031,0.3532,1,1,143,1
142,3,0,1,1,1,1,0.9917,0.9893,0.9355,0.916,941.5,351.5,831.0,356.0,895.0,395.5,875.5,376.5,110.5916,27.2259,0.2462,1,1,143,1
143,3,0,0,1,1,1,0.9917,0.9868,0.9463,0.9121,627.5,300.0,513.0,300.0,574.0,301.0,542.5,291.5,114.5,32.9014,0.2873,1,1,144,1
143,3,0,2,1,1,1,0.9868,0.9941,0.8853,0.9492,783.5,342.5,669.5,352.5,741.0,388.0,703.5,378.0,114.4378,38.8104,0.3391,1,1,144,1
143,3,0,1,1,1,1,0.9912,0.9907,0.9302,0.9263,940.0,353.0,831.0,356.0,892.0,389.5,876.0,382.5,109.0413,17.4642,0.1602,1,1,144,1
144,3,0,2,1,1,1,0.9858,0.9946,0.8823,0.9551,783.0,345.0,668.5,352.5,739.5,386.0,700.5,377.5,114.7454,39.9155,0.3479,1,1,145,1
144,3,0,0,1,1,1,0.9927,0.9849,0.9531,0.9014,628.5,300.5,513.0,301.0,575.0,301.0,541.0,292.5,115.5011,35.0464,0.3034,1,1,145,1
144,3,0,1,1,1,1,0.9917,0.9868,0.938,0.9185,938.0,357.0,832.5,354.0,901.5,387.5,877.5,379.0,105.5426,25.4608,0.2412,1,1,145,1
145,3,0,0,1,1,1,0.9932,0.9893,0.9375,0.9146,634.0,300.0,516.0,302.0,571.5,299.5,542.0,287.0,118.0169,32.039,0.2715,1,1,146,1
145,3,0,2,1,1,1,0.9863,0.9937,0.8794,0.9443,781.0,342.0,670.5,349.0,739.0,394.0,701.5,379.5,110.7215,40.2057,0.3631,1,1,146,1
145,3,0,1,1,1,1,0.9922,0.9858,0.9419,0.9121,937.5,357.0,829.5,354.0,905.0,398.5,876.0,382.0,108.0417,33.3654,0.3088,1,1,146,1
146,3,0,2,1,1,1,0.9858,0.9941,0.8843,0.9526,782.0,345.0,669.5,350.0,740.0,392.5,702.5,374.5,112.6111,41.5963,0.3694,1,1,147,1
146,3,0,0,1,1,1,0.9922,0.9878,0.9497,0.915,629.0,301.0,513.5,302.0,573.0,303.0,542.0,295.0,115.5043,32.0156,0.2772,1,1,147,1
146,3,0,1,1,1,1,0.9927,0.9902,0.9395,0.9204,940.0,353.5,830.0,356.0,894.0,393.5,875.0,380.0,110.0284,23.3077,0.2118,1,1,147,1
147,3,0,0,1,1,1,0.9912,0.9873,0.9429,0.9141,631.5,301.0,515.0,301.0,574.0,301.0,542.5,293.5,116.5,32.3805,0.2779,1,1,148,1
147,3,0,2,1,1,1,0.9868,0.9937,0.8896,0.9473,782.0,342.5,670.0,350.5,736.0,389.0,701.0,375.0,112.2854,37.6962,0.3357,1,1,148,1
147,3,0,1,1,1,1,0.9917,0.9907,0.9326,0.9243,938.5,353.0,829.5,355.0,896.5,392.5,875.0,381.0,109.0183,24.3824,0.2237,1,1,148,1
148,3,0,0,1,1,1,0.9917,0.9863,0.9482,0.9087,630.5,302.0,513.5,302.0,571.0,302.0,542.5,293.0,117.0,29.8873,0.2554,1,1,149,1
148,3,0,2,1,1,1,0.9858,0.9941,0.8853,0.9512,783.0,344.5,669.0,349.5,736.0,385.0,700.0,373.5,114.1096,37.7922,0.3312,1,1,149,1
148,3,0,1,1,1,1,0.9917,0.9878,0.9365,0.9219,937.5,357.0,831.0,353.0,903.0,394.0,877.0,379.5,106.5751,29.77,0.2793,1,1,149,1
149,3,0,0,1,1,1,0.9937,0.9893,0.937,0.9116,635.5,299.5,515.0,303.5,571.5,298.0,541.0,285.0,120.5664,33.1549,0.275,1,1,150,1
149,3,0,2,1,1,1,0.9858,0.9937,0.8853,0.9497,782.0,346.0,670.0,350.0,736.0,386.0,702.5,373.0,112.0714,35.934,0.3206,1,1,150,1
149,3,0,1,1,1,1,0.9917,0.9907,0.9346,0.9248,939.0,352.0,830.5,355.5,894.0,393.5,875.0,379.0,108.5564,23.9008,0.2202,1,1,150,1
150,3,0,2,1,1,1,0.9858,0.9937,0.8867,0.9473,782.0,345.0,670.0,350.0,732.0,386.0,697.5,377.0,112.1116,35.6546,0.318,1,1,151,1
150,3,0,0,1,1,1,0.9922,0.9854,0.9497,0.9038,629.5,300.5,514.0,301.0,575.0,301.0,540.0,294.0,115.5011,35.6931,0.309,1,1,151,1
150,3,0,1,1,1,1,0.9917,0.9902,0.9331,0.9214,940.0,351.0,829.0,355.5,897.0,391.5,873.5,380.0,111.0912,26.163,0.2355,1,1,151,1
151,3,0,0,1,1,1,0.9927,0.9863,0.9448,0.9111,634.5,301.0,514.0,302.0,573.5,302.0,537.5,290.5,120.5041,37.7922,0.3136,1,1,152,1
151,3,0,2,1,1,1,0.9858,0.9937,0.8862,0.9502,783.0,344.5,670.0,350.0,738.0,386.0,698.0,378.0,113.1338,40.7922,0.3606,1,1,152,1
151,3,0,1,1,1,1,0.9922,0.9854,0.9419,0.9087,936.0,358.0,826.5,353.5,901.5,391.5,873.0,382.0,109.5924,30.0416,0.2741,1,1,152,1
152,3,0,2,1,1,1,0.9868,0.9937,0.8857,0.9468,783.0,343.5,670.5,350.5,743.5,386.5,699.5,376.0,112.7176,45.2355,0.4013,1,1,153,1
152,3,0,0,1,1,1,0.9917,0.9854,0.9487,0.9038,630.0,301.0,513.5,300.5,573.0,302.0,546.5,294.0,116.5011,27.6812,0.2376,1,1,153,1
152,3,0,1,1,1,1,0.9917,0.9897,0.9365,0.9175,939.5,352.0,830.5,355.5,894.0,390.5,873.5,378.5,109.0562,23.7539,0.2178,1,1,153,1
153,3,0,2,1,1,1,0.9844,0.9941,0.8735,0.9521,782.5,347.0,669.5,350.5,741.5,386.0,698.0,373.0,113.0542,45.401,0.4016,1,1,154,1
153,3,0,0,1,1,1,0.9922,0.9873,0.937,0.9141,635.0,301.0,514.0,301.0,572.5,302.0,539.5,292.5,121.0,34.3402,0.2838,1,1,154,1
153,3,0,1,1,1,1,0.9917,0.9897,0.9346,0.918,940.0,352.5,830.0,356.0,891.5,388.0,876.0,377.0,110.0557,19.0066,0.1727,1,1,154,1
154,3,0,2,1,1,1,0.9854,0.9937,0.8848,0.9482,783.0,346.0,670.5,351.0,741.0,387.5,702.5,378.0,112.6111,39.6548,0.3521,1,1,155,1
154,3,0,0,1,1,1,0.9922,0.9878,0.9385,0.9165,636.5,301.0,516.5,302.0,574.5,304.5,543.0,288.5,120.0042,35.3306,0.2944,1,1,155,1
154,3,0,1,1,1,1,0.9922,0.9839,0.9434,0.9043,939.0,359.0,832.5,354.5,901.0,388.0,874.5,380.5,106.595,27.5409,0.2584,1,1,155,1
155,3,0,2,1,1,1,0.9849,0.9941,0.8789,0.9526,783.0,346.0,669.5,350.5,738.5,386.5,704.5,375.5,113.5892,35.7351,0.3146,1,1,156,1
155,3,0,0,1,1,1,0.9902,0.9883,0.9307,0.9263,633.0,299.0,514.0,299.0,583.0,297.0,548.5,288.0,119.0,35.6546,0.2996,1,1,156,1
155,3,0,1,1,1,1,0.9917,0.9902,0.9331,0.9229,939.5,353.0,829.0,356.0,892.5,386.5,876.0,380.0,110.5407,17.7341,0.1604,1,1,156,1
156,3,0,0,1,1,1,0.9917,0.9854,0.9478,0.9023,631.0,302.0,515.0,301.0,575.0,305.0,543.0,293.0,116.0043,34.176,0.2946,1,1,157,1
156,3,0,2,1,1,1,0.9849,0.9932,0.8813,0.9463,783.5,345.0,669.5,350.5,740.0,389.0,701.0,374.0,114.1326,41.7852,0.3661,1,1,157,1
156,3,0,1,1,1,1,0.9917,0.9858,0.939,0.9131,938.0,357.0,831.5,353.5,902.5,389.5,878.0,375.5,106.5575,28.2179,0.2648,1,1,157,1
157,3,0,2,1,1,1,0.9868,0.9932,0.8799,0.9395,782.0,342.0,671.0,350.0,741.0,392.0,698.5,379.0,111.2879,44.4438,0.3994,1,1,158,1
157,3,0,0,1,1,1,0.9922,0.9863,0.9482,0.9053,630.5,300.5,515.0,300.5,575.5,301.0,545.0,294.5,115.5,31.1849,0.27,1,1,158,1
157,3,0,1,1,1,1,0.9927,0.9844,0.9448,0.9048,938.0,358.5,830.0,354.0,897.5,391.5,874.0,377.5,108.0937,27.3542,0.2531,1,1,158,1
158,3,0,0,1,1,1,0.9922,0.9868,0.9482,0.9097,631.0,302.0,515.5,302.0,575.5,301.0,544.5,295.5,115.5,31.4841,0.2726,1,1,159,1
158,3,0,2,1,1,1,0.9863,0.9941,0.8877,0.9517,783.0,345.0,671.5,349.5,737.0,386.0,701.5,374.0,111.5908,37.4733,0.3358,1,1,159,1
158,3,0,1,1,1,1,0.9922,0.9839,0.9419,0.9028,938.0,357.5,831.5,353.0,900.0,393.5,875.5,380.5,106.595,27.7354,0.2602,1,1,159,1
159,3,0,0,1,1,1,0.9917,0.9873,0.9468,0.9111,632.0,302.0,515.5,302.0,575.0,306.0,546.0,292.5,116.5,31.9883,0.2746,1,1,160,1
159,3,0,2,1,1,1,0.9863,0.9937,0.8882,0.9502,784.0,344.5,670.0,350.0,739.0,385.5,703.0,377.0,114.1326,36.9899,0.3241,1,1,160,1
159,3,0,1,1,1,1,0.9922,0.9844,0.9443,0.9067,938.0,357.5,832.0,353.5,901.0,387.0,876.0,375.5,106.0754,27.5182,0.2594,1,1,160,1
160,3,0,2,1,1,1,0.9873,0.9937,0.8882,0.9429,783.5,342.5,671.0,351.0,740.5,392.0,699.0,380.5,112.8207,43.0639,0.3817,1,1,161,1
160,3,0,0,1,1,1,0.9922,0.9878,0.9473,0.9121,632.5,301.0,516.0,301.0,578.0,304.0,547.0,290.0,116.5,34.0147,0.292,1,1,161,1
160,3,0,1,1,1,1,0.9907,0.9907,0.9277,0.9253,941.5,352.0,831.0,356.0,893.0,387.5,874.0,375.0,110.5724,22.7431,0.2057,1,1,161,1
161,3,0,2,1,1,1,0.9854,0.9937,0.8823,0.9497,783.0,345.0,670.0,350.0,740.5,390.0,698.5,379.0,113.1106,43.4166,0.3838,1,1,162,1
161,3,0,0,1,1,1,0.9907,0.9868,0.9404,0.9116,632.0,300.5,517.5,299.5,574.5,300.5,548.0,295.5,114.5044,26.9676,0.2355,1,1,162,1
161,3,0,1,1,1,1,0.9917,0.9907,0.9312,0.9229,941.0,351.5,831.5,354.5,895.5,395.0,877.0,376.0,109.5411,26.5189,0.2421,1,1,162,1
162,3,0,2,1,1,1,0.9868,0.9932,0.8931,0.9443,783.5,344.5,671.0,349.5,734.5,387.5,702.5,375.5,112.6111,34.176,0.3035,1,1,163,1
162,3,0,0,1,1,1,0.9912,0.9873,0.9424,0.9106,631.5,300.0,516.0,300.0,577.0,302.0,546.0,300.0,115.5,31.0644,0.269,1,1,163,1
162,3,0,1,1,1,1,0.9917,0.9902,0.936,0.9204,940.0,351.0,831.0,355.5,892.0,393.0,879.0,376.0,109.0929,21.4009,0.1962,1,1,163,1
163,3,0,2,1,1,1,0.9873,0.9932,0.8906,0.9419,783.0,343.0,671.0,350.5,739.0,386.5,702.0,376.0,112.2508,38.461,0.3426,1,1,164,1
163,3,0,0,1,1,1,0.9917,0.9839,0.9482,0.895,632.0,301.5,517.0,301.0,573.5,298.5,549.5,286.5,115.0011,26.8328,0.2333,1,1,164,1
163,3,0,1,1,1,1,0.9917,0.9902,0.9341,0.9219,940.0,351.5,830.5,355.0,896.0,390.5,874.5,383.0,109.5559,22.7706,0.2078,1,1,164,1
164,3,0,2,1,1,1,0.9868,0.9932,0.8931,0.9463,783.0,345.0,670.0,350.0,739.0,389.5,702.5,376.5,113.1106,38.746,0.3425,1,1,165,1
164,3,0,0,1,1,1,0.9932,0.9883,0.9375,0.9072,636.5,299.5,518.5,302.5,574.0,299.0,548.0,289.5,118.0381,27.6812,0.2345,1,1,165,1
164,3,0,1,1,1,1,0.9912,0.9907,0.9302,0.9258,940.0,352.5,829.5,357.0,895.5,392.5,873.0,382.0,110.5916,24.8294,0.2245,1,1,165,1
165,3,0,2,1,1,1,0.9849,0.9937,0.8774,0.9492,782.5,346.5,671.0,352.5,738.5,386.5,701.0,378.5,111.6613,38.3438,0.3434,1,1,166,1
165,3,0,0,1,1,1,0.9927,0.9883,0.9341,0.9067,636.5,299.5,518.0,302.5,574.5,299.5,546.5,287.0,118.538,30.6635,0.2587,1,1,166,1
165,3,0,1,1,1,1,0.9922,0.9849,0.9438,0.9062,937.0,357.0,830.0,354.0,905.5,396.0,874.5,381.5,107.042,34.2235,0.3197,1,1,166,1
166,3,0,0,1,1,1,0.9917,0.9863,0.9468,0.9072,632.0,301.5,516.5,300.0,577.0,301.0,548.0,291.5,115.5097,30.5164,0.2642,1,1,167,1
166,3,0,2,1,1,1,0.9844,0.9941,0.875,0.9536,783.0,346.0,670.5,351.0,738.5,382.5,702.5,371.5,112.6111,37.6431,0.3343,1,1,167,1
166,3,0,1,1,1,1,0.9922,0.9907,0.938,0.9238,941.0,352.5,831.5,356.0,894.5,390.5,875.0,380.0,109.5559,22.1472,0.2022,1,1,167,1
167,3,0,2,1,1,1,0.9858,0.9937,0.8862,0.9502,783.5,345.0,670.5,350.5,738.5,382.5,700.0,373.5,113.1338,39.538,0.3495,1,1,168,1
167,3,0,0,1,1,1,0.9927,0.9888,0.9326,0.9102,636.5,299.0,518.5,303.0,575.0,297.0,545.5,287.0,118.0678,31.1488,0.2638,1,1,168,1
167,3,0,1,1,1,1,0.9922,0.9902,0.9404,0.9209,940.5,351.5,832.5,354.0,892.5,387.0,873.0,379.5,108.0289,20.8926,0.1934,1,1,168,1
168,3,0,0,1,1,1,0.9917,0.9849,0.9482,0.8965,634.0,302.0,517.5,300.5,573.0,299.0,551.0,294.5,116.5097,22.4555,0.1927,1,1,169,1
168,3,0,2,1,1,1,0.9834,0.9902,0.9014,0.9316,778.5,344.5,667.0,344.0,742.5,373.0,702.0,376.0,111.5011,40.611,0.3642,1,1,169,1
168,3,0,1,1,1,1,0.9858,0.9878,0.9189,0.9209,937.0,354.5,827.5,355.0,913.0,391.5,860.0,380.5,109.5011,54.1295,0.4943,1,1,169,1
169,3,0,2,1,1,1,0.9868,0.9937,0.895,0.9487,783.0,343.5,670.0,349.0,738.5,384.5,699.0,376.0,113.1338,40.4042,0.3571,1,1,170,1
169,3,0,0,1,1,1,0.9917,0.9834,0.9463,0.8901,633.5,302.0,517.5,300.5,575.5,300.5,549.5,299.0,116.0097,26.0432,0.2245,1,1,170,1
169,3,0,1,1,1,1,0.9922,0.9902,0.937,0.9229,940.0,352.5,830.5,355.5,894.0,389.5,875.0,382.0,109.5411,20.4267,0.1865,1,1,170,1
170,3,0,0,1,1,1,0.9912,0.9868,0.937,0.9023,632.0,301.0,518.0,300.0,576.0,302.5,548.5,294.0,114.0044,28.7837,0.2525,1,1,171,1
170,3,0,2,1,1,1,0.9878,0.9941,0.8901,0.9473,782.5,341.0,672.0,350.0,738.5,383.5,701.5,375.5,110.8659,37.855,0.3414,1,1,171,1
170,3,0,1,1,1,1,0.9917,0.9902,0.9341,0.9214,940.5,352.0,831.0,355.5,897.0,391.0,873.0,381.5,109.5559,25.8118,0.2356,1,1,171,1
171,3,0,0,1,1,1,0.9917,0.9863,0.9463,0.9058,632.5,300.0,516.5,299.5,577.0,303.5,548.0,291.0,116.0011,31.5793,0.2722,1,1,172,1
171,3,0,2,1,1,1,0.9858,0.9937,0.8867,0.9482,784.0,344.0,671.5,351.0,737.5,379.5,699.0,372.5,112.7176,39.1312,0.3472,1,1,172,1
171,3,0,1,1,1,1,0.9922,0.9897,0.9365,0.9165,939.0,351.5,831.0,356.0,893.5,390.0,872.5,382.5,108.0937,22.2991,0.2063,1,1,172,1
172,3,0,0,1,1,1,0.9917,0.9878,0.9443,0.9155,631.0,302.0,515.5,301.0,576.0,303.5,549.0,290.5,115.5043,29.9666,0.2594,1,1,173,1
172,3,0,2,1,1,1,0.9868,0.9937,0.8926,0.9492,782.5,345.5,671.0,351.0,739.5,386.5,696.0,377.5,111.6356,44.4213,0.3979,1,1,173,1
172,3,0,1,1,1,1,0.9927,0.9902,0.9419,0.9214,940.0,352.0,830.5,355.0,896.5,392.5,869.0,387.0,109.5411,28.0446,0.256,1,1,173,1
173,3,0,0,1,1,1,0.9912,0.9873,0.9429,0.9121,631.5,302.0,515.5,299.5,576.0,303.5,551.0,289.5,116.0269,28.6531,0.247,1,1,174,1
173,3,0,2,1,1,1,0.9878,0.9932,0.8931,0.9434,783.0,341.5,670.5,350.5,741.0,387.5,699.0,376.0,112.8594,43.546,0.3858,1,1,174,1
173,3,0,1,1,1,1,0.9927,0.9897,0.9419,0.9185,940.5,351.5,830.5,355.0,898.0,389.5,870.5,384.0,110.0557,28.0446,0.2548,1,1,174,1
174,3,0,0,1,1,1,0.9917,0.9854,0.9448,0.9004,633.0,301.5,516.0,298.0,575.0,302.0,549.5,297.0,117.0523,25.9856,0.222,1,1,175,1
174,3,0,2,1,1,1,0.9858,0.9937,0.8882,0.9487,784.0,345.5,671.0,351.0,742.0,386.5,701.0,375.5,113.1338,42.45,0.3752,1,1,175,1
174,3,0,1,1,1,1,0.9922,0.9897,0.9399,0.9199,939.0,352.5,830.0,356.5,895.0,393.5,876.0,375.5,109.0734,26.1725,0.24,1,1,175,1
175,3,0,0,1,1,1,0.9912,0.9873,0.9365,0.9043,633.5,301.0,518.5,300.5,576.0,298.5,549.5,295.0,115.0011,26.7301,0.2324,1,1,176,1
175,3,0,2,1,1,1,0.9863,0.9932,0.8906,0.9468,783.5,345.0,671.5,350.0,741.0,382.0,700.0,377.0,112.1116,41.3038,0.3684,1,1,176,1
175,3,0,1,1,1,1,0.9917,0.9834,0.9419,0.9014,938.0,358.5,832.5,354.0,901.5,389.0,874.0,380.0,105.5959,28.9353,0.274,1,1,176,1
176,3,0,0,1,1,1,0.9917,0.9873,0.9453,0.9116,631.0,301.5,517.5,299.5,576.5,303.5,548.0,293.0,113.5176,30.3727,0.2676,1,1,177,1
176,3,0,2,1,1,1,0.9868,0.9937,0.8931,0.9473,783.5,344.5,671.0,350.0,741.0,382.5,699.5,377.5,112.6344,41.8001,0.3711,1,1,177,1
176,3,0,1,1,1,1,0.9922,0.9897,0.936,0.9189,939.0,351.5,831.0,354.5,895.0,390.5,874.5,378.0,108.0417,24.0104,0.2222,1,1,177,1
177,3,0,0,1,1,1,0.9927,0.9878,0.9321,0.9019,638.0,300.0,518.5,302.0,576.5,298.5,544.0,290.0,119.5167,33.5932,0.2811,1,1,178,1
177,3,0,2,1,1,1,0.9868,0.9932,0.8931,0.9468,784.0,347.5,671.0,352.0,738.0,384.5,700.5,376.5,113.0896,38.3438,0.3391,1,1,178,1
177,3,0,1,1,1,1,0.9917,0.9907,0.9351,0.9243,940.0,351.0,830.0,355.0,892.0,386.0,878.5,376.5,110.0727,16.5076,0.15,1,1,178,1
178,3,0,0,1,1,1,0.9917,0.9863,0.9482,0.9087,632.5,300.0,517.0,298.0,577.0,302.5,545.5,296.5,115.5173,32.0663,0.2776,1,1,179,1
178,3,0,2,1,1,1,0.9868,0.9927,0.8965,0.9438,784.5,346.5,671.5,349.5,736.0,382.0,700.5,376.0,113.0398,36.0035,0.3185,1,1,179,1
178,3,0,1,1,1,1,0.9917,0.9902,0.9346,0.9214,939.0,351.5,832.0,355.0,895.0,390.0,876.5,377.0,107.0572,22.6108,0.2112,1,1,179,1
179,3,0,0,1,1,1,0.9927,0.9883,0.9341,0.9053,637.5,300.5,519.0,301.0,575.5,300.0,545.0,290.5,118.5011,31.9453,0.2696,1,1,180,1
179,3,0,2,1,1,1,0.9873,0.9932,0.8975,0.9448,783.0,345.0,670.5,348.0,738.0,386.0,699.5,378.0,112.54,39.3224,0.3494,1,1,180,1
179,3,0,1,1,1,1,0.9907,0.9824,0.9409,0.9038,938.0,355.5,832.0,350.0,911.0,386.0,872.5,377.0,106.1426,39.538,0.3725,1,1,180,1
180,3,0,0,1,1,1,0.9917,0.9858,0.9453,0.9038,632.5,300.5,517.5,299.5,577.0,302.0,549.0,295.0,115.0043,28.8617,0.251,1,1,181,1
180,3,0,2,1,1,1,0.9829,0.9893,0.896,0.9253,777.0,345.0,666.5,344.0,744.0,377.5,702.5,379.0,110.5045,41.5271,0.3758,1,1,181,1
180,3,0,1,1,1,1,0.9917,0.9858,0.9419,0.9155,938.0,356.0,833.0,352.0,905.0,385.0,876.0,378.5,105.0762,29.7195,0.2828,1,1,181,1
181,3,0,0,1,1,1,0.9922,0.9868,0.9482,0.9102,632.0,302.0,517.5,299.5,577.0,303.0,549.0,294.5,114.5273,29.2617,0.2555,1,1,182,1
181,3,0,2,1,1,1,0.9878,0.9932,0.9014,0.9448,782.5,345.0,671.0,350.0,736.5,380.0,699.5,376.5,111.6121,37.1652,0.333,1,1,182,1
181,3,0,1,1,1,1,0.9927,0.9897,0.9429,0.9194,941.0,353.0,832.0,356.0,895.0,384.5,875.5,377.5,109.0413,20.7183,0.19,1,1,182,1
182,3,0,2,1,1,1,0.9888,0.9932,0.8975,0.938,783.0,341.0,672.0,349.0,735.5,387.0,702.5,381.5,111.2879,33.4552,0.3006,1,1,183,1
182,3,0,0,1,1,1,0.9922,0.9868,0.9497,0.9121,632.0,301.0,518.0,299.0,578.0,299.5,548.5,296.0,114.0175,29.7069,0.2605,1,1,183,1
182,3,0,1,1,1,1,0.9922,0.9907,0.9355,0.9253,941.0,351.5,830.5,356.5,893.0,385.0,871.0,375.5,110.6131,23.9635,0.2166,1,1,183,1
183,3,0,0,1,1,1,0.9917,0.9849,0.9468,0.8965,635.0,301.0,516.0,298.0,576.0,306.5,551.5,293.0,119.0378,27.9732,0.235,1,1,184,1
183,3,0,2,1,1,1,0.9883,0.9927,0.8975,0.9365,784.0,342.0,671.0,349.0,738.5,384.5,702.0,379.5,113.2166,36.8409,0.3254,1,1,184,1
183,3,0,1,1,1,1,0.9907,0.9829,0.9409,0.9062,940.5,354.5,833.0,351.5,908.0,388.0,869.5,376.0,107.5419,40.3268,0.375,1,1,184,1
184,3,0,0,1,1,1,0.9922,0.9868,0.9482,0.9097,633.0,301.0,515.5,298.5,573.5,306.0,551.0,294.0,117.5266,25.5,0.217,1,1,185,1
184,3,0,2,1,1,1,0.9878,0.9932,0.8984,0.9434,783.0,345.5,671.5,349.5,736.5,382.0,702.5,376.0,111.5717,34.5254,0.3094,1,1,185,1
184,3,0,1,1,1,1,0.9922,0.9863,0.9326,0.9009,943.0,356.0,829.5,354.0,899.5,389.0,872.0,377.0,113.5176,30.0042,0.2643,1,1,185,1
185,3,0,0,1,1,1,0.9917,0.9858,0.9458,0.9028,634.0,301.0,517.5,298.5,576.5,301.0,548.0,295.5,116.5268,29.0259,0.2491,1,1,186,1
185,3,0,2,1,1,1,0.9897,0.9922,0.9087,0.9326,783.5,341.5,670.5,348.0,740.0,389.0,700.5,381.5,113.1868,40.2057,0.3552,1,1,186,1
185,3,0,1,1,1,1,0.9922,0.9902,0.9385,0.9229,941.0,351.0,832.5,354.0,894.0,386.5,879.5,373.0,108.5415,19.8116,0.1825,1,1,186,1
186,3,0,2,1,1,1,0.9868,0.9937,0.8926,0.9473,782.5,345.0,671.5,349.5,740.0,389.5,702.5,376.0,111.0912,39.856,0.3588,1,1,187,1
186,3,0,1,1,1,1,0.9912,0.9907,0.9307,0.9253,941.5,351.5,831.0,355.0,893.0,385.5,877.0,376.5,110.5554,18.3576,0.166,1,1,187,1
186,3,0,0,1,1,1,0.9922,0.9854,0.9473,0.8984,634.0,301.5,518.0,299.5,579.0,303.0,548.5,293.5,116.0172,31.9453,0.2753,1,1,187,1
187,3,0,0,1,1,1,0.9922,0.9873,0.9482,0.9106,634.5,300.0,518.0,298.5,576.0,300.5,546.5,294.5,116.5097,30.104,0.2584,1,1,188,1
187,3,0,1,1,1,1,0.9917,0.9902,0.9346,0.9233,941.0,351.5,831.0,355.0,896.0,385.0,877.5,377.0,110.0557,20.1556,0.1831,1,1,188,1
187,3,0,2,1,1,1,0.9873,0.9927,0.9004,0.9434,782.0,344.0,671.0,349.0,738.5,386.5,700.5,377.5,111.1126,39.0512,0.3515,1,1,188,1
188,3,0,0,1,1,1,0.9927,0.9883,0.939,0.917,639.0,301.0,519.0,301.0,578.5,304.5,545.0,294.0,120.0,35.107,0.2926,1,1,189,1
188,3,0,2,1,1,1,0.9883,0.9922,0.9004,0.9346,783.0,344.0,669.0,351.0,743.5,388.0,700.0,380.0,114.2147,44.2295,0.3872,1,1,189,1
188,3,0,1,1,1,1,0.9912,0.9902,0.9331,0.9209,942.0,352.5,832.0,355.5,894.5,385.5,877.5,375.0,110.0409,19.9812,0.1816,1,1,189,1
189,3,0,0,1,1,1,0.9922,0.9849,0.9512,0.8975,633.0,302.5,518.5,299.0,575.5,302.5,549.5,293.5,114.5535,27.5136,0.2402,1,1,190,1
189,3,0,2,1,1,1,0.9883,0.9917,0.897,0.9307,782.5,344.0,671.0,350.0,741.0,388.5,699.5,383.0,111.6613,41.8629,0.3749,1,1,190,1
189,3,0,1,1,1,1,0.9917,0.9873,0.9355,0.9131,941.5,358.0,830.0,353.0,901.5,380.5,876.0,374.5,111.6121,26.1964,0.2347,1,1,190,1
190,3,0,2,1,1,1,0.9883,0.9922,0.9058,0.9414,784.0,344.5,671.0,349.0,737.5,383.0,701.0,375.5,113.0896,37.2626,0.3295,1,1,191,1
190,3,0,0,1,1,1,0.9912,0.9839,0.9438,0.8901,633.0,300.5,517.0,298.0,574.5,300.0,549.5,294.0,116.0269,25.7099,0.2216,1,1,191,1
190,3,0,1,1,1,1,0.9917,0.9868,0.9297,0.9033,943.0,355.5,829.5,352.5,897.5,386.0,876.0,374.0,113.5396,24.6221,0.2169,1,1,191,1
191,3,0,2,1,1,1,0.9873,0.9932,0.895,0.9468,783.0,346.5,671.0,350.0,739.0,383.5,703.0,378.5,112.0547,36.3456,0.3244,1,1,192,1
191,3,0,0,1,1,1,0.9922,0.9854,0.9468,0.8989,634.0,300.5,518.0,299.5,577.5,302.0,551.0,293.0,116.0043,27.9866,0.2413,1,1,192,1
191,3,0,1,1,1,1,0.9912,0.9912,0.9312,0.9268,941.5,352.5,832.0,356.0,897.5,391.0,877.0,378.0,109.5559,24.2745,0.2216,1,1,192,1
192,3,0,2,1,1,1,0.9878,0.9927,0.9019,0.9438,784.0,346.0,671.5,351.0,738.0,383.5,703.0,377.5,112.6111,35.5106,0.3153,1,1,193,1
192,3,0,0,1,1,1,0.9922,0.9863,0.9482,0.9062,633.0,301.0,516.5,300.0,576.0,300.5,549.0,291.5,116.5043,28.4605,0.2443,1,1,193,1
192,3,0,1,1,1,1,0.9927,0.9854,0.9468,0.9087,939.5,356.5,833.0,353.0,905.0,387.0,878.0,377.0,106.5575,28.7924,0.2702,1,1,193,1
193,3,0,0,1,1,1,0.9932,0.9878,0.9375,0.9028,638.5,301.0,518.5,302.0,575.5,295.5,545.0,290.0,120.0042,30.9919,0.2583,1,1,194,1
193,3,0,2,1,1,1,0.9863,0.9927,0.894,0.9429,783.5,346.5,671.0,351.0,738.0,383.5,702.5,379.5,112.59,35.7246,0.3173,1,1,194,1
193,3,0,1,1,1,1,0.9912,0.9897,0.9331,0.9204,941.0,352.0,833.5,355.0,895.0,388.5,880.0,380.0,107.5419,17.2409,0.1603,1,1,194,1
194,3,0,0,1,1,1,0.9937,0.9878,0.9409,0.9053,638.5,299.0,520.5,301.5,575.0,296.5,547.5,289.5,118.0265,28.3769,0.2404,1,1,195,1
194,3,0,2,1,1,1,0.9868,0.9932,0.895,0.9448,783.5,346.5,671.5,351.0,740.5,384.5,698.0,378.5,112.0904,42.9214,0.3829,1,1,195,1
194,3,0,1,1,1,1,0.9907,0.9834,0.9429,0.9087,939.0,356.5,835.0,351.0,911.5,390.0,876.5,374.0,104.1453,38.4838,0.3695,1,1,195,1
195,3,0,0,1,1,1,0.9932,0.9883,0.9365,0.9067,637.0,299.0,518.0,301.0,575.5,296.5,545.5,291.0,119.0168,30.5,0.2563,1,1,196,1
195,3,0,2,1,1,1,0.9868,0.9927,0.8862,0.9365,783.0,343.0,670.5,350.0,738.5,385.0,703.5,377.5,112.7176,35.7946,0.3176,1,1,196,1
195,3,0,1,1,1,1,0.9927,0.9844,0.9463,0.9077,940.0,357.5,832.5,353.5,902.0,385.5,877.0,378.0,107.5744,26.1008,0.2426,1,1,196,1
196,3,0,0,1,1,1,0.9937,0.9883,0.939,0.9058,637.0,300.0,517.5,301.5,576.5,298.0,545.5,291.0,119.5094,31.7805,0.2659,1,1,197,1
196,3,0,2,1,1,1,0.9868,0.9932,0.895,0.9468,784.0,346.0,669.5,351.0,740.0,382.5,703.0,376.5,114.6091,37.4833,0.3271,1,1,197,1
196,3,0,1,1,1,1,0.9917,0.9897,0.9351,0.9189,941.5,351.0,832.0,355.0,898.0,386.0,873.5,382.0,109.573,24.8244,0.2266,1,1,197,1
197,3,0,0,1,1,1,0.9922,0.9868,0.9492,0.9106,631.5,300.0,516.5,299.5,573.0,299.0,548.0,292.0,115.0011,25.9615,0.2258,1,1,198,1
197,3,0,2,1,1,1,0.9893,0.9922,0.9077,0.936,783.0,343.0,670.5,350.5,737.5,387.0,701.5,380.0,112.7497,36.6742,0.3253,1,1,198,1
197,3,0,1,1,1,1,0.9912,0.9863,0.939,0.9175,940.0,358.0,835.5,354.0,903.5,385.0,878.5,377.0,104.5765,26.2488,0.251,1,1,198,1
198,3,0,0,1,1,1,0.9917,0.9854,0.9482,0.9014,633.5,300.0,517.0,299.5,574.5,300.5,546.5,291.5,116.5011,29.4109,0.2525,1,1,199,1
198,3,0,2,1,1,1,0.9897,0.9922,0.9097,0.9355,784.0,342.0,670.5,349.0,739.0,389.5,700.0,381.0,113.7157,39.9155,0.351,1,1,199,1
198,3,0,1,1,1,1,0.9907,0.9844,0.9409,0.9111,941.0,356.5,834.5,352.0,912.0,384.0,875.0,372.0,106.595,38.8973,0.3649,1,1,199,1
199,3,0,0,1,1,1,0.9927,0.9873,0.9434,0.9126,638.0,301.0,520.0,302.0,575.5,300.5,542.5,291.5,118.0042,34.2053,0.2899,1,1,200,1
199,3,0,2,1,1,1,0.9878,0.9927,0.9028,0.9414,784.0,344.5,670.5,349.0,741.0,383.0,698.0,373.0,113.5892,44.1475,0.3887,1,1,200,1
199,3,0,1,1,1,1,0.9922,0.9854,0.9434,0.9092,939.0,356.5,832.5,353.0,903.0,388.5,878.0,380.0,106.5575,26.4055,0.2478,1,1,200,1
200,3,0,0,1,1,1,0.9922,0.9883,0.9492,0.918,631.5,301.0,516.5,301.0,574.0,298.5,546.5,295.5,115.0,27.6632,0.2405,1,1,201,1
200,3,0,2,1,1,1,0.9873,0.9932,0.8975,0.9453,783.0,345.5,669.0,350.0,738.5,382.5,702.0,375.5,114.0888,37.1652,0.3258,1,1,201,1
200,3,0,1,1,1,1,0.9917,0.9902,0.9351,0.9238,941.5,352.0,831.5,355.5,894.5,385.5,879.0,372.0,110.0557,20.5548,0.1868,1,1,201,1
201,3,0,0,1,1,1,0.9927,0.9897,0.9409,0.9263,638.5,301.0,519.5,303.0,574.0,301.5,545.0,292.5,119.0168,30.3645,0.2551,1,1,202,1
201,3,0,2,1,1,1,0.9893,0.9927,0.9058,0.938,784.0,343.0,670.0,351.0,741.0,388.0,702.5,378.0,114.2804,39.7775,0.3481,1,1,202,1
201,3,0,1,1,1,1,0.9917,0.9907,0.9336,0.9248,941.5,352.0,831.0,356.5,896.0,387.5,879.0,373.0,110.5916,22.3439,0.202,1,1,202,1
202,3,0,0,1,1,1,0.9922,0.9863,0.9502,0.9077,633.0,300.5,516.5,299.5,574.5,301.5,547.0,295.5,116.5043,28.1469,0.2416,1,1,203,1
202,3,0,2,1,1,1,0.9883,0.9927,0.9043,0.9424,785.0,345.5,671.0,350.0,744.0,390.5,698.5,378.0,114.0888,47.1858,0.4136,1,1,203,1
202,3,0,1,1,1,1,0.9912,0.9858,0.937,0.9131,938.0,357.0,833.0,353.5,906.5,394.0,879.5,379.0,105.0583,30.8869,0.294,1,1,203,1
203,3,0,2,1,1,1,0.9888,0.9922,0.9102,0.9385,784.0,347.0,670.5,351.0,738.0,389.5,703.0,378.0,113.5705,36.8409,0.3244,1,1,204,1
203,3,0,0,1,1,1,0.9907,0.9863,0.9341,0.9165,635.0,301.0,516.0,301.5,591.0,293.0,550.5,293.5,119.0011,40.5031,0.3404,1,1,204,1
203,3,0,1,1,1,1,0.9922,0.9854,0.9443,0.9097,937.5,356.5,833.0,352.5,907.0,394.0,879.5,378.5,104.5765,31.5674,0.3019,1,1,204,1
204,3,0,0,1,1,1,0.9922,0.9873,0.9487,0.9136,632.0,300.5,516.5,302.0,574.0,301.5,546.0,296.5,115.5097,28.4429,0.2462,1,1,205,1
204,3,0,2,1,1,1,0.9902,0.9917,0.9165,0.9331,783.5,342.0,671.5,350.0,740.5,388.0,702.5,378.5,112.2854,39.1695,0.3488,1,1,205,1
204,3,0,1,1,1,1,0.9922,0.9897,0.9395,0.9194,942.0,352.0,834.0,354.0,899.5,395.0,877.0,383.0,108.0185,25.5,0.2361,1,1,205,1
205,3,0,2,1,1,1,0.9878,0.9932,0.9043,0.9458,784.0,345.0,671.5,350.5,740.0,387.0,700.0,375.5,112.6344,41.6203,0.3695,1,1,206,1
205,3,0,0,1,1,1,0.9932,0.9878,0.9458,0.917,637.5,301.0,518.5,302.5,576.5,298.0,543.0,292.0,119.0095,34.0331,0.286,1,1,206,1
205,3,0,1,1,1,1,0.9917,0.9902,0.9336,0.9233,941.5,351.5,833.0,356.0,897.0,391.5,880.5,377.5,108.5933,21.6391,0.1993,1,1,206,1
206,3,0,0,1,1,1,0.9927,0.9868,0.9512,0.9102,632.0,302.0,516.5,301.0,574.5,299.0,546.0,296.5,115.5043,28.6094,0.2477,1,1,207,1
206,3,0,2,1,1,1,0.9873,0.9932,0.8994,0.9473,784.0,344.5,670.5,350.0,738.0,384.5,699.5,376.5,113.6332,39.3224,0.346,1,1,207,1
206,3,0,1,1,1,1,0.9922,0.9902,0.939,0.9224,942.0,352.0,833.0,355.5,894.5,384.0,878.5,376.0,109.0562,17.8885,0.164,1,1,207,1
207,3,0,2,1,1,1,0.9902,0.9922,0.915,0.9355,784.5,343.0,670.5,351.0,740.5,386.0,699.0,379.0,114.2804,42.0862,0.3683,1,1,208,1
207,3,0,0,1,1,1,0.9922,0.9883,0.9497,0.9175,631.0,302.0,517.5,301.0,576.5,299.0,545.5,295.5,113.5044,31.197,0.2749,1,1,208,1
207,3,0,1,1,1,1,0.9922,0.9902,0.9395,0.9224,941.0,352.5,832.0,355.0,895.5,384.0,877.5,377.0,109.0287,19.3132,0.1771,1,1,208,1
208,3,0,0,1,1,1,0.9917,0.9873,0.9453,0.9121,632.5,303.0,516.0,301.0,574.5,301.0,546.5,297.5,116.5172,28.2179,0.2422,1,1,209,1
208,3,0,2,1,1,1,0.9858,0.9937,0.8877,0.9502,783.5,345.0,669.0,350.5,742.5,386.0,702.0,377.0,114.632,41.488,0.3619,1,1,209,1
208,3,0,1,1,1,1,0.9917,0.9902,0.9331,0.9229,942.0,350.5,831.5,354.5,898.0,390.0,879.0,381.0,110.5724,21.0238,0.1901,1,1,209,1
209,3,0,2,1,1,1,0.9868,0.9937,0.8936,0.9487,783.0,345.0,671.0,350.0,741.0,385.5,704.0,375.5,112.1116,38.3275,0.3419,1,1,210,1
209,3,0,0,1,1,1,0.9917,0.9858,0.9458,0.9033,632.5,302.0,517.0,300.5,574.0,301.5,548.0,291.5,115.5097,27.8568,0.2412,1,1,210,1
209,3,0,1,1,1,1,0.9917,0.9868,0.939,0.9194,939.0,356.0,832.5,353.5,906.5,391.0,879.5,380.5,106.5293,28.9698,0.2719,1,1,210,1
210,3,0,2,1,1,1,0.9907,0.9917,0.917,0.9316,783.0,341.0,670.0,349.0,741.0,391.0,699.0,378.0,113.2828,43.9659,0.3881,1,1,211,1
210,3,0,0,1,1,1,0.9922,0.9858,0.9414,0.894,631.5,301.0,515.0,301.0,573.0,294.0,546.5,296.5,116.5,26.6177,0.2285,1,1,211,1
210,3,0,1,1,1,1,0.9917,0.9897,0.9331,0.9194,940.5,351.0,832.0,354.5,898.5,393.0,881.5,376.5,108.5564,23.6907,0.2182,1,1,211,1
211,3,0,0,1,1,1,0.9922,0.9873,0.9502,0.9111,630.5,301.5,515.5,301.0,574.0,299.5,546.0,296.0,115.0011,28.2179,0.2454,1,1,212,1
211,3,0,2,1,1,1,0.9883,0.9922,0.9082,0.9409,782.0,344.5,670.0,348.0,736.5,386.0,701.0,378.0,112.0547,36.3902,0.3248,1,1,212,1
211,3,0,1,1,1,1,0.9922,0.9897,0.9395,0.9194,941.0,351.0,832.5,353.5,896.5,394.0,879.0,378.5,108.5288,23.3773,0.2154,1,1,212,1
212,3,0,2,1,1,1,0.9883,0.9927,0.9058,0.9438,783.0,345.0,671.0,349.5,735.5,385.5,700.5,374.5,112.0904,36.6879,0.3273,1,1,213,1
212,3,0,0,1,1,1,0.9927,0.9858,0.9468,0.8979,631.5,301.0,517.0,301.0,573.5,294.0,546.0,295.5,114.5,27.5409,0.2405,1,1,213,1
212,3,0,1,1,1,1,0.9917,0.9897,0.9355,0.9189,941.0,351.5,832.5,354.5,897.5,392.0,882.0,378.5,108.5415,20.5548,0.1894,1,1,213,1
213,3,0,0,1,1,1,0.9932,0.9888,0.9385,0.9102,636.0,298.5,518.0,301.5,574.0,294.0,543.0,288.0,118.0381,31.5753,0.2675,1,1,214,1
213,3,0,2,1,1,1,0.9897,0.9927,0.9126,0.9385,782.0,341.0,669.5,348.0,741.5,388.0,700.0,378.0,112.7176,42.6878,0.3787,1,1,214,1
213,3,0,1,1,1,1,0.9922,0.9893,0.9404,0.9146,942.0,353.0,832.5,355.0,894.5,390.0,881.0,375.5,109.5183,19.8116,0.1809,1,1,214,1
214,3,0,2,1,1,1,0.9897,0.9927,0.9126,0.9385,783.0,341.0,670.0,348.0,739.5,384.5,702.0,377.0,113.2166,38.2426,0.3378,1,1,215,1
214,3,0,0,1,1,1,0.9937,0.9888,0.9419,0.9102,635.5,298.5,517.0,302.0,572.5,294.0,541.5,286.0,118.5517,32.0156,0.2701,1,1,215,1
214,3,0,1,1,1,1,0.9917,0.9897,0.9365,0.9204,941.5,352.0,832.5,354.5,893.5,387.5,880.5,375.0,109.0287,18.0347,0.1654,1,1,215,1
215,3,0,2,1,1,1,0.9849,0.9897,0.9102,0.9316,777.0,345.5,665.0,344.5,745.5,378.0,702.0,377.0,112.0045,43.5115,0.3885,1,1,216,1
215,3,0,0,1,1,1,0.9941,0.9883,0.9443,0.9072,637.0,299.5,516.5,303.0,574.0,296.0,543.0,287.0,120.5508,32.28,0.2678,1,1,216,1
215,3,0,1,1,1,1,0.9902,0.9839,0.9385,0.9092,940.0,355.0,834.5,351.0,915.0,391.0,877.5,374.0,105.5758,41.1734,0.39,1,1,216,1
216,3,0,2,1,1,1,0.9888,0.9932,0.9038,0.9404,784.0,342.0,670.0,350.5,739.0,389.5,701.5,378.5,114.3164,39.08,0.3419,1,1,217,1
216,3,0,0,1,1,1,0.9927,0.9858,0.9531,0.9058,631.0,302.0,516.0,301.5,573.5,299.0,546.0,291.5,115.0011,28.5044,0.2479,1,1,217,1
216,3,0,1,1,1,1,0.9917,0.9897,0.9321,0.918,942.5,351.5,832.0,355.5,896.0,390.5,879.0,376.0,110.5724,22.3439,0.2021,1,1,217,1
217,3,0,0,1,1,1,0.9932,0.9858,0.9531,0.9033,631.0,302.5,514.0,301.0,575.0,300.0,546.5,290.5,117.0096,30.0416,0.2567,1,1,218,1
217,3,0,1,1,1,1,0.9917,0.9858,0.9414,0.9126,938.5,357.0,834.5,353.0,904.5,389.0,879.5,376.0,104.0769,28.178,0.2707,1,1,218,1
217,3,0,2,1,1,1,0.9902,0.9917,0.9121,0.9312,783.0,343.0,669.0,350.0,741.5,392.5,699.0,380.5,114.2147,44.1616,0.3867,1,1,218,1
218,3,0,0,1,1,1,0.9927,0.9854,0.9531,0.9028,630.5,302.5,513.5,301.5,574.5,299.0,546.0,293.0,117.0043,29.1247,0.2489,1,1,219,1
218,3,0,2,1,1,1,0.9878,0.9927,0.9019,0.9429,783.0,344.5,669.0,350.0,740.5,390.0,701.0,378.5,114.1326,41.14,0.3605,1,1,219,1
218,3,0,1,1,1,1,0.9922,0.9844,0.9429,0.9058,940.5,357.0,835.0,353.0,903.5,391.0,881.0,378.5,105.5758,25.7391,0.2438,1,1,219,1
219,3,0,0,1,1,1,0.9922,0.9839,0.9517,0.895,631.0,303.0,516.0,301.5,572.5,299.0,547.5,294.5,115.0098,25.4018,0.2209,1,1,220,1
219,3,0,2,1,1,1,0.9902,0.9917,0.9131,0.9307,782.5,341.0,670.5,349.0,743.0,388.5,699.0,381.0,112.2854,44.6346,0.3975,1,1,220,1
219,3,0,1,1,1,1,0.9922,0.9897,0.9399,0.9189,940.5,352.0,833.5,355.5,894.5,389.5,880.0,372.0,107.0572,22.7266,0.2123,1,1,220,1
220,3,0,0,1,1,1,0.9927,0.9819,0.9517,0.8823,631.0,303.0,516.0,301.0,573.0,300.0,545.5,293.5,115.0174,28.2577,0.2457,1,1,221,1
220,3,0,2,1,1,1,0.9893,0.9932,0.9038,0.939,783.0,342.0,669.5,349.0,744.0,390.5,702.0,380.5,113.7157,43.1741,0.3797,1,1,221,1
220,3,0,1,1,1,1,0.9922,0.9897,0.937,0.9204,941.0,352.0,834.5,355.0,896.5,389.5,878.0,381.0,106.5422,20.3593,0.1911,1,1,221,1
221,3,0,2,1,1,1,0.9878,0.9927,0.9009,0.9424,783.5,345.0,669.0,349.5,738.0,384.5,698.5,376.5,114.5884,40.302,0.3517,1,1,222,1
221,3,0,0,1,1,1,0.9932,0.9868,0.9531,0.9087,630.5,302.0,514.5,302.0,575.0,298.5,547.5,289.0,116.0,29.0947,0.2508,1,1,222,1
221,3,0,1,1,1,1,0.9922,0.9844,0.9434,0.9058,940.5,359.0,833.0,353.0,901.5,384.0,878.5,379.0,107.6673,23.5372,0.2186,1,1,222,1
222,3,0,0,1,1,1,0.9937,0.9878,0.9414,0.9043,635.0,300.0,517.5,302.0,576.5,300.5,542.0,287.5,117.517,36.868,0.3137,1,1,223,1
222,3,0,2,1,1,1,0.9878,0.9927,0.9009,0.9419,783.0,345.0,669.5,349.5,737.0,386.0,698.5,377.5,113.5892,39.4271,0.3471,1,1,223,1
222,3,0,1,1,1,1,0.9922,0.9854,0.9419,0.9106,939.0,357.0,833.5,353.0,905.0,389.0,880.0,377.5,105.5758,27.5182,0.2606,1,1,223,1
223,3,0,0,1,1,1,0.9927,0.9844,0.9526,0.8975,631.0,301.0,515.5,300.0,576.5,300.0,546.0,289.0,115.5043,32.423,0.2807,1,1,224,1
223,3,0,2,1,1,1,0.9883,0.9927,0.9043,0.9409,784.0,345.5,671.0,351.0,740.0,385.5,698.5,375.0,113.1338,42.8077,0.3784,1,1,224,1
223,3,0,1,1,1,1,0.9927,0.9897,0.9419,0.9199,941.0,351.0,832.0,354.5,898.0,387.0,876.5,378.5,109.0562,23.1193,0.212,1,1,224,1
224,3,0,2,1,1,1,0.9878,0.9932,0.9019,0.9438,782.0,345.0,669.5,348.5,745.5,386.0,700.5,378.0,112.5544,45.7056,0.4061,1,1,225,1
224,3,0,0,1,1,1,0.9922,0.9844,0.9497,0.8979,631.5,303.0,514.5,303.0,575.0,304.0,546.5,294.0,117.0,30.2035,0.2581,1,1,225,1
224,3,0,1,1,1,1,0.9917,0.9907,0.9351,0.9253,941.5,352.0,833.5,354.5,893.0,386.0,878.0,377.0,108.0289,17.4929,0.1619,1,1,225,1
225,3,0,2,1,1,1,0.9878,0.9937,0.8965,0.9482,783.5,346.0,669.5,350.5,743.0,387.5,701.5,376.0,114.0888,43.0639,0.3775,1,1,226,1
225,3,0,0,1,1,1,0.9937,0.9893,0.9395,0.9121,636.0,301.0,516.0,304.5,574.5,295.5,544.0,287.0,120.051,31.6623,0.2637,1,1,226,1
225,3,0,1,1,1,1,0.9927,0.9907,0.9424,0.9238,941.5,352.0,832.5,354.5,895.0,385.5,878.0,378.0,109.0287,18.5809,0.1704,1,1,226,1
226,3,0,1,1,1,1,0.9922,0.9897,0.9385,0.9185,942.0,351.5,832.5,355.5,893.0,389.0,880.0,374.5,109.573,19.4743,0.1777,1,1,227,1
226,3,0,0,1,1,1,0.9922,0.9868,0.9497,0.9106,631.5,303.0,516.0,301.5,575.0,301.0,543.0,298.0,115.5097,32.1403,0.2782,1,1,227,1
226,3,0,2,1,1,1,0.9888,0.9932,0.9033,0.9399,782.5,342.0,669.5,348.5,740.0,386.5,700.5,383.0,113.1868,39.6548,0.3503,1,1,227,1
227,3,0,0,1,1,1,0.9932,0.9878,0.9375,0.9048,635.5,300.5,517.5,303.5,573.5,296.0,542.5,289.0,118.0381,31.7805,0.2692,1,1,228,1
227,3,0,2,1,1,1,0.9897,0.9927,0.9067,0.9346,782.0,343.5,668.5,350.5,739.5,389.0,698.5,380.0,113.7157,41.9762,0.3691,1,1,228,1
227,3,0,1,1,1,1,0.9922,0.9902,0.9375,0.9214,942.5,351.0,832.0,354.5,896.0,388.5,878.5,376.0,110.5554,21.5058,0.1945,1,1,228,1
228,3,0,0,1,1,1,0.9927,0.9883,0.9351,0.9087,635.0,300.0,517.0,303.0,575.0,297.5,544.0,287.5,118.0381,32.573,0.276,1,1,229,1
228,3,0,2,1,1,1,0.9878,0.9927,0.9043,0.9414,784.0,344.5,670.5,350.0,734.5,386.0,700.5,379.5,113.6332,34.6157,0.3046,1,1,229,1
228,3,0,1,1,1,1,0.9917,0.9897,0.938,0.9189,942.0,350.5,833.0,354.5,894.0,386.5,879.5,376.0,109.0734,17.9025,0.1641,1,1,229,1
229,3,0,0,1,1,1,0.9932,0.9883,0.9365,0.9053,635.5,300.0,516.0,303.5,575.0,299.5,543.5,291.0,119.5512,32.6267,0.2729,1,1,230,1
229,3,0,2,1,1,1,0.9902,0.9912,0.9131,0.9272,781.5,343.5,669.0,349.5,739.0,387.5,703.5,382.0,112.6599,35.9235,0.3189,1,1,230,1
229,3,0,1,1,1,1,0.9917,0.9902,0.9346,0.9209,941.0,350.5,832.5,354.5,896.5,388.5,878.0,375.0,108.5737,22.902,0.2109,1,1,230,1
230,3,0,0,1,1,1,0.9917,0.9868,0.9463,0.9082,630.0,301.0,515.0,302.0,575.5,299.5,545.0,293.0,115.0043,31.1849,0.2712,1,1,231,1
230,3,0,1,1,1,1,0.9917,0.9902,0.9351,0.9194,943.0,351.0,832.0,355.5,896.0,390.5,878.0,376.0,111.0912,23.1138,0.2081,1,1,231,1
230,3,0,2,1,1,1,0.9888,0.9917,0.9092,0.9351,784.0,345.0,669.5,350.5,737.5,385.0,696.5,377.0,114.632,41.7732,0.3644,1,1,231,1
231,3,0,0,1,1,1,0.9917,0.9863,0.9458,0.9048,632.0,301.0,514.0,301.5,574.0,301.5,545.0,293.0,118.0011,30.22,0.2561,1,1,232,1
231,3,0,2,1,1,1,0.9888,0.9927,0.9087,0.9399,783.0,345.0,669.0,350.0,736.5,383.5,697.5,374.0,114.1096,40.1404,0.3518,1,1,232,1
231,3,0,1,1,1,1,0.9927,0.9868,0.9448,0.9175,940.5,356.0,835.0,353.5,903.0,393.0,882.0,376.0,105.5296,27.0185,0.256,1,1,232,1
232,3,0,0,1,1,1,0.9922,0.9858,0.9482,0.9038,630.0,302.5,514.5,301.5,574.0,301.0,545.5,290.0,115.5043,30.5491,0.2645,1,1,233,1
232,3,0,2,1,1,1,0.9907,0.9917,0.9189,0.9316,783.0,343.0,669.0,351.5,737.5,386.5,697.5,377.0,114.3164,41.1127,0.3596,1,1,233,1
232,3,0,1,1,1,1,0.9912,0.9902,0.9316,0.9219,941.0,351.0,832.0,355.5,894.0,390.5,881.0,377.5,109.0929,18.3848,0.1685,1,1,233,1
233,3,0,2,1,1,1,0.9873,0.9927,0.8989,0.9434,784.0,346.0,669.5,350.0,739.0,384.0,700.5,376.0,114.5698,39.3224,0.3432,1,1,234,1
233,3,0,0,1,1,1,0.9927,0.9878,0.9399,0.9126,636.5,301.5,516.0,302.5,574.5,302.0,541.5,292.0,120.5041,34.4819,0.2861,1,1,234,1
233,3,0,1,1,1,1,0.9917,0.9902,0.9331,0.9219,941.5,352.0,832.5,354.5,893.0,382.0,880.0,376.5,109.0287,14.1156,0.1295,1,1,234,1
234,3,0,2,1,1,1,0.9893,0.9927,0.9102,0.9414,784.0,346.0,669.5,350.0,738.0,383.0,697.0,379.0,114.5698,41.1947,0.3596,1,1,235,1
234,3,0,0,1,1,1,0.9937,0.9888,0.9399,0.9072,634.5,299.5,516.5,303.5,573.0,296.5,543.0,287.5,118.0678,31.3209,0.2653,1,1,235,1
234,3,0,1,1,1,1,0.9917,0.9829,0.9463,0.9043,940.0,356.5,833.0,349.5,911.5,388.0,874.0,377.5,107.2287,38.9423,0.3632,1,1,235,1
235,3,0,0,1,1,1,0.9922,0.9849,0.9502,0.8965,630.0,301.0,515.0,300.5,573.5,300.0,545.5,289.5,115.0011,29.904,0.26,1,1,236,1
235,3,0,2,1,1,1,0.9897,0.9922,0.9111,0.9351,782.0,343.0,669.0,350.0,738.0,386.0,700.0,380.0,113.2166,38.4708,0.3398,1,1,236,1
235,3,0,1,1,1,1,0.9917,0.9907,0.9346,0.9243,939.5,352.5,831.5,355.0,895.5,384.0,877.5,381.5,108.0289,18.1728,0.1682,1,1,236,1
236,3,0,0,1,1,1,0.9922,0.9829,0.9507,0.8857,630.5,301.5,514.5,301.5,570.0,297.0,549.0,287.5,116.0,23.0489,0.1987,1,1,237,1
236,3,0,2,1,1,1,0.9878,0.9927,0.9014,0.9419,783.0,346.0,668.0,351.5,740.0,388.0,696.5,377.0,115.1314,44.8693,0.3897,1,1,237,1
236,3,0,1,1,1,1,0.9912,0.9902,0.9292,0.9209,940.0,352.0,832.0,355.0,895.0,392.0,881.0,378.0,108.0417,19.799,0.1833,1,1,237,1
237,3,0,2,1,1,1,0.9893,0.9927,0.9106,0.9414,782.0,345.5,669.0,350.5,739.0,383.5,696.0,378.0,113.1106,43.3503,0.3833,1,1,238,1
237,3,0,0,1,1,1,0.9922,0.9839,0.9492,0.8926,630.0,303.0,513.0,302.0,569.0,295.0,548.5,285.0,117.0043,22.809,0.1949,1,1,238,1
237,3,0,1,1,1,1,0.9922,0.9897,0.9385,0.9204,940.5,352.5,832.5,354.5,894.0,383.5,881.0,379.5,108.0185,13.6015,0.1259,1,1,238,1
238,3,0,0,1,1,1,0.9932,0.9888,0.936,0.9092,634.0,298.5,517.5,302.0,574.0,298.0,543.0,290.0,116.5526,32.0156,0.2747,1,1,239,1
238,3,0,2,1,1,1,0.9893,0.9927,0.9111,0.9395,783.0,345.5,670.5,351.0,736.5,383.0,696.5,374.5,112.6344,40.8932,0.3631,1,1,239,1
238,3,0,1,1,1,1,0.9917,0.9878,0.9341,0.917,940.5,358.0,829.0,353.0,903.5,388.0,879.0,378.5,111.6121,26.2774,0.2354,1,1,239,1
239,3,0,2,1,1,1,0.9893,0.9927,0.9116,0.9395,783.0,347.0,669.5,352.0,738.0,387.0,700.5,375.5,113.6101,39.2237,0.3452,1,1,240,1
239,3,0,0,1,1,1,0.9922,0.9854,0.9502,0.9019,630.0,302.0,515.0,301.0,575.5,303.0,548.5,291.5,115.0043,29.3471,0.2552,1,1,240,1
239,3,0,1,1,1,1,0.9917,0.9863,0.9385,0.9141,938.5,357.5,832.5,355.0,906.5,395.5,878.0,377.5,106.0295,33.7083,0.3179,1,1,240,1
240,3,0,2,1,1,1,0.9878,0.9932,0.8965,0.9453,784.0,345.0,670.5,351.0,741.0,385.5,700.0,376.5,113.6585,41.9762,0.3693,1,1,241,1
240,3,0,0,1,1,1,0.9917,0.9858,0.9395,0.8936,630.5,301.0,515.0,301.5,572.0,301.0,549.0,290.5,115.5011,25.2834,0.2189,1,1,241,1
240,3,0,1,1,1,1,0.9922,0.9854,0.9434,0.9097,939.0,358.0,832.5,354.0,904.0,392.5,875.5,381.5,106.5751,30.5491,0.2866,1,1,241,1
241,3,0,2,1,1,1,0.9878,0.9932,0.8999,0.9458,781.5,344.5,669.5,349.5,739.5,384.5,699.0,376.5,112.1116,41.2826,0.3682,1,1,242,1
241,3,0,0,1,1,1,0.9927,0.9849,0.9512,0.8984,628.0,302.0,514.0,301.0,572.5,299.5,548.0,291.0,114.0044,25.9326,0.2275,1,1,242,1
241,3,0,1,1,1,1,0.9917,0.9902,0.9336,0.9194,941.0,352.0,831.0,355.5,897.0,389.0,874.5,381.0,110.0557,23.8799,0.217,1,1,242,1
242,3,0,0,1,1,1,0.9927,0.9863,0.9507,0.9058,628.5,302.0,514.5,300.5,571.5,299.0,546.5,292.0,114.0099,25.9615,0.2277,1,1,243,1
242,3,0,2,1,1,1,0.9868,0.9927,0.894,0.9429,783.0,346.0,670.0,352.0,738.0,383.0,700.0,377.0,113.1592,38.4708,0.34,1,1,243,1
242,3,0,1,1,1,1,0.9922,0.9897,0.939,0.9185,940.0,352.5,830.5,355.5,895.5,386.0,876.0,376.0,109.5411,21.9146,0.2001,1,1,243,1
243,3,0,2,1,1,1,0.9873,0.9932,0.8945,0.9458,783.0,346.5,670.0,352.5,740.0,383.0,698.0,376.0,113.1592,42.5793,0.3763,1,1,244,1
243,3,0,0,1,1,1,0.9927,0.9858,0.9521,0.9053,628.5,302.0,511.5,301.0,574.5,301.5,546.0,295.0,117.0043,29.2318,0.2498,1,1,244,1
243,3,0,1,1,1,1,0.9922,0.9907,0.9365,0.9248,939.5,352.5,831.0,355.5,897.5,386.0,876.0,377.5,108.5415,23.1193,0.213,1,1,244,1
244,3,0,2,1,1,1,0.9888,0.9927,0.9097,0.9414,783.0,345.5,668.5,350.5,736.0,380.5,700.0,378.0,114.6091,36.0867,0.3149,1,1,245,1
244,3,0,0,1,1,1,0.9927,0.9849,0.9512,0.8975,630.5,301.5,513.5,302.0,575.0,301.0,547.0,293.0,117.0011,29.1204,0.2489,1,1,245,1
244,3,0,1,1,1,1,0.9922,0.9902,0.9385,0.9204,940.0,352.5,830.5,354.5,893.0,383.5,878.0,378.5,109.5183,15.8114,0.1444,1,1,245,1
245,3,0,2,1,1,1,0.9888,0.9927,0.9072,0.9419,783.0,345.0,669.5,351.0,737.0,381.0,699.5,378.5,113.6585,37.5832,0.3307,1,1,246,1
245,3,0,0,1,1,1,0.9927,0.9854,0.9536,0.9038,631.0,302.0,515.0,301.5,574.0,301.0,546.0,293.5,116.0011,28.9871,0.2499,1,1,246,1
245,3,0,1,1,1,1,0.9927,0.9897,0.9419,0.917,940.5,352.0,831.5,354.5,892.0,382.0,878.5,374.0,109.0287,15.6924,0.1439,1,1,246,1
246,3,0,2,1,1,1,0.9868,0.9932,0.895,0.9458,784.0,346.5,669.0,352.5,741.5,383.5,697.5,373.5,115.1564,45.1221,0.3918,1,1,247,1
246,3,0,0,1,1,1,0.9912,0.9849,0.9395,0.8965,630.5,301.0,515.5,302.0,572.0,294.0,547.0,293.5,115.0043,25.005,0.2174,1,1,247,1
246,3,0,1,1,1,1,0.9922,0.9863,0.9414,0.916,938.0,358.0,833.0,355.0,900.5,385.0,875.5,373.5,105.0428,27.5182,0.262,1,1,247,1
247,3,0,2,1,1,1,0.9897,0.9917,0.9116,0.9331,784.0,344.0,668.5,351.5,740.0,391.5,704.0,378.5,115.7433,38.2753,0.3307,1,1,248,1
247,3,0,0,1,1,1,0.9922,0.9858,0.9478,0.9033,629.0,302.5,513.0,302.5,570.5,294.0,547.0,288.5,116.0,24.135,0.2081,1,1,248,1
247,3,0,1,1,1,1,0.9917,0.9907,0.9351,0.9263,939.0,352.0,830.5,355.5,895.0,385.0,878.5,373.5,108.5564,20.1122,0.1853,1,1,248,1
248,3,0,2,1,1,1,0.9839,0.9893,0.9019,0.9243,776.5,345.5,664.5,345.0,743.5,376.5,705.0,377.0,112.0011,38.5032,0.3438,1,1,249,1
248,3,0,0,1,1,1,0.9917,0.9863,0.9448,0.9067,630.0,302.5,514.0,302.0,571.5,298.0,545.0,287.0,116.0011,28.6923,0.2473,1,1,249,1
248,3,0,1,1,1,1,0.9922,0.9907,0.9365,0.9263,939.0,352.5,830.5,355.0,896.5,384.0,879.0,375.0,108.5288,19.6787,0.1813,1,1,249,1
249,3,0,2,1,1,1,0.9878,0.9922,0.9014,0.9385,782.0,346.5,668.5,350.5,740.5,385.0,697.0,378.0,113.5705,44.0596,0.3879,1,1,250,1
249,3,0,0,1,1,1,0.9902,0.9858,0.9229,0.8887,630.5,298.0,513.0,300.5,571.5,296.0,549.5,293.5,117.5266,22.1416,0.1884,1,1,250,1
249,3,0,1,1,1,1,0.9922,0.9849,0.9443,0.9087,937.0,356.0,832.0,351.0,901.0,383.5,875.0,379.0,105.119,26.3865,0.251,1,1,250,1
250,3,0,2,1,1,1,0.9878,0.9922,0.9028,0.9395,783.5,345.0,669.0,350.5,738.5,382.0,696.5,374.0,114.632,42.7551,0.373,1,1,251,1
250,3,0,0,1,1,1,0.9922,0.9854,0.9517,0.9058,630.5,302.5,514.5,301.0,572.5,297.5,547.0,289.0,116.0097,26.8794,0.2317,1,1,251,1
250,3,0,1,1,1,1,0.9922,0.9902,0.937,0.9194,939.5,351.0,831.5,354.0,893.5,386.5,875.5,379.0,108.0417,19.5,0.1805,1,1,251,1
251,3,0,2,1,1,1,0.9863,0.9932,0.8921,0.9478,783.0,346.0,669.0,351.5,740.0,383.5,701.0,376.0,114.1326,39.7146,0.348,1,1,252,1
251,3,0,0,1,1,1,0.9917,0.9878,0.9453,0.9141,630.0,300.5,514.0,301.0,573.0,300.0,545.0,294.0,116.0011,28.6356,0.2469,1,1,252,1
251,3,0,1,1,1,1,0.9917,0.9902,0.9375,0.9243,939.5,353.0,830.0,356.5,896.5,385.0,877.0,376.0,109.5559,21.4767,0.196,1,1,252,1
252,3,0,2,1,1,1,0.9878,0.9932,0.9009,0.9448,783.0,346.0,668.0,350.5,740.0,384.5,700.5,375.0,115.088,40.6263,0.353,1,1,253,1
252,3,0,0,1,1,1,0.9917,0.9863,0.9438,0.9043,630.5,302.0,512.5,301.0,573.0,303.0,546.0,292.0,118.0042,29.1548,0.2471,1,1,253,1
252,3,0,1,1,1,1,0.9922,0.9834,0.9438,0.9004,938.0,359.0,832.0,354.5,901.0,386.0,880.0,375.0,106.0955,23.7065,0.2234,1,1,253,1
253,3,0,2,1,1,1,0.9873,0.9932,0.896,0.9458,782.5,346.0,669.5,350.5,739.5,384.5,698.0,373.5,113.0896,42.9331,0.3796,1,1,254,1
253,3,0,0,1,1,1,0.9922,0.9849,0.9482,0.8994,628.5,301.5,513.0,301.0,571.5,297.5,544.0,294.0,115.5011,27.7218,0.24,1,1,254,1
253,3,0,1,1,1,1,0.9917,0.9893,0.9419,0.9229,933.5,354.5,829.5,355.0,897.0,392.0,871.5,377.0,104.0012,29.5846,0.2845,1,1,254,1
254,3,0,0,1,1,1,0.9917,0.9878,0.9458,0.916,629.0,301.5,513.5,300.5,572.5,297.5,545.5,292.0,115.5043,27.5545,0.2386,1,1,255,1
254,3,0,2,1,1,1,0.9858,0.9937,0.8857,0.9487,783.0,346.0,669.0,351.0,737.0,385.0,701.5,374.5,114.1096,37.0203,0.3244,1,1,255,1
254,3,0,1,1,1,1,0.9912,0.9868,0.9224,0.9028,940.0,357.0,828.0,354.5,898.0,384.0,873.5,374.5,112.0279,26.2774,0.2346,1,1,255,1
255,3,0,2,1,1,1,0.9883,0.9927,0.9048,0.9404,782.5,346.0,668.5,350.0,738.0,382.5,697.5,379.0,114.0702,40.651,0.3564,1,1,256,1
255,3,0,0,1,1,1,0.9932,0.9873,0.9365,0.9004,635.0,299.5,515.0,304.0,573.0,296.5,540.5,290.5,120.0843,33.0492,0.2752,1,1,256,1
255,3,0,1,1,1,1,0.9927,0.9897,0.9409,0.918,938.5,353.0,830.0,355.5,893.0,383.5,874.5,375.0,108.5288,20.3593,0.1876,1,1,256,1
256,3,0,2,1,1,1,0.9868,0.9937,0.8921,0.9482,782.0,345.0,668.5,350.5,736.5,380.0,699.0,377.5,113.6332,37.5832,0.3307,1,1,257,1
256,3,0,0,1,1,1,0.9922,0.9868,0.9482,0.9097,629.5,301.0,514.0,301.5,573.5,298.0,544.0,289.0,115.5011,30.8423,0.267,1,1,257,1
256,3,0,1,1,1,1,0.9917,0.9902,0.9355,0.9238,940.5,351.5,830.5,355.5,891.5,383.0,874.5,376.0,110.0727,18.3848,0.167,1,1,257,1
257,3,0,0,1,1,1,0.9932,0.9873,0.936,0.8999,635.0,300.0,515.0,304.0,572.5,299.0,541.5,286.0,120.0666,33.6155,0.28,1,1,258,1
257,3,0,2,1,1,1,0.9878,0.9927,0.8989,0.9414,783.0,345.5,670.0,351.0,738.5,383.5,697.0,377.5,113.1338,41.9315,0.3706,1,1,258,1
257,3,0,1,1,1,1,0.9912,0.9897,0.9336,0.9185,939.5,353.0,830.0,356.5,894.5,389.5,878.0,375.5,109.5559,21.6391,0.1975,1,1,258,1
258,3,0,2,1,1,1,0.9883,0.9927,0.9033,0.9404,783.5,346.0,668.0,349.5,739.0,385.0,701.0,378.5,115.553,38.5519,0.3336,1,1,259,1
258,3,0,0,1,1,1,0.9917,0.9868,0.939,0.9023,630.0,300.0,514.0,302.0,571.5,298.0,545.0,294.5,116.0172,26.7301,0.2304,1,1,259,1
258,3,0,1,1,1,1,0.9922,0.9844,0.9448,0.9072,939.0,356.5,831.0,352.5,899.0,385.0,875.5,379.5,108.074,24.135,0.2233,1,1,259,1
259,3,0,2,1,1,1,0.9873,0.9927,0.8965,0.9414,783.5,346.0,668.5,351.0,740.5,385.0,700.5,378.5,115.1086,40.5247,0.3521,1,1,260,1
259,3,0,0,1,1,1,0.9917,0.9849,0.9478,0.9028,629.0,302.5,513.0,303.0,571.5,299.0,544.5,289.5,116.0011,28.6225,0.2467,1,1,260,1
259,3,0,1,1,1,1,0.9917,0.9858,0.9404,0.9136,938.5,357.5,831.5,354.5,902.0,388.5,876.0,378.0,107.042,28.0401,0.262,1,1,260,1
260,3,0,0,1,1,1,0.9922,0.9868,0.9487,0.9121,629.0,301.0,511.75,301.0,574.0,303.0,543.0,298.0,117.25,31.4006,0.2678,1,1,261,1
260,3,0,2,1,1,1,0.9897,0.9922,0.9087,0.9331,781.5,342.0,669.5,349.5,736.0,382.5,698.0,377.0,112.2508,38.396,0.3421,1,1,261,1
260,3,0,1,1,1,1,0.9922,0.9907,0.9385,0.9258,939.5,351.0,829.0,355.0,895.5,388.5,877.0,376.5,110.5724,22.0511,0.1994,1,1,261,1
261,3,0,2,1,1,1,0.9878,0.9932,0.9014,0.9453,782.5,346.0,670.0,351.0,734.5,382.0,698.5,374.5,112.6111,36.773,0.3265,1,1,262,1
261,3,0,0,1,1,1,0.9922,0.9829,0.9517,0.8882,629.0,301.0,514.0,301.5,573.0,303.5,543.0,299.5,115.0011,30.2655,0.2632,1,1,262,1
261,3,0,1,1,1,1,0.9927,0.9858,0.9448,0.915,938.5,357.0,831.0,354.0,902.5,389.5,876.0,377.5,107.5419,29.0904,0.2705,1,1,262,1
262,3,0,0,1,1,1,0.9922,0.9844,0.9507,0.8999,628.5,300.5,510.75,300.0,574.0,303.0,544.5,296.5,117.7511,30.2076,0.2565,1,1,263,1
262,3,0,2,1,1,1,0.9873,0.9932,0.8984,0.9443,783.5,346.0,669.5,352.5,735.0,382.5,698.5,373.0,114.1852,37.716,0.3303,1,1,263,1
262,3,0,1,1,1,1,0.9917,0.9912,0.9341,0.9258,939.0,351.5,829.5,356.0,897.5,390.5,876.0,378.0,109.5924,24.8697,0.2269,1,1,263,1
263,3,0,0,1,1,1,0.9937,0.9883,0.9424,0.9082,634.0,300.5,513.5,303.0,574.5,300.0,544.0,288.0,120.5259,32.7758,0.2719,1,1,264,1
263,3,0,2,1,1,1,0.9873,0.9932,0.895,0.9458,782.0,344.5,669.5,350.5,739.0,380.5,699.0,375.0,112.6599,40.3764,0.3584,1,1,264,1
263,3,0,1,1,1,1,0.9922,0.9902,0.939,0.9219,940.5,352.0,830.5,356.5,895.5,392.0,873.5,378.0,110.092,26.0768,0.2369,1,1,264,1
264,3,0,0,1,1,1,0.9917,0.9863,0.9473,0.9097,628.5,301.0,512.0,301.0,572.5,301.5,545.0,293.5,116.5,28.64,0.2458,1,1,265,1
264,3,0,2,1,1,1,0.9873,0.9932,0.896,0.9453,782.5,346.5,669.0,352.0,737.5,383.0,700.0,374.5,113.6332,38.4513,0.3384,1,1,265,1
264,3,0,1,1,1,1,0.9922,0.9893,0.938,0.917,938.0,352.5,829.5,355.5,896.5,391.0,876.0,378.0,108.5415,24.2745,0.2236,1,1,265,1
265,3,0,0,1,1,1,0.9912,0.9878,0.9453,0.917,627.5,301.5,512.5,300.0,576.5,305.0,544.5,292.0,115.0098,34.5398,0.3003,1,1,266,1
265,3,0,2,1,1,1,0.9868,0.9932,0.894,0.9448,782.5,346.5,669.0,353.0,739.0,382.0,699.5,373.0,113.686,40.5123,0.3564,1,1,266,1
265,3,0,1,1,1,1,0.9917,0.9893,0.9375,0.9175,938.5,352.5,830.0,355.5,894.5,384.5,875.5,376.5,108.5415,20.6155,0.1899,1,1,266,1
266,3,0,0,1,1,1,0.9927,0.9873,0.9517,0.9126,628.5,300.5,511.75,299.5,576.0,306.0,541.5,290.5,116.7543,37.822,0.3239,1,1,267,1
266,3,0,2,1,1,1,0.9868,0.9932,0.8945,0.9458,784.0,346.0,669.0,351.5,737.0,381.0,702.5,373.0,115.1314,35.4154,0.3076,1,1,267,1
266,3,0,1,1,1,1,0.9917,0.9907,0.9355,0.9263,938.5,352.5,830.0,356.0,895.5,383.0,875.5,375.0,108.5564,21.5407,0.1984,1,1,267,1
267,3,0,0,1,1,1,0.9922,0.9858,0.9507,0.9053,627.0,301.0,512.0,301.5,573.5,303.0,543.0,294.5,115.0011,31.6623,0.2753,1,1,268,1
267,3,0,2,1,1,1,0.9868,0.9932,0.895,0.9443,782.0,346.5,669.5,351.0,738.0,383.0,699.0,376.0,112.59,39.6232,0.3519,1,1,268,1
267,3,0,1,1,1,1,0.9912,0.981,0.9448,0.8989,937.0,357.0,832.0,351.0,912.0,383.5,873.0,370.0,105.1713,41.2704,0.3924,1,1,268,1
268,3,0,2,1,1,1,0.9878,0.9927,0.9019,0.9424,782.5,345.0,670.0,349.5,737.0,387.0,699.5,377.0,112.59,38.8104,0.3447,1,1,269,1
268,3,0,0,1,1,1,0.9922,0.9854,0.9502,0.9014,628.0,301.0,512.5,301.0,576.0,304.0,544.0,290.5,115.5,34.7311,0.3007,1,1,269,1
268,3,0,1,1,1,1,0.9922,0.9893,0.9385,0.9175,938.0,353.0,830.0,355.5,894.5,386.0,877.0,378.5,108.0289,19.0394,0.1762,1,1,269,1
269,3,0,0,1,1,1,0.9917,0.9863,0.9458,0.9072,628.5,301.0,511.5,301.0,572.5,303.5,544.5,291.5,117.0,30.4631,0.2604,1,1,270,1
269,3,0,2,1,1,1,0.9863,0.9932,0.8901,0.9463,782.0,346.0,668.0,351.5,738.0,383.0,701.0,372.5,114.1326,38.461,0.337,1,1,270,1
269,3,0,1,1,1,1,0.9922,0.9897,0.937,0.9199,938.5,352.5,830.0,355.0,897.0,382.5,874.5,376.5,108.5288,23.2863,0.2146,1,1,270,1
270,3,0,2,1,1,1,0.9888,0.9937,0.8975,0.9434,782.0,342.5,669.0,350.5,739.5,384.0,698.0,377.0,113.2828,42.0862,0.3715,1,1,271,1
270,3,0,0,1,1,1,0.9917,0.9868,0.9468,0.9111,627.5,300.5,509.5,299.5,573.0,301.5,545.0,293.0,118.0042,29.2617,0.248,1,1,271,1
270,3,0,1,1,1,1,0.9927,0.9849,0.9478,0.9087,935.5,356.5,830.5,353.0,905.0,388.5,874.0,380.5,105.0583,32.0156,0.3047,1,1,271,1
271,3,0,2,1,1,1,0.9873,0.9927,0.897,0.9448,781.0,347.5,667.5,350.0,736.0,380.0,704.0,372.5,113.5275,32.8672,0.2895,1,1,272,1
271,3,0,0,1,1,1,0.9917,0.9883,0.9478,0.9224,628.5,300.0,511.75,299.5,569.5,300.0,544.0,287.5,116.7511,28.3989,0.2432,1,1,272,1
271,3,0,1,1,1,1,0.9927,0.9897,0.9429,0.9189,939.0,352.5,830.0,355.5,897.0,387.0,874.0,380.5,109.0413,23.9008,0.2192,1,1,272,1
272,3,0,0,1,1,1,0.9912,0.9873,0.9448,0.9155,627.0,303.0,510.5,302.0,575.0,302.0,545.5,294.0,116.5043,30.5655,0.2624,1,1,273,1
272,3,0,2,1,1,1,0.9873,0.9932,0.8965,0.9463,782.0,345.0,668.5,351.5,734.5,384.0,700.5,376.0,113.686,34.9285,0.3072,1,1,273,1
272,3,0,1,1,1,1,0.9927,0.9897,0.9395,0.9175,938.5,352.5,828.5,357.0,894.5,389.0,870.5,378.0,110.092,26.4008,0.2398,1,1,273,1
273,3,0,0,1,1,1,0.9922,0.9883,0.939,0.9219,633.0,302.0,512.0,303.0,577.5,305.5,540.0,291.5,121.0041,40.0281,0.3308,1,1,274,1
273,3,0,2,1,1,1,0.9863,0.9927,0.8931,0.9429,783.0,346.0,668.0,350.5,734.0,384.0,703.5,377.0,115.088,31.293,0.2719,1,1,274,1
273,3,0,1,1,1,1,0.9922,0.9897,0.9375,0.9199,939.0,352.0,830.0,356.0,898.0,391.0,873.5,376.5,109.0734,28.4693,0.261,1,1,274,1
274,3,0,2,1,1,1,0.9883,0.9927,0.9048,0.9434,783.0,345.0,669.5,349.5,738.5,383.0,697.5,374.5,113.5892,41.8718,0.3686,1,1,275,1
274,3,0,0,1,1,1,0.9922,0.9858,0.9521,0.9082,628.0,301.5,512.5,300.0,576.0,304.5,541.5,293.5,115.5097,36.2112,0.3135,1,1,275,1
274,3,0,1,1,1,1,0.9922,0.9902,0.9395,0.9219,938.0,352.0,830.0,355.5,894.5,386.0,874.5,376.5,108.0567,22.1416,0.2049,1,1,275,1
275,3,0,0,1,1,1,0.9927,0.9858,0.9521,0.9058,629.0,301.0,511.5,300.5,575.5,305.5,542.0,293.5,117.5011,35.5844,0.3028,1,1,276,1
275,3,0,2,1,1,1,0.9873,0.9932,0.8955,0.9458,782.0,345.0,669.0,350.0,734.5,380.5,702.0,375.0,113.1106,32.9621,0.2914,1,1,276,1
275,3,0,1,1,1,1,0.9912,0.9839,0.9434,0.9087,936.0,355.0,832.0,350.5,911.0,389.0,871.5,371.0,104.0973,43.4079,0.417,1,1,276,1
276,3,0,2,1,1,1,0.9873,0.9927,0.897,0.9424,782.0,346.5,667.0,351.0,736.0,383.0,698.5,378.0,115.088,37.8319,0.3287,1,1,277,1
276,3,0,0,1,1,1,0.9917,0.9858,0.9473,0.9058,628.5,300.5,511.5,300.5,573.0,304.0,542.5,294.0,117.0,32.0975,0.2743,1,1,277,1
276,3,0,1,1,1,1,0.9927,0.9839,0.9458,0.9043,937.5,356.5,832.5,354.0,901.5,387.0,876.0,371.0,105.0298,30.104,0.2866,1,1,277,1
277,3,0,0,1,1,1,0.9917,0.9878,0.9473,0.917,628.0,300.5,511.0,300.0,574.0,305.0,545.0,292.5,117.0011,31.5793,0.2699,1,1,278,1
277,3,0,2,1,1,1,0.9878,0.9917,0.9102,0.9404,784.5,345.0,667.5,351.5,734.0,384.5,701.0,376.5,117.1804,33.9559,0.2898,1,1,278,1
277,3,0,1,1,1,1,0.9922,0.9897,0.939,0.9189,938.0,351.5,829.0,356.5,894.0,387.5,875.5,376.0,109.1146,21.783,0.1996,1,1,278,1
278,3,0,2,1,1,1,0.9878,0.9922,0.9019,0.9399,782.0,347.0,668.0,351.0,737.5,381.0,703.0,372.0,114.0702,35.6546,0.3126,1,1,279,1
278,3,0,0,1,1,1,0.9917,0.9873,0.9473,0.9141,627.0,299.0,510.25,299.5,574.5,306.5,542.0,293.0,116.7511,35.1923,0.3014,1,1,279,1
278,3,0,1,1,1,1,0.9917,0.9902,0.9351,0.9224,938.5,352.5,830.5,354.5,894.5,385.5,874.0,378.5,108.0185,21.6622,0.2005,1,1,279,1
279,3,0,0,1,1,1,0.9927,0.9878,0.9404,0.9165,634.0,301.0,512.0,302.0,574.0,305.0,538.0,290.0,122.0041,39.0,0.3197,1,1,280,1
279,3,0,2,1,1,1,0.9883,0.9922,0.9072,0.9404,782.0,345.0,668.5,349.5,736.5,382.0,704.0,373.0,113.5892,33.7231,0.2969,1,1,280,1
279,3,0,1,1,1,1,0.9927,0.9897,0.9429,0.9199,938.5,353.0,829.5,355.5,894.5,385.5,872.0,381.5,109.0287,22.8528,0.2096,1,1,280,1
280,3,0,0,1,1,1,0.9937,0.9897,0.9414,0.9155,632.5,300.0,514.0,302.5,577.0,304.0,538.0,289.0,118.5264,41.7852,0.3525,1,1,281,1
280,3,0,2,1,1,1,0.9883,0.9932,0.9043,0.9443,782.0,345.5,668.5,352.0,741.0,387.0,701.0,375.5,113.686,41.6203,0.3661,1,1,281,1
280,3,0,1,1,1,1,0.9912,0.9839,0.9424,0.9097,937.0,355.5,830.0,352.5,914.5,384.5,871.5,371.5,107.042,44.9222,0.4197,1,1,281,1
281,3,0,0,1,1,1,0.9922,0.9878,0.9487,0.916,629.0,301.5,511.25,301.0,576.0,305.5,541.5,289.0,117.7511,38.2426,0.3248,1,1,282,1
281,3,0,2,1,1,1,0.9878,0.9927,0.8994,0.9438,782.5,345.0,668.0,351.0,739.0,384.5,701.0,372.5,114.6571,39.8497,0.3476,1,1,282,1
281,3,0,1,1,1,1,0.9917,0.9902,0.9355,0.9229,939.5,351.5,829.5,355.0,898.0,388.5,878.5,374.0,110.0557,24.3002,0.2208,1,1,282,1
282,3,0,0,1,1,1,0.9922,0.9878,0.9507,0.916,627.0,300.0,511.75,300.0,574.0,303.0,543.0,289.0,115.25,34.0147,0.2951,1,1,283,1
282,3,0,2,1,1,1,0.9883,0.9922,0.9062,0.939,782.0,346.0,668.5,352.0,742.5,386.5,701.5,377.5,113.6585,41.9762,0.3693,1,1,283,1
282,3,0,1,1,1,1,0.9917,0.9902,0.9351,0.9214,938.5,351.5,830.0,355.5,898.0,390.5,874.5,379.5,108.5737,25.9471,0.239,1,1,283,1
283,3,0,0,1,1,1,0.9932,0.9863,0.9551,0.9077,629.0,301.0,513.5,301.0,572.5,301.0,543.0,290.0,115.5,31.4841,0.2726,1,1,284,1
283,3,0,2,1,1,1,0.9858,0.9932,0.8853,0.9443,782.5,346.0,667.5,351.5,741.5,387.5,703.0,377.0,115.1314,39.9061,0.3466,1,1,284,1
283,3,0,1,1,1,1,0.9917,0.9897,0.9346,0.9189,939.0,352.5,830.0,357.0,895.5,388.5,870.0,381.5,109.0929,26.4433,0.2424,1,1,284,1
284,3,0,0,1,1,1,0.9922,0.9868,0.9502,0.9116,628.5,300.0,512.5,301.0,571.0,299.0,540.5,288.0,116.0043,32.423,0.2795,1,1,285,1
284,3,0,2,1,1,1,0.9868,0.9932,0.895,0.9448,782.5,347.0,667.0,352.0,737.0,386.0,705.0,374.5,115.6082,34.0037,0.2941,1,1,285,1
284,3,0,1,1,1,1,0.9854,0.9878,0.9189,0.9229,937.0,353.5,826.5,356.0,907.0,386.0,861.0,379.5,110.5283,46.457,0.4203,1,1,285,1
285,3,0,0,1,1,1,0.9922,0.9863,0.9517,0.9097,628.0,300.5,512.0,300.0,572.5,304.5,545.0,290.0,116.0011,31.0886,0.268,1,1,286,1
285,3,0,2,1,1,1,0.9873,0.9927,0.8994,0.9419,783.0,345.5,668.5,351.5,739.0,386.0,703.5,375.0,114.6571,37.1652,0.3241,1,1,286,1
285,3,0,1,1,1,1,0.9922,0.9907,0.9346,0.9233,939.0,352.0,831.0,355.5,897.5,391.5,869.0,381.0,108.0567,30.3727,0.2811,1,1,286,1
286,3,0,0,1,1,1,0.9912,0.9883,0.9434,0.9189,626.5,302.0,511.0,300.5,572.0,301.5,545.5,287.0,115.5097,30.2076,0.2615,1,1,287,1
286,3,0,2,1,1,1,0.9873,0.9927,0.9028,0.9448,784.0,346.0,669.0,352.5,736.5,382.0,700.5,370.5,115.1835,37.7922,0.3281,1,1,287,1
286,3,0,1,1,1,1,0.9912,0.9893,0.9385,0.9233,934.0,353.5,829.5,355.0,903.0,397.0,867.0,383.0,104.5108,38.6264,0.3696,1,1,287,1
287,3,0,0,1,1,1,0.9922,0.9888,0.939,0.9229,634.0,302.0,512.0,302.5,572.5,303.0,536.5,290.0,122.001,38.2753,0.3137,1,1,288,1
287,3,0,2,1,1,1,0.9868,0.9932,0.894,0.9429,782.5,346.5,667.0,352.5,738.0,383.5,698.5,375.0,115.6557,40.4042,0.3493,1,1,288,1
287,3,0,1,1,1,1,0.9917,0.9897,0.9326,0.918,939.0,352.0,830.0,356.5,898.0,390.5,874.0,379.5,109.0929,26.4008,0.242,1,1,288,1
288,3,0,0,1,1,1,0.9922,0.9863,0.9497,0.9087,627.0,300.0,509.5,299.0,572.0,301.5,544.5,291.0,117.5043,29.4364,0.2505,1,1,289,1
288,3,0,2,1,1,1,0.9878,0.9932,0.8989,0.9438,782.0,345.5,667.0,351.0,736.5,384.5,701.5,376.0,115.1314,36.0174,0.3128,1,1,289,1
288,3,0,1,1,1,1,0.9922,0.9893,0.938,0.916,938.0,351.5,829.5,356.0,897.5,391.5,872.0,382.0,108.5933,27.2121,0.2506,1,1,289,1
289,3,0,0,1,1,1,0.9922,0.9863,0.9517,0.9126,628.0,301.0,512.5,300.5,571.5,299.5,543.0,294.0,115.5011,29.0259,0.2513,1,1,290,1
289,3,0,2,1,1,1,0.9863,0.9932,0.8872,0.9458,781.5,345.5,667.5,352.0,740.0,385.0,700.5,378.0,114.1852,40.1155,0.3513,1,1,290,1
289,3,0,1,1,1,1,0.9922,0.9907,0.9355,0.9209,939.5,352.0,828.5,355.5,896.0,388.0,870.5,380.5,111.0552,26.5801,0.2393,1,1,290,1
290,3,0,0,1,1,1,0.9922,0.9868,0.9492,0.9126,627.5,302.0,511.25,301.5,573.5,301.0,542.0,291.5,116.2511,32.9014,0.283,1,1,291,1
290,3,0,2,1,1,1,0.9873,0.9932,0.8965,0.9458,781.0,345.5,667.5,352.5,739.0,385.5,700.0,375.5,113.7157,40.2616,0.3541,1,1,291,1
290,3,0,1,1,1,1,0.9927,0.9893,0.9409,0.916,939.0,352.5,829.0,356.0,894.5,386.0,873.5,376.0,110.0557,23.2594,0.2113,1,1,291,1
291,3,0,0,1,1,1,0.9912,0.9854,0.9434,0.9038,627.0,302.0,509.5,302.5,570.0,296.0,541.5,288.0,117.5011,29.6015,0.2519,1,1,292,1
291,3,0,2,1,1,1,0.9868,0.9927,0.8916,0.9419,781.0,346.0,666.0,350.5,738.0,387.5,699.0,375.0,115.088,40.9542,0.3559,1,1,292,1
291,3,0,1,1,1,1,0.9917,0.9907,0.9341,0.9219,939.0,353.0,828.5,357.5,901.0,393.0,867.5,380.5,110.5916,35.7561,0.3233,1,1,292,1
292,3,0,0,1,1,1,0.9917,0.9873,0.9468,0.9116,628.0,301.0,510.75,302.0,570.5,297.0,544.5,286.0,117.2543,28.2312,0.2408,1,1,293,1
292,3,0,2,1,1,1,0.9873,0.9932,0.894,0.9434,781.5,346.5,667.0,351.0,735.5,385.5,700.0,377.0,114.5884,36.5034,0.3186,1,1,293,1
292,3,0,1,1,1,1,0.9922,0.9863,0.9409,0.917,936.5,357.0,830.0,353.5,904.5,393.5,871.0,381.5,106.5575,35.5844,0.3339,1,1,293,1
293,3,0,2,1,1,1,0.9878,0.9927,0.8979,0.9424,782.5,345.5,668.0,352.5,739.5,383.0,697.5,375.5,114.7138,42.6644,0.3719,1,1,294,1
293,3,0,0,1,1,1,0.9917,0.9888,0.9473,0.9224,628.0,301.0,511.25,301.0,571.0,299.0,541.5,286.0,116.75,32.2374,0.2761,1,1,294,1
293,3,0,1,1,1,1,0.9917,0.9829,0.9482,0.9062,939.0,355.0,830.5,350.5,908.5,388.0,868.5,376.0,108.5933,41.7612,0.3846,1,1,294,1
294,3,0,0,1,1,1,0.9922,0.9888,0.9473,0.9199,627.0,302.0,510.75,302.0,571.5,300.5,542.5,288.5,116.25,31.3847,0.27,1,1,295,1
294,3,0,2,1,1,1,0.9863,0.9932,0.8887,0.9453,781.5,346.0,668.0,353.0,742.0,388.5,697.5,378.0,113.7157,45.722,0.4021,1,1,295,1
294,3,0,1,1,1,1,0.9922,0.9902,0.939,0.9214,939.0,353.5,829.0,356.5,891.5,384.5,869.0,376.5,110.0409,23.8799,0.217,1,1,295,1
295,3,0,2,1,1,1,0.9888,0.9917,0.8999,0.9287,779.5,343.5,666.5,352.0,743.5,388.5,696.5,381.5,113.3192,47.5184,0.4193,1,1,296,1
295,3,0,0,1,1,1,0.9917,0.9873,0.9468,0.9136,627.0,301.0,510.25,301.5,572.5,300.5,541.5,286.0,116.7511,34.2235,0.2931,1,1,296,1
295,3,0,1,1,1,1,0.9922,0.9897,0.939,0.9185,938.0,352.5,830.0,356.0,894.0,387.0,871.0,376.0,108.0567,25.4951,0.2359,1,1,296,1
296,3,0,0,1,1,1,0.9927,0.9888,0.9404,0.9229,633.0,301.0,512.5,303.5,571.0,301.0,535.0,290.0,120.5259,37.6431,0.3123,1,1,297,1
296,3,0,2,1,1,1,0.9844,0.9897,0.9014,0.9253,775.0,344.5,663.0,346.0,743.5,379.5,700.5,382.5,112.01,43.1045,0.3848,1,1,297,1
296,3,0,1,1,1,1,0.9927,0.9849,0.9473,0.9087,937.0,357.0,832.0,353.5,903.5,389.0,874.5,380.0,105.0583,30.3645,0.289,1,1,297,1
297,3,0,0,1,1,1,0.9937,0.9897,0.9424,0.917,633.0,300.0,513.0,304.0,570.0,301.0,537.5,286.5,120.0666,35.5879,0.2964,1,1,298,1
297,3,0,2,1,1,1,0.9883,0.9927,0.9038,0.9409,781.0,347.0,666.5,352.5,740.5,385.5,701.0,381.5,114.632,39.702,0.3463,1,1,298,1
297,3,0,1,1,1,1,0.9927,0.9854,0.9458,0.9116,937.5,357.5,831.0,356.0,901.5,392.5,869.0,377.5,106.5106,35.7946,0.3361,1,1,298,1
298,3,0,0,1,1,1,0.9922,0.9878,0.9492,0.9185,626.5,300.0,510.5,302.0,571.0,299.0,540.0,293.0,116.0172,31.5753,0.2722,1,1,299,1
298,3,0,2,1,1,1,0.9863,0.9927,0.8901,0.9424,781.5,347.0,668.0,354.0,736.5,383.5,702.0,379.5,113.7157,34.7311,0.3054,1,1,299,1
298,3,0,1,1,1,1,0.9917,0.9897,0.936,0.9199,939.0,353.5,828.0,357.5,894.5,383.0,872.0,379.5,111.072,22.7706,0.205,1,1,299,1
299,3,0,0,1,1,1,0.9927,0.9883,0.9517,0.9204,626.5,300.5,510.5,301.0,569.5,296.5,541.0,289.5,116.0011,29.3471,0.253,1,1,300,1
299,3,0,2,1,1,1,0.9863,0.9927,0.8911,0.9424,782.0,346.5,666.0,352.5,737.5,385.5,699.5,375.5,116.1551,39.2938,0.3383,1,1,300,1
299,3,0,1,1,1,1,0.9922,0.9888,0.9395,0.9146,939.0,353.0,829.5,357.5,895.5,384.5,874.0,377.0,109.5924,22.7706,0.2078,1,1,300,1
