frame,raw_num_people,anomaly,track_id,conf_ok,boundary_ok,overlap_ok,conf_ls,conf_rs,conf_lw,conf_rw,ls_x,ls_y,rs_x,rs_y,lw_x,lw_y,rw_x,rw_y,shoulder_dist,wrist_dist,ratio,frontal,hands_now,consecutive_frames,confirmed
0,3,0,0,1,1,1,0.9902,0.9868,0.9141,0.8691,491.0,231.75,263.5,224.5,387.0,244.0,334.25,235.0,227.6155,53.5123,0.2351,1,1,1,0
0,3,0,1,1,1,1,0.9897,0.9868,0.8828,0.855,1120.0,351.5,893.5,344.0,1051.0,410.0,980.0,372.5,226.6241,80.2948,0.3543,1,1,1,0
0,3,0,2,1,1,1,0.9873,0.9873,0.8628,0.8667,787.0,335.5,574.5,337.5,690.5,404.5,647.5,424.0,212.5094,47.2149,0.2222,1,1,1,0
1,3,0,0,1,1,1,0.9897,0.9858,0.9189,0.8711,490.0,233.5,263.5,225.0,381.5,241.0,336.75,234.0,226.6594,45.2942,0.1998,1,1,2,0
1,3,0,1,1,1,1,0.9893,0.9839,0.8955,0.8525,1124.0,348.0,894.0,343.0,1055.0,409.0,988.5,359.5,230.0543,82.9005,0.3604,1,1,2,0
1,3,0,2,1,1,1,0.9883,0.9839,0.8887,0.8623,789.5,333.0,575.5,338.5,691.0,404.5,650.0,410.0,214.0707,41.3673,0.1932,1,1,2,0
2,3,0,0,1,1,1,0.9902,0.9897,0.9204,0.8887,484.5,236.5,264.75,227.75,387.25,238.5,335.0,242.0,219.9241,52.3671,0.2381,1,1,3,0
2,3,0,1,1,1,1,0.9888,0.9863,0.8789,0.8545,1122.0,352.0,893.5,343.5,1056.0,410.0,982.0,375.5,228.658,81.6471,0.3571,1,1,3,0
2,3,0,2,1,1,1,0.9873,0.9868,0.8613,0.8594,788.0,337.0,573.0,340.0,691.0,412.0,654.5,420.5,215.0209,37.4767,0.1743,1,1,3,0
3,3,0,0,1,1,1,0.9907,0.9893,0.9238,0.8823,483.25,230.75,262.5,225.5,388.25,240.0,335.0,243.5,220.8124,53.3649,0.2417,1,1,4,0
3,3,0,1,1,1,1,0.9844,0.9873,0.8594,0.8535,1118.0,347.5,900.0,349.0,1050.0,400.5,989.0,368.0,218.0052,69.1177,0.317,1,1,4,0
3,3,0,2,1,1,1,0.9844,0.9873,0.8735,0.8862,786.0,330.0,575.0,335.0,698.5,404.0,643.5,417.0,211.0592,56.5155,0.2678,1,1,4,0
4,3,0,0,1,1,1,0.9907,0.9897,0.9204,0.8828,485.25,231.5,261.75,225.25,386.25,238.5,335.0,240.5,223.5874,51.289,0.2294,1,1,5,0
4,3,0,1,1,1,1,0.9858,0.9873,0.8657,0.854,1116.0,349.0,898.5,345.0,1060.0,411.5,982.0,379.5,217.5368,84.309,0.3876,1,1,5,0
4,3,0,2,1,1,1,0.9883,0.9849,0.8809,0.8647,788.0,333.5,575.0,337.0,693.0,406.0,649.5,421.5,213.0288,46.179,0.2168,1,1,5,0
5,3,0,0,1,1,1,0.9897,0.9893,0.9194,0.8857,484.5,232.5,261.0,224.75,389.5,241.0,331.75,240.0,223.6343,57.7587,0.2583,1,1,6,1
5,3,0,1,1,1,1,0.9888,0.9868,0.8774,0.8589,1122.0,352.5,892.5,346.5,1049.0,409.0,986.5,360.5,229.5784,79.1107,0.3446,1,1,6,1
5,3,0,2,1,1,1,0.9878,0.9868,0.8652,0.8608,789.0,337.0,576.0,338.5,685.0,404.5,647.5,420.0,213.0053,40.5771,0.1905,1,1,6,1
6,3,0,0,1,1,1,0.9888,0.9858,0.9106,0.8916,489.5,234.5,265.75,222.75,387.5,237.0,331.5,227.75,224.0583,56.7588,0.2533,1,1,7,1
6,3,0,1,1,1,1,0.9893,0.9863,0.8799,0.8477,1122.0,350.5,892.0,344.0,1047.0,400.5,985.5,368.0,230.0918,69.5593,0.3023,1,1,7,1
6,3,0,2,1,1,1,0.9844,0.9873,0.8735,0.8872,787.0,327.5,576.0,333.0,703.0,411.0,645.0,421.5,211.0717,58.9428,0.2793,1,1,7,1
7,3,0,0,1,1,1,0.9907,0.9888,0.9233,0.8804,482.5,232.5,261.0,223.5,389.0,240.5,334.5,236.5,221.6828,54.6466,0.2465,1,1,8,1
7,3,0,1,1,1,1,0.9854,0.9873,0.8691,0.8555,1118.0,349.0,899.0,345.5,1045.0,393.0,986.0,373.5,219.028,62.139,0.2837,1,1,8,1
7,3,0,2,1,1,1,0.9839,0.9878,0.8701,0.8892,785.5,325.0,575.0,330.5,699.5,411.0,646.5,417.5,210.5718,53.3971,0.2536,1,1,8,1
8,3,0,1,1,1,1,0.9888,0.9873,0.8755,0.8589,1122.0,350.0,893.5,343.0,1053.0,408.5,980.0,369.5,228.6072,82.7647,0.362,1,1,9,1
8,3,0,0,1,1,1,0.9902,0.9888,0.9219,0.8804,484.25,231.5,260.5,224.5,390.5,242.0,333.25,239.0,223.8595,57.3285,0.2561,1,1,9,1
8,3,0,2,1,1,1,0.9844,0.9878,0.8682,0.8853,788.0,328.0,574.0,333.0,700.0,410.5,642.5,421.0,214.0584,58.4508,0.2731,1,1,9,1
9,3,0,0,1,1,1,0.9902,0.9897,0.9155,0.8799,483.5,232.5,259.75,223.25,392.0,238.5,336.5,235.5,223.9411,55.581,0.2482,1,1,10,1
9,3,0,1,1,1,1,0.9873,0.9878,0.8774,0.8633,1115.0,347.0,895.0,342.0,1053.0,410.5,985.0,372.0,220.0568,78.1425,0.3551,1,1,10,1
9,3,0,2,1,1,1,0.9878,0.9849,0.8779,0.8657,790.0,332.5,576.0,336.0,696.0,410.5,650.0,415.0,214.0286,46.2196,0.216,1,1,10,1
10,3,0,0,1,1,1,0.9888,0.9863,0.9165,0.8818,483.5,231.5,261.75,222.75,384.5,241.0,335.25,240.0,221.9226,49.2602,0.222,1,1,11,1
10,3,0,1,1,1,1,0.9873,0.9868,0.8848,0.8594,1116.0,347.0,894.0,342.5,1039.0,396.5,981.0,381.5,222.0456,59.9083,0.2698,1,1,11,1
10,3,0,2,1,1,1,0.9849,0.9873,0.8716,0.8833,788.0,329.0,575.0,333.0,699.5,414.0,642.5,425.0,213.0376,58.0517,0.2725,1,1,11,1
11,3,0,0,1,1,1,0.9902,0.9897,0.9185,0.8862,482.75,232.0,259.5,225.5,388.0,238.0,336.0,240.0,223.3446,52.0384,0.233,1,1,12,1
11,3,0,1,1,1,1,0.9897,0.9854,0.8882,0.8481,1122.0,351.5,894.0,343.5,1045.0,403.5,975.0,381.0,228.1403,73.5272,0.3223,1,1,12,1
11,3,0,2,1,1,1,0.9883,0.9854,0.8784,0.8638,790.5,332.0,576.5,339.0,699.0,415.0,648.5,413.5,214.1145,50.5223,0.236,1,1,12,1
12,3,0,2,1,1,1,0.9849,0.9878,0.8716,0.8857,786.5,328.0,575.0,334.0,702.0,415.5,647.5,412.5,211.5851,54.5825,0.258,1,1,13,1
12,3,0,0,1,1,1,0.9907,0.9897,0.9219,0.8828,482.75,231.75,259.5,224.5,389.5,244.0,335.5,242.5,223.3677,54.0208,0.2418,1,1,13,1
12,3,0,1,1,1,1,0.9868,0.9878,0.8813,0.8667,1116.0,345.5,892.0,341.5,1040.0,394.0,981.0,376.5,224.0357,61.5406,0.2747,1,1,13,1
13,3,0,0,1,1,1,0.9902,0.9893,0.9199,0.8823,481.75,233.0,260.0,227.25,391.0,245.0,336.0,241.5,221.8245,55.1113,0.2484,1,1,14,1
13,3,0,1,1,1,1,0.9868,0.9873,0.877,0.8613,1116.0,349.5,892.0,343.0,1044.0,397.5,985.5,370.5,224.0943,64.4302,0.2875,1,1,14,1
13,3,0,2,1,1,1,0.9878,0.9868,0.8672,0.8633,786.5,336.5,574.5,340.0,695.5,416.0,647.0,418.0,212.0289,48.5412,0.2289,1,1,14,1
14,3,0,0,1,1,1,0.9902,0.9897,0.9165,0.8862,481.5,232.5,260.75,226.0,390.0,242.0,337.5,242.0,220.8457,52.5,0.2377,1,1,15,1
14,3,0,1,1,1,1,0.9878,0.9873,0.8828,0.8604,1115.0,345.0,891.5,341.5,1042.0,402.0,982.5,374.0,223.5274,65.759,0.2942,1,1,15,1
14,3,0,2,1,1,1,0.9849,0.9878,0.8691,0.8843,789.0,332.0,573.0,336.5,705.0,411.5,647.0,417.5,216.0469,58.3095,0.2699,1,1,15,1
15,3,0,0,1,1,1,0.9907,0.9893,0.9229,0.8848,481.75,231.0,260.5,226.5,387.25,243.0,337.25,238.5,221.2958,50.2021,0.2269,1,1,16,1
15,3,0,1,1,1,1,0.9883,0.9868,0.8862,0.8569,1114.0,347.0,893.5,339.5,1045.0,401.5,974.5,380.0,220.6275,73.7055,0.3341,1,1,16,1
15,3,0,2,1,1,1,0.9854,0.9863,0.8794,0.8794,786.0,329.0,576.5,335.5,700.0,413.0,647.5,413.0,209.6008,52.5,0.2505,1,1,16,1
16,3,0,0,1,1,1,0.9902,0.9897,0.9165,0.8853,482.5,230.75,259.25,226.0,389.0,239.0,338.0,237.5,223.3005,51.0221,0.2285,1,1,17,1
16,3,0,1,1,1,1,0.9858,0.9873,0.8789,0.8618,1114.0,348.0,899.0,346.5,1051.0,395.0,978.5,378.5,215.0052,74.3539,0.3458,1,1,17,1
16,3,0,2,1,1,1,0.9863,0.9863,0.8843,0.876,786.0,329.5,574.5,335.5,699.0,412.0,647.0,416.0,211.5851,52.1536,0.2465,1,1,17,1
17,3,0,0,1,1,1,0.9907,0.9893,0.9238,0.8833,480.0,231.0,258.75,226.25,388.25,240.5,332.5,245.5,221.301,55.9738,0.2529,1,1,18,1
17,3,0,1,1,1,1,0.9893,0.9863,0.8823,0.8555,1118.0,349.0,891.0,343.5,1044.0,408.5,973.0,374.0,227.0666,78.9383,0.3476,1,1,18,1
17,3,0,2,1,1,1,0.9858,0.9858,0.8877,0.877,787.0,329.0,575.0,333.0,698.0,406.0,649.0,420.0,212.0377,50.9608,0.2403,1,1,18,1
18,3,0,0,1,1,1,0.9893,0.9873,0.9141,0.8833,484.5,231.75,260.25,224.25,386.0,241.0,330.0,243.0,224.3754,56.0357,0.2497,1,1,19,1
18,3,0,1,1,1,1,0.9863,0.9883,0.873,0.873,1112.0,346.0,893.5,341.5,1048.0,409.5,977.0,376.5,218.5463,78.2943,0.3583,1,1,19,1
18,3,0,2,1,1,1,0.9854,0.9873,0.8735,0.8799,788.0,329.5,573.5,335.0,697.0,406.0,646.5,418.0,214.5705,51.9062,0.2419,1,1,19,1
19,3,0,1,1,1,1,0.9863,0.9888,0.8701,0.8706,1114.0,347.0,890.0,343.5,1047.0,406.0,981.5,371.5,224.0273,74.0304,0.3305,1,1,20,1
19,3,0,0,1,1,1,0.9897,0.9897,0.9141,0.8848,479.0,230.75,258.75,225.5,387.5,244.0,337.25,241.5,220.3126,50.3122,0.2284,1,1,20,1
19,3,0,2,1,1,1,0.9883,0.9834,0.8896,0.8613,789.0,334.0,579.5,337.5,695.0,409.0,645.0,414.5,209.5292,50.3016,0.2401,1,1,20,1
20,3,0,0,1,1,1,0.9888,0.9858,0.9048,0.8862,486.0,234.5,265.25,224.5,382.5,240.5,334.0,235.0,220.9764,48.8109,0.2209,1,1,21,1
20,3,0,1,1,1,1,0.9897,0.9863,0.8809,0.8506,1117.0,350.0,893.0,342.0,1047.0,405.0,980.5,363.5,224.1428,78.3869,0.3497,1,1,21,1
20,3,0,2,1,1,1,0.9844,0.9868,0.8765,0.8862,786.0,327.0,577.5,333.5,700.0,414.5,644.5,417.0,208.6013,55.5563,0.2663,1,1,21,1
21,3,0,0,1,1,1,0.9897,0.9858,0.9189,0.8721,482.5,230.25,261.0,222.5,383.5,242.0,336.0,238.0,221.6355,47.6681,0.2151,1,1,22,1
21,3,0,1,1,1,1,0.9897,0.9873,0.8809,0.8579,1116.0,350.5,893.0,342.0,1050.0,409.0,975.0,376.0,223.1619,81.939,0.3672,1,1,22,1
21,3,0,2,1,1,1,0.9888,0.9849,0.8887,0.8706,787.0,334.0,577.0,338.0,694.0,407.0,644.0,411.0,210.0381,50.1597,0.2388,1,1,22,1
22,3,0,1,1,1,1,0.9858,0.9883,0.8682,0.8745,1113.0,345.0,891.0,342.5,1049.0,410.0,982.0,362.5,222.0141,82.1295,0.3699,1,1,23,1
22,3,0,0,1,1,1,0.9893,0.9863,0.9048,0.8892,486.0,235.5,264.5,225.25,383.25,242.0,331.0,233.5,221.737,52.9369,0.2387,1,1,23,1
22,3,0,2,1,1,1,0.9883,0.9844,0.8809,0.8564,791.0,333.0,576.0,339.0,688.5,404.5,649.5,410.5,215.0837,39.4588,0.1835,1,1,23,1
23,3,0,1,1,1,1,0.9863,0.9888,0.8662,0.8726,1113.0,347.0,892.5,344.0,1052.0,416.0,980.5,363.5,220.5204,88.7046,0.4023,1,1,24,1
23,3,0,2,1,1,1,0.9878,0.9844,0.8818,0.8643,790.0,335.5,576.0,341.0,690.5,406.5,649.0,410.0,214.0707,41.6473,0.1945,1,1,24,1
23,3,0,0,1,1,1,0.9902,0.9893,0.9194,0.8862,478.0,230.0,259.25,224.75,388.0,240.5,334.75,241.0,218.813,53.2523,0.2434,1,1,24,1
24,3,0,0,1,1,1,0.9897,0.9858,0.9097,0.8848,486.0,235.0,261.75,223.5,379.0,238.0,331.5,236.0,224.5447,47.5421,0.2117,1,1,25,1
24,3,0,1,1,1,1,0.9888,0.9873,0.875,0.8574,1116.0,347.5,890.5,342.0,1046.0,407.0,980.5,362.0,225.5671,79.4685,0.3523,1,1,25,1
24,3,0,2,1,1,1,0.9839,0.9873,0.875,0.8916,788.0,331.0,575.0,336.5,697.5,410.0,643.5,414.0,213.071,54.1479,0.2541,1,1,25,1
25,3,0,0,1,1,1,0.9878,0.9868,0.9121,0.8906,481.0,232.0,259.0,223.5,380.5,238.0,335.5,237.5,222.1627,45.0028,0.2026,1,1,26,1
25,3,0,1,1,1,1,0.9893,0.9873,0.875,0.856,1116.0,346.5,892.0,342.5,1046.0,409.0,982.0,354.5,224.0357,84.061,0.3752,1,1,26,1
25,3,0,2,1,1,1,0.9839,0.9883,0.8662,0.8911,786.0,329.0,575.0,335.0,699.0,410.0,644.0,416.0,211.0853,55.3263,0.2621,1,1,26,1
26,3,0,0,1,1,1,0.9897,0.9893,0.918,0.8848,478.75,231.75,258.0,226.0,387.5,245.0,333.0,242.0,220.8249,54.5825,0.2472,1,1,27,1
26,3,0,1,1,1,1,0.9858,0.9888,0.8594,0.8696,1112.0,345.0,890.5,342.0,1048.0,411.5,987.5,361.5,221.5203,78.4873,0.3543,1,1,27,1
26,3,0,2,1,1,1,0.9829,0.9878,0.8691,0.8931,785.5,330.5,574.5,335.5,698.0,410.5,645.5,416.5,211.0592,52.8417,0.2504,1,1,27,1
27,3,0,0,1,1,1,0.9888,0.9868,0.9106,0.8789,480.5,233.0,259.25,225.75,380.5,243.0,332.0,239.5,221.3688,48.6261,0.2197,1,1,28,1
27,3,0,1,1,1,1,0.9873,0.9878,0.8735,0.8599,1114.0,347.5,889.5,343.5,1046.0,402.0,982.0,366.5,224.5356,73.1864,0.3259,1,1,28,1
27,3,0,2,1,1,1,0.9883,0.9844,0.8862,0.8662,788.5,333.0,575.0,338.0,695.5,412.0,645.5,415.5,213.5585,50.1224,0.2347,1,1,28,1
28,3,0,0,1,1,1,0.9888,0.9873,0.9097,0.8789,483.0,232.0,259.0,224.0,380.0,241.0,334.0,237.5,224.1428,46.133,0.2058,1,1,29,1
28,3,0,1,1,1,1,0.9888,0.9878,0.8682,0.8584,1118.0,348.0,892.0,341.5,1048.0,416.5,983.0,363.0,226.0935,84.1858,0.3723,1,1,29,1
28,3,0,2,1,1,1,0.9849,0.9873,0.8711,0.8799,788.0,332.5,573.0,336.5,702.5,415.0,639.5,418.5,215.0372,63.0971,0.2934,1,1,29,1
29,3,0,0,1,1,1,0.9893,0.9863,0.9077,0.8862,484.75,235.5,262.0,225.0,378.0,243.5,332.25,237.5,222.9973,46.1418,0.2069,1,1,30,1
29,3,0,1,1,1,1,0.9863,0.9893,0.8604,0.8711,1112.0,346.5,892.0,341.0,1057.0,420.0,985.5,370.0,220.0687,87.2482,0.3965,1,1,30,1
29,3,0,2,1,1,1,0.9888,0.9839,0.8867,0.856,789.0,333.0,573.0,338.5,696.5,410.5,642.0,413.5,216.07,54.5825,0.2526,1,1,30,1
30,3,0,1,1,1,1,0.9893,0.9878,0.8706,0.8545,1119.0,348.5,889.5,342.5,1049.0,409.5,977.0,366.5,229.5784,83.863,0.3653,1,1,31,1
30,3,0,0,1,1,1,0.9883,0.9868,0.9004,0.8916,482.5,233.5,260.0,223.75,378.75,238.5,330.5,231.25,222.7135,48.7916,0.2191,1,1,31,1
30,3,0,2,1,1,1,0.9844,0.9878,0.8687,0.8877,784.5,332.5,574.0,335.5,705.0,411.0,644.0,413.0,210.5214,61.0328,0.2899,1,1,31,1
31,3,0,1,1,1,1,0.9863,0.9893,0.855,0.8672,1115.0,346.5,890.0,342.0,1050.0,416.5,981.0,368.0,225.045,84.3401,0.3748,1,1,32,1
31,3,0,0,1,1,1,0.9897,0.9897,0.916,0.8857,478.5,230.5,256.5,226.0,385.5,241.0,332.0,239.5,222.0456,53.521,0.241,1,1,32,1
31,3,0,2,1,1,1,0.9888,0.9839,0.8887,0.8594,788.0,333.5,577.5,337.0,693.0,407.0,645.0,411.0,210.5291,48.1664,0.2288,1,1,32,1
32,3,0,1,1,1,1,0.9888,0.9873,0.8691,0.8608,1118.0,349.5,889.0,343.5,1050.0,411.5,982.5,361.0,229.0786,84.3001,0.368,1,1,33,1
32,3,0,0,1,1,1,0.9893,0.9858,0.9175,0.8735,480.5,232.5,256.0,223.5,383.25,247.5,331.75,236.5,224.6803,52.6617,0.2344,1,1,33,1
32,3,0,2,1,1,1,0.9854,0.9868,0.877,0.8784,785.5,330.0,574.5,333.5,700.0,411.0,642.5,417.0,211.029,57.8122,0.274,1,1,33,1
33,3,0,1,1,1,1,0.9868,0.9873,0.8745,0.8643,1113.0,349.5,889.5,342.5,1048.0,408.0,975.5,382.5,223.6096,76.8538,0.3437,1,1,34,1
33,3,0,0,1,1,1,0.9888,0.9863,0.9062,0.8906,483.5,236.5,260.25,225.0,379.5,242.0,331.25,231.0,223.546,49.488,0.2214,1,1,34,1
33,3,0,2,1,1,1,0.9829,0.9883,0.8594,0.8916,786.0,330.0,573.5,334.5,699.5,413.5,639.5,421.0,212.5476,60.4669,0.2845,1,1,34,1
34,3,0,0,1,1,1,0.9888,0.9863,0.915,0.8779,481.0,233.0,257.5,225.25,382.75,248.0,331.75,235.5,223.6343,52.5095,0.2348,1,1,35,1
34,3,0,1,1,1,1,0.9883,0.9868,0.8804,0.8667,1116.0,353.5,891.0,346.5,1046.0,409.0,976.0,378.0,225.1089,76.5572,0.3401,1,1,35,1
34,3,0,2,1,1,1,0.9849,0.9873,0.8716,0.8804,784.5,329.5,573.5,334.0,694.0,408.5,643.0,420.5,211.048,52.3927,0.2483,1,1,35,1
35,3,0,1,1,1,1,0.9868,0.9878,0.8765,0.8657,1114.0,347.5,890.5,341.5,1047.0,402.5,976.0,375.5,223.5805,75.9605,0.3397,1,1,36,1
35,3,0,0,1,1,1,0.9878,0.9868,0.9102,0.8867,479.5,230.75,258.0,224.75,383.0,247.5,332.0,237.5,221.5812,51.9711,0.2345,1,1,36,1
35,3,0,2,1,1,1,0.9849,0.9883,0.8589,0.8809,787.0,330.5,572.0,336.0,705.0,417.0,642.0,416.5,215.0703,63.002,0.2929,1,1,36,1
36,3,0,1,1,1,1,0.9863,0.9878,0.875,0.8647,1114.0,347.0,889.5,343.0,1054.0,409.5,975.0,372.0,224.5356,87.4486,0.3895,1,1,37,1
36,3,0,0,1,1,1,0.9888,0.9897,0.9126,0.8936,477.25,229.25,253.0,225.0,385.75,247.5,335.25,236.5,224.2903,51.6841,0.2304,1,1,37,1
36,3,0,2,1,1,1,0.9878,0.9844,0.8804,0.8638,789.5,336.0,574.0,341.5,700.5,416.0,644.5,409.5,215.5702,56.376,0.2615,1,1,37,1
37,3,0,1,1,1,1,0.9863,0.9883,0.8677,0.8633,1112.0,347.5,888.5,341.5,1047.0,406.0,973.0,378.5,223.5805,78.9446,0.3531,1,1,38,1
37,3,0,0,1,1,1,0.9878,0.9868,0.9097,0.8872,481.25,232.5,256.0,226.5,380.5,246.0,332.25,235.0,225.3299,49.488,0.2196,1,1,38,1
37,3,0,2,1,1,1,0.9878,0.9858,0.8682,0.8535,787.0,338.5,575.0,342.0,684.5,411.0,641.0,422.0,212.0289,44.8693,0.2116,1,1,38,1
38,3,0,1,1,1,1,0.9839,0.9883,0.8647,0.875,1110.0,350.5,896.0,347.0,1048.0,396.0,975.0,379.0,214.0286,74.9533,0.3502,1,1,39,1
38,3,0,0,1,1,1,0.9888,0.9854,0.9111,0.8936,481.5,237.0,260.5,226.5,380.0,240.0,331.0,233.0,221.2493,49.4975,0.2237,1,1,39,1
38,3,0,2,1,1,1,0.9878,0.9839,0.8853,0.8623,787.0,336.5,574.0,340.5,691.5,407.5,642.5,417.0,213.0376,49.9124,0.2343,1,1,39,1
39,3,0,1,1,1,1,0.9863,0.9883,0.874,0.8726,1114.0,345.0,888.0,344.0,1047.0,402.5,981.0,373.5,226.0022,72.0902,0.319,1,1,40,1
39,3,0,2,1,1,1,0.981,0.9897,0.8594,0.9038,787.5,335.0,574.5,342.0,699.5,405.0,634.0,419.5,213.115,67.0858,0.3148,1,1,40,1
39,3,0,0,1,1,1,0.9873,0.9868,0.9062,0.8892,478.0,232.0,255.625,224.5,380.25,243.5,332.5,236.5,222.5014,48.2604,0.2169,1,1,40,1
40,3,0,0,1,1,1,0.9888,0.9863,0.9043,0.8911,481.5,235.0,258.5,225.5,377.0,242.0,330.25,232.0,223.2023,47.8076,0.2142,1,1,41,1
40,3,0,1,1,1,1,0.9868,0.9878,0.874,0.8647,1114.0,347.0,887.5,343.0,1043.0,405.0,974.0,369.0,226.5353,77.8267,0.3436,1,1,41,1
40,3,0,2,1,1,1,0.9883,0.9844,0.8833,0.8643,788.5,335.0,574.0,338.0,694.0,409.0,646.5,414.5,214.521,47.8174,0.2229,1,1,41,1
41,3,0,0,1,1,1,0.9897,0.9897,0.9189,0.8901,479.25,230.25,255.625,226.5,385.5,244.5,331.5,241.5,223.6564,54.0833,0.2418,1,1,42,1
41,3,0,1,1,1,1,0.9858,0.9888,0.8647,0.8711,1112.0,345.0,889.0,342.0,1048.0,407.0,978.5,372.0,223.0202,77.8155,0.3489,1,1,42,1
41,3,0,2,1,1,1,0.9883,0.9854,0.8789,0.8647,789.0,334.0,577.0,335.5,697.5,413.0,645.0,411.5,212.0053,52.5214,0.2477,1,1,42,1
42,3,0,1,1,1,1,0.9893,0.9873,0.8745,0.8521,1117.0,350.5,889.0,342.0,1046.0,410.0,974.0,375.5,228.1584,79.8389,0.3499,1,1,43,1
42,3,0,0,1,1,1,0.9897,0.9897,0.917,0.8867,477.0,229.75,256.0,225.5,386.0,244.0,332.5,240.0,221.0409,53.6493,0.2427,1,1,43,1
42,3,0,2,1,1,1,0.9849,0.9878,0.8682,0.8809,785.5,330.5,573.0,334.0,702.5,411.5,638.0,420.0,212.5288,65.0577,0.3061,1,1,43,1
43,3,0,1,1,1,1,0.9893,0.9873,0.876,0.856,1116.0,350.0,888.5,341.5,1046.0,406.0,971.0,375.0,227.6587,81.1542,0.3565,1,1,44,1
43,3,0,2,1,1,1,0.9854,0.9868,0.8745,0.8789,786.0,331.0,572.0,335.0,700.0,412.5,638.5,418.5,214.0374,61.792,0.2887,1,1,44,1
43,3,0,0,1,1,1,0.9893,0.9897,0.916,0.8945,478.5,229.0,253.5,226.5,385.0,243.0,334.25,238.0,225.0139,50.9957,0.2266,1,1,44,1
44,3,0,0,1,1,1,0.9897,0.9897,0.917,0.8872,478.75,232.0,255.125,226.75,385.5,240.0,333.0,238.5,223.6866,52.5214,0.2348,1,1,45,1
44,3,0,2,1,1,1,0.9883,0.9854,0.8706,0.8506,786.0,337.5,573.0,339.5,687.5,414.0,646.0,420.5,213.0094,42.006,0.1972,1,1,45,1
44,3,0,1,1,1,1,0.9863,0.9878,0.8789,0.8721,1112.0,346.5,890.0,342.5,1050.0,410.0,976.5,372.5,222.036,82.5136,0.3716,1,1,45,1
45,3,0,1,1,1,1,0.9858,0.9878,0.8789,0.8706,1111.0,348.0,897.0,345.5,1045.0,397.5,971.0,376.0,214.0146,77.06,0.3601,1,1,46,1
45,3,0,2,1,1,1,0.9863,0.9858,0.8882,0.8755,784.0,331.0,573.0,335.0,692.5,408.0,643.0,420.0,211.0379,50.9338,0.2413,1,1,46,1
45,3,0,0,1,1,1,0.9902,0.9888,0.9229,0.8882,475.25,233.5,254.5,227.0,383.5,240.0,334.0,239.0,220.8457,49.5101,0.2242,1,1,46,1
46,3,0,0,1,1,1,0.9878,0.9868,0.9082,0.8848,483.75,231.75,258.0,227.0,382.5,247.5,333.25,237.5,225.8,50.255,0.2226,1,1,47,1
46,3,0,1,1,1,1,0.9863,0.9883,0.8711,0.8682,1113.0,346.5,887.5,342.0,1042.0,400.5,975.5,374.0,225.5449,71.5856,0.3174,1,1,47,1
46,3,0,2,1,1,1,0.9844,0.9878,0.8662,0.8848,786.0,330.5,572.0,335.5,703.0,413.0,637.0,422.0,214.0584,66.6108,0.3112,1,1,47,1
47,3,0,0,1,1,1,0.9888,0.9897,0.9136,0.8926,477.75,232.0,255.375,228.5,384.5,241.0,335.5,238.0,222.4025,49.0918,0.2207,1,1,48,1
47,3,0,1,1,1,1,0.9863,0.9873,0.8823,0.8716,1112.0,344.0,891.0,341.0,1041.0,398.0,973.0,372.5,221.0204,72.624,0.3286,1,1,48,1
47,3,0,2,1,1,1,0.9888,0.9854,0.8823,0.853,785.5,336.0,575.5,338.0,689.0,410.0,640.0,420.5,210.0095,50.1124,0.2386,1,1,48,1
48,3,0,1,1,1,1,0.9868,0.9878,0.8794,0.8706,1113.0,346.5,888.5,343.5,1046.0,405.5,973.5,374.5,224.52,78.8495,0.3512,1,1,49,1
48,3,0,0,1,1,1,0.9888,0.9858,0.9082,0.8882,484.25,237.5,258.75,228.0,380.0,243.0,330.75,234.5,225.7,49.9781,0.2214,1,1,49,1
48,3,0,2,1,1,1,0.9888,0.9839,0.8911,0.8623,786.0,332.5,575.5,335.5,690.5,406.0,645.0,415.5,210.5214,46.4812,0.2208,1,1,49,1
49,3,0,1,1,1,1,0.9888,0.9863,0.8779,0.856,1116.0,349.0,888.5,342.5,1040.0,401.0,976.0,371.5,227.5928,70.4716,0.3096,1,1,50,1
49,3,0,2,1,1,1,0.9844,0.9868,0.873,0.8833,785.0,330.5,575.5,334.5,692.5,406.5,640.5,419.5,209.5382,53.6004,0.2558,1,1,50,1
49,3,0,0,1,1,1,0.9883,0.9858,0.9048,0.8911,484.0,235.0,261.0,227.0,378.5,241.5,331.5,235.5,223.1435,47.3814,0.2123,1,1,50,1
50,3,0,1,1,1,1,0.9897,0.9863,0.8804,0.8467,1116.0,348.5,887.5,342.5,1040.0,401.5,976.0,369.5,228.5788,71.5542,0.313,1,1,51,1
50,3,0,0,1,1,1,0.9883,0.9868,0.8984,0.8916,485.5,237.5,260.5,229.25,381.0,244.0,327.25,235.0,225.1512,54.4983,0.2421,1,1,51,1
50,3,0,2,1,1,1,0.9858,0.9873,0.8716,0.8765,786.0,329.0,573.5,333.0,698.0,409.0,641.5,420.0,212.5376,57.5608,0.2708,1,1,51,1
51,3,0,0,1,1,1,0.9888,0.9893,0.916,0.8945,478.0,232.0,257.5,227.5,386.5,242.0,334.0,240.0,220.5459,52.5381,0.2382,1,1,52,1
51,3,0,1,1,1,1,0.9873,0.9868,0.8833,0.8618,1112.0,348.0,890.5,343.5,1045.0,397.5,980.5,364.5,221.5457,72.4517,0.327,1,1,52,1
51,3,0,2,1,1,1,0.9849,0.9863,0.8813,0.8818,784.5,329.5,573.5,333.5,697.0,406.5,642.0,413.5,211.0379,55.4437,0.2627,1,1,52,1
52,3,0,0,1,1,1,0.9893,0.9897,0.9141,0.8901,476.75,233.0,255.75,229.5,384.0,240.5,333.0,240.0,221.0277,51.0025,0.2308,1,1,53,1
52,3,0,1,1,1,1,0.9893,0.9863,0.8843,0.8599,1117.0,350.5,888.5,343.0,1042.0,398.0,974.0,373.0,228.6231,72.45,0.3169,1,1,53,1
52,3,0,2,1,1,1,0.9863,0.9863,0.8809,0.873,784.0,329.5,575.0,333.5,698.5,409.5,642.0,413.0,209.0383,56.6083,0.2708,1,1,53,1
53,3,0,1,1,1,1,0.9893,0.9878,0.8706,0.8628,1117.0,350.0,890.0,343.0,1043.0,406.0,975.5,366.5,227.1079,78.2081,0.3444,1,1,54,1
53,3,0,0,1,1,1,0.9878,0.9863,0.9028,0.8975,485.0,236.5,258.5,228.5,378.25,241.0,329.75,232.0,226.6412,49.328,0.2176,1,1,54,1
53,3,0,2,1,1,1,0.9888,0.9824,0.8955,0.8589,787.0,334.0,576.5,337.5,690.0,404.0,647.0,415.0,210.5291,44.3847,0.2108,1,1,54,1
54,3,0,0,1,1,1,0.9873,0.9863,0.9014,0.9014,485.0,237.0,260.5,228.25,377.75,243.0,328.25,237.5,224.6705,49.8046,0.2217,1,1,55,1
54,3,0,1,1,1,1,0.9863,0.9888,0.8657,0.874,1113.0,347.0,891.0,342.0,1051.0,408.0,977.0,367.5,222.0563,84.3579,0.3799,1,1,55,1
54,3,0,2,1,1,1,0.9829,0.9888,0.8687,0.8911,783.0,334.5,573.0,340.0,696.5,409.0,637.0,419.5,210.072,60.4194,0.2876,1,1,55,1
55,3,0,0,1,1,1,0.9888,0.9902,0.9092,0.8945,477.25,234.0,254.625,228.0,386.25,246.0,330.25,241.5,222.7058,56.1805,0.2523,1,1,56,1
55,3,0,1,1,1,1,0.9897,0.9873,0.8784,0.8521,1118.0,349.0,889.0,344.5,1051.0,415.5,973.0,372.5,229.0442,89.0674,0.3889,1,1,56,1
55,3,0,2,1,1,1,0.9888,0.9824,0.897,0.8564,786.5,333.0,578.0,336.0,685.0,407.0,646.5,416.5,208.5216,39.6548,0.1902,1,1,56,1
56,3,0,0,1,1,1,0.9893,0.9897,0.9146,0.8911,479.5,234.0,255.5,228.5,384.5,244.0,332.75,239.0,224.0675,51.991,0.232,1,1,57,1
56,3,0,1,1,1,1,0.9893,0.9873,0.875,0.8589,1117.0,350.0,889.0,346.0,1052.0,420.0,975.5,368.5,228.0351,92.2198,0.4044,1,1,57,1
56,3,0,2,1,1,1,0.9902,0.9824,0.8999,0.8472,787.5,333.5,576.0,337.5,686.0,404.5,646.5,413.0,211.5378,40.4042,0.191,1,1,57,1
57,3,0,1,1,1,1,0.9858,0.9888,0.8647,0.8721,1114.0,347.0,889.0,342.0,1051.0,407.5,976.5,375.5,225.0555,81.0817,0.3603,1,1,58,1
57,3,0,0,1,1,1,0.9888,0.9902,0.9072,0.8965,480.25,230.5,254.0,227.75,388.5,244.0,334.5,240.5,226.2667,54.1133,0.2392,1,1,58,1
57,3,0,2,1,1,1,0.9883,0.9839,0.8887,0.8608,785.5,334.0,575.5,338.0,688.0,400.5,644.0,413.0,210.0381,45.7411,0.2178,1,1,58,1
58,3,0,1,1,1,1,0.9883,0.9868,0.8696,0.8594,1118.0,349.5,891.0,344.0,1044.0,400.5,982.5,366.0,227.0666,70.516,0.3106,1,1,59,1
58,3,0,0,1,1,1,0.9888,0.9897,0.9131,0.8926,479.75,233.0,255.625,228.0,385.5,242.0,334.5,244.0,224.1808,51.0392,0.2277,1,1,59,1
58,3,0,2,1,1,1,0.9829,0.9888,0.8682,0.8936,781.0,334.0,574.5,338.5,695.0,402.0,639.5,420.0,206.549,58.346,0.2825,1,1,59,1
59,3,0,1,1,1,1,0.9888,0.9868,0.8721,0.8594,1117.0,351.0,891.5,343.0,1052.0,405.5,982.5,364.5,225.6419,80.6923,0.3576,1,1,60,1
59,3,0,0,1,1,1,0.9883,0.9893,0.9136,0.8936,477.0,232.5,256.5,227.5,385.0,244.5,333.25,243.0,220.5567,51.7717,0.2347,1,1,60,1
59,3,0,2,1,1,1,0.9844,0.9888,0.8745,0.8843,784.0,334.5,574.0,340.5,696.5,401.0,642.5,412.5,210.0857,55.211,0.2628,1,1,60,1
60,3,0,0,1,1,1,0.9888,0.9897,0.9155,0.8931,477.0,231.5,255.875,226.25,386.5,243.5,331.0,240.0,221.1873,55.6103,0.2514,1,1,61,1
60,3,0,1,1,1,1,0.9868,0.9888,0.8691,0.8701,1113.0,346.0,891.5,344.0,1047.0,407.5,982.5,363.0,221.509,78.3613,0.3538,1,1,61,1
60,3,0,2,1,1,1,0.9863,0.9858,0.8853,0.8726,780.0,330.5,573.5,333.0,695.5,405.5,637.5,423.0,206.5151,60.5826,0.2934,1,1,61,1
61,3,0,1,1,1,1,0.9858,0.9883,0.8691,0.8726,1112.0,348.0,891.0,346.5,1045.0,403.0,981.0,366.5,221.0051,73.6767,0.3334,1,1,62,1
61,3,0,0,1,1,1,0.9893,0.9902,0.9111,0.8931,476.75,233.0,255.375,228.0,387.5,247.0,334.75,242.5,221.4315,52.9416,0.2391,1,1,62,1
61,3,0,2,1,1,1,0.9868,0.9854,0.8901,0.8696,781.0,329.0,572.5,333.0,697.5,409.0,639.5,417.5,208.5384,58.6195,0.2811,1,1,62,1
62,3,0,1,1,1,1,0.9868,0.9878,0.877,0.8691,1114.0,346.5,891.5,341.0,1051.0,409.0,982.5,371.0,222.568,78.3342,0.352,1,1,63,1
62,3,0,0,1,1,1,0.9873,0.9863,0.9014,0.8984,485.25,237.5,260.25,228.0,382.75,245.0,329.5,236.0,225.2005,54.0052,0.2398,1,1,63,1
62,3,0,2,1,1,1,0.9902,0.9829,0.8916,0.8291,783.5,335.5,574.0,338.5,681.5,407.0,642.5,415.0,209.5215,39.8121,0.19,1,1,63,1
63,3,0,0,1,1,1,0.9893,0.9902,0.9121,0.8911,480.0,231.0,255.625,228.25,387.25,246.0,332.5,240.0,224.3919,55.0778,0.2455,1,1,64,1
63,3,0,1,1,1,1,0.9868,0.9878,0.8765,0.8677,1112.0,347.0,892.0,343.5,1051.0,408.0,983.5,369.0,220.0278,77.9567,0.3543,1,1,64,1
63,3,0,2,1,1,1,0.9839,0.9883,0.8774,0.8843,786.0,333.5,575.5,339.5,688.0,400.5,634.5,419.0,210.5855,56.6083,0.2688,1,1,64,1
64,3,0,0,1,1,1,0.9893,0.9897,0.918,0.895,476.75,233.0,256.0,229.0,386.25,246.0,333.75,242.5,220.7862,52.6165,0.2383,1,1,65,1
64,3,0,1,1,1,1,0.9854,0.9888,0.8643,0.8735,1112.0,346.0,891.5,345.5,1044.0,403.5,985.5,363.5,220.5006,70.8678,0.3214,1,1,65,1
64,3,0,2,1,1,1,0.9863,0.9854,0.8857,0.8716,782.0,329.0,573.0,330.5,688.0,404.0,641.0,419.5,209.0054,49.4899,0.2368,1,1,65,1
65,3,0,0,1,1,1,0.9883,0.9897,0.9141,0.897,478.0,231.75,255.25,228.0,388.25,242.5,334.25,241.0,222.7816,54.0208,0.2425,1,1,66,1
65,3,0,1,1,1,1,0.9888,0.9873,0.8667,0.854,1119.0,350.5,888.0,345.5,1041.0,403.5,983.5,361.0,231.0541,71.5017,0.3095,1,1,66,1
65,3,0,2,1,1,1,0.9834,0.9878,0.8784,0.8867,782.0,334.0,576.0,338.5,690.5,397.0,634.0,422.0,206.0491,61.7839,0.2999,1,1,66,1
66,3,0,0,1,1,1,0.9883,0.9897,0.9126,0.897,478.5,233.0,255.0,228.75,389.0,247.0,335.5,239.0,223.5404,54.0948,0.242,1,1,67,1
66,3,0,1,1,1,1,0.9863,0.9883,0.8706,0.8638,1112.0,347.5,898.0,348.0,1059.0,409.5,980.0,372.0,214.0006,87.4486,0.4086,1,1,67,1
66,3,0,2,1,1,1,0.9878,0.9844,0.8979,0.8657,781.5,330.0,575.0,333.0,691.5,403.5,639.0,419.0,206.5218,54.7403,0.2651,1,1,67,1
67,3,0,1,1,1,1,0.9863,0.9888,0.8682,0.876,1112.0,345.5,894.0,344.0,1051.0,407.0,981.0,373.5,218.0052,77.6032,0.356,1,1,68,1
67,3,0,0,1,1,1,0.9888,0.9897,0.9106,0.8916,478.25,233.0,255.375,228.0,389.5,248.0,334.5,242.0,222.9311,55.3263,0.2482,1,1,68,1
67,3,0,2,1,1,1,0.9854,0.9863,0.8916,0.8789,784.5,335.0,577.5,338.5,687.0,398.0,641.5,423.0,207.0296,51.9158,0.2508,1,1,68,1
68,3,0,0,1,1,1,0.9888,0.9893,0.9116,0.8926,479.75,233.0,256.75,226.75,390.5,247.0,335.75,241.0,223.0876,55.0778,0.2469,1,1,69,1
68,3,0,1,1,1,1,0.9893,0.9873,0.8784,0.8613,1118.0,349.5,890.5,345.5,1045.0,403.5,980.0,375.0,227.5352,70.9736,0.3119,1,1,69,1
68,3,0,2,1,1,1,0.9844,0.9878,0.8799,0.8848,784.0,333.5,574.0,337.5,690.0,399.0,638.5,422.0,210.0381,56.4026,0.2685,1,1,69,1
69,3,0,1,1,1,1,0.9893,0.9863,0.8804,0.855,1118.0,350.5,890.0,347.0,1041.0,400.5,982.0,368.5,228.0269,67.1193,0.2943,1,1,70,1
69,3,0,0,1,1,1,0.9883,0.9868,0.8994,0.8936,485.5,235.5,258.0,225.75,381.0,241.5,326.25,234.5,227.7088,55.1957,0.2424,1,1,70,1
69,3,0,2,1,1,1,0.9849,0.9873,0.8857,0.8833,782.5,335.0,575.0,339.5,694.0,401.5,640.5,419.0,207.5488,56.2894,0.2712,1,1,70,1
70,3,0,1,1,1,1,0.9883,0.9873,0.8682,0.8608,1118.0,349.0,890.5,345.5,1044.0,401.5,987.0,369.0,227.5269,65.6144,0.2884,1,1,71,1
70,3,0,0,1,1,1,0.9888,0.9893,0.9146,0.8916,477.75,230.75,255.5,226.5,389.0,247.0,334.5,243.0,222.2906,54.6466,0.2458,1,1,71,1
70,3,0,2,1,1,1,0.9839,0.9883,0.877,0.8857,783.0,334.0,574.0,341.0,695.5,405.5,634.5,423.5,209.1172,63.6003,0.3041,1,1,71,1
71,3,0,0,1,1,1,0.9878,0.9858,0.9048,0.8975,485.75,237.5,258.0,227.5,382.5,242.0,327.5,234.0,227.9694,55.5788,0.2438,1,1,72,1
71,3,0,1,1,1,1,0.9863,0.9888,0.8608,0.8682,1115.0,345.5,890.0,344.5,1048.0,409.0,986.0,364.0,225.0022,76.6094,0.3405,1,1,72,1
71,3,0,2,1,1,1,0.9849,0.9878,0.8818,0.8828,784.0,331.5,576.0,337.0,692.0,405.0,638.0,422.5,208.0727,56.7649,0.2728,1,1,72,1
72,3,0,0,1,1,1,0.9888,0.9897,0.915,0.8926,479.5,230.75,256.0,226.5,386.5,245.5,332.75,243.5,223.5404,53.7872,0.2406,1,1,73,1
72,3,0,1,1,1,1,0.9863,0.9893,0.8691,0.8735,1116.0,348.0,893.5,347.0,1057.0,407.0,982.0,365.5,222.5022,85.7161,0.3852,1,1,73,1
72,3,0,2,1,1,1,0.9868,0.9844,0.8945,0.8701,780.0,330.0,575.0,333.5,692.5,405.5,641.0,417.5,205.0299,52.8796,0.2579,1,1,73,1
73,3,0,1,1,1,1,0.9863,0.9893,0.8613,0.8711,1115.0,346.0,892.0,344.5,1048.0,404.5,985.5,360.0,223.005,76.7235,0.344,1,1,74,1
73,3,0,0,1,1,1,0.9883,0.9893,0.9136,0.895,480.25,233.0,254.5,227.75,386.5,244.0,335.5,238.0,225.811,51.3517,0.2274,1,1,74,1
73,3,0,2,1,1,1,0.9839,0.9878,0.8716,0.8818,785.0,334.0,575.5,340.0,690.5,396.5,638.5,418.0,209.5859,56.2694,0.2685,1,1,74,1
74,3,0,1,1,1,1,0.9868,0.9883,0.8716,0.8687,1114.0,347.5,892.0,345.5,1051.0,412.0,986.5,360.0,222.009,82.8508,0.3732,1,1,75,1
74,3,0,0,1,1,1,0.9868,0.9868,0.9072,0.8916,481.5,232.5,256.5,226.0,384.0,244.5,336.0,234.5,225.0939,49.0306,0.2178,1,1,75,1
74,3,0,2,1,1,1,0.9839,0.9883,0.8745,0.8848,784.0,335.5,575.0,339.5,693.5,399.0,634.5,423.0,209.0383,63.6946,0.3047,1,1,75,1
75,3,0,1,1,1,1,0.9854,0.9888,0.8608,0.8765,1114.0,346.5,890.5,345.5,1050.0,407.5,989.5,365.0,223.5022,73.9358,0.3308,1,1,76,1
75,3,0,0,1,1,1,0.9868,0.9868,0.9077,0.8901,485.0,234.0,255.625,227.25,381.75,244.0,332.75,237.5,229.4743,49.4292,0.2154,1,1,76,1
75,3,0,2,1,1,1,0.9902,0.9814,0.9033,0.8438,783.0,333.5,577.0,336.0,684.5,398.5,646.0,413.0,206.0152,41.14,0.1997,1,1,76,1
76,3,0,1,1,1,1,0.9863,0.9878,0.875,0.875,1114.0,347.0,892.0,344.0,1048.0,407.0,986.5,370.5,222.0203,71.5157,0.3221,1,1,77,1
76,3,0,0,1,1,1,0.9883,0.9863,0.9062,0.8994,486.0,237.5,261.0,227.75,380.0,245.0,330.0,231.75,225.2112,51.7258,0.2297,1,1,77,1
76,3,0,2,1,1,1,0.9907,0.9814,0.9053,0.8428,784.0,333.0,577.5,336.5,684.5,401.5,640.5,411.0,206.5297,45.0139,0.218,1,1,77,1
77,3,0,0,1,1,1,0.9888,0.9858,0.9072,0.8887,486.5,235.0,259.5,226.25,378.5,244.0,330.25,235.5,227.1686,48.993,0.2157,1,1,78,1
77,3,0,2,1,1,1,0.9897,0.9819,0.9043,0.8511,782.0,332.0,577.0,336.5,684.5,402.0,643.0,415.5,205.0494,43.6406,0.2128,1,1,78,1
77,3,0,1,1,1,1,0.9863,0.9888,0.8604,0.8672,1114.0,348.0,890.0,347.5,1048.0,405.5,983.5,370.0,224.0006,73.624,0.3287,1,1,78,1
78,3,0,1,1,1,1,0.9888,0.9863,0.877,0.8579,1118.0,349.5,890.0,347.5,1050.0,409.5,985.5,360.5,228.0088,81.0015,0.3553,1,1,79,1
78,3,0,0,1,1,1,0.9893,0.9854,0.9121,0.8882,483.5,236.5,261.0,226.0,379.25,244.5,330.5,234.5,222.7476,49.7651,0.2234,1,1,79,1
78,3,0,2,1,1,1,0.9888,0.9834,0.8789,0.8335,785.0,334.0,575.0,338.0,675.5,402.5,646.0,415.5,210.0381,32.2374,0.1535,1,1,79,1
79,3,0,1,1,1,1,0.9844,0.9883,0.8643,0.874,1112.0,349.5,897.5,349.5,1053.0,408.5,982.0,373.5,214.5,79.1581,0.369,1,1,80,1
79,3,0,0,1,1,1,0.9883,0.9854,0.9092,0.8926,485.5,236.5,262.0,226.75,379.25,239.5,331.75,233.0,223.7126,47.9427,0.2143,1,1,80,1
79,3,0,2,1,1,1,0.9839,0.9878,0.8823,0.8887,780.5,335.0,576.5,340.0,687.5,399.0,639.5,421.5,204.0613,53.0118,0.2598,1,1,80,1
80,3,0,1,1,1,1,0.9868,0.9883,0.8667,0.8677,1115.0,345.5,890.5,344.5,1054.0,413.0,987.5,366.5,224.5022,81.1449,0.3614,1,1,81,1
80,3,0,0,1,1,1,0.9888,0.9854,0.9072,0.8882,486.0,236.0,261.0,225.75,378.5,241.5,329.5,232.0,225.2334,49.9124,0.2216,1,1,81,1
80,3,0,2,1,1,1,0.9844,0.9878,0.8784,0.8804,784.5,335.5,573.5,341.0,690.0,395.5,637.0,418.0,211.0717,57.5782,0.2728,1,1,81,1
81,3,0,1,1,1,1,0.9854,0.9883,0.8643,0.8633,1112.0,347.5,896.5,349.5,1056.0,408.0,985.5,372.0,215.5093,79.1596,0.3673,1,1,82,1
81,3,0,0,1,1,1,0.9873,0.9873,0.9033,0.8872,481.0,233.0,254.75,225.75,384.0,243.5,335.75,236.0,226.3661,48.8294,0.2157,1,1,82,1
81,3,0,2,1,1,1,0.9897,0.9829,0.897,0.8496,786.0,334.0,574.5,338.5,685.5,405.0,644.0,415.0,211.5479,42.6878,0.2018,1,1,82,1
82,3,0,0,1,1,1,0.9888,0.9893,0.9126,0.8892,479.25,231.5,254.625,225.0,385.0,241.0,336.0,240.0,224.719,49.0102,0.2181,1,1,83,1
82,3,0,1,1,1,1,0.9897,0.9839,0.896,0.8564,1120.0,347.0,895.5,343.0,1048.0,402.0,978.0,371.5,224.5356,76.3561,0.3401,1,1,83,1
82,3,0,2,1,1,1,0.9897,0.9829,0.8906,0.8359,784.0,336.5,575.0,337.5,677.5,402.5,646.5,411.5,209.0024,32.28,0.1544,1,1,83,1
83,3,0,1,1,1,1,0.9863,0.9883,0.8701,0.875,1113.0,346.5,892.0,343.5,1052.0,403.5,982.5,374.0,221.0204,75.5017,0.3416,1,1,84,1
83,3,0,0,1,1,1,0.9873,0.9878,0.8979,0.8877,479.25,232.5,254.5,225.75,383.0,246.5,336.0,237.5,224.8513,47.8539,0.2128,1,1,84,1
83,3,0,2,1,1,1,0.9902,0.9834,0.8911,0.8335,784.5,336.0,575.0,336.0,683.0,405.0,642.0,414.0,209.5,41.9762,0.2004,1,1,84,1
84,3,0,1,1,1,1,0.9863,0.9883,0.8682,0.8672,1114.0,348.5,890.5,345.0,1042.0,399.0,983.5,374.0,223.5274,63.618,0.2846,1,1,85,1
84,3,0,2,1,1,1,0.9868,0.9849,0.895,0.8721,781.0,329.0,574.0,333.5,691.0,406.0,640.5,417.0,207.0489,51.6841,0.2496,1,1,85,1
84,3,0,0,1,1,1,0.9883,0.9854,0.9082,0.894,484.25,236.5,260.0,225.5,384.0,244.0,327.75,237.5,224.5196,56.6243,0.2522,1,1,85,1
85,3,0,0,1,1,1,0.9888,0.9893,0.916,0.8955,480.75,233.5,256.5,226.75,389.25,244.0,332.25,242.0,224.3516,57.0351,0.2542,1,1,86,1
85,3,0,1,1,1,1,0.9883,0.9863,0.8828,0.8677,1116.0,348.5,891.5,347.5,1045.0,401.0,979.5,368.0,224.5022,73.3434,0.3267,1,1,86,1
85,3,0,2,1,1,1,0.9844,0.9878,0.877,0.8789,784.0,334.0,575.5,339.0,695.5,406.5,630.5,423.0,208.5599,67.0615,0.3215,1,1,86,1
86,3,0,1,1,1,1,0.9854,0.9873,0.8755,0.876,1111.0,346.5,891.5,345.5,1048.0,399.0,983.0,373.0,219.5023,70.0071,0.3189,1,1,87,1
86,3,0,2,1,1,1,0.9868,0.9844,0.895,0.8721,778.5,330.5,575.0,334.0,686.5,403.5,640.0,419.5,203.5301,49.1757,0.2416,1,1,87,1
86,3,0,0,1,1,1,0.9883,0.9893,0.9146,0.8955,480.5,231.5,254.875,225.5,389.0,244.5,334.5,239.5,225.7048,54.7289,0.2425,1,1,87,1
87,3,0,1,1,1,1,0.9863,0.9883,0.8677,0.8691,1111.0,345.5,889.5,345.0,1045.0,404.0,984.0,379.5,221.5006,65.7362,0.2968,1,1,88,1
87,3,0,2,1,1,1,0.9863,0.9858,0.8833,0.873,781.0,329.0,576.0,331.5,697.0,411.0,635.0,423.0,205.0152,63.1506,0.308,1,1,88,1
87,3,0,0,1,1,1,0.9888,0.9893,0.915,0.8916,475.25,231.0,254.75,226.5,387.75,245.0,331.0,241.5,220.5459,56.8578,0.2578,1,1,88,1
88,3,0,0,1,1,1,0.9878,0.9863,0.9014,0.8979,485.5,236.0,259.0,226.25,383.75,242.0,329.5,233.0,226.7098,54.9915,0.2426,1,1,89,1
88,3,0,1,1,1,1,0.9858,0.9878,0.8735,0.8726,1111.0,347.0,891.0,345.0,1047.0,398.5,980.5,378.0,220.0091,69.5881,0.3163,1,1,89,1
88,3,0,2,1,1,1,0.9863,0.9858,0.8853,0.874,781.0,330.0,574.5,333.0,696.5,410.5,634.5,423.0,206.5218,63.2475,0.3063,1,1,89,1
89,3,0,1,1,1,1,0.9883,0.9883,0.8721,0.876,1116.0,349.5,890.5,345.5,1048.0,407.5,977.0,372.5,225.5355,79.1581,0.351,1,1,90,1
89,3,0,0,1,1,1,0.9888,0.9897,0.9141,0.895,478.75,230.25,255.125,226.75,385.0,240.0,334.0,238.5,223.6524,51.0221,0.2281,1,1,90,1
89,3,0,2,1,1,1,0.9863,0.9854,0.8901,0.8779,780.0,330.0,575.5,333.5,696.0,408.0,640.5,417.5,204.5299,56.3072,0.2753,1,1,90,1
90,3,0,1,1,1,1,0.9863,0.9883,0.8711,0.8745,1113.0,346.5,890.0,345.0,1049.0,406.0,974.5,375.5,223.005,80.5016,0.361,1,1,91,1
90,3,0,0,1,1,1,0.9888,0.9897,0.9111,0.8931,479.5,231.25,254.625,227.5,388.0,245.0,332.0,244.0,224.9063,56.0089,0.249,1,1,91,1
90,3,0,2,1,1,1,0.9834,0.9878,0.8721,0.8828,785.0,335.0,574.5,340.0,692.0,401.5,636.0,423.0,210.5594,59.9854,0.2849,1,1,91,1
91,3,0,1,1,1,1,0.9858,0.9878,0.8784,0.8804,1110.0,346.5,890.0,345.5,1040.0,393.5,976.5,375.0,220.0023,66.14,0.3006,1,1,92,1
91,3,0,2,1,1,1,0.9839,0.9878,0.8818,0.8901,782.0,336.0,577.5,340.5,695.0,406.5,641.0,415.0,204.5495,54.6649,0.2672,1,1,92,1
91,3,0,0,1,1,1,0.9888,0.9897,0.9136,0.8911,478.5,232.0,256.5,227.75,386.25,242.0,335.25,240.5,222.0407,51.0221,0.2298,1,1,92,1
92,3,0,0,1,1,1,0.9883,0.9897,0.9126,0.8955,478.75,229.5,257.25,227.0,387.0,244.5,335.5,240.0,221.5141,51.6962,0.2334,1,1,93,1
92,3,0,1,1,1,1,0.9854,0.9883,0.8691,0.8828,1110.0,346.0,890.0,343.0,1044.0,398.0,980.5,381.0,220.0205,65.7362,0.2988,1,1,93,1
92,3,0,2,1,1,1,0.9897,0.9814,0.9033,0.8516,783.0,334.0,578.5,337.5,688.0,405.5,644.0,411.0,204.5299,44.3424,0.2168,1,1,93,1
93,3,0,0,1,1,1,0.9888,0.9897,0.9062,0.8892,477.0,231.25,254.75,226.0,390.25,243.5,333.75,242.0,222.312,56.5199,0.2542,1,1,94,1
93,3,0,2,1,1,1,0.9868,0.9849,0.8896,0.8662,781.0,329.0,573.5,334.0,692.0,407.0,640.0,417.0,207.5602,52.9528,0.2551,1,1,94,1
93,3,0,1,1,1,1,0.9839,0.9888,0.8555,0.8706,1108.0,349.0,894.5,349.0,1046.0,397.5,978.0,377.0,213.5,71.0229,0.3327,1,1,94,1
94,3,0,1,1,1,1,0.9844,0.9888,0.8584,0.8823,1111.0,346.5,889.5,345.5,1042.0,392.0,976.5,375.0,221.5023,67.6702,0.3055,1,1,95,1
94,3,0,0,1,1,1,0.9878,0.9858,0.9028,0.8926,486.5,238.0,261.0,226.0,382.5,244.0,328.25,239.0,225.8191,54.4799,0.2413,1,1,95,1
94,3,0,2,1,1,1,0.9858,0.9844,0.895,0.8745,779.5,329.5,575.0,334.0,695.0,407.5,640.0,419.0,204.5495,56.1894,0.2747,1,1,95,1
95,3,0,0,1,1,1,0.9888,0.9902,0.9092,0.895,479.0,230.5,256.75,225.75,389.5,247.5,332.75,243.5,222.3008,56.8908,0.2559,1,1,96,1
95,3,0,1,1,1,1,0.9849,0.9883,0.8711,0.8843,1109.0,346.5,891.0,344.0,1038.0,388.0,978.0,375.0,218.0143,61.3922,0.2816,1,1,96,1
95,3,0,2,1,1,1,0.9834,0.9883,0.8765,0.8872,783.5,335.5,577.5,341.5,696.5,404.5,639.0,411.0,206.0874,57.8662,0.2808,1,1,96,1
96,3,0,0,1,1,1,0.9888,0.9897,0.9116,0.8936,480.0,232.0,257.75,226.0,386.5,240.5,334.0,242.5,222.331,52.5381,0.2363,1,1,97,1
96,3,0,1,1,1,1,0.9854,0.9873,0.8774,0.8789,1115.0,344.0,887.0,341.5,1042.0,394.0,978.0,368.0,228.0137,69.0797,0.303,1,1,97,1
96,3,0,2,1,1,1,0.9907,0.9814,0.9038,0.8403,784.0,332.0,574.0,334.5,686.5,405.0,643.0,413.0,210.0149,44.2295,0.2106,1,1,97,1
97,3,0,1,1,1,1,0.9878,0.9873,0.8755,0.8735,1116.0,349.0,887.0,343.5,1038.0,392.5,977.0,371.5,229.066,64.5136,0.2816,1,1,98,1
97,3,0,0,1,1,1,0.9888,0.9897,0.9126,0.8901,478.75,230.75,256.25,226.0,388.0,244.0,334.25,240.0,222.5507,53.8986,0.2422,1,1,98,1
97,3,0,2,1,1,1,0.9849,0.9873,0.8838,0.8809,781.5,335.0,575.0,340.0,694.0,402.5,641.5,413.0,206.5605,53.5397,0.2592,1,1,98,1
98,3,0,1,1,1,1,0.9849,0.9893,0.8633,0.8794,1108.0,347.5,894.5,346.5,1040.0,386.5,976.0,371.5,213.5023,65.7343,0.3079,1,1,99,1
98,3,0,0,1,1,1,0.9893,0.9893,0.9136,0.8872,480.5,230.5,257.25,226.0,383.0,241.0,336.25,240.0,223.2953,46.7607,0.2094,1,1,99,1
98,3,0,2,1,1,1,0.9893,0.9824,0.8984,0.8535,784.0,333.5,574.5,338.0,687.5,405.5,644.5,410.5,209.5483,43.2897,0.2066,1,1,99,1
99,3,0,1,1,1,1,0.9858,0.9883,0.8687,0.8774,1110.0,343.5,888.5,344.0,1040.0,393.0,978.5,371.0,221.5006,65.3165,0.2949,1,1,100,1
99,3,0,0,1,1,1,0.9893,0.9893,0.9155,0.8887,479.5,229.75,256.5,226.0,386.75,241.0,334.5,240.0,223.0315,52.2596,0.2343,1,1,100,1
99,3,0,2,1,1,1,0.9858,0.9854,0.8901,0.8794,779.0,328.5,573.0,334.5,695.0,408.5,639.0,415.0,206.0874,56.376,0.2736,1,1,100,1
100,3,0,1,1,1,1,0.9863,0.9883,0.8638,0.8657,1110.0,347.0,887.5,343.0,1043.0,398.0,979.5,375.0,222.536,67.537,0.3035,1,1,101,1
100,3,0,0,1,1,1,0.9883,0.9863,0.9014,0.8901,488.5,237.5,263.0,228.0,378.5,240.0,330.5,234.5,225.7,48.3141,0.2141,1,1,101,1
100,3,0,2,1,1,1,0.9849,0.9863,0.8779,0.8813,782.5,329.0,571.5,333.5,694.0,407.0,638.5,418.5,211.048,56.6789,0.2686,1,1,101,1
101,3,0,1,1,1,1,0.9863,0.9878,0.8716,0.8687,1110.0,345.5,886.5,344.5,1043.0,399.5,978.0,371.5,223.5022,70.7743,0.3167,1,1,102,1
101,3,0,0,1,1,1,0.9888,0.9897,0.9121,0.8906,479.5,229.5,258.75,227.0,387.5,243.5,331.75,241.5,220.7642,55.7859,0.2527,1,1,102,1
101,3,0,2,1,1,1,0.9839,0.9883,0.8784,0.8892,784.0,332.0,574.5,339.0,695.0,402.5,638.0,417.0,209.6169,58.8154,0.2806,1,1,102,1
102,3,0,1,1,1,1,0.9888,0.9868,0.8765,0.8647,1114.0,350.5,887.0,345.5,1044.0,402.5,974.5,371.5,227.0551,76.1003,0.3352,1,1,103,1
102,3,0,0,1,1,1,0.9893,0.9893,0.9189,0.8901,479.5,230.75,257.5,226.0,386.0,242.0,335.0,240.5,222.0508,51.0221,0.2298,1,1,103,1
102,3,0,2,1,1,1,0.9844,0.9863,0.8809,0.8838,781.5,330.0,571.5,335.5,694.0,404.5,640.5,415.5,210.072,54.6191,0.26,1,1,103,1
103,3,0,0,1,1,1,0.9893,0.9902,0.9102,0.8901,480.0,231.0,256.25,225.5,385.75,241.5,335.0,237.5,223.8176,50.9074,0.2275,1,1,104,1
103,3,0,1,1,1,1,0.9854,0.9893,0.8613,0.875,1107.0,348.5,892.0,347.5,1048.0,403.0,979.5,368.0,215.0023,76.9237,0.3578,1,1,104,1
103,3,0,2,1,1,1,0.9844,0.9883,0.8765,0.8853,783.0,335.0,574.0,340.0,697.5,405.5,636.5,417.0,209.0598,62.0746,0.2969,1,1,104,1
104,3,0,1,1,1,1,0.9858,0.9888,0.8735,0.8716,1106.0,347.5,894.0,349.5,1046.0,391.5,974.5,377.0,212.0094,72.9555,0.3441,1,1,105,1
104,3,0,0,1,1,1,0.9888,0.9858,0.9038,0.8853,486.75,239.0,260.75,227.0,383.75,241.0,329.5,234.0,226.3184,54.6997,0.2417,1,1,105,1
104,3,0,2,1,1,1,0.9844,0.9863,0.876,0.8853,781.5,330.5,573.0,334.0,695.5,407.5,642.0,414.0,208.5294,53.8934,0.2584,1,1,105,1
105,3,0,0,1,1,1,0.9893,0.9893,0.9136,0.8877,478.5,233.0,256.0,226.25,386.0,241.0,333.5,242.5,222.6024,52.5214,0.2359,1,1,106,1
105,3,0,1,1,1,1,0.9858,0.9883,0.8667,0.875,1109.0,345.0,886.0,342.0,1044.0,397.0,979.5,375.0,223.0202,68.1487,0.3056,1,1,106,1
105,3,0,2,1,1,1,0.981,0.9893,0.8628,0.9014,783.0,334.5,573.0,340.0,693.0,402.0,634.5,419.0,210.072,60.92,0.29,1,1,106,1
106,3,0,2,1,1,1,0.9844,0.9868,0.8755,0.8853,783.0,328.5,570.5,333.5,692.5,409.0,637.5,413.0,212.5588,55.1453,0.2594,1,1,107,1
106,3,0,0,1,1,1,0.9883,0.9902,0.9092,0.897,478.25,232.5,256.75,226.0,387.0,243.5,332.0,246.0,221.5954,55.0568,0.2485,1,1,107,1
106,3,0,1,1,1,1,0.9854,0.9888,0.8628,0.8677,1106.0,347.5,891.5,348.0,1045.0,394.0,974.0,380.5,214.5006,72.2721,0.3369,1,1,107,1
107,3,0,0,1,1,1,0.9888,0.9893,0.9111,0.8901,479.25,232.0,256.75,225.5,388.75,246.0,334.25,241.0,222.5949,54.7289,0.2459,1,1,108,1
107,3,0,1,1,1,1,0.9858,0.9883,0.8701,0.8755,1109.0,345.0,888.5,346.5,1041.0,398.0,981.5,359.0,220.5051,71.1425,0.3226,1,1,108,1
107,3,0,2,1,1,1,0.9819,0.9893,0.8599,0.8965,782.0,334.5,576.0,338.5,695.0,401.5,641.0,416.5,206.0388,56.0446,0.272,1,1,108,1
108,3,0,0,1,1,1,0.9883,0.9897,0.9116,0.8955,481.5,233.0,256.25,226.0,388.5,244.5,333.5,242.0,225.3587,55.0568,0.2443,1,1,109,1
108,3,0,1,1,1,1,0.9888,0.9873,0.8813,0.8677,1113.0,349.0,890.0,347.5,1043.0,401.5,979.5,363.0,223.005,74.2597,0.333,1,1,109,1
108,3,0,2,1,1,1,0.9834,0.9873,0.8662,0.8906,785.0,328.5,572.5,334.0,689.0,403.0,643.0,415.5,212.5712,47.6681,0.2242,1,1,109,1
109,3,0,0,1,1,1,0.9893,0.9893,0.9146,0.8872,482.25,228.75,257.75,223.0,388.0,243.0,334.25,241.0,224.5736,53.7872,0.2395,1,1,110,1
109,3,0,1,1,1,1,0.9854,0.9888,0.8662,0.8745,1105.0,346.5,895.0,347.5,1041.0,391.0,981.0,363.0,210.0024,66.2118,0.3153,1,1,110,1
109,3,0,2,1,1,1,0.9888,0.9824,0.8936,0.8555,786.0,332.0,575.5,336.0,690.5,408.0,647.5,409.5,210.538,43.0262,0.2044,1,1,110,1
110,3,0,0,1,1,1,0.9873,0.9868,0.9038,0.8853,482.75,233.0,259.5,225.5,385.25,247.5,332.5,238.0,223.3759,53.5986,0.2399,1,1,111,1
110,3,0,1,1,1,1,0.9854,0.9883,0.8701,0.8818,1108.0,344.5,889.0,345.5,1039.0,394.5,979.0,362.0,219.0023,68.2367,0.3116,1,1,111,1
110,3,0,2,1,1,1,0.9829,0.9873,0.8706,0.895,781.0,328.5,576.0,335.0,691.5,405.5,643.0,417.0,205.103,49.8448,0.243,1,1,111,1
111,3,0,0,1,1,1,0.9888,0.9897,0.9106,0.896,478.75,233.5,257.25,227.5,390.0,247.5,332.25,244.5,221.5812,57.8279,0.261,1,1,112,1
111,3,0,1,1,1,1,0.9858,0.9888,0.8638,0.8779,1110.0,344.0,887.0,345.5,1043.0,397.5,980.0,360.5,223.005,73.0616,0.3276,1,1,112,1
111,3,0,2,1,1,1,0.9878,0.9839,0.8823,0.8628,787.0,334.0,577.0,339.5,692.5,410.0,642.0,409.5,210.072,50.5025,0.2404,1,1,112,1
112,3,0,1,1,1,1,0.9854,0.9888,0.8599,0.8804,1109.0,346.5,888.0,347.0,1046.0,408.0,983.0,362.0,221.0006,78.0064,0.353,1,1,113,1
112,3,0,0,1,1,1,0.9863,0.9868,0.9077,0.894,484.0,234.5,258.5,225.5,386.5,249.5,331.75,245.0,225.6795,54.9346,0.2434,1,1,113,1
112,3,0,2,1,1,1,0.9829,0.9873,0.8647,0.8931,784.0,331.0,574.0,336.0,689.5,401.5,646.5,414.5,210.0595,44.9222,0.2139,1,1,113,1
113,3,0,0,1,1,1,0.9888,0.9863,0.9004,0.8887,486.5,236.0,260.25,226.0,384.5,246.5,331.75,239.0,226.4709,53.2805,0.2353,1,1,114,1
113,3,0,1,1,1,1,0.9854,0.9888,0.8677,0.8853,1108.0,345.5,889.0,344.5,1047.0,402.0,982.5,367.0,219.0023,73.3843,0.3351,1,1,114,1
113,3,0,2,1,1,1,0.9873,0.9844,0.8672,0.8516,786.0,337.0,574.5,339.0,679.0,405.0,644.5,416.0,211.5095,36.2112,0.1712,1,1,114,1
114,3,0,0,1,1,1,0.9893,0.9897,0.9136,0.8867,479.5,233.5,255.5,226.25,389.25,247.0,334.75,245.0,224.1173,54.5367,0.2433,1,1,115,1
114,3,0,1,1,1,1,0.9858,0.9893,0.8584,0.875,1110.0,345.5,889.0,345.0,1047.0,403.0,983.0,361.0,221.0006,76.5506,0.3464,1,1,115,1
114,3,0,2,1,1,1,0.9849,0.9863,0.877,0.8823,782.5,328.5,573.0,334.0,690.5,403.5,646.0,413.5,209.5722,45.6098,0.2176,1,1,115,1
115,3,0,0,1,1,1,0.9897,0.9893,0.917,0.8882,478.5,233.0,257.25,226.5,392.0,247.0,333.0,244.5,221.3455,59.0529,0.2668,1,1,116,1
115,3,0,1,1,1,1,0.9844,0.9893,0.8628,0.877,1108.0,347.5,892.5,350.5,1042.0,387.0,980.0,366.0,215.5209,65.4599,0.3037,1,1,116,1
115,3,0,2,1,1,1,0.9844,0.9863,0.877,0.8862,782.0,330.5,574.0,334.0,696.0,410.0,639.5,414.0,208.0294,56.6414,0.2723,1,1,116,1
116,3,0,1,1,1,1,0.9863,0.9883,0.8652,0.8711,1108.0,346.0,888.5,344.5,1048.0,406.5,976.5,374.5,219.5051,78.3342,0.3569,1,1,117,1
116,3,0,0,1,1,1,0.9893,0.9893,0.9175,0.8916,479.0,231.25,257.5,224.25,388.25,243.5,336.5,241.0,221.6106,51.8104,0.2338,1,1,117,1
116,3,0,2,1,1,1,0.9829,0.9873,0.8687,0.8926,783.0,330.5,574.0,334.5,692.0,402.5,643.0,417.0,209.0383,51.1004,0.2445,1,1,117,1
117,3,0,0,1,1,1,0.9888,0.9902,0.9087,0.8916,479.75,230.0,254.5,224.75,384.75,245.0,332.25,244.5,225.3112,52.5024,0.233,1,1,118,1
117,3,0,1,1,1,1,0.9888,0.9873,0.8755,0.8662,1113.0,348.5,887.0,345.5,1038.0,394.5,977.5,360.0,226.0199,69.6455,0.3081,1,1,118,1
117,3,0,2,1,1,1,0.9839,0.9858,0.8818,0.8872,784.0,330.0,574.5,336.0,691.0,405.0,646.5,413.0,209.5859,45.2134,0.2157,1,1,118,1
118,3,0,0,1,1,1,0.9888,0.9902,0.9077,0.8901,480.25,232.5,254.125,225.75,389.25,246.0,336.75,242.0,226.2257,52.6522,0.2327,1,1,119,1
118,3,0,1,1,1,1,0.9849,0.9897,0.8608,0.8794,1108.0,347.0,895.0,348.0,1046.0,399.5,978.5,369.5,213.0023,73.8664,0.3468,1,1,119,1
118,3,0,2,1,1,1,0.9868,0.9844,0.8818,0.8765,785.5,334.5,576.0,338.0,685.0,401.5,649.0,408.5,209.5292,36.6742,0.175,1,1,119,1
119,3,0,0,1,1,1,0.9873,0.9863,0.8975,0.8945,486.0,237.0,261.75,227.25,383.0,243.0,330.25,236.0,224.4619,53.2124,0.2371,1,1,120,1
119,3,0,1,1,1,1,0.9854,0.9897,0.8623,0.8784,1109.0,350.5,894.0,349.0,1049.0,399.0,979.0,370.5,215.0052,75.5794,0.3515,1,1,120,1
119,3,0,2,1,1,1,0.9873,0.9854,0.8774,0.876,787.0,335.0,574.0,339.0,689.0,404.5,647.0,410.5,213.0376,42.4264,0.1991,1,1,120,1
120,3,0,0,1,1,1,0.9893,0.9897,0.9155,0.8931,480.75,232.0,257.25,226.0,388.75,249.0,336.0,241.5,223.5805,53.2805,0.2383,1,1,121,1
120,3,0,1,1,1,1,0.9858,0.9888,0.8682,0.8809,1110.0,346.5,889.0,343.0,1044.0,399.5,980.5,366.5,221.0277,71.5629,0.3238,1,1,121,1
120,3,0,2,1,1,1,0.9814,0.9878,0.8638,0.8994,783.5,331.0,576.5,335.5,694.5,403.0,645.0,407.5,207.0489,49.7041,0.2401,1,1,121,1
121,3,0,0,1,1,1,0.9888,0.9902,0.9131,0.8984,477.5,232.5,258.5,228.0,388.5,244.5,332.5,246.0,219.0462,56.0201,0.2557,1,1,122,1
121,3,0,1,1,1,1,0.9858,0.9883,0.8667,0.8755,1111.0,344.0,889.0,342.5,1045.0,400.5,978.0,369.5,222.0051,73.8241,0.3325,1,1,122,1
121,3,0,2,1,1,1,0.9819,0.9897,0.8604,0.8979,783.0,334.5,573.5,341.0,695.5,403.0,640.5,408.5,209.6008,55.2743,0.2637,1,1,122,1
122,3,0,0,1,1,1,0.9888,0.9897,0.9136,0.895,479.5,233.0,258.5,226.5,389.0,245.0,333.0,246.0,221.0956,56.0089,0.2533,1,1,123,1
122,3,0,1,1,1,1,0.9858,0.9883,0.8691,0.8745,1108.0,346.5,889.0,345.0,1047.0,403.0,981.0,369.5,219.0051,74.0152,0.338,1,1,123,1
122,3,0,2,1,1,1,0.9863,0.9863,0.8623,0.8677,785.0,336.0,574.5,339.0,681.0,405.5,650.0,414.0,210.5214,32.1442,0.1527,1,1,123,1
123,3,0,0,1,1,1,0.9888,0.9902,0.9097,0.8945,478.0,233.0,255.75,228.5,390.0,250.0,333.5,247.0,222.2956,56.5796,0.2545,1,1,124,1
123,3,0,1,1,1,1,0.9854,0.9888,0.8662,0.8706,1108.0,347.0,893.0,349.0,1048.0,396.5,975.0,366.5,215.0093,78.924,0.3671,1,1,124,1
123,3,0,2,1,1,1,0.9805,0.9897,0.8574,0.9038,784.0,331.0,574.5,340.0,691.0,401.5,642.5,415.5,209.6932,50.4802,0.2407,1,1,124,1
124,3,0,0,1,1,1,0.9897,0.9893,0.917,0.8857,477.75,232.0,257.75,226.25,391.0,247.0,331.75,248.5,220.0751,59.269,0.2693,1,1,125,1
124,3,0,1,1,1,1,0.9858,0.9888,0.8628,0.8726,1112.0,345.5,889.5,346.5,1047.0,404.0,979.0,362.0,222.5022,79.925,0.3592,1,1,125,1
124,3,0,2,1,1,1,0.9878,0.9849,0.875,0.8535,786.5,337.0,576.0,339.5,682.0,403.5,647.0,411.0,210.5148,35.7946,0.17,1,1,125,1
125,3,0,1,1,1,1,0.9849,0.9888,0.8647,0.8867,1108.0,344.0,890.5,343.5,1046.0,407.5,980.0,359.5,217.5006,81.6088,0.3752,1,1,126,1
125,3,0,0,1,1,1,0.9888,0.9893,0.9175,0.8955,478.0,231.75,259.5,226.5,390.0,245.0,330.5,245.0,218.5631,59.5,0.2722,1,1,126,1
125,3,0,2,1,1,1,0.9834,0.9878,0.8657,0.8901,784.0,331.0,572.5,334.0,693.5,407.0,643.0,414.0,211.5213,50.9828,0.241,1,1,126,1
126,3,0,1,1,1,1,0.9878,0.9883,0.8662,0.8726,1116.0,351.0,888.5,347.0,1044.0,406.5,976.5,365.0,227.5352,79.237,0.3482,1,1,127,1
126,3,0,0,1,1,1,0.9893,0.9897,0.9116,0.8896,482.0,231.75,258.0,226.25,389.0,246.0,334.75,243.5,224.0675,54.3076,0.2424,1,1,127,1
126,3,0,2,1,1,1,0.9868,0.9844,0.8818,0.877,786.5,334.0,576.0,337.0,691.5,410.0,647.5,409.0,210.5214,44.0114,0.2091,1,1,127,1
127,3,0,0,1,1,1,0.9883,0.9902,0.9106,0.8975,480.5,231.75,257.75,227.25,389.0,247.0,332.25,244.0,222.7954,56.8292,0.2551,1,1,128,1
127,3,0,1,1,1,1,0.9844,0.9902,0.8555,0.8843,1108.0,349.0,894.5,349.0,1050.0,401.5,979.0,361.5,213.5,81.4923,0.3817,1,1,128,1
127,3,0,2,1,1,1,0.9824,0.9888,0.873,0.8945,783.0,334.5,576.0,341.0,698.0,402.0,638.5,414.0,207.102,60.698,0.2931,1,1,128,1
128,3,0,0,1,1,1,0.9883,0.9897,0.9116,0.8989,477.75,231.25,257.75,226.0,389.0,248.0,332.5,246.0,220.0626,56.5354,0.2569,1,1,129,1
128,3,0,1,1,1,1,0.9878,0.9878,0.8687,0.8682,1113.0,350.0,887.0,348.0,1042.0,401.5,981.5,358.0,226.0088,74.5151,0.3297,1,1,129,1
128,3,0,2,1,1,1,0.9844,0.9863,0.8789,0.8867,783.5,330.0,575.0,334.0,692.0,402.0,646.5,414.5,208.5384,47.1858,0.2263,1,1,129,1
129,3,0,0,1,1,1,0.9888,0.9902,0.9097,0.8921,479.25,233.0,256.25,227.0,389.75,248.5,333.0,244.5,223.0807,56.8908,0.255,1,1,130,1
129,3,0,1,1,1,1,0.9844,0.9893,0.8652,0.8857,1106.0,346.0,895.0,350.0,1044.0,394.0,982.5,352.0,211.0379,74.4731,0.3529,1,1,130,1
129,3,0,2,1,1,1,0.9893,0.9824,0.897,0.8545,787.0,332.5,575.5,336.5,685.5,404.0,649.0,405.0,211.5378,36.5137,0.1726,1,1,130,1
130,3,0,0,1,1,1,0.9878,0.9902,0.9077,0.896,481.5,229.0,257.5,225.75,388.5,247.0,333.25,248.5,224.0236,55.2704,0.2467,1,1,131,1
130,3,0,1,1,1,1,0.9854,0.9888,0.8647,0.8809,1110.0,345.0,889.5,345.5,1047.0,400.5,982.5,359.5,220.5006,76.4281,0.3466,1,1,131,1
130,3,0,2,1,1,1,0.9888,0.9834,0.8813,0.8428,785.0,335.0,576.0,337.0,681.5,407.5,651.5,411.5,209.0096,30.2655,0.1448,1,1,131,1
131,3,0,0,1,1,1,0.9883,0.9897,0.9102,0.8975,481.0,230.75,258.5,226.0,389.5,246.0,334.75,244.5,222.5507,54.7705,0.2461,1,1,132,1
131,3,0,1,1,1,1,0.9863,0.9893,0.8643,0.8755,1111.0,341.5,890.5,343.5,1042.0,402.0,982.5,359.0,220.5091,73.4115,0.3329,1,1,132,1
131,3,0,2,1,1,1,0.9839,0.9878,0.8784,0.8857,785.5,333.0,575.0,339.5,695.0,402.5,646.5,410.0,210.6003,49.0765,0.233,1,1,132,1
132,3,0,0,1,1,1,0.9888,0.9902,0.9102,0.897,480.0,231.75,257.0,227.5,392.5,249.5,336.0,242.0,223.0405,56.9956,0.2555,1,1,133,1
132,3,0,1,1,1,1,0.9863,0.9893,0.8589,0.8711,1113.0,343.5,888.0,343.0,1046.0,406.0,985.0,361.5,225.0006,75.5066,0.3356,1,1,133,1
132,3,0,2,1,1,1,0.9849,0.9858,0.8862,0.8862,782.0,329.0,575.0,333.5,694.5,403.0,646.0,409.5,207.0489,48.9336,0.2363,1,1,133,1
133,3,0,0,1,1,1,0.9888,0.9902,0.9087,0.8936,480.25,231.5,257.75,227.0,389.0,247.0,337.75,243.5,222.5455,51.3694,0.2308,1,1,134,1
133,3,0,1,1,1,1,0.9858,0.9883,0.8643,0.874,1110.0,345.5,888.0,346.0,1039.0,395.0,983.5,365.0,222.0006,63.0892,0.2842,1,1,134,1
133,3,0,2,1,1,1,0.9829,0.9888,0.8696,0.8931,782.0,334.0,575.0,341.0,694.0,405.0,638.5,413.5,207.1183,56.1471,0.2711,1,1,134,1
134,3,0,0,1,1,1,0.9888,0.9902,0.9102,0.8921,478.25,230.25,257.75,226.75,389.75,247.0,335.0,243.0,220.5278,54.8959,0.2489,1,1,135,1
134,3,0,1,1,1,1,0.9854,0.9888,0.8623,0.8774,1111.0,344.5,890.0,344.5,1044.0,396.0,984.0,363.0,221.0,68.4763,0.3098,1,1,135,1
134,3,0,2,1,1,1,0.9819,0.9883,0.8726,0.8979,783.5,333.5,577.0,340.0,688.5,396.0,642.0,410.0,206.6023,48.5618,0.235,1,1,135,1
135,3,0,0,1,1,1,0.9888,0.9902,0.9077,0.8911,479.0,231.5,254.5,227.75,389.5,249.0,335.0,244.5,224.5313,54.6855,0.2436,1,1,136,1
135,3,0,1,1,1,1,0.9854,0.9893,0.8682,0.8882,1110.0,346.0,889.5,343.5,1044.0,394.5,978.5,375.0,220.5142,68.3411,0.3099,1,1,136,1
135,3,0,2,1,1,1,0.9893,0.9824,0.9019,0.8604,785.0,334.0,580.0,335.5,691.5,406.5,644.5,412.0,205.0055,47.3207,0.2308,1,1,136,1
136,3,0,0,1,1,1,0.9888,0.9897,0.9067,0.8853,481.0,233.5,256.0,227.25,391.0,250.0,333.25,244.0,225.0868,58.0609,0.2579,1,1,137,1
136,3,0,1,1,1,1,0.9858,0.9888,0.8628,0.8779,1112.0,346.5,887.5,344.0,1044.0,400.0,983.0,369.5,224.5139,68.2001,0.3038,1,1,137,1
136,3,0,2,1,1,1,0.9829,0.9888,0.8687,0.8911,784.5,332.0,576.5,338.0,692.5,399.0,645.5,414.0,208.0865,49.3356,0.2371,1,1,137,1
137,3,0,0,1,1,1,0.9883,0.9897,0.9111,0.8975,481.0,233.0,255.375,227.25,390.0,247.0,334.0,246.5,225.6983,56.0022,0.2481,1,1,138,1
137,3,0,1,1,1,1,0.9863,0.9888,0.8672,0.873,1112.0,346.0,889.0,346.5,1047.0,401.5,981.0,367.0,223.0006,74.4731,0.334,1,1,138,1
137,3,0,2,1,1,1,0.9839,0.9863,0.8794,0.8901,781.0,329.5,577.0,334.0,694.5,404.5,643.5,412.5,204.0496,51.6236,0.253,1,1,138,1
138,3,0,1,1,1,1,0.9854,0.9897,0.8599,0.8774,1108.0,346.0,897.0,346.5,1051.0,398.0,976.0,368.5,211.0006,80.5931,0.382,1,1,139,1
138,3,0,0,1,1,1,0.9883,0.9902,0.9092,0.8989,478.25,229.5,255.0,227.25,389.0,246.0,334.0,243.5,223.2613,55.0568,0.2466,1,1,139,1
138,3,0,2,1,1,1,0.9849,0.9858,0.8828,0.8823,782.0,328.0,575.0,333.5,688.5,402.5,644.5,418.5,207.0731,46.8188,0.2261,1,1,139,1
139,3,0,0,1,1,1,0.9883,0.9902,0.9077,0.895,478.25,232.0,254.625,228.25,390.0,247.0,338.0,240.5,223.6564,52.4047,0.2343,1,1,140,1
139,3,0,1,1,1,1,0.9858,0.9897,0.853,0.8789,1113.0,344.0,889.0,343.0,1049.0,407.0,978.5,358.5,224.0022,85.5716,0.382,1,1,140,1
139,3,0,2,1,1,1,0.9839,0.9878,0.875,0.8838,783.0,333.0,577.0,339.5,693.0,400.5,639.0,414.0,206.1025,55.6619,0.2701,1,1,140,1
140,3,0,0,1,1,1,0.9888,0.9902,0.9116,0.896,478.75,233.0,256.75,228.75,387.75,246.5,330.5,250.0,222.0407,57.3569,0.2583,1,1,141,1
140,3,0,1,1,1,1,0.9849,0.9893,0.8599,0.875,1108.0,346.0,892.5,350.0,1045.0,390.0,979.5,357.5,215.5371,73.1198,0.3392,1,1,141,1
140,3,0,2,1,1,1,0.9863,0.9858,0.8838,0.8706,783.0,328.5,573.5,333.5,685.0,402.0,643.0,418.5,209.5597,45.1248,0.2153,1,1,141,1
141,3,0,0,1,1,1,0.9883,0.9902,0.9072,0.894,479.75,229.25,256.0,227.5,385.5,247.0,330.5,245.5,223.7568,55.0205,0.2459,1,1,142,1
141,3,0,1,1,1,1,0.9863,0.9888,0.8745,0.874,1106.0,348.5,892.0,348.5,1050.0,399.0,978.0,374.5,214.0,76.0543,0.3554,1,1,142,1
141,3,0,2,1,1,1,0.9844,0.9883,0.8779,0.8877,784.0,334.0,575.5,339.0,696.0,405.5,637.0,416.0,208.5599,59.927,0.2873,1,1,142,1
142,3,0,1,1,1,1,0.9858,0.9878,0.874,0.876,1110.0,346.5,887.5,345.0,1049.0,404.0,978.0,375.5,222.5051,76.5065,0.3438,1,1,143,1
142,3,0,0,1,1,1,0.9883,0.9897,0.9121,0.894,480.5,230.5,256.0,228.0,386.0,247.0,332.0,241.5,224.5139,54.2794,0.2418,1,1,143,1
142,3,0,2,1,1,1,0.9858,0.9854,0.8862,0.876,781.0,329.5,575.5,332.5,692.5,405.0,641.5,417.5,205.5219,52.5095,0.2555,1,1,143,1
143,3,0,0,1,1,1,0.9893,0.9893,0.9136,0.8848,479.0,229.75,257.75,227.0,383.75,242.0,325.0,241.0,221.2671,58.7585,0.2656,1,1,144,1
143,3,0,1,1,1,1,0.9849,0.9883,0.8696,0.8828,1109.0,346.5,890.0,347.0,1044.0,396.5,980.5,361.5,219.0006,72.5069,0.3311,1,1,144,1
143,3,0,2,1,1,1,0.9858,0.9854,0.8882,0.877,780.0,328.0,576.5,334.0,691.0,401.0,641.0,414.5,203.5884,51.7904,0.2544,1,1,144,1
144,3,0,0,1,1,1,0.9888,0.9902,0.9092,0.8936,478.75,231.5,255.75,227.25,383.25,245.5,327.0,241.0,223.0405,56.4297,0.253,1,1,145,1
144,3,0,1,1,1,1,0.9854,0.9888,0.8677,0.8726,1106.0,345.5,893.5,349.5,1047.0,389.5,978.5,363.0,212.5376,73.4473,0.3456,1,1,145,1
144,3,0,2,1,1,1,0.9854,0.9858,0.8828,0.8784,781.5,329.0,575.5,333.0,690.5,403.5,643.5,417.5,206.0388,49.0408,0.238,1,1,145,1
145,3,0,0,1,1,1,0.9888,0.9897,0.915,0.8916,480.5,231.5,257.0,229.0,382.0,246.0,320.0,239.5,223.514,62.3398,0.2789,1,1,146,1
145,3,0,1,1,1,1,0.9849,0.9883,0.875,0.877,1105.0,347.5,893.0,351.5,1044.0,389.0,973.0,372.0,212.0377,73.0068,0.3443,1,1,146,1
145,3,0,2,1,1,1,0.9893,0.9824,0.895,0.8501,785.5,330.0,575.5,335.0,684.5,403.0,645.5,407.0,210.0595,39.2046,0.1866,1,1,146,1
146,3,0,0,1,1,1,0.9888,0.9893,0.917,0.8906,479.5,232.5,258.0,230.0,381.5,238.5,320.0,240.0,221.5141,61.5183,0.2777,1,1,147,1
146,3,0,1,1,1,1,0.9878,0.9873,0.8726,0.8701,1115.0,349.5,888.0,347.5,1040.0,398.0,974.5,370.5,227.0088,71.0387,0.3129,1,1,147,1
146,3,0,2,1,1,1,0.9829,0.9878,0.8735,0.8882,785.0,331.0,576.5,338.5,687.5,399.0,638.5,416.5,208.6348,52.0312,0.2494,1,1,147,1
147,3,0,1,1,1,1,0.9858,0.9893,0.8594,0.8726,1111.0,346.0,886.5,345.5,1045.0,399.0,976.0,369.0,224.5006,75.2396,0.3351,1,1,148,1
147,3,0,0,1,1,1,0.9897,0.9888,0.9189,0.8818,479.5,232.0,261.75,230.75,378.5,240.0,320.5,235.0,217.7536,58.2151,0.2673,1,1,148,1
147,3,0,2,1,1,1,0.9839,0.9883,0.8706,0.8823,787.0,333.5,574.0,340.0,696.0,403.0,643.5,412.0,213.0992,53.2658,0.25,1,1,148,1
148,3,0,0,1,1,1,0.9897,0.9893,0.917,0.8804,480.25,231.25,261.0,232.5,381.75,243.0,318.75,229.25,219.2536,64.483,0.2941,1,1,149,1
148,3,0,1,1,1,1,0.9878,0.9878,0.8667,0.8711,1116.0,348.5,888.0,348.0,1046.0,401.0,980.5,353.0,228.0005,81.205,0.3562,1,1,149,1
148,3,0,2,1,1,1,0.9897,0.9829,0.8945,0.8472,787.0,331.5,577.5,337.5,686.5,407.5,649.0,408.5,209.5859,37.5133,0.179,1,1,149,1
149,3,0,1,1,1,1,0.9883,0.9878,0.8716,0.8696,1115.0,349.0,888.0,349.5,1043.0,398.0,979.0,352.5,227.0006,78.5255,0.3459,1,1,150,1
149,3,0,0,1,1,1,0.9902,0.9888,0.9214,0.8813,479.75,231.0,260.5,230.5,377.75,239.0,320.25,228.0,219.2506,58.5427,0.267,1,1,150,1
149,3,0,2,1,1,1,0.9902,0.9824,0.8984,0.8403,785.5,331.5,578.5,336.0,689.0,410.0,646.0,407.0,207.0489,43.1045,0.2082,1,1,150,1
150,3,0,0,1,1,1,0.9897,0.9897,0.9126,0.8838,477.5,230.0,260.25,231.5,378.25,240.0,319.75,228.5,217.2552,59.6196,0.2744,1,1,151,1
150,3,0,1,1,1,1,0.9883,0.9878,0.874,0.8706,1116.0,349.0,887.0,349.0,1042.0,391.0,975.5,363.5,229.0,71.9618,0.3142,1,1,151,1
150,3,0,2,1,1,1,0.9897,0.9834,0.8872,0.8433,786.5,330.5,575.0,337.5,684.0,404.5,646.0,406.0,211.6158,38.0296,0.1797,1,1,151,1
151,3,0,0,1,1,1,0.9897,0.9897,0.9131,0.8818,476.25,232.0,259.75,233.5,380.75,238.0,322.0,225.5,216.5052,60.0651,0.2774,1,1,152,1
151,3,0,1,1,1,1,0.9878,0.9873,0.876,0.8716,1112.0,347.5,887.0,347.5,1040.0,392.0,973.0,373.5,225.0,69.5072,0.3089,1,1,152,1
151,3,0,2,1,1,1,0.9854,0.9878,0.873,0.8706,787.5,331.5,574.0,338.5,690.0,402.5,640.0,408.5,213.6147,50.3587,0.2357,1,1,152,1
152,3,0,1,1,1,1,0.9844,0.9888,0.8652,0.8853,1109.0,344.0,890.0,346.0,1044.0,389.0,982.5,361.5,219.0091,67.3684,0.3076,1,1,153,1
152,3,0,0,1,1,1,0.9893,0.9902,0.9106,0.8872,477.25,228.25,260.0,232.5,382.5,244.0,320.75,226.0,217.2916,64.32,0.296,1,1,153,1
152,3,0,2,1,1,1,0.9902,0.9829,0.8994,0.8477,785.5,330.0,576.0,335.0,686.5,403.5,647.0,408.5,209.5597,39.8152,0.19,1,1,153,1
153,3,0,1,1,1,1,0.9883,0.9873,0.8735,0.8682,1115.0,347.5,889.0,348.0,1041.0,390.0,977.0,361.0,226.0006,70.2638,0.3109,1,1,154,1
153,3,0,2,1,1,1,0.9902,0.9834,0.8926,0.8457,786.0,330.0,578.0,334.0,681.0,402.0,649.0,405.5,208.0385,32.1908,0.1547,1,1,154,1
153,3,0,0,1,1,1,0.9897,0.9873,0.8994,0.8833,485.0,234.0,263.25,231.25,378.0,240.0,317.75,219.0,221.7671,63.8049,0.2877,1,1,154,1
154,3,0,0,1,1,1,0.9893,0.9897,0.9116,0.8872,477.5,226.25,258.0,231.0,377.0,239.0,319.75,226.5,219.5514,58.5987,0.2669,1,1,155,1
154,3,0,1,1,1,1,0.9858,0.9883,0.8657,0.874,1111.0,344.5,887.5,346.5,1047.0,402.5,984.0,359.5,223.5089,76.2758,0.3413,1,1,155,1
154,3,0,2,1,1,1,0.9893,0.9854,0.8765,0.8423,785.0,335.0,575.0,337.5,688.5,408.5,646.5,415.0,210.0149,42.5,0.2024,1,1,155,1
155,3,0,1,1,1,1,0.9854,0.9897,0.8491,0.876,1112.0,344.5,886.5,345.0,1055.0,404.5,983.5,366.0,225.5006,81.2065,0.3601,1,1,156,1
155,3,0,0,1,1,1,0.9902,0.9888,0.9194,0.8784,477.75,229.0,260.5,231.75,378.0,237.5,319.25,225.5,217.2674,59.963,0.276,1,1,156,1
155,3,0,2,1,1,1,0.9868,0.9854,0.8877,0.8706,781.0,329.0,574.0,333.0,689.5,405.0,641.5,420.0,207.0386,50.2892,0.2429,1,1,156,1
156,3,0,1,1,1,1,0.9854,0.9883,0.8647,0.8745,1110.0,346.0,888.0,345.5,1050.0,402.0,983.5,371.0,222.0006,73.3706,0.3305,1,1,157,1
156,3,0,0,1,1,1,0.9893,0.9902,0.9102,0.8901,477.0,228.75,260.25,232.0,378.5,238.5,321.0,226.25,216.7744,58.7904,0.2712,1,1,157,1
156,3,0,2,1,1,1,0.9868,0.9858,0.8862,0.8711,781.0,326.5,573.5,331.0,693.5,409.0,644.0,419.5,207.5488,50.6014,0.2438,1,1,157,1
157,3,0,0,1,1,1,0.9888,0.9888,0.9175,0.8882,480.25,227.0,264.5,228.0,382.5,240.0,318.0,228.0,215.7523,65.6068,0.3041,1,1,158,1
157,3,0,1,1,1,1,0.9858,0.9888,0.8638,0.8774,1111.0,343.0,888.5,344.5,1047.0,396.5,982.5,371.0,222.5051,69.3578,0.3117,1,1,158,1
157,3,0,2,1,1,1,0.9849,0.9883,0.8789,0.8848,783.0,331.0,574.5,339.0,697.0,404.0,643.5,412.0,208.6534,54.0948,0.2593,1,1,158,1
158,3,0,1,1,1,1,0.9849,0.9888,0.8599,0.8794,1109.0,343.0,889.5,345.5,1043.0,393.5,989.0,360.0,219.5142,63.5472,0.2895,1,1,159,1
158,3,0,0,1,1,1,0.9888,0.9893,0.9146,0.8936,478.75,225.75,262.0,230.5,381.0,236.5,320.5,225.75,216.802,61.4476,0.2834,1,1,159,1
158,3,0,2,1,1,1,0.9829,0.9883,0.8667,0.8867,785.0,329.5,576.5,337.0,694.0,402.0,641.0,414.5,208.6348,54.4541,0.261,1,1,159,1
159,3,0,1,1,1,1,0.9878,0.9873,0.8628,0.8682,1115.0,348.0,885.5,346.5,1050.0,408.0,980.5,363.5,229.5049,82.5258,0.3596,1,1,160,1
159,3,0,0,1,1,1,0.9897,0.9893,0.9189,0.8843,478.75,228.25,261.5,231.5,381.0,242.5,319.75,226.0,217.2743,63.4335,0.292,1,1,160,1
159,3,0,2,1,1,1,0.9858,0.9863,0.8794,0.8774,784.0,328.0,573.0,333.5,686.0,401.5,644.5,417.0,211.0717,44.3001,0.2099,1,1,160,1
160,3,0,1,1,1,1,0.9849,0.9888,0.856,0.8784,1110.0,344.5,888.0,345.5,1044.0,398.0,987.0,362.0,222.0023,67.4166,0.3037,1,1,161,1
160,3,0,0,1,1,1,0.9897,0.9893,0.918,0.8848,478.25,230.0,261.0,232.5,381.0,240.0,318.5,227.75,217.2644,63.6892,0.2931,1,1,161,1
160,3,0,2,1,1,1,0.9878,0.9858,0.8882,0.8613,783.0,328.5,570.5,333.5,687.0,402.0,641.5,418.5,212.5588,48.3994,0.2277,1,1,161,1
161,3,0,1,1,1,1,0.9854,0.9888,0.8628,0.8789,1114.0,346.0,888.0,347.0,1046.0,399.0,979.5,365.5,226.0022,74.4614,0.3295,1,1,162,1
161,3,0,0,1,1,1,0.9897,0.9888,0.9214,0.8857,477.25,229.0,259.5,232.5,383.5,243.0,320.25,230.0,217.7781,64.5721,0.2965,1,1,162,1
161,3,0,2,1,1,1,0.9863,0.9858,0.8843,0.873,783.5,326.5,573.5,331.0,688.5,405.0,643.5,415.0,210.0482,46.0977,0.2195,1,1,162,1
162,3,0,1,1,1,1,0.9883,0.9863,0.8804,0.8667,1115.0,349.0,888.0,348.0,1042.0,392.5,982.0,358.0,227.0022,69.2116,0.3049,1,1,163,1
162,3,0,2,1,1,1,0.9858,0.9858,0.8862,0.8784,783.0,329.0,573.5,333.0,689.5,404.5,640.0,418.0,209.5382,51.3079,0.2449,1,1,163,1
162,3,0,0,1,1,1,0.9888,0.9897,0.917,0.8931,478.5,229.0,258.75,231.5,380.0,239.5,320.25,227.75,219.7642,60.8944,0.2771,1,1,163,1
163,3,0,0,1,1,1,0.9888,0.9888,0.9189,0.8926,477.5,232.5,257.0,230.5,385.0,243.0,321.75,233.0,220.5091,64.0356,0.2904,1,1,164,1
163,3,0,1,1,1,1,0.9849,0.9878,0.8672,0.8823,1118.0,344.0,887.0,344.0,1049.0,393.0,984.0,360.0,231.0,72.8972,0.3156,1,1,164,1
163,3,0,2,1,1,1,0.9897,0.9849,0.8833,0.8438,785.0,334.0,577.0,336.0,682.0,411.0,643.0,418.0,208.0096,39.6232,0.1905,1,1,164,1
164,3,0,0,1,1,1,0.9897,0.9893,0.9165,0.8838,476.75,231.0,258.75,232.5,384.0,246.0,320.0,232.0,218.0052,65.5134,0.3005,1,1,165,1
164,3,0,1,1,1,1,0.9888,0.9873,0.8652,0.8594,1117.0,349.0,886.0,346.0,1054.0,409.0,981.5,363.5,231.0195,85.595,0.3705,1,1,165,1
164,3,0,2,1,1,1,0.9883,0.9854,0.8965,0.8706,783.0,330.0,574.0,335.0,698.0,406.5,643.0,418.0,209.0598,56.1894,0.2688,1,1,165,1
165,3,0,0,1,1,1,0.9893,0.9897,0.9185,0.896,477.0,231.0,255.75,231.25,385.5,244.0,326.0,233.5,221.2501,60.4194,0.2731,1,1,166,1
165,3,0,1,1,1,1,0.9858,0.9883,0.8745,0.8809,1113.0,346.0,889.5,347.0,1047.0,392.5,981.5,357.5,223.5022,74.2647,0.3323,1,1,166,1
165,3,0,2,1,1,1,0.9897,0.9819,0.9043,0.8608,784.0,336.0,578.0,338.0,689.5,401.0,640.0,416.0,206.0097,51.7228,0.2511,1,1,166,1
166,3,0,1,1,1,1,0.9883,0.9878,0.8726,0.8716,1117.0,349.0,889.0,346.0,1050.0,404.0,981.0,358.5,228.0197,82.6514,0.3625,1,1,167,1
166,3,0,0,1,1,1,0.9878,0.9907,0.9048,0.9009,479.25,227.75,255.875,230.0,387.25,252.5,329.0,243.5,223.3863,58.9412,0.2639,1,1,167,1
166,3,0,2,1,1,1,0.9844,0.9878,0.873,0.877,785.5,330.0,573.0,338.0,690.5,401.5,638.5,415.0,212.6505,53.7238,0.2526,1,1,167,1
167,3,0,0,1,1,1,0.9893,0.9897,0.915,0.894,478.0,229.0,254.5,229.5,386.5,248.0,330.75,240.5,223.5006,56.2522,0.2517,1,1,168,1
167,3,0,1,1,1,1,0.9849,0.9888,0.8628,0.8848,1112.0,347.5,889.0,347.5,1048.0,400.5,988.0,357.0,223.0,74.1097,0.3323,1,1,168,1
167,3,0,2,1,1,1,0.9834,0.9888,0.8696,0.8848,784.0,332.0,574.0,341.5,695.0,406.0,635.0,419.5,210.2148,61.5,0.2926,1,1,168,1
168,3,0,0,1,1,1,0.9888,0.9902,0.9111,0.8931,478.25,227.0,253.0,229.0,387.5,254.5,331.75,242.5,225.2589,57.0269,0.2532,1,1,169,1
168,3,0,1,1,1,1,0.9883,0.9878,0.8652,0.8657,1119.0,352.0,888.5,347.5,1054.0,413.5,978.5,370.0,230.5439,87.135,0.378,1,1,169,1
168,3,0,2,1,1,1,0.9844,0.9878,0.8818,0.8853,782.5,331.5,575.0,337.5,688.5,398.0,640.5,413.5,207.5867,50.4406,0.243,1,1,169,1
169,3,0,0,1,1,1,0.9888,0.9893,0.9141,0.8931,476.75,229.25,254.875,228.75,386.25,252.5,333.75,243.0,221.8756,53.3526,0.2405,1,1,170,1
169,3,0,1,1,1,1,0.9854,0.9883,0.8633,0.877,1113.0,347.5,886.5,346.0,1053.0,407.5,983.0,368.0,226.505,80.3757,0.3549,1,1,170,1
169,3,0,2,1,1,1,0.9902,0.981,0.9038,0.8428,783.0,332.0,575.0,336.0,685.0,404.5,644.0,415.0,208.0385,42.3232,0.2034,1,1,170,1
170,3,0,0,1,1,1,0.9888,0.9888,0.916,0.8931,474.5,227.25,254.875,227.75,384.0,248.0,332.5,241.0,219.6256,51.9736,0.2366,1,1,171,1
170,3,0,1,1,1,1,0.9893,0.9883,0.8745,0.8672,1116.0,350.0,886.5,347.0,1047.0,408.0,977.0,363.0,229.5196,83.2166,0.3626,1,1,171,1
170,3,0,2,1,1,1,0.9863,0.9849,0.8931,0.8755,780.5,328.0,574.0,331.5,693.5,406.5,641.0,415.5,206.5297,53.2658,0.2579,1,1,171,1
171,3,0,0,1,1,1,0.9888,0.9897,0.9106,0.8916,477.5,228.5,256.0,229.0,386.25,245.0,329.25,241.5,221.5006,57.1074,0.2578,1,1,172,1
171,3,0,1,1,1,1,0.9888,0.9878,0.8716,0.8647,1119.0,349.5,888.5,346.5,1046.0,403.0,979.0,371.5,230.5195,74.0355,0.3212,1,1,172,1
171,3,0,2,1,1,1,0.9902,0.9844,0.8823,0.832,782.5,333.5,574.5,335.5,683.0,408.5,648.5,413.5,208.0096,34.8604,0.1676,1,1,172,1
172,3,0,0,1,1,1,0.9883,0.9893,0.9131,0.895,476.75,225.25,255.75,225.5,383.75,246.5,329.75,245.5,221.0001,54.0093,0.2444,1,1,173,1
172,3,0,1,1,1,1,0.9844,0.9888,0.8613,0.8853,1115.0,346.5,891.0,348.0,1043.0,391.0,983.5,354.5,224.005,69.8033,0.3116,1,1,173,1
172,3,0,2,1,1,1,0.9868,0.9844,0.894,0.8677,779.5,327.0,575.5,330.0,693.0,406.5,635.5,422.5,204.0221,59.6846,0.2925,1,1,173,1
173,3,0,0,1,1,1,0.9893,0.9888,0.9189,0.8906,477.75,227.0,255.875,228.0,384.25,245.0,332.25,243.5,221.8773,52.0216,0.2345,1,1,174,1
173,3,0,1,1,1,1,0.9888,0.9868,0.8745,0.8589,1119.0,350.0,887.0,349.0,1041.0,395.0,981.5,351.0,232.0022,74.0017,0.319,1,1,174,1
173,3,0,2,1,1,1,0.9902,0.9819,0.9004,0.8413,785.0,331.0,577.5,336.0,685.0,405.0,643.5,410.5,207.5602,41.8629,0.2017,1,1,174,1
174,3,0,0,1,1,1,0.9888,0.9897,0.9126,0.8931,479.5,227.75,254.75,227.75,383.75,247.0,334.25,243.5,224.75,49.6236,0.2208,1,1,175,1
174,3,0,1,1,1,1,0.9858,0.9888,0.8677,0.8784,1112.0,346.5,889.5,346.0,1040.0,393.5,980.0,363.5,222.5006,67.082,0.3015,1,1,175,1
174,3,0,2,1,1,1,0.9897,0.9829,0.8892,0.833,783.5,334.0,576.0,336.5,681.5,402.0,648.0,412.5,207.5151,35.107,0.1692,1,1,175,1
175,3,0,0,1,1,1,0.9888,0.9897,0.9146,0.8955,479.0,229.0,255.75,227.5,385.0,248.0,332.25,247.5,223.255,52.7524,0.2363,1,1,176,1
175,3,0,1,1,1,1,0.9858,0.9893,0.8584,0.8765,1114.0,344.5,888.5,345.0,1046.0,398.0,981.5,364.0,225.5006,72.9126,0.3233,1,1,176,1
175,3,0,2,1,1,1,0.9902,0.9824,0.8984,0.8438,785.0,331.5,575.5,336.0,686.0,399.5,643.0,410.0,209.5483,44.2634,0.2112,1,1,176,1
176,3,0,0,1,1,1,0.9888,0.9893,0.9126,0.8872,479.25,230.0,256.0,228.5,386.5,249.5,333.0,243.5,223.255,53.8354,0.2411,1,1,177,1
176,3,0,1,1,1,1,0.9849,0.9888,0.8677,0.8887,1112.0,346.5,891.0,346.5,1045.0,400.0,982.0,361.5,221.0,73.8326,0.3341,1,1,177,1
176,3,0,2,1,1,1,0.9839,0.9883,0.8716,0.8843,782.5,332.0,575.0,339.0,686.5,400.0,642.5,410.5,207.618,45.2355,0.2179,1,1,177,1
177,3,0,1,1,1,1,0.9849,0.9893,0.8628,0.8765,1110.0,348.0,896.5,349.0,1044.0,389.5,980.0,361.5,213.5023,69.857,0.3272,1,1,178,1
177,3,0,0,1,1,1,0.9888,0.9888,0.9155,0.8906,475.5,227.25,256.0,226.0,385.0,247.5,332.75,243.0,219.5036,52.4434,0.2389,1,1,178,1
177,3,0,2,1,1,1,0.9819,0.9888,0.8657,0.8984,781.5,331.5,576.0,339.5,694.0,400.0,640.5,411.0,205.6557,54.6191,0.2656,1,1,178,1
178,3,0,0,1,1,1,0.9883,0.9893,0.9116,0.8931,475.75,229.25,254.125,226.25,384.0,245.0,332.75,244.0,221.6453,51.2598,0.2313,1,1,179,1
178,3,0,1,1,1,1,0.9878,0.9873,0.8716,0.874,1115.0,347.5,890.5,344.0,1042.0,398.0,981.0,353.5,224.5273,75.5066,0.3363,1,1,179,1
178,3,0,2,1,1,1,0.9897,0.9834,0.8916,0.8408,781.5,334.5,576.0,337.5,686.0,407.0,644.0,414.5,205.5219,42.6644,0.2076,1,1,179,1
179,3,0,0,1,1,1,0.9883,0.9888,0.9131,0.8921,479.25,226.25,254.625,226.5,385.0,248.0,334.75,242.5,224.6251,50.5501,0.225,1,1,180,1
179,3,0,1,1,1,1,0.9854,0.9888,0.8638,0.8843,1113.0,345.5,888.5,345.0,1047.0,403.0,983.5,362.0,224.5006,75.586,0.3367,1,1,180,1
179,3,0,2,1,1,1,0.9902,0.9829,0.8892,0.8306,783.5,334.0,576.5,336.0,678.5,406.5,649.5,410.5,207.0097,29.2746,0.1414,1,1,180,1
180,3,0,1,1,1,1,0.9849,0.9897,0.8594,0.8892,1110.0,345.0,890.0,345.5,1045.0,402.5,983.0,359.0,220.0006,75.738,0.3443,1,1,181,1
180,3,0,0,1,1,1,0.9888,0.9893,0.915,0.8882,477.25,224.5,254.375,225.75,384.5,244.5,333.0,241.0,222.8785,51.6188,0.2316,1,1,181,1
180,3,0,2,1,1,1,0.9863,0.9854,0.8887,0.8711,783.5,328.0,575.0,334.0,689.5,407.0,640.5,410.5,208.5863,49.1248,0.2355,1,1,181,1
181,3,0,1,1,1,1,0.9883,0.9883,0.8657,0.8691,1116.0,347.5,886.0,347.5,1040.0,398.0,982.0,351.0,230.0,74.6525,0.3246,1,1,182,1
181,3,0,0,1,1,1,0.9893,0.9883,0.9204,0.8877,479.75,226.75,257.0,224.0,385.5,246.0,332.0,244.5,222.767,53.521,0.2403,1,1,182,1
181,3,0,2,1,1,1,0.9897,0.9834,0.8867,0.8374,781.5,333.0,576.0,337.5,679.0,403.0,647.0,414.5,205.5493,34.0037,0.1654,1,1,182,1
182,3,0,0,1,1,1,0.9883,0.9893,0.9141,0.8931,479.25,225.75,255.875,226.0,382.5,247.0,332.5,241.5,223.3751,50.3016,0.2252,1,1,183,1
182,3,0,1,1,1,1,0.9844,0.9893,0.8555,0.8853,1112.0,344.5,889.0,347.0,1045.0,402.0,984.5,355.5,223.014,76.3053,0.3422,1,1,183,1
182,3,0,2,1,1,1,0.9897,0.9819,0.8989,0.8472,783.5,332.0,576.5,337.0,687.5,405.5,644.0,410.0,207.0604,43.7321,0.2112,1,1,183,1
183,3,0,0,1,1,1,0.9883,0.9897,0.9106,0.8994,476.0,225.75,255.5,225.75,382.75,242.0,332.0,242.0,220.5,50.75,0.2302,1,1,184,1
183,3,0,1,1,1,1,0.9844,0.9897,0.8589,0.8857,1107.0,346.5,893.0,351.0,1040.0,389.0,978.0,363.0,214.0473,67.2309,0.3141,1,1,184,1
183,3,0,2,1,1,1,0.9902,0.9839,0.8911,0.8413,783.0,332.0,577.0,335.5,677.0,408.0,645.0,419.5,206.0297,34.0037,0.165,1,1,184,1
184,3,0,0,1,1,1,0.9888,0.9888,0.9141,0.8892,478.5,226.25,255.875,224.5,385.5,242.5,333.5,240.5,222.6319,52.0384,0.2337,1,1,185,1
184,3,0,1,1,1,1,0.9849,0.9888,0.8613,0.8818,1110.0,344.0,887.5,346.5,1042.0,396.5,981.5,362.0,222.514,69.6455,0.313,1,1,185,1
184,3,0,2,1,1,1,0.9907,0.9824,0.9009,0.8403,783.0,330.0,576.0,335.0,692.0,413.0,638.5,420.0,207.0604,53.956,0.2606,1,1,185,1
185,3,0,1,1,1,1,0.9858,0.9893,0.8647,0.8818,1110.0,344.0,887.5,346.5,1042.0,397.0,981.5,360.0,222.514,70.9172,0.3187,1,1,186,1
185,3,0,0,1,1,1,0.9883,0.9893,0.9136,0.894,478.0,225.5,255.75,224.5,387.0,245.0,334.0,240.0,222.2522,53.2353,0.2395,1,1,186,1
185,3,0,2,1,1,1,0.9907,0.9814,0.9058,0.8418,783.5,332.0,576.0,335.5,691.5,409.5,642.0,415.5,207.5295,49.8623,0.2403,1,1,186,1
186,3,0,0,1,1,1,0.9883,0.9893,0.9165,0.8975,476.25,228.25,257.25,225.25,386.5,247.0,333.25,241.5,219.0205,53.5333,0.2444,1,1,187,1
186,3,0,1,1,1,1,0.9858,0.9888,0.8643,0.876,1110.0,346.0,885.5,347.0,1045.0,398.0,980.5,363.5,224.5022,73.1471,0.3258,1,1,187,1
186,3,0,2,1,1,1,0.9834,0.9883,0.8784,0.8916,780.0,331.5,576.0,338.5,689.0,400.5,640.0,415.5,204.1201,51.2445,0.2511,1,1,187,1
187,3,0,0,1,1,1,0.9888,0.9888,0.9146,0.8857,480.0,226.75,256.75,224.5,388.5,247.0,332.75,243.5,223.2613,55.8598,0.2502,1,1,188,1
187,3,0,1,1,1,1,0.9858,0.9893,0.8638,0.8799,1111.0,348.0,885.5,346.0,1047.0,401.5,983.0,367.5,225.5089,72.4707,0.3214,1,1,188,1
187,3,0,2,1,1,1,0.9844,0.9868,0.8882,0.8848,780.5,331.5,578.0,338.0,685.0,398.0,638.5,414.5,202.6043,49.3407,0.2435,1,1,188,1
188,3,0,0,1,1,1,0.9888,0.9888,0.918,0.8926,479.25,227.0,256.75,223.5,387.0,245.0,333.5,243.0,222.5275,53.5374,0.2406,1,1,189,1
188,3,0,1,1,1,1,0.9893,0.9878,0.8745,0.8647,1116.0,349.5,883.5,347.0,1044.0,402.0,977.0,371.0,232.5134,73.8241,0.3175,1,1,189,1
188,3,0,2,1,1,1,0.9878,0.9844,0.896,0.8643,779.0,325.0,576.0,331.0,693.0,408.5,642.5,417.5,203.0887,51.2957,0.2526,1,1,189,1
189,3,0,0,1,1,1,0.9883,0.9888,0.9189,0.897,477.25,227.0,256.75,225.0,387.0,245.0,333.75,242.5,220.5091,53.3087,0.2418,1,1,190,1
189,3,0,1,1,1,1,0.9893,0.9873,0.8779,0.8569,1116.0,349.0,886.5,348.0,1043.0,402.5,973.0,370.5,229.5022,76.9675,0.3354,1,1,190,1
189,3,0,2,1,1,1,0.9849,0.9868,0.8838,0.8779,782.0,329.5,576.0,335.5,691.5,407.0,636.5,421.5,206.0874,56.8793,0.276,1,1,190,1
190,3,0,0,1,1,1,0.9878,0.9888,0.9194,0.8994,478.75,224.75,257.25,223.5,383.5,246.5,334.25,242.0,221.5035,49.4552,0.2233,1,1,191,1
190,3,0,1,1,1,1,0.9863,0.9893,0.8691,0.875,1106.0,347.5,890.5,349.5,1048.0,394.5,972.5,383.0,215.5093,76.3708,0.3544,1,1,191,1
190,3,0,2,1,1,1,0.9902,0.9819,0.9023,0.8447,782.0,331.0,576.0,335.0,693.0,413.0,641.0,421.5,206.0388,52.6901,0.2557,1,1,191,1
191,3,0,0,1,1,1,0.9878,0.9893,0.915,0.9004,480.0,224.5,257.25,225.0,386.75,248.0,334.25,243.5,222.7506,52.6925,0.2366,1,1,192,1
191,3,0,1,1,1,1,0.9863,0.9883,0.8716,0.8765,1110.0,346.0,887.5,345.0,1042.0,395.0,976.5,372.0,222.5022,69.4208,0.312,1,1,192,1
191,3,0,2,1,1,1,0.9863,0.9849,0.8926,0.8755,778.0,326.5,575.0,332.5,694.0,409.0,640.5,416.0,203.0887,53.956,0.2657,1,1,192,1
192,3,0,0,1,1,1,0.9878,0.9897,0.9092,0.8955,479.0,224.5,257.5,224.0,387.25,246.0,333.75,242.0,221.5006,53.6493,0.2422,1,1,193,1
192,3,0,1,1,1,1,0.9854,0.9883,0.8662,0.8789,1110.0,347.5,887.0,347.0,1043.0,397.0,973.0,376.5,223.0006,72.94,0.3271,1,1,193,1
192,3,0,2,1,1,1,0.9839,0.9883,0.8716,0.8809,782.5,331.5,575.0,339.0,691.0,405.0,641.5,417.0,207.6355,50.9338,0.2453,1,1,193,1
193,3,0,0,1,1,1,0.9883,0.9897,0.9106,0.897,479.5,226.5,256.5,224.25,388.5,249.0,330.25,247.5,223.0114,58.2693,0.2613,1,1,194,1
193,3,0,1,1,1,1,0.9863,0.9893,0.8735,0.8804,1105.0,349.5,891.0,350.0,1047.0,395.0,968.5,382.0,214.0006,79.5692,0.3718,1,1,194,1
193,3,0,2,1,1,1,0.9902,0.9814,0.9014,0.8457,782.5,333.0,575.0,336.5,686.0,406.0,644.5,411.5,207.5295,41.8629,0.2017,1,1,194,1
194,3,0,0,1,1,1,0.9878,0.9893,0.9141,0.8984,480.0,223.75,256.25,224.0,386.0,247.0,335.25,239.5,223.7501,51.3012,0.2293,1,1,195,1
194,3,0,1,1,1,1,0.9858,0.9893,0.8706,0.8779,1107.0,350.0,891.0,351.5,1046.0,397.5,969.0,379.0,216.0052,79.1912,0.3666,1,1,195,1
194,3,0,2,1,1,1,0.9878,0.9844,0.894,0.8623,780.0,327.5,573.5,330.5,693.5,412.0,640.0,417.0,206.5218,53.7331,0.2602,1,1,195,1
195,3,0,0,1,1,1,0.9873,0.9888,0.915,0.8975,481.25,225.25,258.5,223.0,386.0,247.5,333.0,241.5,222.7614,53.3385,0.2394,1,1,196,1
195,3,0,1,1,1,1,0.9858,0.9888,0.8716,0.8726,1104.0,347.5,889.5,350.5,1044.0,392.0,971.5,375.0,214.521,74.4664,0.3471,1,1,196,1
195,3,0,2,1,1,1,0.9854,0.9868,0.8872,0.8779,781.0,332.0,575.0,337.0,690.5,407.5,636.5,427.0,206.0607,57.413,0.2786,1,1,196,1
196,3,0,0,1,1,1,0.9868,0.9897,0.9072,0.9019,480.5,225.0,257.5,225.0,386.25,248.5,335.25,240.0,223.0,51.7035,0.2319,1,1,197,1
196,3,0,1,1,1,1,0.9854,0.9893,0.8672,0.8774,1108.0,349.5,892.0,351.0,1045.0,396.0,972.0,379.0,216.0052,74.9533,0.347,1,1,197,1
196,3,0,2,1,1,1,0.9839,0.9878,0.877,0.8862,781.0,331.0,575.5,336.0,691.5,405.0,636.0,427.0,205.5608,59.7013,0.2904,1,1,197,1
197,3,0,0,1,1,1,0.9863,0.9893,0.9087,0.9004,481.0,225.0,256.75,224.5,387.0,244.0,330.75,243.0,224.2506,56.2589,0.2509,1,1,198,1
197,3,0,1,1,1,1,0.9863,0.9897,0.876,0.8857,1103.0,346.0,892.0,350.0,1043.0,394.5,973.5,368.0,211.0379,74.3808,0.3525,1,1,198,1
197,3,0,2,1,1,1,0.9902,0.9819,0.9033,0.8535,781.0,333.0,577.5,334.5,693.0,408.0,644.5,413.0,203.5055,48.7571,0.2396,1,1,198,1
198,3,0,1,1,1,1,0.9858,0.9893,0.8633,0.8799,1110.0,344.5,885.0,346.0,1039.0,396.0,975.0,369.5,225.005,69.2694,0.3079,1,1,199,1
198,3,0,0,1,1,1,0.9878,0.9893,0.9136,0.8975,479.25,226.0,257.25,225.75,388.75,249.5,333.25,242.5,222.0001,55.9397,0.252,1,1,199,1
198,3,0,2,1,1,1,0.9834,0.9873,0.874,0.8799,780.0,332.0,575.0,338.0,689.0,403.0,639.0,418.5,205.0878,52.3474,0.2552,1,1,199,1
199,3,0,0,1,1,1,0.9873,0.9897,0.9043,0.8989,479.5,224.5,258.5,224.75,387.5,244.5,333.0,243.5,221.0001,54.5092,0.2466,1,1,200,1
199,3,0,1,1,1,1,0.9873,0.9893,0.8789,0.8745,1105.0,347.5,890.5,349.5,1046.0,395.0,972.5,373.0,214.5093,76.7219,0.3577,1,1,200,1
199,3,0,2,1,1,1,0.9849,0.9868,0.8828,0.8779,781.0,328.0,577.5,335.0,690.5,405.0,635.5,418.0,203.6204,56.5155,0.2776,1,1,200,1
200,3,0,0,1,1,1,0.9873,0.9897,0.9097,0.8999,479.25,225.25,258.75,223.75,389.5,242.0,332.75,244.0,220.5051,56.7852,0.2575,1,1,201,1
200,3,0,1,1,1,1,0.9854,0.9893,0.8716,0.8843,1104.0,348.0,892.0,351.0,1045.0,392.0,975.0,364.5,212.0212,75.208,0.3547,1,1,201,1
200,3,0,2,1,1,1,0.9839,0.9873,0.877,0.8804,781.0,331.0,577.0,337.5,693.5,409.5,639.0,410.5,204.1035,54.5092,0.2671,1,1,201,1
201,3,0,0,1,1,1,0.9888,0.9888,0.915,0.8926,480.0,224.0,258.5,222.5,387.0,244.5,335.25,242.5,221.5051,51.7886,0.2338,1,1,202,1
201,3,0,1,1,1,1,0.9893,0.9878,0.8833,0.8745,1112.0,350.0,885.0,347.0,1036.0,398.5,973.5,364.0,227.0198,71.3898,0.3145,1,1,202,1
201,3,0,2,1,1,1,0.9858,0.9858,0.8838,0.876,777.5,327.5,573.5,334.5,687.0,407.5,643.0,409.0,204.1201,44.0256,0.2157,1,1,202,1
202,3,0,0,1,1,1,0.9883,0.9888,0.916,0.8945,480.0,227.0,259.5,226.25,387.0,246.5,330.75,246.5,220.5013,56.25,0.2551,1,1,203,1
202,3,0,1,1,1,1,0.9854,0.9888,0.8691,0.8853,1107.0,346.0,883.0,346.5,1044.0,398.0,976.5,361.5,224.0006,76.7366,0.3426,1,1,203,1
202,3,0,2,1,1,1,0.9854,0.9868,0.8887,0.877,782.0,330.5,575.5,337.5,687.5,407.0,642.0,409.5,206.6186,45.5686,0.2205,1,1,203,1
203,3,0,0,1,1,1,0.9883,0.9893,0.9141,0.8965,479.5,226.5,259.0,226.0,387.0,247.0,331.5,246.5,220.5006,55.5023,0.2517,1,1,204,1
203,3,0,1,1,1,1,0.9849,0.9897,0.8657,0.8872,1103.0,346.5,891.5,348.5,1044.0,390.5,974.5,361.0,211.5095,75.5017,0.357,1,1,204,1
203,3,0,2,1,1,1,0.9839,0.9863,0.877,0.875,781.5,332.0,575.0,338.5,692.5,410.5,641.0,409.5,206.6023,51.5097,0.2493,1,1,204,1
204,3,0,0,1,1,1,0.9888,0.9893,0.915,0.894,480.75,228.0,258.0,225.25,386.25,246.5,332.75,250.0,222.767,53.6144,0.2407,1,1,205,1
204,3,0,1,1,1,1,0.9844,0.9893,0.8579,0.8892,1107.0,347.0,885.5,346.5,1042.0,397.0,974.5,370.0,221.5006,72.6997,0.3282,1,1,205,1
204,3,0,2,1,1,1,0.9878,0.9839,0.8989,0.8643,779.5,327.5,572.5,333.0,689.0,411.0,643.0,415.0,207.0731,46.1736,0.223,1,1,205,1
205,3,0,0,1,1,1,0.9873,0.9893,0.9121,0.8994,480.0,227.0,258.0,224.25,387.0,247.0,331.75,248.0,222.017,55.259,0.2489,1,1,206,1
205,3,0,1,1,1,1,0.9854,0.9893,0.8735,0.8862,1102.0,348.0,892.0,350.0,1046.0,396.0,973.5,366.5,210.0095,78.272,0.3727,1,1,206,1
205,3,0,2,1,1,1,0.9844,0.9863,0.8843,0.875,780.5,332.0,577.0,339.5,686.5,400.0,636.5,413.5,203.6382,51.7904,0.2543,1,1,206,1
206,3,0,0,1,1,1,0.9893,0.9888,0.916,0.8857,481.75,226.25,259.25,225.25,385.5,248.5,332.0,243.5,222.5022,53.7331,0.2415,1,1,207,1
206,3,0,1,1,1,1,0.9858,0.9883,0.8735,0.8799,1107.0,347.0,884.0,345.0,1040.0,397.0,974.0,376.5,223.009,69.1104,0.3099,1,1,207,1
206,3,0,2,1,1,1,0.9849,0.9873,0.8789,0.8735,782.0,331.5,574.0,338.5,691.5,406.0,638.0,417.0,208.1178,54.6191,0.2624,1,1,207,1
207,3,0,0,1,1,1,0.9888,0.9893,0.9165,0.896,480.5,228.5,259.75,226.75,386.0,245.0,331.5,246.0,220.7569,54.5092,0.2469,1,1,208,1
207,3,0,1,1,1,1,0.9883,0.9878,0.874,0.873,1112.0,349.5,884.0,348.0,1038.0,402.0,977.5,364.5,228.0049,71.1794,0.3122,1,1,208,1
207,3,0,2,1,1,1,0.9854,0.9873,0.8823,0.8745,783.0,331.0,573.0,336.5,687.0,401.0,636.0,412.5,210.072,52.2805,0.2489,1,1,208,1
208,3,0,0,1,1,1,0.9878,0.9897,0.9092,0.8975,481.0,225.5,256.5,223.25,389.5,244.0,331.5,247.0,224.5113,58.0775,0.2587,1,1,209,1
208,3,0,1,1,1,1,0.9844,0.9893,0.8574,0.8872,1108.0,346.0,885.0,346.0,1044.0,403.0,973.5,376.5,223.0,75.316,0.3377,1,1,209,1
208,3,0,2,1,1,1,0.9834,0.9883,0.8726,0.8843,781.0,329.5,574.0,338.0,688.5,407.5,633.5,423.0,207.1744,57.1424,0.2758,1,1,209,1
209,3,0,0,1,1,1,0.9873,0.9897,0.9092,0.8994,481.0,226.5,258.0,225.75,387.5,245.0,332.25,246.0,223.0013,55.259,0.2478,1,1,210,1
209,3,0,1,1,1,1,0.9849,0.9888,0.8677,0.8872,1105.0,347.0,886.0,345.5,1043.0,402.0,969.0,378.0,219.0051,77.7946,0.3552,1,1,210,1
209,3,0,2,1,1,1,0.9902,0.9814,0.9062,0.8545,780.5,334.0,575.5,338.5,687.5,406.5,639.5,412.0,205.0494,48.3141,0.2356,1,1,210,1
210,3,0,0,1,1,1,0.9873,0.9902,0.9048,0.9004,484.5,227.25,258.25,225.75,387.25,251.0,332.0,245.5,226.255,55.5231,0.2454,1,1,211,1
210,3,0,1,1,1,1,0.9849,0.9893,0.8613,0.8838,1105.0,346.0,887.0,345.0,1044.0,399.0,967.5,377.0,218.0023,79.6006,0.3651,1,1,211,1
210,3,0,2,1,1,1,0.9858,0.9844,0.8901,0.876,778.0,327.5,570.0,333.5,684.5,401.0,645.5,411.5,208.0865,40.3887,0.1941,1,1,211,1
211,3,0,0,1,1,1,0.9883,0.9897,0.9097,0.8945,481.75,226.5,258.75,225.25,386.5,248.0,330.75,248.0,223.0035,55.75,0.25,1,1,212,1
211,3,0,1,1,1,1,0.9844,0.9897,0.8496,0.8828,1107.0,347.5,884.5,346.5,1046.0,406.0,975.0,369.5,222.5022,79.8326,0.3588,1,1,212,1
211,3,0,2,1,1,1,0.9824,0.9888,0.8691,0.8931,781.5,331.0,572.5,339.0,686.5,397.5,639.5,413.5,209.1531,49.6488,0.2374,1,1,212,1
212,3,0,0,1,1,1,0.9883,0.9888,0.9146,0.894,480.0,226.5,258.0,224.5,389.0,246.0,332.25,250.5,222.009,56.9281,0.2564,1,1,213,1
212,3,0,1,1,1,1,0.9854,0.9902,0.8584,0.8833,1105.0,348.5,890.5,347.5,1047.0,399.0,974.0,370.0,214.5023,78.5493,0.3662,1,1,213,1
212,3,0,2,1,1,1,0.9902,0.9819,0.8906,0.8257,781.0,332.5,572.5,336.5,675.5,406.0,641.0,414.5,208.5384,35.5317,0.1704,1,1,213,1
213,3,0,0,1,1,1,0.9873,0.9858,0.9048,0.897,488.0,233.0,263.5,224.5,381.5,247.0,326.75,244.0,224.6609,54.8321,0.2441,1,1,214,1
213,3,0,1,1,1,1,0.9844,0.9883,0.8687,0.8896,1111.0,343.0,885.5,342.5,1043.0,398.0,978.5,357.0,225.5006,76.4281,0.3389,1,1,214,1
213,3,0,2,1,1,1,0.9824,0.9883,0.8608,0.8853,776.0,333.5,576.5,338.5,679.0,400.5,642.5,417.0,199.5626,40.0562,0.2007,1,1,214,1
214,3,0,0,1,1,1,0.9873,0.9893,0.9097,0.8984,479.5,227.5,258.75,224.75,386.75,246.5,328.5,252.5,220.7671,58.5582,0.2652,1,1,215,1
214,3,0,1,1,1,1,0.9849,0.9893,0.8579,0.8892,1108.0,347.0,885.5,344.0,1042.0,399.5,977.0,361.5,222.5202,75.2928,0.3384,1,1,215,1
214,3,0,2,1,1,1,0.9839,0.9873,0.8765,0.8804,782.0,330.0,573.0,336.5,691.5,406.0,638.5,421.5,209.1011,55.22,0.2641,1,1,215,1
215,3,0,0,1,1,1,0.9873,0.9897,0.9067,0.8994,480.0,225.75,256.75,224.5,385.0,246.5,333.5,243.5,223.2535,51.5873,0.2311,1,1,216,1
215,3,0,1,1,1,1,0.9849,0.9888,0.8672,0.8882,1106.0,346.5,886.0,345.0,1038.0,396.5,973.0,363.0,220.0051,73.1249,0.3324,1,1,216,1
215,3,0,2,1,1,1,0.9834,0.9878,0.8809,0.8892,778.0,331.5,573.5,339.0,686.5,400.0,636.0,427.5,204.6375,57.5022,0.281,1,1,216,1
216,3,0,0,1,1,1,0.9883,0.9897,0.9097,0.897,480.25,227.0,257.0,224.0,386.25,246.0,332.75,248.5,223.2702,53.5584,0.2399,1,1,217,1
216,3,0,1,1,1,1,0.9858,0.9883,0.8784,0.8872,1106.0,346.5,886.5,346.0,1039.0,394.5,974.0,359.5,219.5006,73.8241,0.3363,1,1,217,1
216,3,0,2,1,1,1,0.9829,0.9873,0.8818,0.8857,779.0,330.0,574.0,338.5,692.0,403.0,635.5,421.5,205.1761,59.4517,0.2898,1,1,217,1
217,3,0,0,1,1,1,0.9883,0.9897,0.9097,0.8955,481.25,228.75,260.25,226.5,389.75,244.0,333.5,247.0,221.0115,56.3299,0.2549,1,1,218,1
217,3,0,1,1,1,1,0.9839,0.9893,0.8545,0.8892,1107.0,346.5,884.0,346.5,1040.0,399.0,971.5,368.0,223.0,75.1881,0.3372,1,1,218,1
217,3,0,2,1,1,1,0.9902,0.9814,0.9009,0.8389,780.0,330.0,574.0,335.5,679.0,401.5,647.0,408.0,206.0734,32.6535,0.1585,1,1,218,1
218,3,0,0,1,1,1,0.9888,0.9893,0.9146,0.8931,482.0,226.5,258.75,224.0,384.0,239.5,331.5,246.0,223.264,52.9009,0.2369,1,1,219,1
218,3,0,1,1,1,1,0.9849,0.9888,0.8721,0.8857,1104.0,350.0,890.0,349.5,1043.0,394.5,972.0,365.0,214.0006,76.8847,0.3593,1,1,219,1
218,3,0,2,1,1,1,0.9897,0.9824,0.8965,0.8521,781.0,328.5,572.0,334.5,686.0,406.0,648.0,407.0,209.0861,38.0132,0.1818,1,1,219,1
219,3,0,0,1,1,1,0.9878,0.9897,0.9092,0.8965,480.75,227.5,258.25,225.0,388.0,244.5,338.25,246.5,222.514,49.7902,0.2238,1,1,220,1
219,3,0,1,1,1,1,0.9839,0.9888,0.8623,0.8896,1107.0,347.0,885.0,344.5,1040.0,395.5,977.0,361.0,222.0141,71.8279,0.3235,1,1,220,1
219,3,0,2,1,1,1,0.9858,0.9854,0.8848,0.8745,777.0,328.0,571.0,334.5,682.5,402.0,645.0,414.5,206.1025,39.5285,0.1918,1,1,220,1
220,3,0,0,1,1,1,0.9883,0.9897,0.9111,0.8979,482.5,227.5,258.25,226.0,390.0,251.0,331.75,250.0,224.255,58.2586,0.2598,1,1,221,1
220,3,0,1,1,1,1,0.9868,0.9883,0.8784,0.8813,1106.0,347.0,887.0,345.0,1044.0,395.0,974.5,368.0,219.0091,74.5604,0.3404,1,1,221,1
220,3,0,2,1,1,1,0.9868,0.9839,0.8965,0.8696,776.0,326.0,573.0,332.0,688.0,408.5,641.5,413.0,203.0887,46.7172,0.23,1,1,221,1
221,3,0,0,1,1,1,0.9878,0.9897,0.9106,0.8994,481.75,226.5,259.5,224.5,386.0,248.0,333.5,248.0,222.259,52.5,0.2362,1,1,222,1
221,3,0,1,1,1,1,0.9849,0.9888,0.8657,0.8872,1107.0,347.5,885.0,345.5,1043.0,400.5,974.5,367.5,222.009,76.0345,0.3425,1,1,222,1
221,3,0,2,1,1,1,0.9863,0.9849,0.8916,0.873,778.5,328.0,570.0,332.0,687.5,407.5,637.0,420.5,208.5384,52.1464,0.2501,1,1,222,1
222,3,0,0,1,1,1,0.9878,0.9897,0.9106,0.9009,484.0,226.0,261.75,224.5,387.5,248.0,333.5,247.0,222.2551,54.0093,0.243,1,1,223,1
222,3,0,1,1,1,1,0.9883,0.9878,0.8677,0.8682,1112.0,350.0,884.5,346.5,1038.0,397.0,972.0,368.0,227.5269,72.0902,0.3168,1,1,223,1
222,3,0,2,1,1,1,0.9858,0.9844,0.8911,0.877,778.0,326.5,572.0,332.0,689.0,408.0,643.5,415.5,206.0734,46.114,0.2238,1,1,223,1
223,3,0,0,1,1,1,0.9878,0.9902,0.9048,0.8999,483.0,229.0,258.75,226.25,388.25,246.5,331.5,247.0,224.2669,56.7522,0.2531,1,1,224,1
223,3,0,1,1,1,1,0.9858,0.9893,0.876,0.8843,1104.0,350.5,891.0,346.5,1042.0,390.0,967.5,379.5,213.0376,75.2363,0.3532,1,1,224,1
223,3,0,2,1,1,1,0.9863,0.9854,0.8867,0.8726,780.0,328.0,570.5,334.0,686.0,407.5,642.5,420.5,209.5859,45.401,0.2166,1,1,224,1
224,3,0,0,1,1,1,0.9883,0.9893,0.9116,0.8916,482.25,227.5,259.75,225.5,391.0,252.5,335.75,246.5,222.509,55.5748,0.2498,1,1,225,1
224,3,0,1,1,1,1,0.9849,0.9888,0.877,0.8887,1102.0,350.5,891.0,350.5,1047.0,395.5,972.0,369.0,211.0,79.544,0.377,1,1,225,1
224,3,0,2,1,1,1,0.9863,0.9849,0.8931,0.8774,777.0,328.0,571.5,333.5,689.0,409.0,638.5,419.5,205.5736,51.58,0.2509,1,1,225,1
225,3,0,0,1,1,1,0.9873,0.9897,0.9053,0.897,481.0,228.5,258.5,226.0,390.0,252.0,330.75,253.0,222.514,59.2584,0.2663,1,1,226,1
225,3,0,1,1,1,1,0.9844,0.9883,0.8726,0.8901,1105.0,349.0,887.0,347.0,1044.0,397.5,973.5,360.5,218.0092,79.6194,0.3652,1,1,226,1
225,3,0,2,1,1,1,0.9834,0.9888,0.8638,0.8833,774.5,334.5,576.5,338.5,684.0,405.5,641.5,421.5,198.0404,45.412,0.2293,1,1,226,1
226,3,0,0,1,1,1,0.9873,0.9897,0.9111,0.9019,481.25,227.0,258.5,226.0,388.0,248.0,331.75,247.0,222.7522,56.2589,0.2526,1,1,227,1
226,3,0,1,1,1,1,0.9858,0.9883,0.8696,0.8818,1105.0,347.0,882.5,344.5,1047.0,405.5,975.0,370.0,222.514,80.2761,0.3608,1,1,227,1
226,3,0,2,1,1,1,0.9907,0.9814,0.9009,0.8389,780.5,329.5,571.5,334.0,680.0,404.5,649.5,415.0,209.0484,32.2568,0.1543,1,1,227,1
227,3,0,0,1,1,1,0.9883,0.9897,0.9058,0.8892,483.25,226.5,260.0,225.0,388.5,248.0,331.0,251.5,223.255,57.6064,0.258,1,1,228,1
227,3,0,1,1,1,1,0.9854,0.9883,0.8691,0.8823,1115.0,345.0,884.5,344.5,1047.0,396.5,977.0,357.5,230.5005,80.1311,0.3476,1,1,228,1
227,3,0,2,1,1,1,0.9829,0.9878,0.8745,0.8867,780.0,330.0,574.5,337.5,678.0,398.0,636.5,422.5,205.6368,48.1923,0.2344,1,1,228,1
228,3,0,0,1,1,1,0.9883,0.9893,0.9136,0.8931,483.0,229.0,259.5,226.75,388.0,248.0,331.5,250.5,223.5113,56.5553,0.253,1,1,229,1
228,3,0,1,1,1,1,0.9844,0.9878,0.8755,0.8906,1113.0,346.0,885.0,343.5,1042.0,390.0,974.5,361.5,228.0137,73.27,0.3213,1,1,229,1
228,3,0,2,1,1,1,0.9829,0.9878,0.8721,0.8867,780.0,331.5,574.5,336.0,685.0,401.0,635.0,426.0,205.5493,55.9017,0.272,1,1,229,1
229,3,0,0,1,1,1,0.9873,0.9893,0.9087,0.8994,483.25,227.25,257.5,224.5,390.25,248.0,334.5,245.5,225.7667,55.806,0.2472,1,1,230,1
229,3,0,1,1,1,1,0.9849,0.9888,0.8652,0.8901,1106.0,345.0,884.5,343.5,1043.0,402.0,972.5,375.0,221.5051,75.4934,0.3408,1,1,230,1
229,3,0,2,1,1,1,0.9868,0.9849,0.8872,0.8677,777.0,330.0,570.0,334.0,682.5,402.5,644.5,414.5,207.0386,39.8497,0.1925,1,1,230,1
230,3,0,1,1,1,1,0.9849,0.9893,0.8579,0.8901,1106.0,347.0,884.0,344.0,1047.0,404.0,973.0,374.5,222.0203,79.6634,0.3588,1,1,231,1
230,3,0,0,1,1,1,0.9878,0.9897,0.9077,0.8945,483.5,229.25,258.25,227.0,388.25,248.5,334.75,247.5,225.2612,53.5093,0.2375,1,1,231,1
230,3,0,2,1,1,1,0.9819,0.9883,0.8687,0.8911,780.0,332.0,572.5,341.0,688.0,403.5,635.5,417.5,207.6951,54.3346,0.2616,1,1,231,1
231,3,0,0,1,1,1,0.9878,0.9897,0.9092,0.8975,486.0,228.25,258.5,224.5,390.5,250.0,334.25,247.5,227.5309,56.3055,0.2475,1,1,232,1
231,3,0,1,1,1,1,0.9854,0.9888,0.8643,0.8828,1107.0,347.5,883.5,344.0,1048.0,400.0,974.5,370.0,223.5274,79.3867,0.3552,1,1,232,1
231,3,0,2,1,1,1,0.9834,0.9878,0.8735,0.8833,783.0,331.0,572.0,339.0,689.5,405.5,638.0,415.0,211.1516,52.3689,0.248,1,1,232,1
232,3,0,0,1,1,1,0.9883,0.9893,0.9126,0.8911,483.5,228.75,259.0,226.0,388.5,248.0,336.5,245.0,224.5168,52.0865,0.232,1,1,233,1
232,3,0,2,1,1,1,0.9863,0.9844,0.8931,0.8711,776.5,329.0,571.5,333.5,690.5,411.0,643.0,416.5,205.0494,47.8174,0.2332,1,1,233,1
232,3,0,1,1,1,1,0.9854,0.9888,0.8716,0.8784,1102.0,351.0,887.0,350.0,1050.0,394.0,976.0,370.0,215.0023,77.7946,0.3618,1,1,233,1
233,3,0,0,1,1,1,0.9868,0.9897,0.9058,0.9004,485.75,231.25,260.75,229.25,390.5,253.0,337.5,246.0,225.0089,53.4603,0.2376,1,1,234,1
233,3,0,1,1,1,1,0.9849,0.9897,0.8569,0.8906,1108.0,347.0,885.5,345.5,1049.0,404.0,967.5,376.0,222.5051,86.1757,0.3873,1,1,234,1
233,3,0,2,1,1,1,0.9824,0.9873,0.8711,0.8843,781.0,328.5,576.0,338.0,685.5,405.5,636.0,417.0,205.22,50.8183,0.2476,1,1,234,1
234,3,0,0,1,1,1,0.9868,0.9897,0.9077,0.9038,483.0,230.25,261.0,227.5,390.25,248.5,336.75,247.5,222.017,53.5093,0.241,1,1,235,1
234,3,0,1,1,1,1,0.9858,0.9878,0.8716,0.877,1111.0,343.5,884.0,343.0,1050.0,410.5,976.0,364.0,227.0006,87.3971,0.385,1,1,235,1
234,3,0,2,1,1,1,0.9839,0.9863,0.8818,0.8794,780.0,330.0,576.5,339.0,687.0,403.0,639.0,416.5,203.6989,49.8623,0.2448,1,1,235,1
235,3,0,0,1,1,1,0.9878,0.9888,0.9146,0.8945,482.25,228.5,261.25,226.5,389.0,248.5,333.5,244.0,221.009,55.6821,0.2519,1,1,236,1
235,3,0,1,1,1,1,0.9849,0.9893,0.8604,0.8872,1108.0,346.5,886.0,344.5,1044.0,398.5,971.0,366.0,222.009,79.9078,0.3599,1,1,236,1
235,3,0,2,1,1,1,0.9829,0.9888,0.8667,0.8896,782.0,331.0,572.0,338.5,685.5,403.5,636.0,421.5,210.1339,52.6711,0.2507,1,1,236,1
236,3,0,0,1,1,1,0.9873,0.9897,0.9092,0.9023,484.25,229.25,261.25,228.0,390.5,252.5,335.0,246.0,223.0035,55.8793,0.2506,1,1,237,1
236,3,0,1,1,1,1,0.9854,0.9897,0.8638,0.8848,1104.0,350.0,890.0,348.0,1048.0,395.0,973.0,362.5,214.0093,81.7389,0.3819,1,1,237,1
236,3,0,2,1,1,1,0.9873,0.9834,0.9014,0.8652,777.0,327.0,574.0,332.5,689.0,413.0,636.0,426.5,203.0745,54.6923,0.2693,1,1,237,1
237,3,0,0,1,1,1,0.9873,0.9897,0.9072,0.8984,484.5,229.25,260.0,226.5,387.0,247.5,336.0,241.0,224.5168,51.4125,0.229,1,1,238,1
237,3,0,1,1,1,1,0.9888,0.9873,0.877,0.8682,1113.0,349.5,884.0,346.5,1042.0,398.5,974.0,367.5,229.0196,74.7329,0.3263,1,1,238,1
237,3,0,2,1,1,1,0.9829,0.9883,0.8657,0.8853,779.5,329.5,575.0,336.0,688.5,404.0,638.0,422.5,204.6033,53.782,0.2629,1,1,238,1
238,3,0,0,1,1,1,0.9883,0.9893,0.9126,0.897,484.75,231.5,259.25,227.5,391.5,254.0,337.25,243.0,225.5355,55.354,0.2454,1,1,239,1
238,3,0,1,1,1,1,0.9849,0.9888,0.8691,0.8818,1107.0,350.0,891.5,353.0,1041.0,390.0,971.5,361.0,215.5209,75.3077,0.3494,1,1,239,1
238,3,0,2,1,1,1,0.9888,0.9829,0.8838,0.8545,781.5,329.5,573.0,337.0,676.5,404.0,646.0,407.0,208.6348,30.6472,0.1469,1,1,239,1
239,3,0,0,1,1,1,0.9873,0.9897,0.9053,0.8965,482.25,229.0,257.5,226.75,390.5,245.0,338.75,243.0,224.7613,51.7886,0.2304,1,1,240,1
239,3,0,1,1,1,1,0.9863,0.9883,0.8726,0.8735,1108.0,346.0,883.5,346.0,1039.0,391.0,974.5,364.0,224.5,69.9232,0.3115,1,1,240,1
239,3,0,2,1,1,1,0.9902,0.9824,0.8877,0.8262,781.0,333.5,571.5,337.5,671.0,406.0,644.5,419.0,209.5382,29.5169,0.1409,1,1,240,1
240,3,0,0,1,1,1,0.9873,0.9888,0.9116,0.8975,483.75,229.0,259.5,224.25,388.0,249.0,335.75,243.0,224.3003,52.5934,0.2345,1,1,241,1
240,3,0,1,1,1,1,0.9863,0.9888,0.8687,0.8755,1110.0,346.5,884.5,346.5,1043.0,398.0,969.5,373.5,225.5,77.4758,0.3436,1,1,241,1
240,3,0,2,1,1,1,0.9829,0.9873,0.8735,0.8853,779.5,331.0,575.5,337.5,684.5,406.0,637.5,419.0,204.1035,48.7647,0.2389,1,1,241,1
241,3,0,0,1,1,1,0.9873,0.9893,0.9097,0.8945,486.25,230.75,259.5,227.25,388.25,246.0,339.0,240.0,226.777,49.6141,0.2188,1,1,242,1
241,3,0,1,1,1,1,0.9849,0.9888,0.8652,0.8872,1108.0,348.5,885.0,347.0,1042.0,399.5,976.5,363.5,223.005,74.7412,0.3352,1,1,242,1
241,3,0,2,1,1,1,0.9795,0.9878,0.8623,0.8984,780.0,333.0,574.5,338.0,686.0,399.0,634.5,417.5,205.5608,54.722,0.2662,1,1,242,1
242,3,0,0,1,1,1,0.9878,0.9897,0.9116,0.8984,483.75,228.0,259.75,225.75,388.25,247.0,333.0,247.5,224.0113,55.2523,0.2466,1,1,243,1
242,3,0,1,1,1,1,0.9873,0.9883,0.8628,0.8745,1113.0,352.0,882.0,349.0,1037.0,398.0,972.5,371.0,231.0195,69.9232,0.3027,1,1,243,1
242,3,0,2,1,1,1,0.9839,0.9873,0.876,0.8789,779.0,331.5,573.0,337.5,682.5,396.5,637.5,418.5,206.0874,50.0899,0.2431,1,1,243,1
243,3,0,0,1,1,1,0.9868,0.9893,0.9131,0.9033,483.75,228.0,259.75,226.0,390.75,251.0,335.75,245.5,224.0089,55.2743,0.2468,1,1,244,1
243,3,0,1,1,1,1,0.9888,0.9868,0.876,0.8604,1113.0,351.5,882.5,347.5,1037.0,395.0,975.5,369.5,230.5347,66.577,0.2888,1,1,244,1
243,3,0,2,1,1,1,0.981,0.9888,0.8638,0.895,778.0,331.0,572.0,338.5,682.0,400.0,637.0,411.5,206.1365,46.4462,0.2253,1,1,244,1
244,3,0,0,1,1,1,0.9878,0.9888,0.915,0.8955,485.75,230.5,261.0,227.0,388.5,248.0,335.5,246.0,224.7773,53.0377,0.236,1,1,245,1
244,3,0,1,1,1,1,0.9849,0.9888,0.8745,0.8843,1104.0,348.5,891.0,347.5,1045.0,398.5,972.5,377.0,213.0023,75.6208,0.355,1,1,245,1
244,3,0,2,1,1,1,0.9814,0.9878,0.876,0.8965,778.0,333.0,576.0,340.0,689.0,406.0,630.5,423.5,202.1213,61.0614,0.3021,1,1,245,1
245,3,0,0,1,1,1,0.9878,0.9888,0.9155,0.8989,481.0,229.25,261.25,226.5,388.75,248.0,336.25,246.0,219.7672,52.5381,0.2391,1,1,246,1
245,3,0,1,1,1,1,0.9878,0.9883,0.8696,0.8789,1112.0,350.0,883.0,346.0,1042.0,403.5,977.0,361.0,229.0349,77.6611,0.3391,1,1,246,1
245,3,0,2,1,1,1,0.9834,0.9883,0.8696,0.8838,779.0,332.0,575.0,339.0,687.5,404.0,634.0,416.0,204.1201,54.8293,0.2686,1,1,246,1
246,3,0,0,1,1,1,0.9878,0.9893,0.9111,0.8955,482.0,231.25,259.25,227.25,391.5,250.0,334.5,248.5,222.7859,57.0197,0.2559,1,1,247,1
246,3,0,1,1,1,1,0.9834,0.9893,0.8521,0.8901,1109.0,345.0,885.0,346.0,1045.0,402.5,977.5,372.0,224.0022,74.0709,0.3307,1,1,247,1
246,3,0,2,1,1,1,0.9829,0.9878,0.8711,0.8892,778.0,333.0,573.5,338.0,688.5,403.5,635.5,422.0,204.5611,56.136,0.2744,1,1,247,1
247,3,0,0,1,1,1,0.9873,0.9888,0.9136,0.8965,482.0,228.75,261.0,226.25,391.0,248.0,336.75,243.5,221.0141,54.4363,0.2463,1,1,248,1
247,3,0,1,1,1,1,0.9878,0.9888,0.8545,0.875,1114.0,348.5,880.5,347.5,1042.0,404.0,973.5,371.0,233.5021,76.0345,0.3256,1,1,248,1
247,3,0,2,1,1,1,0.9834,0.9883,0.8677,0.8823,779.0,330.0,572.5,338.0,687.5,409.5,634.0,419.5,206.6549,54.4266,0.2634,1,1,248,1
248,3,0,0,1,1,1,0.9878,0.9893,0.9111,0.895,485.5,229.0,262.25,227.0,388.5,247.5,335.0,246.0,223.259,53.521,0.2397,1,1,249,1
248,3,0,1,1,1,1,0.9839,0.9897,0.8618,0.8911,1106.0,350.0,890.0,351.5,1047.0,404.5,974.0,358.5,216.0052,86.2844,0.3995,1,1,249,1
248,3,0,2,1,1,1,0.9829,0.9873,0.8687,0.8789,782.0,329.5,573.5,336.5,690.5,409.0,639.0,417.5,208.6175,52.1967,0.2502,1,1,249,1
249,3,0,1,1,1,1,0.9883,0.9878,0.8721,0.8706,1114.0,352.5,883.5,350.5,1044.0,404.0,976.0,363.0,230.5087,79.404,0.3445,1,1,250,1
249,3,0,0,1,1,1,0.9878,0.9893,0.9141,0.8975,484.25,228.75,259.75,226.5,388.0,246.5,334.25,246.5,224.5113,53.75,0.2394,1,1,250,1
249,3,0,2,1,1,1,0.9829,0.9878,0.8765,0.8896,781.0,332.0,573.5,338.0,681.0,404.0,639.0,420.0,207.5867,44.9444,0.2165,1,1,250,1
250,3,0,0,1,1,1,0.9863,0.9897,0.9072,0.9028,484.25,228.0,262.5,227.25,389.0,247.0,336.0,244.0,221.7513,53.0848,0.2394,1,1,251,1
250,3,0,1,1,1,1,0.9888,0.9878,0.8765,0.8711,1114.0,350.0,885.5,347.5,1040.0,399.5,975.0,356.0,228.5137,78.2129,0.3423,1,1,251,1
250,3,0,2,1,1,1,0.9829,0.9878,0.8726,0.8862,778.5,331.0,574.5,337.5,689.0,407.5,635.5,420.0,204.1035,54.9409,0.2692,1,1,251,1
251,3,0,0,1,1,1,0.9878,0.9893,0.9126,0.8975,486.0,230.75,259.5,227.75,390.0,249.0,337.0,247.0,226.5199,53.0377,0.2341,1,1,252,1
251,3,0,1,1,1,1,0.9854,0.9888,0.8672,0.874,1108.0,350.0,891.0,350.5,1043.0,389.0,974.5,368.5,217.0006,71.5017,0.3295,1,1,252,1
251,3,0,2,1,1,1,0.9839,0.9883,0.874,0.8848,782.0,335.5,573.0,341.0,687.5,401.5,632.0,422.0,209.0724,59.165,0.283,1,1,252,1
252,3,0,0,1,1,1,0.9873,0.9897,0.9087,0.8984,485.25,231.75,260.5,228.0,393.0,247.5,336.0,248.5,224.7813,57.0088,0.2536,1,1,253,1
252,3,0,1,1,1,1,0.9849,0.9888,0.8682,0.877,1104.0,350.0,889.0,351.0,1046.0,394.5,971.5,374.5,215.0023,77.1379,0.3588,1,1,253,1
252,3,0,2,1,1,1,0.9829,0.9873,0.8774,0.8862,780.0,334.0,573.5,338.5,684.0,401.0,633.5,425.0,206.549,55.9129,0.2707,1,1,253,1
253,3,0,0,1,1,1,0.9883,0.9893,0.9141,0.8916,484.0,230.25,260.25,227.5,391.75,252.0,335.0,248.0,223.7669,56.8908,0.2542,1,1,254,1
253,3,0,1,1,1,1,0.9883,0.9878,0.8682,0.873,1115.0,350.5,882.5,348.0,1046.0,405.0,974.0,367.0,232.5134,81.4125,0.3501,1,1,254,1
253,3,0,2,1,1,1,0.9863,0.9839,0.8936,0.8711,778.0,328.5,571.0,333.0,689.5,408.0,637.5,420.5,207.0489,53.4813,0.2583,1,1,254,1
254,3,0,0,1,1,1,0.9883,0.9893,0.9111,0.8916,485.5,233.5,260.5,228.0,395.0,250.0,334.25,245.5,225.0672,60.9164,0.2707,1,1,255,1
254,3,0,1,1,1,1,0.9878,0.9883,0.8667,0.8789,1114.0,348.5,881.5,347.0,1040.0,403.0,978.0,356.5,232.5048,77.5,0.3333,1,1,255,1
254,3,0,2,1,1,1,0.9829,0.9883,0.8721,0.8916,777.5,332.0,574.0,338.5,691.5,408.0,638.0,417.5,203.6038,54.3369,0.2669,1,1,255,1
255,3,0,0,1,1,1,0.9878,0.9897,0.9053,0.8936,486.25,231.0,259.75,225.0,388.5,247.0,334.5,245.0,226.5795,54.037,0.2385,1,1,256,1
255,3,0,1,1,1,1,0.9844,0.9893,0.8574,0.8848,1112.0,347.0,883.5,348.0,1040.0,399.0,979.0,363.5,228.5022,70.578,0.3089,1,1,256,1
255,3,0,2,1,1,1,0.9824,0.9888,0.8647,0.8901,781.5,334.5,572.0,339.5,689.0,400.5,638.5,414.0,209.5597,52.2733,0.2494,1,1,256,1
256,3,0,0,1,1,1,0.9873,0.9893,0.9082,0.8984,486.0,228.5,259.75,225.5,390.75,245.5,334.0,249.0,226.2699,56.8578,0.2513,1,1,257,1
256,3,0,1,1,1,1,0.9858,0.9888,0.8628,0.8789,1108.0,344.0,885.0,343.5,1040.0,396.0,973.5,376.0,223.0006,69.4424,0.3114,1,1,257,1
256,3,0,2,1,1,1,0.9902,0.9824,0.894,0.8335,780.5,332.5,576.0,336.0,681.0,411.5,645.0,412.5,204.5299,36.0139,0.1761,1,1,257,1
257,3,0,0,1,1,1,0.9888,0.9893,0.9146,0.8906,486.5,231.25,261.0,226.5,390.0,244.0,336.0,246.0,225.55,54.037,0.2396,1,1,258,1
257,3,0,1,1,1,1,0.9854,0.9888,0.8613,0.8779,1107.0,344.5,884.5,345.5,1039.0,392.0,974.5,373.5,222.5022,67.1007,0.3016,1,1,258,1
257,3,0,2,1,1,1,0.9844,0.9878,0.876,0.8818,780.0,329.0,574.0,336.0,697.0,411.0,633.0,420.0,206.1189,64.6297,0.3136,1,1,258,1
258,3,0,0,1,1,1,0.9878,0.9858,0.9043,0.8936,493.5,235.5,266.0,228.0,383.75,243.0,332.5,242.5,227.6236,51.2524,0.2252,1,1,259,1
258,3,0,1,1,1,1,0.9849,0.9893,0.855,0.8813,1108.0,344.5,884.0,344.5,1045.0,405.0,979.5,367.0,224.0,75.7248,0.3381,1,1,259,1
258,3,0,2,1,1,1,0.9814,0.9888,0.8628,0.897,781.0,329.0,573.5,337.0,688.0,405.0,639.5,419.5,207.6542,50.6211,0.2438,1,1,259,1
259,3,0,0,1,1,1,0.9878,0.9897,0.9082,0.896,485.0,227.75,261.0,225.5,392.0,246.0,337.25,245.0,224.0113,54.7591,0.2444,1,1,260,1
259,3,0,1,1,1,1,0.9854,0.9897,0.8569,0.8823,1110.0,346.0,884.5,345.5,1044.0,400.0,974.0,368.5,225.5006,76.761,0.3404,1,1,260,1
259,3,0,2,1,1,1,0.9814,0.9883,0.8691,0.897,780.5,332.0,574.0,339.5,687.5,401.5,642.5,414.5,206.6362,46.8402,0.2267,1,1,260,1
260,3,0,0,1,1,1,0.9878,0.9893,0.9116,0.8984,488.5,228.5,262.0,226.75,390.5,243.0,337.25,242.0,226.5068,53.2594,0.2351,1,1,261,1
260,3,0,1,1,1,1,0.9849,0.9897,0.8613,0.8823,1105.0,349.0,891.0,347.5,1051.0,405.0,978.5,372.5,214.0053,79.4512,0.3713,1,1,261,1
260,3,0,2,1,1,1,0.9858,0.9849,0.8862,0.8755,779.0,328.5,574.5,332.5,688.0,407.0,640.5,420.5,204.5391,49.3812,0.2414,1,1,261,1
261,3,0,0,1,1,1,0.9883,0.9888,0.916,0.895,487.5,230.5,262.5,227.0,388.75,243.0,335.0,246.0,225.0272,53.8337,0.2392,1,1,262,1
261,3,0,1,1,1,1,0.9858,0.9878,0.8706,0.877,1115.0,342.0,883.5,341.0,1048.0,405.0,979.0,368.5,231.5022,78.0593,0.3372,1,1,262,1
261,3,0,2,1,1,1,0.9819,0.9883,0.8667,0.8926,779.5,330.5,573.0,337.0,686.5,406.0,637.0,418.0,206.6023,50.9338,0.2465,1,1,262,1
262,3,0,0,1,1,1,0.9878,0.9883,0.9189,0.895,485.0,229.5,260.75,226.5,388.75,245.5,336.0,242.0,224.2701,52.866,0.2357,1,1,263,1
262,3,0,1,1,1,1,0.9849,0.9888,0.8647,0.8877,1106.0,347.0,885.5,343.5,1050.0,406.0,977.5,379.5,220.5278,77.1913,0.35,1,1,263,1
262,3,0,2,1,1,1,0.9858,0.9854,0.8892,0.875,777.0,326.0,571.5,330.5,686.5,405.0,637.0,419.0,205.5493,51.4417,0.2503,1,1,263,1
263,3,0,1,1,1,1,0.9839,0.9893,0.853,0.8862,1108.0,347.5,884.0,347.0,1044.0,403.0,980.0,356.0,224.0006,79.404,0.3545,1,1,264,1
263,3,0,0,1,1,1,0.9878,0.9893,0.9121,0.8931,484.5,229.0,262.0,226.0,388.5,246.0,336.25,248.5,222.5202,52.3098,0.2351,1,1,264,1
263,3,0,2,1,1,1,0.9829,0.9878,0.8691,0.8818,781.0,331.5,575.0,337.0,684.0,401.5,634.5,424.5,206.0734,54.5825,0.2649,1,1,264,1
264,3,0,0,1,1,1,0.9883,0.9888,0.9126,0.8906,485.0,229.75,261.5,226.0,387.75,241.5,335.0,245.0,223.5315,52.866,0.2365,1,1,265,1
264,3,0,1,1,1,1,0.9854,0.9888,0.8584,0.8784,1109.0,345.0,885.0,344.0,1048.0,405.0,977.0,367.5,224.0022,80.2948,0.3585,1,1,265,1
264,3,0,2,1,1,1,0.9839,0.9873,0.8779,0.8799,781.5,331.0,574.5,335.5,686.0,398.0,634.5,426.5,207.0489,58.86,0.2843,1,1,265,1
265,3,0,0,1,1,1,0.9883,0.9888,0.9155,0.8926,487.25,230.5,263.25,226.25,390.25,248.0,336.0,242.5,224.0403,54.5281,0.2434,1,1,266,1
265,3,0,1,1,1,1,0.9844,0.9897,0.8486,0.8843,1106.0,347.0,884.5,345.5,1053.0,409.5,981.0,369.0,221.5051,82.609,0.3729,1,1,266,1
265,3,0,2,1,1,1,0.9839,0.9883,0.8721,0.8857,781.0,331.5,573.0,338.5,687.0,405.0,638.0,420.0,208.1178,51.2445,0.2462,1,1,266,1
266,3,0,0,1,1,1,0.9878,0.9893,0.9141,0.896,486.25,229.0,263.5,225.5,393.5,248.5,335.0,245.5,222.7775,58.5769,0.2629,1,1,267,1
266,3,0,1,1,1,1,0.9849,0.9893,0.856,0.8828,1108.0,345.5,886.0,343.5,1047.0,406.0,982.0,367.0,222.009,75.8024,0.3414,1,1,267,1
266,3,0,2,1,1,1,0.9868,0.9854,0.8867,0.8711,780.0,328.0,571.5,332.5,686.5,403.5,635.5,424.5,208.5486,55.1543,0.2645,1,1,267,1
267,3,0,0,1,1,1,0.9878,0.9893,0.9111,0.8965,488.0,229.75,263.5,228.5,389.0,245.0,339.25,245.0,224.5035,49.75,0.2216,1,1,268,1
267,3,0,1,1,1,1,0.9844,0.9878,0.8652,0.8862,1116.0,344.0,884.5,342.0,1043.0,390.0,982.5,359.0,231.5086,67.9798,0.2936,1,1,268,1
267,3,0,2,1,1,1,0.9893,0.9834,0.8843,0.8438,780.0,331.5,574.0,336.0,679.5,409.5,648.0,417.5,206.0491,32.5,0.1577,1,1,268,1
268,3,0,0,1,1,1,0.9878,0.9893,0.9131,0.8984,485.25,227.5,263.5,226.25,392.75,245.0,335.75,247.0,221.7535,57.0351,0.2572,1,1,269,1
268,3,0,1,1,1,1,0.9858,0.9888,0.8618,0.8818,1110.0,346.0,885.0,344.5,1043.0,399.0,982.0,359.5,225.005,72.6722,0.323,1,1,269,1
268,3,0,2,1,1,1,0.9844,0.9854,0.8857,0.8867,776.0,326.0,574.0,331.0,689.5,408.0,641.5,426.0,202.0619,51.264,0.2537,1,1,269,1
269,3,0,0,1,1,1,0.9883,0.9893,0.9136,0.895,487.0,231.0,263.75,228.75,391.25,242.5,335.25,247.5,223.2613,56.2228,0.2518,1,1,270,1
269,3,0,1,1,1,1,0.9844,0.9897,0.853,0.8887,1110.0,346.0,886.0,345.5,1042.0,395.0,976.5,367.5,224.0006,71.0387,0.3171,1,1,270,1
269,3,0,2,1,1,1,0.9829,0.9888,0.8687,0.8911,780.0,329.0,575.0,337.0,688.0,404.0,638.5,419.5,205.156,51.87,0.2528,1,1,270,1
270,3,0,1,1,1,1,0.9858,0.9888,0.8657,0.8779,1112.0,346.5,885.0,343.5,1047.0,400.0,979.5,366.5,227.0198,75.3558,0.3319,1,1,271,1
270,3,0,0,1,1,1,0.9888,0.9893,0.9131,0.8916,487.0,230.0,263.0,227.75,393.25,245.5,338.0,248.0,224.0113,55.3065,0.2469,1,1,271,1
270,3,0,2,1,1,1,0.9902,0.9839,0.8901,0.8374,780.5,332.5,575.0,335.0,680.5,413.0,644.0,424.5,205.5152,38.2688,0.1862,1,1,271,1
271,3,0,0,1,1,1,0.9873,0.9888,0.9136,0.8994,485.75,228.75,265.5,227.5,392.0,243.5,336.75,244.0,220.2535,55.2523,0.2509,1,1,272,1
271,3,0,1,1,1,1,0.9854,0.9888,0.8687,0.8838,1110.0,345.5,888.0,346.0,1044.0,395.5,977.0,361.5,222.0006,75.1332,0.3384,1,1,272,1
271,3,0,2,1,1,1,0.9858,0.9849,0.8892,0.8784,777.5,329.5,574.5,331.0,696.0,411.5,638.0,429.5,203.0055,60.7289,0.2991,1,1,272,1
272,3,0,0,1,1,1,0.9878,0.9888,0.9141,0.8965,487.5,229.5,263.0,228.5,393.5,245.0,340.0,239.5,224.5022,53.782,0.2396,1,1,273,1
272,3,0,1,1,1,1,0.9858,0.9883,0.876,0.8823,1110.0,347.5,886.5,347.5,1035.0,384.0,984.5,357.5,223.5,57.0307,0.2552,1,1,273,1
272,3,0,2,1,1,1,0.9902,0.9839,0.895,0.8442,780.5,333.0,575.0,335.5,683.5,408.5,645.0,420.0,205.5152,40.1808,0.1955,1,1,273,1
273,3,0,0,1,1,1,0.9883,0.9893,0.9136,0.8926,487.0,230.25,262.25,228.75,393.5,245.0,339.75,245.5,224.755,53.7523,0.2392,1,1,274,1
273,3,0,1,1,1,1,0.9849,0.9888,0.8667,0.8877,1111.0,345.5,885.5,346.5,1044.0,396.0,981.5,363.5,225.5022,70.445,0.3124,1,1,274,1
273,3,0,2,1,1,1,0.9849,0.9858,0.8784,0.8828,779.5,327.0,573.0,331.0,691.0,405.0,646.0,414.0,206.5387,45.8912,0.2222,1,1,274,1
274,3,0,0,1,1,1,0.9883,0.9893,0.9102,0.8926,489.75,233.0,264.5,229.25,395.5,248.0,338.5,246.5,225.2812,57.0197,0.2531,1,1,275,1
274,3,0,1,1,1,1,0.9849,0.9893,0.8604,0.8848,1111.0,347.5,888.5,347.5,1046.0,401.0,981.0,356.5,222.5,78.7734,0.354,1,1,275,1
274,3,0,2,1,1,1,0.9902,0.9849,0.8887,0.8501,780.0,333.5,572.0,336.0,685.5,413.0,645.5,420.0,208.015,40.6079,0.1952,1,1,275,1
275,3,0,0,1,1,1,0.9883,0.9888,0.915,0.8901,489.0,231.25,265.0,229.25,392.0,244.0,336.0,248.5,224.0089,56.1805,0.2508,1,1,276,1
275,3,0,1,1,1,1,0.9893,0.9868,0.8843,0.8662,1115.0,349.5,885.0,348.0,1043.0,399.0,978.0,360.0,230.0049,75.8024,0.3296,1,1,276,1
275,3,0,2,1,1,1,0.9839,0.9858,0.8833,0.8906,775.5,326.5,574.0,331.5,686.0,406.0,643.0,421.0,201.562,45.5412,0.2259,1,1,276,1
276,3,0,1,1,1,1,0.9878,0.9873,0.8726,0.8726,1114.0,350.5,888.0,346.5,1043.0,396.0,981.0,360.0,226.0354,71.6938,0.3172,1,1,277,1
276,3,0,0,1,1,1,0.9883,0.9897,0.9106,0.8931,488.0,230.0,263.0,228.5,391.5,246.0,339.0,247.5,225.005,52.5214,0.2334,1,1,277,1
276,3,0,2,1,1,1,0.9814,0.9893,0.8633,0.897,779.5,329.0,573.5,337.5,694.0,406.5,635.0,419.5,206.1753,60.4152,0.293,1,1,277,1
277,3,0,1,1,1,1,0.9858,0.9888,0.8662,0.8784,1111.0,346.0,885.5,346.5,1044.0,391.5,982.0,360.5,225.5006,69.3181,0.3074,1,1,278,1
277,3,0,0,1,1,1,0.9883,0.9897,0.9116,0.894,488.5,230.75,263.25,229.25,391.25,247.0,335.75,245.5,225.255,55.5203,0.2465,1,1,278,1
277,3,0,2,1,1,1,0.9824,0.9888,0.8662,0.8936,780.0,331.5,572.0,339.0,688.0,402.0,639.0,414.5,208.1352,50.5693,0.243,1,1,278,1
278,3,0,0,1,1,1,0.9873,0.9893,0.9111,0.897,488.5,227.75,264.5,226.25,393.0,246.5,335.75,245.0,224.005,57.2696,0.2557,1,1,279,1
278,3,0,1,1,1,1,0.9849,0.9888,0.8633,0.8838,1113.0,346.0,889.0,345.5,1040.0,391.5,978.5,353.0,224.0006,72.5569,0.3239,1,1,279,1
278,3,0,2,1,1,1,0.9897,0.9839,0.8896,0.8418,781.5,334.0,573.0,337.5,685.5,411.5,644.0,423.0,208.5294,43.0639,0.2065,1,1,279,1
279,3,0,0,1,1,1,0.9883,0.9888,0.9126,0.8926,487.75,227.5,265.0,227.5,394.0,245.0,340.25,243.0,222.75,53.7872,0.2415,1,1,280,1
279,3,0,1,1,1,1,0.9844,0.9897,0.8599,0.8882,1112.0,348.5,888.5,346.5,1038.0,394.5,980.5,363.5,223.5089,65.3242,0.2923,1,1,280,1
279,3,0,2,1,1,1,0.9844,0.9868,0.8711,0.8833,778.0,327.0,573.5,332.0,689.5,410.0,638.0,423.5,204.5611,53.24,0.2603,1,1,280,1
280,3,0,0,1,1,1,0.9878,0.9893,0.9141,0.8965,487.25,227.5,265.25,226.25,393.25,242.5,341.25,239.0,222.0035,52.1177,0.2348,1,1,281,1
280,3,0,1,1,1,1,0.9844,0.9888,0.8623,0.8867,1118.0,344.0,887.0,344.5,1047.0,394.0,979.5,360.0,231.0005,75.5794,0.3272,1,1,281,1
280,3,0,2,1,1,1,0.9819,0.9893,0.8569,0.8916,782.0,331.0,572.5,338.5,688.0,404.0,638.0,420.5,209.6342,52.6522,0.2512,1,1,281,1
281,3,0,0,1,1,1,0.9868,0.9893,0.9116,0.9009,489.25,229.0,265.25,228.0,392.0,243.5,338.0,243.0,224.0022,54.0023,0.2411,1,1,282,1
281,3,0,1,1,1,1,0.9849,0.9893,0.856,0.8843,1111.0,346.5,888.0,348.5,1045.0,399.5,980.5,363.0,223.009,74.1114,0.3323,1,1,282,1
281,3,0,2,1,1,1,0.9897,0.9824,0.8911,0.8374,781.0,332.5,575.0,336.5,677.5,408.5,646.5,415.5,206.0388,31.7805,0.1542,1,1,282,1
282,3,0,0,1,1,1,0.9878,0.9897,0.9082,0.895,491.25,228.75,264.0,229.0,395.0,246.0,341.25,240.5,227.2501,54.0307,0.2378,1,1,283,1
282,3,0,1,1,1,1,0.9844,0.9893,0.8496,0.8794,1114.0,345.0,887.0,345.5,1044.0,392.0,981.5,354.0,227.0006,73.1454,0.3222,1,1,283,1
282,3,0,2,1,1,1,0.9849,0.9858,0.8794,0.8823,780.0,328.5,573.0,333.0,684.0,403.5,643.0,418.0,207.0489,43.4885,0.21,1,1,283,1
283,3,0,0,1,1,1,0.9878,0.9897,0.9092,0.894,489.5,229.0,264.25,228.25,393.75,246.0,341.0,237.0,225.2512,53.5123,0.2376,1,1,284,1
283,3,0,1,1,1,1,0.9883,0.9873,0.8667,0.8643,1117.0,350.0,886.0,348.5,1044.0,401.5,983.5,346.5,231.0049,81.7634,0.3539,1,1,284,1
283,3,0,2,1,1,1,0.9849,0.9863,0.875,0.8823,780.0,328.5,571.0,334.5,695.0,411.5,642.0,419.0,209.0861,53.528,0.256,1,1,284,1
284,3,0,0,1,1,1,0.9883,0.9893,0.915,0.894,489.25,231.5,264.25,229.5,392.5,246.0,340.25,240.0,225.0089,52.5934,0.2337,1,1,285,1
284,3,0,1,1,1,1,0.9849,0.9883,0.8647,0.8799,1118.0,343.5,886.5,343.0,1047.0,393.0,983.0,345.5,231.5005,79.701,0.3443,1,1,285,1
284,3,0,2,1,1,1,0.9897,0.9829,0.8872,0.833,781.5,333.0,574.0,334.5,678.0,409.0,649.0,422.5,207.5054,31.9883,0.1542,1,1,285,1
285,3,0,0,1,1,1,0.9883,0.9897,0.9058,0.8882,491.25,230.0,263.75,227.5,392.5,246.5,338.5,244.5,227.5137,54.037,0.2375,1,1,286,1
285,3,0,1,1,1,1,0.9844,0.9893,0.8521,0.8833,1110.0,345.0,888.0,344.0,1051.0,408.5,985.5,356.5,222.0023,83.6316,0.3767,1,1,286,1
285,3,0,2,1,1,1,0.9893,0.9829,0.8906,0.8442,782.0,333.5,576.0,336.5,685.5,408.0,644.5,419.0,206.0218,42.45,0.206,1,1,286,1
286,3,0,1,1,1,1,0.9839,0.9902,0.8447,0.8872,1112.0,345.5,889.0,344.5,1046.0,401.5,983.5,356.5,223.0022,77.0146,0.3454,1,1,287,1
286,3,0,0,1,1,1,0.9883,0.9888,0.9136,0.8896,489.5,232.5,266.0,227.5,393.25,244.5,342.0,240.5,223.5559,51.4059,0.2299,1,1,287,1
286,3,0,2,1,1,1,0.9819,0.9883,0.8647,0.8931,782.5,332.5,573.5,340.0,691.0,401.0,639.0,414.5,209.1345,53.7238,0.2569,1,1,287,1
287,3,0,0,1,1,1,0.9878,0.9897,0.9097,0.8984,489.75,230.0,265.25,228.25,391.5,247.0,340.5,246.0,224.5068,51.0098,0.2272,1,1,288,1
287,3,0,1,1,1,1,0.9839,0.9897,0.8511,0.8838,1110.0,348.0,892.0,349.5,1050.0,401.0,984.0,350.0,218.0052,83.4086,0.3826,1,1,288,1
287,3,0,2,1,1,1,0.9863,0.9858,0.8833,0.8711,780.0,327.0,573.0,332.5,687.5,407.5,642.0,420.0,207.0731,47.1858,0.2279,1,1,288,1
288,3,0,0,1,1,1,0.9878,0.9888,0.916,0.8979,489.25,230.0,267.0,225.75,394.5,245.0,339.5,242.5,222.2906,55.0568,0.2477,1,1,289,1
288,3,0,1,1,1,1,0.9878,0.9873,0.8682,0.8696,1116.0,350.5,885.5,348.0,1042.0,396.0,978.0,351.0,230.5136,78.2368,0.3394,1,1,289,1
288,3,0,2,1,1,1,0.9824,0.9893,0.8589,0.8901,783.0,334.0,573.0,341.0,689.0,403.0,637.5,412.0,210.1166,52.2805,0.2488,1,1,289,1
289,3,0,0,1,1,1,0.9878,0.9897,0.9082,0.8926,492.25,231.5,264.75,230.5,394.75,248.0,342.5,245.0,227.5022,52.3361,0.23,1,1,290,1
289,3,0,1,1,1,1,0.9834,0.9902,0.8521,0.8872,1110.0,348.0,893.5,351.0,1046.0,389.0,983.0,355.0,216.5208,71.5891,0.3306,1,1,290,1
289,3,0,2,1,1,1,0.9839,0.9868,0.8721,0.8901,782.0,327.5,572.0,332.0,686.5,402.0,645.5,414.0,210.0482,42.72,0.2034,1,1,290,1
290,3,0,1,1,1,1,0.9844,0.9893,0.8604,0.8872,1113.0,345.0,889.0,345.0,1040.0,395.5,984.0,353.5,224.0,70.0,0.3125,1,1,291,1
290,3,0,0,1,1,1,0.9878,0.9893,0.9092,0.8906,490.0,231.0,265.0,228.0,396.5,250.0,341.5,242.5,225.02,55.509,0.2467,1,1,291,1
290,3,0,2,1,1,1,0.9819,0.9888,0.8667,0.8931,782.5,333.0,573.0,340.0,693.5,398.0,640.0,410.5,209.6169,54.9409,0.2621,1,1,291,1
291,3,0,1,1,1,1,0.9883,0.9883,0.8628,0.8691,1115.0,346.5,885.5,347.5,1046.0,404.0,985.0,344.0,229.5022,85.5628,0.3728,1,1,292,1
291,3,0,0,1,1,1,0.9873,0.9854,0.9048,0.8911,498.0,235.5,269.5,228.5,390.75,248.5,335.75,240.5,228.6072,55.5788,0.2431,1,1,292,1
291,3,0,2,1,1,1,0.9873,0.9849,0.8726,0.856,782.0,333.5,575.5,337.5,679.0,407.0,646.5,414.0,206.5387,33.2453,0.161,1,1,292,1
292,3,0,1,1,1,1,0.9878,0.9878,0.8667,0.8726,1115.0,349.5,887.0,348.0,1043.0,391.5,981.5,353.5,228.0049,72.2928,0.3171,1,1,293,1
292,3,0,0,1,1,1,0.9868,0.9893,0.9053,0.8979,490.75,227.75,265.25,227.5,392.0,244.0,343.0,241.5,225.5001,49.0637,0.2176,1,1,293,1
292,3,0,2,1,1,1,0.9849,0.9858,0.8799,0.8809,781.0,329.0,574.5,334.0,692.0,403.5,642.5,419.5,206.5605,52.0216,0.2518,1,1,293,1
293,3,0,1,1,1,1,0.9854,0.9893,0.8564,0.8789,1111.0,345.5,888.5,345.5,1056.0,410.0,982.0,364.0,222.5,87.1321,0.3916,1,1,294,1
293,3,0,0,1,1,1,0.9878,0.9883,0.9146,0.8945,487.0,229.25,264.75,227.0,395.0,244.5,341.75,242.0,222.2614,53.3087,0.2398,1,1,294,1
293,3,0,2,1,1,1,0.9893,0.9824,0.8916,0.8491,783.0,330.0,575.0,336.5,686.0,404.0,644.5,412.5,208.1015,42.3615,0.2036,1,1,294,1
294,3,0,0,1,1,1,0.9883,0.9888,0.917,0.8931,492.5,229.5,265.0,228.0,392.5,244.5,340.25,241.0,227.5049,52.3671,0.2302,1,1,295,1
294,3,0,1,1,1,1,0.9854,0.9888,0.8633,0.8794,1110.0,347.0,889.5,345.5,1048.0,400.0,984.0,360.5,220.5051,75.208,0.3411,1,1,295,1
294,3,0,2,1,1,1,0.9849,0.9854,0.8838,0.8813,781.0,327.0,574.5,332.0,689.5,405.0,642.5,418.5,206.5605,48.9004,0.2367,1,1,295,1
295,3,0,0,1,1,1,0.9873,0.9893,0.9102,0.8955,491.0,229.25,267.0,228.25,392.75,245.5,340.0,242.0,224.0022,52.866,0.236,1,1,296,1
295,3,0,1,1,1,1,0.9844,0.9897,0.8506,0.8828,1111.0,344.0,889.5,345.0,1048.0,402.0,986.0,356.5,221.5023,76.9042,0.3472,1,1,296,1
295,3,0,2,1,1,1,0.9844,0.9858,0.8804,0.8853,781.0,327.0,575.0,332.5,689.5,404.5,644.0,414.5,206.0734,46.5859,0.2261,1,1,296,1
296,3,0,0,1,1,1,0.9883,0.9888,0.9175,0.8945,490.25,229.5,266.75,229.0,395.5,246.0,340.25,242.5,223.5006,55.3607,0.2477,1,1,297,1
296,3,0,1,1,1,1,0.9854,0.9897,0.8525,0.8789,1112.0,344.5,888.0,343.0,1054.0,405.5,981.5,361.0,224.005,85.0676,0.3798,1,1,297,1
296,3,0,2,1,1,1,0.9902,0.9834,0.8975,0.8486,782.0,332.0,576.5,334.5,680.0,405.0,644.5,416.5,205.5152,37.3162,0.1816,1,1,297,1
297,3,0,1,1,1,1,0.9854,0.9897,0.8569,0.8857,1112.0,344.0,888.0,343.5,1051.0,405.5,982.0,355.0,224.0006,85.5058,0.3817,1,1,298,1
297,3,0,0,1,1,1,0.9873,0.9893,0.9097,0.8989,487.75,229.5,265.0,227.75,394.75,245.0,343.5,242.5,222.7569,51.3109,0.2303,1,1,298,1
297,3,0,2,1,1,1,0.98,0.9897,0.8511,0.8994,781.5,330.0,575.5,338.0,690.0,402.0,640.5,415.5,206.1553,51.3079,0.2489,1,1,298,1
298,3,0,1,1,1,1,0.9839,0.9883,0.8623,0.8853,1111.0,343.0,891.0,344.0,1044.0,391.0,987.0,358.5,220.0023,65.6144,0.2982,1,1,299,1
298,3,0,0,1,1,1,0.9883,0.9893,0.9106,0.8931,490.0,232.5,265.0,230.75,395.0,245.0,341.0,240.0,225.0068,54.231,0.241,1,1,299,1
298,3,0,2,1,1,1,0.9839,0.9863,0.873,0.8828,780.0,327.0,575.0,331.0,693.0,409.5,640.0,422.0,205.039,54.4541,0.2656,1,1,299,1
299,3,0,1,1,1,1,0.9878,0.9868,0.8765,0.8726,1114.0,348.0,888.0,346.0,1047.0,399.5,982.5,358.0,226.0088,76.6975,0.3394,1,1,300,1
299,3,0,0,1,1,1,0.9883,0.9893,0.916,0.8936,488.75,232.5,266.25,229.0,392.25,242.5,340.0,241.5,222.5275,52.2596,0.2348,1,1,300,1
299,3,0,2,1,1,1,0.9893,0.9819,0.8989,0.8545,783.5,331.0,577.5,337.0,684.0,403.5,646.5,412.0,206.0874,38.4513,0.1866,1,1,300,1
