frame,raw_num_people,anomaly,track_id,conf_ok,boundary_ok,overlap_ok,conf_ls,conf_rs,conf_lw,conf_rw,ls_x,ls_y,rs_x,rs_y,lw_x,lw_y,rw_x,rw_y,shoulder_dist,wrist_dist,ratio,frontal,hands_now,consecutive_frames,confirmed
0,3,0,0,1,1,1,0.9868,0.9824,0.8809,0.8506,1197.0,336.5,985.5,344.0,1035.0,499.0,1178.0,486.0,211.6329,143.5897,0.6785,1,0,0,0
0,3,0,1,1,1,1,0.9829,0.9888,0.8306,0.853,865.5,363.5,652.5,325.0,626.5,529.0,749.0,518.0,216.4515,122.9929,0.5682,1,0,0,0
0,3,0,2,1,1,1,0.9814,0.9883,0.8916,0.9189,228.125,261.0,40.6875,273.0,86.5625,396.0,202.0,399.5,187.8212,115.4905,0.6149,1,0,0,0
1,3,0,1,1,1,1,0.9824,0.9888,0.833,0.8604,860.0,362.5,649.5,329.5,624.0,530.0,751.5,517.0,213.071,128.161,0.6015,1,0,0,0
1,3,0,0,1,1,1,0.9893,0.9819,0.8838,0.8223,1192.0,335.0,981.0,345.5,1026.0,505.5,1162.0,488.5,211.2611,137.0584,0.6488,1,0,0,0
1,3,0,2,1,1,1,0.9868,0.9854,0.9165,0.895,240.0,265.5,51.9375,271.5,92.9375,397.5,223.5,396.0,188.1582,130.5711,0.6939,1,0,0,0
2,3,0,0,1,1,1,0.9873,0.9878,0.854,0.8389,1192.0,338.5,982.0,349.0,1025.0,496.0,1157.0,490.0,210.2623,132.1363,0.6284,1,0,0,0
2,3,0,2,1,1,1,0.9858,0.9834,0.9048,0.8911,233.0,267.5,54.125,270.0,95.0,393.0,215.125,398.0,178.8925,120.229,0.6721,1,0,0,0
2,3,0,1,1,1,1,0.9814,0.9888,0.8306,0.8633,856.0,366.0,650.0,332.0,627.5,531.0,747.5,520.5,208.787,120.4585,0.5769,1,0,0,0
3,3,0,0,1,1,1,0.9893,0.981,0.8862,0.8271,1184.0,338.0,977.5,346.5,1028.0,505.0,1160.0,484.5,206.6749,133.5824,0.6463,1,0,0,0
3,3,0,1,1,1,1,0.9839,0.9873,0.8579,0.8511,856.0,361.0,637.0,329.5,624.0,524.0,743.0,509.0,221.2538,119.9417,0.5421,1,0,0,0
3,3,0,2,1,1,1,0.9854,0.9814,0.9092,0.8818,251.75,264.0,66.1875,268.0,124.5625,406.0,211.125,399.0,185.6056,86.8451,0.4679,1,1,1,0
4,3,0,0,1,1,1,0.9893,0.9858,0.874,0.8291,1184.0,341.0,976.0,351.5,1015.0,503.0,1161.0,490.0,208.2649,146.5776,0.7038,1,0,0,0
4,3,0,1,1,1,1,0.9873,0.9824,0.8877,0.8306,848.0,358.0,635.0,323.0,627.5,527.5,749.0,508.0,215.8564,123.0549,0.5701,1,0,0,0
4,3,0,2,1,1,1,0.9839,0.9839,0.9004,0.8975,244.875,265.5,69.9375,268.5,105.0,397.5,228.5,400.0,174.9632,123.5253,0.706,1,0,0,0
5,3,0,0,1,1,1,0.9883,0.9863,0.8643,0.8306,1182.0,338.5,972.0,348.5,1022.5,503.0,1155.0,490.5,210.238,133.0883,0.633,1,0,0,0
5,3,0,1,1,1,1,0.9873,0.9878,0.8569,0.8315,839.0,356.5,629.5,332.5,619.0,538.0,741.0,514.0,210.8702,124.3382,0.5896,1,0,0,0
5,3,0,2,1,1,1,0.9819,0.9858,0.897,0.9116,259.75,265.0,86.375,267.0,131.5,388.0,243.0,397.0,173.3865,111.8626,0.6452,1,0,0,0
6,3,0,0,1,1,1,0.9883,0.9863,0.8628,0.8359,1182.0,340.5,970.0,349.0,1020.5,501.0,1160.0,492.0,212.1703,139.79,0.6589,1,0,0,0
6,3,0,1,1,1,1,0.9902,0.9805,0.8774,0.8052,837.0,358.0,628.0,329.0,638.0,551.5,758.0,509.5,211.0024,127.1377,0.6025,1,0,0,0
6,3,0,2,1,1,1,0.9844,0.9868,0.9058,0.9023,263.5,264.5,84.75,270.0,123.375,392.0,248.5,395.0,178.8346,125.161,0.6999,1,0,0,0
7,3,0,0,1,1,1,0.9888,0.9849,0.8687,0.8398,1178.0,341.0,974.0,346.5,1015.5,503.0,1164.0,488.0,204.0741,149.2557,0.7314,1,0,0,0
7,3,0,1,1,1,1,0.9897,0.9824,0.8853,0.8115,826.0,354.0,612.0,334.0,629.0,545.0,740.5,507.5,214.9325,117.6372,0.5473,1,0,0,0
7,3,0,2,1,1,1,0.9834,0.9868,0.9019,0.9072,276.5,268.0,96.125,268.0,135.0,387.5,250.75,399.0,180.375,116.3199,0.6449,1,0,0,0
8,3,0,0,1,1,1,0.9883,0.9849,0.8613,0.8438,1180.0,342.5,973.5,347.5,1021.5,506.0,1163.0,483.5,206.5605,143.2777,0.6936,1,0,0,0
8,3,0,1,1,1,1,0.9893,0.9819,0.8892,0.8174,827.0,353.5,614.0,333.0,637.5,536.0,738.5,507.0,213.9842,105.0809,0.4911,1,1,1,0
8,3,0,2,1,1,1,0.9858,0.9849,0.9131,0.8989,276.5,268.0,97.5,268.0,130.125,390.5,259.25,399.5,179.0,129.4383,0.7231,1,0,0,0
9,3,0,0,1,1,1,0.9878,0.9863,0.8638,0.8398,1179.0,340.0,968.5,351.0,1016.5,503.5,1158.0,493.0,210.7872,141.889,0.6731,1,0,0,0
9,3,0,1,1,1,1,0.9878,0.9849,0.8799,0.8242,813.5,353.0,605.0,336.5,607.5,530.0,726.5,509.0,209.1519,120.8387,0.5778,1,0,0,0
9,3,0,2,1,1,1,0.9849,0.9839,0.9082,0.9014,292.5,267.5,110.3125,263.0,146.375,392.0,271.5,394.5,182.2431,125.15,0.6867,1,0,0,0
10,3,0,0,1,1,1,0.9883,0.9858,0.8706,0.833,1184.0,339.0,962.5,350.0,1023.0,502.0,1169.0,489.0,221.773,146.5776,0.6609,1,0,0,0
10,3,0,1,1,1,1,0.9897,0.9824,0.8892,0.7983,796.0,350.5,589.5,341.5,595.0,527.5,713.0,502.5,206.696,120.6192,0.5836,1,0,0,0
10,3,0,2,1,1,1,0.9819,0.9863,0.8936,0.9146,302.0,267.0,120.3125,259.5,159.0,397.0,277.5,399.5,181.8422,118.5264,0.6518,1,0,0,0
11,3,0,0,1,1,1,0.9883,0.9849,0.877,0.8315,1184.0,339.0,963.0,351.0,1025.0,502.5,1164.0,488.0,221.3256,139.7542,0.6314,1,0,0,0
11,3,0,1,1,1,1,0.9878,0.9834,0.8804,0.8169,798.0,353.0,588.5,341.0,601.0,524.0,718.0,507.0,209.8434,118.2286,0.5634,1,0,0,0
11,3,0,2,1,1,1,0.9819,0.9863,0.894,0.9136,302.25,268.0,120.1875,260.0,157.625,400.0,277.0,401.5,182.2382,119.3844,0.6551,1,0,0,0
12,3,0,1,1,1,1,0.9883,0.9819,0.8901,0.8198,777.0,346.5,577.5,340.0,577.0,528.5,710.5,503.0,199.6059,135.9136,0.6809,1,0,0,0
12,3,0,0,1,1,1,0.9888,0.9834,0.8682,0.8311,1183.0,338.5,967.0,348.0,1022.0,506.0,1169.0,485.5,216.2088,148.4225,0.6865,1,0,0,0
12,3,0,2,1,1,1,0.9873,0.9849,0.9082,0.9033,314.25,270.0,138.125,259.0,173.125,388.0,292.5,399.0,176.4682,119.8807,0.6793,1,0,0,0
13,3,0,0,1,1,1,0.9883,0.9854,0.8608,0.8472,1180.0,340.0,972.5,347.0,1021.0,505.0,1164.0,481.5,207.618,144.9181,0.698,1,0,0,0
13,3,0,1,1,1,1,0.9849,0.9839,0.8916,0.8535,787.0,350.0,575.5,343.0,580.5,526.0,707.0,503.5,211.6158,128.4854,0.6072,1,0,0,0
13,3,0,2,1,1,1,0.9858,0.9834,0.9131,0.8882,318.0,267.5,130.75,258.5,174.625,386.0,287.25,391.5,187.4662,112.7592,0.6015,1,0,0,0
14,3,0,0,1,1,1,0.9878,0.9829,0.875,0.8452,1187.0,339.0,972.0,347.5,1028.0,506.5,1166.0,488.5,215.168,139.169,0.6468,1,0,0,0
14,3,0,1,1,1,1,0.9883,0.98,0.895,0.8281,761.0,351.0,561.5,345.0,565.5,522.0,689.0,496.0,199.5902,126.2072,0.6323,1,0,0,0
14,3,0,2,1,1,1,0.9844,0.9824,0.9087,0.8823,334.0,263.0,140.75,257.5,197.0,403.0,291.5,398.0,193.3283,94.6322,0.4895,1,1,1,0
15,3,0,0,1,1,1,0.9888,0.9824,0.8765,0.8354,1186.0,336.5,972.0,346.0,1026.0,506.0,1166.0,484.0,214.2108,141.718,0.6616,1,0,0,0
15,3,0,1,1,1,1,0.9878,0.98,0.8931,0.8267,764.5,350.5,558.5,345.0,565.0,520.0,692.5,495.0,206.0734,129.9279,0.6305,1,0,0,0
15,3,0,2,1,1,1,0.9849,0.9824,0.9131,0.8818,334.0,263.0,141.25,257.0,200.875,404.0,295.5,399.0,192.8434,94.757,0.4914,1,1,2,0
16,3,0,1,1,1,1,0.9888,0.9775,0.9058,0.8198,750.0,349.0,550.5,346.0,557.5,517.0,676.5,493.0,199.5226,121.396,0.6084,1,0,0,0
16,3,0,0,1,1,1,0.9902,0.9795,0.8989,0.8115,1192.0,337.0,978.0,347.0,1022.5,499.5,1167.0,486.0,214.2335,145.1293,0.6774,1,0,0,0
16,3,0,2,1,1,1,0.9878,0.9824,0.9175,0.8906,335.25,268.5,149.5,252.5,194.125,392.5,314.75,395.5,186.4378,120.6623,0.6472,1,0,0,0
17,3,0,0,1,1,1,0.9888,0.9824,0.8867,0.8315,1200.0,334.5,985.0,346.5,1030.0,497.5,1169.0,483.5,215.3346,139.7033,0.6488,1,0,0,0
17,3,0,1,1,1,1,0.9897,0.9785,0.8931,0.8076,739.0,348.0,538.5,349.0,538.5,520.5,670.5,493.5,200.5025,134.7331,0.672,1,0,0,0
17,3,0,2,1,1,1,0.9839,0.9844,0.9121,0.896,340.0,272.0,154.125,254.5,206.0,395.5,312.0,397.5,186.697,106.0189,0.5679,1,0,0,0
18,3,0,0,1,1,1,0.9868,0.9873,0.8608,0.8481,1200.0,340.0,988.0,351.5,1023.0,492.0,1166.0,487.5,212.3117,143.0708,0.6739,1,0,0,0
18,3,0,1,1,1,1,0.9897,0.979,0.8916,0.8047,739.0,347.0,538.5,348.5,540.0,521.0,668.0,493.0,200.5056,131.0267,0.6535,1,0,0,0
18,3,0,2,1,1,1,0.9824,0.9858,0.9023,0.9009,342.25,271.5,154.75,254.0,208.625,396.5,314.0,397.5,188.3149,105.3797,0.5596,1,0,0,0
19,3,0,0,1,1,1,0.9888,0.981,0.8955,0.8306,1205.0,337.5,988.0,345.5,1032.0,496.5,1174.0,484.0,217.1474,142.5491,0.6565,1,0,0,0
19,3,0,1,1,1,1,0.9912,0.978,0.8965,0.7954,727.0,348.0,525.0,348.5,538.0,525.0,651.0,491.0,202.0006,118.0042,0.5842,1,0,0,0
19,3,0,2,1,1,1,0.9814,0.9829,0.9087,0.8921,349.0,269.0,160.75,251.0,219.625,405.0,306.25,400.0,189.1086,86.7692,0.4588,1,1,1,0
20,3,0,0,1,1,1,0.9883,0.981,0.8989,0.8438,1204.0,335.0,991.5,343.5,1033.0,495.0,1174.0,485.0,212.6699,141.3542,0.6647,1,0,0,0
20,3,0,1,1,1,1,0.9907,0.979,0.8916,0.7993,726.5,348.5,527.0,351.0,538.5,524.0,651.0,491.0,199.5157,117.2401,0.5876,1,0,0,0
20,3,0,2,1,1,1,0.9868,0.9829,0.918,0.8931,346.5,273.5,157.75,251.0,216.25,394.0,315.0,398.0,190.0863,98.831,0.5199,1,0,0,0
21,3,0,0,1,1,1,0.9873,0.9824,0.8877,0.8477,1212.0,336.0,994.5,343.0,1035.0,498.0,1180.0,489.0,217.6126,145.279,0.6676,1,0,0,0
21,3,0,1,1,1,1,0.9907,0.9814,0.8799,0.8018,708.0,352.5,511.5,354.0,551.5,524.5,619.5,496.0,196.5057,73.7309,0.3752,1,1,1,0
21,3,0,2,1,1,1,0.9785,0.9883,0.8867,0.9214,347.0,273.5,162.5,249.5,200.5,398.0,322.5,409.0,186.0544,122.4949,0.6584,1,0,0,0
22,3,0,0,1,1,1,0.9873,0.9824,0.8867,0.8486,1213.0,337.0,994.0,344.0,1039.0,492.5,1185.0,486.0,219.1118,146.1446,0.667,1,0,0,0
22,3,0,1,1,1,1,0.9912,0.9785,0.8872,0.7808,709.5,352.0,512.5,352.5,539.5,520.0,639.0,491.0,197.0006,103.64,0.5261,1,0,0,0
22,3,0,2,1,1,1,0.9819,0.9824,0.9082,0.8887,347.0,268.0,159.25,247.5,218.5,406.5,309.5,401.0,188.8659,91.1661,0.4827,1,1,1,0
23,3,0,0,1,1,1,0.9873,0.9849,0.8906,0.8477,1221.0,338.0,1000.0,348.0,1032.0,492.0,1180.0,493.0,221.2261,148.0034,0.669,1,0,0,0
23,3,0,1,1,1,1,0.9917,0.9756,0.9028,0.7749,706.5,346.0,507.0,348.0,520.0,518.5,651.0,487.0,199.51,134.734,0.6753,1,0,0,0
23,3,0,2,1,1,1,0.9785,0.9878,0.8906,0.9141,353.75,276.0,164.25,248.5,217.375,400.5,318.0,405.0,191.485,100.7256,0.526,1,0,0,0
24,3,0,1,1,1,1,0.9868,0.9819,0.8755,0.8306,698.5,345.5,498.5,349.0,518.0,520.5,650.0,493.0,200.0306,134.8342,0.6741,1,0,0,0
24,3,0,0,1,1,1,0.9863,0.9863,0.8804,0.8496,1226.0,341.0,1006.5,351.0,1041.0,488.0,1190.0,491.0,219.7277,149.0302,0.6782,1,0,0,0
24,3,0,2,1,1,1,0.978,0.9844,0.897,0.9004,355.5,272.0,169.375,247.0,227.25,406.0,310.0,405.5,187.7965,82.7515,0.4406,1,1,1,0
25,3,0,1,1,1,1,0.9878,0.98,0.8872,0.8208,699.5,346.5,497.5,350.5,519.0,520.0,648.5,494.5,202.0396,131.9867,0.6533,1,0,0,0
25,3,0,0,1,1,1,0.9868,0.9873,0.874,0.8481,1230.0,339.0,1006.5,348.5,1040.0,489.5,1194.0,490.5,223.7018,154.0032,0.6884,1,0,0,0
25,3,0,2,1,1,1,0.9854,0.9849,0.9136,0.9004,354.0,279.5,169.125,247.5,218.875,398.5,315.75,401.5,187.624,96.9214,0.5166,1,0,0,0
26,3,0,1,1,1,1,0.9854,0.9844,0.8784,0.8447,695.0,349.0,488.25,354.0,514.5,507.0,647.5,495.0,206.8105,133.5403,0.6457,1,0,0,0
26,3,0,0,1,1,1,0.9858,0.9878,0.8691,0.8574,1232.0,338.0,1012.5,346.0,1057.0,491.5,1201.0,490.0,219.6457,144.0078,0.6556,1,0,0,0
26,3,0,2,1,1,1,0.9805,0.9824,0.9106,0.894,356.5,269.0,168.0,241.0,227.0,408.5,310.0,405.5,190.5682,83.0542,0.4358,1,1,1,0
27,3,0,1,1,1,1,0.9897,0.979,0.8828,0.8125,694.0,342.5,491.25,347.5,516.0,513.5,646.5,490.0,202.8116,132.599,0.6538,1,0,0,0
27,3,0,0,1,1,1,0.9834,0.9868,0.8579,0.875,1231.0,339.0,1010.5,346.0,1059.0,492.0,1203.0,485.0,220.6111,144.17,0.6535,1,0,0,0
27,3,0,2,1,1,1,0.9795,0.9819,0.9072,0.8906,355.75,271.0,169.125,243.0,226.25,409.0,310.25,403.0,188.7138,84.214,0.4463,1,1,2,0
28,3,0,1,1,1,1,0.9868,0.9824,0.8706,0.8325,692.0,347.5,484.0,353.5,516.0,515.0,652.5,491.0,208.0865,138.5938,0.666,1,0,0,0
28,3,0,0,1,1,1,0.9844,0.9858,0.8633,0.8643,1234.0,340.5,1017.0,346.0,1061.0,492.0,1207.0,485.0,217.0697,146.1677,0.6734,1,0,0,0
28,3,0,2,1,1,1,0.9795,0.9814,0.9077,0.8862,353.5,270.5,169.25,243.0,224.875,407.0,308.75,400.0,186.2909,84.1666,0.4518,1,1,3,0
29,3,0,1,1,1,1,0.9873,0.981,0.8789,0.8247,691.0,349.0,484.0,354.5,516.5,517.0,651.5,490.0,207.0731,137.6735,0.6649,1,0,0,0
29,3,0,0,1,1,1,0.9805,0.9893,0.7852,0.8818,1232.0,342.5,1027.0,344.0,1061.0,489.0,1214.0,476.5,205.0055,153.5098,0.7488,1,0,0,0
29,3,0,2,1,1,1,0.9805,0.9814,0.9155,0.8906,355.5,270.5,169.0,241.5,222.0,405.0,306.0,402.5,188.7412,84.0372,0.4453,1,1,4,0
30,3,0,0,1,1,1,0.979,0.9893,0.7637,0.877,1238.0,343.5,1032.0,346.5,1061.0,489.0,1215.0,474.0,206.0218,154.7288,0.751,1,0,0,0
30,3,0,1,1,1,1,0.9858,0.9878,0.8447,0.8438,688.0,346.5,486.25,355.0,519.0,505.5,652.0,495.0,201.929,133.4138,0.6607,1,0,0,0
30,3,0,2,1,1,1,0.979,0.9814,0.9072,0.8916,351.5,273.0,161.875,242.0,216.625,404.0,304.75,402.0,192.1422,88.1477,0.4588,1,1,5,0
31,3,0,0,1,1,1,0.978,0.9897,0.7407,0.875,1238.0,343.0,1030.0,346.0,1065.0,493.0,1214.0,475.5,208.0216,150.0242,0.7212,1,0,0,0
31,3,0,1,1,1,1,0.9907,0.9751,0.8984,0.8022,687.0,340.5,485.5,345.5,518.0,510.0,635.0,480.0,201.562,120.7849,0.5992,1,0,0,0
31,3,0,2,1,1,1,0.9795,0.9824,0.9072,0.8931,351.5,273.0,164.5,244.0,215.75,407.0,304.5,402.0,189.2353,88.8907,0.4697,1,1,6,1
32,3,0,0,1,1,1,0.9771,0.9893,0.7603,0.8843,1239.0,344.5,1036.0,346.5,1068.0,495.0,1213.0,476.5,203.0099,146.1754,0.72,1,0,0,0
32,3,0,1,1,1,1,0.9868,0.9873,0.8491,0.8345,688.0,348.0,485.25,355.0,518.0,505.0,658.5,495.5,202.8708,140.8208,0.6941,1,0,0,0
32,3,0,2,1,1,1,0.9805,0.9814,0.9121,0.8911,345.75,275.5,160.125,244.0,210.25,401.5,294.0,398.0,188.2788,83.8231,0.4452,1,1,7,1
33,3,0,1,1,1,1,0.9907,0.9775,0.8882,0.8062,689.5,339.0,483.0,344.5,527.0,513.5,656.0,488.0,206.5732,131.4962,0.6366,1,0,0,0
33,3,0,0,1,1,1,0.978,0.9893,0.7622,0.8784,1240.0,345.0,1036.0,346.0,1066.0,493.5,1215.0,478.5,204.0025,149.7531,0.7341,1,0,0,0
33,3,0,2,1,1,1,0.9868,0.9824,0.9219,0.8896,344.25,280.5,159.25,245.0,205.0,392.0,307.5,394.0,188.3753,102.5195,0.5442,1,0,0,0
34,3,0,0,1,1,1,0.9751,0.9893,0.7378,0.8779,1243.0,344.0,1038.0,346.5,1069.0,492.0,1215.0,483.5,205.0152,146.2472,0.7133,1,0,0,0
34,3,0,1,1,1,1,0.9878,0.9854,0.8774,0.8271,694.0,342.0,482.0,351.0,520.5,510.0,662.0,492.0,212.191,142.6403,0.6722,1,0,0,0
34,3,0,2,1,1,1,0.9805,0.9824,0.9058,0.8921,340.25,275.5,153.625,246.0,201.0,404.0,292.25,395.5,188.9422,91.645,0.485,1,1,1,0
35,3,0,1,1,1,1,0.9873,0.9873,0.8657,0.8398,696.0,342.0,484.0,352.0,525.5,509.5,672.0,495.5,212.2357,147.1674,0.6934,1,0,0,0
35,3,0,0,1,1,1,0.9736,0.9897,0.7373,0.8867,1245.0,344.0,1042.0,345.0,1070.0,494.0,1215.0,478.5,203.0025,145.8261,0.7183,1,0,0,0
35,3,0,2,1,1,1,0.9775,0.9888,0.8828,0.9238,326.0,281.0,153.25,250.0,180.375,390.0,286.0,406.0,175.5094,106.83,0.6087,1,0,0,0
36,3,0,0,1,1,1,0.9722,0.9888,0.7354,0.8857,1244.0,345.0,1043.0,347.0,1076.0,496.0,1218.0,477.0,201.01,143.2655,0.7127,1,0,0,0
36,3,0,1,1,1,1,0.9868,0.9873,0.8662,0.8394,693.5,343.0,484.25,352.0,529.5,508.5,671.5,494.5,209.4435,142.6885,0.6813,1,0,0,0
36,3,0,2,1,1,1,0.9771,0.9888,0.8784,0.9248,324.0,277.5,152.125,247.5,173.125,387.0,285.5,403.0,174.4735,113.5083,0.6506,1,0,0,0
37,3,0,1,1,1,1,0.9868,0.9873,0.8662,0.8418,703.0,343.5,488.75,352.0,530.5,502.5,671.0,492.0,214.4185,140.8918,0.6571,1,0,0,0
37,3,0,0,1,1,1,0.9736,0.9893,0.7437,0.8867,1243.0,344.0,1042.0,344.5,1067.0,490.0,1221.0,475.5,201.0006,154.6811,0.7696,1,0,0,0
37,3,0,2,1,1,1,0.9785,0.9868,0.8916,0.9185,315.75,281.0,139.875,252.0,159.625,388.0,276.5,400.5,178.2499,117.5415,0.6594,1,0,0,0
38,3,0,0,1,1,1,0.9756,0.9868,0.7871,0.8833,1248.0,339.5,1041.0,342.0,1072.0,494.5,1215.0,480.5,207.0151,143.6837,0.6941,1,0,0,0
38,3,0,1,1,1,1,0.9883,0.9834,0.8706,0.8237,697.0,341.0,488.25,347.5,541.0,511.0,672.0,494.0,208.8512,132.0984,0.6325,1,0,0,0
38,3,0,2,1,1,1,0.9795,0.9868,0.8931,0.916,315.25,282.0,139.75,253.0,155.75,389.0,276.0,400.0,177.8799,120.7521,0.6788,1,0,0,0
39,3,0,0,1,1,1,0.9814,0.9868,0.8457,0.8706,1246.0,341.0,1035.0,344.5,1077.0,490.0,1210.0,481.5,211.029,133.2713,0.6315,1,0,0,0
39,3,0,1,1,1,1,0.9917,0.9795,0.8799,0.771,700.5,342.0,495.0,348.0,542.0,502.0,671.5,491.0,205.5876,129.9663,0.6322,1,0,0,0
39,3,0,2,1,1,1,0.9766,0.9888,0.8711,0.9263,301.75,277.0,128.375,251.0,157.625,391.0,268.25,399.0,175.3137,110.9139,0.6327,1,0,0,0
40,3,0,0,1,1,1,0.9766,0.9888,0.769,0.8867,1242.0,344.5,1042.0,345.5,1078.0,489.0,1215.0,471.5,200.0025,138.1132,0.6906,1,0,0,0
40,3,0,1,1,1,1,0.9897,0.9834,0.8779,0.8057,702.0,341.5,492.5,347.0,534.0,506.0,671.0,497.0,209.5722,137.2953,0.6551,1,0,0,0
40,3,0,2,1,1,1,0.9761,0.9888,0.8687,0.9258,304.5,278.0,128.75,252.0,156.125,393.5,270.0,400.0,177.6628,114.0604,0.642,1,0,0,0
41,3,0,0,1,1,1,0.9775,0.9883,0.77,0.876,1243.0,345.0,1041.0,347.0,1070.0,488.5,1217.0,471.0,202.0099,148.038,0.7328,1,0,0,0
41,3,0,1,1,1,1,0.9888,0.9844,0.8691,0.8145,708.0,343.5,501.5,348.5,541.0,509.0,679.0,496.0,206.5605,138.611,0.671,1,0,0,0
41,3,0,2,1,1,1,0.9785,0.9873,0.8799,0.9209,294.0,278.0,117.25,253.0,146.5,392.5,258.75,398.0,178.5093,112.3847,0.6296,1,0,0,0
42,3,0,1,1,1,1,0.9917,0.98,0.8867,0.7827,708.5,340.5,503.5,344.5,541.5,508.0,676.0,495.0,205.039,135.1268,0.659,1,0,0,0
42,3,0,0,1,1,1,0.98,0.9863,0.8145,0.8765,1246.0,342.0,1037.0,343.5,1071.0,495.0,1213.0,477.5,209.0054,143.0743,0.6845,1,0,0,0
42,3,0,2,1,1,1,0.9751,0.9902,0.8677,0.9297,298.0,277.0,116.625,255.0,147.25,391.0,256.5,404.0,182.7044,110.0207,0.6022,1,0,0,0
43,3,0,1,1,1,1,0.9907,0.9805,0.8823,0.7954,710.0,347.0,513.0,347.0,550.5,501.0,681.0,488.5,197.0,131.0973,0.6655,1,0,0,0
43,3,0,0,1,1,1,0.9824,0.9854,0.8281,0.8682,1244.0,339.5,1034.0,341.5,1063.0,495.0,1215.0,476.0,210.0095,153.1829,0.7294,1,0,0,0
43,3,0,2,1,1,1,0.98,0.9868,0.8882,0.9111,283.75,279.0,107.75,260.0,132.0,388.0,250.75,402.0,177.0226,119.5724,0.6755,1,0,0,0
44,3,0,1,1,1,1,0.9902,0.9829,0.8813,0.7964,709.0,348.0,513.5,350.5,545.0,499.5,683.5,495.0,195.516,138.5731,0.7088,1,0,0,0
44,3,0,0,1,1,1,0.9844,0.9849,0.8706,0.8608,1243.0,339.5,1032.0,344.0,1057.0,494.0,1207.0,479.0,211.048,150.7481,0.7143,1,0,0,0
44,3,0,2,1,1,1,0.981,0.9858,0.8975,0.9077,283.5,278.5,109.1875,259.0,135.625,387.0,250.0,399.0,175.3998,115.0028,0.6557,1,0,0,0
45,3,0,1,1,1,1,0.9868,0.9858,0.8604,0.8384,722.5,346.0,531.0,348.5,562.5,507.0,698.0,490.5,191.5163,136.5009,0.7127,1,0,0,0
45,3,0,0,1,1,1,0.9844,0.9834,0.8535,0.855,1240.0,338.5,1032.0,344.5,1055.0,490.0,1209.0,479.0,208.0865,154.3924,0.742,1,0,0,0
45,3,0,2,1,1,1,0.9766,0.9893,0.8691,0.9224,273.0,276.0,96.5625,263.0,131.0,393.5,239.25,402.5,176.9158,108.6235,0.614,1,0,0,0
46,3,0,1,1,1,1,0.9888,0.9834,0.8765,0.8315,734.5,350.0,540.0,347.5,579.0,498.0,704.0,479.5,194.5161,126.3616,0.6496,1,0,0,0
46,3,0,0,1,1,1,0.9829,0.9878,0.8174,0.874,1230.0,345.0,1027.0,346.5,1054.0,483.0,1210.0,470.0,203.0055,156.5407,0.7711,1,0,0,0
46,3,0,2,1,1,1,0.9814,0.9858,0.895,0.897,267.5,280.5,92.75,267.0,136.375,401.0,214.75,402.0,175.2707,78.3814,0.4472,1,1,1,0
47,3,0,1,1,1,1,0.9878,0.9863,0.8691,0.833,732.0,350.5,541.0,352.0,572.5,494.5,709.5,484.5,191.0059,137.3645,0.7192,1,0,0,0
47,3,0,0,1,1,1,0.9849,0.9844,0.8608,0.8696,1233.0,340.5,1025.0,341.0,1056.0,491.0,1204.0,478.0,208.0006,148.5698,0.7143,1,0,0,0
47,3,0,2,1,1,1,0.981,0.9854,0.8921,0.895,267.0,280.5,92.875,265.0,133.375,398.5,212.75,398.5,174.8135,79.375,0.4541,1,1,2,0
48,3,0,1,1,1,1,0.9878,0.98,0.8887,0.8296,745.5,348.5,549.5,346.0,588.5,505.5,710.0,483.0,196.0159,123.5658,0.6304,1,0,0,0
48,3,0,0,1,1,1,0.9868,0.9834,0.8872,0.8496,1226.0,341.0,1016.0,342.5,1042.0,488.5,1191.0,480.5,210.0054,149.2146,0.7105,1,0,0,0
48,3,0,2,1,1,1,0.981,0.9888,0.8901,0.9053,259.75,278.5,83.0,268.5,110.125,401.5,202.875,404.5,177.0327,92.7985,0.5242,1,0,0,0
49,3,0,1,1,1,1,0.9868,0.9814,0.8823,0.8369,745.0,347.5,552.0,346.0,594.0,507.0,715.0,486.5,193.0058,122.7243,0.6359,1,0,0,0
49,3,0,0,1,1,1,0.9863,0.9834,0.8857,0.8525,1226.0,341.5,1015.0,343.5,1037.0,487.0,1192.0,482.0,211.0095,155.0806,0.7349,1,0,0,0
49,3,0,2,1,1,1,0.9819,0.9888,0.8916,0.9038,260.75,277.5,83.25,267.5,112.25,397.5,203.125,405.5,177.7815,91.2265,0.5131,1,0,0,0
50,3,0,1,1,1,1,0.9878,0.9824,0.8813,0.8262,758.0,348.5,564.0,344.5,601.5,506.5,722.0,488.5,194.0412,121.837,0.6279,1,0,0,0
50,3,0,0,1,1,1,0.9873,0.9829,0.8862,0.8418,1222.0,344.0,1009.0,345.0,1033.0,492.5,1176.0,478.0,213.0023,143.7333,0.6748,1,0,0,0
50,3,0,2,1,1,1,0.9849,0.9834,0.9053,0.8774,253.875,280.0,77.9375,268.5,113.625,392.0,195.0,397.0,176.3129,81.5285,0.4624,1,1,1,0
51,3,0,0,1,1,1,0.9868,0.9819,0.8882,0.8462,1220.0,343.0,1011.0,343.0,1035.0,492.0,1182.0,480.5,209.0,147.4491,0.7055,1,0,0,0
51,3,0,1,1,1,1,0.9873,0.9834,0.873,0.8296,759.0,350.0,563.0,345.5,597.5,505.0,722.5,486.5,196.0517,126.3616,0.6445,1,0,0,0
51,3,0,2,1,1,1,0.9829,0.9878,0.8989,0.8965,257.0,279.0,78.5625,270.0,99.6875,396.5,200.375,399.0,178.6643,100.7185,0.5637,1,0,0,0
52,3,0,0,1,1,1,0.9863,0.9834,0.8804,0.8545,1215.0,347.0,1005.0,343.0,1037.0,494.0,1175.0,481.5,210.0381,138.565,0.6597,1,0,0,0
52,3,0,1,1,1,1,0.9897,0.9805,0.8823,0.8135,770.5,350.0,581.0,347.0,615.5,506.5,741.5,488.0,189.5237,127.3509,0.672,1,0,0,0
52,3,0,2,1,1,1,0.9839,0.9849,0.895,0.8906,244.75,280.0,74.75,270.5,97.0,389.0,208.5,396.5,170.2652,111.752,0.6563,1,0,0,0
53,3,0,1,1,1,1,0.9873,0.9795,0.894,0.8501,784.5,353.0,594.0,349.0,635.0,509.0,750.0,481.5,190.542,118.2423,0.6206,1,0,0,0
53,3,0,0,1,1,1,0.9878,0.9844,0.8955,0.8408,1214.0,347.5,1000.5,346.0,1024.0,491.5,1167.0,482.0,213.5053,143.3152,0.6712,1,0,0,0
53,3,0,2,1,1,1,0.9839,0.9854,0.8926,0.895,239.0,281.0,70.8125,272.0,93.25,390.0,209.0,396.5,168.4281,115.9324,0.6883,1,0,0,0
54,3,0,0,1,1,1,0.9873,0.981,0.8926,0.8447,1206.0,344.5,1002.0,343.0,1032.0,499.0,1165.0,482.0,204.0055,134.0821,0.6572,1,0,0,0
54,3,0,1,1,1,1,0.9897,0.98,0.8882,0.8145,784.5,350.5,595.0,348.0,639.5,513.0,749.5,486.5,189.5165,113.147,0.597,1,0,0,0
54,3,0,2,1,1,1,0.9834,0.9863,0.8872,0.8975,239.125,281.0,71.6875,272.0,95.5,389.0,210.25,396.5,167.6792,114.9948,0.6858,1,0,0,0
55,3,0,0,1,1,1,0.9888,0.9785,0.9033,0.8223,1201.0,347.0,996.0,342.5,1028.0,497.0,1158.0,480.5,205.0494,131.0429,0.6391,1,0,0,0
55,3,0,1,1,1,1,0.9893,0.9824,0.8813,0.8291,791.0,354.5,609.0,348.0,640.5,508.0,755.0,484.0,182.116,116.9882,0.6424,1,0,0,0
55,3,0,2,1,1,1,0.9824,0.9893,0.8945,0.9146,243.75,270.5,64.375,272.0,103.25,392.5,196.625,387.5,179.3813,93.5088,0.5213,1,0,0,0
56,3,0,1,1,1,1,0.9893,0.9785,0.895,0.8135,795.0,350.5,605.0,348.5,644.5,512.5,751.0,485.5,190.0105,109.8692,0.5782,1,0,0,0
56,3,0,0,1,1,1,0.9873,0.9858,0.8833,0.8506,1202.0,350.5,999.0,350.5,1022.0,491.5,1155.0,482.5,203.0,133.3042,0.6567,1,0,0,0
56,3,0,2,1,1,1,0.9849,0.9854,0.8965,0.8906,240.5,278.0,68.375,273.0,93.625,386.5,215.25,389.0,172.1976,121.6507,0.7065,1,0,0,0
57,3,0,0,1,1,1,0.9888,0.9814,0.8882,0.8311,1198.0,347.0,991.0,345.5,1018.0,497.0,1153.0,480.0,207.0054,136.0662,0.6573,1,0,0,0
57,3,0,2,1,1,1,0.9834,0.9854,0.894,0.8994,238.5,279.0,65.125,275.0,98.5,385.0,217.125,389.0,173.4211,118.6924,0.6844,1,0,0,0
57,3,0,1,1,1,1,0.9893,0.9805,0.8906,0.8179,804.5,352.5,618.0,348.5,650.0,506.5,770.5,484.5,186.5429,122.4918,0.6566,1,0,0,0
58,3,0,0,1,1,1,0.9873,0.9814,0.8872,0.8442,1197.0,346.0,992.0,344.0,1021.5,500.0,1150.0,476.0,205.0098,130.722,0.6376,1,0,0,0
58,3,0,1,1,1,1,0.9888,0.9834,0.8784,0.8345,804.0,356.0,621.0,350.0,656.0,504.0,771.5,488.0,183.0983,116.603,0.6368,1,0,0,0
58,3,0,2,1,1,1,0.9839,0.9844,0.8955,0.8931,238.75,277.5,65.4375,274.0,95.75,383.5,217.875,387.5,173.3478,122.1905,0.7049,1,0,0,0
59,3,0,0,1,1,1,0.9873,0.9805,0.8901,0.8418,1191.0,347.0,992.0,344.5,1018.0,496.5,1147.0,476.5,199.0157,130.5412,0.6559,1,0,0,0
59,3,0,1,1,1,1,0.9907,0.978,0.8926,0.8096,815.0,351.0,632.5,349.0,663.0,514.5,778.5,482.5,182.511,119.8509,0.6567,1,0,0,0
59,3,0,2,1,1,1,0.9844,0.9844,0.8975,0.8945,238.125,277.5,63.875,275.0,94.375,382.0,214.25,385.5,174.2679,119.9261,0.6882,1,0,0,0
60,3,0,0,1,1,1,0.9873,0.9868,0.8706,0.8481,1186.0,351.5,985.5,349.0,1006.0,484.5,1145.0,477.5,200.5156,139.1761,0.6941,1,0,0,0
60,3,0,1,1,1,1,0.9893,0.979,0.897,0.8081,821.5,354.0,636.0,353.5,661.0,511.5,780.0,490.0,185.5007,120.9266,0.6519,1,0,0,0
60,3,0,2,1,1,1,0.9883,0.9829,0.9062,0.8853,239.5,278.0,67.125,276.0,101.875,377.5,217.875,377.5,172.3866,116.0,0.6729,1,0,0,0
61,3,0,0,1,1,1,0.9863,0.9873,0.8647,0.8535,1186.0,349.0,987.0,349.5,1010.5,486.0,1141.0,480.0,199.0006,130.6379,0.6565,1,0,0,0
61,3,0,2,1,1,1,0.9844,0.9844,0.8975,0.8936,237.75,274.5,65.375,274.5,102.125,381.5,218.0,384.5,172.375,115.9138,0.6725,1,0,0,0
61,3,0,1,1,1,1,0.9902,0.9795,0.8896,0.8154,823.5,352.5,641.5,350.0,664.0,510.0,778.5,484.0,182.0172,117.4149,0.6451,1,0,0,0
62,3,0,0,1,1,1,0.9888,0.9829,0.8931,0.8242,1184.0,344.5,976.0,344.5,1002.5,491.0,1136.0,484.0,208.0,133.6834,0.6427,1,0,0,0
62,3,0,2,1,1,1,0.9834,0.9849,0.895,0.9014,240.25,274.5,65.8125,275.0,101.125,382.5,223.25,381.5,174.4382,122.1291,0.7001,1,0,0,0
62,3,0,1,1,1,1,0.9893,0.9785,0.897,0.8022,826.5,353.0,641.0,351.0,659.5,507.5,774.5,487.5,185.5108,116.7262,0.6292,1,0,0,0
63,3,0,0,1,1,1,0.9878,0.9844,0.8706,0.8467,1175.0,348.5,986.0,345.5,1006.0,488.0,1144.0,471.0,189.0238,139.0432,0.7356,1,0,0,0
63,3,0,2,1,1,1,0.9839,0.9839,0.9014,0.8989,239.0,274.5,66.125,276.0,102.75,382.5,221.625,381.5,172.8815,118.8792,0.6876,1,0,0,0
63,3,0,1,1,1,1,0.9873,0.9849,0.8872,0.8438,830.5,354.0,641.5,352.0,656.0,505.5,786.5,489.5,189.0106,131.4772,0.6956,1,0,0,0
64,3,0,0,1,1,1,0.9883,0.9839,0.8867,0.8247,1181.0,345.5,972.0,347.5,1003.0,493.0,1132.0,482.5,209.0096,129.4266,0.6192,1,0,0,0
64,3,0,1,1,1,1,0.9912,0.9761,0.895,0.7759,829.5,353.5,650.5,349.5,664.0,495.0,781.0,474.5,179.0447,118.7824,0.6634,1,0,0,0
64,3,0,2,1,1,1,0.9839,0.9844,0.9019,0.9038,243.625,272.0,71.4375,274.0,106.875,379.0,224.125,379.5,172.1991,117.2511,0.6809,1,0,0,0
65,3,0,2,1,1,1,0.9824,0.9844,0.8975,0.9058,242.5,272.5,71.6875,275.0,108.0,377.0,222.5,378.5,170.8308,114.5098,0.6703,1,0,0,0
65,3,0,0,1,1,1,0.9873,0.9863,0.8574,0.8481,1173.0,350.0,979.5,350.0,1002.5,491.0,1142.0,474.5,193.5,140.4724,0.726,1,0,0,0
65,3,0,1,1,1,1,0.9897,0.9775,0.9194,0.8228,830.5,348.5,647.5,350.0,663.0,502.5,767.0,483.0,183.0061,105.8123,0.5782,1,0,0,0
66,3,0,0,1,1,1,0.9883,0.9844,0.877,0.8481,1170.0,347.5,978.0,346.0,1005.0,489.5,1139.0,473.0,192.0059,135.012,0.7032,1,0,0,0
66,3,0,2,1,1,1,0.9839,0.9839,0.9062,0.9033,248.5,272.5,77.375,275.5,116.25,379.0,233.25,383.5,171.1513,117.0865,0.6841,1,0,0,0
66,3,0,1,1,1,1,0.9873,0.9814,0.8862,0.8267,832.0,347.5,652.0,345.5,669.0,503.5,777.0,484.5,180.0111,109.6586,0.6092,1,0,0,0
67,3,0,2,1,1,1,0.9849,0.9829,0.9106,0.8989,248.75,272.5,77.75,273.5,116.25,378.0,231.125,382.0,171.0029,114.9446,0.6722,1,0,0,0
67,3,0,0,1,1,1,0.9873,0.9863,0.8701,0.8438,1171.0,349.0,974.0,349.5,1001.5,489.5,1139.0,482.5,197.0006,137.6781,0.6989,1,0,0,0
67,3,0,1,1,1,1,0.9878,0.979,0.9131,0.8403,831.0,349.0,650.5,347.5,673.0,500.5,763.0,478.0,180.5062,92.7699,0.5139,1,0,0,0
68,3,0,0,1,1,1,0.9858,0.9844,0.8828,0.8521,1173.0,345.0,968.0,346.0,1005.0,490.0,1130.0,483.0,205.0024,125.1958,0.6107,1,0,0,0
68,3,0,2,1,1,1,0.9839,0.9839,0.9116,0.9058,253.25,274.0,84.5,275.5,112.125,378.0,237.0,384.5,168.7567,125.0441,0.741,1,0,0,0
68,3,0,1,1,1,1,0.9912,0.9766,0.9004,0.7876,831.0,353.0,657.0,346.5,661.0,494.5,770.5,470.5,174.1214,112.0993,0.6438,1,0,0,0
69,3,0,0,1,1,1,0.9854,0.9873,0.856,0.8594,1169.0,348.5,973.0,350.0,1007.0,487.5,1138.0,483.0,196.0057,131.0773,0.6687,1,0,0,0
69,3,0,2,1,1,1,0.9839,0.9834,0.9111,0.9019,252.25,274.0,84.125,275.5,113.5,377.5,237.25,381.0,168.1317,123.7995,0.7363,1,0,0,0
69,3,0,1,1,1,1,0.9912,0.978,0.9058,0.8013,835.5,349.0,658.0,343.5,666.5,496.0,773.0,478.0,177.5852,108.0104,0.6082,1,0,0,0
70,3,0,0,1,1,1,0.9883,0.9829,0.8657,0.8242,1173.0,345.0,971.0,346.5,1008.0,493.5,1137.0,479.0,202.0056,129.8124,0.6426,1,0,0,0
70,3,0,2,1,1,1,0.9829,0.9844,0.9048,0.9048,259.0,276.0,89.875,278.0,134.75,377.0,247.875,383.5,169.1368,113.3116,0.6699,1,0,0,0
70,3,0,1,1,1,1,0.9893,0.9766,0.9146,0.812,835.5,346.5,654.5,343.0,663.0,497.5,766.0,481.5,181.0338,104.2353,0.5758,1,0,0,0
71,3,0,0,1,1,1,0.9888,0.9824,0.8711,0.8213,1171.0,344.0,973.0,346.0,1011.0,497.0,1138.0,474.5,198.0101,128.9777,0.6514,1,0,0,0
71,3,0,2,1,1,1,0.9849,0.9834,0.9141,0.9009,258.25,274.5,90.625,276.5,132.375,375.0,247.5,383.0,167.6369,115.4026,0.6884,1,0,0,0
71,3,0,1,1,1,1,0.9922,0.9741,0.9233,0.7891,835.5,346.5,658.5,343.0,661.0,492.0,763.5,482.5,177.0346,102.9393,0.5815,1,0,0,0
72,3,0,0,1,1,1,0.9878,0.9824,0.874,0.8345,1172.0,345.0,973.0,346.0,1008.5,493.0,1134.0,479.0,199.0025,126.2785,0.6346,1,0,0,0
72,3,0,1,1,1,1,0.9917,0.9761,0.9131,0.7949,834.0,348.0,658.0,342.0,659.0,490.0,766.5,475.5,176.1022,108.4735,0.616,1,0,0,0
72,3,0,2,1,1,1,0.9839,0.9849,0.9106,0.9097,269.75,277.5,100.1875,279.0,139.25,379.0,257.75,380.5,169.5691,118.5095,0.6989,1,0,0,0
73,3,0,0,1,1,1,0.9878,0.9824,0.876,0.8374,1175.0,344.5,975.0,345.5,1006.0,492.0,1135.0,479.0,200.0025,129.6534,0.6483,1,0,0,0
73,3,0,1,1,1,1,0.9873,0.9834,0.9033,0.8496,834.5,350.5,649.0,343.5,662.0,494.5,768.0,483.0,185.632,106.622,0.5744,1,0,0,0
73,3,0,2,1,1,1,0.9844,0.9854,0.9053,0.9155,280.75,276.0,108.9375,276.0,159.0,376.0,267.0,379.5,171.8125,108.0567,0.6289,1,0,0,0
74,3,0,0,1,1,1,0.9873,0.9854,0.8682,0.8604,1169.0,347.5,979.5,346.0,1002.5,488.0,1135.0,472.0,189.5059,133.4625,0.7043,1,0,0,0
74,3,0,1,1,1,1,0.9907,0.9775,0.9092,0.8198,831.5,349.5,655.5,340.0,660.5,495.5,763.0,476.0,176.2562,104.3384,0.592,1,0,0,0
74,3,0,2,1,1,1,0.9844,0.9854,0.9062,0.9155,281.0,276.0,108.375,277.0,162.125,377.0,264.5,379.5,172.6279,102.4055,0.5932,1,0,0,0
75,3,0,0,1,1,1,0.9907,0.9829,0.876,0.8252,1178.0,348.0,981.0,347.5,1010.5,492.5,1139.0,470.0,197.0006,130.455,0.6622,1,0,0,0
75,3,0,1,1,1,1,0.9907,0.978,0.9111,0.8296,827.5,350.0,653.0,340.5,660.5,496.5,761.5,474.0,174.7584,103.4758,0.5921,1,0,0,0
75,3,0,2,1,1,1,0.9819,0.9893,0.8984,0.9268,293.75,276.0,122.5625,281.0,179.0,374.0,274.0,382.0,171.2605,95.3362,0.5567,1,0,0,0
76,3,0,0,1,1,1,0.9868,0.9868,0.8682,0.8486,1175.0,351.5,979.5,354.5,995.5,488.0,1144.0,479.5,195.523,148.7431,0.7607,1,0,0,0
76,3,0,1,1,1,1,0.9912,0.9775,0.9092,0.8145,827.5,351.5,651.5,342.0,662.0,498.5,765.0,474.5,176.2562,105.7592,0.6,1,0,0,0
76,3,0,2,1,1,1,0.9868,0.9854,0.9028,0.9106,289.25,279.0,122.875,276.5,180.125,377.5,278.75,377.0,166.3938,98.6263,0.5927,1,0,0,0
77,3,0,0,1,1,1,0.9863,0.9863,0.8711,0.8535,1179.0,349.0,986.0,350.0,999.0,482.0,1143.0,476.0,193.0026,144.1249,0.7468,1,0,0,0
77,3,0,1,1,1,1,0.9883,0.9829,0.9058,0.8369,827.0,350.0,640.5,343.5,655.5,492.0,758.0,476.5,186.6132,103.6653,0.5555,1,0,0,0
77,3,0,2,1,1,1,0.9849,0.9854,0.9204,0.9067,303.0,273.0,133.375,276.5,197.625,380.5,283.75,376.5,169.6611,86.2178,0.5082,1,0,0,0
78,3,0,0,1,1,1,0.9858,0.9868,0.8647,0.8535,1181.0,349.5,985.0,350.5,1001.0,480.0,1144.0,474.0,196.0026,143.1258,0.7302,1,0,0,0
78,3,0,1,1,1,1,0.9912,0.979,0.9058,0.8242,822.5,349.0,648.5,341.5,662.0,495.5,760.5,470.0,174.1616,101.7472,0.5842,1,0,0,0
78,3,0,2,1,1,1,0.9868,0.9849,0.9219,0.9126,299.0,276.0,137.375,275.0,197.0,375.5,292.0,384.0,161.6281,95.3795,0.5901,1,0,0,0
79,3,0,0,1,1,1,0.9868,0.9868,0.8647,0.8423,1187.0,352.0,988.5,350.5,1006.0,482.0,1154.0,480.0,198.5057,148.0135,0.7456,1,0,0,0
79,3,0,1,1,1,1,0.9893,0.978,0.9087,0.8242,814.0,352.0,636.5,342.5,653.0,496.5,761.0,475.5,177.754,110.0227,0.619,1,0,0,0
79,3,0,2,1,1,1,0.9858,0.9863,0.9253,0.9082,312.0,276.0,150.375,278.0,210.5,381.5,294.0,377.5,161.6374,83.5958,0.5172,1,0,0,0
80,3,0,0,1,1,1,0.9883,0.9819,0.8813,0.8262,1191.0,347.0,988.0,345.0,1010.0,488.0,1146.0,474.0,203.0099,136.7187,0.6735,1,0,0,0
80,3,0,1,1,1,1,0.9897,0.9775,0.9131,0.8198,813.0,351.0,635.0,344.0,650.5,493.0,757.0,472.0,178.1376,108.5507,0.6094,1,0,0,0
80,3,0,2,1,1,1,0.9878,0.9854,0.9307,0.9038,310.75,277.5,153.0,277.0,201.75,379.0,304.5,383.0,157.7508,102.8278,0.6518,1,0,0,0
81,3,0,1,1,1,1,0.9897,0.9839,0.9058,0.8433,800.0,352.5,630.0,344.5,648.0,485.0,747.0,473.0,170.1881,99.7246,0.586,1,0,0,0
81,3,0,0,1,1,1,0.9907,0.9819,0.8828,0.8271,1195.0,350.0,990.0,345.0,1021.0,490.5,1151.0,472.0,205.061,131.3097,0.6403,1,0,0,0
81,3,0,2,1,1,1,0.9863,0.9834,0.9297,0.9102,318.75,277.0,162.875,274.5,218.25,381.5,320.5,384.0,155.895,102.2806,0.6561,1,0,0,0
82,3,0,0,1,1,1,0.9893,0.9805,0.9004,0.8291,1197.0,346.5,994.0,340.0,1026.0,497.0,1154.0,476.5,203.104,129.6312,0.6383,1,0,0,0
82,3,0,1,1,1,1,0.9902,0.9819,0.9033,0.8457,791.5,353.0,619.5,341.0,642.0,488.5,737.0,469.0,172.4181,96.9807,0.5625,1,0,0,0
82,3,0,2,1,1,1,0.9849,0.9863,0.9194,0.9189,333.5,278.0,175.75,276.5,230.0,384.5,329.0,389.5,157.7571,99.1262,0.6283,1,0,0,0
83,3,0,0,1,1,1,0.9893,0.9795,0.9058,0.8296,1198.0,348.0,994.5,341.5,1023.0,494.5,1158.0,479.0,203.6038,135.8869,0.6674,1,0,0,0
83,3,0,1,1,1,1,0.9873,0.981,0.9136,0.8599,792.5,350.5,617.5,343.5,641.5,493.0,736.5,477.0,175.1399,96.3379,0.5501,1,0,0,0
83,3,0,2,1,1,1,0.9814,0.9854,0.9028,0.9087,334.5,274.5,170.375,276.0,243.875,395.5,311.0,385.5,164.1319,67.8658,0.4135,1,1,1,0
84,3,0,0,1,1,1,0.9883,0.9824,0.9097,0.8389,1203.0,352.5,998.0,345.0,1019.5,491.0,1150.0,481.5,205.1371,130.8453,0.6378,1,0,0,0
84,3,0,1,1,1,1,0.9863,0.9873,0.8711,0.8599,781.5,348.0,612.0,343.0,635.0,482.0,725.5,465.0,169.5737,92.0828,0.543,1,0,0,0
84,3,0,2,1,1,1,0.9868,0.9839,0.9209,0.9097,345.0,279.0,186.375,275.5,243.875,383.0,337.0,388.5,158.6636,93.2873,0.588,1,0,0,0
85,3,0,0,1,1,1,0.9868,0.9868,0.8794,0.8579,1199.0,357.0,1003.5,350.0,1024.0,488.5,1158.0,480.5,195.6253,134.2386,0.6862,1,0,0,0
85,3,0,1,1,1,1,0.9858,0.9814,0.8999,0.8574,780.0,350.0,609.5,342.0,636.0,489.5,725.0,469.0,170.6876,91.3304,0.5351,1,0,0,0
85,3,0,2,1,1,1,0.9863,0.9858,0.916,0.918,344.5,281.5,188.0,275.0,246.375,385.0,343.0,388.0,156.6349,96.6716,0.6172,1,0,0,0
86,3,0,0,1,1,1,0.9873,0.9878,0.8804,0.8613,1200.0,355.0,1006.0,347.0,1023.5,493.0,1153.0,482.0,194.1649,129.9663,0.6694,1,0,0,0
86,3,0,1,1,1,1,0.9839,0.9819,0.896,0.8721,773.0,349.5,600.0,343.0,626.5,487.0,711.0,463.0,173.1221,87.8422,0.5074,1,0,0,0
86,3,0,2,1,1,1,0.9863,0.9883,0.9185,0.917,358.75,276.0,195.625,276.5,247.0,382.5,346.0,388.0,163.1258,99.1527,0.6078,1,0,0,0
87,3,0,0,1,1,1,0.9893,0.98,0.9058,0.8276,1203.0,352.0,1003.0,340.5,1023.0,499.5,1152.0,482.0,200.3304,130.1816,0.6498,1,0,0,0
87,3,0,1,1,1,1,0.9888,0.9785,0.9048,0.8433,772.5,348.0,603.0,338.0,626.5,487.5,718.0,464.5,169.7947,94.3464,0.5556,1,0,0,0
87,3,0,2,1,1,1,0.9863,0.9888,0.9194,0.9204,360.25,278.0,197.125,277.5,249.625,383.5,343.5,389.0,163.1258,94.036,0.5765,1,0,0,0
88,3,0,1,1,1,1,0.9873,0.9844,0.8804,0.8574,762.0,355.0,593.5,344.0,614.5,493.0,711.0,473.0,168.8587,98.5507,0.5836,1,0,0,0
88,3,0,0,1,1,1,0.9878,0.981,0.8965,0.8384,1202.0,353.5,1004.0,342.5,1027.0,500.5,1156.0,481.0,198.3053,130.4655,0.6579,1,0,0,0
88,3,0,2,1,1,1,0.9873,0.9873,0.9292,0.9146,363.25,277.0,204.125,274.0,262.0,375.5,342.25,388.5,159.1533,81.2961,0.5108,1,0,0,0
89,3,0,0,1,1,1,0.9863,0.9814,0.9028,0.8618,1204.0,354.0,1006.0,344.5,1029.0,495.0,1158.0,480.0,198.2278,129.8692,0.6552,1,0,0,0
89,3,0,1,1,1,1,0.9849,0.9829,0.9004,0.8647,757.5,353.5,581.0,348.0,608.5,486.0,698.0,474.0,176.5857,90.3009,0.5114,1,0,0,0
89,3,0,2,1,1,1,0.9873,0.9844,0.9263,0.9043,367.0,280.0,212.625,273.0,268.25,374.0,354.0,387.0,154.5336,86.7298,0.5612,1,0,0,0
90,3,0,0,1,1,1,0.9873,0.9824,0.8901,0.8467,1202.0,351.0,1005.0,340.5,1035.0,497.0,1159.0,479.0,197.2796,125.2996,0.6351,1,0,0,0
90,3,0,1,1,1,1,0.9888,0.9858,0.8857,0.8633,754.0,355.0,583.0,345.5,610.5,495.5,705.5,467.0,171.2637,99.1829,0.5791,1,0,0,0
90,3,0,2,1,1,1,0.9883,0.9829,0.9321,0.8965,369.0,280.0,211.5,272.5,262.75,375.0,354.25,385.5,157.6785,92.1005,0.5841,1,0,0,0
91,3,0,0,1,1,1,0.9873,0.9805,0.9004,0.8491,1202.0,350.5,1005.5,343.0,1030.0,493.5,1161.0,478.5,196.6431,131.856,0.6705,1,0,0,0
91,3,0,1,1,1,1,0.9893,0.9829,0.8896,0.8428,747.0,357.5,574.5,346.5,597.5,491.5,696.0,469.5,172.8504,100.927,0.5839,1,0,0,0
91,3,0,2,1,1,1,0.9907,0.9839,0.9365,0.9053,376.0,281.0,221.625,272.5,274.75,377.0,361.25,386.5,154.6088,87.0201,0.5628,1,0,0,0
92,3,0,0,1,1,1,0.9878,0.9814,0.894,0.8374,1203.0,350.0,1006.5,342.0,1031.0,496.0,1159.0,476.5,196.6628,129.4768,0.6584,1,0,0,0
92,3,0,1,1,1,1,0.9873,0.98,0.8945,0.8438,747.0,353.5,575.0,343.5,600.0,496.0,690.5,476.0,172.2905,92.6836,0.5379,1,0,0,0
92,3,0,2,1,1,1,0.9907,0.9834,0.9355,0.9028,376.5,281.0,220.875,272.0,274.5,376.5,361.25,385.0,155.885,87.1654,0.5592,1,0,0,0
93,3,0,0,1,1,1,0.9858,0.9839,0.8989,0.8584,1206.0,352.0,1004.5,346.0,1032.0,490.0,1156.0,481.0,201.5893,124.3262,0.6167,1,0,0,0
93,3,0,1,1,1,1,0.9863,0.9819,0.8857,0.8535,741.5,350.0,568.0,343.0,596.5,492.5,686.5,467.0,173.6412,93.5428,0.5387,1,0,0,0
93,3,0,2,1,1,1,0.9878,0.9849,0.9302,0.9048,376.75,280.5,224.625,271.0,280.0,375.0,362.75,389.5,152.4213,84.0108,0.5512,1,0,0,0
94,3,0,1,1,1,1,0.9868,0.9819,0.8916,0.8579,741.0,352.5,568.0,344.5,597.5,493.0,687.0,467.0,173.1849,93.2001,0.5382,1,0,0,0
94,3,0,0,1,1,1,0.9883,0.9795,0.9028,0.8345,1200.0,350.5,1007.0,343.0,1032.0,493.5,1163.0,478.5,193.1457,131.856,0.6827,1,0,0,0
94,3,0,2,1,1,1,0.9873,0.9854,0.9277,0.9092,377.25,280.5,222.5,271.0,280.5,374.5,367.25,387.0,155.0413,87.6459,0.5653,1,0,0,0
95,3,0,1,1,1,1,0.9883,0.9785,0.9038,0.8389,736.0,350.5,563.5,342.5,595.0,489.5,687.5,464.5,172.6854,95.8188,0.5549,1,0,0,0
95,3,0,0,1,1,1,0.9878,0.9785,0.9062,0.8359,1199.0,350.0,1002.0,343.0,1022.0,497.0,1159.0,476.0,197.1243,138.6001,0.7031,1,0,0,0
95,3,0,2,1,1,1,0.9893,0.9819,0.939,0.8862,383.0,282.0,226.5,272.0,288.25,376.0,365.0,379.5,156.8192,76.8298,0.4899,1,1,1,0
96,3,0,1,1,1,1,0.9873,0.9805,0.8965,0.8608,732.0,348.5,562.5,343.0,597.5,495.5,685.0,469.5,169.5892,91.2812,0.5382,1,0,0,0
96,3,0,0,1,1,1,0.9863,0.9868,0.8789,0.8589,1196.0,352.5,1001.5,350.0,1021.0,486.0,1160.0,480.0,194.5161,139.1294,0.7153,1,0,0,0
96,3,0,2,1,1,1,0.9878,0.9893,0.9331,0.9238,388.25,278.0,229.75,272.0,278.25,377.0,363.0,384.0,158.6135,85.0386,0.5361,1,0,0,0
97,3,0,1,1,1,1,0.9873,0.9805,0.894,0.8506,733.5,349.5,561.0,343.5,599.0,491.0,678.5,470.0,172.6043,82.2268,0.4764,1,1,1,0
97,3,0,0,1,1,1,0.9863,0.9868,0.8789,0.8584,1194.0,353.0,1002.5,350.5,1023.0,486.0,1160.0,479.5,191.5163,137.1541,0.7161,1,0,0,0
97,3,0,2,1,1,1,0.9888,0.9849,0.9341,0.9033,384.75,282.0,227.375,272.0,277.75,372.0,364.75,385.5,157.6924,88.0412,0.5583,1,0,0,0
98,3,0,0,1,1,1,0.9878,0.9805,0.8955,0.8374,1191.0,352.0,994.5,346.5,1023.5,492.5,1155.0,473.0,196.577,132.938,0.6763,1,0,0,0
98,3,0,1,1,1,1,0.9863,0.981,0.8877,0.8594,731.0,347.0,559.0,343.5,598.5,494.0,690.0,464.0,172.0356,96.2925,0.5597,1,0,0,0
98,3,0,2,1,1,1,0.9873,0.9873,0.9224,0.9141,384.5,283.5,228.125,274.0,280.0,370.0,365.0,383.0,156.6633,85.9884,0.5489,1,0,0,0
99,3,0,0,1,1,1,0.9863,0.9873,0.8726,0.8638,1190.0,355.0,996.5,351.0,1015.5,480.0,1155.0,475.0,193.5413,139.5896,0.7212,1,0,0,0
99,3,0,1,1,1,1,0.9863,0.9814,0.8882,0.8594,730.5,347.5,559.5,343.5,598.5,493.0,689.0,466.0,171.0468,94.4418,0.5521,1,0,0,0
99,3,0,2,1,1,1,0.9878,0.9878,0.9258,0.9204,381.75,284.5,228.0,273.0,275.25,376.0,369.25,388.0,154.1795,94.7629,0.6146,1,0,0,0
100,3,0,1,1,1,1,0.9854,0.9819,0.8828,0.8662,730.0,345.0,560.0,343.0,605.0,491.0,691.5,458.5,170.0118,92.404,0.5435,1,0,0,0
100,3,0,0,1,1,1,0.9897,0.9824,0.8843,0.8486,1185.0,352.0,992.0,348.0,1018.5,485.5,1148.0,465.5,193.0414,131.0353,0.6788,1,0,0,0
100,3,0,2,1,1,1,0.9878,0.9863,0.9272,0.9087,384.25,283.0,227.25,273.5,276.25,371.5,362.75,389.5,157.2872,88.353,0.5617,1,0,0,0
101,3,0,1,1,1,1,0.9854,0.9819,0.8838,0.8672,728.0,344.5,560.5,343.0,602.5,493.0,695.0,460.0,167.5067,98.2102,0.5863,1,0,0,0
101,3,0,0,1,1,1,0.9878,0.9795,0.8965,0.8384,1188.0,350.0,993.0,348.5,1014.0,490.0,1153.0,471.5,195.0058,140.2257,0.7191,1,0,0,0
101,3,0,2,1,1,1,0.9893,0.9893,0.9326,0.9209,385.5,282.5,231.0,273.5,278.5,373.0,361.5,387.5,154.7619,84.257,0.5444,1,0,0,0
102,3,0,1,1,1,1,0.9858,0.9824,0.8828,0.8662,733.0,347.0,562.5,345.0,604.5,492.5,697.5,456.5,170.5117,99.7246,0.5849,1,0,0,0
102,3,0,0,1,1,1,0.9883,0.9814,0.8901,0.8369,1181.0,347.5,988.5,344.5,1015.0,486.5,1145.0,470.5,192.5234,130.9809,0.6803,1,0,0,0
102,3,0,2,1,1,1,0.9883,0.9849,0.9287,0.8975,382.5,283.5,227.0,275.0,284.5,375.0,362.25,384.5,155.7321,78.3282,0.503,1,0,0,0
103,3,0,0,1,1,1,0.9878,0.981,0.8926,0.8394,1179.0,348.0,990.5,346.0,1013.0,486.5,1144.0,468.0,188.5106,132.2998,0.7018,1,0,0,0
103,3,0,1,1,1,1,0.9897,0.98,0.897,0.8516,731.0,347.0,564.5,346.0,605.5,490.0,687.5,449.5,166.503,91.4563,0.5493,1,0,0,0
103,3,0,2,1,1,1,0.9902,0.9839,0.9307,0.8975,386.5,285.5,229.25,275.0,273.0,377.5,364.5,386.0,157.6002,91.894,0.5831,1,0,0,0
104,3,0,0,1,1,1,0.9883,0.9805,0.8901,0.8335,1173.0,346.5,984.0,345.5,1013.0,485.5,1137.0,466.0,189.0026,125.5239,0.6641,1,0,0,0
104,3,0,1,1,1,1,0.9854,0.9829,0.8784,0.8672,734.5,347.0,565.0,345.0,604.5,486.0,700.0,458.0,169.5118,99.5201,0.5871,1,0,0,0
104,3,0,2,1,1,1,0.9902,0.9854,0.9277,0.9019,383.25,286.5,226.75,277.0,275.0,380.5,363.0,386.5,156.7881,88.2043,0.5626,1,0,0,0
105,3,0,1,1,1,1,0.9854,0.9834,0.8784,0.8682,735.0,346.0,565.0,345.0,607.0,485.0,692.0,458.0,170.0029,89.1852,0.5246,1,0,0,0
105,3,0,0,1,1,1,0.9868,0.9824,0.8975,0.8477,1173.0,346.5,981.0,347.5,1009.0,482.0,1136.0,470.0,192.0026,127.5657,0.6644,1,0,0,0
105,3,0,2,1,1,1,0.9902,0.9849,0.9282,0.8989,384.75,284.5,226.875,275.5,273.5,379.5,364.0,385.5,158.1313,90.6987,0.5736,1,0,0,0
106,3,0,0,1,1,1,0.9878,0.981,0.8896,0.8428,1168.0,347.0,979.0,345.0,1008.0,483.0,1133.0,466.0,189.0106,126.1507,0.6674,1,0,0,0
106,3,0,1,1,1,1,0.9858,0.9814,0.8848,0.8613,740.0,346.0,569.0,343.0,609.5,486.5,703.0,461.5,171.0263,96.7846,0.5659,1,0,0,0
106,3,0,2,1,1,1,0.9888,0.9834,0.9346,0.8901,381.5,285.5,224.25,281.0,285.5,384.0,348.0,387.0,157.3144,62.572,0.3978,1,1,1,0
107,3,0,1,1,1,1,0.9854,0.9824,0.8838,0.8682,740.0,344.5,570.5,341.5,611.0,487.5,702.5,462.0,169.5265,94.9868,0.5603,1,0,0,0
107,3,0,0,1,1,1,0.9868,0.9819,0.8809,0.8472,1166.0,346.5,979.0,346.0,1007.5,484.0,1130.0,468.0,187.0007,123.5405,0.6606,1,0,0,0
107,3,0,2,1,1,1,0.9883,0.9893,0.9204,0.9141,378.0,282.0,225.25,277.0,270.0,381.0,361.0,386.5,152.8318,91.1661,0.5965,1,0,0,0
108,3,0,0,1,1,1,0.9883,0.9824,0.8789,0.8403,1163.0,347.0,970.5,345.5,998.5,483.5,1123.0,467.0,192.5058,125.5886,0.6524,1,0,0,0
108,3,0,1,1,1,1,0.9878,0.9839,0.8813,0.8525,746.0,345.5,577.0,342.5,613.0,483.0,711.0,460.0,169.0266,100.6628,0.5955,1,0,0,0
108,3,0,2,1,1,1,0.9888,0.9863,0.9126,0.9082,374.25,283.0,220.75,277.5,267.75,378.0,358.25,386.0,153.5985,90.8529,0.5915,1,0,0,0
109,3,0,1,1,1,1,0.9883,0.9834,0.8936,0.8608,752.0,348.5,587.5,345.5,624.0,478.0,725.0,461.5,164.5274,102.3389,0.622,1,0,0,0
109,3,0,0,1,1,1,0.9897,0.981,0.8887,0.8223,1158.0,347.0,967.5,347.0,983.0,484.5,1117.0,473.5,190.5,134.4507,0.7058,1,0,0,0
109,3,0,2,1,1,1,0.9854,0.9893,0.9043,0.9219,371.75,283.5,215.75,280.0,273.0,381.5,351.5,390.5,156.0393,79.0142,0.5064,1,0,0,0
110,3,0,0,1,1,1,0.9907,0.98,0.8955,0.8125,1158.0,347.0,968.0,348.5,983.0,484.5,1110.0,471.5,190.0059,127.6636,0.6719,1,0,0,0
110,3,0,1,1,1,1,0.9893,0.9829,0.9038,0.8589,750.0,346.0,587.0,345.5,623.0,478.5,723.5,459.5,163.0008,102.2803,0.6275,1,0,0,0
110,3,0,2,1,1,1,0.9883,0.9888,0.9214,0.9243,371.0,283.0,218.375,279.5,273.0,377.5,355.25,389.0,152.6651,83.0501,0.544,1,0,0,0
111,3,0,0,1,1,1,0.9902,0.9795,0.897,0.8228,1153.0,348.0,968.0,347.5,978.0,484.5,1117.0,473.0,185.0007,139.4749,0.7539,1,0,0,0
111,3,0,1,1,1,1,0.9844,0.9805,0.9043,0.873,763.0,348.0,595.5,349.5,633.5,479.5,717.0,455.5,167.5067,86.8807,0.5187,1,0,0,0
111,3,0,2,1,1,1,0.9873,0.9868,0.9175,0.9072,369.5,282.0,215.25,282.0,259.25,384.5,345.25,391.5,154.25,86.2844,0.5594,1,0,0,0
112,3,0,0,1,1,1,0.9897,0.9795,0.8999,0.8237,1152.0,347.0,969.0,347.5,984.0,487.5,1114.0,473.0,183.0007,130.8062,0.7148,1,0,0,0
112,3,0,1,1,1,1,0.9883,0.9766,0.9136,0.8589,761.0,350.0,603.0,346.0,635.5,479.0,719.5,456.5,158.0506,86.9612,0.5502,1,0,0,0
112,3,0,2,1,1,1,0.9868,0.9863,0.9229,0.8999,372.5,279.5,215.0,285.0,260.5,391.5,340.5,387.5,157.596,80.0999,0.5083,1,0,0,0
113,3,0,0,1,1,1,0.9902,0.978,0.9053,0.8267,1149.0,347.5,968.0,350.5,986.0,487.0,1105.0,471.0,181.0249,120.0708,0.6633,1,0,0,0
113,3,0,1,1,1,1,0.9883,0.9766,0.9287,0.854,768.5,349.5,612.5,349.0,655.0,478.5,736.0,463.0,156.0008,82.4697,0.5286,1,0,0,0
113,3,0,2,1,1,1,0.9883,0.9854,0.9214,0.9009,365.5,280.0,211.25,283.0,254.125,390.0,339.0,388.5,154.2792,84.8883,0.5502,1,0,0,0
114,3,0,0,1,1,1,0.9897,0.979,0.9014,0.8281,1152.0,346.0,968.0,347.5,985.0,486.0,1106.0,468.0,184.0061,122.3315,0.6648,1,0,0,0
114,3,0,1,1,1,1,0.9873,0.979,0.9199,0.8618,768.0,349.0,612.0,347.0,653.5,477.0,739.0,463.5,156.0128,86.5592,0.5548,1,0,0,0
114,3,0,2,1,1,1,0.9878,0.9868,0.9189,0.9082,365.25,281.0,210.75,283.0,254.625,384.5,342.25,387.5,154.5129,87.6763,0.5674,1,0,0,0
115,3,0,0,1,1,1,0.9888,0.98,0.8916,0.8364,1150.0,347.0,969.0,348.0,986.0,483.0,1111.0,461.0,181.0028,126.9212,0.7012,1,0,0,0
115,3,0,2,1,1,1,0.9873,0.9883,0.915,0.9072,367.0,279.5,208.875,286.0,242.0,391.5,333.5,395.0,158.2585,91.5669,0.5786,1,0,0,0
115,3,0,1,1,1,1,0.9883,0.979,0.9116,0.8633,780.5,349.0,622.0,348.5,668.0,485.5,752.5,461.5,158.5008,87.8422,0.5542,1,0,0,0
116,3,0,0,1,1,1,0.9902,0.978,0.9023,0.8174,1150.0,346.0,968.5,348.5,985.0,482.0,1110.0,462.5,181.5172,126.5119,0.697,1,0,0,0
116,3,0,2,1,1,1,0.9912,0.9863,0.917,0.8916,362.25,282.0,209.75,282.0,241.25,390.5,336.75,391.0,152.5,95.5013,0.6262,1,0,0,0
116,3,0,1,1,1,1,0.9907,0.9824,0.9077,0.8545,781.5,351.0,620.5,349.5,665.5,483.0,756.0,462.5,161.007,92.7928,0.5763,1,0,0,0
117,3,0,0,1,1,1,0.9902,0.9766,0.9048,0.8164,1152.0,344.5,969.5,349.0,986.5,481.0,1108.0,460.0,182.5555,123.3015,0.6754,1,0,0,0
117,3,0,1,1,1,1,0.9829,0.9844,0.8984,0.8955,794.0,353.0,632.0,354.0,676.5,483.0,758.0,461.5,162.0031,84.2882,0.5203,1,0,0,0
117,3,0,2,1,1,1,0.9912,0.9858,0.9224,0.8955,357.75,284.0,208.75,283.0,237.375,394.0,330.25,392.0,149.0034,92.8965,0.6235,1,0,0,0
118,3,0,0,1,1,1,0.9902,0.9766,0.9067,0.8169,1158.0,345.0,972.5,349.0,991.5,479.5,1115.0,462.5,185.5431,124.6645,0.6719,1,0,0,0
118,3,0,1,1,1,1,0.9902,0.9814,0.9028,0.8369,802.0,357.5,643.0,353.0,680.5,483.5,768.0,460.0,159.0637,90.6008,0.5696,1,0,0,0
118,3,0,2,1,1,1,0.9917,0.9858,0.918,0.8892,353.75,284.0,204.5,281.0,229.875,391.0,328.5,390.0,149.2801,98.6301,0.6607,1,0,0,0
119,3,0,0,1,1,1,0.9893,0.9775,0.9038,0.8374,1157.0,346.0,974.5,347.5,998.5,481.0,1119.0,460.0,182.5062,122.3162,0.6702,1,0,0,0
119,3,0,1,1,1,1,0.9878,0.9805,0.9058,0.8623,800.5,355.0,643.0,351.0,685.5,488.0,760.0,465.0,157.5508,77.9695,0.4949,1,1,1,0
119,3,0,2,1,1,1,0.9912,0.9878,0.9141,0.9009,353.5,285.0,204.0,282.0,231.75,390.5,327.0,389.0,149.5301,95.2618,0.6371,1,0,0,0
120,3,0,0,1,1,1,0.9888,0.979,0.8955,0.835,1161.0,347.0,978.0,348.5,1005.0,475.0,1119.0,458.0,183.0061,115.2606,0.6298,1,0,0,0
120,3,0,1,1,1,1,0.9868,0.9795,0.9087,0.8647,806.5,354.5,649.5,349.0,692.5,489.5,758.0,465.0,157.0963,69.9321,0.4452,1,1,2,0
120,3,0,2,1,1,1,0.9922,0.9863,0.9204,0.8901,351.75,284.0,200.0,282.5,231.25,392.0,323.0,391.0,151.7574,91.7554,0.6046,1,0,0,0
121,3,0,0,1,1,1,0.9897,0.9771,0.9058,0.8296,1161.0,345.0,978.0,348.5,1006.0,476.5,1120.0,459.0,183.0335,115.3354,0.6301,1,0,0,0
121,3,0,1,1,1,1,0.9873,0.9795,0.9072,0.8604,807.0,354.0,651.0,350.0,690.0,489.0,761.0,464.0,156.0513,75.2728,0.4824,1,1,3,0
121,3,0,2,1,1,1,0.9917,0.9863,0.917,0.8882,351.5,285.0,201.0,282.5,229.25,395.0,321.5,392.5,150.5208,92.2839,0.6131,1,0,0,0
122,3,0,0,1,1,1,0.9897,0.9775,0.9082,0.8291,1166.0,345.5,983.0,347.5,1019.0,474.5,1126.0,461.5,183.0109,107.7868,0.589,1,0,0,0
122,3,0,2,1,1,1,0.9873,0.9883,0.918,0.9106,349.0,282.0,196.375,287.0,238.625,400.0,316.0,387.5,152.7069,78.3782,0.5133,1,0,0,0
122,3,0,1,1,1,1,0.9907,0.9829,0.9106,0.853,815.0,355.5,657.5,352.0,690.0,484.0,784.0,462.5,157.5389,96.4274,0.6121,1,0,0,0
123,3,0,0,1,1,1,0.9897,0.9766,0.9092,0.8267,1165.0,345.0,983.5,347.0,1019.0,473.0,1126.0,458.5,181.511,107.978,0.5949,1,0,0,0
123,3,0,1,1,1,1,0.9883,0.979,0.918,0.8594,813.5,353.0,660.0,349.0,698.0,486.5,775.0,461.5,153.5521,80.9568,0.5272,1,0,0,0
123,3,0,2,1,1,1,0.9927,0.9854,0.9263,0.8872,349.25,284.0,200.75,283.5,229.0,396.5,325.5,392.0,148.5008,96.6049,0.6505,1,0,0,0
124,3,0,0,1,1,1,0.9873,0.9834,0.8887,0.8486,1170.0,349.5,985.5,353.0,1028.0,472.5,1137.0,459.0,184.5332,109.8328,0.5952,1,0,0,0
124,3,0,2,1,1,1,0.9927,0.9844,0.9287,0.8804,348.0,283.5,197.75,284.0,231.125,394.0,322.5,393.0,150.2508,91.3805,0.6082,1,0,0,0
124,3,0,1,1,1,1,0.9883,0.979,0.9219,0.8594,818.5,354.0,664.0,350.5,695.0,474.5,775.0,459.5,154.5396,81.3941,0.5267,1,0,0,0
125,3,0,0,1,1,1,0.9854,0.9814,0.8818,0.8623,1177.0,350.0,994.0,350.0,1032.0,481.0,1141.0,466.0,183.0,110.0273,0.6012,1,0,0,0
125,3,0,2,1,1,1,0.9932,0.9858,0.9292,0.8882,346.75,280.5,198.75,282.0,233.875,390.5,324.25,391.0,148.0076,90.3764,0.6106,1,0,0,0
125,3,0,1,1,1,1,0.9907,0.9761,0.9272,0.8457,823.0,355.0,670.5,348.0,697.5,479.0,786.0,458.0,152.6606,90.9574,0.5958,1,0,0,0
126,3,0,0,1,1,1,0.9863,0.98,0.8931,0.8574,1178.0,350.0,993.5,351.0,1029.0,480.5,1140.0,463.5,184.5027,112.2943,0.6086,1,0,0,0
126,3,0,2,1,1,1,0.9937,0.9849,0.9346,0.8823,346.25,280.0,197.5,283.0,234.25,387.5,322.5,390.0,148.7802,88.2854,0.5934,1,0,0,0
126,3,0,1,1,1,1,0.9873,0.9766,0.9268,0.8569,824.0,350.5,666.5,348.5,699.0,479.5,776.5,457.0,157.5127,80.7001,0.5123,1,0,0,0
127,3,0,0,1,1,1,0.9873,0.9844,0.8916,0.8569,1181.0,349.5,996.0,352.5,1033.0,477.0,1144.0,462.5,185.0243,111.9431,0.605,1,0,0,0
127,3,0,2,1,1,1,0.9932,0.9863,0.9292,0.8916,347.25,280.0,197.375,282.5,233.875,397.5,324.0,393.0,149.8958,90.2373,0.602,1,0,0,0
127,3,0,1,1,1,1,0.9917,0.981,0.9302,0.8477,825.5,353.5,672.5,348.5,696.5,476.0,785.0,460.5,153.0817,89.8471,0.5869,1,0,0,0
128,3,0,0,1,1,1,0.9878,0.98,0.8989,0.856,1180.0,348.0,996.5,347.0,1033.0,481.5,1148.0,463.5,183.5027,116.4002,0.6343,1,0,0,0
128,3,0,2,1,1,1,0.9941,0.9844,0.9365,0.877,347.25,280.5,196.25,283.0,237.375,392.0,319.25,393.5,151.0207,81.8887,0.5422,1,0,0,0
128,3,0,1,1,1,1,0.9897,0.9771,0.9312,0.8472,825.5,353.0,673.0,346.5,697.0,473.0,779.0,462.0,152.6385,82.7345,0.542,1,0,0,0
129,3,0,0,1,1,1,0.9868,0.9785,0.8994,0.8535,1184.0,350.5,999.0,348.0,1042.0,480.5,1153.0,461.0,185.0169,112.6998,0.6091,1,0,0,0
129,3,0,2,1,1,1,0.9907,0.9839,0.9316,0.8926,348.25,279.5,197.125,283.0,239.25,391.0,324.0,392.0,151.1655,84.7559,0.5607,1,0,0,0
129,3,0,1,1,1,1,0.9917,0.9814,0.9263,0.8457,826.5,353.0,675.0,346.0,700.5,474.5,784.5,460.5,151.6616,85.1587,0.5615,1,0,0,0
130,3,0,0,1,1,1,0.9873,0.9795,0.8965,0.8535,1182.0,349.0,998.5,349.0,1040.0,483.5,1153.0,463.0,183.5,114.8445,0.6259,1,0,0,0
130,3,0,2,1,1,1,0.9883,0.9863,0.9268,0.9009,347.25,277.0,194.875,284.0,241.5,400.0,317.5,389.0,152.5357,76.7919,0.5034,1,0,0,0
130,3,0,1,1,1,1,0.9878,0.9756,0.9341,0.8555,827.0,350.5,676.0,345.5,707.0,473.0,769.5,458.0,151.0828,64.2748,0.4254,1,1,1,0
131,3,0,0,1,1,1,0.9868,0.9854,0.8877,0.8628,1188.0,351.0,1001.0,353.5,1033.0,476.5,1157.0,462.5,187.0167,124.7878,0.6673,1,0,0,0
131,3,0,1,1,1,1,0.9878,0.9756,0.9336,0.8569,828.0,348.0,675.0,344.0,706.5,469.0,769.5,457.5,153.0523,64.041,0.4184,1,1,2,0
131,3,0,2,1,1,1,0.9873,0.9878,0.9229,0.9121,349.75,277.0,197.75,285.0,242.375,395.5,315.75,389.5,152.2104,73.6199,0.4837,1,1,1,0
132,3,0,0,1,1,1,0.9868,0.981,0.8901,0.8569,1189.0,349.0,1003.0,348.0,1040.0,481.5,1154.0,462.5,186.0027,115.5725,0.6213,1,0,0,0
132,3,0,2,1,1,1,0.9873,0.9868,0.9121,0.9087,354.0,279.0,204.75,284.5,247.125,387.5,328.5,391.5,149.3513,81.4733,0.5455,1,0,0,0
132,3,0,1,1,1,1,0.9897,0.9751,0.9346,0.8447,825.0,352.0,677.0,346.0,710.0,474.0,783.5,458.5,148.1216,75.1166,0.5071,1,0,0,0
133,3,0,0,1,1,1,0.9873,0.9849,0.894,0.8647,1189.0,351.0,1003.5,351.5,1035.0,475.0,1156.0,459.5,185.5007,121.9887,0.6576,1,0,0,0
133,3,0,2,1,1,1,0.9897,0.9858,0.9238,0.9038,353.5,282.0,203.5,287.0,247.0,389.5,329.0,391.0,150.0833,82.0137,0.5465,1,0,0,0
133,3,0,1,1,1,1,0.9888,0.9746,0.9336,0.8457,829.0,350.0,677.5,345.5,703.0,468.0,779.5,457.5,151.5668,77.2172,0.5095,1,0,0,0
134,3,0,0,1,1,1,0.9883,0.9785,0.9043,0.8477,1189.0,348.5,1003.0,348.0,1042.0,483.0,1155.0,461.0,186.0007,115.1217,0.6189,1,0,0,0
134,3,0,2,1,1,1,0.9878,0.9873,0.917,0.9141,360.5,278.5,207.75,286.0,257.5,387.0,332.5,393.5,152.934,75.2811,0.4922,1,1,1,0
134,3,0,1,1,1,1,0.9917,0.9824,0.9316,0.8647,825.5,352.0,676.0,344.5,703.5,470.0,782.5,459.0,149.688,79.7621,0.5329,1,0,0,0
135,3,0,0,1,1,1,0.9873,0.9854,0.8872,0.8599,1192.0,350.0,1004.0,352.5,1036.0,475.5,1158.0,458.0,188.0166,123.2487,0.6555,1,0,0,0
135,3,0,2,1,1,1,0.9888,0.9858,0.9253,0.9062,361.0,278.0,209.25,286.5,254.375,388.0,334.0,393.0,151.9879,79.7818,0.5249,1,0,0,0
135,3,0,1,1,1,1,0.9878,0.9761,0.9331,0.8599,826.0,349.0,674.5,344.0,708.0,473.0,774.5,453.5,151.5825,69.3001,0.4572,1,1,1,0
136,3,0,0,1,1,1,0.9868,0.9868,0.876,0.8613,1191.0,351.0,1005.5,351.0,1033.0,475.0,1164.0,461.0,185.5,131.746,0.7102,1,0,0,0
136,3,0,2,1,1,1,0.9883,0.9873,0.918,0.9106,366.25,280.0,214.75,287.0,265.75,386.5,343.75,396.0,151.6616,78.5764,0.5181,1,0,0,0
136,3,0,1,1,1,1,0.9912,0.981,0.9268,0.8516,822.5,352.0,672.5,346.0,699.5,474.0,785.0,456.5,150.12,87.2726,0.5814,1,0,0,0
137,3,0,0,1,1,1,0.9868,0.98,0.894,0.853,1189.0,350.5,1005.0,349.0,1040.0,483.5,1156.0,465.0,184.0061,117.466,0.6384,1,0,0,0
137,3,0,2,1,1,1,0.9897,0.9834,0.9346,0.8931,365.75,282.0,214.0,288.5,267.75,387.0,341.0,391.0,151.8891,73.3591,0.483,1,1,1,0
137,3,0,1,1,1,1,0.9907,0.9824,0.9219,0.8608,823.5,352.0,671.5,345.5,698.0,470.0,787.0,455.0,152.1389,90.2552,0.5932,1,0,0,0
138,3,0,0,1,1,1,0.9883,0.9844,0.8887,0.8633,1191.0,350.5,1003.5,348.5,1039.0,479.5,1159.0,458.0,187.5107,121.9108,0.6502,1,0,0,0
138,3,0,2,1,1,1,0.9902,0.9878,0.9326,0.9131,371.25,280.0,224.875,287.5,279.25,384.5,353.75,393.5,146.567,75.0417,0.512,1,0,0,0
138,3,0,1,1,1,1,0.9888,0.978,0.9287,0.8667,818.0,353.5,669.0,343.5,690.5,472.0,771.5,454.5,149.3352,82.8689,0.5549,1,0,0,0
139,3,0,0,1,1,1,0.9868,0.9858,0.8813,0.8618,1193.0,350.5,1005.5,350.5,1034.0,476.0,1160.0,460.5,187.5,126.9498,0.6771,1,0,0,0
139,3,0,1,1,1,1,0.9893,0.9785,0.9316,0.8643,818.5,351.5,668.5,343.0,689.5,469.5,765.5,457.5,150.2406,76.9415,0.5121,1,0,0,0
139,3,0,2,1,1,1,0.9888,0.9878,0.9238,0.9146,374.0,281.0,222.375,288.0,272.5,383.5,354.5,392.5,151.7865,82.4924,0.5435,1,0,0,0
140,3,0,0,1,1,1,0.9863,0.9873,0.8794,0.8745,1192.0,351.5,1005.5,351.0,1036.0,476.5,1157.0,460.0,186.5007,122.1198,0.6548,1,0,0,0
140,3,0,1,1,1,1,0.9893,0.978,0.9307,0.8662,812.0,352.0,662.5,343.5,687.5,469.5,767.0,451.5,149.7414,81.5123,0.5444,1,0,0,0
140,3,0,2,1,1,1,0.9907,0.9873,0.9375,0.9121,379.75,278.5,233.25,288.0,275.5,387.0,370.0,386.5,146.8077,94.5013,0.6437,1,0,0,0
141,3,0,0,1,1,1,0.9868,0.9858,0.8872,0.8672,1193.0,353.0,1005.5,352.5,1034.0,477.0,1160.0,462.0,187.5007,126.8897,0.6767,1,0,0,0
141,3,0,1,1,1,1,0.9893,0.9766,0.9321,0.8594,812.0,352.0,663.0,342.0,688.0,470.0,770.0,450.5,149.3352,84.2867,0.5644,1,0,0,0
141,3,0,2,1,1,1,0.9917,0.9873,0.9399,0.9082,380.5,279.5,233.25,288.0,277.0,387.0,367.0,393.0,147.4951,90.1998,0.6115,1,0,0,0
142,3,0,0,1,1,1,0.9863,0.979,0.8994,0.8569,1191.0,351.0,1005.0,348.5,1040.0,477.5,1156.0,459.5,186.0168,117.3882,0.6311,1,0,0,0
142,3,0,1,1,1,1,0.9893,0.9775,0.9282,0.8628,806.0,354.5,656.0,345.5,681.0,475.0,761.5,453.0,150.2698,83.4521,0.5553,1,0,0,0
142,3,0,2,1,1,1,0.9907,0.9834,0.9165,0.8882,390.5,282.5,247.0,289.0,285.0,385.5,377.25,384.5,143.6471,92.2554,0.6422,1,0,0,0
143,3,0,0,1,1,1,0.9878,0.9858,0.8916,0.8638,1191.0,351.5,1007.0,351.5,1037.0,474.5,1157.0,460.0,184.0,120.8729,0.6569,1,0,0,0
143,3,0,1,1,1,1,0.9819,0.9814,0.9175,0.8926,806.0,348.5,656.5,344.0,684.5,472.5,752.0,452.5,149.5677,70.4006,0.4707,1,1,1,0
143,3,0,2,1,1,1,0.9888,0.9858,0.9321,0.9053,392.0,283.0,241.75,289.5,296.25,392.0,374.5,384.0,150.3905,78.6579,0.523,1,0,0,0
144,3,0,0,1,1,1,0.9863,0.979,0.9028,0.8638,1192.0,351.0,1007.5,349.0,1043.0,481.0,1153.0,461.5,184.5108,111.715,0.6055,1,0,0,0
144,3,0,1,1,1,1,0.9897,0.9795,0.9165,0.8711,795.0,355.5,654.0,341.0,675.5,477.0,756.5,449.5,141.7436,85.5409,0.6035,1,0,0,0
144,3,0,2,1,1,1,0.9917,0.9844,0.9238,0.8926,402.75,284.0,258.5,288.5,297.0,390.5,392.0,388.5,144.3202,95.0211,0.6584,1,0,0,0
145,3,0,0,1,1,1,0.9863,0.9819,0.9082,0.8628,1198.0,351.5,1006.5,350.5,1039.0,478.0,1154.0,461.0,191.5026,116.2497,0.607,1,0,0,0
145,3,0,2,1,1,1,0.9907,0.9854,0.9229,0.9028,410.75,287.0,268.25,290.0,314.25,391.5,399.0,389.0,142.5316,84.7869,0.5949,1,0,0,0
145,3,0,1,1,1,1,0.9902,0.9771,0.9175,0.8584,784.0,357.5,645.0,345.5,660.0,466.5,743.0,439.5,139.517,87.2812,0.6256,1,0,0,0
146,3,0,0,1,1,1,0.9868,0.9868,0.8843,0.8721,1194.0,352.0,1007.5,352.5,1035.0,476.0,1161.0,460.0,186.5007,127.0118,0.681,1,0,0,0
146,3,0,2,1,1,1,0.9893,0.9863,0.9395,0.9126,413.5,284.0,266.25,294.0,315.0,391.5,396.0,391.0,147.5892,81.0015,0.5488,1,0,0,0
146,3,0,1,1,1,1,0.9902,0.9751,0.9204,0.8486,785.0,356.5,643.0,344.0,660.0,465.5,743.0,438.0,142.5491,87.4371,0.6134,1,0,0,0
147,3,0,0,1,1,1,0.9883,0.9849,0.8975,0.8574,1195.0,354.0,1008.5,353.0,1035.0,475.5,1152.0,460.0,186.5027,118.0222,0.6328,1,0,0,0
147,3,0,1,1,1,1,0.9912,0.9858,0.9253,0.8813,775.0,357.0,632.0,346.5,656.0,465.0,733.5,454.0,143.385,78.2768,0.5459,1,0,0,0
147,3,0,2,1,1,1,0.9897,0.9878,0.9395,0.918,418.25,283.0,272.25,294.0,322.5,393.0,405.0,392.0,146.4138,82.5061,0.5635,1,0,0,0
148,3,0,0,1,1,1,0.9873,0.9785,0.9043,0.8506,1194.0,352.0,1009.0,350.5,1038.0,480.5,1154.0,463.0,185.0061,117.3126,0.6341,1,0,0,0
148,3,0,1,1,1,1,0.9893,0.9795,0.9312,0.8657,775.0,357.0,630.5,346.5,656.5,463.5,732.0,458.5,144.881,75.6654,0.5223,1,0,0,0
148,3,0,2,1,1,1,0.9883,0.9858,0.9336,0.9077,418.5,283.0,272.0,293.5,331.5,395.0,396.5,390.0,146.8758,65.192,0.4439,1,1,1,0
149,3,0,0,1,1,1,0.9878,0.9854,0.8979,0.8628,1195.0,351.5,1010.0,352.0,1036.0,476.5,1156.0,460.5,185.0007,121.062,0.6544,1,0,0,0
149,3,0,2,1,1,1,0.9893,0.9888,0.9243,0.9248,419.0,285.0,278.0,288.0,343.0,383.0,416.0,392.5,141.0319,73.6156,0.522,1,0,0,0
149,3,0,1,1,1,1,0.9897,0.9785,0.9346,0.8604,762.0,355.5,621.5,345.0,647.0,468.0,724.5,459.5,140.8918,77.9647,0.5534,1,0,0,0
150,3,0,0,1,1,1,0.9873,0.979,0.9028,0.8477,1194.0,350.5,1009.0,348.0,1040.0,481.5,1153.0,462.0,185.0169,114.6702,0.6198,1,0,0,0
150,3,0,1,1,1,1,0.9907,0.9766,0.9375,0.8457,762.0,356.0,621.5,345.5,641.0,466.0,725.0,454.0,140.8918,84.8528,0.6023,1,0,0,0
150,3,0,2,1,1,1,0.9878,0.9897,0.9219,0.9243,419.5,284.0,279.25,291.0,345.5,384.5,415.5,392.0,140.4246,70.4006,0.5013,1,0,0,0
151,3,0,0,1,1,1,0.9873,0.9849,0.8989,0.8672,1196.0,353.0,1012.0,353.0,1036.0,475.0,1154.0,459.5,184.0,119.0137,0.6468,1,0,0,0
151,3,0,1,1,1,1,0.9902,0.9785,0.9351,0.8638,755.0,356.0,612.0,346.5,640.5,467.5,711.0,457.0,143.3152,71.2776,0.4973,1,1,1,0
151,3,0,2,1,1,1,0.9883,0.9863,0.9346,0.9121,423.5,282.0,278.0,289.0,345.0,387.5,407.0,389.0,145.6683,62.0181,0.4257,1,1,1,0
152,3,0,0,1,1,1,0.9878,0.9849,0.897,0.8608,1196.0,353.5,1011.5,352.5,1037.0,473.5,1156.0,460.5,184.5027,119.708,0.6488,1,0,0,0
152,3,0,1,1,1,1,0.9897,0.9795,0.9326,0.8667,754.5,355.0,612.5,345.0,639.5,465.5,708.5,453.5,142.3517,70.0357,0.492,1,1,2,0
152,3,0,2,1,1,1,0.9902,0.9883,0.9326,0.9194,420.5,283.5,280.5,286.5,348.0,381.5,417.0,395.5,140.0321,70.406,0.5028,1,0,0,0
153,3,0,0,1,1,1,0.9873,0.9771,0.9058,0.8457,1194.0,353.0,1011.0,350.0,1040.0,480.0,1155.0,458.5,183.0246,116.9925,0.6392,1,0,0,0
153,3,0,1,1,1,1,0.9893,0.9785,0.9302,0.8662,748.0,354.0,606.0,344.5,635.0,469.5,710.0,454.0,142.3174,76.5849,0.5381,1,0,0,0
153,3,0,2,1,1,1,0.9907,0.9883,0.9326,0.9185,420.5,285.0,281.0,287.5,347.25,383.0,419.25,392.0,139.5224,72.5603,0.5201,1,0,0,0
154,3,0,0,1,1,1,0.9873,0.9854,0.897,0.8662,1199.0,352.5,1013.5,353.5,1038.0,474.0,1159.0,458.0,185.5027,122.0533,0.658,1,0,0,0
154,3,0,1,1,1,1,0.9893,0.979,0.9287,0.8706,744.0,355.5,597.5,345.5,620.5,468.0,708.0,450.5,146.8409,89.2328,0.6077,1,0,0,0
154,3,0,2,1,1,1,0.9902,0.9873,0.9199,0.9141,422.75,288.5,282.0,291.0,342.0,389.5,422.25,392.5,140.7722,80.3061,0.5705,1,0,0,0
155,3,0,0,1,1,1,0.9873,0.9858,0.8965,0.8706,1196.0,352.5,1013.5,352.0,1035.0,477.0,1158.0,460.0,182.5007,124.1692,0.6804,1,0,0,0
155,3,0,2,1,1,1,0.9907,0.9858,0.9209,0.9067,421.0,289.5,281.75,290.5,344.25,390.5,418.0,390.5,139.2536,73.75,0.5296,1,0,0,0
155,3,0,1,1,1,1,0.9897,0.9775,0.9326,0.8599,744.0,353.5,598.0,344.0,622.5,469.5,706.0,452.0,146.3087,85.3141,0.5831,1,0,0,0
156,3,0,0,1,1,1,0.9883,0.9849,0.9019,0.8643,1197.0,353.5,1015.5,353.0,1035.0,475.0,1161.0,458.0,181.5007,127.1417,0.7005,1,0,0,0
156,3,0,1,1,1,1,0.9902,0.978,0.9355,0.8652,741.0,351.5,594.0,346.0,620.5,469.0,698.5,447.0,147.1029,81.0432,0.5509,1,0,0,0
156,3,0,2,1,1,1,0.9878,0.9902,0.9146,0.9229,423.25,284.5,279.25,292.0,339.25,388.0,414.5,394.0,144.1952,75.4888,0.5235,1,0,0,0
157,3,0,0,1,1,1,0.9878,0.9844,0.9028,0.8628,1197.0,352.5,1013.0,351.0,1034.0,477.0,1159.0,459.5,184.0061,126.2191,0.686,1,0,0,0
157,3,0,1,1,1,1,0.9897,0.978,0.9312,0.8618,741.0,352.5,594.5,345.0,617.5,469.5,700.0,451.0,146.6919,84.5488,0.5764,1,0,0,0
157,3,0,2,1,1,1,0.9878,0.9893,0.9155,0.918,423.75,285.0,279.0,293.0,341.25,392.0,415.5,395.0,144.9709,74.3106,0.5126,1,0,0,0
158,3,0,0,1,1,1,0.9883,0.9829,0.8931,0.8516,1196.0,353.5,1013.5,350.0,1037.0,475.0,1164.0,456.0,182.5336,128.4134,0.7035,1,0,0,0
158,3,0,2,1,1,1,0.9888,0.9863,0.9253,0.9106,416.5,287.5,271.0,294.0,327.5,391.5,406.25,397.5,145.6451,78.9782,0.5423,1,0,0,0
158,3,0,1,1,1,1,0.9912,0.979,0.9365,0.8662,738.0,351.5,592.0,345.0,618.5,468.0,699.5,450.0,146.1446,82.9759,0.5678,1,0,0,0
159,3,0,1,1,1,1,0.9897,0.9805,0.9297,0.8726,738.5,352.0,591.5,345.0,620.0,468.0,699.0,451.0,147.1666,80.8084,0.5491,1,0,0,0
159,3,0,0,1,1,1,0.9878,0.9858,0.896,0.8638,1198.0,351.5,1013.0,352.5,1035.0,474.5,1160.0,459.0,185.0027,125.9573,0.6808,1,0,0,0
159,3,0,2,1,1,1,0.9888,0.9868,0.9238,0.916,417.5,286.0,270.5,293.5,336.25,390.5,403.5,396.5,147.1912,67.5171,0.4587,1,1,1,0
160,3,0,0,1,1,1,0.9873,0.9854,0.8965,0.8672,1199.0,353.5,1013.5,352.0,1036.0,470.5,1160.0,459.5,185.5061,124.4869,0.6711,1,0,0,0
160,3,0,1,1,1,1,0.9922,0.9775,0.9365,0.8662,735.0,351.5,592.5,342.0,618.0,465.5,695.5,444.5,142.8163,80.2948,0.5622,1,0,0,0
160,3,0,2,1,1,1,0.9863,0.9883,0.9214,0.9189,414.0,285.0,260.0,294.5,317.75,401.0,394.75,393.5,154.2927,77.3644,0.5014,1,0,0,0
161,3,0,0,1,1,1,0.9878,0.9863,0.8965,0.8726,1200.0,355.0,1015.0,352.5,1033.0,478.0,1162.0,457.5,185.0169,130.6187,0.706,1,0,0,0
161,3,0,2,1,1,1,0.9883,0.9873,0.9243,0.9058,403.25,286.5,251.75,292.0,305.5,398.5,386.0,390.5,151.5998,80.8965,0.5336,1,0,0,0
161,3,0,1,1,1,1,0.9883,0.9795,0.9209,0.8745,735.0,349.5,591.0,343.5,620.0,466.5,698.0,449.0,144.1249,79.939,0.5547,1,0,0,0
162,3,0,0,1,1,1,0.9883,0.9858,0.9033,0.8716,1198.0,353.5,1015.0,351.5,1037.0,473.5,1161.0,460.5,183.0109,124.6796,0.6813,1,0,0,0
162,3,0,1,1,1,1,0.9834,0.9829,0.916,0.895,732.0,343.0,588.0,344.0,621.5,465.5,695.0,445.5,144.0035,76.1725,0.529,1,0,0,0
162,3,0,2,1,1,1,0.9897,0.9854,0.9033,0.8931,400.75,290.0,254.625,291.5,298.5,394.0,392.25,395.0,146.1327,93.7553,0.6416,1,0,0,0
163,3,0,0,1,1,1,0.9883,0.9854,0.8999,0.8623,1199.0,355.5,1015.0,353.0,1036.0,474.0,1162.0,459.5,184.017,126.8316,0.6892,1,0,0,0
163,3,0,1,1,1,1,0.9897,0.978,0.9307,0.8672,734.0,349.5,591.0,343.5,617.5,465.5,699.0,444.5,143.1258,84.162,0.588,1,0,0,0
163,3,0,2,1,1,1,0.9893,0.9854,0.9336,0.8984,392.25,280.5,241.25,287.0,296.75,392.0,382.25,385.5,151.1398,85.7467,0.5673,1,0,0,0
164,3,0,0,1,1,1,0.9883,0.9849,0.9004,0.8628,1199.0,355.0,1015.5,351.5,1037.0,472.0,1163.0,457.0,183.5334,126.8897,0.6914,1,0,0,0
164,3,0,1,1,1,1,0.9912,0.979,0.9253,0.8691,735.5,350.0,592.0,342.0,620.5,465.5,701.0,445.0,143.7228,83.0692,0.578,1,0,0,0
164,3,0,2,1,1,1,0.9917,0.978,0.9336,0.8809,393.75,281.5,238.5,283.0,297.75,385.5,382.75,396.5,155.2572,85.7088,0.552,1,0,0,0
165,3,0,0,1,1,1,0.9893,0.98,0.9038,0.8564,1200.0,353.0,1017.5,347.0,1044.0,481.0,1158.0,458.5,182.5986,116.1992,0.6364,1,0,0,0
165,3,0,1,1,1,1,0.9893,0.9795,0.9268,0.8706,737.0,349.0,594.0,343.0,621.0,465.5,701.0,442.0,143.1258,83.3802,0.5826,1,0,0,0
165,3,0,2,1,1,1,0.9863,0.9883,0.915,0.9048,382.75,277.0,226.25,285.0,285.0,393.5,367.0,380.0,156.7043,83.1039,0.5303,1,0,0,0
166,3,0,0,1,1,1,0.9878,0.9863,0.8945,0.8677,1202.0,352.5,1018.0,352.0,1035.0,476.5,1164.0,459.5,184.0007,130.1153,0.7071,1,0,0,0
166,3,0,1,1,1,1,0.9893,0.9785,0.9287,0.8667,736.0,350.5,595.0,343.5,624.0,465.0,701.0,441.0,141.1737,80.6536,0.5713,1,0,0,0
166,3,0,2,1,1,1,0.9907,0.9854,0.9395,0.9004,380.75,278.0,227.25,284.0,279.25,382.5,374.0,386.0,153.6172,94.8146,0.6172,1,0,0,0
167,3,0,0,1,1,1,0.9878,0.9849,0.9004,0.8633,1203.0,353.5,1019.0,352.5,1038.0,475.0,1167.0,461.0,184.0027,129.7575,0.7052,1,0,0,0
167,3,0,2,1,1,1,0.9883,0.9844,0.918,0.9092,374.5,280.0,219.25,282.0,276.5,380.5,361.5,385.0,155.2629,85.119,0.5482,1,0,0,0
167,3,0,1,1,1,1,0.9893,0.979,0.9316,0.8716,740.0,350.0,597.0,343.0,627.0,465.0,709.0,443.5,143.1712,84.7718,0.5921,1,0,0,0
168,3,0,0,1,1,1,0.9873,0.9839,0.9014,0.8599,1206.0,354.0,1022.0,353.0,1034.0,476.0,1168.0,460.5,184.0027,134.8935,0.7331,1,0,0,0
168,3,0,1,1,1,1,0.9902,0.978,0.9385,0.8682,745.5,351.0,604.5,343.0,631.5,462.5,709.0,444.0,141.2268,79.6775,0.5642,1,0,0,0
168,3,0,2,1,1,1,0.9858,0.9873,0.9165,0.9048,365.0,277.0,204.75,283.5,263.75,388.0,342.0,381.0,160.3818,78.5625,0.4898,1,1,1,0
169,3,0,0,1,1,1,0.9883,0.9849,0.9004,0.8604,1207.0,355.0,1020.0,353.5,1036.0,479.0,1169.0,462.0,187.006,134.0821,0.717,1,0,0,0
169,3,0,1,1,1,1,0.9897,0.9771,0.9351,0.8613,745.5,350.5,603.0,343.5,631.5,464.0,709.0,443.0,142.6718,80.2948,0.5628,1,0,0,0
169,3,0,2,1,1,1,0.9863,0.9868,0.9194,0.9043,363.0,275.0,204.25,283.0,257.5,390.5,340.5,381.0,158.9514,83.5419,0.5256,1,0,0,0
170,3,0,0,1,1,1,0.9888,0.9761,0.916,0.8311,1203.0,351.5,1020.0,347.5,1040.0,481.0,1160.0,462.5,183.0437,121.4177,0.6633,1,0,0,0
170,3,0,1,1,1,1,0.9907,0.979,0.9419,0.8687,751.0,350.5,610.0,342.0,639.5,460.0,708.0,446.5,141.256,69.8176,0.4943,1,1,1,0
170,3,0,2,1,1,1,0.9902,0.9854,0.918,0.9048,357.0,278.0,198.0,278.5,240.75,379.5,341.75,383.0,159.0008,101.0606,0.6356,1,0,0,0
171,3,0,0,1,1,1,0.9893,0.9834,0.9067,0.8452,1205.0,354.0,1019.5,353.0,1040.0,477.5,1162.0,461.5,185.5027,123.0447,0.6633,1,0,0,0
171,3,0,2,1,1,1,0.9868,0.9858,0.9224,0.8989,360.5,274.0,196.125,281.5,243.25,390.5,331.5,381.0,164.546,88.7599,0.5394,1,0,0,0
171,3,0,1,1,1,1,0.9907,0.979,0.9404,0.8721,751.0,351.0,610.5,342.0,639.0,460.5,709.5,447.0,140.788,71.7809,0.5099,1,0,0,0
172,3,0,0,1,1,1,0.9883,0.9771,0.9116,0.8394,1203.0,351.0,1023.0,346.0,1049.0,484.0,1163.0,462.0,180.0694,116.1034,0.6448,1,0,0,0
172,3,0,2,1,1,1,0.9849,0.9902,0.8965,0.9194,354.75,272.5,188.25,281.0,230.375,383.5,334.0,384.0,166.7168,103.6262,0.6216,1,0,0,0
172,3,0,1,1,1,1,0.9917,0.9771,0.9502,0.8643,755.5,352.5,619.0,344.5,646.5,460.5,721.0,452.0,136.7342,74.9833,0.5484,1,0,0,0
173,3,0,0,1,1,1,0.9883,0.9844,0.9028,0.8521,1205.0,353.5,1021.0,351.0,1037.0,476.0,1168.0,459.5,184.017,132.035,0.7175,1,0,0,0
173,3,0,2,1,1,1,0.9863,0.9873,0.9155,0.9033,353.0,271.5,186.5,279.5,233.875,388.0,330.5,376.0,166.6921,97.3673,0.5841,1,0,0,0
173,3,0,1,1,1,1,0.9927,0.9834,0.9395,0.8716,755.5,353.0,619.0,343.0,647.5,460.5,725.5,451.0,136.8658,78.5764,0.5741,1,0,0,0
174,3,0,0,1,1,1,0.9883,0.981,0.916,0.8477,1210.0,350.0,1019.0,349.0,1046.0,482.5,1166.0,461.0,191.0026,121.9108,0.6383,1,0,0,0
174,3,0,2,1,1,1,0.9854,0.9907,0.9014,0.9287,349.5,274.0,181.625,281.0,236.75,382.5,332.0,384.0,168.0209,95.2618,0.567,1,0,0,0
174,3,0,1,1,1,1,0.9912,0.9795,0.9458,0.8735,765.5,352.5,626.0,347.0,655.0,458.5,740.0,447.0,139.6084,85.7744,0.6144,1,0,0,0
175,3,0,0,1,1,1,0.9883,0.9849,0.9004,0.8564,1206.0,352.0,1021.5,350.5,1039.0,477.5,1166.0,462.0,184.5061,127.9424,0.6934,1,0,0,0
175,3,0,2,1,1,1,0.9868,0.9873,0.9146,0.9038,346.25,274.0,181.875,280.5,238.75,385.0,326.0,378.0,164.5035,87.5304,0.5321,1,0,0,0
175,3,0,1,1,1,1,0.9932,0.9814,0.937,0.8652,765.5,354.5,626.0,347.5,654.0,458.5,739.5,441.0,139.6755,87.2726,0.6248,1,0,0,0
176,3,0,0,1,1,1,0.9878,0.9849,0.8989,0.8579,1208.0,352.0,1022.0,350.5,1040.0,476.5,1167.0,461.5,186.006,127.8828,0.6875,1,0,0,0
176,3,0,2,1,1,1,0.9863,0.9873,0.9121,0.9048,342.0,275.0,178.25,280.5,240.125,389.5,322.0,376.0,163.8423,82.9805,0.5065,1,0,0,0
176,3,0,1,1,1,1,0.9912,0.9775,0.9277,0.8657,775.0,355.5,639.5,346.0,657.5,464.0,741.0,440.0,135.8326,86.8807,0.6396,1,0,0,0
177,3,0,2,1,1,1,0.9907,0.9868,0.9121,0.9058,341.0,278.5,178.875,279.0,235.375,378.0,332.0,377.0,162.1258,96.6302,0.596,1,0,0,0
177,3,0,0,1,1,1,0.9883,0.98,0.9209,0.8467,1209.0,352.0,1019.0,350.0,1048.0,478.0,1161.0,462.5,190.0105,114.0581,0.6003,1,0,0,0
177,3,0,1,1,1,1,0.9917,0.9761,0.9331,0.8608,773.0,355.5,638.5,346.0,658.0,462.5,742.0,436.0,134.8351,88.0809,0.6532,1,0,0,0
178,3,0,0,1,1,1,0.9878,0.9858,0.8965,0.8672,1208.0,353.0,1021.5,351.5,1041.0,475.5,1164.0,460.0,186.506,123.9728,0.6647,1,0,0,0
178,3,0,2,1,1,1,0.9849,0.9897,0.8931,0.9185,345.5,276.5,176.125,282.0,221.5,382.5,329.5,386.0,169.4643,108.0567,0.6376,1,0,0,0
178,3,0,1,1,1,1,0.9912,0.9814,0.9272,0.8872,785.0,355.5,650.0,347.0,668.5,466.5,753.0,439.0,135.2673,88.8623,0.6569,1,0,0,0
179,3,0,2,1,1,1,0.9922,0.9854,0.9209,0.8926,340.25,279.5,174.375,281.5,224.75,377.0,326.75,374.5,165.8871,102.0306,0.6151,1,0,0,0
179,3,0,1,1,1,1,0.9858,0.9844,0.9307,0.9053,791.0,350.5,654.5,349.5,691.5,468.5,757.0,438.5,136.5037,72.0434,0.5278,1,0,0,0
179,3,0,0,1,1,1,0.9873,0.9775,0.9092,0.8433,1206.0,349.0,1023.0,345.5,1049.0,481.0,1158.0,464.0,183.0335,110.3177,0.6027,1,0,0,0
180,3,0,0,1,1,1,0.9883,0.9844,0.9062,0.8594,1210.0,353.5,1023.0,352.0,1044.0,474.5,1160.0,462.5,187.006,116.619,0.6236,1,0,0,0
180,3,0,2,1,1,1,0.9927,0.9858,0.9253,0.8931,341.5,279.0,175.125,279.0,223.25,376.0,327.75,376.0,166.375,104.5,0.6281,1,0,0,0
180,3,0,1,1,1,1,0.9893,0.9814,0.9302,0.8901,793.0,356.0,654.5,350.0,686.5,467.5,765.5,446.5,138.6299,81.7435,0.5897,1,0,0,0
181,3,0,2,1,1,1,0.9927,0.9868,0.9219,0.895,340.0,278.0,173.375,279.0,220.375,377.0,324.5,383.0,166.628,104.2977,0.6259,1,0,0,0
181,3,0,0,1,1,1,0.9883,0.9849,0.9009,0.8584,1210.0,351.5,1022.5,350.5,1038.0,476.0,1166.0,461.5,187.5027,128.8187,0.687,1,0,0,0
181,3,0,1,1,1,1,0.9888,0.9795,0.938,0.8848,799.0,351.0,662.0,349.5,699.0,463.0,765.0,442.5,137.0082,69.1104,0.5044,1,0,0,0
182,3,0,0,1,1,1,0.9873,0.9771,0.9092,0.8394,1206.0,350.0,1021.0,347.0,1048.0,484.5,1158.0,465.5,185.0243,111.6288,0.6033,1,0,0,0
182,3,0,2,1,1,1,0.9932,0.9873,0.9229,0.895,340.5,278.0,174.625,279.0,223.375,376.5,325.0,381.5,165.878,101.7479,0.6134,1,0,0,0
182,3,0,1,1,1,1,0.9897,0.9824,0.9351,0.8916,800.5,354.0,662.5,349.0,697.0,466.5,769.0,447.0,138.0906,74.5939,0.5402,1,0,0,0
183,3,0,0,1,1,1,0.9873,0.9858,0.894,0.8638,1209.0,352.0,1021.5,349.0,1041.0,471.5,1165.0,458.5,187.524,124.6796,0.6649,1,0,0,0
183,3,0,2,1,1,1,0.9927,0.9878,0.9175,0.9028,340.25,275.5,173.25,279.0,230.25,381.5,320.5,386.0,167.0367,90.3621,0.541,1,0,0,0
183,3,0,1,1,1,1,0.9902,0.9834,0.9375,0.8975,806.0,354.0,672.0,347.5,707.5,463.5,773.5,449.0,134.1576,67.574,0.5037,1,0,0,0
184,3,0,2,1,1,1,0.9932,0.9868,0.9219,0.8901,340.5,279.0,173.625,279.5,222.875,380.0,325.25,379.0,166.8757,102.3799,0.6135,1,0,0,0
184,3,0,0,1,1,1,0.9873,0.9849,0.895,0.854,1210.0,351.5,1023.0,349.5,1039.0,474.0,1165.0,463.0,187.0107,126.4792,0.6763,1,0,0,0
184,3,0,1,1,1,1,0.9883,0.9858,0.9341,0.9058,808.0,351.0,672.5,349.5,707.5,462.5,767.0,454.0,135.5083,60.1041,0.4435,1,1,1,0
185,3,0,2,1,1,1,0.9897,0.9893,0.9175,0.9067,338.75,276.0,175.625,278.5,222.625,384.5,326.25,385.5,163.1442,103.6298,0.6352,1,0,0,0
185,3,0,0,1,1,1,0.9888,0.9844,0.8989,0.8452,1210.0,354.5,1021.0,351.0,1037.0,474.5,1165.0,463.0,189.0324,128.5156,0.6799,1,0,0,0
185,3,0,1,1,1,1,0.9912,0.98,0.9429,0.876,813.5,355.0,678.5,348.0,704.0,464.5,779.0,454.0,135.1814,75.7314,0.5602,1,0,0,0
186,3,0,0,1,1,1,0.9878,0.9785,0.9097,0.8491,1207.0,350.0,1021.5,346.5,1044.0,479.5,1159.0,463.5,185.533,116.1077,0.6258,1,0,0,0
186,3,0,2,1,1,1,0.9937,0.9863,0.9297,0.8823,339.75,280.0,175.25,280.0,217.75,381.0,324.5,378.5,164.5,106.7793,0.6491,1,0,0,0
186,3,0,1,1,1,1,0.9912,0.981,0.9438,0.8804,813.5,353.5,678.5,347.5,705.5,463.0,779.5,450.0,135.1333,75.1332,0.556,1,0,0,0
187,3,0,0,1,1,1,0.9858,0.98,0.8984,0.8569,1206.0,349.0,1023.0,345.5,1046.0,483.0,1162.0,465.0,183.0335,117.3882,0.6413,1,0,0,0
187,3,0,2,1,1,1,0.9902,0.9888,0.9233,0.9062,341.0,277.5,176.0,277.5,217.0,382.5,332.0,384.5,165.0,115.0174,0.6971,1,0,0,0
187,3,0,1,1,1,1,0.9922,0.9839,0.9263,0.8779,819.5,354.5,682.5,346.0,715.5,464.0,779.0,446.5,137.2634,65.8673,0.4799,1,1,1,0
188,3,0,2,1,1,1,0.9922,0.9873,0.915,0.8926,340.5,278.5,175.75,276.0,229.375,385.0,321.75,382.5,164.769,92.4088,0.5608,1,0,0,0
188,3,0,0,1,1,1,0.9868,0.9795,0.9014,0.8511,1206.0,349.0,1022.0,345.0,1046.0,482.0,1161.0,465.5,184.0435,116.1777,0.6313,1,0,0,0
188,3,0,1,1,1,1,0.9893,0.9863,0.9346,0.9062,820.0,351.0,686.5,348.5,718.5,460.0,780.0,447.5,133.5234,62.7575,0.47,1,1,2,0
189,3,0,2,1,1,1,0.9917,0.9873,0.9126,0.8965,341.0,280.5,175.75,276.0,229.5,385.5,317.0,387.0,165.3113,87.5129,0.5294,1,0,0,0
189,3,0,0,1,1,1,0.9888,0.9805,0.8979,0.8569,1208.0,350.5,1025.0,344.0,1055.0,480.5,1163.0,458.5,183.1154,110.218,0.6019,1,0,0,0
189,3,0,1,1,1,1,0.9927,0.9834,0.9341,0.873,822.5,355.0,687.0,347.0,716.5,461.0,786.0,445.0,135.736,71.318,0.5254,1,0,0,0
190,3,0,0,1,1,1,0.9878,0.9785,0.9087,0.8477,1207.0,352.0,1022.0,346.0,1050.0,482.5,1158.0,462.0,185.0973,109.9284,0.5939,1,0,0,0
190,3,0,2,1,1,1,0.9902,0.9878,0.9292,0.9043,343.5,280.0,177.0,280.0,215.25,390.0,324.0,391.0,166.5,108.7546,0.6532,1,0,0,0
190,3,0,1,1,1,1,0.9917,0.9819,0.9478,0.8818,825.0,352.5,690.5,346.0,713.0,458.0,786.5,447.5,134.657,74.2462,0.5514,1,0,0,0
191,3,0,2,1,1,1,0.9907,0.9878,0.9307,0.8999,341.5,280.5,178.375,280.0,217.125,389.5,322.0,394.0,163.1258,104.9715,0.6435,1,0,0,0
191,3,0,0,1,1,1,0.9893,0.981,0.9023,0.8584,1207.0,351.5,1025.0,344.5,1053.0,479.0,1160.0,460.5,182.1346,108.5875,0.5962,1,0,0,0
191,3,0,1,1,1,1,0.9917,0.9814,0.9468,0.8804,826.5,350.5,690.5,345.5,712.0,458.5,785.0,450.5,136.0919,73.437,0.5396,1,0,0,0
192,3,0,0,1,1,1,0.9878,0.9785,0.9097,0.8477,1209.0,350.0,1023.0,345.0,1048.0,483.5,1157.0,463.0,186.0672,110.911,0.5961,1,0,0,0
192,3,0,2,1,1,1,0.9902,0.9863,0.9297,0.897,342.0,279.0,178.0,278.5,212.875,388.0,325.5,392.0,164.0008,112.696,0.6872,1,0,0,0
192,3,0,1,1,1,1,0.9917,0.9819,0.9463,0.8794,829.0,352.0,693.5,344.0,714.5,453.0,793.5,443.0,135.736,79.6304,0.5867,1,0,0,0
193,3,0,0,1,1,1,0.9883,0.9771,0.917,0.8462,1208.0,350.0,1022.0,344.0,1048.0,483.5,1161.0,464.5,186.0967,114.5862,0.6157,1,0,0,0
193,3,0,2,1,1,1,0.9893,0.9873,0.9243,0.9033,343.0,278.5,177.25,280.0,217.375,387.5,323.0,392.0,165.7568,105.7208,0.6378,1,0,0,0
193,3,0,1,1,1,1,0.9917,0.9824,0.9448,0.8823,829.0,352.0,694.5,343.5,716.0,453.0,791.5,445.5,134.7683,75.8716,0.563,1,0,0,0
194,3,0,0,1,1,1,0.9878,0.9814,0.8921,0.8667,1208.0,352.0,1024.0,345.0,1047.0,481.0,1163.0,462.0,184.1331,117.5457,0.6384,1,0,0,0
194,3,0,2,1,1,1,0.9907,0.9849,0.9092,0.8848,344.25,285.0,179.5,279.0,218.375,393.5,321.75,387.0,164.8592,103.5792,0.6283,1,0,0,0
194,3,0,1,1,1,1,0.9912,0.9814,0.9463,0.8823,828.0,352.5,693.5,343.0,718.5,453.5,794.0,442.5,134.8351,76.2971,0.5659,1,0,0,0
195,3,0,0,1,1,1,0.9883,0.9814,0.895,0.8633,1209.0,354.0,1025.0,345.5,1046.0,484.0,1164.0,458.0,184.1962,120.8305,0.656,1,0,0,0
195,3,0,2,1,1,1,0.9907,0.9858,0.9087,0.8911,343.75,285.5,179.25,279.5,219.5,392.0,321.25,391.0,164.6094,101.7549,0.6182,1,0,0,0
195,3,0,1,1,1,1,0.9912,0.9805,0.9453,0.876,827.5,353.5,693.0,344.0,716.0,450.0,792.0,442.5,134.8351,76.3692,0.5664,1,0,0,0
196,3,0,0,1,1,1,0.9868,0.979,0.9038,0.8516,1207.0,349.5,1022.5,345.0,1048.0,485.5,1163.0,464.5,184.5549,116.9017,0.6334,1,0,0,0
196,3,0,2,1,1,1,0.9878,0.9888,0.9141,0.9106,346.5,278.5,179.875,277.0,216.5,390.0,325.0,391.5,166.6318,108.5104,0.6512,1,0,0,0
196,3,0,1,1,1,1,0.9897,0.9829,0.9355,0.8867,826.0,353.0,691.5,342.0,715.5,454.5,790.5,444.0,134.9491,75.7314,0.5612,1,0,0,0
197,3,0,0,1,1,1,0.9878,0.9824,0.8867,0.8662,1207.0,352.5,1026.0,345.5,1056.0,480.5,1162.0,461.5,181.1353,107.6894,0.5945,1,0,0,0
197,3,0,2,1,1,1,0.9883,0.9888,0.9111,0.9058,347.5,277.0,179.75,274.5,219.625,389.5,326.5,394.0,167.7686,106.9697,0.6376,1,0,0,0
197,3,0,1,1,1,1,0.9907,0.9805,0.9409,0.8726,822.5,354.0,688.5,344.5,706.0,459.0,791.0,447.5,134.3363,85.7744,0.6385,1,0,0,0
198,3,0,0,1,1,1,0.9858,0.9805,0.894,0.8564,1207.0,349.5,1022.5,346.5,1052.0,481.5,1163.0,461.0,184.5244,112.8771,0.6117,1,0,0,0
198,3,0,2,1,1,1,0.9902,0.9873,0.9019,0.8994,349.75,280.5,180.875,275.5,219.75,385.5,326.5,388.5,168.949,106.7921,0.6321,1,0,0,0
198,3,0,1,1,1,1,0.9878,0.9863,0.9321,0.9014,823.5,352.0,690.0,346.5,709.0,455.0,782.5,445.5,133.6132,74.1114,0.5547,1,0,0,0
199,3,0,2,1,1,1,0.9873,0.9893,0.9004,0.9033,349.75,275.5,181.25,271.5,220.75,392.0,334.75,391.5,168.5475,114.0011,0.6764,1,0,0,0
199,3,0,0,1,1,1,0.9888,0.981,0.8965,0.8525,1208.0,351.0,1025.0,345.0,1052.0,479.0,1162.0,460.5,183.0983,111.5448,0.6092,1,0,0,0
199,3,0,1,1,1,1,0.9873,0.9873,0.9321,0.9111,821.5,354.0,688.0,345.5,704.5,456.0,776.0,444.0,133.7703,72.5,0.542,1,0,0,0
200,3,0,0,1,1,1,0.9888,0.981,0.8926,0.8486,1207.0,351.5,1024.0,344.5,1052.0,483.0,1166.0,461.0,183.1338,116.1034,0.634,1,0,0,0
200,3,0,2,1,1,1,0.9878,0.9893,0.9014,0.9004,352.0,275.5,181.25,271.5,219.25,391.0,337.5,392.0,170.7968,118.2542,0.6924,1,0,0,0
200,3,0,1,1,1,1,0.9883,0.9858,0.936,0.9043,820.0,353.0,687.0,344.5,706.0,458.0,773.0,443.5,133.2713,68.5511,0.5144,1,0,0,0
201,3,0,2,1,1,1,0.9873,0.9897,0.8945,0.8994,355.0,277.5,184.375,272.0,229.125,391.0,335.75,393.0,170.7136,106.6438,0.6247,1,0,0,0
201,3,0,0,1,1,1,0.9868,0.9785,0.9043,0.8477,1207.0,350.0,1023.0,345.0,1051.0,485.5,1165.0,467.0,184.0679,115.4913,0.6274,1,0,0,0
201,3,0,1,1,1,1,0.9863,0.9839,0.9375,0.9033,816.0,352.5,686.0,344.5,705.5,458.0,753.0,441.0,130.2459,50.4505,0.3873,1,1,1,0
202,3,0,0,1,1,1,0.9858,0.9805,0.8965,0.8613,1207.0,350.5,1023.0,346.0,1048.0,486.5,1164.0,465.0,184.055,117.9756,0.641,1,0,0,0
202,3,0,2,1,1,1,0.9873,0.9902,0.8896,0.9014,353.5,276.0,184.25,271.5,226.125,393.0,339.0,391.0,169.3098,112.8927,0.6668,1,0,0,0
202,3,0,1,1,1,1,0.9917,0.9814,0.9468,0.8823,814.0,353.5,683.5,342.0,704.5,461.0,764.0,444.0,131.0057,61.8809,0.4724,1,1,2,0
203,3,0,0,1,1,1,0.9883,0.9805,0.8979,0.8584,1207.0,352.0,1024.0,346.0,1052.0,477.5,1161.0,459.5,183.0983,110.4762,0.6034,1,0,0,0
203,3,0,2,1,1,1,0.9829,0.9917,0.8779,0.9238,359.5,277.0,187.375,272.5,240.875,393.0,330.5,402.5,172.1838,90.1271,0.5234,1,0,0,0
203,3,0,1,1,1,1,0.9917,0.9805,0.9473,0.8818,807.0,354.0,677.5,345.0,696.5,456.5,766.5,443.0,129.8124,71.2899,0.5492,1,0,0,0
204,3,0,2,1,1,1,0.9878,0.9888,0.8853,0.9106,359.0,281.0,191.5,272.5,249.75,393.5,341.75,400.5,167.7155,92.2659,0.5501,1,0,0,0
204,3,0,0,1,1,1,0.9883,0.9854,0.9038,0.8613,1210.0,353.5,1024.0,350.5,1041.0,469.5,1166.0,460.0,186.0242,125.3605,0.6739,1,0,0,0
204,3,0,1,1,1,1,0.9897,0.9863,0.9453,0.9126,799.0,354.0,669.5,348.0,695.5,456.5,756.5,442.0,129.6389,62.6997,0.4836,1,1,1,0
205,3,0,2,1,1,1,0.9883,0.9897,0.8794,0.9072,360.0,282.0,190.625,273.0,246.625,394.0,340.75,398.5,169.6139,94.2325,0.5556,1,0,0,0
205,3,0,0,1,1,1,0.9888,0.9805,0.8989,0.8594,1208.0,352.0,1026.0,344.5,1046.0,476.0,1162.0,458.0,182.1545,117.3882,0.6444,1,0,0,0
205,3,0,1,1,1,1,0.9868,0.9849,0.939,0.9121,797.0,352.0,670.0,347.5,699.0,461.0,754.5,437.5,127.0797,60.2702,0.4743,1,1,2,0
206,3,0,0,1,1,1,0.9868,0.9858,0.8936,0.8696,1210.0,355.0,1023.5,351.5,1039.0,472.5,1172.0,460.5,186.5328,133.5403,0.7159,1,0,0,0
206,3,0,2,1,1,1,0.9814,0.9912,0.8755,0.9233,371.5,280.0,194.0,278.0,238.875,395.5,349.75,407.0,177.5113,111.4698,0.628,1,0,0,0
206,3,0,1,1,1,1,0.9897,0.9849,0.9424,0.9058,790.0,359.5,661.0,350.0,676.0,452.0,764.0,438.5,129.3493,89.0295,0.6883,1,0,0,0
207,3,0,0,1,1,1,0.9878,0.9814,0.8921,0.8618,1207.0,353.5,1026.0,347.5,1052.0,479.0,1167.0,461.5,181.0994,116.3239,0.6423,1,0,0,0
207,3,0,2,1,1,1,0.9854,0.9907,0.8838,0.9097,370.5,283.0,195.125,277.0,236.25,396.0,356.0,403.0,175.4776,119.9544,0.6836,1,0,0,0
207,3,0,1,1,1,1,0.9897,0.9844,0.9438,0.9048,789.0,359.0,660.5,349.5,676.5,452.5,762.5,437.5,128.8507,87.2983,0.6775,1,0,0,0
208,3,0,0,1,1,1,0.9873,0.9858,0.895,0.8657,1209.0,353.5,1025.0,351.5,1038.0,473.5,1175.0,462.0,184.0109,137.4818,0.7471,1,0,0,0
208,3,0,2,1,1,1,0.9834,0.9907,0.8848,0.9194,376.0,277.5,200.375,274.0,251.75,392.0,355.5,399.0,175.6599,103.9859,0.592,1,0,0,0
208,3,0,1,1,1,1,0.9932,0.9839,0.9517,0.8872,780.0,358.0,652.5,349.0,666.5,451.5,734.0,442.0,127.8173,68.1652,0.5333,1,0,0,0
209,3,0,0,1,1,1,0.9863,0.979,0.9058,0.8564,1208.0,350.0,1023.0,347.0,1049.0,482.0,1162.0,463.0,185.0243,114.5862,0.6193,1,0,0,0
209,3,0,2,1,1,1,0.9839,0.9893,0.8833,0.9185,371.0,277.5,201.5,270.5,244.25,392.0,352.0,402.5,169.6445,108.2604,0.6382,1,0,0,0
209,3,0,1,1,1,1,0.9912,0.9834,0.9487,0.8989,780.0,359.0,653.0,349.0,670.0,453.0,733.5,447.5,127.3931,63.7377,0.5003,1,0,0,0
210,3,0,0,1,1,1,0.9873,0.9814,0.8872,0.8657,1207.0,353.0,1026.0,345.5,1054.0,481.0,1166.0,461.5,181.1553,113.6849,0.6276,1,0,0,0
210,3,0,2,1,1,1,0.9834,0.9844,0.9014,0.8955,380.0,272.0,202.5,271.5,269.25,400.5,349.5,397.0,177.5007,80.3263,0.4525,1,1,1,0
210,3,0,1,1,1,1,0.9922,0.9873,0.9414,0.9038,771.0,358.0,644.0,348.5,660.0,451.0,726.5,444.5,127.3548,66.8169,0.5247,1,0,0,0
211,3,0,0,1,1,1,0.9878,0.9863,0.8921,0.8633,1211.0,355.0,1023.5,353.0,1039.0,476.5,1172.0,463.0,187.5107,133.6834,0.7129,1,0,0,0
211,3,0,1,1,1,1,0.9922,0.9878,0.9395,0.9072,770.0,357.5,644.0,348.5,659.0,450.0,724.5,446.0,126.321,65.622,0.5195,1,0,0,0
211,3,0,2,1,1,1,0.9839,0.9907,0.8843,0.9185,380.75,273.5,205.875,273.0,248.75,389.0,371.0,396.0,174.8757,122.4502,0.7002,1,0,0,0
212,3,0,0,1,1,1,0.9873,0.9785,0.9082,0.8525,1207.0,349.5,1025.0,346.0,1050.0,480.5,1162.0,460.5,182.0337,113.7717,0.625,1,0,0,0
212,3,0,2,1,1,1,0.9839,0.9868,0.896,0.9048,380.5,272.0,211.75,268.0,264.0,388.0,363.25,404.0,168.7974,100.5314,0.5956,1,0,0,0
212,3,0,1,1,1,1,0.9927,0.9814,0.9546,0.8867,758.0,359.0,634.0,349.0,642.0,457.0,715.5,444.5,124.4026,74.5553,0.5993,1,0,0,0
213,3,0,0,1,1,1,0.9888,0.9795,0.9014,0.8521,1209.0,352.0,1026.0,349.0,1051.0,481.0,1162.0,459.0,183.0246,113.1592,0.6183,1,0,0,0
213,3,0,1,1,1,1,0.9927,0.9814,0.9541,0.8838,758.0,359.0,634.5,347.5,644.5,457.0,711.5,445.5,124.0343,67.9798,0.5481,1,0,0,0
213,3,0,2,1,1,1,0.9878,0.9839,0.9082,0.894,384.75,274.0,209.75,267.0,260.75,393.0,368.0,399.5,175.1399,107.4468,0.6135,1,0,0,0
214,3,0,0,1,1,1,0.9893,0.9805,0.9009,0.8545,1209.0,351.5,1025.0,348.0,1052.0,478.0,1163.0,460.5,184.0333,112.371,0.6106,1,0,0,0
214,3,0,2,1,1,1,0.9834,0.9873,0.8936,0.9072,388.25,272.0,214.375,270.0,263.5,391.5,378.5,403.0,173.8865,115.5736,0.6646,1,0,0,0
214,3,0,1,1,1,1,0.9932,0.9795,0.9575,0.8765,747.0,359.5,624.0,349.0,637.5,459.5,693.5,444.0,123.4474,58.1055,0.4707,1,1,1,0
215,3,0,0,1,1,1,0.9883,0.981,0.8955,0.8574,1210.0,350.5,1025.0,346.0,1051.0,483.0,1165.0,461.0,185.0547,116.1034,0.6274,1,0,0,0
215,3,0,2,1,1,1,0.9819,0.9902,0.8916,0.9214,392.25,270.0,214.25,272.0,270.0,402.5,367.75,396.5,178.0112,97.934,0.5502,1,0,0,0
215,3,0,1,1,1,1,0.9922,0.9814,0.9512,0.8843,746.0,361.0,624.5,349.0,633.5,463.0,694.5,447.5,122.0912,62.9385,0.5155,1,0,0,0
216,3,0,0,1,1,1,0.9873,0.9795,0.9019,0.8442,1208.0,348.0,1024.0,345.5,1049.0,478.5,1166.0,461.5,184.017,118.2286,0.6425,1,0,0,0
216,3,0,1,1,1,1,0.9932,0.981,0.9541,0.8804,738.0,357.0,617.0,347.0,633.0,457.5,688.0,442.5,121.4125,57.0088,0.4695,1,1,1,0
216,3,0,2,1,1,1,0.9805,0.9873,0.8882,0.916,397.5,271.0,220.0,268.5,274.25,389.5,381.25,397.5,177.5176,107.2986,0.6044,1,0,0,0
217,3,0,0,1,1,1,0.9888,0.9795,0.8979,0.8467,1209.0,351.5,1028.0,348.0,1053.0,480.5,1171.0,464.5,181.0338,119.0798,0.6578,1,0,0,0
217,3,0,1,1,1,1,0.9932,0.9849,0.9556,0.8989,731.0,357.0,607.5,347.0,629.5,458.0,685.5,441.0,123.9042,58.5235,0.4723,1,1,2,0
217,3,0,2,1,1,1,0.9829,0.9868,0.8989,0.9116,401.0,267.0,224.125,265.5,269.0,389.5,393.0,396.0,176.8814,124.1702,0.702,1,0,0,0
218,3,0,0,1,1,1,0.9888,0.9839,0.9023,0.8438,1209.0,353.0,1026.0,353.0,1040.0,474.5,1176.0,462.0,183.0,136.5732,0.7463,1,0,0,0
218,3,0,2,1,1,1,0.9814,0.9858,0.8838,0.8955,403.25,268.0,219.625,270.5,288.25,405.0,373.5,394.0,183.642,85.9567,0.4681,1,1,1,0
218,3,0,1,1,1,1,0.9893,0.9839,0.9468,0.9014,730.0,352.0,605.0,346.5,636.5,461.0,677.0,434.5,125.1209,48.3994,0.3868,1,1,3,0
219,3,0,0,1,1,1,0.9878,0.9805,0.8926,0.8574,1210.0,350.5,1027.0,348.0,1055.0,479.5,1170.0,463.0,183.0171,116.1777,0.6348,1,0,0,0
219,3,0,2,1,1,1,0.9839,0.9878,0.8999,0.9131,405.0,267.5,227.25,265.0,274.0,385.0,388.5,394.5,177.7676,114.8934,0.6463,1,0,0,0
219,3,0,1,1,1,1,0.9932,0.9849,0.9541,0.8984,725.5,355.5,602.0,346.0,629.0,453.5,689.0,439.0,123.8648,61.7272,0.4983,1,1,4,0
220,3,0,0,1,1,1,0.9883,0.9805,0.8945,0.853,1210.0,352.0,1025.0,348.5,1056.0,478.0,1169.0,461.0,185.0331,114.2716,0.6176,1,0,0,0
220,3,0,2,1,1,1,0.9834,0.9888,0.894,0.9189,405.5,267.0,226.625,264.5,273.75,388.0,396.0,394.5,178.8925,122.4227,0.6843,1,0,0,0
220,3,0,1,1,1,1,0.9941,0.9824,0.9497,0.8882,728.0,358.0,602.0,344.0,620.0,454.5,693.0,436.0,126.7754,75.3077,0.594,1,0,0,0
221,3,0,0,1,1,1,0.9883,0.981,0.8931,0.8564,1210.0,352.5,1026.0,347.0,1050.0,481.5,1174.0,466.5,184.0822,124.904,0.6785,1,0,0,0
221,3,0,2,1,1,1,0.9805,0.9893,0.8755,0.918,410.5,269.0,225.0,267.0,277.75,385.5,392.25,397.0,185.5108,115.0761,0.6203,1,0,0,0
221,3,0,1,1,1,1,0.9941,0.9795,0.9531,0.8735,718.5,354.5,597.5,344.0,610.5,454.5,683.0,432.5,121.4547,75.7644,0.6238,1,0,0,0
222,3,0,0,1,1,1,0.9873,0.9863,0.895,0.8672,1210.0,354.5,1026.0,354.0,1040.0,477.0,1175.0,462.5,184.0007,135.7765,0.7379,1,0,0,0
222,3,0,2,1,1,1,0.9819,0.9858,0.8901,0.895,411.0,269.0,224.75,268.0,290.5,398.5,375.25,392.0,186.2527,84.9989,0.4564,1,1,1,0
222,3,0,1,1,1,1,0.9922,0.9834,0.9458,0.895,718.5,354.0,593.5,346.0,613.5,453.0,689.5,434.0,125.2557,78.339,0.6254,1,0,0,0
223,3,0,2,1,1,1,0.9819,0.9897,0.8779,0.9141,412.0,266.5,225.0,266.0,272.75,388.5,392.5,400.5,187.0007,120.3498,0.6436,1,0,0,0
223,3,0,0,1,1,1,0.9883,0.9785,0.9028,0.8486,1210.0,351.5,1027.0,348.0,1047.0,478.5,1166.0,463.0,183.0335,120.0052,0.6556,1,0,0,0
223,3,0,1,1,1,1,0.9927,0.9805,0.9492,0.8789,715.0,353.0,590.5,345.5,611.5,451.0,691.0,430.5,124.7257,82.1005,0.6582,1,0,0,0
224,3,0,0,1,1,1,0.9883,0.9849,0.9028,0.8545,1210.0,352.0,1025.0,352.5,1038.0,476.0,1170.0,462.5,185.0007,132.6885,0.7172,1,0,0,0
224,3,0,2,1,1,1,0.9849,0.9888,0.8906,0.9038,410.0,266.5,228.25,263.5,275.0,383.5,395.5,397.0,181.7748,121.2539,0.6671,1,0,0,0
224,3,0,1,1,1,1,0.9917,0.9824,0.9429,0.8872,715.5,353.5,589.5,346.0,614.5,454.0,692.0,434.5,126.223,79.9156,0.6331,1,0,0,0
225,3,0,0,1,1,1,0.9878,0.9849,0.8955,0.8511,1209.0,351.5,1026.0,352.0,1033.0,481.0,1179.0,462.5,183.0007,147.1674,0.8042,1,0,0,0
225,3,0,2,1,1,1,0.9834,0.9863,0.8794,0.9028,409.5,271.0,225.0,262.5,276.5,392.5,395.75,400.0,184.6957,119.4856,0.6469,1,0,0,0
225,3,0,1,1,1,1,0.9912,0.9839,0.9443,0.8906,711.0,351.5,585.5,346.0,612.0,446.5,682.0,436.5,125.6205,70.7107,0.5629,1,0,0,0
226,3,0,2,1,1,1,0.9834,0.9863,0.8789,0.9048,410.0,269.0,225.0,262.0,275.75,390.5,398.5,399.5,185.1324,123.0795,0.6648,1,0,0,0
226,3,0,0,1,1,1,0.9893,0.979,0.8989,0.8438,1208.0,351.0,1027.0,347.0,1050.0,484.5,1170.0,463.0,181.0442,121.9108,0.6734,1,0,0,0
226,3,0,1,1,1,1,0.9932,0.9863,0.9331,0.8887,709.0,349.0,582.5,345.0,602.5,447.5,682.0,430.5,126.5632,81.2973,0.6423,1,0,0,0
227,3,0,0,1,1,1,0.9888,0.9795,0.8975,0.8457,1208.0,351.0,1026.0,346.5,1048.0,485.5,1170.0,464.0,182.0556,123.88,0.6805,1,0,0,0
227,3,0,2,1,1,1,0.9834,0.9858,0.8828,0.9038,408.5,269.0,224.75,262.0,279.0,390.0,399.0,401.0,183.8833,120.5031,0.6553,1,0,0,0
227,3,0,1,1,1,1,0.9937,0.9844,0.9395,0.8799,709.5,351.0,583.5,345.0,602.5,447.0,676.0,432.0,126.1428,75.015,0.5947,1,0,0,0
228,3,0,0,1,1,1,0.9883,0.9849,0.9004,0.8472,1208.0,352.5,1023.5,354.5,1034.0,477.5,1175.0,465.0,184.5108,141.553,0.7672,1,0,0,0
228,3,0,2,1,1,1,0.9829,0.9863,0.8813,0.9092,408.75,266.5,223.875,261.0,287.0,387.5,401.0,397.0,184.9568,114.3951,0.6185,1,0,0,0
228,3,0,1,1,1,1,0.9927,0.9873,0.939,0.896,706.0,347.5,582.5,344.5,603.0,443.5,676.0,434.0,123.5364,73.6156,0.5959,1,0,0,0
229,3,0,0,1,1,1,0.9888,0.9839,0.9048,0.8442,1207.0,353.0,1021.0,354.0,1033.0,479.0,1169.0,465.0,186.0027,136.7187,0.735,1,0,0,0
229,3,0,2,1,1,1,0.9839,0.9888,0.8882,0.9097,411.0,265.5,227.375,260.5,291.75,386.0,396.5,399.0,183.6931,105.5536,0.5746,1,0,0,0
229,3,0,1,1,1,1,0.9932,0.9863,0.9365,0.8921,707.0,347.5,580.0,344.0,603.5,444.0,674.0,431.5,127.0482,71.5996,0.5636,1,0,0,0
230,3,0,0,1,1,1,0.9883,0.9849,0.9043,0.8628,1202.0,353.0,1019.5,354.0,1034.0,477.0,1168.0,465.5,182.5027,134.4926,0.7369,1,0,0,0
230,3,0,1,1,1,1,0.9941,0.9849,0.9409,0.8784,703.5,347.5,577.0,345.0,602.5,447.0,673.5,432.5,126.5247,72.4655,0.5727,1,0,0,0
230,3,0,2,1,1,1,0.9814,0.9893,0.8804,0.916,412.5,266.5,220.875,266.0,280.25,386.5,402.0,400.0,191.6257,122.4962,0.6392,1,0,0,0
231,3,0,0,1,1,1,0.9883,0.9849,0.8994,0.8506,1204.0,353.5,1018.5,354.5,1034.0,478.0,1166.0,461.0,185.5027,133.0902,0.7175,1,0,0,0
231,3,0,1,1,1,1,0.9932,0.9873,0.939,0.895,703.0,347.0,579.0,345.5,602.0,442.5,678.5,438.0,124.0091,76.6322,0.618,1,0,0,0
231,3,0,2,1,1,1,0.98,0.9893,0.8711,0.9189,412.0,266.0,222.25,266.0,286.25,382.5,402.0,399.5,189.75,116.9917,0.6166,1,0,0,0
232,3,0,0,1,1,1,0.9883,0.9858,0.8955,0.856,1200.0,354.5,1015.0,355.5,1033.0,482.5,1168.0,463.0,185.0027,136.4011,0.7373,1,0,0,0
232,3,0,2,1,1,1,0.9849,0.9878,0.895,0.9028,408.5,267.5,222.5,266.5,281.0,387.0,406.5,396.5,186.0027,125.859,0.6767,1,0,0,0
232,3,0,1,1,1,1,0.9937,0.9863,0.938,0.8926,703.0,347.5,575.5,347.0,605.5,446.0,674.5,433.0,127.501,70.214,0.5507,1,0,0,0
233,3,0,0,1,1,1,0.9868,0.978,0.9023,0.8477,1195.0,352.5,1011.0,350.0,1037.0,493.0,1157.0,465.5,184.017,123.1107,0.669,1,0,0,0
233,3,0,2,1,1,1,0.9849,0.9878,0.8892,0.897,405.0,269.5,218.625,267.0,282.25,390.0,401.75,398.5,186.3918,119.8019,0.6427,1,0,0,0
233,3,0,1,1,1,1,0.9937,0.9858,0.938,0.8872,700.5,346.0,573.5,346.5,605.5,447.0,675.0,431.5,127.001,71.2074,0.5607,1,0,0,0
234,3,0,2,1,1,1,0.9854,0.9888,0.8901,0.9009,406.5,267.0,219.625,265.5,275.0,390.5,399.5,402.0,186.881,125.03,0.669,1,0,0,0
234,3,0,0,1,1,1,0.9858,0.98,0.8931,0.854,1197.0,352.0,1009.5,350.0,1039.0,490.5,1159.0,464.0,187.5107,122.8912,0.6554,1,0,0,0
234,3,0,1,1,1,1,0.9941,0.9858,0.9424,0.8906,700.5,345.5,574.0,347.0,605.5,446.0,670.5,432.5,126.5089,66.3871,0.5248,1,0,0,0
235,3,0,0,1,1,1,0.9868,0.9868,0.8784,0.8604,1194.0,353.5,1005.0,357.5,1031.0,479.5,1165.0,465.0,189.0423,134.7822,0.713,1,0,0,0
235,3,0,2,1,1,1,0.9824,0.9893,0.8755,0.9111,403.25,268.5,216.5,264.0,290.25,394.0,393.5,401.0,186.8042,103.487,0.554,1,0,0,0
235,3,0,1,1,1,1,0.9937,0.9868,0.9448,0.8936,698.0,346.0,573.5,347.5,605.5,444.5,668.5,437.0,124.509,63.4449,0.5096,1,0,0,0
236,3,0,0,1,1,1,0.9873,0.9863,0.8833,0.8579,1194.0,354.5,1004.5,357.0,1027.0,482.0,1162.0,465.5,189.5165,136.0046,0.7176,1,0,0,0
236,3,0,2,1,1,1,0.9834,0.9888,0.8804,0.9048,403.5,268.5,216.375,263.5,293.5,394.5,393.0,401.0,187.1918,99.7121,0.5327,1,0,0,0
236,3,0,1,1,1,1,0.9941,0.9849,0.9424,0.8833,698.5,345.0,572.0,346.0,606.5,446.5,669.0,432.0,126.504,64.16,0.5072,1,0,0,0
237,3,0,0,1,1,1,0.9873,0.9854,0.8833,0.8521,1190.0,353.5,1000.5,356.0,1019.0,480.0,1166.0,464.5,189.5165,147.8149,0.78,1,0,0,0
237,3,0,2,1,1,1,0.9844,0.9878,0.8896,0.9019,399.25,267.0,211.625,260.0,281.0,390.0,392.5,399.0,187.7555,111.8626,0.5958,1,0,0,0
237,3,0,1,1,1,1,0.9941,0.9863,0.9414,0.8926,696.5,344.5,572.5,346.0,607.5,447.0,669.0,431.0,124.0091,63.5472,0.5124,1,0,0,0
238,3,0,0,1,1,1,0.9878,0.9849,0.8911,0.8477,1188.0,352.5,1001.5,356.0,1020.0,480.5,1161.0,468.5,186.5328,141.5097,0.7586,1,0,0,0
238,3,0,2,1,1,1,0.9839,0.9878,0.8843,0.8994,398.5,267.5,212.25,260.0,278.5,391.0,393.5,402.5,186.4009,115.5736,0.62,1,0,0,0
238,3,0,1,1,1,1,0.9941,0.9854,0.9424,0.8843,697.5,345.5,572.0,347.0,607.0,446.5,670.0,434.5,125.509,64.1327,0.511,1,0,0,0
239,3,0,0,1,1,1,0.9868,0.9854,0.8818,0.8564,1182.0,352.5,995.0,356.5,1023.5,480.5,1158.0,466.5,187.0428,135.2267,0.723,1,0,0,0
239,3,0,2,1,1,1,0.9868,0.9868,0.9033,0.8931,395.0,261.5,207.0,253.5,276.75,388.5,392.0,404.5,188.1701,116.3553,0.6184,1,0,0,0
239,3,0,1,1,1,1,0.9922,0.9873,0.9351,0.8975,696.5,345.0,572.0,348.0,605.5,443.5,674.0,433.5,124.5361,69.2261,0.5559,1,0,0,0
240,3,0,0,1,1,1,0.9868,0.9829,0.894,0.8506,1178.0,348.5,983.0,353.5,1020.5,479.5,1157.0,465.0,195.0641,137.268,0.7037,1,0,0,0
240,3,0,2,1,1,1,0.9834,0.9873,0.8853,0.9028,388.5,261.5,200.625,256.0,267.75,385.5,388.0,399.5,187.9555,121.0622,0.6441,1,0,0,0
240,3,0,1,1,1,1,0.9937,0.9863,0.9458,0.8945,697.0,346.5,572.5,349.5,601.0,443.0,676.5,432.0,124.5361,76.2971,0.6127,1,0,0,0
241,3,0,0,1,1,1,0.9873,0.9854,0.8799,0.8525,1172.0,350.0,988.5,356.0,1015.5,484.5,1158.0,465.0,183.5981,143.828,0.7834,1,0,0,0
241,3,0,2,1,1,1,0.9839,0.9868,0.8945,0.9053,387.25,259.0,201.75,255.5,265.0,389.0,390.5,400.0,185.533,125.9811,0.679,1,0,0,0
241,3,0,1,1,1,1,0.9932,0.9863,0.9429,0.8931,697.5,345.0,572.5,349.0,605.0,442.0,676.0,429.5,125.064,72.092,0.5764,1,0,0,0
242,3,0,2,1,1,1,0.9854,0.9893,0.8994,0.9053,381.75,254.0,193.25,254.5,260.5,383.5,381.0,397.5,188.5007,121.3106,0.6436,1,0,0,0
242,3,0,0,1,1,1,0.9863,0.9858,0.8701,0.8569,1165.0,348.5,978.5,357.0,1012.5,480.0,1149.0,465.5,186.6936,137.268,0.7353,1,0,0,0
242,3,0,1,1,1,1,0.9932,0.9873,0.9419,0.8989,696.0,345.5,573.5,349.0,606.0,445.0,676.5,433.0,122.55,71.514,0.5835,1,0,0,0
243,3,0,2,1,1,1,0.9863,0.9897,0.9019,0.9077,382.25,253.0,193.25,254.0,262.5,382.0,383.0,397.0,189.0026,121.43,0.6425,1,0,0,0
243,3,0,0,1,1,1,0.9878,0.9814,0.8828,0.8462,1170.0,347.0,978.0,352.0,1018.5,487.0,1147.0,465.5,192.0651,130.2862,0.6783,1,0,0,0
243,3,0,1,1,1,1,0.9932,0.9873,0.9419,0.8965,698.5,345.5,573.5,349.5,608.0,443.5,671.0,434.5,125.064,63.6396,0.5089,1,0,0,0
244,3,0,0,1,1,1,0.9873,0.979,0.8926,0.8477,1160.0,345.0,974.0,349.0,1017.0,481.5,1136.0,465.5,186.043,120.0708,0.6454,1,0,0,0
244,3,0,2,1,1,1,0.9858,0.9893,0.8955,0.9004,379.0,251.5,183.5,250.5,247.375,378.0,381.0,396.5,195.5026,134.8996,0.69,1,0,0,0
244,3,0,1,1,1,1,0.9912,0.9863,0.9365,0.9038,697.0,347.0,572.5,348.0,607.0,443.5,677.5,432.5,124.504,71.353,0.5731,1,0,0,0
245,3,0,0,1,1,1,0.9873,0.98,0.8862,0.8457,1162.0,344.5,972.0,350.0,1008.0,480.0,1134.0,466.0,190.0796,126.7754,0.667,1,0,0,0
245,3,0,2,1,1,1,0.9863,0.9888,0.8979,0.9004,378.25,253.0,183.375,252.5,252.75,378.5,382.5,393.0,194.8756,130.5577,0.67,1,0,0,0
245,3,0,1,1,1,1,0.9917,0.9854,0.9419,0.8979,696.0,346.5,573.0,349.0,607.0,445.0,674.0,432.5,123.0254,68.1561,0.554,1,0,0,0
246,3,0,0,1,1,1,0.9893,0.98,0.8862,0.8267,1153.0,344.0,963.5,351.0,993.0,481.5,1124.0,465.0,189.6292,132.035,0.6963,1,0,0,0
246,3,0,2,1,1,1,0.9868,0.9868,0.9033,0.8999,368.75,250.5,175.375,248.0,244.0,390.0,374.0,404.0,193.3912,130.7517,0.6761,1,0,0,0
246,3,0,1,1,1,1,0.9937,0.9883,0.9448,0.9043,697.5,345.5,574.0,348.5,609.5,446.0,673.5,433.5,123.5364,65.2093,0.5279,1,0,0,0
247,3,0,0,1,1,1,0.9888,0.978,0.8926,0.8276,1153.0,345.0,965.5,349.5,997.0,481.5,1128.0,466.5,187.554,131.856,0.703,1,0,0,0
247,3,0,2,1,1,1,0.9863,0.9873,0.8999,0.9053,367.0,250.0,174.5,247.5,244.125,388.5,370.0,404.0,192.5162,126.8257,0.6588,1,0,0,0
247,3,0,1,1,1,1,0.9941,0.9883,0.9458,0.9014,698.5,346.0,573.5,349.5,605.0,444.5,676.5,433.5,125.049,72.3412,0.5785,1,0,0,0
248,3,0,0,1,1,1,0.9897,0.979,0.8931,0.8213,1146.0,343.0,960.0,347.0,978.0,484.5,1114.0,466.0,186.043,137.2525,0.7377,1,0,0,0
248,3,0,2,1,1,1,0.9863,0.9893,0.8955,0.8975,372.0,249.0,167.0,250.0,225.0,390.5,376.5,395.5,205.0024,151.5825,0.7394,1,0,0,0
248,3,0,1,1,1,1,0.9941,0.9863,0.9497,0.8911,698.0,348.0,576.0,350.0,606.0,444.5,673.5,432.5,122.0164,68.5584,0.5619,1,0,0,0
249,3,0,0,1,1,1,0.9888,0.9785,0.895,0.832,1147.0,343.5,958.5,350.0,976.5,480.0,1113.0,465.5,188.612,137.268,0.7278,1,0,0,0
249,3,0,2,1,1,1,0.9873,0.9873,0.8882,0.9077,366.0,252.0,166.375,247.5,235.125,389.0,369.25,397.5,199.6757,134.3941,0.6731,1,0,0,0
249,3,0,1,1,1,1,0.9941,0.9878,0.9502,0.8994,699.5,346.5,575.5,350.0,606.0,444.5,676.5,433.5,124.0494,71.353,0.5752,1,0,0,0
250,3,0,2,1,1,1,0.9888,0.9854,0.8984,0.895,362.25,253.0,158.25,246.0,230.75,394.0,363.0,401.0,204.1201,132.4351,0.6488,1,0,0,0
250,3,0,0,1,1,1,0.9878,0.9834,0.9028,0.8394,1148.0,349.0,947.0,355.0,970.0,483.0,1112.0,471.0,201.0895,142.5061,0.7087,1,0,0,0
250,3,0,1,1,1,1,0.9937,0.9883,0.9438,0.9033,700.0,346.5,576.0,349.5,607.5,442.0,673.5,431.5,124.0363,66.83,0.5388,1,0,0,0
251,3,0,2,1,1,1,0.9878,0.9863,0.8896,0.9004,362.25,252.0,158.5,247.0,234.5,391.5,362.5,402.0,203.8113,128.4299,0.6301,1,0,0,0
251,3,0,0,1,1,1,0.9873,0.981,0.8906,0.8345,1140.0,347.5,947.0,352.0,975.0,486.0,1110.0,472.5,193.0525,135.6733,0.7028,1,0,0,0
251,3,0,1,1,1,1,0.9941,0.9873,0.9497,0.8984,699.5,346.0,576.5,348.5,605.5,441.5,669.0,431.0,123.0254,64.3623,0.5232,1,0,0,0
252,3,0,0,1,1,1,0.9868,0.9863,0.8784,0.8569,1140.0,348.0,948.0,356.0,967.0,484.0,1110.0,473.0,192.1666,143.4225,0.7463,1,0,0,0
252,3,0,2,1,1,1,0.9883,0.9858,0.8901,0.8955,362.0,249.0,154.25,245.0,228.25,392.5,358.75,398.0,207.7885,130.6158,0.6286,1,0,0,0
252,3,0,1,1,1,1,0.9937,0.9868,0.9448,0.8931,702.5,346.0,579.0,349.0,607.0,444.0,677.0,434.0,123.5364,70.7107,0.5724,1,0,0,0
253,3,0,2,1,1,1,0.9878,0.9863,0.8872,0.9023,361.0,247.5,150.75,243.5,232.625,390.5,360.75,397.5,210.288,128.3161,0.6102,1,0,0,0
253,3,0,0,1,1,1,0.9897,0.9775,0.9004,0.8354,1135.0,342.0,945.5,348.5,974.0,487.5,1098.0,472.0,189.6114,124.965,0.6591,1,0,0,0
253,3,0,1,1,1,1,0.9927,0.9814,0.9434,0.8823,704.5,348.5,581.0,349.0,611.5,448.0,678.5,427.5,123.501,70.066,0.5673,1,0,0,0
254,3,0,2,1,1,1,0.9873,0.9878,0.9019,0.8887,366.25,243.0,151.25,245.5,219.5,388.5,365.25,402.5,215.0145,146.4208,0.681,1,0,0,0
254,3,0,0,1,1,1,0.9863,0.9844,0.894,0.8569,1139.0,343.5,939.0,353.5,972.0,490.5,1109.0,478.5,200.2498,137.5245,0.6868,1,0,0,0
254,3,0,1,1,1,1,0.9937,0.9868,0.9463,0.8955,705.0,345.5,580.5,349.0,608.0,442.5,673.0,430.0,124.5492,66.191,0.5314,1,0,0,0
255,3,0,0,1,1,1,0.9902,0.9771,0.8979,0.8154,1135.0,340.5,942.0,348.0,969.0,489.5,1104.0,471.0,193.1457,136.2617,0.7055,1,0,0,0
255,3,0,2,1,1,1,0.9888,0.9868,0.9126,0.8804,369.5,243.0,152.875,244.5,210.25,387.5,367.0,400.0,216.6302,157.2476,0.7259,1,0,0,0
255,3,0,1,1,1,1,0.9907,0.9849,0.938,0.894,707.5,348.0,582.5,349.5,611.5,444.0,681.5,433.0,125.009,70.859,0.5668,1,0,0,0
256,3,0,2,1,1,1,0.9888,0.9858,0.895,0.8931,363.0,245.0,152.625,241.5,228.0,389.5,361.5,397.0,210.4041,133.7105,0.6355,1,0,0,0
256,3,0,0,1,1,1,0.9878,0.9834,0.8999,0.8477,1138.0,344.0,937.5,353.5,969.0,490.5,1108.0,479.0,200.7249,139.4749,0.6949,1,0,0,0
256,3,0,1,1,1,1,0.9941,0.9858,0.9487,0.8857,707.5,345.5,583.5,349.0,609.0,445.0,680.5,432.0,124.0494,72.6722,0.5858,1,0,0,0
257,3,0,0,1,1,1,0.9873,0.9873,0.8726,0.8511,1138.0,345.0,941.0,354.0,967.5,486.5,1109.0,477.5,197.2055,141.7859,0.719,1,0,0,0
257,3,0,2,1,1,1,0.9868,0.9888,0.8989,0.895,371.0,241.0,152.125,243.0,229.375,387.5,366.0,402.0,218.8841,137.3923,0.6277,1,0,0,0
257,3,0,1,1,1,1,0.9917,0.9839,0.9434,0.8877,711.0,345.5,586.0,348.0,610.5,441.5,685.5,429.0,125.025,76.0345,0.6082,1,0,0,0
258,3,0,0,1,1,1,0.9888,0.9785,0.9019,0.8232,1136.0,343.0,937.5,350.5,975.0,491.0,1104.0,476.0,198.6416,129.8692,0.6538,1,0,0,0
258,3,0,2,1,1,1,0.9883,0.9883,0.9028,0.8833,368.5,240.5,152.25,243.5,226.5,387.5,366.0,400.5,216.2708,140.1044,0.6478,1,0,0,0
258,3,0,1,1,1,1,0.9917,0.9844,0.9453,0.8916,711.0,346.0,587.5,348.0,609.0,442.5,685.0,428.5,123.5162,77.2787,0.6257,1,0,0,0
259,3,0,2,1,1,1,0.9858,0.9897,0.8872,0.896,375.0,239.5,153.75,244.5,228.625,390.0,370.5,403.0,221.3065,142.4693,0.6438,1,0,0,0
259,3,0,0,1,1,1,0.9873,0.9839,0.8955,0.8467,1142.0,346.5,937.5,354.0,971.5,486.0,1103.0,479.5,204.6375,131.6605,0.6434,1,0,0,0
259,3,0,1,1,1,1,0.9922,0.9829,0.9492,0.8843,713.5,346.5,589.5,348.0,610.5,445.5,682.5,433.5,124.0091,72.9932,0.5886,1,0,0,0
260,3,0,2,1,1,1,0.9863,0.9888,0.9004,0.8994,379.0,241.0,162.0,245.0,230.125,389.5,374.0,405.5,217.0369,144.7619,0.667,1,0,0,0
260,3,0,0,1,1,1,0.9878,0.9839,0.8975,0.8394,1145.0,345.0,939.5,352.5,975.5,488.0,1104.0,481.5,205.6368,128.6643,0.6257,1,0,0,0
260,3,0,1,1,1,1,0.9912,0.9849,0.9321,0.8931,716.5,348.5,590.5,348.5,618.5,443.5,691.5,425.0,126.0,75.3077,0.5977,1,0,0,0
261,3,0,2,1,1,1,0.9863,0.9893,0.897,0.8975,381.25,242.5,160.125,246.0,228.625,392.0,373.5,401.0,221.1527,145.1543,0.6564,1,0,0,0
261,3,0,0,1,1,1,0.9883,0.9834,0.8984,0.8389,1144.0,346.0,938.5,353.5,974.5,491.0,1102.0,480.5,205.6368,127.9316,0.6221,1,0,0,0
261,3,0,1,1,1,1,0.9907,0.9844,0.9297,0.8916,718.5,349.5,590.5,348.0,616.0,443.5,695.0,426.5,128.0088,80.8084,0.6313,1,0,0,0
262,3,0,2,1,1,1,0.9858,0.9893,0.8955,0.8965,390.5,242.0,169.375,247.0,230.25,393.5,374.5,410.0,221.1815,145.1906,0.6564,1,0,0,0
262,3,0,0,1,1,1,0.9873,0.9849,0.8916,0.8433,1151.0,345.5,943.0,354.0,972.5,489.0,1112.0,479.5,208.1736,139.8231,0.6717,1,0,0,0
262,3,0,1,1,1,1,0.9917,0.9829,0.9385,0.8862,720.0,351.0,594.5,348.0,621.0,441.5,696.0,427.0,125.5359,76.3888,0.6085,1,0,0,0
263,3,0,2,1,1,1,0.9844,0.9897,0.8833,0.9004,391.0,242.0,169.5,248.0,229.5,392.0,378.0,406.0,221.5812,149.1585,0.6732,1,0,0,0
263,3,0,0,1,1,1,0.9873,0.9844,0.895,0.8462,1149.0,344.0,942.5,351.5,975.0,483.5,1108.0,475.5,206.6362,133.2404,0.6448,1,0,0,0
263,3,0,1,1,1,1,0.9912,0.9829,0.9355,0.8872,721.0,349.5,595.0,347.0,620.0,442.5,697.0,427.0,126.0248,78.5446,0.6232,1,0,0,0
264,3,0,2,1,1,1,0.9863,0.9883,0.8931,0.896,395.75,245.5,183.5,248.5,230.625,397.5,377.0,413.0,212.2712,147.1934,0.6934,1,0,0,0
264,3,0,0,1,1,1,0.9902,0.979,0.895,0.8198,1148.0,343.0,954.5,346.0,980.0,490.5,1111.0,477.5,193.5233,131.6435,0.6802,1,0,0,0
264,3,0,1,1,1,1,0.9907,0.9844,0.9438,0.895,723.0,347.0,598.5,349.0,628.0,441.0,691.5,424.0,124.5161,65.7362,0.5279,1,0,0,0
265,3,0,2,1,1,1,0.9844,0.9893,0.8906,0.9004,399.5,243.0,183.75,248.5,224.625,391.0,378.5,412.5,215.8201,155.3698,0.7199,1,0,0,0
265,3,0,0,1,1,1,0.9902,0.9775,0.9004,0.814,1146.0,341.5,954.0,345.0,978.0,490.0,1113.0,476.0,192.0319,135.724,0.7068,1,0,0,0
265,3,0,1,1,1,1,0.9922,0.9834,0.9434,0.8892,724.0,351.0,598.0,348.0,625.5,444.0,697.5,425.0,126.0357,74.4648,0.5908,1,0,0,0
266,3,0,2,1,1,1,0.9868,0.9863,0.9082,0.8838,411.0,246.0,199.75,246.5,245.25,390.5,384.25,418.0,211.2506,141.6942,0.6707,1,0,0,0
266,3,0,0,1,1,1,0.9897,0.978,0.8975,0.8159,1155.0,342.5,959.5,345.5,988.5,488.5,1121.0,474.0,195.523,133.291,0.6817,1,0,0,0
266,3,0,1,1,1,1,0.9902,0.9829,0.9385,0.8857,726.0,350.0,601.5,348.5,627.5,439.0,699.0,426.0,124.509,72.6722,0.5837,1,0,0,0
267,3,0,0,1,1,1,0.9897,0.9775,0.9028,0.8179,1164.0,344.5,964.0,346.0,992.0,485.0,1127.0,475.5,200.0056,135.3338,0.6767,1,0,0,0
267,3,0,2,1,1,1,0.9883,0.9858,0.918,0.8804,427.5,249.0,217.375,243.5,247.5,390.5,396.5,415.5,210.197,151.0828,0.7188,1,0,0,0
267,3,0,1,1,1,1,0.9897,0.9844,0.9385,0.8926,729.5,347.0,604.0,347.5,630.5,441.5,696.0,427.5,125.501,66.9795,0.5337,1,0,0,0
268,3,0,2,1,1,1,0.9883,0.9854,0.9214,0.8804,427.0,249.0,217.75,245.0,253.25,391.0,397.75,411.0,209.2882,145.8775,0.697,1,0,0,0
268,3,0,0,1,1,1,0.9883,0.98,0.8872,0.8354,1161.0,344.5,964.5,344.0,995.0,489.0,1130.0,474.0,196.5006,135.8308,0.6912,1,0,0,0
268,3,0,1,1,1,1,0.9912,0.9819,0.9448,0.8799,730.5,349.0,605.5,346.0,626.0,436.0,702.5,421.5,125.036,77.8621,0.6227,1,0,0,0
269,3,0,0,1,1,1,0.9897,0.9795,0.8926,0.8174,1170.0,341.5,968.5,344.5,996.5,486.0,1136.0,477.5,201.5223,139.7587,0.6935,1,0,0,0
269,3,0,2,1,1,1,0.9883,0.9868,0.9082,0.8647,446.5,249.0,230.5,241.0,255.75,388.0,411.25,418.0,216.1481,158.3675,0.7327,1,0,0,0
269,3,0,1,1,1,1,0.9917,0.9814,0.9434,0.8804,736.0,351.0,608.5,343.0,627.0,437.5,709.5,425.5,127.7507,83.3682,0.6526,1,0,0,0
270,3,0,2,1,1,1,0.9873,0.9873,0.9077,0.8794,449.5,249.0,231.875,241.5,258.0,386.0,415.5,413.5,217.7542,159.8828,0.7342,1,0,0,0
270,3,0,0,1,1,1,0.9893,0.9795,0.894,0.8262,1170.0,341.0,969.0,344.0,1002.0,486.0,1141.0,479.0,201.0224,139.1761,0.6923,1,0,0,0
270,3,0,1,1,1,1,0.9893,0.9849,0.938,0.9009,734.5,347.5,606.5,346.0,627.0,438.5,696.5,427.0,128.0088,70.445,0.5503,1,0,0,0
271,3,0,0,1,1,1,0.9893,0.9829,0.8862,0.8389,1176.0,348.0,980.5,349.0,999.0,485.0,1151.0,466.0,195.5026,153.1829,0.7835,1,0,0,0
271,3,0,2,1,1,1,0.9868,0.9883,0.9009,0.8813,458.5,249.5,242.125,238.5,270.25,389.5,424.0,408.5,216.6544,154.9195,0.7151,1,0,0,0
271,3,0,1,1,1,1,0.9922,0.9834,0.9243,0.8716,739.0,353.0,613.0,345.5,640.0,443.5,714.5,425.5,126.223,76.6437,0.6072,1,0,0,0
272,3,0,0,1,1,1,0.9888,0.9819,0.8794,0.8223,1179.0,343.0,975.5,345.5,1005.5,493.5,1149.0,478.5,203.5154,144.2818,0.7089,1,0,0,0
272,3,0,2,1,1,1,0.9863,0.9888,0.895,0.8828,460.25,246.5,242.75,237.0,265.0,391.0,430.0,408.5,217.7074,165.9254,0.7621,1,0,0,0
272,3,0,1,1,1,1,0.9922,0.9829,0.9233,0.8696,740.0,353.5,612.0,347.0,642.5,445.0,717.5,427.5,128.1649,77.0146,0.6009,1,0,0,0
273,3,0,0,1,1,1,0.9878,0.9858,0.8823,0.8472,1183.0,347.0,983.0,349.5,996.0,487.5,1150.0,478.0,200.0156,154.2927,0.7714,1,0,0,0
273,3,0,2,1,1,1,0.9863,0.9878,0.8989,0.8916,460.25,248.0,253.75,234.5,292.75,390.0,430.75,407.0,206.9408,139.0432,0.6719,1,0,0,0
273,3,0,1,1,1,1,0.9883,0.9849,0.9282,0.8984,740.5,350.5,614.5,346.5,637.5,442.5,723.0,433.5,126.0635,85.9724,0.682,1,0,0,0
274,3,0,2,1,1,1,0.9844,0.9897,0.8818,0.8901,467.25,252.0,253.625,238.5,289.75,389.0,436.5,407.0,214.0511,147.8498,0.6907,1,0,0,0
274,3,0,0,1,1,1,0.9883,0.9863,0.8789,0.8413,1186.0,347.0,982.5,349.5,997.5,486.0,1146.0,479.0,203.5154,148.6649,0.7305,1,0,0,0
274,3,0,1,1,1,1,0.9893,0.9839,0.9341,0.8921,740.5,350.5,615.0,345.5,639.5,443.5,719.5,433.0,125.5996,80.6861,0.6424,1,0,0,0
275,3,0,0,1,1,1,0.9883,0.9824,0.9053,0.8359,1196.0,346.5,983.5,349.5,1006.0,490.5,1156.0,475.0,212.5212,150.7987,0.7096,1,0,0,0
275,3,0,2,1,1,1,0.9883,0.9883,0.8901,0.8887,472.0,249.5,257.5,234.5,304.5,388.5,446.75,410.5,215.0238,143.9412,0.6694,1,0,0,0
275,3,0,1,1,1,1,0.9922,0.9844,0.9219,0.8735,745.0,356.0,617.5,349.5,647.5,446.5,726.5,429.0,127.6656,80.9151,0.6338,1,0,0,0
276,3,0,2,1,1,1,0.9878,0.9893,0.8926,0.8828,480.25,249.0,263.0,234.5,313.5,392.0,459.0,410.5,217.7334,146.6714,0.6736,1,0,0,0
276,3,0,0,1,1,1,0.9897,0.9785,0.9058,0.8208,1199.0,342.0,989.5,342.5,1015.0,491.5,1158.0,474.5,209.5006,144.0069,0.6874,1,0,0,0
276,3,0,1,1,1,1,0.9922,0.9863,0.9219,0.8828,746.0,356.0,618.5,348.0,651.0,446.0,728.0,428.0,127.7507,79.0759,0.619,1,0,0,0
277,3,0,0,1,1,1,0.9893,0.9795,0.8979,0.8247,1196.0,344.0,990.0,343.0,1013.0,495.0,1161.0,476.0,206.0024,149.2146,0.7243,1,0,0,0
277,3,0,2,1,1,1,0.9888,0.9888,0.897,0.874,479.5,247.0,264.25,235.0,310.0,388.5,457.5,410.5,215.5842,149.1317,0.6918,1,0,0,0
277,3,0,1,1,1,1,0.9917,0.9849,0.915,0.8755,746.0,356.0,618.5,347.5,654.0,446.5,725.0,429.0,127.783,73.1249,0.5723,1,0,0,0
278,3,0,2,1,1,1,0.9883,0.9888,0.895,0.8784,483.0,249.5,268.75,234.5,323.25,392.0,464.5,411.0,214.7744,142.5221,0.6636,1,0,0,0
278,3,0,0,1,1,1,0.9893,0.978,0.9111,0.8296,1204.0,342.5,998.0,342.0,1026.0,493.0,1164.0,475.5,206.0006,139.1052,0.6753,1,0,0,0
278,3,0,1,1,1,1,0.9922,0.9863,0.9224,0.8843,747.5,354.5,623.0,345.0,659.0,445.0,727.0,432.0,124.8619,69.2315,0.5545,1,0,0,0
279,3,0,0,1,1,1,0.9897,0.9775,0.9111,0.8198,1202.0,344.0,998.5,341.5,1025.0,495.5,1166.0,475.5,203.5154,142.4114,0.6998,1,0,0,0
279,3,0,2,1,1,1,0.9878,0.9878,0.9043,0.8828,482.5,251.5,270.0,235.5,330.0,389.5,458.25,407.5,213.1015,129.507,0.6077,1,0,0,0
279,3,0,1,1,1,1,0.9912,0.9868,0.9233,0.8916,746.0,355.0,622.5,346.0,659.5,446.0,729.5,433.5,123.8275,71.1073,0.5742,1,0,0,0
280,3,0,2,1,1,1,0.9883,0.9888,0.8926,0.877,485.25,252.0,271.25,236.0,322.25,390.0,463.5,407.5,214.5973,142.3299,0.6632,1,0,0,0
280,3,0,0,1,1,1,0.9888,0.9834,0.9082,0.8369,1217.0,346.0,998.5,347.5,1016.5,492.5,1168.0,483.5,218.5051,151.7671,0.6946,1,0,0,0
280,3,0,1,1,1,1,0.9922,0.9854,0.9189,0.8721,750.0,354.5,621.0,345.5,657.5,445.0,731.0,433.0,129.3136,74.4731,0.5759,1,0,0,0
281,3,0,2,1,1,1,0.9883,0.9888,0.8955,0.8809,485.0,251.5,271.25,235.5,322.0,388.0,466.0,405.5,214.348,145.0595,0.6767,1,0,0,0
281,3,0,0,1,1,1,0.9888,0.9785,0.9077,0.8271,1212.0,343.5,1002.0,343.5,1026.0,496.0,1169.0,483.5,210.0,143.5453,0.6835,1,0,0,0
281,3,0,1,1,1,1,0.9922,0.9883,0.9253,0.8979,748.0,353.0,623.5,344.5,658.0,445.0,731.0,433.0,124.7898,73.9797,0.5928,1,0,0,0
282,3,0,2,1,1,1,0.9873,0.9888,0.8936,0.8838,485.75,249.5,272.5,236.0,328.75,389.0,466.5,409.0,213.6769,139.1943,0.6514,1,0,0,0
282,3,0,0,1,1,1,0.9878,0.9834,0.9048,0.8433,1221.0,348.5,1002.0,347.0,1024.0,490.5,1175.0,483.0,219.0051,151.1861,0.6903,1,0,0,0
282,3,0,1,1,1,1,0.9912,0.9883,0.9058,0.896,750.0,355.5,623.0,346.0,658.0,444.0,729.5,431.0,127.3548,72.6722,0.5706,1,0,0,0
283,3,0,2,1,1,1,0.9883,0.9883,0.8989,0.876,485.5,250.0,272.5,236.0,323.25,386.5,465.0,407.5,213.4596,143.2971,0.6713,1,0,0,0
283,3,0,0,1,1,1,0.9873,0.9868,0.8823,0.8555,1216.0,350.0,1011.0,349.0,1023.5,489.0,1174.0,485.0,205.0024,150.5531,0.7344,1,0,0,0
283,3,0,1,1,1,1,0.9917,0.9897,0.9219,0.9116,748.0,354.0,625.0,346.5,658.0,443.5,732.5,435.5,123.2284,74.9283,0.608,1,0,0,0
284,3,0,0,1,1,1,0.9873,0.9819,0.8926,0.8433,1220.0,346.5,1008.0,343.0,1030.0,488.5,1174.0,477.0,212.0289,144.4585,0.6813,1,0,0,0
284,3,0,2,1,1,1,0.9868,0.9902,0.8818,0.8887,491.0,247.0,272.75,234.5,323.0,392.5,479.5,401.0,218.6077,156.7307,0.7169,1,0,0,0
284,3,0,1,1,1,1,0.9917,0.9883,0.9136,0.8965,749.5,356.5,621.5,347.5,658.5,448.0,732.5,436.0,128.316,74.9667,0.5842,1,0,0,0
285,3,0,0,1,1,1,0.9878,0.9814,0.8984,0.8413,1220.0,346.0,1005.5,342.5,1027.0,490.5,1173.0,480.0,214.5286,146.3771,0.6823,1,0,0,0
285,3,0,2,1,1,1,0.9873,0.9888,0.8926,0.8843,490.75,247.0,274.5,234.0,333.0,393.0,479.0,404.0,216.6404,146.4138,0.6758,1,0,0,0
285,3,0,1,1,1,1,0.9917,0.9893,0.9224,0.9048,748.5,355.0,624.0,347.0,660.0,447.0,734.5,434.0,124.7568,75.6257,0.6062,1,0,0,0
286,3,0,0,1,1,1,0.9873,0.981,0.8999,0.8413,1224.0,345.0,1010.0,342.0,1032.0,491.5,1183.0,481.5,214.021,151.3308,0.7071,1,0,0,0
286,3,0,2,1,1,1,0.9878,0.9893,0.8877,0.877,494.75,246.0,276.0,235.0,325.0,389.0,485.25,399.0,219.0264,160.5617,0.7331,1,0,0,0
286,3,0,1,1,1,1,0.9917,0.9902,0.9214,0.9087,747.0,354.0,622.0,346.5,659.5,448.0,735.5,436.5,125.2248,76.8651,0.6138,1,0,0,0
287,3,0,0,1,1,1,0.9878,0.9824,0.8892,0.8389,1224.0,345.0,1009.5,342.0,1034.0,493.0,1180.0,479.5,214.521,146.6228,0.6835,1,0,0,0
287,3,0,2,1,1,1,0.9902,0.9849,0.8926,0.874,492.0,252.0,276.5,235.0,330.0,386.0,482.25,391.5,216.1695,152.3493,0.7048,1,0,0,0
287,3,0,1,1,1,1,0.9922,0.9897,0.9253,0.9067,748.5,355.0,623.0,347.5,661.0,447.0,738.0,436.5,125.7239,77.7126,0.6181,1,0,0,0
288,3,0,2,1,1,1,0.9888,0.9893,0.8965,0.8726,499.25,244.0,276.75,234.0,331.25,391.5,490.0,409.0,222.7246,159.7117,0.7171,1,0,0,0
288,3,0,0,1,1,1,0.9873,0.9849,0.895,0.8433,1228.0,347.0,1009.5,346.5,1028.0,486.0,1182.0,484.0,218.5006,154.013,0.7049,1,0,0,0
288,3,0,1,1,1,1,0.9927,0.9888,0.9248,0.8955,747.5,355.5,623.5,348.5,658.0,449.0,736.0,437.5,124.1974,78.8432,0.6348,1,0,0,0
289,3,0,0,1,1,1,0.9868,0.9839,0.8867,0.854,1223.0,344.0,1008.0,340.5,1040.0,490.5,1184.0,481.5,215.0285,144.281,0.671,1,0,0,0
289,3,0,2,1,1,1,0.9883,0.9888,0.8965,0.877,500.5,245.0,277.5,236.0,328.0,386.0,486.0,400.0,223.1815,158.619,0.7107,1,0,0,0
289,3,0,1,1,1,1,0.9927,0.9878,0.9238,0.8926,748.5,354.5,622.5,350.0,663.0,449.0,735.5,433.5,126.0803,74.1384,0.588,1,0,0,0
290,3,0,0,1,1,1,0.9873,0.9824,0.8955,0.8501,1223.0,345.0,1010.5,341.0,1037.0,491.0,1180.0,481.0,212.5376,143.3492,0.6745,1,0,0,0
290,3,0,1,1,1,1,0.9927,0.9883,0.9219,0.8989,749.0,354.5,623.0,349.5,663.0,451.5,737.5,437.0,126.0992,75.898,0.6019,1,0,0,0
290,3,0,2,1,1,1,0.9883,0.9883,0.9033,0.8809,500.25,246.0,280.0,235.5,336.5,389.0,485.0,398.5,220.5001,148.8036,0.6748,1,0,0,0
291,3,0,0,1,1,1,0.9863,0.9858,0.8848,0.8516,1226.0,347.5,1007.0,345.0,1034.0,489.5,1180.0,484.0,219.0143,146.1036,0.6671,1,0,0,0
291,3,0,2,1,1,1,0.9888,0.9883,0.9038,0.8779,494.75,244.5,278.0,235.5,319.0,386.5,493.0,403.0,216.9368,174.7806,0.8057,1,0,0,0
291,3,0,1,1,1,1,0.9922,0.9893,0.9229,0.8999,745.0,353.0,621.5,348.5,660.0,450.0,741.0,439.5,123.582,81.6777,0.6609,1,0,0,0
292,3,0,0,1,1,1,0.9858,0.9858,0.8862,0.8569,1228.0,346.5,1009.0,346.0,1032.0,489.0,1185.0,481.0,219.0006,153.209,0.6996,1,0,0,0
292,3,0,2,1,1,1,0.9883,0.9878,0.9062,0.876,493.5,245.5,278.0,235.0,323.5,388.0,488.25,405.5,215.7556,165.6768,0.7679,1,0,0,0
292,3,0,1,1,1,1,0.9922,0.9868,0.9194,0.8853,748.0,354.0,621.0,348.5,664.0,450.5,736.0,437.5,127.119,73.1642,0.5756,1,0,0,0
293,3,0,0,1,1,1,0.9863,0.9863,0.8833,0.856,1225.0,348.5,1007.0,344.5,1032.0,486.0,1183.0,482.0,218.0367,151.053,0.6928,1,0,0,0
293,3,0,2,1,1,1,0.9912,0.9849,0.894,0.8613,487.25,253.5,271.5,241.5,329.5,384.0,481.75,392.0,216.0835,152.46,0.7056,1,0,0,0
293,3,0,1,1,1,1,0.9922,0.9868,0.9189,0.8857,747.5,352.5,620.5,350.0,661.5,449.5,739.0,436.0,127.0246,78.667,0.6193,1,0,0,0
294,3,0,0,1,1,1,0.9863,0.9883,0.8638,0.853,1221.0,351.5,1011.0,346.5,1028.0,484.0,1181.0,482.0,210.0595,153.0131,0.7284,1,0,0,0
294,3,0,1,1,1,1,0.9917,0.9883,0.9238,0.8955,745.0,351.5,621.0,350.5,661.5,450.0,741.0,437.5,124.004,80.4767,0.649,1,0,0,0
294,3,0,2,1,1,1,0.9883,0.9883,0.9019,0.8809,492.0,244.5,274.75,235.5,322.25,384.5,485.0,394.5,217.4363,163.0569,0.7499,1,0,0,0
295,3,0,0,1,1,1,0.9883,0.9814,0.897,0.8354,1220.0,346.0,1003.5,342.0,1035.0,495.0,1184.0,485.0,216.5369,149.3352,0.6897,1,0,0,0
295,3,0,2,1,1,1,0.9883,0.9888,0.894,0.8735,484.25,245.0,270.0,238.0,312.0,375.0,480.5,395.0,214.3643,169.6828,0.7916,1,0,0,0
295,3,0,1,1,1,1,0.9922,0.9888,0.9253,0.8989,744.0,353.5,620.0,350.0,659.5,450.0,738.0,438.0,124.0494,79.4119,0.6402,1,0,0,0
296,3,0,2,1,1,1,0.9878,0.9888,0.8887,0.8735,480.75,246.5,267.0,240.0,314.25,378.0,474.25,395.0,213.8488,160.9006,0.7524,1,0,0,0
296,3,0,0,1,1,1,0.9873,0.9829,0.8862,0.8433,1216.0,346.0,1001.0,343.0,1028.0,492.0,1181.0,483.5,215.0209,153.2359,0.7127,1,0,0,0
296,3,0,1,1,1,1,0.9912,0.9893,0.9121,0.8979,743.5,354.5,618.5,349.5,661.0,447.5,740.0,435.0,125.1,79.9828,0.6394,1,0,0,0
297,3,0,2,1,1,1,0.9878,0.9888,0.8916,0.8799,481.75,247.0,267.25,240.5,320.5,377.0,472.25,397.0,214.5985,153.0623,0.7132,1,0,0,0
297,3,0,0,1,1,1,0.9873,0.9858,0.8916,0.8511,1221.0,347.0,998.5,347.5,1026.0,488.0,1181.0,483.0,222.5006,155.0806,0.697,1,0,0,0
297,3,0,1,1,1,1,0.9912,0.9878,0.915,0.8892,742.0,352.5,620.0,349.0,662.0,448.5,739.0,438.5,122.0502,77.6466,0.6362,1,0,0,0
298,3,0,0,1,1,1,0.9888,0.9814,0.895,0.8286,1214.0,343.5,998.0,342.5,1029.0,495.0,1178.0,484.0,216.0023,149.4055,0.6917,1,0,0,0
298,3,0,2,1,1,1,0.9863,0.9883,0.8911,0.8862,469.25,249.0,262.75,243.5,308.25,378.5,468.0,392.5,206.5732,160.3623,0.7763,1,0,0,0
298,3,0,1,1,1,1,0.9912,0.9873,0.9087,0.8921,741.0,355.0,615.5,350.5,660.0,452.0,735.0,434.5,125.5807,77.0146,0.6133,1,0,0,0
299,3,0,0,1,1,1,0.9888,0.9819,0.8955,0.8354,1213.0,344.0,999.0,342.5,1027.0,491.0,1179.0,482.0,214.0053,152.2662,0.7115,1,0,0,0
299,3,0,2,1,1,1,0.9863,0.9883,0.8906,0.8887,471.0,250.0,263.25,244.5,305.25,379.0,471.0,394.0,207.8228,166.4273,0.8008,1,0,0,0
299,3,0,1,1,1,1,0.9902,0.9849,0.9307,0.8936,742.0,355.0,618.0,349.5,658.0,450.0,737.0,437.0,124.1219,80.0625,0.645,1,0,0,0
300,3,0,0,1,1,1,0.9883,0.9814,0.8994,0.8408,1210.0,344.0,995.0,345.0,1029.0,490.5,1182.0,481.0,215.0023,153.2947,0.713,1,0,0,0
300,3,0,2,1,1,1,0.9868,0.9878,0.8955,0.8848,464.75,251.5,258.25,247.0,298.25,376.0,457.75,391.5,206.549,160.2514,0.7759,1,0,0,0
300,3,0,1,1,1,1,0.9912,0.9878,0.9155,0.8921,738.0,352.5,614.0,348.0,664.0,454.0,729.0,437.0,124.0816,67.1863,0.5415,1,0,0,0
301,3,0,0,1,1,1,0.9883,0.9858,0.8936,0.8403,1215.0,342.5,995.0,346.0,1022.0,488.0,1177.0,482.5,220.0278,155.0975,0.7049,1,0,0,0
301,3,0,2,1,1,1,0.9873,0.9878,0.8965,0.8848,463.5,251.5,257.5,247.5,304.25,376.0,461.0,393.0,206.0388,157.6692,0.7652,1,0,0,0
301,3,0,1,1,1,1,0.9912,0.9878,0.9189,0.8945,739.0,355.0,614.0,349.0,662.5,452.5,736.0,438.0,125.1439,74.9166,0.5986,1,0,0,0
302,3,0,2,1,1,1,0.9844,0.9883,0.8882,0.9038,451.25,253.0,248.25,249.0,295.0,376.0,443.5,395.5,203.0394,149.7748,0.7377,1,0,0,0
302,3,0,0,1,1,1,0.9878,0.9814,0.8979,0.8452,1209.0,343.0,998.0,343.0,1028.0,495.5,1178.0,481.0,211.0,150.6992,0.7142,1,0,0,0
302,3,0,1,1,1,1,0.9902,0.9849,0.9292,0.8926,737.5,351.5,613.0,347.5,660.0,450.5,731.5,435.0,124.5642,73.1608,0.5873,1,0,0,0
303,3,0,0,1,1,1,0.9878,0.98,0.9023,0.8423,1209.0,342.0,995.5,341.5,1022.5,495.5,1174.0,483.0,213.5006,152.0148,0.712,1,0,0,0
303,3,0,2,1,1,1,0.9878,0.9873,0.9038,0.8701,446.0,252.0,235.75,250.0,268.25,380.0,430.5,398.0,210.2595,163.2454,0.7764,1,0,0,0
303,3,0,1,1,1,1,0.9912,0.9878,0.9194,0.8999,737.0,349.5,610.0,346.0,661.5,450.5,730.0,435.0,127.0482,70.2318,0.5528,1,0,0,0
304,3,0,0,1,1,1,0.9883,0.98,0.9033,0.8369,1208.0,341.5,998.5,341.0,1029.0,495.0,1175.0,481.0,209.5006,146.6697,0.7001,1,0,0,0
304,3,0,1,1,1,1,0.9902,0.9849,0.9316,0.8989,736.0,349.5,612.0,347.0,662.0,447.5,728.5,436.0,124.0252,67.487,0.5441,1,0,0,0
304,3,0,2,1,1,1,0.9888,0.9844,0.8936,0.8711,441.0,256.0,240.5,247.0,281.25,375.5,427.0,395.5,200.7019,147.1158,0.733,1,0,0,0
305,3,0,0,1,1,1,0.9897,0.98,0.9038,0.8184,1210.0,341.0,995.0,344.0,1022.0,498.0,1176.0,483.0,215.0209,154.7288,0.7196,1,0,0,0
305,3,0,2,1,1,1,0.9888,0.9849,0.8936,0.8828,426.5,259.0,225.375,251.0,265.0,376.5,422.5,390.0,201.284,158.0775,0.7853,1,0,0,0
305,3,0,1,1,1,1,0.9902,0.9844,0.9331,0.8994,734.0,350.5,609.0,349.0,657.0,450.0,727.0,432.5,125.009,72.1543,0.5772,1,0,0,0
306,3,0,0,1,1,1,0.9897,0.981,0.8999,0.8232,1210.0,341.0,994.0,342.0,1023.5,496.0,1180.0,480.0,216.0023,157.3158,0.7283,1,0,0,0
306,3,0,2,1,1,1,0.9883,0.9873,0.9102,0.8804,431.75,254.5,224.875,251.0,260.75,379.0,426.25,394.0,206.9046,166.1784,0.8032,1,0,0,0
306,3,0,1,1,1,1,0.9907,0.9844,0.9321,0.8945,734.0,352.0,606.0,350.0,657.0,450.5,728.0,433.5,128.0156,73.0068,0.5703,1,0,0,0
307,3,0,0,1,1,1,0.9897,0.9795,0.9048,0.8208,1210.0,343.0,995.0,345.0,1023.5,499.0,1176.0,481.5,215.0093,153.5008,0.7139,1,0,0,0
307,3,0,2,1,1,1,0.9873,0.9868,0.9092,0.8867,421.25,252.5,216.0,253.0,256.5,376.0,415.75,393.0,205.2506,160.1548,0.7803,1,0,0,0
307,3,0,1,1,1,1,0.9902,0.9834,0.9287,0.8901,729.5,349.0,604.5,349.0,653.0,453.0,727.0,431.5,125.0,77.06,0.6165,1,0,0,0
308,3,0,0,1,1,1,0.9897,0.9829,0.9062,0.8232,1216.0,342.5,993.0,348.0,1021.5,492.5,1168.0,479.5,223.0678,147.0757,0.6593,1,0,0,0
308,3,0,2,1,1,1,0.9878,0.9873,0.9053,0.8818,421.0,252.5,215.125,251.5,249.0,377.5,416.0,394.5,205.8774,167.863,0.8154,1,0,0,0
308,3,0,1,1,1,1,0.9912,0.9854,0.9097,0.8848,729.5,349.5,604.0,348.5,653.0,455.0,722.5,431.0,125.504,73.5272,0.5859,1,0,0,0
309,3,0,0,1,1,1,0.9897,0.9839,0.9048,0.8276,1215.0,343.0,995.0,348.0,1023.0,496.0,1182.0,487.5,220.0568,159.227,0.7236,1,0,0,0
309,3,0,2,1,1,1,0.9863,0.9863,0.9043,0.8896,410.75,255.5,209.5,257.5,253.625,379.0,411.75,393.0,201.2599,158.7436,0.7887,1,0,0,0
309,3,0,1,1,1,1,0.9912,0.9829,0.9165,0.877,728.0,350.0,600.0,349.0,649.5,454.0,717.5,431.0,128.0039,71.7844,0.5608,1,0,0,0
310,3,0,0,1,1,1,0.9888,0.9844,0.8975,0.8345,1217.0,343.5,993.0,349.0,1023.0,497.5,1181.0,485.5,224.0675,158.455,0.7072,1,0,0,0
310,3,0,2,1,1,1,0.9863,0.9878,0.894,0.8877,411.75,254.0,209.0,258.0,250.5,378.5,411.0,393.0,202.7895,161.1537,0.7947,1,0,0,0
310,3,0,1,1,1,1,0.9912,0.9844,0.9102,0.876,729.0,350.5,599.5,350.0,648.0,456.0,719.5,433.0,129.501,75.1083,0.58,1,0,0,0
311,3,0,0,1,1,1,0.9893,0.9805,0.9023,0.8291,1210.0,341.0,995.0,343.5,1029.0,493.5,1179.0,485.0,215.0145,150.2406,0.6987,1,0,0,0
311,3,0,2,1,1,1,0.9873,0.9868,0.9062,0.8901,402.0,257.5,201.875,257.0,246.5,386.0,395.5,407.5,200.1256,150.5432,0.7522,1,0,0,0
311,3,0,1,1,1,1,0.9878,0.9858,0.9199,0.9014,722.0,345.5,598.5,349.0,642.0,449.0,724.5,432.5,123.5496,84.1338,0.681,1,0,0,0
312,3,0,0,1,1,1,0.9883,0.981,0.8975,0.8374,1212.0,342.5,997.5,344.0,1028.0,495.0,1180.0,485.5,214.5052,152.2966,0.71,1,0,0,0
312,3,0,2,1,1,1,0.9854,0.9883,0.8887,0.896,396.0,259.0,195.75,259.0,240.125,383.5,399.0,397.5,200.25,159.4906,0.7965,1,0,0,0
312,3,0,1,1,1,1,0.9883,0.9849,0.9175,0.9058,721.0,349.0,597.0,349.5,651.0,448.5,725.0,434.5,124.001,75.3127,0.6074,1,0,0,0
313,3,0,0,1,1,1,0.9883,0.981,0.897,0.8359,1213.0,342.0,998.5,343.0,1027.0,495.5,1180.0,481.0,214.5023,153.6856,0.7165,1,0,0,0
313,3,0,2,1,1,1,0.9868,0.9878,0.897,0.8931,393.75,257.5,196.0,257.0,239.875,389.0,395.5,401.5,197.7506,156.1262,0.7895,1,0,0,0
313,3,0,1,1,1,1,0.9912,0.9824,0.9277,0.894,722.0,349.5,598.5,349.0,653.5,451.0,724.5,433.0,123.501,73.2462,0.5931,1,0,0,0
314,3,0,0,1,1,1,0.9873,0.9858,0.8853,0.8457,1219.0,344.0,997.5,348.0,1026.0,489.5,1177.0,485.5,221.5361,151.053,0.6818,1,0,0,0
314,3,0,2,1,1,1,0.9863,0.9868,0.8994,0.8931,389.25,254.0,193.625,253.0,240.0,375.5,388.5,390.0,195.6276,149.2062,0.7627,1,0,0,0
314,3,0,1,1,1,1,0.9883,0.9839,0.9189,0.897,720.0,350.0,594.0,350.0,652.0,451.0,726.0,439.0,126.0,74.9667,0.595,1,0,0,0
315,3,0,0,1,1,1,0.9873,0.9888,0.8687,0.8589,1213.0,348.0,1003.5,351.0,1023.5,488.0,1173.0,485.0,209.5215,149.5301,0.7137,1,0,0,0
315,3,0,2,1,1,1,0.9868,0.9897,0.894,0.894,393.25,253.0,193.0,256.0,242.25,374.0,394.0,382.0,200.2725,151.9607,0.7588,1,0,0,0
315,3,0,1,1,1,1,0.9883,0.9839,0.918,0.8975,720.5,350.0,596.0,350.0,652.0,452.5,724.0,435.0,124.5,74.0962,0.5952,1,0,0,0
316,3,0,0,1,1,1,0.9873,0.9834,0.8823,0.8477,1217.0,344.0,1001.0,343.5,1026.0,490.0,1181.0,481.0,216.0006,155.2611,0.7188,1,0,0,0
316,3,0,2,1,1,1,0.9863,0.9902,0.8843,0.8916,388.5,253.0,191.0,255.0,237.75,372.5,391.0,381.5,197.5101,153.514,0.7772,1,0,0,0
316,3,0,1,1,1,1,0.9824,0.9854,0.9067,0.9097,713.0,343.0,593.0,349.0,645.0,457.0,713.0,427.0,120.1499,74.3236,0.6186,1,0,0,0
317,3,0,0,1,1,1,0.9873,0.9819,0.8901,0.8433,1216.0,344.5,1000.0,345.0,1031.0,493.5,1184.0,483.0,216.0006,153.3599,0.71,1,0,0,0
317,3,0,2,1,1,1,0.9863,0.9888,0.8975,0.8901,389.0,253.5,190.5,255.0,236.5,373.0,390.5,381.0,198.5057,154.2077,0.7768,1,0,0,0
317,3,0,1,1,1,1,0.9907,0.979,0.9263,0.8789,719.0,354.0,595.0,349.5,646.5,456.0,717.5,434.5,124.0816,74.1839,0.5979,1,0,0,0
318,3,0,0,1,1,1,0.9873,0.9829,0.8843,0.8452,1217.0,345.5,1002.0,344.5,1032.0,488.5,1182.0,480.5,215.0023,150.2132,0.6987,1,0,0,0
318,3,0,2,1,1,1,0.9849,0.9863,0.8975,0.8984,383.5,252.5,190.625,250.5,242.0,372.0,381.5,389.5,192.8854,140.5934,0.7289,1,0,0,0
318,3,0,1,1,1,1,0.9814,0.9854,0.8984,0.9092,710.5,345.5,595.0,350.0,656.5,459.5,713.0,430.0,115.5876,63.7377,0.5514,1,0,0,0
319,3,0,0,1,1,1,0.9873,0.9834,0.8828,0.8433,1219.0,343.5,999.0,342.5,1029.0,493.0,1185.0,481.0,220.0023,156.4609,0.7112,1,0,0,0
319,3,0,2,1,1,1,0.9863,0.9893,0.895,0.894,388.75,252.0,189.125,254.0,237.75,370.5,386.5,388.5,199.635,149.8351,0.7505,1,0,0,0
319,3,0,1,1,1,1,0.9814,0.9858,0.8999,0.9097,710.5,347.0,594.5,351.0,654.5,458.0,712.0,428.0,116.0689,64.8556,0.5588,1,0,0,0
320,3,0,0,1,1,1,0.9873,0.9834,0.8828,0.8442,1218.0,345.0,1002.5,345.0,1034.0,491.0,1186.0,481.0,215.5,152.3286,0.7069,1,0,0,0
320,3,0,2,1,1,1,0.9839,0.9873,0.8862,0.9048,380.5,255.0,189.75,250.0,245.75,372.0,379.75,388.5,190.8155,135.012,0.7076,1,0,0,0
320,3,0,1,1,1,1,0.9868,0.9849,0.9106,0.9097,713.5,353.5,593.5,350.5,653.0,459.0,717.5,439.5,120.0375,67.3832,0.5614,1,0,0,0
321,3,0,0,1,1,1,0.9868,0.9819,0.8911,0.8491,1219.0,346.0,1004.5,345.5,1040.0,490.5,1188.0,483.5,214.5006,148.1654,0.6907,1,0,0,0
321,3,0,2,1,1,1,0.9839,0.9902,0.876,0.9058,382.0,256.0,188.75,256.0,239.125,369.0,389.5,378.5,193.25,150.6748,0.7797,1,0,0,0
321,3,0,1,1,1,1,0.9805,0.9868,0.896,0.917,708.0,348.5,593.0,351.5,653.5,459.5,713.0,430.5,115.0391,66.191,0.5754,1,0,0,0
322,3,0,2,1,1,1,0.9844,0.9873,0.8931,0.9087,380.5,257.0,190.0,254.5,244.5,372.5,380.0,387.5,190.5164,136.3277,0.7156,1,0,0,0
322,3,0,0,1,1,1,0.9858,0.9858,0.8848,0.855,1226.0,347.0,1004.0,350.0,1028.0,486.0,1187.0,482.0,222.0203,159.0503,0.7164,1,0,0,0
322,3,0,1,1,1,1,0.9893,0.9795,0.9204,0.8901,713.5,354.5,594.5,348.5,653.0,460.0,710.0,439.0,119.1512,60.7454,0.5098,1,0,0,0
323,3,0,0,1,1,1,0.9868,0.9829,0.8862,0.8442,1226.0,346.0,1009.0,348.0,1039.0,489.5,1192.0,482.0,217.0092,153.1837,0.7059,1,0,0,0
323,3,0,2,1,1,1,0.9849,0.9858,0.8999,0.9019,377.5,258.0,190.75,257.0,242.125,372.0,379.75,391.5,186.7527,138.9996,0.7443,1,0,0,0
323,3,0,1,1,1,1,0.9888,0.9805,0.9126,0.8896,713.0,357.0,594.0,349.0,654.0,462.0,705.5,444.0,119.2686,54.555,0.4574,1,1,1,0
324,3,0,0,1,1,1,0.9873,0.9824,0.8735,0.8491,1226.0,344.0,1013.5,342.0,1045.0,489.0,1199.0,475.5,212.5094,154.5906,0.7275,1,0,0,0
324,3,0,2,1,1,1,0.9858,0.9897,0.8931,0.8999,381.25,255.0,187.375,259.0,237.0,369.0,384.0,385.5,193.9163,147.9231,0.7628,1,0,0,0
324,3,0,1,1,1,1,0.9819,0.9849,0.8804,0.9058,713.0,354.0,593.5,350.5,651.5,460.0,713.0,442.5,119.5512,63.9414,0.5348,1,0,0,0
325,3,0,0,1,1,1,0.9868,0.9834,0.8862,0.8521,1225.0,347.0,1008.0,347.0,1043.0,491.5,1190.0,481.0,217.0,147.3745,0.6791,1,0,0,0
325,3,0,2,1,1,1,0.9858,0.9868,0.8999,0.9023,380.25,260.5,190.5,261.0,243.0,376.5,382.25,392.0,189.7507,140.11,0.7384,1,0,0,0
325,3,0,1,1,1,1,0.9844,0.9873,0.9048,0.9121,712.0,349.0,593.0,352.0,645.5,461.0,720.0,445.5,119.0378,76.0953,0.6393,1,0,0,0
326,3,0,0,1,1,1,0.9868,0.9854,0.8931,0.8516,1226.0,346.5,1010.0,348.5,1040.0,487.0,1185.0,484.0,216.0093,145.031,0.6714,1,0,0,0
326,3,0,2,1,1,1,0.9849,0.9873,0.8975,0.9077,379.25,259.5,190.625,260.5,244.75,374.0,379.0,393.0,188.6277,135.5878,0.7188,1,0,0,0
326,3,0,1,1,1,1,0.9893,0.98,0.9165,0.8843,715.5,354.0,592.0,349.0,645.0,462.0,713.5,446.0,123.6012,70.3438,0.5691,1,0,0,0
327,3,0,0,1,1,1,0.9858,0.9849,0.8906,0.8535,1229.0,348.0,1010.0,348.5,1035.0,485.5,1188.0,482.5,219.0006,153.0294,0.6988,1,0,0,0
327,3,0,2,1,1,1,0.9844,0.9858,0.9028,0.9077,380.25,263.0,193.75,264.5,250.25,379.0,385.0,390.5,186.506,135.2398,0.7251,1,0,0,0
327,3,0,1,1,1,1,0.9834,0.9858,0.8877,0.9097,714.5,350.0,595.5,347.0,642.5,457.5,714.5,444.0,119.0378,73.2547,0.6154,1,0,0,0
328,3,0,0,1,1,1,0.9858,0.9839,0.8789,0.856,1229.0,345.5,1009.5,346.0,1039.0,491.0,1190.0,483.0,219.5006,151.2118,0.6889,1,0,0,0
328,3,0,2,1,1,1,0.9849,0.9893,0.8936,0.9053,384.0,260.5,194.5,267.0,247.125,374.5,395.0,380.5,189.6114,147.9967,0.7805,1,0,0,0
328,3,0,1,1,1,1,0.9844,0.9878,0.8926,0.9077,712.5,348.5,593.0,349.0,637.0,458.0,722.0,444.5,119.501,86.0654,0.7202,1,0,0,0
329,3,0,0,1,1,1,0.9863,0.9834,0.8662,0.8574,1230.0,346.0,1016.0,343.0,1047.0,491.0,1194.0,482.0,214.021,147.2753,0.6881,1,0,0,0
329,3,0,2,1,1,1,0.9868,0.9888,0.8989,0.895,383.25,263.5,195.75,269.5,253.625,377.5,389.25,388.0,187.596,136.0308,0.7251,1,0,0,0
329,3,0,1,1,1,1,0.9854,0.9863,0.9116,0.9072,714.0,347.5,594.5,349.0,644.5,459.5,713.5,445.5,119.5094,70.406,0.5891,1,0,0,0
330,3,0,0,1,1,1,0.9849,0.9863,0.8755,0.853,1230.0,345.5,1009.5,348.0,1033.0,482.0,1190.0,481.0,220.5142,157.0032,0.712,1,0,0,0
330,3,0,2,1,1,1,0.9863,0.9873,0.8979,0.8994,380.25,262.5,195.5,264.5,255.25,378.5,386.0,389.0,184.7608,131.1709,0.7099,1,0,0,0
330,3,0,1,1,1,1,0.9844,0.9878,0.9028,0.9121,715.0,347.0,593.0,349.0,646.0,460.5,713.0,445.0,122.0164,68.7695,0.5636,1,0,0,0
331,3,0,0,1,1,1,0.9878,0.9819,0.876,0.8467,1231.0,344.0,1014.0,341.0,1046.0,492.0,1186.0,479.5,217.0207,140.5569,0.6477,1,0,0,0
331,3,0,2,1,1,1,0.9878,0.9883,0.9077,0.8936,384.75,265.5,199.125,270.0,257.5,384.5,387.25,390.5,185.6795,129.8887,0.6995,1,0,0,0
331,3,0,1,1,1,1,0.9902,0.9805,0.9224,0.8833,720.0,351.0,594.5,346.0,642.0,461.0,709.0,442.5,125.5996,69.5072,0.5534,1,0,0,0
332,3,0,0,1,1,1,0.9858,0.9829,0.8892,0.8564,1226.0,345.0,1011.0,344.0,1044.0,491.0,1186.0,480.5,215.0023,142.3877,0.6623,1,0,0,0
332,3,0,2,1,1,1,0.9878,0.9854,0.9092,0.8892,382.75,265.0,202.75,266.0,263.5,389.5,374.25,404.5,180.0028,111.7612,0.6209,1,0,0,0
332,3,0,1,1,1,1,0.9863,0.9834,0.9048,0.8936,722.5,350.5,595.0,345.5,636.5,463.0,711.0,443.0,127.598,77.1379,0.6045,1,0,0,0
333,3,0,0,1,1,1,0.9863,0.9834,0.8857,0.853,1227.0,345.0,1010.5,345.0,1041.0,493.0,1185.0,481.5,216.5,144.4585,0.6672,1,0,0,0
333,3,0,1,1,1,1,0.9907,0.979,0.9238,0.874,723.0,352.0,594.5,345.5,638.5,463.0,707.5,439.5,128.6643,72.892,0.5665,1,0,0,0
333,3,0,2,1,1,1,0.9873,0.9893,0.9009,0.8994,386.0,266.5,202.625,269.5,257.0,387.5,381.5,398.5,183.3995,124.985,0.6815,1,0,0,0
334,3,0,0,1,1,1,0.9868,0.9844,0.8779,0.8442,1226.0,347.5,1008.5,345.5,1038.0,495.0,1195.0,482.5,217.5092,157.4968,0.7241,1,0,0,0
334,3,0,2,1,1,1,0.9858,0.9893,0.8945,0.8965,388.0,266.0,202.0,272.5,266.5,403.5,365.75,402.5,186.1135,99.255,0.5333,1,0,0,0
334,3,0,1,1,1,1,0.9829,0.9849,0.9111,0.9048,722.0,344.5,595.0,345.0,642.0,461.0,709.5,440.0,127.001,70.6912,0.5566,1,0,0,0
335,3,0,0,1,1,1,0.9858,0.9839,0.8779,0.8579,1226.0,348.0,1009.0,345.5,1041.0,492.0,1189.0,480.5,217.0144,148.4461,0.684,1,0,0,0
335,3,0,1,1,1,1,0.9829,0.9849,0.9092,0.9038,720.0,346.0,594.5,346.0,643.0,462.0,708.0,440.0,125.5,68.6222,0.5468,1,0,0,0
335,3,0,2,1,1,1,0.9868,0.9893,0.8965,0.8936,387.25,267.5,202.75,271.5,264.75,394.0,379.25,401.0,184.5434,114.7138,0.6216,1,0,0,0
336,3,0,0,1,1,1,0.9858,0.9849,0.8916,0.8525,1226.0,349.5,1007.5,348.0,1027.0,488.5,1181.0,484.5,218.5051,154.0519,0.705,1,0,0,0
336,3,0,2,1,1,1,0.9868,0.9897,0.8926,0.896,386.5,269.0,204.875,271.5,264.5,392.5,376.75,400.0,181.6422,112.5003,0.6194,1,0,0,0
336,3,0,1,1,1,1,0.9883,0.9814,0.9204,0.8813,730.0,352.5,598.0,346.0,639.0,461.0,719.0,445.0,132.1599,81.5843,0.6173,1,0,0,0
337,3,0,0,1,1,1,0.9873,0.9819,0.8916,0.8462,1225.0,348.5,1005.0,344.5,1031.0,494.0,1182.0,481.5,220.0364,151.5165,0.6886,1,0,0,0
337,3,0,2,1,1,1,0.9839,0.9902,0.8857,0.9082,386.75,265.0,203.125,271.0,267.5,405.0,367.5,405.5,183.723,100.0012,0.5443,1,0,0,0
337,3,0,1,1,1,1,0.9873,0.9814,0.9141,0.8838,729.5,352.5,597.0,345.5,635.5,459.5,720.5,445.5,132.6848,86.1452,0.6492,1,0,0,0
338,3,0,0,1,1,1,0.9863,0.9849,0.895,0.853,1224.0,348.5,1002.0,347.0,1028.0,490.5,1178.0,480.5,222.0051,150.333,0.6772,1,0,0,0
338,3,0,2,1,1,1,0.9854,0.9878,0.8901,0.8989,381.0,265.0,204.75,265.0,264.75,393.0,374.5,406.5,176.25,110.5772,0.6274,1,0,0,0
338,3,0,1,1,1,1,0.9868,0.9858,0.9185,0.8984,729.5,349.5,601.0,345.0,649.5,460.5,721.0,447.0,128.5788,72.7633,0.5659,1,0,0,0
339,3,0,0,1,1,1,0.9878,0.981,0.8931,0.8384,1218.0,346.5,1004.5,341.0,1030.0,492.0,1178.0,480.5,213.5708,148.4461,0.6951,1,0,0,0
339,3,0,1,1,1,1,0.9893,0.9805,0.9272,0.8755,738.5,356.5,604.0,346.5,651.5,461.0,721.0,447.0,134.8712,70.8961,0.5257,1,0,0,0
339,3,0,2,1,1,1,0.9873,0.9893,0.9019,0.8994,384.25,263.0,207.875,267.0,264.25,383.5,380.0,396.5,176.4204,116.4777,0.6602,1,0,0,0
340,3,0,0,1,1,1,0.9883,0.9814,0.8965,0.8374,1218.0,346.0,1004.0,340.5,1032.0,494.0,1181.0,481.0,214.0707,149.566,0.6987,1,0,0,0
340,3,0,1,1,1,1,0.9893,0.9854,0.8975,0.8711,739.0,356.5,602.5,347.0,658.0,467.5,726.0,450.5,136.8302,70.0928,0.5123,1,0,0,0
340,3,0,2,1,1,1,0.9883,0.981,0.9229,0.8726,385.0,260.0,202.75,261.0,280.0,402.5,361.0,398.5,182.2527,81.0987,0.445,1,1,1,0
341,3,0,0,1,1,1,0.9873,0.9839,0.8989,0.8472,1221.0,348.0,999.5,345.0,1022.5,493.5,1172.0,481.0,221.5203,150.0217,0.6772,1,0,0,0
341,3,0,1,1,1,1,0.9888,0.9814,0.9214,0.8765,744.0,359.0,609.5,349.0,661.5,463.0,727.0,449.0,134.8712,66.9795,0.4966,1,1,1,0
341,3,0,2,1,1,1,0.9883,0.9863,0.9048,0.8848,380.5,266.0,206.625,264.5,263.5,388.5,375.5,400.5,173.8815,112.641,0.6478,1,0,0,0
342,3,0,0,1,1,1,0.9868,0.9873,0.8691,0.8438,1216.0,351.0,1003.0,349.0,1020.0,485.5,1173.0,483.0,213.0094,153.0204,0.7184,1,0,0,0
342,3,0,2,1,1,1,0.9878,0.9805,0.9219,0.8662,385.75,262.0,204.0,263.0,275.25,404.5,363.5,398.5,181.7528,88.4537,0.4867,1,1,1,0
342,3,0,1,1,1,1,0.9897,0.9863,0.9043,0.8818,745.0,359.5,609.5,347.5,660.5,468.0,730.0,451.5,136.0303,71.4318,0.5251,1,0,0,0
343,3,0,0,1,1,1,0.9873,0.9844,0.894,0.8423,1221.0,347.0,998.0,343.5,1019.5,492.5,1174.0,482.0,223.0275,154.8564,0.6943,1,0,0,0
343,3,0,2,1,1,1,0.9888,0.9844,0.9019,0.8853,381.5,268.0,204.75,264.0,258.0,383.5,375.0,391.0,176.7953,117.2401,0.6631,1,0,0,0
343,3,0,1,1,1,1,0.9897,0.9834,0.9268,0.8828,750.5,358.0,615.0,350.0,660.0,465.5,731.0,454.5,135.736,71.8471,0.5293,1,0,0,0
344,3,0,0,1,1,1,0.9873,0.981,0.8945,0.8423,1214.0,345.5,1000.0,341.5,1023.5,495.5,1173.0,479.0,214.0374,150.4078,0.7027,1,0,0,0
344,3,0,1,1,1,1,0.9907,0.9834,0.9092,0.8706,753.5,360.5,614.0,349.0,661.5,465.5,730.5,449.5,139.9732,70.8308,0.506,1,0,0,0
344,3,0,2,1,1,1,0.9868,0.9824,0.9146,0.8804,381.5,265.5,200.75,265.0,277.25,399.0,365.25,395.0,180.7507,88.0909,0.4874,1,1,1,0
345,3,0,0,1,1,1,0.9873,0.9814,0.8926,0.8447,1215.0,343.5,997.5,339.0,1025.0,495.5,1172.0,481.0,217.5465,147.7134,0.679,1,0,0,0
345,3,0,2,1,1,1,0.9873,0.9863,0.897,0.9033,378.75,268.5,205.375,264.0,265.75,381.5,373.5,391.0,173.4334,108.168,0.6237,1,0,0,0
345,3,0,1,1,1,1,0.9912,0.9824,0.9238,0.8735,761.0,355.0,619.0,347.0,664.5,461.5,739.5,443.0,142.2252,77.248,0.5431,1,0,0,0
346,3,0,0,1,1,1,0.9873,0.981,0.8921,0.8433,1215.0,345.0,997.0,341.0,1023.5,496.5,1174.0,480.5,218.0367,151.3481,0.6941,1,0,0,0
346,3,0,2,1,1,1,0.9839,0.9868,0.8931,0.9058,377.5,266.0,203.5,265.0,264.0,377.5,369.0,392.5,174.0029,106.066,0.6096,1,0,0,0
346,3,0,1,1,1,1,0.9917,0.9844,0.9316,0.877,760.0,353.0,623.0,346.0,664.0,461.0,740.0,450.0,137.1787,76.7919,0.5598,1,0,0,0
347,3,0,0,1,1,1,0.9883,0.981,0.8994,0.8398,1212.0,345.0,997.5,342.0,1022.5,500.0,1172.0,482.5,214.521,150.5208,0.7017,1,0,0,0
347,3,0,1,1,1,1,0.9922,0.9824,0.937,0.8633,767.0,352.0,629.5,346.0,666.5,459.5,747.0,445.5,137.6308,81.7083,0.5937,1,0,0,0
347,3,0,2,1,1,1,0.9834,0.9878,0.8916,0.9121,376.0,265.0,200.0,262.0,258.25,377.0,365.5,392.0,176.0256,108.2939,0.6152,1,0,0,0
348,3,0,0,1,1,1,0.9883,0.9824,0.8901,0.8394,1213.0,346.5,994.5,343.5,1026.0,500.5,1175.0,480.0,218.5206,150.4036,0.6883,1,0,0,0
348,3,0,2,1,1,1,0.9829,0.9878,0.8848,0.9106,371.25,268.5,194.0,262.5,254.375,379.5,363.25,391.5,177.3515,109.5343,0.6176,1,0,0,0
348,3,0,1,1,1,1,0.9893,0.98,0.9326,0.8706,777.5,353.5,634.0,348.0,668.5,458.5,757.5,436.0,143.6054,91.8001,0.6393,1,0,0,0
349,3,0,0,1,1,1,0.9888,0.9829,0.8843,0.8242,1211.0,342.5,995.0,340.5,1022.5,498.5,1174.0,480.0,216.0093,152.6254,0.7066,1,0,0,0
349,3,0,1,1,1,1,0.9917,0.9717,0.9302,0.835,776.5,356.0,636.0,346.5,666.0,465.0,752.5,439.0,140.8208,90.323,0.6414,1,0,0,0
349,3,0,2,1,1,1,0.9819,0.9878,0.8857,0.9175,371.5,268.0,194.0,261.5,256.0,376.0,363.0,390.5,177.619,107.978,0.6079,1,0,0,0
350,3,0,0,1,1,1,0.9883,0.9824,0.8887,0.8354,1211.0,342.0,996.0,340.0,1023.5,496.0,1173.0,484.0,215.0093,149.9808,0.6976,1,0,0,0
350,3,0,2,1,1,1,0.9858,0.9873,0.9116,0.9072,367.75,268.0,190.75,265.5,234.0,381.5,360.0,390.5,177.0177,126.321,0.7136,1,0,0,0
350,3,0,1,1,1,1,0.9917,0.9731,0.9336,0.8428,783.5,354.0,642.5,344.0,672.0,464.5,753.0,438.5,141.3542,85.0706,0.6018,1,0,0,0
351,3,0,0,1,1,1,0.9873,0.9873,0.873,0.8438,1212.0,347.5,998.5,349.0,1019.0,489.0,1167.0,484.0,213.5053,148.0844,0.6936,1,0,0,0
351,3,0,2,1,1,1,0.9873,0.9868,0.897,0.9106,364.5,272.5,189.375,265.0,244.875,382.0,355.75,389.0,175.2855,111.0957,0.6338,1,0,0,0
351,3,0,1,1,1,1,0.9888,0.9814,0.9316,0.8784,783.5,353.5,640.5,346.0,673.5,461.0,764.0,445.5,143.1965,91.8178,0.6412,1,0,0,0
352,3,0,0,1,1,1,0.9883,0.9819,0.8896,0.8364,1211.0,344.5,995.0,341.5,1023.5,501.0,1169.0,480.0,216.0208,147.0077,0.6805,1,0,0,0
352,3,0,2,1,1,1,0.9839,0.9893,0.8984,0.918,362.75,268.0,182.625,269.0,235.0,386.0,346.0,392.5,180.1278,111.1902,0.6173,1,0,0,0
352,3,0,1,1,1,1,0.9912,0.9785,0.9272,0.8672,791.5,355.0,649.0,343.0,682.0,467.0,768.5,442.0,143.0044,90.0403,0.6296,1,0,0,0
353,3,0,0,1,1,1,0.9878,0.9819,0.8877,0.8394,1212.0,343.5,995.0,341.0,1023.0,499.0,1171.0,480.0,217.0144,149.2146,0.6876,1,0,0,0
353,3,0,1,1,1,1,0.9912,0.9785,0.9282,0.8711,791.5,355.5,650.0,343.5,680.5,468.5,763.5,440.0,142.0079,87.7568,0.618,1,0,0,0
353,3,0,2,1,1,1,0.9863,0.9863,0.9136,0.8994,359.25,270.0,185.125,268.0,230.0,383.0,356.0,387.5,174.1365,126.0803,0.724,1,0,0,0
354,3,0,0,1,1,1,0.9878,0.9814,0.8916,0.8418,1210.0,346.0,994.0,342.0,1025.0,501.5,1172.0,479.5,216.037,148.6371,0.688,1,0,0,0
354,3,0,2,1,1,1,0.9849,0.9858,0.9121,0.9048,351.0,272.5,175.375,270.0,224.75,380.5,346.75,385.5,175.6428,122.1024,0.6952,1,0,0,0
354,3,0,1,1,1,1,0.9878,0.9771,0.9214,0.8638,794.5,353.5,653.0,345.0,688.5,466.5,772.0,440.0,141.7551,87.6042,0.618,1,0,0,0
355,3,0,0,1,1,1,0.9873,0.9829,0.8818,0.8467,1212.0,344.0,995.0,341.5,1023.0,500.0,1174.0,482.0,217.0144,152.0691,0.7007,1,0,0,0
355,3,0,2,1,1,1,0.9844,0.9849,0.897,0.9043,351.5,273.5,174.75,268.5,225.5,382.0,340.5,386.5,176.8207,115.088,0.6509,1,0,0,0
355,3,0,1,1,1,1,0.9897,0.9766,0.9194,0.8599,797.0,356.0,654.0,344.5,687.5,463.0,774.5,440.0,143.4617,89.9889,0.6273,1,0,0,0
356,3,0,0,1,1,1,0.9893,0.9824,0.8887,0.8193,1212.0,342.0,995.5,340.5,1024.0,500.0,1175.0,485.0,216.5052,151.7432,0.7009,1,0,0,0
356,3,0,2,1,1,1,0.9829,0.9849,0.9058,0.9043,339.5,271.0,168.375,266.0,212.75,378.5,336.75,388.5,171.198,124.4026,0.7267,1,0,0,0
356,3,0,1,1,1,1,0.9888,0.9785,0.9277,0.8691,802.0,354.0,658.0,344.5,694.5,461.5,775.0,444.0,144.313,82.3802,0.5708,1,0,0,0
357,3,0,0,1,1,1,0.9873,0.9829,0.8818,0.8423,1210.0,342.5,995.0,341.0,1025.0,499.5,1170.0,483.0,215.0052,145.9358,0.6788,1,0,0,0
357,3,0,1,1,1,1,0.9888,0.9785,0.9263,0.8687,801.0,353.0,658.5,344.5,696.0,460.0,773.5,447.0,142.7533,78.5828,0.5505,1,0,0,0
357,3,0,2,1,1,1,0.9844,0.9839,0.9028,0.9072,338.25,274.5,167.375,266.0,211.5,379.5,335.0,386.5,171.0863,123.6982,0.723,1,0,0,0
358,3,0,0,1,1,1,0.9873,0.9873,0.8662,0.8408,1210.0,349.5,998.0,350.0,1018.0,488.0,1170.0,482.5,212.0006,152.0995,0.7174,1,0,0,0
358,3,0,2,1,1,1,0.9844,0.9844,0.9106,0.9023,331.75,271.0,158.125,268.0,200.625,379.5,325.0,386.0,173.6509,124.5447,0.7172,1,0,0,0
358,3,0,1,1,1,1,0.9888,0.9795,0.9268,0.8711,808.0,354.5,664.0,344.5,704.5,462.0,779.0,451.0,144.3468,75.3077,0.5217,1,0,0,0
359,3,0,0,1,1,1,0.9888,0.9814,0.8975,0.8315,1210.0,344.0,994.0,342.5,1027.0,495.5,1170.0,482.0,216.0052,143.6358,0.665,1,0,0,0
359,3,0,2,1,1,1,0.9839,0.9849,0.9077,0.9082,331.75,271.0,158.125,267.5,204.5,378.0,327.0,385.5,173.6603,122.7294,0.7067,1,0,0,0
359,3,0,1,1,1,1,0.9883,0.9795,0.9233,0.8721,808.0,355.0,664.0,344.0,700.5,462.5,778.0,448.0,144.4195,78.8448,0.5459,1,0,0,0
360,3,0,0,1,1,1,0.9873,0.9829,0.8853,0.8467,1214.0,345.0,994.5,343.5,1030.0,498.0,1169.0,480.0,219.5051,140.1606,0.6385,1,0,0,0
360,3,0,1,1,1,1,0.9883,0.98,0.9243,0.874,811.5,355.0,666.5,346.0,701.5,465.0,780.5,450.0,145.279,80.4114,0.5535,1,0,0,0
360,3,0,2,1,1,1,0.9834,0.9844,0.9082,0.9058,321.5,272.5,152.25,267.5,200.75,378.5,311.75,387.5,169.3238,111.3643,0.6577,1,0,0,0
361,3,0,0,1,1,1,0.9883,0.9824,0.8887,0.835,1212.0,346.0,995.5,343.0,1028.0,499.0,1171.0,483.5,216.5208,143.8376,0.6643,1,0,0,0
361,3,0,2,1,1,1,0.9834,0.9834,0.9043,0.894,319.5,271.5,145.375,275.0,213.125,388.5,288.75,393.0,174.1602,75.7588,0.435,1,1,1,0
361,3,0,1,1,1,1,0.9897,0.978,0.9351,0.8623,816.0,356.0,671.5,345.0,710.5,464.5,781.0,453.0,144.9181,71.4318,0.4929,1,1,1,0
362,3,0,0,1,1,1,0.9878,0.9824,0.8901,0.8423,1212.0,344.5,995.5,342.5,1027.0,500.5,1174.0,482.5,216.5092,148.0979,0.684,1,0,0,0
362,3,0,2,1,1,1,0.9819,0.9868,0.8892,0.9121,313.75,274.5,147.875,273.0,198.25,385.0,302.25,394.5,165.8818,104.433,0.6296,1,0,0,0
362,3,0,1,1,1,1,0.9902,0.978,0.938,0.8599,815.5,356.5,671.0,345.0,709.5,467.0,782.0,455.0,144.9569,73.4864,0.507,1,0,0,0
363,3,0,0,1,1,1,0.9878,0.9824,0.8901,0.8442,1213.0,343.0,996.5,341.5,1031.0,502.0,1170.0,482.5,216.5052,140.3611,0.6483,1,0,0,0
363,3,0,1,1,1,1,0.9907,0.9858,0.916,0.874,819.5,357.5,674.5,346.0,712.5,467.0,791.5,456.5,145.4553,79.6947,0.5479,1,0,0,0
363,3,0,2,1,1,1,0.9893,0.9858,0.9053,0.8936,306.25,280.0,135.375,275.5,180.0,388.5,284.75,395.5,170.9342,104.9836,0.6142,1,0,0,0
364,3,0,0,1,1,1,0.9863,0.9868,0.8691,0.8496,1212.0,349.0,1001.5,348.5,1022.0,491.0,1172.0,483.0,210.5006,150.2132,0.7136,1,0,0,0
364,3,0,1,1,1,1,0.9902,0.9854,0.917,0.876,819.5,358.5,675.0,345.5,713.0,466.5,792.0,455.5,145.0836,79.7621,0.5498,1,0,0,0
364,3,0,2,1,1,1,0.9868,0.9814,0.9175,0.8765,309.5,274.5,134.25,275.5,196.375,397.0,269.25,396.5,175.2529,72.8767,0.4158,1,1,1,0
365,3,0,0,1,1,1,0.9888,0.9814,0.8931,0.8286,1212.0,343.0,995.0,341.0,1028.0,499.5,1176.0,481.5,217.0092,149.0906,0.687,1,0,0,0
365,3,0,2,1,1,1,0.9878,0.9868,0.8853,0.896,299.5,281.0,129.25,277.0,169.875,390.0,285.75,391.0,170.297,115.8793,0.6805,1,0,0,0
365,3,0,1,1,1,1,0.9912,0.9849,0.9185,0.8691,824.0,361.0,678.5,346.0,711.0,467.5,795.0,457.0,146.2712,84.6537,0.5787,1,0,0,0
366,3,0,0,1,1,1,0.9878,0.9829,0.8828,0.8369,1211.0,344.0,993.5,341.5,1027.0,497.0,1172.0,480.5,217.5144,145.9358,0.6709,1,0,0,0
366,3,0,2,1,1,1,0.9849,0.9873,0.8857,0.8989,298.75,279.0,126.4375,277.0,171.125,392.5,282.5,396.5,172.3241,111.4468,0.6467,1,0,0,0
366,3,0,1,1,1,1,0.9907,0.9854,0.9155,0.874,824.5,358.5,678.5,345.5,714.0,470.0,787.5,455.5,146.5776,74.9166,0.5111,1,0,0,0
367,3,0,0,1,1,1,0.9883,0.9819,0.8921,0.8379,1214.0,342.5,996.0,342.5,1029.0,499.5,1169.0,483.0,218.0,140.969,0.6466,1,0,0,0
367,3,0,2,1,1,1,0.9878,0.9863,0.8892,0.8984,296.0,281.0,126.25,275.0,170.875,389.0,281.75,388.5,169.856,110.8761,0.6528,1,0,0,0
367,3,0,1,1,1,1,0.9907,0.9858,0.9146,0.8735,825.0,359.0,679.5,346.0,714.5,471.0,791.0,458.0,146.0796,77.5967,0.5312,1,0,0,0
368,3,0,0,1,1,1,0.9878,0.9819,0.8916,0.8398,1214.0,343.0,994.0,342.0,1028.0,496.0,1168.0,483.0,220.0023,140.6023,0.6391,1,0,0,0
368,3,0,2,1,1,1,0.9878,0.9868,0.8906,0.9023,294.0,278.0,124.25,271.5,183.125,379.0,276.75,381.5,169.8744,93.6584,0.5513,1,0,0,0
368,3,0,1,1,1,1,0.9873,0.9775,0.9297,0.8618,826.5,356.0,679.5,343.0,713.0,469.0,775.0,456.5,147.5737,63.2475,0.4286,1,1,1,0
369,3,0,0,1,1,1,0.9883,0.9819,0.8887,0.8335,1215.0,343.0,995.0,341.0,1027.0,497.0,1171.0,482.0,220.0091,144.7791,0.6581,1,0,0,0
369,3,0,2,1,1,1,0.9849,0.9858,0.896,0.9023,294.0,276.5,122.25,272.0,178.0,385.0,282.5,384.0,171.8089,104.5048,0.6083,1,0,0,0
369,3,0,1,1,1,1,0.9883,0.9756,0.9355,0.8521,826.0,355.0,678.0,343.5,713.5,466.5,775.0,455.5,148.4461,62.476,0.4209,1,1,2,0
370,3,0,0,1,1,1,0.9883,0.9819,0.8901,0.8345,1212.0,343.5,995.0,342.0,1030.0,503.0,1176.0,485.0,217.0052,147.1054,0.6779,1,0,0,0
370,3,0,2,1,1,1,0.9863,0.9863,0.8926,0.9121,289.75,274.0,120.375,268.5,181.25,379.5,275.5,385.0,169.4643,94.4103,0.5571,1,0,0,0
370,3,0,1,1,1,1,0.9912,0.9844,0.9243,0.874,826.0,357.0,680.5,343.0,711.5,467.0,787.0,456.0,146.172,76.2971,0.522,1,0,0,0
371,3,0,0,1,1,1,0.9868,0.9824,0.8877,0.8486,1214.0,345.0,997.0,342.5,1028.0,496.0,1173.0,481.0,217.0144,145.7738,0.6717,1,0,0,0
371,3,0,2,1,1,1,0.9873,0.9854,0.8975,0.9043,290.75,273.5,119.375,270.0,172.75,380.0,276.0,382.5,171.4107,103.2803,0.6025,1,0,0,0
371,3,0,1,1,1,1,0.9893,0.9795,0.9312,0.8687,824.5,355.5,681.0,343.0,709.0,466.0,784.5,458.0,144.0434,75.9227,0.5271,1,0,0,0
372,3,0,0,1,1,1,0.9878,0.9829,0.8843,0.8374,1215.0,341.5,996.0,341.0,1030.0,496.5,1179.0,484.0,219.0006,149.5234,0.6828,1,0,0,0
372,3,0,2,1,1,1,0.9873,0.9863,0.8901,0.9077,288.5,275.0,117.625,270.0,174.625,378.5,274.5,382.0,170.9481,99.9363,0.5846,1,0,0,0
372,3,0,1,1,1,1,0.9907,0.9756,0.9297,0.8418,826.0,356.5,680.5,341.5,709.5,470.0,784.5,458.0,146.2712,75.9539,0.5193,1,0,0,0
373,3,0,0,1,1,1,0.9873,0.9824,0.8882,0.8438,1215.0,341.5,996.5,341.0,1026.0,497.0,1174.0,487.0,218.5006,148.3375,0.6789,1,0,0,0
373,3,0,2,1,1,1,0.9878,0.9863,0.8906,0.9072,288.5,274.0,117.875,271.0,172.0,379.0,274.0,379.5,170.6514,102.0012,0.5977,1,0,0,0
373,3,0,1,1,1,1,0.9878,0.9771,0.9312,0.8555,827.0,354.0,678.5,342.0,714.0,468.0,780.0,455.0,148.9841,67.2681,0.4515,1,1,1,0
374,3,0,0,1,1,1,0.9878,0.9819,0.8926,0.8398,1214.0,343.0,995.5,341.0,1035.0,498.0,1175.0,486.0,218.5092,140.5133,0.6431,1,0,0,0
374,3,0,2,1,1,1,0.9883,0.9854,0.9028,0.9048,288.0,274.0,118.375,271.0,167.25,377.5,273.25,381.0,169.6515,106.0578,0.6252,1,0,0,0
374,3,0,1,1,1,1,0.9897,0.9771,0.9346,0.8574,823.0,354.5,680.0,342.0,711.0,468.0,780.5,455.5,143.5453,70.6152,0.4919,1,1,2,0
375,3,0,0,1,1,1,0.9883,0.9819,0.8901,0.8369,1213.0,343.5,996.5,341.0,1027.0,496.0,1173.0,482.5,216.5144,146.6228,0.6772,1,0,0,0
375,3,0,2,1,1,1,0.9888,0.9839,0.9048,0.8955,287.5,271.5,115.375,271.5,158.25,378.5,274.5,379.0,172.125,116.2511,0.6754,1,0,0,0
375,3,0,1,1,1,1,0.9883,0.981,0.9243,0.8765,821.5,354.0,675.5,343.0,711.0,471.5,775.5,457.5,146.4138,66.0019,0.4508,1,1,3,0
376,3,0,0,1,1,1,0.9888,0.9829,0.8862,0.8301,1214.0,346.0,996.0,344.0,1030.0,494.0,1172.0,483.5,218.0092,142.3877,0.6531,1,0,0,0
376,3,0,2,1,1,1,0.9902,0.9834,0.9111,0.8872,287.5,272.0,115.5,272.0,159.75,377.5,272.5,380.5,172.0,112.7899,0.6558,1,0,0,0
376,3,0,1,1,1,1,0.9883,0.9771,0.9336,0.8589,823.5,351.5,674.5,342.0,709.0,468.5,766.0,453.5,149.3025,58.9406,0.3948,1,1,4,0
377,3,0,0,1,1,1,0.9873,0.9829,0.8833,0.8413,1213.0,345.5,995.0,342.0,1033.0,500.0,1176.0,483.0,218.0281,144.0069,0.6605,1,0,0,0
377,3,0,2,1,1,1,0.9883,0.9854,0.9048,0.9072,287.75,270.0,118.375,272.0,172.5,377.0,272.75,377.5,169.3868,100.2512,0.5918,1,0,0,0
377,3,0,1,1,1,1,0.9888,0.979,0.9282,0.8657,817.0,355.5,673.5,345.0,704.5,472.5,775.0,457.0,143.8836,72.1838,0.5017,1,0,0,0
378,3,0,0,1,1,1,0.9878,0.9824,0.8862,0.8394,1215.0,344.5,994.5,341.0,1032.0,496.5,1176.0,482.5,220.5278,144.679,0.6561,1,0,0,0
378,3,0,2,1,1,1,0.9883,0.9844,0.9082,0.9038,288.5,271.0,118.875,274.0,169.625,377.5,271.5,376.5,169.6515,101.8799,0.6005,1,0,0,0
378,3,0,1,1,1,1,0.9912,0.9834,0.9214,0.8589,819.0,357.5,671.5,345.0,707.0,470.0,784.5,457.5,148.0287,78.5016,0.5303,1,0,0,0
379,3,0,0,1,1,1,0.9883,0.9829,0.8857,0.8369,1213.0,345.0,996.0,343.0,1033.0,500.5,1177.0,484.0,217.0092,144.9422,0.6679,1,0,0,0
379,3,0,1,1,1,1,0.9868,0.9844,0.916,0.8867,816.0,359.0,667.0,349.0,698.5,470.0,773.0,458.0,149.3352,75.4603,0.5053,1,0,0,0
379,3,0,2,1,1,1,0.9844,0.9873,0.9087,0.9116,290.25,266.0,116.3125,276.5,173.25,385.5,262.25,371.0,174.2541,90.1734,0.5175,1,0,0,0
380,3,0,0,1,1,1,0.9878,0.9834,0.8794,0.8345,1214.0,345.5,994.5,343.0,1032.0,499.0,1176.0,483.0,219.5142,144.8862,0.66,1,0,0,0
380,3,0,1,1,1,1,0.9888,0.9785,0.9253,0.8569,815.0,357.0,666.5,345.5,698.0,473.5,776.5,459.0,148.9446,79.8279,0.536,1,0,0,0
380,3,0,2,1,1,1,0.9849,0.9878,0.9121,0.915,289.5,264.0,115.625,275.0,175.75,384.5,262.5,372.5,174.2226,87.576,0.5027,1,0,0,0
381,3,0,0,1,1,1,0.9878,0.9824,0.8892,0.8418,1215.0,345.0,997.5,341.0,1031.0,497.5,1176.0,482.5,217.5368,145.7738,0.6701,1,0,0,0
381,3,0,1,1,1,1,0.9878,0.981,0.915,0.8745,808.5,359.0,657.0,346.0,684.5,479.5,771.5,456.0,152.0567,90.118,0.5927,1,0,0,0
381,3,0,2,1,1,1,0.9863,0.9854,0.9043,0.9014,287.25,268.5,121.3125,276.0,178.375,379.0,280.75,377.5,166.1069,102.386,0.6164,1,0,0,0
382,3,0,0,1,1,1,0.9873,0.9819,0.8901,0.8452,1216.0,344.5,996.0,343.0,1030.0,496.0,1175.0,482.5,220.0051,145.6271,0.6619,1,0,0,0
382,3,0,1,1,1,1,0.9873,0.9795,0.9155,0.8687,809.0,358.5,659.0,346.5,687.5,476.0,767.0,456.0,150.4792,81.9771,0.5448,1,0,0,0
382,3,0,2,1,1,1,0.9863,0.9858,0.9043,0.9058,289.75,268.0,119.4375,277.0,173.0,376.5,272.0,376.5,170.5501,99.0,0.5805,1,0,0,0
383,3,0,0,1,1,1,0.9883,0.981,0.896,0.8335,1214.0,345.0,995.5,344.0,1031.0,499.0,1173.0,484.0,218.5023,142.7901,0.6535,1,0,0,0
383,3,0,1,1,1,1,0.9912,0.9805,0.9204,0.8423,805.0,359.0,650.5,347.5,677.0,473.0,766.5,452.0,154.9274,91.9307,0.5934,1,0,0,0
383,3,0,2,1,1,1,0.9849,0.9873,0.9072,0.9082,294.0,266.5,123.0,277.0,173.25,382.0,266.5,367.0,171.3221,94.4487,0.5513,1,0,0,0
384,3,0,0,1,1,1,0.9878,0.9844,0.894,0.8398,1219.0,346.5,995.0,346.0,1023.5,494.5,1169.0,483.0,224.0006,145.9538,0.6516,1,0,0,0
384,3,0,1,1,1,1,0.9893,0.9761,0.9287,0.8525,795.0,355.0,645.0,343.5,683.5,475.0,751.0,455.0,150.4402,70.4006,0.468,1,1,1,0
384,3,0,2,1,1,1,0.9858,0.9878,0.9038,0.9048,299.0,269.0,133.5,277.0,176.5,377.5,293.0,377.5,165.6932,116.5,0.7031,1,0,0,0
385,3,0,0,1,1,1,0.9883,0.9829,0.8872,0.8364,1215.0,342.5,995.0,341.0,1028.0,494.0,1174.0,481.0,220.0051,146.5776,0.6662,1,0,0,0
385,3,0,1,1,1,1,0.9912,0.9775,0.9272,0.8608,796.0,356.0,650.0,341.5,680.5,471.0,747.5,445.0,146.7183,71.8679,0.4898,1,1,2,0
385,3,0,2,1,1,1,0.9849,0.9868,0.8955,0.9102,300.0,269.0,131.125,274.5,181.875,376.5,281.75,382.0,168.9645,100.0263,0.592,1,0,0,0
386,3,0,0,1,1,1,0.9878,0.9814,0.8926,0.8379,1215.0,342.5,997.5,342.0,1036.0,498.0,1171.0,481.0,217.5006,136.0662,0.6256,1,0,0,0
386,3,0,1,1,1,1,0.9902,0.979,0.9185,0.8667,789.0,357.5,640.5,345.5,669.0,470.0,747.0,441.0,148.9841,83.2166,0.5586,1,0,0,0
386,3,0,2,1,1,1,0.9878,0.9883,0.9097,0.9009,303.5,269.5,138.0,279.0,178.5,383.5,301.0,380.5,165.7724,122.5367,0.7392,1,0,0,0
387,3,0,0,1,1,1,0.9878,0.9873,0.8735,0.8398,1214.0,348.5,1001.0,349.5,1023.0,490.0,1174.0,483.0,213.0023,151.1622,0.7097,1,0,0,0
387,3,0,2,1,1,1,0.9878,0.9878,0.9087,0.8979,302.5,271.0,138.0,278.0,180.125,381.5,295.5,379.0,164.6489,115.4021,0.7009,1,0,0,0
387,3,0,1,1,1,1,0.9907,0.979,0.9209,0.8618,789.0,357.0,641.5,345.5,669.0,472.5,755.0,447.0,147.9476,89.7009,0.6063,1,0,0,0
388,3,0,0,1,1,1,0.9883,0.981,0.897,0.8389,1214.0,345.0,997.5,343.0,1030.0,499.0,1170.0,484.5,216.5092,140.7489,0.6501,1,0,0,0
388,3,0,1,1,1,1,0.9912,0.9751,0.9209,0.8403,779.0,357.0,629.5,346.0,660.5,467.5,741.0,439.0,149.9041,85.3961,0.5697,1,0,0,0
388,3,0,2,1,1,1,0.9878,0.9854,0.917,0.9004,304.5,271.5,143.875,275.5,196.25,375.0,294.0,383.5,160.6748,98.1189,0.6107,1,0,0,0
389,3,0,0,1,1,1,0.9883,0.9819,0.8921,0.8315,1214.0,344.0,997.0,341.0,1026.0,496.5,1172.0,484.5,217.0207,146.4923,0.675,1,0,0,0
389,3,0,2,1,1,1,0.9883,0.9883,0.9141,0.9014,306.5,271.0,144.5,279.5,194.375,374.5,299.0,380.0,162.2228,104.7695,0.6458,1,0,0,0
389,3,0,1,1,1,1,0.9912,0.9761,0.9229,0.8472,778.0,356.0,631.5,345.5,661.0,471.0,741.0,442.0,146.8758,85.0941,0.5794,1,0,0,0
390,3,0,0,1,1,1,0.9878,0.9814,0.895,0.8408,1214.0,342.5,997.0,339.5,1032.0,494.0,1172.0,479.0,217.0207,140.8013,0.6488,1,0,0,0
390,3,0,2,1,1,1,0.9873,0.9873,0.9111,0.9077,311.0,271.0,149.875,276.0,204.375,375.5,301.0,380.5,161.2026,96.7543,0.6002,1,0,0,0
390,3,0,1,1,1,1,0.9883,0.9771,0.9292,0.856,770.0,354.0,622.0,347.0,650.0,464.5,735.5,452.5,148.1654,86.338,0.5827,1,0,0,0
391,3,0,0,1,1,1,0.9878,0.9814,0.8955,0.8389,1215.0,343.0,996.5,340.5,1030.0,495.0,1176.0,481.5,218.5143,146.6228,0.671,1,0,0,0
391,3,0,2,1,1,1,0.9888,0.9863,0.9214,0.9043,310.75,272.0,150.0,277.0,203.0,372.5,303.75,377.0,160.8277,100.8504,0.6271,1,0,0,0
391,3,0,1,1,1,1,0.9883,0.9766,0.9272,0.8521,771.0,354.0,620.5,346.5,648.5,461.0,732.0,450.5,150.6868,84.1576,0.5585,1,0,0,0
392,3,0,0,1,1,1,0.9888,0.981,0.897,0.833,1213.0,344.5,998.5,341.0,1033.0,499.0,1174.0,483.5,214.5286,141.8494,0.6612,1,0,0,0
392,3,0,2,1,1,1,0.9893,0.9839,0.9287,0.8916,317.25,273.0,160.375,277.0,206.75,374.0,311.5,379.0,156.926,104.8693,0.6683,1,0,0,0
392,3,0,1,1,1,1,0.9912,0.9775,0.9238,0.8389,764.0,354.5,612.0,344.0,643.0,462.0,722.5,450.0,152.3622,80.4006,0.5277,1,0,0,0
393,3,0,0,1,1,1,0.9883,0.981,0.8984,0.8379,1216.0,345.0,999.0,341.0,1031.0,495.0,1173.0,481.0,217.0369,142.6885,0.6574,1,0,0,0
393,3,0,1,1,1,1,0.9912,0.9795,0.9336,0.8486,762.5,354.0,615.0,346.5,643.0,464.0,724.0,454.0,147.6906,81.6149,0.5526,1,0,0,0
393,3,0,2,1,1,1,0.9883,0.9839,0.9263,0.896,317.5,272.5,161.25,278.0,209.75,373.0,311.0,379.5,156.3468,101.4584,0.6489,1,0,0,0
394,3,0,0,1,1,1,0.9883,0.9814,0.897,0.8369,1214.0,344.5,997.5,343.5,1027.0,497.5,1173.0,483.0,216.5023,146.7183,0.6777,1,0,0,0
394,3,0,1,1,1,1,0.9883,0.9829,0.9072,0.874,756.5,355.0,605.5,344.0,634.5,469.0,722.0,451.5,151.4001,89.2328,0.5894,1,0,0,0
394,3,0,2,1,1,1,0.9883,0.9868,0.9175,0.9019,325.25,274.5,170.25,278.0,219.5,375.5,320.75,382.5,155.0395,101.4917,0.6546,1,0,0,0
395,3,0,0,1,1,1,0.9883,0.9814,0.8975,0.8403,1215.0,343.0,998.0,341.0,1030.0,497.5,1171.0,483.0,217.0092,141.7436,0.6532,1,0,0,0
395,3,0,1,1,1,1,0.9897,0.9819,0.917,0.8633,757.0,356.0,606.0,345.5,635.0,468.0,719.5,452.5,151.3646,85.9098,0.5676,1,0,0,0
395,3,0,2,1,1,1,0.9878,0.9858,0.9097,0.9053,328.5,276.0,169.0,278.0,229.5,379.5,319.0,381.0,159.5125,89.5126,0.5612,1,0,0,0
396,3,0,0,1,1,1,0.9888,0.981,0.8975,0.8311,1214.0,344.0,997.5,341.5,1028.0,498.5,1175.0,485.5,216.5144,147.5737,0.6816,1,0,0,0
396,3,0,2,1,1,1,0.9907,0.9834,0.9175,0.8901,335.5,279.0,179.875,277.5,221.125,381.5,325.25,381.5,155.6322,104.125,0.669,1,0,0,0
396,3,0,1,1,1,1,0.9878,0.9771,0.9219,0.8574,749.0,354.5,596.5,345.0,625.0,472.5,709.0,457.0,152.7956,85.4181,0.559,1,0,0,0
397,3,0,0,1,1,1,0.9883,0.9805,0.9014,0.8398,1214.0,343.5,997.5,341.0,1035.0,497.0,1172.0,484.5,216.5144,137.5691,0.6354,1,0,0,0
397,3,0,2,1,1,1,0.9897,0.9883,0.9009,0.9077,343.0,281.0,190.875,276.0,238.5,385.5,331.0,387.0,152.2071,92.5122,0.6078,1,0,0,0
397,3,0,1,1,1,1,0.9902,0.9785,0.918,0.8604,744.5,357.0,592.0,346.5,617.0,478.0,706.5,455.0,152.861,92.4081,0.6045,1,0,0,0
398,3,0,0,1,1,1,0.9873,0.9805,0.8994,0.8452,1212.0,343.5,999.0,340.0,1036.0,499.5,1173.0,486.0,213.0288,137.6635,0.6462,1,0,0,0
398,3,0,1,1,1,1,0.9902,0.9805,0.9136,0.8433,745.5,358.0,589.0,352.0,614.5,476.0,715.5,459.5,156.615,102.3389,0.6534,1,0,0,0
398,3,0,2,1,1,1,0.9897,0.9883,0.897,0.9043,343.0,282.5,190.875,278.5,237.625,383.0,329.5,387.0,152.1776,91.962,0.6043,1,0,0,0
399,3,0,0,1,1,1,0.9878,0.98,0.8994,0.8423,1214.0,343.5,998.0,341.0,1030.0,499.0,1172.0,480.5,216.0145,143.2,0.6629,1,0,0,0
399,3,0,1,1,1,1,0.9888,0.9795,0.9263,0.854,739.5,355.0,583.5,351.5,609.5,469.5,697.5,455.0,156.0393,89.1866,0.5716,1,0,0,0
399,3,0,2,1,1,1,0.9902,0.9863,0.9077,0.897,351.5,284.0,199.75,277.0,242.0,388.5,334.0,391.0,151.9114,92.034,0.6058,1,0,0,0
400,3,0,0,1,1,1,0.9883,0.98,0.9004,0.8369,1213.0,346.0,998.5,342.0,1033.0,495.0,1175.0,481.0,214.5373,142.6885,0.6651,1,0,0,0
400,3,0,2,1,1,1,0.9883,0.9883,0.9185,0.9053,355.0,280.0,198.0,279.0,241.75,390.5,333.0,394.5,157.0032,91.3376,0.5818,1,0,0,0
400,3,0,1,1,1,1,0.9883,0.9805,0.9243,0.8579,741.0,355.0,584.0,351.0,610.5,466.5,698.0,455.0,157.0509,88.2525,0.5619,1,0,0,0
401,3,0,0,1,1,1,0.9873,0.9819,0.8921,0.8447,1214.0,344.0,998.5,341.0,1027.0,496.0,1178.0,483.0,215.5209,151.5586,0.7032,1,0,0,0
401,3,0,1,1,1,1,0.9858,0.98,0.9219,0.8711,733.0,350.0,579.0,348.0,613.5,472.0,678.5,453.0,154.013,67.72,0.4397,1,1,1,0
401,3,0,2,1,1,1,0.9897,0.9883,0.9277,0.9072,361.0,277.0,204.0,278.0,245.375,384.0,340.0,392.0,157.0032,94.9626,0.6048,1,0,0,0
402,3,0,0,1,1,1,0.9883,0.9844,0.8975,0.8354,1218.0,346.5,995.0,345.5,1022.5,493.0,1172.0,486.0,223.0022,149.6638,0.6711,1,0,0,0
402,3,0,1,1,1,1,0.9844,0.981,0.916,0.875,734.0,350.0,580.0,347.0,613.5,477.0,684.5,453.0,154.0292,74.9466,0.4866,1,1,2,0
402,3,0,2,1,1,1,0.9893,0.9888,0.9263,0.9087,360.0,280.0,202.375,280.0,243.5,385.0,336.0,394.0,157.625,92.9368,0.5896,1,0,0,0
403,3,0,0,1,1,1,0.9868,0.9873,0.8794,0.8569,1213.0,349.0,1004.5,349.0,1020.5,492.0,1168.0,487.5,208.5,147.5686,0.7078,1,0,0,0
403,3,0,1,1,1,1,0.9917,0.981,0.9185,0.8604,731.5,353.0,577.5,345.5,608.0,480.0,687.0,454.5,154.1825,83.0136,0.5384,1,0,0,0
403,3,0,2,1,1,1,0.9873,0.9888,0.9189,0.9146,365.25,280.5,209.0,279.0,255.5,380.5,341.0,391.5,156.2572,86.2047,0.5517,1,0,0,0
404,3,0,0,1,1,1,0.9888,0.9814,0.8965,0.8296,1214.0,344.5,999.5,341.5,1028.0,499.5,1175.0,486.0,214.521,147.6186,0.6881,1,0,0,0
404,3,0,1,1,1,1,0.9922,0.978,0.9253,0.8457,729.0,353.0,573.5,345.0,606.0,479.0,680.5,447.0,155.7057,81.0817,0.5207,1,0,0,0
404,3,0,2,1,1,1,0.9863,0.9893,0.9146,0.9175,368.25,282.0,213.375,279.0,270.5,379.5,348.0,392.0,154.9041,78.5016,0.5068,1,0,0,0
405,3,0,0,1,1,1,0.9878,0.9824,0.8901,0.8418,1216.0,344.0,999.5,341.0,1029.0,496.5,1177.0,482.0,216.5208,148.7086,0.6868,1,0,0,0
405,3,0,1,1,1,1,0.9922,0.978,0.9263,0.8467,729.0,353.5,575.5,345.0,605.5,481.5,682.0,446.5,153.7352,84.1264,0.5472,1,0,0,0
405,3,0,2,1,1,1,0.9863,0.9888,0.9165,0.916,368.5,281.0,214.5,278.0,272.75,378.0,343.75,391.5,154.0292,72.2721,0.4692,1,1,1,0
406,3,0,0,1,1,1,0.9873,0.9873,0.873,0.8442,1213.0,348.0,1003.0,347.5,1021.0,486.5,1171.0,487.0,210.0006,150.0008,0.7143,1,0,0,0
406,3,0,1,1,1,1,0.9927,0.9805,0.9229,0.8511,724.0,353.5,570.5,346.0,607.0,481.5,681.0,451.0,153.6831,80.0391,0.5208,1,0,0,0
406,3,0,2,1,1,1,0.9902,0.9849,0.9336,0.8965,364.5,282.5,214.75,275.5,271.75,373.0,344.0,386.5,149.9135,73.5004,0.4903,1,1,2,0
407,3,0,0,1,1,1,0.9878,0.9814,0.8931,0.8403,1216.0,344.0,998.5,342.0,1026.0,499.0,1174.0,482.0,217.5092,148.9732,0.6849,1,0,0,0
407,3,0,1,1,1,1,0.9888,0.9834,0.9194,0.8711,724.0,353.0,569.0,347.0,604.0,478.0,686.0,457.0,155.1161,84.6463,0.5457,1,0,0,0
407,3,0,2,1,1,1,0.9893,0.9854,0.9307,0.8994,365.5,282.5,215.25,276.5,275.25,374.5,344.25,388.5,150.3698,70.406,0.4682,1,1,3,0
408,3,0,0,1,1,1,0.9878,0.9814,0.8955,0.8413,1215.0,344.0,996.5,342.0,1027.0,498.0,1174.0,485.5,218.5092,147.5305,0.6752,1,0,0,0
408,3,0,1,1,1,1,0.9922,0.9795,0.9224,0.8516,721.5,351.0,568.0,343.0,598.0,478.0,681.0,449.5,153.7083,87.7568,0.5709,1,0,0,0
408,3,0,2,1,1,1,0.9893,0.9888,0.917,0.9136,366.5,284.0,217.125,278.0,273.5,378.0,355.25,388.0,149.4955,82.3593,0.5509,1,0,0,0
409,3,0,0,1,1,1,0.9878,0.9824,0.8892,0.8423,1213.0,344.0,998.0,342.0,1030.0,498.5,1169.0,482.0,215.0093,139.9759,0.651,1,0,0,0
409,3,0,1,1,1,1,0.9868,0.9824,0.9126,0.8672,723.0,351.5,567.0,348.0,603.5,479.0,683.0,456.0,156.0393,82.7602,0.5304,1,0,0,0
409,3,0,2,1,1,1,0.9893,0.9858,0.9263,0.8984,367.75,283.0,216.75,278.0,273.25,374.0,347.25,386.0,151.0828,74.9667,0.4962,1,1,1,0
410,3,0,0,1,1,1,0.9858,0.9883,0.8623,0.8594,1213.0,348.5,1003.0,349.0,1021.5,490.0,1172.0,484.5,210.0006,150.6005,0.7171,1,0,0,0
410,3,0,1,1,1,1,0.9897,0.9819,0.9233,0.8584,719.5,350.0,564.0,345.0,599.0,475.5,681.5,457.0,155.5804,84.5488,0.5434,1,0,0,0
410,3,0,2,1,1,1,0.9893,0.9873,0.9248,0.9082,367.25,282.5,217.25,279.0,274.75,378.0,349.75,389.0,150.0408,75.8024,0.5052,1,0,0,0
411,3,0,0,1,1,1,0.9888,0.98,0.9028,0.832,1214.0,345.0,998.0,343.5,1027.0,502.5,1174.0,486.0,216.0052,147.9231,0.6848,1,0,0,0
411,3,0,1,1,1,1,0.9912,0.9868,0.9097,0.8672,720.0,349.5,564.0,346.5,596.5,476.0,681.5,460.0,156.0288,86.4928,0.5543,1,0,0,0
411,3,0,2,1,1,1,0.9888,0.9873,0.9219,0.9082,368.75,284.0,217.75,280.0,276.25,370.0,347.75,386.0,151.053,73.2683,0.4851,1,1,1,0
412,3,0,0,1,1,1,0.9888,0.9839,0.9019,0.8364,1218.0,346.5,994.5,347.5,1021.5,494.0,1170.0,485.0,223.5022,148.7725,0.6656,1,0,0,0
412,3,0,1,1,1,1,0.9922,0.9795,0.9189,0.8438,716.5,350.5,563.0,343.5,600.5,481.0,675.0,451.0,153.6595,80.3134,0.5227,1,0,0,0
412,3,0,2,1,1,1,0.9888,0.9888,0.9189,0.9126,367.25,284.0,219.75,280.0,274.25,370.5,354.0,387.5,147.5542,81.5418,0.5526,1,0,0,0
413,3,0,0,1,1,1,0.9873,0.9819,0.8931,0.8472,1213.0,344.5,997.0,343.0,1028.0,496.0,1175.0,482.5,216.0052,147.6186,0.6834,1,0,0,0
413,3,0,1,1,1,1,0.9897,0.9814,0.9097,0.8589,717.5,350.0,558.5,343.0,596.0,479.5,674.5,460.0,159.154,80.8857,0.5082,1,0,0,0
413,3,0,2,1,1,1,0.9878,0.9897,0.9224,0.9204,371.0,281.0,219.0,284.0,272.0,374.0,347.0,387.0,152.0296,76.1183,0.5007,1,0,0,0
414,3,0,0,1,1,1,0.9873,0.9824,0.8911,0.8462,1214.0,346.0,995.5,344.0,1030.0,497.5,1175.0,483.5,218.5092,145.6743,0.6667,1,0,0,0
414,3,0,1,1,1,1,0.9883,0.9805,0.9185,0.8521,716.0,349.0,560.0,345.0,595.5,479.5,671.5,468.0,156.0513,76.8651,0.4926,1,1,1,0
414,3,0,2,1,1,1,0.9893,0.9878,0.9204,0.9072,369.25,284.0,218.125,281.0,271.75,372.0,352.5,385.5,151.1548,81.8707,0.5416,1,0,0,0
415,3,0,0,1,1,1,0.9883,0.9834,0.9038,0.8364,1216.0,345.5,996.0,347.0,1019.5,494.5,1168.0,486.0,220.0051,148.7431,0.6761,1,0,0,0
415,3,0,1,1,1,1,0.9927,0.9771,0.9243,0.8291,715.5,352.5,560.5,342.0,595.0,475.5,671.5,449.5,155.3552,80.7976,0.5201,1,0,0,0
415,3,0,2,1,1,1,0.9873,0.9897,0.9102,0.9175,368.5,283.0,221.5,283.5,272.75,375.5,354.5,384.5,147.0009,82.2439,0.5595,1,0,0,0
416,3,0,0,1,1,1,0.9888,0.9805,0.9019,0.8286,1211.0,343.5,998.0,343.0,1024.0,497.5,1177.0,485.5,213.0006,153.4699,0.7205,1,0,0,0
416,3,0,1,1,1,1,0.9897,0.979,0.9126,0.8428,716.0,349.5,559.5,343.5,596.0,478.5,675.0,458.5,156.615,81.4923,0.5203,1,0,0,0
416,3,0,2,1,1,1,0.9897,0.9878,0.9121,0.9077,367.5,287.0,219.625,283.0,264.5,373.5,351.0,378.5,147.9291,86.6444,0.5857,1,0,0,0
417,3,0,0,1,1,1,0.9878,0.9849,0.8945,0.8423,1219.0,347.0,995.0,348.0,1023.0,496.5,1176.0,488.0,224.0022,153.2359,0.6841,1,0,0,0
417,3,0,1,1,1,1,0.9878,0.981,0.9146,0.8535,716.0,348.5,560.5,345.5,596.0,475.0,667.0,458.5,155.5289,72.892,0.4687,1,1,1,0
417,3,0,2,1,1,1,0.9873,0.9868,0.9224,0.9014,369.75,281.0,217.625,286.0,269.75,382.0,337.0,381.5,152.2071,67.2519,0.4418,1,1,1,0
418,3,0,0,1,1,1,0.9888,0.981,0.8979,0.8267,1213.0,344.0,997.5,343.0,1025.0,501.0,1174.0,484.0,215.5023,149.9667,0.6959,1,0,0,0
418,3,0,1,1,1,1,0.9878,0.98,0.9136,0.8477,716.0,352.0,560.0,347.5,593.0,475.0,673.0,463.0,156.0649,80.895,0.5183,1,0,0,0
418,3,0,2,1,1,1,0.9897,0.9863,0.9102,0.8999,368.25,287.0,219.375,282.0,265.25,372.0,349.25,379.0,148.9589,84.2912,0.5659,1,0,0,0
419,3,0,0,1,1,1,0.9878,0.9814,0.8921,0.8374,1215.0,345.0,996.5,344.0,1027.0,499.0,1178.0,483.0,218.5023,151.8453,0.6949,1,0,0,0
419,3,0,1,1,1,1,0.9902,0.9863,0.9028,0.8652,718.0,350.0,560.0,344.5,593.0,474.0,669.0,462.0,158.0957,76.9415,0.4867,1,1,1,0
419,3,0,2,1,1,1,0.9873,0.9888,0.916,0.9126,364.0,284.0,218.5,284.5,268.75,376.5,352.75,381.5,145.5009,84.1487,0.5783,1,0,0,0
420,3,0,0,1,1,1,0.9883,0.98,0.9023,0.8364,1212.0,344.0,999.0,344.0,1027.0,496.5,1171.0,483.0,213.0,144.6314,0.679,1,0,0,0
420,3,0,1,1,1,1,0.9897,0.9741,0.9238,0.8325,719.5,349.5,563.0,342.5,590.0,477.0,674.5,454.0,156.6565,87.5743,0.559,1,0,0,0
420,3,0,2,1,1,1,0.9878,0.9883,0.9116,0.9141,359.0,285.5,215.0,281.0,263.75,375.5,351.0,383.0,144.0703,87.5718,0.6078,1,0,0,0
421,3,0,0,1,1,1,0.9878,0.98,0.9048,0.8447,1213.0,344.0,999.5,344.0,1028.0,496.5,1171.0,479.0,213.5,144.0668,0.6748,1,0,0,0
421,3,0,1,1,1,1,0.9883,0.98,0.9204,0.8535,719.0,351.0,562.0,345.5,592.5,474.0,670.0,459.5,157.0963,78.8448,0.5019,1,0,0,0
421,3,0,2,1,1,1,0.9873,0.9893,0.9136,0.915,362.0,285.5,215.5,284.5,265.75,375.5,347.5,382.0,146.5034,82.008,0.5598,1,0,0,0
422,3,0,0,1,1,1,0.9888,0.9795,0.9043,0.8311,1212.0,341.0,998.0,341.0,1022.0,496.5,1173.0,485.0,214.0,151.4373,0.7077,1,0,0,0
422,3,0,1,1,1,1,0.9883,0.9824,0.9116,0.8599,719.5,349.0,561.5,343.5,592.5,478.5,675.0,463.5,158.0957,83.8525,0.5304,1,0,0,0
422,3,0,2,1,1,1,0.9849,0.9883,0.9043,0.9092,361.5,284.0,211.375,287.0,263.75,383.0,338.5,380.5,150.155,74.7918,0.4981,1,1,1,0
423,3,0,0,1,1,1,0.9888,0.9795,0.9053,0.8325,1213.0,341.0,998.0,343.5,1021.0,499.0,1176.0,485.5,215.0145,155.5868,0.7236,1,0,0,0
423,3,0,1,1,1,1,0.9907,0.9868,0.9038,0.8594,721.0,351.5,562.0,345.0,587.0,479.5,680.5,462.5,159.1328,95.0329,0.5972,1,0,0,0
423,3,0,2,1,1,1,0.9863,0.9907,0.9019,0.9233,360.5,286.5,214.875,285.0,259.5,377.5,351.75,383.0,145.6327,92.4138,0.6346,1,0,0,0
424,3,0,0,1,1,1,0.9863,0.9805,0.897,0.8535,1214.0,344.0,998.5,343.5,1026.0,497.0,1170.0,480.0,215.5006,145.0,0.6729,1,0,0,0
424,3,0,1,1,1,1,0.9883,0.9771,0.9136,0.8481,723.5,353.0,564.5,346.0,593.5,481.0,682.0,462.5,159.154,90.4129,0.5681,1,0,0,0
424,3,0,2,1,1,1,0.9873,0.9893,0.9058,0.9204,356.75,288.5,210.25,283.5,262.75,379.5,343.75,382.0,146.5853,81.0386,0.5528,1,0,0,0
425,3,0,0,1,1,1,0.9883,0.9814,0.897,0.8335,1214.0,343.0,996.0,343.5,1021.0,495.5,1173.0,482.0,218.0006,152.5983,0.7,1,0,0,0
425,3,0,1,1,1,1,0.9907,0.9868,0.9087,0.8643,725.5,353.0,566.0,346.5,591.5,481.5,681.5,464.0,159.6324,91.6856,0.5744,1,0,0,0
425,3,0,2,1,1,1,0.9878,0.9883,0.8926,0.9136,358.0,289.0,209.5,283.5,264.25,375.5,343.0,378.5,148.6018,78.8071,0.5303,1,0,0,0
426,3,0,0,1,1,1,0.9878,0.9873,0.8774,0.8457,1214.0,347.5,1001.0,349.5,1019.0,488.0,1174.0,482.5,213.0094,155.0975,0.7281,1,0,0,0
426,3,0,1,1,1,1,0.9849,0.9834,0.9028,0.8755,730.0,353.0,568.0,350.5,595.0,479.5,685.5,465.0,162.0193,91.6542,0.5657,1,0,0,0
426,3,0,2,1,1,1,0.9883,0.9873,0.8994,0.9072,356.25,290.0,207.75,285.0,250.0,377.5,339.75,378.0,148.5842,89.7514,0.604,1,0,0,0
427,3,0,0,1,1,1,0.9893,0.98,0.9014,0.8228,1213.0,344.0,996.0,343.5,1024.0,493.5,1169.0,482.0,217.0006,145.4553,0.6703,1,0,0,0
427,3,0,1,1,1,1,0.9849,0.9839,0.9014,0.876,730.0,351.5,568.0,350.0,599.0,476.5,684.0,465.0,162.0069,85.7744,0.5294,1,0,0,0
427,3,0,2,1,1,1,0.9883,0.9878,0.8965,0.9102,355.25,289.5,207.0,284.0,246.375,382.5,344.25,379.0,148.352,97.9376,0.6602,1,0,0,0
428,3,0,0,1,1,1,0.9888,0.9785,0.9077,0.8335,1214.0,342.0,998.0,341.5,1026.0,496.5,1167.0,481.5,216.0006,141.7956,0.6565,1,0,0,0
428,3,0,1,1,1,1,0.9907,0.9829,0.9072,0.8657,734.5,353.0,575.0,345.5,600.0,483.0,682.5,453.5,159.6762,87.6156,0.5487,1,0,0,0
428,3,0,2,1,1,1,0.9888,0.9888,0.8945,0.9116,355.25,291.0,208.5,284.0,247.875,379.5,339.5,380.5,146.9169,91.6305,0.6237,1,0,0,0
429,3,0,0,1,1,1,0.9888,0.98,0.9009,0.8306,1213.0,342.0,997.0,341.0,1021.0,494.5,1170.0,480.0,216.0023,149.7039,0.6931,1,0,0,0
429,3,0,2,1,1,1,0.9888,0.9878,0.8975,0.9077,355.0,292.5,206.0,284.0,248.0,380.0,336.0,380.5,149.2423,88.0014,0.5897,1,0,0,0
429,3,0,1,1,1,1,0.9868,0.9839,0.8921,0.8765,735.0,353.0,571.5,345.5,603.0,485.5,688.0,460.5,163.6719,88.6002,0.5413,1,0,0,0
430,3,0,0,1,1,1,0.9893,0.981,0.8975,0.8228,1215.0,343.0,997.0,343.0,1024.0,497.5,1168.0,479.0,218.0,145.1835,0.666,1,0,0,0
430,3,0,1,1,1,1,0.9834,0.9834,0.9028,0.8809,741.5,354.0,577.0,350.5,611.0,484.5,681.0,463.0,164.5372,73.2274,0.4451,1,1,1,0
430,3,0,2,1,1,1,0.9873,0.9897,0.9111,0.916,357.0,287.0,203.0,285.5,242.125,388.0,326.5,386.5,154.0073,84.3883,0.548,1,0,0,0
431,3,0,0,1,1,1,0.9893,0.9819,0.8926,0.8218,1216.0,344.0,997.0,345.5,1024.0,499.5,1175.0,483.0,219.0051,151.8988,0.6936,1,0,0,0
431,3,0,1,1,1,1,0.9883,0.9834,0.8853,0.8472,742.5,358.5,579.0,353.0,602.5,485.0,695.0,464.0,163.5925,94.8538,0.5798,1,0,0,0
431,3,0,2,1,1,1,0.9873,0.9893,0.916,0.9126,357.5,289.0,203.125,286.0,240.5,387.5,324.5,385.5,154.4041,84.0238,0.5442,1,0,0,0
432,3,0,0,1,1,1,0.9897,0.9795,0.9043,0.8179,1214.0,345.0,995.5,344.0,1019.5,499.0,1178.0,478.5,218.5023,159.8202,0.7314,1,0,0,0
432,3,0,1,1,1,1,0.9878,0.9854,0.8848,0.8687,751.0,358.5,588.0,351.5,615.5,496.0,704.0,462.0,163.1502,94.8064,0.5811,1,0,0,0
432,3,0,2,1,1,1,0.9897,0.9878,0.9014,0.9038,352.0,291.0,202.375,282.0,237.375,387.0,329.75,385.5,149.8954,92.3872,0.6163,1,0,0,0
433,3,0,0,1,1,1,0.9873,0.9814,0.8931,0.8428,1215.0,344.0,998.0,343.0,1021.5,496.0,1177.0,475.5,217.0023,156.8455,0.7228,1,0,0,0
433,3,0,1,1,1,1,0.9873,0.9824,0.8872,0.8672,761.5,354.0,595.0,347.5,624.0,488.5,713.0,462.0,166.6268,92.8615,0.5573,1,0,0,0
433,3,0,2,1,1,1,0.9897,0.9868,0.9048,0.8994,349.25,291.5,201.0,284.5,230.625,383.0,326.75,386.0,148.4152,96.1718,0.648,1,0,0,0
434,3,0,0,1,1,1,0.9883,0.979,0.9038,0.8325,1215.0,344.5,997.0,343.0,1024.0,497.5,1169.0,479.5,218.0052,146.113,0.6702,1,0,0,0
434,3,0,1,1,1,1,0.9883,0.9849,0.8916,0.8647,761.0,356.0,595.0,350.0,623.0,485.5,722.0,462.0,166.1084,101.7509,0.6126,1,0,0,0
434,3,0,2,1,1,1,0.9888,0.9873,0.895,0.9004,349.5,293.0,200.125,284.0,229.375,386.5,327.25,389.0,149.6459,97.9069,0.6543,1,0,0,0
435,3,0,0,1,1,1,0.9883,0.9814,0.895,0.835,1214.0,344.0,996.0,343.0,1026.0,494.0,1173.0,480.0,218.0023,147.6652,0.6774,1,0,0,0
435,3,0,1,1,1,1,0.9863,0.9805,0.9053,0.8594,769.0,349.5,603.0,344.5,631.5,483.0,727.5,463.5,166.0753,97.9605,0.5899,1,0,0,0
435,3,0,2,1,1,1,0.9902,0.9873,0.9072,0.9028,347.0,292.0,197.75,284.0,232.25,378.5,325.25,382.5,149.4643,93.086,0.6228,1,0,0,0
436,3,0,0,1,1,1,0.9878,0.9819,0.8901,0.8403,1214.0,344.5,997.5,343.5,1025.0,493.5,1172.0,479.5,216.5023,147.6652,0.682,1,0,0,0
436,3,0,1,1,1,1,0.9858,0.9805,0.9028,0.8608,767.0,349.0,603.0,344.5,635.0,482.0,726.0,461.0,164.0617,93.3916,0.5692,1,0,0,0
436,3,0,2,1,1,1,0.9907,0.9863,0.9146,0.8975,347.5,293.0,199.75,283.5,230.25,382.0,323.25,383.5,148.0551,93.0121,0.6282,1,0,0,0
437,3,0,0,1,1,1,0.9873,0.9863,0.8691,0.8301,1215.0,349.5,1000.5,351.0,1014.5,485.0,1174.0,479.0,214.5052,159.6128,0.7441,1,0,0,0
437,3,0,1,1,1,1,0.9873,0.978,0.9058,0.8545,778.5,351.5,613.5,345.0,643.5,484.0,735.5,463.5,165.128,94.2563,0.5708,1,0,0,0
437,3,0,2,1,1,1,0.9902,0.9878,0.9004,0.8994,345.25,292.5,195.5,285.0,229.5,385.5,322.25,379.0,149.9377,92.9775,0.6201,1,0,0,0
438,3,0,0,1,1,1,0.9868,0.9868,0.8657,0.8413,1217.0,348.0,1001.0,349.0,1016.0,487.5,1173.0,481.5,216.0023,157.1146,0.7274,1,0,0,0
438,3,0,1,1,1,1,0.9858,0.9814,0.9092,0.8726,777.0,351.0,611.5,346.5,643.0,481.0,736.5,468.0,165.5612,94.3994,0.5702,1,0,0,0
438,3,0,2,1,1,1,0.9907,0.9888,0.9062,0.9082,345.25,290.0,196.875,282.0,228.5,383.0,324.25,378.0,148.5905,95.8805,0.6453,1,0,0,0
439,3,0,0,1,1,1,0.9878,0.9824,0.8906,0.8408,1217.0,344.0,999.0,342.0,1023.0,492.5,1179.0,477.0,218.0092,156.7681,0.7191,1,0,0,0
439,3,0,2,1,1,1,0.9897,0.9873,0.8979,0.9004,343.0,293.0,194.25,284.0,229.0,384.5,323.5,382.5,149.022,94.5212,0.6343,1,0,0,0
439,3,0,1,1,1,1,0.9873,0.9785,0.9072,0.8564,788.5,350.5,618.0,346.0,652.5,483.0,745.5,459.0,170.5594,96.0469,0.5631,1,0,0,0
440,3,0,0,1,1,1,0.9888,0.9819,0.8926,0.8311,1215.0,342.0,997.0,341.5,1024.0,496.0,1176.0,481.5,218.0006,152.69,0.7004,1,0,0,0
440,3,0,1,1,1,1,0.9878,0.981,0.9023,0.8584,801.0,349.5,628.0,347.0,661.5,492.5,751.5,460.5,173.0181,95.5196,0.5521,1,0,0,0
440,3,0,2,1,1,1,0.9888,0.9888,0.8931,0.9121,341.5,292.5,192.875,285.0,238.5,383.5,316.5,381.0,148.8141,78.0401,0.5244,1,0,0,0
441,3,0,1,1,1,1,0.9878,0.9805,0.9028,0.8584,801.0,350.0,628.0,347.0,658.0,488.5,753.0,459.5,173.026,99.3277,0.5741,1,0,0,0
441,3,0,0,1,1,1,0.9883,0.9824,0.8882,0.8384,1217.0,344.0,997.5,343.5,1023.0,496.0,1178.0,479.0,219.5006,155.9295,0.7104,1,0,0,0
441,3,0,2,1,1,1,0.9897,0.9883,0.8994,0.9053,341.5,293.0,191.5,285.0,232.0,384.0,318.5,380.0,150.2132,86.5924,0.5765,1,0,0,0
442,3,0,0,1,1,1,0.9883,0.981,0.8955,0.8359,1216.0,343.5,997.5,342.0,1023.0,497.0,1180.0,482.5,218.5051,157.6682,0.7216,1,0,0,0
442,3,0,2,1,1,1,0.9897,0.9863,0.9053,0.897,340.0,293.5,190.75,287.0,235.125,383.5,319.25,382.5,149.3915,84.1309,0.5632,1,0,0,0
442,3,0,1,1,1,1,0.9883,0.98,0.9058,0.8438,808.5,352.5,633.0,349.0,659.5,493.5,756.5,465.0,175.5349,101.1002,0.576,1,0,0,0
443,3,0,0,1,1,1,0.9878,0.9868,0.8687,0.8325,1217.0,349.5,1001.0,351.0,1014.5,486.5,1176.0,483.5,216.0052,161.5279,0.7478,1,0,0,0
443,3,0,1,1,1,1,0.9873,0.9814,0.895,0.855,809.0,352.0,634.0,347.5,662.0,493.0,758.5,465.0,175.0578,100.4801,0.574,1,0,0,0
443,3,0,2,1,1,1,0.9897,0.9873,0.9023,0.9048,340.5,294.5,191.5,287.5,233.0,383.5,315.25,380.0,149.1643,82.3244,0.5519,1,0,0,0
444,3,0,0,1,1,1,0.9893,0.9805,0.8975,0.8188,1215.0,343.5,997.0,342.5,1027.0,496.5,1178.0,480.5,218.0023,151.8453,0.6965,1,0,0,0
444,3,0,1,1,1,1,0.9902,0.9819,0.9014,0.8281,815.0,355.0,639.0,350.5,663.0,491.5,761.5,470.5,176.0575,100.7137,0.572,1,0,0,0
444,3,0,2,1,1,1,0.9912,0.9863,0.9141,0.8965,338.5,292.5,190.375,285.0,230.75,384.5,317.25,384.0,148.3148,86.5014,0.5832,1,0,0,0
445,3,0,0,1,1,1,0.9888,0.9814,0.8926,0.8281,1214.0,342.0,998.5,340.0,1024.0,496.0,1171.0,482.0,215.5093,147.6652,0.6852,1,0,0,0
445,3,0,2,1,1,1,0.9907,0.9858,0.9136,0.8926,339.0,292.0,189.75,286.0,227.125,384.5,317.75,378.0,149.3706,90.8578,0.6083,1,0,0,0
445,3,0,1,1,1,1,0.9873,0.9819,0.895,0.8491,816.0,351.5,640.0,347.0,661.0,491.5,761.5,471.0,176.0575,102.5695,0.5826,1,0,0,0
446,3,0,0,1,1,1,0.9888,0.9814,0.8901,0.8247,1217.0,342.5,995.0,343.0,1022.0,493.0,1176.0,477.5,222.0006,154.7781,0.6972,1,0,0,0
446,3,0,2,1,1,1,0.9902,0.9858,0.9097,0.895,336.75,294.0,188.375,287.0,228.0,383.5,318.5,379.0,148.54,90.6118,0.61,1,0,0,0
446,3,0,1,1,1,1,0.9902,0.9814,0.9014,0.8257,817.5,353.5,644.5,348.5,664.0,497.5,761.0,469.0,173.0722,101.1002,0.5842,1,0,0,0
447,3,0,0,1,1,1,0.9883,0.9819,0.8901,0.8345,1216.0,344.0,995.0,342.5,1026.0,495.5,1174.0,480.5,221.0051,148.7582,0.6731,1,0,0,0
447,3,0,1,1,1,1,0.9902,0.9805,0.8994,0.8345,825.5,356.5,648.0,348.5,665.0,492.5,765.0,468.0,177.6802,102.9575,0.5795,1,0,0,0
447,3,0,2,1,1,1,0.9902,0.9858,0.9058,0.8916,335.75,293.0,187.5,286.5,224.5,381.0,316.25,380.5,148.3924,91.7514,0.6183,1,0,0,0
448,3,0,0,1,1,1,0.9878,0.9819,0.8901,0.8374,1216.0,342.0,997.5,342.0,1028.0,498.0,1176.0,480.5,218.5,149.031,0.6821,1,0,0,0
448,3,0,1,1,1,1,0.9902,0.9824,0.8843,0.8296,823.0,359.0,644.5,352.0,667.5,488.0,777.0,466.5,178.6372,111.5908,0.6247,1,0,0,0
448,3,0,2,1,1,1,0.9907,0.9854,0.9121,0.8936,335.75,293.0,186.625,284.0,227.0,383.0,315.25,378.0,149.3963,88.3915,0.5917,1,0,0,0
449,3,0,0,1,1,1,0.9883,0.981,0.895,0.834,1216.0,344.5,997.5,343.0,1026.0,499.0,1178.0,477.0,218.5051,153.5839,0.7029,1,0,0,0
449,3,0,2,1,1,1,0.9897,0.9868,0.9048,0.9014,334.5,291.5,187.625,283.0,231.375,382.5,313.75,379.0,147.1208,82.4493,0.5604,1,0,0,0
449,3,0,1,1,1,1,0.9907,0.9824,0.8882,0.8306,825.5,358.5,651.0,346.0,668.5,493.0,773.5,464.0,174.9471,108.9312,0.6227,1,0,0,0
450,3,0,0,1,1,1,0.9888,0.981,0.8955,0.8311,1216.0,344.0,997.5,345.0,1025.0,498.5,1178.0,480.0,218.5023,154.1144,0.7053,1,0,0,0
450,3,0,1,1,1,1,0.9888,0.9834,0.8926,0.8438,825.5,357.5,651.0,347.0,666.5,495.0,777.5,474.0,174.8156,112.969,0.6462,1,0,0,0
450,3,0,2,1,1,1,0.9902,0.9873,0.9268,0.8965,333.5,289.5,186.25,285.0,230.375,382.5,319.0,380.0,147.3187,88.6603,0.6018,1,0,0,0
451,3,0,0,1,1,1,0.9883,0.9814,0.8901,0.8267,1215.0,344.0,998.0,344.0,1026.0,495.0,1167.0,482.0,217.0,141.598,0.6525,1,0,0,0
451,3,0,1,1,1,1,0.9883,0.9844,0.8818,0.8442,828.5,355.5,653.5,344.0,672.0,495.5,779.5,476.5,175.3775,109.1662,0.6225,1,0,0,0
451,3,0,2,1,1,1,0.9878,0.9868,0.9102,0.9067,335.0,291.0,184.0,285.5,236.375,384.0,314.5,383.5,151.1001,78.1266,0.5171,1,0,0,0
452,3,0,0,1,1,1,0.9883,0.9805,0.8975,0.8296,1214.0,345.0,997.5,343.5,1029.0,495.5,1171.0,482.5,216.5052,142.5938,0.6586,1,0,0,0
452,3,0,1,1,1,1,0.9902,0.98,0.8989,0.8291,830.0,354.5,655.0,341.5,675.0,499.5,771.0,478.5,175.4822,98.27,0.56,1,0,0,0
452,3,0,2,1,1,1,0.9888,0.9878,0.9189,0.9033,331.0,289.5,184.375,286.0,232.125,382.5,315.75,381.5,146.6668,83.631,0.5702,1,0,0,0
453,3,0,0,1,1,1,0.9883,0.9814,0.8931,0.833,1215.0,342.5,996.0,342.5,1026.0,496.0,1171.0,478.5,219.0,146.0522,0.6669,1,0,0,0
453,3,0,1,1,1,1,0.9897,0.9805,0.8989,0.8364,832.0,356.5,655.0,341.0,673.5,497.5,775.5,477.0,177.6774,104.0397,0.5856,1,0,0,0
453,3,0,2,1,1,1,0.9888,0.9868,0.9238,0.9019,332.5,289.5,182.875,286.0,224.875,378.5,321.0,379.0,149.6659,96.1263,0.6423,1,0,0,0
454,3,0,0,1,1,1,0.9878,0.9814,0.8921,0.8364,1214.0,344.0,996.0,342.5,1029.0,494.0,1169.0,482.5,218.0052,140.4715,0.6443,1,0,0,0
454,3,0,1,1,1,1,0.9897,0.98,0.9004,0.8384,833.0,355.5,655.5,340.0,674.0,496.5,778.5,479.0,178.1755,105.9552,0.5947,1,0,0,0
454,3,0,2,1,1,1,0.9897,0.9873,0.9233,0.8989,332.25,289.0,183.125,285.0,221.5,380.5,321.75,379.0,149.1786,100.2612,0.6721,1,0,0,0
455,3,0,0,1,1,1,0.9893,0.9824,0.8779,0.8364,1214.0,344.0,1001.0,340.5,1033.0,495.5,1180.0,478.5,213.0288,147.9797,0.6946,1,0,0,0
455,3,0,1,1,1,1,0.9897,0.9805,0.8955,0.8296,832.5,354.0,653.5,338.0,667.5,498.0,773.0,477.5,179.7137,107.4733,0.598,1,0,0,0
455,3,0,2,1,1,1,0.9893,0.9873,0.9175,0.9082,333.0,289.0,180.375,284.5,231.375,382.0,317.0,382.0,152.6913,85.625,0.5608,1,0,0,0
456,3,0,0,1,1,1,0.9888,0.9814,0.894,0.8291,1215.0,342.0,995.0,342.0,1028.0,496.0,1176.0,481.5,220.0,148.7086,0.6759,1,0,0,0
456,3,0,2,1,1,1,0.9897,0.9878,0.9253,0.9053,331.5,287.0,181.5,284.5,220.875,380.5,316.5,379.5,150.0208,95.6302,0.6374,1,0,0,0
456,3,0,1,1,1,1,0.9902,0.9805,0.8979,0.8252,832.0,355.0,653.5,340.5,669.5,504.5,773.0,476.5,179.088,107.2206,0.5987,1,0,0,0
457,3,0,0,1,1,1,0.9893,0.9819,0.8901,0.8228,1217.0,342.0,993.5,342.5,1026.0,497.0,1174.0,482.5,223.5006,148.7086,0.6654,1,0,0,0
457,3,0,1,1,1,1,0.9902,0.981,0.8882,0.8223,828.5,356.0,651.5,342.0,668.5,495.0,775.5,467.5,177.5528,110.4774,0.6222,1,0,0,0
457,3,0,2,1,1,1,0.9893,0.9873,0.9219,0.9004,331.5,288.5,180.75,285.0,222.0,380.0,318.75,380.5,150.7906,96.7513,0.6416,1,0,0,0
458,3,0,0,1,1,1,0.9883,0.981,0.8965,0.8359,1214.0,344.5,995.5,343.5,1033.0,498.5,1172.0,481.0,218.5023,140.0973,0.6412,1,0,0,0
458,3,0,1,1,1,1,0.9902,0.9814,0.8979,0.8384,830.0,355.0,649.5,340.5,663.0,503.0,777.0,480.5,181.0815,116.1992,0.6417,1,0,0,0
458,3,0,2,1,1,1,0.9902,0.9883,0.9292,0.9072,332.5,287.5,181.375,285.5,227.125,382.0,314.5,382.0,151.1382,87.375,0.5781,1,0,0,0
459,3,0,0,1,1,1,0.9888,0.9805,0.8975,0.8291,1212.0,345.0,997.0,343.5,1030.0,499.5,1174.0,481.0,215.0052,145.1835,0.6753,1,0,0,0
459,3,0,1,1,1,1,0.9902,0.9819,0.8926,0.8364,828.0,354.5,649.0,340.0,669.0,505.5,777.0,482.0,179.5863,110.5271,0.6155,1,0,0,0
459,3,0,2,1,1,1,0.9907,0.9868,0.9326,0.9009,331.5,288.0,181.0,285.5,225.0,378.0,314.0,381.5,150.5208,89.0688,0.5917,1,0,0,0
460,3,0,0,1,1,1,0.9883,0.981,0.8965,0.8345,1213.0,343.0,996.0,343.0,1028.0,494.0,1174.0,479.5,217.0,146.7183,0.6761,1,0,0,0
460,3,0,1,1,1,1,0.9907,0.981,0.8911,0.8213,826.0,356.0,644.5,344.5,663.5,503.0,772.5,480.0,181.864,111.4002,0.6125,1,0,0,0
460,3,0,2,1,1,1,0.9902,0.9873,0.9297,0.9009,330.75,285.5,180.375,284.0,224.5,377.0,312.0,381.5,150.3825,87.6156,0.5826,1,0,0,0
461,3,0,0,1,1,1,0.9883,0.9868,0.8716,0.8345,1214.0,348.5,998.5,348.5,1020.0,490.5,1173.0,482.5,215.5,153.209,0.7109,1,0,0,0
461,3,0,1,1,1,1,0.9907,0.9814,0.8921,0.8242,826.0,357.0,646.0,344.5,662.0,503.5,772.0,478.5,180.4335,112.8051,0.6252,1,0,0,0
461,3,0,2,1,1,1,0.9893,0.9878,0.9209,0.9009,330.5,286.0,180.0,284.5,224.5,377.0,316.0,380.5,150.5075,91.5669,0.6084,1,0,0,0
462,3,0,0,1,1,1,0.9888,0.979,0.9038,0.8271,1212.0,343.0,996.0,341.5,1028.0,496.0,1172.0,482.5,216.0052,144.6314,0.6696,1,0,0,0
462,3,0,1,1,1,1,0.9893,0.9795,0.8989,0.8125,821.0,355.0,639.0,347.0,653.5,502.0,768.5,483.0,182.1757,116.559,0.6398,1,0,0,0
462,3,0,2,1,1,1,0.9907,0.9888,0.9106,0.8984,331.75,285.0,179.75,284.0,218.5,381.0,317.25,378.5,152.0033,98.7816,0.6499,1,0,0,0
463,3,0,0,1,1,1,0.9873,0.9863,0.8779,0.8467,1214.0,347.5,1001.5,349.0,1022.0,490.5,1170.0,481.5,212.5053,148.2734,0.6977,1,0,0,0
463,3,0,2,1,1,1,0.9902,0.9868,0.9287,0.8975,331.25,286.0,180.75,285.0,222.25,379.5,316.75,381.5,150.5033,94.5212,0.628,1,0,0,0
463,3,0,1,1,1,1,0.9873,0.9844,0.894,0.8452,822.0,357.0,636.0,350.0,655.0,500.0,769.0,483.5,186.1317,115.1879,0.6189,1,0,0,0
464,3,0,0,1,1,1,0.9883,0.9819,0.8901,0.8335,1210.0,345.0,993.5,343.0,1024.0,499.5,1177.0,479.5,216.5092,154.3017,0.7127,1,0,0,0
464,3,0,1,1,1,1,0.9873,0.9824,0.8774,0.8335,816.5,357.0,632.0,348.5,657.5,511.0,765.0,486.5,184.6957,110.2565,0.597,1,0,0,0
464,3,0,2,1,1,1,0.9897,0.9858,0.9189,0.9004,331.25,286.0,178.75,283.0,218.375,379.0,316.25,379.5,152.5295,97.8763,0.6417,1,0,0,0
465,3,0,0,1,1,1,0.9893,0.9805,0.8994,0.8242,1210.0,343.5,994.5,341.5,1024.0,494.0,1172.0,482.5,215.5093,148.4461,0.6888,1,0,0,0
465,3,0,1,1,1,1,0.9897,0.9844,0.8799,0.8301,813.5,359.0,631.5,349.0,656.5,504.0,768.5,481.0,182.2745,114.3372,0.6273,1,0,0,0
465,3,0,2,1,1,1,0.9893,0.9863,0.9268,0.8984,330.25,287.0,180.75,285.0,218.75,378.0,314.75,383.5,149.5134,96.1574,0.6431,1,0,0,0
466,3,0,0,1,1,1,0.9888,0.981,0.8965,0.8267,1212.0,343.5,994.5,344.5,1024.0,498.5,1173.0,485.0,217.5023,149.6103,0.6879,1,0,0,0
466,3,0,1,1,1,1,0.9878,0.9805,0.8804,0.8218,804.5,361.5,620.5,351.0,644.5,513.0,757.0,486.0,184.2993,115.6946,0.6278,1,0,0,0
466,3,0,2,1,1,1,0.9893,0.9868,0.9268,0.9019,332.0,286.5,178.375,286.0,221.875,379.0,315.0,381.0,153.6258,93.1465,0.6063,1,0,0,0
467,3,0,1,1,1,1,0.9883,0.9805,0.8862,0.8228,804.0,360.0,621.5,350.5,645.5,508.0,756.0,485.0,182.7471,112.8683,0.6176,1,0,0,0
467,3,0,0,1,1,1,0.9888,0.981,0.8945,0.8271,1211.0,346.0,993.5,345.5,1024.0,497.0,1177.0,484.0,217.5006,153.5513,0.706,1,0,0,0
467,3,0,2,1,1,1,0.9897,0.9863,0.9282,0.897,329.75,286.0,179.5,284.5,221.625,380.5,311.25,383.0,150.2575,89.6599,0.5967,1,0,0,0
468,3,0,0,1,1,1,0.9888,0.9795,0.9014,0.8232,1209.0,346.0,996.0,344.0,1026.0,502.5,1172.0,487.0,213.0094,146.8205,0.6893,1,0,0,0
468,3,0,1,1,1,1,0.9863,0.9849,0.8521,0.8447,794.0,359.5,607.5,350.0,639.0,512.0,747.5,485.0,186.7418,111.809,0.5987,1,0,0,0
468,3,0,2,1,1,1,0.9907,0.9858,0.9326,0.8906,331.5,286.0,179.625,285.5,220.125,377.0,312.0,380.0,151.8758,91.924,0.6053,1,0,0,0
469,3,0,0,1,1,1,0.9893,0.9795,0.9023,0.8228,1212.0,346.0,994.0,343.0,1020.0,500.0,1177.0,484.0,218.0206,157.8132,0.7238,1,0,0,0
469,3,0,1,1,1,1,0.9883,0.9819,0.8774,0.8267,785.5,356.0,597.5,346.0,624.0,507.5,745.5,486.0,188.2658,123.3876,0.6554,1,0,0,0
469,3,0,2,1,1,1,0.9902,0.9868,0.9307,0.8999,331.0,288.0,179.5,286.0,225.875,380.0,311.75,379.0,151.5132,85.8808,0.5668,1,0,0,0
470,3,0,0,1,1,1,0.9893,0.981,0.8955,0.8174,1213.0,346.0,993.0,344.5,1018.0,498.0,1174.0,484.0,220.0051,156.6269,0.7119,1,0,0,0
470,3,0,1,1,1,1,0.9888,0.9819,0.8804,0.8257,785.0,355.0,598.0,345.5,623.5,503.5,743.0,481.5,187.2412,121.5082,0.6489,1,0,0,0
470,3,0,2,1,1,1,0.9897,0.9883,0.9238,0.9053,332.0,287.5,180.25,285.0,225.875,382.0,314.5,379.5,151.7706,88.6603,0.5842,1,0,0,0
471,3,0,0,1,1,1,0.9888,0.9795,0.9014,0.8242,1209.0,345.0,994.5,343.0,1028.0,497.0,1177.0,483.5,214.5093,149.6103,0.6975,1,0,0,0
471,3,0,1,1,1,1,0.9902,0.98,0.8975,0.8208,776.5,351.5,588.0,341.0,612.0,495.0,727.5,481.5,188.7922,116.2863,0.6159,1,0,0,0
471,3,0,2,1,1,1,0.9893,0.9878,0.9219,0.9058,332.0,287.0,180.375,285.0,218.5,381.5,317.5,380.0,151.6382,99.0114,0.6529,1,0,0,0
472,3,0,0,1,1,1,0.9888,0.979,0.9048,0.8252,1210.0,344.0,993.0,344.5,1027.0,497.0,1174.0,483.0,217.0006,147.6652,0.6805,1,0,0,0
472,3,0,1,1,1,1,0.9902,0.979,0.8965,0.8164,776.0,351.5,588.5,340.5,604.5,497.0,727.0,480.0,187.8224,123.674,0.6585,1,0,0,0
472,3,0,2,1,1,1,0.9888,0.9888,0.9146,0.9087,331.25,287.0,179.75,286.0,222.0,382.0,316.75,381.5,151.5033,94.7513,0.6254,1,0,0,0
473,3,0,0,1,1,1,0.9888,0.9805,0.8979,0.8286,1209.0,345.5,993.5,344.0,1026.0,498.5,1172.0,481.5,215.5052,146.9864,0.6821,1,0,0,0
473,3,0,1,1,1,1,0.9902,0.98,0.8936,0.8169,765.5,352.5,576.0,341.0,597.0,502.5,715.0,479.0,189.8486,120.3173,0.6338,1,0,0,0
473,3,0,2,1,1,1,0.9893,0.9883,0.918,0.9053,330.0,287.0,181.375,285.0,220.875,376.0,316.25,378.5,148.6385,95.4078,0.6419,1,0,0,0
474,3,0,0,1,1,1,0.9888,0.98,0.9004,0.8252,1209.0,345.0,993.5,343.5,1024.0,494.5,1173.0,485.5,215.5052,149.2716,0.6927,1,0,0,0
474,3,0,1,1,1,1,0.9902,0.9795,0.8936,0.8159,764.5,352.5,576.5,341.0,595.5,504.0,716.5,481.5,188.3514,123.0742,0.6534,1,0,0,0
474,3,0,2,1,1,1,0.9907,0.9888,0.9043,0.8945,331.5,287.5,179.0,284.5,217.625,379.5,316.5,377.0,152.5295,98.9066,0.6484,1,0,0,0
475,3,0,0,1,1,1,0.9888,0.9805,0.895,0.8267,1210.0,346.5,994.0,345.0,1022.5,497.0,1176.0,484.5,216.0052,154.0081,0.713,1,0,0,0
475,3,0,1,1,1,1,0.9878,0.9844,0.8926,0.8306,755.0,355.0,560.0,348.0,590.5,504.5,709.0,486.0,195.1256,119.9354,0.6147,1,0,0,0
475,3,0,2,1,1,1,0.9897,0.9868,0.9253,0.8984,331.25,288.0,181.0,287.0,221.875,382.0,316.75,383.0,150.2533,94.8803,0.6315,1,0,0,0
476,3,0,1,1,1,1,0.9868,0.9873,0.8633,0.8467,744.0,357.5,550.5,350.0,577.0,498.5,697.0,487.0,193.6453,120.5498,0.6225,1,0,0,0
476,3,0,0,1,1,1,0.9902,0.98,0.9004,0.8071,1211.0,347.5,991.0,345.5,1020.0,497.0,1178.0,484.5,220.0091,158.4937,0.7204,1,0,0,0
476,3,0,2,1,1,1,0.9888,0.9883,0.918,0.9048,330.5,290.0,182.5,285.5,222.75,382.0,317.0,385.5,148.0684,94.315,0.637,1,0,0,0
477,3,0,1,1,1,1,0.9888,0.9814,0.8838,0.8125,744.5,354.0,548.5,344.5,576.5,511.0,704.0,488.5,196.2301,129.4701,0.6598,1,0,0,0
477,3,0,0,1,1,1,0.9897,0.981,0.897,0.814,1210.0,346.5,992.0,345.5,1019.0,496.0,1176.0,484.0,218.0023,157.4579,0.7223,1,0,0,0
477,3,0,2,1,1,1,0.9888,0.9883,0.9214,0.9072,331.0,290.0,182.5,285.0,222.0,382.0,316.0,384.0,148.5842,94.0213,0.6328,1,0,0,0
478,3,0,1,1,1,1,0.9888,0.9863,0.8765,0.8335,734.0,354.5,541.5,351.0,560.0,503.0,684.0,488.0,192.5318,124.904,0.6487,1,0,0,0
478,3,0,0,1,1,1,0.9878,0.9863,0.8789,0.8369,1210.0,350.0,997.5,351.0,1016.5,493.0,1169.0,488.5,212.5024,152.5664,0.718,1,0,0,0
478,3,0,2,1,1,1,0.9893,0.9878,0.9219,0.9038,332.0,290.5,184.25,285.0,228.25,381.0,318.25,381.0,147.8523,90.0,0.6087,1,0,0,0
479,3,0,1,1,1,1,0.9902,0.9819,0.8823,0.8052,736.0,351.5,537.5,347.0,560.0,510.0,684.5,488.0,198.551,126.4288,0.6368,1,0,0,0
479,3,0,0,1,1,1,0.9893,0.9795,0.9028,0.8223,1211.0,347.0,994.0,346.5,1025.0,498.0,1171.0,481.0,217.0006,146.9864,0.6774,1,0,0,0
479,3,0,2,1,1,1,0.9888,0.9888,0.9204,0.9106,333.0,290.5,184.125,286.0,228.5,382.0,315.75,381.0,148.943,87.2557,0.5858,1,0,0,0
480,3,0,1,1,1,1,0.9897,0.9849,0.8638,0.8252,728.5,352.0,533.0,346.0,561.0,506.0,688.0,481.5,195.592,129.3416,0.6613,1,0,0,0
480,3,0,0,1,1,1,0.9873,0.9873,0.8765,0.8491,1208.0,349.0,998.5,350.5,1018.0,489.5,1171.0,486.5,209.5054,153.0294,0.7304,1,0,0,0
480,3,0,2,1,1,1,0.9878,0.9878,0.9077,0.8994,332.0,290.5,183.875,285.5,223.0,384.0,319.25,380.0,148.2094,96.3331,0.65,1,0,0,0
481,3,0,1,1,1,1,0.9897,0.9844,0.8687,0.8198,728.0,352.5,532.5,347.0,562.0,504.5,686.0,483.5,195.5774,125.7657,0.643,1,0,0,0
481,3,0,0,1,1,1,0.9893,0.9795,0.9028,0.8213,1211.0,345.0,995.0,344.5,1024.0,496.0,1169.0,483.0,216.0006,145.5816,0.674,1,0,0,0
481,3,0,2,1,1,1,0.9883,0.9863,0.9048,0.8975,333.0,291.5,183.0,285.5,227.5,386.0,318.0,381.5,150.12,90.6118,0.6036,1,0,0,0
482,3,0,0,1,1,1,0.9893,0.9805,0.9004,0.8247,1212.0,344.0,994.5,344.5,1024.0,496.5,1172.0,484.0,217.5006,148.5269,0.6829,1,0,0,0
482,3,0,1,1,1,1,0.9888,0.9858,0.8667,0.8188,721.5,348.5,526.5,347.0,553.5,507.0,691.5,489.0,195.0058,139.169,0.7137,1,0,0,0
482,3,0,2,1,1,1,0.9897,0.9878,0.9243,0.9004,332.25,289.5,185.625,285.0,222.25,382.5,319.25,381.5,146.694,97.0052,0.6613,1,0,0,0
483,3,0,1,1,1,1,0.9907,0.9824,0.875,0.8022,713.5,349.5,517.5,347.0,554.0,514.0,680.0,488.5,196.0159,128.5545,0.6558,1,0,0,0
483,3,0,0,1,1,1,0.9888,0.98,0.9004,0.8257,1210.0,345.0,993.0,343.0,1028.0,495.5,1172.0,482.0,217.0092,144.6314,0.6665,1,0,0,0
483,3,0,2,1,1,1,0.9893,0.9824,0.9048,0.8804,332.0,296.0,185.125,287.0,222.875,381.5,320.25,378.5,147.1505,97.4212,0.6621,1,0,0,0
484,3,0,0,1,1,1,0.9893,0.981,0.8975,0.8218,1211.0,344.5,994.0,343.0,1025.0,498.5,1172.0,483.5,217.0052,147.7633,0.6809,1,0,0,0
484,3,0,1,1,1,1,0.9907,0.981,0.8818,0.7959,717.5,345.5,517.0,345.0,555.0,514.0,682.5,490.0,200.5006,129.7392,0.6471,1,0,0,0
484,3,0,2,1,1,1,0.9893,0.9878,0.9189,0.9023,333.0,293.0,184.875,287.0,227.25,383.5,321.0,382.5,148.2465,93.7553,0.6324,1,0,0,0
485,3,0,0,1,1,1,0.9883,0.9785,0.9053,0.835,1209.0,346.5,998.0,342.0,1029.0,497.0,1174.0,485.5,211.048,145.4553,0.6892,1,0,0,0
485,3,0,1,1,1,1,0.9907,0.9824,0.874,0.8086,712.0,351.0,513.0,348.0,549.0,505.5,684.5,493.0,199.0226,136.0753,0.6837,1,0,0,0
485,3,0,2,1,1,1,0.9902,0.9863,0.9321,0.8994,332.0,294.0,185.375,287.0,223.25,379.5,318.5,381.0,146.792,95.2618,0.649,1,0,0,0
486,3,0,1,1,1,1,0.9907,0.9824,0.8691,0.7988,713.5,351.0,512.0,349.5,554.5,509.0,683.0,490.0,201.5056,129.8971,0.6446,1,0,0,0
486,3,0,2,1,1,1,0.9907,0.9824,0.918,0.8867,332.75,293.5,185.5,283.0,223.375,379.0,316.25,379.0,147.6239,92.875,0.6291,1,0,0,0
486,3,0,0,1,1,1,0.9878,0.9868,0.8755,0.8408,1208.0,349.5,998.5,350.0,1018.5,489.0,1164.0,488.0,209.5006,145.5034,0.6945,1,0,0,0
487,3,0,1,1,1,1,0.9907,0.9829,0.8691,0.7954,712.0,351.0,509.25,350.0,551.0,509.5,680.5,494.5,202.7525,130.3658,0.643,1,0,0,0
487,3,0,0,1,1,1,0.9888,0.9795,0.9019,0.8267,1208.0,345.5,996.5,343.0,1028.0,498.5,1171.0,481.0,211.5148,144.0668,0.6811,1,0,0,0
487,3,0,2,1,1,1,0.9893,0.9878,0.9204,0.9009,332.5,292.5,184.5,285.0,225.5,384.0,320.75,382.5,148.1899,95.2618,0.6428,1,0,0,0
488,3,0,1,1,1,1,0.9907,0.9834,0.8701,0.8057,711.5,351.0,509.0,349.0,553.0,509.0,684.0,490.5,202.5099,132.2998,0.6533,1,0,0,0
488,3,0,0,1,1,1,0.9878,0.9805,0.8975,0.8379,1209.0,346.0,997.0,343.0,1026.0,500.5,1168.0,482.0,212.0212,143.2,0.6754,1,0,0,0
488,3,0,2,1,1,1,0.9907,0.9829,0.9175,0.8887,331.5,293.5,185.75,284.0,229.125,384.0,316.75,381.0,146.0593,87.6763,0.6003,1,0,0,0
489,3,0,0,1,1,1,0.9883,0.9795,0.9004,0.8345,1210.0,345.0,996.5,343.0,1022.5,498.5,1167.0,481.5,213.5094,145.4966,0.6815,1,0,0,0
489,3,0,1,1,1,1,0.9902,0.9824,0.8716,0.8037,716.5,344.0,507.5,346.5,545.0,512.0,683.0,494.0,209.015,139.169,0.6658,1,0,0,0
489,3,0,2,1,1,1,0.9907,0.9834,0.9219,0.894,333.75,294.0,185.75,285.0,225.625,379.0,314.0,380.0,148.2734,88.3807,0.5961,1,0,0,0
490,3,0,0,1,1,1,0.9883,0.9805,0.897,0.832,1209.0,347.0,994.5,344.0,1025.0,496.0,1171.0,482.5,214.521,146.6228,0.6835,1,0,0,0
490,3,0,1,1,1,1,0.9897,0.9834,0.8643,0.8169,712.0,349.0,510.5,349.0,553.0,513.5,686.0,492.5,201.5,134.6477,0.6682,1,0,0,0
490,3,0,2,1,1,1,0.9897,0.9814,0.9116,0.877,333.0,294.0,185.125,286.0,220.25,376.0,319.0,373.5,148.0912,98.7816,0.667,1,0,0,0
491,3,0,0,1,1,1,0.9888,0.9814,0.894,0.8296,1209.0,344.0,995.5,340.5,1022.5,496.5,1169.0,483.0,213.5287,147.1207,0.689,1,0,0,0
491,3,0,1,1,1,1,0.9907,0.9829,0.8633,0.7974,713.0,347.0,509.0,348.5,551.0,514.0,683.5,490.5,204.0055,134.5678,0.6596,1,0,0,0
491,3,0,2,1,1,1,0.9893,0.9883,0.9209,0.9067,332.25,293.5,185.25,285.5,229.25,384.5,319.0,378.0,147.2175,89.9851,0.6112,1,0,0,0
492,3,0,1,1,1,1,0.9883,0.9863,0.8618,0.8276,721.0,344.5,510.5,347.5,548.0,516.0,696.0,499.5,210.5214,148.9169,0.7074,1,0,0,0
492,3,0,0,1,1,1,0.9883,0.9805,0.8984,0.833,1211.0,345.0,997.0,342.5,1027.0,495.0,1173.0,483.0,214.0146,146.4923,0.6845,1,0,0,0
492,3,0,2,1,1,1,0.9883,0.9878,0.918,0.9053,332.0,291.0,184.875,286.0,230.25,381.0,319.5,381.0,147.2099,89.25,0.6063,1,0,0,0
493,3,0,1,1,1,1,0.9907,0.9849,0.8579,0.8076,718.5,347.5,515.0,345.5,558.0,515.0,689.0,490.5,203.5098,133.2713,0.6549,1,0,0,0
493,3,0,0,1,1,1,0.9873,0.9819,0.8887,0.8457,1210.0,346.0,997.5,341.5,1030.0,495.5,1177.0,481.0,212.5476,147.7134,0.695,1,0,0,0
493,3,0,2,1,1,1,0.9878,0.9893,0.9141,0.916,331.5,291.5,184.625,287.0,226.25,381.0,319.75,378.5,146.9439,93.5334,0.6365,1,0,0,0
494,3,0,0,1,1,1,0.9883,0.9814,0.8916,0.8345,1211.0,343.0,995.5,340.5,1024.0,497.0,1177.0,480.5,215.5145,153.8871,0.714,1,0,0,0
494,3,0,1,1,1,1,0.9888,0.9858,0.8477,0.8301,723.5,350.0,520.0,347.0,557.0,518.0,691.0,493.5,203.5221,136.2213,0.6693,1,0,0,0
494,3,0,2,1,1,1,0.9888,0.9868,0.9141,0.9038,332.75,290.5,183.5,284.5,228.75,380.5,318.25,381.5,149.3706,89.5056,0.5992,1,0,0,0
495,3,0,1,1,1,1,0.9897,0.9849,0.8569,0.8232,724.5,350.5,520.0,348.0,560.5,520.0,686.5,496.0,204.5153,128.2653,0.6272,1,0,0,0
495,3,0,0,1,1,1,0.9883,0.9805,0.8979,0.8335,1211.0,344.5,994.5,344.5,1022.0,496.0,1175.0,483.5,216.5,153.5098,0.7091,1,0,0,0
495,3,0,2,1,1,1,0.9893,0.9878,0.9219,0.9033,331.25,289.5,184.375,285.0,220.125,378.0,324.0,379.0,146.9439,103.8798,0.7069,1,0,0,0
496,3,0,1,1,1,1,0.9902,0.9849,0.8633,0.8125,732.0,350.0,526.0,348.5,564.0,521.0,696.5,503.5,206.0055,133.6507,0.6488,1,0,0,0
496,3,0,0,1,1,1,0.9888,0.9819,0.8882,0.8208,1213.0,347.0,995.5,345.0,1021.5,499.5,1178.0,482.5,217.5092,157.4206,0.7237,1,0,0,0
496,3,0,2,1,1,1,0.9888,0.9868,0.9165,0.9077,332.5,291.0,182.625,285.0,232.75,387.0,313.25,383.5,149.9951,80.5761,0.5372,1,0,0,0
497,3,0,1,1,1,1,0.9883,0.9878,0.8496,0.8291,733.5,350.0,527.5,349.0,560.0,517.5,695.0,506.0,206.0024,135.4889,0.6577,1,0,0,0
497,3,0,0,1,1,1,0.9883,0.9839,0.897,0.8311,1218.0,349.0,994.0,348.0,1019.0,492.5,1170.0,483.0,224.0022,151.2985,0.6754,1,0,0,0
497,3,0,2,1,1,1,0.9888,0.9883,0.9185,0.9038,330.75,291.0,185.25,285.5,228.75,387.5,314.0,383.5,145.6039,85.3438,0.5861,1,0,0,0
498,3,0,1,1,1,1,0.9883,0.9873,0.8584,0.8369,742.5,354.5,535.0,353.0,559.0,521.0,699.0,505.5,207.5054,140.8554,0.6788,1,0,0,0
498,3,0,0,1,1,1,0.9893,0.9814,0.895,0.8276,1212.0,346.5,996.0,344.0,1022.0,496.5,1175.0,481.5,216.0145,153.7335,0.7117,1,0,0,0
498,3,0,2,1,1,1,0.9902,0.9824,0.9121,0.8809,331.75,291.0,184.5,284.0,228.875,384.0,311.5,380.0,147.4163,82.7218,0.5611,1,0,0,0
499,3,0,1,1,1,1,0.9902,0.9819,0.8799,0.8032,741.0,348.5,535.0,347.0,566.5,532.0,704.5,499.5,206.0055,141.7754,0.6882,1,0,0,0
499,3,0,0,1,1,1,0.9893,0.9844,0.896,0.8223,1218.0,346.0,992.0,347.5,1012.5,492.5,1175.0,479.5,226.005,163.0192,0.7213,1,0,0,0
499,3,0,2,1,1,1,0.9897,0.9883,0.9238,0.9058,331.0,292.0,184.375,286.5,226.0,386.0,317.5,383.5,146.7281,91.5341,0.6238,1,0,0,0
500,3,0,1,1,1,1,0.9873,0.9858,0.8716,0.8354,753.5,358.0,542.0,353.0,569.5,523.5,717.5,509.0,211.5591,148.7086,0.7029,1,0,0,0
500,3,0,0,1,1,1,0.9888,0.98,0.9028,0.8286,1213.0,344.0,998.0,341.0,1022.0,497.5,1170.0,481.5,215.0209,148.8624,0.6923,1,0,0,0
500,3,0,2,1,1,1,0.9893,0.9883,0.917,0.9004,331.0,289.5,184.0,286.0,226.25,384.5,317.25,381.0,147.0417,91.0673,0.6193,1,0,0,0
501,3,0,0,1,1,1,0.9863,0.9868,0.8716,0.8472,1214.0,352.0,1003.0,351.0,1016.5,487.5,1172.0,480.5,211.0024,155.6575,0.7377,1,0,0,0
501,3,0,1,1,1,1,0.9902,0.9824,0.8721,0.8159,750.5,355.5,543.0,352.0,590.5,521.5,718.5,500.0,207.5295,129.7931,0.6254,1,0,0,0
501,3,0,2,1,1,1,0.9902,0.9834,0.9116,0.8867,333.25,291.0,184.875,284.0,229.75,384.0,312.25,384.0,148.54,82.5,0.5554,1,0,0,0
502,3,0,1,1,1,1,0.9883,0.9873,0.8662,0.8237,769.0,352.0,549.5,350.0,585.0,513.0,719.0,500.5,219.5091,134.5818,0.6131,1,0,0,0
502,3,0,0,1,1,1,0.9878,0.9829,0.8843,0.8423,1214.0,345.5,996.5,343.0,1022.0,497.5,1176.0,481.0,217.5144,154.8814,0.7121,1,0,0,0
502,3,0,2,1,1,1,0.9888,0.9883,0.9175,0.9092,331.5,290.5,184.5,287.5,231.5,381.5,314.0,380.5,147.0306,82.5061,0.5611,1,0,0,0
503,3,0,0,1,1,1,0.9878,0.981,0.8984,0.8403,1215.0,345.0,997.0,343.0,1020.0,495.0,1178.0,478.0,218.0092,158.9119,0.7289,1,0,0,0
503,3,0,1,1,1,1,0.9902,0.9834,0.8672,0.8125,777.0,347.0,562.5,341.5,597.0,523.5,741.0,497.0,214.5705,146.4181,0.6824,1,0,0,0
503,3,0,2,1,1,1,0.9907,0.9868,0.9331,0.8989,330.5,289.0,184.75,286.0,222.25,379.0,317.25,380.5,145.7809,95.0118,0.6517,1,0,0,0
504,3,0,0,1,1,1,0.9868,0.9819,0.8901,0.8496,1215.0,345.0,998.0,342.0,1023.0,493.0,1179.0,481.0,217.0207,156.4609,0.7209,1,0,0,0
504,3,0,1,1,1,1,0.9897,0.9829,0.8691,0.8164,777.0,347.5,562.5,342.0,596.0,525.0,738.5,495.5,214.5705,145.5215,0.6782,1,0,0,0
504,3,0,2,1,1,1,0.9897,0.9878,0.9209,0.9121,332.0,290.0,183.75,285.0,228.625,384.0,316.25,383.0,148.3343,87.6307,0.5908,1,0,0,0
505,3,0,0,1,1,1,0.9888,0.9819,0.8926,0.8301,1216.0,344.0,995.0,341.5,1025.0,497.0,1172.0,479.0,221.0141,148.0979,0.6701,1,0,0,0
505,3,0,1,1,1,1,0.9854,0.9897,0.8438,0.8457,801.5,351.5,575.0,343.0,590.0,509.0,747.0,491.0,226.6594,158.0285,0.6972,1,0,0,0
505,3,0,2,1,1,1,0.9883,0.9883,0.917,0.9121,330.5,291.0,183.75,285.5,224.25,385.5,320.5,382.5,146.853,96.2967,0.6557,1,0,0,0
506,3,0,0,1,1,1,0.9888,0.9819,0.8931,0.8291,1216.0,345.0,995.5,344.0,1025.0,497.5,1173.0,480.0,220.5023,149.031,0.6759,1,0,0,0
506,3,0,1,1,1,1,0.9902,0.9829,0.8745,0.8081,792.0,349.5,575.0,340.0,605.5,525.0,748.0,490.5,217.2078,146.6168,0.675,1,0,0,0
506,3,0,2,1,1,1,0.9888,0.9888,0.9194,0.9097,330.0,290.0,182.75,285.5,226.0,383.0,315.5,382.5,147.3187,89.5014,0.6075,1,0,0,0
507,3,0,0,1,1,1,0.9878,0.9805,0.897,0.8403,1214.0,346.0,996.5,342.0,1025.0,499.0,1176.0,478.5,217.5368,152.3852,0.7005,1,0,0,0
507,3,0,1,1,1,1,0.9907,0.9849,0.8638,0.8018,808.0,350.0,584.5,337.5,617.0,531.5,751.5,498.0,223.8493,138.6092,0.6192,1,0,0,0
507,3,0,2,1,1,1,0.9888,0.9878,0.9214,0.9033,331.0,289.0,182.5,286.0,220.125,382.5,320.75,380.0,148.5303,100.6561,0.6777,1,0,0,0
508,3,0,1,1,1,1,0.9883,0.9883,0.8501,0.8247,806.5,351.0,585.5,338.5,615.0,520.5,750.0,499.5,221.3532,136.6236,0.6172,1,0,0,0
508,3,0,0,1,1,1,0.9878,0.9819,0.8906,0.8394,1213.0,345.0,996.0,342.5,1026.0,499.5,1176.0,478.0,217.0144,151.533,0.6983,1,0,0,0
508,3,0,2,1,1,1,0.9897,0.9868,0.9287,0.8984,329.75,290.0,182.0,287.0,221.5,379.0,319.0,380.0,147.7805,97.5051,0.6598,1,0,0,0
509,3,0,1,1,1,1,0.9873,0.9888,0.8398,0.8389,816.0,354.5,603.5,341.5,620.5,522.5,749.5,504.5,212.8973,130.2498,0.6118,1,0,0,0
509,3,0,0,1,1,1,0.9888,0.9834,0.9014,0.8311,1219.0,346.5,995.5,345.0,1022.5,490.0,1165.0,479.5,223.505,142.8863,0.6393,1,0,0,0
509,3,0,2,1,1,1,0.9873,0.9883,0.9062,0.9155,332.0,290.5,181.75,286.0,228.625,382.5,312.5,384.5,150.3174,83.8988,0.5581,1,0,0,0
510,3,0,0,1,1,1,0.9878,0.9814,0.8892,0.8354,1213.0,344.5,997.0,340.5,1029.0,495.5,1172.0,483.0,216.037,143.5453,0.6644,1,0,0,0
510,3,0,1,1,1,1,0.9854,0.9897,0.8335,0.8584,817.0,358.0,605.0,343.0,620.5,524.0,756.0,505.0,212.53,136.8256,0.6438,1,0,0,0
510,3,0,2,1,1,1,0.9893,0.9873,0.915,0.9048,330.75,290.0,181.75,286.0,225.0,382.0,311.25,383.5,149.0537,86.263,0.5787,1,0,0,0
511,3,0,0,1,1,1,0.9893,0.9814,0.8921,0.8198,1214.0,344.5,996.0,342.0,1022.0,498.0,1175.0,481.0,218.0143,153.9415,0.7061,1,0,0,0
511,3,0,1,1,1,1,0.9873,0.9893,0.8374,0.8379,826.0,356.0,611.0,341.5,632.0,529.5,751.0,512.0,215.4884,120.2799,0.5582,1,0,0,0
511,3,0,2,1,1,1,0.9893,0.9878,0.9229,0.9033,330.5,289.0,182.75,286.5,225.75,378.5,319.5,380.0,147.7711,93.762,0.6345,1,0,0,0
512,3,0,0,1,1,1,0.9868,0.9814,0.8901,0.8496,1215.0,346.0,999.5,343.0,1028.0,499.0,1174.0,479.0,215.5209,147.3635,0.6838,1,0,0,0
512,3,0,1,1,1,1,0.9897,0.9844,0.8721,0.8047,835.5,354.0,614.5,333.5,639.0,539.0,768.0,510.0,221.9488,132.2195,0.5957,1,0,0,0
512,3,0,2,1,1,1,0.9897,0.9868,0.9224,0.8926,329.25,289.0,182.5,288.0,221.0,382.5,318.25,383.0,146.7534,97.2513,0.6627,1,0,0,0
513,3,0,0,1,1,1,0.9897,0.9834,0.875,0.8364,1216.0,344.5,999.5,340.5,1032.0,495.0,1181.0,475.5,216.5369,150.2706,0.694,1,0,0,0
513,3,0,1,1,1,1,0.9878,0.9878,0.8569,0.8237,835.0,357.5,613.5,338.0,634.0,534.0,765.0,515.0,222.3567,132.3707,0.5953,1,0,0,0
513,3,0,2,1,1,1,0.9897,0.9873,0.9233,0.895,328.75,288.0,182.375,286.5,219.875,381.5,317.25,384.0,146.3827,97.4071,0.6654,1,0,0,0
514,3,0,1,1,1,1,0.9878,0.9897,0.8423,0.8296,845.0,356.0,618.0,336.5,627.5,529.0,772.5,511.0,227.836,146.113,0.6413,1,0,0,0
514,3,0,0,1,1,1,0.9873,0.9834,0.8804,0.8408,1216.0,346.0,995.5,343.5,1024.0,494.0,1176.0,480.5,220.5142,152.5983,0.692,1,0,0,0
514,3,0,2,1,1,1,0.9888,0.9878,0.9165,0.9033,330.5,290.0,181.0,287.5,220.625,380.0,319.25,379.0,149.5209,98.6301,0.6596,1,0,0,0
515,3,0,0,1,1,1,0.9888,0.9824,0.8794,0.8477,1215.0,345.5,1002.0,340.0,1032.0,496.5,1178.0,478.5,213.071,147.1054,0.6904,1,0,0,0
515,3,0,1,1,1,1,0.9922,0.9819,0.8818,0.7925,842.5,355.0,618.5,336.5,646.5,545.0,780.0,504.0,224.7627,139.654,0.6213,1,0,0,0
515,3,0,2,1,1,1,0.9873,0.9883,0.9062,0.9038,328.5,290.0,181.75,287.0,224.875,379.0,314.25,382.0,146.7807,89.4253,0.6092,1,0,0,0
516,3,0,0,1,1,1,0.9878,0.9819,0.8906,0.8418,1215.0,345.0,997.0,342.0,1026.0,499.0,1172.0,477.5,218.0206,147.5746,0.6769,1,0,0,0
516,3,0,1,1,1,1,0.9863,0.9907,0.8306,0.8516,850.0,354.0,625.0,336.5,635.0,533.0,767.0,518.5,225.6795,132.794,0.5884,1,0,0,0
516,3,0,2,1,1,1,0.9893,0.9878,0.918,0.9004,329.0,290.0,181.625,286.0,221.375,383.5,316.75,384.0,147.4293,95.3763,0.6469,1,0,0,0
517,3,0,0,1,1,1,0.9888,0.9814,0.895,0.8257,1216.0,346.0,996.0,342.5,1024.0,494.5,1171.0,483.0,220.0278,147.4491,0.6701,1,0,0,0
517,3,0,1,1,1,1,0.9917,0.9829,0.8726,0.7915,850.5,355.5,621.5,334.0,653.0,545.5,782.5,508.0,230.0071,134.8203,0.5862,1,0,0,0
517,3,0,2,1,1,1,0.9888,0.9883,0.916,0.9038,330.25,291.0,180.75,289.0,221.625,380.0,317.75,385.0,149.5134,96.255,0.6438,1,0,0,0
518,3,0,0,1,1,1,0.9878,0.9819,0.8882,0.8408,1216.0,343.0,996.5,339.5,1027.0,494.5,1179.0,479.5,219.5279,152.7383,0.6958,1,0,0,0
518,3,0,1,1,1,1,0.9868,0.9897,0.8428,0.835,854.0,354.5,621.5,335.0,630.0,528.5,775.0,517.0,233.3163,145.4553,0.6234,1,0,0,0
518,3,0,2,1,1,1,0.9883,0.9878,0.916,0.9048,330.0,290.5,180.75,288.0,222.5,382.0,314.5,386.5,149.2709,92.11,0.6171,1,0,0,0
519,3,0,0,1,1,1,0.9878,0.9819,0.8911,0.8379,1215.0,344.0,994.5,342.0,1026.0,495.5,1179.0,483.5,220.5091,153.4699,0.696,1,0,0,0
519,3,0,1,1,1,1,0.9873,0.9897,0.8418,0.8296,855.5,354.0,619.0,334.5,629.0,537.5,780.5,521.0,237.3025,152.3959,0.6422,1,0,0,0
519,3,0,2,1,1,1,0.9888,0.9888,0.9175,0.9087,328.25,290.0,182.0,288.0,223.75,381.5,315.25,385.0,146.2637,91.5669,0.626,1,0,0,0
520,3,0,0,1,1,1,0.9883,0.981,0.894,0.8296,1213.0,345.5,994.5,343.5,1026.0,494.5,1178.0,482.5,218.5092,152.4729,0.6978,1,0,0,0
520,3,0,1,1,1,1,0.9878,0.9897,0.835,0.8228,855.0,354.5,618.5,334.0,630.5,537.0,780.5,519.5,237.3868,151.0174,0.6362,1,0,0,0
520,3,0,2,1,1,1,0.9888,0.9888,0.916,0.9087,329.5,291.5,182.375,289.5,225.0,381.0,317.0,382.0,147.1386,92.0054,0.6253,1,0,0,0
521,3,0,0,1,1,1,0.9878,0.9819,0.8872,0.8389,1215.0,347.0,997.0,343.0,1030.0,497.5,1177.0,482.5,218.0367,147.7633,0.6777,1,0,0,0
521,3,0,2,1,1,1,0.9883,0.9893,0.9116,0.9087,328.75,289.0,181.375,286.0,223.875,385.0,314.0,385.0,147.4055,90.125,0.6114,1,0,0,0
521,3,0,1,1,1,1,0.9863,0.9902,0.8345,0.8501,851.0,356.0,622.0,333.5,628.5,533.0,769.5,523.5,230.1027,141.3197,0.6142,1,0,0,0
522,3,0,0,1,1,1,0.9883,0.9814,0.896,0.8374,1213.0,345.0,999.5,342.0,1029.0,495.5,1177.0,483.0,213.5211,148.5269,0.6956,1,0,0,0
522,3,0,2,1,1,1,0.9893,0.9883,0.9194,0.9048,330.0,291.0,182.375,286.5,224.75,383.0,315.25,385.0,147.6936,90.5221,0.6129,1,0,0,0
522,3,0,1,1,1,1,0.9868,0.9902,0.8296,0.8315,853.0,354.0,619.0,332.5,620.5,539.0,782.0,525.0,234.9856,162.1057,0.6899,1,0,0,0
523,3,0,0,1,1,1,0.9878,0.9824,0.8882,0.8413,1215.0,344.0,997.5,341.0,1027.0,496.0,1181.0,479.5,217.5207,154.8814,0.712,1,0,0,0
523,3,0,1,1,1,1,0.9863,0.9897,0.8394,0.8516,844.5,353.0,620.5,332.5,624.0,538.5,765.5,526.0,224.9361,142.051,0.6315,1,0,0,0
523,3,0,2,1,1,1,0.9888,0.9863,0.9092,0.8975,330.25,290.0,179.5,287.0,225.875,382.0,315.0,382.5,150.7798,89.1264,0.5911,1,0,0,0
524,3,0,1,1,1,1,0.9854,0.9893,0.8311,0.8403,847.5,353.5,616.0,333.5,624.0,540.0,787.0,527.0,232.3623,163.5176,0.7037,1,0,0,0
524,3,0,0,1,1,1,0.9883,0.9819,0.8926,0.8359,1215.0,344.0,998.0,341.5,1026.0,497.0,1179.0,481.0,217.0144,153.8343,0.7089,1,0,0,0
524,3,0,2,1,1,1,0.9883,0.9878,0.9058,0.9062,330.0,290.5,179.25,286.5,225.625,381.0,316.0,383.5,150.8031,90.4096,0.5995,1,0,0,0
525,3,0,0,1,1,1,0.9873,0.9824,0.8877,0.8428,1214.0,345.0,998.0,340.5,1025.0,495.5,1171.0,481.0,216.0469,146.7183,0.6791,1,0,0,0
525,3,0,1,1,1,1,0.9917,0.981,0.8779,0.7959,838.0,351.5,609.0,327.5,644.5,556.0,778.5,522.0,230.2542,138.2462,0.6004,1,0,0,0
525,3,0,2,1,1,1,0.9888,0.9897,0.915,0.9121,329.75,288.0,180.625,287.0,220.75,381.5,316.0,384.5,149.1284,95.2972,0.639,1,0,0,0
526,3,0,0,1,1,1,0.9873,0.9814,0.8926,0.8457,1214.0,343.5,997.5,341.0,1027.0,495.0,1174.0,482.0,216.5144,147.5737,0.6816,1,0,0,0
526,3,0,1,1,1,1,0.9863,0.9883,0.8472,0.8408,836.5,350.5,612.0,332.5,620.0,540.5,780.0,522.0,225.2204,161.066,0.7151,1,0,0,0
526,3,0,2,1,1,1,0.9888,0.9888,0.916,0.9072,330.5,289.5,181.0,287.5,216.5,379.5,317.5,382.0,149.5134,101.0309,0.6757,1,0,0,0
527,3,0,0,1,1,1,0.9878,0.9819,0.8901,0.8418,1214.0,344.0,998.5,341.5,1029.0,495.0,1180.0,479.5,215.5145,151.7934,0.7043,1,0,0,0
527,3,0,1,1,1,1,0.9858,0.9888,0.8428,0.8428,827.0,352.0,602.0,337.5,615.5,539.5,777.5,523.5,225.4667,162.7882,0.722,1,0,0,0
527,3,0,2,1,1,1,0.9897,0.9878,0.9253,0.9053,329.25,290.0,180.625,288.0,219.375,380.5,315.0,383.0,148.6385,95.6577,0.6436,1,0,0,0
528,3,0,0,1,1,1,0.9878,0.98,0.8989,0.8403,1212.0,345.5,1000.0,341.0,1032.0,500.0,1173.0,482.5,212.0478,142.0818,0.67,1,0,0,0
528,3,0,1,1,1,1,0.9873,0.9897,0.8306,0.8315,817.0,356.5,587.5,340.0,605.5,546.5,765.5,522.5,230.0924,161.79,0.7032,1,0,0,0
528,3,0,2,1,1,1,0.9902,0.9883,0.9238,0.9014,328.25,290.0,181.125,287.0,221.625,378.0,315.25,382.5,147.1556,93.7331,0.637,1,0,0,0
529,3,0,0,1,1,1,0.9878,0.9814,0.894,0.8418,1214.0,344.5,1000.5,340.0,1028.0,497.5,1178.0,478.0,213.5474,151.2622,0.7083,1,0,0,0
529,3,0,1,1,1,1,0.9883,0.9858,0.8423,0.8203,817.0,354.0,589.0,337.5,621.5,560.5,772.0,519.5,228.5963,155.9848,0.6824,1,0,0,0
529,3,0,2,1,1,1,0.9893,0.9883,0.9209,0.9048,327.5,290.0,182.0,287.5,224.25,381.5,319.0,383.0,145.5215,94.7619,0.6512,1,0,0,0
530,3,0,0,1,1,1,0.9878,0.981,0.894,0.8354,1214.0,344.5,996.5,342.0,1022.5,498.0,1172.0,482.0,217.5144,150.3537,0.6912,1,0,0,0
530,3,0,1,1,1,1,0.9868,0.9883,0.8354,0.8325,806.5,354.5,575.0,341.0,600.5,547.5,759.5,522.0,231.8933,161.0318,0.6944,1,0,0,0
530,3,0,2,1,1,1,0.9897,0.9893,0.9243,0.9126,328.0,288.0,181.75,286.0,220.5,377.5,316.75,379.5,146.2637,96.2708,0.6582,1,0,0,0
531,3,0,0,1,1,1,0.9888,0.98,0.9028,0.834,1212.0,345.5,998.0,341.5,1025.0,495.5,1173.0,479.5,214.0374,148.8624,0.6955,1,0,0,0
531,3,0,1,1,1,1,0.9854,0.9897,0.8223,0.8511,806.0,357.0,575.5,343.0,606.0,551.5,757.5,526.5,230.9248,153.5489,0.6649,1,0,0,0
531,3,0,2,1,1,1,0.9902,0.9888,0.9272,0.9121,329.0,289.0,181.75,287.0,218.0,378.0,316.5,379.0,147.2636,98.5051,0.6689,1,0,0,0
532,3,0,1,1,1,1,0.9888,0.9858,0.8447,0.832,800.0,351.0,559.5,338.0,607.5,559.5,742.0,519.0,240.8511,140.4653,0.5832,1,0,0,0
532,3,0,0,1,1,1,0.9883,0.98,0.9004,0.8325,1214.0,346.0,997.0,344.5,1031.0,496.5,1174.0,481.0,217.0052,143.8376,0.6628,1,0,0,0
532,3,0,2,1,1,1,0.9888,0.9873,0.9204,0.9004,330.5,293.0,182.5,289.5,221.5,381.0,316.5,379.0,148.0414,95.0211,0.6419,1,0,0,0
533,3,0,0,1,1,1,0.9888,0.98,0.9019,0.8296,1213.0,346.0,999.0,342.0,1027.0,497.5,1173.0,484.0,214.0374,146.6228,0.685,1,0,0,0
533,3,0,1,1,1,1,0.9888,0.9858,0.8447,0.8291,798.5,348.0,561.0,336.0,607.5,557.0,743.5,522.0,237.803,140.4315,0.5905,1,0,0,0
533,3,0,2,1,1,1,0.9893,0.9888,0.9175,0.9067,328.5,290.5,181.0,287.5,222.125,378.5,317.25,379.5,147.5305,95.1303,0.6448,1,0,0,0
534,3,0,0,1,1,1,0.9873,0.9814,0.8931,0.8418,1213.0,344.0,998.0,341.5,1030.0,494.5,1177.0,486.0,215.0145,147.2455,0.6848,1,0,0,0
534,3,0,1,1,1,1,0.9854,0.9897,0.8291,0.8521,790.0,352.5,555.0,343.0,569.5,546.0,711.5,522.0,235.1919,144.0139,0.6123,1,0,0,0
534,3,0,2,1,1,1,0.9897,0.9888,0.9243,0.9072,329.75,289.0,183.0,287.5,222.625,376.5,318.0,376.5,146.7577,95.375,0.6499,1,0,0,0
535,3,0,1,1,1,1,0.9858,0.9897,0.8394,0.8604,787.0,351.0,555.0,342.5,575.0,545.0,708.0,522.0,232.1557,134.9741,0.5814,1,0,0,0
535,3,0,0,1,1,1,0.9878,0.9814,0.8926,0.8374,1213.0,345.0,997.5,342.0,1025.0,498.5,1180.0,483.5,215.5209,155.7241,0.7225,1,0,0,0
535,3,0,2,1,1,1,0.9902,0.9883,0.9258,0.9038,329.5,288.0,182.375,286.5,222.5,376.5,315.75,379.5,147.1326,93.2982,0.6341,1,0,0,0
536,3,0,1,1,1,1,0.9917,0.9834,0.8638,0.7905,782.0,348.5,536.0,338.0,592.0,560.0,717.0,518.0,246.224,131.8674,0.5356,1,0,0,0
536,3,0,0,1,1,1,0.9873,0.9819,0.8901,0.8442,1213.0,343.5,998.5,341.0,1031.0,498.0,1179.0,478.5,214.5146,149.2791,0.6959,1,0,0,0
536,3,0,2,1,1,1,0.9888,0.9888,0.916,0.9087,330.25,290.0,182.875,288.0,225.5,382.0,316.0,382.5,147.3886,90.5014,0.614,1,0,0,0
537,3,0,0,1,1,1,0.9878,0.9824,0.8862,0.8359,1215.0,345.0,997.5,342.0,1028.0,497.0,1177.0,479.5,217.5207,150.0242,0.6897,1,0,0,0
537,3,0,1,1,1,1,0.9912,0.9834,0.8613,0.7979,779.0,347.0,539.5,335.0,592.5,563.0,720.0,520.0,239.8004,134.5558,0.5611,1,0,0,0
537,3,0,2,1,1,1,0.9888,0.9888,0.9189,0.9097,330.25,289.5,183.375,288.0,226.5,379.0,312.75,380.0,146.8827,86.2558,0.5872,1,0,0,0
538,3,0,0,1,1,1,0.9883,0.9819,0.8926,0.8345,1215.0,344.5,998.0,341.0,1022.0,497.5,1181.0,480.5,217.0282,159.9062,0.7368,1,0,0,0
538,3,0,1,1,1,1,0.9878,0.9897,0.8442,0.8364,769.0,348.5,533.0,338.0,556.0,544.0,691.0,527.0,236.2335,136.0662,0.576,1,0,0,0
538,3,0,2,1,1,1,0.9897,0.9829,0.9072,0.8833,331.0,292.0,183.25,285.0,229.25,380.0,312.0,381.0,147.9157,82.756,0.5595,1,0,0,0
539,3,0,0,1,1,1,0.9888,0.9814,0.8945,0.8257,1213.0,345.0,997.5,343.5,1021.0,497.5,1178.0,484.0,215.5052,157.5793,0.7312,1,0,0,0
539,3,0,1,1,1,1,0.9883,0.9893,0.8496,0.8418,770.0,350.5,533.0,340.5,557.0,544.0,684.0,526.0,237.2109,128.2692,0.5407,1,0,0,0
539,3,0,2,1,1,1,0.9897,0.9839,0.9106,0.8931,329.75,290.0,183.625,284.5,233.125,378.5,310.25,382.5,146.2285,77.2287,0.5281,1,0,0,0
540,3,0,0,1,1,1,0.9873,0.9814,0.8916,0.8457,1212.0,347.0,999.0,341.0,1033.0,497.5,1177.0,482.5,213.0845,144.7791,0.6794,1,0,0,0
540,3,0,2,1,1,1,0.9897,0.9854,0.9194,0.8955,330.0,291.0,180.0,288.5,224.0,376.5,313.0,377.0,150.0208,89.0014,0.5933,1,0,0,0
540,3,0,1,1,1,1,0.9883,0.9878,0.854,0.8242,762.0,348.0,522.5,336.0,557.5,546.0,702.0,523.0,239.8004,146.319,0.6102,1,0,0,0
541,3,0,0,1,1,1,0.9883,0.9805,0.895,0.8345,1213.0,346.5,997.0,343.0,1027.0,498.5,1176.0,482.0,216.0284,149.9108,0.6939,1,0,0,0
541,3,0,1,1,1,1,0.9883,0.9888,0.8438,0.8242,759.0,348.0,516.5,335.0,552.0,552.0,699.0,525.5,242.8482,149.3695,0.6151,1,0,0,0
541,3,0,2,1,1,1,0.9893,0.9873,0.9214,0.9004,331.0,290.5,182.25,289.5,224.75,377.0,319.75,376.0,148.7534,95.0053,0.6387,1,0,0,0
542,3,0,0,1,1,1,0.9878,0.981,0.8931,0.8384,1213.0,345.0,1001.0,339.5,1031.0,499.0,1181.0,479.0,212.0713,151.3275,0.7136,1,0,0,0
542,3,0,1,1,1,1,0.9883,0.9883,0.8438,0.8218,756.5,347.0,516.0,334.5,552.0,551.0,695.5,521.0,240.8246,146.6024,0.6088,1,0,0,0
542,3,0,2,1,1,1,0.9897,0.9863,0.9194,0.9014,331.25,290.0,180.875,287.0,225.25,377.5,313.25,377.0,150.4049,88.0014,0.5851,1,0,0,0
543,3,0,0,1,1,1,0.9883,0.9805,0.8989,0.834,1212.0,345.5,999.5,342.0,1027.0,496.5,1177.0,479.0,212.5288,151.0174,0.7106,1,0,0,0
543,3,0,1,1,1,1,0.9863,0.9893,0.8291,0.8398,755.0,343.5,510.25,333.5,551.5,552.0,700.5,525.5,244.9542,151.3382,0.6178,1,0,0,0
543,3,0,2,1,1,1,0.9907,0.9883,0.9102,0.894,329.5,288.0,183.875,287.0,222.875,380.5,319.5,379.0,145.6284,96.6366,0.6636,1,0,0,0
544,3,0,0,1,1,1,0.9888,0.9795,0.9014,0.8301,1212.0,347.0,999.0,342.0,1027.0,498.5,1175.0,480.5,213.0587,149.0906,0.6998,1,0,0,0
544,3,0,1,1,1,1,0.9863,0.9902,0.8218,0.8599,752.0,347.0,511.0,334.5,546.5,556.5,692.5,523.0,241.324,149.794,0.6207,1,0,0,0
544,3,0,2,1,1,1,0.9883,0.9863,0.9092,0.9004,329.5,288.5,182.75,286.0,229.5,380.5,315.0,379.5,146.7713,85.5058,0.5826,1,0,0,0
545,3,0,1,1,1,1,0.9878,0.9883,0.8423,0.8242,748.0,343.0,508.5,335.5,551.5,552.0,700.5,522.5,239.6174,151.8922,0.6339,1,0,0,0
545,3,0,0,1,1,1,0.9873,0.9814,0.894,0.8438,1213.0,344.0,1000.0,341.0,1029.0,495.5,1178.0,477.5,213.0211,150.0833,0.7045,1,0,0,0
545,3,0,2,1,1,1,0.9897,0.9873,0.9238,0.9004,329.75,288.0,183.5,287.5,221.875,378.5,321.0,374.5,146.2509,99.2057,0.6783,1,0,0,0
546,3,0,0,1,1,1,0.9868,0.9824,0.8857,0.8452,1215.0,347.0,1001.0,342.0,1029.0,493.5,1179.0,479.0,214.0584,150.6992,0.704,1,0,0,0
546,3,0,1,1,1,1,0.9878,0.9893,0.833,0.8325,749.0,343.5,508.0,334.0,544.5,547.5,707.0,518.5,241.1872,165.0674,0.6844,1,0,0,0
546,3,0,2,1,1,1,0.9897,0.9849,0.9224,0.8921,330.25,287.5,182.75,287.0,226.375,381.5,314.5,380.0,147.5008,88.1378,0.5975,1,0,0,0
547,3,0,0,1,1,1,0.9868,0.9814,0.8906,0.8467,1211.0,345.5,1000.0,342.0,1027.0,496.5,1179.0,481.5,211.029,152.7383,0.7238,1,0,0,0
547,3,0,1,1,1,1,0.9868,0.9883,0.8438,0.8359,749.0,342.5,503.25,337.0,556.0,550.0,698.5,520.0,245.8115,145.6237,0.5924,1,0,0,0
547,3,0,2,1,1,1,0.9912,0.9819,0.9175,0.8755,331.5,290.5,183.875,286.5,226.75,377.5,313.25,379.5,147.6792,86.5231,0.5859,1,0,0,0
548,3,0,0,1,1,1,0.9878,0.9805,0.8994,0.8428,1212.0,345.0,1000.5,342.0,1031.0,494.0,1174.0,479.0,211.5213,143.7846,0.6798,1,0,0,0
548,3,0,1,1,1,1,0.9878,0.9897,0.8252,0.8237,749.0,343.0,501.75,338.0,545.0,550.0,707.0,524.0,247.3006,164.0732,0.6635,1,0,0,0
548,3,0,2,1,1,1,0.9893,0.9878,0.9233,0.9058,331.5,288.0,184.5,286.0,226.5,379.5,320.5,378.5,147.0136,94.0053,0.6394,1,0,0,0
549,3,0,0,1,1,1,0.9883,0.98,0.9019,0.8369,1212.0,345.5,999.5,342.5,1028.0,497.0,1177.0,480.0,212.5212,149.9667,0.7057,1,0,0,0
549,3,0,1,1,1,1,0.9873,0.9897,0.814,0.8257,748.0,343.0,498.25,336.0,545.5,550.0,704.5,522.0,249.8481,161.4466,0.6462,1,0,0,0
549,3,0,2,1,1,1,0.9902,0.9868,0.9302,0.8965,330.5,289.0,183.875,287.0,223.375,377.0,318.0,375.5,146.6386,94.6369,0.6454,1,0,0,0
550,3,0,0,1,1,1,0.9873,0.9819,0.8901,0.8438,1212.0,346.5,999.0,343.0,1025.0,493.5,1177.0,482.0,213.0288,152.4344,0.7156,1,0,0,0
550,3,0,1,1,1,1,0.9878,0.9897,0.8208,0.8193,747.5,342.5,500.0,336.5,539.5,554.5,708.5,527.0,247.5727,171.2228,0.6916,1,0,0,0
550,3,0,2,1,1,1,0.9902,0.9839,0.9116,0.8882,331.5,290.0,183.375,285.0,229.875,379.0,312.75,381.0,148.2094,82.8991,0.5593,1,0,0,0
551,3,0,0,1,1,1,0.9873,0.981,0.8931,0.8442,1211.0,347.5,1000.0,342.5,1029.0,501.0,1174.0,484.0,211.0592,145.9932,0.6917,1,0,0,0
551,3,0,1,1,1,1,0.9878,0.9893,0.8296,0.8232,748.0,341.5,499.25,335.5,543.5,554.0,697.5,525.0,248.8224,156.7067,0.6298,1,0,0,0
551,3,0,2,1,1,1,0.9888,0.9873,0.9126,0.9067,330.75,288.5,184.625,286.0,231.875,380.0,315.25,379.5,146.1464,83.3765,0.5705,1,0,0,0
552,3,0,1,1,1,1,0.9873,0.9888,0.8301,0.8276,747.0,343.0,499.25,334.5,543.0,547.5,699.5,523.5,247.8958,158.3296,0.6387,1,0,0,0
552,3,0,0,1,1,1,0.9868,0.9819,0.8921,0.8535,1212.0,345.0,1001.0,341.0,1024.0,497.0,1174.0,481.0,211.0379,150.8509,0.7148,1,0,0,0
552,3,0,2,1,1,1,0.9912,0.9814,0.918,0.877,331.75,290.5,183.25,285.0,225.375,380.0,316.25,377.5,148.6018,90.9094,0.6118,1,0,0,0
553,3,0,1,1,1,1,0.9863,0.9873,0.8613,0.8442,753.0,339.5,500.5,334.0,537.5,549.0,697.5,527.5,252.5599,161.4381,0.6392,1,0,0,0
553,3,0,0,1,1,1,0.9878,0.9814,0.8916,0.8384,1212.0,346.0,998.0,342.0,1027.0,501.5,1178.0,487.0,214.0374,151.6946,0.7087,1,0,0,0
553,3,0,2,1,1,1,0.9897,0.9844,0.9023,0.8901,331.5,289.0,182.0,285.0,225.5,383.0,314.75,383.0,149.5535,89.25,0.5968,1,0,0,0
554,3,0,0,1,1,1,0.9873,0.9824,0.8872,0.8447,1211.0,344.0,999.5,341.0,1026.0,501.5,1179.0,488.0,211.5213,153.5944,0.7261,1,0,0,0
554,3,0,1,1,1,1,0.9868,0.9888,0.8262,0.8296,749.0,345.0,500.5,336.5,543.0,552.0,704.0,525.5,248.6453,163.1663,0.6562,1,0,0,0
554,3,0,2,1,1,1,0.9897,0.9868,0.9189,0.9014,332.5,289.0,183.75,285.0,217.875,378.0,317.75,376.0,148.8038,99.895,0.6713,1,0,0,0
555,3,0,0,1,1,1,0.9883,0.981,0.8936,0.8335,1214.0,345.0,1000.5,340.0,1028.0,497.0,1178.0,486.5,213.5585,150.3671,0.7041,1,0,0,0
555,3,0,1,1,1,1,0.9902,0.9814,0.8442,0.7939,747.5,344.0,501.25,333.0,560.0,556.5,702.0,513.5,246.4956,148.3678,0.6019,1,0,0,0
555,3,0,2,1,1,1,0.9907,0.9883,0.9097,0.8931,330.5,288.0,185.75,285.0,228.375,380.0,317.25,376.5,144.7811,88.9439,0.6143,1,0,0,0
556,3,0,0,1,1,1,0.9878,0.9805,0.8979,0.8418,1212.0,347.0,1000.0,343.0,1033.0,498.0,1175.0,487.0,212.0377,142.4254,0.6717,1,0,0,0
556,3,0,1,1,1,1,0.9873,0.9893,0.8271,0.8228,749.0,344.5,500.0,338.0,537.0,547.5,698.5,528.0,249.0848,162.673,0.6531,1,0,0,0
556,3,0,2,1,1,1,0.9902,0.9873,0.9272,0.8999,331.5,290.0,185.875,287.5,228.75,379.5,318.75,376.5,145.6465,90.05,0.6183,1,0,0,0
557,3,0,1,1,1,1,0.9868,0.9888,0.8291,0.8296,748.0,343.0,500.75,338.0,540.5,542.0,708.5,522.5,247.3006,169.1279,0.6839,1,0,0,0
557,3,0,0,1,1,1,0.9883,0.981,0.8955,0.8369,1215.0,345.0,1000.0,342.0,1028.0,498.5,1176.0,482.5,215.0209,148.8624,0.6923,1,0,0,0
557,3,0,2,1,1,1,0.9902,0.9834,0.915,0.8936,332.75,291.0,185.875,286.0,230.5,382.5,312.75,380.5,146.9601,82.2743,0.5598,1,0,0,0
558,3,0,0,1,1,1,0.9888,0.9839,0.9004,0.8311,1218.0,346.0,997.0,346.5,1022.0,491.0,1174.0,483.0,221.0006,152.2104,0.6887,1,0,0,0
558,3,0,1,1,1,1,0.9868,0.9902,0.8184,0.8438,748.0,345.5,498.75,339.5,534.5,552.0,693.5,524.0,249.3222,161.4466,0.6475,1,0,0,0
558,3,0,2,1,1,1,0.9893,0.9888,0.9214,0.9116,331.75,291.0,186.875,288.5,226.5,378.0,319.75,376.0,144.8966,93.2714,0.6437,1,0,0,0
559,3,0,0,1,1,1,0.9883,0.9814,0.895,0.8345,1214.0,345.5,998.0,342.5,1025.0,496.5,1175.0,483.0,216.0208,150.6063,0.6972,1,0,0,0
559,3,0,1,1,1,1,0.9863,0.9893,0.8232,0.8369,748.0,342.0,499.5,336.0,547.5,553.5,710.0,529.0,248.5724,164.3365,0.6611,1,0,0,0
559,3,0,2,1,1,1,0.9907,0.9883,0.9111,0.896,331.0,290.0,184.75,287.0,225.125,377.5,317.0,375.0,146.2808,91.909,0.6283,1,0,0,0
560,3,0,0,1,1,1,0.9883,0.9814,0.8945,0.8359,1215.0,344.5,999.0,342.0,1030.0,500.0,1176.0,489.0,216.0145,146.4138,0.6778,1,0,0,0
560,3,0,1,1,1,1,0.9863,0.9893,0.8218,0.8354,750.5,342.0,498.75,335.0,542.5,549.0,711.0,529.0,251.8473,169.6828,0.6738,1,0,0,0
560,3,0,2,1,1,1,0.9893,0.9834,0.9067,0.8848,332.0,291.5,186.125,287.0,220.75,380.5,319.0,377.5,145.9444,98.2958,0.6735,1,0,0,0
561,3,0,1,1,1,1,0.9863,0.9907,0.8008,0.8394,746.0,343.0,496.5,338.0,535.5,554.0,686.5,524.0,249.5501,153.9513,0.6169,1,0,0,0
561,3,0,0,1,1,1,0.9883,0.9824,0.8882,0.8325,1214.0,345.0,997.5,342.5,1025.0,499.0,1177.0,485.0,216.5144,152.6434,0.705,1,0,0,0
561,3,0,2,1,1,1,0.9902,0.9829,0.9077,0.8755,333.5,292.5,188.75,287.5,216.75,376.5,322.0,375.5,144.8363,105.2548,0.7267,1,0,0,0
562,3,0,0,1,1,1,0.9883,0.9819,0.8916,0.8325,1213.0,346.0,996.0,343.0,1025.0,492.5,1177.0,484.5,217.0207,152.2104,0.7014,1,0,0,0
562,3,0,1,1,1,1,0.9868,0.9893,0.8193,0.8257,746.0,339.0,496.0,337.5,541.5,548.5,699.5,527.0,250.0045,159.4561,0.6378,1,0,0,0
562,3,0,2,1,1,1,0.9897,0.9878,0.9243,0.8994,333.0,289.0,186.125,287.5,220.75,378.0,327.25,374.5,146.8827,106.5575,0.7255,1,0,0,0
563,3,0,0,1,1,1,0.9873,0.9839,0.9009,0.8472,1216.0,345.5,997.0,346.0,1021.5,488.5,1171.0,484.0,219.0006,149.5677,0.683,1,0,0,0
563,3,0,1,1,1,1,0.9873,0.9888,0.8281,0.8271,741.0,341.0,491.5,336.5,535.5,543.5,711.0,524.0,249.5406,176.58,0.7076,1,0,0,0
563,3,0,2,1,1,1,0.9902,0.9839,0.916,0.8936,331.0,291.0,185.375,286.0,230.375,381.5,312.5,382.0,145.7108,82.1265,0.5636,1,0,0,0
564,3,0,1,1,1,1,0.9897,0.9888,0.8066,0.8208,735.0,343.5,484.0,337.5,555.0,561.0,685.5,530.5,251.0717,134.0168,0.5338,1,0,0,0
564,3,0,0,1,1,1,0.9873,0.981,0.8936,0.8423,1215.0,343.5,999.5,343.5,1024.0,493.0,1174.0,482.5,215.5,150.3671,0.6978,1,0,0,0
564,3,0,2,1,1,1,0.9907,0.9829,0.916,0.8862,332.5,292.0,186.0,286.0,230.875,384.0,312.25,386.5,146.6228,81.4134,0.5553,1,0,0,0
565,3,0,0,1,1,1,0.9878,0.9805,0.9009,0.8413,1213.0,343.0,999.5,341.5,1028.0,495.0,1166.0,484.5,213.5053,138.3989,0.6482,1,0,0,0
565,3,0,1,1,1,1,0.9878,0.9907,0.8042,0.8296,736.0,344.5,484.0,339.5,533.5,556.5,681.0,532.0,252.0496,149.5209,0.5932,1,0,0,0
565,3,0,2,1,1,1,0.9907,0.9829,0.9111,0.8755,332.25,293.0,186.625,288.0,220.625,380.0,318.5,381.5,145.7108,97.8865,0.6718,1,0,0,0
566,3,0,2,1,1,1,0.9897,0.9839,0.9048,0.8809,332.0,294.0,185.875,288.5,222.625,380.5,315.5,381.5,146.2285,92.8804,0.6352,1,0,0,0
566,3,0,0,1,1,1,0.9878,0.9819,0.8926,0.8379,1213.0,343.5,1000.0,342.5,1030.0,496.0,1171.0,486.0,213.0023,141.3542,0.6636,1,0,0,0
566,3,0,1,1,1,1,0.9893,0.9878,0.8159,0.8174,733.0,337.5,483.0,335.0,545.0,561.0,706.5,523.5,250.0125,165.7966,0.6632,1,0,0,0
567,3,0,0,1,1,1,0.9878,0.9819,0.8892,0.8394,1213.0,345.5,997.5,343.5,1031.0,498.5,1173.0,484.0,215.5093,142.7384,0.6623,1,0,0,0
567,3,0,1,1,1,1,0.9878,0.9897,0.814,0.8252,730.0,337.0,481.25,336.5,534.0,548.5,708.0,526.0,248.7505,175.4487,0.7053,1,0,0,0
567,3,0,2,1,1,1,0.9897,0.9844,0.9014,0.8848,333.75,294.0,186.875,288.0,217.125,384.0,321.5,380.5,146.9975,104.4337,0.7104,1,0,0,0
568,3,0,1,1,1,1,0.9888,0.9897,0.8086,0.8428,726.5,343.0,478.75,340.5,551.5,566.0,684.0,527.0,247.7626,138.1204,0.5575,1,0,0,0
568,3,0,0,1,1,1,0.9873,0.9819,0.8926,0.8477,1215.0,346.0,1000.0,343.0,1031.0,493.5,1175.0,484.5,215.0209,144.281,0.671,1,0,0,0
568,3,0,2,1,1,1,0.9888,0.9878,0.9121,0.9087,333.0,291.5,184.5,287.0,226.875,385.0,319.5,379.5,148.5682,92.7881,0.6245,1,0,0,0
569,3,0,0,1,1,1,0.9883,0.9829,0.9038,0.8398,1218.0,351.0,998.0,349.5,1024.0,492.0,1171.0,482.0,220.0051,147.3397,0.6697,1,0,0,0
569,3,0,1,1,1,1,0.9902,0.9873,0.8252,0.8135,727.5,339.0,476.5,336.5,540.5,562.0,689.0,530.0,251.0124,151.9087,0.6052,1,0,0,0
569,3,0,2,1,1,1,0.9893,0.9883,0.9214,0.9053,333.0,289.0,184.625,286.5,220.25,382.0,326.75,378.0,148.3961,106.5751,0.7182,1,0,0,0
570,3,0,0,1,1,1,0.9883,0.981,0.895,0.8364,1213.0,346.0,999.0,342.0,1027.0,496.0,1176.0,482.5,214.0374,149.6103,0.699,1,0,0,0
570,3,0,1,1,1,1,0.9878,0.9893,0.8276,0.8379,722.0,342.0,475.25,339.0,523.0,543.0,668.0,520.5,246.7682,146.7353,0.5946,1,0,0,0
570,3,0,2,1,1,1,0.9912,0.9849,0.9136,0.8916,331.0,291.5,183.125,285.5,221.0,382.0,312.75,380.5,147.9967,91.7623,0.62,1,0,0,0
571,3,0,0,1,1,1,0.9883,0.981,0.897,0.8408,1214.0,344.0,999.5,342.0,1027.0,494.5,1174.0,482.5,214.5093,147.489,0.6876,1,0,0,0
571,3,0,1,1,1,1,0.9883,0.9893,0.8223,0.8276,724.0,340.5,476.25,339.0,525.0,548.0,675.0,522.0,247.7545,152.2367,0.6145,1,0,0,0
571,3,0,2,1,1,1,0.9912,0.9839,0.9175,0.8872,332.25,291.0,185.375,286.5,222.875,381.5,314.5,382.0,146.9439,91.6264,0.6235,1,0,0,0
572,3,0,1,1,1,1,0.9888,0.9893,0.8057,0.8335,725.5,340.0,473.25,341.0,546.0,565.0,683.5,523.5,252.252,143.6263,0.5694,1,0,0,0
572,3,0,0,1,1,1,0.9873,0.9795,0.9014,0.8457,1213.0,345.0,1001.5,341.5,1030.0,496.5,1172.0,481.5,211.529,142.7901,0.675,1,0,0,0
572,3,0,2,1,1,1,0.9893,0.9868,0.916,0.9038,332.5,291.0,184.0,286.5,222.875,383.5,316.25,386.5,148.5682,93.4232,0.6288,1,0,0,0
573,3,0,1,1,1,1,0.9868,0.9897,0.8159,0.8311,731.0,338.5,480.0,341.5,522.0,541.5,675.0,521.0,251.0179,154.3673,0.615,1,0,0,0
573,3,0,0,1,1,1,0.9883,0.9795,0.9019,0.8354,1212.0,343.5,999.5,341.5,1025.0,496.0,1169.0,482.5,212.5094,144.6314,0.6806,1,0,0,0
573,3,0,2,1,1,1,0.9883,0.9883,0.9106,0.9131,331.5,292.0,184.0,287.0,227.375,385.0,314.75,385.0,147.5847,87.375,0.592,1,0,0,0
574,3,0,0,1,1,1,0.9878,0.9829,0.9038,0.8384,1215.0,346.5,996.5,347.0,1022.0,493.0,1168.0,487.5,218.5006,146.1036,0.6687,1,0,0,0
574,3,0,1,1,1,1,0.9883,0.9888,0.8159,0.8506,724.0,339.5,477.0,339.5,550.0,560.0,694.5,518.0,247.0,150.4801,0.6092,1,0,0,0
574,3,0,2,1,1,1,0.9888,0.9893,0.916,0.9102,329.75,291.0,183.25,287.0,223.875,381.0,319.0,383.0,146.5546,95.146,0.6492,1,0,0,0
575,3,0,0,1,1,1,0.9878,0.9814,0.8931,0.8428,1211.0,344.5,999.5,341.5,1025.0,498.0,1175.0,482.0,211.5213,150.8509,0.7132,1,0,0,0
575,3,0,1,1,1,1,0.9902,0.9868,0.8262,0.8101,728.0,336.0,476.75,336.5,547.0,561.5,699.5,520.0,251.2505,158.0459,0.629,1,0,0,0
575,3,0,2,1,1,1,0.9912,0.9819,0.918,0.8765,331.75,290.5,184.75,284.5,225.5,380.0,312.5,385.5,147.1224,87.1737,0.5925,1,0,0,0
576,3,0,0,1,1,1,0.9883,0.9814,0.8931,0.835,1214.0,347.0,997.0,345.0,1022.5,498.0,1178.0,482.0,217.0092,156.321,0.7203,1,0,0,0
576,3,0,1,1,1,1,0.9883,0.9907,0.813,0.8403,729.0,336.5,482.0,342.5,540.5,548.0,694.0,519.0,247.0729,156.2154,0.6323,1,0,0,0
576,3,0,2,1,1,1,0.9912,0.9834,0.918,0.8872,329.25,291.0,185.25,284.0,228.375,384.0,310.75,386.0,144.17,82.3993,0.5715,1,0,0,0
577,3,0,0,1,1,1,0.9883,0.981,0.8945,0.8306,1214.0,345.0,998.5,342.0,1023.0,496.0,1172.0,481.0,215.5209,149.7531,0.6948,1,0,0,0
577,3,0,1,1,1,1,0.9897,0.9902,0.8301,0.8242,737.0,339.5,493.5,340.5,556.0,548.0,695.5,520.0,243.5021,142.2823,0.5843,1,0,0,0
577,3,0,2,1,1,1,0.9883,0.9888,0.9097,0.9058,329.0,289.0,182.5,285.0,231.125,387.5,315.5,383.5,146.5546,84.4698,0.5764,1,0,0,0
578,3,0,1,1,1,1,0.9897,0.9888,0.8315,0.8057,737.5,340.5,491.0,340.0,554.5,543.5,695.0,521.0,246.5005,142.2902,0.5772,1,0,0,0
578,3,0,0,1,1,1,0.9878,0.981,0.894,0.8384,1214.0,346.0,999.5,342.5,1029.0,502.5,1172.0,485.5,214.5286,144.0069,0.6713,1,0,0,0
578,3,0,2,1,1,1,0.9878,0.9893,0.9087,0.9116,329.25,289.0,182.0,286.5,231.75,383.0,312.5,382.5,147.2712,80.7515,0.5483,1,0,0,0
579,3,0,0,1,1,1,0.9883,0.9824,0.8887,0.8335,1214.0,343.5,999.0,340.5,1024.0,495.0,1174.0,479.0,215.0209,150.8509,0.7016,1,0,0,0
579,3,0,1,1,1,1,0.9878,0.9897,0.8325,0.8423,746.5,341.0,504.0,339.5,563.0,545.0,690.0,524.0,242.5046,128.7245,0.5308,1,0,0,0
579,3,0,2,1,1,1,0.9888,0.9883,0.9126,0.9019,329.75,291.0,182.125,288.0,225.0,384.0,313.75,384.5,147.6555,88.7514,0.6011,1,0,0,0
580,3,0,0,1,1,1,0.9883,0.9819,0.8926,0.8345,1213.0,345.0,998.5,342.0,1025.0,496.0,1181.0,482.5,214.521,156.583,0.7299,1,0,0,0
580,3,0,1,1,1,1,0.9878,0.9888,0.8457,0.8364,744.0,340.0,506.25,340.5,560.5,539.0,693.5,521.0,237.7505,134.2125,0.5645,1,0,0,0
580,3,0,2,1,1,1,0.9883,0.9883,0.9014,0.9092,329.5,290.0,181.625,285.0,224.375,383.5,315.75,384.5,147.9595,91.3805,0.6176,1,0,0,0
581,3,0,0,1,1,1,0.9878,0.9814,0.8916,0.8418,1214.0,343.5,998.0,341.0,1025.0,496.0,1174.0,479.0,216.0145,149.9667,0.6942,1,0,0,0
581,3,0,1,1,1,1,0.9912,0.9785,0.9121,0.8042,762.0,338.0,521.5,337.0,573.0,547.0,718.5,521.0,240.5021,147.8048,0.6146,1,0,0,0
581,3,0,2,1,1,1,0.9873,0.9888,0.9038,0.9053,330.25,289.5,180.875,287.5,224.0,382.5,317.0,381.0,149.3884,93.0121,0.6226,1,0,0,0
582,3,0,1,1,1,1,0.9927,0.98,0.8789,0.7681,762.0,338.5,521.0,336.5,591.0,556.0,715.0,520.0,241.0083,129.1201,0.5357,1,0,0,0
582,3,0,0,1,1,1,0.9878,0.9824,0.8862,0.8379,1214.0,344.5,998.0,342.0,1022.0,499.5,1180.0,480.0,216.0145,159.1988,0.737,1,0,0,0
582,3,0,2,1,1,1,0.9883,0.9893,0.9058,0.9067,328.75,290.0,179.625,287.0,219.625,383.0,320.0,379.5,149.1552,100.436,0.6734,1,0,0,0
583,3,0,0,1,1,1,0.9863,0.9883,0.8613,0.8564,1213.0,349.0,1001.5,348.5,1017.5,484.0,1176.0,479.0,211.5006,158.5788,0.7498,1,0,0,0
583,3,0,1,1,1,1,0.9878,0.9878,0.8442,0.8477,770.0,345.5,538.0,345.0,589.0,555.5,735.5,520.5,232.0005,150.6229,0.6492,1,0,0,0
583,3,0,2,1,1,1,0.9893,0.9893,0.9194,0.9102,327.5,290.0,178.75,288.0,220.5,381.5,318.5,384.5,148.7634,98.0459,0.6591,1,0,0,0
584,3,0,1,1,1,1,0.9888,0.9878,0.8408,0.8267,785.5,350.5,557.0,347.0,602.5,546.0,739.5,520.0,228.5268,139.4453,0.6102,1,0,0,0
584,3,0,0,1,1,1,0.9878,0.9814,0.8936,0.8403,1213.0,344.0,997.5,342.0,1021.0,494.5,1173.0,476.5,215.5093,153.0621,0.7102,1,0,0,0
584,3,0,2,1,1,1,0.9883,0.9893,0.9141,0.9141,329.0,289.0,179.375,287.0,221.25,385.0,311.75,384.0,149.6384,90.5055,0.6048,1,0,0,0
585,3,0,0,1,1,1,0.9893,0.9819,0.8936,0.8257,1213.0,344.0,995.5,341.0,1022.0,494.0,1176.0,481.5,217.5207,154.5065,0.7103,1,0,0,0
585,3,0,1,1,1,1,0.9888,0.9883,0.8462,0.8301,784.0,349.5,556.5,346.0,605.5,551.5,742.0,524.0,227.5269,139.2426,0.612,1,0,0,0
585,3,0,2,1,1,1,0.9893,0.9883,0.9209,0.9092,327.5,290.0,178.875,287.5,218.75,385.5,314.25,382.0,148.646,95.5641,0.6429,1,0,0,0
586,3,0,1,1,1,1,0.9902,0.9858,0.8555,0.8242,798.5,356.0,570.0,352.0,625.0,556.0,763.0,520.0,228.535,142.6184,0.6241,1,0,0,0
586,3,0,0,1,1,1,0.9873,0.9868,0.8735,0.8477,1214.0,350.5,1003.0,348.0,1012.5,488.0,1177.0,475.0,211.0148,165.0129,0.782,1,0,0,0
586,3,0,2,1,1,1,0.9883,0.9883,0.9175,0.9077,327.5,290.0,177.25,287.5,219.125,382.5,313.5,382.0,150.2708,94.3763,0.628,1,0,0,0
587,3,0,1,1,1,1,0.9893,0.9858,0.8486,0.8301,799.0,353.5,570.5,348.5,627.5,557.0,769.5,524.0,228.5547,145.7841,0.6379,1,0,0,0
587,3,0,0,1,1,1,0.9863,0.9878,0.8618,0.8516,1215.0,350.0,1001.5,348.0,1015.5,485.5,1176.0,472.0,213.5094,161.0668,0.7544,1,0,0,0
587,3,0,2,1,1,1,0.9897,0.9883,0.9224,0.9048,327.5,288.5,178.125,286.0,217.25,380.5,312.25,380.0,149.3959,95.0013,0.6359,1,0,0,0
588,3,0,0,1,1,1,0.9873,0.9805,0.896,0.8438,1213.0,343.5,998.0,340.0,1024.0,493.0,1178.0,478.0,215.0285,154.7288,0.7196,1,0,0,0
588,3,0,1,1,1,1,0.9883,0.9883,0.8403,0.811,813.5,355.0,583.0,348.0,612.0,541.0,776.5,523.0,230.6063,165.4819,0.7176,1,0,0,0
588,3,0,2,1,1,1,0.9907,0.9858,0.9312,0.8877,325.25,287.0,177.625,284.5,217.25,376.5,305.75,381.5,147.6462,88.6411,0.6004,1,0,0,0
589,3,0,0,1,1,1,0.9878,0.9819,0.8892,0.8413,1213.0,343.5,996.5,341.0,1027.0,496.0,1180.0,479.5,216.5144,153.8871,0.7107,1,0,0,0
589,3,0,1,1,1,1,0.9893,0.9795,0.897,0.8276,810.0,350.0,589.5,343.0,627.0,555.5,776.5,524.0,220.6111,152.7825,0.6925,1,0,0,0
589,3,0,2,1,1,1,0.9897,0.9873,0.9224,0.8965,325.25,288.0,177.125,285.5,214.5,380.5,309.5,384.0,148.1461,95.0645,0.6417,1,0,0,0
590,3,0,0,1,1,1,0.9878,0.981,0.895,0.8398,1213.0,346.5,994.5,343.0,1023.5,495.0,1170.0,477.5,218.528,147.5415,0.6752,1,0,0,0
590,3,0,1,1,1,1,0.9868,0.9883,0.8452,0.8301,821.5,357.0,599.0,347.0,617.5,537.5,767.5,518.0,222.7246,151.2622,0.6791,1,0,0,0
590,3,0,2,1,1,1,0.9888,0.9897,0.9126,0.915,325.5,287.0,177.625,284.0,220.125,381.5,310.75,382.0,147.9054,90.6264,0.6127,1,0,0,0
591,3,0,0,1,1,1,0.9888,0.98,0.8989,0.8247,1213.0,346.0,995.0,343.0,1024.0,500.0,1175.0,480.0,218.0206,152.3187,0.6986,1,0,0,0
591,3,0,1,1,1,1,0.9873,0.9849,0.8936,0.8438,831.5,350.5,604.0,342.0,620.0,537.5,778.0,518.0,227.6587,159.1988,0.6993,1,0,0,0
591,3,0,2,1,1,1,0.9888,0.9897,0.9121,0.9141,324.75,286.5,175.25,283.0,222.5,380.5,309.5,384.5,149.541,87.0919,0.5824,1,0,0,0
592,3,0,0,1,1,1,0.9888,0.9819,0.8901,0.8242,1213.0,345.5,994.0,341.5,1021.0,498.5,1178.0,480.0,219.0365,158.0862,0.7217,1,0,0,0
592,3,0,1,1,1,1,0.9858,0.9868,0.8755,0.8569,831.5,352.0,604.0,343.0,618.0,542.0,783.0,524.0,227.678,165.9789,0.729,1,0,0,0
592,3,0,2,1,1,1,0.9893,0.9893,0.9189,0.9116,324.5,286.5,175.75,284.0,224.75,380.5,307.75,383.5,148.771,83.0542,0.5583,1,0,0,0
593,3,0,0,1,1,1,0.9888,0.981,0.894,0.8301,1213.0,345.5,994.5,343.0,1025.0,498.5,1173.0,479.5,218.5143,149.2146,0.6829,1,0,0,0
593,3,0,1,1,1,1,0.9893,0.98,0.9058,0.8276,831.0,347.0,609.5,338.0,631.5,536.5,773.5,516.0,221.6828,143.4721,0.6472,1,0,0,0
593,3,0,2,1,1,1,0.9863,0.9897,0.896,0.9146,323.5,286.0,176.125,282.5,219.625,380.0,318.0,379.5,147.4166,98.3763,0.6673,1,0,0,0
594,3,0,0,1,1,1,0.9883,0.9814,0.8921,0.8374,1210.0,345.0,996.0,342.0,1025.0,498.0,1172.0,476.5,214.021,148.564,0.6942,1,0,0,0
594,3,0,1,1,1,1,0.9868,0.9893,0.8481,0.8525,829.0,352.5,614.0,343.0,624.5,528.5,752.0,519.5,215.2098,127.8173,0.5939,1,0,0,0
594,3,0,2,1,1,1,0.9878,0.9902,0.9043,0.916,323.25,286.0,176.875,282.5,225.75,383.5,311.0,381.0,146.4168,85.2866,0.5825,1,0,0,0
595,3,0,0,1,1,1,0.9878,0.9814,0.8892,0.8364,1213.0,345.0,997.5,341.5,1025.0,495.0,1173.0,477.0,215.5284,149.0906,0.6917,1,0,0,0
595,3,0,1,1,1,1,0.9883,0.9893,0.8594,0.8452,831.0,349.0,616.0,342.0,630.0,523.0,755.0,510.5,215.1139,125.6234,0.584,1,0,0,0
595,3,0,2,1,1,1,0.9868,0.9912,0.8965,0.9229,324.25,286.0,174.0,283.5,216.0,382.5,313.5,380.5,150.2708,97.5205,0.649,1,0,0,0
596,3,0,0,1,1,1,0.9873,0.9819,0.8887,0.8457,1214.0,345.0,998.0,341.0,1027.0,495.0,1173.0,478.0,216.037,146.9864,0.6804,1,0,0,0
596,3,0,1,1,1,1,0.9927,0.9795,0.895,0.7837,832.5,346.5,612.5,336.5,635.5,534.5,773.0,503.0,220.2272,141.062,0.6405,1,0,0,0
596,3,0,2,1,1,1,0.9878,0.9907,0.9082,0.9219,325.5,285.5,175.125,283.5,215.0,379.5,314.75,379.0,150.3883,99.7513,0.6633,1,0,0,0
597,3,0,1,1,1,1,0.9873,0.9878,0.8638,0.8345,832.5,351.0,612.5,341.0,629.0,526.0,772.0,511.5,220.2272,143.7333,0.6527,1,0,0,0
597,3,0,0,1,1,1,0.9878,0.9814,0.8896,0.8403,1212.0,345.5,994.0,343.0,1023.0,497.5,1176.0,476.5,218.0143,154.4345,0.7084,1,0,0,0
597,3,0,2,1,1,1,0.9858,0.9912,0.8936,0.9272,322.75,286.5,174.875,283.5,226.125,380.0,308.0,382.5,147.9054,81.9132,0.5538,1,0,0,0
598,3,0,0,1,1,1,0.9878,0.9824,0.8872,0.8413,1211.0,346.0,994.5,343.0,1025.0,499.0,1171.0,480.5,216.5208,147.1674,0.6797,1,0,0,0
598,3,0,1,1,1,1,0.9883,0.9888,0.8569,0.8296,834.0,353.5,610.5,342.0,624.5,522.0,774.0,511.0,223.7957,149.9041,0.6698,1,0,0,0
598,3,0,2,1,1,1,0.9868,0.9922,0.8955,0.9326,322.75,286.5,175.0,283.5,232.125,380.5,306.0,384.0,147.7805,73.9579,0.5005,1,0,0,0
599,3,0,0,1,1,1,0.9883,0.9824,0.876,0.8506,1211.0,345.5,1000.0,339.0,1035.0,493.0,1181.0,473.5,211.1001,147.2965,0.6978,1,0,0,0
599,3,0,1,1,1,1,0.9883,0.9878,0.8643,0.8345,829.0,352.5,617.5,342.5,624.5,520.0,758.0,509.5,211.7363,133.9123,0.6324,1,0,0,0
599,3,0,2,1,1,1,0.9863,0.9917,0.8936,0.9272,323.0,285.5,174.875,284.0,226.75,382.5,309.5,382.5,148.1326,82.75,0.5586,1,0,0,0
600,3,0,0,1,1,1,0.9883,0.9824,0.8887,0.8374,1212.0,343.0,994.0,342.0,1032.0,498.0,1175.0,479.5,218.0023,144.1917,0.6614,1,0,0,0
600,3,0,1,1,1,1,0.9897,0.9883,0.873,0.833,823.0,349.0,614.5,341.0,623.0,517.5,754.0,506.0,208.6534,131.5038,0.6302,1,0,0,0
600,3,0,2,1,1,1,0.9849,0.9922,0.8818,0.9316,321.5,286.5,172.625,283.5,218.125,379.5,313.5,383.5,148.9052,95.4588,0.6411,1,0,0,0
601,3,0,0,1,1,1,0.9868,0.9829,0.8828,0.8481,1210.0,347.0,998.0,344.0,1030.0,496.0,1178.0,478.0,212.0212,149.0906,0.7032,1,0,0,0
601,3,0,1,1,1,1,0.9893,0.9888,0.8682,0.8398,823.0,350.0,614.0,341.5,623.5,521.0,753.0,503.5,209.1728,130.6771,0.6247,1,0,0,0
601,3,0,2,1,1,1,0.9849,0.9922,0.8833,0.9312,321.5,286.0,172.375,282.5,216.75,382.0,313.0,384.5,149.1661,96.2825,0.6455,1,0,0,0
602,3,0,1,1,1,1,0.9912,0.981,0.8916,0.7876,816.5,345.5,606.5,336.5,616.5,527.5,770.0,498.5,210.1928,156.2154,0.7432,1,0,0,0
602,3,0,0,1,1,1,0.9888,0.9829,0.875,0.8481,1211.0,347.0,996.5,343.0,1031.0,495.5,1179.0,477.5,214.5373,149.0906,0.6949,1,0,0,0
602,3,0,2,1,1,1,0.9849,0.9922,0.8823,0.9312,323.0,287.0,174.625,285.0,222.75,385.0,313.5,387.5,148.3885,90.7844,0.6118,1,0,0,0
603,3,0,1,1,1,1,0.9907,0.9824,0.8525,0.791,814.0,351.0,606.0,341.5,638.5,532.0,762.0,493.0,208.2168,129.5116,0.622,1,0,0,0
603,3,0,2,1,1,1,0.9849,0.9917,0.8857,0.9302,323.0,286.0,174.25,284.0,222.5,383.5,309.0,385.0,148.7634,86.513,0.5815,1,0,0,0
603,3,0,0,1,1,1,0.9863,0.9868,0.8667,0.8506,1210.0,352.0,998.0,351.0,1019.5,488.5,1178.0,476.0,212.0024,158.9921,0.75,1,0,0,0
604,3,0,0,1,1,1,0.9888,0.981,0.8945,0.8281,1210.0,346.5,995.0,342.0,1023.0,498.0,1176.0,476.5,215.0471,154.5032,0.7185,1,0,0,0
604,3,0,1,1,1,1,0.9883,0.9873,0.8604,0.8301,810.0,350.5,606.0,339.5,608.0,512.5,750.0,491.0,204.2964,143.6184,0.703,1,0,0,0
604,3,0,2,1,1,1,0.9849,0.9902,0.8735,0.9253,326.0,288.5,172.75,284.5,230.625,386.5,315.75,388.0,153.3022,85.1382,0.5554,1,0,0,0
605,3,0,1,1,1,1,0.9912,0.98,0.895,0.7842,810.0,347.5,600.0,337.0,612.5,520.5,755.5,489.5,210.2623,146.3216,0.6959,1,0,0,0
605,3,0,0,1,1,1,0.9883,0.9805,0.8931,0.8301,1208.0,346.0,996.5,343.5,1024.0,498.5,1172.0,482.5,211.5148,148.8624,0.7038,1,0,0,0
605,3,0,2,1,1,1,0.9844,0.9922,0.8818,0.9331,322.5,289.5,174.25,286.0,225.125,384.5,312.0,384.0,148.2913,86.8764,0.5858,1,0,0,0
606,3,0,0,1,1,1,0.9878,0.9805,0.896,0.8423,1211.0,346.0,996.0,343.0,1025.0,495.5,1169.0,477.5,215.0209,145.1206,0.6749,1,0,0,0
606,3,0,1,1,1,1,0.9907,0.9814,0.8848,0.7974,797.5,346.5,591.0,339.0,610.0,523.0,748.0,488.5,206.6362,142.2471,0.6884,1,0,0,0
606,3,0,2,1,1,1,0.9824,0.9907,0.8633,0.9307,326.0,289.5,172.625,283.0,235.5,391.5,314.75,390.0,153.5127,79.2642,0.5163,1,0,0,0
607,3,0,1,1,1,1,0.9897,0.9839,0.8667,0.8101,795.0,351.0,590.5,339.0,605.5,512.5,745.5,490.5,204.8518,141.718,0.6918,1,0,0,0
607,3,0,0,1,1,1,0.9883,0.9819,0.8896,0.8335,1210.0,346.0,993.5,343.5,1023.0,499.0,1176.0,480.0,216.5144,154.1752,0.7121,1,0,0,0
607,3,0,2,1,1,1,0.9829,0.9922,0.8755,0.9346,324.25,289.0,175.75,286.5,228.25,385.0,315.75,386.5,148.521,87.5129,0.5892,1,0,0,0
608,3,0,0,1,1,1,0.9878,0.9814,0.8911,0.8364,1210.0,345.0,996.0,341.0,1032.0,495.5,1176.0,480.5,214.0374,144.7791,0.6764,1,0,0,0
608,3,0,1,1,1,1,0.9907,0.9814,0.8804,0.7993,785.0,348.0,584.0,342.0,597.0,527.0,743.0,495.0,201.0895,149.4657,0.7433,1,0,0,0
608,3,0,2,1,1,1,0.9858,0.9883,0.8618,0.9082,329.0,292.0,177.375,287.0,230.875,389.0,313.0,385.0,151.7074,82.2224,0.542,1,0,0,0
609,3,0,0,1,1,1,0.9873,0.9819,0.8882,0.8477,1211.0,346.0,995.0,343.0,1026.0,493.5,1178.0,475.0,216.0208,153.1217,0.7088,1,0,0,0
609,3,0,1,1,1,1,0.9912,0.9814,0.8838,0.7935,784.5,348.5,581.5,343.0,600.0,521.0,741.0,494.0,203.0745,143.5618,0.7069,1,0,0,0
609,3,0,2,1,1,1,0.9849,0.9912,0.8862,0.9258,328.5,291.0,180.125,287.0,223.125,387.5,320.0,386.0,148.4289,96.8866,0.6527,1,0,0,0
610,3,0,0,1,1,1,0.9883,0.9805,0.896,0.8359,1211.0,346.0,995.0,343.0,1025.0,498.0,1172.0,482.5,216.0208,147.8149,0.6843,1,0,0,0
610,3,0,1,1,1,1,0.9858,0.9878,0.8628,0.8486,770.0,355.5,569.0,352.0,580.0,515.5,729.0,497.0,201.0305,150.1441,0.7469,1,0,0,0
610,3,0,2,1,1,1,0.9863,0.9883,0.8701,0.9097,335.25,291.0,182.75,286.0,229.75,393.0,318.0,383.5,152.5819,88.7599,0.5817,1,0,0,0
611,3,0,0,1,1,1,0.9883,0.9824,0.8867,0.8311,1212.0,345.5,993.0,342.5,1023.0,497.0,1178.0,478.0,219.0205,156.1602,0.713,1,0,0,0
611,3,0,1,1,1,1,0.9883,0.981,0.8848,0.8198,752.5,356.0,561.5,350.0,570.5,523.0,705.5,491.5,191.0942,138.6263,0.7254,1,0,0,0
611,3,0,2,1,1,1,0.9878,0.9888,0.8745,0.9033,340.5,289.5,189.5,282.0,227.875,394.0,321.75,388.5,151.1861,94.036,0.622,1,0,0,0
612,3,0,1,1,1,1,0.9878,0.9858,0.8779,0.8398,756.0,357.0,563.0,354.0,572.5,513.5,702.0,499.0,193.0233,130.3092,0.6751,1,0,0,0
612,3,0,0,1,1,1,0.9883,0.9829,0.9014,0.833,1216.0,348.0,993.0,347.0,1021.0,492.5,1178.0,478.0,223.0022,157.6682,0.707,1,0,0,0
612,3,0,2,1,1,1,0.9883,0.9888,0.8843,0.9087,339.75,289.0,188.25,282.5,225.75,393.0,319.5,385.5,151.6394,94.0495,0.6202,1,0,0,0
613,3,0,0,1,1,1,0.9888,0.981,0.8975,0.8271,1210.0,347.0,991.5,344.0,1025.0,494.5,1175.0,480.0,218.5206,150.6992,0.6896,1,0,0,0
613,3,0,1,1,1,1,0.9883,0.9863,0.8745,0.8374,743.0,358.0,547.0,354.0,560.5,514.0,677.0,504.0,196.0408,116.9284,0.5964,1,0,0,0
613,3,0,2,1,1,1,0.9888,0.9888,0.8901,0.9092,345.25,288.5,189.5,280.5,222.375,386.0,326.5,384.5,155.9553,104.1358,0.6677,1,0,0,0
614,3,0,0,1,1,1,0.9897,0.979,0.9033,0.8154,1211.0,348.0,995.5,345.5,1023.5,495.5,1172.0,478.0,215.5145,149.5276,0.6938,1,0,0,0
614,3,0,1,1,1,1,0.9878,0.9858,0.8735,0.8315,742.0,358.0,549.0,353.0,560.5,513.0,677.5,500.0,193.0648,117.72,0.6097,1,0,0,0
614,3,0,2,1,1,1,0.9868,0.9883,0.873,0.9058,345.5,289.5,191.0,282.0,222.375,387.0,329.5,384.5,154.6819,107.1542,0.6927,1,0,0,0
615,3,0,0,1,1,1,0.9888,0.981,0.8931,0.8232,1211.0,347.0,994.5,344.5,1019.5,499.5,1177.0,479.5,216.5144,158.7648,0.7333,1,0,0,0
615,3,0,1,1,1,1,0.9902,0.9819,0.874,0.7993,730.5,355.5,533.5,352.0,555.0,524.5,679.5,493.5,197.0311,128.3014,0.6512,1,0,0,0
615,3,0,2,1,1,1,0.9873,0.9897,0.8735,0.9136,346.75,287.5,193.0,281.0,226.0,388.5,329.5,386.5,153.8873,103.5193,0.6727,1,0,0,0
616,3,0,0,1,1,1,0.9883,0.9805,0.8955,0.8315,1210.0,346.0,993.0,343.5,1023.0,497.0,1176.0,483.0,217.0144,153.6392,0.708,1,0,0,0
616,3,0,1,1,1,1,0.9893,0.9824,0.8774,0.8223,727.0,358.0,538.0,354.0,553.5,519.0,676.0,489.0,189.0423,126.12,0.6672,1,0,0,0
616,3,0,2,1,1,1,0.9873,0.9893,0.875,0.9126,346.75,288.0,192.375,281.0,229.75,390.0,330.25,387.0,154.5336,100.5448,0.6506,1,0,0,0
617,3,0,1,1,1,1,0.9922,0.979,0.8975,0.7734,719.0,352.0,523.0,351.0,548.0,520.5,663.5,495.0,196.0026,118.2814,0.6035,1,0,0,0
617,3,0,0,1,1,1,0.9883,0.981,0.8945,0.8354,1209.0,347.0,994.5,343.0,1022.0,500.0,1174.0,485.5,214.5373,152.69,0.7117,1,0,0,0
617,3,0,2,1,1,1,0.9863,0.9917,0.895,0.9209,355.5,281.0,198.25,276.0,223.375,387.5,342.0,387.0,157.3295,118.6261,0.754,1,0,0,0
618,3,0,0,1,1,1,0.9878,0.9814,0.8916,0.8359,1211.0,346.0,994.0,345.0,1022.0,498.0,1173.0,483.5,217.0023,151.6946,0.699,1,0,0,0
618,3,0,1,1,1,1,0.9922,0.979,0.8936,0.769,720.0,352.0,523.0,351.5,541.0,519.0,669.5,493.5,197.0006,131.0057,0.665,1,0,0,0
618,3,0,2,1,1,1,0.9888,0.9893,0.8848,0.9067,352.5,284.0,198.0,277.0,221.125,386.5,336.5,386.5,154.6585,115.375,0.746,1,0,0,0
619,3,0,0,1,1,1,0.9883,0.9819,0.8887,0.8286,1208.0,345.0,994.0,342.0,1025.0,495.0,1175.0,482.5,214.021,150.5199,0.7033,1,0,0,0
619,3,0,1,1,1,1,0.9907,0.9795,0.8838,0.7939,707.0,350.5,519.0,350.0,533.0,515.0,666.0,487.5,188.0007,135.8133,0.7224,1,0,0,0
619,3,0,2,1,1,1,0.9839,0.9917,0.8828,0.9243,359.25,283.5,203.5,274.5,236.25,390.5,342.25,392.0,156.0098,106.0106,0.6795,1,0,0,0
620,3,0,0,1,1,1,0.9888,0.981,0.8936,0.8267,1211.0,347.5,995.5,344.0,1024.0,498.0,1175.0,482.5,215.5284,151.7934,0.7043,1,0,0,0
620,3,0,1,1,1,1,0.9917,0.9771,0.8965,0.7778,704.0,349.5,510.0,346.5,526.0,511.5,645.5,485.5,194.0232,122.2957,0.6303,1,0,0,0
620,3,0,2,1,1,1,0.9854,0.9897,0.8906,0.9175,363.75,280.5,209.75,271.5,247.25,391.0,339.5,395.5,154.2628,92.3597,0.5987,1,0,0,0
621,3,0,0,1,1,1,0.9893,0.9795,0.9019,0.8213,1209.0,347.0,995.0,344.5,1025.0,496.5,1171.0,482.0,214.0146,146.7183,0.6856,1,0,0,0
621,3,0,1,1,1,1,0.9912,0.9775,0.895,0.79,704.0,349.0,511.0,348.5,531.0,513.0,649.5,490.0,193.0006,120.7114,0.6254,1,0,0,0
621,3,0,2,1,1,1,0.9863,0.9888,0.8965,0.9136,363.0,281.0,209.0,273.0,246.625,393.0,340.5,395.0,154.2077,93.8963,0.6089,1,0,0,0
622,3,0,0,1,1,1,0.9888,0.9805,0.896,0.8247,1210.0,346.5,993.0,343.5,1025.0,498.0,1170.0,482.5,217.0207,145.8261,0.6719,1,0,0,0
622,3,0,1,1,1,1,0.9922,0.9741,0.9126,0.7759,697.0,343.0,506.25,343.0,531.0,511.5,642.0,478.0,190.75,115.945,0.6078,1,0,0,0
622,3,0,2,1,1,1,0.9854,0.9897,0.9014,0.9146,373.5,278.5,215.5,272.0,252.875,391.0,354.0,392.0,158.1336,101.1299,0.6395,1,0,0,0
623,3,0,1,1,1,1,0.9917,0.9771,0.9028,0.7979,697.5,345.5,507.5,342.0,527.0,508.5,644.0,479.0,190.0322,120.6617,0.635,1,0,0,0
623,3,0,0,1,1,1,0.9888,0.9819,0.8892,0.8276,1210.0,346.5,994.0,345.0,1022.0,497.5,1175.0,485.0,216.0052,153.5098,0.7107,1,0,0,0
623,3,0,2,1,1,1,0.9858,0.9883,0.9048,0.9165,369.0,281.5,214.75,272.0,260.0,388.0,353.25,393.0,154.5423,93.384,0.6043,1,0,0,0
624,3,0,0,1,1,1,0.9883,0.9829,0.8818,0.8315,1211.0,344.5,993.0,343.0,1016.0,497.5,1178.0,483.5,218.0052,162.6038,0.7459,1,0,0,0
624,3,0,1,1,1,1,0.9907,0.9795,0.8901,0.8091,693.5,344.0,505.25,341.5,529.0,504.0,645.0,480.0,188.2666,118.4567,0.6292,1,0,0,0
624,3,0,2,1,1,1,0.9873,0.9863,0.9175,0.9043,375.5,282.5,219.375,271.5,252.25,388.5,352.75,392.0,156.512,100.5609,0.6425,1,0,0,0
625,3,0,0,1,1,1,0.9883,0.9824,0.8857,0.833,1209.0,344.5,993.0,343.0,1020.0,498.5,1175.0,485.0,216.0052,155.5868,0.7203,1,0,0,0
625,3,0,1,1,1,1,0.9907,0.9785,0.895,0.814,693.5,343.5,506.0,340.0,535.0,506.0,645.5,481.5,187.5327,113.1835,0.6035,1,0,0,0
625,3,0,2,1,1,1,0.9868,0.9863,0.9126,0.9038,375.0,282.5,219.75,271.0,248.5,389.0,358.0,390.5,155.6753,109.5103,0.7035,1,0,0,0
626,3,0,0,1,1,1,0.9878,0.9814,0.8906,0.8354,1210.0,344.5,995.0,343.0,1021.5,497.0,1173.0,483.0,215.0052,152.1455,0.7076,1,0,0,0
626,3,0,1,1,1,1,0.9888,0.9795,0.8994,0.8257,693.5,343.0,499.0,340.5,528.5,503.0,645.0,480.5,194.5161,118.6529,0.61,1,0,0,0
626,3,0,2,1,1,1,0.9849,0.9873,0.9058,0.9082,381.0,282.0,222.5,273.5,252.875,387.5,354.25,394.0,158.7278,101.5832,0.64,1,0,0,0
627,3,0,1,1,1,1,0.9912,0.9766,0.9028,0.8081,691.5,341.0,503.0,342.5,530.0,501.0,643.0,475.5,188.506,115.8415,0.6145,1,0,0,0
627,3,0,0,1,1,1,0.9873,0.9878,0.8691,0.8452,1210.0,349.0,999.0,351.5,1016.5,493.0,1172.0,486.5,211.0148,155.6358,0.7376,1,0,0,0
627,3,0,2,1,1,1,0.9878,0.9854,0.9126,0.9033,388.75,282.5,228.375,273.0,255.125,390.0,360.0,389.5,160.6561,104.8762,0.6528,1,0,0,0
628,3,0,1,1,1,1,0.9907,0.9771,0.9009,0.8086,692.0,341.5,502.5,345.0,532.0,501.0,647.5,477.0,189.5323,117.9672,0.6224,1,0,0,0
628,3,0,0,1,1,1,0.9883,0.9805,0.8955,0.8296,1209.0,347.5,995.5,345.0,1024.0,498.5,1175.0,485.5,213.5146,151.5586,0.7098,1,0,0,0
628,3,0,2,1,1,1,0.9888,0.9858,0.9219,0.9087,388.0,282.5,228.375,272.5,259.0,385.5,360.0,389.0,159.9379,101.0606,0.6319,1,0,0,0
629,3,0,0,1,1,1,0.9883,0.981,0.8945,0.834,1210.0,346.5,994.0,343.5,1024.0,498.5,1171.0,481.0,216.0208,148.038,0.6853,1,0,0,0
629,3,0,1,1,1,1,0.9927,0.9727,0.9238,0.7871,695.0,341.5,504.25,343.0,529.0,496.5,624.0,476.0,190.7559,97.1867,0.5095,1,0,0,0
629,3,0,2,1,1,1,0.9893,0.9834,0.9258,0.8936,393.25,283.0,231.25,271.5,257.0,385.0,361.25,390.0,162.4077,104.3698,0.6426,1,0,0,0
630,3,0,0,1,1,1,0.9888,0.98,0.8979,0.8242,1208.0,344.5,994.5,342.0,1025.0,499.5,1174.0,480.0,213.5146,150.2706,0.7038,1,0,0,0
630,3,0,1,1,1,1,0.9922,0.9736,0.918,0.791,694.0,341.0,504.5,344.0,532.0,495.5,631.0,475.0,189.5237,101.1002,0.5334,1,0,0,0
630,3,0,2,1,1,1,0.9863,0.9863,0.9185,0.9072,387.25,282.0,229.375,270.0,262.75,380.0,365.25,394.5,158.3304,103.5205,0.6538,1,0,0,0
631,3,0,1,1,1,1,0.9922,0.9741,0.9141,0.7871,696.5,341.0,508.25,344.0,538.5,498.0,639.0,473.0,188.2739,103.5628,0.5501,1,0,0,0
631,3,0,0,1,1,1,0.9883,0.9805,0.8979,0.8379,1208.0,346.0,996.5,344.0,1027.0,496.0,1172.0,482.5,211.5095,145.6271,0.6885,1,0,0,0
631,3,0,2,1,1,1,0.9888,0.9834,0.9233,0.8916,396.0,283.5,233.0,271.5,259.5,383.0,365.75,392.0,163.4411,106.6305,0.6524,1,0,0,0
632,3,0,1,1,1,1,0.9922,0.9751,0.9097,0.7817,697.0,341.5,506.5,344.0,538.5,501.0,642.5,475.0,190.5164,107.2007,0.5627,1,0,0,0
632,3,0,0,1,1,1,0.9888,0.981,0.8955,0.8242,1211.0,346.0,995.0,344.5,1027.0,499.0,1173.0,486.0,216.0052,146.5776,0.6786,1,0,0,0
632,3,0,2,1,1,1,0.9888,0.9839,0.9204,0.8901,394.5,282.0,232.25,268.5,256.75,383.0,370.5,388.5,162.8107,113.8829,0.6995,1,0,0,0
633,3,0,0,1,1,1,0.9883,0.9814,0.8931,0.833,1208.0,345.0,995.5,343.0,1025.0,496.5,1173.0,482.0,212.5094,148.7086,0.6998,1,0,0,0
633,3,0,1,1,1,1,0.9839,0.9824,0.8931,0.8599,701.0,343.0,509.5,347.0,532.0,492.0,649.5,478.0,191.5418,118.3311,0.6178,1,0,0,0
633,3,0,2,1,1,1,0.9878,0.9849,0.9224,0.8862,397.5,283.5,230.25,271.5,261.5,385.5,370.5,395.0,167.6799,109.4132,0.6525,1,0,0,0
634,3,0,0,1,1,1,0.9883,0.98,0.9009,0.8354,1206.0,345.5,996.5,342.5,1025.0,496.0,1172.0,480.0,209.5215,147.8682,0.7057,1,0,0,0
634,3,0,1,1,1,1,0.9849,0.9834,0.8843,0.8501,702.0,344.5,508.75,347.5,536.0,492.5,646.0,477.5,193.2733,111.018,0.5744,1,0,0,0
634,3,0,2,1,1,1,0.9912,0.9785,0.9399,0.8628,397.75,284.5,232.125,270.0,264.75,383.0,364.25,391.5,166.2585,99.8624,0.6006,1,0,0,0
635,3,0,0,1,1,1,0.9888,0.979,0.9038,0.8296,1207.0,347.0,995.0,345.0,1025.0,494.5,1170.0,478.5,212.0094,145.8801,0.6881,1,0,0,0
635,3,0,1,1,1,1,0.9922,0.9751,0.9097,0.7788,703.5,342.0,518.0,343.5,549.0,496.5,658.5,478.0,185.5061,111.0518,0.5986,1,0,0,0
635,3,0,2,1,1,1,0.9873,0.9829,0.9282,0.8818,398.5,280.5,229.5,269.5,282.25,396.5,357.0,392.0,169.3576,74.8853,0.4422,1,1,1,0
636,3,0,0,1,1,1,0.9893,0.979,0.9053,0.8232,1208.0,345.5,995.0,344.5,1024.0,496.5,1170.0,483.0,213.0023,146.6228,0.6884,1,0,0,0
636,3,0,1,1,1,1,0.9844,0.9844,0.8828,0.8535,711.5,343.5,526.5,349.0,553.5,485.5,672.0,476.0,185.0817,118.8802,0.6423,1,0,0,0
636,3,0,2,1,1,1,0.9873,0.9868,0.9141,0.8975,395.0,282.5,233.25,268.5,269.0,386.0,378.75,394.5,162.3547,110.0787,0.678,1,0,0,0
637,3,0,0,1,1,1,0.9897,0.9795,0.9023,0.8179,1209.0,345.5,995.0,342.0,1021.0,500.0,1171.0,480.5,214.0286,151.2622,0.7067,1,0,0,0
637,3,0,1,1,1,1,0.9829,0.9839,0.8853,0.8623,711.0,343.0,524.5,348.0,549.5,489.0,676.0,477.5,186.567,127.0217,0.6808,1,0,0,0
637,3,0,2,1,1,1,0.9883,0.9844,0.9097,0.8853,396.5,284.0,233.5,269.5,268.25,384.5,378.5,390.0,163.6437,110.3871,0.6746,1,0,0,0
638,3,0,0,1,1,1,0.9873,0.9868,0.873,0.8418,1208.0,347.5,999.0,349.0,1014.5,489.5,1172.0,486.0,209.0054,157.5389,0.7538,1,0,0,0
638,3,0,1,1,1,1,0.9863,0.9805,0.9043,0.8525,719.0,346.5,539.0,348.0,582.0,495.5,686.0,473.5,180.0062,106.3015,0.5905,1,0,0,0
638,3,0,2,1,1,1,0.9883,0.9834,0.9146,0.8862,400.0,284.0,232.5,270.0,271.5,390.0,377.25,392.0,168.0841,105.7689,0.6293,1,0,0,0
639,3,0,0,1,1,1,0.9883,0.9834,0.9004,0.8359,1212.0,347.0,993.0,347.0,1017.5,495.0,1170.0,487.0,219.0,152.7097,0.6973,1,0,0,0
639,3,0,1,1,1,1,0.9902,0.9805,0.895,0.8184,718.0,348.0,542.5,347.0,581.0,491.0,685.5,470.0,175.5028,106.5892,0.6073,1,0,0,0
639,3,0,2,1,1,1,0.9873,0.9883,0.9087,0.9033,393.0,283.0,232.0,268.5,271.75,387.5,378.0,393.5,161.6516,106.4193,0.6583,1,0,0,0
640,3,0,1,1,1,1,0.9883,0.9766,0.9053,0.8311,732.0,350.0,552.0,347.0,592.5,498.0,687.5,472.0,180.025,98.4937,0.5471,1,0,0,0
640,3,0,0,1,1,1,0.9883,0.9819,0.8906,0.8325,1209.0,345.5,993.0,345.0,1025.0,498.0,1171.0,484.0,216.0006,146.6697,0.679,1,0,0,0
640,3,0,2,1,1,1,0.9888,0.9829,0.9146,0.8774,399.5,282.5,230.25,269.5,270.0,392.0,379.0,391.0,169.7485,109.0046,0.6422,1,0,0,0
641,3,0,1,1,1,1,0.9873,0.979,0.8945,0.8398,734.5,348.5,553.0,345.5,591.0,497.0,688.0,471.5,181.5248,100.2958,0.5525,1,0,0,0
641,3,0,0,1,1,1,0.9888,0.98,0.8999,0.8257,1208.0,347.0,995.0,345.5,1021.5,497.0,1170.0,483.0,213.0053,149.1585,0.7003,1,0,0,0
641,3,0,2,1,1,1,0.9863,0.9878,0.9009,0.8975,397.5,281.0,228.625,271.5,268.75,388.0,379.5,390.0,169.142,110.7681,0.6549,1,0,0,0
642,3,0,0,1,1,1,0.9868,0.9868,0.8696,0.8438,1208.0,350.5,998.0,351.0,1017.0,492.0,1172.0,488.5,210.0006,155.0395,0.7383,1,0,0,0
642,3,0,1,1,1,1,0.9907,0.978,0.9053,0.833,744.0,347.5,568.5,344.5,611.0,499.5,699.5,472.0,175.5256,92.6742,0.528,1,0,0,0
642,3,0,2,1,1,1,0.9863,0.9863,0.9058,0.895,393.0,278.0,228.25,267.0,263.0,387.0,380.75,388.5,165.1168,117.7596,0.7132,1,0,0,0
643,3,0,0,1,1,1,0.9878,0.9844,0.8931,0.8364,1213.0,346.5,991.0,348.5,1018.0,492.0,1176.0,482.5,222.009,158.2853,0.713,1,0,0,0
643,3,0,1,1,1,1,0.9902,0.978,0.9033,0.835,744.0,348.0,569.0,343.0,609.0,500.0,700.0,473.0,175.0714,94.921,0.5422,1,0,0,0
643,3,0,2,1,1,1,0.9868,0.9873,0.9077,0.8955,394.5,279.0,226.0,269.5,269.25,385.5,377.0,390.0,168.7676,107.8439,0.639,1,0,0,0
644,3,0,1,1,1,1,0.9897,0.9785,0.9033,0.8413,757.5,349.0,586.5,344.0,626.5,501.5,711.5,477.0,171.0731,88.4604,0.5171,1,0,0,0
644,3,0,0,1,1,1,0.9878,0.98,0.8994,0.8389,1210.0,345.5,994.5,344.0,1026.0,496.0,1166.0,480.5,215.5052,140.8554,0.6536,1,0,0,0
644,3,0,2,1,1,1,0.9858,0.9858,0.9058,0.8975,390.5,278.0,226.125,267.0,269.5,382.0,378.0,389.0,164.7426,108.7256,0.66,1,0,0,0
645,3,0,0,1,1,1,0.9888,0.9814,0.8916,0.8218,1209.0,344.5,995.5,341.0,1023.5,500.0,1176.0,484.5,213.5287,153.2857,0.7179,1,0,0,0
645,3,0,1,1,1,1,0.9888,0.9805,0.896,0.8521,757.5,350.0,586.0,345.0,628.5,497.5,713.0,475.5,171.5729,87.317,0.5089,1,0,0,0
645,3,0,2,1,1,1,0.9849,0.9897,0.9004,0.916,392.0,275.5,227.75,269.0,266.0,383.5,385.5,385.0,164.3786,119.5094,0.727,1,0,0,0
646,3,0,0,1,1,1,0.9888,0.981,0.896,0.8296,1209.0,344.5,995.0,343.0,1023.0,499.0,1172.0,484.5,214.0053,149.7039,0.6995,1,0,0,0
646,3,0,1,1,1,1,0.9893,0.9775,0.8989,0.8257,770.5,356.5,597.0,348.0,631.5,493.5,735.0,478.5,173.7081,104.5813,0.6021,1,0,0,0
646,3,0,2,1,1,1,0.9834,0.9897,0.8916,0.9146,389.75,275.5,223.375,270.0,259.0,384.0,388.75,383.5,166.4659,129.751,0.7794,1,0,0,0
647,3,0,0,1,1,1,0.9868,0.9863,0.875,0.8418,1210.0,349.5,998.5,349.5,1017.0,488.0,1167.0,484.0,211.5,150.0533,0.7095,1,0,0,0
647,3,0,1,1,1,1,0.9888,0.9785,0.895,0.8315,769.5,356.0,597.5,347.0,632.0,495.5,736.0,479.5,172.2353,105.2236,0.6109,1,0,0,0
647,3,0,2,1,1,1,0.9844,0.9863,0.8984,0.9028,386.25,276.5,222.5,267.0,262.25,383.0,383.25,388.0,164.0253,121.1033,0.7383,1,0,0,0
648,3,0,0,1,1,1,0.9888,0.981,0.894,0.8301,1211.0,344.0,995.0,343.0,1023.5,497.0,1172.0,483.5,216.0023,149.1124,0.6903,1,0,0,0
648,3,0,1,1,1,1,0.9873,0.9785,0.9102,0.8442,782.0,361.0,611.0,352.5,648.0,494.0,736.0,481.5,171.2111,88.8834,0.5191,1,0,0,0
648,3,0,2,1,1,1,0.9863,0.9854,0.8931,0.8989,385.75,277.5,214.75,268.0,258.0,388.0,379.0,390.0,171.2637,121.0165,0.7066,1,0,0,0
649,3,0,0,1,1,1,0.9868,0.9868,0.8682,0.8447,1212.0,350.5,997.0,351.5,1018.5,491.0,1176.0,488.0,215.0023,157.5286,0.7327,1,0,0,0
649,3,0,1,1,1,1,0.9912,0.9805,0.9087,0.8252,796.5,357.5,626.5,350.0,658.0,496.5,752.0,474.5,170.1654,96.5401,0.5673,1,0,0,0
649,3,0,2,1,1,1,0.9858,0.9888,0.8989,0.9014,382.5,275.5,212.25,267.0,255.875,383.5,379.0,387.0,170.4621,123.1747,0.7226,1,0,0,0
650,3,0,0,1,1,1,0.9883,0.981,0.895,0.832,1209.0,345.0,993.0,342.5,1028.0,501.5,1172.0,482.0,216.0145,145.3143,0.6727,1,0,0,0
650,3,0,1,1,1,1,0.9893,0.9766,0.9121,0.8311,797.0,356.0,626.0,349.0,661.0,501.5,750.0,477.5,171.1432,92.1792,0.5386,1,0,0,0
650,3,0,2,1,1,1,0.9849,0.9893,0.8965,0.9092,383.75,275.0,212.5,269.0,255.625,385.0,380.5,389.0,171.3551,124.939,0.7291,1,0,0,0
651,3,0,0,1,1,1,0.9863,0.9868,0.8687,0.8467,1210.0,349.5,998.0,349.0,1020.5,488.0,1174.0,482.0,212.0006,153.6172,0.7246,1,0,0,0
651,3,0,1,1,1,1,0.9883,0.9785,0.9048,0.8423,807.0,359.0,637.5,350.0,665.0,502.0,761.0,479.0,169.7388,98.7168,0.5816,1,0,0,0
651,3,0,2,1,1,1,0.9849,0.9897,0.8936,0.9126,378.75,277.0,204.5,266.0,246.125,387.5,375.0,389.0,174.5969,128.8837,0.7382,1,0,0,0
652,3,0,0,1,1,1,0.9883,0.981,0.8936,0.8311,1210.0,345.5,995.0,343.0,1027.0,500.0,1176.0,484.0,215.0145,149.8566,0.697,1,0,0,0
652,3,0,1,1,1,1,0.9888,0.9756,0.915,0.8296,807.0,359.0,639.0,350.5,663.5,499.5,761.5,478.5,168.2149,100.2247,0.5958,1,0,0,0
652,3,0,2,1,1,1,0.9849,0.9893,0.8965,0.9126,377.75,277.0,204.875,266.5,253.75,387.5,376.75,390.5,173.1936,123.0366,0.7104,1,0,0,0
653,3,0,0,1,1,1,0.9893,0.9805,0.8979,0.8232,1210.0,345.0,994.5,344.0,1026.0,503.0,1168.0,481.5,215.5023,143.6184,0.6664,1,0,0,0
653,3,0,1,1,1,1,0.9902,0.9824,0.9009,0.8354,816.5,356.5,644.0,349.0,672.5,497.5,771.0,473.0,172.663,101.5012,0.5879,1,0,0,0
653,3,0,2,1,1,1,0.9863,0.9858,0.9043,0.896,367.75,271.0,194.875,261.0,240.125,383.5,354.5,393.5,173.164,114.8113,0.663,1,0,0,0
654,3,0,0,1,1,1,0.9878,0.981,0.8931,0.8379,1209.0,345.5,995.0,342.0,1035.0,501.0,1168.0,483.5,214.0286,134.1464,0.6268,1,0,0,0
654,3,0,1,1,1,1,0.9873,0.981,0.9136,0.8535,817.0,354.0,645.0,347.0,670.5,495.0,761.5,472.5,172.1424,93.7403,0.5446,1,0,0,0
654,3,0,2,1,1,1,0.9873,0.9878,0.9087,0.894,372.5,271.5,196.375,263.5,233.625,383.0,360.0,391.5,176.3066,126.6605,0.7184,1,0,0,0
655,3,0,0,1,1,1,0.9883,0.9814,0.8931,0.8335,1211.0,343.5,995.0,343.5,1028.0,501.0,1169.0,483.5,216.0,142.0818,0.6578,1,0,0,0
655,3,0,1,1,1,1,0.9893,0.9834,0.8965,0.8496,820.0,357.5,650.0,348.0,676.0,492.0,775.0,470.0,170.2652,101.415,0.5956,1,0,0,0
655,3,0,2,1,1,1,0.9873,0.9844,0.9116,0.8921,361.5,269.5,190.25,262.0,229.25,386.0,355.0,392.0,171.4142,125.8931,0.7344,1,0,0,0
656,3,0,0,1,1,1,0.9883,0.9805,0.8955,0.834,1210.0,343.5,994.0,344.5,1026.0,501.0,1172.0,485.0,216.0023,146.8741,0.68,1,0,0,0
656,3,0,2,1,1,1,0.9863,0.9844,0.9028,0.8926,356.25,268.0,183.0,261.0,224.5,387.0,342.75,391.0,173.3914,118.3176,0.6824,1,0,0,0
656,3,0,1,1,1,1,0.9897,0.978,0.9121,0.8457,825.0,354.0,661.0,341.5,691.0,493.0,778.0,468.5,164.4757,90.3839,0.5495,1,0,0,0
657,3,0,0,1,1,1,0.9863,0.9868,0.8691,0.8472,1212.0,348.5,997.5,350.5,1018.0,491.0,1169.0,486.5,214.5093,151.067,0.7042,1,0,0,0
657,3,0,2,1,1,1,0.9873,0.9873,0.9097,0.896,360.0,268.0,182.125,263.5,221.75,385.5,351.0,388.5,177.9319,129.2848,0.7266,1,0,0,0
657,3,0,1,1,1,1,0.9897,0.9824,0.9072,0.8521,825.0,354.5,658.0,345.0,692.0,494.0,784.0,469.5,167.27,95.2064,0.5692,1,0,0,0
658,3,0,0,1,1,1,0.9878,0.9863,0.8716,0.8354,1212.0,346.5,999.5,350.0,1025.0,494.0,1169.0,484.5,212.5288,144.313,0.679,1,0,0,0
658,3,0,2,1,1,1,0.9849,0.9868,0.9023,0.9009,352.0,269.0,172.75,263.0,220.0,388.5,349.5,390.0,179.3504,129.5087,0.7221,1,0,0,0
658,3,0,1,1,1,1,0.9902,0.9766,0.9175,0.8325,829.0,353.0,662.5,340.5,684.0,483.5,778.0,468.0,166.9686,95.2694,0.5706,1,0,0,0
659,3,0,0,1,1,1,0.9888,0.981,0.894,0.8257,1211.0,342.0,994.0,343.5,1030.0,498.0,1170.0,481.0,217.0052,141.0284,0.6499,1,0,0,0
659,3,0,2,1,1,1,0.9844,0.9868,0.8989,0.9038,352.0,268.5,172.75,262.5,224.75,384.5,347.5,390.0,179.3504,122.8732,0.6851,1,0,0,0
659,3,0,1,1,1,1,0.9907,0.9761,0.9194,0.8271,828.0,352.5,662.0,340.5,685.5,487.0,777.5,467.5,166.4332,94.0439,0.5651,1,0,0,0
660,3,0,0,1,1,1,0.9883,0.9824,0.8862,0.8359,1210.0,344.5,993.0,342.0,1025.0,500.0,1168.0,482.0,217.0144,144.1284,0.6641,1,0,0,0
660,3,0,2,1,1,1,0.9834,0.9863,0.8989,0.9053,346.0,266.0,165.0,261.0,211.0,388.5,345.5,393.5,181.069,134.5929,0.7433,1,0,0,0
660,3,0,1,1,1,1,0.9902,0.9766,0.9194,0.8364,830.0,351.0,666.0,337.5,696.5,488.0,777.5,467.5,164.5547,83.5539,0.5078,1,0,0,0
661,3,0,0,1,1,1,0.9878,0.981,0.8916,0.8359,1210.0,343.0,994.5,342.0,1032.0,502.0,1171.0,482.5,215.5023,140.3611,0.6513,1,0,0,0
661,3,0,2,1,1,1,0.9829,0.9863,0.895,0.9058,347.0,265.5,164.125,260.5,211.0,386.5,347.0,389.0,182.9433,136.023,0.7435,1,0,0,0
661,3,0,1,1,1,1,0.9893,0.9814,0.9028,0.8433,828.5,353.5,664.5,342.5,689.5,490.0,785.5,465.0,164.3685,99.2018,0.6035,1,0,0,0
662,3,0,0,1,1,1,0.9883,0.981,0.8945,0.8315,1211.0,343.0,993.5,342.5,1028.0,501.0,1172.0,482.0,217.5006,145.2481,0.6678,1,0,0,0
662,3,0,2,1,1,1,0.9858,0.9844,0.9102,0.8892,337.0,268.5,158.0,258.0,198.125,384.5,338.0,393.0,179.3077,140.133,0.7815,1,0,0,0
662,3,0,1,1,1,1,0.9902,0.98,0.9014,0.8345,831.0,357.0,665.0,342.5,694.0,484.0,791.5,457.5,166.6321,101.0371,0.6063,1,0,0,0
663,3,0,0,1,1,1,0.9883,0.9819,0.8862,0.8315,1213.0,345.0,994.0,343.0,1028.0,500.0,1169.0,482.5,219.0091,142.0818,0.6487,1,0,0,0
663,3,0,2,1,1,1,0.9829,0.9868,0.8916,0.9077,332.25,267.0,152.75,261.0,196.25,387.0,327.75,394.0,179.6003,131.6862,0.7332,1,0,0,0
663,3,0,1,1,1,1,0.9902,0.9756,0.9209,0.8374,829.0,352.0,666.0,339.0,694.0,483.5,783.5,464.5,163.5176,91.4945,0.5595,1,0,0,0
664,3,0,0,1,1,1,0.9868,0.9878,0.8564,0.8394,1212.0,348.0,996.5,349.5,1018.0,492.5,1173.0,483.5,215.5052,155.2611,0.7205,1,0,0,0
664,3,0,2,1,1,1,0.9839,0.9863,0.8994,0.9058,333.5,268.0,152.75,262.5,194.5,387.5,329.5,397.5,180.8337,135.3699,0.7486,1,0,0,0
664,3,0,1,1,1,1,0.9897,0.9775,0.916,0.8486,831.5,351.5,665.0,340.5,693.5,483.0,784.5,460.0,166.863,93.8616,0.5625,1,0,0,0
665,3,0,0,1,1,1,0.9878,0.981,0.8931,0.8379,1208.0,343.0,994.5,341.0,1029.0,498.0,1169.0,481.5,213.5094,140.969,0.6602,1,0,0,0
665,3,0,2,1,1,1,0.9839,0.9858,0.8945,0.8984,329.0,267.0,148.875,262.0,192.25,384.5,318.5,396.5,180.1944,126.819,0.7038,1,0,0,0
665,3,0,1,1,1,1,0.9902,0.9775,0.9146,0.8403,827.5,352.5,663.5,339.0,688.5,485.5,783.0,460.5,164.5547,97.751,0.594,1,0,0,0
666,3,0,0,1,1,1,0.9888,0.98,0.8999,0.833,1211.0,344.5,995.0,343.0,1031.0,497.0,1168.0,483.0,216.0052,137.7135,0.6375,1,0,0,0
666,3,0,2,1,1,1,0.9854,0.9854,0.9048,0.8965,328.0,268.0,148.375,262.0,196.75,387.0,320.25,399.5,179.7252,124.131,0.6907,1,0,0,0
666,3,0,1,1,1,1,0.9888,0.978,0.9116,0.8545,826.5,351.5,664.0,338.5,688.0,480.0,781.5,455.5,163.0192,96.6566,0.5929,1,0,0,0
667,3,0,0,1,1,1,0.9888,0.98,0.8979,0.8276,1211.0,345.5,994.5,344.0,1027.0,496.0,1170.0,479.5,216.5052,143.9488,0.6649,1,0,0,0
667,3,0,2,1,1,1,0.9854,0.9858,0.8989,0.8936,322.25,267.0,142.625,260.0,195.0,385.0,320.0,395.5,179.7613,125.4402,0.6978,1,0,0,0
667,3,0,1,1,1,1,0.9878,0.9771,0.9141,0.8369,823.0,355.0,659.5,343.0,684.0,484.5,774.5,464.5,163.9398,92.6836,0.5654,1,0,0,0
668,3,0,0,1,1,1,0.9888,0.98,0.8984,0.8271,1211.0,345.0,994.0,342.5,1025.0,496.0,1168.0,482.0,217.0144,143.6837,0.6621,1,0,0,0
668,3,0,2,1,1,1,0.9854,0.9897,0.8828,0.8955,325.5,265.0,144.0,262.5,189.125,384.0,327.0,385.0,181.5172,137.8786,0.7596,1,0,0,0
668,3,0,1,1,1,1,0.9878,0.9805,0.9224,0.8584,825.0,354.5,659.0,345.5,679.5,478.5,771.5,459.5,166.2438,93.9415,0.5651,1,0,0,0
669,3,0,0,1,1,1,0.9878,0.979,0.9043,0.8384,1209.0,344.0,996.0,342.0,1029.0,498.0,1172.0,482.5,213.0094,143.8376,0.6753,1,0,0,0
669,3,0,1,1,1,1,0.9902,0.9795,0.9141,0.832,818.0,357.0,656.0,344.0,680.5,484.0,773.5,461.0,162.5208,95.8019,0.5895,1,0,0,0
669,3,0,2,1,1,1,0.9844,0.9854,0.8848,0.9082,322.5,267.5,138.25,261.0,203.125,387.0,320.5,388.5,184.3646,117.3846,0.6367,1,0,0,0
670,3,0,0,1,1,1,0.9883,0.981,0.897,0.8345,1211.0,343.5,994.5,341.0,1029.0,501.0,1169.0,483.0,216.5144,141.1524,0.6519,1,0,0,0
670,3,0,2,1,1,1,0.9839,0.9873,0.8872,0.9048,320.5,264.0,140.5,260.5,191.125,384.5,320.0,391.0,180.034,129.0388,0.7167,1,0,0,0
670,3,0,1,1,1,1,0.9849,0.9814,0.9194,0.8789,819.0,353.0,657.5,343.5,685.0,483.5,761.0,466.0,161.7792,77.9888,0.4821,1,1,1,0
671,3,0,0,1,1,1,0.9878,0.9824,0.8862,0.8389,1211.0,343.0,995.5,341.5,1026.0,500.5,1177.0,480.0,215.5052,152.3852,0.7071,1,0,0,0
671,3,0,1,1,1,1,0.9858,0.98,0.9033,0.8687,809.5,355.0,650.5,341.0,684.0,484.5,758.5,456.5,159.6152,79.588,0.4986,1,1,2,0
671,3,0,2,1,1,1,0.9839,0.9873,0.8872,0.9062,319.25,263.0,136.5,261.5,190.75,379.5,315.0,391.0,182.7562,124.7811,0.6828,1,0,0,0
672,3,0,0,1,1,1,0.9883,0.9824,0.8887,0.8345,1212.0,345.0,993.0,343.5,1026.0,498.5,1178.0,481.5,219.0051,152.9477,0.6984,1,0,0,0
672,3,0,1,1,1,1,0.9897,0.979,0.9121,0.8555,802.0,358.0,647.0,340.5,672.0,481.0,760.5,449.5,155.9848,93.9388,0.6022,1,0,0,0
672,3,0,2,1,1,1,0.9854,0.9868,0.895,0.9004,316.5,261.5,134.5,259.5,190.0,379.0,310.0,395.5,182.011,121.1291,0.6655,1,0,0,0
673,3,0,0,1,1,1,0.9863,0.9878,0.8569,0.8481,1212.0,348.0,998.0,349.0,1022.0,490.0,1175.0,480.0,214.0023,153.3264,0.7165,1,0,0,0
673,3,0,1,1,1,1,0.9897,0.9771,0.915,0.8496,801.0,358.0,647.5,340.5,670.0,480.5,757.0,452.5,154.4943,91.3947,0.5916,1,0,0,0
673,3,0,2,1,1,1,0.9858,0.9902,0.8901,0.9092,319.5,261.5,135.75,263.0,183.0,379.0,317.5,391.5,183.7561,135.0796,0.7351,1,0,0,0
674,3,0,0,1,1,1,0.9883,0.9819,0.8892,0.8335,1211.0,344.5,994.0,342.0,1023.5,497.0,1170.0,480.0,217.0144,147.483,0.6796,1,0,0,0
674,3,0,2,1,1,1,0.9873,0.9854,0.8945,0.896,319.0,265.0,131.5,261.5,193.5,383.0,312.5,395.5,187.5327,119.6547,0.638,1,0,0,0
674,3,0,1,1,1,1,0.9893,0.978,0.9092,0.8584,788.0,357.5,638.0,343.0,658.5,479.5,744.0,448.0,150.6992,91.1181,0.6046,1,0,0,0
675,3,0,0,1,1,1,0.9878,0.9814,0.8921,0.8374,1210.0,343.0,993.5,340.0,1031.0,495.5,1170.0,483.0,216.5208,139.5609,0.6446,1,0,0,0
675,3,0,2,1,1,1,0.9844,0.9873,0.8916,0.9062,317.25,262.5,133.75,261.0,185.5,384.5,311.75,399.0,183.5061,127.0799,0.6925,1,0,0,0
675,3,0,1,1,1,1,0.9902,0.978,0.915,0.855,789.5,358.5,638.0,344.0,660.0,478.0,745.0,449.5,152.1923,89.6507,0.5891,1,0,0,0
676,3,0,0,1,1,1,0.9878,0.9878,0.8662,0.8408,1212.0,349.0,996.0,349.0,1016.5,490.0,1173.0,483.5,216.0,156.6349,0.7252,1,0,0,0
676,3,0,2,1,1,1,0.9868,0.9893,0.8999,0.9009,321.25,263.0,134.5,265.5,182.375,387.0,318.0,393.5,186.7667,135.7807,0.727,1,0,0,0
676,3,0,1,1,1,1,0.9863,0.9795,0.9141,0.8647,775.0,358.5,626.0,347.5,655.5,480.0,741.5,460.5,149.4055,88.183,0.5902,1,0,0,0
677,3,0,0,1,1,1,0.9873,0.9814,0.8931,0.8447,1209.0,345.0,997.0,342.0,1029.0,495.5,1171.0,478.0,212.0212,143.0743,0.6748,1,0,0,0
677,3,0,2,1,1,1,0.9878,0.9849,0.8984,0.8926,322.5,265.0,133.5,262.0,187.125,386.0,313.75,400.0,189.0238,127.3966,0.674,1,0,0,0
677,3,0,1,1,1,1,0.9873,0.979,0.9209,0.8638,774.5,358.5,625.5,347.0,651.0,479.5,743.5,462.5,149.4431,94.0492,0.6293,1,0,0,0
678,3,0,0,1,1,1,0.9868,0.9878,0.8687,0.8525,1212.0,347.0,998.5,348.5,1015.0,488.0,1176.0,481.0,213.5053,161.1521,0.7548,1,0,0,0
678,3,0,1,1,1,1,0.9907,0.9834,0.917,0.8594,765.0,361.5,618.0,347.0,647.0,480.5,734.0,467.0,147.7134,88.0412,0.596,1,0,0,0
678,3,0,2,1,1,1,0.9854,0.9863,0.894,0.896,321.0,262.0,133.0,263.0,178.5,387.5,300.5,403.5,188.0027,123.0447,0.6545,1,0,0,0
679,3,0,0,1,1,1,0.9878,0.9819,0.8862,0.833,1209.0,343.5,995.0,340.5,1021.5,498.5,1173.0,483.5,214.021,152.2408,0.7113,1,0,0,0
679,3,0,2,1,1,1,0.9863,0.9897,0.897,0.9033,324.5,259.5,135.75,265.0,184.75,386.5,313.5,395.0,188.8301,129.0303,0.6833,1,0,0,0
679,3,0,1,1,1,1,0.9888,0.9766,0.9155,0.8501,766.0,360.5,617.5,346.0,648.0,484.5,731.0,466.0,149.2062,85.0368,0.5699,1,0,0,0
680,3,0,0,1,1,1,0.9883,0.9814,0.8911,0.8325,1210.0,344.5,995.0,342.5,1021.0,494.0,1171.0,480.0,215.0093,150.6519,0.7007,1,0,0,0
680,3,0,2,1,1,1,0.9854,0.9873,0.8882,0.894,322.0,262.0,135.0,262.5,179.75,390.5,302.0,408.5,187.0007,123.568,0.6608,1,0,0,0
680,3,0,1,1,1,1,0.9897,0.9824,0.9062,0.8545,755.0,363.5,605.0,349.5,631.0,484.0,721.0,462.5,150.6519,92.5324,0.6142,1,0,0,0
681,3,0,0,1,1,1,0.9878,0.9819,0.8867,0.8354,1210.0,345.0,995.0,342.0,1022.0,498.5,1170.0,480.0,215.0209,149.1518,0.6937,1,0,0,0
681,3,0,1,1,1,1,0.9868,0.9805,0.9062,0.8643,754.0,361.0,604.0,349.5,632.5,483.0,716.5,465.0,150.4402,85.9069,0.571,1,0,0,0
681,3,0,2,1,1,1,0.9883,0.9893,0.9023,0.8887,328.0,263.0,137.0,263.0,165.625,390.0,312.5,397.5,191.0,147.0664,0.77,1,0,0,0
682,3,0,0,1,1,1,0.9878,0.9824,0.8862,0.8413,1209.0,345.0,995.5,341.0,1019.0,497.5,1174.0,478.5,213.5375,156.1602,0.7313,1,0,0,0
682,3,0,1,1,1,1,0.9863,0.9819,0.9038,0.875,745.0,362.5,594.5,350.5,627.5,486.0,710.5,463.0,150.9776,86.1278,0.5705,1,0,0,0
682,3,0,2,1,1,1,0.9854,0.9878,0.8857,0.8901,328.0,265.0,138.125,261.0,177.375,394.5,306.75,409.5,189.9171,130.2417,0.6858,1,0,0,0
683,3,0,0,1,1,1,0.9888,0.981,0.895,0.8281,1210.0,344.0,993.5,342.5,1022.0,498.5,1173.0,480.0,216.5052,152.1291,0.7027,1,0,0,0
683,3,0,2,1,1,1,0.9854,0.9907,0.8833,0.9014,331.0,265.0,139.375,262.5,174.25,392.5,315.0,406.0,191.6413,141.3959,0.7378,1,0,0,0
683,3,0,1,1,1,1,0.9854,0.9819,0.9165,0.8745,747.0,360.0,595.5,351.0,629.0,478.5,703.5,465.5,151.7671,75.6257,0.4983,1,1,1,0
684,3,0,0,1,1,1,0.9878,0.9819,0.8872,0.8354,1209.0,344.5,994.0,342.5,1021.5,500.5,1179.0,481.5,215.0093,158.6419,0.7378,1,0,0,0
684,3,0,2,1,1,1,0.9854,0.9868,0.895,0.8882,332.5,268.5,143.375,263.0,179.5,390.5,303.5,411.5,189.205,125.7657,0.6647,1,0,0,0
684,3,0,1,1,1,1,0.9878,0.9839,0.9189,0.8843,736.0,359.5,588.5,348.5,617.5,482.5,700.5,464.0,147.9096,85.0368,0.5749,1,0,0,0
685,3,0,0,1,1,1,0.9878,0.9819,0.8896,0.8384,1210.0,346.0,993.5,344.0,1025.0,498.5,1175.0,481.5,216.5092,150.9603,0.6972,1,0,0,0
685,3,0,2,1,1,1,0.9854,0.9873,0.8921,0.8901,338.0,267.0,150.125,264.5,182.25,391.5,312.0,404.0,187.8916,130.3507,0.6938,1,0,0,0
685,3,0,1,1,1,1,0.9883,0.9839,0.9199,0.8843,732.0,356.5,582.5,349.0,613.0,477.0,696.5,461.0,149.688,85.0191,0.568,1,0,0,0
686,3,0,0,1,1,1,0.9878,0.981,0.8931,0.8423,1210.0,345.0,993.5,343.5,1021.5,498.0,1173.0,479.5,216.5052,152.6254,0.705,1,0,0,0
686,3,0,2,1,1,1,0.9849,0.9868,0.894,0.8916,340.0,266.0,151.5,262.5,182.25,393.5,310.75,410.5,188.5325,129.6196,0.6875,1,0,0,0
686,3,0,1,1,1,1,0.9912,0.981,0.9229,0.8745,733.5,357.5,585.0,345.5,613.5,477.5,692.5,453.5,148.9841,82.5651,0.5542,1,0,0,0
687,3,0,0,1,1,1,0.9873,0.9873,0.875,0.8477,1211.0,349.5,999.5,350.5,1014.5,489.0,1167.0,485.5,211.5024,152.5402,0.7212,1,0,0,0
687,3,0,2,1,1,1,0.9854,0.9873,0.8984,0.8926,342.5,264.0,156.125,259.0,178.625,392.0,322.0,404.0,186.4421,143.8763,0.7717,1,0,0,0
687,3,0,1,1,1,1,0.9873,0.9814,0.9224,0.8735,725.0,355.5,575.5,349.0,605.5,467.0,686.5,458.5,149.6412,81.4448,0.5443,1,0,0,0
688,3,0,0,1,1,1,0.9883,0.9873,0.874,0.8442,1209.0,349.5,998.0,349.0,1014.0,492.0,1168.0,483.0,211.0006,154.2628,0.7311,1,0,0,0
688,3,0,2,1,1,1,0.9849,0.9883,0.894,0.8979,344.25,263.5,156.25,259.0,183.125,394.5,321.5,406.5,188.0538,138.8944,0.7386,1,0,0,0
688,3,0,1,1,1,1,0.9922,0.9771,0.9302,0.8477,729.0,354.5,579.0,346.0,605.0,470.0,680.0,448.0,150.2406,78.1601,0.5202,1,0,0,0
689,3,0,2,1,1,1,0.9858,0.9883,0.8921,0.8926,352.5,258.5,159.125,256.0,186.5,391.0,321.25,404.0,193.3912,135.3756,0.7,1,0,0,0
689,3,0,0,1,1,1,0.9863,0.9883,0.8647,0.8579,1209.0,350.0,998.0,349.5,1012.5,491.0,1172.0,483.5,211.0006,159.6762,0.7568,1,0,0,0
689,3,0,1,1,1,1,0.9922,0.9775,0.9307,0.855,723.0,353.0,573.5,346.5,604.5,468.5,677.0,445.5,149.6412,76.0608,0.5083,1,0,0,0
690,3,0,0,1,1,1,0.9883,0.981,0.8945,0.8354,1209.0,345.0,994.0,342.5,1020.0,499.0,1174.0,484.0,215.0145,154.7288,0.7196,1,0,0,0
690,3,0,2,1,1,1,0.9858,0.9883,0.8926,0.8916,352.0,258.0,159.75,255.0,183.25,393.0,322.75,405.5,192.2734,140.0589,0.7284,1,0,0,0
690,3,0,1,1,1,1,0.9927,0.9771,0.9336,0.8521,721.0,352.0,573.5,345.0,603.5,473.0,674.0,443.0,147.666,76.6176,0.5189,1,0,0,0
691,3,0,2,1,1,1,0.9863,0.9873,0.9058,0.8911,366.25,259.0,166.25,256.0,190.875,393.5,337.25,405.5,200.0225,146.8661,0.7342,1,0,0,0
691,3,0,0,1,1,1,0.9883,0.9819,0.8911,0.8345,1210.0,344.0,993.0,343.0,1020.0,500.0,1173.0,484.0,217.0023,153.8343,0.7089,1,0,0,0
691,3,0,1,1,1,1,0.9922,0.9785,0.9297,0.8608,718.5,351.0,571.0,345.0,602.0,471.5,674.5,442.5,147.622,78.0849,0.529,1,0,0,0
692,3,0,0,1,1,1,0.9883,0.98,0.8989,0.834,1209.0,346.5,994.0,342.5,1025.0,498.0,1172.0,481.0,215.0372,147.9797,0.6882,1,0,0,0
692,3,0,2,1,1,1,0.9868,0.9878,0.9077,0.894,373.0,258.0,175.5,254.5,201.375,393.5,349.5,403.0,197.531,148.4293,0.7514,1,0,0,0
692,3,0,1,1,1,1,0.9927,0.9766,0.9341,0.8555,717.0,348.5,571.0,345.0,609.0,474.0,677.0,444.0,146.0419,74.3236,0.5089,1,0,0,0
693,3,0,0,1,1,1,0.9878,0.9814,0.8926,0.8389,1210.0,347.0,994.5,344.0,1026.0,497.0,1174.0,480.5,215.5209,148.9169,0.691,1,0,0,0
693,3,0,2,1,1,1,0.9863,0.9883,0.9028,0.8989,372.75,257.5,177.25,254.0,205.25,391.0,348.5,398.0,195.5313,143.4209,0.7335,1,0,0,0
693,3,0,1,1,1,1,0.9893,0.9829,0.9253,0.8765,717.0,349.5,568.5,348.0,606.5,469.5,685.5,453.0,148.5076,80.7047,0.5434,1,0,0,0
694,3,0,0,1,1,1,0.9873,0.9834,0.897,0.8408,1214.0,348.0,992.5,348.0,1017.5,495.5,1171.0,485.5,221.5,153.8254,0.6945,1,0,0,0
694,3,0,2,1,1,1,0.9849,0.9883,0.9116,0.9131,380.75,253.0,183.25,252.0,207.125,393.5,357.5,398.5,197.5025,150.4581,0.7618,1,0,0,0
694,3,0,1,1,1,1,0.9888,0.9834,0.9229,0.8823,717.0,350.0,568.5,349.0,605.0,468.0,682.0,456.0,148.5034,77.9295,0.5248,1,0,0,0
695,3,0,0,1,1,1,0.9883,0.981,0.894,0.8301,1209.0,345.0,995.0,343.0,1023.0,494.0,1175.0,483.0,214.0093,152.3975,0.7121,1,0,0,0
695,3,0,1,1,1,1,0.9927,0.9775,0.9331,0.8564,716.0,348.5,571.0,345.0,605.0,471.5,679.0,449.0,145.0422,77.345,0.5333,1,0,0,0
695,3,0,2,1,1,1,0.9863,0.9863,0.8906,0.9038,378.75,257.5,185.625,251.0,211.875,390.0,356.0,398.5,193.2344,144.3754,0.7472,1,0,0,0
696,3,0,0,1,1,1,0.9878,0.9814,0.8916,0.8359,1210.0,345.0,996.0,343.5,1020.5,496.0,1172.0,485.0,214.0053,151.8988,0.7098,1,0,0,0
696,3,0,2,1,1,1,0.9854,0.9878,0.9126,0.9087,392.25,252.0,192.875,251.0,224.5,386.5,375.0,398.0,199.3775,150.9387,0.757,1,0,0,0
696,3,0,1,1,1,1,0.9932,0.9741,0.9434,0.8457,717.0,347.0,573.5,346.0,606.0,469.5,676.0,443.5,143.5035,74.6726,0.5204,1,0,0,0
697,3,0,0,1,1,1,0.9873,0.9878,0.8667,0.8442,1210.0,348.0,998.0,349.5,1015.5,491.5,1171.0,487.0,212.0053,155.5651,0.7338,1,0,0,0
697,3,0,2,1,1,1,0.9849,0.9888,0.9028,0.9077,393.0,252.0,188.75,250.0,223.25,381.5,378.0,397.5,204.2598,155.5749,0.7617,1,0,0,0
697,3,0,1,1,1,1,0.9932,0.9756,0.9404,0.8535,717.0,348.5,574.0,345.0,602.0,470.0,673.5,441.0,143.0428,77.1573,0.5394,1,0,0,0
698,3,0,0,1,1,1,0.9883,0.981,0.8965,0.8354,1208.0,343.0,993.5,341.5,1021.5,499.5,1176.0,485.0,214.5052,155.1789,0.7234,1,0,0,0
698,3,0,2,1,1,1,0.9829,0.9824,0.8896,0.8735,404.5,244.5,194.25,243.5,262.75,399.0,357.5,400.5,210.2524,94.7619,0.4507,1,1,1,0
698,3,0,1,1,1,1,0.9878,0.981,0.9297,0.8789,721.0,347.0,574.0,348.5,610.0,464.5,682.0,452.5,147.0077,72.9932,0.4965,1,1,1,0
699,3,0,0,1,1,1,0.9883,0.9805,0.8994,0.832,1210.0,344.0,995.0,343.0,1023.5,495.0,1174.0,482.5,215.0023,151.0182,0.7024,1,0,0,0
699,3,0,2,1,1,1,0.9839,0.9863,0.9092,0.9121,403.5,248.0,205.75,244.0,239.625,386.0,386.5,403.5,197.7905,147.9139,0.7478,1,0,0,0
699,3,0,1,1,1,1,0.9888,0.981,0.9292,0.8779,721.5,348.5,576.0,345.0,609.0,462.0,685.0,449.0,145.5421,77.1038,0.5298,1,0,0,0
700,3,0,0,1,1,1,0.9888,0.9805,0.896,0.8252,1210.0,345.5,993.5,345.0,1023.0,497.5,1173.0,484.0,216.5006,150.6063,0.6956,1,0,0,0
700,3,0,1,1,1,1,0.9922,0.9771,0.9331,0.8613,723.0,348.5,579.0,342.0,608.5,470.0,686.5,444.5,144.1466,82.0625,0.5693,1,0,0,0
700,3,0,2,1,1,1,0.9854,0.9849,0.9141,0.9023,402.25,248.5,206.25,245.5,233.125,386.0,386.0,400.0,196.023,153.5147,0.7831,1,0,0,0
701,3,0,0,1,1,1,0.9873,0.9805,0.897,0.8447,1208.0,346.5,996.5,344.0,1023.0,495.0,1171.0,481.5,211.5148,148.6144,0.7026,1,0,0,0
701,3,0,2,1,1,1,0.9849,0.9854,0.9165,0.9092,409.25,247.5,209.625,244.0,236.75,380.0,389.0,403.5,199.6557,154.053,0.7716,1,0,0,0
701,3,0,1,1,1,1,0.9907,0.9746,0.9287,0.8574,728.5,350.0,586.0,341.0,613.5,469.5,695.5,446.0,142.7839,85.3009,0.5974,1,0,0,0
702,3,0,0,1,1,1,0.9873,0.98,0.8975,0.8467,1207.0,347.0,998.0,344.0,1024.0,496.0,1169.0,482.0,209.0215,145.6743,0.6969,1,0,0,0
702,3,0,2,1,1,1,0.9844,0.9858,0.9136,0.9106,408.5,247.5,209.75,244.0,236.125,381.0,389.5,403.5,198.7808,155.0166,0.7798,1,0,0,0
702,3,0,1,1,1,1,0.9912,0.9746,0.9316,0.8535,727.5,348.5,585.0,342.0,612.5,469.0,697.5,447.0,142.6482,87.8009,0.6155,1,0,0,0
703,3,0,0,1,1,1,0.9883,0.979,0.9038,0.833,1209.0,345.0,995.5,344.5,1023.5,498.0,1170.0,483.5,213.5006,147.2158,0.6895,1,0,0,0
703,3,0,2,1,1,1,0.9849,0.9849,0.918,0.9028,415.0,249.5,213.75,244.5,241.375,380.0,396.5,409.0,201.3121,157.8124,0.7839,1,0,0,0
703,3,0,1,1,1,1,0.9912,0.9766,0.9312,0.8604,733.0,348.5,589.5,340.5,620.0,467.5,692.0,444.0,143.7228,75.738,0.527,1,0,0,0
704,3,0,0,1,1,1,0.9878,0.9805,0.9004,0.8413,1208.0,345.5,995.5,344.0,1025.0,498.0,1172.0,483.5,212.5053,147.7134,0.6951,1,0,0,0
704,3,0,2,1,1,1,0.9844,0.9863,0.9077,0.9067,414.25,247.0,212.25,241.5,234.0,380.0,395.5,402.5,202.0749,163.0598,0.8069,1,0,0,0
704,3,0,1,1,1,1,0.9897,0.9751,0.9341,0.8569,732.5,348.5,587.0,344.5,618.5,468.5,694.5,444.5,145.555,79.6994,0.5476,1,0,0,0
705,3,0,0,1,1,1,0.9883,0.981,0.896,0.8359,1207.0,343.0,994.5,343.0,1025.0,500.0,1170.0,485.0,212.5,145.7738,0.686,1,0,0,0
705,3,0,2,1,1,1,0.9858,0.9868,0.9053,0.8965,417.5,247.0,213.875,243.5,237.125,378.0,399.0,405.5,203.6551,164.1943,0.8062,1,0,0,0
705,3,0,1,1,1,1,0.9897,0.9761,0.9336,0.856,741.0,349.5,595.0,343.5,625.0,467.0,708.0,449.0,146.1232,84.9294,0.5812,1,0,0,0
706,3,0,0,1,1,1,0.9888,0.9795,0.9048,0.8301,1207.0,344.0,996.0,343.0,1028.0,502.5,1170.0,485.5,211.0024,143.014,0.6778,1,0,0,0
706,3,0,1,1,1,1,0.9897,0.9766,0.9331,0.8584,739.0,349.0,594.5,343.5,626.5,467.0,708.0,449.5,144.6046,83.3577,0.5765,1,0,0,0
706,3,0,2,1,1,1,0.9863,0.9863,0.9092,0.896,418.75,249.0,215.5,244.5,236.125,380.5,398.25,407.0,203.2998,164.2765,0.8081,1,0,0,0
707,3,0,0,1,1,1,0.9883,0.9795,0.9019,0.8364,1209.0,344.0,996.5,343.5,1024.0,500.0,1168.0,483.0,212.5006,145.0,0.6824,1,0,0,0
707,3,0,2,1,1,1,0.9849,0.9883,0.8984,0.9058,423.25,248.5,218.5,245.0,244.875,381.0,405.5,400.5,204.7799,161.8043,0.7901,1,0,0,0
707,3,0,1,1,1,1,0.9897,0.979,0.9321,0.8706,747.5,351.5,604.0,346.5,638.5,466.5,713.0,454.5,143.5871,75.4603,0.5255,1,0,0,0
708,3,0,2,1,1,1,0.9858,0.9878,0.9004,0.897,422.0,248.5,215.875,243.0,244.0,382.0,412.25,399.0,206.1984,169.1067,0.8201,1,0,0,0
708,3,0,0,1,1,1,0.9883,0.98,0.897,0.834,1210.0,345.5,997.0,342.0,1028.0,500.5,1169.0,485.0,213.0288,141.8494,0.6659,1,0,0,0
708,3,0,1,1,1,1,0.9902,0.9785,0.9385,0.8691,755.0,353.0,615.5,348.0,651.0,463.5,728.0,453.0,139.5896,77.7126,0.5567,1,0,0,0
709,3,0,0,1,1,1,0.9873,0.981,0.8931,0.8438,1208.0,345.5,996.0,343.5,1027.0,500.0,1169.0,484.5,212.0094,142.8434,0.6738,1,0,0,0
709,3,0,2,1,1,1,0.9863,0.9868,0.9116,0.8989,421.5,250.0,215.5,244.0,244.125,384.0,411.75,400.0,206.0874,168.3869,0.8171,1,0,0,0
709,3,0,1,1,1,1,0.9902,0.978,0.9414,0.8677,755.0,351.5,614.0,347.0,650.0,463.0,722.0,453.5,141.0718,72.624,0.5148,1,0,0,0
710,3,0,0,1,1,1,0.9858,0.9878,0.8647,0.8569,1208.0,348.5,999.5,348.5,1020.0,491.0,1165.0,480.5,208.5,145.3797,0.6973,1,0,0,0
710,3,0,2,1,1,1,0.9873,0.9863,0.9116,0.8906,421.0,248.5,213.25,243.0,244.625,377.5,408.0,398.0,207.8228,164.6561,0.7923,1,0,0,0
710,3,0,1,1,1,1,0.9917,0.9844,0.9292,0.8706,765.0,352.5,623.5,346.5,658.5,460.0,736.5,448.5,141.6272,78.8432,0.5567,1,0,0,0
711,3,0,2,1,1,1,0.9863,0.9873,0.9067,0.9004,422.5,247.5,214.75,242.5,246.75,378.0,407.5,397.5,207.8102,161.9284,0.7792,1,0,0,0
711,3,0,0,1,1,1,0.9863,0.9878,0.8608,0.853,1208.0,349.0,998.0,348.5,1021.5,490.5,1168.0,483.0,210.0006,146.6919,0.6985,1,0,0,0
711,3,0,1,1,1,1,0.9922,0.9849,0.9312,0.8779,765.0,352.5,624.0,346.0,660.0,460.5,732.0,450.0,141.1497,72.7616,0.5155,1,0,0,0
712,3,0,2,1,1,1,0.9858,0.9878,0.8945,0.8936,420.75,246.5,212.5,243.0,244.375,383.5,410.5,397.5,208.2794,166.7139,0.8004,1,0,0,0
712,3,0,0,1,1,1,0.9878,0.979,0.9004,0.8389,1210.0,343.0,997.5,342.5,1029.0,500.0,1170.0,482.0,212.5006,142.1443,0.6689,1,0,0,0
712,3,0,1,1,1,1,0.9893,0.9819,0.937,0.8882,777.5,354.5,636.5,351.0,672.0,462.0,742.5,449.5,141.0434,71.5996,0.5076,1,0,0,0
713,3,0,2,1,1,1,0.9858,0.9878,0.8989,0.8975,419.0,247.0,211.625,243.5,245.25,382.0,410.5,397.0,207.4045,165.9294,0.8,1,0,0,0
713,3,0,0,1,1,1,0.9873,0.98,0.8984,0.8442,1210.0,344.0,996.5,342.0,1030.0,504.0,1171.0,482.0,213.5094,142.706,0.6684,1,0,0,0
713,3,0,1,1,1,1,0.9927,0.9751,0.9375,0.8516,776.0,354.5,640.0,346.5,666.0,464.5,738.0,438.0,136.2351,76.7219,0.5632,1,0,0,0
714,3,0,0,1,1,1,0.9883,0.98,0.9004,0.8369,1207.0,344.5,997.0,342.5,1025.0,499.0,1169.0,484.0,210.0095,144.7791,0.6894,1,0,0,0
714,3,0,2,1,1,1,0.9883,0.9854,0.9141,0.875,421.25,243.5,211.25,243.0,244.625,384.5,416.5,403.5,210.0006,172.922,0.8234,1,0,0,0
714,3,0,1,1,1,1,0.9912,0.9795,0.9268,0.874,786.5,358.5,650.0,350.0,677.5,472.0,745.5,448.5,136.7644,71.9462,0.5261,1,0,0,0
715,3,0,0,1,1,1,0.9883,0.9795,0.8999,0.8306,1207.0,344.0,996.5,341.5,1027.0,502.0,1168.0,486.0,210.5148,141.9049,0.6741,1,0,0,0
715,3,0,2,1,1,1,0.9868,0.9873,0.9028,0.8853,420.75,244.0,210.375,243.5,241.25,384.5,413.75,404.5,210.3756,173.6555,0.8255,1,0,0,0
715,3,0,1,1,1,1,0.9917,0.9785,0.9336,0.8706,787.5,358.0,650.0,348.5,680.5,472.5,746.5,446.5,137.8278,70.9366,0.5147,1,0,0,0
716,3,0,0,1,1,1,0.9873,0.9863,0.8809,0.8496,1210.0,350.5,998.5,350.0,1020.0,491.0,1165.0,483.0,211.5006,145.2205,0.6866,1,0,0,0
716,3,0,2,1,1,1,0.9883,0.9863,0.9082,0.8804,418.25,244.5,206.375,245.0,237.25,379.5,416.0,399.5,211.8756,179.8654,0.8489,1,0,0,0
716,3,0,1,1,1,1,0.9893,0.9795,0.9307,0.877,792.0,357.5,651.5,352.0,687.0,467.0,759.0,447.5,140.6076,74.5939,0.5305,1,0,0,0
717,3,0,0,1,1,1,0.9878,0.98,0.9004,0.8438,1210.0,346.0,998.0,343.0,1026.0,498.5,1168.0,482.0,212.0212,142.9554,0.6743,1,0,0,0
717,3,0,2,1,1,1,0.9868,0.9873,0.9004,0.8887,420.0,243.5,207.0,245.0,234.625,376.5,416.5,398.0,213.0053,183.1414,0.8598,1,0,0,0
717,3,0,1,1,1,1,0.9897,0.9805,0.9321,0.8838,793.0,358.5,651.0,352.5,690.0,468.0,758.0,449.5,142.1267,70.4716,0.4958,1,1,1,0
718,3,0,0,1,1,1,0.9883,0.981,0.8975,0.8345,1210.0,344.0,994.0,343.5,1027.0,496.5,1166.0,482.5,216.0006,139.7033,0.6468,1,0,0,0
718,3,0,1,1,1,1,0.9897,0.9805,0.9312,0.8804,798.5,355.0,656.5,349.5,694.0,463.0,762.5,445.0,142.1065,70.8255,0.4984,1,1,2,0
718,3,0,2,1,1,1,0.9873,0.9873,0.8813,0.8892,411.75,245.5,201.25,244.5,245.125,385.0,403.5,392.5,210.5024,158.5525,0.7532,1,0,0,0
719,3,0,0,1,1,1,0.9883,0.98,0.8989,0.832,1211.0,341.0,996.0,341.0,1030.0,502.0,1167.0,484.0,215.0,138.1774,0.6427,1,0,0,0
719,3,0,2,1,1,1,0.9883,0.9907,0.8882,0.894,410.5,247.5,206.25,249.5,238.0,374.5,416.5,394.5,204.2598,179.617,0.8794,1,0,0,0
719,3,0,1,1,1,1,0.9902,0.9795,0.9346,0.8735,798.0,354.0,657.0,349.5,692.0,466.5,761.5,447.5,141.0718,72.0503,0.5107,1,0,0,0
720,3,0,2,1,1,1,0.9849,0.9902,0.8779,0.8892,413.0,245.0,198.125,249.0,241.5,379.5,411.0,383.5,214.9122,169.5472,0.7889,1,0,0,0
720,3,0,0,1,1,1,0.9873,0.9873,0.875,0.8452,1210.0,347.5,998.0,350.0,1018.0,491.0,1173.0,483.5,212.0147,155.1813,0.7319,1,0,0,0
720,3,0,1,1,1,1,0.9902,0.978,0.937,0.8657,803.5,355.5,663.0,349.0,697.5,463.0,767.5,447.0,140.6503,71.8053,0.5105,1,0,0,0
721,3,0,2,1,1,1,0.9858,0.9878,0.8931,0.8936,404.0,249.0,190.625,245.5,240.125,387.0,416.0,399.0,213.4037,176.2839,0.8261,1,0,0,0
721,3,0,0,1,1,1,0.9888,0.9805,0.8999,0.8296,1207.0,343.5,994.0,343.0,1024.0,497.0,1159.0,479.0,213.0006,136.1947,0.6394,1,0,0,0
721,3,0,1,1,1,1,0.9912,0.9819,0.9399,0.8818,806.0,355.0,667.5,346.5,702.5,464.5,773.0,449.0,138.7606,72.1838,0.5202,1,0,0,0
722,3,0,2,1,1,1,0.9849,0.9897,0.876,0.8877,409.75,248.0,190.25,249.5,238.75,388.5,411.25,390.0,219.5051,172.5065,0.7859,1,0,0,0
722,3,0,0,1,1,1,0.9893,0.9795,0.9033,0.8252,1209.0,344.5,995.0,343.0,1023.5,496.5,1166.0,480.5,214.0053,143.3954,0.6701,1,0,0,0
722,3,0,1,1,1,1,0.9907,0.9819,0.9351,0.8838,806.0,354.0,669.0,345.5,700.5,466.5,773.0,447.0,137.2634,75.0766,0.547,1,0,0,0
723,3,0,2,1,1,1,0.9868,0.9873,0.9023,0.8931,399.25,247.0,182.25,241.0,244.25,385.0,411.0,397.0,217.0829,167.1812,0.7701,1,0,0,0
723,3,0,0,1,1,1,0.9893,0.9795,0.9033,0.8267,1209.0,345.0,994.0,342.5,1028.0,499.0,1171.0,481.0,215.0145,144.1284,0.6703,1,0,0,0
723,3,0,1,1,1,1,0.9912,0.981,0.939,0.875,808.0,355.0,671.0,345.5,704.5,461.0,771.0,447.5,137.329,67.8565,0.4941,1,1,1,0
724,3,0,2,1,1,1,0.9863,0.9873,0.9004,0.8931,400.25,245.0,183.25,240.0,243.125,385.0,409.0,406.0,217.0576,167.199,0.7703,1,0,0,0
724,3,0,0,1,1,1,0.9873,0.9863,0.877,0.8486,1209.0,350.0,999.0,350.5,1019.5,494.0,1165.0,484.5,210.0006,145.8098,0.6943,1,0,0,0
724,3,0,1,1,1,1,0.9917,0.9814,0.9419,0.876,809.0,353.0,670.5,345.0,701.5,461.5,769.0,446.0,138.7309,69.2568,0.4992,1,1,2,0
725,3,0,2,1,1,1,0.9878,0.9893,0.8892,0.8916,397.75,241.0,175.0,238.0,248.25,393.0,406.5,398.0,222.7702,158.329,0.7107,1,0,0,0
725,3,0,0,1,1,1,0.9883,0.9844,0.894,0.8379,1214.0,347.5,994.0,347.5,1026.0,495.0,1164.0,483.5,220.0,138.4783,0.6294,1,0,0,0
725,3,0,1,1,1,1,0.9907,0.9814,0.9385,0.877,809.0,354.0,674.5,345.0,702.0,463.0,770.5,451.5,134.8008,69.4586,0.5153,1,0,0,0
726,3,0,2,1,1,1,0.9868,0.9893,0.8892,0.9004,398.5,241.0,175.875,240.0,244.125,393.0,410.5,401.0,222.6272,166.5672,0.7482,1,0,0,0
726,3,0,0,1,1,1,0.9888,0.98,0.8994,0.8296,1208.0,345.0,993.5,343.5,1030.0,502.0,1169.0,480.5,214.5052,140.6529,0.6557,1,0,0,0
726,3,0,1,1,1,1,0.9912,0.9795,0.9419,0.8677,808.0,355.0,673.0,346.5,699.0,462.0,771.5,452.0,135.2673,73.1864,0.5411,1,0,0,0
727,3,0,2,1,1,1,0.9878,0.9912,0.8721,0.875,396.25,235.0,168.375,239.5,231.125,387.5,404.75,396.5,227.9194,173.8581,0.7628,1,0,0,0
727,3,0,0,1,1,1,0.9878,0.9863,0.8789,0.8408,1211.0,347.5,997.0,350.0,1019.0,489.5,1170.0,482.0,214.0146,151.1861,0.7064,1,0,0,0
727,3,0,1,1,1,1,0.9912,0.979,0.9419,0.8672,809.0,355.0,674.5,345.5,700.0,461.5,768.0,448.0,134.8351,69.3271,0.5142,1,0,0,0
728,3,0,0,1,1,1,0.9883,0.9805,0.8965,0.8311,1207.0,345.5,993.0,342.5,1030.0,501.0,1169.0,483.0,214.021,140.1606,0.6549,1,0,0,0
728,3,0,2,1,1,1,0.9863,0.9897,0.8892,0.8916,391.75,230.25,162.75,236.5,228.875,386.5,404.75,389.5,229.0853,175.9006,0.7678,1,0,0,0
728,3,0,1,1,1,1,0.9907,0.9805,0.939,0.8745,809.0,353.5,674.5,344.5,701.5,460.5,766.5,444.0,134.8008,67.0615,0.4975,1,1,1,0
729,3,0,0,1,1,1,0.9893,0.9805,0.8965,0.8218,1208.0,346.0,995.0,343.5,1027.0,499.5,1172.0,479.5,213.0147,146.3728,0.6871,1,0,0,0
729,3,0,2,1,1,1,0.9868,0.9902,0.8853,0.8926,391.0,230.25,161.875,236.0,234.25,386.5,401.5,392.0,229.1971,167.3404,0.7301,1,0,0,0
729,3,0,1,1,1,1,0.9907,0.9795,0.9404,0.8716,808.0,354.0,675.5,344.0,700.0,460.0,771.0,446.5,132.8768,72.2721,0.5439,1,0,0,0
730,3,0,0,1,1,1,0.9893,0.9795,0.9009,0.8242,1209.0,344.0,993.0,342.0,1023.5,501.0,1172.0,481.5,216.0093,149.7748,0.6934,1,0,0,0
730,3,0,2,1,1,1,0.9878,0.9888,0.9004,0.8882,386.25,230.5,155.0,233.0,227.125,380.5,392.0,397.5,231.2635,165.7491,0.7167,1,0,0,0
730,3,0,1,1,1,1,0.9912,0.9795,0.9419,0.8701,807.0,353.5,675.5,345.0,701.5,461.5,769.5,448.5,131.7744,69.2315,0.5254,1,0,0,0
731,3,0,0,1,1,1,0.9897,0.9795,0.9033,0.8169,1209.0,345.5,992.5,344.0,1025.0,498.5,1173.0,479.0,216.5052,149.2791,0.6895,1,0,0,0
731,3,0,2,1,1,1,0.9878,0.9878,0.8999,0.8945,380.25,232.0,156.5,231.75,234.125,385.0,387.75,396.0,223.7501,154.0183,0.6883,1,0,0,0
731,3,0,1,1,1,1,0.9912,0.9785,0.936,0.8696,810.0,354.0,676.5,343.0,702.0,465.5,767.5,447.0,133.9524,68.0625,0.5081,1,0,0,0
732,3,0,0,1,1,1,0.9883,0.9805,0.895,0.8291,1208.0,343.5,993.5,342.5,1025.0,500.0,1172.0,479.0,214.5023,148.4924,0.6923,1,0,0,0
732,3,0,2,1,1,1,0.9873,0.9883,0.895,0.8984,375.0,230.0,149.25,230.75,232.5,385.0,387.5,398.0,225.7512,155.5442,0.689,1,0,0,0
732,3,0,1,1,1,1,0.9907,0.9814,0.939,0.8799,805.5,354.0,673.0,346.0,696.5,461.5,764.0,448.5,132.7413,68.7405,0.5179,1,0,0,0
733,3,0,0,1,1,1,0.9883,0.981,0.894,0.835,1209.0,344.0,994.0,341.5,1027.0,502.0,1172.0,481.0,215.0145,146.5128,0.6814,1,0,0,0
733,3,0,2,1,1,1,0.9883,0.9883,0.8926,0.8901,374.0,231.25,146.25,230.5,230.0,384.0,383.5,401.0,227.7512,154.4385,0.6781,1,0,0,0
733,3,0,1,1,1,1,0.9902,0.9819,0.9351,0.8838,805.5,354.5,672.5,346.0,699.0,460.0,765.0,445.5,133.2713,67.574,0.507,1,0,0,0
734,3,0,2,1,1,1,0.9883,0.9873,0.9028,0.8906,371.25,229.25,141.25,227.75,234.25,384.0,376.5,402.5,230.0049,143.4479,0.6237,1,0,0,0
734,3,0,0,1,1,1,0.9883,0.98,0.9004,0.8403,1208.0,345.0,994.5,342.0,1027.0,499.5,1174.0,477.0,213.5211,148.712,0.6965,1,0,0,0
734,3,0,1,1,1,1,0.9907,0.9834,0.938,0.8921,803.0,354.0,670.0,345.5,697.0,460.0,762.0,446.5,133.2713,66.3871,0.4981,1,1,1,0
735,3,0,0,1,1,1,0.9883,0.981,0.8945,0.8379,1208.0,345.0,993.5,343.0,1025.0,497.0,1165.0,477.5,214.5093,141.3515,0.659,1,0,0,0
735,3,0,2,1,1,1,0.9902,0.9893,0.9019,0.8696,374.75,231.0,131.875,228.5,207.375,382.0,380.0,404.5,242.8879,174.0852,0.7167,1,0,0,0
735,3,0,1,1,1,1,0.9907,0.9805,0.9404,0.8804,800.5,355.5,667.0,346.5,695.0,461.0,762.5,444.0,133.803,69.6078,0.5202,1,0,0,0
736,3,0,0,1,1,1,0.9883,0.98,0.8984,0.833,1206.0,343.5,994.5,341.0,1026.0,497.5,1169.0,477.5,211.5148,144.3918,0.6827,1,0,0,0
736,3,0,2,1,1,1,0.9893,0.9888,0.8984,0.8735,373.75,228.25,131.125,229.75,211.5,381.5,384.0,403.5,242.6296,173.8972,0.7167,1,0,0,0
736,3,0,1,1,1,1,0.9849,0.9834,0.9287,0.8999,800.0,351.0,667.5,347.5,697.5,460.0,755.0,438.5,132.5462,61.3881,0.4631,1,1,1,0
737,3,0,2,1,1,1,0.9878,0.9863,0.9043,0.8931,361.0,229.75,126.375,229.0,208.375,387.5,364.5,399.5,234.6262,156.5855,0.6674,1,0,0,0
737,3,0,0,1,1,1,0.9868,0.9868,0.877,0.8555,1207.0,350.0,998.0,350.0,1018.0,486.5,1170.0,475.0,209.0,152.4344,0.7294,1,0,0,0
737,3,0,1,1,1,1,0.9912,0.9805,0.9434,0.8799,796.0,358.0,663.0,346.5,691.5,459.0,762.0,441.0,133.4963,72.7616,0.545,1,0,0,0
738,3,0,0,1,1,1,0.9883,0.9805,0.8965,0.8306,1207.0,345.0,995.0,343.0,1020.0,497.0,1170.0,475.0,212.0094,151.6047,0.7151,1,0,0,0
738,3,0,2,1,1,1,0.9907,0.9849,0.8999,0.8765,361.0,235.0,118.0,230.5,211.125,387.0,365.75,394.0,243.0417,154.7834,0.6369,1,0,0,0
738,3,0,1,1,1,1,0.9883,0.9868,0.9321,0.9082,797.0,356.0,661.0,350.0,690.5,459.5,765.0,438.5,136.1323,77.4032,0.5686,1,0,0,0
739,3,0,0,1,1,1,0.9883,0.9795,0.9014,0.8325,1206.0,344.5,995.0,342.0,1024.0,497.0,1166.0,476.0,211.0148,143.5444,0.6803,1,0,0,0
739,3,0,2,1,1,1,0.9902,0.9854,0.895,0.8862,357.0,234.5,114.125,231.75,209.5,385.0,354.0,393.5,242.8906,144.7498,0.5959,1,0,0,0
739,3,0,1,1,1,1,0.9917,0.98,0.9331,0.8809,789.0,356.5,659.0,343.5,668.0,457.5,760.5,430.5,130.6484,96.36,0.7376,1,0,0,0
740,3,0,0,1,1,1,0.9878,0.9805,0.894,0.8359,1208.0,345.0,995.0,342.0,1028.0,498.0,1167.0,478.5,213.0211,140.3611,0.6589,1,0,0,0
740,3,0,2,1,1,1,0.9893,0.9883,0.9072,0.8784,360.75,224.0,120.625,229.5,198.875,386.0,366.0,399.0,240.188,167.6298,0.6979,1,0,0,0
740,3,0,1,1,1,1,0.9912,0.98,0.9302,0.8794,789.5,357.0,660.0,344.0,671.5,458.0,762.5,433.0,130.1509,94.3716,0.7251,1,0,0,0
741,3,0,2,1,1,1,0.9888,0.9878,0.9082,0.8823,358.25,222.5,116.3125,231.75,188.625,390.5,361.25,406.0,242.1143,173.3195,0.7159,1,0,0,0
741,3,0,0,1,1,1,0.9878,0.9805,0.897,0.8389,1207.0,345.5,995.5,342.5,1027.0,496.0,1168.0,474.5,211.5213,142.6298,0.6743,1,0,0,0
741,3,0,1,1,1,1,0.9897,0.9834,0.9424,0.8945,782.0,357.0,651.0,348.0,671.0,452.0,740.5,439.0,131.3088,70.7054,0.5385,1,0,0,0
742,3,0,0,1,1,1,0.9878,0.9805,0.8955,0.8374,1208.0,345.0,995.5,341.5,1021.0,497.0,1164.0,476.5,212.5288,144.4619,0.6797,1,0,0,0
742,3,0,2,1,1,1,0.9907,0.9858,0.8901,0.8774,353.0,233.5,109.125,235.5,202.875,389.0,353.75,404.0,243.8832,151.6188,0.6217,1,0,0,0
742,3,0,1,1,1,1,0.9902,0.9824,0.9438,0.8862,782.0,354.0,650.5,346.5,669.0,451.0,741.5,436.0,131.7137,74.0355,0.5621,1,0,0,0
743,3,0,0,1,1,1,0.9883,0.9814,0.8936,0.8359,1209.0,344.0,994.0,342.0,1025.0,498.0,1167.0,477.5,215.0093,143.4721,0.6673,1,0,0,0
743,3,0,2,1,1,1,0.9893,0.9888,0.9048,0.8838,356.5,225.25,111.5625,230.75,190.875,381.0,354.5,405.5,244.9992,165.4491,0.6753,1,0,0,0
743,3,0,1,1,1,1,0.9912,0.98,0.9468,0.875,775.0,356.0,641.5,346.0,666.0,449.0,735.5,440.0,133.874,70.0803,0.5235,1,0,0,0
744,3,0,0,1,1,1,0.9878,0.9824,0.8843,0.8384,1210.0,344.0,994.0,343.0,1026.0,491.5,1177.0,474.0,216.0023,152.0107,0.7037,1,0,0,0
744,3,0,2,1,1,1,0.9893,0.9888,0.9004,0.8799,354.5,223.0,108.75,230.75,184.0,381.5,365.5,394.5,245.8722,181.965,0.7401,1,0,0,0
744,3,0,1,1,1,1,0.9927,0.9858,0.9404,0.8867,766.5,353.5,635.0,345.0,657.0,444.5,731.5,436.0,131.7744,74.9833,0.569,1,0,0,0
745,3,0,0,1,1,1,0.9863,0.9883,0.8599,0.8516,1210.0,347.5,997.5,348.0,1015.0,486.5,1177.0,475.0,212.5006,162.4077,0.7643,1,0,0,0
745,3,0,2,1,1,1,0.9883,0.9888,0.9004,0.8882,356.75,224.0,109.5625,229.75,188.0,382.0,360.0,399.5,247.2544,172.888,0.6992,1,0,0,0
745,3,0,1,1,1,1,0.9932,0.9854,0.9434,0.8848,767.0,353.5,633.5,344.5,651.5,446.5,733.0,436.5,133.803,82.1112,0.6137,1,0,0,0
746,3,0,0,1,1,1,0.9888,0.981,0.8955,0.8281,1208.0,345.0,994.5,343.5,1026.0,494.5,1172.0,479.0,213.5053,146.8205,0.6877,1,0,0,0
746,3,0,2,1,1,1,0.9888,0.9883,0.9033,0.8818,358.5,221.25,109.625,226.5,198.25,380.5,351.25,404.5,248.9304,154.8709,0.6221,1,0,0,0
746,3,0,1,1,1,1,0.9912,0.9805,0.9443,0.8765,756.5,354.5,625.5,345.0,643.5,455.0,720.5,440.0,131.344,78.4474,0.5973,1,0,0,0
747,3,0,0,1,1,1,0.9883,0.98,0.8989,0.835,1209.0,346.0,995.0,341.5,1025.0,497.0,1165.0,479.0,214.0473,141.1524,0.6594,1,0,0,0
747,3,0,2,1,1,1,0.9897,0.9878,0.9102,0.874,359.5,219.75,111.0625,225.25,188.375,381.0,366.0,398.0,248.4984,178.4367,0.7181,1,0,0,0
747,3,0,1,1,1,1,0.9912,0.98,0.9453,0.8711,755.5,355.0,625.5,345.0,644.5,455.0,718.0,441.0,130.384,74.8215,0.5739,1,0,0,0
748,3,0,0,1,1,1,0.9878,0.9834,0.9023,0.8467,1213.0,346.0,995.0,346.0,1018.5,492.0,1168.0,475.0,218.0,150.4635,0.6902,1,0,0,0
748,3,0,2,1,1,1,0.9902,0.9883,0.9082,0.8682,363.5,215.0,111.4375,223.5,193.75,382.0,357.0,398.5,252.2058,164.0817,0.6506,1,0,0,0
748,3,0,1,1,1,1,0.9917,0.9805,0.9482,0.8828,748.0,354.5,619.5,345.5,636.5,458.0,702.0,442.5,128.8148,67.309,0.5225,1,0,0,0
749,3,0,0,1,1,1,0.9883,0.9814,0.8945,0.8379,1209.0,345.0,996.0,343.0,1019.5,496.0,1174.0,475.5,213.0094,155.8541,0.7317,1,0,0,0
749,3,0,2,1,1,1,0.9902,0.9888,0.9033,0.8687,363.5,217.0,110.5,223.5,188.0,385.0,360.25,411.0,253.0835,174.2012,0.6883,1,0,0,0
749,3,0,1,1,1,1,0.9917,0.9805,0.9482,0.8789,749.0,353.5,620.0,345.5,634.0,457.0,706.0,442.0,129.2478,73.5459,0.569,1,0,0,0
750,3,0,0,1,1,1,0.9888,0.9795,0.9043,0.8271,1210.0,345.0,995.0,343.5,1022.5,497.5,1172.0,480.0,215.0052,150.5208,0.7001,1,0,0,0
750,3,0,2,1,1,1,0.9888,0.9893,0.9014,0.8828,371.75,213.5,118.375,222.5,202.0,383.5,368.25,399.5,253.5348,167.0182,0.6588,1,0,0,0
750,3,0,1,1,1,1,0.9912,0.9805,0.9443,0.8774,740.5,355.5,613.0,347.5,626.5,458.0,697.5,443.0,127.7507,72.5672,0.568,1,0,0,0
751,3,0,0,1,1,1,0.9863,0.9878,0.8657,0.8525,1212.0,348.5,999.0,348.5,1016.0,486.0,1179.0,480.0,213.0,163.1104,0.7658,1,0,0,0
751,3,0,2,1,1,1,0.9888,0.9897,0.8979,0.8809,370.75,216.0,116.875,224.25,199.625,386.5,362.5,405.5,254.009,163.9795,0.6456,1,0,0,0
751,3,0,1,1,1,1,0.9912,0.979,0.9458,0.873,740.5,355.0,612.5,346.5,629.0,458.5,698.5,442.0,128.2819,71.4318,0.5568,1,0,0,0
752,3,0,0,1,1,1,0.9878,0.981,0.896,0.8379,1210.0,343.0,995.0,343.0,1028.0,499.5,1176.0,477.5,215.0,149.6262,0.6959,1,0,0,0
752,3,0,2,1,1,1,0.9878,0.9888,0.8892,0.896,369.0,216.75,126.875,221.5,207.25,391.0,365.0,409.0,242.1716,158.7736,0.6556,1,0,0,0
752,3,0,1,1,1,1,0.9912,0.9814,0.9424,0.8828,735.0,354.5,604.5,345.5,630.0,462.0,697.5,441.5,130.81,70.5443,0.5393,1,0,0,0
753,3,0,0,1,1,1,0.9878,0.9805,0.8984,0.8413,1208.0,345.0,997.5,342.0,1021.5,495.0,1172.0,481.5,210.5214,151.1043,0.7178,1,0,0,0
753,3,0,2,1,1,1,0.9888,0.9888,0.9072,0.8799,378.0,215.5,126.125,221.75,200.875,381.5,373.0,402.0,251.9525,173.3415,0.688,1,0,0,0
753,3,0,1,1,1,1,0.9917,0.979,0.9482,0.8735,735.0,355.0,604.5,346.5,631.5,460.0,697.5,440.0,130.7765,68.9638,0.5273,1,0,0,0
754,3,0,2,1,1,1,0.9883,0.9888,0.9048,0.8784,385.25,225.5,133.875,229.75,198.125,384.0,374.5,422.0,251.4109,180.4221,0.7176,1,0,0,0
754,3,0,0,1,1,1,0.9883,0.9839,0.8984,0.8354,1215.0,345.5,995.0,346.0,1021.0,494.5,1169.0,481.5,220.0006,148.5698,0.6753,1,0,0,0
754,3,0,1,1,1,1,0.9902,0.9819,0.9434,0.8984,728.5,353.0,596.5,348.0,631.0,458.5,692.0,437.0,132.0947,64.678,0.4896,1,1,1,0
755,3,0,2,1,1,1,0.9902,0.9888,0.9097,0.8667,384.5,222.0,132.5,227.75,197.25,381.0,373.0,414.5,252.0656,178.9143,0.7098,1,0,0,0
755,3,0,0,1,1,1,0.9868,0.9878,0.8706,0.8535,1211.0,348.5,1000.5,350.0,1018.5,487.0,1177.0,478.0,210.5053,158.7553,0.7542,1,0,0,0
755,3,0,1,1,1,1,0.9897,0.981,0.9346,0.8877,729.5,356.5,599.0,348.5,626.0,462.5,693.5,443.0,130.745,70.2602,0.5374,1,0,0,0
756,3,0,2,1,1,1,0.9878,0.9868,0.9097,0.8882,391.0,223.25,146.5,229.75,217.125,387.5,374.25,424.5,244.5864,161.4226,0.66,1,0,0,0
756,3,0,0,1,1,1,0.9883,0.981,0.8965,0.8325,1213.0,342.5,996.5,342.0,1021.5,493.5,1175.0,479.0,216.5006,154.1833,0.7122,1,0,0,0
756,3,0,1,1,1,1,0.9897,0.9805,0.9336,0.8843,725.5,356.5,595.5,348.0,626.0,457.5,696.0,439.0,130.2776,72.4034,0.5558,1,0,0,0
757,3,0,2,1,1,1,0.9863,0.9883,0.8887,0.8657,409.0,220.5,153.125,227.0,199.5,375.5,385.5,419.0,255.9575,191.019,0.7463,1,0,0,0
757,3,0,0,1,1,1,0.9883,0.981,0.8965,0.8374,1211.0,344.5,997.0,342.0,1024.0,499.0,1176.0,479.5,214.0146,153.2457,0.7161,1,0,0,0
757,3,0,1,1,1,1,0.9927,0.98,0.9429,0.8799,724.5,356.0,596.5,346.5,623.0,456.0,690.0,436.5,128.3521,69.78,0.5437,1,0,0,0
758,3,0,2,1,1,1,0.9873,0.9878,0.8965,0.8652,409.25,220.5,151.75,227.25,199.5,381.5,391.0,414.5,257.5885,194.3225,0.7544,1,0,0,0
758,3,0,0,1,1,1,0.9878,0.9819,0.8901,0.8428,1212.0,343.5,994.5,341.0,1025.0,499.5,1174.0,481.0,217.5144,150.1441,0.6903,1,0,0,0
758,3,0,1,1,1,1,0.9922,0.98,0.9395,0.8809,724.0,354.5,598.0,345.0,620.5,456.0,692.0,438.5,126.3576,73.6105,0.5826,1,0,0,0
759,3,0,2,1,1,1,0.9854,0.9888,0.8882,0.8804,410.75,223.5,159.5,226.0,210.75,379.0,372.5,424.5,251.2624,168.0277,0.6687,1,0,0,0
759,3,0,0,1,1,1,0.9883,0.9844,0.8975,0.8369,1216.0,346.0,994.0,347.5,1018.5,492.5,1171.0,482.5,222.0051,152.8275,0.6884,1,0,0,0
759,3,0,1,1,1,1,0.9907,0.9814,0.937,0.8877,723.0,354.0,591.0,348.5,618.0,455.0,697.5,439.0,132.1145,81.0941,0.6138,1,0,0,0
760,3,0,2,1,1,1,0.9854,0.9888,0.8843,0.874,412.25,225.0,158.375,227.25,204.75,376.0,381.25,422.5,253.885,182.5226,0.7189,1,0,0,0
760,3,0,0,1,1,1,0.9883,0.9819,0.8896,0.8335,1212.0,346.0,995.0,344.5,1022.0,496.0,1174.0,482.5,217.0052,152.5983,0.7032,1,0,0,0
760,3,0,1,1,1,1,0.9902,0.981,0.9346,0.8828,723.5,353.0,590.0,348.0,619.0,455.0,694.0,440.5,133.5936,76.3888,0.5718,1,0,0,0
761,3,0,0,1,1,1,0.9873,0.9873,0.876,0.8511,1209.0,347.5,1000.5,348.5,1016.5,489.0,1166.0,482.5,208.5024,149.6412,0.7177,1,0,0,0
761,3,0,2,1,1,1,0.9863,0.9888,0.8911,0.8726,420.25,224.5,165.25,224.5,213.875,379.0,374.25,422.0,255.0,166.0396,0.6511,1,0,0,0
761,3,0,1,1,1,1,0.9927,0.979,0.9414,0.8794,721.5,354.0,594.5,348.0,619.0,458.0,688.5,437.0,127.1417,72.6034,0.571,1,0,0,0
762,3,0,0,1,1,1,0.9878,0.9814,0.894,0.8384,1212.0,344.5,995.5,343.5,1024.0,493.5,1172.0,484.0,216.5023,148.3046,0.685,1,0,0,0
762,3,0,2,1,1,1,0.9883,0.9878,0.9058,0.8809,411.0,223.25,165.0,223.5,219.875,380.0,386.5,421.0,246.0001,171.5951,0.6975,1,0,0,0
762,3,0,1,1,1,1,0.9897,0.9829,0.9424,0.8965,722.0,351.5,591.5,348.5,620.5,451.0,689.0,439.0,130.5345,69.5432,0.5328,1,0,0,0
763,3,0,0,1,1,1,0.9888,0.9814,0.8936,0.8306,1211.0,344.0,997.5,341.0,1025.0,498.5,1173.0,482.5,213.5211,148.8624,0.6972,1,0,0,0
763,3,0,2,1,1,1,0.9858,0.9863,0.9111,0.8921,420.0,226.25,172.875,224.5,223.875,384.0,388.5,426.5,247.1312,170.0225,0.688,1,0,0,0
763,3,0,1,1,1,1,0.9878,0.9844,0.9385,0.9072,720.5,344.5,589.5,346.0,623.0,455.0,686.0,429.5,131.0086,67.9651,0.5188,1,0,0,0
764,3,0,0,1,1,1,0.9878,0.98,0.9009,0.8408,1211.0,344.0,998.5,342.0,1026.0,496.0,1175.0,478.5,212.5094,150.0242,0.706,1,0,0,0
764,3,0,2,1,1,1,0.9854,0.9873,0.9014,0.8901,428.0,226.75,178.25,223.75,225.5,381.5,390.0,437.5,249.768,173.7707,0.6957,1,0,0,0
764,3,0,1,1,1,1,0.9888,0.9854,0.939,0.9121,720.5,349.5,591.0,350.0,620.5,451.0,693.0,434.0,129.501,74.4664,0.575,1,0,0,0
765,3,0,0,1,1,1,0.9888,0.9834,0.9067,0.8403,1214.0,343.0,996.5,343.0,1021.5,490.0,1166.0,480.5,217.5,144.8119,0.6658,1,0,0,0
765,3,0,2,1,1,1,0.9863,0.9873,0.9048,0.8892,427.0,229.0,178.5,227.5,227.375,382.5,394.0,432.5,248.5045,173.9652,0.7,1,0,0,0
765,3,0,1,1,1,1,0.9907,0.9814,0.9424,0.8926,723.5,351.0,591.0,349.0,617.0,451.0,696.0,435.5,132.5151,80.5062,0.6075,1,0,0,0
766,3,0,2,1,1,1,0.9883,0.9863,0.9126,0.8745,430.75,224.75,184.75,221.0,233.0,385.5,400.5,427.5,246.0286,172.6854,0.7019,1,0,0,0
766,3,0,0,1,1,1,0.9878,0.981,0.8979,0.8398,1213.0,344.0,999.0,341.5,1021.5,498.0,1171.0,483.5,214.0146,150.2015,0.7018,1,0,0,0
766,3,0,1,1,1,1,0.9902,0.981,0.9355,0.8848,726.0,353.0,594.5,350.5,622.0,452.0,699.5,436.0,131.5238,79.1344,0.6017,1,0,0,0
767,3,0,0,1,1,1,0.9878,0.981,0.897,0.8413,1212.0,345.0,999.0,341.5,1027.0,499.0,1173.0,483.5,213.0288,146.8205,0.6892,1,0,0,0
767,3,0,2,1,1,1,0.9888,0.9854,0.917,0.8672,430.5,226.25,184.5,220.75,229.25,382.5,405.75,421.5,246.0615,180.7574,0.7346,1,0,0,0
767,3,0,1,1,1,1,0.9907,0.9795,0.938,0.8779,725.0,353.0,595.0,349.0,621.0,455.0,699.0,437.5,130.0615,79.939,0.6146,1,0,0,0
768,3,0,2,1,1,1,0.9868,0.9854,0.9126,0.877,435.0,225.5,186.25,221.5,247.0,389.5,396.0,433.0,248.7822,155.22,0.6239,1,0,0,0
768,3,0,0,1,1,1,0.9878,0.9814,0.8926,0.8359,1213.0,344.0,997.0,341.5,1026.0,495.0,1176.0,480.0,216.0145,150.7481,0.6979,1,0,0,0
768,3,0,1,1,1,1,0.9897,0.9829,0.9331,0.8989,728.0,354.5,596.0,351.5,627.0,450.5,699.5,435.5,132.0341,74.0355,0.5607,1,0,0,0
769,3,0,0,1,1,1,0.9878,0.981,0.8931,0.8398,1212.0,344.5,1000.0,340.5,1024.0,498.5,1175.0,479.0,212.0377,152.2539,0.7181,1,0,0,0
769,3,0,2,1,1,1,0.9868,0.9854,0.9155,0.8794,433.25,226.25,187.875,222.25,233.25,389.0,400.0,438.5,245.4076,173.942,0.7088,1,0,0,0
769,3,0,1,1,1,1,0.9897,0.9824,0.9341,0.8975,727.0,355.5,597.0,352.0,627.5,450.5,700.0,436.0,130.0471,73.9358,0.5685,1,0,0,0
770,3,0,2,1,1,1,0.9868,0.9863,0.9102,0.8789,435.25,227.0,190.0,222.0,241.75,388.0,407.25,429.0,245.301,170.5029,0.6951,1,0,0,0
770,3,0,0,1,1,1,0.9878,0.981,0.896,0.8418,1210.0,345.5,998.0,344.0,1023.0,499.5,1172.0,483.0,212.0053,149.9108,0.7071,1,0,0,0
770,3,0,1,1,1,1,0.9897,0.9814,0.9365,0.894,731.0,356.0,600.5,353.0,626.0,452.5,705.0,438.0,130.5345,80.3197,0.6153,1,0,0,0
771,3,0,0,1,1,1,0.9878,0.9849,0.8955,0.8428,1216.0,346.0,995.5,344.5,1018.0,491.5,1169.0,481.0,220.5051,151.3646,0.6864,1,0,0,0
771,3,0,2,1,1,1,0.9893,0.9829,0.8999,0.873,433.0,227.0,189.5,218.25,257.0,385.0,402.5,416.0,243.6572,148.7658,0.6106,1,0,0,0
771,3,0,1,1,1,1,0.9912,0.979,0.9458,0.8779,735.0,353.0,608.0,351.0,630.5,454.0,703.5,437.5,127.0157,74.8415,0.5892,1,0,0,0
772,3,0,0,1,1,1,0.9878,0.981,0.8965,0.8438,1211.0,344.0,998.0,341.5,1024.0,497.0,1172.0,479.5,213.0147,149.031,0.6996,1,0,0,0
772,3,0,2,1,1,1,0.9873,0.9854,0.9165,0.875,437.75,225.25,193.25,219.75,242.375,382.5,404.5,424.5,244.5619,167.4769,0.6848,1,0,0,0
772,3,0,1,1,1,1,0.9912,0.98,0.9429,0.8809,735.0,354.0,608.0,351.5,628.5,453.5,705.0,436.5,127.0246,78.3661,0.6169,1,0,0,0
773,3,0,2,1,1,1,0.9868,0.9849,0.9224,0.8828,438.0,227.0,191.5,219.5,247.625,383.0,410.25,423.0,246.6141,167.4721,0.6791,1,0,0,0
773,3,0,0,1,1,1,0.9883,0.981,0.8979,0.8408,1211.0,343.5,999.5,341.5,1028.0,495.0,1170.0,481.5,211.5095,142.6403,0.6744,1,0,0,0
773,3,0,1,1,1,1,0.9922,0.9805,0.9497,0.8828,741.5,351.5,614.0,349.0,639.0,453.5,715.0,437.5,127.5245,77.666,0.609,1,0,0,0
774,3,0,0,1,1,1,0.9883,0.98,0.9019,0.8394,1211.0,344.0,997.5,342.0,1028.0,494.0,1168.0,483.5,213.5094,140.3932,0.6576,1,0,0,0
774,3,0,2,1,1,1,0.9873,0.9854,0.9194,0.8784,436.5,230.25,191.625,222.75,245.0,381.5,407.0,425.0,244.9898,167.7386,0.6847,1,0,0,0
774,3,0,1,1,1,1,0.9922,0.98,0.9521,0.8818,740.5,352.0,614.5,349.5,634.5,452.0,709.0,437.0,126.0248,75.9951,0.603,1,0,0,0
775,3,0,0,1,1,1,0.9873,0.9819,0.8892,0.8442,1212.0,344.5,999.0,342.5,1025.0,495.5,1172.0,483.0,213.0094,147.5305,0.6926,1,0,0,0
775,3,0,2,1,1,1,0.9883,0.9849,0.9199,0.8682,434.75,229.5,192.5,221.5,245.75,376.5,405.25,427.5,242.3821,167.4552,0.6909,1,0,0,0
775,3,0,1,1,1,1,0.9922,0.9858,0.9302,0.8965,748.5,352.0,618.5,351.0,650.0,449.5,729.5,430.0,130.0038,81.8566,0.6296,1,0,0,0
776,3,0,2,1,1,1,0.9888,0.9858,0.918,0.8691,437.0,231.25,192.5,222.25,248.75,381.0,413.5,425.0,244.6656,170.5244,0.697,1,0,0,0
776,3,0,0,1,1,1,0.9873,0.9844,0.897,0.8511,1216.0,347.0,995.0,347.5,1023.0,494.0,1168.0,483.0,221.0006,145.4166,0.658,1,0,0,0
776,3,0,1,1,1,1,0.9927,0.9863,0.9346,0.8984,748.5,352.5,618.5,351.0,649.5,447.0,728.0,427.5,130.0087,80.8857,0.6222,1,0,0,0
777,3,0,0,1,1,1,0.9873,0.9814,0.8906,0.8438,1212.0,344.5,998.5,342.0,1026.0,495.0,1170.0,481.0,213.5146,144.679,0.6776,1,0,0,0
777,3,0,2,1,1,1,0.9868,0.9854,0.9194,0.8853,430.5,232.0,190.75,225.75,243.625,378.0,413.5,413.0,239.8315,173.4431,0.7232,1,0,0,0
777,3,0,1,1,1,1,0.9912,0.9844,0.9438,0.9048,755.0,350.0,625.5,350.0,657.5,444.5,734.5,433.0,129.5,77.854,0.6012,1,0,0,0
778,3,0,2,1,1,1,0.9863,0.9858,0.9141,0.8862,431.75,231.5,190.125,225.75,243.25,380.0,419.0,407.5,241.6934,177.8885,0.736,1,0,0,0
778,3,0,0,1,1,1,0.9878,0.98,0.8999,0.8418,1211.0,346.5,997.0,345.0,1027.0,495.5,1169.0,479.5,214.0053,142.8986,0.6677,1,0,0,0
778,3,0,1,1,1,1,0.9922,0.9868,0.9292,0.9023,755.0,349.5,625.0,349.5,655.5,445.0,733.5,427.5,130.0,79.939,0.6149,1,0,0,0
779,3,0,2,1,1,1,0.9868,0.9868,0.915,0.895,425.75,230.0,186.625,223.75,246.0,378.5,418.25,408.5,239.2067,174.843,0.7309,1,0,0,0
779,3,0,0,1,1,1,0.9873,0.9814,0.8916,0.8438,1211.0,345.0,997.5,343.0,1029.0,498.0,1172.0,484.0,213.5094,143.6837,0.673,1,0,0,0
779,3,0,1,1,1,1,0.9937,0.9858,0.9419,0.895,759.0,349.5,629.0,349.5,659.5,446.0,737.5,430.0,130.0,79.6241,0.6125,1,0,0,0
780,3,0,2,1,1,1,0.9893,0.9834,0.8916,0.8701,426.0,235.0,182.125,225.0,250.125,378.0,416.25,388.5,244.0799,166.4565,0.682,1,0,0,0
780,3,0,0,1,1,1,0.9878,0.9839,0.8984,0.8428,1216.0,347.5,996.5,347.5,1022.0,494.0,1167.0,483.0,219.5,145.4166,0.6625,1,0,0,0
780,3,0,1,1,1,1,0.9897,0.9839,0.9453,0.9077,765.0,350.0,633.5,351.0,666.0,447.0,735.0,427.5,131.5038,71.7025,0.5453,1,0,0,0
781,3,0,0,1,1,1,0.9873,0.981,0.895,0.8472,1210.0,343.0,998.5,342.0,1027.0,497.5,1170.0,482.5,211.5024,143.7846,0.6798,1,0,0,0
781,3,0,2,1,1,1,0.9893,0.9854,0.8882,0.8779,427.5,234.5,180.875,225.0,252.875,381.0,409.75,393.0,246.8079,157.3333,0.6375,1,0,0,0
781,3,0,1,1,1,1,0.9927,0.9873,0.9438,0.9062,765.0,350.0,635.5,349.5,663.0,443.5,736.0,433.0,129.501,73.7513,0.5695,1,0,0,0
782,3,0,2,1,1,1,0.9873,0.9863,0.9092,0.8838,420.75,233.0,180.625,228.5,229.625,377.5,418.25,396.0,240.1672,189.5301,0.7892,1,0,0,0
782,3,0,0,1,1,1,0.9868,0.9805,0.8965,0.8506,1212.0,345.0,999.0,342.5,1027.0,499.0,1172.0,483.0,213.0147,145.8801,0.6848,1,0,0,0
782,3,0,1,1,1,1,0.9937,0.9854,0.9512,0.895,771.5,349.0,643.0,349.0,667.5,445.5,744.0,434.0,128.5,77.3596,0.602,1,0,0,0
783,3,0,0,1,1,1,0.9878,0.981,0.896,0.8438,1213.0,345.5,998.5,346.0,1034.0,502.5,1173.0,485.5,214.5006,140.0357,0.6528,1,0,0,0
783,3,0,2,1,1,1,0.9858,0.9868,0.9058,0.894,419.25,233.0,182.0,228.0,234.0,376.0,417.75,397.0,237.3027,184.9461,0.7794,1,0,0,0
783,3,0,1,1,1,1,0.9932,0.9868,0.9438,0.9014,772.0,349.5,641.5,348.5,667.0,446.0,746.0,435.0,130.5038,79.7621,0.6112,1,0,0,0
784,3,0,2,1,1,1,0.9839,0.9883,0.875,0.876,419.5,233.0,176.875,231.75,228.5,375.5,397.5,393.5,242.6282,169.9559,0.7005,1,0,0,0
784,3,0,0,1,1,1,0.9878,0.981,0.8955,0.8398,1212.0,343.5,996.0,343.0,1025.0,499.0,1169.0,483.0,216.0006,144.8862,0.6708,1,0,0,0
784,3,0,1,1,1,1,0.9922,0.98,0.9341,0.8789,777.5,353.0,655.5,347.0,677.5,452.0,747.0,432.0,122.1475,72.3205,0.5921,1,0,0,0
785,3,0,2,1,1,1,0.9858,0.9878,0.8848,0.8618,420.25,233.0,175.625,229.5,227.25,376.5,391.0,405.5,244.65,166.2981,0.6797,1,0,0,0
785,3,0,0,1,1,1,0.9873,0.9814,0.8916,0.8442,1211.0,343.0,997.0,344.5,1028.0,498.0,1171.0,482.5,214.0053,143.8376,0.6721,1,0,0,0
785,3,0,1,1,1,1,0.9912,0.979,0.9307,0.877,777.5,354.5,655.5,348.0,676.0,448.0,755.0,431.0,122.173,80.8084,0.6614,1,0,0,0
786,3,0,2,1,1,1,0.9849,0.9888,0.8755,0.8716,415.25,230.25,170.25,231.25,225.75,367.5,404.0,389.0,245.002,179.542,0.7328,1,0,0,0
786,3,0,0,1,1,1,0.9883,0.98,0.9019,0.8345,1213.0,345.0,996.0,343.0,1028.0,494.0,1171.0,480.5,217.0092,143.6358,0.6619,1,0,0,0
786,3,0,1,1,1,1,0.9922,0.981,0.9385,0.8862,785.5,356.5,662.5,349.5,687.0,449.0,757.0,432.5,123.199,71.9184,0.5838,1,0,0,0
787,3,0,2,1,1,1,0.9849,0.9893,0.8677,0.8667,416.75,229.5,170.125,230.25,226.5,370.0,397.5,399.0,246.6261,173.4416,0.7033,1,0,0,0
787,3,0,0,1,1,1,0.9878,0.9844,0.8945,0.8413,1216.0,346.5,996.0,348.0,1025.0,491.0,1168.0,481.5,220.0051,143.3152,0.6514,1,0,0,0
787,3,0,1,1,1,1,0.9902,0.9839,0.9336,0.9004,785.5,354.0,656.0,350.5,690.0,453.5,759.5,438.5,129.5473,71.1003,0.5488,1,0,0,0
788,3,0,0,1,1,1,0.9883,0.981,0.896,0.8403,1212.0,344.5,997.0,343.0,1026.0,498.5,1174.0,484.5,215.0052,148.6607,0.6914,1,0,0,0
788,3,0,2,1,1,1,0.9868,0.9893,0.8848,0.8691,410.75,229.5,164.625,227.5,213.625,363.0,406.0,393.0,246.1331,194.7001,0.791,1,0,0,0
788,3,0,1,1,1,1,0.9917,0.9824,0.9438,0.8945,789.0,356.0,661.5,351.5,694.0,458.0,761.5,441.0,127.5794,69.6078,0.5456,1,0,0,0
789,3,0,2,1,1,1,0.9868,0.9897,0.8799,0.8677,408.5,228.5,162.25,227.0,221.125,360.5,405.75,394.0,246.2546,187.6397,0.762,1,0,0,0
789,3,0,0,1,1,1,0.9878,0.9844,0.8989,0.8477,1217.0,345.0,996.0,347.5,1020.0,489.5,1172.0,477.5,221.0141,152.4729,0.6899,1,0,0,0
789,3,0,1,1,1,1,0.9917,0.9824,0.9443,0.8921,789.5,353.5,661.5,350.5,694.0,458.0,761.5,440.5,128.0352,69.7316,0.5446,1,0,0,0
790,3,0,2,1,1,1,0.9868,0.9897,0.8828,0.8745,402.5,228.5,157.5,230.0,222.125,367.5,402.5,390.5,245.0046,181.8355,0.7422,1,0,0,0
790,3,0,0,1,1,1,0.9883,0.9814,0.8955,0.8413,1211.0,345.5,995.0,345.0,1027.0,497.0,1172.0,483.5,216.0006,145.6271,0.6742,1,0,0,0
790,3,0,1,1,1,1,0.9917,0.98,0.9482,0.8823,794.0,355.5,666.5,351.0,695.5,462.0,763.5,442.0,127.5794,70.8802,0.5556,1,0,0,0
791,3,0,2,1,1,1,0.9868,0.9888,0.896,0.8833,393.75,233.0,150.25,231.75,212.0,369.0,402.25,390.0,243.5032,191.4055,0.786,1,0,0,0
791,3,0,0,1,1,1,0.9893,0.9814,0.895,0.8242,1213.0,344.0,996.0,344.0,1025.0,498.0,1171.0,482.5,217.0,146.8205,0.6766,1,0,0,0
791,3,0,1,1,1,1,0.9917,0.9834,0.9463,0.896,798.0,353.5,671.0,350.5,702.0,459.5,762.0,443.5,127.0354,62.0967,0.4888,1,1,1,0
792,3,0,2,1,1,1,0.9868,0.9893,0.8936,0.8892,391.25,232.0,149.0,231.0,230.375,374.0,403.0,393.0,242.2521,173.6675,0.7169,1,0,0,0
792,3,0,0,1,1,1,0.9883,0.9814,0.8926,0.8374,1213.0,345.0,995.5,345.0,1025.0,497.5,1171.0,482.5,217.5,146.7685,0.6748,1,0,0,0
792,3,0,1,1,1,1,0.9873,0.9854,0.9385,0.9126,799.0,349.0,672.0,350.5,703.5,463.0,759.5,438.5,127.0089,61.1249,0.4813,1,1,2,0
793,3,0,0,1,1,1,0.9883,0.9814,0.896,0.8408,1212.0,344.0,997.0,343.5,1029.0,497.5,1165.0,481.5,215.0006,136.9379,0.6369,1,0,0,0
793,3,0,2,1,1,1,0.9863,0.9878,0.8965,0.8989,377.0,235.0,142.0,233.5,232.5,382.0,390.75,395.0,235.0048,158.7831,0.6757,1,0,0,0
793,3,0,1,1,1,1,0.9868,0.9854,0.9346,0.9072,802.0,351.0,676.0,351.0,705.0,461.0,759.0,439.5,126.0,58.1227,0.4613,1,1,3,0
794,3,0,2,1,1,1,0.9873,0.9868,0.8999,0.8896,377.5,233.0,143.375,233.5,227.25,381.5,387.0,397.5,234.1255,160.5493,0.6857,1,0,0,0
794,3,0,0,1,1,1,0.9883,0.9814,0.8989,0.8423,1211.0,343.5,997.0,343.5,1027.0,497.5,1168.0,481.0,214.0,141.9621,0.6634,1,0,0,0
794,3,0,1,1,1,1,0.9868,0.9863,0.9346,0.9136,801.0,351.5,675.5,351.0,700.5,458.5,760.5,438.0,125.501,63.4054,0.5052,1,0,0,0
795,3,0,0,1,1,1,0.9888,0.98,0.9019,0.834,1212.0,343.5,997.0,343.0,1028.0,498.0,1170.0,481.0,215.0006,143.014,0.6652,1,0,0,0
795,3,0,2,1,1,1,0.9873,0.9868,0.8989,0.8921,371.0,233.5,141.25,232.0,234.75,380.5,386.0,395.5,229.7549,151.992,0.6615,1,0,0,0
795,3,0,1,1,1,1,0.9868,0.9849,0.937,0.9072,804.5,349.0,677.5,348.5,703.0,461.5,754.0,438.0,127.001,56.1538,0.4422,1,1,1,0
796,3,0,0,1,1,1,0.9888,0.981,0.8955,0.8296,1212.0,345.0,996.0,342.5,1025.0,498.5,1169.0,482.0,216.0145,144.9422,0.671,1,0,0,0
796,3,0,2,1,1,1,0.9883,0.9873,0.895,0.8828,372.0,235.0,141.25,233.5,230.875,383.0,387.25,399.0,230.7549,157.1914,0.6812,1,0,0,0
796,3,0,1,1,1,1,0.9873,0.9844,0.9385,0.9033,805.0,349.5,678.5,349.0,703.0,460.0,753.5,442.0,126.501,53.612,0.4238,1,1,2,0
797,3,0,0,1,1,1,0.9888,0.9805,0.8989,0.8335,1211.0,344.0,997.0,342.0,1024.0,498.0,1167.0,484.0,214.0093,143.6837,0.6714,1,0,0,0
797,3,0,2,1,1,1,0.9878,0.9873,0.8921,0.8882,370.25,232.5,140.25,232.5,229.375,380.5,387.5,396.0,230.0,158.8829,0.6908,1,0,0,0
797,3,0,1,1,1,1,0.9868,0.9849,0.937,0.9058,806.0,348.5,680.5,349.0,705.0,456.5,756.0,440.5,125.501,53.4509,0.4259,1,1,3,0
798,3,0,0,1,1,1,0.9888,0.98,0.9053,0.8379,1210.0,343.0,998.5,341.0,1024.0,495.5,1165.0,477.0,211.5095,142.2085,0.6724,1,0,0,0
798,3,0,2,1,1,1,0.9878,0.9878,0.8926,0.8926,369.25,234.5,138.375,233.5,233.75,381.5,392.0,396.0,230.8772,158.9129,0.6883,1,0,0,0
798,3,0,1,1,1,1,0.9863,0.9849,0.9336,0.9072,805.0,349.5,680.5,348.0,708.0,458.5,755.0,440.5,124.509,50.3289,0.4042,1,1,4,0
799,3,0,0,1,1,1,0.9873,0.9819,0.8896,0.8462,1212.0,343.5,995.0,344.5,1027.0,499.5,1173.0,481.0,217.0023,147.1674,0.6782,1,0,0,0
799,3,0,2,1,1,1,0.9873,0.9873,0.8896,0.8926,368.25,230.5,139.5,232.5,241.75,371.0,389.75,387.5,228.7587,148.9169,0.651,1,0,0,0
799,3,0,1,1,1,1,0.9922,0.9834,0.9492,0.8945,803.0,356.0,679.5,347.0,702.0,457.5,765.0,446.0,123.8275,64.041,0.5172,1,0,0,0
800,3,0,0,1,1,1,0.9883,0.9814,0.895,0.8379,1213.0,343.0,995.0,344.5,1027.0,500.5,1169.0,477.0,218.0052,143.9314,0.6602,1,0,0,0
800,3,0,2,1,1,1,0.9878,0.9883,0.8872,0.8916,370.0,229.5,139.375,232.5,241.625,372.5,391.25,389.0,230.6445,150.532,0.6527,1,0,0,0
800,3,0,1,1,1,1,0.9927,0.981,0.9526,0.8804,802.5,356.0,679.5,348.0,701.0,456.0,765.5,444.0,123.2599,65.6068,0.5323,1,0,0,0
801,3,0,0,1,1,1,0.9883,0.9824,0.8877,0.8384,1213.0,342.0,996.5,343.0,1022.0,497.0,1171.0,477.0,216.5023,150.3363,0.6944,1,0,0,0
801,3,0,2,1,1,1,0.9873,0.9883,0.8848,0.895,370.5,230.75,140.0,232.5,240.875,372.0,392.0,385.5,230.5066,151.7268,0.6582,1,0,0,0
801,3,0,1,1,1,1,0.9873,0.9839,0.938,0.9009,804.0,351.5,680.5,349.0,704.0,458.0,757.0,436.5,123.5253,57.1948,0.463,1,1,1,0
802,3,0,0,1,1,1,0.9888,0.9814,0.894,0.8301,1212.0,343.0,994.0,343.0,1027.0,495.5,1170.0,474.5,218.0,144.5337,0.663,1,0,0,0
802,3,0,1,1,1,1,0.9858,0.9863,0.9302,0.9111,804.0,351.0,679.0,348.0,702.5,460.0,759.0,439.5,125.036,60.1041,0.4807,1,1,2,0
802,3,0,2,1,1,1,0.9888,0.9893,0.8901,0.8682,379.0,227.75,142.875,236.0,237.0,370.0,402.0,388.5,236.2691,166.0339,0.7027,1,0,0,0
803,3,0,0,1,1,1,0.9883,0.981,0.8965,0.8364,1214.0,344.5,994.0,342.5,1026.0,497.0,1174.0,476.5,220.0091,149.413,0.6791,1,0,0,0
803,3,0,2,1,1,1,0.9878,0.9897,0.8857,0.8799,379.0,229.0,143.25,238.0,227.875,370.0,405.0,381.5,235.9217,177.4979,0.7524,1,0,0,0
803,3,0,1,1,1,1,0.9927,0.9829,0.9512,0.8931,804.0,357.0,679.0,348.0,699.5,457.5,769.0,444.5,125.3236,70.7054,0.5642,1,0,0,0
804,3,0,0,1,1,1,0.9883,0.9814,0.8926,0.8354,1212.0,341.5,995.0,341.0,1024.0,492.5,1172.0,480.0,217.0006,148.5269,0.6845,1,0,0,0
804,3,0,2,1,1,1,0.9863,0.9902,0.8745,0.8857,383.75,228.0,150.25,236.0,232.125,369.5,409.75,381.5,233.637,178.0299,0.762,1,0,0,0
804,3,0,1,1,1,1,0.9868,0.9868,0.9316,0.9131,802.0,351.5,678.0,347.5,703.0,458.5,759.0,433.5,124.0645,61.327,0.4943,1,1,1,0
805,3,0,2,1,1,1,0.9863,0.9873,0.8911,0.8965,381.0,233.0,160.25,237.5,250.375,374.0,405.0,389.0,220.7959,155.3509,0.7036,1,0,0,0
805,3,0,0,1,1,1,0.9883,0.9824,0.8887,0.833,1212.0,343.0,997.0,341.0,1021.0,496.0,1172.0,479.0,215.0093,151.9539,0.7067,1,0,0,0
805,3,0,1,1,1,1,0.9883,0.9863,0.9395,0.9126,799.0,351.0,675.5,346.5,702.5,453.0,756.0,435.5,123.582,56.2894,0.4555,1,1,2,0
806,3,0,2,1,1,1,0.9858,0.9873,0.8882,0.8955,379.75,233.5,159.5,237.0,246.875,375.0,407.5,387.5,220.2778,161.1106,0.7314,1,0,0,0
806,3,0,0,1,1,1,0.9883,0.9814,0.8931,0.8403,1212.0,345.0,997.0,341.5,1026.0,498.5,1175.0,479.5,215.0285,150.2065,0.6985,1,0,0,0
806,3,0,1,1,1,1,0.9927,0.9829,0.9512,0.8926,799.5,354.5,674.5,345.5,700.0,452.0,763.0,438.5,125.3236,64.4302,0.5141,1,0,0,0
807,3,0,0,1,1,1,0.9883,0.9819,0.8892,0.833,1212.0,343.0,996.0,342.5,1023.5,499.5,1169.0,477.5,216.0006,147.1538,0.6813,1,0,0,0
807,3,0,2,1,1,1,0.9844,0.9888,0.877,0.8853,390.5,232.5,169.375,240.0,260.0,369.5,409.5,378.5,221.2522,149.7707,0.6769,1,0,0,0
807,3,0,1,1,1,1,0.9917,0.9834,0.9448,0.895,798.0,355.0,670.5,346.5,696.0,449.5,764.0,436.5,127.783,69.2315,0.5418,1,0,0,0
808,3,0,0,1,1,1,0.9883,0.981,0.8975,0.8384,1211.0,342.0,997.0,343.0,1027.0,498.5,1173.0,478.0,214.0023,147.4322,0.6889,1,0,0,0
808,3,0,2,1,1,1,0.9858,0.9883,0.8857,0.8838,388.75,232.5,168.625,242.0,248.25,373.0,411.75,377.0,220.3299,163.5489,0.7423,1,0,0,0
808,3,0,1,1,1,1,0.9927,0.9839,0.9502,0.8965,797.5,355.5,670.5,346.0,696.0,452.0,764.5,439.0,127.3548,69.7227,0.5475,1,0,0,0
809,3,0,2,1,1,1,0.9858,0.9854,0.9038,0.894,398.0,241.0,181.25,246.0,254.75,373.5,420.0,384.5,216.8077,165.6157,0.7639,1,0,0,0
809,3,0,0,1,1,1,0.9893,0.9819,0.8843,0.8403,1212.0,344.5,1000.0,340.5,1028.0,493.5,1173.0,473.0,212.0377,146.442,0.6906,1,0,0,0
809,3,0,1,1,1,1,0.9922,0.9829,0.9473,0.8926,793.0,356.0,667.0,348.0,694.0,453.0,764.0,434.5,126.2537,72.4034,0.5735,1,0,0,0
810,3,0,0,1,1,1,0.9878,0.981,0.8945,0.8398,1213.0,342.0,996.5,341.0,1023.0,498.0,1172.0,476.5,216.5023,150.5432,0.6953,1,0,0,0
810,3,0,2,1,1,1,0.9849,0.9863,0.896,0.8989,397.75,241.5,181.25,246.5,261.75,373.5,424.0,385.5,216.5577,162.6932,0.7513,1,0,0,0
810,3,0,1,1,1,1,0.9927,0.9834,0.9395,0.895,796.0,357.0,671.0,346.0,692.0,450.0,762.0,434.5,125.4831,71.6955,0.5714,1,0,0,0
811,3,0,0,1,1,1,0.9883,0.9819,0.8936,0.8389,1214.0,344.5,995.0,343.0,1023.5,497.0,1174.0,479.5,219.0051,151.514,0.6918,1,0,0,0
811,3,0,2,1,1,1,0.9873,0.9854,0.9067,0.8799,411.5,241.0,194.0,243.5,254.375,372.5,430.5,380.5,217.5144,176.3066,0.8106,1,0,0,0
811,3,0,1,1,1,1,0.9922,0.9839,0.9365,0.896,790.5,358.5,667.5,348.0,690.5,446.0,758.5,430.5,123.4474,69.7442,0.565,1,0,0,0
812,3,0,2,1,1,1,0.9883,0.9854,0.9106,0.8789,410.0,241.0,196.625,243.5,250.125,375.0,430.5,387.0,213.3896,180.7737,0.8472,1,0,0,0
812,3,0,0,1,1,1,0.9878,0.981,0.895,0.8408,1212.0,344.0,997.5,341.0,1024.0,497.0,1172.0,482.0,214.521,148.7582,0.6934,1,0,0,0
812,3,0,1,1,1,1,0.9922,0.9854,0.9438,0.9048,789.0,357.0,663.5,348.5,695.0,444.5,759.0,430.0,125.7875,65.622,0.5217,1,0,0,0
813,3,0,0,1,1,1,0.9878,0.9829,0.8848,0.8418,1211.0,345.0,996.5,344.0,1026.0,496.0,1174.0,476.0,214.5023,149.3452,0.6962,1,0,0,0
813,3,0,2,1,1,1,0.9873,0.9868,0.9023,0.8823,424.0,240.0,209.875,245.5,271.5,381.0,446.5,391.5,214.1956,175.3147,0.8185,1,0,0,0
813,3,0,1,1,1,1,0.9897,0.9868,0.938,0.9141,787.0,355.0,662.5,349.0,689.0,445.0,761.0,431.0,124.6445,73.3485,0.5885,1,0,0,0
814,3,0,0,1,1,1,0.9883,0.9824,0.8862,0.832,1212.0,343.0,993.0,342.0,1029.0,498.0,1172.0,478.0,219.0023,144.3918,0.6593,1,0,0,0
814,3,0,2,1,1,1,0.9868,0.9873,0.8945,0.8823,421.5,240.0,209.5,244.0,276.0,379.0,446.5,391.0,212.0377,170.9218,0.8061,1,0,0,0
814,3,0,1,1,1,1,0.9907,0.9844,0.9365,0.9004,787.0,355.0,660.5,346.5,688.0,444.5,760.0,427.5,126.7853,73.9797,0.5835,1,0,0,0
815,3,0,0,1,1,1,0.9873,0.9878,0.8784,0.8574,1212.0,348.0,999.0,349.0,1017.5,488.0,1164.0,482.5,213.0023,146.6032,0.6883,1,0,0,0
815,3,0,2,1,1,1,0.9858,0.9893,0.8848,0.897,431.75,242.5,221.125,246.0,308.25,382.5,458.5,388.0,210.6541,150.3506,0.7137,1,0,0,0
815,3,0,1,1,1,1,0.9922,0.9829,0.9351,0.8926,782.0,356.0,660.5,346.5,687.0,454.0,741.0,425.5,121.8708,61.0594,0.501,1,0,0,0
816,3,0,0,1,1,1,0.9873,0.9824,0.8867,0.8433,1213.0,345.0,998.5,343.0,1026.0,497.0,1172.0,482.0,214.5093,146.7685,0.6842,1,0,0,0
816,3,0,2,1,1,1,0.9863,0.9878,0.8916,0.9038,437.25,246.5,233.375,246.5,310.0,386.0,458.5,395.5,203.875,148.8036,0.7299,1,0,0,0
816,3,0,1,1,1,1,0.9912,0.9849,0.9458,0.9033,780.5,352.0,655.0,347.5,677.0,444.0,754.0,429.0,125.5807,78.4474,0.6247,1,0,0,0
817,3,0,2,1,1,1,0.9868,0.9893,0.8906,0.8921,439.75,244.0,234.0,247.5,311.0,385.0,459.5,396.5,205.7798,148.9446,0.7238,1,0,0,0
817,3,0,0,1,1,1,0.9863,0.981,0.8931,0.8521,1213.0,343.5,998.5,341.0,1025.0,496.0,1173.0,481.0,214.5146,148.7582,0.6935,1,0,0,0
817,3,0,1,1,1,1,0.9907,0.9858,0.9438,0.9082,779.5,351.0,654.5,346.5,679.5,444.5,755.5,431.5,125.081,77.1038,0.6164,1,0,0,0
818,3,0,0,1,1,1,0.9868,0.9814,0.8936,0.8501,1211.0,343.0,998.0,343.0,1028.0,497.5,1172.0,479.0,213.0,145.1835,0.6816,1,0,0,0
818,3,0,2,1,1,1,0.9858,0.9888,0.8804,0.9033,441.75,247.0,242.875,244.0,323.75,389.0,467.0,399.5,198.8976,143.6343,0.7222,1,0,0,0
818,3,0,1,1,1,1,0.9912,0.9839,0.9453,0.8945,776.0,351.5,650.5,347.0,670.5,446.0,754.5,429.5,125.5807,85.6052,0.6817,1,0,0,0
819,3,0,0,1,1,1,0.9863,0.9883,0.8711,0.8667,1213.0,349.0,1001.0,349.0,1017.0,490.5,1174.0,479.0,212.0,157.4206,0.7426,1,0,0,0
819,3,0,2,1,1,1,0.9849,0.9888,0.8799,0.9058,443.0,247.5,240.875,247.0,326.0,387.0,465.75,397.0,202.1256,140.1073,0.6932,1,0,0,0
819,3,0,1,1,1,1,0.9907,0.9854,0.9453,0.9077,778.0,351.5,651.0,348.0,672.0,444.0,759.5,432.0,127.0482,88.319,0.6952,1,0,0,0
820,3,0,0,1,1,1,0.9868,0.9819,0.8887,0.8511,1212.0,347.0,995.5,346.0,1023.5,495.5,1176.0,478.5,216.5023,153.4446,0.7087,1,0,0,0
820,3,0,2,1,1,1,0.9834,0.9907,0.8682,0.9048,450.5,247.0,251.0,248.0,324.5,388.5,478.0,383.5,199.5025,153.5814,0.7698,1,0,0,0
820,3,0,1,1,1,1,0.9878,0.9834,0.9395,0.9048,776.0,348.0,648.0,348.5,678.0,444.5,747.5,423.5,128.001,72.6034,0.5672,1,0,0,0
821,3,0,0,1,1,1,0.9868,0.9814,0.8926,0.8525,1211.0,344.0,998.0,341.5,1025.0,498.0,1169.0,481.0,213.0147,145.0,0.6807,1,0,0,0
821,3,0,2,1,1,1,0.9839,0.9878,0.8833,0.9067,448.5,247.0,250.0,246.5,324.0,386.0,471.25,394.5,198.5006,147.4951,0.743,1,0,0,0
821,3,0,1,1,1,1,0.9888,0.9824,0.9434,0.8984,775.0,345.5,648.5,346.5,676.5,444.0,742.0,423.5,126.504,68.6331,0.5425,1,0,0,0
822,3,0,0,1,1,1,0.9873,0.981,0.8955,0.8457,1213.0,343.5,998.5,343.5,1027.0,497.5,1172.0,480.5,214.5,145.9932,0.6806,1,0,0,0
822,3,0,2,1,1,1,0.9854,0.9878,0.8862,0.8984,456.0,245.5,255.125,245.5,337.0,385.0,477.5,394.0,200.875,140.788,0.7009,1,0,0,0
822,3,0,1,1,1,1,0.9927,0.9868,0.9429,0.9038,773.0,350.5,648.5,348.5,669.5,439.5,752.0,427.5,124.5161,83.3682,0.6695,1,0,0,0
823,3,0,0,1,1,1,0.9873,0.9814,0.8916,0.8472,1213.0,344.0,998.5,342.0,1025.0,497.0,1172.0,478.5,214.5093,148.1595,0.6907,1,0,0,0
823,3,0,2,1,1,1,0.9844,0.9873,0.8867,0.9009,455.75,247.0,256.0,246.0,332.5,385.0,478.5,394.5,199.7525,146.3087,0.7325,1,0,0,0
823,3,0,1,1,1,1,0.9883,0.9834,0.9419,0.9043,774.0,347.0,647.0,347.0,679.0,444.5,748.0,424.5,127.0,71.8401,0.5657,1,0,0,0
824,3,0,2,1,1,1,0.9849,0.9873,0.8877,0.8955,459.5,245.0,260.25,246.0,330.0,386.0,475.0,393.0,199.2525,145.1689,0.7286,1,0,0,0
824,3,0,0,1,1,1,0.9883,0.981,0.896,0.8369,1212.0,343.5,998.0,342.0,1023.5,501.0,1175.0,481.0,214.0053,152.8144,0.7141,1,0,0,0
824,3,0,1,1,1,1,0.9932,0.9863,0.9453,0.897,770.0,350.0,646.0,345.5,665.5,438.5,742.0,432.0,124.0816,76.7756,0.6188,1,0,0,0
825,3,0,2,1,1,1,0.9849,0.9873,0.8936,0.8994,459.0,246.5,260.75,246.0,331.75,385.0,472.0,395.5,198.2506,140.6425,0.7094,1,0,0,0
825,3,0,0,1,1,1,0.9863,0.9878,0.8657,0.8599,1213.0,348.5,1001.0,348.5,1019.5,488.0,1173.0,478.0,212.0,153.8254,0.7256,1,0,0,0
825,3,0,1,1,1,1,0.9917,0.9868,0.9365,0.8999,769.5,350.0,646.0,346.0,666.0,440.0,743.0,429.0,123.5648,77.7817,0.6295,1,0,0,0
826,3,0,2,1,1,1,0.9844,0.9878,0.8882,0.9028,462.0,248.5,264.75,248.0,342.5,386.0,472.0,391.0,197.2506,129.5965,0.657,1,0,0,0
826,3,0,0,1,1,1,0.9883,0.981,0.896,0.8369,1212.0,345.0,997.0,344.0,1026.0,497.0,1171.0,481.5,215.0023,145.8261,0.6783,1,0,0,0
826,3,0,1,1,1,1,0.9922,0.9883,0.939,0.9102,769.0,349.0,644.5,344.5,665.5,439.5,743.0,430.5,124.5813,78.0208,0.6263,1,0,0,0
827,3,0,0,1,1,1,0.9873,0.981,0.8931,0.8447,1211.0,344.0,998.0,341.0,1029.0,498.0,1173.0,483.5,213.0211,144.7282,0.6794,1,0,0,0
827,3,0,2,1,1,1,0.9844,0.9863,0.9014,0.9048,465.75,248.0,265.5,245.5,335.75,387.5,471.0,393.5,200.2656,135.383,0.676,1,0,0,0
827,3,0,1,1,1,1,0.9932,0.9858,0.9365,0.8945,769.0,350.5,641.0,345.5,665.5,440.5,737.5,428.0,128.0976,73.077,0.5705,1,0,0,0
828,3,0,0,1,1,1,0.9878,0.981,0.8955,0.8418,1213.0,343.0,998.0,341.5,1027.0,501.0,1171.0,481.0,215.0052,145.3823,0.6762,1,0,0,0
828,3,0,2,1,1,1,0.9844,0.9868,0.8994,0.9028,466.5,246.5,265.75,245.0,338.0,388.5,473.5,394.0,200.7556,135.6116,0.6755,1,0,0,0
828,3,0,1,1,1,1,0.9932,0.9854,0.9365,0.8906,768.5,350.0,641.5,345.0,665.0,441.0,739.5,429.5,127.0984,75.3824,0.5931,1,0,0,0
829,3,0,0,1,1,1,0.9873,0.9844,0.8945,0.8438,1218.0,345.0,994.5,345.5,1026.0,493.0,1168.0,484.5,223.5006,142.2542,0.6365,1,0,0,0
829,3,0,2,1,1,1,0.9844,0.9878,0.8892,0.9014,465.75,249.0,267.0,246.0,329.5,389.0,469.0,395.5,198.7726,139.6514,0.7026,1,0,0,0
829,3,0,1,1,1,1,0.9932,0.9849,0.9385,0.8857,769.5,351.5,641.0,347.0,666.0,444.5,738.0,429.5,128.5788,73.5459,0.572,1,0,0,0
830,3,0,2,1,1,1,0.9854,0.9873,0.8921,0.8936,464.75,247.5,265.25,245.5,327.25,387.5,476.5,397.5,199.51,149.5846,0.7498,1,0,0,0
830,3,0,0,1,1,1,0.9878,0.9805,0.8965,0.8423,1214.0,344.0,996.5,342.0,1028.0,495.5,1177.0,480.5,217.5092,149.7531,0.6885,1,0,0,0
830,3,0,1,1,1,1,0.9897,0.981,0.9482,0.8936,767.5,349.0,640.5,347.0,669.5,443.0,736.0,428.5,127.0157,68.0625,0.5359,1,0,0,0
831,3,0,0,1,1,1,0.9878,0.9819,0.8862,0.8398,1212.0,346.0,995.0,344.0,1023.0,501.0,1177.0,482.0,217.0092,155.1677,0.715,1,0,0,0
831,3,0,2,1,1,1,0.9839,0.9858,0.9062,0.9092,459.5,248.5,265.0,244.5,334.5,387.0,463.0,397.0,194.5411,128.8885,0.6625,1,0,0,0
831,3,0,1,1,1,1,0.9932,0.9849,0.9395,0.8862,767.0,350.5,640.0,346.5,667.0,440.0,738.0,426.0,127.063,72.3671,0.5695,1,0,0,0
832,3,0,0,1,1,1,0.9878,0.9814,0.8916,0.8433,1212.0,345.0,996.5,342.0,1027.0,497.5,1175.0,480.5,215.5209,148.9732,0.6912,1,0,0,0
832,3,0,2,1,1,1,0.9829,0.9863,0.9014,0.9102,460.5,249.0,265.0,244.0,337.0,389.5,462.0,397.0,195.5639,125.2248,0.6403,1,0,0,0
832,3,0,1,1,1,1,0.9927,0.9868,0.9424,0.9014,766.0,349.5,642.0,346.0,666.0,440.0,740.5,430.5,124.0494,75.1033,0.6054,1,0,0,0
833,3,0,0,1,1,1,0.9873,0.9829,0.8833,0.8467,1213.0,344.5,998.0,342.0,1025.0,497.5,1176.0,481.5,215.0145,151.8453,0.7062,1,0,0,0
833,3,0,2,1,1,1,0.9849,0.9858,0.9048,0.9004,458.0,248.0,259.75,242.5,328.75,378.5,464.0,393.5,198.3263,136.0793,0.6861,1,0,0,0
833,3,0,1,1,1,1,0.9937,0.9858,0.9414,0.8926,767.0,349.5,640.0,346.0,666.5,442.0,735.5,429.0,127.0482,70.214,0.5527,1,0,0,0
834,3,0,0,1,1,1,0.9878,0.9819,0.8916,0.8413,1212.0,343.5,1000.0,340.5,1024.0,499.0,1171.0,483.5,212.0212,147.8149,0.6972,1,0,0,0
834,3,0,2,1,1,1,0.9849,0.9863,0.8984,0.8999,448.5,249.5,253.75,245.0,327.75,386.0,448.5,397.5,194.802,121.2964,0.6227,1,0,0,0
834,3,0,1,1,1,1,0.9937,0.9858,0.9399,0.8936,767.0,349.5,639.5,346.5,664.0,438.5,735.5,428.0,127.5353,72.2669,0.5666,1,0,0,0
835,3,0,0,1,1,1,0.9888,0.9819,0.8926,0.8306,1214.0,344.5,996.5,341.0,1025.0,497.5,1172.0,481.0,217.5282,147.9231,0.68,1,0,0,0
835,3,0,2,1,1,1,0.9854,0.9849,0.9082,0.9004,452.0,252.0,254.0,245.0,329.75,387.0,447.0,402.0,198.1237,118.2056,0.5966,1,0,0,0
835,3,0,1,1,1,1,0.9932,0.9849,0.938,0.8882,766.5,350.0,639.0,346.5,665.5,440.0,741.0,426.5,127.548,76.6975,0.6013,1,0,0,0
836,3,0,0,1,1,1,0.9868,0.9824,0.8862,0.8516,1214.0,346.0,999.0,340.0,1025.0,500.0,1173.0,484.0,215.0837,148.8624,0.6921,1,0,0,0
836,3,0,2,1,1,1,0.9844,0.9893,0.8887,0.9028,448.25,248.0,246.625,246.0,317.5,380.0,450.0,391.0,201.6349,132.9558,0.6594,1,0,0,0
836,3,0,1,1,1,1,0.9932,0.9858,0.9395,0.8921,765.5,351.5,638.5,347.5,662.5,441.0,736.5,428.0,127.063,75.1332,0.5913,1,0,0,0
837,3,0,0,1,1,1,0.9868,0.9824,0.8857,0.8501,1214.0,347.5,998.0,341.5,1025.0,496.5,1174.0,483.0,216.0833,149.6103,0.6924,1,0,0,0
837,3,0,2,1,1,1,0.9849,0.9854,0.9019,0.9014,443.0,249.0,246.5,244.5,325.0,383.5,442.5,392.5,196.5515,117.8442,0.5996,1,0,0,0
837,3,0,1,1,1,1,0.9941,0.9863,0.9434,0.894,766.0,349.5,637.5,346.5,665.0,444.0,733.5,430.5,128.535,69.8176,0.5432,1,0,0,0
838,3,0,0,1,1,1,0.9888,0.9819,0.8965,0.8335,1216.0,344.0,999.0,340.0,1026.0,498.5,1180.0,485.0,217.0369,154.5906,0.7123,1,0,0,0
838,3,0,2,1,1,1,0.9863,0.9878,0.9082,0.8965,442.0,249.0,238.0,247.5,303.25,381.0,446.5,397.0,204.0055,144.1408,0.7066,1,0,0,0
838,3,0,1,1,1,1,0.9937,0.9883,0.9395,0.9062,765.5,350.0,639.5,346.5,666.5,443.0,739.5,431.5,126.0486,73.9003,0.5863,1,0,0,0
839,3,0,0,1,1,1,0.9878,0.9873,0.8804,0.8521,1215.0,352.0,1005.0,348.0,1018.0,489.5,1175.0,486.5,210.0381,157.0287,0.7476,1,0,0,0
839,3,0,2,1,1,1,0.9858,0.9888,0.9009,0.9038,442.5,249.5,235.625,248.0,305.5,381.0,446.5,391.5,206.8804,141.3904,0.6834,1,0,0,0
839,3,0,1,1,1,1,0.9932,0.9878,0.9365,0.9053,765.5,349.5,638.0,346.0,664.0,444.0,737.0,429.5,127.548,74.4261,0.5835,1,0,0,0
