frame,raw_num_people,anomaly,track_id,conf_ok,boundary_ok,overlap_ok,conf_ls,conf_rs,conf_lw,conf_rw,ls_x,ls_y,rs_x,rs_y,lw_x,lw_y,rw_x,rw_y,shoulder_dist,wrist_dist,ratio,frontal,hands_now,consecutive_frames,confirmed
0,1,0,0,1,1,1,0.8843,0.9844,0.4417,0.8682,566.5,344.5,540.5,352.0,586.0,519.0,545.5,528.0,27.0601,41.488,1.5332,0,0,0,0
1,2,1,0,1,1,1,0.875,0.9849,0.5444,0.9092,567.5,343.0,540.5,354.0,585.0,515.0,549.5,527.0,29.1548,37.4733,1.2853,0,0,0,0
1,2,1,1,0,0,1,0.0842,0.1172,0.0873,0.1045,1260.0,664.0,1266.0,666.0,1233.0,720.0,1238.0,720.0,6.3246,5.0,0.7906,0,0,0,0
2,1,0,0,0,1,1,0.8735,0.9839,0.3582,0.8413,566.5,345.0,541.0,352.0,588.0,522.0,548.5,532.5,26.4433,40.8718,1.5456,0,0,0,0
3,1,0,0,1,1,1,0.8862,0.9844,0.4441,0.8657,567.0,346.0,539.5,353.0,584.0,520.5,550.0,529.0,28.3769,35.0464,1.235,0,0,0,0
4,2,1,0,0,1,1,0.8818,0.9849,0.3813,0.853,563.0,344.0,539.5,351.5,587.5,512.0,553.0,528.5,24.6678,38.2426,1.5503,0,0,0,0
4,2,1,2,0,0,1,0.0937,0.1307,0.083,0.0955,1256.0,658.5,1263.0,658.5,1228.0,720.0,1230.0,720.0,7.0,2.0,0.2857,0,0,0,0
5,2,1,0,0,1,1,0.8774,0.9844,0.3601,0.8447,564.0,344.5,539.0,351.5,588.5,519.0,552.0,529.0,25.9615,37.8451,1.4577,0,0,0,0
5,2,1,2,0,0,1,0.1242,0.1661,0.0986,0.1093,1255.0,658.5,1262.0,658.5,1228.0,720.0,1230.0,720.0,7.0,2.0,0.2857,0,0,0,0
6,2,1,0,0,1,1,0.8325,0.9785,0.2347,0.7676,560.0,346.0,540.5,349.5,584.5,523.5,554.0,535.0,19.8116,32.596,1.6453,0,0,0,0
6,2,1,2,0,0,1,0.1412,0.1666,0.0986,0.0955,1254.0,658.0,1261.0,658.0,1224.0,720.0,1225.0,720.0,7.0,1.0,0.1429,0,0,0,0
7,2,1,0,0,1,1,0.8608,0.9824,0.3286,0.8286,561.0,343.5,541.5,349.5,588.0,519.0,555.0,530.0,20.4022,34.7851,1.705,0,0,0,0
7,2,1,2,0,0,1,0.1128,0.1683,0.0834,0.1071,1251.0,659.0,1261.0,661.5,1228.0,720.0,1230.0,720.0,10.3078,2.0,0.194,0,0,0,0
8,2,1,0,0,1,1,0.855,0.9805,0.3369,0.8301,564.0,344.5,537.5,349.0,591.0,520.0,562.0,529.0,26.8794,30.3645,1.1297,0,0,0,0
8,2,1,2,0,0,1,0.1067,0.151,0.0689,0.0809,1251.0,661.5,1259.0,662.0,1225.0,720.0,1226.0,720.0,8.0156,1.0,0.1248,0,0,0,0
9,1,0,0,0,1,1,0.8623,0.9814,0.3433,0.8315,561.5,343.5,538.0,349.0,586.5,515.5,561.5,527.0,24.135,27.5182,1.1402,0,0,0,0
10,1,0,0,0,1,1,0.8857,0.9849,0.3694,0.8442,559.5,345.0,538.5,352.0,591.0,521.0,569.5,530.0,22.1359,23.3077,1.0529,0,0,0,0
11,1,0,0,0,1,1,0.873,0.9829,0.3564,0.8369,560.0,346.0,539.5,351.0,594.0,523.0,569.0,528.0,21.1009,25.4951,1.2082,0,0,0,0
12,1,0,0,1,1,1,0.8979,0.9863,0.501,0.8916,564.0,344.5,539.5,351.0,593.0,514.0,567.0,524.5,25.3476,28.0401,1.1062,0,0,0,0
13,1,0,0,0,1,1,0.8672,0.9829,0.3589,0.8457,563.5,343.5,538.5,352.0,591.5,517.0,569.5,526.5,26.4055,23.9635,0.9075,0,0,0,0
14,1,0,0,1,1,1,0.8843,0.9854,0.4011,0.8647,562.0,343.5,536.5,351.5,594.0,520.0,572.0,527.0,26.7255,23.0868,0.8639,0,0,0,0
15,1,0,0,0,1,1,0.8853,0.9854,0.3962,0.8628,565.0,345.0,539.0,350.5,593.0,521.0,563.0,527.0,26.5754,30.5941,1.1512,0,0,0,0
16,2,1,0,0,1,1,0.8828,0.9849,0.386,0.8545,564.5,344.5,538.5,351.0,591.0,519.5,565.5,527.5,26.8002,26.7255,0.9972,0,0,0,0
16,2,1,3,0,0,1,0.1049,0.1559,0.0587,0.0792,1251.0,656.5,1261.0,659.5,1218.0,720.0,1214.0,720.0,10.4403,4.0,0.3831,0,0,0,0
17,1,0,0,0,1,1,0.8833,0.9849,0.3682,0.8452,561.5,344.5,539.5,353.0,589.0,518.0,566.5,531.5,23.585,26.2393,1.1125,0,0,0,0
18,1,0,0,0,1,1,0.8843,0.9849,0.3774,0.8486,563.0,344.0,540.0,350.5,591.5,519.0,565.0,529.5,23.9008,28.5044,1.1926,0,0,0,0
19,2,1,0,0,1,1,0.8838,0.9854,0.3821,0.853,564.5,345.0,541.5,353.0,590.0,523.0,561.0,535.5,24.3516,31.5793,1.2968,0,0,0,0
19,2,1,4,0,0,1,0.152,0.1664,0.0851,0.0737,1250.0,661.5,1261.0,662.5,1225.0,720.0,1226.0,720.0,11.0454,1.0,0.0905,0,0,0,0
20,1,0,0,0,1,1,0.8838,0.9849,0.3718,0.8481,566.0,346.0,542.0,352.0,591.0,523.5,559.0,534.5,24.7386,33.8378,1.3678,0,0,0,0
21,1,0,0,0,1,1,0.8735,0.9829,0.3508,0.834,564.5,348.5,542.0,354.0,590.0,531.0,559.0,537.0,23.1625,31.5753,1.3632,0,0,0,0
22,2,1,0,0,1,1,0.8472,0.98,0.3149,0.8149,565.5,346.5,545.0,353.5,580.0,527.0,559.5,533.5,21.6622,21.5058,0.9928,0,0,0,0
22,2,1,5,0,0,1,0.2098,0.479,0.046,0.1653,1249.0,654.0,1260.0,659.0,1227.0,720.0,1233.0,720.0,12.083,6.0,0.4966,0,0,0,0
23,2,1,0,1,1,1,0.8784,0.9834,0.4182,0.8525,566.0,347.0,546.5,354.5,584.0,525.5,559.5,535.0,20.8926,26.2774,1.2577,0,0,0,0
23,2,1,5,0,0,1,0.1981,0.4617,0.0464,0.17,1249.0,653.0,1258.0,657.5,1226.0,720.0,1234.0,720.0,10.0623,8.0,0.795,0,0,0,0
24,1,0,0,0,1,1,0.875,0.98,0.3521,0.8174,567.0,347.0,545.5,352.0,587.5,529.0,565.5,535.5,22.0737,22.9401,1.0393,0,0,0,0
25,1,0,0,0,1,1,0.8599,0.9829,0.3403,0.8423,569.5,346.5,546.0,353.0,588.0,529.0,563.5,534.5,24.3824,25.1098,1.0298,0,0,0,0
26,1,0,0,0,1,1,0.8667,0.9839,0.3564,0.8525,567.0,346.5,549.5,350.5,585.0,525.0,571.0,529.5,17.9513,14.7054,0.8192,0,0,0,0
27,2,1,0,0,1,1,0.8608,0.9834,0.3191,0.8311,568.0,347.0,549.0,351.5,589.0,525.0,567.0,529.5,19.5256,22.4555,1.1501,0,0,0,0
27,2,1,6,0,0,1,0.223,0.4888,0.0461,0.1611,1248.0,657.0,1259.0,662.5,1231.0,720.0,1238.0,720.0,12.2984,7.0,0.5692,0,0,0,0
28,1,0,0,0,1,1,0.8853,0.981,0.3455,0.8076,561.5,346.0,553.0,351.5,585.0,523.0,575.5,530.0,10.1242,11.8004,1.1656,0,0,0,0
29,2,1,0,0,1,1,0.8779,0.9858,0.3271,0.8364,562.5,346.5,553.5,352.0,587.0,527.0,579.0,532.0,10.5475,9.434,0.8944,0,0,0,0
29,2,1,7,0,0,1,0.1196,0.1447,0.0836,0.0823,1253.0,669.0,1261.0,671.0,1228.0,720.0,1230.0,720.0,8.2462,2.0,0.2425,0,0,0,0
30,1,0,0,0,1,1,0.8716,0.9849,0.3108,0.8242,560.0,345.5,555.5,352.0,578.5,525.5,577.0,532.5,7.9057,7.1589,0.9055,0,0,0,0
31,1,0,0,1,1,1,0.8169,0.9824,0.4258,0.8882,569.0,347.0,552.5,355.0,584.0,517.0,574.0,526.5,18.3371,13.7931,0.7522,0,0,0,0
32,1,0,0,0,1,1,0.8901,0.9824,0.3525,0.8184,569.0,347.0,552.0,352.0,589.0,525.5,578.0,532.0,17.72,12.7769,0.721,0,0,0,0
33,2,1,0,1,1,1,0.8188,0.9839,0.417,0.8901,570.0,346.0,556.0,356.0,580.0,515.0,573.5,529.5,17.2047,15.8902,0.9236,0,0,0,0
33,2,1,8,0,0,1,0.1357,0.1664,0.0944,0.0937,1254.0,671.5,1260.0,674.5,1226.0,720.0,1229.0,720.0,6.7082,3.0,0.4472,0,0,0,0
34,1,0,0,1,1,1,0.8213,0.9834,0.4143,0.8867,569.0,346.0,555.5,355.0,579.0,515.0,572.5,530.0,16.225,16.3478,1.0076,0,0,0,0
35,1,0,0,0,1,1,0.8887,0.9839,0.3311,0.8135,566.5,346.5,565.5,354.0,579.5,523.0,575.0,536.0,7.5664,13.7568,1.8182,0,0,0,0
36,2,1,0,1,1,1,0.8423,0.9863,0.439,0.897,570.5,347.0,562.5,358.5,585.0,515.0,571.0,529.0,14.0089,19.799,1.4133,0,0,0,0
36,2,1,9,0,0,1,0.2546,0.5327,0.0488,0.1663,1250.0,660.0,1260.0,665.5,1232.0,716.5,1239.0,720.0,11.4127,7.8262,0.6857,0,0,0,0
37,2,1,0,0,1,1,0.8843,0.9878,0.3499,0.8555,576.5,349.0,566.5,353.0,591.5,527.0,581.0,534.5,10.7703,12.9035,1.1981,0,0,0,0
37,2,1,9,0,0,1,0.2462,0.522,0.0412,0.1418,1248.0,666.0,1260.0,671.5,1233.0,710.5,1240.0,720.0,13.2004,11.8004,0.8939,0,0,0,0
38,2,1,0,0,1,1,0.8896,0.9883,0.3284,0.8462,577.5,351.5,576.5,355.0,590.0,529.5,594.0,535.5,3.6401,7.2111,1.981,0,0,0,0
38,2,1,9,0,0,1,0.2686,0.5508,0.0449,0.1555,1248.0,665.0,1260.0,670.5,1230.0,720.0,1238.0,720.0,13.2004,8.0,0.606,0,0,0,0
39,2,1,0,0,1,1,0.8877,0.9878,0.2986,0.8252,573.0,351.5,579.0,355.0,584.5,530.0,592.0,534.0,6.9462,8.5,1.2237,0,0,0,0
39,2,1,9,0,0,1,0.2966,0.5859,0.0503,0.1727,1248.0,663.0,1262.0,669.0,1230.0,720.0,1237.0,720.0,15.2315,7.0,0.4596,0,0,0,0
40,1,0,0,1,1,1,0.9219,0.9922,0.4983,0.9121,583.5,352.5,582.0,354.0,606.0,526.0,609.5,530.0,2.1213,5.3151,2.5055,0,0,0,0
41,2,1,0,1,1,1,0.915,0.9912,0.4944,0.9131,583.0,351.0,581.0,353.0,609.5,527.0,611.5,527.0,2.8284,2.0,0.7071,0,0,0,0
41,2,1,10,0,0,1,0.2893,0.5708,0.0439,0.1506,1246.0,666.0,1260.0,672.0,1229.0,720.0,1237.0,720.0,15.2315,8.0,0.5252,0,0,0,0
42,1,0,0,0,1,1,0.8716,0.9873,0.3789,0.8813,583.0,348.0,590.5,351.0,591.5,524.5,634.0,521.0,8.0777,42.6439,5.2792,0,0,0,0
43,2,1,0,0,1,1,0.8823,0.9883,0.3765,0.877,584.0,347.5,590.5,349.5,596.5,525.0,631.5,520.5,6.8007,35.2881,5.1889,0,0,0,0
43,2,1,11,0,0,1,0.2375,0.5103,0.0413,0.1436,1246.0,666.5,1261.0,673.0,1228.0,718.0,1236.0,720.0,16.3478,8.2462,0.5044,0,0,0,0
44,1,0,0,1,1,1,0.9238,0.9893,0.5479,0.9102,591.5,347.0,595.0,349.5,615.0,510.0,652.5,509.5,4.3012,37.5033,8.7193,0,0,0,0
45,2,1,0,1,1,1,0.9043,0.9912,0.5034,0.9224,592.0,346.5,595.0,348.5,590.5,516.0,651.5,510.0,3.6056,61.2944,17.0,0,0,0,0
45,2,1,12,0,0,1,0.1526,0.1515,0.1049,0.0772,1248.0,676.5,1258.0,679.0,1224.0,720.0,1228.0,720.0,10.3078,4.0,0.3881,0,0,0,0
46,1,0,0,1,1,1,0.9229,0.9937,0.6763,0.9575,595.5,348.5,603.5,353.0,558.5,519.5,664.0,506.5,9.1788,106.2979,11.5808,0,0,0,0
47,1,0,0,1,1,1,0.958,0.9946,0.645,0.9453,599.5,350.0,606.5,351.0,561.5,526.0,668.5,503.5,7.0711,109.3401,15.463,0,0,0,0
48,1,0,0,1,1,1,0.9116,0.9932,0.6011,0.9492,605.5,350.0,616.0,351.0,568.0,521.5,672.5,508.0,10.5475,105.3684,9.9899,0,0,0,0
49,1,0,0,1,1,1,0.9355,0.9902,0.5483,0.9058,616.0,350.0,627.5,352.5,638.0,517.0,678.0,510.5,11.7686,40.5247,3.4435,0,0,0,0
50,1,0,0,1,1,1,0.936,0.9902,0.5503,0.9033,616.0,351.0,627.5,351.0,639.0,518.5,677.0,510.5,11.5,38.833,3.3768,0,0,0,0
51,1,0,0,1,1,1,0.9126,0.9917,0.4614,0.9126,633.5,353.0,638.0,354.0,658.0,514.0,676.5,518.5,4.6098,19.0394,4.1302,0,0,0,0
52,1,0,0,1,1,1,0.917,0.9888,0.584,0.9199,627.5,351.5,638.0,358.5,657.5,516.0,680.0,521.5,12.6194,23.1625,1.8355,0,0,0,0
53,1,0,0,1,1,1,0.9185,0.9897,0.6182,0.9321,642.5,350.0,644.5,353.0,671.5,519.0,675.0,521.5,3.6056,4.3012,1.1929,0,0,0,0
54,1,0,0,1,1,1,0.9141,0.9893,0.623,0.9346,645.5,347.0,644.0,351.0,671.0,519.5,675.0,522.0,4.272,4.717,1.1042,0,0,0,0
55,1,0,0,1,1,1,0.8501,0.9878,0.499,0.9214,660.0,354.0,651.0,353.0,675.0,516.0,673.0,524.0,9.0554,8.2462,0.9106,0,0,0,0
56,1,0,0,1,1,1,0.835,0.9868,0.4692,0.9155,658.5,352.0,653.5,350.5,674.0,518.0,671.0,518.5,5.2202,3.0414,0.5826,0,0,0,0
57,1,0,0,1,1,1,0.8794,0.9902,0.4771,0.9277,672.0,348.5,662.5,346.5,678.0,511.5,672.5,519.0,9.7082,9.3005,0.958,0,0,0,0
58,2,1,0,1,1,1,0.894,0.9888,0.5298,0.9175,674.5,348.0,672.0,347.0,684.5,505.0,672.0,519.0,2.6926,18.7683,6.9704,0,0,0,0
58,2,1,13,0,0,1,0.096,0.1503,0.0663,0.0866,1238.0,612.0,1247.0,613.5,1211.0,710.0,1220.0,710.5,9.1241,9.0139,0.9879,0,0,0,0
59,1,0,0,1,1,1,0.9038,0.9849,0.4314,0.8628,678.5,346.0,675.5,343.5,683.0,512.0,668.5,522.0,3.9051,17.6139,4.5105,0,0,0,0
60,1,0,0,1,1,1,0.9092,0.9863,0.5132,0.8911,692.0,349.5,680.0,348.5,700.0,513.5,669.0,525.5,12.0416,33.2415,2.7606,0,0,0,0
61,1,0,0,1,1,1,0.896,0.9839,0.4077,0.8418,694.0,347.0,682.0,348.5,700.5,512.5,668.5,528.0,12.0934,35.5563,2.9401,0,0,0,0
62,1,0,0,1,1,1,0.9048,0.9883,0.4001,0.873,700.0,350.5,690.5,347.0,722.0,504.0,669.0,523.0,10.1242,56.3028,5.5612,0,0,0,0
63,1,0,0,0,1,1,0.8965,0.9907,0.3892,0.897,702.5,352.0,691.0,348.0,719.0,513.0,671.0,524.5,12.1758,49.3584,4.0538,0,0,0,0
64,1,0,0,1,1,1,0.9316,0.9927,0.5688,0.9268,711.0,357.5,700.5,356.0,734.5,507.0,670.5,534.0,10.6066,69.4622,6.549,0,0,0,0
65,2,1,0,1,1,1,0.939,0.9961,0.708,0.9712,728.0,362.0,706.5,354.5,781.0,484.5,679.0,529.5,22.7706,111.4854,4.896,0,0,0,0
65,2,1,14,0,0,1,0.0693,0.0714,0.0524,0.0358,1236.0,639.0,1246.0,638.5,1211.0,713.5,1220.0,712.0,10.0125,9.1241,0.9113,0,0,0,0
66,2,1,0,1,1,1,0.9604,0.9961,0.7544,0.9697,726.0,360.5,709.0,356.5,779.0,481.0,678.0,532.0,17.4642,113.1459,6.4787,0,0,0,0
66,2,1,14,0,0,1,0.1041,0.1245,0.0643,0.0668,1243.0,662.0,1260.0,672.5,1236.0,719.0,1252.0,715.0,19.9812,16.4924,0.8254,0,0,0,0
67,2,1,0,1,1,1,0.9727,0.9976,0.8086,0.9785,740.5,361.5,714.0,357.5,801.5,487.0,687.0,535.0,26.8002,124.1541,4.6326,0,0,0,0
67,2,1,14,0,0,1,0.0789,0.0854,0.0599,0.0401,1249.0,619.0,1252.0,619.0,1213.0,705.0,1219.0,702.0,3.0,6.7082,2.2361,0,0,0,0
68,2,1,0,1,1,1,0.9736,0.9976,0.8101,0.978,741.5,360.0,717.0,356.0,797.0,484.5,687.0,536.0,24.8244,121.4588,4.8927,0,0,0,0
68,2,1,14,0,0,1,0.0778,0.0974,0.0642,0.0523,1249.0,612.0,1252.0,612.0,1217.0,701.0,1222.0,698.5,3.0,5.5902,1.8634,0,0,0,0
69,2,1,0,1,1,1,0.9775,0.9976,0.7944,0.9717,749.0,357.5,726.0,356.0,810.0,479.0,700.5,533.0,23.0489,122.0912,5.2971,0,0,0,0
69,2,1,14,0,0,1,0.0661,0.1221,0.0552,0.0887,1243.0,612.5,1251.0,615.0,1226.0,708.0,1233.0,704.0,8.3815,8.0623,0.9619,0,0,0,0
70,1,0,0,1,1,1,0.979,0.9976,0.8169,0.9722,747.0,356.0,728.5,357.0,807.5,481.5,705.0,536.5,18.527,116.3239,6.2786,0,0,0,0
71,1,0,0,1,1,1,0.978,0.9976,0.7954,0.9702,754.0,358.0,739.0,359.0,814.5,490.0,721.0,544.5,15.0333,108.2243,7.199,0,0,0,0
72,2,1,0,1,1,1,0.9702,0.9971,0.7285,0.9614,753.5,359.0,741.0,361.0,813.0,484.5,714.0,544.0,12.659,115.5043,9.1243,0,0,0,0
72,2,1,15,0,0,1,0.0646,0.0759,0.0587,0.0449,1252.0,617.0,1256.0,616.5,1219.0,704.0,1224.0,701.0,4.0311,5.831,1.4465,0,0,0,0
73,1,0,0,1,1,1,0.9663,0.9951,0.686,0.9341,764.5,358.5,749.5,360.5,811.5,487.5,734.5,553.0,15.1327,101.0903,6.6802,0,0,0,0
74,1,0,0,1,1,1,0.9595,0.9946,0.7368,0.9565,786.5,357.5,757.5,359.0,814.5,504.0,750.5,532.0,29.0388,69.857,2.4056,0,0,0,0
75,1,0,0,1,1,1,0.9531,0.9956,0.6147,0.9414,780.5,359.0,760.5,360.0,812.0,501.0,750.0,536.0,20.025,71.1969,3.5554,0,0,0,0
76,1,0,0,1,1,1,0.9526,0.9966,0.6504,0.9585,800.0,356.0,760.5,360.5,812.0,520.0,776.0,528.5,39.7555,36.9899,0.9304,0,0,0,0
77,1,0,0,1,1,1,0.9565,0.9956,0.667,0.9536,798.5,358.0,759.0,363.0,811.0,521.0,771.5,531.5,39.8152,40.8718,1.0265,0,0,0,0
78,1,0,0,1,1,1,0.9331,0.9912,0.4365,0.8765,813.5,356.0,765.5,355.5,814.5,524.0,782.0,526.0,48.0026,32.5615,0.6783,0,0,0,0
79,1,0,0,1,1,1,0.9243,0.9897,0.426,0.8687,812.0,355.0,766.5,356.5,821.0,523.0,783.0,528.0,45.5247,38.3275,0.8419,0,0,0,0
80,1,0,0,1,1,1,0.9438,0.9932,0.7012,0.9517,836.5,352.5,764.5,352.5,837.0,510.0,791.0,523.0,72.0,47.8017,0.6639,0,0,0,0
81,1,0,0,1,1,1,0.9458,0.9937,0.7036,0.9517,835.0,353.0,765.5,353.0,835.0,513.5,790.5,521.5,69.5,45.2134,0.6506,0,0,0,0
82,2,1,0,1,1,1,0.9595,0.9951,0.7275,0.9585,846.0,359.0,768.0,354.0,843.0,513.0,785.0,521.0,78.1601,58.5491,0.7491,0,0,0,0
82,2,1,16,0,0,1,0.0661,0.074,0.0465,0.0314,1249.0,623.0,1253.0,622.5,1216.0,706.5,1222.0,705.0,4.0311,6.1847,1.5342,0,0,0,0
83,1,0,0,1,1,1,0.9575,0.9951,0.7588,0.9634,848.5,359.0,765.5,356.5,847.0,516.5,787.5,522.0,83.0376,59.7537,0.7196,0,0,0,0
84,2,1,0,1,1,1,0.9639,0.9956,0.7744,0.9604,858.0,357.0,765.5,355.0,846.0,485.0,775.0,520.5,92.5216,79.3804,0.858,0,0,0,0
84,2,1,17,0,0,1,0.0405,0.0601,0.0271,0.0248,1245.0,636.5,1252.0,636.5,1211.0,713.0,1219.0,710.5,7.0,8.3815,1.1974,0,0,0,0
85,1,0,0,1,1,1,0.9854,0.9922,0.8184,0.9043,866.5,360.0,765.0,354.5,859.0,528.0,762.5,516.0,101.6489,97.2433,0.9567,0,0,0,0
86,1,0,0,1,1,1,0.9844,0.9956,0.8218,0.9468,867.5,361.0,766.0,357.0,857.5,523.0,765.0,520.5,101.5788,92.5338,0.911,0,0,0,0
87,3,1,0,1,1,1,0.9927,0.9897,0.9131,0.8882,871.0,358.0,766.5,355.5,876.5,524.5,757.5,523.0,104.5299,119.0095,1.1385,0,0,0,0
87,3,1,18,0,0,0,0.077,0.1373,0.0525,0.0775,1243.0,665.0,1254.0,677.0,1231.0,720.0,1246.0,720.0,16.2788,15.0,0.9214,0,0,0,0
87,3,1,19,0,0,0,0.1045,0.1456,0.0391,0.0368,1251.0,624.0,1259.0,622.5,1215.0,720.0,1229.0,716.0,8.1394,14.5602,1.7889,0,0,0,0
88,2,1,0,1,1,1,0.9937,0.9902,0.9189,0.8872,871.5,359.0,767.0,355.5,876.5,525.5,757.5,524.0,104.5586,119.0095,1.1382,0,0,0,0
88,2,1,19,0,0,1,0.1486,0.1904,0.0621,0.0535,1252.0,604.0,1258.0,602.5,1218.0,715.0,1229.0,709.0,6.1847,12.53,2.026,0,0,0,0
89,2,1,0,1,1,1,0.9951,0.9902,0.9541,0.915,876.0,358.5,772.5,356.0,895.0,506.0,755.5,521.0,103.5302,140.3041,1.3552,0,0,0,0
89,2,1,19,0,0,1,0.0265,0.0811,0.0429,0.1063,1260.0,651.0,1256.0,652.0,1228.0,716.5,1239.0,720.0,4.1231,11.5434,2.7997,0,0,0,0
90,2,1,0,1,1,1,0.9951,0.9863,0.9502,0.875,876.0,356.5,772.5,355.0,893.0,503.5,752.5,520.0,103.5109,141.4655,1.3667,0,0,0,0
90,2,1,19,0,0,1,0.0271,0.0797,0.0376,0.0904,1260.0,656.0,1256.0,657.5,1233.0,718.5,1242.0,718.0,4.272,9.0139,2.11,0,0,0,0
91,1,0,0,1,1,1,0.9961,0.9854,0.9624,0.8691,877.5,353.5,775.5,353.5,906.0,508.0,753.5,517.0,102.0,152.7653,1.4977,0,0,0,0
92,1,0,0,1,1,1,0.9966,0.9844,0.9644,0.8638,878.5,354.0,776.5,353.5,904.0,511.0,754.0,518.0,102.0012,150.1632,1.4722,0,0,0,0
93,1,0,0,1,1,1,0.9966,0.9839,0.9639,0.8555,885.0,356.0,781.0,355.5,916.0,516.0,760.5,521.5,104.0012,155.5972,1.4961,0,0,0,0
94,2,1,0,1,1,1,0.9966,0.9819,0.9678,0.8608,888.5,361.0,789.0,361.0,923.0,524.5,762.0,525.5,99.5,161.0031,1.6181,0,0,0,0
94,2,1,20,0,0,1,0.1376,0.1427,0.0793,0.0611,1246.0,670.0,1256.0,671.5,1216.0,720.0,1215.0,720.0,10.1119,1.0,0.0989,0,0,0,0
95,1,0,0,1,1,1,0.9966,0.9814,0.9707,0.8545,889.5,361.0,789.5,360.0,922.5,525.0,762.0,524.0,100.005,160.5031,1.605,0,0,0,0
96,1,0,0,1,1,1,0.9966,0.979,0.9697,0.8506,893.0,362.5,796.5,360.5,930.5,535.0,769.5,524.5,96.5207,161.342,1.6716,0,0,0,0
97,1,0,0,1,1,1,0.9961,0.9795,0.9722,0.8726,892.5,363.5,795.0,360.5,930.5,535.5,769.5,525.0,97.5461,161.342,1.654,0,0,0,0
98,1,0,0,1,1,1,0.9961,0.979,0.9683,0.8525,897.5,362.0,800.5,360.0,931.5,540.0,778.0,527.0,97.0206,154.0495,1.5878,0,0,0,0
99,1,0,0,1,1,1,0.9961,0.978,0.9673,0.8457,898.0,361.0,801.5,358.0,930.0,539.0,777.5,527.5,96.5466,152.933,1.584,0,0,0,0
100,1,0,0,1,1,1,0.9951,0.9673,0.9648,0.8208,896.5,360.0,805.5,356.5,928.0,544.5,782.0,531.5,91.0673,146.5776,1.6096,0,0,0,0
101,1,0,0,1,1,1,0.9961,0.9521,0.9683,0.6953,896.0,354.5,808.0,354.0,918.5,547.0,787.0,532.5,88.0014,132.297,1.5034,0,0,0,0
102,1,0,0,1,1,1,0.9966,0.936,0.9727,0.6753,892.5,355.5,810.5,354.0,920.5,546.5,787.0,545.0,82.0137,133.5084,1.6279,0,0,0,0
103,1,0,0,1,1,1,0.9971,0.9009,0.9644,0.4429,887.0,355.0,817.0,355.5,900.5,549.0,819.5,540.0,70.0018,81.4985,1.1642,0,0,0,0
104,1,0,0,1,1,1,0.9971,0.9072,0.9668,0.4634,888.5,356.0,817.5,356.0,901.5,549.5,814.5,549.0,71.0,87.0014,1.2254,0,0,0,0
105,1,0,0,1,1,1,0.9966,0.9062,0.959,0.4626,879.0,352.5,819.0,354.0,875.5,547.0,813.0,555.0,60.0187,63.0099,1.0498,0,0,0,0
106,1,0,0,1,1,1,0.9966,0.8975,0.9561,0.4194,880.0,352.5,820.0,353.5,877.0,549.0,814.5,551.0,60.0083,62.532,1.0421,0,0,0,0
107,1,0,0,1,1,1,0.9961,0.9004,0.9575,0.4741,868.0,353.5,824.5,352.5,855.0,546.0,808.0,546.0,43.5115,47.0,1.0802,0,0,0,0
108,1,0,0,1,1,1,0.9961,0.8916,0.9609,0.4697,855.0,353.0,823.0,352.0,834.5,546.0,816.0,546.0,32.0156,18.5,0.5778,0,0,0,0
109,1,0,0,1,1,1,0.9961,0.8862,0.9609,0.4568,854.0,353.0,825.5,349.0,836.0,545.5,812.0,541.5,28.7793,24.3311,0.8454,0,0,0,0
110,1,0,0,0,1,1,0.9985,0.9082,0.9717,0.364,825.0,353.5,848.0,351.5,813.5,548.0,812.0,541.0,23.0868,7.1589,0.3101,0,0,0,0
111,1,0,0,0,1,1,0.9971,0.8862,0.9375,0.2937,832.5,356.0,841.5,352.0,813.0,542.5,812.0,533.5,9.8489,9.0554,0.9194,0,0,0,0
112,1,0,0,1,1,1,0.998,0.8481,0.9795,0.4067,822.5,355.0,822.5,351.0,791.5,542.0,787.0,530.5,4.0,12.3491,3.0873,0,0,0,0
113,1,0,0,0,1,1,0.998,0.8633,0.9766,0.3987,820.0,354.5,822.5,350.0,791.5,541.0,794.5,527.0,5.1478,14.3178,2.7813,0,0,0,0
114,1,0,0,1,1,1,0.9971,0.8677,0.9771,0.5103,813.0,356.0,799.5,355.0,779.5,534.5,769.5,535.0,13.537,10.0125,0.7396,0,0,0,0
115,1,0,0,1,1,1,0.9976,0.8682,0.9839,0.5532,818.0,356.5,793.5,358.0,777.5,536.0,773.5,540.0,24.5459,5.6569,0.2305,0,0,0,0
116,1,0,0,1,1,1,0.9966,0.8784,0.9712,0.5122,795.5,357.5,782.0,359.0,765.5,538.0,752.0,543.0,13.5831,14.3962,1.0599,0,0,0,0
117,1,0,0,1,1,1,0.9961,0.8394,0.9717,0.4468,792.5,355.5,782.5,357.5,765.0,537.5,755.5,542.5,10.198,10.7355,1.0527,0,0,0,0
118,1,0,0,1,1,1,0.9966,0.8867,0.9775,0.5342,775.0,363.0,770.0,357.5,745.5,545.5,756.5,542.0,7.433,11.5434,1.553,0,0,0,0
119,1,0,0,1,1,1,0.9951,0.8281,0.9727,0.5083,776.5,365.0,765.0,360.5,742.0,544.0,747.0,535.0,12.3491,10.2956,0.8337,0,0,0,0
120,1,0,0,1,1,1,0.9976,0.8096,0.9854,0.428,756.0,356.0,731.0,357.0,739.0,548.5,711.0,542.5,25.02,28.6356,1.1445,0,0,0,0
121,1,0,0,1,1,1,0.9951,0.8223,0.9751,0.4863,737.5,355.0,714.5,357.0,729.0,544.0,709.5,537.5,23.0868,20.5548,0.8903,0,0,0,0
122,1,0,0,1,1,1,0.9956,0.8296,0.9668,0.4587,733.0,355.0,716.0,355.5,731.5,545.5,708.5,543.5,17.0074,23.0868,1.3575,0,0,0,0
123,1,0,0,0,1,1,0.9951,0.8193,0.9419,0.2915,717.0,356.0,700.5,351.5,720.5,550.0,693.0,541.5,17.1026,28.7837,1.683,0,0,0,0
124,1,0,0,0,1,1,0.9946,0.7979,0.936,0.2825,717.5,355.5,699.5,350.0,723.5,547.0,692.5,540.5,18.8215,31.6741,1.6829,0,0,0,0
125,1,0,0,0,1,1,0.9927,0.813,0.9302,0.3181,701.0,352.0,679.0,348.0,721.5,543.0,676.5,537.5,22.3607,45.3349,2.0274,0,0,0,0
126,1,0,0,0,1,1,0.9956,0.7837,0.9619,0.3357,699.0,354.5,678.0,349.5,719.5,550.0,674.0,547.0,21.587,45.5988,2.1123,0,0,0,0
127,1,0,0,0,1,1,0.9956,0.8516,0.9473,0.345,683.5,349.5,667.5,344.5,708.0,549.5,660.0,541.5,16.7631,48.6621,2.9029,0,0,0,0
128,1,0,0,0,1,1,0.9961,0.8647,0.9556,0.3672,683.5,349.0,664.0,344.5,709.0,550.0,651.5,542.5,20.0125,57.9871,2.8975,0,0,0,0
129,1,0,0,0,1,1,0.9951,0.8511,0.9448,0.3547,670.0,347.5,642.0,345.0,700.5,545.0,627.0,538.0,28.1114,73.8326,2.6264,0,0,0,0
130,1,0,0,1,1,1,0.998,0.9272,0.98,0.5781,653.0,350.5,618.5,347.0,686.0,544.0,566.0,521.0,34.6771,122.1843,3.5235,0,0,0,0
131,1,0,0,1,1,1,0.998,0.9355,0.98,0.6147,653.0,350.5,617.5,347.5,684.5,547.0,566.0,519.5,35.6265,121.6491,3.4146,0,0,0,0
132,1,0,0,1,1,1,0.9976,0.9458,0.9751,0.6372,635.5,353.0,595.5,350.5,669.0,549.5,544.5,524.5,40.078,126.9852,3.1684,0,0,0,0
133,1,0,0,1,1,1,0.9956,0.9424,0.9697,0.6641,634.5,353.0,602.5,347.5,666.5,550.5,546.0,523.0,32.4692,123.5981,3.8066,0,0,0,0
134,1,0,0,1,1,1,0.9966,0.9468,0.9565,0.6079,621.5,354.0,581.0,352.5,643.0,559.0,537.0,515.5,40.5278,114.5786,2.8272,0,0,0,0
135,1,0,0,1,1,1,0.9966,0.9424,0.9585,0.5957,620.0,355.0,581.0,353.0,641.5,560.0,538.0,516.0,39.0512,112.4644,2.8799,0,0,0,0
136,1,0,0,1,1,1,0.9956,0.9258,0.9521,0.5767,602.0,357.0,571.5,351.5,615.5,572.0,521.5,519.5,30.9919,107.6673,3.474,0,0,0,0
137,1,0,0,1,1,1,0.9961,0.9487,0.9688,0.6924,578.0,363.0,555.5,358.5,590.0,568.0,502.0,537.5,22.9456,93.1357,4.059,0,0,0,0
138,1,0,0,1,1,1,0.9971,0.9541,0.9722,0.7036,577.0,359.0,554.5,354.5,590.0,567.0,503.5,538.5,22.9456,91.0741,3.9691,0,0,0,0
139,1,0,0,0,1,1,0.9941,0.7515,0.9648,0.3552,558.5,361.5,527.5,354.5,564.0,568.5,493.75,542.0,31.7805,75.082,2.3625,0,0,0,0
140,1,0,0,0,1,1,0.9946,0.7656,0.9644,0.3396,557.5,361.0,528.5,353.0,559.0,575.0,493.75,542.0,30.0832,73.1202,2.4306,0,0,0,0
141,1,0,0,0,1,1,0.9966,0.8481,0.9619,0.325,535.0,364.0,513.0,357.0,527.0,583.0,474.0,559.0,23.0868,58.1808,2.5201,0,0,0,0
142,1,0,0,0,1,1,0.9951,0.8423,0.9556,0.3677,535.0,361.0,515.5,355.0,528.0,578.0,473.75,556.0,20.4022,58.5411,2.8694,0,0,0,0
143,1,0,0,0,1,1,0.9902,0.7285,0.8682,0.1617,514.5,358.5,501.5,348.0,488.25,575.0,465.0,547.0,16.7108,36.3945,2.1779,0,0,0,0
144,1,0,0,0,1,1,0.9893,0.7051,0.8638,0.1465,513.0,356.5,499.75,348.5,490.25,572.0,464.75,554.0,15.4778,31.213,2.0166,0,0,0,0
145,1,0,0,0,1,1,0.9912,0.7197,0.8916,0.1671,494.25,352.5,486.5,343.5,456.0,560.0,446.75,549.5,11.877,13.9933,1.1782,0,0,0,0
146,1,0,0,0,1,1,0.9917,0.8164,0.8901,0.2252,473.5,350.0,468.75,343.5,428.25,558.5,423.25,537.0,8.0506,22.0737,2.7419,0,0,0,0
147,1,0,0,0,1,1,0.9922,0.8237,0.8872,0.2283,474.0,352.0,469.5,344.5,427.25,560.0,424.5,540.0,8.7464,20.1882,2.3082,0,0,0,0
148,1,0,0,0,1,1,0.9941,0.7676,0.9077,0.186,452.75,346.5,459.25,339.0,401.75,536.0,405.75,516.0,9.9247,20.3961,2.0551,0,0,0,0
149,1,0,0,0,1,1,0.9941,0.7847,0.9097,0.2048,454.25,347.0,459.75,336.5,402.75,536.0,413.25,510.0,11.8533,28.0401,2.3656,0,0,0,0
150,1,0,0,1,1,1,0.9976,0.8652,0.9844,0.4712,441.5,346.0,429.0,340.0,370.25,539.5,384.0,523.5,13.8654,21.0965,1.5215,0,0,0,0
151,1,0,0,1,1,1,0.9941,0.8867,0.957,0.4514,437.0,346.5,432.25,341.0,370.5,533.0,385.75,536.5,7.2672,15.6465,2.153,0,0,0,0
152,1,0,0,0,1,1,0.9932,0.8579,0.9219,0.3186,421.5,345.0,423.25,338.0,340.75,529.0,358.25,521.5,7.2154,19.0394,2.6387,0,0,0,0
153,1,0,0,0,1,1,0.9912,0.8311,0.8975,0.2673,420.25,344.0,425.75,338.0,346.0,527.5,367.0,518.0,8.1394,23.0489,2.8318,0,0,0,0
154,1,0,0,1,1,1,0.9976,0.876,0.98,0.4456,395.75,348.0,413.0,340.5,313.0,529.5,342.75,520.0,18.8099,31.23,1.6603,0,0,0,0
155,1,0,0,1,1,1,0.9976,0.8794,0.9814,0.4583,397.0,348.0,414.5,341.0,315.25,528.0,343.5,521.5,18.8481,28.9881,1.538,0,0,0,0
156,1,0,0,1,1,1,0.9941,0.9111,0.9648,0.564,377.25,346.5,402.0,339.5,297.0,525.5,318.75,516.0,25.7209,23.7342,0.9228,0,0,0,0
157,1,0,0,1,1,1,0.9941,0.873,0.9697,0.5063,361.5,351.0,368.5,343.0,282.5,529.0,297.0,526.5,10.6301,14.7139,1.3842,0,0,0,0
158,1,0,0,1,1,1,0.9897,0.8789,0.9517,0.5381,359.75,353.0,364.75,344.0,281.25,525.5,293.0,524.0,10.2956,11.8454,1.1505,0,0,0,0
159,1,0,0,1,1,1,0.9951,0.8872,0.9604,0.4268,340.25,353.5,354.75,345.5,270.75,536.0,282.25,523.5,16.5605,16.9853,1.0257,0,0,0,0
160,1,0,0,1,1,1,0.9956,0.8872,0.9653,0.4375,341.0,352.5,352.0,345.5,271.25,535.5,280.25,524.0,13.0384,14.6031,1.12,0,0,0,0
161,1,0,0,0,1,1,0.9937,0.7646,0.9131,0.2054,321.0,350.5,332.5,341.5,269.0,542.0,266.0,522.5,14.6031,19.7294,1.351,0,0,0,0
162,1,0,0,0,1,1,0.9922,0.7788,0.9082,0.2225,321.5,352.0,331.0,343.5,269.0,544.0,272.0,531.5,12.7475,12.855,1.0084,0,0,0,0
163,1,0,0,0,1,1,0.9907,0.6968,0.915,0.194,307.0,345.5,301.0,340.0,262.0,547.5,251.125,539.5,8.1394,13.5006,1.6587,0,0,0,0
164,1,0,0,0,1,1,0.9922,0.7285,0.9238,0.2106,306.75,344.0,301.5,340.5,262.25,547.0,250.875,542.0,6.3097,12.4254,1.9692,0,0,0,0
165,1,0,0,1,1,1,0.9902,0.7554,0.9604,0.4211,294.0,345.0,276.25,340.5,256.5,555.0,243.75,543.5,18.3115,17.1701,0.9377,0,0,0,0
166,1,0,0,0,1,1,0.9917,0.8076,0.8882,0.2239,275.0,341.5,267.75,333.5,257.0,553.0,237.75,549.5,10.7964,19.5656,1.8122,0,0,0,0
167,1,0,0,0,1,1,0.9927,0.8369,0.9102,0.2776,275.25,342.0,266.5,336.5,258.0,555.0,232.0,552.5,10.335,26.1199,2.5273,0,0,0,0
168,1,0,0,0,1,1,0.9951,0.8076,0.9263,0.2235,260.5,338.0,258.5,334.0,258.5,559.5,221.375,548.0,4.4721,38.8654,8.6906,0,0,0,0
169,1,0,0,0,1,1,0.9951,0.8228,0.9258,0.2529,262.5,341.0,257.25,335.0,257.5,559.5,223.625,546.0,7.9726,36.466,4.5739,0,0,0,0
170,1,0,0,0,1,1,0.9976,0.8423,0.9624,0.2805,250.125,343.5,242.125,331.0,256.75,560.0,210.375,546.5,14.8408,48.3,3.2545,0,0,0,0
171,1,0,0,0,1,1,0.9951,0.7788,0.9204,0.202,249.625,341.0,246.375,331.0,254.25,558.5,210.5,543.0,10.5149,46.4146,4.4142,0,0,0,0
172,1,0,0,0,1,1,0.9961,0.8906,0.9463,0.3569,239.125,345.0,227.0,335.0,248.75,567.0,181.0,542.0,15.7167,72.2154,4.5948,0,0,0,0
173,1,0,0,0,1,1,0.9917,0.8462,0.8687,0.2346,225.0,346.5,213.5,342.0,235.0,571.5,178.5,570.5,12.3491,56.5088,4.576,0,0,0,0
174,1,0,0,0,1,1,0.9922,0.8511,0.8853,0.2559,227.0,345.5,215.0,341.5,238.25,569.0,179.125,576.5,12.6491,59.5988,4.7117,0,0,0,0
175,1,0,0,0,1,1,0.9946,0.7915,0.9189,0.2139,211.25,345.0,206.5,339.5,224.25,566.5,169.25,564.0,7.2672,55.0568,7.576,0,0,0,0
176,1,0,0,0,1,1,0.9912,0.8252,0.8916,0.2542,212.0,347.0,199.5,341.5,222.75,574.0,167.375,574.5,13.6565,55.3773,4.055,0,0,0,0
177,1,0,0,0,1,1,0.9922,0.8203,0.8965,0.2654,197.0,349.0,189.5,339.5,193.25,577.5,118.9375,553.0,12.1037,78.247,6.4647,0,0,0,0
178,1,0,0,1,1,1,0.9961,0.8936,0.9565,0.415,196.875,355.0,184.25,342.5,199.625,578.0,120.25,546.0,17.7663,85.5827,4.8171,0,0,0,0
179,1,0,0,1,1,1,0.9966,0.8931,0.9688,0.4822,185.125,353.0,154.0,343.0,177.25,573.5,105.75,546.5,32.692,76.4281,2.3378,0,0,0,0
180,1,0,0,0,1,1,0.9912,0.7764,0.9043,0.2266,177.375,352.5,145.125,343.0,148.875,575.0,107.1875,570.0,33.6201,41.9863,1.2488,0,0,0,0
181,1,0,0,0,1,1,0.9907,0.7715,0.8916,0.2172,177.25,352.5,140.125,343.0,148.375,576.5,106.5,565.5,38.3212,43.2957,1.1298,0,0,0,0
182,1,0,0,0,1,1,0.9922,0.8755,0.9038,0.3284,161.5,349.5,137.0,339.0,123.75,568.0,91.875,557.0,26.6552,33.7197,1.265,0,0,0,0
183,1,0,0,0,1,1,0.9927,0.855,0.8945,0.2749,161.0,348.0,134.75,339.0,125.4375,569.0,95.0,546.0,27.75,38.1502,1.3748,0,0,0,0
184,1,0,0,1,1,1,0.9937,0.9028,0.9326,0.4641,155.25,344.5,120.0,329.0,94.4375,563.5,44.2188,521.5,38.5073,65.467,1.7001,0,0,0,0
185,1,0,0,1,1,1,0.9937,0.8989,0.9268,0.4167,152.625,344.0,126.6875,329.0,93.3125,563.0,49.9062,528.5,29.9625,55.4468,1.8505,0,0,0,0
186,1,0,0,0,1,1,0.9966,0.8711,0.9595,0.3733,138.875,341.0,132.25,328.5,75.875,546.0,58.75,532.0,14.1471,22.1193,1.5635,0,0,0,0
187,1,0,0,1,1,1,0.9966,0.8833,0.9644,0.4216,140.5,342.5,129.75,327.0,74.875,548.5,67.5,527.5,18.863,22.2574,1.1799,0,0,0,0
188,1,0,0,1,1,1,0.9912,0.8862,0.9365,0.47,146.75,343.0,111.0625,331.0,60.625,544.0,58.7812,495.5,37.651,48.535,1.2891,0,0,0,0
189,1,0,0,1,1,1,0.9907,0.8955,0.9248,0.4644,150.25,345.0,105.3125,333.0,62.5,541.5,58.375,502.0,46.5121,39.7148,0.8539,0,0,0,0
190,1,0,0,1,1,1,0.9907,0.8691,0.9473,0.498,156.0,341.0,78.5625,330.0,65.375,537.5,41.3125,452.0,78.2149,88.8215,1.1356,0,0,0,0
191,1,0,0,1,1,1,0.9897,0.8682,0.9399,0.4863,153.0,343.0,79.25,332.0,65.0625,536.0,45.3438,482.0,74.5658,57.4876,0.771,0,0,0,0
192,1,0,0,1,1,1,0.9966,0.9004,0.981,0.6147,144.125,337.5,49.4375,334.5,90.625,530.5,31.1562,411.5,94.735,133.0321,1.4043,0,0,0,0
193,1,0,0,1,0,1,0.9932,0.896,0.958,0.5513,147.0,338.0,33.1875,336.0,102.875,539.5,29.5312,458.0,113.8301,109.6429,0.9632,0,0,0,0
194,1,0,0,1,0,1,0.9922,0.8818,0.9507,0.5005,145.75,339.0,33.1875,336.0,101.0,538.5,23.4688,501.0,112.6025,86.124,0.7649,0,0,0,0
195,1,0,0,0,0,1,0.9907,0.7944,0.9355,0.325,143.25,341.0,13.5781,340.0,127.375,536.5,20.875,499.5,129.6757,112.7442,0.8694,0,0,0,0
196,1,0,0,0,0,1,0.9961,0.7852,0.9614,0.2837,138.875,341.0,13.4062,343.0,127.625,537.0,13.5,511.5,125.4847,116.9392,0.9319,0,0,0,0
197,1,0,0,0,0,1,0.9888,0.7729,0.9131,0.2888,136.875,341.0,2.7969,341.0,142.375,542.0,17.6562,494.0,134.0781,133.6367,0.9967,0,0,0,0
198,1,0,0,0,0,1,0.9878,0.7734,0.9038,0.2883,138.75,342.5,2.8281,343.0,144.0,544.5,18.4531,482.0,135.9228,140.2436,1.0318,0,0,0,0
199,1,0,0,0,0,1,0.9878,0.7837,0.9072,0.3169,129.0,338.5,0.0,341.0,157.25,541.0,13.6406,448.5,129.0242,170.8213,1.3239,0,0,0,0
200,1,0,0,0,0,1,0.9863,0.7593,0.897,0.2852,127.3125,337.0,0.0,339.0,155.75,538.0,16.1406,449.5,127.3282,165.2968,1.2982,0,0,0,0
201,1,0,0,0,0,1,0.9824,0.792,0.874,0.3408,123.75,336.0,0.0,339.0,161.5,534.0,16.9531,439.0,123.7864,172.9705,1.3973,0,0,0,0
202,1,0,0,0,0,1,0.9878,0.6909,0.8511,0.1602,117.75,342.0,0.0,344.0,160.0,538.5,10.875,553.5,117.767,149.8775,1.2727,0,0,0,0
203,1,0,0,0,0,1,0.9888,0.7124,0.8711,0.1954,117.125,340.0,0.0,341.0,158.75,538.0,15.0625,494.0,117.1293,150.2734,1.283,0,0,0,0
204,1,0,0,1,0,1,0.9888,0.9038,0.8848,0.4873,114.5625,337.0,0.0,342.0,153.625,536.0,28.7812,563.0,114.6716,127.73,1.1139,0,0,0,0
205,1,0,0,1,0,1,0.9878,0.8994,0.8779,0.4812,115.3125,335.5,0.0,339.0,150.0,536.5,28.3438,550.0,115.3656,122.403,1.061,0,0,0,0
206,1,0,0,1,0,1,0.9619,0.9004,0.7681,0.5425,121.6875,335.5,2.6406,342.0,143.75,538.0,10.0312,571.5,119.2242,137.8512,1.1562,0,0,0,0
207,1,0,0,1,0,1,0.9507,0.9004,0.6987,0.5249,122.3125,336.5,0.875,342.0,139.75,540.0,11.0859,572.5,121.562,132.7053,1.0917,0,0,0,0
208,1,0,0,1,0,1,0.9048,0.939,0.5713,0.6782,121.9375,340.0,6.7812,345.0,106.1875,484.0,20.0781,571.0,115.2647,122.4084,1.062,0,0,0,0
209,1,0,0,1,0,1,0.9028,0.9736,0.5664,0.8354,125.875,342.5,18.0156,346.0,126.875,545.5,37.625,573.0,107.9161,93.3906,0.8654,0,0,0,0
210,1,0,0,1,0,1,0.9126,0.9565,0.5142,0.6846,124.5625,343.0,13.2344,345.0,107.375,497.5,41.3438,568.5,111.3461,96.9594,0.8708,0,0,0,0
211,1,0,0,1,0,1,0.8701,0.9771,0.5698,0.8906,132.0,347.5,26.2969,345.0,129.5,565.5,66.75,569.5,105.7327,62.8774,0.5947,0,0,0,0
212,1,0,0,1,0,1,0.875,0.978,0.5723,0.8896,133.75,347.0,27.4219,346.0,126.625,557.5,64.5625,571.5,106.3328,63.622,0.5983,0,0,0,0
213,1,0,0,1,1,1,0.895,0.9858,0.5972,0.9194,146.5,352.0,41.625,348.5,152.0,579.0,79.6875,573.5,104.9334,72.5214,0.6911,0,0,0,0
214,1,0,0,1,1,1,0.9336,0.9888,0.6245,0.9185,145.75,356.0,40.5938,349.0,149.5,583.0,82.3125,569.5,105.389,68.5304,0.6503,0,0,0,0
215,1,0,0,1,1,1,0.9077,0.9902,0.6079,0.9341,165.375,355.0,57.9375,349.0,172.25,565.5,93.0625,585.0,107.6049,81.5531,0.7579,0,0,0,0
216,1,0,0,1,1,1,0.9072,0.9883,0.6523,0.9326,186.75,358.5,82.1875,353.5,202.875,595.5,97.0,585.5,104.682,106.3462,1.0159,0,0,0,0
217,1,0,0,1,1,1,0.8862,0.9863,0.5234,0.9048,182.5,356.0,79.5,354.5,197.625,592.0,101.0,590.0,103.0109,96.6457,0.9382,0,0,0,0
218,1,0,0,1,1,1,0.8813,0.9819,0.5469,0.9023,207.125,357.0,104.8125,351.5,225.25,589.0,97.625,585.5,102.4602,127.673,1.2461,0,0,0,0
219,1,0,0,1,1,1,0.8604,0.978,0.502,0.8848,208.375,354.5,107.0,349.0,223.75,589.0,96.25,587.5,101.5241,127.5088,1.2559,0,0,0,0
220,1,0,0,1,1,1,0.9185,0.9893,0.647,0.9292,228.5,349.0,131.125,346.0,229.875,494.5,103.5,586.5,97.4212,156.3158,1.6045,0,0,0,0
221,1,0,0,1,1,1,0.9067,0.9883,0.5669,0.9097,232.25,351.5,129.875,347.0,223.875,482.0,99.8125,594.0,102.4739,167.1392,1.631,0,0,0,0
222,1,0,0,1,1,1,0.9419,0.9941,0.6489,0.9434,254.0,340.0,158.875,339.0,248.5,487.0,111.0,581.0,95.1303,166.56,1.7509,0,0,0,0
223,1,0,0,1,1,1,0.9458,0.9937,0.7236,0.9502,254.25,339.5,159.5,339.0,252.0,460.0,109.625,581.0,94.7513,186.8466,1.972,0,0,0,0
224,1,0,0,1,1,1,0.8887,0.9883,0.52,0.9077,266.25,340.5,174.0,339.5,298.5,473.0,152.25,566.0,92.2554,173.3149,1.8786,0,0,0,0
225,1,0,0,1,1,1,0.8794,0.9863,0.5093,0.9062,267.0,339.5,174.375,340.0,298.5,471.0,185.625,519.0,92.6263,122.6571,1.3242,0,0,0,0
226,1,0,0,1,1,1,0.9639,0.9932,0.7871,0.9512,295.75,343.0,198.25,339.0,369.0,513.0,161.0,579.0,97.582,218.2201,2.2363,0,0,0,0
227,1,0,0,1,1,1,0.9648,0.9932,0.7832,0.9478,297.0,343.0,197.375,341.0,369.5,515.5,161.375,584.0,99.6451,219.1079,2.1989,0,0,0,0
228,1,0,0,1,1,1,0.9795,0.9946,0.7793,0.9365,312.25,340.5,213.5,342.0,401.75,516.5,184.125,565.0,98.7614,222.9639,2.2576,0,0,0,0
229,1,0,0,1,1,1,0.9771,0.9961,0.7461,0.938,330.5,350.0,236.25,354.0,430.5,506.0,196.5,587.5,94.3348,247.7867,2.6267,0,0,0,0
230,1,0,0,1,1,1,0.98,0.9946,0.7568,0.9194,333.5,345.0,234.625,355.5,433.25,508.0,203.375,587.5,99.431,243.234,2.4463,0,0,0,0
231,1,0,0,1,1,1,0.9717,0.9937,0.7852,0.9409,357.75,349.5,261.25,350.5,456.5,517.0,230.0,595.0,96.5052,239.5543,2.4823,0,0,0,0
232,1,0,0,1,1,1,0.9805,0.9917,0.7881,0.9023,356.0,351.0,258.25,354.5,458.75,523.0,231.5,592.0,97.8126,237.4943,2.4281,0,0,0,0
233,1,0,0,1,1,1,0.9741,0.9849,0.7534,0.8384,367.5,352.5,284.0,366.0,468.25,519.0,258.0,608.5,84.5843,228.5067,2.7015,0,0,0,0
234,1,0,0,1,1,1,0.9712,0.9839,0.7588,0.8491,370.25,354.5,280.75,367.0,468.75,518.5,261.75,609.0,90.3687,225.9187,2.5,0,0,0,0
235,1,0,0,1,1,1,0.9624,0.9927,0.7183,0.9253,393.5,358.0,317.25,363.0,488.5,536.0,302.5,618.0,76.4138,203.2732,2.6602,0,0,0,0
236,1,0,0,1,1,1,0.9663,0.9937,0.7085,0.9209,390.5,358.0,318.0,365.0,486.0,532.0,303.5,616.5,72.8371,201.1132,2.7611,0,0,0,0
237,1,0,0,1,1,1,0.9604,0.9883,0.71,0.9023,403.25,355.5,352.5,366.0,501.0,547.0,339.25,617.0,51.8248,176.2472,3.4008,0,0,0,0
238,1,0,0,1,1,1,0.96,0.9917,0.7163,0.9214,428.5,357.0,375.25,369.0,509.25,545.0,390.5,634.0,54.5854,148.4,2.7187,0,0,0,0
239,1,0,0,1,1,1,0.9644,0.9932,0.7158,0.9248,424.75,356.0,378.25,368.5,510.5,547.0,389.75,635.5,48.1508,149.7091,3.1092,0,0,0,0
240,1,0,0,1,1,1,0.9434,0.9858,0.6182,0.877,440.5,351.5,410.5,364.0,494.25,556.0,429.0,632.5,32.5,100.5476,3.0938,0,0,0,0
241,1,0,0,1,1,1,0.9424,0.9897,0.5786,0.8823,439.0,351.0,412.75,365.0,501.5,552.0,430.0,636.0,29.75,110.3098,3.7079,0,0,0,0
242,1,0,0,1,1,1,0.9014,0.9888,0.5908,0.9214,468.5,346.0,441.0,360.5,519.5,567.0,495.75,600.0,31.0886,40.6579,1.3078,0,0,0,0
243,1,0,0,1,1,1,0.8945,0.9888,0.5601,0.916,468.5,344.0,440.0,359.5,519.0,567.0,496.5,599.5,32.4423,39.5285,1.2184,0,0,0,0
244,1,0,0,1,1,1,0.9092,0.9771,0.5029,0.8286,482.0,331.0,467.75,347.0,522.5,565.0,519.5,600.0,21.4257,35.1283,1.6395,0,0,0,0
245,1,0,0,0,1,1,0.8936,0.9819,0.3372,0.7925,496.75,334.0,498.5,341.0,557.0,566.5,562.0,586.0,7.2154,20.1308,2.79,0,0,0,0
246,1,0,0,0,1,1,0.8911,0.981,0.314,0.7749,494.75,335.0,497.25,342.0,562.5,570.0,564.5,588.0,7.433,18.1108,2.4365,0,0,0,0
247,1,0,0,0,1,1,0.8555,0.9868,0.303,0.8501,514.0,334.5,521.0,341.5,574.0,565.5,611.0,585.5,9.8995,42.0595,4.2486,0,0,0,0
248,1,0,0,0,1,1,0.875,0.9883,0.3269,0.8589,517.0,334.0,520.5,342.0,568.0,561.5,611.5,585.5,8.7321,49.6815,5.6895,0,0,0,0
249,1,0,0,1,1,1,0.9067,0.9824,0.4514,0.8555,547.5,334.0,540.5,333.5,614.0,569.0,637.0,567.5,7.0178,23.0489,3.2843,0,0,0,0
250,1,0,0,1,1,1,0.8843,0.9785,0.4214,0.8418,546.5,335.0,538.0,336.5,613.0,565.0,637.0,567.0,8.6313,24.0832,2.7902,0,0,0,0
251,1,0,0,1,1,1,0.9102,0.9863,0.4375,0.8711,577.0,336.0,563.5,338.5,639.5,564.5,668.5,572.0,13.7295,29.9541,2.1817,0,0,0,0
252,1,0,0,1,1,1,0.918,0.9888,0.5449,0.9087,583.0,334.0,593.0,343.0,635.5,555.5,689.0,581.0,13.4536,59.2663,4.4052,0,0,0,0
253,1,0,0,1,1,1,0.9214,0.9893,0.5723,0.917,586.5,335.0,591.5,344.0,634.5,555.0,687.0,576.0,10.2956,56.5442,5.4921,0,0,0,0
254,1,0,0,1,1,1,0.9282,0.9912,0.5586,0.9204,623.5,343.5,622.0,350.0,675.0,575.5,706.0,588.0,6.6708,33.4253,5.0107,0,0,0,0
255,1,0,0,1,1,1,0.9331,0.9922,0.6079,0.9331,629.5,343.0,621.0,347.5,682.0,576.0,706.5,588.0,9.6177,27.2809,2.8365,0,0,0,0
256,1,0,0,1,1,1,0.9053,0.9902,0.6284,0.9355,649.5,347.0,642.5,355.0,702.5,566.5,715.5,598.0,10.6301,34.0771,3.2057,0,0,0,0
257,1,0,0,1,1,1,0.9097,0.9922,0.4141,0.8989,657.0,347.5,643.0,351.5,707.0,574.0,716.5,606.5,14.5602,33.86,2.3255,0,0,0,0
258,1,0,0,0,1,1,0.8926,0.9873,0.3052,0.8179,684.0,354.0,679.5,358.0,729.0,603.0,727.0,613.0,6.0208,10.198,1.6938,0,0,0,0
259,1,0,0,1,1,1,0.916,0.9824,0.4551,0.8169,682.0,349.5,680.5,362.0,723.0,592.0,729.0,614.0,12.5897,22.8035,1.8113,0,0,0,0
260,1,0,0,1,1,1,0.9058,0.9907,0.4048,0.8799,710.0,351.5,709.0,358.0,753.5,602.0,737.0,618.5,6.5765,23.3345,3.5482,0,0,0,0
261,1,0,0,1,1,1,0.9209,0.9912,0.5425,0.9058,714.5,352.0,704.5,362.0,756.0,589.0,733.5,621.5,14.1421,39.5285,2.7951,0,0,0,0
262,1,0,0,0,1,1,0.8779,0.9863,0.3748,0.8423,745.0,341.0,727.0,355.0,774.0,516.0,737.0,632.5,22.8035,122.2344,5.3603,0,0,0,0
263,1,0,0,0,1,1,0.8574,0.9766,0.2874,0.7578,747.0,342.5,723.0,352.0,771.0,572.0,732.0,624.0,25.8118,65.0,2.5182,0,0,0,0
264,1,0,0,1,1,1,0.8887,0.978,0.458,0.8188,778.0,342.0,751.0,356.0,792.5,593.0,740.0,620.0,30.4138,59.036,1.9411,0,0,0,0
265,1,0,0,0,1,1,0.9082,0.9863,0.3679,0.7998,786.5,342.0,776.5,349.5,790.0,586.0,754.5,615.5,12.5,46.1573,3.6926,0,0,0,0
266,1,0,0,0,1,1,0.9106,0.9868,0.384,0.8115,787.0,340.0,776.0,349.0,807.0,589.5,755.0,617.0,14.2127,58.8239,4.1388,0,0,0,0
267,1,0,0,1,1,1,0.9219,0.9893,0.481,0.8638,817.5,338.0,799.0,344.0,854.0,578.0,767.0,612.0,19.4487,93.4077,4.8028,0,0,0,0
268,1,0,0,1,1,1,0.9224,0.9897,0.4929,0.8716,817.5,339.5,800.0,346.5,850.0,575.0,767.5,613.5,18.8481,91.0412,4.8303,0,0,0,0
269,1,0,0,1,1,1,0.9229,0.9922,0.5723,0.9194,853.5,342.5,815.5,347.0,917.0,552.0,789.0,617.5,38.2655,143.7854,3.7576,0,0,0,0
270,1,0,0,1,1,1,0.9512,0.9907,0.5903,0.8779,847.0,338.0,816.0,348.5,906.0,532.0,786.5,616.0,32.73,146.0693,4.4629,0,0,0,0
271,1,0,0,1,1,1,0.9663,0.9922,0.6982,0.9062,872.0,338.5,838.0,350.0,979.0,540.5,815.5,625.0,35.8922,184.0448,5.1277,0,0,0,0
272,1,0,0,1,1,1,0.9526,0.9854,0.6768,0.8765,879.0,344.0,866.5,354.0,992.0,531.5,839.5,626.0,16.0078,179.406,11.2074,0,0,0,0
273,1,0,0,1,1,1,0.9473,0.9849,0.6489,0.8691,881.0,343.5,865.5,352.5,993.0,532.5,839.0,629.0,17.9234,181.7368,10.1396,0,0,0,0
274,1,0,0,1,1,1,0.9116,0.9805,0.645,0.895,914.5,348.0,887.0,354.5,1006.5,519.0,876.5,634.5,28.2577,173.8972,6.154,0,0,0,0
275,1,0,0,1,1,1,0.9409,0.9902,0.6504,0.9126,913.5,349.5,891.5,358.0,1012.0,523.0,878.5,643.0,23.585,179.5056,7.611,0,0,0,0
276,1,0,0,1,1,1,0.9487,0.9785,0.7515,0.8892,946.0,353.0,916.5,361.0,1053.0,553.0,920.5,642.0,30.5655,159.6159,5.2221,0,0,0,0
277,1,0,0,1,1,1,0.9468,0.9731,0.7158,0.8467,939.0,355.5,916.5,360.5,1053.0,551.0,913.5,639.0,23.0489,164.9371,7.156,0,0,0,0
278,1,0,0,1,1,1,0.9561,0.9902,0.6577,0.8911,954.5,357.0,950.5,369.0,1060.0,559.5,959.0,663.0,12.6491,144.6141,11.4328,0,0,0,0
279,1,0,0,1,1,1,0.9429,0.9897,0.6162,0.8975,974.0,356.5,980.0,363.0,1056.0,567.0,1005.5,657.5,8.8459,103.6364,11.7157,0,0,0,0
280,1,0,0,1,1,1,0.9419,0.9897,0.6094,0.8931,975.0,357.0,977.0,362.5,1058.0,566.5,1004.5,660.0,5.8523,107.7242,18.407,0,0,0,0
281,1,0,0,1,1,1,0.8843,0.9839,0.4319,0.8467,997.5,350.0,1009.0,355.5,1063.0,613.0,1051.0,647.5,12.7475,36.5274,2.8654,0,0,0,0
282,1,0,0,0,1,1,0.8965,0.9868,0.3547,0.8374,987.5,348.0,1005.0,353.5,1061.0,623.5,1059.0,647.0,18.3439,23.585,1.2857,0,0,0,0
283,1,0,0,1,1,1,0.9048,0.9902,0.4622,0.897,1016.0,348.5,1033.0,350.0,1094.0,618.0,1098.0,645.0,17.066,27.2947,1.5994,0,0,0,0
284,1,0,0,1,1,1,0.8896,0.9888,0.4556,0.8945,1019.0,351.5,1030.0,353.0,1099.0,623.5,1096.0,641.0,11.1018,17.7553,1.5993,0,0,0,0
285,1,0,0,1,1,1,0.9199,0.9893,0.4324,0.8745,1033.0,341.0,1057.0,346.5,1136.0,613.0,1151.0,620.5,24.6221,16.7705,0.6811,0,0,0,0
286,1,0,0,1,1,1,0.9121,0.9727,0.4331,0.7896,1035.0,339.0,1061.0,350.0,1131.0,613.5,1150.0,621.5,28.2312,20.6155,0.7302,0,0,0,0
287,1,0,0,1,1,1,0.9272,0.9824,0.4736,0.8296,1060.0,340.0,1077.0,347.0,1154.0,579.0,1193.0,612.5,18.3848,51.4125,2.7965,0,0,0,0
288,1,0,0,1,1,1,0.9204,0.9805,0.4473,0.8135,1061.0,340.0,1078.0,348.5,1153.0,575.0,1192.0,611.0,19.0066,53.0754,2.7925,0,0,0,0
289,1,0,0,1,1,1,0.9233,0.9814,0.5312,0.8555,1082.0,339.0,1088.0,345.0,1167.0,553.0,1218.0,598.0,8.4853,68.0147,8.0156,0,0,0,0
290,1,0,0,1,1,1,0.9419,0.9917,0.5723,0.9092,1105.0,339.5,1103.0,344.0,1178.0,555.0,1226.0,592.0,4.9244,60.6053,12.3071,0,0,0,0
291,1,0,0,1,1,1,0.9434,0.9917,0.5996,0.9175,1108.0,342.0,1101.0,344.5,1184.0,549.5,1225.0,594.0,7.433,60.5083,8.1405,0,0,0,0
292,1,0,0,1,1,1,0.9336,0.9912,0.5669,0.9155,1137.0,347.0,1110.0,348.0,1214.0,579.0,1229.0,602.0,27.0185,27.4591,1.0163,0,0,0,0
293,1,0,0,1,1,1,0.9385,0.9917,0.5781,0.9165,1134.0,348.0,1110.0,349.5,1214.0,574.5,1228.0,602.0,24.0468,30.8585,1.2833,0,0,0,0
294,1,0,0,1,1,1,0.8887,0.9751,0.4636,0.8364,1176.0,351.0,1108.0,355.0,1221.0,581.0,1215.0,617.0,68.1175,36.4966,0.5358,0,0,0,0
295,1,0,0,1,1,1,0.9443,0.9888,0.645,0.9082,1171.0,350.0,1111.0,353.0,1215.0,581.0,1213.0,616.0,60.075,35.0571,0.5836,0,0,0,0
296,1,0,0,1,1,1,0.917,0.9844,0.5322,0.8604,1210.0,357.5,1113.0,360.0,1237.0,592.5,1188.0,633.0,97.0322,63.5708,0.6552,0,0,0,0
297,1,0,0,1,1,1,0.8877,0.9727,0.4595,0.8179,1216.0,357.5,1113.0,359.0,1244.0,596.5,1185.0,634.5,103.0109,70.1783,0.6813,0,0,0,0
298,1,0,0,0,0,1,0.8848,0.9775,0.3262,0.7466,1259.0,366.0,1110.0,362.5,1257.0,565.5,1154.0,631.0,149.0411,122.0625,0.819,0,0,0,0
299,1,0,0,0,0,1,0.8682,0.9722,0.3726,0.7671,1255.0,368.0,1113.0,365.5,1255.0,562.0,1155.0,634.0,142.022,123.2234,0.8676,0,0,0,0
300,1,0,0,0,0,1,0.8413,0.9683,0.2766,0.6851,1278.0,365.5,1116.0,364.0,1260.0,574.0,1125.0,637.0,162.0069,148.9765,0.9196,0,0,0,0
301,1,0,0,0,0,1,0.8481,0.98,0.2462,0.6694,1280.0,364.5,1128.0,363.0,1265.0,579.5,1104.0,644.0,152.0074,173.4395,1.141,0,0,0,0
302,1,0,0,0,0,1,0.7983,0.96,0.25,0.6445,1280.0,360.0,1128.0,363.5,1261.0,547.5,1101.0,635.0,152.0403,182.363,1.1994,0,0,0,0
303,1,0,0,0,0,1,0.7495,0.9683,0.2358,0.6938,1280.0,359.5,1137.0,359.5,1249.0,589.0,1086.0,624.0,143.0,166.7153,1.1658,0,0,0,0
304,1,0,0,0,0,1,0.7573,0.9688,0.2421,0.6953,1280.0,359.0,1136.0,360.5,1245.0,574.5,1087.0,629.0,144.0078,167.1354,1.1606,0,0,0,0
305,1,0,0,0,0,1,0.7036,0.9629,0.2211,0.6934,1280.0,355.0,1148.0,358.0,1230.0,617.0,1080.0,620.0,132.0341,150.03,1.1363,0,0,0,0
306,1,0,0,0,0,1,0.7188,0.9644,0.2217,0.689,1280.0,356.0,1146.0,358.0,1231.0,618.0,1079.0,619.0,134.0149,152.0033,1.1342,0,0,0,0
307,1,0,0,0,0,1,0.7935,0.9746,0.3108,0.7876,1280.0,368.5,1151.0,361.0,1265.0,669.0,1088.0,626.0,129.2178,182.1483,1.4096,0,0,0,0
308,1,0,0,0,0,1,0.8179,0.9648,0.3306,0.7598,1280.0,362.5,1154.0,360.5,1252.0,652.0,1098.0,623.0,126.0159,156.7067,1.2435,0,0,0,0
309,1,0,0,0,0,1,0.8091,0.9639,0.325,0.7588,1280.0,366.0,1154.0,362.5,1254.0,655.0,1098.0,624.0,126.0486,159.0503,1.2618,0,0,0,0
310,1,0,0,1,0,1,0.8887,0.96,0.5269,0.7246,1280.0,365.0,1149.0,359.0,1253.0,642.5,1110.0,623.0,131.1373,144.3234,1.1006,0,0,0,0
311,1,0,0,1,0,1,0.8286,0.9521,0.4001,0.7007,1280.0,368.0,1151.0,360.0,1249.0,640.5,1111.0,624.0,129.2478,138.9829,1.0753,0,0,0,0
312,1,0,0,1,0,1,0.9316,0.8892,0.6021,0.4949,1277.0,355.0,1151.0,357.5,1213.0,631.5,1135.0,619.0,126.0248,78.9953,0.6268,0,0,0,0
313,1,0,0,1,0,1,0.9365,0.9175,0.5732,0.5332,1276.0,355.5,1148.0,356.0,1216.0,625.5,1128.0,590.0,128.001,94.8907,0.7413,0,0,0,0
314,1,0,0,1,0,1,0.9756,0.9258,0.7939,0.5259,1254.0,365.0,1140.0,363.0,1176.0,624.0,1112.0,621.5,114.0175,64.0488,0.5617,0,0,0,0
315,1,0,0,1,1,1,0.9766,0.9165,0.7866,0.519,1247.0,364.5,1130.0,361.0,1147.0,624.0,1092.0,626.0,117.0523,55.0364,0.4702,0,0,0,0
316,1,0,0,1,1,1,0.9741,0.915,0.7896,0.5459,1247.0,363.0,1129.0,360.0,1150.0,624.5,1091.0,628.5,118.0381,59.1354,0.501,0,0,0,0
317,1,0,0,1,1,1,0.9844,0.8652,0.8638,0.436,1219.0,365.0,1107.0,357.0,1128.0,625.5,1059.0,615.0,112.2854,69.7943,0.6216,0,0,0,0
318,1,0,0,1,1,1,0.9839,0.8667,0.8516,0.4167,1221.0,362.5,1105.0,355.5,1130.0,626.5,1056.0,616.5,116.211,74.6726,0.6426,0,0,0,0
319,1,0,0,1,1,1,0.9951,0.8931,0.9463,0.425,1185.0,361.0,1097.0,354.5,1117.0,634.0,1037.0,635.0,88.2397,80.0062,0.9067,0,0,0,0
320,1,0,0,0,1,1,0.9951,0.8726,0.9453,0.3838,1186.0,359.5,1094.0,352.5,1117.0,636.5,1035.0,625.0,92.2659,82.8025,0.8974,0,0,0,0
321,1,0,0,1,1,1,0.9956,0.895,0.9487,0.4089,1165.0,358.5,1078.0,355.0,1123.0,655.0,1038.0,645.0,87.0704,85.5862,0.983,0,0,0,0
322,1,0,0,1,1,1,0.9956,0.897,0.9536,0.4233,1165.0,359.0,1077.0,356.0,1121.0,654.5,1040.0,644.0,88.0511,81.6777,0.9276,0,0,0,0
323,1,0,0,0,1,1,0.9956,0.873,0.9399,0.3501,1145.0,356.0,1043.0,351.0,1129.0,666.0,997.0,643.5,102.1225,133.9039,1.3112,0,0,0,0
324,1,0,0,0,1,1,0.9937,0.8809,0.916,0.3506,1143.0,355.5,1046.0,354.0,1122.0,666.0,1007.5,643.0,97.0116,116.7872,1.2038,0,0,0,0
325,1,0,0,1,1,1,0.9937,0.9453,0.9512,0.6807,1132.0,356.5,1013.0,354.0,1141.0,670.5,968.5,631.5,119.0263,176.8538,1.4858,0,0,0,0
326,1,0,0,1,1,1,0.9941,0.9326,0.958,0.6597,1112.0,359.5,993.0,355.0,1157.0,670.0,945.5,617.5,119.0851,217.9186,1.8299,0,0,0,0
327,1,0,0,1,1,1,0.9961,0.9351,0.9526,0.5698,1109.0,358.0,1001.0,354.0,1156.0,675.0,936.0,632.5,108.074,224.0675,2.0733,0,0,0,0
328,1,0,0,1,1,1,0.9946,0.9624,0.9316,0.6738,1089.0,354.0,977.5,351.5,1166.0,668.0,874.0,579.0,111.528,305.2622,2.7371,0,0,0,0
329,1,0,0,1,1,1,0.9946,0.9634,0.9277,0.6748,1090.0,353.0,978.5,349.5,1162.0,667.0,881.0,571.5,111.5549,296.7849,2.6604,0,0,0,0
330,1,0,0,1,1,1,0.9941,0.9551,0.9331,0.6646,1068.0,357.5,954.5,354.0,1160.0,662.0,837.5,578.5,113.554,333.1344,2.9337,0,0,0,0
331,1,0,0,1,1,1,0.9941,0.9541,0.936,0.6748,1068.0,360.0,953.5,354.5,1160.0,662.0,842.0,580.0,114.632,328.4022,2.8648,0,0,0,0
332,1,0,0,1,1,1,0.9946,0.9551,0.9312,0.6538,1038.0,353.5,932.0,350.0,1149.0,663.0,813.0,578.0,106.0578,346.5848,3.2679,0,0,0,0
333,1,0,0,1,1,1,0.9951,0.9551,0.9331,0.647,1039.0,355.0,935.5,349.0,1149.0,664.5,813.0,576.0,103.6738,347.4597,3.3515,0,0,0,0
334,1,0,0,1,1,1,0.9941,0.96,0.9277,0.6582,1006.5,356.0,914.5,355.0,1122.0,676.0,780.0,593.5,92.0054,351.81,3.8238,0,0,0,0
335,1,0,0,1,1,1,0.9951,0.9624,0.9331,0.6724,1006.0,357.5,915.5,355.5,1125.0,670.0,780.5,593.0,90.5221,353.0004,3.8996,0,0,0,0
336,1,0,0,1,1,1,0.9946,0.9604,0.9282,0.6572,975.0,367.0,891.0,356.5,1077.0,669.0,772.0,596.0,84.6537,313.6144,3.7047,0,0,0,0
337,1,0,0,1,1,1,0.9927,0.9585,0.9106,0.6406,950.0,363.0,876.5,357.5,1029.0,682.0,773.0,611.0,73.7055,265.6633,3.6044,0,0,0,0
338,1,0,0,1,1,1,0.9932,0.96,0.9131,0.645,950.5,364.5,876.0,358.5,1028.0,679.0,773.0,607.0,74.7412,264.9698,3.5452,0,0,0,0
339,1,0,0,1,1,1,0.9893,0.9453,0.8853,0.5693,914.0,363.0,860.0,351.0,890.0,682.0,777.0,626.0,55.3173,126.115,2.2798,0,0,0,0
340,1,0,0,1,1,1,0.9907,0.9355,0.8828,0.561,909.0,362.5,863.0,348.0,892.0,668.0,778.0,614.5,48.2312,125.9295,2.611,0,0,0,0
341,1,0,0,0,1,1,0.9917,0.8706,0.9165,0.3735,884.5,354.0,843.0,348.0,859.0,688.5,764.5,654.5,41.9315,100.4303,2.3951,0,0,0,0
342,1,0,0,0,0,1,0.9917,0.8584,0.9087,0.3301,883.0,354.0,849.0,348.0,867.5,695.5,765.5,654.5,34.5254,109.9318,3.1841,0,0,0,0
343,1,0,0,0,0,1,0.9858,0.7031,0.8564,0.1752,848.5,351.5,831.0,340.5,800.5,692.5,758.0,673.5,20.67,46.5537,2.2522,0,0,0,0
344,1,0,0,0,1,1,0.9922,0.8232,0.8584,0.194,815.0,339.0,804.5,331.0,727.5,678.5,711.5,661.5,13.2004,23.3452,1.7685,0,0,0,0
345,1,0,0,0,1,1,0.9922,0.8223,0.8716,0.2123,816.0,340.0,807.0,331.0,734.0,672.0,719.5,659.5,12.7279,19.1442,1.5041,0,0,0,0
346,1,0,0,0,1,1,0.9932,0.77,0.9253,0.1921,781.5,339.0,796.5,338.5,677.5,650.5,676.5,627.0,15.0083,23.5213,1.5672,0,0,0,0
347,1,0,0,0,1,1,0.9917,0.7983,0.9341,0.2421,777.0,336.0,801.5,331.0,666.0,649.0,685.0,633.5,25.005,24.5204,0.9806,0,0,0,0
348,1,0,0,1,1,1,0.9917,0.8916,0.9458,0.4158,762.5,336.0,746.0,336.0,612.5,641.5,620.5,648.5,16.5,10.6301,0.6443,0,0,0,0
349,1,0,0,0,1,1,0.9917,0.8843,0.9468,0.3953,762.0,334.0,744.5,335.0,613.0,636.5,619.5,646.0,17.5285,11.5109,0.6567,0,0,0,0
350,1,0,0,0,1,1,0.9927,0.8867,0.9321,0.3687,721.5,335.5,735.5,334.0,562.0,619.0,582.5,620.5,14.0801,20.5548,1.4598,0,0,0,0
351,1,0,0,0,1,1,0.9912,0.894,0.9253,0.3901,696.5,341.0,696.5,337.5,491.0,630.0,518.5,621.0,3.5,28.9353,8.2672,0,0,0,0
352,1,0,0,0,1,1,0.9917,0.896,0.9141,0.3633,695.0,343.0,697.0,336.0,486.5,628.5,517.5,616.0,7.2801,33.4253,4.5913,0,0,0,0
353,1,0,0,1,1,1,0.9937,0.9033,0.9321,0.4089,658.5,349.5,668.5,345.0,454.0,638.0,497.5,620.0,10.9659,47.0771,4.2931,0,0,0,0
354,1,0,0,1,1,1,0.9961,0.9238,0.959,0.4778,648.5,351.0,676.5,344.5,449.5,643.5,493.75,625.0,28.7446,47.9616,1.6685,0,0,0,0
355,1,0,0,1,1,1,0.9966,0.895,0.9629,0.4158,622.0,354.0,642.5,344.5,437.0,635.0,484.25,612.0,22.5942,52.5506,2.3258,0,0,0,0
356,1,0,0,1,1,1,0.9966,0.8931,0.9634,0.425,618.5,356.0,643.0,344.0,440.0,633.0,486.75,609.5,27.2809,52.3241,1.918,0,0,0,0
357,1,0,0,1,1,1,0.9946,0.9062,0.9346,0.4033,588.5,355.0,609.5,342.0,415.0,642.0,465.0,608.5,24.6982,60.1851,2.4368,0,0,0,0
358,1,0,0,1,1,1,0.9956,0.9067,0.9541,0.4292,583.0,359.0,609.5,344.0,418.0,647.5,464.75,623.0,30.4508,52.7808,1.7333,0,0,0,0
359,1,0,0,0,1,1,0.9893,0.8745,0.8813,0.2883,553.0,343.0,559.5,336.0,424.75,649.0,443.75,631.0,9.5525,26.1725,2.7399,0,0,0,0
360,1,0,0,0,1,1,0.9932,0.8848,0.9272,0.3301,547.0,344.0,566.0,338.0,423.75,653.5,441.25,639.0,19.9249,22.7266,1.1406,0,0,0,0
361,1,0,0,0,1,1,0.9956,0.8633,0.9082,0.2318,519.0,348.5,549.0,337.0,429.5,640.0,423.5,623.0,32.1286,18.0278,0.5611,0,0,0,0
362,1,0,0,0,1,1,0.9937,0.8975,0.8975,0.2756,498.25,347.0,503.25,336.0,424.5,675.0,422.75,660.0,12.083,15.1017,1.2498,0,0,0,0
363,1,0,0,0,1,1,0.9956,0.8662,0.9097,0.2156,497.75,348.5,510.75,335.5,428.5,671.5,421.25,652.0,18.3848,20.8041,1.1316,0,0,0,0
364,1,0,0,0,1,1,0.9907,0.8145,0.8584,0.2218,477.5,334.0,482.25,319.5,435.25,682.0,412.5,646.0,15.2582,42.5859,2.791,0,0,0,0
365,1,0,0,0,1,1,0.9941,0.8535,0.9097,0.2307,470.25,338.0,481.5,324.0,427.0,687.5,406.0,661.0,17.96,33.812,1.8826,0,0,0,0
366,1,0,0,0,0,1,0.9951,0.8447,0.9346,0.2715,452.5,335.0,445.75,321.5,432.0,691.5,369.0,643.0,15.0935,79.5063,5.2676,0,0,0,0
367,1,0,0,0,0,1,0.9956,0.8691,0.9463,0.3435,453.25,335.0,449.0,322.0,429.5,691.0,359.75,630.0,13.6771,92.661,6.7749,0,0,0,0
368,1,0,0,0,1,1,0.9956,0.7944,0.9248,0.2125,432.0,338.0,425.5,327.0,437.5,689.0,352.0,646.0,12.7769,95.704,7.4904,0,0,0,0
369,1,0,0,0,1,1,0.9961,0.8057,0.9341,0.2402,433.0,340.5,424.5,327.0,440.0,686.0,340.0,639.5,15.9531,110.2826,6.9129,0,0,0,0
370,1,0,0,1,0,1,0.9966,0.9189,0.9463,0.4192,405.0,332.5,407.0,319.0,416.5,698.0,281.0,576.0,13.6473,182.3301,13.3601,0,0,0,0
371,1,0,0,1,0,1,0.9961,0.9214,0.9429,0.4431,408.75,335.5,400.5,322.0,421.0,698.0,280.0,577.0,15.8213,185.801,11.7437,0,0,0,0
372,1,0,0,1,0,1,0.9946,0.9302,0.9404,0.5469,387.0,336.0,377.75,322.0,411.0,695.0,258.0,574.0,16.7798,195.0641,11.6249,0,0,0,0
373,1,0,0,0,0,1,0.9961,0.8931,0.9341,0.3823,364.75,336.0,369.5,324.5,386.75,699.0,248.0,580.5,12.4424,182.4659,14.6649,0,0,0,0
374,1,0,0,1,1,1,0.9941,0.8994,0.9102,0.417,364.75,338.0,363.75,325.0,392.0,684.0,246.5,585.0,13.0384,175.9865,13.4975,0,0,0,0
375,1,0,0,1,0,1,0.9922,0.918,0.9395,0.5645,358.5,341.0,326.25,326.5,349.75,693.0,238.625,599.0,35.3598,145.5499,4.1163,0,0,0,0
376,1,0,0,0,0,1,0.9927,0.8813,0.9043,0.3691,349.25,341.5,338.75,323.0,339.25,699.0,236.125,598.5,21.272,143.9966,6.7693,0,0,0,0
377,1,0,0,0,0,1,0.9917,0.8604,0.9263,0.3772,327.5,348.0,316.25,337.0,287.5,695.5,222.0,634.5,15.7341,89.5056,5.6886,0,0,0,0
378,1,0,0,0,0,1,0.9932,0.8301,0.8911,0.2235,319.25,348.5,331.0,333.0,281.25,705.0,223.75,635.0,19.4503,90.5884,4.6574,0,0,0,0
379,1,0,0,0,0,1,0.9927,0.8501,0.873,0.2239,304.75,346.0,292.75,337.5,253.75,707.0,213.25,682.5,14.7054,47.3339,3.2188,0,0,0,0
380,1,0,0,0,0,1,0.9941,0.8638,0.8862,0.2205,297.5,341.0,280.25,332.0,201.0,703.0,190.125,676.0,19.4567,29.1078,1.496,0,0,0,0
381,1,0,0,0,0,1,0.9946,0.8711,0.9004,0.2382,295.75,340.0,278.5,331.0,208.0,702.0,193.25,678.0,19.4567,28.1702,1.4478,0,0,0,0
382,1,0,0,0,1,1,0.9937,0.8735,0.8633,0.2202,294.0,335.5,270.75,325.0,180.25,684.0,179.5,651.0,25.511,33.0085,1.2939,0,0,0,0
383,1,0,0,0,1,1,0.9941,0.9038,0.8672,0.3113,300.0,339.5,263.75,326.0,183.0,679.0,167.625,645.5,38.6822,36.8597,0.9529,0,0,0,0
384,1,0,0,0,1,1,0.9961,0.8726,0.9536,0.3367,297.5,339.5,247.75,329.5,192.125,648.0,166.25,633.0,50.7451,29.9085,0.5894,0,0,0,0
385,1,0,0,0,1,1,0.9966,0.8838,0.9395,0.2852,296.75,336.5,250.875,329.5,188.75,644.0,166.125,643.5,46.406,22.6305,0.4877,0,0,0,0
386,1,0,0,1,1,1,0.9966,0.9268,0.9419,0.4023,312.5,337.0,210.125,327.0,197.375,640.5,162.75,627.0,102.8622,37.1637,0.3613,0,0,0,0
387,1,0,0,1,1,1,0.9932,0.9448,0.9346,0.5615,323.25,338.5,170.25,335.0,218.875,636.0,149.875,621.5,153.04,70.5071,0.4607,0,0,0,0
388,1,0,0,1,1,1,0.9883,0.9341,0.9077,0.5566,321.25,336.5,166.875,329.0,221.625,636.0,157.25,625.5,154.5571,65.2257,0.422,0,0,0,0
389,1,0,0,1,1,1,0.9941,0.9824,0.8813,0.6831,334.0,342.0,146.0,337.5,261.5,636.5,106.625,653.0,188.0538,155.7515,0.8282,0,0,0,0
390,1,0,0,1,1,1,0.9922,0.9785,0.9072,0.7168,329.5,339.0,150.75,339.0,264.75,638.5,116.4375,652.0,178.75,148.9256,0.8332,0,0,0,0
391,1,0,0,1,1,1,0.9902,0.9927,0.8086,0.8154,336.0,341.0,131.625,337.5,291.0,646.0,80.9375,653.0,204.405,210.1791,1.0282,0,0,0,0
392,1,0,0,1,1,1,0.9888,0.9917,0.8438,0.8569,336.75,339.0,130.875,339.5,292.0,648.0,71.125,653.5,205.8756,220.9435,1.0732,0,0,0,0
393,1,0,0,1,0,1,0.9893,0.9932,0.7988,0.814,339.0,336.5,108.0625,347.0,331.0,663.0,60.625,708.0,231.1761,274.0942,1.1857,0,0,0,0
394,1,0,0,1,0,1,0.9888,0.9932,0.792,0.8169,341.5,339.5,103.4375,350.0,329.25,666.5,62.375,719.5,238.2939,272.0869,1.1418,0,0,0,0
395,1,0,0,1,0,1,0.9883,0.9946,0.7012,0.7915,339.75,339.0,100.6875,341.0,349.0,648.0,50.125,713.5,239.0709,305.9682,1.2798,0,0,0,0
396,1,0,0,1,0,1,0.9883,0.9951,0.6709,0.7935,340.75,340.0,99.875,339.5,349.75,649.0,52.875,702.0,240.8755,301.5688,1.252,0,0,0,0
397,1,0,0,1,1,1,0.9888,0.9946,0.6782,0.792,334.75,340.0,101.75,335.5,361.5,661.5,33.5,688.0,233.0435,329.0688,1.412,0,0,0,0
398,1,0,0,1,0,1,0.9858,0.9946,0.6611,0.8022,328.25,339.0,94.625,335.5,360.5,652.0,33.5,697.5,233.6512,330.1503,1.413,0,0,0,0
399,1,0,0,1,0,1,0.9858,0.9941,0.6431,0.7817,329.75,339.5,94.0625,335.0,359.25,654.0,27.375,692.0,235.7305,334.0434,1.4171,0,0,0,0
400,1,0,0,1,1,1,0.9854,0.9941,0.6592,0.7939,325.75,337.5,95.1875,331.0,362.5,656.0,35.5,687.0,230.6541,328.4661,1.4241,0,0,0,0
401,1,0,0,1,1,1,0.9849,0.9946,0.6528,0.8076,326.25,336.5,96.1875,331.0,363.0,653.5,33.5,687.5,230.1282,331.2495,1.4394,0,0,0,0
402,1,0,0,1,0,1,0.9839,0.9937,0.6299,0.7725,325.0,340.5,98.1875,338.0,380.0,656.0,40.0,709.0,226.8263,344.1061,1.517,0,0,0,0
403,1,0,0,1,0,1,0.9863,0.9937,0.6377,0.7583,327.5,340.0,97.3125,338.0,380.5,661.0,38.375,712.0,230.1962,345.9054,1.5027,0,0,0,0
404,1,0,0,1,0,1,0.9888,0.9907,0.6851,0.7236,334.5,342.0,99.625,351.5,396.5,669.0,70.375,710.0,235.067,328.6921,1.3983,0,0,0,0
405,1,0,0,1,0,1,0.9888,0.9912,0.668,0.7085,338.5,342.0,102.5,351.0,399.75,673.5,63.875,713.5,236.1715,338.2485,1.4322,0,0,0,0
406,1,0,0,1,0,1,0.9849,0.9922,0.6997,0.7749,343.75,343.5,108.5625,346.0,412.25,657.0,63.25,720.0,235.2008,354.6407,1.5078,0,0,0,0
407,1,0,0,1,0,1,0.9897,0.9897,0.7373,0.7495,347.0,349.0,116.25,352.0,407.75,666.0,60.0,708.0,230.7695,350.2771,1.5179,0,0,0,0
408,1,0,0,1,0,1,0.9883,0.9941,0.6587,0.7822,357.5,345.5,118.875,352.0,437.5,667.5,80.875,720.0,238.7135,360.4686,1.51,0,0,0,0
409,1,0,0,1,0,1,0.9839,0.9937,0.6909,0.8315,365.0,349.5,134.25,348.0,442.75,661.0,85.5,720.0,230.7549,362.0892,1.5692,0,0,0,0
410,1,0,0,1,0,1,0.9839,0.9937,0.6196,0.7974,365.5,351.0,136.25,347.0,452.0,670.0,94.5,720.0,229.2849,360.9796,1.5744,0,0,0,0
411,1,0,0,1,0,1,0.9824,0.9941,0.6069,0.8125,374.0,346.5,161.375,343.0,463.0,674.0,114.25,720.0,212.6538,351.7706,1.6542,0,0,0,0
412,1,0,0,1,0,1,0.9844,0.9902,0.6387,0.7642,375.25,345.5,161.5,345.0,454.25,686.0,127.875,704.0,213.7506,326.871,1.5292,0,0,0,0
413,1,0,0,1,0,1,0.9795,0.9927,0.6885,0.8296,391.75,338.5,188.25,337.0,459.0,671.0,130.125,720.0,203.5055,332.5053,1.6339,0,0,0,0
414,1,0,0,1,0,1,0.978,0.9922,0.6567,0.8154,394.0,343.0,188.125,336.0,463.5,676.5,128.625,720.0,205.994,337.6885,1.6393,0,0,0,0
415,1,0,0,1,0,1,0.9536,0.9902,0.4255,0.792,393.25,341.0,216.5,332.0,460.75,705.0,175.25,720.0,176.979,285.8938,1.6154,0,0,0,0
416,1,0,0,1,0,1,0.9243,0.9873,0.4216,0.7827,396.0,331.5,243.625,327.0,430.5,578.5,213.0,720.0,152.4414,259.4774,1.7021,0,0,0,0
417,1,0,0,0,0,1,0.9248,0.9878,0.3333,0.731,397.75,331.5,242.875,328.5,441.25,627.5,213.375,720.0,154.9041,245.9335,1.5877,0,0,0,0
418,1,0,0,1,0,1,0.9336,0.9849,0.5352,0.8057,439.0,315.0,269.0,323.5,486.5,510.5,248.5,720.0,170.2124,317.0714,1.8628,0,0,0,0
419,1,0,0,1,0,1,0.8945,0.9883,0.4053,0.8149,427.0,322.5,281.5,331.0,465.5,521.0,267.5,716.5,145.7481,278.2521,1.9091,0,0,0,0
420,1,0,0,1,0,1,0.9253,0.9883,0.425,0.77,433.0,317.0,308.0,328.5,484.5,526.5,297.5,720.0,125.5279,269.0934,2.1437,0,0,0,0
421,1,0,0,0,0,1,0.9189,0.9873,0.3835,0.7422,434.5,317.5,305.5,328.0,486.0,538.0,298.5,720.0,129.4266,261.3049,2.0189,0,0,0,0
422,1,0,0,0,0,1,0.9131,0.9883,0.2915,0.707,461.25,328.0,339.25,336.5,515.0,614.5,338.0,720.0,122.2957,206.0564,1.6849,0,0,0,0
423,1,0,0,0,0,1,0.8003,0.9839,0.2683,0.79,505.75,344.5,381.75,342.5,541.0,641.0,371.0,716.0,124.0161,185.809,1.4983,0,0,0,0
424,1,0,0,0,0,1,0.9019,0.9834,0.2942,0.7031,489.5,339.0,369.0,343.5,544.5,632.5,378.25,720.0,120.584,187.8705,1.558,0,0,0,0
425,1,0,0,0,0,1,0.9053,0.9888,0.2932,0.7622,526.5,355.0,409.75,351.5,561.0,648.5,409.0,720.0,116.8025,167.9769,1.4381,0,0,0,0
426,1,0,0,0,0,1,0.8862,0.9834,0.2424,0.6826,516.0,351.0,409.25,353.5,567.0,654.0,415.5,720.0,106.7793,165.2521,1.5476,0,0,0,0
427,1,0,0,0,0,1,0.8711,0.9829,0.2069,0.6582,561.0,365.5,453.0,364.5,622.0,682.0,465.75,720.0,108.0046,160.8044,1.4889,0,0,0,0
428,1,0,0,0,0,1,0.8257,0.9785,0.218,0.6787,572.0,367.0,450.25,368.0,633.5,673.0,474.0,720.0,121.7541,166.2806,1.3657,0,0,0,0
429,1,0,0,0,0,1,0.8521,0.9751,0.2306,0.6616,609.0,375.0,498.25,378.5,688.0,658.0,520.5,720.0,110.8053,178.6064,1.6119,0,0,0,0
430,1,0,0,0,0,1,0.8608,0.9629,0.1616,0.4919,605.0,368.5,492.5,378.0,670.5,672.5,521.5,720.0,112.9004,156.3881,1.3852,0,0,0,0
431,1,0,0,0,0,1,0.8433,0.9727,0.1749,0.5586,647.0,371.0,539.5,379.5,671.5,651.0,576.5,714.0,107.8355,113.9912,1.0571,0,0,0,0
432,1,0,0,0,0,1,0.8442,0.9741,0.2056,0.6001,636.0,364.0,550.5,374.0,689.0,615.5,574.5,720.0,86.0828,155.0177,1.8008,0,0,0,0
433,1,0,0,0,0,1,0.8628,0.9731,0.2451,0.6631,680.5,352.0,586.5,354.0,716.0,664.5,604.0,720.0,94.0213,124.997,1.3295,0,0,0,0
434,1,0,0,0,0,1,0.8882,0.9785,0.2397,0.6274,722.5,349.0,623.5,353.0,761.5,671.0,656.5,720.0,99.0808,115.8706,1.1695,0,0,0,0
435,1,0,0,0,0,1,0.8823,0.9766,0.1984,0.5737,722.0,350.5,619.5,356.0,754.0,691.0,654.5,720.0,102.6475,103.64,1.0097,0,0,0,0
436,1,0,0,0,0,1,0.8936,0.9829,0.2469,0.6567,758.5,337.5,648.5,344.5,796.0,635.0,691.5,720.0,110.2225,134.7043,1.2221,0,0,0,0
437,1,0,0,0,0,1,0.8921,0.981,0.1907,0.584,758.5,345.5,649.5,346.0,799.5,662.0,689.5,720.0,109.0011,124.3543,1.1409,0,0,0,0
438,1,0,0,0,0,1,0.9155,0.9839,0.233,0.6289,799.0,335.5,679.5,341.5,853.5,670.5,729.0,720.0,119.6505,133.9795,1.1198,0,0,0,0
439,1,0,0,0,0,1,0.9072,0.9878,0.2295,0.6772,803.0,334.5,683.5,342.5,852.0,677.0,727.5,720.0,119.7675,131.7166,1.0998,0,0,0,0
440,1,0,0,0,0,1,0.9082,0.9849,0.2065,0.6113,818.0,332.0,704.0,340.0,867.0,689.0,750.0,720.0,114.2804,121.0372,1.0591,0,0,0,0
441,1,0,0,0,0,1,0.8911,0.9878,0.2095,0.6592,821.5,329.0,708.0,335.5,854.0,625.0,755.5,720.0,113.686,136.8475,1.2037,0,0,0,0
442,1,0,0,1,0,1,0.9561,0.9854,0.5767,0.814,853.0,340.0,732.5,333.0,972.0,687.0,770.5,720.0,120.7031,204.1844,1.6916,0,0,0,0
443,1,0,0,0,0,1,0.9546,0.9824,0.3945,0.6377,852.0,334.5,728.5,335.5,959.0,681.0,773.0,720.0,123.504,190.0447,1.5388,0,0,0,0
444,1,0,0,1,0,1,0.9756,0.9893,0.541,0.7163,883.0,333.0,747.0,340.0,998.5,674.5,789.5,720.0,136.18,213.8954,1.5707,0,0,0,0
445,1,0,0,1,0,1,0.9736,0.9814,0.7417,0.8169,896.0,332.5,783.5,338.0,1021.5,677.5,824.0,720.0,112.6344,202.021,1.7936,0,0,0,0
446,1,0,0,1,0,1,0.9736,0.9824,0.7266,0.8145,893.5,334.5,781.0,336.0,1022.0,676.5,823.0,720.0,112.51,203.6989,1.8105,0,0,0,0
447,1,0,0,1,0,1,0.9741,0.9858,0.5913,0.7271,906.0,334.0,817.0,343.5,1016.5,673.5,861.5,720.0,89.5056,161.8248,1.808,0,0,0,0
448,1,0,0,1,0,1,0.9731,0.9844,0.6646,0.7837,901.5,334.5,820.0,340.0,1023.5,681.5,866.5,720.0,81.6854,161.6516,1.979,0,0,0,0
449,1,0,0,1,0,1,0.959,0.9858,0.417,0.6978,889.0,335.0,865.0,339.5,1001.0,685.5,946.0,720.0,24.4182,64.925,2.6589,0,0,0,0
450,1,0,0,1,0,1,0.9468,0.9863,0.4136,0.751,881.5,335.5,875.0,334.5,1003.5,679.0,933.0,720.0,6.5765,81.5552,12.4011,0,0,0,0
451,1,0,0,0,0,1,0.8892,0.9814,0.1327,0.4905,887.5,341.5,906.5,343.0,982.0,699.0,992.0,720.0,19.0591,23.2594,1.2204,0,0,0,0
452,1,0,0,0,0,1,0.8955,0.9658,0.1401,0.303,885.0,319.5,955.5,353.5,1029.0,658.5,1057.0,720.0,78.2704,67.574,0.8633,0,0,0,0
453,1,0,0,0,0,1,0.9072,0.9692,0.1761,0.3586,882.5,321.0,958.5,352.0,1021.5,670.0,1048.0,720.0,82.0792,56.5884,0.6894,0,0,0,0
454,1,0,0,0,0,1,0.9053,0.9766,0.1619,0.3906,862.5,320.5,1024.0,359.0,927.0,670.0,1108.0,712.5,166.0256,185.9227,1.1198,0,0,0,0
455,1,0,0,0,0,1,0.9146,0.9771,0.1727,0.3926,866.0,317.0,1021.5,357.5,1004.5,672.5,1127.0,704.0,160.6876,126.4852,0.7871,0,0,0,0
456,1,0,0,0,0,1,0.9824,0.9868,0.387,0.3428,874.0,316.5,1102.0,362.5,818.0,673.5,1140.0,720.0,232.5941,325.3402,1.3987,0,0,0,0
457,1,0,0,0,0,1,0.9849,0.9868,0.4045,0.3125,879.0,313.0,1100.0,360.5,837.0,653.5,1140.0,720.0,226.047,310.2116,1.3723,0,0,0,0
458,1,0,0,0,0,1,0.9917,0.9775,0.5361,0.166,857.5,332.5,1156.0,365.5,812.0,702.0,1174.0,717.0,300.3186,362.3106,1.2064,0,0,0,0
459,1,0,0,0,0,1,0.9932,0.9834,0.6021,0.2273,861.0,336.5,1174.0,363.0,792.5,720.0,1174.0,715.5,314.1198,381.5265,1.2146,0,0,0,0
460,1,0,0,0,0,1,0.9937,0.981,0.6104,0.2119,864.0,335.5,1175.0,359.5,792.0,720.0,1160.0,703.0,311.9247,368.3925,1.181,0,0,0,0
461,1,0,0,0,0,1,0.9946,0.98,0.6265,0.1958,871.5,335.0,1178.0,357.0,779.0,720.0,1160.0,707.5,307.2885,381.205,1.2405,0,0,0,0
462,1,0,0,0,0,1,0.9961,0.9844,0.6875,0.2542,877.5,325.0,1167.0,353.0,792.0,720.0,1154.0,715.0,290.8509,362.0345,1.2447,0,0,0,0
463,1,0,0,0,0,1,0.9941,0.9771,0.6484,0.2084,873.0,336.0,1178.0,348.5,796.0,720.0,1153.0,696.5,305.256,357.7726,1.172,0,0,0,0
464,1,0,0,0,0,1,0.9946,0.981,0.6641,0.2438,870.5,336.0,1177.0,352.0,793.0,720.0,1156.0,694.0,306.9173,363.9299,1.1858,0,0,0,0
465,1,0,0,0,0,1,0.9946,0.9844,0.6143,0.2832,885.0,333.5,1152.0,345.0,833.5,720.0,1134.0,703.0,267.2475,300.9805,1.1262,0,0,0,0
466,1,0,0,0,0,1,0.9941,0.9814,0.6948,0.3035,892.0,333.0,1157.0,344.5,801.0,720.0,1154.0,707.5,265.2494,353.2212,1.3317,0,0,0,0
467,1,0,0,0,0,1,0.9941,0.9761,0.6841,0.3796,899.5,333.5,1128.0,322.5,856.5,708.5,1113.0,637.5,228.7646,266.1452,1.1634,0,0,0,0
468,1,0,0,0,0,1,0.9941,0.9785,0.6763,0.3889,897.0,333.0,1131.0,326.0,854.0,716.0,1114.0,644.0,234.1047,269.7851,1.1524,0,0,0,0
469,1,0,0,0,0,1,0.9932,0.9565,0.6074,0.226,900.0,330.0,1103.0,323.0,886.5,706.0,1032.0,665.0,203.1207,151.1663,0.7442,0,0,0,0
470,1,0,0,0,0,1,0.981,0.9268,0.3948,0.1599,895.0,331.5,1075.0,319.5,890.0,695.0,961.5,685.0,180.3996,72.1959,0.4002,0,0,0,0
471,1,0,0,0,0,1,0.9932,0.9497,0.6011,0.1757,892.0,329.0,1087.0,320.5,880.5,719.0,976.5,670.5,195.1852,107.5558,0.551,0,0,0,0
472,1,0,0,0,0,1,0.9922,0.9385,0.6689,0.2222,878.5,329.0,1055.0,323.5,892.5,720.0,949.0,689.0,176.5857,64.4457,0.365,0,0,0,0
473,1,0,0,0,0,1,0.9917,0.9312,0.6523,0.2061,882.0,329.0,1054.0,323.0,892.0,720.0,954.5,677.0,172.1046,75.8634,0.4408,0,0,0,0
474,1,0,0,0,0,1,0.9927,0.9136,0.6533,0.1479,868.0,325.0,1020.5,317.0,879.0,720.0,931.0,689.0,152.7097,60.5392,0.3964,0,0,0,0
475,1,0,0,0,0,1,0.9902,0.9155,0.603,0.1757,870.5,330.5,1018.5,320.0,888.5,720.0,924.5,683.0,148.372,51.6236,0.3479,0,0,0,0
476,1,0,0,0,0,1,0.9932,0.9082,0.6836,0.162,852.5,328.5,996.0,319.5,864.0,720.0,913.0,703.0,143.782,51.8652,0.3607,0,0,0,0
477,1,0,0,0,0,1,0.9937,0.9038,0.6909,0.1537,851.5,330.0,996.0,319.5,862.0,720.0,927.5,697.0,144.881,69.4208,0.4792,0,0,0,0
478,1,0,0,0,0,1,0.9873,0.8462,0.4739,0.0885,830.0,338.5,968.0,319.5,813.5,720.0,871.0,672.5,139.3018,74.5822,0.5354,0,0,0,0
479,1,0,0,0,0,1,0.9854,0.8521,0.4739,0.097,830.5,339.5,970.5,318.0,826.0,720.0,876.0,659.5,141.6413,78.4873,0.5541,0,0,0,0
480,1,0,0,0,0,1,0.9941,0.9102,0.6719,0.1317,802.5,332.5,951.0,315.5,785.0,720.0,842.5,690.0,149.4699,64.8556,0.4339,0,0,0,0
481,1,0,0,0,0,1,0.9927,0.916,0.6318,0.1393,787.5,332.0,916.0,314.5,744.5,720.0,791.0,694.5,129.6862,53.033,0.4089,0,0,0,0
482,1,0,0,0,0,1,0.9932,0.9229,0.6665,0.1711,780.5,334.0,914.0,319.0,731.0,720.0,785.5,686.5,134.3401,63.9727,0.4762,0,0,0,0
483,1,0,0,0,0,1,0.9912,0.9106,0.7158,0.1492,761.0,327.0,901.0,318.0,690.0,717.0,724.5,699.5,140.289,38.6846,0.2757,0,0,0,0
484,1,0,0,0,0,1,0.9912,0.9092,0.7192,0.1487,761.0,323.0,906.0,315.0,689.0,716.0,729.5,702.0,145.2205,42.8515,0.2951,0,0,0,0
485,1,0,0,0,0,1,0.9956,0.937,0.6953,0.1475,730.0,334.0,873.5,317.0,626.5,720.0,720.5,663.0,144.5035,109.9318,0.7608,0,0,0,0
486,1,0,0,0,0,1,0.9956,0.9404,0.7021,0.1678,731.5,329.0,874.5,310.5,639.5,704.0,708.5,659.0,144.1917,82.3772,0.5713,0,0,0,0
487,1,0,0,0,0,1,0.9951,0.9238,0.7505,0.1615,711.0,333.5,845.5,319.0,578.0,704.0,643.0,682.0,135.2793,68.6222,0.5073,0,0,0,0
488,1,0,0,0,0,1,0.9932,0.9375,0.7212,0.21,683.5,342.0,816.0,319.0,540.5,690.0,594.5,654.0,134.4814,64.8999,0.4826,0,0,0,0
489,1,0,0,0,0,1,0.9927,0.9253,0.7153,0.1743,682.5,341.5,816.0,318.5,536.5,691.0,595.0,652.5,135.4668,70.0321,0.517,0,0,0,0
490,1,0,0,0,0,1,0.9951,0.9331,0.7397,0.1735,653.0,348.0,788.0,328.0,489.0,712.5,557.0,659.0,136.4734,86.5231,0.634,0,0,0,0
491,1,0,0,0,0,1,0.9829,0.916,0.5742,0.1921,662.0,352.0,786.0,331.0,489.0,708.5,558.5,665.5,125.7657,81.7267,0.6498,0,0,0,0
492,1,0,0,0,1,1,0.9932,0.9463,0.7798,0.3054,632.0,362.5,749.0,336.0,465.0,683.0,536.5,631.5,119.9635,88.1164,0.7345,0,0,0,0
493,1,0,0,0,0,1,0.9971,0.9604,0.8296,0.3059,630.0,356.5,743.5,332.5,462.75,695.5,544.0,628.5,116.0097,105.3117,0.9078,0,0,0,0
494,1,0,0,0,0,1,0.9946,0.9448,0.6543,0.1843,597.0,366.0,716.5,339.5,450.5,695.0,522.5,618.0,122.403,105.4182,0.8612,0,0,0,0
495,1,0,0,0,0,1,0.9951,0.9478,0.8452,0.2864,557.0,361.0,680.0,343.0,424.75,691.0,477.75,667.5,124.3101,57.9763,0.4664,0,0,0,0
496,1,0,0,0,1,1,0.9951,0.9478,0.7544,0.269,563.0,361.0,666.0,341.0,427.0,682.0,481.5,642.0,104.9238,67.6036,0.6443,0,0,0,0
497,1,0,0,0,1,1,0.9951,0.937,0.8091,0.2325,527.0,349.0,648.0,335.5,417.75,688.5,459.75,641.0,121.7508,63.4054,0.5208,0,0,0,0
498,1,0,0,0,1,1,0.9946,0.9336,0.8096,0.2294,526.5,349.0,647.5,337.0,416.75,687.5,464.5,646.0,121.5936,63.2638,0.5203,0,0,0,0
499,1,0,0,0,0,1,0.9927,0.9395,0.7256,0.2681,506.25,344.0,607.0,331.5,410.5,693.5,441.25,663.5,101.5225,42.96,0.4232,0,0,0,0
500,1,0,0,0,0,1,0.9932,0.9434,0.7183,0.2649,503.75,345.5,609.0,334.5,406.5,699.0,434.25,667.0,105.8233,42.3564,0.4003,0,0,0,0
501,1,0,0,0,0,1,0.9946,0.9253,0.8169,0.2391,474.0,347.5,578.0,336.0,399.5,710.5,412.0,669.0,104.6339,43.3417,0.4142,0,0,0,0
502,1,0,0,0,0,1,0.9941,0.9287,0.7964,0.2384,473.25,346.0,574.0,336.0,403.5,709.0,415.5,675.0,101.2451,36.0555,0.3561,0,0,0,0
503,1,0,0,0,0,1,0.9912,0.9116,0.7012,0.2198,453.0,342.0,552.0,330.0,399.5,699.0,407.5,662.0,99.7246,37.855,0.3796,0,0,0,0
504,1,0,0,0,0,1,0.9946,0.9028,0.8008,0.1934,430.5,334.0,532.5,315.0,379.0,705.0,404.0,649.5,103.7545,60.8708,0.5867,0,0,0,0
505,1,0,0,0,0,1,0.9897,0.9097,0.7114,0.2571,429.5,336.5,529.0,319.5,390.0,701.0,413.0,655.0,100.9418,51.4296,0.5095,0,0,0,0
506,1,0,0,0,0,1,0.9912,0.9116,0.6489,0.1771,403.75,339.0,506.75,320.0,364.0,718.5,393.0,681.0,104.7378,47.4052,0.4526,0,0,0,0
507,1,0,0,0,0,1,0.9937,0.897,0.7695,0.1899,404.25,338.0,512.0,320.0,367.25,701.0,396.0,659.0,109.2431,50.8976,0.4659,0,0,0,0
508,1,0,0,0,0,1,0.9951,0.9326,0.7827,0.2269,375.75,334.5,495.75,319.0,343.5,701.0,400.75,653.0,120.9969,74.7099,0.6175,0,0,0,0
509,1,0,0,0,0,1,0.9922,0.9189,0.7427,0.1846,379.25,330.0,496.5,319.0,346.25,697.5,390.75,682.0,117.7649,47.1222,0.4001,0,0,0,0
510,1,0,0,0,0,1,0.9902,0.8945,0.5986,0.1572,350.0,345.5,475.5,320.5,315.5,710.0,433.0,640.0,127.9658,136.7708,1.0688,0,0,0,0
511,1,0,0,0,0,1,0.9912,0.917,0.6328,0.1952,349.5,345.0,474.25,320.5,312.5,704.5,434.25,630.0,127.1331,142.7351,1.1227,0,0,0,0
512,1,0,0,0,0,1,0.9907,0.9097,0.6333,0.1927,313.0,343.0,450.0,324.5,289.0,702.0,397.25,615.0,138.2434,138.8779,1.0046,0,0,0,0
513,1,0,0,0,0,1,0.9897,0.9185,0.6069,0.2139,311.0,345.5,450.0,327.0,283.5,707.0,408.75,618.0,140.2257,153.6508,1.0957,0,0,0,0
514,1,0,0,0,0,1,0.9902,0.958,0.5933,0.3035,276.75,355.5,432.75,335.0,248.875,711.0,405.0,624.5,157.3412,178.486,1.1344,0,0,0,0
515,1,0,0,0,0,1,0.9858,0.9438,0.5269,0.2969,281.0,355.5,431.0,334.5,251.25,707.0,394.25,619.0,151.4629,167.9077,1.1086,0,0,0,0
516,1,0,0,0,0,1,0.9883,0.9585,0.54,0.2949,228.0,366.5,414.25,345.0,201.875,707.0,379.25,617.0,187.4868,198.9017,1.0609,0,0,0,0
517,1,0,0,0,0,1,0.9741,0.9639,0.4348,0.3501,188.25,373.5,397.0,351.5,155.875,720.0,400.5,676.0,209.9061,248.5506,1.1841,0,0,0,0
518,1,0,0,1,0,1,0.981,0.98,0.4817,0.5264,188.75,366.0,389.75,349.5,154.625,710.5,381.0,665.0,201.6761,230.9023,1.1449,0,0,0,0
519,1,0,0,1,0,1,0.9922,0.9927,0.4688,0.5352,164.75,356.0,359.75,346.0,128.0,696.5,399.5,668.0,195.2562,272.9918,1.3981,0,0,0,0
520,1,0,0,1,0,1,0.9907,0.9897,0.4973,0.5103,158.0,353.0,367.5,346.0,128.75,704.0,411.0,688.0,209.6169,282.7031,1.3487,0,0,0,0
521,1,0,0,1,0,1,0.9941,0.9937,0.4873,0.5088,142.25,347.0,354.5,337.0,113.875,695.0,410.0,676.5,212.4854,296.7023,1.3963,0,0,0,0
522,1,0,0,1,0,1,0.9937,0.9932,0.4937,0.5024,144.25,346.0,356.0,340.0,114.0,694.0,410.5,686.0,211.835,296.6079,1.4002,0,0,0,0
523,1,0,0,1,1,1,0.9902,0.9941,0.4399,0.6177,138.25,340.0,335.0,331.0,120.5,681.0,406.5,676.0,196.9557,286.0437,1.4523,0,0,0,0
524,1,0,0,0,1,1,0.9839,0.9941,0.3606,0.6313,145.25,330.0,322.75,328.5,163.375,662.0,400.0,686.0,177.5063,237.839,1.3399,0,0,0,0
525,1,0,0,0,1,1,0.9839,0.9946,0.3872,0.6533,147.0,328.5,323.0,331.5,154.0,652.0,397.0,686.0,176.0256,245.3671,1.3939,0,0,0,0
526,1,0,0,0,0,1,0.9707,0.9956,0.301,0.7417,161.875,329.5,306.5,327.5,237.5,646.0,386.5,706.5,144.6388,160.8143,1.1118,0,0,0,0
527,1,0,0,0,1,1,0.9663,0.9946,0.3315,0.7593,153.25,331.0,305.0,326.5,216.625,629.5,376.25,685.0,151.8167,168.9982,1.1132,0,0,0,0
528,1,0,0,0,1,1,0.9492,0.9937,0.3176,0.7861,190.0,332.0,293.0,327.0,295.0,650.5,347.0,689.0,103.1213,64.7012,0.6274,0,0,0,0
529,1,0,0,0,1,1,0.9482,0.9941,0.3335,0.8047,189.25,332.0,292.75,327.0,289.75,652.0,344.0,687.5,103.6207,64.833,0.6257,0,0,0,0
530,1,0,0,0,0,1,0.9272,0.9932,0.3281,0.8169,203.0,324.0,295.0,324.0,294.75,642.0,326.75,699.5,92.0,65.8046,0.7153,0,0,0,0
531,1,0,0,0,0,1,0.9307,0.9937,0.2859,0.7983,222.5,327.5,300.25,326.0,287.5,660.5,318.0,708.0,77.7645,56.4491,0.7259,0,0,0,0
532,1,0,0,0,0,1,0.9204,0.9932,0.2505,0.7715,217.875,324.0,300.5,325.0,279.5,657.5,318.75,710.0,82.6311,65.5501,0.7933,0,0,0,0
533,1,0,0,0,0,1,0.9233,0.9907,0.2529,0.7383,268.0,333.0,292.75,331.0,321.75,670.5,322.5,713.0,24.8307,42.5066,1.7119,0,0,0,0
534,1,0,0,0,0,1,0.9219,0.9883,0.3225,0.7471,269.0,332.0,295.5,333.0,324.5,676.0,320.0,700.0,26.5189,24.4182,0.9208,0,0,0,0
535,1,0,0,1,0,1,0.9287,0.9917,0.4429,0.8589,290.75,336.0,316.5,331.5,372.5,607.5,329.5,714.0,26.1402,114.8532,4.3937,0,0,0,0
536,1,0,0,1,0,1,0.9312,0.9917,0.4319,0.8506,286.75,337.0,318.75,330.5,368.75,622.0,333.25,720.0,32.6535,104.2317,3.1921,0,0,0,0
537,1,0,0,0,0,1,0.9263,0.9932,0.3982,0.8545,306.0,328.5,340.75,331.5,388.5,610.0,363.25,713.0,34.8793,106.0498,3.0405,0,0,0,0
538,1,0,0,1,0,1,0.9209,0.9922,0.4043,0.855,305.75,331.0,338.5,332.0,386.25,614.5,360.5,709.5,32.7653,98.428,3.004,0,0,0,0
539,1,0,0,0,1,1,0.8896,0.9878,0.3083,0.8008,347.5,329.5,351.75,328.0,424.5,627.0,391.0,666.5,4.5069,51.7929,11.4918,0,0,0,0
540,1,0,0,0,1,1,0.8896,0.9893,0.2981,0.811,344.25,327.0,352.5,328.0,421.5,632.0,398.5,674.0,8.3104,47.8853,5.7621,0,0,0,0
541,1,0,0,0,1,1,0.8848,0.9883,0.3176,0.8213,362.5,329.0,383.25,331.5,436.5,632.5,434.5,688.0,20.9001,55.536,2.6572,0,0,0,0
542,1,0,0,1,0,1,0.9243,0.9907,0.4531,0.875,415.75,333.0,406.75,329.5,471.5,652.5,474.5,696.0,9.6566,43.6033,4.5154,0,0,0,0
543,1,0,0,1,1,1,0.9365,0.9907,0.5356,0.8838,408.0,333.5,409.5,330.0,464.0,642.0,474.5,684.0,3.8079,43.2926,11.3692,0,0,0,0
544,1,0,0,0,1,1,0.9209,0.9922,0.3977,0.8677,428.5,328.0,439.0,329.5,520.5,632.5,528.5,689.0,10.6066,57.0636,5.38,0,0,0,0
545,1,0,0,1,1,1,0.9224,0.9917,0.4597,0.875,432.0,328.0,438.0,329.0,511.25,623.0,526.5,679.0,6.0828,58.0393,9.5416,0,0,0,0
546,1,0,0,1,1,1,0.9136,0.9873,0.4839,0.8701,449.25,329.5,470.25,322.5,549.5,648.0,558.5,655.5,22.1359,11.7154,0.5292,0,0,0,0
547,1,0,0,1,1,1,0.9082,0.9868,0.499,0.8779,460.0,329.0,468.5,324.5,550.0,646.5,556.5,649.0,9.6177,6.9642,0.7241,0,0,0,0
548,1,0,0,0,1,1,0.9141,0.9902,0.3574,0.8525,471.5,327.0,499.25,323.5,590.5,644.5,596.5,659.0,27.9698,15.6924,0.561,0,0,0,0
549,1,0,0,0,1,1,0.9121,0.9902,0.3521,0.8496,471.25,327.0,500.5,324.0,591.0,646.0,598.5,660.5,29.4034,16.3248,0.5552,0,0,0,0
550,1,0,0,1,1,1,0.9189,0.9873,0.4712,0.8662,498.5,335.5,525.0,333.0,609.5,636.5,636.0,652.5,26.6177,30.9556,1.163,0,0,0,0
551,1,0,0,1,1,1,0.9263,0.9883,0.4739,0.8662,499.25,334.0,525.5,330.5,609.0,637.0,636.0,654.0,26.4823,31.9061,1.2048,0,0,0,0
552,1,0,0,0,1,1,0.9233,0.9912,0.3779,0.856,538.0,334.0,553.0,332.0,638.5,630.0,669.0,652.0,15.1327,37.6065,2.4851,0,0,0,0
553,1,0,0,1,1,1,0.9268,0.9888,0.519,0.8711,579.0,346.0,580.0,343.0,664.0,632.0,685.5,650.0,3.1623,28.0401,8.8671,0,0,0,0
554,1,0,0,1,1,1,0.9277,0.9888,0.4851,0.855,568.0,343.0,583.5,339.5,658.5,626.0,685.5,647.5,15.8902,34.5145,2.1721,0,0,0,0
555,1,0,0,1,1,1,0.9331,0.9912,0.4792,0.8745,621.5,347.5,613.0,345.0,696.5,638.0,716.0,666.0,8.86,34.1211,3.8511,0,0,0,0
556,1,0,0,1,1,1,0.9336,0.9917,0.4783,0.873,618.5,348.0,617.0,345.0,691.5,629.0,715.0,666.0,3.3541,43.8321,13.0682,0,0,0,0
557,1,0,0,1,1,1,0.9136,0.9868,0.4878,0.8647,647.5,350.0,652.0,354.0,715.0,646.0,738.0,669.0,6.0208,32.5269,5.4024,0,0,0,0
558,1,0,0,1,1,1,0.9214,0.9878,0.4805,0.8613,637.5,352.5,653.5,356.5,713.0,650.5,742.0,669.5,16.4924,34.6699,2.1022,0,0,0,0
559,1,0,0,1,1,1,0.9028,0.9849,0.4082,0.8423,686.5,349.0,677.5,353.0,761.0,660.5,766.5,682.0,9.8489,22.1923,2.2533,0,0,0,0
560,1,0,0,0,0,1,0.8584,0.9878,0.2847,0.8374,707.0,348.5,715.5,353.0,782.5,667.0,785.0,701.0,9.6177,34.0918,3.5447,0,0,0,0
561,1,0,0,0,0,1,0.8545,0.9883,0.3638,0.8857,707.0,346.5,720.5,349.5,773.5,667.0,777.0,702.0,13.8293,35.1746,2.5435,0,0,0,0
562,1,0,0,0,0,1,0.8369,0.9839,0.2637,0.8179,742.0,341.5,749.5,343.0,797.0,683.0,800.5,711.0,7.6485,28.2179,3.6893,0,0,0,0
563,1,0,0,0,0,1,0.875,0.9863,0.3748,0.8584,736.5,338.5,755.5,339.5,796.5,675.5,793.0,700.0,19.0263,24.7487,1.3008,0,0,0,0
564,1,0,0,0,0,1,0.8374,0.9878,0.3442,0.875,779.0,337.5,781.0,343.0,837.5,661.5,816.0,707.0,5.8523,50.324,8.5989,0,0,0,0
565,1,0,0,1,0,1,0.8726,0.9854,0.4004,0.8545,781.5,336.0,780.0,340.5,835.5,663.0,815.0,712.0,4.7434,53.1154,11.1977,0,0,0,0
566,1,0,0,0,0,1,0.874,0.9878,0.356,0.8491,809.0,335.0,812.5,339.0,856.5,664.5,835.0,705.0,5.3151,45.853,8.627,0,0,0,0
567,1,0,0,0,0,1,0.8745,0.9902,0.2927,0.8418,838.5,337.0,835.5,342.5,898.5,633.0,857.0,692.0,6.265,72.1336,11.5138,0,0,0,0
568,1,0,0,0,0,1,0.8682,0.9902,0.28,0.8403,835.5,334.0,836.5,340.0,887.0,649.0,860.5,702.0,6.0828,59.2558,9.7416,0,0,0,0
569,1,0,0,0,1,1,0.9077,0.9858,0.3945,0.8301,864.5,335.0,861.0,341.0,947.0,614.5,881.5,687.0,6.9462,97.7062,14.0661,0,0,0,0
570,1,0,0,1,0,1,0.9028,0.9805,0.4277,0.8076,852.5,333.0,870.0,341.0,917.5,628.5,872.5,690.0,19.2419,76.2053,3.9604,0,0,0,0
571,1,0,0,1,0,1,0.9438,0.9907,0.5908,0.8989,905.5,347.5,889.0,344.5,1036.0,581.5,915.0,694.0,16.7705,165.2188,9.8517,0,0,0,0
572,1,0,0,1,0,1,0.9419,0.9897,0.6128,0.9014,914.0,351.0,885.0,345.0,1036.0,581.0,912.5,697.0,29.6142,169.4351,5.7214,0,0,0,0
573,1,0,0,1,0,1,0.9556,0.9717,0.7202,0.8076,933.0,343.5,920.5,349.0,1057.0,586.0,931.0,714.0,13.6565,179.6107,13.152,0,0,0,0
574,1,0,0,1,0,1,0.9478,0.9678,0.6987,0.7974,930.5,345.5,921.0,351.0,1055.0,586.0,936.0,718.0,10.9772,177.7217,16.19,0,0,0,0
575,1,0,0,1,0,1,0.9473,0.9888,0.5317,0.8359,947.0,345.0,950.5,350.5,1062.0,585.0,1002.5,698.5,6.5192,128.1503,19.6574,0,0,0,0
576,1,0,0,1,0,1,0.9312,0.9805,0.4912,0.7837,975.5,350.5,980.5,359.0,1084.0,603.5,1058.0,704.0,9.8615,103.8087,10.5266,0,0,0,0
577,1,0,0,1,0,1,0.9263,0.9795,0.4956,0.791,972.5,352.0,979.5,360.0,1085.0,610.5,1049.0,705.0,10.6301,101.1249,9.513,0,0,0,0
578,1,0,0,1,0,1,0.9399,0.9917,0.4795,0.8643,991.0,358.0,1028.0,371.5,1106.0,610.5,1092.0,706.5,39.3859,97.0155,2.4632,0,0,0,0
579,1,0,0,1,0,1,0.916,0.9756,0.4895,0.7876,1001.5,362.0,1020.5,372.5,1101.0,620.5,1088.0,720.0,21.7083,100.3457,4.6225,0,0,0,0
580,1,0,0,0,0,1,0.8721,0.9873,0.2869,0.7959,1002.5,358.5,1066.0,363.5,1088.0,653.0,1155.0,701.0,63.6965,82.4197,1.2939,0,0,0,0
581,1,0,0,0,0,1,0.9072,0.9888,0.2805,0.7661,1006.0,359.5,1068.0,366.5,1115.0,652.0,1167.0,703.0,62.3939,72.8354,1.1673,0,0,0,0
582,1,0,0,0,1,1,0.9106,0.9805,0.3926,0.8022,1025.0,349.5,1109.0,358.0,1178.0,644.5,1207.0,669.5,84.429,38.2884,0.4535,0,0,0,0
583,1,0,0,0,1,1,0.9028,0.979,0.3696,0.791,1022.0,349.0,1107.0,357.5,1177.0,643.0,1209.0,673.0,85.4239,43.8634,0.5135,0,0,0,0
584,1,0,0,0,0,1,0.9341,0.9897,0.1859,0.6348,1040.0,348.0,1152.0,354.0,1162.0,632.5,1275.0,669.5,112.1606,118.9033,1.0601,0,0,0,0
585,1,0,0,0,0,1,0.9424,0.9912,0.1935,0.6313,1043.0,348.0,1153.0,355.5,1155.0,629.5,1274.0,670.5,110.2554,125.865,1.1416,0,0,0,0
586,1,0,0,1,0,1,0.9756,0.9888,0.4868,0.6982,1064.0,341.0,1186.0,349.5,1075.0,604.5,1280.0,638.5,122.2957,207.8004,1.6992,0,0,0,0
587,1,0,0,1,0,1,0.9785,0.9888,0.5078,0.687,1064.0,338.0,1189.0,348.5,1069.0,609.0,1280.0,641.0,125.4402,213.4127,1.7013,0,0,0,0
588,1,0,0,1,0,1,0.9902,0.981,0.6685,0.4885,1070.0,339.0,1235.0,352.5,1055.0,621.5,1272.0,636.0,165.5514,217.4839,1.3137,0,0,0,0
589,1,0,0,0,0,1,0.9917,0.9458,0.7314,0.2766,1080.0,345.0,1263.0,348.0,1049.0,629.5,1248.0,600.5,183.0246,201.102,1.0988,0,0,0,0
590,1,0,0,0,0,1,0.9927,0.9546,0.7432,0.3064,1079.0,345.0,1261.0,350.5,1051.0,627.0,1251.0,595.0,182.0831,202.5438,1.1124,0,0,0,0
591,1,0,0,0,0,1,0.9912,0.8916,0.7358,0.1499,1090.0,345.5,1280.0,352.0,1045.0,628.5,1223.0,609.0,190.1112,179.0649,0.9419,0,0,0,0
592,1,0,0,0,0,1,0.9937,0.895,0.7964,0.1615,1092.0,346.0,1280.0,350.0,1040.0,624.0,1236.0,603.5,188.0425,197.0692,1.048,0,0,0,0
593,1,0,0,0,0,1,0.9932,0.8379,0.7661,0.0927,1099.0,344.0,1280.0,344.5,1041.0,637.5,1199.0,603.0,181.0007,161.7228,0.8935,0,0,0,0
594,1,0,0,0,0,1,0.9932,0.8418,0.7788,0.0981,1100.0,344.0,1280.0,345.5,1044.0,633.5,1182.0,606.5,180.0062,140.6165,0.7812,0,0,0,0
595,1,0,0,0,0,1,0.9917,0.812,0.749,0.0901,1107.0,341.0,1280.0,340.0,1054.0,643.5,1190.0,594.0,173.0029,144.7282,0.8366,0,0,0,0
596,1,0,0,0,0,1,0.9863,0.8096,0.7144,0.1458,1122.0,336.5,1280.0,339.0,1065.0,640.0,1198.0,599.0,158.0198,139.1761,0.8808,0,0,0,0
597,1,0,0,0,0,1,0.9863,0.8047,0.7188,0.1445,1123.0,335.0,1280.0,337.0,1065.0,641.0,1200.0,600.5,157.0127,140.9441,0.8977,0,0,0,0
598,1,0,0,0,0,1,0.9873,0.8428,0.728,0.1852,1125.0,334.0,1277.0,332.0,1066.0,638.0,1208.0,597.0,152.0132,147.8005,0.9723,0,0,0,0
599,1,0,0,0,0,1,0.9897,0.8408,0.7759,0.1858,1126.0,335.0,1275.0,340.0,1073.0,642.5,1196.0,600.0,149.0839,130.1355,0.8729,0,0,0,0
600,1,0,0,0,0,1,0.9858,0.8584,0.7061,0.2135,1121.0,335.0,1273.0,333.0,1068.0,644.5,1231.0,601.0,152.0132,168.7046,1.1098,0,0,0,0
601,1,0,0,0,0,1,0.9863,0.8438,0.7036,0.1882,1121.0,337.0,1273.0,334.5,1069.0,644.0,1221.0,600.0,152.0206,158.2403,1.0409,0,0,0,0
602,1,0,0,0,0,1,0.9912,0.8896,0.8032,0.292,1123.0,344.0,1260.0,339.0,1063.0,656.0,1215.0,596.0,137.0912,163.4136,1.192,0,0,0,0
603,1,0,0,0,1,1,0.9966,0.9517,0.8721,0.3574,1107.0,347.5,1236.0,340.5,1057.0,649.0,1216.0,617.0,129.1898,162.1882,1.2554,0,0,0,0
604,1,0,0,1,1,1,0.9893,0.9287,0.8066,0.4465,1118.0,341.0,1237.0,336.0,1060.0,635.0,1231.0,599.0,119.105,174.7484,1.4672,0,0,0,0
605,1,0,0,0,1,1,0.9971,0.9346,0.8848,0.26,1096.0,351.0,1211.0,346.0,1041.0,655.0,1106.0,621.0,115.1086,73.3553,0.6373,0,0,0,0
606,1,0,0,0,1,1,0.9966,0.9316,0.8735,0.2637,1097.0,350.5,1210.0,343.5,1041.0,658.0,1092.0,616.0,113.2166,66.0681,0.5836,0,0,0,0
607,1,0,0,0,1,1,0.9971,0.9175,0.9092,0.2827,1096.0,356.5,1192.0,352.5,1029.0,647.0,1071.0,611.5,96.0833,54.9932,0.5723,0,0,0,0
608,1,0,0,0,1,1,0.9971,0.9277,0.897,0.2363,1092.0,354.0,1197.0,345.5,1024.0,652.5,1068.0,623.0,105.3435,52.9741,0.5029,0,0,0,0
609,1,0,0,0,1,1,0.9966,0.9375,0.894,0.3645,1077.0,353.0,1173.0,344.0,1018.0,632.0,1054.0,601.5,96.421,47.1832,0.4893,0,0,0,0
610,1,0,0,0,1,1,0.9966,0.9316,0.9097,0.3406,1080.0,360.5,1175.0,356.5,1015.5,632.0,1048.0,616.5,95.0842,36.0069,0.3787,0,0,0,0
611,1,0,0,0,1,1,0.9917,0.9082,0.8608,0.2864,1069.0,351.0,1159.0,342.0,980.0,630.0,1023.0,606.0,90.4489,49.2443,0.5444,0,0,0,0
612,1,0,0,0,1,1,0.9976,0.8867,0.9453,0.2556,1064.0,351.0,1155.0,343.0,987.0,620.5,1035.0,594.0,91.351,54.8293,0.6002,0,0,0,0
613,1,0,0,0,1,1,0.9971,0.9038,0.9375,0.3105,1048.0,352.0,1131.0,342.5,964.5,602.0,996.5,578.5,83.5419,39.702,0.4752,0,0,0,0
614,1,0,0,0,1,1,0.9941,0.9092,0.9106,0.3423,1038.0,348.0,1123.0,341.0,946.0,575.0,1085.0,593.0,85.2877,140.1606,1.6434,0,0,0,0
615,1,0,0,0,1,1,0.9941,0.9014,0.9072,0.321,1038.0,348.0,1118.0,338.5,947.5,575.5,1010.5,574.0,80.5621,63.0179,0.7822,0,0,0,0
616,1,0,0,0,1,1,0.9976,0.9033,0.9468,0.3171,1021.0,355.5,1083.0,347.5,908.0,578.5,952.5,564.5,62.514,46.6503,0.7462,0,0,0,0
617,1,0,0,0,1,1,0.9976,0.9043,0.9531,0.324,1022.0,357.0,1085.0,346.0,908.0,577.5,955.5,564.0,63.9531,49.3812,0.7721,0,0,0,0
618,1,0,0,0,1,1,0.9946,0.917,0.9194,0.3704,1003.5,358.0,1066.0,345.0,884.0,583.5,952.0,561.0,63.8377,71.6258,1.122,0,0,0,0
619,1,0,0,0,1,1,0.998,0.8843,0.9585,0.2773,1003.0,354.0,1067.0,343.0,883.5,582.0,964.0,560.0,64.9384,83.4521,1.2851,0,0,0,0
620,1,0,0,0,1,1,0.9971,0.8716,0.9521,0.28,987.5,357.0,1033.0,349.0,869.0,583.5,919.5,569.5,46.1979,52.4047,1.1344,0,0,0,0
621,1,0,0,0,1,1,0.9971,0.8726,0.9424,0.2629,986.5,358.0,1040.0,351.0,869.5,582.0,921.0,570.5,53.956,52.7684,0.978,0,0,0,0
622,1,0,0,0,1,1,0.9971,0.8555,0.9414,0.2424,959.5,363.0,1013.5,354.0,863.0,582.0,906.5,571.0,54.7449,44.8693,0.8196,0,0,0,0
623,1,0,0,0,1,1,0.9971,0.8589,0.9399,0.2449,959.0,364.0,1015.0,355.0,865.5,581.5,908.0,566.5,56.7186,45.0694,0.7946,0,0,0,0
624,1,0,0,0,1,1,0.9932,0.8975,0.9102,0.3257,942.0,369.0,988.5,357.0,847.0,604.0,877.5,590.5,48.0234,33.3542,0.6945,0,0,0,0
625,1,0,0,0,1,1,0.9922,0.8159,0.8765,0.2152,916.5,361.0,950.5,353.0,845.0,607.5,863.5,579.5,34.9285,33.5596,0.9608,0,0,0,0
626,1,0,0,0,1,1,0.9902,0.8354,0.8613,0.2343,917.0,360.5,951.0,352.0,847.5,602.5,866.0,580.5,35.0464,28.7446,0.8202,0,0,0,0
627,1,0,0,0,1,1,0.9863,0.7744,0.8408,0.2026,896.0,354.0,915.5,345.0,849.5,611.5,853.0,588.0,21.4767,23.7592,1.1063,0,0,0,0
628,1,0,0,0,1,1,0.9873,0.7744,0.8486,0.2023,896.0,353.5,916.5,345.5,850.0,607.5,857.0,581.5,22.0057,26.9258,1.2236,0,0,0,0
629,1,0,0,0,1,1,0.9937,0.8032,0.8887,0.1876,871.5,350.5,890.5,341.0,847.0,610.5,851.5,577.5,21.2426,33.3054,1.5679,0,0,0,0
630,1,0,0,0,1,1,0.9937,0.7993,0.8896,0.1879,870.5,351.5,888.5,342.5,849.5,606.5,848.0,579.5,20.1246,27.0416,1.3437,0,0,0,0
631,1,0,0,0,1,1,0.9849,0.771,0.8203,0.1964,852.0,346.5,857.0,338.0,841.5,618.0,830.5,598.0,9.8615,22.8254,2.3146,0,0,0,0
632,1,0,0,0,1,1,0.9888,0.7612,0.8765,0.2175,834.0,347.0,827.0,335.5,834.0,611.0,776.5,580.0,13.4629,65.3242,4.8522,0,0,0,0
633,1,0,0,0,1,1,0.9893,0.751,0.877,0.2222,830.5,349.0,830.5,335.5,831.0,605.0,774.0,571.5,13.5,66.1154,4.8974,0,0,0,0
634,1,0,0,0,1,1,0.9912,0.8413,0.8965,0.2974,820.0,347.0,800.0,334.5,825.5,614.0,750.0,572.0,23.585,86.3959,3.6632,0,0,0,0
635,1,0,0,0,1,1,0.9902,0.8369,0.8716,0.2622,821.0,349.0,805.0,338.0,827.5,617.0,761.5,589.5,19.4165,71.5,3.6824,0,0,0,0
636,1,0,0,1,1,1,0.9951,0.8853,0.9541,0.447,793.0,351.5,781.0,338.0,807.0,613.5,709.0,529.0,18.0624,129.3996,7.164,0,0,0,0
637,1,0,0,1,1,1,0.9961,0.8862,0.9561,0.4231,792.5,350.0,785.5,338.0,809.0,615.5,712.0,531.0,13.8924,128.6439,9.26,0,0,0,0
638,1,0,0,1,1,1,0.9932,0.9092,0.9497,0.54,772.0,351.0,748.0,340.0,794.0,610.0,681.5,530.5,26.4008,137.7552,5.2179,0,0,0,0
639,1,0,0,1,1,1,0.9966,0.894,0.9551,0.4348,744.5,351.0,727.5,345.0,769.0,618.5,664.5,527.0,18.0278,138.8974,7.7046,0,0,0,0
640,1,0,0,1,1,1,0.9961,0.9019,0.9536,0.4731,748.0,349.5,726.5,341.5,767.0,617.5,661.5,520.0,22.9401,143.6541,6.2621,0,0,0,0
641,1,0,0,1,1,1,0.9961,0.873,0.9575,0.4058,717.0,357.5,705.0,344.0,735.0,628.0,645.5,543.5,18.0624,123.0874,6.8146,0,0,0,0
642,1,0,0,1,1,1,0.9961,0.8877,0.96,0.4521,719.5,357.5,704.0,342.0,736.0,625.5,646.0,535.0,21.9203,127.6333,5.8226,0,0,0,0
643,1,0,0,0,1,1,0.9956,0.8521,0.9385,0.343,689.0,363.5,681.5,347.5,703.5,637.5,624.5,570.0,17.6706,103.9098,5.8804,0,0,0,0
644,1,0,0,0,1,1,0.9956,0.8599,0.9443,0.3792,690.5,363.0,683.0,347.0,700.5,635.0,626.0,564.0,17.6706,102.9138,5.824,0,0,0,0
645,1,0,0,0,1,1,0.9839,0.6934,0.8389,0.178,658.0,365.5,663.0,355.0,660.5,645.0,630.0,620.0,11.6297,39.4367,3.391,0,0,0,0
646,1,0,0,0,1,1,0.9849,0.7622,0.8247,0.1942,661.0,360.5,659.0,350.5,663.5,648.5,613.0,622.0,10.198,57.0307,5.5923,0,0,0,0
647,1,0,0,0,1,1,0.978,0.6362,0.7905,0.1453,633.0,362.5,634.5,350.0,608.0,641.0,574.5,605.0,12.5897,49.1757,3.906,0,0,0,0
648,1,0,0,0,1,1,0.9873,0.6436,0.8623,0.1497,627.0,363.0,635.5,349.0,610.0,641.5,573.0,608.0,16.3783,49.9124,3.0475,0,0,0,0
649,1,0,0,0,1,1,0.9834,0.6772,0.8745,0.201,601.0,358.0,608.0,345.0,566.0,635.0,541.5,596.5,14.7648,45.6344,3.0908,0,0,0,0
650,1,0,0,0,1,1,0.9839,0.667,0.8691,0.1882,571.0,353.0,601.5,336.5,506.75,615.5,502.25,577.0,34.6771,38.7621,1.1178,0,0,0,0
651,1,0,0,0,1,1,0.9863,0.7197,0.8818,0.2175,571.0,350.5,601.5,337.0,511.5,612.0,502.5,575.5,33.3542,37.5932,1.1271,0,0,0,0
652,1,0,0,0,1,1,0.9883,0.6616,0.8833,0.1746,550.0,348.5,567.5,330.0,474.0,573.5,489.0,488.0,25.4657,86.8058,3.4087,0,0,0,0
653,1,0,0,0,1,1,0.9883,0.7041,0.9097,0.2242,547.5,352.5,573.0,330.0,470.5,577.0,485.5,488.5,34.0074,89.7622,2.6395,0,0,0,0
654,1,0,0,0,1,1,0.9902,0.855,0.8711,0.2776,520.5,338.0,561.0,328.0,457.75,557.5,476.25,521.0,41.7163,40.9207,0.9809,0,0,0,0
655,1,0,0,0,1,1,0.9893,0.8618,0.8618,0.2856,520.0,338.0,555.0,331.0,444.75,561.5,459.75,544.5,35.6931,22.6716,0.6352,0,0,0,0
656,1,0,0,0,1,1,0.9966,0.8892,0.9409,0.3291,491.75,343.5,559.0,332.0,396.0,561.0,451.5,537.5,68.2262,60.2702,0.8834,0,0,0,0
657,1,0,0,0,1,1,0.9971,0.8901,0.9482,0.3325,492.0,344.0,560.0,333.5,395.0,558.5,447.75,536.0,68.8059,57.3482,0.8335,0,0,0,0
658,1,0,0,0,1,1,0.9956,0.9019,0.9199,0.3262,472.5,336.5,540.5,334.0,366.0,547.0,455.25,528.5,68.0459,91.1472,1.3395,0,0,0,0
659,1,0,0,0,1,1,0.9966,0.915,0.9443,0.377,473.75,341.5,542.0,335.0,358.75,552.5,448.0,522.5,68.5588,94.1571,1.3734,0,0,0,0
660,1,0,0,1,1,1,0.9961,0.9321,0.938,0.4268,449.25,339.5,522.0,338.5,339.0,538.0,495.75,571.5,72.7569,160.2898,2.2031,0,0,0,0
661,1,0,0,1,1,1,0.9966,0.9253,0.9517,0.4475,428.75,347.0,506.5,343.0,311.5,551.0,512.5,567.5,77.8528,201.6761,2.5905,0,0,0,0
662,1,0,0,1,1,1,0.9966,0.937,0.9536,0.4817,429.5,347.5,503.25,342.0,311.25,550.0,519.0,573.0,73.9548,209.0193,2.8263,0,0,0,0
663,1,0,0,1,1,1,0.9956,0.9375,0.9448,0.5171,409.75,352.0,487.0,350.0,293.5,555.0,474.5,553.0,77.2759,181.011,2.3424,0,0,0,0
664,1,0,0,1,1,1,0.9966,0.9258,0.9521,0.4668,411.0,350.0,486.5,347.0,293.0,556.5,477.5,553.5,75.5596,184.5244,2.4421,0,0,0,0
665,1,0,0,0,1,1,0.9956,0.8901,0.9204,0.2986,394.25,351.0,463.0,344.5,286.0,564.0,362.25,531.0,69.0566,83.0847,1.2031,0,0,0,0
666,1,0,0,0,1,1,0.9956,0.8818,0.9219,0.29,393.0,350.0,460.0,344.5,290.0,564.0,344.25,538.5,67.2254,59.9442,0.8917,0,0,0,0
667,1,0,0,0,1,1,0.9961,0.8267,0.9453,0.2307,377.0,355.0,442.5,342.5,277.75,582.0,340.0,531.0,66.6821,80.474,1.2068,0,0,0,0
668,1,0,0,0,1,1,0.9878,0.8599,0.833,0.2769,357.5,348.0,422.5,337.0,280.0,588.0,326.25,513.0,65.9242,88.1139,1.3366,0,0,0,0
669,1,0,0,0,1,1,0.9883,0.8628,0.8247,0.2578,357.5,349.5,422.5,339.5,280.0,586.5,327.0,522.0,65.7647,79.8076,1.2135,0,0,0,0
670,1,0,0,0,1,1,0.9868,0.8682,0.8403,0.3066,344.0,349.5,396.0,339.5,278.25,588.0,308.75,541.0,52.9528,56.029,1.0581,0,0,0,0
671,1,0,0,0,1,1,0.9922,0.8647,0.8872,0.3,344.5,349.0,395.75,340.0,279.75,590.5,311.25,546.0,52.0342,54.5206,1.0478,0,0,0,0
672,1,0,0,0,1,1,0.9902,0.8667,0.8618,0.304,324.0,345.5,393.75,337.5,269.0,591.5,311.75,537.5,70.2073,68.8735,0.981,0,0,0,0
673,1,0,0,0,1,1,0.9893,0.8481,0.8579,0.2908,325.5,346.5,390.5,336.0,267.75,593.5,301.25,534.0,65.8426,68.2825,1.0371,0,0,0,0
674,1,0,0,0,1,1,0.9873,0.8862,0.8145,0.3362,301.5,351.0,390.0,340.0,249.125,600.5,293.0,533.0,89.181,80.5063,0.9027,0,0,0,0
675,1,0,0,1,1,1,0.9917,0.9414,0.8677,0.4709,272.25,353.5,392.25,340.0,244.75,589.0,340.0,525.5,120.757,114.4763,0.948,0,0,0,0
676,1,0,0,1,1,1,0.9922,0.9399,0.8813,0.4749,274.25,352.0,392.0,338.0,245.25,584.0,344.0,516.5,118.5794,119.6153,1.0087,0,0,0,0
677,1,0,0,1,1,1,0.9785,0.9492,0.7432,0.5283,253.0,349.0,380.5,342.0,224.25,595.0,346.75,528.0,127.692,139.6254,1.0935,0,0,0,0
678,1,0,0,1,1,1,0.981,0.9502,0.7598,0.5225,254.25,351.0,381.25,344.5,222.5,597.0,340.0,535.0,127.1662,132.8542,1.0447,0,0,0,0
679,1,0,0,1,1,1,0.978,0.9741,0.6704,0.6582,233.0,348.5,373.75,341.5,205.0,589.0,348.0,518.5,140.924,159.4342,1.1313,0,0,0,0
680,1,0,0,1,1,1,0.9741,0.9639,0.6943,0.6152,235.75,346.0,370.0,341.5,202.875,588.0,351.0,523.0,134.3254,161.7591,1.2042,0,0,0,0
681,1,0,0,1,1,1,0.9795,0.9746,0.7114,0.6567,221.875,344.0,357.5,342.0,187.875,576.0,339.75,541.0,135.6397,155.8558,1.149,0,0,0,0
682,1,0,0,1,1,1,0.9814,0.9761,0.7612,0.6924,220.25,346.0,362.0,344.0,189.625,573.0,337.5,537.5,141.7641,152.0765,1.0727,0,0,0,0
683,1,0,0,1,1,1,0.9824,0.9839,0.6694,0.7212,211.5,343.0,344.5,341.0,180.25,574.5,343.5,552.0,133.015,164.7932,1.2389,0,0,0,0
684,1,0,0,1,1,1,0.9858,0.9849,0.6982,0.7158,210.125,343.0,347.5,341.0,181.0,572.0,346.25,547.5,137.3896,167.0563,1.2159,0,0,0,0
685,1,0,0,1,1,1,0.9829,0.9854,0.6733,0.7378,207.25,343.0,333.5,341.0,176.125,570.5,355.5,561.5,126.2658,179.6006,1.4224,0,0,0,0
686,1,0,0,1,1,1,0.9897,0.9907,0.7778,0.7998,198.0,344.0,326.25,345.5,155.25,561.0,370.5,557.0,128.2588,215.2872,1.6785,0,0,0,0
687,1,0,0,1,1,1,0.9888,0.9897,0.7168,0.7798,201.5,345.5,322.75,341.5,166.875,570.0,366.5,555.0,121.316,200.1878,1.6501,0,0,0,0
688,1,0,0,1,1,1,0.9883,0.9932,0.709,0.8062,196.25,344.0,320.25,345.5,168.625,573.0,379.5,568.5,124.0091,210.923,1.7009,0,0,0,0
689,1,0,0,1,1,1,0.9883,0.9922,0.7178,0.8022,197.0,344.0,318.5,345.0,166.625,575.0,378.0,566.0,121.5041,211.5665,1.7412,0,0,0,0
690,1,0,0,0,1,1,0.9688,0.9932,0.3801,0.7793,201.125,345.5,309.5,341.5,220.75,565.5,370.0,567.5,108.4488,149.2634,1.3763,0,0,0,0
691,1,0,0,0,1,1,0.9727,0.9937,0.3772,0.7715,199.5,346.0,310.5,341.5,212.625,569.5,371.0,568.0,111.0912,158.3821,1.4257,0,0,0,0
692,1,0,0,0,1,1,0.9653,0.9941,0.3438,0.7817,209.25,341.5,308.25,340.0,236.625,526.5,363.0,562.0,99.0114,131.2665,1.3258,0,0,0,0
693,1,0,0,0,1,1,0.9673,0.9941,0.3486,0.7837,206.25,340.0,307.0,338.5,240.125,527.0,364.75,566.0,100.7612,130.5848,1.296,0,0,0,0
694,1,0,0,0,1,1,0.9414,0.9912,0.2344,0.7324,219.5,343.0,300.75,341.0,268.25,574.5,361.5,572.5,81.2746,93.2714,1.1476,0,0,0,0
695,1,0,0,0,1,1,0.9512,0.9932,0.2605,0.7598,218.625,344.5,301.25,340.0,253.25,562.5,359.5,568.0,82.7475,106.3923,1.2857,0,0,0,0
696,1,0,0,0,1,1,0.9624,0.9951,0.3484,0.8247,232.5,342.0,304.75,342.0,258.0,554.5,353.0,563.5,72.25,95.4254,1.3208,0,0,0,0
697,1,0,0,1,1,1,0.9448,0.9956,0.5029,0.918,252.5,338.0,309.5,343.5,264.0,550.0,344.75,567.5,57.2647,82.6245,1.4429,0,0,0,0
698,1,0,0,1,1,1,0.9419,0.9951,0.4961,0.9136,250.5,338.5,310.75,343.0,242.875,552.0,347.0,566.5,60.4178,105.1298,1.74,0,0,0,0
699,1,0,0,1,1,1,0.9233,0.9946,0.4236,0.8984,274.5,341.0,311.75,349.0,287.25,548.5,344.5,568.5,38.0994,60.6429,1.5917,0,0,0,0
700,1,0,0,1,1,1,0.9238,0.9946,0.4238,0.8984,277.5,340.0,311.5,346.0,306.75,548.5,345.0,570.0,34.5254,43.8784,1.2709,0,0,0,0
701,1,0,0,1,1,1,0.9106,0.9941,0.4624,0.917,304.75,346.5,322.5,350.0,364.5,544.0,354.75,568.5,18.0918,26.3688,1.4575,0,0,0,0
702,1,0,0,1,1,1,0.9629,0.9956,0.5283,0.895,304.75,341.0,324.25,351.5,356.25,538.5,354.75,563.5,22.1472,25.045,1.1308,0,0,0,0
703,1,0,0,1,1,1,0.9126,0.9917,0.646,0.9478,336.5,345.5,330.25,354.5,383.25,528.5,373.5,560.0,10.9573,32.9744,3.0094,0,0,0,0
704,1,0,0,1,1,1,0.8794,0.9902,0.5015,0.9224,346.5,347.5,356.0,356.5,402.5,535.0,394.0,552.0,13.0863,19.0066,1.4524,0,0,0,0
705,1,0,0,1,1,1,0.8608,0.9858,0.5288,0.9194,347.75,343.0,353.5,357.0,395.75,529.5,398.75,553.0,15.1348,23.6907,1.5653,0,0,0,0
706,1,0,0,0,1,1,0.9204,0.9917,0.3086,0.8203,361.75,347.0,381.0,360.5,419.25,538.0,428.75,566.5,23.512,30.0416,1.2777,0,0,0,0
707,1,0,0,0,1,1,0.9126,0.9907,0.3037,0.8179,363.25,348.0,381.25,360.0,420.0,535.0,425.75,565.0,21.6333,30.5461,1.412,0,0,0,0
708,1,0,0,1,1,1,0.8716,0.9893,0.4382,0.8979,386.75,347.0,399.75,355.5,450.0,549.0,452.5,566.0,15.5322,17.1828,1.1063,0,0,0,0
709,1,0,0,1,1,1,0.9019,0.9902,0.4568,0.8882,386.0,343.5,399.5,357.0,439.5,550.0,452.5,565.5,19.0919,20.2299,1.0596,0,0,0,0
710,1,0,0,0,1,1,0.875,0.9829,0.3386,0.8281,410.0,338.5,415.75,350.0,475.25,525.5,474.5,545.0,12.8574,19.5144,1.5178,0,0,0,0
711,1,0,0,0,1,1,0.915,0.9858,0.397,0.8389,420.0,339.5,440.5,347.5,501.0,534.0,524.0,542.0,22.0057,24.3516,1.1066,0,0,0,0
712,1,0,0,1,1,1,0.918,0.9863,0.4355,0.8594,422.75,339.0,439.5,347.0,503.5,535.5,522.5,544.0,18.5624,20.8147,1.1213,0,0,0,0
713,1,0,0,1,1,1,0.9272,0.9927,0.4685,0.9131,437.25,335.0,458.25,343.0,474.5,536.0,549.0,528.0,22.4722,74.9283,3.3343,0,0,0,0
714,1,0,0,1,1,1,0.9502,0.9917,0.6514,0.9282,437.75,335.5,458.25,343.5,475.25,526.0,543.5,517.5,22.0057,68.7773,3.1254,0,0,0,0
715,1,0,0,1,1,1,0.9004,0.981,0.4697,0.8691,456.75,336.0,472.5,342.5,532.0,516.0,571.5,521.0,17.0386,39.8152,2.3368,0,0,0,0
716,1,0,0,1,1,1,0.9023,0.9814,0.4746,0.8716,457.5,336.5,471.5,342.0,535.0,516.0,573.0,520.0,15.0416,38.2099,2.5403,0,0,0,0
717,1,0,0,1,1,1,0.9038,0.9829,0.4839,0.8862,480.0,340.0,486.5,342.5,550.5,534.0,600.5,525.5,6.9642,50.7174,7.2826,0,0,0,0
718,1,0,0,1,1,1,0.9004,0.9829,0.4719,0.8823,480.25,337.5,487.75,342.5,552.5,528.0,600.5,526.5,9.0139,48.0234,5.3277,0,0,0,0
719,1,0,0,1,1,1,0.9077,0.9854,0.4636,0.8848,488.0,345.0,510.75,347.0,546.5,538.0,613.0,525.0,22.8377,67.7588,2.967,0,0,0,0
720,1,0,0,1,1,1,0.8999,0.9839,0.437,0.8716,488.0,342.5,512.5,346.5,536.5,526.0,616.0,525.0,24.8244,79.5063,3.2027,0,0,0,0
721,1,0,0,1,1,1,0.9194,0.9873,0.5361,0.9043,507.0,346.5,529.0,351.0,514.0,547.0,628.0,529.0,22.4555,115.4123,5.1396,0,0,0,0
722,1,0,0,1,1,1,0.8804,0.9795,0.4106,0.8496,531.5,346.5,544.5,352.0,593.0,533.0,636.0,542.5,14.1156,44.0369,3.1197,0,0,0,0
723,1,0,0,1,1,1,0.8828,0.9805,0.4287,0.8647,534.0,348.0,543.0,352.5,592.5,543.5,636.0,543.0,10.0623,43.5029,4.3234,0,0,0,0
724,1,0,0,1,1,1,0.9287,0.9912,0.5352,0.9087,551.5,345.5,567.0,355.5,587.0,541.0,638.0,556.0,18.4459,53.1601,2.882,0,0,0,0
725,1,0,0,0,1,1,0.9033,0.9844,0.3811,0.834,547.5,347.5,565.5,355.5,589.5,542.0,637.5,552.0,19.6977,49.0306,2.4892,0,0,0,0
726,1,0,0,0,1,1,0.8911,0.9844,0.3796,0.8486,579.5,344.0,581.5,350.5,624.0,543.0,635.0,553.5,6.8007,15.2069,2.2361,0,0,0,0
727,1,0,0,0,1,1,0.8818,0.9829,0.3525,0.833,581.0,343.5,581.5,351.0,621.0,541.0,633.0,552.5,7.5166,16.6208,2.2112,0,0,0,0
728,1,0,0,0,1,1,0.8926,0.9863,0.3865,0.8643,604.0,341.0,593.5,348.0,647.5,542.0,634.0,555.0,12.6194,18.7417,1.4851,0,0,0,0
729,1,0,0,0,1,1,0.8872,0.9858,0.3713,0.856,602.5,342.5,596.0,349.0,648.0,544.0,634.0,555.0,9.1924,17.8045,1.9369,0,0,0,0
730,1,0,0,0,1,1,0.8833,0.9819,0.342,0.8179,616.0,340.5,609.0,346.0,660.0,550.0,640.0,562.0,8.9022,23.3238,2.62,0,0,0,0
731,1,0,0,0,1,1,0.8818,0.9819,0.3506,0.8276,618.5,340.5,608.5,346.5,658.0,542.5,639.0,559.0,11.6619,25.1645,2.1578,0,0,0,0
732,1,0,0,0,1,1,0.9204,0.9888,0.3701,0.835,633.5,341.0,626.0,349.0,674.5,544.0,642.5,562.0,10.9659,36.7151,3.3481,0,0,0,0
733,1,0,0,1,1,1,0.877,0.9902,0.5674,0.9414,663.5,343.0,634.0,351.5,700.5,539.0,651.0,559.5,30.7002,53.577,1.7452,0,0,0,0
734,1,0,0,1,1,1,0.8901,0.9907,0.6006,0.9468,664.0,343.5,634.5,350.0,697.0,540.5,648.5,558.0,30.2076,51.5606,1.7069,0,0,0,0
735,1,0,0,1,1,1,0.938,0.9893,0.6475,0.9282,673.0,343.0,651.5,349.5,713.5,497.0,653.0,565.0,22.4611,91.0179,4.0522,0,0,0,0
736,1,0,0,1,1,1,0.9487,0.9912,0.6416,0.9253,673.0,344.5,654.0,349.5,717.0,497.0,653.5,566.5,19.6469,94.1409,4.7916,0,0,0,0
737,1,0,0,1,1,1,0.9585,0.9902,0.6479,0.8921,688.5,346.0,668.5,355.5,749.5,498.0,664.5,571.0,22.1416,112.0446,5.0604,0,0,0,0
738,1,0,0,1,1,1,0.9531,0.9888,0.6777,0.9053,691.0,347.5,663.0,356.0,749.0,498.5,664.5,570.5,29.2617,111.0146,3.7938,0,0,0,0
739,1,0,0,1,1,1,0.9043,0.9888,0.7769,0.9663,714.0,350.0,680.0,353.0,776.0,508.5,691.0,568.5,34.1321,104.0433,3.0483,0,0,0,0
740,1,0,0,1,1,1,0.9521,0.9917,0.7275,0.9458,723.5,349.0,707.5,358.0,785.0,505.0,713.0,575.0,18.3576,100.4191,5.4702,0,0,0,0
741,1,0,0,1,1,1,0.9565,0.9932,0.6831,0.9346,719.0,350.0,706.0,359.0,786.0,506.5,715.5,579.0,15.8114,101.1262,6.3958,0,0,0,0
742,1,0,0,1,1,1,0.9463,0.9941,0.6978,0.9507,738.5,356.5,726.0,361.5,804.0,513.0,740.5,580.0,13.4629,92.3106,6.8567,0,0,0,0
743,1,0,0,1,1,1,0.9346,0.9951,0.6562,0.9575,740.0,361.0,726.5,362.0,800.0,514.5,740.5,580.5,13.537,88.8608,6.5643,0,0,0,0
744,1,0,0,1,1,1,0.9497,0.9951,0.606,0.9409,751.0,357.0,747.5,365.5,812.0,522.0,761.5,580.0,9.1924,76.9042,8.3661,0,0,0,0
745,1,0,0,1,1,1,0.9409,0.9941,0.6748,0.9531,751.0,356.5,748.0,364.0,813.5,524.5,770.5,576.0,8.0777,67.0914,8.3057,0,0,0,0
746,1,0,0,1,1,1,0.9048,0.9927,0.4871,0.9224,778.5,355.5,766.5,365.0,832.5,542.5,808.0,583.5,15.3052,47.7624,3.1207,0,0,0,0
747,1,0,0,1,1,1,0.9214,0.9897,0.4778,0.8765,782.0,349.5,795.0,358.0,835.5,556.5,842.0,578.0,15.5322,22.4611,1.4461,0,0,0,0
748,1,0,0,1,1,1,0.9077,0.9927,0.4841,0.918,784.5,352.0,794.5,358.5,840.0,559.0,834.0,582.0,11.9269,23.7697,1.993,0,0,0,0
749,1,0,0,0,1,1,0.8882,0.9868,0.2483,0.7773,793.5,347.5,813.0,357.0,856.0,543.0,870.5,564.0,21.691,25.5196,1.1765,0,0,0,0
750,1,0,0,0,1,1,0.8726,0.9795,0.2673,0.748,797.0,349.5,813.0,357.0,859.0,541.5,868.0,561.5,17.6706,21.9317,1.2411,0,0,0,0
751,1,0,0,0,1,1,0.8843,0.9819,0.243,0.7368,802.5,347.0,835.0,352.0,868.0,547.0,893.0,558.0,32.8824,27.313,0.8306,0,0,0,0
752,1,0,0,0,1,1,0.8926,0.9834,0.25,0.7446,803.0,350.0,835.0,354.5,865.0,545.0,896.0,558.5,32.3149,33.812,1.0463,0,0,0,0
753,1,0,0,0,1,1,0.9121,0.9854,0.2834,0.7642,802.5,346.0,856.0,349.5,815.5,549.0,913.5,545.5,53.6144,98.0625,1.829,0,0,0,0
754,1,0,0,0,1,1,0.9106,0.9863,0.28,0.7759,804.0,345.0,856.5,348.0,822.0,551.0,917.0,547.0,52.5856,95.0842,1.8082,0,0,0,0
755,1,0,0,1,1,1,0.9756,0.9912,0.5908,0.832,806.5,345.5,876.0,348.0,799.5,545.0,940.0,538.5,69.5449,140.6503,2.0224,0,0,0,0
756,1,0,0,1,1,1,0.978,0.9902,0.625,0.8262,809.5,345.5,877.5,348.5,799.0,543.0,934.5,537.0,68.0661,135.6328,1.9927,0,0,0,0
757,1,0,0,1,1,1,0.9805,0.9917,0.7393,0.8789,809.0,346.0,897.0,349.5,797.5,533.5,968.0,537.0,88.0696,170.5359,1.9364,0,0,0,0
758,1,0,0,1,1,1,0.9575,0.9839,0.7783,0.8848,813.5,345.5,911.5,354.0,793.5,533.5,965.5,535.0,98.3679,172.0065,1.7486,0,0,0,0
759,1,0,0,1,1,1,0.9536,0.9854,0.7642,0.897,811.0,344.0,911.0,352.0,793.0,531.5,964.5,537.0,100.3195,171.5882,1.7104,0,0,0,0
760,1,0,0,1,1,1,0.9741,0.979,0.7334,0.8003,819.0,349.0,928.0,349.5,797.0,538.0,971.0,538.5,109.0011,174.0007,1.5963,0,0,0,0
761,1,0,0,1,1,1,0.9741,0.9814,0.7124,0.8062,818.0,349.0,928.0,350.0,798.0,539.0,971.5,538.0,110.0045,173.5029,1.5772,0,0,0,0
762,1,0,0,1,1,1,0.9849,0.9795,0.79,0.7603,823.0,352.5,943.0,348.0,804.0,544.0,961.5,533.5,120.0843,157.8496,1.3145,0,0,0,0
763,1,0,0,1,1,1,0.9829,0.9692,0.8208,0.6982,825.5,353.0,941.0,347.0,803.0,535.0,966.0,533.0,115.6557,163.0123,1.4095,0,0,0,0
764,1,0,0,1,1,1,0.9912,0.9771,0.8447,0.6958,825.0,350.0,945.5,348.0,799.5,539.0,955.0,531.0,120.5166,155.7057,1.292,0,0,0,0
765,1,0,0,1,1,1,0.9902,0.979,0.8213,0.7163,822.5,351.5,945.0,347.0,802.0,542.5,958.5,533.0,122.5826,156.7881,1.279,0,0,0,0
766,1,0,0,1,1,1,0.9917,0.9741,0.8604,0.6489,826.0,352.0,939.5,348.0,799.5,536.5,948.0,533.0,113.5705,148.5412,1.3079,0,0,0,0
767,1,0,0,1,1,1,0.9937,0.978,0.8594,0.6772,826.0,353.0,941.0,349.0,801.5,543.5,943.5,532.0,115.0695,142.4649,1.2381,0,0,0,0
768,1,0,0,1,1,1,0.9912,0.9648,0.855,0.5933,824.5,353.5,932.0,346.5,796.5,538.5,916.0,491.0,107.7277,128.5943,1.1937,0,0,0,0
769,1,0,0,1,1,1,0.9937,0.9678,0.8813,0.583,829.5,351.0,920.0,345.5,795.0,544.0,908.0,524.5,90.667,114.6702,1.2647,0,0,0,0
770,1,0,0,1,1,1,0.9932,0.9609,0.8779,0.5454,829.0,350.5,920.5,346.5,794.0,542.0,906.0,522.0,91.5874,113.7717,1.2422,0,0,0,0
771,1,0,0,1,1,1,0.9971,0.9556,0.9429,0.5352,825.5,355.5,912.5,347.0,791.5,548.5,886.0,513.0,87.4142,100.948,1.1548,0,0,0,0
772,1,0,0,1,1,1,0.9961,0.9526,0.9204,0.562,830.5,353.5,913.5,346.0,797.0,553.5,881.0,517.0,83.3382,91.5874,1.099,0,0,0,0
773,1,0,0,1,1,1,0.9961,0.9434,0.9092,0.4453,823.0,352.5,899.0,346.5,794.5,557.0,876.0,524.0,76.2365,87.9275,1.1534,0,0,0,0
774,1,0,0,1,1,1,0.9956,0.9424,0.9097,0.4531,822.0,352.0,899.0,345.5,798.0,556.0,878.5,526.0,77.2739,85.9084,1.1117,0,0,0,0
775,1,0,0,1,1,1,0.9956,0.939,0.9077,0.4255,821.0,349.5,889.5,340.5,793.0,556.5,874.0,518.5,69.0887,89.4707,1.295,0,0,0,0
776,1,0,0,1,1,1,0.9961,0.9282,0.917,0.4155,814.0,348.5,883.0,338.5,791.5,550.5,859.0,516.5,69.7209,75.5794,1.084,0,0,0,0
777,1,0,0,0,1,1,0.9951,0.9268,0.9014,0.3889,815.0,347.0,883.0,338.0,792.5,552.0,864.5,513.0,68.593,81.8841,1.1938,0,0,0,0
778,1,0,0,0,1,1,0.9956,0.9287,0.9111,0.3853,811.0,347.0,880.5,338.0,789.0,548.5,864.0,520.5,70.0803,80.0562,1.1423,0,0,0,0
779,1,0,0,0,1,1,0.9961,0.9307,0.9136,0.3713,809.5,347.0,881.5,338.0,791.0,550.0,860.5,524.0,72.5603,74.2041,1.0227,0,0,0,0
780,1,0,0,0,1,1,0.9951,0.9146,0.8901,0.3188,804.5,347.5,871.5,339.0,785.5,548.5,846.0,522.0,67.537,66.0492,0.978,0,0,0,0
781,1,0,0,0,1,1,0.9956,0.9185,0.8945,0.3232,803.5,347.5,872.0,339.5,785.5,551.0,847.0,528.0,68.9656,65.6601,0.9521,0,0,0,0
782,1,0,0,0,1,1,0.9927,0.8882,0.8638,0.3101,797.0,350.0,861.5,344.5,775.5,549.0,825.5,524.0,64.7341,55.9017,0.8636,0,0,0,0
783,1,0,0,0,1,1,0.9941,0.8896,0.8901,0.2908,790.5,352.0,849.0,346.5,770.5,557.5,821.0,537.5,58.758,54.3162,0.9244,0,0,0,0
784,1,0,0,0,1,1,0.9941,0.8857,0.8901,0.2944,791.5,351.5,845.5,346.5,770.5,558.0,820.5,537.5,54.231,54.0393,0.9965,0,0,0,0
785,1,0,0,1,1,1,0.9951,0.8711,0.9585,0.4287,784.0,352.0,832.5,346.0,760.5,549.5,808.0,527.0,48.8697,52.5595,1.0755,0,0,0,0
786,1,0,0,1,1,1,0.9946,0.8584,0.9561,0.4131,785.0,350.0,829.5,345.0,761.0,550.5,801.0,531.0,44.78,44.5,0.9937,0,0,0,0
787,1,0,0,1,1,1,0.9922,0.8799,0.9478,0.4739,778.5,356.5,815.5,346.0,751.5,545.5,790.5,521.5,38.461,45.793,1.1906,0,0,0,0
788,1,0,0,1,1,1,0.9941,0.8481,0.9526,0.4084,775.5,356.5,816.0,349.0,752.0,548.0,789.5,530.5,41.1886,41.3824,1.0047,0,0,0,0
789,1,0,0,0,1,1,0.9966,0.8013,0.9629,0.2852,768.0,357.0,808.0,349.0,744.5,554.0,769.5,534.0,40.7922,32.0156,0.7848,0,0,0,0
790,1,0,0,0,1,1,0.9971,0.8237,0.9683,0.3147,767.0,359.0,807.5,350.5,743.5,552.5,778.0,539.5,41.3824,36.868,0.8909,0,0,0,0
791,1,0,0,0,1,1,0.9937,0.8267,0.9482,0.3889,757.5,366.5,790.5,356.0,718.0,552.0,749.5,530.0,34.6302,38.422,1.1095,0,0,0,0
792,1,0,0,0,1,1,0.9941,0.8359,0.9468,0.3936,757.0,368.5,792.5,354.5,718.5,554.0,751.0,529.5,38.1608,40.7001,1.0665,0,0,0,0
793,1,0,0,0,1,1,0.9961,0.8301,0.9629,0.3801,742.0,366.5,772.0,358.0,700.0,555.5,728.5,536.0,31.1809,34.5326,1.1075,0,0,0,0
794,1,0,0,1,1,1,0.9951,0.855,0.9746,0.4778,727.0,368.0,753.5,357.0,675.0,537.5,697.5,531.5,28.6923,23.2863,0.8116,0,0,0,0
795,1,0,0,1,1,1,0.9951,0.8496,0.9712,0.4915,727.0,368.0,748.0,359.0,672.0,536.0,695.0,522.5,22.8473,26.6693,1.1673,0,0,0,0
796,1,0,0,0,1,1,0.9922,0.7485,0.8901,0.1711,713.0,356.0,738.0,353.0,661.0,523.0,690.5,512.0,25.1794,31.4841,1.2504,0,0,0,0
797,1,0,0,0,1,1,0.9927,0.7695,0.9058,0.1991,713.0,357.0,738.0,353.0,660.5,524.5,686.5,511.0,25.318,29.2959,1.1571,0,0,0,0
798,1,0,0,0,1,1,0.9946,0.8428,0.9204,0.2637,692.0,353.0,728.0,349.0,637.5,514.0,659.0,501.0,36.2215,25.1247,0.6936,0,0,0,0
799,1,0,0,0,1,1,0.9941,0.8438,0.9136,0.262,693.0,353.0,726.5,349.0,638.0,512.0,657.0,503.5,33.738,20.8147,0.617,0,0,0,0
800,1,0,0,0,1,1,0.9961,0.9082,0.9458,0.3806,675.5,354.0,719.0,343.5,612.0,509.0,640.0,498.0,44.7493,30.0832,0.6723,0,0,0,0
801,1,0,0,0,1,1,0.9956,0.8979,0.9463,0.3704,678.0,352.0,719.0,343.0,614.0,507.5,639.5,498.0,41.9762,27.2121,0.6483,0,0,0,0
802,1,0,0,0,1,1,0.9956,0.8813,0.9526,0.3601,665.5,351.0,703.0,343.0,598.0,504.5,623.0,497.5,38.3438,25.9615,0.6771,0,0,0,0
803,1,0,0,0,1,1,0.9956,0.8931,0.9385,0.3367,658.0,348.0,687.0,342.0,585.5,499.0,601.0,497.5,29.6142,15.5724,0.5258,0,0,0,0
804,1,0,0,1,1,1,0.9937,0.9028,0.9492,0.4417,659.0,347.5,691.5,339.0,583.0,498.0,604.5,489.5,33.5932,23.1193,0.6882,0,0,0,0
805,1,0,0,0,1,1,0.9976,0.8965,0.9507,0.3125,648.5,345.5,681.5,341.0,579.0,499.5,602.0,492.5,33.3054,24.0416,0.7219,0,0,0,0
806,1,0,0,0,1,1,0.9966,0.8857,0.9438,0.3018,648.5,345.5,679.5,341.5,578.5,498.5,596.5,491.0,31.257,19.5,0.6239,0,0,0,0
807,1,0,0,0,1,1,0.9961,0.8608,0.9385,0.2805,636.0,345.0,667.5,342.0,575.0,503.5,595.0,497.0,31.6425,21.0297,0.6646,0,0,0,0
808,1,0,0,0,1,1,0.9961,0.8657,0.9316,0.2717,638.0,347.0,664.5,343.5,576.0,507.0,594.0,499.0,26.7301,19.6977,0.7369,0,0,0,0
809,1,0,0,0,1,1,0.9946,0.8457,0.9214,0.251,627.0,349.0,654.0,343.5,578.5,511.5,588.0,504.0,27.5545,12.1037,0.4393,0,0,0,0
810,1,0,0,0,1,1,0.9932,0.8193,0.9028,0.2252,619.5,351.0,637.0,347.0,582.5,524.5,581.0,513.5,17.9513,11.1018,0.6184,0,0,0,0
811,1,0,0,0,1,1,0.9932,0.8159,0.9028,0.2242,620.0,350.5,639.0,346.0,579.0,523.0,581.0,516.5,19.5256,6.8007,0.3483,0,0,0,0
812,1,0,0,1,1,1,0.9937,0.8779,0.9448,0.4028,610.5,352.0,628.0,343.0,579.0,527.5,576.5,516.0,19.6787,11.7686,0.598,0,0,0,0
813,1,0,0,0,1,1,0.9941,0.8721,0.9443,0.3718,609.5,353.0,627.0,344.0,579.0,531.0,572.0,518.5,19.6787,14.3265,0.728,0,0,0,0
814,1,0,0,0,1,1,0.9907,0.8525,0.8931,0.3066,599.5,357.0,614.0,348.5,581.0,543.0,564.0,528.0,16.8077,22.6716,1.3489,0,0,0,0
815,1,0,0,0,1,1,0.9907,0.8569,0.9053,0.3408,601.0,355.5,611.5,347.0,582.0,540.0,560.0,523.5,13.5093,27.5,2.0356,0,0,0,0
816,1,0,0,1,1,1,0.9937,0.895,0.9312,0.4426,587.0,356.5,606.0,350.5,579.0,556.0,539.5,508.5,19.9249,61.7778,3.1005,0,0,0,0
817,1,0,0,0,1,1,0.9902,0.8604,0.9062,0.3911,578.5,355.0,593.5,349.5,573.5,559.5,528.5,515.0,15.9765,63.287,3.9612,0,0,0,0
818,1,0,0,1,1,1,0.9912,0.8745,0.9072,0.4075,578.0,354.5,594.5,349.0,577.0,554.0,531.5,513.0,17.3925,61.2474,3.5215,0,0,0,0
819,1,0,0,0,1,1,0.9897,0.8101,0.9185,0.324,562.5,357.0,573.0,349.0,556.0,551.0,520.5,525.0,13.2004,44.0028,3.3335,0,0,0,0
820,1,0,0,1,1,1,0.9907,0.8354,0.9487,0.4336,561.0,357.0,581.0,349.5,551.0,548.5,525.0,521.0,21.36,37.8451,1.7718,0,0,0,0
821,1,0,0,0,1,1,0.981,0.7285,0.8638,0.2559,548.5,355.5,577.0,345.0,546.5,552.5,547.5,532.5,30.3727,20.025,0.6593,0,0,0,0
822,1,0,0,0,1,1,0.9819,0.7124,0.9136,0.3064,549.0,354.0,578.5,343.5,544.5,548.5,557.5,522.0,31.3129,29.5169,0.9426,0,0,0,0
823,1,0,0,0,1,1,0.9746,0.7231,0.895,0.3462,529.5,352.0,583.5,348.0,511.0,540.0,538.0,519.0,54.1479,34.2053,0.6317,0,0,0,0
824,1,0,0,0,1,1,0.9697,0.7183,0.8667,0.324,528.5,350.0,586.0,344.5,512.5,539.5,545.5,521.0,57.7624,37.8319,0.655,0,0,0,0
825,1,0,0,0,1,1,0.9766,0.8462,0.791,0.3506,511.75,353.5,581.0,345.5,494.75,546.5,552.0,528.0,69.7106,60.1649,0.8631,0,0,0,0
826,1,0,0,0,1,1,0.9761,0.834,0.7871,0.3323,513.0,352.0,582.0,344.5,493.5,546.5,550.0,522.0,69.4064,61.5833,0.8873,0,0,0,0
827,1,0,0,1,1,1,0.9766,0.8706,0.793,0.4211,499.75,354.5,581.0,344.0,482.5,548.0,548.0,513.5,81.9257,74.0304,0.9036,0,0,0,0
828,1,0,0,1,1,1,0.9756,0.9424,0.7983,0.6416,477.5,352.0,577.0,342.0,465.75,539.0,551.5,494.0,100.0012,96.8404,0.9684,0,0,0,0
829,1,0,0,1,1,1,0.9678,0.9517,0.6982,0.6528,477.5,353.5,575.0,343.0,465.25,539.0,549.5,505.0,98.0638,90.8519,0.9265,0,0,0,0
830,1,0,0,1,1,1,0.9766,0.9761,0.75,0.7666,464.5,352.5,569.5,347.0,455.75,540.0,576.0,515.0,105.1439,122.8213,1.1681,0,0,0,0
831,1,0,0,1,1,1,0.9761,0.9761,0.7529,0.7734,464.5,353.0,567.5,347.0,456.75,539.5,578.0,510.5,103.1746,124.6698,1.2083,0,0,0,0
832,1,0,0,1,1,1,0.9731,0.9805,0.6582,0.7759,460.25,351.0,565.0,345.5,451.75,535.5,585.5,524.5,104.8943,134.2016,1.2794,0,0,0,0
833,1,0,0,1,1,1,0.9785,0.9805,0.7554,0.7925,459.5,351.0,566.0,347.5,449.75,535.5,582.0,529.0,106.5575,132.4096,1.2426,0,0,0,0
834,1,0,0,1,1,1,0.979,0.9854,0.7002,0.812,458.25,349.5,563.5,345.5,443.5,531.0,593.0,521.5,105.326,149.8015,1.4223,0,0,0,0
835,1,0,0,1,1,1,0.9795,0.9858,0.7075,0.8179,458.0,349.0,563.5,345.0,444.5,529.0,592.0,519.5,105.5758,147.8056,1.4,0,0,0,0
836,1,0,0,1,1,1,0.9805,0.9863,0.6929,0.7983,461.5,346.0,567.5,346.0,445.75,530.0,599.0,531.0,106.0,153.2533,1.4458,0,0,0,0
837,1,0,0,1,1,1,0.9805,0.9873,0.6763,0.7969,461.5,346.5,568.5,345.0,444.5,530.0,596.0,528.0,107.0105,151.5132,1.4159,0,0,0,0
838,1,0,0,1,1,1,0.9849,0.9893,0.7188,0.8105,468.5,345.0,571.5,347.5,450.5,526.0,600.5,525.0,103.0303,150.0033,1.4559,0,0,0,0
839,1,0,0,1,1,1,0.9844,0.9883,0.7197,0.7964,475.0,342.5,576.0,349.0,457.0,523.0,607.0,530.0,101.2089,150.1632,1.4837,0,0,0,0
840,1,0,0,1,1,1,0.9814,0.9883,0.7017,0.8062,476.25,342.5,576.5,348.5,455.5,524.0,609.0,532.5,100.4294,153.7352,1.5308,0,0,0,0
841,1,0,0,1,1,1,0.9854,0.9907,0.7075,0.7974,486.5,341.0,586.0,351.0,462.75,518.5,617.5,537.0,100.0012,155.8519,1.5585,0,0,0,0
